Time	Precip	Canopy Stor. Change	Evapotrans	Snow Stor.Change	OL Stor.Change	OL Bou.Inflow	OL Bou.Outflow	OL->Ext.Sinks	OL->River/MOUSE	OL Drain Stor. Change	OL Drain->River/MOUSE	OL Drain->OL IN	OL Drain->OL OUT	Irrigation	SubSurf.Stor.Change	SubSurf.Bou.Inflow	SubSurf.Bou.Outflow	SubSurf->Ext.Sinks	Pumping	SZ Drain->River	SZ Drain->Ext.River	SZ Drain Inflow	SZ Drain Outflow	Baseflow to river	Baseflow from river	Error
2011-03-22 00:00:00	0	0	0	0	0	0	0	0	0	0	0	0	0	0	0	0	0	0	0	0	0	0	0	0	0	0
2011-03-23 00:00:00	0	-0.690767	1.33645	0	-0.346	-0.00413493	0.0155568	0	0.165048	0	0	0	0	0	-0.782878	-0.011512	0.0170966	0	0	0.0721391	0.0391553	0	0	0.136242	-0.015142	-0.068746
2011-03-24 00:00:00	0	-0.465092	1.54061	0	-0.416188	-0.0037428	0.0104261	0	0.101688	0	0	0	0	0	-0.777747	-0.0115048	0.0170728	0	0	0.0609297	0.0345662	0	0	0.135804	-0.0157573	0.211061
2011-03-25 00:00:00	0	-0.296886	1.13104	0	-0.336596	-0.00214046	0.00569366	0	0.0525179	0	0	0	0	0	-0.518143	-0.0114946	0.0170459	0	0	0.0507372	0.0298843	0	0	0.135762	-0.0143255	0.243097
2011-03-26 00:00:00	0	-0.222533	1.20611	0	-0.184963	-0.00195347	0.00510966	0	0.030567	0	0	0	0	0	-0.476954	-0.0114847	0.0170221	0	0	0.0436102	0.0265989	0	0	0.135291	-0.0135093	0.552913
2011-03-27 00:00:00	0	-0.0974058	1.1827	0	-0.296072	-0.00157658	0.00324878	0	0.0352336	0	0	0	0	0	-0.511823	-0.0114758	0.0169995	0	0	0.0378502	0.0239344	0	0	0.134698	-0.0133895	0.502919
2011-03-28 00:00:00	0	-0.0665737	1.26017	0	-0.186387	-0.000357538	0.00067492	0	0.00821306	0	0	0	0	0	-0.664522	-0.0114623	0.0169636	0	0	0.0314812	0.0210525	0	0	0.134206	-0.0126548	0.530804
2011-03-29 00:00:00	-1.00903	0.049048	1.22692	0	0.0275173	-0.00140789	0.00635614	0	0.0220045	0	0	0	0	0	-0.0073429	-0.0114562	0.0169453	0	0	0.0287463	0.0199276	0	0	0.133367	-0.011988	0.489604
2011-03-30 00:00:00	-3.54929	0.460342	1.38468	0	0.394039	-0.00420077	0.0209244	0	0.0948989	0	0	0	0	0	0.896911	-0.0114543	0.016937	0	0	0.0292132	0.0199343	0	0	0.132763	-0.0120332	-0.126329
2011-03-31 00:00:00	-6.69068	0.222041	1.47112	0	0.950843	-0.0122797	0.0495289	0	0.362586	0	0	0	0	0	2.43933	-0.0114642	0.0169579	0	0	0.034138	0.022045	0	0	0.131945	-0.0152897	-1.02918
2011-04-01 00:00:00	-0.663832	-0.453002	1.67489	0	-0.402193	-0.00465885	0.017878	0	0.237814	0	0	0	0	0	-0.391	-0.0114613	0.0169522	0	0	0.0356487	0.0227395	0	0	0.131818	-0.0167662	0.194829
2011-04-02 00:00:00	-2.17773	0.254	1.64999	0	0.152765	-0.00361161	0.0150331	0	0.085007	0	0	0	0	0	-0.0060845	-0.01145	0.0169265	0	0	0.0325175	0.02135	0	0	0.132222	-0.0138238	0.147111
2011-04-03 00:00:00	0	-0.432624	1.4019	0	-0.408756	-0.00348982	0.0143372	0	0.123211	0	0	0	0	0	-0.375033	-0.0114431	0.0169105	0	0	0.0305148	0.0205782	0	0	0.131467	-0.0139999	0.493576
2011-04-04 00:00:00	-2.16393	0.365699	1.47545	0	0.177065	-0.00238615	0.00762739	0	0.0460421	0	0	0	0	0	0.133518	-0.0114309	0.0168859	0	0	0.0271823	0.0193113	0	0	0.130986	-0.0129382	0.20908
2011-04-05 00:00:00	-10.1841	0.646868	1.87443	0	1.02297	-0.0257538	0.11524	0	1.00401	0	0	0	0	0	3.90253	-0.0114338	0.0169393	0	0	0.036203	0.0223909	0	0	0.129004	-0.0190274	-1.4697
2011-04-06 00:00:00	-12.2467	0.0927349	1.97851	0	0.480528	-0.0554162	0.208192	0	2.46823	0	0	0	0	0	5.00214	-0.0114589	0.0170428	0	0	0.0559109	0.0300225	0	0	0.126331	-0.0339428	-1.88786
2011-04-07 00:00:00	0	-0.705086	1.65705	0	-0.939191	-0.0136039	0.0415803	0	0.821985	0	0	0	0	0	-0.981697	-0.0114637	0.0170592	0	0	0.0597084	0.0316156	0	0	0.131375	-0.0255323	0.0838017
2011-04-08 00:00:00	0	-0.26516	1.6205	0	-0.283137	-0.00546856	0.0136432	0	0.121195	0	0	0	0	0	-0.973754	-0.0114582	0.0170334	0	0	0.0509314	0.0281618	0	0	0.135349	-0.0163205	0.431515
2011-04-09 00:00:00	0	-0.246138	2.46434	0	-0.849789	-0.00153091	0.00287782	0	0.0456043	0	0	0	0	0	-1.2164	-0.011441	0.0170034	0	0	0.0403414	0.0235875	0	0	0.135823	-0.0145433	0.389732
2011-04-10 00:00:00	0	0	2.05338	0	-0.712179	-7.91528E-06	4.37882E-05	0	0.00577277	0	0	0	0	0	-0.844504	-0.0114268	0.0169678	0	0	0.0318062	0.0201287	0	0	0.135676	-0.0124086	0.683249
2011-04-11 00:00:00	-0.976969	0	1.67282	0	0.0706854	0	6.25821E-05	0	0.00235632	0	0	0	0	0	-0.445962	-0.0114188	0.0169496	0	0	0.0279066	0.018687	0	0	0.134852	-0.0116995	0.498274
2011-04-12 00:00:00	-0.196148	0	1.46326	0	3.01788E-05	-0.000563377	0.00242244	0	0.00848555	0	0	0	0	0	-0.565261	-0.0114117	0.0169339	0	0	0.0255586	0.01777	0	0	0.13359	-0.0113813	0.883289
2011-04-13 00:00:00	-0.0854547	0	1.55816	0	-0.19559	-2.17482E-05	0.000139712	0	0.00435552	0	0	0	0	0	-0.66806	-0.011396	0.0169	0	0	0.0213666	0.0161633	0	0	0.132801	-0.0111833	0.778176
2011-04-14 00:00:00	-0.05998	0	1.68573	0	-0.174299	0	0	0	0.000980547	0	0	0	0	0	-0.589444	-0.0113766	0.0168604	0	0	0.0176275	0.0147058	0	0	0.131962	-0.0109716	1.0218
2011-04-15 00:00:00	-0.608349	0	1.6489	0	0.0162077	0	0.00016189	0	0.000535122	0	0	0	0	0	-0.478284	-0.0113627	0.016835	0	0	0.01565	0.0139125	0	0	0.130766	-0.0107686	0.734204
2011-04-16 00:00:00	0	0	1.59518	0	-0.0537632	0	8.96832E-05	0	0.000350905	0	0	0	0	0	-0.605783	-0.0113467	0.0167976	0	0	0.0137271	0.0130807	0	0	0.129627	-0.0106237	1.08734
2011-04-17 00:00:00	0	0	1.73623	0	-0.048831	0	7.39925E-05	0	0.000189398	0	0	0	0	0	-0.632471	-0.0113291	0.0167728	0	0	0.0118681	0.0122478	0	0	0.128379	-0.0104667	1.20266
2011-04-18 00:00:00	0	0	2.11886	0	-0.06612	0	2.40171E-05	0	5.27765E-05	0	0	0	0	0	-0.813875	-0.0113089	0.0167355	0	0	0.0100304	0.0113251	0	0	0.126728	-0.0102787	1.38218
2011-04-19 00:00:00	-0.114545	0	2.06733	0	-0.032072	0	4.04257E-05	0	0	0	0	0	0	0	-0.745894	-0.0112895	0.016698	0	0	0.00865175	0.0105764	0	0	0.125138	-0.0100804	1.31455
2011-04-20 00:00:00	0	0	2.2505	0	-0.0426965	0	1.41236E-05	0	0	0	0	0	0	0	-0.854546	-0.011271	0.0166645	0	0	0.00734465	0.00978689	0	0	0.123581	-0.00989899	1.48948
2011-04-21 00:00:00	0	0	1.90344	0	-0.0132762	0	3.21451E-05	0	0	0	0	0	0	0	-0.683902	-0.0112524	0.0166283	0	0	0.00646559	0.00923155	0	0	0.122104	-0.00973724	1.33973
2011-04-22 00:00:00	-0.05998	0	1.8471	0	-0.00543847	0	3.85863E-05	0	0	0	0	0	0	0	-0.635105	-0.0112355	0.0165734	0	0	0.00599342	0.00889956	0	0	0.120435	-0.00960925	1.27767
2011-04-23 00:00:00	-6.17632	1.40043	2.21171	0	0.214374	0	0.00145778	0	0	0	0	0	0	0	1.16174	-0.0112202	0.0165531	0	0	0.00822481	0.00966895	0	0	0.118941	-0.00954852	-1.05399
2011-04-24 00:00:00	-0.0545653	-1.21846	2.13695	0	-0.0227642	0	0.000618744	0	0.000178724	0	0	0	0	0	-0.249943	-0.0112137	0.0165108	0	0	0.00995292	0.0107148	0	0	0.118213	-0.0097152	0.72648
2011-04-25 00:00:00	0	-0.181917	1.69967	0	-0.0609663	0	2.46988E-05	0	0.000111996	0	0	0	0	0	-0.575925	-0.0111851	0.0164589	0	0	0.00922146	0.0108224	0	0	0.117199	-0.00971089	1.0138
2011-04-26 00:00:00	0	0	1.83487	0	-0.094251	0	0	0	0	0	0	0	0	0	-0.665783	-0.0111636	0.0164153	0	0	0.00809612	0.0101782	0	0	0.116293	-0.00964257	1.20501
2011-04-27 00:00:00	-0.0545653	0	2.28553	0	-0.0476666	0	0	0	0	0	0	0	0	0	-0.989928	-0.0111413	0.0163759	0	0	0.00689476	0.00935494	0	0	0.11484	-0.00953027	1.32017
2011-04-28 00:00:00	0	0	2.2763	0	-0.031907	0	0	0	0	0	0	0	0	0	-0.913382	-0.0111041	0.0163251	0	0	0.00589531	0.00865573	0	0	0.11334	-0.00938677	1.45474
2011-04-29 00:00:00	-0.254565	0	2.38605	0	-0.015864	0	1.25931E-05	0	0	0	0	0	0	0	-0.864521	-0.0110897	0.0162766	0	0	0.00517671	0.00810277	0	0	0.112097	-0.00926421	1.37241
2011-04-30 00:00:00	-0.0446534	0	1.8201	0	-0.00128766	0	2.97971E-05	0	0	0	0	0	0	0	-0.700379	-0.0110721	0.0162388	0	0	0.00479948	0.0078251	0	0	0.110816	-0.00915635	1.19326
2011-05-01 00:00:00	0	0	2.56387	0	-0.0266154	0	0	0	0	0	0	0	0	0	-1.08108	-0.011062	0.0161878	0	0	0.00417447	0.00729114	0	0	0.109504	-0.00907509	1.57319
2011-05-02 00:00:00	-0.0408013	0	2.11381	0	-0.00607342	0	8.23011E-06	0	0	0	0	0	0	0	-0.865722	-0.0110408	0.0161643	0	0	0.00375716	0.00697513	0	0	0.108237	-0.00896313	1.31635
2011-05-03 00:00:00	-0.0545653	0	2.08447	0	-0.00442077	0	2.45426E-05	0	0	0	0	0	0	0	-0.825771	-0.0110292	0.0161158	0	0	0.00349887	0.00675009	0	0	0.107124	-0.00888597	1.31331
2011-05-04 00:00:00	0	0	2.60042	0	-0.0177218	0	0	0	0	0	0	0	0	0	-1.09861	-0.0110133	0.0160759	0	0	0.0030882	0.00634461	0	0	0.105859	-0.00882321	1.59562
2011-05-05 00:00:00	-2.63758	0.345576	2.2355	0	0.042499	0	0.000108029	0	0	0	0	0	0	0	0.119675	-0.0109779	0.0160443	0	0	0.00351665	0.00675778	0	0	0.104644	-0.00873968	0.217028
2011-05-06 00:00:00	-8.81064	1.59591	2.65835	0	0.191273	0	0.00133211	0	0	0	0	0	0	0	2.12734	-0.0109957	0.0160611	0	0	0.00565913	0.00774944	0	0	0.10369	-0.00881026	-2.12308
2011-05-07 00:00:00	-10.571	0.556173	2.69111	0	0.371122	-0.00121216	0.00747182	0	0.00881417	0	0	0	0	0	3.59099	-0.0110229	0.0161333	0	0	0.0138203	0.0126786	0	0	0.103888	-0.00929747	-3.22034
2011-05-08 00:00:00	-7.00265	0.137286	2.63103	0	0.257207	-0.00628136	0.028908	0	0.0915627	0	0	0	0	0	1.95232	-0.0110482	0.0161928	0	0	0.0231702	0.0178355	0	0	0.104422	-0.0100324	-1.77007
2011-05-09 00:00:00	-3.28453	-0.104197	2.43565	0	0.060566	-0.0058186	0.0316503	0	0.0982779	0	0	0	0	0	0.358533	-0.0110545	0.0162043	0	0	0.0276512	0.0200319	0	0	0.105024	-0.0103611	-0.262373
2011-05-10 00:00:00	-3.21132	0.0564232	2.56443	0	0.0593014	-0.00464655	0.0230646	0	0.0784475	0	0	0	0	0	0.232589	-0.0110495	0.0161953	0	0	0.0285612	0.020389	0	0	0.105497	-0.0103726	-0.0524881
2011-05-11 00:00:00	-2.8095	-0.0411982	2.52423	0	-0.00400634	-0.0034304	0.015685	0	0.068622	0	0	0	0	0	0.143644	-0.0110438	0.0161773	0	0	0.0275719	0.0198134	0	0	0.105798	-0.0103438	0.0420175
2011-05-12 00:00:00	-3.93321	0.0485717	2.46936	0	0.097403	-0.00375958	0.0176662	0	0.0760653	0	0	0	0	0	0.637336	-0.0110428	0.0161629	0	0	0.0265754	0.0191887	0	0	0.106172	-0.010322	-0.443829
2011-05-13 00:00:00	-2.33263	-0.207862	2.27176	0	0.00122841	-0.00255416	0.0120773	0	0.061404	0	0	0	0	0	0.0907176	-0.0110405	0.0161439	0	0	0.0255193	0.0185971	0	0	0.106437	-0.0104853	0.0393107
2011-05-14 00:00:00	0	-1.17222	2.29278	0	-0.269822	-0.000600059	0.00306209	0	0.0246548	0	0	0	0	0	-0.479898	-0.011031	0.0161172	0	0	0.0232384	0.0178049	0	0	0.106423	-0.010235	0.540271
2011-05-15 00:00:00	-0.567548	-0.343034	2.23691	0	-0.170624	0	0.000229726	0	0.00179648	0	0	0	0	0	-0.644894	-0.0110124	0.0160784	0	0	0.0188995	0.0159079	0	0	0.106238	-0.00987899	0.649071
2011-05-16 00:00:00	-4.49819	0.886576	2.62088	0	0.093111	-9.20195E-05	0.000895311	0	0.0109889	0	0	0	0	0	0.697002	-0.0110018	0.016052	0	0	0.0182672	0.0154784	0	0	0.105673	-0.0097117	-0.0540727
2011-05-17 00:00:00	0	-1.00459	2.48632	0	-0.120652	-1.99842E-05	0.000907289	0	0.00974624	0	0	0	0	0	-0.896824	-0.010995	0.0160384	0	0	0.0168215	0.0144817	0	0	0.105343	-0.009687	0.606894
2011-05-18 00:00:00	-2.09697	0.0295075	2.54485	0	0.0420319	-2.05849E-05	0.000491681	0	0.0166206	0	0	0	0	0	-0.177851	-0.0109821	0.016	0	0	0.0143897	0.0132256	0	0	0.104828	-0.0096295	0.486491
2011-05-19 00:00:00	-0.483892	-0.327041	2.25078	0	-0.166855	-4.74956E-05	0.000727536	0	0.0148686	0	0	0	0	0	-0.713201	-0.0109702	0.0159913	0	0	0.0131133	0.0125102	0	0	0.104306	-0.00949062	0.700799
2011-05-20 00:00:00	-1.02235	-0.104814	2.26258	0	-0.0263569	0	6.27217E-05	0	0.00241603	0	0	0	0	0	-0.507941	-0.0109475	0.0159397	0	0	0.010947	0.0113545	0	0	0.103935	-0.00932289	0.725499
2011-05-21 00:00:00	-3.77028	0.823934	2.57902	0	0.115071	-2.00114E-07	0.00109714	0	0.00611334	0	0	0	0	0	0.161848	-0.010941	0.0159181	0	0	0.0113448	0.0114838	0	0	0.103157	-0.0091977	0.038565
2011-05-22 00:00:00	-5.48757	0.65045	2.54837	0	0.214872	-0.00163041	0.00744972	0	0.0493862	0	0	0	0	0	1.18184	-0.0109396	0.015918	0	0	0.0146386	0.012367	0	0	0.102553	-0.00950894	-0.711803
2011-05-23 00:00:00	-13.4312	0.799306	2.60701	0	0.859147	-0.0105765	0.0650266	0	0.261742	0	0	0	0	0	4.83706	-0.0109733	0.0159639	0	0	0.0243469	0.0162978	0	0	0.10252	-0.0118803	-3.87624
2011-05-24 00:00:00	-6.12645	0.0220164	2.50194	0	0.121853	-0.00994716	0.0475052	0	0.341918	0	0	0	0	0	1.45973	-0.0110082	0.0159951	0	0	0.0331285	0.0196299	0	0	0.103267	-0.0154801	-1.4959
2011-05-25 00:00:00	0	-1.41942	2.39937	0	-0.363216	-0.0036488	0.0153266	0	0.173272	0	0	0	0	0	-0.70552	-0.0110175	0.0159751	0	0	0.0325584	0.0194618	0	0	0.10471	-0.0141923	0.243652
2011-05-26 00:00:00	-0.640801	-0.413292	2.54969	0	-0.333736	-0.000396916	0.000298604	0	0.024391	0	0	0	0	0	-0.832614	-0.0109992	0.0159394	0	0	0.0265053	0.0176198	0	0	0.105674	-0.0115016	0.49678
2011-05-27 00:00:00	-0.932161	-0.303607	2.56621	0	-0.419224	-0.000461672	0.000113401	0	0.0185963	0	0	0	0	0	-0.402871	-0.0109753	0.0159061	0	0	0.02221	0.0158632	0	0	0.105543	-0.0108287	0.664314
2011-05-28 00:00:00	-5.78065	1.41665	2.72028	0	0.61822	-0.00178105	0.00667028	0	0.0350895	0	0	0	0	0	0.587676	-0.0109776	0.0159062	0	0	0.0231327	0.0157026	0	0	0.105288	-0.0103598	-0.25915
2011-05-29 00:00:00	-1.71543	-0.816418	2.62847	0	-0.020769	-0.00328071	0.0127853	0	0.108086	0	0	0	0	0	-0.0186475	-0.0109747	0.0158886	0	0	0.0234933	0.0155837	0	0	0.104969	-0.0111129	0.312644
2011-05-30 00:00:00	-0.54002	-0.67941	2.60636	0	-0.341725	-0.000582717	0.00142124	0	0.0348187	0	0	0	0	0	-0.6514	-0.0109564	0.0158607	0	0	0.0209661	0.0150957	0	0	0.105192	-0.0106237	0.565
2011-05-31 00:00:00	-0.0545653	-0.360813	3.1759	0	-0.500942	-0.000220464	3.3474E-05	0	0.00840565	0	0	0	0	0	-1.45621	-0.0109318	0.0158065	0	0	0.0159287	0.013068	0	0	0.105039	-0.0101578	0.940334
2011-06-01 00:00:00	-0.104633	-0.0707378	2.61741	0	-0.295912	0	0	0	0.00241411	0	0	0	0	0	-1.06915	-0.0109008	0.0157604	0	0	0.0119666	0.0114184	0	0	0.104633	-0.00957858	1.20268
2011-06-02 00:00:00	0	0	2.90001	0	-0.0837659	0	0	0	0.000492883	0	0	0	0	0	-1.55886	-0.0108642	0.0157329	0	0	0.00921631	0.0100727	0	0	0.104171	-0.00915271	1.37705
2011-06-03 00:00:00	-0.0545653	0	2.84835	0	-0.0256085	0	0	0	0.000143953	0	0	0	0	0	-1.33165	-0.0108312	0.0157061	0	0	0.0071462	0.00898855	0	0	0.103319	-0.00891283	1.55208
2011-06-04 00:00:00	0	0	2.33058	0	-0.0043975	0	0	0	1.79702E-07	0	0	0	0	0	-1.087	-0.0107902	0.0156738	0	0	0.00591313	0.00831824	0	0	0.102515	-0.00873871	1.35208
2011-06-05 00:00:00	-0.186236	0	2.29551	0	-0.000796881	0	0	0	0	0	0	0	0	0	-1.00478	-0.0107719	0.0156292	0	0	0.00519421	0.00788212	0	0	0.101795	-0.00863211	1.21479
2011-06-06 00:00:00	-0.270128	0	2.29864	0	-0.00080652	0	0	0	0	0	0	0	0	0	-1.00115	-0.0107614	0.0156021	0	0	0.00459241	0.00746283	0	0	0.10093	-0.00854924	1.13582
2011-06-07 00:00:00	-4.14285	0.734157	2.76821	0	0.12934	0	0.000179099	0	0	0	0	0	0	0	0.247737	-0.0107472	0.0155745	0	0	0.00535835	0.00796023	0	0	0.10005	-0.00847295	-0.153498
2011-06-08 00:00:00	-4.47215	0.724252	2.72122	0	0.0334369	0	0.000312644	0	6.04038E-07	0	0	0	0	0	0.586967	-0.0107235	0.0155101	0	0	0.00621452	0.00848909	0	0	0.099308	-0.00853968	-0.29571
2011-06-09 00:00:00	-1.63023	-0.892019	2.74497	0	0.0579845	0	0.000551785	0	0	0	0	0	0	0	-0.179383	-0.010719	0.015497	0	0	0.00724955	0.0091162	0	0	0.0988097	-0.00860757	0.213225
2011-06-10 00:00:00	-1.28657	-0.440497	2.5878	0	-0.0197042	0	0.000368151	0	4.51257E-06	0	0	0	0	0	-0.411681	-0.0106979	0.0154729	0	0	0.00737341	0.0090688	0	0	0.0983033	-0.00862941	0.540608
2011-06-11 00:00:00	-6.26023	1.64942	2.52889	0	0.14568	0	0.00120831	0	0.000287457	0	0	0	0	0	1.06916	-0.0106926	0.0154637	0	0	0.00861283	0.0093947	0	0	0.0978483	-0.00861264	-0.753579
2011-06-12 00:00:00	-5.13374	0.178308	2.78639	0	0.12505	-3.69885E-06	0.0014628	0	0.0229689	0	0	0	0	0	1.1495	-0.010695	0.0154831	0	0	0.0134917	0.0116689	0	0	0.0976842	-0.00892111	-0.751352
2011-06-13 00:00:00	-0.159199	-1.56296	2.89984	0	-0.0799533	-0.000118558	0.00119225	0	0.0199477	0	0	0	0	0	-0.653479	-0.0106893	0.015464	0	0	0.0150455	0.0127153	0	0	0.0973952	-0.00912497	0.586077
2011-06-14 00:00:00	0	-0.333433	2.64114	0	-0.227984	0	1.13528E-05	0	0.00072849	0	0	0	0	0	-1.07789	-0.0106498	0.0154041	0	0	0.0118451	0.0115543	0	0	0.09713	-0.00901813	1.11884
2011-06-15 00:00:00	-0.211711	-0.0496634	2.78224	0	-0.103397	0	2.31E-07	0	0	0	0	0	0	0	-1.48677	-0.0106306	0.0153738	0	0	0.00938413	0.0102933	0	0	0.0963425	-0.00883938	1.04262
2011-06-16 00:00:00	-2.22123	-0.00202536	2.7885	0	0.0876519	0	3.44596E-05	0	0	0	0	0	0	0	-0.220716	-0.0106282	0.015307	0	0	0.00931897	0.0103323	0	0	0.0954111	-0.00864676	0.543312
2011-06-17 00:00:00	-0.429481	-0.00565709	2.64173	0	-0.0657197	0	4.1249E-07	0	0	0	0	0	0	0	-1.18592	-0.0106258	0.0152255	0	0	0.00794324	0.00953154	0	0	0.0947693	-0.00861984	1.06317
2011-06-18 00:00:00	-4.09298	0.81961	2.95668	0	0.197316	0	0.000561174	0	0	0	0	0	0	0	0.0595632	-0.0106169	0.0152103	0	0	0.00948223	0.00999068	0	0	0.0939648	-0.00850967	0.0502717
2011-06-19 00:00:00	-6.71698	0.533864	3.19471	0	0.22464	-0.00188782	0.00888735	0	0.0106452	0	0	0	0	0	1.67823	-0.0106193	0.0152482	0	0	0.014875	0.0128229	0	0	0.0934587	-0.00877576	-0.950885
2011-06-20 00:00:00	0	-1.2446	2.80174	0	-0.125621	-0.00125599	0.00714517	0	0.0213334	0	0	0	0	0	-0.882079	-0.0106215	0.0152525	0	0	0.0188778	0.0151293	0	0	0.093544	-0.00916037	0.699681
2011-06-21 00:00:00	-10.739	2.44351	3.23297	0	0.397731	-0.003951	0.0241668	0	0.0604185	0	0	0	0	0	2.60884	-0.0106248	0.0152614	0	0	0.021109	0.015985	0	0	0.0934774	-0.00919189	-1.84934
2011-06-22 00:00:00	-2.82155	-0.480481	3.15665	0	-0.0165021	-0.00306614	0.0168766	0	0.0720405	0	0	0	0	0	-0.029413	-0.0106299	0.0152616	0	0	0.024348	0.0173943	0	0	0.0937612	-0.00951905	0.0251662
2011-06-23 00:00:00	-3.55803	0.210041	3.02518	0	0.0753028	-0.00167705	0.00893674	0	0.0376683	0	0	0	0	0	0.0569136	-0.0106231	0.015235	0	0	0.0230971	0.0167946	0	0	0.0938801	-0.00943803	-0.0167185
2011-06-24 00:00:00	-0.114545	-1.52698	2.89196	0	-0.267584	-0.00104304	0.00551839	0	0.035225	0	0	0	0	0	-0.560148	-0.0106052	0.0152073	0	0	0.0211933	0.0161517	0	0	0.0939163	-0.00942075	0.588852
2011-06-25 00:00:00	-2.8907	0.205986	3.14731	0	0.120725	-5.92984E-05	0.000849742	0	0.00369687	0	0	0	0	0	-0.431304	-0.0105865	0.0151433	0	0	0.0186942	0.0152891	0	0	0.0939171	-0.00922269	0.27974
2011-06-26 00:00:00	-0.159199	-0.75601	3.37944	0	-0.333148	-0.000250291	0.000909156	0	0.0130995	0	0	0	0	0	-1.31373	-0.010562	0.0151313	0	0	0.0162519	0.0139144	0	0	0.0934184	-0.00910401	0.950162
2011-06-27 00:00:00	-0.67081	-0.188239	3.06747	0	-0.113433	0	3.14845E-06	0	0.00114221	0	0	0	0	0	-1.21535	-0.0105432	0.0150853	0	0	0.0122507	0.0120445	0	0	0.093224	-0.0089447	0.993904
2011-06-28 00:00:00	0	-0.0164688	3.01124	0	-0.229116	0	2.12319E-07	0	0.000395161	0	0	0	0	0	-1.58348	-0.0105471	0.0149847	0	0	0.00943122	0.0105859	0	0	0.0927215	-0.00872031	1.29103
2011-06-29 00:00:00	-0.297165	0	3.06687	0	-0.0378296	0	0	0	0	0	0	0	0	0	-1.70034	-0.0104923	0.014972	0	0	0.00706882	0.00928123	0	0	0.0922147	-0.0084862	1.1361
2011-06-30 00:00:00	-0.745435	0	2.64622	0	0.00606287	0	0	0	0	0	0	0	0	0	-1.03547	-0.0104395	0.0149355	0	0	0.0060981	0.00871947	0	0	0.0914375	-0.00829067	0.973839
2011-07-01 00:00:00	0	0	2.92936	0	-0.0151187	0	0	0	0	0	0	0	0	0	-1.63731	-0.0103994	0.014903	0	0	0.0048404	0.00786984	0	0	0.0908027	-0.00820296	1.37674
2011-07-02 00:00:00	0	0	4.19332	0	-0.022227	0	0	0	0	0	0	0	0	0	-2.39618	-0.0103702	0.014867	0	0	0.00314118	0.00667913	0	0	0.0900308	-0.00807401	1.87118
2011-07-03 00:00:00	0	0	3.20177	0	-0.00537737	0	0	0	0	0	0	0	0	0	-1.87075	-0.0103165	0.0148043	0	0	0.00233563	0.00600189	0	0	0.0891677	-0.00790544	1.41974
2011-07-04 00:00:00	0	0	4.08263	0	-0.010738	0	0	0	0	0	0	0	0	0	-2.39733	-0.0102844	0.0147547	0	0	0.00161487	0.00520878	0	0	0.0883096	-0.00779873	1.76637
2011-07-05 00:00:00	-1.73036	0	3.17603	0	0.0104593	0	0	0	0	0	0	0	0	0	-0.774667	-0.0102437	0.014709	0	0	0.00178356	0.00538229	0	0	0.0872733	-0.00767998	0.772684
2011-07-06 00:00:00	-7.50245	1.60651	3.22362	0	0.0824822	0	2.40827E-05	0	0	0	0	0	0	0	1.4146	-0.0102589	0.014735	0	0	0.00523486	0.00790471	0	0	0.0866101	-0.0076622	-1.07865
2011-07-07 00:00:00	-1.88346	-0.890314	3.12818	0	0.0510217	0	0.000134849	0	0	0	0	0	0	0	-0.195569	-0.0102558	0.0147067	0	0	0.00645369	0.00875725	0	0	0.086211	-0.00798235	0.307887
2011-07-08 00:00:00	-16.0556	2.48187	3.42983	0	0.433315	-0.00220135	0.0137924	0	0.0322336	0	0	0	0	0	5.62004	-0.0102826	0.0147724	0	0	0.0147386	0.013806	0	0	0.0860901	-0.00837771	-3.93594
2011-07-09 00:00:00	-8.48429	-0.2059	3.26088	0	0.223778	-0.0130008	0.0814639	0	0.235011	0	0	0	0	0	2.82214	-0.0103223	0.0148658	0	0	0.0315983	0.0223349	0	0	0.0867923	-0.00940456	-1.94406
2011-07-10 00:00:00	-0.589171	-1.57753	3.12972	0	-0.164687	-0.00503949	0.0245175	0	0.0891943	0	0	0	0	0	-0.722665	-0.0103292	0.0148755	0	0	0.0371801	0.0248572	0	0	0.0882506	-0.0097438	0.32943
2011-07-11 00:00:00	-15.4247	1.99988	3.20937	0	0.568037	-0.0158384	0.0938404	0	0.408074	0	0	0	0	0	5.59109	-0.0103449	0.0149063	0	0	0.0409655	0.0258716	0	0	0.0890179	-0.00994848	-3.41979
2011-07-12 00:00:00	0	-1.97767	3.0135	0	-0.297132	-0.00564943	0.0307474	0	0.212143	0	0	0	0	0	-0.980539	-0.0103623	0.0149291	0	0	0.046655	0.0277094	0	0	0.0903368	-0.0102759	0.154396
2011-07-13 00:00:00	0	-0.640676	3.38076	0	-0.440638	-5.57726E-05	0.000336594	0	0.0100272	0	0	0	0	0	-1.62595	-0.0103499	0.0148974	0	0	0.0368959	0.0236383	0	0	0.0909619	-0.00987834	0.829964
2011-07-14 00:00:00	0	-0.52517	3.01049	0	-0.238848	0	3.25818E-05	0	0.000948326	0	0	0	0	0	-1.33598	-0.0103318	0.0148589	0	0	0.0272843	0.0193505	0	0	0.0908713	-0.00958321	1.04392
2011-07-15 00:00:00	-1.14364	-0.213977	3.19007	0	0.00637015	0	9.24564E-06	0	0.000484324	0	0	0	0	0	-1.15012	-0.0103197	0.0148309	0	0	0.0228714	0.0173983	0	0	0.0906281	-0.00924154	0.815371
2011-07-16 00:00:00	-41.8934	3.4695	3.55932	0	2.29264	-0.0543425	0.346328	0	1.62351	0	0	0	0	0	19.2002	-0.0104071	0.0150247	0	0	0.0536244	0.0295326	0	0	0.0898831	-0.0158952	-11.2945
2011-07-17 00:00:00	-9.99181	-0.0409461	3.52825	0	-0.376089	-0.0317532	0.159926	0	1.22114	0	0	0	0	0	2.21346	-0.0105115	0.0152069	0	0	0.0990181	0.045072	0	0	0.0915849	-0.0239129	-3.10136
2011-07-18 00:00:00	-1.0408	-1.85233	3.29423	0	-0.312157	-0.0142735	0.0604057	0	0.545006	0	0	0	0	0	-1.12545	-0.0105215	0.0152147	0	0	0.092611	0.0423747	0	0	0.0955018	-0.0180644	-0.228245
2011-07-19 00:00:00	-20.9594	1.89784	3.22128	0	0.862079	-0.0609358	0.241997	0	2.03858	0	0	0	0	0	8.36067	-0.0105831	0.0153153	0	0	0.108806	0.0478786	0	0	0.0952233	-0.0248998	-4.1662
2011-07-20 00:00:00	-3.86422	0.0201823	3.05017	0	-0.355461	-0.0256636	0.0919491	0	1.0381	0	0	0	0	0	-0.707432	-0.0106274	0.0153709	0	0	0.131485	0.0540906	0	0	0.0981715	-0.0250801	-0.488975
2011-07-21 00:00:00	-1.89292	-1.09841	3.05692	0	-0.252271	-0.0110586	0.0415208	0	0.440791	0	0	0	0	0	-0.673012	-0.0106316	0.0153471	0	0	0.111834	0.0470965	0	0	0.10112	-0.0189123	-0.142592
2011-07-22 00:00:00	-0.386236	-1.10883	2.87855	0	-0.318935	-0.0079283	0.0289649	0	0.244732	0	0	0	0	0	-1.13366	-0.0106252	0.0153261	0	0	0.0958409	0.0417401	0	0	0.102491	-0.0160567	0.425372
2011-07-23 00:00:00	0	-0.6331	3.52284	0	-0.875477	-0.0016203	0.00264208	0	0.0436201	0	0	0	0	0	-1.6891	-0.0106109	0.0152922	0	0	0.074157	0.0343154	0	0	0.103254	-0.013909	0.5723
2011-07-24 00:00:00	0	-0.559044	3.55498	0	-0.563368	-0.00089907	0.000345347	0	0.0137693	0	0	0	0	0	-1.52451	-0.0105959	0.0152577	0	0	0.0563511	0.0279806	0	0	0.103337	-0.0127883	1.10081
2011-07-25 00:00:00	0	-0.139906	3.62842	0	-0.156926	-1.33378E-06	1.48421E-06	0	0.00443276	0	0	0	0	0	-2.11836	-0.0105861	0.0152344	0	0	0.0446802	0.023959	0	0	0.103397	-0.0111877	1.38316
2011-07-26 00:00:00	0	-0.0116197	2.93564	0	-0.0567223	0	0	0	0.00158008	0	0	0	0	0	-1.51704	-0.0105703	0.0152044	0	0	0.0350409	0.0205564	0	0	0.103087	-0.0103357	1.50482
2011-07-27 00:00:00	0	0	3.15538	0	-0.033109	0	0	0	0.00076586	0	0	0	0	0	-1.52751	-0.0105507	0.0151744	0	0	0.0266657	0.0176544	0	0	0.102706	-0.00992577	1.73725
2011-07-28 00:00:00	-8.04457	2.42851	3.16037	0	0.288521	0	9.56294E-05	0	0.00062609	0	0	0	0	0	1.27202	-0.0105565	0.0151898	0	0	0.0284101	0.0181081	0	0	0.102301	-0.00954504	-0.750515
2011-07-29 00:00:00	0	-2.20535	3.08929	0	-0.05008	0	0.000206425	0	0.00123668	0	0	0	0	0	-0.244184	-0.010554	0.0151585	0	0	0.0275024	0.0178929	0	0	0.102073	-0.00962796	0.733564
2011-07-30 00:00:00	0	-0.223057	3.67821	0	-0.114032	0	0	0	0.00115769	0	0	0	0	0	-1.90791	-0.0105298	0.0151207	0	0	0.019664	0.0153589	0	0	0.101793	-0.00955558	1.56621
2011-07-31 00:00:00	0	0	2.93727	0	-0.136674	0	0	0	0.000388397	0	0	0	0	0	-1.13928	-0.0105045	0.0150867	0	0	0.0143001	0.0132709	0	0	0.101221	-0.00919479	1.78588
2011-08-01 00:00:00	-1.44851	0	3.40121	0	0.00964374	0	0	0	0.000151985	0	0	0	0	0	-1.0365	-0.0104917	0.0150674	0	0	0.0116252	0.0122166	0	0	0.100595	-0.00894142	1.04607
2011-08-02 00:00:00	-13.9836	3.37334	3.25983	0	0.537992	-0.000405995	0.00255163	0	0.00180595	0	0	0	0	0	3.80865	-0.0105147	0.0151351	0	0	0.0197665	0.0155807	0	0	0.0999659	-0.0089052	-2.86879
2011-08-03 00:00:00	0	-2.3	3.36273	0	-0.134887	-0.00126666	0.0046669	0	0.0100147	0	0	0	0	0	-0.57483	-0.0105175	0.0151386	0	0	0.0251005	0.0179009	0	0	0.100224	-0.00945912	0.504815
2011-08-04 00:00:00	-5.86611	1.75333	3.24811	0	0.200341	-0.0018409	0.00936733	0	0.0206879	0	0	0	0	0	0.555053	-0.010511	0.0151273	0	0	0.0241357	0.0176774	0	0	0.0999381	-0.00945956	0.0558504
2011-08-05 00:00:00	0	-1.94132	3.03132	0	-0.132091	-0.00170484	0.00824126	0	0.0213401	0	0	0	0	0	-0.541224	-0.0105066	0.0151163	0	0	0.025106	0.0181271	0	0	0.0998938	-0.0095947	0.582699
2011-08-06 00:00:00	-15.7232	2.9293	2.75041	0	1.2007	-0.0102008	0.0662177	0	0.22472	0	0	0	0	0	5.19488	-0.01053	0.0151563	0	0	0.0308751	0.0202718	0	0	0.0998184	-0.0108811	-3.22251
2011-08-07 00:00:00	-18.8826	0.0498281	2.96358	0	1.07817	-0.0567251	0.23458	0	1.73127	0	0	0	0	0	8.41715	-0.0105887	0.0152766	0	0	0.0549907	0.0290317	0	0	0.0975433	-0.028474	-4.30702
2011-08-08 00:00:00	-0.45998	-2.15362	2.91743	0	-0.585502	-0.0182645	0.0589465	0	0.81775	0	0	0	0	0	-1.04171	-0.0106004	0.01531	0	0	0.0651513	0.0323435	0	0	0.100667	-0.0236923	-0.285777
2011-08-09 00:00:00	0	-0.530898	2.74105	0	-0.768033	-0.00459093	0.0116568	0	0.138158	0	0	0	0	0	-1.4092	-0.0105906	0.0152818	0	0	0.0540882	0.0286125	0	0	0.104206	-0.0152374	0.354507
2011-08-10 00:00:00	-28.1301	2.72504	2.98561	0	1.95632	-0.0873818	0.303313	0	3.09955	0	0	0	0	0	12.0621	-0.0106399	0.0154062	0	0	0.072538	0.0340659	0	0	0.100103	-0.0333533	-4.90743
2011-08-11 00:00:00	-28.7319	0.00829069	2.95143	0	0.354161	-0.143175	0.502243	0	5.99477	0	0	0	0	0	12.1561	-0.0107539	0.0157032	0	0	0.150469	0.0539575	0	0	0.0999438	-0.05059	-6.64932
2011-08-12 00:00:00	-0.990088	-1.98884	3.12758	0	-0.988707	-0.0406183	0.114896	0	1.8469	0	0	0	0	0	-1.94116	-0.0108325	0.0158618	0	0	0.180001	0.061027	0	0	0.113094	-0.0338297	-0.534721
2011-08-13 00:00:00	-3.50058	0.379198	3.17197	0	0.0462195	-0.0256134	0.0742615	0	0.896245	0	0	0	0	0	-1.21079	-0.0108654	0.0158535	0	0	0.152521	0.0530263	0	0	0.119126	-0.0260718	0.134503
2011-08-14 00:00:00	-0.343872	-0.985786	2.8641	0	-0.670813	-0.0134542	0.0412929	0	0.427375	0	0	0	0	0	-1.33519	-0.0108614	0.0158314	0	0	0.128092	0.0462949	0	0	0.121544	-0.0208369	0.263715
2011-08-15 00:00:00	-0.0992187	-0.463175	2.75526	0	-0.485072	-0.0034776	0.00480626	0	0.063238	0	0	0	0	0	-1.49558	-0.0108531	0.0158013	0	0	0.101523	0.0389624	0	0	0.12293	-0.0165273	0.528616
2011-08-16 00:00:00	-10.082	2.99957	2.70067	0	1.22466	-0.0190481	0.0545937	0	0.48468	0	0	0	0	0	1.92998	-0.0108573	0.0158048	0	0	0.0931486	0.0364316	0	0	0.122144	-0.0209559	-0.471144
2011-08-17 00:00:00	-0.285455	-2.18167	2.64091	0	-0.410718	-0.0118955	0.0382828	0	0.520443	0	0	0	0	0	-0.433313	-0.0108712	0.0157936	0	0	0.0857018	0.0343567	0	0	0.121776	-0.0237415	0.0995971
2011-08-18 00:00:00	-14.1123	2.37448	2.67594	0	1.05648	-0.0719566	0.165318	0	2.01802	0	0	0	0	0	4.44091	-0.0108839	0.0158376	0	0	0.0854176	0.035123	0	0	0.118655	-0.0351197	-1.2441
2011-08-19 00:00:00	-0.668075	-1.94158	2.79279	0	-0.773923	-0.023495	0.0571613	0	0.993178	0	0	0	0	0	-0.733243	-0.0108862	0.0158751	0	0	0.0860733	0.0359282	0	0	0.121929	-0.0292475	-0.0775124
2011-08-20 00:00:00	-3.19932	0.417481	2.85252	0	0.0156288	-0.0125369	0.0306511	0	0.391675	0	0	0	0	0	-0.462282	-0.0108884	0.0158649	0	0	0.0749374	0.0324714	0	0	0.125706	-0.0219398	0.249967
2011-08-21 00:00:00	-0.2	-1.0497	2.71008	0	-0.595769	-0.0039393	0.00805236	0	0.178085	0	0	0	0	0	-0.89274	-0.0108851	0.0158293	0	0	0.0574855	0.0271499	0	0	0.127091	-0.0185359	0.352201
2011-08-22 00:00:00	-0.2	-0.397336	2.57244	0	-0.810234	-0.00370945	0.00312848	0	0.0463707	0	0	0	0	0	-0.943302	-0.0108833	0.0158171	0	0	0.0481929	0.0249312	0	0	0.127629	-0.0153812	0.45766
2011-08-23 00:00:00	0	-0.472004	2.80134	0	-0.7207	-0.00118494	0.000795398	0	0.021901	0	0	0	0	0	-0.983827	-0.0108688	0.015772	0	0	0.0332454	0.0204063	0	0	0.127593	-0.0139869	0.818485
2011-08-24 00:00:00	-2.38262	0.0426004	2.66755	0	0.343804	-0.00187211	0.00151767	0	0.0199761	0	0	0	0	0	-0.300864	-0.0108661	0.0157657	0	0	0.0301791	0.0194776	0	0	0.126997	-0.0131013	0.558543
2011-08-25 00:00:00	-1.81275	0.0521318	2.61933	0	-0.078266	-0.00178615	0.00155762	0	0.0248206	0	0	0	0	0	-0.353055	-0.010857	0.0157426	0	0	0.0256226	0.0178689	0	0	0.12644	-0.0132465	0.613558
2011-08-26 00:00:00	-5.11167	1.89371	2.40998	0	0.238809	-0.00156385	0.00370059	0	0.0252606	0	0	0	0	0	0.487005	-0.0108501	0.0157376	0	0	0.0252164	0.0177578	0	0	0.126187	-0.0124941	0.106793
2011-08-27 00:00:00	-12.2147	1.44579	2.40749	0	1.78277	-0.0174575	0.0881428	0	0.403429	0	0	0	0	0	4.06962	-0.0108703	0.015794	0	0	0.0373845	0.0223951	0	0	0.125903	-0.0152879	-1.85963
2011-08-28 00:00:00	-10.8185	0.119331	2.39468	0	0.47514	-0.0476441	0.190148	0	2.01427	0	0	0	0	0	4.04637	-0.010896	0.0158649	0	0	0.0560156	0.0287551	0	0	0.122613	-0.0319424	-1.44578
2011-08-29 00:00:00	-0.2	-2.05169	2.39964	0	-0.606635	-0.0147379	0.0523731	0	0.859336	0	0	0	0	0	-0.580309	-0.0109011	0.0158662	0	0	0.0596589	0.0296215	0	0	0.125995	-0.0261628	0.0520512
2011-08-30 00:00:00	0	-0.745909	2.48592	0	-0.627443	-0.00560028	0.0175727	0	0.196087	0	0	0	0	0	-1.0935	-0.0108917	0.0158441	0	0	0.0508391	0.0268527	0	0	0.129741	-0.0175744	0.421943
2011-08-31 00:00:00	-0.0545653	-0.379085	2.37532	0	-0.747707	-0.00148597	0.00161161	0	0.0400485	0	0	0	0	0	-1.02421	-0.0108802	0.0158118	0	0	0.0384089	0.0226372	0	0	0.130601	-0.0144313	0.392071
2011-09-01 00:00:00	0	-0.406664	2.46292	0	-0.427724	-0.00100171	0.000763127	0	0.0180415	0	0	0	0	0	-1.02419	-0.0108659	0.0157798	0	0	0.0286451	0.019331	0	0	0.130187	-0.0132598	0.791963
2011-09-02 00:00:00	-2.01605	-0.0696851	2.61632	0	-0.00174116	-0.00139497	0.0017619	0	0.0220176	0	0	0	0	0	-0.231843	-0.0108589	0.0157587	0	0	0.0252848	0.0181711	0	0	0.129311	-0.012676	0.484377
2011-09-03 00:00:00	-5.86948	2.67585	2.46433	0	0.293256	-0.00297156	0.00717598	0	0.0538228	0	0	0	0	0	0.407296	-0.0108541	0.0157428	0	0	0.0241087	0.0176378	0	0	0.128467	-0.0126248	0.19175
2011-09-04 00:00:00	-1.47916	-0.736362	2.25138	0	0.045961	-0.00280253	0.00816736	0	0.061873	0	0	0	0	0	-0.00633156	-0.0108489	0.0157261	0	0	0.0240462	0.0175205	0	0	0.12815	-0.012628	0.304694
2011-09-05 00:00:00	-0.254565	-1.74134	2.27215	0	-0.0150706	-0.00215203	0.00748943	0	0.0430716	0	0	0	0	0	-0.087394	-0.0108405	0.0157033	0	0	0.0230793	0.0170013	0	0	0.127698	-0.0121006	0.382723
2011-09-06 00:00:00	-9.69865	3.20405	2.30718	0	0.966884	-0.00746902	0.0302745	0	0.1568	0	0	0	0	0	2.05557	-0.0108419	0.0157101	0	0	0.0259137	0.0184855	0	0	0.127074	-0.0127625	-0.821773
2011-09-07 00:00:00	-4.90377	0.221301	2.27724	0	0.337695	-0.0161311	0.0663834	0	0.451005	0	0	0	0	0	1.0806	-0.0108542	0.0157451	0	0	0.0357886	0.0222925	0	0	0.126463	-0.0166633	-0.312904
2011-09-08 00:00:00	-3.89878	0.051933	2.24456	0	0.0379585	-0.0150967	0.0664169	0	0.485781	0	0	0	0	0	0.639514	-0.0108579	0.0157629	0	0	0.0417571	0.0245302	0	0	0.126475	-0.0169946	-0.207045
2011-09-09 00:00:00	-3.62704	0.106422	2.24291	0	0.0641127	-0.0134762	0.0587867	0	0.438768	0	0	0	0	0	0.506961	-0.0108576	0.0157585	0	0	0.0430748	0.0250373	0	0	0.126399	-0.0180712	-0.0412158
2011-09-10 00:00:00	-2.71073	-0.295109	2.56178	0	-0.132067	-0.00936267	0.0397929	0	0.315552	0	0	0	0	0	0.140067	-0.0108551	0.0157496	0	0	0.0419542	0.0246517	0	0	0.126575	-0.0176283	0.0903706
2011-09-11 00:00:00	-2.0122	-0.121602	2.09327	0	-0.0282388	-0.00519298	0.0205248	0	0.147671	0	0	0	0	0	-0.187319	-0.0108471	0.0157348	0	0	0.0385844	0.0232521	0	0	0.127121	-0.0151235	0.085635
2011-09-12 00:00:00	-6.73991	0.491679	2.28516	0	0.559613	-0.0242742	0.079403	0	0.712382	0	0	0	0	0	2.06321	-0.0108545	0.0157468	0	0	0.0399948	0.0236977	0	0	0.125621	-0.0213176	-0.399849
2011-09-13 00:00:00	-7.11037	0.033429	1.92457	0	0.203685	-0.0367089	0.112164	0	1.45024	0	0	0	0	0	2.46716	-0.0108695	0.0157645	0	0	0.0450928	0.0249191	0	0	0.123088	-0.0321623	-0.790002
2011-09-14 00:00:00	-0.0953666	-1.71058	1.92238	0	-0.506615	-0.0119269	0.0340439	0	0.646256	0	0	0	0	0	-0.395435	-0.0108827	0.0157515	0	0	0.0443484	0.0242028	0	0	0.126831	-0.0253749	0.0576363
2011-09-15 00:00:00	0	-1.18497	2.29661	0	-0.431045	-0.00337623	0.00929584	0	0.151475	0	0	0	0	0	-0.734888	-0.0108758	0.0157174	0	0	0.0365049	0.0216213	0	0	0.130085	-0.0172472	0.278904
2011-09-16 00:00:00	-7.42654	2.66382	2.01097	0	0.424417	-0.0188399	0.0745794	0	0.423593	0	0	0	0	0	1.41274	-0.0108832	0.0157488	0	0	0.0403906	0.0235104	0	0	0.130585	-0.0157366	-0.251639
2011-09-17 00:00:00	-10.7587	0.284066	1.89081	0	0.624591	-0.0599939	0.243146	0	1.99398	0	0	0	0	0	4.23356	-0.0109107	0.0158656	0	0	0.0672191	0.0345658	0	0	0.128157	-0.0248261	-1.33846
2011-09-18 00:00:00	-4.98018	0.033874	1.95874	0	-0.124099	-0.0386022	0.143586	0	1.52978	0	0	0	0	0	1.06263	-0.0109308	0.0159475	0	0	0.0838493	0.0405114	0	0	0.128001	-0.0308802	-0.187775
2011-09-19 00:00:00	-8.25626	-0.00599281	1.79773	0	0.211893	-0.0525315	0.193738	0	2.03961	0	0	0	0	0	2.90271	-0.0109559	0.0160267	0	0	0.0893591	0.0420208	0	0	0.128873	-0.0336482	-0.937432
2011-09-20 00:00:00	-0.0854547	-1.71367	1.91438	0	-0.571564	-0.0171862	0.0603923	0	0.864075	0	0	0	0	0	-0.594324	-0.0109662	0.0160439	0	0	0.0871368	0.0406388	0	0	0.132673	-0.0267288	0.0954459
2011-09-21 00:00:00	-11.6545	1.72065	1.83386	0	0.966979	-0.0521708	0.194038	0	2.07604	0	0	0	0	0	3.74382	-0.0109873	0.0160716	0	0	0.0856415	0.0395121	0	0	0.131303	-0.033084	-0.942822
2011-09-22 00:00:00	-0.626201	-1.14337	1.82901	0	-0.826342	-0.0209129	0.0679035	0	1.21701	0	0	0	0	0	-0.644029	-0.0109992	0.0161096	0	0	0.0841474	0.0380832	0	0	0.133041	-0.0307979	0.0826457
2011-09-23 00:00:00	0	-1.49373	1.93206	0	-0.162081	-0.00913965	0.030661	0	0.364981	0	0	0	0	0	-0.614066	-0.0109951	0.0160952	0	0	0.073256	0.0341553	0	0	0.136677	-0.0211008	0.276767
2011-09-24 00:00:00	-1.75764	0.0802661	1.79023	0	-0.109512	-0.00628584	0.0180009	0	0.218503	0	0	0	0	0	-0.295105	-0.0109903	0.0160715	0	0	0.062154	0.030356	0	0	0.137567	-0.0182217	0.155397
2011-09-25 00:00:00	-10.3482	2.55225	1.8	0	0.866696	-0.0314199	0.140102	0	1.25724	0	0	0	0	0	2.85613	-0.010998	0.016081	0	0	0.0587588	0.0291537	0	0	0.134007	-0.0300333	-0.710259
2011-09-26 00:00:00	-0.0446534	-1.53599	1.68506	0	-0.627171	-0.0143736	0.0506077	0	0.874805	0	0	0	0	0	-0.456788	-0.0109998	0.016104	0	0	0.0582403	0.0289108	0	0	0.134375	-0.0295765	0.128546
2011-09-27 00:00:00	0	-1.29483	1.8228	0	-0.213132	-0.00347689	0.0127591	0	0.202494	0	0	0	0	0	-0.453539	-0.0109902	0.0160764	0	0	0.0483953	0.0255227	0	0	0.138144	-0.0195406	0.270683
2011-09-28 00:00:00	0	-0.375938	2.18338	0	-0.970405	-0.0039942	0.00852983	0	0.0730582	0	0	0	0	0	-0.809229	-0.0109888	0.0160649	0	0	0.0420001	0.0235952	0	0	0.138548	-0.0160756	0.298541
2011-09-29 00:00:00	0	-0.324231	2.03069	0	-0.555734	-0.00101031	0.000866174	0	0.0219319	0	0	0	0	0	-0.76691	-0.0109788	0.0160326	0	0	0.0314948	0.0202145	0	0	0.138478	-0.0141197	0.58672
2011-09-30 00:00:00	-0.0545653	-0.313961	1.99189	0	-0.316888	-0.00106736	0.000728945	0	0.0179481	0	0	0	0	0	-0.676016	-0.0109653	0.0159999	0	0	0.0238826	0.0176522	0	0	0.137751	-0.013474	0.818915
2011-10-01 00:00:00	-5.14905	2.68383	1.87961	0	0.0876848	-0.00130532	0.00140576	0	0.0243114	0	0	0	0	0	0.421034	-0.0109601	0.0159894	0	0	0.0238151	0.017651	0	0	0.136877	-0.0130134	0.117878
2011-10-02 00:00:00	-19.5087	1.17894	1.65061	0	3.20031	-0.068692	0.286382	0	2.20549	0	0	0	0	0	7.97261	-0.011006	0.0161255	0	0	0.0503967	0.0272677	0	0	0.133638	-0.0260393	-2.89271
2011-10-03 00:00:00	-0.34002	-1.17358	1.58651	0	-1.13068	-0.0238031	0.0845699	0	1.45616	0	0	0	0	0	-0.739615	-0.0110317	0.0162075	0	0	0.0735794	0.0347067	0	0	0.134089	-0.0314746	-0.0643775
2011-10-04 00:00:00	-0.310929	-1.02058	1.39842	0	-0.0151832	-0.0135457	0.0523617	0	0.502478	0	0	0	0	0	-0.471456	-0.011027	0.016191	0	0	0.065592	0.0316571	0	0	0.138182	-0.0215957	0.340572
2011-10-05 00:00:00	-4.402	1.75626	1.51838	0	0.164488	-0.0144845	0.0500562	0	0.451258	0	0	0	0	0	0.328662	-0.0110228	0.0161691	0	0	0.0571731	0.0284864	0	0	0.138568	-0.021581	0.0604161
2011-10-06 00:00:00	-12.2606	0.416954	1.23531	0	0.750466	-0.0616481	0.222865	0	2.98271	0	0	0	0	0	5.04093	-0.0110637	0.016213	0	0	0.0644507	0.0302536	0	0	0.132012	-0.0403187	-1.48148
2011-10-07 00:00:00	-0.145435	-1.07435	1.28972	0	-0.749366	-0.0218685	0.0723954	0	1.36525	0	0	0	0	0	-0.659809	-0.0111013	0.016245	0	0	0.0692142	0.0309987	0	0	0.136199	-0.0317791	0.286311
2011-10-08 00:00:00	-7.62006	1.06336	1.33809	0	0.478554	-0.0384543	0.142207	0	1.59906	0	0	0	0	0	2.18801	-0.0111223	0.0162701	0	0	0.0686401	0.0309281	0	0	0.137131	-0.0317499	-0.639131
2011-10-09 00:00:00	-3.95646	0.00667067	1.50298	0	-0.186846	-0.0327782	0.113017	0	1.59122	0	0	0	0	0	0.694594	-0.0111415	0.016266	0	0	0.0707162	0.0313668	0	0	0.136926	-0.0346475	-0.0581212
2011-10-10 00:00:00	-6.49628	-0.00019357	1.07209	0	0.224089	-0.0455498	0.169975	0	1.98264	0	0	0	0	0	2.23052	-0.0111563	0.0162955	0	0	0.0741354	0.0325559	0	0	0.137279	-0.0362685	-0.649883
2011-10-11 00:00:00	-0.974525	-0.303367	1.2854	0	-0.495359	-0.0197717	0.0676165	0	1.00192	0	0	0	0	0	-0.536936	-0.0111537	0.0163086	0	0	0.0720007	0.0318382	0	0	0.140631	-0.0295317	0.245069
2011-10-12 00:00:00	-7.18536	0.303775	1.13751	0	0.538059	-0.043842	0.168507	0	1.71616	0	0	0	0	0	2.4602	-0.0111664	0.0163487	0	0	0.0746715	0.0329209	0	0	0.140291	-0.0321455	-0.684063
2011-10-13 00:00:00	-0.230889	-0.926154	1.21306	0	-0.517501	-0.0185005	0.0658931	0	0.949609	0	0	0	0	0	-0.514276	-0.0111717	0.0163517	0	0	0.0734493	0.0325053	0	0	0.1421	-0.0289136	0.245564
2011-10-14 00:00:00	-0.998201	-0.319368	1.34644	0	-0.110826	-0.00967087	0.035244	0	0.370919	0	0	0	0	0	-0.354323	-0.0111671	0.0163364	0	0	0.064991	0.029693	0	0	0.14514	-0.0214729	0.183732
2011-10-15 00:00:00	0	-1.19516	1.28259	0	-0.237646	-0.00649018	0.0254141	0	0.258356	0	0	0	0	0	-0.203909	-0.0111614	0.016319	0	0	0.0571499	0.0271196	0	0	0.146059	-0.0189902	0.139648
2011-10-16 00:00:00	-0.8	-0.252721	1.16564	0	-0.108295	-0.00545931	0.0206567	0	0.163004	0	0	0	0	0	-0.178399	-0.0111561	0.0163024	0	0	0.050919	0.0250958	0	0	0.146371	-0.0168224	0.215139
2011-10-17 00:00:00	-28.4241	2.71463	0.994031	0	2.25264	-0.157371	0.584442	0	6.9114	0	0	0	0	0	11.7813	-0.0112189	0.0164177	0	0	0.0788565	0.033516	0	0	0.133754	-0.0516011	-3.14328
2011-10-18 00:00:00	-3.69107	-0.0049705	0.953988	0	-1.04121	-0.0595685	0.194438	0	3.34174	0	0	0	0	0	-0.130489	-0.0113229	0.0165141	0	0	0.116943	0.0429141	0	0	0.139976	-0.0458009	-0.177912
2011-10-19 00:00:00	0	-0.773381	0.821258	0	-0.561941	-0.0236118	0.0759256	0	1.22913	0	0	0	0	0	-0.932746	-0.0113664	0.0164937	0	0	0.103359	0.0388194	0	0	0.146856	-0.0326146	0.0961793
2011-10-20 00:00:00	-3.28545	0.766028	0.820513	0	0.1919	-0.0246801	0.0842145	0	0.946572	0	0	0	0	0	0.159859	-0.0113816	0.0164947	0	0	0.0920413	0.0356925	0	0	0.148654	-0.0289711	-0.0885176
2011-10-21 00:00:00	-2.85457	-0.0224504	1.06472	0	-0.0269438	-0.025434	0.0912854	0	1.10309	0	0	0	0	0	0.331957	-0.011386	0.0165053	0	0	0.0863647	0.0342462	0	0	0.148292	-0.0306122	-0.0949246
2011-10-22 00:00:00	-0.2	-0.729358	0.974016	0	-0.308972	-0.0136961	0.0489388	0	0.631446	0	0	0	0	0	-0.408167	-0.011386	0.0164944	0	0	0.0776716	0.031713	0	0	0.15035	-0.025684	0.233367
2011-10-23 00:00:00	-1.4018	0.290003	1.0662	0	-0.0817018	-0.00908007	0.0320226	0	0.334343	0	0	0	0	0	-0.250971	-0.0113832	0.0164789	0	0	0.0682454	0.028914	0	0	0.152053	-0.0213023	0.212025
2011-10-24 00:00:00	-0.654565	-0.386041	1.05723	0	-0.193973	-0.00663937	0.0239052	0	0.248518	0	0	0	0	0	-0.154611	-0.0113781	0.0164614	0	0	0.0599094	0.0264761	0	0	0.152612	-0.0195772	0.158328
2011-10-25 00:00:00	-3.87984	0.794671	0.962621	0	0.35461	-0.0169817	0.0707837	0	0.48526	0	0	0	0	0	0.915625	-0.0113799	0.0164657	0	0	0.0570511	0.0262509	0	0	0.15194	-0.0212503	-0.0941725
2011-10-26 00:00:00	-2.00903	-0.0209777	0.817947	0	-0.0862538	-0.0146736	0.0617938	0	0.589558	0	0	0	0	0	0.386597	-0.0113853	0.0164763	0	0	0.0583506	0.0271637	0	0	0.151133	-0.0234307	-0.0567326
2011-10-27 00:00:00	-0.550849	-0.318313	0.852822	0	-0.235642	-0.00762687	0.0313967	0	0.314965	0	0	0	0	0	-0.111743	-0.011381	0.0164643	0	0	0.0542417	0.0259744	0	0	0.152293	-0.0197903	0.192812
2011-10-28 00:00:00	-0.0545653	-0.700252	0.806657	0	-0.116836	-0.00519999	0.0215017	0	0.16752	0	0	0	0	0	-0.064704	-0.0113737	0.0164457	0	0	0.0482717	0.0240973	0	0	0.152862	-0.0170037	0.267421
2011-10-29 00:00:00	-0.256364	-0.627144	0.921394	0	-0.146442	-0.00433243	0.0179969	0	0.133012	0	0	0	0	0	-0.0243338	-0.0113686	0.0164281	0	0	0.0434467	0.0225869	0	0	0.152612	-0.0160737	0.221417
2011-10-30 00:00:00	-0.738203	-0.172684	0.921091	0	-0.105678	-0.00276231	0.0115549	0	0.0943594	0	0	0	0	0	-0.0356207	-0.0113597	0.0164039	0	0	0.0384703	0.0210481	0	0	0.15234	-0.015207	0.173753
2011-10-31 00:00:00	-4.59077	1.75301	0.943602	0	0.434163	-0.0132437	0.0544623	0	0.280791	0	0	0	0	0	0.94785	-0.0113603	0.0164052	0	0	0.0370968	0.0208762	0	0	0.150827	-0.0188044	0.00490722
2011-11-01 00:00:00	-1.80362	-0.0132406	0.747611	0	-0.046404	-0.0122788	0.0515892	0	0.433549	0	0	0	0	0	0.44033	-0.0113649	0.0164114	0	0	0.0394908	0.0221311	0	0	0.14979	-0.0222818	-0.00828291
2011-11-02 00:00:00	-0.14002	-0.610928	0.783963	0	-0.233502	-0.00551643	0.0226506	0	0.238706	0	0	0	0	0	-0.0161465	-0.011362	0.0163965	0	0	0.0378536	0.0215471	0	0	0.150922	-0.0185443	0.236018
2011-11-03 00:00:00	-1.99257	0.469211	0.872577	0	0.109203	-0.00821535	0.0345368	0	0.19618	0	0	0	0	0	0.289545	-0.0113592	0.0163855	0	0	0.0356462	0.0209179	0	0	0.151021	-0.0168475	0.166234
2011-11-04 00:00:00	-2.03992	0.0950342	0.730725	0	0.0680591	-0.0118654	0.0531278	0	0.351395	0	0	0	0	0	0.56838	-0.0113609	0.0163854	0	0	0.0366049	0.0214911	0	0	0.149928	-0.0197855	0.00819872
2011-11-05 00:00:00	-0.254565	-0.246848	0.51056	0	-0.180747	-0.00581682	0.0244226	0	0.219975	0	0	0	0	0	-0.0289295	-0.0113577	0.0163703	0	0	0.0358628	0.0212263	0	0	0.149905	-0.0182842	0.231774
2011-11-06 00:00:00	-0.174525	-0.333626	0.536394	0	-0.0877113	-0.00437378	0.0180089	0	0.119411	0	0	0	0	0	0.00968018	-0.0113511	0.0163467	0	0	0.0329349	0.0201619	0	0	0.149964	-0.0155959	0.275718
2011-11-07 00:00:00	-0.14002	-0.464917	0.637435	0	-0.0762796	-0.00362578	0.0155384	0	0.0978184	0	0	0	0	0	0.0357382	-0.0113443	0.0163217	0	0	0.0305124	0.0192979	0	0	0.149483	-0.0148782	0.29108
2011-11-08 00:00:00	-0.525375	-0.0879641	0.625702	0	-0.109	-0.00318386	0.0129119	0	0.0953301	0	0	0	0	0	0.0514703	-0.0113379	0.0163044	0	0	0.0287088	0.018636	0	0	0.148892	-0.0144852	0.246609
2011-11-09 00:00:00	-0.576324	-0.0727962	0.653911	0	-0.0348851	-0.00354154	0.0145753	0	0.0808098	0	0	0	0	0	0.0693994	-0.0113318	0.0162844	0	0	0.027156	0.0180491	0	0	0.148215	-0.0138573	0.315664
2011-11-10 00:00:00	-2.93459	1.07088	0.690898	0	0.288899	-0.00733833	0.0314621	0	0.150434	0	0	0	0	0	0.584834	-0.0113312	0.0162671	0	0	0.0259913	0.0178014	0	0	0.147229	-0.0159549	0.0554805
2011-11-11 00:00:00	-4.11273	0.049664	0.540595	0	0.480139	-0.0213114	0.094036	0	0.700702	0	0	0	0	0	1.60063	-0.0113393	0.0162801	0	0	0.0294855	0.0191089	0	0	0.144151	-0.0264019	-0.496987
2011-11-12 00:00:00	-1.09087	-0.0210576	0.571308	0	-0.270735	-0.0119413	0.047346	0	0.548275	0	0	0	0	0	0.147228	-0.0113423	0.0162787	0	0	0.0324995	0.0200462	0	0	0.145279	-0.02495	0.0973653
2011-11-13 00:00:00	-0.145435	-0.397384	0.562208	0	-0.108026	-0.00506351	0.0199333	0	0.201661	0	0	0	0	0	-0.14563	-0.011336	0.0162577	0	0	0.0306825	0.0193702	0	0	0.14739	-0.0189864	0.165641
2011-11-14 00:00:00	-0.14002	-0.345101	0.508895	0	-0.108629	-0.00572364	0.0220744	0	0.16786	0	0	0	0	0	0.0517552	-0.0113312	0.0162447	0	0	0.0291159	0.0187921	0	0	0.14774	-0.0168731	0.334799
2011-11-15 00:00:00	-0.05998	-0.448693	0.545108	0	-0.120751	-0.00381568	0.0153022	0	0.120326	0	0	0	0	0	0.0311109	-0.0113239	0.0162251	0	0	0.0273719	0.0181279	0	0	0.147558	-0.0157252	0.260841
2011-11-16 00:00:00	0	-0.43899	0.472677	0	-0.0437202	-0.00285276	0.0118457	0	0.0810458	0	0	0	0	0	0.0436769	-0.011315	0.0162019	0	0	0.0258126	0.0175219	0	0	0.147269	-0.0145795	0.304594
2011-11-17 00:00:00	-0.561488	0.0284112	0.536617	0	-0.102572	-0.0035529	0.0136572	0	0.0952217	0	0	0	0	0	0.0462443	-0.0113099	0.0161867	0	0	0.0249033	0.0171724	0	0	0.146472	-0.0143451	0.231618
2011-11-18 00:00:00	-0.730599	0.2963	0.428412	0	-0.0233878	-0.00346199	0.0131672	0	0.079854	0	0	0	0	0	0.0783065	-0.0113033	0.0161681	0	0	0.0239858	0.0168065	0	0	0.145766	-0.0138727	0.316141
2011-11-19 00:00:00	-0.86068	0.113517	0.510374	0	0.0252183	-0.00229841	0.012519	0	0.0802395	0	0	0	0	0	0.114778	-0.0112926	0.0161357	0	0	0.0229471	0.0163793	0	0	0.145269	-0.0138506	0.169257
2011-11-20 00:00:00	-3.40027	-0.319233	0.530063	0	0.326981	-0.00358415	0.160769	0	0.803522	0	0	0	0	0	1.55601	-0.0112899	0.0161265	0	0	0.0224972	0.0162219	0	0	0.141205	-0.024394	-0.185375
2011-11-21 00:00:00	-0.382384	-0.151442	0.516108	0	-0.221603	-0.00236099	0.0409087	0	0.393254	0	0	0	0	0	-0.0536292	-0.0112834	0.016107	0	0	0.0216462	0.0159627	0	0	0.142503	-0.0224124	0.301374
2011-11-22 00:00:00	-3.51091	1.5288	0.439972	0	0.28061	-0.00906267	0.0388043	0	0.264792	0	0	0	0	0	0.698283	-0.011281	0.0160994	0	0	0.0223419	0.016302	0	0	0.143837	-0.0186455	-0.100058
2011-11-23 00:00:00	-3.5815	-0.0124491	0.498299	0	0.320479	-0.0193098	0.101494	0	0.702756	0	0	0	0	0	1.35786	-0.0112904	0.0161239	0	0	0.029673	0.0190333	0	0	0.14249	-0.0237658	-0.460107
2011-11-24 00:00:00	-9.41474	-0.0196984	0.501101	0	0.745003	-0.0507873	0.273348	0	2.49214	0	0	0	0	0	3.83101	-0.0113163	0.0161722	0	0	0.0417392	0.0227981	0	0	0.138037	-0.0393668	-1.47456
2011-11-25 00:00:00	-9.57341	-0.0150566	0.390756	0	0.264925	-0.0718755	0.297871	0	3.64026	0	0	0	0	0	3.56204	-0.0113696	0.0162288	0	0	0.0570009	0.0267418	0	0	0.137163	-0.0475447	-1.32626
2011-11-26 00:00:00	-5.05451	-0.0176229	0.467511	0	-0.22643	-0.0522593	0.214288	0	2.80129	0	0	0	0	0	1.23363	-0.0113992	0.0162554	0	0	0.0651401	0.028521	0	0	0.141418	-0.043823	-0.437994
2011-11-27 00:00:00	-8.27312	-0.0139583	0.411962	0	0.369665	-0.0747083	0.230542	0	3.36605	0	0	0	0	0	2.87614	-0.0114138	0.0163179	0	0	0.0753239	0.0309975	0	0	0.143194	-0.0432533	-0.896252
2011-11-28 00:00:00	-2.92139	-0.0145544	0.407152	0	-0.330467	-0.0399353	0.166868	0	2.23187	0	0	0	0	0	0.21518	-0.0114365	0.0163273	0	0	0.0794883	0.0317383	0	0	0.1462	-0.0395718	-0.062525
2011-11-29 00:00:00	-15.2883	-0.0168162	0.399291	0	0.831011	-0.148499	0.358791	0	5.77752	0	0	0	0	0	6.02916	-0.0115027	0.0164351	0	0	0.101704	0.037482	0	0	0.142511	-0.0505724	-1.82173
2011-11-30 00:00:00	-6.35558	-0.0171887	0.382681	0	-0.384552	-0.0859877	0.280223	0	4.01939	0	0	0	0	0	1.34764	-0.0115906	0.0165366	0	0	0.124912	0.0433359	0	0	0.14715	-0.0476674	-0.540699
2011-12-01 00:00:00	-9.22586	-0.0727038	0.30955	0	0.141545	-0.114618	0.292153	0	4.55947	0	0	0	0	0	2.92023	-0.0116736	0.0166189	0	0	0.139465	0.0471109	0	0	0.149942	-0.0474336	-0.896205
2011-12-02 00:00:00	-1.38296	-0.0325423	0.310621	0	-0.356671	-0.0455248	0.110735	0	2.00962	0	0	0	0	0	-0.727096	-0.0117114	0.0166627	0	0	0.13874	0.0466201	0	0	0.15727	-0.0366227	0.197145
2011-12-03 00:00:00	-4.12459	-0.0456396	0.339493	0	-0.180862	-0.0639743	0.133295	0	2.35151	0	0	0	0	0	0.853458	-0.0117504	0.0166733	0	0	0.126827	0.0431292	0	0	0.157712	-0.0386583	-0.443379
2011-12-04 00:00:00	-1.8662	0.0121079	0.274488	0	-0.205267	-0.0428582	0.0919472	0	1.61581	0	0	0	0	0	-0.105844	-0.0117841	0.016683	0	0	0.116517	0.0402568	0	0	0.160519	-0.0346327	0.0617403
2011-12-05 00:00:00	-23.5781	0.0573661	0.257278	0	1.71407	-0.202599	0.823431	0	8.86064	0	0	0	0	0	9.34836	-0.0118643	0.0168415	0	0	0.158985	0.0524464	0	0	0.15034	-0.0616276	-2.41441
2011-12-06 00:00:00	-4.47053	-0.0156775	0.274397	0	-0.861041	-0.0980034	0.305448	0	4.5979	0	0	0	0	0	0.00268015	-0.0119336	0.0169626	0	0	0.196857	0.0620196	0	0	0.159533	-0.0531408	0.105476
2011-12-07 00:00:00	-5.45322	-0.0667195	0.279247	0	0.0325153	-0.0809843	0.237087	0	3.38209	0	0	0	0	0	0.992215	-0.0119634	0.0170286	0	0	0.189132	0.0599409	0	0	0.167014	-0.0423769	-0.298992
2011-12-08 00:00:00	-14.2293	0.0325969	0.311673	0	0.581526	-0.157934	0.527582	0	6.54219	0	0	0	0	0	4.67068	-0.012001	0.0171615	0	0	0.210682	0.0661125	0	0	0.162984	-0.0554789	-1.33151
2011-12-09 00:00:00	-2	-0.0206661	0.26457	0	-1.00226	-0.058835	0.194869	0	2.95089	0	0	0	0	0	-0.789509	-0.0120243	0.0172493	0	0	0.208519	0.0659261	0	0	0.171323	-0.044442	-0.0543864
2011-12-10 00:00:00	-4.14073	-0.0260867	0.26051	0	0.0268363	-0.069688	0.194368	0	2.5963	0	0	0	0	0	0.558568	-0.0120438	0.0173075	0	0	0.192528	0.0619258	0	0	0.174744	-0.0398887	-0.205346
2011-12-11 00:00:00	-2.14231	-0.0020898	0.305324	0	-0.11327	-0.050354	0.149024	0	1.99318	0	0	0	0	0	-0.247081	-0.0120606	0.017339	0	0	0.176023	0.0574068	0	0	0.176568	-0.0373136	0.270391
2011-12-12 00:00:00	-2.72166	-0.0185639	0.288983	0	-0.152693	-0.0443738	0.139963	0	1.61198	0	0	0	0	0	0.331976	-0.0120699	0.0173741	0	0	0.160606	0.0536994	0	0	0.178858	-0.0330265	-0.198948
2011-12-13 00:00:00	-5.45803	-0.0164536	0.282278	0	0.394687	-0.0635608	0.214199	0	2.40534	0	0	0	0	0	1.48443	-0.0120797	0.0174159	0	0	0.158381	0.0534991	0	0	0.177362	-0.0374533	-0.399987
2011-12-14 00:00:00	-6.05493	-0.0137787	0.279509	0	0.351724	-0.0775298	0.235542	0	3.13839	0	0	0	0	0	1.64052	-0.0121042	0.0174952	0	0	0.156357	0.0524049	0	0	0.174974	-0.0438253	-0.155252
2011-12-15 00:00:00	-0.300781	-0.025625	0.226365	0	-0.73256	-0.0270235	0.0835141	0	1.38199	0	0	0	0	0	-0.681601	-0.0121103	0.0175161	0	0	0.137807	0.0471715	0	0	0.179865	-0.0346893	0.259843
2011-12-16 00:00:00	-0.485795	-0.0113569	0.211557	0	-0.282081	-0.0154101	0.0516091	0	0.638695	0	0	0	0	0	-0.415724	-0.0121088	0.0175193	0	0	0.123109	0.0434228	0	0	0.183494	-0.0267835	0.0201468
2011-12-17 00:00:00	-0.584028	-0.0147822	0.206012	0	-0.202247	-0.0176745	0.0559278	0	0.598804	0	0	0	0	0	-0.136448	-0.0121087	0.0175158	0	0	0.108848	0.0397479	0	0	0.183908	-0.0256351	0.217841
2011-12-18 00:00:00	-0.167057	-0.133859	0.223105	0	-0.229643	-0.00936302	0.0336978	0	0.355621	0	0	0	0	0	-0.201376	-0.0121091	0.0175074	0	0	0.0943674	0.0359293	0	0	0.184488	-0.0230218	0.168286
2011-12-19 00:00:00	-19.7719	0.101035	0.266435	0	2.17493	-0.166235	0.618937	0	6.63525	0	0	0	0	0	7.64791	-0.0121451	0.0176438	0	0	0.12528	0.0449108	0	0	0.171707	-0.0525724	-2.19884
2011-12-20 00:00:00	-2.15745	-0.0184742	0.260756	0	-1.19797	-0.0576371	0.236135	0	3.34641	0	0	0	0	0	-0.515481	-0.0121686	0.0177267	0	0	0.149593	0.051642	0	0	0.17736	-0.0462242	0.23422
2011-12-21 00:00:00	-6.48976	-0.0130268	0.30711	0	0.502944	-0.0752068	0.273004	0	3.26911	0	0	0	0	0	1.61695	-0.0121722	0.0177676	0	0	0.144629	0.0499833	0	0	0.180751	-0.0440011	-0.271921
2011-12-22 00:00:00	-3.00137	-0.0179633	0.300744	0	-0.461255	-0.0493468	0.169004	0	2.43217	0	0	0	0	0	0.188216	-0.012179	0.0178132	0	0	0.139246	0.04798	0	0	0.183779	-0.0405043	-0.103664
2011-12-23 00:00:00	-5.52409	-0.0114292	0.279327	0	0.459318	-0.0686914	0.225165	0	2.82825	0	0	0	0	0	1.3298	-0.0121908	0.0178749	0	0	0.134605	0.0465296	0	0	0.183966	-0.0423867	-0.153959
2011-12-24 00:00:00	-2.35314	-0.012534	0.293586	0	-0.366073	-0.0454539	0.148906	0	2.07701	0	0	0	0	0	0.0371892	-0.0121941	0.0179073	0	0	0.127982	0.0446499	0	0	0.186571	-0.0393288	0.105074
2011-12-25 00:00:00	-1.18467	-0.0209832	0.372582	0	-0.472359	-0.025885	0.0878939	0	1.16939	0	0	0	0	0	-0.256223	-0.0122027	0.0179151	0	0	0.114093	0.0409967	0	0	0.19039	-0.0325802	-0.0116519
2011-12-26 00:00:00	-2.91093	-0.00905048	0.378935	0	0.340282	-0.0327495	0.12399	0	1.25491	0	0	0	0	0	0.528331	-0.0122159	0.0179435	0	0	0.106155	0.0390155	0	0	0.190471	-0.0324437	-0.0173591
2011-12-27 00:00:00	-0.450068	-0.0486963	0.318108	0	-0.57109	-0.0156106	0.0540532	0	0.778897	0	0	0	0	0	-0.330127	-0.0122171	0.0179727	0	0	0.0957401	0.0363234	0	0	0.191957	-0.0289889	0.0362541
2011-12-28 00:00:00	-8.94018	0.0164209	0.30784	0	1.2383	-0.0757247	0.295532	0	3.2545	0	0	0	0	0	3.00079	-0.0122298	0.0180196	0	0	0.0994992	0.0370914	0	0	0.186021	-0.0422484	-0.616375
2011-12-29 00:00:00	-4.96062	-0.0140224	0.26743	0	-0.245077	-0.0660554	0.21381	0	3.27281	0	0	0	0	0	1.164	-0.0122633	0.0180833	0	0	0.108681	0.0385952	0	0	0.185655	-0.0446853	-0.0736518
2011-12-30 00:00:00	-7.65263	-0.0146666	0.261105	0	0.25763	-0.0934796	0.323232	0	3.99125	0	0	0	0	0	2.1775	-0.0123057	0.0181398	0	0	0.120103	0.0420025	0	0	0.185362	-0.0477161	-0.444464
2011-12-31 00:00:00	-3.6324	-0.0192709	0.356118	0	-0.365348	-0.0544263	0.20527	0	2.69128	0	0	0	0	0	0.340932	-0.012322	0.0181854	0	0	0.122547	0.0427816	0	0	0.18841	-0.0442765	-0.162522
2012-01-01 00:00:00	-4.11386	-0.0165515	0.312696	0	-0.0140483	-0.05251	0.190334	0	2.4251	0	0	0	0	0	0.729413	-0.0123389	0.0182139	0	0	0.117873	0.0415303	0	0	0.190481	-0.0415552	-0.22523
2012-01-02 00:00:00	-0.444653	-0.0252721	0.260309	0	-0.191045	-0.0171087	0.0559785	0	0.969373	0	0	0	0	0	-0.548005	-0.0123422	0.0182037	0	0	0.102069	0.0374996	0	0	0.195329	-0.0319284	0.368408
2012-01-03 00:00:00	-10.6174	0.000193993	0.27937	0	1.00484	-0.106698	0.383544	0	4.4531	0	0	0	0	0	3.50204	-0.0123586	0.0182799	0	0	0.116824	0.0413148	0	0	0.188169	-0.0472407	-0.796009
2012-01-04 00:00:00	-23.8566	-0.0175024	0.300101	0	0.702227	-0.256264	0.929213	0	11.9726	0	0	0	0	0	7.78509	-0.0124221	0.0185031	0	0	0.187688	0.0611956	0	0	0.177238	-0.0706223	-2.07963
2012-01-05 00:00:00	-4.77234	-0.0113684	0.284566	0	-0.815737	-0.111713	0.371769	0	5.52026	0	0	0	0	0	-0.385196	-0.0125108	0.0186797	0	0	0.232595	0.07362	0	0	0.189762	-0.0539138	0.528476
2012-01-06 00:00:00	-0.941664	-0.0202812	0.289649	0	-0.943891	-0.0483721	0.143992	0	2.19421	0	0	0	0	0	-1.17036	-0.0125732	0.0187132	0	0	0.205957	0.0665809	0	0	0.198705	-0.04025	-0.0595861
2012-01-07 00:00:00	-0.34002	-0.0416401	0.30502	0	-0.150229	-0.0284126	0.0877411	0	1.13543	0	0	0	0	0	-0.929552	-0.0125837	0.0187094	0	0	0.175858	0.058326	0	0	0.202224	-0.0332196	0.447652
2012-01-08 00:00:00	-0.4	0.00319622	0.356309	0	-0.451486	-0.018679	0.0604796	0	0.741689	0	0	0	0	0	-0.596937	-0.0125856	0.018716	0	0	0.149056	0.0509926	0	0	0.203892	-0.028892	0.0757519
2012-01-09 00:00:00	-1.34372	-0.0353771	0.345135	0	0.0217894	-0.0234572	0.067623	0	0.782634	0	0	0	0	0	-0.0172128	-0.0125889	0.0187188	0	0	0.131	0.0461405	0	0	0.20367	-0.0282444	0.156112
2012-01-10 00:00:00	-4.36706	0.0164205	0.355389	0	0.629371	-0.0439041	0.166228	0	1.60602	0	0	0	0	0	1.08551	-0.0125989	0.018747	0	0	0.124543	0.0446163	0	0	0.201185	-0.0343765	-0.209908
2012-01-11 00:00:00	-1.05251	-0.0126096	0.376097	0	-0.317537	-0.0203849	0.0804143	0	0.999386	0	0	0	0	0	-0.187119	-0.012618	0.0187607	0	0	0.115114	0.0422053	0	0	0.202511	-0.0315824	0.200125
2012-01-12 00:00:00	-5.96051	-0.0246024	0.339237	0	0.554901	-0.0555201	0.227553	0	2.22312	0	0	0	0	0	1.77587	-0.0126297	0.0187996	0	0	0.113386	0.0421352	0	0	0.199472	-0.0387642	-0.597557
2012-01-13 00:00:00	-2.32167	-0.0362596	0.245446	0	-0.236549	-0.0211683	0.217315	0	1.93705	0	0	0	0	0	0.141646	-0.0126381	0.0188157	0	0	0.106953	0.0405528	0	0	0.199039	-0.0395583	0.238976
2012-01-14 00:00:00	-3.30487	0.0126135	0.258201	0	0.0265065	-0.0360166	0.168486	0	1.78228	0	0	0	0	0	0.698382	-0.0126433	0.0188307	0	0	0.0995535	0.0386163	0	0	0.201063	-0.0376788	-0.0866746
2012-01-15 00:00:00	-5.42139	-0.0165991	0.215767	0	0.272352	-0.0588404	0.247269	0	2.59015	0	0	0	0	0	1.46116	-0.012661	0.0188711	0	0	0.103512	0.0400969	0	0	0.199742	-0.0420711	-0.402645
2012-01-16 00:00:00	-0.608013	-0.0197893	0.214838	0	-0.662569	-0.0210596	0.108508	0	1.32329	0	0	0	0	0	-0.442623	-0.012688	0.018876	0	0	0.0983997	0.0388295	0	0	0.203766	-0.0350202	0.204747
2012-01-17 00:00:00	-3.1068	-0.112108	0.331068	0	0.2441	-0.0100323	0.243488	0	1.69063	0	0	0	0	0	0.553235	-0.0126934	0.0188709	0	0	0.0847887	0.0350365	0	0	0.202479	-0.0358564	0.126198
2012-01-18 00:00:00	-3.15457	0.0890505	0.395923	0	0.0101287	-0.0235023	0.177557	0	1.72615	0	0	0	0	0	0.55982	-0.0126927	0.0188815	0	0	0.0775032	0.0329205	0	0	0.202599	-0.0375911	0.0621843
2012-01-19 00:00:00	-6.26092	-0.0212687	0.3424	0	0.499372	-0.0499429	0.24979	0	2.82937	0	0	0	0	0	1.63684	-0.0127028	0.0189018	0	0	0.0786315	0.0326492	0	0	0.200314	-0.0441948	-0.500762
2012-01-20 00:00:00	-3.21883	-0.0171046	0.349917	0	-0.288741	-0.0441859	0.149018	0	2.26115	0	0	0	0	0	0.458177	-0.0127157	0.0189322	0	0	0.0823904	0.0330803	0	0	0.203332	-0.0400067	-0.0655921
2012-01-21 00:00:00	-3.14389	-0.00132243	0.400702	0	0.173977	-0.0345845	0.176354	0	1.98089	0	0	0	0	0	0.411644	-0.0127176	0.0189732	0	0	0.0800585	0.0321912	0	0	0.204548	-0.0386548	0.24817
2012-01-22 00:00:00	-5.5625	-0.0158314	0.395498	0	0.207597	-0.064348	0.202147	0	2.85282	0	0	0	0	0	1.35704	-0.0127396	0.0190021	0	0	0.0816514	0.0321948	0	0	0.202682	-0.043354	-0.348139
2012-01-23 00:00:00	-0.604161	-0.1587	0.348741	0	-0.620243	-0.0216	0.0976129	0	1.38807	0	0	0	0	0	-0.439482	-0.012737	0.0190255	0	0	0.0762107	0.0306967	0	0	0.206947	-0.0355481	0.274837
2012-01-24 00:00:00	-5.45928	0.136089	0.366116	0	0.443466	-0.0570364	0.183606	0	2.1244	0	0	0	0	0	1.48515	-0.0127642	0.0190698	0	0	0.0828818	0.0330151	0	0	0.206936	-0.0362499	-0.484603
2012-01-25 00:00:00	-5.08764	-0.00619438	0.470781	0	0.197139	-0.0627727	0.247168	0	2.8309	0	0	0	0	0	1.1113	-0.0128039	0.019115	0	0	0.0939514	0.0364636	0	0	0.204115	-0.0424228	-0.000908695
2012-01-26 00:00:00	-6.09141	-0.0149869	0.36328	0	0.0220483	-0.0562216	0.303315	0	3.44719	0	0	0	0	0	1.44252	-0.0128861	0.0191593	0	0	0.099107	0.0373195	0	0	0.20232	-0.0457952	-0.285043
2012-01-27 00:00:00	-1.16221	-0.109543	0.348039	0	-0.504127	-0.029207	0.114887	0	1.50022	0	0	0	0	0	-0.350433	-0.0128952	0.0191902	0	0	0.097959	0.0374155	0	0	0.208269	-0.0349928	0.122576
2012-01-28 00:00:00	-1.09763	-0.0162748	0.294656	0	-0.337927	-0.0162784	0.114367	0	1.00394	0	0	0	0	0	-0.161478	-0.0128954	0.0191922	0	0	0.0877698	0.0351077	0	0	0.210572	-0.0307499	0.0923757
2012-01-29 00:00:00	-0.711238	-0.179015	0.363179	0	-0.200422	-0.0090818	0.0829443	0	0.706879	0	0	0	0	0	-0.14066	-0.0128982	0.0191858	0	0	0.0755004	0.0319726	0	0	0.211007	-0.0285755	0.208777
2012-01-30 00:00:00	-0.122404	-0.284223	0.383062	0	-0.325401	-0.00766766	0.0444812	0	0.469748	0	0	0	0	0	-0.200511	-0.0128962	0.0191838	0	0	0.0665005	0.0296537	0	0	0.211995	-0.0251483	0.246374
2012-01-31 00:00:00	-3.64055	0.534195	0.335801	0	0.502314	-0.0209103	0.122453	0	0.906143	0	0	0	0	0	0.898976	-0.0128993	0.0191925	0	0	0.0619286	0.0285583	0	0	0.210191	-0.0289837	-0.0835876
2012-02-01 00:00:00	-1.55045	-0.263141	0.346765	0	-0.142105	-0.0105716	0.145464	0	1.18741	0	0	0	0	0	0.201797	-0.0129016	0.0192023	0	0	0.0595379	0.0280646	0	0	0.207451	-0.0333814	0.183142
2012-02-02 00:00:00	-0.0408013	-0.223068	0.278909	0	-0.402362	-0.00626292	0.0475773	0	0.542791	0	0	0	0	0	-0.157418	-0.0128982	0.0191979	0	0	0.0524151	0.0261674	0	0	0.21035	-0.0262238	0.308374
2012-02-03 00:00:00	-0.244808	-0.258278	0.368376	0	-0.174774	-0.00527287	0.0369364	0	0.290901	0	0	0	0	0	0.00559676	-0.0128956	0.0191931	0	0	0.046935	0.0246998	0	0	0.211574	-0.0220258	0.286158
2012-02-04 00:00:00	-2.14295	0.70057	0.406553	0	0.173483	-0.00695629	0.0486833	0	0.339741	0	0	0	0	0	0.359132	-0.0128935	0.019188	0	0	0.0430707	0.0235385	0	0	0.210646	-0.022025	0.139777
2012-02-05 00:00:00	-0.159199	-0.248696	0.420909	0	-0.307761	-0.00609936	0.0294706	0	0.337335	0	0	0	0	0	-0.0316523	-0.0128925	0.0191849	0	0	0.040886	0.0227961	0	0	0.209821	-0.0219024	0.2922
2012-02-06 00:00:00	-3.38651	-0.246351	0.43574	0	0.489943	-0.00429683	0.237655	0	1.43647	0	0	0	0	0	1.00563	-0.0128883	0.0191757	0	0	0.0374781	0.0219162	0	0	0.204099	-0.0307101	0.207352
2012-02-07 00:00:00	-2.24007	-0.122846	0.36584	0	-0.179581	-0.00380702	0.196321	0	1.58763	0	0	0	0	0	0.448399	-0.0128831	0.0191662	0	0	0.0346305	0.0211868	0	0	0.202066	-0.0339526	0.282106
2012-02-08 00:00:00	-1.08836	-0.21065	0.421989	0	-0.155827	-0.00379965	0.109262	0	0.957266	0	0	0	0	0	0.0795336	-0.0128784	0.019155	0	0	0.0322643	0.0205734	0	0	0.204413	-0.0292886	0.343649
2012-02-09 00:00:00	-3.75114	0.773725	0.47466	0	0.243383	-0.0142589	0.114146	0	0.82424	0	0	0	0	0	0.861212	-0.0128851	0.0191686	0	0	0.0355206	0.0217683	0	0	0.205897	-0.0259202	-0.230484
2012-02-10 00:00:00	-4.81597	-0.00923318	0.407791	0	0.524074	-0.0305962	0.183768	0	1.60038	0	0	0	0	0	1.36157	-0.0129019	0.0192125	0	0	0.047405	0.0254837	0	0	0.203477	-0.0322344	-0.527776
2012-02-11 00:00:00	-3.23065	-0.0115725	0.517263	0	0.0744675	-0.0273968	0.144603	0	1.43703	0	0	0	0	0	0.673777	-0.0129161	0.0192483	0	0	0.0582811	0.0286488	0	0	0.203575	-0.0324488	-0.158091
2012-02-12 00:00:00	-0.918397	-0.0234243	0.571035	0	-0.49071	-0.014658	0.0659143	0	0.808553	0	0	0	0	0	-0.149297	-0.0129173	0.0192505	0	0	0.0580357	0.0285422	0	0	0.205527	-0.0275809	0.119873
2012-02-13 00:00:00	-1.17247	-0.0135253	0.581764	0	-0.0930028	-0.010774	0.0559713	0	0.482359	0	0	0	0	0	0.072438	-0.0129154	0.01925	0	0	0.0539291	0.0273589	0	0	0.206392	-0.0238974	0.172876
2012-02-14 00:00:00	-1.62818	0.00475417	0.593146	0	0.119271	-0.0138233	0.0680822	0	0.539151	0	0	0	0	0	0.253119	-0.0129147	0.019252	0	0	0.0512162	0.0265702	0	0	0.205217	-0.0244387	0.20042
2012-02-15 00:00:00	-8.45507	-0.0204746	0.664447	0	0.991324	-0.0660438	0.283801	0	2.55787	0	0	0	0	0	2.77346	-0.0129357	0.0193185	0	0	0.0660637	0.0312321	0	0	0.199663	-0.0371075	-1.00445
2012-02-16 00:00:00	-1.53968	-0.020131	0.691071	0	-0.649166	-0.0247768	0.128265	0	1.51008	0	0	0	0	0	-0.251881	-0.0129411	0.0193659	0	0	0.0764666	0.0344006	0	0	0.201621	-0.0346814	0.12801
2012-02-17 00:00:00	-2.62461	0.000367393	0.714405	0	0.182538	-0.0199091	0.13985	0	1.1731	0	0	0	0	0	0.332252	-0.0129386	0.0193637	0	0	0.0694341	0.0320996	0	0	0.202797	-0.032262	0.176482
2012-02-18 00:00:00	-5.95385	-0.00637882	0.605893	0	0.442818	-0.0534159	0.207138	0	2.42907	0	0	0	0	0	1.63744	-0.012948	0.0193934	0	0	0.0746929	0.0331262	0	0	0.200405	-0.0382268	-0.414837
2012-02-19 00:00:00	-0.594249	-0.319389	0.554102	0	-0.634647	-0.0166642	0.0871333	0	1.15552	0	0	0	0	0	-0.365122	-0.0129475	0.0194048	0	0	0.0753135	0.0328523	0	0	0.203883	-0.0317631	0.153423
2012-02-20 00:00:00	-3.59188	0.27666	0.701418	0	0.368032	-0.0335459	0.0894461	0	1.15674	0	0	0	0	0	0.703616	-0.0129486	0.0194091	0	0	0.0720316	0.0316206	0	0	0.204451	-0.0300707	-0.0450153
2012-02-21 00:00:00	-7.28611	0.0137965	0.788027	0	0.475644	-0.0709691	0.279294	0	2.86963	0	0	0	0	0	2.04824	-0.0129663	0.0194655	0	0	0.0856183	0.0357709	0	0	0.20009	-0.0399561	-0.594429
2012-02-22 00:00:00	-6.41381	-0.00715382	0.88195	0	0.165853	-0.0484468	0.363911	0	3.4466	0	0	0	0	0	1.19095	-0.012976	0.0195043	0	0	0.0953085	0.0386168	0	0	0.196943	-0.0465643	-0.129315
2012-02-23 00:00:00	-2.10976	-0.0147204	0.914565	0	-0.705226	-0.0287056	0.147113	0	1.92111	0	0	0	0	0	-0.273163	-0.012975	0.0195086	0	0	0.0877168	0.0362096	0	0	0.201933	-0.0397548	0.143857
2012-02-24 00:00:00	-0.951731	-0.090933	0.83904	0	-0.309145	-0.0124073	0.0571118	0	0.718	0	0	0	0	0	-0.379044	-0.012972	0.0194938	0	0	0.0750811	0.0325892	0	0	0.207066	-0.0297837	0.162367
2012-02-25 00:00:00	-2.07881	-0.022857	0.780514	0	-0.00261277	-0.0219283	0.0716862	0	0.852161	0	0	0	0	0	0.283604	-0.0129725	0.0194961	0	0	0.0704587	0.0310628	0	0	0.207206	-0.0287887	0.148217
2012-02-26 00:00:00	-0.896775	-0.0791484	0.65978	0	-0.252514	-0.0134112	0.0475393	0	0.588422	0	0	0	0	0	-0.098747	-0.0129718	0.0194932	0	0	0.0653655	0.0295462	0	0	0.207804	-0.0256032	0.23878
2012-02-27 00:00:00	-1.00942	0.0133321	0.950887	0	-0.315443	-0.00776523	0.0311802	0	0.320187	0	0	0	0	0	-0.0644537	-0.0129687	0.0194823	0	0	0.0581589	0.0276515	0	0	0.208663	-0.021897	0.197594
2012-02-28 00:00:00	-0.300781	-0.630605	0.995331	0	-0.18296	-0.00573719	0.024093	0	0.194289	0	0	0	0	0	-0.043514	-0.0129646	0.0194702	0	0	0.0516974	0.0259388	0	0	0.208213	-0.0197885	0.322682
2012-02-29 00:00:00	-0.24866	-0.31275	0.852136	0	-0.361872	-0.00419955	0.0178311	0	0.15091	0	0	0	0	0	-0.0166929	-0.0129593	0.0194542	0	0	0.045873	0.0244863	0	0	0.20709	-0.0189431	0.341704
2012-03-01 00:00:00	-1.34968	0.240037	0.975972	0	0.02123	-0.00371093	0.0214678	0	0.114097	0	0	0	0	0	0.0976449	-0.0129536	0.0194295	0	0	0.0406971	0.0232815	0	0	0.205401	-0.0181716	0.374744
2012-03-02 00:00:00	-1.03074	0.0655133	0.907896	0	-0.119842	-0.00427178	0.0188372	0	0.139444	0	0	0	0	0	0.131011	-0.0129473	0.019378	0	0	0.0370309	0.0222931	0	0	0.203228	-0.0184627	0.358373
2012-03-03 00:00:00	-2.99726	0.716329	0.882247	0	0.405726	-0.0102207	0.0473865	0	0.281987	0	0	0	0	0	0.556667	-0.0129455	0.0193715	0	0	0.0351105	0.0216556	0	0	0.200871	-0.021069	0.125851
2012-03-04 00:00:00	-7.19978	0.0476105	0.742397	0	1.13398	-0.0462896	0.217715	0	1.74239	0	0	0	0	0	2.30644	-0.0129605	0.019414	0	0	0.0456465	0.0245468	0	0	0.194786	-0.0352938	-0.819398
2012-03-05 00:00:00	-0.2	-0.488481	0.726934	0	-0.636104	-0.0160385	0.0624043	0	0.898103	0	0	0	0	0	-0.366418	-0.0129664	0.0194323	0	0	0.053584	0.0271158	0	0	0.197429	-0.0300745	0.234919
2012-03-06 00:00:00	-0.244653	-0.498874	0.79855	0	-0.36219	-0.00861027	0.0339988	0	0.340767	0	0	0	0	0	-0.0865962	-0.0129611	0.0194184	0	0	0.0481714	0.0255713	0	0	0.200344	-0.0221799	0.230756
2012-03-07 00:00:00	-2.61702	0.808844	0.894072	0	0.254523	-0.0140649	0.0359612	0	0.342594	0	0	0	0	0	0.275039	-0.0129582	0.0194053	0	0	0.0438262	0.0242153	0	0	0.199488	-0.0219015	0.232027
2012-03-08 00:00:00	-3.02507	0.0684536	0.977163	0	0.217972	-0.0105249	0.121168	0	0.857374	0	0	0	0	0	0.546851	-0.0129567	0.0193927	0	0	0.0409488	0.0230861	0	0	0.19537	-0.0292513	-0.0100276
2012-03-09 00:00:00	-0.538121	-0.714447	1.14746	0	-0.433163	-0.00609489	0.0542095	0	0.576127	0	0	0	0	0	-0.0376693	-0.0129526	0.0193772	0	0	0.0377612	0.0221445	0	0	0.196666	-0.0263907	0.284907
2012-03-10 00:00:00	-0.590397	-0.224464	0.935561	0	-0.333209	-0.00227846	0.0338197	0	0.268818	0	0	0	0	0	-0.0467162	-0.0129495	0.0193534	0	0	0.0332681	0.0212254	0	0	0.19805	-0.0220617	0.27802
2012-03-11 00:00:00	-1.14244	-0.177229	1.04391	0	-0.130503	-0.00254312	0.0775615	0	0.457544	0	0	0	0	0	0.111212	-0.012943	0.0193367	0	0	0.0292665	0.0203698	0	0	0.196229	-0.0237381	0.466042
2012-03-12 00:00:00	-0.126256	-0.26782	1.01751	0	-0.42463	-0.00158257	0.0184792	0	0.235966	0	0	0	0	0	-0.176515	-0.0129317	0.0193109	0	0	0.0251095	0.0188495	0	0	0.196527	-0.0212725	0.500743
2012-03-13 00:00:00	-1.0352	-0.00203125	1.00016	0	-0.13459	-0.00167912	0.0364865	0	0.199495	0	0	0	0	0	0.139311	-0.012923	0.0192895	0	0	0.0226241	0.0179073	0	0	0.19574	-0.019675	0.42491
2012-03-14 00:00:00	-1.8746	0.539272	1.09882	0	0.0533331	-0.0035155	0.0394789	0	0.254268	0	0	0	0	0	0.15219	-0.0129183	0.0192745	0	0	0.0217546	0.0176165	0	0	0.193821	-0.0204847	0.478312
2012-03-15 00:00:00	-5.08922	0.70821	1.08555	0	0.794279	-0.008929	0.112651	0	0.627784	0	0	0	0	0	1.17915	-0.0129198	0.0192764	0	0	0.0258457	0.018133	0	0	0.191743	-0.0239445	-0.372384
2012-03-16 00:00:00	-11.7542	0.170124	1.21436	0	1.58381	-0.0648801	0.37133	0	3.00576	0	0	0	0	0	3.65197	-0.0129529	0.0193581	0	0	0.0486759	0.0253686	0	0	0.186159	-0.0403474	-1.5955
2012-03-17 00:00:00	-0.732161	-0.358724	1.12921	0	-0.895058	-0.0221165	0.0910283	0	1.37423	0	0	0	0	0	-0.691941	-0.0129678	0.0193974	0	0	0.0642503	0.0303597	0	0	0.191888	-0.0338411	0.153553
2012-03-18 00:00:00	-0.0545653	-0.702448	1.06095	0	-0.51477	-0.010471	0.0420806	0	0.450155	0	0	0	0	0	-0.295779	-0.0129626	0.0193808	0	0	0.0572692	0.028304	0	0	0.19704	-0.0233102	0.240871
2012-03-19 00:00:00	-0.82532	-0.0501959	1.1497	0	-0.228116	-0.00489515	0.0154867	0	0.171739	0	0	0	0	0	-0.210461	-0.0129549	0.0193595	0	0	0.0494539	0.0261625	0	0	0.198092	-0.0194958	0.27855
2012-03-20 00:00:00	-1.39287	0.226855	1.36992	0	-0.238862	-0.00746901	0.0239267	0	0.200837	0	0	0	0	0	-0.0142489	-0.0129507	0.0193508	0	0	0.0451377	0.0249364	0	0	0.197279	-0.0184528	0.423388
2012-03-21 00:00:00	0	-0.553464	1.22884	0	-0.427098	-0.00253915	0.00789221	0	0.113033	0	0	0	0	0	-0.177734	-0.0129378	0.0193576	0	0	0.038443	0.0230661	0	0	0.196515	-0.017495	0.435876
2012-03-22 00:00:00	-0.0545653	-0.369991	1.93599	0	-0.778178	-0.00194711	0.00309309	0	0.0398266	0	0	0	0	0	-0.242389	-0.0129334	0.0193413	0	0	0.0328113	0.0210613	0	0	0.194771	-0.0161364	0.770758
2012-03-23 00:00:00	0	-0.236381	1.47952	0	-0.461668	-0.00151833	0.00208312	0	0.023428	0	0	0	0	0	-0.184175	-0.012926	0.0193111	0	0	0.026869	0.0189438	0	0	0.192522	-0.0155064	0.850502
2012-03-24 00:00:00	-3.37765	0.960639	1.74204	0	0.35943	-0.00250854	0.00903352	0	0.0293296	0	0	0	0	0	0.356139	-0.0129315	0.019268	0	0	0.0249137	0.0180379	0	0	0.190683	-0.0150028	0.301421
2012-03-25 00:00:00	-0.196148	-1.23323	2.778	0	-0.514414	-0.00257014	0.0079602	0	0.0569967	0	0	0	0	0	-0.234158	-0.0129225	0.0192528	0	0	0.02487	0.0178635	0	0	0.188578	-0.0151576	0.884922
2012-03-26 00:00:00	-0.155347	-0.283997	2.64891	0	-0.48117	-0.000432211	0.000345312	0	0.00854546	0	0	0	0	0	-0.515839	-0.0128972	0.0192108	0	0	0.0183533	0.0154878	0	0	0.186515	-0.014379	1.43331
2012-03-27 00:00:00	-0.0408013	-0.00814607	2.61344	0	-0.607542	-1.30653E-05	0.000103544	0	0.00280106	0	0	0	0	0	-0.401672	-0.0128752	0.0191701	0	0	0.0144035	0.0136478	0	0	0.183543	-0.0133598	1.7627
2012-03-28 00:00:00	-0.0545653	0	2.49541	0	-0.119347	0	4.46069E-05	0	0.000860692	0	0	0	0	0	-0.67806	-0.0128218	0.0191464	0	0	0.0113674	0.0121588	0	0	0.180171	-0.0128269	1.84154
2012-03-29 00:00:00	-0.816026	0.199307	1.37175	0	0.21969	-9.25025E-05	0.000470538	0	0.000500772	0	0	0	0	0	-0.111794	-0.0128136	0.0191055	0	0	0.0102593	0.0116682	0	0	0.176659	-0.0125137	1.05618
2012-03-30 00:00:00	-0.0408013	-0.185035	1.34296	0	-0.0261597	-7.53408E-05	0.000743964	0	0.000307726	0	0	0	0	0	-0.0855221	-0.0128012	0.0190806	0	0	0.00987839	0.0114844	0	0	0.173412	-0.0123193	1.19515
2012-03-31 00:00:00	-0.273744	-0.0142723	1.13059	0	0.0323011	-7.86192E-05	0.00106858	0	0.000317649	0	0	0	0	0	-0.0509978	-0.0127834	0.0190536	0	0	0.00975041	0.0114629	0	0	0.170833	-0.012171	1.01133
2012-04-01 00:00:00	-0.244808	0	1.58768	0	-0.0153843	-4.78642E-05	0.000501607	0	0.000240685	0	0	0	0	0	-0.288354	-0.0127534	0.019018	0	0	0.00948723	0.0112797	0	0	0.16869	-0.0120796	1.22347
2012-04-02 00:00:00	-0.912256	0	1.40722	0	-0.0194764	-1.99673E-05	0.000214053	0	0.000190716	0	0	0	0	0	0.210988	-0.0127007	0.0189871	0	0	0.00994857	0.0116351	0	0	0.166599	-0.0119567	0.869378
2012-04-03 00:00:00	-8.78453	2.06802	1.17622	0	0.804191	-0.000450806	0.00724724	0	0.0267289	0	0	0	0	0	1.60779	-0.0127168	0.0190082	0	0	0.0126602	0.0120344	0	0	0.164172	-0.0120646	-2.91169
2012-04-04 00:00:00	-5.48154	0.22727	1.18782	0	0.674192	-0.00376374	0.0216204	0	0.14936	0	0	0	0	0	1.4818	-0.0127348	0.019043	0	0	0.0215051	0.0146945	0	0	0.163981	-0.0131301	-1.54988
2012-04-05 00:00:00	-0.4	-1.02279	1.65991	0	-0.101883	-0.00318365	0.0172192	0	0.135834	0	0	0	0	0	-0.0965107	-0.0127372	0.019042	0	0	0.0267524	0.0169474	0	0	0.163994	-0.013537	0.389062
2012-04-06 00:00:00	-4.98829	1.07227	1.61032	0	0.53217	-0.00628333	0.0294375	0	0.171783	0	0	0	0	0	0.901949	-0.0127353	0.0190338	0	0	0.0281467	0.0176826	0	0	0.163459	-0.0136113	-0.474667
2012-04-07 00:00:00	-1.05267	-0.66487	1.58751	0	-0.0436457	-0.00419556	0.0211867	0	0.19438	0	0	0	0	0	0.0185878	-0.0127351	0.0190258	0	0	0.0303147	0.018631	0	0	0.163318	-0.0150484	0.259792
2012-04-08 00:00:00	-0.951494	-0.35004	1.66922	0	-0.133948	-0.00163014	0.00895775	0	0.068154	0	0	0	0	0	-0.045309	-0.012717	0.0190002	0	0	0.0282288	0.0183027	0	0	0.16346	-0.0140386	0.466151
2012-04-09 00:00:00	-1.44253	0.0458884	1.57934	0	0.0208707	-0.00177431	0.00675181	0	0.0479798	0	0	0	0	0	0.0133885	-0.0126982	0.0189709	0	0	0.0258095	0.017901	0	0	0.162756	-0.0135024	0.469154
2012-04-10 00:00:00	-23.078	1.20046	1.43604	0	3.17041	-0.0922837	0.468644	0	3.75382	0	0	0	0	0	7.39662	-0.0127634	0.0191161	0	0	0.0509478	0.0256437	0	0	0.153756	-0.0386365	-5.54619
2012-04-11 00:00:00	-1.88545	-0.0228961	1.52309	0	-1.39093	-0.0367621	0.15031	0	2.1726	0	0	0	0	0	-0.985704	-0.0128132	0.0192097	0	0	0.0776756	0.0338891	0	0	0.161325	-0.038083	-0.234549
2012-04-12 00:00:00	-4.02539	0.00178485	1.51007	0	0.189077	-0.0290297	0.147065	0	1.3262	0	0	0	0	0	0.394045	-0.0128134	0.01921	0	0	0.0744112	0.0327793	0	0	0.168217	-0.0308364	-0.235206
2012-04-13 00:00:00	-0.155347	-0.998762	1.36206	0	-0.496432	-0.0114578	0.0519755	0	0.644296	0	0	0	0	0	-0.4782	-0.0128096	0.0191994	0	0	0.0689454	0.0311089	0	0	0.172339	-0.0259001	0.171019
2012-04-14 00:00:00	-0.796148	-0.1575	1.32754	0	-0.121065	-0.00870005	0.0345959	0	0.29268	0	0	0	0	0	-0.329806	-0.0128026	0.0191808	0	0	0.0607688	0.0288841	0	0	0.175136	-0.0209832	0.491784
2012-04-15 00:00:00	-0.2	-0.276227	1.36468	0	-0.525418	-0.0030364	0.00962255	0	0.12914	0	0	0	0	0	-0.337764	-0.012789	0.0191531	0	0	0.0498773	0.0261892	0	0	0.176117	-0.018492	0.401049
2012-04-16 00:00:00	-10.3193	1.4509	1.52345	0	1.59541	-0.0421148	0.216013	0	1.50876	0	0	0	0	0	2.83568	-0.0128068	0.0192125	0	0	0.0623938	0.0291036	0	0	0.173257	-0.0250401	-0.985067
2012-04-17 00:00:00	-4.28545	-0.0412365	1.63543	0	-0.325465	-0.033243	0.152513	0	1.69951	0	0	0	0	0	0.517595	-0.012826	0.0192563	0	0	0.076833	0.0335306	0	0	0.17088	-0.0336498	-0.426325
2012-04-18 00:00:00	-0.856364	-0.669321	1.59419	0	-0.361557	-0.015823	0.0672644	0	0.780214	0	0	0	0	0	-0.389954	-0.0128247	0.0192485	0	0	0.0722501	0.0320899	0	0	0.174727	-0.026788	0.407351
2012-04-19 00:00:00	-5.02086	0.615179	1.76637	0	0.185354	-0.0239413	0.0942053	0	0.904648	0	0	0	0	0	0.931802	-0.012826	0.0192577	0	0	0.0713471	0.0316445	0	0	0.176532	-0.0226761	-0.283967
2012-04-20 00:00:00	-1.19214	-0.514369	1.80984	0	-0.281535	-0.0111254	0.0429726	0	0.520716	0	0	0	0	0	-0.260128	-0.0128234	0.0192552	0	0	0.0693207	0.030979	0	0	0.177087	-0.021035	0.377016
2012-04-21 00:00:00	-7.28764	0.578546	1.75683	0	0.713798	-0.0387545	0.178462	0	1.49934	0	0	0	0	0	1.73605	-0.0128336	0.0192779	0	0	0.0715937	0.0314839	0	0	0.174018	-0.0293909	-0.609221
2012-04-22 00:00:00	-1.57288	-0.254147	1.73298	0	-0.615603	-0.0162506	0.0713772	0	0.955315	0	0	0	0	0	-0.315266	-0.0128361	0.0192813	0	0	0.0707156	0.0311164	0	0	0.17455	-0.0295162	0.238834
2012-04-23 00:00:00	-0.935777	-0.499229	1.774	0	-0.394413	-0.00798569	0.0339764	0	0.311548	0	0	0	0	0	-0.195193	-0.0128287	0.0192621	0	0	0.0626742	0.0288173	0	0	0.178509	-0.0205856	0.342773
2012-04-24 00:00:00	-2.56857	0.314299	1.81854	0	-0.0861323	-0.00910239	0.0366299	0	0.258213	0	0	0	0	0	0.197538	-0.0128229	0.0192497	0	0	0.0579929	0.0273231	0	0	0.179169	-0.0175324	0.214799
2012-04-25 00:00:00	-7.24866	0.496331	1.87264	0	1.03525	-0.0337136	0.142606	0	1.24413	0	0	0	0	0	1.79503	-0.0128321	0.0192753	0	0	0.0649033	0.0293235	0	0	0.17645	-0.0235954	-0.442859
2012-04-26 00:00:00	-11.4715	0.0028518	1.8406	0	0.646823	-0.0836528	0.355112	0	3.74092	0	0	0	0	0	3.34024	-0.0128639	0.0193782	0	0	0.0907079	0.0367702	0	0	0.170207	-0.0402586	-1.36466
2012-04-27 00:00:00	-0.388289	-1.04989	1.68828	0	-1.04652	-0.0230336	0.0911006	0	1.43215	0	0	0	0	0	-0.828034	-0.0128755	0.0194151	0	0	0.100762	0.0395596	0	0	0.176227	-0.0311409	0.167715
2012-04-28 00:00:00	-0.114545	-0.369144	1.6173	0	-0.751996	-0.00632196	0.0208569	0	0.274204	0	0	0	0	0	-0.590716	-0.0128652	0.0193906	0	0	0.0842744	0.035359	0	0	0.181384	-0.0204691	0.366709
2012-04-29 00:00:00	-4.93775	1.23699	1.59372	0	0.693495	-0.0155414	0.0624759	0	0.468296	0	0	0	0	0	0.661008	-0.0128628	0.0193903	0	0	0.0781802	0.0329983	0	0	0.181548	-0.0192077	0.0427482
2012-04-30 00:00:00	-0.996148	-0.939664	2.01295	0	-0.422639	-0.0093854	0.0426254	0	0.46949	0	0	0	0	0	-0.201344	-0.0128602	0.0193799	0	0	0.0743469	0.0316255	0	0	0.1808	-0.020291	0.22889
2012-05-01 00:00:00	-0.359199	-0.49223	2.04622	0	-0.727271	-0.00234775	0.00979467	0	0.12157	0	0	0	0	0	-0.357026	-0.0128496	0.0193541	0	0	0.0617869	0.0287629	0	0	0.181331	-0.0174802	0.500414
2012-05-02 00:00:00	-0.473744	-0.292118	1.95633	0	-0.642706	-0.002618	0.00617783	0	0.0528504	0	0	0	0	0	-0.285184	-0.0128417	0.0193365	0	0	0.0526327	0.0263946	0	0	0.180748	-0.015921	0.569335
2012-05-03 00:00:00	-0.32641	-0.279636	2.09783	0	-0.796417	-0.000870029	0.000796245	0	0.0208437	0	0	0	0	0	-0.17843	-0.012821	0.0192908	0	0	0.0385897	0.0219628	0	0	0.18021	-0.015199	0.769736
2012-05-04 00:00:00	-3.56648	0.329081	1.86046	0	1.03442	-0.00113484	0.0570143	0	0.172239	0	0	0	0	0	0.35031	-0.012816	0.0192808	0	0	0.0345377	0.0208501	0	0	0.177866	-0.0169826	0.45865
2012-05-05 00:00:00	-0.971373	-0.137253	1.77354	0	-0.404535	-0.00141335	0.0550494	0	0.362971	0	0	0	0	0	-0.154592	-0.0127996	0.0192537	0	0	0.0297385	0.0192367	0	0	0.175328	-0.0221278	0.731025
2012-05-06 00:00:00	-0.0408013	-0.261553	1.62091	0	-0.351812	-7.30825E-05	0.0127229	0	0.118416	0	0	0	0	0	-0.279711	-0.0127678	0.0192198	0	0	0.0243037	0.0173874	0	0	0.176488	-0.0176314	1.0251
2012-05-07 00:00:00	-4.05636	1.14609	2.01625	0	0.308804	-0.000782342	0.0176903	0	0.0800924	0	0	0	0	0	0.363498	-0.0127408	0.0191981	0	0	0.0225449	0.0167507	0	0	0.176115	-0.0156072	0.0815352
2012-05-08 00:00:00	-1.5493	-0.467205	2.04825	0	-0.0772785	-0.00267238	0.0206774	0	0.126535	0	0	0	0	0	0.157191	-0.0127315	0.0191828	0	0	0.0238289	0.0168626	0	0	0.174956	-0.0161787	0.462109
2012-05-09 00:00:00	-0.196148	-0.767991	2.06197	0	-0.492344	-0.000967382	0.00396404	0	0.0429584	0	0	0	0	0	-0.0946734	-0.012718	0.0191458	0	0	0.0232565	0.0168627	0	0	0.174837	-0.0138835	0.764273
2012-05-10 00:00:00	-22.2002	2.42513	1.92815	0	3.50984	-0.0687836	0.337844	0	2.50515	0	0	0	0	0	6.83501	-0.0127715	0.0193015	0	0	0.0621168	0.0280973	0	0	0.171926	-0.0209175	-4.48013
2012-05-11 00:00:00	-12.1347	-0.00553359	2.04643	0	0.126562	-0.0858541	0.497261	0	5.1021	0	0	0	0	0	2.675	-0.0128451	0.019485	0	0	0.124286	0.0459804	0	0	0.16595	-0.0438614	-1.4797
2012-05-12 00:00:00	-0.77507	-1.06397	2.43063	0	-1.23276	-0.0203242	0.112693	0	1.63551	0	0	0	0	0	-1.22448	-0.0128574	0.0195078	0	0	0.124931	0.0462421	0	0	0.175644	-0.033433	0.182263
2012-05-13 00:00:00	-5.59365	1.05087	2.35251	0	0.588259	-0.0297244	0.121069	0	1.12925	0	0	0	0	0	0.326481	-0.0128571	0.0195092	0	0	0.112733	0.0425038	0	0	0.180403	-0.0258709	0.261492
2012-05-14 00:00:00	-1.34348	-0.649065	2.25404	0	-0.510973	-0.014228	0.0528404	0	0.724846	0	0	0	0	0	-0.552572	-0.012856	0.0195009	0	0	0.103852	0.0397343	0	0	0.181682	-0.0242683	0.269055
2012-05-15 00:00:00	-3.69081	0.360208	2.05826	0	-0.00279831	-0.0177129	0.0636565	0	0.589787	0	0	0	0	0	0.295296	-0.012854	0.0194954	0	0	0.0942595	0.0370126	0	0	0.183088	-0.020439	-0.0435526
2012-05-16 00:00:00	-0.8	-0.952337	2.05698	0	-0.428095	-0.00958151	0.0341794	0	0.44786	0	0	0	0	0	-0.27174	-0.0128478	0.0194753	0	0	0.0840835	0.0342466	0	0	0.182722	-0.0200199	0.364926
2012-05-17 00:00:00	-6.37596	0.893233	2.37366	0	0.451162	-0.0334539	0.10299	0	1.00272	0	0	0	0	0	1.23889	-0.012855	0.0194945	0	0	0.0842256	0.0342971	0	0	0.181092	-0.0224071	-0.0629243
2012-05-18 00:00:00	-5.15519	0.224238	2.14288	0	0.0699066	-0.0382317	0.109589	0	1.40284	0	0	0	0	0	0.790269	-0.0128673	0.0195227	0	0	0.0906747	0.0361617	0	0	0.178628	-0.0276723	-0.169247
2012-05-19 00:00:00	-1.25282	-0.914734	2.06246	0	-0.416404	-0.0129237	0.0473232	0	0.624439	0	0	0	0	0	-0.228786	-0.0128667	0.0195128	0	0	0.0845265	0.034512	0	0	0.180307	-0.0236429	0.190905
2012-05-20 00:00:00	-0.489616	-0.694552	3.14389	0	-1.09846	-0.00266903	0.00883297	0	0.0990187	0	0	0	0	0	-0.671215	-0.0128586	0.0194915	0	0	0.0685019	0.0308398	0	0	0.181928	-0.0189218	0.56421
2012-05-21 00:00:00	-0.408013	-0.441171	2.80294	0	-0.923908	-0.00128235	0.00183372	0	0.03878	0	0	0	0	0	-0.550908	-0.0128431	0.0194603	0	0	0.0494533	0.0251883	0	0	0.181436	-0.0169129	0.764053
2012-05-22 00:00:00	-1.38324	-0.0222254	2.83855	0	-0.0206128	-0.000711462	0.00705845	0	0.029792	0	0	0	0	0	-0.552096	-0.012824	0.0194216	0	0	0.035347	0.0208817	0	0	0.180057	-0.0157044	1.12369
2012-05-23 00:00:00	-0.0408013	-0.334361	2.65807	0	-0.536799	-1.76547E-05	0.00355742	0	0.0342476	0	0	0	0	0	-0.476575	-0.0128066	0.0193917	0	0	0.0271172	0.0182349	0	0	0.17763	-0.0153683	1.52152
2012-05-24 00:00:00	-1.03809	-0.0790697	3.20853	0	-0.452159	0	2.2076E-05	0	0.00474886	0	0	0	0	0	-0.300737	-0.0127812	0.0193453	0	0	0.0196208	0.0156387	0	0	0.176656	-0.0132059	1.54852
2012-05-25 00:00:00	-3.10933	0.0328315	3.38767	0	0.131414	-4.80436E-05	0.000280098	0	0.0026304	0	0	0	0	0	-0.0301305	-0.0127676	0.0193357	0	0	0.0180701	0.0151158	0	0	0.174841	-0.0126896	0.61723
2012-05-26 00:00:00	-12.4515	2.2069	3.73274	0	1.68949	-0.00272016	0.0590212	0	0.138282	0	0	0	0	0	2.3443	-0.0127869	0.0193899	0	0	0.0281633	0.0178661	0	0	0.172708	-0.0148915	-2.07309
2012-05-27 00:00:00	-9.68268	0.354572	4.57938	0	0.933859	-0.0139333	0.152792	0	0.748033	0	0	0	0	0	1.6384	-0.0128075	0.0194364	0	0	0.0469697	0.0240084	0	0	0.171038	-0.0227851	-1.06372
2012-05-28 00:00:00	-0.490411	-1.64823	3.867	0	-1.11059	-0.00420182	0.0319212	0	0.315768	0	0	0	0	0	-0.640483	-0.0128076	0.0194358	0	0	0.0504413	0.0256124	0	0	0.1736	-0.0197961	0.557257
2012-05-29 00:00:00	0	-0.509045	2.78771	0	-0.879223	-0.000404524	0.000425936	0	0.0181894	0	0	0	0	0	-0.651942	-0.0127828	0.0193856	0	0	0.0350395	0.0211982	0	0	0.174979	-0.0148385	0.988693
2012-05-30 00:00:00	-5.20401	1.12398	3.02527	0	0.348662	-0.00095186	0.00172753	0	0.0200551	0	0	0	0	0	0.577277	-0.0127754	0.0193659	0	0	0.0329991	0.0202438	0	0	0.173564	-0.0141821	0.111226
2012-05-31 00:00:00	-19.6	1.23816	2.97863	0	3.40568	-0.0665148	0.399674	0	2.73456	0	0	0	0	0	5.54074	-0.0128264	0.0194837	0	0	0.0623473	0.0285682	0	0	0.166744	-0.0318105	-3.13656
2012-06-01 00:00:00	0	-1.54431	2.77913	0	-1.59596	-0.0234811	0.100491	0	1.54358	0	0	0	0	0	-1.22139	-0.0128561	0.0195397	0	0	0.0844344	0.035175	0	0	0.171033	-0.033122	0.302273
2012-06-02 00:00:00	0	-0.492505	2.55325	0	-1.03767	-0.00366573	0.00577247	0	0.109444	0	0	0	0	0	-0.874709	-0.0128437	0.0195101	0	0	0.0661197	0.0304347	0	0	0.177818	-0.0194048	0.521544
2012-06-03 00:00:00	-1.8	-0.132369	2.40756	0	0.08962	-0.00517116	0.0126669	0	0.101446	0	0	0	0	0	-0.330942	-0.0128334	0.0194878	0	0	0.0543906	0.0270567	0	0	0.177555	-0.0174519	0.591011
2012-06-04 00:00:00	-0.567212	-0.377653	3.08746	0	-0.818214	-0.00230269	0.0040871	0	0.0571081	0	0	0	0	0	-0.679967	-0.0128193	0.0194582	0	0	0.0430234	0.0234321	0	0	0.176848	-0.0163644	0.936881
2012-06-05 00:00:00	-1.8	-0.18342	3.09342	0	-0.462398	-0.00085043	0.000482114	0	0.018066	0	0	0	0	0	-0.099493	-0.0127966	0.0194117	0	0	0.0312567	0.0198918	0	0	0.17622	-0.0150646	0.784724
2012-06-06 00:00:00	-9.8	2.12861	3.06681	0	1.77311	-0.00799361	0.0410912	0	0.180253	0	0	0	0	0	1.61633	-0.0128084	0.0194409	0	0	0.0373195	0.0208859	0	0	0.174309	-0.0157689	-0.778399
2012-06-07 00:00:00	-2.84481	-0.223758	2.90835	0	-0.038495	-0.00781998	0.0461557	0	0.334725	0	0	0	0	0	-0.108613	-0.012812	0.019441	0	0	0.0445309	0.0230756	0	0	0.173277	-0.0196211	0.29363
2012-06-08 00:00:00	-25.8	0.895599	2.8958	0	2.83582	-0.1451	0.700157	0	6.39156	0	0	0	0	0	8.09588	-0.0128667	0.019601	0	0	0.0862671	0.0354857	0	0	0.161662	-0.0488417	-3.88897
2012-06-09 00:00:00	-3.63679	-0.0370756	3.15687	0	-1.24461	-0.0542917	0.199571	0	3.06802	0	0	0	0	0	-1.34133	-0.0129067	0.0197184	0	0	0.122943	0.0457615	0	0	0.170427	-0.0425675	0.413744
2012-06-10 00:00:00	-10.4193	0.0662402	3.11435	0	0.676419	-0.0524778	0.42862	0	3.50423	0	0	0	0	0	1.67193	-0.0129128	0.0197435	0	0	0.118511	0.0444669	0	0	0.171991	-0.044507	-0.712696
2012-06-11 00:00:00	-1.8	-1.00686	2.88718	0	-1.06694	-0.0227212	0.121588	0	1.68605	0	0	0	0	0	-0.927022	-0.0129111	0.0197414	0	0	0.109412	0.0418365	0	0	0.179295	-0.0365382	0.172114
2012-06-12 00:00:00	0	-0.828937	2.726	0	-1.09277	-0.00645044	0.0206343	0	0.307439	0	0	0	0	0	-0.959114	-0.0129023	0.0197185	0	0	0.0906956	0.0372477	0	0	0.186754	-0.0237485	0.464561
2012-06-13 00:00:00	0	-0.501173	2.72579	0	-1.00345	-0.00227274	0.00244364	0	0.0625699	0	0	0	0	0	-0.857093	-0.0128874	0.0196855	0	0	0.0667212	0.0305016	0	0	0.1887	-0.0189674	0.700573
2012-06-14 00:00:00	-0.0446534	-0.380735	2.67499	0	-0.970312	-0.00184324	0.00131141	0	0.0317146	0	0	0	0	0	-0.545709	-0.0128692	0.0196435	0	0	0.0478376	0.0248967	0	0	0.188512	-0.0173215	1.01546
2012-06-15 00:00:00	-8.24746	1.90736	2.6448	0	1.72036	-0.00758254	0.0313858	0	0.147895	0	0	0	0	0	1.23476	-0.0128775	0.0196685	0	0	0.0518657	0.0254628	0	0	0.186412	-0.0175614	-0.315511
2012-06-16 00:00:00	-27.689	0.869547	2.98102	0	3.38372	-0.155609	0.854348	0	8.02657	0	0	0	0	0	8.26726	-0.0129314	0.0198239	0	0	0.0991569	0.0386545	0	0	0.170344	-0.0562251	-3.20336
2012-06-17 00:00:00	-3.07497	-0.215435	2.75585	0	-1.36468	-0.0501765	0.237799	0	3.52029	0	0	0	0	0	-1.61608	-0.012962	0.0199072	0	0	0.128829	0.0463881	0	0	0.179899	-0.0465537	0.508098
2012-06-18 00:00:00	-0.704397	-1.58012	3.70103	0	-1.36376	-0.0153134	0.0654166	0	0.890505	0	0	0	0	0	-1.11271	-0.0129554	0.0198854	0	0	0.110213	0.0416344	0	0	0.189904	-0.0297879	0.199555
2012-06-19 00:00:00	-1.45818	-0.36873	3.07847	0	-0.412975	-0.00672122	0.0158997	0	0.167134	0	0	0	0	0	-0.760247	-0.0129474	0.019861	0	0	0.088955	0.0367246	0	0	0.193346	-0.0213404	0.55925
2012-06-20 00:00:00	0	-0.666582	4.22509	0	-1.46632	-0.00378276	0.00439123	0	0.0935764	0	0	0	0	0	-1.19108	-0.0129361	0.0198615	0	0	0.0678581	0.0304483	0	0	0.192908	-0.0195276	1.2739
2012-06-21 00:00:00	-7.43081	1.81834	3.16076	0	1.18386	-0.00330757	0.0121803	0	0.0650199	0	0	0	0	0	0.784433	-0.0129326	0.0198531	0	0	0.0585165	0.0271552	0	0	0.192107	-0.0177732	-0.14259
2012-06-22 00:00:00	-27.4668	1.10286	3.24775	0	3.61769	-0.165874	0.853802	0	8.09372	0	0	0	0	0	7.79813	-0.0129704	0.019978	0	0	0.0936032	0.0369018	0	0	0.173972	-0.0592331	-2.66646
2012-06-23 00:00:00	-9.71579	-0.00137842	3.22016	0	-1.07901	-0.113357	0.403689	0	6.06905	0	0	0	0	0	0.456844	-0.0130085	0.0200942	0	0	0.13122	0.0464882	0	0	0.179405	-0.0585816	-0.454175
2012-06-24 00:00:00	-6.28652	-0.0167896	3.26378	0	-0.474702	-0.066208	0.196576	0	3.02786	0	0	0	0	0	-0.124753	-0.0130336	0.0201149	0	0	0.131722	0.0461668	0	0	0.189982	-0.0446495	-0.150452
2012-06-25 00:00:00	0	-1.74814	3.11176	0	-1.06105	-0.0219141	0.0625147	0	1.03135	0	0	0	0	0	-1.23538	-0.0130357	0.020104	0	0	0.116776	0.0424826	0	0	0.197035	-0.0324679	0.470031
2012-06-26 00:00:00	-8.28964	1.74771	3.84823	0	0.804241	-0.0326682	0.0904413	0	0.993089	0	0	0	0	0	0.512296	-0.0130483	0.0201104	0	0	0.102911	0.0386939	0	0	0.198713	-0.0291765	-0.00810207
2012-06-27 00:00:00	-11.6501	0.0349951	3.51923	0	0.74063	-0.0719387	0.372642	0	3.95678	0	0	0	0	0	2.14337	-0.0130652	0.0201397	0	0	0.109441	0.0397892	0	0	0.189536	-0.0480013	-0.656516
2012-06-28 00:00:00	-3.91524	-0.305735	3.56011	0	-0.762991	-0.0277371	0.167861	0	2.15943	0	0	0	0	0	-0.716078	-0.013078	0.0201313	0	0	0.103169	0.0379049	0	0	0.194113	-0.0407694	0.461089
2012-06-29 00:00:00	-7.45106	0.373072	3.36472	0	0.28666	-0.0395994	0.219681	0	2.01194	0	0	0	0	0	0.811071	-0.0130872	0.0201418	0	0	0.0987331	0.0374723	0	0	0.196415	-0.0376427	-0.121474
2012-06-30 00:00:00	-4.9351	-0.027394	3.22937	0	-0.345365	-0.0256451	0.166572	0	1.61517	0	0	0	0	0	0.0410667	-0.0130841	0.0201628	0	0	0.0974893	0.0379007	0	0	0.197705	-0.0358368	0.0230089
2012-07-01 00:00:00	-0.883165	-1.66324	3.24865	0	-0.781464	-0.0108484	0.062817	0	0.632715	0	0	0	0	0	-0.558394	-0.0130794	0.0201532	0	0	0.0866757	0.0354041	0	0	0.201518	-0.0275284	0.350204
2012-07-02 00:00:00	-4.11908	0.722302	3.36553	0	0.00161282	-0.00716681	0.0332403	0	0.280739	0	0	0	0	0	-0.219024	-0.0130728	0.0201353	0	0	0.0739351	0.0324261	0	0	0.203386	-0.022535	0.352428
2012-07-03 00:00:00	-1.37681	-1.08404	3.60763	0	-0.970768	-0.00521891	0.0208935	0	0.179888	0	0	0	0	0	-0.24629	-0.0130638	0.02011	0	0	0.0627984	0.0295897	0	0	0.203478	-0.0199264	0.408261
2012-07-04 00:00:00	-8.60295	1.81012	3.67753	0	0.957453	-0.0201367	0.0774711	0	0.455584	0	0	0	0	0	1.24324	-0.0130678	0.0201249	0	0	0.0636741	0.030264	0	0	0.202524	-0.0187653	-0.116942
2012-07-05 00:00:00	-0.303225	-1.84259	3.62896	0	-1.21052	-0.00965676	0.031801	0	0.390429	0	0	0	0	0	-0.485698	-0.0130706	0.0201321	0	0	0.066539	0.0316433	0	0	0.200789	-0.0209063	0.484633
2012-07-06 00:00:00	-5.73042	1.73812	3.18097	0	0.567491	-0.00258863	0.0101085	0	0.0560161	0	0	0	0	0	0.242345	-0.0130584	0.020102	0	0	0.053033	0.0282508	0	0	0.200907	-0.0174059	0.333876
2012-07-07 00:00:00	-37.727	0.515057	3.13427	0	4.15136	-0.27708	1.2364	0	13.2877	0	0	0	0	0	11.8417	-0.013147	0.0203563	0	0	0.126512	0.0467822	0	0	0.177575	-0.0670095	-3.54652
2012-07-08 00:00:00	-2.38727	-1.03471	3.35561	0	-1.93632	-0.066212	0.257073	0	4.45128	0	0	0	0	0	-2.45295	-0.0132347	0.0205505	0	0	0.184726	0.0601021	0	0	0.193761	-0.0500524	0.582356
2012-07-09 00:00:00	-17.0776	1.04545	3.28854	0	0.764398	-0.147438	0.579302	0	6.71064	0	0	0	0	0	3.42865	-0.0132851	0.0206507	0	0	0.191771	0.0626514	0	0	0.192561	-0.056095	-1.0098
2012-07-10 00:00:00	-15.7625	0.0287626	3.18416	0	0.0535162	-0.171336	0.656147	0	8.424	0	0	0	0	0	2.65151	-0.0133632	0.0208088	0	0	0.234156	0.0743098	0	0	0.191009	-0.0630822	-0.491928
2012-07-11 00:00:00	-14.453	0.00946841	3.02915	0	-0.0945521	-0.166379	0.592342	0	8.01804	0	0	0	0	0	2.06285	-0.0134345	0.0209766	0	0	0.265927	0.0814266	0	0	0.194384	-0.0624439	-0.515287
2012-07-12 00:00:00	-0.4	-1.90477	3.18323	0	-1.62496	-0.0454235	0.148772	0	2.55747	0	0	0	0	0	-1.9405	-0.013465	0.0210481	0	0	0.246212	0.0762344	0	0	0.207099	-0.0435503	0.467394
2012-07-13 00:00:00	-0.0992187	-0.536842	3.11315	0	-1.1263	-0.0137408	0.0217555	0	0.394047	0	0	0	0	0	-1.51679	-0.0134936	0.0210265	0	0	0.196526	0.0642151	0	0	0.214791	-0.0279667	0.691158
2012-07-14 00:00:00	-5.74002	1.91852	3.02437	0	0.59862	-0.0206989	0.0574396	0	0.576471	0	0	0	0	0	-0.336242	-0.0135076	0.021053	0	0	0.162109	0.0553081	0	0	0.214404	-0.0270182	0.490802
2012-07-15 00:00:00	-0.14002	-1.9769	3.04876	0	-0.751472	-0.0110315	0.0376171	0	0.516543	0	0	0	0	0	-0.578472	-0.0134985	0.0210531	0	0	0.138377	0.0488876	0	0	0.213709	-0.0263963	0.527157
2012-07-16 00:00:00	-0.45998	-0.442789	3.01567	0	-0.820094	-0.00445096	0.006086	0	0.0985501	0	0	0	0	0	-0.675025	-0.0134798	0.0210311	0	0	0.107372	0.0416962	0	0	0.214513	-0.0209129	1.06818
2012-07-17 00:00:00	-1.93758	-0.173027	3.18613	0	-0.223065	-0.00291831	0.00429146	0	0.0549564	0	0	0	0	0	-0.396117	-0.013466	0.0210133	0	0	0.0852148	0.0362995	0	0	0.213172	-0.019089	0.835814
2012-07-18 00:00:00	-26.2258	3.26847	3.31118	0	4.52954	-0.121431	0.581361	0	5.11062	0	0	0	0	0	6.79261	-0.0135041	0.0211195	0	0	0.116142	0.044092	0	0	0.201441	-0.0434095	-2.42758
2012-07-19 00:00:00	-0.2	-2.04695	3.14831	0	-2.21226	-0.0343248	0.13173	0	2.48536	0	0	0	0	0	-1.64246	-0.0135438	0.021205	0	0	0.149284	0.0527988	0	0	0.206973	-0.0411808	0.00495105
2012-07-20 00:00:00	0	-0.557568	3.16015	0	-1.51843	-0.00733458	0.0134684	0	0.266571	0	0	0	0	0	-1.15378	-0.0135371	0.0211829	0	0	0.116597	0.045049	0	0	0.215042	-0.0242758	0.563127
2012-07-21 00:00:00	0	-0.567722	3.2153	0	-1.08496	-0.0030986	0.00283711	0	0.0640389	0	0	0	0	0	-0.927428	-0.0135182	0.0211493	0	0	0.0835967	0.036541	0	0	0.214901	-0.0199779	1.02166
2012-07-22 00:00:00	-0.359199	-0.313294	3.37513	0	-0.430929	-0.00138936	0.00107965	0	0.0281979	0	0	0	0	0	-0.932003	-0.0134925	0.0211083	0	0	0.0543816	0.0289596	0	0	0.213417	-0.0180463	1.65392
2012-07-23 00:00:00	-26.2009	3.53331	3.55677	0	4.97984	-0.101393	0.42835	0	3.60806	0	0	0	0	0	6.89744	-0.0135443	0.0212688	0	0	0.0947441	0.039722	0	0	0.203734	-0.0348654	-2.98745
2012-07-24 00:00:00	-2.01986	-1.38509	3.52189	0	-1.5116	-0.0449102	0.167621	0	2.73084	0	0	0	0	0	-1.39987	-0.0136013	0.0213637	0	0	0.134485	0.0501511	0	0	0.205179	-0.0412996	0.415299
2012-07-25 00:00:00	-0.4	-1.09315	3.78725	0	-1.67926	-0.00942839	0.0302112	0	0.456312	0	0	0	0	0	-0.979156	-0.0135996	0.0213297	0	0	0.106259	0.043586	0	0	0.213154	-0.0252675	0.458241
2012-07-26 00:00:00	-0.638357	-0.447993	3.13981	0	-1.23983	-0.00413393	0.00556166	0	0.0930295	0	0	0	0	0	-0.704151	-0.0135915	0.0213276	0	0	0.0829027	0.0380041	0	0	0.213468	-0.0201253	0.525929
2012-07-27 00:00:00	-0.519279	-0.369541	2.89015	0	-0.624359	-0.00169291	0.00136185	0	0.0266803	0	0	0	0	0	-0.597424	-0.0135727	0.0212865	0	0	0.0566457	0.0307289	0	0	0.21201	-0.0178237	1.09517
2012-07-28 00:00:00	-5.20088	1.78797	3.17349	0	0.703988	-0.00620507	0.012953	0	0.0900334	0	0	0	0	0	-0.0337011	-0.01357	0.0212865	0	0	0.0514567	0.0293579	0	0	0.208159	-0.0177809	0.806554
2012-07-29 00:00:00	-2.61094	-0.647306	3.10952	0	0.075993	-0.00428856	0.0114208	0	0.109832	0	0	0	0	0	0.0937083	-0.013561	0.021264	0	0	0.0458536	0.0274799	0	0	0.206571	-0.0181153	0.407432
2012-07-30 00:00:00	-1.29834	-0.940195	2.93844	0	-0.129436	-0.00440131	0.0152538	0	0.081741	0	0	0	0	0	-0.048488	-0.0135509	0.0212406	0	0	0.0414328	0.0261549	0	0	0.205177	-0.0167064	0.878328
2012-07-31 00:00:00	-4.75187	0.909087	3.57977	0	0.0974165	-0.00484256	0.0173956	0	0.0998206	0	0	0	0	0	0.246154	-0.0135427	0.0212234	0	0	0.03889	0.0259184	0	0	0.203084	-0.0163496	0.452157
2012-08-01 00:00:00	-6.27603	1.1423	3.46986	0	0.346163	-0.00947387	0.0390163	0	0.214406	0	0	0	0	0	0.687982	-0.0135441	0.0212275	0	0	0.0430892	0.0279269	0	0	0.200298	-0.0162717	-0.123058
2012-08-02 00:00:00	-0.0992187	-2.18324	3.11478	0	-0.363232	-0.00433574	0.0174528	0	0.139772	0	0	0	0	0	-0.152331	-0.0135377	0.0212118	0	0	0.042797	0.0278741	0	0	0.198219	-0.0162707	0.729939
2012-08-03 00:00:00	-0.2	-0.288533	3.18738	0	-0.894036	-0.000965147	0.00107741	0	0.019544	0	0	0	0	0	-0.585222	-0.0135158	0.0211592	0	0	0.0300286	0.023984	0	0	0.196243	-0.0151664	1.48198
2012-08-04 00:00:00	-9.10746	2.81996	3.09509	0	1.05831	-0.00219311	0.00678396	0	0.0244374	0	0	0	0	0	1.13326	-0.0135213	0.0211802	0	0	0.0313485	0.0236463	0	0	0.19341	-0.0146545	-0.730393
2012-08-05 00:00:00	-14.086	0.886129	3.21353	0	2.27188	-0.0516276	0.192424	0	1.43817	0	0	0	0	0	3.31445	-0.013556	0.0212536	0	0	0.0503509	0.0292613	0	0	0.18863	-0.0280362	-2.57315
2012-08-06 00:00:00	-11.3812	0.0215544	3.07051	0	0.699394	-0.072899	0.357151	0	3.65685	0	0	0	0	0	2.09833	-0.0135919	0.0213228	0	0	0.076511	0.0359561	0	0	0.183499	-0.0470742	-1.29369
2012-08-07 00:00:00	-0.0992187	-2.20821	2.99697	0	-1.09742	-0.021429	0.0859237	0	1.41841	0	0	0	0	0	-0.978353	-0.0135959	0.0213281	0	0	0.0782732	0.0360292	0	0	0.193599	-0.0346213	0.377692
2012-08-08 00:00:00	0	-0.584687	3.30664	0	-1.68309	-0.0055049	0.00715308	0	0.176174	0	0	0	0	0	-0.902008	-0.0136047	0.0213195	0	0	0.0591188	0.0312056	0	0	0.200573	-0.0215242	0.591768
2012-08-09 00:00:00	0	-0.621565	3.60358	0	-1.01474	-0.00232147	0.00213042	0	0.0405219	0	0	0	0	0	-0.963304	-0.0135784	0.0212883	0	0	0.0374667	0.0249045	0	0	0.201173	-0.0177158	1.29784
2012-08-10 00:00:00	0	-0.376351	3.9282	0	-0.734435	-0.00135124	0.00084702	0	0.0244778	0	0	0	0	0	-0.983975	-0.0135468	0.0212327	0	0	0.0218155	0.0198289	0	0	0.199861	-0.0162983	2.09031
2012-08-11 00:00:00	0	-0.0134705	2.92797	0	-0.18276	-8.9422E-06	0.000162571	0	0.00619054	0	0	0	0	0	-0.740371	-0.0135325	0.0212076	0	0	0.0163504	0.0177147	0	0	0.196714	-0.0140016	2.22216
2012-08-12 00:00:00	0	-0.012614	2.97198	0	-0.203342	0	1.19364E-05	0	0.00287563	0	0	0	0	0	-0.486411	-0.0134931	0.0211393	0	0	0.01078	0.0150583	0	0	0.194544	-0.013393	2.48714
2012-08-13 00:00:00	-0.679159	0	3.22828	0	-0.0197121	-9.68808E-06	9.65001E-05	0	0.00140934	0	0	0	0	0	-0.502882	-0.0134665	0.0210924	0	0	0.00861758	0.0138975	0	0	0.191499	-0.0129749	2.23669
2012-08-14 00:00:00	-0.159199	0	3.01569	0	-0.0247564	-1.95702E-05	0.000107629	0	0.000884927	0	0	0	0	0	-0.487452	-0.013435	0.021038	0	0	0.00674963	0.0126133	0	0	0.188279	-0.0127266	2.54777
2012-08-15 00:00:00	-12.6524	3.30588	3.35838	0	0.642868	-0.00035668	0.00426382	0	0.00114347	0	0	0	0	0	1.98651	-0.0134659	0.0211046	0	0	0.015299	0.01803	0	0	0.184694	-0.0125875	-3.14069
2012-08-16 00:00:00	-1.64168	-1.40263	3.11172	0	0.051446	-0.00155993	0.0070747	0	0.0174138	0	0	0	0	0	0.0379497	-0.0134675	0.0211044	0	0	0.0220784	0.0215929	0	0	0.183557	-0.0132869	0.401312
2012-08-17 00:00:00	-6.04501	1.31267	3.21425	0	0.19683	-0.00153762	0.00744851	0	0.0447528	0	0	0	0	0	0.56136	-0.0134609	0.0210777	0	0	0.0227412	0.02136	0	0	0.181665	-0.0134748	-0.489326
2012-08-18 00:00:00	-0.31996	-2.05208	3.12991	0	-0.0984878	-0.000836008	0.00427291	0	0.034211	0	0	0	0	0	-0.145371	-0.0134513	0.0210485	0	0	0.022127	0.020811	0	0	0.179901	-0.0135516	0.768547
2012-08-19 00:00:00	-4.91663	1.6045	2.84974	0	0.274001	-0.00116723	0.00548542	0	0.0310917	0	0	0	0	0	0.308883	-0.0134389	0.0210272	0	0	0.0223395	0.0214467	0	0	0.178071	-0.01332	0.372024
2012-08-20 00:00:00	-3.73337	0.140512	2.84534	0	0.0588922	-0.00670669	0.0307857	0	0.118889	0	0	0	0	0	0.483245	-0.0134374	0.0210327	0	0	0.0250201	0.0229879	0	0	0.175535	-0.01373	0.154996
2012-08-21 00:00:00	-4.11993	0.42108	2.94429	0	0.161684	-0.00528749	0.0211684	0	0.104428	0	0	0	0	0	0.324957	-0.0134297	0.0210249	0	0	0.0280465	0.0245134	0	0	0.17444	-0.0141681	0.0728176
2012-08-22 00:00:00	-3.25441	0.0468186	2.86419	0	0.0684819	-0.0053725	0.0187356	0	0.104453	0	0	0	0	0	0.218979	-0.0134202	0.0210073	0	0	0.0286075	0.024692	0	0	0.173374	-0.014526	0.28161
2012-08-23 00:00:00	-1.50391	-1.23513	2.82116	0	-0.0144224	-0.00402194	0.0143537	0	0.0844289	0	0	0	0	0	0.09034	-0.0134086	0.0209852	0	0	0.0280543	0.0241337	0	0	0.172179	-0.0144427	0.470299
2012-08-24 00:00:00	-0.240801	-1.25459	2.74236	0	-0.357532	-0.00176429	0.005835	0	0.0417355	0	0	0	0	0	-0.118402	-0.0133798	0.02095	0	0	0.0256802	0.0230119	0	0	0.171181	-0.0138745	1.03041
2012-08-25 00:00:00	-4.4	1.59896	2.66332	0	0.219607	-0.00175761	0.00629719	0	0.0140718	0	0	0	0	0	0.0792292	-0.0133675	0.0209197	0	0	0.023653	0.0221161	0	0	0.169404	-0.0133408	0.389109
2012-08-26 00:00:00	-0.91996	-1.47185	2.54207	0	-0.0201852	-0.00408115	0.0137258	0	0.0754228	0	0	0	0	0	0.181102	-0.0133581	0.0208988	0	0	0.0232236	0.0216127	0	0	0.167312	-0.0137606	0.602175
2012-08-27 00:00:00	-4.4999	1.55653	2.71035	0	0.118179	-0.00274571	0.00993987	0	0.0531717	0	0	0	0	0	0.145311	-0.0133456	0.020869	0	0	0.0230854	0.0217337	0	0	0.166275	-0.0136132	0.295838
2012-08-28 00:00:00	0	-1.80812	2.65355	0	-0.215283	-0.00395088	0.0148082	0	0.0840229	0	0	0	0	0	0.00905925	-0.0133365	0.020848	0	0	0.0230018	0.0217451	0	0	0.164683	-0.0136378	0.937383
2012-08-29 00:00:00	-9.96048	3.05361	2.43139	0	0.965218	-0.00995643	0.0312418	0	0.15913	0	0	0	0	0	1.4705	-0.0133367	0.0208335	0	0	0.0240507	0.0218265	0	0	0.163202	-0.0149992	-1.65777
2012-08-30 00:00:00	-2.91916	-1.08339	2.13581	0	0.0987871	-0.0201493	0.0871568	0	0.453036	0	0	0	0	0	0.742402	-0.0133525	0.0208813	0	0	0.0356076	0.0269369	0	0	0.162371	-0.0181102	-0.291172
2012-08-31 00:00:00	-2.11996	-0.234957	2.32355	0	-0.126723	-0.00891309	0.0380081	0	0.236295	0	0	0	0	0	-0.00317934	-0.0133486	0.0208838	0	0	0.0410324	0.029325	0	0	0.162619	-0.0158876	0.328743
2012-09-01 00:00:00	-0.7001	-1.262	2.67277	0	-0.143481	-0.00446276	0.0181813	0	0.0810186	0	0	0	0	0	-0.163756	-0.013333	0.0208524	0	0	0.0373525	0.0275614	0	0	0.162116	-0.0146473	0.718072
2012-09-02 00:00:00	-0.41986	-0.434464	2.63009	0	-0.624528	-0.00318005	0.00987849	0	0.0663395	0	0	0	0	0	-0.345802	-0.013314	0.0208187	0	0	0.031584	0.0257425	0	0	0.161069	-0.0141434	1.09023
2012-09-03 00:00:00	-1.42006	-0.156855	2.61952	0	-0.185314	-0.00174386	0.00293421	0	0.0146778	0	0	0	0	0	-0.148879	-0.0133026	0.0207967	0	0	0.0269682	0.0238862	0	0	0.15933	-0.0135643	0.92839
2012-09-04 00:00:00	-0.37994	-0.276254	2.41932	0	-0.282137	-0.000941546	0.00107101	0	0.0118124	0	0	0	0	0	-0.439453	-0.0132844	0.0207509	0	0	0.0214438	0.0213866	0	0	0.158099	-0.0132727	1.2486
2012-09-05 00:00:00	0	-0.245081	2.1908	0	-0.159708	-0.000951957	0.000880604	0	0.00809301	0	0	0	0	0	-0.473648	-0.0132533	0.020699	0	0	0.0165451	0.0189843	0	0	0.156513	-0.0129241	1.50695
2012-09-06 00:00:00	-1.82006	-0.0216001	2.31147	0	0.0366053	-0.00108727	0.00151502	0	0.00893521	0	0	0	0	0	-0.0178683	-0.0132338	0.0206796	0	0	0.0151221	0.0181596	0	0	0.154407	-0.0126255	0.680414
2012-09-07 00:00:00	-3.14002	0.575339	2.50986	0	0.12656	-0.00203456	0.00480888	0	0.0188571	0	0	0	0	0	0.167486	-0.0132114	0.0206614	0	0	0.0152403	0.0179986	0	0	0.15287	-0.0125764	0.441837
2012-09-08 00:00:00	-0.14002	-0.654432	2.39438	0	-0.175424	-0.00171543	0.00322283	0	0.0268962	0	0	0	0	0	-0.336569	-0.0131828	0.0206413	0	0	0.0143275	0.0175558	0	0	0.151654	-0.0126278	1.29471
2012-09-09 00:00:00	-3.2	0.638104	2.49674	0	0.0847671	-0.000861616	0.0017615	0	0.0122817	0	0	0	0	0	0.186933	-0.0131646	0.02061	0	0	0.0134303	0.0169278	0	0	0.150471	-0.0122046	0.395792
2012-09-10 00:00:00	-11.0999	3.11583	2.17838	0	1.00641	-0.00909891	0.0391451	0	0.149209	0	0	0	0	0	2.07849	-0.0131779	0.0206433	0	0	0.0206711	0.0208082	0	0	0.149297	-0.0129172	-2.35621
2012-09-11 00:00:00	-0.54002	-1.21632	1.83381	0	-0.0984378	-0.00617495	0.0252367	0	0.174422	0	0	0	0	0	-0.0893281	-0.0131842	0.0206509	0	0	0.0295501	0.024743	0	0	0.149542	-0.0144586	0.28003
2012-09-12 00:00:00	-0.45998	-1.35289	1.91632	0	0.113331	-0.00333898	0.0148595	0	0.0630429	0	0	0	0	0	-0.0613104	-0.0131707	0.0206168	0	0	0.0282632	0.0236733	0	0	0.14941	-0.0132389	0.425587
2012-09-13 00:00:00	-1.84012	0.107751	1.96381	0	-0.102812	-0.00407019	0.0150309	0	0.105124	0	0	0	0	0	0.0502201	-0.0131622	0.0205965	0	0	0.0261868	0.0228692	0	0	0.148551	-0.0134183	0.486562
2012-09-14 00:00:00	-1	-0.310355	2.11401	0	-0.195155	-0.00216192	0.00559842	0	0.051861	0	0	0	0	0	-0.162191	-0.0131547	0.0205744	0	0	0.023361	0.0217555	0	0	0.147912	-0.013372	0.688685
2012-09-15 00:00:00	0	-0.341576	2.07391	0	-0.397995	-0.000697229	0.000687442	0	0.0142483	0	0	0	0	0	-0.38698	-0.0131329	0.0205337	0	0	0.018005	0.01916	0	0	0.147515	-0.0125996	1.14108
2012-09-16 00:00:00	-0.4	-0.249478	1.96985	0	-0.28269	-0.000888919	0.00087335	0	0.00766521	0	0	0	0	0	-0.30299	-0.0130774	0.0205336	0	0	0.015755	0.0180622	0	0	0.146	-0.012109	0.917503
2012-09-17 00:00:00	-6.82026	3.17159	1.7859	0	0.569145	-0.00210235	0.00564263	0	0.0288842	0	0	0	0	0	0.672147	-0.0130634	0.0205161	0	0	0.0156196	0.0176857	0	0	0.144836	-0.0121693	-0.415632
2012-09-18 00:00:00	-0.34002	-1.2535	1.67289	0	0.0103669	-0.00339696	0.00790759	0	0.0766198	0	0	0	0	0	-0.00381252	-0.0130412	0.0204958	0	0	0.0170678	0.0180921	0	0	0.144106	-0.0135755	0.3402
2012-09-19 00:00:00	-1.56008	-0.0293985	1.57484	0	-0.0191038	-0.00178952	0.00501758	0	0.046475	0	0	0	0	0	0.188326	-0.013032	0.0204449	0	0	0.0176851	0.0180706	0	0	0.143873	-0.0127403	0.378589
2012-09-20 00:00:00	-30.0201	2.18588	1.66677	0	3.15558	-0.114741	0.501983	0	3.20802	0	0	0	0	0	9.47758	-0.0131259	0.0206244	0	0	0.0489792	0.0315956	0	0	0.136598	-0.0368897	-9.75121
2012-09-21 00:00:00	-0.51996	-0.88817	1.46493	0	-1.21841	-0.0387209	0.14084	0	1.71577	0	0	0	0	0	-1.42248	-0.0132134	0.0207644	0	0	0.0875009	0.0456219	0	0	0.142877	-0.0359859	-0.518637
2012-09-22 00:00:00	-0.14002	-1.40231	1.64394	0	-0.0831821	-0.0163262	0.0612253	0	0.572829	0	0	0	0	0	-0.620335	-0.0132104	0.0207326	0	0	0.0773181	0.0411426	0	0	0.150752	-0.0246485	0.267907
2012-09-23 00:00:00	-0.14002	-0.624641	1.51259	0	-0.373234	-0.0103753	0.0334277	0	0.341861	0	0	0	0	0	-0.481542	-0.0132026	0.0207	0	0	0.0665967	0.0370266	0	0	0.152842	-0.0214796	0.500547
2012-09-24 00:00:00	-14.8197	2.90079	1.4233	0	1.37961	-0.0649106	0.290628	0	2.20445	0	0	0	0	0	3.84475	-0.0132307	0.0207714	0	0	0.077417	0.0414795	0	0	0.149763	-0.0320842	-2.59691
2012-09-25 00:00:00	-34.1412	0.0127984	1.64703	0	2.0129	-0.254068	1.08838	0	11.9202	0	0	0	0	0	10.2278	-0.013363	0.0210412	0	0	0.145289	0.0631789	0	0	0.137316	-0.0718604	-7.20465
2012-09-26 00:00:00	-22.7819	0.010854	1.65453	0	0.500784	-0.243435	0.914748	0	12.8663	0	0	0	0	0	4.00115	-0.0134707	0.0212617	0	0	0.216817	0.0782098	0	0	0.145881	-0.077213	-2.70556
2012-09-27 00:00:00	-2.77934	-0.542338	1.60927	0	-1.66171	-0.0865917	0.294449	0	4.37595	0	0	0	0	0	-2.19761	-0.0134869	0.0213425	0	0	0.227353	0.0776061	0	0	0.172042	-0.0503282	-0.553403
2012-09-28 00:00:00	-3.0002	0.509995	1.59107	0	-0.332752	-0.052071	0.168383	0	2.16289	0	0	0	0	0	-1.37235	-0.0134868	0.0213513	0	0	0.201322	0.0709921	0	0	0.183299	-0.0400383	0.0984052
2012-09-29 00:00:00	-0.65998	-0.858139	1.57093	0	-0.606808	-0.0288994	0.0925881	0	1.35333	0	0	0	0	0	-1.11765	-0.0134874	0.0213293	0	0	0.170531	0.0618541	0	0	0.187399	-0.0355879	0.13741
2012-09-30 00:00:00	-9.98094	0.88125	1.67369	0	1.33935	-0.0825865	0.296784	0	3.73855	0	0	0	0	0	1.60453	-0.0134929	0.0213258	0	0	0.154185	0.0558747	0	0	0.18265	-0.0474429	-0.176273
2012-10-01 00:00:00	-1.31996	-0.279828	1.55837	0	-1.15315	-0.0292121	0.0939357	0	1.86822	0	0	0	0	0	-1.04582	-0.0135006	0.0213219	0	0	0.13803	0.0504163	0	0	0.189805	-0.0387402	0.039886
2012-10-02 00:00:00	-3.44032	0.184671	1.437	0	0.24073	-0.0335541	0.111534	0	1.40803	0	0	0	0	0	0.00333545	-0.0134957	0.0213164	0	0	0.121095	0.0454834	0	0	0.193785	-0.0349201	0.244691
2012-10-03 00:00:00	-4.3005	-0.115007	1.24592	0	0.277715	-0.0422238	0.149211	0	2.09926	0	0	0	0	0	0.480902	-0.0134885	0.0213012	0	0	0.108539	0.0409585	0	0	0.19221	-0.0400084	0.104792
2012-10-04 00:00:00	-1.08004	-0.17003	1.20313	0	-0.714336	-0.0175583	0.0547493	0	1.04076	0	0	0	0	0	-0.464004	-0.0134812	0.0212703	0	0	0.0947517	0.0368322	0	0	0.196718	-0.0321995	0.156557
2012-10-05 00:00:00	-2.14022	-0.135546	1.21557	0	0.0704665	-0.0179369	0.060266	0	0.744062	0	0	0	0	0	0.0682985	-0.0134766	0.0212552	0	0	0.0846982	0.0341859	0	0	0.198713	-0.028618	0.16172
2012-10-06 00:00:00	-0.23992	-0.946255	1.25766	0	-0.372873	-0.0105806	0.0352974	0	0.51152	0	0	0	0	0	-0.224701	-0.013471	0.0212366	0	0	0.074949	0.031652	0	0	0.199577	-0.0257992	0.298291
2012-10-07 00:00:00	-4.21866	-0.0830979	1.32544	0	0.0879127	-0.0308757	0.135264	0	0.855887	0	0	0	0	0	1.3138	-0.0134966	0.021282	0	0	0.0801933	0.0364629	0	0	0.200892	-0.0217991	-0.310792
2012-10-08 00:00:00	-0.14002	-0.792078	1.25499	0	-0.48518	-0.0117762	0.0503449	0	0.390578	0	0	0	0	0	-0.234037	-0.0135034	0.0213096	0	0	0.0861376	0.0402228	0	0	0.201339	-0.0199691	0.348353
2012-10-09 00:00:00	0	-0.499306	1.09925	0	-0.488038	-0.00755048	0.0289879	0	0.185023	0	0	0	0	0	-0.132128	-0.0134965	0.0212882	0	0	0.0741247	0.036791	0	0	0.201471	-0.018133	0.488286
2012-10-10 00:00:00	-0.14002	-0.355089	1.30989	0	-0.529864	-0.00600026	0.0217698	0	0.144363	0	0	0	0	0	-0.113131	-0.0134904	0.0212714	0	0	0.0649558	0.0343832	0	0	0.200773	-0.0173884	0.622422
2012-10-11 00:00:00	-16.0211	3.18285	1.25084	0	3.14267	-0.0646296	0.263744	0	2.66062	0	0	0	0	0	3.955	-0.0134975	0.0212764	0	0	0.0657844	0.033444	0	0	0.19311	-0.0349393	-1.36478
2012-10-12 00:00:00	-24.9394	0.00270249	1.06441	0	0.804907	-0.255853	0.977269	0	11.7616	0	0	0	0	0	7.44398	-0.0135836	0.0215184	0	0	0.1473	0.0574198	0	0	0.178577	-0.0684377	-2.81758
2012-10-13 00:00:00	-1.16008	-0.134063	1.08076	0	-1.31449	-0.0681752	0.230767	0	3.70212	0	0	0	0	0	-2.06518	-0.0136478	0.0216457	0	0	0.188302	0.0704061	0	0	0.196385	-0.0466726	0.688079
2012-10-14 00:00:00	-4.24032	0.135637	1.03647	0	-0.0515129	-0.0575946	0.199472	0	2.64432	0	0	0	0	0	-0.0767671	-0.0136519	0.0216443	0	0	0.16446	0.0622941	0	0	0.201261	-0.0425461	-0.0168372
2012-10-15 00:00:00	-0.61986	-0.402353	0.818822	0	-0.496335	-0.0288578	0.0975014	0	1.36832	0	0	0	0	0	-0.757414	-0.0136552	0.0216416	0	0	0.144076	0.0559832	0	0	0.205567	-0.0345128	0.358921
2012-10-16 00:00:00	-15.1797	0.407864	0.873093	0	1.45049	-0.150893	0.571292	0	6.02372	0	0	0	0	0	4.42533	-0.0137054	0.0217779	0	0	0.170157	0.0645647	0	0	0.197439	-0.0505884	-1.18921
2012-10-17 00:00:00	-23.7402	0.00342515	0.863681	0	1.05751	-0.276051	1.02244	0	12.9364	0	0	0	0	0	6.31716	-0.0137893	0.0221123	0	0	0.256811	0.0936732	0	0	0.187754	-0.0722263	-1.34134
2012-10-18 00:00:00	-5.2	-0.00127071	0.903777	0	-1.53604	-0.120182	0.416123	0	6.17398	0	0	0	0	0	-0.970622	-0.0138613	0.0223168	0	0	0.29403	0.107698	0	0	0.199593	-0.0573847	0.218148
2012-10-19 00:00:00	-1.37994	-0.0218584	1.04313	0	-0.541913	-0.0421564	0.1372	0	1.92677	0	0	0	0	0	-1.38921	-0.0138802	0.0223499	0	0	0.255724	0.0948009	0	0	0.210886	-0.0393097	0.262589
2012-10-20 00:00:00	-1.51996	0.0162542	0.927759	0	-0.361446	-0.0358225	0.120035	0	1.39371	0	0	0	0	0	-0.655227	-0.0138796	0.0223805	0	0	0.218387	0.0827961	0	0	0.213565	-0.0345722	0.373985
2012-10-21 00:00:00	0	-1.08996	1.16232	0	-0.471526	-0.0236886	0.0813703	0	0.966293	0	0	0	0	0	-0.660653	-0.0138798	0.0223691	0	0	0.189222	0.0733452	0	0	0.214816	-0.0313983	0.418632
2012-10-22 00:00:00	-0.48004	-0.283572	0.777915	0	-0.290691	-0.0132399	0.0471477	0	0.524951	0	0	0	0	0	-0.391611	-0.0138737	0.0223483	0	0	0.160832	0.0641843	0	0	0.216412	-0.0263729	0.31439
2012-10-23 00:00:00	-0.62006	-0.245442	0.873811	0	-0.064804	-0.0104465	0.0387736	0	0.344125	0	0	0	0	0	-0.242445	-0.0138658	0.0223287	0	0	0.134812	0.0558784	0	0	0.216758	-0.0232203	0.466204
2012-10-24 00:00:00	-0.34002	-0.423129	0.822376	0	-0.243723	-0.00791024	0.030122	0	0.295506	0	0	0	0	0	-0.0863809	-0.0138572	0.022305	0	0	0.114164	0.0493356	0	0	0.216428	-0.0221985	0.413016
2012-10-25 00:00:00	-1.04842	0.244746	0.785602	0	-0.0990017	-0.00730013	0.0279583	0	0.240844	0	0	0	0	0	-0.0211836	-0.013851	0.0222855	0	0	0.0992815	0.0447381	0	0	0.215782	-0.0208523	0.470624
2012-10-26 00:00:00	-0.432025	-0.189919	0.647226	0	-0.128697	-0.00587558	0.0228829	0	0.184184	0	0	0	0	0	0.0721062	-0.0138434	0.0222573	0	0	0.0840052	0.0399397	0	0	0.215338	-0.0196745	0.497905
2012-10-27 00:00:00	-5.17148	1.90021	0.637763	0	0.670357	-0.0186378	0.0573739	0	0.527295	0	0	0	0	0	0.953017	-0.0138434	0.0222464	0	0	0.0767691	0.0375764	0	0	0.212948	-0.0221598	-0.130567
2012-10-28 00:00:00	-5.10018	-0.0142316	0.815161	0	0.679793	-0.0418552	0.142166	0	1.58694	0	0	0	0	0	1.28179	-0.0138573	0.0222653	0	0	0.0829615	0.0393074	0	0	0.206819	-0.0344434	-0.347362
2012-10-29 00:00:00	-0.300781	-0.366227	0.662579	0	-0.710336	-0.0165722	0.0537577	0	0.872161	0	0	0	0	0	-0.253076	-0.0138571	0.022248	0	0	0.0800639	0.0381968	0	0	0.209151	-0.0290657	0.248242
2012-10-30 00:00:00	-1.33011	0.329337	0.710411	0	-0.0890166	-0.0107709	0.036647	0	0.34892	0	0	0	0	0	0.0552333	-0.013851	0.0222243	0	0	0.0695003	0.0352004	0	0	0.211404	-0.022203	0.352927
2012-10-31 00:00:00	-14.2939	-0.00892984	0.698797	0	1.97284	-0.133083	0.478392	0	4.9383	0	0	0	0	0	4.49496	-0.0138709	0.0223201	0	0	0.0962278	0.0437803	0	0	0.199108	-0.0484459	-1.55351
2012-11-01 00:00:00	-3.9427	-0.0194852	0.57592	0	-0.711408	-0.0685594	0.243647	0	3.39905	0	0	0	0	0	0.0766625	-0.0138945	0.0224102	0	0	0.123178	0.0517889	0	0	0.203381	-0.0463054	-0.106318
2012-11-02 00:00:00	-3.45476	-0.00236006	0.598642	0	0.0499287	-0.0524213	0.204752	0	2.21276	0	0	0	0	0	0.291301	-0.0139192	0.0224385	0	0	0.121999	0.0515695	0	0	0.208881	-0.0391334	0.199678
2012-11-03 00:00:00	-1.05457	-0.020132	0.5055	0	-0.684828	-0.0273843	0.0987378	0	1.2919	0	0	0	0	0	-0.33669	-0.0139386	0.022436	0	0	0.112657	0.0487799	0	0	0.212652	-0.0331867	0.12194
2012-11-04 00:00:00	-0.300781	-0.202263	0.509517	0	-0.349097	-0.0144916	0.0519038	0	0.581989	0	0	0	0	0	-0.333281	-0.013935	0.022418	0	0	0.0977299	0.0441331	0	0	0.215495	-0.0262464	0.283091
2012-11-05 00:00:00	-0.14002	-0.347832	0.508765	0	-0.215896	-0.0101081	0.0374985	0	0.367844	0	0	0	0	0	-0.196963	-0.0139362	0.022395	0	0	0.0841175	0.0399298	0	0	0.216028	-0.0231175	0.328705
2012-11-06 00:00:00	-2.97609	0.520383	0.646369	0	0.327388	-0.0184311	0.0829018	0	0.601954	0	0	0	0	0	0.59979	-0.0139308	0.0224021	0	0	0.0771149	0.0381304	0	0	0.214879	-0.0241673	0.0986948
2012-11-07 00:00:00	-3.24553	-0.0172295	0.614221	0	0.335684	-0.0281997	0.118202	0	1.12243	0	0	0	0	0	0.730452	-0.0139368	0.022449	0	0	0.0786533	0.0385831	0	0	0.211862	-0.0304714	-0.0628368
2012-11-08 00:00:00	-0.304788	-0.426008	0.634283	0	-0.476848	-0.0116442	0.0509737	0	0.644294	0	0	0	0	0	-0.151646	-0.0139339	0.0224334	0	0	0.0716849	0.0362717	0	0	0.213049	-0.0271137	0.261009
2012-11-09 00:00:00	-2.95852	0.400129	0.624813	0	0.318022	-0.0191796	0.0861335	0	0.752283	0	0	0	0	0	0.582592	-0.0139339	0.0224265	0	0	0.0667497	0.0348055	0	0	0.212717	-0.0266721	0.0823679
2012-11-10 00:00:00	-0.479159	-0.128988	0.511507	0	-0.542568	-0.00977322	0.0372006	0	0.542591	0	0	0	0	0	-0.0264093	-0.0139314	0.0224135	0	0	0.0622886	0.0333731	0	0	0.212613	-0.0253096	0.195848
2012-11-11 00:00:00	-1.76832	-0.108007	0.470612	0	0.315021	-0.0197047	0.0491655	0	0.603954	0	0	0	0	0	0.375522	-0.0139296	0.0224027	0	0	0.0578889	0.0316764	0	0	0.212009	-0.0243046	0.203986
2012-11-12 00:00:00	-2.55832	0.183726	0.633967	0	0.0319625	-0.02103	0.0633152	0	0.788295	0	0	0	0	0	0.57646	-0.0139263	0.0224245	0	0	0.056899	0.0310593	0	0	0.210394	-0.0263098	-0.0210818
2012-11-13 00:00:00	-9.13357	-0.000369222	0.649714	0	1.29635	-0.0867935	0.30948	0	3.24559	0	0	0	0	0	2.77218	-0.0139447	0.0225018	0	0	0.0778041	0.0377026	0	0	0.204106	-0.0399238	-0.659173
2012-11-14 00:00:00	-15.0846	-0.0322555	0.58796	0	0.405952	-0.169246	0.575814	0	6.98009	0	0	0	0	0	4.47201	-0.0140317	0.0226959	0	0	0.143983	0.0584305	0	0	0.19836	-0.0545753	-1.90937
2012-11-15 00:00:00	-0.65998	-0.00350434	0.527344	0	-1.17403	-0.0611703	0.199546	0	3.0459	0	0	0	0	0	-1.31517	-0.0141056	0.0227962	0	0	0.161042	0.0637686	0	0	0.207863	-0.0424975	0.957803
2012-11-16 00:00:00	0	-0.488659	0.516409	0	-0.410142	-0.022464	0.0743291	0	0.924275	0	0	0	0	0	-0.665393	-0.0141051	0.0227889	0	0	0.137349	0.0563245	0	0	0.214701	-0.0295562	0.315858
2012-11-17 00:00:00	-3.45774	0.460706	0.460539	0	0.432458	-0.034232	0.114575	0	1.19309	0	0	0	0	0	0.486111	-0.0141084	0.0227866	0	0	0.122469	0.0514647	0	0	0.213822	-0.0309709	0.0209747
2012-11-18 00:00:00	-0.239239	-0.185051	0.426778	0	-0.566479	-0.0195056	0.0651557	0	0.900738	0	0	0	0	0	-0.415452	-0.0141051	0.0227883	0	0	0.110486	0.047564	0	0	0.214125	-0.0295538	0.31825
2012-11-19 00:00:00	-2.88473	0.168887	0.505093	0	0.466536	-0.0243981	0.107106	0	0.89655	0	0	0	0	0	0.532618	-0.014104	0.0228026	0	0	0.0999873	0.0445293	0	0	0.214359	-0.0279376	0.1073
2012-11-20 00:00:00	-0.420741	-0.200733	0.540002	0	-0.530212	-0.0142218	0.056412	0	0.66353	0	0	0	0	0	-0.197754	-0.0141031	0.0227923	0	0	0.0913827	0.0421508	0	0	0.214452	-0.0266117	0.226344
2012-11-21 00:00:00	0	-0.407278	0.436009	0	-0.340115	-0.00817316	0.0316605	0	0.31162	0	0	0	0	0	-0.0678995	-0.0140985	0.022771	0	0	0.0787898	0.0384188	0	0	0.215605	-0.0217026	0.275608
2012-11-22 00:00:00	-21.804	0.557707	0.462965	0	2.84059	-0.208072	0.74531	0	8.19246	0	0	0	0	0	7.04837	-0.0141482	0.022931	0	0	0.129435	0.054716	0	0	0.199869	-0.0538508	-1.82574
2012-11-23 00:00:00	-1.8816	-0.0228241	0.419678	0	-1.67399	-0.06835	0.235176	0	3.8135	0	0	0	0	0	-1.08828	-0.0142951	0.0230469	0	0	0.172828	0.0686647	0	0	0.207394	-0.046966	0.143975
2012-11-24 00:00:00	-0.458417	-0.0351551	0.318433	0	-0.453034	-0.0295199	0.0970799	0	1.29654	0	0	0	0	0	-0.761473	-0.0143059	0.0230398	0	0	0.15098	0.0614899	0	0	0.21555	-0.0330506	0.378155
2012-11-25 00:00:00	-10.4199	0.00991652	0.375707	0	1.37589	-0.118388	0.438998	0	4.56556	0	0	0	0	0	2.92172	-0.0143485	0.0231321	0	0	0.161798	0.0653523	0	0	0.208808	-0.0465395	-0.452252
2012-11-26 00:00:00	-10.2	-0.0163331	0.264155	0	0.258523	-0.138569	0.509853	0	6.16009	0	0	0	0	0	2.39228	-0.0144525	0.023355	0	0	0.203671	0.0804999	0	0	0.205175	-0.0542666	-0.326015
2012-11-27 00:00:00	-0.2	-0.210241	0.411255	0	-1.30531	-0.0470912	0.156921	0	2.55996	0	0	0	0	0	-1.29559	-0.0145056	0.023454	0	0	0.194352	0.0768164	0	0	0.213782	-0.0418163	0.521975
2012-11-28 00:00:00	-0.2	-0.191649	0.406444	0	-0.392415	-0.0196979	0.0682742	0	0.789192	0	0	0	0	0	-0.599957	-0.0145012	0.0234722	0	0	0.160342	0.0655329	0	0	0.22076	-0.0289584	0.286839
2012-11-29 00:00:00	0	-0.369132	0.39853	0	-0.344697	-0.0141771	0.0496845	0	0.571167	0	0	0	0	0	-0.427543	-0.014497	0.0234786	0	0	0.140939	0.0592434	0	0	0.220846	-0.0263578	0.267484
2012-11-30 00:00:00	-0.145435	-0.127689	0.282558	0	-0.310183	-0.0124175	0.0461479	0	0.462666	0	0	0	0	0	-0.213738	-0.0144914	0.0234628	0	0	0.120451	0.0525694	0	0	0.220698	-0.0241146	0.360485
2012-12-01 00:00:00	-1.0363	0.656484	0.216546	0	-0.0623152	-0.00835284	0.030859	0	0.275084	0	0	0	0	0	-0.0378401	-0.0144776	0.0234928	0	0	0.101055	0.0464304	0	0	0.220446	-0.0215827	0.389526
2012-12-02 00:00:00	-0.694531	0.0609886	0.185173	0	-0.0546342	-0.0124337	0.0374467	0	0.348759	0	0	0	0	0	0.131969	-0.0144691	0.0234781	0	0	0.0876507	0.0423028	0	0	0.218885	-0.0224424	0.338142
2012-12-03 00:00:00	-5.80636	0.0657135	0.316137	0	0.890091	-0.0530319	0.219624	0	1.57909	0	0	0	0	0	1.95499	-0.0144851	0.0235305	0	0	0.0977308	0.0468315	0	0	0.214544	-0.0312905	-0.496881
2012-12-04 00:00:00	-0.186236	-0.0941155	0.249126	0	-0.557744	-0.0199067	0.0793665	0	0.849277	0	0	0	0	0	-0.332805	-0.0144916	0.0235708	0	0	0.104403	0.0500561	0	0	0.215653	-0.0288891	0.337265
2012-12-05 00:00:00	-0.516344	0.0103308	0.190414	0	-0.0813087	-0.0107949	0.0445606	0	0.379657	0	0	0	0	0	-0.0128539	-0.0144897	0.0235627	0	0	0.0892836	0.0448416	0	0	0.217208	-0.0232467	0.340821
2012-12-06 00:00:00	-6.06854	0.0351325	0.24526	0	0.907012	-0.0682937	0.280407	0	2.14851	0	0	0	0	0	1.83941	-0.0144953	0.0235995	0	0	0.0926094	0.0470027	0	0	0.209468	-0.0390895	-0.362005
2012-12-07 00:00:00	-2.12156	-0.014791	0.274247	0	-0.271911	-0.0412582	0.157971	0	1.53137	0	0	0	0	0	0.25508	-0.0145059	0.0236309	0	0	0.100348	0.0505471	0	0	0.211969	-0.0367006	0.104433
2012-12-08 00:00:00	-1.08004	-0.0216392	0.311398	0	-0.334706	-0.0225976	0.0874247	0	0.86765	0	0	0	0	0	0.0116755	-0.0145022	0.02364	0	0	0.0939824	0.0481305	0	0	0.215478	-0.0296533	0.156242
2012-12-09 00:00:00	-1.32559	-0.0146099	0.306214	0	-0.0438799	-0.0166711	0.0654959	0	0.665791	0	0	0	0	0	0.156991	-0.0145026	0.0236496	0	0	0.0864373	0.0448886	0	0	0.216341	-0.0257708	0.12478
2012-12-10 00:00:00	0	-0.220422	0.22717	0	-0.313042	-0.00999744	0.039154	0	0.422726	0	0	0	0	0	-0.111906	-0.0145221	0.023631	0	0	0.0765457	0.0409837	0	0	0.216912	-0.0224397	0.354794
2012-12-11 00:00:00	-0.2	0.036243	0.163626	0	-0.220081	-0.00686824	0.0266795	0	0.235582	0	0	0	0	0	0.00630817	-0.0145224	0.0236028	0	0	0.0655235	0.0370856	0	0	0.216678	-0.0203554	0.349502
2012-12-12 00:00:00	0	-0.203291	0.2166	0	-0.202064	-0.00623128	0.0241043	0	0.196063	0	0	0	0	0	0.0672119	-0.0145153	0.0235797	0	0	0.0577698	0.0343677	0	0	0.215517	-0.0191772	0.389933
2012-12-13 00:00:00	0	-0.213486	0.230667	0	-0.179859	-0.0061561	0.0242228	0	0.186198	0	0	0	0	0	0.102882	-0.0145082	0.0235585	0	0	0.0520457	0.0323664	0	0	0.213591	-0.0186138	0.432908
2012-12-14 00:00:00	-19.5776	0.519765	0.265973	0	2.78732	-0.163955	0.656938	0	5.8666	0	0	0	0	0	6.66267	-0.0145631	0.0237343	0	0	0.108104	0.0520533	0	0	0.202333	-0.0425582	-2.65315
2012-12-15 00:00:00	-2.84012	-0.0240941	0.305361	0	-1.05463	-0.0682443	0.249207	0	3.40855	0	0	0	0	0	-0.495474	-0.0146104	0.0239005	0	0	0.169009	0.0720803	0	0	0.206309	-0.0437304	-0.106484
2012-12-16 00:00:00	-0.2	-0.0959584	0.297753	0	-0.533419	-0.0299952	0.109444	0	1.37362	0	0	0	0	0	-0.757909	-0.0146058	0.0238905	0	0	0.148988	0.0647138	0	0	0.213654	-0.0323838	0.567791
2012-12-17 00:00:00	-0.25998	-0.0341492	0.279131	0	-0.3309	-0.0153551	0.0569715	0	0.61882	0	0	0	0	0	-0.379626	-0.0146054	0.0238642	0	0	0.1261	0.0568202	0	0	0.21659	-0.0256775	0.318003
2012-12-18 00:00:00	-2.45998	0.0904282	0.288141	0	0.37503	-0.0273259	0.110357	0	0.922083	0	0	0	0	0	0.49058	-0.0146133	0.0238621	0	0	0.114727	0.0530151	0	0	0.215559	-0.0269687	0.154894
2012-12-19 00:00:00	-5.17974	-0.0190519	0.22917	0	0.567855	-0.0574465	0.227154	0	2.01261	0	0	0	0	0	1.50268	-0.0146324	0.0239154	0	0	0.124256	0.0566866	0	0	0.212131	-0.0343789	-0.34879
2012-12-20 00:00:00	-25.5188	-0.0153361	0.219841	0	1.70135	-0.310533	1.1397	0	11.8303	0	0	0	0	0	8.09014	-0.0147292	0.024289	0	0	0.247983	0.10818	0	0	0.197268	-0.0640585	-2.36433
2012-12-21 00:00:00	-5.07924	-0.0135345	0.186722	0	-1.20836	-0.146916	0.51742	0	5.91711	0	0	0	0	0	-0.424593	-0.0148296	0.0246245	0	0	0.36811	0.160659	0	0	0.208611	-0.0525256	0.443258
2012-12-22 00:00:00	-13.0804	-0.0200755	0.304567	0	0.557594	-0.179411	0.646991	0	7.74971	0	0	0	0	0	2.62039	-0.0149288	0.0248165	0	0	0.374564	0.160713	0	0	0.206181	-0.060109	-0.709439
2012-12-23 00:00:00	-13.3605	-0.0112618	0.328865	0	0.53166	-0.206371	0.727135	0	9.40166	0	0	0	0	0	2.18292	-0.0149669	0.0251508	0	0	0.391031	0.161354	0	0	0.204477	-0.0660732	0.295103
2012-12-24 00:00:00	-4.68004	-0.0144727	0.298135	0	-0.765855	-0.111149	0.378462	0	5.22996	0	0	0	0	0	-0.63132	-0.015001	0.025289	0	0	0.370293	0.150728	0	0	0.213738	-0.0546668	0.394098
2012-12-25 00:00:00	-1.5996	-0.01392	0.270231	0	-0.678507	-0.0618181	0.213197	0	2.46653	0	0	0	0	0	-0.867986	-0.0150441	0.0253684	0	0	0.33186	0.136996	0	0	0.222588	-0.0409149	0.388983
2012-12-26 00:00:00	-5.14022	-0.0195466	0.275172	0	0.367901	-0.0760874	0.274079	0	3.01075	0	0	0	0	0	0.581589	-0.015072	0.0254053	0	0	0.300495	0.124627	0	0	0.221374	-0.0436562	-0.113187
2012-12-27 00:00:00	-6.94022	-0.0114447	0.227464	0	0.657711	-0.100222	0.358196	0	4.32674	0	0	0	0	0	1.15315	-0.0150808	0.0255038	0	0	0.283662	0.116444	0	0	0.217405	-0.0500629	0.249239
2012-12-28 00:00:00	-4.77874	-0.0257416	0.319267	0	-0.066092	-0.0852735	0.306548	0	2.96284	0	0	0	0	0	0.896564	-0.015102	0.0258665	0	0	0.307702	0.131209	0	0	0.223734	-0.0399651	0.162819
2012-12-29 00:00:00	-3.46018	-0.0118016	0.303352	0	-0.895415	-0.0826446	0.298157	0	3.02974	0	0	0	0	0	-0.0558875	-0.015132	0.0258829	0	0	0.291041	0.12396	0	0	0.223554	-0.0410153	-0.266389
2012-12-30 00:00:00	-5.54002	-0.00761385	0.274716	0	0.664195	-0.0829922	0.303337	0	3.27796	0	0	0	0	0	0.859436	-0.0151866	0.0260032	0	0	0.270721	0.115132	0	0	0.221654	-0.0443768	0.32297
2012-12-31 00:00:00	-6.3001	-0.0409924	0.334904	0	-0.47728	-0.0764775	0.279646	0	3.46448	0	0	0	0	0	1.27013	-0.0152563	0.0261153	0	0	0.258135	0.10945	0	0	0.221088	-0.0464273	-0.992588
2013-01-01 00:00:00	-0.6	0.00819333	0.312696	0	-0.592933	-0.0559376	0.195393	0	2.57163	0	0	0	0	0	-1.03826	-0.0152578	0.0261391	0	0	0.239762	0.102477	0	0	0.224414	-0.0402482	1.33807
2013-01-02 00:00:00	-5.71996	-0.0158835	0.260311	0	0.549189	-0.0745381	0.279613	0	2.86178	0	0	0	0	0	1.17131	-0.0152555	0.0262154	0	0	0.224037	0.0964743	0	0	0.224874	-0.0408424	-0.172679
2013-01-03 00:00:00	-0.62006	-0.0319002	0.279371	0	-0.566485	-0.0271753	0.0974657	0	1.36133	0	0	0	0	0	-0.613307	-0.0152813	0.0262381	0	0	0.202175	0.0879739	0	0	0.227604	-0.0348397	0.373112
2013-01-04 00:00:00	0	-0.285921	0.300083	0	-0.584792	-0.0159553	0.0590108	0	0.714963	0	0	0	0	0	-0.316159	-0.0152767	0.0262794	0	0	0.170623	0.0761594	0	0	0.230534	-0.0281213	0.331427
2013-01-05 00:00:00	-1.71996	0.27602	0.284614	0	0.13664	-0.0191504	0.077928	0	0.650418	0	0	0	0	0	0.193421	-0.0152742	0.0263435	0	0	0.149523	0.0685386	0	0	0.230455	-0.0262368	0.31328
2013-01-06 00:00:00	-0.25998	-0.0702403	0.2898	0	-0.368128	-0.010086	0.0392693	0	0.447045	0	0	0	0	0	-0.142352	-0.0152668	0.0263629	0	0	0.12823	0.0608213	0	0	0.230179	-0.0247618	0.330893
2013-01-07 00:00:00	-7.02006	0.0369301	0.305072	0	1.29797	-0.0627407	0.255028	0	2.29236	0	0	0	0	0	2.04277	-0.0152724	0.0264148	0	0	0.132024	0.0622339	0	0	0.224749	-0.0359732	-0.458489
2013-01-08 00:00:00	-3.27984	-0.0184295	0.356468	0	-0.304392	-0.0509653	0.195796	0	2.19365	0	0	0	0	0	0.453493	-0.0152787	0.0265541	0	0	0.144791	0.0671922	0	0	0.224763	-0.0377095	-0.0439082
2013-01-09 00:00:00	0	-0.327749	0.345255	0	-0.642547	-0.0188404	0.0726625	0	0.907621	0	0	0	0	0	-0.389986	-0.0152711	0.0265719	0	0	0.132087	0.0626755	0	0	0.22868	-0.0293622	0.351796
2013-01-10 00:00:00	-0.71996	0.254869	0.35557	0	-0.267038	-0.0114409	0.0449245	0	0.431894	0	0	0	0	0	-0.130973	-0.0152644	0.0265894	0	0	0.113016	0.0556448	0	0	0.230194	-0.0238041	0.344221
2013-01-11 00:00:00	-0.14002	-0.229219	0.376233	0	-0.316157	-0.00911184	0.0361274	0	0.318678	0	0	0	0	0	-0.000143707	-0.0152522	0.0266149	0	0	0.0950557	0.0491531	0	0	0.229962	-0.0215874	0.400334
2013-01-12 00:00:00	-0.05998	-0.254658	0.339315	0	-0.186727	-0.00635502	0.0255542	0	0.207297	0	0	0	0	0	0.0315206	-0.0152441	0.0266156	0	0	0.081597	0.0444046	0	0	0.228822	-0.0200959	0.442066
2013-01-13 00:00:00	-0.6	0.33904	0.245556	0	-0.165899	-0.00619068	0.0246144	0	0.189345	0	0	0	0	0	0.103206	-0.0152343	0.0266342	0	0	0.0702609	0.0404276	0	0	0.227382	-0.0192762	0.459865
2013-01-14 00:00:00	-2.51976	0.133928	0.258379	0	0.426467	-0.0182942	0.0851269	0	0.494454	0	0	0	0	0	0.848966	-0.015236	0.0266406	0	0	0.071836	0.0415647	0	0	0.22509	-0.0204748	0.0386872
2013-01-15 00:00:00	-0.11996	-0.151565	0.215699	0	-0.329527	-0.00976806	0.0420532	0	0.39164	0	0	0	0	0	0.00632763	-0.0152328	0.0266306	0	0	0.0713392	0.0417043	0	0	0.222793	-0.0213902	0.370744
2013-01-16 00:00:00	0	-0.199311	0.214733	0	-0.255525	-0.0037926	0.0155705	0	0.167706	0	0	0	0	0	0.253201	-0.0152145	0.0265874	0	0	0.0593153	0.0372088	0	0	0.222616	-0.0187704	0.504325
2013-01-17 00:00:00	0	-0.304323	0.330798	0	-0.051226	-0.00867225	0.0359623	0	0.208679	0	0	0	0	0	0.0308587	-0.0152108	0.0265826	0	0	0.0561999	0.0361088	0	0	0.219586	-0.0179757	0.547368
2013-01-18 00:00:00	0	-0.36391	0.395616	0	-0.096836	-0.00501566	0.0209065	0	0.132976	0	0	0	0	0	0.144178	-0.0151961	0.0265356	0	0	0.0494702	0.0335355	0	0	0.217843	-0.0172281	0.522875
2013-01-19 00:00:00	-0.14002	-0.187481	0.342472	0	-0.0904162	-0.00520848	0.0215655	0	0.141909	0	0	0	0	0	0.160094	-0.0151837	0.0265019	0	0	0.0450853	0.0318423	0	0	0.215748	-0.0169058	0.530003
2013-01-20 00:00:00	0	-0.315777	0.349361	0	-0.0691836	-0.00395093	0.0166305	0	0.100796	0	0	0	0	0	0.168327	-0.0151681	0.0264644	0	0	0.0408518	0.0301834	0	0	0.213691	-0.0163283	0.525898
2013-01-21 00:00:00	-0.14002	-0.0552058	0.389415	0	-0.119855	-0.00282963	0.0112532	0	0.0792517	0	0	0	0	0	0.148989	-0.015152	0.0264149	0	0	0.0369054	0.0287885	0	0	0.211688	-0.0158971	0.583746
2013-01-22 00:00:00	-0.14002	-0.0541788	0.383957	0	-0.13673	-0.00328314	0.0108288	0	0.0778582	0	0	0	0	0	0.1519	-0.0151383	0.0263658	0	0	0.033689	0.027765	0	0	0.209581	-0.0156494	0.556946
2013-01-23 00:00:00	-0.14002	-0.0442266	0.338889	0	-0.0568731	-0.00354664	0.0126846	0	0.0759222	0	0	0	0	0	0.165907	-0.0151237	0.026323	0	0	0.0310482	0.0268934	0	0	0.207438	-0.0154573	0.609858
2013-01-24 00:00:00	0	-0.0773514	0.348756	0	-0.130597	-0.00263109	0.00885589	0	0.0622868	0	0	0	0	0	0.140933	-0.0151072	0.0262777	0	0	0.0287056	0.026073	0	0	0.205645	-0.0152567	0.60659
2013-01-25 00:00:00	-0.14002	-0.0563115	0.452818	0	-0.0950626	-0.00308356	0.0101284	0	0.0682998	0	0	0	0	0	0.144676	-0.0150921	0.0262374	0	0	0.0268495	0.0251663	0	0	0.203622	-0.0150463	0.633181
2013-01-26 00:00:00	-15.8812	1.65079	0.363915	0	3.0133	-0.0664659	0.311428	0	2.99572	0	0	0	0	0	4.19461	-0.015124	0.0262577	0	0	0.0383829	0.0265148	0	0	0.194063	-0.036856	-3.1847
2013-01-27 00:00:00	-8.77854	-0.0141228	0.348696	0	-0.375316	-0.110612	0.435349	0	4.56891	0	0	0	0	0	2.09823	-0.0151985	0.0264204	0	0	0.0938865	0.0476967	0	0	0.193881	-0.0452421	-1.52596
2013-01-28 00:00:00	-3.78014	-0.0123594	0.295123	0	-0.163659	-0.0660643	0.251237	0	2.72171	0	0	0	0	0	0.0946635	-0.015229	0.0265176	0	0	0.130607	0.0632245	0	0	0.201384	-0.0396076	-0.29259
2013-01-29 00:00:00	-1.8999	-0.01564	0.440634	0	-0.323675	-0.0397807	0.149767	0	1.6706	0	0	0	0	0	-0.212366	-0.015231	0.0265224	0	0	0.125963	0.0611719	0	0	0.206526	-0.0343756	0.140217
2013-01-30 00:00:00	-13.5214	-0.00519541	0.443055	0	1.53926	-0.137127	0.514552	0	6.50197	0	0	0	0	0	3.17722	-0.0152356	0.0265405	0	0	0.133095	0.0604955	0	0	0.197334	-0.0553021	-1.14071
2013-01-31 00:00:00	-14.5017	-0.0129123	0.462187	0	0.233097	-0.175911	0.621167	0	9.70779	0	0	0	0	0	2.41626	-0.0152498	0.0265662	0	0	0.151377	0.0595977	0	0	0.196071	-0.0675336	-0.899185
2013-02-01 00:00:00	-1.7001	-0.0163068	0.449123	0	-1.20409	-0.060022	0.190651	0	3.64389	0	0	0	0	0	-1.41538	-0.0152521	0.0265592	0	0	0.147168	0.0553374	0	0	0.212466	-0.0476986	0.266343
2013-02-02 00:00:00	-1.1996	-0.263141	0.402545	0	-0.305338	-0.0463787	0.157515	0	1.87746	0	0	0	0	0	-0.564754	-0.0152487	0.0265646	0	0	0.137441	0.0543678	0	0	0.22083	-0.0364855	0.445781
2013-02-03 00:00:00	-3.08004	0.25325	0.50112	0	0.294601	-0.0411965	0.148495	0	1.53733	0	0	0	0	0	0.0935035	-0.0152485	0.0265605	0	0	0.13147	0.054451	0	0	0.22244	-0.0339191	0.0928159
2013-02-04 00:00:00	-6.14082	-0.0280466	0.437837	0	0.338581	-0.0700338	0.248776	0	3.47404	0	0	0	0	0	1.02727	-0.0152454	0.0265497	0	0	0.12472	0.0506985	0	0	0.215838	-0.0459746	-0.35581
2013-02-05 00:00:00	-7.12076	0.00119915	0.436002	0	0.355444	-0.0903884	0.31729	0	4.84808	0	0	0	0	0	1.02834	-0.0152472	0.026544	0	0	0.122661	0.0476366	0	0	0.212859	-0.0521082	0.117555
2013-02-06 00:00:00	-1.36008	-0.00796754	0.46056	0	-0.806563	-0.0388843	0.125128	0	2.28994	0	0	0	0	0	-0.664444	-0.0152425	0.0265267	0	0	0.114398	0.0445723	0	0	0.220273	-0.0407533	0.347467
2013-02-07 00:00:00	-0.95968	-0.287821	0.435612	0	-0.401645	-0.0251807	0.0934963	0	1.0514	0	0	0	0	0	-0.184975	-0.0152386	0.0265243	0	0	0.106587	0.0440943	0	0	0.226003	-0.0301058	0.0790713
2013-02-08 00:00:00	-1.3001	0.260552	0.491988	0	-0.222563	-0.017359	0.0642854	0	0.690791	0	0	0	0	0	-0.123575	-0.0152322	0.0265095	0	0	0.0963019	0.0423714	0	0	0.22732	-0.0265918	0.194698
2013-02-09 00:00:00	-2.36028	-0.0303991	0.48769	0	0.289183	-0.025774	0.0956896	0	1.09781	0	0	0	0	0	0.340997	-0.0152262	0.0264901	0	0	0.0875152	0.0394937	0	0	0.224905	-0.0313411	0.226752
2013-02-10 00:00:00	-1.52016	-0.0196284	0.446011	0	-0.160162	-0.0190793	0.0679402	0	0.957242	0	0	0	0	0	0.0599397	-0.0152164	0.02646	0	0	0.0778051	0.0362481	0	0	0.224729	-0.030523	0.131606
2013-02-11 00:00:00	-1.24012	-0.0306327	0.495826	0	-0.153463	-0.0153876	0.0567567	0	0.741109	0	0	0	0	0	0.10998	-0.0152075	0.0264305	0	0	0.0694949	0.0337974	0	0	0.225293	-0.0279877	0.27589
2013-02-12 00:00:00	-1.25958	-0.219189	0.411074	0	-0.214931	-0.0174853	0.0757745	0	0.638034	0	0	0	0	0	0.368617	-0.0152076	0.0264272	0	0	0.0690434	0.0351071	0	0	0.226213	-0.0241491	0.099747
2013-02-13 00:00:00	-12.599	0.242849	0.501998	0	1.54672	-0.130228	0.50953	0	4.21542	0	0	0	0	0	3.7993	-0.015242	0.0265533	0	0	0.117553	0.0560884	0	0	0.219124	-0.0391575	-1.5485
2013-02-14 00:00:00	-4.13882	-0.0396242	0.632138	0	-0.866398	-0.0918098	0.344694	0	2.97604	0	0	0	0	0	0.382526	-0.015309	0.0267371	0	0	0.188097	0.0871748	0	0	0.221687	-0.0357724	-0.328639
2013-02-15 00:00:00	0	-0.5495	0.597461	0	-0.490007	-0.0294368	0.117946	0	0.973996	0	0	0	0	0	-0.626206	-0.0153193	0.0268017	0	0	0.181278	0.085472	0	0	0.226345	-0.0261885	0.472642
2013-02-16 00:00:00	-0.34002	-0.224755	0.586712	0	-0.308408	-0.0161561	0.0651768	0	0.535613	0	0	0	0	0	-0.277261	-0.0153128	0.0267838	0	0	0.153779	0.0745712	0	0	0.226653	-0.0236454	0.46373
2013-02-17 00:00:00	0	-0.441798	0.615961	0	-0.330847	-0.00843253	0.0343261	0	0.31779	0	0	0	0	0	-0.186474	-0.0153052	0.0267531	0	0	0.12964	0.0650769	0	0	0.226354	-0.0218199	0.411225
2013-02-18 00:00:00	-0.2	-0.0874375	0.567186	0	-0.513204	-0.00465196	0.0174213	0	0.173403	0	0	0	0	0	0.141272	-0.0152875	0.0266945	0	0	0.100739	0.0541541	0	0	0.226361	-0.0197991	0.46685
2013-02-19 00:00:00	0	-0.134696	0.589065	0	-0.135489	-0.00832561	0.0317023	0	0.170202	0	0	0	0	0	-0.144136	-0.0152851	0.0266859	0	0	0.0926209	0.0515486	0	0	0.224437	-0.0183828	0.729946
2013-02-20 00:00:00	0	-0.132991	0.615694	0	-0.306549	-0.00412425	0.0150868	0	0.0972065	0	0	0	0	0	0.0571344	-0.0152668	0.0266375	0	0	0.074547	0.045079	0	0	0.2233	-0.0177856	0.677969
2013-02-21 00:00:00	0	-0.104347	0.535223	0	-0.191149	-0.00355345	0.0119196	0	0.0739915	0	0	0	0	0	0.0967565	-0.0152502	0.0265941	0	0	0.0621407	0.0400517	0	0	0.221906	-0.0170734	0.737209
2013-02-22 00:00:00	0	-0.0946499	0.48309	0	-0.219574	-0.00295273	0.00880034	0	0.0718703	0	0	0	0	0	0.137496	-0.0152347	0.0265524	0	0	0.0528658	0.0361261	0	0	0.22015	-0.0166972	0.687843
2013-02-23 00:00:00	-0.05998	-0.108531	0.571041	0	-0.100884	-0.0051454	0.0178927	0	0.0954052	0	0	0	0	0	0.135024	-0.0152248	0.0265204	0	0	0.0470546	0.0336527	0	0	0.21754	-0.0163349	0.838031
2013-02-24 00:00:00	-2.1001	1.06127	0.611921	0	0.185151	-0.00441903	0.0168276	0	0.0966408	0	0	0	0	0	0.306685	-0.0152182	0.0264763	0	0	0.0418447	0.0314125	0	0	0.21554	-0.0162893	0.457746
2013-02-25 00:00:00	-0.11996	-0.4566	0.615984	0	-0.0233931	-0.00367267	0.0148351	0	0.101109	0	0	0	0	0	0.14068	-0.015205	0.0264234	0	0	0.0384999	0.0297889	0	0	0.213727	-0.0161691	0.546047
2013-02-26 00:00:00	-0.25998	-0.338226	0.63747	0	-0.0177599	-0.00450228	0.017951	0	0.107928	0	0	0	0	0	0.212909	-0.0151941	0.0263759	0	0	0.0359118	0.0286397	0	0	0.211175	-0.0157802	0.626919
2013-02-27 00:00:00	-0.14002	-0.340757	0.923197	0	-0.214341	-0.00275185	0.0107736	0	0.0708724	0	0	0	0	0	0.144899	-0.0151795	0.0263177	0	0	0.0330485	0.0272159	0	0	0.208977	-0.0154532	0.716798
2013-02-28 00:00:00	-0.05998	-0.141886	0.864866	0	-0.211039	-0.0020951	0.00642834	0	0.0358916	0	0	0	0	0	0.0850838	-0.0151642	0.026266	0	0	0.0295143	0.025558	0	0	0.206715	-0.0149858	0.835174
2013-03-01 00:00:00	0	-0.101643	0.666022	0	-0.240791	-0.00179775	0.00438644	0	0.0359016	0	0	0	0	0	0.136212	-0.0151425	0.0262213	0	0	0.0263714	0.0240761	0	0	0.204789	-0.0147957	0.749809
2013-03-02 00:00:00	0	-0.143778	0.932906	0	-0.135348	-0.00268312	0.00842585	0	0.0366526	0	0	0	0	0	0.0490892	-0.0151291	0.0261899	0	0	0.0242206	0.0229955	0	0	0.201976	-0.0145293	0.990988
2013-03-03 00:00:00	0	-0.126858	0.815939	0	-0.144201	-0.00131486	0.00310942	0	0.0257013	0	0	0	0	0	0.0298281	-0.0151046	0.0261331	0	0	0.0217541	0.021734	0	0	0.199932	-0.0144928	0.842159
2013-03-04 00:00:00	0	-0.112012	0.716377	0	-0.0518085	-0.00183985	0.00535772	0	0.0212072	0	0	0	0	0	0.106037	-0.0150767	0.0260799	0	0	0.0200748	0.0208996	0	0	0.197085	-0.0140858	0.918295
2013-03-05 00:00:00	0	-0.105098	0.713367	0	-0.15629	-0.00159084	0.00342952	0	0.0327997	0	0	0	0	0	0.0854271	-0.0150512	0.0260325	0	0	0.0188176	0.0202258	0	0	0.194677	-0.0140775	0.802668
2013-03-06 00:00:00	-0.51996	-0.0140745	0.744007	0	0.10232	-0.0024105	0.0104516	0	0.0315997	0	0	0	0	0	0.159711	-0.0150284	0.0259885	0	0	0.0184703	0.0202052	0	0	0.192013	-0.0136672	0.739626
2013-03-07 00:00:00	-0.77994	0.0604376	0.897316	0	0.0293671	-0.00332991	0.0128328	0	0.0648873	0	0	0	0	0	0.160239	-0.0150131	0.0259513	0	0	0.0188702	0.0204766	0	0	0.189646	-0.013759	0.667983
2013-03-08 00:00:00	-0.95988	0.19245	0.676543	0	0.0150524	-0.00273343	0.0101644	0	0.0542987	0	0	0	0	0	0.264848	-0.0149913	0.0259053	0	0	0.0197979	0.0208395	0	0	0.187998	-0.0136722	0.47662
2013-03-09 00:00:00	-2.0999	0.753382	0.722777	0	0.153264	-0.0075571	0.0287697	0	0.131949	0	0	0	0	0	0.398626	-0.0149814	0.0258888	0	0	0.0225107	0.0213755	0	0	0.185857	-0.0140159	0.307947
2013-03-10 00:00:00	-0.57994	-0.225174	0.742937	0	0.0280344	-0.00474609	0.020087	0	0.104883	0	0	0	0	0	0.178333	-0.0149669	0.0258532	0	0	0.0252349	0.0223606	0	0	0.184482	-0.014087	0.493292
2013-03-11 00:00:00	-3.05958	0.394479	0.543202	0	0.284248	-0.0146659	0.0667592	0	0.332504	0	0	0	0	0	0.901665	-0.0149702	0.0258576	0	0	0.0314585	0.0259555	0	0	0.182782	-0.0145485	-0.314854
2013-03-12 00:00:00	-2.1998	0.0817142	0.929212	0	0.15588	-0.0111976	0.0561109	0	0.298249	0	0	0	0	0	0.414001	-0.0149738	0.0258638	0	0	0.0422556	0.0314724	0	0	0.181975	-0.014915	-0.024152
2013-03-13 00:00:00	-0.2	-0.515751	0.751956	0	-0.0577543	-0.00774499	0.0358716	0	0.207955	0	0	0	0	0	0.0607949	-0.0149626	0.0258373	0	0	0.0427107	0.0316756	0	0	0.180836	-0.0147951	0.526629
2013-03-14 00:00:00	-0.685455	-0.0819986	0.780886	0	-0.0442309	-0.00583302	0.0252213	0	0.144075	0	0	0	0	0	0.120503	-0.0149474	0.0257969	0	0	0.0393048	0.0301262	0	0	0.179514	-0.01464	0.498323
2013-03-15 00:00:00	-1.44733	0.237905	0.927097	0	0.0657918	-0.00559688	0.0244502	0	0.13888	0	0	0	0	0	0.196642	-0.0149326	0.0257627	0	0	0.0366763	0.0289309	0	0	0.177979	-0.0147122	0.377539
2013-03-16 00:00:00	-7.41306	1.19287	0.849955	0	1.00088	-0.0168191	0.0888219	0	0.568258	0	0	0	0	0	1.70871	-0.0149278	0.0257662	0	0	0.0429184	0.0307456	0	0	0.176396	-0.0173928	-1.77688
2013-03-17 00:00:00	-3.34907	0.0993699	0.927385	0	0.13314	-0.0188317	0.0965141	0	0.778704	0	0	0	0	0	0.589948	-0.0149385	0.0257893	0	0	0.0572276	0.0360601	0	0	0.176412	-0.0189967	-0.481284
2013-03-18 00:00:00	-9.15208	0.202146	0.937313	0	0.632484	-0.0576701	0.268358	0	2.02112	0	0	0	0	0	2.51784	-0.0149776	0.0258823	0	0	0.0873277	0.0486636	0	0	0.175192	-0.0236729	-2.33208
2013-03-19 00:00:00	-5.51534	-0.129843	0.806127	0	0.271926	-0.0410114	0.187614	0	1.95508	0	0	0	0	0	0.855654	-0.0150138	0.0259387	0	0	0.108774	0.0558448	0	0	0.173763	-0.0327406	-1.29323
2013-03-20 00:00:00	-2.16953	-0.102322	0.894681	0	-0.246292	-0.019987	0.0827416	0	1.23019	0	0	0	0	0	-0.109352	-0.0150148	0.0259226	0	0	0.0995362	0.0502647	0	0	0.177156	-0.0298629	-0.131865
2013-03-21 00:00:00	-0.381957	-0.359469	0.799484	0	-0.285752	-0.00899089	0.0336153	0	0.571333	0	0	0	0	0	-0.29163	-0.0150001	0.0258899	0	0	0.0856577	0.0449212	0	0	0.181052	-0.0230896	0.376065
2013-03-22 00:00:00	-0.2	-0.289016	0.708834	0	-0.159252	-0.00721313	0.0265505	0	0.337084	0	0	0	0	0	-0.1916	-0.0149851	0.0258564	0	0	0.0741612	0.0411473	0	0	0.182814	-0.0201698	0.514212
2013-03-23 00:00:00	-0.598183	0.145816	0.618554	0	-0.0841114	-0.00538516	0.0189241	0	0.20862	0	0	0	0	0	-0.0858186	-0.0149688	0.0258188	0	0	0.0636649	0.0372854	0	0	0.18356	-0.018345	0.495431
2013-03-24 00:00:00	-0.37001	-0.191776	0.787485	0	-0.109893	-0.00396681	0.0146534	0	0.133818	0	0	0	0	0	-0.00118196	-0.0149488	0.025771	0	0	0.0536072	0.0334088	0	0	0.183545	-0.0173651	0.523147
2013-03-25 00:00:00	-0.399101	-0.231444	0.832707	0	-0.147832	-0.00479853	0.0169689	0	0.140633	0	0	0	0	0	0.0457202	-0.0149319	0.0257394	0	0	0.0480787	0.031311	0	0	0.182901	-0.0166945	0.509258
2013-03-26 00:00:00	-0.37001	-0.112078	0.91019	0	-0.249478	-0.00311118	0.010054	0	0.08896	0	0	0	0	0	0.0327657	-0.0149036	0.025696	0	0	0.0419088	0.0288914	0	0	0.182446	-0.015482	0.55585
2013-03-27 00:00:00	-0.569111	-0.0965924	0.948359	0	-0.128154	-0.00317073	0.0102432	0	0.0676053	0	0	0	0	0	0.0882802	-0.0148829	0.0256654	0	0	0.0372068	0.0270957	0	0	0.181651	-0.0147676	0.559428
2013-03-28 00:00:00	-0.650949	-0.0401726	0.991323	0	-0.0877051	-0.00276502	0.0082897	0	0.0698537	0	0	0	0	0	0.0584562	-0.0148687	0.0256325	0	0	0.0336937	0.0256287	0	0	0.1807	-0.0146653	0.582452
2013-03-29 00:00:00	-0.23992	-0.19629	1.01622	0	-0.277035	-0.00305699	0.00995404	0	0.0558231	0	0	0	0	0	0.0636887	-0.014852	0.0255948	0	0	0.0303393	0.0244067	0	0	0.179839	-0.0143484	0.660367
2013-03-30 00:00:00	-0.376324	-0.076756	0.89671	0	-0.174884	-0.00265046	0.0078309	0	0.0458455	0	0	0	0	0	0.0703051	-0.0148334	0.025553	0	0	0.027799	0.0234908	0	0	0.178732	-0.013982	0.616836
2013-03-31 00:00:00	-0.11996	-0.129768	0.85562	0	-0.216094	-0.0023923	0.00714886	0	0.0358357	0	0	0	0	0	0.041178	-0.0148126	0.0255086	0	0	0.025651	0.0226658	0	0	0.177542	-0.0137327	0.69439
2013-04-01 00:00:00	-3.23892	0.284035	1.02862	0	0.139305	-0.0184022	0.0805013	0	0.375021	0	0	0	0	0	1.0519	-0.01481	0.0255203	0	0	0.0348429	0.0262055	0	0	0.176295	-0.0139459	-0.0638317
2013-04-02 00:00:00	-3.53882	-0.144393	1.00976	0	0.00440742	-0.0376183	0.174921	0	0.960356	0	0	0	0	0	1.12169	-0.0148374	0.0256029	0	0	0.0665747	0.0411616	0	0	0.175377	-0.0146848	-0.170496
2013-04-03 00:00:00	-0.14002	-0.430028	1.09021	0	-0.270218	-0.0147813	0.065877	0	0.402167	0	0	0	0	0	-0.276718	-0.0148386	0.025612	0	0	0.07683	0.0460965	0	0	0.17445	-0.0150126	0.719624
2013-04-04 00:00:00	-1.53617	0.31394	1.21205	0	0.104832	-0.00800755	0.0351444	0	0.16932	0	0	0	0	0	-0.0253026	-0.0148219	0.0255715	0	0	0.0665437	0.0418036	0	0	0.173456	-0.0145182	0.543844
2013-04-05 00:00:00	-0.234505	-0.473461	1.0839	0	-0.109507	-0.00688164	0.0295919	0	0.174709	0	0	0	0	0	-0.0448065	-0.0148071	0.0255394	0	0	0.0592679	0.0386865	0	0	0.17241	-0.0145983	0.685541
2013-04-06 00:00:00	0	-0.164993	1.36783	0	-0.328645	-0.0014222	0.00696458	0	0.0461213	0	0	0	0	0	-0.213856	-0.0147812	0.0255023	0	0	0.0500577	0.0354932	0	0	0.171571	-0.0139552	0.965886
2013-04-07 00:00:00	0	-0.0193196	1.10071	0	-0.184995	-0.000602546	0.0031426	0	0.0106764	0	0	0	0	0	-0.225839	-0.0147581	0.0254573	0	0	0.0404945	0.0312807	0	0	0.170646	-0.0130259	0.923867
2013-04-08 00:00:00	0	-0.0118225	1.19564	0	-0.197778	-0.00104238	0.00470888	0	0.010867	0	0	0	0	0	-0.143588	-0.0147414	0.0254318	0	0	0.0350792	0.0285594	0	0	0.168995	-0.0125343	1.08777
2013-04-09 00:00:00	-0.136168	-0.0114431	1.16808	0	-0.108612	-0.000600189	0.00333173	0	0.00730581	0	0	0	0	0	-0.146515	-0.014717	0.025384	0	0	0.0295525	0.0257854	0	0	0.167594	-0.0122745	0.996703
2013-04-10 00:00:00	-0.723966	0.0219135	1.23654	0	0.0396697	-0.00143267	0.00714778	0	0.0191089	0	0	0	0	0	-0.0234158	-0.0146899	0.0253428	0	0	0.0262555	0.0241478	0	0	0.166019	-0.0120774	0.790566
2013-04-11 00:00:00	-0.05998	-0.0386345	1.32465	0	-0.209989	-0.000613205	0.00279423	0	0.017745	0	0	0	0	0	-0.160874	-0.0146622	0.025293	0	0	0.0233919	0.0225397	0	0	0.164799	-0.011982	1.08447
2013-04-12 00:00:00	-1.30737	0.271638	1.46368	0	0.173167	-0.0012383	0.00718917	0	0.00625277	0	0	0	0	0	-0.0172644	-0.014645	0.0252549	0	0	0.0219877	0.021925	0	0	0.163262	-0.0117582	0.802079
2013-04-13 00:00:00	-0.364613	-0.266667	1.53071	0	-0.0950888	-0.00230811	0.0106416	0	0.0424405	0	0	0	0	0	-0.0954085	-0.0146186	0.0252181	0	0	0.0217585	0.0218316	0	0	0.161833	-0.0117241	0.964
2013-04-14 00:00:00	-9.33615	1.86024	1.87107	0	0.854846	-0.0144447	0.0686204	0	0.291954	0	0	0	0	0	2.00539	-0.0146149	0.0252357	0	0	0.032344	0.0250722	0	0	0.161005	-0.0120722	-2.1815
2013-04-15 00:00:00	-2.83362	0.00809878	1.87599	0	-0.00677613	-0.0120961	0.0621799	0	0.388179	0	0	0	0	0	0.213627	-0.0146277	0.02525	0	0	0.0469091	0.0311978	0	0	0.16115	-0.0131581	-0.0677037
2013-04-16 00:00:00	-3.40227	0.207392	1.88468	0	0.276582	-0.00756771	0.0387832	0	0.222158	0	0	0	0	0	0.349614	-0.0146237	0.0252248	0	0	0.0477334	0.0315378	0	0	0.160853	-0.0133579	-0.193265
2013-04-17 00:00:00	-6.15746	0.306209	1.73522	0	0.762742	-0.0194989	0.0848113	0	0.488301	0	0	0	0	0	1.34414	-0.0146367	0.0252307	0	0	0.0522619	0.0333326	0	0	0.159818	-0.0162885	-1.21581
2013-04-18 00:00:00	-4.71715	0.0465905	1.85189	0	0.30587	-0.0232874	0.085308	0	0.637883	0	0	0	0	0	0.789918	-0.014651	0.0252387	0	0	0.0585994	0.035681	0	0	0.158753	-0.0213666	-0.780724
2013-04-19 00:00:00	-0.155347	-1.10002	1.75614	0	-0.350169	-0.00907316	0.0319386	0	0.32858	0	0	0	0	0	-0.343918	-0.0146408	0.0252165	0	0	0.0560091	0.0346842	0	0	0.15999	-0.0194789	0.399909
2013-04-20 00:00:00	0	-0.379668	1.65346	0	-0.81234	-0.00238513	0.00485378	0	0.0662969	0	0	0	0	0	-0.127584	-0.0145669	0.0251554	0	0	0.0437832	0.0309009	0	0	0.161396	-0.0152298	0.634072
2013-04-21 00:00:00	-1.23924	-0.123333	1.75678	0	0.217147	-0.00456226	0.0109282	0	0.0612794	0	0	0	0	0	-0.265481	-0.0145586	0.0251543	0	0	0.0404411	0.0295628	0	0	0.160309	-0.0142767	0.640149
2013-04-22 00:00:00	-0.0854547	-0.255838	1.69852	0	-0.582592	-0.00142395	0.00175082	0	0.0339851	0	0	0	0	0	-0.312151	-0.0145305	0.0251041	0	0	0.0329671	0.0260337	0	0	0.159686	-0.0139389	0.712122
2013-04-23 00:00:00	-0.963696	-0.181643	1.9439	0	-0.269947	-0.000936337	0.000815425	0	0.0121787	0	0	0	0	0	-0.0516617	-0.0145038	0.0250484	0	0	0.0269582	0.0232507	0	0	0.158928	-0.0130854	0.69561
2013-04-24 00:00:00	-4.22368	1.08125	2.04271	0	0.566494	-0.0050182	0.0166593	0	0.0738878	0	0	0	0	0	0.336937	-0.0144998	0.0250382	0	0	0.0271822	0.0230497	0	0	0.15706	-0.0130933	0.0939777
2013-04-25 00:00:00	-1.61445	-0.298568	1.78904	0	0.0811368	-0.00578701	0.0206584	0	0.117873	0	0	0	0	0	0.0707112	-0.0144832	0.0250131	0	0	0.0294075	0.0231094	0	0	0.156478	-0.0137412	0.366398
2013-04-26 00:00:00	-4.94751	0.748945	1.64438	0	0.721569	-0.00714287	0.040357	0	0.194453	0	0	0	0	0	0.891746	-0.0144745	0.0249914	0	0	0.0323338	0.0238092	0	0	0.155922	-0.0146048	-0.505219
2013-04-27 00:00:00	-0.409267	-1.03484	1.73935	0	-0.194152	-0.0049309	0.0260432	0	0.185224	0	0	0	0	0	-0.116578	-0.0144643	0.0249598	0	0	0.0335139	0.0244155	0	0	0.155593	-0.0156504	0.39921
2013-04-28 00:00:00	-4.04093	1.14792	1.86617	0	0.24787	-0.0055832	0.0206636	0	0.173159	0	0	0	0	0	0.410673	-0.0144249	0.0249257	0	0	0.031954	0.0240248	0	0	0.15526	-0.0152391	0.0264445
2013-04-29 00:00:00	-0.324457	-1.07556	1.9162	0	-0.321127	-0.00341366	0.0142673	0	0.162852	0	0	0	0	0	-0.165204	-0.0144167	0.0248873	0	0	0.0306393	0.0236353	0	0	0.154903	-0.0154919	0.407711
2013-04-30 00:00:00	0	-0.394156	1.87581	0	-0.565114	-0.000909591	0.00197136	0	0.026316	0	0	0	0	0	-0.37825	-0.0143698	0.0248433	0	0	0.025868	0.0223577	0	0	0.154994	-0.0129941	0.766371
2013-05-01 00:00:00	-2.23588	0.330292	1.89614	0	0.0383255	-0.00168041	0.00372701	0	0.0318792	0	0	0	0	0	0.0882987	-0.0143581	0.0248016	0	0	0.0234351	0.0215219	0	0	0.153967	-0.0126909	0.347783
2013-05-02 00:00:00	-0.0408013	-0.618184	2.19627	0	-0.496536	-0.00151555	0.00361061	0	0.0359538	0	0	0	0	0	-0.414544	-0.0143413	0.0247601	0	0	0.0216354	0.020228	0	0	0.152772	-0.0123754	0.856931
2013-05-03 00:00:00	-11.7732	2.07899	2.22885	0	1.95934	-0.0187542	0.0872525	0	0.441699	0	0	0	0	0	2.84075	-0.0143447	0.0247692	0	0	0.0300435	0.0224699	0	0	0.151424	-0.01541	-1.95611
2013-05-04 00:00:00	-0.05998	-1.21191	1.95112	0	-0.618159	-0.0102731	0.0405762	0	0.483925	0	0	0	0	0	-0.542901	-0.0143519	0.0247704	0	0	0.0411278	0.0270798	0	0	0.150798	-0.0207342	0.241091
2013-05-05 00:00:00	-0.0816026	-0.487819	2.31559	0	-1.02206	-0.00146326	0.00253414	0	0.0538235	0	0	0	0	0	-0.322187	-0.0143249	0.0247005	0	0	0.0318237	0.0245934	0	0	0.152926	-0.0146174	0.661922
2013-05-06 00:00:00	0	-0.344642	2.16166	0	-0.412364	-0.00161418	0.00180296	0	0.0169975	0	0	0	0	0	-0.68216	-0.0143116	0.0246779	0	0	0.0272113	0.0225957	0	0	0.152282	-0.0130978	0.939034
2013-05-07 00:00:00	0	-0.281201	2.18423	0	-0.565398	-0.000793244	0.000395738	0	0.0115977	0	0	0	0	0	-0.527285	-0.0142661	0.0245865	0	0	0.0199106	0.0191984	0	0	0.151711	-0.0127558	1.00993
2013-05-08 00:00:00	-2.78967	0.330317	2.40642	0	0.464268	-0.00125165	0.00375315	0	0.00885491	0	0	0	0	0	-0.0952376	-0.0142614	0.0245531	0	0	0.0189701	0.0190417	0	0	0.150148	-0.0119187	0.513988
2013-05-09 00:00:00	-1.66131	-0.0712028	2.2229	0	-0.0446273	-0.00169039	0.00637831	0	0.0316429	0	0	0	0	0	-0.0980691	-0.0142458	0.0244983	0	0	0.0190922	0.0193134	0	0	0.148954	-0.0120357	0.569607
2013-05-10 00:00:00	-4.20995	0.862236	2.24105	0	0.355856	-0.00424311	0.0201462	0	0.0703406	0	0	0	0	0	0.493108	-0.0142214	0.0244717	0	0	0.0218365	0.0199222	0	0	0.148226	-0.0116591	0.0171209
2013-05-11 00:00:00	-3.8707	0.323214	2.17187	0	0.358084	-0.00597427	0.0240635	0	0.119173	0	0	0	0	0	0.535409	-0.0142145	0.0244539	0	0	0.0265133	0.0213864	0	0	0.147926	-0.0123332	-0.151132
2013-05-12 00:00:00	-2.35516	-0.211502	2.27543	0	0.130621	-0.00412162	0.0171494	0	0.10481	0	0	0	0	0	0.0689662	-0.014199	0.024421	0	0	0.0280558	0.0220795	0	0	0.147684	-0.0126489	0.22159
2013-05-13 00:00:00	-8.59103	1.06533	2.01859	0	1.24099	-0.014679	0.0624869	0	0.514917	0	0	0	0	0	2.04805	-0.0141956	0.0243897	0	0	0.0303091	0.0219777	0	0	0.146163	-0.0179314	-1.46463
2013-05-14 00:00:00	-5.47755	0.0245782	2.0545	0	0.0819273	-0.0229727	0.0798586	0	1.00989	0	0	0	0	0	0.948361	-0.0142057	0.0243667	0	0	0.0337399	0.0218504	0	0	0.144164	-0.0284507	-1.11995
2013-05-15 00:00:00	-2.75995	-0.0212746	2.05629	0	-0.0980103	-0.0116533	0.054155	0	0.621572	0	0	0	0	0	-0.0804585	-0.0141957	0.0243418	0	0	0.0347304	0.0220216	0	0	0.147209	-0.0248466	-0.0500717
2013-05-16 00:00:00	-0.95968	-0.805707	2.19588	0	-0.468079	-0.00766073	0.0337729	0	0.297312	0	0	0	0	0	-0.211514	-0.0141854	0.0243186	0	0	0.035539	0.0231043	0	0	0.150143	-0.0186442	0.274598
2013-05-17 00:00:00	0	-0.862459	2.63251	0	-0.949332	-0.00360691	0.0111346	0	0.0878676	0	0	0	0	0	-0.486657	-0.0141684	0.0242786	0	0	0.032572	0.0232053	0	0	0.151247	-0.0146124	0.631983
2013-05-18 00:00:00	-11.7976	1.92141	2.42632	0	1.99091	-0.00971697	0.149568	0	0.901421	0	0	0	0	0	2.61378	-0.0141476	0.0242327	0	0	0.0332807	0.0227241	0	0	0.148622	-0.020889	-1.61007
2013-05-19 00:00:00	-0.67984	-1.22864	2.62722	0	-0.81284	-0.00727431	0.0443211	0	0.722916	0	0	0	0	0	-0.665679	-0.0141392	0.0241989	0	0	0.0361511	0.0225739	0	0	0.149567	-0.023773	0.194755
2013-05-20 00:00:00	-10.4504	0.862648	2.93444	0	0.878191	-0.0305472	0.0966355	0	1.5007	0	0	0	0	0	2.34264	-0.0141422	0.0241603	0	0	0.0395625	0.0222635	0	0	0.149941	-0.0265501	-1.67048
2013-05-21 00:00:00	-0.579059	-0.994982	2.59438	0	-0.920684	-0.0109236	0.0291315	0	0.876693	0	0	0	0	0	-0.886273	-0.0141463	0.0241302	0	0	0.0411793	0.0212995	0	0	0.152276	-0.0264342	0.306592
2013-05-22 00:00:00	-0.374525	-0.388067	2.35451	0	-0.662001	-0.00209958	0.00284426	0	0.0869544	0	0	0	0	0	-0.694408	-0.0141202	0.0240595	0	0	0.0331234	0.0193421	0	0	0.156881	-0.0160875	0.526409
2013-05-23 00:00:00	-0.439239	-0.254799	2.15833	0	-0.481623	-0.00213918	0.00228345	0	0.0537353	0	0	0	0	0	-0.549638	-0.0141031	0.0240019	0	0	0.0272484	0.017676	0	0	0.156902	-0.0142595	0.684377
2013-05-24 00:00:00	-0.923776	-0.16355	2.13971	0	-0.145496	-0.00189346	0.00203617	0	0.0472309	0	0	0	0	0	-0.349197	-0.0140944	0.0239424	0	0	0.0227228	0.016182	0	0	0.156191	-0.0137054	0.796303
2013-05-25 00:00:00	-0.100781	-0.432668	4.66609	0	-1.12605	-0.00110902	0.000867141	0	0.0301421	0	0	0	0	0	-1.31538	-0.0140675	0.0238914	0	0	0.0171061	0.0138154	0	0	0.155278	-0.0128242	1.90431
2013-05-26 00:00:00	-0.05998	0	2.71801	0	-0.317445	0	0	0	0.00403355	0	0	0	0	0	-0.635339	-0.0140136	0.0238039	0	0	0.0110158	0.0118351	0	0	0.154652	-0.0112085	1.88536
2013-05-27 00:00:00	-0.283892	0	2.30751	0	-0.00920015	0	4.38264E-05	0	0.00168333	0	0	0	0	0	-0.644331	-0.0140004	0.0237381	0	0	0.00885251	0.0109861	0	0	0.153274	-0.0107583	1.54391
2013-05-28 00:00:00	-0.462914	0	2.35847	0	0.00920351	-7.46135E-06	0.000130583	0	0.00102953	0	0	0	0	0	-0.494018	-0.0139672	0.0236489	0	0	0.00765307	0.0104979	0	0	0.151818	-0.0105687	1.58098
2013-05-29 00:00:00	-0.0408013	0	2.40842	0	-0.0192585	-2.13738E-05	0.000101357	0	0.000603794	0	0	0	0	0	-0.664551	-0.0139369	0.0235865	0	0	0.00647265	0.00994528	0	0	0.150376	-0.0104358	1.8505
2013-05-30 00:00:00	0	0	2.48965	0	-0.0154674	-2.2512E-05	0.000118038	0	0.000312056	0	0	0	0	0	-0.723598	-0.0138702	0.0235224	0	0	0.00542343	0.00940992	0	0	0.148634	-0.0102989	1.91381
2013-05-31 00:00:00	-0.05998	0	2.49647	0	-0.0103688	-2.79397E-05	0.00013151	0	0.000123829	0	0	0	0	0	-0.705653	-0.0137567	0.0234867	0	0	0.00467037	0.00904025	0	0	0.14663	-0.0101711	1.88059
2013-06-01 00:00:00	-0.170909	0	2.31655	0	-0.00406825	-2.8286E-05	0.000145112	0	2.49268E-05	0	0	0	0	0	-0.660365	-0.0137108	0.0234397	0	0	0.00412509	0.00875119	0	0	0.144996	-0.0100695	1.63888
2013-06-02 00:00:00	-0.0545653	0	3.08862	0	-0.0222395	-7.84264E-06	7.00797E-05	0	0	0	0	0	0	0	-0.970904	-0.0136565	0.0233752	0	0	0.00342811	0.00810246	0	0	0.143243	-0.00996853	2.19549
2013-06-03 00:00:00	0	0	3.49981	0	-0.0265071	0	3.36864E-05	0	0	0	0	0	0	0	-1.12314	-0.0136084	0.0232924	0	0	0.00267158	0.00731524	0	0	0.141127	-0.00982145	2.50117
2013-06-04 00:00:00	-0.0408013	0	3.15933	0	-0.0132278	-4.73894E-07	4.91178E-05	0	0	0	0	0	0	0	-1.06847	-0.0135555	0.0232201	0	0	0.00217338	0.00678004	0	0	0.13909	-0.00964446	2.18494
2013-06-05 00:00:00	0	0	3.42908	0	-0.0155272	0	3.24913E-05	0	0	0	0	0	0	0	-1.19838	-0.0135167	0.0231168	0	0	0.00182716	0.00625663	0	0	0.13725	-0.00950287	2.36064
2013-06-06 00:00:00	0	0	2.71891	0	-0.00329289	-2.50914E-06	6.69884E-05	0	0	0	0	0	0	0	-1.01459	-0.0134683	0.0230546	0	0	0.00172451	0.00603414	0	0	0.13516	-0.00937587	1.84422
2013-06-07 00:00:00	0	0	2.70047	0	-0.00428954	-1.67029E-06	6.63256E-05	0	0	0	0	0	0	0	-1.02054	-0.0134289	0.0230113	0	0	0.00167565	0.0059414	0	0	0.133043	-0.00927421	1.81667
2013-06-08 00:00:00	0	0	3.67721	0	-0.0162008	0	1.26937E-05	0	0	0	0	0	0	0	-1.43675	-0.0133922	0.022917	0	0	0.00146508	0.00548875	0	0	0.131239	-0.00920391	2.36279
2013-06-09 00:00:00	-0.0408013	0	2.8336	0	-0.00299726	0	5.44113E-05	0	0	0	0	0	0	0	-1.08075	-0.0133345	0.0228694	0	0	0.00140356	0.00535206	0	0	0.129155	-0.00911009	1.84543
2013-06-10 00:00:00	0	0	2.75707	0	-0.00340654	0	5.52266E-05	0	0	0	0	0	0	0	-1.13453	-0.0132817	0.022766	0	0	0.00138441	0.00529903	0	0	0.127027	-0.00902166	1.75337
2013-06-11 00:00:00	-0.919279	0	2.65815	0	0.00544894	0	0.000134785	0	0	0	0	0	0	0	-0.749896	-0.0132601	0.0227053	0	0	0.00147266	0.00547965	0	0	0.125227	-0.00894109	1.12724
2013-06-12 00:00:00	-0.847097	0	2.7922	0	3.00944E-05	0	0.000115588	0	0	0	0	0	0	0	-0.851406	-0.0131592	0.0226518	0	0	0.0015373	0.00561969	0	0	0.123374	-0.00888932	1.22498
2013-06-13 00:00:00	0	0	2.37949	0	-0.00362746	0	8.59757E-05	0	0	0	0	0	0	0	-1.07086	-0.0131315	0.0225971	0	0	0.00156629	0.0057044	0	0	0.121916	-0.00884358	1.4349
2013-06-14 00:00:00	-2.16642	0.168842	2.80749	0	0.0123578	0	0.000203636	0	0	0	0	0	0	0	-0.429659	-0.0131082	0.022544	0	0	0.00158487	0.00572156	0	0	0.120424	-0.00879619	0.521179
2013-06-15 00:00:00	-2.46678	0.411061	2.77529	0	0.023466	-1.9E-05	0.000479247	0	0	0	0	0	0	0	-0.486437	-0.0130921	0.0225145	0	0	0.00159111	0.00569103	0	0	0.118564	-0.00873193	0.383605
2013-06-16 00:00:00	-0.484537	-0.57987	2.7446	0	0.00603537	-7.16217E-06	0.000287233	0	0	0	0	0	0	0	-0.846221	-0.0130737	0.0224348	0	0	0.00162761	0.00576239	0	0	0.117684	-0.00870594	0.966019
2013-06-17 00:00:00	-0.0408013	0	2.64931	0	-0.027375	0	2.03384E-05	0	0	0	0	0	0	0	-1.2192	-0.0130395	0.0223753	0	0	0.0015909	0.00568966	0	0	0.116389	-0.00866378	1.4863
2013-06-18 00:00:00	0	0	2.79779	0	-0.0396134	0	0	0	0	0	0	0	0	0	-1.21429	-0.0129801	0.0222905	0	0	0.00155118	0.00571889	0	0	0.115373	-0.0086231	1.66721
2013-06-19 00:00:00	0	0	2.60399	0	-0.00372091	0	0	0	0	0	0	0	0	0	-1.43771	-0.0129342	0.0222033	0	0	0.00145614	0.00546165	0	0	0.114031	-0.00858114	1.28419
2013-06-20 00:00:00	-0.864477	0	2.82446	0	0.00756173	0	4.01809E-05	0	0	0	0	0	0	0	-1.06419	-0.0128905	0.0221565	0	0	0.00153463	0.00564579	0	0	0.112637	-0.00851395	1.02397
2013-06-21 00:00:00	-0.673744	0	2.92182	0	-7.74571E-05	0	5.56416E-05	0	0	0	0	0	0	0	-1.2087	-0.0128512	0.022049	0	0	0.00159311	0.00580273	0	0	0.111498	-0.00848084	1.15897
2013-06-22 00:00:00	-8.19297	2.06179	3.22536	0	0.0700685	-4.74277E-05	0.00100209	0	0	0	0	0	0	0	1.10908	-0.0128613	0.0220372	0	0	0.00239855	0.00691938	0	0	0.110118	-0.00846518	-1.60557
2013-06-23 00:00:00	-4.00976	0.0401054	3.22346	0	0.0152649	-6.74079E-05	0.000892154	0	0	0	0	0	0	0	0.377362	-0.012843	0.0220159	0	0	0.00353827	0.0086936	0	0	0.109622	-0.00863489	-0.230346
2013-06-24 00:00:00	0	-1.65306	2.8984	0	-0.00300094	-2.48148E-05	0.000545983	0	0	0	0	0	0	0	-0.740381	-0.0128243	0.0219884	0	0	0.00418552	0.00975228	0	0	0.109057	-0.00874092	0.625902
2013-06-25 00:00:00	0	-0.329304	2.97241	0	-0.0357465	0	1.77015E-05	0	0	0	0	0	0	0	-1.39216	-0.0127967	0.0219407	0	0	0.00368906	0.00949982	0	0	0.108181	-0.00872061	1.33701
2013-06-26 00:00:00	-0.114545	-0.119027	2.69639	0	-0.0458502	0	0	0	0	0	0	0	0	0	-1.21089	-0.0127939	0.0218616	0	0	0.00314995	0.00885645	0	0	0.107598	-0.00864607	1.32609
2013-06-27 00:00:00	-3.19599	0.18728	3.1535	0	0.0515572	0	0.000139942	0	0	0	0	0	0	0	-0.327077	-0.0127815	0.0218262	0	0	0.00356239	0.00929691	0	0	0.106585	-0.00857793	-0.010683
2013-06-28 00:00:00	-2.99599	-0.00426511	3.23583	0	0.0587964	-2.79833E-05	0.00103521	0	0	0	0	0	0	0	-0.449044	-0.0127702	0.0217692	0	0	0.00413947	0.00992197	0	0	0.105619	-0.00858816	-0.033581
2013-06-29 00:00:00	-0.159199	-0.18305	2.77742	0	-0.0436348	-2.82797E-06	0.000145959	0	0	0	0	0	0	0	-1.42248	-0.0127425	0.0216782	0	0	0.00408572	0.00986667	0	0	0.104664	-0.00862002	1.08813
2013-06-30 00:00:00	-1.70872	0	3.10658	0	0.0154058	0	0.000124523	0	0	0	0	0	0	0	-0.879399	-0.0127109	0.0215888	0	0	0.00384507	0.00961545	0	0	0.104131	-0.00857158	0.651884
2013-07-01 00:00:00	-0.330108	0	2.60319	0	-0.0747348	0	5.49093E-05	0	0	0	0	0	0	0	-1.21989	-0.0126817	0.0215225	0	0	0.00349878	0.00919337	0	0	0.103359	-0.00853613	1.09487
2013-07-02 00:00:00	-4.74182	1.25548	3.1831	0	0.0580863	0	0.000123852	0	0	0	0	0	0	0	-0.152253	-0.0126642	0.0215054	0	0	0.00390574	0.00959488	0	0	0.102644	-0.00846807	-0.280766
2013-07-03 00:00:00	-0.763051	-1.25548	3.26187	0	-0.000888173	0	0.000253406	0	0	0	0	0	0	0	-0.852705	-0.0126486	0.0214657	0	0	0.00414611	0.0098717	0	0	0.10179	-0.00848291	0.506144
2013-07-04 00:00:00	-14.3339	2.93596	3.55698	0	0.135601	-0.000215805	0.00441889	0	0	0	0	0	0	0	3.76608	-0.0126584	0.0215086	0	0	0.00700195	0.0124935	0	0	0.101144	-0.00861461	-3.8142
2013-07-05 00:00:00	-0.0446534	-1.93741	3.19428	0	-0.0488116	-4.32079E-05	0.000952804	0	0	0	0	0	0	0	-0.865774	-0.0126564	0.0215048	0	0	0.00983885	0.0156147	0	0	0.101209	-0.00903278	0.425013
2013-07-06 00:00:00	0	-0.778056	3.93021	0	-0.100592	0	0	0	0	0	0	0	0	0	-1.63019	-0.0126353	0.0214417	0	0	0.00791271	0.0141114	0	0	0.100846	-0.0089718	1.54408
2013-07-07 00:00:00	0	-0.220459	3.66487	0	-0.0689259	0	0	0	0	0	0	0	0	0	-1.81231	-0.0125872	0.021351	0	0	0.00570788	0.0118278	0	0	0.100442	-0.00882025	1.6811
2013-07-08 00:00:00	0	0	3.64503	0	-0.0164833	0	0	0	0	0	0	0	0	0	-2.38308	-0.012535	0.0212587	0	0	0.00429831	0.0103272	0	0	0.0997107	-0.00861718	1.35992
2013-07-09 00:00:00	0	0	4.77381	0	-0.0176736	0	0	0	0	0	0	0	0	0	-3.03826	-0.0124596	0.0211636	0	0	0.00277212	0.00861747	0	0	0.0987684	-0.00841822	1.82832
2013-07-10 00:00:00	0	0	3.04667	0	-0.000558988	0	0	0	0	0	0	0	0	0	-2.09456	-0.0123252	0.0210842	0	0	0.00217322	0.00781271	0	0	0.0978559	-0.00821162	1.05993
2013-07-11 00:00:00	0	0	2.9628	0	-0.0012338	0	0	0	0	0	0	0	0	0	-2.05978	-0.0123197	0.0210172	0	0	0.00184573	0.00728886	0	0	0.0970996	-0.00808035	1.00863
2013-07-12 00:00:00	0	0	4.09905	0	-0.0083047	0	0	0	0	0	0	0	0	0	-2.83604	-0.0122978	0.0209567	0	0	0.0013751	0.00644953	0	0	0.0962206	-0.00799438	1.35941
2013-07-13 00:00:00	0	0	3.20803	0	-0.00237899	0	0	0	0	0	0	0	0	0	-2.29179	-0.012226	0.0208818	0	0	0.00119104	0.0060104	0	0	0.0954502	-0.00788726	1.01728
2013-07-14 00:00:00	0	0	2.84772	0	-0.0012431	0	0	0	0	0	0	0	0	0	-2.12093	-0.0121869	0.0207937	0	0	0.00112568	0.00579639	0	0	0.0946798	-0.00782022	0.82793
2013-07-15 00:00:00	0	0	2.76383	0	-0.00141406	0	0	0	0	0	0	0	0	0	-2.1634	-0.012179	0.0207042	0	0	0.00109005	0.00565703	0	0	0.0938596	-0.00777388	0.700365
2013-07-16 00:00:00	0	0	3.01591	0	-0.00298011	0	0	0	0	0	0	0	0	0	-2.40042	-0.0121325	0.0206598	0	0	0.000988914	0.00545298	0	0	0.0930059	-0.00773037	0.712763
2013-07-17 00:00:00	0	0	3.63627	0	-0.00567173	0	0	0	0	0	0	0	0	0	-2.91381	-0.0120955	0.0205894	0	0	0.000837646	0.00505541	0	0	0.0923415	-0.00768631	0.815827
2013-07-18 00:00:00	0	0	4.32211	0	-0.00793351	0	0	0	0	0	0	0	0	0	-3.63101	-0.0120588	0.0205161	0	0	0.000657193	0.00448394	0	0	0.0915922	-0.00762296	0.780728
2013-07-19 00:00:00	0	0	4.63233	0	-0.00787512	0	0	0	0	0	0	0	0	0	-4.05803	-0.012019	0.0203501	0	0	0.000500592	0.00386003	0	0	0.090736	-0.00754618	0.662306
2013-07-20 00:00:00	0	0	4.34152	0	-0.00575972	0	0	0	0	0	0	0	0	0	-4.08395	-0.0119976	0.0202614	0	0	0.00041372	0.00343427	0	0	0.0899728	-0.00746752	0.346426
2013-07-21 00:00:00	0	0	3.82815	0	-0.0038207	0	0	0	0	0	0	0	0	0	-3.80039	-0.0119727	0.0201526	0	0	0.000383426	0.0032203	0	0	0.0892237	-0.00739692	0.117549
2013-07-22 00:00:00	0	0	2.99768	0	-0.0013037	0	0	0	0	0	0	0	0	0	-2.89992	-0.0119302	0.0200753	0	0	0.000418601	0.00325358	0	0	0.0884562	-0.00734286	0.189388
2013-07-23 00:00:00	-16.7002	3.38059	3.62371	0	0.0574435	0	0.000164785	0	0	0	0	0	0	0	6.75953	-0.0119436	0.0200964	0	0	0.00124979	0.00643894	0	0	0.0878041	-0.00735176	-2.78252
2013-07-24 00:00:00	-0.2	-2.1554	3.45523	0	-0.00625938	0	0.00014676	0	0	0	0	0	0	0	-1.09937	-0.011938	0.0200657	0	0	0.00194607	0.00864289	0	0	0.0879079	-0.0076388	0.0933301
2013-07-25 00:00:00	-9.73192	2.25347	3.51515	0	0.0400901	0	0.000458297	0	0	0	0	0	0	0	2.7793	-0.0119274	0.0200434	0	0	0.0025902	0.0101134	0	0	0.0875853	-0.00772316	-1.04277
2013-07-26 00:00:00	-1.09535	-1.8161	3.66355	0	0.000338215	0	0.000238337	0	0	0	0	0	0	0	-0.882459	-0.0119186	0.0200143	0	0	0.00340337	0.0116024	0	0	0.087384	-0.0078997	-0.0271932
2013-07-27 00:00:00	-9.15935	1.85226	4.34523	0	0.0342442	0	0.000525701	0	0	0	0	0	0	0	1.99196	-0.0119062	0.0199734	0	0	0.00389967	0.0122585	0	0	0.0870577	-0.00792196	-0.831763
2013-07-28 00:00:00	-25.7709	0.175988	3.30961	0	0.512073	-6.66202E-05	0.102867	0	0.00212009	0	0	0	0	0	14.3426	-0.0119431	0.0200415	0	0	0.00860241	0.0181645	0	0	0.0874456	-0.00847314	-7.21193
2013-07-29 00:00:00	-17.6885	-0.00591062	3.21833	0	0.0780472	-0.000347925	0.068077	0	0.00695561	0	0	0	0	0	7.73438	-0.0120044	0.0201544	0	0	0.0197055	0.0296593	0	0	0.0882691	-0.0104536	-6.45361
2013-07-30 00:00:00	-4.5861	-0.0813687	3.09104	0	-0.0523201	-0.000152235	0.0101158	0	0.00286248	0	0	0	0	0	-0.165169	-0.0120267	0.0201866	0	0	0.0243334	0.0339489	0	0	0.0889008	-0.0104248	-1.63617
2013-07-31 00:00:00	-7.21134	0.114595	3.21831	0	0.0559216	-0.000146718	0.0176011	0	0.00449969	0	0	0	0	0	1.91475	-0.0120312	0.0201831	0	0	0.0251181	0.0341519	0	0	0.0894888	-0.00983976	-1.73873
2013-08-01 00:00:00	-2.82123	-0.688776	3.56302	0	-0.0288145	-5.88812E-05	0.00261901	0	0.00322561	0	0	0	0	0	-0.555522	-0.0120315	0.0201708	0	0	0.0245524	0.0329158	0	0	0.0898087	-0.00986127	-0.379986
2013-08-02 00:00:00	-0.763051	-1.6054	3.58547	0	-0.137668	-2.32778E-05	0.000902472	0	0.00517459	0	0	0	0	0	-1.00489	-0.0120228	0.0201395	0	0	0.0220273	0.0300266	0	0	0.0898526	-0.00956258	0.220984
2013-08-03 00:00:00	-0.289307	-0.519013	3.18976	0	-0.213332	0	2.46474E-06	0	0.000808026	0	0	0	0	0	-1.55025	-0.0120089	0.0200948	0	0	0.0181634	0.0265027	0	0	0.0897979	-0.00934715	0.751868
2013-08-04 00:00:00	-1.02909	-0.393906	3.12774	0	-0.0958801	0	0	0	0.000159376	0	0	0	0	0	-0.833851	-0.0119881	0.020025	0	0	0.0144263	0.0224463	0	0	0.0896663	-0.00917268	0.900576
2013-08-05 00:00:00	-0.743636	-0.351882	2.90699	0	0.000356327	0	1.19708E-05	0	0.000147622	0	0	0	0	0	-1.36136	-0.0119749	0.0200021	0	0	0.0125402	0.0204821	0	0	0.0894392	-0.00896564	0.572143
2013-08-06 00:00:00	-0.0408013	-0.134097	2.66911	0	-0.000342672	0	0.000108421	0	0.000170594	0	0	0	0	0	-1.67773	-0.0119649	0.0199312	0	0	0.0108275	0.0186743	0	0	0.0889563	-0.00871155	0.934135
2013-08-07 00:00:00	-1.93042	0.00874851	3.73894	0	-0.00511748	0	9.57918E-05	0	5.03248E-06	0	0	0	0	0	-1.13521	-0.0119409	0.0198769	0	0	0.00908761	0.0167943	0	0	0.0886241	-0.00850023	0.790989
2013-08-08 00:00:00	-0.155347	-0.0314363	2.85749	0	-0.0319625	0	3.70585E-05	0	3.88935E-06	0	0	0	0	0	-1.80554	-0.0119119	0.0198201	0	0	0.00726458	0.0147786	0	0	0.0883804	-0.00838419	0.943198
2013-08-09 00:00:00	-0.289307	-0.00304182	2.9421	0	-0.098825	0	0	0	0	0	0	0	0	0	-1.28481	-0.0118911	0.0197454	0	0	0.00598737	0.0133678	0	0	0.0879437	-0.00825064	1.37302
2013-08-10 00:00:00	-0.763051	0	2.89485	0	4.03861E-05	0	0	0	0	0	0	0	0	0	-1.53808	-0.011868	0.0197142	0	0	0.00520355	0.0125036	0	0	0.0876836	-0.00810905	0.69889
2013-08-11 00:00:00	-4.60968	1.56358	2.91463	0	0.11304	0	0.000253227	0	0	0	0	0	0	0	-0.0110923	-0.0118561	0.0196707	0	0	0.00558984	0.0126593	0	0	0.087136	-0.00801222	0.0759289
2013-08-12 00:00:00	-0.159199	-1.55779	2.79869	0	-0.00917955	0	0.000206358	0	2.71443E-05	0	0	0	0	0	-0.651328	-0.0118415	0.0196325	0	0	0.00602736	0.0129492	0	0	0.0866735	-0.00803318	0.526836
2013-08-13 00:00:00	0	-0.00575887	2.55464	0	-0.0303257	0	4.8721E-05	0	0	0	0	0	0	0	-1.89573	-0.0118217	0.0195633	0	0	0.00529592	0.0123634	0	0	0.0863925	-0.00802461	0.726649
2013-08-14 00:00:00	-2.58663	0.18246	2.93189	0	-0.0157426	0	7.55277E-07	0	0	0	0	0	0	0	0.0125175	-0.0117933	0.019497	0	0	0.00519163	0.0121831	0	0	0.0860054	-0.00793763	0.627645
2013-08-15 00:00:00	-9.30481	2.64209	3.27965	0	0.170832	0	0.00156936	0	0.000183298	0	0	0	0	0	1.96421	-0.0117944	0.0195116	0	0	0.00746036	0.0142357	0	0	0.0857674	-0.00795339	-1.13905
2013-08-16 00:00:00	-0.978614	-1.7826	2.86526	0	0.00560748	0	0.00102321	0	0.0110239	0	0	0	0	0	-0.200114	-0.0117639	0.019488	0	0	0.00856421	0.015167	0	0	0.0854769	-0.00824099	0.0302808
2013-08-17 00:00:00	-3.06219	0.0491131	2.99943	0	-0.00139081	0	0.000782716	0	0.00698188	0	0	0	0	0	-0.0616431	-0.0117568	0.0194539	0	0	0.00889265	0.0152581	0	0	0.0852644	-0.00824231	0.0399566
2013-08-18 00:00:00	-2.50117	-0.0917773	2.67375	0	0.0055458	-1.39281E-05	0.000782446	0	0.00809942	0	0	0	0	0	-0.153107	-0.0117445	0.0194006	0	0	0.0090496	0.0152347	0	0	0.0850315	-0.00823793	0.0508453
2013-08-19 00:00:00	0	-0.760315	2.61491	0	-0.121088	0	0	0	0.00302043	0	0	0	0	0	-1.18912	-0.0116838	0.0193507	0	0	0.00769375	0.0146867	0	0	0.0848363	-0.00820472	0.654084
2013-08-20 00:00:00	-0.955346	-0.158477	2.64903	0	-0.0132404	0	0	0	8.91535E-05	0	0	0	0	0	-1.28626	-0.0116808	0.0193115	0	0	0.00684119	0.0139193	0	0	0.0845777	-0.0081029	0.340665
2013-08-21 00:00:00	-2.92626	0.0511151	3.00586	0	0.0578508	0	0.000183742	0	0.000291318	0	0	0	0	0	-0.124959	-0.0116695	0.0192752	0	0	0.00705379	0.013944	0	0	0.0840721	-0.00802065	0.16874
2013-08-22 00:00:00	-0.2	-0.116629	2.65326	0	-0.0546847	0	2.57708E-05	0	0.000174089	0	0	0	0	0	-1.71855	-0.0116514	0.0192151	0	0	0.00604989	0.0130744	0	0	0.083732	-0.00801668	0.665997
2013-08-23 00:00:00	-0.0854547	-0.013124	2.80959	0	-0.052919	0	1.3297E-05	0	0	0	0	0	0	0	-1.94343	-0.0116229	0.0191531	0	0	0.00485595	0.0119437	0	0	0.0833688	-0.00789118	0.814484
2013-08-24 00:00:00	-0.588289	-0.00209366	2.74414	0	-0.0084147	0	5.37206E-05	0	0	0	0	0	0	0	-1.54647	-0.0115955	0.0190966	0	0	0.00431245	0.0113621	0	0	0.0830234	-0.00776806	0.69735
2013-08-25 00:00:00	0	0	2.5414	0	-0.0224133	0	2.56904E-05	0	0	0	0	0	0	0	-1.88678	-0.0115616	0.0190473	0	0	0.0036394	0.0106646	0	0	0.0825507	-0.00767055	0.728909
2013-08-26 00:00:00	-0.2	0	2.80139	0	-0.0170035	0	2.24225E-05	0	0	0	0	0	0	0	-1.90947	-0.0115457	0.0189729	0	0	0.0030351	0.0100273	0	0	0.0821269	-0.00757617	0.76998
2013-08-27 00:00:00	0	0	2.52107	0	-0.0101425	0	2.54457E-05	0	0	0	0	0	0	0	-1.87595	-0.0115127	0.0189208	0	0	0.00260826	0.00951643	0	0	0.0817093	-0.00749647	0.728744
2013-08-28 00:00:00	-0.0816026	0	2.4056	0	-0.00510003	0	3.0415E-05	0	0	0	0	0	0	0	-1.78728	-0.011481	0.0188684	0	0	0.00233384	0.00912997	0	0	0.0813299	-0.00742629	0.624397
2013-08-29 00:00:00	-0.444653	0	2.5529	0	-0.000555322	0	4.02953E-05	0	0	0	0	0	0	0	-1.63414	-0.0114726	0.0188237	0	0	0.00220038	0.00891869	0	0	0.0809302	-0.00736709	0.565618
2013-08-30 00:00:00	-1.44881	0.0990366	2.52808	0	0.0104463	0	7.004E-05	0	0	0	0	0	0	0	-0.941274	-0.0114292	0.0187702	0	0	0.0023129	0.00901339	0	0	0.0804836	-0.00731537	0.33938
2013-08-31 00:00:00	-0.0854547	-0.0990366	2.14409	0	-0.00420201	0	3.94105E-05	0	0	0	0	0	0	0	-1.62485	-0.0114226	0.0187242	0	0	0.00221422	0.0088614	0	0	0.0801037	-0.00731058	0.421754
2013-09-01 00:00:00	-0.50397	0	2.31101	0	7.79457E-05	0	4.92088E-05	0	0	0	0	0	0	0	-1.46123	-0.0114029	0.0186751	0	0	0.00214498	0.00874785	0	0	0.0797779	-0.0072743	0.436611
2013-09-02 00:00:00	-1.15068	0	2.62409	0	0.00703751	0	7.93721E-05	0	0	0	0	0	0	0	-1.28825	-0.0113783	0.0186214	0	0	0.00224602	0.00885591	0	0	0.0794386	-0.00724536	0.282817
2013-09-03 00:00:00	-0.0854547	0	2.42805	0	-0.0119852	0	2.12824E-05	0	0	0	0	0	0	0	-1.94252	-0.0113579	0.0185682	0	0	0.00204	0.00859798	0	0	0.0790368	-0.00723597	0.477764
2013-09-04 00:00:00	0	0	2.21871	0	-0.00455383	0	2.97605E-05	0	0	0	0	0	0	0	-1.92275	-0.0113261	0.0184898	0	0	0.00190134	0.00838902	0	0	0.0785908	-0.00718244	0.380296
2013-09-05 00:00:00	0	0	2.0673	0	-0.00174555	0	3.55117E-05	0	0	0	0	0	0	0	-1.71934	-0.0113096	0.018429	0	0	0.00183335	0.00826753	0	0	0.078156	-0.00714331	0.434486
2013-09-06 00:00:00	-17.4808	4.2232	2.10906	0	0.200556	0	0.00281052	0	0.000161954	0	0	0	0	0	8.11932	-0.0113243	0.0184094	0	0	0.00438375	0.0114165	0	0	0.077895	-0.00728107	-2.73219
2013-09-07 00:00:00	-10.3307	0.0768614	2.14167	0	0.297398	-9.68108E-05	0.00749603	0	0.0246309	0	0	0	0	0	5.2213	-0.0113422	0.0184271	0	0	0.0107462	0.0181768	0	0	0.0782542	-0.00805432	-2.45518
2013-09-08 00:00:00	0	-1.90357	2.03448	0	-0.0327867	-5.51242E-05	0.00175875	0	0.031759	0	0	0	0	0	-0.619515	-0.0113372	0.0184147	0	0	0.0131912	0.0203462	0	0	0.0784631	-0.00840554	-0.377256
2013-09-09 00:00:00	-3.41916	1.27957	2.02513	0	0.00198487	-3.341E-05	0.000963081	0	0.021824	0	0	0	0	0	-0.0842649	-0.0113318	0.0183894	0	0	0.0127626	0.0195643	0	0	0.0785422	-0.00830583	-0.0643718
2013-09-10 00:00:00	0	-1.84478	2.11555	0	-0.0207173	-1.98904E-05	0.00112639	0	0.0155797	0	0	0	0	0	-0.360726	-0.0113226	0.018344	0	0	0.0122204	0.0187449	0	0	0.0784752	-0.00821566	0.0142644
2013-09-11 00:00:00	-2.98311	0.672351	2.23504	0	0.075408	-1.3283E-05	0.000659815	0	0.011998	0	0	0	0	0	-0.1491	-0.0113083	0.0182891	0	0	0.011547	0.0178338	0	0	0.0783838	-0.00814601	-0.0301699
2013-09-12 00:00:00	-1.79844	-0.344758	2.29573	0	-0.0529027	-3.31092E-05	0.00193533	0	0.018728	0	0	0	0	0	-0.316009	-0.0112995	0.0182333	0	0	0.0112876	0.0175384	0	0	0.0781707	-0.0081114	-0.0899234
2013-09-13 00:00:00	-2.48299	0.413934	1.99094	0	0.00838067	-2.85455E-05	0.001411	0	0.0130873	0	0	0	0	0	-0.0403285	-0.0112762	0.0181715	0	0	0.0109369	0.017082	0	0	0.0780238	-0.0080459	0.0092903
2013-09-14 00:00:00	0	-0.959891	1.80137	0	-0.109882	-4.24539E-06	0.000602289	0	0.0127145	0	0	0	0	0	-0.65727	-0.0112657	0.0181366	0	0	0.0102668	0.0166375	0	0	0.0778716	-0.00799894	0.191287
2013-09-15 00:00:00	-10.0427	2.80679	1.83178	0	0.257069	-7.63946E-05	0.0127891	0	0.0329173	0	0	0	0	0	3.71752	-0.011253	0.0181151	0	0	0.0108941	0.0175383	0	0	0.0777697	-0.00805833	-1.27893
2013-09-16 00:00:00	-2.1401	-0.076216	1.73482	0	-0.0358476	-4.74237E-05	0.00440138	0	0.0478412	0	0	0	0	0	-0.0332847	-0.0112648	0.0180993	0	0	0.012296	0.0187068	0	0	0.0779698	-0.00875873	-0.391386
2013-09-17 00:00:00	-0.402953	-1.25369	1.74526	0	-0.0285776	-2.53782E-05	0.00151087	0	0.0212835	0	0	0	0	0	-0.269616	-0.0112588	0.0180436	0	0	0.0120731	0.0182479	0	0	0.0783388	-0.00862431	-0.0799847
2013-09-18 00:00:00	-0.2	-1.25546	1.65669	0	-0.000410866	-3.43895E-05	0.00172158	0	0.0181322	0	0	0	0	0	-0.356228	-0.0112614	0.0179338	0	0	0.0117951	0.0177298	0	0	0.0783931	-0.00831013	-0.0293087
2013-09-19 00:00:00	-13.6093	2.63743	1.79025	0	0.191461	-0.00117716	0.0364522	0	0.126566	0	0	0	0	0	6.28485	-0.011291	0.0179518	0	0	0.0141598	0.0199523	0	0	0.0781671	-0.00967541	-2.4342
2013-09-20 00:00:00	-0.2	-1.45537	1.75072	0	-0.0918302	-0.00166243	0.0056423	0	0.081465	0	0	0	0	0	-0.675399	-0.0113074	0.0179549	0	0	0.0174182	0.0223282	0	0	0.0785944	-0.0104087	-0.47186
2013-09-21 00:00:00	-0.0446534	-1.35222	1.86113	0	-0.0525374	-0.000798596	0.00210172	0	0.0285436	0	0	0	0	0	-0.617582	-0.0113003	0.0179216	0	0	0.0162577	0.0211007	0	0	0.0790794	-0.00896073	-0.0619147
2013-09-22 00:00:00	-0.114545	-0.346483	2.02806	0	-0.0920684	-0.000300925	0.00072083	0	0.0100478	0	0	0	0	0	-1.22866	-0.0112882	0.0178907	0	0	0.0141034	0.0194064	0	0	0.079099	-0.00865791	0.367324
2013-09-23 00:00:00	0	-0.324013	2.01618	0	-0.170777	-0.000275081	0.000341817	0	0.00863251	0	0	0	0	0	-1.29401	-0.0112736	0.0178349	0	0	0.0119678	0.0175145	0	0	0.0789587	-0.00850717	0.342572
2013-09-24 00:00:00	-0.0408013	-0.305325	1.91289	0	-0.127447	-0.000142976	2.79169E-05	0	0.00173901	0	0	0	0	0	-0.838942	-0.0112577	0.0177592	0	0	0.010035	0.01586	0	0	0.0788339	-0.00824048	0.704992
2013-09-25 00:00:00	-1.62473	0.143216	1.6242	0	0.142573	-0.000162616	0.000869177	0	0.00154099	0	0	0	0	0	-0.441511	-0.0112452	0.0177323	0	0	0.00976794	0.0156258	0	0	0.0785788	-0.00803715	-0.051586
2013-09-26 00:00:00	-0.284555	-0.346135	1.51471	0	-0.0483569	-0.000175774	0.000335097	0	0.00972987	0	0	0	0	0	-0.666945	-0.0112313	0.0177028	0	0	0.00917718	0.0150302	0	0	0.0783135	-0.00812325	0.279475
2013-09-27 00:00:00	-0.37001	-0.200693	1.63122	0	-0.0445621	-9.88578E-05	4.18802E-05	0	0.00174837	0	0	0	0	0	-0.702608	-0.0112106	0.0176552	0	0	0.008256	0.0141959	0	0	0.0781883	-0.00797342	0.414149
2013-09-28 00:00:00	-0.2	-0.160309	1.66282	0	0.0140593	-4.80656E-05	0.00043603	0	0.00100033	0	0	0	0	0	-1.19505	-0.0112023	0.0175828	0	0	0.00762077	0.0136649	0	0	0.0778997	-0.00781373	0.220664
2013-09-29 00:00:00	-0.114545	-0.0782685	1.55059	0	-0.0197161	-1.40713E-06	0.000283087	0	0.000991953	0	0	0	0	0	-1.01013	-0.0111889	0.0175262	0	0	0.00707049	0.01314	0	0	0.0776474	-0.00768125	0.425719
2013-09-30 00:00:00	0	-0.0195152	1.59348	0	-0.0221649	0	0.000159383	0	0.000418011	0	0	0	0	0	-1.32597	-0.0111701	0.0174935	0	0	0.00641535	0.0125264	0	0	0.0774591	-0.00756835	0.321566
2013-10-01 00:00:00	0	-0.00657943	1.53727	0	-0.00486954	0	0.000116545	0	6.94782E-05	0	0	0	0	0	-1.18017	-0.0111565	0.0174349	0	0	0.00588782	0.0120202	0	0	0.0771772	-0.00748498	0.439715
2013-10-02 00:00:00	-1.97296	0.341906	1.61296	0	0.0470409	0	0.00078987	0	0.000428205	0	0	0	0	0	-0.0391762	-0.0111464	0.017412	0	0	0.00623558	0.0121673	0	0	0.0768837	-0.00745098	0.0850896
2013-10-03 00:00:00	-2.58853	0.731373	1.78528	0	0.0335754	-5.31051E-05	0.00122577	0	0.00699987	0	0	0	0	0	-0.0101735	-0.0111384	0.0173907	0	0	0.00683214	0.0124773	0	0	0.0765907	-0.00752007	0.0543356
2013-10-04 00:00:00	-2.34387	0.592406	1.68689	0	0.000613849	-0.000383621	0.00122814	0	0.012347	0	0	0	0	0	-0.0652542	-0.011098	0.0173582	0	0	0.00748851	0.0128356	0	0	0.0763249	-0.00766223	-0.0207823
2013-10-05 00:00:00	-2.38479	0.559409	1.54826	0	0.0198718	-0.000784617	0.00215621	0	0.0137458	0	0	0	0	0	0.0635208	-0.0110879	0.0173312	0	0	0.00801395	0.0133569	0	0	0.0760824	-0.00777026	-0.0826883
2013-10-06 00:00:00	-0.0408013	-1.32898	1.61403	0	0.00127341	-0.00064405	0.00181664	0	0.0144421	0	0	0	0	0	-0.323067	-0.0110758	0.01731	0	0	0.00861733	0.0139099	0	0	0.0759749	-0.00789614	0.0349107
2013-10-07 00:00:00	-4.24039	2.0123	1.52519	0	0.00621623	-0.000495254	0.0011372	0	0.0184783	0	0	0	0	0	0.607729	-0.0110632	0.0172793	0	0	0.00970528	0.0148006	0	0	0.0759114	-0.00789688	0.0288992
2013-10-08 00:00:00	-1.32921	-0.142536	1.47348	0	0.0206429	-0.0011048	0.00331088	0	0.0293617	0	0	0	0	0	-0.367134	-0.0110586	0.017235	0	0	0.00997288	0.0149257	0	0	0.0755673	-0.00800881	-0.214555
2013-10-09 00:00:00	-3.78661	0.65976	1.26084	0	0.0617328	-0.00143486	0.00450868	0	0.0403032	0	0	0	0	0	1.23286	-0.0110538	0.0172364	0	0	0.0122354	0.016924	0	0	0.0754261	-0.00814992	-0.425421
2013-10-10 00:00:00	0	-1.07322	1.14195	0	-0.0144723	-0.00132347	0.00359802	0	0.0421977	0	0	0	0	0	-0.243527	-0.0110492	0.0172202	0	0	0.0131267	0.0175869	0	0	0.0752717	-0.0085195	-0.0411674
2013-10-11 00:00:00	0	-1.08534	1.16241	0	-0.0257379	-0.000551805	0.00135229	0	0.0215329	0	0	0	0	0	0.0179204	-0.0110289	0.0171969	0	0	0.0127814	0.0170372	0	0	0.0752103	-0.00830675	0.194481
2013-10-12 00:00:00	-0.2	-0.600475	1.1227	0	0.0119086	-0.00121499	0.00371223	0	0.0251699	0	0	0	0	0	-0.631665	-0.011021	0.0171974	0	0	0.0125892	0.0168645	0	0	0.07498	-0.00812506	-0.167375
2013-10-13 00:00:00	-2.57312	1.26833	1.18858	0	-0.00365032	-0.000521046	0.00126818	0	0.0173834	0	0	0	0	0	0.181512	-0.011011	0.0171521	0	0	0.0121549	0.016387	0	0	0.0749215	-0.008155	0.18123
2013-10-14 00:00:00	-0.2	-0.836482	1.0894	0	0.0387318	-0.00137979	0.00533182	0	0.0314927	0	0	0	0	0	-0.466933	-0.0110053	0.0171433	0	0	0.0121106	0.0162744	0	0	0.0747409	-0.00811502	-0.238686
2013-10-15 00:00:00	-2.91879	1.60871	1.0265	0	-0.00737246	-0.00112131	0.00410239	0	0.0262555	0	0	0	0	0	0.132385	-0.0109921	0.0170957	0	0	0.0120374	0.0160489	0	0	0.0746773	-0.00816527	-0.0286234
2013-10-16 00:00:00	-13.506	1.76708	1.06577	0	0.434006	-0.00784162	0.046699	0	0.213532	0	0	0	0	0	7.20624	-0.0110117	0.0171258	0	0	0.0199079	0.0218877	0	0	0.0745685	-0.0097917	-2.6678
2013-10-17 00:00:00	-5.325	-0.0142839	1.10891	0	-0.0327064	-0.00578927	0.0452607	0	0.194277	0	0	0	0	0	2.20191	-0.0110385	0.0171409	0	0	0.0294657	0.0280023	0	0	0.0751185	-0.0126026	-1.70134
2013-10-18 00:00:00	-3.10141	-0.0137087	1.11959	0	-0.0192204	-0.00445444	0.0256136	0	0.126575	0	0	0	0	0	0.882213	-0.011044	0.0171245	0	0	0.0295812	0.0279496	0	0	0.0761488	-0.0115296	-0.856572
2013-10-19 00:00:00	-7.14117	0.0314276	1.17163	0	0.142238	-0.00769021	0.0513793	0	0.21377	0	0	0	0	0	3.63915	-0.0110596	0.0171386	0	0	0.0319382	0.029437	0	0	0.0764929	-0.0127757	-1.76809
2013-10-20 00:00:00	-3.75474	-0.0217691	1.08546	0	-0.0649828	-0.00685609	0.0330977	0	0.203722	0	0	0	0	0	1.27224	-0.0110778	0.0171521	0	0	0.0347076	0.031296	0	0	0.0769583	-0.0136611	-1.11845
2013-10-21 00:00:00	-8.10866	0.000143286	1.09465	0	0.128918	-0.0103962	0.0663081	0	0.291022	0	0	0	0	0	4.24227	-0.0111042	0.0171757	0	0	0.0394304	0.0341159	0	0	0.0772967	-0.0145714	-2.15339
2013-10-22 00:00:00	-7.52985	-0.0209053	1.14157	0	0.0338584	-0.0113569	0.0651568	0	0.329525	0	0	0	0	0	3.5585	-0.0111291	0.0172097	0	0	0.045164	0.0372349	0	0	0.0777657	-0.0165998	-2.28387
2013-10-23 00:00:00	-2.87783	-0.026561	1.01043	0	-0.0540663	-0.00762771	0.0283813	0	0.206753	0	0	0	0	0	0.562273	-0.0111387	0.0172241	0	0	0.0452013	0.0369336	0	0	0.0786527	-0.0152172	-1.0066
2013-10-24 00:00:00	-0.0446534	-0.762919	0.853667	0	0.00519029	-0.00530737	0.0148299	0	0.131096	0	0	0	0	0	-0.539665	-0.0111363	0.0172181	0	0	0.0411592	0.0341136	0	0	0.079326	-0.013364	-0.200446
2013-10-25 00:00:00	-5.08882	0.748367	0.950415	0	0.0652812	-0.00761158	0.0391893	0	0.187486	0	0	0	0	0	1.97171	-0.0111446	0.0172029	0	0	0.0393001	0.0327571	0	0	0.079618	-0.012871	-0.989115
2013-10-26 00:00:00	-1.10849	-0.0556583	0.949681	0	-0.0837371	-0.00508763	0.0168489	0	0.135537	0	0	0	0	0	-0.236906	-0.0111574	0.0172016	0	0	0.0379939	0.0317493	0	0	0.0797982	-0.0131931	-0.245415
2013-10-27 00:00:00	-6.05564	0.0356251	0.907512	0	0.165271	-0.010586	0.0595605	0	0.238734	0	0	0	0	0	2.96963	-0.0111758	0.0172164	0	0	0.0389769	0.0320889	0	0	0.0799374	-0.0140509	-1.54689
2013-10-28 00:00:00	-2.13216	-0.0155468	0.824561	0	-0.0625421	-0.00754102	0.0282475	0	0.188036	0	0	0	0	0	0.347579	-0.0111923	0.0172198	0	0	0.0396536	0.0321829	0	0	0.0802488	-0.0146022	-0.685857
2013-10-29 00:00:00	-0.155347	-0.575261	0.762477	0	-0.0192541	-0.00420293	0.0132031	0	0.0975636	0	0	0	0	0	-0.386704	-0.0111907	0.0171874	0	0	0.0363008	0.0298894	0	0	0.0808824	-0.0122461	-0.126703
2013-10-30 00:00:00	-1.70463	0.542225	0.725483	0	-0.020747	-0.00432248	0.0148815	0	0.0937808	0	0	0	0	0	0.108491	-0.0111875	0.0171557	0	0	0.0333392	0.0279832	0	0	0.0811404	-0.0113533	-0.107764
2013-10-31 00:00:00	-2.8627	-0.0177756	0.769638	0	0.0476803	-0.00648063	0.0309882	0	0.146954	0	0	0	0	0	1.19084	-0.0111888	0.0171605	0	0	0.0332494	0.027817	0	0	0.0812385	-0.0118672	-0.564443
2013-11-01 00:00:00	0	-0.672144	0.712262	0	-0.0670741	-0.00363336	0.0120596	0	0.0900067	0	0	0	0	0	-0.286151	-0.0111869	0.0171327	0	0	0.0317694	0.0267035	0	0	0.081468	-0.0116344	-0.080422
2013-11-02 00:00:00	-12.134	0.66278	0.58387	0	0.35574	-0.0208886	0.121839	0	0.465264	0	0	0	0	0	6.66735	-0.0112155	0.0172083	0	0	0.0412673	0.0317919	0	0	0.0813691	-0.0153708	-3.15297
2013-11-03 00:00:00	-4.59959	-0.0102509	0.600214	0	-0.0228242	-0.0146438	0.063962	0	0.371105	0	0	0	0	0	1.70694	-0.0112402	0.0172606	0	0	0.0526446	0.037176	0	0	0.0824091	-0.017538	-1.74438
2013-11-04 00:00:00	-0.114545	-0.37407	0.504181	0	-0.200666	-0.00710861	0.0222506	0	0.185787	0	0	0	0	0	-0.459674	-0.0112421	0.0172422	0	0	0.0497625	0.0352155	0	0	0.0836904	-0.0145766	-0.283755
2013-11-05 00:00:00	-1.01081	0.345289	0.468052	0	0.0904627	-0.00520784	0.0180735	0	0.106807	0	0	0	0	0	-0.303347	-0.0112351	0.0172197	0	0	0.0443734	0.0321338	0	0	0.0842829	-0.0119999	-0.135907
2013-11-06 00:00:00	-4.26086	-0.0262064	0.597845	0	0.072783	-0.0102081	0.0491636	0	0.245597	0	0	0	0	0	2.11378	-0.0112389	0.0172246	0	0	0.0432974	0.0314507	0	0	0.0841549	-0.0144227	-1.06765
2013-11-07 00:00:00	-2.80229	-0.0081791	0.577137	0	0.0308582	-0.00896058	0.0371019	0	0.218961	0	0	0	0	0	0.984352	-0.0112449	0.0172266	0	0	0.0431888	0.0312417	0	0	0.0844206	-0.0149805	-0.821168
2013-11-08 00:00:00	-0.976815	-0.0350058	0.534812	0	-0.0271034	-0.00601675	0.0194718	0	0.149805	0	0	0	0	0	-0.0583081	-0.0112421	0.0172195	0	0	0.0406982	0.0297121	0	0	0.0849185	-0.013808	-0.251661
2013-11-09 00:00:00	-3.36814	0.00536536	0.447433	0	0.0558111	-0.00978709	0.0371102	0	0.218565	0	0	0	0	0	1.64343	-0.0112495	0.0172225	0	0	0.0403794	0.0294303	0	0	0.0851506	-0.0138742	-0.823149
2013-11-10 00:00:00	-0.2	-0.234318	0.440804	0	-0.0429534	-0.00562074	0.017099	0	0.137246	0	0	0	0	0	-0.368623	-0.0112474	0.0172049	0	0	0.0385671	0.0283105	0	0	0.0854457	-0.0136163	-0.111702
2013-11-11 00:00:00	-2.86251	0.213993	0.600818	0	0.103342	-0.00735058	0.0289886	0	0.152387	0	0	0	0	0	1.0248	-0.0112523	0.0171943	0	0	0.0365892	0.027204	0	0	0.0857726	-0.0131324	-0.603148
2013-11-12 00:00:00	-1.84596	-0.0145115	0.564361	0	-0.00750822	-0.00668714	0.0276941	0	0.171464	0	0	0	0	0	0.560632	-0.0112573	0.0171861	0	0	0.0360146	0.0268219	0	0	0.0858856	-0.0139282	-0.409794
2013-11-13 00:00:00	-0.544771	-0.129098	0.543654	0	-0.109596	-0.00422906	0.0126645	0	0.1128	0	0	0	0	0	-0.0681098	-0.0112512	0.0171636	0	0	0.0336187	0.025466	0	0	0.0864097	-0.0124534	-0.0477327
2013-11-14 00:00:00	0	-0.441599	0.4687	0	0.0031842	-0.00426032	0.0135574	0	0.0865183	0	0	0	0	0	-0.248477	-0.0112474	0.0171375	0	0	0.0312781	0.0241798	0	0	0.08669	-0.0115559	0.0141054
2013-11-15 00:00:00	-0.626374	0.0901926	0.507712	0	0.0040297	-0.00213408	0.00662675	0	0.0527371	0	0	0	0	0	-0.242799	-0.0112406	0.0170971	0	0	0.0282821	0.0224863	0	0	0.0868575	-0.0110257	-0.0775528
2013-11-16 00:00:00	-0.159199	-0.39134	0.573882	0	-0.00776366	-0.00338192	0.0108488	0	0.0664438	0	0	0	0	0	-0.0761129	-0.0112404	0.0170717	0	0	0.026731	0.0216376	0	0	0.0868915	-0.0106097	0.143859
2013-11-17 00:00:00	-3.12084	0.80881	0.409621	0	0.143574	-0.00514814	0.0235867	0	0.0992923	0	0	0	0	0	1.03458	-0.0112355	0.0170935	0	0	0.0257141	0.0211364	0	0	0.0867967	-0.0116108	-0.478629
2013-11-18 00:00:00	-0.329209	-0.0886442	0.39793	0	-0.110267	-0.00373847	0.0114141	0	0.101648	0	0	0	0	0	-0.147399	-0.0112394	0.01709	0	0	0.0256201	0.0210706	0	0	0.0867177	-0.0125036	-0.041509
2013-11-19 00:00:00	-1.33077	0.058673	0.33218	0	0.0702491	-0.00454339	0.0190954	0	0.0952933	0	0	0	0	0	0.440173	-0.0112399	0.0170762	0	0	0.0251372	0.0208426	0	0	0.0869725	-0.0112021	-0.192064
2013-11-20 00:00:00	-7.71986	-0.0147707	0.417627	0	0.305492	-0.0178325	0.0894189	0	0.420343	0	0	0	0	0	4.38477	-0.0112608	0.0171258	0	0	0.0333429	0.0251098	0	0	0.0865192	-0.0153851	-1.99936
2013-11-21 00:00:00	-0.243754	-0.106355	0.33009	0	-0.215095	-0.00790448	0.0250939	0	0.223775	0	0	0	0	0	-0.387961	-0.0112813	0.0171402	0	0	0.039254	0.0278831	0	0	0.0872044	-0.0151886	-0.237099
2013-11-22 00:00:00	-0.0408013	-0.203876	0.253079	0	-0.0199352	-0.0049724	0.0161308	0	0.112552	0	0	0	0	0	-0.223314	-0.0112768	0.0171172	0	0	0.0358495	0.0260709	0	0	0.0883386	-0.0122492	0.0327126
2013-11-23 00:00:00	0	-0.289667	0.311798	0	-0.00324584	-0.00396415	0.012664	0	0.0884869	0	0	0	0	0	-0.210844	-0.0112702	0.0170929	0	0	0.032723	0.0244053	0	0	0.0889056	-0.0116625	0.0454228
2013-11-24 00:00:00	0	-0.275078	0.296115	0	-0.0293945	-0.00337149	0.0109273	0	0.0752842	0	0	0	0	0	-0.143562	-0.0112635	0.0170643	0	0	0.0300859	0.0229976	0	0	0.0891445	-0.011182	0.0677677
2013-11-25 00:00:00	-0.159199	-0.120596	0.290726	0	-0.00467384	-0.00284854	0.00929829	0	0.0648478	0	0	0	0	0	-0.135214	-0.0112552	0.0170162	0	0	0.0278294	0.0218021	0	0	0.0892649	-0.0107784	0.07622
2013-11-26 00:00:00	-2.02458	0.894884	0.409534	0	0.0437596	-0.00364508	0.0134958	0	0.0737999	0	0	0	0	0	0.358672	-0.0112457	0.0169905	0	0	0.0262699	0.0210104	0	0	0.089283	-0.0106284	-0.102395
2013-11-27 00:00:00	-0.0854547	-0.29135	0.386257	0	-0.0398142	-0.00343594	0.0111574	0	0.0830568	0	0	0	0	0	-0.151093	-0.0112407	0.0169688	0	0	0.0254833	0.0206255	0	0	0.0892372	-0.0112076	0.0391894
2013-11-28 00:00:00	0	-0.337748	0.363165	0	-0.0495337	-0.0023178	0.0074101	0	0.0580196	0	0	0	0	0	-0.0364981	-0.0112366	0.0168965	0	0	0.0239445	0.0198129	0	0	0.0893854	-0.0105471	0.130753
2013-11-29 00:00:00	-3.4511	0.58425	0.379362	0	0.242036	-0.00609023	0.0326266	0	0.120214	0	0	0	0	0	1.31893	-0.0112383	0.0168972	0	0	0.024087	0.0198997	0	0	0.0892296	-0.011576	-0.652481
2013-11-30 00:00:00	-0.159199	-0.151198	0.315028	0	-0.116937	-0.00434801	0.0133748	0	0.125732	0	0	0	0	0	-0.194845	-0.0112412	0.0168805	0	0	0.0246325	0.020133	0	0	0.0891402	-0.0132994	-0.0461465
2013-12-01 00:00:00	0	-0.312842	0.334348	0	-0.0462761	-0.00280316	0.00888273	0	0.0706792	0	0	0	0	0	-0.112185	-0.0112333	0.0168366	0	0	0.0233711	0.0194689	0	0	0.0897188	-0.0111747	0.0667916
2013-12-02 00:00:00	-0.326256	0.00784052	0.317435	0	-0.0236665	-0.00199883	0.00638061	0	0.0491959	0	0	0	0	0	-0.104692	-0.0112232	0.0167714	0	0	0.0221319	0.0188037	0	0	0.0898139	-0.010476	0.0500602
2013-12-03 00:00:00	-3.92991	0.386615	0.38567	0	0.234522	-0.00972151	0.0453234	0	0.200244	0	0	0	0	0	1.85905	-0.0112283	0.0167907	0	0	0.0248919	0.0203758	0	0	0.0896019	-0.0121364	-0.699912
2013-12-04 00:00:00	-0.529209	-0.0149625	0.321349	0	-0.112735	-0.00607791	0.019869	0	0.163002	0	0	0	0	0	0.00182876	-0.0112359	0.0167824	0	0	0.0273864	0.021663	0	0	0.0896221	-0.0139218	-0.026639
2013-12-05 00:00:00	-18.5838	-0.0123704	0.292296	0	0.930237	-0.051222	0.246878	0	1.40304	0	0	0	0	0	10.931	-0.011303	0.0169333	0	0	0.0561658	0.0336364	0	0	0.0883796	-0.0239301	-4.68411
2013-12-06 00:00:00	0	-0.244198	0.252059	0	-0.554402	-0.0186525	0.0608696	0	0.642466	0	0	0	0	0	-0.836522	-0.0113636	0.0170305	0	0	0.0796848	0.0422129	0	0	0.0918004	-0.0230844	-0.5021
2013-12-07 00:00:00	-3.81151	0.207445	0.305008	0	0.105049	-0.0181898	0.0790321	0	0.4969	0	0	0	0	0	1.4328	-0.0113817	0.0170568	0	0	0.0744727	0.040274	0	0	0.0947204	-0.0189886	-1.00731
2013-12-08 00:00:00	-10.2521	-0.0179039	0.38303	0	0.494491	-0.0411692	0.195016	0	1.2168	0	0	0	0	0	5.28163	-0.011414	0.0171562	0	0	0.0837619	0.0447142	0	0	0.0939192	-0.0274574	-2.53951
2013-12-09 00:00:00	-1.2158	-0.0162187	0.373904	0	-0.306768	-0.0206795	0.0757965	0	0.687299	0	0	0	0	0	-0.214678	-0.0114408	0.0171892	0	0	0.0854683	0.0454107	0	0	0.0963464	-0.0257879	-0.429957
2013-12-10 00:00:00	0	-0.345642	0.362011	0	-0.123273	-0.0103416	0.0363569	0	0.312618	0	0	0	0	0	-0.502236	-0.01145	0.0171834	0	0	0.0741084	0.0403569	0	0	0.0989804	-0.0194707	-0.0707981
2013-12-11 00:00:00	0	-0.33454	0.360887	0	0.0427295	-0.00627512	0.0231186	0	0.163444	0	0	0	0	0	-0.505747	-0.0114446	0.0171607	0	0	0.0637829	0.0357641	0	0	0.100201	-0.0161159	-0.067035
2013-12-12 00:00:00	-2.14315	0.630334	0.388313	0	0.0516232	-0.0107134	0.0467635	0	0.293046	0	0	0	0	0	0.484352	-0.0114481	0.0171591	0	0	0.0592607	0.0339007	0	0	0.100412	-0.0167207	-0.0768633
2013-12-13 00:00:00	-1.74723	-0.0134119	0.373603	0	0.025414	-0.0121242	0.0530128	0	0.348468	0	0	0	0	0	0.586074	-0.0114538	0.01716	0	0	0.0557842	0.0325147	0	0	0.100246	-0.0188331	-0.21078
2013-12-14 00:00:00	-8.74195	-0.0154148	0.35451	0	0.554727	-0.0372606	0.164408	0	1.06453	0	0	0	0	0	4.78132	-0.0114808	0.0172189	0	0	0.0624853	0.035584	0	0	0.0988164	-0.0263197	-1.69883
2013-12-15 00:00:00	-11.5242	-0.0179081	0.341158	0	0.26087	-0.0565656	0.254951	0	1.93026	0	0	0	0	0	5.98589	-0.0115379	0.0173367	0	0	0.0811334	0.0436513	0	0	0.098706	-0.0342764	-2.63055
2013-12-16 00:00:00	-5.91237	-0.0169929	0.265338	0	-0.133756	-0.0445112	0.177543	0	1.5133	0	0	0	0	0	2.31427	-0.0116027	0.0174348	0	0	0.0937864	0.0489911	0	0	0.102563	-0.0326884	-1.6187
2013-12-17 00:00:00	-0.114545	-0.175617	0.297832	0	-0.351274	-0.0190419	0.0661034	0	0.681771	0	0	0	0	0	-0.811808	-0.0116273	0.0174583	0	0	0.0884428	0.046666	0	0	0.107278	-0.0254626	-0.203824
2013-12-18 00:00:00	-6.20867	0.143948	0.325138	0	0.470105	-0.0391154	0.159355	0	1.16862	0	0	0	0	0	2.64933	-0.0116478	0.0175025	0	0	0.0868599	0.0462827	0	0	0.108535	-0.0267353	-1.11049
2013-12-19 00:00:00	-1.94902	-0.0168592	0.327853	0	-0.17278	-0.0239215	0.0913317	0	0.863108	0	0	0	0	0	0.238935	-0.0116755	0.0175271	0	0	0.0851956	0.045646	0	0	0.110234	-0.0273746	-0.421804
2013-12-20 00:00:00	-12.2784	-0.0178056	0.328938	0	0.622001	-0.0709497	0.290791	0	2.3948	0	0	0	0	0	6.25598	-0.0117126	0.0176142	0	0	0.0950469	0.0498004	0	0	0.109714	-0.0363482	-2.25053
2013-12-21 00:00:00	-16.191	-0.0147342	0.279606	0	0.350613	-0.106068	0.462093	0	4.02784	0	0	0	0	0	7.65914	-0.0117947	0.0178234	0	0	0.170678	0.0748188	0	0	0.110715	-0.0445969	-3.21491
2013-12-22 00:00:00	-2.02459	-0.0142594	0.257442	0	-0.576728	-0.0469069	0.175574	0	1.9009	0	0	0	0	0	-0.434731	-0.0118424	0.017921	0	0	0.204367	0.0836978	0	0	0.118267	-0.0360765	-0.386964
2013-12-23 00:00:00	-15.6347	-0.0142531	0.281363	0	0.858339	-0.102041	0.450366	0	4.05546	0	0	0	0	0	7.02775	-0.0118933	0.0180706	0	0	0.216959	0.0883968	0	0	0.119078	-0.0428592	-2.68999
2013-12-24 00:00:00	-4.6589	-0.0167105	0.274081	0	-0.510927	-0.0615622	0.246457	0	2.66761	0	0	0	0	0	0.753702	-0.0119533	0.0181942	0	0	0.229656	0.0925255	0	0	0.12467	-0.0394492	-0.89261
2013-12-25 00:00:00	-1.77951	-0.0185667	0.283818	0	-0.232512	-0.0340484	0.128194	0	1.39506	0	0	0	0	0	-0.44697	-0.0119765	0.0182267	0	0	0.202036	0.0825435	0	0	0.129583	-0.0329728	-0.317095
2013-12-26 00:00:00	-1.10463	-0.0149808	0.266512	0	-0.109263	-0.0252955	0.0963365	0	0.982982	0	0	0	0	0	-0.511926	-0.0119792	0.0182385	0	0	0.175172	0.072693	0	0	0.13213	-0.0291371	-0.0631503
2013-12-27 00:00:00	-32.5738	-0.00847227	0.300075	0	2.03494	-0.221785	0.943222	0	8.97211	0	0	0	0	0	15.3976	-0.0120439	0.0185235	0	0	0.24869	0.100048	0	0	0.122161	-0.0580859	-4.73682
2013-12-28 00:00:00	-5.33912	-0.0177587	0.235557	0	-1.21228	-0.0910937	0.358824	0	4.32335	0	0	0	0	0	0.0175924	-0.0121408	0.0187421	0	0	0.336413	0.129658	0	0	0.130629	-0.0507591	-1.17239
2013-12-29 00:00:00	-0.892923	-0.0135634	0.292717	0	-0.186465	-0.0422911	0.1483	0	1.77256	0	0	0	0	0	-1.54441	-0.0121856	0.0187765	0	0	0.287929	0.111748	0	0	0.138768	-0.0371038	0.0418511
2013-12-30 00:00:00	-22.5315	-0.0146336	0.302735	0	1.34977	-0.175071	0.770501	0	7.58711	0	0	0	0	0	9.38146	-0.0122753	0.0189642	0	0	0.302274	0.116842	0	0	0.13141	-0.0577595	-2.83015
2013-12-31 00:00:00	-0.655465	-0.0146757	0.302255	0	-1.05284	-0.0555151	0.202745	0	2.81927	0	0	0	0	0	-1.97743	-0.0123539	0.0190864	0	0	0.296581	0.113543	0	0	0.140833	-0.043176	0.0828624
2014-01-01 00:00:00	-11.4735	-0.0182753	0.304075	0	0.455993	-0.104422	0.452629	0	4.43133	0	0	0	0	0	3.8043	-0.0124006	0.0191948	0	0	0.286064	0.110074	0	0	0.140939	-0.0466322	-1.65065
2014-01-02 00:00:00	-4.54801	-0.0184854	0.266587	0	-0.385385	-0.0674298	0.257761	0	2.98971	0	0	0	0	0	0.435296	-0.0124358	0.0192792	0	0	0.279228	0.107763	0	0	0.144536	-0.0424278	-0.574023
2014-01-03 00:00:00	-6.20682	-0.0101741	0.31207	0	0.28309	-0.079969	0.310491	0	3.28909	0	0	0	0	0	1.37206	-0.0124918	0.0193422	0	0	0.261459	0.10148	0	0	0.145651	-0.0434106	-0.258138
2014-01-04 00:00:00	-2.05873	-0.0199993	0.289027	0	-0.462725	-0.0363687	0.165734	0	1.88027	0	0	0	0	0	-0.484908	-0.0125362	0.0193724	0	0	0.232601	0.0909799	0	0	0.149709	-0.0375087	-0.285077
2014-01-05 00:00:00	-3.56798	-0.0145326	0.279357	0	0.0517913	-0.0440659	0.187947	0	1.89705	0	0	0	0	0	0.498409	-0.0125714	0.0193977	0	0	0.209216	0.0827647	0	0	0.151816	-0.0359277	-0.297333
2014-01-06 00:00:00	-7.59683	-0.0127875	0.294419	0	0.404493	-0.074065	0.320706	0	3.14671	0	0	0	0	0	2.45602	-0.0126079	0.0194639	0	0	0.204319	0.0810791	0	0	0.150632	-0.0419272	-0.66038
2014-01-07 00:00:00	-3.78404	-0.0180772	0.29623	0	-0.260712	-0.0508631	0.200229	0	2.29037	0	0	0	0	0	0.629266	-0.0126593	0.0195523	0	0	0.197206	0.0780869	0	0	0.153829	-0.0387718	-0.300353
2014-01-08 00:00:00	-2.81279	-0.014229	0.304528	0	-0.137251	-0.0398134	0.17597	0	1.80225	0	0	0	0	0	0.270456	-0.012685	0.0195859	0	0	0.181277	0.0725683	0	0	0.156818	-0.0353593	-0.0686768
2014-01-09 00:00:00	-0.2	-0.104294	0.306677	0	-0.269893	-0.0191695	0.0764573	0	0.884817	0	0	0	0	0	-0.719317	-0.0126778	0.0195832	0	0	0.158398	0.0647283	0	0	0.160439	-0.0287022	0.317046
2014-01-10 00:00:00	-5.05115	0.0805119	0.301902	0	0.530322	-0.0430171	0.198183	0	1.664	0	0	0	0	0	1.567	-0.0126795	0.0196196	0	0	0.148391	0.0615713	0	0	0.159789	-0.0323678	-0.407927
2014-01-11 00:00:00	-0.488407	-0.0312876	0.278885	0	-0.528145	-0.0175591	0.0669976	0	0.91449	0	0	0	0	0	-0.521735	-0.0127007	0.0196106	0	0	0.135458	0.0572001	0	0	0.161432	-0.0289866	0.00525083
2014-01-12 00:00:00	-0.240801	-0.0567886	0.272438	0	-0.195486	-0.0089376	0.0348628	0	0.403133	0	0	0	0	0	-0.379434	-0.0126964	0.0195895	0	0	0.112593	0.0493009	0	0	0.16425	-0.0225379	0.139484
2014-01-13 00:00:00	-1.76164	0.0419147	0.321581	0	0.118364	-0.0175198	0.0812477	0	0.60834	0	0	0	0	0	0.37572	-0.0126992	0.0196009	0	0	0.103598	0.0468416	0	0	0.163957	-0.0235684	0.065736
2014-01-14 00:00:00	-1.76164	-0.0143627	0.280499	0	0.0435789	-0.0167419	0.0790863	0	0.726666	0	0	0	0	0	0.366561	-0.0127031	0.0196057	0	0	0.0932315	0.0436446	0	0	0.163207	-0.0259861	-0.0153556
2014-01-15 00:00:00	-10.9737	-0.0151718	0.360506	0	1.29403	-0.0835051	0.337395	0	3.29215	0	0	0	0	0	4.43059	-0.0127534	0.0196974	0	0	0.109842	0.0494665	0	0	0.157529	-0.0402775	-1.07424
2014-01-16 00:00:00	-0.329209	-0.0573922	0.345051	0	-1.25775	-0.0289202	0.104617	0	1.62998	0	0	0	0	0	-0.739621	-0.012772	0.0197308	0	0	0.114625	0.0507157	0	0	0.161617	-0.0333854	-0.0327178
2014-01-17 00:00:00	-0.855619	0.0199553	0.351727	0	-0.101478	-0.0147726	0.0698029	0	0.646747	0	0	0	0	0	-0.221222	-0.0127782	0.0197178	0	0	0.0995838	0.0454451	0	0	0.165943	-0.0250121	0.188039
2014-01-18 00:00:00	-2.76642	-0.0112353	0.369266	0	0.266431	-0.0254522	0.109904	0	0.967954	0	0	0	0	0	0.69197	-0.0127886	0.019726	0	0	0.0929463	0.043335	0	0	0.165308	-0.0274075	-0.116464
2014-01-19 00:00:00	-3.62728	-0.0140578	0.364611	0	0.157009	-0.0350614	0.148916	0	1.4554	0	0	0	0	0	1.07519	-0.0128119	0.0197378	0	0	0.092618	0.0432671	0	0	0.164091	-0.0312092	-0.199587
2014-01-20 00:00:00	-0.159199	-0.201554	0.368282	0	-0.539223	-0.0129645	0.0497821	0	0.696685	0	0	0	0	0	-0.362987	-0.0128187	0.019733	0	0	0.0856166	0.0408385	0	0	0.166243	-0.0262051	0.11223
2014-01-21 00:00:00	-1.6776	0.173465	0.301372	0	0.137673	-0.0156174	0.058763	0	0.514352	0	0	0	0	0	0.274747	-0.0128217	0.019733	0	0	0.0772126	0.0380646	0	0	0.167871	-0.0221105	0.0351075
2014-01-22 00:00:00	-2.34636	-0.00821249	0.378854	0	0.154732	-0.0224514	0.0930423	0	0.792208	0	0	0	0	0	0.610742	-0.0128296	0.0197447	0	0	0.0755767	0.0377141	0	0	0.166913	-0.0245696	-0.0848977
2014-01-23 00:00:00	-3.68482	-0.0175883	0.351306	0	0.137806	-0.0338103	0.136839	0	1.30067	0	0	0	0	0	1.21807	-0.0128488	0.0197661	0	0	0.0792708	0.039077	0	0	0.16563	-0.0287964	-0.329429
2014-01-24 00:00:00	-6.22874	-0.00746321	0.354262	0	0.414733	-0.0592918	0.230846	0	2.25622	0	0	0	0	0	2.27436	-0.0128928	0.0198234	0	0	0.0930284	0.0438454	0	0	0.163511	-0.0348263	-0.492583
2014-01-25 00:00:00	-17.1451	-0.0104476	0.414635	0	0.926728	-0.160351	0.61184	0	6.68175	0	0	0	0	0	6.74015	-0.0129887	0.0200233	0	0	0.142781	0.0608125	0	0	0.156243	-0.0527743	-1.62674
2014-01-26 00:00:00	-3.60722	-0.0179055	0.38085	0	-0.963714	-0.0685036	0.253469	0	3.37791	0	0	0	0	0	0.0887426	-0.0130816	0.0201659	0	0	0.172077	0.0704309	0	0	0.164849	-0.0438276	-0.185758
2014-01-27 00:00:00	-1.48841	-0.0109808	0.408924	0	-0.259946	-0.0358337	0.126275	0	1.54308	0	0	0	0	0	-0.452127	-0.0131132	0.0202051	0	0	0.155765	0.0646172	0	0	0.172055	-0.0335865	0.196925
2014-01-28 00:00:00	-2.04725	-0.00230933	0.404844	0	0.156303	-0.0300397	0.132362	0	1.2938	0	0	0	0	0	-0.019915	-0.0131176	0.0202091	0	0	0.138177	0.0583505	0	0	0.173906	-0.0318915	0.233425
2014-01-29 00:00:00	-4.16642	-0.0109371	0.427693	0	0.207748	-0.0451244	0.181838	0	1.8353	0	0	0	0	0	1.02163	-0.0131463	0.0202366	0	0	0.130281	0.0555924	0	0	0.173603	-0.0345439	-0.216251
2014-01-30 00:00:00	0	-0.281	0.295751	0	-0.560047	-0.0173523	0.063733	0	0.920208	0	0	0	0	0	-0.607407	-0.0131526	0.0202409	0	0	0.118693	0.0515713	0	0	0.176435	-0.0288802	0.138794
2014-01-31 00:00:00	-1.94324	0.258334	0.381115	0	0.165734	-0.0175906	0.0624434	0	0.563163	0	0	0	0	0	0.216199	-0.0131532	0.0202523	0	0	0.1034	0.0463393	0	0	0.178896	-0.0234792	-0.00158239
2014-02-01 00:00:00	-16.1044	-0.0134517	0.446424	0	1.23915	-0.148947	0.56449	0	5.69169	0	0	0	0	0	6.38463	-0.013201	0.0204088	0	0	0.145176	0.0612759	0	0	0.169313	-0.0457204	-1.60312
2014-02-02 00:00:00	-1.26227	-0.0174763	0.472464	0	-1.13141	-0.0479331	0.164668	0	2.45066	0	0	0	0	0	-0.827655	-0.0132534	0.0205188	0	0	0.170359	0.0698013	0	0	0.175089	-0.0382024	0.185362
2014-02-03 00:00:00	0	-0.450642	0.482105	0	-0.175155	-0.0206181	0.0721371	0	0.825006	0	0	0	0	0	-0.708292	-0.0132547	0.0205147	0	0	0.146391	0.0613333	0	0	0.180788	-0.0271156	0.393198
2014-02-04 00:00:00	-1.62211	0.432005	0.45415	0	-0.136574	-0.0173961	0.0611886	0	0.65153	0	0	0	0	0	-0.0824473	-0.0132622	0.0205025	0	0	0.124994	0.053748	0	0	0.182171	-0.0240943	0.0844023
2014-02-05 00:00:00	-18.3184	-0.00764213	0.482063	0	1.69658	-0.158176	0.648269	0	6.38988	0	0	0	0	0	7.15496	-0.0133467	0.0206809	0	0	0.172979	0.0701578	0	0	0.172568	-0.0451463	-1.73455
2014-02-06 00:00:00	-0.414663	-0.0981617	0.485526	0	-1.10521	-0.0420418	0.15687	0	2.41301	0	0	0	0	0	-1.34709	-0.0134254	0.02082	0	0	0.202244	0.0791387	0	0	0.178839	-0.0369919	0.478866
2014-02-07 00:00:00	-0.284555	-0.14336	0.442492	0	-0.541522	-0.0209844	0.0802733	0	0.916145	0	0	0	0	0	-0.682178	-0.0134317	0.0208045	0	0	0.170584	0.0683592	0	0	0.184467	-0.0264346	0.17066
2014-02-08 00:00:00	-19.1695	0.209153	0.510703	0	1.88634	-0.181431	0.683344	0	6.90217	0	0	0	0	0	7.13077	-0.0134794	0.0210034	0	0	0.219335	0.0859523	0	0	0.174811	-0.0472111	-1.58807
2014-02-09 00:00:00	-4.6673	-0.0144939	0.52279	0	-1.06494	-0.0939562	0.337901	0	4.11375	0	0	0	0	0	0.238636	-0.0135371	0.0212024	0	0	0.275547	0.105446	0	0	0.179494	-0.0425535	-0.102012
2014-02-10 00:00:00	-0.519297	-0.0777684	0.52621	0	-0.546543	-0.0344098	0.121419	0	1.48328	0	0	0	0	0	-0.993742	-0.0135565	0.021223	0	0	0.241402	0.0937214	0	0	0.186191	-0.0314574	0.456674
2014-02-11 00:00:00	-1.5572	0.0117646	0.508	0	-0.0807665	-0.0269711	0.101168	0	0.921789	0	0	0	0	0	-0.272771	-0.0135607	0.0212425	0	0	0.21459	0.0848762	0	0	0.188532	-0.0260481	0.0746458
2014-02-12 00:00:00	-13.0208	0.0294422	0.519156	0	1.15916	-0.124853	0.495953	0	4.69943	0	0	0	0	0	4.51505	-0.0136028	0.0213893	0	0	0.240971	0.0949643	0	0	0.182501	-0.039741	-1.24096
2014-02-13 00:00:00	-7.83124	-0.00355561	0.538544	0	-0.183965	-0.114073	0.429683	0	4.60775	0	0	0	0	0	1.8785	-0.0136575	0.0216406	0	0	0.295371	0.11558	0	0	0.184659	-0.0380162	-0.112786
2014-02-14 00:00:00	-13.0179	-0.014514	0.567421	0	0.297215	-0.154128	0.586227	0	6.37854	0	0	0	0	0	3.7963	-0.0137256	0.0219658	0	0	0.359654	0.138522	0	0	0.183122	-0.0443112	-0.915619
2014-02-15 00:00:00	-6.62017	-0.0069006	0.596295	0	-0.133134	-0.106491	0.390507	0	4.42422	0	0	0	0	0	0.957815	-0.0137977	0.0222121	0	0	0.385987	0.147159	0	0	0.186712	-0.0428027	0.187612
2014-02-16 00:00:00	0	-0.521648	0.560859	0	-0.91651	-0.0372045	0.136706	0	1.84191	0	0	0	0	0	-1.2591	-0.0138246	0.0222609	0	0	0.338678	0.130138	0	0	0.192952	-0.033784	0.441436
2014-02-17 00:00:00	-2.13709	0.490798	0.652515	0	-0.0758877	-0.0258784	0.103598	0	0.950953	0	0	0	0	0	-0.318553	-0.0138386	0.02227	0	0	0.284229	0.11088	0	0	0.195954	-0.027509	0.212444
2014-02-18 00:00:00	-2.32514	-0.00220897	0.670375	0	0.0866264	-0.0310428	0.128083	0	1.16084	0	0	0	0	0	0.0183925	-0.0138591	0.0223019	0	0	0.254449	0.100574	0	0	0.195125	-0.0289554	0.235559
2014-02-19 00:00:00	-4.43313	-0.0166622	0.703542	0	0.272278	-0.0474825	0.202225	0	1.77119	0	0	0	0	0	0.900358	-0.0138974	0.0224289	0	0	0.232661	0.0932275	0	0	0.19374	-0.0326756	-0.152197
2014-02-20 00:00:00	-4.17301	-0.0373196	0.716656	0	-0.0498201	-0.0421445	0.220177	0	1.92818	0	0	0	0	0	0.841587	-0.013965	0.0225651	0	0	0.223308	0.0904061	0	0	0.193939	-0.0320924	-0.111531
2014-02-21 00:00:00	-1.58782	0.0296452	0.686986	0	-0.258088	-0.0227301	0.110225	0	1.15159	0	0	0	0	0	-0.24898	-0.0140317	0.022586	0	0	0.202363	0.0828318	0	0	0.196113	-0.028255	0.322434
2014-02-22 00:00:00	-2.12561	-0.0214258	0.770962	0	-0.145992	-0.020594	0.0873204	0	0.898694	0	0	0	0	0	0.184604	-0.0140534	0.0227083	0	0	0.177148	0.0735939	0	0	0.197275	-0.0258081	0.058822
2014-02-23 00:00:00	-7.46492	-0.00871479	0.857193	0	0.705452	-0.0637099	0.276288	0	2.59248	0	0	0	0	0	2.14714	-0.0140758	0.0227831	0	0	0.180191	0.0747136	0	0	0.193481	-0.0345568	-0.536259
2014-02-24 00:00:00	-14.4178	-0.000474133	0.734968	0	0.770646	-0.150099	0.608475	0	6.31457	0	0	0	0	0	4.68203	-0.0141894	0.023078	0	0	0.238569	0.0972071	0	0	0.186597	-0.0488057	-0.975219
2014-02-25 00:00:00	-2.91091	-0.012405	0.79235	0	-0.922575	-0.0615056	0.239994	0	3.22229	0	0	0	0	0	-0.498299	-0.0142413	0.0233201	0	0	0.246699	0.100127	0	0	0.192475	-0.0425661	0.354753
2014-02-26 00:00:00	-3.06176	0.0062656	0.80594	0	0.166888	-0.041748	0.167146	0	1.82605	0	0	0	0	0	-0.0249918	-0.0142768	0.0233643	0	0	0.217161	0.0888992	0	0	0.197143	-0.0359748	0.320108
2014-02-27 00:00:00	-1.98241	-0.00123576	0.748967	0	-0.293084	-0.0301793	0.117132	0	1.4615	0	0	0	0	0	-0.212298	-0.0142813	0.0234007	0	0	0.190579	0.0789156	0	0	0.199006	-0.0337838	0.252232
2014-02-28 00:00:00	-0.777909	-0.10071	0.657408	0	-0.535211	-0.0177207	0.0655782	0	0.793285	0	0	0	0	0	-0.364833	-0.014279	0.0234085	0	0	0.162464	0.0687331	0	0	0.201534	-0.0284103	0.133338
2014-03-01 00:00:00	-2.57926	0.0816542	0.707964	0	0.296022	-0.0231669	0.0922708	0	0.857955	0	0	0	0	0	0.320002	-0.0142806	0.023443	0	0	0.143458	0.0617757	0	0	0.201331	-0.0280946	0.141074
2014-03-02 00:00:00	-5.06245	-0.00212657	0.798373	0	0.545182	-0.0446625	0.180703	0	1.89313	0	0	0	0	0	1.20634	-0.0142885	0.0234882	0	0	0.137199	0.0592213	0	0	0.198311	-0.0352048	-0.116776
2014-03-03 00:00:00	-0.414663	-0.349993	0.768072	0	-0.808426	-0.0176081	0.0661751	0	0.996889	0	0	0	0	0	-0.411488	-0.0142958	0.0235581	0	0	0.124106	0.0544934	0	0	0.20105	-0.0297495	0.188118
2014-03-04 00:00:00	-0.244653	-0.510313	0.80819	0	-0.281858	-0.00870181	0.0344855	0	0.357157	0	0	0	0	0	-0.210602	-0.0142915	0.0235599	0	0	0.105523	0.0481954	0	0	0.203835	-0.0223485	0.288177
2014-03-05 00:00:00	-0.0446534	-0.365718	0.914294	0	-0.508591	-0.00410599	0.0147181	0	0.197781	0	0	0	0	0	-0.245146	-0.0142861	0.0235808	0	0	0.0865737	0.0423733	0	0	0.204033	-0.02004	0.280813
2014-03-06 00:00:00	-2.86381	1.11315	1.06471	0	0.225572	-0.00852691	0.0275542	0	0.197536	0	0	0	0	0	0.281624	-0.0142881	0.0236124	0	0	0.0767165	0.0395023	0	0	0.203088	-0.018971	0.347459
2014-03-07 00:00:00	-8.22253	0.0786085	0.89708	0	1.46028	-0.0543486	0.234183	0	2.19611	0	0	0	0	0	2.51293	-0.0143025	0.0236487	0	0	0.0846905	0.0406844	0	0	0.196543	-0.0346157	-0.601044
2014-03-08 00:00:00	-0.2	-0.713838	0.974421	0	-0.947955	-0.018064	0.0685777	0	1.14805	0	0	0	0	0	-0.478841	-0.014318	0.0237034	0	0	0.0894489	0.0419399	0	0	0.199042	-0.0307166	0.141445
2014-03-09 00:00:00	-5.11971	0.703947	1.04671	0	0.692804	-0.0341053	0.140682	0	1.30987	0	0	0	0	0	0.995379	-0.0143198	0.0237313	0	0	0.0836712	0.0399986	0	0	0.199366	-0.0303867	0.0376299
2014-03-10 00:00:00	-1.63924	-0.0162014	0.928197	0	-0.487651	-0.0195644	0.0732658	0	1.02078	0	0	0	0	0	-0.1023	-0.0143165	0.0237707	0	0	0.0807699	0.0390174	0	0	0.199672	-0.0301044	0.0560984
2014-03-11 00:00:00	-0.244653	-0.832972	1.1442	0	-0.579181	-0.00602579	0.0225825	0	0.390088	0	0	0	0	0	0.00568542	-0.0143079	0.0238445	0	0	0.0670151	0.0349995	0	0	0.202884	-0.0228492	0.191309
2014-03-12 00:00:00	-0.0446534	-0.470246	1.45338	0	-0.64747	-0.00771536	0.0266535	0	0.216849	0	0	0	0	0	-0.390505	-0.0143096	0.0238754	0	0	0.0598956	0.0334704	0	0	0.20293	-0.0196394	0.422518
2014-03-13 00:00:00	-0.159199	-0.188788	1.024	0	-0.329768	-0.00215391	0.00519138	0	0.0480491	0	0	0	0	0	-0.204295	-0.0143067	0.0238473	0	0	0.0459831	0.0304271	0	0	0.202776	-0.0168561	0.464907
2014-03-14 00:00:00	-0.159199	-0.192306	1.11166	0	-0.4344	-0.00336725	0.00858335	0	0.0679152	0	0	0	0	0	-0.0904767	-0.0143004	0.0238253	0	0	0.0381023	0.0278133	0	0	0.200865	-0.0161637	0.568551
2014-03-15 00:00:00	-0.329209	-0.138905	1.09749	0	-0.250273	-0.00290181	0.0078329	0	0.0594556	0	0	0	0	0	-0.044127	-0.0143004	0.0237936	0	0	0.0320876	0.0255921	0	0	0.199135	-0.0155809	0.650095
2014-03-16 00:00:00	-0.443754	-0.126358	1.1687	0	-0.201777	-0.00210781	0.00594589	0	0.0416983	0	0	0	0	0	-0.00784743	-0.0142915	0.023758	0	0	0.0275093	0.0238309	0	0	0.197811	-0.0149631	0.67815
2014-03-17 00:00:00	-0.614663	-0.0797175	1.11675	0	-0.101973	-0.00187643	0.00538325	0	0.0337519	0	0	0	0	0	0.0411626	-0.0142813	0.0237168	0	0	0.0243769	0.022419	0	0	0.196366	-0.0144843	0.636935
2014-03-18 00:00:00	-3.15511	1.1297	1.22086	0	0.344134	-0.00433135	0.0140764	0	0.0820204	0	0	0	0	0	0.381177	-0.0142764	0.023692	0	0	0.0231938	0.021952	0	0	0.194625	-0.0147578	0.246946
2014-03-19 00:00:00	-0.130108	-0.971525	1.35076	0	-0.0996528	-0.00301958	0.0108747	0	0.0802314	0	0	0	0	0	0.0773854	-0.0142754	0.0236601	0	0	0.0230909	0.0217068	0	0	0.193351	-0.0150322	0.547451
2014-03-20 00:00:00	-13.013	1.80923	1.2084	0	2.77542	-0.0396643	0.18486	0	1.42827	0	0	0	0	0	3.60768	-0.0142947	0.0236985	0	0	0.0358544	0.0247125	0	0	0.188982	-0.0258223	-1.80572
2014-03-21 00:00:00	-5.80247	-0.0409608	1.12681	0	-0.104358	-0.0482969	0.204384	0	2.53678	0	0	0	0	0	1.17074	-0.0143121	0.0237826	0	0	0.0628747	0.0332821	0	0	0.185306	-0.0384655	-0.704896
2014-03-22 00:00:00	-1.63926	-0.191664	1.04337	0	-0.268914	-0.0248639	0.0981421	0	1.33214	0	0	0	0	0	-0.278863	-0.0143378	0.0237949	0	0	0.0675032	0.0346425	0	0	0.190526	-0.0297051	0.342512
2014-03-23 00:00:00	-0.130108	-0.765119	1.03029	0	-0.783846	-0.00755943	0.0298585	0	0.533457	0	0	0	0	0	-0.123483	-0.0143315	0.0237596	0	0	0.0589209	0.0321675	0	0	0.194203	-0.0224621	0.0557493
2014-03-24 00:00:00	-0.0446534	-0.320438	1.36693	0	-0.498663	-0.00870865	0.0288114	0	0.25143	0	0	0	0	0	-0.530336	-0.0143309	0.0237946	0	0	0.0540452	0.0312268	0	0	0.194728	-0.0188455	0.514992
2014-03-25 00:00:00	-0.243754	-0.224869	1.25496	0	-0.403468	-0.00195903	0.0048106	0	0.0541253	0	0	0	0	0	-0.267471	-0.0143176	0.0237855	0	0	0.042625	0.0283074	0	0	0.194921	-0.0163219	0.431372
2014-03-26 00:00:00	-1.49742	0.380368	1.12218	0	0.0359875	-0.00610411	0.0184431	0	0.117618	0	0	0	0	0	0.0991829	-0.0143172	0.0237707	0	0	0.0394529	0.0273301	0	0	0.193255	-0.0159296	0.523816
2014-03-27 00:00:00	-2.94927	0.672652	1.24988	0	0.28884	-0.00602377	0.0215085	0	0.172	0	0	0	0	0	0.380824	-0.0143164	0.0237436	0	0	0.0380702	0.0263207	0	0	0.192152	-0.0161314	0.0802544
2014-03-28 00:00:00	-1.17364	-0.239631	1.25298	0	-0.0577568	-0.00733028	0.0317109	0	0.246928	0	0	0	0	0	0.112063	-0.0143213	0.0237241	0	0	0.0384987	0.0257704	0	0	0.191057	-0.0165243	0.413527
2014-03-29 00:00:00	-3.51138	0.551972	1.36301	0	0.378843	-0.0111087	0.052346	0	0.334233	0	0	0	0	0	0.618132	-0.0143155	0.0237117	0	0	0.0396937	0.025621	0	0	0.189862	-0.0179886	0.0226276
2014-03-30 00:00:00	-0.0446534	-1.02813	1.38136	0	-0.401962	-0.00526677	0.0227473	0	0.243957	0	0	0	0	0	-0.0648465	-0.0143097	0.0236918	0	0	0.0389366	0.0256174	0	0	0.18868	-0.0187217	0.347102
2014-03-31 00:00:00	-0.104633	-0.284495	1.2983	0	-0.472687	-0.00210292	0.00596144	0	0.0522609	0	0	0	0	0	-0.105267	-0.0142971	0.0236609	0	0	0.0339759	0.0247527	0	0	0.188347	-0.0152841	0.628489
2014-04-01 00:00:00	-15.8499	1.47624	1.27804	0	2.90936	-0.0756284	0.379497	0	2.92109	0	0	0	0	0	4.79086	-0.0143271	0.0237246	0	0	0.0538043	0.0307924	0	0	0.180136	-0.0338313	-1.93014
2014-04-02 00:00:00	0	-1.04715	1.40296	0	-1.39333	-0.026752	0.107934	0	1.72257	0	0	0	0	0	-0.954359	-0.0143443	0.0237807	0	0	0.0765703	0.038301	0	0	0.18292	-0.0339792	0.0851227
2014-04-03 00:00:00	-1.72155	0.22576	1.49936	0	-0.0854964	-0.0119609	0.0461499	0	0.450961	0	0	0	0	0	-0.340582	-0.0143399	0.0237524	0	0	0.0667344	0.0355439	0	0	0.189112	-0.0225429	0.340904
2014-04-04 00:00:00	-4.86628	0.819714	1.54904	0	0.450821	-0.024176	0.109064	0	0.883394	0	0	0	0	0	0.769119	-0.0143367	0.0237424	0	0	0.0634865	0.0339096	0	0	0.187837	-0.025505	-0.0401663
2014-04-05 00:00:00	-1.10078	-0.476864	1.6176	0	-0.457068	-0.0110315	0.0450537	0	0.594245	0	0	0	0	0	-0.303206	-0.0143323	0.023728	0	0	0.0615405	0.0332431	0	0	0.188161	-0.0247896	0.175495
2014-04-06 00:00:00	-0.4	-0.726843	1.73932	0	-0.560856	-0.00539386	0.0225089	0	0.231562	0	0	0	0	0	-0.195945	-0.0143233	0.0236946	0	0	0.0534759	0.0310139	0	0	0.190347	-0.019256	0.369305
2014-04-07 00:00:00	-5.70377	1.21213	1.4139	0	0.949979	-0.0203474	0.0881692	0	0.570817	0	0	0	0	0	1.13046	-0.0143241	0.0236935	0	0	0.0542159	0.030878	0	0	0.189257	-0.0206513	-0.095596
2014-04-08 00:00:00	-1.22233	-0.348455	1.57683	0	-0.510206	-0.0126831	0.0501526	0	0.614705	0	0	0	0	0	-0.183272	-0.0143218	0.0236815	0	0	0.0558096	0.0314167	0	0	0.187573	-0.0239689	0.224936
2014-04-09 00:00:00	-5.24223	0.312987	1.78121	0	0.523174	-0.0278294	0.107653	0	0.933315	0	0	0	0	0	1.11709	-0.0143223	0.0236779	0	0	0.0578312	0.0319262	0	0	0.186951	-0.0251041	-0.233678
2014-04-10 00:00:00	-0.619179	-0.880239	1.62398	0	-0.557861	-0.0126487	0.0476344	0	0.63334	0	0	0	0	0	-0.223629	-0.0143179	0.0236573	0	0	0.0574952	0.0318359	0	0	0.186841	-0.0245049	0.272404
2014-04-11 00:00:00	-0.0408013	-0.419231	1.50872	0	-0.774684	-0.00282653	0.00925111	0	0.130554	0	0	0	0	0	-0.347935	-0.0143079	0.0236199	0	0	0.0480299	0.029591	0	0	0.189142	-0.0178418	0.32128
2014-04-12 00:00:00	-0.54002	-0.255917	1.71753	0	-0.538546	-0.00285972	0.00593608	0	0.0548217	0	0	0	0	0	-0.133588	-0.0143041	0.0235872	0	0	0.0409129	0.0277032	0	0	0.188458	-0.0158044	0.55791
2014-04-13 00:00:00	-3.34667	0.941524	1.64105	0	0.366514	-0.0056505	0.0185965	0	0.102989	0	0	0	0	0	0.352703	-0.0142962	0.0235424	0	0	0.0367324	0.026027	0	0	0.187069	-0.0155016	0.314633
2014-04-14 00:00:00	0	-1.01246	1.73088	0	-0.530883	-0.00318695	0.0106608	0	0.104597	0	0	0	0	0	-0.0845022	-0.0142864	0.0235012	0	0	0.0357341	0.0251951	0	0	0.186087	-0.0154021	0.455932
2014-04-15 00:00:00	0	-0.306469	1.90787	0	-0.590334	-0.000642679	0.000761935	0	0.0164089	0	0	0	0	0	-0.336807	-0.0142616	0.0234433	0	0	0.0277801	0.0222938	0	0	0.185287	-0.0142359	0.921094
2014-04-16 00:00:00	0	-0.270984	1.69888	0	-0.539471	-0.00116576	0.00174655	0	0.015149	0	0	0	0	0	-0.186992	-0.0142509	0.0234075	0	0	0.0238198	0.0205281	0	0	0.183188	-0.013911	0.939939
2014-04-17 00:00:00	-1.03836	-0.131467	1.68433	0	0.0794019	-0.00100104	0.00298535	0	0.00984242	0	0	0	0	0	-0.0324164	-0.0142344	0.0233659	0	0	0.0212124	0.0194651	0	0	0.181647	-0.0135388	0.791239
2014-04-18 00:00:00	0	-0.209151	2.70885	0	-0.563421	-0.00112257	0.00174823	0	0.0181471	0	0	0	0	0	-0.468391	-0.0142214	0.0233195	0	0	0.0182853	0.0177287	0	0	0.179186	-0.0133327	1.69763
2014-04-19 00:00:00	-0.114545	0	2.33618	0	-0.189504	-2.84375E-05	0.000245695	0	0.0027502	0	0	0	0	0	-0.427561	-0.0141857	0.0232538	0	0	0.0130889	0.0151644	0	0	0.178005	-0.012348	1.81052
2014-04-20 00:00:00	0	0	1.98814	0	-0.175664	-7.33465E-05	0.000736967	0	0.000879312	0	0	0	0	0	-0.325789	-0.0141677	0.0232276	0	0	0.0113102	0.0141202	0	0	0.175009	-0.0117856	1.68594
2014-04-21 00:00:00	0	0	1.72689	0	-0.117808	0	9.69225E-06	0	0.00062465	0	0	0	0	0	-0.14845	-0.0141133	0.0231543	0	0	0.0086308	0.0127918	0	0	0.173674	-0.0116119	1.65379
2014-04-22 00:00:00	-1.80627	0.11448	1.94327	0	0.119339	-8.09536E-05	0.000938071	0	0.000378761	0	0	0	0	0	0.0481811	-0.0141012	0.0231281	0	0	0.00912081	0.0132418	0	0	0.171636	-0.0114409	0.611817
2014-04-23 00:00:00	-0.359199	-0.11448	2.00148	0	-0.0253609	-5.62268E-05	0.000626808	0	0.000237103	0	0	0	0	0	-0.221907	-0.0140781	0.0230837	0	0	0.00900451	0.0129277	0	0	0.169549	-0.0113897	1.47044
2014-04-24 00:00:00	-0.718397	0	1.89992	0	0.0176554	-6.87019E-05	0.000986116	0	0.000140152	0	0	0	0	0	-0.0909195	-0.0140561	0.0230381	0	0	0.00874979	0.0127519	0	0	0.167623	-0.0112895	1.29614
2014-04-25 00:00:00	-7.94526	1.74379	1.89446	0	0.572087	-0.00172623	0.0130711	0	0.00867166	0	0	0	0	0	1.46295	-0.0140701	0.0230623	0	0	0.0135971	0.0147417	0	0	0.16562	-0.0112795	-2.06028
2014-04-26 00:00:00	-6.69329	0.481456	2.19788	0	0.851378	-0.00867801	0.0421569	0	0.157355	0	0	0	0	0	1.51728	-0.014087	0.0230924	0	0	0.0237891	0.0203191	0	0	0.165516	-0.0121926	-1.24803
2014-04-27 00:00:00	-2.48876	-0.0181903	2.14567	0	0.175699	-0.00538868	0.0301245	0	0.151238	0	0	0	0	0	0.0743874	-0.0140867	0.0230764	0	0	0.0286788	0.0228666	0	0	0.165652	-0.0129108	0.278056
2014-04-28 00:00:00	-1.0816	-0.910023	2.07557	0	-0.0663838	-0.00315621	0.017918	0	0.0977881	0	0	0	0	0	0.0618626	-0.0140735	0.023039	0	0	0.027693	0.0225625	0	0	0.16517	-0.012707	0.403662
2014-04-29 00:00:00	-0.0408013	-0.637274	2.55559	0	-0.668454	-0.000354861	0.00214065	0	0.0235512	0	0	0	0	0	-0.400252	-0.0140482	0.0229763	0	0	0.0229512	0.0209563	0	0	0.164664	-0.0122653	1.03938
2014-04-30 00:00:00	-6.32696	1.50461	2.09018	0	0.911385	-0.00454324	0.0240586	0	0.0774017	0	0	0	0	0	1.07297	-0.0140535	0.0229772	0	0	0.0251273	0.0211587	0	0	0.162865	-0.0121388	-0.444965
2014-05-01 00:00:00	-2.34587	-0.0240238	1.84798	0	0.119695	-0.00509194	0.0288127	0	0.182206	0	0	0	0	0	0.152481	-0.0140536	0.0229611	0	0	0.0288694	0.0222676	0	0	0.162205	-0.0132908	0.165154
2014-05-02 00:00:00	-0.325375	-1.13547	2.02921	0	-0.31379	-0.00380877	0.0205568	0	0.126708	0	0	0	0	0	-0.0715201	-0.0140434	0.0229306	0	0	0.0283	0.0220968	0	0	0.161666	-0.0129406	0.53452
2014-05-03 00:00:00	-0.0854547	-0.425095	1.9947	0	-0.526739	-0.000519568	0.00198531	0	0.0201039	0	0	0	0	0	-0.240605	-0.014023	0.0228587	0	0	0.0235614	0.0209882	0	0	0.161425	-0.0121996	0.940983
2014-05-04 00:00:00	-1.44395	-0.15413	2.32123	0	-0.221761	-0.00049601	0.00163048	0	0.00806475	0	0	0	0	0	-0.11048	-0.0140067	0.0228375	0	0	0.0213851	0.0199695	0	0	0.159894	-0.0119264	0.598265
2014-05-05 00:00:00	-0.05998	-0.26152	2.27521	0	-0.569985	-0.000176623	6.40007E-05	0	0.0049299	0	0	0	0	0	-0.358863	-0.0139475	0.0227842	0	0	0.0175428	0.0178241	0	0	0.158937	-0.011827	1.221
2014-05-06 00:00:00	-1.00135	-0.119486	2.32762	0	-0.0471236	-0.000244196	0.000485587	0	0.00351378	0	0	0	0	0	-0.348542	-0.0139373	0.0227477	0	0	0.0155636	0.0167263	0	0	0.157294	-0.0114804	1.00179
2014-05-07 00:00:00	-10.528	2.09138	2.25308	0	1.86348	-0.00653747	0.0341389	0	0.122635	0	0	0	0	0	2.26576	-0.0139523	0.0227714	0	0	0.0220219	0.0186406	0	0	0.155459	-0.0120421	-1.71115
2014-05-08 00:00:00	-5.0922	0.185936	2.41902	0	0.358994	-0.0129695	0.0834894	0	0.50136	0	0	0	0	0	0.811473	-0.0139671	0.0227927	0	0	0.0343424	0.0238079	0	0	0.155271	-0.015725	-0.538368
2014-05-09 00:00:00	-1.79253	-0.558795	2.37811	0	-0.183274	-0.00553045	0.0345234	0	0.277943	0	0	0	0	0	-0.0729888	-0.0139626	0.0227705	0	0	0.0367666	0.0250898	0	0	0.155598	-0.0158642	0.287851
2014-05-10 00:00:00	-8.49853	0.770051	2.29411	0	0.797071	-0.0251045	0.156091	0	0.990358	0	0	0	0	0	2.02071	-0.0139746	0.0227936	0	0	0.0447177	0.0282472	0	0	0.154545	-0.0187993	-1.27771
2014-05-11 00:00:00	-2.41982	-0.0952835	2.30947	0	-0.365077	-0.0118265	0.0647042	0	0.654989	0	0	0	0	0	-0.196113	-0.0139832	0.0227992	0	0	0.0528859	0.0312549	0	0	0.15609	-0.019596	0.170486
2014-05-12 00:00:00	-4.82853	0.188551	2.25036	0	0.332566	-0.0121995	0.105242	0	0.644842	0	0	0	0	0	0.715714	-0.0139791	0.0227737	0	0	0.0492275	0.0296876	0	0	0.156213	-0.0229135	-0.382445
2014-05-13 00:00:00	0	-1.55001	3.34116	0	-1.17749	-0.00423956	0.0236071	0	0.287594	0	0	0	0	0	-0.598126	-0.0139666	0.022747	0	0	0.0435992	0.0279658	0	0	0.158481	-0.0205845	0.540734
2014-05-14 00:00:00	0	-0.560265	3.29198	0	-1.31525	-0.000781053	0.000412979	0	0.0211404	0	0	0	0	0	-0.74092	-0.0139432	0.0227008	0	0	0.0319924	0.0236909	0	0	0.16088	-0.0141282	0.90751
2014-05-15 00:00:00	-0.437653	-0.336922	2.47869	0	-0.337547	-0.000593491	0.000280175	0	0.0103764	0	0	0	0	0	-0.478326	-0.0139254	0.0226442	0	0	0.0234716	0.0201157	0	0	0.160541	-0.0130168	1.09814
2014-05-16 00:00:00	0	-0.178544	2.5902	0	-0.164224	-7.93558E-05	0.000115376	0	0.00489997	0	0	0	0	0	-0.818859	-0.0139022	0.0226071	0	0	0.0183632	0.0176404	0	0	0.159726	-0.012113	1.62583
2014-05-17 00:00:00	-0.114545	0	2.53309	0	-0.109908	-3.36431E-05	0.000126355	0	0.00144162	0	0	0	0	0	-0.597735	-0.013881	0.0225566	0	0	0.0146231	0.0157102	0	0	0.158425	-0.0113419	1.89853
2014-05-18 00:00:00	0	0	2.37304	0	-0.049792	-3.43273E-05	0.000144587	0	0.000565987	0	0	0	0	0	-0.565879	-0.0138417	0.0225125	0	0	0.0118136	0.014157	0	0	0.157004	-0.0110156	1.93867
2014-05-19 00:00:00	0	0	2.91916	0	-0.0480626	-2.09702E-05	9.36862E-05	0	0.000236557	0	0	0	0	0	-0.744302	-0.0137913	0.0224534	0	0	0.00916242	0.0125379	0	0	0.155455	-0.0108057	2.30212
2014-05-20 00:00:00	-1.54792	0.00687367	2.54484	0	0.0549352	-9.35854E-05	0.000460047	0	0.000118955	0	0	0	0	0	-0.0984163	-0.0137397	0.0224148	0	0	0.00939842	0.0129638	0	0	0.1537	-0.0106014	1.13493
2014-05-21 00:00:00	-0.31996	-0.00687367	2.55773	0	-0.0255351	-4.45656E-05	0.000212795	0	2.37574E-06	0	0	0	0	0	-0.517655	-0.0136949	0.0223649	0	0	0.0086808	0.0124242	0	0	0.151962	-0.0105672	1.85904
2014-05-22 00:00:00	-3.92736	1.0842	2.45658	0	0.153823	-0.000168928	0.00192441	0	0	0	0	0	0	0	0.195386	-0.0136797	0.0223391	0	0	0.00929776	0.0129381	0	0	0.149594	-0.0104536	0.134414
2014-05-23 00:00:00	-0.317693	-1.0842	2.20526	0	-0.0114447	-8.73812E-05	0.00122427	0	0	0	0	0	0	0	-0.0562605	-0.0136701	0.0222935	0	0	0.0103167	0.0135106	0	0	0.148037	-0.0104515	0.906837
2014-05-24 00:00:00	-1.78912	0.0867341	2.37792	0	0.0270035	-4.67782E-05	0.000801751	0	6.15794E-05	0	0	0	0	0	-0.200445	-0.013651	0.0222203	0	0	0.00949136	0.0128181	0	0	0.146737	-0.0104045	0.670113
2014-05-25 00:00:00	-9.99335	2.07481	2.71778	0	0.445584	-0.000186706	0.00528546	0	0.00149174	0	0	0	0	0	1.88515	-0.0136717	0.022226	0	0	0.012871	0.0139652	0	0	0.145548	-0.0103882	-2.69289
2014-05-26 00:00:00	-2.21892	-0.545658	2.80471	0	0.0602054	-0.000827319	0.00439154	0	0.0324963	0	0	0	0	0	-0.0111767	-0.0136721	0.0222187	0	0	0.0178608	0.0164436	0	0	0.145453	-0.0109632	0.302566
2014-05-27 00:00:00	-1.03809	-0.936706	2.72812	0	-0.116063	-0.000444583	0.00245482	0	0.0232507	0	0	0	0	0	-0.127142	-0.013661	0.0221884	0	0	0.017697	0.0168538	0	0	0.144544	-0.0108542	0.712143
2014-05-28 00:00:00	-8.93293	1.84638	2.8061	0	0.918667	-0.0026723	0.0226304	0	0.0689021	0	0	0	0	0	1.65565	-0.0136635	0.022181	0	0	0.0201831	0.0177535	0	0	0.143632	-0.0112516	-1.43844
2014-05-29 00:00:00	0	-1.5127	2.6181	0	-0.440221	-0.00155763	0.0108258	0	0.072842	0	0	0	0	0	-0.351035	-0.013663	0.0221631	0	0	0.023312	0.0193225	0	0	0.143472	-0.0121309	0.578734
2014-05-30 00:00:00	0	-0.525275	2.60048	0	-0.642354	0	4.21044E-05	0	0.00434188	0	0	0	0	0	-0.473079	-0.0136339	0.0221031	0	0	0.0181921	0.0174829	0	0	0.143257	-0.0110226	1.14053
2014-05-31 00:00:00	0	-0.454796	3.60208	0	-0.344492	-2.39014E-07	4.27358E-05	0	0.00101282	0	0	0	0	0	-1.18822	-0.0136222	0.0220605	0	0	0.0132822	0.0147949	0	0	0.141973	-0.0106772	1.78344
2014-06-01 00:00:00	-1.01081	-0.0329124	2.92973	0	-0.0166742	-2.1766E-05	0.000117701	0	0.000881942	0	0	0	0	0	-0.537474	-0.0135812	0.0220066	0	0	0.0107662	0.0134783	0	0	0.140389	-0.0103976	1.4955
2014-06-02 00:00:00	-1.21847	0	2.96338	0	-0.00572695	-4.27848E-05	0.000135078	0	0.000171459	0	0	0	0	0	-0.509477	-0.0135568	0.0219615	0	0	0.00946108	0.0127411	0	0	0.138943	-0.0101711	1.38934
2014-06-03 00:00:00	-3.04688	0.212609	2.98059	0	0.225915	-0.000163031	0.00151582	0	5.85902E-05	0	0	0	0	0	-0.0236584	-0.0135376	0.0219354	0	0	0.0100413	0.0132471	0	0	0.137164	-0.010024	0.50881
2014-06-04 00:00:00	0	-0.212609	2.49488	0	-0.153547	-3.32196E-05	0.000209854	0	0.000374941	0	0	0	0	0	-0.583466	-0.0134989	0.0219173	0	0	0.0098378	0.0130402	0	0	0.135268	-0.00999431	1.70238
2014-06-05 00:00:00	-1.38848	0	2.76892	0	0.0488851	-7.02676E-05	0.000587641	0	0	0	0	0	0	0	-0.45356	-0.0133982	0.0218761	0	0	0.00872464	0.0123652	0	0	0.134088	-0.00989676	1.13004
2014-06-06 00:00:00	0	0	2.74427	0	-0.204423	-1.08948E-06	2.99837E-05	0	0	0	0	0	0	0	-0.682951	-0.0133356	0.02184	0	0	0.0070791	0.011286	0	0	0.132541	-0.00981207	2.00653
2014-06-07 00:00:00	-5.6561	1.23042	3.02202	0	0.190602	-7.27551E-05	0.000799295	0	0	0	0	0	0	0	0.460298	-0.0133366	0.0218538	0	0	0.00946714	0.0122871	0	0	0.131282	-0.00965758	-0.600141
2014-06-08 00:00:00	-0.2	-1.22761	2.96702	0	0.0467275	-0.000140096	0.00168305	0	1.726E-05	0	0	0	0	0	-0.497873	-0.0133194	0.0218312	0	0	0.00997941	0.0128951	0	0	0.130062	-0.00977274	1.2415
2014-06-09 00:00:00	-4.6357	1.07844	3.13839	0	0.0780385	-9.51948E-05	0.00182483	0	0.000235395	0	0	0	0	0	0.314625	-0.0133012	0.021817	0	0	0.0103616	0.0135102	0	0	0.128952	-0.00977212	0.127323
2014-06-10 00:00:00	-2.95691	-0.159876	3.11088	0	0.0792573	-0.000673947	0.00372185	0	0.00296342	0	0	0	0	0	0.0753064	-0.0132819	0.0217999	0	0	0.0121837	0.0142646	0	0	0.12808	-0.00984511	0.307875
2014-06-11 00:00:00	0	-0.921201	2.94214	0	-0.146146	-0.000256682	0.00110393	0	0.00276307	0	0	0	0	0	-0.667666	-0.0132648	0.0217666	0	0	0.0124696	0.014717	0	0	0.127327	-0.00986178	1.36389
2014-06-12 00:00:00	0	0	2.8174	0	-0.125441	-1.90417E-05	8.22081E-05	0	0	0	0	0	0	0	-0.985722	-0.0132195	0.0216959	0	0	0.00939146	0.0130916	0	0	0.126576	-0.00979115	1.85405
2014-06-13 00:00:00	-2.37697	0	3.40738	0	-0.0867022	-7.63169E-06	2.66823E-05	0	0	0	0	0	0	0	-0.151322	-0.0131956	0.0216221	0	0	0.00876092	0.0127223	0	0	0.125036	-0.00960956	0.937746
2014-06-14 00:00:00	-0.2	0	3.07522	0	-0.0709622	0	1.69735E-05	0	0	0	0	0	0	0	-1.18381	-0.013178	0.0215723	0	0	0.00703626	0.0112951	0	0	0.123992	-0.00953922	1.76164
2014-06-15 00:00:00	0	0	2.81533	0	-0.0295771	0	4.63626E-05	0	0	0	0	0	0	0	-1.00758	-0.0131475	0.0214935	0	0	0.00547529	0.00996939	0	0	0.122392	-0.00934364	1.91506
2014-06-16 00:00:00	0	0	3.00933	0	-0.0225798	0	4.06939E-05	0	0	0	0	0	0	0	-1.13947	-0.0130509	0.0214347	0	0	0.00437148	0.00899209	0	0	0.121073	-0.00916529	1.98097
2014-06-17 00:00:00	0	0	3.74392	0	-0.0259811	0	4.34735E-07	0	0	0	0	0	0	0	-1.43669	-0.0129666	0.0213935	0	0	0.00304654	0.00783711	0	0	0.11965	-0.00901574	2.41119
2014-06-18 00:00:00	0	0	3.2901	0	-0.0112381	0	1.65899E-05	0	0	0	0	0	0	0	-1.27888	-0.0129431	0.0213336	0	0	0.00228425	0.00711996	0	0	0.118134	-0.00883557	2.12709
2014-06-19 00:00:00	0	0	2.82553	0	-0.00420447	0	4.15632E-05	0	0	0	0	0	0	0	-1.10159	-0.0129317	0.0212662	0	0	0.00198445	0.00670173	0	0	0.116934	-0.00868755	1.84505
2014-06-20 00:00:00	0	0	3.21141	0	-0.0080954	0	2.01949E-05	0	0	0	0	0	0	0	-1.32557	-0.0129061	0.0212136	0	0	0.00170517	0.00627478	0	0	0.115643	-0.00860403	2.00108
2014-06-21 00:00:00	0	0	2.80479	0	-0.00334394	0	3.90217E-05	0	0	0	0	0	0	0	-1.18961	-0.0128871	0.0211594	0	0	0.00154463	0.0060345	0	0	0.114503	-0.00852609	1.7337
2014-06-22 00:00:00	0	0	2.7538	0	-0.00332706	0	4.00112E-05	0	0	0	0	0	0	0	-1.13391	-0.0128542	0.0210755	0	0	0.00148172	0.00586098	0	0	0.11311	-0.00845439	1.73682
2014-06-23 00:00:00	0	0	2.73262	0	-0.00323629	0	3.99211E-05	0	0	0	0	0	0	0	-1.22587	-0.0128125	0.0210473	0	0	0.0014292	0.0057209	0	0	0.112037	-0.00839159	1.62257
2014-06-24 00:00:00	0	0	2.75625	0	-0.00362235	0	3.72739E-05	0	0	0	0	0	0	0	-1.21348	-0.0127695	0.0209915	0	0	0.00136186	0.00558569	0	0	0.110894	-0.00833625	1.65692
2014-06-25 00:00:00	0	0	2.56602	0	-0.00231217	0	4.6385E-05	0	0	0	0	0	0	0	-1.13375	-0.0127346	0.0209305	0	0	0.00134288	0.00552906	0	0	0.10967	-0.00828122	1.54645
2014-06-26 00:00:00	0	0	2.68226	0	-0.0033496	0	3.90912E-05	0	0	0	0	0	0	0	-1.24379	-0.0126588	0.0209139	0	0	0.00130775	0.00544076	0	0	0.108528	-0.00823148	1.55046
2014-06-27 00:00:00	0	0	2.25347	0	-0.000445973	0	6.15027E-05	0	0	0	0	0	0	0	-1.07011	-0.0126246	0.0208722	0	0	0.00133843	0.00550885	0	0	0.107442	-0.00818937	1.29733
2014-06-28 00:00:00	0	0	2.45586	0	-0.00275857	0	4.95417E-05	0	0	0	0	0	0	0	-1.24742	-0.0126016	0.0208295	0	0	0.00133585	0.00551844	0	0	0.106452	-0.00815745	1.3191
2014-06-29 00:00:00	0	0	2.4924	0	-0.00266865	0	4.54246E-05	0	0	0	0	0	0	0	-1.25749	-0.0125467	0.0207736	0	0	0.00131893	0.00550212	0	0	0.105424	-0.00812157	1.34464
2014-06-30 00:00:00	0	0	2.99577	0	-0.00560737	0	1.66619E-05	0	0	0	0	0	0	0	-1.55603	-0.0125367	0.020698	0	0	0.00121126	0.00525326	0	0	0.10441	-0.0080792	1.54511
2014-07-01 00:00:00	0	0	3.88937	0	-0.0118165	0	0	0	0	0	0	0	0	0	-2.08165	-0.0124924	0.020619	0	0	0.000958128	0.00471972	0	0	0.103415	-0.00802649	1.90509
2014-07-02 00:00:00	0	0	2.62844	0	-0.000293661	0	4.8632E-06	0	0	0	0	0	0	0	-1.46235	-0.0124652	0.0205452	0	0	0.000944211	0.00465652	0	0	0.102325	-0.00794227	1.27386
2014-07-03 00:00:00	0	0	2.65617	0	-0.00178265	0	2.70241E-05	0	0	0	0	0	0	0	-1.55187	-0.0124436	0.0204494	0	0	0.000947229	0.00465458	0	0	0.101348	-0.00789347	1.2096
2014-07-04 00:00:00	0	0	2.72268	0	-0.00259219	0	2.44994E-05	0	0	0	0	0	0	0	-1.61595	-0.0123886	0.0203975	0	0	0.000938355	0.00463535	0	0	0.100441	-0.00785403	1.21033
2014-07-05 00:00:00	0	0	2.53719	0	-0.00167228	0	3.46283E-05	0	0	0	0	0	0	0	-1.5119	-0.0123414	0.0203442	0	0	0.000947745	0.00467113	0	0	0.0994976	-0.00781513	1.12896
2014-07-06 00:00:00	-3.98892	0.727611	3.17439	0	0.0147912	0	0.00017477	0	0	0	0	0	0	0	-0.0297653	-0.0122981	0.0203146	0	0	0.00129402	0.00553503	0	0	0.0987388	-0.0077867	0.00407615
2014-07-07 00:00:00	0	-0.727611	2.97637	0	-0.00845513	0	6.19154E-05	0	0	0	0	0	0	0	-1.43793	-0.0122705	0.0202621	0	0	0.00130263	0.00570251	0	0	0.098112	-0.00782254	0.907719
2014-07-08 00:00:00	-8.17785	2.24685	3.05782	0	0.0378188	0	0.000487079	0	0	0	0	0	0	0	1.40675	-0.0122545	0.0202562	0	0	0.00172059	0.00642558	0	0	0.097185	-0.00781877	-1.32261
2014-07-09 00:00:00	0	-2.19597	4.50056	0	-0.0269765	0	0.000101905	0	0	0	0	0	0	0	-1.3376	-0.0122382	0.0202302	0	0	0.00212537	0.00757626	0	0	0.0969233	-0.00791957	1.04681
2014-07-10 00:00:00	0	-0.0508979	5.07374	0	-0.0155213	0	0	0	0	0	0	0	0	0	-3.17136	-0.0122112	0.020137	0	0	0.00137627	0.00644975	0	0	0.0965209	-0.00790249	1.94033
2014-07-11 00:00:00	0	0	4.09577	0	-0.0355601	0	0	0	0	0	0	0	0	0	-2.53383	-0.0121708	0.0200638	0	0	0.00104414	0.00568224	0	0	0.0956972	-0.00778435	1.62892
2014-07-12 00:00:00	-3.5558	0.108921	3.69504	0	0.0249688	0	0	0	0	0	0	0	0	0	-0.490052	-0.0121531	0.0200358	0	0	0.00131352	0.00612798	0	0	0.0949675	-0.00769399	-0.114323
2014-07-13 00:00:00	-5.19388	1.3276	3.46138	0	0.0234224	0	0.000104968	0	0	0	0	0	0	0	0.147886	-0.0121359	0.0199976	0	0	0.00172115	0.00694316	0	0	0.094082	-0.00769161	-0.13058
2014-07-14 00:00:00	-2.55578	-0.679525	3.24873	0	0.0141276	0	0.000155051	0	0	0	0	0	0	0	-0.0525864	-0.0121154	0.0199604	0	0	0.00213453	0.00769102	0	0	0.0935291	-0.00773358	0.0785889
2014-07-15 00:00:00	0	-0.757098	2.86365	0	-0.00720424	0	0.000204185	0	0	0	0	0	0	0	-1.58814	-0.0120916	0.0199211	0	0	0.00202032	0.00774036	0	0	0.0928763	-0.00777404	0.614098
2014-07-16 00:00:00	-2.9285	0	3.51508	0	0.0277228	0	0.000135963	0	0	0	0	0	0	0	-0.455676	-0.0120647	0.0198494	0	0	0.00217661	0.00811036	0	0	0.0925069	-0.00774421	0.261589
2014-07-17 00:00:00	0	0	3.45815	0	-0.0476162	0	0.000132961	0	0	0	0	0	0	0	-2.47593	-0.0120389	0.0198076	0	0	0.00185379	0.0075601	0	0	0.0917979	-0.00773532	1.03598
2014-07-18 00:00:00	0	0	3.01822	0	-0.032155	0	0	0	0	0	0	0	0	0	-1.97987	-0.0119981	0.0197255	0	0	0.00146934	0.00687876	0	0	0.0913315	-0.00766507	1.10593
2014-07-19 00:00:00	-3.90841	0.534714	3.61074	0	0.0247011	0	7.26459E-06	0	0	0	0	0	0	0	-0.441145	-0.0119941	0.019684	0	0	0.00165447	0.00715106	0	0	0.0907099	-0.00760437	-0.079793
2014-07-20 00:00:00	-0.0854547	-0.534714	3.06073	0	-0.01102	0	0	0	0	0	0	0	0	0	-1.87465	-0.011971	0.0196225	0	0	0.00146952	0.00679579	0	0	0.0900697	-0.0075994	0.653281
2014-07-21 00:00:00	0	0	3.39081	0	-0.0110474	0	0	0	0	0	0	0	0	0	-2.60804	-0.0119458	0.0195659	0	0	0.00118729	0.00622175	0	0	0.0894466	-0.00755124	0.868642
2014-07-22 00:00:00	0	0	3.53092	0	-0.00823792	0	0	0	0	0	0	0	0	0	-2.73091	-0.0119194	0.0194955	0	0	0.000961161	0.00564714	0	0	0.0888286	-0.00748268	0.887306
2014-07-23 00:00:00	0	0	4.06313	0	-0.00945538	0	0	0	0	0	0	0	0	0	-3.26405	-0.0119116	0.0194049	0	0	0.000737601	0.00498472	0	0	0.0881267	-0.00741077	0.883563
2014-07-24 00:00:00	-0.285455	0	3.5769	0	-0.00365355	0	0	0	0	0	0	0	0	0	-2.81955	-0.0118959	0.0192825	0	0	0.000648875	0.0046291	0	0	0.0874453	-0.00733296	0.561015
2014-07-25 00:00:00	0	0	3.90649	0	-0.00615319	0	0	0	0	0	0	0	0	0	-3.38988	-0.0118592	0.0192168	0	0	0.000550554	0.00419643	0	0	0.0867633	-0.00727847	0.602053
2014-07-26 00:00:00	-3.02436	0	4.67375	0	0.00490666	0	0	0	0	0	0	0	0	0	-1.6794	-0.0118248	0.0191536	0	0	0.000704748	0.00468829	0	0	0.086129	-0.00721775	0.0665246
2014-07-27 00:00:00	-3.47065	0.921127	2.9935	0	0.0212753	0	6.75457E-05	0	0	0	0	0	0	0	-0.784472	-0.0117969	0.0191495	0	0	0.00096808	0.00538575	0	0	0.0853728	-0.00723278	-0.227301
2014-07-28 00:00:00	0	-0.921127	3.92174	0	-0.0207985	0	1.29243E-05	0	0	0	0	0	0	0	-2.44185	-0.0117405	0.0191029	0	0	0.00125535	0.00659176	0	0	0.0850795	-0.00728466	0.630977
2014-07-29 00:00:00	0	0	2.69239	0	-0.00377858	0	0	0	0	0	0	0	0	0	-2.61816	-0.0117004	0.0190863	0	0	0.00109617	0.00622806	0	0	0.0845437	-0.00729881	0.162408
2014-07-30 00:00:00	-1.16584	0	2.98155	0	0.00268589	0	0	0	0	0	0	0	0	0	-1.77939	-0.0116791	0.0190274	0	0	0.00111282	0.00628001	0	0	0.0838956	-0.00724042	0.130411
2014-07-31 00:00:00	-5.37095	1.00251	3.04015	0	0.027334	0	0.000180297	0	0	0	0	0	0	0	0.651805	-0.011676	0.01902	0	0	0.00218855	0.00873911	0	0	0.0833686	-0.00721442	-0.554547
2014-08-01 00:00:00	-0.767212	-0.913293	2.82592	0	-0.00166241	0	8.18726E-05	0	0	0	0	0	0	0	-1.06351	-0.0116489	0.0189742	0	0	0.00252052	0.00950223	0	0	0.0829658	-0.00739302	0.175245
2014-08-02 00:00:00	-11.0164	2.81997	3.07677	0	0.0520179	0	0.00141503	0	0	0	0	0	0	0	3.50502	-0.0116535	0.0189796	0	0	0.00386659	0.0120209	0	0	0.0825128	-0.00748985	-1.46296
2014-08-03 00:00:00	-4.85079	0.236314	3.03734	0	0.00871147	0	0.000523988	0	0	0	0	0	0	0	0.973907	-0.0116463	0.0189539	0	0	0.00492705	0.0140541	0	0	0.082395	-0.00779633	-0.493109
2014-08-04 00:00:00	-0.299219	-2.10147	3.00981	0	-0.00422941	0	0.000394085	0	0	0	0	0	0	0	-0.697332	-0.011633	0.0189265	0	0	0.00504701	0.0142288	0	0	0.0821374	-0.00784992	0.00881662
2014-08-05 00:00:00	-0.219179	-0.758973	4.34576	0	-0.0713829	0	0	0	0	0	0	0	0	0	-2.42175	-0.0116108	0.0188695	0	0	0.00389862	0.012581	0	0	0.0819075	-0.00780558	0.972318
2014-08-06 00:00:00	-13.8702	3.25998	3.15244	0	0.148492	-1.71233E-05	0.00118117	0	0	0	0	0	0	0	5.0249	-0.0116237	0.0188884	0	0	0.00525753	0.0144956	0	0	0.0815627	-0.00766534	-2.1823
2014-08-07 00:00:00	-0.05998	-2.23781	2.96206	0	-0.0327876	-2.38044E-05	0.000346203	0	0	0	0	0	0	0	-0.584332	-0.0116153	0.0188638	0	0	0.00580713	0.0151609	0	0	0.0814862	-0.0078875	0.149296
2014-08-08 00:00:00	-5.74085	1.39519	3.1345	0	0.0760722	-7.56475E-05	0.00113308	0	0	0	0	0	0	0	0.686894	-0.0116074	0.0188402	0	0	0.00606846	0.0153558	0	0	0.0812064	-0.00787381	-0.345141
2014-08-09 00:00:00	0	-1.67035	2.81579	0	-0.0385392	-2.89939E-05	0.000252863	0	0	0	0	0	0	0	-1.03375	-0.0115978	0.0188144	0	0	0.0065154	0.015785	0	0	0.0809232	-0.00792732	0.175888
2014-08-10 00:00:00	-15.0268	2.84889	2.92047	0	0.265246	-0.0002016	0.025619	0	2.43254E-05	0	0	0	0	0	6.32879	-0.0115973	0.0188232	0	0	0.00797399	0.0174601	0	0	0.0808146	-0.00798031	-2.53245
2014-08-11 00:00:00	-2.67735	-0.393062	3.04468	0	-0.0363189	-5.73086E-05	0.00272516	0	5.51765E-06	0	0	0	0	0	-0.447503	-0.0116016	0.01882	0	0	0.0097233	0.0193134	0	0	0.0809625	-0.00824539	-0.397908
2014-08-12 00:00:00	-8.42002	0.445847	2.64851	0	0.0896084	-0.000150498	0.0189413	0	0.000762327	0	0	0	0	0	3.47311	-0.0116089	0.0188145	0	0	0.0106421	0.0202386	0	0	0.0808339	-0.00834708	-1.63282
2014-08-13 00:00:00	0	-2.32776	3.0143	0	-0.0714783	-4.15015E-05	0.00186021	0	9.13012E-05	0	0	0	0	0	-0.850783	-0.0116084	0.0188027	0	0	0.0113603	0.0206909	0	0	0.0807984	-0.00841311	-0.122178
2014-08-14 00:00:00	-0.443091	-0.422978	2.84708	0	-0.161416	0	2.86736E-05	0	0	0	0	0	0	0	-1.46245	-0.0115942	0.0187418	0	0	0.00971001	0.0188048	0	0	0.0805413	-0.00823616	0.465141
2014-08-15 00:00:00	-2.22446	0.163362	2.79145	0	-0.055228	0	5.82774E-06	0	0	0	0	0	0	0	-0.34232	-0.0115647	0.0187035	0	0	0.00801566	0.0164935	0	0	0.0802982	-0.00808636	0.43667
2014-08-16 00:00:00	-2.54616	-0.106671	2.8455	0	0.0728372	0	0.000411222	0	0	0	0	0	0	0	-0.519117	-0.0115358	0.0186767	0	0	0.00759473	0.0159134	0	0	0.0799355	-0.0079434	-0.150564
2014-08-17 00:00:00	-1.39599	-0.357945	2.72498	0	-0.0623678	0	0.000263541	0	0	0	0	0	0	0	-0.681655	-0.0115231	0.0186471	0	0	0.00717417	0.0153041	0	0	0.0794344	-0.00785556	0.328461
2014-08-18 00:00:00	-1.7712	-0.0847403	2.56441	0	0.00148346	0	0.000416272	0	0	0	0	0	0	0	-0.538817	-0.0115071	0.0186106	0	0	0.00690132	0.0147085	0	0	0.0791446	-0.00779391	0.271616
2014-08-19 00:00:00	-1.21288	-0.376755	2.67484	0	-0.00645585	-8.14711E-06	0.000293911	0	0	0	0	0	0	0	-0.839385	-0.0114985	0.0185779	0	0	0.0068157	0.0144293	0	0	0.0787978	-0.00776316	0.339006
2014-08-20 00:00:00	-0.0992187	-0.274518	2.31979	0	-0.0114378	0	2.02771E-05	0	0	0	0	0	0	0	-1.51229	-0.0114828	0.0185183	0	0	0.00578876	0.0133041	0	0	0.0785811	-0.00773612	0.519322
2014-08-21 00:00:00	-15.2232	3.8237	2.39733	0	0.372292	-0.000170369	0.00999041	0	0.000583778	0	0	0	0	0	6.10476	-0.0114958	0.0185076	0	0	0.00792953	0.0154403	0	0	0.0784118	-0.00775147	-2.41363
2014-08-22 00:00:00	-2.52895	-0.0918036	2.35908	0	-0.042296	-5.95369E-05	0.00363813	0	0.000364425	0	0	0	0	0	-0.259722	-0.0115019	0.0185227	0	0	0.0101513	0.0177718	0	0	0.0786055	-0.00809215	-0.454295
2014-08-23 00:00:00	-3.59048	0.161286	2.3434	0	0.0327978	-4.61963E-05	0.00895862	0	0.000822281	0	0	0	0	0	0.540723	-0.0114951	0.0185028	0	0	0.0100385	0.0175293	0	0	0.0784227	-0.00807352	-0.397608
2014-08-24 00:00:00	0	-2.2754	2.43529	0	-0.0230105	-3.51157E-05	0.00158047	0	0.000387192	0	0	0	0	0	-0.311195	-0.0114787	0.0184826	0	0	0.00980613	0.0170727	0	0	0.078225	-0.00801459	-0.0682955
2014-08-25 00:00:00	0	-0.608733	2.97882	0	-0.233849	0	2.48594E-05	0	0.000139923	0	0	0	0	0	-1.64564	-0.0114634	0.018455	0	0	0.00862667	0.0159892	0	0	0.0779847	-0.00791065	0.592454
2014-08-26 00:00:00	0	-0.450892	2.67007	0	-0.108385	0	4.62377E-06	0	1.62094E-05	0	0	0	0	0	-1.57922	-0.0114486	0.0183894	0	0	0.00674285	0.0139329	0	0	0.0777626	-0.00779497	0.62918
2014-08-27 00:00:00	-0.2	-0.535701	3.42035	0	-0.111919	0	2.13172E-05	0	0.000151228	0	0	0	0	0	-1.68774	-0.0114244	0.0183071	0	0	0.00529389	0.0124874	0	0	0.0775237	-0.00767682	0.97968
2014-08-28 00:00:00	-0.962815	-0.110309	2.66299	0	0.019556	0	0	0	0	0	0	0	0	0	-1.37767	-0.0114091	0.0182858	0	0	0.00485986	0.0120129	0	0	0.0772531	-0.00749789	0.325249
2014-08-29 00:00:00	-15.4547	3.9939	2.62645	0	0.538302	-8.99627E-05	0.00910485	0	0.00278104	0	0	0	0	0	6.01895	-0.0114211	0.0183184	0	0	0.00824169	0.0154337	0	0	0.0768594	-0.00755284	-2.16546
2014-08-30 00:00:00	-0.2	-2.27405	2.63041	0	-0.0892832	-5.22705E-05	0.00376673	0	0.00391157	0	0	0	0	0	-0.491672	-0.0114214	0.0183038	0	0	0.00995652	0.0170518	0	0	0.077089	-0.0080805	-0.31407
2014-08-31 00:00:00	-1.29292	-0.392075	2.53543	0	-0.0602375	-1.79802E-05	0.00112593	0	0.000456923	0	0	0	0	0	-0.7379	-0.0114157	0.0182587	0	0	0.00953303	0.0165536	0	0	0.0769434	-0.00789101	0.155838
2014-09-01 00:00:00	-0.704633	-0.330839	2.6137	0	-0.134199	0	0.00017037	0	0.000355963	0	0	0	0	0	-1.10522	-0.0114071	0.0182073	0	0	0.0085338	0.0157041	0	0	0.0767088	-0.00781422	0.439264
2014-09-02 00:00:00	0	-0.409506	2.46785	0	-0.108571	0	4.9322E-05	0	0.000203129	0	0	0	0	0	-1.52492	-0.0113901	0.0181758	0	0	0.00727432	0.0143309	0	0	0.0764512	-0.00770174	0.522238
2014-09-03 00:00:00	-0.0545653	-0.374763	2.40796	0	-0.0284042	0	3.5062E-05	0	0.00013841	0	0	0	0	0	-1.64017	-0.0113664	0.0181262	0	0	0.00586656	0.0128189	0	0	0.0762418	-0.00760955	0.404308
2014-09-04 00:00:00	0	-0.20431	2.41807	0	-0.0959225	0	0	0	0.000168586	0	0	0	0	0	-1.34227	-0.0113476	0.0180723	0	0	0.00489077	0.0118205	0	0	0.0759215	-0.00749761	0.867592
2014-09-05 00:00:00	-1.6816	-0.0207628	2.23797	0	0.0449553	0	7.79796E-06	0	3.41018E-06	0	0	0	0	0	-0.60874	-0.0113296	0.0180422	0	0	0.00485492	0.011711	0	0	0.0757748	-0.00737903	0.0635057
2014-09-06 00:00:00	-0.2	-0.0180853	2.15421	0	-0.0150501	0	2.00867E-05	0	0	0	0	0	0	0	-1.57111	-0.011318	0.0179933	0	0	0.00437412	0.0111858	0	0	0.0752873	-0.00734576	0.440161
2014-09-07 00:00:00	0	-0.0104884	2.37592	0	-0.0243933	0	9.06775E-06	0	0	0	0	0	0	0	-1.90715	-0.0112917	0.017937	0	0	0.00373165	0.0105258	0	0	0.0749963	-0.00726985	0.522527
2014-09-08 00:00:00	-0.114545	-0.0110292	2.72796	0	-0.0207974	0	3.81551E-06	0	0	0	0	0	0	0	-2.13589	-0.0112732	0.017886	0	0	0.00310809	0.00989838	0	0	0.0746065	-0.00718359	0.532743
2014-09-09 00:00:00	0	-0.00646409	2.1211	0	-0.00545318	0	2.44224E-05	0	0	0	0	0	0	0	-1.73272	-0.0112574	0.0178616	0	0	0.00278153	0.00947927	0	0	0.0743166	-0.00710532	0.462565
2014-09-10 00:00:00	0	0	2.72051	0	-0.0198893	0	0	0	0	0	0	0	0	0	-2.26177	-0.0112417	0.0178311	0	0	0.00233304	0.00893899	0	0	0.0739722	-0.00705102	0.523629
2014-09-11 00:00:00	0	0	2.63835	0	-0.0129858	0	0	0	0	0	0	0	0	0	-2.18829	-0.0112241	0.0177941	0	0	0.00198246	0.00847573	0	0	0.0736492	-0.00698476	0.520763
2014-09-12 00:00:00	-0.0953666	0	2.21775	0	-0.00116717	0	1.36334E-05	0	0	0	0	0	0	0	-1.84238	-0.0112006	0.0177314	0	0	0.00183708	0.0082174	0	0	0.0733112	-0.00691153	0.361839
2014-09-13 00:00:00	-0.0408013	0	2.27941	0	-0.00402214	0	9.36375E-06	0	0	0	0	0	0	0	-1.95643	-0.0111863	0.0176626	0	0	0.00170784	0.00799271	0	0	0.0728884	-0.00686874	0.360371
2014-09-14 00:00:00	0	0	1.84342	0	0.00264846	0	3.13235E-05	0	0	0	0	0	0	0	-1.68414	-0.0111643	0.0176273	0	0	0.00171246	0.00792675	0	0	0.0725165	-0.00683206	0.243739
2014-09-15 00:00:00	-3.13838	1.1144	1.91533	0	0.0544399	0	0.000214906	0	0	0	0	0	0	0	-0.168118	-0.0111529	0.0176069	0	0	0.00215531	0.00834334	0	0	0.072178	-0.00682086	-0.139792
2014-09-16 00:00:00	0	-1.11197	2.04848	0	0.00368317	0	0.000104848	0	0	0	0	0	0	0	-0.976958	-0.0111306	0.0175792	0	0	0.00265844	0.00897546	0	0	0.0718434	-0.00686528	0.0464065
2014-09-17 00:00:00	-0.0854547	-0.00243636	1.77684	0	-0.00639536	0	4.79436E-05	0	0	0	0	0	0	0	-1.58175	-0.0111205	0.0175209	0	0	0.00255447	0.00888139	0	0	0.0715311	-0.00689727	0.183327
2014-09-18 00:00:00	-0.0408013	0	2.01546	0	-0.0138374	0	2.58941E-05	0	0	0	0	0	0	0	-1.75482	-0.011084	0.0174971	0	0	0.00234956	0.00863472	0	0	0.0711506	-0.00685595	0.287715
2014-09-19 00:00:00	0	0	1.84139	0	-0.0068555	0	2.22059E-05	0	0	0	0	0	0	0	-1.84662	-0.0110653	0.0174424	0	0	0.00221874	0.00845626	0	0	0.0709235	-0.00681384	0.0690933
2014-09-20 00:00:00	-2.83279	0.884775	1.98149	0	0.0112227	0	3.64513E-05	0	0	0	0	0	0	0	0.0638034	-0.0110475	0.0174111	0	0	0.00278464	0.00894799	0	0	0.0706078	-0.00677327	0.190473
2014-09-21 00:00:00	-0.0992187	-0.884775	1.97241	0	0.00489965	0	8.38837E-05	0	9.01146E-06	0	0	0	0	0	-1.15006	-0.0110271	0.0173692	0	0	0.0029836	0.00925374	0	0	0.0704261	-0.00684367	-0.0744811
2014-09-22 00:00:00	0	0	2.0418	0	-0.0160571	0	1.18239E-05	0	0	0	0	0	0	0	-1.9677	-0.0110169	0.017341	0	0	0.00270404	0.00898954	0	0	0.0700514	-0.0068557	0.139273
2014-09-23 00:00:00	-2.37697	0.44265	1.8768	0	0.0575524	0	0.00033948	0	2.45955E-05	0	0	0	0	0	-0.309197	-0.0109936	0.0173	0	0	0.00313897	0.00933627	0	0	0.0697202	-0.006815	-0.227108
2014-09-24 00:00:00	-0.355347	-0.441299	1.58502	0	-0.0226793	0	0.000115428	0	3.59588E-05	0	0	0	0	0	-0.742363	-0.010981	0.0172816	0	0	0.00336932	0.00960861	0	0	0.0693489	-0.00685668	0.105257
2014-09-25 00:00:00	-0.289307	-0.00135167	1.71609	0	0.00801546	0	0.000102073	0	4.40329E-06	0	0	0	0	0	-1.53344	-0.0109645	0.0172451	0	0	0.00328603	0.00956225	0	0	0.0691345	-0.00685195	-0.0184769
2014-09-26 00:00:00	-0.947724	0	1.61434	0	0.00343317	0	0.000109116	0	2.81695E-05	0	0	0	0	0	-0.837415	-0.010947	0.0172085	0	0	0.00340285	0.00964472	0	0	0.0688544	-0.0068398	-0.0859019
2014-09-27 00:00:00	-0.347879	0	1.47403	0	-0.0381496	0	0	0	1.42806E-05	0	0	0	0	0	-0.836655	-0.0109228	0.0171722	0	0	0.00333589	0.00953734	0	0	0.0685706	-0.00682406	0.332226
2014-09-28 00:00:00	0	0	1.52955	0	-0.00336013	0	4.5971E-06	0	0	0	0	0	0	0	-1.73262	-0.0108993	0.0171526	0	0	0.0031012	0.00926626	0	0	0.0684473	-0.00680529	-0.126168
2014-09-29 00:00:00	-0.0446534	0	1.49671	0	-0.00132429	0	3.41242E-05	0	0	0	0	0	0	0	-1.48403	-0.0108865	0.0171201	0	0	0.00297442	0.00910006	0	0	0.0680629	-0.00676101	0.0463404
2014-09-30 00:00:00	0	0	1.45843	0	0.000132883	0	4.01769E-05	0	0	0	0	0	0	0	-1.47057	-0.0108637	0.017086	0	0	0.00288269	0.00896715	0	0	0.0678149	-0.00673401	0.0671819
2014-10-01 00:00:00	-1.01466	0	1.8821	0	0.0124791	0	7.35225E-05	0	1.50438E-05	0	0	0	0	0	-0.948219	-0.010847	0.0170405	0	0	0.00299325	0.00906064	0	0	0.0675089	-0.00670722	0.0108388
2014-10-02 00:00:00	-0.114545	0	1.4311	0	0.00110936	0	6.7388E-05	0	1.33893E-05	0	0	0	0	0	-1.33835	-0.0108241	0.0169998	0	0	0.00300299	0.0090447	0	0	0.0672791	-0.00670553	0.0581845
2014-10-03 00:00:00	-29.4159	4.49154	1.54289	0	0.460044	-0.000184724	0.0169018	0	0.0151116	0	0	0	0	0	18.148	-0.0108657	0.0170384	0	0	0.00940894	0.0170432	0	0	0.0672812	-0.00725377	-4.6489
2014-10-04 00:00:00	-26.3007	0.00393508	1.23409	0	0.281891	-0.00536613	0.124118	0	0.283723	0	0	0	0	0	17.7582	-0.0109475	0.0171371	0	0	0.0325394	0.0396582	0	0	0.0678838	-0.0112937	-6.48518
2014-10-05 00:00:00	-0.484555	-0.809879	1.33652	0	-0.171427	-0.00322323	0.0127926	0	0.0476194	0	0	0	0	0	-1.2906	-0.0109859	0.0171825	0	0	0.04616	0.0453284	0	0	0.0690761	-0.0111221	-1.20712
2014-10-06 00:00:00	-3.089	-0.057491	1.30077	0	0.0258045	-0.00248893	0.0207845	0	0.0253194	0	0	0	0	0	0.839852	-0.0109854	0.0171733	0	0	0.0401264	0.040209	0	0	0.0704909	-0.0100435	-0.789481
2014-10-07 00:00:00	-0.513646	-0.756424	1.32302	0	-0.0180854	-0.00236038	0.00861402	0	0.0304782	0	0	0	0	0	-0.468874	-0.0109881	0.017167	0	0	0.0350101	0.0358422	0	0	0.0712372	-0.00995833	-0.258969
2014-10-08 00:00:00	-1.03253	-0.315622	1.36732	0	0.00415689	-0.00187558	0.00729868	0	0.0344047	0	0	0	0	0	-0.29807	-0.010985	0.0171405	0	0	0.0309019	0.0322387	0	0	0.0716865	-0.00922444	-0.103162
2014-10-09 00:00:00	-1.00219	0.139536	1.15275	0	-0.0172364	-0.00135422	0.00472648	0	0.022021	0	0	0	0	0	-0.46581	-0.0109805	0.0171121	0	0	0.0273002	0.0292093	0	0	0.07189	-0.00898379	-0.0420051
2014-10-10 00:00:00	-1.35556	0.0441773	1.11627	0	-0.00305491	-0.00097007	0.00589511	0	0.014638	0	0	0	0	0	-0.0323984	-0.0109764	0.0170842	0	0	0.0237464	0.0265196	0	0	0.0719909	-0.00898189	-0.0916205
2014-10-11 00:00:00	-0.0446534	-0.479467	1.15836	0	-0.0539211	-0.00054446	0.00186054	0	0.00828602	0	0	0	0	0	-0.61326	-0.0109715	0.0170262	0	0	0.0206925	0.0239597	0	0	0.0720178	-0.00892696	0.0904553
2014-10-12 00:00:00	-11.6674	2.23485	1.11784	0	0.256376	-0.00510535	0.05538	0	0.136131	0	0	0	0	0	5.91896	-0.0109853	0.0170613	0	0	0.023888	0.0261514	0	0	0.072038	-0.0094193	-1.83426
2014-10-13 00:00:00	-4.95323	-0.012039	1.00634	0	-0.0464466	-0.00520154	0.0459065	0	0.149013	0	0	0	0	0	2.37666	-0.0110066	0.0170953	0	0	0.0311518	0.0312411	0	0	0.0725509	-0.0105908	-1.30855
2014-10-14 00:00:00	-0.159199	-0.843257	1.055	0	-0.0613695	-0.00269779	0.0116319	0	0.0694845	0	0	0	0	0	-0.420946	-0.0110086	0.0170788	0	0	0.0303954	0.0303314	0	0	0.0732409	-0.00969929	-0.221016
2014-10-15 00:00:00	0	-0.992844	1.06494	0	0.00783221	-0.00214633	0.00927629	0	0.0437214	0	0	0	0	0	-0.358446	-0.011005	0.01705	0	0	0.0273572	0.0276869	0	0	0.0734268	-0.0090942	-0.102245
2014-10-16 00:00:00	-2.10104	0.894612	1.14695	0	0.000402066	-0.00205743	0.00849207	0	0.0458776	0	0	0	0	0	-0.157161	-0.0110013	0.0170113	0	0	0.0249362	0.0256287	0	0	0.0734095	-0.0089046	-0.0428414
2014-10-17 00:00:00	-2.85597	0.686717	1.25209	0	0.0561578	-0.00234637	0.0133884	0	0.0539065	0	0	0	0	0	0.426346	-0.0109992	0.0169814	0	0	0.0236613	0.0247866	0	0	0.0734244	-0.00878127	-0.250644
2014-10-18 00:00:00	-10.3665	0.252081	1.26601	0	0.128773	-0.00973332	0.0821619	0	0.262442	0	0	0	0	0	6.15414	-0.0110335	0.0170131	0	0	0.0301004	0.028795	0	0	0.0732996	-0.0108052	-2.10331
2014-10-19 00:00:00	-3.51366	0.0161611	1.1833	0	-0.0115827	-0.00627133	0.0402376	0	0.169709	0	0	0	0	0	1.00442	-0.0110588	0.0170409	0	0	0.0357719	0.0320984	0	0	0.0737833	-0.0118869	-0.981941
2014-10-20 00:00:00	-2.07695	-0.0293133	1.0856	0	-0.0652059	-0.00502959	0.0242798	0	0.122611	0	0	0	0	0	0.311611	-0.0110673	0.0170307	0	0	0.0344198	0.0310819	0	0	0.0742762	-0.0107315	-0.497389
2014-10-21 00:00:00	-1.59394	0.0140329	0.924396	0	0.0466022	-0.00383332	0.0183326	0	0.0828781	0	0	0	0	0	0.0545854	-0.0110715	0.0170126	0	0	0.0319263	0.0292565	0	0	0.0744433	-0.0102145	-0.325594
2014-10-22 00:00:00	-0.0854547	-0.832186	0.963596	0	-0.0779459	-0.0027583	0.0108093	0	0.0671222	0	0	0	0	0	-0.179435	-0.0110681	0.0169892	0	0	0.0290343	0.027072	0	0	0.0746106	-0.00994164	-0.00955607
2014-10-23 00:00:00	-2.38853	0.79155	1.06578	0	0.0760363	-0.00257131	0.0110961	0	0.0384966	0	0	0	0	0	0.0217304	-0.0110639	0.0169686	0	0	0.026322	0.0250927	0	0	0.0747382	-0.00924462	-0.263599
2014-10-24 00:00:00	-0.602953	-0.328696	0.945959	0	-0.0237313	-0.002989	0.0109571	0	0.0666543	0	0	0	0	0	-0.157257	-0.0110603	0.0169451	0	0	0.0243202	0.0235305	0	0	0.0746262	-0.00965018	0.0266554
2014-10-25 00:00:00	-0.314545	-0.606097	0.964506	0	-0.0532936	-0.00205625	0.00762612	0	0.0435061	0	0	0	0	0	-0.118621	-0.0110507	0.016918	0	0	0.0223296	0.0219552	0	0	0.0747375	-0.00906644	0.0368485
2014-10-26 00:00:00	-7.96381	0.907491	0.995972	0	0.191396	-0.008785	0.0590841	0	0.188993	0	0	0	0	0	3.89833	-0.0110743	0.0169443	0	0	0.0250975	0.0239141	0	0	0.0745921	-0.0103616	-1.61222
2014-10-27 00:00:00	-1.61466	-0.0342445	0.885362	0	-0.095893	-0.00500811	0.022608	0	0.128722	0	0	0	0	0	0.036348	-0.0110916	0.0169544	0	0	0.0276771	0.0255428	0	0	0.0748047	-0.0116394	-0.55452
2014-10-28 00:00:00	-14.2944	-0.00728799	1.26243	0	0.272112	-0.0177722	0.127238	0	0.407516	0	0	0	0	0	8.24763	-0.0111363	0.0170284	0	0	0.0355978	0.0301224	0	0	0.0751575	-0.0144792	-3.87024
2014-10-29 00:00:00	-0.159199	-0.487103	0.673587	0	-0.171973	-0.00842284	0.0303118	0	0.203558	0	0	0	0	0	-0.913373	-0.0111691	0.0170658	0	0	0.0407856	0.032709	0	0	0.0765132	-0.0145749	-0.691284
2014-10-30 00:00:00	-0.285455	-0.516302	0.835936	0	0.00201432	-0.00483398	0.0166981	0	0.0986801	0	0	0	0	0	-0.468645	-0.0111708	0.0170454	0	0	0.036501	0.02989	0	0	0.0777715	-0.0114246	-0.183295
2014-10-31 00:00:00	-3.30125	0.975554	1.01569	0	0.0491428	-0.0053618	0.0212414	0	0.09644	0	0	0	0	0	0.567097	-0.0111694	0.0170353	0	0	0.0330122	0.0276758	0	0	0.0783089	-0.0114185	-0.448008
2014-11-01 00:00:00	-2.38377	-0.0212564	0.845662	0	-0.00748353	-0.00605582	0.0272522	0	0.13504	0	0	0	0	0	0.731082	-0.0111707	0.0170452	0	0	0.0315345	0.0267925	0	0	0.0786751	-0.0125105	-0.549167
2014-11-02 00:00:00	-0.329209	-0.371103	0.717006	0	-0.0404874	-0.00378111	0.0131757	0	0.0882284	0	0	0	0	0	-0.304754	-0.0111684	0.0170318	0	0	0.0296845	0.0255304	0	0	0.0791739	-0.0113587	-0.102031
2014-11-03 00:00:00	-7.46509	0.347945	0.641957	0	0.191241	-0.0116705	0.0673267	0	0.270673	0	0	0	0	0	4.04918	-0.0111853	0.0170644	0	0	0.0323631	0.0269606	0	0	0.0793002	-0.01304	-1.77697
2014-11-04 00:00:00	-3.81017	-0.0148615	0.648018	0	-0.0319454	-0.0101087	0.0508129	0	0.273323	0	0	0	0	0	1.60489	-0.0112235	0.0171153	0	0	0.037244	0.0295961	0	0	0.0800872	-0.0145203	-1.15174
2014-11-05 00:00:00	-0.114545	-0.375236	0.509276	0	-0.0666717	-0.00540571	0.0196284	0	0.138537	0	0	0	0	0	-0.45355	-0.0112335	0.0171186	0	0	0.036062	0.0287229	0	0	0.0814151	-0.012388	-0.20827
2014-11-06 00:00:00	-5.52841	0.349835	0.596268	0	0.141892	-0.0116701	0.0550021	0	0.246394	0	0	0	0	0	2.7038	-0.0112449	0.0171318	0	0	0.035976	0.0286287	0	0	0.0818573	-0.0134298	-1.30797
2014-11-07 00:00:00	-6.54616	-0.0149604	0.624875	0	0.0788705	-0.0158564	0.0748623	0	0.386625	0	0	0	0	0	3.40312	-0.0112702	0.0171714	0	0	0.0408467	0.0310625	0	0	0.0823124	-0.0165561	-1.86506
2014-11-08 00:00:00	-1.30307	-0.0208698	0.613709	0	-0.0998026	-0.00795601	0.026904	0	0.208739	0	0	0	0	0	-0.117445	-0.011281	0.0171702	0	0	0.0411615	0.0309425	0	0	0.0833781	-0.0146258	-0.553047
2014-11-09 00:00:00	0	-0.498098	0.525402	0	-0.0430433	-0.00543212	0.0173024	0	0.130262	0	0	0	0	0	-0.382004	-0.0112758	0.0171496	0	0	0.0374591	0.0286846	0	0	0.0841234	-0.012382	-0.111852
2014-11-10 00:00:00	-0.2	-0.276216	0.496091	0	-0.000505657	-0.00423891	0.0146723	0	0.0918939	0	0	0	0	0	-0.307751	-0.0112691	0.0171276	0	0	0.0337667	0.0264417	0	0	0.0845102	-0.0111152	-0.046592
2014-11-11 00:00:00	-2.61967	0.742469	0.637713	0	0.0752743	-0.00509361	0.0217235	0	0.117105	0	0	0	0	0	0.607091	-0.0112733	0.0171152	0	0	0.0317055	0.0252615	0	0	0.0845919	-0.0111085	-0.287094
2014-11-12 00:00:00	-3.59191	-0.0108598	0.599368	0	0.089138	-0.00957947	0.0494573	0	0.255532	0	0	0	0	0	1.73885	-0.0112803	0.017123	0	0	0.0335358	0.0261856	0	0	0.084578	-0.0126966	-0.742558
2014-11-13 00:00:00	-2.82753	-0.0147345	0.601946	0	0.00455585	-0.00906036	0.0440011	0	0.252785	0	0	0	0	0	1.21692	-0.0112858	0.0171275	0	0	0.0350299	0.0269178	0	0	0.0849017	-0.0133453	-0.591773
2014-11-14 00:00:00	-12.5529	-0.00867918	0.625502	0	0.337285	-0.0319164	0.158236	0	0.867852	0	0	0	0	0	7.5171	-0.0113193	0.0172084	0	0	0.0462656	0.0321158	0	0	0.0844551	-0.0190417	-2.93781
2014-11-15 00:00:00	-0.240801	-0.267817	0.516674	0	-0.275624	-0.0104952	0.0389159	0	0.344039	0	0	0	0	0	-0.666931	-0.0113461	0.0172382	0	0	0.0533621	0.0352102	0	0	0.0858208	-0.0167983	-0.398552
2014-11-16 00:00:00	-0.610811	0.0566126	0.512186	0	-0.0199124	-0.00668376	0.0262419	0	0.176658	0	0	0	0	0	-0.386817	-0.0113414	0.0172143	0	0	0.0473812	0.0319984	0	0	0.0871846	-0.0129686	-0.0930562
2014-11-17 00:00:00	-7.52474	0.167896	0.508418	0	0.313013	-0.0181405	0.100548	0	0.522211	0	0	0	0	0	4.15619	-0.0113464	0.0172553	0	0	0.0473923	0.0321213	0	0	0.0869941	-0.0170378	-1.61923
2014-11-18 00:00:00	-0.05998	-0.432169	0.516017	0	-0.209944	-0.00809276	0.0311421	0	0.280457	0	0	0	0	0	-0.484612	-0.011357	0.0172706	0	0	0.0466734	0.0316683	0	0	0.087781	-0.0162304	-0.211376
2014-11-19 00:00:00	-1.92202	0.22187	0.521254	0	0.0107198	-0.00619569	0.0238233	0	0.175037	0	0	0	0	0	0.541261	-0.011362	0.0172631	0	0	0.041957	0.0290109	0	0	0.0888069	-0.013121	-0.281698
2014-11-20 00:00:00	-0.240801	-0.18878	0.436074	0	-0.0601878	-0.00509371	0.0181996	0	0.147196	0	0	0	0	0	-0.241104	-0.0113635	0.0172497	0	0	0.0380357	0.0268192	0	0	0.0890267	-0.0130496	0.0122207
2014-11-21 00:00:00	-4.12743	0.338444	0.438625	0	0.209993	-0.0107122	0.0527707	0	0.281094	0	0	0	0	0	1.89854	-0.0113664	0.0172666	0	0	0.0375621	0.02673	0	0	0.0892156	-0.0136567	-0.772917
2014-11-22 00:00:00	-3.33063	-0.0231137	0.492905	0	0.0156789	-0.0131752	0.0596268	0	0.392322	0	0	0	0	0	1.61716	-0.0113952	0.0172876	0	0	0.0406065	0.0284872	0	0	0.0892484	-0.0158472	-0.640846
2014-11-23 00:00:00	-0.0408013	-0.344572	0.399362	0	-0.117606	-0.00689081	0.027249	0	0.212602	0	0	0	0	0	-0.30605	-0.011402	0.0172819	0	0	0.0393577	0.0278769	0	0	0.0901065	-0.0141249	-0.027612
2014-11-24 00:00:00	-0.114545	-0.287885	0.426692	0	-0.0182553	-0.00471249	0.0185323	0	0.119076	0	0	0	0	0	-0.283658	-0.0113954	0.0172556	0	0	0.0356348	0.0258561	0	0	0.0907134	-0.0119136	0.0013952
2014-11-25 00:00:00	-0.0408013	-0.346593	0.411728	0	-0.0135531	-0.00271732	0.0115217	0	0.0795727	0	0	0	0	0	-0.309754	-0.0113818	0.0172286	0	0	0.03206	0.0239162	0	0	0.0908853	-0.011362	-0.06925
2014-11-26 00:00:00	-0.2	-0.162481	0.37438	0	-0.0256061	-0.00406943	0.0155397	0	0.0951486	0	0	0	0	0	-0.0916527	-0.0113775	0.0172117	0	0	0.0300621	0.0228895	0	0	0.0909922	-0.0108897	0.140148
2014-11-27 00:00:00	-0.929872	0.497036	0.407287	0	-0.031043	-0.00301328	0.0119483	0	0.076425	0	0	0	0	0	-0.0776958	-0.0113717	0.0171868	0	0	0.0276979	0.0216156	0	0	0.0910631	-0.0106501	0.0866143
2014-11-28 00:00:00	-0.0446534	-0.337165	0.396513	0	-0.00580108	-0.00260181	0.0103274	0	0.0653383	0	0	0	0	0	-0.15135	-0.0113659	0.0171643	0	0	0.0259656	0.0206967	0	0	0.0910589	-0.0103257	0.0638014
2014-11-29 00:00:00	-0.141583	-0.269874	0.429752	0	-0.0173818	-0.00259323	0.010463	0	0.0581839	0	0	0	0	0	-0.0668625	-0.0113575	0.0171209	0	0	0.0242938	0.0198217	0	0	0.0910628	-0.0100772	0.130969
2014-11-30 00:00:00	-0.70219	0.335955	0.348971	0	-0.00791203	-0.00253022	0.00952864	0	0.0603363	0	0	0	0	0	-0.0765772	-0.0113502	0.0171034	0	0	0.0230811	0.0192279	0	0	0.0910314	-0.00997412	0.0947016
2014-12-01 00:00:00	-1.03294	0.408647	0.352686	0	0.00650117	-0.00331689	0.0140973	0	0.0709594	0	0	0	0	0	0.10952	-0.0113424	0.0170841	0	0	0.022513	0.0191299	0	0	0.0910239	-0.00980151	0.0547578
2014-12-02 00:00:00	-0.314545	-0.0113283	0.279739	0	-0.00973673	-0.00226228	0.0106974	0	0.063157	0	0	0	0	0	-0.164432	-0.0113351	0.0170552	0	0	0.0219807	0.018861	0	0	0.0909428	-0.00975486	-0.0209616
2014-12-03 00:00:00	-13.6881	0.34927	0.262148	0	0.677459	-0.0384456	0.188519	0	1.09171	0	0	0	0	0	8.17859	-0.0113856	0.0171482	0	0	0.0394779	0.0269171	0	0	0.0899675	-0.0158665	-2.83261
2014-12-04 00:00:00	0	-0.291889	0.303531	0	-0.344946	-0.0131358	0.0517914	0	0.478733	0	0	0	0	0	-0.450369	-0.0114207	0.0172204	0	0	0.0528324	0.032804	0	0	0.0910724	-0.0174611	-0.101236
2014-12-05 00:00:00	-0.104633	-0.149143	0.266892	0	0.0474634	-0.00498955	0.0207406	0	0.147943	0	0	0	0	0	-0.436453	-0.0114171	0.0171885	0	0	0.0457004	0.0292618	0	0	0.0925726	-0.0128079	-0.0516818
2014-12-06 00:00:00	-7.01085	0.387131	0.352873	0	0.249947	-0.0253111	0.118249	0	0.700428	0	0	0	0	0	3.79799	-0.0114352	0.0172314	0	0	0.050571	0.0316335	0	0	0.0922122	-0.0165303	-1.26586
2014-12-07 00:00:00	-14.5057	-0.00950244	0.29156	0	0.533565	-0.0661361	0.258641	0	1.80293	0	0	0	0	0	8.5467	-0.0114958	0.0173938	0	0	0.0792269	0.042165	0	0	0.0911726	-0.0266485	-2.95617
2014-12-08 00:00:00	-2.71578	-0.0189366	0.258516	0	-0.314791	-0.0308881	0.10323	0	0.898122	0	0	0	0	0	0.661219	-0.0115281	0.0175109	0	0	0.0990412	0.0486233	0	0	0.0942106	-0.024525	-0.935977
2014-12-09 00:00:00	-10.2518	-0.0189021	0.340012	0	0.439068	-0.0525026	0.197162	0	1.44122	0	0	0	0	0	5.43226	-0.0115417	0.0176105	0	0	0.104613	0.0508475	0	0	0.095429	-0.0273975	-2.24394
2014-12-10 00:00:00	-16.6191	-0.0144407	0.265488	0	0.453204	-0.0922122	0.355881	0	2.76437	0	0	0	0	0	8.96498	-0.0116083	0.0178187	0	0	0.14949	0.0654354	0	0	0.0961215	-0.0365134	-3.64105
2014-12-11 00:00:00	-3.33286	-0.0154712	0.229637	0	-0.349286	-0.0441434	0.157718	0	1.45373	0	0	0	0	0	0.558928	-0.0116966	0.0179423	0	0	0.177447	0.0738654	0	0	0.102389	-0.0294173	-1.01122
2014-12-12 00:00:00	-4.73152	-0.0176247	0.247985	0	0.0821283	-0.0416481	0.152956	0	1.29573	0	0	0	0	0	1.57421	-0.0117536	0.017974	0	0	0.163325	0.0691684	0	0	0.105999	-0.0277563	-1.12082
2014-12-13 00:00:00	-5.35577	-0.0160778	0.22185	0	0.144398	-0.0439044	0.1739	0	1.45984	0	0	0	0	0	2.05624	-0.0117987	0.0180166	0	0	0.153125	0.0658948	0	0	0.108008	-0.0302739	-1.05655
2014-12-14 00:00:00	-17.9419	-0.0180955	0.306646	0	0.759589	-0.107079	0.432124	0	3.88213	0	0	0	0	0	9.06972	-0.0118852	0.0181528	0	0	0.183972	0.0764902	0	0	0.107374	-0.0412526	-3.28403
2014-12-15 00:00:00	-4.52938	-0.0158205	0.267948	0	-0.466135	-0.0583974	0.221142	0	2.37374	0	0	0	0	0	0.924	-0.01196	0.0182221	0	0	0.202352	0.0820124	0	0	0.113484	-0.0373357	-0.916133
2014-12-16 00:00:00	-6.05347	-0.016635	0.270095	0	0.110913	-0.0548333	0.213832	0	2.08737	0	0	0	0	0	1.97853	-0.0119862	0.0182685	0	0	0.19044	0.0782128	0	0	0.118463	-0.0333215	-1.10412
2014-12-17 00:00:00	-1.91028	-0.0173168	0.332305	0	-0.205837	-0.0344683	0.122855	0	1.34213	0	0	0	0	0	-0.208944	-0.011998	0.0183032	0	0	0.173595	0.0723301	0	0	0.122936	-0.0303157	-0.234706
2014-12-18 00:00:00	-8.9078	-0.0129187	0.33041	0	0.690733	-0.0700461	0.248304	0	2.43717	0	0	0	0	0	3.76844	-0.0120352	0.0183669	0	0	0.166752	0.0703243	0	0	0.122692	-0.0367774	-1.18639
2014-12-19 00:00:00	-7.20402	-0.0191738	0.274115	0	-0.138346	-0.0715459	0.253627	0	2.71461	0	0	0	0	0	2.70198	-0.0120804	0.0184549	0	0	0.173121	0.0732874	0	0	0.124536	-0.0381447	-1.14958
2014-12-20 00:00:00	-1.44739	-0.0137643	0.279179	0	-0.290069	-0.0363057	0.125251	0	1.4241	0	0	0	0	0	-0.404001	-0.0120955	0.0185201	0	0	0.162891	0.070088	0	0	0.12948	-0.0306192	-0.024737
2014-12-21 00:00:00	-13.2229	-0.0139883	0.32987	0	0.983293	-0.0940181	0.422766	0	3.75089	0	0	0	0	0	5.85136	-0.0121299	0.0186334	0	0	0.16866	0.0731081	0	0	0.126742	-0.0429767	-1.6607
2014-12-22 00:00:00	-24.293	-0.0193139	0.332011	0	0.472514	-0.179513	0.800965	0	7.97358	0	0	0	0	0	10.5314	-0.0121952	0.018912	0	0	0.250884	0.0999146	0	0	0.122768	-0.0586734	-3.95973
2014-12-23 00:00:00	-7.00939	-0.0144367	0.291489	0	-0.661102	-0.104382	0.394649	0	4.62056	0	0	0	0	0	1.11144	-0.012333	0.0191096	0	0	0.293044	0.112923	0	0	0.131596	-0.0495101	-0.876353
2014-12-24 00:00:00	-6.07836	-0.0142317	0.298901	0	0.013227	-0.083515	0.30834	0	3.41087	0	0	0	0	0	0.964018	-0.0124228	0.0191858	0	0	0.273019	0.105698	0	0	0.136745	-0.0443709	-0.702896
2014-12-25 00:00:00	-1.07105	-0.0198628	0.300345	0	-0.54979	-0.0389989	0.135535	0	1.69503	0	0	0	0	0	-1.0786	-0.0124624	0.0192139	0	0	0.239674	0.0936422	0	0	0.141893	-0.0355424	-0.180976
2014-12-26 00:00:00	-0.2	-0.100086	0.302036	0	0.0104305	-0.0261354	0.0899452	0	0.966681	0	0	0	0	0	-1.12105	-0.0124619	0.0192197	0	0	0.204033	0.0809805	0	0	0.145306	-0.0289509	0.329945
2014-12-27 00:00:00	-0.420741	-0.0125559	0.304268	0	-0.201769	-0.0181058	0.0640125	0	0.66745	0	0	0	0	0	-0.751796	-0.0124603	0.0192075	0	0	0.173956	0.0703817	0	0	0.147004	-0.0256297	0.00322142
2014-12-28 00:00:00	-0.8	0.068899	0.310226	0	-0.159693	-0.0146578	0.0572108	0	0.530065	0	0	0	0	0	-0.374937	-0.0124634	0.0191985	0	0	0.14959	0.0619285	0	0	0.148178	-0.023227	-0.0396821
2014-12-29 00:00:00	-0.25998	-0.0314337	0.235701	0	-0.0660127	-0.0112192	0.0424917	0	0.384415	0	0	0	0	0	-0.391541	-0.0124666	0.0191817	0	0	0.129378	0.0549181	0	0	0.148906	-0.0212215	0.221115
2014-12-30 00:00:00	-0.0953666	-0.172535	0.274835	0	-0.149138	-0.0082319	0.030967	0	0.278359	0	0	0	0	0	-0.30072	-0.0124718	0.0191638	0	0	0.11181	0.0488067	0	0	0.149667	-0.019396	0.155749
2014-12-31 00:00:00	-0.323812	-0.0176471	0.343218	0	-0.112501	-0.00655489	0.0250995	0	0.2039	0	0	0	0	0	-0.19845	-0.0124713	0.0191477	0	0	0.0969433	0.0437228	0	0	0.150219	-0.0176523	0.193161
2015-01-01 00:00:00	-17.3782	0.163219	0.363732	0	1.7963	-0.122679	0.47312	0	4.42039	0	0	0	0	0	7.71333	-0.0125178	0.0192685	0	0	0.118755	0.0518386	0	0	0.140733	-0.0435472	-2.29623
2015-01-02 00:00:00	-6.50093	-0.0156605	0.288064	0	-0.485567	-0.082405	0.283221	0	3.60134	0	0	0	0	0	2.01711	-0.0125922	0.0194173	0	0	0.148856	0.0609437	0	0	0.141864	-0.0446442	-0.58098
2015-01-03 00:00:00	-2.52229	-0.0168046	0.253066	0	-0.294908	-0.0438349	0.134712	0	1.90005	0	0	0	0	0	0.143205	-0.0126247	0.0194777	0	0	0.141191	0.0575691	0	0	0.147145	-0.0361506	-0.130205
2015-01-04 00:00:00	-0.0854547	-0.161233	0.246395	0	-0.368713	-0.0225826	0.0692724	0	0.967014	0	0	0	0	0	-0.748512	-0.012646	0.0194872	0	0	0.123822	0.0515591	0	0	0.150907	-0.0289285	0.200387
2015-01-05 00:00:00	-0.219179	-0.118792	0.349799	0	-0.344192	-0.00747887	0.0245114	0	0.377077	0	0	0	0	0	-0.395322	-0.0126359	0.0194634	0	0	0.100793	0.0438888	0	0	0.153871	-0.0221609	-0.0503567
2015-01-06 00:00:00	-5.2021	0.241085	0.304663	0	0.878302	-0.0469412	0.160817	0	1.57191	0	0	0	0	0	1.65889	-0.0126545	0.0194874	0	0	0.100306	0.0443007	0	0	0.151046	-0.0308112	-0.161697
2015-01-07 00:00:00	-5.90419	-0.0192686	0.337042	0	0.106206	-0.0561347	0.212807	0	2.40041	0	0	0	0	0	2.07282	-0.0127154	0.0195216	0	0	0.103956	0.0452313	0	0	0.148876	-0.0384724	-0.583909
2015-01-08 00:00:00	-7.67646	-0.0157344	0.308148	0	0.260977	-0.0742005	0.294294	0	3.1221	0	0	0	0	0	2.80438	-0.012752	0.0196036	0	0	0.116258	0.0489511	0	0	0.148522	-0.0420468	-0.697957
2015-01-09 00:00:00	-8.34059	-0.0126261	0.345672	0	0.251283	-0.0912752	0.326428	0	3.78155	0	0	0	0	0	2.89806	-0.0127903	0.0196985	0	0	0.134056	0.0544166	0	0	0.149076	-0.0448175	-0.541861
2015-01-10 00:00:00	-11.0031	-0.0137002	0.303129	0	0.24479	-0.121028	0.432798	0	4.89351	0	0	0	0	0	3.91977	-0.0128671	0.0198463	0	0	0.16886	0.0649103	0	0	0.150659	-0.0466879	-0.999136
2015-01-11 00:00:00	-13.2778	-0.0437753	0.304065	0	0.170062	-0.133589	0.429357	0	6.68586	0	0	0	0	0	4.27906	-0.0129545	0.0199063	0	0	0.193825	0.0664359	0	0	0.149261	-0.0576057	-1.22792
2015-01-12 00:00:00	-8.60981	0.00982266	0.322042	0	-0.258307	-0.110579	0.342031	0	5.4105	0	0	0	0	0	1.87957	-0.0130385	0.0199581	0	0	0.193072	0.0619978	0	0	0.157057	-0.0532652	-0.648956
2015-01-13 00:00:00	-3.31795	-0.0141921	0.281478	0	-0.285906	-0.0645885	0.200774	0	3.04095	0	0	0	0	0	-0.207153	-0.0131223	0.0200023	0	0	0.181114	0.0589442	0	0	0.166743	-0.0433688	0.00372498
2015-01-14 00:00:00	-7.02448	-0.0189697	0.287231	0	0.0758338	-0.08171	0.274303	0	3.46495	0	0	0	0	0	1.81048	-0.0131873	0.0200996	0	0	0.18213	0.0607421	0	0	0.169811	-0.04097	-0.833738
2015-01-15 00:00:00	-5.66957	-0.0166485	0.342923	0	-0.0469659	-0.0843493	0.285919	0	3.32732	0	0	0	0	0	1.16408	-0.0132165	0.0202224	0	0	0.191822	0.0659534	0	0	0.171778	-0.0405584	-0.301302
2015-01-16 00:00:00	0	-0.27792	0.291687	0	-0.618225	-0.0357782	0.115411	0	1.57174	0	0	0	0	0	-1.06234	-0.0132269	0.0202418	0	0	0.175626	0.0622329	0	0	0.176578	-0.033215	0.372814
2015-01-17 00:00:00	-2.61965	0.255309	0.292577	0	0.315783	-0.0366422	0.11908	0	1.27159	0	0	0	0	0	0.105276	-0.0132302	0.020251	0	0	0.153965	0.0560304	0	0	0.178033	-0.0315851	0.0667825
2015-01-18 00:00:00	-0.92542	-0.0268201	0.253723	0	-0.272149	-0.0250805	0.069142	0	1.00068	0	0	0	0	0	-0.288753	-0.013234	0.0202426	0	0	0.131489	0.0493007	0	0	0.179112	-0.0301533	0.122084
2015-01-19 00:00:00	0	-0.201244	0.208561	0	-0.341509	-0.0135931	0.040217	0	0.580098	0	0	0	0	0	-0.456898	-0.0132412	0.0202425	0	0	0.116541	0.0450879	0	0	0.181127	-0.0250867	0.140302
2015-01-20 00:00:00	-0.0545653	-0.19112	0.263427	0	-0.261968	-0.00932663	0.0313739	0	0.337929	0	0	0	0	0	-0.25874	-0.0132402	0.0202361	0	0	0.0990424	0.0402811	0	0	0.182607	-0.0209281	0.165007
2015-01-21 00:00:00	-0.160761	-0.0834918	0.256453	0	-0.138431	-0.00792998	0.0279018	0	0.257412	0	0	0	0	0	-0.180791	-0.0132385	0.0202319	0	0	0.0866057	0.0369321	0	0	0.182756	-0.0192715	0.264378
2015-01-22 00:00:00	-0.294485	-0.058634	0.308125	0	-0.134028	-0.00620321	0.0227989	0	0.191809	0	0	0	0	0	-0.0659666	-0.0132335	0.0202278	0	0	0.073887	0.0335709	0	0	0.182998	-0.0178773	0.24299
2015-01-23 00:00:00	-6.71515	0.483511	0.385151	0	0.996428	-0.040914	0.152053	0	1.40899	0	0	0	0	0	2.2905	-0.0132499	0.0202812	0	0	0.0829738	0.0368985	0	0	0.180885	-0.0220541	-0.753701
2015-01-24 00:00:00	-0.594585	-0.0124521	0.365255	0	-0.47167	-0.0154847	0.0545598	0	0.816922	0	0	0	0	0	-0.292787	-0.0132613	0.0203092	0	0	0.0885683	0.0386896	0	0	0.18034	-0.0238461	0.140557
2015-01-25 00:00:00	-3.19508	-0.0115288	0.444421	0	0.348381	-0.0262585	0.0981565	0	0.986915	0	0	0	0	0	0.916515	-0.0132674	0.0203236	0	0	0.0841823	0.0373675	0	0	0.180031	-0.0242623	-0.154099
2015-01-26 00:00:00	-0.336168	-0.122993	0.412963	0	-0.446713	-0.0116566	0.0435197	0	0.580533	0	0	0	0	0	-0.223796	-0.0132672	0.0203256	0	0	0.0776557	0.0354335	0	0	0.180305	-0.0228861	0.173257
2015-01-27 00:00:00	-0.299219	-0.136085	0.442624	0	-0.172145	-0.00709041	0.0265941	0	0.250997	0	0	0	0	0	-0.121689	-0.0132615	0.0203151	0	0	0.0675642	0.032574	0	0	0.18171	-0.0184887	0.254402
2015-01-28 00:00:00	-7.24994	0.228616	0.370327	0	1.21444	-0.0481697	0.170707	0	1.8649	0	0	0	0	0	2.55787	-0.0132742	0.02035	0	0	0.0737403	0.0341213	0	0	0.177274	-0.0288351	-0.627872
2015-01-29 00:00:00	-2.40814	-0.0385662	0.31386	0	-0.522214	-0.045717	0.112057	0	1.73947	0	0	0	0	0	0.412727	-0.0133024	0.0203751	0	0	0.0823478	0.0366577	0	0	0.175749	-0.0335173	-0.168216
2015-01-30 00:00:00	-1.492	0.00648308	0.367863	0	-0.198685	-0.0234793	0.0674983	0	0.921377	0	0	0	0	0	0.106447	-0.0133078	0.0203842	0	0	0.0788662	0.0358034	0	0	0.178694	-0.0268763	0.0290618
2015-01-31 00:00:00	-3.30978	-0.0074919	0.339774	0	0.298508	-0.0310938	0.121095	0	1.23477	0	0	0	0	0	0.945749	-0.0133108	0.0204065	0	0	0.078239	0.0355793	0	0	0.178577	-0.027322	-0.13629
2015-02-01 00:00:00	0	-0.341123	0.361983	0	-0.461409	-0.0136732	0.0489243	0	0.681511	0	0	0	0	0	-0.321741	-0.0133094	0.0204058	0	0	0.0726684	0.0339401	0	0	0.179806	-0.0246176	0.223365
2015-02-02 00:00:00	0	-0.283515	0.309166	0	-0.26978	-0.00803704	0.0283149	0	0.313411	0	0	0	0	0	-0.169861	-0.0133065	0.0203972	0	0	0.0637882	0.0314419	0	0	0.181663	-0.0196086	0.184074
2015-02-03 00:00:00	-0.207859	-0.0794704	0.290901	0	-0.163608	-0.00650752	0.0236802	0	0.212773	0	0	0	0	0	-0.0955102	-0.0133056	0.0203891	0	0	0.0566171	0.0294142	0	0	0.181676	-0.0177748	0.231415
2015-02-04 00:00:00	-0.369111	0.0283107	0.343216	0	-0.178743	-0.00583019	0.021325	0	0.178626	0	0	0	0	0	-0.0160514	-0.0133032	0.0203769	0	0	0.0499456	0.0275556	0	0	0.181321	-0.0168301	0.250808
2015-02-05 00:00:00	-1.07811	0.46569	0.406185	0	-0.0528238	-0.00512693	0.0224118	0	0.15941	0	0	0	0	0	0.0755234	-0.0133006	0.0203663	0	0	0.0449268	0.0261514	0	0	0.180473	-0.0163517	0.235421
2015-02-06 00:00:00	-0.34002	-0.0995903	0.428612	0	-0.108353	-0.00449004	0.018935	0	0.131941	0	0	0	0	0	0.0769809	-0.0132944	0.0203496	0	0	0.0401214	0.0247342	0	0	0.179956	-0.0157652	0.340117
2015-02-07 00:00:00	-3.80164	0.237798	0.425623	0	0.709089	-0.0164412	0.0845678	0	0.595636	0	0	0	0	0	1.23891	-0.0132976	0.020356	0	0	0.0405822	0.0246273	0	0	0.177632	-0.0212373	-0.297803
2015-02-08 00:00:00	-0.2	-0.233664	0.443241	0	-0.373299	-0.00730661	0.030403	0	0.429067	0	0	0	0	0	-0.142037	-0.0132972	0.0203549	0	0	0.0414065	0.0247721	0	0	0.17725	-0.0219156	0.174975
2015-02-09 00:00:00	0	-0.510367	0.5566	0	-0.190921	-0.00604914	0.0236869	0	0.208545	0	0	0	0	0	0.0173213	-0.0132929	0.0203439	0	0	0.0382182	0.0239109	0	0	0.178607	-0.0173768	0.329227
2015-02-10 00:00:00	-0.0446534	-0.426814	0.515155	0	-0.123786	-0.00390839	0.015225	0	0.122813	0	0	0	0	0	0.00373533	-0.0132874	0.0203326	0	0	0.0351632	0.0230881	0	0	0.178286	-0.0157631	0.285586
2015-02-11 00:00:00	-0.05998	-0.165042	0.475676	0	-0.214842	-0.0030631	0.0115407	0	0.0874994	0	0	0	0	0	-0.00529695	-0.0132792	0.020316	0	0	0.0320874	0.0223044	0	0	0.177569	-0.014716	0.350774
2015-02-12 00:00:00	-0.244653	-0.0612262	0.518463	0	-0.136047	-0.00276645	0.0086924	0	0.0625931	0	0	0	0	0	0.0207056	-0.013272	0.020296	0	0	0.0293411	0.0216729	0	0	0.176705	-0.0140864	0.386418
2015-02-13 00:00:00	-0.11996	-0.105608	0.545526	0	-0.22099	-0.00421488	0.0135527	0	0.083532	0	0	0	0	0	0.0530905	-0.0132683	0.0202894	0	0	0.0277662	0.0213074	0	0	0.175538	-0.0140427	0.462518
2015-02-14 00:00:00	-0.45998	-0.0512662	0.63145	0	-0.0534941	-0.00251661	0.00892828	0	0.0507955	0	0	0	0	0	0.0675614	-0.0132603	0.0202714	0	0	0.0260228	0.0208091	0	0	0.174698	-0.0135205	0.406499
2015-02-15 00:00:00	0	-0.145159	0.634063	0	-0.269048	-0.00219563	0.00662321	0	0.0503567	0	0	0	0	0	-0.000650644	-0.0132532	0.0202573	0	0	0.0243675	0.0204002	0	0	0.173562	-0.0132631	0.486061
2015-02-16 00:00:00	-1.32831	0.682638	0.609237	0	0.0598715	-0.00333759	0.011348	0	0.0553477	0	0	0	0	0	0.140453	-0.0132463	0.0202434	0	0	0.0231678	0.0200539	0	0	0.172469	-0.0131292	0.436807
2015-02-17 00:00:00	-0.2	-0.389587	0.619071	0	-0.0181371	-0.00305471	0.0104063	0	0.0678194	0	0	0	0	0	0.0949233	-0.0132401	0.0202314	0	0	0.0227731	0.0198121	0	0	0.171445	-0.0133685	0.389094
2015-02-18 00:00:00	-1.64309	0.705035	0.734615	0	0.0687228	-0.00351786	0.0129793	0	0.0685696	0	0	0	0	0	0.209554	-0.0132337	0.0202172	0	0	0.0224981	0.0195881	0	0	0.170284	-0.0131121	0.359109
2015-02-19 00:00:00	-1.93484	0.336548	0.717362	0	0.240567	-0.00493925	0.0192923	0	0.122189	0	0	0	0	0	0.406621	-0.0132298	0.0202048	0	0	0.0230915	0.0194493	0	0	0.169059	-0.0138731	0.107499
2015-02-20 00:00:00	-2.13513	0.138787	0.632493	0	0.228293	-0.0104147	0.0386288	0	0.25686	0	0	0	0	0	0.598537	-0.0132301	0.0202082	0	0	0.0258272	0.0197239	0	0	0.167977	-0.0154902	-0.0469312
2015-02-21 00:00:00	-0.304633	-0.284498	0.605199	0	-0.12979	-0.00545911	0.0208134	0	0.178535	0	0	0	0	0	0.0415399	-0.0132249	0.0202013	0	0	0.0276729	0.020268	0	0	0.167308	-0.0152968	0.328636
2015-02-22 00:00:00	-4.82083	0.341463	0.586453	0	0.781425	-0.0211849	0.0696631	0	0.627482	0	0	0	0	0	1.49763	-0.0132309	0.0202084	0	0	0.0302545	0.0210138	0	0	0.164623	-0.0206899	-0.735718
2015-02-23 00:00:00	-4.49327	0.0103812	0.634576	0	0.547227	-0.0383257	0.106032	0	1.35167	0	0	0	0	0	1.29308	-0.0132444	0.020228	0	0	0.0360322	0.0226209	0	0	0.160962	-0.0311008	-0.39313
2015-02-24 00:00:00	-1.59687	-0.0258176	0.689132	0	-0.362584	-0.0197622	0.0537964	0	0.852658	0	0	0	0	0	0.105133	-0.013248	0.0202306	0	0	0.0376294	0.0230125	0	0	0.16358	-0.0274909	-0.100605
2015-02-25 00:00:00	-0.778377	-0.0682455	0.721203	0	-0.211286	-0.0117597	0.0349833	0	0.445019	0	0	0	0	0	-0.110321	-0.0132435	0.0202234	0	0	0.0364118	0.0227034	0	0	0.166639	-0.0214175	0.232534
2015-02-26 00:00:00	-10.0509	0.0655289	0.745533	0	1.19377	-0.0726611	0.250428	0	2.66534	0	0	0	0	0	3.55009	-0.013257	0.0202858	0	0	0.0502177	0.0275003	0	0	0.161942	-0.0344432	-1.44063
2015-02-27 00:00:00	-3.56987	-0.0164105	0.754734	0	-0.393403	-0.0470417	0.154112	0	2.04226	0	0	0	0	0	0.532167	-0.0132632	0.0203542	0	0	0.0686832	0.0336124	0	0	0.16385	-0.0345539	-0.304771
2015-02-28 00:00:00	-5.61838	0.00291456	0.847522	0	0.321775	-0.0604667	0.197846	0	2.20722	0	0	0	0	0	1.44991	-0.013256	0.0204039	0	0	0.0774721	0.0365861	0	0	0.16513	-0.0349532	-0.400273
2015-03-01 00:00:00	-11.5132	-0.00525003	0.774445	0	0.515369	-0.119113	0.404298	0	4.57625	0	0	0	0	0	3.74499	-0.0132733	0.020536	0	0	0.10426	0.0455257	0	0	0.16214	-0.044514	-1.34748
2015-03-02 00:00:00	-1.33918	-0.0461767	0.703188	0	-0.63602	-0.0408812	0.116222	0	1.93002	0	0	0	0	0	-0.735971	-0.0132812	0.0206234	0	0	0.114195	0.0484301	0	0	0.169317	-0.0351148	0.255366
2015-03-03 00:00:00	-3.05012	0.0263995	0.736946	0	-0.197249	-0.040328	0.134603	0	1.44038	0	0	0	0	0	0.43146	-0.0132926	0.0206486	0	0	0.108801	0.0467133	0	0	0.173567	-0.0286797	-0.210149
2015-03-04 00:00:00	-0.155347	-0.620061	0.829976	0	-0.381051	-0.0184248	0.0632905	0	0.739994	0	0	0	0	0	-0.500621	-0.013296	0.0206506	0	0	0.100464	0.044091	0	0	0.175694	-0.0244235	0.260935
2015-03-05 00:00:00	0	-0.568975	0.973971	0	-0.355484	-0.00924117	0.0320112	0	0.320122	0	0	0	0	0	-0.399318	-0.0132944	0.0206347	0	0	0.0863644	0.0396329	0	0	0.177364	-0.0200671	0.283721
2015-03-06 00:00:00	-0.803852	-0.0244214	0.925392	0	-0.159883	-0.00802115	0.0258333	0	0.221446	0	0	0	0	0	-0.182017	-0.0132911	0.0206198	0	0	0.0741605	0.0360014	0	0	0.177834	-0.0179211	0.271879
2015-03-07 00:00:00	-6.45758	1.19141	1.03187	0	0.985696	-0.0324681	0.111695	0	1.00606	0	0	0	0	0	1.60816	-0.0132962	0.0206303	0	0	0.0724584	0.0347927	0	0	0.175195	-0.0241417	-0.289516
2015-03-08 00:00:00	-3.54235	-0.00195151	0.935639	0	-0.0273847	-0.0383044	0.131996	0	1.45337	0	0	0	0	0	0.735102	-0.013304	0.0206749	0	0	0.0796211	0.0367695	0	0	0.172745	-0.0309176	-0.0882892
2015-03-09 00:00:00	-1.10665	-0.188405	0.925693	0	-0.429755	-0.0144737	0.0485254	0	0.730029	0	0	0	0	0	-0.143553	-0.0133025	0.0206818	0	0	0.0756002	0.0354177	0	0	0.17541	-0.0248582	0.0903598
2015-03-10 00:00:00	-0.229327	-0.538218	0.872927	0	-0.267547	-0.00790679	0.0283436	0	0.321853	0	0	0	0	0	-0.207767	-0.0133029	0.020665	0	0	0.0667331	0.0326013	0	0	0.177518	-0.0191633	0.237408
2015-03-11 00:00:00	-1.25368	0.375778	0.872483	0	-0.124021	-0.00664955	0.0230878	0	0.206381	0	0	0	0	0	-0.100744	-0.0132999	0.0206493	0	0	0.0582632	0.0301514	0	0	0.177843	-0.0174796	0.248758
2015-03-12 00:00:00	-16.3792	0.320916	1.02752	0	1.99441	-0.134733	0.477533	0	4.88786	0	0	0	0	0	5.93112	-0.0133291	0.0207456	0	0	0.082102	0.0375164	0	0	0.165998	-0.0448613	-1.62639
2015-03-13 00:00:00	-2.93374	-0.00427621	0.956741	0	-0.872099	-0.0524237	0.175842	0	2.61171	0	0	0	0	0	-0.130456	-0.0133646	0.0208296	0	0	0.108075	0.045218	0	0	0.172063	-0.0380002	0.0461181
2015-03-14 00:00:00	0	-0.838296	0.912133	0	-0.657708	-0.0202382	0.0705266	0	0.956724	0	0	0	0	0	-0.57644	-0.0133686	0.0208261	0	0	0.0992975	0.0423971	0	0	0.179143	-0.0266885	0.148309
2015-03-15 00:00:00	0	-0.339319	0.881987	0	-0.328098	-0.00991547	0.0314053	0	0.336877	0	0	0	0	0	-0.500138	-0.013366	0.0208145	0	0	0.0853509	0.0384113	0	0	0.181658	-0.0212158	0.36445
2015-03-16 00:00:00	-1.0268	0.0726796	1.04727	0	-0.186435	-0.00796199	0.0275145	0	0.226384	0	0	0	0	0	-0.201973	-0.0133606	0.0207912	0	0	0.0718955	0.034674	0	0	0.182397	-0.0189039	0.228174
2015-03-17 00:00:00	-0.970909	0.0473318	0.947766	0	-0.149122	-0.00724193	0.0265905	0	0.217016	0	0	0	0	0	-0.0786052	-0.0133564	0.0207773	0	0	0.0632143	0.0320607	0	0	0.182042	-0.0180172	0.299547
2015-03-18 00:00:00	-0.114545	-0.425503	1.07344	0	-0.364789	-0.00519581	0.0190869	0	0.156146	0	0	0	0	0	-0.153966	-0.0133531	0.0207652	0	0	0.0560966	0.0300299	0	0	0.181497	-0.0171826	0.442529
2015-03-19 00:00:00	-0.0408013	-0.247536	1.24045	0	-0.528385	-0.00183772	0.00419023	0	0.0483388	0	0	0	0	0	-0.233711	-0.0133454	0.0207428	0	0	0.0461183	0.0271654	0	0	0.181196	-0.0152828	0.487297
2015-03-20 00:00:00	-0.219179	-0.155183	1.11405	0	-0.260203	-0.0015557	0.00357383	0	0.0252802	0	0	0	0	0	-0.0883147	-0.0133352	0.0207172	0	0	0.038153	0.0245145	0	0	0.180375	-0.0143755	0.654514
2015-03-21 00:00:00	0	-0.146793	0.936195	0	-0.357472	-0.00242849	0.0053591	0	0.0391193	0	0	0	0	0	-0.0741937	-0.0133289	0.0207002	0	0	0.033581	0.0229167	0	0	0.178976	-0.0141784	0.628453
2015-03-22 00:00:00	0	-0.161577	1.02096	0	-0.195441	-0.00080818	0.00182703	0	0.0157983	0	0	0	0	0	-0.192429	-0.0133146	0.0206596	0	0	0.0278062	0.0207668	0	0	0.178108	-0.0136063	0.708745
2015-03-23 00:00:00	0	-0.173663	1.08431	0	-0.244699	-0.00210949	0.00438859	0	0.0283826	0	0	0	0	0	-0.0956637	-0.0133116	0.0206437	0	0	0.0253898	0.0197963	0	0	0.176401	-0.0134587	0.81641
2015-03-24 00:00:00	-0.0953666	-0.121263	0.962658	0	-0.109965	-0.001385	0.00344534	0	0.0228038	0	0	0	0	0	-0.0752842	-0.0133037	0.0206175	0	0	0.0224931	0.0186198	0	0	0.175023	-0.0131756	0.795918
2015-03-25 00:00:00	-0.164613	-0.0834491	0.975429	0	-0.075791	-0.000397141	0.00227489	0	0.0133919	0	0	0	0	0	-0.0717819	-0.013291	0.0205811	0	0	0.020122	0.0176584	0	0	0.174043	-0.0125265	0.801651
2015-03-26 00:00:00	-4.41548	1.30539	1.15949	0	0.47634	-0.00601083	0.0266952	0	0.0753027	0	0	0	0	0	0.909131	-0.0132943	0.02059	0	0	0.0234133	0.0184147	0	0	0.172466	-0.0122891	-0.25985
2015-03-27 00:00:00	-0.794803	-0.595995	1.11355	0	0.0444144	-0.00521971	0.021053	0	0.116808	0	0	0	0	0	0.180587	-0.0132938	0.0205891	0	0	0.0283161	0.0201165	0	0	0.171649	-0.0130644	0.294707
2015-03-28 00:00:00	-8.30799	1.34013	1.28102	0	1.21303	-0.0258652	0.113048	0	0.625627	0	0	0	0	0	2.29569	-0.0133082	0.0206357	0	0	0.0408489	0.0250915	0	0	0.170513	-0.0150363	-1.23657
2015-03-29 00:00:00	-2.83501	0.0697955	1.25666	0	0.108167	-0.0219792	0.0849627	0	0.641544	0	0	0	0	0	0.39456	-0.0133217	0.0206828	0	0	0.0570582	0.0312918	0	0	0.169534	-0.0192169	-0.0552793
2015-03-30 00:00:00	-7.69811	0.331147	1.21457	0	1.08239	-0.0489688	0.17973	0	1.46045	0	0	0	0	0	2.11973	-0.0133387	0.0207166	0	0	0.0638587	0.033403	0	0	0.166029	-0.0300962	-1.11848
2015-03-31 00:00:00	-2.82507	-0.115396	1.24919	0	-0.153933	-0.0274038	0.0828512	0	1.22888	0	0	0	0	0	0.198765	-0.0133479	0.0207287	0	0	0.0673048	0.0335495	0	0	0.167808	-0.0295881	-0.115661
2015-04-01 00:00:00	-1.15336	-0.381919	1.21839	0	-0.336429	-0.0111594	0.0352793	0	0.614635	0	0	0	0	0	-0.153588	-0.0133446	0.0207107	0	0	0.0616925	0.0309203	0	0	0.171855	-0.0217746	0.0819087
2015-04-02 00:00:00	-3.31114	-0.304414	1.41286	0	0.0287328	-0.0120788	0.0365122	0	1.00637	0	0	0	0	0	0.711684	-0.0133438	0.0206942	0	0	0.0591845	0.028756	0	0	0.17266	-0.0182975	-0.181814
2015-04-03 00:00:00	-4.15632	0.729077	1.39793	0	0.355345	-0.0206546	0.0701506	0	0.871236	0	0	0	0	0	0.540698	-0.0133477	0.0206967	0	0	0.0599887	0.0281065	0	0	0.172504	-0.0202156	0.0351975
2015-04-04 00:00:00	-0.109131	-0.983246	1.51959	0	-0.628049	-0.0104913	0.0372065	0	0.459142	0	0	0	0	0	-0.323435	-0.0133469	0.0206931	0	0	0.0584477	0.0281862	0	0	0.172396	-0.0215166	0.206443
2015-04-05 00:00:00	0	-0.422603	1.8778	0	-1.07572	-0.00165595	0.00271912	0	0.0694219	0	0	0	0	0	-0.323636	-0.0133334	0.0206557	0	0	0.045113	0.0252961	0	0	0.174478	-0.0158133	0.362726
2015-04-06 00:00:00	-0.72651	-0.314308	2.23846	0	-0.34421	-0.00285807	0.0060124	0	0.0463075	0	0	0	0	0	-0.382719	-0.0133314	0.0206483	0	0	0.0406124	0.0239105	0	0	0.173232	-0.0143297	0.75092
2015-04-07 00:00:00	-0.0845553	-0.224745	1.46462	0	-0.423373	-0.00131107	0.00187801	0	0.0331288	0	0	0	0	0	-0.301561	-0.0133195	0.0206202	0	0	0.0333488	0.0214633	0	0	0.172203	-0.0139176	0.684476
2015-04-08 00:00:00	-0.597302	-0.389002	3.0161	0	-0.623093	-0.000587284	0.000331128	0	0.014369	0	0	0	0	0	-0.442347	-0.0132987	0.0205738	0	0	0.025143	0.0184015	0	0	0.17143	-0.0131865	1.18753
2015-04-09 00:00:00	-0.0545653	-0.0998127	2.42869	0	-0.257056	-6.40794E-05	0.000357104	0	0.00401604	0	0	0	0	0	-0.675291	-0.0132893	0.0205582	0	0	0.020802	0.0166465	0	0	0.169546	-0.0119782	1.54856
2015-04-10 00:00:00	-0.0545653	-0.003695	2.46885	0	-0.318941	0	1.22432E-05	0	0.0017634	0	0	0	0	0	-0.519885	-0.0132593	0.0205053	0	0	0.0149293	0.0140421	0	0	0.168142	-0.0114946	1.7664
2015-04-11 00:00:00	-2.57756	0.696433	1.53531	0	0.194259	-7.53457E-05	0.000631307	0	0.00109569	0	0	0	0	0	0.116696	-0.0132557	0.0204934	0	0	0.0144147	0.0141631	0	0	0.166129	-0.011174	0.157562
2015-04-12 00:00:00	-6.33091	1.09094	1.44846	0	0.906725	-0.00322217	0.0178318	0	0.038522	0	0	0	0	0	1.53297	-0.0132667	0.0205272	0	0	0.0212154	0.0163789	0	0	0.164118	-0.0112779	-1.10098
2015-04-13 00:00:00	-2.71	-0.578896	1.61584	0	0.480542	-0.00353223	0.0177263	0	0.128443	0	0	0	0	0	0.686877	-0.0132661	0.0205245	0	0	0.0291346	0.0188588	0	0	0.163785	-0.0119845	-0.155946
2015-04-14 00:00:00	-0.143872	-0.563214	1.78548	0	-0.476094	-0.000951927	0.00441524	0	0.138382	0	0	0	0	0	-0.277431	-0.0132552	0.0205006	0	0	0.0283364	0.0185419	0	0	0.163309	-0.0119723	0.672175
2015-04-15 00:00:00	-2.71613	0.680107	1.70485	0	0.172104	-0.00191266	0.0081751	0	0.0400183	0	0	0	0	0	0.186857	-0.0132465	0.0204782	0	0	0.0255474	0.0181125	0	0	0.162452	-0.0116307	0.275782
2015-04-16 00:00:00	-0.769328	-0.759175	2.2625	0	-0.170872	-0.00179953	0.00745318	0	0.0569303	0	0	0	0	0	-0.150362	-0.0132376	0.0204576	0	0	0.0246968	0.0179239	0	0	0.161268	-0.0118697	0.674583
2015-04-17 00:00:00	-0.0545653	-0.317011	1.72466	0	-0.229337	-0.000253315	0.000957343	0	0.0210608	0	0	0	0	0	-0.397808	-0.0132188	0.0204154	0	0	0.0204353	0.0161774	0	0	0.160309	-0.0116473	0.940169
2015-04-18 00:00:00	0	-0.193568	2.21653	0	-0.564107	-0.000384496	0.000126378	0	0.0117412	0	0	0	0	0	-0.335489	-0.0132016	0.020381	0	0	0.0164765	0.0145636	0	0	0.15883	-0.011449	1.32045
2015-04-19 00:00:00	-0.281603	-0.0396891	1.43602	0	-0.0592055	-3.2796E-05	0.000115748	0	0.00304449	0	0	0	0	0	-0.363975	-0.0131932	0.020359	0	0	0.0144649	0.013791	0	0	0.157192	-0.0110961	0.876189
2015-04-20 00:00:00	-0.0446534	-0.0160339	1.77739	0	-0.121611	-4.12669E-05	0.000160387	0	0.00094338	0	0	0	0	0	-0.394751	-0.0131807	0.0203202	0	0	0.0125162	0.0127965	0	0	0.155398	-0.0107184	1.37853
2015-04-21 00:00:00	0	0	3.5354	0	-0.228804	-1.53931E-06	5.28363E-05	0	0.000131058	0	0	0	0	0	-0.974391	-0.0131178	0.0202757	0	0	0.00911295	0.0108865	0	0	0.153547	-0.0105052	2.50258
2015-04-22 00:00:00	-0.0545653	0	3.28087	0	-0.066344	-7.90404E-06	7.45941E-05	0	0	0	0	0	0	0	-0.841213	-0.0130931	0.0202376	0	0	0.00641589	0.00937024	0	0	0.15161	-0.0102471	2.4831
2015-04-23 00:00:00	0	0	2.56487	0	-0.0138368	-2.47619E-05	9.88564E-05	0	0	0	0	0	0	0	-0.650748	-0.0130656	0.0201997	0	0	0.00509749	0.0085589	0	0	0.149448	-0.00999981	2.0606
2015-04-24 00:00:00	-1.13644	0	2.12338	0	0.0412467	-7.60989E-05	0.000137843	0	0	0	0	0	0	0	-0.123652	-0.0130454	0.0201745	0	0	0.00535587	0.00887614	0	0	0.147506	-0.0098466	1.06362
2015-04-25 00:00:00	-4.55524	1.19303	1.78747	0	0.15367	-0.000102755	0.00102852	0	0	0	0	0	0	0	0.628127	-0.0130288	0.0201773	0	0	0.00722041	0.00975885	0	0	0.145711	-0.00981574	-0.631997
2015-04-26 00:00:00	-2.06179	-0.403838	1.59044	0	0.260932	-0.000186855	0.00352382	0	0.00521511	0	0	0	0	0	0.469299	-0.0130251	0.020162	0	0	0.00851535	0.0103157	0	0	0.144321	-0.00993572	0.0239525
2015-04-27 00:00:00	-1.57883	-0.0183413	1.58489	0	0.0566842	-3.94629E-05	0.0011821	0	0.0292913	0	0	0	0	0	0.154404	-0.0130135	0.0201344	0	0	0.00996568	0.0110492	0	0	0.14347	-0.0100587	0.390787
2015-04-28 00:00:00	-1.69922	-0.021363	1.74357	0	0.119277	-0.000131516	0.00212329	0	0.0180779	0	0	0	0	0	0.0141534	-0.0129904	0.0201017	0	0	0.0109796	0.0116831	0	0	0.14271	-0.0100441	0.338925
2015-04-29 00:00:00	-4.99551	1.08222	1.83156	0	0.24759	-0.000263376	0.0030003	0	0.0428928	0	0	0	0	0	0.799465	-0.0129906	0.0200932	0	0	0.0116734	0.0120443	0	0	0.141245	-0.0101828	-0.827166
2015-04-30 00:00:00	-1.46383	-0.317247	1.80951	0	-0.0241136	-0.000361171	0.00169072	0	0.0299333	0	0	0	0	0	0.108489	-0.0129787	0.0200668	0	0	0.0127775	0.0127534	0	0	0.140804	-0.0103368	0.30716
2015-05-01 00:00:00	-1.99915	0.121657	1.75089	0	0.10739	-0.000465435	0.00260701	0	0.0325009	0	0	0	0	0	0.0824899	-0.0129709	0.0200374	0	0	0.0130589	0.0126977	0	0	0.139779	-0.0103065	0.260214
2015-05-02 00:00:00	-0.710729	-0.706455	1.67016	0	-0.0503272	-0.000376431	0.00199807	0	0.0284295	0	0	0	0	0	0.0328822	-0.0129611	0.0200096	0	0	0.013101	0.0128079	0	0	0.138999	-0.0103423	0.427191
2015-05-03 00:00:00	-7.68791	1.0438	1.99978	0	0.63812	-0.00811376	0.0312555	0	0.110027	0	0	0	0	0	1.98016	-0.0129795	0.0200421	0	0	0.0181699	0.0151372	0	0	0.137905	-0.0123133	-1.72692
2015-05-04 00:00:00	-1.29744	-0.389483	2.19	0	-0.173834	-0.00647886	0.0204438	0	0.115648	0	0	0	0	0	-0.189089	-0.0129873	0.0200548	0	0	0.0232755	0.0184491	0	0	0.137505	-0.0151282	0.440937
2015-05-05 00:00:00	-6.65025	0.434536	2.13556	0	0.819956	-0.0183787	0.0682536	0	0.304243	0	0	0	0	0	1.69182	-0.0129928	0.0200764	0	0	0.0273767	0.0210499	0	0	0.137196	-0.0173272	-1.03888
2015-05-06 00:00:00	-8.26232	0.498569	2.14816	0	0.619748	-0.0320116	0.138402	0	0.789605	0	0	0	0	0	2.16892	-0.0130139	0.0201372	0	0	0.0390703	0.0270007	0	0	0.137436	-0.0237246	-1.74403
2015-05-07 00:00:00	-0.204497	-1.18353	1.93592	0	-0.475444	-0.0112918	0.043661	0	0.39462	0	0	0	0	0	-0.417607	-0.0130146	0.0201446	0	0	0.0436525	0.028898	0	0	0.141234	-0.0205467	0.282198
2015-05-08 00:00:00	-1.72786	0.023908	2.30011	0	-0.149747	-0.00658108	0.0227224	0	0.126709	0	0	0	0	0	-0.262457	-0.0130039	0.0201209	0	0	0.0391254	0.0270389	0	0	0.143693	-0.0147117	0.529065
2015-05-09 00:00:00	-5.4107	1.06827	2.18287	0	0.531745	-0.0116415	0.0640301	0	0.304223	0	0	0	0	0	0.819445	-0.012999	0.0201113	0	0	0.0382543	0.0259431	0	0	0.143311	-0.0158493	-0.252989
2015-05-10 00:00:00	-4.40976	0.12476	2.4268	0	0.121595	-0.0146269	0.0698982	0	0.51748	0	0	0	0	0	0.666205	-0.0130007	0.0201139	0	0	0.0406291	0.0264482	0	0	0.142326	-0.0199838	-0.301117
2015-05-11 00:00:00	-5.09369	0.0336173	2.63083	0	0.138586	-0.021129	0.0835862	0	0.663657	0	0	0	0	0	0.903147	-0.0130065	0.0201296	0	0	0.0445663	0.0279604	0	0	0.142692	-0.020616	-0.459672
2015-05-12 00:00:00	-0.583265	-1.17705	2.34929	0	-0.395442	-0.00705606	0.0283476	0	0.31315	0	0	0	0	0	-0.360843	-0.0130032	0.0201198	0	0	0.0441061	0.0278356	0	0	0.144507	-0.0181893	0.372512
2015-05-13 00:00:00	0	-0.485793	2.19502	0	-0.810244	-0.00136411	0.0025192	0	0.0506075	0	0	0	0	0	-0.620084	-0.0129876	0.0200833	0	0	0.0356724	0.0245884	0	0	0.145938	-0.0144143	0.529543
2015-05-14 00:00:00	0	-0.332761	1.99458	0	-0.831762	-0.000990826	0.000574155	0	0.0161471	0	0	0	0	0	-0.306762	-0.0129719	0.0200476	0	0	0.0286184	0.02127	0	0	0.145802	-0.012946	0.728848
2015-05-15 00:00:00	-1.14568	-0.215375	2.51368	0	0.00570618	-0.000654863	0.00114904	0	0.00927076	0	0	0	0	0	-0.515449	-0.0129731	0.0200291	0	0	0.0251133	0.0196463	0	0	0.145236	-0.0120713	0.837632
2015-05-16 00:00:00	-1.88101	0.0608375	2.33767	0	-0.0311556	-0.00219612	0.00337875	0	0.0252111	0	0	0	0	0	-0.0561099	-0.0129623	0.0200117	0	0	0.0229857	0.0185773	0	0	0.144094	-0.0124411	0.636894
2015-05-17 00:00:00	-6.25739	1.47739	2.42471	0	0.709242	-0.00358149	0.010019	0	0.0710338	0	0	0	0	0	1.02853	-0.0129585	0.0199961	0	0	0.0230597	0.0180184	0	0	0.143543	-0.0123358	-0.360725
2015-05-18 00:00:00	-4.47804	0.306185	2.38045	0	0.514446	-0.00587073	0.0201035	0	0.185297	0	0	0	0	0	0.688651	-0.0129603	0.0199825	0	0	0.0262707	0.0181264	0	0	0.143134	-0.013671	-0.207895
2015-05-19 00:00:00	-2.66192	-0.245071	2.32741	0	0.0650955	-0.00739016	0.0185426	0	0.274389	0	0	0	0	0	0.204912	-0.0129571	0.0199642	0	0	0.0270389	0.0181574	0	0	0.14273	-0.0153586	0.15554
2015-05-20 00:00:00	0	-1.14918	2.37728	0	-0.602985	-0.00243329	0.00491973	0	0.12713	0	0	0	0	0	-0.382282	-0.0129491	0.0199387	0	0	0.0255116	0.0179221	0	0	0.14308	-0.0141354	0.551816
2015-05-21 00:00:00	-2.0041	-0.0974602	2.5275	0	0.0195249	-0.000866837	0.00179013	0	0.026892	0	0	0	0	0	-0.135042	-0.0129361	0.0198999	0	0	0.0221883	0.0172841	0	0	0.143309	-0.0123222	0.515666
2015-05-22 00:00:00	0	-0.347019	2.52325	0	-0.675809	-0.0012733	0.00127684	0	0.0274777	0	0	0	0	0	-0.663713	-0.0129247	0.019875	0	0	0.0194654	0.0160037	0	0	0.142205	-0.0118128	1.037
2015-05-23 00:00:00	0	-0.379555	4.57561	0	-0.66804	-0.000505773	0.00021335	0	0.00866259	0	0	0	0	0	-1.57965	-0.0129054	0.0198277	0	0	0.0125694	0.0127199	0	0	0.141543	-0.0114271	2.11906
2015-05-24 00:00:00	-1.26496	0	2.51305	0	0.0140779	-7.30855E-06	0.000158694	0	0.00410912	0	0	0	0	0	-0.294043	-0.0128817	0.0197903	0	0	0.0100476	0.0116613	0	0	0.140406	-0.0104579	1.13095
2015-05-25 00:00:00	0	0	2.2806	0	-0.244154	-1.96523E-07	2.2579E-06	0	0.0017621	0	0	0	0	0	-0.523331	-0.0128449	0.0197401	0	0	0.00856752	0.0108726	0	0	0.13944	-0.0100342	1.67062
2015-05-26 00:00:00	0	0	2.21105	0	-0.0340853	0	1.63338E-05	0	0.000659719	0	0	0	0	0	-0.806331	-0.0128393	0.0196995	0	0	0.00719447	0.0100625	0	0	0.13845	-0.0098403	1.52404
2015-05-27 00:00:00	-5.55387	1.32805	2.54103	0	0.203155	-6.26428E-05	0.000459982	0	0.000535162	0	0	0	0	0	0.752654	-0.0128421	0.0197019	0	0	0.00987635	0.0109402	0	0	0.137138	-0.0096894	-0.572935
2015-05-28 00:00:00	-6.65524	0.885983	2.52663	0	0.758027	-0.000331354	0.00427027	0	0.022867	0	0	0	0	0	1.38209	-0.0128479	0.0196978	0	0	0.0129396	0.0120194	0	0	0.136444	-0.00994208	-0.917385
2015-05-29 00:00:00	-0.14002	-1.39542	2.36621	0	-0.186945	-0.000101798	0.00108576	0	0.0364657	0	0	0	0	0	-0.275624	-0.0128435	0.0196792	0	0	0.0157646	0.013311	0	0	0.136074	-0.010314	0.567315
2015-05-30 00:00:00	-1.34412	-0.176192	2.39362	0	-0.152998	-1.36218E-05	0.000141667	0	0.0097247	0	0	0	0	0	-0.0955797	-0.0128258	0.0196378	0	0	0.0142792	0.0134403	0	0	0.135564	-0.0101424	0.794541
2015-05-31 00:00:00	-8.63673	1.71761	2.46287	0	0.97106	-0.005447	0.0273045	0	0.0898747	0	0	0	0	0	1.82987	-0.0128379	0.0196887	0	0	0.0209821	0.0159801	0	0	0.134267	-0.0104946	-1.376
2015-06-01 00:00:00	-6.98572	0.20567	2.39398	0	0.363087	-0.0190881	0.083543	0	0.431154	0	0	0	0	0	1.79078	-0.012856	0.0197535	0	0	0.0358155	0.0232573	0	0	0.134397	-0.0129262	-1.54915
2015-06-02 00:00:00	-0.196148	-1.46763	2.54341	0	-0.461611	-0.00671438	0.0323682	0	0.215385	0	0	0	0	0	-0.378752	-0.012856	0.0197596	0	0	0.0413788	0.0263034	0	0	0.135067	-0.0126189	0.477339
2015-06-03 00:00:00	-0.194585	-0.482128	2.53732	0	-0.508669	-0.000372382	0.000735739	0	0.0119392	0	0	0	0	0	-0.733217	-0.0128479	0.0197124	0	0	0.0335461	0.0233851	0	0	0.135069	-0.0116855	0.818206
2015-06-04 00:00:00	-0.109131	-0.436532	2.75164	0	-0.622989	-0.000515837	0.00030279	0	0.00738895	0	0	0	0	0	-0.601346	-0.0128434	0.0196574	0	0	0.0254599	0.0196374	0	0	0.134443	-0.0114203	1.16375
2015-06-05 00:00:00	-0.0893068	-0.172747	2.58414	0	-0.147568	-0.000196118	7.45646E-05	0	0.00447236	0	0	0	0	0	-0.997893	-0.0128354	0.0196312	0	0	0.0202089	0.0172502	0	0	0.133607	-0.0109195	1.34792
2015-06-06 00:00:00	-1.22554	0.155896	2.55097	0	-0.0261248	-0.000154759	8.5176E-05	0	0.00379913	0	0	0	0	0	-0.527746	-0.0128235	0.0196064	0	0	0.0160783	0.015223	0	0	0.132347	-0.0104527	1.09117
2015-06-07 00:00:00	-0.0446534	-0.16273	2.45002	0	-0.0733554	-0.000139224	8.54335E-05	0	0.00356379	0	0	0	0	0	-0.783609	-0.0128037	0.0195743	0	0	0.0128862	0.0135751	0	0	0.131265	-0.0102101	1.54347
2015-06-08 00:00:00	0	0	2.49183	0	-0.0617372	0	7.34335E-05	0	0.00105859	0	0	0	0	0	-0.82891	-0.0127871	0.0195427	0	0	0.0102922	0.0122088	0	0	0.129988	-0.00980114	1.75176
2015-06-09 00:00:00	-0.0545653	0	3.72264	0	-0.080571	0	1.95284E-05	0	9.45535E-05	0	0	0	0	0	-1.29215	-0.0127498	0.0195056	0	0	0.00738783	0.0104476	0	0	0.128584	-0.00951715	2.43912
2015-06-10 00:00:00	0	0	4.10163	0	-0.0453916	0	0	0	0	0	0	0	0	0	-1.48326	-0.0127011	0.0194619	0	0	0.00496398	0.00874527	0	0	0.127018	-0.00925649	2.71121
2015-06-11 00:00:00	0	0	3.46503	0	-0.0148624	0	7.35401E-06	0	0	0	0	0	0	0	-1.24634	-0.012653	0.0194049	0	0	0.00342136	0.00761971	0	0	0.125262	-0.00899663	2.3379
2015-06-12 00:00:00	-0.988485	0	4.04427	0	-0.00682621	0	3.69756E-05	0	0	0	0	0	0	0	-1.10483	-0.0126026	0.01934	0	0	0.00272234	0.0069451	0	0	0.123246	-0.0088099	2.07501
2015-06-13 00:00:00	-0.933061	0	2.59798	0	0.0106318	0	0.000111388	0	0	0	0	0	0	0	-0.563212	-0.0125642	0.0193178	0	0	0.00276008	0.00695054	0	0	0.121532	-0.00867513	1.24177
2015-06-14 00:00:00	-2.30307	0.0113884	2.54973	0	0.0373425	0	0.000186413	0	0	0	0	0	0	0	0.0275279	-0.0125649	0.0192924	0	0	0.00348445	0.00761042	0	0	0.120216	-0.00862613	0.452515
2015-06-15 00:00:00	-0.814663	-0.0113884	2.87794	0	-0.0124134	0	8.43446E-05	0	0	0	0	0	0	0	-0.791804	-0.0125478	0.0192514	0	0	0.00350198	0.0075628	0	0	0.119073	-0.00865863	1.37594
2015-06-16 00:00:00	-0.4	0	2.72341	0	0.0125595	-1.50452E-05	0.000212417	0	0	0	0	0	0	0	-0.962084	-0.012515	0.019234	0	0	0.00325222	0.00730089	0	0	0.117552	-0.00860595	1.5003
2015-06-17 00:00:00	-1.49241	0	2.88805	0	-0.0233947	0	8.74857E-07	0	0	0	0	0	0	0	-0.340291	-0.0124964	0.0191795	0	0	0.00346439	0.00755821	0	0	0.116594	-0.00853161	1.15772
2015-06-18 00:00:00	0	0	2.45264	0	-0.00964556	0	4.8308E-05	0	0	0	0	0	0	0	-1.09587	-0.0124913	0.0191442	0	0	0.00309565	0.00714027	0	0	0.115401	-0.00852879	1.47093
2015-06-19 00:00:00	-0.239239	0	2.58082	0	-0.00616124	0	6.81683E-05	0	0	0	0	0	0	0	-0.97457	-0.012469	0.0191054	0	0	0.00277039	0.00682129	0	0	0.113992	-0.00843675	1.4827
2015-06-20 00:00:00	-1.07686	0	2.824	0	0.00326379	0	0.000137124	0	0	0	0	0	0	0	-0.700823	-0.0124217	0.0190559	0	0	0.00248915	0.00650714	0	0	0.11273	-0.00836	1.16972
2015-06-21 00:00:00	-1.34112	0.0511572	2.71821	0	0.0324308	0	0.000415287	0	0	0	0	0	0	0	-0.622582	-0.0124055	0.0190195	0	0	0.00233711	0.00628871	0	0	0.111385	-0.0082798	0.956859
2015-06-22 00:00:00	-2.90183	0.655451	2.85087	0	0.00116492	0	0.000236048	0	0	0	0	0	0	0	-0.195823	-0.012383	0.0189869	0	0	0.00227	0.00616664	0	0	0.110462	-0.00821997	0.52736
2015-06-23 00:00:00	0	-0.706639	2.92906	0	-0.0441345	0	3.90256E-05	0	0	0	0	0	0	0	-0.86226	-0.012351	0.0189349	0	0	0.00213312	0.00599276	0	0	0.110007	-0.00819284	1.43259
2015-06-24 00:00:00	-1.01373	0	2.96749	0	0.00310504	0	8.08134E-05	0	0	0	0	0	0	0	-1.02382	-0.0123375	0.018882	0	0	0.00187308	0.00559422	0	0	0.108908	-0.00815227	1.04789
2015-06-25 00:00:00	-2.16949	0.013665	3.14169	0	0.0154237	0	0.000226051	0	0	0	0	0	0	0	-0.428122	-0.012311	0.0188555	0	0	0.00176141	0.00538519	0	0	0.107697	-0.00807952	0.686702
2015-06-26 00:00:00	-0.710012	-0.013665	2.93327	0	-0.0119868	0	8.65134E-05	0	0	0	0	0	0	0	-0.978083	-0.0122897	0.0188208	0	0	0.00164699	0.00521332	0	0	0.106828	-0.00803309	1.3318
2015-06-27 00:00:00	0	0	2.72928	0	-0.0175444	0	3.78153E-05	0	0	0	0	0	0	0	-1.2417	-0.0122742	0.018778	0	0	0.00154559	0.00508642	0	0	0.106011	-0.00799049	1.58122
2015-06-28 00:00:00	-3.96291	0.844016	3.17258	0	0.0351698	0	0.000396094	0	0	0	0	0	0	0	-0.0560325	-0.0122543	0.018754	0	0	0.00156225	0.00496293	0	0	0.104965	-0.00794442	0.143267
2015-06-29 00:00:00	-0.0854547	-0.838287	3.0138	0	0.00455854	0	0.000638354	0	0	0	0	0	0	0	-1.01058	-0.0122368	0.0187314	0	0	0.001529	0.00484085	0	0	0.10416	-0.00790121	1.1938
2015-06-30 00:00:00	-0.0545653	-0.00573179	3.15951	0	-0.0221344	0	3.31757E-05	0	0	0	0	0	0	0	-1.49189	-0.0121895	0.0186747	0	0	0.00140302	0.0048307	0	0	0.103703	-0.00787524	1.69377
2015-07-01 00:00:00	0	0	3.73047	0	-0.0709823	0	1.42429E-06	0	0	0	0	0	0	0	-1.68244	-0.0121785	0.0186252	0	0	0.00115572	0.00446447	0	0	0.10263	-0.00783366	2.08391
2015-07-02 00:00:00	-1.01238	0	3.07423	0	0.00743836	0	0	0	0	0	0	0	0	0	-1.21364	-0.012168	0.0185973	0	0	0.00103437	0.00412419	0	0	0.10175	-0.00777421	0.961215
2015-07-03 00:00:00	-0.0545653	0	4.07582	0	-0.0139733	0	0	0	0	0	0	0	0	0	-2.04721	-0.0121175	0.0185578	0	0	0.000837146	0.00372431	0	0	0.100711	-0.00771224	2.06408
2015-07-04 00:00:00	-9.18378	2.10445	3.17189	0	0.135784	0	0.00125765	0	0	0	0	0	0	0	1.66046	-0.0121128	0.0185376	0	0	0.00107128	0.00367709	0	0	0.0997201	-0.0076427	-2.00669
2015-07-05 00:00:00	-0.467412	-1.29008	3.00337	0	-0.0110531	0	0.000742847	0	0	0	0	0	0	0	-0.589441	-0.0121071	0.0185078	0	0	0.00125495	0.0037341	0	0	0.0995455	-0.00763122	0.74943
2015-07-06 00:00:00	-4.65039	1.2678	3.04209	0	0.0313062	0	0.000831769	0	0	0	0	0	0	0	0.123634	-0.0120929	0.0184738	0	0	0.00137103	0.00380962	0	0	0.0990953	-0.00762508	-0.0816984
2015-07-07 00:00:00	-2.23512	-0.409246	3.36977	0	0.00863617	0	0.000651462	0	6.93628E-07	0	0	0	0	0	-0.483737	-0.0120732	0.0184433	0	0	0.00148246	0.00382131	0	0	0.0987677	-0.00761817	0.353784
2015-07-08 00:00:00	-2.80445	0.283833	2.94121	0	0.000494836	0	0.00056772	0	0	0	0	0	0	0	-0.264144	-0.012051	0.0184149	0	0	0.0015382	0.00386927	0	0	0.0983798	-0.00760277	0.260067
2015-07-09 00:00:00	0	-1.30293	2.91782	0	-0.0253797	0	0.000384834	0	0.00012956	0	0	0	0	0	-0.937117	-0.0120339	0.0183842	0	0	0.00157968	0.00390411	0	0	0.0980092	-0.00759282	0.755159
2015-07-10 00:00:00	-1.14518	-0.234904	2.99336	0	-0.00460465	0	0.000174319	0	5.35674E-05	0	0	0	0	0	-0.856869	-0.0119965	0.0183446	0	0	0.00149396	0.00394146	0	0	0.0975515	-0.007576	0.853786
2015-07-11 00:00:00	-1.03605	-0.20093	3.1513	0	-0.00607541	0	0.000196	0	7.22187E-05	0	0	0	0	0	-1.09058	-0.0119662	0.0183056	0	0	0.00140467	0.00391974	0	0	0.096975	-0.0075537	0.919019
2015-07-12 00:00:00	-0.14002	-0.150457	2.7534	0	-0.0305175	0	5.05335E-05	0	7.82309E-05	0	0	0	0	0	-1.43989	-0.0119312	0.0182664	0	0	0.00129063	0.00407669	0	0	0.096534	-0.00753118	1.09335
2015-07-13 00:00:00	-3.98705	1.14983	2.96806	0	-0.00249265	0	3.10925E-05	0	0	0	0	0	0	0	-0.00778657	-0.0119323	0.0182256	0	0	0.00130965	0.00413076	0	0	0.0957707	-0.00750809	0.220593
2015-07-14 00:00:00	0	-1.18462	2.82555	0	-0.00725085	0	0.000138485	0	0	0	0	0	0	0	-1.06674	-0.0119227	0.0181762	0	0	0.00124246	0.0039449	0	0	0.0955018	-0.00750606	0.666513
2015-07-15 00:00:00	0	-0.0286581	2.55102	0	-0.0302053	0	3.18647E-05	0	0	0	0	0	0	0	-1.51221	-0.0119063	0.0181361	0	0	0.00114422	0.0039883	0	0	0.0948082	-0.00747356	1.07867
2015-07-16 00:00:00	0	-0.00434707	3.28738	0	-0.0371307	0	0	0	0	0	0	0	0	0	-1.97452	-0.0118695	0.0180834	0	0	0.000968313	0.00385202	0	0	0.0940794	-0.00744892	1.36904
2015-07-17 00:00:00	-8.51043	2.3038	3.17501	0	0.137419	0	0.00104517	0	0	0	0	0	0	0	1.18941	-0.0118553	0.0180482	0	0	0.00117256	0.00381276	0	0	0.0932795	-0.00740469	-1.60669
2015-07-18 00:00:00	-1.69786	-0.62857	3.08692	0	-0.00520183	0	0.000639031	0	0.000365799	0	0	0	0	0	-0.570537	-0.0118445	0.0180236	0	0	0.00126465	0.00383117	0	0	0.093229	-0.00739934	0.282865
2015-07-19 00:00:00	-3.31477	0.598022	2.90945	0	0.0130262	0	0.000500231	0	0.000398919	0	0	0	0	0	-0.281154	-0.0118372	0.0179856	0	0	0.00132405	0.00386995	0	0	0.0929517	-0.00739282	0.0223682
2015-07-20 00:00:00	-0.983992	-1.13818	2.89007	0	-0.00553894	0	0.000413969	0	0.000800982	0	0	0	0	0	-0.592213	-0.0118241	0.0179551	0	0	0.0013717	0.00392738	0	0	0.0926987	-0.00739274	0.26809
2015-07-21 00:00:00	-0.721568	-0.403729	2.84577	0	-0.0291622	0	8.06422E-05	0	0.000409591	0	0	0	0	0	-1.12445	-0.0117998	0.0179255	0	0	0.00133264	0.00395739	0	0	0.0923623	-0.00738068	0.663751
2015-07-22 00:00:00	0	-0.358817	2.51587	0	-0.0229554	0	1.98315E-05	0	1.1803E-05	0	0	0	0	0	-1.38926	-0.0117782	0.0178793	0	0	0.00120498	0.00416485	0	0	0.0920725	-0.00736347	0.841042
2015-07-23 00:00:00	-0.0893068	-0.229652	2.49131	0	-0.05486	0	4.88038E-05	0	3.34548E-05	0	0	0	0	0	-1.52777	-0.0117582	0.0178562	0	0	0.00111361	0.00411508	0	0	0.0914227	-0.00735418	0.685197
2015-07-24 00:00:00	-5.39513	1.62273	3.10843	0	0.0269907	0	6.77128E-05	0	5.35219E-05	0	0	0	0	0	0.425406	-0.0117386	0.0178203	0	0	0.00137855	0.00483605	0	0	0.0909417	-0.0073277	-0.115543
2015-07-25 00:00:00	-5.58635	0.708012	2.92073	0	0.0609662	0	0.000355203	0	0.000187124	0	0	0	0	0	0.837868	-0.0117272	0.0178082	0	0	0.00178622	0.00548823	0	0	0.0906138	-0.0073725	-0.961638
2015-07-26 00:00:00	-7.70682	0.797617	2.89582	0	0.168951	0	0.00177075	0	0.0105963	0	0	0	0	0	2.12961	-0.0117279	0.017785	0	0	0.00245004	0.00667175	0	0	0.0903352	-0.00751505	-1.60446
2015-07-27 00:00:00	-10.2477	0.37259	2.68655	0	0.212215	0	0.015469	0	0.0388629	0	0	0	0	0	3.66403	-0.0117475	0.0178011	0	0	0.00428131	0.00942511	0	0	0.0905638	-0.00783136	-3.15546
2015-07-28 00:00:00	-16.6276	0.039079	2.98708	0	0.318197	-2.49743E-05	0.0487526	0	0.120696	0	0	0	0	0	6.90162	-0.0118005	0.0178544	0	0	0.00808119	0.0137722	0	0	0.0908339	-0.00975881	-6.10324
2015-07-29 00:00:00	-3.6471	-0.0545378	2.96921	0	-0.0657163	-0.000420797	0.00782408	0	0.0788864	0	0	0	0	0	-0.176397	-0.0118313	0.0178619	0	0	0.0106898	0.0161493	0	0	0.0915952	-0.0102578	-0.774039
2015-07-30 00:00:00	-0.2	-2.04531	2.89228	0	-0.0335962	-0.000295616	0.00154529	0	0.0392734	0	0	0	0	0	-0.639042	-0.0118282	0.0178407	0	0	0.0100935	0.0154798	0	0	0.0920105	-0.00899353	0.129453
2015-07-31 00:00:00	-4.88888	1.55078	2.98969	0	0.00827232	-0.000330069	0.000799744	0	0.0351804	0	0	0	0	0	0.156569	-0.0118245	0.0178191	0	0	0.00940693	0.0148014	0	0	0.0920371	-0.00886362	-0.0345411
2015-08-01 00:00:00	-2.68555	-0.191997	2.77899	0	0.055765	-0.000368857	0.000948899	0	0.0253686	0	0	0	0	0	-0.0927759	-0.0118171	0.0177879	0	0	0.00894266	0.014028	0	0	0.0919612	-0.00901259	0.00226534
2015-08-02 00:00:00	-0.946552	-1.29382	2.90747	0	-0.145067	-0.000518938	0.000578865	0	0.0371362	0	0	0	0	0	-0.250389	-0.0118136	0.0177757	0	0	0.00859165	0.0137393	0	0	0.0917409	-0.00897681	0.419893
2015-08-03 00:00:00	-0.0446534	-0.646223	3.20663	0	-0.263394	-0.000170095	9.57683E-05	0	0.00661499	0	0	0	0	0	-1.41398	-0.0117969	0.0177413	0	0	0.00684024	0.0122903	0	0	0.0917898	-0.00862905	0.953159
2015-08-04 00:00:00	-0.871936	-0.377303	3.03143	0	-0.179968	-0.000304574	1.78371E-05	0	0.00537435	0	0	0	0	0	-0.619387	-0.0117787	0.017703	0	0	0.00572194	0.0112705	0	0	0.0914449	-0.00854405	1.09374
2015-08-05 00:00:00	-2.11388	-0.140919	3.1201	0	0.0289814	-0.000147249	6.32207E-05	0	0.00347175	0	0	0	0	0	-0.562829	-0.0117696	0.0176899	0	0	0.00527416	0.0108688	0	0	0.0912975	-0.00830905	0.43989
2015-08-06 00:00:00	-1.46227	-0.19325	3.05908	0	-0.010724	-0.000237105	8.25966E-05	0	0.00433407	0	0	0	0	0	-0.756918	-0.0117466	0.0176626	0	0	0.00478785	0.0103949	0	0	0.0908191	-0.00828835	0.743727
2015-08-07 00:00:00	0	-0.261281	3.27339	0	-0.0776165	-0.000206553	2.04239E-06	0	0.00446909	0	0	0	0	0	-1.63425	-0.011733	0.0176315	0	0	0.00375833	0.00944598	0	0	0.0904313	-0.00829352	1.40575
2015-08-08 00:00:00	-0.2	-0.0210663	2.91885	0	-0.0477378	0	3.22399E-05	0	0.00198932	0	0	0	0	0	-1.40877	-0.0117165	0.0176023	0	0	0.00304309	0.00874059	0	0	0.0900305	-0.00798802	1.34301
2015-08-09 00:00:00	0	-0.00768786	2.86816	0	-0.0347783	0	2.21853E-05	0	0.000300937	0	0	0	0	0	-1.51586	-0.0116904	0.0175688	0	0	0.00248926	0.00810103	0	0	0.0896532	-0.00771562	1.40856
2015-08-10 00:00:00	-1.11674	-2.78513E-05	2.91794	0	-0.00241051	0	6.49272E-05	0	2.84915E-05	0	0	0	0	0	-1.00428	-0.0116668	0.0175406	0	0	0.00228196	0.00779615	0	0	0.0892214	-0.00759355	0.892157
2015-08-11 00:00:00	-0.288407	0	2.53945	0	-0.00829293	0	5.59605E-05	0	0	0	0	0	0	0	-1.3289	-0.0116359	0.0175111	0	0	0.00209359	0.00751398	0	0	0.0887979	-0.00754368	1.01064
2015-08-12 00:00:00	0	0	3.02513	0	-0.0201342	0	1.08274E-05	0	0	0	0	0	0	0	-1.84949	-0.0116063	0.0174657	0	0	0.00173697	0.00703299	0	0	0.0882898	-0.00749985	1.25094
2015-08-13 00:00:00	-0.114545	0	2.88833	0	-0.00844804	0	2.60235E-05	0	0	0	0	0	0	0	-1.75535	-0.0115544	0.0174339	0	0	0.00151817	0.00667438	0	0	0.0878394	-0.00744276	1.10448
2015-08-14 00:00:00	-10.9074	3.25973	2.84314	0	0.150436	0	0.000784533	0	1.00585E-06	0	0	0	0	0	2.78863	-0.0115593	0.0174194	0	0	0.00267897	0.00798899	0	0	0.0873341	-0.00741935	-1.76822
2015-08-15 00:00:00	-0.880703	-1.82633	2.8228	0	0.0214174	0	0.000489453	0	9.06015E-05	0	0	0	0	0	-0.158891	-0.0115564	0.0174006	0	0	0.00385949	0.00921279	0	0	0.0873361	-0.00761963	0.077512
2015-08-16 00:00:00	0	-0.945581	3.06364	0	-0.064994	0	6.20466E-05	0	0.00012888	0	0	0	0	0	-1.29137	-0.0115403	0.0173738	0	0	0.00374969	0.00934483	0	0	0.0870587	-0.0076447	0.860232
2015-08-17 00:00:00	-0.114545	-0.422446	3.43922	0	-0.0842673	0	0	0	1.49917E-05	0	0	0	0	0	-1.63965	-0.0114907	0.0172892	0	0	0.00276302	0.00843669	0	0	0.086809	-0.00760043	1.27453
2015-08-18 00:00:00	-1.29537	-0.0553668	2.53094	0	0.0234791	0	2.2607E-06	0	5.11678E-05	0	0	0	0	0	-0.957453	-0.0114876	0.0172784	0	0	0.00265602	0.00825809	0	0	0.0864366	-0.00750619	0.341922
2015-08-19 00:00:00	-1.59148	-0.00607678	2.75433	0	0.0174605	0	9.33019E-05	0	0.000149812	0	0	0	0	0	-0.860503	-0.0114716	0.0172441	0	0	0.00270736	0.00825801	0	0	0.0859086	-0.00747207	0.409148
2015-08-20 00:00:00	-0.529209	-0.00442512	2.72339	0	-0.0166816	0	4.54563E-05	0	3.88391E-05	0	0	0	0	0	-1.50877	-0.0114444	0.0172056	0	0	0.00245245	0.00795878	0	0	0.0854586	-0.00745715	0.758565
2015-08-21 00:00:00	-0.459317	0	2.72023	0	-0.013611	0	4.01194E-05	0	0	0	0	0	0	0	-1.59674	-0.0114233	0.0171743	0	0	0.00215039	0.00759308	0	0	0.084988	-0.00740774	0.743677
2015-08-22 00:00:00	-9.07435	3.037	2.9485	0	0.123592	0	0.000638298	0	0.000541501	0	0	0	0	0	1.66684	-0.0114178	0.0171464	0	0	0.00290083	0.0082774	0	0	0.0845247	-0.00737261	-1.20319
2015-08-23 00:00:00	-0.966158	-2.00561	3.10152	0	0.0111597	0	0.000650674	0	0.000701517	0	0	0	0	0	-0.0789708	-0.0114128	0.0171235	0	0	0.00365468	0.00902013	0	0	0.0843708	-0.00750963	0.15854
2015-08-24 00:00:00	-0.525357	-0.671047	2.64831	0	-0.0231989	0	0.000113856	0	0.00056076	0	0	0	0	0	-1.03061	-0.0113961	0.0171007	0	0	0.00371898	0.00926678	0	0	0.0841615	-0.0075274	0.49409
2015-08-25 00:00:00	-0.240801	-0.267784	2.50065	0	-0.0169225	0	4.5434E-05	0	0.000679835	0	0	0	0	0	-1.37486	-0.0113672	0.017042	0	0	0.00313466	0.00879208	0	0	0.0839298	-0.0075402	0.694996
2015-08-26 00:00:00	-2.59254	0.664913	2.54108	0	0.0212538	0	0.000268636	0	0.00106967	0	0	0	0	0	-0.618561	-0.0113596	0.0170113	0	0	0.00280234	0.00834589	0	0	0.0834686	-0.00748351	0.110265
2015-08-27 00:00:00	-0.393023	-0.685153	2.45709	0	-0.0173748	0	0.000271958	0	0.00157114	0	0	0	0	0	-1.06628	-0.0113351	0.0169897	0	0	0.00250704	0.00790687	0	0	0.0831487	-0.0074318	0.388886
2015-08-28 00:00:00	-0.670373	-0.0717261	2.32525	0	-0.0097904	0	9.30004E-05	0	0.00121195	0	0	0	0	0	-1.25048	-0.011311	0.0169546	0	0	0.00228277	0.00759105	0	0	0.0828402	-0.00738192	0.415159
2015-08-29 00:00:00	0	0	2.44779	0	-0.0251405	0	3.699E-05	0	0.000559586	0	0	0	0	0	-1.80253	-0.0112952	0.0169003	0	0	0.00199827	0.00728916	0	0	0.0825856	-0.00733129	0.710866
2015-08-30 00:00:00	0	0	2.35547	0	-0.0839888	0	1.92207E-05	0	4.92728E-05	0	0	0	0	0	-1.67927	-0.011282	0.016826	0	0	0.00178459	0.0070415	0	0	0.0820106	-0.00724405	0.681422
2015-08-31 00:00:00	0	0	2.11166	0	-0.0103889	0	0	0	0	0	0	0	0	0	-1.76422	-0.0112838	0.0167795	0	0	0.00158004	0.0067517	0	0	0.0816572	-0.00719389	0.425338
2015-09-01 00:00:00	-3.44216	1.02867	2.27527	0	0.0534585	0	9.75318E-05	0	0	0	0	0	0	0	-0.00538674	-0.0112818	0.0167497	0	0	0.00206855	0.00723212	0	0	0.0810304	-0.00714446	-0.00139662
2015-09-02 00:00:00	-0.2	-0.86039	2.10037	0	0.00449716	0	6.30564E-05	0	0	0	0	0	0	0	-0.782657	-0.0112736	0.0167019	0	0	0.00254533	0.00770582	0	0	0.0806258	-0.00717772	0.351014
2015-09-03 00:00:00	0	-0.168266	1.95993	0	-0.0125086	0	5.07995E-05	0	0	0	0	0	0	0	-1.44603	-0.0112373	0.0166709	0	0	0.00255456	0.00795534	0	0	0.0800848	-0.00720354	0.422004
2015-09-04 00:00:00	-1.33894	0.255911	2.22242	0	0.00980943	0	7.19225E-05	0	0	0	0	0	0	0	-0.879083	-0.0112078	0.0166493	0	0	0.00290578	0.00829975	0	0	0.0795385	-0.00719697	0.359175
2015-09-05 00:00:00	-0.0992187	-0.255911	1.86195	0	-0.00518483	0	8.01412E-05	0	0	0	0	0	0	0	-1.24214	-0.0111969	0.0166089	0	0	0.00297899	0.00850013	0	0	0.0790373	-0.0072117	0.348295
2015-09-06 00:00:00	0	0	2.55412	0	-0.0291074	0	1.83813E-05	0	0	0	0	0	0	0	-1.97107	-0.0111866	0.0165598	0	0	0.00247923	0.00800854	0	0	0.0785678	-0.00720542	0.641183
2015-09-07 00:00:00	-0.0408013	0	4.19291	0	-0.0573366	0	0	0	0	0	0	0	0	0	-3.16587	-0.0111372	0.0165239	0	0	0.00156036	0.00702461	0	0	0.0781467	-0.00712226	1.0139
2015-09-08 00:00:00	-0.25998	0	2.2327	0	0.00404777	0	0	0	0	0	0	0	0	0	-1.63995	-0.0111085	0.016498	0	0	0.00145032	0.00681037	0	0	0.0776162	-0.00700005	0.421081
2015-09-09 00:00:00	0	0	1.82549	0	0.0032477	0	2.93201E-05	0	0	0	0	0	0	0	-1.58696	-0.0110795	0.0164258	0	0	0.00143219	0.00671472	0	0	0.0770142	-0.00694818	0.325366
2015-09-10 00:00:00	0	0	2.02343	0	-0.00143473	0	3.35407E-05	0	0	0	0	0	0	0	-1.67897	-0.0110773	0.0163912	0	0	0.0013661	0.00658048	0	0	0.076557	-0.00691567	0.425964
2015-09-11 00:00:00	0	0	1.86453	0	0.00025182	0	4.40287E-05	0	0	0	0	0	0	0	-1.61153	-0.0110365	0.0163608	0	0	0.00133843	0.00649713	0	0	0.0760984	-0.00687991	0.33568
2015-09-12 00:00:00	-6.42806	2.37573	2.14927	0	0.0843914	0	0.000378417	0	0	0	0	0	0	0	1.32101	-0.0110294	0.0163375	0	0	0.00282564	0.00858877	0	0	0.0756524	-0.00685912	-0.411763
2015-09-13 00:00:00	-0.908249	-0.946209	1.92622	0	-0.00401392	0	0.000203051	0	0	0	0	0	0	0	-0.130872	-0.0110178	0.0163139	0	0	0.00339632	0.00923096	0	0	0.0752716	-0.00707948	0.0231937
2015-09-14 00:00:00	-4.46628	1.56028	1.81607	0	0.0304634	0	0.000408563	0	1.1187E-05	0	0	0	0	0	0.646114	-0.0110003	0.0162896	0	0	0.00416422	0.0102129	0	0	0.0750251	-0.0071228	-0.325362
2015-09-15 00:00:00	0	-1.83362	1.94864	0	0.0090519	0	0.000449711	0	4.80676E-05	0	0	0	0	0	-0.195725	-0.0109886	0.0162709	0	0	0.00455939	0.0105544	0	0	0.0746992	-0.00719798	0.0167447
2015-09-16 00:00:00	0	-0.951565	1.85789	0	-0.0149868	0	0.000128775	0	3.69462E-05	0	0	0	0	0	-0.780658	-0.010958	0.0162416	0	0	0.00460694	0.0105602	0	0	0.0744424	-0.00719901	0.198536
2015-09-17 00:00:00	-0.749051	-0.0999407	1.73394	0	-0.0112199	0	1.73749E-06	0	3.44651E-05	0	0	0	0	0	-0.654419	-0.0109424	0.0161833	0	0	0.00444595	0.0103596	0	0	0.0742148	-0.00717171	0.306431
2015-09-18 00:00:00	-0.143872	-0.0487281	1.77159	0	-0.0077149	0	4.74607E-05	0	1.24761E-05	0	0	0	0	0	-1.50563	-0.0109317	0.0161206	0	0	0.00396099	0.00984647	0	0	0.0738934	-0.0071396	0.151459
2015-09-19 00:00:00	-0.14002	-0.0351934	1.76126	0	-0.00747695	0	5.48744E-05	0	3.77513E-06	0	0	0	0	0	-1.36186	-0.0108955	0.0160988	0	0	0.00354523	0.00935008	0	0	0.0734096	-0.00707248	0.301205
2015-09-20 00:00:00	-3.40614	1.33563	1.9523	0	0.0510559	0	0.000504463	0	0.000104353	0	0	0	0	0	-0.185739	-0.0108769	0.0160636	0	0	0.00379446	0.00941297	0	0	0.0730874	-0.00701225	-0.167812
2015-09-21 00:00:00	-5.12025	1.65461	1.83331	0	0.0243384	0	0.000697566	0	0.000750214	0	0	0	0	0	1.20334	-0.0108686	0.0160483	0	0	0.00466272	0.0103056	0	0	0.0727343	-0.00706359	-0.31739
2015-09-22 00:00:00	-0.295367	-1.32835	1.69772	0	-0.0129009	0	0.0003627	0	0.000397552	0	0	0	0	0	-0.128588	-0.0108607	0.0160253	0	0	0.00559604	0.0111527	0	0	0.0725997	-0.00719618	0.0205908
2015-09-23 00:00:00	-1.74436	0.111429	1.62268	0	0.0288326	0	0.000464515	0	0.000234141	0	0	0	0	0	-0.232469	-0.0108469	0.015984	0	0	0.00579564	0.0110895	0	0	0.0724502	-0.00719671	-0.125917
2015-09-24 00:00:00	-8.59052	2.07765	1.68252	0	0.0489195	0	0.00216642	0	0.00149483	0	0	0	0	0	3.39317	-0.0108388	0.0159704	0	0	0.00710237	0.0124466	0	0	0.0722948	-0.00727926	-1.29491
2015-09-25 00:00:00	-0.833179	-0.840085	1.7146	0	-0.0131384	0	0.000828908	0	0.0012012	0	0	0	0	0	-0.21713	-0.0108376	0.015954	0	0	0.00862641	0.0137436	0	0	0.0724859	-0.00746638	-0.0943991
2015-09-26 00:00:00	-0.0545653	-1.5007	1.66137	0	0.00986964	0	0.000666357	0	0.00130913	0	0	0	0	0	-0.229019	-0.0108293	0.01593	0	0	0.00840121	0.0133487	0	0	0.0724838	-0.00745884	-0.0191865
2015-09-27 00:00:00	0	-0.628392	2.01589	0	-0.0355988	0	8.43724E-05	0	0.00158764	0	0	0	0	0	-1.14803	-0.0108063	0.0158991	0	0	0.00764765	0.0127617	0	0	0.0723964	-0.00743696	0.296004
2015-09-28 00:00:00	-0.14002	-0.302361	2.28206	0	-0.0226139	0	3.70362E-05	0	0.000923402	0	0	0	0	0	-1.65467	-0.0107952	0.0158566	0	0	0.00620617	0.0114989	0	0	0.0723056	-0.00733508	0.251086
2015-09-29 00:00:00	0	-0.472825	3.48713	0	-0.113937	0	0	0	0.000961203	0	0	0	0	0	-2.14259	-0.0107612	0.0157768	0	0	0.00447226	0.0100967	0	0	0.0720502	-0.00723731	0.843132
2015-09-30 00:00:00	-0.149932	-0.12234	2.62746	0	-0.0139292	0	0	0	0.000495128	0	0	0	0	0	-2.10052	-0.0107583	0.0157239	0	0	0.00345152	0.00924334	0	0	0.0718857	-0.00705026	0.323734
2015-10-01 00:00:00	-0.0545653	-0.00538752	3.27598	0	-0.0336602	0	0	0	0.000121353	0	0	0	0	0	-2.75097	-0.01075	0.0156593	0	0	0.00246441	0.00832826	0	0	0.0714872	-0.00691233	0.511793
2015-10-02 00:00:00	-0.0408013	0	1.424	0	0.0103078	0	0	0	0	0	0	0	0	0	-1.34372	-0.0107321	0.0155882	0	0	0.00235113	0.0080683	0	0	0.0711332	-0.00676255	0.129429
2015-10-03 00:00:00	0	0	1.26826	0	0.0103776	0	0	0	0	0	0	0	0	0	-1.2214	-0.0106874	0.0155682	0	0	0.00238901	0.00797404	0	0	0.0707679	-0.00671425	0.136535
2015-10-04 00:00:00	0	0	1.03066	0	0.0129835	0	1.76895E-05	0	0	0	0	0	0	0	-1.03695	-0.0106765	0.0155315	0	0	0.00250994	0.00797192	0	0	0.0705029	-0.00669329	0.08586
2015-10-05 00:00:00	-2.07354	0.587134	1.56754	0	0.0660607	0	0.000206161	0	1.56664E-05	0	0	0	0	0	-0.374022	-0.0106642	0.0155084	0	0	0.00295479	0.00824506	0	0	0.0701387	-0.0066876	-0.147113
2015-10-06 00:00:00	-5.04338	2.1455	1.58546	0	0.0441283	0	0.000252959	0	0.000370817	0	0	0	0	0	0.944677	-0.0106541	0.015476	0	0	0.00363723	0.00888714	0	0	0.0698355	-0.00675983	-0.24257
2015-10-07 00:00:00	-2.88076	0.364877	1.28093	0	0.0256977	0	0.000427353	0	0.000726132	0	0	0	0	0	0.941766	-0.0106481	0.0154603	0	0	0.00527258	0.0103892	0	0	0.0697152	-0.0069105	-0.18305
2015-10-08 00:00:00	-0.14002	-1.11455	1.3175	0	0.0145793	0	0.000393341	0	0.00128932	0	0	0	0	0	-0.222671	-0.0106352	0.0154347	0	0	0.00612108	0.0111599	0	0	0.0695356	-0.00708106	-0.0589428
2015-10-09 00:00:00	-0.943872	-0.362161	1.32467	0	0.0107326	0	0.000400706	0	0.0017365	0	0	0	0	0	-0.130813	-0.0106264	0.0153969	0	0	0.00624587	0.0111365	0	0	0.0692838	-0.00711507	-0.0149833
2015-10-10 00:00:00	0	-1.12169	1.25218	0	0.00434008	-1.92625E-06	0.00041729	0	0.00180989	0	0	0	0	0	-0.258206	-0.0106125	0.0153776	0	0	0.00631181	0.0110713	0	0	0.0690485	-0.00712532	-0.0370756
2015-10-11 00:00:00	0	-0.291844	1.11252	0	-0.0162426	-8.77064E-05	0.000113204	0	0.0016892	0	0	0	0	0	-0.733149	-0.010586	0.0153464	0	0	0.00599699	0.0109099	0	0	0.0688534	-0.00710617	0.156416
2015-10-12 00:00:00	-4.02816	2.31631	1.10029	0	0.0385192	-5.71385E-05	0.000498487	0	0.00253392	0	0	0	0	0	0.166216	-0.0105813	0.0153132	0	0	0.00593293	0.0107318	0	0	0.0686992	-0.00707099	-0.320827
2015-10-13 00:00:00	-0.728309	-0.316109	1.05234	0	-0.00504247	-0.00012261	0.000563808	0	0.00679244	0	0	0	0	0	-0.124529	-0.0105721	0.015279	0	0	0.0060269	0.0107205	0	0	0.0684482	-0.00711276	-0.0316265
2015-10-14 00:00:00	-0.14002	-0.885352	1.13397	0	-0.00152848	-9.60899E-05	0.000517437	0	0.00592299	0	0	0	0	0	-0.183034	-0.0105668	0.0152527	0	0	0.0061527	0.0107079	0	0	0.0682766	-0.00712241	0.0130784
2015-10-15 00:00:00	-0.155347	-0.472945	0.884336	0	-0.0016251	-8.92412E-05	0.000400497	0	0.00568391	0	0	0	0	0	-0.293361	-0.0105591	0.0152139	0	0	0.0061748	0.0106976	0	0	0.0681536	-0.0071114	0.0496234
2015-10-16 00:00:00	-0.792141	0.0115958	0.9048	0	0.0151901	-6.12181E-05	0.000536902	0	0.00586336	0	0	0	0	0	-0.363759	-0.010552	0.0151793	0	0	0.00618494	0.0106998	0	0	0.0680334	-0.00710145	-0.135532
2015-10-17 00:00:00	-0.100781	-0.4351	0.955744	0	-0.00603425	-0.000116351	0.000460307	0	0.00901907	0	0	0	0	0	-0.448628	-0.0105448	0.0151418	0	0	0.00609476	0.0106995	0	0	0.0677062	-0.00711675	0.0565446
2015-10-18 00:00:00	0	-0.154076	1.02563	0	-0.038318	-7.17212E-05	2.38943E-05	0	0.00658653	0	0	0	0	0	-0.636574	-0.0105381	0.0151051	0	0	0.00567294	0.0103185	0	0	0.0676219	-0.00710513	0.284274
2015-10-19 00:00:00	-0.0992187	-0.0784735	0.954154	0	0.00878336	-5.96391E-05	8.37278E-05	0	0.00111216	0	0	0	0	0	-0.911356	-0.010531	0.0150751	0	0	0.005358	0.0100273	0	0	0.067474	-0.00697491	-0.0445457
2015-10-20 00:00:00	-1.92626	0.881404	0.970869	0	0.0423617	-0.000119055	0.000848583	0	0.00199303	0	0	0	0	0	-0.127864	-0.0105285	0.0150456	0	0	0.00548004	0.0100477	0	0	0.0670877	-0.0069836	-0.0766142
2015-10-21 00:00:00	-0.737967	-0.402748	1.15292	0	0.0074895	-0.00011168	0.000561586	0	0.0121249	0	0	0	0	0	-0.170763	-0.0105195	0.0150145	0	0	0.00572405	0.0101687	0	0	0.0668579	-0.00715295	-0.0583983
2015-10-22 00:00:00	-0.318397	-0.351968	0.998444	0	-0.018938	-0.000108826	0.000270947	0	0.00808626	0	0	0	0	0	-0.384423	-0.0105122	0.0149601	0	0	0.00573829	0.0103405	0	0	0.0666351	-0.00712362	0.0130045
2015-10-23 00:00:00	-0.0992187	-0.147743	0.935212	0	-0.0288063	-7.05414E-05	9.78377E-06	0	0.00426217	0	0	0	0	0	-0.562819	-0.0104968	0.0149299	0	0	0.00543671	0.0101214	0	0	0.0665318	-0.00707029	0.180279
2015-10-24 00:00:00	-5.40845	2.88464	0.896502	0	0.0652506	-0.000110092	0.00124121	0	0.0079922	0	0	0	0	0	0.927806	-0.0104988	0.014887	0	0	0.00590357	0.0105156	0	0	0.0663035	-0.00698951	-0.545004
2015-10-25 00:00:00	-0.330108	-0.534253	0.886193	0	-0.00971898	-0.000219229	0.000900938	0	0.0224683	0	0	0	0	0	-0.169413	-0.0104931	0.014874	0	0	0.00677048	0.0112522	0	0	0.0661202	-0.00735592	-0.0529821
2015-10-26 00:00:00	0	-0.826528	0.883515	0	-0.0154986	-0.000134402	0.000229648	0	0.0118232	0	0	0	0	0	0.0287146	-0.010474	0.0148455	0	0	0.00691031	0.0112141	0	0	0.0660833	-0.00728826	0.163412
2015-10-27 00:00:00	0	-0.796806	0.855305	0	0.0133888	-0.000215297	0.000865542	0	0.0116681	0	0	0	0	0	-0.365354	-0.0104646	0.0148323	0	0	0.00697314	0.011192	0	0	0.0658343	-0.00718572	-0.199966
2015-10-28 00:00:00	-9.78411	2.95906	0.927555	0	0.145995	-0.000902482	0.00361543	0	0.0352934	0	0	0	0	0	4.29432	-0.0104699	0.0148255	0	0	0.00957717	0.0138208	0	0	0.0656579	-0.00761645	-1.33337
2015-10-29 00:00:00	-1.3955	0.0391387	0.785812	0	-0.0293915	-0.000793926	0.00132092	0	0.0479718	0	0	0	0	0	0.100502	-0.0104746	0.0148165	0	0	0.0120456	0.0163548	0	0	0.0654288	-0.00930374	-0.362075
2015-10-30 00:00:00	-2.71122	0.123811	0.755053	0	0.0324728	-0.000629006	0.00290947	0	0.0297982	0	0	0	0	0	1.19694	-0.0104743	0.0148031	0	0	0.0127586	0.0167843	0	0	0.0655788	-0.00839802	-0.479815
2015-10-31 00:00:00	-0.813119	-0.192708	0.904479	0	-0.0104884	-0.000502262	0.00105679	0	0.0278367	0	0	0	0	0	-0.125701	-0.0104713	0.0147849	0	0	0.0127668	0.0166374	0	0	0.0655148	-0.00849959	-0.118413
2015-11-01 00:00:00	-0.240801	-0.466698	0.734637	0	-0.000390753	-0.00034659	0.000709912	0	0.0200528	0	0	0	0	0	-0.20812	-0.0104534	0.0147599	0	0	0.012021	0.0158512	0	0	0.0655091	-0.00816925	-0.0714381
2015-11-02 00:00:00	-0.184673	-0.719132	0.952111	0	0.00604956	-0.000307217	0.000768954	0	0.0178919	0	0	0	0	0	-0.207862	-0.010446	0.0147391	0	0	0.0114308	0.0151542	0	0	0.0654272	-0.00801197	-0.0468606
2015-11-03 00:00:00	-0.380821	-0.583765	1.00066	0	-0.00734294	-0.0002497	0.000557382	0	0.0167803	0	0	0	0	0	-0.137233	-0.0104248	0.0147201	0	0	0.0108618	0.014518	0	0	0.0653246	-0.00790662	-0.00432543
2015-11-04 00:00:00	-10.2297	2.11052	0.686052	0	0.149867	-0.00238639	0.0146731	0	0.0524886	0	0	0	0	0	5.39596	-0.0104322	0.014731	0	0	0.0138302	0.0164413	0	0	0.0651169	-0.00888776	-1.73169
2015-11-05 00:00:00	-1.86115	-0.0105079	0.735593	0	-0.0316689	-0.00141651	0.0054019	0	0.0635845	0	0	0	0	0	0.493343	-0.0104423	0.0147362	0	0	0.0178945	0.0188874	0	0	0.0650372	-0.0106354	-0.511345
2015-11-06 00:00:00	-0.205415	-0.475514	0.706332	0	-0.0179788	-0.000644608	0.000948029	0	0.0338708	0	0	0	0	0	-0.219444	-0.0104374	0.0147318	0	0	0.0172068	0.0182592	0	0	0.0653079	-0.00911559	-0.0818926
2015-11-07 00:00:00	-14.9937	0.562851	0.67006	0	0.209346	-0.00410966	0.0413946	0	0.119291	0	0	0	0	0	9.91154	-0.0104611	0.0147743	0	0	0.02593	0.0235163	0	0	0.0650766	-0.0117168	-3.3762
2015-11-08 00:00:00	-7.64048	-0.0146502	0.656933	0	0.100947	-0.0048986	0.0256171	0	0.14299	0	0	0	0	0	4.36111	-0.0105062	0.0148112	0	0	0.0388618	0.0310402	0	0	0.0651501	-0.0147363	-2.24782
2015-11-09 00:00:00	-14.5126	-0.00460144	0.666534	0	0.227556	-0.0117857	0.0783057	0	0.282113	0	0	0	0	0	9.07185	-0.0105802	0.0148774	0	0	0.051601	0.0388318	0	0	0.0655432	-0.0167794	-4.05917
2015-11-10 00:00:00	-7.25353	-0.0248294	0.768425	0	-0.0482936	-0.0115926	0.0457348	0	0.259154	0	0	0	0	0	3.50972	-0.0106235	0.0149713	0	0	0.0592721	0.0431106	0	0	0.0667177	-0.0169762	-2.59874
2015-11-11 00:00:00	-3.15942	-0.0112529	0.652595	0	-0.0295906	-0.00927803	0.0265651	0	0.171375	0	0	0	0	0	0.939443	-0.0106271	0.015018	0	0	0.0559855	0.0407689	0	0	0.0684549	-0.0157442	-1.2657
2015-11-12 00:00:00	-4.77982	-0.012543	0.589076	0	0.0575525	-0.0103438	0.0367905	0	0.209486	0	0	0	0	0	2.22552	-0.0106371	0.0150742	0	0	0.0531357	0.0387999	0	0	0.0695191	-0.0152577	-1.53365
2015-11-13 00:00:00	-18.6881	-0.00434667	0.499121	0	0.377974	-0.0280749	0.146863	0	0.632148	0	0	0	0	0	11.2145	-0.0106857	0.0152087	0	0	0.0661951	0.0447221	0	0	0.0697735	-0.020386	-5.68506
2015-11-14 00:00:00	-11.2554	-0.0216056	0.497561	0	-0.0200964	-0.0240706	0.103805	0	0.628042	0	0	0	0	0	5.3755	-0.0107458	0.0153592	0	0	0.085281	0.0550019	0	0	0.0713879	-0.0215902	-4.52159
2015-11-15 00:00:00	-24.1677	-0.00740891	0.56851	0	0.534007	-0.0529108	0.23604	0	1.20361	0	0	0	0	0	13.3583	-0.0108307	0.0155788	0	0	0.120941	0.0734	0	0	0.072584	-0.0277361	-8.08356
2015-11-16 00:00:00	-10.1132	-0.015068	0.484183	0	-0.0784197	-0.0411654	0.142485	0	0.968321	0	0	0	0	0	4.12875	-0.0109383	0.0158031	0	0	0.159666	0.0908329	0	0	0.0763897	-0.026841	-4.21924
2015-11-17 00:00:00	-11.4362	-0.0113208	0.448619	0	0.259967	-0.0443404	0.160933	0	1.03215	0	0	0	0	0	5.28815	-0.0110098	0.015964	0	0	0.169181	0.0926146	0	0	0.0789674	-0.0276233	-3.98398
2015-11-18 00:00:00	-15.7091	-0.0174191	0.50489	0	0.400865	-0.061887	0.234074	0	1.49479	0	0	0	0	0	7.76437	-0.011085	0.0161601	0	0	0.196986	0.0992843	0	0	0.0809135	-0.031013	-5.0382
2015-11-19 00:00:00	-1.98585	-0.0157993	0.457703	0	-0.363495	-0.0308707	0.0871424	0	0.82897	0	0	0	0	0	-0.544604	-0.0111293	0.0162372	0	0	0.195953	0.0963305	0	0	0.0851502	-0.0260404	-1.2103
2015-11-20 00:00:00	-5.8929	-0.0067336	0.386557	0	0.30773	-0.0387357	0.122728	0	0.963144	0	0	0	0	0	2.22753	-0.0111772	0.0162652	0	0	0.175238	0.0863353	0	0	0.0875856	-0.0251323	-1.60157
2015-11-21 00:00:00	-1.2713	-0.0173068	0.349668	0	-0.149742	-0.0217785	0.0596106	0	0.622277	0	0	0	0	0	-0.41337	-0.0112167	0.0162808	0	0	0.156659	0.0776493	0	0	0.0906029	-0.0226218	-0.534588
2015-11-22 00:00:00	-4.28619	-0.0201551	0.321754	0	0.105118	-0.0264238	0.0954969	0	0.76367	0	0	0	0	0	1.70274	-0.0112557	0.0162985	0	0	0.141865	0.070679	0	0	0.0929329	-0.0213992	-1.05487
2015-11-23 00:00:00	-3.70511	-0.0172529	0.370492	0	0.0361453	-0.0277981	0.101284	0	0.818886	0	0	0	0	0	1.38183	-0.01129	0.0163398	0	0	0.1336	0.0668436	0	0	0.095405	-0.0218313	-0.762462
2015-11-24 00:00:00	-1.03924	-0.0166012	0.415477	0	-0.120598	-0.0164858	0.053235	0	0.508178	0	0	0	0	0	-0.221116	-0.0112931	0.0163441	0	0	0.119562	0.0605058	0	0	0.0977733	-0.0196556	-0.173912
2015-11-25 00:00:00	0	-0.371634	0.389474	0	-0.114728	-0.00869883	0.0267703	0	0.271688	0	0	0	0	0	-0.464626	-0.0112874	0.0163286	0	0	0.101935	0.0523434	0	0	0.099367	-0.01665	-0.0297177
2015-11-26 00:00:00	-0.766903	0.208777	0.460386	0	-0.0117	-0.00785385	0.0260616	0	0.209348	0	0	0	0	0	-0.293612	-0.0112868	0.0163185	0	0	0.0882	0.0460915	0	0	0.100177	-0.0151975	0.0488068
2015-11-27 00:00:00	-9.16913	0.113143	0.388937	0	0.609481	-0.0437582	0.157358	0	1.28149	0	0	0	0	0	4.83323	-0.0113198	0.016395	0	0	0.0911191	0.0473012	0	0	0.0986683	-0.0232365	-1.61032
2015-11-28 00:00:00	-9.68277	-0.0156347	0.354429	0	0.186224	-0.0621582	0.211126	0	2.02337	0	0	0	0	0	4.90655	-0.0113596	0.016526	0	0	0.108696	0.054109	0	0	0.0986528	-0.0302293	-1.84247
2015-11-29 00:00:00	-17.1866	-0.0159615	0.324634	0	0.463067	-0.109979	0.362209	0	3.74178	0	0	0	0	0	8.74123	-0.01145	0.0167347	0	0	0.157657	0.0708657	0	0	0.100004	-0.0373607	-3.38321
2015-11-30 00:00:00	-4.60697	-0.016151	0.306372	0	-0.371405	-0.0645926	0.177605	0	2.26627	0	0	0	0	0	1.15068	-0.0115308	0.0168736	0	0	0.173392	0.0751063	0	0	0.106113	-0.0348749	-0.833108
2015-12-01 00:00:00	-6.11492	-0.0235779	0.483709	0	0.0909866	-0.056255	0.16959	0	1.93478	0	0	0	0	0	2.03846	-0.0115714	0.0169604	0	0	0.162271	0.0703502	0	0	0.110382	-0.0317381	-1.16057
2015-12-02 00:00:00	-7.35959	-0.0122367	0.391988	0	0.220503	-0.0683694	0.210517	0	2.35264	0	0	0	0	0	2.83266	-0.0116144	0.0170707	0	0	0.159638	0.0691994	0	0	0.111583	-0.0348892	-1.1209
2015-12-03 00:00:00	-13.3432	-0.0125558	0.272532	0	0.319679	-0.104019	0.377655	0	3.82546	0	0	0	0	0	6.04564	-0.0116733	0.0172799	0	0	0.192199	0.0803603	0	0	0.112964	-0.0370778	-2.26471
2015-12-04 00:00:00	-25.4964	-0.0138697	0.345414	0	1.08829	-0.201869	0.653119	0	7.49781	0	0	0	0	0	11.8924	-0.0118051	0.0175942	0	0	0.275466	0.105114	0	0	0.110281	-0.0541499	-3.79255
2015-12-05 00:00:00	-33.4058	-0.0203662	0.391415	0	0.357997	-0.301736	0.894882	0	11.672	0	0	0	0	0	13.6535	-0.0120625	0.0179934	0	0	0.397863	0.142458	0	0	0.111554	-0.0670364	-6.16734
2015-12-06 00:00:00	-11.407	-0.0125648	0.320886	0	-0.454798	-0.184091	0.507843	0	7.14892	0	0	0	0	0	2.01604	-0.0123418	0.0182868	0	0	0.451677	0.157484	0	0	0.123153	-0.0598418	-1.38635
2015-12-07 00:00:00	-2.45754	-0.0209611	0.351702	0	-0.617689	-0.0776003	0.208463	0	3.04524	0	0	0	0	0	-1.6616	-0.0124344	0.0183916	0	0	0.39565	0.138169	0	0	0.134495	-0.0440846	-0.599798
2015-12-08 00:00:00	-1.74143	-0.0185133	0.355316	0	-0.180674	-0.0563144	0.150716	0	2.04783	0	0	0	0	0	-1.22576	-0.0124513	0.0184456	0	0	0.334958	0.117101	0	0	0.139743	-0.0373013	-0.10833
2015-12-09 00:00:00	-7.40648	-0.00938194	0.34506	0	0.710075	-0.104913	0.28718	0	3.46463	0	0	0	0	0	1.91095	-0.0124884	0.0185225	0	0	0.29769	0.105348	0	0	0.137549	-0.0471892	-0.303445
2015-12-10 00:00:00	-1.11052	-0.0180436	0.307329	0	-0.531121	-0.0481083	0.119952	0	1.76775	0	0	0	0	0	-0.977416	-0.0125116	0.0185621	0	0	0.256677	0.0918486	0	0	0.143027	-0.0387445	-0.0313208
2015-12-11 00:00:00	-3.56164	-0.0153604	0.289513	0	0.134665	-0.0509406	0.156327	0	1.82427	0	0	0	0	0	0.594193	-0.0124974	0.0185966	0	0	0.224175	0.0809622	0	0	0.145504	-0.0365277	-0.208762
2015-12-12 00:00:00	-1.26696	-0.0153125	0.26884	0	-0.271344	-0.0306661	0.100754	0	1.22787	0	0	0	0	0	-0.332871	-0.0124959	0.0186139	0	0	0.196981	0.072095	0	0	0.148633	-0.0317348	0.0724073
2015-12-13 00:00:00	-0.894722	-0.0218443	0.210397	0	-0.320871	-0.0232233	0.072736	0	0.814066	0	0	0	0	0	-0.260252	-0.0125008	0.0186108	0	0	0.171198	0.0638271	0	0	0.150934	-0.0277132	-0.059357
2015-12-14 00:00:00	-0.281603	-0.0759956	0.292351	0	-0.175326	-0.0148216	0.0485935	0	0.50265	0	0	0	0	0	-0.426048	-0.0124998	0.0186033	0	0	0.147389	0.056169	0	0	0.152685	-0.023888	0.208258
2015-12-15 00:00:00	-0.924493	0.0411815	0.329769	0	-0.0636011	-0.0142976	0.0512471	0	0.430081	0	0	0	0	0	-0.0614846	-0.0125009	0.0186023	0	0	0.130501	0.0509742	0	0	0.153725	-0.0212838	0.10842
2015-12-16 00:00:00	-0.0992187	-0.260782	0.369729	0	-0.166191	-0.00953804	0.0338838	0	0.294043	0	0	0	0	0	-0.249311	-0.0124998	0.0186132	0	0	0.114065	0.0458848	0	0	0.154458	-0.0189473	0.214189
2015-12-17 00:00:00	-3.17349	0.23353	0.379242	0	0.404619	-0.0235855	0.0817272	0	0.659055	0	0	0	0	0	0.940901	-0.0125123	0.0186289	0	0	0.10396	0.0430517	0	0	0.153815	-0.02119	-0.212248
2015-12-18 00:00:00	-0.8	-0.0177524	0.359979	0	-0.223157	-0.0135258	0.0479505	0	0.504603	0	0	0	0	0	-0.0133291	-0.0125323	0.0186302	0	0	0.0942433	0.0406677	0	0	0.153869	-0.0213986	0.118248
2015-12-19 00:00:00	-2.65349	-0.0196411	0.401917	0	0.280214	-0.0259028	0.0834582	0	0.740458	0	0	0	0	0	0.823955	-0.0125368	0.0186309	0	0	0.0807395	0.037936	0	0	0.152459	-0.0263385	-0.118144
2015-12-20 00:00:00	-21.0755	-0.0146746	0.326858	0	1.52276	-0.191259	0.584275	0	6.6651	0	0	0	0	0	9.48028	-0.0125984	0.0188056	0	0	0.122009	0.0519877	0	0	0.142298	-0.0511066	-2.43077
2015-12-21 00:00:00	-4.48048	-0.0152871	0.310329	0	-0.799682	-0.0857836	0.262791	0	3.76479	0	0	0	0	0	0.608192	-0.0126422	0.0189309	0	0	0.156726	0.0620033	0	0	0.149336	-0.0453384	-0.106115
2015-12-22 00:00:00	-5.50106	-0.0140442	0.335649	0	0.188573	-0.0740599	0.228563	0	2.89394	0	0	0	0	0	1.37674	-0.0126601	0.0189921	0	0	0.147827	0.0579466	0	0	0.154122	-0.0411966	-0.240676
2015-12-23 00:00:00	-4.60438	-0.0144213	0.305593	0	0.0259883	-0.0670362	0.190801	0	2.66583	0	0	0	0	0	0.99885	-0.0126748	0.0190385	0	0	0.141153	0.0547576	0	0	0.156518	-0.0402837	-0.180267
2015-12-24 00:00:00	-18.0447	-0.0153539	0.285409	0	0.830958	-0.198722	0.60398	0	7.43489	0	0	0	0	0	7.01675	-0.0127232	0.0192065	0	0	0.178819	0.0658946	0	0	0.151505	-0.0543722	-1.73844
2015-12-25 00:00:00	-3.39779	-0.0175754	0.260351	0	-0.941168	-0.0842301	0.270751	0	3.53861	0	0	0	0	0	-0.118387	-0.0127809	0.0193727	0	0	0.207722	0.0754379	0	0	0.160831	-0.0426974	-0.0815568
2015-12-26 00:00:00	-38.265	-0.0106949	0.272176	0	2.12326	-0.413329	1.35971	0	16.1668	0	0	0	0	0	14.9058	-0.0129438	0.0197404	0	0	0.343369	0.11149	0	0	0.149067	-0.0702151	-3.32076
2015-12-27 00:00:00	-0.654565	-0.0155653	0.296316	0	-1.44914	-0.0922144	0.272631	0	4.35228	0	0	0	0	0	-2.80399	-0.0131327	0.0199994	0	0	0.411329	0.125321	0	0	0.166932	-0.0477314	0.568478
2015-12-28 00:00:00	0	-0.336328	0.353108	0	-0.68633	-0.0535259	0.155946	0	2.12868	0	0	0	0	0	-1.83257	-0.0131952	0.0200039	0	0	0.344388	0.106532	0	0	0.174495	-0.0373616	0.323846
2015-12-29 00:00:00	-2.74123	0.305493	0.341138	0	0.14457	-0.0526071	0.164334	0	1.61629	0	0	0	0	0	-0.143769	-0.0132239	0.0200661	0	0	0.286588	0.0911139	0	0	0.177723	-0.0319869	0.164498
2015-12-30 00:00:00	-13.9557	-0.0139687	0.325773	0	1.24662	-0.163826	0.506777	0	5.96982	0	0	0	0	0	4.63079	-0.0132918	0.020219	0	0	0.304945	0.0977949	0	0	0.169155	-0.0498052	-0.924662
2015-12-31 00:00:00	-5.01549	-0.0167389	0.26869	0	-0.798815	-0.105061	0.305705	0	4.30272	0	0	0	0	0	0.404666	-0.0133727	0.0203535	0	0	0.3029	0.0979422	0	0	0.172724	-0.0467418	-0.120516
2016-01-01 00:00:00	-2.20499	-0.013638	0.26302	0	-0.367761	-0.05603	0.167219	0	2.30522	0	0	0	0	0	-0.280592	-0.0133899	0.0204291	0	0	0.263439	0.0862535	0	0	0.178996	-0.0373346	0.310845
2016-01-02 00:00:00	-8.86658	-0.023417	0.311076	0	0.384963	-0.0977799	0.338317	0	3.83762	0	0	0	0	0	2.67741	-0.0134252	0.0206182	0	0	0.264647	0.0873869	0	0	0.177804	-0.0418232	-0.94318
2016-01-03 00:00:00	-14.3868	-0.00963479	0.277632	0	0.577616	-0.180852	0.624917	0	7.19178	0	0	0	0	0	4.58623	-0.0134888	0.0208837	0	0	0.306867	0.101261	0	0	0.174081	-0.051484	-0.781021
2016-01-04 00:00:00	-8.86477	-0.0118885	0.266367	0	0.169233	-0.137368	0.471799	0	5.6888	0	0	0	0	0	1.92895	-0.0135897	0.0211225	0	0	0.337714	0.11266	0	0	0.178598	-0.0495573	0.0980757
2016-01-05 00:00:00	-18.6517	-0.017824	0.277757	0	0.145893	-0.232398	0.782184	0	9.60973	0	0	0	0	0	5.73202	-0.0137282	0.021456	0	0	0.40556	0.139648	0	0	0.177663	-0.0563142	-1.68003
2016-01-06 00:00:00	-1.45457	-0.0128599	0.247241	0	-0.888483	-0.0796746	0.260598	0	3.68917	0	0	0	0	0	-1.54173	-0.0138157	0.0216946	0	0	0.412715	0.143457	0	0	0.188683	-0.0430031	0.929424
2016-01-07 00:00:00	-11.0422	-0.0138167	0.303045	0	0.896223	-0.14987	0.476083	0	5.64861	0	0	0	0	0	2.89326	-0.0138982	0.0218561	0	0	0.39678	0.138797	0	0	0.187877	-0.0474469	-0.304716
2016-01-08 00:00:00	-0.429091	-0.032223	0.244795	0	-1.21797	-0.0540147	0.167819	0	2.49284	0	0	0	0	0	-1.46918	-0.0139505	0.0219519	0	0	0.360331	0.127085	0	0	0.194426	-0.0377747	0.35504
2016-01-09 00:00:00	-12.7792	-0.00114384	0.244833	0	1.06516	-0.153892	0.484816	0	5.93549	0	0	0	0	0	3.80166	-0.0140598	0.0222516	0	0	0.34919	0.122996	0	0	0.189514	-0.0489805	-0.781415
2016-01-10 00:00:00	-27.2957	-0.0140416	0.284118	0	1.18513	-0.373519	1.10243	0	14.4028	0	0	0	0	0	8.53418	-0.0142722	0.0229059	0	0	0.462816	0.161893	0	0	0.180116	-0.0691397	-1.43026
2016-01-11 00:00:00	-4	-0.0201808	0.285725	0	-1.83556	-0.130667	0.398939	0	6.05725	0	0	0	0	0	-1.3571	-0.0143657	0.0232208	0	0	0.480962	0.16629	0	0	0.192788	-0.0539524	0.193349
2016-01-12 00:00:00	-18.5856	-0.00939607	0.262327	0	1.57871	-0.25101	0.832378	0	10.3481	0	0	0	0	0	4.79901	-0.0144882	0.0235718	0	0	0.477575	0.163862	0	0	0.189069	-0.0635327	-0.249422
2016-01-13 00:00:00	-1.18585	-0.0290329	0.276547	0	-1.45534	-0.0875782	0.258056	0	4.16479	0	0	0	0	0	-1.96544	-0.0145806	0.0239026	0	0	0.443249	0.151653	0	0	0.200578	-0.0478611	0.733099
2016-01-14 00:00:00	-1.57852	-0.00113631	0.227211	0	-0.39553	-0.0694158	0.165926	0	2.38515	0	0	0	0	0	-0.963689	-0.014643	0.0240545	0	0	0.374033	0.129397	0	0	0.205464	-0.0415489	0.446754
2016-01-15 00:00:00	-1.60172	-0.0154818	0.222494	0	-0.109087	-0.0415718	0.142563	0	1.61007	0	0	0	0	0	-0.54382	-0.0146486	0.0241626	0	0	0.318125	0.111849	0	0	0.208335	-0.0366969	0.274572
2016-01-16 00:00:00	0	-0.178338	0.182881	0	-0.420967	-0.0249603	0.0794898	0	1.00217	0	0	0	0	0	-0.746303	-0.0146809	0.0243132	0	0	0.267847	0.0960709	0	0	0.21093	-0.0311175	0.447333
2016-01-17 00:00:00	-0.721759	0.0940315	0.264865	0	-0.12528	-0.0197039	0.0656584	0	0.683978	0	0	0	0	0	-0.333692	-0.0147395	0.0244584	0	0	0.224939	0.0826927	0	0	0.212439	-0.0274176	0.410471
2016-01-18 00:00:00	-5.17493	0.0400671	0.238537	0	0.755937	-0.0512548	0.207009	0	1.87603	0	0	0	0	0	1.39109	-0.014768	0.0245558	0	0	0.210884	0.0788508	0	0	0.209841	-0.0335765	-0.241738
2016-01-19 00:00:00	-3.14867	-0.0223152	0.249169	0	-0.440731	-0.0449222	0.175148	0	1.80299	0	0	0	0	0	0.698593	-0.0148052	0.0247995	0	0	0.213093	0.0812078	0	0	0.211262	-0.0300199	-0.245199
2016-01-20 00:00:00	-1.9631	-0.115005	0.269657	0	-0.166529	-0.0448784	0.177847	0	1.37975	0	0	0	0	0	0.289935	-0.0148226	0.0250954	0	0	0.212552	0.0832251	0	0	0.213378	-0.0242808	0.322825
2016-01-21 00:00:00	-1.60317	0.0961446	0.344992	0	-0.0204611	-0.0252906	0.0978622	0	0.887756	0	0	0	0	0	0.0750116	-0.0148294	0.0253133	0	0	0.192359	0.0770088	0	0	0.213357	-0.0244088	0.321644
2016-01-22 00:00:00	-2.99165	-0.0106673	0.445086	0	0.253804	-0.0331408	0.133537	0	1.19806	0	0	0	0	0	0.63028	-0.0148398	0.0253741	0	0	0.17436	0.0710715	0	0	0.2114	-0.0290552	0.0636169
2016-01-23 00:00:00	-0.644653	-0.015939	0.445807	0	-0.403781	-0.0147157	0.055797	0	0.672444	0	0	0	0	0	-0.233215	-0.0148488	0.02538	0	0	0.153094	0.0643754	0	0	0.212467	-0.025888	0.276323
2016-01-24 00:00:00	-2.02616	-0.00607954	0.513707	0	0.130115	-0.019826	0.0855177	0	0.655387	0	0	0	0	0	0.430314	-0.0148446	0.0254131	0	0	0.133759	0.058704	0	0	0.212964	-0.0238001	0.155174
2016-01-25 00:00:00	-2.1306	-0.0116368	0.47536	0	0.0783088	-0.0231812	0.0852226	0	0.826032	0	0	0	0	0	0.445691	-0.0148651	0.0254071	0	0	0.123242	0.0553417	0	0	0.211753	-0.0256702	0.120406
2016-01-26 00:00:00	-9.31384	-0.108601	0.482002	0	0.791994	-0.1156	0.288275	0	3.59977	0	0	0	0	0	3.09164	-0.0149258	0.0256036	0	0	0.148961	0.0645309	0	0	0.2058	-0.0367905	-0.891179
2016-01-27 00:00:00	-14.3415	-0.0773866	0.412967	0	0.720673	-0.228488	0.522246	0	7.55167	0	0	0	0	0	4.26867	-0.0150023	0.0260427	0	0	0.225571	0.0930815	0	0	0.199913	-0.0481374	-0.689651
2016-01-28 00:00:00	-4.65548	0.149708	0.441291	0	-0.429048	-0.106679	0.286173	0	4.01902	0	0	0	0	0	0.0457665	-0.0151082	0.0262661	0	0	0.251281	0.102042	0	0	0.205375	-0.0418939	0.278709
2016-01-29 00:00:00	-10.3454	-0.0176386	0.457381	0	0.261843	-0.147832	0.427436	0	5.63088	0	0	0	0	0	2.46957	-0.0151627	0.026437	0	0	0.264991	0.105508	0	0	0.202674	-0.0484884	-0.727828
2016-01-30 00:00:00	-1.57556	-0.00849733	0.357423	0	-0.930565	-0.063345	0.199679	0	2.9525	0	0	0	0	0	-0.822405	-0.0152133	0.0264602	0	0	0.249681	0.0992571	0	0	0.208188	-0.0412154	0.636384
2016-01-31 00:00:00	-11.7883	-0.0107056	0.399409	0	0.987984	-0.165996	0.45914	0	5.70602	0	0	0	0	0	3.114	-0.0152747	0.0265981	0	0	0.265125	0.105118	0	0	0.205134	-0.048	-0.759725
2016-02-01 00:00:00	-12.4706	-0.00999427	0.511974	0	0.419243	-0.188222	0.543206	0	7.56343	0	0	0	0	0	2.85866	-0.0153915	0.0268877	0	0	0.32069	0.124516	0	0	0.203411	-0.0533187	-0.165498
2016-02-02 00:00:00	-7.10288	-0.020179	0.462425	0	-0.670211	-0.139463	0.341345	0	5.93742	0	0	0	0	0	0.507701	-0.0154451	0.027026	0	0	0.315552	0.11952	0	0	0.206518	-0.0536677	-0.0843404
2016-02-03 00:00:00	-0.969347	0.00290569	0.457435	0	-0.454692	-0.0602007	0.148984	0	2.53888	0	0	0	0	0	-1.22517	-0.015479	0.0270938	0	0	0.274855	0.104446	0	0	0.215332	-0.0408989	1.00414
2016-02-04 00:00:00	-2.93308	-0.0103741	0.528385	0	0.0393786	-0.0539712	0.157572	0	1.88963	0	0	0	0	0	0.00265774	-0.0154909	0.0271846	0	0	0.240888	0.0933627	0	0	0.218767	-0.0359014	0.149012
2016-02-05 00:00:00	-7.43747	-0.0199071	0.554378	0	0.435676	-0.0977775	0.308537	0	3.81465	0	0	0	0	0	1.573	-0.0155416	0.0272136	0	0	0.230893	0.0899401	0	0	0.213877	-0.0448416	-0.367368
2016-02-06 00:00:00	-1.04622	-0.00335611	0.510998	0	-0.683899	-0.0415103	0.128317	0	1.92993	0	0	0	0	0	-0.739575	-0.0155524	0.0272744	0	0	0.210717	0.0831107	0	0	0.21847	-0.0373045	0.541398
2016-02-07 00:00:00	-3.99193	-0.00934218	0.483301	0	0.408033	-0.054908	0.167763	0	2.01635	0	0	0	0	0	0.6268	-0.0156005	0.0273101	0	0	0.187966	0.0753344	0	0	0.219358	-0.0369138	0.103518
2016-02-08 00:00:00	-2.66519	-0.0111203	0.530326	0	-0.21425	-0.0460375	0.137812	0	1.88391	0	0	0	0	0	0.12301	-0.0155998	0.0273216	0	0	0.168668	0.068568	0	0	0.219291	-0.0375721	0.169137
2016-02-09 00:00:00	-8.30093	-0.0148229	0.519682	0	0.853632	-0.105397	0.304601	0	4.02126	0	0	0	0	0	2.04917	-0.0156097	0.0273388	0	0	0.166276	0.0671576	0	0	0.214291	-0.0465569	-0.259916
2016-02-10 00:00:00	-0.100781	-0.355338	0.479046	0	-1.37484	-0.036179	0.100239	0	1.9311	0	0	0	0	0	-0.820432	-0.0156007	0.0273647	0	0	0.153537	0.0627204	0	0	0.219914	-0.0371496	0.233606
2016-02-11 00:00:00	-0.357145	-0.12604	0.479429	0	-0.209863	-0.0164606	0.0489022	0	0.609909	0	0	0	0	0	-0.424723	-0.0155935	0.0273527	0	0	0.130066	0.055296	0	0	0.225169	-0.0264693	0.399829
2016-02-12 00:00:00	-0.145435	-0.261905	0.440615	0	-0.343464	-0.012351	0.0394579	0	0.445431	0	0	0	0	0	-0.20924	-0.0155831	0.0273455	0	0	0.107559	0.048493	0	0	0.225726	-0.0236829	0.322967
2016-02-13 00:00:00	-8.03289	0.70134	0.458174	0	1.36422	-0.0593718	0.234087	0	2.35697	0	0	0	0	0	2.21929	-0.0155837	0.0273999	0	0	0.110673	0.0496888	0	0	0.220672	-0.0330865	-0.398414
2016-02-14 00:00:00	-2.41242	-0.0155296	0.484232	0	-0.505211	-0.0425389	0.141746	0	2.04198	0	0	0	0	0	0.0209227	-0.0155882	0.0274128	0	0	0.117804	0.0516795	0	0	0.219651	-0.037064	0.0770756
2016-02-15 00:00:00	-0.422522	-0.163559	0.441491	0	-0.550331	-0.0172317	0.0600928	0	0.836611	0	0	0	0	0	-0.264807	-0.0155764	0.0274067	0	0	0.100124	0.0461143	0	0	0.223638	-0.0292234	0.272228
2016-02-16 00:00:00	-8.20988	0.143407	0.573309	0	0.799337	-0.0999563	0.391313	0	2.61236	0	0	0	0	0	2.57823	-0.0156012	0.0275844	0	0	0.139093	0.0642684	0	0	0.22308	-0.0294302	-0.80288
2016-02-17 00:00:00	-10.1386	-0.00759444	0.510647	0	1.01444	-0.141669	0.486242	0	4.89631	0	0	0	0	0	2.5662	-0.0156789	0.0277607	0	0	0.20669	0.0933254	0	0	0.21548	-0.0447737	-0.331195
2016-02-18 00:00:00	-0.345435	-0.15646	0.508244	0	-1.33517	-0.0403839	0.132818	0	2.0287	0	0	0	0	0	-1.07153	-0.0156961	0.0278528	0	0	0.202759	0.0911037	0	0	0.221133	-0.0358901	0.212047
2016-02-19 00:00:00	-2.69453	0.129256	0.646677	0	0.0816659	-0.037918	0.123207	0	1.28733	0	0	0	0	0	0.224594	-0.0156894	0.0279095	0	0	0.174291	0.0794308	0	0	0.224523	-0.0299332	0.220809
2016-02-20 00:00:00	-5.57618	-0.00227102	0.650796	0	0.629648	-0.0670463	0.202882	0	2.61005	0	0	0	0	0	1.10093	-0.0156931	0.0279239	0	0	0.167234	0.0753465	0	0	0.219982	-0.0383593	-0.0147589
2016-02-21 00:00:00	-5.0569	-0.0158681	0.692399	0	-0.112458	-0.0697585	0.209207	0	2.96231	0	0	0	0	0	0.815925	-0.0156989	0.0279746	0	0	0.163992	0.0723193	0	0	0.2191	-0.0404014	-0.147857
2016-02-22 00:00:00	-0.159199	-0.4366	0.630763	0	-0.593646	-0.0191946	0.0567035	0	1.07395	0	0	0	0	0	-0.548123	-0.0156812	0.0279615	0	0	0.138692	0.0625355	0	0	0.22439	-0.030729	0.411826
2016-02-23 00:00:00	-0.0816026	-0.405607	0.522638	0	-0.587163	-0.0187373	0.0622799	0	0.708364	0	0	0	0	0	-0.273139	-0.0156849	0.0279552	0	0	0.125316	0.0579208	0	0	0.226157	-0.0252964	0.323401
2016-02-24 00:00:00	-0.05998	-0.330486	0.525529	0	-0.395249	-0.0108277	0.0385036	0	0.397011	0	0	0	0	0	-0.155768	-0.0156847	0.0279301	0	0	0.105456	0.0510979	0	0	0.226564	-0.0219575	0.38214
2016-02-25 00:00:00	0	-0.129882	0.56789	0	-0.431432	-0.00490435	0.0153742	0	0.158583	0	0	0	0	0	-0.0918274	-0.0156906	0.0278873	0	0	0.0862515	0.0451663	0	0	0.226493	-0.0191327	0.434776
2016-02-26 00:00:00	-0.0893068	-0.10151	0.577328	0	-0.255601	-0.00449583	0.0125049	0	0.102214	0	0	0	0	0	-0.00457945	-0.0156731	0.0278827	0	0	0.0690659	0.0405429	0	0	0.225554	-0.0175437	0.566383
2016-02-27 00:00:00	0	-0.121949	0.542909	0	-0.256369	-0.00508672	0.0147362	0	0.118157	0	0	0	0	0	0.0279131	-0.0156633	0.0278524	0	0	0.0571882	0.0374044	0	0	0.223701	-0.0171165	0.633676
2016-02-28 00:00:00	-0.155347	-0.104146	0.627611	0	-0.175297	-0.00311646	0.00949622	0	0.0747611	0	0	0	0	0	0.0479174	-0.0156471	0.0278077	0	0	0.0462286	0.0338342	0	0	0.222215	-0.0161763	0.620141
2016-02-29 00:00:00	-3.91614	1.37447	0.69101	0	0.525638	-0.0113525	0.0473338	0	0.246286	0	0	0	0	0	0.789492	-0.0156403	0.0277837	0	0	0.0444072	0.0322746	0	0	0.22026	-0.0163702	0.0394436
2016-03-01 00:00:00	-12.7988	0.200265	0.85499	0	2.47538	-0.0921276	0.341261	0	3.42573	0	0	0	0	0	3.78745	-0.0156729	0.0278535	0	0	0.0742944	0.0416139	0	0	0.210356	-0.0376361	-1.50501
2016-03-02 00:00:00	-1.05842	-0.0237408	0.754961	0	-1.19054	-0.0345993	0.107938	0	1.93086	0	0	0	0	0	-0.688254	-0.0156851	0.0278821	0	0	0.0931901	0.0471293	0	0	0.21363	-0.0348899	0.129462
2016-03-03 00:00:00	-1.08505	-0.0749593	0.728342	0	-0.0613934	-0.0213657	0.0635665	0	0.739747	0	0	0	0	0	-0.233735	-0.0156765	0.0278455	0	0	0.0818077	0.0432228	0	0	0.217988	-0.0265208	0.383823
2016-03-04 00:00:00	-7.21286	0.0746897	0.755702	0	0.817995	-0.0671091	0.24426	0	2.51084	0	0	0	0	0	1.95271	-0.0156844	0.0278687	0	0	0.0926711	0.0469872	0	0	0.214031	-0.0341623	-0.592062
2016-03-05 00:00:00	-0.989852	-0.0577831	0.805594	0	-0.744631	-0.0273098	0.100263	0	1.39604	0	0	0	0	0	-0.49978	-0.015688	0.0279098	0	0	0.100832	0.0495855	0	0	0.216677	-0.0295206	0.332336
2016-03-06 00:00:00	-0.205415	-0.427386	0.673102	0	-0.333452	-0.00895875	0.032912	0	0.419793	0	0	0	0	0	-0.301236	-0.0156796	0.0278728	0	0	0.0868955	0.0449671	0	0	0.219876	-0.022126	0.191166
2016-03-07 00:00:00	-2.01762	0.454061	0.966829	0	-0.0982351	-0.013508	0.0513051	0	0.428465	0	0	0	0	0	0.152906	-0.0156739	0.027846	0	0	0.0778407	0.041959	0	0	0.219398	-0.0203892	0.255187
2016-03-08 00:00:00	-3.67466	0.0132755	0.818428	0	0.464005	-0.031997	0.127465	0	1.03116	0	0	0	0	0	0.9089	-0.0156715	0.0278431	0	0	0.0792959	0.0427513	0	0	0.216261	-0.0257306	-0.0186766
2016-03-09 00:00:00	-2.82074	-0.0189708	0.825119	0	-0.0634976	-0.0290924	0.117215	0	1.12914	0	0	0	0	0	0.493548	-0.0156725	0.0278436	0	0	0.0844273	0.0448626	0	0	0.214865	-0.0279169	-0.0388706
2016-03-10 00:00:00	-0.304633	-0.483323	0.833796	0	-0.428243	-0.0117745	0.0472899	0	0.521329	0	0	0	0	0	-0.177492	-0.0156661	0.0278148	0	0	0.0779765	0.0427078	0	0	0.216339	-0.023099	0.323022
2016-03-11 00:00:00	-1.59599	0.352771	0.884164	0	-0.0913155	-0.0107225	0.0405044	0	0.328018	0	0	0	0	0	0.109311	-0.015658	0.0277824	0	0	0.0688267	0.0394895	0	0	0.216757	-0.0196906	0.334244
2016-03-12 00:00:00	-0.25998	-0.697218	1.08953	0	-0.341199	-0.00650868	0.0241486	0	0.251278	0	0	0	0	0	-0.048392	-0.0156478	0.0277455	0	0	0.0614364	0.0368716	0	0	0.215924	-0.0187083	0.319278
2016-03-13 00:00:00	-0.0992187	-0.384292	0.997444	0	-0.486433	-0.00382659	0.014256	0	0.128742	0	0	0	0	0	-0.0419593	-0.0156309	0.0276859	0	0	0.0515923	0.0336106	0	0	0.215605	-0.0165595	0.421017
2016-03-14 00:00:00	0	-0.299026	1.30366	0	-0.615488	-0.00316982	0.0083799	0	0.0548865	0	0	0	0	0	-0.000215799	-0.0156219	0.0276565	0	0	0.0449438	0.0320207	0	0	0.213741	-0.0154824	0.736286
2016-03-15 00:00:00	0	-0.17486	0.88072	0	-0.303158	-0.00183146	0.0047102	0	0.0355859	0	0	0	0	0	0.00852221	-0.0156008	0.0275963	0	0	0.0353342	0.0285927	0	0	0.21224	-0.0150024	0.722849
2016-03-16 00:00:00	-0.211711	-0.133423	1.00303	0	-0.267648	-0.00241045	0.00573781	0	0.0392792	0	0	0	0	0	0.0499935	-0.0155868	0.0275487	0	0	0.0299601	0.026352	0	0	0.210092	-0.0145965	0.746621
2016-03-17 00:00:00	-0.230889	-0.106813	0.952535	0	-0.168375	-0.00236381	0.0060681	0	0.0335998	0	0	0	0	0	0.0778425	-0.0155712	0.0274989	0	0	0.0259925	0.0244744	0	0	0.208103	-0.0143438	0.817758
2016-03-18 00:00:00	-0.05998	-0.157176	1.01241	0	-0.19807	-0.00141772	0.00414776	0	0.0267426	0	0	0	0	0	0.0168305	-0.0155479	0.0274223	0	0	0.0217276	0.0227493	0	0	0.206549	-0.0140139	0.892374
2016-03-19 00:00:00	0	-0.162927	1.01901	0	-0.240738	-0.00234496	0.00524441	0	0.0301517	0	0	0	0	0	0.0348952	-0.0155359	0.0273733	0	0	0.0199015	0.0216543	0	0	0.204335	-0.0137865	0.927232
2016-03-20 00:00:00	0	-0.183029	1.13015	0	-0.130086	-0.00096187	0.00194756	0	0.0128734	0	0	0	0	0	-0.0575105	-0.0155162	0.027293	0	0	0.0168743	0.0198862	0	0	0.20245	-0.013471	1.0109
2016-03-21 00:00:00	0	-0.140485	1.12915	0	-0.0338816	-0.00100321	0.00294085	0	0.0120181	0	0	0	0	0	-0.0477361	-0.0154967	0.0272316	0	0	0.0143807	0.0186078	0	0	0.200296	-0.0131573	1.15287
2016-03-22 00:00:00	-0.0408013	-0.0672304	1.15968	0	-0.14413	-0.000702112	0.00318481	0	0.0173578	0	0	0	0	0	-0.019629	-0.0154787	0.0271879	0	0	0.0134376	0.0178683	0	0	0.197734	-0.0127236	1.13576
2016-03-23 00:00:00	-0.349287	-0.00645982	1.15248	0	-0.0482745	-0.000156629	0.0018183	0	0.00809831	0	0	0	0	0	-0.0372787	-0.0154528	0.0271104	0	0	0.0123304	0.0172188	0	0	0.195973	-0.0122915	0.945826
2016-03-24 00:00:00	-3.13445	1.08236	1.27577	0	0.21073	-0.00265163	0.0117184	0	0.0436233	0	0	0	0	0	0.46083	-0.0154533	0.0270784	0	0	0.0130431	0.0174966	0	0	0.193358	-0.0122284	0.171226
2016-03-25 00:00:00	0	-0.987526	1.24746	0	-0.0318937	-0.00268397	0.00996746	0	0.0601638	0	0	0	0	0	0.141136	-0.0154462	0.0270297	0	0	0.0151478	0.0183114	0	0	0.191933	-0.0126441	0.660959
2016-03-26 00:00:00	-4.23607	1.21068	1.41115	0	0.332319	-0.00595604	0.0245081	0	0.104192	0	0	0	0	0	0.6597	-0.0154393	0.026993	0	0	0.0174206	0.0191056	0	0	0.190063	-0.0129356	-0.274268
2016-03-27 00:00:00	-11.363	1.14255	1.26076	0	2.4071	-0.0272317	0.0968271	0	0.86903	0	0	0	0	0	2.92167	-0.0154647	0.0270303	0	0	0.030379	0.0248626	0	0	0.188187	-0.0184177	-2.45566
2016-03-28 00:00:00	-0.403852	-0.685211	1.15649	0	-0.458341	-0.0147365	0.0499946	0	0.772215	0	0	0	0	0	-0.363019	-0.0154726	0.0270352	0	0	0.0396624	0.0289097	0	0	0.188147	-0.0223121	0.299509
2016-03-29 00:00:00	-1.60727	0.0944314	1.16228	0	-0.152274	-0.0103952	0.0415689	0	0.343127	0	0	0	0	0	0.130142	-0.0154591	0.0270003	0	0	0.0388406	0.0287753	0	0	0.190363	-0.0169533	0.254182
2016-03-30 00:00:00	-0.05998	-0.610562	1.2087	0	-0.447115	-0.00667587	0.0270094	0	0.208008	0	0	0	0	0	-0.0978473	-0.0154486	0.0269651	0	0	0.0381413	0.0288009	0	0	0.190207	-0.0155193	0.474686
2016-03-31 00:00:00	-2.23363	0.577307	1.17203	0	0.35368	-0.00357162	0.0131509	0	0.108054	0	0	0	0	0	0.197	-0.0154289	0.0268954	0	0	0.0349039	0.027353	0	0	0.189841	-0.014533	0.433047
2016-04-01 00:00:00	-0.644653	-0.418155	1.28505	0	-0.317381	-0.00689871	0.0238632	0	0.223843	0	0	0	0	0	0.0207195	-0.0154217	0.0268702	0	0	0.0332438	0.026807	0	0	0.187856	-0.0153006	0.410438
2016-04-02 00:00:00	-1.98223	0.429793	1.51212	0	0.000840961	-0.00418915	0.0139769	0	0.119184	0	0	0	0	0	0.121426	-0.0154081	0.0268109	0	0	0.0305858	0.0258382	0	0	0.187242	-0.0146628	0.451326
2016-04-03 00:00:00	-0.603852	-0.619853	1.44557	0	-0.209727	-0.00499108	0.0176799	0	0.134233	0	0	0	0	0	0.0951905	-0.0153814	0.0267415	0	0	0.0292956	0.0252833	0	0	0.185859	-0.0144134	0.491639
2016-04-04 00:00:00	-7.04651	1.17602	1.54546	0	1.0156	-0.0255862	0.0987086	0	0.696482	0	0	0	0	0	1.59305	-0.015379	0.0267547	0	0	0.0367909	0.0276116	0	0	0.183865	-0.0172875	-0.70442
2016-04-05 00:00:00	-5.05636	0.052533	1.53321	0	0.288062	-0.0316874	0.124281	0	1.20621	0	0	0	0	0	1.02278	-0.0153977	0.026778	0	0	0.0498453	0.0331879	0	0	0.181077	-0.0255973	-0.611075
2016-04-06 00:00:00	-4.29115	0.054828	1.39603	0	0.138553	-0.0348899	0.119303	0	1.36205	0	0	0	0	0	0.722314	-0.0154058	0.0267769	0	0	0.0540614	0.0345806	0	0	0.180183	-0.0292512	-0.282011
2016-04-07 00:00:00	-6.82517	0.0809362	1.46156	0	0.57574	-0.0580536	0.198278	0	2.20253	0	0	0	0	0	1.4916	-0.0154218	0.0268016	0	0	0.0630427	0.0380819	0	0	0.179536	-0.0335886	-0.614125
2016-04-08 00:00:00	-0.850068	-0.577381	1.4781	0	-0.724942	-0.0204147	0.0681972	0	0.998222	0	0	0	0	0	-0.468644	-0.015423	0.0267959	0	0	0.0658007	0.0391778	0	0	0.184282	-0.0269869	0.176718
2016-04-09 00:00:00	-3.46612	0.569259	1.44622	0	0.232304	-0.0226172	0.0739929	0	0.673517	0	0	0	0	0	0.342579	-0.0154177	0.0267758	0	0	0.0615897	0.0373781	0	0	0.187043	-0.0230033	0.123502
2016-04-10 00:00:00	-3.61904	-0.0397217	1.38783	0	0.0531713	-0.0301147	0.103161	0	1.11666	0	0	0	0	0	0.612148	-0.0154218	0.02678	0	0	0.0659481	0.0390473	0	0	0.186204	-0.0244751	-0.137821
2016-04-11 00:00:00	-0.0446534	-1.02834	1.48031	0	-0.660943	-0.0113576	0.039753	0	0.547731	0	0	0	0	0	-0.304877	-0.0154165	0.0267627	0	0	0.0642079	0.0383733	0	0	0.188041	-0.0204369	0.299149
2016-04-12 00:00:00	-4.10299	1.04259	1.48667	0	0.397921	-0.0130214	0.0586438	0	0.383242	0	0	0	0	0	0.53879	-0.0154081	0.0267384	0	0	0.0590513	0.0361412	0	0	0.18895	-0.0179794	0.0693392
2016-04-13 00:00:00	-3.17441	0.0272256	1.28439	0	0.157664	-0.0176107	0.102118	0	0.861618	0	0	0	0	0	0.528848	-0.0154069	0.0267299	0	0	0.0607896	0.0363541	0	0	0.186694	-0.022784	0.0422255
2016-04-14 00:00:00	-0.669892	-0.853888	1.62474	0	-0.412382	-0.00707095	0.0343689	0	0.440769	0	0	0	0	0	-0.149559	-0.0153953	0.0267029	0	0	0.0568797	0.0346744	0	0	0.187717	-0.0203506	0.277314
2016-04-15 00:00:00	-3.61914	0.857421	1.41316	0	0.32196	-0.0106436	0.0541661	0	0.399668	0	0	0	0	0	0.47949	-0.0153763	0.0266666	0	0	0.0525274	0.0325188	0	0	0.188511	-0.0183774	0.162545
2016-04-16 00:00:00	-0.765258	-0.548096	1.3564	0	-0.457771	-0.00755531	0.0320609	0	0.431818	0	0	0	0	0	-0.0179976	-0.0153663	0.0266477	0	0	0.0501414	0.0315389	0	0	0.187445	-0.0197028	0.284301
2016-04-17 00:00:00	-0.186236	-0.678249	1.54633	0	-0.491675	-0.00380591	0.0155569	0	0.134127	0	0	0	0	0	-0.125723	-0.0153299	0.026616	0	0	0.0449771	0.0299335	0	0	0.188288	-0.01598	0.468826
2016-04-18 00:00:00	-0.825475	-0.216972	1.71796	0	-0.377797	-0.00147262	0.00326913	0	0.047005	0	0	0	0	0	-0.0184222	-0.0153081	0.026553	0	0	0.036111	0.0274784	0	0	0.188289	-0.0146568	0.576558
2016-04-19 00:00:00	0	-0.329823	1.83021	0	-0.875488	-0.00197105	0.00369988	0	0.0314755	0	0	0	0	0	-0.199034	-0.0153046	0.0265384	0	0	0.0318523	0.0255277	0	0	0.186856	-0.0138429	0.7007
2016-04-20 00:00:00	0	-0.47653	2.99729	0	-0.872918	-0.000740254	0.000880685	0	0.00996364	0	0	0	0	0	-0.497955	-0.0152688	0.0264728	0	0	0.023057	0.0211234	0	0	0.186006	-0.0133257	1.38805
2016-04-21 00:00:00	-0.0446534	-0.255951	2.05572	0	-0.251634	-0.000886743	0.000687701	0	0.00948064	0	0	0	0	0	-0.308504	-0.0152341	0.02642	0	0	0.0185017	0.0188373	0	0	0.184096	-0.0128243	1.42406
2016-04-22 00:00:00	0	-0.0714554	1.41604	0	-0.037535	-9.04383E-05	0.00136379	0	0.00374385	0	0	0	0	0	-0.129466	-0.0152054	0.026375	0	0	0.0157752	0.0174098	0	0	0.182649	-0.0120376	1.39757
2016-04-23 00:00:00	-0.0953666	0	1.42692	0	-0.133398	-4.98275E-05	0.00080321	0	0.00193996	0	0	0	0	0	-0.112673	-0.0151797	0.0263309	0	0	0.0142705	0.0165645	0	0	0.180842	-0.0115833	1.29942
2016-04-24 00:00:00	-1.20141	0	1.65372	0	0.0896205	-0.000105696	0.00216208	0	0.00168147	0	0	0	0	0	0.0659309	-0.015138	0.0262854	0	0	0.0139284	0.0165208	0	0	0.179063	-0.0114345	0.820828
2016-04-25 00:00:00	-0.155347	0	1.50442	0	-0.0836441	-6.41711E-05	0.00110564	0	0.00416667	0	0	0	0	0	-0.155191	-0.0151166	0.0262386	0	0	0.0138016	0.0163583	0	0	0.177304	-0.0113767	1.32266
2016-04-26 00:00:00	-2.3696	0.653576	1.56813	0	0.153937	-9.89416E-05	0.00253225	0	0.00597215	0	0	0	0	0	0.165525	-0.0150958	0.0261759	0	0	0.0141899	0.0167347	0	0	0.175985	-0.0112831	0.38668
2016-04-27 00:00:00	-1.57324	-0.0719711	1.55515	0	0.0896504	-0.00138815	0.00584234	0	0.030578	0	0	0	0	0	0.240523	-0.0150926	0.0261556	0	0	0.0152407	0.017188	0	0	0.173469	-0.0113344	0.480772
2016-04-28 00:00:00	-1.29449	-0.140331	1.46709	0	0.0763128	-0.00148663	0.00672286	0	0.0342674	0	0	0	0	0	0.156126	-0.0150781	0.0261229	0	0	0.0170698	0.0180081	0	0	0.17225	-0.0114594	0.51113
2016-04-29 00:00:00	-10.8362	1.50611	1.52749	0	1.82645	-0.00749802	0.0247052	0	0.406933	0	0	0	0	0	2.48384	-0.015087	0.0261114	0	0	0.0212463	0.0184216	0	0	0.170634	-0.0128289	-2.85973
2016-04-30 00:00:00	-5.01216	-0.32643	1.79991	0	0.122121	-0.0218921	0.0911124	0	0.824275	0	0	0	0	0	1.2618	-0.0151078	0.0261666	0	0	0.0388263	0.0248932	0	0	0.171048	-0.0159997	-1.03145
2016-05-01 00:00:00	-8.96426	-0.28663	2.13633	0	-0.0981155	-0.0963248	0.397422	0	2.3831	0	0	0	0	0	2.70111	-0.0151684	0.0263668	0	0	0.0945342	0.0539963	0	0	0.172449	-0.0149166	-1.51011
2016-05-02 00:00:00	-5.89838	1.05075	2.19883	0	0.5564	-0.0464693	0.182683	0	1.22932	0	0	0	0	0	0.283567	-0.0152004	0.0264782	0	0	0.130601	0.0711826	0	0	0.172799	-0.0163018	-0.0737449
2016-05-03 00:00:00	-5.04977	0.0550606	1.99717	0	0.280633	-0.032967	0.106554	0	1.20563	0	0	0	0	0	0.575508	-0.0152103	0.0264779	0	0	0.123517	0.0661629	0	0	0.171162	-0.0217975	-0.51186
2016-05-04 00:00:00	0	-1.2458	2.18195	0	-0.609791	-0.0143293	0.0506266	0	0.587847	0	0	0	0	0	-0.59746	-0.0152059	0.0264564	0	0	0.109671	0.05961	0	0	0.172298	-0.0196561	0.686218
2016-05-05 00:00:00	0	-0.441141	2.12409	0	-0.837724	-0.00384565	0.0115442	0	0.10025	0	0	0	0	0	-0.550106	-0.015186	0.0264089	0	0	0.0867345	0.0508361	0	0	0.173664	-0.0156323	0.709893
2016-05-06 00:00:00	0	-0.315358	2.11599	0	-0.661311	-0.00223121	0.00423882	0	0.0376636	0	0	0	0	0	-0.522732	-0.01516	0.0263554	0	0	0.0674352	0.0421733	0	0	0.173039	-0.0145319	0.935573
2016-05-07 00:00:00	-0.403852	-0.187842	1.94241	0	-0.185204	-0.00259512	0.00530047	0	0.019852	0	0	0	0	0	-0.279234	-0.0151407	0.0263196	0	0	0.056213	0.0371451	0	0	0.171699	-0.0137881	1.17128
2016-05-08 00:00:00	-0.145435	-0.203783	2.27247	0	-0.373562	-0.00162315	0.00271512	0	0.0237701	0	0	0	0	0	-0.421013	-0.0151187	0.0262713	0	0	0.0453891	0.0321093	0	0	0.170418	-0.0134232	1.39919
2016-05-09 00:00:00	-0.2	-0.0464866	2.17398	0	-0.1538	-2.91966E-05	0.000266859	0	0.00429981	0	0	0	0	0	-0.390775	-0.0150847	0.0261873	0	0	0.0332643	0.0264914	0	0	0.169831	-0.0123473	1.6158
2016-05-10 00:00:00	-0.0545653	0	2.59905	0	-0.333776	-5.73116E-05	0.000766112	0	0.00131555	0	0	0	0	0	-0.565274	-0.015066	0.0261565	0	0	0.0280923	0.0238804	0	0	0.168073	-0.0115358	1.86706
2016-05-11 00:00:00	0	0	2.1231	0	-0.186704	0	0	0	0.00077092	0	0	0	0	0	-0.276752	-0.015022	0.0260812	0	0	0.0204309	0.0199764	0	0	0.167062	-0.011261	1.86768
2016-05-12 00:00:00	0	0	2.114	0	-0.0269521	-1.92831E-05	0.000153986	0	0.00031536	0	0	0	0	0	-0.481362	-0.0150015	0.0260331	0	0	0.0167244	0.0179298	0	0	0.165334	-0.0109667	1.80619
2016-05-13 00:00:00	-0.0854547	0	1.81006	0	0.00560672	-4.4933E-05	0.000309308	0	0.000174114	0	0	0	0	0	-0.266144	-0.0149721	0.0259689	0	0	0.0142502	0.0164998	0	0	0.163514	-0.0106833	1.65908
2016-05-14 00:00:00	0	0	3.94235	0	-0.0983593	-3.27808E-07	3.13618E-05	0	0	0	0	0	0	0	-0.924393	-0.0149253	0.0258993	0	0	0.0101354	0.0136551	0	0	0.161596	-0.0104963	3.10549
2016-05-15 00:00:00	0	0	2.48017	0	-0.00424942	-2.74828E-05	0.000188476	0	0	0	0	0	0	0	-0.516424	-0.0149081	0.0258247	0	0	0.00730742	0.0119233	0	0	0.159377	-0.0101803	2.13901
2016-05-16 00:00:00	0	0	2.77151	0	-0.0139872	-2.38842E-05	0.000166419	0	0	0	0	0	0	0	-0.607819	-0.0148755	0.0257535	0	0	0.00542115	0.0105214	0	0	0.157378	-0.00995026	2.3241
2016-05-17 00:00:00	-0.936422	0	2.79004	0	0.0195453	-5.43322E-05	0.000373204	0	0	0	0	0	0	0	-0.386306	-0.0148392	0.0257095	0	0	0.00513498	0.010166	0	0	0.155357	-0.00973335	1.65897
2016-05-18 00:00:00	-10.0457	1.45245	2.68377	0	0.810191	-0.00206673	0.0143413	0	0.0103579	0	0	0	0	0	2.27961	-0.0148384	0.0257596	0	0	0.0128623	0.0150818	0	0	0.153258	-0.00988309	-2.61476
2016-05-19 00:00:00	-3.33572	-0.0178126	2.60644	0	0.0848747	-0.00662123	0.0292059	0	0.0790129	0	0	0	0	0	0.2532	-0.0148453	0.0257702	0	0	0.0240726	0.0223174	0	0	0.153159	-0.0106796	-0.107621
2016-05-20 00:00:00	-0.668543	-1.06066	2.62149	0	-0.148581	-0.00277484	0.0137898	0	0.0654396	0	0	0	0	0	-0.181346	-0.0148281	0.0257324	0	0	0.0246356	0.0228111	0	0	0.152998	-0.0107339	0.839427
2016-05-21 00:00:00	-3.42258	0.67999	2.69719	0	0.170892	-0.00385225	0.0179921	0	0.0627627	0	0	0	0	0	0.196001	-0.0148088	0.0256879	0	0	0.0239695	0.0226036	0	0	0.152271	-0.0106361	0.597489
2016-05-22 00:00:00	-1.92473	-0.199808	2.47062	0	0.0269727	-0.00590599	0.031494	0	0.144511	0	0	0	0	0	0.0115685	-0.0147961	0.0256642	0	0	0.0265686	0.0237255	0	0	0.151406	-0.0107139	0.756581
2016-05-23 00:00:00	0	-0.641339	2.50063	0	-0.268211	-0.00231985	0.013407	0	0.066262	0	0	0	0	0	-0.457131	-0.0147611	0.0256317	0	0	0.0259894	0.0238399	0	0	0.150734	-0.0106694	1.41206
2016-05-24 00:00:00	0	-0.116743	2.188	0	-0.359592	0	3.54623E-05	0	0.000725352	0	0	0	0	0	-0.412618	-0.01473	0.0255431	0	0	0.02027	0.0211821	0	0	0.150015	-0.0105187	1.49156
2016-05-25 00:00:00	0	-0.06662	2.22484	0	-0.17002	-1.55258E-05	0.000156687	0	0	0	0	0	0	0	-0.681741	-0.0147015	0.0254814	0	0	0.0165829	0.0189183	0	0	0.148341	-0.01029	1.49093
2016-05-26 00:00:00	-2.97562	1.13774	1.32082	0	0.201772	-9.3961E-05	0.0011536	0	0	0	0	0	0	0	0.242019	-0.0146863	0.0254496	0	0	0.0165904	0.0188586	0	0	0.146529	-0.0100117	0.110518
2016-05-27 00:00:00	-0.497165	-1.15129	2.47379	0	0.0516271	-0.000987885	0.00562029	0	0.00738783	0	0	0	0	0	-0.269578	-0.0146684	0.0254118	0	0	0.0165711	0.0188094	0	0	0.144777	-0.00998015	0.80032
2016-05-28 00:00:00	0	-0.015583	2.34353	0	-0.137381	-3.8281E-05	0.000290409	0	0.0015523	0	0	0	0	0	-0.745243	-0.0146402	0.0253012	0	0	0.0135818	0.0167782	0	0	0.143964	-0.00990137	1.62221
2016-05-29 00:00:00	-0.145435	0	2.56894	0	-0.22381	0	0	0	0	0	0	0	0	0	-0.582014	-0.0145994	0.0252417	0	0	0.010921	0.014953	0	0	0.142444	-0.00970742	1.78694
2016-05-30 00:00:00	-0.14002	0	2.28253	0	-0.0300638	0	2.55566E-05	0	0	0	0	0	0	0	-0.752538	-0.0145563	0.0252007	0	0	0.00904932	0.0135703	0	0	0.140859	-0.00953558	1.52452
2016-05-31 00:00:00	-0.05998	0	2.88411	0	-0.0389596	-1.31666E-05	7.46503E-05	0	0	0	0	0	0	0	-0.915636	-0.0144936	0.0251313	0	0	0.00734798	0.0122467	0	0	0.139053	-0.00937144	2.02951
2016-06-01 00:00:00	0	0	2.39061	0	-0.00790944	-2.77164E-05	0.000138359	0	0	0	0	0	0	0	-0.74298	-0.0144447	0.0250527	0	0	0.00617477	0.011294	0	0	0.137329	-0.00921788	1.79602
2016-06-02 00:00:00	0	0	2.99438	0	-0.0215512	-1.38366E-05	8.17401E-05	0	0	0	0	0	0	0	-1.02043	-0.0143637	0.0249737	0	0	0.00485406	0.0101129	0	0	0.135512	-0.0090734	2.10448
2016-06-03 00:00:00	0	0	3.70539	0	-0.0263875	0	1.87155E-05	0	0	0	0	0	0	0	-1.33836	-0.0142913	0.0248693	0	0	0.00320392	0.00863584	0	0	0.133521	-0.00890173	2.4877
2016-06-04 00:00:00	-0.2	0	2.5369	0	0.00368309	-2.6843E-05	0.000137823	0	0	0	0	0	0	0	-0.786046	-0.0142397	0.0248159	0	0	0.00281103	0.00823727	0	0	0.131713	-0.00871214	1.69928
2016-06-05 00:00:00	0	0	3.09823	0	0.0312274	-8.55865E-05	0.000490522	0	0	0	0	0	0	0	-1.2362	-0.0142116	0.0247466	0	0	0.00233676	0.00765717	0	0	0.129773	-0.0086198	2.03534
2016-06-06 00:00:00	-0.23992	0	4.29093	0	-0.078014	0	0	0	0	0	0	0	0	0	-1.30188	-0.0141777	0.0246641	0	0	0.00195036	0.00699719	0	0	0.128159	-0.00850181	2.81021
2016-06-07 00:00:00	-0.648483	0	4.59762	0	-0.00980534	0	0	0	0	0	0	0	0	0	-1.65099	-0.0141384	0.0245918	0	0	0.00136422	0.00610517	0	0	0.126413	-0.00839381	2.42428
2016-06-08 00:00:00	0	0	2.52622	0	0.00453834	0	0	0	0	0	0	0	0	0	-0.993178	-0.0140751	0.0245351	0	0	0.00133177	0.00598681	0	0	0.124381	-0.00825119	1.67149
2016-06-09 00:00:00	-0.114545	0	3.23257	0	-0.00316585	0	0	0	0	0	0	0	0	0	-1.25091	-0.0139804	0.0244758	0	0	0.00127097	0.00565386	0	0	0.122846	-0.00819161	1.99603
2016-06-10 00:00:00	-0.2	0	2.58796	0	0.00303437	0	0	0	0	0	0	0	0	0	-0.981108	-0.0139531	0.0243806	0	0	0.00130239	0.00569003	0	0	0.12132	-0.00812996	1.5405
2016-06-11 00:00:00	-1.50105	0.149309	2.831	0	0.0220186	-6.66891E-05	0.000192721	0	0	0	0	0	0	0	-0.628921	-0.0139065	0.0243134	0	0	0.00175292	0.00668058	0	0	0.119793	-0.00808858	1.00303
2016-06-12 00:00:00	-4.92785	0.638811	3.18411	0	0.0515468	-0.000120761	0.000730712	0	0	0	0	0	0	0	0.473597	-0.0139327	0.024274	0	0	0.00300056	0.00825936	0	0	0.118366	-0.00811123	-0.447325
2016-06-13 00:00:00	-1.21781	-0.535479	2.9516	0	0.0405263	-0.000170309	0.00106632	0	0	0	0	0	0	0	-0.58633	-0.0139103	0.0242105	0	0	0.00353825	0.00915208	0	0	0.117336	-0.00825445	0.78547
2016-06-14 00:00:00	-3.22432	0.365486	2.7333	0	0.00663528	-6.44471E-05	0.00057901	0	0	0	0	0	0	0	0.15261	-0.0138795	0.0241683	0	0	0.0039848	0.0100673	0	0	0.116289	-0.00829902	0.166553
2016-06-15 00:00:00	-3.39631	0.22238	2.98634	0	0.0397588	-0.000100642	0.00116479	0	0	0	0	0	0	0	0.0131373	-0.0138709	0.0241017	0	0	0.00447654	0.0109657	0	0	0.115548	-0.00834161	-0.000745884
2016-06-16 00:00:00	-2.43582	-0.10478	2.63829	0	0.00138988	-5.45455E-05	0.000897614	0	0	0	0	0	0	0	-0.084473	-0.0138472	0.0240513	0	0	0.00464603	0.0113402	0	0	0.11461	-0.00837794	0.147871
2016-06-17 00:00:00	-1.73302	-0.557514	2.7182	0	0.0164711	-7.19974E-05	0.00113296	0	0	0	0	0	0	0	-0.254011	-0.0137864	0.0239875	0	0	0.00482947	0.0115644	0	0	0.113814	-0.00838651	0.323207
2016-06-18 00:00:00	0	-0.169933	2.554	0	-0.0492648	-1.78401E-05	0.000148594	0	0	0	0	0	0	0	-1.1948	-0.0137513	0.0238932	0	0	0.0045549	0.0111206	0	0	0.112882	-0.00835154	1.27048
2016-06-19 00:00:00	-7.86495	1.67414	3.10679	0	0.166607	-0.000219222	0.00382304	0	5.30244E-06	0	0	0	0	0	1.39775	-0.013745	0.0239044	0	0	0.00666245	0.0130601	0	0	0.112122	-0.00833293	-1.38238
2016-06-20 00:00:00	-2.06583	-1.03951	3.24745	0	0.0361329	-0.000110958	0.00206837	0	0.000192845	0	0	0	0	0	-0.132566	-0.0137418	0.0238844	0	0	0.00861743	0.015188	0	0	0.111644	-0.00862633	0.184791
2016-06-21 00:00:00	0	-0.578608	2.74809	0	-0.11267	-1.25149E-05	0.000269234	0	8.53228E-05	0	0	0	0	0	-1.07118	-0.0137166	0.023832	0	0	0.00825537	0.015238	0	0	0.110959	-0.00863261	1.12192
2016-06-22 00:00:00	-0.14002	-0.0589771	2.8349	0	-0.144817	0	0	0	0	0	0	0	0	0	-1.19695	-0.0136974	0.023727	0	0	0.00657676	0.0134679	0	0	0.110434	-0.00855944	1.42609
2016-06-23 00:00:00	0	-0.0053218	2.9025	0	-0.0380304	0	0	0	0	0	0	0	0	0	-1.65465	-0.0136497	0.0236798	0	0	0.00536385	0.0120147	0	0	0.109318	-0.00841678	1.33281
2016-06-24 00:00:00	-11.8431	2.08935	3.10347	0	0.55245	-0.000352193	0.0113387	0	0.00185056	0	0	0	0	0	3.05878	-0.0136718	0.0237628	0	0	0.0103166	0.0165608	0	0	0.108207	-0.00832244	-2.88936
2016-06-25 00:00:00	-4.30772	0.0920513	3.15989	0	-0.0341339	-0.00359926	0.0197356	0	0.0277879	0	0	0	0	0	0.384217	-0.0136696	0.023753	0	0	0.0130845	0.0192498	0	0	0.108306	-0.00882982	-0.51988
2016-06-26 00:00:00	-4.06177	-0.117922	3.29527	0	0.0745392	-0.00435386	0.0228935	0	0.0293995	0	0	0	0	0	0.334327	-0.0136638	0.0237288	0	0	0.0141783	0.0202127	0	0	0.108557	-0.00890197	-0.283505
2016-06-27 00:00:00	0	-1.61898	2.97259	0	-0.127875	-0.00182092	0.00923497	0	0.018489	0	0	0	0	0	-0.724012	-0.0136472	0.0236934	0	0	0.0144291	0.020496	0	0	0.108944	-0.00895116	0.672596
2016-06-28 00:00:00	-1.76799	-0.0744801	2.81971	0	0.0696603	-0.000542291	0.00282738	0	0.004841	0	0	0	0	0	-0.547684	-0.0135783	0.0236394	0	0	0.0132575	0.0197733	0	0	0.108817	-0.0088508	0.649396
2016-06-29 00:00:00	-4.69628	1.05771	3.13321	0	0.0743232	-0.0036442	0.0182113	0	0.0480185	0	0	0	0	0	0.248896	-0.0135709	0.0235955	0	0	0.0135065	0.019549	0	0	0.108261	-0.00880956	0.0229782
2016-06-30 00:00:00	-5.05229	0.351878	3.09479	0	0.083219	-0.0057964	0.0292042	0	0.098204	0	0	0	0	0	0.725048	-0.0135659	0.0235782	0	0	0.0156944	0.020918	0	0	0.108195	-0.00896266	-0.529887
2016-07-01 00:00:00	-7.10123	0.489695	2.95323	0	0.12418	-0.00860664	0.0479931	0	0.175306	0	0	0	0	0	1.61515	-0.0135568	0.0235705	0	0	0.0191874	0.023748	0	0	0.109002	-0.00921787	-1.55155
2016-07-02 00:00:00	-3.58466	-0.133806	3.04123	0	-0.0214114	-0.00498686	0.0269883	0	0.140993	0	0	0	0	0	0.121564	-0.0135568	0.0235376	0	0	0.0210451	0.0250277	0	0	0.109957	-0.00934313	-0.257422
2016-07-03 00:00:00	-0.732806	-1.57224	3.12353	0	-0.0799317	-0.00245955	0.012657	0	0.0738802	0	0	0	0	0	-0.565003	-0.0135468	0.0234947	0	0	0.0200899	0.0241614	0	0	0.110413	-0.00923038	0.413009
2016-07-04 00:00:00	-12.3531	2.29226	3.24343	0	0.326047	-0.0128165	0.0759019	0	0.342825	0	0	0	0	0	3.12355	-0.0135507	0.0234742	0	0	0.0231683	0.02625	0	0	0.110433	-0.00936635	-2.80147
2016-07-05 00:00:00	-0.403148	-1.84438	3.09233	0	-0.279536	-0.00456789	0.0256257	0	0.178756	0	0	0	0	0	-0.666271	-0.0135567	0.0234842	0	0	0.0272685	0.0290934	0	0	0.111241	-0.00960662	0.266738
2016-07-06 00:00:00	-0.752199	-0.47558	3.03505	0	-0.161181	-6.83725E-05	0.000553181	0	0.00732739	0	0	0	0	0	-0.996336	-0.0135404	0.0234278	0	0	0.0230047	0.0262186	0	0	0.111504	-0.00933328	0.818843
2016-07-07 00:00:00	-0.808563	-0.359747	3.22164	0	-0.303528	-2.55546E-05	0.000113256	0	0.000757155	0	0	0	0	0	-0.798038	-0.0134945	0.0233762	0	0	0.018434	0.0225167	0	0	0.111226	-0.00914817	1.10552
2016-07-08 00:00:00	-6.98674	1.73592	3.36072	0	0.568211	-0.00440324	0.0218433	0	0.0623895	0	0	0	0	0	0.680592	-0.0135011	0.0233821	0	0	0.0205031	0.0235234	0	0	0.110604	-0.00898318	-0.405933
2016-07-09 00:00:00	-2.72399	-0.72721	3.44488	0	-0.0523942	-0.00418686	0.0216154	0	0.117611	0	0	0	0	0	-0.0646145	-0.013478	0.02336	0	0	0.0226613	0.0249914	0	0	0.110385	-0.00920944	0.170427
2016-07-10 00:00:00	-1.38262	-0.984558	3.49409	0	-0.277366	-0.000777568	0.00430823	0	0.0352105	0	0	0	0	0	-0.43487	-0.0134652	0.0232823	0	0	0.0197053	0.0233286	0	0	0.110311	-0.00911542	0.607463
2016-07-11 00:00:00	-0.683656	-0.116176	3.13472	0	-0.107602	-6.97051E-05	0.000705007	0	0.000383927	0	0	0	0	0	-1.46844	-0.0134213	0.0232487	0	0	0.0174464	0.0216651	0	0	0.109773	-0.00888172	0.909697
2016-07-12 00:00:00	-0.17994	-0.0652333	2.93474	0	-0.270731	0	2.32722E-05	0	0	0	0	0	0	0	-1.30964	-0.013355	0.0231754	0	0	0.0134718	0.0186017	0	0	0.109469	-0.00871884	1.25186
2016-07-13 00:00:00	-1.26721	-0.0116839	2.83166	0	0.0472817	-1.5317E-05	0.000140993	0	0	0	0	0	0	0	-1.07448	-0.0133275	0.0231199	0	0	0.0125511	0.0179519	0	0	0.10889	-0.00849441	0.666384
2016-07-14 00:00:00	0	-0.00661609	4.31439	0	-0.17148	0	8.48265E-06	0	0	0	0	0	0	0	-2.49648	-0.0132395	0.0230389	0	0	0.00895041	0.0151283	0	0	0.108134	-0.00839541	1.77344
2016-07-15 00:00:00	-11.3592	2.52572	3.37259	0	0.754448	-0.0027484	0.0168421	0	0.0219042	0	0	0	0	0	2.59209	-0.0132723	0.0230738	0	0	0.0158648	0.019889	0	0	0.107347	-0.00824373	-1.93373
2016-07-16 00:00:00	-0.0545653	-2.07627	3.23149	0	-0.161599	-0.00363637	0.0168829	0	0.0800233	0	0	0	0	0	-0.720859	-0.0132654	0.0230456	0	0	0.0196912	0.0228684	0	0	0.107363	-0.00885728	0.462317
2016-07-17 00:00:00	-0.05998	-0.353603	3.07385	0	-0.419457	-4.73787E-05	0.000168822	0	0.00177314	0	0	0	0	0	-1.16697	-0.0132277	0.0229508	0	0	0.0153301	0.0199388	0	0	0.10723	-0.008774	1.21919
2016-07-18 00:00:00	-0.2	-0.0912905	3.3767	0	-0.140167	0	5.03564E-05	0	0	0	0	0	0	0	-2.05208	-0.0132072	0.0228851	0	0	0.0117122	0.0173631	0	0	0.106709	-0.00848859	1.03019
2016-07-19 00:00:00	-0.05998	-0.00454178	5.56417	0	-0.101456	0	4.42417E-06	0	0	0	0	0	0	0	-3.32311	-0.0131687	0.0227904	0	0	0.00694784	0.0137193	0	0	0.105882	-0.00823413	2.20302
2016-07-20 00:00:00	-19.0645	3.28423	3.83018	0	1.12861	-0.0118165	0.0651346	0	0.219017	0	0	0	0	0	5.98213	-0.0132003	0.0228895	0	0	0.0185272	0.0221387	0	0	0.105205	-0.00827492	-4.41977
2016-07-21 00:00:00	-0.05998	-2.17628	3.47292	0	-0.338518	-0.00677771	0.035057	0	0.245717	0	0	0	0	0	-1.00506	-0.0132114	0.0229019	0	0	0.0294583	0.0296235	0	0	0.105784	-0.00932598	0.332311
2016-07-22 00:00:00	-0.892219	-0.462507	3.30995	0	-0.13191	-0.000106633	0.000543726	0	0.00742193	0	0	0	0	0	-1.04055	-0.0131867	0.0228314	0	0	0.0233962	0.0256817	0	0	0.105983	-0.00909181	0.946229
2016-07-23 00:00:00	0	-0.471361	2.97809	0	-0.300342	-0.000332449	0.00141102	0	0.00226436	0	0	0	0	0	-1.38371	-0.0131628	0.0228116	0	0	0.0200829	0.0233609	0	0	0.105537	-0.00876452	0.975879
2016-07-24 00:00:00	-3.76619	0.575152	3.50145	0	0.0560817	-0.000109536	0.000402837	0	0.000574182	0	0	0	0	0	-0.05698	-0.0131351	0.0227476	0	0	0.0175192	0.0213302	0	0	0.105223	-0.00859813	0.455465
2016-07-25 00:00:00	-4.90909	1.1063	3.40579	0	0.227405	-0.00262363	0.0113728	0	0.0408569	0	0	0	0	0	-0.122956	-0.0131293	0.0227289	0	0	0.0174289	0.0211065	0	0	0.104587	-0.00852391	-0.0987458
2016-07-26 00:00:00	-8.48257	0.776787	3.34076	0	0.393255	-0.0109518	0.0553813	0	0.263296	0	0	0	0	0	2.17822	-0.0131327	0.0227432	0	0	0.0236533	0.0252523	0	0	0.104381	-0.00882171	-1.33174
2016-07-27 00:00:00	-1.84535	-1.12937	3.23472	0	-0.0861438	-0.00604373	0.0324659	0	0.195498	0	0	0	0	0	-0.404654	-0.0131335	0.0227312	0	0	0.0284004	0.0284866	0	0	0.104524	-0.00913337	0.152992
2016-07-28 00:00:00	-0.37994	-1.10118	2.91828	0	-0.113572	-0.00376093	0.0198442	0	0.0969154	0	0	0	0	0	-0.998805	-0.0131225	0.022684	0	0	0.0267592	0.0272496	0	0	0.104521	-0.00900623	0.596865
2016-07-29 00:00:00	0	-0.211673	2.90443	0	-0.459277	-0.000225954	0.00103648	0	0.00732154	0	0	0	0	0	-1.48264	-0.0130961	0.0225768	0	0	0.0209088	0.0238179	0	0	0.104423	-0.0088508	0.908748
2016-07-30 00:00:00	0	-0.11567	2.87146	0	-0.215486	0	4.83069E-05	0	0	0	0	0	0	0	-1.95625	-0.0130572	0.0225545	0	0	0.016453	0.0208185	0	0	0.103904	-0.00860665	0.726169
2016-07-31 00:00:00	-0.803616	-0.041968	2.81897	0	0.00303172	0	6.24885E-05	0	0	0	0	0	0	0	-1.40513	-0.0130352	0.0224757	0	0	0.0138734	0.0190566	0	0	0.103143	-0.00832375	0.708547
2016-08-01 00:00:00	0	-0.0227248	2.85863	0	-0.0518685	0	2.36041E-05	0	0	0	0	0	0	0	-1.92933	-0.013001	0.0223688	0	0	0.0107368	0.0168438	0	0	0.102515	-0.00814647	0.986048
2016-08-02 00:00:00	-2.21965	-0.00458284	3.38568	0	0.138276	-6.52539E-05	0.000455061	0	0	0	0	0	0	0	-1.11097	-0.0129772	0.0222894	0	0	0.0104106	0.0166178	0	0	0.101741	-0.00793099	0.319301
2016-08-03 00:00:00	-7.08502	2.34861	3.33517	0	0.123321	-0.00012124	0.00158738	0	0.000130918	0	0	0	0	0	0.725369	-0.0129431	0.022254	0	0	0.011557	0.0171887	0	0	0.100975	-0.00790477	-0.419823
2016-08-04 00:00:00	-3.54162	-0.28212	3.35457	0	0.0959896	-0.00137064	0.00573551	0	0.0108224	0	0	0	0	0	0.158229	-0.0129406	0.0222296	0	0	0.0140967	0.0187663	0	0	0.100695	-0.00806716	-0.0649883
2016-08-05 00:00:00	-5.12316	0.462945	3.03783	0	0.241195	-0.00346965	0.0185551	0	0.0566321	0	0	0	0	0	0.753906	-0.0129356	0.0222215	0	0	0.0180107	0.021476	0	0	0.100604	-0.00826272	-0.414455
2016-08-06 00:00:00	-0.412415	-2.22984	3.75261	0	-0.199845	-0.00214926	0.0101485	0	0.0484618	0	0	0	0	0	-0.642064	-0.0129254	0.0221743	0	0	0.0194611	0.0226039	0	0	0.10061	-0.00848277	0.468342
2016-08-07 00:00:00	-4.84745	1.46305	3.19536	0	0.156083	-0.00150172	0.0070379	0	0.0218195	0	0	0	0	0	-0.108606	-0.0129066	0.0221036	0	0	0.0182287	0.0219911	0	0	0.100322	-0.00835604	0.0271761
2016-08-08 00:00:00	-1.31527	-1.01012	2.77455	0	0.0089707	-0.001938	0.00971172	0	0.0463245	0	0	0	0	0	-0.456222	-0.0128842	0.0220531	0	0	0.0179882	0.0214505	0	0	0.100034	-0.00834408	0.196296
2016-08-09 00:00:00	-7.66201	2.25651	2.71408	0	0.225685	-0.00367144	0.0190768	0	0.09287	0	0	0	0	0	1.39607	-0.0128786	0.0220052	0	0	0.0189834	0.021775	0	0	0.0997756	-0.00836615	-0.820086
2016-08-10 00:00:00	-12.594	0.748001	2.56704	0	0.296663	-0.0190055	0.103972	0	0.552318	0	0	0	0	0	4.98592	-0.0129069	0.0220484	0	0	0.0301099	0.0287817	0	0	0.0999585	-0.00900189	-3.20014
2016-08-11 00:00:00	-12.8312	0.18295	3.17271	0	0.306492	-0.0237966	0.128063	0	0.775179	0	0	0	0	0	4.65908	-0.0129476	0.0221203	0	0	0.0440067	0.0373137	0	0	0.10099	-0.0098041	-3.44881
2016-08-12 00:00:00	-8.67881	-0.0315985	3.04799	0	0.00729504	-0.0196949	0.113103	0	0.640586	0	0	0	0	0	2.319	-0.0129835	0.0221629	0	0	0.0527547	0.0422999	0	0	0.102243	-0.0102369	-2.40589
2016-08-13 00:00:00	-2.23343	-0.817041	3.08714	0	-0.135972	-0.00819544	0.0415516	0	0.29128	0	0	0	0	0	-0.68398	-0.0129926	0.0221519	0	0	0.05179	0.0412265	0	0	0.103097	-0.00999263	-0.263372
2016-08-14 00:00:00	-0.104633	-1.63767	2.95837	0	-0.26081	-0.00492045	0.0245318	0	0.16232	0	0	0	0	0	-0.885366	-0.0129864	0.022121	0	0	0.0459529	0.0375954	0	0	0.103417	-0.00957349	0.438345
2016-08-15 00:00:00	0	-0.546048	3.11535	0	-0.419039	-2.78061E-05	0.000484374	0	0.0109805	0	0	0	0	0	-1.56276	-0.0129663	0.0220676	0	0	0.03539	0.0317329	0	0	0.103646	-0.00924115	0.769577
2016-08-16 00:00:00	-0.0953666	-0.770692	4.73979	0	-0.54158	-2.00391E-06	3.86672E-05	0	0.000505125	0	0	0	0	0	-1.82582	-0.0129444	0.0220004	0	0	0.0244347	0.0252364	0	0	0.103456	-0.00894145	1.66011
2016-08-17 00:00:00	0	-0.118946	4.21408	0	-0.0985769	-8.16498E-07	0	0	0	0	0	0	0	0	-2.37627	-0.0129269	0.0219559	0	0	0.0170305	0.0209906	0	0	0.103143	-0.00853252	1.76195
2016-08-18 00:00:00	-0.0953666	-0.0134442	3.12241	0	-0.0129245	0	0	0	0	0	0	0	0	0	-1.56964	-0.0129062	0.0218834	0	0	0.0123365	0.0181268	0	0	0.1025	-0.00815625	1.56482
2016-08-19 00:00:00	-4.46934	1.02462	2.7734	0	0.153652	0	2.23615E-06	0	0	0	0	0	0	0	0.366512	-0.0129051	0.0218331	0	0	0.0149614	0.0195811	0	0	0.101972	-0.00787534	-0.0135792
2016-08-20 00:00:00	-7.99634	1.50305	2.93586	0	0.574366	-0.00323735	0.0166206	0	0.0290932	0	0	0	0	0	1.8276	-0.012911	0.0218652	0	0	0.0223929	0.0245822	0	0	0.101462	-0.00825639	-0.963854
2016-08-21 00:00:00	-0.303071	-2.02803	2.86065	0	-0.0213507	-0.00381672	0.0181365	0	0.0729839	0	0	0	0	0	-0.477107	-0.0129087	0.0218538	0	0	0.0277949	0.0278942	0	0	0.101783	-0.00871597	0.27609
2016-08-22 00:00:00	-1.05842	-0.295517	3.14939	0	-0.169095	-0.000372099	0.0015916	0	0.0142297	0	0	0	0	0	-1.16089	-0.0128897	0.0218019	0	0	0.0236396	0.0255878	0	0	0.101702	-0.00859074	0.63217
2016-08-23 00:00:00	-0.473744	-0.126174	2.55912	0	-0.150081	-5.91077E-05	0.000273084	0	0.000884899	0	0	0	0	0	-1.34336	-0.0128734	0.0217521	0	0	0.0192628	0.0227218	0	0	0.101342	-0.00837723	0.610693
2016-08-24 00:00:00	-0.14002	-0.0769749	3.4487	0	-0.2837	0	2.07069E-05	0	9.72078E-06	0	0	0	0	0	-1.8012	-0.0128382	0.0216888	0	0	0.0135303	0.0192095	0	0	0.100846	-0.00820805	1.28107
2016-08-25 00:00:00	-0.0992187	-0.00931259	2.40594	0	-0.0297833	0	1.93608E-05	0	0	0	0	0	0	0	-1.66569	-0.0128208	0.0216658	0	0	0.0104823	0.0172896	0	0	0.100352	-0.0078894	0.731039
2016-08-26 00:00:00	-0.763932	-0.000296869	2.45921	0	0.00246787	0	3.38576E-05	0	0	0	0	0	0	0	-1.11596	-0.0127822	0.0216211	0	0	0.00857286	0.0158633	0	0	0.0995984	-0.00769641	0.706695
2016-08-27 00:00:00	-0.05998	0	3.14756	0	-0.0415803	0	8.79766E-07	0	0	0	0	0	0	0	-2.09045	-0.012758	0.0215231	0	0	0.00650993	0.0142591	0	0	0.0989248	-0.00756797	1.07644
2016-08-28 00:00:00	-1.36575	0.000307036	2.45055	0	0.0494305	0	0.000135924	0	0	0	0	0	0	0	-0.844512	-0.0127239	0.0215025	0	0	0.00639512	0.0140325	0	0	0.0980808	-0.00742634	0.41002
2016-08-29 00:00:00	0	-0.000307036	2.61763	0	-0.0283768	0	3.10986E-05	0	0	0	0	0	0	0	-1.82266	-0.0127012	0.0214207	0	0	0.00531054	0.0130584	0	0	0.0974058	-0.00738996	0.883424
2016-08-30 00:00:00	0	0	2.71942	0	-0.0184848	0	2.87198E-05	0	0	0	0	0	0	0	-1.91402	-0.0126479	0.0213099	0	0	0.00427843	0.0120801	0	0	0.0965443	-0.00727016	0.901236
2016-08-31 00:00:00	-0.818497	0	2.58016	0	0.00704591	0	9.06643E-05	0	0	0	0	0	0	0	-1.28549	-0.0126329	0.0212751	0	0	0.0037142	0.0114757	0	0	0.0956661	-0.00716509	0.595648
2016-09-01 00:00:00	-0.778377	0	2.41804	0	0.012134	0	7.9303E-05	0	0	0	0	0	0	0	-1.27667	-0.0126087	0.0212145	0	0	0.00378505	0.0114721	0	0	0.094669	-0.00706788	0.486665
2016-09-02 00:00:00	-1.27286	0	2.32073	0	0.029088	0	0.000158511	0	0	0	0	0	0	0	-0.936097	-0.0125882	0.0211638	0	0	0.00453888	0.0121235	0	0	0.0938791	-0.00704884	0.253083
2016-09-03 00:00:00	-4.68491	2.11858	2.26765	0	0.0952071	-4.5959E-06	0.00108966	0	0	0	0	0	0	0	-0.0635207	-0.0125745	0.0211245	0	0	0.00541886	0.0127908	0	0	0.0930659	-0.00711829	-0.153202
2016-09-04 00:00:00	-0.415327	-1.50309	2.28688	0	0.0048324	-3.48831E-05	0.000735774	0	3.44753E-05	0	0	0	0	0	-0.438487	-0.0125569	0.0210892	0	0	0.00659227	0.0137278	0	0	0.092501	-0.00722736	0.0496721
2016-09-05 00:00:00	-0.349051	-0.602955	2.38669	0	-0.0110075	-2.17136E-05	0.00037658	0	0.000112947	0	0	0	0	0	-1.21198	-0.0125453	0.021026	0	0	0.00739962	0.014372	0	0	0.0919981	-0.00728529	0.32713
2016-09-06 00:00:00	-0.0446534	-0.012487	2.68868	0	-0.0307121	0	1.63637E-05	0	0	0	0	0	0	0	-1.96518	-0.0125146	0.0209577	0	0	0.0061307	0.0136529	0	0	0.0916087	-0.00728473	0.748211
2016-09-07 00:00:00	0	0	2.45867	0	-0.0630505	0	6.43282E-05	0	0	0	0	0	0	0	-2.04847	-0.0125007	0.0208791	0	0	0.00524816	0.0128709	0	0	0.0907056	-0.00713985	0.457273
2016-09-08 00:00:00	-8.61226	3.11029	2.42547	0	0.186651	-9.15896E-05	0.00192304	0	6.14165E-06	0	0	0	0	0	1.61372	-0.0124826	0.0208531	0	0	0.0083694	0.015715	0	0	0.090162	-0.00708883	-1.15877
2016-09-09 00:00:00	-6.17416	0.594214	2.39844	0	0.122049	-0.000971782	0.00608749	0	0.00900966	0	0	0	0	0	1.86466	-0.0124882	0.0208296	0	0	0.0121255	0.0187726	0	0	0.0900342	-0.0075108	-1.05891
2016-09-10 00:00:00	0	-2.04348	2.17852	0	0.0292455	-0.00129997	0.00602935	0	0.027672	0	0	0	0	0	-0.330333	-0.0124798	0.0207863	0	0	0.0145478	0.0202484	0	0	0.0901933	-0.00775189	-0.00810787
2016-09-11 00:00:00	0	-0.834629	2.07642	0	-0.0609272	-0.000805818	0.00381944	0	0.0170281	0	0	0	0	0	-0.925843	-0.0124665	0.0207366	0	0	0.0139187	0.0197517	0	0	0.0901008	-0.00770673	0.399393
2016-09-12 00:00:00	-1.63206	-0.120436	2.40481	0	0.0112829	-0.000489545	0.00214729	0	0.00633973	0	0	0	0	0	-0.584913	-0.0124548	0.0206678	0	0	0.0130586	0.0190196	0	0	0.0898707	-0.00759572	0.209244
2016-09-13 00:00:00	-0.05998	-0.313172	2.2635	0	-0.0705292	-0.000246536	0.00108802	0	0.00348324	0	0	0	0	0	-1.37229	-0.0124341	0.020639	0	0	0.0117822	0.0181939	0	0	0.0895036	-0.00752587	0.572012
2016-09-14 00:00:00	-0.808504	-0.134554	1.98131	0	-0.0733249	0	3.29144E-05	0	0.00069725	0	0	0	0	0	-0.636892	-0.0124107	0.0205702	0	0	0.00994523	0.0166749	0	0	0.0892663	-0.00743158	0.445385
2016-09-15 00:00:00	-0.145435	-0.221565	2.96603	0	-0.0991242	0	5.56627E-05	0	1.68549E-05	0	0	0	0	0	-2.10193	-0.0123983	0.020511	0	0	0.00778015	0.015065	0	0	0.0888057	-0.00734086	0.510471
2016-09-16 00:00:00	-4.0071	1.70898	2.0026	0	0.104081	0	0.000412586	0	0.000265695	0	0	0	0	0	0.0440281	-0.0123718	0.0204601	0	0	0.00833331	0.0151916	0	0	0.0881395	-0.00719799	-0.0341906
2016-09-17 00:00:00	0	-1.37869	1.95342	0	0.0751814	-9.14206E-05	0.00197376	0	0.00483139	0	0	0	0	0	-0.678172	-0.0123586	0.0204142	0	0	0.00859692	0.0153273	0	0	0.0875285	-0.00722982	0.090728
2016-09-18 00:00:00	-0.25998	-0.315058	1.93716	0	-0.039953	-1.00706E-05	0.000254483	0	0.0100689	0	0	0	0	0	-1.2055	-0.0123356	0.020347	0	0	0.00783675	0.0147539	0	0	0.087238	-0.00722922	0.237595
2016-09-19 00:00:00	0	-0.0508139	1.73672	0	-0.107548	0	2.58828E-06	0	0.000234599	0	0	0	0	0	-1.10148	-0.0123201	0.020284	0	0	0.00697654	0.013996	0	0	0.0868614	-0.00713344	0.585777
2016-09-20 00:00:00	0	-0.00126392	1.86096	0	-0.0332098	0	4.94494E-06	0	0	0	0	0	0	0	-1.6758	-0.0123035	0.0202392	0	0	0.00608089	0.0132253	0	0	0.0864675	-0.0070774	0.257317
2016-09-21 00:00:00	-4.26837	1.58727	2.50284	0	0.0947164	-7.64703E-07	0.000354567	0	7.91299E-05	0	0	0	0	0	-0.0587125	-0.0122857	0.020187	0	0	0.00689816	0.0136494	0	0	0.0857391	-0.00697347	-0.0346117
2016-09-22 00:00:00	-7.54168	2.043	1.75987	0	0.201397	-0.00132133	0.00716366	0	0.0312213	0	0	0	0	0	2.20105	-0.0122887	0.0201773	0	0	0.00903376	0.0154674	0	0	0.0852518	-0.0071603	-1.18882
2016-09-23 00:00:00	-0.145435	-1.47823	1.71607	0	-0.00620866	-0.00150672	0.00709223	0	0.043331	0	0	0	0	0	-0.273031	-0.0122864	0.0201543	0	0	0.0126318	0.0180827	0	0	0.0853419	-0.00746872	-0.0214553
2016-09-24 00:00:00	-0.419415	-1.23267	2.01666	0	0.033516	-0.000563355	0.00304075	0	0.0216039	0	0	0	0	0	-0.427531	-0.0122717	0.0200886	0	0	0.0129272	0.0180699	0	0	0.0855322	-0.00742523	0.111561
2016-09-25 00:00:00	-4.27062	2.3048	1.71408	0	-0.0115456	-0.00154017	0.007854	0	0.032892	0	0	0	0	0	0.127032	-0.0122674	0.0200722	0	0	0.0129863	0.0180142	0	0	0.085159	-0.00741264	0.0195051
2016-09-26 00:00:00	-0.853684	-0.532041	1.41439	0	0.0119402	-0.00120673	0.00640947	0	0.0309922	0	0	0	0	0	-0.160592	-0.0122452	0.0200198	0	0	0.013307	0.0179457	0	0	0.0849646	-0.00740637	0.0327895
2016-09-27 00:00:00	-0.330108	-1.30339	1.80713	0	-0.0264829	-0.000760676	0.00390454	0	0.0261323	0	0	0	0	0	-0.0970384	-0.0122219	0.0199615	0	0	0.0136488	0.0178795	0	0	0.0847925	-0.00739714	0.196047
2016-09-28 00:00:00	-7.93121	2.62901	1.84259	0	0.158076	-0.00288001	0.0179696	0	0.0724619	0	0	0	0	0	1.87825	-0.0122155	0.0199499	0	0	0.0151508	0.0192778	0	0	0.084369	-0.00749537	-1.21669
2016-09-29 00:00:00	-7.32519	0.337895	1.64281	0	0.135049	-0.00484461	0.0323972	0	0.150397	0	0	0	0	0	3.27228	-0.0122263	0.019937	0	0	0.0197042	0.0221932	0	0	0.0845888	-0.00804433	-1.63306
2016-09-30 00:00:00	-0.858181	-0.510775	1.39657	0	-0.00148941	-0.00251697	0.0129156	0	0.0830782	0	0	0	0	0	-0.406046	-0.0122291	0.0199025	0	0	0.0214086	0.0228639	0	0	0.0852553	-0.0084037	-0.157649
2016-10-01 00:00:00	-0.851186	-0.498573	1.36571	0	-0.0381089	-0.00218418	0.0106889	0	0.0658317	0	0	0	0	0	-0.153333	-0.0122205	0.0198352	0	0	0.0206649	0.0221363	0	0	0.0854581	-0.00806844	0.026649
2016-10-02 00:00:00	-0.430889	-1.16521	1.67021	0	-0.0103993	-0.00171418	0.00774404	0	0.042759	0	0	0	0	0	-0.173674	-0.0121982	0.0197664	0	0	0.0198529	0.021372	0	0	0.0855009	-0.00792374	0.0651968
2016-10-03 00:00:00	-0.0992187	-0.671814	1.61787	0	-0.0346638	-0.000498974	0.00207029	0	0.018728	0	0	0	0	0	-0.837364	-0.0121807	0.0197261	0	0	0.017534	0.0202119	0	0	0.0854009	-0.00781932	0.11798
2016-10-04 00:00:00	0	-0.25795	1.50635	0	-0.116871	-0.000515437	0.00148108	0	0.0141136	0	0	0	0	0	-0.869516	-0.0121503	0.0196601	0	0	0.0157804	0.0191434	0	0	0.0851623	-0.007644	0.39704
2016-10-05 00:00:00	0	-0.242113	1.47774	0	-0.0487593	-0.000110764	0.000244956	0	0.00516439	0	0	0	0	0	-0.892657	-0.0121321	0.0196015	0	0	0.0132775	0.0174967	0	0	0.0850486	-0.00753996	0.415258
2016-10-06 00:00:00	0	-0.209125	1.27119	0	-0.0846105	-0.0001688	0.000573649	0	0.00349218	0	0	0	0	0	-0.786543	-0.0121226	0.0195316	0	0	0.0121706	0.0167876	0	0	0.0847554	-0.00735979	0.30857
2016-10-07 00:00:00	-0.100781	-0.211053	1.39044	0	-0.0705967	-8.76424E-05	5.24444E-05	0	0.00155293	0	0	0	0	0	-0.632635	-0.0121019	0.0194897	0	0	0.0108877	0.0159223	0	0	0.0845052	-0.00729175	0.488302
2016-10-08 00:00:00	0	-0.190387	1.22789	0	-0.00455998	-7.97421E-05	0.000270075	0	0.000750835	0	0	0	0	0	-0.93291	-0.0120913	0.0194446	0	0	0.00996268	0.0152972	0	0	0.0841686	-0.00719412	0.210564
2016-10-09 00:00:00	0	-0.149715	0.982889	0	0.0617404	-0.00045835	0.00193773	0	0.00320193	0	0	0	0	0	-0.796271	-0.0120788	0.0194272	0	0	0.00957557	0.014988	0	0	0.0836651	-0.00715078	0.211751
2016-10-10 00:00:00	-0.635387	-0.0391375	1.01385	0	0.016865	-0.000450806	0.00154865	0	0.014376	0	0	0	0	0	-0.335614	-0.012062	0.0193757	0	0	0.00950918	0.0148425	0	0	0.083319	-0.00719889	0.143833
2016-10-11 00:00:00	-1.50801	0.449421	1.19458	0	0.0496467	-0.000928741	0.0039457	0	0.0167917	0	0	0	0	0	-0.275727	-0.0120466	0.0193364	0	0	0.0100626	0.0150463	0	0	0.0830806	-0.00716432	0.038035
2016-10-12 00:00:00	-1.3267	0.250661	1.18199	0	0.0139157	-0.00114722	0.00471726	0	0.0249934	0	0	0	0	0	-0.226336	-0.0120333	0.0193018	0	0	0.0108293	0.0153611	0	0	0.0829283	-0.00721049	0.0312724
2016-10-13 00:00:00	-2.82772	1.0384	1.16165	0	0.0689721	-0.00175431	0.00881052	0	0.0372361	0	0	0	0	0	0.217335	-0.0120139	0.019276	0	0	0.0125144	0.0167125	0	0	0.082765	-0.00725248	-0.185065
2016-10-14 00:00:00	-3.61395	1.10296	1.17847	0	0.0935206	-0.00383081	0.0195265	0	0.0656585	0	0	0	0	0	0.708074	-0.0120091	0.0192541	0	0	0.0162823	0.0193797	0	0	0.0826693	-0.00748777	-0.331485
2016-10-15 00:00:00	-2.94255	0.216665	1.04224	0	0.0845232	-0.00619501	0.0315322	0	0.118206	0	0	0	0	0	0.86262	-0.0120085	0.0192226	0	0	0.0206724	0.0223148	0	0	0.08269	-0.00787303	-0.467948
2016-10-16 00:00:00	-1.64671	0.1019	1.02813	0	0.00713599	-0.00398834	0.0192816	0	0.0869492	0	0	0	0	0	0.131247	-0.0119958	0.0191984	0	0	0.0233362	0.0238529	0	0	0.083121	-0.00806085	-0.1466
2016-10-17 00:00:00	-1.72225	0.12636	1.12156	0	0.0173043	-0.00338405	0.0164724	0	0.0745277	0	0	0	0	0	0.121862	-0.0119765	0.019146	0	0	0.0233958	0.0236831	0	0	0.0834714	-0.00803376	-0.117859
2016-10-18 00:00:00	-7.63457	0.779413	0.948075	0	0.182174	-0.00847345	0.0513974	0	0.221984	0	0	0	0	0	3.62476	-0.0119827	0.0191396	0	0	0.0284469	0.0262913	0	0	0.0837535	-0.00833471	-1.69792
2016-10-19 00:00:00	0	-0.897157	0.95226	0	-0.0839979	-0.0047141	0.0209444	0	0.13378	0	0	0	0	0	-0.360122	-0.0119854	0.0191274	0	0	0.0319145	0.0277963	0	0	0.0846194	-0.0087537	-0.0962882
2016-10-20 00:00:00	-0.169111	-0.665891	0.884974	0	-0.00518511	-0.00315383	0.0136751	0	0.0756766	0	0	0	0	0	-0.239212	-0.0119808	0.0190883	0	0	0.0296322	0.0262209	0	0	0.0851026	-0.00834637	0.0314904
2016-10-21 00:00:00	0	-0.849391	0.910437	0	0.00211543	-0.00258735	0.0112519	0	0.0601052	0	0	0	0	0	-0.229414	-0.0119612	0.0190577	0	0	0.0275015	0.0247852	0	0	0.0853848	-0.00815358	0.0391312
2016-10-22 00:00:00	-0.487017	-0.256743	0.80119	0	0.0147749	-0.00204233	0.00880201	0	0.0524986	0	0	0	0	0	-0.248769	-0.0119397	0.0190107	0	0	0.0255993	0.0235068	0	0	0.0855527	-0.00806395	0.0163592
2016-10-23 00:00:00	-1.63182	0.817025	0.780599	0	-0.00735877	-0.0024857	0.0108328	0	0.0533876	0	0	0	0	0	-0.141148	-0.0119257	0.0189602	0	0	0.0240983	0.0224719	0	0	0.0855016	-0.00796626	0.0101672
2016-10-24 00:00:00	-0.390088	-0.240491	0.699082	0	0.0174263	-0.00173673	0.00756702	0	0.0471084	0	0	0	0	0	-0.261428	-0.0119168	0.0188918	0	0	0.0229256	0.0216693	0	0	0.0853953	-0.00791848	0.00648636
2016-10-25 00:00:00	-0.0545653	-0.495658	0.881705	0	-0.0413556	-0.00208249	0.00954528	0	0.0474364	0	0	0	0	0	-0.370679	-0.0119013	0.0188409	0	0	0.0219414	0.0210192	0	0	0.0853121	-0.00786059	0.101698
2016-10-26 00:00:00	-0.0854547	-0.397101	0.943567	0	-0.0284251	-0.00176917	0.00781257	0	0.0331193	0	0	0	0	0	-0.429301	-0.0118914	0.0188088	0	0	0.0208994	0.0204113	0	0	0.0852164	-0.00777232	0.16812
2016-10-27 00:00:00	-0.473744	-0.092296	0.952105	0	-0.0152087	-0.00106991	0.00418316	0	0.025754	0	0	0	0	0	-0.48594	-0.0118728	0.0187707	0	0	0.0195968	0.0198051	0	0	0.0850635	-0.00770328	0.0374428
2016-10-28 00:00:00	0	-0.152036	0.786074	0	-0.0578404	-0.0011932	0.0043304	0	0.0186644	0	0	0	0	0	-0.448109	-0.011868	0.0187418	0	0	0.018385	0.0194025	0	0	0.0848401	-0.00757238	0.271819
2016-10-29 00:00:00	-0.330108	-0.0685797	0.791933	0	-0.0114774	-0.000912564	0.00347058	0	0.016839	0	0	0	0	0	-0.363337	-0.0118561	0.0186923	0	0	0.01712	0.0189332	0	0	0.0846758	-0.0075506	0.157842
2016-10-30 00:00:00	-0.21777	-0.0858399	0.759478	0	-0.0344356	-0.000643481	0.00240486	0	0.0148022	0	0	0	0	0	-0.408552	-0.0118387	0.0186443	0	0	0.0159059	0.018189	0	0	0.0844989	-0.0074917	0.147351
2016-10-31 00:00:00	-4.30937	2.78414	0.816785	0	0.0921759	-0.00176035	0.00716234	0	0.0332457	0	0	0	0	0	0.349395	-0.0118269	0.0186144	0	0	0.0155866	0.0178236	0	0	0.0842561	-0.00746658	-0.111234
2016-11-01 00:00:00	-0.847097	0.00110973	0.592768	0	0.0105703	-0.00177665	0.00774193	0	0.040354	0	0	0	0	0	0.0257611	-0.0118115	0.0185675	0	0	0.0159757	0.0177912	0	0	0.0841657	-0.0075712	-0.0534521
2016-11-02 00:00:00	-0.155347	-0.375771	0.546044	0	-0.00705725	-0.00181782	0.00763092	0	0.0418026	0	0	0	0	0	-0.136058	-0.0118014	0.0185179	0	0	0.0160306	0.0176929	0	0	0.0840576	-0.00753093	0.0363943
2016-11-03 00:00:00	-1.59623	0.514866	0.581742	0	0.0811792	-0.00126774	0.00543805	0	0.0376175	0	0	0	0	0	0.136493	-0.0117908	0.0184811	0	0	0.016477	0.0178895	0	0	0.0839644	-0.00752656	-0.122666
2016-11-04 00:00:00	-1.68098	0.0814911	0.542667	0	0.00866977	-0.00413939	0.019555	0	0.0992309	0	0	0	0	0	0.581029	-0.0117843	0.0184557	0	0	0.018361	0.018975	0	0	0.0837344	-0.00768967	-0.23242
2016-11-05 00:00:00	-0.0408013	-0.497074	0.562608	0	0.00676206	-0.00273737	0.0137877	0	0.0666646	0	0	0	0	0	-0.217565	-0.0117751	0.0184254	0	0	0.0193123	0.0194248	0	0	0.0837111	-0.00773803	0.0130049
2016-11-06 00:00:00	-1.70332	0.210654	0.574149	0	0.0622296	-0.00488679	0.028227	0	0.125727	0	0	0	0	0	0.394579	-0.0117623	0.0183961	0	0	0.021444	0.0207869	0	0	0.0836867	-0.00779238	-0.187879
2016-11-07 00:00:00	0	-0.497021	0.528761	0	-0.07109	-0.00299684	0.0159247	0	0.0953979	0	0	0	0	0	-0.158499	-0.0117554	0.0183776	0	0	0.0225263	0.0213607	0	0	0.0837785	-0.00792625	0.036838
2016-11-08 00:00:00	-0.62055	0.0749674	0.474829	0	0.00993031	-0.00247626	0.0120313	0	0.0598704	0	0	0	0	0	-0.13794	-0.0117495	0.0183391	0	0	0.0216592	0.0207438	0	0	0.0838602	-0.0078145	-0.00430008
2016-11-09 00:00:00	-2.55094	0.440118	0.464294	0	0.0876357	-0.00657032	0.0394653	0	0.180223	0	0	0	0	0	0.751061	-0.0117461	0.0183292	0	0	0.0245461	0.0224321	0	0	0.0837884	-0.00788177	-0.465246
2016-11-10 00:00:00	-3.37195	0.387306	0.447518	0	0.0335514	-0.00683449	0.0365182	0	0.196484	0	0	0	0	0	1.51531	-0.0117444	0.0183286	0	0	0.028133	0.0243472	0	0	0.0838393	-0.00868212	-0.627883
2016-11-11 00:00:00	-12.6713	0.160751	0.464468	0	0.406107	-0.0309408	0.155799	0	0.896417	0	0	0	0	0	7.2956	-0.0117888	0.0184025	0	0	0.0454839	0.0332853	0	0	0.0838223	-0.0117592	-3.16565
2016-11-12 00:00:00	-9.86261	0.00104612	0.522336	0	0.139706	-0.0386827	0.186055	0	1.15341	0	0	0	0	0	5.08973	-0.0118461	0.0185283	0	0	0.0743355	0.0476966	0	0	0.0849139	-0.0137163	-2.60909
2016-11-13 00:00:00	-6.77193	-0.0117142	0.437339	0	0.0156353	-0.0319485	0.151923	0	0.912777	0	0	0	0	0	3.22287	-0.0118838	0.0186105	0	0	0.0872371	0.0542496	0	0	0.0862189	-0.0139626	-1.85457
2016-11-14 00:00:00	-1.21533	-0.0104019	0.618889	0	-0.10833	-0.016825	0.0721627	0	0.4964	0	0	0	0	0	-0.380576	-0.0119014	0.0186255	0	0	0.0836888	0.052108	0	0	0.0877675	-0.0128308	-0.32655
2016-11-15 00:00:00	-0.610148	-0.128279	0.573715	0	-0.0850886	-0.00840678	0.0363928	0	0.245772	0	0	0	0	0	-0.319813	-0.0119032	0.018605	0	0	0.0728287	0.0462586	0	0	0.0886177	-0.011043	-0.0924921
2016-11-16 00:00:00	-9.54318	0.0967906	0.4772	0	0.326012	-0.0266136	0.13121	0	0.759311	0	0	0	0	0	5.30747	-0.0119344	0.0186395	0	0	0.0735095	0.0462557	0	0	0.088401	-0.013524	-2.27046
2016-11-17 00:00:00	-9.06449	-0.0125154	0.413243	0	0.0869735	-0.0349228	0.156839	0	1.06866	0	0	0	0	0	4.65963	-0.0119828	0.0187207	0	0	0.0832241	0.0504884	0	0	0.0891395	-0.0165456	-2.51354
2016-11-18 00:00:00	-0.884573	-0.018806	0.373174	0	-0.237417	-0.015742	0.0625267	0	0.53662	0	0	0	0	0	-0.509635	-0.0120002	0.0187584	0	0	0.0826764	0.0497592	0	0	0.0912464	-0.0148912	-0.478303
2016-11-19 00:00:00	-0.100781	-0.222937	0.332056	0	-0.00596946	-0.00983163	0.0389192	0	0.280068	0	0	0	0	0	-0.564581	-0.0119921	0.0187517	0	0	0.0729044	0.0447377	0	0	0.0924906	-0.0119126	-0.0480779
2016-11-20 00:00:00	-0.104633	-0.159013	0.275084	0	0.0347648	-0.0052968	0.0214724	0	0.148951	0	0	0	0	0	-0.467362	-0.0119904	0.0187218	0	0	0.0628453	0.0395318	0	0	0.0928994	-0.0113066	-0.065331
2016-11-21 00:00:00	-14.1539	0.347289	0.258393	0	0.483598	-0.0445649	0.20947	0	1.63921	0	0	0	0	0	7.96724	-0.0120284	0.0188188	0	0	0.0766782	0.0454202	0	0	0.0921858	-0.0146046	-3.08683
2016-11-22 00:00:00	-26.868	-0.0141069	0.354256	0	0.698308	-0.107529	0.465968	0	4.1142	0	0	0	0	0	14.1014	-0.0121647	0.0191105	0	0	0.14936	0.0700926	0	0	0.0934558	-0.0211676	-6.95688
2016-11-23 00:00:00	-0.159199	-0.124826	0.285232	0	-0.850422	-0.0317356	0.117626	0	1.45549	0	0	0	0	0	-2.15354	-0.0122691	0.0192371	0	0	0.189732	0.0793185	0	0	0.0987719	-0.0183393	-1.10492
2016-11-24 00:00:00	-0.05998	-0.155547	0.226742	0	0.020006	-0.0167606	0.0632937	0	0.602215	0	0	0	0	0	-1.14195	-0.0122988	0.0192082	0	0	0.160548	0.068251	0	0	0.100802	-0.0143989	-0.139873
2016-11-25 00:00:00	-0.149287	-0.0790105	0.236619	0	-0.121061	-0.0111627	0.0428154	0	0.424045	0	0	0	0	0	-0.729703	-0.0123002	0.019184	0	0	0.136495	0.0594063	0	0	0.101316	-0.0134776	-0.0961218
2016-11-26 00:00:00	-0.159199	-0.0942306	0.260947	0	0.0227404	-0.0104163	0.0405772	0	0.352282	0	0	0	0	0	-0.560007	-0.0122944	0.0191604	0	0	0.11805	0.052684	0	0	0.101671	-0.012536	0.11943
2016-11-27 00:00:00	-0.308486	-0.0471633	0.329076	0	-0.0419111	-0.00768527	0.0303982	0	0.247496	0	0	0	0	0	-0.350193	-0.0122874	0.0191343	0	0	0.102071	0.0468452	0	0	0.102018	-0.0118867	0.0974256
2016-11-28 00:00:00	-0.159199	-0.0922306	0.257479	0	-0.0537695	-0.00618266	0.0248901	0	0.201731	0	0	0	0	0	-0.299228	-0.0122798	0.0191081	0	0	0.0887991	0.0420289	0	0	0.102196	-0.0113716	0.101972
2016-11-29 00:00:00	0	-0.301434	0.322903	0	-0.0473132	-0.00456356	0.0190334	0	0.138213	0	0	0	0	0	-0.252598	-0.0122712	0.0190796	0	0	0.0771686	0.0378217	0	0	0.102385	-0.0107525	0.0876717
2016-11-30 00:00:00	-0.0446534	-0.30027	0.367451	0	-0.026848	-0.00312742	0.0134774	0	0.101833	0	0	0	0	0	-0.251123	-0.012262	0.0190495	0	0	0.0672789	0.0342887	0	0	0.102429	-0.0103591	0.0571648
2016-12-01 00:00:00	0	-0.341295	0.402839	0	-0.0429085	-0.00461993	0.0187935	0	0.122127	0	0	0	0	0	-0.0820644	-0.0122577	0.019035	0	0	0.0618589	0.0323983	0	0	0.102392	-0.0100696	0.266228
2016-12-02 00:00:00	-0.114545	-0.0993528	0.262121	0	-0.0307669	-0.003267	0.0135797	0	0.0847106	0	0	0	0	0	-0.117746	-0.0122488	0.0190061	0	0	0.0546063	0.0297911	0	0	0.102429	-0.00983923	0.178478
2016-12-03 00:00:00	-0.45998	0.204631	0.249919	0	-0.0120888	-0.00301278	0.0124202	0	0.0773924	0	0	0	0	0	-0.0784937	-0.0122407	0.0189806	0	0	0.0471449	0.0278871	0	0	0.102393	-0.0095494	0.165403
2016-12-04 00:00:00	0	-0.200633	0.216595	0	-0.0215941	-0.00283883	0.0116413	0	0.0725893	0	0	0	0	0	-0.0737116	-0.0122326	0.0189546	0	0	0.040215	0.0263005	0	0	0.102363	-0.0093663	0.168282
2016-12-05 00:00:00	-0.2	0.0274135	0.172561	0	-0.0265291	-0.00265594	0.0108899	0	0.0651348	0	0	0	0	0	-0.0635048	-0.0122248	0.0189238	0	0	0.0353855	0.0249348	0	0	0.102298	-0.00920086	0.143426
2016-12-06 00:00:00	-4.71424	1.36742	0.442774	0	0.281703	-0.012105	0.0511992	0	0.259757	0	0	0	0	0	1.5975	-0.0122291	0.0189263	0	0	0.0364844	0.0259722	0	0	0.10205	-0.00992101	-0.564703
2016-12-07 00:00:00	-0.0854547	-0.316568	0.412808	0	-0.153306	-0.00615089	0.0254136	0	0.213549	0	0	0	0	0	-0.176198	-0.0122276	0.0189177	0	0	0.0386076	0.027033	0	0	0.101865	-0.0114589	0.0768299
2016-12-08 00:00:00	0	-0.340374	0.366839	0	-0.0117995	-0.00417017	0.0174524	0	0.103303	0	0	0	0	0	-0.144721	-0.0122197	0.01889	0	0	0.0356032	0.0256712	0	0	0.102126	-0.00977348	0.146827
2016-12-09 00:00:00	-0.694145	0.29752	0.384809	0	-0.0296167	-0.00332573	0.013637	0	0.0850961	0	0	0	0	0	-0.0645498	-0.0122108	0.018858	0	0	0.0327187	0.0243671	0	0	0.102095	-0.00951156	0.145741
2016-12-10 00:00:00	-0.345094	-0.0242565	0.361407	0	-0.0150154	-0.00321112	0.0129798	0	0.0771035	0	0	0	0	0	-0.0574789	-0.0122036	0.0188342	0	0	0.0304932	0.0234299	0	0	0.101975	-0.00925986	0.159703
2016-12-11 00:00:00	-0.950168	0.147252	0.317863	0	0.0378572	-0.00388922	0.0150773	0	0.0774346	0	0	0	0	0	0.232146	-0.0121954	0.0188052	0	0	0.0283964	0.0224932	0	0	0.101882	-0.00941578	0.0235387
2016-12-12 00:00:00	-0.309131	-0.0682745	0.283536	0	-0.0230885	-0.00287651	0.0106358	0	0.0792886	0	0	0	0	0	-0.0179954	-0.0121881	0.0187755	0	0	0.0269145	0.0217908	0	0	0.101698	-0.0097321	0.0993532
2016-12-13 00:00:00	-1.13045	0.19503	0.258208	0	0.0546855	-0.0044075	0.0180956	0	0.100634	0	0	0	0	0	0.338137	-0.0121824	0.0187552	0	0	0.0260735	0.0214669	0	0	0.101569	-0.00944128	-0.0238252
2016-12-14 00:00:00	-0.841378	-0.0199462	0.330741	0	-0.00468845	-0.0049018	0.0211989	0	0.118895	0	0	0	0	0	0.225222	-0.0121743	0.0187222	0	0	0.0261724	0.0215867	0	0	0.10149	-0.00987446	-0.0289354
2016-12-15 00:00:00	-0.0854547	-0.238447	0.3278	0	-0.060033	-0.00279517	0.0115194	0	0.081277	0	0	0	0	0	-0.17859	-0.0121636	0.0186666	0	0	0.0251568	0.0211122	0	0	0.10144	-0.00973035	-0.000241703
2016-12-16 00:00:00	-1.16857	0.209538	0.292025	0	0.0817631	-0.00641001	0.0277448	0	0.135193	0	0	0	0	0	0.358093	-0.0121578	0.0186668	0	0	0.0258354	0.0215456	0	0	0.101393	-0.00924901	0.0754103
2016-12-17 00:00:00	-0.4	-0.021717	0.251832	0	-0.0682853	-0.00445118	0.0200508	0	0.121866	0	0	0	0	0	0.0805117	-0.0121459	0.0186454	0	0	0.026588	0.0218791	0	0	0.101315	-0.00937136	0.126717
2016-12-18 00:00:00	-1.06505	-0.0125624	0.186929	0	0.0721204	-0.0057555	0.0263385	0	0.134915	0	0	0	0	0	0.424419	-0.0121387	0.0186243	0	0	0.0266176	0.0218409	0	0	0.101171	-0.00954726	-0.0920822
2016-12-19 00:00:00	0	-0.308369	0.321611	0	-0.0527374	-0.00393791	0.0163319	0	0.113598	0	0	0	0	0	-0.117095	-0.012129	0.0185908	0	0	0.0261251	0.0215312	0	0	0.101095	-0.00971107	0.114904
2016-12-20 00:00:00	-2.25695	0.27298	0.328777	0	0.133506	-0.00728579	0.0341001	0	0.163683	0	0	0	0	0	0.913369	-0.0121243	0.0185555	0	0	0.0271226	0.0219707	0	0	0.100952	-0.00969829	-0.271041
2016-12-21 00:00:00	-1.0123	-0.0110048	0.333584	0	-0.0168538	-0.00708992	0.0310026	0	0.21236	0	0	0	0	0	0.25334	-0.0121213	0.0185401	0	0	0.0287314	0.0226657	0	0	0.10068	-0.0107082	-0.0691713
2016-12-22 00:00:00	-7.37661	-0.0190641	0.338095	0	0.354251	-0.0278002	0.126844	0	0.800765	0	0	0	0	0	3.95749	-0.0121147	0.0185693	0	0	0.0386307	0.0270382	0	0	0.100087	-0.0135258	-1.68734
2016-12-23 00:00:00	-16.903	-0.0161899	0.346218	0	0.447073	-0.0690504	0.291864	0	2.3617	0	0	0	0	0	8.86456	-0.0121853	0.0187049	0	0	0.0718245	0.0401677	0	0	0.0987729	-0.0215752	-4.48116
2016-12-24 00:00:00	-12.34	-0.0142065	0.291282	0	0.00490422	-0.0624161	0.245814	0	2.2037	0	0	0	0	0	5.58951	-0.0122839	0.018846	0	0	0.103339	0.0520413	0	0	0.100282	-0.0255859	-3.84482
2016-12-25 00:00:00	-7.89859	-0.0157059	0.328209	0	-0.000330009	-0.0538847	0.204087	0	1.96758	0	0	0	0	0	2.82369	-0.0123422	0.0189539	0	0	0.117475	0.0571343	0	0	0.104442	-0.0237452	-2.38303
2016-12-26 00:00:00	-7.81855	-0.0128561	0.259902	0	0.173488	-0.0546983	0.206763	0	2.03883	0	0	0	0	0	2.98362	-0.0123661	0.0190777	0	0	0.129052	0.0612599	0	0	0.107177	-0.0237663	-1.94307
2016-12-27 00:00:00	0	-0.270307	0.281122	0	-0.444603	-0.0212994	0.0711156	0	0.901546	0	0	0	0	0	-1.05833	-0.0123573	0.0191036	0	0	0.122483	0.0581131	0	0	0.110124	-0.0194744	-0.262765
2016-12-28 00:00:00	0	-0.230812	0.249538	0	0.03505	-0.0151612	0.0509687	0	0.481605	0	0	0	0	0	-0.758306	-0.0123479	0.0190932	0	0	0.106253	0.0516146	0	0	0.111779	-0.0161137	0.0731608
2016-12-29 00:00:00	0	-0.288139	0.31156	0	-0.0660502	-0.0100521	0.0349709	0	0.335996	0	0	0	0	0	-0.507257	-0.0123403	0.0190739	0	0	0.0915919	0.0457093	0	0	0.112441	-0.0149918	0.0525118
2016-12-30 00:00:00	0	-0.316107	0.341855	0	-0.0943781	-0.00814273	0.0291715	0	0.255084	0	0	0	0	0	-0.369708	-0.0123348	0.0190541	0	0	0.0804192	0.0412731	0	0	0.112894	-0.0139767	0.0651037
2016-12-31 00:00:00	-4.51244	1.03264	0.338626	0	0.368095	-0.0186271	0.074352	0	0.537374	0	0	0	0	0	1.42736	-0.0123377	0.0190604	0	0	0.0761726	0.0398124	0	0	0.112777	-0.0147878	-0.531925
2017-01-01 00:00:00	-0.885709	-0.0635873	0.237382	0	-0.251364	-0.0133071	0.0503551	0	0.528808	0	0	0	0	0	0.0815022	-0.0123321	0.0190881	0	0	0.0745349	0.0392004	0	0	0.112701	-0.015798	-0.0985263
2017-01-02 00:00:00	-0.234505	-0.0926599	0.206527	0	-0.0260864	-0.00664035	0.0268682	0	0.225181	0	0	0	0	0	-0.362757	-0.0123241	0.019066	0	0	0.0666068	0.0360826	0	0	0.113672	-0.0128845	-0.0538529
2017-01-03 00:00:00	-0.0446534	-0.251217	0.311973	0	-0.109636	-0.00712296	0.0275889	0	0.226781	0	0	0	0	0	-0.125307	-0.0123219	0.0190542	0	0	0.0610051	0.0339308	0	0	0.113892	-0.0124728	0.231494
2017-01-04 00:00:00	0	-0.248447	0.268956	0	-0.0716454	-0.00470074	0.0182857	0	0.1314	0	0	0	0	0	-0.0948823	-0.0123165	0.0190281	0	0	0.0538534	0.031143	0	0	0.114084	-0.011568	0.19319
2017-01-05 00:00:00	-0.0545653	-0.134527	0.200739	0	-0.0360679	-0.00449958	0.0178026	0	0.11762	0	0	0	0	0	-0.0837939	-0.0123127	0.0190093	0	0	0.0489176	0.0292469	0	0	0.11402	-0.0112083	0.210381
2017-01-06 00:00:00	-0.339139	0.0208933	0.328042	0	-0.0346533	-0.00330944	0.013054	0	0.0877115	0	0	0	0	0	-0.108179	-0.0123065	0.0189826	0	0	0.0438287	0.0272927	0	0	0.113993	-0.0107454	0.145465
2017-01-07 00:00:00	-0.816735	0.236742	0.310566	0	0.00432924	-0.00524813	0.0219876	0	0.118501	0	0	0	0	0	0.101297	-0.0123014	0.0189622	0	0	0.040758	0.0262256	0	0	0.11386	-0.0104379	0.148507
2017-01-08 00:00:00	-0.05998	-0.189234	0.302362	0	-0.0847696	-0.00383443	0.0164708	0	0.10312	0	0	0	0	0	-0.0432292	-0.0122959	0.0189398	0	0	0.0382909	0.0253737	0	0	0.113732	-0.0103394	0.214606
2017-01-09 00:00:00	-13.0033	0.583274	0.311498	0	1.1583	-0.0415454	0.160914	0	1.42282	0	0	0	0	0	6.71025	-0.0123108	0.0189803	0	0	0.0467144	0.0280808	0	0	0.110881	-0.0219222	-2.5274
2017-01-10 00:00:00	-0.312983	-0.11435	0.341191	0	-0.531435	-0.0151884	0.0438575	0	0.788771	0	0	0	0	0	-0.573285	-0.0123003	0.0189967	0	0	0.0536032	0.0300111	0	0	0.112422	-0.0206702	-0.191359
2017-01-11 00:00:00	-3.34555	0.0837471	0.298093	0	0.153313	-0.0187713	0.0630532	0	0.717158	0	0	0	0	0	1.33534	-0.0123068	0.0189977	0	0	0.0519551	0.0291461	0	0	0.114101	-0.0179547	-0.52968
2017-01-12 00:00:00	-0.464068	-0.0318245	0.241844	0	-0.232287	-0.00968849	0.0278046	0	0.42531	0	0	0	0	0	-0.203354	-0.0122994	0.0189949	0	0	0.0494495	0.0281287	0	0	0.115008	-0.0169881	-0.0639708
2017-01-13 00:00:00	-1.40463	-0.065222	0.228174	0	0.137002	-0.0111093	0.0323878	0	0.344342	0	0	0	0	0	0.455079	-0.0122934	0.0189645	0	0	0.0451701	0.0265267	0	0	0.115722	-0.0165795	-0.106466
2017-01-14 00:00:00	-2.15274	-0.0848678	0.256031	0	0.0182171	-0.0132383	0.0376954	0	0.460785	0	0	0	0	0	0.953937	-0.0123046	0.0189567	0	0	0.0418455	0.025158	0	0	0.115614	-0.01937	-0.354284
2017-01-15 00:00:00	-16.4625	0.120222	0.316461	0	0.902005	-0.0888598	0.344537	0	3.31698	0	0	0	0	0	8.2829	-0.0123334	0.0191271	0	0	0.0745339	0.0381421	0	0	0.113982	-0.0277474	-3.06253
2017-01-16 00:00:00	-0.876374	-0.0594567	0.344067	0	-0.574538	-0.0311068	0.107838	0	1.44211	0	0	0	0	0	-0.665146	-0.0123606	0.0192294	0	0	0.100741	0.0481468	0	0	0.118106	-0.0236213	-0.0623633
2017-01-17 00:00:00	-0.558317	-0.0805419	0.359473	0	-0.215589	-0.016784	0.0601648	0	0.646164	0	0	0	0	0	-0.489849	-0.0123655	0.019226	0	0	0.0899976	0.044112	0	0	0.121071	-0.0178219	-0.0510593
2017-01-18 00:00:00	-0.492923	-0.0805385	0.367853	0	0.0143252	-0.0101391	0.0369618	0	0.331652	0	0	0	0	0	-0.391363	-0.0123621	0.0192078	0	0	0.0789447	0.0399481	0	0	0.122131	-0.0153783	0.00832014
2017-01-19 00:00:00	-0.0545653	-0.304974	0.377347	0	-0.171057	-0.0101123	0.0365222	0	0.35256	0	0	0	0	0	-0.249775	-0.0123587	0.0191881	0	0	0.0716451	0.0372157	0	0	0.122473	-0.0148389	0.19927
2017-01-20 00:00:00	-0.104633	-0.183847	0.31295	0	-0.0386802	-0.00688002	0.0257777	0	0.216072	0	0	0	0	0	-0.243318	-0.0123476	0.0191706	0	0	0.0632932	0.0340733	0	0	0.122845	-0.0137451	0.19073
2017-01-21 00:00:00	-0.114545	-0.0763179	0.234843	0	-0.143493	-0.00599345	0.0222272	0	0.180382	0	0	0	0	0	-0.141812	-0.012339	0.0191495	0	0	0.0559674	0.0313434	0	0	0.123087	-0.0129683	0.15953
2017-01-22 00:00:00	-0.9714	0.429963	0.257121	0	0.0597274	-0.00548852	0.0205744	0	0.140408	0	0	0	0	0	0.0213174	-0.0123354	0.0191284	0	0	0.0505755	0.029295	0	0	0.123065	-0.0123235	0.149627
2017-01-23 00:00:00	0	-0.275162	0.31242	0	-0.120523	-0.0047447	0.0173413	0	0.159961	0	0	0	0	0	-0.119033	-0.0123267	0.0191098	0	0	0.0459545	0.0274948	0	0	0.122979	-0.012354	0.161117
2017-01-24 00:00:00	0	-0.346448	0.440156	0	-0.0908542	-0.00369263	0.0141245	0	0.0994127	0	0	0	0	0	-0.0977358	-0.0123203	0.019083	0	0	0.0413629	0.0258359	0	0	0.122983	-0.0114422	0.200464
2017-01-25 00:00:00	0	-0.349383	0.443767	0	-0.0605069	-0.00332387	0.0127561	0	0.0798931	0	0	0	0	0	-0.0529994	-0.012314	0.019052	0	0	0.0377206	0.0245419	0	0	0.122843	-0.0109449	0.251102
2017-01-26 00:00:00	0	-0.245323	0.331407	0	-0.0647547	-0.00316735	0.0121508	0	0.0778505	0	0	0	0	0	-0.0357305	-0.0123075	0.0190226	0	0	0.0347166	0.023486	0	0	0.122634	-0.0107334	0.249252
2017-01-27 00:00:00	0	-0.0696918	0.303013	0	-0.129009	-0.00249241	0.00844933	0	0.0635107	0	0	0	0	0	-0.0729751	-0.012303	0.0189973	0	0	0.0321011	0.0226778	0	0	0.122401	-0.0105019	0.274177
2017-01-28 00:00:00	-8.93856	1.48092	0.347882	0	1.11211	-0.0290059	0.117302	0	0.803972	0	0	0	0	0	3.64028	-0.0123182	0.0190095	0	0	0.0390326	0.0252499	0	0	0.121059	-0.0155958	-1.28867
2017-01-29 00:00:00	-0.2999	-0.21823	0.321091	0	-0.476309	-0.0139347	0.0506758	0	0.641743	0	0	0	0	0	-0.193399	-0.0123373	0.0190248	0	0	0.0495186	0.0292489	0	0	0.120892	-0.0188596	-0.000775929
2017-01-30 00:00:00	-0.219179	-0.134479	0.343045	0	0.0175682	-0.00532938	0.020915	0	0.193165	0	0	0	0	0	-0.283387	-0.0123328	0.018992	0	0	0.0445361	0.0273939	0	0	0.122733	-0.0136699	0.119971
2017-01-31 00:00:00	-0.98223	0.191671	0.443186	0	-0.0711507	-0.00963498	0.0365867	0	0.24484	0	0	0	0	0	0.131578	-0.012331	0.0189789	0	0	0.0426366	0.0268082	0	0	0.122914	-0.0130067	0.170846
2017-02-01 00:00:00	-0.209267	-0.189355	0.402832	0	-0.12896	-0.00606316	0.0226483	0	0.185737	0	0	0	0	0	-0.0718738	-0.0123268	0.0189426	0	0	0.0398711	0.025795	0	0	0.12285	-0.0129399	0.187891
2017-02-02 00:00:00	-1.07811	0.233317	0.567923	0	0.0219945	-0.00578505	0.0210775	0	0.141434	0	0	0	0	0	0.0680474	-0.0123207	0.0189126	0	0	0.037143	0.0247767	0	0	0.122759	-0.0124335	0.148731
2017-02-03 00:00:00	-8.67712	0.0412051	0.535697	0	0.791239	-0.0361358	0.15454	0	1.25144	0	0	0	0	0	4.27839	-0.0123371	0.0189072	0	0	0.0453553	0.0276005	0	0	0.119997	-0.0226219	-1.48384
2017-02-04 00:00:00	-4.45886	-0.00673226	0.474472	0	-0.110023	-0.0358383	0.1398	0	1.45878	0	0	0	0	0	1.69998	-0.0123652	0.0189416	0	0	0.0592296	0.0325806	0	0	0.120205	-0.0258032	-0.645636
2017-02-05 00:00:00	-0.159199	-0.213622	0.385726	0	-0.370117	-0.0133928	0.0478905	0	0.595448	0	0	0	0	0	-0.40133	-0.0123718	0.0189495	0	0	0.0598489	0.0328665	0	0	0.12342	-0.0194821	0.0746359
2017-02-06 00:00:00	-1.83222	0.191579	0.406735	0	0.126691	-0.0137227	0.0576573	0	0.431306	0	0	0	0	0	0.33741	-0.0123728	0.0189421	0	0	0.0563901	0.0316682	0	0	0.125041	-0.0162684	-0.0911591
2017-02-07 00:00:00	-4.86311	-0.00916093	0.46628	0	0.325812	-0.0278513	0.110001	0	1.09384	0	0	0	0	0	2.11959	-0.0123788	0.0189586	0	0	0.0585751	0.0321779	0	0	0.123576	-0.0229404	-0.586634
2017-02-08 00:00:00	0	-0.411948	0.439368	0	-0.41374	-0.0111504	0.0375091	0	0.57401	0	0	0	0	0	-0.343077	-0.0123969	0.0189495	0	0	0.0566739	0.0311728	0	0	0.125011	-0.0208346	0.0695461
2017-02-09 00:00:00	-0.0408013	-0.366253	0.438117	0	-0.0358143	-0.00532458	0.0193277	0	0.188526	0	0	0	0	0	-0.387969	-0.0123911	0.0189227	0	0	0.0498419	0.0286888	0	0	0.127115	-0.0152213	0.00676407
2017-02-10 00:00:00	-0.114545	-0.290242	0.435199	0	-0.137429	-0.00712307	0.0257883	0	0.226109	0	0	0	0	0	-0.0851324	-0.0123835	0.0188968	0	0	0.0460246	0.0273316	0	0	0.127469	-0.0144234	0.24554
2017-02-11 00:00:00	-13.0394	1.02627	0.283079	0	1.17066	-0.0458657	0.216072	0	2.39215	0	0	0	0	0	6.02233	-0.0124039	0.0189134	0	0	0.0565646	0.0297701	0	0	0.123829	-0.0252096	-1.78323
2017-02-12 00:00:00	-2.08707	-0.0116848	0.272929	0	-0.501127	-0.0278513	0.109706	0	1.51901	0	0	0	0	0	0.234833	-0.0124298	0.01897	0	0	0.0737761	0.0348688	0	0	0.125809	-0.0252494	-0.275515
2017-02-13 00:00:00	-0.53982	-0.213606	0.317773	0	-0.300077	-0.0156771	0.0639622	0	0.707475	0	0	0	0	0	-0.228177	-0.0124324	0.0189801	0	0	0.0723253	0.0350479	0	0	0.12963	-0.0185658	0.0168381
2017-02-14 00:00:00	0	-0.292521	0.317493	0	-0.125639	-0.00831227	0.0334287	0	0.337534	0	0	0	0	0	-0.379795	-0.012428	0.0189662	0	0	0.065666	0.0330041	0	0	0.130902	-0.0159052	0.102393
2017-02-15 00:00:00	-0.378377	0.0911003	0.281122	0	-0.0883702	-0.00751509	0.0293775	0	0.258865	0	0	0	0	0	-0.190145	-0.012423	0.0189416	0	0	0.0580926	0.0304533	0	0	0.131422	-0.0145528	0.20799
2017-02-16 00:00:00	-1.10913	0.330843	0.324032	0	0.025607	-0.00694612	0.0280162	0	0.219138	0	0	0	0	0	0.0571964	-0.0124094	0.0189252	0	0	0.0531041	0.0288545	0	0	0.131556	-0.0137871	0.0749986
2017-02-17 00:00:00	-0.14002	-0.203884	0.350344	0	-0.12039	-0.00564769	0.0222882	0	0.200714	0	0	0	0	0	-0.106712	-0.0124046	0.0188965	0	0	0.0485099	0.0273154	0	0	0.131585	-0.0133771	0.197218
2017-02-18 00:00:00	-2.86608	0.221427	0.35873	0	0.352854	-0.0126249	0.0486	0	0.434052	0	0	0	0	0	1.03117	-0.012406	0.018889	0	0	0.0465419	0.0264808	0	0	0.130777	-0.0162575	-0.237857
2017-02-19 00:00:00	-1.52855	-0.0136487	0.484212	0	-0.0591194	-0.0115294	0.041417	0	0.488042	0	0	0	0	0	0.36287	-0.0124106	0.018879	0	0	0.0460775	0.0262106	0	0	0.130051	-0.0189258	-0.0464206
2017-02-20 00:00:00	-2.35046	-0.0142035	0.532366	0	0.0644734	-0.0156973	0.0601738	0	0.563356	0	0	0	0	0	0.819142	-0.0124101	0.0188801	0	0	0.0474071	0.0269495	0	0	0.130458	-0.018147	-0.147712
2017-02-21 00:00:00	-4.17906	-0.00790793	0.633761	0	0.234755	-0.0263507	0.109515	0	0.966576	0	0	0	0	0	1.62592	-0.0124208	0.0188997	0	0	0.0542593	0.029836	0	0	0.129703	-0.0212888	-0.443807
2017-02-22 00:00:00	-0.673744	-0.0843534	0.693539	0	-0.345608	-0.0122051	0.0455509	0	0.550265	0	0	0	0	0	-0.223967	-0.0124332	0.0188898	0	0	0.0547474	0.0301405	0	0	0.131073	-0.0196546	0.15224
2017-02-23 00:00:00	-22.6719	0.0802326	0.583699	0	1.59244	-0.138721	0.5539	0	5.54648	0	0	0	0	0	10.9694	-0.0125263	0.0190665	0	0	0.106617	0.0467097	0	0	0.124922	-0.0381206	-3.23773
2017-02-24 00:00:00	-6.231	-0.00417079	0.627185	0	-0.619859	-0.0788926	0.334012	0	3.42661	0	0	0	0	0	1.47649	-0.0126376	0.0192499	0	0	0.171256	0.0666528	0	0	0.130522	-0.0351709	-0.729743
2017-02-25 00:00:00	-11.5381	-0.0257682	0.777772	0	0.296456	-0.0897607	0.346718	0	3.76982	0	0	0	0	0	4.26408	-0.0127235	0.0193533	0	0	0.193712	0.0747631	0	0	0.131884	-0.0379465	-1.82971
2017-02-26 00:00:00	-4.08119	0.00505766	0.76333	0	-0.207277	-0.060013	0.215017	0	2.6002	0	0	0	0	0	0.370559	-0.0127732	0.01943	0	0	0.190773	0.0735086	0	0	0.135248	-0.0359804	-0.0241157
2017-02-27 00:00:00	-1.80434	-0.00378666	0.658636	0	-0.215231	-0.0331069	0.109418	0	1.41121	0	0	0	0	0	-0.45208	-0.0127924	0.0194441	0	0	0.169148	0.0662869	0	0	0.13961	-0.0291426	0.0232654
2017-02-28 00:00:00	-12.7933	-0.00210695	0.566626	0	0.928784	-0.103226	0.363283	0	4.20148	0	0	0	0	0	5.09844	-0.0128644	0.0195468	0	0	0.186136	0.0712247	0	0	0.137489	-0.0361419	-1.37458
2017-03-01 00:00:00	-2.53118	-0.0833731	0.562906	0	-0.784055	-0.0474344	0.1734	0	2.50363	0	0	0	0	0	-0.309209	-0.0129194	0.0196198	0	0	0.192066	0.0723705	0	0	0.141897	-0.0308952	-0.133175
2017-03-02 00:00:00	-1.63701	0.0235455	0.637182	0	-0.146199	-0.024025	0.0866235	0	1.25112	0	0	0	0	0	-0.483723	-0.0129192	0.0196423	0	0	0.169792	0.0647476	0	0	0.146174	-0.02376	0.0711847
2017-03-03 00:00:00	-3.15788	0.0412274	0.680749	0	0.0992867	-0.0327281	0.127533	0	1.18183	0	0	0	0	0	0.436759	-0.0129319	0.0196665	0	0	0.156392	0.0610292	0	0	0.147461	-0.0223081	-0.273913
2017-03-04 00:00:00	-6.00398	-0.0121817	0.781733	0	0.277541	-0.0483961	0.212174	0	1.99504	0	0	0	0	0	1.86509	-0.0129715	0.0197082	0	0	0.15931	0.0628082	0	0	0.14607	-0.0274438	-0.585498
2017-03-05 00:00:00	-1.33372	-0.0174902	0.700502	0	-0.597292	-0.0237656	0.0943252	0	1.19843	0	0	0	0	0	-0.334998	-0.0129783	0.0197144	0	0	0.149127	0.0597491	0	0	0.147687	-0.0254037	0.023879
2017-03-06 00:00:00	-2.11093	-0.00382251	0.755146	0	0.0712115	-0.0198951	0.0821979	0	0.770566	0	0	0	0	0	0.149932	-0.0129786	0.0197119	0	0	0.132306	0.054273	0	0	0.149323	-0.0224729	0.0145692
2017-03-07 00:00:00	-2.7184	-0.0117613	0.857092	0	0.0284559	-0.0221519	0.0892082	0	0.895675	0	0	0	0	0	0.458017	-0.012978	0.0197187	0	0	0.120548	0.0503928	0	0	0.149276	-0.0240696	-0.120975
2017-03-08 00:00:00	-2.14387	-0.00228492	0.906891	0	-0.0820211	-0.0193857	0.0769225	0	0.80299	0	0	0	0	0	0.203448	-0.0129824	0.0197228	0	0	0.110747	0.0471978	0	0	0.149921	-0.0235353	0.0337598
2017-03-09 00:00:00	-4.71787	0.00115338	0.945962	0	0.348079	-0.030484	0.137161	0	1.32556	0	0	0	0	0	1.40762	-0.0130069	0.0197391	0	0	0.104692	0.0450986	0	0	0.148775	-0.027295	-0.304819
2017-03-10 00:00:00	-0.155347	-0.731426	0.951146	0	-0.47116	-0.0117781	0.0466115	0	0.646287	0	0	0	0	0	-0.417977	-0.0130336	0.0197414	0	0	0.0948954	0.0418525	0	0	0.150444	-0.0233763	0.126879
2017-03-11 00:00:00	-0.929227	-0.118233	1.11666	0	-0.224184	-0.00746038	0.0292292	0	0.286998	0	0	0	0	0	-0.264468	-0.0130321	0.0197267	0	0	0.0828345	0.0381577	0	0	0.152512	-0.0178837	0.151633
2017-03-12 00:00:00	-0.213764	-0.388055	1.05382	0	-0.361548	-0.00547724	0.0205985	0	0.164846	0	0	0	0	0	-0.29678	-0.0130292	0.019715	0	0	0.072886	0.0352377	0	0	0.153029	-0.0154486	0.226027
2017-03-13 00:00:00	-0.0408013	-0.233187	1.01396	0	-0.388301	-0.00272973	0.00823524	0	0.0719113	0	0	0	0	0	-0.332214	-0.0130228	0.0196975	0	0	0.061527	0.0322142	0	0	0.153193	-0.0136919	0.336793
2017-03-14 00:00:00	-0.819179	-0.106008	1.17909	0	-0.123657	-0.00302384	0.00940995	0	0.0552852	0	0	0	0	0	-0.10919	-0.0130145	0.0196796	0	0	0.0524868	0.0297649	0	0	0.152901	-0.0130572	0.311483
2017-03-15 00:00:00	0	-0.218623	1.09094	0	-0.384408	-0.00208813	0.00564322	0	0.0480538	0	0	0	0	0	-0.256509	-0.0130068	0.0196648	0	0	0.0457197	0.0275572	0	0	0.152363	-0.0125331	0.502774
2017-03-16 00:00:00	-1.31298	0.225631	1.09402	0	0.0491278	-0.00282695	0.00865412	0	0.0482277	0	0	0	0	0	0.0229872	-0.0129984	0.019647	0	0	0.039813	0.0256465	0	0	0.151676	-0.0122328	0.344391
2017-03-17 00:00:00	-11.6708	1.51335	1.10164	0	2.06985	-0.0387876	0.13395	0	1.31187	0	0	0	0	0	3.93173	-0.0130175	0.0196741	0	0	0.0501396	0.0270433	0	0	0.149032	-0.0202889	-1.43464
2017-03-18 00:00:00	-5.50669	-0.00673777	1.17783	0	0.0108529	-0.0425539	0.161717	0	1.99591	0	0	0	0	0	1.48308	-0.0130787	0.0197311	0	0	0.0735042	0.0337007	0	0	0.146684	-0.0305235	-0.496562
2017-03-19 00:00:00	-7.22864	-0.00282284	1.22174	0	0.182259	-0.056707	0.226575	0	2.6179	0	0	0	0	0	2.29318	-0.0131005	0.0197727	0	0	0.0847185	0.0373351	0	0	0.146158	-0.0346672	-0.506311
2017-03-20 00:00:00	-5.09278	-0.0193776	1.12126	0	-0.17797	-0.0452355	0.152824	0	2.2376	0	0	0	0	0	1.19078	-0.0131369	0.0197927	0	0	0.0911079	0.0385997	0	0	0.14734	-0.0338894	-0.383079
2017-03-21 00:00:00	-6.19317	-0.00691141	0.671634	0	0.214219	-0.0454517	0.20739	0	2.74565	0	0	0	0	0	1.85075	-0.0131719	0.0197852	0	0	0.0895736	0.0366525	0	0	0.146355	-0.0374721	-0.314165
2017-03-22 00:00:00	-11.949	0.00159052	0.64023	0	0.333077	-0.0914618	0.379083	0	4.47494	0	0	0	0	0	4.30556	-0.0132275	0.0198888	0	0	0.121841	0.0454922	0	0	0.146359	-0.037624	-1.62329
2017-03-23 00:00:00	-16.1385	0.0019611	0.974732	0	0.234841	-0.179651	0.691117	0	6.62717	0	0	0	0	0	5.52838	-0.0133181	0.0201836	0	0	0.23573	0.082747	0	0	0.147445	-0.0381855	-1.82537
2017-03-24 00:00:00	0	-1.03236	1.35616	0	-0.749951	-0.0461448	0.177639	0	2.08486	0	0	0	0	0	-1.67423	-0.013381	0.0203168	0	0	0.274102	0.0982266	0	0	0.153634	-0.0297195	0.619163
2017-03-25 00:00:00	0	-0.381065	1.64404	0	-0.913909	-0.0157966	0.0569796	0	0.639975	0	0	0	0	0	-1.28507	-0.013376	0.0203228	0	0	0.223464	0.0830436	0	0	0.157463	-0.0214803	0.194592
2017-03-26 00:00:00	0	-0.337915	1.85423	0	-0.739658	-0.00693065	0.0227475	0	0.215579	0	0	0	0	0	-1.02679	-0.013369	0.0203271	0	0	0.183115	0.0701211	0	0	0.158611	-0.0176226	0.382446
2017-03-27 00:00:00	0	-0.282578	1.80947	0	-0.34122	-0.00633555	0.020298	0	0.130234	0	0	0	0	0	-0.911953	-0.0133623	0.0203112	0	0	0.149434	0.0590105	0	0	0.158629	-0.0158559	0.776078
2017-03-28 00:00:00	-1.21762	0.00964861	1.32548	0	0.0698838	-0.00910272	0.0333459	0	0.206906	0	0	0	0	0	-0.266319	-0.0133553	0.0202955	0	0	0.125942	0.0515203	0	0	0.158016	-0.015256	0.47939
2017-03-29 00:00:00	-0.574525	-0.209816	1.44263	0	-0.180706	-0.00382591	0.0146338	0	0.0985161	0	0	0	0	0	-0.36739	-0.0133466	0.0202762	0	0	0.104664	0.0446782	0	0	0.157687	-0.0142893	0.519185
2017-03-30 00:00:00	-1.98624	0.577978	1.38256	0	0.0693113	-0.00587662	0.0222528	0	0.132473	0	0	0	0	0	-0.0566711	-0.0133385	0.0202583	0	0	0.0885501	0.0397832	0	0	0.157149	-0.0137195	0.414479
2017-03-31 00:00:00	-2.02436	0.191563	1.54695	0	0.0477078	-0.00669187	0.0274974	0	0.161489	0	0	0	0	0	0.0890047	-0.0133333	0.0202478	0	0	0.0783355	0.0363932	0	0	0.156533	-0.0136455	0.297693
2017-04-01 00:00:00	-0.44866	-0.790041	1.51613	0	-0.111169	-0.00396971	0.0176936	0	0.101518	0	0	0	0	0	-0.103761	-0.0133259	0.0202315	0	0	0.0684044	0.0331911	0	0	0.155877	-0.0130837	0.42904
2017-04-02 00:00:00	0	-0.267088	1.32178	0	-0.377702	-0.00107373	0.00351496	0	0.0421479	0	0	0	0	0	-0.372804	-0.0133133	0.0202059	0	0	0.0550867	0.0294746	0	0	0.154938	-0.0125136	0.58265
2017-04-03 00:00:00	-0.0446534	-0.0452524	1.33441	0	-0.498417	-0.000191828	0.000692019	0	0.0079247	0	0	0	0	0	-0.222626	-0.0133001	0.0201808	0	0	0.0427885	0.025591	0	0	0.154353	-0.0115362	0.749964
2017-04-04 00:00:00	-0.382874	0	1.45987	0	-0.191891	-6.2427E-05	0.000641512	0	0.00171978	0	0	0	0	0	-0.384776	-0.0132934	0.0201489	0	0	0.0361084	0.0234464	0	0	0.153379	-0.0109609	0.711461
2017-04-05 00:00:00	0	0	1.38127	0	-0.115388	-0.000444836	0.00302525	0	0.00183003	0	0	0	0	0	-0.378128	-0.0132876	0.0201276	0	0	0.0313291	0.0218493	0	0	0.151701	-0.0106423	1.09324
2017-04-06 00:00:00	0	0	1.34462	0	-0.180558	-0.000107849	0.000780442	0	0.00806959	0	0	0	0	0	-0.409826	-0.0132739	0.0200938	0	0	0.0254551	0.0197918	0	0	0.150614	-0.0104473	0.955216
2017-04-07 00:00:00	-0.363051	0	1.45235	0	-0.123563	-1.78194E-05	8.71509E-05	0	0.000799695	0	0	0	0	0	-0.184876	-0.0132588	0.0200601	0	0	0.0213337	0.0182586	0	0	0.149579	-0.010268	0.967437
2017-04-08 00:00:00	0	0	1.60692	0	0.0508492	-0.000124291	0.00162032	0	0.000294818	0	0	0	0	0	-0.583291	-0.0132488	0.0200381	0	0	0.0182942	0.0169798	0	0	0.148091	-0.0100741	1.25635
2017-04-09 00:00:00	-0.114545	0	1.49425	0	-0.0913187	-5.32679E-05	0.000715275	0	0.000325249	0	0	0	0	0	-0.257592	-0.013238	0.0200179	0	0	0.0163241	0.0161824	0	0	0.145957	-0.00984775	1.20718
2017-04-10 00:00:00	-0.198437	0	1.40193	0	0.0302594	-8.56491E-05	0.00115225	0	0.000268788	0	0	0	0	0	-0.316084	-0.013221	0.0199847	0	0	0.014118	0.0152004	0	0	0.144246	-0.00972127	1.08962
2017-04-11 00:00:00	-1.19146	0.0382258	1.6337	0	0.0113733	-5.4227E-05	0.00109526	0	0.00428651	0	0	0	0	0	-0.0205559	-0.0132115	0.0199645	0	0	0.0132462	0.0147326	0	0	0.142526	-0.00960539	0.644266
2017-04-12 00:00:00	-1.23948	0.0245366	1.62614	0	0.0729871	-9.17796E-05	0.00158385	0	0.0085073	0	0	0	0	0	-0.0608322	-0.0131995	0.0199395	0	0	0.0128146	0.0143985	0	0	0.141286	-0.00957804	0.599016
2017-04-13 00:00:00	-0.574762	-0.0627594	1.43971	0	-0.0713114	-4.05639E-05	0.000574594	0	0.0115803	0	0	0	0	0	-0.133102	-0.013188	0.0199182	0	0	0.0123967	0.0141207	0	0	0.139994	-0.00952655	0.773604
2017-04-14 00:00:00	-2.35066	0.488384	1.67795	0	0.0612154	-0.000196355	0.0012249	0	0.00445652	0	0	0	0	0	0.230198	-0.0131759	0.0198882	0	0	0.0129804	0.0145819	0	0	0.139092	-0.00948981	0.276451
2017-04-15 00:00:00	-0.299219	-0.488384	1.49169	0	0.0447551	-0.000595177	0.00363576	0	0.0239916	0	0	0	0	0	-0.236348	-0.0131713	0.0198819	0	0	0.012937	0.0143064	0	0	0.137365	-0.00954896	0.701293
2017-04-16 00:00:00	-4.33807	1.22816	1.58052	0	0.173875	-0.00172894	0.0090728	0	0.0381401	0	0	0	0	0	0.690871	-0.0131658	0.0198695	0	0	0.0144437	0.0146077	0	0	0.136486	-0.00961331	-0.456531
2017-04-17 00:00:00	0	-1.05408	1.51968	0	-0.0163621	-0.0013693	0.00686987	0	0.0416179	0	0	0	0	0	-0.098107	-0.0131603	0.0198532	0	0	0.016972	0.0153801	0	0	0.136051	-0.00979128	0.563555
2017-04-18 00:00:00	0	-0.174071	1.6972	0	-0.275239	-0.000198879	0.000549561	0	0.011582	0	0	0	0	0	-0.303859	-0.0131385	0.0198161	0	0	0.0152349	0.0154063	0	0	0.135618	-0.00968752	1.11922
2017-04-19 00:00:00	-0.0992187	0	1.54125	0	-0.0709729	-2.3685E-05	9.72253E-05	0	0.000477192	0	0	0	0	0	-0.51656	-0.0131256	0.0198026	0	0	0.0134228	0.0144138	0	0	0.134443	-0.00942649	1.01458
2017-04-20 00:00:00	-0.2	0	1.79734	0	0.0358598	-0.000123789	0.0012754	0	8.89451E-06	0	0	0	0	0	-0.431945	-0.0131151	0.01977	0	0	0.0122892	0.0137326	0	0	0.132591	-0.00921798	1.35846
2017-04-21 00:00:00	-1.10307	0	1.80497	0	0.0638207	-6.9744E-05	0.000907691	0	0.000151822	0	0	0	0	0	-0.139797	-0.0130937	0.0197161	0	0	0.0115904	0.0134451	0	0	0.131736	-0.00911892	0.781186
2017-04-22 00:00:00	0	0	1.48371	0	-0.0898883	-6.23287E-05	0.000838854	0	0.00023553	0	0	0	0	0	-0.404243	-0.0130856	0.0196832	0	0	0.0109917	0.0129924	0	0	0.129947	-0.00904224	1.14208
2017-04-23 00:00:00	0	0	1.56963	0	-0.0939558	-2.58538E-05	0.000112294	0	2.7613E-05	0	0	0	0	0	-0.440581	-0.0130634	0.0196538	0	0	0.0099386	0.0123346	0	0	0.128835	-0.0089541	1.18396
2017-04-24 00:00:00	-1.24671	0.00612746	1.59665	0	0.0393248	-4.0511E-05	0.000579185	0	0	0	0	0	0	0	0.0646372	-0.0130441	0.0196218	0	0	0.0102472	0.0126344	0	0	0.127707	-0.00889099	0.608843
2017-04-25 00:00:00	-3.33062	0.903884	1.40507	0	0.242654	-0.000881347	0.0056828	0	0.0113295	0	0	0	0	0	0.384561	-0.0130441	0.0196247	0	0	0.0119803	0.013158	0	0	0.126171	-0.00892091	-0.229347
2017-04-26 00:00:00	-0.0545653	-0.777013	1.22364	0	-0.0163997	-0.00110212	0.00548407	0	0.0370319	0	0	0	0	0	-0.0186896	-0.0130378	0.0196087	0	0	0.0142391	0.0140049	0	0	0.125515	-0.00907773	0.549637
2017-04-27 00:00:00	-0.608349	-0.111307	1.83129	0	0.0126746	-0.000118465	0.0012959	0	0.00916596	0	0	0	0	0	-0.395968	-0.013016	0.0195737	0	0	0.0136805	0.0143496	0	0	0.125054	-0.00903406	0.889293
2017-04-28 00:00:00	0	-0.0216503	1.82185	0	-0.266443	-5.39277E-05	0.000351022	0	0.00901417	0	0	0	0	0	-0.389721	-0.0129932	0.0195475	0	0	0.0120241	0.0134367	0	0	0.123897	-0.00897617	1.30029
2017-04-29 00:00:00	-0.104633	0	1.76099	0	-0.0741153	-1.92526E-05	7.09891E-05	0	1.16518E-05	0	0	0	0	0	-0.652858	-0.0129715	0.0195292	0	0	0.0105589	0.0125765	0	0	0.122973	-0.008847	1.07327
2017-04-30 00:00:00	0	0	1.8435	0	-0.0754091	-3.61179E-05	0.000110281	0	0	0	0	0	0	0	-0.590234	-0.0129235	0.0195062	0	0	0.00930029	0.011808	0	0	0.121658	-0.00874456	1.31853
2017-05-01 00:00:00	0	0	1.83852	0	-0.0395658	-3.87106E-05	0.000120746	0	0	0	0	0	0	0	-0.571848	-0.012898	0.0194829	0	0	0.00823397	0.0111548	0	0	0.120554	-0.00864102	1.36507
2017-05-02 00:00:00	0	0	1.78476	0	-0.0195206	-4.06719E-05	0.000162714	0	0	0	0	0	0	0	-0.577413	-0.0128314	0.0194646	0	0	0.00744349	0.0106301	0	0	0.11933	-0.0085357	1.32345
2017-05-03 00:00:00	-0.05998	0	1.74588	0	-0.00613414	-4.6335E-05	0.000223793	0	0	0	0	0	0	0	-0.556185	-0.0127909	0.0194347	0	0	0.00696424	0.0103085	0	0	0.118241	-0.00844683	1.25747
2017-05-04 00:00:00	0	0	1.77596	0	-0.010986	-4.04017E-05	0.000191829	0	0	0	0	0	0	0	-0.597777	-0.0127758	0.0194105	0	0	0.00649319	0.00994093	0	0	0.117044	-0.00837977	1.29908
2017-05-05 00:00:00	0	0	1.7427	0	-0.00752018	-4.07152E-05	0.000208277	0	0	0	0	0	0	0	-0.569124	-0.0127893	0.019348	0	0	0.00607986	0.00961828	0	0	0.115941	-0.00829573	1.29612
2017-05-06 00:00:00	-0.0545653	0	1.75505	0	-0.00430833	-3.88469E-05	0.000247466	0	0	0	0	0	0	0	-0.572443	-0.0127794	0.019296	0	0	0.00572246	0.00934368	0	0	0.114802	-0.00822313	1.2521
2017-05-07 00:00:00	0	0	1.82971	0	-0.00999898	-3.34899E-05	0.000164124	0	0	0	0	0	0	0	-0.642774	-0.0127512	0.0192545	0	0	0.00537993	0.0090615	0	0	0.113652	-0.00815763	1.3035
2017-05-08 00:00:00	0	0	1.68788	0	-0.00337994	-3.05813E-05	0.000211894	0	0	0	0	0	0	0	-0.573692	-0.0126901	0.0192375	0	0	0.0051566	0.00888806	0	0	0.112581	-0.00809726	1.23607
2017-05-09 00:00:00	0	0	1.92023	0	-0.0120803	-2.12541E-05	0.000117629	0	0	0	0	0	0	0	-0.706434	-0.0126695	0.0191952	0	0	0.00485946	0.008632	0	0	0.111559	-0.00805107	1.32534
2017-05-10 00:00:00	0	0	2.102	0	-0.0166033	-1.46711E-05	9.48707E-05	0	0	0	0	0	0	0	-0.786184	-0.0126139	0.0191697	0	0	0.00447868	0.00831022	0	0	0.110333	-0.00798721	1.42099
2017-05-11 00:00:00	0	0	4.24412	0	-0.0883425	0	0	0	0	0	0	0	0	0	-1.67516	-0.012583	0.019126	0	0	0.00318879	0.00703702	0	0	0.109133	-0.00792028	2.5986
2017-05-12 00:00:00	0	0	2.51138	0	-0.00757195	0	5.11445E-05	0	0	0	0	0	0	0	-0.920373	-0.0125557	0.0190899	0	0	0.00266138	0.00657714	0	0	0.107825	-0.00774769	1.69934
2017-05-13 00:00:00	-1.82059	0.00179841	2.36296	0	0.0553342	-3.30437E-05	0.000172349	0	0	0	0	0	0	0	-0.136924	-0.012546	0.0190808	0	0	0.00335114	0.00729344	0	0	0.106693	-0.00765799	0.578934
2017-05-14 00:00:00	0	-0.00179841	2.11146	0	-0.0152173	-4.40477E-06	8.61399E-05	0	0	0	0	0	0	0	-0.874537	-0.0125211	0.0190592	0	0	0.0034326	0.00727567	0	0	0.1056	-0.00769201	1.33514
2017-05-15 00:00:00	-8.88964	1.91114	2.66585	0	0.175349	-0.000217189	0.00286154	0	0	0	0	0	0	0	1.8932	-0.0125299	0.0190747	0	0	0.0057594	0.0085969	0	0	0.104585	-0.00772135	-2.12369
2017-05-16 00:00:00	-2.5787	-0.277465	2.63389	0	0.0378287	-0.000100175	0.00172384	0	0	0	0	0	0	0	0.122455	-0.0125303	0.0190687	0	0	0.00844387	0.0105997	0	0	0.104363	-0.00801137	0.0615686
2017-05-17 00:00:00	0	-1.16115	2.62614	0	-0.0657091	-1.51074E-05	0.000211669	0	0	0	0	0	0	0	-0.564474	-0.0125119	0.0190445	0	0	0.00884864	0.0113253	0	0	0.103898	-0.00807035	0.95754
2017-05-18 00:00:00	0	-0.327744	2.1443	0	-0.012315	-1.71517E-05	0.000113533	0	0	0	0	0	0	0	-0.816413	-0.0124786	0.0189842	0	0	0.00750926	0.0107115	0	0	0.103493	-0.00804314	1.1081
2017-05-19 00:00:00	-0.318397	-0.122473	2.23248	0	-0.0601207	-4.88842E-06	5.2535E-05	0	0	0	0	0	0	0	-0.737299	-0.0124738	0.018963	0	0	0.00683062	0.0102075	0	0	0.102468	-0.00793947	1.11229
2017-05-20 00:00:00	-14.0961	2.35426	2.40478	0	0.506384	-0.000672222	0.0124214	0	0.00339894	0	0	0	0	0	4.25709	-0.0125095	0.0190432	0	0	0.0140341	0.0144142	0	0	0.10197	-0.00805415	-4.42955
2017-05-21 00:00:00	-0.309131	-1.33977	2.31132	0	-0.0913419	-0.002143	0.0105783	0	0.0161641	0	0	0	0	0	-0.448806	-0.0125252	0.0190693	0	0	0.0204802	0.0186145	0	0	0.102502	-0.00869552	0.286319
2017-05-22 00:00:00	-3.15173	0.331114	2.81229	0	0.0516269	-0.00165463	0.00908102	0	0.0171966	0	0	0	0	0	0.0267154	-0.0125165	0.0190443	0	0	0.0193544	0.0183695	0	0	0.10262	-0.00864499	0.232866
2017-05-23 00:00:00	-0.889307	-0.748001	2.95754	0	-0.150192	-0.000513206	0.00256775	0	0.0159251	0	0	0	0	0	-0.564511	-0.0125042	0.0190191	0	0	0.0175868	0.0174316	0	0	0.102475	-0.00858946	0.75893
2017-05-24 00:00:00	-0.244653	-0.318247	2.56346	0	-0.229625	0	3.76734E-06	0	2.28289E-05	0	0	0	0	0	-0.71877	-0.0124812	0.0189705	0	0	0.0140201	0.0151054	0	0	0.102267	-0.00844776	1.18163
2017-05-25 00:00:00	0	-0.301434	4.1724	0	-0.180129	0	0	0	0	0	0	0	0	0	-1.96335	-0.0124539	0.0189289	0	0	0.0102676	0.0125091	0	0	0.101781	-0.00827206	1.85025
2017-05-26 00:00:00	0	0	2.76525	0	-0.019889	0	0	0	0	0	0	0	0	0	-1.19609	-0.0124357	0.0189007	0	0	0.00791746	0.0109373	0	0	0.100996	-0.00803256	1.66755
2017-05-27 00:00:00	-5.54737	0.516887	3.03773	0	0.377579	-0.000194183	0.00208491	0	5.83481E-05	0	0	0	0	0	0.906431	-0.012441	0.0189611	0	0	0.0141089	0.0143609	0	0	0.100226	-0.00786718	-0.579441
2017-05-28 00:00:00	0	-0.448642	2.54034	0	-0.107116	-0.00138762	0.00688586	0	0.0084846	0	0	0	0	0	-0.88423	-0.0124227	0.0189413	0	0	0.0156182	0.0155879	0	0	0.0996137	-0.00823928	1.24343
2017-05-29 00:00:00	-0.25998	-0.0397366	2.34061	0	-0.0369599	-2.17927E-05	0.000102602	0	8.25474E-06	0	0	0	0	0	-0.975315	-0.012379	0.0188988	0	0	0.0129809	0.0144605	0	0	0.0992149	-0.00820808	1.15368
2017-05-30 00:00:00	-1.08774	-0.0184111	2.51295	0	-0.124366	-5.44494E-06	3.14778E-05	0	0	0	0	0	0	0	-0.503562	-0.0123472	0.0188481	0	0	0.0114034	0.0134347	0	0	0.0984582	-0.00808053	0.900611
2017-05-31 00:00:00	0	-0.0101042	3.31156	0	-0.0950902	0	0	0	0	0	0	0	0	0	-1.81548	-0.0123307	0.0188185	0	0	0.00877088	0.0115715	0	0	0.0979743	-0.00797143	1.50771
2017-06-01 00:00:00	-0.0953666	0	2.64876	0	-0.0196305	0	1.41522E-05	0	0	0	0	0	0	0	-1.24671	-0.0122894	0.0187857	0	0	0.00691736	0.0103021	0	0	0.0969539	-0.0077705	1.39997
2017-06-02 00:00:00	-0.574525	0	2.94066	0	-0.003464	0	5.29512E-05	0	0	0	0	0	0	0	-1.20861	-0.0122335	0.0187561	0	0	0.00588261	0.00953861	0	0	0.0962799	-0.00761606	1.26473
2017-06-03 00:00:00	0	0	3.72527	0	-0.0295101	0	0	0	0	0	0	0	0	0	-1.94502	-0.0121947	0.0187049	0	0	0.00432173	0.00819515	0	0	0.0955665	-0.00750039	1.85783
2017-06-04 00:00:00	-1.71943	0.00931546	2.61348	0	0.0217361	0	0.000127423	0	0	0	0	0	0	0	-0.432126	-0.0121911	0.0186801	0	0	0.00406922	0.00801919	0	0	0.0947115	-0.00734635	0.599041
2017-06-05 00:00:00	-8.9824	1.96257	2.79097	0	0.214558	-0.00013855	0.00108885	0	0	0	0	0	0	0	2.06421	-0.0121925	0.0186789	0	0	0.00719207	0.00978688	0	0	0.0940395	-0.00735133	-1.83899
2017-06-06 00:00:00	-38.4885	0.968899	2.61162	0	1.46319	-0.0364736	0.251873	0	0.782839	0	0	0	0	0	16.5345	-0.0122981	0.0189499	0	0	0.0396077	0.0284302	0	0	0.0947832	-0.0093278	-15.7519
2017-06-07 00:00:00	-1.37721	-1.17113	2.80879	0	-0.439785	-0.0130515	0.0633977	0	0.359677	0	0	0	0	0	-1.35372	-0.0123824	0.0191097	0	0	0.0702975	0.0445061	0	0	0.0978806	-0.0115635	-0.915181
2017-06-08 00:00:00	-14.2675	1.15374	3.05304	0	0.528434	-0.0224431	0.142448	0	0.582309	0	0	0	0	0	4.26092	-0.0124107	0.0191387	0	0	0.0704479	0.0438545	0	0	0.100737	-0.0122882	-4.35955
2017-06-09 00:00:00	-0.240801	-1.61119	3.04701	0	-0.447574	-0.00873429	0.0421618	0	0.303884	0	0	0	0	0	-1.2644	-0.0124357	0.0191625	0	0	0.0710494	0.0437887	0	0	0.103567	-0.0121451	0.0333367
2017-06-10 00:00:00	-2.41173	-0.213717	3.11545	0	0.037914	-0.00565333	0.0250857	0	0.140593	0	0	0	0	0	-0.504825	-0.0124286	0.0191366	0	0	0.0604581	0.0389395	0	0	0.104953	-0.0104117	0.383762
2017-06-11 00:00:00	-3.12789	0.0943397	3.1015	0	-0.0366518	-0.00496049	0.0235498	0	0.141781	0	0	0	0	0	-0.189476	-0.0124213	0.0191115	0	0	0.0532053	0.0350753	0	0	0.105204	-0.0101392	0.192225
2017-06-12 00:00:00	-0.291514	-0.712945	2.83917	0	-0.401231	-0.00136988	0.0061964	0	0.0508401	0	0	0	0	0	-0.919164	-0.0124123	0.0190844	0	0	0.045486	0.0308572	0	0	0.105394	-0.00983291	0.748554
2017-06-13 00:00:00	-1.09082	-0.247254	2.90052	0	-0.318977	-0.000242059	0.000716789	0	0.0060979	0	0	0	0	0	-0.510324	-0.0123933	0.0190425	0	0	0.0366472	0.0264312	0	0	0.105433	-0.00951374	0.905361
2017-06-14 00:00:00	0	-0.184849	3.01609	0	-0.163598	-0.000285385	0.00103283	0	0.00153951	0	0	0	0	0	-1.41584	-0.012386	0.019029	0	0	0.032015	0.0239878	0	0	0.105109	-0.00902358	1.41281
2017-06-15 00:00:00	-9.1645	2.13876	3.19461	0	0.602457	-0.00360673	0.0174722	0	0.0518946	0	0	0	0	0	1.947	-0.0123839	0.0190215	0	0	0.0306218	0.0225353	0	0	0.104996	-0.0088122	-1.05995
2017-06-16 00:00:00	-0.714545	-1.58076	3.16897	0	-0.137603	-0.00248893	0.0122016	0	0.0766283	0	0	0	0	0	-0.491595	-0.0123832	0.0190161	0	0	0.0321707	0.0230089	0	0	0.10504	-0.00901158	0.48865
2017-06-17 00:00:00	0	-0.532202	3.218	0	-0.595521	-3.61616E-05	0.000155487	0	0.00613878	0	0	0	0	0	-1.02688	-0.0123623	0.0189696	0	0	0.0242995	0.0196573	0	0	0.105069	-0.00887919	1.21641
2017-06-18 00:00:00	0	-0.073065	3.36312	0	-0.2248	0	0	0	0.000475433	0	0	0	0	0	-1.70456	-0.0123473	0.0189535	0	0	0.0185879	0.0167516	0	0	0.104798	-0.00857002	1.49934
2017-06-19 00:00:00	-0.0545653	0	3.39299	0	-0.0521936	0	0	0	0	0	0	0	0	0	-1.48954	-0.0123269	0.0189105	0	0	0.0137728	0.0141134	0	0	0.104315	-0.00822681	1.92724
2017-06-20 00:00:00	0	0	3.8087	0	-0.0252433	0	0	0	0	0	0	0	0	0	-1.64741	-0.012304	0.0188729	0	0	0.00970672	0.011836	0	0	0.103913	-0.00796791	2.26011
2017-06-21 00:00:00	-0.927819	0	3.0403	0	0.00629289	0	0	0	0	0	0	0	0	0	-0.764588	-0.0122856	0.018845	0	0	0.00799022	0.0109058	0	0	0.103421	-0.00773444	1.47533
2017-06-22 00:00:00	0	0	2.88409	0	0.010938	0	0.000142773	0	0	0	0	0	0	0	-1.20595	-0.0122723	0.0188189	0	0	0.00680519	0.0101412	0	0	0.10276	-0.00756758	1.8079
2017-06-23 00:00:00	-2.21269	0.000200006	3.09094	0	0.00662477	0	7.55162E-05	0	0	0	0	0	0	0	-0.0896407	-0.0122418	0.0187722	0	0	0.0063387	0.00989462	0	0	0.102445	-0.00746688	0.913253
2017-06-24 00:00:00	-0.0893068	-0.000200006	2.63278	0	-0.0111036	0	2.99655E-05	0	0	0	0	0	0	0	-1.31287	-0.0122093	0.018737	0	0	0.00537127	0.00914451	0	0	0.101989	-0.0074566	1.33491
2017-06-25 00:00:00	-0.114545	0	2.60171	0	-0.0046811	0	5.16337E-05	0	0	0	0	0	0	0	-1.04585	-0.0121941	0.0186796	0	0	0.0046025	0.00858589	0	0	0.101347	-0.00736548	1.55034
2017-06-26 00:00:00	0	0	2.55921	0	-0.00562104	0	4.65904E-05	0	0	0	0	0	0	0	-1.14238	-0.012175	0.0186475	0	0	0.00391619	0.00806667	0	0	0.100706	-0.00729085	1.52313
2017-06-27 00:00:00	-15.9929	2.81831	2.935	0	0.537228	-0.000369082	0.0050916	0	0.000668956	0	0	0	0	0	4.82228	-0.0122101	0.0187442	0	0	0.0123687	0.0131912	0	0	0.100115	-0.00748695	-4.74998
2017-06-28 00:00:00	-0.273744	-1.75385	2.94626	0	-0.0572525	-0.00175938	0.00958853	0	0.01271	0	0	0	0	0	-0.53927	-0.0122291	0.018778	0	0	0.0227489	0.019265	0	0	0.100408	-0.00829776	0.483351
2017-06-29 00:00:00	-34.0171	2.18125	2.1949	0	1.86192	-0.0549839	0.3386	0	1.68558	0	0	0	0	0	14.2689	-0.0122962	0.0189692	0	0	0.0528294	0.0335458	0	0	0.100583	-0.0104281	-11.3577
2017-06-30 00:00:00	-5.7962	0.00881876	2.37771	0	-0.331216	-0.0243171	0.135307	0	1.0115	0	0	0	0	0	0.26605	-0.0123678	0.0191194	0	0	0.0897354	0.0497343	0	0	0.103765	-0.0137459	-2.1161
2017-07-01 00:00:00	-0.219179	-1.80018	2.92091	0	-0.441635	-0.00994758	0.0493215	0	0.421539	0	0	0	0	0	-1.09753	-0.0123691	0.0191024	0	0	0.0818721	0.0458372	0	0	0.10677	-0.0116482	0.0528668
2017-07-02 00:00:00	-3.59784	0.573661	3.11217	0	0.0467184	-0.00478656	0.0227184	0	0.170632	0	0	0	0	0	-0.321428	-0.0123616	0.0190751	0	0	0.0689855	0.04051	0	0	0.107924	-0.0103926	0.21559
2017-07-03 00:00:00	-0.380821	-0.919574	2.96341	0	-0.304355	-0.000735484	0.00407204	0	0.0606819	0	0	0	0	0	-1.01481	-0.0123482	0.0190352	0	0	0.0542448	0.033445	0	0	0.108187	-0.0101464	0.60028
2017-07-04 00:00:00	-11.6472	2.13947	3.01386	0	0.799968	-0.0191766	0.0845068	0	0.582065	0	0	0	0	0	3.12759	-0.0123659	0.0190734	0	0	0.0582218	0.0345099	0	0	0.10785	-0.0115707	-1.72315
2017-07-05 00:00:00	0	-1.93399	3.14873	0	-0.619025	-0.00683036	0.0317571	0	0.375681	0	0	0	0	0	-0.920324	-0.0123805	0.0190826	0	0	0.0607612	0.0355991	0	0	0.108521	-0.013233	0.274347
2017-07-06 00:00:00	-1.04827	-0.43435	3.20912	0	-0.310074	-0.000328728	0.000812358	0	0.0236879	0	0	0	0	0	-0.848017	-0.0123638	0.019037	0	0	0.0468733	0.0299258	0	0	0.10981	-0.0104667	0.775397
2017-07-07 00:00:00	-0.586236	-0.465738	3.06243	0	-0.488987	-0.0012399	0.00344427	0	0.0257638	0	0	0	0	0	-0.922273	-0.0123598	0.0190177	0	0	0.0410123	0.0273551	0	0	0.109656	-0.00989527	0.801949
2017-07-08 00:00:00	0	-0.349758	3.04668	0	-0.231411	-0.000138391	4.1159E-05	0	0.00633396	0	0	0	0	0	-1.32091	-0.0123388	0.018974	0	0	0.0295428	0.022031	0	0	0.109503	-0.00957206	1.30897
2017-07-09 00:00:00	-2.1121	-0.0501637	3.22759	0	-0.0229297	-4.86575E-06	0.000339608	0	0.00293596	0	0	0	0	0	-0.398492	-0.0123321	0.0189576	0	0	0.0270197	0.0210106	0	0	0.109071	-0.00884133	0.802062
2017-07-10 00:00:00	-4.32318	1.15098	2.89766	0	0.179823	-0.0011843	0.00457957	0	0.0092442	0	0	0	0	0	0.253013	-0.0123212	0.0189376	0	0	0.0254368	0.0201343	0	0	0.108675	-0.00865425	0.323132
2017-07-11 00:00:00	-0.0408013	-1.14614	2.67599	0	-0.112867	-0.00139795	0.0054047	0	0.0322446	0	0	0	0	0	-0.644216	-0.0123127	0.0189199	0	0	0.025097	0.019701	0	0	0.10837	-0.00874073	0.919244
2017-07-12 00:00:00	-0.0545653	-0.0190163	5.01243	0	-0.41492	0	2.1176E-06	0	0.00133661	0	0	0	0	0	-2.38143	-0.0122836	0.0188729	0	0	0.0168066	0.0162987	0	0	0.108142	-0.00842817	2.28325
2017-07-13 00:00:00	-3.19375	0.383644	3.08193	0	0.00803184	0	1.28633E-05	0	0.000285424	0	0	0	0	0	0.241902	-0.0122689	0.0188415	0	0	0.0140722	0.0150612	0	0	0.10756	-0.00799317	0.657331
2017-07-14 00:00:00	-0.454565	-0.383644	2.9433	0	-0.0188542	0	7.97357E-05	0	0.000123353	0	0	0	0	0	-1.00943	-0.0122588	0.0188179	0	0	0.0115593	0.0136677	0	0	0.10715	-0.00791597	1.20803
2017-07-15 00:00:00	-3.90448	0.554003	3.40925	0	0.105706	0	0.00024191	0	8.7916E-05	0	0	0	0	0	0.151085	-0.0122512	0.0187983	0	0	0.0118444	0.0137821	0	0	0.10631	-0.00777509	0.446603
2017-07-16 00:00:00	-0.190088	-0.554003	2.90834	0	-0.00225387	-7.87494E-07	0.000353722	0	1.25064E-05	0	0	0	0	0	-0.953684	-0.0122433	0.0187753	0	0	0.0111971	0.0135488	0	0	0.105427	-0.00775854	1.33762
2017-07-17 00:00:00	0	0	3.02192	0	-0.0940584	0	9.35665E-06	0	0	0	0	0	0	0	-1.35415	-0.0122281	0.0187305	0	0	0.00839571	0.0120258	0	0	0.104685	-0.00764859	1.69768
2017-07-18 00:00:00	0	0	3.10277	0	-0.0819612	0	0	0	0	0	0	0	0	0	-1.31009	-0.0122001	0.0186744	0	0	0.00592387	0.0104949	0	0	0.104019	-0.00751763	1.83012
2017-07-19 00:00:00	-2.40859	0	3.35496	0	0.0360538	0	7.19237E-05	0	0	0	0	0	0	0	-0.481277	-0.0121844	0.0186497	0	0	0.00551917	0.0102063	0	0	0.10311	-0.00736979	0.619158
2017-07-20 00:00:00	-2.34978	0.000826034	2.91935	0	0.0537732	0	0.0001787	0	0	0	0	0	0	0	-0.17801	-0.0121674	0.0186225	0	0	0.00610405	0.0106073	0	0	0.102225	-0.00731356	0.564422
2017-07-21 00:00:00	0	-0.000826034	3.24586	0	-0.057834	0	1.04879E-05	0	0	0	0	0	0	0	-1.58086	-0.0121269	0.0185853	0	0	0.00486767	0.00972254	0	0	0.101536	-0.00733915	1.7216
2017-07-22 00:00:00	-8.01838	2.34936	3.34628	0	0.181698	-4.85998E-05	0.000965034	0	3.4321E-06	0	0	0	0	0	1.09279	-0.0121218	0.0185707	0	0	0.00721719	0.0111157	0	0	0.100581	-0.00724957	-0.929217
2017-07-23 00:00:00	-6.13545	0.587583	2.96243	0	0.102529	-7.96939E-05	0.00182244	0	0.000291551	0	0	0	0	0	1.35464	-0.0121194	0.0185681	0	0	0.00999867	0.0128156	0	0	0.100205	-0.00751138	-1.00427
2017-07-24 00:00:00	-0.05998	-2.10782	3.06944	0	-0.0234834	-4.14005E-05	0.000948477	0	0.000580738	0	0	0	0	0	-0.456598	-0.0121155	0.0185397	0	0	0.0116135	0.0137748	0	0	0.0999472	-0.00763538	0.547169
2017-07-25 00:00:00	0	-0.517222	2.79288	0	-0.118642	0	8.40595E-06	0	0.000269561	0	0	0	0	0	-1.09883	-0.0120953	0.0184989	0	0	0.00953156	0.0130328	0	0	0.0995866	-0.00760016	1.17942
2017-07-26 00:00:00	-15.2015	3.13279	2.95524	0	0.606682	-0.000581688	0.0082825	0	0.029293	0	0	0	0	0	4.43433	-0.0121248	0.0185521	0	0	0.0165485	0.016525	0	0	0.0990318	-0.0076777	-3.90459
2017-07-27 00:00:00	-3.61766	-0.209109	3.02972	0	0.029658	-0.0036477	0.0171436	0	0.095776	0	0	0	0	0	0.204477	-0.0121477	0.0185593	0	0	0.0235701	0.0198336	0	0	0.0993328	-0.0090832	-0.313582
2017-07-28 00:00:00	-1.0223	-1.76088	3.10045	0	0.00241557	-0.00192325	0.00870248	0	0.0502823	0	0	0	0	0	-0.271864	-0.0121429	0.0185343	0	0	0.0231826	0.0194193	0	0	0.0996359	-0.0091672	0.244347
2017-07-29 00:00:00	-1.48952	-0.396948	3.04197	0	-0.166043	-0.00152055	0.0061233	0	0.0366127	0	0	0	0	0	-0.488046	-0.0121306	0.0185063	0	0	0.0217251	0.0188104	0	0	0.0996515	-0.00871194	0.680483
2017-07-30 00:00:00	-0.736013	-0.3932	2.87857	0	-0.0727628	-0.000263668	0.000613423	0	0.00635984	0	0	0	0	0	-0.901073	-0.0121108	0.0184645	0	0	0.0182256	0.0179005	0	0	0.0994747	-0.00847	0.915712
2017-07-31 00:00:00	-2.13749	-0.178486	2.8918	0	0.0032203	-0.00107329	0.00380972	0	0.0174915	0	0	0	0	0	-0.273644	-0.012088	0.0184531	0	0	0.0174167	0.0175962	0	0	0.0988458	-0.00847808	0.457365
2017-08-01 00:00:00	-3.25769	0.371173	2.85082	0	0.0865704	-0.00082646	0.00298542	0	0.0274482	0	0	0	0	0	0.133624	-0.0120795	0.0184149	0	0	0.0171188	0.0171864	0	0	0.0985942	-0.00842096	0.344918
2017-08-02 00:00:00	-1.47198	-0.415333	2.86679	0	-0.0960486	-0.00225927	0.00989664	0	0.03558	0	0	0	0	0	-0.547491	-0.0120746	0.0183941	0	0	0.0169904	0.0170885	0	0	0.0981628	-0.00829339	0.509418
2017-08-03 00:00:00	-2.09177	-0.244067	3.07512	0	-0.0442275	-0.000743706	0.00317999	0	0.0168758	0	0	0	0	0	-0.228823	-0.0120597	0.0183568	0	0	0.0167086	0.0168155	0	0	0.0979199	-0.00824976	0.615037
2017-08-04 00:00:00	-0.806142	-0.117517	2.91728	0	-0.0737966	-0.00032351	0.00194662	0	0.00661087	0	0	0	0	0	-1.29292	-0.012053	0.0183459	0	0	0.0148369	0.0162502	0	0	0.0973292	-0.00791853	0.761929
2017-08-05 00:00:00	-1.8552	0.399772	2.69472	0	-0.0754464	0	0.000249128	0	0.00228069	0	0	0	0	0	-0.737923	-0.0120362	0.0182974	0	0	0.0117308	0.0145935	0	0	0.0969328	-0.00776136	0.550213
2017-08-06 00:00:00	-5.61005	1.53495	2.68776	0	0.254405	-0.000193658	0.00170982	0	0.00523661	0	0	0	0	0	0.686837	-0.0120231	0.0182921	0	0	0.0142972	0.0156223	0	0	0.0963995	-0.00767807	-0.314431
2017-08-07 00:00:00	-0.733724	-1.55453	2.74379	0	-0.0296003	-0.0021504	0.0096276	0	0.0438862	0	0	0	0	0	-0.269854	-0.0120168	0.0182823	0	0	0.0151242	0.0158985	0	0	0.0959964	-0.00802962	0.332708
2017-08-08 00:00:00	0	-0.394783	2.69547	0	-0.278901	-0.000494195	0.00126959	0	0.0124041	0	0	0	0	0	-1.08995	-0.0120001	0.0182392	0	0	0.0126524	0.015111	0	0	0.0957789	-0.00808273	1.06672
2017-08-09 00:00:00	0	-0.0683088	2.71392	0	-0.108793	-3.59917E-05	0.000133733	0	0.00203874	0	0	0	0	0	-1.71377	-0.0119837	0.0182307	0	0	0.0101054	0.0138143	0	0	0.0951196	-0.00775118	0.942721
2017-08-10 00:00:00	0	-0.0183426	2.49693	0	-0.127766	0	1.6574E-05	0	0.000720601	0	0	0	0	0	-1.33845	-0.0119748	0.0181797	0	0	0.00751771	0.0122159	0	0	0.0946876	-0.0074963	1.12624
2017-08-11 00:00:00	-1.8558	0.120284	2.89446	0	0.028305	0	4.78853E-05	0	0.000185258	0	0	0	0	0	-0.835965	-0.0119585	0.0181482	0	0	0.00695849	0.0118337	0	0	0.0940301	-0.00726982	0.463257
2017-08-12 00:00:00	-2.66653	0.0640457	2.75893	0	0.0917954	0	0.000197841	0	0.000294128	0	0	0	0	0	-0.10706	-0.0119513	0.0181195	0	0	0.00782645	0.0122238	0	0	0.0932758	-0.00721568	0.253951
2017-08-13 00:00:00	0	-0.18433	2.56202	0	-0.0692001	0	8.7949E-05	0	0.000327945	0	0	0	0	0	-1.435	-0.0119427	0.0180164	0	0	0.00663507	0.0115419	0	0	0.0927212	-0.00725697	0.983622
2017-08-14 00:00:00	-21.7282	3.82701	2.76518	0	1.08131	-0.0152349	0.0918612	0	0.257368	0	0	0	0	0	7.68889	-0.0119901	0.0181364	0	0	0.0224763	0.0204631	0	0	0.09231	-0.00794199	-5.89837
2017-08-15 00:00:00	-10.282	0.0750573	2.6609	0	0.215452	-0.0193654	0.0953679	0	0.499567	0	0	0	0	0	3.52047	-0.012049	0.0182398	0	0	0.0509205	0.0335108	0	0	0.0933191	-0.0133372	-3.06392
2017-08-16 00:00:00	-2.79867	-0.116019	2.62684	0	-0.115388	-0.00988887	0.0405359	0	0.296596	0	0	0	0	0	-0.334142	-0.0120652	0.0182416	0	0	0.0543676	0.0340678	0	0	0.0962192	-0.0129068	-0.232215
2017-08-17 00:00:00	-7.87481	0.21746	2.82866	0	0.285124	-0.0123541	0.0485913	0	0.354937	0	0	0	0	0	2.34466	-0.012078	0.0182375	0	0	0.0511714	0.0323636	0	0	0.0970958	-0.0137053	-1.63465
2017-08-18 00:00:00	-5.39289	0.00836554	2.7555	0	0.0521112	-0.0140665	0.0592506	0	0.495531	0	0	0	0	0	1.01389	-0.0120939	0.0182512	0	0	0.0524976	0.0325633	0	0	0.0976097	-0.0145333	-0.848006
2017-08-19 00:00:00	-0.7714	-1.82351	2.75012	0	-0.140018	-0.00665375	0.0278271	0	0.266736	0	0	0	0	0	-0.412906	-0.0120938	0.018243	0	0	0.050481	0.0313383	0	0	0.0989555	-0.0127116	0.0644017
2017-08-20 00:00:00	0	-0.858923	2.73936	0	-0.456906	-0.00191677	0.00546885	0	0.0728638	0	0	0	0	0	-1.0662	-0.0120836	0.0182208	0	0	0.0428273	0.0282434	0	0	0.0996479	-0.0109356	0.599668
2017-08-21 00:00:00	-0.114545	-0.569338	3.40168	0	-0.449288	-0.000400779	0.000202982	0	0.0120058	0	0	0	0	0	-1.45693	-0.0120597	0.0181796	0	0	0.0305666	0.0229553	0	0	0.099874	-0.00992625	0.972983
2017-08-22 00:00:00	0	-0.4652	2.71059	0	-0.251716	-0.000664066	0.000246282	0	0.0107889	0	0	0	0	0	-1.12375	-0.0120506	0.0181616	0	0	0.0250486	0.0206058	0	0	0.0996048	-0.00942937	1.02224
2017-08-23 00:00:00	-8.75339	2.97112	2.78012	0	0.636559	-0.00178231	0.00553728	0	0.0258101	0	0	0	0	0	1.655	-0.0120495	0.0181613	0	0	0.0251969	0.0205003	0	0	0.0993358	-0.00906663	-0.538946
2017-08-24 00:00:00	-0.104633	-2.27384	2.55334	0	0.0277627	-0.00264317	0.0098945	0	0.0703178	0	0	0	0	0	-0.185181	-0.0120477	0.018153	0	0	0.0282732	0.0217879	0	0	0.0992936	-0.00951184	0.240966
2017-08-25 00:00:00	-5.57007	2.30731	2.6857	0	0.119125	-0.00332237	0.012281	0	0.0729136	0	0	0	0	0	0.302659	-0.0120405	0.0181314	0	0	0.0269853	0.0210268	0	0	0.0992059	-0.00921944	0.070685
2017-08-26 00:00:00	-1.55158	-0.8767	2.4641	0	0.0194606	-0.00260931	0.00963887	0	0.0671218	0	0	0	0	0	-0.0788829	-0.0120362	0.0181087	0	0	0.0258877	0.0205335	0	0	0.0991158	-0.00918699	0.192974
2017-08-27 00:00:00	-0.0446534	-1.50073	2.45451	0	-0.178351	-0.00149824	0.00492815	0	0.0435745	0	0	0	0	0	-0.530015	-0.0120282	0.0180871	0	0	0.023936	0.0197516	0	0	0.099045	-0.00897549	0.387574
2017-08-28 00:00:00	-2.30994	0.282969	2.54142	0	0.00460493	-0.000399523	0.000804359	0	0.0165456	0	0	0	0	0	-0.342001	-0.0120134	0.0180466	0	0	0.0201536	0.0183886	0	0	0.0989756	-0.00872764	0.32883
2017-08-29 00:00:00	-0.159199	-0.497766	2.09159	0	-0.264965	-0.000597121	0.000846511	0	0.0184603	0	0	0	0	0	-0.725736	-0.0120063	0.0180321	0	0	0.0175929	0.0172432	0	0	0.098649	-0.00846188	0.593686
2017-08-30 00:00:00	-0.100781	-0.243506	2.13855	0	-0.297717	-0.000240547	8.31064E-05	0	0.00501125	0	0	0	0	0	-0.781517	-0.0119895	0.0179904	0	0	0.0136477	0.0155002	0	0	0.0984398	-0.00829509	0.845173
2017-08-31 00:00:00	-0.0446534	-0.181045	2.15435	0	-0.0703235	-0.000326023	0.000241652	0	0.00455704	0	0	0	0	0	-1.18739	-0.0119834	0.0179721	0	0	0.0114039	0.0144733	0	0	0.0979854	-0.0080143	0.797245
2017-09-01 00:00:00	-0.229091	-0.172427	2.34686	0	-0.119549	-0.000263827	5.71273E-05	0	0.00529035	0	0	0	0	0	-0.987415	-0.0119402	0.0179145	0	0	0.00905614	0.0132507	0	0	0.0976023	-0.00808292	0.961267
2017-09-02 00:00:00	-0.0545653	-0.0867568	2.44386	0	-0.0537014	-0.000138752	5.61319E-05	0	0.00341805	0	0	0	0	0	-1.47652	-0.0119353	0.0178703	0	0	0.00718117	0.0121908	0	0	0.0971636	-0.00775589	0.89036
2017-09-03 00:00:00	-2.98364	0.801229	2.23763	0	0.10172	-9.10755E-05	0.000301088	0	0.0028682	0	0	0	0	0	0.0174205	-0.0119254	0.0178546	0	0	0.00797507	0.0124558	0	0	0.0966054	-0.00751085	0.292896
2017-09-04 00:00:00	-6.73228	2.1724	2.42645	0	0.279564	-0.00108183	0.0037852	0	0.00549384	0	0	0	0	0	1.05637	-0.0119307	0.0178463	0	0	0.0106814	0.0141775	0	0	0.0960671	-0.00769764	-0.670148
2017-09-05 00:00:00	-2.97232	0.179047	2.22114	0	0.103784	-0.00234093	0.00798258	0	0.032672	0	0	0	0	0	0.256541	-0.01193	0.0178384	0	0	0.0150208	0.0165935	0	0	0.0959776	-0.00846784	-0.0484617
2017-09-06 00:00:00	-0.945925	-1.20135	2.21056	0	-0.0077882	-0.00153716	0.00615655	0	0.0379991	0	0	0	0	0	-0.0194016	-0.0119235	0.0178134	0	0	0.0161928	0.0170189	0	0	0.0959262	-0.00841893	0.205323
2017-09-07 00:00:00	-7.22586	1.60253	2.09649	0	0.511519	-0.00728198	0.0324468	0	0.124193	0	0	0	0	0	1.71574	-0.0119309	0.0178242	0	0	0.0211082	0.0195419	0	0	0.0957306	-0.00859429	-1.01655
2017-09-08 00:00:00	-4.75968	0.23744	2.07405	0	0.159745	-0.00950092	0.0305883	0	0.201413	0	0	0	0	0	1.16256	-0.0119472	0.0178378	0	0	0.0274936	0.0223842	0	0	0.0953184	-0.0125286	-0.764825
2017-09-09 00:00:00	-1.6853	-0.345755	1.97501	0	-0.0260758	-0.00622708	0.0210887	0	0.152557	0	0	0	0	0	-0.175951	-0.0119481	0.0178254	0	0	0.0279083	0.0222224	0	0	0.0953162	-0.0127949	0.0478803
2017-09-10 00:00:00	-3.67295	0.172178	2.05739	0	0.125253	-0.00677104	0.0199376	0	0.143365	0	0	0	0	0	0.639944	-0.0119465	0.0177984	0	0	0.0269126	0.0213208	0	0	0.0955402	-0.0121902	-0.384225
2017-09-11 00:00:00	-2.51265	0.223701	2.05165	0	-0.0592381	-0.00473228	0.0140022	0	0.134069	0	0	0	0	0	0.0117862	-0.0119488	0.0177662	0	0	0.0260008	0.0207164	0	0	0.0956142	-0.0122898	-0.0055538
2017-09-12 00:00:00	-3.91335	0.0803006	1.97962	0	0.161019	-0.00930611	0.0353735	0	0.221718	0	0	0	0	0	0.883493	-0.0119543	0.0177456	0	0	0.0275057	0.0216274	0	0	0.0958056	-0.0119268	-0.422335
2017-09-13 00:00:00	-9.73078	0.24559	1.81822	0	0.339906	-0.0261144	0.0997762	0	0.816616	0	0	0	0	0	4.07377	-0.0119784	0.0177879	0	0	0.0376449	0.026043	0	0	0.0949004	-0.016439	-2.21505
2017-09-14 00:00:00	-1.5651	-0.296552	1.81906	0	-0.270968	-0.00971769	0.0344454	0	0.412393	0	0	0	0	0	-0.369459	-0.0119833	0.0177987	0	0	0.0430996	0.0280798	0	0	0.0964169	-0.0149723	-0.0874596
2017-09-15 00:00:00	-2.90172	0.0496118	1.77569	0	0.107265	-0.0118195	0.0493049	0	0.339845	0	0	0	0	0	0.300252	-0.0119791	0.0177952	0	0	0.0422289	0.0277686	0	0	0.0977915	-0.0123416	-0.130309
2017-09-16 00:00:00	-4.02031	0.293345	1.63136	0	0.0337637	-0.0132287	0.0539871	0	0.451968	0	0	0	0	0	0.966807	-0.0119803	0.0177903	0	0	0.0434466	0.0282046	0	0	0.0982329	-0.0129659	-0.439582
2017-09-17 00:00:00	-0.710693	-1.00379	1.77545	0	-0.076607	-0.00637569	0.0253976	0	0.238896	0	0	0	0	0	-0.300294	-0.0119764	0.0177766	0	0	0.0419426	0.0272511	0	0	0.0990607	-0.012474	0.10356
2017-09-18 00:00:00	-0.181525	-1.33551	1.61497	0	-0.0562382	-0.00335786	0.0141441	0	0.122782	0	0	0	0	0	-0.355982	-0.0119649	0.017744	0	0	0.0374607	0.0250355	0	0	0.0996478	-0.0109841	-0.0237719
2017-09-19 00:00:00	-0.0669801	-0.661357	2.13203	0	-0.400293	-0.00287389	0.00929973	0	0.0771717	0	0	0	0	0	-0.765669	-0.0119563	0.0177242	0	0	0.0333617	0.0236017	0	0	0.0997477	-0.0102019	0.473607
2017-09-20 00:00:00	-0.92696	-0.137852	1.85894	0	-0.059896	-0.000824624	0.00162296	0	0.013347	0	0	0	0	0	-0.495286	-0.0119436	0.0176791	0	0	0.0278335	0.0214036	0	0	0.099756	-0.00946789	0.398349
2017-09-21 00:00:00	-8.85617	3.20376	1.65015	0	0.710594	-0.00907066	0.034996	0	0.165784	0	0	0	0	0	2.18283	-0.0119433	0.0176893	0	0	0.0295108	0.0220812	0	0	0.0994608	-0.00975112	-0.77008
2017-09-22 00:00:00	-0.26698	-1.24231	1.57451	0	-0.204464	-0.00712989	0.0281532	0	0.279549	0	0	0	0	0	-0.249904	-0.0119451	0.0176884	0	0	0.0340134	0.0237758	0	0	0.099207	-0.0119523	0.062216
2017-09-23 00:00:00	-0.292455	-1.38425	1.89649	0	-0.102782	-0.00259615	0.0112397	0	0.104771	0	0	0	0	0	-0.301187	-0.0119295	0.0176602	0	0	0.0310944	0.0222977	0	0	0.0997294	-0.0102836	0.0777995
2017-09-24 00:00:00	-4.59959	2.25591	1.83731	0	0.109828	-0.00513826	0.0183184	0	0.10064	0	0	0	0	0	0.242293	-0.0119263	0.017641	0	0	0.0295095	0.0218189	0	0	0.0997282	-0.00981679	0.106538
2017-09-25 00:00:00	-15.5728	0.552165	1.5037	0	0.752273	-0.0517355	0.206374	0	1.65418	0	0	0	0	0	7.30522	-0.0119639	0.0177299	0	0	0.0505718	0.0303703	0	0	0.0977814	-0.0176977	-3.48381
2017-09-26 00:00:00	-0.0669801	-1.41054	1.56982	0	-0.442872	-0.0157863	0.057517	0	0.700768	0	0	0	0	0	-0.805345	-0.0119762	0.0177652	0	0	0.0646462	0.0354288	0	0	0.0998214	-0.0168399	-0.224571
2017-09-27 00:00:00	-2.57591	0.679016	1.68954	0	0.038602	-0.00995492	0.0381345	0	0.310535	0	0	0	0	0	-0.242594	-0.0119666	0.0177489	0	0	0.0575864	0.0324757	0	0	0.101817	-0.0129723	0.112057
2017-09-28 00:00:00	-1.31411	-0.425431	1.72913	0	-0.156908	-0.00749059	0.0296196	0	0.247468	0	0	0	0	0	-0.196432	-0.0119602	0.017733	0	0	0.0524938	0.0306499	0	0	0.102272	-0.0124061	0.0846209
2017-09-29 00:00:00	-0.241505	-1.02476	1.63797	0	-0.107135	-0.00501181	0.0203814	0	0.133747	0	0	0	0	0	-0.388008	-0.0119527	0.0177148	0	0	0.0471712	0.0284646	0	0	0.102625	-0.011439	0.198262
2017-09-30 00:00:00	-0.459766	-0.493844	1.35284	0	-0.0601404	-0.00457118	0.0186512	0	0.103398	0	0	0	0	0	-0.324633	-0.011942	0.0176945	0	0	0.0423522	0.0264594	0	0	0.102751	-0.0108102	0.298442
2017-10-01 00:00:00	-3.40338	1.62612	1.5895	0	0.0600745	-0.00359425	0.0134205	0	0.078548	0	0	0	0	0	-0.00227782	-0.0119297	0.0176667	0	0	0.0377349	0.024366	0	0	0.102819	-0.010155	0.11891
2017-10-02 00:00:00	-2.15017	0.427961	1.50011	0	-0.0246349	-0.00606903	0.017296	0	0.115729	0	0	0	0	0	0.0771405	-0.0119244	0.0176513	0	0	0.0352275	0.0232494	0	0	0.102542	-0.0110837	0.113028
2017-10-03 00:00:00	-0.393236	-0.949816	1.39392	0	-0.0273192	-0.00386165	0.0128355	0	0.08458	0	0	0	0	0	-0.103526	-0.0119166	0.0176305	0	0	0.0327173	0.0221693	0	0	0.102434	-0.0110456	0.165568
2017-10-04 00:00:00	-16.8785	1.57387	1.23503	0	0.966201	-0.0499467	0.192262	0	1.48928	0	0	0	0	0	7.66664	-0.0119461	0.0176956	0	0	0.0454182	0.0278105	0	0	0.100018	-0.0200499	-3.64622
2017-10-05 00:00:00	-3.08163	0.00246257	1.26151	0	-0.322243	-0.0224713	0.0745075	0	0.954209	0	0	0	0	0	0.21635	-0.0119661	0.0177426	0	0	0.0604899	0.0333759	0	0	0.101707	-0.0202331	-0.73618
2017-10-06 00:00:00	-1.3114	-0.0843723	1.17256	0	-0.145989	-0.012435	0.0411134	0	0.457973	0	0	0	0	0	-0.331674	-0.0119666	0.0177329	0	0	0.0563904	0.031587	0	0	0.104486	-0.015756	-0.0317466
2017-10-07 00:00:00	-0.733256	-0.652688	1.40976	0	-0.0934941	-0.00594189	0.0203808	0	0.223579	0	0	0	0	0	-0.370767	-0.0119546	0.017711	0	0	0.0495595	0.0287133	0	0	0.105626	-0.0134706	-0.026241
2017-10-08 00:00:00	-0.0223267	-1.25534	1.36941	0	-0.04934	-0.0067581	0.0231449	0	0.18685	0	0	0	0	0	-0.142333	-0.0119494	0.0176978	0	0	0.0456797	0.0271019	0	0	0.10611	-0.0126651	0.275278
2017-10-09 00:00:00	-0.0223267	-0.818554	1.33011	0	-0.258119	-0.0034992	0.0112913	0	0.127329	0	0	0	0	0	-0.330941	-0.0119415	0.0176772	0	0	0.040578	0.0251743	0	0	0.106277	-0.0121869	0.200874
2017-10-10 00:00:00	-5.46065	2.50102	1.29629	0	0.299111	-0.00887243	0.0234598	0	0.143529	0	0	0	0	0	0.818549	-0.0119357	0.0176663	0	0	0.0365244	0.0236909	0	0	0.106114	-0.0131281	-0.228623
2017-10-11 00:00:00	-11.8981	0.302472	1.27271	0	0.609086	-0.045418	0.17407	0	1.46062	0	0	0	0	0	5.45214	-0.011943	0.0177394	0	0	0.0490024	0.0288658	0	0	0.103733	-0.0225302	-2.50759
2017-10-12 00:00:00	-4.06835	-0.00267348	1.22431	0	-0.267577	-0.0274251	0.100287	0	1.1843	0	0	0	0	0	0.887058	-0.0119489	0.0178073	0	0	0.0644928	0.0346099	0	0	0.106756	-0.0203129	-0.77866
2017-10-13 00:00:00	-2.81376	0.0118164	1.37615	0	0.0140673	-0.0167046	0.0602707	0	0.643144	0	0	0	0	0	0.207094	-0.0119432	0.0178212	0	0	0.0641957	0.0342749	0	0	0.109554	-0.0170659	-0.321086
2017-10-14 00:00:00	-0.547701	-0.670415	1.22966	0	-0.214094	-0.00991814	0.0343744	0	0.383159	0	0	0	0	0	-0.369641	-0.0119368	0.0178056	0	0	0.0586566	0.0319861	0	0	0.111031	-0.0151687	0.027798
2017-10-15 00:00:00	-0.0223267	-1.18353	1.29256	0	0.050316	-0.00361223	0.0136584	0	0.166173	0	0	0	0	0	-0.363953	-0.0119259	0.0177744	0	0	0.0501197	0.0284385	0	0	0.111888	-0.0131761	0.132405
2017-10-16 00:00:00	-4.43971	1.83858	1.15597	0	0.056313	-0.0138007	0.0492298	0	0.315692	0	0	0	0	0	0.697038	-0.011928	0.0177772	0	0	0.0491953	0.0284522	0	0	0.111921	-0.0131447	-0.158412
2017-10-17 00:00:00	-4.12761	-0.00915789	1.11456	0	0.0814921	-0.0180939	0.0646869	0	0.622374	0	0	0	0	0	1.49017	-0.0119501	0.0177731	0	0	0.050196	0.0288482	0	0	0.11055	-0.0181651	-0.604329
2017-10-18 00:00:00	-1.2627	-0.200573	0.983163	0	-0.157494	-0.011359	0.0367636	0	0.407847	0	0	0	0	0	-0.0161519	-0.0119585	0.0177658	0	0	0.0479775	0.0279112	0	0	0.111198	-0.0171328	-0.0447395
2017-10-19 00:00:00	-4.43971	0.21683	1.04408	0	0.245492	-0.0197991	0.0750613	0	0.59623	0	0	0	0	0	1.49968	-0.0119647	0.0177777	0	0	0.0495443	0.0286783	0	0	0.1116	-0.01694	-0.603436
2017-10-20 00:00:00	-2.5937	0.0148983	1.03139	0	-0.0428304	-0.0161303	0.0584552	0	0.609245	0	0	0	0	0	0.506583	-0.0119734	0.0177756	0	0	0.0517833	0.0294472	0	0	0.111785	-0.0175144	-0.25079
2017-10-21 00:00:00	-2.21356	-0.0381001	1.00465	0	-0.121786	-0.0145655	0.0562741	0	0.496622	0	0	0	0	0	0.44343	-0.0119784	0.0177798	0	0	0.0523279	0.0298069	0	0	0.112924	-0.0155289	-0.201704
2017-10-22 00:00:00	-1.92649	0.00283943	0.90172	0	0.0562105	-0.0117169	0.0421927	0	0.348269	0	0	0	0	0	0.306149	-0.0119919	0.017773	0	0	0.0502772	0.0290067	0	0	0.113365	-0.0151431	-0.0975411
2017-10-23 00:00:00	-0.736872	-0.190255	0.903623	0	-0.158686	-0.00727865	0.0242438	0	0.258887	0	0	0	0	0	-0.170062	-0.0119845	0.0177588	0	0	0.0459866	0.027215	0	0	0.113572	-0.014818	0.10133
2017-10-24 00:00:00	-1.72469	0.168297	0.956534	0	0.0699504	-0.00731581	0.0249944	0	0.191372	0	0	0	0	0	0.149846	-0.0119749	0.0177429	0	0	0.0423871	0.0258068	0	0	0.114124	-0.0133427	0.00372859
2017-10-25 00:00:00	-0.162347	-0.729129	0.925834	0	-0.119786	-0.00395305	0.0137711	0	0.161132	0	0	0	0	0	-0.242048	-0.0119609	0.0177162	0	0	0.0380566	0.0239728	0	0	0.11415	-0.0132672	0.01214
2017-10-26 00:00:00	-0.0223267	-0.836473	0.92039	0	-0.0654931	-0.00467086	0.0163921	0	0.1071	0	0	0	0	0	-0.0542292	-0.011956	0.0176949	0	0	0.0358634	0.0230951	0	0	0.114394	-0.0117391	0.228042
2017-10-27 00:00:00	-0.136872	-0.528611	0.706216	0	-0.0609407	-0.00330535	0.0122543	0	0.0850631	0	0	0	0	0	-0.0749162	-0.0119485	0.0176652	0	0	0.0327913	0.0218092	0	0	0.114358	-0.0112043	0.162359
2017-10-28 00:00:00	-0.336872	-0.479972	0.879976	0	-0.0496566	-0.0034265	0.0123671	0	0.0791878	0	0	0	0	0	-0.0579361	-0.0119418	0.0176409	0	0	0.0307741	0.0209706	0	0	0.114236	-0.0107712	0.204576
2017-10-29 00:00:00	-0.0223267	-0.220744	0.697766	0	-0.175763	-0.00163178	0.00493589	0	0.0505509	0	0	0	0	0	-0.250273	-0.0119326	0.0176026	0	0	0.0279298	0.0200577	0	0	0.114093	-0.010374	0.239891
2017-10-30 00:00:00	-0.0223267	-0.116121	0.637123	0	-0.175969	-0.00174982	0.00451295	0	0.0309415	0	0	0	0	0	-0.190036	-0.0119223	0.0175648	0	0	0.0251234	0.0192023	0	0	0.113867	-0.00986178	0.320348
2017-10-31 00:00:00	-4.15967	2.65025	0.774079	0	0.212018	-0.00349779	0.0127138	0	0.0553044	0	0	0	0	0	0.331622	-0.0119108	0.0175401	0	0	0.0241348	0.0187594	0	0	0.113544	-0.00975113	0.0251425
2017-11-01 00:00:00	-4.0776	0.148083	0.613542	0	0.47981	-0.015343	0.0578371	0	0.350555	0	0	0	0	0	1.69484	-0.0119156	0.0175513	0	0	0.0296548	0.0208727	0	0	0.113015	-0.0123374	-0.591428
2017-11-02 00:00:00	-0.210852	-0.391114	0.591102	0	-0.179539	-0.00732056	0.0253393	0	0.273999	0	0	0	0	0	-0.143749	-0.0119091	0.0175413	0	0	0.0324272	0.0218055	0	0	0.112775	-0.0141149	0.116391
2017-11-03 00:00:00	-0.156287	-0.471091	0.636493	0	-0.0360523	-0.00352588	0.0127954	0	0.111549	0	0	0	0	0	-0.192777	-0.011898	0.0175146	0	0	0.0300343	0.0207597	0	0	0.113391	-0.0120197	0.0588862
2017-11-04 00:00:00	-1.2582	0.361524	0.635076	0	0.0266339	-0.00586618	0.0183758	0	0.126703	0	0	0	0	0	0.124494	-0.011893	0.0174775	0	0	0.0286245	0.0201621	0	0	0.11332	-0.0117361	0.184691
2017-11-05 00:00:00	-0.441742	-0.177082	0.481691	0	-0.0363365	-0.00484263	0.0144973	0	0.130564	0	0	0	0	0	-0.00579384	-0.0118747	0.0174532	0	0	0.0271856	0.0194963	0	0	0.113042	-0.012311	0.113948
2017-11-06 00:00:00	-0.156287	-0.484291	0.651485	0	-0.0736426	-0.00322405	0.0100965	0	0.0955599	0	0	0	0	0	-0.140662	-0.0118628	0.0174154	0	0	0.0255748	0.0188241	0	0	0.112999	-0.011825	0.050161
2017-11-07 00:00:00	-4.39214	1.07918	0.598134	0	0.369686	-0.013844	0.0431741	0	0.320155	0	0	0	0	0	1.50598	-0.0118708	0.0173692	0	0	0.0269237	0.0194111	0	0	0.112136	-0.0141347	-0.339835
2017-11-08 00:00:00	-1.38718	-0.0151751	0.487566	0	-0.125846	-0.0116709	0.0376897	0	0.419069	0	0	0	0	0	0.37497	-0.0118798	0.0173828	0	0	0.0303347	0.0207455	0	0	0.111555	-0.0164968	-0.0689322
2017-11-09 00:00:00	-1.5522	-0.0704025	0.610364	0	0.0432272	-0.0100004	0.0286265	0	0.285327	0	0	0	0	0	0.403337	-0.0118787	0.0173558	0	0	0.0294707	0.0202952	0	0	0.11192	-0.0161326	-0.110694
2017-11-10 00:00:00	-1.38358	0.0453143	0.534499	0	-0.0221008	-0.00937488	0.0275225	0	0.297797	0	0	0	0	0	0.294837	-0.011872	0.0173359	0	0	0.0291591	0.0201277	0	0	0.112055	-0.0155582	-0.0638376
2017-11-11 00:00:00	-0.416267	-0.117623	0.417691	0	-0.0773277	-0.0052791	0.0160856	0	0.191281	0	0	0	0	0	-0.130264	-0.0118624	0.017308	0	0	0.0283345	0.0197719	0	0	0.112682	-0.0135169	0.0310143
2017-11-12 00:00:00	-0.296307	-0.250618	0.449246	0	-0.133423	-0.00416878	0.0108994	0	0.140564	0	0	0	0	0	0.12034	-0.011849	0.0172877	0	0	0.0265573	0.0190566	0	0	0.112934	-0.0128597	0.18766
2017-11-13 00:00:00	-0.416267	-0.125098	0.456603	0	0.050599	-0.00654228	0.0190781	0	0.128741	0	0	0	0	0	-0.173179	-0.0118459	0.0172678	0	0	0.0259378	0.0188251	0	0	0.112798	-0.0124878	0.0844295
2017-11-14 00:00:00	-1.92493	0.441288	0.529451	0	0.102756	-0.00752089	0.0194678	0	0.162973	0	0	0	0	0	0.484698	-0.0118361	0.0172467	0	0	0.0247927	0.0183816	0	0	0.112443	-0.0137865	-0.0445752
2017-11-15 00:00:00	-0.210852	-0.239984	0.384201	0	-0.112999	-0.00563718	0.0142134	0	0.173253	0	0	0	0	0	-0.0527693	-0.0118302	0.017225	0	0	0.0243318	0.0181922	0	0	0.112077	-0.0141296	0.0952915
2017-11-16 00:00:00	-3.85414	0.218275	0.453067	0	0.393197	-0.0151713	0.052473	0	0.459249	0	0	0	0	0	1.61075	-0.0118369	0.0172269	0	0	0.0270592	0.0190179	0	0	0.111554	-0.0155241	-0.534798
2017-11-17 00:00:00	-1.46542	-0.0225159	0.435986	0	-0.170766	-0.0117567	0.0376989	0	0.480016	0	0	0	0	0	0.423104	-0.0118344	0.0172292	0	0	0.0304938	0.0200955	0	0	0.111372	-0.0166517	-0.142946
2017-11-18 00:00:00	-0.356287	-0.165074	0.412428	0	-0.0613033	-0.00583739	0.0170655	0	0.21094	0	0	0	0	0	-0.203174	-0.0118162	0.0172096	0	0	0.0293404	0.0196408	0	0	0.112344	-0.0141845	0.00129226
2017-11-19 00:00:00	-3.0776	0.144504	0.321915	0	0.239773	-0.0162041	0.0569283	0	0.474315	0	0	0	0	0	1.29396	-0.0118196	0.0172219	0	0	0.0317226	0.0205933	0	0	0.111945	-0.0158522	-0.408594
2017-11-20 00:00:00	-10.3234	-0.00962295	0.425093	0	0.667431	-0.0499051	0.186067	0	1.8719	0	0	0	0	0	5.06574	-0.0118488	0.0172983	0	0	0.0489813	0.0268093	0	0	0.109101	-0.0255284	-2.00184
2017-11-21 00:00:00	-5.55537	-0.0251891	0.441848	0	-0.319207	-0.0411852	0.137454	0	1.75186	0	0	0	0	0	2.048	-0.0118782	0.0173574	0	0	0.0645513	0.0319308	0	0	0.110275	-0.0273332	-1.37689
2017-11-22 00:00:00	-22.8767	-0.0121969	0.414954	0	0.961034	-0.127939	0.453713	0	5.1051	0	0	0	0	0	10.8353	-0.0119665	0.017527	0	0	0.113339	0.0449769	0	0	0.10763	-0.0402334	-5.01543
2017-11-23 00:00:00	-2.56485	-0.0169222	0.306055	0	-0.720934	-0.0501018	0.154515	0	2.26794	0	0	0	0	0	-0.513965	-0.0120513	0.0176261	0	0	0.142265	0.0525813	0	0	0.115054	-0.0327623	-0.855549
2017-11-24 00:00:00	-1.94319	-0.0194324	0.297178	0	-0.195812	-0.0310292	0.0943166	0	1.27519	0	0	0	0	0	-0.159626	-0.0120972	0.0176314	0	0	0.126534	0.0477412	0	0	0.119378	-0.0267265	-0.409941
2017-11-25 00:00:00	-1.29249	-0.00982703	0.312101	0	0.0452018	-0.0270875	0.0834474	0	0.93739	0	0	0	0	0	-0.279083	-0.0121148	0.0176425	0	0	0.11337	0.0439886	0	0	0.121562	-0.0238289	0.0302707
2017-11-26 00:00:00	-4.6282	-0.023973	0.337327	0	0.141525	-0.0335775	0.116009	0	1.31619	0	0	0	0	0	1.67545	-0.0121181	0.0176821	0	0	0.107113	0.0422087	0	0	0.121709	-0.0259521	-0.848602
2017-11-27 00:00:00	-0.950872	-0.0106614	0.353583	0	-0.10439	-0.0201907	0.0605718	0	0.821156	0	0	0	0	0	-0.343088	-0.0121271	0.0176793	0	0	0.0985421	0.0394763	0	0	0.123802	-0.0233538	0.0501282
2017-11-28 00:00:00	-0.356287	-0.0878729	0.304247	0	-0.269947	-0.0136198	0.0398903	0	0.538623	0	0	0	0	0	-0.302878	-0.0121232	0.0176631	0	0	0.0864755	0.0357486	0	0	0.125731	-0.0200365	0.0856139
2017-11-29 00:00:00	-0.156287	-0.20539	0.275739	0	-0.0173906	-0.0100023	0.0296178	0	0.314211	0	0	0	0	0	-0.272196	-0.0121178	0.0176468	0	0	0.0760036	0.0325852	0	0	0.126944	-0.0171465	0.182218
2017-11-30 00:00:00	-0.216267	-0.131773	0.255993	0	-0.113046	-0.00767565	0.0228695	0	0.246794	0	0	0	0	0	-0.125855	-0.0121132	0.0176266	0	0	0.066477	0.0297243	0	0	0.127475	-0.0159677	0.144262
2017-12-01 00:00:00	0	-0.258567	0.276587	0	-0.0721323	-0.006121	0.020198	0	0.187907	0	0	0	0	0	-0.159256	-0.0121089	0.0176119	0	0	0.0595866	0.0277057	0	0	0.127829	-0.0147255	0.194515
2017-12-02 00:00:00	-0.2	-0.145602	0.356524	0	-0.0904746	-0.00434155	0.0154152	0	0.128887	0	0	0	0	0	-0.0703979	-0.0121015	0.0175891	0	0	0.0522747	0.0255502	0	0	0.128172	-0.0134234	0.188071
2017-12-03 00:00:00	-0.0854547	-0.215876	0.315432	0	-0.0687644	-0.00431149	0.015189	0	0.119734	0	0	0	0	0	-0.0545948	-0.0120968	0.0175739	0	0	0.0477397	0.0242318	0	0	0.128085	-0.0128394	0.214048
2017-12-04 00:00:00	-0.374525	0.0390222	0.339515	0	-0.0390477	-0.00364341	0.0133628	0	0.0903868	0	0	0	0	0	-0.00918829	-0.0120894	0.0175509	0	0	0.04278	0.022783	0	0	0.128015	-0.0121519	0.24277
2017-12-05 00:00:00	-0.509131	0.177162	0.322596	0	-0.0523343	-0.00314931	0.0115099	0	0.082803	0	0	0	0	0	-0.00701278	-0.0120827	0.0175297	0	0	0.0389606	0.0216727	0	0	0.127822	-0.0118388	0.204508
2017-12-06 00:00:00	-0.933256	0.426383	0.368493	0	-0.0151378	-0.00350109	0.0113248	0	0.0783929	0	0	0	0	0	0.105021	-0.0120764	0.0175092	0	0	0.0356598	0.0207644	0	0	0.127532	-0.0115718	0.215537
2017-12-07 00:00:00	-6.01848	0.236806	0.305351	0	0.795109	-0.0238145	0.087837	0	0.751456	0	0	0	0	0	2.73843	-0.0120871	0.0175171	0	0	0.0382178	0.0215326	0	0	0.12518	-0.0197365	-0.956684
2017-12-08 00:00:00	0	-0.230989	0.238252	0	-0.372645	-0.0106577	0.0330521	0	0.549232	0	0	0	0	0	-0.27684	-0.0120838	0.0175055	0	0	0.0409821	0.0222349	0	0	0.125537	-0.0200619	0.103519
2017-12-09 00:00:00	0	-0.189846	0.204824	0	-0.111035	-0.00406916	0.0137512	0	0.178285	0	0	0	0	0	-0.247797	-0.0120712	0.0174785	0	0	0.0368513	0.0210448	0	0	0.127755	-0.0144166	0.0207557
2017-12-10 00:00:00	0	-0.122642	0.132332	0	-0.0725963	-0.00530823	0.0176123	0	0.14744	0	0	0	0	0	-0.00834569	-0.0120669	0.0174583	0	0	0.0346205	0.0204465	0	0	0.127924	-0.0131528	0.263722
2017-12-11 00:00:00	-0.61986	0.167056	0.172623	0	-0.0246121	-0.00538966	0.0211577	0	0.138292	0	0	0	0	0	0.148349	-0.0120594	0.0174347	0	0	0.0325863	0.0200503	0	0	0.127861	-0.0125319	0.170956
2017-12-12 00:00:00	-1.61376	0.297775	0.205514	0	0.138473	-0.00855756	0.0363324	0	0.218327	0	0	0	0	0	0.532212	-0.0120592	0.0174303	0	0	0.0334849	0.020657	0	0	0.127398	-0.0126516	-0.0194284
2017-12-13 00:00:00	-3.32718	-0.0179076	0.262245	0	0.304527	-0.0174414	0.0705958	0	0.640186	0	0	0	0	0	1.48851	-0.0120626	0.0174354	0	0	0.0371166	0.0217776	0	0	0.125998	-0.0171809	-0.423382
2017-12-14 00:00:00	-2.31655	-0.0769399	0.221679	0	0.0819822	-0.0134411	0.0465519	0	0.698828	0	0	0	0	0	0.869999	-0.0120596	0.0174329	0	0	0.040012	0.0219859	0	0	0.125485	-0.0196049	-0.314639
2017-12-15 00:00:00	-4.22278	0.0444102	0.218765	0	0.216048	-0.0243361	0.0879432	0	1.12017	0	0	0	0	0	1.80046	-0.0120662	0.0174384	0	0	0.04345	0.0225361	0	0	0.12501	-0.0233958	-0.586347
2017-12-16 00:00:00	-0.0854547	-0.110841	0.183504	0	-0.439516	-0.0102076	0.0328064	0	0.589614	0	0	0	0	0	-0.297573	-0.0120682	0.0174325	0	0	0.0439946	0.0226796	0	0	0.126947	-0.0200363	0.0412816
2017-12-17 00:00:00	-5.05897	0.0765213	0.237901	0	0.364683	-0.0357408	0.146252	0	1.1356	0	0	0	0	0	2.23345	-0.0120881	0.0174855	0	0	0.0540145	0.027114	0	0	0.127948	-0.0189193	-0.704752
2017-12-18 00:00:00	-0.25998	-0.0229746	0.214993	0	-0.334371	-0.0135617	0.0522868	0	0.567052	0	0	0	0	0	-0.306299	-0.0120948	0.0175032	0	0	0.0607019	0.0300603	0	0	0.128627	-0.018176	0.103768
2017-12-19 00:00:00	-0.114545	-0.179795	0.300827	0	-0.0567683	-0.00614261	0.0239609	0	0.204044	0	0	0	0	0	-0.31353	-0.0120889	0.0174795	0	0	0.0532972	0.0275462	0	0	0.130003	-0.0145031	0.059786
2017-12-20 00:00:00	-0.957382	0.149043	0.312655	0	-0.0113915	-0.009238	0.035116	0	0.25872	0	0	0	0	0	0.200243	-0.0120853	0.0174653	0	0	0.0485371	0.0259518	0	0	0.130066	-0.0146405	0.17306
2017-12-21 00:00:00	0	-0.231138	0.239285	0	-0.12415	-0.00625062	0.0227065	0	0.200704	0	0	0	0	0	-0.116392	-0.0120671	0.0174503	0	0	0.044001	0.0244364	0	0	0.12975	-0.0152066	0.173129
2017-12-22 00:00:00	-0.2	-0.0377905	0.240884	0	-0.0549897	-0.00294568	0.0115145	0	0.114239	0	0	0	0	0	-0.147541	-0.012054	0.0174185	0	0	0.0382739	0.0224931	0	0	0.130255	-0.0131093	0.106648
2017-12-23 00:00:00	-3.72763	0.227572	0.339059	0	0.466892	-0.0177377	0.0708327	0	0.511063	0	0	0	0	0	1.60035	-0.0120606	0.0174255	0	0	0.0401945	0.0230542	0	0	0.128911	-0.0169361	-0.349013
2017-12-24 00:00:00	-1.43562	-0.0125576	0.282718	0	-0.0655761	-0.0133935	0.0480776	0	0.561307	0	0	0	0	0	0.415955	-0.0120646	0.0174178	0	0	0.0419132	0.0233955	0	0	0.128	-0.0206939	-0.0411238
2017-12-25 00:00:00	-21.5513	-0.0172548	0.265354	0	1.40063	-0.119343	0.433921	0	5.31326	0	0	0	0	0	10.3594	-0.012114	0.0175423	0	0	0.0686214	0.0309944	0	0	0.119518	-0.0446891	-3.73551
2017-12-26 00:00:00	-2.24084	-0.0130544	0.198339	0	-0.81586	-0.0482333	0.155108	0	2.44524	0	0	0	0	0	-0.264328	-0.0121911	0.0176412	0	0	0.0925853	0.0378745	0	0	0.126617	-0.03562	-0.356717
2017-12-27 00:00:00	0	-0.130112	0.132699	0	-0.451735	-0.0189242	0.0592956	0	0.884178	0	0	0	0	0	-0.797743	-0.0121986	0.0176464	0	0	0.0842905	0.0355824	0	0	0.132725	-0.0251281	-0.0894239
2017-12-28 00:00:00	-0.0854547	-0.0648551	0.153416	0	0.00358282	-0.0141137	0.0441659	0	0.500527	0	0	0	0	0	-0.560233	-0.0121931	0.0176314	0	0	0.074184	0.0324599	0	0	0.134929	-0.0209034	0.203142
2017-12-29 00:00:00	-2.48934	0.150024	0.178253	0	0.182447	-0.0223548	0.0867001	0	0.749415	0	0	0	0	0	0.731904	-0.0122016	0.0176435	0	0	0.0716823	0.0322099	0	0	0.135298	-0.0203531	-0.208671
2017-12-30 00:00:00	-14.8777	-0.0194062	0.240748	0	0.944111	-0.098226	0.360051	0	4.04102	0	0	0	0	0	6.8029	-0.0122659	0.0177752	0	0	0.100083	0.0415693	0	0	0.128674	-0.0384382	-2.36906
2017-12-31 00:00:00	-6.84406	-0.0134606	0.28202	0	-0.170168	-0.075763	0.266122	0	3.3014	0	0	0	0	0	2.14875	-0.0123279	0.0178989	0	0	0.129326	0.0509505	0	0	0.131642	-0.0365136	-0.824181
2018-01-01 00:00:00	-2.56933	-0.0166513	0.276494	0	-0.349803	-0.0428084	0.142775	0	1.88917	0	0	0	0	0	0.105917	-0.0123767	0.0179282	0	0	0.12645	0.0501513	0	0	0.135742	-0.0328048	-0.279145
2018-01-02 00:00:00	-5.60392	-0.0138547	0.263819	0	0.14847	-0.0589278	0.212886	0	2.25828	0	0	0	0	0	1.83816	-0.0124163	0.0179796	0	0	0.127348	0.0509983	0	0	0.137345	-0.0325121	-0.66635
2018-01-03 00:00:00	-13.0183	-0.0160813	0.281917	0	0.613189	-0.106033	0.405408	0	4.49734	0	0	0	0	0	5.23521	-0.0124465	0.0181186	0	0	0.1604	0.061505	0	0	0.135589	-0.0394063	-1.7836
2018-01-04 00:00:00	-7.62024	-0.0161366	0.265616	0	-0.31233	-0.0826388	0.333515	0	3.85775	0	0	0	0	0	2.22874	-0.0124738	0.0182162	0	0	0.187854	0.0693841	0	0	0.138964	-0.0379263	-0.981714
2018-01-05 00:00:00	-4.04647	-0.0138818	0.188385	0	-0.218553	-0.0570996	0.216942	0	2.6017	0	0	0	0	0	0.61213	-0.0124652	0.0182675	0	0	0.185423	0.0684931	0	0	0.143305	-0.033941	-0.347767
2018-01-06 00:00:00	-4.37655	-0.0116512	0.242472	0	0.25861	-0.0539766	0.21451	0	2.24326	0	0	0	0	0	0.873042	-0.0124894	0.0183033	0	0	0.179439	0.0666488	0	0	0.146131	-0.0303786	-0.242633
2018-01-07 00:00:00	-1.88072	-0.0166668	0.168046	0	-0.415812	-0.0351312	0.140118	0	1.5665	0	0	0	0	0	-0.0642146	-0.0124964	0.018317	0	0	0.165799	0.0623496	0	0	0.148286	-0.0277193	-0.18335
2018-01-08 00:00:00	-0.40094	-0.0234648	0.214664	0	-0.240046	-0.0200137	0.0695635	0	0.80232	0	0	0	0	0	-0.593538	-0.0125009	0.0183102	0	0	0.144805	0.0556047	0	0	0.150057	-0.0242747	0.140546
2018-01-09 00:00:00	0	-0.223121	0.232633	0	-0.200413	-0.0124714	0.0454591	0	0.471936	0	0	0	0	0	-0.468603	-0.0124999	0.018301	0	0	0.124407	0.0490233	0	0	0.151544	-0.0205639	0.155632
2018-01-10 00:00:00	-0.286395	-0.11855	0.275578	0	-0.0683006	-0.00826225	0.0286678	0	0.283815	0	0	0	0	0	-0.305917	-0.0125007	0.0182846	0	0	0.105272	0.042889	0	0	0.152402	-0.0180861	0.0888973
2018-01-11 00:00:00	-0.0845553	-0.167987	0.266668	0	-0.240924	-0.0106336	0.0398628	0	0.359932	0	0	0	0	0	-0.148267	-0.0125019	0.0182879	0	0	0.0954656	0.0398521	0	0	0.152362	-0.0178057	0.289755
2018-01-12 00:00:00	0	-0.276249	0.299931	0	-0.086245	-0.00546415	0.0216509	0	0.166488	0	0	0	0	0	-0.176441	-0.0125002	0.0182716	0	0	0.0821624	0.0356834	0	0	0.152842	-0.0154847	0.204643
2018-01-13 00:00:00	0	-0.258383	0.280568	0	-0.12412	-0.00483246	0.0195534	0	0.144798	0	0	0	0	0	-0.051984	-0.0124981	0.018255	0	0	0.0712953	0.0323324	0	0	0.152766	-0.0145292	0.253221
2018-01-14 00:00:00	-1.67036	0.834017	0.286813	0	0.101971	-0.00758961	0.0265482	0	0.171949	0	0	0	0	0	0.205681	-0.012498	0.0182431	0	0	0.0636365	0.0300268	0	0	0.152294	-0.0149102	0.185818
2018-01-15 00:00:00	-5.15402	0.11389	0.331602	0	0.808393	-0.0262263	0.108137	0	0.942928	0	0	0	0	0	1.98645	-0.0125123	0.0182561	0	0	0.0642645	0.0299435	0	0	0.149621	-0.0233163	-0.66259
2018-01-16 00:00:00	-0.804988	-0.0173025	0.254047	0	-0.392496	-0.0161861	0.0565193	0	0.776162	0	0	0	0	0	0.00387377	-0.0125249	0.0182573	0	0	0.0652844	0.030047	0	0	0.149876	-0.0240984	0.0864712
2018-01-17 00:00:00	-1.0828	-0.0285171	0.273326	0	0.0016582	-0.0117774	0.0387243	0	0.414339	0	0	0	0	0	0.214241	-0.0125293	0.0182485	0	0	0.0597203	0.0283854	0	0	0.151608	-0.0195114	0.0451172
2018-01-18 00:00:00	-2.74548	-0.00402825	0.257844	0	0.201866	-0.0198742	0.0733553	0	0.792135	0	0	0	0	0	0.97933	-0.0125367	0.0182605	0	0	0.0610457	0.0287244	0	0	0.151138	-0.0199597	-0.238175
2018-01-19 00:00:00	-0.917734	-0.0108521	0.269314	0	-0.158924	-0.0145225	0.0498131	0	0.622006	0	0	0	0	0	0.062927	-0.0125398	0.0182581	0	0	0.0597871	0.0282737	0	0	0.151151	-0.0203254	0.126632
2018-01-20 00:00:00	-0.0845553	-0.144442	0.230792	0	-0.195635	-0.00655533	0.0225084	0	0.260713	0	0	0	0	0	-0.166424	-0.0125392	0.0182418	0	0	0.0532073	0.0263517	0	0	0.15244	-0.0169908	0.137113
2018-01-21 00:00:00	-8.42175	0.115213	0.447828	0	0.867147	-0.0550144	0.225297	0	2.02866	0	0	0	0	0	3.43786	-0.0125632	0.0183197	0	0	0.0710524	0.0323532	0	0	0.150045	-0.0225797	-1.11814
2018-01-22 00:00:00	-22.7678	-0.00966102	0.252117	0	1.05715	-0.179712	0.717493	0	7.87275	0	0	0	0	0	9.53699	-0.0126336	0.0185496	0	0	0.14366	0.0557113	0	0	0.140745	-0.0451536	-3.21981
2018-01-23 00:00:00	-5.7513	-0.0103952	0.169154	0	-0.705819	-0.0915089	0.347399	0	4.38424	0	0	0	0	0	0.899874	-0.0127126	0.018695	0	0	0.190078	0.069701	0	0	0.145633	-0.042427	-0.38939
2018-01-24 00:00:00	-11.3811	-0.0158077	0.330494	0	0.394764	-0.121717	0.475299	0	4.97703	0	0	0	0	0	3.65692	-0.0128167	0.0188167	0	0	0.206289	0.0748179	0	0	0.146135	-0.0447047	-1.29557
2018-01-25 00:00:00	-0.37095	-0.160755	0.37252	0	-0.913992	-0.0446057	0.151725	0	2.15199	0	0	0	0	0	-1.31354	-0.0128512	0.0188616	0	0	0.195355	0.0711149	0	0	0.152176	-0.035234	0.261814
2018-01-26 00:00:00	-0.20094	-0.246147	0.344374	0	-0.108571	-0.0281343	0.0933873	0	1.04359	0	0	0	0	0	-0.896964	-0.0128533	0.0188574	0	0	0.166395	0.0619675	0	0	0.156371	-0.0271401	0.364196
2018-01-27 00:00:00	-2.40477	0.380613	0.458603	0	0.198718	-0.0279647	0.0936869	0	0.927539	0	0	0	0	0	0.0128331	-0.0128589	0.018861	0	0	0.144368	0.055177	0	0	0.157002	-0.0265715	-0.0247644
2018-01-28 00:00:00	-9.71215	-0.0159506	0.508652	0	0.748915	-0.0896357	0.354143	0	3.22265	0	0	0	0	0	3.4712	-0.0129127	0.0189626	0	0	0.160081	0.0609498	0	0	0.153336	-0.0353317	-1.16709
2018-01-29 00:00:00	-4.84127	-0.0158372	0.436106	0	-0.393318	-0.0615282	0.230599	0	2.84644	0	0	0	0	0	1.06454	-0.0129711	0.019019	0	0	0.168771	0.0628272	0	0	0.153467	-0.0367054	-0.379859
2018-01-30 00:00:00	-3.18536	-0.00861135	0.394984	0	-0.122149	-0.0449234	0.165544	0	2.00806	0	0	0	0	0	0.393721	-0.0130144	0.0190322	0	0	0.158106	0.0588146	0	0	0.156258	-0.0329983	-0.0525348
2018-01-31 00:00:00	-8.10935	-0.00827325	0.387081	0	0.588217	-0.0754776	0.290738	0	3.30816	0	0	0	0	0	2.5963	-0.0130577	0.0191026	0	0	0.159946	0.0587122	0	0	0.154687	-0.0374283	-0.680637
2018-02-01 00:00:00	-2.22933	-0.0166353	0.417485	0	-0.698918	-0.0384767	0.139849	0	2.09774	0	0	0	0	0	-0.1025	-0.0130755	0.0191292	0	0	0.155399	0.0565045	0	0	0.157898	-0.0322672	-0.0871986
2018-02-02 00:00:00	-0.173862	-0.225702	0.410255	0	-0.230353	-0.0184604	0.0673158	0	0.850505	0	0	0	0	0	-0.703188	-0.0130768	0.0191289	0	0	0.136876	0.0508736	0	0	0.162269	-0.0240161	0.308565
2018-02-03 00:00:00	-4.48452	0.210789	0.299368	0	0.4275	-0.0367883	0.146642	0	1.55167	0	0	0	0	0	1.15383	-0.0130818	0.0191425	0	0	0.125562	0.0472684	0	0	0.16094	-0.0285797	-0.420257
2018-02-04 00:00:00	-0.776111	-0.0154807	0.400035	0	-0.470863	-0.0175406	0.0640931	0	0.945562	0	0	0	0	0	-0.336821	-0.0130822	0.0191536	0	0	0.114819	0.0438903	0	0	0.16231	-0.026156	0.0938101
2018-02-05 00:00:00	-0.0893068	-0.277237	0.375505	0	-0.208705	-0.0102037	0.0374752	0	0.428614	0	0	0	0	0	-0.364474	-0.0130812	0.0191509	0	0	0.100379	0.0397971	0	0	0.164969	-0.0203597	0.182523
2018-02-06 00:00:00	-1.87642	0.261113	0.354247	0	0.143487	-0.0152065	0.0591545	0	0.526374	0	0	0	0	0	0.304927	-0.0130802	0.0191438	0	0	0.0872361	0.0360259	0	0	0.164871	-0.0214229	0.0304442
2018-02-07 00:00:00	-0.458417	-0.0358657	0.323385	0	-0.279127	-0.00962362	0.0344492	0	0.427236	0	0	0	0	0	-0.148968	-0.0130797	0.0191391	0	0	0.0780238	0.033422	0	0	0.164907	-0.0210277	0.114453
2018-02-08 00:00:00	-1.06157	0.0136573	0.519709	0	-0.0120572	-0.00896801	0.0321625	0	0.294348	0	0	0	0	0	0.0909815	-0.0130782	0.0191296	0	0	0.0687191	0.0307922	0	0	0.165973	-0.0178863	0.121918
2018-02-09 00:00:00	-1.14522	-0.0128325	0.460028	0	0.00133061	-0.00852988	0.0320668	0	0.313013	0	0	0	0	0	0.19392	-0.0130799	0.0191272	0	0	0.0631794	0.0292204	0	0	0.165701	-0.0177028	0.0802194
2018-02-10 00:00:00	-6.17087	-0.0131978	0.505522	0	0.80991	-0.0364283	0.163381	0	1.64743	0	0	0	0	0	2.1537	-0.0130903	0.0191546	0	0	0.0686872	0.030602	0	0	0.162292	-0.0263436	-0.699256
2018-02-11 00:00:00	-3.68407	-0.00591308	0.449814	0	0.0908943	-0.032517	0.136371	0	1.68616	0	0	0	0	0	0.964359	-0.0131007	0.0191818	0	0	0.0768936	0.0325984	0	0	0.160944	-0.0305902	-0.148974
2018-02-12 00:00:00	-2.64778	-0.0206303	0.470445	0	-0.291758	-0.0274228	0.111114	0	1.40397	0	0	0	0	0	0.569414	-0.0131118	0.0191901	0	0	0.0757761	0.0321619	0	0	0.162235	-0.0291258	-0.185526
2018-02-13 00:00:00	-5.38421	-0.0139709	0.488934	0	0.274366	-0.0413642	0.167986	0	2.02584	0	0	0	0	0	1.6823	-0.0131192	0.0192271	0	0	0.0826549	0.033872	0	0	0.162332	-0.0295104	-0.544659
2018-02-14 00:00:00	-0.372963	-0.15286	0.512718	0	-0.564313	-0.0167384	0.0650273	0	1.01189	0	0	0	0	0	-0.486807	-0.0131224	0.0192327	0	0	0.0813979	0.0334103	0	0	0.165481	-0.0245222	0.257831
2018-02-15 00:00:00	-2.62726	0.137593	0.534384	0	0.249101	-0.0205739	0.0838888	0	0.850615	0	0	0	0	0	0.509075	-0.0131183	0.019239	0	0	0.074525	0.0315189	0	0	0.166508	-0.0236442	-0.0281446
2018-02-16 00:00:00	-0.408799	-0.329437	0.602298	0	-0.362516	-0.0110733	0.0405864	0	0.551282	0	0	0	0	0	-0.202817	-0.0131183	0.0192402	0	0	0.0670809	0.0295546	0	0	0.166973	-0.0227904	0.126464
2018-02-17 00:00:00	-0.925593	0.0336271	0.590557	0	-0.123153	-0.00974438	0.0365809	0	0.361192	0	0	0	0	0	-0.0560355	-0.0131174	0.0192334	0	0	0.05939	0.027588	0	0	0.168177	-0.0198368	0.148865
2018-02-18 00:00:00	-3.16548	0.264824	0.5376	0	0.413169	-0.0185185	0.0804722	0	0.701976	0	0	0	0	0	0.868599	-0.013114	0.0192327	0	0	0.0550782	0.0262703	0	0	0.166646	-0.0235007	-0.0867421
2018-02-19 00:00:00	-4.05138	-0.0173063	0.748452	0	0.278196	-0.0267293	0.115196	0	1.29017	0	0	0	0	0	1.11542	-0.013126	0.0192493	0	0	0.0590734	0.0272434	0	0	0.164674	-0.0278371	-0.318706
2018-02-20 00:00:00	-0.259317	-0.362506	0.645163	0	-0.61371	-0.0119995	0.045989	0	0.733197	0	0	0	0	0	-0.261253	-0.0131261	0.0192467	0	0	0.0571357	0.0267222	0	0	0.166859	-0.0234378	0.148963
2018-02-21 00:00:00	-0.0893068	-0.445635	0.578962	0	-0.233221	-0.00601837	0.0233953	0	0.248743	0	0	0	0	0	-0.162126	-0.0131239	0.0192383	0	0	0.0509658	0.0252007	0	0	0.169529	-0.0176347	0.148969
2018-02-22 00:00:00	-0.259317	-0.152726	0.549244	0	-0.191954	-0.0050016	0.0187308	0	0.16562	0	0	0	0	0	-0.141182	-0.0131218	0.0192288	0	0	0.0453927	0.0238872	0	0	0.169903	-0.0158352	0.212869
2018-02-23 00:00:00	-0.0893068	-0.115834	0.556852	0	-0.293876	-0.00232608	0.00680105	0	0.0878344	0	0	0	0	0	-0.177164	-0.0131174	0.019211	0	0	0.0385463	0.0224295	0	0	0.169834	-0.0145478	0.195336
2018-02-24 00:00:00	-0.0893068	-0.125932	0.582976	0	-0.233655	-0.00375304	0.0107897	0	0.0778683	0	0	0	0	0	-0.0238498	-0.0131165	0.0192057	0	0	0.0353277	0.021824	0	0	0.168852	-0.0137797	0.413449
2018-02-25 00:00:00	-0.260216	-0.0269112	0.611897	0	-0.169801	-0.00186876	0.00509216	0	0.0489946	0	0	0	0	0	-0.0466658	-0.0131094	0.0191809	0	0	0.0306263	0.0206611	0	0	0.16811	-0.013323	0.372667
2018-02-26 00:00:00	-0.173862	-0.0819514	0.541201	0	-0.12938	-0.00255713	0.00747243	0	0.0511126	0	0	0	0	0	-0.0117548	-0.0131066	0.0191729	0	0	0.0281203	0.019846	0	0	0.166656	-0.0128775	0.408092
2018-02-27 00:00:00	-1.37926	0.685478	0.520749	0	0.0651965	-0.00374136	0.0118857	0	0.0702934	0	0	0	0	0	0.175777	-0.013102	0.0191593	0	0	0.0262838	0.0192696	0	0	0.165649	-0.0128903	0.350749
2018-02-28 00:00:00	-0.0893068	-0.307145	0.413776	0	-0.0864359	-0.00355645	0.0110201	0	0.086284	0	0	0	0	0	0.108524	-0.0130972	0.0191485	0	0	0.0252944	0.0189602	0	0	0.164658	-0.0133439	0.334781
2018-03-01 00:00:00	0	-0.335801	0.462612	0	-0.0109093	-0.00258655	0.00949251	0	0.0553749	0	0	0	0	0	0.0160371	-0.0130904	0.0191363	0	0	0.0242284	0.0185021	0	0	0.163708	-0.0124585	0.394245
2018-03-02 00:00:00	0	-0.219207	0.491133	0	-0.143256	-0.00179498	0.00563739	0	0.0531714	0	0	0	0	0	-0.0148254	-0.0130814	0.0191163	0	0	0.0226031	0.017799	0	0	0.162552	-0.0123383	0.367508
2018-03-03 00:00:00	0	-0.0890693	0.327159	0	-0.0821084	-0.00292997	0.00956674	0	0.052902	0	0	0	0	0	0.105687	-0.0130779	0.019111	0	0	0.0217088	0.0174743	0	0	0.161277	-0.0119541	0.515746
2018-03-04 00:00:00	-0.114545	-0.113359	0.65173	0	-0.203921	-0.00147982	0.00428333	0	0.0363768	0	0	0	0	0	0.0133048	-0.0130703	0.0190959	0	0	0.0206424	0.0170562	0	0	0.160153	-0.0117477	0.46452
2018-03-05 00:00:00	-6.21063	1.51445	0.700197	0	1.0228	-0.016557	0.0656883	0	0.295506	0	0	0	0	0	1.60778	-0.013078	0.0191208	0	0	0.0263693	0.018427	0	0	0.158835	-0.0132539	-0.824349
2018-03-06 00:00:00	-16.7189	0.000262941	0.752933	0	1.23155	-0.112214	0.438716	0	4.34207	0	0	0	0	0	6.43836	-0.0131401	0.0193388	0	0	0.0878002	0.038657	0	0	0.156631	-0.0191418	-3.35708
2018-03-07 00:00:00	-7.20205	0.0788922	0.73453	0	0.32134	-0.0784726	0.311675	0	3.42017	0	0	0	0	0	1.54673	-0.0131925	0.0195459	0	0	0.148588	0.0572719	0	0	0.157431	-0.0270391	-0.524581
2018-03-08 00:00:00	-1.8532	-0.0501646	0.749292	0	-0.443668	-0.0331117	0.134388	0	1.5318	0	0	0	0	0	-0.402701	-0.0132028	0.0195935	0	0	0.141971	0.0550124	0	0	0.159028	-0.0294239	-0.034385
2018-03-09 00:00:00	-5.32728	-0.317378	0.794911	0	0.311001	-0.0570924	0.236854	0	2.3061	0	0	0	0	0	1.43551	-0.0132069	0.0195969	0	0	0.122034	0.0487947	0	0	0.156059	-0.0396144	-0.323714
2018-03-10 00:00:00	-8.16612	0.0487678	0.857472	0	0.194316	-0.0789053	0.294572	0	3.13449	0	0	0	0	0	2.49195	-0.0132245	0.01971	0	0	0.137828	0.0539564	0	0	0.160639	-0.0319341	-0.896483
2018-03-11 00:00:00	-0.0446534	-0.6832	0.917126	0	-0.69543	-0.0272763	0.10418	0	1.38165	0	0	0	0	0	-0.918707	-0.0132218	0.0197845	0	0	0.144837	0.0561579	0	0	0.166533	-0.0230084	0.384776
2018-03-12 00:00:00	-0.130108	-0.240129	0.828011	0	-0.42005	-0.0098572	0.0350822	0	0.388328	0	0	0	0	0	-0.599327	-0.0132201	0.0197766	0	0	0.121823	0.0490951	0	0	0.169107	-0.0187146	0.179816
2018-03-13 00:00:00	-0.848269	0.0975098	0.857074	0	-0.10861	-0.00978414	0.0362536	0	0.301399	0	0	0	0	0	-0.33727	-0.0132187	0.0197692	0	0	0.104237	0.0438704	0	0	0.16967	-0.016881	0.29575
2018-03-14 00:00:00	-0.0446534	-0.326114	0.89945	0	-0.436623	-0.00593699	0.0227573	0	0.198001	0	0	0	0	0	-0.304343	-0.0132153	0.0197578	0	0	0.0884014	0.0390681	0	0	0.169712	-0.0158021	0.29046
2018-03-15 00:00:00	-8.43841	1.39554	0.968861	0	1.22114	-0.0423312	0.174408	0	1.32171	0	0	0	0	0	2.3982	-0.0132305	0.0198163	0	0	0.0966983	0.0409506	0	0	0.168325	-0.0180628	-0.706379
2018-03-16 00:00:00	-5.26206	0.000970145	0.871664	0	0.0709737	-0.0492366	0.203444	0	1.95953	0	0	0	0	0	1.40539	-0.0132615	0.0198961	0	0	0.120319	0.0484564	0	0	0.166173	-0.025122	-0.482861
2018-03-17 00:00:00	-0.329209	-0.412971	0.778119	0	-0.305244	-0.0134785	0.0553455	0	0.674351	0	0	0	0	0	-0.508079	-0.0132611	0.0199075	0	0	0.112249	0.0456731	0	0	0.168321	-0.0215016	0.250222
2018-03-18 00:00:00	-1.59732	0.288016	0.750367	0	-0.238268	-0.0176692	0.0736239	0	0.624505	0	0	0	0	0	0.0480078	-0.0132658	0.019915	0	0	0.103493	0.0430169	0	0	0.169661	-0.0179284	0.236154
2018-03-19 00:00:00	-2.16895	-0.269755	0.862883	0	-0.0879515	-0.0214261	0.091404	0	0.685424	0	0	0	0	0	0.504201	-0.0132736	0.0199428	0	0	0.101439	0.042758	0	0	0.169761	-0.0165498	-0.10009
2018-03-20 00:00:00	-0.0446534	-0.637382	0.920016	0	-0.337027	-0.00935149	0.0407484	0	0.3397	0	0	0	0	0	-0.262007	-0.013275	0.0199437	0	0	0.0928096	0.0402429	0	0	0.169801	-0.0148877	0.304677
2018-03-21 00:00:00	-0.329209	-0.225179	1.0184	0	-0.406609	-0.00588133	0.0249253	0	0.204126	0	0	0	0	0	-0.215315	-0.0132747	0.0199388	0	0	0.0811742	0.0368161	0	0	0.16952	-0.0141197	0.345313
2018-03-22 00:00:00	-0.0446534	-0.227072	1.02041	0	-0.442723	-0.0020197	0.00751009	0	0.0543727	0	0	0	0	0	-0.221891	-0.0132681	0.0199283	0	0	0.0667408	0.0330125	0	0	0.169152	-0.0133599	0.406135
2018-03-23 00:00:00	-3.15422	1.10997	1.22258	0	0.366162	-0.00507658	0.0175129	0	0.0957535	0	0	0	0	0	0.298178	-0.0132663	0.0199237	0	0	0.0583965	0.0306728	0	0	0.168221	-0.0132089	0.201613
2018-03-24 00:00:00	-0.0446534	-0.931062	1.06041	0	-0.117708	-0.0042147	0.018249	0	0.123019	0	0	0	0	0	-0.00789192	-0.0132625	0.0199133	0	0	0.0520691	0.0283766	0	0	0.167427	-0.0137215	0.336952
2018-03-25 00:00:00	-0.244653	-0.195407	1.08246	0	-0.306285	-0.00201755	0.0077106	0	0.0601323	0	0	0	0	0	-0.146505	-0.0132557	0.0198997	0	0	0.0451923	0.0259595	0	0	0.166671	-0.0128496	0.487048
2018-03-26 00:00:00	-0.159199	-0.17131	1.01913	0	-0.309858	-0.0017502	0.00517643	0	0.0380637	0	0	0	0	0	-0.111268	-0.0132491	0.019886	0	0	0.0388192	0.0237754	0	0	0.165567	-0.012308	0.531474
2018-03-27 00:00:00	-11.4867	1.54124	1.24789	0	1.93626	-0.0422	0.178953	0	1.30914	0	0	0	0	0	3.57869	-0.0132721	0.0199615	0	0	0.05957	0.0289064	0	0	0.163959	-0.0139143	-1.49151
2018-03-28 00:00:00	-0.130108	-0.868403	1.08195	0	-0.600771	-0.0164099	0.0691362	0	0.880925	0	0	0	0	0	-0.500388	-0.0132901	0.0200138	0	0	0.0815164	0.0354811	0	0	0.163957	-0.0165906	0.187019
2018-03-29 00:00:00	-0.130108	-0.274605	1.01033	0	-0.467033	-0.00403745	0.018633	0	0.214205	0	0	0	0	0	-0.396397	-0.0132826	0.0199968	0	0	0.0675757	0.0319024	0	0	0.164605	-0.0143473	0.227434
2018-03-30 00:00:00	-4.06604	1.15678	1.15803	0	0.562729	-0.0130173	0.0537399	0	0.311557	0	0	0	0	0	0.633839	-0.0132852	0.0199959	0	0	0.0615078	0.0301896	0	0	0.163569	-0.0157986	0.0437996
2018-03-31 00:00:00	-5.63068	0.0926048	1.05685	0	0.676634	-0.0302874	0.13071	0	1.26818	0	0	0	0	0	1.64518	-0.0133062	0.0200266	0	0	0.0679149	0.0307433	0	0	0.160405	-0.0235952	-0.548611
2018-04-01 00:00:00	-4.24445	-0.00663907	1.09266	0	-0.0249809	-0.0356335	0.152171	0	1.48115	0	0	0	0	0	0.980041	-0.0133263	0.0200679	0	0	0.0790491	0.0341184	0	0	0.160709	-0.0254224	-0.350491
2018-04-02 00:00:00	-7.45476	-0.00200903	0.944799	0	0.476981	-0.0666627	0.243932	0	2.4418	0	0	0	0	0	2.32132	-0.0133606	0.020143	0	0	0.0984766	0.0403561	0	0	0.159735	-0.0305483	-0.819795
2018-04-03 00:00:00	-15.9456	0.00201533	1.01461	0	0.726442	-0.147033	0.599493	0	6.18991	0	0	0	0	0	5.58133	-0.013416	0.0202903	0	0	0.14479	0.0539795	0	0	0.153971	-0.0460445	-1.66524
2018-04-04 00:00:00	-10.8947	-0.00768294	1.1025	0	-0.268829	-0.122937	0.488081	0	5.58982	0	0	0	0	0	2.82753	-0.0134817	0.0204683	0	0	0.195145	0.0680876	0	0	0.158034	-0.0469469	-0.904888
2018-04-05 00:00:00	-12.0481	0.00687332	1.07344	0	0.258698	-0.140108	0.524899	0	5.97658	0	0	0	0	0	3.2117	-0.0135495	0.0206603	0	0	0.233302	0.0784299	0	0	0.16166	-0.0476606	-0.7032
2018-04-06 00:00:00	-0.210811	-0.772586	1.05211	0	-0.766167	-0.0401232	0.141441	0	2.07121	0	0	0	0	0	-1.47875	-0.0136086	0.0207317	0	0	0.223003	0.0753071	0	0	0.172236	-0.0345349	0.439463
2018-04-07 00:00:00	-1.48231	0.417725	1.05168	0	-0.54017	-0.0255721	0.0920363	0	1.03767	0	0	0	0	0	-0.819369	-0.0136303	0.0207263	0	0	0.187203	0.0651803	0	0	0.177542	-0.0267072	0.142001
2018-04-08 00:00:00	-0.288407	-0.659365	1.04933	0	-0.200762	-0.0167607	0.0618865	0	0.623592	0	0	0	0	0	-0.59006	-0.0136285	0.0207269	0	0	0.159636	0.0574884	0	0	0.179151	-0.0234682	0.359362
2018-04-09 00:00:00	-0.17001	-0.229828	1.00816	0	-0.52616	-0.00798439	0.025713	0	0.320046	0	0	0	0	0	-0.506227	-0.0136291	0.0207153	0	0	0.133701	0.0505843	0	0	0.18039	-0.020113	0.265355
2018-04-10 00:00:00	-1.71038	0.409566	1.02696	0	0.0997424	-0.00894159	0.0399786	0	0.2721	0	0	0	0	0	-0.15063	-0.0136291	0.0207071	0	0	0.113921	0.045391	0	0	0.180525	-0.0187244	0.306584
2018-04-11 00:00:00	-0.210811	-0.426083	0.979947	0	-0.245451	-0.00502046	0.024406	0	0.217886	0	0	0	0	0	-0.246071	-0.0136274	0.0207031	0	0	0.0959535	0.0404591	0	0	0.180075	-0.0185455	0.393819
2018-04-12 00:00:00	-3.66139	1.14831	1.00306	0	0.330675	-0.0125695	0.0577886	0	0.362846	0	0	0	0	0	0.547088	-0.0136288	0.0207014	0	0	0.0843593	0.0366132	0	0	0.179606	-0.0183403	0.0651149
2018-04-13 00:00:00	-2.94229	0.113881	0.992954	0	0.184707	-0.0174349	0.0857298	0	0.678705	0	0	0	0	0	0.600611	-0.013636	0.020719	0	0	0.0840674	0.0356191	0	0	0.177945	-0.0215724	-0.0199905
2018-04-14 00:00:00	0	-1.27704	2.35283	0	-0.933637	-0.00499677	0.021011	0	0.288657	0	0	0	0	0	-0.387302	-0.0136357	0.0207215	0	0	0.0752723	0.0336607	0	0	0.178744	-0.0189605	0.33532
2018-04-15 00:00:00	-4.75327	1.13367	1.45472	0	0.68659	-0.0145587	0.0563205	0	0.323691	0	0	0	0	0	0.785346	-0.0136389	0.0207311	0	0	0.0695011	0.0321523	0	0	0.179332	-0.0157952	-0.0552149
2018-04-16 00:00:00	-0.0408013	-1.03497	1.6023	0	-0.575857	-0.006609	0.0251186	0	0.289247	0	0	0	0	0	-0.212817	-0.0136435	0.0207389	0	0	0.0685441	0.0318412	0	0	0.178456	-0.0164656	0.315087
2018-04-17 00:00:00	-0.969151	-0.216918	1.83976	0	-0.246533	-0.00303414	0.010041	0	0.064462	0	0	0	0	0	-0.193899	-0.0136386	0.0207263	0	0	0.0577826	0.0294713	0	0	0.178263	-0.0141059	0.543231
2018-04-18 00:00:00	0	-0.393818	2.01036	0	-0.84502	-0.00205737	0.00487259	0	0.0455375	0	0	0	0	0	-0.358363	-0.0136306	0.0207109	0	0	0.0470412	0.0265005	0	0	0.177241	-0.0134849	0.705892
2018-04-19 00:00:00	0	-0.395375	2.48724	0	-0.771318	-0.000502772	0.000351105	0	0.0111505	0	0	0	0	0	-0.575416	-0.0136171	0.0206869	0	0	0.0341351	0.0221006	0	0	0.176216	-0.0126994	0.982953
2018-04-20 00:00:00	0	-0.323956	2.4334	0	-0.288115	-0.000475344	0.000472961	0	0.00817807	0	0	0	0	0	-0.646278	-0.0136057	0.0206597	0	0	0.0253485	0.0188777	0	0	0.174668	-0.0121539	1.39702
2018-04-21 00:00:00	0	-0.0635465	2.89411	0	-0.413064	-5.75964E-06	9.32624E-07	0	0.00454085	0	0	0	0	0	-0.644074	-0.013582	0.020615	0	0	0.0179026	0.0157294	0	0	0.173289	-0.0115279	1.98039
2018-04-22 00:00:00	-4.9064	1.11823	2.11242	0	0.341432	-7.50786E-05	0.000930099	0	0.00168971	0	0	0	0	0	0.53213	-0.0135861	0.0206207	0	0	0.0187048	0.0157768	0	0	0.171229	-0.0108225	-0.59772
2018-04-23 00:00:00	-2.28319	0.0782552	1.97288	0	0.291572	-0.000257821	0.0037768	0	0.00315846	0	0	0	0	0	0.21899	-0.0135818	0.0206104	0	0	0.019272	0.015996	0	0	0.16945	-0.0107898	0.486149
2018-04-24 00:00:00	-0.251613	-1.04099	1.9497	0	-0.0889861	-0.00029958	0.00133103	0	0.0156825	0	0	0	0	0	-0.0815763	-0.0135702	0.02059	0	0	0.0191571	0.0161697	0	0	0.168046	-0.0109114	0.702726
2018-04-25 00:00:00	-2.13359	0.391654	1.94353	0	0.0812706	-0.000962794	0.00415319	0	0.021467	0	0	0	0	0	0.113045	-0.0135628	0.0205748	0	0	0.0182437	0.015969	0	0	0.165868	-0.0108983	0.616757
2018-04-26 00:00:00	-4.77719	0.916264	1.96058	0	0.44693	-0.00218697	0.00971808	0	0.0499688	0	0	0	0	0	0.754519	-0.013562	0.0205653	0	0	0.0195681	0.0162643	0	0	0.164295	-0.0112111	-0.445479
2018-04-27 00:00:00	-1.37996	-0.377054	1.78421	0	0.0596479	-0.00218517	0.00817617	0	0.055202	0	0	0	0	0	0.019563	-0.0135593	0.0205554	0	0	0.021489	0.0166501	0	0	0.163486	-0.0115599	0.364653
2018-04-28 00:00:00	-5.84314	0.763297	1.71815	0	0.807292	-0.00797359	0.0293629	0	0.148742	0	0	0	0	0	1.319	-0.0135659	0.0205645	0	0	0.0268302	0.0176953	0	0	0.161834	-0.0124265	-0.864339
2018-04-29 00:00:00	-0.17001	-0.972894	1.67098	0	-0.25228	-0.00516901	0.0160775	0	0.237836	0	0	0	0	0	-0.158912	-0.0135648	0.0205619	0	0	0.0301663	0.018824	0	0	0.160842	-0.0140462	0.568416
2018-04-30 00:00:00	0	-0.328478	1.66348	0	-0.536893	-0.000925637	0.00183138	0	0.0663595	0	0	0	0	0	-0.364084	-0.0135519	0.0205393	0	0	0.0260158	0.0183573	0	0	0.16073	-0.0136327	0.699746
2018-05-01 00:00:00	0	-0.257134	1.88154	0	-0.489728	-0.000342296	0.000210563	0	0.0145542	0	0	0	0	0	-0.420739	-0.0135357	0.0205145	0	0	0.020537	0.0165631	0	0	0.159994	-0.0118001	0.920631
2018-05-02 00:00:00	-3.76391	0.923201	2.09683	0	0.507335	-0.00192428	0.00693689	0	0.032559	0	0	0	0	0	0.313093	-0.0135342	0.0205085	0	0	0.0206532	0.0165012	0	0	0.157368	-0.011324	0.304294
2018-05-03 00:00:00	-0.148583	-1.02456	2.04812	0	-0.265467	-0.0016285	0.00526142	0	0.0484199	0	0	0	0	0	-0.2227	-0.0135233	0.0204902	0	0	0.0217114	0.01672	0	0	0.156039	-0.0113733	0.628934
2018-05-04 00:00:00	-0.263128	-0.139951	2.23337	0	-0.300484	-0.000792189	0.00135383	0	0.0142175	0	0	0	0	0	-0.503439	-0.0135102	0.0204714	0	0	0.0186691	0.0156973	0	0	0.154246	-0.0109842	1.22574
2018-05-05 00:00:00	0	-0.0478882	2.10308	0	-0.250119	-0.00017388	0.000242031	0	0.0056432	0	0	0	0	0	-0.558025	-0.0134774	0.0204322	0	0	0.014317	0.0138744	0	0	0.153203	-0.010634	1.43047
2018-05-06 00:00:00	-0.0854547	-0.00170466	3.07722	0	-0.451515	-1.2201E-05	0.000118706	0	0.00117023	0	0	0	0	0	-0.670947	-0.0134384	0.020389	0	0	0.0109987	0.0121467	0	0	0.151346	-0.00995935	2.04036
2018-05-07 00:00:00	0	0	2.74774	0	-0.0664715	0	1.28271E-06	0	0.000265902	0	0	0	0	0	-0.987437	-0.0134215	0.0203624	0	0	0.00844951	0.0107531	0	0	0.149295	-0.0096661	1.85987
2018-05-08 00:00:00	-1.89267	0.0561677	2.35879	0	0.107735	-5.28113E-05	0.000237528	0	0.000145848	0	0	0	0	0	0.0164314	-0.013414	0.0202945	0	0	0.00871335	0.011047	0	0	0.146747	-0.00944147	0.810731
2018-05-09 00:00:00	-1.7285	-0.0561677	2.1852	0	0.0798914	-7.13743E-05	0.000705466	0	0.000120219	0	0	0	0	0	-0.0211572	-0.0134049	0.0202743	0	0	0.00938955	0.0113914	0	0	0.144974	-0.00939126	0.623253
2018-05-10 00:00:00	-0.2	0	1.91493	0	-0.0379072	-4.80222E-05	0.000305601	0	2.82813E-05	0	0	0	0	0	-0.431838	-0.0133975	0.0202441	0	0	0.00892059	0.0110696	0	0	0.143134	-0.00936619	1.40607
2018-05-11 00:00:00	-0.576774	0	2.06924	0	0.00122012	-5.85192E-05	0.000620545	0	0	0	0	0	0	0	-0.359075	-0.0133861	0.0202056	0	0	0.00845322	0.0108507	0	0	0.141267	-0.00928462	1.29328
2018-05-12 00:00:00	-3.56481	0.724864	2.52801	0	0.176146	-0.000168769	0.00294036	0	0	0	0	0	0	0	0.190763	-0.0133812	0.0201915	0	0	0.00927192	0.011373	0	0	0.139431	-0.0092171	0.215416
2018-05-13 00:00:00	-8.05406	1.0389	2.57943	0	0.387928	-0.000905028	0.00762473	0	0.0217724	0	0	0	0	0	1.73797	-0.0133782	0.020217	0	0	0.0145808	0.0131461	0	0	0.138419	-0.00937256	-2.11772
2018-05-14 00:00:00	0	-1.71371	4.97357	0	-0.497038	-0.000446661	0.00219701	0	0.0271759	0	0	0	0	0	-1.04088	-0.0133667	0.0202155	0	0	0.0173436	0.0147246	0	0	0.138214	-0.00962282	1.91838
2018-05-15 00:00:00	-0.114545	-0.0497218	2.97679	0	-0.0608016	-3.2272E-05	0.000186877	0	4.94587E-05	0	0	0	0	0	-0.982249	-0.0132785	0.0201754	0	0	0.0119137	0.0124054	0	0	0.137186	-0.00940247	1.92867
2018-05-16 00:00:00	0	0	2.07704	0	-0.153801	-4.67568E-07	1.28534E-06	0	0	0	0	0	0	0	-0.392629	-0.0132358	0.0201451	0	0	0.00980982	0.0114563	0	0	0.135397	-0.00919351	1.68499
2018-05-17 00:00:00	0	0	2.77913	0	-0.026826	0	3.75859E-05	0	0	0	0	0	0	0	-1.01278	-0.0131669	0.0201179	0	0	0.00771957	0.0102006	0	0	0.133891	-0.00905845	1.88926
2018-05-18 00:00:00	0	0	3.87248	0	-0.0394663	0	3.02214E-05	0	0	0	0	0	0	0	-1.25625	-0.0131402	0.0200771	0	0	0.00543719	0.00865363	0	0	0.131833	-0.00887995	2.72078
2018-05-19 00:00:00	0	0	3.08322	0	-0.00863059	0	7.5459E-05	0	0	0	0	0	0	0	-0.937426	-0.0131105	0.0200357	0	0	0.0041527	0.00772467	0	0	0.12995	-0.00865994	2.27733
2018-05-20 00:00:00	0	0	2.49926	0	-0.000121005	-1.15547E-06	0.000106175	0	0	0	0	0	0	0	-0.773555	-0.0130953	0.0199888	0	0	0.00356715	0.00728012	0	0	0.128218	-0.00851471	1.86313
2018-05-21 00:00:00	0	0	3.34898	0	-0.0118445	-3.28057E-08	6.1169E-05	0	0	0	0	0	0	0	-1.10881	-0.0130594	0.0199579	0	0	0.00286929	0.00660295	0	0	0.126678	-0.00840939	2.36303
2018-05-22 00:00:00	0	0	2.11025	0	0.00384292	-2.71801E-05	0.000125199	0	0	0	0	0	0	0	-0.639209	-0.0130554	0.0199039	0	0	0.00269675	0.00647218	0	0	0.12499	-0.00827874	1.60771
2018-05-23 00:00:00	0	0	2.17182	0	0.000505746	-2.86241E-05	0.00012009	0	0	0	0	0	0	0	-0.678074	-0.013034	0.0198739	0	0	0.00265884	0.00641232	0	0	0.12354	-0.00821464	1.62558
2018-05-24 00:00:00	0	0	2.59191	0	-0.00514243	-1.78109E-05	9.6925E-05	0	0	0	0	0	0	0	-0.87356	-0.0130065	0.0198317	0	0	0.00248368	0.00620291	0	0	0.122107	-0.00816263	1.84275
2018-05-25 00:00:00	-0.0854547	0	2.36565	0	-0.00169427	-2.38084E-05	0.000108304	0	0	0	0	0	0	0	-0.797024	-0.0129801	0.0197762	0	0	0.00237638	0.00608295	0	0	0.120668	-0.00810065	1.60938
2018-05-26 00:00:00	0	0	2.20945	0	-0.000831324	-2.67335E-05	0.000113681	0	0	0	0	0	0	0	-0.761447	-0.0129125	0.0197432	0	0	0.00234373	0.00604007	0	0	0.119174	-0.00805391	1.5736
2018-05-27 00:00:00	-0.2	0	2.69081	0	-0.00424886	-1.85881E-05	9.70562E-05	0	0	0	0	0	0	0	-0.880095	-0.0128759	0.0197173	0	0	0.00223988	0.00590613	0	0	0.11791	-0.00800978	1.73144
2018-05-28 00:00:00	-0.0854547	0	3.41822	0	-0.0136375	0	4.58528E-05	0	0	0	0	0	0	0	-1.28547	-0.0128207	0.019669	0	0	0.00188701	0.00543138	0	0	0.116558	-0.00795694	2.15647
2018-05-29 00:00:00	0	0	2.14316	0	0.00219782	-1.97498E-05	0.000111157	0	0	0	0	0	0	0	-0.780819	-0.0127826	0.0196243	0	0	0.00185946	0.00541452	0	0	0.115067	-0.00786742	1.48595
2018-05-30 00:00:00	-0.0854547	0	2.30723	0	-0.00104019	-1.94221E-05	0.000100726	0	0	0	0	0	0	0	-0.889051	-0.0127469	0.0195719	0	0	0.00186761	0.00541232	0	0	0.113825	-0.0078162	1.45188
2018-05-31 00:00:00	-0.0854547	0	2.42853	0	-0.0024626	-1.36352E-05	9.16026E-05	0	0	0	0	0	0	0	-0.957356	-0.0127142	0.0195394	0	0	0.00183223	0.00536817	0	0	0.112694	-0.00777286	1.50229
2018-06-01 00:00:00	-21.8501	2.88335	3.21952	0	0.355848	-0.000455412	0.00519829	0	2.38864E-05	0	0	0	0	0	6.533	-0.0127551	0.0196527	0	0	0.00646014	0.00918481	0	0	0.111879	-0.0079385	-8.72709
2018-06-02 00:00:00	-12.2491	-0.0251947	3.14287	0	0.469258	-0.000269009	0.0322685	0	0.00134757	0	0	0	0	0	3.16013	-0.0128138	0.01978	0	0	0.0178261	0.0171761	0	0	0.112829	-0.0088381	-5.32275
2018-06-03 00:00:00	-3.16738	-0.21237	3.28849	0	-0.0102113	-0.000244543	0.00812333	0	0.00105395	0	0	0	0	0	-0.250006	-0.0128323	0.0198067	0	0	0.0224075	0.019779	0	0	0.113227	-0.00918195	-0.189338
2018-06-04 00:00:00	0	-1.46384	2.84935	0	-0.182	-0.000404934	0.00264783	0	0.00192409	0	0	0	0	0	-0.59409	-0.0128258	0.0197857	0	0	0.0210204	0.0191222	0	0	0.113188	-0.00906351	0.764817
2018-06-05 00:00:00	0	-0.509666	2.59541	0	-0.275208	-1.87129E-06	8.14783E-05	0	0.000137558	0	0	0	0	0	-0.733191	-0.0128095	0.0197433	0	0	0.0169449	0.0168622	0	0	0.112948	-0.00891162	1.22234
2018-06-06 00:00:00	0	-0.427091	2.70499	0	-0.225241	0	0	0	0	0	0	0	0	0	-0.604881	-0.0127881	0.0197011	0	0	0.0134966	0.0146823	0	0	0.112487	-0.00873147	1.58662
2018-06-07 00:00:00	0	-0.245598	2.87745	0	-0.0465434	0	0	0	0	0	0	0	0	0	-1.09393	-0.0127692	0.0196736	0	0	0.0109002	0.0129979	0	0	0.111998	-0.00855367	1.62562
2018-06-08 00:00:00	0	0	2.9219	0	-0.0310156	0	4.68484E-05	0	0	0	0	0	0	0	-1.11821	-0.0127503	0.0196338	0	0	0.00874749	0.0115127	0	0	0.111275	-0.00839105	1.90275
2018-06-09 00:00:00	-0.590411	0	2.82944	0	-0.00119386	0	9.46585E-05	0	0	0	0	0	0	0	-0.798427	-0.0127236	0.0195928	0	0	0.00742324	0.0105638	0	0	0.11049	-0.00822533	1.56662
2018-06-10 00:00:00	0	0	2.75793	0	0.0123762	-1.30733E-06	0.000225296	0	0	0	0	0	0	0	-1.11497	-0.01271	0.0195634	0	0	0.00650349	0.00983974	0	0	0.109415	-0.00805912	1.78011
2018-06-11 00:00:00	-0.768084	0	2.59265	0	-0.0264011	0	5.8226E-07	0	0	0	0	0	0	0	-0.58982	-0.0126873	0.0195115	0	0	0.00565717	0.00921217	0	0	0.108859	-0.00795715	1.33094
2018-06-12 00:00:00	-0.420401	0	2.69761	0	-0.00248045	0	7.42756E-05	0	0	0	0	0	0	0	-1.1049	-0.012658	0.0194848	0	0	0.00497532	0.00861162	0	0	0.107976	-0.00789117	1.2904
2018-06-13 00:00:00	-1.38848	0	2.70794	0	0.0162856	-2.40172E-07	0.000134951	0	0	0	0	0	0	0	-0.530101	-0.0126435	0.0194459	0	0	0.00491306	0.00856469	0	0	0.106978	-0.00780144	0.925231
2018-06-14 00:00:00	0	0	2.68786	0	-0.0166751	0	6.31245E-05	0	0	0	0	0	0	0	-1.2394	-0.0125926	0.019413	0	0	0.00428549	0.00801311	0	0	0.106126	-0.00776767	1.54933
2018-06-15 00:00:00	-0.768084	0	2.66263	0	0.00282746	-1.82997E-06	0.000108951	0	0	0	0	0	0	0	-0.843118	-0.0125616	0.019387	0	0	0.00398688	0.00778012	0	0	0.105189	-0.00768827	1.17046
2018-06-16 00:00:00	-13.658	2.78784	2.95683	0	0.272014	-0.000273818	0.00249598	0	0	0	0	0	0	0	3.49089	-0.0125766	0.019421	0	0	0.00757905	0.00989034	0	0	0.104496	-0.00774101	-4.02714
2018-06-17 00:00:00	-0.988485	-1.51061	2.94563	0	-0.0121076	-7.50083E-05	0.00111907	0	0.000216122	0	0	0	0	0	-0.307891	-0.0125803	0.0194268	0	0	0.0118653	0.0127909	0	0	0.104584	-0.00812881	0.255759
2018-06-18 00:00:00	-0.2	-0.576308	2.79553	0	-0.0865201	-6.87325E-06	9.59712E-05	0	0.000170913	0	0	0	0	0	-0.872616	-0.012565	0.019396	0	0	0.010868	0.0126936	0	0	0.104178	-0.00812942	1.18679
2018-06-19 00:00:00	-11.3566	2.18618	3.04807	0	0.43606	-0.000185353	0.00476253	0	0.00257959	0	0	0	0	0	2.71916	-0.0125717	0.0194189	0	0	0.014043	0.0140538	0	0	0.103873	-0.00811498	-2.82926
2018-06-20 00:00:00	-14.284	-0.249002	3.13086	0	0.46902	-0.0108096	0.0997642	0	0.295069	0	0	0	0	0	5.07032	-0.0126219	0.0195654	0	0	0.0314273	0.0230953	0	0	0.104013	-0.00902029	-5.32235
2018-06-21 00:00:00	-0.148583	-1.49835	2.87673	0	-0.307209	-0.00427198	0.0238068	0	0.138718	0	0	0	0	0	-0.950691	-0.0126408	0.0196178	0	0	0.0437572	0.029075	0	0	0.105014	-0.00957606	0.305395
2018-06-22 00:00:00	0	-0.683012	3.46407	0	-0.401835	-6.52982E-05	0.000381787	0	0.00983086	0	0	0	0	0	-1.25962	-0.0126175	0.019573	0	0	0.0350227	0.024976	0	0	0.105628	-0.00924055	1.2931
2018-06-23 00:00:00	0	-0.343286	2.77931	0	-0.199581	0	4.10183E-05	0	4.43839E-05	0	0	0	0	0	-1.02769	-0.0125893	0.0195349	0	0	0.0264585	0.020575	0	0	0.105491	-0.00899889	1.35931
2018-06-24 00:00:00	0	-0.109886	2.72159	0	-0.0416613	0	3.59176E-05	0	0	0	0	0	0	0	-1.2827	-0.0125678	0.0195048	0	0	0.0214309	0.0180485	0	0	0.10499	-0.00873825	1.43004
2018-06-25 00:00:00	-0.320401	-0.00355849	2.79687	0	-0.0244552	0	6.95689E-05	0	0	0	0	0	0	0	-1.10866	-0.012527	0.0194796	0	0	0.0173586	0.0159605	0	0	0.104382	-0.00845647	1.47606
2018-06-26 00:00:00	0	0	3.06937	0	-0.0482024	0	4.26261E-05	0	0	0	0	0	0	0	-1.40538	-0.0125229	0.0194252	0	0	0.0134898	0.0138793	0	0	0.103771	-0.00823695	1.74564
2018-06-27 00:00:00	-0.2	0	3.32266	0	-0.0344093	0	3.96111E-05	0	0	0	0	0	0	0	-1.43919	-0.0124838	0.0193911	0	0	0.0102857	0.0120523	0	0	0.103085	-0.00803	1.7734
2018-06-28 00:00:00	0	0	3.37111	0	-0.0295168	0	2.4104E-05	0	0	0	0	0	0	0	-1.62978	-0.0124652	0.0193234	0	0	0.00753685	0.0104467	0	0	0.102364	-0.00784589	1.8312
2018-06-29 00:00:00	0	0	2.85578	0	-0.0106691	0	4.87679E-05	0	0	0	0	0	0	0	-1.41827	-0.0124545	0.0192532	0	0	0.00583379	0.00931892	0	0	0.101568	-0.0076472	1.54276
2018-06-30 00:00:00	0	0	4.17532	0	-0.0284799	0	0	0	0	0	0	0	0	0	-2.18932	-0.0123746	0.019204	0	0	0.00389955	0.00787495	0	0	0.10084	-0.00749144	2.06947
2018-07-01 00:00:00	0	0	4.31858	0	-0.0176721	0	0	0	0	0	0	0	0	0	-2.3524	-0.0123201	0.0191596	0	0	0.00246063	0.00663071	0	0	0.0999974	-0.00732708	2.05712
2018-07-02 00:00:00	-0.114545	0	2.75395	0	0.00161749	0	0	0	0	0	0	0	0	0	-1.50644	-0.0122945	0.0191025	0	0	0.00211699	0.00626548	0	0	0.0991307	-0.00716424	1.24173
2018-07-03 00:00:00	0	0	3.53177	0	-0.00733085	0	0	0	0	0	0	0	0	0	-2.1198	-0.0122791	0.0190312	0	0	0.00170062	0.00574157	0	0	0.098304	-0.00710057	1.51003
2018-07-04 00:00:00	0	0	3.67722	0	-0.00683775	0	0	0	0	0	0	0	0	0	-2.21195	-0.0122291	0.018927	0	0	0.00136113	0.00522848	0	0	0.0973833	-0.00702393	1.56208
2018-07-05 00:00:00	0	0	3.91722	0	-0.00734857	0	0	0	0	0	0	0	0	0	-2.42604	-0.0121795	0.018883	0	0	0.00106183	0.00472089	0	0	0.0964977	-0.00695206	1.58586
2018-07-06 00:00:00	0	0	3.35441	0	-0.00372572	0	0	0	0	0	0	0	0	0	-2.15265	-0.0121466	0.0188373	0	0	0.000946356	0.00443534	0	0	0.0955462	-0.00687911	1.29878
2018-07-07 00:00:00	0	0	3.00567	0	-0.00243059	0	0	0	0	0	0	0	0	0	-1.98719	-0.0120936	0.018797	0	0	0.000914508	0.00430359	0	0	0.094755	-0.00682876	1.1159
2018-07-08 00:00:00	0	0	3.04728	0	-0.00294123	0	0	0	0	0	0	0	0	0	-2.08215	-0.0120545	0.0187567	0	0	0.000880641	0.00418861	0	0	0.0939206	-0.00679159	1.06109
2018-07-09 00:00:00	-1.79912	0	3.13786	0	0.00924406	0	0.000111069	0	0	0	0	0	0	0	-0.99207	-0.0120324	0.0187215	0	0	0.00119779	0.00480243	0	0	0.0931859	-0.00675826	0.455144
2018-07-10 00:00:00	0	0	2.85017	0	-0.00655156	0	9.60906E-06	0	0	0	0	0	0	0	-2.03076	-0.0120136	0.018676	0	0	0.00116056	0.00479333	0	0	0.092491	-0.00677331	0.911204
2018-07-11 00:00:00	0	0	2.97791	0	-0.00431712	0	6.25324E-06	0	0	0	0	0	0	0	-2.11512	-0.0119943	0.0186188	0	0	0.00106524	0.00464096	0	0	0.0916526	-0.00674814	0.955712
2018-07-12 00:00:00	0	0	3.17551	0	-0.00470767	0	0	0	0	0	0	0	0	0	-2.31881	-0.0119728	0.018552	0	0	0.000952433	0.00442994	0	0	0.0908515	-0.00671133	0.948099
2018-07-13 00:00:00	-2.20407	0	3.27111	0	0.0074429	0	0.000145488	0	0	0	0	0	0	0	-1.00785	-0.0119617	0.0184928	0	0	0.00123228	0.00499483	0	0	0.0899796	-0.00666948	0.162853
2018-07-14 00:00:00	-0.2	0	3.31281	0	-0.00831838	0	1.63827E-06	0	0	0	0	0	0	0	-2.38273	-0.0119318	0.01845	0	0	0.00112	0.0048623	0	0	0.0893242	-0.00668486	0.8169
2018-07-15 00:00:00	0	0	2.85736	0	-0.00353657	0	6.55627E-06	0	0	0	0	0	0	0	-2.16327	-0.0119059	0.0184046	0	0	0.00102642	0.00470662	0	0	0.0885913	-0.0066536	0.784727
2018-07-16 00:00:00	-1.14768	0	3.11693	0	0.000618777	0	6.32218E-05	0	0	0	0	0	0	0	-1.66112	-0.0118847	0.0183591	0	0	0.00108194	0.00483476	0	0	0.0878831	-0.00661538	0.402472
2018-07-17 00:00:00	-0.114545	0	2.5653	0	-0.00249388	0	3.58388E-05	0	0	0	0	0	0	0	-1.99487	-0.0118743	0.0183125	0	0	0.0010805	0.00486017	0	0	0.0871986	-0.0065948	0.546415
2018-07-18 00:00:00	-0.604947	0	2.70607	0	-0.00184485	0	3.43617E-05	0	0	0	0	0	0	0	-1.74348	-0.0118491	0.0182913	0	0	0.00106757	0.0048553	0	0	0.086682	-0.00656825	0.448311
2018-07-19 00:00:00	0	0	2.98245	0	-0.00469001	0	5.0411E-07	0	0	0	0	0	0	0	-2.46564	-0.011823	0.018226	0	0	0.000962877	0.00466673	0	0	0.0860589	-0.0065423	0.603665
2018-07-20 00:00:00	-1.86628	0	2.90885	0	0.0034431	0	0.00010637	0	0	0	0	0	0	0	-0.91946	-0.0117941	0.0181983	0	0	0.00112977	0.00501397	0	0	0.0853344	-0.00649858	0.218045
2018-07-21 00:00:00	0	0	2.81624	0	-0.00546631	0	5.42193E-06	0	0	0	0	0	0	0	-2.36354	-0.0117666	0.0181683	0	0	0.00104856	0.0049075	0	0	0.0847398	-0.00649397	0.537845
2018-07-22 00:00:00	0	0	2.81062	0	-0.00367839	0	5.06946E-06	0	0	0	0	0	0	0	-2.45642	-0.011736	0.0181333	0	0	0.000961314	0.00473804	0	0	0.084138	-0.00646152	0.440303
2018-07-23 00:00:00	-3.07032	0.00335916	3.66594	0	0.00514921	0	0.000120624	0	0	0	0	0	0	0	-0.593702	-0.0117116	0.0181212	0	0	0.00114861	0.00514814	0	0	0.0835977	-0.00642699	0.100422
2018-07-24 00:00:00	-2.77902	-0.00267751	3.33166	0	0.00473682	0	0.000153682	0	0	0	0	0	0	0	-0.560757	-0.011694	0.0181015	0	0	0.00142907	0.00575954	0	0	0.0830787	-0.00643456	0.0843365
2018-07-25 00:00:00	0	-0.00068165	3.76363	0	-0.0157613	0	0	0	0	0	0	0	0	0	-3.17851	-0.0116724	0.0180503	0	0	0.00113273	0.0052997	0	0	0.0826381	-0.00645333	0.657673
2018-07-26 00:00:00	-2.69941	0	4.22361	0	0.00378271	0	2.90716E-05	0	0	0	0	0	0	0	-1.38798	-0.0116499	0.0180084	0	0	0.0011497	0.00536652	0	0	0.0820752	-0.0063905	0.228589
2018-07-27 00:00:00	-1.31859	0	3.99051	0	-0.004644	0	8.09567E-07	0	0	0	0	0	0	0	-2.36909	-0.0116284	0.017958	0	0	0.00103743	0.00517893	0	0	0.0815975	-0.00636707	0.385964
2018-07-28 00:00:00	-11.1188	2.82722	3.23634	0	0.03721	0	0.000539684	0	0	0	0	0	0	0	3.59434	-0.0116328	0.0179584	0	0	0.00176591	0.00652745	0	0	0.0811134	-0.0063663	-1.3338
2018-07-29 00:00:00	-8.40694	0.688169	3.09894	0	0.0257633	0	0.000480433	0	0	0	0	0	0	0	3.19636	-0.011636	0.0179549	0	0	0.00328158	0.00918077	0	0	0.0811345	-0.00658304	-1.3039
2018-07-30 00:00:00	-3.6471	-0.0468676	3.18318	0	0.00214202	0	0.000190179	0	0	0	0	0	0	0	0.254109	-0.0116293	0.0179348	0	0	0.00435032	0.0106335	0	0	0.0810209	-0.00673717	-0.158771
2018-07-31 00:00:00	-0.519492	-1.99183	2.97712	0	-0.00132	0	0.000167964	0	0	0	0	0	0	0	-0.474871	-0.0116178	0.0179142	0	0	0.00456824	0.0108706	0	0	0.0807059	-0.00676239	0.0854486
2018-08-01 00:00:00	-10.5299	2.28762	3.34348	0	0.0505481	0	0.000868316	0	0	0	0	0	0	0	3.52751	-0.0116134	0.0179019	0	0	0.00533921	0.0117247	0	0	0.0804851	-0.00677183	-1.22276
2018-08-02 00:00:00	-4.03159	-0.285102	3.58824	0	0.00517791	0	0.000732592	0	2.62342E-05	0	0	0	0	0	0.292152	-0.0116106	0.0178923	0	0	0.00625448	0.0126823	0	0	0.0803833	-0.00691091	-0.331674
2018-08-03 00:00:00	-0.466081	-1.99996	3.4312	0	-0.0168872	0	0.000310559	0	0	0	0	0	0	0	-0.853252	-0.0115994	0.0178711	0	0	0.00655388	0.0128632	0	0	0.0800991	-0.00693833	0.194179
2018-08-04 00:00:00	-0.0669801	-0.540849	2.9736	0	-0.0287595	0	2.48742E-05	0	0	0	0	0	0	0	-1.78311	-0.0115892	0.0178475	0	0	0.00560734	0.012093	0	0	0.0797424	-0.00688081	0.65075
2018-08-05 00:00:00	-0.0669801	-0.526358	2.96352	0	-0.0445279	0	0	0	0	0	0	0	0	0	-1.52276	-0.0115644	0.017805	0	0	0.0042985	0.0105735	0	0	0.0795096	-0.00680018	0.896711
2018-08-06 00:00:00	-1.52155	-0.256128	3.29134	0	0.00928383	0	0	0	0	0	0	0	0	0	-1.21505	-0.0115546	0.0177861	0	0	0.00386569	0.0100027	0	0	0.0791904	-0.00667646	0.400513
2018-08-07 00:00:00	-2.23337	-0.0409808	3.01138	0	0.0158748	0	7.36103E-05	0	0	0	0	0	0	0	-0.481552	-0.011542	0.0177682	0	0	0.00379516	0.00979219	0	0	0.0786536	-0.00660291	0.363288
2018-08-08 00:00:00	-1.12246	-0.0884273	2.64618	0	0.0371495	0	0.000238033	0	0	0	0	0	0	0	-1.33395	-0.0115339	0.0177377	0	0	0.00384568	0.00973604	0	0	0.0783043	-0.00657156	0.230248
2018-08-09 00:00:00	-0.181525	-0.0124371	2.70927	0	-0.025616	0	5.48703E-05	0	0	0	0	0	0	0	-1.99899	-0.0115207	0.0177098	0	0	0.00352598	0.00934322	0	0	0.0778447	-0.00653682	0.581119
2018-08-10 00:00:00	-6.22708	2.18693	2.75038	0	0.0612705	0	0.000220864	0	0	0	0	0	0	0	1.00591	-0.0115087	0.0176705	0	0	0.00434001	0.00986516	0	0	0.0775801	-0.00649198	-0.130907
2018-08-11 00:00:00	-0.0669801	-2.12087	3.21597	0	-0.0413567	0	0.000355379	0	0	0	0	0	0	0	-0.933904	-0.011504	0.0176489	0	0	0.00456476	0.0100682	0	0	0.0772483	-0.00656905	0.144666
2018-08-12 00:00:00	-12.099	3.34493	3.14989	0	0.0772155	0	0.00153944	0	0	0	0	0	0	0	4.08434	-0.0114981	0.0176408	0	0	0.00583624	0.0113543	0	0	0.0770401	-0.00660565	-1.34728
2018-08-13 00:00:00	-0.722445	-2.02496	2.91287	0	-0.00846933	0	0.000718944	0	0	0	0	0	0	0	-0.287267	-0.0114953	0.0176306	0	0	0.00722271	0.0126487	0	0	0.0769913	-0.00679992	-0.0333592
2018-08-14 00:00:00	-3.63158	0.435394	3.14629	0	0.0179697	0	0.000576883	0	0	0	0	0	0	0	-0.119391	-0.0114868	0.017602	0	0	0.0073839	0.012645	0	0	0.0767403	-0.00680302	-0.054657
2018-08-15 00:00:00	-1.607	-0.73712	3.16826	0	-0.0138806	0	0.0002105	0	0	0	0	0	0	0	-0.678029	-0.0114745	0.0175793	0	0	0.00704661	0.0125147	0	0	0.0764461	-0.00678341	0.227767
2018-08-16 00:00:00	-0.951535	-0.325984	2.83628	0	-0.0349723	0	3.81045E-05	0	0	0	0	0	0	0	-1.24599	-0.01146	0.0175447	0	0	0.00617791	0.0119045	0	0	0.0761788	-0.00673655	0.371448
2018-08-17 00:00:00	-1.35064	-0.242681	2.78537	0	-0.0223509	0	5.02817E-07	0	0	0	0	0	0	0	-0.755631	-0.0114402	0.0175143	0	0	0.00560314	0.0112865	0	0	0.0758694	-0.0066747	0.506226
2018-08-18 00:00:00	-2.91885	0.24802	2.77905	0	0.0611051	0	0.000523191	0	0	0	0	0	0	0	-0.369156	-0.0114326	0.0175035	0	0	0.00583041	0.0113014	0	0	0.0755938	-0.00662612	-0.107133
2018-08-19 00:00:00	-12.7262	2.96081	2.89345	0	0.211665	0	0.00379818	0	0.000106401	0	0	0	0	0	4.93236	-0.0114331	0.0174991	0	0	0.00729043	0.0124836	0	0	0.0752981	-0.00669372	-1.62961
2018-08-20 00:00:00	-0.181525	-2.2875	2.74797	0	-0.0320671	0	0.00129414	0	6.21683E-05	0	0	0	0	0	-0.485655	-0.0114363	0.0174908	0	0	0.00935678	0.0141771	0	0	0.0753883	-0.00691397	-0.139364
2018-08-21 00:00:00	-0.43789	-0.470013	2.94767	0	-0.143592	0	6.70496E-06	0	0	0	0	0	0	0	-1.48507	-0.0114268	0.017461	0	0	0.0083539	0.0135254	0	0	0.0751827	-0.00687165	0.507343
2018-08-22 00:00:00	-5.08524	2.0064	2.83482	0	0.0787776	0	0.000361863	0	3.48982E-05	0	0	0	0	0	0.0223048	-0.0114155	0.0174301	0	0	0.00782981	0.0128804	0	0	0.0749918	-0.00678111	-0.0476089
2018-08-23 00:00:00	-4.31523	0.58322	2.59383	0	0.0434061	0	0.00112824	0	6.01489E-05	0	0	0	0	0	0.786664	-0.0114146	0.0174171	0	0	0.00813799	0.013078	0	0	0.0746302	-0.00676928	-0.211848
2018-08-24 00:00:00	-1.52155	-0.991677	2.51052	0	-0.00803356	-1.41968E-05	0.000613015	0	4.4167E-05	0	0	0	0	0	-0.0724533	-0.0114065	0.0173964	0	0	0.0086178	0.0133677	0	0	0.0744733	-0.00681176	0.0130882
2018-08-25 00:00:00	-0.152435	-1.51159	2.6309	0	-0.0594759	-1.13752E-05	0.000379105	0	4.19371E-05	0	0	0	0	0	-0.822474	-0.0113969	0.017376	0	0	0.00840756	0.0132064	0	0	0.0742007	-0.00679336	0.180335
2018-08-26 00:00:00	-3.45977	0.908795	2.46289	0	0.0613178	-3.17424E-06	0.000252032	0	5.29413E-05	0	0	0	0	0	-0.0123881	-0.0113819	0.0173441	0	0	0.00807726	0.0129304	0	0	0.074002	-0.00674352	0.0553785
2018-08-27 00:00:00	-4.17525	0.623097	2.62959	0	-0.0098637	-6.01899E-05	0.00217602	0	9.26812E-05	0	0	0	0	0	0.533124	-0.0113768	0.0173402	0	0	0.00845711	0.0132189	0	0	0.0736821	-0.00673306	-0.302507
2018-08-28 00:00:00	-0.181525	-1.58282	2.58797	0	-0.0359082	-3.49807E-05	0.000928068	0	3.94673E-05	0	0	0	0	0	-0.709158	-0.0113652	0.0173218	0	0	0.00910509	0.013668	0	0	0.0735401	-0.00679105	0.174966
2018-08-29 00:00:00	-0.0669801	-0.441804	2.40925	0	-0.0668649	0	4.97152E-05	0	2.99184E-05	0	0	0	0	0	-1.48082	-0.0113477	0.0172962	0	0	0.00833025	0.0132223	0	0	0.0733542	-0.00676139	0.446951
2018-08-30 00:00:00	-0.866081	-0.199018	2.5962	0	-0.00695953	0	7.18543E-05	0	1.43304E-05	0	0	0	0	0	-1.21111	-0.0113324	0.0172603	0	0	0.00703087	0.0121313	0	0	0.0731912	-0.00667841	0.404717
2018-08-31 00:00:00	-0.26698	-0.223011	2.77204	0	-0.103734	0	6.4253E-06	0	1.55704E-05	0	0	0	0	0	-1.71307	-0.0113187	0.0172109	0	0	0.00583717	0.0111425	0	0	0.0729436	-0.00660079	0.55448
2018-09-01 00:00:00	-0.0669801	-0.112938	2.32244	0	-0.0176801	0	0	0	0	0	0	0	0	0	-2.02051	-0.0113096	0.0171924	0	0	0.00481963	0.010315	0	0	0.0727636	-0.00649256	0.191615
2018-09-02 00:00:00	-0.351535	-0.00855689	2.37872	0	-0.00578681	0	0	0	0	0	0	0	0	0	-1.81832	-0.0112906	0.0171664	0	0	0.00415765	0.00973398	0	0	0.072432	-0.00639075	0.280336
2018-09-03 00:00:00	-12.8523	3.85307	2.27054	0	0.336918	-7.01954E-06	0.00162789	0	6.91508E-05	0	0	0	0	0	4.79084	-0.0112906	0.0171675	0	0	0.00647666	0.0116012	0	0	0.0720888	-0.0063614	-1.50954
2018-09-04 00:00:00	-0.152435	-1.89664	2.17405	0	-0.0321933	-3.59222E-05	0.00114778	0	0.000158845	0	0	0	0	0	-0.230489	-0.0112816	0.0171534	0	0	0.00816629	0.0128708	0	0	0.0722821	-0.00663872	-0.0438786
2018-09-05 00:00:00	-0.26698	-0.916471	2.75032	0	-0.096862	-1.59963E-06	0.000149659	0	0.000192532	0	0	0	0	0	-1.26362	-0.0112739	0.0171258	0	0	0.00788284	0.0127139	0	0	0.0722136	-0.00664101	0.298742
2018-09-06 00:00:00	-3.22888	1.19484	1.94144	0	0.0276831	-8.1913E-06	0.000515244	0	0.00043248	0	0	0	0	0	0.0529515	-0.0112637	0.0170996	0	0	0.00747298	0.0123115	0	0	0.0720528	-0.00658498	0.0800661
2018-09-07 00:00:00	-1.46336	-0.659523	2.14437	0	0.00696952	-2.57691E-05	0.000729958	0	0.000620929	0	0	0	0	0	-0.0804546	-0.0112562	0.0170773	0	0	0.00776497	0.0123252	0	0	0.0718243	-0.00658557	0.0404686
2018-09-08 00:00:00	-0.608808	-0.627821	2.08538	0	-0.0437641	-1.14124E-06	0.00034775	0	0.000462315	0	0	0	0	0	-0.733555	-0.0112477	0.0170516	0	0	0.00753842	0.0122278	0	0	0.0716265	-0.00657073	0.162871
2018-09-09 00:00:00	-4.96618	2.35036	2.31275	0	0.0242996	-1.76651E-05	0.000709952	0	0.000686333	0	0	0	0	0	0.179207	-0.0112375	0.0170244	0	0	0.00744442	0.0120824	0	0	0.0714795	-0.00654511	-0.00793204
2018-09-10 00:00:00	-11.3986	0.997247	2.10124	0	0.290283	-0.000151886	0.0222769	0	0.00440035	0	0	0	0	0	5.93956	-0.0112442	0.0170244	0	0	0.0100269	0.014078	0	0	0.071579	-0.00679459	-1.94911
2018-09-11 00:00:00	-2.88614	-0.00547339	2.20828	0	-0.0346944	-5.38149E-05	0.00557043	0	0.00308321	0	0	0	0	0	0.12915	-0.0112488	0.0170231	0	0	0.0128416	0.016212	0	0	0.0719754	-0.00701717	-0.480491
2018-09-12 00:00:00	-1.54883	-0.491692	2.05733	0	-0.00454905	-3.1576E-05	0.00116553	0	0.00351894	0	0	0	0	0	-0.196458	-0.0112426	0.0170094	0	0	0.0126556	0.0159436	0	0	0.0720646	-0.00692342	-0.0800323
2018-09-13 00:00:00	-1.54883	-0.482538	2.05807	0	0.00565741	-2.68807E-05	0.000812149	0	0.00568877	0	0	0	0	0	-0.166583	-0.0112364	0.0169886	0	0	0.0122521	0.0154423	0	0	0.0720187	-0.00687842	-0.0291609
2018-09-14 00:00:00	-7.04622	1.03193	1.89966	0	0.0650745	-7.23482E-05	0.0200071	0	0.0226508	0	0	0	0	0	2.95889	-0.0112362	0.0169842	0	0	0.0128084	0.01603	0	0	0.0719494	-0.00700784	-0.948552
2018-09-15 00:00:00	-1.17882	-0.569908	1.77538	0	-0.0226684	-4.23369E-05	0.00303847	0	0.0243302	0	0	0	0	0	-0.326901	-0.0112349	0.0169713	0	0	0.0138304	0.0166288	0	0	0.0720304	-0.00706144	-0.194421
2018-09-16 00:00:00	-1.77611	-0.311125	2.09909	0	-0.0133708	-2.41451E-05	0.00141344	0	0.0151292	0	0	0	0	0	-0.106474	-0.0112301	0.0169516	0	0	0.0133615	0.0160906	0	0	0.0719992	-0.0069543	0.00874974
2018-09-17 00:00:00	-0.408808	-1.43343	1.99005	0	-0.00748441	-2.92119E-05	0.00148064	0	0.0120037	0	0	0	0	0	-0.256648	-0.0112226	0.0169318	0	0	0.0129306	0.0155971	0	0	0.0718201	-0.00690016	-0.00371485
2018-09-18 00:00:00	-5.36618	2.19744	2.19824	0	0.0325203	-2.61975E-05	0.00280034	0	0.0164016	0	0	0	0	0	0.62653	-0.0112206	0.0169137	0	0	0.0126076	0.0153262	0	0	0.0716104	-0.00690587	-0.193948
2018-09-19 00:00:00	-11.7986	0.21071	1.94361	0	0.127565	-0.000167078	0.0531582	0	0.0715959	0	0	0	0	0	6.81136	-0.0112374	0.01693	0	0	0.0157933	0.0179465	0	0	0.0714707	-0.00781542	-2.47771
2018-09-20 00:00:00	-1.77611	-0.124237	1.82394	0	-0.0507508	-0.000817216	0.00548221	0	0.0483488	0	0	0	0	0	-0.447435	-0.011253	0.0169348	0	0	0.0185559	0.0196628	0	0	0.0717885	-0.00800034	-0.413893
2018-09-21 00:00:00	-3.65615	0.138581	1.66832	0	0.027489	-0.00110213	0.0120234	0	0.0400846	0	0	0	0	0	1.12808	-0.011253	0.0169263	0	0	0.0180691	0.0192879	0	0	0.0719692	-0.00757897	-0.535257
2018-09-22 00:00:00	-0.408808	-1.10231	1.58026	0	-0.0147191	-0.000696533	0.00327119	0	0.0288071	0	0	0	0	0	-0.338146	-0.0112496	0.0169089	0	0	0.0175674	0.0187545	0	0	0.0721697	-0.00762795	-0.145822
2018-09-23 00:00:00	-0.238798	-1.35882	1.72765	0	-0.0021275	-0.000677703	0.00252333	0	0.0199138	0	0	0	0	0	-0.247676	-0.0112409	0.0168918	0	0	0.0165835	0.0178792	0	0	0.0722937	-0.00726959	0.00712349
2018-09-24 00:00:00	-0.808808	-0.354523	1.5749	0	-0.0633122	-0.000525974	0.00179675	0	0.0211021	0	0	0	0	0	-0.365317	-0.011234	0.0168701	0	0	0.0155703	0.0171031	0	0	0.0722584	-0.00717297	0.108706
2018-09-25 00:00:00	-0.408808	-0.208006	1.52105	0	-0.0312866	-8.6692E-05	0.000323932	0	0.0081743	0	0	0	0	0	-0.803295	-0.0112221	0.016838	0	0	0.0136668	0.0159491	0	0	0.0722193	-0.00707269	0.178446
2018-09-26 00:00:00	-2.71613	0.740642	1.90726	0	-0.0114024	-0.000600963	0.00257142	0	0.0148997	0	0	0	0	0	-0.0296752	-0.0112128	0.0168056	0	0	0.0133421	0.015652	0	0	0.0720532	-0.00698486	0.00721788
2018-09-27 00:00:00	-0.408808	-0.773165	1.68107	0	-0.0466608	-0.000261117	0.00138373	0	0.0154969	0	0	0	0	0	-0.435479	-0.0112051	0.0167867	0	0	0.0127502	0.0152038	0	0	0.071912	-0.00696538	0.132057
2018-09-28 00:00:00	-0.238798	-0.20177	1.50112	0	-0.0615213	-1.11062E-05	0.000125538	0	0.0084279	0	0	0	0	0	-0.778063	-0.0111917	0.0167404	0	0	0.0112281	0.0141566	0	0	0.071863	-0.00690843	0.325396
2018-09-29 00:00:00	-0.238798	-0.193245	1.43907	0	-0.070148	-2.89427E-05	0.000683266	0	0.0023815	0	0	0	0	0	-0.782471	-0.0111818	0.0167217	0	0	0.0105349	0.0136888	0	0	0.0717283	-0.00678473	0.252155
2018-09-30 00:00:00	-0.608808	-0.133302	1.47281	0	-0.0493552	0	5.75463E-05	0	0.0031817	0	0	0	0	0	-0.336367	-0.0111684	0.0166862	0	0	0.00961922	0.0129995	0	0	0.0716091	-0.00675384	0.441211
2018-10-01 00:00:00	-1.67194	0.30142	1.33877	0	0.054422	-0.000142091	0.000970463	0	0.00118991	0	0	0	0	0	-0.188131	-0.0111506	0.0166717	0	0	0.00974003	0.0129575	0	0	0.0714942	-0.00665638	-0.0703835
2018-10-02 00:00:00	-0.279599	-0.430179	1.51197	0	0.0144146	-0.000358744	0.00190991	0	0.00951626	0	0	0	0	0	-0.731102	-0.0111447	0.0166588	0	0	0.00943223	0.012822	0	0	0.0710985	-0.00667082	0.188763
2018-10-03 00:00:00	-0.279599	-0.184209	1.41266	0	-0.0200261	-7.15799E-05	0.000447289	0	0.0111429	0	0	0	0	0	-0.780738	-0.0111297	0.0166182	0	0	0.00863156	0.0122484	0	0	0.0709757	-0.00671153	0.250234
2018-10-04 00:00:00	-2.49922	0.905493	1.50952	0	-0.011471	-0.000190076	0.000712698	0	0.00604552	0	0	0	0	0	0.286098	-0.0110975	0.0165875	0	0	0.00889661	0.0123789	0	0	0.0708385	-0.00660243	0.287987
2018-10-05 00:00:00	-0.279599	-0.824666	1.21536	0	0.0428396	-0.000602429	0.00291364	0	0.00952789	0	0	0	0	0	-0.333517	-0.0110865	0.0165872	0	0	0.00906927	0.0124243	0	0	0.0706343	-0.00658465	-0.0767031
2018-10-06 00:00:00	-0.0795993	-0.203416	1.04583	0	-0.0330484	-0.000110108	0.000576635	0	0.0132662	0	0	0	0	0	-0.634453	-0.0110755	0.0165722	0	0	0.00884417	0.0123785	0	0	0.0704141	-0.00668209	0.1995
2018-10-07 00:00:00	-2.09922	0.687141	1.34842	0	0.0137003	-0.00019819	0.000867078	0	0.00687558	0	0	0	0	0	0.145343	-0.0110605	0.0165471	0	0	0.00902906	0.012369	0	0	0.070338	-0.00660589	0.193545
2018-10-08 00:00:00	-4.91118	2.38627	1.3044	0	0.0721579	-0.000900753	0.00458717	0	0.0203542	0	0	0	0	0	0.64162	-0.0110482	0.0165195	0	0	0.00940664	0.012605	0	0	0.0701137	-0.00662624	-0.391719
2018-10-09 00:00:00	-2.09922	0.164192	1.1064	0	-0.00329429	-0.000759494	0.00402886	0	0.0341116	0	0	0	0	0	0.546508	-0.0110469	0.0165102	0	0	0.0108435	0.0136461	0	0	0.0700753	-0.00689901	-0.154906
2018-10-10 00:00:00	-0.0795994	-1.29212	1.45697	0	0.00307322	-0.000639831	0.00349506	0	0.020472	0	0	0	0	0	-0.227734	-0.0110409	0.016479	0	0	0.0112691	0.0138631	0	0	0.0702068	-0.00684864	-0.0221537
2018-10-11 00:00:00	-2.09922	0.696041	1.34645	0	0.00974935	-0.000689501	0.00342357	0	0.019161	0	0	0	0	0	-0.0739442	-0.0110311	0.0164559	0	0	0.0112914	0.013754	0	0	0.0702817	-0.00681736	-0.00508826
2018-10-12 00:00:00	-8.75312	1.257	1.23519	0	0.330276	-0.00303442	0.0205315	0	0.0904367	0	0	0	0	0	4.26185	-0.0110439	0.0164628	0	0	0.0140425	0.0158961	0	0	0.070476	-0.0073935	-1.46244
2018-10-13 00:00:00	-8.28967	0.107135	1.01184	0	0.040271	-0.00376537	0.0590612	0	0.113376	0	0	0	0	0	4.81268	-0.0110659	0.0164685	0	0	0.0177298	0.0184156	0	0	0.0706441	-0.0103475	-2.04723
2018-10-14 00:00:00	-0.0223267	-1.04211	1.12945	0	-0.0808411	-0.00170267	0.0078161	0	0.0572598	0	0	0	0	0	-0.545545	-0.011076	0.0164521	0	0	0.0177656	0.0182668	0	0	0.0713087	-0.00955629	-0.394847
2018-10-15 00:00:00	-0.222327	-0.807227	1.08667	0	0.00160478	-0.0012291	0.00478574	0	0.0337713	0	0	0	0	0	-0.305078	-0.0110706	0.0164264	0	0	0.0167878	0.01745	0	0	0.0717567	-0.00778706	-0.105465
2018-10-16 00:00:00	-0.506882	-0.545357	1.08996	0	0.0287634	-0.0010355	0.00433268	0	0.0281105	0	0	0	0	0	-0.276073	-0.0110596	0.0164016	0	0	0.015929	0.0167241	0	0	0.0717283	-0.00759529	-0.0760502
2018-10-17 00:00:00	-0.136872	-0.453329	1.10533	0	-0.0807823	-0.00122112	0.00429841	0	0.0382655	0	0	0	0	0	-0.418281	-0.0110548	0.0163768	0	0	0.0151853	0.0162638	0	0	0.0716117	-0.00761924	0.158168
2018-10-18 00:00:00	-0.222327	-0.126334	0.888629	0	-0.0762361	-0.000274019	0.000635819	0	0.0119293	0	0	0	0	0	-0.297743	-0.0110413	0.0163411	0	0	0.0136663	0.0153622	0	0	0.0716514	-0.00737547	0.276884
2018-10-19 00:00:00	-0.222327	-0.106732	0.893737	0	0.0236297	-0.000718807	0.00282468	0	0.00786318	0	0	0	0	0	-0.666127	-0.0110353	0.0163108	0	0	0.0130366	0.0149407	0	0	0.071524	-0.00713765	0.0297887
2018-10-20 00:00:00	-0.222327	-0.133758	1.08943	0	-0.0682798	-0.000552529	0.00171414	0	0.0185282	0	0	0	0	0	-0.59476	-0.0110262	0.0162881	0	0	0.0120692	0.0142225	0	0	0.0713281	-0.00727436	0.185604
2018-10-21 00:00:00	-0.792337	-0.0233075	1.01332	0	-0.0220652	-0.0005687	0.00164793	0	0.0131057	0	0	0	0	0	-0.0834295	-0.011018	0.0162646	0	0	0.0115292	0.0138159	0	0	0.0712499	-0.00710883	0.201094
2018-10-22 00:00:00	-0.136872	-0.122573	0.883772	0	0.0132855	-0.000205325	0.000617232	0	0.00680874	0	0	0	0	0	-0.643293	-0.0110043	0.0162374	0	0	0.0109535	0.0133656	0	0	0.0711694	-0.00699293	0.095269
2018-10-23 00:00:00	-0.0223267	-0.143056	0.930493	0	-0.103761	-0.000758981	0.00268579	0	0.0157513	0	0	0	0	0	-0.579132	-0.0109919	0.0162221	0	0	0.0105043	0.0130236	0	0	0.0709556	-0.00702528	0.192583
2018-10-24 00:00:00	-0.0223267	-0.127843	0.826067	0	-0.0519652	-0.000126101	8.12043E-05	0	0.00567334	0	0	0	0	0	-0.374938	-0.0109837	0.0161796	0	0	0.00976003	0.0124862	0	0	0.0708881	-0.00696342	0.345989
2018-10-25 00:00:00	-2.78377	1.69252	0.958327	0	0.0882303	-0.000968035	0.0038207	0	0.0124371	0	0	0	0	0	-0.158309	-0.0109805	0.0161717	0	0	0.00984627	0.0124818	0	0	0.0707375	-0.00682835	-0.0962915
2018-10-26 00:00:00	-0.136872	-0.549204	0.717253	0	0.0144501	-0.000839338	0.0034456	0	0.0258245	0	0	0	0	0	-0.0925441	-0.0109654	0.0161353	0	0	0.0102072	0.0125821	0	0	0.070545	-0.00704636	0.0729716
2018-10-27 00:00:00	-2.09922	1.2974	0.674173	0	0.00562252	-0.00105422	0.0039619	0	0.0276208	0	0	0	0	0	-0.0549856	-0.010956	0.0161197	0	0	0.0104475	0.012649	0	0	0.070425	-0.00699541	-0.0547906
2018-10-28 00:00:00	-0.278691	-0.286186	0.571068	0	-0.0136437	-0.000893068	0.00335494	0	0.0236798	0	0	0	0	0	-0.0450459	-0.0109486	0.0160905	0	0	0.0106976	0.0127137	0	0	0.0703143	-0.00697762	0.0655328
2018-10-29 00:00:00	-0.222327	-0.313622	0.551699	0	-0.0150632	-0.000625248	0.00225432	0	0.0194919	0	0	0	0	0	0.0499584	-0.0109381	0.0160538	0	0	0.0110245	0.0127716	0	0	0.0702324	-0.00694216	0.163968
2018-10-30 00:00:00	-0.848701	0.195089	0.570668	0	0.0283161	-0.00131266	0.005388	0	0.0276235	0	0	0	0	0	-0.210508	-0.0109251	0.0160273	0	0	0.011147	0.0127952	0	0	0.0700647	-0.00695787	-0.141286
2018-10-31 00:00:00	-2.15558	0.816271	0.627066	0	0.0271467	-0.000681765	0.00242751	0	0.0235694	0	0	0	0	0	0.556779	-0.0109126	0.0159927	0	0	0.011484	0.0130282	0	0	0.0699929	-0.00706146	-0.0104803
2018-11-01 00:00:00	-9.7062	0.630373	0.58207	0	0.40186	-0.00619905	0.0465524	0	0.157089	0	0	0	0	0	5.59654	-0.0109308	0.0160141	0	0	0.0166063	0.0159081	0	0	0.0698799	-0.00876277	-2.1992
2018-11-02 00:00:00	-0.441742	-0.266008	0.594096	0	-0.117728	-0.00274451	0.0128552	0	0.10282	0	0	0	0	0	-0.362881	-0.0109482	0.0160044	0	0	0.0205499	0.0180682	0	0	0.0703167	-0.00993718	-0.377278
2018-11-03 00:00:00	-1.09721	-0.0320033	0.831488	0	-0.00484696	-0.00188962	0.00814467	0	0.0546195	0	0	0	0	0	0.0276977	-0.0109524	0.0159746	0	0	0.0193652	0.0173457	0	0	0.0707838	-0.00830034	-0.10978
2018-11-04 00:00:00	-0.356287	-0.417013	0.767619	0	-0.000672728	-0.00171792	0.00734843	0	0.0445625	0	0	0	0	0	-0.186175	-0.0109511	0.0159494	0	0	0.0183257	0.016701	0	0	0.0709164	-0.00812732	-0.0395217
2018-11-05 00:00:00	-1.29631	0.309103	0.697166	0	0.0247463	-0.00190292	0.00798423	0	0.0446225	0	0	0	0	0	0.0594156	-0.0109522	0.0159237	0	0	0.0174352	0.0161428	0	0	0.0709655	-0.00804993	-0.0537069
2018-11-06 00:00:00	-0.356287	-0.413778	0.74567	0	-0.0101017	-0.00121147	0.00489894	0	0.0428623	0	0	0	0	0	-0.215263	-0.0109342	0.0159158	0	0	0.016584	0.0155971	0	0	0.0709605	-0.00825639	-0.103343
2018-11-07 00:00:00	-2.00995	0.700391	0.695303	0	0.00960226	-0.00210237	0.00848561	0	0.0456202	0	0	0	0	0	0.411431	-0.0109262	0.0158728	0	0	0.0161323	0.0153883	0	0	0.071067	-0.00806344	-0.0417509
2018-11-08 00:00:00	-3.04217	0.0206616	0.578265	0	0.0501051	-0.00303833	0.0234528	0	0.0753988	0	0	0	0	0	1.56501	-0.0109313	0.0158808	0	0	0.0165668	0.0158062	0	0	0.0710322	-0.00901082	-0.632972
2018-11-09 00:00:00	-8.13214	-0.00409836	0.546962	0	0.127196	-0.00776468	0.0704517	0	0.227525	0	0	0	0	0	4.97653	-0.0109501	0.0159071	0	0	0.0210524	0.01838	0	0	0.0711234	-0.0113327	-2.09116
2018-11-10 00:00:00	-6.3612	-0.0159478	0.618165	0	0.0274075	-0.00810193	0.0611231	0	0.228154	0	0	0	0	0	3.3544	-0.0109706	0.0159492	0	0	0.0267362	0.0215168	0	0	0.0716765	-0.0130171	-1.9841
2018-11-11 00:00:00	-1.09721	-0.0211987	0.585178	0	-0.0907388	-0.00458362	0.0181742	0	0.131115	0	0	0	0	0	-0.14985	-0.0109869	0.0159508	0	0	0.0268747	0.0215339	0	0	0.0724441	-0.0120138	-0.515308
2018-11-12 00:00:00	-4.86858	-0.00938501	0.562231	0	0.105062	-0.00775313	0.0477426	0	0.198867	0	0	0	0	0	2.58581	-0.011003	0.0159566	0	0	0.0285215	0.0222948	0	0	0.0728157	-0.0113388	-1.26876
2018-11-13 00:00:00	-1.61085	-0.00864781	0.59931	0	-0.0153755	-0.00533971	0.0230744	0	0.141873	0	0	0	0	0	0.248089	-0.0110114	0.0159538	0	0	0.0293163	0.0225658	0	0	0.0731377	-0.0116046	-0.509512
2018-11-14 00:00:00	-2.0158	-0.0136677	0.622164	0	0.0117615	-0.00515974	0.0225842	0	0.121127	0	0	0	0	0	0.659238	-0.0110149	0.0159386	0	0	0.0278455	0.021724	0	0	0.0734115	-0.0112174	-0.481064
2018-11-15 00:00:00	-0.498106	-0.366919	0.634376	0	-0.0761916	-0.00344017	0.0105811	0	0.0886649	0	0	0	0	0	-0.0597025	-0.0110145	0.0159185	0	0	0.0258045	0.0205374	0	0	0.0736598	-0.0108675	-0.156699
2018-11-16 00:00:00	-0.270832	-0.310458	0.57404	0	0.00450382	-0.00314283	0.0101927	0	0.0667973	0	0	0	0	0	-0.247448	-0.0110144	0.01588	0	0	0.0240668	0.0195236	0	0	0.0738883	-0.00973561	-0.0637385
2018-11-17 00:00:00	-0.241742	-0.275697	0.427453	0	0.00449185	-0.00263059	0.00859332	0	0.0523167	0	0	0	0	0	-0.0911092	-0.0110091	0.0158654	0	0	0.0223347	0.0184891	0	0	0.0740356	-0.00908739	-0.0076951
2018-11-18 00:00:00	-0.356287	-0.135772	0.381432	0	-0.0109696	-0.00239409	0.0074207	0	0.0523008	0	0	0	0	0	-0.0478585	-0.0110048	0.015845	0	0	0.0209373	0.017664	0	0	0.0740449	-0.00907034	-0.00371157
2018-11-19 00:00:00	-1.58176	0.637563	0.44718	0	0.0204115	-0.00278759	0.00781199	0	0.0500054	0	0	0	0	0	0.182539	-0.011016	0.0157878	0	0	0.0197475	0.0169667	0	0	0.0740386	-0.00917051	-0.132684
2018-11-20 00:00:00	-6.04354	0.368815	0.404374	0	0.157635	-0.00767289	0.0497532	0	0.176242	0	0	0	0	0	3.3815	-0.0110278	0.0158066	0	0	0.0222316	0.0183174	0	0	0.0737781	-0.0113307	-1.40512
2018-11-21 00:00:00	-14.3922	-0.0129999	0.411108	0	0.246034	-0.0218216	0.145163	0	0.587912	0	0	0	0	0	8.7996	-0.0110814	0.0158836	0	0	0.0393539	0.0251967	0	0	0.073722	-0.0155736	-4.10966
2018-11-22 00:00:00	-1.09721	-0.0131687	0.3324	0	-0.149869	-0.00978371	0.0357087	0	0.266791	0	0	0	0	0	-0.339353	-0.0111057	0.0159162	0	0	0.0505936	0.029075	0	0	0.0756474	-0.0142283	-0.828582
2018-11-23 00:00:00	-0.697206	-0.0562772	0.415974	0	-0.0871912	-0.006475	0.020239	0	0.154117	0	0	0	0	0	-0.178472	-0.011099	0.0158969	0	0	0.0452078	0.0267444	0	0	0.0769051	-0.0121192	-0.293756
2018-11-24 00:00:00	-4.58896	0.0223644	0.387506	0	0.167486	-0.0112944	0.0532533	0	0.239852	0	0	0	0	0	2.41885	-0.0111132	0.0159043	0	0	0.043472	0.0260561	0	0	0.0771218	-0.013283	-1.17278
2018-11-25 00:00:00	-1.38266	-0.023294	0.362777	0	-0.0863792	-0.00705972	0.0242149	0	0.173759	0	0	0	0	0	0.268533	-0.0111219	0.0159011	0	0	0.0416161	0.0252657	0	0	0.0774953	-0.0135003	-0.534455
2018-11-26 00:00:00	-0.726297	-0.0157078	0.350244	0	0.0371628	-0.00507075	0.0154898	0	0.110565	0	0	0	0	0	-0.146753	-0.0111172	0.0158863	0	0	0.0377332	0.0235679	0	0	0.0781075	-0.0117678	-0.247957
2018-11-27 00:00:00	-7.78941	-0.0104878	0.370324	0	0.216168	-0.015665	0.0821486	0	0.36132	0	0	0	0	0	4.63404	-0.0111367	0.0159142	0	0	0.0405651	0.0249468	0	0	0.0779116	-0.0149259	-2.01829
2018-11-28 00:00:00	-6.38628	-0.0199092	0.428433	0	0.0469109	-0.0160613	0.0774138	0	0.430732	0	0	0	0	0	3.31921	-0.0111729	0.0159599	0	0	0.0480011	0.0281084	0	0	0.0784947	-0.0163376	-1.97649
2018-11-29 00:00:00	-12.9698	-0.0163576	0.406131	0	0.270179	-0.0275034	0.144737	0	0.752624	0	0	0	0	0	7.44025	-0.0112362	0.0160384	0	0	0.0626117	0.0332212	0	0	0.0792081	-0.0197624	-3.83964
2018-11-30 00:00:00	-9.15943	-0.00998434	0.37619	0	0.12062	-0.0271055	0.124204	0	0.782351	0	0	0	0	0	4.63909	-0.0112979	0.0161369	0	0	0.0778359	0.038549	0	0	0.0812291	-0.0210026	-2.97262
2018-12-01 00:00:00	-0.676892	-0.0218765	0.34699	0	-0.308854	-0.0120601	0.0375163	0	0.366592	0	0	0	0	0	-0.698301	-0.0113253	0.0161803	0	0	0.0767451	0.0381271	0	0	0.0847066	-0.0167264	-0.779179
2018-12-02 00:00:00	-8.82438	-0.0165049	0.362039	0	0.423623	-0.0231813	0.105788	0	0.646794	0	0	0	0	0	4.69151	-0.0113495	0.0162413	0	0	0.0756579	0.0377699	0	0	0.0857296	-0.0189509	-2.44922
2018-12-03 00:00:00	-0.569111	-0.0154021	0.298094	0	-0.259241	-0.0120655	0.0370058	0	0.389136	0	0	0	0	0	-0.528593	-0.0113634	0.0162739	0	0	0.0735238	0.0368723	0	0	0.0877266	-0.0172703	-0.474413
2018-12-04 00:00:00	-0.285455	-0.0359541	0.252423	0	-0.0465434	-0.00745289	0.0219535	0	0.203729	0	0	0	0	0	-0.477898	-0.0113549	0.0162664	0	0	0.0646984	0.0332656	0	0	0.0896749	-0.0138148	-0.196462
2018-12-05 00:00:00	-6.84241	0.00341892	0.264676	0	0.427713	-0.0195204	0.0871591	0	0.540279	0	0	0	0	0	3.63845	-0.0113687	0.0162947	0	0	0.0628474	0.0325781	0	0	0.0896256	-0.0183774	-1.72863
2018-12-06 00:00:00	-1.2469	-0.0184964	0.353822	0	-0.173577	-0.0111069	0.038035	0	0.372578	0	0	0	0	0	0.0710452	-0.0113888	0.0163092	0	0	0.0613398	0.0319832	0	0	0.0911612	-0.017853	-0.44305
2018-12-07 00:00:00	-8.95447	-0.0142766	0.354059	0	0.488171	-0.0283139	0.12606	0	0.864134	0	0	0	0	0	4.84163	-0.0114048	0.0163635	0	0	0.0627581	0.0325594	0	0	0.0913557	-0.0225961	-2.15398
2018-12-08 00:00:00	-2.43654	-0.016161	0.344807	0	-0.195053	-0.0171824	0.0630462	0	0.64476	0	0	0	0	0	0.663087	-0.0114171	0.0164132	0	0	0.0644891	0.0331556	0	0	0.0939285	-0.0212872	-0.773955
2018-12-09 00:00:00	-0.0854547	-0.178508	0.267122	0	-0.125465	-0.008127	0.0257499	0	0.294742	0	0	0	0	0	-0.574811	-0.011417	0.0164192	0	0	0.0586609	0.0307873	0	0	0.0967643	-0.0161799	-0.209717
2018-12-10 00:00:00	-0.2	-0.0301144	0.23144	0	-0.0955166	-0.00619196	0.0195862	0	0.192132	0	0	0	0	0	-0.339925	-0.0114095	0.0164098	0	0	0.0516948	0.0279616	0	0	0.0979396	-0.01387	-0.0598641
2018-12-11 00:00:00	0	-0.287111	0.306745	0	-0.0713864	-0.00493186	0.0170176	0	0.157081	0	0	0	0	0	-0.261803	-0.0114053	0.0163969	0	0	0.046649	0.0259467	0	0	0.098375	-0.01312	0.0184548
2018-12-12 00:00:00	0	-0.289773	0.312592	0	0.0101341	-0.00373666	0.0130804	0	0.099812	0	0	0	0	0	-0.248914	-0.0113997	0.0163803	0	0	0.0416587	0.0239518	0	0	0.0987377	-0.0118595	0.0506644
2018-12-13 00:00:00	0	-0.246123	0.265523	0	-0.065603	-0.00329738	0.0120481	0	0.0962913	0	0	0	0	0	-0.141985	-0.0113932	0.0163601	0	0	0.037408	0.0222403	0	0	0.0989178	-0.0114742	0.0689139
2018-12-14 00:00:00	-0.114545	-0.120078	0.246623	0	-0.0141257	-0.00286381	0.0103931	0	0.0730254	0	0	0	0	0	-0.111626	-0.0113875	0.0163417	0	0	0.0340788	0.0209111	0	0	0.0990391	-0.0107827	0.115003
2018-12-15 00:00:00	-2.69969	0.92738	0.213201	0	0.144259	-0.00561818	0.0260096	0	0.17259	0	0	0	0	0	0.85398	-0.0113869	0.0163461	0	0	0.0333685	0.0206657	0	0	0.0989794	-0.0107237	-0.220636
2018-12-16 00:00:00	-6.85089	0.0714108	0.289912	0	0.50769	-0.0207353	0.0921126	0	0.703036	0	0	0	0	0	3.69458	-0.0113882	0.0163613	0	0	0.0348081	0.0207026	0	0	0.0967599	-0.0213398	-1.37698
2018-12-17 00:00:00	-0.387821	-0.0932086	0.278244	0	-0.336839	-0.00942187	0.0256956	0	0.424174	0	0	0	0	0	-0.151133	-0.0113933	0.0163822	0	0	0.0332384	0.0196328	0	0	0.0976805	-0.0210407	-0.11581
2018-12-18 00:00:00	-3.49444	-0.1045	0.336187	0	0.29092	-0.0144925	0.0541607	0	0.48292	0	0	0	0	0	1.68454	-0.0113753	0.0163814	0	0	0.0316492	0.0187502	0	0	0.0987981	-0.020312	-0.630812
2018-12-19 00:00:00	-0.225475	-0.12101	0.301296	0	-0.240187	-0.00682308	0.0183159	0	0.325309	0	0	0	0	0	-0.269761	-0.0113748	0.0163688	0	0	0.0299953	0.0179728	0	0	0.0999934	-0.018526	-0.0839052
2018-12-20 00:00:00	-1.91813	-0.0671914	0.2736	0	0.15035	-0.00935585	0.0337485	0	0.306969	0	0	0	0	0	0.811541	-0.0113903	0.0163517	0	0	0.0283	0.01736	0	0	0.101067	-0.0175607	-0.284341
2018-12-21 00:00:00	-0.807881	-0.0914849	0.289764	0	-0.0470912	-0.00705546	0.0219044	0	0.2785	0	0	0	0	0	0.1464	-0.0114	0.0163376	0	0	0.0268953	0.0168282	0	0	0.1017	-0.0177392	-0.0843225
2018-12-22 00:00:00	-1.21938	-0.0979063	0.299721	0	0.00494639	-0.0073167	0.0243709	0	0.269052	0	0	0	0	0	0.439536	-0.011395	0.0163184	0	0	0.0257013	0.0163995	0	0	0.102921	-0.0167264	-0.153756
2018-12-23 00:00:00	-0.0854547	-0.160181	0.259465	0	-0.133369	-0.00456649	0.0125956	0	0.18522	0	0	0	0	0	-0.161878	-0.0113834	0.0163132	0	0	0.0244766	0.0160306	0	0	0.104097	-0.0150263	0.0463391
2018-12-24 00:00:00	-0.14002	-0.00746906	0.191989	0	-0.0499288	-0.00322543	0.00898139	0	0.106846	0	0	0	0	0	-0.16343	-0.0113755	0.0162959	0	0	0.0230253	0.0156999	0	0	0.104836	-0.0126956	0.0795286
2018-12-25 00:00:00	-0.14002	-0.0872481	0.301856	0	-0.0535225	-0.0019495	0.00518199	0	0.0728486	0	0	0	0	0	-0.19594	-0.0113667	0.0162761	0	0	0.0214705	0.0153591	0	0	0.105027	-0.0115907	0.0363817
2018-12-26 00:00:00	0	-0.212474	0.302754	0	-0.0738613	-0.00247355	0.0074406	0	0.0674073	0	0	0	0	0	-0.0753256	-0.0113629	0.0162448	0	0	0.0203827	0.0151298	0	0	0.104987	-0.0110728	0.147776
2018-12-27 00:00:00	0	-0.217023	0.310025	0	-0.0365972	-0.0017628	0.00547854	0	0.0501601	0	0	0	0	0	-0.0858842	-0.011356	0.016222	0	0	0.0192984	0.0148955	0	0	0.10491	-0.010495	0.157872
2018-12-28 00:00:00	-0.473276	0.22635	0.306777	0	-0.0496858	-0.0017821	0.00542778	0	0.0497558	0	0	0	0	0	-0.0333465	-0.0113493	0.0161963	0	0	0.0183672	0.0146416	0	0	0.1048	-0.0102109	0.162665
2018-12-29 00:00:00	-4.08992	0.258274	0.316904	0	0.522339	-0.0128209	0.0525353	0	0.323013	0	0	0	0	0	1.97886	-0.0113495	0.0161803	0	0	0.018133	0.014382	0	0	0.103072	-0.0178105	-0.528214
2018-12-30 00:00:00	-0.722427	-0.0175826	0.347823	0	-0.192302	-0.00717786	0.019602	0	0.31255	0	0	0	0	0	0.102628	-0.0113372	0.0161596	0	0	0.0181635	0.0140866	0	0	0.102974	-0.0193931	-0.0362334
2018-12-31 00:00:00	-0.387821	-0.015073	0.289134	0	-0.0722798	-0.00446377	0.0121193	0	0.162799	0	0	0	0	0	-0.0562924	-0.0113275	0.016146	0	0	0.017598	0.0138608	0	0	0.104637	-0.0150513	0.0539852
2019-01-01 00:00:00	-0.627764	-0.0129907	0.325315	0	0.000824239	-0.00466266	0.011461	0	0.131755	0	0	0	0	0	0.084645	-0.0113305	0.0161032	0	0	0.0171887	0.0137352	0	0	0.105025	-0.013873	0.0354318
2019-01-02 00:00:00	0	-0.128705	0.178819	0	-0.0611268	-0.00287004	0.00687722	0	0.0966884	0	0	0	0	0	-0.131199	-0.0113283	0.0160852	0	0	0.0168218	0.0136439	0	0	0.105276	-0.0127054	0.086277
2019-01-03 00:00:00	0	-0.164167	0.243124	0	-0.0580743	-0.00269512	0.00761546	0	0.0772124	0	0	0	0	0	-0.0730835	-0.0113119	0.0160519	0	0	0.0164213	0.0135387	0	0	0.105495	-0.0115565	0.158571
2019-01-04 00:00:00	0	-0.199211	0.295372	0	-0.0748968	-0.00203974	0.00603532	0	0.0568943	0	0	0	0	0	-0.0671627	-0.0113018	0.0160171	0	0	0.015984	0.0134093	0	0	0.105512	-0.0108624	0.14375
2019-01-05 00:00:00	0	-0.189217	0.280486	0	-0.0275848	-0.00201686	0.00624124	0	0.0504562	0	0	0	0	0	-0.0515611	-0.011303	0.015999	0	0	0.0156233	0.0132945	0	0	0.105386	-0.0103944	0.19541
2019-01-06 00:00:00	-1.28774	0.748766	0.341965	0	0.0197727	-0.00271512	0.00818197	0	0.0582711	0	0	0	0	0	0.107468	-0.0112968	0.0159782	0	0	0.0154669	0.0132728	0	0	0.105263	-0.0103451	0.122304
2019-01-07 00:00:00	-1.00319	0.138424	0.370572	0	0.0820592	-0.0044077	0.0108709	0	0.0876052	0	0	0	0	0	0.241204	-0.0112919	0.0159409	0	0	0.015628	0.0133232	0	0	0.104892	-0.0115913	0.050039
2019-01-08 00:00:00	-0.20094	-0.214484	0.283721	0	-0.0404201	-0.00373223	0.00885094	0	0.0949662	0	0	0	0	0	0.0440196	-0.0112802	0.0159219	0	0	0.0157263	0.0133683	0	0	0.104617	-0.0121865	0.0981476
2019-01-09 00:00:00	-0.37095	-0.0539158	0.230843	0	-0.0214569	-0.00400361	0.0093216	0	0.0856808	0	0	0	0	0	0.0951833	-0.0112732	0.0158904	0	0	0.0157064	0.0134024	0	0	0.104501	-0.0119282	0.0970009
2019-01-10 00:00:00	-0.20094	-0.249713	0.345155	0	-0.00742059	-0.00391374	0.0094796	0	0.0860038	0	0	0	0	0	0.0405463	-0.0112696	0.0158601	0	0	0.0156818	0.0134256	0	0	0.104189	-0.0120008	0.145083
2019-01-11 00:00:00	-0.548624	0.0228335	0.327744	0	-0.00991388	-0.00377516	0.00858027	0	0.0793794	0	0	0	0	0	0.104954	-0.0112563	0.015851	0	0	0.0156556	0.0134434	0	0	0.103968	-0.0119123	0.106928
2019-01-12 00:00:00	-2.31818	0.647561	0.367502	0	0.188259	-0.00679927	0.0184429	0	0.149272	0	0	0	0	0	0.698212	-0.0112648	0.0158331	0	0	0.016061	0.0134665	0	0	0.103244	-0.0131617	-0.131555
2019-01-13 00:00:00	-1.99959	0.0307177	0.38065	0	0.0701153	-0.00808786	0.027682	0	0.271326	0	0	0	0	0	0.897591	-0.0112877	0.0157957	0	0	0.0185847	0.0138169	0	0	0.102958	-0.014209	-0.203939
2019-01-14 00:00:00	-0.634078	-0.0229229	0.341465	0	-0.0338447	-0.00533444	0.0161232	0	0.184726	0	0	0	0	0	-0.0134562	-0.0112889	0.0157721	0	0	0.0194097	0.0141744	0	0	0.10334	-0.0136378	-0.0395525
2019-01-15 00:00:00	-0.434078	-0.108489	0.315982	0	-0.122239	-0.00453618	0.0109931	0	0.148471	0	0	0	0	0	0.174249	-0.0112747	0.015752	0	0	0.0187527	0.0140582	0	0	0.103636	-0.0133562	0.107921
2019-01-16 00:00:00	-2.06272	0.107121	0.348609	0	0.242824	-0.00944331	0.0316783	0	0.23348	0	0	0	0	0	0.717034	-0.0112831	0.0157523	0	0	0.0199891	0.0145292	0	0	0.103542	-0.0140084	-0.262895
2019-01-17 00:00:00	-0.0845553	-0.188713	0.276463	0	-0.139024	-0.00487849	0.0166055	0	0.190347	0	0	0	0	0	-0.043105	-0.0112845	0.0157329	0	0	0.0206725	0.0148557	0	0	0.103845	-0.0133156	0.153645
2019-01-18 00:00:00	-0.286395	-0.116288	0.2859	0	-0.013182	-0.00385027	0.0117775	0	0.109646	0	0	0	0	0	0.00354367	-0.0112748	0.0157108	0	0	0.0198842	0.0146407	0	0	0.104369	-0.0119048	0.122577
2019-01-19 00:00:00	0	-0.275453	0.297031	0	-0.106769	-0.0028435	0.00798394	0	0.0911601	0	0	0	0	0	-0.0502105	-0.0112664	0.0156817	0	0	0.0192327	0.0144609	0	0	0.104355	-0.0117806	0.0915826
2019-01-20 00:00:00	0	-0.275235	0.299066	0	0.00328434	-0.00217877	0.00743155	0	0.0477982	0	0	0	0	0	-0.0965317	-0.0112583	0.0156616	0	0	0.0186304	0.0142907	0	0	0.10451	-0.0104613	0.115008
2019-01-21 00:00:00	-3.63992	0.788517	0.276845	0	0.371165	-0.00998021	0.0405109	0	0.242211	0	0	0	0	0	1.42139	-0.0112548	0.0156468	0	0	0.0199457	0.014713	0	0	0.103843	-0.0131867	-0.379555
2019-01-22 00:00:00	-1.11773	-0.0153972	0.312666	0	-0.12367	-0.00871409	0.0293271	0	0.334362	0	0	0	0	0	0.410987	-0.0112471	0.0156507	0	0	0.0219362	0.0154066	0	0	0.103061	-0.0165421	-0.0499084
2019-01-23 00:00:00	-0.0845553	-0.167563	0.256577	0	-0.172841	-0.00316769	0.009971	0	0.154576	0	0	0	0	0	0.012255	-0.0112342	0.0156164	0	0	0.0212067	0.0151687	0	0	0.104214	-0.0136044	0.136619
2019-01-24 00:00:00	-0.946825	0.114393	0.339367	0	0.11649	-0.00615727	0.0207026	0	0.146267	0	0	0	0	0	0.0645832	-0.0112346	0.0156104	0	0	0.0211818	0.0151575	0	0	0.104662	-0.0122089	-0.0180115
2019-01-25 00:00:00	-3.66812	0.0256257	0.45733	0	0.306816	-0.0136207	0.0562471	0	0.443822	0	0	0	0	0	1.7929	-0.0112356	0.0156154	0	0	0.0241395	0.0161682	0	0	0.103895	-0.0158623	-0.466274
2019-01-26 00:00:00	-5.11025	-0.014785	0.46752	0	0.184898	-0.0231184	0.0956888	0	0.90285	0	0	0	0	0	2.56968	-0.011241	0.0156338	0	0	0.0295303	0.0179589	0	0	0.102688	-0.0233712	-0.796312
2019-01-27 00:00:00	0	-0.362176	0.383641	0	-0.278665	-0.0090549	0.0296549	0	0.446987	0	0	0	0	0	-0.306276	-0.0112338	0.0156361	0	0	0.0310311	0.0184535	0	0	0.105944	-0.0196962	0.0442464
2019-01-28 00:00:00	-0.286395	-0.113585	0.317904	0	-0.0567613	-0.00580413	0.0189667	0	0.207482	0	0	0	0	0	-0.121569	-0.0112292	0.0156202	0	0	0.0287533	0.0176926	0	0	0.108881	-0.0147849	0.105172
2019-01-29 00:00:00	-3.58941	0.442397	0.366462	0	0.253458	-0.0151077	0.0566577	0	0.465075	0	0	0	0	0	1.49876	-0.0112361	0.015601	0	0	0.0283725	0.0175317	0	0	0.10837	-0.0187558	-0.38182
2019-01-30 00:00:00	-0.20094	-0.245744	0.329231	0	-0.2666	-0.00810014	0.0243314	0	0.374093	0	0	0	0	0	-0.0914665	-0.0112455	0.0156005	0	0	0.0284728	0.0175599	0	0	0.108823	-0.0187607	0.0552541
2019-01-31 00:00:00	-0.37095	-0.0706268	0.259666	0	-0.0132474	-0.00642336	0.0173742	0	0.188928	0	0	0	0	0	-0.0777116	-0.0112399	0.0155862	0	0	0.0266047	0.0169306	0	0	0.110333	-0.015041	0.0701822
2019-02-01 00:00:00	-0.0893068	-0.221883	0.302569	0	-0.135302	-0.00304623	0.00826455	0	0.124516	0	0	0	0	0	0.00748804	-0.011231	0.0155602	0	0	0.0242935	0.0161328	0	0	0.110895	-0.0136153	0.135336
2019-02-02 00:00:00	-1.2938	0.481639	0.328609	0	0.134781	-0.00739041	0.021566	0	0.156558	0	0	0	0	0	0.0393046	-0.0112268	0.0155534	0	0	0.0237087	0.0159312	0	0	0.110809	-0.0134853	0.0025532
2019-02-03 00:00:00	-2.94585	0.00239748	0.459124	0	0.244505	-0.0125137	0.0523635	0	0.421891	0	0	0	0	0	1.35902	-0.0112257	0.0155461	0	0	0.0240541	0.0159241	0	0	0.109756	-0.0184413	-0.283451
2019-02-04 00:00:00	-1.18106	-0.0206141	0.458941	0	-0.138382	-0.00856965	0.0299442	0	0.377223	0	0	0	0	0	0.311806	-0.0112122	0.0155298	0	0	0.0243862	0.015985	0	0	0.110085	-0.0193958	-0.0353319
2019-02-05 00:00:00	-4.71856	-0.000654906	0.451946	0	0.388274	-0.0199864	0.0859864	0	0.775407	0	0	0	0	0	2.29085	-0.0112196	0.0155374	0	0	0.0269918	0.0168488	0	0	0.109744	-0.0225327	-0.611363
2019-02-06 00:00:00	-0.607899	-0.109442	0.528261	0	-0.353274	-0.00974357	0.0317179	0	0.506483	0	0	0	0	0	-0.0927066	-0.0112173	0.0155343	0	0	0.0281762	0.0172142	0	0	0.111131	-0.0208211	0.0334137
2019-02-07 00:00:00	-1.01105	0.032167	0.481114	0	0.0098877	-0.00746278	0.0256274	0	0.259988	0	0	0	0	0	0.0708566	-0.011206	0.015502	0	0	0.0264058	0.0166259	0	0	0.113071	-0.0171265	0.00440282
2019-02-08 00:00:00	-4.81752	0.0342981	0.592738	0	0.374461	-0.0199343	0.0867633	0	0.796233	0	0	0	0	0	2.20957	-0.0112166	0.0154877	0	0	0.0278945	0.0170105	0	0	0.11134	-0.0235763	-0.606456
2019-02-09 00:00:00	-3.47822	-0.0133804	0.582614	0	-0.0653995	-0.019294	0.07709	0	0.934559	0	0	0	0	0	1.43238	-0.0112426	0.0155252	0	0	0.0315889	0.0181304	0	0	0.111525	-0.0250847	-0.409208
2019-02-10 00:00:00	-0.173862	-0.337218	0.535099	0	-0.255925	-0.00882508	0.0308214	0	0.451676	0	0	0	0	0	-0.27743	-0.0112429	0.0155236	0	0	0.0315022	0.0180716	0	0	0.114449	-0.0196594	0.11298
2019-02-11 00:00:00	-0.174761	-0.299689	0.49689	0	-0.070074	-0.00511048	0.018257	0	0.196218	0	0	0	0	0	-0.22263	-0.0112363	0.015509	0	0	0.0290838	0.0173096	0	0	0.116397	-0.0153782	0.0907847
2019-02-12 00:00:00	-0.543872	-0.141043	0.673442	0	-0.0398728	-0.00331581	0.01169	0	0.12668	0	0	0	0	0	-0.213945	-0.0112278	0.0154852	0	0	0.0266482	0.0165397	0	0	0.116893	-0.0137986	0.0203028
2019-02-13 00:00:00	-0.607	-0.0433182	0.603361	0	-0.0516536	-0.00396181	0.0132292	0	0.117076	0	0	0	0	0	-0.102465	-0.0112237	0.0154616	0	0	0.0249931	0.0160214	0	0	0.116955	-0.0130894	0.0743852
2019-02-14 00:00:00	-0.0893068	-0.286423	0.663463	0	-0.164022	-0.00333162	0.00947246	0	0.103577	0	0	0	0	0	-0.182376	-0.0112197	0.0154477	0	0	0.0234913	0.0156392	0	0	0.116871	-0.0128449	0.198437
2019-02-15 00:00:00	-0.173862	-0.154317	0.699019	0	-0.20339	-0.00185185	0.00388948	0	0.0522597	0	0	0	0	0	-0.129856	-0.0112154	0.0154282	0	0	0.0214437	0.0151813	0	0	0.116996	-0.0115934	0.238133
2019-02-16 00:00:00	-0.259317	-0.0992567	0.710414	0	-0.109128	-0.00155461	0.00354439	0	0.0347634	0	0	0	0	0	-0.223566	-0.0112075	0.0154096	0	0	0.0196458	0.0147236	0	0	0.116797	-0.0108881	0.20038
2019-02-17 00:00:00	-0.522445	-0.0103555	0.738824	0	-0.0477965	-0.00157857	0.00412721	0	0.0315996	0	0	0	0	0	-0.118839	-0.0111989	0.0153611	0	0	0.0181908	0.0141619	0	0	0.116479	-0.0105447	0.215985
2019-02-18 00:00:00	-4.301	1.23568	0.699984	0	0.571625	-0.00695352	0.0222002	0	0.132936	0	0	0	0	0	1.2333	-0.0111888	0.0153526	0	0	0.0189377	0.0139857	0	0	0.115853	-0.0121355	-0.27142
2019-02-19 00:00:00	-2.71361	0.0348396	0.727839	0	0.19668	-0.0116025	0.0473406	0	0.416159	0	0	0	0	0	0.949963	-0.0111864	0.0153518	0	0	0.0220431	0.0143534	0	0	0.114605	-0.0178535	-0.215078
2019-02-20 00:00:00	-1.96098	-0.0141122	0.767881	0	0.00491685	-0.00921609	0.0361959	0	0.385721	0	0	0	0	0	0.479814	-0.0111807	0.0153423	0	0	0.0229679	0.0146582	0	0	0.114654	-0.0189546	-0.172292
2019-02-21 00:00:00	-0.0893068	-0.704869	0.847591	0	-0.203726	-0.00539793	0.0188751	0	0.243718	0	0	0	0	0	-0.117475	-0.0111695	0.0153164	0	0	0.0224189	0.0145629	0	0	0.115782	-0.0162359	0.130084
2019-02-22 00:00:00	-0.0893068	-0.453392	0.901292	0	-0.170128	-0.00239172	0.00726201	0	0.0951408	0	0	0	0	0	-0.257811	-0.0111576	0.0152962	0	0	0.0210076	0.0142903	0	0	0.116727	-0.0129644	0.173866
2019-02-23 00:00:00	-0.259317	-0.154554	0.830148	0	-0.212481	-0.00203356	0.00399949	0	0.0580141	0	0	0	0	0	-0.264749	-0.0111522	0.0152641	0	0	0.0193127	0.0140471	0	0	0.116782	-0.0117624	0.141518
2019-02-24 00:00:00	-0.344771	-0.105888	0.869084	0	-0.123139	-0.00136764	0.00251093	0	0.0322703	0	0	0	0	0	-0.24686	-0.0111404	0.0152321	0	0	0.0175623	0.0137031	0	0	0.116535	-0.0109485	0.222784
2019-02-25 00:00:00	-0.0893068	-0.259517	1.44803	0	-0.469757	-0.00113508	0.0014749	0	0.0288118	0	0	0	0	0	-0.465776	-0.0111249	0.0152065	0	0	0.0158156	0.0129572	0	0	0.116059	-0.0105621	0.331172
2019-02-26 00:00:00	-0.173862	-0.228976	1.51548	0	-0.324855	-0.000485075	0.000570469	0	0.0101714	0	0	0	0	0	-0.511248	-0.011111	0.0151663	0	0	0.0136753	0.0120319	0	0	0.11565	-0.00983225	0.422376
2019-02-27 00:00:00	-0.0893068	-0.141066	1.02402	0	-0.203971	-0.000698528	0.000460905	0	0.012356	0	0	0	0	0	-0.366499	-0.0111009	0.0151437	0	0	0.0123817	0.0114626	0	0	0.115082	-0.00976388	0.368502
2019-02-28 00:00:00	-0.259317	-0.0534503	0.672329	0	0.0369371	-0.00086162	0.00145327	0	0.00979952	0	0	0	0	0	-0.164279	-0.0110899	0.0150982	0	0	0.0118344	0.0112235	0	0	0.114364	-0.00949329	0.374548
2019-03-01 00:00:00	-0.899219	0.0650573	0.844681	0	0.0588539	-0.00144769	0.00315309	0	0.0244774	0	0	0	0	0	0.0165195	-0.0110784	0.0150869	0	0	0.0119777	0.0113055	0	0	0.113383	-0.00961313	0.243137
2019-03-02 00:00:00	-2.55107	1.04476	0.953713	0	0.164792	-0.00209258	0.00539077	0	0.037926	0	0	0	0	0	0.282979	-0.011074	0.0150699	0	0	0.0124006	0.0114804	0	0	0.112643	-0.00969173	0.0672308
2019-03-03 00:00:00	-4.89156	0.653419	0.835716	0	0.766344	-0.00517941	0.0219715	0	0.110119	0	0	0	0	0	1.77584	-0.0110782	0.0150775	0	0	0.0164179	0.0122642	0	0	0.112334	-0.0106266	-0.598935
2019-03-04 00:00:00	-10.763	0.264922	0.82886	0	1.2412	-0.0358261	0.154407	0	1.25851	0	0	0	0	0	5.11962	-0.0110985	0.0151408	0	0	0.0281845	0.0161417	0	0	0.1095	-0.0232853	-1.79672
2019-03-05 00:00:00	-2.57836	-0.0104898	0.815542	0	-0.389467	-0.0215635	0.0812642	0	1.10257	0	0	0	0	0	0.54526	-0.0111199	0.0151926	0	0	0.0373483	0.0190682	0	0	0.110595	-0.0258141	-0.309971
2019-03-06 00:00:00	-11.2176	-0.00789263	0.898116	0	0.592975	-0.0501775	0.223014	0	2.28449	0	0	0	0	0	5.40126	-0.0111453	0.0152724	0	0	0.0501465	0.0223291	0	0	0.11062	-0.0315044	-1.72008
2019-03-07 00:00:00	-5.7452	-0.00236374	0.894222	0	-0.135757	-0.0391734	0.166183	0	1.97243	0	0	0	0	0	2.01818	-0.0111979	0.0153388	0	0	0.0632241	0.0258839	0	0	0.11402	-0.0321079	-0.696325
2019-03-08 00:00:00	-4.9479	-0.0142228	0.782813	0	-0.0503199	-0.0328222	0.142233	0	1.61088	0	0	0	0	0	1.64999	-0.0112347	0.01538	0	0	0.0651878	0.0266555	0	0	0.118018	-0.0305243	-0.675865
2019-03-09 00:00:00	-1.35378	-0.0134787	0.886898	0	-0.318007	-0.0173596	0.0655893	0	0.890521	0	0	0	0	0	-0.315898	-0.0112622	0.0153853	0	0	0.0613826	0.0255785	0	0	0.121986	-0.0250251	0.0125267
2019-03-10 00:00:00	-5.26155	-0.00490396	0.817232	0	0.352099	-0.0282332	0.128337	0	1.26086	0	0	0	0	0	1.9777	-0.0112836	0.0154143	0	0	0.0601263	0.0253219	0	0	0.12257	-0.0268136	-0.573115
2019-03-11 00:00:00	-1.98106	-0.00983637	0.945428	0	-0.244115	-0.0190059	0.0773361	0	0.96622	0	0	0	0	0	0.0825815	-0.0113007	0.0154269	0	0	0.0577445	0.0246418	0	0	0.124115	-0.0262433	0.00193462
2019-03-12 00:00:00	-20.2684	0.00470256	0.985561	0	1.1624	-0.0996623	0.463453	0	4.67496	0	0	0	0	0	10.0211	-0.0113698	0.0155956	0	0	0.091294	0.0337669	0	0	0.119494	-0.0403008	-2.84739
2019-03-13 00:00:00	-4.26586	-0.00731591	1.09434	0	-0.599189	-0.0467636	0.191165	0	2.50493	0	0	0	0	0	0.534158	-0.011422	0.015708	0	0	0.120734	0.0404892	0	0	0.12538	-0.0348973	-0.33854
2019-03-14 00:00:00	-12.9453	-0.00691718	1.10224	0	0.505517	-0.0836266	0.36341	0	3.812	0	0	0	0	0	5.31507	-0.0114682	0.0158452	0	0	0.131188	0.0449475	0	0	0.125406	-0.0393577	-1.671
2019-03-15 00:00:00	-3.88641	0.00153035	1.07034	0	-0.38273	-0.0441119	0.170893	0	2.18115	0	0	0	0	0	0.365537	-0.0114947	0.0159313	0	0	0.136452	0.0471825	0	0	0.130629	-0.0317414	-0.236836
2019-03-16 00:00:00	-18.1827	-0.0100327	0.92457	0	0.833279	-0.124684	0.539965	0	5.52741	0	0	0	0	0	7.90046	-0.0115361	0.0160642	0	0	0.164035	0.0554849	0	0	0.12586	-0.0462019	-2.288
2019-03-17 00:00:00	-0.424593	-0.486098	0.962309	0	-1.0186	-0.0362953	0.134135	0	1.99654	0	0	0	0	0	-1.43899	-0.0115613	0.0161415	0	0	0.173	0.0575635	0	0	0.133418	-0.0342573	0.0227208
2019-03-18 00:00:00	-0.304633	-0.464507	0.977537	0	-0.279194	-0.0222456	0.0804235	0	0.929565	0	0	0	0	0	-1.05695	-0.011558	0.0161285	0	0	0.147679	0.0501234	0	0	0.138137	-0.0255879	0.174918
2019-03-19 00:00:00	-0.620978	-0.23826	1.22049	0	-0.197254	-0.0141337	0.0505	0	0.493699	0	0	0	0	0	-0.807188	-0.01155	0.0161174	0	0	0.126014	0.043944	0	0	0.140288	-0.0213845	0.180308
2019-03-20 00:00:00	-0.415563	-0.224623	1.38012	0	-0.207853	-0.00746103	0.0237291	0	0.236252	0	0	0	0	0	-0.783556	-0.0115441	0.016103	0	0	0.107357	0.0389049	0	0	0.141559	-0.0183793	0.275042
2019-03-21 00:00:00	-1.58286	0.324075	1.43589	0	-0.0291463	-0.00640816	0.0218053	0	0.189476	0	0	0	0	0	-0.373589	-0.0115364	0.0160862	0	0	0.0904964	0.0341022	0	0	0.142234	-0.0169241	0.2337
2019-03-22 00:00:00	-1.95199	0.452105	1.33684	0	-0.0309067	-0.00673057	0.0253537	0	0.215427	0	0	0	0	0	-0.116213	-0.0115323	0.0160736	0	0	0.0793332	0.030809	0	0	0.142281	-0.0168047	0.164053
2019-03-23 00:00:00	0	-0.902538	1.18176	0	-0.21409	-0.00410307	0.0172699	0	0.162911	0	0	0	0	0	-0.234467	-0.0115259	0.0160574	0	0	0.0689149	0.0276485	0	0	0.142665	-0.0152469	0.235258
2019-03-24 00:00:00	-0.443754	-0.137642	1.16041	0	-0.282537	-0.00258326	0.00705364	0	0.0730806	0	0	0	0	0	-0.282684	-0.0115227	0.0160428	0	0	0.0604785	0.0250677	0	0	0.14284	-0.01354	0.310707
2019-03-25 00:00:00	0	-0.184748	1.1207	0	-0.384977	-0.00151015	0.00315133	0	0.0357545	0	0	0	0	0	-0.422185	-0.0115157	0.0160242	0	0	0.051641	0.0224277	0	0	0.142769	-0.012498	0.375035
2019-03-26 00:00:00	-0.0545653	-0.193814	1.26	0	-0.525261	-0.000740499	0.000754286	0	0.0189764	0	0	0	0	0	-0.252238	-0.0115083	0.015992	0	0	0.0412157	0.0193092	0	0	0.142603	-0.011943	0.448777
2019-03-27 00:00:00	0	-0.207386	1.29603	0	-0.220162	-0.000781525	0.000936784	0	0.00972985	0	0	0	0	0	-0.522964	-0.0115056	0.0159862	0	0	0.0370925	0.0181506	0	0	0.141838	-0.0112396	0.545728
2019-03-28 00:00:00	0	-0.201874	1.32884	0	-0.237478	-0.000773078	0.000776171	0	0.0110898	0	0	0	0	0	-0.438862	-0.011496	0.0159647	0	0	0.0311186	0.0164427	0	0	0.141068	-0.0112357	0.643586
2019-03-29 00:00:00	0	-0.127943	1.31027	0	-0.159207	-0.000568246	0.000549576	0	0.00987125	0	0	0	0	0	-0.463452	-0.0114875	0.0159368	0	0	0.0262362	0.0150683	0	0	0.140246	-0.0109094	0.744611
2019-03-30 00:00:00	0	-0.0151768	1.19977	0	-0.0900046	-3.66558E-05	0.000489258	0	0.0048042	0	0	0	0	0	-0.470004	-0.0114775	0.0159068	0	0	0.0220684	0.0139085	0	0	0.139397	-0.0103272	0.799313
2019-03-31 00:00:00	0	0	1.13091	0	-0.0701131	-6.5213E-05	0.00045505	0	0.00281535	0	0	0	0	0	-0.379895	-0.011467	0.0158758	0	0	0.0190099	0.0130507	0	0	0.138489	-0.00985192	0.849211
2019-04-01 00:00:00	-0.210811	0	1.0967	0	-0.165216	-6.76075E-05	0.000306698	0	0.0027891	0	0	0	0	0	-0.0659526	-0.0114585	0.0158535	0	0	0.0169855	0.0124808	0	0	0.13738	-0.00966447	0.819322
2019-04-02 00:00:00	-6.37076	1.70118	1.25793	0	0.676186	-0.00165439	0.00911544	0	0.0311064	0	0	0	0	0	1.40956	-0.0114698	0.0158699	0	0	0.0198097	0.0127633	0	0	0.136075	-0.00961916	-1.1239
2019-04-03 00:00:00	-14.6219	0.859358	1.23981	0	2.61981	-0.0333286	0.148732	0	1.08539	0	0	0	0	0	5.80487	-0.0115153	0.0159363	0	0	0.0362729	0.0172673	0	0	0.133696	-0.0197156	-2.72532
2019-04-04 00:00:00	-5.96395	0.013462	1.35072	0	0.022888	-0.0421185	0.169677	0	1.99701	0	0	0	0	0	1.71235	-0.0115533	0.0159827	0	0	0.0519521	0.0217513	0	0	0.132708	-0.0325366	-0.561662
2019-04-05 00:00:00	0	-1.0626	1.45675	0	-0.753702	-0.0126697	0.0471507	0	0.786048	0	0	0	0	0	-0.650079	-0.0115633	0.0159695	0	0	0.0510585	0.0216779	0	0	0.138066	-0.0238585	0.00225213
2019-04-06 00:00:00	-1.45877	0.123968	1.34038	0	0.0540514	-0.00752697	0.0268417	0	0.276016	0	0	0	0	0	-0.304407	-0.0115597	0.0159527	0	0	0.0448117	0.0202964	0	0	0.14131	-0.0173501	0.244021
2019-04-07 00:00:00	-0.451613	-0.215136	1.08819	0	-0.252106	-0.0042657	0.0183379	0	0.200297	0	0	0	0	0	-0.361916	-0.0115525	0.0159369	0	0	0.0393429	0.0191098	0	0	0.141667	-0.0167151	0.209575
2019-04-08 00:00:00	0	-0.405751	1.48336	0	-0.504127	-0.00223845	0.00526102	0	0.0785676	0	0	0	0	0	-0.51533	-0.0115449	0.0159206	0	0	0.0336704	0.0175722	0	0	0.142239	-0.0141892	0.323408
2019-04-09 00:00:00	0	-0.222314	1.35958	0	-0.49107	-0.0012135	0.00125286	0	0.033187	0	0	0	0	0	-0.502384	-0.0115353	0.0159015	0	0	0.0279832	0.0158659	0	0	0.142124	-0.0123449	0.355029
2019-04-10 00:00:00	-0.17001	-0.242216	1.68839	0	-0.380115	-0.000893642	0.000885846	0	0.018394	0	0	0	0	0	-0.519452	-0.0115225	0.0158751	0	0	0.0227681	0.014259	0	0	0.14163	-0.0115387	0.566457
2019-04-11 00:00:00	0	-0.315178	1.96173	0	-0.671151	-0.00105664	0.000758054	0	0.0172573	0	0	0	0	0	-0.427234	-0.0115106	0.0158523	0	0	0.0185968	0.012932	0	0	0.140831	-0.0112158	0.730616
2019-04-12 00:00:00	0	-0.151146	1.45216	0	-0.0216674	-6.12106E-05	0.000339989	0	0.00651497	0	0	0	0	0	-0.72474	-0.0115045	0.0158414	0	0	0.0161248	0.0121428	0	0	0.139902	-0.010359	0.723552
2019-04-13 00:00:00	0	-0.064934	1.22909	0	-0.100899	-2.86845E-05	0.000359161	0	0.00433796	0	0	0	0	0	-0.347338	-0.0114956	0.0158184	0	0	0.0143526	0.0115711	0	0	0.138671	-0.00984999	0.879656
2019-04-14 00:00:00	0	-0.0183267	1.30829	0	-0.0964867	-9.33796E-06	0.000270634	0	0.00257546	0	0	0	0	0	-0.493889	-0.0114817	0.0157861	0	0	0.0125993	0.010937	0	0	0.137703	-0.00958409	0.858387
2019-04-15 00:00:00	0	0	1.399	0	-0.220212	-5.21463E-07	4.25263E-05	0	0.00136221	0	0	0	0	0	-0.273787	-0.0114704	0.0157608	0	0	0.0113308	0.0104218	0	0	0.136476	-0.00938143	1.05955
2019-04-16 00:00:00	0	0	1.58221	0	-0.0591343	0	4.23613E-05	0	0.00066409	0	0	0	0	0	-0.704686	-0.0114636	0.0157467	0	0	0.0100123	0.00983116	0	0	0.135296	-0.00925114	0.96927
2019-04-17 00:00:00	0	0	1.65966	0	-0.044153	0	9.21117E-05	0	0.00040349	0	0	0	0	0	-0.578334	-0.0114425	0.0157316	0	0	0.00892098	0.0093437	0	0	0.133529	-0.00910683	1.18465
2019-04-18 00:00:00	0	0	2.5723	0	-0.0907343	0	3.26308E-05	0	0.000161019	0	0	0	0	0	-0.940827	-0.0114273	0.0157071	0	0	0.00739667	0.00852228	0	0	0.132054	-0.00898502	1.6842
2019-04-19 00:00:00	0	0	3.63116	0	-0.0925712	0	0	0	0	0	0	0	0	0	-1.38517	-0.0114077	0.0156791	0	0	0.00542932	0.00730985	0	0	0.130016	-0.00883024	2.29161
2019-04-20 00:00:00	0	0	3.30101	0	-0.0348286	0	0	0	0	0	0	0	0	0	-1.20974	-0.0113883	0.0156496	0	0	0.00402648	0.00635802	0	0	0.127928	-0.00863455	2.19039
2019-04-21 00:00:00	0	0	2.12728	0	0.000303552	0	3.03048E-05	0	0	0	0	0	0	0	-0.720389	-0.0113664	0.0156241	0	0	0.00349686	0.00602814	0	0	0.125775	-0.00844564	1.53834
2019-04-22 00:00:00	0	0	3.70389	0	-0.0272576	0	0	0	0	0	0	0	0	0	-1.39579	-0.0113199	0.0155917	0	0	0.00268297	0.00531022	0	0	0.123957	-0.00833546	2.40873
2019-04-23 00:00:00	0	0	1.757	0	0.0071831	0	3.92772E-05	0	0	0	0	0	0	0	-0.547772	-0.011306	0.0155654	0	0	0.00253457	0.00523552	0	0	0.122	-0.00820395	1.34228
2019-04-24 00:00:00	0	0	1.61928	0	0.00554748	0	7.17638E-05	0	0	0	0	0	0	0	-0.548262	-0.0112926	0.0155397	0	0	0.00265653	0.00531907	0	0	0.120288	-0.00812481	1.20102
2019-04-25 00:00:00	-3.31615	0.732183	2.07774	0	0.0490515	0	0.000209305	0	0	0	0	0	0	0	0.29925	-0.0112879	0.0155239	0	0	0.00339235	0.00596416	0	0	0.118517	-0.00806799	-0.0336731
2019-04-26 00:00:00	-2.28686	0.159551	2.04094	0	0.0659956	0	0.000496637	0	0	0	0	0	0	0	0.173725	-0.011284	0.0155115	0	0	0.00400883	0.0064152	0	0	0.117153	-0.00809812	0.277555
2019-04-27 00:00:00	-7.51029	0.818768	1.95306	0	0.174191	-9.35994E-05	0.00145	0	0	0	0	0	0	0	2.25102	-0.0112962	0.0155506	0	0	0.00863983	0.00868671	0	0	0.116472	-0.00821817	-2.18207
2019-04-28 00:00:00	-1.14002	-0.921606	2.16881	0	0.0253667	-6.59602E-05	0.0009573	0	4.50101E-05	0	0	0	0	0	0.0302505	-0.0112974	0.0155562	0	0	0.012342	0.0107797	0	0	0.116094	-0.00852768	0.298689
2019-04-29 00:00:00	-0.05998	-0.596837	2.3613	0	-0.0986672	-2.21842E-06	0.000105871	0	0.000184771	0	0	0	0	0	-0.646796	-0.0112863	0.0155351	0	0	0.0116762	0.0108522	0	0	0.115154	-0.00853222	1.09271
2019-04-30 00:00:00	0	-0.178952	2.26974	0	-0.0268027	0	9.61722E-05	0	0	0	0	0	0	0	-0.952466	-0.0112689	0.0155012	0	0	0.00954459	0.00984025	0	0	0.114272	-0.00845555	1.24105
2019-05-01 00:00:00	-0.759199	-0.00824093	1.88757	0	-0.0664436	0	5.98581E-06	0	0	0	0	0	0	0	-0.163955	-0.011259	0.0154745	0	0	0.00882323	0.00948114	0	0	0.113115	-0.00832093	1.01706
2019-05-02 00:00:00	-0.477596	-0.0050254	1.80868	0	0.0100403	0	6.26437E-05	0	0	0	0	0	0	0	-0.610201	-0.0112494	0.0154576	0	0	0.00829436	0.00912485	0	0	0.112074	-0.00824838	0.851411
2019-05-03 00:00:00	-0.572963	0	1.64113	0	0.0184732	0	0.000166859	0	0	0	0	0	0	0	-0.35948	-0.0112328	0.015426	0	0	0.00802944	0.00895193	0	0	0.110855	-0.00817407	0.85118
2019-05-04 00:00:00	-0.349051	0	1.67125	0	0.00391187	0	0.000168321	0	0	0	0	0	0	0	-0.452148	-0.011212	0.0154045	0	0	0.00788236	0.00886087	0	0	0.109822	-0.00812345	0.996766
2019-05-05 00:00:00	0	0	1.59416	0	-0.0175856	0	0.000100602	0	0	0	0	0	0	0	-0.625176	-0.011199	0.0153612	0	0	0.00735095	0.00851882	0	0	0.108872	-0.00808383	1.07232
2019-05-06 00:00:00	-0.456705	0	1.59065	0	0.0052914	0	0.000144043	0	0	0	0	0	0	0	-0.434296	-0.0111735	0.0153381	0	0	0.00712133	0.00840953	0	0	0.107784	-0.00801429	0.824551
2019-05-07 00:00:00	-3.01421	0.785709	1.81108	0	0.114408	-8.5745E-05	0.00125641	0	0	0	0	0	0	0	0.283929	-0.0111707	0.0153369	0	0	0.00802398	0.00874914	0	0	0.106582	-0.00796847	0.101637
2019-05-08 00:00:00	-7.79366	0.973025	2.04497	0	0.166207	-0.00148373	0.00658102	0	0.0103603	0	0	0	0	0	2.32682	-0.0111806	0.0153756	0	0	0.0131689	0.0109627	0	0	0.106192	-0.00814925	-2.14081
2019-05-09 00:00:00	-1.98893	-0.122507	1.96156	0	0.00569057	-0.00120586	0.0049883	0	0.0223361	0	0	0	0	0	0.0645241	-0.0111838	0.0153906	0	0	0.0170272	0.0129101	0	0	0.106248	-0.00844292	0.0784095
2019-05-10 00:00:00	-17.0578	1.0425	2.14446	0	1.12194	-0.00760708	0.0736566	0	0.186973	0	0	0	0	0	6.04679	-0.0112217	0.0154625	0	0	0.0252695	0.0165	0	0	0.106604	-0.00930977	-6.30574
2019-05-11 00:00:00	-0.35988	-1.19999	2.16805	0	-0.293351	-0.0047017	0.0304961	0	0.151783	0	0	0	0	0	-0.455896	-0.0112442	0.0154897	0	0	0.0325549	0.0194816	0	0	0.108256	-0.0109609	0.190086
2019-05-12 00:00:00	0	-0.869212	4.04716	0	-0.82142	-0.0004225	0.00207662	0	0.0137601	0	0	0	0	0	-1.34404	-0.0112327	0.0154604	0	0	0.0275047	0.0177019	0	0	0.109384	-0.00905993	1.17766
2019-05-13 00:00:00	0	-0.545835	3.88209	0	-0.19917	0	3.96379E-07	0	0.000126815	0	0	0	0	0	-1.69849	-0.0112132	0.0154283	0	0	0.019221	0.0139565	0	0	0.109288	-0.00877271	1.57663
2019-05-14 00:00:00	0	-0.0636939	4.5927	0	-0.251992	0	0	0	6.70823E-06	0	0	0	0	0	-1.84008	-0.0111921	0.0153912	0	0	0.0133078	0.0111559	0	0	0.108767	-0.0084999	2.56587
2019-05-15 00:00:00	0	0	4.17192	0	-0.0212262	0	0	0	0	0	0	0	0	0	-1.95228	-0.0111708	0.015368	0	0	0.00906068	0.00906924	0	0	0.108007	-0.00820407	2.32054
2019-05-16 00:00:00	0	0	2.11453	0	0.00549051	0	0	0	0	0	0	0	0	0	-0.810577	-0.0111477	0.0153482	0	0	0.00717965	0.00816336	0	0	0.10683	-0.00792804	1.42789
2019-05-17 00:00:00	-0.25998	0	2.12271	0	0.00708847	0	0	0	0	0	0	0	0	0	-0.725397	-0.0111009	0.0153257	0	0	0.0063604	0.00772864	0	0	0.105918	-0.00779355	1.26086
2019-05-18 00:00:00	-3.99737	0.955897	2.44035	0	0.063847	0	1.56805E-05	0	0	0	0	0	0	0	0.353139	-0.0110978	0.0153041	0	0	0.00720306	0.00814531	0	0	0.105047	-0.00771637	-0.0672319
2019-05-19 00:00:00	-0.2	-0.955897	2.37085	0	0.000299779	0	7.3061E-05	0	0	0	0	0	0	0	-0.451381	-0.0110933	0.0152689	0	0	0.0074606	0.00827462	0	0	0.104479	-0.00774066	0.880595
2019-05-20 00:00:00	0	0	2.24006	0	-0.0211447	0	2.84785E-05	0	0	0	0	0	0	0	-1.00746	-0.0110882	0.0152253	0	0	0.00644976	0.00771818	0	0	0.103783	-0.00773033	1.32584
2019-05-21 00:00:00	0	0	2.21405	0	-0.0122107	0	3.30734E-05	0	0	0	0	0	0	0	-0.961305	-0.0110809	0.0151906	0	0	0.00548082	0.00716745	0	0	0.102924	-0.00764886	1.3526
2019-05-22 00:00:00	0	0	2.16831	0	-0.00884456	0	3.63647E-05	0	0	0	0	0	0	0	-0.936956	-0.0110683	0.0151737	0	0	0.00475656	0.00670314	0	0	0.102019	-0.00755604	1.33258
2019-05-23 00:00:00	0	0	2.0526	0	-0.00558519	0	4.24788E-05	0	0	0	0	0	0	0	-0.882527	-0.0110564	0.0151504	0	0	0.00425725	0.00635885	0	0	0.101106	-0.00747827	1.27287
2019-05-24 00:00:00	0	0	2.15915	0	-0.00653318	0	3.62757E-05	0	0	0	0	0	0	0	-0.977659	-0.0110187	0.0151296	0	0	0.00382064	0.00603238	0	0	0.100322	-0.00741836	1.28187
2019-05-25 00:00:00	-3.51103	0.754578	2.58683	0	0.0397111	0	0.000151853	0	0	0	0	0	0	0	0.168222	-0.0110232	0.0151081	0	0	0.00463212	0.00657274	0	0	0.0995321	-0.00735958	0.145919
2019-05-26 00:00:00	-6.10592	0.752698	2.99402	0	0.10574	0	0.000543134	0	0	0	0	0	0	0	1.12798	-0.0110251	0.0151134	0	0	0.00678529	0.00744345	0	0	0.0988134	-0.00741331	-1.01523
2019-05-27 00:00:00	-4.98206	0.336186	2.66045	0	0.0615326	0	0.000445792	0	0	0	0	0	0	0	0.823204	-0.0110246	0.0150982	0	0	0.00836331	0.00831266	0	0	0.0985271	-0.00755775	-0.988522
2019-05-28 00:00:00	-3.60458	0.294597	2.41387	0	0.0506657	0	0.000470153	0	0	0	0	0	0	0	0.420792	-0.0110221	0.0150799	0	0	0.00927821	0.0088479	0	0	0.0982599	-0.00760609	-0.311346
2019-05-29 00:00:00	-3.67921	0.116649	2.51453	0	0.10502	-3.44029E-05	0.00084322	0	2.74893E-05	0	0	0	0	0	0.38234	-0.0110187	0.015065	0	0	0.0107713	0.00964078	0	0	0.0979467	-0.00765289	-0.445082
2019-05-30 00:00:00	-15.6014	0.582583	3.07746	0	0.782022	-0.00147038	0.0526035	0	0.0737291	0	0	0	0	0	5.35548	-0.0110501	0.0151243	0	0	0.0166121	0.0122801	0	0	0.0978559	-0.00958432	-5.55773
2019-05-31 00:00:00	-5.36355	-0.00249286	3.16974	0	0.0764222	-0.00227998	0.0307508	0	0.144172	0	0	0	0	0	0.768084	-0.0110763	0.0151691	0	0	0.0232868	0.0152204	0	0	0.0982829	-0.0126499	-1.05092
2019-06-01 00:00:00	-0.05998	-1.5879	2.96819	0	-0.27656	-0.000562414	0.00556681	0	0.051066	0	0	0	0	0	-0.748659	-0.0110743	0.0151541	0	0	0.0230139	0.0153398	0	0	0.0992	-0.0101436	0.48266
2019-06-02 00:00:00	-1.22342	-0.37487	3.06945	0	-0.200193	-8.42431E-05	0.000376273	0	0.00887223	0	0	0	0	0	-0.694997	-0.0110641	0.0151326	0	0	0.0192364	0.0139405	0	0	0.099527	-0.00862207	0.713283
2019-06-03 00:00:00	-3.93012	0.764234	2.9558	0	0.166153	-5.33444E-06	0.000873046	0	0.010987	0	0	0	0	0	0.0165617	-0.0110537	0.0150992	0	0	0.0164476	0.0126202	0	0	0.0993408	-0.0085494	0.108391
2019-06-04 00:00:00	-7.05545	0.941089	3.00849	0	0.388481	-0.00272069	0.0266329	0	0.0879341	0	0	0	0	0	1.59241	-0.0110624	0.0151206	0	0	0.0190695	0.0132182	0	0	0.0988629	-0.00979796	-0.887721
2019-06-05 00:00:00	-11.4268	0.326268	2.96586	0	0.541524	-0.00689249	0.116237	0	0.447228	0	0	0	0	0	3.68436	-0.011088	0.0151566	0	0	0.0255233	0.0158216	0	0	0.0977006	-0.0169968	-3.22615
2019-06-06 00:00:00	-0.05998	-1.58402	2.79671	0	-0.514285	-0.00241213	0.018662	0	0.1947	0	0	0	0	0	-0.789154	-0.0111001	0.0151575	0	0	0.0277857	0.0167734	0	0	0.0996037	-0.0156314	0.192801
2019-06-07 00:00:00	-5.24267	0.803904	4.24857	0	0.170752	-0.00179022	0.00846212	0	0.0579042	0	0	0	0	0	-0.0088127	-0.011093	0.0151366	0	0	0.0247648	0.0159256	0	0	0.101532	-0.0106089	0.171981
2019-06-08 00:00:00	-8.54388	0.834573	2.9523	0	0.518631	-0.00777071	0.0824517	0	0.341753	0	0	0	0	0	2.20025	-0.0111016	0.0151484	0	0	0.02705	0.0162627	0	0	0.100894	-0.0155485	-1.48898
2019-06-09 00:00:00	-0.849491	-1.4612	2.83361	0	-0.320769	-0.00356901	0.0239582	0	0.219284	0	0	0	0	0	-0.436736	-0.0111145	0.0151319	0	0	0.0290483	0.0169888	0	0	0.102212	-0.0156708	0.141687
2019-06-10 00:00:00	0	-0.672265	3.19157	0	-0.795082	-0.000353454	0.000785907	0	0.0268958	0	0	0	0	0	-1.2299	-0.0110987	0.0150971	0	0	0.022869	0.0149384	0	0	0.104225	-0.0105065	0.657177
2019-06-11 00:00:00	0	-0.426112	2.5045	0	-0.601561	-0.000233973	1.49827E-05	0	0.00912539	0	0	0	0	0	-0.787033	-0.0110878	0.0150852	0	0	0.0181713	0.0129921	0	0	0.104688	-0.00933192	0.829214
2019-06-12 00:00:00	-7.57256	1.7899	2.53774	0	0.955516	-0.000867129	0.00366494	0	0.0101045	0	0	0	0	0	1.41383	-0.0110972	0.0151033	0	0	0.0214046	0.0137246	0	0	0.104446	-0.00899758	-0.728086
2019-06-13 00:00:00	-11.7789	0.757506	2.75862	0	1.01906	-0.0146672	0.116895	0	0.519587	0	0	0	0	0	4.11937	-0.0111198	0.0151573	0	0	0.0311609	0.0173771	0	0	0.103692	-0.013289	-2.3596
2019-06-14 00:00:00	0	-1.62083	2.71738	0	-0.611218	-0.00525538	0.0324403	0	0.31543	0	0	0	0	0	-0.766309	-0.0111343	0.0151691	0	0	0.0363947	0.0193824	0	0	0.10483	-0.0155065	0.210767
2019-06-15 00:00:00	-0.114545	-0.552536	2.85203	0	-0.69738	-0.000254784	0.00016681	0	0.0225706	0	0	0	0	0	-1.10269	-0.011123	0.0151428	0	0	0.0292872	0.0170862	0	0	0.106781	-0.0104053	0.554134
2019-06-16 00:00:00	-2.01293	-0.2374	3.29688	0	-0.0889627	-0.000249317	0.000279467	0	0.00854382	0	0	0	0	0	-0.557876	-0.0111124	0.0151212	0	0	0.024123	0.0151199	0	0	0.106896	-0.00947155	0.548954
2019-06-17 00:00:00	-0.114545	-0.421495	2.81981	0	-0.327632	-0.000339908	0.000145861	0	0.00976003	0	0	0	0	0	-1.11011	-0.0110976	0.0150926	0	0	0.0188017	0.0130017	0	0	0.106655	-0.00922458	0.988816
2019-06-18 00:00:00	-0.0854547	-0.113723	2.72861	0	-0.355636	-1.25695E-05	4.10098E-05	0	0.00348585	0	0	0	0	0	-1.02404	-0.0110773	0.0150645	0	0	0.0146527	0.0113163	0	0	0.1064	-0.00872885	1.2809
2019-06-19 00:00:00	0	-5.39937E-05	3.0189	0	-0.121078	0	0	0	0.000665616	0	0	0	0	0	-1.58923	-0.0110659	0.0150555	0	0	0.0111191	0.00981272	0	0	0.106012	-0.00823229	1.43191
2019-06-20 00:00:00	-3.15869	0.230352	2.99801	0	0.109884	0	4.46652E-05	0	0.00042758	0	0	0	0	0	0.0954538	-0.0110616	0.0150138	0	0	0.0106678	0.00970862	0	0	0.105333	-0.00800304	0.397144
2019-06-21 00:00:00	0	-0.230352	2.72416	0	-0.0810479	0	3.61132E-06	0	0.000207287	0	0	0	0	0	-1.17135	-0.0110477	0.0149836	0	0	0.00880869	0.00882052	0	0	0.104671	-0.00793933	1.35992
2019-06-22 00:00:00	0	0	3.77472	0	-0.0699939	0	0	0	0	0	0	0	0	0	-1.78241	-0.0110148	0.014944	0	0	0.00613746	0.00751517	0	0	0.104058	-0.00780649	2.03615
2019-06-23 00:00:00	0	0	3.37468	0	-0.0256884	0	0	0	0	0	0	0	0	0	-1.56037	-0.0109912	0.0149187	0	0	0.0043795	0.00646166	0	0	0.103125	-0.00764161	1.89888
2019-06-24 00:00:00	-12.6161	2.4432	2.71451	0	0.845505	0	0.00489646	0	0.000606423	0	0	0	0	0	3.01714	-0.0110046	0.0149167	0	0	0.00468753	0.00610677	0	0	0.102196	-0.00749649	-3.48088
2019-06-25 00:00:00	0	-1.2838	2.98947	0	-0.293228	-6.72084E-06	0.00434165	0	0.0146074	0	0	0	0	0	-0.799996	-0.0110015	0.014901	0	0	0.00494281	0.00580007	0	0	0.102232	-0.0080722	0.740184
2019-06-26 00:00:00	0	-0.844405	4.71087	0	-0.435656	0	1.79961E-09	0	0.00039569	0	0	0	0	0	-1.91312	-0.0109767	0.0148705	0	0	0.00317931	0.00486589	0	0	0.101957	-0.00744721	1.62454
2019-06-27 00:00:00	0	-0.314919	4.60473	0	-0.127198	0	0	0	0.00014047	0	0	0	0	0	-1.86273	-0.0109397	0.0148496	0	0	0.00183163	0.00407643	0	0	0.101228	-0.00732944	2.40374
2019-06-28 00:00:00	0	-4.04147E-05	4.91049	0	-0.0264407	0	0	0	0	0	0	0	0	0	-2.50235	-0.010892	0.0148005	0	0	0.00105924	0.00328628	0	0	0.100355	-0.00723537	2.48304
2019-06-29 00:00:00	-3.79623	0.248065	3.76512	0	0.0279407	0	0	0	0	0	0	0	0	0	0.0116773	-0.0108285	0.0147842	0	0	0.001374	0.00370432	0	0	0.0992078	-0.00712696	0.357679
2019-06-30 00:00:00	-1.04026	-0.248065	3.21701	0	-0.00476037	0	0	0	0	0	0	0	0	0	-0.901978	-0.0108204	0.0147773	0	0	0.00162724	0.00408293	0	0	0.0986079	-0.00714153	1.12308
2019-07-01 00:00:00	-1.15501	0	3.02302	0	-0.000252633	0	0	0	0	0	0	0	0	0	-0.924325	-0.0108148	0.0147374	0	0	0.00167629	0.00414904	0	0	0.0978842	-0.00715092	1.04391
2019-07-02 00:00:00	0	0	2.65281	0	0.0131891	0	0	0	0	0	0	0	0	0	-1.45206	-0.0108002	0.0147001	0	0	0.00155347	0.00402665	0	0	0.0971201	-0.00713216	1.31341
2019-07-03 00:00:00	0	0	3.34792	0	-0.0440441	0	0	0	0	0	0	0	0	0	-1.40262	-0.0107706	0.014654	0	0	0.00135947	0.00388377	0	0	0.0962909	-0.00709231	1.99957
2019-07-04 00:00:00	-0.25998	0	2.79985	0	-0.00303821	0	0	0	0	0	0	0	0	0	-1.42636	-0.0107196	0.0146734	0	0	0.00122498	0.00366743	0	0	0.0955636	-0.0070536	1.20783
2019-07-05 00:00:00	-1.28038	0	3.12303	0	0.0035154	0	0	0	0	0	0	0	0	0	-0.933933	-0.0106963	0.0146299	0	0	0.00131652	0.00379509	0	0	0.0945412	-0.00700102	1.00882
2019-07-06 00:00:00	-0.0854547	0	2.74305	0	-0.0056592	0	0	0	0	0	0	0	0	0	-1.38204	-0.010652	0.0145719	0	0	0.00123515	0.00369977	0	0	0.093679	-0.0069784	1.36545
2019-07-07 00:00:00	0	0	2.65174	0	-0.0049363	0	0	0	0	0	0	0	0	0	-1.43953	-0.010617	0.0145411	0	0	0.00115207	0.00359594	0	0	0.0928297	-0.00694096	1.30183
2019-07-08 00:00:00	0	0	3.4807	0	-0.00961158	0	0	0	0	0	0	0	0	0	-1.88569	-0.0105902	0.0144787	0	0	0.000958608	0.00332207	0	0	0.0920469	-0.00690417	1.67871
2019-07-09 00:00:00	-7.17497	1.68946	3.5076	0	0.0328187	0	1.68693E-05	0	0	0	0	0	0	0	1.08852	-0.0105954	0.0144856	0	0	0.00198194	0.00437711	0	0	0.0910018	-0.00684364	-0.76215
2019-07-10 00:00:00	-13.5141	1.50984	3.81912	0	0.137565	0	0.000621856	0	0	0	0	0	0	0	4.25627	-0.010612	0.014517	0	0	0.00426491	0.00659387	0	0	0.0907435	-0.0070288	-3.69225
2019-07-11 00:00:00	-7.06022	-0.223638	3.60385	0	0.141955	0	0.00204811	0	0.000284713	0	0	0	0	0	2.07192	-0.0106349	0.0145818	0	0	0.0101307	0.0113557	0	0	0.090967	-0.00744375	-1.35484
2019-07-12 00:00:00	-0.805755	-1.7408	3.46932	0	-0.0404871	-1.17717E-05	0.000421843	0	0.000201853	0	0	0	0	0	-0.455742	-0.0106345	0.0145885	0	0	0.0135794	0.0137323	0	0	0.0907246	-0.00775549	0.54138
2019-07-13 00:00:00	-3.89009	0.381586	3.50835	0	0.0127158	-1.2344E-05	0.000129615	0	3.98732E-05	0	0	0	0	0	0.174554	-0.010618	0.0145761	0	0	0.0130847	0.0132742	0	0	0.0904025	-0.00773803	0.300247
2019-07-14 00:00:00	-0.05998	-1.05256	3.08637	0	-0.0783119	-1.28373E-05	6.3695E-05	0	1.8104E-05	0	0	0	0	0	-1.09311	-0.0106073	0.0145431	0	0	0.0120468	0.0127961	0	0	0.0900637	-0.00770038	0.913619
2019-07-15 00:00:00	0	-0.51984	3.63314	0	-0.117999	0	0	0	0	0	0	0	0	0	-1.57503	-0.010581	0.0145175	0	0	0.0094483	0.0110577	0	0	0.0893186	-0.00762901	1.5264
2019-07-16 00:00:00	-0.349051	-0.0356018	3.21286	0	-0.0230206	0	0	0	0	0	0	0	0	0	-1.52434	-0.0105731	0.0144935	0	0	0.00767775	0.00983028	0	0	0.0885975	-0.00743666	1.38344
2019-07-17 00:00:00	-2.28434	-0.002232	3.41193	0	0.0314779	0	1.83523E-05	0	0	0	0	0	0	0	-0.619486	-0.0105619	0.0144808	0	0	0.0075281	0.00965774	0	0	0.0877322	-0.00727857	0.63893
2019-07-18 00:00:00	-0.374525	-0.00514386	2.92926	0	-0.0244635	0	7.82811E-07	0	0	0	0	0	0	0	-1.50475	-0.010555	0.0144307	0	0	0.00648422	0.00887142	0	0	0.0871681	-0.00723859	1.11954
2019-07-19 00:00:00	-5.05209	1.41928	3.22256	0	0.0646816	0	0.000465241	0	0	0	0	0	0	0	0.11203	-0.01055	0.0144072	0	0	0.00549362	0.00802851	0	0	0.0863448	-0.00712692	-0.136475
2019-07-20 00:00:00	-3.00811	-0.426677	3.5024	0	0.0296044	0	0.000416629	0	0	0	0	0	0	0	0.0265893	-0.0105361	0.0143848	0	0	0.00550744	0.00791988	0	0	0.0859484	-0.00703277	0.220413
2019-07-21 00:00:00	-6.03571	1.31585	3.409	0	0.0377079	0	0.000612595	0	1.49911E-06	0	0	0	0	0	0.731608	-0.0105335	0.0143664	0	0	0.00616742	0.00818941	0	0	0.0856163	-0.00704678	-0.44417
2019-07-22 00:00:00	-0.875865	-1.99502	3.85317	0	-0.0284303	0	0.000203906	0	3.22091E-05	0	0	0	0	0	-0.583151	-0.0105285	0.0143463	0	0	0.00681544	0.00845018	0	0	0.0854127	-0.00708102	0.468357
2019-07-23 00:00:00	0	-0.262917	3.35605	0	-0.120511	0	0	0	0	0	0	0	0	0	-1.6694	-0.0105062	0.0142881	0	0	0.00506828	0.00750791	0	0	0.085087	-0.00706422	1.39759
2019-07-24 00:00:00	-8.74968	2.11836	3.97484	0	0.130881	0	0.000213147	0	3.66511E-06	0	0	0	0	0	1.18609	-0.010499	0.014287	0	0	0.00689123	0.008416	0	0	0.0845135	-0.00694442	-1.24262
2019-07-25 00:00:00	-0.399101	-2.09188	4.94025	0	-0.0320633	0	0.000371691	0	4.72534E-05	0	0	0	0	0	-1.27075	-0.0104896	0.0142694	0	0	0.00676523	0.00849492	0	0	0.0841334	-0.00704202	1.243
2019-07-26 00:00:00	-0.599101	-0.0485376	3.27149	0	-0.025287	0	2.45846E-05	0	0	0	0	0	0	0	-1.54396	-0.0104446	0.0142249	0	0	0.00494744	0.00753204	0	0	0.0838292	-0.00698837	1.14773
2019-07-27 00:00:00	-26.151	3.62295	3.11352	0	0.735148	-0.000229155	0.0360048	0	0.00605657	0	0	0	0	0	10.2448	-0.0104911	0.0142875	0	0	0.0137606	0.0123209	0	0	0.0837288	-0.0071755	-8.28625
2019-07-28 00:00:00	-0.2	-2.23762	3.71501	0	-0.266538	-7.62512E-05	0.00556633	0	0.00665731	0	0	0	0	0	-1.0221	-0.0105242	0.0143314	0	0	0.0233346	0.0169889	0	0	0.0849494	-0.00789689	0.122077
2019-07-29 00:00:00	-0.0854547	-0.559754	3.21473	0	-0.277413	0	3.13468E-05	0	0.000602593	0	0	0	0	0	-1.34768	-0.0105157	0.014309	0	0	0.0190525	0.015073	0	0	0.085223	-0.00772619	1.06048
2019-07-30 00:00:00	-0.4	-0.540858	3.35022	0	-0.0266027	0	1.66274E-05	0	0.000135074	0	0	0	0	0	-1.34495	-0.0104968	0.0142942	0	0	0.0138523	0.0124402	0	0	0.0850851	-0.00758306	1.14556
2019-07-31 00:00:00	-5.18024	1.40951	3.63975	0	0.0834875	0	0.000374433	0	0.000837162	0	0	0	0	0	0.171521	-0.0104933	0.0142643	0	0	0.0132583	0.0120531	0	0	0.0848049	-0.00740905	0.231708
2019-08-01 00:00:00	-0.0446534	-1.62464	3.3539	0	-0.099621	0	0.000376367	0	0.00737659	0	0	0	0	0	-0.934799	-0.0104876	0.0142495	0	0	0.0123017	0.0115623	0	0	0.0845201	-0.00736158	0.762723
2019-08-02 00:00:00	0	-0.0818966	2.9177	0	-0.161482	0	0	0	1.01487E-05	0	0	0	0	0	-1.3952	-0.0104675	0.0142096	0	0	0.00888627	0.00981661	0	0	0.0843465	-0.00725644	1.37867
2019-08-03 00:00:00	-9.57437	2.70973	3.56921	0	0.268163	0	0.000126116	0	8.67915E-05	0	0	0	0	0	1.37706	-0.0104716	0.0142233	0	0	0.00990785	0.0100903	0	0	0.0839311	-0.00709352	-1.5494
2019-08-04 00:00:00	-2.8752	-0.538839	3.43306	0	0.116617	0	0.00107869	0	0.00465685	0	0	0	0	0	0.0730185	-0.0104677	0.0141857	0	0	0.0103609	0.0101824	0	0	0.0837934	-0.00716328	0.315282
2019-08-05 00:00:00	-0.850627	-1.41372	3.332	0	-0.118071	0	0.000317569	0	0.0131596	0	0	0	0	0	-0.584112	-0.010461	0.014159	0	0	0.00980336	0.0100859	0	0	0.0835591	-0.00720662	0.478886
2019-08-06 00:00:00	-6.66799	2.03193	3.26055	0	0.128537	0	0.000403463	0	0.00310196	0	0	0	0	0	0.805508	-0.0104575	0.0141422	0	0	0.0101127	0.010163	0	0	0.0834489	-0.00715317	-0.337699
2019-08-07 00:00:00	-13.2854	1.03848	3.15742	0	0.461256	-0.00288416	0.0334641	0	0.102197	0	0	0	0	0	4.90062	-0.010466	0.0141904	0	0	0.0164252	0.013151	0	0	0.0832873	-0.00803756	-3.48628
2019-08-08 00:00:00	-0.159199	-2.28374	3.24025	0	-0.176182	-0.00138291	0.00655781	0	0.0710589	0	0	0	0	0	-0.660376	-0.0104845	0.0142076	0	0	0.0218076	0.0155593	0	0	0.0838125	-0.00875012	0.153142
2019-08-09 00:00:00	-15.6781	2.35013	3.35303	0	0.483303	-0.00494558	0.0610943	0	0.182709	0	0	0	0	0	5.35744	-0.0105015	0.014227	0	0	0.0252868	0.0170707	0	0	0.0842565	-0.00968971	-3.77473
2019-08-10 00:00:00	-10.0608	-0.0314375	3.20265	0	0.126443	-0.00781154	0.0684828	0	0.310111	0	0	0	0	0	3.17771	-0.010544	0.0142579	0	0	0.0348372	0.0210296	0	0	0.0849442	-0.0146364	-3.08472
2019-08-11 00:00:00	-30.222	0.0623233	3.03001	0	1.3511	-0.0373076	0.331329	0	1.62315	0	0	0	0	0	14.5155	-0.010632	0.0143661	0	0	0.0568764	0.0294248	0	0	0.0844398	-0.025808	-9.19717
2019-08-12 00:00:00	-2.84611	-0.226375	2.73369	0	-0.649848	-0.0153632	0.0708375	0	0.695098	0	0	0	0	0	-1.22787	-0.0106976	0.0144323	0	0	0.0723959	0.0345737	0	0	0.0900778	-0.0230085	-1.28817
2019-08-13 00:00:00	-1.90519	-0.665258	2.59752	0	-0.0501107	-0.00928427	0.0389489	0	0.344228	0	0	0	0	0	-0.71673	-0.0107062	0.0144102	0	0	0.0631435	0.0306977	0	0	0.0947586	-0.0172332	-0.190808
2019-08-14 00:00:00	-0.936082	-1.15506	2.73514	0	-0.20453	-0.00401431	0.0173115	0	0.181037	0	0	0	0	0	-0.791813	-0.0107133	0.0143838	0	0	0.0535799	0.0271023	0	0	0.0968158	-0.0146823	0.00847759
2019-08-15 00:00:00	-0.993363	-0.520832	2.96497	0	-0.208892	-0.00105657	0.00183937	0	0.0433662	0	0	0	0	0	-1.09567	-0.0107086	0.0143569	0	0	0.0421862	0.0229385	0	0	0.0979022	-0.0121441	0.344895
2019-08-16 00:00:00	-1.56336	-0.197474	3.1707	0	-0.358159	-0.00271407	0.00475145	0	0.0619989	0	0	0	0	0	-0.821723	-0.0107056	0.014348	0	0	0.0367838	0.0209073	0	0	0.0981215	-0.0113811	0.442103
2019-08-17 00:00:00	-2.33338	-0.107566	3.00305	0	-0.163479	-0.000698121	0.000412719	0	0.0227679	0	0	0	0	0	-0.217445	-0.0106933	0.0143218	0	0	0.0296694	0.0180805	0	0	0.0983222	-0.0103454	0.343017
2019-08-18 00:00:00	-1.33608	-0.214902	2.88951	0	-0.0859239	-0.00144741	0.00245698	0	0.0221803	0	0	0	0	0	-0.883304	-0.0106905	0.0143165	0	0	0.0264638	0.0169239	0	0	0.0982865	-0.00947884	0.528312
2019-08-19 00:00:00	-0.508808	-0.319116	2.81555	0	-0.346586	-0.000909175	0.000629728	0	0.0221968	0	0	0	0	0	-1.04268	-0.0106807	0.0142997	0	0	0.0216561	0.0150213	0	0	0.0981019	-0.00965112	0.749033
2019-08-20 00:00:00	-1.07972	-0.168952	2.65417	0	-0.0872103	-0.000360337	0.000174171	0	0.00758362	0	0	0	0	0	-0.754831	-0.0106648	0.0142713	0	0	0.0165209	0.0129506	0	0	0.098104	-0.00890367	0.693134
2019-08-21 00:00:00	-3.01792	0.543438	2.62189	0	-0.0394912	-0.000571589	0.000165771	0	0.00803701	0	0	0	0	0	0.171749	-0.0106573	0.0142539	0	0	0.0152853	0.0124239	0	0	0.097902	-0.00864481	0.407861
2019-08-22 00:00:00	-0.565172	-0.583827	2.84573	0	-0.048777	-0.000397645	0.000191286	0	0.00625527	0	0	0	0	0	-1.08442	-0.0106543	0.0142459	0	0	0.0129814	0.0115453	0	0	0.0976853	-0.00839168	0.68699
2019-08-23 00:00:00	0	-0.236621	3.00372	0	-0.135623	-0.000410204	0.000136945	0	0.00718144	0	0	0	0	0	-1.45431	-0.0106415	0.0142134	0	0	0.00960699	0.0101038	0	0	0.0973095	-0.00842425	1.29623
2019-08-24 00:00:00	0	-0.087072	3.31929	0	-0.176759	-0.000306718	9.22542E-05	0	0.00619545	0	0	0	0	0	-1.6107	-0.0106274	0.0141882	0	0	0.00685993	0.00884255	0	0	0.0968067	-0.00814483	1.55867
2019-08-25 00:00:00	0	-0.000579041	3.04906	0	-0.105872	0	0	0	0.00172055	0	0	0	0	0	-1.36773	-0.0106098	0.0141533	0	0	0.00467964	0.00768079	0	0	0.0964735	-0.00748253	1.6815
2019-08-26 00:00:00	0	-0.000106229	2.65971	0	-0.0212848	0	0	0	0.000377439	0	0	0	0	0	-1.41653	-0.0105953	0.0141257	0	0	0.00367678	0.00705349	0	0	0.0960476	-0.00721314	1.32525
2019-08-27 00:00:00	-0.594263	0	3.63643	0	-0.0151962	0	0	0	0.000129409	0	0	0	0	0	-1.48466	-0.0105785	0.0141018	0	0	0.00275783	0.00646472	0	0	0.0955924	-0.00710597	1.64367
2019-08-28 00:00:00	-0.0446534	0	2.47944	0	0.00910671	0	0	0	0	0	0	0	0	0	-1.11696	-0.0105592	0.0140817	0	0	0.00237296	0.00616596	0	0	0.0948952	-0.00700684	1.42688
2019-08-29 00:00:00	-4.96853	2.14271	2.4952	0	0.0780592	0	0.000132214	0	4.77699E-05	0	0	0	0	0	0.204636	-0.0105421	0.0140644	0	0	0.00299255	0.00652194	0	0	0.0945384	-0.00697748	0.0528596
2019-08-30 00:00:00	-1.27398	-1.43088	2.80725	0	0.0218147	0	0.000125379	0	4.51725E-05	0	0	0	0	0	0.0867883	-0.0105332	0.0140479	0	0	0.00361333	0.00685304	0	0	0.0939676	-0.00702392	0.31209
2019-08-31 00:00:00	-1.86137	-0.264278	2.5747	0	0.0288007	0	0.0001675	0	0.00021473	0	0	0	0	0	-0.160953	-0.0105157	0.0140322	0	0	0.00430735	0.00728611	0	0	0.0935213	-0.00706019	0.418854
2019-09-01 00:00:00	-0.488562	-0.381979	2.32956	0	-0.0111018	0	7.92089E-05	0	0.000379654	0	0	0	0	0	-0.769262	-0.0105064	0.014014	0	0	0.00423084	0.00743791	0	0	0.0930479	-0.00707978	0.780256
2019-09-02 00:00:00	-3.64628	1.11022	2.41936	0	0.062584	0	0.000193077	0	0.000951243	0	0	0	0	0	0.142716	-0.0104798	0.0139977	0	0	0.00479965	0.00770044	0	0	0.0926687	-0.00709199	0.191336
2019-09-03 00:00:00	-8.65019	2.29975	2.56486	0	0.116065	0	0.000873996	0	0.00242499	0	0	0	0	0	1.92604	-0.0104844	0.0140054	0	0	0.00592474	0.00838826	0	0	0.0922064	-0.00720982	-1.63735
2019-09-04 00:00:00	-4.50102	0.21145	2.276	0	0.0864752	-0.000464216	0.000979853	0	0.0142792	0	0	0	0	0	1.1069	-0.0104976	0.0140157	0	0	0.00891101	0.0102367	0	0	0.0920853	-0.00785948	-0.698509
2019-09-05 00:00:00	0	-2.02952	2.17017	0	0.0234332	-0.000246109	0.000672238	0	0.0164395	0	0	0	0	0	-0.135912	-0.0104879	0.0140026	0	0	0.0103846	0.0109277	0	0	0.0918328	-0.00806709	0.153624
2019-09-06 00:00:00	-1.55083	-0.491164	2.35556	0	-0.0432606	-0.000278538	0.000273421	0	0.0174477	0	0	0	0	0	-0.0445464	-0.0104791	0.013978	0	0	0.0102759	0.0108161	0	0	0.0913884	-0.00796382	0.351217
2019-09-07 00:00:00	0	-0.382391	2.03287	0	-0.00174746	-0.000314303	0.000497257	0	0.00417177	0	0	0	0	0	-0.946652	-0.0104737	0.0139617	0	0	0.00904683	0.0103459	0	0	0.0909196	-0.00773658	0.812494
2019-09-08 00:00:00	-0.614663	-0.291232	2.61223	0	-0.0846569	-0.00036578	2.12215E-05	0	0.00852849	0	0	0	0	0	-0.851533	-0.0104621	0.0139269	0	0	0.00762339	0.00957262	0	0	0.0902251	-0.00799183	0.881218
2019-09-09 00:00:00	-12.6805	3.59468	2.28874	0	0.404483	-0.00217796	0.0046362	0	0.0434209	0	0	0	0	0	3.70099	-0.0104702	0.0139507	0	0	0.0106561	0.0110882	0	0	0.0898717	-0.00804607	-2.53869
2019-09-10 00:00:00	-2.67824	-0.0490746	2.25458	0	-0.0221123	-0.00266156	0.00396579	0	0.0729253	0	0	0	0	0	0.189783	-0.0104819	0.013968	0	0	0.0150693	0.0131907	0	0	0.0897334	-0.0104688	-0.119821
2019-09-11 00:00:00	-4.36876	0.181341	2.33403	0	0.150256	-0.00501933	0.0103452	0	0.0792612	0	0	0	0	0	0.870405	-0.0104841	0.0139685	0	0	0.0158754	0.0134985	0	0	0.0898263	-0.0103518	-0.635811
2019-09-12 00:00:00	-4.44268	0.00543687	2.07813	0	0.129249	-0.00552106	0.0133393	0	0.106155	0	0	0	0	0	1.23924	-0.0104878	0.0139691	0	0	0.0176035	0.0141686	0	0	0.0898365	-0.0118266	-0.763388
2019-09-13 00:00:00	-0.0446534	-1.75984	1.92637	0	-0.00614859	-0.00289449	0.00654654	0	0.0692101	0	0	0	0	0	-0.166594	-0.0104854	0.013957	0	0	0.0181835	0.0142097	0	0	0.0901701	-0.0107778	0.137255
2019-09-14 00:00:00	-1.24489	-0.603641	2.03356	0	-0.0206998	-0.00166783	0.00383669	0	0.0489342	0	0	0	0	0	-0.227804	-0.010478	0.0139388	0	0	0.0171714	0.0135782	0	0	0.09026	-0.00974349	0.102355
2019-09-15 00:00:00	0	-0.508401	1.91213	0	-0.192876	-0.00125571	0.00149745	0	0.0254823	0	0	0	0	0	-0.712249	-0.0104725	0.0139209	0	0	0.0150197	0.0128304	0	0	0.0902026	-0.00911406	0.636718
2019-09-16 00:00:00	-0.155347	-0.324445	2.09151	0	-0.152578	-0.000492822	0.00026363	0	0.0104908	0	0	0	0	0	-0.887377	-0.0104555	0.0138985	0	0	0.0117799	0.0113173	0	0	0.0901297	-0.00868481	0.690014
2019-09-17 00:00:00	-0.0446534	-0.268803	1.73739	0	-0.223399	-0.000539661	0.00024908	0	0.00792169	0	0	0	0	0	-0.687341	-0.0104438	0.0138611	0	0	0.00997102	0.010433	0	0	0.08984	-0.0083221	0.626161
2019-09-18 00:00:00	0	-0.296888	1.82191	0	-0.0567525	-0.0002291	8.30037E-05	0	0.00482672	0	0	0	0	0	-0.921785	-0.0104355	0.0138419	0	0	0.00840109	0.00968783	0	0	0.0895089	-0.00790605	0.654264
2019-09-19 00:00:00	0	-0.302717	2.24799	0	-0.0531395	-0.000362517	0.000126845	0	0.00589056	0	0	0	0	0	-1.01814	-0.010422	0.0138237	0	0	0.00679292	0.00887998	0	0	0.0890451	-0.00786022	0.9799
2019-09-20 00:00:00	0	-0.120008	2.25516	0	-0.0603088	-0.00010678	3.1845E-05	0	0.00476535	0	0	0	0	0	-1.19026	-0.0104086	0.0137747	0	0	0.00555162	0.00819041	0	0	0.0884935	-0.00770598	0.987174
2019-09-21 00:00:00	0	-0.0196787	2.03675	0	-0.0406045	0	3.64633E-05	0	0.00159691	0	0	0	0	0	-1.12921	-0.0103984	0.0137578	0	0	0.00475497	0.00769373	0	0	0.0880676	-0.0072215	0.945551
2019-09-22 00:00:00	-6.80182	3.15785	1.88048	0	0.200428	0	0.000418095	0	0.00129268	0	0	0	0	0	0.755647	-0.0103975	0.0137455	0	0	0.00527808	0.00789028	0	0	0.0875641	-0.00705375	-0.708671
2019-09-23 00:00:00	-0.613764	-1.32272	2.00743	0	0.0340513	-0.000158355	0.000629759	0	0.00328139	0	0	0	0	0	-0.00921309	-0.0103876	0.0137178	0	0	0.00596718	0.00822732	0	0	0.087301	-0.00725022	0.197113
2019-09-24 00:00:00	-11.7364	2.48719	2.05426	0	0.716438	-0.00326594	0.0134731	0	0.0485166	0	0	0	0	0	3.68325	-0.0103992	0.0137284	0	0	0.00951357	0.0101779	0	0	0.0871711	-0.00808382	-2.63448
2019-09-25 00:00:00	-5.67969	0.055888	1.82471	0	0.190139	-0.00927678	0.0307841	0	0.164462	0	0	0	0	0	1.85698	-0.0104222	0.0137497	0	0	0.0158484	0.0131685	0	0	0.0866258	-0.0136834	-1.46073
2019-09-26 00:00:00	-3.79596	0.0495929	1.85205	0	0.114453	-0.0078955	0.0247368	0	0.173379	0	0	0	0	0	0.764934	-0.0104304	0.0137432	0	0	0.0177912	0.01387	0	0	0.0868942	-0.014082	-0.716918
2019-09-27 00:00:00	-13.3832	0.029782	1.62542	0	0.617813	-0.0247841	0.110985	0	0.612986	0	0	0	0	0	6.28135	-0.0104579	0.0137761	0	0	0.0250419	0.0166284	0	0	0.0859361	-0.0210479	-4.01981
2019-09-28 00:00:00	-0.2	-1.24834	1.52925	0	-0.320533	-0.0100983	0.0260931	0	0.340152	0	0	0	0	0	-0.516568	-0.0104786	0.0137776	0	0	0.0304967	0.0184658	0	0	0.0884778	-0.0179517	-0.277261
2019-09-29 00:00:00	-2.2063	0.572922	1.57268	0	-0.0111969	-0.00581357	0.0156681	0	0.155784	0	0	0	0	0	-0.209533	-0.0104767	0.0137585	0	0	0.0279899	0.0172509	0	0	0.0907229	-0.0132555	0.0102059
2019-09-30 00:00:00	-0.733215	-0.671095	1.43397	0	0.000175733	-0.00454988	0.0127024	0	0.114391	0	0	0	0	0	-0.185713	-0.0104678	0.0137455	0	0	0.0256536	0.0161422	0	0	0.0912981	-0.0122702	0.0907725
2019-10-01 00:00:00	-5.55608	1.34974	1.30629	0	0.219553	-0.0091657	0.044706	0	0.234765	0	0	0	0	0	1.58694	-0.0104672	0.013758	0	0	0.0263841	0.0168098	0	0	0.0914835	-0.0130418	-0.698327
2019-10-02 00:00:00	-0.114545	-1.28222	1.48301	0	-0.150114	-0.00572683	0.0191557	0	0.191201	0	0	0	0	0	-0.200223	-0.0104656	0.0137618	0	0	0.0282619	0.0175728	0	0	0.0919955	-0.0135925	0.0680701
2019-10-03 00:00:00	-12.9316	1.28506	1.16931	0	0.744115	-0.0272972	0.144761	0	0.882328	0	0	0	0	0	5.92246	-0.0104852	0.013812	0	0	0.0351417	0.0206389	0	0	0.0909611	-0.0201966	-2.68098
2019-10-04 00:00:00	-3.15319	-0.0289679	1.44114	0	-0.273714	-0.0148405	0.0756766	0	0.675168	0	0	0	0	0	0.458469	-0.0105006	0.0138525	0	0	0.0420667	0.0234744	0	0	0.0919426	-0.0231703	-0.682593
2019-10-05 00:00:00	-2.76422	-0.00686176	1.40892	0	-0.0187015	-0.0111849	0.047037	0	0.402244	0	0	0	0	0	0.449422	-0.0105105	0.0138625	0	0	0.0403011	0.0226621	0	0	0.0955841	-0.0184193	-0.349867
2019-10-06 00:00:00	-25.2491	0.0321478	1.22781	0	1.15815	-0.0864036	0.390386	0	3.354	0	0	0	0	0	13.414	-0.0105867	0.0140286	0	0	0.067999	0.0335432	0	0	0.0929237	-0.0332678	-5.59436
2019-10-07 00:00:00	-0.159199	-1.20192	1.44163	0	-0.819783	-0.0275523	0.0991736	0	1.33715	0	0	0	0	0	-1.22908	-0.0106363	0.0141235	0	0	0.0859414	0.0400117	0	0	0.100406	-0.027465	-0.357211
2019-10-08 00:00:00	-2.20402	0.751257	1.37179	0	-0.064694	-0.0149169	0.0557182	0	0.5499	0	0	0	0	0	-0.708439	-0.0106423	0.0141117	0	0	0.0743993	0.035263	0	0	0.105796	-0.0197575	-0.0642362
2019-10-09 00:00:00	-5.25908	0.449253	1.14549	0	0.293386	-0.0250134	0.113102	0	0.848783	0	0	0	0	0	1.50825	-0.0106491	0.0141285	0	0	0.0679491	0.0329333	0	0	0.106122	-0.0232957	-0.73864
2019-10-10 00:00:00	-15.0444	-0.00153466	1.28866	0	0.563787	-0.071084	0.306865	0	2.78945	0	0	0	0	0	7.11314	-0.0106814	0.0142562	0	0	0.080608	0.0372057	0	0	0.104377	-0.0344772	-2.86387
2019-10-11 00:00:00	-0.823912	-0.455555	1.28984	0	-0.576432	-0.026271	0.0932429	0	1.19455	0	0	0	0	0	-1.00934	-0.0107148	0.0143109	0	0	0.0852753	0.0380921	0	0	0.110675	-0.0270557	-0.103289
2019-10-12 00:00:00	-0.452512	-0.641547	1.12733	0	-0.141732	-0.0123528	0.0461375	0	0.470695	0	0	0	0	0	-0.650241	-0.0107191	0.0142984	0	0	0.0729705	0.0332899	0	0	0.114941	-0.019503	-0.0489413
2019-10-13 00:00:00	-7.54622	1.09297	1.06854	0	0.418947	-0.032182	0.133189	0	1.14566	0	0	0	0	0	2.55706	-0.0107315	0.014328	0	0	0.0697986	0.0321345	0	0	0.114042	-0.0242319	-0.966697
2019-10-14 00:00:00	-0.0545653	-0.896973	1.00878	0	-0.390722	-0.0150004	0.0566725	0	0.704123	0	0	0	0	0	-0.532195	-0.0107515	0.0143472	0	0	0.0673826	0.0309183	0	0	0.115706	-0.0222689	0.0754565
2019-10-15 00:00:00	-0.145435	-0.834806	1.04091	0	-0.0642611	-0.00856115	0.0327645	0	0.298762	0	0	0	0	0	-0.39901	-0.0107551	0.0143357	0	0	0.059105	0.0277768	0	0	0.118412	-0.0169135	0.112322
2019-10-16 00:00:00	-0.434505	-0.574859	1.05647	0	-0.0550532	-0.00625035	0.0242818	0	0.202991	0	0	0	0	0	-0.26941	-0.0107502	0.0143221	0	0	0.051891	0.0250414	0	0	0.119234	-0.0151272	0.12828
2019-10-17 00:00:00	-0.359199	-0.432709	1.04417	0	-0.148732	-0.00503636	0.0187377	0	0.153964	0	0	0	0	0	-0.253243	-0.0107458	0.0143102	0	0	0.0463865	0.0229847	0	0	0.119564	-0.0138227	0.19663
2019-10-18 00:00:00	-1.53617	0.483754	1.01296	0	-0.0409601	-0.00374089	0.0135651	0	0.105799	0	0	0	0	0	-0.120481	-0.0107406	0.0142993	0	0	0.0413301	0.0211054	0	0	0.119724	-0.0125868	0.0878641
2019-10-19 00:00:00	-18.0377	2.2663	1.00878	0	1.293	-0.0573826	0.322037	0	2.48722	0	0	0	0	0	7.89775	-0.0107619	0.0143873	0	0	0.0528325	0.0248708	0	0	0.11474	-0.0275123	-2.65143
2019-10-20 00:00:00	0	-0.902853	0.959735	0	-0.769755	-0.0200946	0.0862806	0	1.235	0	0	0	0	0	-0.78425	-0.0107723	0.0144619	0	0	0.0653336	0.0282172	0	0	0.117201	-0.0267375	-0.00822804
2019-10-21 00:00:00	0	-0.807312	0.867264	0	-0.0214149	-0.00831856	0.0357307	0	0.337234	0	0	0	0	0	-0.475683	-0.010762	0.0144584	0	0	0.0564901	0.0251551	0	0	0.121613	-0.0176967	0.116759
2019-10-22 00:00:00	0	-0.900459	0.967363	0	-0.161399	-0.00744936	0.0318055	0	0.31131	0	0	0	0	0	-0.323674	-0.0107578	0.0144501	0	0	0.0508464	0.0232585	0	0	0.122231	-0.0167477	0.100777
2019-10-23 00:00:00	0	-0.287616	0.938287	0	-0.328808	-0.00367113	0.0136059	0	0.139415	0	0	0	0	0	-0.463388	-0.0107524	0.0144364	0	0	0.0438535	0.0211262	0	0	0.123027	-0.0142568	0.185258
2019-10-24 00:00:00	-1.61265	0.708064	0.902881	0	0.0130791	-0.00407217	0.0126049	0	0.0943212	0	0	0	0	0	-0.104683	-0.0107482	0.0144259	0	0	0.0390821	0.0196364	0	0	0.123227	-0.012635	0.182536
2019-10-25 00:00:00	-0.369111	-0.14725	0.661202	0	-0.0986673	-0.00353331	0.0132995	0	0.0948463	0	0	0	0	0	-0.106323	-0.0107429	0.014412	0	0	0.0352153	0.0183056	0	0	0.123071	-0.0120155	0.212709
2019-10-26 00:00:00	-0.413764	-0.170432	0.729619	0	-0.0964117	-0.00311565	0.0114424	0	0.0787183	0	0	0	0	0	-0.0497297	-0.0107378	0.0143978	0	0	0.0320298	0.0171936	0	0	0.122918	-0.0112532	0.250876
2019-10-27 00:00:00	0	-0.484002	0.786559	0	-0.156955	-0.0024462	0.00928848	0	0.0620341	0	0	0	0	0	-0.124965	-0.0107321	0.0143831	0	0	0.0293333	0.0162751	0	0	0.122765	-0.0107808	0.250756
2019-10-28 00:00:00	-0.145435	-0.163589	0.668411	0	-0.159214	-0.00172722	0.00617632	0	0.0411751	0	0	0	0	0	-0.114198	-0.0107244	0.0143668	0	0	0.0265723	0.0154311	0	0	0.12259	-0.0104198	0.289416
2019-10-29 00:00:00	-3.01582	2.17749	0.657954	0	0.0694976	-0.00265128	0.00812275	0	0.0457693	0	0	0	0	0	0.118115	-0.0107197	0.0143543	0	0	0.0245533	0.0148221	0	0	0.122198	-0.0102591	0.213428
2019-10-30 00:00:00	-0.0545653	-0.554679	0.640126	0	-0.0270873	-0.00219246	0.00807723	0	0.0529069	0	0	0	0	0	0.0288171	-0.0107139	0.0143382	0	0	0.022997	0.0143014	0	0	0.121794	-0.0103359	0.243785
2019-10-31 00:00:00	-1.65071	0.753063	0.662385	0	0.0354196	-0.00273652	0.00952259	0	0.0596321	0	0	0	0	0	0.168794	-0.0107096	0.0143254	0	0	0.0219383	0.0139637	0	0	0.121267	-0.0102473	0.185904
2019-11-01 00:00:00	-9.16149	0.624635	0.749113	0	1.19568	-0.0274696	0.122908	0	0.865318	0	0	0	0	0	4.08911	-0.010723	0.0143684	0	0	0.0289597	0.0163883	0	0	0.119222	-0.0166371	-1.39061
2019-11-02 00:00:00	-3.65054	-0.0295129	0.761291	0	-0.11837	-0.0233543	0.0992317	0	1.04498	0	0	0	0	0	1.22075	-0.0107316	0.0144102	0	0	0.0377664	0.019222	0	0	0.117183	-0.025481	-0.543158
2019-11-03 00:00:00	-11.2121	0.00449298	0.694326	0	0.589843	-0.0576713	0.292153	0	2.5203	0	0	0	0	0	5.31817	-0.0107585	0.0145074	0	0	0.0513807	0.0238678	0	0	0.116178	-0.0317134	-1.68705
2019-11-04 00:00:00	-20.5062	-0.0113975	0.65338	0	0.632534	-0.11122	0.594413	0	5.55321	0	0	0	0	0	9.64755	-0.0108553	0.0147159	0	0	0.0933487	0.0360395	0	0	0.113808	-0.0441869	-3.34486
2019-11-05 00:00:00	-5.36229	-0.0212271	0.615588	0	-0.539111	-0.051009	0.242182	0	2.82491	0	0	0	0	0	1.01359	-0.0109211	0.0148321	0	0	0.115129	0.0421827	0	0	0.121278	-0.0368314	-1.0317
2019-11-06 00:00:00	-1.50263	-0.0389584	0.549511	0	-0.299158	-0.0307131	0.127992	0	1.47196	0	0	0	0	0	-0.555098	-0.0109639	0.0148539	0	0	0.106468	0.0395925	0	0	0.12681	-0.0281152	-0.0284526
2019-11-07 00:00:00	-6.16397	0.00840545	0.586534	0	0.194323	-0.0404529	0.181235	0	1.8405	0	0	0	0	0	2.18513	-0.0109817	0.0149097	0	0	0.104294	0.0388803	0	0	0.12782	-0.0276408	-0.961007
2019-11-08 00:00:00	-0.532398	-0.131684	0.465138	0	-0.286106	-0.022401	0.0853126	0	1.08657	0	0	0	0	0	-0.68553	-0.0109949	0.0149162	0	0	0.0971959	0.0364579	0	0	0.129622	-0.0253922	0.220707
2019-11-09 00:00:00	-1.07154	0.0564718	0.434078	0	-0.101567	-0.0157088	0.0550255	0	0.620998	0	0	0	0	0	-0.247207	-0.0110097	0.0148984	0	0	0.084021	0.0323057	0	0	0.131781	-0.0213789	-0.0388293
2019-11-10 00:00:00	-1.56823	0.0452455	0.426717	0	-0.0233656	-0.0164266	0.0623064	0	0.639979	0	0	0	0	0	0.16498	-0.0110193	0.0149014	0	0	0.0772427	0.0303408	0	0	0.1323	-0.020571	-0.0455992
2019-11-11 00:00:00	-12.4616	-0.0138805	0.497905	0	0.917369	-0.074765	0.314982	0	2.97136	0	0	0	0	0	6.00442	-0.0110443	0.0150072	0	0	0.0915788	0.0356266	0	0	0.128343	-0.0323212	-1.61703
2019-11-12 00:00:00	-2.74749	-0.0161842	0.469066	0	-0.512533	-0.0359339	0.142379	0	1.80143	0	0	0	0	0	0.423761	-0.0110743	0.0150789	0	0	0.101983	0.0390535	0	0	0.130534	-0.0304083	-0.230336
2019-11-13 00:00:00	-0.0992187	-0.253594	0.357814	0	-0.133833	-0.0108353	0.039292	0	0.580473	0	0	0	0	0	-0.629076	-0.0110699	0.0150748	0	0	0.0864444	0.0338356	0	0	0.134828	-0.0220051	0.0881303
2019-11-14 00:00:00	-2.58717	0.220791	0.411725	0	-0.102384	-0.023076	0.0936842	0	0.837308	0	0	0	0	0	0.66384	-0.0110763	0.0150782	0	0	0.083541	0.0331352	0	0	0.135781	-0.0205097	-0.249334
2019-11-15 00:00:00	-7.89692	-0.00655576	0.471407	0	0.512684	-0.047922	0.238067	0	2.16955	0	0	0	0	0	3.49	-0.0111074	0.0151406	0	0	0.0905837	0.0355545	0	0	0.133596	-0.0274087	-0.833333
2019-11-16 00:00:00	-4.2786	-0.0112938	0.385802	0	-0.0579828	-0.0400678	0.162473	0	1.88055	0	0	0	0	0	1.40098	-0.0111542	0.0151788	0	0	0.0964055	0.0373674	0	0	0.134006	-0.0305009	-0.316836
2019-11-17 00:00:00	-0.582384	-0.022234	0.392376	0	-0.501464	-0.0172157	0.0703965	0	0.879125	0	0	0	0	0	-0.445944	-0.0111681	0.0151761	0	0	0.0877667	0.0345121	0	0	0.137218	-0.0244087	0.0117521
2019-11-18 00:00:00	-0.0854547	-0.198905	0.289376	0	-0.162836	-0.0100926	0.0404748	0	0.406595	0	0	0	0	0	-0.393527	-0.0111656	0.0151623	0	0	0.0768928	0.0310214	0	0	0.139785	-0.0188613	0.118464
2019-11-19 00:00:00	-0.685455	0.171854	0.336245	0	-0.070152	-0.0085805	0.0348195	0	0.304603	0	0	0	0	0	-0.188609	-0.0111618	0.0151488	0	0	0.0679261	0.0281654	0	0	0.140465	-0.0174158	0.117853
2019-11-20 00:00:00	0	-0.396393	0.416207	0	-0.103977	-0.00624756	0.0251406	0	0.212248	0	0	0	0	0	-0.182982	-0.0111566	0.0151345	0	0	0.05904	0.0253962	0	0	0.140891	-0.0160594	0.177241
2019-11-21 00:00:00	0	-0.388345	0.418349	0	-0.144763	-0.00451207	0.0185479	0	0.154181	0	0	0	0	0	-0.0914171	-0.0111514	0.0151207	0	0	0.0519858	0.0232049	0	0	0.14125	-0.0144813	0.167969
2019-11-22 00:00:00	-1.89677	0.73769	0.438337	0	0.100198	-0.00740718	0.0276704	0	0.180252	0	0	0	0	0	0.33174	-0.0111492	0.0151166	0	0	0.0476448	0.0219372	0	0	0.141103	-0.0139504	0.112409
2019-11-23 00:00:00	-4.28434	-0.00662563	0.415248	0	0.539234	-0.0220527	0.10379	0	0.771885	0	0	0	0	0	1.8198	-0.0111571	0.0151425	0	0	0.0499032	0.0228206	0	0	0.139365	-0.0196968	-0.466676
2019-11-24 00:00:00	-1.56461	-0.025684	0.411276	0	-0.229855	-0.0148235	0.0657675	0	0.6769	0	0	0	0	0	0.42905	-0.0111671	0.0151565	0	0	0.0515766	0.0234273	0	0	0.139106	-0.0212681	-0.0551516
2019-11-25 00:00:00	-1.88545	-0.00895407	0.448694	0	0.0734946	-0.0148442	0.0676555	0	0.588077	0	0	0	0	0	0.5183	-0.0111722	0.0151602	0	0	0.0496851	0.0228446	0	0	0.139642	-0.0204317	-0.0173035
2019-11-26 00:00:00	-6.20682	-0.0166336	0.450926	0	0.517436	-0.0368496	0.169251	0	1.58519	0	0	0	0	0	2.70348	-0.0111969	0.0151952	0	0	0.0543564	0.0243393	0	0	0.136924	-0.0276855	-0.642088
2019-11-27 00:00:00	-4.99157	-0.0231266	0.379877	0	-0.0446191	-0.034055	0.17942	0	1.81419	0	0	0	0	0	1.96278	-0.0112255	0.0152383	0	0	0.0628266	0.0268673	0	0	0.136091	-0.0304576	-0.557761
2019-11-28 00:00:00	-15.4135	-0.0102747	0.347067	0	0.767124	-0.0917711	0.508024	0	4.89584	0	0	0	0	0	6.95478	-0.0112798	0.015372	0	0	0.0881244	0.0345818	0	0	0.132209	-0.0409704	-1.82466
2019-11-29 00:00:00	-0.0992187	-0.163661	0.265001	0	-0.877551	-0.0277594	0.12248	0	1.79165	0	0	0	0	0	-1.0046	-0.0113069	0.0154342	0	0	0.100903	0.0381928	0	0	0.139996	-0.0306931	0.258871
2019-11-30 00:00:00	-0.0408013	-0.14715	0.194796	0	-0.206217	-0.0135582	0.0577745	0	0.630221	0	0	0	0	0	-0.631084	-0.0113051	0.0154127	0	0	0.0862692	0.033549	0	0	0.145075	-0.0216722	0.0913089
2019-12-01 00:00:00	-0.0854547	-0.109361	0.200769	0	-0.193528	-0.0102755	0.0441051	0	0.451244	0	0	0	0	0	-0.423499	-0.0113044	0.0154004	0	0	0.0756523	0.0302448	0	0	0.146318	-0.0194907	0.110821
2019-12-02 00:00:00	-8.27912	0.352495	0.317057	0	0.832926	-0.0471885	0.226997	0	2.14502	0	0	0	0	0	3.34562	-0.0113207	0.0154416	0	0	0.0770818	0.0305467	0	0	0.142123	-0.0304907	-0.882819
2019-12-03 00:00:00	0	-0.329431	0.344487	0	-0.517449	-0.0170326	0.0697335	0	1.02505	0	0	0	0	0	-0.55202	-0.0113402	0.0154535	0	0	0.0753281	0.0297477	0	0	0.144527	-0.0263479	0.250703
2019-12-04 00:00:00	-0.4	0.0521147	0.347405	0	-0.226151	-0.00978371	0.0394905	0	0.468057	0	0	0	0	0	-0.356962	-0.0113347	0.0154413	0	0	0.0666227	0.0271165	0	0	0.147738	-0.0199412	0.139813
2019-12-05 00:00:00	-6.75105	0.220742	0.379748	0	0.62895	-0.0381134	0.179778	0	1.68853	0	0	0	0	0	2.6913	-0.011347	0.0154712	0	0	0.0672677	0.0272502	0	0	0.144266	-0.0288695	-0.78608
2019-12-06 00:00:00	-3.19326	-0.0120857	0.39471	0	-0.174978	-0.0335351	0.137807	0	1.71838	0	0	0	0	0	0.882544	-0.0113598	0.0155056	0	0	0.0694827	0.0275973	0	0	0.143899	-0.0315327	-0.0668277
2019-12-07 00:00:00	-10.8747	-0.0126609	0.35961	0	0.835437	-0.0778216	0.336321	0	3.68918	0	0	0	0	0	4.53048	-0.0114028	0.0156016	0	0	0.0794471	0.0299681	0	0	0.14069	-0.0406029	-1.0004
2019-12-08 00:00:00	-13.9505	-0.0182932	0.324824	0	0.218771	-0.115901	0.440244	0	5.90328	0	0	0	0	0	5.4265	-0.0114303	0.0157344	0	0	0.102919	0.0339642	0	0	0.137987	-0.0498618	-1.54177
2019-12-09 00:00:00	-0.0545653	-0.217805	0.280413	0	-0.977431	-0.0386537	0.127346	0	2.29415	0	0	0	0	0	-1.26527	-0.011434	0.0157639	0	0	0.103547	0.0333501	0	0	0.148166	-0.0356928	0.401881
2019-12-10 00:00:00	-14.509	0.189688	0.32566	0	1.27374	-0.105342	0.459279	0	5.37699	0	0	0	0	0	5.52402	-0.0114629	0.0158352	0	0	0.108785	0.0344079	0	0	0.144459	-0.0458434	-1.21875
2019-12-11 00:00:00	-6.86048	-0.0185781	0.279498	0	-0.462545	-0.0743279	0.320556	0	4.42238	0	0	0	0	0	1.52687	-0.0115044	0.0159006	0	0	0.116773	0.035433	0	0	0.147283	-0.0461039	-0.608841
2019-12-12 00:00:00	-2.04129	-0.0196969	0.265772	0	-0.664827	-0.0391914	0.140309	0	2.25408	0	0	0	0	0	-0.362082	-0.011518	0.0159315	0	0	0.108383	0.03318	0	0	0.15477	-0.0358154	-0.201996
2019-12-13 00:00:00	-2.55959	-0.0154085	0.280376	0	0.0482491	-0.034602	0.142913	0	1.69114	0	0	0	0	0	0.146382	-0.0115365	0.0159534	0	0	0.0992155	0.0313185	0	0	0.157684	-0.0318838	-0.0397924
2019-12-14 00:00:00	-12.9979	-0.0137462	0.261582	0	0.840732	-0.110302	0.43905	0	4.87282	0	0	0	0	0	5.07385	-0.0115658	0.0160584	0	0	0.115028	0.0365417	0	0	0.152872	-0.0434337	-1.36839
2019-12-15 00:00:00	-1.84471	-0.0282841	0.252025	0	-0.866029	-0.042606	0.153427	0	2.24098	0	0	0	0	0	-0.294889	-0.011582	0.0161348	0	0	0.126956	0.040841	0	0	0.15978	-0.0331798	-0.131131
2019-12-16 00:00:00	-2.53103	-0.00506962	0.277693	0	0.177791	-0.0384056	0.144513	0	1.53246	0	0	0	0	0	0.184905	-0.0115986	0.0161504	0	0	0.117267	0.0388099	0	0	0.162899	-0.0293657	0.0370201
2019-12-17 00:00:00	0	-0.255238	0.264819	0	-0.266294	-0.0138566	0.0475193	0	0.733153	0	0	0	0	0	-0.614225	-0.0115906	0.0161608	0	0	0.0988553	0.0339933	0	0	0.165375	-0.0249701	0.173702
2019-12-18 00:00:00	-4.1996	0.223638	0.245497	0	0.191136	-0.0412832	0.171584	0	1.43487	0	0	0	0	0	1.30111	-0.0116035	0.016191	0	0	0.100493	0.0352914	0	0	0.165041	-0.0261961	-0.393828
2019-12-19 00:00:00	-7.01791	-0.0192735	0.302452	0	0.282723	-0.0652247	0.255243	0	2.75726	0	0	0	0	0	2.56171	-0.0116409	0.0162855	0	0	0.109637	0.0383856	0	0	0.161992	-0.0338526	-0.662206
2019-12-20 00:00:00	-1.49087	-0.0166014	0.299521	0	-0.395565	-0.0283252	0.108349	0	1.3914	0	0	0	0	0	-0.122118	-0.0116645	0.0163024	0	0	0.106549	0.0376951	0	0	0.164959	-0.029249	0.0303821
2019-12-21 00:00:00	-0.0992187	-0.183695	0.282708	0	-0.337311	-0.0158471	0.0593206	0	0.700458	0	0	0	0	0	-0.469947	-0.011667	0.0163	0	0	0.0939595	0.0341834	0	0	0.168266	-0.0231241	0.214387
2019-12-22 00:00:00	-0.499219	0.0932609	0.277475	0	-0.185412	-0.00986369	0.0355988	0	0.367625	0	0	0	0	0	-0.243121	-0.011667	0.0162871	0	0	0.0805346	0.0304076	0	0	0.169959	-0.0192611	0.102605
2019-12-23 00:00:00	-4.54543	0.045595	0.305599	0	0.58001	-0.0328442	0.139922	0	1.25357	0	0	0	0	0	1.58171	-0.011674	0.0163096	0	0	0.0787331	0.0300149	0	0	0.167362	-0.0258213	-0.416948
2019-12-24 00:00:00	-0.364613	-0.0425346	0.268925	0	-0.505475	-0.0142162	0.0542752	0	0.737691	0	0	0	0	0	-0.263122	-0.0116793	0.0163167	0	0	0.0745433	0.0289604	0	0	0.168254	-0.0237628	0.123563
2019-12-25 00:00:00	-0.244653	-0.0646831	0.282198	0	-0.150564	-0.00839372	0.0311384	0	0.304561	0	0	0	0	0	-0.212659	-0.0116814	0.0163035	0	0	0.0658835	0.0266072	0	0	0.170446	-0.018321	0.186183
2019-12-26 00:00:00	-0.05998	-0.198377	0.272864	0	-0.220113	-0.00605207	0.0231849	0	0.212943	0	0	0	0	0	-0.09023	-0.0116798	0.0162886	0	0	0.0572972	0.0242466	0	0	0.170853	-0.0166678	0.174578
2019-12-27 00:00:00	-2.1592	0.248486	0.330328	0	0.282888	-0.0130661	0.0552729	0	0.377131	0	0	0	0	0	0.634223	-0.0116809	0.0162907	0	0	0.0538905	0.0234378	0	0	0.169917	-0.0175041	-0.0095852
2019-12-28 00:00:00	-0.114545	-0.199682	0.323279	0	-0.261795	-0.00602673	0.0240385	0	0.288968	0	0	0	0	0	-0.11687	-0.0116822	0.0162835	0	0	0.0498861	0.0223692	0	0	0.16917	-0.0178364	0.165557
2019-12-29 00:00:00	0	-0.282182	0.304118	0	-0.162858	-0.00501926	0.0197519	0	0.153962	0	0	0	0	0	-0.0198515	-0.0116788	0.0162721	0	0	0.0443895	0.0208786	0	0	0.169661	-0.0151153	0.232328
2019-12-30 00:00:00	-1.20473	0.415916	0.301914	0	0.0667346	-0.00536856	0.0207237	0	0.142292	0	0	0	0	0	0.204051	-0.0116753	0.0162598	0	0	0.0399799	0.0196532	0	0	0.168852	-0.0145637	0.160035
2019-12-31 00:00:00	-0.2	-0.0106114	0.195411	0	-0.171561	-0.0048108	0.0173836	0	0.172855	0	0	0	0	0	0.00906131	-0.0116753	0.0162494	0	0	0.0365972	0.0186634	0	0	0.167532	-0.015293	0.219801
2020-01-01 00:00:00	-0.0953666	-0.19505	0.293534	0	-0.095612	-0.00316525	0.0123594	0	0.0935714	0	0	0	0	0	0.0432934	-0.0116678	0.0162352	0	0	0.033114	0.0177316	0	0	0.16691	-0.0136076	0.26228
2020-01-02 00:00:00	-4.23242	0.180685	0.349404	0	0.76471	-0.0176852	0.0949365	0	0.627183	0	0	0	0	0	1.5266	-0.0116745	0.0162453	0	0	0.0345654	0.0180897	0	0	0.164173	-0.0191515	-0.504337
2020-01-03 00:00:00	-0.812201	-0.0187101	0.302126	0	-0.265759	-0.00990362	0.0386992	0	0.531265	0	0	0	0	0	0.077306	-0.011682	0.0162451	0	0	0.0368219	0.0186732	0	0	0.163697	-0.0207313	0.0458455
2020-01-04 00:00:00	-1.18673	-0.0123783	0.283858	0	0.0163624	-0.0103816	0.0380147	0	0.402345	0	0	0	0	0	0.31688	-0.0116827	0.0162384	0	0	0.0359727	0.018437	0	0	0.164781	-0.0177924	0.0539278
2020-01-05 00:00:00	-0.0854547	-0.251075	0.339459	0	-0.192295	-0.0052904	0.0202759	0	0.238564	0	0	0	0	0	-0.0536694	-0.0116807	0.0162172	0	0	0.0336366	0.0177883	0	0	0.165207	-0.0160951	0.215588
2020-01-06 00:00:00	-5.12504	0.220039	0.337306	0	0.71475	-0.0265055	0.151657	0	1.05178	0	0	0	0	0	1.93693	-0.0116904	0.0162417	0	0	0.037302	0.0191262	0	0	0.162141	-0.0231329	-0.539091
2020-01-07 00:00:00	-6.98148	-0.0134451	0.365546	0	0.542582	-0.052353	0.244249	0	2.4186	0	0	0	0	0	2.60849	-0.0117118	0.0162954	0	0	0.0495573	0.0229845	0	0	0.157645	-0.0344236	-0.667467
2020-01-08 00:00:00	-4.54854	-0.0154113	0.311635	0	-0.0709936	-0.0471267	0.208246	0	2.25083	0	0	0	0	0	1.3752	-0.0117384	0.0163385	0	0	0.0589205	0.0258747	0	0	0.158903	-0.0351304	-0.322993
2020-01-09 00:00:00	-12.1909	-0.0151121	0.272844	0	0.549592	-0.0967361	0.43558	0	4.60179	0	0	0	0	0	4.79004	-0.0117694	0.0164553	0	0	0.0818842	0.033569	0	0	0.158279	-0.0404788	-1.41498
2020-01-10 00:00:00	-4.33909	-0.0172091	0.281493	0	-0.52004	-0.0563102	0.246987	0	2.90511	0	0	0	0	0	0.921457	-0.0117947	0.0165522	0	0	0.102512	0.0403318	0	0	0.164447	-0.0356626	-0.301217
2020-01-11 00:00:00	-19.8901	-0.0157846	0.390477	0	1.12091	-0.160116	0.778028	0	8.07299	0	0	0	0	0	7.62718	-0.0118591	0.0166952	0	0	0.138775	0.0521028	0	0	0.157605	-0.0529232	-1.77597
2020-01-12 00:00:00	-2.48863	-0.0155749	0.317962	0	-1.003	-0.0616845	0.243059	0	3.51647	0	0	0	0	0	-0.675791	-0.0119056	0.0167609	0	0	0.157157	0.0571151	0	0	0.168853	-0.0415033	0.179283
2020-01-13 00:00:00	-6.58678	-0.0104615	0.333	0	0.581066	-0.0722004	0.279339	0	3.22743	0	0	0	0	0	1.74186	-0.0119278	0.0168237	0	0	0.152687	0.0554181	0	0	0.173201	-0.0375299	-0.158074
2020-01-14 00:00:00	-3.55779	-0.0206165	0.299626	0	-0.649977	-0.0544155	0.224037	0	2.74183	0	0	0	0	0	0.348045	-0.0119548	0.0168593	0	0	0.147519	0.0531911	0	0	0.175453	-0.0361897	-0.324384
2020-01-15 00:00:00	0	-0.327806	0.345532	0	-0.373906	-0.0244945	0.0936108	0	1.21296	0	0	0	0	0	-0.87168	-0.011961	0.0168546	0	0	0.130393	0.0476707	0	0	0.180143	-0.0285988	0.388717
2020-01-16 00:00:00	-5.70054	0.294285	0.388217	0	0.417246	-0.0466635	0.200969	0	1.98101	0	0	0	0	0	1.5889	-0.0119741	0.0168907	0	0	0.122896	0.0452867	0	0	0.17951	-0.0309458	-0.554915
2020-01-17 00:00:00	-0.295367	-0.0751756	0.336804	0	-0.602979	-0.0216338	0.0856314	0	1.16113	0	0	0	0	0	-0.637149	-0.0119881	0.0168919	0	0	0.113516	0.0422425	0	0	0.181209	-0.027629	0.265504
2020-01-18 00:00:00	-0.0992187	-0.202152	0.312899	0	-0.185355	-0.0119726	0.0474	0	0.497347	0	0	0	0	0	-0.434668	-0.011991	0.0168844	0	0	0.098107	0.0375558	0	0	0.184148	-0.0213341	0.227649
2020-01-19 00:00:00	-0.0854547	-0.199327	0.29945	0	-0.232127	-0.0080242	0.032431	0	0.317096	0	0	0	0	0	-0.251059	-0.0119921	0.016875	0	0	0.0835553	0.0331789	0	0	0.185066	-0.0189385	0.16073
2020-01-20 00:00:00	0	-0.336091	0.365784	0	-0.152567	-0.0057524	0.0236533	0	0.217231	0	0	0	0	0	-0.141429	-0.0119916	0.0168666	0	0	0.0720669	0.0297704	0	0	0.185234	-0.0173626	0.245412
2020-01-21 00:00:00	-0.219179	-0.17893	0.419771	0	-0.179773	-0.00634994	0.0253494	0	0.207197	0	0	0	0	0	-0.0770254	-0.0119924	0.0168607	0	0	0.0643803	0.02756	0	0	0.18496	-0.0165166	0.256312
2020-01-22 00:00:00	-0.104633	-0.250565	0.380541	0	-0.157992	-0.00461543	0.0188702	0	0.143799	0	0	0	0	0	-0.00947872	-0.011995	0.0168697	0	0	0.0563692	0.0252386	0	0	0.184586	-0.0155055	0.271489
2020-01-23 00:00:00	-0.0408013	-0.25783	0.425273	0	-0.13989	-0.00419834	0.0165705	0	0.112628	0	0	0	0	0	-0.00112665	-0.0119935	0.0168579	0	0	0.0496985	0.0233236	0	0	0.183966	-0.0145886	0.357889
2020-01-24 00:00:00	-0.444653	0.0301382	0.422269	0	-0.0641878	-0.00306546	0.0110985	0	0.0883671	0	0	0	0	0	0.00271183	-0.0119915	0.0168475	0	0	0.044474	0.0218505	0	0	0.182949	-0.0142207	0.282587
2020-01-25 00:00:00	0	-0.111883	0.336951	0	-0.142922	-0.00241001	0.00904499	0	0.0660968	0	0	0	0	0	0.011247	-0.0119877	0.0168319	0	0	0.0388746	0.0203037	0	0	0.182093	-0.0135108	0.39873
2020-01-26 00:00:00	-1.87851	1.18928	0.393896	0	0.025744	-0.00438295	0.0146214	0	0.0822443	0	0	0	0	0	0.22916	-0.0119872	0.0168234	0	0	0.0359271	0.0194632	0	0	0.180632	-0.0133647	0.279541
2020-01-27 00:00:00	-2.28819	0.248126	0.383233	0	0.311342	-0.0126802	0.0511525	0	0.273737	0	0	0	0	0	0.742491	-0.0119924	0.0168377	0	0	0.0377352	0.0200329	0	0	0.178861	-0.0148132	-0.0641259
2020-01-28 00:00:00	-10.3262	-0.000243952	0.376755	0	1.40959	-0.0666379	0.271543	0	2.1889	0	0	0	0	0	4.21025	-0.0120405	0.0169333	0	0	0.0587508	0.0271198	0	0	0.173517	-0.0275108	-1.69931
2020-01-29 00:00:00	-8.90656	-0.0172067	0.44123	0	0.316713	-0.0730614	0.375134	0	3.68143	0	0	0	0	0	2.94881	-0.0120762	0.0170461	0	0	0.0852898	0.0354725	0	0	0.169209	-0.03977	-0.97834
2020-01-30 00:00:00	-0.578768	-0.172733	0.520473	0	-0.531561	-0.0267892	0.121783	0	1.533	0	0	0	0	0	-0.664859	-0.012086	0.0170707	0	0	0.0851937	0.0351191	0	0	0.176504	-0.0308246	0.471522
2020-01-31 00:00:00	-1.63128	0.152446	0.561654	0	-0.186871	-0.0187761	0.0919349	0	0.884984	0	0	0	0	0	-0.119834	-0.0120849	0.0170675	0	0	0.0746674	0.0317638	0	0	0.18005	-0.026315	-0.000593073
2020-02-01 00:00:00	-3.88694	-0.0107397	0.493207	0	0.257454	-0.0306062	0.161948	0	1.40997	0	0	0	0	0	1.09525	-0.0120919	0.0171	0	0	0.0723228	0.0309912	0	0	0.179216	-0.0283447	-0.251257
2020-02-02 00:00:00	-6.60321	-0.0129892	0.444694	0	0.331173	-0.0588487	0.243749	0	2.62266	0	0	0	0	0	2.22002	-0.01211	0.0171501	0	0	0.0808442	0.0334388	0	0	0.176556	-0.0349033	-0.55177
2020-02-03 00:00:00	-11.8429	-0.00126766	0.468789	0	0.781755	-0.108108	0.453606	0	4.92385	0	0	0	0	0	4.36288	-0.0121723	0.0172706	0	0	0.110511	0.0420987	0	0	0.173645	-0.0420182	-0.672027
2020-02-04 00:00:00	-2.69168	-0.0152274	0.475022	0	-0.871479	-0.0547317	0.17881	0	2.67532	0	0	0	0	0	-0.108635	-0.0121958	0.0173303	0	0	0.120619	0.044971	0	0	0.179992	-0.0361459	-0.0980287
2020-02-05 00:00:00	0	-0.441713	0.472095	0	-0.279632	-0.0170809	0.0554962	0	0.806303	0	0	0	0	0	-0.569166	-0.0122036	0.017346	0	0	0.101508	0.0389376	0	0	0.186411	-0.0256958	0.332605
2020-02-06 00:00:00	0	-0.441804	0.48201	0	-0.552006	-0.0152077	0.0558575	0	0.654725	0	0	0	0	0	-0.484068	-0.0122071	0.0173432	0	0	0.092183	0.0362363	0	0	0.187844	-0.022456	-0.00154852
2020-02-07 00:00:00	-0.4	-0.091754	0.503591	0	-0.191045	-0.0121233	0.0459361	0	0.428374	0	0	0	0	0	-0.297973	-0.0122129	0.0173378	0	0	0.0808047	0.0328493	0	0	0.188569	-0.0198413	0.272512
2020-02-08 00:00:00	-14.9913	0.928952	0.58203	0	1.83738	-0.0997311	0.462873	0	4.11457	0	0	0	0	0	5.50917	-0.0122496	0.0174413	0	0	0.0977409	0.0384575	0	0	0.180156	-0.036627	-1.37117
2020-02-09 00:00:00	-24.3458	-0.0111444	0.613462	0	0.722261	-0.229695	0.958998	0	11.2071	0	0	0	0	0	8.95888	-0.0123453	0.0177118	0	0	0.178862	0.064795	0	0	0.168947	-0.059847	-1.76785
2020-02-10 00:00:00	-17.8512	-0.00974583	0.472393	0	-0.281921	-0.205186	0.817137	0	9.99056	0	0	0	0	0	5.48436	-0.012496	0.0180252	0	0	0.329977	0.110833	0	0	0.17629	-0.0562132	-1.01723
2020-02-11 00:00:00	-11.8659	-0.00682346	0.453396	0	0.0616998	-0.163838	0.629455	0	7.61321	0	0	0	0	0	2.6355	-0.0126319	0.0182359	0	0	0.403865	0.132876	0	0	0.183668	-0.0517397	0.0309755
2020-02-12 00:00:00	-3.98539	-0.0111897	0.479732	0	-0.699848	-0.0822793	0.297097	0	3.9371	0	0	0	0	0	-0.409163	-0.0127042	0.018376	0	0	0.379949	0.125567	0	0	0.192856	-0.0398586	0.190249
2020-02-13 00:00:00	-13.4878	-0.0118224	0.54556	0	0.57453	-0.166932	0.633787	0	6.87331	0	0	0	0	0	3.71709	-0.0127565	0.0185379	0	0	0.371738	0.124075	0	0	0.188422	-0.0495312	-0.681797
2020-02-14 00:00:00	-12.4913	-0.0145068	0.605788	0	-0.476619	-0.202651	0.696405	0	6.29382	0	0	0	0	0	3.90452	-0.012845	0.0189893	0	0	0.466319	0.165537	0	0	0.193681	-0.0441299	-0.896963
2020-02-15 00:00:00	-8.86131	-0.0117625	0.648202	0	0.270602	-0.13571	0.506987	0	5.25406	0	0	0	0	0	1.63981	-0.0129301	0.0192674	0	0	0.49778	0.177991	0	0	0.194524	-0.0456349	0.141873
2020-02-16 00:00:00	-1.10708	-0.0160327	0.6541	0	-0.673943	-0.0506585	0.183557	0	2.24781	0	0	0	0	0	-1.09677	-0.0129801	0.0195217	0	0	0.412302	0.148254	0	0	0.200849	-0.0364337	0.872496
2020-02-17 00:00:00	-7.32677	-0.020052	0.656753	0	0.284488	-0.077385	0.317396	0	3.87353	0	0	0	0	0	1.29456	-0.0130104	0.0196025	0	0	0.374607	0.133427	0	0	0.196617	-0.0436941	-0.329937
2020-02-18 00:00:00	-2.88131	0.00730713	0.621291	0	-0.193792	-0.0545797	0.219354	0	2.82919	0	0	0	0	0	-0.430486	-0.0130489	0.0197182	0	0	0.323721	0.114357	0	0	0.199326	-0.0400238	0.721026
2020-02-19 00:00:00	-2.8956	-0.0132403	0.681352	0	-0.203143	-0.0428315	0.16272	0	1.91606	0	0	0	0	0	0.161534	-0.0131005	0.0199264	0	0	0.270495	0.0960477	0	0	0.203172	-0.0348125	0.308574
2020-02-20 00:00:00	-17.3527	-0.0152608	0.65798	0	1.13582	-0.167496	0.649427	0	7.47259	0	0	0	0	0	5.77212	-0.0131663	0.0201131	0	0	0.290708	0.10159	0	0	0.192841	-0.0511214	-1.30652
2020-02-21 00:00:00	-11.9539	-0.000399382	0.779012	0	0.0398575	-0.153765	0.617038	0	7.42526	0	0	0	0	0	2.8122	-0.0133455	0.0203925	0	0	0.321017	0.109082	0	0	0.193451	-0.052591	0.143324
2020-02-22 00:00:00	-13.4394	-0.00251062	0.656713	0	0.458975	-0.164129	0.640057	0	7.79485	0	0	0	0	0	3.32471	-0.0134909	0.0206668	0	0	0.340159	0.113354	0	0	0.194586	-0.0539489	-0.129398
2020-02-23 00:00:00	-8.84596	-0.0163454	0.676242	0	-0.740758	-0.128546	0.490789	0	6.29315	0	0	0	0	0	1.35263	-0.0136476	0.0209228	0	0	0.337021	0.111979	0	0	0.19848	-0.0512614	-0.315308
2020-02-24 00:00:00	-7.11882	-0.00160342	0.582075	0	-0.142013	-0.117942	0.38902	0	4.86909	0	0	0	0	0	1.11776	-0.0137632	0.0212987	0	0	0.330081	0.111019	0	0	0.203964	-0.0443945	0.185776
2020-02-25 00:00:00	-2.0382	-0.0209607	0.627655	0	-0.814573	-0.0622406	0.190747	0	2.68926	0	0	0	0	0	-0.76121	-0.0138259	0.021509	0	0	0.297923	0.101288	0	0	0.209531	-0.037238	0.389656
2020-02-26 00:00:00	-0.43992	-0.311846	0.685312	0	-0.189996	-0.0274288	0.0901812	0	1.03013	0	0	0	0	0	-0.889988	-0.0138937	0.0217808	0	0	0.25593	0.0885239	0	0	0.214425	-0.0281326	0.48508
2020-02-27 00:00:00	-4.48442	0.318815	0.685084	0	0.362142	-0.0552256	0.186398	0	1.851	0	0	0	0	0	0.766743	-0.0139429	0.0219423	0	0	0.230287	0.0810975	0	0	0.213169	-0.0310252	0.132063
2020-02-28 00:00:00	-13.0167	-0.0208506	0.76544	0	0.873181	-0.129229	0.505939	0	5.59948	0	0	0	0	0	3.924	-0.0140041	0.0222235	0	0	0.244823	0.0860676	0	0	0.204671	-0.045445	-1.00035
2020-02-29 00:00:00	-17.265	-0.00992851	0.790311	0	0.303775	-0.202719	0.74998	0	9.1307	0	0	0	0	0	5.08923	-0.0141427	0.0229211	0	0	0.303295	0.106866	0	0	0.199046	-0.055511	-0.851221
2020-03-01 00:00:00	-19.4169	0.011512	0.774317	0	1.03603	-0.256591	0.956376	0	11.5165	0	0	0	0	0	5.01592	-0.0143001	0.0235671	0	0	0.382488	0.137002	0	0	0.197857	-0.061951	0.30178
2020-03-02 00:00:00	-0.0893068	-0.634323	0.773004	0	-2.19783	-0.0664363	0.225559	0	3.7131	0	0	0	0	0	-2.28035	-0.0143897	0.023803	0	0	0.360541	0.12982	0	0	0.213078	-0.0425698	0.113697
2020-03-03 00:00:00	-0.644653	-0.123971	0.788823	0	-0.136118	-0.0395105	0.131625	0	1.45951	0	0	0	0	0	-1.02783	-0.014455	0.0238971	0	0	0.292031	0.10678	0	0	0.220348	-0.0311382	1.00534
2020-03-04 00:00:00	-0.2	-0.321589	0.706721	0	-0.496468	-0.024259	0.0764807	0	1.06098	0	0	0	0	0	-0.972381	-0.0144659	0.0239703	0	0	0.256071	0.0948864	0	0	0.220592	-0.0296624	0.38088
2020-03-05 00:00:00	-0.0854547	-0.198788	0.764312	0	-0.2906	-0.0101085	0.0312014	0	0.38074	0	0	0	0	0	-0.463246	-0.0144736	0.0240971	0	0	0.198287	0.0764413	0	0	0.223523	-0.0230522	0.612879
