Time	Precip	Canopy Stor. Change	Evapotrans	Snow Stor.Change	OL Stor.Change	OL Bou.Inflow	OL Bou.Outflow	OL->Ext.Sinks	OL->River/MOUSE	OL Drain Stor. Change	OL Drain->River/MOUSE	OL Drain->OL IN	OL Drain->OL OUT	Irrigation	SubSurf.Stor.Change	SubSurf.Bou.Inflow	SubSurf.Bou.Outflow	SubSurf->Ext.Sinks	Pumping	SZ Drain->River	SZ Drain->Ext.River	SZ Drain Inflow	SZ Drain Outflow	Baseflow to river	Baseflow from river	Error
2011-03-22 00:00:00	0	0	0	0	0	0	0	0	0	0	0	0	0	0	0	0	0	0	0	0	0	0	0	0	0	0
2011-03-23 00:00:00	0	-0.967763	1.34761	0	-0.0100251	0	0.000102341	0	0	0	0	0	0	0	-1.00184	-0.230233	0.0616604	0	0	1.71958	0	0	0	0.0926103	-0.0324413	0.979257
2011-03-24 00:00:00	0	-0.718397	1.55255	0	-0.0165417	0	0	0	0	0	0	0	0	0	-1.24951	-0.229707	0.0615548	0	0	1.51475	0	0	0	0.0921672	-0.0360945	0.970771
2011-03-25 00:00:00	0	-0.51309	1.14016	0	-0.0123801	0	0	0	0	0	0	0	0	0	-0.749973	-0.22915	0.0614455	0	0	1.33056	0	0	0	0.0921927	-0.0336206	1.08614
2011-03-26 00:00:00	0	-0.439469	1.21629	0	-0.0122644	0	0	0	0	0	0	0	0	0	-1.02009	-0.228692	0.0613583	0	0	1.19876	0	0	0	0.0921578	-0.0303274	0.837726
2011-03-27 00:00:00	0	0	1.17355	0	-0.00888372	0	0	0	0	0	0	0	0	0	-1.2602	-0.22827	0.0612789	0	0	1.08274	0	0	0	0.0921352	-0.0281467	0.88421
2011-03-28 00:00:00	0	0	1.25153	0	-0.00522837	0	0	0	0	0	0	0	0	0	-1.65139	-0.227646	0.0611654	0	0	0.948194	0	0	0	0.0921153	-0.0266359	0.442102
2011-03-29 00:00:00	-1.58649	0.204359	1.25708	0	0.00099614	0	0	0	0	0	0	0	0	0	0.0135676	-0.227344	0.0611152	0	0	0.894559	0	0	0	0.0919692	-0.0243081	0.685502
2011-03-30 00:00:00	-3.5955	0.227664	1.39564	0	0.0122831	0	0	0	0	0	0	0	0	0	0.999672	-0.227185	0.0610978	0	0	0.89905	0	0	0	0.0920129	-0.02363	-0.158893
2011-03-31 00:00:00	-6.03153	0.0642023	1.48199	0	0.0434017	-0.00616444	0.00857357	0	0	0	0	0	0	0	2.4579	-0.227497	0.0611697	0	0	0.99403	0	0	0	0.092148	-0.0257273	-1.0875
2011-04-01 00:00:00	-0.795496	-0.47913	1.67497	0	-0.00810016	-0.000164621	0.000599955	0	0	0	0	0	0	0	-0.766546	-0.227318	0.0611495	0	0	1.01701	0	0	0	0.0922826	-0.0269586	0.542296
2011-04-02 00:00:00	-2.58199	0.485231	1.65528	0	0.00545116	0	0.00155229	0	0	0	0	0	0	0	-0.228197	-0.226832	0.0610599	0	0	0.953629	0	0	0	0.0921823	-0.0260943	0.191274
2011-04-03 00:00:00	0	-0.497997	1.37033	0	-0.0143458	0	0.000238274	0	0	0	0	0	0	0	-0.88838	-0.226539	0.0610076	0	0	0.912352	0	0	0	0.0920762	-0.0248058	0.783939
2011-04-04 00:00:00	-1.61801	0.130526	1.48528	0	-6.16593E-05	0	0.000160656	0	0	0	0	0	0	0	-0.329827	-0.226069	0.060927	0	0	0.846718	0	0	0	0.092084	-0.0231533	0.418569
2011-04-05 00:00:00	-11.8	0.629894	1.89025	0	0.0247417	-0.0182178	0.0564177	0	0	0	0	0	0	0	5.66382	-0.226923	0.0611033	0	0	1.00591	0	0	0	0.092283	-0.0249763	-2.6457
2011-04-06 00:00:00	-11.6	0.0402851	1.99649	0	0.00567615	-0.0244991	0.0700352	0	0	0	0	0	0	0	5.60653	-0.228495	0.0614087	0	0	1.35602	0	0	0	0.0931001	-0.0306837	-2.65413
2011-04-07 00:00:00	0	-0.774243	1.60964	0	-0.0187377	-0.000276025	0.00186966	0	0	0	0	0	0	0	-1.12305	-0.228617	0.061427	0	0	1.41771	0	0	0	0.093517	-0.0337978	1.00545
2011-04-08 00:00:00	0	-0.0134584	1.49824	0	-0.0219884	0	4.58018E-05	0	0	0	0	0	0	0	-1.68547	-0.228132	0.0613367	0	0	1.2522	0	0	0	0.0934701	-0.0309489	0.925288
2011-04-09 00:00:00	0	-0.0173395	2.28429	0	-0.0282123	0	0	0	0	0	0	0	0	0	-2.25758	-0.227446	0.0612143	0	0	1.04719	0	0	0	0.0934455	-0.0293501	0.92621
2011-04-10 00:00:00	0	0	1.92523	0	-0.00497571	0	0	0	0	0	0	0	0	0	-1.16525	-0.226819	0.0611093	0	0	0.88686	0	0	0	0.0932875	-0.0267491	1.5427
2011-04-11 00:00:00	-0.804504	0	1.61395	0	-0.000971629	0	0	0	0	0	0	0	0	0	-1.23316	-0.226462	0.061055	0	0	0.816782	0	0	0	0.0937434	-0.0236116	0.296814
2011-04-12 00:00:00	-0.2	0	1.39323	0	-0.000167227	0	0	0	0	0	0	0	0	0	-1.28584	-0.226195	0.0610098	0	0	0.773733	0	0	0	0.0932662	-0.0216849	0.587354
2011-04-13 00:00:00	0	0	1.47759	0	-0.000950475	0	0	0	0	0	0	0	0	0	-1.50509	-0.22562	0.0609056	0	0	0.696848	0	0	0	0.0932666	-0.0206283	0.576316
2011-04-14 00:00:00	-0.195496	0	1.6522	0	-0.000149584	0	0	0	0	0	0	0	0	0	-1.11374	-0.224967	0.0607869	0	0	0.626702	0	0	0	0.0931099	-0.0197898	0.878651
2011-04-15 00:00:00	-0.413511	0	1.59209	0	-1.43787E-05	0	0	0	0	0	0	0	0	0	-1.44387	-0.224522	0.0607195	0	0	0.588076	0	0	0	0.0932102	-0.0188947	0.233289
2011-04-16 00:00:00	0	0	1.55495	0	0	0	0	0	0	0	0	0	0	0	-1.43604	-0.223899	0.0606195	0	0	0.548476	0	0	0	0.0928686	-0.0182476	0.578737
2011-04-17 00:00:00	0	0	1.69765	0	0	0	0	0	0	0	0	0	0	0	-1.68354	-0.223553	0.0604922	0	0	0.508311	0	0	0	0.0927397	-0.0172151	0.434888
2011-04-18 00:00:00	0	0	2.07565	0	0	0	0	0	0	0	0	0	0	0	-2.03852	-0.222921	0.0604062	0	0	0.463955	0	0	0	0.0926139	-0.0162902	0.414894
2011-04-19 00:00:00	-0.2	0	2.04754	0	0	0	0	0	0	0	0	0	0	0	-1.64214	-0.222258	0.0603265	0	0	0.428095	0	0	0	0.0924946	-0.0153244	0.548733
2011-04-20 00:00:00	0	0	2.20949	0	0	0	0	0	0	0	0	0	0	0	-1.9312	-0.221741	0.0602533	0	0	0.39038	0	0	0	0.0923566	-0.0146376	0.584899
2011-04-21 00:00:00	0	0	1.8688	0	0	0	0	0	0	0	0	0	0	0	-1.57205	-0.221278	0.0601545	0	0	0.363374	0	0	0	0.0922192	-0.0139559	0.577269
2011-04-22 00:00:00	-0.195496	0	1.84915	0	0	0	0	0	0	0	0	0	0	0	-1.5019	-0.220478	0.0601154	0	0	0.347943	0	0	0	0.0920973	-0.0132159	0.418219
2011-04-23 00:00:00	-6.19099	1.61342	2.2289	0	0.00193668	0	0	0	0	0	0	0	0	0	1.14595	-0.220565	0.0598003	0	0	0.407201	0	0	0	0.0919483	-0.0131799	-0.875579
2011-04-24 00:00:00	-0.00450358	-1.42435	2.17016	0	-0.001246	0	0	0	0	0	0	0	0	0	-0.920839	-0.219692	0.0598854	0	0	0.45598	0	0	0	0.0919484	-0.0148839	0.192458
2011-04-25 00:00:00	0	-0.189066	1.69732	0	-0.000687076	0	0	0	0	0	0	0	0	0	-1.46507	-0.218761	0.0598418	0	0	0.444683	0	0	0	0.0918545	-0.0150826	0.405035
2011-04-26 00:00:00	0	0	1.8118	0	0	0	0	0	0	0	0	0	0	0	-1.58764	-0.218069	0.0597203	0	0	0.412139	0	0	0	0.0916851	-0.0147814	0.554856
2011-04-27 00:00:00	-0.00450358	0	2.24	0	0	0	0	0	0	0	0	0	0	0	-2.13768	-0.217298	0.0596221	0	0	0.373852	0	0	0	0.0917426	-0.0143128	0.391419
2011-04-28 00:00:00	0	0	2.22799	0	0	0	0	0	0	0	0	0	0	0	-2.07157	-0.216229	0.0594846	0	0	0.340427	0	0	0	0.0914428	-0.0134003	0.418146
2011-04-29 00:00:00	-0.204504	0	2.3178	0	0	0	0	0	0	0	0	0	0	0	-1.92437	-0.215619	0.0593879	0	0	0.314669	0	0	0	0.0913183	-0.0127181	0.425966
2011-04-30 00:00:00	0	0	1.75501	0	0	0	0	0	0	0	0	0	0	0	-1.75789	-0.215124	0.0591913	0	0	0.300861	0	0	0	0.0911739	-0.0122512	0.220974
2011-05-01 00:00:00	0	0	2.45751	0	0	0	0	0	0	0	0	0	0	0	-2.3533	-0.214501	0.059139	0	0	0.276378	0	0	0	0.0910144	-0.0120145	0.304218
2011-05-02 00:00:00	0	0	1.99761	0	0	0	0	0	0	0	0	0	0	0	-1.89904	-0.214103	0.0589596	0	0	0.260177	0	0	0	0.0908675	-0.0115936	0.282878
2011-05-03 00:00:00	-0.00450358	0	1.95052	0	0	0	0	0	0	0	0	0	0	0	-1.68507	-0.213619	0.058871	0	0	0.249054	0	0	0	0.0907118	-0.0113279	0.434631
2011-05-04 00:00:00	0	0	2.4166	0	0	0	0	0	0	0	0	0	0	0	-2.004	-0.213178	0.0587736	0	0	0.229959	0	0	0	0.0905508	-0.0111428	0.567556
2011-05-05 00:00:00	-1.60901	0	2.12456	0	-3.25817E-12	0	0	0	0	0	0	0	0	0	-0.592899	-0.212696	0.058642	0	0	0.247601	0	0	0	0.0903997	-0.0108194	0.0957818
2011-05-06 00:00:00	-8.42252	1.71124	2.65849	0	1.99538E-05	0	0	0	0	0	0	0	0	0	2.4032	-0.212959	0.0586877	0	0	0.318622	0	0	0	0.0902763	-0.0116558	-1.4066
2011-05-07 00:00:00	-13.1234	0.0345	2.69584	0	0.00525193	0	0.000272672	0	0	0	0	0	0	0	6.60867	-0.214262	0.0589347	0	0	0.57367	0	0	0	0.0909408	-0.0159386	-3.28556
2011-05-08 00:00:00	-8.17298	0.0052856	2.6333	0	0.0427169	0	0.00530134	0	0	0	0	0	0	0	3.27499	-0.215305	0.0591457	0	0	0.828389	0	0	0	0.091605	-0.0213777	-1.46893
2011-05-09 00:00:00	-4.93695	0.000571393	2.43766	0	0.0144601	0	0.00928921	0	0	0	0	0	0	0	1.22299	-0.215589	0.0591986	0	0	0.930882	0	0	0	0.0918476	-0.0241294	-0.409772
2011-05-10 00:00:00	-3.5955	0.0265454	2.5672	0	0.00335831	-0.00150817	0.00592936	0	0	0	0	0	0	0	0.251324	-0.215479	0.0591605	0	0	0.941451	0	0	0	0.0919076	-0.0248581	0.109534
2011-05-11 00:00:00	-2.5955	-0.058324	2.52458	0	-0.000604808	-0.000117265	0.00167251	0	0	0	0	0	0	0	-0.273675	-0.215154	0.0590856	0	0	0.90885	0	0	0	0.0918604	-0.0242381	0.418437
2011-05-12 00:00:00	-3.03153	0.0575548	2.46772	0	0.00148596	0	0.00319357	0	0	0	0	0	0	0	0.0217808	-0.214836	0.0590177	0	0	0.875381	0	0	0	0.0917577	-0.0232237	0.308311
2011-05-13 00:00:00	-1.61351	-0.561457	2.26854	0	-0.00303758	0	0.000829943	0	0	0	0	0	0	0	-0.391814	-0.214457	0.0589403	0	0	0.842403	0	0	0	0.0916739	-0.022621	0.455491
2011-05-14 00:00:00	0	-1.14866	2.26511	0	-0.0212929	0	9.1516E-05	0	0	0	0	0	0	0	-1.23106	-0.214007	0.0588417	0	0	0.78874	0	0	0	0.0915611	-0.0218965	0.567422
2011-05-15 00:00:00	-0.413511	-0.0130078	2.1357	0	-0.0226416	0	0	0	0	0	0	0	0	0	-1.8513	-0.213405	0.0586887	0	0	0.687392	0	0	0	0.0914729	-0.0211518	0.438236
2011-05-16 00:00:00	-3.07206	0.398479	2.6214	0	1.91689E-05	0	0	0	0	0	0	0	0	0	0.346863	-0.212854	0.0586087	0	0	0.66651	0	0	0	0.091405	-0.0198966	0.878481
2011-05-17 00:00:00	0	-0.404381	2.35643	0	-0.0163503	0	0	0	0	0	0	0	0	0	-2.41938	-0.212627	0.058559	0	0	0.622325	0	0	0	0.0914572	-0.0193551	0.0566766
2011-05-18 00:00:00	-1.04053	0.000329036	2.37166	0	-0.00123911	0	0	0	0	0	0	0	0	0	-1.20337	-0.212011	0.0584295	0	0	0.560765	0	0	0	0.0909302	-0.0185097	0.606454
2011-05-19 00:00:00	-0.209007	-0.0192832	2.07825	0	-0.00129467	0	0	0	0	0	0	0	0	0	-1.91712	-0.211919	0.0583829	0	0	0.526621	0	0	0	0.0910489	-0.0169795	0.378693
2011-05-20 00:00:00	-0.422518	-0.0084042	2.0603	0	-0.000506338	0	0	0	0	0	0	0	0	0	-1.64489	-0.211151	0.0582261	0	0	0.46955	0	0	0	0.0908818	-0.0161846	0.375307
2011-05-21 00:00:00	-4.59099	1.37824	2.57346	0	0.00122179	0	0	0	0	0	0	0	0	0	0.263791	-0.210968	0.0581108	0	0	0.481076	0	0	0	0.0910143	-0.0154337	0.0295126
2011-05-22 00:00:00	-5.25404	0.365111	2.53568	0	0.00270269	0	0	0	0	0	0	0	0	0	1.3493	-0.210939	0.0581225	0	0	0.545076	0	0	0	0.0908335	-0.0164163	-0.534571
2011-05-23 00:00:00	-11.4946	0.0502889	2.59015	0	0.0659758	-0.00256113	0.0203169	0	0	0	0	0	0	0	5.39988	-0.21189	0.058331	0	0	0.745259	0	0	0	0.0912177	-0.0197049	-2.70731
2011-05-24 00:00:00	-4.29908	0.00366722	2.48447	0	-0.00253556	-0.00404283	0.0139161	0	0	0	0	0	0	0	0.794809	-0.212383	0.0584435	0	0	0.905842	0	0	0	0.0916258	-0.0234678	-0.188736
2011-05-25 00:00:00	0	-1.57984	2.37997	0	-0.0172186	-7.95364E-05	0.00082265	0	0	0	0	0	0	0	-1.10028	-0.212082	0.0583685	0	0	0.886597	0	0	0	0.0915729	-0.0235994	0.48423
2011-05-26 00:00:00	-0.6	-0.184459	2.4446	0	-0.025796	0	0	0	0	0	0	0	0	0	-1.74869	-0.211444	0.058217	0	0	0.776804	0	0	0	0.0915102	-0.0225667	0.578178
2011-05-27 00:00:00	-1.0045	-0.0133245	2.46435	0	-0.0166485	0	0	0	0	0	0	0	0	0	-0.806371	-0.210868	0.0580919	0	0	0.690824	0	0	0	0.0912721	-0.021152	1.23167
2011-05-28 00:00:00	-5.64954	1.73664	2.70099	0	0.0174548	0	0	0	0	0	0	0	0	0	0.0462401	-0.210865	0.0580891	0	0	0.699738	0	0	0	0.0915427	-0.0198752	-0.529583
2011-05-29 00:00:00	-1.21801	-1.17193	2.59938	0	-0.00461676	0	0.000163557	0	0	0	0	0	0	0	-0.485095	-0.21057	0.0580281	0	0	0.700492	0	0	0	0.0912972	-0.0199571	0.339181
2011-05-30 00:00:00	-0.404504	-0.565099	2.46031	0	-0.0152417	0	0	0	0	0	0	0	0	0	-1.46672	-0.21005	0.057912	0	0	0.658291	0	0	0	0.0911683	-0.0196076	0.586458
2011-05-31 00:00:00	-0.00450358	-0.0232031	2.86708	0	-0.00428494	0	0	0	0	0	0	0	0	0	-2.67631	-0.20916	0.0578191	0	0	0.556108	0	0	0	0.0911201	-0.0186294	0.636043
2011-06-01 00:00:00	-0.195496	-0.0170816	2.38404	0	-0.0013472	0	0	0	0	0	0	0	0	0	-1.59808	-0.20844	0.0576695	0	0	0.472689	0	0	0	0.0909013	-0.0169387	0.967922
2011-06-02 00:00:00	0	0	2.58467	0	-4.41748E-05	0	0	0	0	0	0	0	0	0	-2.62584	-0.208054	0.0575712	0	0	0.406543	0	0	0	0.0912305	-0.0154355	0.290641
2011-06-03 00:00:00	-0.00450358	0	2.51415	0	0	0	0	0	0	0	0	0	0	0	-2.00863	-0.207534	0.0574648	0	0	0.351741	0	0	0	0.0908758	-0.0142053	0.779361
2011-06-04 00:00:00	0	0	2.05889	0	0	0	0	0	0	0	0	0	0	0	-1.89137	-0.206966	0.0570266	0	0	0.317991	0	0	0	0.0907863	-0.0129622	0.413396
2011-06-05 00:00:00	-0.195496	0	2.04536	0	0	0	0	0	0	0	0	0	0	0	-1.69321	-0.20643	0.0569745	0	0	0.297287	0	0	0	0.0906472	-0.0123449	0.382786
2011-06-06 00:00:00	-0.00450358	0	1.97882	0	0	0	0	0	0	0	0	0	0	0	-1.87192	-0.20586	0.056911	0	0	0.278205	0	0	0	0.0903793	-0.0119818	0.310054
2011-06-07 00:00:00	-2.67206	0.0338748	2.69289	0	1.00072E-10	0	0	0	0	0	0	0	0	0	-0.557176	-0.205353	0.0568282	0	0	0.300908	0	0	0	0.0902197	-0.0116577	-0.271518
2011-06-08 00:00:00	-3.7955	1.00402	2.68882	0	-7.3997E-07	0	0	0	0	0	0	0	0	0	-0.0495155	-0.204108	0.0563611	0	0	0.327849	0	0	0	0.0899465	-0.0122623	0.105613
2011-06-09 00:00:00	-1.62702	-0.961195	2.69295	0	1.38671E-06	0	0	0	0	0	0	0	0	0	-0.571929	-0.203938	0.0564154	0	0	0.359497	0	0	0	0.0897441	-0.0129243	-0.178396
2011-06-10 00:00:00	-0.222518	-0.0764468	2.12635	0	0	0	0	0	0	0	0	0	0	0	-1.94229	-0.203406	0.0563268	0	0	0.359224	0	0	0	0.0895474	-0.0132264	0.173559
2011-06-11 00:00:00	-6.8045	1.87364	2.49671	0	0.00214391	0	0	0	0	0	0	0	0	0	1.39551	-0.203266	0.0563088	0	0	0.388439	0	0	0	0.0894881	-0.0132233	-0.718739
2011-06-12 00:00:00	-6.2	-0.069386	2.75073	0	0.00302415	0	0.000269139	0	0	0	0	0	0	0	2.21828	-0.20359	0.0563798	0	0	0.51701	0	0	0	0.0896826	-0.0152414	-0.852839
2011-06-13 00:00:00	-0.2	-1.7614	2.82909	0	-0.00156472	0	5.58724E-05	0	0	0	0	0	0	0	-1.14007	-0.203356	0.0563391	0	0	0.55919	0	0	0	0.0896905	-0.0171905	0.210779
2011-06-14 00:00:00	0	-0.0431098	2.40265	0	-0.00303505	0	0	0	0	0	0	0	0	0	-1.86315	-0.202637	0.0562011	0	0	0.486177	0	0	0	0.0895475	-0.0170787	0.905558
2011-06-15 00:00:00	0	0	2.44222	0	-0.00058396	0	0	0	0	0	0	0	0	0	-2.37576	-0.202201	0.0561262	0	0	0.421086	0	0	0	0.0897268	-0.0156453	0.414971
2011-06-16 00:00:00	-2.6	0	2.77583	0	-8.70397E-11	0	0	0	0	0	0	0	0	0	-0.238318	-0.201567	0.0560124	0	0	0.420914	0	0	0	0.0894	-0.0144328	0.287839
2011-06-17 00:00:00	-0.00450358	0	2.24861	0	0	0	0	0	0	0	0	0	0	0	-2.25897	-0.200669	0.0559187	0	0	0.382489	0	0	0	0.0892262	-0.0144433	0.297658
2011-06-18 00:00:00	-6.15947	1.88641	2.93391	0	0.0014772	0	0	0	0	0	0	0	0	0	0.398433	-0.200424	0.0558601	0	0	0.423146	0	0	0	0.0891208	-0.0136504	-0.585177
2011-06-19 00:00:00	-11.0964	0.0253387	3.16604	0	0.00621717	0	0.00368813	0	0	0	0	0	0	0	5.29812	-0.20112	0.055993	0	0	0.57203	0	0	0	0.0893816	-0.0162997	-2.09703
2011-06-20 00:00:00	0	-1.90531	2.84562	0	-0.00175444	0	9.89227E-05	0	0	0	0	0	0	0	-1.18451	-0.201216	0.0560069	0	0	0.676359	0	0	0	0.0897426	-0.0195688	0.355474
2011-06-21 00:00:00	-10.3865	1.92801	3.17721	0	0.0419141	0	0.00365387	0	0	0	0	0	0	0	3.39572	-0.201437	0.0560437	0	0	0.722684	0	0	0	0.0897697	-0.019791	-1.19272
2011-06-22 00:00:00	-2.60901	-0.441127	3.10239	0	-0.00189471	0	0.000104822	0	0	0	0	0	0	0	-0.380405	-0.201456	0.0560562	0	0	0.790721	0	0	0	0.0900533	-0.0214952	0.383941
2011-06-23 00:00:00	-2.81351	-0.118233	2.97064	0	-0.000774657	0	0	0	0	0	0	0	0	0	-0.500351	-0.200951	0.0559659	0	0	0.755628	0	0	0	0.0899499	-0.0211341	0.217233
2011-06-24 00:00:00	-0.2	-1.35892	2.78851	0	-0.0158057	0	0	0	0	0	0	0	0	0	-1.16074	-0.200572	0.0557975	0	0	0.712114	0	0	0	0.0897615	-0.0205372	0.6896
2011-06-25 00:00:00	-3.03603	0.0278828	3.15405	0	-0.000931359	0	0	0	0	0	0	0	0	0	-0.730012	-0.199323	0.0556808	0	0	0.658478	0	0	0	0.0897202	-0.0198073	-0.000291419
2011-06-26 00:00:00	-0.2	-0.0415	3.08482	0	-0.0253627	0	0	0	0	0	0	0	0	0	-2.50316	-0.199302	0.05556	0	0	0.595685	0	0	0	0.0894911	-0.0188648	0.837365
2011-06-27 00:00:00	-1.17748	-0.00256546	2.95097	0	-0.00290811	0	0	0	0	0	0	0	0	0	-1.68877	-0.198623	0.055514	0	0	0.502714	0	0	0	0.0894359	-0.0174466	0.510842
2011-06-28 00:00:00	0	0	2.68155	0	-7.46883E-05	0	0	0	0	0	0	0	0	0	-2.12636	-0.197083	0.0554277	0	0	0.431899	0	0	0	0.0895246	-0.0161343	0.918753
2011-06-29 00:00:00	0	0	2.63526	0	0	0	0	0	0	0	0	0	0	0	-2.60242	-0.196786	0.0553525	0	0	0.365243	0	0	0	0.0896546	-0.0146645	0.331642
2011-06-30 00:00:00	-0.795496	0	2.40357	0	0	0	0	0	0	0	0	0	0	0	-1.54542	-0.195943	0.0552934	0	0	0.336696	0	0	0	0.0892562	-0.0132375	0.334713
2011-07-01 00:00:00	0	0	2.53679	0	0	0	0	0	0	0	0	0	0	0	-2.35797	-0.195395	0.0551961	0	0	0.297132	0	0	0	0.089119	-0.0126791	0.412197
2011-07-02 00:00:00	0	0	3.61509	0	0	0	0	0	0	0	0	0	0	0	-3.16728	-0.194805	0.0549678	0	0	0.237435	0	0	0	0.0889889	-0.0119707	0.622421
2011-07-03 00:00:00	0	0	2.77343	0	0	0	0	0	0	0	0	0	0	0	-2.52983	-0.193981	0.0547927	0	0	0.201725	0	0	0	0.0886975	-0.0109803	0.383855
2011-07-04 00:00:00	0	0	3.52261	0	0	0	0	0	0	0	0	0	0	0	-2.90732	-0.193004	0.0547315	0	0	0.163411	0	0	0	0.0885576	-0.010396	0.718594
2011-07-05 00:00:00	-2.00901	0	3.04667	0	0	0	0	0	0	0	0	0	0	0	-1.15486	-0.19258	0.0546243	0	0	0.169653	0	0	0	0.0884232	-0.00972549	-0.00680343
2011-07-06 00:00:00	-11.3144	1.82041	3.12098	0	-2.62991E-05	0	0	0	0	0	0	0	0	0	4.06657	-0.193279	0.0547694	0	0	0.315597	0	0	0	0.0882363	-0.0098462	-2.05102
2011-07-07 00:00:00	-3.35947	0.134898	3.11204	0	-5.21862E-05	0	0	0	0	0	0	0	0	0	0.0143737	-0.192908	0.0546991	0	0	0.357311	0	0	0	0.0886653	-0.0125807	0.196974
2011-07-08 00:00:00	-18.6469	0.149157	3.3266	0	0.070888	-0.00117953	0.025111	0	0	0	0	0	0	0	10.4216	-0.194193	0.0549458	0	0	0.611596	0	0	0	0.0891316	-0.0163313	-4.10954
2011-07-09 00:00:00	-15.0289	0.00165662	3.16578	0	0.000256385	-0.0313507	0.0862913	0	0	0	0	0	0	0	7.81729	-0.196018	0.0553202	0	0	1.02771	0	0	0	0.0903315	-0.0248437	-3.03644
2011-07-10 00:00:00	-0.218014	-1.9829	3.06971	0	-0.0227457	-0.000482791	0.00150141	0	0	0	0	0	0	0	-1.20221	-0.196314	0.055392	0	0	1.13491	0	0	0	0.0908344	-0.0284429	0.701231
2011-07-11 00:00:00	-15.7351	2.02494	3.10322	0	0.0223325	-0.0233133	0.0652464	0	0	0	0	0	0	0	6.9573	-0.196935	0.0555216	0	0	1.19117	0	0	0	0.0911378	-0.0284914	-2.47298
2011-07-12 00:00:00	0	-2.03908	2.93301	0	-0.0225022	-0.000510932	0.00155089	0	0	0	0	0	0	0	-1.20976	-0.197308	0.0556219	0	0	1.27642	0	0	0	0.091703	-0.0306222	0.858518
2011-07-13 00:00:00	0	-0.0641718	3.1572	0	-0.0428793	0	0	0	0	0	0	0	0	0	-2.79116	-0.196773	0.0555076	0	0	1.06343	0	0	0	0.091666	-0.0287017	1.24413
2011-07-14 00:00:00	0	-0.0230254	2.81444	0	-0.00551877	0	0	0	0	0	0	0	0	0	-2.31092	-0.196141	0.0553777	0	0	0.854328	0	0	0	0.0916162	-0.0265478	1.25361
2011-07-15 00:00:00	-1.4	-0.0149836	3.06666	0	0	0	0	0	0	0	0	0	0	0	-1.70069	-0.195759	0.0552985	0	0	0.756967	0	0	0	0.0917729	-0.022873	0.636397
2011-07-16 00:00:00	-41.9054	2.21277	3.43076	0	0.0732363	-0.0742509	0.203458	0	0	0	0	0	0	0	24.1552	-0.19925	0.0560171	0	0	1.36895	0	0	0	0.0929382	-0.0289345	-10.6146
2011-07-17 00:00:00	-9.98649	-0.0470289	3.39666	0	-0.00331836	-0.017975	0.0489208	0	0	0	0	0	0	0	3.92346	-0.201838	0.0566099	0	0	2.06462	0	0	0	0.0951054	-0.0412263	-0.712495
2011-07-18 00:00:00	-1	-1.74514	3.16739	0	-0.012515	-0.000332392	0.00162263	0	0	0	0	0	0	0	-0.86167	-0.201694	0.056591	0	0	1.93511	0	0	0	0.0953662	-0.040477	1.39425
2011-07-19 00:00:00	-24.9099	1.77489	3.09675	0	0.016802	-0.0501148	0.139437	0	0	0	0	0	0	0	12.6035	-0.203625	0.0569696	0	0	2.24611	0	0	0	0.0960876	-0.041156	-5.17424
2011-07-20 00:00:00	-3.4	0.00717063	2.93056	0	-0.00705978	-0.00181745	0.00708073	0	0	0	0	0	0	0	-0.0769464	-0.204544	0.0571761	0	0	2.63572	0	0	0	0.0970411	-0.0478806	1.9965
2011-07-21 00:00:00	-2.1955	-0.687783	2.9387	0	-0.00254248	-4.96251E-05	0.000883287	0	0	0	0	0	0	0	-0.430324	-0.204032	0.0570582	0	0	2.28402	0	0	0	0.097039	-0.0446371	1.81284
2011-07-22 00:00:00	-0.395496	-1.40979	2.76164	0	-0.0177552	0	0.00048456	0	0	0	0	0	0	0	-1.44744	-0.203628	0.0569581	0	0	2.00229	0	0	0	0.0969629	-0.0413763	1.40285
2011-07-23 00:00:00	0	-0.0721167	3.19812	0	-0.0392891	0	0	0	0	0	0	0	0	0	-2.99529	-0.203009	0.0568127	0	0	1.62536	0	0	0	0.0969536	-0.0387652	1.62878
2011-07-24 00:00:00	0	-0.0259646	3.29173	0	-0.0073236	0	0	0	0	0	0	0	0	0	-2.24299	-0.202441	0.0566849	0	0	1.31068	0	0	0	0.0967647	-0.0357476	2.24139
2011-07-25 00:00:00	0	-0.0138672	3.38735	0	-3.07363E-05	0	0	0	0	0	0	0	0	0	-3.40407	-0.202104	0.0566045	0	0	1.10419	0	0	0	0.0972803	-0.0307709	0.994578
2011-07-26 00:00:00	0	0	2.74315	0	0	0	0	0	0	0	0	0	0	0	-2.36204	-0.201644	0.0565071	0	0	0.93323	0	0	0	0.0969307	-0.0277841	1.23835
2011-07-27 00:00:00	0	0	2.93153	0	0	0	0	0	0	0	0	0	0	0	-2.62552	-0.201168	0.0564141	0	0	0.786874	0	0	0	0.096874	-0.0248815	1.02013
2011-07-28 00:00:00	-8.1955	2.24924	3.03598	0	0.00237701	0	0	0	0	0	0	0	0	0	1.46266	-0.201476	0.0564723	0	0	0.82332	0	0	0	0.09683	-0.0215979	-0.691688
2011-07-29 00:00:00	0	-2.18279	2.97192	0	-0.00109478	0	0	0	0	0	0	0	0	0	-0.592839	-0.201083	0.0564039	0	0	0.804776	0	0	0	0.096832	-0.0221226	0.930006
2011-07-30 00:00:00	0	-0.0664379	3.39268	0	-0.00125992	0	0	0	0	0	0	0	0	0	-3.22016	-0.200449	0.0562809	0	0	0.664039	0	0	0	0.0967464	-0.0213966	0.700041
2011-07-31 00:00:00	0	0	2.68011	0	0	0	0	0	0	0	0	0	0	0	-1.65979	-0.199901	0.0561762	0	0	0.558742	0	0	0	0.0964376	-0.01939	1.51239
2011-08-01 00:00:00	-1.4	0	3.17054	0	0	0	0	0	0	0	0	0	0	0	-1.97864	-0.199585	0.0561129	0	0	0.503081	0	0	0	0.0967555	-0.0174789	0.230784
2011-08-02 00:00:00	-14.9369	2.3002	3.11839	0	0.0178229	0	0.00204175	0	0	0	0	0	0	0	6.19312	-0.20081	0.0563454	0	0	0.682715	0	0	0	0.0964031	-0.0173602	-2.68808
2011-08-03 00:00:00	0	-2.26698	3.21161	0	-0.0037397	0	0.000126242	0	0	0	0	0	0	0	-1.11518	-0.20078	0.0563455	0	0	0.787421	0	0	0	0.0968824	-0.0216833	0.54402
2011-08-04 00:00:00	-7.91894	2.23448	3.10585	0	0.0276411	0	0.00125384	0	0	0	0	0	0	0	1.52311	-0.200584	0.0563047	0	0	0.772984	0	0	0	0.0966838	-0.0212845	-0.322498
2011-08-05 00:00:00	0	-2.1694	2.92774	0	-0.0163217	0	0.000284271	0	0	0	0	0	0	0	-0.960799	-0.200441	0.0562717	0	0	0.793693	0	0	0	0.0966732	-0.021943	0.505755
2011-08-06 00:00:00	-14.0585	2.25766	2.62759	0	0.0457625	-0.0152847	0.0430222	0	0	0	0	0	0	0	5.83615	-0.201149	0.0564178	0	0	0.899668	0	0	0	0.0967427	-0.0228283	-2.43479
2011-08-07 00:00:00	-17.827	0.0331658	2.82768	0	-0.000187584	-0.0390536	0.105883	0	0	0	0	0	0	0	9.28584	-0.203329	0.0568765	0	0	1.32119	0	0	0	0.0977301	-0.029976	-4.3712
2011-08-08 00:00:00	-0.595496	-1.93681	2.79087	0	-0.0110402	-0.000642207	0.00204447	0	0	0	0	0	0	0	-0.69536	-0.203833	0.0570201	0	0	1.47773	0	0	0	0.0982849	-0.0345686	0.948205
2011-08-09 00:00:00	0	-0.395558	2.52722	0	-0.0326671	0	0	0	0	0	0	0	0	0	-1.90696	-0.203315	0.0569063	0	0	1.28303	0	0	0	0.0981986	-0.0316992	1.39516
2011-08-10 00:00:00	-26.045	2.35011	2.8459	0	0.0457365	-0.0462321	0.128713	0	0	0	0	0	0	0	12.4107	-0.205558	0.0573625	0	0	1.5702	0	0	0	0.0989401	-0.0328756	-6.82199
2011-08-11 00:00:00	-27.782	0.00103807	2.81218	0	0.00185627	-0.0656176	0.181677	0	0	0	0	0	0	0	14.5375	-0.209876	0.0583679	0	0	2.62588	0	0	0	0.101308	-0.0443895	-7.78207
2011-08-12 00:00:00	-0.995496	-1.7856	2.9825	0	-0.0138628	-0.000908264	0.00449773	0	0	0	0	0	0	0	-0.246888	-0.211239	0.0585805	0	0	2.94665	0	0	0	0.102452	-0.0508637	2.78982
2011-08-13 00:00:00	-4.95046	1.55975	3.0238	0	0.00565139	0	0.00193339	0	0	0	0	0	0	0	-0.398202	-0.210672	0.0584384	0	0	2.55471	0	0	0	0.102419	-0.047006	1.70036
2011-08-14 00:00:00	-0.204504	-1.88587	2.74331	0	-0.0130501	0	0.000758601	0	0	0	0	0	0	0	-0.865745	-0.210165	0.0583033	0	0	2.21416	0	0	0	0.10237	-0.0437097	1.89586
2011-08-15 00:00:00	-0.00450358	-0.255208	2.52598	0	-0.0321767	0	0	0	0	0	0	0	0	0	-2.28708	-0.209568	0.0581536	0	0	1.83237	0	0	0	0.102428	-0.0407764	1.68962
2011-08-16 00:00:00	-8.6	2.41313	2.56937	0	0.0449329	-0.000657187	0.00400338	0	0	0	0	0	0	0	1.84983	-0.209594	0.0581536	0	0	1.71855	0	0	0	0.102355	-0.0372536	-0.0871726
2011-08-17 00:00:00	-0.2	-2.06207	2.51484	0	-0.00827646	-0.000307878	0.00129478	0	0	0	0	0	0	0	-0.489162	-0.209425	0.0581197	0	0	1.61614	0	0	0	0.102551	-0.0365036	1.2872
2011-08-18 00:00:00	-13.9369	2.09652	2.54371	0	0.0119627	-0.0230787	0.0636144	0	0	0	0	0	0	0	5.06047	-0.210067	0.0582454	0	0	1.64889	0	0	0	0.102701	-0.0356954	-2.61968
2011-08-19 00:00:00	-0.2	-2.12773	2.65506	0	-0.0114333	-0.000527439	0.00246089	0	0	0	0	0	0	0	-0.734228	-0.210313	0.0583079	0	0	1.67713	0	0	0	0.10318	-0.0372608	1.17465
2011-08-20 00:00:00	-2.42702	-0.011026	2.70417	0	-0.0039721	0	0.000791416	0	0	0	0	0	0	0	-0.66798	-0.209867	0.0582182	0	0	1.50172	0	0	0	0.102979	-0.0351167	1.0129
2011-08-21 00:00:00	-0.2	-0.288876	2.4916	0	-0.0289277	0	0	0	0	0	0	0	0	0	-1.78772	-0.209127	0.0580693	0	0	1.23526	0	0	0	0.102903	-0.0330294	1.34015
2011-08-22 00:00:00	-0.2	-0.015705	2.3452	0	-0.0187733	0	0	0	0	0	0	0	0	0	-1.87637	-0.20895	0.0580263	0	0	1.11612	0	0	0	0.103014	-0.0288938	1.27368
2011-08-23 00:00:00	0	-0.0186355	2.5651	0	-0.00684545	0	0	0	0	0	0	0	0	0	-1.92768	-0.208214	0.0578928	0	0	0.893086	0	0	0	0.102787	-0.0272492	1.43024
2011-08-24 00:00:00	-2	-0.0050391	2.51797	0	0.00157374	0	0	0	0	0	0	0	0	0	-0.918671	-0.208096	0.0578604	0	0	0.843183	0	0	0	0.102771	-0.0235463	0.368002
2011-08-25 00:00:00	-0.818014	-0.00807773	2.41555	0	-0.000862676	0	0	0	0	0	0	0	0	0	-1.43181	-0.207679	0.0577872	0	0	0.767469	0	0	0	0.102528	-0.021844	0.855047
2011-08-26 00:00:00	-7.34145	2.48293	2.28889	0	0.00779031	0	0	0	0	0	0	0	0	0	1.28657	-0.207574	0.0577719	0	0	0.776799	0	0	0	0.102384	-0.0209084	-0.566795
2011-08-27 00:00:00	-12.4225	0.043278	2.2818	0	0.0621367	-0.0136461	0.0387624	0	0	0	0	0	0	0	5.86254	-0.208699	0.0579932	0	0	0.998304	0	0	0	0.102654	-0.0246032	-3.222
2011-08-28 00:00:00	-10.0676	0.00339965	2.26926	0	-0.000733793	-0.0204011	0.0569247	0	0	0	0	0	0	0	4.54487	-0.209927	0.0582796	0	0	1.30004	0	0	0	0.103208	-0.0301603	-1.99279
2011-08-29 00:00:00	-0.2	-1.86996	2.27695	0	-0.00933049	-0.000402933	0.00231675	0	0	0	0	0	0	0	-0.529282	-0.209935	0.0583219	0	0	1.33825	0	0	0	0.1034	-0.0320087	0.928324
2011-08-30 00:00:00	0	-0.611452	2.31591	0	-0.0246647	0	0.0003402	0	0	0	0	0	0	0	-1.83502	-0.209518	0.0582325	0	0	1.19358	0	0	0	0.103202	-0.029992	0.960614
2011-08-31 00:00:00	-0.00450358	-0.014281	2.16866	0	-0.024752	0	0	0	0	0	0	0	0	0	-2.02163	-0.208944	0.0581103	0	0	0.990916	0	0	0	0.103155	-0.0278437	1.01889
2011-09-01 00:00:00	0	-0.0160556	2.26815	0	-0.00926002	0	0	0	0	0	0	0	0	0	-1.98021	-0.208424	0.0579996	0	0	0.831279	0	0	0	0.102869	-0.0257907	1.02055
2011-09-02 00:00:00	-1.81351	-0.00273229	2.47103	0	2.54136E-05	0	0	0	0	0	0	0	0	0	-0.729941	-0.208118	0.0579416	0	0	0.774147	0	0	0	0.102956	-0.0222659	0.62953
2011-09-03 00:00:00	-5.79099	2.53247	2.33257	0	0.00467099	0	0	0	0	0	0	0	0	0	0.441554	-0.207907	0.0579042	0	0	0.756833	0	0	0	0.102666	-0.0212251	0.208549
2011-09-04 00:00:00	-1.79099	-0.343864	2.13147	0	0.000415077	0	0	0	0	0	0	0	0	0	-0.286371	-0.207619	0.0578536	0	0	0.759346	0	0	0	0.102501	-0.021265	0.401474
2011-09-05 00:00:00	-0.204504	-1.74197	2.15621	0	-0.000662609	0	0.000759569	0	0	0	0	0	0	0	-0.456744	-0.207201	0.05778	0	0	0.734877	0	0	0	0.102252	-0.020895	0.419907
2011-09-06 00:00:00	-9.78649	2.13524	2.18157	0	0.0558232	-0.00289671	0.00878932	0	0	0	0	0	0	0	3.19651	-0.207388	0.0578253	0	0	0.799675	0	0	0	0.102091	-0.0212894	-1.48054
2011-09-07 00:00:00	-6.38199	0.0513842	2.15224	0	0.00609452	-0.0111929	0.0285246	0	0	0	0	0	0	0	2.2884	-0.208018	0.0579511	0	0	0.979185	0	0	0	0.102244	-0.0254591	-0.96063
2011-09-08 00:00:00	-5.55496	-0.0146362	2.12052	0	7.1748E-05	-0.00925432	0.0262456	0	0	0	0	0	0	0	1.6723	-0.208327	0.0580172	0	0	1.08455	0	0	0	0.10236	-0.0273234	-0.75045
2011-09-09 00:00:00	-3.5955	0.0205912	2.11871	0	-0.000896481	-0.00399328	0.0121073	0	0	0	0	0	0	0	0.544465	-0.208275	0.0580155	0	0	1.10607	0	0	0	0.102338	-0.0280201	0.125614
2011-09-10 00:00:00	-3.75947	-0.0456719	2.41969	0	0.000132699	-0.00374565	0.010922	0	0	0	0	0	0	0	0.616472	-0.208137	0.0579941	0	0	1.08765	0	0	0	0.102265	-0.0278123	0.250293
2011-09-11 00:00:00	-1.81351	-0.21993	1.9774	0	-0.00113953	-0.000227906	0.00205446	0	0	0	0	0	0	0	-0.609538	-0.207705	0.0579132	0	0	1.02609	0	0	0	0.102228	-0.0274372	0.286195
2011-09-12 00:00:00	-5.64954	0.268293	2.15723	0	0.00159637	-0.00823588	0.0231141	0	0	0	0	0	0	0	1.8134	-0.207855	0.0579628	0	0	1.04495	0	0	0	0.101968	-0.0269109	-0.424025
2011-09-13 00:00:00	-4.68106	0.0279542	1.81581	0	-4.82177E-05	-0.00729758	0.0210761	0	0	0	0	0	0	0	1.39636	-0.208063	0.0580509	0	0	1.10496	0	0	0	0.102135	-0.027719	-0.397844
2011-09-14 00:00:00	-0.00450358	-1.63738	1.816	0	-0.00647148	-0.00021271	0.00175936	0	0	0	0	0	0	0	-0.449071	-0.207798	0.0580251	0	0	1.07341	0	0	0	0.102085	-0.0278073	0.718042
2011-09-15 00:00:00	0	-0.994754	2.14601	0	-0.017163	0	0.000270646	0	0	0	0	0	0	0	-1.46836	-0.207193	0.0579038	0	0	0.945226	0	0	0	0.101913	-0.0269981	0.536854
2011-09-16 00:00:00	-12.0694	2.65843	1.89594	0	0.0259382	-0.01582	0.0449473	0	0	0	0	0	0	0	4.57563	-0.207869	0.0580253	0	0	1.03922	0	0	0	0.101914	-0.0261837	-1.91922
2011-09-17 00:00:00	-17.5883	0.00570028	1.78152	0	0.00290102	-0.0420444	0.116551	0	0	0	0	0	0	0	9.16792	-0.210173	0.0585161	0	0	1.53088	0	0	0	0.10285	-0.0329379	-5.10665
2011-09-18 00:00:00	-4.99099	0.0276695	1.84555	0	-0.00205535	-0.00878132	0.0259556	0	0	0	0	0	0	0	1.4944	-0.211168	0.0587621	0	0	1.81473	0	0	0	0.103597	-0.0386067	0.11905
2011-09-19 00:00:00	-9.96397	-0.00991638	1.69299	0	0.00458315	-0.0217207	0.061161	0	0	0	0	0	0	0	4.67412	-0.212009	0.0589369	0	0	1.89937	0	0	0	0.104	-0.0390943	-1.75156
2011-09-20 00:00:00	0	-1.63319	1.80547	0	-0.00885557	-0.000451833	0.00295993	0	0	0	0	0	0	0	-0.563504	-0.212038	0.0589596	0	0	1.84292	0	0	0	0.104381	-0.0396325	1.35702
2011-09-21 00:00:00	-9.68557	1.63976	1.72689	0	0.00855784	-0.0154563	0.0443856	0	0	0	0	0	0	0	3.13386	-0.212423	0.0590563	0	0	1.79683	0	0	0	0.104389	-0.0379173	-1.43762
2011-09-22 00:00:00	-0.0225179	-1.53797	1.72308	0	-0.00829057	-0.000436893	0.00297491	0	0	0	0	0	0	0	-0.439238	-0.212412	0.0590859	0	0	1.73654	0	0	0	0.10468	-0.0382565	1.36723
2011-09-23 00:00:00	0	-1.1412	1.8158	0	-0.0118742	0	0.00107332	0	0	0	0	0	0	0	-1.09381	-0.212016	0.059004	0	0	1.5473	0	0	0	0.104593	-0.0360346	1.03284
2011-09-24 00:00:00	-1.60901	0.0424585	1.68652	0	-0.00245172	0	0.0011909	0	0	0	0	0	0	0	-0.462282	-0.211553	0.0589087	0	0	1.36407	0	0	0	0.104527	-0.0335703	0.938811
2011-09-25 00:00:00	-7.99099	2.63228	1.69509	0	0.0209067	-0.00651109	0.0190827	0	0	0	0	0	0	0	1.84378	-0.211575	0.0589123	0	0	1.31843	0	0	0	0.104446	-0.0310668	-0.547218
2011-09-26 00:00:00	0	-1.43954	1.58863	0	-0.00736923	-0.00038526	0.0027291	0	0	0	0	0	0	0	-0.578362	-0.211563	0.0589183	0	0	1.30827	0	0	0	0.104552	-0.0312583	0.794633
2011-09-27 00:00:00	0	-1.2233	1.71879	0	-0.00900627	0	0.000380723	0	0	0	0	0	0	0	-0.798226	-0.210904	0.0587877	0	0	1.14186	0	0	0	0.104361	-0.0301999	0.752537
2011-09-28 00:00:00	0	-0.0313126	1.98692	0	-0.0275987	0	0.000671518	0	0	0	0	0	0	0	-1.70522	-0.210732	0.0587459	0	0	1.04261	0	0	0	0.104461	-0.0277558	1.1908
2011-09-29 00:00:00	0	-0.0128012	1.84564	0	-0.0190051	0	0	0	0	0	0	0	0	0	-1.84763	-0.210221	0.0586405	0	0	0.878126	0	0	0	0.104276	-0.0258006	0.771229
2011-09-30 00:00:00	-0.00450358	-0.01171	1.82856	0	-0.00582053	0	0	0	0	0	0	0	0	0	-1.71973	-0.209712	0.0585392	0	0	0.75916	0	0	0	0.104009	-0.0232365	0.77556
2011-10-01 00:00:00	-5.59099	2.55442	1.77287	0	0.00808301	0	0	0	0	0	0	0	0	0	1.08696	-0.20956	0.0585198	0	0	0.769493	0	0	0	0.104254	-0.0212056	0.532845
2011-10-02 00:00:00	-22.9234	0.180918	1.55461	0	0.0651912	-0.045424	0.125859	0	0	0	0	0	0	0	11.9435	-0.212112	0.0590114	0	0	1.22243	0	0	0	0.105046	-0.0275765	-7.95198
2011-10-03 00:00:00	-0.204504	-1.17484	1.49529	0	-0.00954173	-0.000875488	0.00460514	0	0	0	0	0	0	0	-0.533364	-0.213181	0.059233	0	0	1.57932	0	0	0	0.105979	-0.0360931	1.07204
2011-10-04 00:00:00	-0.00450358	-1.17411	1.31819	0	-0.00445649	0	0.00256968	0	0	0	0	0	0	0	-0.608154	-0.212754	0.0591492	0	0	1.43425	0	0	0	0.105756	-0.0340871	0.881855
2011-10-05 00:00:00	-2.84053	1.26722	1.43035	0	0.00281371	0	0.00163356	0	0	0	0	0	0	0	-0.237076	-0.212297	0.0590619	0	0	1.2912	0	0	0	0.105672	-0.0315622	0.836487
2011-10-06 00:00:00	-9.93961	1.06179	1.16319	0	0.00938979	-0.018903	0.0528615	0	0	0	0	0	0	0	4.25316	-0.21299	0.0592442	0	0	1.37815	0	0	0	0.105713	-0.0309978	-2.11901
2011-10-07 00:00:00	-0.195496	-0.931819	1.21578	0	-0.00712133	-0.000496901	0.00362627	0	0	0	0	0	0	0	-0.519237	-0.213091	0.0592993	0	0	1.41752	0	0	0	0.105961	-0.0333565	0.901571
2011-10-08 00:00:00	-7.21351	0.921546	1.25999	0	0.00626531	-0.0125677	0.0361169	0	0	0	0	0	0	0	2.72458	-0.2134	0.0593668	0	0	1.41528	0	0	0	0.10595	-0.0320476	-0.942437
2011-10-09 00:00:00	-3.02252	0.0062933	1.41511	0	-0.00244694	-0.00441632	0.0142084	0	0	0	0	0	0	0	0.521538	-0.213536	0.0594026	0	0	1.43807	0	0	0	0.106157	-0.0331952	0.284668
2011-10-10 00:00:00	-6.78199	-0.000182561	1.00971	0	0.0025274	-0.0150338	0.0433796	0	0	0	0	0	0	0	3.14228	-0.21408	0.0595079	0	0	1.49732	0	0	0	0.106275	-0.0334057	-1.18369
2011-10-11 00:00:00	-1.1955	-0.0707504	1.21063	0	-0.00389909	-0.000484769	0.00366267	0	0	0	0	0	0	0	-0.465192	-0.213946	0.0594759	0	0	1.46403	0	0	0	0.106586	-0.034373	0.860242
2011-10-12 00:00:00	-7.77748	0.0711587	1.07113	0	0.00411353	-0.0171995	0.0491537	0	0	0	0	0	0	0	3.61092	-0.21457	0.0595872	0	0	1.51806	0	0	0	0.10667	-0.0335335	-1.552
2011-10-13 00:00:00	-0.195496	-0.866484	1.14315	0	-0.00642702	-0.000424195	0.00361464	0	0	0	0	0	0	0	-0.531607	-0.214464	0.0595606	0	0	1.49797	0	0	0	0.106914	-0.0350051	0.961298
2011-10-14 00:00:00	-1.2045	-0.0583899	1.26823	0	-0.000708056	0	0.00211161	0	0	0	0	0	0	0	-0.532593	-0.214099	0.0594831	0	0	1.36295	0	0	0	0.106798	-0.0322896	0.756986
2011-10-15 00:00:00	0	-1.08107	1.2091	0	-0.00438523	0	0.00144345	0	0	0	0	0	0	0	-0.464312	-0.213709	0.0593994	0	0	1.23876	0	0	0	0.106638	-0.0303668	0.821499
2011-10-16 00:00:00	-0.8	-0.267687	1.09797	0	-0.00153291	0	0.00222877	0	0	0	0	0	0	0	-0.516488	-0.213357	0.0593247	0	0	1.13984	0	0	0	0.106478	-0.0287438	0.57804
2011-10-17 00:00:00	-24.8946	2.29394	0.936215	0	0.0167585	-0.0550922	0.15477	0	0	0	0	0	0	0	12.4834	-0.215593	0.0597988	0	0	1.54662	0	0	0	0.107075	-0.032704	-7.59936
2011-10-18 00:00:00	-2.43603	-0.0046898	0.898471	0	-0.00628218	-0.00477653	0.0169487	0	0	0	0	0	0	0	0.393627	-0.21712	0.0601859	0	0	2.00446	0	0	0	0.10814	-0.0405867	0.772351
2011-10-19 00:00:00	0	-0.712075	0.773996	0	-0.00326035	-0.000156445	0.00281141	0	0	0	0	0	0	0	-0.493298	-0.216788	0.0600615	0	0	1.80981	0	0	0	0.108043	-0.0389441	1.29021
2011-10-20 00:00:00	-3.2	0.705346	0.772645	0	0.00356851	-0.00410924	0.0133208	0	0	0	0	0	0	0	0.559502	-0.216695	0.0600172	0	0	1.65904	0	0	0	0.107993	-0.0367653	0.423862
2011-10-21 00:00:00	-2.8045	-0.0167485	1.00298	0	-0.000391361	-0.00480893	0.0154158	0	0	0	0	0	0	0	0.59806	-0.216718	0.0600154	0	0	1.58876	0	0	0	0.108056	-0.0357656	0.294344
2011-10-22 00:00:00	-0.2	-0.660841	0.91829	0	-0.00344867	-0.000177971	0.00299382	0	0	0	0	0	0	0	-0.488477	-0.216414	0.0599485	0	0	1.46701	0	0	0	0.108001	-0.0344425	0.952445
2011-10-23 00:00:00	-1.1955	0.189103	1.00467	0	-0.000510573	0	0.00263081	0	0	0	0	0	0	0	-0.48733	-0.216047	0.0598669	0	0	1.33328	0	0	0	0.107925	-0.0317883	0.766306
2011-10-24 00:00:00	-0.604504	-0.371478	0.996699	0	-0.00129071	0	0.00192719	0	0	0	0	0	0	0	-0.339422	-0.215657	0.0597818	0	0	1.21735	0	0	0	0.10778	-0.0300178	0.821164
2011-10-25 00:00:00	-4.96397	0.832456	0.907451	0	0.00535389	-0.00794458	0.023921	0	0	0	0	0	0	0	1.48497	-0.215709	0.059782	0	0	1.19859	0	0	0	0.107656	-0.02905	-0.596499
2011-10-26 00:00:00	-2.58649	-0.0153171	0.771481	0	-0.00014819	-0.00496399	0.0156604	0	0	0	0	0	0	0	0.636771	-0.215853	0.0598053	0	0	1.23768	0	0	0	0.10775	-0.0296978	-0.0233179
2011-10-27 00:00:00	-0.786489	-0.079335	0.804629	0	-0.00164583	-0.000314813	0.00306326	0	0	0	0	0	0	0	-0.310711	-0.215567	0.0597483	0	0	1.18024	0	0	0	0.107649	-0.0292404	0.732025
2011-10-28 00:00:00	-0.00450358	-0.691034	0.761891	0	-0.0022168	0	0.00241953	0	0	0	0	0	0	0	-0.423331	-0.215177	0.0596701	0	0	1.09143	0	0	0	0.107432	-0.0280467	0.658536
2011-10-29 00:00:00	0	-0.777599	0.870412	0	-0.00357867	0	0.00237669	0	0	0	0	0	0	0	-0.444481	-0.214826	0.0596004	0	0	1.01905	0	0	0	0.10726	-0.0268956	0.591315
2011-10-30 00:00:00	-0.00450358	-0.771268	0.869971	0	-0.00335817	0	0.00172742	0	0	0	0	0	0	0	-0.379497	-0.214342	0.0595081	0	0	0.945739	0	0	0	0.1071	-0.0260428	0.585035
2011-10-31 00:00:00	-5.36848	2.28624	0.891028	0	0.00960381	-0.00454389	0.0151438	0	0	0	0	0	0	0	1.07847	-0.214309	0.0594968	0	0	0.939064	0	0	0	0.1068	-0.0250305	-0.226505
2011-11-01 00:00:00	-2.1955	-0.0140065	0.706295	0	-0.00032885	-0.00411424	0.0131735	0	0	0	0	0	0	0	0.511595	-0.214384	0.0595097	0	0	0.994373	0	0	0	0.106805	-0.0260859	-0.0626641
2011-11-02 00:00:00	-0.00450358	-0.678014	0.741496	0	-0.00318264	-0.0001561	0.00209975	0	0	0	0	0	0	0	-0.290964	-0.214064	0.0594521	0	0	0.967499	0	0	0	0.106663	-0.0260574	0.660268
2011-11-03 00:00:00	-2.56397	0.652837	0.824629	0	0.00273644	-0.00246559	0.00962244	0	0	0	0	0	0	0	0.325593	-0.213838	0.0594085	0	0	0.937913	0	0	0	0.106453	-0.0250752	0.113842
2011-11-04 00:00:00	-2.58199	-0.00551749	0.690728	0	0.000981883	-0.0050244	0.0157318	0	0	0	0	0	0	0	0.855785	-0.213821	0.0594027	0	0	0.963476	0	0	0	0.106366	-0.0256573	-0.139534
2011-11-05 00:00:00	-0.204504	-0.268043	0.483149	0	-0.00210982	-0.000185575	0.00244041	0	0	0	0	0	0	0	-0.411442	-0.213539	0.059351	0	0	0.951722	0	0	0	0.106285	-0.0256928	0.477432
2011-11-06 00:00:00	-0.395496	-0.101063	0.508115	0	-0.000992054	0	0.00234555	0	0	0	0	0	0	0	-0.355881	-0.213143	0.0592777	0	0	0.903665	0	0	0	0.106097	-0.0245896	0.488336
2011-11-07 00:00:00	-0.00450358	-0.534434	0.603802	0	-0.0025351	0	0.00246001	0	0	0	0	0	0	0	-0.38022	-0.212727	0.0592077	0	0	0.862955	0	0	0	0.105937	-0.0234443	0.476497
2011-11-08 00:00:00	-0.981986	0.365234	0.592628	0	-2.75031E-05	0	0.00160136	0	0	0	0	0	0	0	-0.286002	-0.212399	0.0591466	0	0	0.832601	0	0	0	0.105731	-0.0226244	0.453902
2011-11-09 00:00:00	-0.590993	-0.0318131	0.619295	0	-0.000572079	0	0.00261916	0	0	0	0	0	0	0	-0.379675	-0.212046	0.0590805	0	0	0.806833	0	0	0	0.10545	-0.0220657	0.356113
2011-11-10 00:00:00	-1.80901	0.523446	0.654243	0	0.00223817	-0.00107258	0.00509864	0	0	0	0	0	0	0	0.116523	-0.211696	0.0590192	0	0	0.793238	0	0	0	0.105236	-0.0217858	0.21548
2011-11-11 00:00:00	-3.6	-0.0026535	0.512108	0	0.00230545	-0.00798117	0.0240053	0	0	0	0	0	0	0	1.51049	-0.211873	0.0590554	0	0	0.852949	0	0	0	0.105161	-0.0225285	-0.778967
2011-11-12 00:00:00	-1.19099	-0.0154359	0.54123	0	-0.00105236	-0.00190559	0.00708716	0	0	0	0	0	0	0	0.100366	-0.211759	0.0590459	0	0	0.896693	0	0	0	0.105113	-0.0238806	0.264509
2011-11-13 00:00:00	-0.195496	-0.321662	0.533362	0	-0.00164582	-8.36012E-05	0.00239405	0	0	0	0	0	0	0	-0.537451	-0.21132	0.0589661	0	0	0.865485	0	0	0	0.105039	-0.0236285	0.273958
2011-11-14 00:00:00	-0.00450358	-0.426165	0.482843	0	-0.00217029	0	0.00249063	0	0	0	0	0	0	0	-0.198707	-0.211049	0.0589141	0	0	0.838226	0	0	0	0.104687	-0.022801	0.621765
2011-11-15 00:00:00	-0.195496	-0.287757	0.51775	0	-0.00174795	0	0.00181838	0	0	0	0	0	0	0	-0.219785	-0.210661	0.0588423	0	0	0.80742	0	0	0	0.104568	-0.0221835	0.552768
2011-11-16 00:00:00	0	-0.400536	0.449151	0	-0.00177576	0	0.00232113	0	0	0	0	0	0	0	-0.325334	-0.210209	0.0587576	0	0	0.77946	0	0	0	0.104406	-0.0216965	0.434544
2011-11-17 00:00:00	-0.409007	-0.0880412	0.509224	0	-0.000492754	0	0.00165598	0	0	0	0	0	0	0	-0.259216	-0.209947	0.0587097	0	0	0.763154	0	0	0	0.104213	-0.0212363	0.449016
2011-11-18 00:00:00	-0.613511	0.206743	0.406768	0	1.70948E-05	0	0.00248923	0	0	0	0	0	0	0	-0.358491	-0.209603	0.0586468	0	0	0.747057	0	0	0	0.103939	-0.0208923	0.323164
2011-11-19 00:00:00	0	-0.452718	0.484957	0	-0.00102522	0	0.00173653	0	0	0	0	0	0	0	-0.38454	-0.209035	0.0585464	0	0	0.728732	0	0	0	0.103783	-0.0207553	0.309682
2011-11-20 00:00:00	-0.00450358	-0.382662	0.502316	0	-0.00245464	0	0.00191101	0	0	0	0	0	0	0	-0.220211	-0.20887	0.0585153	0	0	0.720174	0	0	0	0.103475	-0.0204576	0.547232
2011-11-21 00:00:00	-0.395496	-0.0250566	0.488991	0	-0.00109216	0	0.00222893	0	0	0	0	0	0	0	-0.37702	-0.208509	0.0584509	0	0	0.706397	0	0	0	0.103336	-0.0201718	0.332057
2011-11-22 00:00:00	-4.97298	2.10886	0.418118	0	0.0113498	-0.00440085	0.015162	0	0	0	0	0	0	0	1.2194	-0.208359	0.0584297	0	0	0.7263	0	0	0	0.103148	-0.0203114	-0.545285
2011-11-23 00:00:00	-4.17748	-0.0122185	0.473735	0	0.000463885	-0.0098273	0.0290564	0	0	0	0	0	0	0	1.98029	-0.208754	0.0585299	0	0	0.853864	0	0	0	0.10328	-0.0222677	-0.931327
2011-11-24 00:00:00	-6.85855	-0.011698	0.476432	0	0.00473824	-0.0165094	0.0474167	0	0	0	0	0	0	0	3.40066	-0.209488	0.0587008	0	0	1.03046	0	0	0	0.103462	-0.0258722	-2.00025
2011-11-25 00:00:00	-5.73961	-0.00725327	0.371692	0	0.00108188	-0.0137853	0.0407311	0	0	0	0	0	0	0	2.90673	-0.210259	0.058909	0	0	1.21776	0	0	0	0.103854	-0.0289316	-1.29908
2011-11-26 00:00:00	-3.24053	-0.00969841	0.444837	0	-0.00110438	-0.00735253	0.0231732	0	0	0	0	0	0	0	1.2978	-0.210592	0.0590268	0	0	1.30219	0	0	0	0.104111	-0.0305336	-0.268673
2011-11-27 00:00:00	-6.9306	-0.0061864	0.392153	0	0.00142634	-0.0166601	0.0491111	0	0	0	0	0	0	0	3.29632	-0.211305	0.0592172	0	0	1.4166	0	0	0	0.104403	-0.0317228	-1.87725
2011-11-28 00:00:00	-1.81351	-0.00675634	0.387642	0	-0.00211127	-0.00395136	0.0138703	0	0	0	0	0	0	0	0.362982	-0.211469	0.0592908	0	0	1.45369	0	0	0	0.104659	-0.0337779	0.310557
2011-11-29 00:00:00	-14.7531	-0.0089311	0.380286	0	0.00425231	-0.0368766	0.105891	0	0	0	0	0	0	0	7.94885	-0.213197	0.0596803	0	0	1.7232	0	0	0	0.10524	-0.0359268	-4.72066
2011-11-30 00:00:00	-6.0045	-0.00929576	0.364681	0	-0.00240904	-0.0151207	0.0458763	0	0	0	0	0	0	0	2.87643	-0.214486	0.0600384	0	0	2.00317	0	0	0	0.106261	-0.0402702	-0.829629
2011-12-01 00:00:00	-10.445	-0.00756673	0.295046	0	0.00131733	-0.0264085	0.0772108	0	0	0	0	0	0	0	5.38375	-0.215802	0.0603442	0	0	2.19126	0	0	0	0.106954	-0.041941	-2.62087
2011-12-02 00:00:00	-1.21351	-0.00675177	0.29626	0	-0.00315003	-0.00280621	0.0111226	0	0	0	0	0	0	0	-0.13735	-0.216112	0.0604235	0	0	2.17108	0	0	0	0.107559	-0.0429961	1.02377
2011-12-03 00:00:00	-2.66305	-0.0163496	0.323926	0	0.00066511	-0.00586932	0.018605	0	0	0	0	0	0	0	0.959215	-0.216099	0.0603988	0	0	2.00943	0	0	0	0.107774	-0.0412053	0.53744
2011-12-04 00:00:00	-1.60901	-0.00724141	0.261925	0	-0.000573779	-0.00355599	0.0125384	0	0	0	0	0	0	0	0.194888	-0.216046	0.0603662	0	0	1.87506	0	0	0	0.108086	-0.039364	0.637075
2011-12-05 00:00:00	-24.8874	-0.00420715	0.245646	0	0.00736817	-0.0643264	0.183556	0	0	0	0	0	0	0	13.694	-0.219107	0.0609261	0	0	2.44798	0	0	0	0.109152	-0.0430987	-8.46955
2011-12-06 00:00:00	-3.41801	-0.00782585	0.26202	0	-0.0063814	-0.00895058	0.0302553	0	0	0	0	0	0	0	1.23959	-0.220831	0.061305	0	0	2.88987	0	0	0	0.110986	-0.050092	0.881935
2011-12-07 00:00:00	-7.23603	-0.00693556	0.266814	0	0.00109233	-0.0180487	0.0542934	0	0	0	0	0	0	0	3.56119	-0.22162	0.0614422	0	0	2.79659	0	0	0	0.111423	-0.0489288	-0.678724
2011-12-08 00:00:00	-14.9685	-0.0114193	0.297869	0	0.00259558	-0.0384283	0.111254	0	0	0	0	0	0	0	7.74212	-0.223754	0.061853	0	0	3.09312	0	0	0	0.112713	-0.0506875	-3.87124
2011-12-09 00:00:00	-2	-0.0126846	0.252913	0	-0.00408048	-0.00511458	0.0180749	0	0	0	0	0	0	0	0.323253	-0.22455	0.0619948	0	0	3.07798	0	0	0	0.113737	-0.0524721	1.54905
2011-12-10 00:00:00	-5.39099	-0.00836424	0.249184	0	0.00173844	-0.0133456	0.0411025	0	0	0	0	0	0	0	2.26788	-0.225099	0.0620741	0	0	2.89256	0	0	0	0.114019	-0.0498586	-0.0591061
2011-12-11 00:00:00	-1.81351	-0.00419517	0.29207	0	-0.00248614	-0.00412924	0.0163268	0	0	0	0	0	0	0	0.0153927	-0.225198	0.0620872	0	0	2.68213	0	0	0	0.114398	-0.0486276	1.08426
2011-12-12 00:00:00	-4.75046	-0.0106399	0.276534	0	0.00147632	-0.011708	0.0359885	0	0	0	0	0	0	0	1.9964	-0.22558	0.0621426	0	0	2.50776	0	0	0	0.114776	-0.0471408	-0.0504531
2011-12-13 00:00:00	-6	-0.00858439	0.270293	0	0.000608913	-0.0150007	0.0457843	0	0	0	0	0	0	0	2.59837	-0.22621	0.0622784	0	0	2.49823	0	0	0	0.115873	-0.0461951	-0.704553
2011-12-14 00:00:00	-4.25855	-0.00598133	0.267667	0	-0.000820153	-0.0103995	0.0332363	0	0	0	0	0	0	0	1.5485	-0.227253	0.0624121	0	0	2.44823	0	0	0	0.116401	-0.045377	-0.0719321
2011-12-15 00:00:00	-0.395496	-0.00737239	0.216884	0	-0.00174741	-0.000737884	0.00581032	0	0	0	0	0	0	0	-0.521956	-0.227149	0.0623565	0	0	2.20422	0	0	0	0.116493	-0.0453125	1.40599
2011-12-16 00:00:00	-0.786489	-0.0102205	0.202757	0	-7.2155E-05	-0.00148098	0.00736747	0	0	0	0	0	0	0	-0.525946	-0.226996	0.0623204	0	0	2.02249	0	0	0	0.116646	-0.041724	0.818649
2011-12-17 00:00:00	-0.590993	-0.00767212	0.197523	0	-0.000276174	-0.0010482	0.00661621	0	0	0	0	0	0	0	-0.288209	-0.226775	0.0622751	0	0	1.84733	0	0	0	0.116534	-0.0392902	1.07602
2011-12-18 00:00:00	0	-0.211575	0.214016	0	-0.000626278	-5.38851E-05	0.00287194	0	0	0	0	0	0	0	-0.628921	-0.226465	0.0622155	0	0	1.66657	0	0	0	0.116549	-0.0371977	0.957388
2011-12-19 00:00:00	-20.5865	0.191673	0.255675	0	0.00877251	-0.0520912	0.149088	0	0	0	0	0	0	0	10.8249	-0.228943	0.0627028	0	0	2.10595	0	0	0	0.117367	-0.0396181	-7.19105
2011-12-20 00:00:00	-1.5955	-0.0105623	0.250362	0	-0.00689897	-0.00424557	0.0168085	0	0	0	0	0	0	0	0.162253	-0.230206	0.0629607	0	0	2.42634	0	0	0	0.118435	-0.0453002	1.14445
2011-12-21 00:00:00	-5.45404	-0.0062633	0.29499	0	0.00156621	-0.0131818	0.041571	0	0	0	0	0	0	0	2.11427	-0.230682	0.0630755	0	0	2.34888	0	0	0	0.118705	-0.0442117	-0.765332
2011-12-22 00:00:00	-2.43153	-0.0110968	0.289046	0	-0.00130426	-0.00568562	0.0195279	0	0	0	0	0	0	0	0.608535	-0.231068	0.0631571	0	0	2.25346	0	0	0	0.119032	-0.043525	0.628547
2011-12-23 00:00:00	-4.24053	-0.00473008	0.268643	0	0.000728954	-0.0101978	0.0327208	0	0	0	0	0	0	0	1.65776	-0.232027	0.0632961	0	0	2.18123	0	0	0	0.119344	-0.0423089	-0.206074
2011-12-24 00:00:00	-2.3955	-0.00579765	0.282474	0	-0.000935277	-0.00563086	0.0200437	0	0	0	0	0	0	0	0.40286	-0.232314	0.0634053	0	0	2.09167	0	0	0	0.119544	-0.0420881	0.297735
2011-12-25 00:00:00	-1.0045	-0.0140272	0.35885	0	-0.000891124	-0.00176581	0.00815923	0	0	0	0	0	0	0	-0.186285	-0.232113	0.0635942	0	0	1.9179	0	0	0	0.119653	-0.0410048	0.987563
2011-12-26 00:00:00	-2.6045	-0.00240705	0.36518	0	0.000805649	-0.00568827	0.0200257	0	0	0	0	0	0	0	0.525264	-0.232553	0.0636226	0	0	1.82036	0	0	0	0.119853	-0.0386211	0.0313436
2011-12-27 00:00:00	-0.590993	-0.0173014	0.306754	0	-0.00105325	-0.000904087	0.00527954	0	0	0	0	0	0	0	-0.468595	-0.233023	0.0635843	0	0	1.69118	0	0	0	0.120062	-0.0377605	0.83723
2011-12-28 00:00:00	-6.49007	-0.00133095	0.297083	0	0.00272307	-0.0156423	0.0479372	0	0	0	0	0	0	0	2.84173	-0.233661	0.0637296	0	0	1.72895	0	0	0	0.120337	-0.0372305	-1.67544
2011-12-29 00:00:00	-3.27656	-0.00725011	0.258264	0	-0.00128536	-0.00785208	0.0258444	0	0	0	0	0	0	0	1.07242	-0.234339	0.0638876	0	0	1.7996	0	0	0	0.121066	-0.0386895	-0.224902
2011-12-30 00:00:00	-8.16397	-0.00787611	0.252264	0	0.0017007	-0.0206547	0.0619586	0	0	0	0	0	0	0	4.02511	-0.235398	0.0641027	0	0	1.9527	0	0	0	0.121681	-0.0394953	-1.98788
2011-12-31 00:00:00	-2.02252	-0.0123794	0.344426	0	-0.00206069	-0.00462133	0.0166207	0	0	0	0	0	0	0	0.264246	-0.236046	0.0641937	0	0	1.97921	0	0	0	0.122372	-0.0410154	0.472432
2012-01-01 00:00:00	-3.42702	-0.0097337	0.302553	0	0.000808169	-0.00801245	0.0259741	0	0	0	0	0	0	0	1.12679	-0.236367	0.0642703	0	0	1.92154	0	0	0	0.122772	-0.0395759	-0.156002
2012-01-02 00:00:00	-0.4	-0.0190569	0.252014	0	-0.00114619	-0.000621672	0.00536178	0	0	0	0	0	0	0	-0.805988	-0.235987	0.0642288	0	0	1.73083	0	0	0	0.122898	-0.039307	0.673228
2012-01-03 00:00:00	-8.88557	0.00747152	0.270741	0	0.00288856	-0.0218683	0.06556	0	0	0	0	0	0	0	4.30005	-0.237124	0.0644748	0	0	1.90266	0	0	0	0.12323	-0.0386165	-2.4461
2012-01-04 00:00:00	-22.0495	-0.0106638	0.290949	0	0.00449287	-0.0567278	0.163244	0	0	0	0	0	0	0	11.844	-0.240788	0.0651796	0	0	2.71604	0	0	0	0.124544	-0.045761	-7.19503
2012-01-05 00:00:00	-5.7955	-0.00463395	0.276166	0	-0.00502164	-0.015006	0.0488079	0	0	0	0	0	0	0	2.25871	-0.243429	0.0656332	0	0	3.26695	0	0	0	0.125756	-0.0536973	-0.075254
2012-01-06 00:00:00	-0.8	-0.0134042	0.28131	0	-0.0026035	-0.00162975	0.00863684	0	0	0	0	0	0	0	-0.662009	-0.243754	0.0657535	0	0	2.9596	0	0	0	0.126251	-0.0527106	1.66544
2012-01-07 00:00:00	-0.204504	-0.0950263	0.296437	0	-0.000148166	-6.78562E-05	0.00463833	0	0	0	0	0	0	0	-0.970191	-0.243463	0.0658123	0	0	2.59979	0	0	0	0.126495	-0.0485964	1.53118
2012-01-08 00:00:00	-0.4	0.052277	0.346514	0	-0.000701822	0	0.00326072	0	0	0	0	0	0	0	-0.72737	-0.243257	0.0657495	0	0	2.28123	0	0	0	0.126658	-0.0455462	1.45881
2012-01-09 00:00:00	-1.4045	0.0172992	0.335874	0	0.000936505	-0.00234961	0.0108706	0	0	0	0	0	0	0	-0.147899	-0.243085	0.0657676	0	0	2.06889	0	0	0	0.127039	-0.0423023	0.786541
2012-01-10 00:00:00	-4.2	-0.00479952	0.346128	0	0.00116332	-0.00988207	0.0320769	0	0	0	0	0	0	0	1.12337	-0.243562	0.065849	0	0	2.00509	0	0	0	0.127637	-0.0409804	-0.79791
2012-01-11 00:00:00	-0.8	-0.00584551	0.366483	0	-0.00134205	-0.00130075	0.00764699	0	0	0	0	0	0	0	-0.488833	-0.243628	0.0659001	0	0	1.90127	0	0	0	0.127983	-0.0402158	0.888117
2012-01-12 00:00:00	-5.78199	-0.0176869	0.330853	0	0.00288551	-0.0140234	0.0420788	0	0	0	0	0	0	0	2.44885	-0.244284	0.0660344	0	0	1.90157	0	0	0	0.128229	-0.0392227	-1.1767
2012-01-13 00:00:00	-0.2	-0.0395646	0.239563	0	-0.00331328	-0.000377428	0.00555094	0	0	0	0	0	0	0	-0.98341	-0.244519	0.0660914	0	0	1.83221	0	0	0	0.128543	-0.0394064	0.761373
2012-01-14 00:00:00	-3	0.0294207	0.252187	0	0.00144929	-0.00674706	0.0229704	0	0	0	0	0	0	0	0.95097	-0.244703	0.0661621	0	0	1.74819	0	0	0	0.12858	-0.0379983	-0.0895195
2012-01-15 00:00:00	-5.27523	-0.00980412	0.210865	0	0.00141692	-0.0132297	0.0404957	0	0	0	0	0	0	0	2.20404	-0.245459	0.0663304	0	0	1.8168	0	0	0	0.12895	-0.0382562	-1.11308
2012-01-16 00:00:00	-0.2	-0.0151252	0.210147	0	-0.00300818	-0.000363662	0.0048084	0	0	0	0	0	0	0	-0.814856	-0.245533	0.0665518	0	0	1.75984	0	0	0	0.129221	-0.0384141	0.853265
2012-01-17 00:00:00	-0.204504	-0.121857	0.324054	0	8.63045E-05	0	0.00399645	0	0	0	0	0	0	0	-0.905341	-0.245377	0.0664421	0	0	1.59064	0	0	0	0.129285	-0.0364806	0.600949
2012-01-18 00:00:00	-1.81801	0.114548	0.387838	0	0.000796096	-0.00295784	0.0128012	0	0	0	0	0	0	0	0.22479	-0.245441	0.0664665	0	0	1.49804	0	0	0	0.129211	-0.0354672	0.332606
2012-01-19 00:00:00	-2.89007	-0.014432	0.335663	0	0.000864442	-0.00634352	0.0207365	0	0	0	0	0	0	0	0.771278	-0.245806	0.0665732	0	0	1.48912	0	0	0	0.129453	-0.0346811	-0.377643
2012-01-20 00:00:00	-2.83603	-0.0102946	0.343292	0	0.000162069	-0.00638137	0.0213908	0	0	0	0	0	0	0	0.601811	-0.246264	0.0667056	0	0	1.51052	0	0	0	0.129643	-0.034593	-0.460034
2012-01-21 00:00:00	-1.23603	0.00434944	0.393306	0	-0.00102684	-0.00212771	0.010805	0	0	0	0	0	0	0	-0.358547	-0.246829	0.0667697	0	0	1.47161	0	0	0	0.129732	-0.0344057	0.197604
2012-01-22 00:00:00	-3.47656	-0.010059	0.388347	0	0.000969415	-0.0076711	0.0249037	0	0	0	0	0	0	0	1.14265	-0.247305	0.0670594	0	0	1.47475	0	0	0	0.129897	-0.0342737	-0.547294
2012-01-23 00:00:00	-0.2	-0.147239	0.342598	0	-0.00172046	-0.000264249	0.00465939	0	0	0	0	0	0	0	-0.708131	-0.247804	0.0669623	0	0	1.40811	0	0	0	0.129968	-0.0345158	0.612626
2012-01-24 00:00:00	-6.59099	0.136107	0.359867	0	0.0031694	-0.015446	0.0469422	0	0	0	0	0	0	0	2.60747	-0.248662	0.0671442	0	0	1.50879	0	0	0	0.130186	-0.0341166	-2.02954
2012-01-25 00:00:00	-4.2	-0.000491674	0.462969	0	-0.00115042	-0.00982572	0.0323607	0	0	0	0	0	0	0	1.45487	-0.24956	0.0674114	0	0	1.66039	0	0	0	0.130537	-0.036377	-0.68887
2012-01-26 00:00:00	-3.47206	-0.00923376	0.357431	0	-0.000430151	-0.0079556	0.0259591	0	0	0	0	0	0	0	1.18559	-0.250197	0.0675879	0	0	1.70086	0	0	0	0.131098	-0.0376526	-0.308999
2012-01-27 00:00:00	-2.74145	-0.00585367	0.342622	0	0.000155137	-0.00640323	0.022083	0	0	0	0	0	0	0	0.440879	-0.250789	0.0676847	0	0	1.70627	0	0	0	0.131438	-0.0371158	-0.330478
2012-01-28 00:00:00	-0.2	-0.104542	0.29013	0	-0.00185688	-0.000256346	0.00417368	0	0	0	0	0	0	0	-0.728267	-0.250822	0.0676873	0	0	1.60103	0	0	0	0.131569	-0.0369937	0.771848
2012-01-29 00:00:00	-0.00450358	-0.316315	0.357824	0	-0.00108776	0	0.0036603	0	0	0	0	0	0	0	-0.774359	-0.250749	0.0676783	0	0	1.45961	0	0	0	0.13188	-0.0347595	0.63888
2012-01-30 00:00:00	0	-0.332702	0.377604	0	-0.00115556	0	0.00357002	0	0	0	0	0	0	0	-0.760467	-0.25071	0.0676711	0	0	1.35549	0	0	0	0.13183	-0.032928	0.558206
2012-01-31 00:00:00	-3.19099	0.733264	0.331133	0	0.00385746	-0.00463832	0.0173246	0	0	0	0	0	0	0	0.62402	-0.250905	0.0677035	0	0	1.31018	0	0	0	0.131886	-0.0314995	-0.258663
2012-02-01 00:00:00	0	-0.32038	0.342158	0	-0.00216391	-0.000245746	0.00422751	0	0	0	0	0	0	0	-0.869639	-0.251078	0.0677298	0	0	1.2876	0	0	0	0.131972	-0.0307746	0.359411
2012-02-02 00:00:00	0	-0.242529	0.275365	0	-0.000803215	0	0.00335093	0	0	0	0	0	0	0	-0.714781	-0.251026	0.0677109	0	0	1.20053	0	0	0	0.131817	-0.0299821	0.439652
2012-02-03 00:00:00	0	-0.320562	0.36401	0	-0.00155512	0	0.00330052	0	0	0	0	0	0	0	-0.630092	-0.250995	0.0676921	0	0	1.13194	0	0	0	0.131775	-0.0287697	0.466747
2012-02-04 00:00:00	-1.62702	0.86258	0.401556	0	0.00344079	-9.48426E-06	0.004293	0	0	0	0	0	0	0	-0.333911	-0.25096	0.0676868	0	0	1.08019	0	0	0	0.131637	-0.0278663	0.31161
2012-02-05 00:00:00	-0.2	-0.209401	0.41616	0	-0.000926052	-6.62621E-05	0.00332826	0	0	0	0	0	0	0	-0.627021	-0.250951	0.0676896	0	0	1.04704	0	0	0	0.131544	-0.0270847	0.350314
2012-02-06 00:00:00	0	-0.379657	0.431284	0	-0.00148506	0	0.00354725	0	0	0	0	0	0	0	-0.627772	-0.250872	0.0676736	0	0	1.00317	0	0	0	0.131372	-0.0264117	0.350852
2012-02-07 00:00:00	-0.2	-0.140111	0.361987	0	-0.000719448	0	0.00303747	0	0	0	0	0	0	0	-0.542562	-0.250793	0.0676575	0	0	0.966321	0	0	0	0.131214	-0.02602	0.370011
2012-02-08 00:00:00	-0.00900717	-0.358879	0.418014	0	-0.00129825	0	0.00324023	0	0	0	0	0	0	0	-0.698748	-0.250709	0.0676409	0	0	0.935744	0	0	0	0.131048	-0.0254214	0.211624
2012-02-09 00:00:00	-5.35496	1.0619	0.469765	0	0.00614524	-0.00862571	0.0291017	0	0	0	0	0	0	0	1.73363	-0.251146	0.0677143	0	0	0.995227	0	0	0	0.130941	-0.0260459	-1.14635
2012-02-10 00:00:00	-4.80901	-0.00350403	0.40381	0	-0.000113274	-0.0114713	0.0362385	0	0	0	0	0	0	0	1.87039	-0.252003	0.0678706	0	0	1.16853	0	0	0	0.131018	-0.0289241	-1.42716
2012-02-11 00:00:00	-3.59099	-0.00583414	0.5125	0	-0.000349903	-0.00804144	0.026339	0	0	0	0	0	0	0	1.05928	-0.252845	0.0680192	0	0	1.31337	0	0	0	0.131133	-0.0306634	-0.778083
2012-02-12 00:00:00	-1	-0.0141464	0.565909	0	-0.00149699	-0.00119165	0.00672759	0	0	0	0	0	0	0	-0.390955	-0.253015	0.0680467	0	0	1.30729	0	0	0	0.131061	-0.0315027	0.386732
2012-02-13 00:00:00	-1.19099	-0.011324	0.576721	0	0.000271865	-0.00145018	0.00747419	0	0	0	0	0	0	0	-0.233064	-0.253051	0.0680463	0	0	1.25303	0	0	0	0.13101	-0.030175	0.316496
2012-02-14 00:00:00	-1.5	0.0104743	0.588485	0	0.000136562	-0.00214561	0.0106373	0	0	0	0	0	0	0	-0.0788432	-0.25313	0.0680527	0	0	1.21715	0	0	0	0.130905	-0.0294951	0.162223
2012-02-15 00:00:00	-9.95496	-0.0147343	0.659413	0	0.00370214	-0.0239759	0.0706398	0	0	0	0	0	0	0	4.74848	-0.254399	0.0682844	0	0	1.42913	0	0	0	0.131056	-0.0320856	-3.16946
2012-02-16 00:00:00	-1.19099	-0.0140761	0.686175	0	-0.00384241	-0.00162399	0.00860504	0	0	0	0	0	0	0	-0.550153	-0.255108	0.0684104	0	0	1.56772	0	0	0	0.131216	-0.0356907	0.410636
2012-02-17 00:00:00	-1.21801	0.0057769	0.709709	0	-0.000192142	-0.00102894	0.00747028	0	0	0	0	0	0	0	-0.375207	-0.25504	0.0684015	0	0	1.4651	0	0	0	0.131099	-0.0345678	0.503505
2012-02-18 00:00:00	-5.45855	-0.000647804	0.602194	0	0.00191417	-0.0121312	0.0383234	0	0	0	0	0	0	0	2.23265	-0.255633	0.0685269	0	0	1.51289	0	0	0	0.131112	-0.0349041	-1.17425
2012-02-19 00:00:00	-0.195496	-0.329476	0.551019	0	-0.00309188	-0.000352853	0.00414283	0	0	0	0	0	0	0	-0.730881	-0.255825	0.0685724	0	0	1.50045	0	0	0	0.131215	-0.035564	0.704708
2012-02-20 00:00:00	-3.04504	0.31983	0.697764	0	0.00225521	-0.00447759	0.0171238	0	0	0	0	0	0	0	0.575452	-0.255842	0.0686146	0	0	1.45295	0	0	0	0.131202	-0.0336848	-0.0738508
2012-02-21 00:00:00	-8.55046	-0.00742095	0.784128	0	0.00223964	-0.0200638	0.0603461	0	0	0	0	0	0	0	3.90113	-0.256953	0.0688654	0	0	1.63448	0	0	0	0.131338	-0.0356533	-2.28803
2012-02-22 00:00:00	-3.21351	-0.00411166	0.877961	0	-0.00203255	-0.00608189	0.0216268	0	0	0	0	0	0	0	0.57823	-0.257699	0.0690514	0	0	1.75787	0	0	0	0.131645	-0.0380305	-0.0850836
2012-02-23 00:00:00	-1.01801	-0.018999	0.910967	0	-0.00166271	-0.000298575	0.00476586	0	0	0	0	0	0	0	-0.551051	-0.257642	0.069047	0	0	1.65102	0	0	0	0.131546	-0.0375835	0.882095
2012-02-24 00:00:00	-0.604504	-0.212883	0.83619	0	-0.000856756	0	0.00316338	0	0	0	0	0	0	0	-0.933675	-0.257378	0.0689969	0	0	1.49088	0	0	0	0.131568	-0.035595	0.485902
2012-02-25 00:00:00	-1.83153	0.218159	0.778247	0	0.00150364	-0.00120287	0.00860816	0	0	0	0	0	0	0	0.0816623	-0.257392	0.0690057	0	0	1.42408	0	0	0	0.131374	-0.0332363	0.589287
2012-02-26 00:00:00	-1.1955	0.00724255	0.658041	0	-0.000163853	-0.00123457	0.00766415	0	0	0	0	0	0	0	-0.389325	-0.257342	0.0689975	0	0	1.35747	0	0	0	0.131361	-0.0317966	0.355421
2012-02-27 00:00:00	-0.990993	-0.0449674	0.948944	0	-0.000579988	-0.000121292	0.003367	0	0	0	0	0	0	0	-0.452342	-0.257152	0.0689597	0	0	1.27213	0	0	0	0.131204	-0.0310648	0.64738
2012-02-28 00:00:00	-0.395496	-0.523184	0.994228	0	-0.00208386	0	0.0037156	0	0	0	0	0	0	0	-0.693388	-0.256949	0.0689219	0	0	1.19199	0	0	0	0.131053	-0.0294158	0.489391
2012-02-29 00:00:00	0	-0.627142	0.844421	0	-0.00470794	0	0.00235637	0	0	0	0	0	0	0	-0.627767	-0.256728	0.0688818	0	0	1.12012	0	0	0	0.1308	-0.0286793	0.621553
2012-03-01 00:00:00	-0.8	-0.0785385	0.968895	0	-0.0015017	0	0.0033979	0	0	0	0	0	0	0	-0.66643	-0.256521	0.0688443	0	0	1.05773	0	0	0	0.130608	-0.0273954	0.399089
2012-03-02 00:00:00	-1.1955	0.28204	0.907733	0	-0.000178618	0	0.00266024	0	0	0	0	0	0	0	-0.419199	-0.256291	0.0688055	0	0	1.01022	0	0	0	0.130352	-0.0269609	0.503681
2012-03-03 00:00:00	-2.02252	0.819777	0.88237	0	0.00518726	0	0.00405739	0	0	0	0	0	0	0	-0.327374	-0.256153	0.0687872	0	0	0.983624	0	0	0	0.130034	-0.0264113	0.261379
2012-03-04 00:00:00	-7.75046	0.143776	0.742659	0	0.00641134	-0.0151182	0.0508281	0	0	0	0	0	0	0	3.39637	-0.256959	0.068927	0	0	1.13211	0	0	0	0.130093	-0.027818	-2.37918
2012-03-05 00:00:00	-0.2	-0.475608	0.726256	0	-0.00411792	-0.000442608	0.00449381	0	0	0	0	0	0	0	-0.810103	-0.257304	0.0689941	0	0	1.24727	0	0	0	0.130154	-0.030181	0.399409
2012-03-06 00:00:00	-0.2	-0.523366	0.797553	0	-0.00293968	0	0.00265383	0	0	0	0	0	0	0	-0.444483	-0.257051	0.068954	0	0	1.17145	0	0	0	0.129855	-0.0294144	0.713214
2012-03-07 00:00:00	-1.63603	0.665719	0.895867	0	0.00142484	0	0.00365373	0	0	0	0	0	0	0	-0.554577	-0.25681	0.0689212	0	0	1.10822	0	0	0	0.129674	-0.0281869	0.397875
2012-03-08 00:00:00	-1.01801	0.0203381	0.979228	0	-0.000165355	0	0.00243541	0	0	0	0	0	0	0	-0.478819	-0.256573	0.0688934	0	0	1.05738	0	0	0	0.129452	-0.0275172	0.476642
2012-03-09 00:00:00	0	-0.913159	1.13249	0	-0.00541118	0	0.00252551	0	0	0	0	0	0	0	-0.614924	-0.256324	0.0688573	0	0	1.00995	0	0	0	0.129117	-0.0265874	0.526533
2012-03-10 00:00:00	-0.195496	-0.303815	0.903063	0	-0.00717798	0	0.00160751	0	0	0	0	0	0	0	-0.881722	-0.256038	0.0688097	0	0	0.955043	0	0	0	0.128967	-0.0259347	0.387305
2012-03-11 00:00:00	0	-0.190586	0.971129	0	-0.0119995	0	0.00295637	0	0	0	0	0	0	0	-1.01232	-0.2558	0.0687695	0	0	0.906863	0	0	0	0.128652	-0.0248096	0.582855
2012-03-12 00:00:00	0	-0.00830155	0.929804	0	-0.0112958	0	0.00147946	0	0	0	0	0	0	0	-1.27817	-0.255443	0.0687133	0	0	0.840598	0	0	0	0.128536	-0.0237848	0.392134
2012-03-13 00:00:00	-0.395496	-0.00666925	0.95744	0	-0.00622417	0	0.00155934	0	0	0	0	0	0	0	-0.685921	-0.255132	0.0686648	0	0	0.79892	0	0	0	0.128344	-0.0225392	0.582947
2012-03-14 00:00:00	-1.9955	0.823429	1.10476	0	-2.55489E-05	0	0.00379748	0	0	0	0	0	0	0	-0.300836	-0.254934	0.0686343	0	0	0.786664	0	0	0	0.127943	-0.0216759	0.342262
2012-03-15 00:00:00	-4.79325	0.858903	1.09156	0	0.0365207	0	0.00663366	0	0	0	0	0	0	0	1.25426	-0.255061	0.0686578	0	0	0.838785	0	0	0	0.127794	-0.0225741	-0.787771
2012-03-16 00:00:00	-12.9324	0.0112557	1.22181	0	0.0124409	-0.0252163	0.0828815	0	0	0	0	0	0	0	6.29619	-0.256556	0.068944	0	0	1.18589	0	0	0	0.128015	-0.027899	-4.23469
2012-03-17 00:00:00	-0.804504	-0.294614	1.1326	0	-0.00481779	-0.000620299	0.00522257	0	0	0	0	0	0	0	-1.02288	-0.257226	0.0690711	0	0	1.40784	0	0	0	0.128155	-0.0329461	0.325283
2012-03-18 00:00:00	-0.00450358	-0.814894	1.04367	0	-0.00591341	0	0.00257209	0	0	0	0	0	0	0	-0.533272	-0.256905	0.0690211	0	0	1.30505	0	0	0	0.127894	-0.031849	0.900867
2012-03-19 00:00:00	-0.804504	-0.159528	1.13853	0	-0.00343993	0	0.0023841	0	0	0	0	0	0	0	-0.807905	-0.256528	0.0689627	0	0	1.19664	0	0	0	0.127836	-0.0299634	0.472482
2012-03-20 00:00:00	-1.21801	-0.0795449	1.37559	0	-0.00193441	0	0.00302268	0	0	0	0	0	0	0	-0.376841	-0.256385	0.0689305	0	0	1.13603	0	0	0	0.127518	-0.0285966	0.749777
2012-03-21 00:00:00	0	-0.326948	1.14727	0	-0.0134294	0	0.00150988	0	0	0	0	0	0	0	-1.28741	-0.256677	0.0688119	0	0	1.04074	0	0	0	0.127383	-0.0277422	0.473507
2012-03-22 00:00:00	-0.00450358	-0.0151128	1.78309	0	-0.0212236	0	0.000775416	0	0	0	0	0	0	0	-1.49185	-0.256462	0.0687812	0	0	0.951915	0	0	0	0.127155	-0.0260501	1.11652
2012-03-23 00:00:00	0	-0.0125162	1.38045	0	-0.0129563	0	0.00133996	0	0	0	0	0	0	0	-1.31431	-0.256122	0.0687243	0	0	0.857074	0	0	0	0.127091	-0.0234824	0.815298
2012-03-24 00:00:00	-3.97748	1.31913	1.75761	0	0.00729019	0	0.00417944	0	0	0	0	0	0	0	0.18054	-0.2559	0.068684	0	0	0.82613	0	0	0	0.126998	-0.0222015	0.0349745
2012-03-25 00:00:00	-0.2	-1.33522	2.7312	0	-0.00926561	0	0.00142313	0	0	0	0	0	0	0	-1.39338	-0.255685	0.0686499	0	0	0.820845	0	0	0	0.126756	-0.0222792	0.533051
2012-03-26 00:00:00	-0.2	-0.0217337	2.55041	0	0.000520456	0	0.00015083	0	0	0	0	0	0	0	-2.31321	-0.255166	0.0685452	0	0	0.701896	0	0	0	0.126534	-0.0216278	0.636317
2012-03-27 00:00:00	0	-0.00360281	2.53823	0	-0.00645271	0	0.000190468	0	0	0	0	0	0	0	-1.44653	-0.254648	0.0684851	0	0	0.613827	0	0	0	0.126624	-0.020038	1.61608
2012-03-28 00:00:00	-0.00450358	0	2.44702	0	-0.00167763	0	0	0	0	0	0	0	0	0	-2.44907	-0.254516	0.0684478	0	0	0.539531	0	0	0	0.126707	-0.0185555	0.453382
2012-03-29 00:00:00	0	0	1.31121	0	0.00297675	0	0.000260663	0	0	0	0	0	0	0	-1.28879	-0.25392	0.0683811	0	0	0.511123	0	0	0	0.126083	-0.0169568	0.460362
2012-03-30 00:00:00	0	0	1.29122	0	-0.000580639	0	0.00122243	0	0	0	0	0	0	0	-1.07003	-0.253641	0.0683301	0	0	0.502088	0	0	0	0.125741	-0.0162116	0.648142
2012-03-31 00:00:00	-0.4	0	1.1339	0	1.27611E-05	0	0.00168858	0	0	0	0	0	0	0	-0.733603	-0.253282	0.068261	0	0	0.500668	0	0	0	0.1254	-0.0159844	0.427059
2012-04-01 00:00:00	0	0	1.53087	0	3.72195E-06	0	0.000684738	0	0	0	0	0	0	0	-1.42276	-0.252784	0.0681734	0	0	0.493149	0	0	0	0.125122	-0.0160267	0.526434
2012-04-02 00:00:00	-1.19099	0	1.44452	0	-1.2254E-05	0	0.00043875	0	0	0	0	0	0	0	-0.0074046	-0.252312	0.0680938	0	0	0.509061	0	0	0	0.124681	-0.0156953	0.680381
2012-04-03 00:00:00	-4.22968	1.61424	1.18705	0	7.9308E-05	0	0.00622499	0	0	0	0	0	0	0	0.369388	-0.252486	0.0681461	0	0	0.548074	0	0	0	0.124517	-0.0166004	-0.581051
2012-04-04 00:00:00	-6.4	0.0948688	1.19799	0	-1.46162E-05	0	0.00759141	0	0	0	0	0	0	0	2.79029	-0.252993	0.0682589	0	0	0.700565	0	0	0	0.124329	-0.0190774	-1.6882
2012-04-05 00:00:00	-0.4	-1.03673	1.65841	0	-6.79684E-05	0	0.00261011	0	0	0	0	0	0	0	-0.690916	-0.253047	0.0682621	0	0	0.807041	0	0	0	0.124182	-0.0214981	0.258247
2012-04-06 00:00:00	-5.2	1.02587	1.62464	0	0.00554264	0	0.00487391	0	0	0	0	0	0	0	1.29152	-0.252981	0.0682453	0	0	0.839507	0	0	0	0.123918	-0.0218414	-0.490701
2012-04-07 00:00:00	-0.6	-0.875962	1.58805	0	-7.60305E-05	0	0.00238793	0	0	0	0	0	0	0	-0.558655	-0.252879	0.0682236	0	0	0.882667	0	0	0	0.123749	-0.0231381	0.35437
2012-04-08 00:00:00	-1	-0.344026	1.66014	0	-0.00281625	0	0.00156796	0	0	0	0	0	0	0	-0.663466	-0.25246	0.0681449	0	0	0.853083	0	0	0	0.123521	-0.0228282	0.420862
2012-04-09 00:00:00	-1.2	-0.187624	1.58298	0	0.000138914	0	0.00253119	0	0	0	0	0	0	0	-0.533821	-0.251944	0.0680515	0	0	0.821519	0	0	0	0.123193	-0.0224176	0.402609
2012-04-10 00:00:00	-21.8	1.43661	1.44851	0	0.0674985	-0.0282931	0.100694	0	0	0	0	0	0	0	10.3605	-0.254326	0.0685023	0	0	1.21749	0	0	0	0.123559	-0.0269755	-7.28625
2012-04-11 00:00:00	-1.8	-0.0221043	1.53652	0	-0.00369244	-0.000951887	0.00701854	0	0	0	0	0	0	0	-0.571705	-0.255755	0.0687719	0	0	1.59592	0	0	0	0.124059	-0.0358885	0.642191
2012-04-12 00:00:00	-4	0.000754599	1.52351	0	0.00160699	-0.00564699	0.0201947	0	0	0	0	0	0	0	0.924601	-0.255719	0.0687646	0	0	1.53943	0	0	0	0.123943	-0.0350503	-0.0936112
2012-04-13 00:00:00	-0.2	-0.981687	1.35625	0	-0.00628716	-0.000143035	0.00250235	0	0	0	0	0	0	0	-0.652192	-0.255503	0.0687211	0	0	1.45525	0	0	0	0.123953	-0.0340659	0.876798
2012-04-14 00:00:00	-0.8	-0.235746	1.3119	0	-0.00528432	0	0.0027794	0	0	0	0	0	0	0	-0.789928	-0.255155	0.0686519	0	0	1.34016	0	0	0	0.12378	-0.0316183	0.729533
2012-04-15 00:00:00	-0.2	-0.421821	1.30932	0	-0.0119596	0	0.00114854	0	0	0	0	0	0	0	-1.11559	-0.254684	0.0685414	0	0	1.19617	0	0	0	0.123599	-0.0309533	0.663776
2012-04-16 00:00:00	-12.737	1.65799	1.53508	0	0.026141	-0.0184591	0.0626175	0	0	0	0	0	0	0	5.38507	-0.255896	0.0687512	0	0	1.36964	0	0	0	0.123724	-0.030562	-2.81284
2012-04-17 00:00:00	-4.2	-0.0419297	1.64963	0	-0.00210535	-0.00650967	0.022369	0	0	0	0	0	0	0	0.898455	-0.25671	0.0688874	0	0	1.57275	0	0	0	0.124242	-0.0352077	-0.206127
2012-04-18 00:00:00	-0.6	-0.877522	1.59417	0	-0.00556993	-0.000126512	0.0042692	0	0	0	0	0	0	0	-0.773435	-0.256536	0.0688466	0	0	1.49924	0	0	0	0.124096	-0.0347236	0.74271
2012-04-19 00:00:00	-6.8	0.886249	1.78102	0	0.00650095	-0.00868221	0.0301122	0	0	0	0	0	0	0	2.08446	-0.256761	0.0688827	0	0	1.4822	0	0	0	0.123988	-0.033986	-0.636018
2012-04-20 00:00:00	-1.4	-0.383363	1.82047	0	-0.00445766	-0.000284285	0.00434298	0	0	0	0	0	0	0	-0.818934	-0.256636	0.0688437	0	0	1.44671	0	0	0	0.124156	-0.0341937	0.566654
2012-04-21 00:00:00	-6.4	0.384869	1.77226	0	0.00436535	-0.00916242	0.031603	0	0	0	0	0	0	0	2.23011	-0.257043	0.0689167	0	0	1.47378	0	0	0	0.1239	-0.0336981	-0.61009
2012-04-22 00:00:00	-1.8	-0.0285558	1.74642	0	-0.00331818	-0.000351052	0.00446458	0	0	0	0	0	0	0	-0.605852	-0.257011	0.0689044	0	0	1.45513	0	0	0	0.124022	-0.0339142	0.669934
2012-04-23 00:00:00	-1.4	-0.321963	1.78728	0	-0.00230194	0	0.00293593	0	0	0	0	0	0	0	-0.562929	-0.256633	0.0688338	0	0	1.34354	0	0	0	0.123827	-0.0317723	0.750823
2012-04-24 00:00:00	-3.4	0.383535	1.83535	0	0.00358642	-0.000558085	0.0095833	0	0	0	0	0	0	0	0.244003	-0.256423	0.0687948	0	0	1.27683	0	0	0	0.123717	-0.0304018	0.258008
2012-04-25 00:00:00	-7	0.0135075	1.88615	0	0.00150223	-0.0124416	0.0396667	0	0	0	0	0	0	0	2.49457	-0.256947	0.0688947	0	0	1.37072	0	0	0	0.123638	-0.0316201	-1.30236
2012-04-26 00:00:00	-13.4	3.10302E-05	1.85204	0	0.00220017	-0.029401	0.0873895	0	0	0	0	0	0	0	6.27525	-0.258657	0.0692348	0	0	1.71574	0	0	0	0.124083	-0.0363561	-3.59844
2012-04-27 00:00:00	-0.6	-0.972054	1.69038	0	-0.00804259	-0.00052909	0.00514631	0	0	0	0	0	0	0	-0.912939	-0.259152	0.0693512	0	0	1.83676	0	0	0	0.124494	-0.0390039	0.93441
2012-04-28 00:00:00	-0.2	-0.594873	1.55167	0	-0.013822	0	0.00154914	0	0	0	0	0	0	0	-1.12813	-0.258674	0.0692576	0	0	1.62575	0	0	0	0.124241	-0.0375363	1.13944
2012-04-29 00:00:00	-5.8	1.58805	1.60169	0	0.0190793	-0.00173219	0.0141039	0	0	0	0	0	0	0	1.03117	-0.258692	0.0692542	0	0	1.53673	0	0	0	0.124177	-0.0355032	-0.111662
2012-04-30 00:00:00	-1	-0.923193	2.01427	0	-0.00538605	-0.000239268	0.00337104	0	0	0	0	0	0	0	-0.601446	-0.258509	0.0692163	0	0	1.47764	0	0	0	0.124241	-0.0348599	0.865109
2012-05-01 00:00:00	-0.4	-0.739508	1.98169	0	-0.0151657	0	0.00147453	0	0	0	0	0	0	0	-1.21989	-0.25804	0.0691249	0	0	1.32385	0	0	0	0.124133	-0.0324308	0.83524
2012-05-02 00:00:00	-0.6	-0.0416648	1.85482	0	-0.0179486	0	0.00112778	0	0	0	0	0	0	0	-1.33439	-0.257754	0.0690732	0	0	1.20623	0	0	0	0.123932	-0.0299583	0.973465
2012-05-03 00:00:00	0	-0.0172293	1.93663	0	-0.0215951	0	1.33629E-05	0	0	0	0	0	0	0	-1.20453	-0.257053	0.0689472	0	0	1.00596	0	0	0	0.123723	-0.0284496	1.60642
2012-05-04 00:00:00	-1.2	-0.00739911	1.8173	0	-0.00141032	0	0.00238891	0	0	0	0	0	0	0	-1.36705	-0.256916	0.068918	0	0	0.951242	0	0	0	0.123825	-0.0259247	0.104966
2012-05-05 00:00:00	-0.2	-0.0134313	1.675	0	-0.0017783	0	0.000738537	0	0	0	0	0	0	0	-1.47102	-0.256532	0.0688515	0	0	0.879613	0	0	0	0.123406	-0.0240077	0.78084
2012-05-06 00:00:00	0	-0.0136031	1.53108	0	-2.85809E-05	0	0.00104609	0	0	0	0	0	0	0	-1.39079	-0.256077	0.0687696	0	0	0.79367	0	0	0	0.1232	-0.0221012	0.835161
2012-05-07 00:00:00	-3.8	1.20985	2.02021	0	5.75248E-05	0	0.0029701	0	0	0	0	0	0	0	0.0425813	-0.255771	0.0687132	0	0	0.767339	0	0	0	0.123016	-0.0210322	0.157934
2012-05-08 00:00:00	-2.4	0.120616	2.05854	0	-4.89009E-05	0	0.00342208	0	0	0	0	0	0	0	-0.175675	-0.255575	0.0686705	0	0	0.78324	0	0	0	0.122685	-0.0212242	0.304649
2012-05-09 00:00:00	-0.2	-1.33502	2.08184	0	-0.000811134	0	0.000597302	0	0	0	0	0	0	0	-0.619086	-0.255119	0.0685898	0	0	0.775832	0	0	0	0.122498	-0.0213126	0.618001
2012-05-10 00:00:00	-27.6	1.78182	1.9277	0	0.0707286	-0.040297	0.129311	0	0	0	0	0	0	0	13.3439	-0.258125	0.0691379	0	0	1.33172	0	0	0	0.122997	-0.0275598	-9.14869
2012-05-11 00:00:00	-12	-0.00832675	2.04442	0	-0.00361781	-0.0259443	0.0788193	0	0	0	0	0	0	0	5.11223	-0.261252	0.0697432	0	0	2.15217	0	0	0	0.124252	-0.0408249	-2.75833
2012-05-12 00:00:00	-0.2	-1.45879	2.37669	0	-0.0184146	-0.000392169	0.00363562	0	0	0	0	0	0	0	-1.29321	-0.261527	0.0698054	0	0	2.14657	0	0	0	0.124581	-0.0427886	1.44616
2012-05-13 00:00:00	-6.8	1.49042	2.34904	0	0.015681	-0.00354685	0.0192524	0	0	0	0	0	0	0	1.09736	-0.261577	0.0697931	0	0	1.98172	0	0	0	0.124531	-0.0403717	0.0423045
2012-05-14 00:00:00	-1.8	-0.403323	2.25249	0	-0.00348291	-0.000344571	0.00363775	0	0	0	0	0	0	0	-0.893009	-0.261421	0.0697577	0	0	1.85809	0	0	0	0.124641	-0.0395309	0.907508
2012-05-15 00:00:00	-4.6	0.383849	2.05699	0	0.00317226	-0.00370007	0.0164616	0	0	0	0	0	0	0	0.600596	-0.26134	0.0697317	0	0	1.73452	0	0	0	0.124436	-0.0383854	0.0863289
2012-05-16 00:00:00	-0.8	-1.09819	2.05389	0	-0.00617826	-0.000106718	0.00349757	0	0	0	0	0	0	0	-0.837358	-0.260976	0.069653	0	0	1.59948	0	0	0	0.124367	-0.0369998	0.811079
2012-05-17 00:00:00	-7.6	1.12038	2.36957	0	0.00706633	-0.0084331	0.0304084	0	0	0	0	0	0	0	2.2133	-0.261325	0.0697146	0	0	1.60438	0	0	0	0.124253	-0.0355364	-0.366223
2012-05-18 00:00:00	-5.4	-0.00164675	2.13464	0	-0.000601294	-0.00796339	0.0270606	0	0	0	0	0	0	0	1.28458	-0.261827	0.0698112	0	0	1.6869	0	0	0	0.124485	-0.0364557	-0.381015
2012-05-19 00:00:00	-0.6	-1.17763	2.04347	0	-0.00815754	-0.000196852	0.00310504	0	0	0	0	0	0	0	-0.77112	-0.26162	0.0697763	0	0	1.60445	0	0	0	0.124442	-0.0362175	0.990305
2012-05-20 00:00:00	0	-0.573348	2.90257	0	-0.0352969	0	0.000425314	0	0	0	0	0	0	0	-2.39392	-0.261225	0.0696936	0	0	1.41139	0	0	0	0.124308	-0.0337014	1.2109
2012-05-21 00:00:00	0	-0.0223576	2.56964	0	-0.0207712	0	3.82838E-05	0	0	0	0	0	0	0	-2.19356	-0.260702	0.0695924	0	0	1.15286	0	0	0	0.124332	-0.0300142	1.38905
2012-05-22 00:00:00	-0.2	-0.0218753	2.6761	0	0.000170182	0	2.8733E-05	0	0	0	0	0	0	0	-2.54695	-0.260156	0.0694919	0	0	0.955065	0	0	0	0.124224	-0.0272896	0.768808
2012-05-23 00:00:00	0	-0.0109882	2.52866	0	-0.00271792	0	1.67863E-05	0	0	0	0	0	0	0	-1.93077	-0.259769	0.0694241	0	0	0.831684	0	0	0	0.124029	-0.0239111	1.32565
2012-05-24 00:00:00	-0.904504	0	3.09918	0	-0.004281	0	0	0	0	0	0	0	0	0	-1.53581	-0.259115	0.0693146	0	0	0.705792	0	0	0	0.123959	-0.0216611	1.27287
2012-05-25 00:00:00	-2.71126	0	3.32114	0	0.00158411	0	0	0	0	0	0	0	0	0	-0.939393	-0.258819	0.0692547	0	0	0.678411	0	0	0	0.123988	-0.0200282	0.26488
2012-05-26 00:00:00	-12.9775	1.81649	3.70868	0	0.0199186	0	0.0114793	0	0	0	0	0	0	0	4.20256	-0.259832	0.0694214	0	0	0.844904	0	0	0	0.123535	-0.0208709	-2.4612
2012-05-27 00:00:00	-10.1797	0.00381731	4.54413	0	0.0448198	-0.00233164	0.0193258	0	0	0	0	0	0	0	2.88955	-0.260692	0.0695918	0	0	1.13476	0	0	0	0.123835	-0.0271239	-1.64005
2012-05-28 00:00:00	-0.402252	-1.77695	3.73465	0	-0.0294824	-0.000212776	0.00164963	0	0	0	0	0	0	0	-1.93898	-0.260656	0.0695771	0	0	1.18706	0	0	0	0.123783	-0.0291233	0.679062
2012-05-29 00:00:00	0	-0.0221107	2.5606	0	-0.0300009	0	0	0	0	0	0	0	0	0	-2.33757	-0.259945	0.0694369	0	0	0.967944	0	0	0	0.123553	-0.0279314	1.04398
2012-05-30 00:00:00	-5	1.28483	3.00293	0	0.00851319	0	0.00101252	0	0	0	0	0	0	0	0.858784	-0.259703	0.0693949	0	0	0.935972	0	0	0	0.123359	-0.0255638	0.999536
2012-05-31 00:00:00	-19.6	0.557979	2.94997	0	0.0581092	-0.0300689	0.0938384	0	0	0	0	0	0	0	8.88624	-0.261911	0.0698038	0	0	1.3426	0	0	0	0.123954	-0.0288318	-5.83831
2012-06-01 00:00:00	0	-1.7369	2.68439	0	-0.0221823	-0.000591649	0.00385879	0	0	0	0	0	0	0	-1.55569	-0.262787	0.0699593	0	0	1.63291	0	0	0	0.124333	-0.0361734	0.901133
2012-06-02 00:00:00	0	-0.0762227	2.30985	0	-0.0300146	0	7.13258E-05	0	0	0	0	0	0	0	-2.03856	-0.262222	0.0698508	0	0	1.39305	0	0	0	0.124164	-0.0337412	1.45623
2012-06-03 00:00:00	-1.8	-0.00706501	2.33515	0	-0.00501895	0	0.00226397	0	0	0	0	0	0	0	-0.881514	-0.261835	0.0697757	0	0	1.23474	0	0	0	0.12407	-0.0300282	0.780538
2012-06-04 00:00:00	-0.2	-0.0230556	2.84511	0	-0.00937612	0	7.53997E-05	0	0	0	0	0	0	0	-2.38216	-0.261368	0.0696825	0	0	1.07183	0	0	0	0.123893	-0.0280052	1.20663
2012-06-05 00:00:00	-1.8	-0.0127002	2.99086	0	-0.000800365	0	0	0	0	0	0	0	0	0	-0.531131	-0.26065	0.0695449	0	0	0.906367	0	0	0	0.123676	-0.0262584	1.45891
2012-06-06 00:00:00	-9.8	1.843	3.03048	0	0.0329412	0	0.0082027	0	0	0	0	0	0	0	2.21687	-0.261183	0.069637	0	0	0.980145	0	0	0	0.123762	-0.0249634	-1.78111
2012-06-07 00:00:00	-2.6	-0.25846	2.87199	0	-0.00111158	0	0.00292035	0	0	0	0	0	0	0	-0.579372	-0.26124	0.0696563	0	0	1.08447	0	0	0	0.123586	-0.0271857	0.425248
2012-06-08 00:00:00	-25.8	0.297404	2.85771	0	0.0401082	-0.0491922	0.148422	0	0	0	0	0	0	0	12.961	-0.26428	0.0701891	0	0	1.65653	0	0	0	0.12415	-0.0330723	-7.99099
2012-06-09 00:00:00	-3.8	-0.0106536	3.11341	0	-0.00830426	-0.00193135	0.0121532	0	0	0	0	0	0	0	-0.539743	-0.266067	0.0705042	0	0	2.11425	0	0	0	0.124985	-0.0417488	0.766855
2012-06-10 00:00:00	-7.4	0.0287607	3.07102	0	0.00183725	-0.0100902	0.0331883	0	0	0	0	0	0	0	1.8806	-0.266437	0.0705565	0	0	2.05217	0	0	0	0.124998	-0.0407916	-0.454186
2012-06-11 00:00:00	-1.8	-0.931666	2.84626	0	-0.00608142	-0.00029228	0.00370132	0	0	0	0	0	0	0	-0.640472	-0.266368	0.0705202	0	0	1.92895	0	0	0	0.125004	-0.040245	1.28931
2012-06-12 00:00:00	0	-0.915575	2.53495	0	-0.0265381	0	0.000696769	0	0	0	0	0	0	0	-1.87453	-0.265931	0.0704337	0	0	1.69972	0	0	0	0.124866	-0.0378852	1.31021
2012-06-13 00:00:00	0	-0.0209154	2.45577	0	-0.0272446	0	3.76772E-05	0	0	0	0	0	0	0	-2.49225	-0.265316	0.0703151	0	0	1.39151	0	0	0	0.124816	-0.0350801	1.20164
2012-06-14 00:00:00	0	-0.0211667	2.47973	0	-0.00640663	0	2.02706E-05	0	0	0	0	0	0	0	-1.46207	-0.264671	0.0701948	0	0	1.13707	0	0	0	0.124586	-0.0315132	2.02578
2012-06-15 00:00:00	-9.17298	1.88227	2.60375	0	0.0389913	0	0.00727398	0	0	0	0	0	0	0	2.07202	-0.265158	0.0702817	0	0	1.1883	0	0	0	0.12482	-0.028434	-1.47887
2012-06-16 00:00:00	-21.8901	0.0332044	2.93069	0	0.0322687	-0.0420622	0.125034	0	0	0	0	0	0	0	10.8098	-0.267919	0.0708134	0	0	1.79736	0	0	0	0.125454	-0.0357205	-6.31112
2012-06-17 00:00:00	-3.17748	-0.0309388	2.70946	0	-0.0068953	-0.00151949	0.0100907	0	0	0	0	0	0	0	-0.679862	-0.26913	0.0711087	0	0	2.14324	0	0	0	0.126066	-0.0422953	0.851845
2012-06-18 00:00:00	-1.19099	-1.65462	3.59522	0	-0.0153272	0	0.00174709	0	0	0	0	0	0	0	-1.10714	-0.268666	0.0710199	0	0	1.91582	0	0	0	0.125839	-0.0402858	1.43261
2012-06-19 00:00:00	-1.8	-0.196325	2.93991	0	-0.0146993	0	0.00175657	0	0	0	0	0	0	0	-1.25286	-0.268221	0.070926	0	0	1.67074	0	0	0	0.125736	-0.0377524	1.23921
2012-06-20 00:00:00	0	-0.0326623	3.85816	0	-0.0331878	0	5.47233E-05	0	0	0	0	0	0	0	-3.3512	-0.268409	0.0708354	0	0	1.39278	0	0	0	0.125619	-0.0340835	1.7279
2012-06-21 00:00:00	-7.59099	1.92955	3.10519	0	0.0217328	0	0.00398838	0	0	0	0	0	0	0	1.30139	-0.268325	0.0708201	0	0	1.26875	0	0	0	0.125738	-0.0302552	-0.0624129
2012-06-22 00:00:00	-19.4631	0.0371158	3.18444	0	0.0467471	-0.031696	0.0971498	0	0	0	0	0	0	0	9.18655	-0.270583	0.071231	0	0	1.7155	0	0	0	0.126203	-0.0353021	-5.33569
2012-06-23 00:00:00	-7.47206	-0.00896013	3.15419	0	-0.00334375	-0.0108983	0.0359977	0	0	0	0	0	0	0	1.76337	-0.272499	0.0717822	0	0	2.15245	0	0	0	0.126791	-0.0416687	-0.504849
2012-06-24 00:00:00	-6.03153	-0.0249058	3.19479	0	-0.00048578	-0.00679702	0.023535	0	0	0	0	0	0	0	1.16061	-0.272725	0.071915	0	0	2.13852	0	0	0	0.126873	-0.0418679	0.337938
2012-06-25 00:00:00	0	-1.88372	2.95774	0	-0.0218567	-0.000120991	0.00240452	0	0	0	0	0	0	0	-1.59551	-0.272433	0.0718759	0	0	1.954	0	0	0	0.126865	-0.040701	1.29855
2012-06-26 00:00:00	-8.41351	1.913	3.76141	0	0.0222733	-0.00193021	0.0131483	0	0	0	0	0	0	0	1.12565	-0.272568	0.0721527	0	0	1.79007	0	0	0	0.126777	-0.0383399	0.098137
2012-06-27 00:00:00	-7.29457	-0.018619	3.43786	0	0.000111766	-0.00926116	0.0300378	0	0	0	0	0	0	0	1.75057	-0.273096	0.0722638	0	0	1.84658	0	0	0	0.126913	-0.0382118	-0.369426
2012-06-28 00:00:00	-3.0045	-0.400001	3.47519	0	-0.00448936	-0.000255376	0.00416539	0	0	0	0	0	0	0	-0.809863	-0.27299	0.0722559	0	0	1.75766	0	0	0	0.126894	-0.0380593	0.905999
2012-06-29 00:00:00	-7.96397	0.451928	3.28156	0	0.00462996	-0.00925253	0.0317961	0	0	0	0	0	0	0	2.01726	-0.273148	0.0724273	0	0	1.73325	0	0	0	0.12678	-0.036947	-0.563682
2012-06-30 00:00:00	-4.97298	-0.0333907	3.1471	0	-0.00116233	-0.00450717	0.016627	0	0	0	0	0	0	0	0.473912	-0.273364	0.072456	0	0	1.74768	0	0	0	0.126848	-0.037471	0.261743
2012-07-01 00:00:00	-0.990993	-1.60531	3.13365	0	-0.0125037	-8.4975E-05	0.00308669	0	0	0	0	0	0	0	-1.18236	-0.273038	0.0723997	0	0	1.62472	0	0	0	0.126722	-0.0365767	0.859713
2012-07-02 00:00:00	-4.97298	1.5452	3.27496	0	0.0041599	0	0.00330118	0	0	0	0	0	0	0	-0.58755	-0.272684	0.0723296	0	0	1.48141	0	0	0	0.126479	-0.0344344	0.6402
2012-07-03 00:00:00	-1.4045	-1.62643	3.50011	0	-0.0101898	0	0.00181251	0	0	0	0	0	0	0	-0.85144	-0.272184	0.0722394	0	0	1.353	0	0	0	0.12627	-0.0328215	0.855864
2012-07-04 00:00:00	-10.9505	1.80049	3.57433	0	0.019909	-0.00902768	0.0350485	0	0	0	0	0	0	0	2.90086	-0.272509	0.0722975	0	0	1.39022	0	0	0	0.126258	-0.0315153	-1.34409
2012-07-05 00:00:00	-0.00450358	-2.03525	3.42597	0	-0.0276453	-0.000337962	0.00267716	0	0	0	0	0	0	0	-1.83474	-0.272618	0.0723165	0	0	1.43937	0	0	0	0.126215	-0.033777	0.857686
2012-07-06 00:00:00	-5.2	1.76157	3.08904	0	0.00750585	0	0.00259723	0	0	0	0	0	0	0	-0.259572	-0.272097	0.0722114	0	0	1.27604	0	0	0	0.126118	-0.0312744	0.572147
2012-07-07 00:00:00	-32.7216	0.298077	3.03801	0	0.0262831	-0.0709381	0.20672	0	0	0	0	0	0	0	17.3854	-0.276865	0.0733017	0	0	2.14306	0	0	0	0.126962	-0.0383975	-9.81003
2012-07-08 00:00:00	-1.61351	-1.45754	3.25141	0	-0.0131741	-0.00102619	0.00840733	0	0	0	0	0	0	0	-1.32799	-0.279913	0.0740728	0	0	2.76775	0	0	0	0.128013	-0.0493971	1.4871
2012-07-09 00:00:00	-17.2	1.4533	3.18282	0	0.0101443	-0.0307985	0.0916256	0	0	0	0	0	0	0	7.11564	-0.281676	0.0743509	0	0	2.8731	0	0	0	0.128545	-0.0486766	-2.63163
2012-07-10 00:00:00	-14.827	0.0205466	3.07945	0	-0.00100468	-0.0304258	0.0908368	0	0	0	0	0	0	0	6.3364	-0.284398	0.0750216	0	0	3.39121	0	0	0	0.129963	-0.0532899	-2.07271
2012-07-11 00:00:00	-13.0585	0.00185406	2.92721	0	-0.000289492	-0.0261575	0.0784958	0	0	0	0	0	0	0	5.19287	-0.287378	0.0757025	0	0	3.77121	0	0	0	0.130797	-0.0570035	-1.25124
2012-07-12 00:00:00	-0.4	-1.90751	3.02691	0	-0.0185152	-0.000394258	0.00442289	0	0	0	0	0	0	0	-1.23527	-0.288428	0.0758255	0	0	3.53248	0	0	0	0.13147	-0.0573605	2.86363
2012-07-13 00:00:00	-0.00450358	-0.179329	2.75077	0	-0.0345285	0	0.000497962	0	0	0	0	0	0	0	-2.64481	-0.287794	0.0764286	0	0	2.947	0	0	0	0.131585	-0.0521031	2.70321
2012-07-14 00:00:00	-5.6045	2.05681	2.91761	0	0.00988394	0	0.00417551	0	0	0	0	0	0	0	-0.447425	-0.288351	0.0767867	0	0	2.54048	0	0	0	0.131681	-0.0472989	1.34984
2012-07-15 00:00:00	-0.00450358	-2.04757	2.8932	0	-0.0129165	0	0.00162553	0	0	0	0	0	0	0	-1.35692	-0.288353	0.0766674	0	0	2.2497	0	0	0	0.131656	-0.0448273	1.59775
2012-07-16 00:00:00	-0.595496	-0.0332214	2.75189	0	-0.00925882	0	0.000915863	0	0	0	0	0	0	0	-2.10595	-0.28785	0.0765446	0	0	1.89726	0	0	0	0.131659	-0.0409677	1.78553
2012-07-17 00:00:00	-2.1955	-0.00963164	3.03059	0	-0.000687731	0	0.00181043	0	0	0	0	0	0	0	-1.47577	-0.287546	0.0764389	0	0	1.64489	0	0	0	0.131679	-0.0374143	0.878858
2012-07-18 00:00:00	-23.836	2.21622	3.18437	0	0.0670595	-0.0313504	0.0947596	0	0	0	0	0	0	0	10.7741	-0.289537	0.0768481	0	0	2.03402	0	0	0	0.132108	-0.0395705	-5.61701
2012-07-19 00:00:00	-0.2	-2.03448	2.98155	0	-0.0198907	-0.00075806	0.00483275	0	0	0	0	0	0	0	-1.84434	-0.291091	0.0772409	0	0	2.43443	0	0	0	0.13277	-0.0460329	1.19423
2012-07-20 00:00:00	0	-0.149401	2.79161	0	-0.0350729	0	0.000351444	0	0	0	0	0	0	0	-2.44928	-0.290612	0.0771243	0	0	2.04799	0	0	0	0.132596	-0.0425454	2.08275
2012-07-21 00:00:00	0	-0.02266	2.88535	0	-0.0131926	0	0.000156594	0	0	0	0	0	0	0	-2.63719	-0.29002	0.0769165	0	0	1.64927	0	0	0	0.132734	-0.0384601	1.74289
2012-07-22 00:00:00	-0.4	-0.0216944	3.12051	0	0.00121474	0	8.36508E-05	0	0	0	0	0	0	0	-2.75928	-0.289435	0.0766669	0	0	1.29881	0	0	0	0.132575	-0.0354448	1.124
2012-07-23 00:00:00	-25.618	2.239	3.41235	0	0.0686589	-0.0312824	0.0957947	0	0	0	0	0	0	0	12.5939	-0.292592	0.077248	0	0	1.82091	0	0	0	0.133695	-0.0358359	-5.53612
2012-07-24 00:00:00	-2.96847	-0.381968	3.37793	0	-0.00804548	-0.000927523	0.00713739	0	0	0	0	0	0	0	-1.28286	-0.294492	0.0776278	0	0	2.30344	0	0	0	0.134679	-0.0440571	0.919987
2012-07-25 00:00:00	-0.4	-1.80647	3.55008	0	-0.0231374	0	0.00160432	0	0	0	0	0	0	0	-1.69102	-0.293806	0.0774915	0	0	1.97587	0	0	0	0.134427	-0.0421857	1.48285
2012-07-26 00:00:00	-0.990993	-0.0174553	2.88102	0	-0.0242871	0	0.000207084	0	0	0	0	0	0	0	-1.73993	-0.293835	0.0773961	0	0	1.70082	0	0	0	0.134434	-0.0387325	1.68864
2012-07-27 00:00:00	-0.0180143	-0.0161538	2.61258	0	-0.0148068	0	9.27105E-05	0	0	0	0	0	0	0	-2.11888	-0.293172	0.077251	0	0	1.36728	0	0	0	0.134335	-0.0362417	1.69426
2012-07-28 00:00:00	-4.61801	1.43875	3.03981	0	0.00207765	0	0.00365552	0	0	0	0	0	0	0	-0.712403	-0.29312	0.0772328	0	0	1.3051	0	0	0	0.134181	-0.0312097	0.346059
2012-07-29 00:00:00	-3.93695	0.687797	2.98016	0	0.000231509	0	0.00244668	0	0	0	0	0	0	0	-0.43583	-0.292731	0.0771573	0	0	1.23228	0	0	0	0.13387	-0.0298685	0.418558
2012-07-30 00:00:00	-1.78649	-0.957493	2.84466	0	0.000143416	0	0.00378469	0	0	0	0	0	0	0	-0.72185	-0.292391	0.0770816	0	0	1.17724	0	0	0	0.13356	-0.0290535	0.44919
2012-07-31 00:00:00	-5.97298	1.06183	3.43674	0	0.0113507	0	0.0039273	0	0	0	0	0	0	0	0.3209	-0.292194	0.0770365	0	0	1.16224	0	0	0	0.133235	-0.0283942	-0.0863124
2012-08-01 00:00:00	-6.20901	0.0265952	3.32102	0	0.0333561	0	0.00561988	0	0	0	0	0	0	0	1.13361	-0.29238	0.0770793	0	0	1.24763	0	0	0	0.133008	-0.0294539	-0.552918
2012-08-02 00:00:00	-0.00450358	-2.1939	2.97363	0	-0.0147997	0	0.00193852	0	0	0	0	0	0	0	-1.45205	-0.292175	0.0770417	0	0	1.23711	0	0	0	0.1328	-0.0301901	0.434907
2012-08-03 00:00:00	-0.2	-0.083588	2.94187	0	-0.0240454	0	0.000350118	0	0	0	0	0	0	0	-2.55683	-0.291513	0.0769112	0	0	1.04382	0	0	0	0.13252	-0.0288688	1.01062
2012-08-04 00:00:00	-7.86305	2.27686	2.9601	0	0.0280937	0	0.00428472	0	0	0	0	0	0	0	1.36811	-0.292143	0.0769646	0	0	1.04817	0	0	0	0.132283	-0.026713	-0.287031
2012-08-05 00:00:00	-11.0901	0.064084	3.0686	0	0.0296913	-0.0158728	0.0447245	0	0	0	0	0	0	0	4.53757	-0.293451	0.0772084	0	0	1.31001	0	0	0	0.132332	-0.029929	-2.16511
2012-08-06 00:00:00	-7.88106	0.00735805	2.93043	0	-0.000557893	-0.012746	0.0388616	0	0	0	0	0	0	0	2.15083	-0.294584	0.0774643	0	0	1.62014	0	0	0	0.132397	-0.0354441	-1.26691
2012-08-07 00:00:00	-0.00450358	-2.16096	2.83854	0	-0.015771	-0.000250809	0.00375847	0	0	0	0	0	0	0	-1.51572	-0.29463	0.0774974	0	0	1.61591	0	0	0	0.13232	-0.0364728	0.639725
2012-08-08 00:00:00	0	-0.139189	2.9643	0	-0.0370276	0	0.000175646	0	0	0	0	0	0	0	-2.33589	-0.294513	0.0778547	0	0	1.37585	0	0	0	0.132121	-0.0337876	1.70989
2012-08-09 00:00:00	0	-0.0246404	3.27362	0	-0.0127841	0	9.5204E-05	0	0	0	0	0	0	0	-3.11219	-0.294026	0.0776045	0	0	1.0859	0	0	0	0.132194	-0.0300334	1.09573
2012-08-10 00:00:00	0	-0.0261737	3.64518	0	-0.00392895	0	5.39066E-05	0	0	0	0	0	0	0	-2.05795	-0.293207	0.0774187	0	0	0.84746	0	0	0	0.131893	-0.0271407	2.29361
2012-08-11 00:00:00	0	0	2.72499	0	-0.0010436	0	0	0	0	0	0	0	0	0	-2.77068	-0.292942	0.0773348	0	0	0.746916	0	0	0	0.132038	-0.0223597	0.594252
2012-08-12 00:00:00	0	0	2.77517	0	-0.00384889	0	0	0	0	0	0	0	0	0	-1.86434	-0.292129	0.0771408	0	0	0.623557	0	0	0	0.131762	-0.0205681	1.42675
2012-08-13 00:00:00	-0.990993	0	3.05822	0	0.00021109	0	0	0	0	0	0	0	0	0	-2.09616	-0.291675	0.0770111	0	0	0.565838	0	0	0	0.13168	-0.0189925	0.43514
2012-08-14 00:00:00	-0.2	0	2.8261	0	-0.000258649	0	0	0	0	0	0	0	0	0	-2.16875	-0.291129	0.0768605	0	0	0.504908	0	0	0	0.131114	-0.0179904	0.860847
2012-08-15 00:00:00	-15.3234	2.42709	3.20216	0	0.0235315	0	0.00835845	0	0	0	0	0	0	0	5.89013	-0.292958	0.0771558	0	0	0.778647	0	0	0	0.130859	-0.0178462	-3.09632
2012-08-16 00:00:00	-1.01801	-1.75514	2.96199	0	-0.0021806	0	0.00291928	0	0	0	0	0	0	0	-1.08988	-0.292971	0.077174	0	0	0.938845	0	0	0	0.13088	-0.0251927	-0.0715754
2012-08-17 00:00:00	-4.44504	1.22158	3.05929	0	0.00145366	0	0.00195966	0	0	0	0	0	0	0	-0.118035	-0.292505	0.0770829	0	0	0.931397	0	0	0	0.130447	-0.0253726	0.542261
2012-08-18 00:00:00	-0.590993	-1.57356	2.97588	0	-0.00742715	0	0.00169014	0	0	0	0	0	0	0	-1.35779	-0.292023	0.07698	0	0	0.904589	0	0	0	0.130149	-0.0249036	0.242588
2012-08-19 00:00:00	-6.16397	1.92966	2.71308	0	0.0188005	0	0.00303004	0	0	0	0	0	0	0	0.335889	-0.291732	0.0769105	0	0	0.928237	0	0	0	0.129699	-0.0242603	-0.344658
2012-08-20 00:00:00	-5.55046	0.215037	2.70523	0	0.0223852	0	0.0100154	0	0	0	0	0	0	0	1.3859	-0.291871	0.0769253	0	0	0.996535	0	0	0	0.129387	-0.0259597	-0.326877
2012-08-21 00:00:00	-3.77748	-0.0112825	2.79665	0	0.00496552	-0.00211442	0.00683013	0	0	0	0	0	0	0	0.0347686	-0.291793	0.0769033	0	0	1.06405	0	0	0	0.12909	-0.0272665	0.00331894
2012-08-22 00:00:00	-3.4045	0.0223504	2.71967	0	0.00271085	-0.00168551	0.00573279	0	0	0	0	0	0	0	-0.0870234	-0.291509	0.0768437	0	0	1.0716	0	0	0	0.128743	-0.0274691	0.215454
2012-08-23 00:00:00	-1.97748	-0.651043	2.6811	0	-0.00203852	-8.53334E-05	0.00281893	0	0	0	0	0	0	0	-0.577492	-0.291118	0.0767631	0	0	1.04952	0	0	0	0.128387	-0.0272352	0.412094
2012-08-24 00:00:00	-0.2	-1.66292	2.6217	0	-0.0136122	0	0.000846716	0	0	0	0	0	0	0	-0.936138	-0.29058	0.0766442	0	0	0.994501	0	0	0	0.12811	-0.026724	0.691831
2012-08-25 00:00:00	-4.4	1.68749	2.53006	0	0.00510654	0	0.00299785	0	0	0	0	0	0	0	-0.610364	-0.290106	0.0765383	0	0	0.954694	0	0	0	0.127781	-0.0260213	0.0581724
2012-08-26 00:00:00	-1.19099	-1.10765	2.41539	0	-0.00339833	0	0.0026791	0	0	0	0	0	0	0	-0.173835	-0.289753	0.076463	0	0	0.937481	0	0	0	0.127226	-0.0255855	0.768023
2012-08-27 00:00:00	-5.17748	1.72537	2.57329	0	0.00921701	0	0.00439089	0	0	0	0	0	0	0	-0.205	-0.289289	0.0763754	0	0	0.941422	0	0	0	0.127071	-0.025254	-0.239885
2012-08-28 00:00:00	0	-2.19358	2.53724	0	-0.00878265	0	0.00264933	0	0	0	0	0	0	0	-0.489817	-0.289006	0.0763098	0	0	0.938029	0	0	0	0.126558	-0.0255883	0.674005
2012-08-29 00:00:00	-6.70809	2.26467	2.30554	0	0.0177518	-0.00360655	0.00965228	0	0	0	0	0	0	0	1.06792	-0.2887	0.0762617	0	0	0.946779	0	0	0	0.12623	-0.0253934	-0.210976
2012-08-30 00:00:00	-8.61085	-0.00447417	2.02542	0	0.00361642	-0.0176073	0.051147	0	0	0	0	0	0	0	3.27293	-0.289555	0.0764551	0	0	1.18111	0	0	0	0.126243	-0.0279833	-2.21355
2012-08-31 00:00:00	-2.39099	-0.0595446	2.20111	0	-0.00157603	-0.00104751	0.00464154	0	0	0	0	0	0	0	-0.395608	-0.289649	0.0764684	0	0	1.28902	0	0	0	0.126203	-0.0307964	0.528234
2012-09-01 00:00:00	-0.0225179	-2.18031	2.53326	0	-0.00773876	-1.61618E-05	0.00298944	0	0	0	0	0	0	0	-0.926422	-0.289096	0.0763549	0	0	1.20684	0	0	0	0.126009	-0.0301178	0.489223
2012-09-02 00:00:00	-1.36847	-0.258981	2.48795	0	-0.0121823	0	0.00121809	0	0	0	0	0	0	0	-1.06885	-0.288558	0.0762345	0	0	1.10974	0	0	0	0.125629	-0.0290529	0.774665
2012-09-03 00:00:00	-1.01351	-0.00758113	2.43311	0	-0.0186468	0	0.0010086	0	0	0	0	0	0	0	-1.20037	-0.288208	0.0761464	0	0	1.02159	0	0	0	0.125365	-0.0273701	1.10154
2012-09-04 00:00:00	-0.786489	-0.0138345	2.26565	0	-0.0143905	0	0.000761911	0	0	0	0	0	0	0	-1.571	-0.28757	0.0760107	0	0	0.907904	0	0	0	0.125231	-0.0259594	0.676309
2012-09-05 00:00:00	0	-0.00824623	2.02138	0	-0.00725145	0	0.000592764	0	0	0	0	0	0	0	-1.73774	-0.286928	0.0758726	0	0	0.800369	0	0	0	0.124897	-0.024337	0.958616
2012-09-06 00:00:00	-1.41351	-0.00103263	2.16752	0	-0.00127753	0	0.00127578	0	0	0	0	0	0	0	-0.684068	-0.286518	0.0757863	0	0	0.763829	0	0	0	0.124821	-0.0218955	0.724927
2012-09-07 00:00:00	-3.0045	0.580999	2.37442	0	1.25972E-05	0	0.00273333	0	0	0	0	0	0	0	-0.173338	-0.286211	0.0757184	0	0	0.76193	0	0	0	0.124486	-0.0213064	0.434943
2012-09-08 00:00:00	-0.00450358	-0.583163	2.23331	0	-0.000242804	0	0.0007274	0	0	0	0	0	0	0	-1.35727	-0.285805	0.0756276	0	0	0.740865	0	0	0	0.124157	-0.0211518	0.922553
2012-09-09 00:00:00	-3.2	0.755869	2.36232	0	0.000159616	0	0.00135455	0	0	0	0	0	0	0	-0.00644538	-0.285282	0.0755116	0	0	0.715287	0	0	0	0.123979	-0.0204392	0.52231
2012-09-10 00:00:00	-11.7775	1.87445	2.058	0	0.0647227	-0.00414753	0.0158505	0	0	0	0	0	0	0	4.03948	-0.285955	0.0756079	0	0	0.897359	0	0	0	0.123503	-0.0224655	-2.94107
2012-09-11 00:00:00	-0.404504	-1.20494	1.73306	0	-0.00678797	-0.000502875	0.00333742	0	0	0	0	0	0	0	-0.512561	-0.286128	0.0756621	0	0	1.07689	0	0	0	0.123431	-0.027552	0.569416
2012-09-12 00:00:00	-0.595496	-1.08525	1.81106	0	-0.00376223	0	0.00317782	0	0	0	0	0	0	0	-0.696295	-0.285537	0.0755481	0	0	1.0293	0	0	0	0.12324	-0.0272931	0.348691
2012-09-13 00:00:00	-1.02702	-0.239208	1.85369	0	-0.00889468	0	0.00152363	0	0	0	0	0	0	0	-0.509849	-0.285202	0.0754743	0	0	0.986002	0	0	0	0.122736	-0.0265078	0.942741
2012-09-14 00:00:00	-1	-0.0685554	1.97038	0	-0.0121475	0	0.00161883	0	0	0	0	0	0	0	-0.88515	-0.284797	0.0753863	0	0	0.929716	0	0	0	0.122548	-0.025559	0.82344
2012-09-15 00:00:00	0	-0.0131439	1.88841	0	-0.0206639	0	0.000186571	0	0	0	0	0	0	0	-1.64992	-0.283979	0.0752212	0	0	0.814086	0	0	0	0.122362	-0.0246005	0.907966
2012-09-16 00:00:00	-0.4	-0.0100928	1.81845	0	-0.00882645	0	0.000398799	0	0	0	0	0	0	0	-1.1459	-0.283706	0.075154	0	0	0.763498	0	0	0	0.122411	-0.0219782	0.90941
2012-09-17 00:00:00	-5.05855	2.67182	1.68427	0	0.00640405	0	0.00298645	0	0	0	0	0	0	0	0.199756	-0.28335	0.0750887	0	0	0.757408	0	0	0	0.121913	-0.0210835	0.156667
2012-09-18 00:00:00	-0.204504	-1.24692	1.57838	0	-0.00379394	0	0.00218576	0	0	0	0	0	0	0	-0.410769	-0.282952	0.0750483	0	0	0.780402	0	0	0	0.121588	-0.0215008	0.387167
2012-09-19 00:00:00	-1.01801	-0.417078	1.48479	0	-0.00123017	0	0.000908524	0	0	0	0	0	0	0	-0.0151345	-0.282176	0.0749509	0	0	0.782725	0	0	0	0.121301	-0.0215502	0.709489
2012-09-20 00:00:00	-29.6135	1.74421	1.56976	0	0.065682	-0.0583586	0.164128	0	0	0	0	0	0	0	13.826	-0.28532	0.0756184	0	0	1.39985	0	0	0	0.121757	-0.0300194	-11.0202
2012-09-21 00:00:00	-0.790993	-0.552016	1.38042	0	-0.00873859	-0.00106303	0.00731698	0	0	0	0	0	0	0	-1.22734	-0.287497	0.0761347	0	0	2.03919	0	0	0	0.122489	-0.0411158	0.716784
2012-09-22 00:00:00	-0.00450358	-1.38122	1.54984	0	-0.00493071	0	0.00303601	0	0	0	0	0	0	0	-0.747582	-0.286965	0.0760382	0	0	1.83844	0	0	0	0.122262	-0.0392101	1.1252
2012-09-23 00:00:00	-0.00450358	-0.761872	1.42325	0	-0.0105154	0	0.00152263	0	0	0	0	0	0	0	-0.887684	-0.286455	0.0759268	0	0	1.64843	0	0	0	0.122089	-0.0371698	1.28302
2012-09-24 00:00:00	-17.1234	2.68205	1.34018	0	0.0231304	-0.0314769	0.0907772	0	0	0	0	0	0	0	7.09176	-0.287787	0.0761738	0	0	1.85275	0	0	0	0.122364	-0.0373202	-4.20084
2012-09-25 00:00:00	-25.8747	0.0120796	1.55072	0	0.000570261	-0.0631226	0.181705	0	0	0	0	0	0	0	12.8474	-0.292074	0.0773574	0	0	2.81762	0	0	0	0.123871	-0.0474836	-8.66608
2012-09-26 00:00:00	-9.63685	0.0102434	1.55817	0	-0.0020066	-0.0206697	0.0629362	0	0	0	0	0	0	0	3.4363	-0.295333	0.0784045	0	0	3.51737	0	0	0	0.12519	-0.0551673	-1.22141
2012-09-27 00:00:00	-7.25138	-0.0270677	1.51544	0	-0.0022598	-0.0155759	0.047388	0	0	0	0	0	0	0	2.32713	-0.296537	0.0787795	0	0	3.50934	0	0	0	0.125766	-0.0554939	-0.0444781
2012-09-28 00:00:00	-1.64504	-0.0176171	1.4982	0	-0.0029196	-0.000722788	0.00545006	0	0	0	0	0	0	0	-0.82312	-0.29655	0.0787724	0	0	3.20972	0	0	0	0.126067	-0.0536004	2.07864
2012-09-29 00:00:00	-0.795496	-0.636318	1.4798	0	-0.00180093	-7.71686E-06	0.00265715	0	0	0	0	0	0	0	-0.74526	-0.296015	0.0786304	0	0	2.79769	0	0	0	0.125988	-0.0500489	1.95982
2012-09-30 00:00:00	-3.61167	0.672026	1.57594	0	0.0027409	-0.00281186	0.010777	0	0	0	0	0	0	0	-0.159243	-0.295797	0.078588	0	0	2.52931	0	0	0	0.125937	-0.0465094	0.87929
2012-10-01 00:00:00	-1.59099	-0.052208	1.46748	0	-0.00103319	-0.000615657	0.00376454	0	0	0	0	0	0	0	-0.620041	-0.295514	0.0785314	0	0	2.2841	0	0	0	0.125911	-0.0442622	1.35511
2012-10-02 00:00:00	-1.27206	-0.139491	1.35311	0	-0.000234242	-1.43302E-05	0.00346922	0	0	0	0	0	0	0	-0.624092	-0.295203	0.0784482	0	0	2.0623	0	0	0	0.125697	-0.0415703	1.25036
2012-10-03 00:00:00	-0.91259	-0.326704	1.17316	0	-0.000968309	0	0.00331895	0	0	0	0	0	0	0	-0.641408	-0.294805	0.0783768	0	0	1.86493	0	0	0	0.125533	-0.039178	1.02966
2012-10-04 00:00:00	-0.809007	-0.291072	1.13282	0	-0.0011749	0	0.00248541	0	0	0	0	0	0	0	-0.595197	-0.294299	0.0782652	0	0	1.68049	0	0	0	0.125354	-0.0373608	0.991295
2012-10-05 00:00:00	-0.649539	-0.472151	1.14475	0	-0.00170001	0	0.00292514	0	0	0	0	0	0	0	-0.634066	-0.293946	0.0781821	0	0	1.55731	0	0	0	0.125112	-0.0354175	0.821469
2012-10-06 00:00:00	-0.781986	-0.363052	1.18448	0	-0.00116674	0	0.00321249	0	0	0	0	0	0	0	-0.63545	-0.293523	0.0780894	0	0	1.44158	0	0	0	0.124884	-0.0334865	0.723576
2012-10-07 00:00:00	-13.2983	1.59296	1.24867	0	0.00973966	-0.027059	0.0771827	0	0	0	0	0	0	0	5.66581	-0.294471	0.0786032	0	0	1.63965	0	0	0	0.124909	-0.0346421	-3.21691
2012-10-08 00:00:00	-0.00450358	-1.06447	1.18276	0	-0.0071116	-0.000616521	0.00531128	0	0	0	0	0	0	0	-1.07557	-0.295083	0.0786795	0	0	1.80241	0	0	0	0.12517	-0.0393596	0.707611
2012-10-09 00:00:00	0	-0.907307	1.03662	0	-0.00348918	0	0.00318136	0	0	0	0	0	0	0	-0.72432	-0.294638	0.0785681	0	0	1.64556	0	0	0	0.124882	-0.0374663	0.921593
2012-10-10 00:00:00	-0.00450358	-0.681298	1.2325	0	-0.00888303	0	0.00222328	0	0	0	0	0	0	0	-0.901577	-0.294322	0.078482	0	0	1.53008	0	0	0	0.124605	-0.0352552	1.04205
2012-10-11 00:00:00	-8.83869	2.6962	1.17806	0	0.0184332	-0.00981656	0.0303562	0	0	0	0	0	0	0	2.49123	-0.294343	0.0785105	0	0	1.4976	0	0	0	0.124494	-0.0341129	-1.06208
2012-10-12 00:00:00	-28.8694	0.00254968	1.00239	0	0.00657466	-0.0731557	0.208241	0	0	0	0	0	0	0	15.4483	-0.29921	0.0795835	0	0	2.58662	0	0	0	0.125569	-0.04282	-9.82477
2012-10-13 00:00:00	-0.618014	-0.382677	1.01761	0	-0.0100645	-0.00105649	0.00912031	0	0	0	0	0	0	0	-1.26713	-0.301685	0.0801824	0	0	3.13215	0	0	0	0.126698	-0.0529471	1.73218
2012-10-14 00:00:00	-2.07206	0.384164	0.975992	0	0.000843896	-0.00148125	0.00743605	0	0	0	0	0	0	0	-0.374139	-0.301377	0.0801211	0	0	2.77794	0	0	0	0.126493	-0.0500389	1.5539
2012-10-15 00:00:00	-1.56847	-0.0030061	0.771012	0	-0.000173554	-0.00220275	0.00955104	0	0	0	0	0	0	0	-0.477457	-0.301289	0.0800614	0	0	2.50016	0	0	0	0.126524	-0.0468253	1.08788
2012-10-16 00:00:00	-16.9415	0.00821451	0.822222	0	0.00537096	-0.0419587	0.12068	0	0	0	0	0	0	0	8.89167	-0.303956	0.0807815	0	0	2.90115	0	0	0	0.126988	-0.0480083	-4.3783
2012-10-17 00:00:00	-22.2495	0.00323162	0.81343	0	0.00458041	-0.0561896	0.162619	0	0	0	0	0	0	0	11.8009	-0.310326	0.0821257	0	0	4.21959	0	0	0	0.128471	-0.0578536	-5.45898
2012-10-18 00:00:00	-5.2	-0.00119891	0.851176	0	-0.00365856	-0.0120367	0.0394183	0	0	0	0	0	0	0	1.42443	-0.313931	0.0826803	0	0	4.81298	0	0	0	0.129293	-0.0669351	1.74222
2012-10-19 00:00:00	-1.78649	-0.00771055	0.982495	0	-0.00596326	-0.00241335	0.0104258	0	0	0	0	0	0	0	-0.590714	-0.314283	0.0824899	0	0	4.24934	0	0	0	0.129691	-0.0635627	2.68331
2012-10-20 00:00:00	-1.79099	0.00242248	0.873665	0	-0.000196538	-0.00243152	0.0104848	0	0	0	0	0	0	0	-0.306856	-0.31485	0.082365	0	0	3.72188	0	0	0	0.129698	-0.0597603	2.34543
2012-10-21 00:00:00	0	-0.999215	1.09498	0	-0.00362872	-0.000109399	0.00444825	0	0	0	0	0	0	0	-0.877284	-0.314432	0.0823373	0	0	3.30169	0	0	0	0.129857	-0.0550542	2.36359
2012-10-22 00:00:00	-0.209007	-0.467652	0.732867	0	-0.00172526	0	0.00296191	0	0	0	0	0	0	0	-0.862944	-0.313933	0.0822103	0	0	2.89393	0	0	0	0.129881	-0.0509513	1.93564
2012-10-23 00:00:00	-0.213511	-0.544094	0.823491	0	-0.00172246	0	0.00385648	0	0	0	0	0	0	0	-1.01983	-0.313528	0.0820699	0	0	2.52424	0	0	0	0.129885	-0.047212	1.42364
2012-10-24 00:00:00	-0.204504	-0.449243	0.77558	0	-0.00272516	0	0.00278158	0	0	0	0	0	0	0	-0.807633	-0.313045	0.081939	0	0	2.23405	0	0	0	0.129736	-0.0447041	1.40223
2012-10-25 00:00:00	-1.1955	0.425467	0.741006	0	0.000883309	0	0.00380595	0	0	0	0	0	0	0	-0.799096	-0.312628	0.0818627	0	0	2.02827	0	0	0	0.129648	-0.0411636	1.06256
2012-10-26 00:00:00	-0.222518	-0.335994	0.61088	0	-0.0011666	0	0.003295	0	0	0	0	0	0	0	-0.668849	-0.312075	0.0817763	0	0	1.81898	0	0	0	0.129489	-0.0391495	1.06467
2012-10-27 00:00:00	-4.81801	2.32005	0.601616	0	0.0112135	-0.00316558	0.0120279	0	0	0	0	0	0	0	0.496548	-0.311852	0.0817445	0	0	1.71533	0	0	0	0.129279	-0.0370893	0.197686
2012-10-28 00:00:00	-4.22702	-0.00891537	0.769055	0	0.000152887	-0.0090768	0.0285946	0	0	0	0	0	0	0	1.10163	-0.31213	0.0818589	0	0	1.78897	0	0	0	0.129265	-0.0375548	-0.695172
2012-10-29 00:00:00	-0.395496	-0.252385	0.625544	0	-0.00228676	-0.000349282	0.00397457	0	0	0	0	0	0	0	-0.70948	-0.311715	0.081853	0	0	1.73759	0	0	0	0.129182	-0.0377911	0.868639
2012-10-30 00:00:00	-1.2	0.228578	0.670646	0	0.000602407	-0.000655277	0.00526416	0	0	0	0	0	0	0	-0.416336	-0.311255	0.0817807	0	0	1.59866	0	0	0	0.12892	-0.0362498	0.749951
2012-10-31 00:00:00	-13.973	-0.00596257	0.659893	0	0.00526786	-0.0345259	0.100364	0	0	0	0	0	0	0	7.15958	-0.313059	0.0820851	0	0	1.9803	0	0	0	0.129216	-0.0386498	-4.24846
2012-11-01 00:00:00	-3.01801	-0.0139242	0.54401	0	-0.00361176	-0.00691735	0.0233085	0	0	0	0	0	0	0	0.261562	-0.314632	0.0823204	0	0	2.32755	0	0	0	0.129649	-0.0439122	-0.0326105
2012-11-02 00:00:00	-4.16397	0.00236495	0.565651	0	0.00027726	-0.00946528	0.0312695	0	0	0	0	0	0	0	1.17908	-0.31523	0.0826088	0	0	2.31518	0	0	0	0.129685	-0.0437229	-0.226276
2012-11-03 00:00:00	-1.0045	-0.014541	0.477724	0	-0.00176722	-0.00159782	0.00794741	0	0	0	0	0	0	0	-0.358233	-0.315133	0.0828765	0	0	2.19149	0	0	0	0.129662	-0.0436813	1.15024
2012-11-04 00:00:00	-0.395496	-0.087869	0.481664	0	-0.000601005	-7.27525E-05	0.0039663	0	0	0	0	0	0	0	-0.805515	-0.314742	0.0828117	0	0	1.98777	0	0	0	0.129627	-0.0410512	1.04049
2012-11-05 00:00:00	-0.00450358	-0.436572	0.481191	0	-0.000943599	0	0.00406005	0	0	0	0	0	0	0	-0.955216	-0.31426	0.0828745	0	0	1.80386	0	0	0	0.129467	-0.0387476	0.751208
2012-11-06 00:00:00	-3.38649	0.510092	0.611335	0	0.00267773	-0.00552206	0.0190399	0	0	0	0	0	0	0	0.672748	-0.314441	0.0827399	0	0	1.72262	0	0	0	0.129295	-0.037839	0.00625953
2012-11-07 00:00:00	-2.61801	-0.0117764	0.581093	0	-0.000321296	-0.00534235	0.0184777	0	0	0	0	0	0	0	0.429977	-0.315469	0.0827698	0	0	1.74159	0	0	0	0.129314	-0.0376357	-0.00533812
2012-11-08 00:00:00	-0.195496	-0.386913	0.60037	0	-0.00180932	-0.000203831	0.00403245	0	0	0	0	0	0	0	-0.772145	-0.315181	0.0827134	0	0	1.63956	0	0	0	0.129194	-0.0375016	0.746617
2012-11-09 00:00:00	-2.22702	0.371558	0.591487	0	0.00153765	-0.00294526	0.0120438	0	0	0	0	0	0	0	0.130704	-0.315032	0.082697	0	0	1.57215	0	0	0	0.128999	-0.0355622	0.310611
2012-11-10 00:00:00	-0.790993	-0.0375384	0.484309	0	-0.000679264	-0.00099862	0.00480378	0	0	0	0	0	0	0	-0.227811	-0.314797	0.0826621	0	0	1.50941	0	0	0	0.128904	-0.0350407	0.802233
2012-11-11 00:00:00	-0.0765609	-0.402853	0.445726	0	-0.00127094	-5.01617E-05	0.00511916	0	0	0	0	0	0	0	-0.860516	-0.314568	0.0826147	0	0	1.43471	0	0	0	0.128681	-0.0332135	0.407819
2012-11-12 00:00:00	-3.18199	0.403538	0.600575	0	0.00264005	-0.00533003	0.0175356	0	0	0	0	0	0	0	0.734973	-0.315083	0.0825433	0	0	1.40871	0	0	0	0.128547	-0.0322064	-0.155539
2012-11-13 00:00:00	-9.5955	0.00429172	0.615734	0	0.00207137	-0.0233192	0.0698491	0	0	0	0	0	0	0	4.40912	-0.316641	0.0827455	0	0	1.70387	0	0	0	0.128659	-0.0359817	-2.9551
2012-11-14 00:00:00	-17.3505	-0.0261177	0.557279	0	0.00649034	-0.0486335	0.126982	0	0	0	0	0	0	0	9.35592	-0.320166	0.0839141	0	0	2.61574	0	0	0	0.129386	-0.0430916	-4.91277
2012-11-15 00:00:00	-0.795496	0.00134741	0.499979	0	-0.00968618	-0.00467782	0.0114215	0	0	0	0	0	0	0	-0.985794	-0.32107	0.0843088	0	0	2.83581	0	0	0	0.130061	-0.0500656	1.39614
2012-11-16 00:00:00	0	-0.457188	0.489844	0	-0.00158238	-0.000239809	0.00441152	0	0	0	0	0	0	0	-0.92093	-0.320679	0.0842236	0	0	2.51498	0	0	0	0.129963	-0.047332	1.47547
2012-11-17 00:00:00	-2.63153	0.439893	0.437027	0	0.00249767	-0.00412519	0.0152113	0	0	0	0	0	0	0	0.194645	-0.320658	0.0841842	0	0	2.30737	0	0	0	0.129947	-0.0446477	0.609823
2012-11-18 00:00:00	-0.00900716	-0.372436	0.405047	0	-0.00233408	-0.00020307	0.00457707	0	0	0	0	0	0	0	-0.903384	-0.320718	0.084093	0	0	2.13885	0	0	0	0.129969	-0.0426939	1.11176
2012-11-19 00:00:00	-3.18199	0.366323	0.479537	0	0.0026947	-0.00577986	0.0202761	0	0	0	0	0	0	0	0.443111	-0.320848	0.0840474	0	0	2.00694	0	0	0	0.129938	-0.0408701	-0.0166144
2012-11-20 00:00:00	-0.786489	-0.0186481	0.512777	0	-0.00132904	-0.00092546	0.00639722	0	0	0	0	0	0	0	-0.655042	-0.320663	0.0840065	0	0	1.90121	0	0	0	0.129945	-0.0402834	0.81096
2012-11-21 00:00:00	0	-0.39034	0.414275	0	-0.00132819	-2.62644E-05	0.00320014	0	0	0	0	0	0	0	-0.681932	-0.32027	0.0839259	0	0	1.73449	0	0	0	0.129808	-0.03853	0.933276
2012-11-22 00:00:00	-22.2135	0.37989	0.439954	0	0.00871986	-0.0612779	0.160358	0	0	0	0	0	0	0	11.6426	-0.323449	0.0845518	0	0	2.43926	0	0	0	0.130449	-0.0430897	-7.35553
2012-11-23 00:00:00	-1.8	-0.0147095	0.398902	0	-0.0064327	-0.0080341	0.0180591	0	0	0	0	0	0	0	-0.398643	-0.325697	0.0851745	0	0	3.0377	0	0	0	0.131381	-0.0519482	1.06575
2012-11-24 00:00:00	-0.404504	-0.00545952	0.302752	0	-0.00138485	-0.000953482	0.00567665	0	0	0	0	0	0	0	-0.938575	-0.325441	0.0852586	0	0	2.7274	0	0	0	0.13143	-0.0493072	1.52689
2012-11-25 00:00:00	-11.3685	-0.00433391	0.357334	0	0.00466258	-0.0329372	0.0855357	0	0	0	0	0	0	0	5.41191	-0.327401	0.0856672	0	0	2.89265	0	0	0	0.13179	-0.0497999	-2.8134
2012-11-26 00:00:00	-10.2	-0.00847844	0.251383	0	0.000178359	-0.0323889	0.0793649	0	0	0	0	0	0	0	5.46174	-0.33173	0.0866657	0	0	3.47585	0	0	0	0.132527	-0.0539469	-1.13883
2012-11-27 00:00:00	-0.2	-0.194993	0.391509	0	-0.00435195	-0.00251645	0.0074047	0	0	0	0	0	0	0	-1.09165	-0.333458	0.0869101	0	0	3.31957	0	0	0	0.132884	-0.0563507	2.05496
2012-11-28 00:00:00	-0.2	-0.166208	0.387039	0	-0.00106134	-0.000145551	0.00392498	0	0	0	0	0	0	0	-0.904897	-0.333861	0.0868613	0	0	2.8568	0	0	0	0.132961	-0.0529432	1.80847
2012-11-29 00:00:00	0	-0.338167	0.37973	0	-0.00124863	0	0.00373262	0	0	0	0	0	0	0	-1.09548	-0.333946	0.0867782	0	0	2.59254	0	0	0	0.133095	-0.048396	1.37864
2012-11-30 00:00:00	-0.195496	-0.0657952	0.269297	0	-0.000448302	0	0.00375439	0	0	0	0	0	0	0	-0.834622	-0.333648	0.0866895	0	0	2.31599	0	0	0	0.13312	-0.0447317	1.33411
2012-12-01 00:00:00	-1.18649	0.709354	0.2064	0	0.003191	-0.000110616	0.00417265	0	0	0	0	0	0	0	-0.73076	-0.334439	0.0864587	0	0	2.05985	0	0	0	0.133137	-0.0420208	0.908739
2012-12-02 00:00:00	-0.0315251	-0.157089	0.176576	0	-0.00101101	-9.73042E-05	0.00388233	0	0	0	0	0	0	0	-0.69248	-0.334144	0.0863336	0	0	1.88385	0	0	0	0.13306	-0.0401476	1.02721
2012-12-03 00:00:00	-9.44238	0.152336	0.30159	0	0.00406313	-0.0236818	0.0694777	0	0	0	0	0	0	0	4.44868	-0.335174	0.0865089	0	0	2.07462	0	0	0	0.133291	-0.0404992	-2.57116
2012-12-04 00:00:00	-0.195496	-0.042914	0.237757	0	-0.00391734	-0.0011922	0.00604521	0	0	0	0	0	0	0	-1.17632	-0.33598	0.0866088	0	0	2.20563	0	0	0	0.133525	-0.0432001	0.870546
2012-12-05 00:00:00	-0.395496	0.0232536	0.181781	0	0.000457063	-0.000393305	0.00489181	0	0	0	0	0	0	0	-0.805644	-0.335875	0.0865343	0	0	1.98601	0	0	0	0.133444	-0.041114	0.837852
2012-12-06 00:00:00	-6.2739	-0.00541088	0.23423	0	0.00248784	-0.0174546	0.048364	0	0	0	0	0	0	0	2.85322	-0.336493	0.0866686	0	0	2.07662	0	0	0	0.133542	-0.0410241	-1.23915
2012-12-07 00:00:00	-3.54145	-0.0069669	0.262047	0	-0.00083062	-0.0108775	0.0296977	0	0	0	0	0	0	0	0.755667	-0.337325	0.0868048	0	0	2.2218	0	0	0	0.133848	-0.0427374	-0.450326
2012-12-08 00:00:00	-0.809007	-0.013607	0.297658	0	-0.00182761	-0.00205472	0.00781753	0	0	0	0	0	0	0	-0.459306	-0.337623	0.0866496	0	0	2.12122	0	0	0	0.133849	-0.0430259	0.980744
2012-12-09 00:00:00	-1.23153	-0.00679535	0.292682	0	0.000247804	-0.00231946	0.0105532	0	0	0	0	0	0	0	-0.373667	-0.337858	0.0866474	0	0	1.9875	0	0	0	0.133906	-0.0406512	0.518726
2012-12-10 00:00:00	0	-0.214344	0.21735	0	-0.000759282	-0.000108115	0.00418529	0	0	0	0	0	0	0	-0.843562	-0.33753	0.0871214	0	0	1.82547	0	0	0	0.133852	-0.0390722	0.832605
2012-12-11 00:00:00	-0.2	0.0434571	0.156544	0	-0.000153608	0	0.0032136	0	0	0	0	0	0	0	-0.708361	-0.337025	0.0872003	0	0	1.66121	0	0	0	0.133749	-0.0377463	0.802089
2012-12-12 00:00:00	0	-0.188617	0.207399	0	-0.000661024	0	0.00320074	0	0	0	0	0	0	0	-0.665202	-0.336619	0.087131	0	0	1.5452	0	0	0	0.133668	-0.03557	0.749925
2012-12-13 00:00:00	0	-0.196546	0.221035	0	-0.000828868	0	0.00358508	0	0	0	0	0	0	0	-0.629783	-0.336259	0.0870658	0	0	1.45744	0	0	0	0.133533	-0.0339011	0.705343
2012-12-14 00:00:00	-25.8649	0.514083	0.254755	0	0.011177	-0.073316	0.18847	0	0	0	0	0	0	0	13.5792	-0.339782	0.0878016	0	0	2.28957	0	0	0	0.134291	-0.0415033	-9.26012
2012-12-15 00:00:00	-2.02702	-0.0160071	0.2925	0	-0.00744964	-0.00998214	0.020722	0	0	0	0	0	0	0	-0.332538	-0.343105	0.0885117	0	0	3.09956	0	0	0	0.135199	-0.0524475	0.847944
2012-12-16 00:00:00	-0.2	-0.0853762	0.285378	0	-0.00197029	-0.00149069	0.00603083	0	0	0	0	0	0	0	-1.05501	-0.342884	0.0883873	0	0	2.79723	0	0	0	0.135287	-0.05029	1.5753
2012-12-17 00:00:00	-0.395496	0.0692761	0.267685	0	1.24767E-05	-8.84598E-05	0.00408324	0	0	0	0	0	0	0	-0.870597	-0.34234	0.0883984	0	0	2.47619	0	0	0	0.135335	-0.0469737	1.38548
2012-12-18 00:00:00	-2.5955	-0.000237555	0.276362	0	0.00128846	-0.00595848	0.021006	0	0	0	0	0	0	0	0.438161	-0.342283	0.088557	0	0	2.32208	0	0	0	0.135411	-0.0447058	0.29418
2012-12-19 00:00:00	-6.94145	-0.0111293	0.219886	0	0.00248263	-0.0204962	0.0531845	0	0	0	0	0	0	0	3.13847	-0.343397	0.088911	0	0	2.47456	0	0	0	0.135716	-0.0451265	-1.24839
2012-12-20 00:00:00	-33.9208	-0.00749194	0.211006	0	0.0306665	-0.107087	0.257875	0	0	0	0	0	0	0	17.6915	-0.351437	0.0904303	0	0	4.37932	0	0	0	0.136925	-0.0579471	-11.6471
2012-12-21 00:00:00	-10.2289	-0.00677096	0.17937	0	-0.0156131	-0.040479	0.088254	0	0	0	0	0	0	0	4.07502	-0.358349	0.0920496	0	0	6.46059	0	0	0	0.139218	-0.0778859	0.30655
2012-12-22 00:00:00	-10.0991	-0.0131401	0.292647	0	-0.0126003	-0.0357385	0.0791112	0	0	0	0	0	0	0	3.92713	-0.362322	0.0937167	0	0	6.52389	0	0	0	0.140816	-0.0799751	0.454461
2012-12-23 00:00:00	-10.1081	-0.00456146	0.316284	0	0.00479683	-0.0395331	0.0814543	0	0	0	0	0	0	0	3.83412	-0.3684	0.0944788	0	0	6.641	0	0	0	0.142263	-0.078956	0.514865
2012-12-24 00:00:00	-4.40901	-0.00769157	0.286961	0	-0.00533668	-0.0193058	0.0386475	0	0	0	0	0	0	0	0.806487	-0.37127	0.0949923	0	0	6.2403	0	0	0	0.143624	-0.0784799	2.71992
2012-12-25 00:00:00	-4.30993	-0.00705899	0.260196	0	-0.00280651	-0.016584	0.0366745	0	0	0	0	0	0	0	0.89528	-0.372683	0.0959477	0	0	5.68687	0	0	0	0.144863	-0.0747674	2.336
2012-12-26 00:00:00	-3.64954	-0.0127448	0.26513	0	-0.000480965	-0.0131224	0.0295675	0	0	0	0	0	0	0	0.590286	-0.373709	0.0961958	0	0	5.20458	0	0	0	0.145782	-0.0710686	2.21088
2012-12-27 00:00:00	-5.44954	-0.00472982	0.219366	0	0.00109678	-0.0191252	0.0438866	0	0	0	0	0	0	0	1.65911	-0.37539	0.0963815	0	0	4.89745	0	0	0	0.146483	-0.0676308	1.14735
2012-12-28 00:00:00	-13.3163	-0.00749933	0.308103	0	0.00659896	-0.0460249	0.10249	0	0	0	0	0	0	0	6.01399	-0.381729	0.097036	0	0	5.5151	0	0	0	0.14673	-0.0681154	-1.6296
2012-12-29 00:00:00	-2.24053	-0.0162871	0.292937	0	-0.00801648	-0.0170323	0.0241391	0	0	0	0	0	0	0	-0.616993	-0.381708	0.0973473	0	0	5.21173	0	0	0	0.149529	-0.071402	2.42371
2012-12-30 00:00:00	-5.4045	-0.000976477	0.265497	0	0.00155741	-0.0202452	0.0445371	0	0	0	0	0	0	0	1.23689	-0.38402	0.0977306	0	0	4.85874	0	0	0	0.15026	-0.067328	0.77814
2012-12-31 00:00:00	-5.62252	-0.0336477	0.323807	0	0.00272261	-0.0192927	0.0408174	0	0	0	0	0	0	0	2.63815	-0.386697	0.0985845	0	0	4.60932	0	0	0	0.150787	-0.0677684	1.73426
2013-01-01 00:00:00	-0.6	0.0145019	0.302553	0	-0.00567527	-0.00663664	0.0126399	0	0	0	0	0	0	0	-2.067	-0.387198	0.098552	0	0	4.31677	0	0	0	0.152148	-0.0641775	1.76648
2013-01-02 00:00:00	-5.99099	-0.00907974	0.252019	0	0.00265318	-0.0204733	0.0470097	0	0	0	0	0	0	0	1.62315	-0.388829	0.0984799	0	0	4.07765	0	0	0	0.152594	-0.0617837	-0.217603
2013-01-03 00:00:00	-0.213511	-0.0691678	0.270759	0	-0.00290795	-0.0028629	0.00593129	0	0	0	0	0	0	0	-1.31289	-0.389232	0.0986391	0	0	3.73473	0	0	0	0.153244	-0.059286	2.21345
2013-01-04 00:00:00	0	-0.269219	0.290974	0	-0.00115116	-0.0010398	0.00375986	0	0	0	0	0	0	0	-0.77197	-0.390043	0.0984711	0	0	3.25821	0	0	0	0.153316	-0.0555943	2.31571
2013-01-05 00:00:00	-1.99099	0.316959	0.2762	0	0.00186314	-0.00454465	0.0144316	0	0	0	0	0	0	0	-0.28136	-0.391479	0.0983552	0	0	2.94707	0	0	0	0.153645	-0.0511821	1.08897
2013-01-06 00:00:00	-0.395496	-0.0119917	0.281356	0	-0.000821256	-0.00124286	0.00483696	0	0	0	0	0	0	0	-0.914912	-0.39201	0.0982078	0	0	2.63723	0	0	0	0.15386	-0.0490972	1.40992
2013-01-07 00:00:00	-6.61351	-0.00768436	0.296502	0	0.0029756	-0.0199077	0.0500148	0	0	0	0	0	0	0	2.42378	-0.39307	0.0982818	0	0	2.69391	0	0	0	0.154485	-0.0484132	-1.36265
2013-01-08 00:00:00	-4.36397	-0.0115761	0.346606	0	-0.000497618	-0.0155716	0.034981	0	0	0	0	0	0	0	0.947924	-0.396106	0.0983934	0	0	2.88944	0	0	0	0.155046	-0.0496495	-0.364985
2013-01-09 00:00:00	0	-0.317824	0.33598	0	-0.00328473	-0.00270007	0.0056543	0	0	0	0	0	0	0	-1.05877	-0.396447	0.0983261	0	0	2.70441	0	0	0	0.155188	-0.049281	1.47125
2013-01-10 00:00:00	-0.990993	0.303414	0.346256	0	0.00116167	-0.00162354	0.00654123	0	0	0	0	0	0	0	-0.747387	-0.396906	0.098205	0	0	2.42432	0	0	0	0.155216	-0.0460519	1.15215
2013-01-11 00:00:00	-0.00450358	-0.340788	0.366637	0	-0.00137285	-0.00085796	0.0039275	0	0	0	0	0	0	0	-0.65567	-0.397621	0.0979774	0	0	2.16332	0	0	0	0.155125	-0.0441025	1.34207
2013-01-12 00:00:00	-0.195496	-0.118598	0.331014	0	-7.19393E-05	-0.000584808	0.00391325	0	0	0	0	0	0	0	-0.829431	-0.397777	0.0978635	0	0	1.96612	0	0	0	0.155189	-0.0408864	0.971257
2013-01-13 00:00:00	-0.6	0.345128	0.239694	0	0.000276343	-0.000586699	0.00371404	0	0	0	0	0	0	0	-0.710976	-0.39837	0.0977425	0	0	1.80072	0	0	0	0.155019	-0.0391995	0.89316
2013-01-14 00:00:00	-4.14596	0.0856787	0.252342	0	0.00259684	-0.0117158	0.031437	0	0	0	0	0	0	0	1.38996	-0.398586	0.0977611	0	0	1.84949	0	0	0	0.154911	-0.0384747	-0.73056
2013-01-15 00:00:00	-0.390993	-0.0154697	0.211008	0	-0.0017254	-0.00206244	0.0057845	0	0	0	0	0	0	0	-0.879259	-0.398413	0.097729	0	0	1.85197	0	0	0	0.154853	-0.0391997	0.594219
2013-01-16 00:00:00	0	-0.206838	0.210299	0	-0.000639351	-0.000410162	0.00115011	0	0	0	0	0	0	0	0.100598	-0.397746	0.097533	0	0	1.66426	0	0	0	0.154601	-0.0382172	1.58459
2013-01-17 00:00:00	0	-0.286337	0.324314	0	-0.00106995	-0.00108189	0.00639257	0	0	0	0	0	0	0	-1.2344	-0.3977	0.0975146	0	0	1.61399	0	0	0	0.154364	-0.0359958	0.23999
2013-01-18 00:00:00	0	-0.342642	0.38818	0	-0.00135642	-0.000584478	0.00378073	0	0	0	0	0	0	0	-0.687546	-0.396866	0.097391	0	0	1.50379	0	0	0	0.154074	-0.0348023	0.683415
2013-01-19 00:00:00	-0.00450359	-0.291989	0.335978	0	-0.0012111	-0.000587113	0.00389171	0	0	0	0	0	0	0	-0.652954	-0.396298	0.0972931	0	0	1.42999	0	0	0	0.153737	-0.0331447	0.640198
2013-01-20 00:00:00	0	-0.298039	0.34284	0	-0.00122993	-0.000468982	0.00332896	0	0	0	0	0	0	0	-0.619329	-0.395698	0.0971695	0	0	1.35627	0	0	0	0.153465	-0.0317295	0.606583
2013-01-21 00:00:00	-0.00450358	-0.146329	0.363223	0	-0.00359471	-0.000442208	0.00304825	0	0	0	0	0	0	0	-0.718353	-0.394956	0.0970368	0	0	1.29094	0	0	0	0.153131	-0.0307714	0.608432
2013-01-22 00:00:00	-0.00450358	-0.144618	0.358648	0	-0.00382092	-0.000469002	0.00256962	0	0	0	0	0	0	0	-0.667428	-0.394184	0.0969232	0	0	1.23872	0	0	0	0.152675	-0.0300114	0.604506
2013-01-23 00:00:00	-0.00450358	-0.127592	0.316463	0	-0.00320995	-0.000530481	0.00348521	0	0	0	0	0	0	0	-0.664941	-0.39358	0.0968047	0	0	1.1945	0	0	0	0.152196	-0.0292245	0.539865
2013-01-24 00:00:00	0	-0.117804	0.329802	0	-0.00349864	-0.000401128	0.00269077	0	0	0	0	0	0	0	-0.72007	-0.392855	0.0966663	0	0	1.1537	0	0	0	0.151767	-0.0288753	0.471123
2013-01-25 00:00:00	-0.00450358	-0.00242503	0.407169	0	-0.00555783	-0.000444806	0.00278888	0	0	0	0	0	0	0	-0.755517	-0.39221	0.0965402	0	0	1.11496	0	0	0	0.151251	-0.0282251	0.583823
2013-01-26 00:00:00	-7.47922	1.89636	0.357943	0	0.027883	-0.00802116	0.0273316	0	0	0	0	0	0	0	2.48161	-0.39219	0.0966078	0	0	1.21773	0	0	0	0.150941	-0.028727	-1.65176
2013-01-27 00:00:00	-18.6712	-0.00837298	0.343136	0	0.00489322	-0.0590677	0.141513	0	0	0	0	0	0	0	8.41578	-0.395079	0.0973844	0	0	2.14192	0	0	0	0.151111	-0.0385552	-7.87658
2013-01-28 00:00:00	-2.83152	-0.00663138	0.290587	0	-0.00577602	-0.0134403	0.0265022	0	0	0	0	0	0	0	-0.293524	-0.396679	0.0978166	0	0	2.76886	0	0	0	0.151337	-0.0485192	-0.260992
2013-01-29 00:00:00	-2.57748	-0.00985784	0.433984	0	-0.000342579	-0.00948234	0.0208094	0	0	0	0	0	0	0	0.0190212	-0.396635	0.0978223	0	0	2.67766	0	0	0	0.151195	-0.0483176	0.358375
2013-01-30 00:00:00	-4.30624	0.000501864	0.436593	0	0.000402068	-0.0135579	0.0312084	0	0	0	0	0	0	0	1.00316	-0.396792	0.0979427	0	0	2.66296	0	0	0	0.151099	-0.0479193	-0.380643
2013-01-31 00:00:00	-2.9828	-0.00716721	0.455679	0	-0.000687162	-0.00895596	0.0203826	0	0	0	0	0	0	0	0.256414	-0.396966	0.0981591	0	0	2.66303	0	0	0	0.151026	-0.0477344	0.200375
2013-02-01 00:00:00	-1.02252	-0.0105502	0.442883	0	-0.000938893	-0.00292167	0.00782876	0	0	0	0	0	0	0	-0.666652	-0.396667	0.0981677	0	0	2.49819	0	0	0	0.150899	-0.0464459	1.05127
2013-02-02 00:00:00	-3.90993	-0.00378699	0.397181	0	0.00148705	-0.0120158	0.0307953	0	0	0	0	0	0	0	0.964388	-0.396741	0.0980999	0	0	2.44304	0	0	0	0.150693	-0.0450462	-0.281834
2013-02-03 00:00:00	-2.80901	0.00532827	0.494703	0	-0.00010818	-0.00907081	0.0213218	0	0	0	0	0	0	0	0.192131	-0.396695	0.098068	0	0	2.43239	0	0	0	0.150575	-0.0455984	0.134041
2013-02-04 00:00:00	-0.584647	-0.0445803	0.432291	0	-0.00204085	-0.00161414	0.00396806	0	0	0	0	0	0	0	-0.626606	-0.396408	0.0980407	0	0	2.28101	0	0	0	0.150354	-0.0444745	1.26529
2013-02-05 00:00:00	-1.97114	0.0292163	0.430828	0	0.00114425	-0.00440415	0.0135335	0	0	0	0	0	0	0	-0.118884	-0.396191	0.0980776	0	0	2.15953	0	0	0	0.150059	-0.0423227	0.349451
2013-02-06 00:00:00	-0.818014	-0.00224074	0.455311	0	-0.000638311	-0.00188228	0.00663795	0	0	0	0	0	0	0	-0.602525	-0.395794	0.0979936	0	0	2.02833	0	0	0	0.149734	-0.0412584	0.875653
2013-02-07 00:00:00	-3.12794	-0.0154698	0.430837	0	0.00135238	-0.0088806	0.0235407	0	0	0	0	0	0	0	0.720709	-0.395729	0.0979305	0	0	1.99749	0	0	0	0.149496	-0.0400888	-0.166759
2013-02-08 00:00:00	-0.622518	-0.000279629	0.486796	0	-0.00168995	-0.00156725	0.00493256	0	0	0	0	0	0	0	-0.673057	-0.395346	0.0978044	0	0	1.91502	0	0	0	0.149173	-0.0403146	0.918955
2013-02-09 00:00:00	-0.46305	-0.093149	0.482674	0	-7.07932E-05	-0.000865974	0.00425635	0	0	0	0	0	0	0	-0.600817	-0.394929	0.097706	0	0	1.79158	0	0	0	0.148709	-0.0385065	0.933536
2013-02-10 00:00:00	-0.436029	-0.0315846	0.441644	0	-0.000343668	-0.000529064	0.00315678	0	0	0	0	0	0	0	-0.621817	-0.394317	0.097571	0	0	1.65409	0	0	0	0.148345	-0.0367676	0.823417
2013-02-11 00:00:00	-0.427022	-0.0729388	0.491246	0	-0.000562575	-0.000556908	0.00355159	0	0	0	0	0	0	0	-0.521578	-0.393733	0.0974373	0	0	1.54733	0	0	0	0.147862	-0.0355842	0.83545
2013-02-12 00:00:00	-4.10543	0.173229	0.407471	0	0.00273964	-0.0104855	0.0290385	0	0	0	0	0	0	0	1.27984	-0.393715	0.097409	0	0	1.5987	0	0	0	0.147523	-0.0353038	-0.808981
2013-02-13 00:00:00	-19.3748	-0.00396071	0.497708	0	0.00680351	-0.0644094	0.144648	0	0	0	0	0	0	0	8.54837	-0.396281	0.0979173	0	0	2.45708	0	0	0	0.147683	-0.0436576	-7.98291
2013-02-14 00:00:00	-12.1343	-0.00949925	0.627159	0	-0.0019976	-0.0507388	0.097168	0	0	0	0	0	0	0	3.71608	-0.400032	0.0986713	0	0	3.66735	0	0	0	0.148331	-0.0544512	-4.29625
2013-02-15 00:00:00	0	-0.537071	0.593123	0	-0.00770571	-0.00799808	0.00955567	0	0	0	0	0	0	0	-1.43485	-0.401379	0.0986912	0	0	3.60689	0	0	0	0.148558	-0.0581317	2.00968
2013-02-16 00:00:00	-0.204504	-0.329128	0.582543	0	-0.00185949	-0.00216658	0.00532021	0	0	0	0	0	0	0	-0.886419	-0.40083	0.098588	0	0	3.17031	0	0	0	0.148303	-0.0550192	2.12514
2013-02-17 00:00:00	0	-0.398094	0.594676	0	-0.0033412	-0.000744271	0.00329456	0	0	0	0	0	0	0	-1.16822	-0.400225	0.0984628	0	0	2.78851	0	0	0	0.148215	-0.050758	1.61178
2013-02-18 00:00:00	-0.2	-0.144819	0.545066	0	-0.00422036	-0.00035488	0.000423927	0	0	0	0	0	0	0	0.16857	-0.399136	0.0982328	0	0	2.34582	0	0	0	0.147913	-0.0489783	2.50852
2013-02-19 00:00:00	0	-0.233012	0.558942	0	-0.00441948	-0.000921392	0.00578911	0	0	0	0	0	0	0	-1.80338	-0.398988	0.0982051	0	0	2.22564	0	0	0	0.147786	-0.0436246	0.552013
2013-02-20 00:00:00	0	-0.144959	0.57659	0	-0.00687296	-0.00056626	0.00267693	0	0	0	0	0	0	0	-0.805736	-0.398147	0.0980359	0	0	1.95369	0	0	0	0.147499	-0.0412467	1.38096
2013-02-21 00:00:00	0	-0.00426276	0.490475	0	-0.00664037	-0.0005304	0.00288271	0	0	0	0	0	0	0	-0.84861	-0.397414	0.0978953	0	0	1.7508	0	0	0	0.147173	-0.0387772	1.19299
2013-02-22 00:00:00	0	-0.00386809	0.444703	0	-0.0062379	-0.000415034	0.00183484	0	0	0	0	0	0	0	-0.748269	-0.396718	0.0977644	0	0	1.59314	0	0	0	0.146858	-0.0365539	1.09224
2013-02-23 00:00:00	-0.195496	-0.00435299	0.547697	0	-0.0039644	-0.000732492	0.00468072	0	0	0	0	0	0	0	-0.741124	-0.396186	0.0976656	0	0	1.49274	0	0	0	0.146304	-0.0344855	0.912742
2013-02-24 00:00:00	-1.42252	0.740112	0.609862	0	0.00150884	-0.000492524	0.00342922	0	0	0	0	0	0	0	-0.44471	-0.395492	0.0975366	0	0	1.40176	0	0	0	0.145954	-0.0324344	0.704515
2013-02-25 00:00:00	-0.390993	-0.207311	0.615332	0	-0.000243784	-0.000377775	0.00284834	0	0	0	0	0	0	0	-0.671525	-0.394754	0.0974001	0	0	1.33606	0	0	0	0.145552	-0.0313556	0.500629
2013-02-26 00:00:00	-0.395496	-0.206742	0.636912	0	-0.000726067	-0.000487087	0.0035373	0	0	0	0	0	0	0	-0.381934	-0.394118	0.0972796	0	0	1.28618	0	0	0	0.144979	-0.0304473	0.758932
2013-02-27 00:00:00	-0.00450358	-0.331062	0.883115	0	-0.00511024	-0.000416395	0.00239655	0	0	0	0	0	0	0	-0.641026	-0.393361	0.0971339	0	0	1.22604	0	0	0	0.144513	-0.0296974	0.948027
2013-02-28 00:00:00	-0.195496	-0.00680464	0.8254	0	-0.00589234	-0.000439669	0.00311708	0	0	0	0	0	0	0	-0.805174	-0.392661	0.0969942	0	0	1.15369	0	0	0	0.144064	-0.0285627	0.788237
2013-03-01 00:00:00	0	-0.00545554	0.62277	0	-0.0060034	-0.000304932	0.0012597	0	0	0	0	0	0	0	-0.523934	-0.391791	0.096818	0	0	1.08804	0	0	0	0.143678	-0.0276925	0.997379
2013-03-02 00:00:00	0	-0.00771682	0.878671	0	-0.00367557	-0.000561423	0.00400116	0	0	0	0	0	0	0	-0.838756	-0.391191	0.0966928	0	0	1.04075	0	0	0	0.143049	-0.0267213	0.89454
2013-03-03 00:00:00	0	-0.00680885	0.773162	0	-0.000616493	-0.000304903	0.00192909	0	0	0	0	0	0	0	-0.753237	-0.390341	0.0965123	0	0	0.983535	0	0	0	0.142646	-0.025974	0.820503
2013-03-04 00:00:00	0	-0.00601216	0.681331	0	-0.000457997	-0.000397427	0.00279808	0	0	0	0	0	0	0	-0.480867	-0.389482	0.0963425	0	0	0.944747	0	0	0	0.142111	-0.0252858	0.964827
2013-03-05 00:00:00	0	-0.00602199	0.681122	0	-0.000845371	-0.00024694	0.00112331	0	0	0	0	0	0	0	-0.68071	-0.388693	0.0961573	0	0	0.913008	0	0	0	0.141789	-0.0245918	0.732091
2013-03-06 00:00:00	-0.790993	0.0390462	0.76459	0	0.000224504	-0.000381666	0.00404748	0	0	0	0	0	0	0	-0.279821	-0.387881	0.0960081	0	0	0.909552	0	0	0	0.141195	-0.0241444	0.471443
2013-03-07 00:00:00	-1.18649	0.271246	0.915576	0	0.000150862	-0.000354776	0.00366494	0	0	0	0	0	0	0	-0.234595	-0.387287	0.095876	0	0	0.921768	0	0	0	0.140579	-0.0243885	0.515746
2013-03-08 00:00:00	-1.77298	0.728727	0.681412	0	0.000236148	-0.000225322	0.00232817	0	0	0	0	0	0	0	0.080388	-0.386534	0.0957072	0	0	0.94494	0	0	0	0.140146	-0.024718	0.489428
2013-03-09 00:00:00	-2.77748	0.636075	0.72453	0	0.00208428	-0.000382621	0.00638635	0	0	0	0	0	0	0	0.435501	-0.386278	0.0956355	0	0	0.994457	0	0	0	0.139581	-0.0256771	-0.15557
2013-03-10 00:00:00	-0.986489	-0.0160783	0.746793	0	0.00164297	-0.000243828	0.00329692	0	0	0	0	0	0	0	-0.28801	-0.385702	0.0955022	0	0	1.05141	0	0	0	0.139255	-0.026372	0.335002
2013-03-11 00:00:00	-5.90543	0.0259688	0.545023	0	0.0544524	-0.000317936	0.0125402	0	0	0	0	0	0	0	2.38876	-0.385887	0.0955258	0	0	1.20973	0	0	0	0.138842	-0.0286557	-1.84945
2013-03-12 00:00:00	-3.55496	-0.000720605	0.932822	0	0.00327564	-0.00509826	0.0205783	0	0	0	0	0	0	0	0.577384	-0.386091	0.0955613	0	0	1.45271	0	0	0	0.138683	-0.0321012	-0.757956
2013-03-13 00:00:00	-0.2	-0.50878	0.753392	0	-0.0030652	-0.000462674	0.00411266	0	0	0	0	0	0	0	-0.5644	-0.385633	0.0954584	0	0	1.45376	0	0	0	0.13827	-0.033693	0.748962
2013-03-14 00:00:00	-0.6	-0.152599	0.782854	0	-0.00131123	-0.000229368	0.00285581	0	0	0	0	0	0	0	-0.385745	-0.384913	0.0953029	0	0	1.37762	0	0	0	0.137846	-0.0328959	0.838788
2013-03-15 00:00:00	-0.613511	-0.267437	0.927783	0	-0.00139047	-0.000229876	0.00356174	0	0	0	0	0	0	0	-0.375887	-0.384315	0.0951692	0	0	1.31998	0	0	0	0.13751	-0.0310649	0.810169
2013-03-16 00:00:00	-6.47656	0.952382	0.854717	0	0.00671516	-0.0101769	0.0338662	0	0	0	0	0	0	0	2.05397	-0.384334	0.0951805	0	0	1.41202	0	0	0	0.137197	-0.0317867	-1.35682
2013-03-17 00:00:00	-4.5955	0.0153434	0.933172	0	-0.000226266	-0.011418	0.0311423	0	0	0	0	0	0	0	1.15093	-0.384726	0.0952771	0	0	1.65046	0	0	0	0.137074	-0.035333	-1.0138
2013-03-18 00:00:00	-14.8559	-0.000932725	0.943362	0	0.00395661	-0.0441628	0.107776	0	0	0	0	0	0	0	5.79985	-0.386462	0.0956546	0	0	2.19504	0	0	0	0.13724	-0.0409192	-6.04549
2013-03-19 00:00:00	-0.180143	-0.702273	0.802603	0	-0.0086082	-0.00431671	0.00818595	0	0	0	0	0	0	0	-1.14627	-0.387209	0.0958873	0	0	2.49307	0	0	0	0.137454	-0.0460486	1.06234
2013-03-20 00:00:00	-0.299079	-0.405935	0.869011	0	-0.00506084	-0.00091993	0.00324594	0	0	0	0	0	0	0	-0.799098	-0.386611	0.0958158	0	0	2.25115	0	0	0	0.137243	-0.0436204	1.41614
2013-03-21 00:00:00	-0.0315251	-0.319346	0.751884	0	-0.00756991	-0.000410252	0.00217506	0	0	0	0	0	0	0	-0.696777	-0.38589	0.0956686	0	0	2.00635	0	0	0	0.137005	-0.0415064	1.51006
2013-03-22 00:00:00	-0.2	-0.212224	0.682284	0	-0.00480547	-0.00033258	0.00303966	0	0	0	0	0	0	0	-0.766101	-0.385277	0.0955172	0	0	1.83074	0	0	0	0.136787	-0.0387589	1.14087
2013-03-23 00:00:00	0	-0.0139111	0.554595	0	-0.00777799	-0.000270256	0.00283436	0	0	0	0	0	0	0	-0.756064	-0.384613	0.0953431	0	0	1.66316	0	0	0	0.136506	-0.0368108	1.25299
2013-03-24 00:00:00	-0.302252	-0.00399861	0.742898	0	-0.00631186	-0.000223729	0.00275407	0	0	0	0	0	0	0	-0.61854	-0.383764	0.0951405	0	0	1.49949	0	0	0	0.136199	-0.0357383	1.12565
2013-03-25 00:00:00	-0.502252	-0.00310813	0.806649	0	-0.00399351	-0.000250551	0.00300007	0	0	0	0	0	0	0	-0.640117	-0.383268	0.095022	0	0	1.41025	0	0	0	0.135951	-0.0331893	0.884694
2013-03-26 00:00:00	-0.302252	-0.00506063	0.859595	0	-0.00570109	-0.000208744	0.00231381	0	0	0	0	0	0	0	-0.682692	-0.382534	0.0948559	0	0	1.30808	0	0	0	0.135644	-0.0317005	0.990345
2013-03-27 00:00:00	-0.604504	-0.00293132	0.924798	0	-0.00310781	-0.000196115	0.00286522	0	0	0	0	0	0	0	-0.431311	-0.38186	0.0947058	0	0	1.23042	0	0	0	0.135384	-0.029766	0.934497
2013-03-28 00:00:00	-0.209007	-0.00476325	0.91575	0	-0.0070001	-0.000192355	0.00270544	0	0	0	0	0	0	0	-0.908742	-0.381304	0.0945814	0	0	1.16639	0	0	0	0.135004	-0.0286404	0.774785
2013-03-29 00:00:00	-0.781986	-0.00751883	1.02614	0	-0.00208651	-0.000179879	0.00299303	0	0	0	0	0	0	0	-0.439111	-0.380624	0.0944327	0	0	1.11003	0	0	0	0.134607	-0.0279615	0.728732
2013-03-30 00:00:00	-0.390993	-0.00696088	0.866286	0	-0.00343737	-0.000156705	0.00217431	0	0	0	0	0	0	0	-0.6132	-0.379952	0.0942842	0	0	1.06888	0	0	0	0.134228	-0.0274257	0.743724
2013-03-31 00:00:00	-0.390993	-0.00672815	0.840305	0	-0.00187986	-0.000141478	0.00254598	0	0	0	0	0	0	0	-0.613758	-0.379346	0.0941462	0	0	1.03099	0	0	0	0.13388	-0.026534	0.68249
2013-04-01 00:00:00	-10.5568	1.60734	1.07973	0	0.0650418	-0.0036073	0.0242268	0	0	0	0	0	0	0	3.70528	-0.379777	0.0942108	0	0	1.22799	0	0	0	0.133735	-0.0280779	-3.03071
2013-04-02 00:00:00	-11.5343	-0.00619848	1.06701	0	0.00136822	-0.0319673	0.0826514	0	0	0	0	0	0	0	4.4628	-0.381522	0.0945427	0	0	1.88673	0	0	0	0.133913	-0.0364157	-4.26138
2013-04-03 00:00:00	-0.00450358	-0.953706	1.12986	0	-0.00943376	-0.00291014	0.00638896	0	0	0	0	0	0	0	-0.985366	-0.381697	0.0945784	0	0	2.07761	0	0	0	0.13388	-0.0418757	1.06282
2013-04-04 00:00:00	-1.4045	0.183107	1.22347	0	-7.72589E-05	-0.000683431	0.0038535	0	0	0	0	0	0	0	-0.708466	-0.38095	0.0944206	0	0	1.88154	0	0	0	0.133709	-0.0397278	0.985696
2013-04-05 00:00:00	-0.590993	-0.363298	1.10943	0	-0.00353085	-0.000363831	0.00336615	0	0	0	0	0	0	0	-0.699513	-0.380378	0.0943035	0	0	1.74317	0	0	0	0.133342	-0.0384934	1.00704
2013-04-06 00:00:00	0	-0.494751	1.35998	0	-0.0146622	-0.000183531	0.00147998	0	0	0	0	0	0	0	-0.982844	-0.379697	0.0941561	0	0	1.58368	0	0	0	0.13314	-0.036567	1.26372
2013-04-07 00:00:00	0	-0.00159119	1.05598	0	-0.0144079	-0.000120472	0.00169772	0	0	0	0	0	0	0	-1.20116	-0.378854	0.0939681	0	0	1.39973	0	0	0	0.133024	-0.034243	1.05403
2013-04-08 00:00:00	0	-0.00173594	1.15029	0	-0.0117971	-0.000149633	0.001904	0	0	0	0	0	0	0	-0.950107	-0.378383	0.0938483	0	0	1.28397	0	0	0	0.132766	-0.0309464	1.28965
2013-04-09 00:00:00	-0.00450358	-0.00168023	1.1131	0	-0.00997374	-0.000115687	0.00199471	0	0	0	0	0	0	0	-1.0035	-0.37769	0.0936858	0	0	1.16467	0	0	0	0.132581	-0.0289407	1.07963
2013-04-10 00:00:00	-0.790993	-0.000886759	1.23577	0	-0.00198146	-0.000104602	0.00302759	0	0	0	0	0	0	0	-0.521581	-0.377048	0.0935096	0	0	1.09089	0	0	0	0.132273	-0.0275407	0.835329
2013-04-11 00:00:00	-0.195496	-0.00172551	1.30208	0	-0.00102979	-7.05547E-05	0.000650213	0	0	0	0	0	0	0	-0.91191	-0.376262	0.0933388	0	0	1.02077	0	0	0	0.132006	-0.0270499	1.0353
2013-04-12 00:00:00	-2.37298	0.793892	1.52356	0	0.00042435	-6.43484E-05	0.00405915	0	0	0	0	0	0	0	-0.469946	-0.375604	0.0931782	0	0	0.991787	0	0	0	0.131718	-0.0259314	0.294097
2013-04-13 00:00:00	-0.590993	-0.775759	1.6205	0	-0.000370378	-6.86734E-05	0.00247211	0	0	0	0	0	0	0	-0.508245	-0.375122	0.0930466	0	0	0.986301	0	0	0	0.131239	-0.0259329	0.557072
2013-04-14 00:00:00	-10.973	1.66296	1.88733	0	0.0627415	-5.17676E-05	0.017008	0	0	0	0	0	0	0	3.45747	-0.375584	0.0931163	0	0	1.18246	0	0	0	0.131036	-0.0271362	-2.88163
2013-04-15 00:00:00	-3.77298	-0.0238335	1.89234	0	-9.66885E-05	-0.00393461	0.0167448	0	0	0	0	0	0	0	0.306106	-0.375858	0.0931986	0	0	1.46554	0	0	0	0.130954	-0.0326623	-0.304487
2013-04-16 00:00:00	-2.4045	-0.0401665	1.90255	0	-0.000593651	-0.00081436	0.00739967	0	0	0	0	0	0	0	-0.358002	-0.375399	0.0931036	0	0	1.47199	0	0	0	0.130696	-0.0334825	0.392777
2013-04-17 00:00:00	-5.4045	0.0785521	1.75048	0	0.00127832	-0.00840928	0.0280387	0	0	0	0	0	0	0	1.37131	-0.37539	0.0930836	0	0	1.54784	0	0	0	0.130484	-0.0341759	-0.821415
2013-04-18 00:00:00	-4.01801	0.00657514	1.86854	0	-0.000406638	-0.00569596	0.0189917	0	0	0	0	0	0	0	0.535285	-0.37534	0.0930732	0	0	1.64613	0	0	0	0.130348	-0.0359996	-0.136521
2013-04-19 00:00:00	-0.2	-1.15381	1.74419	0	-0.00945315	-0.00050981	0.00332921	0	0	0	0	0	0	0	-0.881583	-0.374848	0.0929722	0	0	1.59089	0	0	0	0.130177	-0.0360226	0.905332
2013-04-20 00:00:00	0	-0.493902	1.58379	0	-0.0198549	-0.000103354	0.000194651	0	0	0	0	0	0	0	-0.53406	-0.373752	0.0927857	0	0	1.39351	0	0	0	0.129886	-0.035497	1.743
2013-04-21 00:00:00	-1.00901	-0.00595414	1.69821	0	-0.00892798	-5.53879E-05	0.00363539	0	0	0	0	0	0	0	-1.26042	-0.373668	0.092736	0	0	1.33162	0	0	0	0.129616	-0.0312955	0.566476
2013-04-22 00:00:00	0	-0.0143094	1.57953	0	-0.0165415	-7.14297E-06	0.000320925	0	0	0	0	0	0	0	-1.38686	-0.372832	0.0925426	0	0	1.18051	0	0	0	0.129474	-0.0296478	1.16218
2013-04-23 00:00:00	-0.813511	-0.00796946	1.86989	0	-0.00718651	0	0.000306088	0	0	0	0	0	0	0	-0.560748	-0.371863	0.0923186	0	0	1.05386	0	0	0	0.129256	-0.0280314	1.35633
2013-04-24 00:00:00	-4.20901	1.28383	2.0595	0	0.0054093	0	0.00621403	0	0	0	0	0	0	0	-0.173666	-0.371762	0.0922562	0	0	1.05347	0	0	0	0.128948	-0.0266139	-0.151423
2013-04-25 00:00:00	-2.37748	0.194529	1.80677	0	0.00397994	0	0.00410525	0	0	0	0	0	0	0	-0.132575	-0.371311	0.092161	0	0	1.07895	0	0	0	0.1287	-0.0268627	0.400961
2013-04-26 00:00:00	-3.43153	0.165484	1.65559	0	0.0179847	0	0.0044593	0	0	0	0	0	0	0	0.402681	-0.370931	0.0921219	0	0	1.12279	0	0	0	0.128485	-0.0271801	-0.240037
2013-04-27 00:00:00	-0.590993	-0.994055	1.75009	0	-0.00383025	0	0.00295488	0	0	0	0	0	0	0	-0.469532	-0.370371	0.0920027	0	0	1.1436	0	0	0	0.128214	-0.0278369	0.660244
2013-04-28 00:00:00	-2.64954	0.695113	1.87829	0	0.00053569	0	0.00272496	0	0	0	0	0	0	0	-0.278941	-0.36978	0.0918545	0	0	1.11616	0	0	0	0.127855	-0.0275343	0.586731
2013-04-29 00:00:00	-0.404504	-1.06222	1.89741	0	-0.00423402	0	0.00221858	0	0	0	0	0	0	0	-0.732341	-0.369172	0.091738	0	0	1.08918	0	0	0	0.127535	-0.0272152	0.608399
2013-04-30 00:00:00	0	-0.287429	1.77029	0	-0.0155549	0	0.00166594	0	0	0	0	0	0	0	-1.41299	-0.368392	0.0915464	0	0	1.0093	0	0	0	0.127242	-0.0267316	0.888939
2013-05-01 00:00:00	-2.02252	0.130452	1.90776	0	-0.000111915	0	0.0016137	0	0	0	0	0	0	0	-0.21133	-0.367832	0.0913969	0	0	0.96367	0	0	0	0.127033	-0.0257949	0.594335
2013-05-02 00:00:00	0	-0.144712	2.0422	0	-0.00587493	0	0.0017724	0	0	0	0	0	0	0	-1.70347	-0.367252	0.0912444	0	0	0.912476	0	0	0	0.126646	-0.0247338	0.928295
2013-05-03 00:00:00	-11.409	1.71875	2.23697	0	0.0608592	0	0.0168401	0	0	0	0	0	0	0	3.72805	-0.367544	0.0913052	0	0	1.05632	0	0	0	0.126701	-0.0250021	-2.76577
2013-05-04 00:00:00	-0.195496	-1.26483	1.93765	0	-0.0110306	0	0.00295734	0	0	0	0	0	0	0	-1.14567	-0.367484	0.0913411	0	0	1.26617	0	0	0	0.126658	-0.0297225	0.410549
2013-05-05 00:00:00	0	-0.433486	2.18622	0	-0.027538	0	0.000112754	0	0	0	0	0	0	0	-0.93767	-0.366266	0.091076	0	0	1.11561	0	0	0	0.126266	-0.0300726	1.72425
2013-05-06 00:00:00	0	-0.0178539	2.00985	0	-0.0181724	0	0.000619749	0	0	0	0	0	0	0	-1.88368	-0.365928	0.090962	0	0	1.02276	0	0	0	0.126157	-0.0269111	0.937797
2013-05-07 00:00:00	0	-0.013066	2.0751	0	-0.00723133	0	2.53363E-05	0	0	0	0	0	0	0	-1.21514	-0.364573	0.0906897	0	0	0.865273	0	0	0	0.126006	-0.0255561	1.53153
2013-05-08 00:00:00	-2.77748	0.352919	2.43541	0	0.00383461	0	0.00299004	0	0	0	0	0	0	0	-0.612074	-0.36401	0.090622	0	0	0.850498	0	0	0	0.126028	-0.0226917	0.0860453
2013-05-09 00:00:00	-2.38199	0.149778	2.2664	0	-8.02229E-05	0	0.00210698	0	0	0	0	0	0	0	-0.326286	-0.36331	0.0905192	0	0	0.862196	0	0	0	0.125493	-0.0227077	0.402122
2013-05-10 00:00:00	-5.16397	1.17293	2.24163	0	0.00713311	0	0.00558682	0	0	0	0	0	0	0	0.678315	-0.362887	0.0904569	0	0	0.916287	0	0	0	0.125156	-0.0234896	-0.312852
2013-05-11 00:00:00	-3.42252	0.0247506	2.17046	0	0.010414	0	0.004363	0	0	0	0	0	0	0	0.251032	-0.362558	0.0904255	0	0	1.00494	0	0	0	0.124944	-0.0254653	-0.129215
2013-05-12 00:00:00	-1.64053	-0.55939	2.27317	0	0.000124662	0	0.00293736	0	0	0	0	0	0	0	-0.506706	-0.361917	0.0903507	0	0	1.03083	0	0	0	0.124671	-0.0261781	0.427359
2013-05-13 00:00:00	-2.62968	0.428885	2.01513	0	-0.00018279	0	0.00296129	0	0	0	0	0	0	0	-0.149357	-0.36127	0.0902763	0	0	1.02347	0	0	0	0.124254	-0.0264031	0.518075
2013-05-14 00:00:00	-1.7216	-0.362686	2.04867	0	-0.000105964	0	0.00228612	0	0	0	0	0	0	0	-0.376648	-0.360551	0.0902334	0	0	1.01831	0	0	0	0.123978	-0.0260734	0.435824
2013-05-15 00:00:00	-3.56847	0.590096	2.05233	0	0.00948819	0	0.00402235	0	0	0	0	0	0	0	0.0784863	-0.359924	0.0901536	0	0	1.0281	0	0	0	0.123689	-0.0259505	0.0220122
2013-05-16 00:00:00	-3.12794	-0.0420149	2.22432	0	0.0103068	0	0.00402873	0	0	0	0	0	0	0	-0.0159494	-0.359482	0.0900825	0	0	1.07724	0	0	0	0.123247	-0.0267736	-0.0429299
2013-05-17 00:00:00	0	-1.64129	2.61143	0	-0.0129443	0	0.000901163	0	0	0	0	0	0	0	-1.17028	-0.358809	0.089951	0	0	1.06285	0	0	0	0.122981	-0.0270684	0.677725
2013-05-18 00:00:00	-4.46121	1.29992	2.41782	0	0.00602104	0	0.00348292	0	0	0	0	0	0	0	0.0377865	-0.358011	0.0898866	0	0	1.02892	0	0	0	0.12272	-0.0263528	0.160994
2013-05-19 00:00:00	-1.76397	-0.759824	2.64556	0	-0.00029395	0	0.0025312	0	0	0	0	0	0	0	-0.547729	-0.357465	0.089824	0	0	1.03439	0	0	0	0.122462	-0.0264487	0.439031
2013-05-20 00:00:00	-2.19181	-0.557574	2.87898	0	-0.00526518	0	0.0016325	0	0	0	0	0	0	0	-0.48256	-0.356627	0.0897645	0	0	1.02045	0	0	0	0.122148	-0.0263364	0.492802
2013-05-21 00:00:00	-1.56847	-0.0357614	2.51008	0	-0.00931821	0	0.00149503	0	0	0	0	0	0	0	-1.1082	-0.355937	0.0896691	0	0	0.977221	0	0	0	0.121873	-0.025535	0.597111
2013-05-22 00:00:00	-0.595496	-0.0134299	2.20686	0	-0.0150705	0	0.000373178	0	0	0	0	0	0	0	-1.53691	-0.354903	0.0894513	0	0	0.883133	0	0	0	0.121566	-0.0251035	0.760475
2013-05-23 00:00:00	-0.209007	-0.0111925	1.98329	0	-0.00351624	0	0.000312715	0	0	0	0	0	0	0	-1.72412	-0.353749	0.0892284	0	0	0.799444	0	0	0	0.121226	-0.0224944	0.669428
2013-05-24 00:00:00	-0.231525	-0.00593288	1.9633	0	-0.000684337	0	0.000258546	0	0	0	0	0	0	0	-1.55527	-0.352634	0.0890813	0	0	0.725153	0	0	0	0.120962	-0.0211521	0.73156
2013-05-25 00:00:00	-0.195496	-0.0301767	4.4013	0	-0.00445419	0	0.00010924	0	0	0	0	0	0	0	-3.14429	-0.351894	0.088934	0	0	0.612936	0	0	0	0.12087	-0.0197138	1.47812
2013-05-26 00:00:00	-0.195496	0	2.61055	0	-0.00144396	0	0	0	0	0	0	0	0	0	-1.44271	-0.350692	0.0886286	0	0	0.503808	0	0	0	0.120708	-0.0173691	1.31599
2013-05-27 00:00:00	-0.00900716	0	2.16936	0	-0.000115482	0	0	0	0	0	0	0	0	0	-1.94411	-0.349921	0.0884994	0	0	0.456245	0	0	0	0.119934	-0.0159214	0.514963
2013-05-28 00:00:00	-0.218014	0	2.22354	0	-0.00010491	0	0	0	0	0	0	0	0	0	-1.56093	-0.348212	0.0883516	0	0	0.432388	0	0	0	0.119586	-0.0149644	0.721648
2013-05-29 00:00:00	0	0	2.27353	0	-0.00030543	0	0	0	0	0	0	0	0	0	-1.7755	-0.347384	0.0882521	0	0	0.405267	0	0	0	0.119298	-0.0145158	0.748636
2013-05-30 00:00:00	0	0	2.34255	0	-3.13888E-05	0	0	0	0	0	0	0	0	0	-1.88674	-0.346234	0.0881669	0	0	0.377798	0	0	0	0.118994	-0.01403	0.680471
2013-05-31 00:00:00	-0.195496	0	2.36487	0	-2.14424E-05	0	0	0	0	0	0	0	0	0	-1.66592	-0.345527	0.0879829	0	0	0.357165	0	0	0	0.118694	-0.0134827	0.708262
2013-06-01 00:00:00	0	0	2.13243	0	-1.95838E-05	0	0	0	0	0	0	0	0	0	-1.84455	-0.344782	0.0877401	0	0	0.340078	0	0	0	0.118395	-0.0129693	0.476324
2013-06-02 00:00:00	-0.00450358	0	2.83516	0	-5.4155E-05	0	0	0	0	0	0	0	0	0	-2.20331	-0.343853	0.0875217	0	0	0.306496	0	0	0	0.117841	-0.0126457	0.782645
2013-06-03 00:00:00	0	0	3.18163	0	-3.8388E-05	0	0	0	0	0	0	0	0	0	-2.3884	-0.342951	0.0874011	0	0	0.262913	0	0	0	0.117542	-0.0120487	0.906043
2013-06-04 00:00:00	0	0	2.84538	0	0	0	0	0	0	0	0	0	0	0	-2.14959	-0.342058	0.0872811	0	0	0.233361	0	0	0	0.117245	-0.0113463	0.780272
2013-06-05 00:00:00	0	0	3.07399	0	0	0	0	0	0	0	0	0	0	0	-2.33377	-0.340997	0.0871189	0	0	0.206977	0	0	0	0.116915	-0.0108859	0.799345
2013-06-06 00:00:00	0	0	2.43278	0	0	0	0	0	0	0	0	0	0	0	-1.87492	-0.339863	0.0869122	0	0	0.1978	0	0	0	0.11638	-0.0104589	0.608637
2013-06-07 00:00:00	0	0	2.40947	0	0	0	0	0	0	0	0	0	0	0	-1.9267	-0.339065	0.0867057	0	0	0.193006	0	0	0	0.116031	-0.0102984	0.52915
2013-06-08 00:00:00	0	0	3.25563	0	0	0	0	0	0	0	0	0	0	0	-2.63195	-0.338138	0.0864907	0	0	0.172863	0	0	0	0.115671	-0.0102197	0.65034
2013-06-09 00:00:00	0	0	2.50241	0	0	0	0	0	0	0	0	0	0	0	-1.89741	-0.337214	0.0862879	0	0	0.164874	0	0	0	0.115331	-0.009867	0.624413
2013-06-10 00:00:00	0	0	2.4424	0	0	0	0	0	0	0	0	0	0	0	-2.01915	-0.335789	0.0859059	0	0	0.162998	0	0	0	0.114824	-0.00973314	0.441452
2013-06-11 00:00:00	-0.418014	0	2.32593	0	0	0	0	0	0	0	0	0	0	0	-1.62392	-0.334996	0.0857941	0	0	0.170483	0	0	0	0.114449	-0.00969226	0.310036
2013-06-12 00:00:00	-0.409007	0	2.44488	0	0	0	0	0	0	0	0	0	0	0	-1.68762	-0.334159	0.0852373	0	0	0.177168	0	0	0	0.114056	-0.00982891	0.380718
2013-06-13 00:00:00	0	0	2.10509	0	0	0	0	0	0	0	0	0	0	0	-1.85184	-0.333368	0.0851596	0	0	0.181267	0	0	0	0.1135	-0.00994108	0.289875
2013-06-14 00:00:00	-0.0720573	0.0046844	2.21184	0	0	0	0	0	0	0	0	0	0	0	-1.83585	-0.332606	0.0850114	0	0	0.182337	0	0	0	0.113124	-0.0100108	0.346475
2013-06-15 00:00:00	-0.103582	0.0245572	2.18503	0	1.88412E-08	0	0	0	0	0	0	0	0	0	-1.96932	-0.33213	0.0848863	0	0	0.18154	0	0	0	0.112561	-0.00999536	0.173548
2013-06-16 00:00:00	-0.0225179	-0.0292416	2.25598	0	-3.39289E-06	0	0	0	0	0	0	0	0	0	-1.82875	-0.33078	0.0847156	0	0	0.184051	0	0	0	0.112318	-0.0100441	0.415734
2013-06-17 00:00:00	0	0	2.29998	0	0	0	0	0	0	0	0	0	0	0	-2.11993	-0.33011	0.0845896	0	0	0.181243	0	0	0	0.11193	-0.0100132	0.217693
2013-06-18 00:00:00	0	0	2.42821	0	0	0	0	0	0	0	0	0	0	0	-1.85974	-0.328836	0.0843553	0	0	0.180815	0	0	0	0.11164	-0.00995692	0.606492
2013-06-19 00:00:00	0	0	2.25238	0	0	0	0	0	0	0	0	0	0	0	-2.25438	-0.327506	0.0843259	0	0	0.171399	0	0	0	0.110927	-0.00999645	0.0271533
2013-06-20 00:00:00	-0.809007	0	2.53039	0	0	0	0	0	0	0	0	0	0	0	-1.8361	-0.327044	0.0836746	0	0	0.178826	0	0	0	0.10986	-0.00981499	-0.0792162
2013-06-21 00:00:00	-0.8	0	2.63728	0	0	0	0	0	0	0	0	0	0	0	-1.76352	-0.325855	0.0833254	0	0	0.185869	0	0	0	0.109494	-0.00994661	0.11664
2013-06-22 00:00:00	-7.97748	1.87131	3.1517	0	1.28129E-06	0	0	0	0	0	0	0	0	0	1.52271	-0.325832	0.0833385	0	0	0.252686	0	0	0	0.109114	-0.0102981	-1.32276
2013-06-23 00:00:00	-4.2045	-0.0295912	3.16652	0	7.78813E-05	0	0	0	0	0	0	0	0	0	0.586436	-0.325473	0.0832269	0	0	0.343523	0	0	0	0.108975	-0.0120912	-0.282903
2013-06-24 00:00:00	0	-1.8405	2.78084	0	-6.99049E-05	0	0	0	0	0	0	0	0	0	-1.27566	-0.324946	0.0830925	0	0	0.391108	0	0	0	0.108698	-0.0134321	-0.0908594
2013-06-25 00:00:00	0	-0.00122519	2.64956	0	-4.62718E-09	0	0	0	0	0	0	0	0	0	-2.47525	-0.324206	0.0828637	0	0	0.366835	0	0	0	0.108305	-0.013581	0.3933
2013-06-26 00:00:00	-0.2	0	2.40872	0	0	0	0	0	0	0	0	0	0	0	-1.87845	-0.323095	0.0827735	0	0	0.330193	0	0	0	0.108097	-0.012898	0.51534
2013-06-27 00:00:00	-3.4	0.27142	3.08468	0	-1.85134E-09	0	0	0	0	0	0	0	0	0	-0.459269	-0.322498	0.0826638	0	0	0.355329	0	0	0	0.107636	-0.0124935	-0.292536
2013-06-28 00:00:00	-3.2	0.0153029	3.18049	0	6.57465E-05	0	0	0	0	0	0	0	0	0	-0.801418	-0.321476	0.0826653	0	0	0.391679	0	0	0	0.1068	-0.0130173	-0.558908
2013-06-29 00:00:00	-0.2	-0.286722	2.5176	0	-6.65952E-05	0	0	0	0	0	0	0	0	0	-2.14343	-0.320039	0.0823707	0	0	0.389255	0	0	0	0.106254	-0.013875	0.131346
2013-06-30 00:00:00	-1.4	0	2.83359	0	6.16094E-05	0	0	0	0	0	0	0	0	0	-1.70401	-0.318584	0.0821322	0	0	0.373186	0	0	0	0.106056	-0.0136151	-0.0411833
2013-07-01 00:00:00	-0.2	0	2.2438	0	-6.16094E-05	0	0	0	0	0	0	0	0	0	-1.55961	-0.317703	0.081758	0	0	0.351149	0	0	0	0.105997	-0.0134284	0.691902
2013-07-02 00:00:00	-4.4	1.16856	3.07559	0	2.64843E-10	0	0	0	0	0	0	0	0	0	-0.663116	-0.317314	0.0816915	0	0	0.376671	0	0	0	0.105929	-0.0128735	-0.58487
2013-07-03 00:00:00	-0.8	-1.16856	3.02399	0	1.35808E-05	0	0	0	0	0	0	0	0	0	-1.29379	-0.316673	0.0814219	0	0	0.389997	0	0	0	0.104899	-0.0134507	0.00784659
2013-07-04 00:00:00	-15.2	2.07007	3.45593	0	0.00524287	0	0.00429888	0	0	0	0	0	0	0	6.2235	-0.317505	0.0815192	0	0	0.553993	0	0	0	0.104444	-0.0152378	-3.03374
2013-07-05 00:00:00	0	-2.02558	3.06903	0	-0.000950315	0	0.000690865	0	0	0	0	0	0	0	-1.37453	-0.317435	0.0815011	0	0	0.710758	0	0	0	0.104792	-0.0197505	0.228523
2013-07-06 00:00:00	0	-0.0317363	3.5297	0	-0.00301193	0	0	0	0	0	0	0	0	0	-2.98652	-0.31641	0.081311	0	0	0.613958	0	0	0	0.104619	-0.0192274	0.972683
2013-07-07 00:00:00	0	-0.0127561	3.26292	0	-0.00121917	0	0	0	0	0	0	0	0	0	-2.54244	-0.315123	0.0809462	0	0	0.490494	0	0	0	0.104464	-0.0175909	1.04969
2013-07-08 00:00:00	0	0	3.18228	0	-8.35027E-05	0	0	0	0	0	0	0	0	0	-3.09441	-0.313769	0.080722	0	0	0.407445	0	0	0	0.104499	-0.0156713	0.351012
2013-07-09 00:00:00	0	0	4.05773	0	0	0	0	0	0	0	0	0	0	0	-3.51685	-0.312419	0.0804501	0	0	0.31346	0	0	0	0.104119	-0.0141019	0.712386
2013-07-10 00:00:00	0	0	2.5835	0	0	0	0	0	0	0	0	0	0	0	-2.38746	-0.311712	0.0802983	0	0	0.26916	0	0	0	0.103979	-0.0122263	0.325542
2013-07-11 00:00:00	0	0	2.4744	0	0	0	0	0	0	0	0	0	0	0	-2.35953	-0.310782	0.0801704	0	0	0.242497	0	0	0	0.103414	-0.0115023	0.21867
2013-07-12 00:00:00	0	0	3.30653	0	0	0	0	0	0	0	0	0	0	0	-2.85112	-0.31022	0.0800968	0	0	0.201266	0	0	0	0.103148	-0.011072	0.518633
2013-07-13 00:00:00	0	0	2.57132	0	0	0	0	0	0	0	0	0	0	0	-2.3393	-0.309533	0.0797498	0	0	0.180398	0	0	0	0.102662	-0.0103985	0.2749
2013-07-14 00:00:00	0	0	2.27862	0	0	0	0	0	0	0	0	0	0	0	-2.11953	-0.308503	0.0795791	0	0	0.171328	0	0	0	0.102396	-0.0100419	0.193851
2013-07-15 00:00:00	0	0	2.19829	0	0	0	0	0	0	0	0	0	0	0	-2.13756	-0.307064	0.079318	0	0	0.165981	0	0	0	0.10211	-0.00987586	0.0911974
2013-07-16 00:00:00	0	0	2.36631	0	0	0	0	0	0	0	0	0	0	0	-2.20693	-0.306333	0.0791172	0	0	0.15818	0	0	0	0.101424	-0.00977094	0.181992
2013-07-17 00:00:00	0	0	2.79483	0	0	0	0	0	0	0	0	0	0	0	-2.44475	-0.305336	0.0789573	0	0	0.141866	0	0	0	0.101152	-0.00962309	0.357098
2013-07-18 00:00:00	0	0	3.24758	0	0	0	0	0	0	0	0	0	0	0	-2.93161	-0.304497	0.078684	0	0	0.119471	0	0	0	0.100893	-0.00931267	0.301209
2013-07-19 00:00:00	0	0	3.42279	0	0	0	0	0	0	0	0	0	0	0	-2.99972	-0.302143	0.0780987	0	0	0.0957962	0	0	0	0.100327	-0.00885625	0.386283
2013-07-20 00:00:00	0	0	3.18759	0	0	0	0	0	0	0	0	0	0	0	-2.89989	-0.301277	0.0780161	0	0	0.0789654	0	0	0	0.100113	-0.00833744	0.235189
2013-07-21 00:00:00	0	0	2.81125	0	0	0	0	0	0	0	0	0	0	0	-2.50683	-0.300432	0.0779102	0	0	0.0710554	0	0	0	0.0998502	-0.00794062	0.244861
2013-07-22 00:00:00	0	0	2.22403	0	0	0	0	0	0	0	0	0	0	0	-2.07939	-0.29923	0.0774692	0	0	0.0727349	0	0	0	0.0995735	-0.00773923	0.0874523
2013-07-23 00:00:00	-17.4	2.21667	3.47224	0	-2.85281E-05	0	0	0	0	0	0	0	0	0	8.49989	-0.299614	0.0774974	0	0	0.199018	0	0	0	0.0993471	-0.00824585	-3.14322
2013-07-24 00:00:00	-0.2	-2.15746	3.28613	0	0	0	0	0	0	0	0	0	0	0	-1.07136	-0.29901	0.0775005	0	0	0.283012	0	0	0	0.099555	-0.0115525	0.00681423
2013-07-25 00:00:00	-10.2	2.17899	3.37735	0	0.00231714	0	0	0	0	0	0	0	0	0	3.29061	-0.298712	0.0774114	0	0	0.351646	0	0	0	0.0993104	-0.0125186	-1.1336
2013-07-26 00:00:00	-0.2	-2.17051	3.42608	0	-0.00231799	0	0	0	0	0	0	0	0	0	-1.34459	-0.298189	0.0773071	0	0	0.424851	0	0	0	0.0991967	-0.0145376	-0.00270768
2013-07-27 00:00:00	-9	2.1077	4.17863	0	0.0112703	0	0	0	0	0	0	0	0	0	1.60612	-0.297596	0.0771047	0	0	0.464974	0	0	0	0.0990096	-0.0148575	-0.767638
2013-07-28 00:00:00	-22.6	0.118013	3.16982	0	0.0610967	-0.04394	0.102074	0	0	0	0	0	0	0	13.5119	-0.298692	0.0773177	0	0	0.775975	0	0	0	0.0994493	-0.02025	-5.04723
2013-07-29 00:00:00	-19.6	-0.0126934	3.08084	0	0.000288632	-0.0433693	0.117299	0	0	0	0	0	0	0	10.816	-0.300315	0.0775591	0	0	1.35194	0	0	0	0.100587	-0.0295917	-4.44142
2013-07-30 00:00:00	-5.6	0.0116866	2.95808	0	-0.00436975	-0.00721748	0.0203328	0	0	0	0	0	0	0	1.12627	-0.300575	0.0775713	0	0	1.54933	0	0	0	0.101139	-0.0348058	-0.102562
2013-07-31 00:00:00	-8.4	0.00632638	3.07861	0	0.000972734	-0.0136161	0.0387831	0	0	0	0	0	0	0	3.00141	-0.3003	0.0775161	0	0	1.55342	0	0	0	0.101276	-0.0347379	-0.890347
2013-08-01 00:00:00	-3.2	-0.212157	3.41015	0	-0.00303462	-0.000363696	0.00282934	0	0	0	0	0	0	0	-0.684782	-0.299942	0.0774673	0	0	1.49338	0	0	0	0.101368	-0.034378	0.650538
2013-08-02 00:00:00	-0.8	-1.83364	3.46315	0	-0.0162061	0	0.00101184	0	0	0	0	0	0	0	-1.26465	-0.299261	0.0773523	0	0	1.35153	0	0	0	0.101279	-0.0316769	0.748886
2013-08-03 00:00:00	-0.2	-0.205897	2.97904	0	-0.0345713	0	0	0	0	0	0	0	0	0	-2.50071	-0.29836	0.0772036	0	0	1.16654	0	0	0	0.101213	-0.029397	1.05506
2013-08-04 00:00:00	-1.2	-0.0144663	2.96556	0	-0.0107186	0	0	0	0	0	0	0	0	0	-1.40315	-0.29711	0.0770351	0	0	0.975671	0	0	0	0.101088	-0.0276155	1.16629
2013-08-05 00:00:00	-1	-0.0142728	2.75867	0	-0.00335406	0	0	0	0	0	0	0	0	0	-2.08517	-0.296728	0.0768841	0	0	0.880427	0	0	0	0.101275	-0.0256836	0.392045
2013-08-06 00:00:00	0	-0.0182639	2.4757	0	-0.000198035	0	0	0	0	0	0	0	0	0	-2.59014	-0.295353	0.0768361	0	0	0.795112	0	0	0	0.100779	-0.0228151	0.521662
2013-08-07 00:00:00	-1.4	0	3.47282	0	-0.000231446	0	0	0	0	0	0	0	0	0	-2.03837	-0.294363	0.0766222	0	0	0.704732	0	0	0	0.100691	-0.0206504	0.601244
2013-08-08 00:00:00	-0.2	0	2.63771	0	-0.000407046	0	0	0	0	0	0	0	0	0	-2.38941	-0.293397	0.0763462	0	0	0.606516	0	0	0	0.100528	-0.0195965	0.518289
2013-08-09 00:00:00	-0.2	0	2.68209	0	-0.000482638	0	0	0	0	0	0	0	0	0	-1.60961	-0.292009	0.0761911	0	0	0.536556	0	0	0	0.100416	-0.0183901	1.27476
2013-08-10 00:00:00	-0.8	0	2.66982	0	0	0	0	0	0	0	0	0	0	0	-2.10904	-0.291462	0.076076	0	0	0.491553	0	0	0	0.100614	-0.0168764	0.120685
2013-08-11 00:00:00	-5	1.99524	2.78417	0	0.000229377	0	0	0	0	0	0	0	0	0	-0.525485	-0.290647	0.0759798	0	0	0.508039	0	0	0	0.0997237	-0.0161111	-0.368861
2013-08-12 00:00:00	-0.2	-1.95153	2.67619	0	1.18184E-05	0	0	0	0	0	0	0	0	0	-0.694104	-0.290003	0.0758929	0	0	0.523631	0	0	0	0.099282	-0.0164882	0.222884
2013-08-13 00:00:00	0	-0.043695	2.29734	0	-0.000234067	0	0	0	0	0	0	0	0	0	-2.34943	-0.288891	0.075727	0	0	0.487398	0	0	0	0.0992108	-0.0164858	0.260942
2013-08-14 00:00:00	-2	0	2.73903	0	3.10752E-05	0	0	0	0	0	0	0	0	0	-0.678942	-0.287611	0.0754688	0	0	0.47787	0	0	0	0.0986613	-0.0155904	0.408916
2013-08-15 00:00:00	-10	2.39248	3.12294	0	0.00477205	0	0	0	0	0	0	0	0	0	2.01998	-0.287929	0.0754681	0	0	0.59525	0	0	0	0.098807	-0.0158867	-1.99412
2013-08-16 00:00:00	-0.8	-1.75133	2.71629	0	0.000382664	0	0.000499678	0	0	0	0	0	0	0	-0.590165	-0.287383	0.074998	0	0	0.641408	0	0	0	0.098114	-0.0187535	0.0840617
2013-08-17 00:00:00	-3.2	0.323363	2.85785	0	-0.000111733	0	0.00111637	0	0	0	0	0	0	0	-0.419769	-0.286687	0.0749838	0	0	0.646396	0	0	0	0.0979363	-0.0189514	0.0761303
2013-08-18 00:00:00	-2	-0.376384	2.53856	0	-1.07831E-05	0	0.00120327	0	0	0	0	0	0	0	-0.582381	-0.285597	0.0748795	0	0	0.648585	0	0	0	0.0976339	-0.0189663	0.0975264
2013-08-19 00:00:00	0	-0.584854	2.41564	0	-0.00227572	0	0	0	0	0	0	0	0	0	-1.44774	-0.284677	0.0739682	0	0	0.602177	0	0	0	0.0974246	-0.0189423	0.85072
2013-08-20 00:00:00	-1	-0.00323209	2.45107	0	-6.94805E-05	0	0	0	0	0	0	0	0	0	-2.0268	-0.28401	0.0740139	0	0	0.561497	0	0	0	0.0975337	-0.0183199	-0.148323
2013-08-21 00:00:00	-2.8	0.0686662	2.85564	0	0.00132287	0	0	0	0	0	0	0	0	0	-0.578653	-0.283403	0.073917	0	0	0.566086	0	0	0	0.0970608	-0.0173518	-0.0167155
2013-08-22 00:00:00	-0.2	-0.0686662	2.38055	0	-0.00137481	0	0	0	0	0	0	0	0	0	-2.20922	-0.282349	0.0738238	0	0	0.52109	0	0	0	0.0968079	-0.0174265	0.293233
2013-08-23 00:00:00	0	0	2.45091	0	-0.00140745	0	0	0	0	0	0	0	0	0	-2.2964	-0.281092	0.0737204	0	0	0.463319	0	0	0	0.0966179	-0.016572	0.489092
2013-08-24 00:00:00	-0.8	0	2.48536	0	-0.000344214	0	0	0	0	0	0	0	0	0	-1.80162	-0.280026	0.0735721	0	0	0.433639	0	0	0	0.0964648	-0.0153096	0.19173
2013-08-25 00:00:00	0	0	2.19654	0	-0.000870656	0	0	0	0	0	0	0	0	0	-2.02119	-0.279302	0.0733081	0	0	0.397805	0	0	0	0.0962621	-0.0147153	0.447837
2013-08-26 00:00:00	-0.2	0	2.41923	0	-6.631E-05	0	0	0	0	0	0	0	0	0	-2.36356	-0.278008	0.073293	0	0	0.364456	0	0	0	0.0960651	-0.0140772	0.097335
2013-08-27 00:00:00	0	0	2.14164	0	-6.23902E-05	0	0	0	0	0	0	0	0	0	-2.12634	-0.277289	0.073118	0	0	0.337253	0	0	0	0.0958696	-0.01343	0.230764
2013-08-28 00:00:00	0	0	2.02117	0	-1.34385E-06	0	0	0	0	0	0	0	0	0	-1.8812	-0.276583	0.0729736	0	0	0.317238	0	0	0	0.0951856	-0.0127844	0.336003
2013-08-29 00:00:00	-0.4	0	2.18641	0	0	0	0	0	0	0	0	0	0	0	-1.66895	-0.275836	0.0728803	0	0	0.306324	0	0	0	0.0947594	-0.0124095	0.303181
2013-08-30 00:00:00	-1	0	2.21886	0	0	0	0	0	0	0	0	0	0	0	-1.34676	-0.27494	0.0723605	0	0	0.311856	0	0	0	0.0945438	-0.0122159	0.0637111
2013-08-31 00:00:00	0	0	1.75289	0	0	0	0	0	0	0	0	0	0	0	-1.7166	-0.274215	0.0724026	0	0	0.305007	0	0	0	0.0943072	-0.0123085	0.221484
2013-09-01 00:00:00	-0.302252	0	1.91156	0	0	0	0	0	0	0	0	0	0	0	-1.75813	-0.273383	0.0722379	0	0	0.299387	0	0	0	0.0940882	-0.0121806	0.0313268
2013-09-02 00:00:00	-1.10676	0	2.28496	0	0	0	0	0	0	0	0	0	0	0	-1.25383	-0.272423	0.0721406	0	0	0.305188	0	0	0	0.093869	-0.0120814	0.11107
2013-09-03 00:00:00	0	0	1.8898	0	0	0	0	0	0	0	0	0	0	0	-1.83684	-0.271626	0.0720529	0	0	0.292033	0	0	0	0.0934164	-0.0121779	0.226654
2013-09-04 00:00:00	0	0	1.71845	0	0	0	0	0	0	0	0	0	0	0	-1.6921	-0.270365	0.071661	0	0	0.28138	0	0	0	0.0932109	-0.0119514	0.190292
2013-09-05 00:00:00	0	0	1.59427	0	0	0	0	0	0	0	0	0	0	0	-1.61056	-0.269401	0.071632	0	0	0.275536	0	0	0	0.0930018	-0.0117737	0.14271
2013-09-06 00:00:00	-16.1878	2.62923	1.99703	0	0.00526946	0	0.00399114	0	0	0	0	0	0	0	8.23127	-0.269093	0.0716808	0	0	0.450443	0	0	0	0.0924688	-0.0134295	-2.98896
2013-09-07 00:00:00	-10.054	0.00729389	2.02359	0	0.0389299	0	0.00878976	0	0	0	0	0	0	0	5.24486	-0.269308	0.0717378	0	0	0.794804	0	0	0	0.0925263	-0.0204723	-2.06129
2013-09-08 00:00:00	0	-1.74051	1.92804	0	-0.00631765	0	0.000394507	0	0	0	0	0	0	0	-0.799392	-0.268946	0.0715322	0	0	0.89882	0	0	0	0.0924302	-0.0238361	0.152224
2013-09-09 00:00:00	-3.11576	1.09165	1.91278	0	0.00292811	0	0	0	0	0	0	0	0	0	-0.341254	-0.268216	0.0715236	0	0	0.862363	0	0	0	0.0922601	-0.0229313	0.285335
2013-09-10 00:00:00	0	-1.59692	1.9954	0	-0.0095108	0	0	0	0	0	0	0	0	0	-0.807861	-0.267242	0.071458	0	0	0.82517	0	0	0	0.0921422	-0.022181	0.280454
2013-09-11 00:00:00	-2.61351	0.446465	2.11611	0	0.00222773	0	0	0	0	0	0	0	0	0	-0.539111	-0.266215	0.0713192	0	0	0.782099	0	0	0	0.0920065	-0.0216608	0.0697318
2013-09-12 00:00:00	-1.60901	-0.295834	2.16051	0	-0.00400725	0	0.000207159	0	0	0	0	0	0	0	-0.867925	-0.265142	0.07129	0	0	0.768685	0	0	0	0.0918808	-0.0210749	0.029582
2013-09-13 00:00:00	-2.31126	0.402642	1.87989	0	0.000695045	0	0.0011534	0	0	0	0	0	0	0	-0.54133	-0.263849	0.0711951	0	0	0.746861	0	0	0	0.0916862	-0.0206374	0.0570486
2013-09-14 00:00:00	0	-0.760745	1.67117	0	-0.00875577	0	0.000197321	0	0	0	0	0	0	0	-1.11214	-0.263249	0.0710349	0	0	0.717865	0	0	0	0.0915038	-0.0202851	0.386594
2013-09-15 00:00:00	-8.44503	2.53695	1.72938	0	0.0363775	-0.00253311	0.0107483	0	0	0	0	0	0	0	2.4835	-0.262731	0.0706066	0	0	0.764837	0	0	0	0.0912561	-0.0201999	-1.00685
2013-09-16 00:00:00	-1.80901	-0.018192	1.63519	0	-0.0013182	-0.000904837	0.00303425	0	0	0	0	0	0	0	-0.47827	-0.262418	0.0706576	0	0	0.826683	0	0	0	0.0909689	-0.0220162	0.0344043
2013-09-17 00:00:00	-0.502252	-1.0422	1.64874	0	-0.00334213	-2.04611E-05	0.00111126	0	0	0	0	0	0	0	-0.675898	-0.26134	0.0705168	0	0	0.807258	0	0	0	0.0908484	-0.0217939	0.111622
2013-09-18 00:00:00	-0.2	-1.22138	1.56564	0	-0.00414119	0	0.00150359	0	0	0	0	0	0	0	-0.689268	-0.259203	0.0704373	0	0	0.783004	0	0	0	0.0906563	-0.021271	0.115984
2013-09-19 00:00:00	-11.9653	2.3093	1.68647	0	0.021705	-0.0194246	0.0482068	0	0	0	0	0	0	0	5.20549	-0.259488	0.0704725	0	0	0.907857	0	0	0	0.0904258	-0.0226287	-1.92691
2013-09-20 00:00:00	-0.2	-1.31856	1.65318	0	-0.00787154	-0.000530753	0.00304295	0	0	0	0	0	0	0	-0.789306	-0.259181	0.0704821	0	0	1.03326	0	0	0	0.0904932	-0.026387	0.248627
2013-09-21 00:00:00	0	-1.30239	1.75137	0	-0.00877838	0	0.000609513	0	0	0	0	0	0	0	-0.788606	-0.258496	0.0704093	0	0	0.965506	0	0	0	0.0903973	-0.0257595	0.494262
2013-09-22 00:00:00	-0.2	-0.0679118	1.83063	0	-0.0211017	0	0	0	0	0	0	0	0	0	-1.80377	-0.257942	0.0703043	0	0	0.872731	0	0	0	0.0902958	-0.02438	0.488857
2013-09-23 00:00:00	0	-0.0127924	1.79023	0	-0.0200183	0	0	0	0	0	0	0	0	0	-2.32238	-0.256854	0.0701656	0	0	0.777035	0	0	0	0.09022	-0.0227443	0.0928672
2013-09-24 00:00:00	0	-0.0122882	1.70639	0	-0.00963812	0	0	0	0	0	0	0	0	0	-1.09975	-0.255444	0.0700704	0	0	0.690736	0	0	0	0.0900773	-0.0208028	1.15935
2013-09-25 00:00:00	-1.30676	-0.000697457	1.52099	0	0.00183752	0	0	0	0	0	0	0	0	0	-1.18688	-0.255053	0.0700065	0	0	0.676735	0	0	0	0.0902153	-0.0194881	-0.409087
2013-09-26 00:00:00	-0.302252	-0.00731228	1.36158	0	-0.00119542	0	0	0	0	0	0	0	0	0	-1.11347	-0.25446	0.0698629	0	0	0.647969	0	0	0	0.0900143	-0.0192041	0.471525
2013-09-27 00:00:00	-0.302252	-0.00810818	1.46572	0	-0.000775177	0	0	0	0	0	0	0	0	0	-1.13968	-0.253549	0.0696018	0	0	0.604499	0	0	0	0.0898857	-0.0187426	0.506599
2013-09-28 00:00:00	-0.2	-0.00947996	1.48046	0	0.000358545	0	0	0	0	0	0	0	0	0	-1.92269	-0.252179	0.0694973	0	0	0.576121	0	0	0	0.0897532	-0.017921	-0.186079
2013-09-29 00:00:00	-0.2	-0.00818534	1.374	0	-9.66876E-05	0	0	0	0	0	0	0	0	0	-1.23713	-0.251049	0.0693729	0	0	0.549081	0	0	0	0.0895757	-0.0170866	0.368481
2013-09-30 00:00:00	0	0	1.37864	0	-0.000229304	0	0	0	0	0	0	0	0	0	-1.71833	-0.250528	0.0692903	0	0	0.517661	0	0	0	0.08955	-0.0166633	0.0693846
2013-10-01 00:00:00	0	0	1.31491	0	-2.67033E-05	0	0	0	0	0	0	0	0	0	-1.61993	-0.249715	0.0691575	0	0	0.491391	0	0	0	0.0892166	-0.0162167	0.0787851
2013-10-02 00:00:00	-2.0045	0.447383	1.52305	0	0.00097518	0	0	0	0	0	0	0	0	0	-0.39595	-0.249139	0.0690607	0	0	0.501932	0	0	0	0.0893414	-0.0159228	-0.0337759
2013-10-03 00:00:00	-2.4045	0.641869	1.68277	0	0.0009649	0	0	0	0	0	0	0	0	0	-0.272121	-0.248782	0.0689574	0	0	0.52512	0	0	0	0.089007	-0.016305	0.0669763
2013-10-04 00:00:00	-2.2045	0.542238	1.59049	0	3.93627E-05	0	0.000541072	0	0	0	0	0	0	0	-0.535144	-0.24813	0.0685138	0	0	0.550103	0	0	0	0.0888751	-0.0166895	-0.163664
2013-10-05 00:00:00	-2.96848	0.941254	1.45868	0	6.28367E-06	0	0.00125295	0	0	0	0	0	0	0	-0.131761	-0.247591	0.0685335	0	0	0.576084	0	0	0	0.0885999	-0.0170844	-0.230502
2013-10-06 00:00:00	0	-1.39054	1.51594	0	2.70246E-07	0	0.00119056	0	0	0	0	0	0	0	-0.474528	-0.247177	0.0683441	0	0	0.598435	0	0	0	0.0884219	-0.017798	0.142286
2013-10-07 00:00:00	-3.99099	1.38692	1.44007	0	2.96356E-05	0	0.00104741	0	0	0	0	0	0	0	0.6715	-0.246578	0.0681993	0	0	0.641947	0	0	0	0.0882703	-0.0179952	0.0424218
2013-10-08 00:00:00	-1.30225	-0.0858742	1.38813	0	-2.80122E-05	0	0.00196015	0	0	0	0	0	0	0	-0.885855	-0.245684	0.0681518	0	0	0.649612	0	0	0	0.0880877	-0.0188638	-0.342611
2013-10-09 00:00:00	-4.96847	0.189117	1.18796	0	0.0163936	0	0.00429829	0	0	0	0	0	0	0	2.13433	-0.245549	0.0681048	0	0	0.738932	0	0	0	0.0880408	-0.019366	-0.80621
2013-10-10 00:00:00	0	-0.982731	1.07458	0	-0.00287986	0	0.00162969	0	0	0	0	0	0	0	-0.548946	-0.245177	0.0681221	0	0	0.773685	0	0	0	0.087949	-0.0210331	0.205199
2013-10-11 00:00:00	0	-0.983333	1.09259	0	-0.00232617	0	0.00044775	0	0	0	0	0	0	0	-0.20757	-0.244483	0.0679603	0	0	0.747377	0	0	0	0.0878419	-0.0209696	0.537534
2013-10-12 00:00:00	-0.2	-0.58957	1.05213	0	-0.000410068	0	0.00157991	0	0	0	0	0	0	0	-1.43958	-0.244296	0.0677965	0	0	0.735827	0	0	0	0.0876956	-0.0204784	-0.549308
2013-10-13 00:00:00	-2.4045	1.15518	1.12178	0	0.00134184	0	0.000454181	0	0	0	0	0	0	0	-0.0386553	-0.24333	0.0676991	0	0	0.718016	0	0	0	0.087609	-0.0202635	0.445322
2013-10-14 00:00:00	-0.2	-0.754056	1.02416	0	-0.00124765	0	0.00209583	0	0	0	0	0	0	0	-1.01687	-0.243163	0.0676561	0	0	0.712163	0	0	0	0.0874637	-0.0201193	-0.341914
2013-10-15 00:00:00	-2.4045	1.30134	0.966663	0	0.00309011	0	0.00106248	0	0	0	0	0	0	0	-0.537893	-0.242373	0.0674735	0	0	0.70531	0	0	0	0.0873843	-0.0199115	-0.0723544
2013-10-16 00:00:00	-14.9865	0.951718	1.00393	0	0.0511983	-0.0252054	0.0665345	0	0	0	0	0	0	0	8.80016	-0.242869	0.0675939	0	0	0.972315	0	0	0	0.0873803	-0.0230992	-3.27683
2013-10-17 00:00:00	-4.60901	-0.0157886	1.04441	0	-0.00174249	-0.00980851	0.0279423	0	0	0	0	0	0	0	1.83298	-0.243195	0.0676981	0	0	1.24826	0	0	0	0.0876893	-0.029753	-0.600318
2013-10-18 00:00:00	-2.2045	-0.0129362	1.05456	0	-0.000913439	-0.0032127	0.00980934	0	0	0	0	0	0	0	0.324501	-0.242864	0.0676838	0	0	1.24494	0	0	0	0.0877564	-0.0299578	0.294858
2013-10-19 00:00:00	-6.98649	0.0296597	1.10352	0	0.000989129	-0.0152409	0.0429032	0	0	0	0	0	0	0	3.46893	-0.242876	0.0677446	0	0	1.30897	0	0	0	0.087833	-0.0300792	-1.16413
2013-10-20 00:00:00	-4.94596	-0.0205389	1.02221	0	0.0002277	-0.0105817	0.0299767	0	0	0	0	0	0	0	2.21187	-0.242956	0.0677986	0	0	1.3877	0	0	0	0.0880636	-0.0323208	-0.444512
2013-10-21 00:00:00	-8.47523	0.00462769	1.03078	0	0.000611108	-0.0194924	0.0547	0	0	0	0	0	0	0	4.56417	-0.243223	0.0679111	0	0	1.51431	0	0	0	0.0882454	-0.0345387	-1.44712
2013-10-22 00:00:00	-7.31576	-0.0152331	1.07547	0	1.854E-05	-0.0164713	0.0462363	0	0	0	0	0	0	0	3.67202	-0.243573	0.0680529	0	0	1.66723	0	0	0	0.0886146	-0.036634	-1.01004
2013-10-23 00:00:00	-2.6045	-0.0206037	0.952203	0	-0.00149309	-0.00461626	0.013718	0	0	0	0	0	0	0	0.538965	-0.243455	0.0680965	0	0	1.66203	0	0	0	0.088888	-0.0367308	0.412495
2013-10-24 00:00:00	0	-0.739589	0.80672	0	-0.00315323	-0.000166462	0.00213525	0	0	0	0	0	0	0	-0.764759	-0.242956	0.0680793	0	0	1.53473	0	0	0	0.0889216	-0.0352266	0.714733
2013-10-25 00:00:00	-5.31126	0.734775	0.896006	0	0.00414095	-0.00905351	0.0257579	0	0	0	0	0	0	0	1.92403	-0.242439	0.068093	0	0	1.47645	0	0	0	0.0889971	-0.0337881	-0.378295
2013-10-26 00:00:00	-1.1955	-0.0200743	0.895696	0	-0.00198511	-0.00111429	0.004108	0	0	0	0	0	0	0	-0.301799	-0.242293	0.0680669	0	0	1.43043	0	0	0	0.0891367	-0.033553	0.691122
2013-10-27 00:00:00	-6.18199	0.0102163	0.856165	0	0.00196249	-0.0136886	0.0388569	0	0	0	0	0	0	0	2.9289	-0.242445	0.0681301	0	0	1.45359	0	0	0	0.0892796	-0.0324218	-1.02344
2013-10-28 00:00:00	-2.2045	-0.0101735	0.778156	0	-0.0012615	-0.00396093	0.0121392	0	0	0	0	0	0	0	0.357182	-0.24238	0.0681603	0	0	1.46415	0	0	0	0.0894371	-0.0343238	0.27262
2013-10-29 00:00:00	-0.2	-0.486184	0.721292	0	-0.00202186	-0.000149328	0.00177462	0	0	0	0	0	0	0	-0.711228	-0.241624	0.0680812	0	0	1.35996	0	0	0	0.0895157	-0.0326546	0.566765
2013-10-30 00:00:00	-1.7955	0.463969	0.685008	0	0.0019008	-0.00139725	0.0048299	0	0	0	0	0	0	0	0.039053	-0.240876	0.0679957	0	0	1.27215	0	0	0	0.0895293	-0.030394	0.556268
2013-10-31 00:00:00	-3.49324	-0.0122878	0.726774	0	0.000985517	-0.0071856	0.0207473	0	0	0	0	0	0	0	1.44045	-0.240901	0.0680042	0	0	1.2663	0	0	0	0.089583	-0.0295668	-0.170341
2013-11-01 00:00:00	0	-0.621866	0.674715	0	-0.0034224	-0.000239139	0.00173118	0	0	0	0	0	0	0	-0.569055	-0.240277	0.0679899	0	0	1.21552	0	0	0	0.0897112	-0.0295055	0.585306
2013-11-02 00:00:00	-14.9189	0.622142	0.551681	0	0.00587834	-0.0354567	0.0986993	0	0	0	0	0	0	0	8.46391	-0.241731	0.0682534	0	0	1.47198	0	0	0	0.0900054	-0.0317399	-3.85531
2013-11-03 00:00:00	-4.71576	-0.00513511	0.567248	0	-0.00266101	-0.0112624	0.0324628	0	0	0	0	0	0	0	1.93239	-0.24271	0.0685052	0	0	1.74426	0	0	0	0.090731	-0.0372579	-0.579188
2013-11-04 00:00:00	-0.2	-0.274229	0.477756	0	-0.00195111	-0.000308772	0.00192784	0	0	0	0	0	0	0	-0.406335	-0.242383	0.0684825	0	0	1.65134	0	0	0	0.0909394	-0.0368152	1.12842
2013-11-05 00:00:00	-0.902252	0.256467	0.442589	0	0.000549529	-0.000376243	0.00276732	0	0	0	0	0	0	0	-0.719327	-0.241871	0.0683998	0	0	1.5029	0	0	0	0.0909464	-0.0346319	0.466165
2013-11-06 00:00:00	-3.81351	-0.0206944	0.565443	0	0.00169534	-0.00830078	0.0237656	0	0	0	0	0	0	0	1.84658	-0.241885	0.0684239	0	0	1.47128	0	0	0	0.0910024	-0.0337463	-0.0499396
2013-11-07 00:00:00	-2.60901	-0.00316426	0.546013	0	-0.000694399	-0.00544454	0.0163326	0	0	0	0	0	0	0	0.692428	-0.241892	0.0684558	0	0	1.46054	0	0	0	0.0913046	-0.0328908	-0.0180193
2013-11-08 00:00:00	-1.0045	-0.00304285	0.506087	0	-0.000939928	-0.00140252	0.00527743	0	0	0	0	0	0	0	-0.298529	-0.241561	0.0684119	0	0	1.38682	0	0	0	0.0913616	-0.0326523	0.475331
2013-11-09 00:00:00	-3.51126	-0.0159368	0.423578	0	0.00160502	-0.00789727	0.0226348	0	0	0	0	0	0	0	1.65987	-0.241476	0.0684386	0	0	1.37298	0	0	0	0.0914874	-0.0312608	-0.167227
2013-11-10 00:00:00	-0.2	-0.214606	0.417855	0	-0.00208758	-0.000256927	0.00231537	0	0	0	0	0	0	0	-0.728508	-0.241138	0.0683923	0	0	1.31881	0	0	0	0.0916374	-0.0308837	0.481532
2013-11-11 00:00:00	-2.40901	0.204526	0.569106	0	0.00116508	-0.0039976	0.0122695	0	0	0	0	0	0	0	0.5761	-0.240893	0.0683899	0	0	1.26529	0	0	0	0.0916125	-0.0300334	0.104529
2013-11-12 00:00:00	-1.90676	-0.00919356	0.534632	0	-0.00015621	-0.00360509	0.0111424	0	0	0	0	0	0	0	0.387195	-0.240731	0.0683662	0	0	1.24551	0	0	0	0.0917006	-0.029659	0.148448
2013-11-13 00:00:00	-0.302252	-0.214935	0.51526	0	-0.000963592	-0.000157022	0.00124457	0	0	0	0	0	0	0	-0.346144	-0.240305	0.0682876	0	0	1.17984	0	0	0	0.0917251	-0.0291489	0.722451
2013-11-14 00:00:00	0	-0.39738	0.445521	0	-0.00145034	0	0.00177884	0	0	0	0	0	0	0	-0.687819	-0.239831	0.0682115	0	0	1.11706	0	0	0	0.0916096	-0.0278847	0.369816
2013-11-15 00:00:00	-0.302252	-0.159433	0.481518	0	-0.000640687	0	0.00110388	0	0	0	0	0	0	0	-0.722389	-0.238975	0.0680905	0	0	1.03715	0	0	0	0.0915788	-0.027325	0.228431
2013-11-16 00:00:00	-0.2	-0.307871	0.545413	0	-0.000946421	0	0.00135484	0	0	0	0	0	0	0	-0.554995	-0.238465	0.0680471	0	0	0.995366	0	0	0	0.0913691	-0.0262112	0.373062
2013-11-17 00:00:00	-2.80901	1.04272	0.388678	0	0.00436198	-0.00274768	0.00921918	0	0	0	0	0	0	0	0.480346	-0.238113	0.0679793	0	0	0.972224	0	0	0	0.0914043	-0.0255672	-0.0185071
2013-11-18 00:00:00	-0.302252	-0.0897488	0.377754	0	-0.00122019	-0.000248237	0.0016592	0	0	0	0	0	0	0	-0.494201	-0.237815	0.0679254	0	0	0.96779	0	0	0	0.0914191	-0.0255235	0.355539
2013-11-19 00:00:00	-1.49324	0.0704457	0.315302	0	0.000841183	-0.00269804	0.00893897	0	0	0	0	0	0	0	0.170651	-0.237521	0.0679013	0	0	0.955591	0	0	0	0.0913134	-0.0249075	-0.0773864
2013-11-20 00:00:00	-9.95496	-0.00943445	0.396503	0	0.00288694	-0.0248578	0.0691976	0	0	0	0	0	0	0	5.62776	-0.23847	0.0681106	0	0	1.15599	0	0	0	0.0916372	-0.0276953	-2.84333
2013-11-21 00:00:00	-0.302252	-0.0193033	0.313819	0	-0.00369905	-0.000540818	0.00294788	0	0	0	0	0	0	0	-0.615657	-0.238733	0.0681888	0	0	1.28402	0	0	0	0.0920556	-0.0303762	0.550469
2013-11-22 00:00:00	0	-0.233854	0.240987	0	-0.000293232	0	0.00145085	0	0	0	0	0	0	0	-0.50369	-0.238234	0.0680993	0	0	1.19849	0	0	0	0.0919923	-0.0288898	0.596056
2013-11-23 00:00:00	0	-0.264809	0.297165	0	-0.000925569	0	0.00140263	0	0	0	0	0	0	0	-0.522266	-0.237748	0.0680064	0	0	1.12053	0	0	0	0.0919181	-0.0278905	0.525378
2013-11-24 00:00:00	0	-0.251576	0.282345	0	-0.00100872	0	0.00125678	0	0	0	0	0	0	0	-0.544336	-0.237205	0.0679138	0	0	1.05447	0	0	0	0.091833	-0.0271238	0.436565
2013-11-25 00:00:00	-0.2	-0.0681429	0.276843	0	-0.00015	0	0.00114609	0	0	0	0	0	0	0	-0.605188	-0.236166	0.0677922	0	0	0.998284	0	0	0	0.09176	-0.0261795	0.299999
2013-11-26 00:00:00	-1.90676	0.784209	0.389726	0	0.00341736	-0.00117932	0.00491613	0	0	0	0	0	0	0	-0.303565	-0.235614	0.0676001	0	0	0.962228	0	0	0	0.0916894	-0.0253587	-0.168687
2013-11-27 00:00:00	0	-0.348627	0.368121	0	-0.00159319	-0.000157064	0.00182584	0	0	0	0	0	0	0	-0.763757	-0.235275	0.0675313	0	0	0.943516	0	0	0	0.0916173	-0.0252562	0.0979468
2013-11-28 00:00:00	0	-0.308857	0.34678	0	-0.00119323	0	0.000847471	0	0	0	0	0	0	0	-0.33912	-0.233873	0.0674171	0	0	0.903811	0	0	0	0.0915711	-0.0240673	0.503316
2013-11-29 00:00:00	-2.80901	0.636128	0.361316	0	0.00302723	-0.00415473	0.0132659	0	0	0	0	0	0	0	0.408486	-0.233964	0.0673378	0	0	0.908061	0	0	0	0.0915489	-0.0236229	-0.581578
2013-11-30 00:00:00	-0.2	-0.101002	0.300412	0	-0.00131055	-0.000220859	0.00191749	0	0	0	0	0	0	0	-0.584839	-0.233736	0.0672557	0	0	0.918843	0	0	0	0.0914733	-0.0247554	0.234038
2013-12-01 00:00:00	0	-0.294222	0.319507	0	-0.00082554	0	0.00109204	0	0	0	0	0	0	0	-0.359886	-0.232804	0.0671627	0	0	0.886716	0	0	0	0.0914228	-0.023562	0.454601
2013-12-02 00:00:00	-0.2	-0.0910314	0.302764	0	-0.000409299	0	0.000891252	0	0	0	0	0	0	0	-0.561845	-0.231382	0.0670559	0	0	0.854449	0	0	0	0.0913849	-0.0230105	0.208866
2013-12-03 00:00:00	-5.15496	0.448302	0.367929	0	0.0036574	-0.0108383	0.031521	0	0	0	0	0	0	0	2.29896	-0.231734	0.0670914	0	0	0.928787	0	0	0	0.0913268	-0.0236279	-1.18359
2013-12-04 00:00:00	-0.502252	-0.0071559	0.306675	0	-0.00222658	-0.00079535	0.00370437	0	0	0	0	0	0	0	-0.395032	-0.231631	0.0670706	0	0	0.988034	0	0	0	0.0914187	-0.0261728	0.291637
2013-12-05 00:00:00	-24.6334	-0.00463093	0.27905	0	0.00938607	-0.0635919	0.175252	0	0	0	0	0	0	0	14.9469	-0.234429	0.0678101	0	0	1.55304	0	0	0	0.0923206	-0.0317293	-7.844
2013-12-06 00:00:00	0	-0.235986	0.241138	0	-0.00495694	-0.000973867	0.00476037	0	0	0	0	0	0	0	-0.797437	-0.235722	0.0681812	0	0	1.97059	0	0	0	0.0934992	-0.0399525	1.06314
2013-12-07 00:00:00	-4.95496	0.215116	0.291389	0	0.00319023	-0.0113621	0.032935	0	0	0	0	0	0	0	2.24224	-0.23576	0.0681994	0	0	1.88042	0	0	0	0.0936642	-0.0386913	-0.413623
2013-12-08 00:00:00	-11.9054	-0.00997884	0.36598	0	0.00270874	-0.0303369	0.0862106	0	0	0	0	0	0	0	6.47165	-0.237194	0.0684908	0	0	2.10523	0	0	0	0.0944006	-0.0404676	-3.02874
2013-12-09 00:00:00	-0.604504	-0.00835717	0.357528	0	-0.00496349	-0.00117721	0.00587997	0	0	0	0	0	0	0	-0.536691	-0.237501	0.0685849	0	0	2.14719	0	0	0	0.0950534	-0.0420032	1.23904
2013-12-10 00:00:00	0	-0.329398	0.346877	0	-0.00120649	-3.11398E-05	0.00140649	0	0	0	0	0	0	0	-0.603847	-0.236954	0.0684848	0	0	1.90367	0	0	0	0.0950654	-0.0397956	1.20428
2013-12-11 00:00:00	0	-0.307817	0.3461	0	-0.00175295	0	0.00137524	0	0	0	0	0	0	0	-1.02163	-0.236393	0.068367	0	0	1.68253	0	0	0	0.0951652	-0.0374096	0.588538
2013-12-12 00:00:00	-2.38649	0.610987	0.37159	0	0.00307776	-0.00314542	0.0104352	0	0	0	0	0	0	0	0.549634	-0.236235	0.0683302	0	0	1.59229	0	0	0	0.0950702	-0.0352282	0.640314
2013-12-13 00:00:00	-1.59099	-0.00563714	0.357637	0	-0.000198407	-0.00327675	0.0106494	0	0	0	0	0	0	0	0.312126	-0.236082	0.0682989	0	0	1.52508	0	0	0	0.0951757	-0.0347259	0.498054
2013-12-14 00:00:00	-9.96848	-0.00757863	0.339536	0	0.00367378	-0.024991	0.0710193	0	0	0	0	0	0	0	5.50093	-0.237046	0.0684976	0	0	1.67514	0	0	0	0.0956081	-0.0353288	-2.51902
2013-12-15 00:00:00	-12	-0.00999937	0.326904	0	0.000843883	-0.0306383	0.087753	0	0	0	0	0	0	0	6.60404	-0.238767	0.0688995	0	0	2.05011	0	0	0	0.0966106	-0.0396686	-3.08391
2013-12-16 00:00:00	-6.95497	-0.00912006	0.254354	0	-0.001133	-0.0179124	0.052436	0	0	0	0	0	0	0	3.40089	-0.239918	0.0692162	0	0	2.29528	0	0	0	0.0975628	-0.0428875	-1.09619
2013-12-17 00:00:00	-0.2	-0.085891	0.285892	0	-0.00359891	-0.000432166	0.00332177	0	0	0	0	0	0	0	-0.649347	-0.239792	0.0692332	0	0	2.18413	0	0	0	0.097961	-0.0426885	1.41879
2013-12-18 00:00:00	-7.9392	0.0699732	0.311917	0	0.00348129	-0.0194646	0.0563356	0	0	0	0	0	0	0	3.87112	-0.240363	0.0693383	0	0	2.16563	0	0	0	0.0982876	-0.0416296	-1.59458
2013-12-19 00:00:00	-1.50901	-0.00897974	0.314549	0	-0.00254153	-0.00341686	0.0117708	0	0	0	0	0	0	0	-0.0171048	-0.240547	0.0693842	0	0	2.13717	0	0	0	0.0988146	-0.0418053	0.808283
2013-12-20 00:00:00	-13.937	-0.00990005	0.31577	0	0.00481495	-0.0354563	0.100619	0	0	0	0	0	0	0	7.58232	-0.241989	0.0696778	0	0	2.34304	0	0	0	0.0994503	-0.0430453	-3.75165
2013-12-21 00:00:00	-22.5658	-0.00795026	0.26851	0	0.0135449	-0.0590589	0.167553	0	0	0	0	0	0	0	12.1676	-0.245408	0.0705322	0	0	3.47586	0	0	0	0.101072	-0.0513834	-6.66497
2013-12-22 00:00:00	-2.38649	-0.00748893	0.247384	0	-0.00694549	-0.00634918	0.0222425	0	0	0	0	0	0	0	0.628156	-0.246504	0.0708466	0	0	3.9119	0	0	0	0.102273	-0.0584827	2.27054
2013-12-23 00:00:00	-20.4739	-0.00747135	0.270605	0	-0.00282512	-0.0528363	0.150194	0	0	0	0	0	0	0	10.4123	-0.248774	0.071314	0	0	4.161	0	0	0	0.10344	-0.0590378	-5.67599
2013-12-24 00:00:00	-6.73245	-0.00987369	0.263776	0	0.00598673	-0.0176199	0.0530443	0	0	0	0	0	0	0	2.93436	-0.250485	0.0716704	0	0	4.39623	0	0	0	0.105015	-0.0619261	0.757725
2013-12-25 00:00:00	-1.49775	-0.0116916	0.273335	0	-0.0142634	-0.00348168	0.0124904	0	0	0	0	0	0	0	0.0102069	-0.2505	0.0716614	0	0	3.93031	0	0	0	0.105744	-0.059357	2.5667
2013-12-26 00:00:00	-1.1955	-0.00819728	0.256758	0	-0.000363091	-0.0024618	0.00937025	0	0	0	0	0	0	0	-0.359803	-0.250266	0.0715951	0	0	3.46432	0	0	0	0.106045	-0.0547972	2.0367
2013-12-27 00:00:00	-39.7883	-0.00181423	0.289403	0	0.0212213	-0.103328	0.29197	0	0	0	0	0	0	0	18.683	-0.255141	0.0726114	0	0	4.74351	0	0	0	0.107939	-0.0608791	-15.9998
2013-12-28 00:00:00	-4.98199	-0.0109155	0.227318	0	0.14341	-0.0135005	0.0433941	0	0	0	0	0	0	0	1.87023	-0.257802	0.0733886	0	0	6.21146	0	0	0	0.110151	-0.0747025	3.34045
2013-12-29 00:00:00	-1.1955	-0.00673741	0.282703	0	-0.162203	-0.00259774	0.0117248	0	0	0	0	0	0	0	-0.762754	-0.257715	0.0733418	0	0	5.36516	0	0	0	0.110724	-0.0695886	3.38656
2013-12-30 00:00:00	-23.946	-0.00789549	0.292517	0	0.00546017	-0.0615409	0.175787	0	0	0	0	0	0	0	11.2304	-0.261187	0.0739993	0	0	5.62178	0	0	0	0.112005	-0.0696566	-6.83433
2013-12-31 00:00:00	-0.502252	-0.0078861	0.292299	0	-0.00790522	-0.00142412	0.00983153	0	0	0	0	0	0	0	-0.586127	-0.262859	0.0742184	0	0	5.49417	0	0	0	0.113539	-0.0709895	4.54462
2014-01-01 00:00:00	-14.9144	-0.0114149	0.294212	0	0.00540334	-0.0379954	0.109978	0	0	0	0	0	0	0	6.31311	-0.264562	0.0745293	0	0	5.28793	0	0	0	0.114425	-0.067309	-3.09613
2014-01-02 00:00:00	-5.77298	-0.0116377	0.258078	0	-0.00221392	-0.0162756	0.0463069	0	0	0	0	0	0	0	1.86154	-0.265859	0.074775	0	0	5.11482	0	0	0	0.115638	-0.0673373	1.33486
2014-01-03 00:00:00	-6.78199	-0.00345502	0.302351	0	-0.000590666	-0.0196284	0.0541084	0	0	0	0	0	0	0	2.07281	-0.266869	0.0749347	0	0	4.79618	0	0	0	0.116374	-0.0647378	0.279494
2014-01-04 00:00:00	-1.6045	-0.0131213	0.280277	0	-0.00205687	-0.00429883	0.0143889	0	0	0	0	0	0	0	-0.353166	-0.266998	0.0749898	0	0	4.30149	0	0	0	0.116981	-0.0622731	2.48171
2014-01-05 00:00:00	-4.17973	-0.00775254	0.271084	0	0.00134506	-0.0103843	0.0325413	0	0	0	0	0	0	0	0.897742	-0.267345	0.0749939	0	0	3.90757	0	0	0	0.117338	-0.0582519	0.779151
2014-01-06 00:00:00	-8.37298	-0.00602521	0.285913	0	0.00157722	-0.0238294	0.0642907	0	0	0	0	0	0	0	2.92855	-0.2683	0.0751645	0	0	3.82535	0	0	0	0.118026	-0.056648	-1.42891
2014-01-07 00:00:00	-4.19324	-0.0112355	0.287868	0	-0.00129899	-0.0122915	0.0336714	0	0	0	0	0	0	0	1.03457	-0.269376	0.0753345	0	0	3.69121	0	0	0	0.118677	-0.0565372	0.69734
2014-01-08 00:00:00	-3.17973	-0.00744765	0.296151	0	-0.000842041	-0.00832692	0.026078	0	0	0	0	0	0	0	0.426788	-0.269904	0.0753542	0	0	3.42498	0	0	0	0.119061	-0.0542368	0.847922
2014-01-09 00:00:00	-0.2	-0.0985385	0.298537	0	-0.00134427	-0.000249674	0.00521816	0	0	0	0	0	0	0	-1.03553	-0.269741	0.0752915	0	0	3.04736	0	0	0	0.119295	-0.0515257	1.88878
2014-01-10 00:00:00	-5.77073	0.0882673	0.294006	0	0.00178609	-0.013706	0.0427846	0	0	0	0	0	0	0	1.89513	-0.270366	0.0753761	0	0	2.89119	0	0	0	0.119594	-0.0494449	-0.696115
2014-01-11 00:00:00	-0.502252	-0.0105667	0.271736	0	-0.0019815	-0.000900736	0.00610821	0	0	0	0	0	0	0	-0.805016	-0.270443	0.075358	0	0	2.67458	0	0	0	0.120048	-0.0482983	1.50837
2014-01-12 00:00:00	-0.2	-0.0799263	0.265762	0	-9.38457E-05	-5.249E-05	0.00352215	0	0	0	0	0	0	0	-0.811781	-0.270016	0.0752598	0	0	2.2979	0	0	0	0.119839	-0.0466237	1.35379
2014-01-13 00:00:00	-1.40901	0.0647356	0.313855	0	0.000382456	-0.00237763	0.0111637	0	0	0	0	0	0	0	0.0279916	-0.270135	0.0752634	0	0	2.16722	0	0	0	0.119924	-0.0423528	1.05666
2014-01-14 00:00:00	-1.40901	-0.00757328	0.273921	0	0.000122974	-0.00288966	0.011946	0	0	0	0	0	0	0	-0.0943695	-0.270155	0.0752548	0	0	2.00715	0	0	0	0.119975	-0.0403594	0.66402
2014-01-15 00:00:00	-11.9842	-0.00837363	0.352344	0	0.0043817	-0.0301938	0.0874583	0	0	0	0	0	0	0	5.2135	-0.271758	0.075603	0	0	2.26985	0	0	0	0.120335	-0.0410762	-4.21217
2014-01-16 00:00:00	-0.302252	-0.0456465	0.337518	0	-0.00512216	-0.00117983	0.00558842	0	0	0	0	0	0	0	-0.846683	-0.272185	0.0757172	0	0	2.32401	0	0	0	0.121098	-0.0443145	1.34654
2014-01-17 00:00:00	-0.502252	0.0218946	0.344275	0	-0.000208988	-0.000115447	0.00479074	0	0	0	0	0	0	0	-0.6236	-0.271884	0.0756448	0	0	2.07807	0	0	0	0.121032	-0.0415819	1.20606
2014-01-18 00:00:00	-3.18874	-0.00448761	0.361661	0	0.0016101	-0.00713507	0.0242366	0	0	0	0	0	0	0	0.764158	-0.272027	0.0756648	0	0	1.98103	0	0	0	0.121049	-0.0399229	-0.182904
2014-01-19 00:00:00	-3.60225	-0.00726851	0.357455	0	9.43162E-05	-0.00841594	0.027606	0	0	0	0	0	0	0	1.10071	-0.272403	0.0757391	0	0	1.97901	0	0	0	0.12117	-0.0401441	-0.268699
2014-01-20 00:00:00	-0.2	-0.163902	0.361464	0	-0.00169384	-0.000272165	0.00375065	0	0	0	0	0	0	0	-0.733389	-0.272323	0.0757282	0	0	1.8665	0	0	0	0.121306	-0.0393946	1.01777
2014-01-21 00:00:00	-1.8	0.148347	0.29584	0	0.00113381	-0.00319575	0.0132507	0	0	0	0	0	0	0	0.0793554	-0.272249	0.0757219	0	0	1.7409	0	0	0	0.121251	-0.0371236	0.363228
2014-01-22 00:00:00	-3.17523	-0.00249307	0.372027	0	0.000674764	-0.00725239	0.0243733	0	0	0	0	0	0	0	0.765366	-0.272443	0.0757816	0	0	1.72326	0	0	0	0.121274	-0.0365835	-0.411246
2014-01-23 00:00:00	-4.18874	-0.0118103	0.345132	0	0.000751573	-0.0100184	0.0312021	0	0	0	0	0	0	0	1.4803	-0.272789	0.0758944	0	0	1.78427	0	0	0	0.121326	-0.0376184	-0.682102
2014-01-24 00:00:00	-7.95497	-0.00175434	0.348229	0	0.00136957	-0.0198777	0.0598356	0	0	0	0	0	0	0	3.25101	-0.27388	0.0762062	0	0	2.00255	0	0	0	0.121718	-0.0391686	-2.42873
2014-01-25 00:00:00	-17.9977	-0.00471466	0.407655	0	0.00310886	-0.0538845	0.134698	0	0	0	0	0	0	0	8.81379	-0.277106	0.0768173	0	0	2.71152	0	0	0	0.122502	-0.0455329	-6.1089
2014-01-26 00:00:00	-3.98874	-0.012135	0.374573	0	-0.0041813	-0.0139118	0.0336941	0	0	0	0	0	0	0	0.866988	-0.279204	0.0771879	0	0	3.10147	0	0	0	0.123269	-0.0517436	0.22726
2014-01-27 00:00:00	-1.50225	-0.00524703	0.402476	0	-0.00170406	-0.00368715	0.0129464	0	0	0	0	0	0	0	-0.415455	-0.279462	0.0772179	0	0	2.85339	0	0	0	0.12348	-0.049904	1.2118
2014-01-28 00:00:00	-1.40901	0.00336887	0.398639	0	-0.000158126	-0.00250707	0.0120215	0	0	0	0	0	0	0	-0.357351	-0.279341	0.0772087	0	0	2.58576	0	0	0	0.12358	-0.0471185	1.1051
2014-01-29 00:00:00	-4.58874	-0.00520173	0.421314	0	0.00126568	-0.0107147	0.0338883	0	0	0	0	0	0	0	1.37566	-0.279732	0.0774062	0	0	2.47387	0	0	0	0.123805	-0.0459082	-0.423094
2014-01-30 00:00:00	0	-0.276569	0.291648	0	-0.0022024	-0.000348478	0.00460441	0	0	0	0	0	0	0	-1.01767	-0.279659	0.0773866	0	0	2.30107	0	0	0	0.12404	-0.0447821	1.17751
2014-01-31 00:00:00	-2.39324	0.265305	0.375768	0	0.00174664	-0.00416114	0.0152601	0	0	0	0	0	0	0	0.221503	-0.279769	0.0773685	0	0	2.07886	0	0	0	0.12398	-0.0431122	0.439505
2014-02-01 00:00:00	-20.3189	-0.00770386	0.440326	0	0.00602173	-0.058882	0.150418	0	0	0	0	0	0	0	10.3062	-0.282774	0.0779419	0	0	2.71479	0	0	0	0.125194	-0.0460992	-6.89353
2014-02-02 00:00:00	-1.2045	-0.0117158	0.466264	0	-0.00679613	-0.00566562	0.0132906	0	0	0	0	0	0	0	-0.702408	-0.284714	0.0783643	0	0	3.06569	0	0	0	0.126068	-0.0518775	1.48199
2014-02-03 00:00:00	0	-0.437123	0.476203	0	-0.00178111	-0.000243826	0.00517414	0	0	0	0	0	0	0	-1.10299	-0.28436	0.0783342	0	0	2.70253	0	0	0	0.126182	-0.0485948	1.51332
2014-02-04 00:00:00	-1.41801	0.429886	0.448505	0	0.00152504	-0.000819439	0.00619446	0	0	0	0	0	0	0	-0.464028	-0.284052	0.0782941	0	0	2.38038	0	0	0	0.126207	-0.0459561	1.25812
2014-02-05 00:00:00	-23.9279	-0.00191905	0.476295	0	0.00779778	-0.0696132	0.176446	0	0	0	0	0	0	0	12.0516	-0.287422	0.079342	0	0	3.11149	0	0	0	0.127312	-0.0492339	-8.30581
2014-02-06 00:00:00	-0.302252	-0.170552	0.479945	0	-0.00756539	-0.00426006	0.009277	0	0	0	0	0	0	0	-1.40831	-0.289594	0.0799949	0	0	3.52147	0	0	0	0.128638	-0.0564238	1.98037
2014-02-07 00:00:00	-0.302252	-0.115169	0.437612	0	-0.00172998	-0.000321968	0.00393619	0	0	0	0	0	0	0	-0.889756	-0.289115	0.079853	0	0	3.04971	0	0	0	0.128732	-0.0529629	2.04854
2014-02-08 00:00:00	-24.9054	0.270529	0.505256	0	0.00922425	-0.0726231	0.181489	0	0	0	0	0	0	0	11.9917	-0.292679	0.0805417	0	0	3.76371	0	0	0	0.130047	-0.0546245	-8.39281
2014-02-09 00:00:00	-8.30993	-0.00875168	0.51739	0	-0.00258756	-0.0285902	0.0667549	0	0	0	0	0	0	0	3.16034	-0.296238	0.0813769	0	0	4.58066	0	0	0	0.131469	-0.0637174	-0.171821
2014-02-10 00:00:00	-0.497748	-0.0467197	0.52103	0	-0.00564766	-0.00210294	0.00705728	0	0	0	0	0	0	0	-1.05037	-0.296228	0.0813471	0	0	4.09016	0	0	0	0.132215	-0.062517	2.87048
2014-02-11 00:00:00	-3.15947	0.0358852	0.503283	0	0.00175142	-0.00720032	0.0227298	0	0	0	0	0	0	0	0.127832	-0.296496	0.0812884	0	0	3.71401	0	0	0	0.132648	-0.0576897	1.09858
2014-02-12 00:00:00	-17.9144	-0.00853779	0.514623	0	0.0064988	-0.0530328	0.132267	0	0	0	0	0	0	0	8.24624	-0.299297	0.0819951	0	0	4.14538	0	0	0	0.133759	-0.0586492	-5.07319
2014-02-13 00:00:00	-14.4964	0.00217304	0.533929	0	-0.00255101	-0.047117	0.112382	0	0	0	0	0	0	0	5.96795	-0.303244	0.0829671	0	0	5.00993	0	0	0	0.135612	-0.0651179	-3.0695
2014-02-14 00:00:00	-17.9415	-0.00878078	0.562791	0	0.00910522	-0.0573567	0.136285	0	0	0	0	0	0	0	7.64513	-0.309699	0.0838744	0	0	5.9546	0	0	0	0.137436	-0.07248	-3.86055
2014-02-15 00:00:00	-9.74145	-0.0011682	0.591656	0	-0.00988493	-0.0323532	0.0770406	0	0	0	0	0	0	0	3.42579	-0.31446	0.0847002	0	0	6.28198	0	0	0	0.139614	-0.0763872	0.425068
2014-02-16 00:00:00	0	-0.506291	0.557116	0	-0.00610146	-0.00277737	0.00734217	0	0	0	0	0	0	0	-1.14157	-0.315398	0.0845451	0	0	5.58008	0	0	0	0.141065	-0.0747539	4.32326
2014-02-17 00:00:00	-2.38199	0.486883	0.648033	0	0.00229562	-0.00300157	0.0119533	0	0	0	0	0	0	0	-0.421412	-0.315351	0.0844087	0	0	4.78181	0	0	0	0.141778	-0.068407	2.967
2014-02-18 00:00:00	-3.17748	0.0035288	0.666203	0	0.000419891	-0.00725377	0.023237	0	0	0	0	0	0	0	-0.0439149	-0.315843	0.0845229	0	0	4.35283	0	0	0	0.142998	-0.0628222	1.66642
2014-02-19 00:00:00	-5.35947	-0.0109339	0.699473	0	0.000939011	-0.0141708	0.0384748	0	0	0	0	0	0	0	1.16982	-0.318302	0.0852007	0	0	4.05303	0	0	0	0.145322	-0.0606171	0.428772
2014-02-20 00:00:00	-6.15947	-0.00825705	0.712855	0	0.000623749	-0.0171852	0.0446145	0	0	0	0	0	0	0	1.82107	-0.321047	0.0862554	0	0	3.94095	0	0	0	0.146348	-0.0587997	0.187959
2014-02-21 00:00:00	-1.20901	0.00666956	0.683665	0	-0.00258484	-0.00260135	0.00980213	0	0	0	0	0	0	0	-0.963734	-0.321385	0.0870656	0	0	3.62149	0	0	0	0.147359	-0.0571318	1.99961
2014-02-22 00:00:00	-2.51126	-0.0183882	0.767605	0	0.000588177	-0.00481896	0.015853	0	0	0	0	0	0	0	0.087534	-0.324015	0.0872826	0	0	3.23671	0	0	0	0.148084	-0.0543884	1.43078
2014-02-23 00:00:00	-8.57748	-0.00567388	0.853793	0	0.00308189	-0.0231399	0.0605628	0	0	0	0	0	0	0	3.01534	-0.325478	0.0875347	0	0	3.28637	0	0	0	0.149386	-0.0528985	-1.52861
2014-02-24 00:00:00	-17.9279	0.00256429	0.73233	0	0.00369941	-0.0545003	0.132302	0	0	0	0	0	0	0	7.75287	-0.331017	0.0885479	0	0	4.12739	0	0	0	0.151564	-0.0568992	-5.37909
2014-02-25 00:00:00	-2.12477	-0.00937139	0.789841	0	-0.00664702	-0.00839904	0.0179268	0	0	0	0	0	0	0	-0.673346	-0.335499	0.0892846	0	0	4.22532	0	0	0	0.153327	-0.0623745	2.05529
2014-02-26 00:00:00	-2.51126	0.00932801	0.803768	0	0.000265807	-0.00632428	0.0177328	0	0	0	0	0	0	0	-0.381444	-0.33621	0.0895479	0	0	3.77908	0	0	0	0.153889	-0.0588676	1.5595
2014-02-27 00:00:00	-1.41801	-0.000663921	0.74733	0	-0.000497209	-0.00277038	0.00941164	0	0	0	0	0	0	0	-0.657231	-0.336816	0.0896138	0	0	3.3798	0	0	0	0.154238	-0.0559213	1.90848
2014-02-28 00:00:00	-0.404504	-0.235809	0.656279	0	-0.00193024	-0.000591476	0.00359223	0	0	0	0	0	0	0	-0.858287	-0.336902	0.0895413	0	0	2.96798	0	0	0	0.154717	-0.0521349	1.98195
2014-03-01 00:00:00	-2.21351	0.225306	0.707044	0	0.00186156	-0.00318941	0.0128229	0	0	0	0	0	0	0	-0.334107	-0.337532	0.0895212	0	0	2.68802	0	0	0	0.155098	-0.0481466	0.943186
2014-03-02 00:00:00	-4.22702	0.000934358	0.797616	0	0.00113213	-0.0104318	0.0288573	0	0	0	0	0	0	0	0.914184	-0.338246	0.089633	0	0	2.59145	0	0	0	0.155583	-0.047017	-0.0433263
2014-03-03 00:00:00	-0.302252	-0.432965	0.767505	0	-0.00352064	-0.0012759	0.00457744	0	0	0	0	0	0	0	-0.901512	-0.339765	0.0897796	0	0	2.4019	0	0	0	0.156035	-0.0462554	1.39226
2014-03-04 00:00:00	-0.2	-0.530881	0.807374	0	-0.00228335	-0.000383933	0.00387442	0	0	0	0	0	0	0	-0.829927	-0.339817	0.0896533	0	0	2.14609	0	0	0	0.156214	-0.0429174	1.257
2014-03-05 00:00:00	0	-0.424921	0.871525	0	-0.00795769	-0.000180972	0.00239049	0	0	0	0	0	0	0	-1.31928	-0.340367	0.0895451	0	0	1.8993	0	0	0	0.156307	-0.0405599	0.885804
2014-03-06 00:00:00	-2.51576	1.10946	1.06575	0	0.00561812	-0.00019048	0.00465445	0	0	0	0	0	0	0	-0.29279	-0.341117	0.0895113	0	0	1.77876	0	0	0	0.156227	-0.0378696	1.02225
2014-03-07 00:00:00	-6.84504	0.260486	0.898394	0	0.0087631	-0.0135631	0.0415857	0	0	0	0	0	0	0	2.25831	-0.341841	0.0896283	0	0	1.85943	0	0	0	0.156435	-0.0379547	-1.66537
2014-03-08 00:00:00	-0.2	-0.693005	0.972855	0	-0.00517569	-0.00147028	0.00447447	0	0	0	0	0	0	0	-0.960257	-0.343042	0.0897041	0	0	1.91155	0	0	0	0.156424	-0.0397589	0.892299
2014-03-09 00:00:00	-3.92477	0.689199	1.04927	0	0.0041108	-0.00543514	0.0188996	0	0	0	0	0	0	0	0.443134	-0.343668	0.089695	0	0	1.83252	0	0	0	0.156375	-0.0380507	-0.0287193
2014-03-10 00:00:00	-1.40901	-0.0132112	0.930764	0	-0.00127526	-0.00181799	0.0073982	0	0	0	0	0	0	0	-0.663662	-0.344425	0.0896948	0	0	1.79117	0	0	0	0.156318	-0.0378698	0.504074
2014-03-11 00:00:00	-0.2	-0.844944	1.14176	0	-0.00376063	-0.000209097	0.00105497	0	0	0	0	0	0	0	0.0809191	-0.346173	0.0895489	0	0	1.61204	0	0	0	0.156062	-0.0370128	1.64929
2014-03-12 00:00:00	0	-0.679248	1.38684	0	-0.0128159	-0.000209902	0.00449274	0	0	0	0	0	0	0	-1.88946	-0.346865	0.0895855	0	0	1.53115	0	0	0	0.156453	-0.0347548	0.205162
2014-03-13 00:00:00	-0.2	-0.173366	0.96837	0	-0.0087059	-6.29807E-05	0.00313326	0	0	0	0	0	0	0	-1.2521	-0.34634	0.0895907	0	0	1.37742	0	0	0	0.156331	-0.0328831	0.581392
2014-03-14 00:00:00	-0.2	-0.00780329	1.03712	0	-0.0126904	-4.22498E-05	0.00259918	0	0	0	0	0	0	0	-1.01112	-0.345936	0.089512	0	0	1.26561	0	0	0	0.156033	-0.0302551	0.943031
2014-03-15 00:00:00	-0.302252	-0.0065709	1.03627	0	-0.0078321	-1.33684E-05	0.00293558	0	0	0	0	0	0	0	-1.07415	-0.345361	0.0896148	0	0	1.16002	0	0	0	0.155701	-0.0283971	0.679956
2014-03-16 00:00:00	-0.502252	-0.00592492	1.12605	0	-0.00627737	0	0.00266391	0	0	0	0	0	0	0	-1.00468	-0.344737	0.0895263	0	0	1.07986	0	0	0	0.155334	-0.0272113	0.562345
2014-03-17 00:00:00	-0.502252	-0.00547333	1.07435	0	-0.00588658	0	0.00221222	0	0	0	0	0	0	0	-0.843712	-0.34416	0.0894258	0	0	1.01368	0	0	0	0.154954	-0.0263753	0.606765
2014-03-18 00:00:00	-2.21351	0.880893	1.22892	0	0.00018757	0	0.00370981	0	0	0	0	0	0	0	-0.423096	-0.343785	0.0893604	0	0	0.990832	0	0	0	0.154383	-0.0257961	0.342101
2014-03-19 00:00:00	0	-0.884713	1.31758	0	-0.00240365	0	0.00253027	0	0	0	0	0	0	0	-0.836713	-0.343292	0.0894136	0	0	0.981783	0	0	0	0.153872	-0.0257014	0.452361
2014-03-20 00:00:00	-11.2721	1.69584	1.21763	0	0.0628626	-0.00646947	0.0302575	0	0	0	0	0	0	0	4.28246	-0.343958	0.0895494	0	0	1.16556	0	0	0	0.153653	-0.0273793	-2.95205
2014-03-21 00:00:00	-4.83153	-0.0385847	1.13562	0	-0.000381877	-0.0103641	0.0299475	0	0	0	0	0	0	0	1.26884	-0.345409	0.0897311	0	0	1.57043	0	0	0	0.153508	-0.0335934	-1.01178
2014-03-22 00:00:00	-2.21351	0.0334894	1.05237	0	-0.00178816	-0.00379796	0.0134114	0	0	0	0	0	0	0	-0.492051	-0.34557	0.0902576	0	0	1.62299	0	0	0	0.153172	-0.0353242	-0.126347
2014-03-23 00:00:00	0	-0.92099	1.02729	0	-0.00460871	-0.000300881	0.000952326	0	0	0	0	0	0	0	0.105924	-0.344874	0.0901168	0	0	1.50199	0	0	0	0.152704	-0.0359512	1.57225
2014-03-24 00:00:00	0	-0.576007	1.29884	0	-0.0128884	-0.000109654	0.00449575	0	0	0	0	0	0	0	-1.96534	-0.345626	0.0900869	0	0	1.44251	0	0	0	0.152304	-0.0331934	0.0550696
2014-03-25 00:00:00	-0.302252	-0.164967	1.18848	0	-0.0109622	0	0.00213366	0	0	0	0	0	0	0	-1.29821	-0.345602	0.0899199	0	0	1.29024	0	0	0	0.152001	-0.0315196	0.569258
2014-03-26 00:00:00	-1.60901	0.455392	1.13278	0	0.000369544	0	0.00374311	0	0	0	0	0	0	0	-0.151951	-0.345325	0.0898639	0	0	1.24381	0	0	0	0.151368	-0.0295533	0.941483
2014-03-27 00:00:00	-2.51576	0.655624	1.26105	0	0.00818163	0	0.00334552	0	0	0	0	0	0	0	-0.231982	-0.344847	0.0897727	0	0	1.20996	0	0	0	0.150985	-0.0290781	0.257255
2014-03-28 00:00:00	-1.97748	0.256421	1.2656	0	0.00667129	0	0.00446511	0	0	0	0	0	0	0	-0.34898	-0.344509	0.0897002	0	0	1.20272	0	0	0	0.150455	-0.0286367	0.276421
2014-03-29 00:00:00	-2.99099	0.279983	1.37543	0	0.00982353	0	0.00820012	0	0	0	0	0	0	0	0.248704	-0.344328	0.0896035	0	0	1.21476	0	0	0	0.150053	-0.0289058	0.0123335
2014-03-30 00:00:00	0	-1.07962	1.36571	0	-0.00730467	0	0.00233489	0	0	0	0	0	0	0	-0.880063	-0.343962	0.0895328	0	0	1.20741	0	0	0	0.149632	-0.0288502	0.474824
2014-03-31 00:00:00	-0.195496	-0.465715	1.26368	0	-0.010854	0	0.0022513	0	0	0	0	0	0	0	-0.926318	-0.343419	0.0894379	0	0	1.14371	0	0	0	0.149034	-0.0280903	0.678223
2014-04-01 00:00:00	-15	1.55678	1.28906	0	0.0256939	-0.0260656	0.0820614	0	0	0	0	0	0	0	6.4485	-0.344581	0.0897217	0	0	1.45025	0	0	0	0.148872	-0.0309034	-4.31061
2014-04-02 00:00:00	0	-1.08574	1.38102	0	-0.0116305	-0.00240824	0.00569171	0	0	0	0	0	0	0	-1.48219	-0.345417	0.0898984	0	0	1.78366	0	0	0	0.148756	-0.037551	0.444099
2014-04-03 00:00:00	-1.6045	0.108881	1.51061	0	-0.000424002	-0.000373992	0.00386421	0	0	0	0	0	0	0	-0.676418	-0.344853	0.0897748	0	0	1.64336	0	0	0	0.148263	-0.036147	0.842031
2014-04-04 00:00:00	-4.6045	0.975346	1.56241	0	0.00834362	-0.00230844	0.0146397	0	0	0	0	0	0	0	0.681481	-0.344656	0.0897109	0	0	1.5845	0	0	0	0.14786	-0.0354512	0.0773726
2014-04-05 00:00:00	-1.1955	-0.388147	1.62481	0	-0.00312295	-0.000304939	0.00377042	0	0	0	0	0	0	0	-0.958257	-0.344354	0.0896361	0	0	1.55231	0	0	0	0.147597	-0.0351529	0.49329
2014-04-06 00:00:00	-0.4	-0.886583	1.71017	0	-0.008856	0	0.00268044	0	0	0	0	0	0	0	-0.788642	-0.343724	0.0895017	0	0	1.43922	0	0	0	0.147085	-0.033732	0.927118
2014-04-07 00:00:00	-5.8	1.28338	1.42644	0	0.0125961	-0.00420213	0.0206582	0	0	0	0	0	0	0	1.25699	-0.343695	0.0894865	0	0	1.44605	0	0	0	0.14665	-0.0328244	-0.498483
2014-04-08 00:00:00	-1.2	-0.365291	1.58417	0	-0.003287	-0.000358108	0.00435491	0	0	0	0	0	0	0	-0.789375	-0.343439	0.0894366	0	0	1.46779	0	0	0	0.146353	-0.0338018	0.556552
2014-04-09 00:00:00	-5.01351	0.329388	1.79657	0	0.00327752	-0.00616414	0.0222167	0	0	0	0	0	0	0	1.21616	-0.343371	0.0894247	0	0	1.49161	0	0	0	0.145907	-0.0335455	-0.30204
2014-04-10 00:00:00	-0.795496	-0.732117	1.62733	0	-0.00514465	-0.000474945	0.00412856	0	0	0	0	0	0	0	-0.787369	-0.343047	0.0893641	0	0	1.48199	0	0	0	0.145569	-0.0338691	0.650856
2014-04-11 00:00:00	0	-0.740235	1.44841	0	-0.0129053	-6.51435E-06	0.00189246	0	0	0	0	0	0	0	-1.35275	-0.342349	0.0892177	0	0	1.35946	0	0	0	0.145247	-0.0322926	0.563685
2014-04-12 00:00:00	-0.404504	-0.162574	1.61657	0	-0.016262	0	0.0019067	0	0	0	0	0	0	0	-0.929738	-0.341889	0.0891168	0	0	1.26	0	0	0	0.144659	-0.0302077	1.22709
2014-04-13 00:00:00	-3.50676	1.19178	1.65484	0	0.0101875	0	0.00470266	0	0	0	0	0	0	0	0.0206435	-0.341397	0.0890138	0	0	1.18974	0	0	0	0.144228	-0.0286468	0.428333
2014-04-14 00:00:00	0	-1.19577	1.70632	0	-0.0106129	0	0.0015097	0	0	0	0	0	0	0	-0.851383	-0.340838	0.0889069	0	0	1.16092	0	0	0	0.143895	-0.0283966	0.674552
2014-04-15 00:00:00	0	-0.0160538	1.77238	0	-0.0160646	0	0.000497811	0	0	0	0	0	0	0	-1.84897	-0.339827	0.0886908	0	0	1.01863	0	0	0	0.143509	-0.0277404	0.775049
2014-04-16 00:00:00	0	-0.0145443	1.60298	0	-0.0128006	0	0.00162357	0	0	0	0	0	0	0	-1.01697	-0.339351	0.0885808	0	0	0.938184	0	0	0	0.143181	-0.0259185	1.36497
2014-04-17 00:00:00	-1.39099	-0.00725868	1.70882	0	0.000295522	0	0.00321811	0	0	0	0	0	0	0	-0.517859	-0.338607	0.0884257	0	0	0.887614	0	0	0	0.142662	-0.0239145	0.552407
2014-04-18 00:00:00	0	-0.0182293	2.61507	0	-0.00123056	0	0.000297011	0	0	0	0	0	0	0	-2.0018	-0.338	0.0883051	0	0	0.805188	0	0	0	0.142052	-0.0224157	1.26924
2014-04-19 00:00:00	-0.2	0	2.30055	0	0.000140741	0	9.88493E-05	0	0	0	0	0	0	0	-1.91031	-0.336854	0.0880579	0	0	0.636383	0	0	0	0.141854	-0.0207085	0.69921
2014-04-20 00:00:00	0	0	1.95494	0	-0.00249196	0	0.000652681	0	0	0	0	0	0	0	-1.37229	-0.336457	0.0879673	0	0	0.593683	0	0	0	0.141415	-0.0185135	1.0489
2014-04-21 00:00:00	0	0	1.70884	0	-0.00302225	0	0	0	0	0	0	0	0	0	-1.02855	-0.335328	0.0877392	0	0	0.535908	0	0	0	0.140912	-0.0178215	1.08867
2014-04-22 00:00:00	-1.98649	0.0701867	1.97592	0	0.00205529	0	0.00135347	0	0	0	0	0	0	0	-0.392704	-0.334912	0.0876506	0	0	0.561779	0	0	0	0.140721	-0.0168489	0.108709
2014-04-23 00:00:00	-0.4	-0.0701867	1.98637	0	-0.00104886	0	0.000709201	0	0	0	0	0	0	0	-1.32596	-0.334161	0.0875157	0	0	0.554764	0	0	0	0.139765	-0.0173987	0.620366
2014-04-24 00:00:00	-0.8	0	1.90862	0	-2.30002E-05	0	0.00124557	0	0	0	0	0	0	0	-0.99497	-0.333366	0.0873754	0	0	0.547149	0	0	0	0.139184	-0.0171646	0.538051
2014-04-25 00:00:00	-8.77298	1.67832	1.90707	0	0.00171057	0	0.010714	0	0	0	0	0	0	0	2.70246	-0.333768	0.0874748	0	0	0.683171	0	0	0	0.138554	-0.0180025	-1.91528
2014-04-26 00:00:00	-6.97748	-0.0051774	2.21307	0	0.0215982	0	0.00742777	0	0	0	0	0	0	0	2.21844	-0.334305	0.0876003	0	0	0.961509	0	0	0	0.138388	-0.0234958	-1.69242
2014-04-27 00:00:00	-2.0045	-0.11866	2.15533	0	0.000978908	0	0.00320829	0	0	0	0	0	0	0	-0.644514	-0.334096	0.0875725	0	0	1.07694	0	0	0	0.137926	-0.0266513	0.333531
2014-04-28 00:00:00	-1	-0.941712	2.07834	0	0.000581133	0	0.00198846	0	0	0	0	0	0	0	-0.384217	-0.333448	0.0874544	0	0	1.05012	0	0	0	0.137427	-0.0264945	0.670045
2014-04-29 00:00:00	0	-0.594382	2.44158	0	-0.0153754	0	0.000187146	0	0	0	0	0	0	0	-1.76448	-0.332475	0.0872511	0	0	0.9496	0	0	0	0.137044	-0.026214	0.882731
2014-04-30 00:00:00	-6.3955	1.68493	2.10173	0	0.0225426	0	0.0061248	0	0	0	0	0	0	0	1.41109	-0.332552	0.0872595	0	0	0.982098	0	0	0	0.136737	-0.0251833	-0.320727
2014-05-01 00:00:00	-2.02702	-0.0718247	1.85653	0	0.00229971	0	0.0031046	0	0	0	0	0	0	0	-0.28658	-0.332273	0.0872245	0	0	1.04667	0	0	0	0.136402	-0.0262135	0.388319
2014-05-02 00:00:00	-0.781986	-1.02558	2.04874	0	-0.00247569	0	0.00262605	0	0	0	0	0	0	0	-0.609525	-0.331753	0.0871289	0	0	1.03114	0	0	0	0.13587	-0.026215	0.527973
2014-05-03 00:00:00	0	-0.593465	1.91766	0	-0.0130168	0	0.000166353	0	0	0	0	0	0	0	-1.24345	-0.330762	0.086921	0	0	0.948996	0	0	0	0.13548	-0.0259933	0.882538
2014-05-04 00:00:00	-1.2045	-0.0102089	2.24497	0	-0.0114172	0	0.0013471	0	0	0	0	0	0	0	-0.801689	-0.330389	0.0868457	0	0	0.898345	0	0	0	0.13534	-0.0248448	0.983795
2014-05-05 00:00:00	-0.195496	-0.00223266	2.1873	0	-0.00436908	0	8.81377E-05	0	0	0	0	0	0	0	-1.43283	-0.329492	0.08665	0	0	0.798954	0	0	0	0.134839	-0.02324	1.22017
2014-05-06 00:00:00	-1.00901	0	2.2852	0	1.64214E-05	0	0	0	0	0	0	0	0	0	-1.26395	-0.328876	0.0865414	0	0	0.74547	0	0	0	0.134514	-0.0214087	0.628506
2014-05-07 00:00:00	-9.65855	1.75177	2.25609	0	0.0357913	0	0.0103915	0	0	0	0	0	0	0	2.9216	-0.329334	0.0866381	0	0	0.871884	0	0	0	0.133822	-0.0216079	-1.9415
2014-05-08 00:00:00	-5.77748	-0.0189817	2.42065	0	0.0257743	0	0.0132927	0	0	0	0	0	0	0	1.33852	-0.329705	0.0867414	0	0	1.13043	0	0	0	0.133679	-0.0268111	-1.00389
2014-05-09 00:00:00	-1.4045	-0.844001	2.37854	0	-0.00489152	0	0.00262959	0	0	0	0	0	0	0	-0.595424	-0.329312	0.0866796	0	0	1.18211	0	0	0	0.133364	-0.0282884	0.576906
2014-05-10 00:00:00	-10.3955	0.891921	2.29354	0	0.0101891	-0.0133331	0.0503825	0	0	0	0	0	0	0	3.52956	-0.329766	0.0867825	0	0	1.33708	0	0	0	0.13309	-0.0294392	-2.43549
2014-05-11 00:00:00	-2.40901	-0.0234309	2.30843	0	-0.00354703	-0.000506519	0.00512056	0	0	0	0	0	0	0	-0.604434	-0.329817	0.0868157	0	0	1.47799	0	0	0	0.132908	-0.0332466	0.607281
2014-05-12 00:00:00	-2.41801	0.00314908	2.24778	0	-0.000456742	0	0.00381185	0	0	0	0	0	0	0	-0.401508	-0.32926	0.0867165	0	0	1.39785	0	0	0	0.132608	-0.0317726	0.690902
2014-05-13 00:00:00	0	-1.69597	3.24061	0	-0.0276501	0	0.00113025	0	0	0	0	0	0	0	-1.63042	-0.328712	0.0866047	0	0	1.29664	0	0	0	0.132295	-0.0304003	1.04413
2014-05-14 00:00:00	0	-0.0266739	3.0421	0	-0.0321921	0	0.000187373	0	0	0	0	0	0	0	-2.3174	-0.327902	0.0864229	0	0	1.07774	0	0	0	0.132081	-0.0283867	1.60597
2014-05-15 00:00:00	-0.595496	-0.0178694	2.41202	0	-0.00350243	0	0.000123275	0	0	0	0	0	0	0	-1.07447	-0.326946	0.0862147	0	0	0.905042	0	0	0	0.131878	-0.0261316	1.49086
2014-05-16 00:00:00	0	-0.0199469	2.52093	0	-0.00120621	0	0.000147062	0	0	0	0	0	0	0	-2.14817	-0.326407	0.0860375	0	0	0.788115	0	0	0	0.131886	-0.0238613	1.00753
2014-05-17 00:00:00	-0.2	0	2.48772	0	-0.00246411	0	0	0	0	0	0	0	0	0	-1.62455	-0.325651	0.0859144	0	0	0.694031	0	0	0	0.131401	-0.0211912	1.22521
2014-05-18 00:00:00	0	0	2.31859	0	-0.00224024	0	0	0	0	0	0	0	0	0	-1.85488	-0.324862	0.0857908	0	0	0.617746	0	0	0	0.131071	-0.019598	0.951611
2014-05-19 00:00:00	0	0	2.83742	0	-0.00115212	0	0	0	0	0	0	0	0	0	-2.19805	-0.324056	0.0856693	0	0	0.536064	0	0	0	0.130722	-0.0183723	1.04824
2014-05-20 00:00:00	-2.56622	0.0143177	2.65926	0	0.00244831	0	0	0	0	0	0	0	0	0	-0.230541	-0.323351	0.085591	0	0	0.553207	0	0	0	0.130169	-0.016706	0.308168
2014-05-21 00:00:00	-0.590993	-0.0143177	2.54656	0	-0.000305733	0	0	0	0	0	0	0	0	0	-1.63286	-0.322714	0.0854561	0	0	0.530519	0	0	0	0.12968	-0.0170783	0.713944
2014-05-22 00:00:00	-3.80225	1.11247	2.44317	0	0.0022612	0	0.00141197	0	0	0	0	0	0	0	-0.175203	-0.322339	0.0853788	0	0	0.557285	0	0	0	0.129185	-0.0166903	0.0146742
2014-05-23 00:00:00	-0.204504	-1.11247	2.15984	0	-7.1504E-05	0	0.00133907	0	0	0	0	0	0	0	-0.799839	-0.321739	0.0853292	0	0	0.586899	0	0	0	0.128547	-0.0177169	0.505614
2014-05-24 00:00:00	-0.0562948	0.00203076	2.08548	0	2.72614E-05	0	2.76416E-05	0	0	0	0	0	0	0	-1.87709	-0.32069	0.0851248	0	0	0.55315	0	0	0	0.128304	-0.0177505	0.582323
2014-05-25 00:00:00	-8.64053	1.79153	2.69876	0	7.99648E-05	0	0.00670367	0	0	0	0	0	0	0	2.46154	-0.320982	0.0851683	0	0	0.632502	0	0	0	0.127941	-0.0175607	-1.17485
2014-05-26 00:00:00	-1.90901	-0.767542	2.78447	0	4.31604E-05	0	0.00244021	0	0	0	0	0	0	0	-0.559468	-0.320738	0.085138	0	0	0.760651	0	0	0	0.127785	-0.0202673	0.183503
2014-05-27 00:00:00	-0.904504	-0.96114	2.67321	0	-0.00011899	0	0.000490434	0	0	0	0	0	0	0	-0.863717	-0.320205	0.0850374	0	0	0.764511	0	0	0	0.127305	-0.0207081	0.580164
2014-05-28 00:00:00	-7.73603	1.76105	2.78351	0	9.2743E-05	0	0.00609968	0	0	0	0	0	0	0	1.64053	-0.320088	0.0850194	0	0	0.820012	0	0	0	0.12696	-0.0210404	-0.853887
2014-05-29 00:00:00	0	-1.69361	2.56399	0	-0.000270149	0	0.000720811	0	0	0	0	0	0	0	-1.08467	-0.319797	0.0849745	0	0	0.89413	0	0	0	0.126764	-0.0231952	0.549047
2014-05-30 00:00:00	0	-0.118799	2.41976	0	-0.00189862	0	0	0	0	0	0	0	0	0	-1.62962	-0.318874	0.0846719	0	0	0.781514	0	0	0	0.12643	-0.0229339	1.32024
2014-05-31 00:00:00	0	-0.0135053	3.33019	0	-0.00176993	0	0	0	0	0	0	0	0	0	-2.97995	-0.318375	0.0845392	0	0	0.650243	0	0	0	0.1263	-0.0210349	0.856642
2014-06-01 00:00:00	-0.902252	0	2.75254	0	0.00018149	0	0	0	0	0	0	0	0	0	-1.45394	-0.31741	0.0843609	0	0	0.583977	0	0	0	0.125785	-0.0188516	0.854391
2014-06-02 00:00:00	-1.2	0	2.80728	0	0.000196102	0	0	0	0	0	0	0	0	0	-1.48311	-0.316875	0.0842333	0	0	0.547754	0	0	0	0.125452	-0.0178014	0.547132
2014-06-03 00:00:00	-3.48424	0.500216	2.93792	0	0.00331423	0	0	0	0	0	0	0	0	0	-0.567152	-0.316435	0.084184	0	0	0.57223	0	0	0	0.125071	-0.01692	-0.161805
2014-06-04 00:00:00	0	-0.500216	2.36206	0	-0.000908502	0	0	0	0	0	0	0	0	0	-1.37717	-0.316004	0.0840995	0	0	0.564234	0	0	0	0.124484	-0.0174958	0.923084
2014-06-05 00:00:00	-1.30225	0	2.62755	0	0.000919418	0	0	0	0	0	0	0	0	0	-1.31686	-0.315108	0.0839334	0	0	0.527345	0	0	0	0.124304	-0.0168489	0.412983
2014-06-06 00:00:00	0	0	2.50193	0	-0.00291512	0	0	0	0	0	0	0	0	0	-1.60966	-0.31432	0.0836674	0	0	0.475527	0	0	0	0.123677	-0.016453	1.24145
2014-06-07 00:00:00	-6.37298	1.61434	2.96806	0	0.00310983	0	0.00114444	0	0	0	0	0	0	0	0.577394	-0.31455	0.0836887	0	0	0.545129	0	0	0	0.123798	-0.0152947	-0.786157
2014-06-08 00:00:00	-0.2	-1.61434	2.88721	0	-1.0756E-05	0	0.00144329	0	0	0	0	0	0	0	-1.17464	-0.314091	0.0836096	0	0	0.565304	0	0	0	0.122958	-0.0168839	0.340564
2014-06-09 00:00:00	-5.37298	1.55007	3.1009	0	7.50678E-06	0	0.0025704	0	0	0	0	0	0	0	0.305618	-0.313766	0.0835202	0	0	0.587657	0	0	0	0.122505	-0.017444	0.0486687
2014-06-10 00:00:00	-3.19099	0.0371445	3.06857	0	5.05723E-05	0	0.00267977	0	0	0	0	0	0	0	-0.256267	-0.313349	0.0834509	0	0	0.63565	0	0	0	0.122104	-0.0184162	0.170622
2014-06-11 00:00:00	0	-1.58722	2.86774	0	-0.000666666	0	0.000554201	0	0	0	0	0	0	0	-1.31425	-0.312797	0.0833176	0	0	0.648013	0	0	0	0.121698	-0.0188491	0.487538
2014-06-12 00:00:00	0	0	2.58504	0	-0.00068877	0	0	0	0	0	0	0	0	0	-2.21113	-0.311678	0.083114	0	0	0.560272	0	0	0	0.121395	-0.0185695	0.807761
2014-06-13 00:00:00	-2.2045	0	3.2489	0	-0.0010948	0	0	0	0	0	0	0	0	0	-0.578655	-0.310919	0.0829866	0	0	0.539024	0	0	0	0.120964	-0.0171286	0.879575
2014-06-14 00:00:00	-0.2	0	2.79436	0	-0.00146474	0	0	0	0	0	0	0	0	0	-2.55273	-0.310495	0.0828102	0	0	0.476048	0	0	0	0.120903	-0.0167335	0.392702
2014-06-15 00:00:00	0	0	2.52782	0	-0.00114638	0	0	0	0	0	0	0	0	0	-2.13463	-0.30987	0.0826561	0	0	0.417807	0	0	0	0.120272	-0.0152906	0.687616
2014-06-16 00:00:00	0	0	2.6847	0	-6.85558E-05	0	0	0	0	0	0	0	0	0	-2.19458	-0.309169	0.0824062	0	0	0.365807	0	0	0	0.119944	-0.0141551	0.734892
2014-06-17 00:00:00	0	0	3.31622	0	-9.78362E-05	0	0	0	0	0	0	0	0	0	-2.6585	-0.308481	0.0822672	0	0	0.292428	0	0	0	0.119618	-0.0130679	0.830395
2014-06-18 00:00:00	0	0	2.90447	0	-1.82427E-05	0	0	0	0	0	0	0	0	0	-2.4371	-0.30767	0.0821466	0	0	0.242742	0	0	0	0.11929	-0.0117945	0.592064
2014-06-19 00:00:00	0	0	2.4909	0	0	0	0	0	0	0	0	0	0	0	-2.0696	-0.306919	0.0820342	0	0	0.219701	0	0	0	0.118706	-0.0110401	0.52378
2014-06-20 00:00:00	0	0	2.82372	0	0	0	0	0	0	0	0	0	0	0	-2.32805	-0.306264	0.081847	0	0	0.196598	0	0	0	0.118276	-0.0106769	0.57545
2014-06-21 00:00:00	0	0	2.46707	0	0	0	0	0	0	0	0	0	0	0	-2.19301	-0.305473	0.0817041	0	0	0.180895	0	0	0	0.11785	-0.0103039	0.338736
2014-06-22 00:00:00	0	0	2.42119	0	0	0	0	0	0	0	0	0	0	0	-2.15247	-0.304102	0.081593	0	0	0.170611	0	0	0	0.117157	-0.0100557	0.323924
2014-06-23 00:00:00	0	0	2.40238	0	0	0	0	0	0	0	0	0	0	0	-1.97099	-0.303749	0.081431	0	0	0.166167	0	0	0	0.116728	-0.00988608	0.482082
2014-06-24 00:00:00	0	0	2.42588	0	0	0	0	0	0	0	0	0	0	0	-2.11915	-0.303061	0.0812564	0	0	0.161063	0	0	0	0.116289	-0.00979599	0.352482
2014-06-25 00:00:00	0	0	2.2584	0	0	0	0	0	0	0	0	0	0	0	-1.83715	-0.302455	0.0811177	0	0	0.159308	0	0	0	0.115701	-0.00969862	0.465214
2014-06-26 00:00:00	0	0	2.35663	0	0	0	0	0	0	0	0	0	0	0	-1.93267	-0.301842	0.0808566	0	0	0.157311	0	0	0	0.114738	-0.00965565	0.465376
2014-06-27 00:00:00	0	0	1.97897	0	0	0	0	0	0	0	0	0	0	0	-1.76274	-0.301284	0.0806457	0	0	0.161229	0	0	0	0.114294	-0.00960785	0.261509
2014-06-28 00:00:00	0	0	2.14927	0	0	0	0	0	0	0	0	0	0	0	-1.80922	-0.300589	0.080532	0	0	0.162895	0	0	0	0.113671	-0.00966865	0.386883
2014-06-29 00:00:00	0	0	2.17345	0	0	0	0	0	0	0	0	0	0	0	-1.86716	-0.299991	0.0803882	0	0	0.163119	0	0	0	0.113221	-0.00969002	0.353343
2014-06-30 00:00:00	0	0	2.59043	0	0	0	0	0	0	0	0	0	0	0	-2.23501	-0.299322	0.0802541	0	0	0.154255	0	0	0	0.112423	-0.00968566	0.393345
2014-07-01 00:00:00	0	0	3.31603	0	0	0	0	0	0	0	0	0	0	0	-2.76684	-0.298585	0.0799681	0	0	0.132449	0	0	0	0.111992	-0.00951219	0.565501
2014-07-02 00:00:00	0	0	2.2385	0	0	0	0	0	0	0	0	0	0	0	-1.92622	-0.297916	0.0798844	0	0	0.128567	0	0	0	0.11158	-0.00909593	0.325295
2014-07-03 00:00:00	0	0	2.25018	0	0	0	0	0	0	0	0	0	0	0	-1.9613	-0.297127	0.0797389	0	0	0.129243	0	0	0	0.111148	-0.00902318	0.302852
2014-07-04 00:00:00	0	0	2.28627	0	0	0	0	0	0	0	0	0	0	0	-1.98184	-0.296491	0.0795848	0	0	0.12923	0	0	0	0.110477	-0.00902986	0.318207
2014-07-05 00:00:00	0	0	2.11444	0	0	0	0	0	0	0	0	0	0	0	-1.79614	-0.295799	0.0794517	0	0	0.131162	0	0	0	0.110042	-0.00902006	0.334143
2014-07-06 00:00:00	-3.61126	0.473401	3.05629	0	-8.14542E-13	0	0	0	0	0	0	0	0	0	-0.163534	-0.295263	0.0793216	0	0	0.166644	0	0	0	0.10938	-0.00904899	-0.19407
2014-07-07 00:00:00	0	-0.473401	2.51571	0	0	0	0	0	0	0	0	0	0	0	-1.79528	-0.29454	0.0790555	0	0	0.174019	0	0	0	0.108912	-0.00971499	0.30476
2014-07-08 00:00:00	-7.42252	2.06259	2.96066	0	-5.11621E-06	0	0	0	0	0	0	0	0	0	1.56894	-0.294413	0.0790119	0	0	0.213994	0	0	0	0.108428	-0.0100543	-0.733366
2014-07-09 00:00:00	0	-2.06259	4.11557	0	0	0	0	0	0	0	0	0	0	0	-1.91878	-0.293975	0.0789033	0	0	0.261889	0	0	0	0.108233	-0.0112366	0.278016
2014-07-10 00:00:00	0	0	4.2581	0	0	0	0	0	0	0	0	0	0	0	-3.75918	-0.292699	0.0786487	0	0	0.202145	0	0	0	0.107937	-0.0112152	0.583733
2014-07-11 00:00:00	0	0	3.26568	0	0	0	0	0	0	0	0	0	0	0	-2.34533	-0.291734	0.0786469	0	0	0.167089	0	0	0	0.107518	-0.0103689	0.971495
2014-07-12 00:00:00	-3.71126	0.0941615	3.56735	0	2.87615E-09	0	0	0	0	0	0	0	0	0	-0.481372	-0.291395	0.0783629	0	0	0.186517	0	0	0	0.107351	-0.00975034	-0.46003
2014-07-13 00:00:00	-4.81351	1.29574	3.32452	0	-2.44945E-11	0	0	0	0	0	0	0	0	0	-0.038897	-0.290667	0.0782575	0	0	0.228767	0	0	0	0.106562	-0.0100884	-0.119313
2014-07-14 00:00:00	-1.90676	-1.09766	3.10896	0	0	0	0	0	0	0	0	0	0	0	-0.315923	-0.290111	0.0781397	0	0	0.265324	0	0	0	0.105882	-0.0107669	-0.0629096
2014-07-15 00:00:00	0	-0.29224	2.33887	0	0	0	0	0	0	0	0	0	0	0	-2.0133	-0.289516	0.078052	0	0	0.263349	0	0	0	0.104662	-0.0113694	0.178505
2014-07-16 00:00:00	-2.70676	0	3.26676	0	-6.48259E-10	0	0	0	0	0	0	0	0	0	-0.403045	-0.288533	0.0777872	0	0	0.277548	0	0	0	0.104352	-0.0112738	0.316835
2014-07-17 00:00:00	0	0	2.76391	0	0	0	0	0	0	0	0	0	0	0	-2.67865	-0.288238	0.077588	0	0	0.254384	0	0	0	0.103777	-0.011424	0.22135
2014-07-18 00:00:00	0	0	2.38708	0	0	0	0	0	0	0	0	0	0	0	-1.95397	-0.287287	0.0772028	0	0	0.220432	0	0	0	0.103407	-0.011013	0.535857
2014-07-19 00:00:00	-2.80901	0	3.29727	0	1.8909E-11	0	0	0	0	0	0	0	0	0	-0.712239	-0.286827	0.0771127	0	0	0.233447	0	0	0	0.103395	-0.0106472	-0.107491
2014-07-20 00:00:00	0	0	2.3157	0	0	0	0	0	0	0	0	0	0	0	-2.12604	-0.285788	0.0770036	0	0	0.218993	0	0	0	0.10254	-0.0108544	0.291558
2014-07-21 00:00:00	0	0	2.60734	0	0	0	0	0	0	0	0	0	0	0	-2.29459	-0.285067	0.0768677	0	0	0.193028	0	0	0	0.102216	-0.010603	0.389192
2014-07-22 00:00:00	0	0	2.6795	0	0	0	0	0	0	0	0	0	0	0	-2.45304	-0.284263	0.0767569	0	0	0.168121	0	0	0	0.101904	-0.0101688	0.278807
2014-07-23 00:00:00	0	0	3.01716	0	0	0	0	0	0	0	0	0	0	0	-2.61656	-0.283578	0.0765158	0	0	0.141055	0	0	0	0.101598	-0.00972662	0.426458
2014-07-24 00:00:00	-0.2	0	2.70012	0	0	0	0	0	0	0	0	0	0	0	-2.27055	-0.282224	0.0764272	0	0	0.12548	0	0	0	0.101291	-0.00921519	0.241324
2014-07-25 00:00:00	0	0	2.85088	0	0	0	0	0	0	0	0	0	0	0	-2.33789	-0.281716	0.0762673	0	0	0.10779	0	0	0	0.100584	-0.0089096	0.507002
2014-07-26 00:00:00	-3.78199	0	4.42841	0	1.3853E-10	0	0	0	0	0	0	0	0	0	-0.693282	-0.280582	0.076085	0	0	0.124984	0	0	0	0.100288	-0.00854269	-0.0346244
2014-07-27 00:00:00	-6.94145	2.12758	3.10665	0	1.16871E-06	0	0	0	0	0	0	0	0	0	1.13963	-0.280494	0.0759912	0	0	0.157784	0	0	0	0.0997451	-0.00914499	-0.523701
2014-07-28 00:00:00	0	-2.12758	3.79704	0	0	0	0	0	0	0	0	0	0	0	-1.19764	-0.279711	0.0758226	0	0	0.201679	0	0	0	0.0996649	-0.00995589	0.55931
2014-07-29 00:00:00	0	0	2.29232	0	0	0	0	0	0	0	0	0	0	0	-2.2884	-0.279287	0.0756569	0	0	0.186047	0	0	0	0.0995496	-0.0103483	0.0755399
2014-07-30 00:00:00	-1.1955	0	2.6108	0	0	0	0	0	0	0	0	0	0	0	-1.3814	-0.278695	0.075528	0	0	0.187989	0	0	0	0.0984109	-0.0100673	0.107074
2014-07-31 00:00:00	-11.0018	1.98553	3.01801	0	-1.24822E-05	0	0	0	0	0	0	0	0	0	4.25624	-0.278683	0.0755479	0	0	0.309391	0	0	0	0.0978108	-0.0101016	-1.5481
2014-08-01 00:00:00	-0.4	-1.82316	2.80768	0	0	0	0	0	0	0	0	0	0	0	-0.471879	-0.277979	0.0753638	0	0	0.339838	0	0	0	0.0978631	-0.0121117	0.33562
2014-08-02 00:00:00	-13.4874	2.13889	2.95322	0	0.00415803	0	0	0	0	0	0	0	0	0	5.93848	-0.278124	0.0754246	0	0	0.474765	0	0	0	0.0974202	-0.0134326	-2.09661
2014-08-03 00:00:00	-4.60901	-0.0782347	2.90985	0	0.00656664	0	0	0	0	0	0	0	0	0	1.01979	-0.277673	0.0753659	0	0	0.577923	0	0	0	0.0974106	-0.0171457	-0.29516
2014-08-04 00:00:00	-0.204504	-2.05285	2.88805	0	-0.00727859	0	0	0	0	0	0	0	0	0	-0.911827	-0.277217	0.0752592	0	0	0.583961	0	0	0	0.0971425	-0.0178241	0.172913
2014-08-05 00:00:00	-0.395496	-0.163171	3.94645	0	-0.00338853	0	0	0	0	0	0	0	0	0	-2.66516	-0.276337	0.0749866	0	0	0.491194	0	0	0	0.0969298	-0.017521	1.08849
2014-08-06 00:00:00	-12.7955	2.3214	3.02152	0	0.046866	-0.00282455	0.00465981	0	0	0	0	0	0	0	4.7776	-0.276683	0.0750846	0	0	0.606336	0	0	0	0.0970253	-0.0162592	-2.14077
2014-08-07 00:00:00	-0.195496	-2.10142	2.84436	0	-0.0131328	-0.000427422	0.00104153	0	0	0	0	0	0	0	-0.488265	-0.276178	0.0750031	0	0	0.641983	0	0	0	0.0970197	-0.0188593	0.565636
2014-08-08 00:00:00	-8.29191	2.06355	2.99677	0	0.0327373	-0.00610484	0.00997833	0	0	0	0	0	0	0	1.94183	-0.275816	0.0749313	0	0	0.659366	0	0	0	0.0968514	-0.0187932	-0.716616
2014-08-09 00:00:00	0	-2.12046	2.74167	0	-0.0144691	-0.000270547	0.0015527	0	0	0	0	0	0	0	-0.938351	-0.275404	0.0748454	0	0	0.685592	0	0	0	0.096782	-0.0195509	0.231936
2014-08-10 00:00:00	-14.5865	2.24093	2.78827	0	0.0181968	-0.0224788	0.0632569	0	0	0	0	0	0	0	6.59714	-0.27555	0.0749046	0	0	0.786047	0	0	0	0.0967773	-0.0202872	-2.23928
2014-08-11 00:00:00	-2.79324	-0.197191	2.90313	0	-0.0036142	-0.00068953	0.00351709	0	0	0	0	0	0	0	-0.368025	-0.275427	0.0748982	0	0	0.890505	0	0	0	0.0970593	-0.0232378	0.307676
2014-08-12 00:00:00	-8.97748	0.207826	2.52343	0	0.00265514	-0.0159878	0.0453512	0	0	0	0	0	0	0	4.0882	-0.275302	0.0748928	0	0	0.943221	0	0	0	0.0969876	-0.0238849	-1.31009
2014-08-13 00:00:00	0	-2.23522	2.87872	0	-0.0158712	-0.00032683	0.00223951	0	0	0	0	0	0	0	-0.993302	-0.274989	0.0748316	0	0	0.968541	0	0	0	0.0970406	-0.0252648	0.476407
2014-08-14 00:00:00	-0.209007	-0.130678	2.60735	0	-0.0319721	0	0	0	0	0	0	0	0	0	-2.11984	-0.273708	0.0746945	0	0	0.856179	0	0	0	0.0969352	-0.0233367	0.846617
2014-08-15 00:00:00	-1.01801	-0.00839223	2.56371	0	-0.0148265	0	0	0	0	0	0	0	0	0	-1.19215	-0.273057	0.0745267	0	0	0.734102	0	0	0	0.0968232	-0.0215461	0.941177
2014-08-16 00:00:00	-2.21351	-0.00212246	2.68448	0	0.00105789	0	0	0	0	0	0	0	0	0	-1.29224	-0.272696	0.0740708	0	0	0.702233	0	0	0	0.0968476	-0.020032	-0.241916
2014-08-17 00:00:00	-1.6	-0.00831	2.55484	0	-0.00240342	0	0	0	0	0	0	0	0	0	-1.12087	-0.272134	0.0739028	0	0	0.671309	0	0	0	0.0962859	-0.0193177	0.373301
2014-08-18 00:00:00	-2.96848	0.455291	2.49589	0	0.000684406	0	0.000392505	0	0	0	0	0	0	0	-0.385767	-0.27148	0.0738445	0	0	0.644911	0	0	0	0.0961283	-0.0187768	0.122639
2014-08-19 00:00:00	-1.78649	-0.422205	2.59989	0	-4.53621E-05	0	0.000603427	0	0	0	0	0	0	0	-0.645652	-0.270903	0.0738047	0	0	0.633718	0	0	0	0.0958612	-0.0185664	0.260016
2014-08-20 00:00:00	-0.00450358	-0.063884	2.12684	0	-0.00138333	0	0	0	0	0	0	0	0	0	-2.30045	-0.26987	0.0736797	0	0	0.569933	0	0	0	0.0956504	-0.0183705	0.20764
2014-08-21 00:00:00	-14.045	2.50962	2.27965	0	0.0652699	-0.00592545	0.0207507	0	0	0	0	0	0	0	6.34907	-0.269574	0.0737216	0	0	0.701377	0	0	0	0.0952952	-0.0183106	-2.24409
2014-08-22 00:00:00	-2.41801	-0.0394079	2.23959	0	-0.00305087	-0.00106554	0.00425366	0	0	0	0	0	0	0	-0.392048	-0.269671	0.0737195	0	0	0.826964	0	0	0	0.0954197	-0.0217221	0.0949637
2014-08-23 00:00:00	-3	0.0307269	2.22416	0	0.000480985	-0.00183612	0.00624713	0	0	0	0	0	0	0	0.153588	-0.269222	0.07361	0	0	0.812346	0	0	0	0.0952079	-0.02139	0.103922
2014-08-24 00:00:00	0	-2.08648	2.31792	0	-0.00726377	-4.16662E-05	0.00169159	0	0	0	0	0	0	0	-0.687005	-0.268701	0.0733114	0	0	0.787457	0	0	0	0.0950183	-0.0211628	0.204746
2014-08-25 00:00:00	0	-0.36634	2.72194	0	-0.0347633	0	4.74896E-06	0	0	0	0	0	0	0	-2.22114	-0.268162	0.0731343	0	0	0.716241	0	0	0	0.0948462	-0.0203842	0.695377
2014-08-26 00:00:00	0	-0.0178016	2.39895	0	-0.0197773	0	0	0	0	0	0	0	0	0	-2.48886	-0.267088	0.073023	0	0	0.601097	0	0	0	0.0947198	-0.0192737	0.354986
2014-08-27 00:00:00	-0.2	-0.0218704	3.04293	0	-0.00534909	0	0	0	0	0	0	0	0	0	-1.92255	-0.265425	0.0728796	0	0	0.519939	0	0	0	0.0947709	-0.0179522	1.29737
2014-08-28 00:00:00	-1.3955	-0.0092554	2.49028	0	-2.36947E-06	0	0	0	0	0	0	0	0	0	-1.53645	-0.265167	0.0727798	0	0	0.492418	0	0	0	0.0947725	-0.0162735	-0.0724011
2014-08-29 00:00:00	-15.0135	2.57358	2.49425	0	0.0698221	-0.00680709	0.0202534	0	0	0	0	0	0	0	6.87795	-0.265654	0.0729119	0	0	0.695517	0	0	0	0.0941172	-0.0165708	-2.40415
2014-08-30 00:00:00	-0.2	-2.0733	2.48989	0	-0.00978617	-0.000561561	0.00289397	0	0	0	0	0	0	0	-0.667536	-0.265304	0.0728262	0	0	0.781925	0	0	0	0.0944605	-0.020934	0.204577
2014-08-31 00:00:00	-1.5955	-0.308994	2.39772	0	-0.00756513	0	0.000641733	0	0	0	0	0	0	0	-0.728982	-0.26437	0.0727857	0	0	0.748552	0	0	0	0.0942688	-0.020475	0.388081
2014-09-01 00:00:00	-0.795496	-0.149217	2.41397	0	-0.0208306	0	0	0	0	0	0	0	0	0	-1.65783	-0.263429	0.0727275	0	0	0.694662	0	0	0	0.0940675	-0.0198083	0.36882
2014-09-02 00:00:00	0	-0.0161678	2.20504	0	-0.0227258	0	0	0	0	0	0	0	0	0	-2.31501	-0.262929	0.0725282	0	0	0.61922	0	0	0	0.0939393	-0.0187758	0.355121
2014-09-03 00:00:00	-0.00450358	-0.0149414	2.14263	0	-0.00612475	0	0	0	0	0	0	0	0	0	-2.10494	-0.262041	0.0723157	0	0	0.537605	0	0	0	0.0937604	-0.0178298	0.435934
2014-09-04 00:00:00	0	-0.0149138	2.11982	0	-0.00240661	0	0	0	0	0	0	0	0	0	-1.63438	-0.261073	0.07213	0	0	0.483502	0	0	0	0.0935475	-0.0168702	0.839349
2014-09-05 00:00:00	-1.6	-0.0013593	2.0891	0	0.000938941	0	0	0	0	0	0	0	0	0	-1.06894	-0.260551	0.0719323	0	0	0.477603	0	0	0	0.093795	-0.0154933	-0.212975
2014-09-06 00:00:00	-0.2	0	1.88919	0	-0.000797698	0	0	0	0	0	0	0	0	0	-1.81743	-0.259788	0.0718246	0	0	0.450791	0	0	0	0.093226	-0.0153516	0.21167
2014-09-07 00:00:00	0	0	2.02256	0	-0.00062879	0	0	0	0	0	0	0	0	0	-2.05611	-0.258732	0.0715901	0	0	0.413964	0	0	0	0.0930208	-0.0147846	0.270874
2014-09-08 00:00:00	-0.2	0	2.32128	0	-6.75052E-05	0	0	0	0	0	0	0	0	0	-2.05968	-0.257816	0.0715616	0	0	0.377825	0	0	0	0.0928248	-0.0141276	0.3318
2014-09-09 00:00:00	0	0	1.78567	0	-3.65141E-05	0	0	0	0	0	0	0	0	0	-1.91797	-0.25736	0.071295	0	0	0.354909	0	0	0	0.0924113	-0.0135315	0.115391
2014-09-10 00:00:00	0	0	2.24814	0	0	0	0	0	0	0	0	0	0	0	-2.0801	-0.256911	0.0712055	0	0	0.324751	0	0	0	0.0922312	-0.0129198	0.386398
2014-09-11 00:00:00	0	0	2.16878	0	0	0	0	0	0	0	0	0	0	0	-2.02796	-0.256343	0.0710641	0	0	0.299224	0	0	0	0.0920408	-0.0123482	0.33446
2014-09-12 00:00:00	-0.00450358	0	1.81986	0	0	0	0	0	0	0	0	0	0	0	-1.68867	-0.255307	0.0707211	0	0	0.28576	0	0	0	0.0916593	-0.0119108	0.30761
2014-09-13 00:00:00	0	0	1.85437	0	0	0	0	0	0	0	0	0	0	0	-1.72316	-0.25442	0.0705969	0	0	0.274281	0	0	0	0.0914456	-0.0116855	0.301429
2014-09-14 00:00:00	0	0	1.50722	0	0	0	0	0	0	0	0	0	0	0	-1.67186	-0.253778	0.0705214	0	0	0.271882	0	0	0	0.0910263	-0.0114911	0.00351627
2014-09-15 00:00:00	-3.00901	1.08286	1.81437	0	1.47461E-09	0	0	0	0	0	0	0	0	0	-0.450649	-0.253429	0.0704463	0	0	0.300217	0	0	0	0.0907514	-0.0115388	-0.365981
2014-09-16 00:00:00	0	-1.08286	1.80742	0	0	0	0	0	0	0	0	0	0	0	-0.96545	-0.252936	0.0703268	0	0	0.332915	0	0	0	0.0903975	-0.0120652	-0.012251
2014-09-17 00:00:00	0	0	1.45384	0	0	0	0	0	0	0	0	0	0	0	-1.50501	-0.251965	0.0702351	0	0	0.327252	0	0	0	0.0901637	-0.0123846	0.172125
2014-09-18 00:00:00	0	0	1.60816	0	0	0	0	0	0	0	0	0	0	0	-1.6551	-0.25157	0.0698036	0	0	0.314721	0	0	0	0.0899559	-0.0122197	0.163742
2014-09-19 00:00:00	0	0	1.44829	0	0	0	0	0	0	0	0	0	0	0	-1.4742	-0.250541	0.069812	0	0	0.305197	0	0	0	0.0898506	-0.0120415	0.176367
2014-09-20 00:00:00	-3.2	1.16946	1.89175	0	4.35315E-09	0	0	0	0	0	0	0	0	0	0.240593	-0.250002	0.0696993	0	0	0.338674	0	0	0	0.0895471	-0.0118664	0.337855
2014-09-21 00:00:00	-0.00450358	-1.16946	1.75646	0	0	0	0	0	0	0	0	0	0	0	-1.18872	-0.249115	0.0695188	0	0	0.352658	0	0	0	0.0896542	-0.0125076	-0.356003
2014-09-22 00:00:00	0	0	1.59349	0	0	0	0	0	0	0	0	0	0	0	-1.54852	-0.248787	0.0694385	0	0	0.336342	0	0	0	0.088152	-0.0127739	0.277343
2014-09-23 00:00:00	-2.2045	0.388419	1.77771	0	8.29146E-10	0	0	0	0	0	0	0	0	0	-0.592129	-0.248085	0.0691569	0	0	0.359779	0	0	0	0.0879684	-0.0125046	-0.374193
2014-09-24 00:00:00	-0.4	-0.388419	1.3627	0	0	0	0	0	0	0	0	0	0	0	-0.759521	-0.247921	0.0690613	0	0	0.374664	0	0	0	0.0876258	-0.0132615	0.0849249
2014-09-25 00:00:00	-0.2	0	1.36214	0	0	0	0	0	0	0	0	0	0	0	-1.29942	-0.247302	0.0689285	0	0	0.371427	0	0	0	0.087547	-0.0133185	0.13
2014-09-26 00:00:00	-0.804504	0	1.38409	0	0	0	0	0	0	0	0	0	0	0	-1.05024	-0.246711	0.0687355	0	0	0.376714	0	0	0	0.087282	-0.0134628	-0.198097
2014-09-27 00:00:00	-0.00450358	0	1.09768	0	0	0	0	0	0	0	0	0	0	0	-0.720426	-0.246035	0.0685411	0	0	0.372111	0	0	0	0.0870133	-0.0133329	0.641045
2014-09-28 00:00:00	0	0	1.15689	0	0	0	0	0	0	0	0	0	0	0	-1.5192	-0.245717	0.068473	0	0	0.357613	0	0	0	0.0872291	-0.0131689	-0.107878
2014-09-29 00:00:00	0	0	1.12103	0	0	0	0	0	0	0	0	0	0	0	-1.19368	-0.245204	0.0683961	0	0	0.348659	0	0	0	0.0868175	-0.0128402	0.17318
2014-09-30 00:00:00	0	0	1.08856	0	0	0	0	0	0	0	0	0	0	0	-1.14783	-0.244709	0.0683095	0	0	0.341941	0	0	0	0.0866425	-0.0126605	0.180245
2014-10-01 00:00:00	-0.902252	0	1.58416	0	0	0	0	0	0	0	0	0	0	0	-0.925126	-0.244039	0.0681102	0	0	0.347353	0	0	0	0.0864655	-0.0125312	0.00214167
2014-10-02 00:00:00	-0.2	0	1.11137	0	0	0	0	0	0	0	0	0	0	0	-1.20318	-0.243334	0.0680403	0	0	0.347458	0	0	0	0.0862726	-0.0126285	-0.0460053
2014-10-03 00:00:00	-31.9865	2.76543	1.45294	0	0.0734827	-0.0175161	0.0552865	0	0	0	0	0	0	0	20.7249	-0.243927	0.0682583	0	0	0.759444	0	0	0	0.0861134	-0.018085	-6.28015
2014-10-04 00:00:00	-29.9324	0.00371407	1.16221	0	0.000178351	-0.0759965	0.206496	0	0	0	0	0	0	0	19.9598	-0.245098	0.0686109	0	0	1.88865	0	0	0	0.0866263	-0.035573	-6.91284
2014-10-05 00:00:00	-0.502252	-0.704691	1.26082	0	-0.00871216	-0.00108741	0.0034937	0	0	0	0	0	0	0	-0.673755	-0.245253	0.0686542	0	0	2.25851	0	0	0	0.0871577	-0.0426517	1.50023
2014-10-06 00:00:00	-0.502252	-0.647369	1.22566	0	-0.00230867	0	0.00115583	0	0	0	0	0	0	0	-0.672302	-0.244703	0.0685602	0	0	1.98786	0	0	0	0.0871918	-0.0395145	1.26198
2014-10-07 00:00:00	-0.702252	-0.48953	1.24878	0	-0.00176476	0	0.00122753	0	0	0	0	0	0	0	-0.599929	-0.244126	0.0684742	0	0	1.76279	0	0	0	0.0871971	-0.0369797	1.09388
2014-10-08 00:00:00	-0.990993	-0.268633	1.2886	0	-0.000960516	0	0.00125743	0	0	0	0	0	0	0	-0.595007	-0.243601	0.0683993	0	0	1.57857	0	0	0	0.0871753	-0.0348892	0.889918
2014-10-09 00:00:00	-0.2	-0.414843	1.08565	0	-0.00731228	0	0.000555638	0	0	0	0	0	0	0	-0.969318	-0.243043	0.0683168	0	0	1.41962	0	0	0	0.0871719	-0.032475	0.794323
2014-10-10 00:00:00	-0.2	-0.181174	1.04035	0	-0.00928696	0	0.000259778	0	0	0	0	0	0	0	-1.06025	-0.242456	0.0682275	0	0	1.27083	0	0	0	0.0871828	-0.0299518	0.743741
2014-10-11 00:00:00	0	-0.00731476	1.05212	0	-0.0138988	0	0	0	0	0	0	0	0	0	-1.24984	-0.241208	0.0681475	0	0	1.13652	0	0	0	0.0871563	-0.0281325	0.803554
2014-10-12 00:00:00	-14.955	2.71303	1.05315	0	0.0412	-0.0220692	0.0628763	0	0	0	0	0	0	0	7.21733	-0.241896	0.0682628	0	0	1.25065	0	0	0	0.0872925	-0.0282976	-2.75344
2014-10-13 00:00:00	-5.7955	-0.0113606	0.947814	0	-0.00145191	-0.0131499	0.0373641	0	0	0	0	0	0	0	2.81662	-0.242698	0.068407	0	0	1.49409	0	0	0	0.0877263	-0.0336002	-0.645735
2014-10-14 00:00:00	-0.2	-0.731794	0.995908	0	-0.00430772	-0.000347142	0.00232798	0	0	0	0	0	0	0	-0.512221	-0.24243	0.0683659	0	0	1.44185	0	0	0	0.0878832	-0.0329223	0.872313
2014-10-15 00:00:00	0	-0.899494	1.00602	0	-0.00316307	0	0.00141458	0	0	0	0	0	0	0	-0.608982	-0.241865	0.0682994	0	0	1.30699	0	0	0	0.0878828	-0.0305567	0.686548
2014-10-16 00:00:00	-2.6045	1.35055	1.08025	0	0.00412571	0	0.00122934	0	0	0	0	0	0	0	-0.329962	-0.241141	0.0682357	0	0	1.20702	0	0	0	0.0878179	-0.0288926	0.594733
2014-10-17 00:00:00	-3.1955	0.288428	1.17896	0	0.00203744	-0.00426234	0.0123488	0	0	0	0	0	0	0	0.552274	-0.24052	0.068189	0	0	1.16079	0	0	0	0.0877947	-0.0278722	-0.117325
2014-10-18 00:00:00	-11.955	-0.00982147	1.19214	0	0.00311896	-0.0281157	0.0781743	0	0	0	0	0	0	0	6.88338	-0.241191	0.0684207	0	0	1.34385	0	0	0	0.0880343	-0.0303471	-2.60732
2014-10-19 00:00:00	-4.18199	0.01525	1.11406	0	-0.00281527	-0.00844344	0.0246952	0	0	0	0	0	0	0	1.38034	-0.24182	0.0685159	0	0	1.49524	0	0	0	0.0885354	-0.033725	-0.282158
2014-10-20 00:00:00	-2.38649	-0.0276597	1.02244	0	-0.000308982	-0.00380286	0.0113229	0	0	0	0	0	0	0	0.47521	-0.24164	0.0684994	0	0	1.44277	0	0	0	0.0886986	-0.0329767	0.41606
2014-10-21 00:00:00	-1.5955	0.0178893	0.870557	0	-0.000591771	-0.00193461	0.00681441	0	0	0	0	0	0	0	-0.174348	-0.241281	0.0684464	0	0	1.35348	0	0	0	0.0887505	-0.0313447	0.360946
2014-10-22 00:00:00	0	-0.834521	0.909908	0	-0.0026876	-6.96732E-05	0.000960921	0	0	0	0	0	0	0	-0.310614	-0.240773	0.0683621	0	0	1.24657	0	0	0	0.0887307	-0.0302442	0.89562
2014-10-23 00:00:00	-2.2045	0.805187	1.00532	0	0.0031159	-0.000596899	0.00305405	0	0	0	0	0	0	0	-0.517097	-0.240267	0.0682794	0	0	1.14813	0	0	0	0.0887113	-0.0285448	0.130791
2014-10-24 00:00:00	-0.702252	-0.194592	0.892506	0	-0.000806629	-0.000143098	0.00177765	0	0	0	0	0	0	0	-0.467177	-0.239751	0.0682089	0	0	1.0763	0	0	0	0.0885076	-0.0274331	0.495145
2014-10-25 00:00:00	-0.4	-0.457749	0.911645	0	-0.00177986	0	0.000813996	0	0	0	0	0	0	0	-0.287095	-0.239172	0.0680273	0	0	1.00312	0	0	0	0.0885172	-0.0263627	0.659961
2014-10-26 00:00:00	-8.57748	0.640231	0.939447	0	0.00434716	-0.0177628	0.0503693	0	0	0	0	0	0	0	4.12364	-0.239712	0.0681368	0	0	1.09687	0	0	0	0.0886117	-0.0263557	-1.84966
2014-10-27 00:00:00	-1.50225	-0.0278953	0.835088	0	-0.00194942	-0.00218007	0.00708755	0	0	0	0	0	0	0	0.0266158	-0.239813	0.0681681	0	0	1.17373	0	0	0	0.088966	-0.0283193	0.397246
2014-10-28 00:00:00	-13.9865	-0.00232637	1.19133	0	0.00404963	-0.0331575	0.0923732	0	0	0	0	0	0	0	7.83882	-0.241138	0.0684334	0	0	1.39988	0	0	0	0.0893852	-0.0307873	-3.60962
2014-10-29 00:00:00	-0.2	-0.410311	0.637126	0	-0.00560442	-0.000648368	0.00361977	0	0	0	0	0	0	0	-0.567552	-0.241543	0.0685583	0	0	1.52589	0	0	0	0.0899856	-0.0345384	0.86498
2014-10-30 00:00:00	-0.2	-0.527594	0.790459	0	-0.0018668	0	0.00149028	0	0	0	0	0	0	0	-0.591578	-0.241007	0.0684828	0	0	1.38961	0	0	0	0.0899706	-0.0320552	0.745908
2014-10-31 00:00:00	-2.6045	0.92516	0.958993	0	0.00361944	-0.00131298	0.00480765	0	0	0	0	0	0	0	0.000476837	-0.240561	0.068416	0	0	1.28358	0	0	0	0.0899312	-0.0300844	0.458523
2014-11-01 00:00:00	-2.30676	-0.0155927	0.798674	0	6.06394E-05	-0.00396751	0.0119929	0	0	0	0	0	0	0	0.592555	-0.24036	0.0683983	0	0	1.24001	0	0	0	0.0899124	-0.0297766	0.205152
2014-11-02 00:00:00	-0.302252	-0.355967	0.678413	0	-0.0016371	-0.000156241	0.00177769	0	0	0	0	0	0	0	-0.507118	-0.239962	0.0683652	0	0	1.17936	0	0	0	0.0899325	-0.02862	0.582135
2014-11-03 00:00:00	-8.18649	0.343146	0.606805	0	0.00387458	-0.0184777	0.0519628	0	0	0	0	0	0	0	4.26859	-0.24045	0.0684935	0	0	1.2509	0	0	0	0.0901168	-0.0290079	-1.79053
2014-11-04 00:00:00	-4.21351	-0.00952072	0.612469	0	-0.00129429	-0.00961478	0.0279171	0	0	0	0	0	0	0	1.83616	-0.241008	0.0686372	0	0	1.38213	0	0	0	0.090576	-0.0313532	-0.488416
2014-11-05 00:00:00	-0.2	-0.2728	0.482656	0	-0.00225391	-0.000285156	0.00235001	0	0	0	0	0	0	0	-0.562837	-0.240754	0.068622	0	0	1.34101	0	0	0	0.0907024	-0.0310172	0.675397
2014-11-06 00:00:00	-5.56397	0.25785	0.563912	0	0.00273886	-0.0121105	0.034539	0	0	0	0	0	0	0	2.57826	-0.240888	0.0686684	0	0	1.3401	0	0	0	0.0907914	-0.0306912	-0.910796
2014-11-07 00:00:00	-6.21351	-0.00961441	0.591177	0	0.0002716	-0.0147297	0.0418939	0	0	0	0	0	0	0	3.11876	-0.241532	0.0688276	0	0	1.46672	0	0	0	0.0911915	-0.0325572	-1.13311
2014-11-08 00:00:00	-1.2045	-0.0152478	0.580722	0	-0.00208599	-0.00193169	0.00659882	0	0	0	0	0	0	0	-0.141872	-0.24147	0.0688574	0	0	1.46246	0	0	0	0.0914562	-0.0334071	0.569581
2014-11-09 00:00:00	0	-0.464839	0.498815	0	-0.00163998	-7.90243E-05	0.00161597	0	0	0	0	0	0	0	-0.513944	-0.241003	0.0687911	0	0	1.35142	0	0	0	0.0914467	-0.0311355	0.759446
2014-11-10 00:00:00	-0.2	-0.241366	0.470546	0	-0.000922792	0	0.0014843	0	0	0	0	0	0	0	-0.55916	-0.240486	0.0687087	0	0	1.24098	0	0	0	0.0913813	-0.0294715	0.601689
2014-11-11 00:00:00	-2.80901	0.689728	0.604079	0	0.00324756	-0.00340334	0.0108212	0	0	0	0	0	0	0	0.478071	-0.2402	0.0686705	0	0	1.18316	0	0	0	0.0913323	-0.0285842	0.0479204
2014-11-12 00:00:00	-4.1955	-0.00571121	0.567873	0	0.00046978	-0.00945016	0.0274088	0	0	0	0	0	0	0	1.86986	-0.240408	0.068718	0	0	1.22832	0	0	0	0.0914469	-0.0285955	-0.625566
2014-11-13 00:00:00	-2.80901	-0.0094048	0.570546	0	-0.000500572	-0.00592879	0.0177414	0	0	0	0	0	0	0	0.985496	-0.24048	0.0687586	0	0	1.26287	0	0	0	0.0916457	-0.0293179	-0.0975805
2014-11-14 00:00:00	-13.955	-0.00362785	0.593026	0	0.00243799	-0.0348115	0.0973881	0	0	0	0	0	0	0	7.89111	-0.241936	0.0690724	0	0	1.52441	0	0	0	0.0921673	-0.0331126	-3.99884
2014-11-15 00:00:00	-0.2	-0.280162	0.490424	0	-0.00405316	-0.000667658	0.00320272	0	0	0	0	0	0	0	-0.638147	-0.242399	0.0692108	0	0	1.67702	0	0	0	0.0927919	-0.0363889	0.930834
2014-11-16 00:00:00	-0.502252	0.0164008	0.485855	0	-8.88012E-05	0	0.00146134	0	0	0	0	0	0	0	-0.567172	-0.241855	0.0691261	0	0	1.5192	0	0	0	0.0927252	-0.0344032	0.838996
2014-11-17 00:00:00	-6.32252	0.236405	0.482328	0	0.00283862	-0.0141145	0.0405488	0	0	0	0	0	0	0	3.08062	-0.242164	0.0692088	0	0	1.52356	0	0	0	0.0928429	-0.0337071	-1.08415
2014-11-18 00:00:00	-0.195496	-0.284719	0.490932	0	-0.00276086	-0.000392214	0.00248598	0	0	0	0	0	0	0	-0.614938	-0.242046	0.0692141	0	0	1.50005	0	0	0	0.0931121	-0.0340855	0.781351
2014-11-19 00:00:00	-0.281064	-0.244159	0.49488	0	-0.00101322	0	0.00122959	0	0	0	0	0	0	0	-0.368149	-0.241543	0.0691413	0	0	1.37017	0	0	0	0.0930574	-0.0319477	0.860604
2014-11-20 00:00:00	-0.2	-0.190972	0.41449	0	-0.000756217	0	0.0014127	0	0	0	0	0	0	0	-0.488385	-0.241075	0.0690693	0	0	1.26272	0	0	0	0.0930288	-0.029681	0.689851
2014-11-21 00:00:00	-4.78649	0.68294	0.416575	0	0.00443511	-0.00894015	0.0263103	0	0	0	0	0	0	0	1.87863	-0.241136	0.0690983	0	0	1.25745	0	0	0	0.0930759	-0.0288396	-0.636892
2014-11-22 00:00:00	-4.17298	-0.0149726	0.468265	0	9.70302E-05	-0.00984587	0.0284036	0	0	0	0	0	0	0	1.93121	-0.241465	0.0691828	0	0	1.33843	0	0	0	0.0932989	-0.0301835	-0.540559
2014-11-23 00:00:00	0	-0.358889	0.38037	0	-0.0030705	-0.000293111	0.0024485	0	0	0	0	0	0	0	-0.570409	-0.241189	0.0691467	0	0	1.30366	0	0	0	0.0934325	-0.0302677	0.644937
2014-11-24 00:00:00	-0.2	-0.183913	0.406745	0	-0.000731818	0	0.00166369	0	0	0	0	0	0	0	-0.527377	-0.240612	0.0690703	0	0	1.20526	0	0	0	0.0933247	-0.0290691	0.594363
2014-11-25 00:00:00	0	-0.349768	0.392588	0	-0.00129361	0	0.00133292	0	0	0	0	0	0	0	-0.732325	-0.23999	0.0689446	0	0	1.11146	0	0	0	0.0932711	-0.0283599	0.31586
2014-11-26 00:00:00	-0.2	-0.139262	0.356708	0	-0.000567228	0	0.00169463	0	0	0	0	0	0	0	-0.442009	-0.239625	0.0688756	0	0	1.0606	0	0	0	0.093079	-0.0268405	0.532655
2014-11-27 00:00:00	-1.1955	0.741886	0.387679	0	0.0017155	0	0.00125077	0	0	0	0	0	0	0	-0.418084	-0.239114	0.0687953	0	0	1.00046	0	0	0	0.093015	-0.026113	0.41599
2014-11-28 00:00:00	0	-0.357632	0.378324	0	-0.000637366	0	0.00160212	0	0	0	0	0	0	0	-0.672938	-0.238638	0.0687167	0	0	0.956779	0	0	0	0.0929385	-0.0250084	0.203507
2014-11-29 00:00:00	-0.195496	-0.191333	0.410239	0	-0.000770113	0	0.00144876	0	0	0	0	0	0	0	-0.388113	-0.237717	0.0686267	0	0	0.913049	0	0	0	0.092794	-0.0244478	0.44828
2014-11-30 00:00:00	-1.18649	0.707314	0.332707	0	0.0022854	0	0.00157935	0	0	0	0	0	0	0	-0.464859	-0.23734	0.0685003	0	0	0.883688	0	0	0	0.0927292	-0.0233322	0.176784
2014-12-01 00:00:00	-1.2	0.0560611	0.336167	0	0.00131545	-0.00159601	0.00630114	0	0	0	0	0	0	0	0.0202422	-0.236979	0.068389	0	0	0.87627	0	0	0	0.0926245	-0.0230072	-0.00421208
2014-12-02 00:00:00	-0.4	-0.00489981	0.266804	0	-0.000548325	-0.000415305	0.00250464	0	0	0	0	0	0	0	-0.619012	-0.236354	0.0682948	0	0	0.862564	0	0	0	0.0925766	-0.0232576	0.00825736
2014-12-03 00:00:00	-18.1505	-0.00251758	0.250112	0	0.0055569	-0.0464468	0.129353	0	0	0	0	0	0	0	10.7199	-0.237926	0.0687902	0	0	1.25661	0	0	0	0.0930231	-0.0274865	-5.94153
2014-12-04 00:00:00	0	-0.279557	0.290284	0	-0.0059977	-0.00080237	0.00419552	0	0	0	0	0	0	0	-0.695266	-0.238881	0.0690924	0	0	1.53421	0	0	0	0.0938271	-0.0344551	0.736653
2014-12-05 00:00:00	-0.195496	-0.053101	0.255182	0	-0.000217894	0	0.00159741	0	0	0	0	0	0	0	-0.741184	-0.238148	0.0689686	0	0	1.36684	0	0	0	0.0937605	-0.0330022	0.525203
2014-12-06 00:00:00	-8.18649	0.302491	0.336956	0	0.00432835	-0.0192179	0.0545152	0	0	0	0	0	0	0	4.55979	-0.238922	0.0692132	0	0	1.4812	0	0	0	0.0939421	-0.0328276	-1.57502
2014-12-07 00:00:00	-17.9595	-0.00185657	0.278509	0	0.00664965	-0.0463074	0.130514	0	0	0	0	0	0	0	10.3412	-0.241348	0.0697979	0	0	1.98643	0	0	0	0.0950715	-0.0383297	-5.37919
2014-12-08 00:00:00	-2.58649	-0.0109953	0.247049	0	-0.00356505	-0.00675213	0.0215205	0	0	0	0	0	0	0	0.73218	-0.242384	0.0700808	0	0	2.28364	0	0	0	0.0960708	-0.0427405	0.557617
2014-12-09 00:00:00	-10.9955	-0.0109475	0.325071	0	0.00336637	-0.0277212	0.0796252	0	0	0	0	0	0	0	5.8277	-0.243439	0.0703401	0	0	2.37549	0	0	0	0.0966443	-0.0429399	-2.5423
2014-12-10 00:00:00	-17.955	-0.00664469	0.253938	0	0.00181033	-0.046486	0.133546	0	0	0	0	0	0	0	10.0941	-0.245872	0.0711257	0	0	3.01841	0	0	0	0.0979543	-0.0493695	-4.63248
2014-12-11 00:00:00	-4.98199	-0.00763661	0.219667	0	-0.00403819	-0.0130086	0.0399644	0	0	0	0	0	0	0	2.14773	-0.247157	0.071538	0	0	3.39225	0	0	0	0.0992094	-0.0537628	0.662768
2014-12-12 00:00:00	-4.99099	-0.00971931	0.237326	0	-4.48537E-06	-0.0125149	0.0375721	0	0	0	0	0	0	0	2.11252	-0.247511	0.0715986	0	0	3.19184	0	0	0	0.0998025	-0.051772	0.438148
2014-12-13 00:00:00	-5.76397	-0.00822423	0.212375	0	0.000326666	-0.0146466	0.0434659	0	0	0	0	0	0	0	2.54395	-0.248048	0.0716863	0	0	3.05497	0	0	0	0.100441	-0.050131	-0.0578138
2014-12-14 00:00:00	-21.1279	-0.0101649	0.293733	0	0.00530754	-0.054533	0.155354	0	0	0	0	0	0	0	10.9321	-0.250688	0.0722304	0	0	3.57581	0	0	0	0.101703	-0.0528445	-6.35993
2014-12-15 00:00:00	-4.78199	-0.00797412	0.256723	0	-0.00553006	-0.0124767	0.0392937	0	0	0	0	0	0	0	1.90377	-0.251974	0.0725528	0	0	3.8838	0	0	0	0.103047	-0.057714	1.14152
2014-12-16 00:00:00	-7.78649	-0.00876351	0.258886	0	0.00108959	-0.0196963	0.058198	0	0	0	0	0	0	0	3.4426	-0.25271	0.0727072	0	0	3.70794	0	0	0	0.103775	-0.0560654	-0.478527
2014-12-17 00:00:00	-1.79099	-0.00941223	0.318614	0	-0.00277451	-0.00416983	0.0147594	0	0	0	0	0	0	0	0.0558963	-0.252902	0.0727417	0	0	3.43049	0	0	0	0.10439	-0.0541044	1.88253
2014-12-18 00:00:00	-10.146	-0.00514683	0.316856	0	0.00295876	-0.0255822	0.0747284	0	0	0	0	0	0	0	4.56699	-0.253858	0.0729202	0	0	3.33565	0	0	0	0.105008	-0.0522192	-2.00765
2014-12-19 00:00:00	-9.72794	-0.0112398	0.262975	0	0.000589153	-0.0251008	0.0735471	0	0	0	0	0	0	0	4.38127	-0.255267	0.0731954	0	0	3.4762	0	0	0	0.106027	-0.0533266	-1.69908
2014-12-20 00:00:00	-2.37748	-0.00595822	0.268019	0	-0.00310466	-0.0059067	0.0207595	0	0	0	0	0	0	0	0.374581	-0.255774	0.0732526	0	0	3.30313	0	0	0	0.106697	-0.0532945	1.44492
2014-12-21 00:00:00	-14.0964	-0.00721232	0.316811	0	0.00357608	-0.0360379	0.104608	0	0	0	0	0	0	0	6.16292	-0.257422	0.0735556	0	0	3.41899	0	0	0	0.10749	-0.0525365	-4.26168
2014-12-22 00:00:00	-25.5505	-0.0124054	0.319039	0	0.0352166	-0.0662436	0.189865	0	0	0	0	0	0	0	11.9681	-0.261683	0.0742691	0	0	4.63004	0	0	0	0.109285	-0.0611624	-8.62617
2014-12-23 00:00:00	-8.35722	-0.00766522	0.280353	0	0.0131147	-0.0218468	0.0679059	0	0	0	0	0	0	0	3.36485	-0.264677	0.0749467	0	0	5.35046	0	0	0	0.110869	-0.0685905	0.542506
2014-12-24 00:00:00	-6.77748	-0.0074573	0.287682	0	-0.0468018	-0.0171683	0.0536232	0	0	0	0	0	0	0	2.33665	-0.265615	0.075226	0	0	5.03308	0	0	0	0.111909	-0.0664743	0.71718
2014-12-25 00:00:00	-1.58424	-0.012953	0.289266	0	-0.00537104	-0.00369758	0.0142044	0	0	0	0	0	0	0	-0.396577	-0.265591	0.0753165	0	0	4.46381	0	0	0	0.112542	-0.0633938	2.62332
2014-12-26 00:00:00	-0.2	-0.0911482	0.291148	0	-0.00106418	-0.000141894	0.00514881	0	0	0	0	0	0	0	-1.2413	-0.265266	0.07524	0	0	3.85833	0	0	0	0.112849	-0.0581959	2.4856
2014-12-27 00:00:00	-0.786489	0.0769137	0.293517	0	0.000134053	-0.000911506	0.00643824	0	0	0	0	0	0	0	-0.810142	-0.264787	0.0751525	0	0	3.34998	0	0	0	0.113204	-0.0541728	1.99884
2014-12-28 00:00:00	-0.8	-0.00913638	0.299396	0	2.57014E-05	-0.00127484	0.00649296	0	0	0	0	0	0	0	-0.647586	-0.264493	0.0750909	0	0	2.93968	0	0	0	0.113513	-0.050569	1.66114
2014-12-29 00:00:00	-0.395496	-0.00386612	0.227567	0	-0.000139159	-0.000448299	0.0052662	0	0	0	0	0	0	0	-0.837571	-0.26409	0.0750354	0	0	2.59761	0	0	0	0.113621	-0.0467852	1.47071
2014-12-30 00:00:00	-0.00450358	-0.252472	0.265808	0	-0.000711757	-1.35401E-05	0.00342317	0	0	0	0	0	0	0	-0.805255	-0.263666	0.0749744	0	0	2.30108	0	0	0	0.113606	-0.0440793	1.3882
2014-12-31 00:00:00	-0.590993	0.231567	0.332025	0	5.39162E-05	0	0.00328539	0	0	0	0	0	0	0	-0.58762	-0.26327	0.0749042	0	0	2.05174	0	0	0	0.113562	-0.0411855	1.32407
2015-01-01 00:00:00	-17.955	-0.00651438	0.351976	0	0.00724422	-0.0455133	0.131049	0	0	0	0	0	0	0	8.5261	-0.2653	0.0752937	0	0	2.4427	0	0	0	0.114379	-0.0425793	-6.66613
2015-01-02 00:00:00	-6.04954	-0.00886304	0.278882	0	-0.00350898	-0.0154197	0.048111	0	0	0	0	0	0	0	2.24464	-0.267134	0.0756292	0	0	2.8892	0	0	0	0.11598	-0.0480739	-0.740097
2015-01-03 00:00:00	-1.44504	-0.00998944	0.245236	0	-0.00208245	-0.003253	0.0131178	0	0	0	0	0	0	0	-0.235954	-0.267542	0.0756882	0	0	2.72502	0	0	0	0.116266	-0.0475904	1.16388
2015-01-04 00:00:00	0	-0.232335	0.238959	0	-0.00140296	-0.000129302	0.00423027	0	0	0	0	0	0	0	-0.800387	-0.267474	0.0756471	0	0	2.432	0	0	0	0.11628	-0.0448853	1.52051
2015-01-05 00:00:00	-0.395496	0.0559042	0.339592	0	-0.00018221	0	0.00119937	0	0	0	0	0	0	0	-0.202408	-0.266894	0.0755441	0	0	2.06157	0	0	0	0.116226	-0.0428129	1.74224
2015-01-06 00:00:00	-4.24954	0.157759	0.295846	0	0.0025287	-0.00930109	0.0328384	0	0	0	0	0	0	0	0.761399	-0.267326	0.0756356	0	0	2.07536	0	0	0	0.116361	-0.0400627	-1.0485
2015-01-07 00:00:00	-4.82702	-0.0124044	0.327475	0	0.000368403	-0.0116866	0.0362958	0	0	0	0	0	0	0	1.63574	-0.267963	0.0757762	0	0	2.12326	0	0	0	0.116847	-0.0406232	-0.843942
2015-01-08 00:00:00	-7.97298	-0.00893306	0.299707	0	0.00156981	-0.020076	0.0600039	0	0	0	0	0	0	0	3.32702	-0.269223	0.0759791	0	0	2.30201	0	0	0	0.117357	-0.0417529	-2.12932
2015-01-09 00:00:00	-8.02252	-0.00586365	0.336375	0	-0.000370883	-0.0201037	0.0612388	0	0	0	0	0	0	0	3.25841	-0.270738	0.0762566	0	0	2.54582	0	0	0	0.117937	-0.0444207	-1.96798
2015-01-10 00:00:00	-13.955	-0.00692514	0.295236	0	0.00149252	-0.0358154	0.105461	0	0	0	0	0	0	0	6.36849	-0.273186	0.0766719	0	0	3.03674	0	0	0	0.119171	-0.0485467	-4.31618
2015-01-11 00:00:00	-0.668373	-0.0995125	0.296271	0	-0.00495826	-0.000691684	0.00659593	0	0	0	0	0	0	0	-0.830466	-0.273934	0.0769621	0	0	3.10504	0	0	0	0.119923	-0.0512147	1.67565
2015-01-12 00:00:00	-5.53511	0.0792024	0.314099	0	0.00269663	-0.01263	0.0396889	0	0	0	0	0	0	0	1.75165	-0.274583	0.0771966	0	0	2.91317	0	0	0	0.12015	-0.0486768	-0.57314
2015-01-13 00:00:00	-2.23153	-0.00741096	0.274713	0	-0.00135	-0.00517122	0.0187255	0	0	0	0	0	0	0	0.0839256	-0.275144	0.0773209	0	0	2.76865	0	0	0	0.120505	-0.0478593	0.775379
2015-01-14 00:00:00	-9.1955	-0.0121353	0.280512	0	0.00383118	-0.0231172	0.0680307	0	0	0	0	0	0	0	4.24216	-0.276599	0.0777719	0	0	2.85184	0	0	0	0.120895	-0.0474814	-1.90979
2015-01-15 00:00:00	-8.31443	-0.00982553	0.33517	0	-7.93174E-05	-0.0241774	0.0647211	0	0	0	0	0	0	0	3.44683	-0.278299	0.0781018	0	0	3.08259	0	0	0	0.121682	-0.0494724	-1.54719
2015-01-16 00:00:00	0	-0.272398	0.28539	0	-0.00544629	-0.00103676	0.00660725	0	0	0	0	0	0	0	-0.989873	-0.278377	0.0781139	0	0	2.90363	0	0	0	0.122071	-0.0500336	1.79865
2015-01-17 00:00:00	-2.0045	0.263385	0.28635	0	0.00139352	-0.00340268	0.0144667	0	0	0	0	0	0	0	-0.174576	-0.27842	0.0781047	0	0	2.61243	0	0	0	0.122146	-0.0469986	0.870374
2015-01-18 00:00:00	-0.227022	-0.0548938	0.24849	0	-0.00112204	-0.000190033	0.00415759	0	0	0	0	0	0	0	-0.759107	-0.27816	0.0780848	0	0	2.30068	0	0	0	0.122332	-0.0454445	1.38781
2015-01-19 00:00:00	0	-0.19338	0.204595	0	-0.000342833	0	0.00353111	0	0	0	0	0	0	0	-0.952681	-0.278055	0.0780774	0	0	2.09853	0	0	0	0.122433	-0.0416445	1.04107
2015-01-20 00:00:00	-0.00450358	-0.223595	0.258538	0	-0.00112527	0	0.00295099	0	0	0	0	0	0	0	-0.714181	-0.277827	0.0780311	0	0	1.87132	0	0	0	0.12238	-0.0393389	1.07265
2015-01-21 00:00:00	-0.390993	0.139116	0.251875	0	0.000138196	0	0.00393669	0	0	0	0	0	0	0	-0.843391	-0.277702	0.0780028	0	0	1.71066	0	0	0	0.122367	-0.0365839	0.757422
2015-01-22 00:00:00	-0.786489	0.284623	0.302796	0	0.00161447	0	0.00408151	0	0	0	0	0	0	0	-0.585589	-0.277593	0.0779611	0	0	1.55363	0	0	0	0.122332	-0.0353169	0.662049
2015-01-23 00:00:00	-8.22702	0.00783866	0.378339	0	0.00269532	-0.019954	0.060216	0	0	0	0	0	0	0	3.50441	-0.278596	0.078161	0	0	1.71114	0	0	0	0.122514	-0.035942	-2.6962
2015-01-24 00:00:00	-0.409007	-0.0082867	0.359062	0	-0.00277563	-0.000524955	0.00529509	0	0	0	0	0	0	0	-0.983313	-0.278982	0.0782853	0	0	1.79257	0	0	0	0.122788	-0.0376738	0.637434
2015-01-25 00:00:00	-3.02252	-0.00421039	0.436989	0	0.00138265	-0.00636539	0.0218346	0	0	0	0	0	0	0	0.778343	-0.279138	0.0783527	0	0	1.73055	0	0	0	0.122693	-0.0368407	-0.178931
2015-01-26 00:00:00	-0.204504	-0.203283	0.406272	0	-0.00182085	-0.000246699	0.00393031	0	0	0	0	0	0	0	-0.800479	-0.279052	0.0783584	0	0	1.63875	0	0	0	0.122755	-0.036429	0.724247
2015-01-27 00:00:00	-0.204504	-0.201156	0.435771	0	-0.000885646	0	0.00385211	0	0	0	0	0	0	0	-0.681429	-0.278805	0.0783196	0	0	1.5015	0	0	0	0.122707	-0.0345143	0.740856
2015-01-28 00:00:00	-6.28106	0.39119	0.36461	0	0.00413921	-0.0134213	0.041868	0	0	0	0	0	0	0	2.11652	-0.279425	0.0784673	0	0	1.57546	0	0	0	0.122775	-0.0341633	-1.91304
2015-01-29 00:00:00	-2.57298	-0.0112853	0.309141	0	-0.00139989	-0.00612978	0.0206511	0	0	0	0	0	0	0	0.538025	-0.280023	0.078618	0	0	1.69442	0	0	0	0.122983	-0.0361926	-0.144168
2015-01-30 00:00:00	-1.41801	-0.00928727	0.362454	0	-0.000703686	-0.00273037	0.0113345	0	0	0	0	0	0	0	-0.182432	-0.280127	0.078653	0	0	1.65206	0	0	0	0.123043	-0.0357324	0.298522
2015-01-31 00:00:00	-3.02252	-0.00178077	0.335008	0	0.000864516	-0.006793	0.0231556	0	0	0	0	0	0	0	0.855096	-0.28042	0.0787241	0	0	1.64217	0	0	0	0.123073	-0.0352403	-0.288665
2015-02-01 00:00:00	0	-0.333357	0.357205	0	-0.00245439	-0.000233471	0.00458557	0	0	0	0	0	0	0	-0.849218	-0.280326	0.078718	0	0	1.56472	0	0	0	0.123135	-0.0350778	0.627694
2015-02-02 00:00:00	0	-0.268878	0.305283	0	-0.00118602	0	0.00332507	0	0	0	0	0	0	0	-0.675543	-0.28011	0.0786805	0	0	1.44541	0	0	0	0.123047	-0.0335534	0.696473
2015-02-03 00:00:00	0	-0.25296	0.287247	0	-0.000901853	0	0.00375696	0	0	0	0	0	0	0	-0.75236	-0.279937	0.0786471	0	0	1.34978	0	0	0	0.123052	-0.031131	0.525189
2015-02-04 00:00:00	-0.404504	0.0654891	0.339012	0	-0.000187314	0	0.00321339	0	0	0	0	0	0	0	-0.601752	-0.279714	0.0786043	0	0	1.26409	0	0	0	0.122916	-0.0300982	0.557068
2015-02-05 00:00:00	-0.809007	0.381956	0.401278	0	0.000607152	0	0.00325071	0	0	0	0	0	0	0	-0.637536	-0.279536	0.078568	0	0	1.20023	0	0	0	0.122822	-0.028933	0.4337
2015-02-06 00:00:00	-0.204504	-0.20874	0.423775	0	-0.000447322	0	0.00330211	0	0	0	0	0	0	0	-0.462688	-0.27926	0.0785138	0	0	1.13516	0	0	0	0.122654	-0.0283806	0.579384
2015-02-07 00:00:00	-2.83378	0.584707	0.420922	0	0.00403982	-0.0032846	0.01478	0	0	0	0	0	0	0	0.492838	-0.279351	0.0785354	0	0	1.13231	0	0	0	0.12258	-0.0277769	-0.293481
2015-02-08 00:00:00	-0.2	-0.228814	0.438672	0	-0.00153747	-0.000221753	0.0034262	0	0	0	0	0	0	0	-0.795397	-0.279322	0.0785376	0	0	1.14009	0	0	0	0.122616	-0.0279725	0.250082
2015-02-09 00:00:00	0	-0.485472	0.551703	0	-0.00211373	0	0.00343535	0	0	0	0	0	0	0	-0.515388	-0.279143	0.0784988	0	0	1.09629	0	0	0	0.122349	-0.0272234	0.542935
2015-02-10 00:00:00	0	-0.449668	0.511081	0	-0.00175612	0	0.00295765	0	0	0	0	0	0	0	-0.6725	-0.278961	0.0784586	0	0	1.05356	0	0	0	0.122254	-0.0267564	0.338674
2015-02-11 00:00:00	-0.195496	-0.141748	0.467691	0	-0.00241274	0	0.00264373	0	0	0	0	0	0	0	-0.534179	-0.27872	0.0784045	0	0	1.01223	0	0	0	0.122104	-0.0263724	0.504142
2015-02-12 00:00:00	-0.2	-0.125991	0.502278	0	-0.00308176	0	0.00271996	0	0	0	0	0	0	0	-0.630473	-0.278512	0.078354	0	0	0.975767	0	0	0	0.121997	-0.0255571	0.417501
2015-02-13 00:00:00	-0.390993	-0.065163	0.547523	0	-0.00176792	0	0.00325847	0	0	0	0	0	0	0	-0.515334	-0.278423	0.078331	0	0	0.956106	0	0	0	0.121724	-0.025531	0.42973
2015-02-14 00:00:00	-0.595496	-0.0170001	0.632148	0	-0.000253673	0	0.00273881	0	0	0	0	0	0	0	-0.619908	-0.278184	0.0782805	0	0	0.932427	0	0	0	0.121678	-0.0247329	0.231697
2015-02-15 00:00:00	0	-0.254768	0.612992	0	-0.00649385	0	0.00179215	0	0	0	0	0	0	0	-0.746106	-0.277985	0.0782382	0	0	0.910223	0	0	0	0.121482	-0.0244215	0.414954
2015-02-16 00:00:00	-1.4045	0.738179	0.604967	0	0.00166384	0	0.00336607	0	0	0	0	0	0	0	-0.50005	-0.277788	0.0781964	0	0	0.891679	0	0	0	0.121334	-0.0235969	0.233447
2015-02-17 00:00:00	-0.2	-0.37879	0.615802	0	-0.00108782	0	0.00275135	0	0	0	0	0	0	0	-0.674502	-0.277612	0.0781606	0	0	0.884103	0	0	0	0.121181	-0.0232219	0.146785
2015-02-18 00:00:00	-1.40901	0.62352	0.73005	0	0.00124362	0	0.00309936	0	0	0	0	0	0	0	-0.453101	-0.277408	0.078119	0	0	0.876511	0	0	0	0.120982	-0.0229367	0.271072
2015-02-19 00:00:00	-1.21801	0.218539	0.713309	0	0.0037335	0	0.0033968	0	0	0	0	0	0	0	-0.279826	-0.27724	0.0780863	0	0	0.877584	0	0	0	0.120772	-0.0235063	0.216834
2015-02-20 00:00:00	-2.78649	0.492835	0.629134	0	0.013	0	0.00954545	0	0	0	0	0	0	0	0.557433	-0.277312	0.078089	0	0	0.909815	0	0	0	0.120699	-0.0239259	-0.277177
2015-02-21 00:00:00	-0.395496	-0.200837	0.602843	0	-0.00133653	0	0.00265446	0	0	0	0	0	0	0	-0.478916	-0.277197	0.0780554	0	0	0.939859	0	0	0	0.120637	-0.0246972	0.365569
2015-02-22 00:00:00	-2.87656	0.187376	0.583905	0	0.00238626	-0.00433686	0.016642	0	0	0	0	0	0	0	0.827592	-0.277291	0.07808	0	0	0.97413	0	0	0	0.120497	-0.0250561	-0.392636
2015-02-23 00:00:00	-2.24504	0.0106097	0.632131	0	-0.000455383	-0.00393605	0.0150191	0	0	0	0	0	0	0	0.256502	-0.277487	0.0781371	0	0	1.04934	0	0	0	0.120514	-0.0259336	-0.390593
2015-02-24 00:00:00	-1.21801	-0.0227958	0.686766	0	-0.000584385	-0.00124222	0.00626904	0	0	0	0	0	0	0	-0.230314	-0.277429	0.078136	0	0	1.06618	0	0	0	0.120467	-0.0265702	0.180864
2015-02-25 00:00:00	-0.995496	-0.00225818	0.719036	0	-0.000342175	-0.000513946	0.00504791	0	0	0	0	0	0	0	-0.292051	-0.277275	0.0781009	0	0	1.04958	0	0	0	0.120299	-0.0262968	0.377835
2015-02-26 00:00:00	-10.418	0.00563585	0.743492	0	0.0040828	-0.0246278	0.0731755	0	0	0	0	0	0	0	5.0009	-0.278395	0.0783122	0	0	1.27605	0	0	0	0.120534	-0.0291468	-3.448
2015-02-27 00:00:00	-4.18199	-0.013393	0.752949	0	-0.00180508	-0.00910555	0.0295467	0	0	0	0	0	0	0	1.18206	-0.279472	0.0785147	0	0	1.56227	0	0	0	0.120885	-0.0341192	-0.793658
2015-02-28 00:00:00	-6.18199	0.00598278	0.846111	0	0.000424985	-0.0136749	0.0428656	0	0	0	0	0	0	0	2.35058	-0.280261	0.0786527	0	0	1.69991	0	0	0	0.121153	-0.0354351	-1.36567
2015-03-01 00:00:00	-13.937	-0.00220592	0.773501	0	0.00244866	-0.0342613	0.100556	0	0	0	0	0	0	0	6.56273	-0.282357	0.0790234	0	0	2.10865	0	0	0	0.121825	-0.0398235	-4.54687
2015-03-02 00:00:00	-0.631525	-0.0924195	0.702524	0	-0.00485978	-0.00066137	0.0061653	0	0	0	0	0	0	0	-1.13027	-0.283181	0.0791797	0	0	2.23501	0	0	0	0.122685	-0.0429005	0.959748
2015-03-03 00:00:00	-4.95496	0.0786961	0.736744	0	0.00219698	-0.0101241	0.0325888	0	0	0	0	0	0	0	1.76228	-0.283579	0.0792444	0	0	2.15683	0	0	0	0.122985	-0.0415847	-0.318693
2015-03-04 00:00:00	-0.2	-0.562231	0.82937	0	-0.00450733	-0.000301221	0.00439148	0	0	0	0	0	0	0	-0.882038	-0.283555	0.0792272	0	0	2.03326	0	0	0	0.123314	-0.0405835	1.09635
2015-03-05 00:00:00	0	-0.654301	0.954444	0	-0.00610816	0	0.00295101	0	0	0	0	0	0	0	-1.00031	-0.283235	0.0791594	0	0	1.82327	0	0	0	0.12332	-0.0384342	1.00075
2015-03-06 00:00:00	-0.8	-0.0607512	0.922846	0	-0.00138457	0	0.00285517	0	0	0	0	0	0	0	-0.653026	-0.282927	0.0790932	0	0	1.65055	0	0	0	0.123251	-0.0367949	0.943708
2015-03-07 00:00:00	-5.83153	1.26738	1.03327	0	0.0117149	-0.00600519	0.0243811	0	0	0	0	0	0	0	1.39982	-0.283093	0.0791245	0	0	1.61083	0	0	0	0.12333	-0.0352854	-0.606058
2015-03-08 00:00:00	-4.17298	0.00111585	0.937562	0	-0.000579519	-0.0082988	0.0275876	0	0	0	0	0	0	0	1.09819	-0.283703	0.0792392	0	0	1.70631	0	0	0	0.123614	-0.0362197	-0.528152
2015-03-09 00:00:00	-0.440532	-0.461228	0.92503	0	-0.00346457	-0.000262318	0.00338433	0	0	0	0	0	0	0	-0.662394	-0.283629	0.0792335	0	0	1.64081	0	0	0	0.123673	-0.0361947	0.884423
2015-03-10 00:00:00	-0.00450358	-0.655229	0.857003	0	-0.00457177	0	0.0029839	0	0	0	0	0	0	0	-0.812804	-0.283336	0.0791873	0	0	1.50639	0	0	0	0.123622	-0.0342891	0.774449
2015-03-11 00:00:00	-1.78649	0.837342	0.875653	0	0.00222204	0	0.00344473	0	0	0	0	0	0	0	-0.681506	-0.283027	0.0791328	0	0	1.39117	0	0	0	0.12359	-0.0320594	0.529472
2015-03-12 00:00:00	-15.3685	0.261276	1.03154	0	0.00955506	-0.0343033	0.103234	0	0	0	0	0	0	0	7.37006	-0.284823	0.0794607	0	0	1.74246	0	0	0	0.124035	-0.0350908	-5.00107
2015-03-13 00:00:00	-4	-0.000186056	0.960896	0	-0.0033329	-0.00806232	0.0278513	0	0	0	0	0	0	0	0.558644	-0.286252	0.0797518	0	0	2.09498	0	0	0	0.124775	-0.0404651	-0.491397
2015-03-14 00:00:00	0	-0.81524	0.909492	0	-0.00503191	-0.000213277	0.00377381	0	0	0	0	0	0	0	-0.714177	-0.286133	0.0797315	0	0	1.96071	0	0	0	0.124779	-0.0401381	1.21755
2015-03-15 00:00:00	0	-0.455883	0.848209	0	-0.00715039	0	0.0032237	0	0	0	0	0	0	0	-1.1083	-0.28586	0.0796621	0	0	1.76771	0	0	0	0.124819	-0.0375485	0.928879
2015-03-16 00:00:00	-1.39099	0.32668	1.05506	0	1.33785E-05	0	0.00280435	0	0	0	0	0	0	0	-0.525423	-0.285382	0.0795766	0	0	1.58985	0	0	0	0.124745	-0.0360964	0.940831
2015-03-17 00:00:00	-0.8	-0.130943	0.952157	0	-0.000738714	0	0.00289644	0	0	0	0	0	0	0	-0.552318	-0.285102	0.0795078	0	0	1.46974	0	0	0	0.124678	-0.033982	0.8259
2015-03-18 00:00:00	-0.2	-0.521362	1.05732	0	-0.00626904	0	0.00296848	0	0	0	0	0	0	0	-0.833462	-0.284865	0.0794459	0	0	1.37302	0	0	0	0.124613	-0.0315756	0.759834
2015-03-19 00:00:00	0	-0.103926	1.15079	0	-0.0158937	0	0.00129235	0	0	0	0	0	0	0	-1.35281	-0.28449	0.0793599	0	0	1.23589	0	0	0	0.124586	-0.0299403	0.80487
2015-03-20 00:00:00	-0.395496	-0.0077515	1.07113	0	-0.0074276	0	0.00244527	0	0	0	0	0	0	0	-0.922798	-0.284074	0.0792719	0	0	1.11552	0	0	0	0.124464	-0.0280968	0.747181
2015-03-21 00:00:00	0	-0.00787885	0.872209	0	-0.0093614	0	0.00140953	0	0	0	0	0	0	0	-0.980756	-0.283811	0.0792218	0	0	1.04332	0	0	0	0.124292	-0.0267843	0.811863
2015-03-22 00:00:00	0	-0.00867246	0.958368	0	-0.00893295	0	0.00215347	0	0	0	0	0	0	0	-1.46889	-0.283266	0.0791151	0	0	0.946115	0	0	0	0.124222	-0.0257402	0.314467
2015-03-23 00:00:00	0	-0.00932107	1.02715	0	-0.00292223	0	0.00206875	0	0	0	0	0	0	0	-0.977411	-0.283099	0.0790879	0	0	0.902601	0	0	0	0.124024	-0.0239964	0.838181
2015-03-24 00:00:00	-0.00450358	-0.00725092	0.911292	0	-7.91305E-06	0	0.0022118	0	0	0	0	0	0	0	-0.928148	-0.282763	0.0790281	0	0	0.850206	0	0	0	0.12385	-0.0224058	0.721509
2015-03-25 00:00:00	-0.390993	-0.00799506	0.978781	0	6.81574E-05	0	0.00207048	0	0	0	0	0	0	0	-0.828003	-0.282265	0.0789345	0	0	0.807966	0	0	0	0.123711	-0.0220779	0.460196
2015-03-26 00:00:00	-6.31894	1.64889	1.16983	0	0.019054	0	0.00706762	0	0	0	0	0	0	0	1.73522	-0.282476	0.0789584	0	0	0.865619	0	0	0	0.123607	-0.021755	-0.974924
2015-03-27 00:00:00	-0.0585466	-0.940827	1.1096	0	-0.00300853	0	0.00305044	0	0	0	0	0	0	0	-0.590747	-0.282487	0.0789461	0	0	0.951249	0	0	0	0.123485	-0.0246108	0.366102
2015-03-28 00:00:00	-12.4199	0.967403	1.2922	0	0.0490753	-0.0140641	0.0524668	0	0	0	0	0	0	0	5.26621	-0.283463	0.0791118	0	0	1.18452	0	0	0	0.123583	-0.0271742	-3.72999
2015-03-29 00:00:00	-3.35947	-0.00910251	1.26769	0	-0.00236365	-0.00550361	0.019918	0	0	0	0	0	0	0	0.444253	-0.284337	0.0792175	0	0	1.47129	0	0	0	0.123831	-0.0327933	-0.287377
2015-03-30 00:00:00	-5.81802	0.0208052	1.2251	0	0.001257	-0.0113984	0.0362932	0	0	0	0	0	0	0	2.06314	-0.284781	0.0792952	0	0	1.5653	0	0	0	0.123887	-0.0341093	-1.03322
2015-03-31 00:00:00	-0.930604	-0.36836	1.25325	0	-0.00419521	-0.000301814	0.00459209	0	0	0	0	0	0	0	-0.772523	-0.2848	0.0793187	0	0	1.56969	0	0	0	0.123933	-0.0346421	0.635358
2015-04-01 00:00:00	-0.645036	-0.528038	1.22073	0	-0.00277926	0	0.0022402	0	0	0	0	0	0	0	-0.612611	-0.284402	0.0792796	0	0	1.44532	0	0	0	0.123822	-0.0332373	0.765295
2015-04-02 00:00:00	-0.834186	-0.371946	1.38168	0	-0.0075553	0	0.00251557	0	0	0	0	0	0	0	-0.657117	-0.284071	0.0792822	0	0	1.34126	0	0	0	0.123705	-0.0309523	0.742617
2015-04-03 00:00:00	-5.69191	1.29371	1.41016	0	0.0139654	-0.00362649	0.0200418	0	0	0	0	0	0	0	1.16274	-0.284118	0.0793186	0	0	1.3254	0	0	0	0.123669	-0.0297943	-0.58045
2015-04-04 00:00:00	-0.00900716	-1.1313	1.497	0	-0.00984237	-0.000209089	0.00308683	0	0	0	0	0	0	0	-0.929435	-0.284034	0.0792832	0	0	1.32821	0	0	0	0.123691	-0.0307347	0.636704
2015-04-05 00:00:00	0	-0.526146	1.77198	0	-0.021727	0	6.55195E-05	0	0	0	0	0	0	0	-0.809263	-0.283365	0.0791503	0	0	1.16305	0	0	0	0.123427	-0.0304018	1.46677
2015-04-06 00:00:00	-1.00901	-0.0101011	2.15617	0	-0.0136569	0	0.00290005	0	0	0	0	0	0	0	-1.57476	-0.283231	0.0791318	0	0	1.09611	0	0	0	0.123388	-0.0273686	0.53957
2015-04-07 00:00:00	-0.102252	-0.0112307	1.37753	0	-0.0131187	0	0.0010141	0	0	0	0	0	0	0	-1.45709	-0.282756	0.0790466	0	0	0.984496	0	0	0	0.123327	-0.0258152	0.67315
2015-04-08 00:00:00	-0.906755	-0.0187403	2.96348	0	-0.00666546	0	4.89245E-05	0	0	0	0	0	0	0	-1.31021	-0.282051	0.0789102	0	0	0.84941	0	0	0	0.123126	-0.0247078	1.46584
2015-04-09 00:00:00	-0.00450358	-0.0202555	2.35645	0	0.00118831	0	0.000165098	0	0	0	0	0	0	0	-2.37609	-0.281871	0.078876	0	0	0.766127	0	0	0	0.123206	-0.0215103	0.621784
2015-04-10 00:00:00	-0.00450358	-0.00179433	2.42435	0	-0.00478519	0	0	0	0	0	0	0	0	0	-1.78703	-0.281143	0.0787356	0	0	0.639934	0	0	0	0.122989	-0.0200586	1.16669
2015-04-11 00:00:00	-2.37748	0.723574	1.54983	0	0.00241477	0	0.00126002	0	0	0	0	0	0	0	-0.409704	-0.280912	0.0786818	0	0	0.646063	0	0	0	0.123096	-0.0184551	0.0383688
2015-04-12 00:00:00	-7.73695	0.937104	1.46083	0	0.00899789	0	0.0108833	0	0	0	0	0	0	0	2.73999	-0.281525	0.0787671	0	0	0.782114	0	0	0	0.122649	-0.0194672	-1.89661
2015-04-13 00:00:00	-0.407165	-1.04076	1.60724	0	-0.00191484	0	0.00265157	0	0	0	0	0	0	0	-0.591313	-0.281472	0.0787655	0	0	0.897363	0	0	0	0.122755	-0.0227203	0.363427
2015-04-14 00:00:00	-0.00450358	-0.5761	1.72382	0	-0.00531389	0	0.000147054	0	0	0	0	0	0	0	-1.18517	-0.281063	0.0787053	0	0	0.862784	0	0	0	0.12243	-0.0226271	0.713115
2015-04-15 00:00:00	-3.14596	0.996161	1.72939	0	0.000680536	0	0.00346333	0	0	0	0	0	0	0	-0.0798	-0.280719	0.0786322	0	0	0.835148	0	0	0	0.12221	-0.0217981	0.237413
2015-04-16 00:00:00	-0.254043	-1.00048	2.21101	0	-0.0008506	0	0.00142838	0	0	0	0	0	0	0	-1.11722	-0.280399	0.0785622	0	0	0.828855	0	0	0	0.121974	-0.0217851	0.567049
2015-04-17 00:00:00	-0.00450358	-0.0185138	1.63583	0	-0.00149265	0	0.00109601	0	0	0	0	0	0	0	-1.67312	-0.279727	0.078433	0	0	0.746539	0	0	0	0.121818	-0.0212122	0.585144
2015-04-18 00:00:00	0	-0.016301	2.13786	0	-0.00455391	0	2.02904E-06	0	0	0	0	0	0	0	-1.15224	-0.279191	0.0783216	0	0	0.670536	0	0	0	0.121525	-0.0201448	1.53581
2015-04-19 00:00:00	-0.2	-0.00467504	1.39164	0	0.00125665	0	0	0	0	0	0	0	0	0	-1.5359	-0.27896	0.0782612	0	0	0.632506	0	0	0	0.121786	-0.0189014	0.187011
2015-04-20 00:00:00	0	0	1.74004	0	0.000350194	0	0	0	0	0	0	0	0	0	-1.55157	-0.2785	0.0781644	0	0	0.589409	0	0	0	0.121145	-0.0182943	0.680742
2015-04-21 00:00:00	0	0	3.49556	0	-0.00158906	0	0	0	0	0	0	0	0	0	-2.85928	-0.278138	0.078043	0	0	0.494295	0	0	0	0.1209	-0.0174647	1.03232
2015-04-22 00:00:00	-0.00450358	0	3.22441	0	-0.00100193	0	0	0	0	0	0	0	0	0	-2.50665	-0.277595	0.0779264	0	0	0.40981	0	0	0	0.120756	-0.0153523	1.02781
2015-04-23 00:00:00	0	0	2.51774	0	-0.000204652	0	0	0	0	0	0	0	0	0	-1.95981	-0.276993	0.0778163	0	0	0.362808	0	0	0	0.120565	-0.0138229	0.828097
2015-04-24 00:00:00	-1.56847	0	2.18893	0	0.00195605	0	0	0	0	0	0	0	0	0	-0.548483	-0.276561	0.0777216	0	0	0.378746	0	0	0	0.120336	-0.0128044	0.361365
2015-04-25 00:00:00	-3.64504	1.10634	1.7967	0	0.00108986	0	0.00192419	0	0	0	0	0	0	0	0.145437	-0.27645	0.0776737	0	0	0.43987	0	0	0	0.119964	-0.0131656	-0.245656
2015-04-26 00:00:00	-0.5261	-0.898957	1.58348	0	6.12194E-06	0	0.00416489	0	0	0	0	0	0	0	-0.414889	-0.27616	0.0776286	0	0	0.469994	0	0	0	0.119494	-0.0145898	0.124071
2015-04-27 00:00:00	-0.849539	-0.149038	1.5533	0	-3.95786E-05	0	0.000690308	0	0	0	0	0	0	0	-0.577486	-0.27568	0.0775453	0	0	0.502195	0	0	0	0.119181	-0.0153314	0.385795
2015-04-28 00:00:00	-1.6045	-0.00331994	1.74228	0	0.000153225	0	0.00275237	0	0	0	0	0	0	0	-0.747681	-0.275124	0.0774184	0	0	0.533295	0	0	0	0.118946	-0.0156476	-0.171433
2015-04-29 00:00:00	-2.42252	0.532113	1.84181	0	8.72626E-05	0	0.00264092	0	0	0	0	0	0	0	-0.109469	-0.274958	0.0773719	0	0	0.552257	0	0	0	0.118365	-0.0164725	0.301229
2015-04-30 00:00:00	-1.5955	-0.182909	1.81824	0	-0.000230549	0	0.00134167	0	0	0	0	0	0	0	-0.273203	-0.274495	0.0772608	0	0	0.587777	0	0	0	0.118129	-0.0170391	0.25938
2015-05-01 00:00:00	-0.0630502	-0.343802	1.60842	0	-1.68744E-05	0	0.00174243	0	0	0	0	0	0	0	-1.40769	-0.274129	0.0771744	0	0	0.589523	0	0	0	0.117666	-0.0174857	0.288354
2015-05-02 00:00:00	-1.75947	0.0832179	1.69956	0	1.96083E-05	0	0.00180898	0	0	0	0	0	0	0	-0.215391	-0.273657	0.0770623	0	0	0.592077	0	0	0	0.117415	-0.0172281	0.305417
2015-05-03 00:00:00	-10.7523	1.52942	2.04457	0	9.09305E-05	0	0.0108787	0	0	0	0	0	0	0	4.04913	-0.274253	0.0771386	0	0	0.73726	0	0	0	0.117334	-0.0189265	-2.47966
2015-05-04 00:00:00	-1.56397	-0.565373	2.24324	0	-4.44135E-05	0	0.00258106	0	0	0	0	0	0	0	-0.586943	-0.274436	0.077136	0	0	0.895707	0	0	0	0.11747	-0.0226107	0.322761
2015-05-05 00:00:00	-9.01535	0.565593	2.16988	0	0.0308847	0	0.00887518	0	0	0	0	0	0	0	3.34642	-0.274838	0.0771808	0	0	1.01523	0	0	0	0.117368	-0.0243656	-1.98312
2015-05-06 00:00:00	-9.96847	0.0315121	2.15195	0	0.0340217	-0.00547179	0.0403374	0	0	0	0	0	0	0	4.14727	-0.275954	0.0773784	0	0	1.29846	0	0	0	0.117764	-0.0287754	-2.37997
2015-05-07 00:00:00	-0.0135107	-1.32543	1.904	0	-0.0148129	-0.000327093	0.002793	0	0	0	0	0	0	0	-1.03942	-0.276031	0.0774025	0	0	1.37473	0	0	0	0.117915	-0.0311076	0.776211
2015-05-08 00:00:00	-3.15271	0.783661	2.33996	0	0.00122029	0	0.00264384	0	0	0	0	0	0	0	-0.521394	-0.275571	0.0773143	0	0	1.27097	0	0	0	0.117706	-0.0295921	0.614209
2015-05-09 00:00:00	-4.61576	0.559659	2.18343	0	0.0114404	-0.000623148	0.0108746	0	0	0	0	0	0	0	0.713452	-0.275407	0.0772772	0	0	1.23255	0	0	0	0.117586	-0.0288437	-0.0143747
2015-05-10 00:00:00	-4.6045	-0.00123093	2.42632	0	-5.82545E-05	-0.00487289	0.0177933	0	0	0	0	0	0	0	0.845534	-0.275438	0.0772906	0	0	1.25976	0	0	0	0.117611	-0.0290628	-0.170852
2015-05-11 00:00:00	-6.37523	0.00611019	2.62976	0	0.000604957	-0.0088804	0.0290222	0	0	0	0	0	0	0	1.72709	-0.275682	0.0773458	0	0	1.32779	0	0	0	0.117675	-0.0296809	-0.774081
2015-05-12 00:00:00	-0.0135107	-1.49539	2.29509	0	-0.0170949	-0.000140892	0.00214464	0	0	0	0	0	0	0	-1.24968	-0.275463	0.077306	0	0	1.30776	0	0	0	0.117657	-0.030212	0.718456
2015-05-13 00:00:00	0	-0.206555	2.05614	0	-0.0269525	0	0	0	0	0	0	0	0	0	-1.91146	-0.274809	0.0771757	0	0	1.13699	0	0	0	0.117464	-0.0294484	0.93855
2015-05-14 00:00:00	0	-0.0162809	1.85733	0	-0.0180822	0	0	0	0	0	0	0	0	0	-1.03374	-0.27419	0.0770465	0	0	0.982144	0	0	0	0.11725	-0.027145	1.66434
2015-05-15 00:00:00	-1.20225	-0.00487195	2.44294	0	-0.00122962	0	0.000878684	0	0	0	0	0	0	0	-1.77147	-0.273859	0.0769674	0	0	0.90425	0	0	0	0.117477	-0.025106	0.263727
2015-05-16 00:00:00	-1.23378	0.00536114	2.24871	0	-0.000146793	0	0.000769705	0	0	0	0	0	0	0	-0.810851	-0.273522	0.0768984	0	0	0.853933	0	0	0	0.116982	-0.0226822	0.961673
2015-05-17 00:00:00	-4.87206	1.48892	2.41655	0	5.21353E-05	0	0.00343813	0	0	0	0	0	0	0	0.386161	-0.273194	0.076867	0	0	0.836741	0	0	0	0.116778	-0.0216701	0.158588
2015-05-18 00:00:00	-3.25179	0.224025	2.37103	0	0.00167869	0	0.00293177	0	0	0	0	0	0	0	0.0704174	-0.272949	0.0768376	0	0	0.865129	0	0	0	0.116652	-0.0220092	0.181952
2015-05-19 00:00:00	-2.04504	-0.249378	2.32288	0	3.29737E-05	0	0.0024103	0	0	0	0	0	0	0	-0.452119	-0.272587	0.0767654	0	0	0.867546	0	0	0	0.116394	-0.0221866	0.344721
2015-05-20 00:00:00	0	-1.42149	2.34717	0	-0.00171189	0	0.000269879	0	0	0	0	0	0	0	-1.04309	-0.272121	0.0766613	0	0	0.841	0	0	0	0.116106	-0.0221633	0.620621
2015-05-21 00:00:00	-2.00676	-0.0278396	2.49922	0	0.000166167	0	0.00144443	0	0	0	0	0	0	0	-0.704825	-0.271458	0.0765126	0	0	0.791301	0	0	0	0.115893	-0.0214279	0.45223
2015-05-22 00:00:00	0	-0.0173711	2.3779	0	-0.000670747	0	0	0	0	0	0	0	0	0	-1.91274	-0.270928	0.0764759	0	0	0.73167	0	0	0	0.115583	-0.0204714	1.07945
2015-05-23 00:00:00	0	-0.00667995	4.35019	0	-0.00224228	0	0	0	0	0	0	0	0	0	-3.44062	-0.270224	0.0762713	0	0	0.574705	0	0	0	0.115419	-0.0191651	1.37766
2015-05-24 00:00:00	-0.820266	0	2.39754	0	0.000476433	0	0	0	0	0	0	0	0	0	-1.13545	-0.269664	0.076142	0	0	0.513852	0	0	0	0.115179	-0.0167106	0.861102
2015-05-25 00:00:00	0	0	2.18376	0	-0.00233579	0	0	0	0	0	0	0	0	0	-1.30438	-0.269059	0.0760528	0	0	0.473413	0	0	0	0.115037	-0.0158314	1.25666
2015-05-26 00:00:00	0	0	2.10379	0	-0.000352841	0	0	0	0	0	0	0	0	0	-2.12168	-0.268771	0.0759674	0	0	0.431239	0	0	0	0.115107	-0.0149997	0.320306
2015-05-27 00:00:00	-5.61576	1.60185	2.51925	0	0.00390499	0	0	0	0	0	0	0	0	0	0.694161	-0.268822	0.0759505	0	0	0.498803	0	0	0	0.114517	-0.014225	-0.390373
2015-05-28 00:00:00	-4.51484	0.225414	2.50573	0	0.00113825	0	0.00328936	0	0	0	0	0	0	0	0.822214	-0.268734	0.0759523	0	0	0.561148	0	0	0	0.114276	-0.0162092	-0.490621
2015-05-29 00:00:00	-0.00450358	-1.59932	2.32766	0	-0.000246475	0	0.000595843	0	0	0	0	0	0	0	-0.939288	-0.268378	0.0758828	0	0	0.620042	0	0	0	0.114057	-0.0178775	0.308624
2015-05-30 00:00:00	-1.21126	-0.200339	2.34051	0	-0.000527612	0	0	0	0	0	0	0	0	0	-0.600767	-0.267681	0.0757223	0	0	0.60435	0	0	0	0.113774	-0.0179922	0.835793
2015-05-31 00:00:00	-11.7234	1.82889	2.43945	0	0.00721791	0	0.0105027	0	0	0	0	0	0	0	3.91893	-0.268646	0.0758776	0	0	0.757362	0	0	0	0.113748	-0.018907	-2.85901
2015-06-01 00:00:00	-11.4018	-0.0171105	2.36905	0	0.0589597	-0.00644298	0.0359596	0	0	0	0	0	0	0	4.75135	-0.269973	0.0760734	0	0	1.1104	0	0	0	0.114237	-0.0254303	-3.20477
2015-06-02 00:00:00	-0.2	-1.58069	2.50613	0	-0.0183737	-0.000392923	0.00272786	0	0	0	0	0	0	0	-0.899629	-0.270113	0.0760641	0	0	1.23943	0	0	0	0.114421	-0.028992	0.940588
2015-06-03 00:00:00	-0.00900716	-0.225315	2.39027	0	-0.0308181	0	0	0	0	0	0	0	0	0	-2.17699	-0.269447	0.0759323	0	0	1.07987	0	0	0	0.114283	-0.027877	0.920897
2015-06-04 00:00:00	-0.00900716	-0.0204544	2.59274	0	-0.0192373	0	0	0	0	0	0	0	0	0	-1.61594	-0.268731	0.0757893	0	0	0.898987	0	0	0	0.113984	-0.0262183	1.72192
2015-06-05 00:00:00	0	-0.0113982	2.45903	0	-0.000700414	0	0	0	0	0	0	0	0	0	-2.29982	-0.268304	0.0757028	0	0	0.782009	0	0	0	0.114271	-0.0231661	0.827624
2015-06-06 00:00:00	-0.00450358	-0.00149813	2.30216	0	-0.000585539	0	0	0	0	0	0	0	0	0	-1.94497	-0.267734	0.0755888	0	0	0.68561	0	0	0	0.11388	-0.0208154	0.93713
2015-06-07 00:00:00	0	0	2.26468	0	-0.000634511	0	0	0	0	0	0	0	0	0	-1.84858	-0.267247	0.0754706	0	0	0.605115	0	0	0	0.113674	-0.0192001	0.923272
2015-06-08 00:00:00	0	0	2.30306	0	-0.000122725	0	0	0	0	0	0	0	0	0	-1.96181	-0.266784	0.0753541	0	0	0.536259	0	0	0	0.113441	-0.0179094	0.781487
2015-06-09 00:00:00	-0.00450358	0	3.38907	0	-9.38931E-05	0	0	0	0	0	0	0	0	0	-2.83897	-0.266224	0.0752239	0	0	0.446098	0	0	0	0.113207	-0.0164148	0.897391
2015-06-10 00:00:00	0	0	3.70093	0	-4.75731E-05	0	0	0	0	0	0	0	0	0	-2.7342	-0.265442	0.0751253	0	0	0.355751	0	0	0	0.113016	-0.014525	1.23061
2015-06-11 00:00:00	0	0	3.10735	0	0	0	0	0	0	0	0	0	0	0	-2.46942	-0.26477	0.0750058	0	0	0.292994	0	0	0	0.112814	-0.0127061	0.841271
2015-06-12 00:00:00	-0.902252	0	3.6782	0	0	0	0	0	0	0	0	0	0	0	-2.19923	-0.264115	0.0748997	0	0	0.25476	0	0	0	0.11254	-0.0116323	0.743169
2015-06-13 00:00:00	-0.902252	0	2.40723	0	0	0	0	0	0	0	0	0	0	0	-1.25881	-0.263641	0.0748012	0	0	0.254558	0	0	0	0.112214	-0.0110396	0.413058
2015-06-14 00:00:00	-2.2045	0	2.47856	0	0	0	0	0	0	0	0	0	0	0	-0.293777	-0.263221	0.0747089	0	0	0.29147	0	0	0	0.111842	-0.0110375	0.184043
2015-06-15 00:00:00	-0.702252	0	2.62593	0	0	0	0	0	0	0	0	0	0	0	-1.66309	-0.262575	0.0746462	0	0	0.292435	0	0	0	0.111411	-0.0116117	0.464894
2015-06-16 00:00:00	-0.4	0	2.46327	0	0	0	0	0	0	0	0	0	0	0	-1.75212	-0.262258	0.074573	0	0	0.279549	0	0	0	0.110941	-0.0115582	0.502398
2015-06-17 00:00:00	-1.30225	0	2.66514	0	0	0	0	0	0	0	0	0	0	0	-0.799304	-0.261546	0.0744186	0	0	0.290846	0	0	0	0.110561	-0.0113389	0.766524
2015-06-18 00:00:00	0	0	2.17528	0	0	0	0	0	0	0	0	0	0	0	-1.97267	-0.261285	0.0742998	0	0	0.271725	0	0	0	0.110519	-0.0115848	0.386292
2015-06-19 00:00:00	-0.00900716	0	2.24402	0	0	0	0	0	0	0	0	0	0	0	-1.86981	-0.260808	0.0741423	0	0	0.254031	0	0	0	0.109926	-0.011262	0.531234
2015-06-20 00:00:00	-0.0450358	0	2.3252	0	0	0	0	0	0	0	0	0	0	0	-1.7293	-0.260318	0.0740335	0	0	0.2365	0	0	0	0.109562	-0.0109858	0.699664
2015-06-21 00:00:00	-0.0720573	0.00427673	2.19913	0	0	0	0	0	0	0	0	0	0	0	-1.74438	-0.259956	0.0739568	0	0	0.225429	0	0	0	0.109083	-0.0106496	0.524833
2015-06-22 00:00:00	-0.0990788	0.0252687	2.18793	0	-3.3629E-11	0	0	0	0	0	0	0	0	0	-1.80384	-0.259464	0.0738493	0	0	0.21813	0	0	0	0.108745	-0.0104713	0.44107
2015-06-23 00:00:00	0	-0.0295454	2.43068	0	0	0	0	0	0	0	0	0	0	0	-1.80038	-0.258643	0.0736934	0	0	0.207528	0	0	0	0.108457	-0.0103524	0.72144
2015-06-24 00:00:00	-0.0450358	0	2.43882	0	0	0	0	0	0	0	0	0	0	0	-2.23213	-0.258041	0.0736333	0	0	0.189249	0	0	0	0.108337	-0.0102568	0.264573
2015-06-25 00:00:00	-0.0720573	0	2.42105	0	0	0	0	0	0	0	0	0	0	0	-1.94289	-0.257559	0.0735167	0	0	0.179489	0	0	0	0.107753	-0.00994207	0.499365
2015-06-26 00:00:00	-0.0270215	0	2.43191	0	0	0	0	0	0	0	0	0	0	0	-2.06873	-0.257173	0.0734075	0	0	0.170732	0	0	0	0.107389	-0.0097737	0.420741
2015-06-27 00:00:00	0	0	2.36478	0	0	0	0	0	0	0	0	0	0	0	-1.89765	-0.256393	0.0732979	0	0	0.164105	0	0	0	0.107021	-0.00962178	0.54554
2015-06-28 00:00:00	-0.162129	0.040166	2.40441	0	0	0	0	0	0	0	0	0	0	0	-1.81335	-0.256033	0.0731906	0	0	0.158866	0	0	0	0.10665	-0.00950796	0.542265
2015-06-29 00:00:00	0	-0.040166	2.44042	0	0	0	0	0	0	0	0	0	0	0	-2.00664	-0.255675	0.0731658	0	0	0.153916	0	0	0	0.106101	-0.00934418	0.461779
2015-06-30 00:00:00	-0.00450358	0	2.68591	0	0	0	0	0	0	0	0	0	0	0	-2.32104	-0.254912	0.0729725	0	0	0.150273	0	0	0	0.105869	-0.00928244	0.425285
2015-07-01 00:00:00	0	0	3.15595	0	0	0	0	0	0	0	0	0	0	0	-2.28275	-0.254385	0.0728456	0	0	0.13272	0	0	0	0.10563	-0.00920988	0.920809
2015-07-02 00:00:00	-0.0360287	0	2.43872	0	0	0	0	0	0	0	0	0	0	0	-2.24043	-0.254222	0.0727143	0	0	0.119869	0	0	0	0.105547	-0.00894082	0.197225
2015-07-03 00:00:00	-0.00450358	0	3.34729	0	0	0	0	0	0	0	0	0	0	0	-2.73007	-0.253764	0.0725921	0	0	0.103942	0	0	0	0.104888	-0.00867079	0.631698
2015-07-04 00:00:00	-0.360287	0.0912978	2.25115	0	-3.34008E-06	0	0	0	0	0	0	0	0	0	-1.85312	-0.253391	0.0725339	0	0	0.102519	0	0	0	0.104508	-0.00832885	0.146879
2015-07-05 00:00:00	-0.0315251	-0.0418335	2.17539	0	4.67385E-06	0	0	0	0	0	0	0	0	0	-1.51282	-0.253073	0.0724609	0	0	0.105242	0	0	0	0.104011	-0.00831239	0.609544
2015-07-06 00:00:00	-0.162129	0.0476675	2.11915	0	-8.16546E-07	0	0	0	0	0	0	0	0	0	-1.67695	-0.252617	0.072338	0	0	0.108928	0	0	0	0.103734	-0.00839243	0.35173
2015-07-07 00:00:00	-0.0630501	-0.023533	2.31854	0	-9.37474E-08	0	0	0	0	0	0	0	0	0	-1.86342	-0.252197	0.0721404	0	0	0.110079	0	0	0	0.1034	-0.00843364	0.393525
2015-07-08 00:00:00	-0.117093	0.0248253	2.01565	0	-8.6609E-07	0	0	0	0	0	0	0	0	0	-1.69559	-0.251747	0.0720237	0	0	0.111725	0	0	0	0.10307	-0.00843813	0.254426
2015-07-09 00:00:00	0	-0.0490505	2.07793	0	0	0	0	0	0	0	0	0	0	0	-1.82137	-0.251288	0.0719228	0	0	0.113503	0	0	0	0.102701	-0.00848365	0.235866
2015-07-10 00:00:00	-0.054043	-0.00739489	2.11331	0	0	0	0	0	0	0	0	0	0	0	-1.80255	-0.250809	0.0717991	0	0	0.114595	0	0	0	0.102393	-0.00851998	0.278776
2015-07-11 00:00:00	-0.0450358	-0.0106738	2.21928	0	0	0	0	0	0	0	0	0	0	0	-1.86067	-0.250207	0.0716812	0	0	0.113208	0	0	0	0.102067	-0.00850427	0.331146
2015-07-12 00:00:00	-0.00450358	-0.0179752	2.01053	0	0	0	0	0	0	0	0	0	0	0	-1.83467	-0.249393	0.0715075	0	0	0.117274	0	0	0	0.101765	-0.0084467	0.18608
2015-07-13 00:00:00	-0.11259	0.0352218	1.96098	0	-6.51634E-12	0	0	0	0	0	0	0	0	0	-1.23688	-0.248804	0.0713805	0	0	0.119285	0	0	0	0.101486	-0.00853658	0.681536
2015-07-14 00:00:00	0	-0.046546	1.94445	0	0	0	0	0	0	0	0	0	0	0	-1.96374	-0.248144	0.0712871	0	0	0.113593	0	0	0	0.101514	-0.00864111	-0.0362297
2015-07-15 00:00:00	0	-0.00200538	1.85163	0	0	0	0	0	0	0	0	0	0	0	-1.6288	-0.247925	0.0709201	0	0	0.115361	0	0	0	0.100822	-0.00850237	0.251501
2015-07-16 00:00:00	0	0	2.34157	0	0	0	0	0	0	0	0	0	0	0	-2.04138	-0.247463	0.0709471	0	0	0.109576	0	0	0	0.100495	-0.00853919	0.325208
2015-07-17 00:00:00	-0.23869	0.0685355	2.03001	0	-5.79571E-07	0	0	0	0	0	0	0	0	0	-1.67088	-0.246943	0.0708135	0	0	0.108064	0	0	0	0.100156	-0.00841554	0.212653
2015-07-18 00:00:00	-0.0585466	-0.0192008	1.95861	0	4.7159E-07	0	0	0	0	0	0	0	0	0	-1.65982	-0.246633	0.0707147	0	0	0.108675	0	0	0	0.0997217	-0.00838431	0.245143
2015-07-19 00:00:00	-0.0855681	0.012957	1.8419	0	0	0	0	0	0	0	0	0	0	0	-1.52638	-0.24598	0.0706426	0	0	0.110182	0	0	0	0.0994313	-0.00841312	0.268775
2015-07-20 00:00:00	-0.0315251	-0.0407903	1.82194	0	0	0	0	0	0	0	0	0	0	0	-1.48199	-0.245577	0.0705425	0	0	0.112486	0	0	0	0.0991223	-0.00846133	0.295755
2015-07-21 00:00:00	-0.0270215	-0.0136353	1.86388	0	0	0	0	0	0	0	0	0	0	0	-1.50989	-0.245142	0.0704327	0	0	0.113626	0	0	0	0.0988149	-0.00848928	0.342566
2015-07-22 00:00:00	0	-0.00786601	1.7057	0	0	0	0	0	0	0	0	0	0	0	-1.42363	-0.244433	0.0702691	0	0	0.120095	0	0	0	0.0985612	-0.00847867	0.31022
2015-07-23 00:00:00	0	0	1.68584	0	0	0	0	0	0	0	0	0	0	0	-1.30622	-0.244136	0.0702237	0	0	0.118809	0	0	0	0.0983881	-0.00864391	0.414267
2015-07-24 00:00:00	-4.41351	1.27327	2.96145	0	1.55927E-10	0	0	0	0	0	0	0	0	0	0.211833	-0.243586	0.0701008	0	0	0.151184	0	0	0	0.0978889	-0.00857648	0.100055
2015-07-25 00:00:00	-4.11126	0.722607	2.79433	0	5.24623E-10	0	0	0	0	0	0	0	0	0	0.225009	-0.243372	0.069823	0	0	0.184553	0	0	0	0.0977421	-0.00922813	-0.269793
2015-07-26 00:00:00	-7.32027	0.255171	2.77493	0	0.000149219	0	0	0	0	0	0	0	0	0	3.19215	-0.242735	0.069861	0	0	0.236208	0	0	0	0.0971648	-0.0103469	-0.947713
2015-07-27 00:00:00	-9.62702	0.0124593	2.57492	0	0.00507426	0	0.00131317	0	0	0	0	0	0	0	5.22881	-0.242871	0.0699179	0	0	0.360383	0	0	0	0.0971783	-0.0122708	-1.53211
2015-07-28 00:00:00	-16.5473	0.021609	2.86065	0	0.0663561	-0.0119191	0.028879	0	0	0	0	0	0	0	9.99087	-0.243525	0.0700853	0	0	0.575562	0	0	0	0.0973211	-0.0161811	-3.10759
2015-07-29 00:00:00	-3.20901	-0.0592902	2.84583	0	-0.00432961	-0.00149161	0.00518198	0	0	0	0	0	0	0	0.0650625	-0.243474	0.0701121	0	0	0.698297	0	0	0	0.0975983	-0.019543	0.244947
2015-07-30 00:00:00	-0.2	-1.97115	2.77091	0	-0.0129333	-1.29478E-05	0.00122167	0	0	0	0	0	0	0	-1.0505	-0.243053	0.070036	0	0	0.66419	0	0	0	0.0973532	-0.0192236	0.106835
2015-07-31 00:00:00	-4.11126	1.13666	2.86418	0	0.00283865	0	0.001128	0	0	0	0	0	0	0	-0.107249	-0.242697	0.0699666	0	0	0.632154	0	0	0	0.0970912	-0.0185855	0.324228
2015-08-01 00:00:00	-3.20901	0.475747	2.66446	0	0.00168067	0	0.00141536	0	0	0	0	0	0	0	-0.388757	-0.242114	0.069862	0	0	0.605729	0	0	0	0.0968607	-0.0182885	0.0575843
2015-08-02 00:00:00	-0.0180143	-1.77957	2.73663	0	-0.0190579	0	0.000585546	0	0	0	0	0	0	0	-0.828353	-0.241888	0.0698245	0	0	0.585976	0	0	0	0.0965046	-0.0176623	0.584969
2015-08-03 00:00:00	0	-0.0418938	2.83814	0	-0.030528	0	0	0	0	0	0	0	0	0	-2.73243	-0.241299	0.0696962	0	0	0.503728	0	0	0	0.096373	-0.0170562	0.444729
2015-08-04 00:00:00	-0.802252	-0.0159622	2.77334	0	-0.00830947	0	0	0	0	0	0	0	0	0	-1.48921	-0.240678	0.0695818	0	0	0.451924	0	0	0	0.0960321	-0.0159261	0.818538
2015-08-05 00:00:00	-1.90676	-0.008122	2.92155	0	0.000325935	0	0	0	0	0	0	0	0	0	-1.24515	-0.240477	0.0695454	0	0	0.431381	0	0	0	0.0962757	-0.0147141	0.103852
2015-08-06 00:00:00	-1.4045	-0.0113097	2.83515	0	-0.000419505	0	0	0	0	0	0	0	0	0	-1.38406	-0.240066	0.0693408	0	0	0.408943	0	0	0	0.0956742	-0.0143358	0.354415
2015-08-07 00:00:00	0	-0.0102067	2.77656	0	-0.000749926	0	0	0	0	0	0	0	0	0	-2.47707	-0.239584	0.0692371	0	0	0.359327	0	0	0	0.0951325	-0.013932	0.558719
2015-08-08 00:00:00	-0.2	0	2.4764	0	-6.24847E-05	0	0	0	0	0	0	0	0	0	-2.20772	-0.239219	0.0691411	0	0	0.322309	0	0	0	0.0949436	-0.012897	0.302899
2015-08-09 00:00:00	0	0	2.36297	0	0	0	0	0	0	0	0	0	0	0	-2.15806	-0.238747	0.0690653	0	0	0.290073	0	0	0	0.0947272	-0.0121856	0.407844
2015-08-10 00:00:00	-0.802252	0	2.51039	0	0	0	0	0	0	0	0	0	0	0	-1.55636	-0.238352	0.0689616	0	0	0.275296	0	0	0	0.0944973	-0.0116348	0.340548
2015-08-11 00:00:00	-0.302252	0	2.13277	0	0	0	0	0	0	0	0	0	0	0	-1.861	-0.237857	0.0688694	0	0	0.262249	0	0	0	0.0942456	-0.01139	0.145634
2015-08-12 00:00:00	0	0	2.38929	0	0	0	0	0	0	0	0	0	0	0	-2.25784	-0.237117	0.0687746	0	0	0.238412	0	0	0	0.0939944	-0.0111705	0.284344
2015-08-13 00:00:00	-0.2	0	2.3054	0	0	0	0	0	0	0	0	0	0	0	-1.97948	-0.23685	0.0686907	0	0	0.220739	0	0	0	0.093757	-0.0107853	0.261476
2015-08-14 00:00:00	-10.3383	2.41903	2.70787	0	0.00406187	0	0	0	0	0	0	0	0	0	3.88657	-0.236571	0.068704	0	0	0.299573	0	0	0	0.0935337	-0.0107976	-1.10631
2015-08-15 00:00:00	-0.902252	-1.62361	2.66898	0	2.5396E-05	0	0	0	0	0	0	0	0	0	-0.524925	-0.236313	0.0686506	0	0	0.367592	0	0	0	0.0935665	-0.0127016	-0.100985
2015-08-16 00:00:00	0	-0.776104	2.65712	0	-0.00295023	0	0	0	0	0	0	0	0	0	-1.91827	-0.235894	0.0685252	0	0	0.365122	0	0	0	0.0932866	-0.0131135	0.237722
2015-08-17 00:00:00	-0.2	-0.0193201	2.81641	0	-0.00111723	0	0	0	0	0	0	0	0	0	-1.99125	-0.234377	0.0683033	0	0	0.310643	0	0	0	0.0930881	-0.0126863	0.829693
2015-08-18 00:00:00	-1.2045	0	2.26403	0	0	0	0	0	0	0	0	0	0	0	-1.33428	-0.234294	0.0682291	0	0	0.301422	0	0	0	0.0931538	-0.0119535	-0.058196
2015-08-19 00:00:00	-1.50676	0	2.48641	0	0	0	0	0	0	0	0	0	0	0	-1.14898	-0.233778	0.0681365	0	0	0.303283	0	0	0	0.0926632	-0.0117954	0.0491886
2015-08-20 00:00:00	-0.502252	0	2.25642	0	0	0	0	0	0	0	0	0	0	0	-1.82197	-0.233146	0.0680409	0	0	0.288534	0	0	0	0.0924036	-0.0118152	0.136217
2015-08-21 00:00:00	-0.302252	0	2.15449	0	0	0	0	0	0	0	0	0	0	0	-1.8575	-0.232711	0.0679472	0	0	0.269424	0	0	0	0.0917436	-0.0115653	0.179569
2015-08-22 00:00:00	-7.72927	2.42807	2.79724	0	0.00141814	0	0	0	0	0	0	0	0	0	1.52008	-0.232129	0.0679342	0	0	0.316741	0	0	0	0.0914917	-0.0113867	-0.749817
2015-08-23 00:00:00	-0.902252	-1.84777	2.90268	0	-7.26851E-09	0	0	0	0	0	0	0	0	0	-0.355481	-0.23179	0.0678792	0	0	0.359866	0	0	0	0.0912235	-0.0126066	0.0717496
2015-08-24 00:00:00	-0.502252	-0.573743	2.33077	0	-0.00142049	0	0	0	0	0	0	0	0	0	-1.43516	-0.231374	0.0677842	0	0	0.365082	0	0	0	0.0910148	-0.0129422	0.0977606
2015-08-25 00:00:00	-0.2	-0.00655741	2.03418	0	0	0	0	0	0	0	0	0	0	0	-1.77308	-0.230415	0.0675962	0	0	0.334878	0	0	0	0.0908071	-0.0128099	0.304596
2015-08-26 00:00:00	-0.0900717	0.0290668	1.87642	0	0	0	0	0	0	0	0	0	0	0	-1.86758	-0.230014	0.0675304	0	0	0.310568	0	0	0	0.0906999	-0.012214	0.174402
2015-08-27 00:00:00	-0.0180143	-0.0290668	1.79149	0	0	0	0	0	0	0	0	0	0	0	-1.52987	-0.229653	0.0674582	0	0	0.287056	0	0	0	0.0903638	-0.0116354	0.418129
2015-08-28 00:00:00	-0.411259	0	1.7939	0	0	0	0	0	0	0	0	0	0	0	-1.46509	-0.22928	0.0672247	0	0	0.270759	0	0	0	0.0901656	-0.0113322	0.105085
2015-08-29 00:00:00	0	0	1.6942	0	0	0	0	0	0	0	0	0	0	0	-1.63304	-0.228388	0.0671141	0	0	0.254807	0	0	0	0.0899731	-0.0111997	0.233469
2015-08-30 00:00:00	0	0	1.58525	0	0	0	0	0	0	0	0	0	0	0	-1.11587	-0.227898	0.0669227	0	0	0.24147	0	0	0	0.0897064	-0.0110332	0.62855
2015-08-31 00:00:00	0	0	1.41348	0	0	0	0	0	0	0	0	0	0	0	-1.61782	-0.227619	0.0667786	0	0	0.227425	0	0	0	0.0896521	-0.0107993	-0.0589013
2015-09-01 00:00:00	-4.94596	2.31153	2.16647	0	5.49234E-10	0	0	0	0	0	0	0	0	0	0.0372348	-0.227221	0.0666993	0	0	0.261777	0	0	0	0.088994	-0.0105637	-0.251036
2015-09-02 00:00:00	-0.2	-1.6202	1.98489	0	0	0	0	0	0	0	0	0	0	0	-0.401858	-0.22677	0.0665386	0	0	0.288783	0	0	0	0.0887863	-0.0110733	-0.0309117
2015-09-03 00:00:00	0	-0.691322	1.58715	0	0	0	0	0	0	0	0	0	0	0	-1.06394	-0.226224	0.0660535	0	0	0.29513	0	0	0	0.0885103	-0.0114892	0.0438684
2015-09-04 00:00:00	-3.14145	0.881802	2.18855	0	1.27127E-10	0	0	0	0	0	0	0	0	0	-0.259208	-0.225703	0.0660953	0	0	0.317964	0	0	0	0.0882693	-0.011622	-0.0953043
2015-09-05 00:00:00	-0.00450358	-0.881802	1.56945	0	0	0	0	0	0	0	0	0	0	0	-0.817155	-0.22511	0.0660461	0	0	0.325787	0	0	0	0.0880133	-0.0119763	0.108751
2015-09-06 00:00:00	0	0	1.71089	0	0	0	0	0	0	0	0	0	0	0	-1.72623	-0.224466	0.0659852	0	0	0.297638	0	0	0	0.0874271	-0.0121167	0.199127
2015-09-07 00:00:00	0	0	2.53632	0	0	0	0	0	0	0	0	0	0	0	-2.20685	-0.224113	0.0658828	0	0	0.241569	0	0	0	0.0872393	-0.0116556	0.488394
2015-09-08 00:00:00	-0.395496	0	1.57388	0	0	0	0	0	0	0	0	0	0	0	-1.2032	-0.223705	0.0657908	0	0	0.228995	0	0	0	0.0868377	-0.0107787	0.122323
2015-09-09 00:00:00	0	0	1.15425	0	0	0	0	0	0	0	0	0	0	0	-1.18745	-0.222614	0.0657176	0	0	0.22535	0	0	0	0.0866718	-0.010584	0.111346
2015-09-10 00:00:00	0	0	1.24259	0	0	0	0	0	0	0	0	0	0	0	-1.31872	-0.222394	0.0656187	0	0	0.219305	0	0	0	0.0864623	-0.010516	0.0623486
2015-09-11 00:00:00	0	0	1.13618	0	0	0	0	0	0	0	0	0	0	0	-1.20066	-0.222011	0.0654764	0	0	0.215876	0	0	0	0.0858249	-0.0104085	0.0702788
2015-09-12 00:00:00	-10.3009	2.6432	2.04096	0	-1.25377E-06	0	0	0	0	0	0	0	0	0	4.03768	-0.221588	0.0654247	0	0	0.33535	0	0	0	0.0856233	-0.0104043	-1.32468
2015-09-13 00:00:00	-1.39099	-0.457956	1.83018	0	2.58159E-06	0	0	0	0	0	0	0	0	0	-0.197458	-0.221238	0.0653227	0	0	0.370693	0	0	0	0.0853938	-0.01274	0.071207
2015-09-14 00:00:00	-4.2045	0.454777	1.71835	0	-9.80723E-07	0	0	0	0	0	0	0	0	0	1.25855	-0.220796	0.0652012	0	0	0.422238	0	0	0	0.0851898	-0.0133852	-0.434386
2015-09-15 00:00:00	0	-1.67376	1.83307	0	-1.27675E-06	0	0	0	0	0	0	0	0	0	-0.590977	-0.220425	0.0650678	0	0	0.441608	0	0	0	0.0848903	-0.0143352	-0.0748536
2015-09-16 00:00:00	0	-0.953691	1.6611	0	0	0	0	0	0	0	0	0	0	0	-0.899149	-0.21989	0.0649333	0	0	0.438477	0	0	0	0.0847588	-0.0143931	0.162144
2015-09-17 00:00:00	-1.19099	-0.00620504	1.61217	0	0	0	0	0	0	0	0	0	0	0	-0.239466	-0.219227	0.0648008	0	0	0.426378	0	0	0	0.0845856	-0.0142443	0.517801
2015-09-18 00:00:00	-0.00450358	-0.00311186	1.4291	0	0	0	0	0	0	0	0	0	0	0	-1.77461	-0.21798	0.0647291	0	0	0.398819	0	0	0	0.0846279	-0.0140716	-0.0369981
2015-09-19 00:00:00	-0.00450358	-0.00204955	1.39629	0	0	0	0	0	0	0	0	0	0	0	-1.48179	-0.217747	0.064642	0	0	0.372277	0	0	0	0.0839825	-0.0136114	0.197499
2015-09-20 00:00:00	-3.20901	1.23303	1.84693	0	4.89179E-09	0	0	0	0	0	0	0	0	0	-0.491315	-0.217311	0.0645867	0	0	0.38238	0	0	0	0.0834898	-0.0129987	-0.320218
2015-09-21 00:00:00	-6.75947	1.47415	1.72838	0	0.00167736	0	0	0	0	0	0	0	0	0	2.2902	-0.217047	0.0644836	0	0	0.437343	0	0	0	0.0829272	-0.0136695	-0.911025
2015-09-22 00:00:00	-0.204504	-1.27806	1.5918	0	0.000107919	0	0	0	0	0	0	0	0	0	-0.354136	-0.216686	0.0643797	0	0	0.485835	0	0	0	0.08274	-0.0150942	0.156379
2015-09-23 00:00:00	-1.61801	0.0818984	1.53534	0	-7.15733E-09	0	0	0	0	0	0	0	0	0	-0.565417	-0.215923	0.0642419	0	0	0.484973	0	0	0	0.0825888	-0.0151648	-0.16548
2015-09-24 00:00:00	-9.41801	1.23264	1.58496	0	0.0144183	0	0.00152093	0	0	0	0	0	0	0	5.0531	-0.215663	0.0641789	0	0	0.561365	0	0	0	0.0823681	-0.0160875	-1.05521
2015-09-25 00:00:00	-0.604504	-0.927019	1.61582	0	-0.00264673	0	0	0	0	0	0	0	0	0	-0.499414	-0.215271	0.0641454	0	0	0.6364	0	0	0	0.0822971	-0.0182261	0.131578
2015-09-26 00:00:00	-0.00450358	-1.40349	1.56986	0	-0.00237464	0	0.000669956	0	0	0	0	0	0	0	-0.584142	-0.214815	0.0640438	0	0	0.613019	0	0	0	0.082161	-0.0178036	0.102618
2015-09-27 00:00:00	0	-0.365168	1.73609	0	-0.00438599	0	3.31462E-05	0	0	0	0	0	0	0	-1.36463	-0.214334	0.0635846	0	0	0.573734	0	0	0	0.0820411	-0.0171375	0.489825
2015-09-28 00:00:00	-0.00450358	-0.0144924	1.86135	0	-0.00375899	0	0	0	0	0	0	0	0	0	-2.11863	-0.213582	0.0635651	0	0	0.499416	0	0	0	0.0819762	-0.0162924	0.135048
2015-09-29 00:00:00	0	-0.024441	2.70187	0	-0.00286204	0	0	0	0	0	0	0	0	0	-2.15035	-0.212491	0.0633644	0	0	0.415876	0	0	0	0.0812645	-0.0153269	0.856904
2015-09-30 00:00:00	-0.00900716	-0.0102667	2.02711	0	-8.99568E-05	0	0	0	0	0	0	0	0	0	-2.08288	-0.211884	0.0632998	0	0	0.3642	0	0	0	0.0815825	-0.0138661	0.2082
2015-10-01 00:00:00	-0.00450358	0	2.41411	0	0	0	0	0	0	0	0	0	0	0	-2.2755	-0.211487	0.0631105	0	0	0.312118	0	0	0	0.0810896	-0.0128004	0.366131
2015-10-02 00:00:00	0	0	1.07426	0	0	0	0	0	0	0	0	0	0	0	-1.25516	-0.210137	0.062942	0	0	0.299502	0	0	0	0.0810013	-0.0118761	0.040533
2015-10-03 00:00:00	0	0	0.953565	0	0	0	0	0	0	0	0	0	0	0	-1.12025	-0.209679	0.0626796	0	0	0.297005	0	0	0	0.0808585	-0.011663	0.0525206
2015-10-04 00:00:00	0	0	0.770002	0	0	0	0	0	0	0	0	0	0	0	-1.16382	-0.209083	0.0625473	0	0	0.299677	0	0	0	0.0804737	-0.0116049	-0.171807
2015-10-05 00:00:00	-3.55496	1.84687	1.50075	0	1.02807E-08	0	0	0	0	0	0	0	0	0	-0.385771	-0.208666	0.0624418	0	0	0.323013	0	0	0	0.0803063	-0.0116662	-0.347685
2015-10-06 00:00:00	-4.25404	0.856496	1.49451	0	0.00144075	0	0	0	0	0	0	0	0	0	1.10004	-0.208118	0.0624546	0	0	0.36171	0	0	0	0.0800526	-0.0123375	-0.517794
2015-10-07 00:00:00	-4.34145	-0.00322927	1.20669	0	0.00285468	0	0	0	0	0	0	0	0	0	2.11674	-0.207871	0.0623764	0	0	0.447853	0	0	0	0.0799653	-0.0139269	-0.650001
2015-10-08 00:00:00	-0.00450358	-1.13206	1.233	0	-0.000584024	0	0	0	0	0	0	0	0	0	-0.62223	-0.20736	0.0622874	0	0	0.490799	0	0	0	0.0798388	-0.0151175	-0.115932
2015-10-09 00:00:00	-0.804504	-0.398999	1.24326	0	0.000178344	0	0	0	0	0	0	0	0	0	-0.350775	-0.206601	0.0622594	0	0	0.490134	0	0	0	0.0796871	-0.0151662	0.0994736
2015-10-10 00:00:00	0	-0.958583	1.15139	0	0.000438128	0	0	0	0	0	0	0	0	0	-0.47715	-0.20626	0.0621062	0	0	0.487449	0	0	0	0.079543	-0.0151079	0.123827
2015-10-11 00:00:00	0	-0.199808	0.925984	0	-0.000532683	0	0	0	0	0	0	0	0	0	-0.956105	-0.205763	0.0617118	0	0	0.473568	0	0	0	0.0794089	-0.0149571	0.163507
2015-10-12 00:00:00	-2.82702	1.61814	1.03852	0	0.00106007	0	0	0	0	0	0	0	0	0	-0.411998	-0.205174	0.0617185	0	0	0.470884	0	0	0	0.079321	-0.0146754	-0.189226
2015-10-13 00:00:00	-0.804504	-0.190011	0.992361	0	0.000300133	0	0.000452162	0	0	0	0	0	0	0	-0.573441	-0.204447	0.061629	0	0	0.475093	0	0	0	0.0787422	-0.0148322	-0.178658
2015-10-14 00:00:00	-0.00450358	-0.96241	1.06287	0	-1.32053E-05	0	0.000839673	0	0	0	0	0	0	0	-0.451602	-0.203974	0.0615632	0	0	0.476051	0	0	0	0.0786149	-0.0148338	0.0426034
2015-10-15 00:00:00	-0.2	-0.340493	0.795507	0	-4.33399E-05	0	0.000321704	0	0	0	0	0	0	0	-0.482373	-0.203277	0.0614761	0	0	0.473432	0	0	0	0.0784825	-0.0147783	0.168255
2015-10-16 00:00:00	-1	0.130537	0.869463	0	4.94945E-05	0	0.000920786	0	0	0	0	0	0	0	-0.508737	-0.202676	0.0613912	0	0	0.472467	0	0	0	0.0784139	-0.0147053	-0.112876
2015-10-17 00:00:00	-0.195496	-0.254343	0.838519	0	-2.30624E-05	0	0.000214728	0	0	0	0	0	0	0	-0.686246	-0.202089	0.0613118	0	0	0.46945	0	0	0	0.0782011	-0.0147269	0.0947719
2015-10-18 00:00:00	0	-0.00909459	0.821808	0	-0.000827659	0	0	0	0	0	0	0	0	0	-0.796046	-0.201441	0.0611271	0	0	0.448436	0	0	0	0.0781079	-0.01465	0.387419
2015-10-19 00:00:00	-0.00450358	-0.00300464	0.756302	0	-9.44468E-05	0	0	0	0	0	0	0	0	0	-1.17373	-0.200884	0.0610637	0	0	0.432138	0	0	0	0.0777349	-0.014292	-0.0692701
2015-10-20 00:00:00	-1.8	0.808336	0.915672	0	0.000947591	0	0.000689599	0	0	0	0	0	0	0	-0.42212	-0.200275	0.0610282	0	0	0.438361	0	0	0	0.0770225	-0.0140446	-0.134382
2015-10-21 00:00:00	-0.4	-0.636935	1.07557	0	8.02675E-05	0	0.000886728	0	0	0	0	0	0	0	-0.437544	-0.199771	0.0609468	0	0	0.448839	0	0	0	0.076945	-0.0142264	-0.0252079
2015-10-22 00:00:00	-0.4	-0.171397	0.877934	0	-0.000102986	0	0.00019568	0	0	0	0	0	0	0	-0.591698	-0.198634	0.0608981	0	0	0.452414	0	0	0	0.0768083	-0.0143738	0.0920446
2015-10-23 00:00:00	-0.00450358	0	0.729671	0	-0.000723203	0	0	0	0	0	0	0	0	0	-0.6702	-0.198118	0.060804	0	0	0.438732	0	0	0	0.0766903	-0.0143311	0.418022
2015-10-24 00:00:00	-5.82252	2.65135	0.845066	0	0.00079486	0	0.00239108	0	0	0	0	0	0	0	1.18895	-0.197286	0.0608145	0	0	0.4722	0	0	0	0.0763753	-0.0141683	-0.736034
2015-10-25 00:00:00	-0.2	-0.588793	0.829669	0	-5.5959E-05	0	0.00124877	0	0	0	0	0	0	0	-0.537551	-0.197149	0.0607324	0	0	0.517669	0	0	0	0.0760864	-0.015522	-0.0536663
2015-10-26 00:00:00	0	-0.750057	0.824061	0	-6.51211E-06	0	0.000339724	0	0	0	0	0	0	0	-0.215493	-0.196599	0.0605019	0	0	0.513316	0	0	0	0.0760007	-0.0157655	0.296298
2015-10-27 00:00:00	0	-0.727214	0.797909	0	1.57858E-06	0	0.0013723	0	0	0	0	0	0	0	-0.752026	-0.196383	0.0604359	0	0	0.511323	0	0	0	0.0753492	-0.0155315	-0.244763
2015-10-28 00:00:00	-12.1685	2.10785	0.875638	0	0.0468678	-0.00701846	0.0187872	0	0	0	0	0	0	0	6.92542	-0.196164	0.0604011	0	0	0.651563	0	0	0	0.0753619	-0.0166779	-1.62644
2015-10-29 00:00:00	-1.58649	-0.0134241	0.741622	0	0.00299334	-0.00269684	0.00574035	0	0	0	0	0	0	0	0.15112	-0.195919	0.0603815	0	0	0.780712	0	0	0	0.0753902	-0.0203985	-0.000968621
2015-10-30 00:00:00	-3.77298	-0.00684207	0.712958	0	0.0134342	-0.00787351	0.0165415	0	0	0	0	0	0	0	2.05197	-0.195614	0.0603357	0	0	0.808702	0	0	0	0.075386	-0.020524	-0.264505
2015-10-31 00:00:00	-0.990993	-0.0191794	0.855124	0	-0.00161021	-0.000616953	0.00267536	0	0	0	0	0	0	0	-0.38113	-0.195241	0.0602684	0	0	0.802197	0	0	0	0.0753962	-0.0208622	0.186028
2015-11-01 00:00:00	-0.2	-0.462343	0.695854	0	-0.00130848	-1.21876E-05	0.00101675	0	0	0	0	0	0	0	-0.477082	-0.19468	0.0601442	0	0	0.759717	0	0	0	0.07534	-0.0202143	0.236433
2015-11-02 00:00:00	-0.00450358	-0.801878	0.902862	0	-0.00288209	0	0.00108317	0	0	0	0	0	0	0	-0.63566	-0.194268	0.0600832	0	0	0.720992	0	0	0	0.0752738	-0.0195508	0.101551
2015-11-03 00:00:00	-0.204504	-0.663959	0.948394	0	-0.00243822	0	0.000771566	0	0	0	0	0	0	0	-0.496334	-0.193889	0.0598558	0	0	0.685694	0	0	0	0.0752314	-0.0190696	0.189754
2015-11-04 00:00:00	-12.3324	1.91178	0.648617	0	0.0110239	-0.0243843	0.0682235	0	0	0	0	0	0	0	7.15283	-0.193906	0.0598739	0	0	0.807777	0	0	0	0.0752757	-0.0197673	-1.8351
2015-11-05 00:00:00	-2.78199	-0.00609	0.695564	0	-0.00342857	-0.00592675	0.0177327	0	0	0	0	0	0	0	1.13577	-0.193756	0.0598046	0	0	0.952798	0	0	0	0.0754645	-0.023667	-0.077717
2015-11-06 00:00:00	-0.390993	-0.270482	0.66983	0	-0.00157911	-0.00019683	0.00152694	0	0	0	0	0	0	0	-0.5839	-0.193364	0.0597134	0	0	0.915506	0	0	0	0.0754762	-0.0232771	0.25826
2015-11-07 00:00:00	-20.0784	0.253617	0.634052	0	0.00684683	-0.0499183	0.138615	0	0	0	0	0	0	0	14.187	-0.19362	0.0597838	0	0	1.23829	0	0	0	0.0757375	-0.0262675	-3.75425
2015-11-08 00:00:00	-10.1144	-0.00946815	0.621717	0	-0.00245134	-0.0255092	0.0720513	0	0	0	0	0	0	0	6.55163	-0.194044	0.0598891	0	0	1.67041	0	0	0	0.0762218	-0.0344164	-1.32841
2015-11-09 00:00:00	-15.964	0.000246572	0.631034	0	-2.35823E-05	-0.040243	0.112822	0	0	0	0	0	0	0	10.5515	-0.194917	0.0600745	0	0	2.01627	0	0	0	0.076773	-0.0380014	-2.78845
2015-11-10 00:00:00	-7.98649	-0.0190067	0.727512	0	-0.00075327	-0.0194253	0.0550107	0	0	0	0	0	0	0	4.57546	-0.195833	0.0602819	0	0	2.18871	0	0	0	0.0774024	-0.0409806	-0.578113
2015-11-11 00:00:00	-2	-0.0060933	0.61816	0	-0.00226548	-0.00390752	0.0123056	0	0	0	0	0	0	0	0.415728	-0.195979	0.0603433	0	0	2.0584	0	0	0	0.077719	-0.0401164	0.99429
2015-11-12 00:00:00	-6.34596	-0.00731883	0.558065	0	0.00170133	-0.0151058	0.0428691	0	0	0	0	0	0	0	3.44789	-0.19634	0.0604335	0	0	1.9514	0	0	0	0.0780049	-0.0386095	-0.462969
2015-11-13 00:00:00	-19.9324	0.000503396	0.473086	0	0.00163513	-0.0509351	0.142085	0	0	0	0	0	0	0	12.4853	-0.198681	0.0608956	0	0	2.25113	0	0	0	0.0789732	-0.0411198	-4.72961
2015-11-14 00:00:00	-14.5054	-0.015965	0.471638	0	0.00112239	-0.0373492	0.10459	0	0	0	0	0	0	0	8.66015	-0.201534	0.0614844	0	0	2.65899	0	0	0	0.0803953	-0.0457459	-2.76765
2015-11-15 00:00:00	-27.8514	-0.00240889	0.539116	0	0.027432	-0.0719287	0.200782	0	0	0	0	0	0	0	16.4637	-0.205673	0.0622746	0	0	3.42789	0	0	0	0.0822114	-0.0527462	-7.38075
2015-11-16 00:00:00	-15.2604	-0.0097258	0.459158	0	-0.0124808	-0.0396541	0.111644	0	0	0	0	0	0	0	8.65454	-0.2094	0.062956	0	0	4.33856	0	0	0	0.0840294	-0.0605751	-1.88133
2015-11-17 00:00:00	-14.5099	-0.00614478	0.425598	0	-0.0144871	-0.0373204	0.10518	0	0	0	0	0	0	0	8.02965	-0.211624	0.0634199	0	0	4.4679	0	0	0	0.085519	-0.0619844	-1.66422
2015-11-18 00:00:00	-20.2964	-0.011973	0.479204	0	0.113028	-0.0522817	0.146062	0	0	0	0	0	0	0	10.939	-0.214794	0.0640337	0	0	4.90736	0	0	0	0.087341	-0.064352	-3.90374
2015-11-19 00:00:00	-2.59099	-0.010429	0.434452	0	-0.0686575	-0.00632802	0.0196326	0	0	0	0	0	0	0	1.19753	-0.215717	0.0643034	0	0	4.79777	0	0	0	0.0886364	-0.064813	3.64538
2015-11-20 00:00:00	-7.96397	-0.00175187	0.367023	0	-0.0477699	-0.0197898	0.0566383	0	0	0	0	0	0	0	3.82722	-0.216063	0.0644431	0	0	4.30134	0	0	0	0.089336	-0.06025	0.396403
2015-11-21 00:00:00	-1.79099	-0.00889203	0.332174	0	-0.00111352	-0.00415089	0.0131537	0	0	0	0	0	0	0	0.410736	-0.216047	0.0644988	0	0	3.86903	0	0	0	0.0900109	-0.0572882	2.70112
2015-11-22 00:00:00	-6.73695	-0.0126668	0.305687	0	0.00508491	-0.0168119	0.0477974	0	0	0	0	0	0	0	3.17591	-0.216379	0.064599	0	0	3.51773	0	0	0	0.0905108	-0.0539966	0.170517
2015-11-23 00:00:00	-5.92344	-0.00934232	0.352151	0	-0.00376475	-0.01488	0.0429302	0	0	0	0	0	0	0	2.63648	-0.216884	0.0647364	0	0	3.3089	0	0	0	0.0912561	-0.0520182	0.276121
2015-11-24 00:00:00	-0.809007	-0.00871921	0.395083	0	-0.00229943	-0.00136155	0.00582824	0	0	0	0	0	0	0	-0.25471	-0.216688	0.0647314	0	0	2.97799	0	0	0	0.0916649	-0.0497998	2.19272
2015-11-25 00:00:00	0	-0.351599	0.371239	0	-0.00100718	-5.3431E-05	0.00164926	0	0	0	0	0	0	0	-0.630175	-0.216201	0.0646564	0	0	2.57481	0	0	0	0.0917661	-0.0464388	1.85865
2015-11-26 00:00:00	-0.8	0.319989	0.438222	0	0.000544962	0	0.00187172	0	0	0	0	0	0	0	-0.547946	-0.215795	0.0645896	0	0	2.26387	0	0	0	0.0918144	-0.042754	1.57441
2015-11-27 00:00:00	-11.9324	0.00546158	0.370169	0	0.00476719	-0.029865	0.0844923	0	0	0	0	0	0	0	5.96199	-0.216879	0.0648281	0	0	2.30833	0	0	0	0.0923043	-0.0422086	-3.32906
2015-11-28 00:00:00	-12.3099	-0.00779846	0.337512	0	6.72221E-05	-0.0317197	0.089791	0	0	0	0	0	0	0	6.47506	-0.218603	0.0652351	0	0	2.61447	0	0	0	0.0935185	-0.0452878	-2.93768
2015-11-29 00:00:00	-21.9009	-0.00811728	0.309237	0	0.0026921	-0.0568198	0.159103	0	0	0	0	0	0	0	11.4081	-0.22158	0.066116	0	0	3.36149	0	0	0	0.095411	-0.0509311	-6.83623
2015-11-30 00:00:00	-3.98649	-0.00829667	0.291903	0	-0.00479647	-0.0103414	0.0316216	0	0	0	0	0	0	0	1.74513	-0.222918	0.0666739	0	0	3.56902	0	0	0	0.097007	-0.0550333	1.51349
2015-12-01 00:00:00	-7.37298	-0.0154258	0.461036	0	0.00507615	-0.0181026	0.0520919	0	0	0	0	0	0	0	3.1677	-0.223594	0.0668337	0	0	3.34719	0	0	0	0.0976488	-0.0526467	-0.485167
2015-12-02 00:00:00	-8.72794	-0.00453711	0.37375	0	0.00185756	-0.0220844	0.0643572	0	0	0	0	0	0	0	4.09999	-0.224724	0.0670753	0	0	3.29663	0	0	0	0.0985096	-0.0522424	-1.02936
2015-12-03 00:00:00	-21.9973	-0.00484088	0.260003	0	0.00415107	-0.0573346	0.164791	0	0	0	0	0	0	0	10.6493	-0.227816	0.0677873	0	0	3.81409	0	0	0	0.0999779	-0.05485	-7.28211
2015-12-04 00:00:00	-27.3189	-0.00607517	0.329663	0	0.0120862	-0.0711316	0.20684	0	0	0	0	0	0	0	14.2042	-0.233044	0.0688167	0	0	4.98939	0	0	0	0.1025	-0.0635558	-7.77925
2015-12-05 00:00:00	-35.9595	-0.0123602	0.373622	0	0.618007	-0.0942332	0.300754	0	0	0	0	0	0	0	18.6736	-0.239402	0.0702696	0	0	6.76979	0	0	0	0.106172	-0.0759065	-9.46914
2015-12-06 00:00:00	-8.82702	-0.00482733	0.30643	0	-0.617717	-0.0230488	0.0757742	0	0	0	0	0	0	0	4.19078	-0.243189	0.0711944	0	0	7.43139	0	0	0	0.109223	-0.0810215	2.38797
2015-12-07 00:00:00	-2.98649	-0.0129444	0.335983	0	0.0328887	-0.00725383	0.0249391	0	0	0	0	0	0	0	0.569158	-0.244187	0.0713936	0	0	6.53336	0	0	0	0.110248	-0.0768411	4.35025
2015-12-08 00:00:00	-1.9955	-0.0105813	0.339563	0	-0.0461096	-0.00440161	0.0163999	0	0	0	0	0	0	0	-0.398453	-0.244917	0.071329	0	0	5.56718	0	0	0	0.110846	-0.070526	3.33483
2015-12-09 00:00:00	-6.12344	-0.00173646	0.32993	0	-0.00494293	-0.0151755	0.0475576	0	0	0	0	0	0	0	1.94767	-0.245737	0.0713404	0	0	5.00744	0	0	0	0.111477	-0.0654866	1.0589
2015-12-10 00:00:00	-0.595496	-0.0100801	0.293963	0	-0.0025504	-0.00112929	0.00698451	0	0	0	0	0	0	0	-1.00565	-0.245802	0.0713036	0	0	4.37422	0	0	0	0.112068	-0.0619371	2.93589
2015-12-11 00:00:00	-3.20901	-0.00756657	0.277035	0	0.00137562	-0.00744059	0.0247027	0	0	0	0	0	0	0	0.710796	-0.245902	0.0713072	0	0	3.86115	0	0	0	0.112278	-0.0578679	1.53086
2015-12-12 00:00:00	-1.77748	-0.00747205	0.257339	0	-0.000425676	-0.00412138	0.0150564	0	0	0	0	0	0	0	-0.0773938	-0.246025	0.0712861	0	0	3.44028	0	0	0	0.112665	-0.0545197	1.72919
2015-12-13 00:00:00	-0.990993	-0.0138515	0.201439	0	-0.000514877	-0.00213411	0.00883976	0	0	0	0	0	0	0	-0.221108	-0.245847	0.0712301	0	0	3.04526	0	0	0	0.113019	-0.0509562	1.91438
2015-12-14 00:00:00	-0.2	-0.0810447	0.27997	0	-0.00139202	-9.87156E-05	0.0037867	0	0	0	0	0	0	0	-0.837128	-0.245626	0.0711438	0	0	2.67493	0	0	0	0.113223	-0.0471943	1.73057
2015-12-15 00:00:00	-1.96397	0.0626182	0.315954	0	0.00149999	-0.00396831	0.0146617	0	0	0	0	0	0	0	0.122067	-0.245541	0.0711213	0	0	2.41965	0	0	0	0.113311	-0.0438327	0.863568
2015-12-16 00:00:00	-0.00450358	-0.331511	0.354605	0	-0.00231413	-0.000169535	0.00387008	0	0	0	0	0	0	0	-0.740246	-0.245759	0.0710516	0	0	2.16647	0	0	0	0.113384	-0.0414252	1.34345
2015-12-17 00:00:00	-4.17748	0.319256	0.36368	0	0.00345054	-0.00874395	0.0283188	0	0	0	0	0	0	0	1.35982	-0.246019	0.0711645	0	0	2.02015	0	0	0	0.113448	-0.0396875	-0.192642
2015-12-18 00:00:00	-0.8	-0.00984356	0.345286	0	-0.00163893	-0.00139005	0.00714592	0	0	0	0	0	0	0	-0.418241	-0.245994	0.071379	0	0	1.89462	0	0	0	0.113603	-0.0389982	0.915924
2015-12-19 00:00:00	-1.77748	-0.011675	0.385623	0	0.000707912	-0.00358935	0.0131141	0	0	0	0	0	0	0	0.166438	-0.245939	0.0713684	0	0	1.74193	0	0	0	0.113605	-0.0366927	0.417413
2015-12-20 00:00:00	-23.9392	-0.00686413	0.313731	0	0.00785818	-0.0615337	0.176524	0	0	0	0	0	0	0	13.4076	-0.249241	0.0719951	0	0	2.35814	0	0	0	0.114539	-0.0406009	-7.84706
2015-12-21 00:00:00	-2.45855	-0.00847927	0.298063	0	-0.00716302	-0.00624476	0.0232871	0	0	0	0	0	0	0	0.383964	-0.251032	0.0723616	0	0	2.78641	0	0	0	0.115909	-0.0478564	0.900674
2015-12-22 00:00:00	-4.04504	-0.00727437	0.322589	0	0.000574444	-0.00954015	0.0310226	0	0	0	0	0	0	0	1.37747	-0.2519	0.0724614	0	0	2.62056	0	0	0	0.116123	-0.0462176	0.180836
2015-12-23 00:00:00	-3.0563	-0.00764319	0.293832	0	-0.000520454	-0.00713103	0.0238761	0	0	0	0	0	0	0	0.832553	-0.252382	0.0725835	0	0	2.49359	0	0	0	0.116663	-0.0452235	0.463898
2015-12-24 00:00:00	-20.537	-0.00855161	0.274613	0	0.00566643	-0.0528593	0.152689	0	0	0	0	0	0	0	11.1457	-0.255297	0.073168	0	0	3.02843	0	0	0	0.118427	-0.0482613	-6.1032
2015-12-25 00:00:00	-5.91218	-0.010727	0.250665	0	-0.00368139	-0.0155817	0.0488562	0	0	0	0	0	0	0	2.42632	-0.258559	0.0736542	0	0	3.47223	0	0	0	0.120274	-0.0537269	0.13754
2015-12-26 00:00:00	-42.7189	-0.003994	0.262295	0	0.132929	-0.119442	0.319799	0	0	0	0	0	0	0	22.5339	-0.265971	0.0751434	0	0	5.2515	0	0	0	0.12343	-0.0644088	-14.4737
2015-12-27 00:00:00	-0.604504	-0.00875693	0.285675	0	-0.135091	-0.00276807	0.0131229	0	0	0	0	0	0	0	-0.640734	-0.270803	0.0763338	0	0	6.02263	0	0	0	0.126898	-0.0738702	4.78813
2015-12-28 00:00:00	0	-0.323675	0.340907	0	-0.00166707	-3.2228E-05	0.00494601	0	0	0	0	0	0	0	-0.862216	-0.270472	0.0766814	0	0	5.11725	0	0	0	0.127262	-0.0675621	4.14142
2015-12-29 00:00:00	-4.35046	0.306425	0.329367	0	0.00225882	-0.00937566	0.0304518	0	0	0	0	0	0	0	1.59498	-0.271253	0.076707	0	0	4.374	0	0	0	0.127532	-0.0640327	2.1466
2015-12-30 00:00:00	-15.982	-0.00719397	0.314842	0	0.00370308	-0.0408244	0.119652	0	0	0	0	0	0	0	7.34199	-0.274121	0.0772768	0	0	4.66194	0	0	0	0.129706	-0.061471	-3.71648
2015-12-31 00:00:00	-4.8045	-0.00991125	0.259814	0	-0.00295659	-0.0123127	0.0398658	0	0	0	0	0	0	0	1.60537	-0.276252	0.0778152	0	0	4.64152	0	0	0	0.131077	-0.0632438	1.58628
2016-01-01 00:00:00	-2.02702	-0.00686887	0.254531	0	-0.00142623	-0.00469907	0.0180181	0	0	0	0	0	0	0	0.0821844	-0.277484	0.0776453	0	0	4.08083	0	0	0	0.132449	-0.060438	2.26772
2016-01-02 00:00:00	-10.7775	-0.0164626	0.301207	0	0.00504098	-0.0272148	0.0795321	0	0	0	0	0	0	0	5.13145	-0.280913	0.078156	0	0	4.11934	0	0	0	0.13366	-0.0578435	-1.31153
2016-01-03 00:00:00	-17.937	-0.00294721	0.268966	0	0.00539977	-0.0535859	0.138331	0	0	0	0	0	0	0	8.45946	-0.285707	0.0789022	0	0	4.74426	0	0	0	0.135291	-0.0614152	-4.51
2016-01-04 00:00:00	-10.1775	-0.00514405	0.258261	0	-0.00686892	-0.033148	0.0824782	0	0	0	0	0	0	0	4.55289	-0.290454	0.0799101	0	0	5.18792	0	0	0	0.136971	-0.0661653	-0.280826
2016-01-05 00:00:00	-23.9685	-0.0109864	0.269508	0	0.0117118	-0.0750911	0.183885	0	0	0	0	0	0	0	11.5764	-0.297118	0.082181	0	0	6.18906	0	0	0	0.140354	-0.0717048	-5.97031
2016-01-06 00:00:00	-1.4045	-0.00609922	0.240034	0	-0.014974	-0.00809121	0.019161	0	0	0	0	0	0	0	-0.233347	-0.30152	0.0831017	0	0	6.28046	0	0	0	0.143057	-0.0765189	4.72076
2016-01-07 00:00:00	-13.964	-0.00703178	0.294497	0	0.00436546	-0.0419235	0.106553	0	0	0	0	0	0	0	6.21182	-0.304526	0.0841649	0	0	6.10463	0	0	0	0.14497	-0.0734028	-1.43985
2016-01-08 00:00:00	-0.6	-0.00905578	0.238084	0	-0.00512425	-0.00333104	0.0102955	0	0	0	0	0	0	0	-0.951621	-0.305769	0.0846661	0	0	5.61022	0	0	0	0.150311	-0.0728209	4.14586
2016-01-09 00:00:00	-12.0676	-0.0106729	0.238216	0	0.00473762	-0.0350877	0.0906904	0	0	0	0	0	0	0	5.20899	-0.311972	0.0860489	0	0	5.44308	0	0	0	0.152683	-0.0689085	-1.26974
2016-01-10 00:00:00	-29.9595	-0.00725148	0.276609	0	0.0418547	-0.0944639	0.230838	0	0	0	0	0	0	0	14.2301	-0.324915	0.0882529	0	0	7.15154	0	0	0	0.15618	-0.0754971	-8.28622
2016-01-11 00:00:00	-4	-0.0133245	0.278461	0	-0.0322411	-0.0176968	0.0384742	0	0	0	0	0	0	0	0.878161	-0.330012	0.0894101	0	0	7.42705	0	0	0	0.161718	-0.0838529	4.39614
2016-01-12 00:00:00	-15.7081	-0.00266532	0.25579	0	-0.00446732	-0.0492053	0.122061	0	0	0	0	0	0	0	6.24564	-0.336412	0.0910924	0	0	7.32873	0	0	0	0.164052	-0.0810291	-1.97449
2016-01-13 00:00:00	-1.79099	-0.00786453	0.269875	0	-0.00894547	-0.00812701	0.0198482	0	0	0	0	0	0	0	0.068949	-0.341862	0.0924763	0	0	6.82183	0	0	0	0.166808	-0.0805001	5.2015
2016-01-14 00:00:00	-0.6	-0.00871621	0.221884	0	-0.0012814	-0.00189164	0.00793584	0	0	0	0	0	0	0	-0.571737	-0.344845	0.093452	0	0	5.84266	0	0	0	0.168075	-0.0743252	4.73121
2016-01-15 00:00:00	-1.59099	-0.00867962	0.217437	0	0.000647786	-0.00386641	0.0140721	0	0	0	0	0	0	0	-0.609703	-0.346677	0.0934446	0	0	5.06617	0	0	0	0.169059	-0.0678926	2.93302
2016-01-16 00:00:00	0	-0.178916	0.178916	0	-0.000967263	-0.000214194	0.00452104	0	0	0	0	0	0	0	-1.05287	-0.349547	0.0940355	0	0	4.36617	0	0	0	0.169781	-0.0631419	3.16777
2016-01-17 00:00:00	-0.786489	0.158976	0.259274	0	0.000624542	-0.000753725	0.00643667	0	0	0	0	0	0	0	-0.731436	-0.352683	0.095122	0	0	3.76984	0	0	0	0.170969	-0.0583016	2.53157
2016-01-18 00:00:00	-5.6045	-0.003915	0.233606	0	0.00191411	-0.0150527	0.0431257	0	0	0	0	0	0	0	1.58177	-0.354703	0.0956014	0	0	3.59525	0	0	0	0.172294	-0.0548514	-0.309465
2016-01-19 00:00:00	-7.10543	-0.0154901	0.244245	0	0.00231021	-0.0216223	0.0548204	0	0	0	0	0	0	0	2.84863	-0.359979	0.0961982	0	0	3.69133	0	0	0	0.173047	-0.0552232	-0.447153
2016-01-20 00:00:00	-5.8784	-0.00192449	0.264599	0	-0.00175043	-0.019394	0.0495753	0	0	0	0	0	0	0	1.74825	-0.366522	0.0965575	0	0	3.77344	0	0	0	0.173877	-0.0560316	-0.217721
2016-01-21 00:00:00	-0.827022	-0.00440974	0.338667	0	-0.00262091	-0.00286973	0.00944368	0	0	0	0	0	0	0	-0.698861	-0.371407	0.0965032	0	0	3.49583	0	0	0	0.174709	-0.0559099	2.15205
2016-01-22 00:00:00	-3.18649	-0.00493275	0.437158	0	0.0010272	-0.00820972	0.0243562	0	0	0	0	0	0	0	0.404022	-0.372698	0.0965542	0	0	3.22973	0	0	0	0.175461	-0.0525632	0.743415
2016-01-23 00:00:00	-0.6	-0.0105329	0.437954	0	-0.000874541	-0.000866576	0.00541037	0	0	0	0	0	0	0	-0.974308	-0.372833	0.0966602	0	0	2.92673	0	0	0	0.175853	-0.0498777	1.63332
2016-01-24 00:00:00	-2.57748	-1.32861E-05	0.504834	0	0.00108471	-0.00565227	0.018733	0	0	0	0	0	0	0	0.239628	-0.373574	0.0964963	0	0	2.66769	0	0	0	0.175843	-0.047625	0.699959
2016-01-25 00:00:00	-2.01351	-0.00589972	0.467374	0	-0.000399648	-0.00455256	0.0154782	0	0	0	0	0	0	0	-0.047143	-0.373432	0.0967767	0	0	2.51781	0	0	0	0.176012	-0.0460604	0.782453
2016-01-26 00:00:00	-11.973	-0.0168664	0.474208	0	0.00514185	-0.0348171	0.0880983	0	0	0	0	0	0	0	5.53408	-0.377416	0.0973305	0	0	2.91778	0	0	0	0.176997	-0.0469739	-3.15542
2016-01-27 00:00:00	-17.4	0.00186605	0.406513	0	0.00108214	-0.0550882	0.133354	0	0	0	0	0	0	0	7.63754	-0.386408	0.0983902	0	0	4.08834	0	0	0	0.179431	-0.0546516	-5.34963
2016-01-28 00:00:00	-4.98199	-0.00405429	0.434526	0	-0.00425232	-0.0182973	0.0423574	0	0	0	0	0	0	0	0.914927	-0.390789	0.0987436	0	0	4.44672	0	0	0	0.180165	-0.0626511	0.655413
2016-01-29 00:00:00	-10.0495	-0.0118665	0.450431	0	0.00228672	-0.0311354	0.075837	0	0	0	0	0	0	0	3.75074	-0.39358	0.0996101	0	0	4.61076	0	0	0	0.180517	-0.0625637	-1.3785
2016-01-30 00:00:00	-1.01351	-0.00279587	0.352202	0	-0.0049465	-0.00514104	0.0122325	0	0	0	0	0	0	0	-0.687971	-0.393635	0.10037	0	0	4.33656	0	0	0	0.182322	-0.0631391	2.81255
2016-01-31 00:00:00	-13.5775	-0.00496875	0.393727	0	0.0058569	-0.0411093	0.102089	0	0	0	0	0	0	0	5.08943	-0.396107	0.101051	0	0	4.593	0	0	0	0.183362	-0.0622735	-3.61342
2016-02-01 00:00:00	-11.7171	-0.00425757	0.50498	0	-0.000964878	-0.0379298	0.0898847	0	0	0	0	0	0	0	4.40381	-0.401055	0.102554	0	0	5.40082	0	0	0	0.184437	-0.0667878	-1.5416
2016-02-02 00:00:00	-3.13511	-0.0144112	0.456249	0	-0.00327882	-0.0115574	0.0256768	0	0	0	0	0	0	0	0.222027	-0.403627	0.102842	0	0	5.20944	0	0	0	0.185761	-0.0698398	2.56417
2016-02-03 00:00:00	-0.609007	0.00637452	0.451568	0	-0.00160479	-0.00265358	0.00764078	0	0	0	0	0	0	0	-1.24238	-0.404538	0.103344	0	0	4.57726	0	0	0	0.185997	-0.0647639	3.00723
2016-02-04 00:00:00	-3.38199	-0.00243872	0.521919	0	0.00136197	-0.00948087	0.0251865	0	0	0	0	0	0	0	0.32661	-0.406409	0.103488	0	0	4.11092	0	0	0	0.185945	-0.0606884	1.41443
2016-02-05 00:00:00	-5.45404	-0.0141341	0.547749	0	0.000921326	-0.0160314	0.0399321	0	0	0	0	0	0	0	1.44184	-0.407209	0.104258	0	0	3.9702	0	0	0	0.186136	-0.0588452	0.340773
2016-02-06 00:00:00	-1.19099	0.00367036	0.505195	0	-0.00188193	-0.00409926	0.0111586	0	0	0	0	0	0	0	-0.93998	-0.408498	0.104403	0	0	3.67687	0	0	0	0.186305	-0.0571137	1.88504
2016-02-07 00:00:00	-2.63603	-0.00494007	0.477874	0	0.000744402	-0.0073244	0.0197097	0	0	0	0	0	0	0	0.0337527	-0.409192	0.104995	0	0	3.35005	0	0	0	0.18607	-0.0541598	1.06155
2016-02-08 00:00:00	-1.42252	-0.00538401	0.524754	0	-0.000633161	-0.00377229	0.010963	0	0	0	0	0	0	0	-0.52133	-0.409349	0.104905	0	0	3.0645	0	0	0	0.185822	-0.0517955	1.47616
2016-02-09 00:00:00	-5.08557	-0.00908091	0.514342	0	0.00165287	-0.0143262	0.0368252	0	0	0	0	0	0	0	1.27546	-0.409525	0.104941	0	0	3.00702	0	0	0	0.185602	-0.0498267	-0.442492
2016-02-10 00:00:00	-0.195496	-0.263129	0.47434	0	-0.00334015	-0.00201966	0.00494821	0	0	0	0	0	0	0	-0.911159	-0.410031	0.104705	0	0	2.81733	0	0	0	0.185158	-0.0495195	1.75179
2016-02-11 00:00:00	-0.195496	-0.243903	0.475044	0	-0.000702357	-0.000904259	0.00464551	0	0	0	0	0	0	0	-0.915793	-0.409764	0.104537	0	0	2.5008	0	0	0	0.184746	-0.0457154	1.4575
2016-02-12 00:00:00	-0.195496	-0.209713	0.437012	0	-0.000968712	-0.000690624	0.00379614	0	0	0	0	0	0	0	-0.747369	-0.409646	0.104348	0	0	2.21323	0	0	0	0.184152	-0.0432329	1.33542
2016-02-13 00:00:00	-7.08557	0.697727	0.454348	0	0.00509688	-0.0172722	0.0458489	0	0	0	0	0	0	0	2.26211	-0.410789	0.104321	0	0	2.26798	0	0	0	0.183618	-0.0426009	-1.53518
2016-02-14 00:00:00	-1.01351	-0.00979849	0.480274	0	-0.00241278	-0.00352267	0.00900549	0	0	0	0	0	0	0	-0.824267	-0.411004	0.104375	0	0	2.35069	0	0	0	0.183172	-0.0439634	0.819041
2016-02-15 00:00:00	-0.102252	-0.310086	0.438263	0	-0.00137522	-0.000988421	0.00388911	0	0	0	0	0	0	0	-0.702041	-0.410775	0.104217	0	0	2.11498	0	0	0	0.182637	-0.0417041	1.27476
2016-02-16 00:00:00	-19.2352	0.301405	0.569293	0	0.00818356	-0.0601454	0.143123	0	0	0	0	0	0	0	7.95409	-0.414268	0.104604	0	0	2.86494	0	0	0	0.182348	-0.046186	-7.62782
2016-02-17 00:00:00	-10.5775	-0.00185787	0.507263	0	-0.00229666	-0.0438023	0.085279	0	0	0	0	0	0	0	3.40188	-0.417935	0.105672	0	0	4.09119	0	0	0	0.182406	-0.0580399	-2.72773
2016-02-18 00:00:00	-0.395496	-0.110076	0.505102	0	-0.00431709	-0.00608069	0.00756387	0	0	0	0	0	0	0	-1.46542	-0.419778	0.105823	0	0	3.99212	0	0	0	0.182271	-0.0602186	2.33149
2016-02-19 00:00:00	-2.03153	0.0943386	0.642803	0	0.000309599	-0.00488164	0.0134074	0	0	0	0	0	0	0	-0.0926168	-0.421009	0.105637	0	0	3.5062	0	0	0	0.181882	-0.0566331	1.93791
2016-02-20 00:00:00	-3.67656	0.000783889	0.647445	0	0.00107932	-0.00985777	0.0262521	0	0	0	0	0	0	0	0.252818	-0.421274	0.105647	0	0	3.33799	0	0	0	0.181718	-0.0530818	0.392963
2016-02-21 00:00:00	-3.65855	-0.0128249	0.689003	0	5.78993E-05	-0.0104436	0.0256987	0	0	0	0	0	0	0	0.42618	-0.422164	0.105712	0	0	3.21595	0	0	0	0.18147	-0.0519514	0.488146
2016-02-22 00:00:00	-0.2	-0.389574	0.628119	0	-0.00212192	-0.00140155	0.00467282	0	0	0	0	0	0	0	-1.10813	-0.421509	0.105527	0	0	2.80418	0	0	0	0.181158	-0.0510967	1.54983
2016-02-23 00:00:00	0	-0.457354	0.520707	0	-0.00285188	-0.00135869	0.00455888	0	0	0	0	0	0	0	-0.584088	-0.421348	0.105467	0	0	2.60174	0	0	0	0.180543	-0.0467661	1.89925
2016-02-24 00:00:00	-0.195496	-0.270567	0.523599	0	-0.00150018	-0.000828772	0.00412459	0	0	0	0	0	0	0	-0.744153	-0.420853	0.105531	0	0	2.30859	0	0	0	0.179951	-0.043615	1.44478
2016-02-25 00:00:00	0	-0.225099	0.537472	0	-0.00566966	-0.000577089	0.00253157	0	0	0	0	0	0	0	-0.829571	-0.42004	0.10579	0	0	2.04539	0	0	0	0.1794	-0.0409252	1.3487
2016-02-26 00:00:00	0	-0.229883	0.54849	0	-0.00559622	-0.000614562	0.00308174	0	0	0	0	0	0	0	-0.829245	-0.420081	0.105521	0	0	1.83073	0	0	0	0.17872	-0.0385627	1.14256
2016-02-27 00:00:00	0	-0.182645	0.516433	0	-0.00567938	-0.000727906	0.00374154	0	0	0	0	0	0	0	-0.761873	-0.419529	0.105385	0	0	1.67969	0	0	0	0.177881	-0.0361179	1.07656
2016-02-28 00:00:00	-0.2	-0.00375056	0.5944	0	-0.00545283	-0.000513216	0.00304084	0	0	0	0	0	0	0	-0.943576	-0.418741	0.105206	0	0	1.51405	0	0	0	0.177182	-0.0342568	0.787585
2016-02-29 00:00:00	-5.15046	1.7199	0.690123	0	0.0286612	-0.000989935	0.0112743	0	0	0	0	0	0	0	1.0615	-0.418347	0.105108	0	0	1.47043	0	0	0	0.176509	-0.0327946	-0.339076
2016-03-01 00:00:00	-9.90358	0.0108831	0.854297	0	0.00218325	-0.0277723	0.0704039	0	0	0	0	0	0	0	3.58107	-0.419552	0.105382	0	0	1.90906	0	0	0	0.176079	-0.0371052	-3.67865
2016-03-02 00:00:00	-1.0045	-0.0160032	0.754731	0	-0.0037901	-0.00316308	0.00718732	0	0	0	0	0	0	0	-0.951444	-0.420002	0.105516	0	0	2.14753	0	0	0	0.175546	-0.0412316	0.750372
2016-03-03 00:00:00	-0.790993	-0.0120547	0.728464	0	0.000234475	-0.00121976	0.00532697	0	0	0	0	0	0	0	-0.78531	-0.419242	0.105378	0	0	1.975	0	0	0	0.174818	-0.0396265	0.940779
2016-03-04 00:00:00	-7.63153	0.0131376	0.756044	0	0.00311956	-0.0210567	0.0534264	0	0	0	0	0	0	0	2.8238	-0.419666	0.105487	0	0	2.13947	0	0	0	0.174254	-0.039975	-2.04349
2016-03-05 00:00:00	-1.39099	0.00621348	0.806482	0	-0.00308576	-0.00407126	0.0105097	0	0	0	0	0	0	0	-0.740631	-0.420525	0.105525	0	0	2.24912	0	0	0	0.173794	-0.0424731	0.749865
2016-03-06 00:00:00	-0.390993	-0.262023	0.67343	0	-0.000968143	-0.000890757	0.00367163	0	0	0	0	0	0	0	-0.965214	-0.419777	0.105378	0	0	2.0465	0	0	0	0.173223	-0.0410773	0.921261
2016-03-07 00:00:00	-2.0045	0.246978	0.968691	0	0.00117189	-0.00222616	0.00892368	0	0	0	0	0	0	0	-0.0895506	-0.419241	0.105253	0	0	1.91635	0	0	0	0.172523	-0.0387009	0.865666
2016-03-08 00:00:00	-4.17748	0.0030752	0.82028	0	0.00102057	-0.0108311	0.029023	0	0	0	0	0	0	0	1.01716	-0.419172	0.105155	0	0	1.95103	0	0	0	0.171956	-0.0386099	-0.547398
2016-03-09 00:00:00	-3.18649	-0.0160212	0.827449	0	-0.000191667	-0.00825503	0.0213951	0	0	0	0	0	0	0	0.373797	-0.419178	0.105152	0	0	2.04051	0	0	0	0.171472	-0.0397117	-0.130077
2016-03-10 00:00:00	-0.395496	-0.391794	0.833851	0	-0.00298941	-0.00144579	0.00461836	0	0	0	0	0	0	0	-0.938579	-0.418633	0.105039	0	0	1.94374	0	0	0	0.170969	-0.0393936	0.869886
2016-03-11 00:00:00	-1.8	0.397857	0.887361	0	0.00196419	-0.00128701	0.00725582	0	0	0	0	0	0	0	-0.346711	-0.418	0.104906	0	0	1.80459	0	0	0	0.170294	-0.0376517	0.770578
2016-03-12 00:00:00	-0.395496	-0.62158	1.09049	0	-0.00250233	-0.000605548	0.00356865	0	0	0	0	0	0	0	-0.888536	-0.417292	0.10476	0	0	1.68944	0	0	0	0.16973	-0.036433	0.695538
2016-03-13 00:00:00	-0.00450358	-0.618895	0.97006	0	-0.0069564	-0.000489383	0.0025836	0	0	0	0	0	0	0	-0.993752	-0.416179	0.104543	0	0	1.53821	0	0	0	0.16912	-0.0357858	0.707952
2016-03-14 00:00:00	0	-0.456776	1.23765	0	-0.0134722	-0.000697247	0.0027605	0	0	0	0	0	0	0	-0.846566	-0.415625	0.104433	0	0	1.4445	0	0	0	0.168343	-0.0332978	1.19126
2016-03-15 00:00:00	0	-0.00724841	0.809043	0	-0.011385	-0.000492568	0.00248225	0	0	0	0	0	0	0	-0.949287	-0.414539	0.104209	0	0	1.27545	0	0	0	0.168032	-0.0310051	0.945255
2016-03-16 00:00:00	0	-0.00825998	0.919873	0	-0.011315	-0.000577392	0.00220279	0	0	0	0	0	0	0	-0.917236	-0.413686	0.104052	0	0	1.17337	0	0	0	0.167325	-0.0287761	0.986973
2016-03-17 00:00:00	-0.195496	-0.00766663	0.900874	0	-0.00722802	-0.000556954	0.00282642	0	0	0	0	0	0	0	-0.800534	-0.41283	0.103886	0	0	1.08929	0	0	0	0.166484	-0.0272283	0.811819
2016-03-18 00:00:00	-0.195496	-0.00831794	0.971488	0	-0.00603716	-0.000387296	0.00249036	0	0	0	0	0	0	0	-0.893435	-0.411597	0.103653	0	0	0.986361	0	0	0	0.165739	-0.0263505	0.68811
2016-03-19 00:00:00	0	-0.00874469	0.96705	0	-0.00335849	-0.000543601	0.00175308	0	0	0	0	0	0	0	-0.808806	-0.410878	0.103497	0	0	0.939536	0	0	0	0.16491	-0.0251005	0.919315
2016-03-20 00:00:00	0	-0.00982383	1.08333	0	9.71135E-05	-0.000389219	0.00171296	0	0	0	0	0	0	0	-1.1724	-0.409725	0.103281	0	0	0.86593	0	0	0	0.164381	-0.0239238	0.602472
2016-03-21 00:00:00	0	-0.0099001	1.08986	0	0.000508705	-0.000447061	0.00276828	0	0	0	0	0	0	0	-1.07587	-0.408611	0.103091	0	0	0.803637	0	0	0	0.16361	-0.0224034	0.646241
2016-03-22 00:00:00	0	-0.00650137	1.11822	0	-0.00050642	-0.000499425	0.00217124	0	0	0	0	0	0	0	-1.04631	-0.407898	0.102915	0	0	0.773716	0	0	0	0.162556	-0.0212065	0.676654
2016-03-23 00:00:00	-0.395496	0	1.13877	0	-5.98246E-05	-6.81411E-06	0.00165163	0	0	0	0	0	0	0	-0.705005	-0.406562	0.102552	0	0	0.746814	0	0	0	0.162002	-0.0207247	0.623931
2016-03-24 00:00:00	-3.01351	1.14782	1.28719	0	6.75925E-05	-3.19267E-06	0.00442595	0	0	0	0	0	0	0	0.331774	-0.405947	0.102476	0	0	0.768494	0	0	0	0.160919	-0.0206779	0.363029
2016-03-25 00:00:00	0	-1.0319	1.25171	0	-0.000328862	-0.000141314	0.00220587	0	0	0	0	0	0	0	-0.459085	-0.40508	0.102343	0	0	0.821827	0	0	0	0.160255	-0.021544	0.420263
2016-03-26 00:00:00	-4.78199	1.53735	1.42394	0	0.00054292	-0.000194488	0.00615603	0	0	0	0	0	0	0	0.825014	-0.404574	0.102244	0	0	0.877922	0	0	0	0.159426	-0.0224422	-0.276597
2016-03-27 00:00:00	-8.3306	0.0599503	1.27147	0	0.0587418	-0.000328832	0.0115742	0	0	0	0	0	0	0	3.1407	-0.405088	0.102393	0	0	1.17677	0	0	0	0.158839	-0.0266043	-2.7822
2016-03-28 00:00:00	-0.4	-0.674867	1.15777	0	-0.00363842	-0.000296507	0.0038814	0	0	0	0	0	0	0	-0.891973	-0.404987	0.102417	0	0	1.36149	0	0	0	0.158212	-0.0304799	0.377529
2016-03-29 00:00:00	-3.35046	0.647173	1.17696	0	0.0073908	-0.000473126	0.0104657	0	0	0	0	0	0	0	0.38896	-0.404339	0.102294	0	0	1.35069	0	0	0	0.157551	-0.0302913	0.0559203
2016-03-30 00:00:00	-0.195496	-0.906761	1.22462	0	-0.00477036	-0.000400111	0.00349331	0	0	0	0	0	0	0	-0.566377	-0.403753	0.10219	0	0	1.34576	0	0	0	0.156948	-0.0305233	0.724926
2016-03-31 00:00:00	-1.05855	-0.0744905	1.17436	0	0.000743965	-0.000144063	0.00183657	0	0	0	0	0	0	0	-0.435786	-0.40258	0.101974	0	0	1.27032	0	0	0	0.156438	-0.0300134	0.704113
2016-04-01 00:00:00	-0.6	-0.303584	1.25317	0	-0.00898895	-0.00040522	0.00420375	0	0	0	0	0	0	0	-0.535747	-0.402245	0.101903	0	0	1.23701	0	0	0	0.154912	-0.0291318	0.871092
2016-04-02 00:00:00	-2.1955	0.629097	1.52527	0	0.00125765	-0.000225523	0.00301551	0	0	0	0	0	0	0	-0.253983	-0.40136	0.101725	0	0	1.18649	0	0	0	0.154177	-0.0284993	0.721467
2016-04-03 00:00:00	-0.6	-0.758427	1.45776	0	-0.00362676	-0.000260783	0.00295424	0	0	0	0	0	0	0	-0.456564	-0.400768	0.1016	0	0	1.15898	0	0	0	0.153198	-0.0282187	0.626629
2016-04-04 00:00:00	-8.55947	1.45015	1.55871	0	0.0167451	-0.00880431	0.0370059	0	0	0	0	0	0	0	2.54136	-0.401003	0.101648	0	0	1.30079	0	0	0	0.152686	-0.0285004	-1.83868
2016-04-05 00:00:00	-4.8	-0.0320842	1.54693	0	-0.000416785	-0.00854275	0.026719	0	0	0	0	0	0	0	0.961772	-0.401324	0.101764	0	0	1.56348	0	0	0	0.152267	-0.033493	-0.922929
2016-04-06 00:00:00	-2.84053	0.00281767	1.40811	0	-0.00108771	-0.00413236	0.0138881	0	0	0	0	0	0	0	0.133183	-0.401136	0.101763	0	0	1.62526	0	0	0	0.151739	-0.0347501	0.155124
2016-04-07 00:00:00	-7.0045	0.0385131	1.47432	0	0.00185688	-0.0165681	0.0445126	0	0	0	0	0	0	0	2.00509	-0.401477	0.101875	0	0	1.78211	0	0	0	0.151347	-0.0359167	-1.85885
2016-04-08 00:00:00	-0.990993	-0.44522	1.48418	0	-0.00460456	-0.00178595	0.00479864	0	0	0	0	0	0	0	-0.809095	-0.401231	0.101875	0	0	1.82372	0	0	0	0.150936	-0.037671	0.874909
2016-04-09 00:00:00	-3.4045	0.440945	1.45912	0	0.00299856	-0.0030691	0.0132079	0	0	0	0	0	0	0	0.287292	-0.400808	0.101797	0	0	1.74226	0	0	0	0.150025	-0.0367605	0.352495
2016-04-10 00:00:00	-4.8	0.00010089	1.40018	0	0.000819136	-0.010142	0.0283055	0	0	0	0	0	0	0	1.03133	-0.400866	0.101832	0	0	1.81708	0	0	0	0.149528	-0.0369997	-0.718836
2016-04-11 00:00:00	0	-1.12019	1.45677	0	-0.00940998	-0.00115319	0.00364756	0	0	0	0	0	0	0	-0.88076	-0.400483	0.101778	0	0	1.77915	0	0	0	0.149133	-0.0374298	1.04105
2016-04-12 00:00:00	-4.2	1.09496	1.49741	0	0.00896318	-0.0020726	0.0110981	0	0	0	0	0	0	0	0.510266	-0.400025	0.101682	0	0	1.68155	0	0	0	0.148569	-0.0362712	0.416137
2016-04-13 00:00:00	-2.63153	0.0229066	1.29546	0	-0.000822474	-0.00379449	0.0134848	0	0	0	0	0	0	0	-0.00865495	-0.399858	0.101664	0	0	1.69553	0	0	0	0.148217	-0.0358055	0.196802
2016-04-14 00:00:00	-0.8	-0.741359	1.62877	0	-0.00377094	-0.00050829	0.00334403	0	0	0	0	0	0	0	-0.738425	-0.399276	0.101554	0	0	1.6147	0	0	0	0.147759	-0.0354695	0.777318
2016-04-15 00:00:00	-2.83603	0.745499	1.42265	0	0.00352654	-0.000261185	0.0064794	0	0	0	0	0	0	0	0.0199543	-0.398595	0.10142	0	0	1.52147	0	0	0	0.14706	-0.0349052	0.698267
2016-04-16 00:00:00	-0.804504	-0.505278	1.36095	0	-0.00294533	-0.000192842	0.0026946	0	0	0	0	0	0	0	-0.312552	-0.398235	0.101351	0	0	1.47446	0	0	0	0.146517	-0.0335077	1.02875
2016-04-17 00:00:00	-0.195496	-0.81965	1.50979	0	-0.00946252	-0.000160054	0.00301567	0	0	0	0	0	0	0	-0.874659	-0.397651	0.101232	0	0	1.39011	0	0	0	0.146032	-0.0314684	0.821631
2016-04-18 00:00:00	-0.604504	-0.33812	1.6548	0	-0.0108	-8.25661E-05	0.00109832	0	0	0	0	0	0	0	-0.910254	-0.396461	0.100997	0	0	1.25528	0	0	0	0.145561	-0.0313254	0.866191
2016-04-19 00:00:00	0	-0.0152186	1.68121	0	-0.0225925	-0.00015923	0.00139681	0	0	0	0	0	0	0	-1.26378	-0.396169	0.10093	0	0	1.1685	0	0	0	0.145078	-0.0286498	1.37054
2016-04-20 00:00:00	0	-0.0255766	2.81391	0	-0.0160372	-7.74513E-05	0.000378474	0	0	0	0	0	0	0	-2.19596	-0.395004	0.100666	0	0	0.970627	0	0	0	0.144615	-0.0268613	1.37069
2016-04-21 00:00:00	0	-0.0181273	1.98438	0	-0.000382939	-9.87813E-05	0.000358352	0	0	0	0	0	0	0	-1.42918	-0.394099	0.100452	0	0	0.860575	0	0	0	0.14341	-0.023865	1.22342
2016-04-22 00:00:00	0	-0.00646043	1.37973	0	0.000174479	-2.29388E-05	0.00144353	0	0	0	0	0	0	0	-1.12643	-0.393347	0.10029	0	0	0.788429	0	0	0	0.143029	-0.0215578	0.865278
2016-04-23 00:00:00	-0.00450358	0	1.38098	0	-0.00106102	0	0.000614447	0	0	0	0	0	0	0	-1.11485	-0.392641	0.100185	0	0	0.747305	0	0	0	0.142345	-0.0204681	0.837905
2016-04-24 00:00:00	-1.59099	0	1.70662	0	0.000829496	0	0.00261358	0	0	0	0	0	0	0	-0.228401	-0.391923	0.100051	0	0	0.742908	0	0	0	0.141791	-0.0200294	0.463466
2016-04-25 00:00:00	-0.2	0	1.48261	0	-0.000661616	0	0.00102575	0	0	0	0	0	0	0	-1.21913	-0.391194	0.0998948	0	0	0.738663	0	0	0	0.141087	-0.020168	0.632128
2016-04-26 00:00:00	-2.41801	0.764114	1.58155	0	0.00112057	0	0.00242137	0	0	0	0	0	0	0	-0.230404	-0.390124	0.0996878	0	0	0.75587	0	0	0	0.140332	-0.0199005	0.286657
2016-04-27 00:00:00	-2.16847	0.244583	1.5819	0	9.2294E-05	0	0.00360713	0	0	0	0	0	0	0	-0.0555994	-0.389682	0.0996321	0	0	0.783737	0	0	0	0.139311	-0.0205978	0.218512
2016-04-28 00:00:00	-1.78649	0.0750288	1.49219	0	8.63641E-05	0	0.00306248	0	0	0	0	0	0	0	-0.2499	-0.38912	0.0994927	0	0	0.832474	0	0	0	0.138956	-0.0213419	0.194443
2016-04-29 00:00:00	-0.454862	-0.988883	1.49321	0	-0.00101163	0	0.00235918	0	0	0	0	0	0	0	-0.396985	-0.388658	0.099448	0	0	0.858853	0	0	0	0.138191	-0.0220296	0.339632
2016-04-30 00:00:00	-15.8442	1.61246	1.82166	0	0.0671035	-0.00111088	0.0258477	0	0	0	0	0	0	0	6.11521	-0.389586	0.0996864	0	0	1.21053	0	0	0	0.138052	-0.0257243	-5.17008
2016-05-01 00:00:00	-27.7695	-0.0132486	2.18259	0	0.00519064	-0.074562	0.196492	0	0	0	0	0	0	0	11.4078	-0.393701	0.100512	0	0	2.54801	0	0	0	0.138728	-0.0407856	-11.7125
2016-05-02 00:00:00	-5.23153	0.0668257	2.20651	0	-0.00804629	-0.0141476	0.0314885	0	0	0	0	0	0	0	-0.126481	-0.395659	0.100905	0	0	3.28329	0	0	0	0.139406	-0.051956	0.000611942
2016-05-03 00:00:00	-3.47656	-0.0429215	2.00375	0	-0.00102164	-0.00499921	0.0138605	0	0	0	0	0	0	0	-0.135708	-0.39543	0.100902	0	0	3.04995	0	0	0	0.139335	-0.050771	1.20039
2016-05-04 00:00:00	0	-1.40822	2.13474	0	-0.0151161	-0.000817405	0.00349446	0	0	0	0	0	0	0	-1.41182	-0.394923	0.100808	0	0	2.73985	0	0	0	0.139231	-0.0478156	1.83942
2016-05-05 00:00:00	0	-0.252629	1.97732	0	-0.0261154	-0.000249318	0.000919349	0	0	0	0	0	0	0	-1.66243	-0.394026	0.100607	0	0	2.31962	0	0	0	0.138992	-0.0452309	2.15678
2016-05-06 00:00:00	0	-0.0174888	1.97614	0	-0.0183062	-0.000108271	0.000511052	0	0	0	0	0	0	0	-1.79624	-0.393039	0.100395	0	0	1.93732	0	0	0	0.138843	-0.0417647	1.88626
2016-05-07 00:00:00	-0.4	-0.0136163	1.86753	0	-0.00313186	-7.8999E-05	0.00153303	0	0	0	0	0	0	0	-1.1354	-0.392397	0.100258	0	0	1.71309	0	0	0	0.138601	-0.0371492	1.83923
2016-05-08 00:00:00	-0.195496	-0.0190254	2.19888	0	-0.000152794	-4.45348E-05	0.000448374	0	0	0	0	0	0	0	-1.46271	-0.391609	0.100089	0	0	1.48838	0	0	0	0.138407	-0.0340304	1.82314
2016-05-09 00:00:00	-0.2	-0.0069753	2.1274	0	0.000803063	-1.02407E-05	0.000199077	0	0	0	0	0	0	0	-1.4569	-0.390266	0.099804	0	0	1.22886	0	0	0	0.138235	-0.0313588	1.50979
2016-05-10 00:00:00	-0.00450358	0	2.551	0	-0.00380734	0	0.000616753	0	0	0	0	0	0	0	-1.70265	-0.389812	0.0996887	0	0	1.10706	0	0	0	0.137911	-0.0276481	1.76786
2016-05-11 00:00:00	0	0	2.10634	0	-0.00390972	0	0	0	0	0	0	0	0	0	-1.0588	-0.388436	0.0993907	0	0	0.920631	0	0	0	0.137532	-0.0259597	1.78679
2016-05-12 00:00:00	0	0	2.10378	0	-0.000295167	0	0	0	0	0	0	0	0	0	-1.76509	-0.387528	0.0992129	0	0	0.818277	0	0	0	0.13733	-0.0236998	0.981987
2016-05-13 00:00:00	0	0	1.79163	0	0.000372299	0	0	0	0	0	0	0	0	0	-1.20527	-0.386574	0.0990086	0	0	0.746028	0	0	0	0.136435	-0.0213656	1.16027
2016-05-14 00:00:00	0	0	3.92286	0	-0.0021013	0	0	0	0	0	0	0	0	0	-2.6751	-0.385573	0.0987557	0	0	0.59569	0	0	0	0.136041	-0.0201205	1.67046
2016-05-15 00:00:00	0	0	2.45863	0	-3.75234E-05	0	0	0	0	0	0	0	0	0	-1.71829	-0.384417	0.0985278	0	0	0.493771	0	0	0	0.135162	-0.0177573	1.06559
2016-05-16 00:00:00	0	0	2.73084	0	-0.000589416	0	0	0	0	0	0	0	0	0	-2.0483	-0.383349	0.098306	0	0	0.412632	0	0	0	0.134433	-0.015632	0.928342
2016-05-17 00:00:00	-1.21351	0	2.80364	0	0.000713589	0	0	0	0	0	0	0	0	0	-1.14596	-0.382693	0.098098	0	0	0.394646	0	0	0	0.133798	-0.0140906	0.674643
2016-05-18 00:00:00	-16.5144	1.79724	2.67388	0	0.00417198	0	0.0126279	0	0	0	0	0	0	0	6.55259	-0.383707	0.0983612	0	0	0.67885	0	0	0	0.133496	-0.0166403	-4.96356
2016-05-19 00:00:00	-3.41801	-0.0274949	2.59568	0	0.0055081	0	0.00346259	0	0	0	0	0	0	0	-0.285322	-0.383975	0.0985006	0	0	1.0446	0	0	0	0.133368	-0.0254083	-0.259097
2016-05-20 00:00:00	-0.790993	-1.34791	2.65453	0	-0.00408622	0	0.00161361	0	0	0	0	0	0	0	-0.738864	-0.383313	0.0983595	0	0	1.05622	0	0	0	0.132879	-0.0261193	0.652324
2016-05-21 00:00:00	-5.19099	1.33184	2.7766	0	0.00931353	0	0.00359853	0	0	0	0	0	0	0	0.353933	-0.382704	0.0982064	0	0	1.04231	0	0	0	0.132495	-0.02583	0.148773
2016-05-22 00:00:00	-3.95046	-0.0225107	2.58944	0	0.0129323	0	0.00371914	0	0	0	0	0	0	0	0.361428	-0.382413	0.0981098	0	0	1.10822	0	0	0	0.132208	-0.0264266	-0.0757536
2016-05-23 00:00:00	0	-1.64983	2.63016	0	-0.00938048	0	0.00109713	0	0	0	0	0	0	0	-1.21506	-0.381815	0.0979718	0	0	1.10042	0	0	0	0.131811	-0.0268764	0.6785
2016-05-24 00:00:00	0	-0.0693794	2.15779	0	-0.016684	0	0	0	0	0	0	0	0	0	-1.23604	-0.380608	0.0976867	0	0	0.951022	0	0	0	0.131502	-0.0263985	1.60889
2016-05-25 00:00:00	0	-0.00805957	2.1877	0	-0.000101025	0	0	0	0	0	0	0	0	0	-1.97287	-0.379883	0.0973635	0	0	0.839122	0	0	0	0.13124	-0.0246937	0.869819
2016-05-26 00:00:00	-2.7955	1.15004	1.31466	0	0.00241918	0	0.000755179	0	0	0	0	0	0	0	0.0287633	-0.379375	0.0972343	0	0	0.842754	0	0	0	0.1308	-0.021904	0.37065
2016-05-27 00:00:00	-0.2	-1.15186	2.40647	0	0.00138408	0	0.0028152	0	0	0	0	0	0	0	-1.24819	-0.378904	0.0971505	0	0	0.839601	0	0	0	0.130179	-0.0219606	0.476686
2016-05-28 00:00:00	0	-0.00208734	2.29422	0	-0.000472688	0	0	0	0	0	0	0	0	0	-1.97591	-0.3776	0.0968811	0	0	0.740878	0	0	0	0.129976	-0.0213609	0.884517
2016-05-29 00:00:00	-0.195496	0	2.50987	0	-0.00394044	0	0	0	0	0	0	0	0	0	-1.28014	-0.376443	0.0966923	0	0	0.651707	0	0	0	0.129532	-0.0198754	1.51191
2016-05-30 00:00:00	-0.00450358	0	2.18687	0	-0.00027912	0	0	0	0	0	0	0	0	0	-2.16324	-0.375928	0.0964248	0	0	0.583351	0	0	0	0.129774	-0.0186602	0.433804
2016-05-31 00:00:00	-0.195496	0	2.79179	0	-0.000799577	0	0	0	0	0	0	0	0	0	-1.94717	-0.374808	0.0962573	0	0	0.517303	0	0	0	0.12861	-0.0175785	0.998102
2016-06-01 00:00:00	0	0	2.2788	0	-0.000384741	0	0	0	0	0	0	0	0	0	-1.67199	-0.373563	0.0960533	0	0	0.470494	0	0	0	0.128019	-0.016122	0.91131
2016-06-02 00:00:00	0	0	2.83441	0	-0.00108323	0	0	0	0	0	0	0	0	0	-2.24724	-0.3727	0.0957639	0	0	0.40675	0	0	0	0.127494	-0.0150281	0.828377
2016-06-03 00:00:00	0	0	3.47459	0	-8.88361E-05	0	0	0	0	0	0	0	0	0	-2.88584	-0.371368	0.0952444	0	0	0.323907	0	0	0	0.126841	-0.013863	0.74942
2016-06-04 00:00:00	-0.2	0	2.38273	0	-1.86453E-05	0	0	0	0	0	0	0	0	0	-1.7114	-0.370458	0.0950553	0	0	0.300163	0	0	0	0.126551	-0.0121967	0.610419
2016-06-05 00:00:00	0	0	2.87642	0	0.000150619	0	0	0	0	0	0	0	0	0	-2.66446	-0.369647	0.0948608	0	0	0.267238	0	0	0	0.126082	-0.0117732	0.318865
2016-06-06 00:00:00	-0.781986	0	4.09869	0	-0.000244805	0	0	0	0	0	0	0	0	0	-2.20018	-0.368455	0.0946247	0	0	0.229789	0	0	0	0.125533	-0.0111975	1.18657
2016-06-07 00:00:00	-1.17748	0	4.38882	0	0	0	0	0	0	0	0	0	0	0	-2.84879	-0.367445	0.0944512	0	0	0.180011	0	0	0	0.125669	-0.0107192	0.384516
2016-06-08 00:00:00	0	0	2.31813	0	0	0	0	0	0	0	0	0	0	0	-1.82059	-0.366526	0.0942433	0	0	0.170432	0	0	0	0.12491	-0.00993927	0.510665
2016-06-09 00:00:00	-0.2	0	2.98363	0	0	0	0	0	0	0	0	0	0	0	-2.28595	-0.365426	0.0940304	0	0	0.160409	0	0	0	0.123874	-0.00979077	0.500775
2016-06-10 00:00:00	-0.2	0	2.37778	0	0	0	0	0	0	0	0	0	0	0	-1.88414	-0.363973	0.0937923	0	0	0.162817	0	0	0	0.12309	-0.00958896	0.299772
2016-06-11 00:00:00	-3.54145	0.454839	3.06215	0	-8.03488E-10	0	0	0	0	0	0	0	0	0	-0.00733131	-0.363339	0.0936442	0	0	0.205862	0	0	0	0.122602	-0.00962614	0.0173444
2016-06-12 00:00:00	-6.6	1.17635	3.15975	0	0.00217219	0	0	0	0	0	0	0	0	0	1.13864	-0.363212	0.0936115	0	0	0.30092	0	0	0	0.122056	-0.0103593	-0.980068
2016-06-13 00:00:00	-1.23153	-1.32342	3.04266	0	0.000204889	0	0	0	0	0	0	0	0	0	-0.551104	-0.362524	0.0934474	0	0	0.341314	0	0	0	0.121778	-0.0119851	0.118849
2016-06-14 00:00:00	-3.02252	0.309818	2.70129	0	0.000789347	0	0	0	0	0	0	0	0	0	-0.0991357	-0.361805	0.0933233	0	0	0.38069	0	0	0	0.12052	-0.013086	0.109887
2016-06-15 00:00:00	-1.81801	-0.595042	2.85974	0	0.00134522	0	0	0	0	0	0	0	0	0	-0.81596	-0.360995	0.0932426	0	0	0.422911	0	0	0	0.120148	-0.0138784	-0.106498
2016-06-16 00:00:00	-1.84053	0.00973368	2.47609	0	0.000358211	0	0	0	0	0	0	0	0	0	-0.778987	-0.360077	0.0931208	0	0	0.440662	0	0	0	0.119533	-0.0144574	0.145448
2016-06-17 00:00:00	-1.8	-0.0248663	2.5523	0	0.000284564	0	0.000529061	0	0	0	0	0	0	0	-0.8827	-0.358686	0.0930142	0	0	0.455162	0	0	0	0.119058	-0.014759	0.139333
2016-06-18 00:00:00	0	-0.00741034	2.31705	0	-0.00107067	0	0	0	0	0	0	0	0	0	-2.13222	-0.35746	0.0928502	0	0	0.43791	0	0	0	0.118627	-0.0147201	0.453559
2016-06-19 00:00:00	-11.3189	1.91139	3.04825	0	0.00117622	0	0.00752487	0	0	0	0	0	0	0	3.82917	-0.357841	0.0927569	0	0	0.561452	0	0	0	0.118347	-0.0150461	-2.12176
2016-06-20 00:00:00	-2.01801	-1.05403	3.19355	0	2.29827E-05	0	0.00221171	0	0	0	0	0	0	0	-0.570349	-0.357491	0.092704	0	0	0.670238	0	0	0	0.117921	-0.0186604	0.058107
2016-06-21 00:00:00	0	-0.855219	2.68366	0	-0.0012233	0	0.00013625	0	0	0	0	0	0	0	-1.79744	-0.356748	0.0925288	0	0	0.655237	0	0	0	0.117472	-0.0189056	0.519498
2016-06-22 00:00:00	-0.00450358	-0.00213617	2.63567	0	-0.0025657	0	0	0	0	0	0	0	0	0	-1.87625	-0.355038	0.092315	0	0	0.560633	0	0	0	0.117171	-0.0184	1.1469
2016-06-23 00:00:00	0	0	2.66608	0	-0.00123377	0	0	0	0	0	0	0	0	0	-2.61782	-0.354222	0.0921339	0	0	0.488489	0	0	0	0.117007	-0.0169456	0.373497
2016-06-24 00:00:00	-15.827	2.0161	3.03598	0	0.00505469	0	0.00890516	0	0	0	0	0	0	0	6.67158	-0.355739	0.0923985	0	0	0.749067	0	0	0	0.11626	-0.0165	-3.50392
2016-06-25 00:00:00	-3.81801	-0.0253864	3.09275	0	-0.000131453	0	0.00277998	0	0	0	0	0	0	0	-0.00180471	-0.355405	0.0923884	0	0	0.890342	0	0	0	0.116636	-0.0224327	-0.0282797
2016-06-26 00:00:00	-5.37298	0.0053653	3.22438	0	0.0129802	0	0.00402141	0	0	0	0	0	0	0	0.933115	-0.355001	0.0923289	0	0	0.93619	0	0	0	0.116298	-0.0236411	-0.426941
2016-06-27 00:00:00	0	-1.9301	2.9585	0	-0.0111412	0	0.00102855	0	0	0	0	0	0	0	-1.27384	-0.35437	0.0921967	0	0	0.941326	0	0	0	0.115998	-0.0244142	0.515185
2016-06-28 00:00:00	-2.78199	-0.0082784	2.90967	0	-0.000349304	0	0.00126082	0	0	0	0	0	0	0	-0.644633	-0.353453	0.0916615	0	0	0.886362	0	0	0	0.115761	-0.0233896	0.192629
2016-06-29 00:00:00	-6.36397	1.96939	3.06426	0	0.0131735	0	0.00339404	0	0	0	0	0	0	0	0.454685	-0.352752	0.0916368	0	0	0.887897	0	0	0	0.115178	-0.0227475	-0.139852
2016-06-30 00:00:00	-6	0.0038691	3.0174	0	0.0345701	0	0.00472272	0	0	0	0	0	0	0	1.45464	-0.35252	0.0917072	0	0	0.969774	0	0	0	0.115023	-0.0242369	-0.685049
2016-07-01 00:00:00	-7.63153	0.0166611	2.87615	0	0.0145814	-0.00764162	0.0283696	0	0	0	0	0	0	0	2.35642	-0.352632	0.0913975	0	0	1.11023	0	0	0	0.114986	-0.0262715	-1.40928
2016-07-02 00:00:00	-3.24954	0.00672534	2.96134	0	-0.00217609	-0.000382263	0.00417101	0	0	0	0	0	0	0	-0.362823	-0.35191	0.0915285	0	0	1.16933	0	0	0	0.114879	-0.0276336	0.353504
2016-07-03 00:00:00	-0.618014	-1.79031	3.08715	0	-0.0142939	0	0.00127979	0	0	0	0	0	0	0	-1.11328	-0.351032	0.0914421	0	0	1.11581	0	0	0	0.114466	-0.027065	0.496158
2016-07-04 00:00:00	-13.3955	1.84532	3.1549	0	0.0172465	-0.0181128	0.055078	0	0	0	0	0	0	0	4.61394	-0.350654	0.0915506	0	0	1.22149	0	0	0	0.114362	-0.0276423	-2.67802
2016-07-05 00:00:00	-0.204504	-1.95881	3.00789	0	-0.019946	-0.000465528	0.00236377	0	0	0	0	0	0	0	-1.23252	-0.350816	0.0915833	0	0	1.35005	0	0	0	0.114551	-0.0305936	0.768786
2016-07-06 00:00:00	-0.995497	-0.0964764	2.93959	0	-0.0263682	0	0	0	0	0	0	0	0	0	-1.86714	-0.349918	0.0914043	0	0	1.18909	0	0	0	0.114363	-0.0291738	0.969879
2016-07-07 00:00:00	-0.795496	-0.0206087	3.07518	0	-0.0189887	0	0	0	0	0	0	0	0	0	-1.48804	-0.348868	0.0911713	0	0	1.00847	0	0	0	0.113516	-0.027582	1.58874
2016-07-08 00:00:00	-9.92794	2.06103	3.26369	0	0.0532176	0	0.0050865	0	0	0	0	0	0	0	1.88954	-0.349132	0.0912295	0	0	1.07744	0	0	0	0.113441	-0.0258274	-1.74823
2016-07-09 00:00:00	-2.21351	-1.06718	3.34196	0	-0.00333019	0	0.00172825	0	0	0	0	0	0	0	-0.56484	-0.34872	0.09118	0	0	1.14791	0	0	0	0.113297	-0.0274739	0.471026
2016-07-10 00:00:00	-1	-0.99845	3.32057	0	-0.0239181	0	0.000128157	0	0	0	0	0	0	0	-0.956405	-0.347562	0.0910483	0	0	1.04285	0	0	0	0.113	-0.0271814	1.21408
2016-07-11 00:00:00	-0.804504	-0.0178556	3.00636	0	-0.0210794	0	0	0	0	0	0	0	0	0	-2.70582	-0.347193	0.0909168	0	0	0.958056	0	0	0	0.112616	-0.0254641	0.246034
2016-07-12 00:00:00	-0.586489	-0.0101517	2.83311	0	-0.00720201	0	0	0	0	0	0	0	0	0	-1.55697	-0.346115	0.0907033	0	0	0.806546	0	0	0	0.112498	-0.0238719	1.31205
2016-07-13 00:00:00	-2.18649	-0.000861781	2.85533	0	0.0011377	0	0	0	0	0	0	0	0	0	-1.15668	-0.345357	0.0906137	0	0	0.771758	0	0	0	0.112589	-0.0213065	0.120735
2016-07-14 00:00:00	0	0	3.98098	0	-0.00312177	0	0	0	0	0	0	0	0	0	-3.41833	-0.344308	0.089921	0	0	0.634204	0	0	0	0.111368	-0.0207033	1.03001
2016-07-15 00:00:00	-15.1234	2.15875	3.25264	0	0.0651947	-4.86937E-05	0.00881697	0	0	0	0	0	0	0	5.73257	-0.345357	0.0903933	0	0	0.891479	0	0	0	0.110988	-0.0196177	-3.17762
2016-07-16 00:00:00	-0.00450358	-2.12793	3.12252	0	-0.0209118	-0.000210443	0.00151286	0	0	0	0	0	0	0	-1.53114	-0.344929	0.0903666	0	0	1.02378	0	0	0	0.111285	-0.0257898	0.294043
2016-07-17 00:00:00	-0.195496	-0.0232379	2.91393	0	-0.0360631	0	0	0	0	0	0	0	0	0	-1.65627	-0.343409	0.0900653	0	0	0.865557	0	0	0	0.110989	-0.025594	1.70048
2016-07-18 00:00:00	-0.2	-0.00754201	3.16467	0	-0.00796683	0	0	0	0	0	0	0	0	0	-2.92173	-0.342307	0.0899286	0	0	0.735406	0	0	0	0.111277	-0.022528	0.599206
2016-07-19 00:00:00	-0.195496	-4.03211E-05	5.13648	0	-0.000476488	0	0	0	0	0	0	0	0	0	-3.96354	-0.340916	0.0894779	0	0	0.554797	0	0	0	0.110789	-0.0201242	1.37095
2016-07-20 00:00:00	-24.3415	2.23701	3.6808	0	0.071884	-0.021604	0.0629988	0	0	0	0	0	0	0	11.1617	-0.342794	0.0899331	0	0	0.986028	0	0	0	0.111124	-0.020512	-6.32488
2016-07-21 00:00:00	-0.195496	-2.16915	3.37231	0	-0.0244142	-0.000748739	0.00301466	0	0	0	0	0	0	0	-1.61439	-0.343004	0.0900437	0	0	1.33454	0	0	0	0.111852	-0.0303752	0.534195
2016-07-22 00:00:00	-1	-0.0177196	3.15116	0	-0.0283383	0	0	0	0	0	0	0	0	0	-1.94591	-0.341774	0.0898065	0	0	1.12823	0	0	0	0.111584	-0.0297517	1.11729
2016-07-23 00:00:00	0	-0.0222201	2.80541	0	-0.0166241	0	0	0	0	0	0	0	0	0	-2.36337	-0.341454	0.0895939	0	0	1.01539	0	0	0	0.111556	-0.0265548	1.25173
2016-07-24 00:00:00	-4.98649	1.39787	3.42799	0	0.000680854	0	0	0	0	0	0	0	0	0	0.139272	-0.340328	0.0893818	0	0	0.927897	0	0	0	0.111289	-0.0249799	0.742586
2016-07-25 00:00:00	-3.84954	0.523208	3.2733	0	0.00192372	0	0.000817488	0	0	0	0	0	0	0	-0.945734	-0.340045	0.089325	0	0	0.920624	0	0	0	0.111022	-0.0241812	-0.23928
2016-07-26 00:00:00	-11.9234	0.287374	3.20566	0	0.0652842	-0.00845097	0.025126	0	0	0	0	0	0	0	4.82245	-0.340375	0.0894413	0	0	1.13037	0	0	0	0.110902	-0.0258694	-2.56152
2016-07-27 00:00:00	-3.37748	-0.0586893	3.14582	0	-0.00355639	-0.00100564	0.00478331	0	0	0	0	0	0	0	-0.47847	-0.340152	0.0894426	0	0	1.28474	0	0	0	0.111047	-0.029504	0.346975
2016-07-28 00:00:00	-0.786489	-1.76923	2.95528	0	-0.00887091	0	0.00165803	0	0	0	0	0	0	0	-0.822301	-0.339303	0.089336	0	0	1.22072	0	0	0	0.110728	-0.0288981	0.62263
2016-07-29 00:00:00	0	-0.377692	2.79722	0	-0.0368696	0	0	0	0	0	0	0	0	0	-1.84822	-0.337566	0.0892292	0	0	1.03788	0	0	0	0.110527	-0.0281771	1.40634
2016-07-30 00:00:00	0	-0.0213524	2.72624	0	-0.0190252	0	0	0	0	0	0	0	0	0	-2.77128	-0.337268	0.0889299	0	0	0.889932	0	0	0	0.11064	-0.0260605	0.640749
2016-07-31 00:00:00	-1.1955	-0.00695989	2.74871	0	-0.000640844	0	0	0	0	0	0	0	0	0	-1.67454	-0.336294	0.0886438	0	0	0.804963	0	0	0	0.109531	-0.0233505	0.514575
2016-08-01 00:00:00	0	-0.00245153	2.67846	0	-0.00125432	0	0	0	0	0	0	0	0	0	-2.64752	-0.334861	0.0883778	0	0	0.699166	0	0	0	0.109374	-0.0214149	0.567878
2016-08-02 00:00:00	-2.98649	0	3.33969	0	0.00257998	0	0	0	0	0	0	0	0	0	-0.969173	-0.334128	0.0882504	0	0	0.687584	0	0	0	0.109164	-0.0195703	-0.0820878
2016-08-03 00:00:00	-7.36847	2.27241	3.19555	0	0.00247841	0	0.000403081	0	0	0	0	0	0	0	0.875555	-0.333511	0.0877151	0	0	0.727723	0	0	0	0.10871	-0.0195982	-0.451044
2016-08-04 00:00:00	-3.82252	-0.0600119	3.21061	0	0.000620748	0	0.00186654	0	0	0	0	0	0	0	-0.140305	-0.333116	0.0878085	0	0	0.811257	0	0	0	0.108567	-0.0211688	-0.156392
2016-08-05 00:00:00	-6.95947	0.112387	2.90723	0	0.0367002	0	0.00532197	0	0	0	0	0	0	0	1.92357	-0.332953	0.0878168	0	0	0.941608	0	0	0	0.108389	-0.0230462	-1.19244
2016-08-06 00:00:00	-0.395496	-2.31295	3.60606	0	-0.0184615	0	0.000856735	0	0	0	0	0	0	0	-1.01195	-0.332104	0.0877489	0	0	0.986489	0	0	0	0.108207	-0.0255116	0.692886
2016-08-07 00:00:00	-5.42702	2.10349	3.07964	0	0.00690869	0	0.00137818	0	0	0	0	0	0	0	-0.627328	-0.330719	0.0876997	0	0	0.949851	0	0	0	0.107911	-0.0249156	-0.073101
2016-08-08 00:00:00	-1.01801	-1.53291	2.71113	0	-0.0050909	0	0.00161892	0	0	0	0	0	0	0	-0.742301	-0.329656	0.0876409	0	0	0.931758	0	0	0	0.107621	-0.024565	0.187235
2016-08-09 00:00:00	-6.84954	1.78512	2.5918	0	0.0275428	0	0.00566794	0	0	0	0	0	0	0	0.950504	-0.328752	0.087565	0	0	0.954511	0	0	0	0.106955	-0.0243755	-0.693
2016-08-10 00:00:00	-13.2045	0.0245728	2.44677	0	0.0175763	-0.0252807	0.0698578	0	0	0	0	0	0	0	6.18167	-0.329464	0.0878095	0	0	1.29351	0	0	0	0.107076	-0.0282179	-3.35863
2016-08-11 00:00:00	-11.245	0.0461707	3.02288	0	-0.0011655	-0.0214245	0.0611336	0	0	0	0	0	0	0	4.21974	-0.330501	0.0881211	0	0	1.69884	0	0	0	0.107621	-0.0352127	-2.38883
2016-08-12 00:00:00	-8.43153	-0.0370573	2.90364	0	0.0039991	-0.0144555	0.0413778	0	0	0	0	0	0	0	2.59548	-0.331048	0.0883175	0	0	1.93401	0	0	0	0.108056	-0.0380582	-1.17726
2016-08-13 00:00:00	-2.41351	-0.508702	2.94387	0	-0.00335584	-0.000444509	0.00289609	0	0	0	0	0	0	0	-0.770094	-0.330697	0.0882823	0	0	1.88382	0	0	0	0.108195	-0.038436	0.961825
2016-08-14 00:00:00	-0.195496	-1.74679	2.83161	0	-0.0166225	0	0.00122174	0	0	0	0	0	0	0	-1.25634	-0.330073	0.0881667	0	0	1.70409	0	0	0	0.108009	-0.0365525	1.15123
2016-08-15 00:00:00	0	-0.0972485	2.87511	0	-0.0345976	0	5.98785E-05	0	0	0	0	0	0	0	-2.83067	-0.329131	0.0878612	0	0	1.40818	0	0	0	0.107994	-0.0345645	1.15299
2016-08-16 00:00:00	-0.00450358	-0.0317529	4.39669	0	-0.0139368	0	4.51525E-05	0	0	0	0	0	0	0	-2.71992	-0.327887	0.0876673	0	0	1.09249	0	0	0	0.107791	-0.0311804	2.5555
2016-08-17 00:00:00	0	-0.0167172	3.90442	0	-0.0025227	0	1.83975E-05	0	0	0	0	0	0	0	-3.61034	-0.327261	0.0875239	0	0	0.883273	0	0	0	0.108321	-0.0268727	0.999836
2016-08-18 00:00:00	-0.00450358	0	2.86892	0	-0.0027069	0	0	0	0	0	0	0	0	0	-2.57812	-0.326142	0.0872836	0	0	0.744206	0	0	0	0.107997	-0.0232696	0.873659
2016-08-19 00:00:00	-7.50993	2.17916	2.65942	0	0.00288887	0	0	0	0	0	0	0	0	0	1.16072	-0.325654	0.0873102	0	0	0.831127	0	0	0	0.107909	-0.0204229	-0.827473
2016-08-20 00:00:00	-11.3324	0.238079	2.79163	0	0.0656523	-0.000142703	0.00703961	0	0	0	0	0	0	0	4.80094	-0.326248	0.0874354	0	0	1.06972	0	0	0	0.107921	-0.0246428	-2.51507
2016-08-21 00:00:00	-0.204504	-2.15259	2.75304	0	-0.0110891	-0.000273939	0.00210241	0	0	0	0	0	0	0	-1.08229	-0.326035	0.087428	0	0	1.22432	0	0	0	0.108045	-0.028777	0.369376
2016-08-22 00:00:00	-1.0045	-0.251634	2.99749	0	-0.0245621	0	0	0	0	0	0	0	0	0	-1.8585	-0.324975	0.087255	0	0	1.09815	0	0	0	0.107865	-0.0279395	0.798643
2016-08-23 00:00:00	-0.6	-0.0074861	2.42049	0	-0.0201306	0	0	0	0	0	0	0	0	0	-2.04361	-0.324067	0.0871155	0	0	0.963418	0	0	0	0.107712	-0.0262919	0.55715
2016-08-24 00:00:00	-0.00450358	-0.00392696	3.1773	0	-0.0101971	0	0	0	0	0	0	0	0	0	-2.2924	-0.323039	0.0867305	0	0	0.796575	0	0	0	0.107411	-0.0248877	1.50906
2016-08-25 00:00:00	-0.00450358	-0.00160047	2.20448	0	-0.00156904	0	0	0	0	0	0	0	0	0	-2.48634	-0.322594	0.0866415	0	0	0.703565	0	0	0	0.107823	-0.0213546	0.264544
2016-08-26 00:00:00	-0.218014	0	2.2148	0	-0.000947955	0	0	0	0	0	0	0	0	0	-2.07687	-0.321708	0.0864602	0	0	0.636313	0	0	0	0.106701	-0.0197409	0.406997
2016-08-27 00:00:00	-0.195496	0	2.85146	0	-7.68632E-05	0	0	0	0	0	0	0	0	0	-2.4156	-0.320055	0.0861925	0	0	0.55961	0	0	0	0.106499	-0.0186358	0.653895
2016-08-28 00:00:00	-1.41801	0	2.30716	0	1.72124E-05	0	0	0	0	0	0	0	0	0	-1.10015	-0.319514	0.0860947	0	0	0.549773	0	0	0	0.10577	-0.0171403	0.193999
2016-08-29 00:00:00	0	0	2.34682	0	-6.03263E-05	0	0	0	0	0	0	0	0	0	-2.25779	-0.318708	0.0859125	0	0	0.505206	0	0	0	0.105517	-0.0169226	0.449976
2016-08-30 00:00:00	0	0	2.43152	0	-1.32113E-05	0	0	0	0	0	0	0	0	0	-2.29	-0.316721	0.085794	0	0	0.45798	0	0	0	0.105305	-0.016072	0.457795
2016-08-31 00:00:00	-0.222518	0	2.28835	0	0	0	0	0	0	0	0	0	0	0	-1.99735	-0.316279	0.0856753	0	0	0.427369	0	0	0	0.105117	-0.015003	0.355362
2016-09-01 00:00:00	-0.995496	0	2.24515	0	0	0	0	0	0	0	0	0	0	0	-1.4463	-0.315352	0.0854638	0	0	0.427991	0	0	0	0.104891	-0.0143942	0.0919503
2016-09-02 00:00:00	-1.98199	0	2.25542	0	0	0	0	0	0	0	0	0	0	0	-0.607458	-0.314489	0.0853588	0	0	0.462959	0	0	0	0.104617	-0.0143995	-0.00997858
2016-09-03 00:00:00	-5.3955	2.55613	2.15388	0	0.000557786	0	0	0	0	0	0	0	0	0	-0.101269	-0.313693	0.0852825	0	0	0.507652	0	0	0	0.104202	-0.0153335	-0.418081
2016-09-04 00:00:00	-0.595496	-1.48466	2.18223	0	0.000733452	0	0	0	0	0	0	0	0	0	-0.729306	-0.312968	0.0851536	0	0	0.556493	0	0	0	0.103853	-0.0167056	-0.210676
2016-09-05 00:00:00	-0.790993	-0.974648	2.31153	0	0.000223155	0	0	0	0	0	0	0	0	0	-0.921964	-0.311715	0.0850866	0	0	0.582462	0	0	0	0.103574	-0.0173943	0.0661587
2016-09-06 00:00:00	0	-0.0967937	2.44693	0	-0.000568161	0	0	0	0	0	0	0	0	0	-2.52211	-0.310769	0.0848382	0	0	0.539137	0	0	0	0.103346	-0.0176676	0.226342
2016-09-07 00:00:00	0	0	2.21139	0	-0.000934292	0	0	0	0	0	0	0	0	0	-2.31452	-0.309417	0.0847639	0	0	0.500814	0	0	0	0.10323	-0.0162923	0.259035
2016-09-08 00:00:00	-10.1775	2.60246	2.30263	0	0.0050422	0	0	0	0	0	0	0	0	0	3.00238	-0.308952	0.0846472	0	0	0.644882	0	0	0	0.103024	-0.0160047	-1.75737
2016-09-09 00:00:00	-5.68106	0.0374559	2.26573	0	0.000148746	0	0.00369966	0	0	0	0	0	0	0	2.05797	-0.308474	0.0846902	0	0	0.791176	0	0	0	0.1031	-0.0205453	-0.666115
2016-09-10 00:00:00	0	-1.86688	2.05298	0	3.78544E-05	0	0.00159911	0	0	0	0	0	0	0	-0.97456	-0.307437	0.0846731	0	0	0.860705	0	0	0	0.103004	-0.0225518	-0.0684328
2016-09-11 00:00:00	0	-0.720783	1.95191	0	-0.000148996	0	0.000171986	0	0	0	0	0	0	0	-1.40166	-0.306509	0.084482	0	0	0.829211	0	0	0	0.102787	-0.0222387	0.517222
2016-09-12 00:00:00	-2.38199	0.128609	2.31785	0	7.0994E-05	0	0.000666948	0	0	0	0	0	0	0	-0.63189	-0.305126	0.0843677	0	0	0.79395	0	0	0	0.102653	-0.0213889	0.0877774
2016-09-13 00:00:00	-0.195496	-0.148254	2.12357	0	-0.000530565	0	0	0	0	0	0	0	0	0	-1.90908	-0.304633	0.0841259	0	0	0.753082	0	0	0	0.102354	-0.0209035	0.484234
2016-09-14 00:00:00	-0.413511	-0.00726155	1.8095	0	-0.00114541	0	0	0	0	0	0	0	0	0	-1.10914	-0.30348	0.0837918	0	0	0.681996	0	0	0	0.102238	-0.0201058	0.822873
2016-09-15 00:00:00	-0.195496	-0.0188237	2.69579	0	-0.00148869	0	0	0	0	0	0	0	0	0	-2.71131	-0.302725	0.0834884	0	0	0.60341	0	0	0	0.102322	-0.0193169	0.23585
2016-09-16 00:00:00	-3.03153	1.01825	1.89703	0	0.00175316	0	0	0	0	0	0	0	0	0	-0.483467	-0.301976	0.083227	0	0	0.617244	0	0	0	0.101421	-0.0180616	-0.116108
2016-09-17 00:00:00	0	-1.01155	1.80737	0	0.00123052	0	0	0	0	0	0	0	0	0	-1.41527	-0.301076	0.0830061	0	0	0.623304	0	0	0	0.101041	-0.0183096	-0.130255
2016-09-18 00:00:00	-0.395496	-0.013209	1.77202	0	-0.000323661	0	0	0	0	0	0	0	0	0	-1.79095	-0.300143	0.082824	0	0	0.593474	0	0	0	0.100845	-0.0181949	0.0308475
2016-09-19 00:00:00	0	0	1.55606	0	-0.00160531	0	0	0	0	0	0	0	0	0	-1.03785	-0.29897	0.0826511	0	0	0.559022	0	0	0	0.100019	-0.0177472	0.941574
2016-09-20 00:00:00	0	0	1.65473	0	-0.000533798	0	0	0	0	0	0	0	0	0	-1.98783	-0.298305	0.0825183	0	0	0.523286	0	0	0	0.100317	-0.0169972	0.0571893
2016-09-21 00:00:00	-3.05404	0.612849	2.36948	0	0.00155165	0	0	0	0	0	0	0	0	0	-0.636981	-0.297368	0.0823093	0	0	0.549354	0	0	0	0.0988276	-0.0162922	-0.290314
2016-09-22 00:00:00	-8.2045	2.10368	1.65909	0	0.00116948	0	0.00462549	0	0	0	0	0	0	0	2.30049	-0.297191	0.0823528	0	0	0.639748	0	0	0	0.0983586	-0.017639	-1.62981
2016-09-23 00:00:00	-0.195496	-1.29808	1.60557	0	-7.25262E-05	0	0.00158218	0	0	0	0	0	0	0	-0.792439	-0.296708	0.0822923	0	0	0.764063	0	0	0	0.0982787	-0.020455	-0.0514602
2016-09-24 00:00:00	-0.2	-1.29524	1.88052	0	0.000443607	0	0.00068966	0	0	0	0	0	0	0	-1.04476	-0.295648	0.0820979	0	0	0.758254	0	0	0	0.0980776	-0.0206522	-0.0362208
2016-09-25 00:00:00	-4.01801	2.15917	1.61526	0	-0.000449003	0	0.0015127	0	0	0	0	0	0	0	-0.18388	-0.295335	0.0820495	0	0	0.760939	0	0	0	0.0979968	-0.0205146	0.198733
2016-09-26 00:00:00	-1.38649	0.0170456	1.33589	0	-2.15188E-06	0	0.00127807	0	0	0	0	0	0	0	-0.544881	-0.294244	0.0818565	0	0	0.766783	0	0	0	0.0977404	-0.0205582	0.054419
2016-09-27 00:00:00	-0.2	-1.37746	1.7024	0	-4.68521E-06	0	0.000634843	0	0	0	0	0	0	0	-0.253013	-0.293141	0.0815878	0	0	0.765482	0	0	0	0.0975024	-0.0205823	0.503402
2016-09-28 00:00:00	-6.66755	1.79457	1.73603	0	0.0102171	0	0.00430671	0	0	0	0	0	0	0	0.984588	-0.293006	0.081526	0	0	0.827756	0	0	0	0.0973206	-0.0208862	-1.44513
2016-09-29 00:00:00	-4.90809	0.0265183	1.54705	0	0.0215468	0	0.0059199	0	0	0	0	0	0	0	1.72452	-0.292632	0.081522	0	0	0.967094	0	0	0	0.0973176	-0.0241601	-0.753394
2016-09-30 00:00:00	-1.2	-0.144457	1.31734	0	-0.000292783	0	0.00191887	0	0	0	0	0	0	0	-0.688519	-0.291995	0.0814523	0	0	1.0019	0	0	0	0.0973428	-0.0255905	0.149107
2016-10-01 00:00:00	-0.0135107	-1.14442	1.28405	0	-0.00385038	0	0.00124018	0	0	0	0	0	0	0	-0.548863	-0.290558	0.0814707	0	0	0.968187	0	0	0	0.0971687	-0.025159	0.405749
2016-10-02 00:00:00	-0.395496	-1.05736	1.57346	0	-0.00366627	0	0.00110578	0	0	0	0	0	0	0	-0.794978	-0.2891	0.0811219	0	0	0.931447	0	0	0	0.0970551	-0.0246644	0.118929
2016-10-03 00:00:00	-0.00450358	-0.333411	1.49737	0	-0.00783101	0	0.000194932	0	0	0	0	0	0	0	-1.66057	-0.288309	0.0808944	0	0	0.865537	0	0	0	0.0969608	-0.0239518	0.222372
2016-10-04 00:00:00	0	-0.00971429	1.3674	0	-0.00597846	0	0	0	0	0	0	0	0	0	-1.8816	-0.287014	0.0804655	0	0	0.812897	0	0	0	0.0968769	-0.0219965	0.151332
2016-10-05 00:00:00	0	-0.00955856	1.3364	0	-0.00465214	0	0	0	0	0	0	0	0	0	-1.72982	-0.28595	0.0802917	0	0	0.735032	0	0	0	0.0967758	-0.0211069	0.197411
2016-10-06 00:00:00	0	-0.00825628	1.14459	0	-0.00396611	0	0	0	0	0	0	0	0	0	-1.15227	-0.284616	0.080183	0	0	0.70086	0	0	0	0.0965096	-0.0199066	0.553126
2016-10-07 00:00:00	-0.195496	-0.00881467	1.25669	0	-0.00287319	0	0	0	0	0	0	0	0	0	-0.834722	-0.28396	0.0800031	0	0	0.660595	0	0	0	0.0961785	-0.0193353	0.748264
2016-10-08 00:00:00	0	-0.00801457	1.08846	0	-2.30336E-05	0	0	0	0	0	0	0	0	0	-1.63383	-0.283241	0.0798548	0	0	0.631399	0	0	0	0.096323	-0.0188479	-0.047923
2016-10-09 00:00:00	0	-0.00546302	0.863606	0	0.0010366	0	0	0	0	0	0	0	0	0	-1.49751	-0.282909	0.0797572	0	0	0.61801	0	0	0	0.0958475	-0.0182682	-0.145888
2016-10-10 00:00:00	-0.409007	-0.00127949	0.907803	0	0.000373809	0	3.47344E-05	0	0	0	0	0	0	0	-0.830247	-0.281936	0.0796274	0	0	0.613156	0	0	0	0.0957583	-0.0180701	0.156214
2016-10-11 00:00:00	-2.38649	1.13059	1.13794	0	2.22844E-05	0	0.00120313	0	0	0	0	0	0	0	-0.535783	-0.281233	0.0795431	0	0	0.628421	0	0	0	0.0956202	-0.0181598	-0.148323
2016-10-12 00:00:00	-2.36847	1.10914	1.11824	0	-7.12239E-06	0	0.00103234	0	0	0	0	0	0	0	-0.405055	-0.28054	0.0794636	0	0	0.652162	0	0	0	0.0954211	-0.0185257	-0.017145
2016-10-13 00:00:00	-3.56847	0.401869	1.09483	0	0.00331548	0	0.00296663	0	0	0	0	0	0	0	0.954978	-0.280078	0.0792156	0	0	0.715506	0	0	0	0.0952624	-0.0191408	-0.519748
2016-10-14 00:00:00	-4.36397	0.036043	1.11017	0	0.0257264	0	0.00431889	0	0	0	0	0	0	0	1.62004	-0.279796	0.0791191	0	0	0.841729	0	0	0	0.0952474	-0.0210692	-0.852439
2016-10-15 00:00:00	-5.13695	0.026822	0.981575	0	0.0314992	-0.00569031	0.0152157	0	0	0	0	0	0	0	2.18644	-0.279211	0.0791322	0	0	0.981596	0	0	0	0.095241	-0.0244177	-1.04874
2016-10-16 00:00:00	-1.8045	0.00883997	0.968131	0	0.00149899	-0.00236863	0.00641824	0	0	0	0	0	0	0	-0.0867468	-0.278727	0.0790341	0	0	1.05272	0	0	0	0.0952899	-0.0261854	0.0134016
2016-10-17 00:00:00	-1.8	0.00770579	1.05609	0	-0.000116152	-0.0019766	0.00650285	0	0	0	0	0	0	0	-0.156005	-0.277645	0.0789222	0	0	1.04442	0	0	0	0.0952226	-0.0261164	0.0270063
2016-10-18 00:00:00	-7.64053	0.0248195	0.892906	0	0.00259526	-0.01734	0.0484437	0	0	0	0	0	0	0	4.01654	-0.27759	0.0789621	0	0	1.17136	0	0	0	0.0953651	-0.0272359	-1.6317
2016-10-19 00:00:00	0	-0.824175	0.89929	0	-0.00525835	-0.000427202	0.00268156	0	0	0	0	0	0	0	-0.783489	-0.277371	0.078919	0	0	1.2443	0	0	0	0.0955384	-0.0290396	0.400968
2016-10-20 00:00:00	-0.204504	-0.564504	0.835937	0	-0.00202756	0	0.00131705	0	0	0	0	0	0	0	-0.563087	-0.276734	0.0788162	0	0	1.16921	0	0	0	0.0954598	-0.0280112	0.541871
2016-10-21 00:00:00	0	-0.769662	0.860723	0	-0.00270761	0	0.00128533	0	0	0	0	0	0	0	-0.67547	-0.276094	0.0786867	0	0	1.10195	0	0	0	0.0953874	-0.0270112	0.387087
2016-10-22 00:00:00	-0.590993	-0.148596	0.756074	0	-0.000430269	0	0.00114935	0	0	0	0	0	0	0	-0.732246	-0.275326	0.0784709	0	0	1.04285	0	0	0	0.0953194	-0.0262353	0.20004
2016-10-23 00:00:00	-2.77748	1.83859	0.736502	0	0.00535252	0	0.00115809	0	0	0	0	0	0	0	-0.656677	-0.27428	0.0783576	0	0	1.00138	0	0	0	0.0952321	-0.0256317	0.0225035
2016-10-24 00:00:00	-0.395496	-0.261018	0.663596	0	-0.000175525	0	0.00121466	0	0	0	0	0	0	0	-0.658021	-0.272831	0.0782587	0	0	0.968007	0	0	0	0.0951504	-0.0251299	0.193554
2016-10-25 00:00:00	-0.00450358	-0.74785	0.84616	0	-0.00280419	0	0.00116371	0	0	0	0	0	0	0	-0.71676	-0.271818	0.078121	0	0	0.936623	0	0	0	0.0950175	-0.0245152	0.188835
2016-10-26 00:00:00	0	-0.764218	0.903354	0	-0.00319036	0	0.00121408	0	0	0	0	0	0	0	-0.660455	-0.27121	0.0780028	0	0	0.905273	0	0	0	0.0949063	-0.0237513	0.259926
2016-10-27 00:00:00	-0.6	-0.0814134	0.909307	0	-0.00337279	0	0.000668078	0	0	0	0	0	0	0	-0.778398	-0.270507	0.0778682	0	0	0.872165	0	0	0	0.0948207	-0.0230588	0.198078
2016-10-28 00:00:00	0	-0.256224	0.752751	0	-0.0074432	0	0.000392921	0	0	0	0	0	0	0	-1.17936	-0.269986	0.0777787	0	0	0.845911	0	0	0	0.0942608	-0.022169	0.0359116
2016-10-29 00:00:00	-0.2	-0.123319	0.745194	0	-0.00602204	0	0.000698357	0	0	0	0	0	0	0	-0.892162	-0.268955	0.0776948	0	0	0.817117	0	0	0	0.0941971	-0.0215656	0.222877
2016-10-30 00:00:00	-0.00450358	-0.0038285	0.688637	0	-0.0090814	0	0.000341923	0	0	0	0	0	0	0	-1.0562	-0.267996	0.0774721	0	0	0.782526	0	0	0	0.0941256	-0.0210836	0.280405
2016-10-31 00:00:00	-3.81351	2.60886	0.771527	0	0.00964483	0	0.00133584	0	0	0	0	0	0	0	-0.323679	-0.267478	0.0773294	0	0	0.774543	0	0	0	0.0939855	-0.0206287	-0.088072
2016-11-01 00:00:00	-0.409007	-0.180764	0.559979	0	0.000128971	0	0.00119979	0	0	0	0	0	0	0	-0.673597	-0.266548	0.0772098	0	0	0.781394	0	0	0	0.0939524	-0.0207195	-0.0367703
2016-11-02 00:00:00	-0.2	-0.285286	0.517203	0	-0.00103226	0	0.00108666	0	0	0	0	0	0	0	-0.540296	-0.26557	0.0771147	0	0	0.777885	0	0	0	0.093776	-0.0206708	0.15421
2016-11-03 00:00:00	-1.4045	0.417911	0.549975	0	0.00555149	0	0.0012805	0	0	0	0	0	0	0	-0.451737	-0.264868	0.0769525	0	0	0.78753	0	0	0	0.0936288	-0.0206579	-0.208937
2016-11-04 00:00:00	-2.59099	0.0101384	0.513074	0	0.0187467	-0.000742349	0.0056809	0	0	0	0	0	0	0	1.1367	-0.26438	0.0769009	0	0	0.839263	0	0	0	0.0935496	-0.0212155	-0.183278
2016-11-05 00:00:00	0	-0.495645	0.533557	0	-0.00228862	-0.000187314	0.00199532	0	0	0	0	0	0	0	-0.629676	-0.263768	0.0768211	0	0	0.860623	0	0	0	0.0935169	-0.0221932	0.152756
2016-11-06 00:00:00	-4.12794	0.496139	0.543544	0	0.00489634	-0.00779106	0.0216864	0	0	0	0	0	0	0	1.50598	-0.263197	0.0766832	0	0	0.924002	0	0	0	0.0934253	-0.0227029	-0.755273
2016-11-07 00:00:00	0	-0.469738	0.502261	0	-0.00252337	-0.000286427	0.00171758	0	0	0	0	0	0	0	-0.565824	-0.262844	0.076634	0	0	0.950173	0	0	0	0.0934553	-0.024739	0.298286
2016-11-08 00:00:00	-0.227021	-0.200925	0.449939	0	-0.000857182	0	0.00124273	0	0	0	0	0	0	0	-0.571597	-0.262063	0.076531	0	0	0.921061	0	0	0	0.0933332	-0.0240723	0.255572
2016-11-09 00:00:00	-5.50993	0.64663	0.439602	0	0.00438307	-0.0111421	0.031913	0	0	0	0	0	0	0	2.38183	-0.261901	0.0764698	0	0	1.00234	0	0	0	0.0933377	-0.0242658	-1.13073
2016-11-10 00:00:00	-2.22702	-0.00933934	0.423741	0	-0.0013523	-0.00484277	0.0146168	0	0	0	0	0	0	0	0.570742	-0.261828	0.0762996	0	0	1.09195	0	0	0	0.0935421	-0.026503	-0.259999
2016-11-11 00:00:00	-17.8784	-0.00619231	0.439884	0	0.00485	-0.0456071	0.126368	0	0	0	0	0	0	0	10.797	-0.263162	0.0767068	0	0	1.50916	0	0	0	0.0941255	-0.0309252	-5.17621
2016-11-12 00:00:00	-15.0514	-0.0100053	0.494996	0	0.00420403	-0.0387938	0.108231	0	0	0	0	0	0	0	8.31852	-0.265156	0.0772743	0	0	2.16168	0	0	0	0.095373	-0.0397138	-4.14477
2016-11-13 00:00:00	-7.58649	-0.00652951	0.414487	0	-0.00134826	-0.0191535	0.0558079	0	0	0	0	0	0	0	3.56538	-0.266216	0.077595	0	0	2.47187	0	0	0	0.09631	-0.0439036	-1.24219
2016-11-14 00:00:00	-1.3955	-0.00526227	0.586573	0	-0.00298245	-0.00245942	0.00922117	0	0	0	0	0	0	0	-0.34194	-0.266177	0.077663	0	0	2.37877	0	0	0	0.0967155	-0.0436658	1.09096
2016-11-15 00:00:00	-0.209007	-0.323839	0.543987	0	-0.00134585	-0.00010569	0.00138874	0	0	0	0	0	0	0	-0.586637	-0.265597	0.0775863	0	0	2.11162	0	0	0	0.0968137	-0.0412617	1.4036
2016-11-16 00:00:00	-8.28557	0.30309	0.452565	0	0.00456516	-0.0189527	0.054434	0	0	0	0	0	0	0	3.95792	-0.266036	0.0777216	0	0	2.11837	0	0	0	0.097124	-0.0400093	-1.54477
2016-11-17 00:00:00	-8.81801	-0.00729048	0.392046	0	0.000312422	-0.0220894	0.0638252	0	0	0	0	0	0	0	4.43679	-0.267102	0.0780134	0	0	2.32475	0	0	0	0.0978322	-0.0420039	-1.76293
2016-11-18 00:00:00	-1.38199	-0.0133123	0.354118	0	-0.00317243	-0.0031172	0.0107537	0	0	0	0	0	0	0	-0.0324352	-0.267242	0.0780987	0	0	2.29182	0	0	0	0.0983122	-0.0426487	1.08919
2016-11-19 00:00:00	-0.195496	-0.120345	0.315845	0	-0.00118002	-0.00011906	0.00198996	0	0	0	0	0	0	0	-0.783187	-0.2667	0.0780106	0	0	2.05826	0	0	0	0.0984038	-0.040513	1.14497
2016-11-20 00:00:00	-0.195496	-0.066182	0.261677	0	-0.000349031	0	0.00124738	0	0	0	0	0	0	0	-0.925079	-0.265996	0.0778835	0	0	1.81953	0	0	0	0.0984544	-0.0384634	0.767225
2016-11-21 00:00:00	-14.7621	0.169937	0.245398	0	0.00612655	-0.0365386	0.103871	0	0	0	0	0	0	0	8.4663	-0.267607	0.0782453	0	0	2.0899	0	0	0	0.0989	-0.0390707	-3.84667
2016-11-22 00:00:00	-32.0766	-0.00631127	0.336567	0	0.00396055	-0.0829246	0.235588	0	0	0	0	0	0	0	17.5518	-0.272488	0.0793658	0	0	3.24796	0	0	0	0.101116	-0.0491973	-10.9311
2016-11-23 00:00:00	-0.2	-0.0740049	0.271345	0	-0.00937822	-0.00114512	0.00747298	0	0	0	0	0	0	0	-0.814581	-0.274434	0.07996	0	0	3.74349	0	0	0	0.103115	-0.0558035	2.77604
2016-11-24 00:00:00	-0.195496	-0.0206456	0.216142	0	-0.000281324	0	0.0021576	0	0	0	0	0	0	0	-0.983494	-0.273742	0.0798469	0	0	3.22442	0	0	0	0.103255	-0.0515921	2.10057
2016-11-25 00:00:00	-0.195496	-0.0298695	0.225367	0	-0.000254264	0	0.00123664	0	0	0	0	0	0	0	-0.766687	-0.273148	0.0797125	0	0	2.80714	0	0	0	0.103363	-0.0479956	1.90337
2016-11-26 00:00:00	-0.2	-0.0485007	0.248499	0	-0.000119597	0	0.00168914	0	0	0	0	0	0	0	-0.846807	-0.272609	0.0795848	0	0	2.48635	0	0	0	0.103376	-0.0446406	1.50682
2016-11-27 00:00:00	-0.395496	0.0694302	0.313538	0	-5.51511E-05	0	0.00140049	0	0	0	0	0	0	0	-0.638653	-0.272046	0.079454	0	0	2.2093	0	0	0	0.103428	-0.0419121	1.42839
2016-11-28 00:00:00	-0.2	-0.0470684	0.245429	0	-0.000192337	0	0.00137565	0	0	0	0	0	0	0	-0.643197	-0.271484	0.0793267	0	0	1.9798	0	0	0	0.103375	-0.0396083	1.20775
2016-11-29 00:00:00	0	-0.280394	0.308435	0	-0.00105568	0	0.00125114	0	0	0	0	0	0	0	-0.583777	-0.270883	0.0791945	0	0	1.77886	0	0	0	0.103385	-0.0372429	1.09777
2016-11-30 00:00:00	0	-0.312434	0.350871	0	-0.00132446	0	0.00118519	0	0	0	0	0	0	0	-0.820227	-0.270255	0.0790598	0	0	1.60812	0	0	0	0.103354	-0.0354984	0.702851
2016-12-01 00:00:00	0	-0.344574	0.387007	0	-0.00143095	0	0.00165574	0	0	0	0	0	0	0	-0.405739	-0.269917	0.0789852	0	0	1.51327	0	0	0	0.103172	-0.0335131	1.02892
2016-12-02 00:00:00	-0.2	-0.0464994	0.252741	0	-0.000444939	0	0.00134861	0	0	0	0	0	0	0	-0.534346	-0.269326	0.0788623	0	0	1.38829	0	0	0	0.103189	-0.031304	0.74251
2016-12-03 00:00:00	-0.595496	0.340212	0.238385	0	0.000239347	0	0.00139222	0	0	0	0	0	0	0	-0.541967	-0.26879	0.0787506	0	0	1.29205	0	0	0	0.10311	-0.0296528	0.618234
2016-12-04 00:00:00	0	-0.206348	0.207792	0	-0.000298874	0	0.00136141	0	0	0	0	0	0	0	-0.49377	-0.268256	0.0786403	0	0	1.21173	0	0	0	0.10299	-0.028487	0.605353
2016-12-05 00:00:00	-0.2	0.0352965	0.164703	0	-0.000333355	0	0.00120471	0	0	0	0	0	0	0	-0.414984	-0.267624	0.0785246	0	0	1.13921	0	0	0	0.102866	-0.0275368	0.611327
2016-12-06 00:00:00	-5.37298	0.839315	0.422832	0	0.00787488	-0.00949961	0.028749	0	0	0	0	0	0	0	2.0492	-0.267649	0.0785268	0	0	1.18655	0	0	0	0.102813	-0.0274145	-0.961684
2016-12-07 00:00:00	0	-0.372195	0.394952	0	-0.00331862	-0.000354346	0.00241756	0	0	0	0	0	0	0	-0.584126	-0.267447	0.0784871	0	0	1.23473	0	0	0	0.102913	-0.0287103	0.55735
2016-12-08 00:00:00	0	-0.31279	0.351576	0	-0.00132155	0	0.00174103	0	0	0	0	0	0	0	-0.548242	-0.266903	0.0783833	0	0	1.16831	0	0	0	0.102736	-0.0278566	0.545637
2016-12-09 00:00:00	-0.8	0.407457	0.367926	0	0.00039388	0	0.00124867	0	0	0	0	0	0	0	-0.431327	-0.266317	0.0782728	0	0	1.10622	0	0	0	0.102605	-0.0270336	0.539443
2016-12-10 00:00:00	-0.00900717	-0.319197	0.345665	0	-0.00078551	0	0.00149805	0	0	0	0	0	0	0	-0.512974	-0.26584	0.0781767	0	0	1.06089	0	0	0	0.102461	-0.0262463	0.454636
2016-12-11 00:00:00	-0.413511	0.100928	0.304077	0	-0.000256139	0	0.00150324	0	0	0	0	0	0	0	-0.517643	-0.265251	0.0780583	0	0	1.01627	0	0	0	0.102303	-0.0256774	0.380798
2016-12-12 00:00:00	-0.209007	-0.0698225	0.271456	0	-0.000343478	0	0.00119244	0	0	0	0	0	0	0	-0.507588	-0.264687	0.077957	0	0	0.98296	0	0	0	0.102178	-0.0254026	0.358892
2016-12-13 00:00:00	-1.38649	0.510814	0.247198	0	0.00256824	-0.000866716	0.00476197	0	0	0	0	0	0	0	-0.135157	-0.264285	0.077878	0	0	0.967052	0	0	0	0.101969	-0.0247607	0.100682
2016-12-14 00:00:00	-0.790993	-0.0121643	0.316732	0	-4.35078E-05	-0.00131161	0.0049589	0	0	0	0	0	0	0	-0.199183	-0.263599	0.0777883	0	0	0.9718	0	0	0	0.101869	-0.0248707	0.180984
2016-12-15 00:00:00	0	-0.300477	0.314446	0	-0.00117301	-5.69665E-05	0.0013593	0	0	0	0	0	0	0	-0.856174	-0.262446	0.0776582	0	0	0.949178	0	0	0	0.101785	-0.0251439	-0.0010439
2016-12-16 00:00:00	-2.17298	0.287838	0.279928	0	0.00227058	-0.00394471	0.0126542	0	0	0	0	0	0	0	0.631923	-0.262384	0.0775594	0	0	0.968462	0	0	0	0.101565	-0.0245604	-0.101668
2016-12-17 00:00:00	-0.4	-0.0141914	0.241494	0	-0.000972188	-0.000553989	0.00283044	0	0	0	0	0	0	0	-0.326883	-0.261957	0.0774771	0	0	0.983823	0	0	0	0.101554	-0.0253141	0.377307
2016-12-18 00:00:00	-1	-0.00479873	0.179301	0	0.000737118	-0.00203518	0.00733056	0	0	0	0	0	0	0	-0.0756506	-0.261535	0.0773487	0	0	0.981677	0	0	0	0.101419	-0.0249521	-0.0211579
2016-12-19 00:00:00	0	-0.296203	0.309416	0	-0.00109425	-9.95889E-05	0.00169761	0	0	0	0	0	0	0	-0.651584	-0.260876	0.0772229	0	0	0.967409	0	0	0	0.101291	-0.0250471	0.222133
2016-12-20 00:00:00	-2.39324	0.276667	0.315618	0	0.00215382	-0.0043807	0.0135892	0	0	0	0	0	0	0	0.595632	-0.260251	0.0771902	0	0	0.988012	0	0	0	0.101227	-0.0251165	-0.312903
2016-12-21 00:00:00	-1.19324	-0.00431457	0.320345	0	-0.000685861	-0.00236175	0.00827485	0	0	0	0	0	0	0	-0.0334332	-0.259962	0.0771372	0	0	1.0201	0	0	0	0.10119	-0.0254432	0.007601
2016-12-22 00:00:00	-8.35721	-0.0121598	0.324958	0	0.00317584	-0.0208392	0.0598472	0	0	0	0	0	0	0	4.447	-0.260682	0.0767737	0	0	1.22722	0	0	0	0.101376	-0.0273736	-2.43793
2016-12-23 00:00:00	-17.9415	-0.00936242	0.332954	0	0.00349126	-0.046177	0.131499	0	0	0	0	0	0	0	9.75056	-0.263232	0.0774582	0	0	1.84417	0	0	0	0.102291	-0.0352355	-6.05303
2016-12-24 00:00:00	-9.5955	-0.00744107	0.280279	0	-0.0026989	-0.0247621	0.0729241	0	0	0	0	0	0	0	4.57134	-0.265331	0.0779289	0	0	2.40046	0	0	0	0.103454	-0.0428573	-2.4322
2016-12-25 00:00:00	-8.7955	-0.0088904	0.316087	0	-0.000322144	-0.0223266	0.0655132	0	0	0	0	0	0	0	3.97061	-0.266634	0.0782415	0	0	2.64467	0	0	0	0.104295	-0.0456373	-1.95989
2016-12-26 00:00:00	-8.98649	-0.00612428	0.250391	0	-0.000131733	-0.0229847	0.0672917	0	0	0	0	0	0	0	3.9642	-0.267909	0.0785464	0	0	2.8457	0	0	0	0.105201	-0.0473529	-2.01966
2016-12-27 00:00:00	0	-0.262111	0.271591	0	-0.00432827	-0.000510305	0.00368777	0	0	0	0	0	0	0	-0.764297	-0.267888	0.0785828	0	0	2.70277	0	0	0	0.105722	-0.0475625	1.81566
2016-12-28 00:00:00	0	-0.214156	0.241441	0	-0.000880554	0	0.00233098	0	0	0	0	0	0	0	-0.92125	-0.267385	0.0784956	0	0	2.39562	0	0	0	0.105786	-0.0439607	1.37604
2016-12-29 00:00:00	0	-0.267519	0.30167	0	-0.000985108	0	0.00162752	0	0	0	0	0	0	0	-0.716715	-0.266891	0.078354	0	0	2.12048	0	0	0	0.105745	-0.0416088	1.31416
2016-12-30 00:00:00	0	-0.293674	0.331238	0	-0.00133081	0	0.00171599	0	0	0	0	0	0	0	-0.661913	-0.266405	0.0782591	0	0	1.91131	0	0	0	0.105735	-0.0389629	1.16598
2016-12-31 00:00:00	-5.37748	0.998599	0.327443	0	0.00598515	-0.00962282	0.0292839	0	0	0	0	0	0	0	1.76661	-0.266466	0.0782696	0	0	1.84618	0	0	0	0.105774	-0.0374929	-0.532917
2017-01-01 00:00:00	-1.20901	-0.0137198	0.229771	0	-0.00171447	-0.00275137	0.0096013	0	0	0	0	0	0	0	0.0226279	-0.266376	0.078261	0	0	1.81734	0	0	0	0.106043	-0.0375446	0.732531
2017-01-02 00:00:00	-0.590993	-0.00644799	0.200347	0	-0.000453309	-0.00106142	0.00494742	0	0	0	0	0	0	0	-0.667917	-0.265885	0.0781709	0	0	1.6699	0	0	0	0.106093	-0.0361494	0.49055
2017-01-03 00:00:00	0	-0.289305	0.302789	0	-0.000944023	-5.27593E-05	0.00218353	0	0	0	0	0	0	0	-0.439389	-0.265548	0.0781077	0	0	1.56627	0	0	0	0.105925	-0.0343954	1.02564
2017-01-04 00:00:00	0	-0.231613	0.261534	0	-0.00098709	0	0.00154744	0	0	0	0	0	0	0	-0.434628	-0.265002	0.0780034	0	0	1.43427	0	0	0	0.105832	-0.0329423	0.916017
2017-01-05 00:00:00	-0.00450358	-0.168354	0.195232	0	-0.000737159	0	0.00198053	0	0	0	0	0	0	0	-0.519889	-0.264592	0.0779235	0	0	1.34401	0	0	0	0.105791	-0.0303863	0.736473
2017-01-06 00:00:00	-0.786489	0.439399	0.319046	0	0.000699047	0	0.0015763	0	0	0	0	0	0	0	-0.580433	-0.264065	0.0778214	0	0	1.25252	0	0	0	0.105693	-0.0292214	0.536549
2017-01-07 00:00:00	-1.38649	0.206432	0.30224	0	0.00218619	-0.00166551	0.00721886	0	0	0	0	0	0	0	0.129125	-0.263669	0.0777423	0	0	1.20351	0	0	0	0.105524	-0.0285497	0.353608
2017-01-08 00:00:00	-0.195496	-0.109572	0.299468	0	-0.000832983	-0.00013534	0.00181771	0	0	0	0	0	0	0	-0.484553	-0.263228	0.0776549	0	0	1.16195	0	0	0	0.105458	-0.0280936	0.564441
2017-01-09 00:00:00	-7.16663	0.0957139	0.303132	0	0.00333405	-0.0167967	0.0492934	0	0	0	0	0	0	0	3.52514	-0.263744	0.0777867	0	0	1.29294	0	0	0	0.105582	-0.0288163	-2.02306
2017-01-10 00:00:00	-0.209007	-0.129532	0.332421	0	-0.00301025	-0.000430082	0.0034162	0	0	0	0	0	0	0	-0.69544	-0.263739	0.0778295	0	0	1.38438	0	0	0	0.105755	-0.0311962	0.571451
2017-01-11 00:00:00	-2.06305	0.112515	0.290479	0	0.00100932	-0.00383297	0.0129655	0	0	0	0	0	0	0	0.582996	-0.263481	0.0777974	0	0	1.34392	0	0	0	0.105604	-0.0306793	0.166242
2017-01-12 00:00:00	-0.2	-0.0389138	0.235802	0	-0.00121556	-0.000178456	0.00198557	0	0	0	0	0	0	0	-0.500025	-0.262984	0.0777316	0	0	1.29601	0	0	0	0.105654	-0.029687	0.684179
2017-01-13 00:00:00	-0.0360287	-0.205918	0.222711	0	-0.000380774	0	0.00213428	0	0	0	0	0	0	0	-0.562695	-0.262084	0.0776396	0	0	1.22064	0	0	0	0.105482	-0.0285303	0.532966
2017-01-14 00:00:00	-0.0450358	-0.215442	0.250088	0	-0.000991976	0	0.00152399	0	0	0	0	0	0	0	-0.384486	-0.261739	0.0775535	0	0	1.15569	0	0	0	0.105321	-0.0276837	0.654799
2017-01-15 00:00:00	-23.4784	0.425788	0.30926	0	0.0102627	-0.0587563	0.16687	0	0	0	0	0	0	0	12.6046	-0.264383	0.0780836	0	0	1.76957	0	0	0	0.106078	-0.0328729	-8.36387
2017-01-16 00:00:00	-1.1955	-0.00744275	0.336614	0	-0.00768315	-0.00302477	0.0128305	0	0	0	0	0	0	0	-0.573959	-0.265644	0.078356	0	0	2.24054	0	0	0	0.10723	-0.0417209	0.680602
2017-01-17 00:00:00	-1.18199	-0.0116472	0.352059	0	-0.000337871	-0.00214962	0.00846023	0	0	0	0	0	0	0	-0.131391	-0.265255	0.0782914	0	0	2.04954	0	0	0	0.107177	-0.0404898	0.962267
2017-01-18 00:00:00	-0.795496	-0.00741765	0.360579	0	-0.000315828	-0.00110374	0.0052405	0	0	0	0	0	0	0	-0.719469	-0.264787	0.0781962	0	0	1.85374	0	0	0	0.107288	-0.0384224	0.578028
2017-01-19 00:00:00	-0.00450358	-0.343577	0.370651	0	-0.00126718	-5.40064E-05	0.00212622	0	0	0	0	0	0	0	-0.453763	-0.264451	0.0781283	0	0	1.72214	0	0	0	0.107156	-0.036365	1.17622
2017-01-20 00:00:00	-0.195496	-0.0978017	0.308077	0	-0.000346017	0	0.00207697	0	0	0	0	0	0	0	-0.574161	-0.263978	0.0780324	0	0	1.57192	0	0	0	0.107093	-0.0345228	0.900898
2017-01-21 00:00:00	-0.2	-0.0282479	0.234389	0	-0.000436443	0	0.00153273	0	0	0	0	0	0	0	-0.429954	-0.263469	0.077929	0	0	1.44218	0	0	0	0.106973	-0.0329409	0.907953
2017-01-22 00:00:00	-0.813511	0.447442	0.252501	0	0.00127388	0	0.00243929	0	0	0	0	0	0	0	-0.543283	-0.263046	0.0778436	0	0	1.34622	0	0	0	0.106919	-0.0305323	0.584264
2017-01-23 00:00:00	0	-0.294372	0.309967	0	-0.000688257	0	0.00172702	0	0	0	0	0	0	0	-0.608211	-0.262591	0.0777535	0	0	1.26373	0	0	0	0.106789	-0.029371	0.564731
2017-01-24 00:00:00	0	-0.38832	0.440389	0	-0.00156169	0	0.00160918	0	0	0	0	0	0	0	-0.460475	-0.262073	0.0776488	0	0	1.18491	0	0	0	0.1066	-0.0284946	0.670232
2017-01-25 00:00:00	0	-0.391738	0.44432	0	-0.00156607	0	0.00183117	0	0	0	0	0	0	0	-0.592999	-0.261454	0.0775489	0	0	1.12187	0	0	0	0.106492	-0.0272213	0.47708
2017-01-26 00:00:00	0	-0.281841	0.331498	0	-0.00135675	0	0.00172451	0	0	0	0	0	0	0	-0.475647	-0.260876	0.0774534	0	0	1.06977	0	0	0	0.106303	-0.0265224	0.540504
2017-01-27 00:00:00	0	-0.120004	0.293582	0	-0.00309315	0	0.00121614	0	0	0	0	0	0	0	-0.719491	-0.260378	0.077384	0	0	1.02751	0	0	0	0.106116	-0.0258029	0.377037
2017-01-28 00:00:00	-9.3955	1.44389	0.342533	0	0.0122012	-0.0173885	0.0535249	0	0	0	0	0	0	0	4.0112	-0.260868	0.0774675	0	0	1.15795	0	0	0	0.106178	-0.0271559	-2.49596
2017-01-29 00:00:00	-0.977482	-0.0199902	0.31689	0	-0.00289721	-0.00216504	0.00815359	0	0	0	0	0	0	0	-0.24272	-0.261154	0.0775373	0	0	1.34414	0	0	0	0.106506	-0.0302493	0.316565
2017-01-30 00:00:00	-0.395496	-0.0232239	0.338449	0	-0.000485291	-0.000198838	0.00296844	0	0	0	0	0	0	0	-0.791386	-0.260499	0.0774102	0	0	1.25701	0	0	0	0.10641	-0.0297912	0.281169
2017-01-31 00:00:00	-1.1955	0.0248108	0.436936	0	0.000301989	-0.00172098	0.00719138	0	0	0	0	0	0	0	0.170484	-0.260282	0.0773648	0	0	1.22815	0	0	0	0.106184	-0.0290894	0.564838
2017-02-01 00:00:00	-0.390993	-0.0293843	0.397751	0	-0.000673482	-0.000131234	0.00215841	0	0	0	0	0	0	0	-0.471971	-0.259512	0.0773056	0	0	1.17971	0	0	0	0.106123	-0.0283989	0.581984
2017-02-02 00:00:00	-0.809007	0.0187019	0.560296	0	0.000144806	-0.000304731	0.00351309	0	0	0	0	0	0	0	-0.383936	-0.258876	0.0772264	0	0	1.1312	0	0	0	0.106007	-0.027191	0.417771
2017-02-03 00:00:00	-6.84504	-0.0123632	0.528702	0	0.00351877	-0.0159757	0.0465917	0	0	0	0	0	0	0	3.15824	-0.258629	0.0773214	0	0	1.26487	0	0	0	0.10609	-0.0282794	-1.97495
2017-02-04 00:00:00	-5.57298	-0.00102594	0.46856	0	-0.000700591	-0.0134115	0.0405128	0	0	0	0	0	0	0	2.36663	-0.259554	0.0774772	0	0	1.49644	0	0	0	0.106409	-0.0323595	-1.324
2017-02-05 00:00:00	-0.2	-0.175418	0.381566	0	-0.00303116	-0.000361021	0.00315133	0	0	0	0	0	0	0	-0.599628	-0.259382	0.0774518	0	0	1.50744	0	0	0	0.106537	-0.0336748	0.804654
2017-02-06 00:00:00	-2.38199	0.164848	0.402069	0	0.00153334	-0.00434425	0.014909	0	0	0	0	0	0	0	0.479226	-0.259207	0.0774109	0	0	1.45153	0	0	0	0.106531	-0.032105	0.0204126
2017-02-07 00:00:00	-3.26305	-0.00342619	0.461134	0	0.000263099	-0.00701806	0.0222495	0	0	0	0	0	0	0	1.09319	-0.259291	0.0774392	0	0	1.478	0	0	0	0.106579	-0.0326338	-0.32656
2017-02-08 00:00:00	0	-0.400982	0.435525	0	-0.00268674	-0.000236924	0.00240213	0	0	0	0	0	0	0	-0.582369	-0.259016	0.0773778	0	0	1.43083	0	0	0	0.106616	-0.0325914	0.774868
2017-02-09 00:00:00	0	-0.382304	0.43446	0	-0.00153304	0	0.00190525	0	0	0	0	0	0	0	-0.762003	-0.258461	0.0772598	0	0	1.31276	0	0	0	0.106621	-0.0305792	0.498129
2017-02-10 00:00:00	-0.2	-0.201501	0.431905	0	-0.00100134	0	0.002024	0	0	0	0	0	0	0	-0.554063	-0.257902	0.0770926	0	0	1.24832	0	0	0	0.106381	-0.0289459	0.622308
2017-02-11 00:00:00	-9.06571	0.965668	0.28048	0	0.00725299	-0.018423	0.0550366	0	0	0	0	0	0	0	4.06011	-0.258193	0.0772304	0	0	1.37434	0	0	0	0.106503	-0.0302469	-2.44595
2017-02-12 00:00:00	-3.95496	-0.00595668	0.27053	0	-0.00132069	-0.00994318	0.0304926	0	0	0	0	0	0	0	1.38641	-0.258954	0.0774586	0	0	1.61712	0	0	0	0.106908	-0.034196	-0.776416
2017-02-13 00:00:00	-1.75947	-0.0162377	0.315586	0	-0.0011287	-0.00395463	0.0134616	0	0	0	0	0	0	0	0.345813	-0.258903	0.0774469	0	0	1.62155	0	0	0	0.106988	-0.0350661	0.406088
2017-02-14 00:00:00	0	-0.293897	0.315641	0	-0.00186656	-0.000154407	0.00251214	0	0	0	0	0	0	0	-0.681471	-0.258561	0.0773668	0	0	1.52281	0	0	0	0.107033	-0.0338542	0.75556
2017-02-15 00:00:00	-0.595496	0.279777	0.279152	0	0.000407662	0	0.00226998	0	0	0	0	0	0	0	-0.479341	-0.258101	0.0772652	0	0	1.402	0	0	0	0.106895	-0.0321913	0.782637
2017-02-16 00:00:00	-1.00901	0.0070868	0.321673	0	0.000774673	-0.00138012	0.00643302	0	0	0	0	0	0	0	-0.172203	-0.25776	0.0771906	0	0	1.32736	0	0	0	0.106866	-0.0305885	0.376445
2017-02-17 00:00:00	-0.00450358	-0.317821	0.348332	0	-0.00138974	-8.33277E-05	0.00222853	0	0	0	0	0	0	0	-0.585371	-0.257155	0.07711	0	0	1.25473	0	0	0	0.106763	-0.0297118	0.59313
2017-02-18 00:00:00	-1.84504	0.308851	0.356477	0	0.00181598	-0.00246364	0.00955376	0	0	0	0	0	0	0	0.00709119	-0.256963	0.0770666	0	0	1.21665	0	0	0	0.106638	-0.0287478	-0.0490698
2017-02-19 00:00:00	-1.20901	-0.00791318	0.481459	0	-0.000365042	-0.00180121	0.00729594	0	0	0	0	0	0	0	-0.154353	-0.256706	0.0770271	0	0	1.20473	0	0	0	0.106615	-0.0282933	0.21869
2017-02-20 00:00:00	-3.18199	-0.0111413	0.529483	0	0.00133654	-0.00672592	0.0208519	0	0	0	0	0	0	0	1.18779	-0.256693	0.0770059	0	0	1.23834	0	0	0	0.106565	-0.0284138	-0.32358
2017-02-21 00:00:00	-5.16847	-0.0048613	0.630713	0	0.0010066	-0.0117204	0.0354287	0	0	0	0	0	0	0	2.12989	-0.257101	0.0770859	0	0	1.37225	0	0	0	0.106781	-0.0295769	-1.11857
2017-02-22 00:00:00	-0.8	-0.00768811	0.690647	0	-0.0028646	-0.000394847	0.00402084	0	0	0	0	0	0	0	-0.488086	-0.2569	0.0770532	0	0	1.38488	0	0	0	0.106874	-0.0310489	0.676495
2017-02-23 00:00:00	-27.8874	0.00967094	0.581453	0	0.00890506	-0.0709332	0.201762	0	0	0	0	0	0	0	14.8126	-0.260442	0.0777163	0	0	2.17194	0	0	0	0.107873	-0.0373921	-10.2842
2017-02-24 00:00:00	-12.1838	-0.00112348	0.624903	0	-0.00401804	-0.0312169	0.092955	0	0	0	0	0	0	0	5.51567	-0.263993	0.0782388	0	0	3.09692	0	0	0	0.110104	-0.0491789	-3.01456
2017-02-25 00:00:00	-11.809	-0.0227566	0.775381	0	0.00181448	-0.0305198	0.084497	0	0	0	0	0	0	0	5.14613	-0.265914	0.0786888	0	0	3.46074	0	0	0	0.11124	-0.0520374	-2.52175
2017-02-26 00:00:00	-3.79099	0.00811636	0.761334	0	-0.00434491	-0.0101869	0.0281515	0	0	0	0	0	0	0	0.576261	-0.266591	0.0788781	0	0	3.39488	0	0	0	0.112118	-0.0528463	0.834779
2017-02-27 00:00:00	-1.81351	0.000546663	0.657223	0	-0.00125608	-0.00315243	0.0118881	0	0	0	0	0	0	0	-0.32981	-0.26653	0.0788785	0	0	3.06617	0	0	0	0.112534	-0.0508898	1.46209
2017-02-28 00:00:00	-15.245	-0.000341027	0.565541	0	0.00499696	-0.0430594	0.110506	0	0	0	0	0	0	0	7.19908	-0.268373	0.0792884	0	0	3.29897	0	0	0	0.11335	-0.0502386	-4.23531
2017-03-01 00:00:00	-3.22702	-0.00485114	0.562564	0	-0.00409582	-0.00999229	0.0257032	0	0	0	0	0	0	0	0.526403	-0.269062	0.0795625	0	0	3.34854	0	0	0	0.114373	-0.0529018	1.08922
2017-03-02 00:00:00	-1.24954	0.000232042	0.636538	0	-0.00132654	-0.00170606	0.0082954	0	0	0	0	0	0	0	-0.64651	-0.268839	0.0795509	0	0	2.99891	0	0	0	0.114555	-0.05036	1.6198
2017-03-03 00:00:00	-5.53245	-0.00483285	0.680619	0	0.00195703	-0.0129377	0.0385317	0	0	0	0	0	0	0	1.80624	-0.269233	0.0796339	0	0	2.83279	0	0	0	0.11473	-0.0482643	-0.313219
2017-03-04 00:00:00	-7.75947	-0.00916281	0.781885	0	0.00116257	-0.0207182	0.0552962	0	0	0	0	0	0	0	2.79283	-0.270094	0.0798347	0	0	2.90375	0	0	0	0.115366	-0.0479242	-1.37725
2017-03-05 00:00:00	-1.5955	-0.0145073	0.700803	0	-0.00291176	-0.00311418	0.01105	0	0	0	0	0	0	0	-0.272716	-0.270164	0.0798748	0	0	2.75535	0	0	0	0.115744	-0.0478455	1.45607
2017-03-06 00:00:00	-1.8045	-0.000767525	0.755966	0	3.15034E-06	-0.00244268	0.0110901	0	0	0	0	0	0	0	-0.400875	-0.26995	0.0798454	0	0	2.49986	0	0	0	0.115882	-0.0448772	0.939234
2017-03-07 00:00:00	-2.8	-0.00875039	0.858148	0	0.000596226	-0.00473499	0.0171342	0	0	0	0	0	0	0	0.264895	-0.269946	0.0798477	0	0	2.32152	0	0	0	0.115968	-0.0426962	0.531982
2017-03-08 00:00:00	-2.0045	0.000779684	0.908597	0	-0.000554817	-0.00258125	0.0116659	0	0	0	0	0	0	0	-0.156918	-0.269946	0.0798337	0	0	2.17331	0	0	0	0.116036	-0.0414595	0.814261
2017-03-09 00:00:00	-3.82702	0.00424374	0.948235	0	0.000741062	-0.00699888	0.0240091	0	0	0	0	0	0	0	0.69918	-0.270059	0.079871	0	0	2.07716	0	0	0	0.11615	-0.040012	-0.1945
2017-03-10 00:00:00	-0.2	-0.671277	0.951333	0	-0.00400474	-0.00021867	0.00369932	0	0	0	0	0	0	0	-0.856755	-0.269793	0.0798407	0	0	1.92496	0	0	0	0.116209	-0.039374	1.03462
2017-03-11 00:00:00	-1.38199	0.258608	1.12305	0	-7.46625E-05	0	0.00295171	0	0	0	0	0	0	0	-0.641368	-0.269458	0.079776	0	0	1.74853	0	0	0	0.116077	-0.0372982	0.998811
2017-03-12 00:00:00	-0.204504	-0.714318	1.06472	0	-0.00354837	0	0.00310486	0	0	0	0	0	0	0	-0.857904	-0.269165	0.0797177	0	0	1.6077	0	0	0	0.115991	-0.03488	0.786917
2017-03-13 00:00:00	0	-0.418102	0.97701	0	-0.00951726	0	0.00204244	0	0	0	0	0	0	0	-1.10062	-0.268773	0.0796412	0	0	1.45392	0	0	0	0.11582	-0.0334783	0.797946
2017-03-14 00:00:00	-0.995496	-0.0954826	1.18717	0	-0.00237098	0	0.002762	0	0	0	0	0	0	0	-0.562475	-0.26838	0.0795662	0	0	1.33323	0	0	0	0.11579	-0.0314609	0.76286
2017-03-15 00:00:00	0	-0.0728986	1.02058	0	-0.0140596	0	0.00198796	0	0	0	0	0	0	0	-1.22078	-0.268076	0.0795032	0	0	1.23303	0	0	0	0.115629	-0.0293905	0.845523
2017-03-16 00:00:00	-1.20901	0.11568	1.10034	0	-0.000293629	0	0.00265822	0	0	0	0	0	0	0	-0.477873	-0.26772	0.0794337	0	0	1.14619	0	0	0	0.115504	-0.0276881	0.577224
2017-03-17 00:00:00	-9.71709	1.57314	1.10852	0	0.0354838	-0.00824259	0.03768	0	0	0	0	0	0	0	3.54682	-0.268191	0.0795522	0	0	1.25237	0	0	0	0.11558	-0.0287362	-2.27312
2017-03-18 00:00:00	-5.8	-0.0114624	1.18542	0	-0.000644946	-0.0118601	0.0373328	0	0	0	0	0	0	0	1.82914	-0.269085	0.0798093	0	0	1.56875	0	0	0	0.115959	-0.0329736	-1.30961
2017-03-19 00:00:00	-6.23153	0.000257425	1.23026	0	-3.53227E-05	-0.0125566	0.040181	0	0	0	0	0	0	0	2.2377	-0.269676	0.0799714	0	0	1.73468	0	0	0	0.116114	-0.0354852	-1.11011
2017-03-20 00:00:00	-3.48106	-0.0164885	1.12974	0	-0.000953006	-0.00569819	0.0201664	0	0	0	0	0	0	0	0.63062	-0.269919	0.0800771	0	0	1.79429	0	0	0	0.116356	-0.036825	-0.0397029
2017-03-21 00:00:00	-0.77564	-0.0629768	0.675694	0	-0.00193315	-0.000200851	0.00440596	0	0	0	0	0	0	0	-0.673696	-0.269719	0.0801027	0	0	1.70488	0	0	0	0.116375	-0.0360542	0.761238
2017-03-22 00:00:00	-15.8045	0.0638053	0.645504	0	0.00802548	-0.038559	0.111208	0	0	0	0	0	0	0	7.36325	-0.271684	0.0805594	0	0	2.11761	0	0	0	0.116777	-0.0375262	-5.64554
2017-03-23 00:00:00	-33.1361	0.00202298	0.983283	0	0.00606	-0.102047	0.248347	0	0	0	0	0	0	0	15.517	-0.276949	0.0816896	0	0	3.68338	0	0	0	0.118762	-0.050174	-12.9248
2017-03-24 00:00:00	0	-1.06468	1.34014	0	-0.0187051	-0.00664477	0.0121298	0	0	0	0	0	0	0	-1.39388	-0.279026	0.0821914	0	0	4.20812	0	0	0	0.120289	-0.0616372	2.9383
2017-03-25 00:00:00	0	-0.585533	1.56119	0	-0.0179966	-0.000635943	0.00292163	0	0	0	0	0	0	0	-1.56146	-0.278766	0.0820489	0	0	3.55988	0	0	0	0.120434	-0.0571065	2.82498
2017-03-26 00:00:00	0	-0.0153457	1.69701	0	-0.022407	0	0.00157097	0	0	0	0	0	0	0	-2.00505	-0.278766	0.0819157	0	0	3.01761	0	0	0	0.120729	-0.0517843	2.54548
2017-03-27 00:00:00	0	-0.0151672	1.67514	0	-0.0138631	0	0.00316421	0	0	0	0	0	0	0	-2.18152	-0.278425	0.0817904	0	0	2.55531	0	0	0	0.12095	-0.0466077	1.90078
2017-03-28 00:00:00	-1.2045	0.000376582	1.32935	0	-0.000926362	0	0.00404613	0	0	0	0	0	0	0	-0.617517	-0.278102	0.0816979	0	0	2.24205	0	0	0	0.121005	-0.0431114	1.63437
2017-03-29 00:00:00	-0.795496	-0.0105571	1.4188	0	-0.00137172	0	0.00254193	0	0	0	0	0	0	0	-1.22565	-0.277722	0.0816048	0	0	1.9587	0	0	0	0.121137	-0.039733	1.23225
2017-03-30 00:00:00	-1.9955	0.568706	1.39522	0	-2.02027E-05	0	0.0036319	0	0	0	0	0	0	0	-0.651719	-0.27738	0.0815277	0	0	1.75088	0	0	0	0.121056	-0.0376753	0.958725
2017-03-31 00:00:00	-2.78199	0.581803	1.56166	0	0.00104749	0	0.00440951	0	0	0	0	0	0	0	-0.304517	-0.277187	0.081481	0	0	1.62087	0	0	0	0.121042	-0.0357246	0.5729
2017-04-01 00:00:00	-0.2	-1.0549	1.51193	0	-0.000982492	0	0.00308483	0	0	0	0	0	0	0	-0.889517	-0.276888	0.0814208	0	0	1.49312	0	0	0	0.121055	-0.0343712	0.75395
2017-04-02 00:00:00	0	-0.116647	1.24942	0	6.42339E-05	0	0.0016818	0	0	0	0	0	0	0	-1.63308	-0.276491	0.0812983	0	0	1.32468	0	0	0	0.121058	-0.0319691	0.72002
2017-04-03 00:00:00	0	-0.00593186	1.26321	0	-0.000752177	0	0.000107059	0	0	0	0	0	0	0	-0.685991	-0.27615	0.0811963	0	0	1.15712	0	0	0	0.120869	-0.0296361	1.62404
2017-04-04 00:00:00	-0.409007	0	1.41962	0	-0.000353198	0	0.00128573	0	0	0	0	0	0	0	-1.65826	-0.275694	0.0811525	0	0	1.06161	0	0	0	0.121301	-0.027412	0.314239
2017-04-05 00:00:00	0	0	1.32924	0	-0.00020018	0	0.00376012	0	0	0	0	0	0	0	-1.4176	-0.275458	0.0811081	0	0	0.990092	0	0	0	0.120757	-0.0256105	0.806086
2017-04-06 00:00:00	0	0	1.30894	0	-0.00104751	0	0.00113353	0	0	0	0	0	0	0	-1.39162	-0.274973	0.0810197	0	0	0.897741	0	0	0	0.120765	-0.0241238	0.717836
2017-04-07 00:00:00	-0.4	0	1.44554	0	-0.00123243	0	0.000175215	0	0	0	0	0	0	0	-0.705086	-0.274463	0.0809138	0	0	0.827596	0	0	0	0.120609	-0.0224752	1.07158
2017-04-08 00:00:00	0	0	1.59305	0	-0.000308608	0	0.00309702	0	0	0	0	0	0	0	-2.17625	-0.274114	0.0808572	0	0	0.769169	0	0	0	0.120756	-0.0213026	0.0949587
2017-04-09 00:00:00	-0.2	0	1.5037	0	-0.00135892	0	0.00113572	0	0	0	0	0	0	0	-0.935275	-0.273796	0.0807959	0	0	0.730771	0	0	0	0.120268	-0.0199515	1.00629
2017-04-10 00:00:00	-0.00900716	0	1.37925	0	-6.52483E-05	0	0.00193547	0	0	0	0	0	0	0	-1.38611	-0.273288	0.080694	0	0	0.683985	0	0	0	0.120243	-0.019318	0.578328
2017-04-11 00:00:00	-0.627021	0.00339263	1.56994	0	-0.000164558	0	0.00125198	0	0	0	0	0	0	0	-0.944909	-0.272957	0.0806262	0	0	0.661072	0	0	0	0.119948	-0.0186646	0.572514
2017-04-12 00:00:00	-0.613511	-0.00339263	1.5478	0	0.000116955	0	0.00223238	0	0	0	0	0	0	0	-1.0946	-0.2725	0.0805332	0	0	0.64549	0	0	0	0.119816	-0.0184219	0.393562
2017-04-13 00:00:00	-0.4	0	1.40756	0	-0.000119568	0	0.000648361	0	0	0	0	0	0	0	-0.988789	-0.272098	0.0804458	0	0	0.632657	0	0	0	0.119579	-0.0182051	0.561683
2017-04-14 00:00:00	-1.82702	0.133427	1.69234	0	1.19937E-05	0	0.0013627	0	0	0	0	0	0	0	-0.136891	-0.271549	0.0803431	0	0	0.651316	0	0	0	0.119375	-0.0180329	0.424684
2017-04-15 00:00:00	-0.204504	-0.133427	1.4366	0	-2.07384E-05	0	0.00331037	0	0	0	0	0	0	0	-1.57813	-0.271414	0.0803029	0	0	0.643089	0	0	0	0.119016	-0.0183439	0.0764751
2017-04-16 00:00:00	-4.60901	1.62246	1.59543	0	5.93442E-05	0	0.00499037	0	0	0	0	0	0	0	0.601631	-0.271207	0.0802562	0	0	0.670865	0	0	0	0.11884	-0.018392	-0.204077
2017-04-17 00:00:00	0	-1.15226	1.53903	0	4.63884E-05	0	0.00229023	0	0	0	0	0	0	0	-0.88104	-0.27094	0.080204	0	0	0.719263	0	0	0	0.118791	-0.0192226	0.13616
2017-04-18 00:00:00	0	-0.470188	1.73349	0	-0.00151457	0	0	0	0	0	0	0	0	0	-0.767143	-0.27036	0.0800562	0	0	0.695451	0	0	0	0.118541	-0.019413	1.09892
2017-04-19 00:00:00	-0.00450358	0	1.527	0	0.000770347	0	0	0	0	0	0	0	0	0	-1.80203	-0.270183	0.0799748	0	0	0.648597	0	0	0	0.118747	-0.0190891	0.279281
2017-04-20 00:00:00	-0.2	0	1.80037	0	0.000647414	0	0.00184412	0	0	0	0	0	0	0	-1.72076	-0.269686	0.0799131	0	0	0.617467	0	0	0	0.118095	-0.0181118	0.409778
2017-04-21 00:00:00	-1.0045	0	1.80729	0	0.00036727	0	0.00138304	0	0	0	0	0	0	0	-0.834657	-0.268963	0.0797672	0	0	0.600948	0	0	0	0.117976	-0.017643	0.48196
2017-04-22 00:00:00	0	0	1.4906	0	-0.000372123	0	0.00102956	0	0	0	0	0	0	0	-1.27623	-0.268814	0.0797293	0	0	0.582222	0	0	0	0.117778	-0.0173337	0.708615
2017-04-23 00:00:00	0	0	1.58109	0	-3.49704E-05	0	9.54848E-06	0	0	0	0	0	0	0	-1.346	-0.268347	0.0795692	0	0	0.551081	0	0	0	0.117595	-0.016711	0.698257
2017-04-24 00:00:00	-1.4045	0.000543813	1.64153	0	3.77348E-05	0	0.000941483	0	0	0	0	0	0	0	-0.182293	-0.2678	0.0794482	0	0	0.562203	0	0	0	0.117401	-0.0162735	0.531237
2017-04-25 00:00:00	-4.01801	1.47709	1.41767	0	4.33565E-05	0	0.0055531	0	0	0	0	0	0	0	0.0916217	-0.267835	0.0794512	0	0	0.601229	0	0	0	0.117174	-0.0169733	-0.512991
2017-04-26 00:00:00	-0.00450358	-1.04083	1.27217	0	-5.84641E-05	0	0.00181344	0	0	0	0	0	0	0	-0.522201	-0.267544	0.0793948	0	0	0.648525	0	0	0	0.116959	-0.0180706	0.265654
2017-04-27 00:00:00	-0.413511	-0.436801	1.85963	0	0.00023801	0	0.00130202	0	0	0	0	0	0	0	-1.19842	-0.266964	0.079276	0	0	0.646271	0	0	0	0.116787	-0.0183473	0.369459
2017-04-28 00:00:00	0	0	1.82934	0	-0.00185881	0	9.77431E-05	0	0	0	0	0	0	0	-1.10604	-0.266559	0.0791746	0	0	0.601842	0	0	0	0.116454	-0.0183114	1.23413
2017-04-29 00:00:00	-0.195496	0	1.78375	0	0.00067206	0	0	0	0	0	0	0	0	0	-1.78436	-0.266315	0.0791053	0	0	0.561932	0	0	0	0.116669	-0.0175947	0.27836
2017-04-30 00:00:00	0	0	1.85008	0	9.92507E-05	0	0	0	0	0	0	0	0	0	-1.52526	-0.265821	0.0790371	0	0	0.524691	0	0	0	0.116146	-0.0166381	0.762332
2017-05-01 00:00:00	0	0	1.84372	0	8.4013E-05	0	0	0	0	0	0	0	0	0	-1.62299	-0.265461	0.0789349	0	0	0.491589	0	0	0	0.115951	-0.0159426	0.625892
2017-05-02 00:00:00	0	0	1.7874	0	0.000125743	0	0	0	0	0	0	0	0	0	-1.64702	-0.265053	0.07883	0	0	0.464757	0	0	0	0.115769	-0.0151495	0.519656
2017-05-03 00:00:00	-0.195496	0	1.77139	0	0.0003551	0	0	0	0	0	0	0	0	0	-1.45492	-0.264599	0.0787258	0	0	0.448271	0	0	0	0.115554	-0.0146214	0.484666
2017-05-04 00:00:00	0	0	1.77542	0	3.9566E-05	0	0	0	0	0	0	0	0	0	-1.58101	-0.2643	0.0786189	0	0	0.430162	0	0	0	0.115321	-0.0143272	0.539924
2017-05-05 00:00:00	0	0	1.73778	0	9.36923E-05	0	0	0	0	0	0	0	0	0	-1.59144	-0.263782	0.0785427	0	0	0.413974	0	0	0	0.11509	-0.013985	0.476281
2017-05-06 00:00:00	-0.00450358	0	1.73649	0	7.42537E-05	0	0	0	0	0	0	0	0	0	-1.39788	-0.263417	0.078431	0	0	0.400038	0	0	0	0.114849	-0.013705	0.650379
2017-05-07 00:00:00	0	0	1.81174	0	-4.13862E-05	0	0	0	0	0	0	0	0	0	-1.60571	-0.263089	0.0783176	0	0	0.38537	0	0	0	0.114603	-0.0134684	0.507728
2017-05-08 00:00:00	0	0	1.6652	0	9.57318E-05	0	2.80835E-05	0	0	0	0	0	0	0	-1.52967	-0.262724	0.0782096	0	0	0.375507	0	0	0	0.114361	-0.0131649	0.427842
2017-05-09 00:00:00	0	0	1.88131	0	-0.00019088	0	0	0	0	0	0	0	0	0	-1.70882	-0.262011	0.0781048	0	0	0.361583	0	0	0	0.114114	-0.0128844	0.451208
2017-05-10 00:00:00	0	0	2.03824	0	-0.000382995	0	0	0	0	0	0	0	0	0	-1.8212	-0.261631	0.0779839	0	0	0.342898	0	0	0	0.113868	-0.0125852	0.477196
2017-05-11 00:00:00	0	0	4.00872	0	-0.00293979	0	0	0	0	0	0	0	0	0	-3.21381	-0.260987	0.0777917	0	0	0.274105	0	0	0	0.113619	-0.0122449	0.984257
2017-05-12 00:00:00	0	0	2.34709	0	-0.000418021	0	0	0	0	0	0	0	0	0	-1.93702	-0.260328	0.0777014	0	0	0.24421	0	0	0	0.113434	-0.0111179	0.57355
2017-05-13 00:00:00	-2.38649	0.00374604	2.4604	0	0.00233203	0	0	0	0	0	0	0	0	0	-0.160803	-0.260015	0.077592	0	0	0.280829	0	0	0	0.113178	-0.0106769	0.120094
2017-05-14 00:00:00	0	-0.00374604	1.99624	0	-0.00082711	0	0	0	0	0	0	0	0	0	-1.76042	-0.259662	0.0774664	0	0	0.283733	0	0	0	0.112821	-0.0112522	0.434358
2017-05-15 00:00:00	-9.01351	1.73893	2.65659	0	0.00254306	0	0.00586365	0	0	0	0	0	0	0	2.64594	-0.259913	0.0775298	0	0	0.38199	0	0	0	0.112574	-0.0118472	-1.66331
2017-05-16 00:00:00	-2.2045	-0.391284	2.62619	0	-2.51751E-05	0	0.0024137	0	0	0	0	0	0	0	-0.323267	-0.259774	0.0774943	0	0	0.494108	0	0	0	0.112605	-0.0147552	0.119206
2017-05-17 00:00:00	0	-1.33802	2.62953	0	-0.000575807	0	0.000152661	0	0	0	0	0	0	0	-1.38023	-0.259366	0.0773766	0	0	0.515996	0	0	0	0.112265	-0.015599	0.34153
2017-05-18 00:00:00	0	-0.00959461	2.03297	0	-6.09034E-05	0	0	0	0	0	0	0	0	0	-1.93799	-0.258614	0.0771263	0	0	0.469824	0	0	0	0.112041	-0.0154407	0.470262
2017-05-19 00:00:00	-0.4	0	2.12682	0	-0.00103912	0	0	0	0	0	0	0	0	0	-1.44437	-0.258409	0.0770229	0	0	0.442026	0	0	0	0.11185	-0.0145243	0.639376
2017-05-20 00:00:00	-17	1.82179	2.39176	0	0.00172669	0	0.0134839	0	0	0	0	0	0	0	7.63419	-0.259994	0.0773035	0	0	0.689263	0	0	0	0.111969	-0.0162061	-4.53472
2017-05-21 00:00:00	-0.209007	-1.47574	2.3224	0	-0.000159592	0	0.0014698	0	0	0	0	0	0	0	-0.98498	-0.260243	0.0773672	0	0	0.897055	0	0	0	0.112574	-0.0223692	0.458367
2017-05-22 00:00:00	-2.8045	0.0437474	2.79771	0	3.67219E-05	0	0.00193976	0	0	0	0	0	0	0	-0.298213	-0.259797	0.077255	0	0	0.862926	0	0	0	0.112284	-0.0220243	0.51136
2017-05-23 00:00:00	-0.8	-0.341107	2.85912	0	-0.000761746	0	6.79524E-05	0	0	0	0	0	0	0	-1.67118	-0.259374	0.0771368	0	0	0.807466	0	0	0	0.112081	-0.0213463	0.762111
2017-05-24 00:00:00	-0.2	-0.0210526	2.44951	0	-0.00193236	0	0	0	0	0	0	0	0	0	-1.63765	-0.258548	0.076954	0	0	0.688759	0	0	0	0.111925	-0.0203697	1.1876
2017-05-25 00:00:00	0	-0.0276523	3.86299	0	-0.00232367	0	0	0	0	0	0	0	0	0	-3.44613	-0.25826	0.0766185	0	0	0.558354	0	0	0	0.11196	-0.0189121	0.856645
2017-05-26 00:00:00	0	0	2.51763	0	-6.19542E-05	0	0	0	0	0	0	0	0	0	-2.06325	-0.257809	0.0765092	0	0	0.474003	0	0	0	0.111646	-0.0165307	0.842134
2017-05-27 00:00:00	-11.9928	1.74694	3.05112	0	0.00515581	0	0.00425343	0	0	0	0	0	0	0	4.00062	-0.258937	0.0766825	0	0	0.675887	0	0	0	0.111546	-0.0151665	-2.59474
2017-05-28 00:00:00	0	-1.74206	2.72516	0	-0.000731619	0	0.000647089	0	0	0	0	0	0	0	-0.861168	-0.258548	0.0765816	0	0	0.725833	0	0	0	0.11192	-0.0194158	0.758216
2017-05-29 00:00:00	-0.395496	-0.00305826	2.32101	0	-2.53912E-05	0	0	0	0	0	0	0	0	0	-1.90496	-0.257895	0.0764167	0	0	0.649525	0	0	0	0.11171	-0.0193461	0.577878
2017-05-30 00:00:00	-0.809007	-0.00181681	2.39842	0	-0.0017666	0	0	0	0	0	0	0	0	0	-0.798613	-0.257084	0.0762741	0	0	0.596633	0	0	0	0.111549	-0.0183757	1.29621
2017-05-31 00:00:00	0	0	3.07952	0	-0.00214049	0	0	0	0	0	0	0	0	0	-3.10822	-0.256799	0.0761852	0	0	0.504556	0	0	0	0.111591	-0.0175205	0.387172
2017-06-01 00:00:00	-0.00450358	0	2.40482	0	-0.000453501	0	0	0	0	0	0	0	0	0	-2.00722	-0.256182	0.0760579	0	0	0.43676	0	0	0	0.111148	-0.0154636	0.744971
2017-06-02 00:00:00	-0.795496	0	2.78448	0	-3.64033E-05	0	0	0	0	0	0	0	0	0	-1.75035	-0.255687	0.0759353	0	0	0.3958	0	0	0	0.11094	-0.0141423	0.551446
2017-06-03 00:00:00	0	0	3.36679	0	-0.000109662	0	0	0	0	0	0	0	0	0	-2.95781	-0.255152	0.0758184	0	0	0.325854	0	0	0	0.110685	-0.0134441	0.652628
2017-06-04 00:00:00	-1.01801	0	2.31063	0	9.35643E-06	0	0	0	0	0	0	0	0	0	-1.22968	-0.254715	0.0756044	0	0	0.313069	0	0	0	0.110503	-0.011982	0.295426
2017-06-05 00:00:00	-9.8	1.86521	2.75386	0	0.00521478	0	0.000481924	0	0	0	0	0	0	0	3.1044	-0.254727	0.0756484	0	0	0.432145	0	0	0	0.110257	-0.0123786	-1.71988
2017-06-06 00:00:00	-44.427	0.0510484	2.57845	0	0.0697916	-0.0702166	0.221343	0	0	0	0	0	0	0	24.8823	-0.25986	0.0766829	0	0	1.37878	0	0	0	0.112337	-0.0262669	-15.4127
2017-06-07 00:00:00	-0.809007	-1.46845	2.74968	0	-0.0183358	-0.00125538	0.00588655	0	0	0	0	0	0	0	-1.09097	-0.26265	0.0773157	0	0	2.12563	0	0	0	0.114363	-0.0402739	1.38193
2017-06-08 00:00:00	-13.636	1.44035	3.01315	0	0.0142925	-0.0203614	0.0624308	0	0	0	0	0	0	0	4.89104	-0.263148	0.0774247	0	0	2.09489	0	0	0	0.114599	-0.0392898	-2.25064
2017-06-09 00:00:00	-0.2	-1.8074	3.00466	0	-0.0234602	-0.00040688	0.00263231	0	0	0	0	0	0	0	-1.52062	-0.263444	0.0775097	0	0	2.07615	0	0	0	0.115088	-0.0399079	1.4208
2017-06-10 00:00:00	-3.0045	-0.0127038	3.12101	0	-0.00176456	0	0.00152027	0	0	0	0	0	0	0	-0.669333	-0.26291	0.0774031	0	0	1.8231	0	0	0	0.114987	-0.0373939	1.14942
2017-06-11 00:00:00	-3.18649	0.125031	3.08898	0	-0.000791923	0	0.00150454	0	0	0	0	0	0	0	-0.411983	-0.262437	0.0773109	0	0	1.63948	0	0	0	0.114857	-0.0353599	1.15011
2017-06-12 00:00:00	-0.204504	-0.154175	2.67556	0	-0.0285738	0	3.60629E-05	0	0	0	0	0	0	0	-2.21371	-0.261962	0.0772111	0	0	1.44134	0	0	0	0.114709	-0.0330324	1.4129
2017-06-13 00:00:00	-2.34596	-0.0202556	2.95931	0	-0.00551359	0	0	0	0	0	0	0	0	0	-0.333292	-0.261275	0.0770542	0	0	1.22815	0	0	0	0.114684	-0.030312	1.3826
2017-06-14 00:00:00	0	-0.0174738	2.88823	0	-0.00644351	0	0	0	0	0	0	0	0	0	-3.10045	-0.26109	0.0769987	0	0	1.10989	0	0	0	0.11457	-0.0276225	0.776611
2017-06-15 00:00:00	-8.43603	1.86267	3.14772	0	0.0189335	0	0.00446694	0	0	0	0	0	0	0	2.00228	-0.260961	0.0769812	0	0	1.05882	0	0	0	0.114449	-0.0257282	-0.436387
2017-06-16 00:00:00	-0.8	-1.63805	3.13314	0	-0.00881981	0	0.00127247	0	0	0	0	0	0	0	-1.15136	-0.260834	0.0769583	0	0	1.08291	0	0	0	0.114489	-0.0263888	0.523321
2017-06-17 00:00:00	0	-0.225798	3.07719	0	-0.0126046	0	0	0	0	0	0	0	0	0	-1.89868	-0.260072	0.0767803	0	0	0.900942	0	0	0	0.114234	-0.0258905	1.7461
2017-06-18 00:00:00	0	0	3.18401	0	-0.00163574	0	0	0	0	0	0	0	0	0	-3.00992	-0.259908	0.0766664	0	0	0.758452	0	0	0	0.114475	-0.0228949	0.839246
2017-06-19 00:00:00	-0.00450358	0	3.17955	0	-0.000196138	0	0	0	0	0	0	0	0	0	-2.53211	-0.259233	0.0765361	0	0	0.630264	0	0	0	0.114055	-0.0201229	1.18424
2017-06-20 00:00:00	0	0	3.51634	0	-0.000103798	0	0	0	0	0	0	0	0	0	-2.77623	-0.258769	0.0764083	0	0	0.511524	0	0	0	0.113863	-0.0180597	1.16497
2017-06-21 00:00:00	-0.990993	0	2.86626	0	-3.20447E-06	0	0	0	0	0	0	0	0	0	-1.31699	-0.258387	0.0762911	0	0	0.460331	0	0	0	0.113671	-0.0157826	0.934402
2017-06-22 00:00:00	0	0	2.63127	0	0	0	0	0	0	0	0	0	0	0	-2.16392	-0.258003	0.0762119	0	0	0.421044	0	0	0	0.113241	-0.0142712	0.805572
2017-06-23 00:00:00	-2.02702	0	2.96086	0	0	0	0	0	0	0	0	0	0	0	-0.438738	-0.257246	0.0760526	0	0	0.405404	0	0	0	0.113101	-0.0136099	0.8188
2017-06-24 00:00:00	0	0	2.37962	0	0	0	0	0	0	0	0	0	0	0	-2.15404	-0.256846	0.0759465	0	0	0.368666	0	0	0	0.112916	-0.013664	0.512599
2017-06-25 00:00:00	-0.2	0	2.38158	0	0	0	0	0	0	0	0	0	0	0	-1.67299	-0.256288	0.075824	0	0	0.338607	0	0	0	0.112424	-0.0128571	0.766304
2017-06-26 00:00:00	0	0	2.30225	0	0	0	0	0	0	0	0	0	0	0	-1.86044	-0.255842	0.0757056	0	0	0.310551	0	0	0	0.112099	-0.012261	0.672059
2017-06-27 00:00:00	-21.2739	2.00446	2.86778	0	0.0394607	0	0.0100017	0	0	0	0	0	0	0	9.70988	-0.257703	0.0760577	0	0	0.606792	0	0	0	0.112281	-0.0147094	-6.1196
2017-06-28 00:00:00	-0.4	-1.7943	2.93614	0	-0.00891668	0	0	0	0	0	0	0	0	0	-1.28702	-0.258201	0.0761775	0	0	0.908311	0	0	0	0.11296	-0.0227209	0.262435
2017-06-29 00:00:00	-38.4721	1.86271	2.14121	0	0.0428718	-0.0761759	0.22632	0	0	0	0	0	0	0	20.679	-0.261877	0.0769379	0	0	1.5974	0	0	0	0.114154	-0.0308986	-12.1004
2017-06-30 00:00:00	-5.64053	0.00168573	2.31648	0	-0.00521342	-0.00915342	0.0288326	0	0	0	0	0	0	0	1.16781	-0.264566	0.0776145	0	0	2.34432	0	0	0	0.115897	-0.0423277	0.0908456
2017-07-01 00:00:00	-0.395496	-1.79395	2.85467	0	-0.0148865	-0.000197451	0.00188763	0	0	0	0	0	0	0	-1.13643	-0.264146	0.0775635	0	0	2.14583	0	0	0	0.115864	-0.0407884	1.54992
2017-07-02 00:00:00	-2.44053	-0.181464	3.0011	0	-0.00675106	0	0.000730854	0	0	0	0	0	0	0	-0.833063	-0.263612	0.0774507	0	0	1.87507	0	0	0	0.115742	-0.0382256	1.30644
2017-07-03 00:00:00	-0.204504	-0.044793	2.70359	0	-0.0313385	0	0	0	0	0	0	0	0	0	-2.58132	-0.262848	0.0772926	0	0	1.54455	0	0	0	0.115638	-0.0364924	1.27979
2017-07-04 00:00:00	-12.782	2.04786	2.92959	0	0.0547343	-0.00848948	0.0300404	0	0	0	0	0	0	0	4.50063	-0.26358	0.0774233	0	0	1.61427	0	0	0	0.115745	-0.0339832	-1.71775
2017-07-05 00:00:00	0	-2.033	3.04725	0	-0.022582	-0.000427337	0.00220613	0	0	0	0	0	0	0	-1.40683	-0.263761	0.0774649	0	0	1.65362	0	0	0	0.116059	-0.0353658	1.13464
2017-07-06 00:00:00	-1.3955	-0.0159944	3.05657	0	-0.0226588	0	0	0	0	0	0	0	0	0	-1.73874	-0.26297	0.0772868	0	0	1.37115	0	0	0	0.115856	-0.0341018	1.15091
2017-07-07 00:00:00	-0.595496	-0.0202774	2.88243	0	-0.0185713	0	0	0	0	0	0	0	0	0	-1.93666	-0.26269	0.0772244	0	0	1.24736	0	0	0	0.115855	-0.0295759	1.4596
2017-07-08 00:00:00	0	-0.0236321	2.87561	0	-0.00302814	0	0	0	0	0	0	0	0	0	-2.64196	-0.261953	0.0770455	0	0	0.997461	0	0	0	0.115634	-0.0277794	1.1074
2017-07-09 00:00:00	-2.59099	-0.00864009	3.1734	0	0.000549941	0	0	0	0	0	0	0	0	0	-0.499162	-0.261688	0.076989	0	0	0.944512	0	0	0	0.115507	-0.0246933	0.925785
2017-07-10 00:00:00	-5.58199	2.02556	2.81712	0	0.00154942	0	0.00082062	0	0	0	0	0	0	0	0.282101	-0.261339	0.0769049	0	0	0.911971	0	0	0	0.115129	-0.0235936	0.364242
2017-07-11 00:00:00	0	-1.91766	2.67504	0	-0.000501969	0	0.0010037	0	0	0	0	0	0	0	-0.937065	-0.261026	0.0768305	0	0	0.897231	0	0	0	0.114873	-0.0231801	0.625544
2017-07-12 00:00:00	-0.00450358	-0.108561	4.71092	0	-0.00321369	0	0	0	0	0	0	0	0	0	-3.87018	-0.2603	0.0766424	0	0	0.717711	0	0	0	0.114704	-0.0219021	1.35131
2017-07-13 00:00:00	-2.43603	0.0177522	2.94896	0	-0.000162719	0	0	0	0	0	0	0	0	0	0.119414	-0.259803	0.0765032	0	0	0.651922	0	0	0	0.114451	-0.0190873	1.21392
2017-07-14 00:00:00	-0.404504	-0.0177522	2.71505	0	-0.00111576	0	0	0	0	0	0	0	0	0	-2.37386	-0.259454	0.0763993	0	0	0.585807	0	0	0	0.11447	-0.0185336	0.416511
2017-07-15 00:00:00	-4.1955	0.789653	3.30671	0	0.00192108	0	0	0	0	0	0	0	0	0	-0.0870445	-0.2591	0.0763068	0	0	0.595071	0	0	0	0.113908	-0.0174781	0.324451
2017-07-16 00:00:00	-0.195496	-0.789653	2.7654	0	0.00024418	0	0	0	0	0	0	0	0	0	-1.67924	-0.258726	0.0762338	0	0	0.579957	0	0	0	0.113333	-0.0175055	0.594553
2017-07-17 00:00:00	0	0	2.77419	0	-0.00184546	0	0	0	0	0	0	0	0	0	-2.15189	-0.258158	0.0760889	0	0	0.501914	0	0	0	0.113123	-0.0164165	1.03701
2017-07-18 00:00:00	0	0	2.82817	0	-0.000462218	0	0	0	0	0	0	0	0	0	-2.02798	-0.257455	0.0759199	0	0	0.421674	0	0	0	0.112901	-0.0151744	1.13759
2017-07-19 00:00:00	-1.81801	0	3.09957	0	3.37298E-06	0	0	0	0	0	0	0	0	0	-1.27266	-0.257028	0.0758156	0	0	0.405024	0	0	0	0.11276	-0.0140252	0.331448
2017-07-20 00:00:00	-2.40901	0	2.8238	0	0.00011422	0	0	0	0	0	0	0	0	0	-0.585227	-0.256589	0.0757104	0	0	0.426606	0	0	0	0.112232	-0.0137444	0.17389
2017-07-21 00:00:00	0	0	2.93929	0	-0.000152578	0	0	0	0	0	0	0	0	0	-2.35316	-0.25617	0.0754479	0	0	0.381422	0	0	0	0.111805	-0.0141124	0.88437
2017-07-22 00:00:00	-8.58199	2.17024	3.21026	0	0.00377221	0	0	0	0	0	0	0	0	0	1.56785	-0.255897	0.0754256	0	0	0.470096	0	0	0	0.111476	-0.0135408	-1.2423
2017-07-23 00:00:00	-4.27206	0.0206033	2.84485	0	0.0013903	0	0.000538344	0	0	0	0	0	0	0	0.693924	-0.255805	0.075413	0	0	0.55775	0	0	0	0.111287	-0.0161405	-0.238245
2017-07-24 00:00:00	-0.195496	-2.05216	2.94484	0	-0.00029479	0	0.000913027	0	0	0	0	0	0	0	-0.661454	-0.255253	0.0753554	0	0	0.599562	0	0	0	0.11092	-0.0175585	0.54938
2017-07-25 00:00:00	0	-0.131675	2.57165	0	-0.00171592	0	0	0	0	0	0	0	0	0	-2.10259	-0.254584	0.0752105	0	0	0.546684	0	0	0	0.11067	-0.0172954	0.796352
2017-07-26 00:00:00	-15.0495	2.25414	2.83405	0	0.0122132	0	0.00912658	0	0	0	0	0	0	0	5.84377	-0.255576	0.0754011	0	0	0.738075	0	0	0	0.110593	-0.0175714	-3.44531
2017-07-27 00:00:00	-2.44954	-0.439902	2.90196	0	-0.000702731	0	0.00226021	0	0	0	0	0	0	0	-0.524252	-0.25562	0.0754371	0	0	0.897514	0	0	0	0.110929	-0.0227447	0.29534
2017-07-28 00:00:00	-1.57748	-1.1979	2.98179	0	-0.000597917	0	0.00173804	0	0	0	0	0	0	0	-0.32381	-0.25514	0.0753241	0	0	0.872967	0	0	0	0.110598	-0.0225326	0.664946
2017-07-29 00:00:00	-2.96397	0.0567349	3.02566	0	-0.0012498	0	0.00076551	0	0	0	0	0	0	0	-0.202298	-0.254665	0.0751998	0	0	0.839786	0	0	0	0.110343	-0.0219153	0.664394
2017-07-30 00:00:00	-0.804504	-0.63407	2.7942	0	-0.00273624	0	1.23693E-05	0	0	0	0	0	0	0	-1.61055	-0.253951	0.0749695	0	0	0.775841	0	0	0	0.110099	-0.02153	0.427782
2017-07-31 00:00:00	-2.59099	-0.00575252	2.80668	0	-0.000252804	0	0.00132016	0	0	0	0	0	0	0	-0.676502	-0.253813	0.074512	0	0	0.758021	0	0	0	0.109732	-0.0204392	0.202513
2017-08-01 00:00:00	-3.58649	0.762846	2.73762	0	0.000859201	0	0.000615927	0	0	0	0	0	0	0	-0.173969	-0.253137	0.0745224	0	0	0.747157	0	0	0	0.109439	-0.0202168	0.399245
2017-08-02 00:00:00	-2.76397	-0.0496172	2.85313	0	-0.000966867	0	0.00219821	0	0	0	0	0	0	0	-0.452898	-0.252771	0.0744798	0	0	0.743993	0	0	0	0.109151	-0.0200617	0.242663
2017-08-03 00:00:00	-2.41351	-0.422346	3.02172	0	-5.61751E-05	0	0.000405811	0	0	0	0	0	0	0	-0.13464	-0.25222	0.0743445	0	0	0.732829	0	0	0	0.108802	-0.0199936	0.695336
2017-08-04 00:00:00	-0.609007	-0.319987	2.77733	0	-0.00438086	0	0.000752057	0	0	0	0	0	0	0	-2.29788	-0.252008	0.0742606	0	0	0.696128	0	0	0	0.108415	-0.0195512	0.154071
2017-08-05 00:00:00	-0.622518	-0.00933222	2.47499	0	-0.00123041	0	0	0	0	0	0	0	0	0	-1.81474	-0.251247	0.0740853	0	0	0.61512	0	0	0	0.108235	-0.0186538	0.554709
2017-08-06 00:00:00	-7.17298	2.16589	2.57425	0	0.00501319	0	0.00243045	0	0	0	0	0	0	0	1.20366	-0.251179	0.0740253	0	0	0.681136	0	0	0	0.107915	-0.0178096	-0.627658
2017-08-07 00:00:00	-0.995496	-1.51466	2.67446	0	-0.000437154	0	0.00175302	0	0	0	0	0	0	0	-0.378507	-0.251016	0.0739706	0	0	0.693767	0	0	0	0.107923	-0.019096	0.39266
2017-08-08 00:00:00	0	-0.653062	2.56427	0	-0.00571879	0	6.69889E-05	0	0	0	0	0	0	0	-1.51734	-0.250319	0.073827	0	0	0.639149	0	0	0	0.107599	-0.0191791	0.939294
2017-08-09 00:00:00	0	0	2.48466	0	-0.000271729	0	0	0	0	0	0	0	0	0	-2.62423	-0.250148	0.0737623	0	0	0.574108	0	0	0	0.107364	-0.0180339	0.347215
2017-08-10 00:00:00	0	0	2.26302	0	-0.00188389	0	0	0	0	0	0	0	0	0	-1.79664	-0.249492	0.073596	0	0	0.496616	0	0	0	0.107146	-0.0167328	0.875622
2017-08-11 00:00:00	-1.59099	0	2.71162	0	0.000397815	0	0	0	0	0	0	0	0	0	-1.33118	-0.248939	0.0735034	0	0	0.477601	0	0	0	0.107074	-0.0156199	0.183459
2017-08-12 00:00:00	-2.81351	0.142267	2.65734	0	0.00158356	0	0	0	0	0	0	0	0	0	-0.428969	-0.248534	0.0734124	0	0	0.500757	0	0	0	0.106636	-0.0151234	-0.0241458
2017-08-13 00:00:00	0	-0.142267	2.3206	0	-0.0015875	0	0	0	0	0	0	0	0	0	-2.23295	-0.247236	0.0732903	0	0	0.465314	0	0	0	0.106256	-0.0157182	0.325698
2017-08-14 00:00:00	-28.2649	2.45571	2.63356	0	0.0710958	-0.0299508	0.0919912	0	0	0	0	0	0	0	14.6261	-0.249578	0.073746	0	0	0.906798	0	0	0	0.106762	-0.0200294	-7.59864
2017-08-15 00:00:00	-9.90809	-0.024341	2.53162	0	-0.00235267	-0.0196412	0.05573	0	0	0	0	0	0	0	4.03286	-0.251225	0.0741975	0	0	1.51919	0	0	0	0.108127	-0.0323214	-1.91624
2017-08-16 00:00:00	-2.21351	-0.268551	2.49879	0	-0.00388037	-0.000448094	0.00334805	0	0	0	0	0	0	0	-0.610693	-0.25108	0.0742201	0	0	1.54555	0	0	0	0.108257	-0.034032	0.847976
2017-08-17 00:00:00	-5.25855	0.290698	2.6898	0	0.00205621	-0.00530298	0.016071	0	0	0	0	0	0	0	0.921067	-0.250858	0.0741891	0	0	1.46441	0	0	0	0.108115	-0.0326245	0.0190736
2017-08-18 00:00:00	-6.02252	0.00217934	2.61946	0	0.000450398	-0.00874205	0.0254611	0	0	0	0	0	0	0	1.68456	-0.250945	0.0742303	0	0	1.47461	0	0	0	0.10817	-0.032628	-0.325701
2017-08-19 00:00:00	-0.613511	-1.80237	2.61955	0	-0.00761934	-0.000219714	0.00227203	0	0	0	0	0	0	0	-0.631339	-0.250671	0.0741842	0	0	1.41538	0	0	0	0.108178	-0.0320286	0.881808
2017-08-20 00:00:00	0	-0.590907	2.56249	0	-0.0292039	0	8.75374E-05	0	0	0	0	0	0	0	-1.90645	-0.250212	0.0740725	0	0	1.25708	0	0	0	0.108026	-0.0297544	1.19523
2017-08-21 00:00:00	-0.2	-0.0217045	3.16075	0	-0.0257489	0	0	0	0	0	0	0	0	0	-2.76843	-0.249459	0.0738904	0	0	1.00472	0	0	0	0.107935	-0.0279625	1.05398
2017-08-22 00:00:00	0	-0.0184256	2.52373	0	-0.00443438	0	0	0	0	0	0	0	0	0	-2.01994	-0.249167	0.0737981	0	0	0.889806	0	0	0	0.107828	-0.024697	1.2785
2017-08-23 00:00:00	-9.2045	2.48329	2.64305	0	0.0345564	0	0.00171359	0	0	0	0	0	0	0	2.3718	-0.249188	0.0738016	0	0	0.899199	0	0	0	0.1077	-0.0226019	-0.86119
2017-08-24 00:00:00	-0.195496	-2.01548	2.43238	0	-0.00645578	0	0.00144714	0	0	0	0	0	0	0	-0.674085	-0.249016	0.0737825	0	0	0.961446	0	0	0	0.10766	-0.0248128	0.411362
2017-08-25 00:00:00	-4.82702	1.85941	2.54961	0	0.0073856	0	0.0015404	0	0	0	0	0	0	0	-0.0452093	-0.248599	0.0736966	0	0	0.928635	0	0	0	0.107334	-0.0242295	0.382558
2017-08-26 00:00:00	-1.4045	-0.8638	2.33971	0	-0.00234651	0	0.00159917	0	0	0	0	0	0	0	-0.541899	-0.248201	0.0736114	0	0	0.905575	0	0	0	0.10705	-0.0236752	0.343117
2017-08-27 00:00:00	0	-1.40986	2.35305	0	-0.0151401	0	0.000411642	0	0	0	0	0	0	0	-1.2177	-0.247792	0.0735185	0	0	0.861174	0	0	0	0.106794	-0.0226591	0.481793
2017-08-28 00:00:00	-1.63153	-0.0273007	2.41434	0	-0.00540775	0	0.000184434	0	0	0	0	0	0	0	-1.01641	-0.24705	0.0733636	0	0	0.784379	0	0	0	0.106606	-0.0218297	0.429352
2017-08-29 00:00:00	-0.2	-0.0193617	1.94402	0	-0.00621449	0	0.000172283	0	0	0	0	0	0	0	-1.69877	-0.246823	0.0732354	0	0	0.728913	0	0	0	0.106447	-0.0205222	0.661095
2017-08-30 00:00:00	-0.195496	-0.0137276	1.98656	0	-0.00489028	0	0	0	0	0	0	0	0	0	-1.32848	-0.246148	0.0730995	0	0	0.645904	0	0	0	0.106196	-0.0195765	1.00345
2017-08-31 00:00:00	0	-0.0119098	1.98608	0	0.000238761	0	0	0	0	0	0	0	0	0	-2.25954	-0.245843	0.0730486	0	0	0.596228	0	0	0	0.105951	-0.0182665	0.225984
2017-09-01 00:00:00	-0.4	-0.0035816	2.174	0	-0.00126541	0	0	0	0	0	0	0	0	0	-1.29189	-0.244841	0.0724305	0	0	0.53906	0	0	0	0.105736	-0.0175088	0.932134
2017-09-02 00:00:00	-0.00450358	0	2.21165	0	-0.000946381	0	0	0	0	0	0	0	0	0	-2.46894	-0.244044	0.0725864	0	0	0.48753	0	0	0	0.105666	-0.0164698	0.142527
2017-09-03 00:00:00	-3.58649	1.29105	2.14077	0	0.00173603	0	0	0	0	0	0	0	0	0	-0.153186	-0.243796	0.0724886	0	0	0.508905	0	0	0	0.105288	-0.0154104	0.121354
2017-09-04 00:00:00	-7.56848	1.27659	2.29807	0	0.00591235	0	0.00319538	0	0	0	0	0	0	0	2.12459	-0.243619	0.0726001	0	0	0.59537	0	0	0	0.104898	-0.0166537	-1.34751
2017-09-05 00:00:00	-3.19099	0.0156578	2.10075	0	0.00747483	0	0.0024981	0	0	0	0	0	0	0	0.213311	-0.243418	0.072585	0	0	0.70905	0	0	0	0.104875	-0.0192515	-0.227457
2017-09-06 00:00:00	-1.00901	-1.01165	2.0918	0	-0.00277311	0	0.00104998	0	0	0	0	0	0	0	-0.276062	-0.242938	0.0725094	0	0	0.728884	0	0	0	0.104638	-0.0198475	0.436597
2017-09-07 00:00:00	-8.98199	1.0618	1.98338	0	0.055613	-0.00379015	0.015305	0	0	0	0	0	0	0	3.42738	-0.243152	0.0725962	0	0	0.847696	0	0	0	0.104504	-0.0208278	-1.68149
2017-09-08 00:00:00	-3.81801	-0.0421268	1.96035	0	-0.000847695	-0.00525184	0.0150915	0	0	0	0	0	0	0	0.853705	-0.243201	0.0726219	0	0	0.981649	0	0	0	0.104569	-0.0247338	-0.146189
2017-09-09 00:00:00	-1.8	-0.136355	1.86833	0	-0.00152225	-0.000316257	0.00275345	0	0	0	0	0	0	0	-0.526931	-0.242864	0.0725453	0	0	0.976158	0	0	0	0.104393	-0.0251113	0.291074
2017-09-10 00:00:00	-2.07206	-0.0141426	1.9444	0	-3.13734E-05	0	0.00197847	0	0	0	0	0	0	0	-0.357599	-0.242333	0.0724065	0	0	0.937354	0	0	0	0.10415	-0.0245514	0.349574
2017-09-11 00:00:00	-2.1955	0.0575954	1.93803	0	0.000123942	-0.000404074	0.00231794	0	0	0	0	0	0	0	-0.433013	-0.241827	0.0723121	0	0	0.909045	0	0	0	0.103946	-0.0237773	0.188853
2017-09-12 00:00:00	-4.98199	0.205794	1.86997	0	0.00136252	-0.00792441	0.0217803	0	0	0	0	0	0	0	1.42754	-0.24151	0.0723013	0	0	0.948833	0	0	0	0.103795	-0.0238681	-0.603915
2017-09-13 00:00:00	-10.027	-0.0111302	1.71554	0	0.00215594	-0.021641	0.0603538	0	0	0	0	0	0	0	4.92696	-0.242256	0.0724809	0	0	1.15342	0	0	0	0.104013	-0.0266319	-2.29375
2017-09-14 00:00:00	-1.8045	-0.043698	1.71761	0	-0.00346523	-0.000813159	0.00334248	0	0	0	0	0	0	0	-0.420328	-0.242221	0.072515	0	0	1.2464	0	0	0	0.104269	-0.0290797	0.600024
2017-09-15 00:00:00	-4.17748	0.0729544	1.67428	0	0.00118858	-0.00631434	0.0188701	0	0	0	0	0	0	0	0.991371	-0.242109	0.0724925	0	0	1.23121	0	0	0	0.104126	-0.028456	-0.28787
2017-09-16 00:00:00	-4.02252	-0.0006762	1.53797	0	0.0001599	-0.00652486	0.0190422	0	0	0	0	0	0	0	1.17806	-0.241947	0.0724991	0	0	1.25208	0	0	0	0.104174	-0.0288116	-0.136493
2017-09-17 00:00:00	-0.8	-0.803198	1.67627	0	-0.00356035	-0.000220553	0.00230538	0	0	0	0	0	0	0	-0.599687	-0.241608	0.0724361	0	0	1.21055	0	0	0	0.104144	-0.0285889	0.588838
2017-09-18 00:00:00	-0.2	-1.1856	1.52589	0	-0.00412324	0	0.00122172	0	0	0	0	0	0	0	-0.818202	-0.240922	0.0723099	0	0	1.11116	0	0	0	0.103994	-0.0276746	0.338045
2017-09-19 00:00:00	0	-0.669705	2.01067	0	-0.0197511	0	0.000341431	0	0	0	0	0	0	0	-1.37779	-0.24056	0.0721931	0	0	1.03485	0	0	0	0.103764	-0.0263	0.887709
2017-09-20 00:00:00	-0.995496	-0.00666943	1.74566	0	-0.00900298	0	0.00018182	0	0	0	0	0	0	0	-1.19385	-0.239663	0.072067	0	0	0.929488	0	0	0	0.103666	-0.0249088	0.381474
2017-09-21 00:00:00	-9.22252	2.71534	1.55379	0	0.037211	-0.00618766	0.0191788	0	0	0	0	0	0	0	2.47032	-0.239887	0.0720406	0	0	0.971159	0	0	0	0.103544	-0.0241889	-1.55019
2017-09-22 00:00:00	-0.2	-1.17988	1.48637	0	-0.00556152	-0.000401693	0.0028008	0	0	0	0	0	0	0	-0.629366	-0.23984	0.0720345	0	0	1.05154	0	0	0	0.103689	-0.0260975	0.435281
2017-09-23 00:00:00	-0.00450358	-1.41381	1.79051	0	-0.00777468	0	0.000883952	0	0	0	0	0	0	0	-0.903797	-0.239267	0.0718315	0	0	0.982107	0	0	0	0.103487	-0.025642	0.354017
2017-09-24 00:00:00	-5.77298	2.57917	1.73132	0	0.0127907	-0.00215805	0.00725917	0	0	0	0	0	0	0	0.496586	-0.238827	0.0718006	0	0	0.960993	0	0	0	0.103202	-0.0247084	-0.075556
2017-09-25 00:00:00	-17.764	0.000850696	1.41613	0	0.00344161	-0.0427435	0.118397	0	0	0	0	0	0	0	9.95951	-0.2405	0.0722041	0	0	1.35252	0	0	0	0.103781	-0.0285473	-5.04892
2017-09-26 00:00:00	0	-1.34443	1.48134	0	-0.00905241	-0.000727476	0.00401033	0	0	0	0	0	0	0	-0.873432	-0.240975	0.0723722	0	0	1.58116	0	0	0	0.104488	-0.0345849	0.740175
2017-09-27 00:00:00	-3.76397	1.30444	1.59157	0	0.00518291	-0.00173176	0.00589784	0	0	0	0	0	0	0	0.0172615	-0.240524	0.0722863	0	0	1.44956	0	0	0	0.104325	-0.0330016	0.511286
2017-09-28 00:00:00	-1.76847	-0.0469736	1.62954	0	-0.00106997	-0.000683882	0.00290897	0	0	0	0	0	0	0	-0.207609	-0.240197	0.0722186	0	0	1.36413	0	0	0	0.10429	-0.0312662	0.876812
2017-09-29 00:00:00	-0.395496	-1.03017	1.54639	0	-0.00320559	-2.22707E-05	0.00156924	0	0	0	0	0	0	0	-0.63786	-0.239814	0.0721301	0	0	1.26454	0	0	0	0.104168	-0.0295003	0.652733
2017-09-30 00:00:00	-0.413511	-0.764563	1.27698	0	-0.00270222	0	0.0017593	0	0	0	0	0	0	0	-0.618377	-0.239418	0.0720374	0	0	1.17382	0	0	0	0.103989	-0.0280352	0.561977
2017-10-01 00:00:00	-2.80901	1.18948	1.49849	0	0.00333477	0	0.00143578	0	0	0	0	0	0	0	-0.406724	-0.238877	0.0719223	0	0	1.08597	0	0	0	0.103858	-0.0271364	0.472744
2017-10-02 00:00:00	-1.61351	0.13745	1.41336	0	0.000678461	0	0.00138992	0	0	0	0	0	0	0	-0.366426	-0.238551	0.071861	0	0	1.03833	0	0	0	0.103666	-0.0261109	0.522145
2017-10-03 00:00:00	-0.2	-1.01579	1.31482	0	-0.00296755	0	0.00169431	0	0	0	0	0	0	0	-0.592128	-0.238108	0.0718053	0	0	0.989052	0	0	0	0.103498	-0.0252704	0.406604
2017-10-04 00:00:00	-15.8405	1.57344	1.16279	0	0.00942976	-0.033322	0.0912005	0	0	0	0	0	0	0	7.89946	-0.239312	0.0721074	0	0	1.23502	0	0	0	0.103738	-0.0271756	-3.99317
2017-10-05 00:00:00	-2.42252	0.00232402	1.18799	0	-0.00394251	-0.00378753	0.0120466	0	0	0	0	0	0	0	0.0016126	-0.239976	0.0723104	0	0	1.4803	0	0	0	0.104339	-0.0331487	0.157546
2017-10-06 00:00:00	-1.5955	0.000243649	1.10418	0	-0.000584401	-0.00140857	0.0053172	0	0	0	0	0	0	0	-0.180126	-0.239634	0.0722509	0	0	1.4005	0	0	0	0.104287	-0.0319069	0.637623
2017-10-07 00:00:00	-0.404504	-0.856878	1.32878	0	-0.00247685	-6.58042E-05	0.00138255	0	0	0	0	0	0	0	-0.715378	-0.239069	0.0721316	0	0	1.27557	0	0	0	0.10422	-0.0304266	0.533286
2017-10-08 00:00:00	0	-1.15564	1.2925	0	-0.00399589	0	0.00178814	0	0	0	0	0	0	0	-0.342981	-0.23879	0.0720613	0	0	1.2015	0	0	0	0.104011	-0.0286011	0.901853
2017-10-09 00:00:00	0	-0.681466	1.25343	0	-0.00932827	0	0.000361378	0	0	0	0	0	0	0	-0.807653	-0.238374	0.0719644	0	0	1.11031	0	0	0	0.103903	-0.027299	0.775846
2017-10-10 00:00:00	-4.18199	2.61566	1.22068	0	0.00886776	0	0.00180463	0	0	0	0	0	0	0	-0.360996	-0.238023	0.0718822	0	0	1.04589	0	0	0	0.103683	-0.0260652	0.261398
2017-10-11 00:00:00	-13.009	0.0711158	1.19867	0	0.0111265	-0.0289623	0.0805513	0	0	0	0	0	0	0	7.00494	-0.239093	0.0721422	0	0	1.2825	0	0	0	0.104021	-0.0280084	-3.48
2017-10-12 00:00:00	-4.81351	-0.0025226	1.15265	0	-0.00244805	-0.00996047	0.0289593	0	0	0	0	0	0	0	1.68628	-0.239938	0.0723764	0	0	1.53354	0	0	0	0.104622	-0.0335086	-0.523456
2017-10-13 00:00:00	-2.8045	0.0111497	1.29598	0	-0.00113713	-0.00410429	0.0127838	0	0	0	0	0	0	0	0.245893	-0.239885	0.072392	0	0	1.51912	0	0	0	0.104751	-0.0337503	0.178691
2017-10-14 00:00:00	-0.981986	-0.23753	1.1598	0	-0.000850369	-0.000301979	0.00220492	0	0	0	0	0	0	0	-0.438379	-0.239518	0.0723181	0	0	1.41974	0	0	0	0.104729	-0.0324467	0.827783
2017-10-15 00:00:00	0	-1.09101	1.22022	0	-0.00328022	0	0.00118606	0	0	0	0	0	0	0	-0.782034	-0.23888	0.0721729	0	0	1.26641	0	0	0	0.104638	-0.03083	0.518596
2017-10-16 00:00:00	-4.8	1.31372	1.08866	0	0.00545553	-0.00567527	0.0167563	0	0	0	0	0	0	0	1.31329	-0.23893	0.0721824	0	0	1.26314	0	0	0	0.104562	-0.0288887	0.104273
2017-10-17 00:00:00	-2.62702	-0.0086431	1.04953	0	-0.000931165	-0.00425464	0.0128823	0	0	0	0	0	0	0	0.547372	-0.238953	0.0721944	0	0	1.27978	0	0	0	0.104579	-0.0292613	0.157277
2017-10-18 00:00:00	-1.56847	-0.0104799	0.926246	0	-0.000651835	-0.00184198	0.00650042	0	0	0	0	0	0	0	-0.110002	-0.238699	0.0721424	0	0	1.23854	0	0	0	0.104535	-0.0288717	0.388945
2017-10-19 00:00:00	-4.8	0.0258117	0.98337	0	0.00139806	-0.00983487	0.0284423	0	0	0	0	0	0	0	1.84289	-0.238894	0.0721815	0	0	1.27489	0	0	0	0.104543	-0.0286614	-0.74386
2017-10-20 00:00:00	-2.99099	0.0140603	0.971106	0	-0.000930495	-0.00544742	0.0165605	0	0	0	0	0	0	0	0.639875	-0.238944	0.0722028	0	0	1.31155	0	0	0	0.104687	-0.0296614	-0.135931
2017-10-21 00:00:00	-3.55947	-0.0315035	0.94635	0	0.000734751	-0.00700224	0.020335	0	0	0	0	0	0	0	1.29971	-0.238934	0.0722197	0	0	1.32922	0	0	0	0.104729	-0.0300842	-0.0936988
2017-10-22 00:00:00	-1.4045	0.00722853	0.84942	0	-0.00131348	-0.00158153	0.00610036	0	0	0	0	0	0	0	-0.237816	-0.2387	0.0721707	0	0	1.29386	0	0	0	0.104817	-0.0298227	0.419855
2017-10-23 00:00:00	-0.8	-0.0911628	0.851653	0	-0.000479502	-0.000150169	0.00193191	0	0	0	0	0	0	0	-0.5097	-0.238317	0.0720806	0	0	1.21464	0	0	0	0.10465	-0.0287807	0.576366
2017-10-24 00:00:00	-1.40901	0.0795072	0.901607	0	0.000342615	-0.00105527	0.00439146	0	0	0	0	0	0	0	-0.302237	-0.23791	0.0720001	0	0	1.15048	0	0	0	0.104498	-0.0275759	0.335045
2017-10-25 00:00:00	-0.00450358	-0.797922	0.874182	0	-0.00236669	-4.29496E-05	0.0014112	0	0	0	0	0	0	0	-0.677363	-0.237333	0.0718675	0	0	1.07018	0	0	0	0.10434	-0.0273798	0.375068
2017-10-26 00:00:00	0	-0.777422	0.869958	0	-0.00270167	0	0.00177731	0	0	0	0	0	0	0	-0.593135	-0.236991	0.0717181	0	0	1.02882	0	0	0	0.104142	-0.0258487	0.440318
2017-10-27 00:00:00	-0.2	-0.418105	0.667683	0	-0.00152184	0	0.00143923	0	0	0	0	0	0	0	-0.478613	-0.236489	0.0716275	0	0	0.972031	0	0	0	0.103975	-0.0253857	0.456641
2017-10-28 00:00:00	-0.4	-0.386129	0.831767	0	-0.00137402	0	0.00168624	0	0	0	0	0	0	0	-0.505272	-0.236046	0.0715211	0	0	0.934668	0	0	0	0.103805	-0.0243674	0.390258
2017-10-29 00:00:00	0	-0.241657	0.660203	0	-0.00627265	0	0.000745728	0	0	0	0	0	0	0	-0.865268	-0.235266	0.0714006	0	0	0.887888	0	0	0	0.103706	-0.0232391	0.35224
2017-10-30 00:00:00	0	-0.047185	0.585742	0	-0.00724186	0	0.000619629	0	0	0	0	0	0	0	-0.791992	-0.234475	0.0713066	0	0	0.843614	0	0	0	0.10349	-0.0221018	0.501777
2017-10-31 00:00:00	-4.79099	2.60878	0.730931	0	0.0205478	-5.06826E-06	0.00364635	0	0	0	0	0	0	0	0.416407	-0.233983	0.0712099	0	0	0.83136	0	0	0	0.103317	-0.0213715	-0.26015
2017-11-01 00:00:00	-4.2	-0.0105582	0.579459	0	0.00251682	-0.00931147	0.0264446	0	0	0	0	0	0	0	1.79653	-0.234235	0.0712443	0	0	0.934143	0	0	0	0.103287	-0.0237966	-0.964276
2017-11-02 00:00:00	-0.00450358	-0.515369	0.559087	0	-0.00303572	-0.000287793	0.00227027	0	0	0	0	0	0	0	-0.506261	-0.23401	0.0712034	0	0	0.975997	0	0	0	0.103301	-0.0249392	0.423453
2017-11-03 00:00:00	0	-0.53788	0.602378	0	-0.00189881	0	0.00150089	0	0	0	0	0	0	0	-0.706033	-0.233482	0.0710849	0	0	0.927884	0	0	0	0.103173	-0.0244308	0.202297
2017-11-04 00:00:00	-1.02252	0.392549	0.600407	0	0.000539578	0	0.00182967	0	0	0	0	0	0	0	-0.415087	-0.232759	0.0710105	0	0	0.900708	0	0	0	0.102918	-0.0233242	0.376272
2017-11-05 00:00:00	-0.2	-0.24927	0.455606	0	-0.000228644	0	0.00155909	0	0	0	0	0	0	0	-0.86787	-0.232257	0.0708152	0	0	0.872207	0	0	0	0.102805	-0.0226501	-0.0692836
2017-11-06 00:00:00	0	-0.550751	0.616976	0	-0.00198821	0	0.00120214	0	0	0	0	0	0	0	-0.690795	-0.231582	0.0706305	0	0	0.841221	0	0	0	0.10263	-0.0224253	0.135118
2017-11-07 00:00:00	-4.6	1.40956	0.565955	0	0.00685649	-0.00577963	0.017701	0	0	0	0	0	0	0	1.33831	-0.230485	0.0706754	0	0	0.868468	0	0	0	0.102409	-0.0217773	-0.4781
2017-11-08 00:00:00	-1.1955	-0.00983519	0.461498	0	-0.00152157	-0.00214934	0.0073783	0	0	0	0	0	0	0	0.0138413	-0.23071	0.0706286	0	0	0.928421	0	0	0	0.102417	-0.0236274	0.120844
2017-11-09 00:00:00	-0.413511	-0.1818	0.577893	0	-0.000678883	-0.000114105	0.00206301	0	0	0	0	0	0	0	-0.501784	-0.230121	0.0705218	0	0	0.907988	0	0	0	0.102314	-0.0235509	0.309221
2017-11-10 00:00:00	-1.6045	0.167198	0.506037	0	0.000835792	-0.00222104	0.00755826	0	0	0	0	0	0	0	0.0750506	-0.229644	0.070446	0	0	0.900201	0	0	0	0.102112	-0.0233746	-0.0303044
2017-11-11 00:00:00	-0.395496	-0.0332771	0.395837	0	-0.000758539	-0.000183363	0.00195913	0	0	0	0	0	0	0	-0.637522	-0.229051	0.0703449	0	0	0.884418	0	0	0	0.102084	-0.0231161	0.13524
2017-11-12 00:00:00	-0.00450358	-0.393555	0.426007	0	-0.000881728	0	0.000478703	0	0	0	0	0	0	0	0.00186101	-0.228633	0.0702253	0	0	0.852133	0	0	0	0.101745	-0.0225636	0.802313
2017-11-13 00:00:00	-0.395496	-0.0338176	0.433078	0	-8.62917E-05	0	0.00285362	0	0	0	0	0	0	0	-1.07343	-0.228155	0.0701544	0	0	0.840897	0	0	0	0.101368	-0.0216523	-0.304281
2017-11-14 00:00:00	-1.21351	0.429598	0.501949	0	0.00150344	-0.000375378	0.00254465	0	0	0	0	0	0	0	-0.259743	-0.227632	0.070046	0	0	0.821239	0	0	0	0.101101	-0.021677	0.205042
2017-11-15 00:00:00	-0.00450358	-0.341468	0.364619	0	-0.00111557	-8.74856E-05	0.00158402	0	0	0	0	0	0	0	-0.541956	-0.227252	0.0699619	0	0	0.812325	0	0	0	0.100953	-0.0212924	0.211768
2017-11-16 00:00:00	-3.44053	0.330091	0.429688	0	0.00196991	-0.0065382	0.0198914	0	0	0	0	0	0	0	1.21143	-0.227089	0.0699584	0	0	0.852371	0	0	0	0.100819	-0.0217249	-0.679661
2017-11-17 00:00:00	-1.20901	-0.016844	0.413704	0	-0.00074076	-0.00222164	0.00737105	0	0	0	0	0	0	0	0.109888	-0.226984	0.0699305	0	0	0.902971	0	0	0	0.10081	-0.0232055	0.12567
2017-11-18 00:00:00	-0.2	-0.191146	0.391567	0	-0.000714462	-9.65996E-05	0.00180863	0	0	0	0	0	0	0	-0.68778	-0.22656	0.0696165	0	0	0.881991	0	0	0	0.100805	-0.0228628	0.116628
2017-11-19 00:00:00	-3.2	0.180827	0.305628	0	0.00161031	-0.00680524	0.0204316	0	0	0	0	0	0	0	1.22666	-0.226593	0.0696585	0	0	0.926143	0	0	0	0.100495	-0.0232131	-0.625162
2017-11-20 00:00:00	-10.8045	-0.0045055	0.403581	0	0.0015451	-0.0270376	0.0759073	0	0	0	0	0	0	0	6.18484	-0.227931	0.0699796	0	0	1.21271	0	0	0	0.100905	-0.0263767	-3.04088
2017-11-21 00:00:00	-5.02252	-0.0169751	0.419696	0	-0.000612259	-0.012281	0.0355031	0	0	0	0	0	0	0	2.30406	-0.228763	0.0702021	0	0	1.44909	0	0	0	0.101512	-0.0319993	-0.933089
2017-11-22 00:00:00	-23.2	-0.00449895	0.394326	0	0.0103805	-0.0594366	0.165273	0	0	0	0	0	0	0	13.217	-0.231783	0.0709064	0	0	2.09696	0	0	0	0.102606	-0.0378301	-7.47607
2017-11-23 00:00:00	-2.3955	-0.00905079	0.290927	0	-0.00600695	-0.00626403	0.0205027	0	0	0	0	0	0	0	0.442158	-0.233078	0.0712664	0	0	2.45711	0	0	0	0.104051	-0.0440545	0.692069
2017-11-24 00:00:00	-1.03153	-0.011458	0.282549	0	-0.00100132	-0.00198251	0.00747661	0	0	0	0	0	0	0	-0.0546361	-0.232802	0.071226	0	0	2.22806	0	0	0	0.104196	-0.0419341	1.31817
2017-11-25 00:00:00	-1.96397	-0.00217178	0.296905	0	0.000342217	-0.00436144	0.0144031	0	0	0	0	0	0	0	0.253038	-0.232689	0.0711882	0	0	2.05003	0	0	0	0.104354	-0.0393993	0.547666
2017-11-26 00:00:00	-3.84504	-0.0158489	0.320947	0	0.00141575	-0.00904519	0.0266096	0	0	0	0	0	0	0	1.68626	-0.232882	0.071212	0	0	1.96644	0	0	0	0.104524	-0.0385475	0.0360503
2017-11-27 00:00:00	-0.609007	-0.00299313	0.33663	0	-0.00237429	-0.00090098	0.00481087	0	0	0	0	0	0	0	-0.668662	-0.232671	0.0711713	0	0	1.83706	0	0	0	0.104781	-0.0373719	0.800476
2017-11-28 00:00:00	-0.2	-0.0937401	0.289795	0	-0.000891557	-3.9444E-05	0.00165585	0	0	0	0	0	0	0	-0.346216	-0.232277	0.0710778	0	0	1.66283	0	0	0	0.104629	-0.0357739	1.22105
2017-11-29 00:00:00	0	-0.244673	0.262901	0	-0.00126147	0	0.00212017	0	0	0	0	0	0	0	-0.650478	-0.231901	0.070984	0	0	1.51378	0	0	0	0.104606	-0.0334723	0.792604
2017-11-30 00:00:00	-0.195496	-0.0433655	0.244108	0	-0.000988868	0	0.00151572	0	0	0	0	0	0	0	-0.470193	-0.231478	0.0708816	0	0	1.37883	0	0	0	0.104503	-0.0317408	0.826572
2017-12-01 00:00:00	0	-0.23518	0.264142	0	-0.00157857	0	0.00201612	0	0	0	0	0	0	0	-0.515262	-0.231148	0.0707988	0	0	1.28146	0	0	0	0.104444	-0.0291511	0.710539
2017-12-02 00:00:00	-0.2	-0.124453	0.340308	0	-0.00131829	0	0.00151664	0	0	0	0	0	0	0	-0.429446	-0.230679	0.0706901	0	0	1.17874	0	0	0	0.104298	-0.0283078	0.681352
2017-12-03 00:00:00	0	-0.268169	0.301258	0	-0.00184878	0	0.00191731	0	0	0	0	0	0	0	-0.491783	-0.230376	0.0706156	0	0	1.11511	0	0	0	0.104131	-0.0270434	0.573809
2017-12-04 00:00:00	-0.595496	0.263428	0.324248	0	-0.000219086	0	0.00172511	0	0	0	0	0	0	0	-0.406623	-0.22994	0.0705151	0	0	1.04607	0	0	0	0.103981	-0.0262623	0.551426
2017-12-05 00:00:00	-0.409007	0.0922926	0.30794	0	3.82228E-05	0	0.00176939	0	0	0	0	0	0	0	-0.409672	-0.229543	0.0704211	0	0	0.994069	0	0	0	0.103852	-0.0253615	0.496799
2017-12-06 00:00:00	-0.604504	0.226222	0.351931	0	0.000629621	0	0.00145032	0	0	0	0	0	0	0	-0.317016	-0.229154	0.0703282	0	0	0.951121	0	0	0	0.103684	-0.0245779	0.530115
2017-12-07 00:00:00	-3.88557	0.340668	0.291719	0	0.00428621	-0.00727328	0.0227918	0	0	0	0	0	0	0	1.67122	-0.229219	0.0703523	0	0	0.986316	0	0	0	0.103582	-0.0247423	-0.655864
2017-12-08 00:00:00	0	-0.223873	0.22802	0	-0.00220702	-0.000282279	0.00266555	0	0	0	0	0	0	0	-0.533177	-0.229059	0.0703369	0	0	1.01829	0	0	0	0.103611	-0.0253218	0.409004
2017-12-09 00:00:00	0	-0.174513	0.196174	0	-0.000676214	0	0.00145436	0	0	0	0	0	0	0	-0.628002	-0.228523	0.0702143	0	0	0.960977	0	0	0	0.103445	-0.0252728	0.275278
2017-12-10 00:00:00	0	-0.112801	0.126816	0	-0.000441327	0	0.00202944	0	0	0	0	0	0	0	-0.272503	-0.228137	0.0701483	0	0	0.930935	0	0	0	0.10328	-0.0238335	0.595494
2017-12-11 00:00:00	-1.56848	0.468835	0.165155	0	0.00210883	-0.00202779	0.00772329	0	0	0	0	0	0	0	0.228947	-0.227762	0.0700608	0	0	0.912461	0	0	0	0.1031	-0.024041	0.136085
2017-12-12 00:00:00	-1.6045	0.00299062	0.196687	0	-3.32466E-05	-0.00366994	0.0120013	0	0	0	0	0	0	0	0.435298	-0.227719	0.0700454	0	0	0.939395	0	0	0	0.103107	-0.0240181	-0.100421
2017-12-13 00:00:00	-2.84504	-0.00999835	0.251078	0	0.00110503	-0.0066063	0.0199963	0	0	0	0	0	0	0	1.23299	-0.227794	0.0700638	0	0	0.991312	0	0	0	0.103063	-0.0252048	-0.445032
2017-12-14 00:00:00	-0.108086	-0.205252	0.212349	0	-0.00200018	-0.000227661	0.00222835	0	0	0	0	0	0	0	-0.55294	-0.227542	0.0700379	0	0	1.00313	0	0	0	0.103103	-0.0254099	0.26939
2017-12-15 00:00:00	-3.25404	0.188445	0.209612	0	0.0027351	-0.00699906	0.0212539	0	0	0	0	0	0	0	1.3949	-0.227415	0.0700614	0	0	1.03068	0	0	0	0.102987	-0.0251246	-0.492899
2017-12-16 00:00:00	0	-0.175985	0.175985	0	-0.00200736	-0.000253774	0.00212023	0	0	0	0	0	0	0	-0.456974	-0.227187	0.0700141	0	0	1.03684	0	0	0	0.103016	-0.0258191	0.499745
2017-12-17 00:00:00	-10.4334	0.157426	0.228076	0	0.00913537	-0.026229	0.0743626	0	0	0	0	0	0	0	5.91216	-0.228231	0.0701912	0	0	1.23982	0	0	0	0.103231	-0.027365	-2.92079
2017-12-18 00:00:00	-0.395496	-0.0101734	0.206221	0	-0.00440983	-0.00102876	0.00510451	0	0	0	0	0	0	0	-0.5041	-0.228456	0.0702425	0	0	1.37046	0	0	0	0.103693	-0.0310728	0.580983
2017-12-19 00:00:00	-0.2	-0.0944631	0.288999	0	-0.00088392	-3.72515E-05	0.00194188	0	0	0	0	0	0	0	-0.805666	-0.227956	0.0701335	0	0	1.2551	0	0	0	0.103657	-0.0295891	0.361238
2017-12-20 00:00:00	-0.4	0.0740819	0.300062	0	-0.000649083	0	0.00192811	0	0	0	0	0	0	0	-0.15661	-0.227647	0.0700596	0	0	1.18205	0	0	0	0.103403	-0.0280743	0.918602
2017-12-21 00:00:00	0	-0.223759	0.230203	0	-0.00105374	0	0.0019438	0	0	0	0	0	0	0	-0.594468	-0.227329	0.0696954	0	0	1.11272	0	0	0	0.103343	-0.0268399	0.444451
2017-12-22 00:00:00	-0.2	-0.0271412	0.231544	0	-0.00086196	0	0.00159323	0	0	0	0	0	0	0	-0.638507	-0.226663	0.0695871	0	0	1.02422	0	0	0	0.103166	-0.0267568	0.310181
2017-12-23 00:00:00	-3.03153	0.230377	0.326022	0	0.00239447	-0.00591793	0.0186815	0	0	0	0	0	0	0	1.13534	-0.226787	0.0696217	0	0	1.04988	0	0	0	0.103103	-0.0260343	-0.35484
2017-12-24 00:00:00	-0.813511	-0.00582616	0.272093	0	-0.00129562	-0.00150745	0.00620116	0	0	0	0	0	0	0	-0.16032	-0.226651	0.0696045	0	0	1.06617	0	0	0	0.10317	-0.0260456	0.282086
2017-12-25 00:00:00	-15.9621	-0.0104098	0.255583	0	0.00837349	-0.0402407	0.113643	0	0	0	0	0	0	0	9.2908	-0.22851	0.0700168	0	0	1.42433	0	0	0	0.103686	-0.0294195	-5.00427
2017-12-26 00:00:00	-3.15947	-0.00630871	0.191108	0	-0.00427934	-0.00836384	0.0267925	0	0	0	0	0	0	0	1.08243	-0.229589	0.0702944	0	0	1.74069	0	0	0	0.104514	-0.0357737	-0.227957
2017-12-27 00:00:00	0	-0.128096	0.128095	0	-0.00207982	-0.000254737	0.00247113	0	0	0	0	0	0	0	-0.48874	-0.229293	0.070236	0	0	1.63295	0	0	0	0.104565	-0.0354651	1.05439
2017-12-28 00:00:00	0	-0.13828	0.148128	0	-0.000895058	0	0.00224558	0	0	0	0	0	0	0	-0.65714	-0.228918	0.0701484	0	0	1.48944	0	0	0	0.104512	-0.0332078	0.75603
2017-12-29 00:00:00	-4.74145	0.241831	0.172129	0	0.00329823	-0.0110177	0.0327673	0	0	0	0	0	0	0	2.17416	-0.229145	0.0701738	0	0	1.4779	0	0	0	0.104556	-0.0324825	-0.737285
2017-12-30 00:00:00	-15.382	-0.0125238	0.232665	0	0.00508206	-0.0395339	0.11229	0	0	0	0	0	0	0	8.59244	-0.231334	0.0706233	0	0	1.91137	0	0	0	0.105317	-0.0355687	-4.67116
2017-12-31 00:00:00	-10.1324	-0.00668685	0.272667	0	-0.00248133	-0.0262618	0.0773163	0	0	0	0	0	0	0	4.97794	-0.233178	0.0710296	0	0	2.34581	0	0	0	0.106695	-0.0408694	-2.59047
2018-01-01 00:00:00	-1.4045	-0.00982809	0.267598	0	-0.00374444	-0.00336093	0.0125921	0	0	0	0	0	0	0	-0.02673	-0.23333	0.0710845	0	0	2.30377	0	0	0	0.107338	-0.0428134	1.03807
2018-01-02 00:00:00	-8.90092	-0.00708382	0.255415	0	0.00312707	-0.0225945	0.0658968	0	0	0	0	0	0	0	4.47407	-0.234199	0.07125	0	0	2.33941	0	0	0	0.107748	-0.0423408	-1.89023
2018-01-03 00:00:00	-15.964	-0.00926343	0.273141	0	0.00434029	-0.0411433	0.117936	0	0	0	0	0	0	0	8.38541	-0.236634	0.0717568	0	0	2.80517	0	0	0	0.108925	-0.0451411	-4.52947
2018-01-04 00:00:00	-10.737	-0.00933026	0.257567	0	-0.00284935	-0.0278821	0.0817692	0	0	0	0	0	0	0	5.24198	-0.238433	0.0721255	0	0	3.14769	0	0	0	0.110405	-0.049752	-2.15366
2018-01-05 00:00:00	-4.6	-0.00713101	0.182827	0	-0.00265667	-0.0118353	0.0367619	0	0	0	0	0	0	0	1.8099	-0.239231	0.0722573	0	0	3.10781	0	0	0	0.111314	-0.0508215	0.4092
2018-01-06 00:00:00	-6.75947	-0.00487713	0.235412	0	0.000297475	-0.0171323	0.051673	0	0	0	0	0	0	0	2.65965	-0.239967	0.0723909	0	0	3.03091	0	0	0	0.111959	-0.0492164	-0.908368
2018-01-07 00:00:00	-2.38199	-0.00986896	0.163311	0	-0.00164064	-0.00607184	0.0198112	0	0	0	0	0	0	0	0.462887	-0.240154	0.0724231	0	0	2.8436	0	0	0	0.112412	-0.0488935	0.985833
2018-01-08 00:00:00	-0.2	-0.0190402	0.208716	0	-0.00172873	-0.000219129	0.00342223	0	0	0	0	0	0	0	-0.81208	-0.239868	0.0723578	0	0	2.53817	0	0	0	0.112586	-0.0461477	1.61616
2018-01-09 00:00:00	0	-0.218616	0.226603	0	-0.000629663	0	0.00248134	0	0	0	0	0	0	0	-0.840092	-0.239503	0.0722776	0	0	2.24037	0	0	0	0.112547	-0.0429811	1.31246
2018-01-10 00:00:00	0	-0.237414	0.268456	0	-0.00133853	0	0.00217992	0	0	0	0	0	0	0	-0.927062	-0.239057	0.0721869	0	0	1.96284	0	0	0	0.112494	-0.0406207	0.972662
2018-01-11 00:00:00	-0.102252	-0.138494	0.260134	0	-0.00105352	0	0.00275105	0	0	0	0	0	0	0	-0.418878	-0.23887	0.0721507	0	0	1.82114	0	0	0	0.112338	-0.0373199	1.33165
2018-01-12 00:00:00	0	-0.258907	0.292897	0	-0.00143949	0	0.00249652	0	0	0	0	0	0	0	-0.756262	-0.238478	0.0720824	0	0	1.63064	0	0	0	0.112283	-0.0350315	0.820287
2018-01-13 00:00:00	0	-0.242357	0.274239	0	-0.00142384	0	0.00204102	0	0	0	0	0	0	0	-0.556071	-0.238089	0.0720184	0	0	1.4765	0	0	0	0.112089	-0.0336143	0.865337
2018-01-14 00:00:00	-1.00901	0.673536	0.28008	0	0.000975164	0	0.00268056	0	0	0	0	0	0	0	-0.508777	-0.237796	0.0719752	0	0	1.36945	0	0	0	0.11198	-0.0310075	0.724093
2018-01-15 00:00:00	-4.93828	0.375948	0.324059	0	0.00619255	-0.00972516	0.0309039	0	0	0	0	0	0	0	1.81197	-0.237955	0.072034	0	0	1.37205	0	0	0	0.111982	-0.0304672	-1.11129
2018-01-16 00:00:00	-0.302252	-0.0104902	0.248428	0	-0.00192933	-0.000412768	0.00351441	0	0	0	0	0	0	0	-0.510488	-0.237855	0.0720395	0	0	1.37777	0	0	0	0.112013	-0.031355	0.718978
2018-01-17 00:00:00	-1.20901	-0.00837662	0.267567	0	0.000774341	-0.00227169	0.00876278	0	0	0	0	0	0	0	0.00763801	-0.237606	0.0719991	0	0	1.29999	0	0	0	0.111946	-0.0295872	0.281833
2018-01-18 00:00:00	-3.02252	-0.0105661	0.252543	0	0.0017744	-0.00704305	0.0218265	0	0	0	0	0	0	0	1.13391	-0.237747	0.0720368	0	0	1.31616	0	0	0	0.111905	-0.0292191	-0.39694
2018-01-19 00:00:00	-0.706755	-0.00407189	0.263963	0	-0.00156826	-0.00124634	0.00671152	0	0	0	0	0	0	0	-0.345695	-0.23758	0.0720156	0	0	1.29484	0	0	0	0.111894	-0.0296058	0.422899
2018-01-20 00:00:00	-0.102252	-0.127647	0.2266	0	-0.000794235	-6.23478E-05	0.00245998	0	0	0	0	0	0	0	-0.546717	-0.237189	0.0719414	0	0	1.20615	0	0	0	0.111736	-0.0289609	0.575264
2018-01-21 00:00:00	-12.5369	0.110978	0.439599	0	0.00544272	-0.0308859	0.0892683	0	0	0	0	0	0	0	6.35444	-0.238618	0.0722194	0	0	1.48409	0	0	0	0.111996	-0.0305667	-4.16899
2018-01-22 00:00:00	-28.4527	-0.00395929	0.247555	0	0.00525612	-0.0739097	0.210631	0	0	0	0	0	0	0	14.7552	-0.242728	0.0731178	0	0	2.52928	0	0	0	0.113767	-0.0411836	-10.8797
2018-01-23 00:00:00	-5.77298	-0.00468284	0.166152	0	-0.00677564	-0.0154679	0.0489048	0	0	0	0	0	0	0	2.25274	-0.244966	0.0736441	0	0	3.12792	0	0	0	0.115501	-0.0500253	-0.310035
2018-01-24 00:00:00	-13.8829	-0.0100197	0.324841	0	0.00351049	-0.0356522	0.103878	0	0	0	0	0	0	0	6.48753	-0.247036	0.0740266	0	0	3.35105	0	0	0	0.116352	-0.0505593	-3.76498
2018-01-25 00:00:00	-0.102252	-0.251311	0.366309	0	-0.00721527	-0.000677422	0.00611243	0	0	0	0	0	0	0	-0.795311	-0.24745	0.0740458	0	0	3.19006	0	0	0	0.117179	-0.0521382	2.29735
2018-01-26 00:00:00	0	-0.298834	0.33899	0	-0.00135976	0	0.00406123	0	0	0	0	0	0	0	-1.04314	-0.247175	0.0739895	0	0	2.7878	0	0	0	0.117246	-0.0482473	1.68333
2018-01-27 00:00:00	-2.77748	0.54099	0.451274	0	0.00297733	-0.00400439	0.0150522	0	0	0	0	0	0	0	-0.0934091	-0.247062	0.0739996	0	0	2.4905	0	0	0	0.117301	-0.0452852	0.524848
2018-01-28 00:00:00	-14.0694	-0.0101826	0.500844	0	0.00427851	-0.0354789	0.102525	0	0	0	0	0	0	0	6.31884	-0.249095	0.074411	0	0	2.75571	0	0	0	0.11793	-0.0450947	-4.5347
2018-01-29 00:00:00	-4.33378	-0.0100809	0.429621	0	-0.00296218	-0.0104633	0.0333974	0	0	0	0	0	0	0	1.35818	-0.249918	0.0746248	0	0	2.85084	0	0	0	0.118863	-0.0480896	0.210238
2018-01-30 00:00:00	-2.72027	-0.00289832	0.38925	0	-0.000798061	-0.00605517	0.0212307	0	0	0	0	0	0	0	0.421773	-0.250127	0.0747085	0	0	2.67343	0	0	0	0.119237	-0.046352	0.673132
2018-01-31 00:00:00	-7.45855	-0.00255543	0.381603	0	0.00193714	-0.0181349	0.0548559	0	0	0	0	0	0	0	2.85508	-0.251512	0.0749389	0	0	2.67115	0	0	0	0.119674	-0.0452235	-1.61673
2018-02-01 00:00:00	-2.32927	-0.0108759	0.411698	0	-0.00226978	-0.00512891	0.0182186	0	0	0	0	0	0	0	0.350357	-0.251843	0.0750367	0	0	2.58147	0	0	0	0.120058	-0.0461162	0.911333
2018-02-02 00:00:00	-0.102252	-0.283134	0.404876	0	-0.00198787	-0.000183342	0.00500544	0	0	0	0	0	0	0	-0.91276	-0.251651	0.0750035	0	0	2.3247	0	0	0	0.120321	-0.043254	1.33469
2018-02-03 00:00:00	-3.54278	0.27963	0.295596	0	0.00230057	-0.00712411	0.0236717	0	0	0	0	0	0	0	0.838648	-0.251783	0.0750421	0	0	2.1647	0	0	0	0.120411	-0.0414303	-0.0431244
2018-02-04 00:00:00	-0.609007	-0.00972873	0.395084	0	-0.00170061	-0.000678322	0.00528977	0	0	0	0	0	0	0	-0.664119	-0.251781	0.0750404	0	0	2.01149	0	0	0	0.120615	-0.039964	1.03054
2018-02-05 00:00:00	0	-0.344673	0.371237	0	-0.00106268	-2.0877E-05	0.0038224	0	0	0	0	0	0	0	-0.816084	-0.251545	0.0749981	0	0	1.82286	0	0	0	0.12064	-0.0372585	0.942914
2018-02-06 00:00:00	-1.21351	0.339974	0.350157	0	0.0013929	-0.000897669	0.0064036	0	0	0	0	0	0	0	-0.369991	-0.251291	0.0749568	0	0	1.65151	0	0	0	0.120526	-0.0360681	0.673163
2018-02-07 00:00:00	-0.404504	-0.00615016	0.319766	0	-0.000594684	-0.000216784	0.00390842	0	0	0	0	0	0	0	-0.678709	-0.251099	0.074929	0	0	1.53173	0	0	0	0.120548	-0.0344112	0.675196
2018-02-08 00:00:00	-0.809007	-0.00458806	0.514237	0	0.000230669	-0.000559175	0.00520813	0	0	0	0	0	0	0	-0.460273	-0.25085	0.0748901	0	0	1.41294	0	0	0	0.120498	-0.0328962	0.569834
2018-02-09 00:00:00	-1.01351	-0.00709784	0.455273	0	0.000241247	-0.00125766	0.00679003	0	0	0	0	0	0	0	-0.285299	-0.250745	0.0748773	0	0	1.3411	0	0	0	0.120579	-0.0306356	0.410311
2018-02-10 00:00:00	-5.3653	-0.00745809	0.500634	0	0.00219186	-0.0122107	0.0378162	0	0	0	0	0	0	0	1.62314	-0.251209	0.0749895	0	0	1.40385	0	0	0	0.120627	-0.03105	-1.90398
2018-02-11 00:00:00	-2.63153	-0.000186177	0.445582	0	-0.000906198	-0.00567118	0.0197329	0	0	0	0	0	0	0	0.442866	-0.251621	0.0751134	0	0	1.49316	0	0	0	0.12083	-0.0327111	-0.325332
2018-02-12 00:00:00	-1.92477	-0.0148923	0.466188	0	-0.00048868	-0.00369746	0.0135001	0	0	0	0	0	0	0	0.169254	-0.251699	0.0751541	0	0	1.47301	0	0	0	0.120819	-0.033004	0.08937
2018-02-13 00:00:00	-5.26305	-0.00823836	0.48479	0	0.00198752	-0.0120792	0.0372761	0	0	0	0	0	0	0	1.96744	-0.252301	0.0753002	0	0	1.55052	0	0	0	0.121019	-0.0328277	-1.33017
2018-02-14 00:00:00	-0.404504	-0.103426	0.508675	0	-0.00318847	-0.000341725	0.00484242	0	0	0	0	0	0	0	-0.768488	-0.252308	0.0753212	0	0	1.52872	0	0	0	0.121177	-0.0337276	0.672756
2018-02-15 00:00:00	-1.72027	0.0996382	0.530328	0	0.000917635	-0.00230457	0.0109677	0	0	0	0	0	0	0	-0.0037449	-0.252252	0.0753134	0	0	1.44348	0	0	0	0.121112	-0.0326839	0.270502
2018-02-16 00:00:00	0	-0.541851	0.598102	0	-0.00254045	-0.000127504	0.00326921	0	0	0	0	0	0	0	-0.744356	-0.252078	0.0752774	0	0	1.3545	0	0	0	0.121134	-0.0315058	0.579821
2018-02-17 00:00:00	-0.506755	-0.0625765	0.586558	0	-0.000658896	0	0.0034783	0	0	0	0	0	0	0	-0.662159	-0.251891	0.0752299	0	0	1.26438	0	0	0	0.121097	-0.0293609	0.537341
2018-02-18 00:00:00	-2.32927	0.590681	0.534205	0	0.00336321	-0.00203354	0.0103188	0	0	0	0	0	0	0	0.133589	-0.251832	0.0752103	0	0	1.2086	0	0	0	0.121026	-0.028555	0.0653005
2018-02-19 00:00:00	-3.24053	-0.0115729	0.744187	0	0.000666181	-0.00619249	0.0207012	0	0	0	0	0	0	0	0.657418	-0.252164	0.07527	0	0	1.25416	0	0	0	0.121136	-0.0284354	-0.665361
2018-02-20 00:00:00	-0.102252	-0.487391	0.641954	0	-0.00316617	-0.000217741	0.00355726	0	0	0	0	0	0	0	-0.554766	-0.252058	0.0752533	0	0	1.22897	0	0	0	0.12108	-0.028503	0.642458
2018-02-21 00:00:00	0	-0.506549	0.576567	0	-0.00218202	0	0.00294114	0	0	0	0	0	0	0	-0.630075	-0.251853	0.0752063	0	0	1.15645	0	0	0	0.121021	-0.0274693	0.514061
2018-02-22 00:00:00	-0.102252	-0.240349	0.530339	0	-0.00370189	0	0.0034212	0	0	0	0	0	0	0	-0.828947	-0.251644	0.0751589	0	0	1.09297	0	0	0	0.120891	-0.0265309	0.36935
2018-02-23 00:00:00	0	-0.221804	0.530331	0	-0.00561534	0	0.00204515	0	0	0	0	0	0	0	-0.946501	-0.251292	0.0750862	0	0	1.01743	0	0	0	0.120766	-0.026389	0.294062
2018-02-24 00:00:00	0	-0.233369	0.557558	0	-0.00565802	0	0.00285695	0	0	0	0	0	0	0	-0.628829	-0.251221	0.0750634	0	0	0.982283	0	0	0	0.120592	-0.0251953	0.594081
2018-02-25 00:00:00	0	-0.0737191	0.565654	0	-0.00783507	0	0.00228214	0	0	0	0	0	0	0	-0.852336	-0.250911	0.0749987	0	0	0.92536	0	0	0	0.120583	-0.0247055	0.479371
2018-02-26 00:00:00	-0.102252	-0.00317174	0.505099	0	-0.00598283	0	0.00257582	0	0	0	0	0	0	0	-0.808614	-0.250792	0.0749653	0	0	0.889285	0	0	0	0.120463	-0.0234082	0.398169
2018-02-27 00:00:00	-1.01351	0.464419	0.51967	0	0.000506775	0	0.00303258	0	0	0	0	0	0	0	-0.426182	-0.250594	0.0749213	0	0	0.864669	0	0	0	0.120332	-0.0226119	0.334651
2018-02-28 00:00:00	0	-0.377534	0.413496	0	-0.00136173	0	0.00208652	0	0	0	0	0	0	0	-0.438114	-0.250411	0.0748803	0	0	0.852327	0	0	0	0.120188	-0.0220125	0.373545
2018-03-01 00:00:00	0	-0.0838839	0.426645	0	-0.00512595	0	0.00316088	0	0	0	0	0	0	0	-0.869685	-0.250211	0.0748346	0	0	0.833545	0	0	0	0.120048	-0.021567	0.227761
2018-03-02 00:00:00	0	-0.00852877	0.450657	0	-0.00546097	0	0.00187976	0	0	0	0	0	0	0	-0.906399	-0.249888	0.074769	0	0	0.803312	0	0	0	0.11989	-0.0216622	0.258568
2018-03-03 00:00:00	0	-0.00266843	0.303717	0	-0.00342488	0	0.00303778	0	0	0	0	0	0	0	-0.546672	-0.249811	0.0747431	0	0	0.788439	0	0	0	0.119639	-0.0208411	0.466158
2018-03-04 00:00:00	-0.2	-0.00405465	0.625386	0	-0.0046047	0	0.00150165	0	0	0	0	0	0	0	-0.766602	-0.249598	0.0746915	0	0	0.769969	0	0	0	0.119572	-0.0204739	0.345787
2018-03-05 00:00:00	-7.93695	1.72575	0.700697	0	0.0515456	-0.00236808	0.0183422	0	0	0	0	0	0	0	2.71521	-0.250114	0.0747721	0	0	0.863561	0	0	0	0.119587	-0.0214565	-1.94142
2018-03-06 00:00:00	-29.937	-0.00109488	0.753919	0	0.011097	-0.0761423	0.215681	0	0	0	0	0	0	0	15.0268	-0.254429	0.0756644	0	0	1.7801	0	0	0	0.120888	-0.0327296	-12.3172
2018-03-07 00:00:00	-8.13695	0.00582096	0.735657	0	-0.00711327	-0.0199801	0.0635156	0	0	0	0	0	0	0	3.04424	-0.257823	0.0764156	0	0	2.59568	0	0	0	0.122694	-0.0450913	-1.82293
2018-03-08 00:00:00	-0.990993	-0.0134617	0.750749	0	-0.00324665	-0.000849109	0.00689694	0	0	0	0	0	0	0	-0.914985	-0.258283	0.0765185	0	0	2.4933	0	0	0	0.123151	-0.0448064	1.22399
2018-03-09 00:00:00	-0.2	-0.531969	0.7936	0	-0.00228497	0	0.00334989	0	0	0	0	0	0	0	-0.811322	-0.258138	0.0764738	0	0	2.21298	0	0	0	0.123223	-0.0419899	1.36393
2018-03-10 00:00:00	-15.7234	0.525732	0.860574	0	0.00815587	-0.0363708	0.106733	0	0	0	0	0	0	0	7.32734	-0.260087	0.0768886	0	0	2.44501	0	0	0	0.123877	-0.0417204	-4.5873
2018-03-11 00:00:00	0	-0.822069	0.918671	0	-0.00877732	-0.000657748	0.00699928	0	0	0	0	0	0	0	-1.13422	-0.260953	0.0770672	0	0	2.51964	0	0	0	0.124598	-0.0456092	1.37469
2018-03-12 00:00:00	0	-0.435025	0.797349	0	-0.00705917	0	0.0024587	0	0	0	0	0	0	0	-1.13842	-0.260764	0.077015	0	0	2.20366	0	0	0	0.12469	-0.0427703	1.32114
2018-03-13 00:00:00	-1.1955	0.31863	0.864327	0	0.000536915	0	0.00346726	0	0	0	0	0	0	0	-0.856637	-0.260614	0.0769715	0	0	1.96869	0	0	0	0.124795	-0.0393607	1.00531
2018-03-14 00:00:00	0	-0.571337	0.88281	0	-0.00638526	0	0.00256392	0	0	0	0	0	0	0	-0.98189	-0.260411	0.0769201	0	0	1.75517	0	0	0	0.124812	-0.0376283	0.98462
2018-03-15 00:00:00	-11.937	1.49734	0.974031	0	0.0196081	-0.0201833	0.0657173	0	0	0	0	0	0	0	4.58917	-0.261591	0.0771271	0	0	1.86816	0	0	0	0.125154	-0.0369347	-3.03935
2018-03-16 00:00:00	-7.94145	-0.0147668	0.876599	0	-0.000205901	-0.0185859	0.0563362	0	0	0	0	0	0	0	2.99814	-0.26328	0.0774469	0	0	2.19612	0	0	0	0.12593	-0.0405037	-1.94823
2018-03-17 00:00:00	-0.302252	-0.426684	0.778684	0	-0.00475158	-0.000418377	0.0051745	0	0	0	0	0	0	0	-1.17478	-0.263499	0.0774814	0	0	2.06772	0	0	0	0.126297	-0.0413814	0.841586
2018-03-18 00:00:00	-2.38649	0.436831	0.755308	0	0.00198197	-0.00221149	0.0118632	0	0	0	0	0	0	0	0.131246	-0.263642	0.0775115	0	0	1.95101	0	0	0	0.126196	-0.0389056	0.800696
2018-03-19 00:00:00	-4.84371	-0.0203266	0.871909	0	0.00136497	-0.010137	0.0320534	0	0	0	0	0	0	0	1.48196	-0.26426	0.0776251	0	0	1.93966	0	0	0	0.126473	-0.0383181	-0.645705
2018-03-20 00:00:00	0	-0.828431	0.924593	0	-0.00534151	-0.000230767	0.00478223	0	0	0	0	0	0	0	-1.03113	-0.264327	0.077639	0	0	1.82451	0	0	0	0.126728	-0.0377115	0.791079
2018-03-21 00:00:00	-0.302252	-0.369029	0.997951	0	-0.00634072	0	0.00308719	0	0	0	0	0	0	0	-0.988778	-0.26427	0.0776263	0	0	1.66693	0	0	0	0.126635	-0.0355637	0.905993
2018-03-22 00:00:00	0	-0.425035	0.981185	0	-0.0101067	0	0.00184301	0	0	0	0	0	0	0	-1.06598	-0.264132	0.0775816	0	0	1.4845	0	0	0	0.126644	-0.0338131	0.872685
2018-03-23 00:00:00	-2.31576	0.907499	1.23321	0	0.00322792	0	0.00363313	0	0	0	0	0	0	0	-0.532497	-0.264078	0.0775555	0	0	1.37643	0	0	0	0.126623	-0.0311088	0.584731
2018-03-24 00:00:00	0	-0.939904	1.05805	0	-0.00377974	0	0.00283019	0	0	0	0	0	0	0	-0.737982	-0.263939	0.077521	0	0	1.28036	0	0	0	0.126597	-0.0294923	0.57026
2018-03-25 00:00:00	-0.2	-0.00770265	1.01447	0	-0.0118065	0	0.00235126	0	0	0	0	0	0	0	-1.26847	-0.263751	0.0774764	0	0	1.17588	0	0	0	0.126484	-0.0280521	0.616885
2018-03-26 00:00:00	-0.2	-0.00724999	0.963747	0	-0.00893334	0	0.00196917	0	0	0	0	0	0	0	-1.09889	-0.26357	0.0774315	0	0	1.08111	0	0	0	0.126391	-0.0264771	0.645537
2018-03-27 00:00:00	-16.4617	1.67653	1.25874	0	0.045723	-0.0238624	0.0810604	0	0	0	0	0	0	0	6.96556	-0.265155	0.0777193	0	0	1.35055	0	0	0	0.126788	-0.0284954	-5.19657
2018-03-28 00:00:00	0	-0.959122	1.07867	0	-0.00830155	-0.00062205	0.00602955	0	0	0	0	0	0	0	-1.0043	-0.266181	0.077925	0	0	1.63735	0	0	0	0.127351	-0.0349644	0.653841
2018-03-29 00:00:00	0	-0.417653	0.963606	0	-0.0101788	0	0.00181336	0	0	0	0	0	0	0	-1.00622	-0.265908	0.0778614	0	0	1.46034	0	0	0	0.127136	-0.0341919	0.896606
2018-03-30 00:00:00	-2.81801	1.11824	1.16827	0	0.00836	0	0.00443969	0	0	0	0	0	0	0	-0.0947569	-0.265894	0.077855	0	0	1.38185	0	0	0	0.127103	-0.0309476	0.676504
2018-03-31 00:00:00	-5.73828	0.255587	1.06613	0	0.00722311	-0.00850807	0.0319899	0	0	0	0	0	0	0	1.74623	-0.26644	0.0779713	0	0	1.4317	0	0	0	0.127299	-0.0308883	-1.29998
2018-04-01 00:00:00	-5.55496	-0.00671533	1.10192	0	0.000137925	-0.0114001	0.0364042	0	0	0	0	0	0	0	1.74418	-0.267218	0.078129	0	0	1.57977	0	0	0	0.127465	-0.0334475	-1.20575
2018-04-02 00:00:00	-9.35496	-0.0020316	0.95296	0	0.00170094	-0.0216781	0.0651297	0	0	0	0	0	0	0	4.10662	-0.268688	0.0784009	0	0	1.85235	0	0	0	0.127815	-0.0355206	-2.4979
2018-04-03 00:00:00	-17.9099	0.00203779	1.02334	0	0.00219274	-0.0439966	0.128983	0	0	0	0	0	0	0	8.55498	-0.27156	0.078937	0	0	2.46158	0	0	0	0.128767	-0.0415409	-5.88621
2018-04-04 00:00:00	-12.146	-0.00776884	1.11189	0	-0.00105571	-0.0289393	0.0873328	0	0	0	0	0	0	0	5.22643	-0.274847	0.0794518	0	0	3.1024	0	0	0	0.129966	-0.0488889	-2.76999
2018-04-05 00:00:00	-14.1324	0.0069518	1.08282	0	0.000155784	-0.0340012	0.102133	0	0	0	0	0	0	0	5.88064	-0.278409	0.0799534	0	0	3.58005	0	0	0	0.130937	-0.0529993	-3.63422
2018-04-06 00:00:00	-0.102252	-0.847861	1.04966	0	-0.00751595	-0.000586733	0.0071429	0	0	0	0	0	0	0	-1.50646	-0.279303	0.0802075	0	0	3.44349	0	0	0	0.13179	-0.0541692	1.91415
2018-04-07 00:00:00	-1.5955	0.503359	1.06096	0	1.62445E-05	0	0.00378735	0	0	0	0	0	0	0	-0.835192	-0.278883	0.0801949	0	0	2.98352	0	0	0	0.132324	-0.0504659	2.00412
2018-04-08 00:00:00	-0.302252	-0.666907	1.05043	0	-0.00260339	0	0.00442326	0	0	0	0	0	0	0	-0.980086	-0.278831	0.0801253	0	0	2.62886	0	0	0	0.132686	-0.0462993	1.61955
2018-04-09 00:00:00	-0.102252	-0.390267	0.966223	0	-0.00880863	0	0.0021987	0	0	0	0	0	0	0	-1.10706	-0.278592	0.080068	0	0	2.30375	0	0	0	0.132716	-0.0435158	1.55446
2018-04-10 00:00:00	-1.00901	-0.00517412	1.03356	0	-0.000616398	0	0.00384621	0	0	0	0	0	0	0	-0.920824	-0.278436	0.0800276	0	0	2.05802	0	0	0	0.132816	-0.0399152	1.0543
2018-04-11 00:00:00	-0.102252	-0.248723	0.920415	0	-0.00933582	0	0.00297077	0	0	0	0	0	0	0	-1.21434	-0.278239	0.0799907	0	0	1.82946	0	0	0	0.132791	-0.0375018	1.07523
2018-04-12 00:00:00	-4.18649	1.64676	1.01177	0	0.0197337	0	0.00717286	0	0	0	0	0	0	0	0.205463	-0.278222	0.079989	0	0	1.67362	0	0	0	0.132734	-0.0360844	0.276456
2018-04-13 00:00:00	-3.19099	0.0126248	1.00147	0	0.00491201	-0.00201418	0.0164899	0	0	0	0	0	0	0	0.452147	-0.278562	0.0800509	0	0	1.65359	0	0	0	0.132959	-0.0349775	-0.1523
2018-04-14 00:00:00	0	-1.485	2.29795	0	-0.0171328	-0.000100992	0.00168096	0	0	0	0	0	0	0	-1.45666	-0.278642	0.080045	0	0	1.54887	0	0	0	0.132994	-0.0342738	0.789738
2018-04-15 00:00:00	-6.36397	1.47978	1.46723	0	0.0182229	-0.00447074	0.02226	0	0	0	0	0	0	0	1.23409	-0.278869	0.0800764	0	0	1.48413	0	0	0	0.132946	-0.0332153	-0.761795
2018-04-16 00:00:00	0	-1.17109	1.57939	0	-0.0109456	-0.000247722	0.00262778	0	0	0	0	0	0	0	-1.03546	-0.27905	0.0801173	0	0	1.47315	0	0	0	0.13311	-0.0330836	0.738532
2018-04-17 00:00:00	-0.906755	-0.409329	1.81276	0	-0.00908761	0	0.00361906	0	0	0	0	0	0	0	-1.13317	-0.278845	0.0800879	0	0	1.34568	0	0	0	0.132993	-0.0306043	0.607343
2018-04-18 00:00:00	0	-0.0876811	1.86832	0	-0.0248708	0	0.00103725	0	0	0	0	0	0	0	-1.71006	-0.278596	0.0800458	0	0	1.20614	0	0	0	0.132862	-0.0287592	1.15844
2018-04-19 00:00:00	0	-0.0212973	2.34971	0	-0.0188459	0	0.000125111	0	0	0	0	0	0	0	-2.24118	-0.278239	0.0799768	0	0	1.01359	0	0	0	0.132927	-0.0263213	0.990449
2018-04-20 00:00:00	0	-0.0214335	2.3559	0	3.39536E-05	0	0.000661879	0	0	0	0	0	0	0	-2.18204	-0.278013	0.0799107	0	0	0.870176	0	0	0	0.132842	-0.0239486	0.934083
2018-04-21 00:00:00	0	-0.00883683	2.86082	0	-0.00463678	0	4.48354E-05	0	0	0	0	0	0	0	-1.95871	-0.277494	0.0798138	0	0	0.725464	0	0	0	0.132636	-0.0215256	1.52758
2018-04-22 00:00:00	-3.83152	1.0212	2.12686	0	0.00316555	0	0.00169095	0	0	0	0	0	0	0	-0.275328	-0.277607	0.0798266	0	0	0.736537	0	0	0	0.133013	-0.0194453	-0.301612
2018-04-23 00:00:00	-1.81351	-0.131046	1.98405	0	0.00102414	0	0.00511979	0	0	0	0	0	0	0	-0.511042	-0.277452	0.0798009	0	0	0.746619	0	0	0	0.132311	-0.0196601	0.196215
2018-04-24 00:00:00	-0.102252	-0.890161	1.90283	0	-0.00173818	0	0.00109729	0	0	0	0	0	0	0	-1.19268	-0.277115	0.0797467	0	0	0.746355	0	0	0	0.13213	-0.0198488	0.378364
2018-04-25 00:00:00	-2.01801	0.0872651	1.98313	0	0.000315255	0	0.00318613	0	0	0	0	0	0	0	-0.321562	-0.276905	0.0797093	0	0	0.731689	0	0	0	0.131706	-0.0195622	0.380954
2018-04-26 00:00:00	-3.72927	1.07549	1.9759	0	0.000636899	0	0.00437084	0	0	0	0	0	0	0	-0.107364	-0.276751	0.0796898	0	0	0.751306	0	0	0	0.131461	-0.0197397	-0.11427
2018-04-27 00:00:00	-1.20901	-0.514024	1.7908	0	0.000545119	0	0.00263038	0	0	0	0	0	0	0	-0.682796	-0.27659	0.0796611	0	0	0.777815	0	0	0	0.131225	-0.0201947	0.080066
2018-04-28 00:00:00	-5.64504	1.03595	1.73044	0	0.000670859	0	0.00591501	0	0	0	0	0	0	0	1.31664	-0.276788	0.0796985	0	0	0.848167	0	0	0	0.131031	-0.0206973	-0.794009
2018-04-29 00:00:00	-0.102252	-1.17856	1.67111	0	5.0047E-05	0	0.00273442	0	0	0	0	0	0	0	-0.854571	-0.276772	0.0796922	0	0	0.90007	0	0	0	0.130796	-0.0224649	0.349835
2018-04-30 00:00:00	0	-0.489888	1.61897	0	-0.00128289	0	0.000197428	0	0	0	0	0	0	0	-1.17134	-0.276423	0.0796204	0	0	0.851397	0	0	0	0.130581	-0.0225146	0.719312
2018-05-01 00:00:00	0	-0.0133626	1.78515	0	-0.00269195	0	0	0	0	0	0	0	0	0	-1.59331	-0.276085	0.0795292	0	0	0.759579	0	0	0	0.130434	-0.0213406	0.847903
2018-05-02 00:00:00	-4.12027	1.28235	2.10635	0	0.00202492	0	0.00524375	0	0	0	0	0	0	0	-0.0709308	-0.275963	0.0795257	0	0	0.761102	0	0	0	0.130072	-0.019962	-0.120445
2018-05-03 00:00:00	0	-1.28425	2.03044	0	-0.00110689	0	0.00100572	0	0	0	0	0	0	0	-1.03802	-0.275675	0.0794737	0	0	0.774497	0	0	0	0.129939	-0.0202738	0.396026
2018-05-04 00:00:00	-0.2	-0.000978208	2.15331	0	-0.00184666	0	0.00131756	0	0	0	0	0	0	0	-1.8672	-0.275404	0.0794258	0	0	0.719701	0	0	0	0.12955	-0.01964	0.71823
2018-05-05 00:00:00	0	0	2.05783	0	-5.31021E-05	0	0.000158313	0	0	0	0	0	0	0	-1.83714	-0.274846	0.0792982	0	0	0.629322	0	0	0	0.129363	-0.0189058	0.765026
2018-05-06 00:00:00	0	0	3.0358	0	-0.00332876	0	0.00018037	0	0	0	0	0	0	0	-1.85119	-0.27432	0.0792109	0	0	0.545723	0	0	0	0.129392	-0.0179629	1.6435
2018-05-07 00:00:00	0	0	2.74445	0	-0.000299508	0	0	0	0	0	0	0	0	0	-2.67485	-0.274254	0.0791521	0	0	0.473409	0	0	0	0.129448	-0.0162802	0.460771
2018-05-08 00:00:00	-2.11126	0.00490021	2.40452	0	0.00244462	0	0	0	0	0	0	0	0	0	-0.13313	-0.273738	0.0790862	0	0	0.484836	0	0	0	0.128817	-0.0147307	0.571742
2018-05-09 00:00:00	-1.50676	-0.00490021	2.14844	0	0.000752287	0	0.0007331	0	0	0	0	0	0	0	-0.792535	-0.273406	0.0790224	0	0	0.503394	0	0	0	0.12843	-0.0149729	0.268199
2018-05-10 00:00:00	-0.2	0	1.91877	0	-2.32278E-05	0	0.00024334	0	0	0	0	0	0	0	-1.51072	-0.273051	0.0789568	0	0	0.488413	0	0	0	0.128046	-0.0153634	0.615277
2018-05-11 00:00:00	-0.702252	0	2.09362	0	1.06902E-05	0	0.000773835	0	0	0	0	0	0	0	-1.23445	-0.272543	0.0789288	0	0	0.476119	0	0	0	0.127726	-0.0150259	0.552909
2018-05-12 00:00:00	-3.81801	1.03309	2.53408	0	6.35618E-05	0	0.00438543	0	0	0	0	0	0	0	-0.373645	-0.272342	0.0788836	0	0	0.504366	0	0	0	0.127334	-0.01489	-0.196691
2018-05-13 00:00:00	-7.83603	0.703974	2.57621	0	2.86278E-05	0	0.00806669	0	0	0	0	0	0	0	2.68207	-0.272759	0.0789548	0	0	0.620109	0	0	0	0.127043	-0.0168029	-1.32913
2018-05-14 00:00:00	0	-1.73306	4.95649	0	-0.00253738	0	0.000481578	0	0	0	0	0	0	0	-2.95071	-0.272758	0.0789274	0	0	0.687133	0	0	0	0.127	-0.0191516	0.871819
2018-05-15 00:00:00	-0.2	-0.00400157	2.9518	0	0.000723629	0	0	0	0	0	0	0	0	0	-2.53069	-0.272086	0.0787769	0	0	0.556825	0	0	0	0.126874	-0.0180729	0.690149
2018-05-16 00:00:00	0	0	2.04894	0	-0.00204459	0	0	0	0	0	0	0	0	0	-1.02844	-0.271631	0.0786664	0	0	0.504207	0	0	0	0.126525	-0.016376	1.43985
2018-05-17 00:00:00	0	0	2.71853	0	-0.0007643	0	0	0	0	0	0	0	0	0	-2.61597	-0.271191	0.0786059	0	0	0.441548	0	0	0	0.126787	-0.0153719	0.462177
2018-05-18 00:00:00	0	0	3.71262	0	-0.00046778	0	0	0	0	0	0	0	0	0	-2.86508	-0.270687	0.0784994	0	0	0.362043	0	0	0	0.12613	-0.0141608	1.1289
2018-05-19 00:00:00	0	0	2.90728	0	-4.76131E-05	0	0	0	0	0	0	0	0	0	-2.27027	-0.270204	0.0784263	0	0	0.309163	0	0	0	0.125912	-0.0125806	0.867679
2018-05-20 00:00:00	0	0	2.33709	0	-1.78158E-05	0	0	0	0	0	0	0	0	0	-1.73325	-0.269508	0.0783434	0	0	0.283172	0	0	0	0.12563	-0.0116646	0.809801
2018-05-21 00:00:00	0	0	3.0955	0	-5.69404E-05	0	0	0	0	0	0	0	0	0	-2.44152	-0.269028	0.0782299	0	0	0.248154	0	0	0	0.12528	-0.0112604	0.825301
2018-05-22 00:00:00	0	0	1.94441	0	4.6078E-06	0	0	0	0	0	0	0	0	0	-1.39957	-0.268595	0.0781214	0	0	0.239246	0	0	0	0.12494	-0.0107126	0.707848
2018-05-23 00:00:00	0	0	1.99568	0	5.01311E-07	0	0	0	0	0	0	0	0	0	-1.60662	-0.268162	0.0780142	0	0	0.236985	0	0	0	0.124556	-0.0105848	0.549867
2018-05-24 00:00:00	0	0	2.36632	0	-2.00924E-05	0	0	0	0	0	0	0	0	0	-1.76515	-0.267682	0.0779113	0	0	0.226795	0	0	0	0.124153	-0.0105447	0.751778
2018-05-25 00:00:00	0	0	2.13414	0	-7.51804E-06	0	0	0	0	0	0	0	0	0	-1.69936	-0.267225	0.0778325	0	0	0.220483	0	0	0	0.123766	-0.0103815	0.57924
2018-05-26 00:00:00	0	0	2.00239	0	0	0	0	0	0	0	0	0	0	0	-1.60712	-0.266641	0.0777435	0	0	0.218461	0	0	0	0.123363	-0.0102813	0.537913
2018-05-27 00:00:00	-0.2	0	2.44835	0	0	0	0	0	0	0	0	0	0	0	-1.88073	-0.266168	0.0776423	0	0	0.21186	0	0	0	0.122948	-0.010248	0.503651
2018-05-28 00:00:00	0	0	3.04369	0	0	0	0	0	0	0	0	0	0	0	-2.39865	-0.265657	0.0775344	0	0	0.188433	0	0	0	0.122531	-0.0101404	0.757738
2018-05-29 00:00:00	0	0	1.91875	0	0	0	0	0	0	0	0	0	0	0	-1.61561	-0.265251	0.0773791	0	0	0.185467	0	0	0	0.122138	-0.0097603	0.413112
2018-05-30 00:00:00	0	0	2.04473	0	0	0	0	0	0	0	0	0	0	0	-1.74113	-0.264788	0.0772723	0	0	0.185873	0	0	0	0.121699	-0.00972072	0.41394
2018-05-31 00:00:00	0	0	2.14781	0	0	0	0	0	0	0	0	0	0	0	-1.77685	-0.264261	0.0771647	0	0	0.183701	0	0	0	0.121254	-0.0097221	0.4791
2018-06-01 00:00:00	-21.4495	1.88729	3.18254	0	0.00526318	0	0.0100448	0	0	0	0	0	0	0	10.0487	-0.26636	0.0775376	0	0	0.417893	0	0	0	0.121378	-0.0118795	-5.97714
2018-06-02 00:00:00	-11.227	-0.0306382	3.10995	0	0.0648203	-0.00577926	0.0178409	0	0	0	0	0	0	0	4.7826	-0.268592	0.0778942	0	0	0.851124	0	0	0	0.122249	-0.0201661	-2.52571
2018-06-03 00:00:00	-2.90676	-0.31878	3.25358	0	-0.00533999	-0.000524885	0.00387323	0	0	0	0	0	0	0	-0.552374	-0.268909	0.0778989	0	0	0.970948	0	0	0	0.122082	-0.0240274	0.35167
2018-06-04 00:00:00	0	-1.47409	2.80915	0	-0.0239831	0	0.000684628	0	0	0	0	0	0	0	-1.6099	-0.268484	0.0777969	0	0	0.91746	0	0	0	0.121708	-0.0232294	0.527115
2018-06-05 00:00:00	0	-0.0215852	2.45125	0	-0.0299994	0	0	0	0	0	0	0	0	0	-2.16789	-0.267817	0.0776503	0	0	0.785773	0	0	0	0.12152	-0.0217803	0.927126
2018-06-06 00:00:00	0	-0.0229233	2.53981	0	-0.00899625	0	0	0	0	0	0	0	0	0	-1.6286	-0.267178	0.0775152	0	0	0.671552	0	0	0	0.121173	-0.0200696	1.46228
2018-06-07 00:00:00	0	-0.0192646	2.65341	0	-0.000933164	0	0	0	0	0	0	0	0	0	-2.28406	-0.266822	0.0774239	0	0	0.583954	0	0	0	0.12125	-0.018526	0.846433
2018-06-08 00:00:00	0	0	2.63142	0	-0.000632732	0	0	0	0	0	0	0	0	0	-2.13981	-0.266264	0.0773268	0	0	0.50635	0	0	0	0.120666	-0.0170627	0.911998
2018-06-09 00:00:00	-0.502252	0	2.55207	0	-2.40724E-05	0	0	0	0	0	0	0	0	0	-1.70348	-0.265631	0.0772156	0	0	0.455288	0	0	0	0.12036	-0.0153891	0.718159
2018-06-10 00:00:00	0	0	2.42592	0	-6.64827E-05	0	0	0	0	0	0	0	0	0	-2.08626	-0.265251	0.0771431	0	0	0.418038	0	0	0	0.119816	-0.0140554	0.675281
2018-06-11 00:00:00	-0.702252	0	2.34625	0	2.10132E-06	0	0	0	0	0	0	0	0	0	-1.08218	-0.264568	0.0769789	0	0	0.382518	0	0	0	0.11963	-0.0134532	0.862928
2018-06-12 00:00:00	-0.4	0	2.40257	0	-2.52255E-05	0	0	0	0	0	0	0	0	0	-1.80207	-0.264096	0.0768839	0	0	0.352025	0	0	0	0.119414	-0.0131599	0.471543
2018-06-13 00:00:00	-1.30225	0	2.50467	0	1.93373E-05	0	0	0	0	0	0	0	0	0	-1.03948	-0.263669	0.0767207	0	0	0.348734	0	0	0	0.118833	-0.0123873	0.431193
2018-06-14 00:00:00	0	0	2.3465	0	-4.54944E-05	0	0	0	0	0	0	0	0	0	-1.88707	-0.263172	0.0766139	0	0	0.32093	0	0	0	0.118035	-0.0123229	0.699464
2018-06-15 00:00:00	-0.702252	0	2.3926	0	-8.89548E-06	0	0	0	0	0	0	0	0	0	-1.36346	-0.262769	0.0765054	0	0	0.30696	0	0	0	0.117736	-0.0118312	0.553476
2018-06-16 00:00:00	-12.5293	1.93478	2.90434	0	0.00523236	0	0.00309914	0	0	0	0	0	0	0	4.61241	-0.263532	0.0766493	0	0	0.442056	0	0	0	0.117408	-0.0127326	-2.70957
2018-06-17 00:00:00	-0.902252	-1.53571	2.87502	0	-0.000129023	0	0.000849242	0	0	0	0	0	0	0	-0.696557	-0.26365	0.0766603	0	0	0.592465	0	0	0	0.117463	-0.0168518	0.247306
2018-06-18 00:00:00	-0.2	-0.375337	2.61297	0	-0.0010644	0	0	0	0	0	0	0	0	0	-1.82772	-0.263167	0.0765594	0	0	0.567179	0	0	0	0.117005	-0.017043	0.689385
2018-06-19 00:00:00	-11.1248	1.90976	2.99546	0	0.00298848	0	0.00702938	0	0	0	0	0	0	0	3.76983	-0.263642	0.0766267	0	0	0.655556	0	0	0	0.116857	-0.0169637	-1.87126
2018-06-20 00:00:00	-22.1518	0.052926	3.07637	0	0.0644901	-0.0275791	0.100375	0	0	0	0	0	0	0	11.2815	-0.266352	0.0771248	0	0	1.12657	0	0	0	0.117676	-0.0241782	-6.57291
2018-06-21 00:00:00	0	-1.8994	2.86437	0	-0.0234172	-0.000711676	0.00329058	0	0	0	0	0	0	0	-1.33828	-0.267534	0.0773142	0	0	1.39796	0	0	0	0.118188	-0.0306475	0.901133
2018-06-22 00:00:00	0	-0.0450371	3.29564	0	-0.0412629	0	0	0	0	0	0	0	0	0	-2.87955	-0.266859	0.0771539	0	0	1.17632	0	0	0	0.117997	-0.0287777	1.40562
2018-06-23 00:00:00	0	-0.0229257	2.6483	0	-0.00599178	0	0	0	0	0	0	0	0	0	-1.98869	-0.2661	0.0769879	0	0	0.958847	0	0	0	0.11781	-0.0265798	1.49165
2018-06-24 00:00:00	0	-0.0190405	2.57132	0	-0.000697908	0	0	0	0	0	0	0	0	0	-2.34528	-0.265643	0.0768803	0	0	0.830406	0	0	0	0.117806	-0.0241364	0.94162
2018-06-25 00:00:00	-0.3	0	2.6189	0	-4.22447E-05	0	0	0	0	0	0	0	0	0	-1.85826	-0.265118	0.0767607	0	0	0.723058	0	0	0	0.117432	-0.0211781	1.09155
2018-06-26 00:00:00	0	0	2.79981	0	-6.73333E-05	0	0	0	0	0	0	0	0	0	-2.17542	-0.264399	0.0766383	0	0	0.616646	0	0	0	0.117151	-0.0193844	1.15097
2018-06-27 00:00:00	-0.2	0	2.99559	0	-6.18301E-05	0	0	0	0	0	0	0	0	0	-2.26011	-0.263972	0.076517	0	0	0.522619	0	0	0	0.116857	-0.01773	0.969707
2018-06-28 00:00:00	0	0	2.98936	0	0	0	0	0	0	0	0	0	0	0	-2.30227	-0.26332	0.0763926	0	0	0.437783	0	0	0	0.116564	-0.0158737	1.03863
2018-06-29 00:00:00	0	0	2.52618	0	0	0	0	0	0	0	0	0	0	0	-1.98394	-0.26304	0.0762719	0	0	0.379238	0	0	0	0.116273	-0.0141308	0.83685
2018-06-30 00:00:00	0	0	3.6752	0	0	0	0	0	0	0	0	0	0	0	-2.80481	-0.262305	0.076143	0	0	0.303722	0	0	0	0.115913	-0.0131045	1.09076
2018-07-01 00:00:00	0	0	3.79487	0	0	0	0	0	0	0	0	0	0	0	-2.85395	-0.261822	0.0760077	0	0	0.236331	0	0	0	0.115612	-0.0115912	1.09546
2018-07-02 00:00:00	-0.2	0	2.46426	0	0	0	0	0	0	0	0	0	0	0	-1.77083	-0.261187	0.0758796	0	0	0.214855	0	0	0	0.115251	-0.0105482	0.627685
2018-07-03 00:00:00	0	0	3.10531	0	0	0	0	0	0	0	0	0	0	0	-2.4368	-0.260756	0.0757463	0	0	0.188291	0	0	0	0.114828	-0.0102215	0.776402
2018-07-04 00:00:00	0	0	3.22574	0	0	0	0	0	0	0	0	0	0	0	-2.5427	-0.259715	0.0756188	0	0	0.162384	0	0	0	0.11441	-0.00979615	0.765945
2018-07-05 00:00:00	0	0	3.41626	0	0	0	0	0	0	0	0	0	0	0	-2.7459	-0.259306	0.0754485	0	0	0.139007	0	0	0	0.113984	-0.00936668	0.730128
2018-07-06 00:00:00	0	0	2.9153	0	0	0	0	0	0	0	0	0	0	0	-2.48789	-0.258996	0.0752697	0	0	0.125845	0	0	0	0.11356	-0.00894923	0.474142
2018-07-07 00:00:00	0	0	2.57756	0	0	0	0	0	0	0	0	0	0	0	-1.89917	-0.258375	0.0750997	0	0	0.120355	0	0	0	0.11312	-0.0087046	0.719879
2018-07-08 00:00:00	0	0	2.5727	0	0	0	0	0	0	0	0	0	0	0	-2.17972	-0.257785	0.074974	0	0	0.116038	0	0	0	0.112662	-0.0085936	0.430271
2018-07-09 00:00:00	-2.70676	0	3.17949	0	-6.75721E-10	0	0	0	0	0	0	0	0	0	-0.232707	-0.257485	0.0748659	0	0	0.141425	0	0	0	0.112204	-0.00850368	0.302531
2018-07-10 00:00:00	0	0	2.41133	0	0	0	0	0	0	0	0	0	0	0	-2.02383	-0.256916	0.0746227	0	0	0.143145	0	0	0	0.111695	-0.00898852	0.451056
2018-07-11 00:00:00	0	0	2.46629	0	0	0	0	0	0	0	0	0	0	0	-2.02517	-0.256301	0.0745852	0	0	0.136479	0	0	0	0.111223	-0.00900149	0.498096
2018-07-12 00:00:00	0	0	2.58699	0	0	0	0	0	0	0	0	0	0	0	-2.19017	-0.255948	0.0744632	0	0	0.1272	0	0	0	0.110768	-0.00887641	0.444422
2018-07-13 00:00:00	-2.70676	0	3.19628	0	-6.10674E-10	0	0	0	0	0	0	0	0	0	-0.462945	-0.255562	0.0742879	0	0	0.14995	0	0	0	0.110309	-0.0087008	0.0968659
2018-07-14 00:00:00	-0.2	0	2.72568	0	0	0	0	0	0	0	0	0	0	0	-2.1781	-0.254851	0.0741799	0	0	0.145861	0	0	0	0.109805	-0.00912811	0.413447
2018-07-15 00:00:00	0	0	2.28303	0	0	0	0	0	0	0	0	0	0	0	-1.85089	-0.254452	0.0740691	0	0	0.138357	0	0	0	0.109345	-0.0090407	0.490419
2018-07-16 00:00:00	-1.10225	0	2.6885	0	0	0	0	0	0	0	0	0	0	0	-1.2917	-0.25411	0.0739182	0	0	0.143124	0	0	0	0.108892	-0.00890499	0.357464
2018-07-17 00:00:00	-0.2	0	2.08804	0	0	0	0	0	0	0	0	0	0	0	-1.57775	-0.253613	0.0738113	0	0	0.144547	0	0	0	0.108422	-0.00899433	0.374463
2018-07-18 00:00:00	-0.2	0	2.08526	0	0	0	0	0	0	0	0	0	0	0	-1.59478	-0.253242	0.0737011	0	0	0.144366	0	0	0	0.10796	-0.00901696	0.354252
2018-07-19 00:00:00	0	0	2.29095	0	0	0	0	0	0	0	0	0	0	0	-1.97281	-0.252106	0.0735882	0	0	0.136432	0	0	0	0.107508	-0.00901158	0.374553
2018-07-20 00:00:00	-1.6045	0	2.5545	0	0	0	0	0	0	0	0	0	0	0	-0.77231	-0.251891	0.0734812	0	0	0.15009	0	0	0	0.107079	-0.00885979	0.24759
2018-07-21 00:00:00	0	0	2.1499	0	0	0	0	0	0	0	0	0	0	0	-1.75972	-0.251578	0.0730645	0	0	0.146511	0	0	0	0.106628	-0.00911779	0.455684
2018-07-22 00:00:00	0	0	2.1262	0	0	0	0	0	0	0	0	0	0	0	-1.86743	-0.250966	0.0730738	0	0	0.138753	0	0	0	0.10622	-0.00904162	0.316814
2018-07-23 00:00:00	-2.50676	0	3.26209	0	-6.46979E-11	0	0	0	0	0	0	0	0	0	-0.597246	-0.250717	0.0729818	0	0	0.154928	0	0	0	0.105823	-0.00890176	0.232207
2018-07-24 00:00:00	-2.80901	0	3.13782	0	1.43709E-11	0	0	0	0	0	0	0	0	0	-0.363364	-0.250482	0.0728891	0	0	0.181896	0	0	0	0.105398	-0.00920247	0.0659444
2018-07-25 00:00:00	0	0	2.76365	0	0	0	0	0	0	0	0	0	0	0	-2.26676	-0.249913	0.0726854	0	0	0.162335	0	0	0	0.104963	-0.00967295	0.577283
2018-07-26 00:00:00	-2.30676	0	3.66375	0	0	0	0	0	0	0	0	0	0	0	-1.21991	-0.249495	0.0726038	0	0	0.162519	0	0	0	0.104597	-0.00932696	0.21798
2018-07-27 00:00:00	-1.10225	0	3.16616	0	0	0	0	0	0	0	0	0	0	0	-1.82145	-0.249171	0.0724621	0	0	0.15419	0	0	0	0.103726	-0.00933874	0.31433
2018-07-28 00:00:00	-11.7338	2.24758	3.09902	0	-1.17819E-05	0	0	0	0	0	0	0	0	0	4.85538	-0.249167	0.0724928	0	0	0.224822	0	0	0	0.103003	-0.00961449	-1.39028
2018-07-29 00:00:00	-7.82252	0.0669633	2.96956	0	0.00240034	0	0	0	0	0	0	0	0	0	3.46285	-0.2491	0.0725049	0	0	0.354064	0	0	0	0.103012	-0.0120424	-1.05231
2018-07-30 00:00:00	-3.20901	-0.0824889	3.05314	0	-6.60961E-05	0	0	0	0	0	0	0	0	0	0.0492958	-0.248755	0.0724426	0	0	0.425597	0	0	0	0.10275	-0.0137933	0.149113
2018-07-31 00:00:00	-0.2	-2.00606	2.81216	0	-0.000502487	0	0	0	0	0	0	0	0	0	-0.765322	-0.248379	0.0723618	0	0	0.43499	0	0	0	0.102338	-0.0141152	0.187468
2018-08-01 00:00:00	-8.93378	2.10593	3.20623	0	0.00347736	0	0.00082614	0	0	0	0	0	0	0	2.56439	-0.248147	0.0723212	0	0	0.48683	0	0	0	0.102079	-0.0142933	-0.654131
2018-08-02 00:00:00	-4.51576	-0.027587	3.43482	0	0.00104309	0	0.00206699	0	0	0	0	0	0	0	0.572621	-0.247947	0.0722841	0	0	0.539097	0	0	0	0.10179	-0.0159643	-0.0835392
2018-08-03 00:00:00	-0.502252	-2.11977	3.30898	0	-0.00155467	0	0.00079204	0	0	0	0	0	0	0	-0.740111	-0.247563	0.0722039	0	0	0.544801	0	0	0	0.101489	-0.0163112	0.400705
2018-08-04 00:00:00	0	-0.13468	2.6548	0	-0.00152805	0	0	0	0	0	0	0	0	0	-2.22185	-0.247176	0.0721175	0	0	0.495125	0	0	0	0.101166	-0.0157664	0.702198
2018-08-05 00:00:00	0	-0.0218759	2.5766	0	-0.00272201	0	0	0	0	0	0	0	0	0	-1.84158	-0.246509	0.0719276	0	0	0.416419	0	0	0	0.100965	-0.0148325	1.03839
2018-08-06 00:00:00	-1.4045	-0.0135301	3.01966	0	-0.000196401	0	0	0	0	0	0	0	0	0	-1.72962	-0.246233	0.0718606	0	0	0.386396	0	0	0	0.100596	-0.0138006	0.170633
2018-08-07 00:00:00	-1.70676	-0.00861527	2.75116	0	0.000271921	0	0	0	0	0	0	0	0	0	-0.960037	-0.245988	0.0717747	0	0	0.377113	0	0	0	0.100051	-0.0133074	0.365667
2018-08-08 00:00:00	-1.70676	-0.00584488	2.52507	0	0.00158	0	0	0	0	0	0	0	0	0	-1.15192	-0.245478	0.0717153	0	0	0.376073	0	0	0	0.0996968	-0.0131475	-0.0490061
2018-08-09 00:00:00	-0.2	-4.33217E-06	2.30572	0	-0.00125608	0	0	0	0	0	0	0	0	0	-1.73335	-0.245051	0.0716615	0	0	0.357089	0	0	0	0.0992676	-0.0128266	0.641253
2018-08-10 00:00:00	-6.42252	2.15883	2.63008	0	0.00264415	0	0	0	0	0	0	0	0	0	1.07248	-0.24453	0.0715642	0	0	0.395934	0	0	0	0.0990811	-0.0123589	-0.248791
2018-08-11 00:00:00	0	-2.15453	2.95387	0	-0.000393756	0	0	0	0	0	0	0	0	0	-0.7498	-0.244219	0.0715456	0	0	0.404371	0	0	0	0.0988609	-0.0134867	0.366218
2018-08-12 00:00:00	-10.5383	2.36764	3.00714	0	0.00197994	0	0.00390128	0	0	0	0	0	0	0	3.76994	-0.244049	0.0715217	0	0	0.474786	0	0	0	0.098574	-0.0139554	-1.0008
2018-08-13 00:00:00	-0.502252	-1.99274	2.74632	0	-0.00012873	0	0.00161474	0	0	0	0	0	0	0	-0.52439	-0.24383	0.0714841	0	0	0.544656	0	0	0	0.0984262	-0.0161013	0.183059
2018-08-14 00:00:00	-3.31126	0.289866	3.00118	0	0.000117377	0	0.00153105	0	0	0	0	0	0	0	-0.376452	-0.243409	0.0713968	0	0	0.543246	0	0	0	0.0981307	-0.0161527	0.0581971
2018-08-15 00:00:00	-1.4045	-0.622827	2.96148	0	-0.000200676	0	7.92531E-05	0	0	0	0	0	0	0	-1.03954	-0.243035	0.0713158	0	0	0.530557	0	0	0	0.0978435	-0.0160571	0.335114
2018-08-16 00:00:00	-0.902252	-0.0278561	2.56275	0	-0.000987542	0	0	0	0	0	0	0	0	0	-1.55216	-0.242548	0.0712112	0	0	0.491735	0	0	0	0.0976149	-0.015673	0.481832
2018-08-17 00:00:00	-1.4045	-0.00774948	2.55963	0	-0.000954869	0	0	0	0	0	0	0	0	0	-0.837439	-0.242045	0.0710932	0	0	0.45948	0	0	0	0.0972929	-0.0149401	0.679866
2018-08-18 00:00:00	-3.11126	0.405515	2.66364	0	0.00211909	0	0.000358012	0	0	0	0	0	0	0	-0.628361	-0.241827	0.0710387	0	0	0.465263	0	0	0	0.0970539	-0.0145156	-0.290973
2018-08-19 00:00:00	-10.7383	2.03442	2.75005	0	0.0195622	0	0.00661358	0	0	0	0	0	0	0	4.4253	-0.241753	0.0710458	0	0	0.538893	0	0	0	0.0965876	-0.015432	-1.05299
2018-08-20 00:00:00	-0.2	-2.10889	2.59057	0	-0.00723794	0	0.0017237	0	0	0	0	0	0	0	-0.524487	-0.241528	0.0710149	0	0	0.631055	0	0	0	0.0965538	-0.0178428	0.290935
2018-08-21 00:00:00	-0.2	-0.307577	2.569	0	-0.0115472	0	0	0	0	0	0	0	0	0	-1.81734	-0.240981	0.0709183	0	0	0.583754	0	0	0	0.096319	-0.0174726	0.725073
2018-08-22 00:00:00	-4.81801	1.89913	2.6986	0	0.00541532	0	0.000127297	0	0	0	0	0	0	0	-0.402305	-0.240413	0.0708033	0	0	0.556053	0	0	0	0.0962107	-0.0164839	-0.150873
2018-08-23 00:00:00	-4.11576	0.548935	2.46325	0	0.00813103	0	0.00221112	0	0	0	0	0	0	0	0.673995	-0.240306	0.070773	0	0	0.569114	0	0	0	0.0957872	-0.0164928	0.0596347
2018-08-24 00:00:00	-1.4045	-0.949946	2.37714	0	-0.0024771	0	0.0012112	0	0	0	0	0	0	0	-0.208778	-0.239944	0.0706969	0	0	0.585342	0	0	0	0.0956157	-0.0169298	0.307423
2018-08-25 00:00:00	0	-1.49492	2.40962	0	-0.00659877	0	0.000644128	0	0	0	0	0	0	0	-1.15222	-0.239595	0.0706144	0	0	0.570657	0	0	0	0.0953168	-0.016791	0.236732
2018-08-26 00:00:00	-3.41351	0.957317	2.34497	0	0.00297931	0	0.000256304	0	0	0	0	0	0	0	-0.191973	-0.239064	0.0704827	0	0	0.555051	0	0	0	0.0951153	-0.0164669	0.165161
2018-08-27 00:00:00	-5.72027	1.53273	2.5002	0	0.0133394	0	0.00337668	0	0	0	0	0	0	0	0.907556	-0.238934	0.0704665	0	0	0.574667	0	0	0	0.0947196	-0.0164987	-0.278642
2018-08-28 00:00:00	-0.2	-2.07452	2.4781	0	-0.00667899	0	0.00153544	0	0	0	0	0	0	0	-0.492563	-0.238662	0.0704019	0	0	0.59849	0	0	0	0.0944846	-0.0173305	0.213254
2018-08-29 00:00:00	0	-0.416452	2.15349	0	-0.00883266	0	0	0	0	0	0	0	0	0	-1.71347	-0.238252	0.0703063	0	0	0.563743	0	0	0	0.0942277	-0.0169735	0.487783
2018-08-30 00:00:00	-0.902252	-0.00925684	2.35407	0	-0.00442461	0	0	0	0	0	0	0	0	0	-1.55451	-0.237665	0.0701661	0	0	0.504156	0	0	0	0.0938374	-0.0162465	0.297871
2018-08-31 00:00:00	-0.2	-0.014667	2.36356	0	-0.00536446	0	0	0	0	0	0	0	0	0	-1.45288	-0.236867	0.070086	0	0	0.450956	0	0	0	0.0937245	-0.0155109	1.05304
2018-09-01 00:00:00	0	-0.0124658	1.93343	0	-0.000889262	0	0	0	0	0	0	0	0	0	-2.10947	-0.23665	0.0700107	0	0	0.406282	0	0	0	0.0938255	-0.0143513	0.12972
2018-09-02 00:00:00	-0.302252	0	1.99832	0	-0.000456566	0	0	0	0	0	0	0	0	0	-1.57953	-0.236253	0.0699214	0	0	0.375573	0	0	0	0.0932925	-0.0135805	0.405036
2018-09-03 00:00:00	-10.5563	2.56585	2.1553	0	0.0212774	0	0.00177534	0	0	0	0	0	0	0	4.25973	-0.236182	0.0699344	0	0	0.485872	0	0	0	0.093037	-0.0134255	-1.15312
2018-09-04 00:00:00	0	-1.86047	2.03548	0	-0.00605959	0	0.00126565	0	0	0	0	0	0	0	-0.402047	-0.235881	0.0698862	0	0	0.553746	0	0	0	0.0927675	-0.0162521	0.232434
2018-09-05 00:00:00	-0.2	-0.67327	2.3916	0	-0.005954	0	7.18703E-05	0	0	0	0	0	0	0	-1.564	-0.235462	0.0697945	0	0	0.535667	0	0	0	0.0925454	-0.0162501	0.394742
2018-09-06 00:00:00	-3.21801	1.25192	1.83866	0	0.000578317	0	0.000529677	0	0	0	0	0	0	0	-0.184883	-0.235038	0.0696971	0	0	0.515999	0	0	0	0.0923792	-0.0157623	0.116067
2018-09-07 00:00:00	-1.0045	-0.935781	2.01373	0	2.19484E-05	0	0.00130166	0	0	0	0	0	0	0	-0.325978	-0.234708	0.0696233	0	0	0.522745	0	0	0	0.0919148	-0.0157939	0.182567
2018-09-08 00:00:00	-0.602252	-0.320567	1.86618	0	-0.00171928	0	6.34324E-05	0	0	0	0	0	0	0	-1.01993	-0.234257	0.0695476	0	0	0.513186	0	0	0	0.0916607	-0.0157509	0.346162
2018-09-09 00:00:00	-4.32477	1.92545	2.18626	0	0.00171996	0	0.00104419	0	0	0	0	0	0	0	-0.0996022	-0.233852	0.0694689	0	0	0.509497	0	0	0	0.0914474	-0.0154925	0.111177
2018-09-10 00:00:00	-9.85404	0.734344	1.98389	0	0.0585232	-0.0076657	0.0178515	0	0	0	0	0	0	0	5.06623	-0.233745	0.0694677	0	0	0.620802	0	0	0	0.0913031	-0.0169772	-1.47002
2018-09-11 00:00:00	-2.51576	-0.00984374	2.08437	0	-0.00143018	-0.00154362	0.00494231	0	0	0	0	0	0	0	-0.0117382	-0.23354	0.0694232	0	0	0.729808	0	0	0	0.091263	-0.0194129	0.186541
2018-09-12 00:00:00	-1.40676	-0.499241	1.9422	0	-0.001527	-5.19638E-05	0.0014255	0	0	0	0	0	0	0	-0.308503	-0.233192	0.0693403	0	0	0.715364	0	0	0	0.0910584	-0.0192596	0.350855
2018-09-13 00:00:00	-1.40676	-0.480164	1.94246	0	-0.0017393	0	0.00116673	0	0	0	0	0	0	0	-0.356446	-0.23279	0.0692604	0	0	0.691017	0	0	0	0.0908819	-0.0188831	0.298008
2018-09-14 00:00:00	-6.13378	1.0048	1.79264	0	0.00504071	-0.00811103	0.0223752	0	0	0	0	0	0	0	2.22315	-0.232574	0.0692119	0	0	0.71759	0	0	0	0.0904775	-0.0189684	-0.468148
2018-09-15 00:00:00	-1.1045	-0.530174	1.67552	0	-0.00335996	-0.000320468	0.0022275	0	0	0	0	0	0	0	-0.445409	-0.232293	0.0691541	0	0	0.748017	0	0	0	0.0904424	-0.0198069	0.249496
2018-09-16 00:00:00	-1.60901	-0.332783	1.97991	0	-0.0012502	0	0.000996219	0	0	0	0	0	0	0	-0.262967	-0.231939	0.0690807	0	0	0.721559	0	0	0	0.0902615	-0.0194185	0.404447
2018-09-17 00:00:00	-0.402252	-1.32233	1.88018	0	-0.00459587	0	0.00126325	0	0	0	0	0	0	0	-0.478692	-0.231584	0.0689503	0	0	0.696379	0	0	0	0.0900672	-0.0189872	0.278392
2018-09-18 00:00:00	-4.72477	1.95321	2.07272	0	0.00795732	-0.000310062	0.00252297	0	0	0	0	0	0	0	0.129381	-0.23126	0.0689072	0	0	0.684512	0	0	0	0.089882	-0.0186504	0.0341006
2018-09-19 00:00:00	-10.254	0.276964	1.83036	0	0.00253414	-0.0216669	0.0584909	0	0	0	0	0	0	0	5.63652	-0.231398	0.0689054	0	0	0.810174	0	0	0	0.0898757	-0.0201136	-1.7534
2018-09-20 00:00:00	-1.60901	-0.145513	1.71754	0	-0.00345873	-0.000495258	0.00306512	0	0	0	0	0	0	0	-0.400985	-0.231297	0.0688725	0	0	0.894291	0	0	0	0.0900154	-0.0226173	0.360408
2018-09-21 00:00:00	-3.21801	0.159023	1.57078	0	0.000968932	-0.00384133	0.0109724	0	0	0	0	0	0	0	0.768237	-0.231031	0.0688119	0	0	0.873296	0	0	0	0.0898909	-0.0220167	0.0670799
2018-09-22 00:00:00	-0.402252	-0.994676	1.49156	0	-0.00367823	-0.000162028	0.00163426	0	0	0	0	0	0	0	-0.419181	-0.230677	0.0687379	0	0	0.847193	0	0	0	0.0898149	-0.0217392	0.426574
2018-09-23 00:00:00	-0.3	-1.19151	1.63202	0	-0.00404619	0	0.00122526	0	0	0	0	0	0	0	-0.49551	-0.230313	0.0686618	0	0	0.802929	0	0	0	0.0896705	-0.0208982	0.352235
2018-09-24 00:00:00	-0.802252	-0.354603	1.47867	0	-0.00541588	0	0.000475104	0	0	0	0	0	0	0	-0.562913	-0.229853	0.0685875	0	0	0.762457	0	0	0	0.0895372	-0.0201967	0.424496
2018-09-25 00:00:00	-0.402252	-0.15566	1.39761	0	-0.0115009	0	2.39119E-05	0	0	0	0	0	0	0	-1.04042	-0.229241	0.0684695	0	0	0.700049	0	0	0	0.0893905	-0.0197403	0.396734
2018-09-26 00:00:00	-2.41351	0.565341	1.7976	0	0.000955163	0	0.00120537	0	0	0	0	0	0	0	-0.307104	-0.228516	0.0684609	0	0	0.686987	0	0	0	0.0889976	-0.0188795	0.241534
2018-09-27 00:00:00	-0.402252	-0.567118	1.56514	0	-0.00922047	0	0.000385139	0	0	0	0	0	0	0	-0.865889	-0.228177	0.0683703	0	0	0.665086	0	0	0	0.0887314	-0.0185676	0.296487
2018-09-28 00:00:00	-0.3	-0.00766005	1.35312	0	-0.0121303	0	6.77113E-06	0	0	0	0	0	0	0	-1.32533	-0.227425	0.0682288	0	0	0.611124	0	0	0	0.0885835	-0.018308	0.230212
2018-09-29 00:00:00	-0.3	-0.00738743	1.31013	0	-0.010383	0	0.000107903	0	0	0	0	0	0	0	-1.0416	-0.227132	0.0681874	0	0	0.586957	0	0	0	0.0881993	-0.0173538	0.44972
2018-09-30 00:00:00	-0.602252	-0.00520869	1.3518	0	-0.00257345	0	0	0	0	0	0	0	0	0	-0.611169	-0.226497	0.0680607	0	0	0.55388	0	0	0	0.0879685	-0.016757	0.597249
2018-10-01 00:00:00	-1.60225	0.310642	1.26382	0	0.00075974	0	0.000344517	0	0	0	0	0	0	0	-0.486837	-0.226223	0.0679978	0	0	0.555133	0	0	0	0.0880814	-0.0163294	-0.0448595
2018-10-02 00:00:00	-0.3	-0.316559	1.39705	0	-0.00158466	0	0.000934667	0	0	0	0	0	0	0	-1.1337	-0.225975	0.0679123	0	0	0.546473	0	0	0	0.0870763	-0.0162783	0.10535
2018-10-03 00:00:00	-0.3	-0.00726406	1.28015	0	-0.00274143	0	5.37326E-05	0	0	0	0	0	0	0	-1.19062	-0.225233	0.0677562	0	0	0.517846	0	0	0	0.086963	-0.0161059	0.210798
2018-10-04 00:00:00	-2.4045	0.880667	1.4258	0	-0.000113778	0	0.000210748	0	0	0	0	0	0	0	0.0826817	-0.224624	0.0673528	0	0	0.525188	0	0	0	0.0868578	-0.0157259	0.423791
2018-10-05 00:00:00	-0.3	-0.724496	1.14535	0	-3.12511E-05	0	0.00182136	0	0	0	0	0	0	0	-0.73743	-0.224555	0.067264	0	0	0.528362	0	0	0	0.0867665	-0.0158227	-0.17277
2018-10-06 00:00:00	-0.1	-0.16186	0.959665	0	-0.000834933	0	0	0	0	0	0	0	0	0	-1.00237	-0.223922	0.0672184	0	0	0.522064	0	0	0	0.0865158	-0.015885	0.130588
2018-10-07 00:00:00	-2.0045	0.661312	1.27334	0	7.14889E-05	0	0.000476895	0	0	0	0	0	0	0	-0.140163	-0.223325	0.0670136	0	0	0.526008	0	0	0	0.0863401	-0.0156872	0.23088
2018-10-08 00:00:00	-4.61126	2.04129	1.22939	0	0.008151	0	0.00287923	0	0	0	0	0	0	0	0.453944	-0.222691	0.0667343	0	0	0.544221	0	0	0	0.0858633	-0.0159402	-0.417417
2018-10-09 00:00:00	-2.0045	-0.027717	1.04188	0	0.0061651	0	0.00171601	0	0	0	0	0	0	0	0.496682	-0.222557	0.0667485	0	0	0.597042	0	0	0	0.0857325	-0.0168863	0.0243005
2018-10-10 00:00:00	-0.1	-1.15942	1.37345	0	-0.00343592	0	0.00141559	0	0	0	0	0	0	0	-0.588771	-0.221932	0.0666829	0	0	0.607226	0	0	0	0.0855888	-0.0174899	0.0433175
2018-10-11 00:00:00	-2.0045	0.674243	1.26835	0	0.00165642	0	0.00119449	0	0	0	0	0	0	0	-0.356221	-0.221467	0.0665908	0	0	0.602469	0	0	0	0.0854405	-0.017388	0.100365
2018-10-12 00:00:00	-8.31576	0.547828	1.1633	0	0.0517465	-0.00935351	0.0219192	0	0	0	0	0	0	0	4.35882	-0.221585	0.0666353	0	0	0.705532	0	0	0	0.0854316	-0.0184601	-1.56395
2018-10-13 00:00:00	-2.90676	0.000279896	0.952606	0	-0.00157453	-0.00539579	0.0160118	0	0	0	0	0	0	0	0.991941	-0.221577	0.0666384	0	0	0.828841	0	0	0	0.0856059	-0.0209818	-0.214361
2018-10-14 00:00:00	0	-0.97419	1.06604	0	-0.00384802	-0.000185946	0.00151289	0	0	0	0	0	0	0	-0.482197	-0.221176	0.0665788	0	0	0.819961	0	0	0	0.0855822	-0.0211756	0.336906
2018-10-15 00:00:00	-0.2	-0.738705	1.02509	0	-0.00259494	0	0.00104214	0	0	0	0	0	0	0	-0.502939	-0.220749	0.0664438	0	0	0.778917	0	0	0	0.0854832	-0.0205341	0.271458
2018-10-16 00:00:00	-0.502252	-0.470892	1.02779	0	-0.00166148	0	0.00132715	0	0	0	0	0	0	0	-0.559177	-0.220309	0.0662381	0	0	0.744026	0	0	0	0.0853669	-0.0200022	0.150458
2018-10-17 00:00:00	-0.2	-0.435089	1.03662	0	-0.00654082	0	0.000516235	0	0	0	0	0	0	0	-0.779261	-0.219863	0.0661384	0	0	0.718655	0	0	0	0.0852031	-0.0194494	0.246927
2018-10-18 00:00:00	-0.2	-0.0770395	0.814036	0	-0.00781173	0	0	0	0	0	0	0	0	0	-0.420711	-0.219199	0.0659501	0	0	0.670814	0	0	0	0.0851303	-0.0190611	0.69211
2018-10-19 00:00:00	-0.2	-0.00441685	0.808713	0	-0.0078136	0	0.000939941	0	0	0	0	0	0	0	-1.37038	-0.218517	0.0659419	0	0	0.649472	0	0	0	0.0849031	-0.018375	-0.209537
2018-10-20 00:00:00	-0.2	-0.00565873	0.981493	0	-0.0100143	0	0.000245577	0	0	0	0	0	0	0	-0.999112	-0.218112	0.0658916	0	0	0.615994	0	0	0	0.0847285	-0.0179145	0.297541
2018-10-21 00:00:00	-0.702252	-0.00155867	0.942418	0	-0.00261285	0	0.000272283	0	0	0	0	0	0	0	-0.402632	-0.217689	0.065805	0	0	0.596786	0	0	0	0.0846381	-0.0174431	0.345732
2018-10-22 00:00:00	-0.2	-0.00437134	0.797339	0	-0.00538464	0	0.000140277	0	0	0	0	0	0	0	-1.1064	-0.217156	0.0657166	0	0	0.57611	0	0	0	0.0845836	-0.0171279	-0.0265455
2018-10-23 00:00:00	0	-0.00595392	0.828534	0	-0.00880363	0	0.000677117	0	0	0	0	0	0	0	-1.14447	-0.216826	0.0656593	0	0	0.559606	0	0	0	0.0844274	-0.0166073	0.146243
2018-10-24 00:00:00	0	-0.00535324	0.738315	0	-0.00266001	0	0	0	0	0	0	0	0	0	-0.685365	-0.216066	0.0655625	0	0	0.533919	0	0	0	0.0842636	-0.0162459	0.49637
2018-10-25 00:00:00	-2.70676	1.62888	0.903681	0	0.000513836	0	0.0013593	0	0	0	0	0	0	0	-0.682106	-0.215882	0.065535	0	0	0.537995	0	0	0	0.0841786	-0.015957	-0.398555
2018-10-26 00:00:00	-0.2	-0.447922	0.676881	0	1.13598E-05	0	0.00121684	0	0	0	0	0	0	0	-0.284832	-0.215179	0.0654472	0	0	0.547273	0	0	0	0.0839804	-0.0161121	0.210764
2018-10-27 00:00:00	-2.0045	1.23991	0.635954	0	0.00290229	0	0.000996156	0	0	0	0	0	0	0	-0.530752	-0.214887	0.0653406	0	0	0.553459	0	0	0	0.0838742	-0.0161961	-0.183906
2018-10-28 00:00:00	0	-0.502786	0.537962	0	-0.00112127	0	0.000805134	0	0	0	0	0	0	0	-0.312264	-0.214413	0.0652846	0	0	0.558734	0	0	0	0.08369	-0.0163017	0.19959
2018-10-29 00:00:00	-0.2	-0.287629	0.520208	0	-0.00102865	0	0.000511677	0	0	0	0	0	0	0	-0.152218	-0.213721	0.0652025	0	0	0.56097	0	0	0	0.0835449	-0.0162963	0.359544
2018-10-30 00:00:00	-0.502252	-0.0327548	0.538589	0	-0.000151038	0	0.00172832	0	0	0	0	0	0	0	-1.07172	-0.213386	0.0650359	0	0	0.562113	0	0	0	0.0828644	-0.0163695	-0.586306
2018-10-31 00:00:00	-1.8045	0.899371	0.592153	0	0.00460648	0	0.00042539	0	0	0	0	0	0	0	0.0730482	-0.212788	0.0649035	0	0	0.573351	0	0	0	0.0826293	-0.016438	0.256758
2018-11-01 00:00:00	-8.92927	0.133262	0.549903	0	0.0558779	-0.0110168	0.0310661	0	0	0	0	0	0	0	5.181	-0.213175	0.0650178	0	0	0.713393	0	0	0	0.0826188	-0.0182587	-2.35959
2018-11-02 00:00:00	-0.2	-0.344117	0.561432	0	-0.00356604	-0.000493653	0.00242016	0	0	0	0	0	0	0	-0.462038	-0.213055	0.0650205	0	0	0.818957	0	0	0	0.0828185	-0.020967	0.286412
2018-11-03 00:00:00	-0.702252	-0.0748117	0.78589	0	-0.000357886	0	0.000991717	0	0	0	0	0	0	0	-0.304997	-0.212574	0.0649541	0	0	0.782782	0	0	0	0.0827114	-0.0205254	0.401812
2018-11-04 00:00:00	-0.2	-0.470331	0.72623	0	-0.00169809	0	0.00115243	0	0	0	0	0	0	0	-0.520813	-0.212127	0.064892	0	0	0.751385	0	0	0	0.0826244	-0.0199544	0.20136
2018-11-05 00:00:00	-1.0045	0.329119	0.659387	0	0.000361583	0	0.00140924	0	0	0	0	0	0	0	-0.47157	-0.21169	0.0648217	0	0	0.725284	0	0	0	0.0825073	-0.0194862	0.155639
2018-11-06 00:00:00	-0.2	-0.472745	0.706098	0	-0.00104859	0	0.000935813	0	0	0	0	0	0	0	-0.561041	-0.2112	0.0647308	0	0	0.700117	0	0	0	0.0824541	-0.0191774	0.0891239
2018-11-07 00:00:00	-1.90676	0.927275	0.657968	0	0.00346484	-1.52216E-05	0.00161973	0	0	0	0	0	0	0	-0.128854	-0.210207	0.0647541	0	0	0.689851	0	0	0	0.0822955	-0.0188033	0.162594
2018-11-08 00:00:00	-2.10676	0.0374598	0.547228	0	0.00096141	-0.00395338	0.0114375	0	0	0	0	0	0	0	0.686958	-0.210101	0.0646793	0	0	0.708568	0	0	0	0.0822454	-0.018896	-0.200168
2018-11-09 00:00:00	-7.72477	-0.000810366	0.517859	0	0.00186882	-0.018582	0.0525729	0	0	0	0	0	0	0	4.74518	-0.210287	0.0647702	0	0	0.842023	0	0	0	0.0824018	-0.0206966	-1.66847
2018-11-10 00:00:00	-4.51576	-0.0105523	0.585366	0	-0.00102123	-0.0104365	0.0300754	0	0	0	0	0	0	0	2.35265	-0.210559	0.0648689	0	0	0.999652	0	0	0	0.0826441	-0.0243276	-0.657399
2018-11-11 00:00:00	-0.702252	-0.0155705	0.55426	0	-0.00168685	-0.000664469	0.00291621	0	0	0	0	0	0	0	-0.298607	-0.210294	0.0648274	0	0	0.998113	0	0	0	0.0827273	-0.0250361	0.448732
2018-11-12 00:00:00	-5.21801	-0.00430662	0.532703	0	0.00224974	-0.0119271	0.0341042	0	0	0	0	0	0	0	2.9345	-0.210296	0.064872	0	0	1.03537	0	0	0	0.0827582	-0.0248524	-0.782848
2018-11-13 00:00:00	-1.4045	-0.00359802	0.56789	0	-0.00194526	-0.0023894	0.00798459	0	0	0	0	0	0	0	0.0996714	-0.210113	0.0648728	0	0	1.04695	0	0	0	0.0829751	-0.0255831	0.222208
2018-11-14 00:00:00	-1.4045	-0.00838731	0.589717	0	3.04148E-06	-0.00210479	0.00699427	0	0	0	0	0	0	0	0.18334	-0.209681	0.0648366	0	0	1.00506	0	0	0	0.0829349	-0.0252635	0.282942
2018-11-15 00:00:00	0	-0.557698	0.602146	0	-0.00195586	-9.67773E-05	0.000977634	0	0	0	0	0	0	0	-0.354313	-0.209175	0.0647704	0	0	0.946403	0	0	0	0.0829261	-0.0246657	0.549318
2018-11-16 00:00:00	-0.2	-0.307753	0.545277	0	-0.00114963	0	0.00133803	0	0	0	0	0	0	0	-0.612781	-0.208285	0.0647603	0	0	0.895698	0	0	0	0.0828799	-0.0229343	0.237051
2018-11-17 00:00:00	0	-0.362189	0.40619	0	-0.00133754	0	0.00120975	0	0	0	0	0	0	0	-0.426887	-0.207901	0.0646763	0	0	0.844932	0	0	0	0.0828374	-0.0216987	0.379831
2018-11-18 00:00:00	-0.2	-0.144542	0.362328	0	-0.000593712	0	0.00103352	0	0	0	0	0	0	0	-0.48509	-0.207444	0.0646069	0	0	0.80483	0	0	0	0.0827636	-0.0211654	0.256727
2018-11-19 00:00:00	-1.2045	0.717861	0.42457	0	0.00163663	0	0.0010987	0	0	0	0	0	0	0	-0.374882	-0.206204	0.0645712	0	0	0.772321	0	0	0	0.0827101	-0.0203064	0.258873
2018-11-20 00:00:00	-5.92027	0.603433	0.383884	0	0.00571054	-0.0118907	0.0341899	0	0	0	0	0	0	0	2.94377	-0.20654	0.0646209	0	0	0.839622	0	0	0	0.0827183	-0.0206624	-1.20141
2018-11-21 00:00:00	-16.054	-0.00529147	0.39051	0	0.0025177	-0.0407181	0.113717	0	0	0	0	0	0	0	10.4519	-0.20804	0.0649865	0	0	1.18837	0	0	0	0.0833041	-0.0262911	-4.03903
2018-11-22 00:00:00	-0.702252	-0.00543024	0.315883	0	-0.00504963	-0.00166015	0.00641225	0	0	0	0	0	0	0	-0.360347	-0.208538	0.0651716	0	0	1.38861	0	0	0	0.0838953	-0.030767	0.545928
2018-11-23 00:00:00	-0.302252	-0.101281	0.395411	0	-0.000474426	-6.87174E-05	0.00120222	0	0	0	0	0	0	0	-0.365742	-0.2081	0.0651134	0	0	1.271	0	0	0	0.0838895	-0.0292236	0.809479
2018-11-24 00:00:00	-3.71126	0.083151	0.368504	0	0.00167228	-0.0081652	0.0240712	0	0	0	0	0	0	0	1.77515	-0.208086	0.065133	0	0	1.23728	0	0	0	0.0839342	-0.0280143	-0.316637
2018-11-25 00:00:00	-0.902252	-0.0151737	0.345089	0	-0.0010037	-0.00164642	0.00553959	0	0	0	0	0	0	0	-0.026664	-0.207888	0.0651172	0	0	1.19748	0	0	0	0.0840979	-0.027942	0.51475
2018-11-26 00:00:00	-0.502252	-0.0111097	0.333256	0	-0.000393642	-0.000473154	0.00265345	0	0	0	0	0	0	0	-0.461044	-0.207486	0.0650527	0	0	1.11225	0	0	0	0.0840851	-0.0267876	0.387751
2018-11-27 00:00:00	-7.02252	0.000411803	0.352484	0	0.00241077	-0.0170324	0.0483037	0	0	0	0	0	0	0	4.222	-0.207962	0.0651688	0	0	1.17673	0	0	0	0.084231	-0.0271406	-1.32291
2018-11-28 00:00:00	-6.62252	-0.0119071	0.407974	0	0.00021571	-0.0162998	0.0462666	0	0	0	0	0	0	0	3.68263	-0.208732	0.0653668	0	0	1.32931	0	0	0	0.0846961	-0.0294601	-1.27246
2018-11-29 00:00:00	-12.2405	-0.00849304	0.38687	0	0.0018625	-0.0308692	0.0865752	0	0	0	0	0	0	0	7.35591	-0.210155	0.0657021	0	0	1.58549	0	0	0	0.0853382	-0.0330235	-2.95533
2018-11-30 00:00:00	-9.12927	-0.0023476	0.358473	0	-0.0020135	-0.0230865	0.065655	0	0	0	0	0	0	0	5.25603	-0.211562	0.0660431	0	0	1.84714	0	0	0	0.0861911	-0.0367043	-1.72546
2018-12-01 00:00:00	-0.604504	-0.0138241	0.330719	0	-0.0023756	-0.00115493	0.0046561	0	0	0	0	0	0	0	-0.323685	-0.21173	0.0661092	0	0	1.81988	0	0	0	0.0866227	-0.0368975	1.11381
2018-12-02 00:00:00	-7.94729	-0.00863088	0.345303	0	0.00302445	-0.019431	0.0549195	0	0	0	0	0	0	0	4.40305	-0.212308	0.0662381	0	0	1.79914	0	0	0	0.0869537	-0.0358023	-1.46483
2018-12-03 00:00:00	-0.604504	-0.007581	0.284301	0	-0.00302687	-0.00121741	0.0049215	0	0	0	0	0	0	0	-0.26519	-0.212422	0.0662764	0	0	1.75073	0	0	0	0.0873407	-0.036235	1.0634
2018-12-04 00:00:00	-0.2	-0.0408923	0.240893	0	-0.000371924	-4.24089E-05	0.00138157	0	0	0	0	0	0	0	-0.523102	-0.211983	0.0661904	0	0	1.5751	0	0	0	0.0873339	-0.0342445	0.960267
2018-12-05 00:00:00	-5.83603	0.0240745	0.252695	0	0.0027411	-0.0140542	0.0400937	0	0	0	0	0	0	0	3.11175	-0.212303	0.0662564	0	0	1.54005	0	0	0	0.0875414	-0.0333586	-0.970539
2018-12-06 00:00:00	-1.10676	-0.0105411	0.337824	0	-0.00207733	-0.00226066	0.00765173	0	0	0	0	0	0	0	-0.029018	-0.212359	0.0662783	0	0	1.50766	0	0	0	0.0878582	-0.033072	0.611187
2018-12-07 00:00:00	-7.14278	-0.00647924	0.338217	0	0.00221688	-0.0174246	0.0495116	0	0	0	0	0	0	0	3.94453	-0.212926	0.0664	0	0	1.53425	0	0	0	0.0881016	-0.0328788	-1.38926
2018-12-08 00:00:00	-2.51576	-0.00830112	0.329475	0	-0.00161271	-0.00590557	0.0178474	0	0	0	0	0	0	0	0.959769	-0.213248	0.0664796	0	0	1.5617	0	0	0	0.0885134	-0.0337564	0.245195
2018-12-09 00:00:00	0	-0.248358	0.255504	0	-0.00147781	-0.000202896	0.00187154	0	0	0	0	0	0	0	-0.615944	-0.212913	0.0664178	0	0	1.44689	0	0	0	0.0886088	-0.0323167	0.748076
2018-12-10 00:00:00	-0.2	-0.0184192	0.221391	0	-0.000182863	0	0.0010844	0	0	0	0	0	0	0	-0.388464	-0.212445	0.0663229	0	0	1.31084	0	0	0	0.0885446	-0.030309	0.838359
2018-12-11 00:00:00	0	-0.261605	0.29414	0	-0.00100308	0	0.00116335	0	0	0	0	0	0	0	-0.420509	-0.212075	0.0662481	0	0	1.21222	0	0	0	0.0885331	-0.0282224	0.738892
2018-12-12 00:00:00	0	-0.266674	0.299869	0	-0.000958984	0	0.00139217	0	0	0	0	0	0	0	-0.576154	-0.211637	0.0661598	0	0	1.11449	0	0	0	0.0884871	-0.0266907	0.488284
2018-12-13 00:00:00	0	-0.226609	0.254847	0	-0.0009305	0	0.00103484	0	0	0	0	0	0	0	-0.370051	-0.211176	0.0660694	0	0	1.03164	0	0	0	0.088362	-0.0259401	0.607245
2018-12-14 00:00:00	-0.2	-0.0318597	0.236606	0	-0.000201878	0	0.00130407	0	0	0	0	0	0	0	-0.378781	-0.210758	0.0659882	0	0	0.96737	0	0	0	0.0882892	-0.0247654	0.513192
2018-12-15 00:00:00	-3.52027	0.995247	0.204314	0	0.00513442	-0.00499337	0.0158169	0	0	0	0	0	0	0	1.07886	-0.210678	0.065978	0	0	0.958246	0	0	0	0.0882476	-0.0239793	-0.348072
2018-12-16 00:00:00	-0.344115	-0.0763647	0.277842	0	-0.00164989	-0.000270804	0.00190797	0	0	0	0	0	0	0	-0.307666	-0.210527	0.0659796	0	0	0.962177	0	0	0	0.088228	-0.0246377	0.430903
2018-12-17 00:00:00	-0.00900716	-0.242963	0.266814	0	-0.000574988	0	0.00107792	0	0	0	0	0	0	0	-0.347229	-0.210107	0.0659235	0	0	0.911473	0	0	0	0.0881872	-0.0231066	0.500487
2018-12-18 00:00:00	-0.108086	-0.279059	0.322474	0	-0.00108197	0	0.00138668	0	0	0	0	0	0	0	-0.351284	-0.20974	0.065868	0	0	0.868644	0	0	0	0.0880668	-0.0221834	0.375005
2018-12-19 00:00:00	-0.00450358	-0.25251	0.289224	0	-0.000993925	0	0.0010439	0	0	0	0	0	0	0	-0.409089	-0.209335	0.0657957	0	0	0.830358	0	0	0	0.0879865	-0.0213198	0.376657
2018-12-20 00:00:00	-0.054043	-0.225307	0.262686	0	-0.000906167	0	0.00118825	0	0	0	0	0	0	0	-0.326974	-0.208955	0.0657236	0	0	0.79914	0	0	0	0.087846	-0.0207078	0.379691
2018-12-21 00:00:00	-0.0225179	-0.240877	0.27838	0	-0.000930963	0	0.00123695	0	0	0	0	0	0	0	-0.423015	-0.208559	0.0656419	0	0	0.77223	0	0	0	0.0877506	-0.0202065	0.289133
2018-12-22 00:00:00	-0.0405322	-0.249332	0.288081	0	-0.00100772	0	0.00106326	0	0	0	0	0	0	0	-0.333142	-0.208148	0.0655641	0	0	0.750303	0	0	0	0.0876093	-0.0198119	0.340646
2018-12-23 00:00:00	0	-0.20212	0.247998	0	-0.00112512	0	0.00110353	0	0	0	0	0	0	0	-0.345827	-0.207767	0.0654777	0	0	0.730919	0	0	0	0.0874717	-0.0194952	0.356635
2018-12-24 00:00:00	-0.00450358	-0.0661074	0.176495	0	-0.00183737	0	0.00109591	0	0	0	0	0	0	0	-0.507793	-0.207384	0.065363	0	0	0.712186	0	0	0	0.0873187	-0.0194483	0.235384
2018-12-25 00:00:00	-0.00450358	-0.1069	0.27776	0	-0.00280991	0	0.000712611	0	0	0	0	0	0	0	-0.584346	-0.20693	0.0652717	0	0	0.692091	0	0	0	0.0872761	-0.0190551	0.198566
2018-12-26 00:00:00	0	-0.112184	0.27901	0	-0.00302529	0	0.000860076	0	0	0	0	0	0	0	-0.391479	-0.206445	0.0652075	0	0	0.677848	0	0	0	0.08706	-0.0188534	0.377997
2018-12-27 00:00:00	0	-0.115191	0.285781	0	-0.00294785	0	0.000868988	0	0	0	0	0	0	0	-0.527358	-0.205966	0.0651249	0	0	0.663616	0	0	0	0.0869434	-0.0185633	0.232308
2018-12-28 00:00:00	-0.00900716	-0.0288429	0.273796	0	-0.00363583	0	0.000692583	0	0	0	0	0	0	0	-0.49671	-0.20542	0.0650339	0	0	0.650161	0	0	0	0.0868211	-0.0184114	0.314476
2018-12-29 00:00:00	-0.0900717	0.0189016	0.279363	0	-0.00394451	0	0.000971612	0	0	0	0	0	0	0	-0.584038	-0.205079	0.0649807	0	0	0.63945	0	0	0	0.0866656	-0.0182963	0.188903
2018-12-30 00:00:00	-0.0225179	-0.00073636	0.306648	0	-0.00437685	0	0.000689061	0	0	0	0	0	0	0	-0.58166	-0.204587	0.0648634	0	0	0.627824	0	0	0	0.0865868	-0.0178643	0.254869
2018-12-31 00:00:00	-0.00900716	-0.000616416	0.254953	0	-0.00363831	0	0.000805874	0	0	0	0	0	0	0	-0.617727	-0.204166	0.0647696	0	0	0.617769	0	0	0	0.0864338	-0.0177415	0.171835
2019-01-01 00:00:00	-0.213511	-0.000460964	0.304829	0	-0.00156047	0	0.000991262	0	0	0	0	0	0	0	-0.466289	-0.203281	0.0647687	0	0	0.612386	0	0	0	0.0863048	-0.0176672	0.166511
2019-01-02 00:00:00	0	-0.0044359	0.157973	0	-0.00224824	0	0.000911036	0	0	0	0	0	0	0	-0.482441	-0.202989	0.0646482	0	0	0.608846	0	0	0	0.0862178	-0.0176354	0.208846
2019-01-03 00:00:00	0	-0.00603697	0.214877	0	-0.00275395	0	0.000823385	0	0	0	0	0	0	0	-0.743876	-0.202232	0.0644308	0	0	0.604328	0	0	0	0.0860462	-0.0174759	-0.00187029
2019-01-04 00:00:00	0	-0.00733882	0.260924	0	-0.0029122	0	0.000716131	0	0	0	0	0	0	0	-0.652132	-0.201504	0.064278	0	0	0.598424	0	0	0	0.0859418	-0.017365	0.129031
2019-01-05 00:00:00	0	-0.00697127	0.247809	0	-0.00261131	0	0.00102218	0	0	0	0	0	0	0	-0.546635	-0.201199	0.0642396	0	0	0.593015	0	0	0	0.0857883	-0.0171783	0.21728
2019-01-06 00:00:00	-1.00901	0.626403	0.332017	0	8.61161E-05	0	0.00105765	0	0	0	0	0	0	0	-0.415061	-0.200763	0.0641653	0	0	0.592776	0	0	0	0.0856632	-0.017316	0.0600205
2019-01-07 00:00:00	-0.706755	0.299225	0.360116	0	0.000998289	0	0.00110601	0	0	0	0	0	0	0	-0.392223	-0.199931	0.0640872	0	0	0.597773	0	0	0	0.0855421	-0.0172602	0.092679
2019-01-08 00:00:00	0	-0.265309	0.276155	0	-0.00043569	0	0.00108075	0	0	0	0	0	0	0	-0.489392	-0.19951	0.0639775	0	0	0.600925	0	0	0	0.0854383	-0.0172831	0.0556473
2019-01-09 00:00:00	-0.102252	-0.107245	0.224684	0	-0.000550128	0	0.000924284	0	0	0	0	0	0	0	-0.440175	-0.198841	0.0638049	0	0	0.602083	0	0	0	0.0852659	-0.0175061	0.110193
2019-01-10 00:00:00	0	-0.2976	0.336229	0	-0.000209407	0	0.00122399	0	0	0	0	0	0	0	-0.595753	-0.198202	0.0637422	0	0	0.602443	0	0	0	0.0851532	-0.0173955	-0.0203678
2019-01-11 00:00:00	-0.302252	-0.0124391	0.319408	0	-0.000147659	0	0.000979044	0	0	0	0	0	0	0	-0.402553	-0.1978	0.0636794	0	0	0.602738	0	0	0	0.0850133	-0.0174898	0.139137
2019-01-12 00:00:00	-2.21801	1.41426	0.358412	0	0.006891	0	0.00160628	0	0	0	0	0	0	0	-0.230308	-0.197459	0.0636279	0	0	0.608784	0	0	0	0.0847031	-0.017647	-0.125141
2019-01-13 00:00:00	-2.11576	0.296517	0.371508	0	0.0180773	0	0.00258657	0	0	0	0	0	0	0	0.527009	-0.196925	0.0636215	0	0	0.644356	0	0	0	0.0847115	-0.0178049	-0.322106
2019-01-14 00:00:00	-0.302252	-0.039509	0.333555	0	6.57764E-05	0	0.00116741	0	0	0	0	0	0	0	-0.540325	-0.196693	0.0635122	0	0	0.660853	0	0	0	0.0848113	-0.018079	0.0471068
2019-01-15 00:00:00	-0.102252	-0.194812	0.308943	0	-0.000419736	0	0.000351101	0	0	0	0	0	0	0	-0.101116	-0.196174	0.0633764	0	0	0.651399	0	0	0	0.0844704	-0.0185015	0.495264
2019-01-16 00:00:00	-2.11576	0.214835	0.341029	0	0.0182797	0	0.00341807	0	0	0	0	0	0	0	0.172629	-0.196239	0.0634023	0	0	0.674626	0	0	0	0.0845817	-0.0182767	-0.757479
2019-01-17 00:00:00	-0.102252	-0.172924	0.271002	0	-0.000147679	0	0.00126904	0	0	0	0	0	0	0	-0.343553	-0.195934	0.0633411	0	0	0.688795	0	0	0	0.0845404	-0.018841	0.275295
2019-01-18 00:00:00	0	-0.247461	0.280349	0	-0.000972162	0	0.00118745	0	0	0	0	0	0	0	-0.492799	-0.195472	0.0632687	0	0	0.675356	0	0	0	0.0844332	-0.0188509	0.149039
2019-01-19 00:00:00	0	-0.257568	0.291869	0	-0.00107532	0	0.00063646	0	0	0	0	0	0	0	-0.389686	-0.194865	0.0631969	0	0	0.663809	0	0	0	0.0844204	-0.0184805	0.242257
2019-01-20 00:00:00	0	-0.259485	0.294114	0	-0.0010351	0	0.00125804	0	0	0	0	0	0	0	-0.630975	-0.194373	0.063105	0	0	0.652918	0	0	0	0.0843078	-0.0181206	-0.00828707
2019-01-21 00:00:00	-3.12477	0.901525	0.27178	0	0.00718105	-0.0022562	0.0118181	0	0	0	0	0	0	0	0.869154	-0.194006	0.0630488	0	0	0.67781	0	0	0	0.0841113	-0.0182467	-0.452851
2019-01-22 00:00:00	-0.906756	-0.00985727	0.307005	0	-0.0010902	-0.00165663	0.00575421	0	0	0	0	0	0	0	0.0243888	-0.194009	0.0630338	0	0	0.712693	0	0	0	0.0842795	-0.0189816	0.0648035
2019-01-23 00:00:00	-0.102252	-0.151082	0.252512	0	-0.000523236	-7.44754E-05	0.000623313	0	0	0	0	0	0	0	-0.0824325	-0.19321	0.0629266	0	0	0.699343	0	0	0	0.0842094	-0.0189782	0.551062
2019-01-24 00:00:00	-0.906756	0.144933	0.333562	0	0.000491443	-0.000836229	0.00465669	0	0	0	0	0	0	0	-0.757098	-0.193064	0.0629122	0	0	0.698122	0	0	0	0.0841036	-0.0189934	-0.547966
2019-01-25 00:00:00	-3.42702	-0.00421512	0.449679	0	0.000990971	-0.00746056	0.0220859	0	0	0	0	0	0	0	1.5837	-0.193231	0.0628721	0	0	0.749308	0	0	0	0.0841592	-0.0193573	-0.698485
2019-01-26 00:00:00	-4.03152	-0.00902428	0.459883	0	0.000403823	-0.00917035	0.026724	0	0	0	0	0	0	0	2.08549	-0.193572	0.0629759	0	0	0.837932	0	0	0	0.0843893	-0.0212696	-0.706762
2019-01-27 00:00:00	0	-0.353148	0.378303	0	-0.00251755	-0.000281926	0.00201137	0	0	0	0	0	0	0	-0.537877	-0.193437	0.0629595	0	0	0.860163	0	0	0	0.0845332	-0.0220344	0.278674
2019-01-28 00:00:00	0	-0.276095	0.313275	0	-0.00101161	0	0.00104439	0	0	0	0	0	0	0	-0.401375	-0.193065	0.0628789	0	0	0.820147	0	0	0	0.0844574	-0.0211481	0.389109
2019-01-29 00:00:00	-2.82252	0.613125	0.360954	0	0.00317592	-0.00401871	0.0130121	0	0	0	0	0	0	0	1.00854	-0.192833	0.062849	0	0	0.814335	0	0	0	0.0844226	-0.0209671	-0.0799276
2019-01-30 00:00:00	0	-0.305275	0.324746	0	-0.00204567	-0.000219119	0.00147947	0	0	0	0	0	0	0	-0.389173	-0.192626	0.0628072	0	0	0.815882	0	0	0	0.0844829	-0.0211587	0.3789
2019-01-31 00:00:00	-0.102252	-0.134101	0.256086	0	-0.000616936	0	0.00118972	0	0	0	0	0	0	0	-0.576015	-0.192249	0.0626935	0	0	0.783413	0	0	0	0.0844014	-0.0202811	0.162269
2019-02-01 00:00:00	0	-0.263147	0.298737	0	-0.00107748	0	0.00039996	0	0	0	0	0	0	0	-0.0383036	-0.191687	0.0625477	0	0	0.743693	0	0	0	0.084314	-0.0199311	0.675545
2019-02-02 00:00:00	-1.01351	0.626205	0.324203	0	0.00133562	0	0.00194901	0	0	0	0	0	0	0	-0.901937	-0.191481	0.0624325	0	0	0.733418	0	0	0	0.0841993	-0.0195452	-0.292731
2019-02-03 00:00:00	-1.82252	0.0507605	0.453317	0	0.00180685	-0.00255264	0.00952842	0	0	0	0	0	0	0	0.50507	-0.191245	0.0624103	0	0	0.736293	0	0	0	0.084158	-0.0196638	-0.132636
2019-02-04 00:00:00	-0.609007	-0.0148484	0.453165	0	-0.000782826	-0.000410577	0.00227837	0	0	0	0	0	0	0	-0.225166	-0.191035	0.062255	0	0	0.73947	0	0	0	0.084174	-0.0196242	0.280468
2019-02-05 00:00:00	-3.54278	0.00504053	0.446505	0	0.00139009	-0.00762475	0.0227183	0	0	0	0	0	0	0	1.61346	-0.191174	0.0622726	0	0	0.783013	0	0	0	0.0842179	-0.0197631	-0.742733
2019-02-06 00:00:00	-0.302252	-0.212751	0.522172	0	-0.00188588	-0.000267757	0.00167572	0	0	0	0	0	0	0	-0.332901	-0.190975	0.0622406	0	0	0.80041	0	0	0	0.0842932	-0.0208249	0.408933
2019-02-07 00:00:00	-0.506755	0.0298784	0.475813	0	-0.00014931	0	0.00111031	0	0	0	0	0	0	0	-0.412894	-0.190195	0.0621561	0	0	0.77031	0	0	0	0.0842252	-0.0201989	0.293301
2019-02-08 00:00:00	-3.13828	0.157134	0.586429	0	0.00217051	-0.00538278	0.0171549	0	0	0	0	0	0	0	1.19887	-0.189613	0.0621736	0	0	0.791014	0	0	0	0.0842438	-0.0199247	-0.45401
2019-02-09 00:00:00	-2.93378	-0.00764481	0.576707	0	-6.20912E-06	-0.00595549	0.017942	0	0	0	0	0	0	0	1.24339	-0.189938	0.0622184	0	0	0.847147	0	0	0	0.0843687	-0.0210632	-0.326608
2019-02-10 00:00:00	-0.102252	-0.391158	0.530459	0	-0.00270141	-0.00021014	0.00178892	0	0	0	0	0	0	0	-0.480353	-0.189609	0.0621786	0	0	0.843055	0	0	0	0.0844495	-0.0214883	0.334159
2019-02-11 00:00:00	0	-0.433414	0.492671	0	-0.00174607	0	0.00114089	0	0	0	0	0	0	0	-0.567216	-0.189228	0.0620935	0	0	0.803165	0	0	0	0.0843736	-0.0207989	0.231043
2019-02-12 00:00:00	-0.404504	-0.225796	0.667697	0	-0.00110951	0	0.00100866	0	0	0	0	0	0	0	-0.576215	-0.188701	0.0619759	0	0	0.763755	0	0	0	0.084319	-0.020565	0.161866
2019-02-13 00:00:00	-0.404504	-0.15095	0.596958	0	-0.00108077	0	0.000970407	0	0	0	0	0	0	0	-0.527928	-0.188216	0.0617862	0	0	0.737486	0	0	0	0.0839656	-0.0200245	0.188463
2019-02-14 00:00:00	0	-0.270169	0.630947	0	-0.00642048	0	0.000625382	0	0	0	0	0	0	0	-0.755073	-0.187943	0.0617471	0	0	0.714395	0	0	0	0.0839009	-0.0194709	0.252539
2019-02-15 00:00:00	-0.102252	-0.240349	0.677424	0	-0.00601971	0	0.000236915	0	0	0	0	0	0	0	-0.481983	-0.187542	0.0616749	0	0	0.684372	0	0	0	0.0838466	-0.0191067	0.470303
2019-02-16 00:00:00	-0.102252	-0.0971046	0.670935	0	-0.00724514	0	0.000546048	0	0	0	0	0	0	0	-0.92893	-0.187156	0.0615936	0	0	0.656778	0	0	0	0.0837785	-0.0185425	0.132401
2019-02-17 00:00:00	-0.302252	-0.00339153	0.69968	0	-0.00579942	0	0.000677828	0	0	0	0	0	0	0	-0.669804	-0.186194	0.0615061	0	0	0.629886	0	0	0	0.0836673	-0.0181391	0.289838
2019-02-18 00:00:00	-3.84504	1.77638	0.695672	0	0.0202189	0	0.00285811	0	0	0	0	0	0	0	0.551854	-0.186058	0.0614498	0	0	0.634892	0	0	0	0.0836461	-0.0179844	-0.22211
2019-02-19 00:00:00	-1.61801	-0.00462844	0.723696	0	0.0081177	0	0.00315502	0	0	0	0	0	0	0	0.17128	-0.185983	0.0614514	0	0	0.672991	0	0	0	0.0837626	-0.0184322	-0.102604
2019-02-20 00:00:00	-1.31576	-0.0130805	0.763704	0	0.00156181	0	0.0039004	0	0	0	0	0	0	0	-0.0807982	-0.185713	0.0614123	0	0	0.687562	0	0	0	0.0837893	-0.0185488	-0.0119734
2019-02-21 00:00:00	0	-0.75664	0.844758	0	-0.00281641	0	0.00113511	0	0	0	0	0	0	0	-0.510101	-0.185126	0.0612432	0	0	0.679012	0	0	0	0.0836455	-0.0184342	0.196677
2019-02-22 00:00:00	0	-0.549778	0.885002	0	-0.00640918	0	0.000689891	0	0	0	0	0	0	0	-0.794838	-0.184688	0.0611557	0	0	0.65733	0	0	0	0.0836074	-0.018258	0.133814
2019-02-23 00:00:00	-0.102252	-0.295925	0.805455	0	-0.00725001	0	0.000128065	0	0	0	0	0	0	0	-0.816498	-0.184092	0.0611234	0	0	0.634853	0	0	0	0.0835263	-0.0179924	0.161076
2019-02-24 00:00:00	-0.102252	-0.155486	0.825369	0	-0.00889119	0	0.0003451	0	0	0	0	0	0	0	-0.990792	-0.183414	0.0610372	0	0	0.609786	0	0	0	0.0833807	-0.0175869	0.121497
2019-02-25 00:00:00	0	-0.0118751	1.35503	0	-0.0178278	0	0	0	0	0	0	0	0	0	-1.54008	-0.18288	0.0607682	0	0	0.574613	0	0	0	0.0833213	-0.0170104	0.30406
2019-02-26 00:00:00	-0.102252	-0.0113315	1.43034	0	-0.0137519	0	0	0	0	0	0	0	0	0	-1.48552	-0.18203	0.0605808	0	0	0.530718	0	0	0	0.0832811	-0.0161037	0.293933
2019-02-27 00:00:00	0	-0.00857369	0.97169	0	-0.00416978	0	0	0	0	0	0	0	0	0	-1.262	-0.181567	0.0605211	0	0	0.504433	0	0	0	0.0832005	-0.0156369	0.1479
2019-02-28 00:00:00	-0.102252	-0.0044011	0.638903	0	-0.00025906	0	0	0	0	0	0	0	0	0	-0.817593	-0.180596	0.0603612	0	0	0.493722	0	0	0	0.0830621	-0.0149517	0.155996
2019-03-01 00:00:00	-0.804504	0.00287707	0.841152	0	0.000442506	0	0.000348443	0	0	0	0	0	0	0	-0.581428	-0.1804	0.0601975	0	0	0.498157	0	0	0	0.0829722	-0.0151212	-0.0953066
2019-03-02 00:00:00	-1.91126	0.874493	0.953025	0	3.04654E-05	0	0.000977255	0	0	0	0	0	0	0	-0.352754	-0.180095	0.0601614	0	0	0.508652	0	0	0	0.0828143	-0.0154909	0.0205543
2019-03-03 00:00:00	-5.03153	0.861999	0.83564	0	0.0287183	0	0.00488071	0	0	0	0	0	0	0	1.91259	-0.180273	0.0601869	0	0	0.570206	0	0	0	0.0828885	-0.0160626	-0.870746
2019-03-04 00:00:00	-9.3608	0.0165716	0.828823	0	0.0360609	-0.0131813	0.0437882	0	0	0	0	0	0	0	5.35702	-0.181369	0.0604121	0	0	0.773782	0	0	0	0.0834507	-0.0194189	-2.37486
2019-03-05 00:00:00	-2.31576	-0.00746911	0.815904	0	-0.00229391	-0.00395435	0.0129741	0	0	0	0	0	0	0	0.577644	-0.181922	0.0605375	0	0	0.916651	0	0	0	0.0838836	-0.0226483	-0.0664555
2019-03-06 00:00:00	-10.5698	-0.00485873	0.899129	0	0.00297573	-0.0245544	0.0697011	0	0	0	0	0	0	0	6.11256	-0.183057	0.0607767	0	0	1.07722	0	0	0	0.0842845	-0.0249404	-2.50057
2019-03-07 00:00:00	-5.13378	0.000699462	0.895552	0	-0.00198969	-0.0109382	0.0325564	0	0	0	0	0	0	0	2.30799	-0.184028	0.0609911	0	0	1.24584	0	0	0	0.0849887	-0.0278485	-0.729965
2019-03-08 00:00:00	-4.02702	-0.0112374	0.784209	0	-4.23724E-05	-0.00823562	0.0245854	0	0	0	0	0	0	0	1.7461	-0.18443	0.0610778	0	0	1.28068	0	0	0	0.0853132	-0.0286729	-0.277676
2019-03-09 00:00:00	-1.20901	-0.0104838	0.889104	0	-0.00161955	-0.000725742	0.00399857	0	0	0	0	0	0	0	-0.20686	-0.184315	0.06105	0	0	1.22583	0	0	0	0.0854983	-0.0280734	0.624395
2019-03-10 00:00:00	-4.52927	-0.0018612	0.819457	0	0.00200463	-0.0090998	0.027015	0	0	0	0	0	0	0	2.00775	-0.184566	0.0610943	0	0	1.21293	0	0	0	0.0856257	-0.0273191	-0.536245
2019-03-11 00:00:00	-1.40901	-0.00682051	0.94858	0	-0.00193587	-0.00106225	0.00507544	0	0	0	0	0	0	0	-0.0975762	-0.184491	0.0610744	0	0	1.17858	0	0	0	0.085804	-0.0275723	0.550652
2019-03-12 00:00:00	-24.1595	0.0078277	0.989275	0	0.00728814	-0.0598107	0.167116	0	0	0	0	0	0	0	14.6193	-0.18757	0.0616784	0	0	1.61707	0	0	0	0.0867175	-0.0309561	-6.88158
2019-03-13 00:00:00	-5.17748	-0.00428006	1.09916	0	-0.00558226	-0.010995	0.0335315	0	0	0	0	0	0	0	2.10464	-0.189172	0.0620024	0	0	1.93215	0	0	0	0.0882887	-0.0382249	-0.105962
2019-03-14 00:00:00	-15.155	-0.00388193	1.10723	0	0.00306794	-0.0362929	0.102693	0	0	0	0	0	0	0	8.38648	-0.190978	0.0623597	0	0	2.14542	0	0	0	0.0891411	-0.0390292	-3.52876
2019-03-15 00:00:00	-5.78649	0.00464315	1.07598	0	-0.00309924	-0.0123289	0.0370388	0	0	0	0	0	0	0	2.42218	-0.192008	0.0625809	0	0	2.2748	0	0	0	0.0902778	-0.0414023	-0.0678246
2019-03-16 00:00:00	-20.2964	-0.00702793	0.929716	0	0.00804556	-0.0504067	0.141401	0	0	0	0	0	0	0	11.4909	-0.194452	0.0630614	0	0	2.67254	0	0	0	0.0914233	-0.0444178	-5.19568
2019-03-17 00:00:00	-0.786489	-0.15963	0.967574	0	-0.0107678	-0.00084022	0.00404693	0	0	0	0	0	0	0	-0.350186	-0.195135	0.0631948	0	0	2.73971	0	0	0	0.0927026	-0.0471669	2.31702
2019-03-18 00:00:00	-0.395496	-0.510591	0.984817	0	-0.0023647	0	0.00159269	0	0	0	0	0	0	0	-0.61325	-0.194694	0.0630739	0	0	2.38576	0	0	0	0.092716	-0.0434456	1.76811
2019-03-19 00:00:00	-0.590993	-0.464209	1.22579	0	-0.00375364	0	0.00119647	0	0	0	0	0	0	0	-0.732663	-0.194308	0.0629686	0	0	2.08811	0	0	0	0.0927823	-0.0401697	1.44476
2019-03-20 00:00:00	-0.2	-0.494601	1.33705	0	-0.0115786	0	0.000426524	0	0	0	0	0	0	0	-1.15033	-0.193957	0.0628728	0	0	1.83519	0	0	0	0.0927939	-0.0372795	1.24059
2019-03-21 00:00:00	-0.804504	-0.0559382	1.38867	0	-0.00808284	0	0.000745485	0	0	0	0	0	0	0	-0.896856	-0.193562	0.0627743	0	0	1.60144	0	0	0	0.0927419	-0.0352781	1.15215
2019-03-22 00:00:00	-2.01351	0.621266	1.3483	0	0.000917869	0	0.00126115	0	0	0	0	0	0	0	-0.416987	-0.193254	0.0627047	0	0	1.44475	0	0	0	0.0927725	-0.0323188	0.915908
2019-03-23 00:00:00	0	-0.62601	1.1371	0	-0.0079015	0	0.000855895	0	0	0	0	0	0	0	-0.866575	-0.192881	0.0626238	0	0	1.29519	0	0	0	0.0927105	-0.0302682	0.86484
2019-03-24 00:00:00	-0.502252	-0.00593262	1.11833	0	-0.00622848	0	0.000709957	0	0	0	0	0	0	0	-0.907631	-0.192595	0.0625607	0	0	1.17168	0	0	0	0.0927002	-0.0275353	0.803803
2019-03-25 00:00:00	0	-0.00945852	1.04469	0	-0.0107604	0	0.00033591	0	0	0	0	0	0	0	-1.31291	-0.192246	0.0624833	0	0	1.04633	0	0	0	0.092633	-0.0258987	0.695203
2019-03-26 00:00:00	-0.00450358	-0.00962968	1.17607	0	-0.0112963	0	0	0	0	0	0	0	0	0	-0.810235	-0.191696	0.0623637	0	0	0.899646	0	0	0	0.0924658	-0.0253813	1.17781
2019-03-27 00:00:00	0	-0.0111313	1.22461	0	-5.15113E-05	0	0	0	0	0	0	0	0	0	-1.78748	-0.191598	0.0623387	0	0	0.84093	0	0	0	0.0926393	-0.021927	0.208332
2019-03-28 00:00:00	0	-0.0115451	1.26886	0	8.33305E-05	0	0	0	0	0	0	0	0	0	-1.35596	-0.191229	0.0622616	0	0	0.758978	0	0	0	0.0924639	-0.0204052	0.603508
2019-03-29 00:00:00	0	-0.00372907	1.2691	0	6.5215E-05	0	0	0	0	0	0	0	0	0	-1.33723	-0.190887	0.0621895	0	0	0.691402	0	0	0	0.0923429	-0.0192032	0.564048
2019-03-30 00:00:00	0	0	1.17358	0	0.000156659	0	0.000249913	0	0	0	0	0	0	0	-1.3441	-0.190473	0.0621018	0	0	0.633654	0	0	0	0.092199	-0.0183437	0.409022
2019-03-31 00:00:00	0	0	1.11184	0	0.000177343	0	0.000171758	0	0	0	0	0	0	0	-1.14905	-0.190054	0.062015	0	0	0.591739	0	0	0	0.0919416	-0.0176504	0.501136
2019-04-01 00:00:00	-0.102252	0	1.06924	0	-0.00105642	0	0.000137822	0	0	0	0	0	0	0	-0.496843	-0.189698	0.0619405	0	0	0.563628	0	0	0	0.0920228	-0.0170155	0.980099
2019-04-02 00:00:00	-5.34278	1.66936	1.26959	0	0.00096801	0	0.0046799	0	0	0	0	0	0	0	0.909375	-0.189967	0.0619897	0	0	0.598224	0	0	0	0.0920433	-0.0165577	-0.943075
2019-04-03 00:00:00	-11.7968	0.0430596	1.25074	0	0.0652312	-0.000502555	0.0210925	0	0	0	0	0	0	0	6.46885	-0.191207	0.0622477	0	0	0.837346	0	0	0	0.0924653	-0.0197238	-3.16723
2019-04-04 00:00:00	-4.84053	0.0123051	1.36236	0	-0.00229622	-0.00870662	0.0275182	0	0	0	0	0	0	0	1.81295	-0.191971	0.0624156	0	0	1.05683	0	0	0	0.0929942	-0.0248749	-0.641007
2019-04-05 00:00:00	0	-1.11274	1.442	0	-0.00891583	-0.000170477	0.00152466	0	0	0	0	0	0	0	-0.637163	-0.191768	0.0623773	0	0	1.04313	0	0	0	0.0930703	-0.025557	0.665797
2019-04-06 00:00:00	-0.906755	-0.198477	1.32622	0	-0.00438962	0	0.00128556	0	0	0	0	0	0	0	-0.537208	-0.191427	0.062296	0	0	0.962534	0	0	0	0.0929298	-0.0243193	0.582689
2019-04-07 00:00:00	-0.302252	-0.333751	1.05925	0	-0.0077892	0	0.000683198	0	0	0	0	0	0	0	-0.712618	-0.191098	0.0622174	0	0	0.894437	0	0	0	0.0928567	-0.0227903	0.539144
2019-04-08 00:00:00	0	-0.0219338	1.36881	0	-0.0192516	0	0	0	0	0	0	0	0	0	-1.39607	-0.190769	0.0621401	0	0	0.816039	0	0	0	0.0927593	-0.0212667	0.69046
2019-04-09 00:00:00	0	-0.0114628	1.26335	0	-0.0132028	0	0	0	0	0	0	0	0	0	-1.36652	-0.1904	0.0620555	0	0	0.733722	0	0	0	0.0927181	-0.0199248	0.550336
2019-04-10 00:00:00	-0.102252	-0.0131448	1.58362	0	-0.00935783	0	9.29009E-06	0	0	0	0	0	0	0	-1.57702	-0.189938	0.061957	0	0	0.656122	0	0	0	0.092476	-0.0190252	0.483447
2019-04-11 00:00:00	0	-0.0169836	1.8606	0	-0.00201464	0	0	0	0	0	0	0	0	0	-1.13631	-0.189544	0.0618742	0	0	0.591654	0	0	0	0.0924476	-0.0181005	1.24362
2019-04-12 00:00:00	0	-0.0128477	1.40516	0	0.0011054	0	0	0	0	0	0	0	0	0	-1.94722	-0.189381	0.0618354	0	0	0.551457	0	0	0	0.0925923	-0.0167461	-0.0540516
2019-04-13 00:00:00	0	-0.00338434	1.20134	0	0.000117628	0	0	0	0	0	0	0	0	0	-1.07133	-0.189059	0.0617704	0	0	0.523501	0	0	0	0.0920846	-0.0157544	0.599293
2019-04-14 00:00:00	0	0	1.28641	0	-1.03189E-06	0	0	0	0	0	0	0	0	0	-1.42733	-0.188551	0.0616658	0	0	0.492562	0	0	0	0.0920055	-0.015225	0.30153
2019-04-15 00:00:00	0	0	1.38048	0	-0.00135892	0	0	0	0	0	0	0	0	0	-0.743126	-0.188176	0.0615851	0	0	0.46835	0	0	0	0.091827	-0.0147162	1.05487
2019-04-16 00:00:00	0	0	1.57041	0	-0.000356257	0	0	0	0	0	0	0	0	0	-1.88864	-0.188006	0.0615337	0	0	0.440535	0	0	0	0.0920661	-0.0142975	0.0732507
2019-04-17 00:00:00	0	0	1.65815	0	-0.000414835	0	0	0	0	0	0	0	0	0	-1.52389	-0.187804	0.0614636	0	0	0.415505	0	0	0	0.0915979	-0.0137872	0.50082
2019-04-18 00:00:00	0	0	2.586	0	-0.0014275	0	0	0	0	0	0	0	0	0	-2.36495	-0.187425	0.0613976	0	0	0.374623	0	0	0	0.0914349	-0.0133662	0.546289
2019-04-19 00:00:00	0	0	3.63451	0	-0.000883565	0	0	0	0	0	0	0	0	0	-3.08144	-0.187025	0.0613332	0	0	0.314294	0	0	0	0.0913221	-0.0124302	0.819679
2019-04-20 00:00:00	0	0	3.28204	0	-7.02753E-05	0	0	0	0	0	0	0	0	0	-2.73465	-0.186624	0.0612655	0	0	0.265401	0	0	0	0.0912113	-0.0113804	0.767192
2019-04-21 00:00:00	0	0	2.10991	0	0	0	0	0	0	0	0	0	0	0	-1.77303	-0.186241	0.061193	0	0	0.246422	0	0	0	0.0910776	-0.0106174	0.538711
2019-04-22 00:00:00	0	0	3.62587	0	0	0	0	0	0	0	0	0	0	0	-3.12947	-0.185832	0.0611319	0	0	0.210484	0	0	0	0.0909022	-0.0103288	0.662755
2019-04-23 00:00:00	0	0	1.7137	0	0	0	0	0	0	0	0	0	0	0	-1.46588	-0.185453	0.061055	0	0	0.203761	0	0	0	0.0907511	-0.00976087	0.408174
2019-04-24 00:00:00	0	0	1.58067	0	0	0	0	0	0	0	0	0	0	0	-1.42014	-0.185074	0.0609813	0	0	0.209199	0	0	0	0.0905599	-0.00966809	0.326527
2019-04-25 00:00:00	-2.43603	0.306225	2.08228	0	-8.18615E-11	0	0	0	0	0	0	0	0	0	-0.1261	-0.184795	0.0609157	0	0	0.242679	0	0	0	0.0903593	-0.00974706	0.0257899
2019-04-26 00:00:00	-2.59099	0.46338	2.05806	0	8.9663E-05	0	0	0	0	0	0	0	0	0	-0.295957	-0.184557	0.0608767	0	0	0.267812	0	0	0	0.0899926	-0.0104832	-0.14178
2019-04-27 00:00:00	-10.3099	0.870557	1.96882	0	0.00487394	0	0.00259991	0	0	0	0	0	0	0	4.86815	-0.185352	0.0610035	0	0	0.408765	0	0	0	0.0901873	-0.0118004	-2.23213
2019-04-28 00:00:00	-1.0045	-0.998473	2.17061	0	-2.56366E-05	0	0	0	0	0	0	0	0	0	-0.425654	-0.185424	0.0610099	0	0	0.5129	0	0	0	0.0906274	-0.0146746	0.206388
2019-04-29 00:00:00	-0.195496	-0.638788	2.42932	0	-0.00149162	0	0	0	0	0	0	0	0	0	-1.58829	-0.18508	0.0609358	0	0	0.500085	0	0	0	0.0904014	-0.0149807	0.456612
2019-04-30 00:00:00	0	-0.00291015	2.26609	0	-0.00050098	0	0	0	0	0	0	0	0	0	-2.38314	-0.18457	0.0608385	0	0	0.441888	0	0	0	0.0903286	-0.0145481	0.273481
2019-05-01 00:00:00	-0.8	0	1.89822	0	-0.00103717	0	0	0	0	0	0	0	0	0	-0.549113	-0.184159	0.0607541	0	0	0.42098	0	0	0	0.0900439	-0.0137419	0.921949
2019-05-02 00:00:00	-0.6	0	1.83271	0	-5.00143E-05	0	0	0	0	0	0	0	0	0	-1.55396	-0.183896	0.0607042	0	0	0.404065	0	0	0	0.090293	-0.0134425	0.0364231
2019-05-03 00:00:00	-0.604504	0	1.64222	0	0.000132753	0	0	0	0	0	0	0	0	0	-1.08759	-0.183369	0.0606433	0	0	0.395122	0	0	0	0.0898006	-0.0131553	0.299301
2019-05-04 00:00:00	-0.790993	0	1.74063	0	0.000204957	0	0	0	0	0	0	0	0	0	-1.1133	-0.183031	0.0605724	0	0	0.390367	0	0	0	0.0896347	-0.0128595	0.181224
2019-05-05 00:00:00	0	0	1.56401	0	-0.000629302	0	0	0	0	0	0	0	0	0	-1.57345	-0.182326	0.0605166	0	0	0.373424	0	0	0	0.0894507	-0.0127436	0.318257
2019-05-06 00:00:00	-0.586489	0	1.58462	0	0.000209807	0	0	0	0	0	0	0	0	0	-1.08658	-0.181609	0.0604424	0	0	0.366845	0	0	0	0.0892889	-0.0123862	0.234341
2019-05-07 00:00:00	-4.17298	1.44311	1.81368	0	0.00326959	0	0	0	0	0	0	0	0	0	0.246534	-0.181634	0.0604107	0	0	0.392086	0	0	0	0.0890609	-0.0124144	-0.318881
2019-05-08 00:00:00	-9.34596	0.279382	2.0473	0	0.000191108	0	0.0079875	0	0	0	0	0	0	0	4.57302	-0.182346	0.0605319	0	0	0.522079	0	0	0	0.0893237	-0.014426	-1.96291
2019-05-09 00:00:00	-1.61126	-0.309016	1.9621	0	-6.88089E-05	0	0.00145332	0	0	0	0	0	0	0	-0.441406	-0.182471	0.0605534	0	0	0.619991	0	0	0	0.0895983	-0.0172493	0.172224
2019-05-10 00:00:00	-14.8653	0.36408	2.14415	0	0.0634334	0	0.0303243	0	0	0	0	0	0	0	8.13463	-0.183802	0.0608161	0	0	0.803674	0	0	0	0.0899657	-0.0191775	-3.37721
2019-05-11 00:00:00	-1.17298	-0.90352	2.22359	0	-0.00682152	0	0.00290763	0	0	0	0	0	0	0	-0.538355	-0.184317	0.0609257	0	0	0.944382	0	0	0	0.0905599	-0.0233471	0.493024
2019-05-12 00:00:00	0	-0.832063	3.9642	0	-0.0462057	0	7.18783E-05	0	0	0	0	0	0	0	-2.92537	-0.183847	0.0608312	0	0	0.835887	0	0	0	0.090478	-0.0218627	0.94212
2019-05-13 00:00:00	0	-0.0340006	3.74717	0	-0.0144047	0	0	0	0	0	0	0	0	0	-3.53954	-0.183436	0.0607036	0	0	0.64668	0	0	0	0.0904848	-0.0199956	0.753659
2019-05-14 00:00:00	0	-0.00796158	4.33629	0	-0.00116474	0	0	0	0	0	0	0	0	0	-3.06423	-0.182974	0.0606154	0	0	0.505078	0	0	0	0.090328	-0.0178667	1.71811
2019-05-15 00:00:00	0	0	3.83976	0	0	0	0	0	0	0	0	0	0	0	-3.62076	-0.182693	0.0605579	0	0	0.396379	0	0	0	0.0906871	-0.0149421	0.568986
2019-05-16 00:00:00	0	0	1.9446	0	0	0	0	0	0	0	0	0	0	0	-1.70695	-0.182323	0.0604778	0	0	0.347681	0	0	0	0.0902997	-0.0129259	0.540857
2019-05-17 00:00:00	-0.395496	0	2.00632	0	0	0	0	0	0	0	0	0	0	0	-1.46013	-0.181961	0.0604022	0	0	0.325923	0	0	0	0.0901572	-0.0119558	0.433259
2019-05-18 00:00:00	-3.8045	1.00074	2.41026	0	0.000265898	0	0	0	0	0	0	0	0	0	0.162979	-0.181628	0.0603472	0	0	0.351746	0	0	0	0.0899652	-0.0115915	0.0785803
2019-05-19 00:00:00	-0.2	-1.00074	2.27833	0	-0.000265898	0	0	0	0	0	0	0	0	0	-1.23522	-0.181388	0.060162	0	0	0.356954	0	0	0	0.089798	-0.0120032	0.155626
2019-05-20 00:00:00	0	0	2.06831	0	0	0	0	0	0	0	0	0	0	0	-1.95021	-0.18105	0.0600093	0	0	0.328232	0	0	0	0.0895519	-0.0120969	0.402739
2019-05-21 00:00:00	0	0	2.02319	0	0	0	0	0	0	0	0	0	0	0	-1.94937	-0.180702	0.0599099	0	0	0.300619	0	0	0	0.0893798	-0.0116129	0.33141
2019-05-22 00:00:00	0	0	1.96705	0	0	0	0	0	0	0	0	0	0	0	-1.98055	-0.180351	0.0598432	0	0	0.278187	0	0	0	0.0891965	-0.0111672	0.222208
2019-05-23 00:00:00	0	0	1.852	0	0	0	0	0	0	0	0	0	0	0	-1.78025	-0.180035	0.0597925	0	0	0.26143	0	0	0	0.0890077	-0.010813	0.291133
2019-05-24 00:00:00	0	0	1.93658	0	0	0	0	0	0	0	0	0	0	0	-1.88643	-0.179696	0.0597063	0	0	0.246184	0	0	0	0.0888143	-0.0105496	0.254612
2019-05-25 00:00:00	-3.98649	1.0474	2.54502	0	3.85895E-06	0	0	0	0	0	0	0	0	0	-0.0308951	-0.179365	0.059655	0	0	0.275866	0	0	0	0.0886201	-0.0103081	-0.190496
2019-05-26 00:00:00	-5.82252	0.742341	2.96411	0	0.00208438	0	0	0	0	0	0	0	0	0	1.17313	-0.179502	0.0596715	0	0	0.332113	0	0	0	0.0884664	-0.0109621	-0.651064
2019-05-27 00:00:00	-2.01801	-0.586188	2.62557	0	4.91545E-05	0	0	0	0	0	0	0	0	0	-0.275965	-0.179182	0.0596254	0	0	0.374811	0	0	0	0.0884401	-0.0121387	0.0770056
2019-05-28 00:00:00	-3.39099	0.538693	2.39736	0	0.000476193	0	0	0	0	0	0	0	0	0	0.0502621	-0.178895	0.0595651	0	0	0.400507	0	0	0	0.0882403	-0.0126521	-0.0474355
2019-05-29 00:00:00	-3.00901	-0.0514565	2.49291	0	0.000588249	0	0	0	0	0	0	0	0	0	-0.124133	-0.178627	0.05951	0	0	0.440982	0	0	0	0.088094	-0.0132829	-0.294426
2019-05-30 00:00:00	-12.4585	0.168626	3.04917	0	0.00250223	0	0.00587084	0	0	0	0	0	0	0	6.30725	-0.17961	0.0596558	0	0	0.582515	0	0	0	0.0882553	-0.0154286	-2.38974
2019-05-31 00:00:00	-5.58649	-0.012673	3.13929	0	0.0185313	0	0.00352324	0	0	0	0	0	0	0	1.34484	-0.180204	0.0597995	0	0	0.733879	0	0	0	0.0888166	-0.0188615	-0.409549
2019-06-01 00:00:00	-0.195496	-1.7655	2.94151	0	-0.00994392	0	0.000303873	0	0	0	0	0	0	0	-1.30812	-0.179966	0.0597508	0	0	0.726194	0	0	0	0.0888339	-0.0192945	0.338275
2019-06-02 00:00:00	-0.8	-0.0348188	2.88001	0	-0.010341	0	0	0	0	0	0	0	0	0	-1.99893	-0.179618	0.0596664	0	0	0.642831	0	0	0	0.0886678	-0.0184485	0.629024
2019-06-03 00:00:00	-1.85855	0.0218891	2.79621	0	0.000131395	0	0	0	0	0	0	0	0	0	-1.13239	-0.179089	0.0595613	0	0	0.574766	0	0	0	0.0885285	-0.0174893	0.353573
2019-06-04 00:00:00	-9.34145	1.80612	2.97706	0	0.027762	0	0.00469629	0	0	0	0	0	0	0	3.15039	-0.179555	0.0596332	0	0	0.625422	0	0	0	0.0885297	-0.0168952	-0.798279
2019-06-05 00:00:00	-8.06305	0.0116048	2.9306	0	0.0354574	0	0.0189057	0	0	0	0	0	0	0	3.20732	-0.18027	0.059773	0	0	0.761827	0	0	0	0.0889898	-0.0192402	-1.14808
2019-06-06 00:00:00	-0.195496	-1.71064	2.75566	0	-0.0190371	0	0.00129029	0	0	0	0	0	0	0	-1.08193	-0.18029	0.0597792	0	0	0.796715	0	0	0	0.0891261	-0.0203529	0.494826
2019-06-07 00:00:00	-4.81801	0.599942	4.20308	0	0.000840173	0	0.000564518	0	0	0	0	0	0	0	-0.197871	-0.179929	0.0597034	0	0	0.739412	0	0	0	0.0889467	-0.0195758	0.477098
2019-06-08 00:00:00	-8.57748	1.14726	2.91488	0	0.0197492	-0.00470201	0.0250538	0	0	0	0	0	0	0	2.68145	-0.180212	0.0597504	0	0	0.773971	0	0	0	0.0889996	-0.0195002	-1.07078
2019-06-09 00:00:00	-1	-1.41705	2.80108	0	-0.0104987	-0.000308818	0.00187835	0	0	0	0	0	0	0	-0.782367	-0.180168	0.0597551	0	0	0.808008	0	0	0	0.0891753	-0.0205312	0.348974
2019-06-10 00:00:00	0	-0.454254	2.98875	0	-0.0387882	0	0	0	0	0	0	0	0	0	-2.52771	-0.179616	0.0596327	0	0	0.688971	0	0	0	0.0890771	-0.020062	0.606001
2019-06-11 00:00:00	0	-0.020564	2.30518	0	-0.0185878	0	0	0	0	0	0	0	0	0	-1.47467	-0.179488	0.059541	0	0	0.591605	0	0	0	0.0888456	-0.0185116	1.33335
2019-06-12 00:00:00	-8.21801	1.85869	2.50367	0	0.0414652	0	0.00181528	0	0	0	0	0	0	0	1.82282	-0.179849	0.059635	0	0	0.6476	0	0	0	0.0890483	-0.0170257	-1.39014
2019-06-13 00:00:00	-12.3293	0.0343286	2.71625	0	0.0280913	-0.0184323	0.0561851	0	0	0	0	0	0	0	6.37773	-0.180979	0.0598553	0	0	0.835078	0	0	0	0.0892043	-0.0199111	-2.35187
2019-06-14 00:00:00	0	-1.77506	2.65275	0	-0.0213111	-0.000407745	0.00221431	0	0	0	0	0	0	0	-1.10042	-0.181294	0.0599179	0	0	0.927143	0	0	0	0.0896255	-0.0230073	0.630141
2019-06-15 00:00:00	-0.2	-0.0988206	2.65899	0	-0.0331432	0	0	0	0	0	0	0	0	0	-2.34028	-0.180836	0.059817	0	0	0.795187	0	0	0	0.0895715	-0.021433	0.729047
2019-06-16 00:00:00	-1.6045	-0.0142149	3.12307	0	-0.0109747	0	0	0	0	0	0	0	0	0	-1.55462	-0.180455	0.0597334	0	0	0.694962	0	0	0	0.0894133	-0.0195651	0.582842
2019-06-17 00:00:00	-0.2	-0.0217936	2.62066	0	-0.00307014	0	0	0	0	0	0	0	0	0	-2.25194	-0.179974	0.0596294	0	0	0.590617	0	0	0	0.0891734	-0.0184562	0.68485
2019-06-18 00:00:00	0	-0.0138677	2.48139	0	-0.00195564	0	0	0	0	0	0	0	0	0	-1.51734	-0.179528	0.0595429	0	0	0.508224	0	0	0	0.089376	-0.0168351	1.409
2019-06-19 00:00:00	0	0	2.69386	0	-8.12168E-05	0	0	0	0	0	0	0	0	0	-2.79539	-0.179634	0.0594853	0	0	0.432774	0	0	0	0.0894108	-0.0150296	0.285392
2019-06-20 00:00:00	-2.70676	0.00111668	2.8955	0	4.0091E-05	0	0	0	0	0	0	0	0	0	-0.321848	-0.178993	0.0594142	0	0	0.425351	0	0	0	0.0889831	-0.0136559	0.24915
2019-06-21 00:00:00	0	-0.00111668	2.37944	0	-4.00909E-05	0	0	0	0	0	0	0	0	0	-2.1874	-0.178679	0.0593413	0	0	0.382833	0	0	0	0.0887565	-0.013539	0.529591
2019-06-22 00:00:00	0	0	3.30742	0	0	0	0	0	0	0	0	0	0	0	-2.90838	-0.177798	0.0593008	0	0	0.315837	0	0	0	0.0886003	-0.0125961	0.672384
2019-06-23 00:00:00	0	0	2.94424	0	0	0	0	0	0	0	0	0	0	0	-2.75317	-0.177561	0.0592092	0	0	0.264719	0	0	0	0.0884629	-0.0114162	0.414484
2019-06-24 00:00:00	-0.746776	0.0899807	2.17437	0	-8.76589E-07	0	0	0	0	0	0	0	0	0	-1.54392	-0.177359	0.0591942	0	0	0.248544	0	0	0	0.0882485	-0.0105502	0.181733
2019-06-25 00:00:00	0	-0.0460491	2.34664	0	0	0	0	0	0	0	0	0	0	0	-1.99072	-0.177081	0.0590963	0	0	0.235255	0	0	0	0.0879953	-0.0101996	0.504933
2019-06-26 00:00:00	0	-0.0326246	3.82359	0	0	0	0	0	0	0	0	0	0	0	-3.57141	-0.176626	0.0589491	0	0	0.188794	0	0	0	0.0879022	-0.00993985	0.368638
2019-06-27 00:00:00	0	-0.011307	3.81764	0	0	0	0	0	0	0	0	0	0	0	-2.90717	-0.176429	0.0587973	0	0	0.142699	0	0	0	0.087578	-0.00923472	1.00258
2019-06-28 00:00:00	0	0	4.10416	0	0	0	0	0	0	0	0	0	0	0	-3.76236	-0.175899	0.058599	0	0	0.100646	0	0	0	0.0878063	-0.00861449	0.404335
2019-06-29 00:00:00	-3.77748	0.0796979	3.64992	0	2.96319E-10	0	0	0	0	0	0	0	0	0	-0.0711074	-0.175308	0.0585412	0	0	0.121754	0	0	0	0.0873717	-0.00780713	-0.0344165
2019-06-30 00:00:00	-1.96847	-0.0796979	3.12204	0	0	0	0	0	0	0	0	0	0	0	-1.04537	-0.175111	0.0584714	0	0	0.142313	0	0	0	0.0871165	-0.00822632	0.133065
2019-07-01 00:00:00	-0.813511	0	2.65345	0	0	0	0	0	0	0	0	0	0	0	-1.84644	-0.174463	0.0584133	0	0	0.147666	0	0	0	0.0868636	-0.00860435	0.103383
2019-07-02 00:00:00	0	0	2.26992	0	0	0	0	0	0	0	0	0	0	0	-2.45111	-0.173685	0.0583638	0	0	0.142744	0	0	0	0.0866126	-0.00868298	-0.0758345
2019-07-03 00:00:00	0	0	2.85188	0	0	0	0	0	0	0	0	0	0	0	-2.40068	-0.173046	0.0581574	0	0	0.134174	0	0	0	0.0862699	-0.00855325	0.5482
2019-07-04 00:00:00	-0.395496	0	2.46291	0	0	0	0	0	0	0	0	0	0	0	-2.1796	-0.173073	0.058097	0	0	0.124639	0	0	0	0.0864571	-0.00844245	-0.0245149
2019-07-05 00:00:00	-1.3955	0	2.86701	0	0	0	0	0	0	0	0	0	0	0	-1.51776	-0.172569	0.0578989	0	0	0.131059	0	0	0	0.0859915	-0.00825057	0.0478819
2019-07-06 00:00:00	0	0	2.32665	0	0	0	0	0	0	0	0	0	0	0	-2.26685	-0.171579	0.0578403	0	0	0.12755	0	0	0	0.0857621	-0.00837244	0.151002
2019-07-07 00:00:00	0	0	2.25583	0	0	0	0	0	0	0	0	0	0	0	-2.16644	-0.171554	0.0577667	0	0	0.122389	0	0	0	0.085546	-0.00829631	0.17525
2019-07-08 00:00:00	0	0	2.90141	0	0	0	0	0	0	0	0	0	0	0	-2.74857	-0.171063	0.0576933	0	0	0.109045	0	0	0	0.0853311	-0.00819616	0.225649
2019-07-09 00:00:00	-8.56397	1.81839	3.37453	0	1.03901E-07	0	0	0	0	0	0	0	0	0	2.24087	-0.171283	0.057725	0	0	0.172179	0	0	0	0.0851266	-0.00792879	-0.994357
2019-07-10 00:00:00	-13.564	0.277413	3.69672	0	-5.69272E-06	0	0	0	0	0	0	0	0	0	7.16636	-0.171799	0.0578597	0	0	0.290796	0	0	0	0.0856373	-0.0101167	-2.17111
2019-07-11 00:00:00	-14.5793	0.050955	3.48908	0	0.0700307	-0.00772308	0.0113863	0	0	0	0	0	0	0	7.75266	-0.17301	0.0580896	0	0	0.523688	0	0	0	0.0865791	-0.014141	-2.73173
2019-07-12 00:00:00	-1.37748	-1.6977	3.46434	0	-0.0121915	-0.000530451	0.00151654	0	0	0	0	0	0	0	-0.664653	-0.173158	0.0581158	0	0	0.624381	0	0	0	0.0870664	-0.0175323	0.292173
2019-07-13 00:00:00	-5.35496	1.40813	3.42243	0	0.00788347	0	0.000479269	0	0	0	0	0	0	0	0.275605	-0.17303	0.0580407	0	0	0.598919	0	0	0	0.0868492	-0.0174028	0.312935
2019-07-14 00:00:00	-0.195496	-1.82827	3.15335	0	-0.0230856	0	0.000126375	0	0	0	0	0	0	0	-1.37905	-0.172453	0.05797	0	0	0.563739	0	0	0	0.0868931	-0.0169582	0.24677
2019-07-15 00:00:00	0	-0.0232891	3.43245	0	-0.0394851	0	0	0	0	0	0	0	0	0	-3.07408	-0.172168	0.0578498	0	0	0.477103	0	0	0	0.0864726	-0.0162892	0.728567
2019-07-16 00:00:00	-0.790993	-0.00340321	3.12994	0	-0.00306005	0	0	0	0	0	0	0	0	0	-2.09764	-0.171875	0.0577893	0	0	0.417386	0	0	0	0.0863615	-0.014496	0.610018
2019-07-17 00:00:00	-3.17748	-0.000830285	3.43421	0	1.05029E-05	0	0	0	0	0	0	0	0	0	-0.420985	-0.171665	0.0577266	0	0	0.408999	0	0	0	0.0861927	-0.0134483	0.20273
2019-07-18 00:00:00	-0.595496	-0.00138147	2.79262	0	-1.05029E-05	0	0	0	0	0	0	0	0	0	-2.07882	-0.171136	0.0576618	0	0	0.372654	0	0	0	0.0859629	-0.0133086	0.448742
2019-07-19 00:00:00	-0.225179	0.0655431	2.59213	0	7.92279E-08	0	0	0	0	0	0	0	0	0	-2.51281	-0.170803	0.0576174	0	0	0.333454	0	0	0	0.085764	-0.012311	0.213409
2019-07-20 00:00:00	-3.20901	0.00885112	3.34569	0	1.83142E-07	0	0	0	0	0	0	0	0	0	-0.295167	-0.170484	0.0574846	0	0	0.327261	0	0	0	0.0855078	-0.0115963	0.138538
2019-07-21 00:00:00	-5.71576	1.9885	3.27962	0	0.000307515	0	0	0	0	0	0	0	0	0	0.161531	-0.170184	0.0574616	0	0	0.345475	0	0	0	0.0852792	-0.0118164	0.0204094
2019-07-22 00:00:00	-0.702252	-2.0371	3.59426	0	-0.000307649	0	0	0	0	0	0	0	0	0	-1.00735	-0.169897	0.0574025	0	0	0.360224	0	0	0	0.0851053	-0.0121489	0.167938
2019-07-23 00:00:00	0	-0.0218838	2.89839	0	0	0	0	0	0	0	0	0	0	0	-2.43552	-0.169321	0.0572899	0	0	0.308017	0	0	0	0.0849248	-0.012105	0.709789
2019-07-24 00:00:00	-8.52477	1.92588	3.78551	0	0.00245404	0	0	0	0	0	0	0	0	0	1.53977	-0.169238	0.0573168	0	0	0.362379	0	0	0	0.0849383	-0.0113129	-0.947066
2019-07-25 00:00:00	-0.502252	-1.92603	4.51771	0	-0.00245679	0	0	0	0	0	0	0	0	0	-2.05163	-0.168958	0.0572452	0	0	0.359121	0	0	0	0.0847265	-0.012223	0.355252
2019-07-26 00:00:00	-0.702252	-0.0037773	2.96964	0	0	0	0	0	0	0	0	0	0	0	-2.15652	-0.168326	0.0570976	0	0	0.304453	0	0	0	0.0846054	-0.0118791	0.373041
2019-07-27 00:00:00	-25.8766	2.26237	2.9818	0	0.0741005	-0.0227589	0.062758	0	0	0	0	0	0	0	15.2179	-0.169419	0.0573857	0	0	0.554029	0	0	0	0.0851952	-0.0139532	-4.78713
2019-07-28 00:00:00	-0.2	-2.19496	3.54658	0	-0.0304328	-0.000743264	0.00207604	0	0	0	0	0	0	0	-1.43796	-0.169985	0.0575243	0	0	0.779387	0	0	0	0.0862147	-0.0200306	0.417676
2019-07-29 00:00:00	0	-0.0231304	2.92143	0	-0.0380242	0	0	0	0	0	0	0	0	0	-2.67545	-0.169612	0.0574477	0	0	0.67111	0	0	0	0.086058	-0.0189644	0.810859
2019-07-30 00:00:00	-0.4	-0.0219561	3.07975	0	-0.00568639	0	0	0	0	0	0	0	0	0	-2.67758	-0.169523	0.057335	0	0	0.540624	0	0	0	0.0859468	-0.0177677	0.471134
2019-07-31 00:00:00	-5.01351	1.37816	3.49372	0	0.0006539	0	0	0	0	0	0	0	0	0	0.111107	-0.168958	0.0572917	0	0	0.525566	0	0	0	0.08592	-0.015804	0.454146
2019-08-01 00:00:00	0	-1.39235	3.09852	0	-0.000967867	0	0	0	0	0	0	0	0	0	-1.6773	-0.168704	0.0572351	0	0	0.500392	0	0	0	0.0855422	-0.0152931	0.487075
2019-08-02 00:00:00	0	-0.00813823	2.59065	0	-1.50365E-05	0	0	0	0	0	0	0	0	0	-2.05069	-0.168097	0.0571267	0	0	0.413043	0	0	0	0.0853889	-0.0145555	0.904707
2019-08-03 00:00:00	-6.92477	2.03217	3.40991	0	0.00136155	0	0	0	0	0	0	0	0	0	0.611756	-0.168334	0.0571136	0	0	0.437688	0	0	0	0.0854274	-0.0133947	-0.471072
2019-08-04 00:00:00	-2.40901	-0.775451	3.27492	0	8.61842E-05	0	0	0	0	0	0	0	0	0	-0.397206	-0.167557	0.0570629	0	0	0.444518	0	0	0	0.0850713	-0.0138007	0.0986386
2019-08-05 00:00:00	-0.502252	-1.25612	3.03511	0	-0.00140807	0	0	0	0	0	0	0	0	0	-1.42736	-0.167062	0.0569905	0	0	0.431389	0	0	0	0.0848719	-0.0138538	0.240304
2019-08-06 00:00:00	-6.22252	2.07658	3.10839	0	0.00133674	0	0	0	0	0	0	0	0	0	0.694056	-0.166755	0.0569292	0	0	0.441151	0	0	0	0.0846626	-0.0135307	0.0602987
2019-08-07 00:00:00	-14.3518	0.294754	3.01337	0	0.0693367	-0.0132472	0.0290681	0	0	0	0	0	0	0	7.84262	-0.167424	0.0567136	0	0	0.594447	0	0	0	0.0848992	-0.0157663	-2.56302
2019-08-08 00:00:00	-0.2	-2.19787	3.07965	0	-0.0181798	-0.000482718	0.00229773	0	0	0	0	0	0	0	-1.08484	-0.167454	0.0568679	0	0	0.707917	0	0	0	0.08528	-0.0189554	0.244231
2019-08-09 00:00:00	-15.1563	2.245	3.19881	0	0.0173335	-0.0223717	0.0634645	0	0	0	0	0	0	0	7.02966	-0.167753	0.0569517	0	0	0.779352	0	0	0	0.0853998	-0.0195596	-1.89002
2019-08-10 00:00:00	-8.83152	-0.0368951	3.05275	0	-0.000296687	-0.0152525	0.0432783	0	0	0	0	0	0	0	3.85113	-0.168312	0.0571091	0	0	0.963435	0	0	0	0.0859829	-0.0234408	-1.02204
2019-08-11 00:00:00	-29.4058	0.052589	2.88702	0	0.00285272	-0.0686431	0.191119	0	0	0	0	0	0	0	18.7907	-0.170092	0.0575296	0	0	1.36661	0	0	0	0.0872902	-0.0292143	-6.23804
2019-08-12 00:00:00	-2.20901	-0.391559	2.60379	0	-0.00654482	-0.00108357	0.00475269	0	0	0	0	0	0	0	-0.516905	-0.170904	0.0577603	0	0	1.62031	0	0	0	0.0885118	-0.0343774	1.04475
2019-08-13 00:00:00	-1.50676	-0.857822	2.47385	0	-0.00325018	0	0.00141127	0	0	0	0	0	0	0	-0.562901	-0.170551	0.0577039	0	0	1.4373	0	0	0	0.0883875	-0.0317803	0.92559
2019-08-14 00:00:00	-0.502252	-1.0749	2.58034	0	-0.0177072	0	0.000327374	0	0	0	0	0	0	0	-1.1624	-0.170215	0.0576393	0	0	1.25645	0	0	0	0.0883134	-0.0291179	1.02648
2019-08-15 00:00:00	-1.0045	-0.0542106	2.74647	0	-0.0220531	0	0	0	0	0	0	0	0	0	-2.11931	-0.169755	0.0575446	0	0	1.04791	0	0	0	0.08824	-0.0274645	0.542873
2019-08-16 00:00:00	-0.702252	-0.0162662	2.90202	0	-0.0160943	0	0	0	0	0	0	0	0	0	-1.84797	-0.169557	0.0575039	0	0	0.946944	0	0	0	0.0880656	-0.0246246	1.21777
2019-08-17 00:00:00	-2.20901	-0.00418586	2.83754	0	-0.0017339	0	0	0	0	0	0	0	0	0	-0.436554	-0.169031	0.0574071	0	0	0.812413	0	0	0	0.0879872	-0.0225122	0.952325
2019-08-18 00:00:00	-0.902252	-0.0131529	2.66734	0	-0.00272749	0	0	0	0	0	0	0	0	0	-2.15593	-0.1689	0.057378	0	0	0.752569	0	0	0	0.0878611	-0.0203017	0.301889
2019-08-19 00:00:00	-0.502252	-0.01522	2.61673	0	-0.00110138	0	0	0	0	0	0	0	0	0	-2.03632	-0.168575	0.0573108	0	0	0.661874	0	0	0	0.08763	-0.0186222	0.681453
2019-08-20 00:00:00	-0.902252	-0.00744869	2.47915	0	-0.000181302	0	0	0	0	0	0	0	0	0	-1.7081	-0.168044	0.0572021	0	0	0.56327	0	0	0	0.0874805	-0.0177051	0.383375
2019-08-21 00:00:00	-2.10676	0	2.48307	0	-0.000478269	0	0	0	0	0	0	0	0	0	0.0707639	-0.167707	0.0571347	0	0	0.538521	0	0	0	0.087357	-0.0163928	0.945513
2019-08-22 00:00:00	-0.302252	0	2.59346	0	-0.000382608	0	0	0	0	0	0	0	0	0	-2.6533	-0.167541	0.057103	0	0	0.49406	0	0	0	0.0871841	-0.0156026	0.0927265
2019-08-23 00:00:00	0	0	2.73084	0	-1.92618E-05	0	0	0	0	0	0	0	0	0	-2.55498	-0.16696	0.0570175	0	0	0.425427	0	0	0	0.0869011	-0.0143406	0.563892
2019-08-24 00:00:00	0	0	2.96889	0	0	0	0	0	0	0	0	0	0	0	-2.68333	-0.166537	0.0569385	0	0	0.362977	0	0	0	0.0867433	-0.0130443	0.612638
2019-08-25 00:00:00	0	0	2.70363	0	0	0	0	0	0	0	0	0	0	0	-2.20623	-0.166029	0.0568462	0	0	0.304038	0	0	0	0.086583	-0.0120578	0.766781
2019-08-26 00:00:00	0	0	2.35079	0	0	0	0	0	0	0	0	0	0	0	-2.33835	-0.16556	0.0567634	0	0	0.271764	0	0	0	0.0865435	-0.0113375	0.25062
2019-08-27 00:00:00	-0.502252	0	3.22191	0	0	0	0	0	0	0	0	0	0	0	-2.52139	-0.165195	0.0566948	0	0	0.2408	0	0	0	0.0859736	-0.0108297	0.405717
2019-08-28 00:00:00	0	0	2.17045	0	0	0	0	0	0	0	0	0	0	0	-2.0302	-0.164879	0.0566443	0	0	0.225911	0	0	0	0.0856152	-0.010243	0.333305
2019-08-29 00:00:00	-4.51576	1.9325	2.37548	0	2.32994E-09	0	0	0	0	0	0	0	0	0	-0.286883	-0.164633	0.056461	0	0	0.251091	0	0	0	0.0855046	-0.0101059	-0.276354
2019-08-30 00:00:00	-1.0045	-1.50969	2.62808	0	9.60816E-08	0	0	0	0	0	0	0	0	0	-0.273593	-0.164309	0.0563932	0	0	0.270682	0	0	0	0.0844835	-0.0106251	0.0769177
2019-08-31 00:00:00	-1.90676	-0.185015	2.44704	0	0	0	0	0	0	0	0	0	0	0	-0.669802	-0.164036	0.0561228	0	0	0.291711	0	0	0	0.0843915	-0.0109869	-0.0573257
2019-09-01 00:00:00	-0.302252	-0.237794	2.10237	0	0	0	0	0	0	0	0	0	0	0	-1.62733	-0.163714	0.0561154	0	0	0.294279	0	0	0	0.084159	-0.0111835	0.194647
2019-09-02 00:00:00	-3.11576	0.731042	2.30042	0	5.5994E-09	0	0	0	0	0	0	0	0	0	-0.271698	-0.163197	0.0560273	0	0	0.312359	0	0	0	0.0839767	-0.0110824	-0.0779129
2019-09-03 00:00:00	-7.44053	1.83026	2.42866	0	4.00386E-05	0	0	0	0	0	0	0	0	0	2.11406	-0.163313	0.0559886	0	0	0.35369	0	0	0	0.0837716	-0.0117324	-0.749118
2019-09-04 00:00:00	-4.52477	-0.0115619	2.15314	0	0.00205439	0	0	0	0	0	0	0	0	0	1.56214	-0.16345	0.0560379	0	0	0.444451	0	0	0	0.0837104	-0.0135283	-0.411771
2019-09-05 00:00:00	0	-1.85444	2.03942	0	-5.9578E-09	0	0	0	0	0	0	0	0	0	-0.605803	-0.16316	0.055975	0	0	0.474053	0	0	0	0.0836764	-0.0143789	0.0153365
2019-09-06 00:00:00	-1.30676	-0.509031	2.22434	0	-0.00065338	0	0	0	0	0	0	0	0	0	-0.23349	-0.162715	0.0558874	0	0	0.464025	0	0	0	0.0833555	-0.0144249	0.600541
2019-09-07 00:00:00	0	-0.154965	1.86003	0	-0.00142573	0	0	0	0	0	0	0	0	0	-2.05742	-0.162439	0.0558487	0	0	0.437286	0	0	0	0.0832781	-0.0141311	0.046059
2019-09-08 00:00:00	-0.502252	-0.0130322	2.36683	0	0	0	0	0	0	0	0	0	0	0	-1.82632	-0.161771	0.0557882	0	0	0.399661	0	0	0	0.0829334	-0.0134136	0.388423
2019-09-09 00:00:00	-12.2676	2.64939	2.16552	0	0.00850864	0	0.001255	0	0	0	0	0	0	0	5.19659	-0.162205	0.0558858	0	0	0.481096	0	0	0	0.082897	-0.0136243	-1.80224
2019-09-10 00:00:00	-2.61351	-0.0616998	2.13062	0	0.00185858	0	0.000293555	0	0	0	0	0	0	0	0.101336	-0.162275	0.0559208	0	0	0.579343	0	0	0	0.0830948	-0.0164973	0.0984806
2019-09-11 00:00:00	-3.52027	0.0801211	2.20345	0	0.00515701	0	0.000762454	0	0	0	0	0	0	0	0.525647	-0.162135	0.0559039	0	0	0.591851	0	0	0	0.0828922	-0.016866	-0.153485
2019-09-12 00:00:00	-4.32477	-0.0394662	1.9612	0	0.0210399	0	0.00384887	0	0	0	0	0	0	0	1.48641	-0.162114	0.0559098	0	0	0.624223	0	0	0	0.0828221	-0.0174604	-0.30835
2019-09-13 00:00:00	0	-1.64327	1.82011	0	-0.00564263	0	0.0014054	0	0	0	0	0	0	0	-0.487838	-0.161876	0.0558742	0	0	0.626339	0	0	0	0.0827729	-0.0178095	0.270067
2019-09-14 00:00:00	-0.804504	-0.781684	1.918	0	-0.00535153	0	0.00051326	0	0	0	0	0	0	0	-0.789703	-0.161572	0.0558137	0	0	0.595115	0	0	0	0.0826092	-0.0174896	0.0917472
2019-09-15 00:00:00	0	-0.162935	1.75601	0	-0.00957098	0	0	0	0	0	0	0	0	0	-1.54153	-0.161304	0.055767	0	0	0.55352	0	0	0	0.0823813	-0.0166001	0.555737
2019-09-16 00:00:00	-0.2	-0.0122315	1.90814	0	-0.00545142	0	0	0	0	0	0	0	0	0	-1.85277	-0.160938	0.0556268	0	0	0.482835	0	0	0	0.0822841	-0.0158642	0.281633
2019-09-17 00:00:00	0	-0.0112249	1.57054	0	-0.00637021	0	0	0	0	0	0	0	0	0	-1.05556	-0.160274	0.0555234	0	0	0.442168	0	0	0	0.0823063	-0.0146896	0.902418
2019-09-18 00:00:00	0	-0.0118217	1.6366	0	-0.00272827	0	0	0	0	0	0	0	0	0	-1.90744	-0.159924	0.0554706	0	0	0.406486	0	0	0	0.08231	-0.0139	0.0850485
2019-09-19 00:00:00	0	-0.0145855	1.97905	0	-0.00118422	0	0	0	0	0	0	0	0	0	-1.88352	-0.159634	0.0554083	0	0	0.368042	0	0	0	0.0818894	-0.0132835	0.412182
2019-09-20 00:00:00	0	-0.00884951	1.95138	0	-0.000113768	0	0	0	0	0	0	0	0	0	-2.08983	-0.15867	0.0553372	0	0	0.334774	0	0	0	0.0817624	-0.0123887	0.1534
2019-09-21 00:00:00	0	0	1.74744	0	-4.65106E-05	0	0	0	0	0	0	0	0	0	-1.87669	-0.158477	0.0552695	0	0	0.310456	0	0	0	0.0816102	-0.0117859	0.147781
2019-09-22 00:00:00	-4.82702	2.63298	1.7759	0	0.000373114	0	0	0	0	0	0	0	0	0	-0.321261	-0.158248	0.055228	0	0	0.329087	0	0	0	0.0814164	-0.0114191	-0.442972
2019-09-23 00:00:00	-0.604504	-1.18504	1.86867	0	0.000670801	0	0	0	0	0	0	0	0	0	-0.305691	-0.157772	0.0551881	0	0	0.34701	0	0	0	0.0811095	-0.0118633	0.087783
2019-09-24 00:00:00	-10.054	1.30009	1.93466	0	0.0250119	0	0.00188485	0	0	0	0	0	0	0	4.89445	-0.157809	0.0552688	0	0	0.4409	0	0	0	0.0810553	-0.013071	-1.4916
2019-09-25 00:00:00	-4.52477	-0.0426761	1.71902	0	0.028699	0	0.00538892	0	0	0	0	0	0	0	1.80866	-0.158036	0.0553504	0	0	0.580989	0	0	0	0.0811773	-0.0160775	-0.46227
2019-09-26 00:00:00	-2.71576	0.0425567	1.7451	0	0.00470126	-0.00161638	0.00472814	0	0	0	0	0	0	0	0.278613	-0.157874	0.0553495	0	0	0.613227	0	0	0	0.0810934	-0.0173644	-0.0672512
2019-09-27 00:00:00	-11.6631	0.00541072	1.5306	0	0.011013	-0.0260222	0.0685861	0	0	0	0	0	0	0	7.16305	-0.158444	0.0555134	0	0	0.751406	0	0	0	0.0812093	-0.0189558	-2.19968
2019-09-28 00:00:00	-0.2	-1.13111	1.44276	0	-0.00708314	-0.00054002	0.00272722	0	0	0	0	0	0	0	-0.46983	-0.158576	0.0555933	0	0	0.843207	0	0	0	0.0814055	-0.0213597	0.437193
2019-09-29 00:00:00	-1.80901	0.308558	1.481	0	0.000435718	0	0.00107868	0	0	0	0	0	0	0	-0.294715	-0.158272	0.0555458	0	0	0.786486	0	0	0	0.0812684	-0.0204727	0.431903
2019-09-30 00:00:00	-0.502252	-0.77726	1.35171	0	-0.0022003	0	0.00111841	0	0	0	0	0	0	0	-0.427401	-0.157985	0.0554935	0	0	0.737075	0	0	0	0.0811455	-0.0196339	0.339807
2019-10-01 00:00:00	-8.13695	1.60287	1.23047	0	0.00799343	-0.0131598	0.0362456	0	0	0	0	0	0	0	3.58542	-0.158143	0.0555367	0	0	0.7688	0	0	0	0.081074	-0.0195111	-0.959359
2019-10-02 00:00:00	-0.2	-1.09269	1.39963	0	-0.00606349	-0.000426263	0.00244541	0	0	0	0	0	0	0	-0.482292	-0.158135	0.0555445	0	0	0.8071	0	0	0	0.0811397	-0.0206425	0.385611
2019-10-03 00:00:00	-15.1099	1.09543	1.10102	0	0.00797325	-0.0332321	0.0921801	0	0	0	0	0	0	0	9.02223	-0.158954	0.0557348	0	0	0.952145	0	0	0	0.0813017	-0.0223102	-2.91641
2019-10-04 00:00:00	-2.38649	-0.0273339	1.35701	0	-0.00381295	-0.00340577	0.010394	0	0	0	0	0	0	0	0.366097	-0.159389	0.0558486	0	0	1.08656	0	0	0	0.0816778	-0.0260398	0.351121
2019-10-05 00:00:00	-3.58649	0.00295507	1.32704	0	0.000498819	-0.00590645	0.0171123	0	0	0	0	0	0	0	1.19788	-0.159359	0.0558562	0	0	1.04751	0	0	0	0.0816598	-0.0254636	-0.0467073
2019-10-06 00:00:00	-32.2739	0.0209052	1.15613	0	0.00857316	-0.0813326	0.225214	0	0	0	0	0	0	0	21.3011	-0.1623	0.0564909	0	0	1.57518	0	0	0	0.0825453	-0.0303046	-8.12171
2019-10-07 00:00:00	-0.2	-1.05692	1.35974	0	-0.0132066	-0.00111023	0.00553601	0	0	0	0	0	0	0	-0.33389	-0.163598	0.0567747	0	0	1.88586	0	0	0	0.0836667	-0.0374184	1.58542
2019-10-08 00:00:00	-2.47973	0.944452	1.29169	0	0.00329331	-3.59158E-05	0.00180918	0	0	0	0	0	0	0	-0.329026	-0.163253	0.0567251	0	0	1.66106	0	0	0	0.0835985	-0.0349237	1.03566
2019-10-09 00:00:00	-5.17298	0.111193	1.07883	0	0.00182673	-0.0106183	0.0294036	0	0	0	0	0	0	0	2.27537	-0.163441	0.056762	0	0	1.55037	0	0	0	0.0836888	-0.0333001	-0.192887
2019-10-10 00:00:00	-18.1234	-0.0014481	1.2133	0	0.00401142	-0.0443003	0.123047	0	0	0	0	0	0	0	10.8107	-0.165609	0.0571628	0	0	1.78068	0	0	0	0.084556	-0.0347627	-4.2961
2019-10-11 00:00:00	-0.413511	-0.734994	1.21474	0	-0.00809607	-0.000773081	0.00409177	0	0	0	0	0	0	0	-0.354868	-0.166341	0.0573063	0	0	1.84106	0	0	0	0.0854511	-0.0367837	1.48728
2019-10-12 00:00:00	-0.2	-0.771652	1.06268	0	-0.00272304	0	0.00115035	0	0	0	0	0	0	0	-0.499931	-0.165946	0.057234	0	0	1.60335	0	0	0	0.0853577	-0.0346022	1.13492
2019-10-13 00:00:00	-8.97748	1.50247	1.00615	0	0.00864458	-0.0160722	0.0448817	0	0	0	0	0	0	0	3.78662	-0.166399	0.0573232	0	0	1.54756	0	0	0	0.0854887	-0.0329455	-1.15377
2019-10-14 00:00:00	-0.00450358	-0.865291	0.951615	0	-0.00635551	-0.000473796	0.00264777	0	0	0	0	0	0	0	-0.378211	-0.166592	0.0573596	0	0	1.48762	0	0	0	0.0858857	-0.0327571	1.13095
2019-10-15 00:00:00	-0.195496	-0.703736	0.981688	0	-0.00246068	0	0.00131383	0	0	0	0	0	0	0	-0.564582	-0.166284	0.057302	0	0	1.3288	0	0	0	0.0858245	-0.0299646	0.792404
2019-10-16 00:00:00	-0.790993	-0.185774	0.996288	0	-0.000659409	0	0.00121481	0	0	0	0	0	0	0	-0.4331	-0.165972	0.0572426	0	0	1.19297	0	0	0	0.0857352	-0.0279711	0.72898
2019-10-17 00:00:00	-0.4	-0.518616	0.984547	0	-0.00179407	0	0.0013061	0	0	0	0	0	0	0	-0.459547	-0.165705	0.0571918	0	0	1.08997	0	0	0	0.0856038	-0.0263474	0.646609
2019-10-18 00:00:00	-1.4045	0.420877	0.953764	0	0.00066405	0	0.000934496	0	0	0	0	0	0	0	-0.398222	-0.165416	0.057137	0	0	0.99745	0	0	0	0.0855093	-0.0249798	0.523214
2019-10-19 00:00:00	-18.6135	1.86232	0.949789	0	0.0127728	-0.04008	0.110598	0	0	0	0	0	0	0	10.1168	-0.167074	0.057462	0	0	1.19083	0	0	0	0.0859309	-0.0261151	-4.46029
2019-10-20 00:00:00	0	-0.829289	0.905156	0	-0.00834514	-0.000789178	0.00392024	0	0	0	0	0	0	0	-0.385705	-0.167917	0.0576379	0	0	1.35938	0	0	0	0.0868342	-0.0299518	0.990926
2019-10-21 00:00:00	0	-0.73165	0.818338	0	-0.00254226	0	0.00141003	0	0	0	0	0	0	0	-0.484153	-0.167482	0.0575586	0	0	1.20385	0	0	0	0.0867034	-0.0284089	0.753627
2019-10-22 00:00:00	0	-0.816104	0.912888	0	-0.0028568	0	0.00124056	0	0	0	0	0	0	0	-0.489325	-0.167255	0.0575142	0	0	1.10625	0	0	0	0.0865409	-0.0265853	0.662303
2019-10-23 00:00:00	0	-0.312885	0.880139	0	-0.00837795	0	0.000274273	0	0	0	0	0	0	0	-0.771713	-0.166945	0.0574499	0	0	0.991662	0	0	0	0.0864233	-0.025155	0.730872
2019-10-24 00:00:00	-2.58199	1.56187	0.851141	0	0.00458803	0	0.00111387	0	0	0	0	0	0	0	-0.226407	-0.166722	0.0574047	0	0	0.916771	0	0	0	0.0863096	-0.0231471	0.480941
2019-10-25 00:00:00	-0.404504	-0.216297	0.624051	0	-0.000173917	0	0.00113741	0	0	0	0	0	0	0	-0.307432	-0.166438	0.0573516	0	0	0.853913	0	0	0	0.086181	-0.0215836	0.506207
2019-10-26 00:00:00	-0.404504	-0.253861	0.688619	0	-0.000963664	0	0.00117033	0	0	0	0	0	0	0	-0.330951	-0.16616	0.0572988	0	0	0.799604	0	0	0	0.0860235	-0.0205484	0.455728
2019-10-27 00:00:00	0	-0.662014	0.743629	0	-0.00231423	0	0.00124332	0	0	0	0	0	0	0	-0.429478	-0.165882	0.057246	0	0	0.752896	0	0	0	0.0858611	-0.0197485	0.361439
2019-10-28 00:00:00	-0.195496	-0.268049	0.63185	0	-0.00281024	0	0.000731224	0	0	0	0	0	0	0	-0.434325	-0.165568	0.0571777	0	0	0.709795	0	0	0	0.0856989	-0.0191351	0.399869
2019-10-29 00:00:00	-3.20901	2.29271	0.620954	0	0.00731206	0	0.00120134	0	0	0	0	0	0	0	-0.0889878	-0.165333	0.0571321	0	0	0.683342	0	0	0	0.0855006	-0.0185452	0.266279
2019-10-30 00:00:00	-0.00450358	-0.557005	0.605369	0	-0.00134655	0	0.00104037	0	0	0	0	0	0	0	-0.331155	-0.165034	0.0570774	0	0	0.66082	0	0	0	0.0853221	-0.0182571	0.332327
2019-10-31 00:00:00	-1.6045	0.695987	0.625475	0	0.0029734	0	0.00158904	0	0	0	0	0	0	0	-0.105013	-0.1648	0.0570347	0	0	0.642585	0	0	0	0.0851211	-0.0178816	0.218567
2019-11-01 00:00:00	-9.00901	0.00471082	0.707772	0	0.0118296	-0.0194634	0.0550695	0	0	0	0	0	0	0	5.29897	-0.165625	0.0571948	0	0	0.76195	0	0	0	0.0853337	-0.0192805	-2.23055
2019-11-02 00:00:00	-3	-0.0234368	0.719159	0	-0.00141014	-0.00631694	0.0183845	0	0	0	0	0	0	0	1.22903	-0.166231	0.0573174	0	0	0.903301	0	0	0	0.0857382	-0.0219294	-0.206389
2019-11-03 00:00:00	-14.1279	0.00886512	0.656305	0	0.00244723	-0.035151	0.0986184	0	0	0	0	0	0	0	8.47649	-0.1679	0.0576241	0	0	1.13673	0	0	0	0.0862515	-0.0250003	-3.83266
2019-11-04 00:00:00	-23.8964	-0.0062274	0.617652	0	0.00133654	-0.0612942	0.17094	0	0	0	0	0	0	0	14.2778	-0.171414	0.0582925	0	0	1.72973	0	0	0	0.0882452	-0.0333964	-7.22473
2019-11-05 00:00:00	-4.82252	-0.0155794	0.582197	0	-0.00309977	-0.0117388	0.0341676	0	0	0	0	0	0	0	2.44854	-0.173107	0.0586621	0	0	2.02996	0	0	0	0.0899448	-0.0388163	0.17861
2019-11-06 00:00:00	-3.15496	-0.00144685	0.51985	0	-0.00100689	-0.00710817	0.0214218	0	0	0	0	0	0	0	1.21641	-0.173222	0.0587069	0	0	1.90506	0	0	0	0.0902371	-0.0375074	0.436434
2019-11-07 00:00:00	-7.22702	-0.0183908	0.554909	0	0.00208981	-0.0173145	0.0488655	0	0	0	0	0	0	0	3.8316	-0.173964	0.0588681	0	0	1.87156	0	0	0	0.0906126	-0.0368448	-1.01503
2019-11-08 00:00:00	-0.209007	-0.228459	0.440346	0	-0.00361178	-0.000427532	0.00304297	0	0	0	0	0	0	0	-0.482364	-0.173891	0.0588778	0	0	1.75245	0	0	0	0.0910134	-0.036016	1.21196
2019-11-09 00:00:00	-1.1955	0.219743	0.410911	0	0.000851396	-0.00128242	0.00487289	0	0	0	0	0	0	0	-0.0972356	-0.17356	0.0588225	0	0	1.55008	0	0	0	0.0908836	-0.0343529	0.834233
2019-11-10 00:00:00	-2.18649	-0.00592574	0.404049	0	0.000437228	-0.0046219	0.0142514	0	0	0	0	0	0	0	0.697599	-0.173568	0.0588249	0	0	1.45191	0	0	0	0.0908943	-0.0319598	0.315397
2019-11-11 00:00:00	-17.2784	-0.00858543	0.471547	0	0.00371949	-0.0439699	0.122759	0	0	0	0	0	0	0	9.75965	-0.175585	0.0592083	0	0	1.68635	0	0	0	0.0916832	-0.0337581	-5.34539
2019-11-12 00:00:00	-3	-0.0107906	0.444514	0	-0.00333384	-0.00726063	0.0218979	0	0	0	0	0	0	0	1.27459	-0.176572	0.0594208	0	0	1.83576	0	0	0	0.0927616	-0.0368086	0.494178
2019-11-13 00:00:00	-0.00450358	-0.319262	0.339309	0	-0.00178816	-0.000227083	0.00208485	0	0	0	0	0	0	0	-0.558585	-0.176442	0.0593348	0	0	1.59384	0	0	0	0.0927645	-0.0364666	0.990064
2019-11-14 00:00:00	-3.77748	0.297269	0.390268	0	0.00255946	-0.00776519	0.0228781	0	0	0	0	0	0	0	1.53334	-0.17639	0.0593945	0	0	1.55582	0	0	0	0.0927767	-0.033434	-0.0407579
2019-11-15 00:00:00	-10.7595	-0.00158507	0.44691	0	0.00144518	-0.0269344	0.0765599	0	0	0	0	0	0	0	5.92826	-0.177632	0.0596403	0	0	1.67049	0	0	0	0.0933245	-0.0340517	-2.72304
2019-11-16 00:00:00	-4.58199	-0.00611872	0.365931	0	-0.00190367	-0.0113716	0.0335394	0	0	0	0	0	0	0	2.16585	-0.17841	0.0598251	0	0	1.7586	0	0	0	0.0940477	-0.035562	-0.337558
2019-11-17 00:00:00	-0.595496	-0.0141687	0.372317	0	-0.00156132	-0.000878767	0.00403124	0	0	0	0	0	0	0	-0.224606	-0.178236	0.0598041	0	0	1.62367	0	0	0	0.0941596	-0.035084	1.10395
2019-11-18 00:00:00	0	-0.265618	0.274734	0	-0.000539154	-2.97479E-05	0.00185984	0	0	0	0	0	0	0	-0.468468	-0.177942	0.0597401	0	0	1.45682	0	0	0	0.0940718	-0.0324781	0.942156
2019-11-19 00:00:00	-0.6	0.249699	0.319265	0	0.000292587	0	0.00184443	0	0	0	0	0	0	0	-0.411477	-0.177679	0.0596809	0	0	1.32028	0	0	0	0.0939637	-0.0296123	0.826262
2019-11-20 00:00:00	0	-0.37354	0.395699	0	-0.000726495	0	0.00198476	0	0	0	0	0	0	0	-0.439641	-0.177361	0.059611	0	0	1.18827	0	0	0	0.0938107	-0.0278598	0.720249
2019-11-21 00:00:00	0	-0.354724	0.39798	0	-0.00136463	0	0.0015056	0	0	0	0	0	0	0	-0.361947	-0.177066	0.0595477	0	0	1.08281	0	0	0	0.0936148	-0.0266582	0.713702
2019-11-22 00:00:00	-2.1955	0.708669	0.416482	0	0.00306492	-0.0022262	0.00852521	0	0	0	0	0	0	0	0.315602	-0.17694	0.05952	0	0	1.02168	0	0	0	0.0934355	-0.0250768	0.227242
2019-11-23 00:00:00	-5.17748	-0.0084048	0.394697	0	0.000957196	-0.0124578	0.0361767	0	0	0	0	0	0	0	2.60292	-0.177381	0.0596045	0	0	1.06422	0	0	0	0.0935515	-0.0253788	-1.14898
2019-11-24 00:00:00	-1.79099	-0.0174636	0.391012	0	-0.000900047	-0.0038979	0.0122206	0	0	0	0	0	0	0	0.606184	-0.177532	0.0596437	0	0	1.09256	0	0	0	0.0936891	-0.0262468	0.238277
2019-11-25 00:00:00	-1.8	-0.00136673	0.426801	0	-7.86777E-05	-0.0035677	0.0122105	0	0	0	0	0	0	0	0.455229	-0.177509	0.0596415	0	0	1.06354	0	0	0	0.0936397	-0.0256103	0.102933
2019-11-26 00:00:00	-6.78199	-0.00875843	0.428982	0	0.00162994	-0.0164761	0.0473101	0	0	0	0	0	0	0	3.4756	-0.178172	0.0597813	0	0	1.13755	0	0	0	0.093776	-0.0262714	-1.76704
2019-11-27 00:00:00	-5.38199	-0.0150215	0.361579	0	0.000335656	-0.0133149	0.0382576	0	0	0	0	0	0	0	2.69359	-0.178876	0.0599471	0	0	1.26054	0	0	0	0.094247	-0.027908	-1.1086
2019-11-28 00:00:00	-17.9505	-0.0026325	0.330494	0	0.00256741	-0.0460568	0.129602	0	0	0	0	0	0	0	9.7197	-0.181128	0.0604168	0	0	1.63177	0	0	0	0.0951457	-0.0324011	-6.24298
2019-11-29 00:00:00	-0.00450358	-0.241554	0.252481	0	-0.00562814	-0.00079444	0.00477179	0	0	0	0	0	0	0	-0.285638	-0.181892	0.0606024	0	0	1.80125	0	0	0	0.0960236	-0.036674	1.45845
2019-11-30 00:00:00	0	-0.165481	0.18584	0	-0.000671993	0	0.00196345	0	0	0	0	0	0	0	-0.422272	-0.181462	0.0605171	0	0	1.5802	0	0	0	0.0958745	-0.0349856	1.11953
2019-12-01 00:00:00	0	-0.170486	0.191481	0	-0.000682893	0	0.00188202	0	0	0	0	0	0	0	-0.399372	-0.181157	0.0604515	0	0	1.42196	0	0	0	0.0957929	-0.0320645	0.987807
2019-12-02 00:00:00	-7.63153	0.541417	0.302295	0	0.00484869	-0.0169611	0.0490939	0	0	0	0	0	0	0	3.66339	-0.18182	0.0605885	0	0	1.43918	0	0	0	0.0959435	-0.0305733	-1.70413
2019-12-03 00:00:00	0	-0.313764	0.32897	0	-0.00373337	-0.000454409	0.00356719	0	0	0	0	0	0	0	-0.584972	-0.181838	0.060606	0	0	1.40177	0	0	0	0.0962756	-0.0315536	0.774873
2019-12-04 00:00:00	-0.4	0.0685135	0.33149	0	7.45006E-05	0	0.00207433	0	0	0	0	0	0	0	-0.391492	-0.181542	0.0605444	0	0	1.27482	0	0	0	0.0960728	-0.029715	0.830838
2019-12-05 00:00:00	-5.63153	0.212586	0.362489	0	0.0036398	-0.0126402	0.0366164	0	0	0	0	0	0	0	2.84998	-0.181999	0.0606385	0	0	1.28209	0	0	0	0.0961468	-0.0282212	-0.950207
2019-12-06 00:00:00	-2.42252	-0.00435943	0.376948	0	-0.00193709	-0.00545072	0.0175101	0	0	0	0	0	0	0	0.839006	-0.182291	0.0607111	0	0	1.29909	0	0	0	0.0964046	-0.0288076	0.0443038
2019-12-07 00:00:00	-8.45855	-0.0049223	0.343593	0	0.00189073	-0.0208813	0.0599816	0	0	0	0	0	0	0	4.62195	-0.183329	0.0609405	0	0	1.41663	0	0	0	0.0966778	-0.0293128	-2.09533
2019-12-08 00:00:00	-8.59365	-0.0103746	0.310404	0	0.000478626	-0.0212751	0.0609243	0	0	0	0	0	0	0	4.5431	-0.1846	0.0612621	0	0	1.62487	0	0	0	0.0972569	-0.0332292	-2.14484
2019-12-09 00:00:00	-0.00450358	-0.254984	0.268269	0	-0.00398571	-0.000485685	0.00417636	0	0	0	0	0	0	0	-0.442192	-0.184636	0.0613157	0	0	1.59618	0	0	0	0.0976844	-0.0339252	1.10292
2019-12-10 00:00:00	-9.76663	0.242436	0.311469	0	0.00327634	-0.0231368	0.0667773	0	0	0	0	0	0	0	4.99843	-0.185587	0.0615409	0	0	1.64818	0	0	0	0.0979063	-0.0338465	-2.57918
2019-12-11 00:00:00	-2.3216	-0.0106486	0.267359	0	-0.00190968	-0.0054037	0.0174768	0	0	0	0	0	0	0	0.797183	-0.186101	0.0617069	0	0	1.69542	0	0	0	0.0984864	-0.0349556	0.37702
2019-12-12 00:00:00	-2.01351	-0.0117408	0.254367	0	0.000211968	-0.00458484	0.0149555	0	0	0	0	0	0	0	0.669908	-0.186116	0.0617195	0	0	1.58729	0	0	0	0.0984948	-0.0340862	0.436905
2019-12-13 00:00:00	-2.0045	-0.00756185	0.268478	0	-6.26299E-05	-0.00452253	0.015266	0	0	0	0	0	0	0	0.586256	-0.186154	0.0617211	0	0	1.4955	0	0	0	0.0985988	-0.0325528	0.290463
2019-12-14 00:00:00	-15.7189	-0.00595007	0.250536	0	0.00397458	-0.0403543	0.114329	0	0	0	0	0	0	0	8.80424	-0.188024	0.0620952	0	0	1.76015	0	0	0	0.0992805	-0.0343665	-4.89303
2019-12-15 00:00:00	-3.56397	-0.0123275	0.241491	0	-0.00305859	-0.00928192	0.0282223	0	0	0	0	0	0	0	1.67515	-0.189139	0.0623241	0	0	1.97199	0	0	0	0.100542	-0.0377972	0.264145
2019-12-16 00:00:00	-2.77748	-0.00526936	0.266099	0	-0.000649484	-0.00667484	0.0218822	0	0	0	0	0	0	0	0.930494	-0.189293	0.0623709	0	0	1.86683	0	0	0	0.100832	-0.0368023	0.232338
2019-12-17 00:00:00	0	-0.246881	0.254012	0	-0.00151938	-0.000226355	0.00330061	0	0	0	0	0	0	0	-0.531973	-0.1893	0.062269	0	0	1.63292	0	0	0	0.100802	-0.0366679	1.04673
2019-12-18 00:00:00	-6.90993	0.231002	0.235433	0	0.00276375	-0.0166323	0.0491338	0	0	0	0	0	0	0	3.49907	-0.189802	0.0624049	0	0	1.69226	0	0	0	0.101011	-0.0343118	-1.27759
2019-12-19 00:00:00	-8.37298	-0.0113272	0.290228	0	0.000880376	-0.0212733	0.0616653	0	0	0	0	0	0	0	4.32326	-0.191619	0.0626404	0	0	1.85581	0	0	0	0.101562	-0.0360691	-1.93722
2019-12-20 00:00:00	-1.59099	-0.0087264	0.287524	0	-0.00262878	-0.00376055	0.0133949	0	0	0	0	0	0	0	0.0933413	-0.191815	0.0626809	0	0	1.81803	0	0	0	0.102149	-0.0366005	0.542598
2019-12-21 00:00:00	-0.00450358	-0.257996	0.27162	0	-0.00115569	-0.000141486	0.00377225	0	0	0	0	0	0	0	-0.575197	-0.19154	0.0626236	0	0	1.64246	0	0	0	0.102037	-0.0346875	1.01729
2019-12-22 00:00:00	-0.404504	0.132447	0.26667	0	-0.000130571	0	0.00262846	0	0	0	0	0	0	0	-0.534763	-0.191182	0.0625495	0	0	1.45495	0	0	0	0.101935	-0.032937	0.857661
2019-12-23 00:00:00	-4.5955	0.101083	0.29385	0	0.00251252	-0.0105166	0.032181	0	0	0	0	0	0	0	2.13477	-0.191517	0.0626159	0	0	1.43382	0	0	0	0.101993	-0.0308219	-0.665528
2019-12-24 00:00:00	-0.590993	-0.0111776	0.258775	0	-0.00189838	-0.00113749	0.00580404	0	0	0	0	0	0	0	-0.293099	-0.191496	0.0626159	0	0	1.37968	0	0	0	0.102146	-0.0304098	0.688806
2019-12-25 00:00:00	-0.2	-0.0723344	0.271793	0	-0.000271715	-4.60987E-05	0.00349608	0	0	0	0	0	0	0	-0.574237	-0.191174	0.0625597	0	0	1.26098	0	0	0	0.102004	-0.0286241	0.634148
2019-12-26 00:00:00	-0.195496	-0.0676582	0.263153	0	-0.000126993	0	0.00242139	0	0	0	0	0	0	0	-0.377869	-0.19084	0.0624907	0	0	1.14348	0	0	0	0.101801	-0.0274906	0.713864
2019-12-27 00:00:00	-2.2	0.121147	0.318535	0	0.00109843	-0.00425495	0.0154893	0	0	0	0	0	0	0	0.658741	-0.190837	0.0624862	0	0	1.10151	0	0	0	0.101679	-0.0262565	-0.0406667
2019-12-28 00:00:00	-0.2	-0.113028	0.312083	0	-0.00104738	-0.000186012	0.00305755	0	0	0	0	0	0	0	-0.457233	-0.190639	0.0624477	0	0	1.04787	0	0	0	0.101649	-0.0256908	0.539282
2019-12-29 00:00:00	0	-0.26821	0.294012	0	-0.000816254	0	0.00280727	0	0	0	0	0	0	0	-0.381745	-0.190342	0.0623866	0	0	0.973416	0	0	0	0.101385	-0.0248158	0.56808
2019-12-30 00:00:00	-0.618014	0.300691	0.291669	0	0.000179615	0	0.00271089	0	0	0	0	0	0	0	-0.341682	-0.190067	0.0623316	0	0	0.91205	0	0	0	0.101233	-0.0235269	0.497575
2019-12-31 00:00:00	-0.2	0.00980068	0.188962	0	-5.10495E-05	0	0.00263304	0	0	0	0	0	0	0	-0.348549	-0.189807	0.0622806	0	0	0.86442	0	0	0	0.101072	-0.0218745	0.468886
2020-01-01 00:00:00	-0.00450358	-0.268092	0.284291	0	-0.00040285	0	0.00254325	0	0	0	0	0	0	0	-0.332893	-0.189496	0.0622169	0	0	0.819445	0	0	0	0.100899	-0.0210318	0.452977
2020-01-02 00:00:00	-3.42702	0.288705	0.338265	0	0.00247373	-0.00646909	0.0219846	0	0	0	0	0	0	0	1.39705	-0.189616	0.0622451	0	0	0.836875	0	0	0	0.100739	-0.0211969	-0.595966
2020-01-03 00:00:00	-0.613511	-0.011851	0.292705	0	-0.00104978	-0.000976477	0.00506145	0	0	0	0	0	0	0	-0.211607	-0.189574	0.0622486	0	0	0.861168	0	0	0	0.100763	-0.0218687	0.271508
2020-01-04 00:00:00	-1.20901	-0.00562908	0.275275	0	0.000346256	-0.00230085	0.00949548	0	0	0	0	0	0	0	0.209629	-0.189462	0.0622291	0	0	0.848269	0	0	0	0.100559	-0.0212901	0.0781144
2020-01-05 00:00:00	0	-0.313019	0.329587	0	-0.00107728	-0.000107359	0.00300275	0	0	0	0	0	0	0	-0.367365	-0.189143	0.0621662	0	0	0.817952	0	0	0	0.100465	-0.0211387	0.421322
2020-01-06 00:00:00	-5.36847	0.295639	0.327576	0	0.00264572	-0.0119815	0.036249	0	0	0	0	0	0	0	2.60806	-0.189587	0.0622485	0	0	0.880385	0	0	0	0.10036	-0.0220227	-1.2789
2020-01-07 00:00:00	-6.77298	-0.00667107	0.355251	0	0.000155777	-0.0168339	0.0496407	0	0	0	0	0	0	0	3.35478	-0.1905	0.0624323	0	0	1.06345	0	0	0	0.100732	-0.0249355	-2.02548
2020-01-08 00:00:00	-4.17298	-0.00860968	0.303057	0	-0.000578926	-0.0103138	0.0314681	0	0	0	0	0	0	0	1.85765	-0.19114	0.0625652	0	0	1.20239	0	0	0	0.101091	-0.0272183	-0.852619
2020-01-09 00:00:00	-15.5324	-0.00831366	0.265553	0	0.0028131	-0.039902	0.113236	0	0	0	0	0	0	0	8.79622	-0.193177	0.0629531	0	0	1.54925	0	0	0	0.10178	-0.0311279	-4.91317
2020-01-10 00:00:00	-5.94145	-0.0103841	0.274153	0	-0.00203648	-0.0153607	0.0456223	0	0	0	0	0	0	0	3.02086	-0.19459	0.0632842	0	0	1.84502	0	0	0	0.102805	-0.0364127	-0.848493
2020-01-11 00:00:00	-20.1099	-0.00896235	0.380501	0	0.00363783	-0.0516529	0.146106	0	0	0	0	0	0	0	11.4672	-0.197314	0.06397	0	0	2.37629	0	0	0	0.103876	-0.0406366	-5.86688
2020-01-12 00:00:00	-1.62702	-0.00878431	0.310063	0	-0.00527911	-0.00403743	0.0152869	0	0	0	0	0	0	0	0.165352	-0.198553	0.0643775	0	0	2.60965	0	0	0	0.104998	-0.0452934	1.38075
2020-01-13 00:00:00	-8.37298	-0.00371681	0.324906	0	0.00174659	-0.0208397	0.0618073	0	0	0	0	0	0	0	4.42058	-0.19959	0.0646191	0	0	2.54197	0	0	0	0.105373	-0.0436486	-1.11977
2020-01-14 00:00:00	-3.20901	-0.0137632	0.292571	0	-0.000926327	-0.00782627	0.0249716	0	0	0	0	0	0	0	1.32048	-0.20019	0.0647919	0	0	2.45168	0	0	0	0.105997	-0.0439487	0.784833
2020-01-15 00:00:00	0	-0.319199	0.337835	0	-0.00211773	-0.0002482	0.00496753	0	0	0	0	0	0	0	-0.754369	-0.200065	0.0647381	0	0	2.19998	0	0	0	0.106218	-0.0412752	1.39646
2020-01-16 00:00:00	-6.19099	0.29934	0.379743	0	0.00349101	-0.013857	0.041441	0	0	0	0	0	0	0	2.87898	-0.200648	0.064836	0	0	2.09427	0	0	0	0.106362	-0.0395465	-0.576575
2020-01-17 00:00:00	-0.204504	-0.126753	0.329688	0	-0.00316463	-0.000392721	0.00479183	0	0	0	0	0	0	0	-0.681235	-0.200616	0.0650126	0	0	1.95626	0	0	0	0.106733	-0.0384943	1.20732
2020-01-18 00:00:00	-0.00450358	-0.26943	0.306619	0	-0.000920909	0	0.00400093	0	0	0	0	0	0	0	-0.751815	-0.200395	0.0649695	0	0	1.7383	0	0	0	0.106671	-0.0360505	0.957449
2020-01-19 00:00:00	0	-0.259166	0.293681	0	-0.00109847	0	0.00301585	0	0	0	0	0	0	0	-0.629806	-0.200155	0.0648877	0	0	1.53502	0	0	0	0.106597	-0.0344399	0.878532
2020-01-20 00:00:00	0	-0.316922	0.359215	0	-0.00118431	0	0.00331332	0	0	0	0	0	0	0	-0.604517	-0.199882	0.0648126	0	0	1.37493	0	0	0	0.106544	-0.0323935	0.75392
2020-01-21 00:00:00	-0.395496	-0.0112062	0.412329	0	-0.000167985	0	0.00328895	0	0	0	0	0	0	0	-0.560336	-0.199709	0.0647578	0	0	1.26924	0	0	0	0.106481	-0.029488	0.65969
2020-01-22 00:00:00	-0.195496	-0.156016	0.374172	0	-0.000845862	0	0.00270394	0	0	0	0	0	0	0	-0.491567	-0.199822	0.0646939	0	0	1.16031	0	0	0	0.106427	-0.0278298	0.636729
2020-01-23 00:00:00	0	-0.313887	0.415297	0	-0.00220281	0	0.00352477	0	0	0	0	0	0	0	-0.559829	-0.199556	0.0646319	0	0	1.06961	0	0	0	0.10633	-0.0262297	0.557693
2020-01-24 00:00:00	-0.4	-0.00485257	0.414761	0	-0.00023694	0	0.00292717	0	0	0	0	0	0	0	-0.637349	-0.199348	0.0645808	0	0	1.00102	0	0	0	0.106235	-0.0250488	0.322685
2020-01-25 00:00:00	0	-0.130206	0.319163	0	-0.00319353	0	0.00270871	0	0	0	0	0	0	0	-0.529334	-0.199069	0.0645099	0	0	0.928478	0	0	0	0.106089	-0.0241714	0.534974
2020-01-26 00:00:00	-2.37748	1.50469	0.387491	0	0.00853791	0	0.00315115	0	0	0	0	0	0	0	-0.0695849	-0.198924	0.064474	0	0	0.892779	0	0	0	0.105923	-0.0231093	0.297946
2020-01-27 00:00:00	-3.17748	0.0219893	0.377111	0	0.002747	-0.00572849	0.0226883	0	0	0	0	0	0	0	1.0015	-0.199178	0.06451	0	0	0.927169	0	0	0	0.106018	-0.0227855	-0.881443
2020-01-28 00:00:00	-14.0829	-0.00987204	0.370962	0	0.00354864	-0.0358863	0.102062	0	0	0	0	0	0	0	7.96762	-0.201082	0.0648962	0	0	1.25657	0	0	0	0.106548	-0.026885	-4.48442
2020-01-29 00:00:00	-7.97748	-0.0114309	0.434605	0	-0.00103312	-0.0200371	0.0586822	0	0	0	0	0	0	0	4.20213	-0.202956	0.0653151	0	0	1.64206	0	0	0	0.107366	-0.0333972	-1.73618
2020-01-30 00:00:00	-0.2	-0.292111	0.513077	0	-0.00439509	-0.000464722	0.00557469	0	0	0	0	0	0	0	-0.754213	-0.203175	0.0653649	0	0	1.62513	0	0	0	0.107735	-0.034615	0.827913
2020-01-31 00:00:00	-1	0.283959	0.553609	0	0.000746898	-2.43106E-06	0.00368108	0	0	0	0	0	0	0	-0.579818	-0.202975	0.0653159	0	0	1.46911	0	0	0	0.107672	-0.0328468	0.668449
2020-02-01 00:00:00	-4.18649	-0.00567455	0.486433	0	0.00173662	-0.00936352	0.0292844	0	0	0	0	0	0	0	1.90712	-0.203354	0.0654779	0	0	1.43556	0	0	0	0.107774	-0.0308503	-0.402344
2020-02-02 00:00:00	-6.78649	-0.00725381	0.438715	0	0.00135202	-0.0165063	0.0488833	0	0	0	0	0	0	0	3.47864	-0.204336	0.065667	0	0	1.55233	0	0	0	0.108162	-0.03221	-1.35305
2020-02-03 00:00:00	-14.9234	0.00442559	0.462791	0	0.00191301	-0.0378385	0.109081	0	0	0	0	0	0	0	8.21115	-0.206673	0.0662664	0	0	1.97842	0	0	0	0.108981	-0.0357903	-4.26072
2020-02-04 00:00:00	-2.21351	-0.00948052	0.469063	0	-0.0026783	-0.00495938	0.0176011	0	0	0	0	0	0	0	0.32078	-0.20752	0.066458	0	0	2.10333	0	0	0	0.109816	-0.0398997	0.609
2020-02-05 00:00:00	0	-0.429099	0.466752	0	-0.00356593	-0.000171588	0.00393313	0	0	0	0	0	0	0	-0.532417	-0.207541	0.0663671	0	0	1.82256	0	0	0	0.10984	-0.0391128	1.25755
2020-02-06 00:00:00	0	-0.419635	0.476697	0	-0.0017586	0	0.00255383	0	0	0	0	0	0	0	-0.826194	-0.207405	0.0663468	0	0	1.68944	0	0	0	0.110035	-0.0355909	0.854487
2020-02-07 00:00:00	-0.4	-0.0813572	0.498042	0	-0.000528846	0	0.00398888	0	0	0	0	0	0	0	-0.624681	-0.207294	0.0663055	0	0	1.52895	0	0	0	0.109995	-0.033418	0.860005
2020-02-08 00:00:00	-17.8919	0.906631	0.575768	0	0.0149849	-0.0416556	0.119984	0	0	0	0	0	0	0	9.37248	-0.209346	0.0667116	0	0	1.79716	0	0	0	0.110815	-0.0346698	-5.21305
2020-02-09 00:00:00	-25.9144	-0.00541009	0.60729	0	0.00617225	-0.0664877	0.192006	0	0	0	0	0	0	0	14.3392	-0.214612	0.0676753	0	0	2.96309	0	0	0	0.112802	-0.0447563	-7.95747
2020-02-10 00:00:00	-24.4604	-0.00402698	0.467734	0	0.0728291	-0.0640135	0.185275	0	0	0	0	0	0	0	13.6714	-0.220786	0.0693801	0	0	5.11945	0	0	0	0.115579	-0.0615158	-5.10908
2020-02-11 00:00:00	-15.1189	-0.00109539	0.449191	0	-0.0699533	-0.0391122	0.117379	0	0	0	0	0	0	0	8.2727	-0.225262	0.0704856	0	0	6.19756	0	0	0	0.118068	-0.0708528	-0.299821
2020-02-12 00:00:00	-6.18649	-0.00545456	0.475419	0	-0.00343106	-0.0152481	0.0486303	0	0	0	0	0	0	0	2.73012	-0.227793	0.0709165	0	0	5.88089	0	0	0	0.119545	-0.0710049	2.81609
2020-02-13 00:00:00	-17.2424	-0.00608812	0.541025	0	0.00630527	-0.0438493	0.128833	0	0	0	0	0	0	0	8.51088	-0.230759	0.0714211	0	0	5.80015	0	0	0	0.121196	-0.0694885	-2.41275
2020-02-14 00:00:00	-33.6704	-0.00876766	0.600867	0	0.70431	-0.100899	0.271227	0	0	0	0	0	0	0	17.8763	-0.23945	0.072924	0	0	7.67939	0	0	0	0.12413	-0.0768494	-6.76726
2020-02-15 00:00:00	-9.58199	-0.00602709	0.643348	0	-0.558114	-0.0272434	0.0777152	0	0	0	0	0	0	0	4.81949	-0.244362	0.0740285	0	0	8.3499	0	0	0	0.12828	-0.0849402	3.59009
2020-02-16 00:00:00	-0.804504	-0.0287023	0.649547	0	-0.164176	-0.000812516	0.00765192	0	0	0	0	0	0	0	-0.181597	-0.249338	0.0740589	0	0	6.97671	0	0	0	0.129588	-0.0833032	6.32513
2020-02-17 00:00:00	-3.3306	0.00407617	0.652303	0	0.00502669	-0.00619695	0.0217009	0	0	0	0	0	0	0	0.420926	-0.250728	0.0743642	0	0	6.27789	0	0	0	0.130923	-0.0733395	3.92634
2020-02-18 00:00:00	-1.43152	0.0130484	0.617448	0	-0.00494085	-0.00194455	0.0108738	0	0	0	0	0	0	0	-0.622187	-0.252861	0.0749153	0	0	5.39823	0	0	0	0.132001	-0.0672675	3.86579
2020-02-19 00:00:00	-2.40901	-0.00750704	0.677483	0	0.000529447	-0.00422474	0.0157859	0	0	0	0	0	0	0	0.318929	-0.256911	0.0753745	0	0	4.54519	0	0	0	0.133023	-0.0636865	3.02498
2020-02-20 00:00:00	-18.1865	-0.0122077	0.65441	0	0.00688915	-0.0453955	0.131294	0	0	0	0	0	0	0	8.81618	-0.260317	0.0761073	0	0	4.79474	0	0	0	0.136682	-0.0607633	-3.94887
2020-02-21 00:00:00	-12.764	0.00264381	0.775342	0	-0.00281468	-0.0315571	0.0954349	0	0	0	0	0	0	0	6.20025	-0.265928	0.077282	0	0	5.14102	0	0	0	0.139609	-0.063891	-0.696579
2020-02-22 00:00:00	-13.009	0.000531297	0.653794	0	1.72757E-05	-0.0322707	0.096759	0	0	0	0	0	0	0	6.36595	-0.271186	0.0788238	0	0	5.3204	0	0	0	0.143788	-0.0650658	-0.717465
2020-02-23 00:00:00	-8.58199	-0.0133144	0.673629	0	-0.000671151	-0.0208283	0.0635336	0	0	0	0	0	0	0	3.78658	-0.275924	0.0803476	0	0	5.25585	0	0	0	0.147422	-0.0661548	1.04848
2020-02-24 00:00:00	-10.137	0.00144025	0.580024	0	0.000289831	-0.0250561	0.0760454	0	0	0	0	0	0	0	4.56698	-0.283283	0.0814068	0	0	5.19258	0	0	0	0.149938	-0.0647504	0.138664
2020-02-25 00:00:00	-2.59099	-0.00724771	0.625759	0	-0.00311834	-0.00534359	0.0203196	0	0	0	0	0	0	0	0.54449	-0.287592	0.0825799	0	0	4.74372	0	0	0	0.15353	-0.0636779	3.21242
2020-02-26 00:00:00	-0.981986	-0.0101257	0.683568	0	-0.00120488	-0.000754193	0.00692931	0	0	0	0	0	0	0	-0.919824	-0.293009	0.0833427	0	0	4.14772	0	0	0	0.155616	-0.0590342	2.81124
2020-02-27 00:00:00	-5.18199	0.0125381	0.68359	0	0.00170988	-0.0113147	0.0367335	0	0	0	0	0	0	0	1.65794	-0.296651	0.0835027	0	0	3.80184	0	0	0	0.157682	-0.0553476	0.890246
2020-02-28 00:00:00	-13.782	-0.0178458	0.764226	0	0.00432777	-0.0337772	0.0987417	0	0	0	0	0	0	0	6.10479	-0.302339	0.0841936	0	0	4.0196	0	0	0	0.159341	-0.0556351	-2.95637
2020-02-29 00:00:00	-19.1415	-0.00689941	0.789264	0	0.00261106	-0.0480586	0.14047	0	0	0	0	0	0	0	9.85472	-0.316498	0.0861466	0	0	4.89533	0	0	0	0.16203	-0.0602956	-3.64263
2020-03-01 00:00:00	-19.9415	0.0146201	0.773711	0	-0.00211257	-0.0502835	0.149933	0	0	0	0	0	0	0	9.74864	-0.32871	0.0887772	0	0	6.11155	0	0	0	0.166415	-0.0685247	-3.33744
2020-03-02 00:00:00	0	-0.692176	0.77226	0	-0.00878245	-0.000810843	0.00719298	0	0	0	0	0	0	0	-1.00869	-0.332645	0.0902827	0	0	5.75757	0	0	0	0.169966	-0.0717566	4.68241
2020-03-03 00:00:00	-0.6	-0.156701	0.788521	0	-0.00113218	0	0.00544876	0	0	0	0	0	0	0	-0.531395	-0.333837	0.0916226	0	0	4.76065	0	0	0	0.170876	-0.0664422	4.12762
2020-03-04 00:00:00	-0.2	-0.329123	0.693317	0	-0.00314489	0	0.00394482	0	0	0	0	0	0	0	-1.33457	-0.335154	0.0917251	0	0	4.23805	0	0	0	0.171621	-0.0602371	2.93643
2020-03-05 00:00:00	0	-0.30583	0.722428	0	-0.00715551	0	0.00270292	0	0	0	0	0	0	0	-0.517292	-0.337588	0.0918884	0	0	3.42864	0	0	0	0.171897	-0.0573863	3.1923
