Time	Precip	Canopy Stor. Change	Evapotrans	Snow Stor.Change	OL Stor.Change	OL Bou.Inflow	OL Bou.Outflow	OL->Ext.Sinks	OL->River/MOUSE	OL Drain Stor. Change	OL Drain->River/MOUSE	OL Drain->OL IN	OL Drain->OL OUT	Irrigation	SubSurf.Stor.Change	SubSurf.Bou.Inflow	SubSurf.Bou.Outflow	SubSurf->Ext.Sinks	Pumping	SZ Drain->River	SZ Drain->Ext.River	SZ Drain Inflow	SZ Drain Outflow	Baseflow to river	Baseflow from river	Error
2011-03-22 00:00:00	0	0	0	0	0	0	0	0	0	0	0	0	0	0	0	0	0	0	0	0	0	0	0	0	0	0
2011-03-23 00:00:00	0	-0.702826	1.35015	0	-0.341369	-0.00381754	0.0154025	0	0.159495	0	0	0	0	0	-0.784135	-0.011512	0.0170966	0	0	0.0721391	0.0391553	0	0	0.136335	-0.0147882	-0.0686779
2011-03-24 00:00:00	0	-0.473798	1.55623	0	-0.415136	-0.00380033	0.0104324	0	0.0966642	0	0	0	0	0	-0.780223	-0.011505	0.0170727	0	0	0.0609297	0.0345662	0	0	0.135912	-0.0152747	0.212072
2011-03-25 00:00:00	0	-0.305065	1.14252	0	-0.338204	-0.00241985	0.00583036	0	0.052334	0	0	0	0	0	-0.519065	-0.0114955	0.0170458	0	0	0.0507372	0.0298843	0	0	0.135769	-0.0143033	0.243568
2011-03-26 00:00:00	0	-0.231049	1.21839	0	-0.186898	-0.00207463	0.00518868	0	0.0305628	0	0	0	0	0	-0.477743	-0.0114852	0.0170219	0	0	0.0436102	0.0265989	0	0	0.135284	-0.0135332	0.553872
2011-03-27 00:00:00	0	-0.0848199	1.19262	0	-0.302499	-0.00172251	0.00332227	0	0.0342504	0	0	0	0	0	-0.52416	-0.0114764	0.0169994	0	0	0.0378502	0.0239344	0	0	0.134717	-0.0132426	0.505774
2011-03-28 00:00:00	0	-0.0416906	1.26911	0	-0.194112	-9.75042E-05	0.000585927	0	0.00689695	0	0	0	0	0	-0.680323	-0.0114634	0.0169634	0	0	0.0314812	0.0210525	0	0	0.134235	-0.0124119	0.540225
2011-03-29 00:00:00	-1.00903	0.049048	1.23791	0	0.0271684	-0.00126694	0.00635617	0	0.0204493	0	0	0	0	0	-0.0109871	-0.0114572	0.0169451	0	0	0.0287463	0.0199276	0	0	0.1334	-0.0117812	0.49543
2011-03-30 00:00:00	-3.54929	0.448337	1.39891	0	0.395462	-0.00390283	0.0208627	0	0.0931376	0	0	0	0	0	0.896888	-0.0114552	0.0169368	0	0	0.0292132	0.0199343	0	0	0.132789	-0.0118536	-0.12403
2011-03-31 00:00:00	-6.69068	0.303461	1.48598	0	0.971521	-0.00992935	0.047502	0	0.334999	0	0	0	0	0	2.37162	-0.011465	0.0169566	0	0	0.0342725	0.0220976	0	0	0.132157	-0.0142671	-1.00578
2011-04-01 00:00:00	-0.663832	-0.474377	1.69248	0	-0.368099	-0.00537267	0.0207169	0	0.2426	0	0	0	0	0	-0.39458	-0.011464	0.0169497	0	0	0.0357316	0.0227647	0	0	0.132042	-0.0157863	0.229773
2011-04-02 00:00:00	-2.17773	0.236238	1.66705	0	0.0761678	-0.00352613	0.0149093	0	0.0990135	0	0	0	0	0	0.00502425	-0.0114538	0.0169218	0	0	0.032516	0.0213485	0	0	0.13218	-0.0138942	0.0947651
2011-04-03 00:00:00	0	-0.447304	1.41687	0	-0.409559	-0.00279153	0.0118757	0	0.100603	0	0	0	0	0	-0.392201	-0.0114464	0.0169056	0	0	0.0303941	0.020541	0	0	0.131557	-0.01357	0.451872
2011-04-04 00:00:00	-2.16393	0.352251	1.48869	0	0.20547	-0.00218136	0.00769318	0	0.0340355	0	0	0	0	0	0.162116	-0.0114357	0.0168765	0	0	0.0269101	0.0192022	0	0	0.131061	-0.0125676	0.254193
2011-04-05 00:00:00	-10.1841	0.740871	1.8941	0	0.991635	-0.0232132	0.114138	0	0.994472	0	0	0	0	0	3.83887	-0.0114401	0.0169309	0	0	0.0359582	0.0223058	0	0	0.129087	-0.0184138	-1.45877
2011-04-06 00:00:00	-12.2467	0.105695	1.99883	0	0.540196	-0.0509253	0.20459	0	2.40996	0	0	0	0	0	4.99091	-0.0114616	0.0170318	0	0	0.0559756	0.0300569	0	0	0.126826	-0.0320723	-1.86108
2011-04-07 00:00:00	0	-0.723802	1.67454	0	-0.944915	-0.0138875	0.0409505	0	0.820901	0	0	0	0	0	-0.976372	-0.0114642	0.0170484	0	0	0.0598477	0.0316439	0	0	0.131284	-0.0255317	0.0802479
2011-04-08 00:00:00	0	-0.284236	1.63795	0	-0.289739	-0.00528232	0.0134334	0	0.123995	0	0	0	0	0	-0.966482	-0.0114586	0.0170227	0	0	0.0510417	0.0281865	0	0	0.135197	-0.0163872	0.433246
2011-04-09 00:00:00	0	-0.317299	2.49115	0	-0.83657	-0.00197159	0.00305691	0	0.0481046	0	0	0	0	0	-1.17861	-0.011441	0.016994	0	0	0.0404237	0.023608	0	0	0.135691	-0.0146055	0.398536
2011-04-10 00:00:00	0	0	2.07621	0	-0.724295	-1.91585E-05	4.49864E-05	0	0.00942479	0	0	0	0	0	-0.865279	-0.0114261	0.0169575	0	0	0.0318748	0.0201426	0	0	0.135484	-0.0129208	0.676199
2011-04-11 00:00:00	-0.976969	0	1.69069	0	0.0616622	0	6.31187E-05	0	0.00361967	0	0	0	0	0	-0.453705	-0.0114177	0.0169379	0	0	0.0279674	0.0186983	0	0	0.134704	-0.0118103	0.500444
2011-04-12 00:00:00	-0.196148	0	1.47961	0	-0.00701232	-0.000570518	0.00244544	0	0.00924026	0	0	0	0	0	-0.567719	-0.0114104	0.0169234	0	0	0.0256122	0.0177801	0	0	0.133468	-0.0114123	0.890812
2011-04-13 00:00:00	-0.0854547	0	1.57603	0	-0.18946	-1.7035E-05	0.000141524	0	0.00457055	0	0	0	0	0	-0.693945	-0.0113937	0.0168886	0	0	0.0213937	0.0161657	0	0	0.132698	-0.0111857	0.776436
2011-04-14 00:00:00	-0.05998	0	1.70547	0	-0.17866	0	0	0	0.0011923	0	0	0	0	0	-0.570928	-0.0113727	0.0168489	0	0	0.0176593	0.0147122	0	0	0.131869	-0.0109702	1.05584
2011-04-15 00:00:00	-0.608349	0	1.66753	0	0.0154376	0	0.000154917	0	0.000683243	0	0	0	0	0	-0.488464	-0.0113583	0.0168228	0	0	0.0156762	0.013918	0	0	0.130647	-0.0107608	0.741936
2011-04-16 00:00:00	0	0	1.61443	0	-0.0525946	0	8.75991E-05	0	0.000458865	0	0	0	0	0	-0.636808	-0.0113413	0.0167817	0	0	0.0137445	0.0130855	0	0	0.129524	-0.0106117	1.07676
2011-04-17 00:00:00	0	0	1.75754	0	-0.0477326	0	7.35564E-05	0	0.000261968	0	0	0	0	0	-0.637418	-0.0113234	0.016757	0	0	0.0118842	0.0122516	0	0	0.128195	-0.0104468	1.22005
2011-04-18 00:00:00	0	0	2.1453	0	-0.0647006	0	2.39169E-05	0	9.34714E-05	0	0	0	0	0	-0.8392	-0.0113013	0.0167201	0	0	0.0100373	0.0113281	0	0	0.12661	-0.0102565	1.38466
2011-04-19 00:00:00	-0.114545	0	2.09318	0	-0.0317425	0	4.0334E-05	0	0	0	0	0	0	0	-0.735759	-0.0112809	0.0166808	0	0	0.00865508	0.0105789	0	0	0.125047	-0.010052	1.3508
2011-04-20 00:00:00	0	0	2.27919	0	-0.0427692	0	1.41113E-05	0	0	0	0	0	0	0	-0.869261	-0.0112612	0.0166464	0	0	0.0073472	0.00978915	0	0	0.123431	-0.00987228	1.50326
2011-04-21 00:00:00	0	0	1.9278	0	-0.0134807	0	3.21299E-05	0	0	0	0	0	0	0	-0.703181	-0.0112415	0.0166101	0	0	0.00646824	0.00923351	0	0	0.12201	-0.00971793	1.34453
2011-04-22 00:00:00	-0.05998	0	1.87062	0	-0.00568805	0	3.85788E-05	0	0	0	0	0	0	0	-0.653058	-0.0112236	0.0165542	0	0	0.00599543	0.00890123	0	0	0.120376	-0.00959344	1.28294
2011-04-23 00:00:00	-6.17632	1.40088	2.23607	0	0.218504	0	0.00159455	0	0	0	0	0	0	0	1.20958	-0.011209	0.0165333	0	0	0.00791615	0.00958725	0	0	0.118751	-0.00953364	-0.977647
2011-04-24 00:00:00	-0.0545653	-1.26263	2.16402	0	-0.0141126	0	0.000553436	0	0.000188699	0	0	0	0	0	-0.301076	-0.0112004	0.0165118	0	0	0.00998782	0.0107364	0	0	0.118102	-0.00969687	0.66682
2011-04-25 00:00:00	0	-0.138317	1.72093	0	-0.0531555	0	7.20101E-05	0	0.000126586	0	0	0	0	0	-0.596491	-0.0111774	0.0164486	0	0	0.0093178	0.0108585	0	0	0.116987	-0.00968633	1.06591
2011-04-26 00:00:00	0	0	1.85779	0	-0.0198875	0	4.50005E-05	0	0	0	0	0	0	0	-0.723329	-0.0111458	0.0164108	0	0	0.00815907	0.0102157	0	0	0.116182	-0.00961725	1.24483
2011-04-27 00:00:00	-0.0545653	0	2.31515	0	-0.159104	0	4.61214E-05	0	0	0	0	0	0	0	-0.792701	-0.0111232	0.0163177	0	0	0.00705181	0.00948134	0	0	0.114763	-0.0095065	1.43581
2011-04-28 00:00:00	0	0	2.30634	0	-0.0398059	0	0	0	0	0	0	0	0	0	-1.09209	-0.0110888	0.0163097	0	0	0.0058938	0.00864389	0	0	0.113402	-0.00937532	1.29823
2011-04-29 00:00:00	-0.254565	0	2.41517	0	-0.0157261	0	0	0	0	0	0	0	0	0	-0.853497	-0.011075	0.0162533	0	0	0.00516879	0.00808661	0	0	0.111935	-0.00922951	1.41252
2011-04-30 00:00:00	-0.0446534	0	1.84229	0	0.00104794	0	0	0	0	0	0	0	0	0	-0.7334	-0.0110546	0.0162197	0	0	0.00479277	0.00780938	0	0	0.110609	-0.00912489	1.18454
2011-05-01 00:00:00	0	0	2.59545	0	-0.0229563	0	0	0	0	0	0	0	0	0	-1.10401	-0.0110409	0.0161714	0	0	0.0041692	0.00727955	0	0	0.10941	-0.00904319	1.58544
2011-05-02 00:00:00	-0.0408013	0	2.14015	0	-0.00418225	0	0	0	0	0	0	0	0	0	-0.851375	-0.0110183	0.0161455	0	0	0.00375281	0.00696861	0	0	0.108107	-0.00893344	1.35882
2011-05-03 00:00:00	-0.0545653	0	2.11066	0	-0.00299458	0	5.19925E-07	0	0	0	0	0	0	0	-0.839648	-0.0110066	0.0160989	0	0	0.00349535	0.00674325	0	0	0.106898	-0.00885412	1.32683
2011-05-04 00:00:00	0	0	2.63342	0	-0.0147353	0	0	0	0	0	0	0	0	0	-1.12537	-0.0109901	0.0160547	0	0	0.00308533	0.00633923	0	0	0.105632	-0.0087896	1.60465
2011-05-05 00:00:00	-2.63758	0.322541	2.25871	0	0.0402602	0	0.00010154	0	0	0	0	0	0	0	0.126589	-0.0109551	0.0160157	0	0	0.00351383	0.00675277	0	0	0.104435	-0.00870507	0.221679
2011-05-06 00:00:00	-8.81064	1.55216	2.68316	0	0.191156	0	0.00113322	0	0	0	0	0	0	0	2.14598	-0.0109718	0.0160354	0	0	0.00581032	0.00778792	0	0	0.103452	-0.00876583	-2.1237
2011-05-07 00:00:00	-10.571	0.739001	2.71772	0	0.38149	-0.00119007	0.00747352	0	0.00835212	0	0	0	0	0	3.48554	-0.0109977	0.0161049	0	0	0.0138129	0.0126726	0	0	0.103649	-0.00925981	-3.10663
2011-05-08 00:00:00	-7.00265	0.223684	2.65733	0	0.250849	-0.00621798	0.0287331	0	0.0899889	0	0	0	0	0	1.89995	-0.0110203	0.0161625	0	0	0.0231433	0.0178179	0	0	0.104172	-0.00999148	-1.71805
2011-05-09 00:00:00	-3.28453	-0.127209	2.45993	0	0.0616638	-0.00580396	0.0316267	0	0.097752	0	0	0	0	0	0.365689	-0.0110275	0.0161673	0	0	0.0276326	0.0200179	0	0	0.104771	-0.0103167	-0.25364
2011-05-10 00:00:00	-3.21132	0.0241807	2.59111	0	0.0391077	-0.00465798	0.023131	0	0.0815485	0	0	0	0	0	0.244288	-0.0110223	0.0161601	0	0	0.0285284	0.0203712	0	0	0.105264	-0.0103385	-0.0636471
2011-05-11 00:00:00	-2.8095	-0.00360971	2.54947	0	0.00415579	-0.00344681	0.0157602	0	0.0669442	0	0	0	0	0	0.122893	-0.0110157	0.016142	0	0	0.0275649	0.0198031	0	0	0.105636	-0.0103019	0.0904937
2011-05-12 00:00:00	-3.93321	0.0894552	2.49362	0	0.102557	-0.00369322	0.0174566	0	0.0742135	0	0	0	0	0	0.590877	-0.0110132	0.0161267	0	0	0.026572	0.0191771	0	0	0.105915	-0.010296	-0.422242
2011-05-13 00:00:00	-2.33263	-0.211546	2.29432	0	-0.0059983	-0.00254825	0.0120596	0	0.0613997	0	0	0	0	0	0.0952397	-0.0110099	0.0161073	0	0	0.0255033	0.0185789	0	0	0.106185	-0.0104339	0.055226
2011-05-14 00:00:00	0	-1.19437	2.31657	0	-0.235939	-0.000656708	0.00341709	0	0.0261919	0	0	0	0	0	-0.524501	-0.011	0.0160806	0	0	0.0232365	0.0178027	0	0	0.106167	-0.0101988	0.532807
2011-05-15 00:00:00	-0.567548	-0.368604	2.26111	0	-0.347434	0	3.11749E-05	0	0.00291344	0	0	0	0	0	-0.362354	-0.0109809	0.0160383	0	0	0.0188034	0.0158442	0	0	0.10599	-0.00984834	0.75396
2011-05-16 00:00:00	-4.49819	0.863011	2.64688	0	0.243048	-9.95774E-06	0.000760389	0	0.00151308	0	0	0	0	0	0.262206	-0.0109771	0.0160272	0	0	0.0183396	0.0155205	0	0	0.105468	-0.0096118	-0.346012
2011-05-17 00:00:00	0	-1.03294	2.513	0	-0.181512	-0.000186495	0.00120625	0	0.0234543	0	0	0	0	0	-0.64137	-0.0109623	0.0160078	0	0	0.0169876	0.0145654	0	0	0.10494	-0.00965205	0.813535
2011-05-18 00:00:00	-2.09697	0.00360903	2.5708	0	-0.0375006	0	0.000318839	0	0.00661051	0	0	0	0	0	-0.103329	-0.0109408	0.0159701	0	0	0.0143637	0.0131943	0	0	0.104643	-0.0094609	0.471304
2011-05-19 00:00:00	-0.483892	-0.352293	2.27429	0	-0.113216	0	0.000152221	0	0.00255752	0	0	0	0	0	-0.812253	-0.0109238	0.0159447	0	0	0.0124589	0.0121552	0	0	0.104242	-0.00931828	0.639904
2011-05-20 00:00:00	-1.02235	-0.129698	2.28605	0	-0.0343436	0	0.00023618	0	0.000872395	0	0	0	0	0	-0.530135	-0.0109029	0.01591	0	0	0.0109464	0.0113264	0	0	0.103535	-0.00916874	0.692279
2011-05-21 00:00:00	-3.77028	0.70571	2.59958	0	0.131675	0	0.000781944	0	0.00775098	0	0	0	0	0	0.246671	-0.0109003	0.0158889	0	0	0.0120996	0.0116368	0	0	0.102887	-0.00907266	0.0444229
2011-05-22 00:00:00	-5.48757	0.698091	2.57321	0	0.278368	-0.001634	0.00843358	0	0.0581254	0	0	0	0	0	1.11297	-0.0108992	0.0158886	0	0	0.014609	0.0123683	0	0	0.102094	-0.00938577	-0.635334
2011-05-23 00:00:00	-13.4312	1.0499	2.63234	0	0.84398	-0.00993886	0.0654977	0	0.257783	0	0	0	0	0	4.66834	-0.0109301	0.0159341	0	0	0.0243036	0.0162989	0	0	0.102187	-0.011448	-3.78698
2011-05-24 00:00:00	-6.12645	0.0205681	2.52628	0	0.116586	-0.00836066	0.0476615	0	0.318592	0	0	0	0	0	1.50014	-0.0109589	0.0159617	0	0	0.0330865	0.0196265	0	0	0.103239	-0.013767	-1.45779
2011-05-25 00:00:00	0	-1.44423	2.42342	0	-0.349455	-0.00275281	0.0151971	0	0.153572	0	0	0	0	0	-0.721275	-0.0109678	0.0159371	0	0	0.0326062	0.019475	0	0	0.104589	-0.0127782	0.223336
2011-05-26 00:00:00	-0.640801	-0.441664	2.57611	0	-0.332621	-2.7882E-05	0.000297009	0	0.0172438	0	0	0	0	0	-0.844151	-0.0109532	0.0158957	0	0	0.0265352	0.0176301	0	0	0.105402	-0.0105373	0.478355
2011-05-27 00:00:00	-0.932161	-0.331624	2.59282	0	-0.414529	-2.02025E-05	0.00011058	0	0.0125426	0	0	0	0	0	-0.379278	-0.0109363	0.0158646	0	0	0.0222267	0.0158694	0	0	0.105257	-0.010035	0.686107
2011-05-28 00:00:00	-5.78065	1.39146	2.74668	0	0.612467	-0.00139061	0.00659358	0	0.0312664	0	0	0	0	0	0.616929	-0.010915	0.0158649	0	0	0.0231592	0.0157077	0	0	0.105031	-0.00978551	-0.237576
2011-05-29 00:00:00	-1.71543	-0.841928	2.654	0	-0.0180358	-0.0026274	0.0127307	0	0.0995996	0	0	0	0	0	-0.0305591	-0.0109165	0.0158417	0	0	0.0235266	0.0155884	0	0	0.104794	-0.0100751	0.296517
2011-05-30 00:00:00	-0.54002	-0.707588	2.63319	0	-0.339279	-0.000228177	0.00141654	0	0.0294536	0	0	0	0	0	-0.65609	-0.0109076	0.0158095	0	0	0.0209932	0.0151002	0	0	0.104969	-0.00984742	0.556972
2011-05-31 00:00:00	-0.0545653	-0.425038	3.21075	0	-0.493791	0	1.30256E-05	0	0.00475538	0	0	0	0	0	-1.42889	-0.0108933	0.0157662	0	0	0.0159376	0.0130722	0	0	0.104782	-0.00956887	0.942336
2011-06-01 00:00:00	-0.104633	-0.0707183	2.64641	0	-0.282521	0	0	0	0.00110176	0	0	0	0	0	-1.1017	-0.0108599	0.0157048	0	0	0.0119635	0.0114172	0	0	0.104298	-0.00930881	1.21116
2011-06-02 00:00:00	0	0	2.93318	0	-0.0739888	0	0	0	0.000226988	0	0	0	0	0	-1.55665	-0.0108127	0.0156771	0	0	0.0092129	0.0100734	0	0	0.103748	-0.00905703	1.42161
2011-06-03 00:00:00	-0.0545653	0	2.88148	0	-0.0238665	0	0	0	3.88062E-06	0	0	0	0	0	-1.36798	-0.0107832	0.0156483	0	0	0.00714367	0.00898966	0	0	0.102862	-0.00883384	1.55011
2011-06-04 00:00:00	0	0	2.35801	0	-0.00448562	0	0	0	0	0	0	0	0	0	-1.10587	-0.0107463	0.0155875	0	0	0.00591089	0.00831887	0	0	0.102144	-0.00867508	1.36019
2011-06-05 00:00:00	-0.186236	0	2.32216	0	-0.000867622	0	0	0	0	0	0	0	0	0	-1.00904	-0.0107212	0.0155557	0	0	0.00519216	0.00788236	0	0	0.101403	-0.00857033	1.23676
2011-06-06 00:00:00	-0.270128	0	2.32518	0	-0.00104838	0	0	0	0	0	0	0	0	0	-0.998526	-0.0107042	0.0155259	0	0	0.00459066	0.00746245	0	0	0.100496	-0.00848687	1.16436
2011-06-07 00:00:00	-4.14285	0.710104	2.79497	0	0.127591	0	0.000179314	0	0	0	0	0	0	0	0.258577	-0.0106895	0.0154941	0	0	0.0053566	0.00796128	0	0	0.0996256	-0.00841137	-0.142085
2011-06-08 00:00:00	-4.47215	0.698276	2.74719	0	0.0332727	0	0.000311881	0	5.9868E-07	0	0	0	0	0	0.574468	-0.0106826	0.0154668	0	0	0.00621331	0.00848951	0	0	0.0989231	-0.00848049	-0.308705
2011-06-09 00:00:00	-1.63023	-0.917897	2.77138	0	0.0434902	0	0.000476316	0	0	0	0	0	0	0	-0.147786	-0.0106597	0.0154406	0	0	0.00726038	0.00912163	0	0	0.0984682	-0.0085474	0.230517
2011-06-10 00:00:00	-1.28657	-0.418617	2.61438	0	-0.00782232	0	0.000424613	0	3.64743E-06	0	0	0	0	0	-0.461584	-0.010645	0.0153968	0	0	0.00735762	0.0090569	0	0	0.0979247	-0.0085658	0.550736
2011-06-11 00:00:00	-6.26023	1.60431	2.55508	0	0.132677	0	0.00113876	0	0.00032319	0	0	0	0	0	1.09523	-0.010637	0.0153875	0	0	0.0085653	0.00937864	0	0	0.0975043	-0.00855111	-0.75983
2011-06-12 00:00:00	-5.13374	0.239059	2.81305	0	0.182218	-1.50193E-05	0.00183722	0	0.0233203	0	0	0	0	0	1.01255	-0.0106404	0.015405	0	0	0.0134366	0.0116365	0	0	0.0973206	-0.00886034	-0.743427
2011-06-13 00:00:00	-0.159199	-1.63151	2.93767	0	-0.151649	-0.00016713	0.00106465	0	0.0217429	0	0	0	0	0	-0.533397	-0.0106317	0.0153857	0	0	0.0149583	0.0126688	0	0	0.097051	-0.0090694	0.604922
2011-06-14 00:00:00	0	-0.225743	2.67043	0	-0.0989598	0	6.86046E-05	0	0.00034342	0	0	0	0	0	-1.43182	-0.0105915	0.0153427	0	0	0.01196	0.0116003	0	0	0.0966546	-0.00894119	1.03034
2011-06-15 00:00:00	-0.211711	-0.049664	2.81152	0	-0.215161	0	7.65926E-06	0	3.08541E-05	0	0	0	0	0	-1.16771	-0.010559	0.0152898	0	0	0.00943386	0.0103301	0	0	0.0959008	-0.00876535	1.27895
2011-06-16 00:00:00	-2.22123	-0.00202536	2.81526	0	0.0882152	0	9.6766E-06	0	0	0	0	0	0	0	-0.347055	-0.0105558	0.0152454	0	0	0.00930958	0.0103241	0	0	0.0951932	-0.00858612	0.444105
2011-06-17 00:00:00	-0.429481	-0.00651925	2.66722	0	-0.062402	0	1.30224E-07	0	0	0	0	0	0	0	-1.175	-0.0105576	0.0151386	0	0	0.00793274	0.00952322	0	0	0.094421	-0.00855108	1.10173
2011-06-18 00:00:00	-4.09298	0.730625	2.98324	0	0.119682	0	0.00019482	0	0	0	0	0	0	0	0.177004	-0.0105482	0.0151508	0	0	0.00973104	0.0101148	0	0	0.0936249	-0.00843679	0.0274039
2011-06-19 00:00:00	-6.71698	0.598896	3.21996	0	0.308656	-0.00193805	0.00964506	0	0.0121288	0	0	0	0	0	1.58976	-0.010547	0.0151956	0	0	0.0154597	0.0131213	0	0	0.093086	-0.00866869	-0.862227
2011-06-20 00:00:00	0	-1.22052	2.8285	0	-0.13269	-0.00128217	0.00729428	0	0.0201435	0	0	0	0	0	-0.911774	-0.0105409	0.0151884	0	0	0.0187319	0.01505	0	0	0.0931259	-0.009076	0.71215
2011-06-21 00:00:00	-10.739	2.42035	3.26362	0	0.390983	-0.00392817	0.0241939	0	0.0612357	0	0	0	0	0	2.61956	-0.0105458	0.0151956	0	0	0.0209323	0.0158948	0	0	0.093089	-0.00911655	-1.83758
2011-06-22 00:00:00	-2.82155	-0.454205	3.18601	0	-0.0172668	-0.0030549	0.0168377	0	0.0712949	0	0	0	0	0	-0.0677596	-0.010548	0.0151968	0	0	0.0242542	0.017352	0	0	0.0933606	-0.00943807	0.0404831
2011-06-23 00:00:00	-3.55803	0.215845	3.05253	0	0.0173958	-0.00151875	0.0078989	0	0.0368249	0	0	0	0	0	0.115047	-0.0105345	0.015171	0	0	0.0229877	0.0167424	0	0	0.0934783	-0.00933443	0.0145074
2011-06-24 00:00:00	-0.114545	-1.54302	2.91877	0	-0.179911	-0.000628912	0.00343212	0	0.020593	0	0	0	0	0	-0.695892	-0.0105199	0.0151463	0	0	0.0209587	0.0160843	0	0	0.0934457	-0.00922343	0.534689
2011-06-25 00:00:00	-2.8907	0.154882	3.17657	0	0.00943886	-0.000149705	0.000789643	0	0.00640861	0	0	0	0	0	-0.157709	-0.0104947	0.0150882	0	0	0.0186304	0.0152375	0	0	0.0933467	-0.00908339	0.422256
2011-06-26 00:00:00	-0.159199	-0.774401	3.41199	0	-0.24724	-1.81657E-05	0.000455183	0	0.00607139	0	0	0	0	0	-1.53501	-0.0104645	0.0150654	0	0	0.0160032	0.0137795	0	0	0.0929157	-0.00895121	0.820994
2011-06-27 00:00:00	-0.67081	-0.112105	3.0957	0	-0.206687	0	0	0	0.000375015	0	0	0	0	0	-1.20372	-0.0104421	0.0150166	0	0	0.0122495	0.0120308	0	0	0.0926303	-0.00876609	1.01548
2011-06-28 00:00:00	0	-0.016469	3.03935	0	-0.106396	0	0	0	0	0	0	0	0	0	-1.86649	-0.0104482	0.0149682	0	0	0.00938758	0.0105576	0	0	0.0921159	-0.00859421	1.15798
2011-06-29 00:00:00	-0.297165	0	3.09508	0	-0.0384995	0	0	0	0	0	0	0	0	0	-1.52259	-0.0104119	0.0148931	0	0	0.00708229	0.00928232	0	0	0.0913669	-0.00839311	1.34065
2011-06-30 00:00:00	-0.745435	0	2.67009	0	0.00474483	0	0	0	0	0	0	0	0	0	-1.07788	-0.0103669	0.0148353	0	0	0.00611143	0.00872374	0	0	0.0907662	-0.00820915	0.953385
2011-07-01 00:00:00	0	0	2.95566	0	-0.0193416	0	0	0	0	0	0	0	0	0	-1.73748	-0.0103259	0.0147859	0	0	0.00485031	0.00787339	0	0	0.0900549	-0.00811878	1.29796
2011-07-02 00:00:00	0	0	4.2334	0	-0.0286305	0	0	0	0	0	0	0	0	0	-2.45676	-0.0103023	0.0147486	0	0	0.00314742	0.00668174	0	0	0.0893112	-0.00798912	1.8436
2011-07-03 00:00:00	0	0	3.23331	0	-0.0073594	0	0	0	0	0	0	0	0	0	-1.90728	-0.0102479	0.0146999	0	0	0.0023396	0.00600354	0	0	0.0884728	-0.00781858	1.41212
2011-07-04 00:00:00	0	0	4.12351	0	-0.0125382	0	0	0	0	0	0	0	0	0	-2.46495	-0.0102083	0.0146503	0	0	0.00161719	0.00521081	0	0	0.0876554	-0.00770946	1.73724
2011-07-05 00:00:00	-1.73036	0	3.2049	0	0.0129171	0	0	0	0	0	0	0	0	0	-0.88727	-0.0101605	0.0145983	0	0	0.00178559	0.00538459	0	0	0.086674	-0.00759086	0.690874
2011-07-06 00:00:00	-7.50245	1.70985	3.25689	0	0.113781	0	6.18574E-05	0	0	0	0	0	0	0	1.26921	-0.010174	0.0146134	0	0	0.00452556	0.00741518	0	0	0.0860291	-0.00758289	-1.05784
2011-07-07 00:00:00	-1.88346	-0.972769	3.15706	0	0.015954	0	0.000101697	0	0	0	0	0	0	0	-0.0881228	-0.0101661	0.0145864	0	0	0.00669793	0.00895381	0	0	0.0856479	-0.00786214	0.326621
2011-07-08 00:00:00	-16.0556	2.51425	3.4606	0	0.432027	-0.00236634	0.014581	0	0.0337466	0	0	0	0	0	5.55506	-0.0101895	0.0146569	0	0	0.0148096	0.0138346	0	0	0.0854622	-0.00826719	-3.93736
2011-07-09 00:00:00	-8.48429	-0.0482884	3.28945	0	0.218889	-0.0131236	0.0819096	0	0.236597	0	0	0	0	0	2.72728	-0.0102258	0.0147506	0	0	0.0316987	0.0223839	0	0	0.0862156	-0.00929083	-1.85604
2011-07-10 00:00:00	-0.589171	-1.60724	3.15859	0	-0.164994	-0.00509058	0.0246925	0	0.0890973	0	0	0	0	0	-0.727819	-0.0102312	0.0147618	0	0	0.0372642	0.024901	0	0	0.0877343	-0.00962965	0.322863
2011-07-11 00:00:00	-15.4247	2.03973	3.2377	0	0.542796	-0.0157976	0.0936506	0	0.414102	0	0	0	0	0	5.59526	-0.010245	0.0147934	0	0	0.0410285	0.0259061	0	0	0.0884505	-0.00986142	-3.36722
2011-07-12 00:00:00	0	-2.00357	3.04049	0	-0.258361	-0.00560536	0.0308391	0	0.211188	0	0	0	0	0	-1.0183	-0.0102602	0.0148163	0	0	0.046553	0.0276883	0	0	0.0897407	-0.0101675	0.155049
2011-07-13 00:00:00	0	-0.67671	3.41396	0	-0.373332	-0.000145677	0.000879768	0	0.0125759	0	0	0	0	0	-1.68623	-0.0102433	0.0147728	0	0	0.0349976	0.0227449	0	0	0.0903701	-0.00975251	0.833888
2011-07-14 00:00:00	0	-0.557656	3.04099	0	-0.355051	0	9.44335E-05	0	0.000417121	0	0	0	0	0	-1.19604	-0.0102265	0.0147438	0	0	0.0273906	0.0193895	0	0	0.0902219	-0.00939333	1.06488
2011-07-15 00:00:00	-1.14364	-0.318684	3.22109	0	0.0130605	0	9.30418E-06	0	0	0	0	0	0	0	-1.12405	-0.0102222	0.0147155	0	0	0.023186	0.0175755	0	0	0.0900736	-0.00905302	0.774068
2011-07-16 00:00:00	-41.8934	3.65705	3.58967	0	2.1917	-0.0497081	0.346003	0	1.58413	0	0	0	0	0	19.1758	-0.0102948	0.0149107	0	0	0.054107	0.029874	0	0	0.0895569	-0.0141543	-11.2348
2011-07-17 00:00:00	-9.99181	-0.0291121	3.55919	0	-0.305318	-0.0267738	0.159218	0	1.12716	0	0	0	0	0	2.2651	-0.0103835	0.0150786	0	0	0.0974096	0.0449921	0	0	0.0921543	-0.0192416	-3.02233
2011-07-18 00:00:00	-1.0408	-1.87916	3.32303	0	-0.278029	-0.0119203	0.0595864	0	0.498741	0	0	0	0	0	-1.11049	-0.0103982	0.0150824	0	0	0.0919379	0.0424809	0	0	0.0954637	-0.0155379	-0.220016
2011-07-19 00:00:00	-20.9594	1.92862	3.24888	0	0.834376	-0.0504006	0.238364	0	1.96238	0	0	0	0	0	8.42956	-0.0104607	0.0151787	0	0	0.108519	0.0480615	0	0	0.095435	-0.0215933	-4.13253
2011-07-20 00:00:00	-3.86422	0.0187678	3.07627	0	-0.341037	-0.020372	0.0892412	0	0.983141	0	0	0	0	0	-0.708101	-0.0105223	0.015227	0	0	0.131563	0.0542865	0	0	0.0982508	-0.0220263	-0.499532
2011-07-21 00:00:00	-1.89292	-1.12376	3.08327	0	-0.202847	-0.00937634	0.0421358	0	0.424107	0	0	0	0	0	-0.709985	-0.0105376	0.0151981	0	0	0.11208	0.0473274	0	0	0.100805	-0.0171881	-0.141692
2011-07-22 00:00:00	-0.386236	-1.13609	2.90384	0	-0.382878	-0.00547913	0.0252751	0	0.207893	0	0	0	0	0	-1.06543	-0.0105325	0.0151747	0	0	0.095187	0.0416073	0	0	0.101992	-0.0143732	0.389947
2011-07-23 00:00:00	0	-0.668671	3.5543	0	-0.819061	-0.000542544	0.00175341	0	0.0324476	0	0	0	0	0	-1.70518	-0.0105208	0.0151415	0	0	0.0744084	0.0345025	0	0	0.10265	-0.0122927	0.598931
2011-07-24 00:00:00	0	-0.59855	3.59072	0	-0.579422	-0.000296263	8.22387E-05	0	0.00767396	0	0	0	0	0	-1.51732	-0.0105065	0.015105	0	0	0.056402	0.0280556	0	0	0.10269	-0.0115503	1.08309
2011-07-25 00:00:00	0	-0.236421	3.66421	0	-0.13655	-4.2238E-05	1.49949E-06	0	0.00396209	0	0	0	0	0	-2.07785	-0.0104938	0.0150806	0	0	0.0447236	0.0240245	0	0	0.102586	-0.0108146	1.38242
2011-07-26 00:00:00	0	-0.0116197	2.96428	0	-0.0526297	0	0	0	0.00184457	0	0	0	0	0	-1.52419	-0.0104774	0.0150509	0	0	0.0350986	0.0206006	0	0	0.1023	-0.0102144	1.53005
2011-07-27 00:00:00	0	0	3.18612	0	-0.0332835	0	0	0	0.000849484	0	0	0	0	0	-1.57518	-0.0104592	0.0150197	0	0	0.0269906	0.0176864	0	0	0.101924	-0.00978958	1.71988
2011-07-28 00:00:00	-8.04457	2.40453	3.1873	0	0.288135	0	0.000111217	0	0.000716614	0	0	0	0	0	1.24859	-0.0104628	0.015034	0	0	0.0288049	0.0181569	0	0	0.101497	-0.00940872	-0.771564
2011-07-29 00:00:00	0	-2.23431	3.11621	0	-0.0165268	0	0.000324246	0	0.00114919	0	0	0	0	0	-0.325837	-0.0104546	0.0150144	0	0	0.0278216	0.01792	0	0	0.101264	-0.00948129	0.683091
2011-07-30 00:00:00	0	-0.170183	3.7134	0	-0.252474	0	0	0	0.00069992	0	0	0	0	0	-1.53884	-0.0104273	0.0149677	0	0	0.0193867	0.0151832	0	0	0.101025	-0.00938026	1.88336
2011-07-31 00:00:00	0	0	2.96589	0	-0.0423342	0	0	0	0.000149235	0	0	0	0	0	-1.64572	-0.0104077	0.0149501	0	0	0.0145407	0.0133644	0	0	0.100532	-0.00903268	1.40193
2011-08-01 00:00:00	-1.44851	0	3.43225	0	0.00955953	0	0	0	6.30109E-05	0	0	0	0	0	-0.929691	-0.0103928	0.0149218	0	0	0.0117534	0.012199	0	0	0.0997021	-0.00879764	1.18306
2011-08-02 00:00:00	-13.9836	3.42375	3.28799	0	0.536613	-0.000406382	0.0024979	0	0.00160161	0	0	0	0	0	3.80816	-0.0104145	0.0149858	0	0	0.019514	0.0154028	0	0	0.0991697	-0.0087742	-2.79349
2011-08-03 00:00:00	0	-2.32539	3.39157	0	-0.147555	-0.00130965	0.00480782	0	0.0102368	0	0	0	0	0	-0.572566	-0.0104167	0.0149911	0	0	0.025332	0.017913	0	0	0.0994281	-0.00929718	0.497745
2011-08-04 00:00:00	-5.86611	1.7236	3.27548	0	0.206134	-0.00185664	0.0097775	0	0.0200678	0	0	0	0	0	0.542931	-0.0104054	0.0149799	0	0	0.024327	0.0176849	0	0	0.0991469	-0.00924807	0.0465046
2011-08-05 00:00:00	0	-1.96614	3.05735	0	-0.139835	-0.00175418	0.00858101	0	0.0208624	0	0	0	0	0	-0.522957	-0.0103988	0.0149713	0	0	0.0251867	0.0181176	0	0	0.0991007	-0.00933152	0.593754
2011-08-06 00:00:00	-15.7232	3.18758	2.77327	0	1.17175	-0.00873904	0.066456	0	0.218963	0	0	0	0	0	5.04962	-0.0104154	0.0150066	0	0	0.0311084	0.0202977	0	0	0.0991021	-0.0101044	-3.11935
2011-08-07 00:00:00	-18.8826	0.0121639	2.98832	0	0.994052	-0.0408757	0.224548	0	1.61982	0	0	0	0	0	8.47812	-0.0104816	0.0151196	0	0	0.0552859	0.0290326	0	0	0.097729	-0.0243101	-4.44413
2011-08-08 00:00:00	-0.45998	-2.15271	2.94048	0	-0.548943	-0.0146952	0.0607806	0	0.80432	0	0	0	0	0	-1.00973	-0.0105232	0.0151517	0	0	0.0656664	0.0324177	0	0	0.100251	-0.0215119	-0.199022
2011-08-09 00:00:00	0	-0.555485	2.76449	0	-0.714844	-0.00232336	0.00842637	0	0.111773	0	0	0	0	0	-1.42158	-0.0105212	0.0151236	0	0	0.0543765	0.0286098	0	0	0.103299	-0.0138402	0.3675
2011-08-10 00:00:00	-28.1301	2.76889	3.01047	0	1.87884	-0.0668238	0.287384	0	2.94747	0	0	0	0	0	12.0609	-0.0105823	0.0152442	0	0	0.0728746	0.0339937	0	0	0.0998948	-0.029962	-5.06149
2011-08-11 00:00:00	-28.7319	0.038238	2.97593	0	0.556032	-0.117485	0.478381	0	5.79315	0	0	0	0	0	12.2186	-0.0107339	0.0155437	0	0	0.15287	0.0541901	0	0	0.0997945	-0.0468663	-6.52428
2011-08-12 00:00:00	-0.990088	-2.01972	3.15391	0	-1.00202	-0.0328453	0.106097	0	1.79384	0	0	0	0	0	-2.01949	-0.0108265	0.0156898	0	0	0.179882	0.060571	0	0	0.112204	-0.0317957	-0.684591
2011-08-13 00:00:00	-3.50058	0.347815	3.19854	0	-0.0972632	-0.0207444	0.0692858	0	0.883139	0	0	0	0	0	-1.13989	-0.0108636	0.0156785	0	0	0.152599	0.0527183	0	0	0.117855	-0.0245518	0.0437294
2011-08-14 00:00:00	-0.343872	-1.01661	2.88826	0	-0.648984	-0.0106116	0.0384276	0	0.400574	0	0	0	0	0	-1.32284	-0.0108618	0.0156545	0	0	0.128109	0.0460696	0	0	0.120266	-0.0194247	0.264156
2011-08-15 00:00:00	-0.0992187	-0.489138	2.77877	0	-0.492323	-0.00217875	0.00358732	0	0.0557115	0	0	0	0	0	-1.49369	-0.0108479	0.0156244	0	0	0.101538	0.0387881	0	0	0.121559	-0.015456	0.51273
2011-08-16 00:00:00	-10.082	3.09985	2.72295	0	1.19284	-0.0147722	0.0514517	0	0.452321	0	0	0	0	0	1.88432	-0.0108471	0.015627	0	0	0.0931472	0.0362683	0	0	0.120988	-0.0192119	-0.457031
2011-08-17 00:00:00	-0.285455	-2.20225	2.66256	0	-0.276513	-0.0088548	0.0375811	0	0.482651	0	0	0	0	0	-0.449808	-0.0108551	0.0156171	0	0	0.0860426	0.0343306	0	0	0.120912	-0.0215641	0.184393
2011-08-18 00:00:00	-14.1123	2.35313	2.69807	0	0.766482	-0.0527452	0.141249	0	1.82357	0	0	0	0	0	4.49494	-0.0108518	0.0156676	0	0	0.0856239	0.0351589	0	0	0.118306	-0.0317449	-1.67547
2011-08-19 00:00:00	-0.668075	-1.93038	2.8153	0	-0.619717	-0.0189293	0.0529416	0	0.928026	0	0	0	0	0	-0.69458	-0.0108344	0.015713	0	0	0.0861184	0.0358603	0	0	0.121118	-0.0276445	0.084913
2011-08-20 00:00:00	-3.19932	0.392741	2.87377	0	0.125544	-0.00628378	0.0155295	0	0.2319	0	0	0	0	0	-0.486128	-0.0108276	0.0157016	0	0	0.0715134	0.0312716	0	0	0.125057	-0.0191064	0.161367
2011-08-21 00:00:00	-0.2	-1.06716	2.73219	0	-0.724979	-0.00615863	0.0154034	0	0.244137	0	0	0	0	0	-0.785729	-0.0108215	0.0156888	0	0	0.0612011	0.0283846	0	0	0.125747	-0.0180801	0.409817
2011-08-22 00:00:00	-0.2	-0.420999	2.59367	0	-0.728482	-0.00173742	0.00101713	0	0.0366146	0	0	0	0	0	-1.00357	-0.0108125	0.0156574	0	0	0.0457727	0.0242158	0	0	0.126708	-0.0145476	0.463511
2011-08-23 00:00:00	0	-0.498419	2.82512	0	-0.757822	-0.00115502	0.000476238	0	0.0169816	0	0	0	0	0	-0.934298	-0.0107953	0.015624	0	0	0.0326966	0.0203786	0	0	0.126529	-0.0132293	0.822086
2011-08-24 00:00:00	-2.38262	0.0176135	2.68709	0	0.159231	-0.000745055	0.000308434	0	0.0113953	0	0	0	0	0	-0.267847	-0.0107896	0.0156073	0	0	0.0287511	0.0191699	0	0	0.126158	-0.0121324	0.391191
2011-08-25 00:00:00	-1.81275	0.0340734	2.64081	0	0.0961612	-0.00169807	0.00173019	0	0.0164318	0	0	0	0	0	-0.367807	-0.0107837	0.0155941	0	0	0.0254903	0.0180323	0	0	0.125356	-0.0121434	0.768504
2011-08-26 00:00:00	-5.11167	1.87552	2.43243	0	0.235668	-0.00242904	0.00604654	0	0.0336777	0	0	0	0	0	0.474882	-0.010776	0.0155771	0	0	0.0234702	0.0172386	0	0	0.124924	-0.0121674	0.102399
2011-08-27 00:00:00	-12.2147	1.57585	2.427	0	1.80156	-0.0157177	0.0867185	0	0.402232	0	0	0	0	0	4.00037	-0.0107931	0.0156351	0	0	0.0367456	0.0223908	0	0	0.12487	-0.0147751	-1.76266
2011-08-28 00:00:00	-10.8185	0.182534	2.4141	0	0.442156	-0.0375898	0.179519	0	1.91258	0	0	0	0	0	4.02268	-0.010815	0.0157064	0	0	0.0558649	0.0289496	0	0	0.122432	-0.0284297	-1.51879
2011-08-29 00:00:00	-0.2	-2.07188	2.41904	0	-0.59083	-0.0119857	0.0479644	0	0.801904	0	0	0	0	0	-0.577566	-0.0108173	0.0157099	0	0	0.0593736	0.0297455	0	0	0.125404	-0.0242324	0.0118229
2011-08-30 00:00:00	0	-0.774987	2.50639	0	-0.62752	-0.00449142	0.016496	0	0.18327	0	0	0	0	0	-1.08046	-0.010807	0.0156901	0	0	0.0506309	0.0269633	0	0	0.128666	-0.0165355	0.413304
2011-08-31 00:00:00	-0.0545653	-0.400778	2.3946	0	-0.744647	-0.00109017	0.00111151	0	0.0317277	0	0	0	0	0	-1.02923	-0.0107945	0.0156582	0	0	0.0382828	0.0227367	0	0	0.12941	-0.0134126	0.379008
2011-09-01 00:00:00	0	-0.429423	2.48331	0	-0.459811	-0.000720531	0.000440258	0	0.0123005	0	0	0	0	0	-1.00911	-0.0107811	0.0156294	0	0	0.0292216	0.0196285	0	0	0.128895	-0.0123216	0.767259
2011-09-02 00:00:00	-2.01605	-0.0911826	2.63752	0	0.0431434	-0.000995384	0.00139617	0	0.0150809	0	0	0	0	0	-0.238564	-0.0107722	0.0156009	0	0	0.0251421	0.0181978	0	0	0.128014	-0.0117885	0.514736
2011-09-03 00:00:00	-5.86948	2.67845	2.48443	0	0.304796	-0.00264708	0.00708493	0	0.0503645	0	0	0	0	0	0.410348	-0.010767	0.0155883	0	0	0.0240261	0.0176895	0	0	0.127215	-0.0117745	0.225325
2011-09-04 00:00:00	-1.47916	-0.780532	2.26915	0	0.0468209	-0.00283069	0.00898197	0	0.0569859	0	0	0	0	0	0.0206387	-0.0107598	0.0155678	0	0	0.0239208	0.0175172	0	0	0.126923	-0.0118289	0.301393
2011-09-05 00:00:00	-0.254565	-1.75735	2.29046	0	-0.0595386	-0.0019781	0.006765	0	0.0417884	0	0	0	0	0	-0.0639744	-0.0107511	0.0155395	0	0	0.0229706	0.0170052	0	0	0.12639	-0.0115544	0.361199
2011-09-06 00:00:00	-9.69864	3.25718	2.32598	0	1.0072	-0.00699474	0.0301111	0	0.151677	0	0	0	0	0	1.99783	-0.0107527	0.0155486	0	0	0.0257745	0.0184559	0	0	0.125627	-0.0121128	-0.773129
2011-09-07 00:00:00	-4.90377	0.228925	2.29521	0	0.286608	-0.0129392	0.0615859	0	0.414019	0	0	0	0	0	1.05115	-0.0107641	0.015583	0	0	0.0360457	0.0224405	0	0	0.125411	-0.0150318	-0.405525
2011-09-08 00:00:00	-3.89878	0.0953696	2.26244	0	0.0534358	-0.0136128	0.0666847	0	0.4789	0	0	0	0	0	0.635378	-0.0107672	0.0155984	0	0	0.0415973	0.024546	0	0	0.125492	-0.0152491	-0.138964
2011-09-09 00:00:00	-3.62704	0.140167	2.26067	0	0.0494936	-0.0103939	0.0553864	0	0.399681	0	0	0	0	0	0.503365	-0.0107665	0.0155966	0	0	0.0429982	0.0250516	0	0	0.125424	-0.0160389	-0.0464059
2011-09-10 00:00:00	-2.71073	-0.281282	2.58222	0	-0.103198	-0.00816349	0.0400826	0	0.302666	0	0	0	0	0	0.11307	-0.0107637	0.0155899	0	0	0.0418809	0.0246669	0	0	0.125632	-0.0158249	0.115848
2011-09-11 00:00:00	-2.0122	-0.119738	2.10995	0	-0.0364683	-0.00430638	0.0198543	0	0.137347	0	0	0	0	0	-0.170981	-0.0107551	0.0155725	0	0	0.0384825	0.0232401	0	0	0.126105	-0.0138237	0.10228
2011-09-12 00:00:00	-6.73991	0.503215	2.30324	0	0.471612	-0.0190754	0.0731349	0	0.651088	0	0	0	0	0	2.08672	-0.0107603	0.0155844	0	0	0.0398948	0.0236881	0	0	0.124976	-0.0188009	-0.495399
2011-09-13 00:00:00	-7.11037	0.0322785	1.93984	0	0.277301	-0.0300499	0.102988	0	1.34962	0	0	0	0	0	2.49101	-0.0107715	0.0156051	0	0	0.0449172	0.02492	0	0	0.122703	-0.0293577	-0.77937
2011-09-14 00:00:00	-0.0953666	-1.72594	1.93761	0	-0.506143	-0.0101675	0.0308654	0	0.608623	0	0	0	0	0	-0.3556	-0.0107788	0.0155926	0	0	0.0440759	0.024159	0	0	0.126035	-0.02398	0.0589854
2011-09-15 00:00:00	0	-1.20461	2.31494	0	-0.464192	-0.00493818	0.0147525	0	0.178136	0	0	0	0	0	-0.693388	-0.0107788	0.0155698	0	0	0.0388245	0.0224167	0	0	0.129022	-0.0168867	0.31887
2011-09-16 00:00:00	-7.42654	2.6426	2.02645	0	0.447099	-0.0161953	0.0680907	0	0.381826	0	0	0	0	0	1.36521	-0.0107806	0.0155946	0	0	0.0405519	0.0236848	0	0	0.129806	-0.0144935	-0.327098
2011-09-17 00:00:00	-10.7587	0.343378	1.90571	0	0.656833	-0.0555581	0.239336	0	1.93364	0	0	0	0	0	4.22921	-0.0108042	0.0157072	0	0	0.0669335	0.034455	0	0	0.127741	-0.0222232	-1.29433
2011-09-18 00:00:00	-4.98018	0.0245974	1.97418	0	-0.103102	-0.0339765	0.13471	0	1.42156	0	0	0	0	0	1.08523	-0.0108178	0.0157906	0	0	0.0828159	0.0401187	0	0	0.127449	-0.0286496	-0.250269
2011-09-19 00:00:00	-8.25626	-0.000601479	1.81188	0	0.196587	-0.0490953	0.19136	0	1.99861	0	0	0	0	0	2.94415	-0.0108376	0.0158744	0	0	0.0886129	0.0417113	0	0	0.12815	-0.0317026	-0.931562
2011-09-20 00:00:00	-0.0854547	-1.72884	1.92946	0	-0.389002	-0.0171779	0.0615873	0	0.836005	0	0	0	0	0	-0.654072	-0.0108443	0.015892	0	0	0.0866996	0.0404163	0	0	0.131733	-0.0256314	0.190773
2011-09-21 00:00:00	-11.6545	1.7375	1.84782	0	0.675188	-0.0479474	0.191248	0	2.09677	0	0	0	0	0	3.83542	-0.0108521	0.0159233	0	0	0.0845396	0.0390996	0	0	0.1305	-0.0314975	-1.09079
2011-09-22 00:00:00	-0.626202	-1.15978	1.84336	0	-0.682362	-0.0183406	0.0609989	0	1.06299	0	0	0	0	0	-0.633383	-0.0108564	0.0159648	0	0	0.0838349	0.0379457	0	0	0.132329	-0.029075	0.0774242
2011-09-23 00:00:00	0	-1.50944	1.9474	0	-0.178024	-0.00848476	0.0292762	0	0.351176	0	0	0	0	0	-0.600086	-0.01085	0.0159523	0	0	0.0730231	0.0340521	0	0	0.135601	-0.0204907	0.259098
2011-09-24 00:00:00	-1.75764	0.0660309	1.8044	0	-0.117968	-0.00616823	0.0178516	0	0.211569	0	0	0	0	0	-0.266421	-0.0108443	0.0159284	0	0	0.0621304	0.030329	0	0	0.136468	-0.0175461	0.168126
2011-09-25 00:00:00	-10.3482	2.6035	1.81414	0	0.877525	-0.0265242	0.135407	0	1.19118	0	0	0	0	0	2.85945	-0.0108473	0.0159361	0	0	0.0584419	0.0290207	0	0	0.13334	-0.0279883	-0.695648
2011-09-26 00:00:00	-0.0446534	-1.54972	1.69831	0	-0.615477	-0.0132421	0.0480979	0	0.82674	0	0	0	0	0	-0.459971	-0.0108532	0.0159557	0	0	0.0580874	0.0288331	0	0	0.133647	-0.0283126	0.0874409
2011-09-27 00:00:00	0	-1.31331	1.837	0	-0.217589	-0.00345936	0.0125681	0	0.195992	0	0	0	0	0	-0.463782	-0.0108425	0.0159223	0	0	0.0482773	0.0254609	0	0	0.137057	-0.0190997	0.244196
2011-09-28 00:00:00	0	-0.395707	2.20062	0	-0.964268	-0.00369602	0.00813845	0	0.0645334	0	0	0	0	0	-0.7818	-0.0108406	0.0159105	0	0	0.0418982	0.0235476	0	0	0.137433	-0.0152781	0.320494
2011-09-29 00:00:00	0	-0.342376	2.04676	0	-0.545187	-0.00111676	0.000849288	0	0.0183475	0	0	0	0	0	-0.77894	-0.0108289	0.0158765	0	0	0.0311813	0.0200929	0	0	0.137341	-0.0136224	0.578375
2011-09-30 00:00:00	-0.0545653	-0.332009	2.00799	0	-0.395068	-0.00119852	0.000760595	0	0.0139636	0	0	0	0	0	-0.668068	-0.0108181	0.0158538	0	0	0.024938	0.0180401	0	0	0.136451	-0.0127297	0.743536
2011-10-01 00:00:00	-5.14905	2.7603	1.89593	0	0.31249	-0.0017524	0.00343914	0	0.0204002	0	0	0	0	0	0.314981	-0.0108107	0.015837	0	0	0.022807	0.0172215	0	0	0.135546	-0.0123852	0.324958
2011-10-02 00:00:00	-19.5088	1.16497	1.6636	0	2.83992	-0.0610609	0.277289	0	2.18145	0	0	0	0	0	8.07273	-0.0108548	0.0159736	0	0	0.051249	0.0275858	0	0	0.132831	-0.0243077	-3.17737
2011-10-03 00:00:00	-0.34002	-1.18472	1.59899	0	-0.859405	-0.0241141	0.0873231	0	1.37118	0	0	0	0	0	-0.703956	-0.010885	0.0160547	0	0	0.0737426	0.0347412	0	0	0.133381	-0.0301115	0.162208
2011-10-04 00:00:00	-0.310929	-1.03165	1.40942	0	0.0949165	-0.00772935	0.0299146	0	0.337498	0	0	0	0	0	-0.473425	-0.010876	0.0160227	0	0	0.0626691	0.030493	0	0	0.137269	-0.0203662	0.263221
2011-10-05 00:00:00	-4.402	1.7954	1.53068	0	0.00623014	-0.0163694	0.0634611	0	0.552213	0	0	0	0	0	0.333	-0.0108782	0.0160069	0	0	0.0583055	0.0289054	0	0	0.137181	-0.0212794	0.0708595
2011-10-06 00:00:00	-12.2606	0.438745	1.24502	0	0.933248	-0.0587827	0.223433	0	2.90203	0	0	0	0	0	5.06515	-0.0109112	0.0160547	0	0	0.0650553	0.0304035	0	0	0.131546	-0.0379771	-1.3176
2011-10-07 00:00:00	-0.145435	-1.08586	1.29988	0	-0.930589	-0.0211993	0.0692802	0	1.35234	0	0	0	0	0	-0.672896	-0.0109404	0.0160771	0	0	0.0694796	0.0309828	0	0	0.135241	-0.030902	0.0754647
2011-10-08 00:00:00	-7.62006	1.05776	1.34863	0	0.483422	-0.0358283	0.140811	0	1.56151	0	0	0	0	0	2.22173	-0.0109553	0.016096	0	0	0.0689762	0.0309663	0	0	0.136266	-0.0303627	-0.631038
2011-10-09 00:00:00	-3.95646	0.00542486	1.51481	0	-0.181303	-0.0310353	0.111309	0	1.54475	0	0	0	0	0	0.714388	-0.010966	0.0161002	0	0	0.0709044	0.0313944	0	0	0.136119	-0.0333824	-0.0679523
2011-10-10 00:00:00	-6.49628	0.00734731	1.08053	0	0.239197	-0.0444046	0.171806	0	1.97999	0	0	0	0	0	2.21529	-0.0109803	0.016122	0	0	0.0743337	0.0325803	0	0	0.136387	-0.0350511	-0.633137
2011-10-11 00:00:00	-0.974525	-0.318044	1.29555	0	-0.490012	-0.0187497	0.0636683	0	0.945475	0	0	0	0	0	-0.532302	-0.0109837	0.0161092	0	0	0.0719479	0.031802	0	0	0.139597	-0.0286841	0.190845
2011-10-12 00:00:00	-7.18535	0.313427	1.14647	0	0.536833	-0.0414013	0.167965	0	1.68766	0	0	0	0	0	2.44085	-0.0110015	0.0161688	0	0	0.0746218	0.0329706	0	0	0.139461	-0.0308813	-0.712216
2011-10-13 00:00:00	-0.230889	-0.93597	1.22265	0	-0.459047	-0.0181153	0.0639796	0	0.895342	0	0	0	0	0	-0.501996	-0.011015	0.0161588	0	0	0.0731409	0.0323932	0	0	0.141096	-0.0280677	0.259658
2011-10-14 00:00:00	-0.998201	-0.33004	1.35699	0	-0.211333	-0.00955432	0.0344671	0	0.39141	0	0	0	0	0	-0.318131	-0.0110101	0.0161397	0	0	0.0645732	0.0295161	0	0	0.143813	-0.0214103	0.137226
2011-10-15 00:00:00	0	-1.20536	1.29269	0	-0.200032	-0.00642872	0.0248954	0	0.248981	0	0	0	0	0	-0.235313	-0.0110052	0.0161248	0	0	0.0575694	0.0272256	0	0	0.144665	-0.0187695	0.135248
2011-10-16 00:00:00	-0.8	-0.262922	1.17486	0	-0.127721	-0.00582089	0.0220461	0	0.174818	0	0	0	0	0	-0.146177	-0.0109999	0.0161084	0	0	0.0512745	0.0251812	0	0	0.145028	-0.0167478	0.238931
2011-10-17 00:00:00	-28.4241	2.75516	1.00185	0	2.27221	-0.149262	0.582748	0	6.82946	0	0	0	0	0	11.7466	-0.0110557	0.0162247	0	0	0.0790825	0.0337642	0	0	0.133268	-0.049253	-3.18326
2011-10-18 00:00:00	-3.69107	-0.00744709	0.961496	0	-1.04252	-0.0590711	0.189992	0	3.23991	0	0	0	0	0	-0.126122	-0.0111401	0.0163066	0	0	0.115966	0.043033	0	0	0.138975	-0.0451325	-0.276827
2011-10-19 00:00:00	0	-0.779882	0.827715	0	-0.441959	-0.0244444	0.0771254	0	1.22508	0	0	0	0	0	-0.980704	-0.0111746	0.0162999	0	0	0.103171	0.0391221	0	0	0.145892	-0.0318904	0.164354
2011-10-20 00:00:00	-3.28545	0.783229	0.826862	0	0.294364	-0.0208469	0.07533	0	0.771407	0	0	0	0	0	0.1628	-0.0111982	0.0162906	0	0	0.0895392	0.0352487	0	0	0.14833	-0.0266047	-0.140704
2011-10-21 00:00:00	-2.85457	-0.0261782	1.07312	0	-0.256457	-0.0270475	0.0981585	0	1.25405	0	0	0	0	0	0.42235	-0.011203	0.0162974	0	0	0.0858741	0.0343611	0	0	0.147077	-0.0308243	-0.074989
2011-10-22 00:00:00	-0.2	-0.737566	0.981715	0	-0.308993	-0.0129228	0.0456852	0	0.596589	0	0	0	0	0	-0.417165	-0.0112004	0.0162854	0	0	0.0773471	0.0318372	0	0	0.149404	-0.0251261	0.18589
2011-10-23 00:00:00	-1.4018	0.293009	1.07462	0	-0.0891456	-0.00906184	0.0321317	0	0.333893	0	0	0	0	0	-0.252128	-0.011196	0.0162712	0	0	0.0680363	0.0290392	0	0	0.151009	-0.0210691	0.213614
2011-10-24 00:00:00	-0.654565	-0.393689	1.06562	0	-0.156631	-0.00656153	0.0241119	0	0.248019	0	0	0	0	0	-0.156936	-0.0111893	0.0162545	0	0	0.0600562	0.0266761	0	0	0.151614	-0.0191882	0.193594
2011-10-25 00:00:00	-3.87984	0.802558	0.970238	0	0.340391	-0.0155005	0.0694764	0	0.455714	0	0	0	0	0	0.912797	-0.0111937	0.0162583	0	0	0.0568978	0.0264344	0	0	0.151185	-0.0202641	-0.124848
2011-10-26 00:00:00	-2.00903	-0.020568	0.82443	0	-0.0963601	-0.0145697	0.0619962	0	0.590633	0	0	0	0	0	0.391842	-0.0111977	0.0162668	0	0	0.0582163	0.0272286	0	0	0.150259	-0.0226961	-0.0535497
2011-10-27 00:00:00	-0.550849	-0.316591	0.859608	0	-0.275872	-0.00805852	0.0331073	0	0.339856	0	0	0	0	0	-0.0809202	-0.0111942	0.0162531	0	0	0.0539835	0.0259857	0	0	0.151291	-0.019733	0.216867
2011-10-28 00:00:00	-0.0545653	-0.706773	0.813078	0	-0.127937	-0.00472908	0.0189847	0	0.148483	0	0	0	0	0	-0.0913678	-0.0111875	0.0162355	0	0	0.0481941	0.0241577	0	0	0.15182	-0.0167017	0.207692
2011-10-29 00:00:00	-0.256364	-0.634502	0.92874	0	-0.108654	-0.00421565	0.0175754	0	0.124429	0	0	0	0	0	-0.0462078	-0.0111818	0.016219	0	0	0.0435176	0.0226804	0	0	0.151551	-0.0156421	0.227946
2011-10-30 00:00:00	-0.738203	-0.180386	0.928381	0	-0.0911502	-0.00279298	0.0112524	0	0.0949931	0	0	0	0	0	-0.054068	-0.0111726	0.0161908	0	0	0.0381672	0.0209966	0	0	0.15129	-0.014989	0.168509
2011-10-31 00:00:00	-4.59077	1.76663	0.951158	0	0.402155	-0.011547	0.0539047	0	0.272597	0	0	0	0	0	0.951613	-0.0111741	0.0161913	0	0	0.0370645	0.020902	0	0	0.150057	-0.0179106	-0.00912944
2011-11-01 00:00:00	-1.80362	-0.00486095	0.753583	0	-0.00544998	-0.0118137	0.0506496	0	0.403151	0	0	0	0	0	0.433741	-0.0111797	0.0161962	0	0	0.0394711	0.022156	0	0	0.149128	-0.0212348	0.00992056
2011-11-02 00:00:00	-0.14002	-0.617522	0.790255	0	-0.236785	-0.00602535	0.0246312	0	0.246998	0	0	0	0	0	-0.0115234	-0.011177	0.0161805	0	0	0.0378236	0.0215731	0	0	0.149983	-0.0182131	0.246178
2011-11-03 00:00:00	-1.99257	0.478219	0.879563	0	0.0994334	-0.00715931	0.0319546	0	0.191419	0	0	0	0	0	0.274274	-0.0111746	0.0161689	0	0	0.0356229	0.0209461	0	0	0.150084	-0.0165361	0.150247
2011-11-04 00:00:00	-2.03992	0.0911457	0.736587	0	0.0739627	-0.0111275	0.0520027	0	0.323373	0	0	0	0	0	0.589856	-0.011174	0.0161667	0	0	0.0367642	0.0215906	0	0	0.149284	-0.0187805	0.00973032
2011-11-05 00:00:00	-0.254565	-0.252448	0.514668	0	-0.157271	-0.00526037	0.0217887	0	0.204956	0	0	0	0	0	-0.0877817	-0.0111713	0.0161442	0	0	0.0352884	0.0210227	0	0	0.149061	-0.0179005	0.17653
2011-11-06 00:00:00	-0.174525	-0.337953	0.540707	0	-0.107482	-0.00518646	0.0215211	0	0.147758	0	0	0	0	0	0.061475	-0.0111673	0.0161287	0	0	0.033129	0.0202567	0	0	0.14897	-0.0156466	0.337984
2011-11-07 00:00:00	-0.14002	-0.47009	0.642563	0	-0.114179	-0.0030925	0.0128314	0	0.100622	0	0	0	0	0	-0.0230154	-0.0111592	0.0160964	0	0	0.0302127	0.019199	0	0	0.1486	-0.0146998	0.193869
2011-11-08 00:00:00	-0.525375	-0.092911	0.630744	0	-0.0621525	-0.00379738	0.01564	0	0.0845225	0	0	0	0	0	0.120317	-0.0111547	0.0160829	0	0	0.0287114	0.0186569	0	0	0.147912	-0.0139585	0.353237
2011-11-09 00:00:00	-0.576324	-0.0778756	0.659201	0	-0.0594001	-0.00342665	0.0141408	0	0.0901971	0	0	0	0	0	0.0715897	-0.0111494	0.0160648	0	0	0.0272546	0.0181041	0	0	0.147115	-0.013864	0.301627
2011-11-10 00:00:00	-2.93459	1.09773	0.696484	0	0.295484	-0.00606606	0.0302588	0	0.137821	0	0	0	0	0	0.594336	-0.0111458	0.0160511	0	0	0.0261709	0.0178551	0	0	0.146243	-0.0152624	0.0913729
2011-11-11 00:00:00	-4.11273	0.0518099	0.544966	0	0.511177	-0.0203855	0.0945657	0	0.668366	0	0	0	0	0	1.61219	-0.0111549	0.0160602	0	0	0.0295717	0.0191625	0	0	0.143672	-0.0248217	-0.477547
2011-11-12 00:00:00	-1.09087	-0.028594	0.575937	0	-0.301263	-0.0115548	0.0447752	0	0.52675	0	0	0	0	0	0.12906	-0.0111585	0.0160562	0	0	0.0325006	0.0200701	0	0	0.144501	-0.024278	0.0219328
2011-11-13 00:00:00	-0.145435	-0.401881	0.566761	0	-0.0667673	-0.00470024	0.0175258	0	0.206495	0	0	0	0	0	-0.111973	-0.0111508	0.0160291	0	0	0.0303639	0.0192482	0	0	0.146369	-0.0189492	0.241936
2011-11-14 00:00:00	-0.14002	-0.349265	0.513011	0	-0.16665	-0.00646672	0.0255553	0	0.177	0	0	0	0	0	0.032988	-0.0111481	0.0160212	0	0	0.0292319	0.0188473	0	0	0.146607	-0.0167718	0.268941
2011-11-15 00:00:00	-0.05998	-0.453179	0.549538	0	-0.0857479	-0.00301623	0.0113618	0	0.106366	0	0	0	0	0	-0.0442989	-0.0111389	0.0159911	0	0	0.0270536	0.0180036	0	0	0.146661	-0.0153711	0.202243
2011-11-16 00:00:00	0	-0.442886	0.476536	0	-0.0974618	-0.00437147	0.0176487	0	0.1083	0	0	0	0	0	0.0900676	-0.0111357	0.0159817	0	0	0.026193	0.0176869	0	0	0.146063	-0.0146115	0.328011
2011-11-17 00:00:00	-0.561488	0.0244661	0.540996	0	-0.0575891	-0.00367087	0.0145805	0	0.0962962	0	0	0	0	0	0.0832061	-0.0111296	0.0159638	0	0	0.0250714	0.0172497	0	0	0.145407	-0.0142298	0.315129
2011-11-18 00:00:00	-0.730599	0.292436	0.431877	0	-0.0632843	-0.00302902	0.0115347	0	0.072782	0	0	0	0	0	0.104531	-0.0111223	0.0159408	0	0	0.0239611	0.0168049	0	0	0.144872	-0.0136341	0.293071
2011-11-19 00:00:00	-0.86068	0.109458	0.51458	0	0.0485111	-0.00278755	0.0145199	0	0.0706103	0	0	0	0	0	0.17436	-0.0111158	0.0159206	0	0	0.0231475	0.0164771	0	0	0.144173	-0.0134035	0.243771
2011-11-20 00:00:00	-3.40027	-0.322081	0.534403	0	0.392269	-0.00262622	0.159299	0	0.792284	0	0	0	0	0	1.44526	-0.0111098	0.0159032	0	0	0.0224413	0.0162113	0	0	0.140251	-0.0240642	-0.24183
2011-11-21 00:00:00	-0.382384	-0.157586	0.520349	0	-0.301865	-0.00275896	0.0402623	0	0.417384	0	0	0	0	0	-0.0354698	-0.0111039	0.0158842	0	0	0.0216765	0.0159764	0	0	0.141401	-0.0223706	0.259395
2011-11-22 00:00:00	-3.51091	1.56316	0.443582	0	0.266597	-0.00793843	0.0396515	0	0.254664	0	0	0	0	0	0.713602	-0.0111009	0.0158749	0	0	0.0222492	0.0162678	0	0	0.142975	-0.0179971	-0.0693243
2011-11-23 00:00:00	-3.5815	-0.00782931	0.502392	0	0.34145	-0.0181367	0.0995849	0	0.678086	0	0	0	0	0	1.34685	-0.0111104	0.015899	0	0	0.0295209	0.0189993	0	0	0.141932	-0.0226139	-0.46648
2011-11-24 00:00:00	-9.41474	-0.019882	0.505226	0	0.765491	-0.0481317	0.27055	0	2.41824	0	0	0	0	0	3.86725	-0.0111404	0.0159442	0	0	0.041665	0.0227946	0	0	0.137576	-0.0378416	-1.487
2011-11-25 00:00:00	-9.57341	-0.0142517	0.393975	0	0.287909	-0.0702407	0.295925	0	3.57242	0	0	0	0	0	3.59544	-0.0111903	0.0160006	0	0	0.0571364	0.0267718	0	0	0.136604	-0.0463009	-1.33321
2011-11-26 00:00:00	-5.05451	-0.018256	0.47137	0	-0.250758	-0.0522994	0.212717	0	2.76979	0	0	0	0	0	1.25506	-0.0112059	0.0160272	0	0	0.0652736	0.0285297	0	0	0.140714	-0.0430677	-0.470618
2011-11-27 00:00:00	-8.27312	-0.0134447	0.415365	0	0.366679	-0.0729051	0.228741	0	3.33528	0	0	0	0	0	2.90785	-0.0112155	0.0160741	0	0	0.0754947	0.0310204	0	0	0.142586	-0.0422231	-0.893817
2011-11-28 00:00:00	-2.92139	-0.0226309	0.410521	0	-0.48166	-0.0379923	0.159249	0	2.15681	0	0	0	0	0	0.265009	-0.0112269	0.0160908	0	0	0.0794275	0.0317115	0	0	0.145467	-0.0387482	-0.249354
2011-11-29 00:00:00	-15.2883	-0.00951154	0.402602	0	0.986131	-0.142972	0.356603	0	5.68234	0	0	0	0	0	6.06868	-0.0112881	0.0161973	0	0	0.101893	0.0374963	0	0	0.142137	-0.0488979	-1.70684
2011-11-30 00:00:00	-6.35558	-0.0163262	0.385856	0	-0.355736	-0.0868081	0.280297	0	3.99977	0	0	0	0	0	1.37817	-0.0113647	0.0163035	0	0	0.1252	0.0434376	0	0	0.146358	-0.0470045	-0.497424
2011-12-01 00:00:00	-9.22586	-0.072755	0.312122	0	0.152142	-0.111722	0.288708	0	4.48752	0	0	0	0	0	2.97575	-0.0114344	0.0163978	0	0	0.139235	0.0471842	0	0	0.149605	-0.0460739	-0.899186
2011-12-02 00:00:00	-1.38296	-0.0324633	0.313204	0	-0.378618	-0.0469679	0.112016	0	2.01314	0	0	0	0	0	-0.713479	-0.0114841	0.0164532	0	0	0.138215	0.0466225	0	0	0.15642	-0.0363778	0.193723
2011-12-03 00:00:00	-4.12459	-0.0395168	0.342322	0	0.016277	-0.0656228	0.139627	0	2.39231	0	0	0	0	0	0.868394	-0.0115431	0.0164627	0	0	0.1266	0.0432024	0	0	0.157261	-0.0377151	-0.176538
2011-12-04 00:00:00	-1.8662	0.0116651	0.27678	0	-0.119989	-0.039678	0.0827434	0	1.45979	0	0	0	0	0	-0.0609611	-0.011585	0.016464	0	0	0.115151	0.0399603	0	0	0.160284	-0.033487	0.0309297
2011-12-05 00:00:00	-23.5781	0.0507192	0.259427	0	1.41599	-0.193489	0.809315	0	8.73744	0	0	0	0	0	9.35946	-0.0116708	0.0166268	0	0	0.161379	0.053118	0	0	0.150278	-0.0602527	-2.82975
2011-12-06 00:00:00	-4.47053	-0.0152956	0.276693	0	-0.874691	-0.100638	0.312705	0	4.6671	0	0	0	0	0	0.0216444	-0.0117503	0.0167391	0	0	0.202174	0.0627604	0	0	0.159267	-0.052963	0.193213
2011-12-07 00:00:00	-5.45322	-0.066134	0.281584	0	0.111526	-0.0809527	0.235849	0	3.33236	0	0	0	0	0	1.02335	-0.0117889	0.0167959	0	0	0.193376	0.0605443	0	0	0.166973	-0.0418394	-0.231576
2011-12-08 00:00:00	-14.2293	0.0334329	0.314291	0	0.659054	-0.155329	0.526894	0	6.48161	0	0	0	0	0	4.71807	-0.0118297	0.0169248	0	0	0.214256	0.0667529	0	0	0.163127	-0.0543521	-1.25639
2011-12-09 00:00:00	-2	-0.0213051	0.266794	0	-1.10036	-0.0609896	0.196255	0	2.9791	0	0	0	0	0	-0.817287	-0.0118621	0.0169974	0	0	0.211715	0.0665562	0	0	0.170548	-0.0446543	-0.148493
2011-12-10 00:00:00	-4.14073	-0.0281937	0.262702	0	-0.0332303	-0.0673956	0.19001	0	2.55709	0	0	0	0	0	0.578643	-0.0118726	0.01704	0	0	0.195095	0.0623619	0	0	0.174277	-0.0393846	-0.283584
2011-12-11 00:00:00	-2.14231	-4.62548E-06	0.307896	0	0.113183	-0.0478187	0.141645	0	1.81166	0	0	0	0	0	-0.232354	-0.0118811	0.0170656	0	0	0.177145	0.0575957	0	0	0.176231	-0.0358645	0.332191
2011-12-12 00:00:00	-2.72166	-0.0286945	0.291423	0	0.308903	-0.0341734	0.108778	0	1.35819	0	0	0	0	0	0.408162	-0.0118849	0.0171252	0	0	0.158901	0.0533629	0	0	0.178377	-0.032231	0.0545781
2011-12-13 00:00:00	-5.45803	-0.00900314	0.284663	0	-0.271671	-0.0728883	0.243738	0	2.71612	0	0	0	0	0	1.4893	-0.0118965	0.0171652	0	0	0.160745	0.0541614	0	0	0.176319	-0.0379872	-0.719268
2011-12-14 00:00:00	-6.05493	-0.0145281	0.281875	0	0.219026	-0.076914	0.238282	0	3.21398	0	0	0	0	0	1.60899	-0.011917	0.0172451	0	0	0.158128	0.0529412	0	0	0.174282	-0.0437429	-0.237281
2011-12-15 00:00:00	-0.300781	-0.0238707	0.228285	0	-0.73836	-0.0302227	0.0897433	0	1.43808	0	0	0	0	0	-0.725662	-0.0119189	0.0172579	0	0	0.142394	0.0484181	0	0	0.178941	-0.0352352	0.277071
2011-12-16 00:00:00	-0.485795	-0.0116295	0.213354	0	-0.244673	-0.0167345	0.0553109	0	0.639861	0	0	0	0	0	-0.359005	-0.0119251	0.0172561	0	0	0.123924	0.0435902	0	0	0.182745	-0.0268219	0.119457
2011-12-17 00:00:00	-0.584028	-0.0110804	0.207763	0	-0.0695142	-0.0173753	0.0549039	0	0.568901	0	0	0	0	0	-0.189042	-0.01193	0.0172525	0	0	0.109025	0.0397345	0	0	0.183254	-0.0253292	0.272534
2011-12-18 00:00:00	-0.167057	-0.136093	0.225006	0	-0.190195	-0.00982922	0.0336751	0	0.351953	0	0	0	0	0	-0.213612	-0.0119342	0.0172436	0	0	0.0941222	0.0358098	0	0	0.183853	-0.0231011	0.189841
2011-12-19 00:00:00	-19.7719	0.10027	0.268706	0	2.11944	-0.158579	0.608065	0	6.48099	0	0	0	0	0	7.6722	-0.0119734	0.0173957	0	0	0.126062	0.045065	0	0	0.171668	-0.0511755	-2.3838
2011-12-20 00:00:00	-2.15745	-0.0178567	0.262981	0	-1.13143	-0.0609004	0.240296	0	3.3644	0	0	0	0	0	-0.50311	-0.0119951	0.0175046	0	0	0.149961	0.0513703	0	0	0.176771	-0.0461315	0.334401
2011-12-21 00:00:00	-6.48976	-0.0175027	0.309739	0	0.342003	-0.0718657	0.266379	0	3.22992	0	0	0	0	0	1.65964	-0.0119982	0.0175583	0	0	0.145248	0.04975	0	0	0.180246	-0.0434032	-0.434047
2011-12-22 00:00:00	-3.00137	-0.00901652	0.303326	0	-0.146395	-0.0521633	0.178218	0	2.43325	0	0	0	0	0	0.182233	-0.0120017	0.0176049	0	0	0.139925	0.0478186	0	0	0.183178	-0.0402079	0.224402
2011-12-23 00:00:00	-5.52409	-0.0158747	0.28173	0	0.158247	-0.0675214	0.226443	0	2.95449	0	0	0	0	0	1.35263	-0.0120157	0.0176768	0	0	0.13474	0.0461337	0	0	0.183547	-0.0426985	-0.306559
2011-12-24 00:00:00	-2.35314	-0.0179106	0.296119	0	-0.447981	-0.0441114	0.14354	0	2.00233	0	0	0	0	0	0.0585497	-0.0120295	0.0177013	0	0	0.128154	0.0444437	0	0	0.186348	-0.0389332	-0.0369202
2011-12-25 00:00:00	-1.18467	-0.00915032	0.375802	0	-0.16097	-0.0272239	0.0908868	0	1.12891	0	0	0	0	0	-0.301472	-0.012037	0.0177266	0	0	0.115388	0.0411472	0	0	0.189709	-0.0322701	0.231775
2011-12-26 00:00:00	-2.91093	-0.019311	0.382221	0	0.15596	-0.031469	0.120914	0	1.26246	0	0	0	0	0	0.556603	-0.0120455	0.0177386	0	0	0.105554	0.0386665	0	0	0.190021	-0.0323896	-0.176001
2011-12-27 00:00:00	-0.450068	-0.041344	0.320878	0	-0.396683	-0.0173328	0.0588914	0	0.763151	0	0	0	0	0	-0.303435	-0.0120559	0.0177561	0	0	0.0936232	0.0356253	0	0	0.191411	-0.0289912	0.231426
2011-12-28 00:00:00	-8.94018	0.0160408	0.310524	0	1.37937	-0.0707307	0.284909	0	3.13462	0	0	0	0	0	3.00699	-0.0120774	0.017808	0	0	0.100969	0.0372886	0	0	0.185744	-0.0413235	-0.590051
2011-12-29 00:00:00	-4.96062	-0.01669	0.269769	0	-0.544785	-0.0684644	0.224277	0	3.46145	0	0	0	0	0	1.0677	-0.0121057	0.0178472	0	0	0.109415	0.0385574	0	0	0.184733	-0.045156	-0.274076
2011-12-30 00:00:00	-7.65263	-0.0136802	0.263396	0	0.684505	-0.0858932	0.301039	0	3.58077	0	0	0	0	0	2.23768	-0.0121538	0.0179317	0	0	0.122485	0.0427143	0	0	0.185651	-0.0457054	-0.373896
2011-12-31 00:00:00	-3.6324	-0.0215615	0.359249	0	-0.789272	-0.0602441	0.223368	0	3.02027	0	0	0	0	0	0.348781	-0.0121658	0.0179632	0	0	0.122468	0.0430603	0	0	0.187124	-0.0453731	-0.238732
2012-01-01 00:00:00	-4.11386	-0.0141744	0.315455	0	0.00847563	-0.053896	0.194909	0	2.46326	0	0	0	0	0	0.733024	-0.0121903	0.0179927	0	0	0.117655	0.0416866	0	0	0.189862	-0.0414272	-0.153232
2012-01-02 00:00:00	-0.444653	-0.0139841	0.262611	0	-0.604366	-0.0253946	0.0819629	0	1.22259	0	0	0	0	0	-0.596354	-0.0122019	0.0179962	0	0	0.10719	0.0388935	0	0	0.193855	-0.0336545	0.194491
2012-01-03 00:00:00	-10.6174	-0.0164018	0.281847	0	1.17348	-0.0955621	0.352339	0	4.15962	0	0	0	0	0	3.51403	-0.0122195	0.0180761	0	0	0.117304	0.0416186	0	0	0.18833	-0.0450882	-0.940008
2012-01-04 00:00:00	-23.8566	-0.013042	0.30277	0	1.02682	-0.254422	0.927645	0	11.8717	0	0	0	0	0	7.83968	-0.0122802	0.0182748	0	0	0.186373	0.0605306	0	0	0.177109	-0.0698127	-1.79533
2012-01-05 00:00:00	-4.77234	-0.0111796	0.287104	0	-0.862556	-0.115786	0.3752	0	5.56599	0	0	0	0	0	-0.370846	-0.0123676	0.0184274	0	0	0.23296	0.0734724	0	0	0.189142	-0.0543837	0.542835
2012-01-06 00:00:00	-0.941664	-0.0203147	0.292239	0	-0.958536	-0.0495615	0.144523	0	2.20111	0	0	0	0	0	-1.17883	-0.0124257	0.0184818	0	0	0.206355	0.0661693	0	0	0.198188	-0.0404088	-0.0746742
2012-01-07 00:00:00	-0.34002	-0.0413366	0.307754	0	-0.165076	-0.0294322	0.088417	0	1.14016	0	0	0	0	0	-0.913572	-0.0124316	0.018496	0	0	0.17622	0.0580136	0	0	0.201661	-0.0333668	0.455489
2012-01-08 00:00:00	-0.4	0.00213134	0.359514	0	-0.457774	-0.0192517	0.0605946	0	0.748853	0	0	0	0	0	-0.609722	-0.0124321	0.0184961	0	0	0.14929	0.0507284	0	0	0.203269	-0.029088	0.0646078
2012-01-09 00:00:00	-1.34372	-0.0299731	0.34825	0	0.13169	-0.0229814	0.0664218	0	0.762855	0	0	0	0	0	-0.0367498	-0.0124365	0.0184983	0	0	0.131186	0.0459215	0	0	0.203181	-0.0279753	0.23417
2012-01-10 00:00:00	-4.36706	0.013607	0.358604	0	0.598508	-0.0430984	0.163988	0	1.57182	0	0	0	0	0	1.11592	-0.0124429	0.0185345	0	0	0.124251	0.0442938	0	0	0.200826	-0.0338089	-0.246055
2012-01-11 00:00:00	-1.05251	-0.0183469	0.379511	0	-0.489817	-0.0228715	0.0869021	0	1.07818	0	0	0	0	0	-0.183687	-0.0124479	0.0185474	0	0	0.115694	0.0421426	0	0	0.201785	-0.0321477	0.110928
2012-01-12 00:00:00	-5.96051	-0.0110108	0.342322	0	0.88858	-0.0548131	0.226966	0	2.20065	0	0	0	0	0	1.73554	-0.0124718	0.0185852	0	0	0.113343	0.0419023	0	0	0.199041	-0.0382443	-0.31012
2012-01-13 00:00:00	-2.32167	-0.0464225	0.247685	0	-0.66426	-0.0225193	0.214067	0	1.99443	0	0	0	0	0	0.193548	-0.0124976	0.0185995	0	0	0.107113	0.0404052	0	0	0.198271	-0.0400829	-0.0933305
2012-01-14 00:00:00	-3.30487	0.0140154	0.260564	0	0.236545	-0.0347073	0.167639	0	1.69631	0	0	0	0	0	0.666144	-0.0125062	0.0186182	0	0	0.0998477	0.0385362	0	0	0.200723	-0.0369072	0.00995187
2012-01-15 00:00:00	-5.42139	-0.0134519	0.217747	0	0.406006	-0.060093	0.255488	0	2.60752	0	0	0	0	0	1.46524	-0.0125097	0.0186721	0	0	0.103668	0.039963	0	0	0.199352	-0.0415375	-0.235325
2012-01-16 00:00:00	-0.608013	-0.0270452	0.216816	0	-0.710963	-0.0203815	0.0973636	0	1.25134	0	0	0	0	0	-0.450995	-0.0125216	0.0186818	0	0	0.0980937	0.0386534	0	0	0.203147	-0.0348233	0.0593563
2012-01-17 00:00:00	-3.1068	-0.116151	0.334124	0	0.121856	-0.0120037	0.250231	0	1.79498	0	0	0	0	0	0.582052	-0.0125218	0.018677	0	0	0.0854324	0.0351898	0	0	0.201516	-0.0368719	0.139702
2012-01-18 00:00:00	-3.15457	0.0890853	0.399588	0	-0.0378244	-0.0212323	0.16744	0	1.63996	0	0	0	0	0	0.558811	-0.0125241	0.0186877	0	0	0.0773024	0.0328517	0	0	0.202376	-0.0367416	-0.0767819
2012-01-19 00:00:00	-6.26092	-0.00902305	0.345579	0	0.659223	-0.0509502	0.261881	0	2.90136	0	0	0	0	0	1.59993	-0.0125348	0.0187127	0	0	0.0785915	0.0326603	0	0	0.199806	-0.0437892	-0.279476
2012-01-20 00:00:00	-3.21883	-0.0207187	0.353174	0	-0.391691	-0.0440082	0.143378	0	2.22579	0	0	0	0	0	0.483504	-0.0125501	0.0187413	0	0	0.0823056	0.0330416	0	0	0.202948	-0.0397997	-0.18472
2012-01-21 00:00:00	-3.14389	-0.0136234	0.404444	0	0.0138847	-0.0327401	0.1661	0	1.88897	0	0	0	0	0	0.430955	-0.0125844	0.0187693	0	0	0.0800215	0.0322106	0	0	0.204305	-0.0381637	-0.00133958
2012-01-22 00:00:00	-5.5625	-0.0102542	0.399194	0	0.310564	-0.0622424	0.200838	0	2.81329	0	0	0	0	0	1.34695	-0.0125917	0.0188185	0	0	0.0818421	0.0322512	0	0	0.202106	-0.0428224	-0.284548
2012-01-23 00:00:00	-0.604161	-0.159213	0.352001	0	-0.664193	-0.0254637	0.10409	0	1.48675	0	0	0	0	0	-0.473476	-0.0126042	0.0188326	0	0	0.0779705	0.0311245	0	0	0.205765	-0.0363227	0.301097
2012-01-24 00:00:00	-5.45928	0.147737	0.369546	0	0.678864	-0.0571776	0.18813	0	2.12895	0	0	0	0	0	1.48289	-0.0126187	0.0188681	0	0	0.0826865	0.0329227	0	0	0.206329	-0.035699	-0.227851
2012-01-25 00:00:00	-5.08764	-0.0190493	0.475201	0	-0.00774751	-0.0596407	0.236685	0	2.69785	0	0	0	0	0	1.15739	-0.0126525	0.0189573	0	0	0.0940561	0.0363776	0	0	0.203837	-0.0416377	-0.30802
2012-01-26 00:00:00	-6.09141	-0.0101904	0.366696	0	0.129952	-0.0565538	0.30159	0	3.40916	0	0	0	0	0	1.43189	-0.012709	0.0189839	0	0	0.0989529	0.0373628	0	0	0.201566	-0.0455262	-0.220236
2012-01-27 00:00:00	-1.16221	-0.107088	0.351313	0	-0.562379	-0.0336699	0.130585	0	1.68605	0	0	0	0	0	-0.343301	-0.012721	0.0190114	0	0	0.0975776	0.0373226	0	0	0.207317	-0.0362686	0.271542
2012-01-28 00:00:00	-1.09763	-0.0130318	0.297437	0	-0.288772	-0.0150721	0.10515	0	0.907696	0	0	0	0	0	-0.20527	-0.0127242	0.0190161	0	0	0.0876212	0.0350922	0	0	0.210261	-0.0305975	-0.000824039
2012-01-29 00:00:00	-0.711238	-0.182062	0.366608	0	-0.227271	-0.0109839	0.0907795	0	0.773846	0	0	0	0	0	-0.117071	-0.0127244	0.0190134	0	0	0.0761864	0.0321663	0	0	0.210366	-0.0291353	0.27848
2012-01-30 00:00:00	-0.122404	-0.289314	0.386693	0	-0.323973	-0.00660796	0.0363746	0	0.416862	0	0	0	0	0	-0.222549	-0.0127261	0.0190039	0	0	0.0653236	0.0293448	0	0	0.211858	-0.0247919	0.163095
2012-01-31 00:00:00	-3.64055	0.543635	0.338982	0	0.561242	-0.0206001	0.126956	0	0.920421	0	0	0	0	0	0.914975	-0.0127286	0.0190116	0	0	0.0615112	0.0284593	0	0	0.209839	-0.0284677	0.0226899
2012-02-01 00:00:00	-1.55045	-0.268322	0.35006	0	-0.264039	-0.0111368	0.143998	0	1.18846	0	0	0	0	0	0.226494	-0.0127311	0.0190188	0	0	0.0593124	0.0280137	0	0	0.207035	-0.0333234	0.0823887
2012-02-02 00:00:00	-0.0408013	-0.224981	0.281563	0	-0.385099	-0.00695724	0.0500324	0	0.553222	0	0	0	0	0	-0.176997	-0.0127298	0.0190141	0	0	0.0527744	0.0262648	0	0	0.209721	-0.0265053	0.318519
2012-02-03 00:00:00	-0.244808	-0.261688	0.371895	0	-0.13393	-0.0052333	0.0354666	0	0.274668	0	0	0	0	0	0.00555837	-0.0127276	0.019007	0	0	0.0465983	0.024601	0	0	0.21122	-0.0218507	0.308777
2012-02-04 00:00:00	-2.14295	0.707321	0.410429	0	0.160342	-0.00691112	0.0485482	0	0.3414	0	0	0	0	0	0.357174	-0.0127265	0.0190026	0	0	0.0428391	0.0234653	0	0	0.210225	-0.022	0.136154
2012-02-05 00:00:00	-0.159199	-0.255153	0.424935	0	-0.301564	-0.00655355	0.0313668	0	0.345602	0	0	0	0	0	-0.0276285	-0.0127259	0.019	0	0	0.0407672	0.0227451	0	0	0.209532	-0.0216685	0.309456
2012-02-06 00:00:00	-3.38651	-0.251789	0.439914	0	0.42404	-0.00404712	0.230072	0	1.40417	0	0	0	0	0	1.01197	-0.0127222	0.0189924	0	0	0.0374028	0.0218759	0	0	0.203827	-0.0307216	0.106473
2012-02-07 00:00:00	-2.24007	-0.12563	0.36935	0	-0.123163	-0.0039854	0.197463	0	1.58443	0	0	0	0	0	0.417584	-0.0127174	0.0189843	0	0	0.0345513	0.021143	0	0	0.201714	-0.0339004	0.305759
2012-02-08 00:00:00	-1.08836	-0.215035	0.426046	0	-0.175477	-0.00372398	0.1129	0	0.963736	0	0	0	0	0	0.10388	-0.0127114	0.0189757	0	0	0.0321718	0.0205267	0	0	0.203887	-0.0291893	0.357625
2012-02-09 00:00:00	-3.75114	0.793797	0.479224	0	0.279131	-0.0138345	0.114083	0	0.825191	0	0	0	0	0	0.865908	-0.0127136	0.0189903	0	0	0.0357345	0.0218238	0	0	0.205205	-0.0258907	-0.164492
2012-02-10 00:00:00	-4.81597	-0.0122026	0.411715	0	0.492828	-0.0294142	0.182231	0	1.58953	0	0	0	0	0	1.36946	-0.0127322	0.0190302	0	0	0.0471754	0.0254076	0	0	0.203107	-0.0314468	-0.561291
2012-02-11 00:00:00	-3.23065	-0.0129127	0.522249	0	0.0611444	-0.0273849	0.145751	0	1.4359	0	0	0	0	0	0.655679	-0.0127501	0.0190665	0	0	0.0580906	0.0285909	0	0	0.203038	-0.0320401	-0.186231
2012-02-12 00:00:00	-0.918397	-0.0177723	0.57655	0	-0.415596	-0.0147677	0.0652402	0	0.781307	0	0	0	0	0	-0.152956	-0.0127532	0.0190699	0	0	0.0578258	0.0284759	0	0	0.204996	-0.0273407	0.173884
2012-02-13 00:00:00	-1.17247	-0.009973	0.587393	0	-0.104541	-0.0112164	0.0579041	0	0.498891	0	0	0	0	0	0.0689891	-0.012751	0.0190711	0	0	0.0536903	0.0272878	0	0	0.205739	-0.023953	0.184059
2012-02-14 00:00:00	-1.62818	-0.000808982	0.598889	0	0.110793	-0.0127101	0.0634983	0	0.519193	0	0	0	0	0	0.256985	-0.0127505	0.0190755	0	0	0.0511851	0.0265621	0	0	0.204757	-0.024192	0.172295
2012-02-15 00:00:00	-8.45507	-0.0213212	0.6709	0	0.986609	-0.0644168	0.284516	0	2.54002	0	0	0	0	0	2.78794	-0.0127708	0.0191476	0	0	0.066028	0.0312312	0	0	0.199573	-0.0361704	-1.00379
2012-02-16 00:00:00	-1.53968	-0.0192812	0.697791	0	-0.638192	-0.0259845	0.129463	0	1.50674	0	0	0	0	0	-0.254016	-0.012778	0.0191926	0	0	0.0763511	0.034384	0	0	0.20116	-0.0347406	0.140403
2012-02-17 00:00:00	-2.62461	-0.000379261	0.721361	0	0.166592	-0.0194009	0.139229	0	1.17461	0	0	0	0	0	0.342447	-0.0127756	0.0191924	0	0	0.0692997	0.0320781	0	0	0.202217	-0.0322181	0.177637
2012-02-18 00:00:00	-5.95385	-0.0120049	0.611799	0	0.402182	-0.0513059	0.202321	0	2.36799	0	0	0	0	0	1.66426	-0.0127839	0.0192264	0	0	0.0750115	0.0331971	0	0	0.200061	-0.0373215	-0.491224
2012-02-19 00:00:00	-0.594249	-0.32089	0.559522	0	-0.525125	-0.0185647	0.0905719	0	1.15573	0	0	0	0	0	-0.377024	-0.0127847	0.0192394	0	0	0.0749074	0.0327472	0	0	0.203103	-0.0320218	0.255163
2012-02-20 00:00:00	-3.59188	0.285794	0.708276	0	0.312613	-0.0330396	0.091064	0	1.20284	0	0	0	0	0	0.706386	-0.0127877	0.0192474	0	0	0.0718361	0.0315996	0	0	0.203846	-0.0301591	-0.0343599
2012-02-21 00:00:00	-7.28611	0.0162793	0.795748	0	0.669699	-0.0684815	0.268929	0	2.69985	0	0	0	0	0	2.05841	-0.0128056	0.0193094	0	0	0.0865833	0.0360681	0	0	0.200032	-0.038783	-0.555282
2012-02-22 00:00:00	-6.41381	-0.00526442	0.890598	0	-0.0478042	-0.0533152	0.380502	0	3.70994	0	0	0	0	0	1.14513	-0.0128168	0.0193461	0	0	0.0949939	0.0385479	0	0	0.196216	-0.047365	-0.1051
2012-02-23 00:00:00	-2.10976	-0.0199933	0.923556	0	-0.629475	-0.0269715	0.138329	0	1.77618	0	0	0	0	0	-0.303288	-0.0128168	0.0193481	0	0	0.0879061	0.0362642	0	0	0.202127	-0.0387081	0.0427057
2012-02-24 00:00:00	-0.951731	-0.10695	0.847259	0	-0.271511	-0.0120528	0.0509198	0	0.711193	0	0	0	0	0	-0.327495	-0.0128098	0.0193473	0	0	0.0732423	0.0320485	0	0	0.20687	-0.0297139	0.228617
2012-02-25 00:00:00	-2.07881	-0.00307355	0.788217	0	-0.0709948	-0.0223282	0.0795899	0	0.854985	0	0	0	0	0	0.286472	-0.0128136	0.0193497	0	0	0.0703429	0.0310192	0	0	0.206804	-0.0283005	0.120456
2012-02-26 00:00:00	-0.896775	-0.0999876	0.666287	0	-0.382528	-0.0122317	0.0409423	0	0.559687	0	0	0	0	0	-0.0774761	-0.0128134	0.0193463	0	0	0.0650538	0.0294541	0	0	0.207458	-0.0252584	0.0811587
2012-02-27 00:00:00	-1.00942	0.0203022	0.960296	0	-0.162402	-0.0088348	0.035534	0	0.327201	0	0	0	0	0	-0.116549	-0.0128113	0.0193383	0	0	0.0586491	0.0277696	0	0	0.207913	-0.0218606	0.325125
2012-02-28 00:00:00	-0.300781	-0.641005	1.00519	0	-0.30602	-0.00618581	0.0247277	0	0.227492	0	0	0	0	0	-0.0092403	-0.012807	0.0193213	0	0	0.0516827	0.0259045	0	0	0.207554	-0.0203065	0.265521
2012-02-29 00:00:00	-0.24866	-0.322447	0.861005	0	-0.278367	-0.00334342	0.0136217	0	0.115429	0	0	0	0	0	-0.0776907	-0.0127988	0.0193007	0	0	0.0450698	0.024256	0	0	0.206844	-0.018578	0.323642
2012-03-01 00:00:00	-1.34968	0.226935	0.985756	0	-0.0597871	-0.00538318	0.0272274	0	0.157555	0	0	0	0	0	0.172354	-0.0127973	0.019275	0	0	0.0413322	0.0234145	0	0	0.204652	-0.0186163	0.412239
2012-03-02 00:00:00	-1.03073	0.0605185	0.916952	0	-0.0390781	-0.0041187	0.0183036	0	0.12011	0	0	0	0	0	0.0943794	-0.0127908	0.0192575	0	0	0.03721	0.0223151	0	0	0.202654	-0.0182627	0.386714
2012-03-03 00:00:00	-2.99727	0.765859	0.891057	0	0.354428	-0.00840024	0.0461972	0	0.280433	0	0	0	0	0	0.537984	-0.012787	0.0192642	0	0	0.0351133	0.0216312	0	0	0.200547	-0.0205873	0.113475
2012-03-04 00:00:00	-7.19978	0.0407264	0.749809	0	1.16786	-0.0420856	0.211306	0	1.64581	0	0	0	0	0	2.31438	-0.012803	0.0193124	0	0	0.0467718	0.0248732	0	0	0.194894	-0.0332749	-0.872204
2012-03-05 00:00:00	-0.2	-0.495125	0.734216	0	-0.737731	-0.0181505	0.0667254	0	0.93479	0	0	0	0	0	-0.336796	-0.0128072	0.0193262	0	0	0.0534605	0.0270362	0	0	0.196831	-0.0303695	0.201407
2012-03-06 00:00:00	-0.244653	-0.506833	0.806574	0	-0.35433	-0.0052309	0.0189477	0	0.263245	0	0	0	0	0	0.00938711	-0.0127995	0.0192989	0	0	0.0462266	0.024944	0	0	0.200265	-0.0218387	0.243203
2012-03-07 00:00:00	-2.61702	0.826616	0.903058	0	0.328414	-0.0159492	0.0489706	0	0.413319	0	0	0	0	0	0.18826	-0.0128028	0.019299	0	0	0.0443957	0.0243641	0	0	0.198525	-0.0221347	0.327319
2012-03-08 00:00:00	-3.02507	0.0707119	0.98698	0	0.21566	-0.0107442	0.122913	0	0.86028	0	0	0	0	0	0.526043	-0.0128017	0.0192831	0	0	0.0411923	0.0231289	0	0	0.195083	-0.0288004	-0.0161456
2012-03-09 00:00:00	-0.538121	-0.722815	1.15891	0	-0.389037	-0.00605186	0.0545605	0	0.563483	0	0	0	0	0	-0.0602084	-0.0127994	0.0192581	0	0	0.03789	0.0221381	0	0	0.196247	-0.0262111	0.297246
2012-03-10 00:00:00	-0.590397	-0.233155	0.945067	0	-0.340762	-0.00290707	0.0363235	0	0.291322	0	0	0	0	0	-0.012358	-0.0127945	0.0192352	0	0	0.0334754	0.0212309	0	0	0.197555	-0.0223037	0.329531
2012-03-11 00:00:00	-1.14244	-0.200732	1.05476	0	-0.245742	-0.00221939	0.0725089	0	0.447075	0	0	0	0	0	0.142914	-0.0127916	0.0192107	0	0	0.0291794	0.0203099	0	0	0.195918	-0.023707	0.354248
2012-03-12 00:00:00	-0.126256	-0.277302	1.02838	0	-0.37449	-0.00187103	0.0225662	0	0.238295	0	0	0	0	0	-0.203235	-0.0127838	0.0191882	0	0	0.0254186	0.0189605	0	0	0.195925	-0.0212392	0.531552
2012-03-13 00:00:00	-1.0352	-0.00496129	1.01075	0	-0.0614679	-0.00196846	0.037249	0	0.204392	0	0	0	0	0	0.107005	-0.0127728	0.019159	0	0	0.0226886	0.0179227	0	0	0.195277	-0.0197238	0.478347
2012-03-14 00:00:00	-1.8746	0.522818	1.10991	0	0.00797535	-0.00324631	0.0350601	0	0.243947	0	0	0	0	0	0.121843	-0.0127684	0.0191362	0	0	0.021723	0.0175929	0	0	0.193496	-0.0203762	0.382505
2012-03-15 00:00:00	-5.08922	0.698003	1.09653	0	0.76648	-0.00913254	0.11533	0	0.633746	0	0	0	0	0	1.21958	-0.0127723	0.0191341	0	0	0.0256362	0.0180739	0	0	0.19133	-0.0238433	-0.351118
2012-03-16 00:00:00	-11.7542	0.238355	1.22672	0	1.53828	-0.0571761	0.359264	0	2.89451	0	0	0	0	0	3.64162	-0.0128044	0.0192149	0	0	0.0484372	0.0252581	0	0	0.186422	-0.0386315	-1.68479
2012-03-17 00:00:00	-0.732161	-0.363246	1.14072	0	-0.794329	-0.0241092	0.0966441	0	1.38145	0	0	0	0	0	-0.691786	-0.0128205	0.0192551	0	0	0.0642561	0.0303181	0	0	0.191466	-0.0336892	0.271968
2012-03-18 00:00:00	-0.0545653	-0.711323	1.07167	0	-0.537368	-0.0106664	0.0424045	0	0.46199	0	0	0	0	0	-0.286403	-0.0128153	0.0192384	0	0	0.0572951	0.0282728	0	0	0.196513	-0.0234911	0.240757
2012-03-19 00:00:00	-0.82532	-0.0620184	1.16155	0	-0.224722	-0.0051279	0.015528	0	0.171486	0	0	0	0	0	-0.218587	-0.0128097	0.019217	0	0	0.0494338	0.0261192	0	0	0.197698	-0.019513	0.272931
2012-03-20 00:00:00	-1.39287	0.211338	1.38403	0	-0.261476	-0.00753624	0.0242408	0	0.206717	0	0	0	0	0	0.00291607	-0.0128063	0.0192053	0	0	0.0451318	0.0248959	0	0	0.196968	-0.0183731	0.42238
2012-03-21 00:00:00	0	-0.565135	1.24147	0	-0.389966	-0.00337914	0.00936012	0	0.11431	0	0	0	0	0	-0.153594	-0.0128004	0.0191889	0	0	0.0398654	0.0234647	0	0	0.195878	-0.0174835	0.501177
2012-03-22 00:00:00	-0.0545653	-0.392778	1.95672	0	-0.754343	-0.00226991	0.00412333	0	0.0479502	0	0	0	0	0	-0.279739	-0.0127925	0.0191677	0	0	0.0333779	0.0212384	0	0	0.194493	-0.0162714	0.764308
2012-03-23 00:00:00	0	-0.254075	1.49634	0	-0.466575	-0.00112988	0.00121845	0	0.0182559	0	0	0	0	0	-0.254814	-0.0127861	0.0191265	0	0	0.0263177	0.0187219	0	0	0.192625	-0.0154011	0.767827
2012-03-24 00:00:00	-3.37765	0.940829	1.75774	0	0.311517	-0.00193096	0.00566147	0	0.0219976	0	0	0	0	0	0.363055	-0.0127768	0.019108	0	0	0.0250774	0.0179765	0	0	0.190816	-0.0149656	0.246454
2012-03-25 00:00:00	-0.196148	-1.26256	2.80742	0	-0.562746	-0.00322332	0.0101939	0	0.0569221	0	0	0	0	0	-0.132397	-0.0127702	0.0190977	0	0	0.0246828	0.0177636	0	0	0.188543	-0.014991	0.93978
2012-03-26 00:00:00	-0.155347	-0.357206	2.67992	0	-0.508571	-0.000593917	0.000352593	0	0.010332	0	0	0	0	0	-0.536573	-0.0127534	0.0190665	0	0	0.0192781	0.0158321	0	0	0.185919	-0.0143675	1.34529
2012-03-27 00:00:00	-0.0408013	-0.00807431	2.64222	0	-0.518385	-2.46119E-06	1.80611E-06	0	0.00475412	0	0	0	0	0	-0.496667	-0.0127285	0.0190201	0	0	0.014172	0.013589	0	0	0.183189	-0.0135821	1.7867
2012-03-28 00:00:00	-0.0545653	0	2.52372	0	-0.122271	-1.05359E-05	0.000114511	0	0.00144843	0	0	0	0	0	-0.612325	-0.0127118	0.0189737	0	0	0.0112885	0.0120777	0	0	0.17984	-0.0128391	1.93273
2012-03-29 00:00:00	-0.816026	0.212536	1.38832	0	0.189327	-0.000125765	0.000728179	0	0.000710331	0	0	0	0	0	-0.131267	-0.0126945	0.0189438	0	0	0.0102372	0.0116106	0	0	0.176133	-0.0124774	1.03595
2012-03-30 00:00:00	-0.0408013	-0.198263	1.35854	0	0.0182605	-6.43421E-05	0.000630884	0	0.0006309	0	0	0	0	0	-0.134476	-0.0126725	0.0189085	0	0	0.00981193	0.0114475	0	0	0.17354	-0.012282	1.19321
2012-03-31 00:00:00	-0.273744	-0.0142723	1.14399	0	-0.0032229	-6.83088E-05	0.000912404	0	0.000421813	0	0	0	0	0	0.0267898	-0.012661	0.0188949	0	0	0.00969143	0.011399	0	0	0.170549	-0.0121179	1.06656
2012-04-01 00:00:00	-0.244808	0	1.60698	0	-0.0338073	-3.76228E-05	0.000297472	0	0.000337478	0	0	0	0	0	-0.273413	-0.012638	0.0188672	0	0	0.00941028	0.0112035	0	0	0.16836	-0.0120204	1.23873
2012-04-02 00:00:00	-0.912256	0	1.42251	0	0.0145102	-3.90575E-05	0.000523036	0	0.000341714	0	0	0	0	0	0.135983	-0.0125863	0.0188397	0	0	0.00983034	0.0115487	0	0	0.166338	-0.0119077	0.843631
2012-04-03 00:00:00	-8.78453	2.12156	1.18905	0	0.776318	-0.000430769	0.00717862	0	0.0275834	0	0	0	0	0	1.61685	-0.0125926	0.0188517	0	0	0.0122723	0.0119431	0	0	0.163913	-0.0120259	-2.86406
2012-04-04 00:00:00	-5.48154	0.304254	1.20001	0	0.67899	-0.00375688	0.0215541	0	0.146808	0	0	0	0	0	1.45924	-0.0126124	0.0188846	0	0	0.0215573	0.0147071	0	0	0.163769	-0.012993	-1.48112
2012-04-05 00:00:00	-0.4	-1.04162	1.67735	0	-0.115955	-0.00315024	0.017099	0	0.139912	0	0	0	0	0	-0.0891862	-0.0126125	0.0188835	0	0	0.0266259	0.0169011	0	0	0.163687	-0.0133851	0.38454
2012-04-06 00:00:00	-4.98829	1.15005	1.62625	0	0.571919	-0.00589952	0.0297034	0	0.16551	0	0	0	0	0	0.868016	-0.0126099	0.0188755	0	0	0.0281875	0.0176664	0	0	0.16325	-0.0132927	-0.380655
2012-04-07 00:00:00	-1.05267	-0.686262	1.60384	0	-0.0644943	-0.00358341	0.0208917	0	0.189155	0	0	0	0	0	0.0194364	-0.0126079	0.0188657	0	0	0.0301036	0.0185597	0	0	0.163104	-0.0144012	0.229946
2012-04-08 00:00:00	-0.951494	-0.383286	1.68728	0	-0.14268	-0.00178559	0.0113596	0	0.0832678	0	0	0	0	0	-0.022709	-0.0125792	0.0188432	0	0	0.028271	0.0182749	0	0	0.163157	-0.0135986	0.482321
2012-04-09 00:00:00	-1.44253	0.0317189	1.59653	0	-0.047543	-0.00197831	0.00980798	0	0.0538733	0	0	0	0	0	0.068986	-0.0125706	0.0188188	0	0	0.0260572	0.0179227	0	0	0.162272	-0.0129814	0.46839
2012-04-10 00:00:00	-23.078	1.29027	1.4508	0	2.99028	-0.0748318	0.446841	0	3.58049	0	0	0	0	0	7.26929	-0.0126347	0.0189511	0	0	0.0508524	0.0256585	0	0	0.154692	-0.0355102	-5.92282
2012-04-11 00:00:00	-1.88545	-0.00696458	1.53872	0	-1.08739	-0.0340523	0.148036	0	2.05886	0	0	0	0	0	-0.94106	-0.0126759	0.0190432	0	0	0.0772701	0.0337629	0	0	0.161689	-0.0362557	0.0335236
2012-04-12 00:00:00	-4.02539	0.0089043	1.52557	0	0.223692	-0.0261784	0.143447	0	1.28493	0	0	0	0	0	0.388283	-0.0126766	0.0190442	0	0	0.0741277	0.0326825	0	0	0.168203	-0.0296167	-0.224975
2012-04-13 00:00:00	-0.155347	-1.01936	1.3763	0	-0.548734	-0.0118297	0.0569324	0	0.697393	0	0	0	0	0	-0.43582	-0.0126731	0.0190338	0	0	0.0687538	0.0310339	0	0	0.172109	-0.0255924	0.212204
2012-04-14 00:00:00	-0.796148	-0.171999	1.34132	0	-0.181907	-0.00780247	0.0329821	0	0.289039	0	0	0	0	0	-0.308674	-0.0126663	0.019016	0	0	0.0604821	0.0287724	0	0	0.175118	-0.0205387	0.446991
2012-04-15 00:00:00	-0.2	-0.292136	1.37899	0	-0.529679	-0.00339318	0.00954818	0	0.118112	0	0	0	0	0	-0.298095	-0.0126572	0.018994	0	0	0.0514658	0.0265511	0	0	0.17595	-0.0180681	0.425582
2012-04-16 00:00:00	-10.3193	1.48732	1.53992	0	1.55644	-0.0384579	0.211506	0	1.48733	0	0	0	0	0	2.77097	-0.012669	0.019039	0	0	0.0607096	0.02869	0	0	0.17318	-0.0246241	-1.05993
2012-04-17 00:00:00	-4.28545	-0.0104388	1.65235	0	-0.173942	-0.031657	0.154802	0	1.66976	0	0	0	0	0	0.485924	-0.0126879	0.0190865	0	0	0.0763478	0.0334203	0	0	0.171268	-0.0319306	-0.283153
2012-04-18 00:00:00	-0.856364	-0.693036	1.61059	0	-0.529286	-0.0134663	0.0591396	0	0.745432	0	0	0	0	0	-0.326082	-0.0126865	0.0190758	0	0	0.0715618	0.0319078	0	0	0.174653	-0.0259987	0.255443
2012-04-19 00:00:00	-5.02086	0.607233	1.78467	0	0.263844	-0.0227613	0.0922993	0	0.863497	0	0	0	0	0	0.912368	-0.0126887	0.0190928	0	0	0.0712016	0.0316398	0	0	0.176112	-0.022052	-0.256402
2012-04-20 00:00:00	-1.19214	-0.535278	1.82843	0	-0.233164	-0.0106178	0.0433268	0	0.505282	0	0	0	0	0	-0.254732	-0.0126858	0.0190907	0	0	0.0689646	0.0308987	0	0	0.176767	-0.0201683	0.413971
2012-04-21 00:00:00	-7.28764	0.611636	1.77482	0	0.704265	-0.0352359	0.177563	0	1.48348	0	0	0	0	0	1.7125	-0.0126944	0.0191126	0	0	0.0714393	0.0314736	0	0	0.17378	-0.0280587	-0.603557
2012-04-22 00:00:00	-1.57288	-0.276089	1.75072	0	-0.611893	-0.0158653	0.0699655	0	0.929987	0	0	0	0	0	-0.308478	-0.0126979	0.0191137	0	0	0.0704861	0.031089	0	0	0.174354	-0.0286995	0.219115
2012-04-23 00:00:00	-0.935777	-0.518862	1.79215	0	-0.407128	-0.00802815	0.0340603	0	0.317189	0	0	0	0	0	-0.176646	-0.0126908	0.0190951	0	0	0.0624807	0.0287925	0	0	0.177979	-0.0206498	0.351968
2012-04-24 00:00:00	-2.56857	0.295232	1.83715	0	-0.088323	-0.00922183	0.0367601	0	0.25891	0	0	0	0	0	0.207915	-0.0126872	0.0190829	0	0	0.0578332	0.0272949	0	0	0.17868	-0.0174229	0.222633
2012-04-25 00:00:00	-7.24866	0.540988	1.89203	0	0.944649	-0.030799	0.140638	0	1.24885	0	0	0	0	0	1.76375	-0.012695	0.0191069	0	0	0.0641203	0.0291151	0	0	0.176197	-0.0229505	-0.495669
2012-04-26 00:00:00	-11.4715	-0.00282032	1.85941	0	0.626559	-0.0772533	0.347053	0	3.63222	0	0	0	0	0	3.3344	-0.012727	0.0192051	0	0	0.0899508	0.0365886	0	0	0.170665	-0.0381235	-1.48636
2012-04-27 00:00:00	-0.388289	-1.05787	1.70545	0	-0.820282	-0.0232271	0.0912152	0	1.38443	0	0	0	0	0	-0.813494	-0.0127395	0.019245	0	0	0.100377	0.0394546	0	0	0.175868	-0.0307331	0.369406
2012-04-28 00:00:00	-0.114545	-0.383774	1.63387	0	-0.917501	-0.00756705	0.024775	0	0.333322	0	0	0	0	0	-0.577773	-0.0127305	0.0192225	0	0	0.084864	0.0355275	0	0	0.180719	-0.0208788	0.277527
2012-04-29 00:00:00	-4.93775	1.21315	1.61005	0	0.705644	-0.0155746	0.0624915	0	0.462698	0	0	0	0	0	0.656745	-0.012728	0.0192223	0	0	0.0781224	0.0331243	0	0	0.180947	-0.0191327	0.0370166
2012-04-30 00:00:00	-0.996148	-0.957068	2.03329	0	-0.379827	-0.00917891	0.0423377	0	0.463548	0	0	0	0	0	-0.205983	-0.0127247	0.0192134	0	0	0.0744477	0.0316481	0	0	0.180246	-0.0200764	0.263726
2012-05-01 00:00:00	-0.359199	-0.50881	2.06671	0	-0.755109	-0.00356722	0.0129666	0	0.136892	0	0	0	0	0	-0.37283	-0.0127173	0.0191946	0	0	0.0642977	0.0293076	0	0	0.180609	-0.0174429	0.480299
2012-05-02 00:00:00	-0.473744	-0.313696	1.97803	0	-0.584734	-0.00133691	0.00216219	0	0.0337641	0	0	0	0	0	-0.307127	-0.0126991	0.0191577	0	0	0.0488244	0.0252535	0	0	0.180563	-0.015865	0.578553
2012-05-03 00:00:00	-0.32641	-0.303804	2.12063	0	-0.614442	-0.0015706	0.00236059	0	0.0232624	0	0	0	0	0	-0.288343	-0.0126892	0.0191448	0	0	0.0418939	0.0230301	0	0	0.179174	-0.014976	0.847256
2012-05-04 00:00:00	-3.56648	0.307665	1.87964	0	0.76894	-0.00152774	0.0602419	0	0.191836	0	0	0	0	0	0.536725	-0.0126708	0.0191152	0	0	0.0340646	0.0207047	0	0	0.177342	-0.0174879	0.398118
2012-05-05 00:00:00	-0.971373	-0.207234	1.79222	0	-0.382791	-0.00132689	0.0493942	0	0.339917	0	0	0	0	0	-0.139872	-0.0126535	0.019091	0	0	0.0291806	0.0190676	0	0	0.175039	-0.0218524	0.686809
2012-05-06 00:00:00	-0.0408013	-0.254119	1.6387	0	-0.281264	-0.000110073	0.0155384	0	0.127707	0	0	0	0	0	-0.347788	-0.012637	0.0190613	0	0	0.0241314	0.017335	0	0	0.175965	-0.0180074	1.06371
2012-05-07 00:00:00	-4.05636	1.15159	2.03514	0	0.317716	-0.00066691	0.0162081	0	0.0734749	0	0	0	0	0	0.383071	-0.0126234	0.0190361	0	0	0.0224656	0.0167083	0	0	0.175841	-0.0155563	0.126038
2012-05-08 00:00:00	-1.54931	-0.510825	2.06895	0	-0.117839	-0.00243466	0.0188415	0	0.12517	0	0	0	0	0	0.134497	-0.0126163	0.0190223	0	0	0.0237232	0.0168297	0	0	0.174615	-0.0161808	0.372449
2012-05-09 00:00:00	-0.196148	-0.728566	2.083	0	-0.481334	-0.00132374	0.00664189	0	0.0473775	0	0	0	0	0	-0.0984273	-0.0125973	0.0189895	0	0	0.0233532	0.0168408	0	0	0.174325	-0.0136334	0.838502
2012-05-10 00:00:00	-22.2002	2.64508	1.94747	0	3.32022	-0.0653466	0.333771	0	2.47943	0	0	0	0	0	6.74896	-0.0126435	0.0191346	0	0	0.0623048	0.0282086	0	0	0.171471	-0.0206472	-4.54282
2012-05-11 00:00:00	-12.1347	0.00141381	2.06674	0	0.223103	-0.0776215	0.492574	0	5.0351	0	0	0	0	0	2.66555	-0.0127089	0.0193172	0	0	0.123829	0.0459041	0	0	0.166425	-0.0410135	-1.42606
2012-05-12 00:00:00	-0.77507	-1.08416	2.45519	0	-1.15977	-0.0201733	0.120485	0	1.68851	0	0	0	0	0	-1.24657	-0.012721	0.0193506	0	0	0.125806	0.0465611	0	0	0.175647	-0.0321397	0.30096
2012-05-13 00:00:00	-5.59365	1.07331	2.37559	0	0.590496	-0.0245919	0.104637	0	0.989591	0	0	0	0	0	0.320436	-0.0127199	0.0193472	0	0	0.11204	0.0422602	0	0	0.180289	-0.0244791	0.152565
2012-05-14 00:00:00	-1.34348	-0.67408	2.27641	0	-0.582096	-0.0140111	0.0574086	0	0.726311	0	0	0	0	0	-0.510266	-0.0127189	0.0193377	0	0	0.10353	0.0397606	0	0	0.181561	-0.0226892	0.24498
2012-05-15 00:00:00	-3.69081	0.382969	2.07866	0	0.0131528	-0.0158537	0.0608457	0	0.5637	0	0	0	0	0	0.290552	-0.012717	0.0193303	0	0	0.0938825	0.0370121	0	0	0.182738	-0.019579	-0.0161255
2012-05-16 00:00:00	-0.8	-0.972539	2.07736	0	-0.415622	-0.00811034	0.0328039	0	0.426883	0	0	0	0	0	-0.261867	-0.0127107	0.0193084	0	0	0.0837117	0.0342354	0	0	0.182372	-0.018752	0.36707
2012-05-17 00:00:00	-6.37596	0.926098	2.39683	0	0.507454	-0.029176	0.098331	0	0.959764	0	0	0	0	0	1.2258	-0.0127175	0.0193259	0	0	0.0840257	0.0343316	0	0	0.180897	-0.0208391	-0.00582731
2012-05-18 00:00:00	-5.15519	0.18951	2.16374	0	-0.0119292	-0.0344399	0.105115	0	1.34217	0	0	0	0	0	0.843003	-0.0127312	0.0193515	0	0	0.0903038	0.0361503	0	0	0.178693	-0.025613	-0.27187
2012-05-19 00:00:00	-1.25282	-0.913309	2.08221	0	-0.334722	-0.0137204	0.0518932	0	0.643943	0	0	0	0	0	-0.276608	-0.0127316	0.0193441	0	0	0.0849099	0.0347004	0	0	0.179825	-0.0230799	0.269834
2012-05-20 00:00:00	-0.489616	-0.740002	3.17654	0	-1.19055	-0.002078	0.00644468	0	0.0945087	0	0	0	0	0	-0.702897	-0.012719	0.0193143	0	0	0.0648422	0.0298546	0	0	0.181456	-0.0186855	0.416415
2012-05-21 00:00:00	-0.408013	-0.465073	2.83034	0	-0.722848	-0.00144851	0.00269121	0	0.031485	0	0	0	0	0	-0.564796	-0.0127021	0.019287	0	0	0.0467605	0.0244159	0	0	0.180969	-0.0165493	0.944518
2012-05-22 00:00:00	-1.38324	-0.0824244	2.86571	0	-0.136811	-0.00136221	0.00741527	0	0.0350014	0	0	0	0	0	-0.456676	-0.0126869	0.0192541	0	0	0.0356401	0.021024	0	0	0.179246	-0.0158608	1.07423
2012-05-23 00:00:00	-0.0408013	-0.409685	2.6854	0	-0.497371	-0.000404095	0.00365753	0	0.0385202	0	0	0	0	0	-0.462933	-0.0126721	0.0192281	0	0	0.0275492	0.0184285	0	0	0.177087	-0.0158428	1.53016
2012-05-24 00:00:00	-1.03809	-0.0790697	3.2422	0	-0.486511	0	2.08055E-05	0	0.0072576	0	0	0	0	0	-0.307032	-0.0126441	0.0191828	0	0	0.0199089	0.0157798	0	0	0.17583	-0.0133969	1.54343
2012-05-25 00:00:00	-3.10933	0.0328315	3.42112	0	0.115075	-4.8121E-05	0.000280241	0	0.00345321	0	0	0	0	0	-0.045706	-0.0126124	0.0191727	0	0	0.0183054	0.0152397	0	0	0.174123	-0.0126303	0.619277
2012-05-26 00:00:00	-12.4515	2.15464	3.76943	0	1.65333	-0.00244609	0.0570446	0	0.134252	0	0	0	0	0	2.32662	-0.0126315	0.0192197	0	0	0.0280427	0.0178567	0	0	0.171847	-0.0148161	-2.14916
2012-05-27 00:00:00	-9.68268	0.41688	4.62413	0	0.937027	-0.0134032	0.151908	0	0.740448	0	0	0	0	0	1.58648	-0.012653	0.0192693	0	0	0.0473281	0.0241412	0	0	0.170187	-0.0226801	-1.01362
2012-05-28 00:00:00	-0.490411	-1.68821	3.90565	0	-1.1177	-0.00373699	0.0334966	0	0.315612	0	0	0	0	0	-0.624049	-0.0126531	0.0192656	0	0	0.0508398	0.0257532	0	0	0.172853	-0.0192814	0.567434
2012-05-29 00:00:00	0	-0.540359	2.81567	0	-0.847098	-0.000191495	0.000239405	0	0.0148071	0	0	0	0	0	-0.613051	-0.012629	0.0192129	0	0	0.0348484	0.0211591	0	0	0.174329	-0.014313	1.05263
2012-05-30 00:00:00	-5.20401	1.26891	3.05679	0	0.546633	-0.00123888	0.00503394	0	0.0204723	0	0	0	0	0	0.333702	-0.0126275	0.0191979	0	0	0.0325276	0.0204669	0	0	0.172728	-0.0136179	0.244962
2012-05-31 00:00:00	-19.6	1.40829	3.00765	0	3.24497	-0.0559574	0.390545	0	2.6594	0	0	0	0	0	5.60374	-0.0126689	0.0193021	0	0	0.061931	0.0284332	0	0	0.166786	-0.0302913	-3.10786
2012-06-01 00:00:00	0	-1.59509	2.80718	0	-1.8197	-0.0181921	0.0960927	0	1.50427	0	0	0	0	0	-1.18646	-0.0126923	0.0193604	0	0	0.0847442	0.0352876	0	0	0.171643	-0.0299725	0.0564701
2012-06-02 00:00:00	0	-0.521562	2.57897	0	-0.842526	-0.00161163	0.00327792	0	0.0681319	0	0	0	0	0	-0.877841	-0.0126777	0.0193271	0	0	0.0649066	0.0300735	0	0	0.177687	-0.0177773	0.66838
2012-06-03 00:00:00	-1.8	-0.157521	2.43063	0	-0.0714811	-0.00418577	0.0120112	0	0.0895696	0	0	0	0	0	-0.27291	-0.0126695	0.0193078	0	0	0.0548339	0.0271852	0	0	0.17721	-0.016038	0.475945
2012-06-04 00:00:00	-0.567212	-0.411874	3.11687	0	-0.728844	-0.00139415	0.00228108	0	0.0392347	0	0	0	0	0	-0.659515	-0.0126552	0.0192754	0	0	0.042644	0.0232768	0	0	0.176467	-0.0151582	1.02339
2012-06-05 00:00:00	-1.8	-0.237013	3.12513	0	-0.199775	-0.000948344	0.00102587	0	0.0133539	0	0	0	0	0	-0.31631	-0.0126328	0.019241	0	0	0.0326958	0.0203239	0	0	0.175393	-0.0143536	0.80613
2012-06-06 00:00:00	-9.8	2.10168	3.09541	0	1.50485	-0.00812438	0.0415314	0	0.183843	0	0	0	0	0	1.81047	-0.0126401	0.0192595	0	0	0.0377301	0.0209806	0	0	0.173689	-0.0156172	-0.846927
2012-06-07 00:00:00	-2.84481	-0.235021	2.93616	0	0.0169605	-0.00732462	0.0439917	0	0.313488	0	0	0	0	0	-0.116698	-0.0126451	0.0192609	0	0	0.0445682	0.0230857	0	0	0.172892	-0.018967	0.334948
2012-06-08 00:00:00	-25.8	1.10546	2.92337	0	2.8454	-0.125642	0.685929	0	6.23552	0	0	0	0	0	8.02883	-0.0126935	0.0194137	0	0	0.085644	0.0354147	0	0	0.162269	-0.0456887	-3.85677
2012-06-09 00:00:00	-3.63679	-0.026737	3.18707	0	-1.34911	-0.049505	0.193025	0	2.9649	0	0	0	0	0	-1.33295	-0.0127353	0.0195351	0	0	0.123201	0.0461355	0	0	0.170659	-0.0409758	0.255724
2012-06-10 00:00:00	-10.4193	0.00124924	3.1439	0	0.553998	-0.0461446	0.413488	0	3.4363	0	0	0	0	0	1.7403	-0.0127436	0.0195531	0	0	0.118417	0.0446712	0	0	0.172015	-0.0432714	-0.87756
2012-06-11 00:00:00	-1.8	-1.01544	2.91436	0	-0.561585	-0.0215096	0.12722	0	1.54052	0	0	0	0	0	-0.972589	-0.0127427	0.0195471	0	0	0.109221	0.0419911	0	0	0.179452	-0.034968	0.513479
2012-06-12 00:00:00	0	-0.83612	2.75124	0	-1.37365	-0.00706546	0.0277627	0	0.442743	0	0	0	0	0	-0.922961	-0.0127339	0.0195233	0	0	0.0900599	0.0372631	0	0	0.185993	-0.0245798	0.377479
2012-06-13 00:00:00	0	-0.528925	2.75266	0	-1.0383	-0.00244031	0.00246118	0	0.0646373	0	0	0	0	0	-0.853444	-0.0127199	0.0194922	0	0	0.0668379	0.0306252	0	0	0.188348	-0.0187595	0.670473
2012-06-14 00:00:00	-0.0446534	-0.410542	2.69899	0	-0.943748	-0.00184133	0.00133784	0	0.0288525	0	0	0	0	0	-0.541085	-0.012703	0.0194518	0	0	0.0480385	0.025008	0	0	0.188115	-0.0169568	1.03827
2012-06-15 00:00:00	-8.24746	1.90789	2.66769	0	1.81543	-0.00578693	0.0275533	0	0.104861	0	0	0	0	0	1.22202	-0.0127193	0.0195074	0	0	0.0542306	0.0262117	0	0	0.186293	-0.0165982	-0.250889
2012-06-16 00:00:00	-27.689	0.985723	3.00884	0	3.31437	-0.138788	0.840068	0	7.85793	0	0	0	0	0	8.23158	-0.0127715	0.0196551	0	0	0.0995102	0.03892	0	0	0.170838	-0.053559	-3.32672
2012-06-17 00:00:00	-3.07497	-0.239213	2.78167	0	-1.34553	-0.0508869	0.23909	0	3.5112	0	0	0	0	0	-1.57979	-0.0128026	0.0197301	0	0	0.1282	0.0465942	0	0	0.179472	-0.0464649	0.55629
2012-06-18 00:00:00	-0.704397	-1.6162	3.73614	0	-1.29435	-0.0144985	0.0633433	0	0.870555	0	0	0	0	0	-1.0997	-0.0127965	0.01971	0	0	0.109307	0.0416829	0	0	0.18932	-0.029408	0.258701
2012-06-19 00:00:00	-1.45818	-0.400015	3.1079	0	-0.502892	-0.00512516	0.0111484	0	0.150096	0	0	0	0	0	-0.769105	-0.0127879	0.0196812	0	0	0.0865818	0.0362478	0	0	0.192691	-0.0212455	0.434993
2012-06-20 00:00:00	0	-0.719165	4.26013	0	-1.93836	-0.00359169	0.00555118	0	0.0820316	0	0	0	0	0	-0.970257	-0.0127717	0.0196599	0	0	0.06043	0.0283912	0	0	0.192777	-0.0188269	0.985994
2012-06-21 00:00:00	-7.43081	1.79371	3.1917	0	1.68094	-0.00559897	0.0173369	0	0.0990225	0	0	0	0	0	0.629367	-0.0127765	0.0196704	0	0	0.0594099	0.0277019	0	0	0.190833	-0.0178143	0.242693
2012-06-22 00:00:00	-27.4668	1.25988	3.27772	0	3.55623	-0.143255	0.827866	0	7.81484	0	0	0	0	0	7.72919	-0.0128195	0.0197879	0	0	0.0963147	0.0378277	0	0	0.174002	-0.0565407	-2.88574
2012-06-23 00:00:00	-9.71579	0.0252099	3.24981	0	-0.903896	-0.1115	0.406779	0	6.04913	0	0	0	0	0	0.483813	-0.0128605	0.0199059	0	0	0.132267	0.0470181	0	0	0.17897	-0.0579255	-0.209064
2012-06-24 00:00:00	-6.28652	-0.0271409	3.29391	0	-0.573254	-0.0628836	0.193025	0	3.021	0	0	0	0	0	-0.119093	-0.0128929	0.0199538	0	0	0.13231	0.0464927	0	0	0.189692	-0.0439232	-0.229315
2012-06-25 00:00:00	0	-1.7805	3.14121	0	-1.12231	-0.0214586	0.0629287	0	1.04543	0	0	0	0	0	-1.21451	-0.0128942	0.0199415	0	0	0.117512	0.0428173	0	0	0.196502	-0.0322486	0.442416
2012-06-26 00:00:00	-8.28964	1.78445	3.8839	0	0.817759	-0.0300095	0.0890497	0	0.991624	0	0	0	0	0	0.463922	-0.0128933	0.0199345	0	0	0.10364	0.0392188	0	0	0.198188	-0.0289512	0.0301885
2012-06-27 00:00:00	-11.6501	0.0448913	3.55142	0	0.868559	-0.0649903	0.367245	0	3.83496	0	0	0	0	0	2.13413	-0.0129104	0.0199652	0	0	0.109884	0.0399743	0	0	0.18994	-0.0457662	-0.612765
2012-06-28 00:00:00	-3.91524	-0.440847	3.59261	0	-0.796374	-0.0283244	0.168653	0	2.18041	0	0	0	0	0	-0.651653	-0.0129246	0.0199523	0	0	0.10371	0.0380852	0	0	0.193471	-0.0405973	0.410924
2012-06-29 00:00:00	-7.45106	0.517332	3.39507	0	0.319227	-0.0338551	0.211687	0	1.89903	0	0	0	0	0	0.771976	-0.0129294	0.0199774	0	0	0.0993626	0.0377278	0	0	0.196385	-0.0361189	-0.0661877
2012-06-30 00:00:00	-4.9351	-0.0563092	3.2583	0	-0.242658	-0.0224203	0.157798	0	1.48968	0	0	0	0	0	0.0390112	-0.0129357	0.019981	0	0	0.0966901	0.0377721	0	0	0.197694	-0.0342738	-0.00676751
2012-07-01 00:00:00	-0.883165	-1.70397	3.2782	0	-0.972446	-0.0114313	0.06628	0	0.763665	0	0	0	0	0	-0.493336	-0.0129322	0.0199673	0	0	0.0867156	0.0353786	0	0	0.200665	-0.0280729	0.345519
2012-07-02 00:00:00	-4.11908	0.690205	3.39523	0	-0.00518337	-0.00627028	0.0296901	0	0.235413	0	0	0	0	0	-0.176536	-0.0129248	0.0199409	0	0	0.0723352	0.03197	0	0	0.203098	-0.0217806	0.336113
2012-07-03 00:00:00	-1.37681	-1.11667	3.63951	0	-0.895089	-0.00623655	0.0241202	0	0.218709	0	0	0	0	0	-0.270638	-0.0129197	0.0199231	0	0	0.0639125	0.0298632	0	0	0.202529	-0.0201061	0.500095
2012-07-04 00:00:00	-8.60295	1.84138	3.71162	0	0.833976	-0.0192099	0.0763405	0	0.459895	0	0	0	0	0	1.21969	-0.0129214	0.0199338	0	0	0.0638876	0.030386	0	0	0.201721	-0.0188602	-0.195111
2012-07-05 00:00:00	-0.303225	-1.87199	3.6608	0	-1.19988	-0.00737821	0.0288898	0	0.365318	0	0	0	0	0	-0.480773	-0.0129227	0.0199392	0	0	0.0666391	0.0317535	0	0	0.200644	-0.0193974	0.478411
2012-07-06 00:00:00	-5.73042	1.62336	3.20853	0	0.654352	-0.00168646	0.00693022	0	0.0431782	0	0	0	0	0	0.202934	-0.0129112	0.0199036	0	0	0.0532364	0.0280845	0	0	0.20059	-0.0168377	0.279244
2012-07-07 00:00:00	-37.727	0.736647	3.16218	0	4.18524	-0.255171	1.22047	0	13.0158	0	0	0	0	0	11.8365	-0.0129788	0.0201344	0	0	0.126141	0.0463772	0	0	0.178048	-0.0643735	-3.53203
2012-07-08 00:00:00	-2.38727	-1.07179	3.38538	0	-2.59627	-0.0706832	0.264604	0	4.73532	0	0	0	0	0	-2.47678	-0.0130431	0.0203159	0	0	0.187664	0.0601974	0	0	0.192407	-0.0514013	0.17865
2012-07-09 00:00:00	-17.0776	1.09302	3.31754	0	1.44993	-0.138904	0.571234	0	6.43094	0	0	0	0	0	3.4341	-0.0131126	0.0204179	0	0	0.193464	0.0625553	0	0	0.19302	-0.0532847	-0.516678
2012-07-10 00:00:00	-15.7625	0.0134948	3.21219	0	-0.0426006	-0.16659	0.646105	0	8.31858	0	0	0	0	0	2.67134	-0.0132363	0.0205923	0	0	0.234053	0.0741924	0	0	0.19036	-0.0621577	-0.666207
2012-07-11 00:00:00	-14.453	0.0252065	3.05575	0	-0.128536	-0.167516	0.604244	0	8.18963	0	0	0	0	0	2.03583	-0.0133535	0.0207342	0	0	0.264906	0.0814772	0	0	0.193428	-0.0621391	-0.353377
2012-07-12 00:00:00	-0.4	-1.94218	3.21093	0	-1.20408	-0.044953	0.138398	0	2.34192	0	0	0	0	0	-1.94283	-0.0134104	0.0207893	0	0	0.246008	0.0763458	0	0	0.206492	-0.0424767	0.650958
2012-07-13 00:00:00	-0.0992187	-0.567969	3.14138	0	-1.39727	-0.0146907	0.0297858	0	0.526159	0	0	0	0	0	-1.43044	-0.0134349	0.0207769	0	0	0.18758	0.0619251	0	0	0.213558	-0.0290897	0.629055
2012-07-14 00:00:00	-5.74002	1.90605	3.05059	0	0.53232	-0.0186306	0.0458593	0	0.475052	0	0	0	0	0	-0.360874	-0.0134324	0.0207775	0	0	0.162444	0.0554834	0	0	0.213696	-0.0262804	0.303029
2012-07-15 00:00:00	-0.14002	-2.0175	3.07504	0	-0.78131	-0.0135953	0.0453854	0	0.580798	0	0	0	0	0	-0.58174	-0.0134407	0.0207734	0	0	0.139857	0.0493495	0	0	0.212598	-0.0266906	0.549498
2012-07-16 00:00:00	-0.45998	-0.473199	3.04285	0	-0.952757	-0.00476082	0.00573524	0	0.117678	0	0	0	0	0	-0.71365	-0.0134301	0.0207549	0	0	0.111126	0.0427566	0	0	0.213338	-0.0212788	0.91518
2012-07-17 00:00:00	-1.93758	-0.202381	3.21332	0	-0.163459	-0.00232574	0.00280262	0	0.0412135	0	0	0	0	0	-0.369746	-0.0134101	0.0207264	0	0	0.0802229	0.0350736	0	0	0.212959	-0.0188792	0.898545
2012-07-18 00:00:00	-26.2258	3.42219	3.33974	0	4.35539	-0.105107	0.564225	0	4.94589	0	0	0	0	0	6.73978	-0.0134522	0.0208431	0	0	0.116865	0.044385	0	0	0.201506	-0.0411224	-2.63467
2012-07-19 00:00:00	-0.2	-2.06195	3.17558	0	-2.13552	-0.0359819	0.132472	0	2.44772	0	0	0	0	0	-1.59845	-0.0134867	0.0209581	0	0	0.149748	0.053217	0	0	0.206253	-0.0409841	0.0995711
2012-07-20 00:00:00	0	-0.58789	3.18744	0	-1.36624	-0.00695256	0.0117629	0	0.232032	0	0	0	0	0	-1.15406	-0.0134683	0.0209541	0	0	0.117178	0.0453897	0	0	0.214254	-0.0237598	0.676637
2012-07-21 00:00:00	0	-0.599845	3.24159	0	-0.972113	-0.00323579	0.00312724	0	0.06654	0	0	0	0	0	-0.95733	-0.0134508	0.0209217	0	0	0.0817324	0.0361453	0	0	0.214072	-0.0199004	1.09825
2012-07-22 00:00:00	-0.359199	-0.405094	3.40843	0	-0.959612	-0.00223968	0.00158347	0	0.0337757	0	0	0	0	0	-0.651432	-0.0134321	0.0208776	0	0	0.0545604	0.0290629	0	0	0.212445	-0.0181685	1.35156
2012-07-23 00:00:00	-26.2009	3.74423	3.58621	0	5.39278	-0.0927142	0.431932	0	3.72739	0	0	0	0	0	6.66223	-0.0134851	0.0210369	0	0	0.0962265	0.0402894	0	0	0.20312	-0.0339731	-2.4356
2012-07-24 00:00:00	-2.01986	-1.43144	3.55183	0	-1.47193	-0.0415242	0.151291	0	2.49201	0	0	0	0	0	-1.39001	-0.0135064	0.0211424	0	0	0.13466	0.0505426	0	0	0.204914	-0.0398798	0.198236
2012-07-25 00:00:00	-0.4	-1.13499	3.82	0	-1.87646	-0.0088999	0.0293821	0	0.483747	0	0	0	0	0	-1.03751	-0.0135076	0.0211337	0	0	0.106423	0.04391	0	0	0.212033	-0.0253098	0.219954
2012-07-26 00:00:00	-0.638357	-0.47794	3.16759	0	-0.923107	-0.00501228	0.00792255	0	0.0854172	0	0	0	0	0	-0.690554	-0.0134998	0.0211231	0	0	0.0855563	0.0389051	0	0	0.212515	-0.0197223	0.850839
2012-07-27 00:00:00	-0.519279	-0.398081	2.91961	0	-0.489904	-0.00228977	0.00238748	0	0.0394976	0	0	0	0	0	-0.693176	-0.0134814	0.0210884	0	0	0.0594464	0.031682	0	0	0.210726	-0.0179755	1.15025
2012-07-28 00:00:00	-5.20088	1.75665	3.19627	0	0.398213	-0.00309477	0.00609971	0	0.0482817	0	0	0	0	0	0.031468	-0.0134722	0.0210584	0	0	0.0485573	0.0284726	0	0	0.208209	-0.0172463	0.508586
2012-07-29 00:00:00	-2.61094	-0.67734	3.13576	0	0.0856948	-0.00653507	0.018221	0	0.141823	0	0	0	0	0	0.153699	-0.0134693	0.0210525	0	0	0.0458689	0.0275508	0	0	0.205774	-0.0176109	0.509552
2012-07-30 00:00:00	-1.29834	-0.960895	2.96178	0	-0.234671	-0.00459213	0.0146214	0	0.0990463	0	0	0	0	0	-0.0124047	-0.0134586	0.0210321	0	0	0.0414568	0.0262372	0	0	0.204358	-0.0168324	0.827344
2012-07-31 00:00:00	-4.75187	0.875708	3.61059	0	0.138665	-0.00533499	0.0198226	0	0.0973355	0	0	0	0	0	0.232838	-0.0134494	0.0210159	0	0	0.0383434	0.0257597	0	0	0.202191	-0.015964	0.475657
2012-08-01 00:00:00	-6.27603	1.13106	3.50059	0	0.371171	-0.00944871	0.0383447	0	0.220816	0	0	0	0	0	0.664198	-0.0134495	0.0210223	0	0	0.0425221	0.027858	0	0	0.199586	-0.0162695	-0.098035
2012-08-02 00:00:00	-0.0992187	-2.22064	3.14174	0	-0.38839	-0.00430312	0.0172932	0	0.129031	0	0	0	0	0	-0.17022	-0.0134427	0.021009	0	0	0.0426297	0.0279668	0	0	0.197611	-0.0161073	0.664962
2012-08-03 00:00:00	-0.2	-0.253281	3.21522	0	-1.11795	-0.000657107	0.000430377	0	0.0156229	0	0	0	0	0	-0.340585	-0.0134123	0.0209477	0	0	0.0284584	0.0234505	0	0	0.196131	-0.0150327	1.55935
2012-08-04 00:00:00	-9.10746	2.81533	3.12238	0	1.27053	-0.00147994	0.00795574	0	0.0296038	0	0	0	0	0	0.933235	-0.0134199	0.0209693	0	0	0.0304198	0.0236088	0	0	0.192466	-0.0140984	-0.689967
2012-08-05 00:00:00	-14.086	1.17217	3.24019	0	2.25823	-0.0374694	0.181821	0	1.36776	0	0	0	0	0	3.15619	-0.0134485	0.0210229	0	0	0.0510384	0.0295341	0	0	0.189017	-0.0248289	-2.49478
2012-08-06 00:00:00	-11.3812	-0.0170191	3.09614	0	0.739143	-0.0598694	0.339799	0	3.42187	0	0	0	0	0	2.14388	-0.013487	0.0210867	0	0	0.0769573	0.0362148	0	0	0.184456	-0.0430878	-1.4551
2012-08-07 00:00:00	-0.0992187	-2.22824	3.02113	0	-1.07662	-0.0208322	0.0862964	0	1.39841	0	0	0	0	0	-0.961795	-0.013489	0.0211022	0	0	0.0786698	0.036243	0	0	0.193083	-0.0338758	0.400866
2012-08-08 00:00:00	0	-0.615733	3.33446	0	-1.68671	-0.00484298	0.00672334	0	0.173457	0	0	0	0	0	-0.88674	-0.0134779	0.0210785	0	0	0.0594312	0.0313586	0	0	0.199815	-0.0211969	0.597619
2012-08-09 00:00:00	0	-0.65649	3.63462	0	-1.01793	-0.00236821	0.00211135	0	0.0390562	0	0	0	0	0	-0.954854	-0.0134571	0.0210598	0	0	0.0377221	0.0249995	0	0	0.2004	-0.0174293	1.29744
2012-08-10 00:00:00	0	-0.507316	3.96295	0	-0.650646	-0.00164179	0.00110251	0	0.0239209	0	0	0	0	0	-0.956286	-0.0134497	0.0210206	0	0	0.0219958	0.0198967	0	0	0.199077	-0.0161447	2.10448
2012-08-11 00:00:00	0	-0.0134705	2.9539	0	-0.232583	-2.30424E-05	0.000156987	0	0.0115772	0	0	0	0	0	-0.729209	-0.0134334	0.0209945	0	0	0.0165183	0.0178036	0	0	0.195769	-0.0144697	2.21353
2012-08-12 00:00:00	0	-0.0125835	2.99865	0	-0.228875	0	1.23821E-05	0	0.00451988	0	0	0	0	0	-0.505563	-0.0133939	0.0209305	0	0	0.0108664	0.0151195	0	0	0.193801	-0.0134721	2.47001
2012-08-13 00:00:00	-0.679159	0	3.2566	0	-0.0252982	-1.25367E-05	0.000103469	0	0.00204737	0	0	0	0	0	-0.521426	-0.0133671	0.0208903	0	0	0.00862398	0.0139485	0	0	0.190862	-0.012933	2.24088
2012-08-14 00:00:00	-0.159199	0	3.04236	0	-0.0254217	-1.99178E-05	0.000108591	0	0.00122483	0	0	0	0	0	-0.514719	-0.0133344	0.0208358	0	0	0.0067439	0.0126623	0	0	0.187621	-0.0126628	2.54619
2012-08-15 00:00:00	-12.6524	3.28295	3.38626	0	0.637394	-0.000356397	0.00416566	0	0.00154825	0	0	0	0	0	1.99322	-0.0133606	0.0209443	0	0	0.0152456	0.0180686	0	0	0.184079	-0.0125198	-3.13481
2012-08-16 00:00:00	-1.64168	-1.42726	3.13738	0	0.0520608	-0.00156786	0.00709167	0	0.0177624	0	0	0	0	0	0.0285229	-0.0133619	0.0209447	0	0	0.0221163	0.0216581	0	0	0.182964	-0.0132177	0.393418
2012-08-17 00:00:00	-6.04501	1.40554	3.24089	0	0.25449	-0.00160268	0.00818358	0	0.0441864	0	0	0	0	0	0.455098	-0.013353	0.0209132	0	0	0.022761	0.0214267	0	0	0.181189	-0.0133798	-0.418662
2012-08-18 00:00:00	-0.31996	-2.11313	3.15687	0	-0.1846	-0.00127618	0.00575178	0	0.0490851	0	0	0	0	0	-0.0338331	-0.0133387	0.0208788	0	0	0.0222224	0.0209185	0	0	0.179086	-0.013425	0.775245
2012-08-19 00:00:00	-4.91663	1.63023	2.87445	0	0.190186	-0.00116897	0.00653646	0	0.0235481	0	0	0	0	0	0.249375	-0.0133209	0.0208384	0	0	0.0212391	0.0208994	0	0	0.177155	-0.0130398	0.270298
2012-08-20 00:00:00	-3.73337	0.0826592	2.86879	0	0.14459	-0.00551579	0.0276025	0	0.111516	0	0	0	0	0	0.517227	-0.0133163	0.020846	0	0	0.0250866	0.0230974	0	0	0.174875	-0.0133729	0.230712
2012-08-21 00:00:00	-4.11993	0.406969	2.96857	0	0.164048	-0.00457425	0.0209358	0	0.0982885	0	0	0	0	0	0.328033	-0.0133113	0.0208364	0	0	0.0281345	0.0246357	0	0	0.173973	-0.0136178	0.0829931
2012-08-22 00:00:00	-3.25441	0.0727938	2.8875	0	0.0651309	-0.00433545	0.0184389	0	0.0972495	0	0	0	0	0	0.190726	-0.013304	0.0208171	0	0	0.0286742	0.0248014	0	0	0.172913	-0.0138684	0.293124
2012-08-23 00:00:00	-1.50391	-1.25834	2.84421	0	-0.0135148	-0.00340672	0.014318	0	0.0780331	0	0	0	0	0	0.0988385	-0.0132947	0.0207928	0	0	0.0280938	0.0242307	0	0	0.171722	-0.0135164	0.474255
2012-08-24 00:00:00	-0.240801	-1.27826	2.76473	0	-0.300859	-0.00178799	0.00707435	0	0.0387897	0	0	0	0	0	-0.137216	-0.0132756	0.0207598	0	0	0.0260529	0.0231648	0	0	0.170497	-0.0132115	1.06566
2012-08-25 00:00:00	-4.4	1.57973	2.68553	0	0.178346	-0.00182206	0.00682616	0	0.0195398	0	0	0	0	0	0.164037	-0.0132598	0.0207288	0	0	0.0236398	0.0222072	0	0	0.168918	-0.0129663	0.441454
2012-08-26 00:00:00	-0.91996	-1.49509	2.56277	0	-0.00860765	-0.0032993	0.012056	0	0.0664289	0	0	0	0	0	0.0915894	-0.0132517	0.0207084	0	0	0.023214	0.0217102	0	0	0.167062	-0.0131831	0.512146
2012-08-27 00:00:00	-4.4999	1.53129	2.73408	0	0.0719743	-0.0032891	0.0122865	0	0.0659428	0	0	0	0	0	0.247091	-0.0132427	0.020682	0	0	0.0230243	0.0215947	0	0	0.165572	-0.0131102	0.363998
2012-08-28 00:00:00	0	-1.82823	2.67546	0	-0.149024	-0.00288338	0.0124932	0	0.0605206	0	0	0	0	0	-0.0644801	-0.0132308	0.0206508	0	0	0.0229698	0.0218008	0	0	0.164391	-0.0131011	0.907337
2012-08-29 00:00:00	-9.96048	3.31679	2.45109	0	0.891378	-0.0063218	0.0297133	0	0.136515	0	0	0	0	0	1.35566	-0.0132377	0.0206315	0	0	0.0242372	0.0220546	0	0	0.162941	-0.0137004	-1.58273
2012-08-30 00:00:00	-2.91916	-1.11197	2.15316	0	0.0468183	-0.0179195	0.0858952	0	0.443057	0	0	0	0	0	0.773987	-0.0132527	0.0206733	0	0	0.0353285	0.0269607	0	0	0.162342	-0.0152997	-0.329382
2012-08-31 00:00:00	-2.11996	-0.249031	2.34248	0	-0.0891152	-0.00805339	0.0375037	0	0.220724	0	0	0	0	0	-0.0218521	-0.0132498	0.0206768	0	0	0.0408583	0.0294397	0	0	0.162252	-0.01452	0.338154
2012-09-01 00:00:00	-0.7001	-1.29851	2.69416	0	-0.250626	-0.00474105	0.0207652	0	0.103659	0	0	0	0	0	-0.112398	-0.0132378	0.0206496	0	0	0.0376775	0.027879	0	0	0.161518	-0.0139925	0.672696
2012-09-02 00:00:00	-0.41986	-0.459449	2.65135	0	-0.685113	-0.00131331	0.00351093	0	0.0260356	0	0	0	0	0	-0.178457	-0.0132131	0.0206033	0	0	0.030557	0.025406	0	0	0.160866	-0.0132635	1.14766
2012-09-03 00:00:00	-1.42006	-0.179058	2.64125	0	-0.00729261	-0.00199608	0.00556849	0	0.0155357	0	0	0	0	0	-0.345609	-0.0132074	0.0205895	0	0	0.0271843	0.024056	0	0	0.158555	-0.0128165	0.912703
2012-09-04 00:00:00	-0.37994	-0.298275	2.4392	0	-0.244158	-0.000913898	0.000893794	0	0.012096	0	0	0	0	0	-0.364889	-0.0132129	0.0205268	0	0	0.0207797	0.0210836	0	0	0.15779	-0.0127787	1.3582
2012-09-05 00:00:00	0	-0.214371	2.20863	0	-0.395691	-0.000581788	0.000632122	0	0.00575418	0	0	0	0	0	-0.310679	-0.0131873	0.020493	0	0	0.0165029	0.018961	0	0	0.156065	-0.0124257	1.4801
2012-09-06 00:00:00	-1.82006	-0.0228335	2.32893	0	0.0893562	-3.56673E-05	0.000280426	0	0.00315435	0	0	0	0	0	-0.198946	-0.0131614	0.0204728	0	0	0.0150957	0.0181881	0	0	0.154391	-0.0118106	0.563022
2012-09-07 00:00:00	-3.14002	0.554722	2.52994	0	0.252934	-0.00121997	0.00539888	0	0.00853129	0	0	0	0	0	0.146516	-0.0131234	0.0204575	0	0	0.0153761	0.018093	0	0	0.15237	-0.0116303	0.538345
2012-09-08 00:00:00	-0.14002	-0.60749	2.4137	0	-0.201247	-0.00109098	0.00249962	0	0.0240035	0	0	0	0	0	-0.385243	-0.0130567	0.0204373	0	0	0.0143129	0.0175595	0	0	0.151317	-0.0117968	1.28389
2012-09-09 00:00:00	-3.2	0.614293	2.51454	0	0.0584372	-3.57552E-05	0.000622754	0	0.00585289	0	0	0	0	0	0.271514	-0.0130281	0.0203948	0	0	0.0138152	0.0170424	0	0	0.150392	-0.0114858	0.442356
2012-09-10 00:00:00	-11.0999	3.13573	2.19514	0	1.08684	-0.0091586	0.0426798	0	0.154867	0	0	0	0	0	1.98869	-0.0130458	0.0204433	0	0	0.0210415	0.021067	0	0	0.148795	-0.0121558	-2.31896
2012-09-11 00:00:00	-0.54002	-1.23539	1.84848	0	-0.0246894	-0.00611645	0.0252185	0	0.1583	0	0	0	0	0	-0.152042	-0.0130513	0.0204474	0	0	0.0295415	0.024814	0	0	0.148986	-0.013466	0.271014
2012-09-12 00:00:00	-0.45998	-1.37064	1.93144	0	-0.031291	-0.00349387	0.0153716	0	0.0925984	0	0	0	0	0	0.0031426	-0.0130389	0.0204124	0	0	0.0281871	0.0237102	0	0	0.148653	-0.0130053	0.372068
2012-09-13 00:00:00	-1.84012	0.0848371	1.97878	0	-0.0774309	-0.00278836	0.00994699	0	0.0709214	0	0	0	0	0	0.043098	-0.0130304	0.0203914	0	0	0.0260227	0.0228543	0	0	0.147988	-0.0127701	0.458698
2012-09-14 00:00:00	-1	-0.336324	2.13087	0	-0.153513	-0.00252307	0.00774958	0	0.0506632	0	0	0	0	0	-0.152481	-0.0130224	0.0203704	0	0	0.0233198	0.0217846	0	0	0.147213	-0.0127542	0.731353
2012-09-15 00:00:00	0	-0.360837	2.09045	0	-0.522003	-0.000986088	0.00102371	0	0.020078	0	0	0	0	0	-0.371422	-0.0130007	0.0203495	0	0	0.0188985	0.0196561	0	0	0.146591	-0.0122869	1.03651
2012-09-16 00:00:00	-0.4	-0.266867	1.98573	0	-0.258981	-0.000476585	0.000293215	0	0.00512973	0	0	0	0	0	-0.259414	-0.012954	0.0203199	0	0	0.0151923	0.0177632	0	0	0.145695	-0.0118525	0.979577
2012-09-17 00:00:00	-6.82026	3.18183	1.80024	0	0.639709	-0.00216191	0.00618225	0	0.0319957	0	0	0	0	0	0.622083	-0.0129509	0.0203182	0	0	0.0155733	0.0177252	0	0	0.144037	-0.0118258	-0.367506
2012-09-18 00:00:00	-0.34002	-1.26631	1.68617	0	0.0226928	-0.00240446	0.00621444	0	0.0588318	0	0	0	0	0	-0.00644499	-0.0129344	0.0202973	0	0	0.0171533	0.0181178	0	0	0.143529	-0.0126739	0.332221
2012-09-19 00:00:00	-1.56008	-0.0417867	1.58727	0	-0.00174152	-0.00186112	0.00569082	0	0.0474243	0	0	0	0	0	0.176836	-0.0129208	0.0202588	0	0	0.0177038	0.0180967	0	0	0.143095	-0.0122681	0.385715
2012-09-20 00:00:00	-30.0201	2.54062	1.67988	0	2.99774	-0.0889124	0.475224	0	2.94964	0	0	0	0	0	9.32374	-0.0130004	0.0204343	0	0	0.0493595	0.0318161	0	0	0.137617	-0.0312558	-9.94717
2012-09-21 00:00:00	-0.51996	-0.898506	1.47647	0	-1.03462	-0.0345108	0.135907	0	1.5843	0	0	0	0	0	-1.35021	-0.0130687	0.0205683	0	0	0.087637	0.0456768	0	0	0.143043	-0.0335118	-0.390785
2012-09-22 00:00:00	-0.14002	-1.4154	1.6569	0	-0.00870786	-0.0137575	0.0567524	0	0.520548	0	0	0	0	0	-0.604581	-0.0130667	0.020532	0	0	0.0772024	0.041086	0	0	0.150406	-0.0232044	0.304694
2012-09-23 00:00:00	-0.14002	-0.63051	1.5245	0	-0.462857	-0.00903976	0.0331087	0	0.342671	0	0	0	0	0	-0.455092	-0.0130583	0.0204984	0	0	0.0666431	0.0370583	0	0	0.152421	-0.0204539	0.445871
2012-09-24 00:00:00	-14.8197	2.9591	1.43451	0	1.55024	-0.0575338	0.286119	0	2.12147	0	0	0	0	0	3.87418	-0.0130844	0.0205639	0	0	0.0765601	0.0411848	0	0	0.149907	-0.0296663	-2.4061
2012-09-25 00:00:00	-34.1412	-0.0223797	1.65999	0	1.9209	-0.224394	1.03592	0	11.2169	0	0	0	0	0	10.2769	-0.013217	0.020852	0	0	0.147412	0.0635605	0	0	0.137927	-0.0684072	-7.98931
2012-09-26 00:00:00	-22.7819	0.0199296	1.66754	0	0.512945	-0.24134	0.932416	0	12.9837	0	0	0	0	0	4.05006	-0.0133254	0.0210754	0	0	0.222171	0.0777137	0	0	0.145785	-0.0762436	-2.4795
2012-09-27 00:00:00	-2.77934	-0.550647	1.62196	0	-1.99454	-0.0917347	0.303861	0	4.67411	0	0	0	0	0	-2.194	-0.0133559	0.0211526	0	0	0.233673	0.0771727	0	0	0.170933	-0.0516755	-0.572426
2012-09-28 00:00:00	-3.0002	0.515919	1.6036	0	-0.130334	-0.0499309	0.16436	0	2.11003	0	0	0	0	0	-1.35104	-0.013352	0.0211614	0	0	0.206163	0.0705726	0	0	0.182814	-0.0395975	0.290173
2012-09-29 00:00:00	-0.65998	-0.869424	1.58332	0	-0.217463	-0.0313369	0.100663	0	1.31885	0	0	0	0	0	-1.15831	-0.0133489	0.021143	0	0	0.174994	0.0616246	0	0	0.18681	-0.0348691	0.462682
2012-09-30 00:00:00	-9.98094	0.872694	1.68682	0	0.893004	-0.0729141	0.275093	0	3.56108	0	0	0	0	0	1.67465	-0.013347	0.0211351	0	0	0.156459	0.0550858	0	0	0.182356	-0.0460859	-0.734904
2012-10-01 00:00:00	-1.31996	-0.260873	1.57062	0	-0.719383	-0.0352498	0.107728	0	1.99041	0	0	0	0	0	-1.08006	-0.0133436	0.0211256	0	0	0.141041	0.0502586	0	0	0.18866	-0.0399794	0.601006
2012-10-02 00:00:00	-3.44032	0.202338	1.4483	0	0.050172	-0.0311019	0.108494	0	1.39122	0	0	0	0	0	0.0249857	-0.0133381	0.0211037	0	0	0.122244	0.0449696	0	0	0.193324	-0.0343811	0.0880179
2012-10-03 00:00:00	-4.3005	-0.135402	1.25573	0	0.112215	-0.0393079	0.142503	0	2.02991	0	0	0	0	0	0.503683	-0.0133371	0.0210817	0	0	0.110272	0.0407977	0	0	0.191916	-0.0391649	-0.119608
2012-10-04 00:00:00	-1.08004	-0.151902	1.2126	0	-0.623779	-0.0201342	0.0609969	0	1.10965	0	0	0	0	0	-0.499022	-0.0133327	0.0210645	0	0	0.0975861	0.0371066	0	0	0.195599	-0.0328683	0.313524
2012-10-05 00:00:00	-2.14022	-0.127678	1.22512	0	0.136621	-0.016752	0.0587511	0	0.70544	0	0	0	0	0	0.082058	-0.0133271	0.0210408	0	0	0.0850869	0.0338771	0	0	0.198332	-0.0279121	0.220433
2012-10-06 00:00:00	-0.23992	-0.957226	1.26758	0	-0.42641	-0.0104032	0.0336487	0	0.502377	0	0	0	0	0	-0.209258	-0.0133224	0.0210185	0	0	0.0751238	0.0313924	0	0	0.199162	-0.0255462	0.248216
2012-10-07 00:00:00	-4.21866	-0.100704	1.33592	0	-0.00838751	-0.0309605	0.13478	0	0.87217	0	0	0	0	0	1.32918	-0.0133355	0.0210656	0	0	0.0815008	0.0366061	0	0	0.200193	-0.0220033	-0.382638
2012-10-08 00:00:00	-0.14002	-0.810135	1.26501	0	-0.495144	-0.0134924	0.057097	0	0.424427	0	0	0	0	0	-0.235969	-0.0133453	0.0210863	0	0	0.0884595	0.0406341	0	0	0.200524	-0.0201146	0.369014
2012-10-09 00:00:00	0	-0.509519	1.10791	0	-0.395058	-0.00785142	0.0295255	0	0.172945	0	0	0	0	0	-0.138556	-0.0133409	0.0210648	0	0	0.0762571	0.0372111	0	0	0.200668	-0.0182198	0.563033
2012-10-10 00:00:00	-0.14002	-0.361716	1.32022	0	-0.526811	-0.00488853	0.0170934	0	0.117541	0	0	0	0	0	-0.142185	-0.0133329	0.0210389	0	0	0.0641446	0.0339969	0	0	0.200273	-0.0172769	0.568082
2012-10-11 00:00:00	-16.0211	3.23117	1.26065	0	3.14696	-0.0573318	0.258184	0	2.58539	0	0	0	0	0	3.95658	-0.0133436	0.021048	0	0	0.0656439	0.0332815	0	0	0.193168	-0.0333772	-1.37303
2012-10-12 00:00:00	-24.9394	0.00491007	1.07279	0	0.885303	-0.25084	0.972986	0	11.671	0	0	0	0	0	7.46562	-0.0134344	0.0212913	0	0	0.146904	0.0574353	0	0	0.178486	-0.0672937	-2.79431
2012-10-13 00:00:00	-1.16008	-0.142869	1.08928	0	-1.67925	-0.0726338	0.237765	0	3.86871	0	0	0	0	0	-2.06511	-0.0135105	0.0214103	0	0	0.188898	0.0707732	0	0	0.195181	-0.0479455	0.490619
2012-10-14 00:00:00	-4.24032	0.15575	1.04462	0	0.469488	-0.0542675	0.190059	0	2.42036	0	0	0	0	0	-0.0667917	-0.013527	0.0214131	0	0	0.163688	0.0621745	0	0	0.201182	-0.040915	0.312924
2012-10-15 00:00:00	-0.61986	-0.415655	0.825281	0	-0.741372	-0.0312442	0.101849	0	1.44673	0	0	0	0	0	-0.744988	-0.0135323	0.0214123	0	0	0.14385	0.0560186	0	0	0.204511	-0.0350294	0.197973
2012-10-16 00:00:00	-15.1797	0.406879	0.879961	0	1.37761	-0.14564	0.565562	0	6.00732	0	0	0	0	0	4.42975	-0.0135781	0.0215543	0	0	0.169488	0.06445	0	0	0.196963	-0.0498713	-1.26929
2012-10-17 00:00:00	-23.7402	0.00138323	0.87048	0	0.979678	-0.268826	1.01106	0	12.7854	0	0	0	0	0	6.32514	-0.0137071	0.0218444	0	0	0.255929	0.0944022	0	0	0.18732	-0.0713515	-1.56146
2012-10-18 00:00:00	-5.2	1.78905E-07	0.910887	0	-1.2985	-0.122242	0.414448	0	6.08495	0	0	0	0	0	-0.950726	-0.0137944	0.0220079	0	0	0.296367	0.110547	0	0	0.198757	-0.0573622	0.395346
2012-10-19 00:00:00	-1.37994	-0.0132917	1.05133	0	-0.830316	-0.0507281	0.16261	0	2.28629	0	0	0	0	0	-1.31947	-0.0138293	0.0220786	0	0	0.255977	0.0963671	0	0	0.209187	-0.041425	0.434841
2012-10-20 00:00:00	-1.51996	0.0136451	0.935089	0	-0.0436401	-0.0315582	0.101401	0	1.12645	0	0	0	0	0	-0.772182	-0.01384	0.0220755	0	0	0.221961	0.0852555	0	0	0.213334	-0.0333318	0.304698
2012-10-21 00:00:00	0	-1.09941	1.17149	0	-0.515857	-0.0233097	0.0801433	0	0.927739	0	0	0	0	0	-0.573433	-0.0138359	0.0221122	0	0	0.186055	0.0733157	0	0	0.214482	-0.0305257	0.418962
2012-10-22 00:00:00	-0.48004	-0.289717	0.78405	0	-0.223945	-0.0151159	0.0504545	0	0.551086	0	0	0	0	0	-0.428436	-0.0138335	0.022101	0	0	0.161696	0.0653098	0	0	0.21533	-0.0268418	0.372097
2012-10-23 00:00:00	-0.62006	-0.252343	0.880704	0	-0.246898	-0.0123402	0.0445497	0	0.45244	0	0	0	0	0	-0.213187	-0.0138257	0.0220732	0	0	0.136263	0.0569749	0	0	0.215742	-0.0245639	0.42553
2012-10-24 00:00:00	-0.34002	-0.430286	0.828872	0	-0.20071	-0.00781128	0.0279586	0	0.271146	0	0	0	0	0	-0.111324	-0.0138153	0.0220534	0	0	0.115859	0.0504219	0	0	0.215782	-0.0221357	0.405992
2012-10-25 00:00:00	-1.04842	0.238611	0.79182	0	-0.0915506	-0.00778519	0.0289929	0	0.249163	0	0	0	0	0	-0.0187977	-0.0138088	0.0220346	0	0	0.100791	0.0456908	0	0	0.214999	-0.0210053	0.490731
2012-10-26 00:00:00	-0.432025	-0.19524	0.652355	0	-0.14966	-0.00623373	0.0231492	0	0.194346	0	0	0	0	0	0.0294348	-0.0138014	0.0220111	0	0	0.0862954	0.0410804	0	0	0.214573	-0.0198657	0.446419
2012-10-27 00:00:00	-5.17148	1.94176	0.642829	0	0.69779	-0.016033	0.0555527	0	0.503378	0	0	0	0	0	0.946615	-0.0137985	0.0219929	0	0	0.0770378	0.037982	0	0	0.212394	-0.0213712	-0.0853473
2012-10-28 00:00:00	-5.10018	-0.0151402	0.821639	0	0.584852	-0.0427898	0.149195	0	1.65901	0	0	0	0	0	1.31233	-0.0138124	0.0220174	0	0	0.0830408	0.0396807	0	0	0.206615	-0.0336721	-0.327212
2012-10-29 00:00:00	-0.300781	-0.353475	0.667852	0	-0.720336	-0.0149562	0.0435842	0	0.778259	0	0	0	0	0	-0.218609	-0.0138112	0.0220122	0	0	0.0799395	0.038404	0	0	0.208755	-0.0288077	0.188029
2012-10-30 00:00:00	-1.33011	0.3227	0.716081	0	0.00159882	-0.0119731	0.0417662	0	0.368324	0	0	0	0	0	-0.026214	-0.0138041	0.021988	0	0	0.0710583	0.0358987	0	0	0.210528	-0.0224414	0.385402
2012-10-31 00:00:00	-14.2939	-0.0134185	0.704375	0	2.1211	-0.128655	0.476032	0	4.85271	0	0	0	0	0	4.53785	-0.0138287	0.0220771	0	0	0.0962992	0.0440555	0	0	0.199226	-0.0469677	-1.44304
2012-11-01 00:00:00	-3.9427	-0.0232018	0.580519	0	-0.823633	-0.0699241	0.241113	0	3.38438	0	0	0	0	0	0.0837441	-0.0138495	0.022173	0	0	0.123342	0.0519416	0	0	0.202767	-0.04641	-0.229736
2012-11-02 00:00:00	-3.45476	-0.00443923	0.603421	0	-0.0252756	-0.0536678	0.207355	0	2.24174	0	0	0	0	0	0.304261	-0.0138643	0.0222091	0	0	0.122179	0.0517424	0	0	0.208332	-0.0392301	0.17001
2012-11-03 00:00:00	-1.05457	-0.0181208	0.509548	0	-0.632165	-0.0280741	0.0978591	0	1.26923	0	0	0	0	0	-0.344743	-0.0138742	0.0222017	0	0	0.112802	0.0489323	0	0	0.212139	-0.0331859	0.147978
2012-11-04 00:00:00	-0.300781	-0.206373	0.513602	0	-0.337763	-0.016407	0.056485	0	0.634442	0	0	0	0	0	-0.357469	-0.0138701	0.0221964	0	0	0.0982648	0.0443726	0	0	0.214765	-0.0268941	0.32457
2012-11-05 00:00:00	-0.14002	-0.351944	0.512852	0	-0.25416	-0.00777659	0.0266854	0	0.288277	0	0	0	0	0	-0.199842	-0.0138684	0.0221617	0	0	0.0814347	0.039147	0	0	0.215962	-0.0227027	0.196206
2012-11-06 00:00:00	-2.97609	0.528959	0.651548	0	0.341979	-0.0194587	0.088701	0	0.625087	0	0	0	0	0	0.650715	-0.0138711	0.0221678	0	0	0.077833	0.0384069	0	0	0.214296	-0.0238765	0.206399
2012-11-07 00:00:00	-3.24553	-0.0222526	0.619162	0	0.261441	-0.0281447	0.119137	0	1.15074	0	0	0	0	0	0.745587	-0.0138717	0.0221962	0	0	0.0789567	0.0387383	0	0	0.211494	-0.0300626	-0.0924166
2012-11-08 00:00:00	-0.304788	-0.430483	0.639391	0	-0.475963	-0.0128206	0.0523422	0	0.646779	0	0	0	0	0	-0.15865	-0.0138728	0.0221872	0	0	0.072927	0.0367118	0	0	0.212402	-0.0271346	0.259028
2012-11-09 00:00:00	-2.95852	0.403771	0.629853	0	0.348755	-0.0179673	0.0838189	0	0.716127	0	0	0	0	0	0.579633	-0.0138689	0.0222181	0	0	0.0669204	0.0348736	0	0	0.212231	-0.02617	0.0816777
2012-11-10 00:00:00	-0.479159	-0.12305	0.515639	0	-0.422751	-0.0115723	0.0417603	0	0.548498	0	0	0	0	0	-0.12402	-0.0138658	0.0222089	0	0	0.0627996	0.033571	0	0	0.211996	-0.025285	0.23677
2012-11-11 00:00:00	-1.76832	-0.101777	0.47442	0	0.247744	-0.0177796	0.0436536	0	0.579193	0	0	0	0	0	0.450597	-0.0138621	0.0221914	0	0	0.0572848	0.0314901	0	0	0.21177	-0.0238282	0.192776
2012-11-12 00:00:00	-2.55832	0.185086	0.639096	0	0.0744945	-0.021568	0.0652132	0	0.777364	0	0	0	0	0	0.551692	-0.013863	0.0221902	0	0	0.0567846	0.0310818	0	0	0.209997	-0.0258873	-0.00663667
2012-11-13 00:00:00	-9.13357	-0.00634585	0.654977	0	1.36233	-0.0831736	0.302326	0	3.17846	0	0	0	0	0	2.80623	-0.0138791	0.0222704	0	0	0.0787051	0.0380002	0	0	0.20384	-0.0389147	-0.628746
2012-11-14 00:00:00	-15.0846	-0.0134864	0.592735	0	1.32625	-0.171647	0.585463	0	6.96074	0	0	0	0	0	4.45572	-0.0139488	0.0224838	0	0	0.142863	0.0587444	0	0	0.197803	-0.0539715	-0.994809
2012-11-15 00:00:00	-0.65998	-0.0222273	0.531631	0	-2.16784	-0.0641009	0.197608	0	3.20207	0	0	0	0	0	-1.41067	-0.0139903	0.0225544	0	0	0.15941	0.0642083	0	0	0.207173	-0.0422821	0.00356293
2012-11-16 00:00:00	0	-0.493167	0.520604	0	-0.0326927	-0.0126587	0.0388521	0	0.645115	0	0	0	0	0	-0.572449	-0.0139807	0.0225403	0	0	0.127186	0.0537722	0	0	0.215021	-0.0280509	0.470092
2012-11-17 00:00:00	-3.45774	0.469561	0.464293	0	0.0539134	-0.0435077	0.14585	0	1.40419	0	0	0	0	0	0.509018	-0.0139825	0.0225498	0	0	0.122853	0.0522958	0	0	0.212602	-0.0316486	-0.089749
2012-11-18 00:00:00	-0.239239	-0.196974	0.430256	0	-0.499058	-0.0179021	0.0566863	0	0.768356	0	0	0	0	0	-0.333704	-0.0139779	0.0225502	0	0	0.105612	0.0465333	0	0	0.213806	-0.0288144	0.314131
2012-11-19 00:00:00	-2.88473	0.173808	0.509221	0	0.291807	-0.0265163	0.114299	0	1.01802	0	0	0	0	0	0.507992	-0.0139793	0.0225816	0	0	0.10071	0.045202	0	0	0.213101	-0.0287231	0.0427986
2012-11-20 00:00:00	-0.420741	-0.200735	0.544423	0	-0.500392	-0.0137402	0.0513269	0	0.625573	0	0	0	0	0	-0.244555	-0.0139773	0.0225883	0	0	0.0923042	0.0428284	0	0	0.213584	-0.0264747	0.172012
2012-11-21 00:00:00	0	-0.411039	0.439582	0	-0.258062	-0.0090671	0.0342846	0	0.317768	0	0	0	0	0	-0.0736584	-0.0139723	0.0225717	0	0	0.0799027	0.0390571	0	0	0.214548	-0.021729	0.360187
2012-11-22 00:00:00	-21.804	0.566018	0.466763	0	3.31115	-0.200458	0.731845	0	7.9428	0	0	0	0	0	7.11232	-0.0140668	0.0227356	0	0	0.130642	0.0553447	0	0	0.19968	-0.0525571	-1.53182
2012-11-23 00:00:00	-1.8816	-0.0265657	0.423126	0	-2.08113	-0.0732588	0.241926	0	3.91543	0	0	0	0	0	-1.12875	-0.0142158	0.0228679	0	0	0.17342	0.0687571	0	0	0.206704	-0.0470835	-0.200368
2012-11-24 00:00:00	-0.458417	-0.0352542	0.32105	0	-0.399721	-0.0333491	0.106997	0	1.44044	0	0	0	0	0	-0.749607	-0.0142399	0.0228668	0	0	0.150606	0.0612906	0	0	0.214564	-0.0340594	0.59317
2012-11-25 00:00:00	-10.4199	-0.00146645	0.378803	0	1.01075	-0.108556	0.408689	0	4.26226	0	0	0	0	0	3.03887	-0.014277	0.0229982	0	0	0.165798	0.0663918	0	0	0.208852	-0.0450342	-1.02579
2012-11-26 00:00:00	-10.2	-0.00230612	0.266334	0	0.630115	-0.147083	0.537568	0	6.47499	0	0	0	0	0	2.26338	-0.0143645	0.0232316	0	0	0.202718	0.0794233	0	0	0.204195	-0.0548055	0.263399
2012-11-27 00:00:00	-0.2	-0.217721	0.41465	0	-1.51686	-0.0469345	0.151111	0	2.42492	0	0	0	0	0	-1.22281	-0.0144151	0.0232657	0	0	0.190554	0.075186	0	0	0.213726	-0.0412094	0.23346
2012-11-28 00:00:00	-0.2	-0.19503	0.409807	0	-0.290328	-0.0209033	0.0665584	0	0.849883	0	0	0	0	0	-0.725926	-0.0144139	0.0232775	0	0	0.165035	0.0668219	0	0	0.219375	-0.0302221	0.323934
2012-11-29 00:00:00	0	-0.372468	0.401835	0	-0.495164	-0.0158422	0.0541879	0	0.585916	0	0	0	0	0	-0.348423	-0.014412	0.0232843	0	0	0.139233	0.0584131	0	0	0.220417	-0.0263782	0.210598
2012-11-30 00:00:00	-0.145435	-0.130041	0.284905	0	-0.223501	-0.012545	0.0452698	0	0.427108	0	0	0	0	0	-0.203621	-0.0144088	0.0232816	0	0	0.11807	0.0515682	0	0	0.220353	-0.0237507	0.417254
2012-12-01 00:00:00	-1.0363	0.667545	0.218346	0	-0.0922719	-0.00966907	0.0337584	0	0.306126	0	0	0	0	0	-0.0705314	-0.0144005	0.0232707	0	0	0.101529	0.0463446	0	0	0.219614	-0.0221589	0.371199
2012-12-02 00:00:00	-0.694531	0.0636805	0.186715	0	-0.0238786	-0.0116175	0.0361829	0	0.348523	0	0	0	0	0	0.120588	-0.0143883	0.0233063	0	0	0.0864934	0.0416806	0	0	0.218519	-0.0221985	0.359076
2012-12-03 00:00:00	-5.80636	0.0687248	0.318772	0	1.02069	-0.0513127	0.21386	0	1.50178	0	0	0	0	0	1.94621	-0.0144062	0.023376	0	0	0.0976546	0.0466257	0	0	0.214441	-0.0304234	-0.450365
2012-12-04 00:00:00	-0.186236	-0.0999809	0.251205	0	-0.71001	-0.0212862	0.0801826	0	0.876565	0	0	0	0	0	-0.291461	-0.0144172	0.0234183	0	0	0.103111	0.049423	0	0	0.214997	-0.0291164	0.246395
2012-12-05 00:00:00	-0.516344	0.0131725	0.192006	0	-0.111227	-0.0128521	0.0516676	0	0.4304	0	0	0	0	0	-0.0251409	-0.0144112	0.0234014	0	0	0.0899446	0.0448805	0	0	0.216248	-0.0237783	0.357967
2012-12-06 00:00:00	-6.06854	0.038165	0.247312	0	1.14334	-0.0644507	0.271812	0	2.05486	0	0	0	0	0	1.82538	-0.0144172	0.02345	0	0	0.0917886	0.0464241	0	0	0.209379	-0.0383651	-0.233859
2012-12-07 00:00:00	-2.12156	-0.0232156	0.276545	0	-0.568293	-0.0435875	0.161128	0	1.55856	0	0	0	0	0	0.302743	-0.0144226	0.023507	0	0	0.100267	0.0503653	0	0	0.211368	-0.0368575	-0.123451
2012-12-08 00:00:00	-1.08004	-0.01121	0.314011	0	-0.144795	-0.0248064	0.0925136	0	0.892444	0	0	0	0	0	-0.0592794	-0.014432	0.0235045	0	0	0.0949193	0.0483276	0	0	0.214593	-0.0302165	0.315533
2012-12-09 00:00:00	-1.32559	-0.0170097	0.308784	0	-0.0723043	-0.0168449	0.0642294	0	0.63807	0	0	0	0	0	0.210623	-0.014429	0.02349	0	0	0.0850714	0.044162	0	0	0.216018	-0.0255697	0.118698
2012-12-10 00:00:00	0	-0.222509	0.229083	0	-0.396194	-0.0105312	0.0389074	0	0.453419	0	0	0	0	0	-0.0917355	-0.0144237	0.0234773	0	0	0.0762441	0.0407757	0	0	0.216243	-0.0228172	0.319939
2012-12-11 00:00:00	-0.2	0.0348573	0.165005	0	-0.178056	-0.00621879	0.0227722	0	0.211223	0	0	0	0	0	-0.0560467	-0.0144136	0.0234495	0	0	0.0647378	0.0367332	0	0	0.216135	-0.0204162	0.299762
2012-12-12 00:00:00	0	-0.205138	0.218429	0	-0.19554	-0.00825004	0.0313372	0	0.23785	0	0	0	0	0	0.104982	-0.0144093	0.0234348	0	0	0.0588386	0.0347109	0	0	0.214618	-0.0195285	0.481334
2012-12-13 00:00:00	0	-0.215463	0.232619	0	-0.175544	-0.00672123	0.0256232	0	0.19263	0	0	0	0	0	0.0948373	-0.0144009	0.0234135	0	0	0.0524559	0.0324786	0	0	0.213246	-0.0187535	0.43642
2012-12-14 00:00:00	-19.5776	0.526161	0.268223	0	2.927	-0.160666	0.65503	0	5.78642	0	0	0	0	0	6.67293	-0.0144534	0.0235771	0	0	0.10876	0.0523275	0	0	0.202631	-0.0413706	-2.57101
2012-12-15 00:00:00	-2.84012	-0.0251353	0.307948	0	-1.18936	-0.0701442	0.248178	0	3.43194	0	0	0	0	0	-0.480501	-0.0145191	0.0237106	0	0	0.168343	0.0720491	0	0	0.205829	-0.044079	-0.205865
2012-12-16 00:00:00	-0.2	-0.0984938	0.30028	0	-0.545818	-0.0312885	0.110489	0	1.38359	0	0	0	0	0	-0.76618	-0.0145451	0.0236969	0	0	0.14851	0.0648345	0	0	0.213143	-0.032675	0.555548
2012-12-17 00:00:00	-0.25998	-0.0364015	0.281504	0	-0.33143	-0.0163521	0.0578594	0	0.626341	0	0	0	0	0	-0.378423	-0.0145569	0.0236814	0	0	0.125577	0.0568974	0	0	0.215957	-0.0260114	0.324662
2012-12-18 00:00:00	-2.45998	0.0961806	0.290595	0	0.446341	-0.0255907	0.105254	0	0.855306	0	0	0	0	0	0.48955	-0.0145586	0.0236841	0	0	0.114162	0.0530103	0	0	0.215328	-0.0263967	0.162885
2012-12-19 00:00:00	-5.17974	-0.0168316	0.231124	0	0.52587	-0.0610198	0.240589	0	2.15436	0	0	0	0	0	1.49198	-0.0145712	0.0237319	0	0	0.123191	0.0564916	0	0	0.21162	-0.0346097	-0.247813
2012-12-20 00:00:00	-25.5188	-0.0172324	0.221718	0	1.92858	-0.305241	1.13707	0	11.7282	0	0	0	0	0	8.11135	-0.0146804	0.0241233	0	0	0.253292	0.108565	0	0	0.197516	-0.0627364	-2.20822
2012-12-21 00:00:00	-5.07924	-0.0153844	0.188319	0	-1.53419	-0.146571	0.506789	0	5.89645	0	0	0	0	0	-0.419971	-0.0147841	0.0244575	0	0	0.374678	0.158679	0	0	0.20798	-0.053041	0.0941673
2012-12-22 00:00:00	-13.0804	-0.0141838	0.30718	0	1.26358	-0.179666	0.654241	0	7.66362	0	0	0	0	0	2.62702	-0.0148603	0.024612	0	0	0.378644	0.158516	0	0	0.206212	-0.0593596	-0.0648871
2012-12-23 00:00:00	-13.3605	-0.0199504	0.331696	0	-0.384214	-0.197659	0.701163	0	9.32375	0	0	0	0	0	2.19374	-0.0149147	0.0249154	0	0	0.389874	0.158107	0	0	0.204218	-0.0660697	-0.715819
2012-12-24 00:00:00	-4.68004	-0.0120762	0.300707	0	-0.720212	-0.11991	0.401449	0	5.49595	0	0	0	0	0	-0.623043	-0.0149665	0.0251225	0	0	0.37109	0.14906	0	0	0.21307	-0.0555376	0.730669
2012-12-25 00:00:00	-1.5996	-0.0162242	0.27257	0	-0.704252	-0.0636933	0.211264	0	2.40357	0	0	0	0	0	-0.887445	-0.0149614	0.025197	0	0	0.333814	0.135553	0	0	0.222479	-0.0412053	0.277063
2012-12-26 00:00:00	-5.14022	-0.0121547	0.27756	0	0.872904	-0.0765657	0.273307	0	2.92644	0	0	0	0	0	0.585632	-0.0150068	0.0252846	0	0	0.301305	0.123118	0	0	0.22145	-0.0430731	0.319977
2012-12-27 00:00:00	-6.94022	-0.0179927	0.229442	0	-0.0435871	-0.101706	0.364944	0	4.56517	0	0	0	0	0	1.14307	-0.0150489	0.0253321	0	0	0.283258	0.114637	0	0	0.217173	-0.0505104	-0.226042
2012-12-28 00:00:00	-4.77874	-0.0168583	0.322054	0	-0.59977	-0.10568	0.370559	0	3.39977	0	0	0	0	0	0.702712	-0.0150844	0.0255283	0	0	0.299443	0.124932	0	0	0.222711	-0.0414366	-0.0898654
2012-12-29 00:00:00	-3.46018	-0.0120478	0.306002	0	0.138706	-0.0699076	0.255616	0	2.59607	0	0	0	0	0	0.0363122	-0.0150822	0.0256811	0	0	0.288534	0.121642	0	0	0.224156	-0.0401045	0.395395
2012-12-30 00:00:00	-5.54002	-0.0125174	0.277126	0	0.393377	-0.0821349	0.298899	0	3.36499	0	0	0	0	0	0.842732	-0.0151099	0.0257771	0	0	0.267547	0.112701	0	0	0.221573	-0.0446595	0.110284
2012-12-31 00:00:00	-6.3001	-0.0180599	0.337847	0	-0.00911431	-0.0933873	0.340532	0	4.01558	0	0	0	0	0	1.0987	-0.0151432	0.0259039	0	0	0.259795	0.109268	0	0	0.220302	-0.0473493	-0.0752314
2013-01-01 00:00:00	-0.6	-0.0137752	0.315455	0	-0.715377	-0.0337478	0.108833	0	1.60996	0	0	0	0	0	-0.808305	-0.0151575	0.0259493	0	0	0.233777	0.0991236	0	0	0.225863	-0.0375765	0.395016
2013-01-02 00:00:00	-5.71996	-0.0165325	0.262614	0	0.529818	-0.0745992	0.28053	0	2.84328	0	0	0	0	0	1.22463	-0.0151658	0.0260367	0	0	0.222053	0.0948487	0	0	0.224779	-0.0404091	-0.158079
2013-01-03 00:00:00	-0.62006	-0.0347058	0.281848	0	-0.796697	-0.0315621	0.109099	0	1.53038	0	0	0	0	0	-0.522565	-0.015185	0.0260782	0	0	0.198672	0.086094	0	0	0.227053	-0.036013	0.402439
2013-01-04 00:00:00	0	-0.288562	0.302752	0	-0.339649	-0.0138211	0.0455395	0	0.562489	0	0	0	0	0	-0.390103	-0.015181	0.0261038	0	0	0.168688	0.0750955	0	0	0.230234	-0.0277046	0.335881
2013-01-05 00:00:00	-1.71996	0.279087	0.287152	0	0.0302238	-0.0192396	0.0781991	0	0.643462	0	0	0	0	0	0.283432	-0.0151866	0.0261212	0	0	0.144009	0.0662979	0	0	0.230607	-0.0258632	0.288342
2013-01-06 00:00:00	-0.25998	-0.0698111	0.29239	0	-0.442267	-0.0142114	0.0519881	0	0.573738	0	0	0	0	0	-0.16045	-0.0151825	0.0261759	0	0	0.130824	0.0615866	0	0	0.229496	-0.0256118	0.378686
2013-01-07 00:00:00	-7.02006	0.0391782	0.307809	0	1.42519	-0.0598769	0.247196	0	2.19601	0	0	0	0	0	1.99338	-0.0151906	0.026245	0	0	0.1313	0.061799	0	0	0.22494	-0.0351547	-0.47724
2013-01-08 00:00:00	-3.27984	-0.0191436	0.359674	0	-0.34688	-0.0522335	0.196153	0	2.18899	0	0	0	0	0	0.481354	-0.015201	0.0264488	0	0	0.144093	0.0667825	0	0	0.224613	-0.0376621	-0.0628525
2013-01-09 00:00:00	0	-0.330973	0.348379	0	-0.6694	-0.0201563	0.0727473	0	0.918008	0	0	0	0	0	-0.391454	-0.0152025	0.0265132	0	0	0.131534	0.0623205	0	0	0.228328	-0.029701	0.330943
2013-01-10 00:00:00	-0.71996	0.252016	0.358786	0	-0.272958	-0.0131552	0.049108	0	0.458266	0	0	0	0	0	-0.113799	-0.0151949	0.0265016	0	0	0.113187	0.0555436	0	0	0.229785	-0.0241539	0.383973
2013-01-11 00:00:00	-0.14002	-0.232664	0.379654	0	-0.304184	-0.00841862	0.0309137	0	0.29935	0	0	0	0	0	-0.0705204	-0.0151876	0.0264764	0	0	0.0962118	0.0494243	0	0	0.229449	-0.0218615	0.318622
2013-01-12 00:00:00	-0.05998	-0.257897	0.342429	0	-0.336926	-0.00431711	0.015234	0	0.180398	0	0	0	0	0	0.226419	-0.0151713	0.026439	0	0	0.0765479	0.0424013	0	0	0.229244	-0.0200578	0.444763
2013-01-13 00:00:00	-0.6	0.336828	0.247796	0	-0.0468443	-0.00985523	0.039133	0	0.232683	0	0	0	0	0	0.00608397	-0.0151721	0.0264371	0	0	0.0720135	0.0408996	0	0	0.226784	-0.0192416	0.537544
2013-01-14 00:00:00	-2.51976	0.147448	0.260744	0	0.41679	-0.0174128	0.082471	0	0.48652	0	0	0	0	0	0.81447	-0.0151704	0.0264307	0	0	0.0716572	0.0413375	0	0	0.224659	-0.0204758	-0.000291062
2013-01-15 00:00:00	-0.11996	-0.152586	0.217679	0	-0.272382	-0.00972151	0.0410264	0	0.378674	0	0	0	0	0	0.00149578	-0.0151663	0.0264198	0	0	0.0712313	0.0415613	0	0	0.222735	-0.0210359	0.409972
2013-01-16 00:00:00	0	-0.201323	0.216696	0	-0.183379	-0.00734193	0.0301408	0	0.21387	0	0	0	0	0	0.130054	-0.0151551	0.0263899	0	0	0.0629013	0.038512	0	0	0.221669	-0.0189416	0.514091
2013-01-17 00:00:00	0	-0.307412	0.333854	0	-0.122492	-0.00601004	0.0240693	0	0.162968	0	0	0	0	0	0.11739	-0.0151427	0.0263571	0	0	0.0555049	0.0357501	0	0	0.219501	-0.0178579	0.506481
2013-01-18 00:00:00	0	-0.367615	0.399278	0	-0.118906	-0.00468786	0.0184039	0	0.131967	0	0	0	0	0	0.114712	-0.015128	0.0263333	0	0	0.0490986	0.0333188	0	0	0.217784	-0.017175	0.467384
2013-01-19 00:00:00	-0.14002	-0.190667	0.345655	0	-0.0573721	-0.0035127	0.0140314	0	0.108061	0	0	0	0	0	0.151568	-0.0151071	0.0262866	0	0	0.0427612	0.0308438	0	0	0.216182	-0.0166361	0.512074
2013-01-20 00:00:00	0	-0.319305	0.352617	0	-0.100281	-0.00577078	0.0231562	0	0.121954	0	0	0	0	0	0.22188	-0.0151	0.0263024	0	0	0.0407231	0.03009	0	0	0.213468	-0.016289	0.573443
2013-01-21 00:00:00	-0.14002	-0.0591419	0.39315	0	-0.146084	-0.0037408	0.0140131	0	0.0949535	0	0	0	0	0	0.167718	-0.015087	0.0262769	0	0	0.0368385	0.0287225	0	0	0.211667	-0.0160307	0.593234
2013-01-22 00:00:00	-0.14002	-0.058069	0.387649	0	-0.149442	-0.00396917	0.0124759	0	0.093704	0	0	0	0	0	0.165149	-0.0150752	0.0262423	0	0	0.0339246	0.0278243	0	0	0.209443	-0.0158315	0.574005
2013-01-23 00:00:00	-0.14002	-0.0476373	0.342145	0	-0.0418776	-0.00310589	0.0104908	0	0.0633074	0	0	0	0	0	0.143348	-0.0150602	0.0261971	0	0	0.0310208	0.0268748	0	0	0.207336	-0.0154568	0.587563
2013-01-24 00:00:00	0	-0.0812249	0.352221	0	-0.13925	-0.00386263	0.0125569	0	0.0812709	0	0	0	0	0	0.16933	-0.0150464	0.0261582	0	0	0.0290097	0.0261702	0	0	0.205514	-0.0153544	0.647493
2013-01-25 00:00:00	-0.14002	-0.0610015	0.457223	0	-0.121441	-0.00229472	0.00628986	0	0.0498239	0	0	0	0	0	0.138761	-0.015029	0.0261098	0	0	0.0268417	0.025146	0	0	0.203727	-0.0150111	0.579125
2013-01-26 00:00:00	-15.8812	1.68492	0.367338	0	2.92032	-0.0619476	0.30624	0	2.91553	0	0	0	0	0	4.20304	-0.0150576	0.0261245	0	0	0.0376128	0.0264121	0	0	0.194305	-0.0356031	-3.312
2013-01-27 00:00:00	-8.77854	-0.0112372	0.35198	0	-0.202681	-0.113685	0.439512	0	4.42117	0	0	0	0	0	2.08704	-0.0151334	0.0262855	0	0	0.0941163	0.0477345	0	0	0.193983	-0.0444233	-1.50388
2013-01-28 00:00:00	-3.78014	-0.0112682	0.297907	0	-0.112955	-0.067502	0.253242	0	2.70874	0	0	0	0	0	0.0935726	-0.0151616	0.0263893	0	0	0.130746	0.0631902	0	0	0.201093	-0.0394171	-0.251563
2013-01-29 00:00:00	-1.8999	-0.018203	0.444797	0	-0.381124	-0.0401532	0.146378	0	1.64271	0	0	0	0	0	-0.194243	-0.0151626	0.0263899	0	0	0.125829	0.0610192	0	0	0.205957	-0.0343458	0.0699451
2013-01-30 00:00:00	-13.5214	-0.0017654	0.447249	0	1.69982	-0.136512	0.518193	0	6.48074	0	0	0	0	0	3.17381	-0.0151687	0.0264046	0	0	0.133526	0.0604248	0	0	0.197289	-0.054283	-0.991634
2013-01-31 00:00:00	-14.5017	-0.0148502	0.466568	0	0.142601	-0.175603	0.617091	0	9.6514	0	0	0	0	0	2.43462	-0.0151832	0.0264268	0	0	0.151443	0.0594398	0	0	0.195984	-0.0671818	-1.02894
2013-02-01 00:00:00	-1.7001	-0.0053464	0.453387	0	-0.894107	-0.0677734	0.202239	0	3.72534	0	0	0	0	0	-1.43876	-0.0151846	0.0264278	0	0	0.147586	0.0553004	0	0	0.211947	-0.0485416	0.652417
2013-02-02 00:00:00	-1.1996	-0.271617	0.406377	0	-0.787366	-0.0463499	0.152436	0	1.90736	0	0	0	0	0	-0.549715	-0.0151817	0.0264393	0	0	0.137064	0.0541168	0	0	0.220681	-0.0368329	-0.00218797
2013-02-03 00:00:00	-3.08004	0.249523	0.50589	0	0.356718	-0.0421752	0.150245	0	1.50312	0	0	0	0	0	0.0856808	-0.0151827	0.0264468	0	0	0.131863	0.0544026	0	0	0.222483	-0.033552	0.11542
2013-02-04 00:00:00	-6.14082	-0.0235792	0.442013	0	0.450274	-0.0726074	0.26009	0	3.62925	0	0	0	0	0	1.0213	-0.0151899	0.026435	0	0	0.124956	0.0507342	0	0	0.215942	-0.0458448	-0.0770458
2013-02-05 00:00:00	-7.12076	0.000182267	0.440165	0	0.404508	-0.0869256	0.303503	0	4.64125	0	0	0	0	0	1.05577	-0.0151879	0.0264336	0	0	0.122812	0.0474659	0	0	0.213398	-0.0512281	-0.0186163
2013-02-06 00:00:00	-1.36008	-0.0106057	0.464964	0	-0.935096	-0.0416314	0.126206	0	2.32108	0	0	0	0	0	-0.665032	-0.0151814	0.026442	0	0	0.114697	0.0444822	0	0	0.220177	-0.0411871	0.249239
2013-02-07 00:00:00	-0.95968	-0.292063	0.43978	0	-0.425756	-0.0269399	0.0942044	0	1.07733	0	0	0	0	0	-0.191488	-0.0151776	0.0264393	0	0	0.106684	0.0439731	0	0	0.225791	-0.0307328	0.072367
2013-02-08 00:00:00	-1.3001	0.26912	0.496708	0	-0.130182	-0.0172252	0.0632738	0	0.638292	0	0	0	0	0	-0.120464	-0.0151708	0.0264162	0	0	0.0956035	0.0420696	0	0	0.227531	-0.0262357	0.249636
2013-02-09 00:00:00	-2.36028	-0.0337938	0.492379	0	0.20219	-0.0267134	0.0979786	0	1.14915	0	0	0	0	0	0.34502	-0.0151658	0.0263985	0	0	0.0877742	0.0394816	0	0	0.224958	-0.0312443	0.198129
2013-02-10 00:00:00	-1.52016	-0.0188957	0.450304	0	-0.126538	-0.0195553	0.0674806	0	0.92749	0	0	0	0	0	0.101798	-0.0151557	0.0263706	0	0	0.0777513	0.0361524	0	0	0.225035	-0.0303183	0.181759
2013-02-11 00:00:00	-1.24012	-0.032178	0.500607	0	-0.193307	-0.0161645	0.0575813	0	0.756817	0	0	0	0	0	0.103091	-0.0151476	0.0263396	0	0	0.0695002	0.0337341	0	0	0.225537	-0.0280603	0.24823
2013-02-12 00:00:00	-1.25958	-0.223257	0.415048	0	-0.196756	-0.0176305	0.0726476	0	0.627766	0	0	0	0	0	0.349767	-0.0151485	0.0263368	0	0	0.0692272	0.0351047	0	0	0.226328	-0.0243208	0.085532
2013-02-13 00:00:00	-12.599	0.254818	0.506853	0	1.78007	-0.132799	0.523292	0	4.26315	0	0	0	0	0	3.80749	-0.0151823	0.0264566	0	0	0.115959	0.0552445	0	0	0.219645	-0.0383982	-1.2324
2013-02-14 00:00:00	-4.13882	-0.0566576	0.638256	0	-1.15028	-0.0888717	0.325761	0	2.8817	0	0	0	0	0	0.398076	-0.0152392	0.0266348	0	0	0.188058	0.0869113	0	0	0.221981	-0.0358529	-0.718343
2013-02-15 00:00:00	0	-0.555208	0.603258	0	-0.447059	-0.0326405	0.12802	0	1.01933	0	0	0	0	0	-0.634212	-0.0152596	0.0266574	0	0	0.1819	0.0859215	0	0	0.22642	-0.0263791	0.560749
2013-02-16 00:00:00	-0.34002	-0.230479	0.592418	0	-0.366071	-0.0160381	0.0620345	0	0.534836	0	0	0	0	0	-0.276574	-0.0152542	0.0266273	0	0	0.153288	0.0745084	0	0	0.22676	-0.0237964	0.402238
2013-02-17 00:00:00	0	-0.445458	0.621902	0	-0.364273	-0.0109856	0.0423942	0	0.360321	0	0	0	0	0	-0.165875	-0.0152484	0.0266018	0	0	0.1316	0.065998	0	0	0.226467	-0.0220272	0.451417
2013-02-18 00:00:00	-0.2	-0.0934219	0.572691	0	-0.184349	-0.00477878	0.0168859	0	0.13072	0	0	0	0	0	-0.0886835	-0.0152317	0.02655	0	0	0.102766	0.0550518	0	0	0.226476	-0.019748	0.524928
2013-02-19 00:00:00	0	-0.141237	0.594847	0	-0.407261	-0.00908617	0.0330564	0	0.218132	0	0	0	0	0	0.0525516	-0.0152286	0.0265352	0	0	0.0920915	0.0513972	0	0	0.224816	-0.0187368	0.701878
2013-02-20 00:00:00	0	-0.139706	0.621919	0	-0.275838	-0.00371418	0.0121369	0	0.0799197	0	0	0	0	0	0.0520886	-0.0152103	0.0264896	0	0	0.0739176	0.0449094	0	0	0.223808	-0.0178821	0.682838
2013-02-21 00:00:00	0	-0.11039	0.540752	0	-0.194856	-0.00379356	0.0118386	0	0.0751291	0	0	0	0	0	0.0999285	-0.0151939	0.0264484	0	0	0.0616126	0.0398876	0	0	0.222398	-0.0171586	0.736603
2013-02-22 00:00:00	0	-0.10013	0.488102	0	-0.183954	-0.00411817	0.0125623	0	0.0811148	0	0	0	0	0	0.133056	-0.0151798	0.0264129	0	0	0.0530332	0.036253	0	0	0.220589	-0.0167374	0.731004
2013-02-23 00:00:00	-0.05998	-0.114993	0.576919	0	-0.145997	-0.00464397	0.0147326	0	0.0887623	0	0	0	0	0	0.14651	-0.0151663	0.0263799	0	0	0.0468143	0.0335948	0	0	0.217985	-0.0164081	0.79451
2013-02-24 00:00:00	-2.1001	1.05576	0.617945	0	0.189479	-0.00456635	0.0160794	0	0.0921608	0	0	0	0	0	0.304971	-0.0151525	0.0263316	0	0	0.0415975	0.0313291	0	0	0.216065	-0.0162454	0.455652
2013-02-25 00:00:00	-0.11996	-0.462691	0.622074	0	-0.0656316	-0.00468377	0.0174782	0	0.124656	0	0	0	0	0	0.182292	-0.0151412	0.0262856	0	0	0.0386706	0.0298784	0	0	0.214027	-0.0163393	0.570914
2013-02-26 00:00:00	-0.25998	-0.344565	0.643785	0	0.01405	-0.00422103	0.016672	0	0.0888024	0	0	0	0	0	0.186697	-0.0151255	0.0262406	0	0	0.0358278	0.0286037	0	0	0.211701	-0.0157532	0.612736
2013-02-27 00:00:00	-0.14002	-0.350496	0.93259	0	-0.195365	-0.00276491	0.00968743	0	0.0703366	0	0	0	0	0	0.0900313	-0.0151095	0.0261882	0	0	0.0329356	0.0271695	0	0	0.209554	-0.0154968	0.679241
2013-02-28 00:00:00	-0.05998	-0.151754	0.873894	0	-0.281051	-0.00268535	0.00702959	0	0.0467647	0	0	0	0	0	0.168161	-0.0150912	0.0261383	0	0	0.029534	0.0255511	0	0	0.207052	-0.0150725	0.858491
2013-03-01 00:00:00	0	-0.109375	0.673211	0	-0.0835634	-0.00186534	0.0057761	0	0.0209689	0	0	0	0	0	0.0713256	-0.0150639	0.0260889	0	0	0.0264287	0.0241122	0	0	0.204813	-0.0147121	0.828144
2013-03-02 00:00:00	0	-0.154716	0.942555	0	-0.251383	-0.00254721	0.00609561	0	0.0425175	0	0	0	0	0	0.0304027	-0.0150329	0.0260458	0	0	0.023961	0.0228486	0	0	0.202213	-0.0145943	0.858366
2013-03-03 00:00:00	0	-0.136509	0.824767	0	-0.109311	-0.00180251	0.00461927	0	0.020892	0	0	0	0	0	0.0873814	-0.0150081	0.0259941	0	0	0.0214695	0.0216116	0	0	0.20006	-0.0143391	0.929825
2013-03-04 00:00:00	0	-0.120534	0.724218	0	-0.0920245	-0.00242412	0.00581357	0	0.0326339	0	0	0	0	0	0.084525	-0.0149938	0.0259577	0	0	0.0200637	0.0208839	0	0	0.197245	-0.0142211	0.867143
2013-03-05 00:00:00	0	-0.116742	0.721198	0	-0.143731	-0.00167448	0.00279784	0	0.0277489	0	0	0	0	0	0.10019	-0.0149676	0.0259015	0	0	0.0186994	0.0201946	0	0	0.194907	-0.0140805	0.820441
2013-03-06 00:00:00	-0.51996	-0.0385172	0.751709	0	0.150048	-0.00299597	0.0115564	0	0.0376181	0	0	0	0	0	0.135915	-0.0149506	0.025864	0	0	0.018483	0.0201756	0	0	0.191825	-0.0138183	0.752953
2013-03-07 00:00:00	-0.77994	0.0359793	0.906277	0	-0.0416073	-0.00323229	0.00913457	0	0.0540576	0	0	0	0	0	0.199747	-0.0149386	0.0258142	0	0	0.0189652	0.020504	0	0	0.189811	-0.0140069	0.606565
2013-03-08 00:00:00	-0.95988	0.184439	0.683406	0	0.0776184	-0.00485356	0.0173201	0	0.0824321	0	0	0	0	0	0.254151	-0.0149332	0.0257851	0	0	0.0195799	0.0207517	0	0	0.187624	-0.014037	0.559404
2013-03-09 00:00:00	-2.0999	0.745612	0.730036	0	0.154453	-0.00691646	0.0253973	0	0.11276	0	0	0	0	0	0.383181	-0.0149243	0.0257599	0	0	0.0227356	0.0213928	0	0	0.185965	-0.014147	0.271405
2013-03-10 00:00:00	-0.57994	-0.230947	0.75045	0	0.00766503	-0.00566534	0.0222327	0	0.120786	0	0	0	0	0	0.194531	-0.0149141	0.0257262	0	0	0.0251913	0.0223029	0	0	0.184497	-0.0142257	0.50769
2013-03-11 00:00:00	-3.05958	0.379905	0.548674	0	0.276709	-0.0134578	0.0607512	0	0.30094	0	0	0	0	0	0.889804	-0.0149149	0.0257321	0	0	0.0323967	0.0264404	0	0	0.182978	-0.0144226	-0.378045
2013-03-12 00:00:00	-2.1998	0.0815425	0.938616	0	0.148431	-0.0132346	0.0639615	0	0.328918	0	0	0	0	0	0.431414	-0.0149166	0.0257374	0	0	0.0420617	0.0313103	0	0	0.18186	-0.0148744	0.0310264
2013-03-13 00:00:00	-0.2	-0.517305	0.759646	0	-0.060441	-0.0073472	0.0325764	0	0.203567	0	0	0	0	0	0.0318777	-0.0149055	0.0257112	0	0	0.0426143	0.0315662	0	0	0.180698	-0.0149599	0.493298
2013-03-14 00:00:00	-0.685455	-0.0899264	0.788802	0	0.00905308	-0.00612675	0.025983	0	0.144062	0	0	0	0	0	0.106829	-0.0148891	0.0256679	0	0	0.0393113	0.0300781	0	0	0.179382	-0.0146314	0.538141
2013-03-15 00:00:00	-1.44733	0.222131	0.936525	0	0.0128073	-0.00532553	0.0222595	0	0.125555	0	0	0	0	0	0.226286	-0.0148748	0.0256291	0	0	0.0364656	0.028786	0	0	0.178037	-0.0146838	0.332264
2013-03-16 00:00:00	-7.41306	1.184	0.858616	0	0.984301	-0.0170863	0.0897446	0	0.579465	0	0	0	0	0	1.70242	-0.0148823	0.0256334	0	0	0.042938	0.0307314	0	0	0.176369	-0.0172547	-1.78806
2013-03-17 00:00:00	-3.34907	0.0956211	0.936816	0	0.164542	-0.0192591	0.0974187	0	0.78412	0	0	0	0	0	0.587895	-0.014893	0.0256559	0	0	0.057041	0.0360115	0	0	0.176313	-0.0190074	-0.440795
2013-03-18 00:00:00	-9.15208	0.374773	0.946865	0	0.55518	-0.0548929	0.26931	0	2.03541	0	0	0	0	0	2.46365	-0.0149289	0.0257448	0	0	0.0865392	0.0485384	0	0	0.175372	-0.0229059	-2.26344
2013-03-19 00:00:00	-5.51534	-0.022233	0.814358	0	0.409507	-0.0336	0.179103	0	1.84668	0	0	0	0	0	0.807227	-0.0149592	0.0257963	0	0	0.108399	0.0560582	0	0	0.174833	-0.0299045	-1.19408
2013-03-20 00:00:00	-2.16953	-0.109141	0.90395	0	-0.299589	-0.0189922	0.0809185	0	1.17313	0	0	0	0	0	-0.085636	-0.0149595	0.0257778	0	0	0.0990651	0.0503822	0	0	0.177792	-0.0284011	-0.215237
2013-03-21 00:00:00	-0.381957	-0.364656	0.807809	0	-0.218921	-0.00891375	0.035021	0	0.567976	0	0	0	0	0	-0.295458	-0.0149458	0.0257445	0	0	0.0855713	0.0451042	0	0	0.181209	-0.022599	0.440984
2013-03-22 00:00:00	-0.2	-0.298389	0.716309	0	-0.208584	-0.00652549	0.0247034	0	0.323859	0	0	0	0	0	-0.16947	-0.0149294	0.0257073	0	0	0.0734073	0.0410552	0	0	0.183035	-0.0196513	0.470528
2013-03-23 00:00:00	-0.598183	0.136438	0.62514	0	-0.098523	-0.00511143	0.0186983	0	0.210825	0	0	0	0	0	-0.0633201	-0.0149045	0.0256673	0	0	0.0628626	0.0371026	0	0	0.183612	-0.0179481	0.502356
2013-03-24 00:00:00	-0.37001	-0.199719	0.795672	0	-0.150281	-0.00462468	0.0163371	0	0.154345	0	0	0	0	0	-0.000672966	-0.0148803	0.0256381	0	0	0.0543052	0.0337507	0	0	0.183425	-0.0173175	0.505967
2013-03-25 00:00:00	-0.399101	-0.240326	0.841329	0	-0.147613	-0.00394486	0.01407	0	0.113878	0	0	0	0	0	0.0492372	-0.0148625	0.0256044	0	0	0.0471821	0.0310146	0	0	0.183046	-0.0162982	0.483216
2013-03-26 00:00:00	-0.37001	-0.122186	0.919779	0	-0.208978	-0.00302611	0.00906542	0	0.0807914	0	0	0	0	0	0.0115932	-0.0148469	0.0255784	0	0	0.0418597	0.0289149	0	0	0.182344	-0.0152261	0.565652
2013-03-27 00:00:00	-0.569111	-0.107024	0.958238	0	-0.207448	-0.00320348	0.0091217	0	0.0711464	0	0	0	0	0	0.0998052	-0.0148298	0.0255433	0	0	0.0371921	0.027116	0	0	0.181598	-0.0147047	0.49344
2013-03-28 00:00:00	-0.650949	-0.0506559	1.00173	0	-0.0647213	-0.00365677	0.012188	0	0.0762665	0	0	0	0	0	0.0794451	-0.0148164	0.0255104	0	0	0.0338443	0.0257152	0	0	0.180591	-0.0144862	0.636005
2013-03-29 00:00:00	-0.23992	-0.208423	1.02698	0	-0.238087	-0.00269779	0.0078295	0	0.0430655	0	0	0	0	0	0.065816	-0.0147979	0.0254653	0	0	0.0302614	0.0244034	0	0	0.17982	-0.0142626	0.685451
2013-03-30 00:00:00	-0.376324	-0.0866034	0.906217	0	-0.152387	-0.00323746	0.00915838	0	0.0551887	0	0	0	0	0	0.0462216	-0.0147813	0.0254233	0	0	0.0278825	0.0235299	0	0	0.178661	-0.0139761	0.624973
2013-03-31 00:00:00	-0.11996	-0.139886	0.864788	0	-0.229579	-0.00218121	0.0059884	0	0.034847	0	0	0	0	0	0.0157956	-0.0147567	0.0253603	0	0	0.0253174	0.0225459	0	0	0.177663	-0.0137592	0.652182
2013-04-01 00:00:00	-3.23892	0.275224	1.03969	0	0.165767	-0.0191545	0.0829293	0	0.372363	0	0	0	0	0	1.06336	-0.0147604	0.0253887	0	0	0.0351793	0.0262146	0	0	0.176155	-0.0137617	-0.02433
2013-04-02 00:00:00	-3.53882	-0.15529	1.0207	0	0.04135	-0.0383846	0.17649	0	0.967322	0	0	0	0	0	1.11717	-0.0147861	0.0254704	0	0	0.0662582	0.0410477	0	0	0.175305	-0.0147214	-0.130886
2013-04-03 00:00:00	-0.14002	-0.446217	1.10222	0	-0.326806	-0.0132194	0.057996	0	0.366103	0	0	0	0	0	-0.271649	-0.0147872	0.0254765	0	0	0.0764597	0.0460292	0	0	0.174547	-0.0149361	0.621195
2013-04-04 00:00:00	-1.53617	0.301914	1.22405	0	0.107495	-0.00914495	0.0397814	0	0.194856	0	0	0	0	0	0.00170305	-0.0147716	0.0254415	0	0	0.0666699	0.0419001	0	0	0.173411	-0.0145273	0.602615
2013-04-05 00:00:00	-0.234505	-0.486418	1.09563	0	-0.132599	-0.00786212	0.0325966	0	0.201827	0	0	0	0	0	-0.0450749	-0.0147582	0.0254181	0	0	0.0605687	0.0392848	0	0	0.17234	-0.0146914	0.691755
2013-04-06 00:00:00	0	-0.228068	1.38331	0	-0.279718	-0.00164193	0.00578464	0	0.0407214	0	0	0	0	0	-0.248392	-0.0147339	0.0253765	0	0	0.0503465	0.0355807	0	0	0.171746	-0.0141481	0.92616
2013-04-07 00:00:00	0	-0.019519	1.1131	0	-0.397989	-0.000553816	0.00203564	0	0.0132223	0	0	0	0	0	0.00966674	-0.0147061	0.0253134	0	0	0.0391417	0.0306293	0	0	0.170883	-0.0134577	0.957765
2013-04-08 00:00:00	0	-0.0118225	1.20974	0	-0.0211894	-0.00117816	0.00606295	0	0.00923765	0	0	0	0	0	-0.378978	-0.0146981	0.0253114	0	0	0.0355386	0.0288397	0	0	0.168859	-0.0126111	1.04311
2013-04-09 00:00:00	-0.136168	-0.0114431	1.18132	0	-0.145312	-0.000537688	0.00288825	0	0.00878012	0	0	0	0	0	-0.132849	-0.014678	0.0252666	0	0	0.0296442	0.0258842	0	0	0.167566	-0.0123053	0.988055
2013-04-10 00:00:00	-0.723967	0.0219135	1.24829	0	0.0838143	-0.000459589	0.00273134	0	0.00943306	0	0	0	0	0	0.00215384	-0.0146598	0.0252001	0	0	0.0255496	0.0238459	0	0	0.166579	-0.0121352	0.858291
2013-04-11 00:00:00	-0.05998	-0.0386345	1.3402	0	-0.203402	-0.00149304	0.0070588	0	0.0208835	0	0	0	0	0	-0.236008	-0.0146286	0.025165	0	0	0.0236585	0.0227622	0	0	0.164684	-0.0119181	1.03834
2013-04-12 00:00:00	-1.30737	0.271634	1.48026	0	0.10795	-0.00170406	0.00888894	0	0.0199935	0	0	0	0	0	0.00799236	-0.0145793	0.0251249	0	0	0.0220411	0.0220131	0	0	0.163284	-0.0117462	0.793788
2013-04-13 00:00:00	-0.364613	-0.268902	1.54752	0	-0.0465208	-0.00148622	0.00727034	0	0.0299783	0	0	0	0	0	-0.144149	-0.0145334	0.0250727	0	0	0.0216504	0.0218575	0	0	0.16224	-0.0117181	0.963666
2013-04-14 00:00:00	-9.33615	1.8365	1.89197	0	0.788912	-0.0145806	0.0692033	0	0.289276	0	0	0	0	0	2.06225	-0.0145467	0.0251076	0	0	0.0319205	0.0250383	0	0	0.161005	-0.0120452	-2.19614
2013-04-15 00:00:00	-2.83362	0.00308807	1.89524	0	0.0379525	-0.0119664	0.062199	0	0.383826	0	0	0	0	0	0.205782	-0.0145606	0.025125	0	0	0.0470484	0.0312611	0	0	0.161199	-0.0130691	-0.020498
2013-04-16 00:00:00	-3.40227	0.230186	1.90389	0	0.202064	-0.00750223	0.0400752	0	0.229978	0	0	0	0	0	0.36725	-0.0145567	0.0250989	0	0	0.047865	0.0315934	0	0	0.160773	-0.0132567	-0.198813
2013-04-17 00:00:00	-6.15746	0.546144	1.75329	0	0.761678	-0.0158532	0.0837165	0	0.478986	0	0	0	0	0	1.24214	-0.0145681	0.0250974	0	0	0.0521899	0.0333152	0	0	0.159841	-0.015606	-1.0671
2013-04-18 00:00:00	-4.71715	0.0551562	1.87059	0	0.354532	-0.0181714	0.0799377	0	0.561944	0	0	0	0	0	0.76939	-0.0145839	0.0251018	0	0	0.0586033	0.0357317	0	0	0.159459	-0.0186573	-0.798115
2013-04-19 00:00:00	-0.155347	-1.13064	1.77539	0	-0.457074	-0.00881748	0.0335973	0	0.336737	0	0	0	0	0	-0.306631	-0.0145779	0.0250829	0	0	0.0562561	0.0348126	0	0	0.160219	-0.0178044	0.331212
2013-04-20 00:00:00	0	-0.399784	1.67143	0	-0.435107	-0.00155095	0.0031509	0	0.0484356	0	0	0	0	0	-0.310709	-0.0145474	0.0250218	0	0	0.04395	0.0309973	0	0	0.161221	-0.0144184	0.808094
2013-04-21 00:00:00	-1.23924	-0.142097	1.7751	0	-0.0700441	-0.00339525	0.00902209	0	0.0494867	0	0	0	0	0	-0.112501	-0.0145378	0.0250028	0	0	0.0399053	0.0293311	0	0	0.160132	-0.0134283	0.492738
2013-04-22 00:00:00	-0.0854547	-0.276453	1.71717	0	-0.620938	-0.00195861	0.003732	0	0.040763	0	0	0	0	0	-0.27897	-0.0145029	0.0249585	0	0	0.0329802	0.0260428	0	0	0.159377	-0.0132331	0.713511
2013-04-23 00:00:00	-0.963696	-0.203456	1.96461	0	-0.259811	-0.000847728	0.000794276	0	0.00947781	0	0	0	0	0	-0.0491118	-0.0144567	0.0249043	0	0	0.0269884	0.0232693	0	0	0.158674	-0.012698	0.704638
2013-04-24 00:00:00	-4.22368	1.06035	2.06369	0	0.567189	-0.00463406	0.0165319	0	0.0699854	0	0	0	0	0	0.335579	-0.0144486	0.0249004	0	0	0.0271977	0.0230626	0	0	0.156688	-0.0125577	0.0898586
2013-04-25 00:00:00	-1.61445	-0.318909	1.80737	0	0.120499	-0.00570095	0.0202028	0	0.111467	0	0	0	0	0	0.0522092	-0.0144313	0.0248774	0	0	0.029417	0.0231185	0	0	0.156066	-0.0131825	0.378556
2013-04-26 00:00:00	-4.94751	0.743354	1.66099	0	0.69871	-0.00730179	0.0410844	0	0.193279	0	0	0	0	0	0.893632	-0.0144198	0.0248507	0	0	0.0323435	0.0238418	0	0	0.15544	-0.0142662	-0.515973
2013-04-27 00:00:00	-0.409267	-1.05841	1.75733	0	-0.206066	-0.00487781	0.0255889	0	0.185197	0	0	0	0	0	-0.108209	-0.0144151	0.0248191	0	0	0.0334243	0.0244067	0	0	0.155022	-0.0154136	0.389135
2013-04-28 00:00:00	-4.04093	1.15354	1.88525	0	0.305277	-0.00571095	0.0218639	0	0.163542	0	0	0	0	0	0.385397	-0.0144014	0.0247874	0	0	0.0318991	0.0240291	0	0	0.154752	-0.0149205	0.074374
2013-04-29 00:00:00	-0.324457	-1.11706	1.93726	0	-0.370783	-0.00336774	0.0135031	0	0.167543	0	0	0	0	0	-0.125442	-0.0143862	0.0247522	0	0	0.0305333	0.023619	0	0	0.154392	-0.0152931	0.380813
2013-04-30 00:00:00	0	-0.416586	1.89588	0	-0.516385	-0.000769287	0.000772656	0	0.0257407	0	0	0	0	0	-0.349108	-0.0143445	0.0246781	0	0	0.0247772	0.0218739	0	0	0.154734	-0.0128584	0.838409
2013-05-01 00:00:00	-2.23588	0.324651	1.91723	0	0.0603347	-0.00240345	0.00710729	0	0.0351557	0	0	0	0	0	-0.0318181	-0.0143414	0.0246547	0	0	0.0236075	0.0215929	0	0	0.15334	-0.0123961	0.270841
2013-05-02 00:00:00	-0.0408013	-0.657688	2.2212	0	-0.527599	-0.00136434	0.00301609	0	0.0363172	0	0	0	0	0	-0.365572	-0.014316	0.0245682	0	0	0.0204772	0.0195989	0	0	0.152824	-0.0124043	0.858255
2013-05-03 00:00:00	-11.7732	2.21102	2.24982	0	1.89977	-0.0163536	0.0833182	0	0.415659	0	0	0	0	0	2.75617	-0.0143383	0.0245995	0	0	0.0309735	0.0228893	0	0	0.150992	-0.0148008	-1.97349
2013-05-04 00:00:00	-0.05998	-1.23448	1.97096	0	-0.588499	-0.00792275	0.039668	0	0.463265	0	0	0	0	0	-0.531515	-0.0143431	0.0245962	0	0	0.0410462	0.0270918	0	0	0.150858	-0.0187411	0.261998
2013-05-05 00:00:00	-0.0816026	-0.514758	2.3401	0	-1.04838	-0.00140153	0.00322453	0	0.0501283	0	0	0	0	0	-0.298976	-0.0143148	0.0245303	0	0	0.0318527	0.0246024	0	0	0.152582	-0.0137532	0.653832
2013-05-06 00:00:00	0	-0.370054	2.18467	0	-0.408164	-0.00106949	0.0014216	0	0.0109547	0	0	0	0	0	-0.665751	-0.0142875	0.0245169	0	0	0.0272869	0.0226202	0	0	0.151954	-0.0124553	0.951649
2013-05-07 00:00:00	0	-0.307408	2.21311	0	-0.35832	-0.000877849	0.00103974	0	0.00867656	0	0	0	0	0	-0.666265	-0.0142445	0.0244599	0	0	0.0204718	0.0194445	0	0	0.151182	-0.0121665	1.07911
2013-05-08 00:00:00	-2.78967	0.3273	2.42663	0	0.262767	-0.000684666	0.00204941	0	0.00910496	0	0	0	0	0	0.0930789	-0.0142202	0.0244061	0	0	0.0190312	0.0191416	0	0	0.149858	-0.0117411	0.517052
2013-05-09 00:00:00	-1.66131	-0.0594993	2.24561	0	-0.0677139	-0.00148064	0.0066575	0	0.0258019	0	0	0	0	0	-0.118803	-0.0142141	0.0243678	0	0	0.0190882	0.0192919	0	0	0.148723	-0.01142	0.555103
2013-05-10 00:00:00	-4.20995	0.85907	2.26298	0	0.398	-0.0039598	0.0200136	0	0.06428	0	0	0	0	0	0.431738	-0.0141856	0.0243454	0	0	0.0218437	0.0198829	0	0	0.147845	-0.0114304	0.0104712
2013-05-11 00:00:00	-3.8707	0.296495	2.19315	0	0.343427	-0.00558638	0.0244793	0	0.122021	0	0	0	0	0	0.564155	-0.0141779	0.0243291	0	0	0.0264687	0.0213467	0	0	0.147515	-0.0120074	-0.139087
2013-05-12 00:00:00	-2.35516	-0.253331	2.29784	0	0.0919742	-0.00362982	0.0153368	0	0.0967596	0	0	0	0	0	0.101354	-0.0141561	0.0242943	0	0	0.0280328	0.022045	0	0	0.147326	-0.0120292	0.186663
2013-05-13 00:00:00	-8.59103	1.27885	2.03863	0	1.25406	-0.0109544	0.0593086	0	0.466899	0	0	0	0	0	1.9412	-0.0141389	0.0242656	0	0	0.0303949	0.0219495	0	0	0.145838	-0.0168079	-1.37154
2013-05-14 00:00:00	-5.47755	0.117329	2.0748	0	0.054002	-0.0147328	0.074949	0	0.947312	0	0	0	0	0	0.921284	-0.014145	0.0242398	0	0	0.0336484	0.021825	0	0	0.144716	-0.0249161	-1.11724
2013-05-15 00:00:00	-2.75995	-0.065956	2.0766	0	-0.154155	-0.00931609	0.0507737	0	0.564952	0	0	0	0	0	-0.0160999	-0.0141399	0.0242149	0	0	0.034702	0.0220278	0	0	0.147522	-0.0224629	-0.121294
2013-05-16 00:00:00	-0.95968	-0.8183	2.21751	0	-0.404786	-0.00636291	0.0319378	0	0.25915	0	0	0	0	0	-0.198281	-0.0141305	0.0241846	0	0	0.0355169	0.0231322	0	0	0.15001	-0.0172275	0.322675
2013-05-17 00:00:00	0	-0.88358	2.65887	0	-0.837378	-0.00277337	0.00992593	0	0.070903	0	0	0	0	0	-0.513383	-0.0141108	0.0241336	0	0	0.0325045	0.0232238	0	0	0.151039	-0.0135615	0.705814
2013-05-18 00:00:00	-11.7976	1.9455	2.45046	0	1.85643	-0.00932352	0.150595	0	0.919995	0	0	0	0	0	2.62754	-0.014103	0.0240862	0	0	0.0331317	0.0227467	0	0	0.148356	-0.0203732	-1.66255
2013-05-19 00:00:00	-0.67984	-1.24967	2.65299	0	-0.765381	-0.00548475	0.0430334	0	0.696695	0	0	0	0	0	-0.663932	-0.0140981	0.0240566	0	0	0.0361573	0.0225963	0	0	0.149652	-0.0222457	0.224524
2013-05-20 00:00:00	-10.4504	0.931693	2.96328	0	0.865371	-0.0229474	0.0887338	0	1.42745	0	0	0	0	0	2.31526	-0.0140975	0.0240314	0	0	0.0395373	0.0222788	0	0	0.150315	-0.0243201	-1.68384
2013-05-21 00:00:00	-0.579059	-1.02034	2.62018	0	-0.827424	-0.00906982	0.0261024	0	0.813533	0	0	0	0	0	-0.877307	-0.0140892	0.0239996	0	0	0.0411046	0.0212734	0	0	0.152572	-0.0245475	0.346924
2013-05-22 00:00:00	-0.374525	-0.414181	2.37852	0	-0.656394	-0.00199226	0.00235283	0	0.0846465	0	0	0	0	0	-0.637668	-0.0140572	0.0239297	0	0	0.0324771	0.0192204	0	0	0.15666	-0.0155512	0.583435
2013-05-23 00:00:00	-0.439239	-0.278329	2.18044	0	-0.846963	-0.00182955	0.00126494	0	0.0478109	0	0	0	0	0	-0.322424	-0.0140357	0.0238726	0	0	0.0267019	0.0175653	0	0	0.156595	-0.013648	0.537784
2013-05-24 00:00:00	-0.923776	-0.186571	2.16234	0	0.168614	-0.00111066	0.00223165	0	0.0144111	0	0	0	0	0	-0.619531	-0.014015	0.0238454	0	0	0.0232048	0.0162691	0	0	0.156056	-0.0125528	0.809417
2013-05-25 00:00:00	-0.100781	-0.557409	4.71859	0	-0.941271	-0.00173919	0.000909227	0	0.0437995	0	0	0	0	0	-1.29158	-0.0139964	0.023795	0	0	0.0179979	0.0141306	0	0	0.154743	-0.012593	2.05459
2013-05-26 00:00:00	-0.05998	0	2.74851	0	-0.249101	-2.25771E-05	0.000114239	0	0.00613951	0	0	0	0	0	-0.774178	-0.0139637	0.0236754	0	0	0.0110943	0.0118993	0	0	0.154181	-0.0114786	1.84689
2013-05-27 00:00:00	-0.283892	0	2.33278	0	-0.207318	-1.63617E-06	6.59426E-06	0	0.00201178	0	0	0	0	0	-0.354891	-0.0139514	0.0235948	0	0	0.00897101	0.0111441	0	0	0.152899	-0.0106924	1.66066
2013-05-28 00:00:00	-0.462914	0	2.38434	0	0.0105114	0	7.49215E-05	0	0.000860291	0	0	0	0	0	-0.645	-0.0139433	0.0235375	0	0	0.00762334	0.0104314	0	0	0.151449	-0.0104908	1.45647
2013-05-29 00:00:00	-0.0408013	0	2.4358	0	-0.0193013	-1.2223E-05	8.374E-05	0	0.000450735	0	0	0	0	0	-0.677304	-0.0138771	0.0234866	0	0	0.00645197	0.00987049	0	0	0.149937	-0.0103329	1.86446
2013-05-30 00:00:00	0	0	2.5182	0	-0.0157188	-2.03791E-05	0.0001139	0	0.000199271	0	0	0	0	0	-0.736424	-0.0137762	0.0234272	0	0	0.0054075	0.00933823	0	0	0.148044	-0.010199	1.92859
2013-05-31 00:00:00	-0.05998	0	2.52511	0	-0.0105849	-2.69714E-05	0.000127352	0	3.84998E-05	0	0	0	0	0	-0.706432	-0.013695	0.0233832	0	0	0.00469044	0.00896836	0	0	0.146058	-0.0100534	1.9076
2013-06-01 00:00:00	-0.170909	0	2.34292	0	-0.00454772	-2.78249E-05	0.000138914	0	0	0	0	0	0	0	-0.668358	-0.0136497	0.0233297	0	0	0.00421309	0.00863952	0	0	0.144492	-0.00993649	1.6563
2013-06-02 00:00:00	-0.0545653	0	3.12426	0	-0.0225658	-7.60878E-06	6.74149E-05	0	0	0	0	0	0	0	-0.998042	-0.0136143	0.0232615	0	0	0.00340266	0.00801328	0	0	0.142713	-0.00983552	2.20309
2013-06-03 00:00:00	0	0	3.54036	0	-0.0270448	0	3.49259E-05	0	0	0	0	0	0	0	-1.17313	-0.0135803	0.0231713	0	0	0.00260635	0.00718156	0	0	0.14056	-0.0096897	2.49047
2013-06-04 00:00:00	-0.0408013	0	3.19577	0	-0.0137106	-2.4232E-07	5.04518E-05	0	0	0	0	0	0	0	-1.07631	-0.0134912	0.023099	0	0	0.00217256	0.00667836	0	0	0.13871	-0.00952089	2.21265
2013-06-05 00:00:00	0	0	3.4684	0	-0.0159586	0	3.3698E-05	0	0	0	0	0	0	0	-1.23019	-0.01345	0.0229945	0	0	0.00182902	0.00616803	0	0	0.136768	-0.00939692	2.36721
2013-06-06 00:00:00	0	0	2.74998	0	-0.00361394	0	6.59907E-05	0	0	0	0	0	0	0	-1.00226	-0.0133995	0.0229248	0	0	0.0017236	0.00599975	0	0	0.134702	-0.00927281	1.88685
2013-06-07 00:00:00	0	0	2.73128	0	-0.00453827	0	6.41641E-05	0	0	0	0	0	0	0	-1.04268	-0.0133615	0.0228717	0	0	0.00166917	0.00591102	0	0	0.132621	-0.00916929	1.82467
2013-06-08 00:00:00	0	0	3.71923	0	-0.0165746	0	1.17345E-05	0	0	0	0	0	0	0	-1.47056	-0.0133343	0.0228014	0	0	0.00145703	0.00541444	0	0	0.130745	-0.00909635	2.3701
2013-06-09 00:00:00	-0.0408013	0	2.86608	0	-0.00311688	0	5.31525E-05	0	0	0	0	0	0	0	-1.11239	-0.0132676	0.0227299	0	0	0.00140067	0.00529431	0	0	0.128618	-0.00899013	1.84562
2013-06-10 00:00:00	0	0	2.78893	0	-0.0034554	0	5.0314E-05	0	0	0	0	0	0	0	-1.16294	-0.0132146	0.0226715	0	0	0.00133607	0.00525113	0	0	0.126624	-0.00890086	1.75635
2013-06-11 00:00:00	-0.919279	0	2.68689	0	0.00541294	0	0.000115478	0	0	0	0	0	0	0	-0.769742	-0.0131912	0.0225895	0	0	0.00142573	0.00543884	0	0	0.124523	-0.00881715	1.13537
2013-06-12 00:00:00	-0.847097	0	2.82252	0	-3.3337E-05	0	9.49078E-05	0	0	0	0	0	0	0	-0.874172	-0.0130924	0.0225351	0	0	0.00149134	0.00558468	0	0	0.122836	-0.00877278	1.23189
2013-06-13 00:00:00	0	0	2.4082	0	0.00114713	-1.95057E-05	0.000288135	0	0	0	0	0	0	0	-1.06281	-0.0130744	0.0224923	0	0	0.00151631	0.0056527	0	0	0.1211	-0.00872387	1.47577
2013-06-14 00:00:00	-2.16642	0.141812	2.8383	0	0.0270205	-5.41063E-06	0.000291484	0	0	0	0	0	0	0	-0.595521	-0.0130409	0.0224259	0	0	0.00155943	0.00578594	0	0	0.119973	-0.00869492	0.373484
2013-06-15 00:00:00	-2.46678	0.382319	2.80322	0	0.00250433	0	0.000192062	0	0	0	0	0	0	0	-0.356965	-0.0130107	0.0223779	0	0	0.00155115	0.00573305	0	0	0.118312	-0.00864165	0.490819
2013-06-16 00:00:00	-0.484537	-0.5241	2.7726	0	0.00644904	0	0.000255353	0	0	0	0	0	0	0	-0.920484	-0.0129925	0.022302	0	0	0.00155899	0.00574115	0	0	0.117324	-0.00861085	0.975502
2013-06-17 00:00:00	-0.0408013	0	2.67908	0	-0.0268989	0	1.86755E-05	0	0	0	0	0	0	0	-1.20954	-0.0129189	0.0222202	0	0	0.00152663	0.00567024	0	0	0.116049	-0.00856789	1.52584
2013-06-18 00:00:00	0	0	2.82945	0	-0.0395138	0	0	0	0	0	0	0	0	0	-1.24631	-0.012874	0.0221254	0	0	0.00149827	0.00570073	0	0	0.115109	-0.00852879	1.66666
2013-06-19 00:00:00	0	0	2.63342	0	-0.00372657	0	0	0	0	0	0	0	0	0	-1.47619	-0.0128391	0.0220685	0	0	0.00141416	0.00544407	0	0	0.113697	-0.00848761	1.27481
2013-06-20 00:00:00	-0.864477	0	2.85455	0	0.00756493	0	3.8601E-05	0	0	0	0	0	0	0	-1.05325	-0.0128123	0.0219847	0	0	0.0014941	0.00563114	0	0	0.112222	-0.00841049	1.06454
2013-06-21 00:00:00	-0.673744	0	2.95335	0	-4.48311E-05	0	5.49676E-05	0	0	0	0	0	0	0	-1.23565	-0.0127623	0.0219037	0	0	0.00155368	0.00579043	0	0	0.11086	-0.00837494	1.16294
2013-06-22 00:00:00	-8.19297	2.03816	3.25554	0	0.0701986	-3.93798E-05	0.000941403	0	0	0	0	0	0	0	1.10069	-0.0127618	0.021902	0	0	0.00235512	0.00690228	0	0	0.109452	-0.00835848	-1.60799
2013-06-23 00:00:00	-4.00976	0.0112084	3.25337	0	0.0148446	-6.55228E-05	0.000895735	0	0	0	0	0	0	0	0.368746	-0.0127315	0.0218842	0	0	0.00350748	0.0086507	0	0	0.109004	-0.00853151	-0.238974
2013-06-24 00:00:00	0	-1.68405	2.92801	0	-0.0032545	-2.4305E-05	0.000543013	0	0	0	0	0	0	0	-0.743257	-0.0127128	0.0218468	0	0	0.00417972	0.00971417	0	0	0.108426	-0.00863844	0.620775
2013-06-25 00:00:00	0	-0.353806	3.00559	0	-0.0362715	0	1.72746E-05	0	0	0	0	0	0	0	-1.40923	-0.0126851	0.0218107	0	0	0.0036842	0.00946726	0	0	0.107629	-0.00862213	1.32758
2013-06-26 00:00:00	-0.114545	-0.0110466	2.72347	0	-0.0462575	0	0	0	0	0	0	0	0	0	-1.24706	-0.0126795	0.0217178	0	0	0.00314253	0.00882687	0	0	0.106991	-0.00854674	1.42401
2013-06-27 00:00:00	-3.19599	0.172246	3.18273	0	0.0512401	0	0.000138888	0	0	0	0	0	0	0	-0.335341	-0.0126591	0.0216865	0	0	0.00357143	0.00927032	0	0	0.105994	-0.00847966	-0.00559253
2013-06-28 00:00:00	-2.99599	-0.00712063	3.26416	0	0.0300436	-2.22053E-06	0.000490997	0	0	0	0	0	0	0	-0.304733	-0.0126487	0.0216227	0	0	0.0042047	0.00993556	0	0	0.105071	-0.00849016	0.106543
2013-06-29 00:00:00	-0.159199	-0.165154	2.80581	0	-0.0295666	-2.68333E-06	9.34759E-05	0	0	0	0	0	0	0	-1.53637	-0.0126185	0.0215415	0	0	0.00395958	0.00965225	0	0	0.104439	-0.00853555	1.03404
2013-06-30 00:00:00	-1.70872	0	3.13759	0	0.0033656	0	0.000134825	0	0	0	0	0	0	0	-0.976984	-0.0126041	0.0214596	0	0	0.00380093	0.00946822	0	0	0.103466	-0.00847389	0.572498
2013-07-01 00:00:00	-0.330108	0	2.63013	0	-0.0152765	0	5.0603E-05	0	0	0	0	0	0	0	-1.42175	-0.0125695	0.0213789	0	0	0.00344345	0.00903273	0	0	0.102589	-0.00842169	0.978497
2013-07-02 00:00:00	-4.74182	1.22732	3.21211	0	0.0375839	0	0.0005094	0	0	0	0	0	0	0	0.0013251	-0.0125425	0.0213444	0	0	0.00397038	0.00957975	0	0	0.10173	-0.00834771	-0.147237
2013-07-03 00:00:00	-0.763051	-1.22732	3.29405	0	0.00510641	-2.90083E-05	0.00102381	0	0	0	0	0	0	0	-1.00042	-0.0125241	0.0213014	0	0	0.00423472	0.0098668	0	0	0.101006	-0.00839998	0.424842
2013-07-04 00:00:00	-14.3339	2.92778	3.59211	0	0.1219	-0.00021864	0.00402659	0	0	0	0	0	0	0	3.86607	-0.012519	0.0213291	0	0	0.00687374	0.0122917	0	0	0.100742	-0.00853542	-3.70204
2013-07-05 00:00:00	-0.0446534	-1.98448	3.22719	0	-0.0544755	-3.90246E-05	0.000848021	0	0	0	0	0	0	0	-0.834842	-0.0125191	0.0213369	0	0	0.00987207	0.0156619	0	0	0.100754	-0.00895031	0.4357
2013-07-06 00:00:00	0	-0.809042	3.97123	0	-0.0880163	0	0	0	0	0	0	0	0	0	-1.62524	-0.0124966	0.0212902	0	0	0.00810243	0.0142952	0	0	0.100303	-0.00887096	1.57155
2013-07-07 00:00:00	0	-0.133939	3.69997	0	-0.00793836	0	9.12606E-07	0	0	0	0	0	0	0	-2.02553	-0.0124593	0.0211804	0	0	0.00575111	0.0118227	0	0	0.0999123	-0.00872724	1.65005
2013-07-08 00:00:00	0	0	3.68195	0	-0.0940392	0	2.03434E-06	0	0	0	0	0	0	0	-2.22101	-0.012412	0.0211039	0	0	0.00440947	0.0103982	0	0	0.0991105	-0.00852457	1.48099
2013-07-09 00:00:00	0	0	4.82148	0	-0.0164198	0	0	0	0	0	0	0	0	0	-3.35351	-0.0123048	0.021051	0	0	0.00278959	0.00857143	0	0	0.0983009	-0.00832956	1.56163
2013-07-10 00:00:00	0	0	3.07684	0	8.78755E-05	0	0	0	0	0	0	0	0	0	-2.14503	-0.0122156	0.0209295	0	0	0.00217902	0.00778441	0	0	0.0973353	-0.00811423	1.0398
2013-07-11 00:00:00	0	0	2.99207	0	-0.000440927	0	0	0	0	0	0	0	0	0	-2.15856	-0.0122135	0.0208653	0	0	0.00184765	0.00726375	0	0	0.0963786	-0.00797786	0.939236
2013-07-12 00:00:00	0	0	4.13953	0	-0.0074874	0	0	0	0	0	0	0	0	0	-2.89767	-0.0122004	0.0207929	0	0	0.00137149	0.00644564	0	0	0.0956222	-0.00789499	1.33851
2013-07-13 00:00:00	0	0	3.23967	0	-0.00200029	0	0	0	0	0	0	0	0	0	-2.37169	-0.0121459	0.0207079	0	0	0.00119465	0.00601037	0	0	0.0947298	-0.00778694	0.96869
2013-07-14 00:00:00	0	0	2.87588	0	-0.000924176	0	0	0	0	0	0	0	0	0	-2.17038	-0.0121074	0.0206442	0	0	0.00112772	0.00579925	0	0	0.0939977	-0.00771911	0.806315
2013-07-15 00:00:00	0	0	2.79127	0	-0.000991349	0	0	0	0	0	0	0	0	0	-2.25795	-0.0121075	0.0205677	0	0	0.0010899	0.00566474	0	0	0.0932474	-0.0076713	0.633113
2013-07-16 00:00:00	0	0	3.0459	0	-0.00266252	0	0	0	0	0	0	0	0	0	-2.46809	-0.0120693	0.0204934	0	0	0.00101734	0.0054612	0	0	0.0924152	-0.00762404	0.674841
2013-07-17 00:00:00	0	0	3.6724	0	-0.00512518	0	0	0	0	0	0	0	0	0	-3.03641	-0.0120307	0.0204208	0	0	0.000859398	0.00505916	0	0	0.0916417	-0.00757784	0.729237
2013-07-18 00:00:00	0	0	4.36501	0	-0.0074418	0	0	0	0	0	0	0	0	0	-3.66295	-0.0119862	0.020311	0	0	0.000624265	0.00448416	0	0	0.0908761	-0.00751571	0.791406
2013-07-19 00:00:00	0	0	4.67833	0	-0.00734202	0	0	0	0	0	0	0	0	0	-4.19965	-0.0119296	0.0202243	0	0	0.000477456	0.00385588	0	0	0.090016	-0.0074347	0.566547
2013-07-20 00:00:00	0	0	4.3845	0	-0.0056193	0	0	0	0	0	0	0	0	0	-4.12172	-0.0118961	0.0201315	0	0	0.000396367	0.00343022	0	0	0.0892826	-0.00735609	0.351156
2013-07-21 00:00:00	0	0	3.86582	0	-0.00378931	0	0	0	0	0	0	0	0	0	-3.93236	-0.0118819	0.0200118	0	0	0.000373291	0.00321157	0	0	0.0885047	-0.00728321	0.022608
2013-07-22 00:00:00	0	0	3.02698	0	-0.00135266	0	0	0	0	0	0	0	0	0	-2.96515	-0.0118241	0.0199263	0	0	0.000409819	0.00324332	0	0	0.087851	-0.00723551	0.152854
2013-07-23 00:00:00	-16.7002	3.62894	3.65343	0	0.0599591	0	0.000180213	0	0	0	0	0	0	0	6.58857	-0.0118208	0.0199635	0	0	0.00132325	0.00678774	0	0	0.0871621	-0.00722703	-2.67298
2013-07-24 00:00:00	-0.2	-2.20899	3.48903	0	-0.00557603	0	0.000157921	0	0	0	0	0	0	0	-1.10634	-0.0118143	0.0199261	0	0	0.00192106	0.00850149	0	0	0.0872448	-0.00752811	0.0665444
2013-07-25 00:00:00	-9.73193	2.3344	3.54629	0	0.0409432	0	0.000456022	0	0	0	0	0	0	0	2.71054	-0.0117986	0.0198852	0	0	0.00257104	0.00992294	0	0	0.0869358	-0.00761131	-0.999388
2013-07-26 00:00:00	-1.09535	-1.88615	3.69832	0	-0.014649	0	0.00014048	0	0	0	0	0	0	0	-0.763161	-0.0117909	0.0198636	0	0	0.00345107	0.0114503	0	0	0.0867545	-0.00777982	0.0411031
2013-07-27 00:00:00	-9.15935	1.93932	4.38148	0	0.0490207	0	0.000620204	0	0	0	0	0	0	0	1.78015	-0.0117856	0.0198177	0	0	0.00405806	0.0122044	0	0	0.0864504	-0.00779485	-0.905807
2013-07-28 00:00:00	-25.7709	0.121396	3.33774	0	0.501565	-7.16667E-05	0.102858	0	0.00174848	0	0	0	0	0	14.632	-0.0118208	0.0198761	0	0	0.00882793	0.0180965	0	0	0.0867888	-0.00834993	-6.96033
2013-07-29 00:00:00	-17.6885	-0.0175195	3.24557	0	0.0740379	-0.000345882	0.0682221	0	0.00724199	0	0	0	0	0	7.86593	-0.0118804	0.0199878	0	0	0.0200362	0.0296289	0	0	0.0876148	-0.0103739	-6.31032
2013-07-30 00:00:00	-4.5861	-0.0831207	3.11716	0	-0.0532604	-0.000151329	0.0101235	0	0.0029416	0	0	0	0	0	-0.164292	-0.0119079	0.0200195	0	0	0.0247869	0.033815	0	0	0.0882751	-0.0103278	-1.61204
2013-07-31 00:00:00	-7.21134	0.114164	3.24542	0	0.0539459	-0.000146792	0.0176309	0	0.00467416	0	0	0	0	0	1.93379	-0.011917	0.0200205	0	0	0.0256083	0.0339504	0	0	0.0888694	-0.00972835	-1.69506
2013-08-01 00:00:00	-2.82123	-0.71887	3.59301	0	-0.0299314	-5.8967E-05	0.00262019	0	0.00333106	0	0	0	0	0	-0.545582	-0.0119125	0.0199941	0	0	0.0249793	0.0326886	0	0	0.0891818	-0.00974389	-0.371522
2013-08-02 00:00:00	-0.763051	-1.63798	3.61651	0	-0.137618	-2.3304E-05	0.000901924	0	0.00568958	0	0	0	0	0	-1.0118	-0.0119047	0.0199585	0	0	0.0223998	0.0298191	0	0	0.0891893	-0.0094504	0.212647
2013-08-03 00:00:00	-0.289307	-0.550274	3.21852	0	-0.213333	0	2.27655E-06	0	0.000966323	0	0	0	0	0	-1.54919	-0.0118923	0.0199162	0	0	0.0184782	0.0263283	0	0	0.089137	-0.00923227	0.750111
2013-08-04 00:00:00	-1.02909	-0.424059	3.15574	0	-0.0958659	0	0	0	0.000156743	0	0	0	0	0	-0.85049	-0.011869	0.0198593	0	0	0.0146834	0.0223161	0	0	0.0889921	-0.00905757	0.881314
2013-08-05 00:00:00	-0.743636	-0.380418	2.93318	0	-0.000284405	0	9.70204E-06	0	0.000137083	0	0	0	0	0	-1.3329	-0.0118547	0.0198284	0	0	0.0127499	0.0203724	0	0	0.0888069	-0.00884657	0.597152
2013-08-06 00:00:00	-0.0408013	-0.205991	2.69286	0	-0.0375226	0	1.37039E-05	0	3.30566E-05	0	0	0	0	0	-1.59439	-0.0118357	0.0197734	0	0	0.0105729	0.0181133	0	0	0.0884253	-0.00864222	0.930609
2013-08-07 00:00:00	-1.93042	0.00710954	3.76733	0	-0.0153904	0	3.85568E-05	0	0	0	0	0	0	0	-1.14226	-0.0118148	0.019694	0	0	0.00894685	0.0164173	0	0	0.0880738	-0.00843347	0.799294
2013-08-08 00:00:00	-0.155347	-0.0297971	2.88322	0	-0.0267088	0	2.33724E-05	0	0	0	0	0	0	0	-1.78385	-0.0117949	0.0196462	0	0	0.00742447	0.0148044	0	0	0.087751	-0.00828458	0.997088
2013-08-09 00:00:00	-0.289307	-0.00304184	2.9683	0	-0.0198471	0	2.02424E-05	0	0	0	0	0	0	0	-1.7262	-0.011775	0.0195904	0	0	0.00610885	0.0134036	0	0	0.0873589	-0.00814043	1.03648
2013-08-10 00:00:00	-0.763051	0	2.92059	0	-0.0012665	0	5.08232E-05	0	0	0	0	0	0	0	-1.39827	-0.0117408	0.019547	0	0	0.0053492	0.0125295	0	0	0.0869597	-0.00798125	0.86271
2013-08-11 00:00:00	-4.60968	1.5316	2.93592	0	0.0549383	0	0.000153573	0	0	0	0	0	0	0	0.212267	-0.0117253	0.0194863	0	0	0.00580013	0.0127193	0	0	0.0865778	-0.00787796	0.230175
2013-08-12 00:00:00	-0.159199	-1.5258	2.8226	0	0.0378988	0	0.000434005	0	9.16347E-05	0	0	0	0	0	-0.964488	-0.011702	0.0194562	0	0	0.00611456	0.0129235	0	0	0.0860409	-0.00789741	0.316468
2013-08-13 00:00:00	0	-0.00575891	2.57781	0	-0.0299093	0	8.35171E-06	0	0.000121458	0	0	0	0	0	-1.76273	-0.0116686	0.0193841	0	0	0.00530668	0.0122573	0	0	0.0858141	-0.00789492	0.88274
2013-08-14 00:00:00	-2.58663	0.174114	2.95679	0	-0.0344178	0	4.04487E-05	0	0	0	0	0	0	0	0.0134566	-0.0116488	0.0193406	0	0	0.00529646	0.012195	0	0	0.0855031	-0.00780585	0.62624
2013-08-15 00:00:00	-9.30481	2.63717	3.30874	0	0.167709	0	0.00159747	0	0.000358338	0	0	0	0	0	2.00278	-0.0116482	0.0193515	0	0	0.00712264	0.0137626	0	0	0.0850995	-0.00782507	-1.08058
2013-08-16 00:00:00	-0.978613	-1.81292	2.88898	0	-0.0247477	0	0.000664912	0	0.0114348	0	0	0	0	0	-0.148551	-0.011624	0.0193265	0	0	0.00874188	0.0151669	0	0	0.084808	-0.00809992	0.0445613
2013-08-17 00:00:00	-3.06219	0.0215183	3.01955	0	0.0496902	0	0.00105631	0	0.00457318	0	0	0	0	0	-0.316118	-0.0116149	0.0192775	0	0	0.00909095	0.0152427	0	0	0.0846541	-0.00807499	-0.173343
2013-08-18 00:00:00	-2.50117	-0.118243	2.69568	0	-0.0272353	-1.15775E-05	0.000623099	0	0.0111838	0	0	0	0	0	-0.00262487	-0.0115999	0.0192316	0	0	0.00917371	0.0152223	0	0	0.0842754	-0.00809438	0.166407
2013-08-19 00:00:00	0	-0.744217	2.63776	0	-0.0456919	0	8.51865E-05	0	0.00139237	0	0	0	0	0	-1.67184	-0.0115794	0.0191877	0	0	0.00795279	0.0148114	0	0	0.0841087	-0.00803637	0.283935
2013-08-20 00:00:00	-0.955346	-0.0916357	2.67156	0	-0.0765959	0	0	0	0.000228588	0	0	0	0	0	-0.835705	-0.0115524	0.0191115	0	0	0.00695725	0.0138813	0	0	0.0837686	-0.00794679	0.816726
2013-08-21 00:00:00	-2.92626	0.0348091	3.03076	0	0.0598504	0	0.00017829	0	0.000166923	0	0	0	0	0	-0.262793	-0.0115311	0.0190772	0	0	0.00711187	0.0138993	0	0	0.0835207	-0.00786662	0.0409223
2013-08-22 00:00:00	-0.2	-0.0850657	2.67621	0	-0.0540158	0	2.06611E-05	0	0.00016588	0	0	0	0	0	-1.80095	-0.011502	0.0190331	0	0	0.00609227	0.013026	0	0	0.0830672	-0.00786224	0.638219
2013-08-23 00:00:00	-0.0854547	-0.013124	2.83409	0	-0.052485	0	1.04499E-05	0	0	0	0	0	0	0	-2.00219	-0.0114596	0.0189818	0	0	0.00487981	0.0119069	0	0	0.0826021	-0.00773197	0.780024
2013-08-24 00:00:00	-0.588289	-0.0020936	2.76769	0	-0.00755037	0	5.18175E-05	0	0	0	0	0	0	0	-1.60222	-0.0114363	0.0189199	0	0	0.00433069	0.0113268	0	0	0.0822319	-0.00760499	0.665365
2013-08-25 00:00:00	0	0	2.56345	0	-0.0215279	0	2.42547E-05	0	0	0	0	0	0	0	-1.89068	-0.0114068	0.0188637	0	0	0.00365019	0.0106292	0	0	0.0818343	-0.00751571	0.747318
2013-08-26 00:00:00	-0.2	0	2.82549	0	-0.0161983	0	2.11904E-05	0	0	0	0	0	0	0	-1.99588	-0.0113884	0.018813	0	0	0.00304806	0.00999344	0	0	0.0813765	-0.00742239	0.70786
2013-08-27 00:00:00	0	0	2.54268	0	-0.00995007	0	2.43082E-05	0	0	0	0	0	0	0	-1.91248	-0.011365	0.0187328	0	0	0.00261142	0.00948363	0	0	0.0810047	-0.00734096	0.713396
2013-08-28 00:00:00	-0.0816026	0	2.42591	0	-0.00487218	0	2.94024E-05	0	0	0	0	0	0	0	-1.82664	-0.0113324	0.0186704	0	0	0.00233767	0.0090998	0	0	0.0806062	-0.00727281	0.604933
2013-08-29 00:00:00	-0.444653	0	2.57408	0	-0.000559689	0	4.04527E-05	0	0	0	0	0	0	0	-1.64792	-0.0113191	0.0186256	0	0	0.00220482	0.00888969	0	0	0.0802236	-0.0072193	0.5724
2013-08-30 00:00:00	-1.44881	0.0990366	2.54848	0	0.0102416	0	7.07058E-05	0	0	0	0	0	0	0	-1.01309	-0.0112912	0.0185622	0	0	0.00231615	0.00898284	0	0	0.0798581	-0.00717445	0.287176
2013-08-31 00:00:00	-0.0854547	-0.0990366	2.16119	0	-0.00408727	0	4.02885E-05	0	0	0	0	0	0	0	-1.64584	-0.0112674	0.0184909	0	0	0.00221929	0.00883301	0	0	0.0794886	-0.00717309	0.417412
2013-09-01 00:00:00	-0.50397	0	2.32982	0	-0.000200192	0	5.01025E-05	0	0	0	0	0	0	0	-1.52888	-0.0112467	0.0184619	0	0	0.00215249	0.0087203	0	0	0.0790269	-0.00713122	0.386811
2013-09-02 00:00:00	-1.15068	0	2.64547	0	0.00668605	0	7.91614E-05	0	0	0	0	0	0	0	-1.2711	-0.0112137	0.0184278	0	0	0.00224984	0.00882665	0	0	0.0786484	-0.00709945	0.320294
2013-09-03 00:00:00	-0.0854547	0	2.44637	0	-0.0118205	0	2.06048E-05	0	0	0	0	0	0	0	-1.99701	-0.0111966	0.0183734	0	0	0.00204584	0.00857364	0	0	0.0782024	-0.00709414	0.441012
2013-09-04 00:00:00	0	0	2.23499	0	-0.0042945	0	2.88851E-05	0	0	0	0	0	0	0	-1.90616	-0.0111724	0.0183273	0	0	0.00190539	0.00836812	0	0	0.0778513	-0.00704744	0.412797
2013-09-05 00:00:00	0	0	2.08241	0	-0.00163321	0	3.45392E-05	0	0	0	0	0	0	0	-1.7682	-0.011126	0.0182857	0	0	0.00183894	0.00825077	0	0	0.0774261	-0.00700989	0.400271
2013-09-06 00:00:00	-17.4808	4.37984	2.126	0	0.197301	0	0.00277511	0	7.87873E-05	0	0	0	0	0	8.00599	-0.0111392	0.0182924	0	0	0.00437646	0.0113756	0	0	0.0771002	-0.0071412	-2.67595
2013-09-07 00:00:00	-10.3307	0.144874	2.15881	0	0.291293	-0.000101442	0.00749042	0	0.0256495	0	0	0	0	0	5.2226	-0.0111484	0.0183087	0	0	0.0108008	0.0181108	0	0	0.077463	-0.00791057	-2.37442
2013-09-08 00:00:00	0	-1.92015	2.05087	0	-0.0335324	-5.56088E-05	0.00176758	0	0.0320344	0	0	0	0	0	-0.587736	-0.0111486	0.0182839	0	0	0.0132815	0.020261	0	0	0.0776769	-0.00826453	-0.346715
2013-09-09 00:00:00	-3.41916	1.26404	2.04103	0	0.00345387	-3.45183E-05	0.000974283	0	0.0213377	0	0	0	0	0	-0.0960698	-0.0111366	0.0182547	0	0	0.012849	0.0194863	0	0	0.0777391	-0.00816332	-0.075397
2013-09-10 00:00:00	0	-1.86284	2.13269	0	-0.0225018	-1.88217E-05	0.00101501	0	0.0158618	0	0	0	0	0	-0.361014	-0.0111286	0.0181701	0	0	0.0123012	0.0186762	0	0	0.0776896	-0.00807888	0.0108279
2013-09-11 00:00:00	-2.98311	0.654447	2.25287	0	-0.0033734	-7.94824E-06	0.000494178	0	0.0120127	0	0	0	0	0	0.113636	-0.0111079	0.0181126	0	0	0.0116241	0.017779	0	0	0.0776022	-0.00800605	0.152976
2013-09-12 00:00:00	-1.79844	-0.362906	2.31337	0	0.0254169	-4.01502E-05	0.00213698	0	0.0131019	0	0	0	0	0	-0.454013	-0.011103	0.0180643	0	0	0.011386	0.0175071	0	0	0.077394	-0.00793989	-0.156065
2013-09-13 00:00:00	-2.48299	0.423737	2.00712	0	-0.0120757	-2.28441E-05	0.00121348	0	0.0176992	0	0	0	0	0	-0.0737838	-0.0110811	0.0180161	0	0	0.0110065	0.0170209	0	0	0.0772032	-0.00793187	-0.0148733
2013-09-14 00:00:00	0	-0.973439	1.81587	0	-0.0621948	-4.176E-06	0.000762564	0	0.0115163	0	0	0	0	0	-0.74379	-0.0110628	0.0179864	0	0	0.0103435	0.0165855	0	0	0.077094	-0.00785201	0.151819
2013-09-15 00:00:00	-10.0427	2.90679	1.84721	0	0.216526	-8.34232E-05	0.0128273	0	0.0363771	0	0	0	0	0	3.74524	-0.0110611	0.0179412	0	0	0.0107293	0.0172457	0	0	0.0769664	-0.0079524	-1.17397
2013-09-16 00:00:00	-2.1401	-0.0833551	1.74854	0	-0.0307323	-4.28227E-05	0.00424392	0	0.0427739	0	0	0	0	0	-0.0117186	-0.0110648	0.0179201	0	0	0.012409	0.0187023	0	0	0.0772846	-0.00843032	-0.363576
2013-09-17 00:00:00	-0.402953	-1.26727	1.75909	0	-0.0363149	-2.95012E-05	0.00169696	0	0.0215753	0	0	0	0	0	-0.237549	-0.0110559	0.0178608	0	0	0.0121806	0.0182658	0	0	0.0776557	-0.00829806	-0.0551373
2013-09-18 00:00:00	-0.2	-1.2687	1.66982	0	-0.0143945	-2.85661E-05	0.00148613	0	0.0155765	0	0	0	0	0	-0.341979	-0.0110514	0.0178137	0	0	0.0118697	0.0177071	0	0	0.0776692	-0.00801913	-0.0322264
2013-09-19 00:00:00	-13.6093	2.66563	1.8036	0	0.195519	-0.000221374	0.0363596	0	0.119384	0	0	0	0	0	6.36986	-0.0110719	0.0177495	0	0	0.0139749	0.0197976	0	0	0.0774998	-0.00917965	-2.3104
2013-09-20 00:00:00	-0.2	-1.46961	1.76458	0	-0.098862	-0.00115814	0.00552879	0	0.0770183	0	0	0	0	0	-0.608746	-0.011088	0.0177723	0	0	0.0172147	0.0222729	0	0	0.0779565	-0.00970483	-0.416826
2013-09-21 00:00:00	-0.0446534	-1.36978	1.87556	0	0.000958976	-0.000422438	0.00198757	0	0.0213506	0	0	0	0	0	-0.773335	-0.0110792	0.0177353	0	0	0.0158455	0.0207971	0	0	0.0784519	-0.00852367	-0.175107
2013-09-22 00:00:00	-0.114545	-0.36488	2.04421	0	-0.151481	-0.000419637	0.00125618	0	0.0172182	0	0	0	0	0	-1.16087	-0.011075	0.0176951	0	0	0.0143286	0.0196245	0	0	0.0783669	-0.00825363	0.381171
2013-09-23 00:00:00	0	-0.342143	2.03228	0	-0.142203	0	0.00021574	0	0.00394401	0	0	0	0	0	-1.25409	-0.0110621	0.0176205	0	0	0.0119916	0.0175685	0	0	0.0783194	-0.00803359	0.404409
2013-09-24 00:00:00	-0.0408013	-0.322744	1.9285	0	-0.0673508	0	0.000115367	0	0.000570557	0	0	0	0	0	-1.29872	-0.0110516	0.0175732	0	0	0.0101145	0.0159231	0	0	0.0781434	-0.00785287	0.302411
2013-09-25 00:00:00	-1.62473	0.127233	1.63418	0	-0.00281832	0	0.000116153	0	0.000916182	0	0	0	0	0	0.209251	-0.0110364	0.0175343	0	0	0.00969344	0.0154597	0	0	0.0778904	-0.00772017	0.445974
2013-09-26 00:00:00	-0.284555	-0.356943	1.52682	0	0.061427	0	0.000772842	0	0.000403227	0	0	0	0	0	-1.09955	-0.0110275	0.0175157	0	0	0.00903455	0.0148936	0	0	0.0777486	-0.0076778	-0.0511345
2013-09-27 00:00:00	-0.37001	-0.215124	1.64443	0	-0.0544075	0	0.000389268	0	0.00830301	0	0	0	0	0	-0.663172	-0.0110091	0.0174537	0	0	0.00837359	0.0142867	0	0	0.0774024	-0.00763648	0.449278
2013-09-28 00:00:00	-0.2	-0.225035	1.6764	0	-0.0494499	0	2.14217E-05	0	0.000312925	0	0	0	0	0	-0.860453	-0.0109976	0.017397	0	0	0.00750206	0.0134911	0	0	0.0773018	-0.00754943	0.438944
2013-09-29 00:00:00	-0.114545	-0.114003	1.56331	0	-0.012464	0	7.73547E-05	0	1.09095E-05	0	0	0	0	0	-1.11978	-0.0109682	0.0173541	0	0	0.00692691	0.0129671	0	0	0.0771144	-0.00746697	0.298539
2013-09-30 00:00:00	0	-0.0195994	1.60661	0	-0.0241335	0	8.13115E-05	0	1.5105E-05	0	0	0	0	0	-1.25219	-0.0109563	0.017314	0	0	0.00632538	0.0124219	0	0	0.0768382	-0.0073946	0.405334
2013-10-01 00:00:00	0	-0.00657943	1.54995	0	-0.0167036	0	9.99417E-05	0	1.6567E-05	0	0	0	0	0	-1.21206	-0.0109369	0.0172478	0	0	0.00584231	0.0119642	0	0	0.0765512	-0.00732709	0.408073
2013-10-02 00:00:00	-1.97296	0.329173	1.62576	0	0.0968294	0	0.00120382	0	0.00049502	0	0	0	0	0	-0.149658	-0.0109308	0.0172315	0	0	0.00622074	0.0121277	0	0	0.0761623	-0.00728882	0.0243588
2013-10-03 00:00:00	-2.58853	0.717722	1.8002	0	0.026842	0	0.0012432	0	0.00856753	0	0	0	0	0	-0.0407967	-0.0109169	0.0171974	0	0	0.00687276	0.0124655	0	0	0.0759295	-0.00735886	0.019446
2013-10-04 00:00:00	-2.34387	0.578615	1.70021	0	0.00173611	-0.000231946	0.00117639	0	0.0113668	0	0	0	0	0	-0.00492468	-0.0109008	0.0171757	0	0	0.00751853	0.0128077	0	0	0.0757482	-0.00741439	0.0390161
2013-10-05 00:00:00	-2.38479	0.554546	1.56029	0	0.0331534	-0.000574102	0.0023737	0	0.0152951	0	0	0	0	0	0.0275495	-0.0108608	0.017131	0	0	0.00796261	0.013276	0	0	0.0755337	-0.00749367	-0.0966055
2013-10-06 00:00:00	-0.0408013	-1.34274	1.62697	0	0.00217632	-0.000277651	0.00134768	0	0.0187756	0	0	0	0	0	-0.466049	-0.0108447	0.0170871	0	0	0.0085526	0.0139074	0	0	0.0754452	-0.00759006	-0.10404
2013-10-07 00:00:00	-4.24039	2.05395	1.54046	0	0.0271667	-0.000696012	0.0025612	0	0.019311	0	0	0	0	0	0.4503	-0.0108408	0.0170771	0	0	0.00889937	0.0143545	0	0	0.0751995	-0.00755822	-0.0502048
2013-10-08 00:00:00	-1.32921	-0.187445	1.48465	0	-0.0193166	-0.000515111	0.00184712	0	0.0241213	0	0	0	0	0	-0.110257	-0.0108262	0.017057	0	0	0.00967391	0.0149908	0	0	0.0750707	-0.00768987	-0.0378491
2013-10-09 00:00:00	-3.78661	0.691848	1.27091	0	0.0597899	-0.00108723	0.00462676	0	0.039307	0	0	0	0	0	1.2149	-0.0108183	0.0170541	0	0	0.0120057	0.016947	0	0	0.0749017	-0.0077326	-0.403952
2013-10-10 00:00:00	0	-1.08199	1.15098	0	-0.00986598	-0.00090734	0.00364344	0	0.0389288	0	0	0	0	0	-0.24745	-0.0108028	0.0170436	0	0	0.0130835	0.0176887	0	0	0.0747754	-0.00795637	-0.0428308
2013-10-11 00:00:00	0	-1.09463	1.17163	0	-0.0232121	-0.000352416	0.00126172	0	0.0192233	0	0	0	0	0	-0.0139828	-0.0107801	0.0170177	0	0	0.0127239	0.0171207	0	0	0.0747181	-0.0078439	0.162898
2013-10-12 00:00:00	-0.2	-0.605985	1.13146	0	0.00123989	-0.000891227	0.00354731	0	0.0250552	0	0	0	0	0	-0.554354	-0.0107712	0.0170087	0	0	0.0124833	0.0169325	0	0	0.0743645	-0.00774904	-0.0976626
2013-10-13 00:00:00	-2.57312	1.2638	1.19824	0	0.0601645	-0.000357968	0.00202334	0	0.0115606	0	0	0	0	0	-0.180659	-0.0107603	0.0169824	0	0	0.012048	0.0164631	0	0	0.0743225	-0.00770668	-0.116994
2013-10-14 00:00:00	-0.2	-0.849916	1.0982	0	-0.0325335	-0.00100774	0.00438867	0	0.030255	0	0	0	0	0	-0.114919	-0.0107449	0.0169597	0	0	0.0120719	0.0162907	0	0	0.0741263	-0.00772319	0.035453
2013-10-15 00:00:00	-2.91879	1.59431	1.0332	0	-0.010812	-0.000491477	0.0021806	0	0.0208992	0	0	0	0	0	0.308862	-0.0107325	0.0169182	0	0	0.0119044	0.0159678	0	0	0.0740724	-0.00771041	0.129788
2013-10-16 00:00:00	-13.506	2.06309	1.07434	0	0.409505	-0.00596909	0.0479074	0	0.20346	0	0	0	0	0	6.79743	-0.0107445	0.0169608	0	0	0.0194134	0.0215769	0	0	0.0740103	-0.00854169	-2.80354
2013-10-17 00:00:00	-5.325	-0.0131327	1.11764	0	-0.0246046	-0.00402472	0.045542	0	0.175499	0	0	0	0	0	2.33488	-0.0107634	0.0169775	0	0	0.0295591	0.0281051	0	0	0.0747412	-0.0100391	-1.56462
2013-10-18 00:00:00	-3.10141	0.007342	1.1284	0	0.00375952	-0.00282907	0.0264756	0	0.110885	0	0	0	0	0	0.872262	-0.010767	0.0169568	0	0	0.0295158	0.0280484	0	0	0.0756558	-0.00963328	-0.825339
2013-10-19 00:00:00	-7.14117	-0.0024298	1.18085	0	0.0842771	-0.00435319	0.0502287	0	0.185404	0	0	0	0	0	3.73216	-0.0107792	0.0169623	0	0	0.0317525	0.029421	0	0	0.0759766	-0.0102396	-1.78194
2013-10-20 00:00:00	-3.75474	-0.0071487	1.09401	0	-0.0185746	-0.00416494	0.0319117	0	0.166489	0	0	0	0	0	1.33205	-0.0107915	0.0169682	0	0	0.0346159	0.0313445	0	0	0.0765191	-0.0103627	-1.02187
2013-10-21 00:00:00	-8.10866	0.010112	1.10327	0	0.120351	-0.00630596	0.0658945	0	0.266931	0	0	0	0	0	4.28605	-0.0108103	0.0169866	0	0	0.0390633	0.0340766	0	0	0.0769011	-0.0112694	-2.1174
2013-10-22 00:00:00	-7.52985	-0.0186858	1.15057	0	0.0407099	-0.0061489	0.0632583	0	0.292252	0	0	0	0	0	3.62258	-0.0108365	0.0170031	0	0	0.0446116	0.0373208	0	0	0.0775348	-0.0122447	-2.23193
2013-10-23 00:00:00	-2.87783	-0.0271936	1.0184	0	-0.0522343	-0.00393399	0.0274687	0	0.177827	0	0	0	0	0	0.595347	-0.0108534	0.0169986	0	0	0.0447654	0.0370853	0	0	0.078346	-0.0112835	-0.987089
2013-10-24 00:00:00	-0.0446534	-0.7698	0.860453	0	0.00659488	-0.00298907	0.0133589	0	0.100352	0	0	0	0	0	-0.536401	-0.0108565	0.0169766	0	0	0.0405969	0.0340856	0	0	0.0789101	-0.0102082	-0.223579
2013-10-25 00:00:00	-5.08882	0.762342	0.95794	0	0.0843145	-0.00476641	0.0379938	0	0.172488	0	0	0	0	0	2.00213	-0.0108638	0.0169725	0	0	0.0390749	0.0329028	0	0	0.0791145	-0.0102382	-0.929412
2013-10-26 00:00:00	-1.10849	-0.0614311	0.95721	0	-0.0928635	-0.0030673	0.0160391	0	0.120616	0	0	0	0	0	-0.226698	-0.010874	0.0169568	0	0	0.0377173	0.0317948	0	0	0.0792705	-0.0105449	-0.25436
2013-10-27 00:00:00	-6.05564	0.0340052	0.91471	0	0.155268	-0.00655253	0.0580503	0	0.216033	0	0	0	0	0	3.02793	-0.0108982	0.0169637	0	0	0.0386113	0.0321388	0	0	0.0793966	-0.011224	-1.5112
2013-10-28 00:00:00	-2.13216	-0.0159452	0.831112	0	-0.0614317	-0.00528462	0.0275901	0	0.166078	0	0	0	0	0	0.363582	-0.0109187	0.0169601	0	0	0.0392585	0.0322238	0	0	0.0797617	-0.0112849	-0.68046
2013-10-29 00:00:00	-0.155347	-0.581406	0.768567	0	-0.0146053	-0.0030674	0.0126936	0	0.0831535	0	0	0	0	0	-0.39116	-0.0109143	0.0169277	0	0	0.0360072	0.0299245	0	0	0.0802652	-0.0100557	-0.139017
2013-10-30 00:00:00	-1.70463	0.548498	0.731256	0	-0.0168337	-0.00319806	0.0143172	0	0.0818873	0	0	0	0	0	0.0920553	-0.0109151	0.0169102	0	0	0.0330663	0.0280099	0	0	0.0804506	-0.00959738	-0.118727
2013-10-31 00:00:00	-2.8627	0.00130145	0.775733	0	0.101404	-0.00454732	0.0294583	0	0.122402	0	0	0	0	0	1.12387	-0.010918	0.016905	0	0	0.0330051	0.0278493	0	0	0.080565	-0.00983123	-0.5755
2013-11-01 00:00:00	0	-0.679239	0.718007	0	-0.108796	-0.00337667	0.0137679	0	0.0962556	0	0	0	0	0	-0.220815	-0.01091	0.0168749	0	0	0.0316482	0.0268445	0	0	0.0808256	-0.00984103	-0.0487536
2013-11-02 00:00:00	-12.134	0.651055	0.588538	0	0.332495	-0.0152758	0.118109	0	0.431881	0	0	0	0	0	6.78094	-0.0109391	0.0169021	0	0	0.0409476	0.0318338	0	0	0.0809355	-0.0123573	-3.0989
2013-11-03 00:00:00	-4.59959	-0.0132862	0.605025	0	-0.0617349	-0.0108446	0.0632396	0	0.344642	0	0	0	0	0	1.77697	-0.0109666	0.0169694	0	0	0.0521398	0.0372792	0	0	0.0821696	-0.0134854	-1.73147
2013-11-04 00:00:00	-0.114545	-0.376981	0.508233	0	-0.133181	-0.00506081	0.0202499	0	0.155235	0	0	0	0	0	-0.546029	-0.010972	0.0169602	0	0	0.0491615	0.0353277	0	0	0.0832134	-0.0115127	-0.3299
2013-11-05 00:00:00	-1.01081	0.350006	0.47181	0	0.0679378	-0.00404672	0.0169796	0	0.0956971	0	0	0	0	0	-0.260107	-0.0109694	0.0169366	0	0	0.0437618	0.0321605	0	0	0.0836124	-0.0102682	-0.117302
2013-11-06 00:00:00	-4.26086	-0.0259122	0.602643	0	0.0707171	-0.00705659	0.0470984	0	0.220694	0	0	0	0	0	2.1589	-0.0109763	0.0169393	0	0	0.0426659	0.0314852	0	0	0.0836276	-0.0115723	-1.04161
2013-11-07 00:00:00	-2.80229	-0.00511909	0.581782	0	0.0216924	-0.00661997	0.036885	0	0.20469	0	0	0	0	0	0.98535	-0.0109848	0.0169363	0	0	0.0426511	0.0313018	0	0	0.0838978	-0.0119906	-0.831818
2013-11-08 00:00:00	-0.976815	-0.0469435	0.539122	0	-0.0707122	-0.00438637	0.0181722	0	0.13184	0	0	0	0	0	-0.00885367	-0.0109901	0.0169195	0	0	0.0403505	0.0298123	0	0	0.0843364	-0.0110436	-0.269191
2013-11-09 00:00:00	-3.36814	0.0225316	0.451042	0	0.140064	-0.00694773	0.0352128	0	0.179597	0	0	0	0	0	1.56754	-0.0109982	0.0169319	0	0	0.0400193	0.0294485	0	0	0.0845485	-0.0109591	-0.830108
2013-11-10 00:00:00	-0.2	-0.240647	0.444389	0	-0.124485	-0.00466785	0.0160103	0	0.133419	0	0	0	0	0	-0.269685	-0.011002	0.016914	0	0	0.0382565	0.0283413	0	0	0.0847806	-0.0111462	-0.0995234
2013-11-11 00:00:00	-2.86251	0.203308	0.605677	0	0.0972162	-0.00608121	0.0284457	0	0.137003	0	0	0	0	0	1.05929	-0.0110093	0.0168991	0	0	0.0362674	0.02723	0	0	0.0850425	-0.0107523	-0.593965
2013-11-12 00:00:00	-1.84596	-0.00662035	0.568932	0	0.0315221	-0.00559275	0.0264861	0	0.143843	0	0	0	0	0	0.491832	-0.0110215	0.0168903	0	0	0.0356421	0.0268098	0	0	0.0851967	-0.0112897	-0.453331
2013-11-13 00:00:00	-0.544771	-0.122363	0.548065	0	-0.0862076	-0.00415099	0.0144341	0	0.11023	0	0	0	0	0	-0.0928837	-0.011024	0.016864	0	0	0.0334779	0.0255519	0	0	0.0855246	-0.0105886	-0.0378421
2013-11-14 00:00:00	0	-0.446001	0.472546	0	0.0136851	-0.0022051	0.00756644	0	0.0476467	0	0	0	0	0	-0.362667	-0.0110208	0.0168445	0	0	0.0302986	0.023751	0	0	0.0857721	-0.00990738	-0.133691
2013-11-15 00:00:00	-0.626374	0.0910225	0.511841	0	-0.00899824	-0.00315182	0.0111025	0	0.0693553	0	0	0	0	0	-0.049157	-0.0110195	0.0168122	0	0	0.0285055	0.0227416	0	0	0.0858494	-0.00968285	0.128846
2013-11-16 00:00:00	-0.159199	-0.395558	0.57858	0	-0.0388708	-0.00252272	0.00909777	0	0.0561499	0	0	0	0	0	-0.100556	-0.0110129	0.0167846	0	0	0.026414	0.0215628	0	0	0.0859611	-0.00957877	0.0772519
2013-11-17 00:00:00	-3.12084	0.807338	0.412958	0	0.144418	-0.00412838	0.0227956	0	0.0877693	0	0	0	0	0	1.03754	-0.0110123	0.0167859	0	0	0.025569	0.0211466	0	0	0.0859314	-0.0100491	-0.483781
2013-11-18 00:00:00	-0.329209	-0.0867376	0.401177	0	-0.0988434	-0.00294996	0.0097189	0	0.0854982	0	0	0	0	0	-0.151642	-0.0110157	0.0167715	0	0	0.0252673	0.0209343	0	0	0.0858554	-0.0106327	-0.0458078
2013-11-19 00:00:00	-1.33077	0.0617093	0.334895	0	0.084036	-0.00407791	0.0194586	0	0.0903333	0	0	0	0	0	0.389434	-0.011012	0.016761	0	0	0.0249523	0.0207942	0	0	0.0860379	-0.00995587	-0.227406
2013-11-20 00:00:00	-7.71986	-0.0156373	0.421044	0	0.272409	-0.0155408	0.0876572	0	0.399517	0	0	0	0	0	4.42967	-0.0110313	0.0168157	0	0	0.0333323	0.0250606	0	0	0.0858211	-0.0128151	-2.00355
2013-11-21 00:00:00	-0.243754	-0.108175	0.332797	0	-0.192762	-0.00726758	0.025672	0	0.213135	0	0	0	0	0	-0.396219	-0.0110513	0.0168364	0	0	0.0388942	0.0277668	0	0	0.0866694	-0.0129931	-0.230451
2013-11-22 00:00:00	-0.0408013	-0.206039	0.255159	0	5.72566E-05	-0.0041093	0.0144304	0	0.100013	0	0	0	0	0	-0.24328	-0.0110541	0.0168117	0	0	0.0354342	0.0259226	0	0	0.0878187	-0.010788	0.0195752
2013-11-23 00:00:00	0	-0.292264	0.314361	0	-0.0507341	-0.00358581	0.0126285	0	0.0828962	0	0	0	0	0	-0.15819	-0.011051	0.0167835	0	0	0.032404	0.0242958	0	0	0.0882655	-0.0103312	0.0454783
2013-11-24 00:00:00	0	-0.277547	0.298556	0	0.00086296	-0.00281476	0.0100436	0	0.0660215	0	0	0	0	0	-0.184691	-0.0110465	0.0167603	0	0	0.0297555	0.0228741	0	0	0.0884252	-0.00998141	0.0472178
2013-11-25 00:00:00	-0.159199	-0.123003	0.293125	0	-0.0357533	-0.00261109	0.00933317	0	0.0608367	0	0	0	0	0	-0.102364	-0.0110371	0.0167343	0	0	0.0275605	0.0217076	0	0	0.0885029	-0.00979211	0.0740412
2013-11-26 00:00:00	-2.02458	0.912254	0.412912	0	0.081427	-0.00313918	0.0133684	0	0.0685126	0	0	0	0	0	0.30924	-0.0110318	0.0166912	0	0	0.0260527	0.0209444	0	0	0.088568	-0.00971332	-0.0984889
2013-11-27 00:00:00	-0.0854547	-0.297325	0.389457	0	-0.0488658	-0.0028305	0.0103097	0	0.0775562	0	0	0	0	0	-0.14602	-0.0110298	0.016645	0	0	0.025227	0.0205422	0	0	0.0885718	-0.00994556	0.0268379
2013-11-28 00:00:00	0	-0.340796	0.366174	0	-0.0352599	-0.0020557	0.00753922	0	0.049999	0	0	0	0	0	-0.109173	-0.0110195	0.0165932	0	0	0.023766	0.0197626	0	0	0.088683	-0.00961011	0.0646027
2013-11-29 00:00:00	-3.4511	0.584429	0.382506	0	0.194218	-0.00493503	0.0315928	0	0.119756	0	0	0	0	0	1.44225	-0.0110233	0.016591	0	0	0.0238516	0.0198205	0	0	0.0886198	-0.0105286	-0.573955
2013-11-30 00:00:00	-0.159199	-0.153256	0.317639	0	-0.125893	-0.00333008	0.0113627	0	0.107608	0	0	0	0	0	-0.150239	-0.0110354	0.016572	0	0	0.0243739	0.0200447	0	0	0.0886317	-0.0113848	-0.0281053
2013-12-01 00:00:00	0	-0.315592	0.337131	0	0.0224518	-0.00232421	0.00878535	0	0.0543466	0	0	0	0	0	-0.268466	-0.0110313	0.0165379	0	0	0.0231337	0.0193927	0	0	0.0889185	-0.00993109	-0.0366458
2013-12-02 00:00:00	-0.326256	0.00541776	0.320076	0	-0.0437504	-0.0025555	0.00914219	0	0.0643073	0	0	0	0	0	-0.0615059	-0.0110236	0.0165049	0	0	0.0220461	0.0188215	0	0	0.0889791	-0.00967139	0.0905328
2013-12-03 00:00:00	-3.92991	0.399172	0.388882	0	0.214004	-0.007995	0.0431274	0	0.191086	0	0	0	0	0	1.87966	-0.011028	0.0165169	0	0	0.0245916	0.0202497	0	0	0.0888036	-0.0109075	-0.693748
2013-12-04 00:00:00	-0.529209	-0.0173052	0.324033	0	-0.114401	-0.00528349	0.0187127	0	0.150105	0	0	0	0	0	0.00790143	-0.0110391	0.0165131	0	0	0.0273247	0.0216599	0	0	0.0888407	-0.0119135	-0.0340611
2013-12-05 00:00:00	-18.5838	-0.0125805	0.294738	0	0.845537	-0.0431749	0.238137	0	1.30828	0	0	0	0	0	10.9548	-0.0111133	0.0166787	0	0	0.0556522	0.0338875	0	0	0.0883158	-0.0200091	-4.83469
2013-12-06 00:00:00	0	-0.246307	0.254165	0	-0.462481	-0.0165871	0.0579869	0	0.56591	0	0	0	0	0	-0.862695	-0.0111787	0.0167835	0	0	0.0784674	0.0425087	0	0	0.0915546	-0.0203326	-0.512204
2013-12-07 00:00:00	-3.81151	0.210589	0.307561	0	0.0819393	-0.0162879	0.0795395	0	0.465858	0	0	0	0	0	1.47223	-0.0111949	0.0168054	0	0	0.0733909	0.0405346	0	0	0.094097	-0.0168327	-1.01328
2013-12-08 00:00:00	-10.2521	-0.0186845	0.386245	0	0.452905	-0.0356573	0.189794	0	1.12107	0	0	0	0	0	5.32521	-0.0112356	0.0169039	0	0	0.0831523	0.0449962	0	0	0.0937364	-0.0238145	-2.62747
2013-12-09 00:00:00	-1.2158	-0.0162913	0.377046	0	-0.280934	-0.0180889	0.0727599	0	0.611257	0	0	0	0	0	-0.192598	-0.0112796	0.0169421	0	0	0.0854685	0.045627	0	0	0.0958855	-0.0229048	-0.452909
2013-12-10 00:00:00	0	-0.348724	0.365073	0	-0.109321	-0.00919732	0.0352909	0	0.279501	0	0	0	0	0	-0.492718	-0.0112929	0.0169262	0	0	0.0740773	0.0405197	0	0	0.0980607	-0.0175812	-0.0793847
2013-12-11 00:00:00	0	-0.337621	0.363941	0	0.0452265	-0.0066749	0.026266	0	0.165751	0	0	0	0	0	-0.419836	-0.011287	0.0169075	0	0	0.0641832	0.0360819	0	0	0.099089	-0.0147936	0.0272333
2013-12-12 00:00:00	-2.14315	0.635137	0.391591	0	0.027218	-0.00869505	0.0423733	0	0.257542	0	0	0	0	0	0.413825	-0.0112869	0.0169013	0	0	0.0587546	0.0338006	0	0	0.0993167	-0.0150659	-0.201733
2013-12-13 00:00:00	-1.74723	-0.0119646	0.376761	0	0.0647562	-0.00970994	0.0483919	0	0.289496	0	0	0	0	0	0.551686	-0.0112949	0.016901	0	0	0.0555689	0.0325303	0	0	0.0993035	-0.0166223	-0.261431
2013-12-14 00:00:00	-8.74195	-0.015953	0.357509	0	0.489592	-0.0320782	0.159437	0	0.997188	0	0	0	0	0	4.87185	-0.011318	0.0169591	0	0	0.0625749	0.0356714	0	0	0.0982999	-0.0232568	-1.73548
2013-12-15 00:00:00	-11.5242	-0.01926	0.344049	0	0.248534	-0.0482129	0.244048	0	1.78738	0	0	0	0	0	6.0577	-0.0113691	0.0170744	0	0	0.0809951	0.0434591	0	0	0.0985051	-0.0305962	-2.71192
2013-12-16 00:00:00	-5.91237	-0.0147651	0.267591	0	-0.0987852	-0.0372071	0.1684	0	1.38955	0	0	0	0	0	2.37352	-0.011409	0.0171743	0	0	0.0935751	0.0487906	0	0	0.102211	-0.0294468	-1.64318
2013-12-17 00:00:00	-0.114545	-0.178196	0.30036	0	-0.278989	-0.0161036	0.0621781	0	0.611875	0	0	0	0	0	-0.813102	-0.0114446	0.0172014	0	0	0.0882841	0.0464451	0	0	0.106572	-0.0231948	-0.20266
2013-12-18 00:00:00	-6.20867	0.145393	0.327905	0	0.372658	-0.0325391	0.151498	0	1.09962	0	0	0	0	0	2.76321	-0.0114692	0.0172504	0	0	0.0867032	0.046087	0	0	0.107988	-0.0243282	-1.15869
2013-12-19 00:00:00	-1.94902	-0.0161931	0.330646	0	-0.1465	-0.0199693	0.0873709	0	0.797255	0	0	0	0	0	0.279915	-0.0114828	0.0172804	0	0	0.0852406	0.0455175	0	0	0.109715	-0.0249247	-0.415153
2013-12-20 00:00:00	-12.2784	-0.0175738	0.331748	0	0.647688	-0.0573806	0.272892	0	2.19364	0	0	0	0	0	6.33135	-0.0115142	0.0173795	0	0	0.0953871	0.0498692	0	0	0.109683	-0.0326786	-2.34791
2013-12-21 00:00:00	-16.191	-0.0148221	0.281998	0	0.293778	-0.0915882	0.445639	0	3.85924	0	0	0	0	0	7.82892	-0.0115881	0.0176204	0	0	0.168768	0.07511	0	0	0.11075	-0.0412257	-3.26844
2013-12-22 00:00:00	-2.02459	-0.0137892	0.259651	0	-0.512925	-0.0396632	0.167244	0	1.77315	0	0	0	0	0	-0.417105	-0.0116232	0.0177302	0	0	0.208089	0.0857945	0	0	0.118204	-0.0335297	-0.423363
2013-12-23 00:00:00	-15.6347	-0.0158746	0.283783	0	0.781662	-0.0886188	0.429357	0	3.87068	0	0	0	0	0	7.09304	-0.0116617	0.0178811	0	0	0.222331	0.0908916	0	0	0.119281	-0.0398369	-2.8818
2013-12-24 00:00:00	-4.6589	-0.0153267	0.276445	0	-0.417258	-0.056296	0.242377	0	2.59843	0	0	0	0	0	0.807855	-0.0116958	0.0180037	0	0	0.236356	0.0962841	0	0	0.124563	-0.0374895	-0.796649
2013-12-25 00:00:00	-1.77951	-0.0185832	0.286273	0	-0.225754	-0.030415	0.123621	0	1.33784	0	0	0	0	0	-0.421494	-0.0117214	0.0180289	0	0	0.207189	0.0855561	0	0	0.129099	-0.0313435	-0.331216
2013-12-26 00:00:00	-1.10463	-0.0138559	0.268824	0	-0.0764001	-0.023185	0.095391	0	0.938697	0	0	0	0	0	-0.499521	-0.0117259	0.0180327	0	0	0.179433	0.0751562	0	0	0.131344	-0.0275911	-0.0500335
2013-12-27 00:00:00	-32.5738	-0.00976734	0.302685	0	1.94738	-0.200677	0.919794	0	8.72559	0	0	0	0	0	15.5158	-0.0117782	0.0183087	0	0	0.248477	0.101789	0	0	0.12193	-0.0551169	-4.9494
2013-12-28 00:00:00	-5.33912	-0.0175132	0.237611	0	-1.09721	-0.0820548	0.345687	0	4.1542	0	0	0	0	0	0.114434	-0.0118742	0.018504	0	0	0.332027	0.132314	0	0	0.129997	-0.0488439	-1.13184
2013-12-29 00:00:00	-0.892923	-0.0145346	0.295276	0	-0.296669	-0.039942	0.149465	0	1.78447	0	0	0	0	0	-1.49385	-0.0119292	0.0185238	0	0	0.284873	0.114066	0	0	0.137726	-0.0360824	-0.00153008
2013-12-30 00:00:00	-22.5315	-0.0126253	0.305393	0	1.52924	-0.158838	0.752236	0	7.412	0	0	0	0	0	9.45909	-0.0120168	0.0187207	0	0	0.298957	0.118176	0	0	0.13087	-0.0554934	-2.74577
2013-12-31 00:00:00	-0.655465	-0.0154464	0.304913	0	-1.0222	-0.0504472	0.184406	0	2.63982	0	0	0	0	0	-1.962	-0.012108	0.0188302	0	0	0.294195	0.114415	0	0	0.139727	-0.0424792	-0.0638371
2014-01-01 00:00:00	-11.4735	-0.01525	0.306757	0	0.678541	-0.101773	0.457083	0	4.37695	0	0	0	0	0	3.87127	-0.0121647	0.0189253	0	0	0.285941	0.111329	0	0	0.140223	-0.0449141	-1.4006
2014-01-02 00:00:00	-4.54801	-0.0216826	0.268946	0	-0.689608	-0.0657922	0.257396	0	3.00885	0	0	0	0	0	0.444503	-0.0121912	0.0190378	0	0	0.279428	0.108662	0	0	0.143601	-0.0413479	-0.848217
2014-01-03 00:00:00	-6.20682	-0.0128686	0.314836	0	0.154293	-0.0760138	0.30378	0	3.22819	0	0	0	0	0	1.40566	-0.0122223	0.019108	0	0	0.261843	0.102159	0	0	0.144902	-0.0420943	-0.415247
2014-01-04 00:00:00	-2.05873	-0.0153737	0.291598	0	-0.342609	-0.0389369	0.176076	0	1.93382	0	0	0	0	0	-0.42912	-0.0122728	0.0191264	0	0	0.232943	0.0914359	0	0	0.148492	-0.0371316	-0.0406835
2014-01-05 00:00:00	-3.56798	-0.0191635	0.281848	0	0.0107272	-0.0404676	0.176902	0	1.7933	0	0	0	0	0	0.538032	-0.0122985	0.0191569	0	0	0.209366	0.0831974	0	0	0.150887	-0.0349088	-0.411403
2014-01-06 00:00:00	-7.59683	-0.0105726	0.297051	0	0.447155	-0.0714977	0.31906	0	3.09618	0	0	0	0	0	2.4637	-0.0123401	0.0192273	0	0	0.204422	0.0816214	0	0	0.149849	-0.0405307	-0.653501
2014-01-07 00:00:00	-3.78404	-0.0129833	0.298887	0	-0.144361	-0.0527147	0.209556	0	2.34351	0	0	0	0	0	0.613801	-0.0123999	0.0192875	0	0	0.197146	0.0786728	0	0	0.152924	-0.0381599	-0.130871
2014-01-08 00:00:00	-2.81279	-0.0152012	0.307267	0	-0.144749	-0.0376	0.169965	0	1.71432	0	0	0	0	0	0.298775	-0.0124196	0.0193461	0	0	0.179764	0.0729757	0	0	0.156006	-0.0342794	-0.138622
2014-01-09 00:00:00	-0.2	-0.110825	0.309441	0	-0.480831	-0.0186088	0.0719676	0	0.883408	0	0	0	0	0	-0.69629	-0.0124368	0.0193402	0	0	0.15794	0.0652644	0	0	0.159257	-0.0284891	0.119138
2014-01-10 00:00:00	-5.05115	0.0818615	0.304631	0	0.607253	-0.0406257	0.192952	0	1.63079	0	0	0	0	0	1.52523	-0.0124616	0.0193635	0	0	0.149061	0.0624493	0	0	0.158774	-0.0316439	-0.403514
2014-01-11 00:00:00	-0.488407	-0.0326859	0.281414	0	-0.577134	-0.019782	0.076684	0	0.970398	0	0	0	0	0	-0.437808	-0.0124806	0.0193572	0	0	0.135675	0.0577926	0	0	0.160354	-0.0287573	0.104621
2014-01-12 00:00:00	-0.240801	-0.0512492	0.274924	0	-0.160354	-0.0108911	0.0416087	0	0.445814	0	0	0	0	0	-0.423566	-0.0124834	0.0193536	0	0	0.117595	0.0515549	0	0	0.162799	-0.022851	0.191454
2014-01-13 00:00:00	-1.76164	0.0394964	0.324518	0	0.153485	-0.0147389	0.0713872	0	0.539998	0	0	0	0	0	0.331078	-0.0124839	0.0193724	0	0	0.102183	0.0465907	0	0	0.162886	-0.0230593	-0.0209302
2014-01-14 00:00:00	-1.76164	-0.0139609	0.283066	0	0.0677514	-0.0158034	0.0763612	0	0.692869	0	0	0	0	0	0.36956	-0.0124861	0.0193734	0	0	0.0919268	0.0433138	0	0	0.162293	-0.0250894	-0.0224667
2014-01-15 00:00:00	-10.9737	-0.0186497	0.363814	0	0.969742	-0.0819602	0.347725	0	3.40977	0	0	0	0	0	4.4985	-0.0125258	0.0194755	0	0	0.107828	0.0491007	0	0	0.156775	-0.0391766	-1.20331
2014-01-16 00:00:00	-0.329209	-0.0547628	0.348228	0	-0.982181	-0.0271509	0.0949934	0	1.47721	0	0	0	0	0	-0.711	-0.0125514	0.0195059	0	0	0.114276	0.0509145	0	0	0.16097	-0.0329814	0.11626
2014-01-17 00:00:00	-0.855619	0.025682	0.354975	0	0.0303431	-0.0146679	0.0688166	0	0.613416	0	0	0	0	0	-0.270197	-0.0125702	0.0194873	0	0	0.0993441	0.0456133	0	0	0.165073	-0.0247664	0.244929
2014-01-18 00:00:00	-2.76642	-0.0169821	0.372685	0	0.190895	-0.0237659	0.106399	0	0.919869	0	0	0	0	0	0.726677	-0.0125872	0.0194955	0	0	0.0922678	0.0432729	0	0	0.16481	-0.0263612	-0.209747
2014-01-19 00:00:00	-3.62728	-0.019912	0.367997	0	0.0961535	-0.0319871	0.140476	0	1.4043	0	0	0	0	0	1.10902	-0.0126083	0.019514	0	0	0.0928633	0.0434537	0	0	0.163428	-0.0303809	-0.284966
2014-01-20 00:00:00	-0.159199	-0.202461	0.371715	0	-0.45545	-0.0154015	0.0583793	0	0.730534	0	0	0	0	0	-0.384202	-0.0126138	0.0195243	0	0	0.0857094	0.040913	0	0	0.165263	-0.0260491	0.216662
2014-01-21 00:00:00	-1.6776	0.181226	0.304185	0	0.10531	-0.0153932	0.058451	0	0.527732	0	0	0	0	0	0.280182	-0.0126182	0.0195213	0	0	0.0773782	0.0381063	0	0	0.166826	-0.0221721	0.0311381
2014-01-22 00:00:00	-2.34636	-0.0103263	0.382394	0	0.106272	-0.0223746	0.0937003	0	0.810098	0	0	0	0	0	0.62021	-0.0126275	0.0195341	0	0	0.0755302	0.0376967	0	0	0.166144	-0.0241388	-0.104249
2014-01-23 00:00:00	-3.68482	-0.0125657	0.354595	0	0.250026	-0.0321484	0.134873	0	1.23005	0	0	0	0	0	1.23991	-0.0126485	0.0195887	0	0	0.0795296	0.0391862	0	0	0.165006	-0.0274935	-0.256914
2014-01-24 00:00:00	-6.22874	-0.0122854	0.35758	0	0.308336	-0.0576989	0.229159	0	2.26369	0	0	0	0	0	2.30894	-0.0126661	0.019657	0	0	0.0947543	0.0442961	0	0	0.162737	-0.033795	-0.556032
2014-01-25 00:00:00	-17.1451	-0.00866143	0.418528	0	1.02976	-0.157579	0.608884	0	6.56508	0	0	0	0	0	6.77727	-0.0127848	0.0198227	0	0	0.142184	0.0603139	0	0	0.15586	-0.0510544	-1.59752
2014-01-26 00:00:00	-3.60722	-0.0183151	0.384431	0	-1.00696	-0.0703282	0.254271	0	3.3711	0	0	0	0	0	0.108986	-0.0128565	0.0199625	0	0	0.171386	0.0693879	0	0	0.163876	-0.0434679	-0.215754
2014-01-27 00:00:00	-1.48841	-0.00535384	0.412774	0	-0.18798	-0.0374692	0.132257	0	1.5603	0	0	0	0	0	-0.419081	-0.0129017	0.0199919	0	0	0.154377	0.0634503	0	0	0.171073	-0.0331914	0.329845
2014-01-28 00:00:00	-2.04725	-0.0120826	0.408663	0	-0.0376086	-0.0279525	0.125286	0	1.27376	0	0	0	0	0	0.00239235	-0.0129046	0.0199953	0	0	0.136669	0.0572692	0	0	0.172961	-0.0316773	0.027518
2014-01-29 00:00:00	-4.16642	-0.00641882	0.431734	0	0.319715	-0.0439676	0.178495	0	1.80693	0	0	0	0	0	1.00878	-0.0129231	0.0200428	0	0	0.130401	0.0552127	0	0	0.172788	-0.0341232	-0.139756
2014-01-30 00:00:00	0	-0.28385	0.298562	0	-0.467186	-0.0150302	0.0513645	0	0.786869	0	0	0	0	0	-0.548217	-0.0129349	0.0200308	0	0	0.113153	0.0492316	0	0	0.175983	-0.0280699	0.139906
2014-01-31 00:00:00	-1.94324	0.25923	0.384727	0	-0.12317	-0.0244929	0.0903854	0	0.845887	0	0	0	0	0	0.246621	-0.0129395	0.0200423	0	0	0.108084	0.0477056	0	0	0.177277	-0.0251484	0.050974
2014-02-01 00:00:00	-16.1044	-0.0100547	0.45066	0	1.54182	-0.142162	0.551527	0	5.48994	0	0	0	0	0	6.33914	-0.0129782	0.0202039	0	0	0.146821	0.0615289	0	0	0.169204	-0.0438059	-1.5425
2014-02-02 00:00:00	-1.26227	-0.00845814	0.476955	0	-1.00003	-0.0500095	0.165488	0	2.44842	0	0	0	0	0	-0.873072	-0.0130146	0.0203084	0	0	0.169949	0.0694983	0	0	0.174462	-0.0382105	0.280016
2014-02-03 00:00:00	0	-0.456163	0.486703	0	-0.446663	-0.0208809	0.0716427	0	0.871139	0	0	0	0	0	-0.660592	-0.0130068	0.0203191	0	0	0.144728	0.0605963	0	0	0.180229	-0.0274141	0.210637
2014-02-04 00:00:00	-1.62211	0.427797	0.458481	0	-0.104554	-0.0167788	0.0584272	0	0.613829	0	0	0	0	0	-0.0967042	-0.0130068	0.0203139	0	0	0.124573	0.0534872	0	0	0.181638	-0.0238613	0.0615272
2014-02-05 00:00:00	-18.3184	-0.00506153	0.486668	0	1.99939	-0.154231	0.643396	0	6.2678	0	0	0	0	0	7.21533	-0.0130985	0.020498	0	0	0.176569	0.0711998	0	0	0.172548	-0.0434606	-1.48083
2014-02-06 00:00:00	-0.414663	-0.106988	0.490169	0	-1.74696	-0.042469	0.153582	0	2.47771	0	0	0	0	0	-1.29309	-0.0131709	0.0205925	0	0	0.201801	0.0792537	0	0	0.178387	-0.0372225	-0.0530705
2014-02-07 00:00:00	-0.284555	-0.147471	0.446737	0	-0.14824	-0.0235371	0.0884386	0	0.936642	0	0	0	0	0	-0.779512	-0.0131821	0.0205807	0	0	0.172879	0.0693531	0	0	0.183888	-0.0266961	0.495326
2014-02-08 00:00:00	-19.1695	0.220636	0.515603	0	2.01314	-0.176174	0.678225	0	6.82142	0	0	0	0	0	7.14805	-0.0132438	0.0207914	0	0	0.219959	0.0866866	0	0	0.174971	-0.0458332	-1.5053
2014-02-09 00:00:00	-4.6673	-0.0131314	0.527818	0	-1.08274	-0.0947822	0.337353	0	4.08768	0	0	0	0	0	0.281646	-0.0133275	0.0209772	0	0	0.275013	0.106414	0	0	0.179269	-0.0423837	-0.0974966
2014-02-10 00:00:00	-0.519297	-0.0860502	0.531288	0	-0.478272	-0.0283685	0.0958648	0	1.23344	0	0	0	0	0	-0.976886	-0.0133511	0.0209922	0	0	0.236338	0.0932147	0	0	0.186167	-0.0307584	0.264319
2014-02-11 00:00:00	-1.5572	0.0143666	0.5129	0	-0.292772	-0.0331841	0.124835	0	1.1921	0	0	0	0	0	-0.202652	-0.0133589	0.0210067	0	0	0.21364	0.0856402	0	0	0.187753	-0.0268175	0.226256
2014-02-12 00:00:00	-13.0208	0.0405552	0.524168	0	1.29045	-0.127716	0.513929	0	4.90117	0	0	0	0	0	4.4416	-0.0134096	0.0211549	0	0	0.23969	0.0951484	0	0	0.182096	-0.039457	-0.951408
2014-02-13 00:00:00	-7.83124	-0.0121181	0.543755	0	-0.431587	-0.111331	0.417643	0	4.49864	0	0	0	0	0	1.88191	-0.0134931	0.0213854	0	0	0.293749	0.115149	0	0	0.184654	-0.0376945	-0.480579
2014-02-14 00:00:00	-13.0179	-0.00888192	0.572921	0	1.01082	-0.144404	0.55692	0	5.92301	0	0	0	0	0	3.85656	-0.0135697	0.0216796	0	0	0.35614	0.137873	0	0	0.183428	-0.0430511	-0.608474
2014-02-15 00:00:00	-6.62017	-0.018676	0.602082	0	-0.915173	-0.109182	0.404029	0	4.72486	0	0	0	0	0	0.859714	-0.0136546	0.0219479	0	0	0.383724	0.146829	0	0	0.186018	-0.0429145	-0.390561
2014-02-16 00:00:00	0	-0.526656	0.566308	0	-0.637191	-0.0381624	0.137991	0	1.76368	0	0	0	0	0	-1.22634	-0.0136862	0.0220056	0	0	0.336753	0.129704	0	0	0.192281	-0.0333708	0.673318
2014-02-17 00:00:00	-2.13709	0.499261	0.658869	0	-0.214105	-0.0267076	0.106676	0	1.03864	0	0	0	0	0	-0.305567	-0.0136967	0.0220287	0	0	0.282641	0.110381	0	0	0.194956	-0.0281465	0.188143
2014-02-18 00:00:00	-2.32514	0.00245916	0.676917	0	0.11131	-0.0317677	0.131204	0	1.17837	0	0	0	0	0	0.0316204	-0.0137149	0.0220746	0	0	0.253044	0.100096	0	0	0.194625	-0.0286328	0.302462
2014-02-19 00:00:00	-4.43313	-0.0110422	0.710416	0	0.355479	-0.0463542	0.202705	0	1.74575	0	0	0	0	0	0.902471	-0.0137428	0.0221226	0	0	0.231556	0.0928293	0	0	0.19338	-0.0320013	-0.0795602
2014-02-20 00:00:00	-4.17301	-0.0460907	0.723662	0	0.027566	-0.0409655	0.211256	0	1.83145	0	0	0	0	0	0.86535	-0.0138256	0.0222843	0	0	0.222063	0.0899141	0	0	0.193432	-0.0320274	-0.118941
2014-02-21 00:00:00	-1.58782	0.0221993	0.693708	0	-0.495367	-0.0229911	0.113159	0	1.22908	0	0	0	0	0	-0.192795	-0.0138475	0.0223746	0	0	0.200447	0.0821507	0	0	0.195572	-0.028268	0.217597
2014-02-22 00:00:00	-2.12561	-0.00333712	0.778531	0	-0.0310376	-0.0208316	0.0884973	0	0.898595	0	0	0	0	0	0.106073	-0.0138707	0.0224105	0	0	0.179462	0.0744773	0	0	0.196672	-0.025663	0.124368
2014-02-23 00:00:00	-7.46492	-0.0205214	0.865596	0	0.671438	-0.0614066	0.27349	0	2.55042	0	0	0	0	0	2.20184	-0.0139378	0.0225188	0	0	0.180247	0.0747404	0	0	0.193445	-0.0333757	-0.56043
2014-02-24 00:00:00	-14.4178	-0.00562989	0.742207	0	0.715749	-0.142637	0.591167	0	6.14396	0	0	0	0	0	4.66548	-0.0140217	0.0228118	0	0	0.236687	0.0974583	0	0	0.186577	-0.0478513	-1.22585
2014-02-25 00:00:00	-2.91091	-0.00616429	0.800157	0	-0.853377	-0.0654479	0.254675	0	3.34758	0	0	0	0	0	-0.508945	-0.0140937	0.0230052	0	0	0.247048	0.101724	0	0	0.191813	-0.0427036	0.564361
2014-02-26 00:00:00	-3.06176	-0.00511935	0.813893	0	-0.0667376	-0.0420606	0.170664	0	1.92723	0	0	0	0	0	-0.00113776	-0.0141139	0.0231288	0	0	0.218048	0.0903706	0	0	0.196545	-0.0362916	0.212658
2014-02-27 00:00:00	-1.98241	0.0113616	0.756371	0	-0.0860035	-0.0298118	0.116679	0	1.36343	0	0	0	0	0	-0.213617	-0.0141123	0.0231817	0	0	0.190582	0.0798426	0	0	0.198667	-0.0330348	0.38113
2014-02-28 00:00:00	-0.777909	-0.100148	0.663925	0	-0.439768	-0.0173393	0.0631078	0	0.764843	0	0	0	0	0	-0.371262	-0.0141097	0.0232133	0	0	0.160703	0.0688212	0	0	0.201061	-0.0282747	0.196864
2014-03-01 00:00:00	-2.57926	0.0817098	0.714988	0	0.194988	-0.0225769	0.0916428	0	0.898001	0	0	0	0	0	0.332379	-0.0141107	0.0232304	0	0	0.143261	0.062308	0	0	0.200781	-0.0282644	0.0990799
2014-03-02 00:00:00	-5.06245	-0.0168303	0.806303	0	0.460079	-0.0421671	0.177248	0	1.84139	0	0	0	0	0	1.24038	-0.0141214	0.0233308	0	0	0.137451	0.0598609	0	0	0.198121	-0.0342298	-0.225629
2014-03-03 00:00:00	-0.414663	-0.333789	0.775705	0	-0.733546	-0.0193897	0.0698847	0	1.04382	0	0	0	0	0	-0.47268	-0.014128	0.0233369	0	0	0.126426	0.0557963	0	0	0.200241	-0.0302275	0.276786
2014-03-04 00:00:00	-0.244653	-0.518586	0.816246	0	-0.203992	-0.00660524	0.0241388	0	0.282311	0	0	0	0	0	-0.222447	-0.0141264	0.0233688	0	0	0.101552	0.0471292	0	0	0.203586	-0.0221085	0.265813
2014-03-05 00:00:00	-0.0446534	-0.38274	0.923738	0	-0.550377	-0.00805696	0.0286952	0	0.260656	0	0	0	0	0	-0.144553	-0.0141287	0.0234066	0	0	0.0905833	0.0438558	0	0	0.203149	-0.0202323	0.409343
2014-03-06 00:00:00	-2.86381	1.1117	1.07539	0	0.143475	-0.0075015	0.0236741	0	0.205624	0	0	0	0	0	0.217508	-0.0141276	0.023413	0	0	0.0764546	0.0395696	0	0	0.202449	-0.019231	0.214582
2014-03-07 00:00:00	-8.22253	0.0910579	0.906062	0	1.4374	-0.048906	0.225696	0	2.09267	0	0	0	0	0	2.53101	-0.0141418	0.0234878	0	0	0.0849729	0.0408968	0	0	0.196506	-0.0329195	-0.68874
2014-03-08 00:00:00	-0.2	-0.720298	0.984185	0	-0.830489	-0.0202249	0.0741966	0	1.1607	0	0	0	0	0	-0.492297	-0.0141625	0.0235659	0	0	0.0895325	0.0421395	0	0	0.19829	-0.0308973	0.264245
2014-03-09 00:00:00	-5.11971	0.706916	1.05722	0	0.57343	-0.0315914	0.137136	0	1.30522	0	0	0	0	0	0.986702	-0.014173	0.0235713	0	0	0.0834217	0.0400582	0	0	0.198806	-0.0302775	-0.0832683
2014-03-10 00:00:00	-1.63924	-0.00116064	0.937534	0	-0.35389	-0.0203282	0.0770544	0	1.02215	0	0	0	0	0	-0.0821754	-0.0141738	0.0235881	0	0	0.0805232	0.0390558	0	0	0.198987	-0.0299112	0.238016
2014-03-11 00:00:00	-0.244653	-0.836228	1.15571	0	-0.486673	-0.0097478	0.035821	0	0.451363	0	0	0	0	0	-0.175115	-0.014176	0.0236282	0	0	0.0703745	0.0361034	0	0	0.20171	-0.0233882	0.184733
2014-03-12 00:00:00	-0.0446534	-0.49288	1.46893	0	-0.693752	-0.00361439	0.0106584	0	0.141042	0	0	0	0	0	-0.280536	-0.0141716	0.023664	0	0	0.057426	0.0329904	0	0	0.202663	-0.0190793	0.388683
2014-03-13 00:00:00	-0.159199	-0.200291	1.03462	0	-0.50387	-0.00312865	0.00615735	0	0.0694018	0	0	0	0	0	-0.150962	-0.0141658	0.0236416	0	0	0.0458978	0.0302616	0	0	0.202224	-0.0169257	0.363666
2014-03-14 00:00:00	-0.159199	-0.20491	1.12359	0	-0.333355	-0.00345049	0.00899324	0	0.0583458	0	0	0	0	0	-0.077541	-0.0141615	0.0236217	0	0	0.0383298	0.0278657	0	0	0.200245	-0.0159629	0.672409
2014-03-15 00:00:00	-0.329209	-0.151425	1.10895	0	-0.256486	-0.00322885	0.00805919	0	0.0639802	0	0	0	0	0	-0.0571399	-0.0141551	0.0235935	0	0	0.0323715	0.0256642	0	0	0.198462	-0.0155532	0.633884
2014-03-16 00:00:00	-0.443754	-0.139435	1.18088	0	-0.193144	-0.00195926	0.0049258	0	0.0353492	0	0	0	0	0	-0.0135102	-0.0141753	0.0235504	0	0	0.0270603	0.0236748	0	0	0.197234	-0.0149287	0.671768
2014-03-17 00:00:00	-0.614663	-0.0917547	1.12831	0	-0.108718	-0.00221312	0.00602455	0	0.0399522	0	0	0	0	0	0.0353441	-0.0141716	0.0235186	0	0	0.0243091	0.0225129	0	0	0.195656	-0.0145053	0.629598
2014-03-18 00:00:00	-3.15511	1.11792	1.23351	0	0.328587	-0.004526	0.0144075	0	0.0830433	0	0	0	0	0	0.388122	-0.0141679	0.023497	0	0	0.0232751	0.0220262	0	0	0.194035	-0.0147162	0.239903
2014-03-19 00:00:00	-0.130108	-0.984492	1.36474	0	-0.0575984	-0.00328301	0.0115128	0	0.081099	0	0	0	0	0	0.0414231	-0.0141612	0.0234682	0	0	0.0231894	0.021768	0	0	0.192665	-0.0149718	0.555249
2014-03-20 00:00:00	-13.013	1.92398	1.22075	0	2.67568	-0.034632	0.182909	0	1.42701	0	0	0	0	0	3.59766	-0.0141793	0.0235	0	0	0.035519	0.0246799	0	0	0.18876	-0.0248524	-1.78626
2014-03-21 00:00:00	-5.80247	-0.0108932	1.13835	0	0.0754753	-0.0485308	0.213624	0	2.58967	0	0	0	0	0	1.10439	-0.0142029	0.023564	0	0	0.0619332	0.0330559	0	0	0.185219	-0.0372375	-0.488049
2014-03-22 00:00:00	-1.63926	-0.235958	1.05408	0	-0.373926	-0.020976	0.0807788	0	1.18293	0	0	0	0	0	-0.213039	-0.014209	0.0236083	0	0	0.0674585	0.0347102	0	0	0.190364	-0.0286023	0.107959
2014-03-23 00:00:00	-0.130108	-0.778726	1.04089	0	-0.579238	-0.0126844	0.0495753	0	0.611803	0	0	0	0	0	-0.282202	-0.0142087	0.0235863	0	0	0.0620094	0.0331634	0	0	0.193261	-0.0223254	0.194792
2014-03-24 00:00:00	-0.0446534	-0.330844	1.38124	0	-0.722039	-0.0034442	0.00989568	0	0.158628	0	0	0	0	0	-0.411241	-0.0142157	0.0235578	0	0	0.051553	0.0307466	0	0	0.19449	-0.0183295	0.30534
2014-03-25 00:00:00	-0.243754	-0.238016	1.26742	0	-0.466587	-0.00396139	0.00930705	0	0.0817073	0	0	0	0	0	-0.150195	-0.0142071	0.0235671	0	0	0.0445687	0.0290106	0	0	0.194047	-0.0162813	0.516629
2014-03-26 00:00:00	-1.49742	0.36893	1.13377	0	0.076748	-0.00576252	0.0180673	0	0.118773	0	0	0	0	0	0.0340349	-0.0142002	0.0235445	0	0	0.0393816	0.0273349	0	0	0.192746	-0.0158804	0.500065
2014-03-27 00:00:00	-2.94927	0.681837	1.26287	0	0.316375	-0.0063439	0.0226155	0	0.177497	0	0	0	0	0	0.375659	-0.0141982	0.0235205	0	0	0.0378335	0.0263388	0	0	0.191585	-0.0160657	0.130252
2014-03-28 00:00:00	-1.17364	-0.275321	1.26575	0	-0.102739	-0.00659706	0.0282097	0	0.214351	0	0	0	0	0	0.13842	-0.0142033	0.0235275	0	0	0.0382314	0.0256556	0	0	0.190778	-0.0162231	0.336194
2014-03-29 00:00:00	-3.51138	0.578129	1.37734	0	0.38977	-0.0111402	0.0533962	0	0.34303	0	0	0	0	0	0.589839	-0.0142002	0.0235188	0	0	0.0393977	0.0256102	0	0	0.189137	-0.0177897	0.0546551
2014-03-30 00:00:00	-0.0446534	-1.04529	1.39573	0	-0.343421	-0.00454353	0.0218486	0	0.236358	0	0	0	0	0	-0.10675	-0.0141918	0.023493	0	0	0.0387244	0.0255933	0	0	0.188345	-0.0181156	0.353122
2014-03-31 00:00:00	-0.104633	-0.299459	1.31225	0	-0.490658	-0.00174314	0.00528512	0	0.0559459	0	0	0	0	0	-0.146749	-0.0141715	0.0234457	0	0	0.0323412	0.0244551	0	0	0.188432	-0.0151343	0.569606
2014-04-01 00:00:00	-15.8499	1.5706	1.29101	0	2.88048	-0.0677747	0.373452	0	2.85332	0	0	0	0	0	4.83935	-0.0142054	0.0235245	0	0	0.0541004	0.0309025	0	0	0.180062	-0.0317837	-1.86687
2014-04-02 00:00:00	0	-1.06224	1.41722	0	-1.36193	-0.0269776	0.106743	0	1.66921	0	0	0	0	0	-0.937851	-0.0142243	0.0235768	0	0	0.0767882	0.0383744	0	0	0.182344	-0.0334175	0.0776081
2014-04-03 00:00:00	-1.72155	0.21008	1.51475	0	-0.205072	-0.0116541	0.0447979	0	0.457816	0	0	0	0	0	-0.291658	-0.0142182	0.0235474	0	0	0.0668269	0.0355851	0	0	0.188224	-0.022664	0.274815
2014-04-04 00:00:00	-4.86628	0.835065	1.56502	0	0.514515	-0.021403	0.104751	0	0.843953	0	0	0	0	0	0.722421	-0.0142148	0.0235359	0	0	0.0637802	0.0341155	0	0	0.187202	-0.0246958	-0.0322335
2014-04-05 00:00:00	-1.10078	-0.491855	1.6342	0	-0.477278	-0.0124319	0.054088	0	0.656793	0	0	0	0	0	-0.277226	-0.0142167	0.0235244	0	0	0.0623894	0.0334975	0	0	0.187577	-0.0243939	0.253891
2014-04-06 00:00:00	-0.4	-0.735096	1.75722	0	-0.518732	-0.00368577	0.0146867	0	0.181252	0	0	0	0	0	-0.279206	-0.0142031	0.0234828	0	0	0.0520131	0.0306786	0	0	0.189836	-0.0189656	0.279284
2014-04-07 00:00:00	-5.70377	1.24057	1.42855	0	0.913461	-0.0189098	0.0880692	0	0.539817	0	0	0	0	0	1.18872	-0.0142085	0.0234758	0	0	0.0541829	0.0310041	0	0	0.188597	-0.0198955	-0.0603431
2014-04-08 00:00:00	-1.22233	-0.351174	1.59307	0	-0.522141	-0.0118883	0.0504931	0	0.615597	0	0	0	0	0	-0.191191	-0.0142065	0.0234664	0	0	0.056463	0.0315996	0	0	0.187186	-0.0228555	0.222093
2014-04-09 00:00:00	-5.24223	0.355669	1.79922	0	0.613182	-0.0261065	0.109319	0	0.932877	0	0	0	0	0	1.10192	-0.0141972	0.0234757	0	0	0.0576269	0.0318487	0	0	0.186539	-0.0240499	-0.0949094
2014-04-10 00:00:00	-0.619179	-0.913157	1.64073	0	-0.61336	-0.0112946	0.0416593	0	0.590327	0	0	0	0	0	-0.199682	-0.0141935	0.0234596	0	0	0.0576072	0.031879	0	0	0.186526	-0.0236599	0.177658
2014-04-11 00:00:00	-0.0408013	-0.445395	1.52508	0	-0.739949	-0.00295571	0.00886639	0	0.114877	0	0	0	0	0	-0.342538	-0.0141827	0.0234201	0	0	0.0482204	0.0296572	0	0	0.188433	-0.0176534	0.335078
2014-04-12 00:00:00	-0.54002	-0.275729	1.73568	0	-0.552111	-0.00296395	0.00620561	0	0.0577251	0	0	0	0	0	-0.130479	-0.0141752	0.0233883	0	0	0.0410226	0.0277602	0	0	0.187842	-0.0156469	0.548504
2014-04-13 00:00:00	-3.34667	0.921399	1.65755	0	0.359783	-0.00563574	0.0187023	0	0.100927	0	0	0	0	0	0.362277	-0.0141665	0.0233518	0	0	0.0367212	0.0260576	0	0	0.186333	-0.01526	0.31137
2014-04-14 00:00:00	0	-1.02685	1.74873	0	-0.477807	-0.00363138	0.0117774	0	0.105711	0	0	0	0	0	-0.0944964	-0.0141581	0.0233095	0	0	0.0359998	0.0253081	0	0	0.185191	-0.0152515	0.503829
2014-04-15 00:00:00	0	-0.330003	1.9286	0	-0.744421	-0.0010243	0.00112705	0	0.022734	0	0	0	0	0	-0.289516	-0.014141	0.0232446	0	0	0.0291713	0.022886	0	0	0.184222	-0.0142516	0.818631
2014-04-16 00:00:00	0	-0.291603	1.71757	0	-0.343371	-0.000875878	0.00157109	0	0.0102796	0	0	0	0	0	-0.292719	-0.0141218	0.0231847	0	0	0.0230397	0.0202589	0	0	0.182942	-0.0137493	1.02241
2014-04-17 00:00:00	-1.03836	-0.150204	1.70292	0	-0.000333818	-0.00167535	0.00386715	0	0.015087	0	0	0	0	0	0.12433	-0.0141101	0.023155	0	0	0.0211458	0.0194861	0	0	0.180842	-0.0134794	0.872669
2014-04-18 00:00:00	0	-0.288826	2.74009	0	-0.556339	-0.00111259	0.0012756	0	0.0191759	0	0	0	0	0	-0.517704	-0.0140942	0.0231165	0	0	0.0181204	0.0178149	0	0	0.17886	-0.0133599	1.60702
2014-04-19 00:00:00	-0.114545	0	2.36367	0	-0.206333	-5.51432E-05	0.000427935	0	0.00460798	0	0	0	0	0	-0.479711	-0.0140599	0.0230448	0	0	0.0131742	0.0149199	0	0	0.177484	-0.0125154	1.77011
2014-04-20 00:00:00	0	0	2.01128	0	-0.182237	-4.94828E-05	0.000451542	0	0.00154107	0	0	0	0	0	-0.309527	-0.0140465	0.0230117	0	0	0.0114668	0.0139161	0	0	0.174437	-0.0117654	1.71848
2014-04-21 00:00:00	0	0	1.74702	0	-0.114743	0	9.55082E-06	0	0.00095339	0	0	0	0	0	-0.163908	-0.01401	0.0229432	0	0	0.00917471	0.0128366	0	0	0.172957	-0.011554	1.66168
2014-04-22 00:00:00	-1.80627	0.11448	1.96355	0	0.115828	-8.10499E-05	0.00090589	0	0.000532838	0	0	0	0	0	0.0418038	-0.0139927	0.0229148	0	0	0.00965274	0.0133004	0	0	0.170848	-0.011375	0.622098
2014-04-23 00:00:00	-0.359199	-0.11448	2.02504	0	0.0735677	-0.000132094	0.00194622	0	0.000286624	0	0	0	0	0	-0.293344	-0.0139581	0.022877	0	0	0.00954965	0.0130227	0	0	0.168464	-0.0113079	1.52233
2014-04-24 00:00:00	-0.718397	0	1.92295	0	-0.0384317	-5.75248E-05	0.000825273	0	0.000215043	0	0	0	0	0	-0.00270456	-0.013942	0.0228327	0	0	0.00932475	0.0128926	0	0	0.166464	-0.0111768	1.35079
2014-04-25 00:00:00	-7.94526	1.71525	1.91389	0	0.510289	-0.00144805	0.0106076	0	0.00594199	0	0	0	0	0	1.44187	-0.0139487	0.0228425	0	0	0.0147538	0.0151406	0	0	0.165141	-0.0112072	-2.15613
2014-04-26 00:00:00	-6.69329	0.477847	2.22029	0	0.87499	-0.00872809	0.0423162	0	0.154986	0	0	0	0	0	1.51819	-0.0139645	0.0228727	0	0	0.0243647	0.02037	0	0	0.164883	-0.0121325	-1.20701
2014-04-27 00:00:00	-2.48876	-0.0500881	2.16718	0	0.155359	-0.0050624	0.0287527	0	0.145952	0	0	0	0	0	0.0765536	-0.0139641	0.0228556	0	0	0.0291271	0.0229138	0	0	0.165004	-0.012799	0.243027
2014-04-28 00:00:00	-1.0816	-0.938884	2.09605	0	-0.00683279	-0.00356239	0.0198077	0	0.0928047	0	0	0	0	0	0.0565551	-0.0139501	0.0228161	0	0	0.0280396	0.022577	0	0	0.164484	-0.012551	0.445753
2014-04-29 00:00:00	-0.0408013	-0.649916	2.58298	0	-0.784025	-0.000537392	0.00309759	0	0.0398707	0	0	0	0	0	-0.455134	-0.0139293	0.0227689	0	0	0.0240599	0.0213861	0	0	0.163692	-0.0122213	0.901292
2014-04-30 00:00:00	-6.32696	1.49554	2.10806	0	1.0018	-0.00375265	0.0208505	0	0.049115	0	0	0	0	0	1.09513	-0.0139304	0.0227587	0	0	0.0260574	0.0212302	0	0	0.162345	-0.0118998	-0.353648
2014-05-01 00:00:00	-2.34587	-0.0295908	1.86674	0	0.0956833	-0.00537575	0.030732	0	0.198588	0	0	0	0	0	0.165305	-0.0139299	0.0227428	0	0	0.0288981	0.0222412	0	0	0.161419	-0.0131328	0.184452
2014-05-02 00:00:00	-0.325375	-1.16485	2.05096	0	-0.323566	-0.00321108	0.018436	0	0.113842	0	0	0	0	0	-0.0510838	-0.013919	0.0227087	0	0	0.0282309	0.0220543	0	0	0.160927	-0.0126518	0.522507
2014-05-03 00:00:00	-0.0854547	-0.448543	2.01621	0	-0.725862	-0.00028385	0.00127036	0	0.0172784	0	0	0	0	0	-0.15539	-0.0138932	0.0226545	0	0	0.0236027	0.0209871	0	0	0.16048	-0.0119361	0.821125
2014-05-04 00:00:00	-1.44395	-0.178903	2.34677	0	0.0793899	-0.000837982	0.00404328	0	0.0132201	0	0	0	0	0	-0.242567	-0.0138849	0.0226355	0	0	0.0218046	0.0201623	0	0	0.158678	-0.0116359	0.774923
2014-05-05 00:00:00	-0.05998	-0.165331	2.30149	0	-0.479531	-0.000152315	0.000544687	0	0.00699611	0	0	0	0	0	-0.528118	-0.0138481	0.022562	0	0	0.0177642	0.0179312	0	0	0.157889	-0.011531	1.26668
2014-05-06 00:00:00	-1.00135	-0.0407745	2.35312	0	-0.268872	-1.47672E-06	6.80314E-05	0	0.0010224	0	0	0	0	0	-0.0765939	-0.0138152	0.0225104	0	0	0.0156532	0.0167737	0	0	0.156378	-0.0111079	1.15301
2014-05-07 00:00:00	-10.528	2.0425	2.27284	0	1.80249	-0.00572279	0.0336399	0	0.113407	0	0	0	0	0	2.14658	-0.0138329	0.0225526	0	0	0.0232052	0.0190014	0	0	0.15486	-0.0113837	-1.92784
2014-05-08 00:00:00	-5.0922	0.195892	2.44315	0	0.439802	-0.0123565	0.0837241	0	0.495202	0	0	0	0	0	0.785087	-0.0138444	0.0225687	0	0	0.0339869	0.02371	0	0	0.154529	-0.0149002	-0.455643
2014-05-09 00:00:00	-1.79253	-0.57813	2.40244	0	-0.10449	-0.00591285	0.0387469	0	0.291423	0	0	0	0	0	-0.112995	-0.0138407	0.0225476	0	0	0.0365974	0.0250536	0	0	0.154794	-0.0153066	0.348392
2014-05-10 00:00:00	-8.49853	0.823188	2.3164	0	0.666409	-0.0226184	0.150628	0	0.956611	0	0	0	0	0	2.03889	-0.0138509	0.0225667	0	0	0.0447986	0.0283252	0	0	0.153894	-0.0181069	-1.3514
2014-05-11 00:00:00	-2.41982	-0.0965863	2.33227	0	-0.27062	-0.0110622	0.0656434	0	0.626823	0	0	0	0	0	-0.217956	-0.0138583	0.0225677	0	0	0.0525931	0.0311705	0	0	0.155516	-0.0184969	0.238183
2014-05-12 00:00:00	-4.82853	0.352653	2.27266	0	0.259114	-0.00938726	0.10464	0	0.629776	0	0	0	0	0	0.679829	-0.0138555	0.0225368	0	0	0.0489681	0.0296172	0	0	0.155832	-0.0216925	-0.317838
2014-05-13 00:00:00	0	-1.58804	3.37548	0	-1.16333	-0.00271196	0.0227768	0	0.267679	0	0	0	0	0	-0.589491	-0.0138464	0.0225077	0	0	0.0434063	0.0279188	0	0	0.158185	-0.0189014	0.541631
2014-05-14 00:00:00	0	-0.598071	3.3265	0	-1.31121	-0.000330211	0.000168634	0	0.01486	0	0	0	0	0	-0.73758	-0.0138247	0.0224613	0	0	0.0318119	0.0236603	0	0	0.160223	-0.0131434	0.905523
2014-05-15 00:00:00	-0.437653	-0.365723	2.50526	0	-0.33388	-0.000286196	0.000127597	0	0.00642423	0	0	0	0	0	-0.475046	-0.0137998	0.0224054	0	0	0.0233222	0.0201064	0	0	0.159815	-0.0122525	1.09883
2014-05-16 00:00:00	0	-0.209349	2.61894	0	-0.140057	-7.15456E-05	0.000112804	0	0.00365482	0	0	0	0	0	-0.814249	-0.0137782	0.022362	0	0	0.018289	0.017646	0	0	0.158904	-0.0117349	1.65067
2014-05-17 00:00:00	-0.114545	0	2.56147	0	-0.0992519	-3.36431E-05	0.000125003	0	0.00127956	0	0	0	0	0	-0.598178	-0.0137428	0.0223177	0	0	0.0145747	0.0157145	0	0	0.15756	-0.0112119	1.93607
2014-05-18 00:00:00	0	0	2.40012	0	-0.0447381	-3.4317E-05	0.000146061	0	0.000457071	0	0	0	0	0	-0.594671	-0.0137037	0.0222759	0	0	0.0117819	0.0141652	0	0	0.156202	-0.0109044	1.9411
2014-05-19 00:00:00	0	0	2.95275	0	-0.0454864	-2.09548E-05	9.32819E-05	0	0.000157269	0	0	0	0	0	-0.76444	-0.0136526	0.0222278	0	0	0.00901411	0.0125033	0	0	0.154678	-0.0106984	2.31713
2014-05-20 00:00:00	-1.54792	0.00687367	2.57154	0	0.054386	-9.3567E-05	0.000461699	0	5.4893E-05	0	0	0	0	0	-0.0907679	-0.0136215	0.0221891	0	0	0.0092255	0.0129419	0	0	0.152878	-0.0104767	1.16766
2014-05-21 00:00:00	-0.31996	-0.00687367	2.58657	0	-0.0253222	-4.45458E-05	0.000212177	0	0	0	0	0	0	0	-0.547519	-0.0135766	0.0221243	0	0	0.00853856	0.0124123	0	0	0.150921	-0.0104276	1.85705
2014-05-22 00:00:00	-3.92736	1.0829	2.48209	0	0.156298	-0.000187827	0.00214467	0	0	0	0	0	0	0	0.234216	-0.0135647	0.0220958	0	0	0.00902209	0.0128395	0	0	0.148695	-0.0103227	0.198866
2014-05-23 00:00:00	-0.317693	-1.0829	2.2311	0	-0.0194895	-6.9685E-05	0.000989046	0	0	0	0	0	0	0	-0.0978975	-0.0135501	0.0220421	0	0	0.0101917	0.0135212	0	0	0.147275	-0.0103344	0.883187
2014-05-24 00:00:00	-1.78912	0.086709	2.40172	0	0.0273601	-4.79909E-05	0.000814369	0	2.7451E-06	0	0	0	0	0	-0.197855	-0.0135296	0.0219779	0	0	0.00935426	0.0128244	0	0	0.145989	-0.010286	0.695913
2014-05-25 00:00:00	-9.99335	2.04274	2.74494	0	0.429264	-0.000177864	0.00508083	0	0.00163685	0	0	0	0	0	1.86416	-0.0135338	0.0219886	0	0	0.0126346	0.0139283	0	0	0.144801	-0.0102774	-2.73617
2014-05-26 00:00:00	-2.21892	-0.563286	2.83175	0	0.0141109	-0.000790774	0.00381154	0	0.0306941	0	0	0	0	0	0.0490818	-0.0135345	0.0219847	0	0	0.0177068	0.016464	0	0	0.144742	-0.0108565	0.32296
2014-05-27 00:00:00	-1.03809	-0.963814	2.75541	0	-0.052609	-0.000402472	0.0029065	0	0.0217733	0	0	0	0	0	-0.18289	-0.0135251	0.0219567	0	0	0.0175395	0.0168659	0	0	0.143844	-0.0107204	0.71824
2014-05-28 00:00:00	-8.93293	1.85968	2.83307	0	0.906938	-0.00275022	0.0225475	0	0.070058	0	0	0	0	0	1.65127	-0.0135314	0.0219488	0	0	0.0200639	0.0177829	0	0	0.142956	-0.011118	-1.41401
2014-05-29 00:00:00	0	-1.54396	2.64434	0	-0.386152	-0.00171518	0.0121002	0	0.0734061	0	0	0	0	0	-0.3886	-0.0135252	0.0219312	0	0	0.0230566	0.019315	0	0	0.142871	-0.011913	0.591156
2014-05-30 00:00:00	0	-0.555606	2.62837	0	-0.715334	-7.01522E-06	0.000129984	0	0.00577165	0	0	0	0	0	-0.409455	-0.01351	0.0218695	0	0	0.0180346	0.0174998	0	0	0.142681	-0.0108226	1.12962
2014-05-31 00:00:00	0	-0.34615	3.64167	0	-0.358496	0	3.10373E-05	0	0.000140637	0	0	0	0	0	-1.23473	-0.0134689	0.0218235	0	0	0.0131859	0.0148227	0	0	0.14158	-0.0104926	1.86991
2014-06-01 00:00:00	-1.01081	-0.016457	2.96018	0	-0.00942098	-3.67542E-08	7.93307E-05	0	0.00012201	0	0	0	0	0	-0.577645	-0.013439	0.0217759	0	0	0.0106375	0.0135276	0	0	0.139878	-0.0101981	1.50823
2014-06-02 00:00:00	-1.21847	0	2.99336	0	0.0022931	-3.99223E-05	0.00012285	0	0	0	0	0	0	0	-0.533459	-0.013413	0.0217566	0	0	0.00936093	0.0127943	0	0	0.138177	-0.0100198	1.40246
2014-06-03 00:00:00	-3.04688	0.212433	3.00834	0	0.115905	-8.63941E-05	0.000433847	0	2.29692E-05	0	0	0	0	0	0.0626243	-0.0133949	0.0217227	0	0	0.00999538	0.0133454	0	0	0.136555	-0.00989461	0.511122
2014-06-04 00:00:00	0	-0.212433	2.52077	0	0.0158164	-0.000133086	0.00113305	0	0.000139817	0	0	0	0	0	-0.741767	-0.0133746	0.0216988	0	0	0.00971406	0.013071	0	0	0.134682	-0.0098744	1.73944
2014-06-05 00:00:00	-1.38848	0	2.79711	0	-0.00461461	-4.74773E-05	0.000467461	0	2.65708E-06	0	0	0	0	0	-0.439313	-0.013312	0.0216452	0	0	0.00859897	0.0124304	0	0	0.133444	-0.00978399	1.11815
2014-06-06 00:00:00	0	0	2.77212	0	-0.177137	0	0	0	0	0	0	0	0	0	-0.713303	-0.013193	0.0216213	0	0	0.00682316	0.0113067	0	0	0.132023	-0.00969618	2.03056
2014-06-07 00:00:00	-5.6561	1.20242	3.05098	0	0.182594	-7.24479E-05	0.000801685	0	0	0	0	0	0	0	0.482241	-0.0131936	0.0216316	0	0	0.00912267	0.0122523	0	0	0.130785	-0.00953633	-0.586084
2014-06-08 00:00:00	-0.2	-1.19961	2.99617	0	0.0478222	-0.000138026	0.00163583	0	2.14391E-05	0	0	0	0	0	-0.512956	-0.0131764	0.0215907	0	0	0.00960452	0.0128602	0	0	0.12949	-0.00964669	1.28366
2014-06-09 00:00:00	-4.6357	1.04553	3.16842	0	0.0633722	-9.1946E-05	0.00172187	0	0.000343272	0	0	0	0	0	0.325221	-0.0131584	0.0215663	0	0	0.0100493	0.013468	0	0	0.128265	-0.00964457	0.119358
2014-06-10 00:00:00	-2.95691	-0.145993	3.1388	0	0.0721941	-0.00057613	0.0033944	0	0.00152425	0	0	0	0	0	0.0529137	-0.0131528	0.0215415	0	0	0.011828	0.0142298	0	0	0.127431	-0.00971282	0.317508
2014-06-11 00:00:00	0	-0.902199	2.97008	0	-0.150636	-0.000281969	0.00113672	0	0.00275253	0	0	0	0	0	-0.667539	-0.013139	0.0215041	0	0	0.0120534	0.0146454	0	0	0.12654	-0.00972886	1.40519
2014-06-12 00:00:00	0	0	2.84654	0	-0.0953485	-2.41575E-05	0.000101678	0	0	0	0	0	0	0	-1.02847	-0.0130897	0.0214395	0	0	0.009136	0.0130411	0	0	0.1256	-0.009656	1.86927
2014-06-13 00:00:00	-2.37697	0	3.44028	0	-0.0856979	-1.50789E-05	5.88236E-05	0	0	0	0	0	0	0	-0.16172	-0.0130417	0.0213856	0	0	0.00859179	0.0127133	0	0	0.124265	-0.00948142	0.960373
2014-06-14 00:00:00	-0.2	0	3.10774	0	-0.0700745	0	2.09562E-05	0	0	0	0	0	0	0	-1.19895	-0.0130171	0.0213317	0	0	0.00692367	0.0113209	0	0	0.123142	-0.00941283	1.77903
2014-06-15 00:00:00	0	0	2.84575	0	-0.0303525	0	4.90118E-05	0	0	0	0	0	0	0	-1.05658	-0.0129976	0.0212404	0	0	0.00538326	0.0100472	0	0	0.121594	-0.00922743	1.89491
2014-06-16 00:00:00	0	0	3.04201	0	-0.0227668	-1.24864E-06	4.27808E-05	0	0	0	0	0	0	0	-1.12543	-0.0129169	0.0211904	0	0	0.00430243	0.00898361	0	0	0.120235	-0.00904433	2.02661
2014-06-17 00:00:00	0	0	3.78462	0	-0.0257334	0	4.05969E-06	0	0	0	0	0	0	0	-1.46361	-0.0128366	0.0211418	0	0	0.00312232	0.0077899	0	0	0.118866	-0.00889857	2.42447
2014-06-18 00:00:00	0	0	3.32572	0	-0.0105872	0	2.57937E-05	0	0	0	0	0	0	0	-1.30111	-0.0128087	0.021089	0	0	0.00229898	0.00700059	0	0	0.117521	-0.00872351	2.14043
2014-06-19 00:00:00	0	0	2.85598	0	-0.00373838	0	4.45415E-05	0	0	0	0	0	0	0	-1.17387	-0.0127795	0.0210271	0	0	0.00196213	0.00661796	0	0	0.116167	-0.00856756	1.80284
2014-06-20 00:00:00	0	0	3.24592	0	-0.00783381	0	2.15847E-05	0	0	0	0	0	0	0	-1.34127	-0.0127459	0.0209692	0	0	0.00161335	0.00618655	0	0	0.11479	-0.00847499	2.01918
2014-06-21 00:00:00	0	0	2.83493	0	-0.00319423	0	3.87149E-05	0	0	0	0	0	0	0	-1.22093	-0.0127255	0.0209126	0	0	0.00150625	0.00593309	0	0	0.113382	-0.00837764	1.73147
2014-06-22 00:00:00	0	0	2.78342	0	-0.00334698	0	3.89744E-05	0	0	0	0	0	0	0	-1.18479	-0.0126888	0.0208471	0	0	0.00144244	0.00572296	0	0	0.112154	-0.00831378	1.71448
2014-06-23 00:00:00	0	0	2.76208	0	-0.0032789	0	3.85637E-05	0	0	0	0	0	0	0	-1.22796	-0.0126428	0.0208013	0	0	0.00137316	0.00560578	0	0	0.111006	-0.00826268	1.64877
2014-06-24 00:00:00	0	0	2.78613	0	-0.00363738	0	3.57872E-05	0	0	0	0	0	0	0	-1.23174	-0.0126153	0.020738	0	0	0.00132747	0.00548647	0	0	0.109766	-0.00820806	1.66728
2014-06-25 00:00:00	0	0	2.59392	0	-0.00230041	0	4.48434E-05	0	0	0	0	0	0	0	-1.18588	-0.01258	0.0206681	0	0	0.00131032	0.00544588	0	0	0.108577	-0.00815626	1.52105
2014-06-26 00:00:00	0	0	2.71145	0	-0.00339055	0	3.75371E-05	0	0	0	0	0	0	0	-1.33239	-0.0125478	0.020641	0	0	0.0012776	0.00537027	0	0	0.107585	-0.0081119	1.48992
2014-06-27 00:00:00	0	0	2.27794	0	-0.000482322	0	5.99407E-05	0	0	0	0	0	0	0	-1.13961	-0.0125122	0.0205888	0	0	0.00131419	0.00544921	0	0	0.106485	-0.00806703	1.25116
2014-06-28 00:00:00	0	0	2.48243	0	-0.00269353	0	4.80935E-05	0	0	0	0	0	0	0	-1.28966	-0.0124599	0.0205616	0	0	0.00131122	0.00546658	0	0	0.105462	-0.00803249	1.30243
2014-06-29 00:00:00	0	0	2.51934	0	-0.00259201	0	4.54431E-05	0	0	0	0	0	0	0	-1.31363	-0.0124111	0.0204973	0	0	0.00129645	0.00545617	0	0	0.10443	-0.00799711	1.31444
2014-06-30 00:00:00	0	0	3.02812	0	-0.00549909	0	1.6921E-05	0	0	0	0	0	0	0	-1.63705	-0.012392	0.020424	0	0	0.00119903	0.00522172	0	0	0.103414	-0.00795922	1.4955
2014-07-01 00:00:00	0	0	3.9313	0	-0.0117312	0	0	0	0	0	0	0	0	0	-2.19891	-0.0123452	0.0203565	0	0	0.000933179	0.00473848	0	0	0.102433	-0.00790629	1.82887
2014-07-02 00:00:00	0	0	2.6568	0	-0.000253891	0	5.57297E-06	0	0	0	0	0	0	0	-1.53116	-0.0123208	0.0202865	0	0	0.000923394	0.00467992	0	0	0.101357	-0.00783073	1.23249
2014-07-03 00:00:00	0	0	2.68468	0	-0.00173959	0	2.74791E-05	0	0	0	0	0	0	0	-1.61951	-0.0122929	0.0202136	0	0	0.000931688	0.00468014	0	0	0.100346	-0.00778039	1.16956
2014-07-04 00:00:00	0	0	2.75178	0	-0.00254076	0	2.49389E-05	0	0	0	0	0	0	0	-1.64147	-0.0122382	0.0201815	0	0	0.00092196	0.00466065	0	0	0.0994782	-0.00774183	1.21306
2014-07-05 00:00:00	0	0	2.56426	0	-0.00165121	0	3.50616E-05	0	0	0	0	0	0	0	-1.59522	-0.0121811	0.0201368	0	0	0.000933265	0.00469203	0	0	0.0985711	-0.00770559	1.07188
2014-07-06 00:00:00	-3.98892	0.699137	3.20304	0	0.014693	0	0.000175201	0	0	0	0	0	0	0	0.00219011	-0.0121565	0.0200848	0	0	0.00129274	0.00556417	0	0	0.0977693	-0.00767606	0.0351901
2014-07-07 00:00:00	0	-0.699137	3.00454	0	-0.00845045	0	6.24244E-05	0	0	0	0	0	0	0	-1.48484	-0.0121181	0.0200407	0	0	0.00130627	0.00572752	0	0	0.0971803	-0.00771346	0.916593
2014-07-08 00:00:00	-8.17785	2.2382	3.08318	0	0.0401281	0	0.000511877	0	0	0	0	0	0	0	1.40145	-0.0121051	0.0200302	0	0	0.00177417	0.00652836	0	0	0.0963103	-0.00770967	-1.30955
2014-07-09 00:00:00	0	-2.21803	4.54641	0	-0.0348844	0	9.65138E-05	0	0	0	0	0	0	0	-1.30896	-0.0120862	0.0199986	0	0	0.00209777	0.00749238	0	0	0.0960668	-0.00781066	1.09038
2014-07-10 00:00:00	0	-0.0201639	5.12202	0	-0.0167827	0	0	0	0	0	0	0	0	0	-3.45439	-0.0120339	0.0199109	0	0	0.00141274	0.00647397	0	0	0.0956068	-0.00779003	1.73426
2014-07-11 00:00:00	0	0	4.13569	0	-0.028605	0	0	0	0	0	0	0	0	0	-2.51795	-0.01199	0.0198457	0	0	0.00105009	0.0056591	0	0	0.0947024	-0.0076594	1.69075
2014-07-12 00:00:00	-3.5558	0.108921	3.7265	0	0.0245128	0	0	0	0	0	0	0	0	0	-0.478209	-0.0119783	0.0198051	0	0	0.00132456	0.00612522	0	0	0.0940628	-0.00758312	-0.0723098
2014-07-13 00:00:00	-5.19388	1.29734	3.49192	0	0.0232126	0	0.000104685	0	0	0	0	0	0	0	0.154002	-0.0119571	0.0197754	0	0	0.00173602	0.00692382	0	0	0.0932797	-0.00758338	-0.125134
2014-07-14 00:00:00	-2.55578	-0.708045	3.27726	0	0.0142757	0	0.000152866	0	0	0	0	0	0	0	-0.0843864	-0.0119482	0.0197347	0	0	0.00211294	0.00766918	0	0	0.0928289	-0.00762845	0.0462502
2014-07-15 00:00:00	0	-0.698296	2.88754	0	-0.00717114	0	0.000194321	0	0	0	0	0	0	0	-1.69611	-0.0119423	0.0196938	0	0	0.0020039	0.007722	0	0	0.0921325	-0.00766635	0.588099
2014-07-16 00:00:00	-2.9285	0	3.54518	0	0.0276212	0	0.000133223	0	0	0	0	0	0	0	-0.465076	-0.0119075	0.0196145	0	0	0.00215062	0.00809599	0	0	0.0917123	-0.00763613	0.281387
2014-07-17 00:00:00	0	0	3.49087	0	-0.0474188	0	0.000131951	0	0	0	0	0	0	0	-2.57737	-0.0119052	0.0195695	0	0	0.0018397	0.00755243	0	0	0.0910095	-0.00762467	0.966656
2014-07-18 00:00:00	0	0	3.04647	0	-0.0320979	0	0	0	0	0	0	0	0	0	-2.05189	-0.01186	0.0194677	0	0	0.00147441	0.00688639	0	0	0.0905507	-0.00755629	1.06145
2014-07-19 00:00:00	-3.90841	0.502863	3.6428	0	0.0246235	0	3.31717E-06	0	0	0	0	0	0	0	-0.481961	-0.0118462	0.0194339	0	0	0.00165613	0.00715494	0	0	0.0898748	-0.00749878	-0.121301
2014-07-20 00:00:00	-0.0854547	-0.502863	3.08707	0	-0.0110555	0	0	0	0	0	0	0	0	0	-1.92251	-0.0118273	0.0193878	0	0	0.00146924	0.00680633	0	0	0.0891993	-0.00749444	0.662729
2014-07-21 00:00:00	0	0	3.42179	0	-0.0110102	0	0	0	0	0	0	0	0	0	-2.66379	-0.0118002	0.0193195	0	0	0.00119614	0.00623188	0	0	0.0886357	-0.00744789	0.843122
2014-07-22 00:00:00	0	0	3.56268	0	-0.00831492	0	0	0	0	0	0	0	0	0	-2.78132	-0.0117719	0.0192668	0	0	0.000964908	0.00565674	0	0	0.087948	-0.00737773	0.867734
2014-07-23 00:00:00	0	0	4.09891	0	-0.00949906	0	0	0	0	0	0	0	0	0	-3.32405	-0.0117365	0.0191962	0	0	0.000734461	0.00500089	0	0	0.087332	-0.00730848	0.858582
2014-07-24 00:00:00	-0.285455	0	3.60802	0	-0.00369345	0	0	0	0	0	0	0	0	0	-2.84781	-0.0117194	0.0190978	0	0	0.000645941	0.00464951	0	0	0.0866353	-0.0072252	0.563145
2014-07-25 00:00:00	0	0	3.94003	0	-0.00619852	0	0	0	0	0	0	0	0	0	-3.42533	-0.0116909	0.0189776	0	0	0.0005446	0.00421928	0	0	0.0860035	-0.00716421	0.599397
2014-07-26 00:00:00	-3.02436	0	4.7108	0	0.00485772	0	0	0	0	0	0	0	0	0	-1.67882	-0.011655	0.0189393	0	0	0.00069803	0.00471456	0	0	0.0854007	-0.00710067	0.103472
2014-07-27 00:00:00	-3.47065	0.906205	3.01574	0	0.0198095	0	4.51845E-05	0	0	0	0	0	0	0	-0.743551	-0.0116355	0.0189212	0	0	0.000990079	0.00549944	0	0	0.0846257	-0.0071048	-0.181105
2014-07-28 00:00:00	0	-0.906205	3.9497	0	-0.00210212	0	4.41717E-05	0	0	0	0	0	0	0	-2.82927	-0.0115863	0.0188787	0	0	0.00125729	0.00654607	0	0	0.0843076	-0.00715442	0.304417
2014-07-29 00:00:00	0	0	2.71484	0	-0.0240994	0	0	0	0	0	0	0	0	0	-2.24562	-0.011519	0.0188249	0	0	0.00113158	0.00638149	0	0	0.0836641	-0.00714441	0.536462
2014-07-30 00:00:00	-1.16584	0	3.006	0	0.00389794	0	0	0	0	0	0	0	0	0	-1.95641	-0.0114885	0.018771	0	0	0.00110947	0.00626619	0	0	0.0832518	-0.00710584	-0.0215432
2014-07-31 00:00:00	-5.37095	0.975793	3.06701	0	0.0292381	0	0.000173354	0	0	0	0	0	0	0	0.671852	-0.011476	0.0187625	0	0	0.00208084	0.00870086	0	0	0.0826703	-0.00706932	-0.533215
2014-08-01 00:00:00	-0.767212	-0.886578	2.84622	0	-0.00162636	0	8.24337E-05	0	0	0	0	0	0	0	-1.12772	-0.0114559	0.0187231	0	0	0.00235265	0.00946239	0	0	0.0822888	-0.00724091	0.157305
2014-08-02 00:00:00	-11.0164	2.80584	3.10214	0	0.0532142	0	0.00142739	0	0	0	0	0	0	0	3.50469	-0.0114567	0.0187227	0	0	0.00360128	0.0119814	0	0	0.0818049	-0.00733603	-1.45176
2014-08-03 00:00:00	-4.85079	0.206563	3.06288	0	0.00588773	0	0.000528788	0	0	0	0	0	0	0	0.992284	-0.0114477	0.0187095	0	0	0.00463292	0.0139982	0	0	0.0817015	-0.00764007	-0.482694
2014-08-04 00:00:00	-0.299219	-2.12831	3.03557	0	-0.00382859	0	0.000398981	0	0	0	0	0	0	0	-0.701653	-0.0114352	0.0186821	0	0	0.00478719	0.014204	0	0	0.0814211	-0.00769079	0.00292598
2014-08-05 00:00:00	-0.219179	-0.804932	4.38751	0	-0.0702594	0	0	0	0	0	0	0	0	0	-2.40537	-0.0114073	0.0186309	0	0	0.00368006	0.0125611	0	0	0.0811859	-0.00765528	0.984763
2014-08-06 00:00:00	-13.8702	3.43064	3.17921	0	0.14464	-1.68609E-05	0.001181	0	0	0	0	0	0	0	4.89191	-0.0114049	0.0186488	0	0	0.00504976	0.0145014	0	0	0.0808744	-0.00752716	-2.12248
2014-08-07 00:00:00	-0.05998	-2.25956	2.9866	0	-0.0265951	-2.4665E-05	0.00038711	0	0	0	0	0	0	0	-0.65738	-0.0113928	0.0186278	0	0	0.00564726	0.0152754	0	0	0.0808333	-0.00774897	0.0846875
2014-08-08 00:00:00	-5.74085	1.37407	3.16007	0	0.0733516	-7.77072E-05	0.00115761	0	0	0	0	0	0	0	0.737153	-0.0113864	0.0186053	0	0	0.00590026	0.0154988	0	0	0.0805564	-0.00773997	-0.293688
2014-08-09 00:00:00	0	-1.70111	2.84093	0	-0.0397986	-2.75967E-05	0.000252367	0	0	0	0	0	0	0	-1.0232	-0.0113774	0.0185733	0	0	0.00633109	0.0159254	0	0	0.08026	-0.00779245	0.178964
2014-08-10 00:00:00	-15.0268	3.07408	2.94511	0	0.263029	-0.000194562	0.0256586	0	2.44814E-05	0	0	0	0	0	6.1335	-0.0113779	0.0185687	0	0	0.00775349	0.0176809	0	0	0.0800871	-0.00784722	-2.48071
2014-08-11 00:00:00	-2.67735	-0.391466	3.06995	0	-0.0393024	-6.40991E-05	0.00269737	0	5.36884E-06	0	0	0	0	0	-0.40953	-0.0113786	0.0185648	0	0	0.00954015	0.0195806	0	0	0.0802066	-0.00811332	-0.336656
2014-08-12 00:00:00	-8.42002	0.458493	2.67062	0	0.0879539	-0.000150758	0.0190589	0	0.000653852	0	0	0	0	0	3.48374	-0.0113808	0.0185655	0	0	0.0104909	0.0205265	0	0	0.0800876	-0.00820441	-1.58958
2014-08-13 00:00:00	0	-2.35103	3.03972	0	-0.0710494	-4.29375E-05	0.00190817	0	8.43859E-05	0	0	0	0	0	-0.859536	-0.0113751	0.0185408	0	0	0.0112055	0.0209829	0	0	0.0800337	-0.0082743	-0.128837
2014-08-14 00:00:00	-0.443091	-0.44953	2.87162	0	-0.150009	0	4.37494E-05	0	0	0	0	0	0	0	-1.55636	-0.0113537	0.0184923	0	0	0.00928589	0.0186232	0	0	0.079827	-0.00817248	0.379371
2014-08-15 00:00:00	-2.22446	0.139352	2.81505	0	-0.0663242	0	3.42487E-07	0	0	0	0	0	0	0	-0.215627	-0.0113346	0.0184401	0	0	0.0079593	0.0167728	0	0	0.0795398	-0.00797554	0.551394
2014-08-16 00:00:00	-2.54616	-0.130438	2.86833	0	0.080884	0	0.000425745	0	0	0	0	0	0	0	-0.533983	-0.011328	0.0184193	0	0	0.00753024	0.0161502	0	0	0.0793521	-0.00783128	-0.158647
2014-08-17 00:00:00	-1.39599	-0.381604	2.74781	0	-0.0648405	0	0.00026975	0	0	0	0	0	0	0	-0.669502	-0.0112951	0.0183945	0	0	0.00713224	0.015555	0	0	0.0787841	-0.00773921	0.336976
2014-08-18 00:00:00	-1.7712	-0.107515	2.58593	0	-0.00106115	-1.15087E-06	0.000398174	0	0	0	0	0	0	0	-0.564212	-0.0112785	0.0183545	0	0	0.00686742	0.0149448	0	0	0.0784895	-0.00768058	0.242036
2014-08-19 00:00:00	-1.21288	-0.401124	2.69759	0	-0.00678979	-9.08986E-06	0.000285821	0	0	0	0	0	0	0	-0.827288	-0.0112702	0.0183272	0	0	0.0067773	0.0146525	0	0	0.078111	-0.00764534	0.348731
2014-08-20 00:00:00	-0.0992187	-0.296869	2.34023	0	-0.0128657	0	1.9473E-05	0	0	0	0	0	0	0	-1.49692	-0.0112539	0.0182711	0	0	0.00576422	0.0134965	0	0	0.0778826	-0.00761577	0.530921
2014-08-21 00:00:00	-15.2232	4.01937	2.41673	0	0.366309	-0.000170933	0.0100123	0	0.000399208	0	0	0	0	0	5.97168	-0.0112608	0.0182505	0	0	0.00783604	0.0156718	0	0	0.0776961	-0.00761984	-2.33826
2014-08-22 00:00:00	-2.52895	-0.112306	2.37828	0	-0.0405259	-6.04803E-05	0.00367156	0	0.000262505	0	0	0	0	0	-0.240508	-0.0112639	0.0182606	0	0	0.00992185	0.0179927	0	0	0.0778895	-0.00793513	-0.435276
2014-08-23 00:00:00	-3.59048	0.198843	2.36262	0	0.0241507	-4.88958E-05	0.00892913	0	0.000542343	0	0	0	0	0	0.526263	-0.0112565	0.0182385	0	0	0.00982883	0.0177643	0	0	0.0776887	-0.00792045	-0.364838
2014-08-24 00:00:00	0	-2.29695	2.45532	0	-0.019071	-3.19743E-05	0.00148101	0	0.000374258	0	0	0	0	0	-0.28661	-0.0112508	0.0182214	0	0	0.00960837	0.0172961	0	0	0.0774791	-0.0078776	-0.0420151
2014-08-25 00:00:00	0	-0.651006	3.00418	0	-0.230603	-3.99193E-07	9.67342E-05	0	0.000136726	0	0	0	0	0	-1.6401	-0.0112234	0.0181852	0	0	0.00847022	0.0161984	0	0	0.0772714	-0.00778159	0.583826
2014-08-26 00:00:00	0	-0.476127	2.69294	0	-0.108583	0	1.50802E-05	0	1.44044E-05	0	0	0	0	0	-1.58538	-0.0112132	0.0181198	0	0	0.00664583	0.0141101	0	0	0.0770565	-0.00767241	0.619933
2014-08-27 00:00:00	-0.2	-0.568617	3.44975	0	-0.109538	0	1.05584E-05	0	0.000148823	0	0	0	0	0	-1.69675	-0.0111893	0.0180302	0	0	0.00521997	0.0126187	0	0	0.0767575	-0.0075504	0.968887
2014-08-28 00:00:00	-0.962815	-0.20976	2.68547	0	0.0207302	0	0	0	0	0	0	0	0	0	-1.29054	-0.0111768	0.0180144	0	0	0.0048129	0.0121416	0	0	0.0765717	-0.00737528	0.336073
2014-08-29 00:00:00	-15.4547	4.15658	2.64771	0	0.527157	-7.87343E-05	0.00901994	0	0.0025515	0	0	0	0	0	5.74475	-0.0111934	0.0180479	0	0	0.00816017	0.0157141	0	0	0.0760945	-0.00741894	-2.26764
2014-08-30 00:00:00	-0.2	-2.29255	2.65166	0	-0.084793	-6.62939E-05	0.00417327	0	0.00370211	0	0	0	0	0	-0.358476	-0.011182	0.018038	0	0	0.00981847	0.0173232	0	0	0.0763016	-0.0079317	-0.173984
2014-08-31 00:00:00	-1.29292	-0.382208	2.55618	0	-0.0666937	-1.65263E-05	0.00108311	0	0.000462589	0	0	0	0	0	-0.758593	-0.0111679	0.018011	0	0	0.00939134	0.0168215	0	0	0.0761595	-0.00776545	0.15874
2014-09-01 00:00:00	-0.704633	-0.351839	2.6348	0	-0.102983	0	0.000228286	0	0.000333455	0	0	0	0	0	-1.17921	-0.0111576	0.0179731	0	0	0.00839755	0.0159341	0	0	0.075966	-0.00768983	0.396123
2014-09-02 00:00:00	0	-0.432425	2.48747	0	-0.153525	0	6.49437E-05	0	0.000218535	0	0	0	0	0	-1.46538	-0.0111399	0.0179278	0	0	0.00709602	0.0144375	0	0	0.0757516	-0.00760624	0.53288
2014-09-03 00:00:00	-0.0545653	-0.397394	2.42817	0	-0.0784771	0	0	0	7.43355E-05	0	0	0	0	0	-1.26792	-0.0111182	0.0178817	0	0	0.00575698	0.0129562	0	0	0.0755215	-0.0074896	0.723397
2014-09-04 00:00:00	0	-0.264285	2.43839	0	-0.0231936	0	0	0	2.03488E-05	0	0	0	0	0	-1.80627	-0.0111019	0.0178438	0	0	0.00480145	0.0119633	0	0	0.0752709	-0.00735487	0.436085
2014-09-05 00:00:00	-1.6816	-0.0535777	2.25624	0	0.0428028	0	4.30084E-05	0	7.7424E-05	0	0	0	0	0	-0.434771	-0.0110794	0.0178017	0	0	0.00482266	0.0118561	0	0	0.0748721	-0.00725055	0.220236
2014-09-06 00:00:00	-0.2	-0.0335655	2.17184	0	-0.0143903	0	2.56872E-05	0	2.43269E-05	0	0	0	0	0	-1.60253	-0.0110616	0.0177575	0	0	0.00435758	0.0113194	0	0	0.074567	-0.00723222	0.411113
2014-09-07 00:00:00	0	-0.0104884	2.39527	0	-0.0219563	0	1.22245E-05	0	0	0	0	0	0	0	-1.93111	-0.011054	0.0177143	0	0	0.0037291	0.0106356	0	0	0.0742252	-0.00715373	0.519822
2014-09-08 00:00:00	-0.114545	-0.0110285	2.75017	0	-0.0192957	0	5.87432E-06	0	0	0	0	0	0	0	-2.13085	-0.0110338	0.0176779	0	0	0.00311848	0.00998349	0	0	0.0738595	-0.00706639	0.560995
2014-09-09 00:00:00	0	-0.00628565	2.13838	0	-0.00459899	0	2.53893E-05	0	0	0	0	0	0	0	-1.74985	-0.0110102	0.0176351	0	0	0.00279183	0.00955483	0	0	0.0735408	-0.00698521	0.463202
2014-09-10 00:00:00	0	0	2.74265	0	-0.0185137	0	0	0	0	0	0	0	0	0	-2.28795	-0.010993	0.0175876	0	0	0.00233448	0.00900216	0	0	0.0732117	-0.00693007	0.520397
2014-09-11 00:00:00	0	0	2.65981	0	-0.0120152	0	0	0	0	0	0	0	0	0	-2.25488	-0.0109616	0.0175399	0	0	0.00197635	0.00853253	0	0	0.0728532	-0.00685541	0.475993
2014-09-12 00:00:00	-0.0953666	0	2.23568	0	-0.00100303	0	1.55681E-05	0	0	0	0	0	0	0	-1.88041	-0.0109545	0.0174357	0	0	0.0018327	0.00826875	0	0	0.0725471	-0.00677786	0.341266
2014-09-13 00:00:00	-0.0408013	0	2.29771	0	-0.00381121	0	9.84703E-06	0	0	0	0	0	0	0	-1.97231	-0.0109394	0.0174167	0	0	0.00170873	0.00804069	0	0	0.0722144	-0.0067345	0.362507
2014-09-14 00:00:00	0	0	1.8581	0	0.00252862	0	3.16173E-05	0	0	0	0	0	0	0	-1.72153	-0.0109293	0.017373	0	0	0.00171325	0.00797101	0	0	0.0718394	-0.00669507	0.220399
2014-09-15 00:00:00	-3.13838	1.09351	1.92699	0	0.0327616	0	0.000123638	0	0	0	0	0	0	0	0.00967565	-0.0109186	0.0173306	0	0	0.00225844	0.00851322	0	0	0.0715629	-0.00667723	0.00675024
2014-09-16 00:00:00	0	-1.09107	2.06346	0	0.0270913	0	0.000191403	0	0	0	0	0	0	0	-1.17558	-0.0109059	0.0173071	0	0	0.00257985	0.00894881	0	0	0.0712365	-0.00673314	-0.0934764
2014-09-17 00:00:00	-0.0854547	-0.00243636	1.79056	0	-0.020262	0	3.23735E-05	0	0	0	0	0	0	0	-1.48775	-0.0108847	0.0172633	0	0	0.00250688	0.00888902	0	0	0.0707987	-0.00675432	0.276503
2014-09-18 00:00:00	-0.0408013	0	2.02797	0	-0.0350546	0	0	0	0	0	0	0	0	0	-1.64885	-0.010859	0.0172195	0	0	0.00234972	0.00869423	0	0	0.0705872	-0.00673058	0.384528
2014-09-19 00:00:00	0	0	1.85334	0	-0.00196471	0	0	0	0	0	0	0	0	0	-1.93011	-0.0108509	0.0171696	0	0	0.00216354	0.00844099	0	0	0.0703354	-0.00669856	0.00181972
2014-09-20 00:00:00	-2.83279	0.869078	1.99745	0	0.0390106	0	9.26154E-05	0	0	0	0	0	0	0	-0.198006	-0.01081	0.0171538	0	0	0.00270774	0.00890767	0	0	0.0699717	-0.0066555	-0.0438902
2014-09-21 00:00:00	-0.0992187	-0.869078	1.98768	0	0.00263731	0	8.04931E-05	0	0	0	0	0	0	0	-1.06045	-0.0108033	0.0171059	0	0	0.00300003	0.00933231	0	0	0.0697223	-0.00670815	0.0432979
2014-09-22 00:00:00	0	0	2.05437	0	-0.0151464	0	1.52625E-05	0	0	0	0	0	0	0	-2.01067	-0.0107792	0.017081	0	0	0.00271894	0.00906511	0	0	0.0694298	-0.00673086	0.109355
2014-09-23 00:00:00	-2.37697	0.423897	1.89087	0	0.029533	0	0.000167367	0	0	0	0	0	0	0	-0.120037	-0.0107679	0.0170323	0	0	0.00318865	0.00945343	0	0	0.06913	-0.00668805	-0.0711896
2014-09-24 00:00:00	-0.355347	-0.422546	1.59528	0	0.0182419	0	0.000315693	0	3.82491E-05	0	0	0	0	0	-1.02518	-0.0107582	0.0170201	0	0	0.00336994	0.00971679	0	0	0.0687656	-0.00672509	-0.107809
2014-09-25 00:00:00	-0.289307	-0.00135168	1.72826	0	-0.0207089	0	3.02961E-05	0	1.88901E-05	0	0	0	0	0	-1.40017	-0.0107431	0.0169884	0	0	0.00330208	0.00966094	0	0	0.0684892	-0.00672792	0.0977441
2014-09-26 00:00:00	-0.947724	0	1.62534	0	-0.00789103	0	1.04867E-05	0	4.97531E-05	0	0	0	0	0	-0.542327	-0.0107159	0.0169442	0	0	0.00344145	0.00976353	0	0	0.0683328	-0.006709	0.208514
2014-09-27 00:00:00	-0.347879	0	1.48355	0	0.000393594	0	4.32639E-05	0	2.85074E-05	0	0	0	0	0	-1.28607	-0.0107035	0.0169231	0	0	0.00326738	0.00955271	0	0	0.0680838	-0.00671061	-0.0695204
2014-09-28 00:00:00	0	0	1.53798	0	-0.00432209	0	3.63191E-05	0	0	0	0	0	0	0	-1.60571	-0.010685	0.0168931	0	0	0.00310696	0.00935525	0	0	0.0676579	-0.00667383	0.00764612
2014-09-29 00:00:00	-0.0446534	0	1.50557	0	-0.00224812	0	4.16314E-05	0	9.43621E-06	0	0	0	0	0	-1.48102	-0.010674	0.0168567	0	0	0.00298123	0.00918798	0	0	0.0674301	-0.00664235	0.0568355
2014-09-30 00:00:00	0	0	1.46648	0	-0.0014781	0	5.05282E-05	0	1.9133E-06	0	0	0	0	0	-1.53412	-0.0106564	0.0168178	0	0	0.00288734	0.00904891	0	0	0.0671538	-0.00661383	0.00958002
2014-10-01 00:00:00	-1.01466	0	1.89544	0	0.0088117	0	0.000105038	0	3.30448E-05	0	0	0	0	0	-0.954397	-0.0106406	0.0167758	0	0	0.00299862	0.00914576	0	0	0.0668774	-0.00658914	0.0139014
2014-10-02 00:00:00	-0.114545	0	1.43888	0	-0.00117818	0	7.3804E-05	0	1.38623E-05	0	0	0	0	0	-1.35909	-0.0106212	0.0167488	0	0	0.00300751	0.00913022	0	0	0.0666046	-0.00658722	0.0424323
2014-10-03 00:00:00	-29.4159	4.71122	1.55408	0	0.439826	-0.00018672	0.0168982	0	0.0139432	0	0	0	0	0	18.0762	-0.010653	0.0167823	0	0	0.009415	0.0171935	0	0	0.0666581	-0.00713814	-4.51166
2014-10-04 00:00:00	-26.3007	-0.009429	1.2438	0	0.26563	-0.00555689	0.124041	0	0.278217	0	0	0	0	0	17.793	-0.0107217	0.0168803	0	0	0.0326505	0.0381309	0	0	0.0672206	-0.0110795	-6.47792
2014-10-05 00:00:00	-0.484555	-0.814974	1.34705	0	-0.156131	-0.00362185	0.0144044	0	0.0517991	0	0	0	0	0	-1.07438	-0.0107421	0.0169315	0	0	0.0457284	0.0434415	0	0	0.0683837	-0.0107748	-0.967441
2014-10-06 00:00:00	-3.089	-0.0418898	1.311	0	0.0206485	-0.00265445	0.0212006	0	0.0199893	0	0	0	0	0	0.846075	-0.0107357	0.0169277	0	0	0.0397639	0.0385818	0	0	0.0697726	-0.00954528	-0.769859
2014-10-07 00:00:00	-0.513646	-0.766952	1.33346	0	-0.0166275	-0.00210747	0.00928175	0	0.0285734	0	0	0	0	0	-0.461205	-0.0107355	0.0169239	0	0	0.034783	0.0344816	0	0	0.0705808	-0.00941928	-0.252611
2014-10-08 00:00:00	-1.03253	-0.326347	1.37809	0	0.000350383	-0.00176504	0.00767757	0	0.0325666	0	0	0	0	0	-0.308778	-0.0107314	0.0168807	0	0	0.0307259	0.0311058	0	0	0.0709945	-0.00874712	-0.120507
2014-10-09 00:00:00	-1.00219	0.159726	1.16174	0	-0.0185197	-0.00115458	0.00477911	0	0.0200149	0	0	0	0	0	-0.470092	-0.0107265	0.0168584	0	0	0.0271667	0.0282706	0	0	0.0712287	-0.00853378	-0.0214341
2014-10-10 00:00:00	-1.35556	0.0479723	1.12506	0	-0.0104078	-0.000688156	0.00595932	0	0.0125278	0	0	0	0	0	-0.0152395	-0.0107221	0.0168293	0	0	0.0236852	0.0257592	0	0	0.0713088	-0.00848994	-0.0720064
2014-10-11 00:00:00	-0.0446534	-0.487742	1.16754	0	-0.0557797	-0.000349212	0.0018453	0	0.00626817	0	0	0	0	0	-0.583529	-0.010717	0.0167913	0	0	0.0206339	0.0232988	0	0	0.0713052	-0.00842477	0.116488
2014-10-12 00:00:00	-11.6674	2.23481	1.12654	0	0.242608	-0.00479628	0.0582323	0	0.135214	0	0	0	0	0	5.88497	-0.01073	0.016816	0	0	0.0240641	0.0258871	0	0	0.0713587	-0.00876836	-1.87124
2014-10-13 00:00:00	-4.95323	-0.000813524	1.01426	0	-0.0318844	-0.00489217	0.0512556	0	0.14409	0	0	0	0	0	2.39985	-0.0107508	0.0168468	0	0	0.0313725	0.0311539	0	0	0.0719194	-0.00961737	-1.25044
2014-10-14 00:00:00	-0.159199	-0.851653	1.06333	0	-0.0547091	-0.00245835	0.0141773	0	0.0667147	0	0	0	0	0	-0.42133	-0.0107649	0.0168282	0	0	0.0305672	0.0302143	0	0	0.0725677	-0.00899815	-0.214717
2014-10-15 00:00:00	0	-1.00135	1.07336	0	0.00479886	-0.0020088	0.0103418	0	0.0423754	0	0	0	0	0	-0.331538	-0.0107616	0.0167913	0	0	0.027364	0.0275583	0	0	0.0727271	-0.00855588	-0.0788916
2014-10-16 00:00:00	-2.10104	0.88608	1.15515	0	0.0233971	-0.00135259	0.00685448	0	0.0326887	0	0	0	0	0	-0.30663	-0.0107539	0.0167301	0	0	0.0245352	0.0251796	0	0	0.072737	-0.00842595	-0.184847
2014-10-17 00:00:00	-2.85597	0.697026	1.26184	0	0.00444042	-0.00259129	0.0161789	0	0.0669816	0	0	0	0	0	0.582069	-0.0107516	0.0167237	0	0	0.0237688	0.0248051	0	0	0.0727152	-0.00829167	-0.111061
2014-10-18 00:00:00	-10.3665	0.28169	1.27596	0	0.155334	-0.00806798	0.083296	0	0.24587	0	0	0	0	0	6.15315	-0.010772	0.0167711	0	0	0.0303335	0.0286914	0	0	0.0727139	-0.00947533	-2.05105
2014-10-19 00:00:00	-3.51366	-0.022489	1.19261	0	-0.0738537	-0.00556614	0.0411968	0	0.162427	0	0	0	0	0	1.06329	-0.0107865	0.0167977	0	0	0.0354796	0.0318288	0	0	0.0732932	-0.00989857	-1.01933
2014-10-20 00:00:00	-2.07695	0.00184966	1.09414	0	-0.0126002	-0.00432969	0.0248834	0	0.107114	0	0	0	0	0	0.28255	-0.0107894	0.0167911	0	0	0.0342367	0.0308992	0	0	0.0736735	-0.00927303	-0.447801
2014-10-21 00:00:00	-1.59394	-0.00423853	0.931684	0	0.00847897	-0.00342656	0.019304	0	0.0802275	0	0	0	0	0	0.153598	-0.0107894	0.0167737	0	0	0.0318601	0.0291381	0	0	0.0738086	-0.0090686	-0.27659
2014-10-22 00:00:00	-0.0854547	-0.83828	0.971203	0	0.00433943	-0.00171739	0.00870578	0	0.0414789	0	0	0	0	0	-0.435412	-0.0107839	0.0167428	0	0	0.0286475	0.0267212	0	0	0.0739234	-0.00881599	-0.208702
2014-10-23 00:00:00	-2.38853	0.801773	1.07503	0	-0.00213183	-0.00267651	0.0137024	0	0.0579102	0	0	0	0	0	0.225721	-0.010781	0.0167145	0	0	0.0264743	0.0252084	0	0	0.0739738	-0.00849386	-0.0961015
2014-10-24 00:00:00	-0.602953	-0.358501	0.953362	0	-0.0128276	-0.00215811	0.0107361	0	0.0462405	0	0	0	0	0	-0.176903	-0.0107758	0.0166924	0	0	0.024298	0.0236382	0	0	0.0739949	-0.00845178	-0.0236076
2014-10-25 00:00:00	-0.314545	-0.613338	0.972159	0	-0.00183222	-0.00155656	0.00755609	0	0.0337375	0	0	0	0	0	-0.202172	-0.0107701	0.0166655	0	0	0.0223571	0.0221419	0	0	0.0739992	-0.00825484	-0.0038528
2014-10-26 00:00:00	-7.96381	0.944462	1.004	0	0.138009	-0.00642708	0.0589921	0	0.174054	0	0	0	0	0	3.97144	-0.0108011	0.016681	0	0	0.0250264	0.0241119	0	0	0.0739442	-0.00883043	-1.55915
2014-10-27 00:00:00	-1.61466	-0.0251633	0.892388	0	-0.0831443	-0.00381172	0.023385	0	0.11214	0	0	0	0	0	0.089317	-0.0108086	0.0166894	0	0	0.0275695	0.0256958	0	0	0.0742685	-0.0093883	-0.485526
2014-10-28 00:00:00	-14.2944	-0.00345422	1.27246	0	0.263434	-0.0127457	0.128071	0	0.364074	0	0	0	0	0	8.43386	-0.010842	0.0167613	0	0	0.0359206	0.0303865	0	0	0.0746509	-0.0109716	-3.7128
2014-10-29 00:00:00	-0.159199	-0.492862	0.678958	0	-0.137298	-0.00552726	0.0283545	0	0.163982	0	0	0	0	0	-0.929898	-0.0108605	0.0167923	0	0	0.0411129	0.0329374	0	0	0.0759831	-0.0105415	-0.708067
2014-10-30 00:00:00	-0.285455	-0.523011	0.842609	0	-0.0236264	-0.00337356	0.0156696	0	0.0810474	0	0	0	0	0	-0.49689	-0.0108613	0.0167683	0	0	0.036731	0.0300433	0	0	0.0768834	-0.00914906	-0.252614
2014-10-31 00:00:00	-3.30125	0.969913	1.02379	0	0.0330058	-0.00342841	0.0216827	0	0.0827698	0	0	0	0	0	0.646841	-0.0108598	0.0167533	0	0	0.0333238	0.0278791	0	0	0.0772217	-0.00910871	-0.391469
2014-11-01 00:00:00	-2.38377	-0.00905301	0.852415	0	0.0111827	-0.00400619	0.0271219	0	0.113091	0	0	0	0	0	0.716405	-0.0108592	0.0167593	0	0	0.0318376	0.0269947	0	0	0.0776513	-0.00960943	-0.543844
2014-11-02 00:00:00	-0.329209	-0.376827	0.72274	0	-0.0348721	-0.00266444	0.0131097	0	0.0731435	0	0	0	0	0	-0.286194	-0.0108568	0.0167489	0	0	0.0299242	0.0257001	0	0	0.078213	-0.00913855	-0.0901817
2014-11-03 00:00:00	-7.46509	0.353038	0.647096	0	0.178961	-0.00767404	0.0661545	0	0.241652	0	0	0	0	0	4.09193	-0.0108713	0.016779	0	0	0.0324531	0.0271152	0	0	0.0785348	-0.0100558	-1.75997
2014-11-04 00:00:00	-3.81017	-0.0136626	0.653214	0	-0.0224817	-0.00714633	0.0503954	0	0.241125	0	0	0	0	0	1.62647	-0.0108915	0.0168224	0	0	0.0371609	0.0297567	0	0	0.0794701	-0.0106658	-1.1406
2014-11-05 00:00:00	-0.114545	-0.379378	0.51338	0	-0.0618477	-0.00391203	0.0192222	0	0.121577	0	0	0	0	0	-0.453776	-0.0109029	0.0168205	0	0	0.0360053	0.028865	0	0	0.0805655	-0.00980275	-0.217729
2014-11-06 00:00:00	-5.52841	0.354141	0.601055	0	0.13373	-0.00703529	0.0538564	0	0.215307	0	0	0	0	0	2.72923	-0.0109173	0.0168289	0	0	0.0359792	0.0287527	0	0	0.0809112	-0.0103678	-1.30694
2014-11-07 00:00:00	-6.54616	-0.0152124	0.629898	0	0.0788589	-0.0100042	0.0724016	0	0.330049	0	0	0	0	0	3.43501	-0.0109546	0.0168583	0	0	0.0406975	0.0310816	0	0	0.0816245	-0.012006	-1.87786
2014-11-08 00:00:00	-1.30307	-0.0188286	0.618658	0	-0.0980394	-0.00593908	0.0268835	0	0.186764	0	0	0	0	0	-0.0782577	-0.01097	0.0168523	0	0	0.0411911	0.0310057	0	0	0.082743	-0.0110342	-0.522042
2014-11-09 00:00:00	0	-0.502528	0.529649	0	0.0250709	-0.00345435	0.0141078	0	0.0893601	0	0	0	0	0	-0.519739	-0.0109695	0.0168246	0	0	0.0371229	0.0284918	0	0	0.0832497	-0.0097549	-0.222569
2014-11-10 00:00:00	-0.2	-0.280256	0.500106	0	-0.0616145	-0.00340353	0.0153869	0	0.0919657	0	0	0	0	0	-0.206057	-0.0109655	0.0168039	0	0	0.0338006	0.0264909	0	0	0.0834858	-0.00937969	-0.00363768
2014-11-11 00:00:00	-2.61967	0.740682	0.642871	0	0.062243	-0.00392678	0.021701	0	0.105673	0	0	0	0	0	0.643348	-0.0109639	0.0167859	0	0	0.0318076	0.0253142	0	0	0.0835799	-0.00923971	-0.269793
2014-11-12 00:00:00	-3.5919	7.42722E-05	0.604217	0	0.113952	-0.00748102	0.0492373	0	0.228658	0	0	0	0	0	1.75866	-0.0109706	0.0167993	0	0	0.0334473	0.0261804	0	0	0.0836811	-0.00996453	-0.705412
2014-11-13 00:00:00	-2.82753	-0.0113311	0.606829	0	0.0203075	-0.00672631	0.0420156	0	0.229842	0	0	0	0	0	1.17414	-0.0109774	0.016804	0	0	0.0350078	0.0268544	0	0	0.0840842	-0.0105479	-0.631229
2014-11-14 00:00:00	-12.5529	-0.0180805	0.630584	0	0.279805	-0.0235887	0.155098	0	0.798567	0	0	0	0	0	7.57739	-0.0110104	0.0168815	0	0	0.0462972	0.0319888	0	0	0.0841006	-0.0145564	-2.99939
2014-11-15 00:00:00	-0.240801	-0.271989	0.520865	0	-0.24359	-0.00906386	0.0426706	0	0.331636	0	0	0	0	0	-0.677861	-0.0110322	0.0169177	0	0	0.0545258	0.035317	0	0	0.0853573	-0.0129277	-0.379975
2014-11-16 00:00:00	-0.610811	0.0544365	0.516356	0	0.00553327	-0.00475183	0.0229609	0	0.142229	0	0	0	0	0	-0.475536	-0.0110326	0.016889	0	0	0.0481988	0.0320113	0	0	0.0864542	-0.0106933	-0.187755
2014-11-17 00:00:00	-7.52474	0.177791	0.512562	0	0.298318	-0.0135922	0.0972652	0	0.47498	0	0	0	0	0	4.20837	-0.0110538	0.0169312	0	0	0.0479493	0.0320605	0	0	0.0863992	-0.0138535	-1.61061
2014-11-18 00:00:00	-0.05998	-0.436439	0.520231	0	-0.227225	-0.00630627	0.0303102	0	0.261827	0	0	0	0	0	-0.465178	-0.011068	0.0169431	0	0	0.0472074	0.0316778	0	0	0.0870025	-0.0136229	-0.224619
2014-11-19 00:00:00	-1.92202	0.233726	0.525513	0	0.0921069	-0.00444323	0.0222721	0	0.140756	0	0	0	0	0	0.435436	-0.0110697	0.0169282	0	0	0.0422759	0.0289324	0	0	0.0877607	-0.0110949	-0.322923
2014-11-20 00:00:00	-0.240801	-0.195197	0.439658	0	-0.0794118	-0.00437901	0.0188692	0	0.148615	0	0	0	0	0	-0.232915	-0.0110667	0.0169123	0	0	0.0384665	0.026849	0	0	0.0880487	-0.0111771	0.00247117
2014-11-21 00:00:00	-4.12743	0.337896	0.44222	0	0.173128	-0.0088087	0.0515608	0	0.271781	0	0	0	0	0	1.97655	-0.0110789	0.016923	0	0	0.0379203	0.0267289	0	0	0.0882479	-0.0118004	-0.736163
2014-11-22 00:00:00	-3.33063	-0.0228459	0.496951	0	0.00958648	-0.0114914	0.0591927	0	0.377703	0	0	0	0	0	1.62982	-0.0111152	0.0169392	0	0	0.0409885	0.0284516	0	0	0.0883656	-0.0135031	-0.641592
2014-11-23 00:00:00	-0.0408013	-0.347948	0.40265	0	-0.0784395	-0.00641973	0.0279526	0	0.203183	0	0	0	0	0	-0.342254	-0.0111276	0.0169448	0	0	0.039684	0.0277905	0	0	0.0890765	-0.012296	-0.0320041
2014-11-24 00:00:00	-0.114545	-0.291462	0.430195	0	-0.0151127	-0.00258565	0.0115833	0	0.0925291	0	0	0	0	0	-0.377001	-0.0111223	0.0169131	0	0	0.0348136	0.0251766	0	0	0.0895845	-0.0108408	-0.121874
2014-11-25 00:00:00	-0.0408013	-0.350032	0.415129	0	-0.042891	-0.00414756	0.0179376	0	0.0996733	0	0	0	0	0	-0.133704	-0.011119	0.0168992	0	0	0.0329895	0.0242575	0	0	0.0897679	-0.010102	0.103857
2014-11-26 00:00:00	-0.2	-0.165586	0.37747	0	-0.0410118	-0.00295754	0.0131648	0	0.0782106	0	0	0	0	0	-0.136403	-0.0110876	0.0168751	0	0	0.0301234	0.0227415	0	0	0.0898485	-0.00994841	0.0614392
2014-11-27 00:00:00	-0.929872	0.494118	0.410651	0	-0.00530825	-0.00272314	0.0116903	0	0.0710249	0	0	0	0	0	-0.118805	-0.0110882	0.0168423	0	0	0.028151	0.0217233	0	0	0.0898834	-0.00964433	0.0666436
2014-11-28 00:00:00	-0.0446534	-0.340884	0.399803	0	-0.0305914	-0.00190085	0.00873318	0	0.0603746	0	0	0	0	0	-0.196803	-0.011082	0.0168145	0	0	0.0258403	0.0205151	0	0	0.0898874	-0.00954948	-0.0134957
2014-11-29 00:00:00	-0.141583	-0.273478	0.433313	0	-0.06569	-0.00171506	0.00671971	0	0.0493056	0	0	0	0	0	0.0229956	-0.0110705	0.0167856	0	0	0.0240649	0.0196025	0	0	0.0898585	-0.00929168	0.159817
2014-11-30 00:00:00	-0.70219	0.332951	0.351869	0	0.0468542	-0.00316464	0.0140416	0	0.0615586	0	0	0	0	0	-0.246985	-0.0110675	0.0167528	0	0	0.0234257	0.0193399	0	0	0.0897706	-0.00910982	-0.0159543
2014-12-01 00:00:00	-1.03294	0.404976	0.355614	0	0.0056475	-0.00304527	0.0139327	0	0.071538	0	0	0	0	0	0.110601	-0.0110634	0.0167427	0	0	0.0227859	0.0192114	0	0	0.0897292	-0.00919655	0.0545317
2014-12-02 00:00:00	-0.314545	-0.0170257	0.28206	0	0.0110215	-0.00187111	0.00953927	0	0.0609989	0	0	0	0	0	-0.165795	-0.0110544	0.0167077	0	0	0.022069	0.0188455	0	0	0.0896903	-0.00912477	-0.00848388
2014-12-03 00:00:00	-13.6881	0.384612	0.264331	0	0.638768	-0.0357281	0.190285	0	1.06332	0	0	0	0	0	8.27372	-0.0110984	0.0168359	0	0	0.0400399	0.0273382	0	0	0.0890574	-0.0134782	-2.76012
2014-12-04 00:00:00	0	-0.294453	0.306068	0	-0.299993	-0.012149	0.0516735	0	0.455359	0	0	0	0	0	-0.455429	-0.0111348	0.0168914	0	0	0.0532013	0.0333919	0	0	0.0900826	-0.0155104	-0.0820026
2014-12-05 00:00:00	-0.104633	-0.151383	0.269129	0	-0.100915	-0.00693155	0.030468	0	0.220869	0	0	0	0	0	-0.267201	-0.0111425	0.0168677	0	0	0.0474399	0.030459	0	0	0.0912271	-0.0119085	0.0523443
2014-12-06 00:00:00	-7.01085	0.390924	0.355827	0	0.355704	-0.0204598	0.108609	0	0.604339	0	0	0	0	0	3.76742	-0.0111618	0.0169129	0	0	0.0511901	0.0322289	0	0	0.0912985	-0.0142495	-1.28226
2014-12-07 00:00:00	-14.5057	-0.00997287	0.294004	0	0.465967	-0.0558383	0.251235	0	1.72115	0	0	0	0	0	8.66684	-0.0112606	0.0170704	0	0	0.0798306	0.0425763	0	0	0.0907477	-0.0228626	-2.97625
2014-12-08 00:00:00	-2.71578	-0.018409	0.260686	0	-0.308238	-0.0260666	0.100773	0	0.869589	0	0	0	0	0	0.74592	-0.0113447	0.0172008	0	0	0.101172	0.0492573	0	0	0.0935106	-0.0218344	-0.863564
2014-12-09 00:00:00	-10.2518	-0.0179246	0.342872	0	0.436295	-0.044679	0.190391	0	1.35941	0	0	0	0	0	5.50435	-0.0113836	0.017307	0	0	0.10573	0.051307	0	0	0.09481	-0.0241166	-2.24744
2014-12-10 00:00:00	-16.6191	-0.0128054	0.267723	0	0.478812	-0.0789713	0.342206	0	2.59315	0	0	0	0	0	9.07886	-0.0114547	0.017508	0	0	0.147797	0.0654541	0	0	0.0956363	-0.032524	-3.66767
2014-12-11 00:00:00	-3.33286	-0.0148744	0.231573	0	-0.318062	-0.0402918	0.155507	0	1.40529	0	0	0	0	0	0.599509	-0.0115365	0.0176446	0	0	0.170717	0.072098	0	0	0.101338	-0.0266343	-0.990587
2014-12-12 00:00:00	-4.73152	-0.020111	0.250079	0	0.00105012	-0.0339718	0.140969	0	1.18034	0	0	0	0	0	1.60195	-0.011564	0.0176909	0	0	0.157585	0.067773	0	0	0.105155	-0.0246462	-1.29922
2014-12-13 00:00:00	-5.35577	-0.0161276	0.223726	0	0.130221	-0.0368636	0.164715	0	1.36133	0	0	0	0	0	2.11022	-0.0115968	0.0177335	0	0	0.148264	0.0647403	0	0	0.107159	-0.0272683	-1.11952
2014-12-14 00:00:00	-17.9419	-0.0177078	0.309241	0	0.751786	-0.0898851	0.412384	0	3.65291	0	0	0	0	0	9.25982	-0.0116637	0.0178807	0	0	0.179121	0.0759215	0	0	0.107124	-0.0372274	-3.33222
2014-12-15 00:00:00	-4.52938	-0.0158	0.27022	0	-0.438331	-0.0484097	0.209214	0	2.23026	0	0	0	0	0	0.995143	-0.0117187	0.0179635	0	0	0.197318	0.0821772	0	0	0.112758	-0.0342919	-0.962877
2014-12-16 00:00:00	-6.05347	-0.0164714	0.272388	0	0.116257	-0.0471568	0.205558	0	1.98241	0	0	0	0	0	2.05293	-0.0117438	0.0180175	0	0	0.186083	0.0782829	0	0	0.117563	-0.0306136	-1.12996
2014-12-17 00:00:00	-1.91028	-0.0174589	0.335127	0	-0.20594	-0.0287569	0.116511	0	1.25981	0	0	0	0	0	-0.207237	-0.0117585	0.0180535	0	0	0.170047	0.0723646	0	0	0.121922	-0.0280016	-0.315597
2014-12-18 00:00:00	-8.9078	-0.0143263	0.333223	0	0.603047	-0.0577143	0.235627	0	2.29035	0	0	0	0	0	3.82906	-0.0117961	0.0181157	0	0	0.163693	0.0704892	0	0	0.122217	-0.033687	-1.3595
2014-12-19 00:00:00	-7.20402	-0.0149581	0.276453	0	0.00819435	-0.0624074	0.24892	0	2.60667	0	0	0	0	0	2.8215	-0.0118335	0.0182134	0	0	0.171681	0.0739224	0	0	0.123992	-0.0351888	-0.978875
2014-12-20 00:00:00	-1.44739	-0.020326	0.281562	0	-0.371852	-0.0275005	0.105794	0	1.22988	0	0	0	0	0	-0.403107	-0.0118558	0.0182771	0	0	0.161154	0.0703537	0	0	0.128551	-0.0279528	-0.314416
2014-12-21 00:00:00	-13.2229	-0.0105984	0.332694	0	0.980885	-0.081591	0.416973	0	3.64619	0	0	0	0	0	5.90011	-0.0118749	0.0183944	0	0	0.167728	0.0733058	0	0	0.12594	-0.0401903	-1.70493
2014-12-22 00:00:00	-24.293	-0.0188849	0.334859	0	0.559068	-0.160025	0.774398	0	7.66868	0	0	0	0	0	10.669	-0.0119465	0.0186251	0	0	0.248729	0.0991029	0	0	0.122348	-0.0552504	-4.04434
2014-12-23 00:00:00	-7.00939	-0.0138483	0.293997	0	-0.607575	-0.0937351	0.382725	0	4.46538	0	0	0	0	0	1.19891	-0.0120454	0.0187977	0	0	0.293579	0.111959	0	0	0.130837	-0.0470098	-0.887423
2014-12-24 00:00:00	-6.07836	-0.0144968	0.30148	0	0.0849186	-0.0731714	0.290437	0	3.20062	0	0	0	0	0	1.07107	-0.0121181	0.0188793	0	0	0.273786	0.104271	0	0	0.13604	-0.0418279	-0.738468
2014-12-25 00:00:00	-1.07105	-0.020344	0.302945	0	-0.634012	-0.0367239	0.135491	0	1.71889	0	0	0	0	0	-1.10476	-0.0121492	0.0189087	0	0	0.24069	0.0927946	0	0	0.140644	-0.0345779	-0.263253
2014-12-26 00:00:00	-0.2	-0.102709	0.304656	0	0.00715803	-0.0242323	0.0885031	0	0.946172	0	0	0	0	0	-1.08398	-0.012163	0.0189033	0	0	0.20488	0.0803093	0	0	0.143839	-0.0279099	0.34343
2014-12-27 00:00:00	-0.420741	-0.0150799	0.306915	0	-0.191652	-0.0170216	0.062996	0	0.649772	0	0	0	0	0	-0.727799	-0.0121647	0.0188895	0	0	0.174162	0.069661	0	0	0.145573	-0.024754	0.0187557
2014-12-28 00:00:00	-0.8	0.0795628	0.312931	0	-0.0898262	-0.014073	0.0573076	0	0.520369	0	0	0	0	0	-0.396614	-0.0121667	0.0188781	0	0	0.150743	0.061696	0	0	0.146703	-0.0226311	0.0128811
2014-12-29 00:00:00	-0.25998	-0.0378669	0.237762	0	-0.163167	-0.00994825	0.0390495	0	0.365715	0	0	0	0	0	-0.378148	-0.0121809	0.0188589	0	0	0.128601	0.0540922	0	0	0.147576	-0.0206321	0.109732
2014-12-30 00:00:00	-0.0953666	-0.175024	0.277251	0	-0.114759	-0.00744282	0.0290268	0	0.255602	0	0	0	0	0	-0.284211	-0.0121871	0.018842	0	0	0.111281	0.0481788	0	0	0.148278	-0.0185668	0.180903
2014-12-31 00:00:00	-0.323812	-0.0212753	0.346242	0	-0.125702	-0.00651424	0.0256499	0	0.206929	0	0	0	0	0	-0.171031	-0.0121915	0.0188253	0	0	0.0966884	0.043229	0	0	0.14869	-0.0171483	0.20858
2015-01-01 00:00:00	-17.3782	0.168976	0.366939	0	1.78652	-0.110417	0.457935	0	4.25415	0	0	0	0	0	7.84124	-0.0122425	0.0189518	0	0	0.119892	0.0518035	0	0	0.140152	-0.0411327	-2.3354
2015-01-02 00:00:00	-6.50093	-0.0120277	0.290612	0	-0.297864	-0.080352	0.283155	0	3.52733	0	0	0	0	0	2.07918	-0.0123089	0.0191116	0	0	0.150293	0.0612855	0	0	0.141139	-0.0429872	-0.394353
2015-01-03 00:00:00	-2.52229	-0.0187804	0.255311	0	-0.446678	-0.0421818	0.132856	0	1.91914	0	0	0	0	0	0.197658	-0.0123378	0.0191739	0	0	0.14267	0.0578222	0	0	0.145947	-0.0353443	-0.207035
2015-01-04 00:00:00	-0.0854547	-0.163372	0.248593	0	-0.370447	-0.0223489	0.0691667	0	0.957053	0	0	0	0	0	-0.744788	-0.0123603	0.0191752	0	0	0.125116	0.0517835	0	0	0.149622	-0.0282891	0.19345
2015-01-05 00:00:00	-0.219179	-0.12187	0.352919	0	-0.0995912	-0.0137528	0.0451296	0	0.474414	0	0	0	0	0	-0.486094	-0.0123584	0.0191595	0	0	0.105781	0.0455631	0	0	0.152212	-0.0224322	0.219901
2015-01-06 00:00:00	-5.2021	0.245453	0.307387	0	0.625806	-0.0381589	0.140046	0	1.4391	0	0	0	0	0	1.76328	-0.0123742	0.0191802	0	0	0.100709	0.0442195	0	0	0.150098	-0.0293273	-0.446674
2015-01-07 00:00:00	-5.90419	-0.0185828	0.340063	0	0.117214	-0.05295	0.20959	0	2.36363	0	0	0	0	0	2.10509	-0.0124222	0.0192146	0	0	0.104574	0.0451668	0	0	0.147932	-0.0372007	-0.572867
2015-01-08 00:00:00	-7.67646	-0.0155477	0.310921	0	0.272011	-0.070963	0.290972	0	3.0627	0	0	0	0	0	2.82683	-0.0124512	0.0193035	0	0	0.116591	0.0488601	0	0	0.147662	-0.0406888	-0.720261
2015-01-09 00:00:00	-8.34059	-0.0132145	0.348788	0	0.211764	-0.0867369	0.322891	0	3.72809	0	0	0	0	0	2.92715	-0.0125092	0.0193971	0	0	0.133893	0.0542104	0	0	0.1482	-0.0434155	-0.602081
2015-01-10 00:00:00	-11.0031	-0.0125066	0.305871	0	0.361148	-0.116134	0.425474	0	4.78555	0	0	0	0	0	4.01579	-0.0125875	0.0195449	0	0	0.168269	0.065048	0	0	0.149973	-0.0452071	-0.892894
2015-01-11 00:00:00	-13.2778	-0.0442564	0.306823	0	0.145371	-0.125221	0.422159	0	6.56727	0	0	0	0	0	4.30996	-0.0126754	0.019622	0	0	0.192535	0.0664655	0	0	0.148854	-0.0557736	-1.33669
2015-01-12 00:00:00	-8.60981	0.00966346	0.324974	0	-0.266917	-0.108471	0.339218	0	5.36709	0	0	0	0	0	1.904	-0.0127443	0.0196747	0	0	0.192241	0.0619995	0	0	0.15643	-0.0522059	-0.674865
2015-01-13 00:00:00	-3.31795	-0.0121634	0.284046	0	-0.243338	-0.0653809	0.203855	0	3.06382	0	0	0	0	0	-0.153355	-0.0127911	0.0197352	0	0	0.180216	0.0588455	0	0	0.165527	-0.0429554	0.12811
2015-01-14 00:00:00	-7.02448	-0.0180565	0.28986	0	0.10456	-0.081475	0.27729	0	3.47485	0	0	0	0	0	1.84321	-0.0128551	0.0198376	0	0	0.182196	0.0605971	0	0	0.168916	-0.0402001	-0.755747
2015-01-15 00:00:00	-5.66957	-0.0165883	0.346067	0	-0.126056	-0.0829591	0.285403	0	3.33633	0	0	0	0	0	1.1556	-0.0129192	0.0199534	0	0	0.191943	0.0662052	0	0	0.170781	-0.0401731	-0.375982
2015-01-16 00:00:00	0	-0.280864	0.294374	0	-0.640248	-0.0335774	0.106388	0	1.47472	0	0	0	0	0	-1.04467	-0.0129344	0.0199729	0	0	0.175149	0.0622298	0	0	0.175811	-0.0327417	0.263611
2015-01-17 00:00:00	-2.61965	0.255845	0.295278	0	0.295481	-0.0361427	0.121373	0	1.28637	0	0	0	0	0	0.131415	-0.0129404	0.0199809	0	0	0.153901	0.0561182	0	0	0.177213	-0.031157	0.0930829
2015-01-18 00:00:00	-0.92542	-0.0296242	0.256073	0	-0.306177	-0.0231596	0.0620742	0	0.950806	0	0	0	0	0	-0.332111	-0.0129529	0.0199844	0	0	0.134321	0.0503081	0	0	0.178025	-0.0296838	-0.00753635
2015-01-19 00:00:00	0	-0.202834	0.2105	0	-0.302399	-0.0154522	0.0460652	0	0.596232	0	0	0	0	0	-0.412048	-0.0129662	0.0199822	0	0	0.116298	0.0451221	0	0	0.180064	-0.0248698	0.243694
2015-01-20 00:00:00	-0.0545653	-0.193601	0.265886	0	-0.199452	-0.00970023	0.0313879	0	0.345177	0	0	0	0	0	-0.281165	-0.0129658	0.0199807	0	0	0.0992925	0.0403013	0	0	0.181394	-0.0211327	0.210838
2015-01-21 00:00:00	-0.160761	-0.0859067	0.258851	0	-0.188614	-0.00775773	0.0264259	0	0.254819	0	0	0	0	0	-0.166358	-0.0129641	0.0199726	0	0	0.085317	0.0364226	0	0	0.181879	-0.0192337	0.22209
2015-01-22 00:00:00	-0.294485	-0.0648132	0.311013	0	-0.177268	-0.0066524	0.023791	0	0.199828	0	0	0	0	0	-0.0543453	-0.0129652	0.0199618	0	0	0.0732233	0.0332089	0	0	0.181995	-0.0178924	0.214599
2015-01-23 00:00:00	-6.71515	0.499535	0.388756	0	1.0523	-0.0392648	0.150689	0	1.38655	0	0	0	0	0	2.23757	-0.0129831	0.0200087	0	0	0.0821047	0.0364027	0	0	0.180057	-0.0215521	-0.754989
2015-01-24 00:00:00	-0.594585	-0.0229895	0.36868	0	-0.588606	-0.0150537	0.0521552	0	0.814414	0	0	0	0	0	-0.248853	-0.0129974	0.0200346	0	0	0.0882025	0.0383757	0	0	0.179516	-0.0234848	0.0548077
2015-01-25 00:00:00	-3.19508	-0.00732791	0.448595	0	0.377642	-0.0261955	0.100017	0	0.985669	0	0	0	0	0	0.915967	-0.0130044	0.0200476	0	0	0.0843374	0.0372524	0	0	0.178992	-0.0237065	-0.116791
2015-01-26 00:00:00	-0.336168	-0.119246	0.416851	0	-0.408988	-0.0117455	0.0425902	0	0.565983	0	0	0	0	0	-0.259157	-0.0130076	0.0200675	0	0	0.0781543	0.0354529	0	0	0.1793	-0.0227426	0.167344
2015-01-27 00:00:00	-0.299219	-0.143515	0.446794	0	-0.161407	-0.00816889	0.0300859	0	0.268496	0	0	0	0	0	-0.143858	-0.0130078	0.020059	0	0	0.0683575	0.0327028	0	0	0.180619	-0.0185911	0.259347
2015-01-28 00:00:00	-7.24994	0.232865	0.373818	0	1.09968	-0.045651	0.168924	0	1.83573	0	0	0	0	0	2.57719	-0.0130182	0.02009	0	0	0.0729269	0.0337893	0	0	0.176698	-0.0279726	-0.744871
2015-01-29 00:00:00	-2.40814	-0.0297608	0.316823	0	-0.16812	-0.0432629	0.106927	0	1.59517	0	0	0	0	0	0.439462	-0.013023	0.0201468	0	0	0.0818523	0.0364289	0	0	0.175229	-0.0324173	0.0773105
2015-01-30 00:00:00	-1.492	0.00753116	0.371344	0	-0.367709	-0.0257837	0.0734099	0	1.03575	0	0	0	0	0	0.117088	-0.0130216	0.0201593	0	0	0.0782258	0.0354945	0	0	0.177617	-0.0274515	-0.00935311
2015-01-31 00:00:00	-3.30978	-0.00706371	0.342994	0	0.328644	-0.0300847	0.119758	0	1.23396	0	0	0	0	0	0.925155	-0.0130288	0.0201828	0	0	0.0780738	0.0354413	0	0	0.177694	-0.0273172	-0.125371
2015-02-01 00:00:00	0	-0.345016	0.365409	0	-0.5115	-0.0126618	0.0436394	0	0.652083	0	0	0	0	0	-0.259038	-0.0130302	0.0201732	0	0	0.0706031	0.0332396	0	0	0.179065	-0.0245942	0.198372
2015-02-02 00:00:00	0	-0.286487	0.312102	0	-0.341352	-0.0087097	0.0290991	0	0.34115	0	0	0	0	0	-0.200993	-0.0130313	0.0201721	0	0	0.0643696	0.0315443	0	0	0.180548	-0.0197482	0.108664
2015-02-03 00:00:00	-0.207859	-0.08223	0.293674	0	-0.112476	-0.00708881	0.0254217	0	0.210584	0	0	0	0	0	-0.0966415	-0.0130313	0.0201628	0	0	0.0566525	0.0294084	0	0	0.180721	-0.017675	0.279623
2015-02-04 00:00:00	-0.369111	0.0250184	0.346494	0	-0.185557	-0.00622823	0.0220039	0	0.186814	0	0	0	0	0	-0.0339388	-0.0130292	0.0201512	0	0	0.0498788	0.0275643	0	0	0.180369	-0.016916	0.233514
2015-02-05 00:00:00	-1.07811	0.460948	0.410067	0	-0.0454893	-0.00552539	0.0237368	0	0.155885	0	0	0	0	0	0.10467	-0.0130263	0.0201409	0	0	0.0445494	0.0261013	0	0	0.179746	-0.0162268	0.267463
2015-02-06 00:00:00	-0.34002	-0.0971357	0.432738	0	-0.134183	-0.00413603	0.016026	0	0.138263	0	0	0	0	0	0.00419804	-0.0130228	0.0201297	0	0	0.0403178	0.0248852	0	0	0.178951	-0.0159238	0.251088
2015-02-07 00:00:00	-3.80164	0.247746	0.429702	0	0.714908	-0.0154864	0.0859018	0	0.586816	0	0	0	0	0	1.2789	-0.0130266	0.0201324	0	0	0.0405005	0.0246227	0	0	0.176916	-0.0204659	-0.244475
2015-02-08 00:00:00	-0.2	-0.235377	0.44749	0	-0.456929	-0.0075699	0.0298318	0	0.441378	0	0	0	0	0	-0.0736201	-0.0130288	0.0201319	0	0	0.0412705	0.0247756	0	0	0.17649	-0.0215879	0.173255
2015-02-09 00:00:00	0	-0.51578	0.561958	0	-0.0782306	-0.00599975	0.0235376	0	0.182394	0	0	0	0	0	-0.061014	-0.0130253	0.0201239	0	0	0.038252	0.023963	0	0	0.17766	-0.0171742	0.336665
2015-02-10 00:00:00	-0.0446534	-0.43188	0.520125	0	-0.1431	-0.00384601	0.0141147	0	0.125827	0	0	0	0	0	-0.0266307	-0.0130195	0.0201096	0	0	0.034668	0.0230115	0	0	0.177464	-0.0157238	0.236466
2015-02-11 00:00:00	-0.05998	-0.171816	0.480519	0	-0.23389	-0.00319421	0.0116975	0	0.0919455	0	0	0	0	0	-0.0157801	-0.0130126	0.0200901	0	0	0.031557	0.0222293	0	0	0.176938	-0.0146504	0.322652
2015-02-12 00:00:00	-0.244653	-0.0664828	0.523638	0	-0.135792	-0.00394587	0.0125317	0	0.075754	0	0	0	0	0	0.068528	-0.0130098	0.0200815	0	0	0.029597	0.0218006	0	0	0.17573	-0.0140842	0.449693
2015-02-13 00:00:00	-0.11996	-0.111619	0.551032	0	-0.197366	-0.00310184	0.00977954	0	0.0614461	0	0	0	0	0	0.0232579	-0.0130034	0.0200659	0	0	0.0272835	0.0212313	0	0	0.174862	-0.0137959	0.430111
2015-02-14 00:00:00	-0.45998	-0.0576762	0.637647	0	-0.0764673	-0.00317055	0.0108012	0	0.0606846	0	0	0	0	0	0.0871434	-0.0129967	0.0200484	0	0	0.025748	0.0207671	0	0	0.17396	-0.0134546	0.413055
2015-02-15 00:00:00	0	-0.15232	0.640626	0	-0.219611	-0.00229847	0.00677423	0	0.0514697	0	0	0	0	0	-0.0209406	-0.0129928	0.0200387	0	0	0.0242835	0.0204049	0	0	0.172725	-0.0132003	0.514959
2015-02-16 00:00:00	-1.32831	0.676645	0.615183	0	0.0440973	-0.00274145	0.00858914	0	0.048453	0	0	0	0	0	0.113411	-0.0129864	0.0200238	0	0	0.0230301	0.02002	0	0	0.171822	-0.0131099	0.384128
2015-02-17 00:00:00	-0.2	-0.395547	0.625066	0	-0.0625807	-0.00369515	0.0126761	0	0.0749443	0	0	0	0	0	0.168328	-0.0129824	0.0200131	0	0	0.022665	0.0198064	0	0	0.170631	-0.0131698	0.426154
2015-02-18 00:00:00	-1.64309	0.699848	0.741894	0	0.0914958	-0.0038063	0.0138895	0	0.0759121	0	0	0	0	0	0.163418	-0.0129785	0.0200009	0	0	0.0224095	0.0196139	0	0	0.169381	-0.0131197	0.344868
2015-02-19 00:00:00	-1.93484	0.334371	0.724367	0	0.226654	-0.00494609	0.0192637	0	0.125321	0	0	0	0	0	0.396827	-0.0129748	0.0199873	0	0	0.0230139	0.0194627	0	0	0.168183	-0.0137869	0.0909022
2015-02-20 00:00:00	-2.13513	0.199874	0.63868	0	0.226094	-0.00860684	0.0363021	0	0.22843	0	0	0	0	0	0.570512	-0.0129748	0.0199904	0	0	0.0261413	0.0197859	0	0	0.167169	-0.0147118	-0.0384453
2015-02-21 00:00:00	-0.304633	-0.295278	0.611122	0	-0.112851	-0.00506487	0.0217907	0	0.174281	0	0	0	0	0	0.0283068	-0.0129695	0.0199801	0	0	0.0275319	0.0202651	0	0	0.166596	-0.0144636	0.324613
2015-02-22 00:00:00	-4.82083	0.365972	0.592207	0	0.825206	-0.0199646	0.07019	0	0.617617	0	0	0	0	0	1.51666	-0.0129742	0.0199889	0	0	0.0300375	0.0209926	0	0	0.164417	-0.0193871	-0.64987
2015-02-23 00:00:00	-4.49327	-0.00297512	0.640818	0	0.535233	-0.0341378	0.0984702	0	1.25084	0	0	0	0	0	1.31124	-0.0129901	0.0200083	0	0	0.0359823	0.022638	0	0	0.161145	-0.0296494	-0.496637
2015-02-24 00:00:00	-1.59687	-0.00583864	0.695918	0	-0.279355	-0.0216851	0.0594024	0	0.882329	0	0	0	0	0	0.115167	-0.0129874	0.0200093	0	0	0.0375695	0.0230222	0	0	0.163134	-0.0275032	0.0523067
2015-02-25 00:00:00	-0.778377	-0.0864316	0.728314	0	-0.296327	-0.0107206	0.0312746	0	0.438825	0	0	0	0	0	-0.128887	-0.0129834	0.0200014	0	0	0.0363096	0.0226989	0	0	0.166197	-0.0213651	0.108529
2015-02-26 00:00:00	-10.0509	0.0656843	0.752898	0	1.22389	-0.0691949	0.247473	0	2.59654	0	0	0	0	0	3.61268	-0.0130021	0.0200654	0	0	0.0507751	0.0277111	0	0	0.162084	-0.0330224	-1.40631
2015-02-27 00:00:00	-3.56987	-0.0159582	0.762198	0	-0.446968	-0.0469736	0.153387	0	2.05399	0	0	0	0	0	0.547496	-0.0130065	0.0201253	0	0	0.068356	0.0335499	0	0	0.163426	-0.0344248	-0.32468
2015-02-28 00:00:00	-5.61838	-0.0111601	0.855915	0	0.222864	-0.0563363	0.191887	0	2.16597	0	0	0	0	0	1.46434	-0.0130106	0.020171	0	0	0.0773846	0.0366322	0	0	0.164833	-0.0342116	-0.533106
2015-03-01 00:00:00	-11.5132	0.0103897	0.782124	0	0.698225	-0.117018	0.407189	0	4.55165	0	0	0	0	0	3.76475	-0.013044	0.0202871	0	0	0.103853	0.0455001	0	0	0.161955	-0.0435372	-1.14083
2015-03-02 00:00:00	-1.33918	-0.051552	0.710173	0	-0.862954	-0.0433622	0.122812	0	2.01479	0	0	0	0	0	-0.726145	-0.0130584	0.0203485	0	0	0.114505	0.0485863	0	0	0.168512	-0.0355667	0.1279
2015-03-03 00:00:00	-3.05012	0.0427496	0.744249	0	0.174874	-0.0374244	0.126069	0	1.27605	0	0	0	0	0	0.407081	-0.0130638	0.0203765	0	0	0.108315	0.04658	0	0	0.173145	-0.0277051	-0.00882611
2015-03-04 00:00:00	-0.155347	-0.635063	0.838255	0	-0.594173	-0.019297	0.0643381	0	0.831078	0	0	0	0	0	-0.488111	-0.0130672	0.0203725	0	0	0.0996217	0.0438335	0	0	0.174806	-0.0250501	0.142198
2015-03-05 00:00:00	0	-0.583865	0.984084	0	-0.36067	-0.00947187	0.0315731	0	0.32583	0	0	0	0	0	-0.3885	-0.0130691	0.0203632	0	0	0.0858472	0.0394892	0	0	0.176639	-0.0202364	0.288014
2015-03-06 00:00:00	-0.803852	-0.0337171	0.934669	0	-0.154197	-0.00884361	0.0280775	0	0.241892	0	0	0	0	0	-0.191957	-0.0130679	0.0203505	0	0	0.0745958	0.0361575	0	0	0.177053	-0.0180662	0.289094
2015-03-07 00:00:00	-6.45758	1.22599	1.04222	0	1.0122	-0.0296568	0.109126	0	0.97486	0	0	0	0	0	1.58593	-0.0130732	0.020358	0	0	0.0721208	0.034614	0	0	0.174861	-0.023316	-0.271343
2015-03-08 00:00:00	-3.54235	-0.0244585	0.945021	0	-0.116931	-0.0352494	0.12511	0	1.39748	0	0	0	0	0	0.756276	-0.0130803	0.0203931	0	0	0.0794092	0.0367281	0	0	0.172454	-0.0299447	-0.229136
2015-03-09 00:00:00	-1.10665	-0.183501	0.934995	0	-0.352712	-0.0161834	0.0540707	0	0.739175	0	0	0	0	0	-0.148473	-0.0130784	0.0203993	0	0	0.0754878	0.0353808	0	0	0.174691	-0.0247346	0.188867
2015-03-10 00:00:00	-0.229327	-0.546645	0.881585	0	-0.242733	-0.00766677	0.026422	0	0.310138	0	0	0	0	0	-0.206868	-0.0130766	0.0203817	0	0	0.0659535	0.0323587	0	0	0.176752	-0.0194246	0.247851
2015-03-11 00:00:00	-1.25368	0.36705	0.881281	0	-0.207995	-0.00699111	0.0237425	0	0.229356	0	0	0	0	0	-0.0604923	-0.0130757	0.0203659	0	0	0.0579314	0.0300593	0	0	0.177127	-0.0176886	0.226986
2015-03-12 00:00:00	-16.3792	0.339592	1.03791	0	1.99596	-0.124133	0.464027	0	4.71436	0	0	0	0	0	5.89453	-0.0131089	0.0204653	0	0	0.082125	0.0374722	0	0	0.166048	-0.0432283	-1.80717
2015-03-13 00:00:00	-2.93374	0.00164724	0.966403	0	-0.801965	-0.0562268	0.183456	0	2.67986	0	0	0	0	0	-0.119102	-0.0131646	0.020559	0	0	0.108127	0.0452669	0	0	0.17105	-0.0386686	0.213497
2015-03-14 00:00:00	0	-0.847217	0.921362	0	-0.915031	-0.012648	0.0423567	0	0.781297	0	0	0	0	0	-0.389588	-0.0131655	0.0205474	0	0	0.0936203	0.040655	0	0	0.178747	-0.0258559	-0.12492
2015-03-15 00:00:00	0	-0.34972	0.891154	0	-0.15647	-0.0182601	0.0600746	0	0.543545	0	0	0	0	0	-0.623618	-0.013168	0.0205449	0	0	0.0872972	0.0390129	0	0	0.180511	-0.022539	0.638364
2015-03-16 00:00:00	-1.0268	0.0613094	1.05798	0	-0.171605	-0.00792632	0.0257433	0	0.224283	0	0	0	0	0	-0.19821	-0.0131634	0.0205272	0	0	0.0730063	0.0350341	0	0	0.181651	-0.0190485	0.24278
2015-03-17 00:00:00	-0.970909	0.0376649	0.95747	0	-0.0941963	-0.00827597	0.0297962	0	0.235873	0	0	0	0	0	-0.112806	-0.0131626	0.0205127	0	0	0.064716	0.0325343	0	0	0.18122	-0.018342	0.342095
2015-03-18 00:00:00	-0.114545	-0.437405	1.08474	0	-0.408443	-0.00442545	0.0152268	0	0.140087	0	0	0	0	0	-0.176809	-0.0131585	0.0204933	0	0	0.055616	0.0299147	0	0	0.18103	-0.0170686	0.355257
2015-03-19 00:00:00	-0.0408013	-0.262028	1.25464	0	-0.662611	-0.00195693	0.00360902	0	0.0490155	0	0	0	0	0	-0.0772392	-0.0131474	0.0204606	0	0	0.043484	0.0262557	0	0	0.181006	-0.0152804	0.505411
2015-03-20 00:00:00	-0.219179	-0.16801	1.12592	0	-0.111326	-0.00292938	0.00727815	0	0.0375879	0	0	0	0	0	-0.216476	-0.0131458	0.0204571	0	0	0.0399236	0.0251481	0	0	0.179438	-0.0144027	0.690289
2015-03-21 00:00:00	0	-0.15796	0.94643	0	-0.294889	-0.00203859	0.00460048	0	0.0361956	0	0	0	0	0	-0.0964363	-0.0131344	0.020427	0	0	0.0332205	0.0227976	0	0	0.178499	-0.014212	0.6635
2015-03-22 00:00:00	0	-0.173871	1.03243	0	-0.286069	-0.00201755	0.00404516	0	0.0265356	0	0	0	0	0	-0.0901493	-0.0131288	0.0204086	0	0	0.0294325	0.0214097	0	0	0.176999	-0.0136996	0.732325
2015-03-23 00:00:00	0	-0.186877	1.09614	0	-0.210544	-0.00126781	0.00201189	0	0.0210023	0	0	0	0	0	-0.194664	-0.0131201	0.0203745	0	0	0.0252066	0.0197417	0	0	0.175675	-0.0133906	0.740288
2015-03-24 00:00:00	-0.0953666	-0.153635	0.973034	0	-0.083696	-0.00143558	0.00330816	0	0.0174866	0	0	0	0	0	-0.0588536	-0.0131116	0.020348	0	0	0.0222657	0.0185462	0	0	0.174363	-0.0129938	0.81026
2015-03-25 00:00:00	-0.164613	-0.134091	0.986445	0	-0.0620823	-0.0012367	0.00273617	0	0.0224611	0	0	0	0	0	-0.0856571	-0.0131039	0.0203242	0	0	0.0203379	0.0177654	0	0	0.173051	-0.0128341	0.769502
2015-03-26 00:00:00	-4.41548	1.28976	1.17083	0	0.443288	-0.00687176	0.0273803	0	0.0818353	0	0	0	0	0	0.92601	-0.0131072	0.0203297	0	0	0.0237294	0.0184794	0	0	0.171418	-0.0128225	-0.275226
2015-03-27 00:00:00	-0.794803	-0.610478	1.12492	0	0.0132543	-0.00470143	0.017355	0	0.109709	0	0	0	0	0	0.197326	-0.0131066	0.0203256	0	0	0.0284333	0.0201688	0	0	0.17038	-0.0133028	0.265482
2015-03-28 00:00:00	-8.30799	1.3724	1.29374	0	1.25711	-0.0260829	0.114708	0	0.631551	0	0	0	0	0	2.23235	-0.013123	0.0203777	0	0	0.0414922	0.0253477	0	0	0.169297	-0.0150055	-1.20381
2015-03-29 00:00:00	-2.83501	0.166736	1.26955	0	0.0630527	-0.0200312	0.0857248	0	0.635519	0	0	0	0	0	0.36977	-0.0131348	0.0204196	0	0	0.0570832	0.0313317	0	0	0.168659	-0.018507	-0.0188417
2015-03-30 00:00:00	-7.69811	0.439289	1.22703	0	1.07351	-0.0416066	0.176619	0	1.42063	0	0	0	0	0	2.09659	-0.0131465	0.0204469	0	0	0.0635224	0.0333194	0	0	0.165889	-0.0277066	-1.06372
2015-03-31 00:00:00	-2.82507	-0.122699	1.26202	0	-0.214603	-0.0249656	0.0794778	0	1.18588	0	0	0	0	0	0.215876	-0.0131569	0.0204605	0	0	0.0674887	0.0336225	0	0	0.167144	-0.0283853	-0.196912
2015-04-01 00:00:00	-1.15336	-0.384356	1.23091	0	-0.177803	-0.010974	0.0353653	0	0.5709	0	0	0	0	0	-0.178809	-0.0131537	0.0204444	0	0	0.061927	0.0310014	0	0	0.171151	-0.0209854	0.18226
2015-04-02 00:00:00	-3.31114	-0.325346	1.42765	0	-0.0165248	-0.0112821	0.0349881	0	1.00184	0	0	0	0	0	0.714581	-0.013147	0.0204275	0	0	0.0590984	0.0286818	0	0	0.171622	-0.0182544	-0.236811
2015-04-03 00:00:00	-4.15632	0.752935	1.41214	0	0.257965	-0.0191414	0.0697412	0	0.890536	0	0	0	0	0	0.558546	-0.0131503	0.0204303	0	0	0.0598024	0.028062	0	0	0.171619	-0.0194909	0.0136709
2015-04-04 00:00:00	-0.109131	-0.999198	1.53515	0	-0.564324	-0.00830142	0.0308086	0	0.381136	0	0	0	0	0	-0.324496	-0.0131485	0.0204278	0	0	0.0583303	0.0282047	0	0	0.171944	-0.0200331	0.187372
2015-04-05 00:00:00	0	-0.444547	1.89788	0	-1.06971	-0.00196252	0.00316717	0	0.0713437	0	0	0	0	0	-0.310095	-0.0131352	0.0203943	0	0	0.0452569	0.025386	0	0	0.173448	-0.0156058	0.38182
2015-04-06 00:00:00	-0.72651	-0.340008	2.26205	0	-0.340812	-0.00269153	0.00610903	0	0.0460039	0	0	0	0	0	-0.388147	-0.0131333	0.0203889	0	0	0.0409392	0.0240416	0	0	0.172322	-0.0140444	0.746507
2015-04-07 00:00:00	-0.0845553	-0.242262	1.4804	0	-0.519959	-0.00139419	0.00134669	0	0.0317601	0	0	0	0	0	-0.247162	-0.0131194	0.0203575	0	0	0.0329008	0.0213297	0	0	0.171524	-0.0136856	0.637479
2015-04-08 00:00:00	-0.597302	-0.468026	3.05417	0	-0.396639	-0.000736239	0.000776469	0	0.0115682	0	0	0	0	0	-0.57691	-0.013108	0.020333	0	0	0.0267556	0.0190038	0	0	0.170225	-0.0129678	1.23714
2015-04-09 00:00:00	-0.0545653	-0.165026	2.45603	0	-0.326892	-0.00022975	0.000350961	0	0.00873841	0	0	0	0	0	-0.602599	-0.0130933	0.0203003	0	0	0.0206094	0.0165778	0	0	0.168709	-0.0124353	1.51648
2015-04-10 00:00:00	-0.0545653	-0.00366457	2.50092	0	-0.26943	-4.44074E-05	0.000309011	0	0.00380567	0	0	0	0	0	-0.589462	-0.0130757	0.020268	0	0	0.015961	0.0146138	0	0	0.166932	-0.0115481	1.78102
2015-04-11 00:00:00	-2.57756	0.682883	1.55069	0	0.0736599	-3.54252E-05	0.000414334	0	0.0021975	0	0	0	0	0	0.339929	-0.013062	0.0202319	0	0	0.0143116	0.0142271	0	0	0.165807	-0.0111836	0.262509
2015-04-12 00:00:00	-6.33091	1.06837	1.46384	0	0.871717	-0.00330738	0.0180802	0	0.0451373	0	0	0	0	0	1.43638	-0.013074	0.0202674	0	0	0.0204657	0.0161212	0	0	0.163782	-0.0112976	-1.23443
2015-04-13 00:00:00	-2.71	-0.586114	1.63186	0	0.465737	-0.00407618	0.0199875	0	0.148038	0	0	0	0	0	0.658358	-0.0130758	0.0202701	0	0	0.0287954	0.0188835	0	0	0.163294	-0.0119792	-0.170023
2015-04-14 00:00:00	-0.143872	-0.58128	1.80498	0	-0.387372	-0.000459833	0.00228189	0	0.116658	0	0	0	0	0	-0.328789	-0.0130652	0.0202466	0	0	0.0283165	0.0186098	0	0	0.162933	-0.0119057	0.687284
2015-04-15 00:00:00	-2.71613	0.666741	1.71978	0	0.16435	-0.0012852	0.00543517	0	0.0263837	0	0	0	0	0	0.168891	-0.0130548	0.0202211	0	0	0.0254456	0.0181386	0	0	0.162208	-0.0115952	0.235531
2015-04-16 00:00:00	-0.769328	-0.787776	2.28711	0	-0.17576	-0.00264406	0.0103955	0	0.0739597	0	0	0	0	0	-0.0771835	-0.0130481	0.0202056	0	0	0.024732	0.0179718	0	0	0.160718	-0.0117429	0.757606
2015-04-17 00:00:00	-0.0545653	-0.333651	1.74447	0	-0.287107	-0.000373705	0.000754385	0	0.0241799	0	0	0	0	0	-0.383267	-0.0130176	0.0201719	0	0	0.0207379	0.0163241	0	0	0.15973	-0.0116012	0.902784
2015-04-18 00:00:00	0	-0.0831183	2.24178	0	-0.567326	-2.496E-05	2.52784E-05	0	0.00706496	0	0	0	0	0	-0.408314	-0.012988	0.0201317	0	0	0.016392	0.0145563	0	0	0.158542	-0.0112189	1.37551
2015-04-19 00:00:00	-0.281603	-0.0301218	1.45227	0	-0.056096	-3.34196E-05	0.000137855	0	0.000965345	0	0	0	0	0	-0.294508	-0.0129488	0.0201186	0	0	0.0144053	0.0137924	0	0	0.156724	-0.0107733	0.972327
2015-04-20 00:00:00	-0.0446534	-0.0159632	1.79802	0	-0.115238	-4.14525E-05	0.000190272	0	0.000355393	0	0	0	0	0	-0.433865	-0.0129367	0.0200825	0	0	0.0124125	0.0127581	0	0	0.155049	-0.0105912	1.36558
2015-04-21 00:00:00	0	0	3.57779	0	-0.207469	-1.72521E-06	5.33588E-05	0	0	0	0	0	0	0	-0.992061	-0.0129266	0.0200165	0	0	0.00883758	0.0109009	0	0	0.153384	-0.0104275	2.5481
2015-04-22 00:00:00	-0.0545653	0	3.32152	0	-0.0647864	-8.13559E-06	7.50635E-05	0	0	0	0	0	0	0	-0.862064	-0.0128984	0.0199817	0	0	0.00610082	0.00934403	0	0	0.151431	-0.0101651	2.50397
2015-04-23 00:00:00	0	0	2.59696	0	-0.0142926	-2.4869E-05	9.93005E-05	0	0	0	0	0	0	0	-0.639347	-0.0128734	0.0199458	0	0	0.00478406	0.00858862	0	0	0.149206	-0.00992327	2.10313
2015-04-24 00:00:00	-1.13644	0	2.14719	0	0.0405707	-7.60566E-05	0.000138276	0	0	0	0	0	0	0	-0.127896	-0.012852	0.0199207	0	0	0.00507297	0.00890072	0	0	0.147209	-0.00976927	1.08197
2015-04-25 00:00:00	-4.55524	1.17791	1.80582	0	0.15095	-0.000102653	0.00105149	0	0	0	0	0	0	0	0.61792	-0.0128304	0.0199252	0	0	0.00696042	0.00977227	0	0	0.145425	-0.00974917	-0.642184
2015-04-26 00:00:00	-2.06179	-0.426396	1.60734	0	0.237092	-0.000170826	0.00324433	0	0.00575753	0	0	0	0	0	0.474354	-0.0128261	0.019911	0	0	0.00826272	0.0103075	0	0	0.143962	-0.00986663	-0.000818697
2015-04-27 00:00:00	-1.57883	-0.01493	1.60123	0	0.134438	-8.64216E-05	0.00199559	0	0.0255831	0	0	0	0	0	0.0795934	-0.0128112	0.0198849	0	0	0.0098105	0.0110585	0	0	0.143002	-0.00997056	0.409962
2015-04-28 00:00:00	-1.69922	-0.0411491	1.7647	0	-0.0149321	-6.31179E-05	0.00109782	0	0.0290317	0	0	0	0	0	0.160533	-0.0128011	0.019861	0	0	0.0106419	0.0115496	0	0	0.141898	-0.00999581	0.361149
2015-04-29 00:00:00	-4.99551	1.04331	1.84561	0	0.314942	-0.000274968	0.00291207	0	0.0227392	0	0	0	0	0	0.657231	-0.012797	0.019845	0	0	0.011831	0.0121847	0	0	0.140788	-0.01003	-0.947222
2015-04-30 00:00:00	-1.46383	-0.358489	1.82832	0	0.0252936	-0.000541907	0.00321063	0	0.0475045	0	0	0	0	0	0.112811	-0.0127886	0.01983	0	0	0.0125989	0.0126684	0	0	0.140068	-0.0103298	0.356329
2015-05-01 00:00:00	-1.99915	0.153695	1.77022	0	0.0441457	-0.000414844	0.00209175	0	0.0352719	0	0	0	0	0	0.137261	-0.0127748	0.019803	0	0	0.0130413	0.0127594	0	0	0.13936	-0.0102452	0.305061
2015-05-02 00:00:00	-0.710729	-0.725722	1.68758	0	-0.0543294	-0.000275799	0.00149992	0	0.0234358	0	0	0	0	0	0.0368506	-0.0127533	0.0197774	0	0	0.013088	0.0128269	0	0	0.138602	-0.0101921	0.419655
2015-05-03 00:00:00	-7.68791	1.38817	2.02014	0	0.604434	-0.00678834	0.0294357	0	0.100544	0	0	0	0	0	1.83193	-0.0127597	0.0198085	0	0	0.0183186	0.0152053	0	0	0.137507	-0.0118441	-1.55382
2015-05-04 00:00:00	-1.29744	-0.413792	2.21255	0	-0.170049	-0.00449176	0.0199501	0	0.0952246	0	0	0	0	0	-0.170112	-0.0127675	0.0198126	0	0	0.0234593	0.0185182	0	0	0.13723	-0.0137499	0.444341
2015-05-05 00:00:00	-6.65025	0.453634	2.15768	0	0.759423	-0.0145674	0.0669846	0	0.275682	0	0	0	0	0	1.66161	-0.0127787	0.0198279	0	0	0.027613	0.0210463	0	0	0.137007	-0.0159318	-1.11302
2015-05-06 00:00:00	-8.26232	0.506468	2.16968	0	0.628383	-0.0259188	0.13529	0	0.748716	0	0	0	0	0	2.17264	-0.0128104	0.0198821	0	0	0.0396688	0.0269177	0	0	0.137715	-0.0211848	-1.73687
2015-05-07 00:00:00	-0.204497	-1.20418	1.95568	0	-0.374992	-0.0092809	0.043672	0	0.369995	0	0	0	0	0	-0.442521	-0.01282	0.0198885	0	0	0.0444103	0.02876	0	0	0.14106	-0.0186376	0.336537
2015-05-08 00:00:00	-1.72786	-0.000933086	2.32327	0	-0.202183	-0.00429284	0.0170888	0	0.0961568	0	0	0	0	0	-0.248703	-0.012811	0.0198611	0	0	0.0392882	0.0267152	0	0	0.143098	-0.0135681	0.455125
2015-05-09 00:00:00	-5.4107	1.04675	2.20462	0	0.502803	-0.0112746	0.0661558	0	0.302339	0	0	0	0	0	0.852722	-0.01281	0.0198554	0	0	0.038842	0.025825	0	0	0.142696	-0.0146058	-0.246782
2015-05-10 00:00:00	-4.40976	0.162611	2.45098	0	0.10743	-0.0128273	0.069026	0	0.501072	0	0	0	0	0	0.652015	-0.0128137	0.0198581	0	0	0.0412433	0.0262824	0	0	0.141763	-0.0190068	-0.282129
2015-05-11 00:00:00	-5.09369	0.0634392	2.65696	0	0.139726	-0.0177411	0.0812352	0	0.631642	0	0	0	0	0	0.879057	-0.01282	0.0198727	0	0	0.0452728	0.0277834	0	0	0.14245	-0.0188482	-0.455666
2015-05-12 00:00:00	-0.583265	-1.20175	2.37297	0	-0.398769	-0.0061	0.0281304	0	0.296934	0	0	0	0	0	-0.3541	-0.012817	0.019865	0	0	0.0448217	0.0277047	0	0	0.144191	-0.0166829	0.361129
2015-05-13 00:00:00	0	-0.511001	2.21839	0	-0.732587	-0.000766471	0.00149865	0	0.0363547	0	0	0	0	0	-0.561237	-0.0127989	0.0198215	0	0	0.0350172	0.0239304	0	0	0.145361	-0.0135327	0.648453
2015-05-14 00:00:00	0	-0.355878	2.01492	0	-0.738747	-0.000806328	0.000863571	0	0.0118477	0	0	0	0	0	-0.454581	-0.0127916	0.0198058	0	0	0.0303854	0.0218549	0	0	0.144993	-0.0121121	0.669753
2015-05-15 00:00:00	-1.14568	-0.242644	2.53881	0	-0.36056	-0.000506068	0.000192739	0	0.00819285	0	0	0	0	0	-0.227657	-0.0127784	0.019769	0	0	0.0249664	0.0194042	0	0	0.144567	-0.0117555	0.754321
2015-05-16 00:00:00	-1.88101	0.0371413	2.35616	0	0.0759556	-0.000468887	0.000814915	0	0.0065941	0	0	0	0	0	-0.232288	-0.0127804	0.0197484	0	0	0.0224786	0.0181968	0	0	0.143822	-0.011373	0.542989
2015-05-17 00:00:00	-6.25739	1.46568	2.44929	0	0.836717	-0.00424565	0.0130268	0	0.0749914	0	0	0	0	0	1.02571	-0.0127815	0.0197433	0	0	0.0231827	0.0180186	0	0	0.142806	-0.0115874	-0.216839
2015-05-18 00:00:00	-4.47804	0.323537	2.40405	0	0.557612	-0.00553619	0.0195766	0	0.174493	0	0	0	0	0	0.644393	-0.012783	0.0197301	0	0	0.0265511	0.01811	0	0	0.142397	-0.0132114	-0.179117
2015-05-19 00:00:00	-2.66192	-0.25721	2.35018	0	0.00788875	-0.00548172	0.0164811	0	0.251666	0	0	0	0	0	0.221994	-0.0127798	0.0197092	0	0	0.0273999	0.0181545	0	0	0.142105	-0.0145094	0.103675
2015-05-20 00:00:00	0	-1.16199	2.40074	0	-0.56891	-0.00193125	0.00535278	0	0.128454	0	0	0	0	0	-0.379889	-0.0127719	0.0196855	0	0	0.0258332	0.0179254	0	0	0.142353	-0.0132226	0.601631
2015-05-21 00:00:00	-2.0041	-0.122547	2.5524	0	-0.00300703	-0.000680802	0.00128798	0	0.0242396	0	0	0	0	0	-0.096196	-0.0127595	0.0196433	0	0	0.0222869	0.0172457	0	0	0.142577	-0.0116327	0.528765
2015-05-22 00:00:00	0	-0.376707	2.55072	0	-0.732966	-0.000836455	0.00127553	0	0.0208739	0	0	0	0	0	-0.67752	-0.0127549	0.0196224	0	0	0.0192991	0.0158703	0	0	0.141564	-0.0111846	0.957253
2015-05-23 00:00:00	0	-0.407736	4.62762	0	-0.634345	-0.000351713	0.000150917	0	0.00618973	0	0	0	0	0	-1.59293	-0.0127332	0.0195752	0	0	0.0130512	0.0128971	0	0	0.140699	-0.0108493	2.16124
2015-05-24 00:00:00	-1.26496	0	2.53777	0	0.061662	-5.38187E-06	0.000126454	0	0.00336601	0	0	0	0	0	-0.260653	-0.0127177	0.0195231	0	0	0.0100049	0.0116189	0	0	0.139697	-0.0102161	1.23522
2015-05-25 00:00:00	0	0	2.31008	0	-0.144229	-1.67423E-05	0.000136561	0	0.00124128	0	0	0	0	0	-0.728594	-0.0127068	0.0194966	0	0	0.00883972	0.0109545	0	0	0.138275	-0.00983849	1.59364
2015-05-26 00:00:00	0	0	2.23452	0	-0.0891965	0	0	0	0.000632823	0	0	0	0	0	-0.530227	-0.0126566	0.0194288	0	0	0.0072739	0.0101348	0	0	0.137573	-0.00969169	1.76779
2015-05-27 00:00:00	-5.55387	1.3059	2.56588	0	0.201736	-6.1464E-05	0.000422577	0	0.000402573	0	0	0	0	0	0.582179	-0.0126634	0.0194388	0	0	0.00984049	0.0109022	0	0	0.136311	-0.00957303	-0.743157
2015-05-28 00:00:00	-6.65524	0.867701	2.55042	0	0.753166	-0.000318586	0.00423954	0	0.0215626	0	0	0	0	0	1.36178	-0.0126689	0.0194396	0	0	0.0129835	0.0119993	0	0	0.135485	-0.00979904	-0.939239
2015-05-29 00:00:00	-0.14002	-1.41934	2.38897	0	-0.195662	-9.89672E-05	0.00105861	0	0.0360338	0	0	0	0	0	-0.270543	-0.0126624	0.0194226	0	0	0.0157533	0.0132663	0	0	0.135147	-0.0101383	0.56119
2015-05-30 00:00:00	-1.34412	-0.201245	2.41794	0	-0.15196	-1.06658E-07	0.000140211	0	0.0092128	0	0	0	0	0	-0.0979898	-0.0126441	0.0193826	0	0	0.0142556	0.0133888	0	0	0.134633	-0.00995681	0.791044
2015-05-31 00:00:00	-8.63673	1.79479	2.48662	0	0.940108	-0.00485398	0.0264245	0	0.0884648	0	0	0	0	0	1.81381	-0.0126593	0.0194296	0	0	0.0210003	0.0159533	0	0	0.133367	-0.0102436	-1.32452
2015-06-01 00:00:00	-6.98572	0.195566	2.41697	0	0.370268	-0.0178295	0.0836587	0	0.411649	0	0	0	0	0	1.7877	-0.0126764	0.0194933	0	0	0.0359487	0.0231697	0	0	0.133702	-0.0117631	-1.54987
2015-06-02 00:00:00	-0.196148	-1.49584	2.56881	0	-0.439252	-0.00598075	0.0313211	0	0.205545	0	0	0	0	0	-0.402366	-0.0126744	0.0195021	0	0	0.0416043	0.0261893	0	0	0.134344	-0.0117075	0.463344
2015-06-03 00:00:00	-0.194585	-0.510867	2.56372	0	-0.48456	-0.000196811	0.000703798	0	0.00892257	0	0	0	0	0	-0.729502	-0.012656	0.0194581	0	0	0.032857	0.0229208	0	0	0.134413	-0.0111005	0.839529
2015-06-04 00:00:00	-0.109131	-0.434715	2.78106	0	-0.669446	-0.000339373	0.000477219	0	0.00398909	0	0	0	0	0	-0.605364	-0.0126425	0.0194085	0	0	0.0255682	0.0196126	0	0	0.1337	-0.0108082	1.14137
2015-06-05 00:00:00	-0.0893068	-0.0945039	2.61297	0	-0.160026	-7.43649E-07	3.32658E-05	0	0.00128967	0	0	0	0	0	-1.00397	-0.0126348	0.01938	0	0	0.0203182	0.0172691	0	0	0.132888	-0.0103808	1.43332
2015-06-06 00:00:00	-1.22554	0.129371	2.57809	0	-0.0251328	0	7.63357E-05	0	0.00108814	0	0	0	0	0	-0.540473	-0.0126283	0.0193535	0	0	0.0161378	0.0152426	0	0	0.131584	-0.0100077	1.07717
2015-06-07 00:00:00	-0.0446534	-0.136212	2.47688	0	-0.0627729	0	7.38086E-05	0	0.00064429	0	0	0	0	0	-0.771374	-0.0126133	0.019321	0	0	0.0129357	0.0135753	0	0	0.130533	-0.00975552	1.61659
2015-06-08 00:00:00	0	0	2.51978	0	-0.0425099	0	7.29544E-05	0	4.38977E-05	0	0	0	0	0	-0.837088	-0.0125844	0.0192893	0	0	0.0103233	0.0122014	0	0	0.129091	-0.00951988	1.7891
2015-06-09 00:00:00	-0.0545653	0	3.76445	0	-0.0612686	0	1.93441E-05	0	0	0	0	0	0	0	-1.34235	-0.0125499	0.0192438	0	0	0.0074015	0.010442	0	0	0.127829	-0.00934985	2.4493
2015-06-10 00:00:00	0	0	4.14786	0	-0.0411317	0	0	0	0	0	0	0	0	0	-1.51456	-0.0124907	0.0192055	0	0	0.00496851	0.00873918	0	0	0.126185	-0.00911128	2.72967
2015-06-11 00:00:00	0	0	3.50333	0	-0.0144742	0	7.32109E-06	0	0	0	0	0	0	0	-1.26929	-0.0124278	0.019162	0	0	0.00358195	0.00764381	0	0	0.124409	-0.00886209	2.35308
2015-06-12 00:00:00	-0.988485	0	4.08683	0	-0.0071254	0	3.70057E-05	0	0	0	0	0	0	0	-1.12854	-0.0123781	0.0191008	0	0	0.00286039	0.00695682	0	0	0.122458	-0.00867774	2.09304
2015-06-13 00:00:00	-0.933061	0	2.62512	0	0.0101399	0	0.000111453	0	0	0	0	0	0	0	-0.562709	-0.0123556	0.0190645	0	0	0.00289205	0.00697454	0	0	0.120862	-0.00853767	1.2685
2015-06-14 00:00:00	-2.30307	0.00940302	2.57851	0	0.069767	-6.2037E-06	0.000373159	0	0	0	0	0	0	0	-0.0457935	-0.0123554	0.0190501	0	0	0.00343213	0.00746726	0	0	0.119143	-0.00849597	0.437423
2015-06-15 00:00:00	-0.814663	-0.00940302	2.91181	0	-0.0315634	-3.1619E-07	5.87807E-05	0	0	0	0	0	0	0	-0.756477	-0.0123373	0.0190237	0	0	0.00372784	0.00769188	0	0	0.118005	-0.00852242	1.42735
2015-06-16 00:00:00	-0.4	0	2.74909	0	-0.0397534	0	0	0	0	0	0	0	0	0	-0.779699	-0.0123021	0.0189727	0	0	0.0035145	0.00751731	0	0	0.117227	-0.00849004	1.65608
2015-06-17 00:00:00	-1.49241	0	2.91748	0	0.0127764	0	5.5359E-05	0	0	0	0	0	0	0	-0.658044	-0.0122911	0.0189463	0	0	0.00347152	0.00744906	0	0	0.115843	-0.0084326	0.904839
2015-06-18 00:00:00	0	0	2.47949	0	-0.00972548	0	4.68423E-05	0	0	0	0	0	0	0	-1.00881	-0.0122775	0.0189036	0	0	0.00321074	0.00718428	0	0	0.114405	-0.00837708	1.58405
2015-06-19 00:00:00	-0.239239	0	2.60867	0	-0.00534698	0	6.80124E-05	0	0	0	0	0	0	0	-0.961928	-0.0122581	0.018858	0	0	0.00288151	0.00686978	0	0	0.113191	-0.0083113	1.52345
2015-06-20 00:00:00	-1.07686	0	2.85308	0	0.00322616	0	0.0001371	0	0	0	0	0	0	0	-0.723352	-0.0122191	0.0187823	0	0	0.00255913	0.00655017	0	0	0.111934	-0.0082381	1.1756
2015-06-21 00:00:00	-1.34112	0.0511572	2.74156	0	0.00815358	0	0.000188017	0	0	0	0	0	0	0	-0.588581	-0.0121794	0.0187548	0	0	0.00238841	0.00632282	0	0	0.110818	-0.00816876	0.989294
2015-06-22 00:00:00	-2.90183	0.565975	2.87068	0	0.0133685	0	0.000255586	0	0	0	0	0	0	0	-0.237554	-0.0121525	0.0187313	0	0	0.00227947	0.00614297	0	0	0.109811	-0.00811015	0.427604
2015-06-23 00:00:00	0	-0.617095	2.9492	0	-0.017502	0	0.000130942	0	0	0	0	0	0	0	-1.02922	-0.012135	0.0186946	0	0	0.00209007	0.00588519	0	0	0.108944	-0.00806862	1.40093
2015-06-24 00:00:00	-1.01373	0	2.99954	0	0.00116624	0	0.000142948	0	0	0	0	0	0	0	-0.869993	-0.0121163	0.018635	0	0	0.00191621	0.00564405	0	0	0.107917	-0.00801746	1.23111
2015-06-25 00:00:00	-2.16949	0.013665	3.17567	0	0.0348369	0	0.000490734	0	0	0	0	0	0	0	-0.562197	-0.0120937	0.0186106	0	0	0.00181012	0.00544731	0	0	0.10682	-0.00796237	0.605606
2015-06-26 00:00:00	-0.710012	-0.013665	2.96821	0	-0.0292797	0	8.55644E-05	0	0	0	0	0	0	0	-0.925475	-0.0120788	0.0185777	0	0	0.00173535	0.00532761	0	0	0.105812	-0.00790561	1.40133
2015-06-27 00:00:00	0	0	2.75921	0	-0.0035549	0	8.55743E-05	0	0	0	0	0	0	0	-1.37355	-0.0120482	0.0185321	0	0	0.00161633	0.0052528	0	0	0.105186	-0.00787671	1.49286
2015-06-28 00:00:00	-3.96291	0.812968	3.20388	0	-0.00255923	0	0.000175668	0	0	0	0	0	0	0	0.124119	-0.0120398	0.0184979	0	0	0.00165982	0.00520259	0	0	0.104126	-0.0078318	0.285293
2015-06-29 00:00:00	-0.0854547	-0.807239	3.04249	0	-0.00976643	0	0.000198362	0	0	0	0	0	0	0	-1.08465	-0.0120093	0.0184767	0	0	0.00152389	0.00485149	0	0	0.103778	-0.00782074	1.16438
2015-06-30 00:00:00	-0.0545653	-0.00573179	3.19243	0	-0.0236559	0	3.22348E-05	0	0	0	0	0	0	0	-1.55695	-0.0119869	0.0184162	0	0	0.00134159	0.00463251	0	0	0.102721	-0.00776273	1.65892
2015-07-01 00:00:00	0	0	3.76972	0	-0.0272333	0	0	0	0	0	0	0	0	0	-1.88266	-0.0119573	0.0183712	0	0	0.00110884	0.00426597	0	0	0.101774	-0.00770887	1.96568
2015-07-02 00:00:00	-1.01238	0	3.10536	0	0.00582379	0	8.47386E-05	0	0	0	0	0	0	0	-1.08944	-0.0119321	0.0183377	0	0	0.00105788	0.00415512	0	0	0.100701	-0.00763993	1.11413
2015-07-03 00:00:00	-0.0545653	0	4.11956	0	-0.0186651	0	0	0	0	0	0	0	0	0	-2.10346	-0.0118912	0.0182956	0	0	0.000850248	0.00376594	0	0	0.0998171	-0.0075942	2.04611
2015-07-04 00:00:00	-9.18378	2.0923	3.20489	0	0.12905	0	0.00153565	0	0	0	0	0	0	0	1.68681	-0.01188	0.018269	0	0	0.00104362	0.00369982	0	0	0.0987653	-0.00752551	-1.96682
2015-07-05 00:00:00	-0.467412	-1.33423	3.03474	0	-0.0165398	0	0.000707994	0	0	0	0	0	0	0	-0.650384	-0.0118719	0.0182412	0	0	0.00129285	0.00377989	0	0	0.0985861	-0.00751739	0.669392
2015-07-06 00:00:00	-4.65039	1.25732	3.07265	0	0.0344227	0	0.000908198	0	2.95215E-05	0	0	0	0	0	0.126326	-0.0118553	0.0182079	0	0	0.00140078	0.0038443	0	0	0.098156	-0.0075093	-0.0564933
2015-07-07 00:00:00	-2.23512	-0.410811	3.40218	0	-0.00784914	0	0.00047268	0	1.83047E-05	0	0	0	0	0	-0.441629	-0.0118378	0.0181778	0	0	0.00151933	0.00386905	0	0	0.0978547	-0.0075048	0.409342
2015-07-08 00:00:00	-2.80445	0.227002	2.96972	0	0.0167939	0	0.000709958	0	1.57209E-06	0	0	0	0	0	-0.281366	-0.0118167	0.0181486	0	0	0.00157719	0.00388766	0	0	0.0973918	-0.00749047	0.230111
2015-07-09 00:00:00	0	-1.35261	2.95071	0	-0.0252387	0	0.000343457	0	7.2302E-05	0	0	0	0	0	-0.918355	-0.0118041	0.0181161	0	0	0.00162413	0.0039428	0	0	0.0970452	-0.00748242	0.756364
2015-07-10 00:00:00	-1.14518	-0.167613	3.01871	0	-0.00396743	0	0.000196647	0	0.000120275	0	0	0	0	0	-1.02185	-0.0117608	0.0180699	0	0	0.00154698	0.00408448	0	0	0.0967411	-0.00746999	0.781626
2015-07-11 00:00:00	-1.03605	-0.105878	3.17853	0	-0.00621415	0	0.000197028	0	5.7203E-05	0	0	0	0	0	-1.1438	-0.0117278	0.0180335	0	0	0.00144276	0.0039677	0	0	0.0960843	-0.00744251	0.987196
2015-07-12 00:00:00	-0.14002	-0.138002	2.78031	0	-0.0398774	0	4.93125E-05	0	3.65943E-05	0	0	0	0	0	-1.38194	-0.0117031	0.0180029	0	0	0.00131661	0.00396145	0	0	0.0954466	-0.00740984	1.18017
2015-07-13 00:00:00	-3.98705	1.20879	2.99795	0	0.037283	0	0.000255887	0	0	0	0	0	0	0	-0.243481	-0.0117174	0.0179462	0	0	0.0013181	0.00411245	0	0	0.0948997	-0.00738516	0.112927
2015-07-14 00:00:00	0	-1.24356	2.86626	0	-0.0177475	0	0.000191673	0	9.88726E-05	0	0	0	0	0	-0.95086	-0.0117074	0.0179117	0	0	0.00130324	0.00400607	0	0	0.0942885	-0.0073767	0.75281
2015-07-15 00:00:00	0	-0.028834	2.57547	0	-0.0261706	0	4.89962E-05	0	0	0	0	0	0	0	-1.56498	-0.0116943	0.0178363	0	0	0.00120512	0.00419938	0	0	0.0939212	-0.00735925	1.05364
2015-07-16 00:00:00	0	-0.00434705	3.31945	0	-0.0811518	0	0	0	0	0	0	0	0	0	-1.93454	-0.0116609	0.0177816	0	0	0.00101745	0.0040792	0	0	0.0932738	-0.00734118	1.39656
2015-07-17 00:00:00	-8.51043	2.32175	3.20471	0	0.144671	0	0.00074329	0	0	0	0	0	0	0	0.975736	-0.0116442	0.0177727	0	0	0.00120469	0.00382482	0	0	0.0927109	-0.00731	-1.76626
2015-07-18 00:00:00	-1.69786	-0.730928	3.11573	0	0.000762716	0	0.000687952	0	0.00025669	0	0	0	0	0	-0.51574	-0.0116394	0.0177486	0	0	0.0012997	0.00383215	0	0	0.0924138	-0.00728852	0.269277
2015-07-19 00:00:00	-3.31477	0.707911	2.93648	0	0.00252941	0	0.000428112	0	0.000429072	0	0	0	0	0	-0.316618	-0.0116259	0.0177108	0	0	0.00136252	0.00387733	0	0	0.0921472	-0.00728267	0.112578
2015-07-20 00:00:00	-0.983992	-1.12396	2.91409	0	0.00666857	0	0.000526992	0	0.000778715	0	0	0	0	0	-0.641067	-0.0116139	0.0176845	0	0	0.00140394	0.00392531	0	0	0.0918693	-0.00727803	0.269033
2015-07-21 00:00:00	-0.721568	-0.413447	2.8714	0	-0.0402112	0	4.07572E-05	0	0.000463436	0	0	0	0	0	-1.11989	-0.0115977	0.017649	0	0	0.00135608	0.00397774	0	0	0.0915745	-0.00726849	0.672477
2015-07-22 00:00:00	0	-0.387338	2.54155	0	-0.0208843	0	2.20159E-05	0	1.47505E-05	0	0	0	0	0	-1.41227	-0.0115785	0.0175977	0	0	0.00121933	0.00416335	0	0	0.0913465	-0.00725393	0.816585
2015-07-23 00:00:00	-0.0893068	-0.257605	2.51685	0	-0.0531798	0	5.04266E-05	0	3.34095E-05	0	0	0	0	0	-1.51007	-0.0115619	0.0175674	0	0	0.00111303	0.00412309	0	0	0.0906833	-0.00724559	0.701451
2015-07-24 00:00:00	-5.39513	1.59657	3.1351	0	0.026814	0	6.7624E-05	0	5.35083E-05	0	0	0	0	0	0.400473	-0.0115369	0.017532	0	0	0.00139445	0.00484345	0	0	0.0902385	-0.0072236	-0.140799
2015-07-25 00:00:00	-5.58635	0.812859	2.94679	0	0.0914016	0	0.00065003	0	0.000375515	0	0	0	0	0	0.685079	-0.011535	0.0175159	0	0	0.001792	0.00542439	0	0	0.0898975	-0.0072753	-0.953383
2015-07-26 00:00:00	-7.70682	0.74932	2.92016	0	0.129061	0	0.00132585	0	0.0121451	0	0	0	0	0	2.208	-0.0115327	0.0174913	0	0	0.00251737	0.0067751	0	0	0.0896368	-0.00741403	-1.58934
2015-07-27 00:00:00	-10.2477	0.60053	2.70684	0	0.21098	0	0.0153042	0	0.0398754	0	0	0	0	0	3.61731	-0.0115513	0.0175107	0	0	0.00432798	0.00961851	0	0	0.08978	-0.00771316	-2.95486
2015-07-28 00:00:00	-16.6276	0.0299903	3.01237	0	0.286339	-2.14061E-05	0.0487957	0	0.120094	0	0	0	0	0	7.03134	-0.0115949	0.017559	0	0	0.0079818	0.0138212	0	0	0.0900741	-0.00953015	-5.9904
2015-07-29 00:00:00	-3.6471	0.0142089	2.99575	0	-0.0405584	-4.08551E-05	0.00787378	0	0.0741557	0	0	0	0	0	-0.260412	-0.0116198	0.0175677	0	0	0.0106495	0.0162476	0	0	0.0909408	-0.0094645	-0.741802
2015-07-30 00:00:00	-0.2	-2.1232	2.92084	0	-0.0966582	-1.36271E-05	0.00109349	0	0.0387373	0	0	0	0	0	-0.517839	-0.0116132	0.0175455	0	0	0.0101331	0.0155455	0	0	0.0913112	-0.00847377	0.137403
2015-07-31 00:00:00	-4.88888	1.56608	3.01272	0	0.0508707	-6.36785E-06	0.000815701	0	0.0216258	0	0	0	0	0	0.0474447	-0.0116052	0.0175219	0	0	0.00939181	0.0147539	0	0	0.0913533	-0.00828061	-0.0761924
2015-08-01 00:00:00	-2.68555	-0.169567	2.80443	0	0.0335585	-2.81524E-05	0.0011	0	0.0302959	0	0	0	0	0	-0.0560815	-0.0115996	0.0175034	0	0	0.00904228	0.0142046	0	0	0.0911408	-0.00833373	0.0701148
2015-08-02 00:00:00	-0.946552	-1.33978	2.93376	0	-0.104325	-1.53454E-05	0.000587385	0	0.0275919	0	0	0	0	0	-0.327154	-0.0115912	0.0174852	0	0	0.00863171	0.0137414	0	0	0.0909956	-0.00831109	0.355071
2015-08-03 00:00:00	-0.0446534	-0.689769	3.23787	0	-0.378048	0	1.14986E-05	0	0.006683	0	0	0	0	0	-1.10138	-0.0115708	0.0174466	0	0	0.00680102	0.0122381	0	0	0.0909294	-0.00812678	1.13843
2015-08-04 00:00:00	-0.871936	-0.406814	3.06089	0	-0.0349935	0	9.13969E-05	0	0.000561644	0	0	0	0	0	-1.04236	-0.0115641	0.0174354	0	0	0.00594596	0.0115276	0	0	0.090568	-0.00790874	0.811445
2015-08-05 00:00:00	-2.11388	-0.16929	3.14752	0	-0.0239701	0	4.56805E-05	0	0.000338367	0	0	0	0	0	-0.281796	-0.0115447	0.0173954	0	0	0.00531307	0.0108672	0	0	0.090326	-0.00781756	0.663505
2015-08-06 00:00:00	-1.46227	-0.224925	3.0908	0	0.0339694	0	0.000262042	0	0.000793142	0	0	0	0	0	-0.851645	-0.0115407	0.0173859	0	0	0.00492676	0.0105184	0	0	0.0899445	-0.00776302	0.69046
2015-08-07 00:00:00	0	-0.312504	3.30506	0	-0.0923416	0	7.41292E-06	0	0.000368334	0	0	0	0	0	-1.66442	-0.0115268	0.0173511	0	0	0.0040438	0.00970767	0	0	0.0895808	-0.00768219	1.33765
2015-08-08 00:00:00	-0.2	-0.0421577	2.94614	0	-0.0184492	0	4.92707E-05	0	3.23973E-05	0	0	0	0	0	-1.52066	-0.0115022	0.0173002	0	0	0.00304507	0.00873573	0	0	0.0892979	-0.00760317	1.26423
2015-08-09 00:00:00	0	-0.00800407	2.89526	0	-0.0850983	0	5.54872E-06	0	0	0	0	0	0	0	-1.37106	-0.0114734	0.0172662	0	0	0.00251832	0.00812667	0	0	0.0888367	-0.00753052	1.52885
2015-08-10 00:00:00	-1.11674	-3.11959E-05	2.94409	0	0.00425713	0	0	0	0	0	0	0	0	0	-1.13038	-0.0114524	0.0172222	0	0	0.0022443	0.00774949	0	0	0.088507	-0.00744872	0.798016
2015-08-11 00:00:00	-0.288407	0	2.56295	0	-0.00175363	0	0	0	0	0	0	0	0	0	-1.31617	-0.0114238	0.0171988	0	0	0.00206273	0.00747134	0	0	0.0879603	-0.00739654	1.0525
2015-08-12 00:00:00	0	0	3.05358	0	-0.0124404	0	0	0	0	0	0	0	0	0	-1.91077	-0.0114018	0.017141	0	0	0.00171807	0.00699369	0	0	0.0874318	-0.00735616	1.22491
2015-08-13 00:00:00	-0.114545	0	2.91537	0	-0.00475393	0	1.13363E-05	0	0	0	0	0	0	0	-1.78499	-0.0113497	0.0171075	0	0	0.00150843	0.00664348	0	0	0.0868937	-0.00729678	1.1046
2015-08-14 00:00:00	-10.9074	3.24196	2.86683	0	0.14666	0	0.000724262	0	0	0	0	0	0	0	2.79449	-0.0113535	0.0170986	0	0	0.00265052	0.00795852	0	0	0.0863764	-0.00727447	-1.76127
2015-08-15 00:00:00	-0.880703	-1.86466	2.84613	0	0.00571754	0	0.00032563	0	2.00381E-05	0	0	0	0	0	-0.0748403	-0.0113443	0.0170655	0	0	0.0039032	0.00922463	0	0	0.0863977	-0.00747307	0.129762
2015-08-16 00:00:00	0	-0.960169	3.09009	0	-0.026265	0	0.000125719	0	4.27946E-05	0	0	0	0	0	-1.49131	-0.0113324	0.0170364	0	0	0.00365593	0.00926931	0	0	0.0861919	-0.00750363	0.709832
2015-08-17 00:00:00	-0.114545	-0.389565	3.47073	0	-0.0979028	0	0	0	1.39541E-05	0	0	0	0	0	-1.59568	-0.0113044	0.0169877	0	0	0.00279439	0.00845511	0	0	0.0857689	-0.00745899	1.3683
2015-08-18 00:00:00	-1.29537	-0.0170695	2.55291	0	0.0199	0	0	0	2.41644E-05	0	0	0	0	0	-1.04503	-0.0112787	0.0169699	0	0	0.0026654	0.00825984	0	0	0.0854226	-0.00736105	0.310046
2015-08-19 00:00:00	-1.59148	-0.00607678	2.77815	0	0.0168814	0	8.37821E-05	0	5.04368E-05	0	0	0	0	0	-0.844318	-0.0112641	0.0169244	0	0	0.00272295	0.00826083	0	0	0.0848807	-0.00732037	0.4475
2015-08-20 00:00:00	-0.529209	-0.00442506	2.74784	0	-0.0135921	0	4.32784E-05	0	0	0	0	0	0	0	-1.59779	-0.011237	0.0168873	0	0	0.0024597	0.00795975	0	0	0.0844525	-0.00730721	0.696083
2015-08-21 00:00:00	-0.459317	0	2.74481	0	-0.0125428	0	3.86581E-05	0	0	0	0	0	0	0	-1.69859	-0.0112053	0.0168546	0	0	0.00215534	0.00759221	0	0	0.0839691	-0.00725991	0.666508
2015-08-22 00:00:00	-9.07435	3.04479	2.97053	0	0.125494	0	0.000732455	0	0.000354165	0	0	0	0	0	1.66177	-0.0112026	0.0168392	0	0	0.00315372	0.00851646	0	0	0.0834891	-0.00722047	-1.1771
2015-08-23 00:00:00	-0.966158	-2.04197	3.12708	0	-0.00494951	0	0.000560692	0	0.000827464	0	0	0	0	0	-0.088317	-0.0111972	0.0168108	0	0	0.0037189	0.00900955	0	0	0.0833357	-0.00736961	0.121386
2015-08-24 00:00:00	-0.525357	-0.712946	2.67271	0	-0.0108381	0	0.000152503	0	0.000471807	0	0	0	0	0	-0.981899	-0.0111839	0.0167856	0	0	0.00379228	0.00927534	0	0	0.0831096	-0.00738236	0.536695
2015-08-25 00:00:00	-0.240801	-0.251444	2.52259	0	-0.0314219	0	5.37249E-05	0	0.00025834	0	0	0	0	0	-1.46272	-0.0111585	0.0167262	0	0	0.00320569	0.00881127	0	0	0.082895	-0.00735964	0.62963
2015-08-26 00:00:00	-2.59254	0.635728	2.55901	0	-0.0251678	0	2.546E-05	0	0.000316197	0	0	0	0	0	-0.335368	-0.0111329	0.0166768	0	0	0.00280395	0.00828542	0	0	0.0824619	-0.00730086	0.333795
2015-08-27 00:00:00	-0.393023	-0.649953	2.47777	0	0.0029558	0	0.000196543	0	0.000228602	0	0	0	0	0	-1.25712	-0.0111054	0.0166437	0	0	0.0024193	0.00777255	0	0	0.0823207	-0.00723706	0.271873
2015-08-28 00:00:00	-0.670373	-0.0239552	2.34374	0	-0.00636282	0	8.74219E-05	0	0.000327655	0	0	0	0	0	-1.29386	-0.0110795	0.0166068	0	0	0.00225498	0.00755215	0	0	0.0817843	-0.00717036	0.439562
2015-08-29 00:00:00	0	0	2.46872	0	-0.0311893	0	2.90899E-05	0	3.76192E-05	0	0	0	0	0	-1.88403	-0.0110671	0.0165802	0	0	0.00195053	0.00722701	0	0	0.0813415	-0.00712139	0.642469
2015-08-30 00:00:00	0	0	2.3751	0	-0.019917	0	3.44493E-05	0	0	0	0	0	0	0	-1.84843	-0.0110663	0.016523	0	0	0.00172215	0.00695044	0	0	0.0808548	-0.00705904	0.594709
2015-08-31 00:00:00	0	0	2.12902	0	-0.00861603	0	4.60463E-05	0	0	0	0	0	0	0	-1.68553	-0.0110671	0.0164636	0	0	0.00160023	0.0067772	0	0	0.0804149	-0.00701287	0.522101
2015-09-01 00:00:00	-3.44216	1.0609	2.29584	0	0.0740478	0	0.000380677	0	4.17092E-06	0	0	0	0	0	-0.16129	-0.0110459	0.0164418	0	0	0.00200694	0.00715268	0	0	0.0799214	-0.00697564	-0.0847766
2015-09-02 00:00:00	-0.2	-0.848253	2.1174	0	-0.0139545	0	8.13573E-05	0	0.000169591	0	0	0	0	0	-0.757208	-0.0110327	0.0164096	0	0	0.00243114	0.00759077	0	0	0.0794055	-0.00702034	0.386015
2015-09-03 00:00:00	0	-0.21274	1.97805	0	0.00396847	0	8.9436E-05	0	0	0	0	0	0	0	-1.4849	-0.0110158	0.0163715	0	0	0.00269611	0.00806992	0	0	0.0791376	-0.00703158	0.372696
2015-09-04 00:00:00	-1.33894	0.25677	2.24012	0	-0.0126876	0	6.64722E-05	0	0	0	0	0	0	0	-0.879575	-0.010991	0.0163482	0	0	0.00293765	0.00829733	0	0	0.0785394	-0.00703135	0.353855
2015-09-05 00:00:00	-0.0992187	-0.25677	1.87442	0	-0.026447	0	1.33501E-05	0	0	0	0	0	0	0	-1.08126	-0.0109585	0.016302	0	0	0.00313093	0.00860789	0	0	0.0782175	-0.00703816	0.499003
2015-09-06 00:00:00	0	0	2.57181	0	-0.0283382	0	0	0	0	0	0	0	0	0	-2.16185	-0.0109417	0.0162695	0	0	0.00254794	0.00804849	0	0	0.0777167	-0.00703892	0.468227
2015-09-07 00:00:00	-0.0408013	0	4.22373	0	-0.0513348	0	0	0	0	0	0	0	0	0	-3.2857	-0.0109143	0.016218	0	0	0.00158691	0.00705457	0	0	0.0771256	-0.0069423	0.930025
2015-09-08 00:00:00	-0.25998	0	2.24931	0	0.00540352	0	0	0	0	0	0	0	0	0	-1.7467	-0.0108831	0.0161823	0	0	0.00146779	0.00683299	0	0	0.076576	-0.00681593	0.331395
2015-09-09 00:00:00	0	0	1.83921	0	0.00382448	0	1.13815E-05	0	0	0	0	0	0	0	-1.66751	-0.0108451	0.016133	0	0	0.00144789	0.00673342	0	0	0.0760701	-0.00676959	0.258306
2015-09-10 00:00:00	0	0	2.03871	0	-0.000543923	0	2.93638E-05	0	0	0	0	0	0	0	-1.77504	-0.0108334	0.0160517	0	0	0.00138378	0.00659163	0	0	0.0756133	-0.00674744	0.34522
2015-09-11 00:00:00	0	0	1.87877	0	0.00100123	0	4.17316E-05	0	0	0	0	0	0	0	-1.64588	-0.010813	0.0160204	0	0	0.00135759	0.00650718	0	0	0.0750609	-0.00670992	0.315356
2015-09-12 00:00:00	-6.42806	2.26788	2.16605	0	0.0565871	0	0.000227455	0	0	0	0	0	0	0	1.44794	-0.0108051	0.0160056	0	0	0.00298668	0.00872933	0	0	0.0745953	-0.00667737	-0.404545
2015-09-13 00:00:00	-0.908249	-0.936948	1.94109	0	0.0272557	0	0.000371255	0	0	0	0	0	0	0	-0.189723	-0.0107955	0.0159568	0	0	0.00351402	0.00926685	0	0	0.0742457	-0.00690338	0.0190786
2015-09-14 00:00:00	-4.46628	1.57981	1.82784	0	0.0439032	0	0.000428376	0	1.65054E-07	0	0	0	0	0	0.647653	-0.0107791	0.0159267	0	0	0.00459444	0.010472	0	0	0.0740572	-0.00694053	-0.279315
2015-09-15 00:00:00	0	-1.84902	1.96436	0	-0.0188371	0	0.000299223	0	4.50081E-05	0	0	0	0	0	-0.130912	-0.0107684	0.0158916	0	0	0.00482863	0.0106103	0	0	0.0737054	-0.00703192	0.0531745
2015-09-16 00:00:00	0	-0.905415	1.87008	0	0.0107886	0	0.000256542	0	2.84126E-05	0	0	0	0	0	-1.03135	-0.010736	0.0158566	0	0	0.00480271	0.0105876	0	0	0.0735037	-0.00703132	0.0313708
2015-09-17 00:00:00	-0.74905	-0.0521412	1.7468	0	-0.00896629	0	0.000162351	0	6.40569E-05	0	0	0	0	0	-0.801563	-0.0107189	0.0158373	0	0	0.00467518	0.0104465	0	0	0.0730856	-0.00699516	0.221635
2015-09-18 00:00:00	-0.143872	-0.0487281	1.78493	0	-0.0393038	0	0	0	4.04502E-05	0	0	0	0	0	-1.20544	-0.0106763	0.0157902	0	0	0.00421384	0.00990546	0	0	0.0728925	-0.00697586	0.432776
2015-09-19 00:00:00	-0.14002	-0.0351936	1.77424	0	-0.00575966	0	2.26931E-05	0	0	0	0	0	0	0	-1.5723	-0.0106625	0.0157668	0	0	0.00373312	0.00939692	0	0	0.0726499	-0.00691223	0.104956
2015-09-20 00:00:00	-3.40614	1.31358	1.96624	0	0.0389614	0	0.000178528	0	8.93701E-05	0	0	0	0	0	0.0119246	-0.0106542	0.0157246	0	0	0.00402935	0.00949243	0	0	0.0721914	-0.00684578	0.00876387
2015-09-21 00:00:00	-5.12025	1.64376	1.84498	0	0.0424538	0	0.000949351	0	0.000833164	0	0	0	0	0	1.07548	-0.0106507	0.0157098	0	0	0.00490446	0.0104647	0	0	0.0718633	-0.0069002	-0.426398
2015-09-22 00:00:00	-0.295367	-1.34123	1.71113	0	-0.00914751	0	0.000387028	0	0.000411316	0	0	0	0	0	-0.167184	-0.010638	0.0156841	0	0	0.00577997	0.0112432	0	0	0.0716437	-0.00703783	-0.0143289
2015-09-23 00:00:00	-1.74436	0.0995655	1.63632	0	0.0182031	0	0.000442996	0	0.000277639	0	0	0	0	0	-0.213707	-0.0106219	0.015651	0	0	0.00595552	0.0112017	0	0	0.0714921	-0.00703637	-0.116617
2015-09-24 00:00:00	-8.59052	2.16865	1.69578	0	0.0468006	0	0.00217502	0	0.00150693	0	0	0	0	0	3.36307	-0.0106238	0.015622	0	0	0.00726207	0.0125892	0	0	0.0713886	-0.00712289	-1.22342
2015-09-25 00:00:00	-0.833179	-0.852978	1.7281	0	-0.0133423	0	0.000834035	0	0.00129315	0	0	0	0	0	-0.211802	-0.0106226	0.0156022	0	0	0.00877502	0.0139672	0	0	0.071573	-0.00731252	-0.089088
2015-09-26 00:00:00	-0.0545653	-1.51401	1.67455	0	0.0110684	0	0.00067158	0	0.000840965	0	0	0	0	0	-0.233309	-0.0106138	0.0155774	0	0	0.00852387	0.013582	0	0	0.0715804	-0.00727179	-0.0233715
2015-09-27 00:00:00	0	-0.645892	2.03294	0	-0.041161	0	8.00415E-05	0	0.000750091	0	0	0	0	0	-1.15146	-0.0105932	0.0155488	0	0	0.00775458	0.0129847	0	0	0.0714975	-0.00720356	0.285242
2015-09-28 00:00:00	-0.14002	-0.324155	2.30194	0	-0.0214412	0	3.852E-05	0	0.000156526	0	0	0	0	0	-1.69066	-0.0105772	0.0155152	0	0	0.00631289	0.011685	0	0	0.0714042	-0.00710152	0.213098
2015-09-29 00:00:00	0	-0.507467	3.51858	0	-0.111726	0	0	0	0.000136681	0	0	0	0	0	-2.07335	-0.0105493	0.0154478	0	0	0.00457183	0.0102067	0	0	0.071139	-0.00700645	0.909985
2015-09-30 00:00:00	-0.149932	-0.0550768	2.64418	0	-0.0135691	0	0	0	1.12172E-05	0	0	0	0	0	-2.21508	-0.0105215	0.0154016	0	0	0.00357301	0.00932282	0	0	0.0709661	-0.00683081	0.292438
2015-10-01 00:00:00	-0.0545653	-0.00538742	3.29552	0	-0.0249314	0	0	0	0	0	0	0	0	0	-2.8359	-0.0105074	0.0153202	0	0	0.00258132	0.00838054	0	0	0.0705248	-0.00671644	0.454325
2015-10-02 00:00:00	-0.0408013	0	1.43273	0	0.0115804	0	0	0	0	0	0	0	0	0	-1.40622	-0.0104816	0.0152912	0	0	0.00245234	0.00810625	0	0	0.0701897	-0.00658915	0.0762537
2015-10-03 00:00:00	0	0	1.2761	0	0.0111197	0	0	0	0	0	0	0	0	0	-1.21371	-0.0104657	0.0152419	0	0	0.00248583	0.0080064	0	0	0.0698472	-0.00654731	0.15208
2015-10-04 00:00:00	0	0	1.03727	0	0.0129948	0	1.64502E-05	0	0	0	0	0	0	0	-1.0548	-0.0104514	0.0152049	0	0	0.00260577	0.00800401	0	0	0.0695265	-0.00652734	0.0738475
2015-10-05 00:00:00	-2.07354	0.584211	1.57959	0	0.0589429	0	0.000206849	0	1.6333E-05	0	0	0	0	0	-0.384587	-0.0104436	0.0151443	0	0	0.00304215	0.0082814	0	0	0.0692078	-0.00652166	-0.156457
2015-10-06 00:00:00	-5.04338	2.1278	1.59878	0	0.0405488	0	0.000243551	0	0.000389355	0	0	0	0	0	0.974725	-0.0104357	0.0151308	0	0	0.00369698	0.00894488	0	0	0.0689146	-0.00659841	-0.22124
2015-10-07 00:00:00	-2.88076	0.363624	1.2911	0	0.0287966	0	0.000455413	0	0.000628161	0	0	0	0	0	0.88494	-0.0104295	0.0151143	0	0	0.00529497	0.0105317	0	0	0.0687798	-0.00673999	-0.228658
2015-10-08 00:00:00	-0.14002	-1.12535	1.32795	0	0.00991659	0	0.000384319	0	0.000763719	0	0	0	0	0	-0.20603	-0.0104197	0.0150926	0	0	0.00612113	0.0112979	0	0	0.0686365	-0.00686211	-0.0485149
2015-10-09 00:00:00	-0.943872	-0.372616	1.33513	0	0.00984072	0	0.000404194	0	0.00090657	0	0	0	0	0	-0.132839	-0.0104109	0.0150582	0	0	0.00624935	0.011271	0	0	0.068454	-0.00686469	-0.0192878
2015-10-10 00:00:00	0	-1.13346	1.26259	0	0.00420443	0	0.000427976	0	0.00101262	0	0	0	0	0	-0.246342	-0.010389	0.0150303	0	0	0.00631812	0.0112004	0	0	0.0682564	-0.00685274	-0.0279986
2015-10-11 00:00:00	0	-0.270718	1.12044	0	-0.0135395	0	0.00015793	0	0.000822646	0	0	0	0	0	-0.781749	-0.0103707	0.0150092	0	0	0.00600677	0.0110321	0	0	0.0680649	-0.00682341	0.138329
2015-10-12 00:00:00	-4.02816	2.30954	1.10983	0	0.0232983	0	0.000513055	0	0.00114972	0	0	0	0	0	0.350592	-0.0103551	0.0149892	0	0	0.00590818	0.0108537	0	0	0.0679184	-0.00679569	-0.150718
2015-10-13 00:00:00	-0.728309	-0.320471	1.06073	0	0.000909763	0	0.00041593	0	0.00547883	0	0	0	0	0	-0.229005	-0.0103445	0.0149559	0	0	0.00605791	0.0108297	0	0	0.0677701	-0.00681375	-0.127791
2015-10-14 00:00:00	-0.14002	-0.894605	1.14302	0	0.00541884	0	0.00067813	0	0.00542647	0	0	0	0	0	-0.219042	-0.0103328	0.014934	0	0	0.00616612	0.010818	0	0	0.067545	-0.00681307	-0.0168022
2015-10-15 00:00:00	-0.155347	-0.480256	0.891614	0	0.00139747	0	0.000487717	0	0.00496294	0	0	0	0	0	-0.350849	-0.0103221	0.0149119	0	0	0.00619564	0.0107976	0	0	0.0673781	-0.00680222	-0.00583016
2015-10-16 00:00:00	-0.792141	0.00369695	0.911231	0	0.0326124	0	0.000223571	0	0.0063467	0	0	0	0	0	-0.223175	-0.0103073	0.0148659	0	0	0.00625196	0.0107813	0	0	0.0672716	-0.00678542	0.0208719
2015-10-17 00:00:00	-0.100781	-0.445359	0.963735	0	-0.0265871	0	0.000756104	0	0.00531009	0	0	0	0	0	-0.644698	-0.0103056	0.0148011	0	0	0.00617002	0.010848	0	0	0.0670049	-0.00677955	-0.165885
2015-10-18 00:00:00	0	-0.164081	1.03459	0	-0.00922598	0	0.000177807	0	0.00631405	0	0	0	0	0	-0.920269	-0.0102869	0.0147784	0	0	0.00576978	0.0104861	0	0	0.0668667	-0.00676477	0.0283517
2015-10-19 00:00:00	-0.0992187	-0.0875144	0.962485	0	0.00170678	0	0.000205138	0	0.000433414	0	0	0	0	0	-0.826732	-0.0102713	0.0147392	0	0	0.00546856	0.0101784	0	0	0.0666003	-0.00669348	0.0313867
2015-10-20 00:00:00	-1.92626	0.87408	0.978014	0	0.0194463	0	0.00046218	0	0.00289527	0	0	0	0	0	-0.103915	-0.0102586	0.0147007	0	0	0.00561738	0.0102074	0	0	0.0663258	-0.00666213	-0.0753424
2015-10-21 00:00:00	-0.737967	-0.412453	1.16183	0	-0.0105363	0	0.000526111	0	0.00631227	0	0	0	0	0	-0.021108	-0.0102598	0.0146853	0	0	0.00576506	0.0102667	0	0	0.0661223	-0.00668731	0.0664928
2015-10-22 00:00:00	-0.318397	-0.35981	1.00668	0	-0.0220585	0	3.29434E-05	0	0.00609688	0	0	0	0	0	-0.218015	-0.010248	0.0146515	0	0	0.00580313	0.0103549	0	0	0.0660168	-0.00668764	0.174415
2015-10-23 00:00:00	-0.0992187	-0.150092	0.943065	0	0.00311862	0	0.000153856	0	0.000271449	0	0	0	0	0	-0.898573	-0.0102328	0.0146247	0	0	0.0055102	0.0101092	0	0	0.0659146	-0.00666172	-0.12201
2015-10-24 00:00:00	-5.40845	2.88998	0.903597	0	0.048813	0	0.0015375	0	0.00978179	0	0	0	0	0	1.08404	-0.0102257	0.0146138	0	0	0.00593793	0.0103961	0	0	0.0655517	-0.00666805	-0.391095
2015-10-25 00:00:00	-0.330108	-0.542	0.893336	0	-0.0121757	0	0.000749181	0	0.019423	0	0	0	0	0	-0.142631	-0.010215	0.0145913	0	0	0.00686414	0.0111505	0	0	0.0654183	-0.00689889	-0.032497
2015-10-26 00:00:00	0	-0.833658	0.890582	0	-0.012116	0	0.000243578	0	0.00945143	0	0	0	0	0	0.0199675	-0.0102008	0.0145573	0	0	0.00696269	0.0111662	0	0	0.0653872	-0.0068454	0.155498
2015-10-27 00:00:00	0	-0.803726	0.862171	0	0.0171943	0	0.000942094	0	0.00848914	0	0	0	0	0	-0.345759	-0.0101981	0.014523	0	0	0.00704175	0.0111515	0	0	0.0651658	-0.00678433	-0.179789
2015-10-28 00:00:00	-9.78411	3.17271	0.935028	0	0.111648	0	0.00352165	0	0.0336307	0	0	0	0	0	4.20771	-0.0101996	0.01452	0	0	0.00963925	0.0136809	0	0	0.0650156	-0.00703509	-1.23423
2015-10-29 00:00:00	-1.3955	0.0795308	0.792068	0	-0.0114742	0	0.00139234	0	0.0331373	0	0	0	0	0	0.105241	-0.0102014	0.014512	0	0	0.0123035	0.0161337	0	0	0.0649869	-0.00757372	-0.305447
2015-10-30 00:00:00	-2.71122	0.194681	0.761065	0	0.0297027	0	0.00290753	0	0.0223801	0	0	0	0	0	1.16153	-0.0102004	0.0144953	0	0	0.0128558	0.0165905	0	0	0.0649913	-0.00740247	-0.447629
2015-10-31 00:00:00	-0.813119	-0.181066	0.911699	0	-0.00835833	0	0.00105999	0	0.0199298	0	0	0	0	0	-0.144282	-0.0101914	0.0144803	0	0	0.0129194	0.0164652	0	0	0.0649312	-0.00741029	-0.122942
2015-11-01 00:00:00	-0.240801	-0.472625	0.740521	0	0.0168905	0	0.00076341	0	0.0141567	0	0	0	0	0	-0.22775	-0.010184	0.0144582	0	0	0.0122112	0.0156988	0	0	0.0648478	-0.00729377	-0.0791071
2015-11-02 00:00:00	-0.184673	-0.726819	0.95975	0	-0.0216054	0	0.000589766	0	0.0133637	0	0	0	0	0	-0.129758	-0.0101796	0.0144219	0	0	0.011524	0.0149882	0	0	0.0647493	-0.00720527	-0.00085373
2015-11-03 00:00:00	-0.380821	-0.591849	1.00869	0	0.037958	0	0.000583262	0	0.00891917	0	0	0	0	0	-0.335925	-0.0101675	0.0143963	0	0	0.0107973	0.0141919	0	0	0.0646767	-0.00712214	-0.165669
2015-11-04 00:00:00	-10.2297	2.16604	0.691547	0	0.0989937	-0.000169579	0.0148693	0	0.0378535	0	0	0	0	0	5.48946	-0.0101774	0.0144006	0	0	0.0139218	0.0161679	0	0	0.0645083	-0.0073782	-1.63962
2015-11-05 00:00:00	-1.86115	-0.0132545	0.741501	0	-0.0244257	-9.36202E-05	0.00535223	0	0.0426288	0	0	0	0	0	0.527277	-0.0101826	0.0144054	0	0	0.0180878	0.0187874	0	0	0.0646323	-0.0079536	-0.48439
2015-11-06 00:00:00	-0.205415	-0.481308	0.712029	0	0.0058688	-3.06991E-05	0.000997078	0	0.0230878	0	0	0	0	0	-0.282335	-0.0101768	0.0143935	0	0	0.0173498	0.0181247	0	0	0.064709	-0.00772257	-0.130428
2015-11-07 00:00:00	-14.9937	0.569579	0.675449	0	0.169583	-0.000361037	0.0402369	0	0.0894623	0	0	0	0	0	10.126	-0.0101915	0.0144201	0	0	0.0266768	0.0234886	0	0	0.0646891	-0.00896738	-3.21364
2015-11-08 00:00:00	-7.64048	-0.0166093	0.662226	0	0.105641	-0.000259025	0.0242023	0	0.0975709	0	0	0	0	0	4.42473	-0.0102213	0.0144636	0	0	0.0407742	0.0313406	0	0	0.0650766	-0.0102087	-2.21176
2015-11-09 00:00:00	-14.5126	-0.0137273	0.671911	0	0.185115	-0.00175393	0.0747115	0	0.220819	0	0	0	0	0	9.17355	-0.010292	0.0145156	0	0	0.0537974	0.0386446	0	0	0.0655975	-0.0116452	-4.05138
2015-11-10 00:00:00	-7.25353	-0.0152481	0.774634	0	0.000469689	-0.00431977	0.0434992	0	0.206744	0	0	0	0	0	3.65926	-0.0103389	0.0145871	0	0	0.0615079	0.0426672	0	0	0.0666812	-0.0119114	-2.4253
2015-11-11 00:00:00	-3.15942	-0.0116631	0.657876	0	-0.0231336	-0.00330994	0.023833	0	0.123078	0	0	0	0	0	0.986832	-0.010358	0.0146202	0	0	0.0578534	0.0403678	0	0	0.068237	-0.0112951	-1.24648
2015-11-12 00:00:00	-4.77982	-0.01252	0.593848	0	0.0614413	-0.00545573	0.0310978	0	0.163645	0	0	0	0	0	2.32302	-0.0103671	0.0146688	0	0	0.0549092	0.038422	0	0	0.0692935	-0.0111246	-1.46894
2015-11-13 00:00:00	-18.6881	-0.0103774	0.503168	0	0.306307	-0.0149485	0.136753	0	0.535413	0	0	0	0	0	11.4035	-0.0104181	0.0148085	0	0	0.0679346	0.0447167	0	0	0.0699653	-0.0150837	-5.65631
2015-11-14 00:00:00	-11.2554	-0.015895	0.501602	0	0.0203076	-0.0146753	0.0984797	0	0.546453	0	0	0	0	0	5.52431	-0.0104942	0.014944	0	0	0.0841834	0.0539627	0	0	0.0716468	-0.0169933	-4.39759
2015-11-15 00:00:00	-24.1677	-0.00807429	0.57313	0	0.492083	-0.0334113	0.219754	0	1.0567	0	0	0	0	0	13.3332	-0.010621	0.0151516	0	0	0.121642	0.0714504	0	0	0.072824	-0.0225132	-8.28636
2015-11-16 00:00:00	-10.1132	-0.0140943	0.488125	0	-0.0864957	-0.0298566	0.137258	0	0.863447	0	0	0	0	0	4.12197	-0.0107849	0.0153703	0	0	0.161549	0.0885517	0	0	0.0761554	-0.0224332	-4.32448
2015-11-17 00:00:00	-11.4362	-0.0112119	0.452276	0	0.251565	-0.0337895	0.151591	0	0.892036	0	0	0	0	0	5.32118	-0.0108778	0.0155579	0	0	0.17111	0.091166	0	0	0.0788131	-0.0228738	-4.08969
2015-11-18 00:00:00	-15.7091	-0.0133609	0.509011	0	0.432045	-0.0513481	0.226367	0	1.32209	0	0	0	0	0	7.90613	-0.0109653	0.0157372	0	0	0.195987	0.0982629	0	0	0.0808076	-0.0261817	-5.02453
2015-11-19 00:00:00	-1.98585	-0.0194646	0.461444	0	-0.381619	-0.0244645	0.0779763	0	0.692158	0	0	0	0	0	-0.544179	-0.0109985	0.0158109	0	0	0.193948	0.0950944	0	0	0.0846381	-0.0225055	-1.36801
2015-11-20 00:00:00	-5.8929	-0.00732841	0.38972	0	0.276574	-0.0310725	0.113613	0	0.847836	0	0	0	0	0	2.3199	-0.0110303	0.0158411	0	0	0.174215	0.0852251	0	0	0.0871275	-0.0215764	-1.65386
2015-11-21 00:00:00	-1.2713	-0.0174131	0.352533	0	-0.136928	-0.0173966	0.0548514	0	0.545167	0	0	0	0	0	-0.343771	-0.0110605	0.0158387	0	0	0.155946	0.0768396	0	0	0.09001	-0.0198141	-0.526499
2015-11-22 00:00:00	-4.28619	-0.0197628	0.324395	0	0.121717	-0.0221399	0.0908021	0	0.708784	0	0	0	0	0	1.72987	-0.0110811	0.0158668	0	0	0.140946	0.0699564	0	0	0.0920267	-0.0187041	-1.06351
2015-11-23 00:00:00	-3.70511	-0.0172444	0.373538	0	0.0384375	-0.0234982	0.0949654	0	0.756701	0	0	0	0	0	1.40233	-0.0111102	0.0159117	0	0	0.132594	0.0662082	0	0	0.0944055	-0.0191909	-0.801067
2015-11-24 00:00:00	-1.03924	-0.0157414	0.418894	0	-0.10286	-0.0135746	0.048907	0	0.456161	0	0	0	0	0	-0.208086	-0.0111143	0.0159266	0	0	0.118806	0.0598109	0	0	0.0968497	-0.0174666	-0.192726
2015-11-25 00:00:00	0	-0.374945	0.392688	0	-0.12002	-0.00734125	0.025743	0	0.250606	0	0	0	0	0	-0.449382	-0.011112	0.015915	0	0	0.10135	0.051788	0	0	0.0982751	-0.0152509	-0.0416862
2015-11-26 00:00:00	-0.766903	0.212147	0.464186	0	-0.00546125	-0.00676047	0.0256177	0	0.192533	0	0	0	0	0	-0.317167	-0.0111064	0.0159098	0	0	0.0877746	0.0456663	0	0	0.0989847	-0.0138921	0.0215292
2015-11-27 00:00:00	-9.16913	0.1123	0.392153	0	0.572956	-0.0354371	0.147385	0	1.18774	0	0	0	0	0	4.9205	-0.0111313	0.015994	0	0	0.0909215	0.0468708	0	0	0.0979822	-0.0202947	-1.65119
2015-11-28 00:00:00	-9.68277	-0.0156128	0.357363	0	0.180896	-0.0497266	0.196425	0	1.86199	0	0	0	0	0	5.05925	-0.0111746	0.0161463	0	0	0.108674	0.0538128	0	0	0.0981562	-0.026728	-1.85331
2015-11-29 00:00:00	-17.1866	-0.0159423	0.327326	0	0.457069	-0.0893601	0.340087	0	3.49079	0	0	0	0	0	8.83606	-0.0112598	0.0163621	0	0	0.15864	0.0699701	0	0	0.100125	-0.033355	-3.54013
2015-11-30 00:00:00	-4.60697	-0.0161335	0.308915	0	-0.348088	-0.0499842	0.161481	0	2.077	0	0	0	0	0	1.21543	-0.0113278	0.0165187	0	0	0.174873	0.0744127	0	0	0.106257	-0.0314682	-0.929084
2015-12-01 00:00:00	-6.11492	-0.0282637	0.487729	0	0.0687983	-0.0440596	0.152538	0	1.75663	0	0	0	0	0	2.13973	-0.0113545	0.0166075	0	0	0.162862	0.0695049	0	0	0.109845	-0.0288632	-1.2632
2015-12-02 00:00:00	-7.35959	-0.00613506	0.39525	0	0.293949	-0.0599256	0.205046	0	2.2631	0	0	0	0	0	2.91042	-0.0113911	0.0167266	0	0	0.159884	0.0686721	0	0	0.111137	-0.0320231	-1.04489
2015-12-03 00:00:00	-13.3432	-0.0138999	0.274802	0	0.35105	-0.0942458	0.364939	0	3.65	0	0	0	0	0	6.09061	-0.0114507	0.0169172	0	0	0.192228	0.0804161	0	0	0.112406	-0.0345073	-2.3639
2015-12-04 00:00:00	-25.4964	-0.0176699	0.348294	0	0.882195	-0.173259	0.615447	0	7.09415	0	0	0	0	0	11.9576	-0.0115658	0.0172004	0	0	0.274727	0.107189	0	0	0.110167	-0.0508241	-4.34274
2015-12-05 00:00:00	-33.4058	-0.0148705	0.394685	0	0.835979	-0.274846	0.873084	0	11.4262	0	0	0	0	0	14.0437	-0.0117905	0.0175843	0	0	0.404225	0.145386	0	0	0.111477	-0.0639366	-5.51884
2015-12-06 00:00:00	-11.407	-0.0175717	0.323574	0	-0.704288	-0.164021	0.472345	0	6.70044	0	0	0	0	0	2.09307	-0.0120267	0.0178875	0	0	0.453792	0.157711	0	0	0.122932	-0.0570794	-2.02023
2015-12-07 00:00:00	-2.45754	-0.0180167	0.354649	0	-0.594779	-0.0816089	0.225384	0	3.25127	0	0	0	0	0	-1.60764	-0.0121268	0.018	0	0	0.397194	0.138018	0	0	0.133164	-0.0438196	-0.297856
2015-12-08 00:00:00	-1.74143	-0.0136413	0.358296	0	0.0473362	-0.0556318	0.152923	0	2.01118	0	0	0	0	0	-1.22224	-0.0121592	0.018051	0	0	0.337689	0.117538	0	0	0.139168	-0.0361164	0.100971
2015-12-09 00:00:00	-7.40648	-0.0146814	0.347959	0	0.465092	-0.0950484	0.277353	0	3.36624	0	0	0	0	0	2.02284	-0.0121905	0.01812	0	0	0.29857	0.105295	0	0	0.137424	-0.0453955	-0.534905
2015-12-10 00:00:00	-1.11052	-0.0171582	0.309917	0	-0.489901	-0.046715	0.117557	0	1.73716	0	0	0	0	0	-0.937604	-0.0122028	0.0181534	0	0	0.257292	0.0917977	0	0	0.14221	-0.0381347	0.0218521
2015-12-11 00:00:00	-3.56164	-0.014977	0.291953	0	0.165167	-0.0478703	0.152103	0	1.77699	0	0	0	0	0	0.653382	-0.0121918	0.0181745	0	0	0.224549	0.0808675	0	0	0.144883	-0.0354775	-0.164087
2015-12-12 00:00:00	-1.26696	-0.0221057	0.27111	0	-0.497683	-0.0301222	0.0979302	0	1.22852	0	0	0	0	0	-0.298851	-0.0121948	0.0181929	0	0	0.19738	0.0720588	0	0	0.147632	-0.0313092	-0.126395
2015-12-13 00:00:00	-0.894722	-0.0154208	0.212174	0	-0.120718	-0.0229316	0.0735594	0	0.797134	0	0	0	0	0	-0.254824	-0.0122008	0.018201	0	0	0.171744	0.0638818	0	0	0.14998	-0.0270899	0.138769
2015-12-14 00:00:00	-0.281603	-0.0779802	0.294827	0	-0.180456	-0.0152818	0.0496019	0	0.523618	0	0	0	0	0	-0.450075	-0.0122	0.0181937	0	0	0.149119	0.056575	0	0	0.151485	-0.0240319	0.201791
2015-12-15 00:00:00	-0.924493	0.0429221	0.332567	0	-0.083553	-0.013849	0.0503715	0	0.422467	0	0	0	0	0	-0.0502568	-0.0121986	0.0181915	0	0	0.130326	0.0507607	0	0	0.152716	-0.0208638	0.0951066
2015-12-16 00:00:00	-0.0992187	-0.2636	0.372872	0	-0.158003	-0.00985994	0.0352022	0	0.296505	0	0	0	0	0	-0.244922	-0.0121999	0.0181816	0	0	0.113733	0.0455826	0	0	0.15342	-0.0187826	0.228912
2015-12-17 00:00:00	-3.17349	0.236367	0.382465	0	0.409965	-0.0217248	0.0781581	0	0.625212	0	0	0	0	0	0.927148	-0.012212	0.0181916	0	0	0.103681	0.042821	0	0	0.152987	-0.0204049	-0.250836
2015-12-18 00:00:00	-0.8	-0.0229776	0.363046	0	-0.254452	-0.0127449	0.0447331	0	0.496174	0	0	0	0	0	0.00625005	-0.0122162	0.0181973	0	0	0.0942403	0.040371	0	0	0.152922	-0.021043	0.092499
2015-12-19 00:00:00	-2.65349	-0.0119277	0.405343	0	0.326101	-0.0251852	0.0865558	0	0.729005	0	0	0	0	0	0.842097	-0.0122193	0.0182015	0	0	0.0810779	0.0377971	0	0	0.151764	-0.0253737	-0.0502567
2015-12-20 00:00:00	-21.0755	-0.0174339	0.329648	0	1.55908	-0.179423	0.568189	0	6.4817	0	0	0	0	0	9.56409	-0.0122714	0.0183996	0	0	0.121492	0.0516095	0	0	0.14217	-0.0492466	-2.4975
2015-12-21 00:00:00	-4.48048	-0.0148595	0.312986	0	-0.814837	-0.0864183	0.265221	0	3.79005	0	0	0	0	0	0.633931	-0.0123201	0.0185317	0	0	0.157654	0.062241	0	0	0.148581	-0.0450088	-0.0647218
2015-12-22 00:00:00	-5.50106	-0.0135174	0.338531	0	0.230483	-0.0711212	0.224298	0	2.84641	0	0	0	0	0	1.40024	-0.0123483	0.0185992	0	0	0.148747	0.0581247	0	0	0.153747	-0.0404574	-0.219326
2015-12-23 00:00:00	-4.60438	-0.0154978	0.308222	0	-0.0322589	-0.0648025	0.189222	0	2.65782	0	0	0	0	0	1.01213	-0.0123616	0.0186609	0	0	0.141584	0.0549059	0	0	0.155962	-0.0397077	-0.230499
2015-12-24 00:00:00	-18.0447	-0.0144096	0.28787	0	0.905665	-0.189783	0.597014	0	7.34815	0	0	0	0	0	7.06093	-0.0124194	0.0188158	0	0	0.178131	0.0657763	0	0	0.15122	-0.0531642	-1.70088
2015-12-25 00:00:00	-3.39779	-0.0139679	0.262604	0	-0.877338	-0.0889399	0.281899	0	3.65068	0	0	0	0	0	-0.139988	-0.012494	0.018958	0	0	0.207164	0.0749284	0	0	0.159805	-0.0432033	0.0823175
2015-12-26 00:00:00	-38.265	-0.0148506	0.274537	0	2.11386	-0.389476	1.32604	0	15.7938	0	0	0	0	0	14.9995	-0.0126607	0.0193869	0	0	0.340098	0.111202	0	0	0.14896	-0.068993	-3.62361
2015-12-27 00:00:00	-0.654565	-0.0153799	0.298894	0	-1.58162	-0.0992509	0.286677	0	4.56155	0	0	0	0	0	-2.7962	-0.0128758	0.0196504	0	0	0.411011	0.126199	0	0	0.165556	-0.048931	0.660717
2015-12-28 00:00:00	0	-0.339416	0.356192	0	-0.916953	-0.0500154	0.148215	0	2.08101	0	0	0	0	0	-1.72556	-0.0129588	0.019647	0	0	0.340421	0.106256	0	0	0.173457	-0.0373055	0.142993
2015-12-29 00:00:00	-2.74123	0.309623	0.344122	0	0.332883	-0.0561362	0.17304	0	1.78252	0	0	0	0	0	-0.31547	-0.0129823	0.019683	0	0	0.295133	0.0942386	0	0	0.175746	-0.0336482	0.367526
2015-12-30 00:00:00	-13.9557	-0.0165474	0.32863	0	1.11973	-0.158006	0.504744	0	5.85806	0	0	0	0	0	4.71945	-0.0130533	0.0198503	0	0	0.303798	0.0980184	0	0	0.169132	-0.0480638	-1.06991
2015-12-31 00:00:00	-5.01549	-0.0191407	0.271053	0	-0.707945	-0.0981285	0.284795	0	4.0547	0	0	0	0	0	0.450494	-0.0131143	0.0200161	0	0	0.30025	0.0975956	0	0	0.171921	-0.0460814	-0.249076
2016-01-01 00:00:00	-2.20499	-0.0132316	0.265339	0	-0.351015	-0.059651	0.175942	0	2.42043	0	0	0	0	0	-0.382171	-0.0131304	0.020071	0	0	0.267134	0.0878683	0	0	0.177599	-0.038216	0.351978
2016-01-02 00:00:00	-8.86658	-0.020719	0.313824	0	0.468845	-0.0982659	0.342544	0	3.84565	0	0	0	0	0	2.72942	-0.0131721	0.0202196	0	0	0.262699	0.0872158	0	0	0.177123	-0.0412695	-0.79247
2016-01-03 00:00:00	-14.3868	-0.00839449	0.280095	0	0.611692	-0.179302	0.624194	0	7.19053	0	0	0	0	0	4.63145	-0.0132391	0.020486	0	0	0.30547	0.101639	0	0	0.173554	-0.0509327	-0.699587
2016-01-04 00:00:00	-8.86477	-0.0118188	0.268737	0	0.154069	-0.137025	0.470385	0	5.69268	0	0	0	0	0	1.96788	-0.013348	0.0207752	0	0	0.337233	0.113153	0	0	0.177522	-0.0494201	0.126049
2016-01-05 00:00:00	-18.6517	-0.017852	0.280234	0	0.172186	-0.229648	0.778568	0	9.55694	0	0	0	0	0	5.78558	-0.0134779	0.0211451	0	0	0.40643	0.139611	0	0	0.177031	-0.055706	-1.65064
2016-01-06 00:00:00	-1.45457	-0.0118851	0.249453	0	-0.747294	-0.0799821	0.253752	0	3.61852	0	0	0	0	0	-1.56316	-0.0135747	0.0213595	0	0	0.412866	0.143258	0	0	0.187766	-0.0432773	0.973228
2016-01-07 00:00:00	-11.0422	-0.0147558	0.305764	0	0.736808	-0.150638	0.483187	0	5.70728	0	0	0	0	0	2.90654	-0.0136436	0.0215506	0	0	0.39768	0.138499	0	0	0.18723	-0.0470064	-0.383714
2016-01-08 00:00:00	-0.429091	-0.0366164	0.246996	0	-1.45627	-0.054717	0.165098	0	2.49919	0	0	0	0	0	-1.42833	-0.0137375	0.0217456	0	0	0.359636	0.126031	0	0	0.193413	-0.0382766	0.155079
2016-01-09 00:00:00	-12.7792	0.00628478	0.247042	0	1.77693	-0.150761	0.479091	0	5.78629	0	0	0	0	0	3.82171	-0.0138035	0.0219682	0	0	0.350326	0.122771	0	0	0.188962	-0.0484389	-0.19088
2016-01-10 00:00:00	-27.2957	-0.0156782	0.286689	0	1.14269	-0.367771	1.09824	0	14.3108	0	0	0	0	0	8.58136	-0.0140354	0.022474	0	0	0.453478	0.158301	0	0	0.179591	-0.0686595	-1.52813
2016-01-11 00:00:00	-4	-0.0163881	0.288318	0	-1.87137	-0.140249	0.419517	0	6.19744	0	0	0	0	0	-1.31364	-0.0142673	0.0228853	0	0	0.481774	0.166836	0	0	0.191638	-0.0542194	0.358273
2016-01-12 00:00:00	-18.5856	-0.0181597	0.264714	0	0.747689	-0.23651	0.794621	0	10.0915	0	0	0	0	0	4.82657	-0.0143899	0.023277	0	0	0.479373	0.164876	0	0	0.188043	-0.0632685	-1.33718
2016-01-13 00:00:00	-1.18585	-0.0256493	0.279071	0	-1.03935	-0.0994947	0.284435	0	4.37043	0	0	0	0	0	-2.03192	-0.0144723	0.0234733	0	0	0.446258	0.153685	0	0	0.198919	-0.0491724	1.31036
2016-01-14 00:00:00	-1.57852	0.000747266	0.22929	0	-0.105972	-0.0650655	0.152342	0	2.22853	0	0	0	0	0	-0.964996	-0.0144799	0.023669	0	0	0.373672	0.130097	0	0	0.204953	-0.0410165	0.573248
2016-01-15 00:00:00	-1.60172	-0.0157835	0.224537	0	-0.336352	-0.0482682	0.156155	0	1.77743	0	0	0	0	0	-0.49791	-0.0145211	0.0239037	0	0	0.317774	0.112359	0	0	0.207044	-0.0377482	0.266899
2016-01-16 00:00:00	0	-0.180077	0.184562	0	-0.407504	-0.0235869	0.0725937	0	0.884042	0	0	0	0	0	-0.61022	-0.0145678	0.0240876	0	0	0.257127	0.0930622	0	0	0.210721	-0.0305297	0.45971
2016-01-17 00:00:00	-0.721759	0.0946086	0.267308	0	-0.275881	-0.0234152	0.0754376	0	0.851414	0	0	0	0	0	-0.434267	-0.0146292	0.0241581	0	0	0.229865	0.0847317	0	0	0.211035	-0.0287202	0.339886
2016-01-18 00:00:00	-5.17493	0.0386132	0.240746	0	0.719901	-0.0507855	0.205767	0	1.87291	0	0	0	0	0	1.36609	-0.0146403	0.0242377	0	0	0.213243	0.0799937	0	0	0.209151	-0.0332982	-0.30301
2016-01-19 00:00:00	-3.14867	-0.0160418	0.251483	0	-0.189083	-0.0479352	0.18121	0	1.76727	0	0	0	0	0	0.701972	-0.0147044	0.0245086	0	0	0.215022	0.0823052	0	0	0.210402	-0.0300412	-0.0123021
2016-01-20 00:00:00	-1.9631	-0.121241	0.272165	0	-0.262248	-0.0420973	0.166142	0	1.37794	0	0	0	0	0	0.315647	-0.0147287	0.0247958	0	0	0.213985	0.0840166	0	0	0.212507	-0.0249913	0.238793
2016-01-21 00:00:00	-1.60317	0.0982158	0.348214	0	0.056049	-0.0232686	0.088716	0	0.768324	0	0	0	0	0	0.0827467	-0.0147448	0.0250893	0	0	0.18872	0.0759102	0	0	0.212766	-0.0237756	0.279792
2016-01-22 00:00:00	-2.99165	-0.0159964	0.449243	0	0.0711736	-0.0353569	0.142826	0	1.29929	0	0	0	0	0	0.623329	-0.0147587	0.0251085	0	0	0.175805	0.0718231	0	0	0.210584	-0.0288525	-0.0174349
2016-01-23 00:00:00	-0.644653	-0.00832104	0.449981	0	-0.378325	-0.0167838	0.0615184	0	0.678258	0	0	0	0	0	-0.185675	-0.0147788	0.0251114	0	0	0.152142	0.0640991	0	0	0.211672	-0.026033	0.368212
2016-01-24 00:00:00	-2.02616	-0.0112047	0.518525	0	0.130704	-0.0193839	0.0837216	0	0.664196	0	0	0	0	0	0.369528	-0.0147769	0.0251603	0	0	0.137203	0.0599076	0	0	0.211992	-0.0240435	0.105372
2016-01-25 00:00:00	-2.1306	-0.00882261	0.479824	0	0.0445564	-0.0244428	0.0913155	0	0.890424	0	0	0	0	0	0.416756	-0.0147784	0.0252369	0	0	0.126548	0.0565626	0	0	0.210948	-0.0256732	0.137856
2016-01-26 00:00:00	-9.31384	-0.100274	0.486535	0	1.15658	-0.115005	0.291604	0	3.56376	0	0	0	0	0	3.03228	-0.0147972	0.0253446	0	0	0.149036	0.0643736	0	0	0.205473	-0.0358156	-0.604736
2016-01-27 00:00:00	-14.3415	-0.0854285	0.416855	0	0.573223	-0.222161	0.509342	0	7.3917	0	0	0	0	0	4.37762	-0.0149112	0.0257596	0	0	0.229022	0.0936256	0	0	0.199337	-0.0473909	-0.894878
2016-01-28 00:00:00	-4.65548	0.151079	0.445454	0	-0.62194	-0.113812	0.298163	0	4.24507	0	0	0	0	0	0.00351039	-0.015033	0.0259014	0	0	0.254054	0.102549	0	0	0.203741	-0.0428411	0.280415
2016-01-29 00:00:00	-10.3454	-0.0128996	0.461703	0	0.731618	-0.145795	0.42236	0	5.40108	0	0	0	0	0	2.49373	-0.0150917	0.0260821	0	0	0.26744	0.10671	0	0	0.20252	-0.0475876	-0.453555
2016-01-30 00:00:00	-1.57556	-0.00786637	0.360806	0	-1.13915	-0.0648191	0.197774	0	3.03119	0	0	0	0	0	-0.869772	-0.015124	0.0261514	0	0	0.252452	0.100232	0	0	0.207288	-0.0416631	0.461936
2016-01-31 00:00:00	-11.7883	-0.0185803	0.403196	0	0.811089	-0.161953	0.453138	0	5.60606	0	0	0	0	0	3.28244	-0.0151997	0.0263327	0	0	0.270442	0.106809	0	0	0.20492	-0.0470187	-0.866603
2016-02-01 00:00:00	-12.4706	-0.017696	0.516834	0	0.11973	-0.181965	0.525533	0	7.41767	0	0	0	0	0	2.76211	-0.0152726	0.0266548	0	0	0.317524	0.12268	0	0	0.202863	-0.0534239	-0.727359
2016-02-02 00:00:00	-7.10288	-0.00973107	0.466822	0	-0.332841	-0.143911	0.355772	0	6.01072	0	0	0	0	0	0.48154	-0.0153514	0.0267738	0	0	0.315588	0.119061	0	0	0.206406	-0.0530527	0.324918
2016-02-03 00:00:00	-0.969347	-0.00455974	0.46179	0	-0.361383	-0.0590568	0.140683	0	2.41673	0	0	0	0	0	-1.2006	-0.0153841	0.0267669	0	0	0.271307	0.102866	0	0	0.215039	-0.0406548	0.984191
2016-02-04 00:00:00	-2.93308	-0.00454396	0.533424	0	-0.105647	-0.0583842	0.168303	0	2.06681	0	0	0	0	0	0.0086796	-0.0154262	0.0268419	0	0	0.2402	0.0928372	0	0	0.218064	-0.0366503	0.201425
2016-02-05 00:00:00	-7.43747	-0.0222154	0.559675	0	0.396981	-0.0962107	0.306053	0	3.78219	0	0	0	0	0	1.59088	-0.0154543	0.0269531	0	0	0.23064	0.0895972	0	0	0.213839	-0.0444804	-0.41902
2016-02-06 00:00:00	-1.04622	-0.00157392	0.515884	0	-0.676612	-0.0445154	0.132295	0	1.96137	0	0	0	0	0	-0.740568	-0.0154852	0.0269601	0	0	0.210419	0.0828	0	0	0.218115	-0.03772	0.585154
2016-02-07 00:00:00	-3.99193	-0.0189857	0.487932	0	0.224859	-0.0538118	0.165179	0	1.99782	0	0	0	0	0	0.640948	-0.0154933	0.0269893	0	0	0.187538	0.0750024	0	0	0.219169	-0.0366538	-0.0914437
2016-02-08 00:00:00	-2.66519	-0.00615561	0.535413	0	-0.0886874	-0.0474237	0.141128	0	1.88175	0	0	0	0	0	0.102199	-0.015503	0.0270043	0	0	0.169964	0.0688656	0	0	0.218828	-0.0374585	0.284737
2016-02-09 00:00:00	-8.30094	-0.0132446	0.524677	0	0.668296	-0.104659	0.307912	0	4.17753	0	0	0	0	0	2.03164	-0.0155438	0.0270279	0	0	0.16571	0.0668316	0	0	0.213883	-0.0467016	-0.297579
2016-02-10 00:00:00	-0.100781	-0.358479	0.48367	0	-1.15001	-0.0366475	0.0951957	0	1.77456	0	0	0	0	0	-0.811505	-0.0155587	0.0270262	0	0	0.153332	0.0624659	0	0	0.219802	-0.037042	0.306028
2016-02-11 00:00:00	-0.357145	-0.130615	0.484052	0	-0.205425	-0.0178459	0.0500997	0	0.624922	0	0	0	0	0	-0.432937	-0.0155504	0.0270313	0	0	0.129575	0.0550361	0	0	0.224715	-0.0269079	0.409005
2016-02-12 00:00:00	-0.145435	-0.265624	0.44484	0	-0.359337	-0.0133123	0.040463	0	0.453591	0	0	0	0	0	-0.208161	-0.0155374	0.0270286	0	0	0.107242	0.0483674	0	0	0.225315	-0.0239616	0.315479
2016-02-13 00:00:00	-8.03289	0.717517	0.462605	0	1.4647	-0.0567806	0.230514	0	2.2996	0	0	0	0	0	2.23285	-0.0155389	0.027096	0	0	0.110803	0.0495189	0	0	0.220728	-0.0323968	-0.321675
2016-02-14 00:00:00	-2.41242	-0.015347	0.488925	0	-0.405157	-0.0408213	0.133521	0	1.88788	0	0	0	0	0	0.0281637	-0.0155466	0.0271297	0	0	0.116506	0.0510818	0	0	0.219798	-0.0361131	0.027596
2016-02-15 00:00:00	-0.422522	-0.16732	0.445776	0	-0.714936	-0.0210532	0.0700974	0	0.990194	0	0	0	0	0	-0.254155	-0.0155364	0.0271575	0	0	0.099884	0.0459284	0	0	0.222925	-0.0302487	0.276191
2016-02-16 00:00:00	-8.20987	0.149535	0.57888	0	0.872129	-0.100218	0.391973	0	2.6307	0	0	0	0	0	2.57669	-0.0155589	0.0273122	0	0	0.138574	0.0640486	0	0	0.222738	-0.0295065	-0.702578
2016-02-17 00:00:00	-10.1386	-0.0266768	0.515617	0	0.564825	-0.133964	0.468246	0	4.78284	0	0	0	0	0	2.60412	-0.0156215	0.0275462	0	0	0.207188	0.0935906	0	0	0.21558	-0.043913	-0.879197
2016-02-18 00:00:00	-0.345435	-0.158197	0.513177	0	-1.13291	-0.047127	0.150754	0	2.11025	0	0	0	0	0	-1.01052	-0.0156346	0.027635	0	0	0.202773	0.0912738	0	0	0.220303	-0.037017	0.569322
2016-02-19 00:00:00	-2.69453	0.146233	0.653001	0	0.226723	-0.0382789	0.124671	0	1.30642	0	0	0	0	0	0.132141	-0.0156276	0.0276681	0	0	0.176777	0.0806351	0	0	0.223686	-0.0304082	0.31911
2016-02-20 00:00:00	-5.57618	-0.00395375	0.65716	0	0.630309	-0.0656345	0.202046	0	2.56214	0	0	0	0	0	1.13992	-0.0156221	0.0276805	0	0	0.166632	0.075224	0	0	0.220046	-0.0375885	-0.0178182
2016-02-21 00:00:00	-5.0569	-0.0264107	0.699179	0	-0.27354	-0.0694572	0.208092	0	3.04023	0	0	0	0	0	0.825437	-0.0156372	0.0277173	0	0	0.163426	0.0722407	0	0	0.218505	-0.0406672	-0.227787
2016-02-22 00:00:00	-0.159199	-0.440134	0.636948	0	-0.757009	-0.0279988	0.0829867	0	1.28996	0	0	0	0	0	-0.590165	-0.0156505	0.0277803	0	0	0.145612	0.0651232	0	0	0.223308	-0.0319237	0.44964
2016-02-23 00:00:00	-0.0816026	-0.410606	0.527779	0	-0.253581	-0.0122904	0.0375214	0	0.43836	0	0	0	0	0	-0.338029	-0.0156458	0.0277578	0	0	0.12287	0.0570483	0	0	0.226392	-0.024118	0.301855
2016-02-24 00:00:00	-0.05998	-0.329511	0.53066	0	-0.340088	-0.00938632	0.0322913	0	0.325822	0	0	0	0	0	-0.116372	-0.0156421	0.0277249	0	0	0.100982	0.049508	0	0	0.226536	-0.0215077	0.401038
2016-02-25 00:00:00	0	-0.136202	0.573683	0	-0.458042	-0.0075628	0.0231398	0	0.222361	0	0	0	0	0	-0.104267	-0.0156475	0.027688	0	0	0.0859818	0.0451	0	0	0.225817	-0.0195818	0.462467
2016-02-26 00:00:00	-0.0893068	-0.107562	0.583201	0	-0.295198	-0.00475846	0.0126969	0	0.115839	0	0	0	0	0	0.00246307	-0.0156329	0.0276478	0	0	0.0682845	0.0402984	0	0	0.22514	-0.0179412	0.545171
2016-02-27 00:00:00	0	-0.127723	0.548459	0	-0.249466	-0.00505102	0.0139483	0	0.105875	0	0	0	0	0	0.0429366	-0.0156229	0.0276173	0	0	0.0565327	0.0370987	0	0	0.223633	-0.0170578	0.641179
2016-02-28 00:00:00	-0.155347	-0.111202	0.634018	0	-0.188377	-0.00379598	0.0102637	0	0.0821739	0	0	0	0	0	0.058133	-0.0156157	0.0275903	0	0	0.0464632	0.0337642	0	0	0.221711	-0.016303	0.623476
2016-02-29 00:00:00	-3.91614	1.37323	0.697868	0	0.530861	-0.0116687	0.0481269	0	0.252617	0	0	0	0	0	0.776468	-0.0156094	0.0275766	0	0	0.0444119	0.0322293	0	0	0.219714	-0.0165124	0.0431637
2016-03-01 00:00:00	-12.7988	0.252754	0.863485	0	2.63811	-0.0857436	0.334835	0	3.3471	0	0	0	0	0	3.78773	-0.0156376	0.0276399	0	0	0.0740173	0.041377	0	0	0.210475	-0.0362367	-1.35886
2016-03-02 00:00:00	-1.05842	-0.0286947	0.762472	0	-1.32516	-0.0369349	0.109609	0	1.92708	0	0	0	0	0	-0.684374	-0.0156426	0.0276669	0	0	0.0937651	0.047117	0	0	0.213044	-0.0349478	-0.0034106
2016-03-03 00:00:00	-1.08505	-0.0727116	0.735603	0	-0.09634	-0.021893	0.0656394	0	0.745845	0	0	0	0	0	-0.209523	-0.0156343	0.0276382	0	0	0.0822802	0.0432453	0	0	0.217396	-0.0264712	0.390028
2016-03-04 00:00:00	-7.21286	0.0785234	0.763246	0	0.884845	-0.0669218	0.24721	0	2.55701	0	0	0	0	0	1.94116	-0.0156429	0.0276615	0	0	0.0930229	0.0469457	0	0	0.213654	-0.0337212	-0.475866
2016-03-05 00:00:00	-0.989852	-0.0796878	0.81365	0	-0.876526	-0.0252927	0.0877745	0	1.30129	0	0	0	0	0	-0.468754	-0.0156479	0.0276647	0	0	0.101265	0.0495788	0	0	0.216343	-0.0294028	0.1124
2016-03-06 00:00:00	-0.205415	-0.432134	0.679864	0	-0.259651	-0.0125517	0.0458288	0	0.490698	0	0	0	0	0	-0.273456	-0.0156391	0.0276343	0	0	0.0881766	0.0452674	0	0	0.219263	-0.0223952	0.375491
2016-03-07 00:00:00	-2.01762	0.468333	0.976474	0	-0.11434	-0.0121008	0.045319	0	0.38428	0	0	0	0	0	0.130635	-0.0156302	0.0275996	0	0	0.0769784	0.041561	0	0	0.219175	-0.0205069	0.190161
2016-03-08 00:00:00	-3.67466	0.0189777	0.826646	0	0.500924	-0.0297723	0.124005	0	0.993028	0	0	0	0	0	0.895849	-0.0156333	0.027611	0	0	0.079973	0.0429044	0	0	0.216389	-0.0247432	-0.0185026
2016-03-09 00:00:00	-2.82074	-0.00504504	0.833424	0	-0.010062	-0.0299413	0.121673	0	1.13985	0	0	0	0	0	0.467269	-0.0156353	0.0276131	0	0	0.0847807	0.0448774	0	0	0.214763	-0.0275128	0.0253142
2016-03-10 00:00:00	-0.304633	-0.501991	0.842225	0	-0.513868	-0.0120293	0.0450152	0	0.533484	0	0	0	0	0	-0.165695	-0.0156273	0.0275834	0	0	0.0778304	0.042578	0	0	0.216159	-0.0233051	0.247726
2016-03-11 00:00:00	-1.59599	0.349189	0.893084	0	-0.126732	-0.00993891	0.0372888	0	0.312125	0	0	0	0	0	0.0973332	-0.0156181	0.0275511	0	0	0.0686172	0.0393392	0	0	0.216617	-0.0196125	0.273251
2016-03-12 00:00:00	-0.25998	-0.708452	1.10056	0	-0.308182	-0.00777383	0.0297235	0	0.261614	0	0	0	0	0	-0.00599989	-0.0156144	0.0275122	0	0	0.061933	0.0370061	0	0	0.215613	-0.0183761	0.409581
2016-03-13 00:00:00	-0.0992187	-0.389139	1.0071	0	-0.506886	-0.0044409	0.0151675	0	0.14155	0	0	0	0	0	-0.0519125	-0.0156025	0.0274715	0	0	0.0539853	0.0343809	0	0	0.214856	-0.0167088	0.410608
2016-03-14 00:00:00	0	-0.31367	1.31859	0	-0.792344	-0.00179852	0.00291844	0	0.0446911	0	0	0	0	0	0.0775619	-0.0155758	0.0274044	0	0	0.0413716	0.0309631	0	0	0.214165	-0.0155021	0.618776
2016-03-15 00:00:00	0	-0.185158	0.889992	0	-0.156823	-0.00285416	0.00812529	0	0.0373976	0	0	0	0	0	-0.0984279	-0.0155683	0.0273852	0	0	0.0367291	0.029313	0	0	0.211668	-0.0148186	0.76696
2016-03-16 00:00:00	-0.211711	-0.144255	1.01389	0	-0.229113	-0.00247689	0.00559116	0	0.0398887	0	0	0	0	0	0.0389471	-0.0155487	0.0273334	0	0	0.0304577	0.0265824	0	0	0.209426	-0.0146574	0.774353
2016-03-17 00:00:00	-0.230889	-0.117571	0.962759	0	-0.175295	-0.00238144	0.00567783	0	0.0346675	0	0	0	0	0	0.056011	-0.0155307	0.0272779	0	0	0.0258189	0.0246242	0	0	0.207544	-0.0143604	0.788354
2016-03-18 00:00:00	-0.05998	-0.169258	1.02381	0	-0.23784	-0.00256511	0.00654488	0	0.037972	0	0	0	0	0	0.0316852	-0.015514	0.0272239	0	0	0.0229368	0.023104	0	0	0.205573	-0.0140799	0.879615
2016-03-19 00:00:00	0	-0.175314	1.03072	0	-0.171202	-0.00207383	0.00489463	0	0.0264225	0	0	0	0	0	0.0189932	-0.015497	0.0271631	0	0	0.0199698	0.0215382	0	0	0.203613	-0.0137746	0.975453
2016-03-20 00:00:00	0	-0.196955	1.14265	0	-0.100072	-0.00116216	0.00222451	0	0.0152417	0	0	0	0	0	-0.104811	-0.0154748	0.0270862	0	0	0.0163538	0.0198338	0	0	0.20185	-0.0134769	0.993291
2016-03-21 00:00:00	0	-0.173536	1.14172	0	-0.117631	-0.00122633	0.00213147	0	0.0149681	0	0	0	0	0	-0.060589	-0.0154531	0.027012	0	0	0.0140597	0.0184968	0	0	0.19977	-0.0131715	1.03655
2016-03-22 00:00:00	-0.0408013	-0.139424	1.17228	0	-0.0787709	-0.000896107	0.00181622	0	0.0104884	0	0	0	0	0	-0.00713229	-0.0154377	0.0269614	0	0	0.0124238	0.0175914	0	0	0.197286	-0.0129241	1.14346
2016-03-23 00:00:00	-0.349287	-0.0185883	1.16532	0	-0.0341316	-0.000869938	0.00246115	0	0.01116	0	0	0	0	0	0.0120743	-0.015419	0.0269058	0	0	0.0118643	0.0172372	0	0	0.195361	-0.0127578	1.01133
2016-03-24 00:00:00	-3.13445	1.05463	1.28869	0	0.172122	-0.00294376	0.0112026	0	0.0513884	0	0	0	0	0	0.48677	-0.015418	0.0268784	0	0	0.0126649	0.0175244	0	0	0.192926	-0.0126147	0.149369
2016-03-25 00:00:00	0	-0.984895	1.25858	0	0.0242093	-0.00376468	0.0135681	0	0.0703379	0	0	0	0	0	0.109657	-0.0154126	0.0268394	0	0	0.0146233	0.018237	0	0	0.191401	-0.0128866	0.710497
2016-03-26 00:00:00	-4.23607	1.19303	1.42625	0	0.289264	-0.00566875	0.0220324	0	0.0964623	0	0	0	0	0	0.687448	-0.0154033	0.026796	0	0	0.0168718	0.019069	0	0	0.1899	-0.0131116	-0.303126
2016-03-27 00:00:00	-11.363	1.40266	1.27367	0	2.34368	-0.0239677	0.0956786	0	0.851926	0	0	0	0	0	2.82792	-0.0154254	0.0268291	0	0	0.0297241	0.0247748	0	0	0.188188	-0.0179727	-2.35526
2016-03-28 00:00:00	-0.403852	-0.697994	1.1684	0	-0.546455	-0.0102842	0.0439343	0	0.718617	0	0	0	0	0	-0.29645	-0.0154277	0.0268262	0	0	0.0390345	0.0288596	0	0	0.1888	-0.0198737	0.224137
2016-03-29 00:00:00	-1.60727	0.0851667	1.17422	0	-0.00117027	-0.010244	0.0438872	0	0.324409	0	0	0	0	0	0.0894983	-0.0154157	0.0267965	0	0	0.0383111	0.028738	0	0	0.190333	-0.0160198	0.351243
2016-03-30 00:00:00	-0.05998	-0.627218	1.22135	0	-0.476707	-0.00536625	0.0229799	0	0.195171	0	0	0	0	0	-0.124061	-0.0153993	0.0267531	0	0	0.0371149	0.0285774	0	0	0.190136	-0.0150155	0.398334
2016-03-31 00:00:00	-2.23363	0.594371	1.18548	0	0.187476	-0.00692782	0.0261012	0	0.170644	0	0	0	0	0	0.238259	-0.0153903	0.0267258	0	0	0.0352823	0.0278026	0	0	0.188994	-0.0142553	0.410925
2016-04-01 00:00:00	-0.644653	-0.444085	1.2985	0	-0.169417	-0.0039461	0.0144037	0	0.170394	0	0	0	0	0	0.00553694	-0.0153783	0.0266643	0	0	0.032856	0.0267795	0	0	0.187696	-0.0147177	0.470632
2016-04-02 00:00:00	-1.98223	0.406495	1.52833	0	-0.0515205	-0.00467264	0.01544	0	0.129434	0	0	0	0	0	0.134966	-0.015365	0.0266016	0	0	0.0304631	0.02591	0	0	0.186633	-0.0143228	0.416166
2016-04-03 00:00:00	-0.603852	-0.632724	1.46059	0	-0.151505	-0.00451426	0.0167358	0	0.11791	0	0	0	0	0	0.0889736	-0.0153539	0.026561	0	0	0.0291012	0.0253044	0	0	0.185487	-0.0141227	0.528593
2016-04-04 00:00:00	-7.04651	1.25738	1.5615	0	0.917077	-0.0222927	0.0959788	0	0.689203	0	0	0	0	0	1.56838	-0.0153572	0.026564	0	0	0.036312	0.027483	0	0	0.18374	-0.0166625	-0.737197
2016-04-05 00:00:00	-5.05636	0.0900155	1.54904	0	0.371218	-0.0297007	0.128292	0	1.22222	0	0	0	0	0	0.999657	-0.0153723	0.0265848	0	0	0.0490118	0.0328523	0	0	0.181498	-0.0236939	-0.474733
2016-04-06 00:00:00	-4.29115	0.0550661	1.41036	0	0.209837	-0.031228	0.113175	0	1.27544	0	0	0	0	0	0.726265	-0.0153796	0.0265821	0	0	0.0541388	0.0346652	0	0	0.180583	-0.0277076	-0.279352
2016-04-07 00:00:00	-6.82517	0.0537616	1.47661	0	0.542776	-0.0529295	0.18805	0	2.08456	0	0	0	0	0	1.52366	-0.0153968	0.0266045	0	0	0.0632118	0.0382013	0	0	0.179874	-0.0321373	-0.748325
2016-04-08 00:00:00	-0.850068	-0.60588	1.49326	0	-0.789547	-0.0197636	0.0644994	0	0.962933	0	0	0	0	0	-0.426698	-0.0153968	0.0265974	0	0	0.0658337	0.039278	0	0	0.184065	-0.0265445	0.102573
2016-04-09 00:00:00	-3.46612	0.588858	1.46116	0	0.26221	-0.0217898	0.0757137	0	0.680331	0	0	0	0	0	0.325577	-0.0153905	0.0265796	0	0	0.0618758	0.0375778	0	0	0.186695	-0.022599	0.180673
2016-04-10 00:00:00	-3.61904	-0.0388455	1.40207	0	0.00709795	-0.0297283	0.104269	0	1.13321	0	0	0	0	0	0.613442	-0.0153915	0.0265816	0	0	0.0658664	0.0391327	0	0	0.186109	-0.0238863	-0.149116
2016-04-11 00:00:00	-0.0446534	-1.03773	1.49533	0	-0.594011	-0.0117139	0.0414294	0	0.538131	0	0	0	0	0	-0.311156	-0.0153807	0.0265658	0	0	0.0645941	0.0386624	0	0	0.187783	-0.0201063	0.357743
2016-04-12 00:00:00	-4.10299	1.05494	1.50201	0	0.415431	-0.0121514	0.055618	0	0.353845	0	0	0	0	0	0.513105	-0.015356	0.0265389	0	0	0.0589107	0.0361566	0	0	0.188584	-0.0178933	0.0567532
2016-04-13 00:00:00	-3.17441	0.0035773	1.29761	0	0.0833099	-0.0150098	0.0942436	0	0.822469	0	0	0	0	0	0.541413	-0.0153515	0.0265325	0	0	0.0607131	0.0364593	0	0	0.186508	-0.0220497	-0.0739803
2016-04-14 00:00:00	-0.669892	-0.85814	1.64137	0	-0.383692	-0.00840691	0.0427283	0	0.46968	0	0	0	0	0	-0.123769	-0.0153326	0.026506	0	0	0.0570028	0.0348636	0	0	0.187399	-0.0197645	0.380548
2016-04-15 00:00:00	-3.61914	0.886649	1.42795	0	0.326757	-0.00978972	0.0518604	0	0.388881	0	0	0	0	0	0.461554	-0.0153076	0.0264719	0	0	0.0525578	0.0326882	0	0	0.188031	-0.0181598	0.181
2016-04-16 00:00:00	-0.765258	-0.555208	1.37035	0	-0.350012	-0.00605901	0.0286749	0	0.386027	0	0	0	0	0	-0.0800574	-0.015299	0.0264458	0	0	0.049567	0.0314395	0	0	0.187213	-0.0188015	0.289022
2016-04-17 00:00:00	-0.186236	-0.697677	1.56266	0	-0.627964	-0.00419272	0.0170339	0	0.162484	0	0	0	0	0	-0.0480858	-0.0152882	0.0264157	0	0	0.0445969	0.0298849	0	0	0.187851	-0.0158431	0.435636
2016-04-18 00:00:00	-0.825475	-0.235756	1.73593	0	-0.367185	-0.00149109	0.00341613	0	0.0354559	0	0	0	0	0	-0.108796	-0.0152438	0.0263741	0	0	0.0370409	0.0279492	0	0	0.187647	-0.014279	0.485584
2016-04-19 00:00:00	0	-0.351497	1.84996	0	-0.794552	-0.00188569	0.0032303	0	0.0320844	0	0	0	0	0	-0.147092	-0.0152275	0.0263477	0	0	0.0315845	0.0254703	0	0	0.186467	-0.0136875	0.831207
2016-04-20 00:00:00	0	-0.51279	3.03049	0	-0.944686	-0.00102656	0.000735467	0	0.0118985	0	0	0	0	0	-0.486735	-0.0151848	0.0262837	0	0	0.0236957	0.0214635	0	0	0.18542	-0.0132035	1.32637
2016-04-21 00:00:00	-0.0446534	-0.324083	2.08007	0	-0.160966	-0.000903482	0.00086514	0	0.00872758	0	0	0	0	0	-0.31922	-0.0151548	0.0262332	0	0	0.0183093	0.0187336	0	0	0.183761	-0.0127566	1.45896
2016-04-22 00:00:00	0	-0.121469	1.43504	0	-0.0313573	-0.000913241	0.00174823	0	0.00901873	0	0	0	0	0	-0.0903537	-0.0151332	0.0261986	0	0	0.0160566	0.0175432	0	0	0.181865	-0.0124894	1.41575
2016-04-23 00:00:00	-0.0953666	0	1.4422	0	-0.211553	-3.91055E-05	0.000167003	0	0.00532644	0	0	0	0	0	-0.120414	-0.0150889	0.0261312	0	0	0.0140512	0.0163553	0	0	0.180624	-0.0119752	1.23042
2016-04-24 00:00:00	-1.20141	0	1.66978	0	0.151397	-0.000126789	0.00242935	0	0.00210964	0	0	0	0	0	-0.0232612	-0.015064	0.0260859	0	0	0.0140013	0.016472	0	0	0.178949	-0.0114739	0.80989
2016-04-25 00:00:00	-0.155347	0	1.52254	0	-0.10727	-7.51644E-05	0.00140215	0	0.00427905	0	0	0	0	0	-0.119759	-0.0150524	0.0260494	0	0	0.0137397	0.0162185	0	0	0.176648	-0.0113264	1.35205
2016-04-26 00:00:00	-2.3696	0.637325	1.5846	0	0.145416	-9.16644E-05	0.00245085	0	0.0071123	0	0	0	0	0	0.20385	-0.0150292	0.0259882	0	0	0.0141117	0.0165973	0	0	0.175373	-0.0112328	0.416869
2016-04-27 00:00:00	-1.57324	-0.0920305	1.57047	0	0.0822978	-0.00126503	0.00629806	0	0.0288701	0	0	0	0	0	0.232221	-0.0150268	0.02598	0	0	0.0151984	0.0170756	0	0	0.173294	-0.0112723	0.458874
2016-04-28 00:00:00	-1.29449	-0.127734	1.48235	0	0.0488491	-0.00160527	0.0076642	0	0.0419835	0	0	0	0	0	0.147108	-0.0150148	0.0259439	0	0	0.0168051	0.0178149	0	0	0.171833	-0.0113692	0.510147
2016-04-29 00:00:00	-10.8362	1.61947	1.5436	0	1.80148	-0.00636483	0.0241172	0	0.398992	0	0	0	0	0	2.42457	-0.0150203	0.0259221	0	0	0.0209979	0.0183227	0	0	0.170566	-0.0125997	-2.82219
2016-04-30 00:00:00	-5.01216	-0.345407	1.81813	0	0.134183	-0.0204392	0.0907349	0	0.808316	0	0	0	0	0	1.27159	-0.0150405	0.0259714	0	0	0.0385445	0.0248113	0	0	0.171017	-0.0149307	-1.02468
2016-05-01 00:00:00	-8.96426	-0.310104	2.1579	0	-0.0906926	-0.0956389	0.397689	0	2.38777	0	0	0	0	0	2.70515	-0.0151018	0.0261728	0	0	0.0949022	0.0536752	0	0	0.172224	-0.0142141	-1.49453
2016-05-02 00:00:00	-5.89838	1.06746	2.22092	0	0.481405	-0.0452766	0.180923	0	1.22057	0	0	0	0	0	0.27276	-0.0151343	0.0262883	0	0	0.130917	0.0708629	0	0	0.172524	-0.0157312	-0.129903
2016-05-03 00:00:00	-5.04977	0.261285	2.01793	0	0.409562	-0.0303948	0.112977	0	1.21186	0	0	0	0	0	0.459842	-0.0151406	0.0262857	0	0	0.124281	0.0662677	0	0	0.171301	-0.0201842	-0.253887
2016-05-04 00:00:00	0	-1.30461	2.20599	0	-0.739673	-0.0111121	0.0431161	0	0.549581	0	0	0	0	0	-0.54507	-0.015133	0.0262581	0	0	0.109186	0.0590622	0	0	0.172582	-0.0178382	0.532342
2016-05-05 00:00:00	0	-0.467278	2.14643	0	-0.870316	-0.00343688	0.0116433	0	0.0909195	0	0	0	0	0	-0.518551	-0.015115	0.0262168	0	0	0.0877129	0.050985	0	0	0.173488	-0.0146436	0.698055
2016-05-06 00:00:00	0	-0.342104	2.13801	0	-0.640723	-0.00197455	0.00398127	0	0.0270544	0	0	0	0	0	-0.480958	-0.0150947	0.0261751	0	0	0.0704841	0.0432793	0	0	0.172639	-0.0137304	0.987038
2016-05-07 00:00:00	-0.403852	-0.210025	1.96095	0	-0.104765	-0.00106164	0.00183386	0	0.0116522	0	0	0	0	0	-0.299236	-0.0150538	0.0261029	0	0	0.0525459	0.0351972	0	0	0.171985	-0.0132895	1.21298
2016-05-08 00:00:00	-0.145435	-0.270032	2.2974	0	-0.396425	-0.00229758	0.00531112	0	0.0224433	0	0	0	0	0	-0.447195	-0.0150413	0.026077	0	0	0.0454018	0.0319609	0	0	0.170335	-0.0128123	1.30969
2016-05-09 00:00:00	-0.2	-0.116197	2.19752	0	-0.327099	-0.000277364	5.25712E-05	0	0.00704865	0	0	0	0	0	-0.285125	-0.0150074	0.0259967	0	0	0.0332679	0.0264544	0	0	0.169506	-0.012568	1.50357
2016-05-10 00:00:00	-0.0545653	0	2.62451	0	-0.21008	-1.50872E-05	0.000149367	0	0.00231646	0	0	0	0	0	-0.646977	-0.0149849	0.0259582	0	0	0.0260978	0.0228466	0	0	0.168177	-0.0116833	1.93175
2016-05-11 00:00:00	0	0	2.14733	0	-0.0519906	-3.90797E-05	0.000274461	0	0.000734416	0	0	0	0	0	-0.355426	-0.0149556	0.0258977	0	0	0.0207471	0.0201102	0	0	0.166512	-0.0111933	1.948
2016-05-12 00:00:00	0	0	2.13753	0	-0.0240743	-4.18787E-05	0.000315315	0	0.00030405	0	0	0	0	0	-0.369144	-0.014928	0.0258564	0	0	0.0168353	0.0180074	0	0	0.164938	-0.0108983	1.9447
2016-05-13 00:00:00	-0.0854547	0	1.83328	0	0.095637	-0.000146187	0.00183428	0	7.62708E-05	0	0	0	0	0	-0.312367	-0.0149081	0.0258093	0	0	0.0149788	0.0169265	0	0	0.162603	-0.010549	1.72772
2016-05-14 00:00:00	0	0	3.99298	0	-0.177682	0	9.28108E-08	0	1.57581E-05	0	0	0	0	0	-0.950352	-0.0148546	0.0257258	0	0	0.0109813	0.0142666	0	0	0.16091	-0.010345	3.05165
2016-05-15 00:00:00	0	0	2.5091	0	-0.0742774	0	0	0	0	0	0	0	0	0	-0.423351	-0.0148165	0.0256346	0	0	0.00776064	0.0120349	0	0	0.159092	-0.010096	2.19109
2016-05-16 00:00:00	0	0	2.8043	0	-0.0105236	0	3.32995E-05	0	0	0	0	0	0	0	-0.751129	-0.0147802	0.0255841	0	0	0.00584244	0.0104952	0	0	0.156835	-0.00989565	2.21676
2016-05-17 00:00:00	-0.936422	0	2.82096	0	0.0260734	-2.75832E-05	0.000237853	0	0	0	0	0	0	0	-0.365968	-0.0147526	0.0255267	0	0	0.00531631	0.0102976	0	0	0.154629	-0.00966323	1.71621
2016-05-18 00:00:00	-10.0457	1.40589	2.70613	0	0.804486	-0.00200115	0.0138331	0	0.010045	0	0	0	0	0	2.25946	-0.0147819	0.0256073	0	0	0.0149977	0.0164126	0	0	0.152744	-0.00976065	-2.66259
2016-05-19 00:00:00	-3.33572	0.00501665	2.63203	0	0.105907	-0.00671038	0.029615	0	0.079437	0	0	0	0	0	0.250977	-0.0147871	0.025605	0	0	0.0246663	0.0224712	0	0	0.152484	-0.0106104	-0.0396194
2016-05-20 00:00:00	-0.668543	-1.03718	2.64812	0	-0.161142	-0.00281898	0.0128456	0	0.0625037	0	0	0	0	0	-0.173646	-0.0147688	0.0255632	0	0	0.0252349	0.0229616	0	0	0.152384	-0.0106772	0.880837
2016-05-21 00:00:00	-3.42258	0.698274	2.72424	0	0.219222	-0.00370431	0.0171387	0	0.0486373	0	0	0	0	0	0.122226	-0.0147466	0.0255189	0	0	0.0248464	0.0227494	0	0	0.151817	-0.0105651	0.603073
2016-05-22 00:00:00	-1.92473	-0.215227	2.49649	0	-0.00913902	-0.00591457	0.0307882	0	0.154006	0	0	0	0	0	0.0465662	-0.0147335	0.0254922	0	0	0.027152	0.0238687	0	0	0.150912	-0.0106409	0.774893
2016-05-23 00:00:00	0	-0.64431	2.5278	0	-0.261469	-0.00236581	0.0135991	0	0.0665565	0	0	0	0	0	-0.479982	-0.0147052	0.0254482	0	0	0.0265215	0.0239787	0	0	0.150208	-0.0105871	1.42069
2016-05-24 00:00:00	0	-0.116608	2.21183	0	-0.358507	0	3.68864E-05	0	0.000797237	0	0	0	0	0	-0.399205	-0.0146521	0.0253699	0	0	0.0205821	0.0213088	0	0	0.149441	-0.0104438	1.52995
2016-05-25 00:00:00	0	-0.0665848	2.2494	0	-0.169985	-1.52447E-05	0.000157896	0	0	0	0	0	0	0	-0.709685	-0.0146052	0.0253116	0	0	0.0168115	0.0190032	0	0	0.147737	-0.0102178	1.48733
2016-05-26 00:00:00	-2.97562	1.12566	1.33372	0	0.200469	-9.39615E-05	0.00115419	0	0	0	0	0	0	0	0.248676	-0.0145922	0.0252716	0	0	0.0168059	0.0189371	0	0	0.145746	-0.00992156	0.116205
2016-05-27 00:00:00	-0.497165	-1.13921	2.49852	0	0.0288904	-0.00103975	0.00570359	0	0.00964711	0	0	0	0	0	-0.233278	-0.0145757	0.0252315	0	0	0.0167531	0.018861	0	0	0.1442	-0.00988886	0.852645
2016-05-28 00:00:00	0	-0.0155565	2.36964	0	-0.122483	-4.54734E-05	0.000375614	0	0.000545894	0	0	0	0	0	-0.790201	-0.014533	0.0251486	0	0	0.0137749	0.0168473	0	0	0.143373	-0.00979951	1.61709
2016-05-29 00:00:00	-0.145435	0	2.59678	0	-0.214801	0	0	0	0	0	0	0	0	0	-0.587854	-0.0144982	0.0250496	0	0	0.010999	0.0149967	0	0	0.141917	-0.00960843	1.81755
2016-05-30 00:00:00	-0.14002	0	2.30741	0	-0.0280672	0	3.30109E-05	0	0	0	0	0	0	0	-0.773272	-0.0144563	0.0250059	0	0	0.00911229	0.013614	0	0	0.140427	-0.00944722	1.53034
2016-05-31 00:00:00	-0.05998	0	2.91618	0	-0.038713	-1.62034E-05	8.48158E-05	0	0	0	0	0	0	0	-0.917496	-0.0143809	0.0249502	0	0	0.00738982	0.0122873	0	0	0.1386	-0.00929051	2.05961
2016-06-01 00:00:00	0	0	2.41744	0	-0.00823003	-2.8197E-05	0.000149098	0	0	0	0	0	0	0	-0.763934	-0.0143336	0.0248907	0	0	0.00621975	0.011335	0	0	0.13674	-0.00913529	1.80112
2016-06-02 00:00:00	0	0	3.02816	0	-0.0219598	-1.37785E-05	8.41984E-05	0	0	0	0	0	0	0	-1.05852	-0.014261	0.0248011	0	0	0.00468677	0.00991504	0	0	0.13491	-0.00899033	2.09881
2016-06-03 00:00:00	0	0	3.74737	0	-0.026905	0	1.93889E-05	0	0	0	0	0	0	0	-1.33636	-0.0141999	0.0247156	0	0	0.00314668	0.00848156	0	0	0.132974	-0.00879996	2.53044
2016-06-04 00:00:00	-0.2	0	2.5654	0	0.00359964	-2.57942E-05	0.000138041	0	0	0	0	0	0	0	-0.808176	-0.0141649	0.0246469	0	0	0.00279192	0.00804082	0	0	0.130983	-0.00861154	1.70462
2016-06-05 00:00:00	0	0	3.13248	0	-0.0106117	-8.49194E-06	6.26211E-05	0	0	0	0	0	0	0	-1.15397	-0.014117	0.0245513	0	0	0.00230722	0.00746051	0	0	0.129212	-0.00851938	2.10885
2016-06-06 00:00:00	-0.23992	0	4.33911	0	-0.0185991	0	0	0	0	0	0	0	0	0	-1.54915	-0.0140699	0.0244888	0	0	0.00171418	0.00660375	0	0	0.127479	-0.00840517	2.66925
2016-06-07 00:00:00	-0.648483	0	4.64882	0	-0.0127059	0	0	0	0	0	0	0	0	0	-1.53428	-0.0140316	0.0244138	0	0	0.00138204	0.00600888	0	0	0.12553	-0.00826521	2.58839
2016-06-08 00:00:00	0	0	2.55532	0	0.00241541	-1.49963E-05	6.47077E-05	0	0	0	0	0	0	0	-1.00269	-0.0139681	0.0243302	0	0	0.00136217	0.00591663	0	0	0.123899	-0.00815729	1.68847
2016-06-09 00:00:00	-0.114545	0	3.26956	0	-0.00464415	-5.37345E-06	4.39185E-05	0	0	0	0	0	0	0	-1.303	-0.0138651	0.0242745	0	0	0.00128795	0.00564716	0	0	0.122293	-0.00810504	1.97894
2016-06-10 00:00:00	-0.2	0	2.6174	0	0.00175668	-2.26578E-05	0.000109763	0	0	0	0	0	0	0	-0.991119	-0.0138144	0.0242165	0	0	0.00131323	0.0056832	0	0	0.120807	-0.00804656	1.55828
2016-06-11 00:00:00	-1.50105	0.149309	2.86058	0	0.0180075	-8.56492E-05	0.000359534	0	0	0	0	0	0	0	-0.64073	-0.0137782	0.0241352	0	0	0.00174705	0.00667838	0	0	0.119166	-0.00800491	1.01634
2016-06-12 00:00:00	-4.92785	0.748926	3.22205	0	0.0610783	-0.000207996	0.00122494	0	0	0	0	0	0	0	0.350838	-0.0137758	0.0241066	0	0	0.00251129	0.00757256	0	0	0.11747	-0.00805021	-0.414111
2016-06-13 00:00:00	-1.21781	-0.603451	2.99221	0	0.00807136	-7.7838E-05	0.000503071	0	0	0	0	0	0	0	-0.502218	-0.0137625	0.0240547	0	0	0.00356497	0.0090526	0	0	0.11664	-0.00817307	0.8086
2016-06-14 00:00:00	-3.22432	0.343013	2.75845	0	0.0302361	-9.45958E-05	0.000849521	0	0	0	0	0	0	0	0.0625477	-0.0137499	0.023984	0	0	0.00410737	0.00999602	0	0	0.115616	-0.00821933	0.102417
2016-06-15 00:00:00	-3.39631	0.163608	3.01908	0	0.016558	-7.03149E-05	0.000851283	0	0	0	0	0	0	0	0.104009	-0.0137359	0.0239177	0	0	0.00460647	0.0108105	0	0	0.114803	-0.00826911	0.039859
2016-06-16 00:00:00	-2.43582	-0.117346	2.66074	0	0.021077	-6.13438E-05	0.000965336	0	0	0	0	0	0	0	-0.130586	-0.0137111	0.023865	0	0	0.00486205	0.0114246	0	0	0.114078	-0.00830527	0.131184
2016-06-17 00:00:00	-1.73302	-0.515197	2.74223	0	0.0124839	-7.11094E-05	0.00113231	0	0	0	0	0	0	0	-0.268681	-0.0136816	0.0238194	0	0	0.00499848	0.0115955	0	0	0.113158	-0.00831475	0.370457
2016-06-18 00:00:00	0	-0.160503	2.57942	0	-0.0473	-2.02638E-05	0.000173273	0	0	0	0	0	0	0	-1.2315	-0.0136366	0.0237447	0	0	0.00469504	0.0111481	0	0	0.112382	-0.00828312	1.27032
2016-06-19 00:00:00	-7.86495	1.6568	3.13497	0	0.176263	-0.000220351	0.00378046	0	6.79354E-06	0	0	0	0	0	1.37771	-0.0136294	0.0237315	0	0	0.00686068	0.0132438	0	0	0.111662	-0.00825571	-1.38202
2016-06-20 00:00:00	-2.06583	-1.03126	3.27805	0	0.00611566	-9.70325E-05	0.00191881	0	0.000245795	0	0	0	0	0	-0.130328	-0.0136198	0.0237116	0	0	0.00832251	0.0150477	0	0	0.111115	-0.0085471	0.194853
2016-06-21 00:00:00	0	-0.569896	2.77614	0	-0.0854466	-2.14091E-05	0.000279611	0	6.37458E-05	0	0	0	0	0	-1.1195	-0.0135733	0.0236658	0	0	0.00795128	0.0151315	0	0	0.110507	-0.00855171	1.13675
2016-06-22 00:00:00	-0.14002	-0.0589767	2.86475	0	-0.0483386	-2.32596E-06	3.11801E-05	0	0	0	0	0	0	0	-1.48342	-0.0135491	0.0235364	0	0	0.00638781	0.0134098	0	0	0.109996	-0.00847895	1.26533
2016-06-23 00:00:00	0	-0.00532183	2.93466	0	-0.146352	-1.22546E-05	9.30991E-05	0	0	0	0	0	0	0	-1.49671	-0.0134837	0.0234625	0	0	0.00533517	0.0120696	0	0	0.108939	-0.00834389	1.41434
2016-06-24 00:00:00	-11.8431	2.05373	3.13292	0	0.534073	-0.000939458	0.0126759	0	0.00203727	0	0	0	0	0	2.8632	-0.0135253	0.0235524	0	0	0.0095594	0.0162685	0	0	0.107831	-0.00827187	-3.10998
2016-06-25 00:00:00	-4.30772	0.070706	3.18903	0	-0.0201533	-0.0035239	0.0206933	0	0.0260586	0	0	0	0	0	0.381063	-0.0135237	0.0235418	0	0	0.0122668	0.0192428	0	0	0.107697	-0.00874513	-0.503371
2016-06-26 00:00:00	-4.06177	-0.147764	3.32561	0	0.073795	-0.00425232	0.0231273	0	0.0298221	0	0	0	0	0	0.343442	-0.0135154	0.0235202	0	0	0.0132746	0.0202441	0	0	0.107962	-0.00881586	-0.275326
2016-06-27 00:00:00	0	-1.53233	2.99881	0	-0.131154	-0.00182837	0.00939991	0	0.0182512	0	0	0	0	0	-0.783403	-0.0135019	0.0234867	0	0	0.0135697	0.0205482	0	0	0.108367	-0.008864	0.721352
2016-06-28 00:00:00	-1.76799	-0.0744801	2.84647	0	0.0648451	-0.000631682	0.00316359	0	0.0045966	0	0	0	0	0	-0.588113	-0.0134764	0.0234291	0	0	0.0125479	0.0198679	0	0	0.108226	-0.00876074	0.629692
2016-06-29 00:00:00	-4.69628	1.04087	3.15949	0	0.0840384	-0.00329685	0.0167676	0	0.0439585	0	0	0	0	0	0.214222	-0.0134533	0.0233951	0	0	0.0128918	0.0196089	0	0	0.10766	-0.0087243	0.00114542
2016-06-30 00:00:00	-5.05229	0.339516	3.12292	0	0.0793742	-0.00592571	0.0301123	0	0.0996444	0	0	0	0	0	0.749634	-0.0134435	0.0233848	0	0	0.0151008	0.0209442	0	0	0.107513	-0.0088767	-0.492396
2016-07-01 00:00:00	-7.10123	0.467548	2.97996	0	0.127138	-0.00850209	0.047852	0	0.175434	0	0	0	0	0	1.60315	-0.0134572	0.0233801	0	0	0.0188137	0.0236668	0	0	0.108415	-0.00913975	-1.55697
2016-07-02 00:00:00	-3.58466	-0.161288	3.0687	0	-0.0178243	-0.00496818	0.0268927	0	0.138777	0	0	0	0	0	0.127547	-0.0134541	0.0233582	0	0	0.0208276	0.024884	0	0	0.109439	-0.0092666	-0.251033
2016-07-03 00:00:00	-0.732806	-1.50236	3.15034	0	-0.0979087	-0.00226928	0.0119898	0	0.0722465	0	0	0	0	0	-0.604532	-0.0134349	0.0232859	0	0	0.0198566	0.0239932	0	0	0.109905	-0.00915402	0.449153
2016-07-04 00:00:00	-12.3531	2.26911	3.27239	0	0.341946	-0.0129607	0.076816	0	0.342833	0	0	0	0	0	3.11255	-0.0134322	0.0233108	0	0	0.0231286	0.0261493	0	0	0.1098	-0.00928973	-2.79072
2016-07-05 00:00:00	-0.403148	-1.87419	3.12082	0	-0.242074	-0.00444232	0.0251902	0	0.173833	0	0	0	0	0	-0.720742	-0.0134379	0.0233116	0	0	0.0273529	0.0290679	0	0	0.110605	-0.00953458	0.242605
2016-07-06 00:00:00	-0.752199	-0.507693	3.06468	0	-0.123096	-8.20707E-05	0.000471726	0	0.0104375	0	0	0	0	0	-0.900364	-0.0134076	0.0232457	0	0	0.0221811	0.0254512	0	0	0.110938	-0.00932317	0.951239
2016-07-07 00:00:00	-0.808563	-0.281536	3.25225	0	-0.264986	-0.000318818	0.00151334	0	0.0046545	0	0	0	0	0	-1.06475	-0.0133849	0.0232025	0	0	0.0196564	0.0234923	0	0	0.110511	-0.00902578	0.992718
2016-07-08 00:00:00	-6.98674	1.72682	3.39128	0	0.440772	-0.00430608	0.0213445	0	0.0586158	0	0	0	0	0	0.87615	-0.0133606	0.0231822	0	0	0.0203757	0.0233943	0	0	0.110114	-0.00892444	-0.32128
2016-07-09 00:00:00	-2.72399	-0.733212	3.4755	0	-0.0403318	-0.00397456	0.0207113	0	0.112611	0	0	0	0	0	-0.0955404	-0.0133475	0.0231632	0	0	0.0226386	0.024962	0	0	0.109934	-0.00914348	0.169981
2016-07-10 00:00:00	-1.38262	-0.963389	3.52884	0	-0.270905	-0.000826976	0.00456969	0	0.0367617	0	0	0	0	0	-0.529978	-0.0133304	0.0230902	0	0	0.0197201	0.0233442	0	0	0.109809	-0.00905792	0.576031
2016-07-11 00:00:00	-0.683656	-0.106806	3.16285	0	-0.108085	-6.99078E-05	0.000716474	0	0.000398545	0	0	0	0	0	-1.5687	-0.0132786	0.0230558	0	0	0.017438	0.021676	0	0	0.109107	-0.00881604	0.845826
2016-07-12 00:00:00	-0.17994	-0.0652496	2.96198	0	-0.271408	0	2.33479E-05	0	0	0	0	0	0	0	-1.34705	-0.0132195	0.0229834	0	0	0.0134466	0.0185878	0	0	0.108766	-0.00864449	1.24028
2016-07-13 00:00:00	-1.26721	-0.0116854	2.85684	0	0.0472466	-1.48384E-05	0.000137189	0	0	0	0	0	0	0	-1.14012	-0.0131587	0.0229479	0	0	0.0125285	0.0179379	0	0	0.108182	-0.00841936	0.625208
2016-07-14 00:00:00	0	-0.00662228	4.35423	0	-0.170927	0	8.52742E-06	0	0	0	0	0	0	0	-2.51057	-0.0131094	0.0228433	0	0	0.00890278	0.0151106	0	0	0.107384	-0.00832002	1.79893
2016-07-15 00:00:00	-11.3592	2.48456	3.40327	0	0.735015	-0.00286266	0.0173857	0	0.0242048	0	0	0	0	0	2.6091	-0.0131239	0.0228871	0	0	0.0153849	0.0195487	0	0	0.10655	-0.00818924	-1.94549
2016-07-16 00:00:00	-0.0545653	-2.09291	3.25885	0	-0.206955	-0.00332659	0.0152968	0	0.0715079	0	0	0	0	0	-0.645851	-0.0131246	0.0228684	0	0	0.0198701	0.0229711	0	0	0.106633	-0.00878675	0.492477
2016-07-17 00:00:00	-0.05998	-0.296134	3.10008	0	-0.189114	-2.73314E-05	0.00021396	0	0.000579732	0	0	0	0	0	-1.63299	-0.0130891	0.0227828	0	0	0.015517	0.0201354	0	0	0.106476	-0.00869549	1.06575
2016-07-18 00:00:00	-0.2	-0.091159	3.40639	0	-0.29853	0	3.82233E-05	0	0	0	0	0	0	0	-1.73254	-0.0130402	0.0226772	0	0	0.0117411	0.0173573	0	0	0.105859	-0.00842197	1.22038
2016-07-19 00:00:00	-0.05998	-0.00445306	5.61487	0	-0.115374	0	3.12734E-06	0	0	0	0	0	0	0	-3.56245	-0.013021	0.0226209	0	0	0.00693328	0.0137427	0	0	0.105278	-0.00816352	2
2016-07-20 00:00:00	-19.0645	3.21635	3.86153	0	1.1009	-0.0113795	0.063233	0	0.213044	0	0	0	0	0	5.95148	-0.0130629	0.022719	0	0	0.0196179	0.0228085	0	0	0.104433	-0.00817209	-4.52103
2016-07-21 00:00:00	-0.05998	-2.17031	3.50053	0	-0.300975	-0.0071561	0.0369602	0	0.247427	0	0	0	0	0	-1.03122	-0.0130684	0.0227245	0	0	0.0295754	0.0296553	0	0	0.105073	-0.00925181	0.379977
2016-07-22 00:00:00	-0.892218	-0.495629	3.34075	0	-0.354321	-0.000143732	0.000635406	0	0.00869841	0	0	0	0	0	-0.758116	-0.0130415	0.0226512	0	0	0.023415	0.0256795	0	0	0.105315	-0.00901632	1.00466
2016-07-23 00:00:00	0	-0.416829	3.00137	0	-0.196516	0	8.48929E-05	0	0	0	0	0	0	0	-1.64636	-0.0130144	0.022619	0	0	0.0187683	0.0224372	0	0	0.105049	-0.0087617	0.888847
2016-07-24 00:00:00	-3.76619	0.608947	3.52965	0	0.186627	-0.000160292	0.000765086	0	0.000289952	0	0	0	0	0	-0.314455	-0.0129907	0.0225597	0	0	0.0177438	0.0215301	0	0	0.104372	-0.00852719	0.390154
2016-07-25 00:00:00	-4.90909	1.06152	3.43914	0	0.218163	-0.00287819	0.012239	0	0.048632	0	0	0	0	0	0.0301191	-0.0129789	0.0225419	0	0	0.0175939	0.0212294	0	0	0.103725	-0.00846325	0.0414913
2016-07-26 00:00:00	-8.48257	0.810425	3.36951	0	0.420648	-0.0113038	0.0566054	0	0.262029	0	0	0	0	0	2.11804	-0.012982	0.0225404	0	0	0.0237905	0.0253147	0	0	0.103637	-0.00873959	-1.30306
2016-07-27 00:00:00	-1.84535	-1.19136	3.26526	0	-0.117555	-0.00635312	0.0334665	0	0.205195	0	0	0	0	0	-0.387306	-0.0129811	0.022532	0	0	0.0286225	0.0286086	0	0	0.103773	-0.00906386	0.117488
2016-07-28 00:00:00	-0.37994	-1.02347	2.94036	0	-0.135522	-0.00358977	0.0185449	0	0.0927055	0	0	0	0	0	-1.04006	-0.0129549	0.0224939	0	0	0.0268935	0.0273326	0	0	0.103807	-0.00891935	0.627687
2016-07-29 00:00:00	0	-0.210909	2.92776	0	-0.29439	-0.000151385	0.000941516	0	0.0052547	0	0	0	0	0	-1.88105	-0.0129311	0.0223908	0	0	0.0214534	0.0242393	0	0	0.103653	-0.0087501	0.697515
2016-07-30 00:00:00	0	-0.115298	2.89442	0	-0.367177	0	2.37682E-05	0	0	0	0	0	0	0	-1.56323	-0.0128888	0.0223003	0	0	0.0163519	0.0207072	0	0	0.103079	-0.00852317	0.989764
2016-07-31 00:00:00	-0.803616	-0.0415521	2.84158	0	0.00234392	0	4.83248E-05	0	0	0	0	0	0	0	-1.58791	-0.0128573	0.0222422	0	0	0.0138477	0.0190875	0	0	0.102621	-0.00822986	0.547603
2016-08-01 00:00:00	0	-0.0227096	2.88184	0	-0.0547057	0	1.26416E-05	0	0	0	0	0	0	0	-1.95474	-0.0128041	0.0221623	0	0	0.0107269	0.0168739	0	0	0.101867	-0.0080503	0.980481
2016-08-02 00:00:00	-2.21965	-0.00458284	3.41164	0	0.0595408	-8.87136E-06	9.38257E-05	0	0	0	0	0	0	0	-0.974392	-0.01277	0.0220954	0	0	0.0104083	0.0166485	0	0	0.101191	-0.00782676	0.402386
2016-08-03 00:00:00	-7.08502	2.3213	3.3568	0	0.210525	-0.000143275	0.00181481	0	7.43075E-05	0	0	0	0	0	0.616872	-0.0127627	0.0220697	0	0	0.0116706	0.0171584	0	0	0.100437	-0.00779296	-0.447003
2016-08-04 00:00:00	-3.54162	-0.306911	3.38285	0	0.0913959	-0.00137703	0.00579068	0	0.0103134	0	0	0	0	0	0.128777	-0.0127564	0.0220356	0	0	0.0140479	0.0187756	0	0	0.100091	-0.00794129	-0.0965268
2016-08-05 00:00:00	-5.12316	0.427709	3.06329	0	0.244145	-0.00339982	0.0180786	0	0.0564344	0	0	0	0	0	0.741742	-0.0127524	0.0220198	0	0	0.0179683	0.0214795	0	0	0.0999852	-0.00813993	-0.434605
2016-08-06 00:00:00	-0.412415	-2.25581	3.78431	0	-0.200502	-0.00222336	0.0106103	0	0.0482681	0	0	0	0	0	-0.625363	-0.0127437	0.0219595	0	0	0.0194701	0.0226539	0	0	0.0999928	-0.00836039	0.489855
2016-08-07 00:00:00	-4.84745	1.43764	3.21426	0	0.181049	-0.000627772	0.00353088	0	0.00569626	0	0	0	0	0	-0.219147	-0.0127268	0.0219198	0	0	0.0181496	0.0218588	0	0	0.0997992	-0.00824774	-0.0842958
2016-08-08 00:00:00	-1.31527	-1.03822	2.79854	0	-0.0176996	-0.0026025	0.0123845	0	0.0611438	0	0	0	0	0	-0.422624	-0.01272	0.0218589	0	0	0.0179906	0.0215239	0	0	0.0992933	-0.00823595	0.215361
2016-08-09 00:00:00	-7.66201	2.29339	2.73699	0	0.220231	-0.00380284	0.0198128	0	0.0931781	0	0	0	0	0	1.35673	-0.0127179	0.0218299	0	0	0.0188918	0.0218103	0	0	0.0991171	-0.00824095	-0.804783
2016-08-10 00:00:00	-12.594	1.10263	2.58834	0	0.297018	-0.0192455	0.103838	0	0.547826	0	0	0	0	0	4.75266	-0.0127412	0.0218762	0	0	0.0299025	0.0288603	0	0	0.0993125	-0.00888771	-3.06266
2016-08-11 00:00:00	-12.8312	0.178667	3.19902	0	0.286469	-0.0239927	0.127593	0	0.772557	0	0	0	0	0	4.76918	-0.0127767	0.0219429	0	0	0.043501	0.037372	0	0	0.100331	-0.00970167	-3.34101
2016-08-12 00:00:00	-8.67881	-0.0273837	3.07324	0	0.0192975	-0.0194735	0.112346	0	0.634701	0	0	0	0	0	2.36563	-0.0128078	0.0219846	0	0	0.0517642	0.0423993	0	0	0.10162	-0.0100655	-2.32556
2016-08-13 00:00:00	-2.23343	-0.841712	3.11319	0	-0.0943237	-0.00923306	0.045993	0	0.312379	0	0	0	0	0	-0.669806	-0.0128164	0.0219748	0	0	0.05091	0.0414213	0	0	0.102467	-0.00989782	-0.182889
2016-08-14 00:00:00	-0.104633	-1.66413	2.98325	0	-0.308203	-0.00403107	0.0204399	0	0.148397	0	0	0	0	0	-0.881231	-0.0128104	0.0219408	0	0	0.0449285	0.0375602	0	0	0.10284	-0.00943708	0.374881
2016-08-15 00:00:00	0	-0.576211	3.14224	0	-0.433625	-3.33415E-05	0.00045333	0	0.0105257	0	0	0	0	0	-1.54575	-0.012796	0.0218906	0	0	0.0351432	0.0320197	0	0	0.103003	-0.00908669	0.767775
2016-08-16 00:00:00	-0.0953666	-0.824635	4.78141	0	-0.517079	-7.065E-06	3.70331E-05	0	0.000375976	0	0	0	0	0	-1.8364	-0.0127718	0.0218169	0	0	0.0241676	0.0252591	0	0	0.102821	-0.00880392	1.66082
2016-08-17 00:00:00	0	-0.20805	4.25129	0	-0.0927714	-7.31651E-07	7.54328E-08	0	0	0	0	0	0	0	-2.33589	-0.0127467	0.0217616	0	0	0.0168265	0.0210135	0	0	0.102529	-0.00839807	1.75556
2016-08-18 00:00:00	-0.0953666	-0.0134442	3.14984	0	-0.010511	0	0	0	0	0	0	0	0	0	-1.58837	-0.0127109	0.0216865	0	0	0.0122041	0.0181377	0	0	0.101939	-0.00802436	1.57538
2016-08-19 00:00:00	-4.46934	1.00168	2.79651	0	0.149868	0	6.64159E-06	0	0	0	0	0	0	0	0.336286	-0.012701	0.0216615	0	0	0.0148155	0.0195959	0	0	0.101399	-0.00774627	-0.0479563
2016-08-20 00:00:00	-7.99634	1.47906	2.9599	0	0.567897	-0.00319984	0.0164843	0	0.0289963	0	0	0	0	0	1.852	-0.0127107	0.0216825	0	0	0.0222288	0.0245939	0	0	0.100877	-0.00813278	-0.946664
2016-08-21 00:00:00	-0.303071	-2.05065	2.88427	0	-0.0190268	-0.00379127	0.0180098	0	0.0718775	0	0	0	0	0	-0.501489	-0.0127031	0.0216711	0	0	0.0275091	0.0278866	0	0	0.101192	-0.00858613	0.253099
2016-08-22 00:00:00	-1.05842	-0.281167	3.17505	0	-0.182339	-0.000337372	0.00136607	0	0.0141886	0	0	0	0	0	-1.23325	-0.0126815	0.0216065	0	0	0.0229321	0.0252378	0	0	0.101115	-0.00848589	0.584821
2016-08-23 00:00:00	-0.473744	-0.0708038	2.58087	0	-0.242833	-2.18612E-05	0.000113484	0	0.000376803	0	0	0	0	0	-1.02816	-0.0126538	0.0215266	0	0	0.018654	0.0223964	0	0	0.100716	-0.00828174	0.908157
2016-08-24 00:00:00	-0.14002	-0.0769747	3.47831	0	-0.165109	0	4.57548E-05	0	0	0	0	0	0	0	-2.25471	-0.0126353	0.0214776	0	0	0.0136062	0.0194006	0	0	0.100323	-0.00809007	0.975628
2016-08-25 00:00:00	-0.0992187	-0.00930044	2.42656	0	-0.0218777	0	2.32189E-05	0	0	0	0	0	0	0	-1.54941	-0.0126132	0.0213693	0	0	0.0105433	0.0173686	0	0	0.0995282	-0.00776559	0.875206
2016-08-26 00:00:00	-0.763932	-0.000296871	2.48008	0	0.00126607	0	7.97226E-05	0	0	0	0	0	0	0	-1.16791	-0.0125932	0.0213394	0	0	0.00863031	0.0159213	0	0	0.0989169	-0.00756687	0.67393
2016-08-27 00:00:00	-0.05998	0	3.17462	0	-0.0402962	0	4.96273E-06	0	0	0	0	0	0	0	-2.12679	-0.0125516	0.0212858	0	0	0.00654596	0.0143099	0	0	0.098171	-0.00743695	1.06788
2016-08-28 00:00:00	-1.36575	0.000307036	2.47119	0	0.0472929	0	0.000142139	0	0	0	0	0	0	0	-0.886652	-0.0125226	0.0212155	0	0	0.00642462	0.0140759	0	0	0.0974126	-0.00729309	0.38584
2016-08-29 00:00:00	0	-0.000307036	2.63998	0	-0.0292518	0	3.27086E-05	0	0	0	0	0	0	0	-1.88593	-0.0124771	0.0211204	0	0	0.00532215	0.0130885	0	0	0.0966718	-0.00725939	0.840995
2016-08-30 00:00:00	0	0	2.74244	0	-0.0196907	0	2.921E-05	0	0	0	0	0	0	0	-1.9771	-0.0124374	0.0210617	0	0	0.00428714	0.0121044	0	0	0.0958006	-0.0071414	0.859353
2016-08-31 00:00:00	-0.818497	0	2.60176	0	0.00602214	0	9.06584E-05	0	0	0	0	0	0	0	-1.33267	-0.0123988	0.0210126	0	0	0.00372139	0.0114999	0	0	0.0948378	-0.00703871	0.568338
2016-09-01 00:00:00	-0.778377	0	2.43819	0	0.012539	0	7.90782E-05	0	0	0	0	0	0	0	-1.30634	-0.0123964	0.0209626	0	0	0.00379084	0.0114936	0	0	0.0940399	-0.00694743	0.477038
2016-09-02 00:00:00	-1.27286	0	2.33981	0	0.0280809	0	0.000185669	0	0	0	0	0	0	0	-0.940303	-0.0123655	0.0209143	0	0	0.00454615	0.0121429	0	0	0.0931786	-0.00692684	0.266399
2016-09-03 00:00:00	-4.68491	2.09241	2.2872	0	0.0807767	-7.01717E-06	0.0011435	0	0	0	0	0	0	0	-0.0954133	-0.0123624	0.0208775	0	0	0.00536452	0.0127554	0	0	0.0923413	-0.00700636	-0.206827
2016-09-04 00:00:00	-0.415327	-1.51704	2.30582	0	0.0177581	-3.99914E-05	0.000817995	0	6.51206E-05	0	0	0	0	0	-0.445908	-0.0123495	0.02082	0	0	0.00662559	0.01376	0	0	0.0918246	-0.0071141	0.0597099
2016-09-05 00:00:00	-0.349051	-0.562798	2.40585	0	-0.0167197	-1.95728E-05	0.000335044	0	0.000146951	0	0	0	0	0	-1.23498	-0.0123334	0.0207575	0	0	0.00743065	0.0144031	0	0	0.0913199	-0.00717193	0.357166
2016-09-06 00:00:00	-0.0446534	-0.012473	2.70934	0	-0.111319	0	0	0	0	0	0	0	0	0	-1.81109	-0.012296	0.0206979	0	0	0.00613787	0.0136715	0	0	0.0909544	-0.00717296	0.841795
2016-09-07 00:00:00	0	0	2.476	0	-0.0335086	0	0	0	0	0	0	0	0	0	-2.06805	-0.012269	0.0206244	0	0	0.00496314	0.0126224	0	0	0.0901659	-0.00706868	0.483479
2016-09-08 00:00:00	-8.61226	3.0934	2.44502	0	0.240061	-9.14835E-05	0.00197365	0	7.9901E-06	0	0	0	0	0	1.53948	-0.0122581	0.0206274	0	0	0.00832515	0.015698	0	0	0.0893406	-0.00698341	-1.17765
2016-09-09 00:00:00	-6.17416	0.576233	2.41768	0	0.118374	-0.00149982	0.00716328	0	0.0100251	0	0	0	0	0	1.87485	-0.0122595	0.0206238	0	0	0.0121987	0.0188506	0	0	0.0892797	-0.00740713	-1.05005
2016-09-10 00:00:00	0	-2.06092	2.19598	0	0.0046735	-0.0014491	0.00699679	0	0.0262093	0	0	0	0	0	-0.277996	-0.0122575	0.0205654	0	0	0.0146059	0.0203411	0	0	0.0894661	-0.00763504	0.018578
2016-09-11 00:00:00	0	-0.85122	2.09321	0	-0.0653604	-0.000626385	0.00288417	0	0.0141909	0	0	0	0	0	-0.928288	-0.0122444	0.0205151	0	0	0.0139627	0.01981	0	0	0.0893885	-0.00759824	0.388624
2016-09-12 00:00:00	-1.63206	-0.141791	2.42127	0	-0.00296159	-0.000166735	0.000664635	0	0.00361578	0	0	0	0	0	-0.376017	-0.012224	0.0204408	0	0	0.0131495	0.0190064	0	0	0.0892242	-0.00749973	0.394652
2016-09-13 00:00:00	-0.05998	-0.333647	2.28271	0	-0.0726995	-8.90116E-07	0.000112188	0	0.000223909	0	0	0	0	0	-1.55257	-0.0122095	0.0203825	0	0	0.0112603	0.0178356	0	0	0.088895	-0.00745267	0.382858
2016-09-14 00:00:00	-0.808504	-0.0868792	1.99626	0	-0.00475332	0	0.0002878	0	0.000189465	0	0	0	0	0	-0.888289	-0.0121601	0.0203187	0	0	0.0099971	0.0167774	0	0	0.0883385	-0.00732741	0.324254
2016-09-15 00:00:00	-0.145435	-0.158258	2.98585	0	-0.0928266	0	6.79688E-05	0	0.000114362	0	0	0	0	0	-2.12902	-0.0121318	0.0202629	0	0	0.00786913	0.0151516	0	0	0.087926	-0.00723017	0.572334
2016-09-16 00:00:00	-4.0071	1.71952	2.01992	0	0.159096	-3.89542E-05	0.00155008	0	0.000433102	0	0	0	0	0	-0.12468	-0.0121208	0.0202319	0	0	0.00831212	0.0152268	0	0	0.0873366	-0.00709148	-0.119413
2016-09-17 00:00:00	0	-1.4017	1.96992	0	-0.0399859	-0.000480298	0.00184133	0	0.0120019	0	0	0	0	0	-0.356457	-0.0121016	0.0202076	0	0	0.00864526	0.0153915	0	0	0.0867647	-0.00714096	0.296908
2016-09-18 00:00:00	-0.25998	-0.34195	1.95375	0	-0.00226058	-6.18704E-06	0.000439651	0	0.00375163	0	0	0	0	0	-1.3192	-0.0120909	0.0201453	0	0	0.00785502	0.0147978	0	0	0.0865282	-0.00709516	0.144686
2016-09-19 00:00:00	0	-0.0114441	1.74855	0	-0.113701	0	1.05697E-05	0	0.000657917	0	0	0	0	0	-1.13794	-0.0120629	0.0200901	0	0	0.00704145	0.0140724	0	0	0.0861104	-0.00702355	0.594361
2016-09-20 00:00:00	0	-0.00126389	1.87309	0	-0.0328693	0	7.16239E-06	0	0	0	0	0	0	0	-1.65821	-0.0120503	0.0200564	0	0	0.00612072	0.0132916	0	0	0.0856629	-0.00695243	0.286885
2016-09-21 00:00:00	-4.26837	1.56771	2.52275	0	0.0931346	-1.36053E-06	0.000373508	0	7.87533E-05	0	0	0	0	0	-0.0160994	-0.0120338	0.0200054	0	0	0.00693708	0.0137125	0	0	0.0850812	-0.00684975	0.00642785
2016-09-22 00:00:00	-7.54168	2.03629	1.77374	0	0.196695	-0.00147716	0.00823802	0	0.035677	0	0	0	0	0	2.21475	-0.0120367	0.0200009	0	0	0.00911359	0.0155743	0	0	0.0845475	-0.00704496	-1.16761
2016-09-23 00:00:00	-0.145435	-1.49208	1.72966	0	-0.00902032	-0.00151824	0.00727786	0	0.0436524	0	0	0	0	0	-0.262543	-0.0120287	0.0199793	0	0	0.012631	0.0181525	0	0	0.0846733	-0.00734465	-0.0139417
2016-09-24 00:00:00	-0.419415	-1.2499	2.03358	0	-0.0387095	-0.00105927	0.00549087	0	0.0295246	0	0	0	0	0	-0.283249	-0.0120132	0.0199416	0	0	0.0129853	0.0181945	0	0	0.0847901	-0.00731318	0.192852
2016-09-25 00:00:00	-4.27062	2.31155	1.72524	0	0.0786689	-0.00123579	0.00669169	0	0.0219433	0	0	0	0	0	-0.090178	-0.0119953	0.0199017	0	0	0.0129973	0.0180638	0	0	0.0846495	-0.00727307	-0.101595
2016-09-26 00:00:00	-0.853684	-0.547068	1.42572	0	-0.0155145	-0.00105312	0.00536018	0	0.0359576	0	0	0	0	0	-0.098063	-0.0119748	0.0198609	0	0	0.0133036	0.0180094	0	0	0.0844187	-0.00730934	0.0679597
2016-09-27 00:00:00	-0.330108	-1.3178	1.82152	0	-0.0158313	-0.000698898	0.00372149	0	0.0218087	0	0	0	0	0	-0.116399	-0.0119567	0.0197958	0	0	0.0136243	0.017952	0	0	0.0842922	-0.00727294	0.18265
2016-09-28 00:00:00	-7.93121	2.80738	1.85711	0	0.149895	-0.00289471	0.0180467	0	0.0737483	0	0	0	0	0	1.70477	-0.0119572	0.0197613	0	0	0.0151139	0.0193351	0	0	0.0838192	-0.00738802	-1.20447
2016-09-29 00:00:00	-7.32519	0.476955	1.6558	0	0.143486	-0.00494163	0.0320183	0	0.150036	0	0	0	0	0	3.1929	-0.0119663	0.0197511	0	0	0.0196915	0.0223071	0	0	0.0839717	-0.00784278	-1.55303
2016-09-30 00:00:00	-0.858181	-0.532056	1.40763	0	-0.0229567	-0.002694	0.0134246	0	0.0859307	0	0	0	0	0	-0.350097	-0.0119657	0.0197216	0	0	0.0212492	0.0229385	0	0	0.0846386	-0.00796734	-0.130387
2016-10-01 00:00:00	-0.851186	-0.508881	1.37624	0	-0.0210479	-0.00213092	0.0102299	0	0.0579413	0	0	0	0	0	-0.168542	-0.0119474	0.0196766	0	0	0.0204373	0.0221109	0	0	0.0848895	-0.00776753	0.0200255
2016-10-02 00:00:00	-0.430889	-1.17878	1.68344	0	0.0129159	-0.00128852	0.0065169	0	0.0384518	0	0	0	0	0	-0.310914	-0.011932	0.0195965	0	0	0.0196364	0.0213282	0	0	0.0848863	-0.00767843	-0.0547045
2016-10-03 00:00:00	-0.0992187	-0.686705	1.63097	0	-0.11341	-0.0010081	0.00435992	0	0.0319109	0	0	0	0	0	-0.595422	-0.0119145	0.0195472	0	0	0.0180345	0.0206144	0	0	0.0847382	-0.00756923	0.294933
2016-10-04 00:00:00	0	-0.271848	1.51862	0	-0.159019	-4.49612E-06	4.88818E-05	0	0.00534894	0	0	0	0	0	-0.68622	-0.0118996	0.0194766	0	0	0.0149963	0.0187344	0	0	0.0847188	-0.00742188	0.525529
2016-10-05 00:00:00	0	-0.255662	1.48958	0	-0.0647435	0	0.000124361	0	0.000201581	0	0	0	0	0	-1.04952	-0.0118822	0.0194338	0	0	0.0131927	0.0175885	0	0	0.0844912	-0.00727119	0.235536
2016-10-06 00:00:00	0	-0.22083	1.28167	0	0.0663199	-1.60907E-05	0.000974122	0	0.000323148	0	0	0	0	0	-0.950634	-0.0118658	0.0193763	0	0	0.011918	0.0167103	0	0	0.0841408	-0.0071599	0.29093
2016-10-07 00:00:00	-0.100781	-0.223839	1.40184	0	-0.0758895	-0.00019607	0.000894976	0	0.00836879	0	0	0	0	0	-0.821353	-0.0118448	0.0193075	0	0	0.0111188	0.0161582	0	0	0.0837255	-0.00709144	0.300419
2016-10-08 00:00:00	0	-0.201748	1.23805	0	-0.00707043	-5.74057E-06	0.000486012	0	0.000657918	0	0	0	0	0	-0.880277	-0.0118234	0.0192725	0	0	0.0101023	0.0154493	0	0	0.0835062	-0.00700415	0.2596
2016-10-09 00:00:00	0	-0.15892	0.991048	0	0.0205924	-8.75372E-05	0.000855196	0	0.00226889	0	0	0	0	0	-0.7718	-0.0117968	0.0192203	0	0	0.00952445	0.0149797	0	0	0.0831366	-0.00695771	0.192064
2016-10-10 00:00:00	-0.635387	-0.0476779	1.02192	0	0.0211629	-0.000399683	0.00176435	0	0.0110103	0	0	0	0	0	-0.337777	-0.011783	0.0191904	0	0	0.00945748	0.0148471	0	0	0.0826791	-0.00694519	0.142059
2016-10-11 00:00:00	-1.50801	0.439482	1.20424	0	0.0586898	-0.0008299	0.00373928	0	0.0179051	0	0	0	0	0	-0.275867	-0.0117706	0.0191473	0	0	0.00999724	0.0150429	0	0	0.0823705	-0.00696014	0.0471682
2016-10-12 00:00:00	-1.3267	0.233545	1.19143	0	-0.0024647	-0.00103536	0.00467771	0	0.0233083	0	0	0	0	0	-0.190072	-0.0117563	0.0191016	0	0	0.0107774	0.0153666	0	0	0.0822367	-0.00700151	0.0414126
2016-10-13 00:00:00	-2.82772	1.02459	1.17102	0	0.0554213	-0.00162621	0.00827898	0	0.037556	0	0	0	0	0	0.303987	-0.0117433	0.019085	0	0	0.0124597	0.0167086	0	0	0.0820907	-0.00706023	-0.116957
2016-10-14 00:00:00	-3.61395	1.11494	1.1872	0	0.143514	-0.0035053	0.0191479	0	0.0551338	0	0	0	0	0	0.58683	-0.0117374	0.0190637	0	0	0.0166911	0.0196531	0	0	0.0820274	-0.00723408	-0.392233
2016-10-15 00:00:00	-2.94255	0.191285	1.05056	0	0.0473928	-0.00617637	0.0317606	0	0.123766	0	0	0	0	0	0.892553	-0.0117291	0.0190626	0	0	0.0205802	0.0222672	0	0	0.081999	-0.0076468	-0.486883
2016-10-16 00:00:00	-1.64671	0.092934	1.03623	0	0.00129677	-0.00391458	0.0193982	0	0.0875414	0	0	0	0	0	0.157921	-0.0117231	0.0190404	0	0	0.02323	0.0238305	0	0	0.0824436	-0.00781196	-0.126294
2016-10-17 00:00:00	-1.72225	0.118095	1.13039	0	0.0174271	-0.00331461	0.0165876	0	0.0740185	0	0	0	0	0	0.139892	-0.0117159	0.0189838	0	0	0.0232753	0.0236655	0	0	0.0828028	-0.00779362	-0.0999332
2016-10-18 00:00:00	-7.63457	0.900044	0.955536	0	0.184074	-0.00816976	0.0512985	0	0.220497	0	0	0	0	0	3.54172	-0.0117097	0.0189609	0	0	0.0284658	0.0262743	0	0	0.0830208	-0.00807898	-1.65264
2016-10-19 00:00:00	0	-0.904755	0.959785	0	-0.0845507	-0.00439222	0.020847	0	0.131049	0	0	0	0	0	-0.347708	-0.0117105	0.0189538	0	0	0.0319031	0.0277831	0	0	0.0839293	-0.0083165	-0.0871828
2016-10-20 00:00:00	-0.169111	-0.672955	0.891969	0	-0.00401403	-0.00297082	0.0135588	0	0.0745208	0	0	0	0	0	-0.234338	-0.0116941	0.0189204	0	0	0.0295892	0.0262129	0	0	0.0844279	-0.00802274	0.0360926
2016-10-21 00:00:00	0	-0.856671	0.917641	0	0.0124097	-0.00237447	0.0108937	0	0.057419	0	0	0	0	0	-0.236858	-0.0116791	0.0188729	0	0	0.027424	0.0247637	0	0	0.0847378	-0.00786616	0.0387135
2016-10-22 00:00:00	-0.487017	-0.263252	0.80753	0	-0.0303264	-0.00221724	0.0100531	0	0.056961	0	0	0	0	0	-0.133471	-0.0116698	0.0188463	0	0	0.0256227	0.02356	0	0	0.0849214	-0.00776841	0.0917715
2016-10-23 00:00:00	-1.63183	0.810847	0.786902	0	0.0513681	-0.0018105	0.00832484	0	0.0425956	0	0	0	0	0	-0.24886	-0.0116626	0.0187887	0	0	0.0240435	0.022478	0	0	0.0848576	-0.00768549	-0.0516373
2016-10-24 00:00:00	-0.390088	-0.246229	0.704654	0	-0.0544897	-0.00193488	0.0087388	0	0.0541132	0	0	0	0	0	-0.149121	-0.0116546	0.0187237	0	0	0.0228259	0.0216469	0	0	0.084775	-0.00765274	0.0543074
2016-10-25 00:00:00	-0.0545653	-0.503672	0.888848	0	0.0214507	-0.00193657	0.00951682	0	0.0361928	0	0	0	0	0	-0.472389	-0.011649	0.018704	0	0	0.0219508	0.0210204	0	0	0.0846528	-0.00755474	0.0505704
2016-10-26 00:00:00	-0.0854547	-0.405469	0.951209	0	-0.0492378	-0.00166533	0.0081804	0	0.0401436	0	0	0	0	0	-0.400923	-0.0116406	0.0186662	0	0	0.0209196	0.0204261	0	0	0.0845379	-0.00749461	0.182198
2016-10-27 00:00:00	-0.473744	-0.100542	0.959814	0	-0.00730867	-0.00112109	0.00535106	0	0.022666	0	0	0	0	0	-0.378372	-0.0116321	0.0186228	0	0	0.0197306	0.0198828	0	0	0.0844178	-0.00738932	0.150376
2016-10-28 00:00:00	0	-0.159226	0.792496	0	-0.0579591	-0.000613215	0.00274657	0	0.0201812	0	0	0	0	0	-0.611943	-0.0116195	0.0185829	0	0	0.0181175	0.019295	0	0	0.084285	-0.00733272	0.107011
2016-10-29 00:00:00	-0.330108	-0.075162	0.798336	0	-0.0070084	-0.000758261	0.0037223	0	0.0122763	0	0	0	0	0	-0.358521	-0.0116068	0.0185149	0	0	0.0171074	0.0189322	0	0	0.0840398	-0.00722654	0.162538
2016-10-30 00:00:00	-0.217771	-0.0927392	0.765622	0	-0.0483759	-0.000547154	0.00268983	0	0.0163521	0	0	0	0	0	-0.341274	-0.0115944	0.0184892	0	0	0.0159246	0.018208	0	0	0.0838751	-0.00718785	0.201672
2016-10-31 00:00:00	-4.30937	2.77224	0.823305	0	0.0855189	-0.00148273	0.007119	0	0.030624	0	0	0	0	0	0.344128	-0.0115866	0.0184494	0	0	0.0155626	0.0178411	0	0	0.0836931	-0.00715902	-0.131118
2016-11-01 00:00:00	-0.847097	0.00415762	0.597504	0	0.00929528	-0.0017228	0.00830584	0	0.0452272	0	0	0	0	0	0.0478973	-0.0115822	0.0184181	0	0	0.015943	0.0178117	0	0	0.0836294	-0.0072522	-0.0194653
2016-11-02 00:00:00	-0.155347	-0.377097	0.550428	0	0.0324959	-0.00110271	0.00556642	0	0.0297012	0	0	0	0	0	-0.212216	-0.0115658	0.0183606	0	0	0.0160203	0.017682	0	0	0.0835539	-0.00721639	-0.0107355
2016-11-03 00:00:00	-1.59623	0.543632	0.586401	0	0.0220031	-0.00166288	0.00821982	0	0.0430192	0	0	0	0	0	0.0691605	-0.0115576	0.0183076	0	0	0.0163901	0.0178293	0	0	0.0833115	-0.00719555	-0.208372
2016-11-04 00:00:00	-1.68098	0.0848064	0.547018	0	0.061365	-0.00357822	0.0197369	0	0.0946961	0	0	0	0	0	0.577295	-0.0115511	0.0182751	0	0	0.0184396	0.0189944	0	0	0.0831721	-0.00729989	-0.179606
2016-11-05 00:00:00	-0.0408013	-0.503013	0.567193	0	-0.0217952	-0.00240954	0.0137691	0	0.0712461	0	0	0	0	0	-0.177211	-0.0115339	0.0182514	0	0	0.019445	0.0194674	0	0	0.0831336	-0.00737546	0.0283663
2016-11-06 00:00:00	-1.70332	0.202034	0.57877	0	0.0644122	-0.00450578	0.0277788	0	0.119652	0	0	0	0	0	0.374596	-0.0115193	0.0182364	0	0	0.0216124	0.0208249	0	0	0.0830767	-0.00740681	-0.215754
2016-11-07 00:00:00	0	-0.50124	0.533038	0	-0.0326443	-0.00284531	0.0165398	0	0.0921652	0	0	0	0	0	-0.205325	-0.0115121	0.0182115	0	0	0.0226968	0.0214015	0	0	0.0831369	-0.00755223	0.0260709
2016-11-08 00:00:00	-0.620551	0.0698089	0.478662	0	-0.00720004	-0.00176704	0.0100242	0	0.0549525	0	0	0	0	0	-0.238218	-0.0115003	0.0181695	0	0	0.0215861	0.0206114	0	0	0.0832579	-0.00749874	-0.129662
2016-11-09 00:00:00	-2.55094	0.451043	0.468042	0	0.0735511	-0.00670289	0.0407104	0	0.181138	0	0	0	0	0	0.865735	-0.0115017	0.0181652	0	0	0.0246582	0.0224736	0	0	0.0831094	-0.00753853	-0.348057
2016-11-10 00:00:00	-3.37195	0.551227	0.451134	0	0.0546611	-0.00561637	0.0371306	0	0.191427	0	0	0	0	0	1.39744	-0.0115018	0.0181621	0	0	0.0282511	0.0243706	0	0	0.0832327	-0.00798193	-0.560017
2016-11-11 00:00:00	-12.6713	0.152996	0.468226	0	0.368305	-0.0279683	0.154279	0	0.877134	0	0	0	0	0	7.39104	-0.0115373	0.0182335	0	0	0.045843	0.0333274	0	0	0.0833392	-0.00980374	-3.12788
2016-11-12 00:00:00	-9.86261	0.00110992	0.526565	0	0.139655	-0.0354741	0.186075	0	1.12367	0	0	0	0	0	5.16207	-0.0115863	0.0183556	0	0	0.0742198	0.047537	0	0	0.0845489	-0.0107712	-2.55664
2016-11-13 00:00:00	-6.77193	-0.0109535	0.440885	0	0.0177562	-0.0286742	0.151921	0	0.885942	0	0	0	0	0	3.28453	-0.0116203	0.0184291	0	0	0.087091	0.0540042	0	0	0.0858038	-0.0110118	-1.80783
2016-11-14 00:00:00	-1.21533	-0.0137864	0.623911	0	-0.0613276	-0.0132231	0.0644162	0	0.414993	0	0	0	0	0	-0.4053	-0.0116337	0.0184394	0	0	0.0828268	0.0516282	0	0	0.0872874	-0.0103054	-0.387401
2016-11-15 00:00:00	-0.610148	-0.125701	0.578381	0	-0.126662	-0.00870958	0.0421477	0	0.28306	0	0	0	0	0	-0.268706	-0.0116344	0.0184156	0	0	0.0726586	0.0461624	0	0	0.0878994	-0.0094926	-0.0323283
2016-11-16 00:00:00	-9.54318	0.0984487	0.481086	0	0.31939	-0.0224062	0.131334	0	0.732247	0	0	0	0	0	5.40237	-0.0116594	0.018446	0	0	0.0737118	0.046272	0	0	0.0879637	-0.0106249	-2.1966
2016-11-17 00:00:00	-9.06449	-0.014045	0.416611	0	0.0676458	-0.0271828	0.154292	0	1.01684	0	0	0	0	0	4.77671	-0.0116969	0.0185154	0	0	0.0841589	0.0504031	0	0	0.0889808	-0.0118606	-2.45512
2016-11-18 00:00:00	-0.884573	-0.0161957	0.37622	0	-0.190817	-0.0126567	0.0622747	0	0.495263	0	0	0	0	0	-0.516562	-0.0117182	0.0185338	0	0	0.0836808	0.0497039	0	0	0.0910141	-0.0107345	-0.466567
2016-11-19 00:00:00	-0.100781	-0.227376	0.334782	0	-0.0324634	-0.00797556	0.0380423	0	0.268637	0	0	0	0	0	-0.523008	-0.0117214	0.0185098	0	0	0.0736004	0.044634	0	0	0.0919623	-0.00960286	-0.0427604
2016-11-20 00:00:00	-0.104633	-0.161264	0.277337	0	0.000696943	-0.00558683	0.0269778	0	0.179982	0	0	0	0	0	-0.370638	-0.011722	0.0184793	0	0	0.0645285	0.0400172	0	0	0.092299	-0.00933286	0.0371406
2016-11-21 00:00:00	-14.1539	0.35357	0.260511	0	0.580326	-0.0378872	0.203255	0	1.56108	0	0	0	0	0	7.95556	-0.011759	0.0185676	0	0	0.0768813	0.045286	0	0	0.0917981	-0.0112612	-3.068
2016-11-22 00:00:00	-26.868	-0.0159074	0.357163	0	0.624272	-0.095325	0.456091	0	4.03319	0	0	0	0	0	14.2817	-0.0118779	0.0188445	0	0	0.147572	0.0697573	0	0	0.0934924	-0.0156014	-6.92466
2016-11-23 00:00:00	-0.159199	-0.127337	0.287573	0	-0.837652	-0.0277782	0.11609	0	1.41281	0	0	0	0	0	-2.12862	-0.011989	0.018964	0	0	0.189231	0.0792866	0	0	0.0985053	-0.0139801	-1.10409
2016-11-24 00:00:00	-0.05998	-0.157439	0.228614	0	-0.00324368	-0.0150457	0.0630595	0	0.594153	0	0	0	0	0	-1.1246	-0.0120203	0.0189347	0	0	0.160276	0.0682206	0	0	0.100156	-0.0115451	-0.150457
2016-11-25 00:00:00	-0.149287	-0.0809508	0.238567	0	-0.096962	-0.00950714	0.0412008	0	0.395794	0	0	0	0	0	-0.747539	-0.0120189	0.018909	0	0	0.136375	0.0594107	0	0	0.100661	-0.0110254	-0.116373
2016-11-26 00:00:00	-0.159199	-0.0963883	0.263101	0	-0.0228291	-0.00869372	0.0379601	0	0.322036	0	0	0	0	0	-0.537044	-0.012015	0.0188836	0	0	0.117655	0.0525836	0	0	0.100951	-0.0105468	0.0664546
2016-11-27 00:00:00	-0.308485	-0.0399214	0.331795	0	0.0130518	-0.00703418	0.0315358	0	0.247798	0	0	0	0	0	-0.385285	-0.0120095	0.0188573	0	0	0.102162	0.0469112	0	0	0.101187	-0.0101712	0.130391
2016-11-28 00:00:00	-0.159199	-0.0951123	0.2596	0	-0.0446296	-0.00522347	0.0238943	0	0.184382	0	0	0	0	0	-0.297825	-0.0120033	0.0188293	0	0	0.0889338	0.0420926	0	0	0.101408	-0.00986176	0.0952866
2016-11-29 00:00:00	0	-0.304105	0.32558	0	-0.0506019	-0.00411254	0.0192494	0	0.134616	0	0	0	0	0	-0.284066	-0.011995	0.0187983	0	0	0.0769958	0.0377452	0	0	0.101536	-0.00953033	0.0501104
2016-11-30 00:00:00	-0.0446534	-0.30334	0.370499	0	-0.0298436	-0.00340857	0.016144	0	0.10778	0	0	0	0	0	-0.151026	-0.0119879	0.0187715	0	0	0.0681491	0.0345999	0	0	0.10156	-0.00925023	0.163994
2016-12-01 00:00:00	0	-0.344753	0.406222	0	-0.0382312	-0.00338212	0.0156405	0	0.10129	0	0	0	0	0	-0.159796	-0.0119816	0.0187489	0	0	0.0612611	0.0321564	0	0	0.101538	-0.00901322	0.169699
2016-12-02 00:00:00	-0.114545	-0.101582	0.264322	0	-0.0329412	-0.00290414	0.0135287	0	0.0827941	0	0	0	0	0	-0.110867	-0.0119739	0.0187233	0	0	0.0546072	0.0297913	0	0	0.10154	-0.00883774	0.181656
2016-12-03 00:00:00	-0.45998	0.20248	0.252002	0	-0.0183399	-0.00247911	0.0117236	0	0.0683955	0	0	0	0	0	-0.0602054	-0.011965	0.018695	0	0	0.0468649	0.027775	0	0	0.10151	-0.00865604	0.16782
2016-12-04 00:00:00	0	-0.202388	0.218403	0	-0.0155891	-0.00232391	0.0106262	0	0.0621307	0	0	0	0	0	-0.0935649	-0.0119581	0.0186718	0	0	0.040363	0.026313	0	0	0.101408	-0.00847897	0.143613
2016-12-05 00:00:00	-0.2	0.0259732	0.174004	0	-0.0234652	-0.00269416	0.0120632	0	0.0699372	0	0	0	0	0	-0.0320455	-0.0119491	0.0186482	0	0	0.0360014	0.0250816	0	0	0.101333	-0.00837682	0.18451
2016-12-06 00:00:00	-4.71424	1.38832	0.446479	0	0.271979	-0.0101032	0.050035	0	0.248632	0	0	0	0	0	1.6036	-0.0119529	0.0186479	0	0	0.036463	0.0259722	0	0	0.101209	-0.00871208	-0.553671
2016-12-07 00:00:00	-0.0854547	-0.320135	0.416262	0	-0.144189	-0.00544406	0.0266041	0	0.209802	0	0	0	0	0	-0.20016	-0.0119536	0.0186421	0	0	0.0387137	0.0270944	0	0	0.101185	-0.00936264	0.0616049
2016-12-08 00:00:00	0	-0.343497	0.36992	0	-0.00711998	-0.00320456	0.01525	0	0.0881656	0	0	0	0	0	-0.162072	-0.0119465	0.0186068	0	0	0.0355129	0.0256415	0	0	0.101304	-0.00868266	0.117878
2016-12-09 00:00:00	-0.694145	0.294381	0.388042	0	-0.0316077	-0.00288369	0.0136623	0	0.0778141	0	0	0	0	0	-0.0829055	-0.0119396	0.0185727	0	0	0.032441	0.0243165	0	0	0.101274	-0.00847252	0.118551
2016-12-10 00:00:00	-0.345094	-0.0252623	0.364449	0	-0.014094	-0.00270519	0.0124358	0	0.0707162	0	0	0	0	0	-0.0372155	-0.0119329	0.0185518	0	0	0.0302389	0.0234217	0	0	0.101103	-0.00833113	0.176281
2016-12-11 00:00:00	-0.950168	0.155641	0.320542	0	0.02652	-0.00270297	0.0135526	0	0.0676565	0	0	0	0	0	0.269509	-0.0119264	0.0185125	0	0	0.0281133	0.0224735	0	0	0.101007	-0.00837761	0.0503527
2016-12-12 00:00:00	-0.309131	-0.0684678	0.285928	0	-0.020296	-0.00277377	0.0120951	0	0.0822865	0	0	0	0	0	-0.0130172	-0.0119216	0.0184748	0	0	0.0267821	0.0218596	0	0	0.100786	-0.00846483	0.114141
2016-12-13 00:00:00	-1.13045	0.197073	0.260391	0	0.0562491	-0.0033519	0.0171257	0	0.0885463	0	0	0	0	0	0.338947	-0.0119152	0.018449	0	0	0.0258462	0.0214756	0	0	0.100686	-0.00843922	-0.029366
2016-12-14 00:00:00	-0.841378	-0.0169312	0.33354	0	-0.00815687	-0.00409601	0.0208326	0	0.110183	0	0	0	0	0	0.233151	-0.0119086	0.0184251	0	0	0.0259649	0.0215977	0	0	0.10066	-0.00857423	-0.026691
2016-12-15 00:00:00	-0.0854547	-0.242612	0.330581	0	-0.0388991	-0.00219478	0.0103308	0	0.07291	0	0	0	0	0	-0.184738	-0.0118949	0.0183879	0	0	0.0248775	0.0210667	0	0	0.100658	-0.00854144	0.00447649
2016-12-16 00:00:00	-1.16857	0.207053	0.294502	0	0.0497158	-0.00603551	0.0281153	0	0.12695	0	0	0	0	0	0.391896	-0.0118939	0.0183736	0	0	0.0256706	0.0215561	0	0	0.100514	-0.00827872	0.0695687
2016-12-17 00:00:00	-0.4	-0.0139584	0.253972	0	-0.0227725	-0.00420463	0.0208378	0	0.121394	0	0	0	0	0	0.00580966	-0.0118864	0.0183448	0	0	0.0265016	0.0219284	0	0	0.100394	-0.00839114	0.107969
2016-12-18 00:00:00	-1.06505	-0.0159574	0.188519	0	0.0597796	-0.00467079	0.0240418	0	0.112469	0	0	0	0	0	0.467889	-0.0118701	0.0183224	0	0	0.026513	0.0218443	0	0	0.100331	-0.00848241	-0.0863264
2016-12-19 00:00:00	0	-0.311143	0.324361	0	-0.0688724	-0.00372796	0.0170759	0	0.11735	0	0	0	0	0	-0.0992268	-0.0118566	0.0182983	0	0	0.0260728	0.021572	0	0	0.100205	-0.00856028	0.121548
2016-12-20 00:00:00	-2.25695	0.278883	0.331582	0	0.149938	-0.00652928	0.0341418	0	0.160604	0	0	0	0	0	0.908229	-0.0118541	0.0182774	0	0	0.0269047	0.0219337	0	0	0.100065	-0.00862309	-0.253398
2016-12-21 00:00:00	-1.0123	-0.0146074	0.336436	0	-0.00614681	-0.00576783	0.0282943	0	0.177432	0	0	0	0	0	0.243663	-0.0118497	0.0182613	0	0	0.0286701	0.022671	0	0	0.0999479	-0.00902679	-0.10432
2016-12-22 00:00:00	-7.37661	-0.0191292	0.340998	0	0.316579	-0.0255949	0.127163	0	0.805994	0	0	0	0	0	4.0382	-0.0118681	0.0182942	0	0	0.0384144	0.0269789	0	0	0.0994795	-0.0109654	-1.63206
2016-12-23 00:00:00	-16.903	-0.0122574	0.349197	0	0.542308	-0.0644098	0.291572	0	2.32196	0	0	0	0	0	9.00511	-0.0119336	0.0184239	0	0	0.0710772	0.039902	0	0	0.0985045	-0.0184996	-4.27209
2016-12-24 00:00:00	-12.34	-0.0174148	0.293794	0	-0.0765936	-0.0548575	0.238378	0	2.12717	0	0	0	0	0	5.60234	-0.0120714	0.018565	0	0	0.103136	0.0520936	0	0	0.0999908	-0.0222458	-3.98775
2016-12-25 00:00:00	-7.89859	-0.0157926	0.331048	0	-0.0218433	-0.0502043	0.201543	0	1.93297	0	0	0	0	0	2.85755	-0.0121686	0.0186912	0	0	0.116903	0.0571245	0	0	0.103673	-0.0210769	-2.40018
2016-12-26 00:00:00	-7.81855	-0.01311	0.262157	0	0.157903	-0.0521004	0.205263	0	1.97161	0	0	0	0	0	2.96454	-0.012199	0.0188142	0	0	0.128168	0.0611851	0	0	0.106498	-0.0208781	-2.0407
2016-12-27 00:00:00	0	-0.272754	0.283567	0	-0.316338	-0.0219869	0.0754404	0	0.898002	0	0	0	0	0	-1.1108	-0.0121919	0.018853	0	0	0.121766	0.0582381	0	0	0.109328	-0.0180336	-0.186914
2016-12-28 00:00:00	0	-0.233018	0.251713	0	-0.0694401	-0.0128398	0.0450648	0	0.448113	0	0	0	0	0	-0.721057	-0.0121768	0.0188397	0	0	0.104918	0.0513722	0	0	0.110923	-0.0149928	-0.03258
2016-12-29 00:00:00	0	-0.290901	0.314285	0	-0.118601	-0.00956968	0.0344903	0	0.317782	0	0	0	0	0	-0.481838	-0.0121688	0.018816	0	0	0.0903979	0.0454933	0	0	0.111605	-0.0137541	0.00603693
2016-12-30 00:00:00	0	-0.319146	0.344863	0	-0.0235521	-0.00706542	0.026373	0	0.218251	0	0	0	0	0	-0.366739	-0.0121622	0.0187909	0	0	0.0788542	0.0408767	0	0	0.111911	-0.0127786	0.0984773
2016-12-31 00:00:00	-4.51244	1.04127	0.341604	0	0.299964	-0.0180487	0.0762936	0	0.550794	0	0	0	0	0	1.4412	-0.0121653	0.0188009	0	0	0.0757593	0.0398508	0	0	0.111764	-0.013754	-0.559108
2017-01-01 00:00:00	-0.885709	-0.0618897	0.239473	0	-0.186886	-0.0120976	0.0474315	0	0.4934	0	0	0	0	0	0.0334625	-0.0121663	0.0187968	0	0	0.0743028	0.0392999	0	0	0.111822	-0.0143557	-0.115115
2017-01-02 00:00:00	-0.234505	-0.0943635	0.208353	0	0.00132048	-0.00583995	0.024207	0	0.223406	0	0	0	0	0	-0.30002	-0.0121544	0.0187686	0	0	0.0653034	0.0356798	0	0	0.112521	-0.0122433	0.0304327
2017-01-03 00:00:00	-0.0446534	-0.253907	0.314737	0	-0.160091	-0.00769413	0.0311432	0	0.236716	0	0	0	0	0	-0.119554	-0.0121536	0.0187575	0	0	0.0608605	0.0340032	0	0	0.11276	-0.0115343	0.199389
2017-01-04 00:00:00	0	-0.25087	0.271352	0	-0.0636355	-0.00442706	0.0179813	0	0.127688	0	0	0	0	0	-0.12262	-0.0121469	0.0187302	0	0	0.0537769	0.0312204	0	0	0.11294	-0.0109278	0.169062
2017-01-05 00:00:00	-0.0545653	-0.13634	0.202532	0	-0.0373985	-0.00434675	0.0179209	0	0.116923	0	0	0	0	0	-0.103352	-0.012142	0.0187105	0	0	0.0488239	0.0293036	0	0	0.112918	-0.0105251	0.188461
2017-01-06 00:00:00	-0.339139	0.0179169	0.330978	0	-0.0484509	-0.003398	0.0137873	0	0.0904583	0	0	0	0	0	-0.0831284	-0.0121349	0.0186843	0	0	0.0438615	0.0273796	0	0	0.112902	-0.0101996	0.159517
2017-01-07 00:00:00	-0.816735	0.233127	0.313317	0	0.00802862	-0.00494547	0.0216015	0	0.115467	0	0	0	0	0	0.0982229	-0.012129	0.0186631	0	0	0.0407849	0.0262975	0	0	0.112763	-0.00992148	0.144542
2017-01-08 00:00:00	-0.05998	-0.191477	0.305126	0	-0.0605351	-0.00377091	0.0167105	0	0.0998159	0	0	0	0	0	-0.071293	-0.0121222	0.018641	0	0	0.0383435	0.0254511	0	0	0.112634	-0.00979036	0.207753
2017-01-09 00:00:00	-13.0033	0.601166	0.31431	0	1.06235	-0.0342943	0.154442	0	1.35276	0	0	0	0	0	6.81274	-0.0121409	0.0186916	0	0	0.0466858	0.028097	0	0	0.110368	-0.0193062	-2.56746
2017-01-10 00:00:00	-0.312983	-0.114497	0.344282	0	-0.495906	-0.0136282	0.0420269	0	0.750642	0	0	0	0	0	-0.588246	-0.0121454	0.0187192	0	0	0.0536778	0.0300262	0	0	0.111622	-0.0191722	-0.20558
2017-01-11 00:00:00	-3.34555	0.0841461	0.3008	0	0.160457	-0.0154272	0.0589092	0	0.668747	0	0	0	0	0	1.35511	-0.0121411	0.0187238	0	0	0.0520133	0.0291876	0	0	0.11321	-0.016226	-0.548041
2017-01-12 00:00:00	-0.464068	-0.0315545	0.244045	0	-0.24554	-0.00850258	0.0268664	0	0.417315	0	0	0	0	0	-0.196023	-0.0121573	0.0187178	0	0	0.0494266	0.0281318	0	0	0.113959	-0.0155297	-0.0749136
2017-01-13 00:00:00	-1.40463	-0.0652511	0.230256	0	0.12498	-0.00879204	0.0298081	0	0.31624	0	0	0	0	0	0.476008	-0.0121603	0.0186738	0	0	0.0451614	0.0265279	0	0	0.114606	-0.0150009	-0.123572
2017-01-14 00:00:00	-2.15274	-0.084761	0.258375	0	0.0180434	-0.0101078	0.0338981	0	0.415514	0	0	0	0	0	1.01592	-0.0121518	0.0186678	0	0	0.0418323	0.0251581	0	0	0.114541	-0.0172521	-0.335069
2017-01-15 00:00:00	-16.4625	0.12011	0.319362	0	0.881029	-0.081647	0.336976	0	3.20478	0	0	0	0	0	8.38653	-0.0121925	0.0188264	0	0	0.0746512	0.0381319	0	0	0.113288	-0.0247967	-3.08742
2017-01-16 00:00:00	-0.876374	-0.0609411	0.347232	0	-0.595295	-0.0283263	0.103333	0	1.38	0	0	0	0	0	-0.649845	-0.0122213	0.0189364	0	0	0.100785	0.0480793	0	0	0.117552	-0.0216205	-0.128703
2017-01-17 00:00:00	-0.558317	-0.0796521	0.362789	0	-0.145564	-0.0157375	0.0599376	0	0.605253	0	0	0	0	0	-0.445362	-0.0122146	0.0189328	0	0	0.0899416	0.0440454	0	0	0.12037	-0.0163766	0.0280447
2017-01-18 00:00:00	-0.492923	-0.0788389	0.371256	0	-0.064328	-0.0116012	0.0438835	0	0.420253	0	0	0	0	0	-0.367347	-0.012213	0.0189195	0	0	0.0811169	0.0407844	0	0	0.121184	-0.0149976	0.0551496
2017-01-19 00:00:00	-0.0545653	-0.308949	0.380861	0	0.00660796	-0.00462759	0.0178762	0	0.208423	0	0	0	0	0	-0.353362	-0.012201	0.0188827	0	0	0.0678848	0.0357243	0	0	0.12182	-0.0134945	0.11088
2017-01-20 00:00:00	-0.104633	-0.186786	0.315856	0	-0.207403	-0.0091827	0.0352438	0	0.254084	0	0	0	0	0	-0.14582	-0.0122009	0.018875	0	0	0.0637243	0.0342562	0	0	0.121899	-0.01277	0.165143
2017-01-21 00:00:00	-0.114545	-0.0785711	0.237101	0	-0.066477	-0.00541963	0.0214484	0	0.158282	0	0	0	0	0	-0.171464	-0.012195	0.0188514	0	0	0.0566641	0.0316226	0	0	0.121993	-0.0121386	0.185151
2017-01-22 00:00:00	-0.9714	0.434824	0.259523	0	0.020507	-0.00541737	0.0210841	0	0.154998	0	0	0	0	0	0.0235572	-0.0121893	0.018828	0	0	0.0508923	0.0294192	0	0	0.121985	-0.0116391	0.134973
2017-01-23 00:00:00	0	-0.278134	0.31538	0	-0.0815715	-0.00410805	0.0164818	0	0.133398	0	0	0	0	0	-0.0952712	-0.0121796	0.0188054	0	0	0.045776	0.0274249	0	0	0.121993	-0.0113957	0.1966
2017-01-24 00:00:00	0	-0.350697	0.444336	0	-0.0923645	-0.00347347	0.0137101	0	0.100492	0	0	0	0	0	-0.101193	-0.0121727	0.0187831	0	0	0.0416444	0.0259423	0	0	0.121958	-0.0107758	0.196189
2017-01-25 00:00:00	0	-0.353671	0.447996	0	-0.0775995	-0.00310148	0.0123721	0	0.0780715	0	0	0	0	0	-0.0716901	-0.0121641	0.0187492	0	0	0.0378111	0.0245874	0	0	0.121829	-0.0103586	0.212831
2017-01-26 00:00:00	0	-0.248494	0.334633	0	-0.0491219	-0.00304681	0.0117962	0	0.0784355	0	0	0	0	0	-0.0690278	-0.0121586	0.0187262	0	0	0.0350233	0.0236165	0	0	0.121568	-0.0101541	0.231795
2017-01-27 00:00:00	0	-0.0730604	0.305982	0	-0.108645	-0.00219936	0.00849858	0	0.0513658	0	0	0	0	0	-0.10384	-0.0121494	0.0186812	0	0	0.0318117	0.0225991	0	0	0.121392	-0.0099606	0.250476
2017-01-28 00:00:00	-8.93856	1.50271	0.351166	0	1.04938	-0.0256823	0.11409	0	0.787733	0	0	0	0	0	3.69144	-0.0121638	0.018697	0	0	0.0395822	0.0254738	0	0	0.12024	-0.0141887	-1.29009
2017-01-29 00:00:00	-0.2999	-0.221472	0.324131	0	-0.450643	-0.0125933	0.0489008	0	0.595046	0	0	0	0	0	-0.175586	-0.0121764	0.018731	0	0	0.0494914	0.0292587	0	0	0.120472	-0.0170131	-0.00335209
2017-01-30 00:00:00	-0.219179	-0.139017	0.346295	0	0.0731971	-0.00415369	0.0176189	0	0.182071	0	0	0	0	0	-0.206116	-0.0121622	0.0187067	0	0	0.044271	0.0273081	0	0	0.121957	-0.0129355	0.237861
2017-01-31 00:00:00	-0.98223	0.198792	0.447388	0	-0.141248	-0.00986278	0.0397103	0	0.245147	0	0	0	0	0	0.0855227	-0.0121653	0.0186936	0	0	0.0430019	0.0269537	0	0	0.122033	-0.0122827	0.0694534
2017-02-01 00:00:00	-0.209267	-0.194056	0.406661	0	-0.135562	-0.00520902	0.0210586	0	0.172305	0	0	0	0	0	-0.0545709	-0.0121591	0.0186741	0	0	0.0399644	0.0258464	0	0	0.122088	-0.0120313	0.183744
2017-02-02 00:00:00	-1.07811	0.232372	0.573325	0	0.0251281	-0.00510033	0.0201783	0	0.124429	0	0	0	0	0	0.0404303	-0.0121491	0.0186411	0	0	0.0370087	0.0247386	0	0	0.122008	-0.0114206	0.111476
2017-02-03 00:00:00	-8.67712	0.0499458	0.5408	0	0.776392	-0.0306784	0.150738	0	1.20769	0	0	0	0	0	4.35854	-0.0121628	0.0186632	0	0	0.0448329	0.0274436	0	0	0.119807	-0.0204997	-1.44561
2017-02-04 00:00:00	-4.45886	-0.00926127	0.478997	0	-0.0256773	-0.0293109	0.127786	0	1.29254	0	0	0	0	0	1.7605	-0.0121863	0.0187073	0	0	0.0598428	0.0328597	0	0	0.119995	-0.0230569	-0.667127
2017-02-05 00:00:00	-0.159199	-0.217785	0.389407	0	-0.342408	-0.0129189	0.0499954	0	0.623371	0	0	0	0	0	-0.409459	-0.0121961	0.0187096	0	0	0.0598251	0.0328918	0	0	0.122524	-0.0185195	0.124237
2017-02-06 00:00:00	-1.83222	0.195518	0.410627	0	0.0380904	-0.0122159	0.0554757	0	0.424617	0	0	0	0	0	0.38707	-0.0121886	0.0187102	0	0	0.0560649	0.0315863	0	0	0.124136	-0.0155294	-0.130255
2017-02-07 00:00:00	-4.86311	-0.0128266	0.470749	0	0.327797	-0.0220721	0.101013	0	0.988914	0	0	0	0	0	2.13919	-0.0122129	0.0187151	0	0	0.0584525	0.0321999	0	0	0.123007	-0.0207747	-0.670961
2017-02-08 00:00:00	0	-0.415948	0.443593	0	-0.403245	-0.0101452	0.0388874	0	0.573943	0	0	0	0	0	-0.315973	-0.0122145	0.0187108	0	0	0.0566097	0.0311937	0	0	0.124116	-0.0193691	0.11016
2017-02-09 00:00:00	-0.0408013	-0.370518	0.442342	0	-0.0709587	-0.00616309	0.0240521	0	0.220983	0	0	0	0	0	-0.263063	-0.0121973	0.0186854	0	0	0.0505797	0.0289992	0	0	0.126022	-0.014662	0.1333
2017-02-10 00:00:00	-0.114545	-0.294401	0.439392	0	-0.0628311	-0.00491815	0.0193867	0	0.168384	0	0	0	0	0	-0.204248	-0.0121921	0.0186358	0	0	0.0456734	0.0272341	0	0	0.126485	-0.0134469	0.138607
2017-02-11 00:00:00	-13.0394	1.0434	0.285808	0	1.20143	-0.040031	0.209994	0	2.30436	0	0	0	0	0	6.09808	-0.0122164	0.0186422	0	0	0.0569005	0.0298794	0	0	0.123275	-0.0232772	-1.74314
2017-02-12 00:00:00	-2.08707	-0.0100493	0.275565	0	-0.535025	-0.0258642	0.108753	0	1.5471	0	0	0	0	0	0.248211	-0.0122255	0.0187177	0	0	0.0732937	0.0347702	0	0	0.125117	-0.0238269	-0.262538
2017-02-13 00:00:00	-0.53982	-0.217153	0.320855	0	-0.300226	-0.0145626	0.0619174	0	0.646622	0	0	0	0	0	-0.2553	-0.0122235	0.0187173	0	0	0.0718428	0.0349196	0	0	0.128827	-0.0174155	-0.073
2017-02-14 00:00:00	0	-0.295661	0.320572	0	-0.0790887	-0.00644084	0.0268621	0	0.271287	0	0	0	0	0	-0.415162	-0.0122222	0.0186963	0	0	0.0639393	0.0324462	0	0	0.129956	-0.0148716	0.0403126
2017-02-15 00:00:00	-0.378377	0.0869099	0.28385	0	-0.189977	-0.00780413	0.032339	0	0.310783	0	0	0	0	0	-0.101485	-0.0122257	0.018683	0	0	0.0586696	0.0307152	0	0	0.130167	-0.0142984	0.24795
2017-02-16 00:00:00	-1.10913	0.334186	0.327179	0	0.0474544	-0.0071073	0.029674	0	0.216738	0	0	0	0	0	0.0488397	-0.0122224	0.0186658	0	0	0.0534209	0.0290258	0	0	0.130411	-0.0131146	0.0940201
2017-02-17 00:00:00	-0.14002	-0.205712	0.353767	0	-0.0940753	-0.0053474	0.0222763	0	0.191632	0	0	0	0	0	-0.135456	-0.0122193	0.0186386	0	0	0.0485946	0.0274108	0	0	0.130413	-0.0126968	0.187205
2017-02-18 00:00:00	-2.86609	0.225856	0.362226	0	0.310313	-0.010453	0.045629	0	0.409196	0	0	0	0	0	1.08012	-0.0122208	0.0186196	0	0	0.0463488	0.0264615	0	0	0.129799	-0.0151451	-0.249338
2017-02-19 00:00:00	-1.52855	-0.0157905	0.488939	0	-0.0509699	-0.00956598	0.0389878	0	0.450336	0	0	0	0	0	0.409355	-0.012224	0.0186106	0	0	0.0458634	0.0261944	0	0	0.129243	-0.0173915	-0.0269573
2017-02-20 00:00:00	-2.35046	-0.00761697	0.537575	0	0.092109	-0.0140991	0.0591562	0	0.54168	0	0	0	0	0	0.803248	-0.0122232	0.0186134	0	0	0.0473534	0.0269828	0	0	0.129457	-0.0170202	-0.145244
2017-02-21 00:00:00	-4.17906	-0.0109718	0.639977	0	0.223141	-0.0232891	0.105195	0	0.921517	0	0	0	0	0	1.64238	-0.0122401	0.0186394	0	0	0.0542475	0.0298334	0	0	0.128836	-0.0197827	-0.481578
2017-02-22 00:00:00	-0.673744	-0.0904279	0.700349	0	-0.33434	-0.0111866	0.0449893	0	0.532448	0	0	0	0	0	-0.210164	-0.0122364	0.0186346	0	0	0.0548529	0.0301351	0	0	0.130196	-0.0184671	0.161038
2017-02-23 00:00:00	-22.6719	0.0873964	0.589435	0	1.58135	-0.126205	0.53918	0	5.37879	0	0	0	0	0	11.0066	-0.0123181	0.0188191	0	0	0.105213	0.0468257	0	0	0.124697	-0.0354467	-3.36752
2017-02-24 00:00:00	-6.231	-0.0153743	0.633358	0	-0.769498	-0.0730176	0.318173	0	3.27405	0	0	0	0	0	1.54676	-0.0124215	0.0189987	0	0	0.171039	0.0670429	0	0	0.129805	-0.0335311	-0.975619
2017-02-25 00:00:00	-11.5381	0.00469766	0.785434	0	0.844791	-0.0897421	0.363145	0	3.79302	0	0	0	0	0	4.28892	-0.012487	0.0191214	0	0	0.194939	0.074594	0	0	0.131207	-0.0359397	-1.17637
2017-02-26 00:00:00	-4.08119	-0.0185141	0.770862	0	-0.656402	-0.0512292	0.193943	0	2.49247	0	0	0	0	0	0.42226	-0.0125241	0.019184	0	0	0.191325	0.0729987	0	0	0.134372	-0.0343348	-0.556782
2017-02-27 00:00:00	-1.80434	-0.00425318	0.665143	0	-0.22679	-0.0310267	0.108784	0	1.38072	0	0	0	0	0	-0.436995	-0.0125315	0.0191995	0	0	0.170224	0.0661704	0	0	0.138363	-0.0279709	0.00469574
2017-02-28 00:00:00	-12.7933	-0.0044411	0.57224	0	0.775314	-0.0948592	0.351715	0	4.11234	0	0	0	0	0	5.09552	-0.0125798	0.0192923	0	0	0.185313	0.0710871	0	0	0.136463	-0.0343766	-1.62023
2017-03-01 00:00:00	-2.53118	-0.080726	0.568485	0	-0.416886	-0.0456619	0.170292	0	2.40066	0	0	0	0	0	-0.265235	-0.0126252	0.0193457	0	0	0.192762	0.072563	0	0	0.140689	-0.0302156	0.182266
2017-03-02 00:00:00	-1.63701	0.0230546	0.643504	0	-0.252552	-0.0237519	0.0879712	0	1.2648	0	0	0	0	0	-0.465809	-0.0126313	0.0193525	0	0	0.17092	0.0650742	0	0	0.144975	-0.023295	0.00459805
2017-03-03 00:00:00	-3.15788	0.0409075	0.687565	0	0.0432875	-0.0321309	0.129467	0	1.29393	0	0	0	0	0	0.448977	-0.0126411	0.0193756	0	0	0.157758	0.0614389	0	0	0.146181	-0.0221635	-0.195935
2017-03-04 00:00:00	-6.00398	-0.01444	0.789523	0	0.226398	-0.0456524	0.209206	0	1.89018	0	0	0	0	0	1.87404	-0.0126789	0.0194158	0	0	0.159618	0.0629161	0	0	0.145242	-0.025934	-0.726142
2017-03-05 00:00:00	-1.33372	-0.00978518	0.707498	0	-0.466336	-0.0228986	0.0940896	0	1.13414	0	0	0	0	0	-0.330265	-0.0127397	0.0194136	0	0	0.149651	0.0599095	0	0	0.146742	-0.0243188	0.111374
2017-03-06 00:00:00	-2.11093	0.00971314	0.76269	0	0.143026	-0.0190001	0.0821009	0	0.764493	0	0	0	0	0	0.101747	-0.0127415	0.0194125	0	0	0.132864	0.054424	0	0	0.148427	-0.0219592	0.0542666
2017-03-07 00:00:00	-2.7184	-0.0221454	0.865647	0	-0.0343755	-0.0206601	0.088666	0	0.869849	0	0	0	0	0	0.490174	-0.0127423	0.0194196	0	0	0.120233	0.0503064	0	0	0.14859	-0.0229581	-0.178393
2017-03-08 00:00:00	-2.14387	0.0107527	0.915968	0	0.00342217	-0.0174624	0.0732147	0	0.746068	0	0	0	0	0	0.194776	-0.0127496	0.0194249	0	0	0.110047	0.046983	0	0	0.14898	-0.022318	0.0732336
2017-03-09 00:00:00	-4.71787	-0.0205304	0.95539	0	0.264176	-0.0273322	0.131931	0	1.28251	0	0	0	0	0	1.46082	-0.012775	0.0194298	0	0	0.104354	0.0449909	0	0	0.147834	-0.0261645	-0.39324
2017-03-10 00:00:00	-0.155347	-0.740653	0.960722	0	-0.424645	-0.0102221	0.041025	0	0.600888	0	0	0	0	0	-0.458124	-0.0127787	0.0194176	0	0	0.0935115	0.0413779	0	0	0.149239	-0.022799	0.0816136
2017-03-11 00:00:00	-0.929227	-0.127854	1.12791	0	-0.223724	-0.00878539	0.0354433	0	0.342846	0	0	0	0	0	-0.22416	-0.0127777	0.0194123	0	0	0.0840942	0.0385111	0	0	0.151127	-0.0179793	0.254837
2017-03-12 00:00:00	-0.213764	-0.397837	1.06452	0	-0.436072	-0.00570391	0.0215618	0	0.182159	0	0	0	0	0	-0.267199	-0.012776	0.0193956	0	0	0.0726008	0.0350794	0	0	0.151829	-0.0153156	0.198478
2017-03-13 00:00:00	-0.0408013	-0.244903	1.02456	0	-0.408991	-0.00273873	0.00815764	0	0.0721948	0	0	0	0	0	-0.329551	-0.0127718	0.0193853	0	0	0.0627953	0.0325086	0	0	0.151895	-0.0134909	0.318247
2017-03-14 00:00:00	-0.819179	-0.118461	1.19127	0	-0.0566891	-0.00284596	0.00928175	0	0.0466012	0	0	0	0	0	-0.117437	-0.012764	0.0193658	0	0	0.0526104	0.0297281	0	0	0.151596	-0.0126986	0.360376
2017-03-15 00:00:00	0	-0.231113	1.10262	0	-0.479789	-0.00232037	0.00567505	0	0.0611264	0	0	0	0	0	-0.239182	-0.0127575	0.0193512	0	0	0.0458252	0.0275116	0	0	0.15116	-0.0123121	0.435795
2017-03-16 00:00:00	-1.31298	0.214553	1.10441	0	0.149645	-0.00223125	0.00807112	0	0.0280194	0	0	0	0	0	-0.016678	-0.0127492	0.0193306	0	0	0.0395369	0.0254966	0	0	0.150615	-0.0117439	0.383297
2017-03-17 00:00:00	-11.6708	1.60052	1.11282	0	2.07406	-0.0339141	0.130548	0	1.29044	0	0	0	0	0	3.92123	-0.0127748	0.0193637	0	0	0.0510504	0.0272078	0	0	0.148199	-0.0189747	-1.36103
2017-03-18 00:00:00	-5.50669	-0.0121233	1.18985	0	-0.0295945	-0.0397163	0.158594	0	1.94948	0	0	0	0	0	1.49683	-0.0128266	0.0194196	0	0	0.0736615	0.0337317	0	0	0.146145	-0.0288756	-0.562107
2017-03-19 00:00:00	-7.22864	-0.00124279	1.23417	0	0.252535	-0.051089	0.21984	0	2.51278	0	0	0	0	0	2.30575	-0.0128566	0.0194472	0	0	0.0846778	0.0373316	0	0	0.145581	-0.0330348	-0.514754
2017-03-20 00:00:00	-5.09278	-0.0251622	1.13275	0	-0.197208	-0.0406664	0.147501	0	2.17405	0	0	0	0	0	1.21974	-0.0129251	0.0194584	0	0	0.0908869	0.0386491	0	0	0.146538	-0.0325071	-0.431666
2017-03-21 00:00:00	-6.19317	-0.0176554	0.67848	0	0.163626	-0.0386714	0.196821	0	2.61481	0	0	0	0	0	1.91587	-0.0129607	0.0194582	0	0	0.0895527	0.0366072	0	0	0.145678	-0.0358735	-0.437425
2017-03-22 00:00:00	-11.949	0.0125884	0.646791	0	0.342661	-0.0885712	0.377464	0	4.47656	0	0	0	0	0	4.328	-0.0130225	0.0195725	0	0	0.1234	0.0455003	0	0	0.145306	-0.0368874	-1.56968
2017-03-23 00:00:00	-16.1385	0.018836	0.984734	0	0.64508	-0.180042	0.698137	0	6.64464	0	0	0	0	0	5.56191	-0.0131179	0.0198675	0	0	0.23648	0.0830768	0	0	0.146612	-0.0373119	-1.32962
2017-03-24 00:00:00	0	-1.05673	1.37085	0	-1.32379	-0.0474993	0.183714	0	2.21893	0	0	0	0	0	-1.68211	-0.0131779	0.020008	0	0	0.274888	0.0987983	0	0	0.152619	-0.0295369	0.16696
2017-03-25 00:00:00	0	-0.400666	1.66155	0	-0.676312	-0.0136649	0.0476448	0	0.530388	0	0	0	0	0	-1.273	-0.0131724	0.0199955	0	0	0.222476	0.0830369	0	0	0.156438	-0.0209959	0.323721
2017-03-26 00:00:00	0	-0.360239	1.87434	0	-0.651149	-0.00810204	0.0262748	0	0.231688	0	0	0	0	0	-1.04674	-0.013165	0.0200028	0	0	0.181517	0.0697823	0	0	0.157521	-0.0173801	0.464352
2017-03-27 00:00:00	0	-0.304091	1.82944	0	-0.555201	-0.00398398	0.0117772	0	0.106535	0	0	0	0	0	-0.880695	-0.0131504	0.0199831	0	0	0.14409	0.0573962	0	0	0.157641	-0.0157109	0.554033
2017-03-28 00:00:00	-1.21762	-0.00408005	1.3391	0	0.190229	-0.00817692	0.0286157	0	0.162231	0	0	0	0	0	-0.24384	-0.0131459	0.019972	0	0	0.125454	0.051589	0	0	0.157023	-0.0147406	0.572611
2017-03-29 00:00:00	-0.574525	-0.226128	1.45802	0	-0.265861	-0.0055748	0.0210771	0	0.149132	0	0	0	0	0	-0.334761	-0.0131419	0.019952	0	0	0.105092	0.0450058	0	0	0.156617	-0.0142434	0.520659
2017-03-30 00:00:00	-1.98624	0.56366	1.39573	0	0.123167	-0.00522493	0.0196274	0	0.106026	0	0	0	0	0	-0.0622451	-0.0131342	0.0199331	0	0	0.0885684	0.0399383	0	0	0.156169	-0.0135787	0.432402
2017-03-31 00:00:00	-2.02436	0.178499	1.56309	0	0.015118	-0.0080822	0.0325557	0	0.202359	0	0	0	0	0	0.0929066	-0.0131311	0.019928	0	0	0.0804756	0.0372228	0	0	0.155483	-0.0134976	0.318565
2017-04-01 00:00:00	-0.44866	-0.804872	1.53213	0	-0.148768	-0.00410333	0.017379	0	0.113795	0	0	0	0	0	-0.0752431	-0.0131243	0.0199147	0	0	0.0702183	0.0338091	0	0	0.15487	-0.013016	0.434331
2017-04-02 00:00:00	0	-0.326766	1.33698	0	-0.293249	-0.00121961	0.00383269	0	0.0288748	0	0	0	0	0	-0.325808	-0.0131161	0.0198921	0	0	0.0575391	0.0302837	0	0	0.153727	-0.0122844	0.658688
2017-04-03 00:00:00	-0.0446534	-0.0642782	1.34957	0	-0.395293	-0.000578329	0.00154371	0	0.0170945	0	0	0	0	0	-0.390884	-0.0131061	0.0198641	0	0	0.0454798	0.0265142	0	0	0.152943	-0.0117165	0.692496
2017-04-04 00:00:00	-0.382874	0	1.47606	0	-0.139193	-0.000115153	0.00115471	0	0.00483848	0	0	0	0	0	-0.342118	-0.0130931	0.0198219	0	0	0.0356241	0.0233405	0	0	0.152171	-0.0109993	0.824617
2017-04-05 00:00:00	0	0	1.39699	0	-0.328376	-0.000446191	0.00240464	0	0.0112393	0	0	0	0	0	-0.381774	-0.0130894	0.019806	0	0	0.0311198	0.021871	0	0	0.150711	-0.0105176	0.899939
2017-04-06 00:00:00	0	0	1.35913	0	-0.0938551	-3.60665E-05	0.000284475	0	0.00193632	0	0	0	0	0	-0.376923	-0.0130724	0.0197651	0	0	0.0243115	0.0194949	0	0	0.150002	-0.0103101	1.08073
2017-04-07 00:00:00	-0.363051	0	1.47	0	-0.216254	-5.97348E-05	0.000865566	0	0.00202713	0	0	0	0	0	-0.184623	-0.0130609	0.0197341	0	0	0.0211062	0.0183514	0	0	0.14866	-0.0100592	0.893634
2017-04-08 00:00:00	0	0	1.62635	0	-0.0886243	-3.95807E-05	0.000166036	0	0.000535096	0	0	0	0	0	-0.59678	-0.0130525	0.0197155	0	0	0.0180859	0.0170082	0	0	0.147309	-0.00983844	1.12084
2017-04-09 00:00:00	-0.114545	0	1.51133	0	0.104008	-0.000137647	0.00177516	0	0.000277677	0	0	0	0	0	-0.401845	-0.0130387	0.0196928	0	0	0.0157677	0.0160526	0	0	0.145408	-0.00964085	1.27511
2017-04-10 00:00:00	-0.198437	0	1.41928	0	-0.0256097	-7.90866E-05	0.00110298	0	0.000256901	0	0	0	0	0	-0.227001	-0.0130276	0.0196715	0	0	0.0145018	0.0154012	0	0	0.143069	-0.00942446	1.13971
2017-04-11 00:00:00	-1.19146	0.0382258	1.65129	0	0.0493604	-7.58041E-05	0.00140432	0	0.00267812	0	0	0	0	0	-0.0492278	-0.0130154	0.0196481	0	0	0.0133733	0.0148138	0	0	0.141547	-0.00932582	0.669237
2017-04-12 00:00:00	-1.23947	0.0147841	1.64385	0	-0.00803078	-4.03753E-05	0.000773085	0	0.011413	0	0	0	0	0	-0.0404998	-0.013004	0.0196233	0	0	0.0128838	0.0144784	0	0	0.14027	-0.00929285	0.547735
2017-04-13 00:00:00	-0.574762	-0.0530081	1.45416	0	-0.0685172	-1.83758E-05	0.0001142	0	0.00519206	0	0	0	0	0	-0.0911095	-0.0129878	0.019592	0	0	0.0123992	0.0141671	0	0	0.139056	-0.00922376	0.835051
2017-04-14 00:00:00	-2.35066	0.515109	1.69867	0	0.193683	-0.000487118	0.00396424	0	0.00207583	0	0	0	0	0	0.0762776	-0.0129829	0.0195843	0	0	0.012714	0.0144484	0	0	0.137559	-0.00915694	0.300799
2017-04-15 00:00:00	-0.299219	-0.515109	1.51361	0	-0.0610122	-0.00037845	0.001804	0	0.0306756	0	0	0	0	0	-0.142835	-0.0129719	0.0195678	0	0	0.013031	0.0144129	0	0	0.136245	-0.0092208	0.688595
2017-04-16 00:00:00	-4.33807	1.22417	1.59754	0	0.208006	-0.00152964	0.00880445	0	0.0351451	0	0	0	0	0	0.674331	-0.0129668	0.019559	0	0	0.0144748	0.0146631	0	0	0.135211	-0.0092053	-0.429862
2017-04-17 00:00:00	0	-1.08127	1.53754	0	-0.0326335	-0.0012549	0.00694693	0	0.0405476	0	0	0	0	0	-0.104591	-0.0129616	0.019543	0	0	0.0171018	0.0154585	0	0	0.134805	-0.00935578	0.529877
2017-04-18 00:00:00	0	-0.142888	1.71715	0	-0.276264	-0.000121084	0.000552273	0	0.0104304	0	0	0	0	0	-0.306337	-0.0129371	0.0195027	0	0	0.015329	0.015473	0	0	0.134325	-0.00925415	1.16496
2017-04-19 00:00:00	-0.0992187	0	1.55966	0	-0.0694095	-2.37201E-05	9.47344E-05	0	9.46567E-05	0	0	0	0	0	-0.545248	-0.0129218	0.0194853	0	0	0.0134745	0.0144781	0	0	0.133311	-0.0091086	1.00467
2017-04-20 00:00:00	-0.2	0	1.81801	0	-0.078411	-4.54246E-05	0.000210665	0	0	0	0	0	0	0	-0.465139	-0.0129064	0.0194433	0	0	0.0119736	0.013601	0	0	0.131813	-0.0089788	1.22957
2017-04-21 00:00:00	-1.10307	0	1.82704	0	0.154309	-0.000149668	0.00215657	0	2.12684E-05	0	0	0	0	0	-0.144946	-0.0128974	0.0193994	0	0	0.0115389	0.0134019	0	0	0.129987	-0.00885488	0.887932
2017-04-22 00:00:00	0	0	1.50157	0	-0.0505293	-6.8012E-05	0.000734319	0	0.000324865	0	0	0	0	0	-0.447182	-0.0128814	0.0193738	0	0	0.0110148	0.013058	0	0	0.128862	-0.00879502	1.15549
2017-04-23 00:00:00	0	0	1.58857	0	-0.173784	-4.36214E-09	1.39385E-05	0	6.87642E-05	0	0	0	0	0	-0.30501	-0.0128523	0.0193312	0	0	0.00983131	0.0124133	0	0	0.128078	-0.0087447	1.25791
2017-04-24 00:00:00	-1.24671	0.00612746	1.61394	0	0.110583	-5.66895E-05	0.000585267	0	0	0	0	0	0	0	-0.153976	-0.0128429	0.0193254	0	0	0.0100957	0.0126226	0	0	0.126582	-0.00868569	0.477597
2017-04-25 00:00:00	-3.33062	0.897151	1.42073	0	0.245838	-0.00092795	0.00601854	0	0.0145958	0	0	0	0	0	0.492294	-0.0128388	0.0193165	0	0	0.0117092	0.0131763	0	0	0.125105	-0.00871496	-0.107166
2017-04-26 00:00:00	-0.0545653	-0.770224	1.23821	0	0.0218067	-0.00110714	0.00582898	0	0.0330036	0	0	0	0	0	-0.0606587	-0.0128302	0.019302	0	0	0.0142232	0.014075	0	0	0.124638	-0.00885806	0.562848
2017-04-27 00:00:00	-0.608349	-0.111307	1.8532	0	-0.0993548	-0.00035472	0.00190855	0	0.0184199	0	0	0	0	0	-0.30472	-0.0128169	0.0192806	0	0	0.013916	0.0144342	0	0	0.123958	-0.00882749	0.899392
2017-04-28 00:00:00	0	-0.0216903	1.84383	0	-0.0714022	-5.36645E-05	0.000410889	0	0.00238691	0	0	0	0	0	-0.626827	-0.0127817	0.0192416	0	0	0.0119507	0.0134779	0	0	0.123163	-0.00874442	1.27296
2017-04-29 00:00:00	-0.104633	0	1.7824	0	-0.213095	-7.19766E-06	0.000177188	0	0	0	0	0	0	0	-0.3577	-0.0127221	0.0192182	0	0	0.0106355	0.0127588	0	0	0.12201	-0.0086292	1.25041
2017-04-30 00:00:00	0	0	1.8651	0	-0.0663999	-1.32625E-05	5.83066E-05	0	0	0	0	0	0	0	-0.768441	-0.0126869	0.0192142	0	0	0.00926018	0.0118316	0	0	0.120974	-0.00854276	1.17036
2017-05-01 00:00:00	0	0	1.86092	0	-0.0388564	-3.53152E-05	0.000105362	0	0	0	0	0	0	0	-0.598418	-0.012615	0.0191909	0	0	0.00822223	0.0111724	0	0	0.1196	-0.00842769	1.36086
2017-05-02 00:00:00	0	0	1.80661	0	-0.0191644	-3.93081E-05	0.00011409	0	0	0	0	0	0	0	-0.586061	-0.012591	0.0191636	0	0	0.00743016	0.0106431	0	0	0.118427	-0.00832512	1.33621
2017-05-03 00:00:00	-0.05998	0	1.76662	0	-0.00443244	-4.58421E-05	0.000155542	0	0	0	0	0	0	0	-0.559484	-0.0125696	0.0191237	0	0	0.00696641	0.0103246	0	0	0.11721	-0.00824786	1.27564
2017-05-04 00:00:00	0	0	1.79671	0	-0.0101924	-4.02972E-05	0.000166501	0	0	0	0	0	0	0	-0.603796	-0.0125561	0.0190849	0	0	0.00648266	0.00995212	0	0	0.116049	-0.00819102	1.31366
2017-05-05 00:00:00	0	0	1.76306	0	-0.00706641	-4.08361E-05	0.00018105	0	0	0	0	0	0	0	-0.612375	-0.0125527	0.0190293	0	0	0.00608637	0.00962953	0	0	0.114926	-0.00811749	1.27276
2017-05-06 00:00:00	-0.0545653	0	1.7754	0	-0.00388083	-3.97689E-05	0.000203151	0	0	0	0	0	0	0	-0.574395	-0.0125388	0.0189867	0	0	0.00574838	0.00935228	0	0	0.113909	-0.00805137	1.27013
2017-05-07 00:00:00	0	0	1.85096	0	-0.00941858	-3.46791E-05	0.00015429	0	0	0	0	0	0	0	-0.658022	-0.0125164	0.0189504	0	0	0.00540562	0.00906802	0	0	0.112685	-0.00799026	1.30924
2017-05-08 00:00:00	0	0	1.70751	0	-0.0030377	-3.11016E-05	0.000201549	0	0	0	0	0	0	0	-0.589527	-0.0124823	0.0189265	0	0	0.00517821	0.00888719	0	0	0.111521	-0.0079302	1.23922
2017-05-09 00:00:00	0	0	1.94248	0	-0.0114226	-2.16147E-05	0.000116715	0	0	0	0	0	0	0	-0.712303	-0.0124306	0.0189028	0	0	0.00487468	0.00862997	0	0	0.110522	-0.00788669	1.34147
2017-05-10 00:00:00	0	0	2.12622	0	-0.0157653	-1.4973E-05	9.27808E-05	0	0	0	0	0	0	0	-0.78156	-0.0123845	0.0188744	0	0	0.00448757	0.0083013	0	0	0.109429	-0.00783439	1.44985
2017-05-11 00:00:00	0	0	4.29195	0	-0.084311	0	0	0	0	0	0	0	0	0	-1.69876	-0.0123622	0.0188202	0	0	0.00317561	0.00703315	0	0	0.108232	-0.00776636	2.62601
2017-05-12 00:00:00	0	0	2.53998	0	-0.00699539	0	4.73897E-05	0	0	0	0	0	0	0	-0.961565	-0.0123286	0.0187923	0	0	0.00260215	0.00657544	0	0	0.107015	-0.00759882	1.68652
2017-05-13 00:00:00	-1.82059	0.00179841	2.38691	0	0.0539855	-3.37286E-05	0.000170117	0	0	0	0	0	0	0	-0.114818	-0.0123082	0.0187817	0	0	0.0032659	0.00728823	0	0	0.105801	-0.00750786	0.622745
2017-05-14 00:00:00	0	-0.00179841	2.13542	0	-0.01474	-4.71628E-06	8.40541E-05	0	0	0	0	0	0	0	-0.877474	-0.012268	0.018753	0	0	0.00334738	0.00726935	0	0	0.104925	-0.00754414	1.35597
2017-05-15 00:00:00	-8.88964	1.89814	2.6917	0	0.178058	-0.000220878	0.0029181	0	0	0	0	0	0	0	1.89496	-0.0122681	0.018782	0	0	0.00583636	0.00873067	0	0	0.103855	-0.00757169	-2.10673
2017-05-16 00:00:00	-2.5787	-0.286597	2.65973	0	0.0360037	-9.65585E-05	0.00163416	0	0	0	0	0	0	0	0.118334	-0.0122655	0.0187739	0	0	0.00831144	0.010564	0	0	0.103625	-0.00786174	0.0714631
2017-05-17 00:00:00	0	-1.21435	2.65992	0	-0.0721692	-1.37116E-05	0.000273057	0	0	0	0	0	0	0	-0.559994	-0.0122542	0.0187515	0	0	0.00875168	0.0113052	0	0	0.10313	-0.00792663	0.935423
2017-05-18 00:00:00	0	-0.356135	2.17036	0	-0.0953961	0	0	0	0	0	0	0	0	0	-0.617179	-0.0122356	0.0187095	0	0	0.00744361	0.0106881	0	0	0.102699	-0.00790311	1.22105
2017-05-19 00:00:00	-0.318397	-0.0386657	2.25418	0	-0.0129514	0	4.73875E-05	0	0	0	0	0	0	0	-1.00318	-0.0122272	0.0186843	0	0	0.00661375	0.0100559	0	0	0.101913	-0.00782192	0.998253
2017-05-20 00:00:00	-14.0961	2.36163	2.42794	0	0.547055	-0.00091001	0.0137064	0	0.0040709	0	0	0	0	0	4.25044	-0.0122671	0.0187696	0	0	0.0140863	0.014512	0	0	0.101189	-0.00791193	-4.3638
2017-05-21 00:00:00	-0.309131	-1.3673	2.3354	0	-0.100265	-0.00216366	0.0107202	0	0.015966	0	0	0	0	0	-0.417227	-0.0122817	0.0187917	0	0	0.0203775	0.0187011	0	0	0.101792	-0.00854971	0.304832
2017-05-22 00:00:00	-3.15173	0.302438	2.8385	0	0.042471	-0.00156964	0.00856007	0	0.019804	0	0	0	0	0	0.0811379	-0.0122712	0.0187676	0	0	0.0192118	0.0184443	0	0	0.101848	-0.00851335	0.277102
2017-05-23 00:00:00	-0.889307	-0.779325	2.98908	0	-0.128898	-0.000444154	0.00215416	0	0.014106	0	0	0	0	0	-0.563587	-0.0122589	0.0187405	0	0	0.017474	0.0175118	0	0	0.101653	-0.00845171	0.778452
2017-05-24 00:00:00	-0.244653	-0.349588	2.59265	0	-0.0918684	-4.18641E-06	5.28304E-05	0	0.000211736	0	0	0	0	0	-0.879834	-0.01225	0.0186982	0	0	0.0139858	0.0151569	0	0	0.101525	-0.00831464	1.15577
2017-05-25 00:00:00	0	-0.170118	4.21761	0	-0.27104	-1.30608E-05	6.19688E-05	0	1.59764E-05	0	0	0	0	0	-1.87478	-0.0122378	0.0186644	0	0	0.0113842	0.0132733	0	0	0.100824	-0.00806624	2.02558
2017-05-26 00:00:00	0	0	2.79375	0	-0.0914319	0	0	0	0	0	0	0	0	0	-1.14341	-0.012204	0.0186109	0	0	0.0079085	0.0108943	0	0	0.10039	-0.00788814	1.67662
2017-05-27 00:00:00	-5.54737	0.521055	3.06536	0	0.397786	-0.000173229	0.00191662	0	1.98327E-05	0	0	0	0	0	0.786174	-0.0122092	0.0186758	0	0	0.0144192	0.0146131	0	0	0.0996286	-0.00771766	-0.647827
2017-05-28 00:00:00	0	-0.45227	2.56707	0	-0.110608	-0.00130815	0.00660463	0	0.00811573	0	0	0	0	0	-0.918509	-0.0121923	0.0186525	0	0	0.0152624	0.0154684	0	0	0.0988131	-0.00808378	1.22702
2017-05-29 00:00:00	-0.25998	-0.0401592	2.36491	0	-0.035578	-2.22251E-05	0.000104956	0	7.34757E-06	0	0	0	0	0	-0.968424	-0.0121397	0.0186037	0	0	0.0127315	0.0143645	0	0	0.0984148	-0.00805485	1.18478
2017-05-30 00:00:00	-1.08774	-0.0185281	2.53841	0	-0.123253	-5.47296E-06	3.4839E-05	0	0	0	0	0	0	0	-0.528716	-0.0121123	0.0185607	0	0	0.0112262	0.0133492	0	0	0.0977146	-0.00792915	0.90101
2017-05-31 00:00:00	0	-0.0101043	3.34567	0	-0.0931503	0	0	0	0	0	0	0	0	0	-1.83523	-0.012086	0.0185394	0	0	0.00869544	0.0114814	0	0	0.0972037	-0.00782298	1.5232
2017-06-01 00:00:00	-0.0953666	0	2.676	0	-0.0193441	0	1.25612E-05	0	0	0	0	0	0	0	-1.27105	-0.0120512	0.0184987	0	0	0.00687311	0.0102217	0	0	0.0962934	-0.0076235	1.40246
2017-06-02 00:00:00	-0.574525	0	2.97056	0	-0.00339899	0	5.23281E-05	0	0	0	0	0	0	0	-1.26003	-0.0119962	0.0184794	0	0	0.00585185	0.00947086	0	0	0.0954811	-0.00746481	1.24247
2017-06-03 00:00:00	0	0	3.76439	0	-0.0289484	0	0	0	0	0	0	0	0	0	-2.02287	-0.011956	0.0184179	0	0	0.00429145	0.00814624	0	0	0.0946644	-0.00735718	1.81877
2017-06-04 00:00:00	-1.71943	0.00931546	2.63841	0	0.0212712	0	0.000126592	0	0	0	0	0	0	0	-0.522919	-0.0119279	0.0183819	0	0	0.00403607	0.00798141	0	0	0.0939101	-0.0072103	0.531947
2017-06-05 00:00:00	-8.9824	1.93955	2.818	0	0.213776	-0.00014139	0.00110599	0	0	0	0	0	0	0	2.06222	-0.0119354	0.0183958	0	0	0.00730907	0.00980226	0	0	0.0932311	-0.00721929	-1.83831
2017-06-06 00:00:00	-38.4885	1.22238	2.63582	0	1.4537	-0.0367214	0.253281	0	0.785931	0	0	0	0	0	16.5714	-0.0120363	0.0186742	0	0	0.0392974	0.0285914	0	0	0.0939271	-0.00921783	-15.4435
2017-06-07 00:00:00	-1.37721	-1.19915	2.83589	0	-0.446775	-0.0128993	0.062788	0	0.359049	0	0	0	0	0	-1.39493	-0.0121161	0.0188309	0	0	0.0697351	0.0445134	0	0	0.096927	-0.0115221	-0.96686
2017-06-08 00:00:00	-14.2675	1.17618	3.08203	0	0.50532	-0.0224481	0.142883	0	0.570484	0	0	0	0	0	4.30319	-0.0121403	0.0188635	0	0	0.0700138	0.0438816	0	0	0.0998206	-0.0119091	-4.30133
2017-06-09 00:00:00	-0.240801	-1.64301	3.07715	0	-0.442904	-0.00851224	0.0412585	0	0.299378	0	0	0	0	0	-1.25159	-0.0121619	0.0188897	0	0	0.0706331	0.0437544	0	0	0.102639	-0.0114726	0.0432493
2017-06-10 00:00:00	-2.41173	-0.245509	3.14563	0	0.0287248	-0.00547103	0.0252382	0	0.138268	0	0	0	0	0	-0.508276	-0.0121545	0.0188636	0	0	0.0601689	0.0389542	0	0	0.10398	-0.00981108	0.36688
2017-06-11 00:00:00	-3.12789	0.0719524	3.13194	0	-0.000801652	-0.00536806	0.0260161	0	0.147954	0	0	0	0	0	-0.204966	-0.0121463	0.0188398	0	0	0.0531386	0.0351981	0	0	0.104254	-0.00959054	0.228527
2017-06-12 00:00:00	-0.291514	-0.753439	2.86917	0	-0.459876	-0.00121361	0.00663274	0	0.0541847	0	0	0	0	0	-0.908124	-0.012136	0.0188117	0	0	0.04518	0.030846	0	0	0.104441	-0.00932522	0.693638
2017-06-13 00:00:00	-1.09082	-0.345918	2.93033	0	-0.297252	-0.000146667	0.000483709	0	0.00186228	0	0	0	0	0	-0.501947	-0.0121146	0.0187712	0	0	0.0365076	0.0264676	0	0	0.104466	-0.00907002	0.861613
2017-06-14 00:00:00	0	-0.184854	3.04836	0	-0.14831	-0.000262752	0.000947549	0	0.0010288	0	0	0	0	0	-1.44065	-0.0121064	0.0187566	0	0	0.0318505	0.0239913	0	0	0.104138	-0.00881965	1.43407
2017-06-15 00:00:00	-9.1645	2.12296	3.22456	0	0.604785	-0.00339623	0.0163016	0	0.046812	0	0	0	0	0	1.94606	-0.0121029	0.0187507	0	0	0.0305111	0.0225516	0	0	0.103977	-0.00863543	-1.05137
2017-06-16 00:00:00	-0.714545	-1.62067	3.20058	0	-0.172516	-0.00251861	0.0121238	0	0.0735014	0	0	0	0	0	-0.440918	-0.012102	0.0187472	0	0	0.0322201	0.0230816	0	0	0.104024	-0.00880711	0.492198
2017-06-17 00:00:00	0	-0.535142	3.25299	0	-0.40686	-1.33773E-06	0.000116284	0	0.00392388	0	0	0	0	0	-1.31896	-0.0120847	0.0187049	0	0	0.0249026	0.0200188	0	0	0.104017	-0.00862574	1.143
2017-06-18 00:00:00	0	-0.0145661	3.39782	0	-0.370447	0	0	0	0.00012299	0	0	0	0	0	-1.37458	-0.0120623	0.0186632	0	0	0.0183066	0.0166257	0	0	0.103675	-0.00837239	1.77518
2017-06-19 00:00:00	-0.0545653	0	3.43115	0	-0.0459925	0	0	0	0	0	0	0	0	0	-1.68329	-0.012045	0.0186373	0	0	0.0136077	0.0141098	0	0	0.103411	-0.00806184	1.77696
2017-06-20 00:00:00	0	0	3.85211	0	-0.0213957	0	0	0	0	0	0	0	0	0	-1.7109	-0.0120171	0.0186035	0	0	0.00959424	0.0118189	0	0	0.102895	-0.00781786	2.24289
2017-06-21 00:00:00	-0.927819	0	3.07294	0	0.00744919	0	0	0	0	0	0	0	0	0	-0.788512	-0.0120003	0.0185709	0	0	0.00797189	0.0108985	0	0	0.10241	-0.00758285	1.48432
2017-06-22 00:00:00	0	0	2.91668	0	0.0198433	0	0.00011174	0	0	0	0	0	0	0	-1.31569	-0.0119817	0.0185436	0	0	0.00659388	0.00997149	0	0	0.10186	-0.00744149	1.73849
2017-06-23 00:00:00	-2.21269	0.000200006	3.12181	0	0.000389569	0	6.50242E-05	0	0	0	0	0	0	0	-0.0881145	-0.011954	0.0184842	0	0	0.00640297	0.00991899	0	0	0.101441	-0.00732	0.938632
2017-06-24 00:00:00	-0.0893068	-0.000200006	2.66234	0	-0.010649	0	3.4344E-05	0	0	0	0	0	0	0	-1.2664	-0.0119326	0.0184269	0	0	0.00542287	0.009154	0	0	0.10104	-0.0073191	1.41061
2017-06-25 00:00:00	-0.114545	0	2.63057	0	-0.00364426	0	5.41727E-05	0	0	0	0	0	0	0	-1.14665	-0.0119047	0.0183889	0	0	0.00464109	0.00859654	0	0	0.100348	-0.00722905	1.47862
2017-06-26 00:00:00	0	0	2.58725	0	-0.00468011	0	4.59192E-05	0	0	0	0	0	0	0	-1.25747	-0.0118844	0.0183552	0	0	0.00394895	0.00808053	0	0	0.0997191	-0.00715232	1.43621
2017-06-27 00:00:00	-15.9929	3.00183	2.96006	0	0.536818	-0.000351486	0.00525781	0	0.000501729	0	0	0	0	0	4.76466	-0.0119178	0.0184634	0	0	0.0127138	0.0134233	0	0	0.0991525	-0.00733178	-4.59962
2017-06-28 00:00:00	-0.273744	-1.80028	2.9765	0	-0.0574307	-0.00149984	0.00821993	0	0.0111014	0	0	0	0	0	-0.554631	-0.0119314	0.0184927	0	0	0.0226613	0.0192531	0	0	0.0994447	-0.00815818	0.447996
2017-06-29 00:00:00	-34.0171	2.26787	2.21474	0	1.80755	-0.0550273	0.338313	0	1.68768	0	0	0	0	0	14.3757	-0.011994	0.0186852	0	0	0.0526717	0.0335534	0	0	0.0996334	-0.010298	-11.198
2017-06-30 00:00:00	-5.7962	-0.00879529	2.39925	0	-0.379994	-0.024124	0.13535	0	1.01207	0	0	0	0	0	0.252695	-0.0120609	0.0188399	0	0	0.0895892	0.0499893	0	0	0.102901	-0.0131947	-2.1737
2017-07-01 00:00:00	-0.219179	-1.81266	2.94593	0	-0.381654	-0.00994425	0.0501799	0	0.414574	0	0	0	0	0	-1.11337	-0.012064	0.0188227	0	0	0.0817708	0.0460792	0	0	0.106044	-0.0109922	0.103538
2017-07-02 00:00:00	-3.59784	0.556078	3.13937	0	0.165059	-0.00431077	0.0203766	0	0.134158	0	0	0	0	0	-0.402373	-0.0120564	0.0187935	0	0	0.0683502	0.0404357	0	0	0.10718	-0.0098559	0.223369
2017-07-03 00:00:00	-0.380821	-0.958263	2.99241	0	-0.47177	-0.00235264	0.012436	0	0.134476	0	0	0	0	0	-0.876971	-0.0120488	0.0187691	0	0	0.0576885	0.0352624	0	0	0.10734	-0.00965195	0.646501
2017-07-04 00:00:00	-11.6472	2.21528	3.03943	0	0.814378	-0.0166609	0.0794955	0	0.533746	0	0	0	0	0	3.07315	-0.0120589	0.018797	0	0	0.0579363	0.0344845	0	0	0.107236	-0.0103493	-1.71229
2017-07-05 00:00:00	0	-1.95482	3.17711	0	-0.62517	-0.00624079	0.0322538	0	0.352195	0	0	0	0	0	-0.905759	-0.0120691	0.0188049	0	0	0.0601216	0.0355253	0	0	0.108055	-0.0110429	0.268973
2017-07-06 00:00:00	-1.04827	-0.466912	3.23947	0	-0.304828	-0.000146207	0.00102881	0	0.0104944	0	0	0	0	0	-0.928272	-0.0120556	0.0187634	0	0	0.0470853	0.0301744	0	0	0.109092	-0.00933388	0.686287
2017-07-07 00:00:00	-0.586236	-0.497229	3.09166	0	-0.450357	-0.000722569	0.00286109	0	0.0176241	0	0	0	0	0	-0.847625	-0.0120487	0.0187456	0	0	0.0404125	0.0271589	0	0	0.108901	-0.00896268	0.90418
2017-07-08 00:00:00	0	-0.424586	3.07622	0	-0.416478	0	1.71278E-05	0	0.00025893	0	0	0	0	0	-1.13048	-0.0120288	0.0186986	0	0	0.0290092	0.0218322	0	0	0.108723	-0.00875453	1.26244
2017-07-09 00:00:00	-2.1121	-0.103292	3.24972	0	0.0685749	0	6.17376E-05	0	0	0	0	0	0	0	-0.564437	-0.0120196	0.0186747	0	0	0.0258183	0.0205175	0	0	0.108366	-0.00845883	0.691427
2017-07-10 00:00:00	-4.32318	1.13036	2.91971	0	0.29987	-0.000710407	0.00330718	0	0.0026385	0	0	0	0	0	0.210026	-0.0120093	0.0186671	0	0	0.0253484	0.0200082	0	0	0.107809	-0.00834299	0.393493
2017-07-11 00:00:00	-0.0408013	-1.12549	2.70201	0	-0.124978	-0.00151935	0.0063674	0	0.0311712	0	0	0	0	0	-0.604064	-0.0119998	0.0186472	0	0	0.0248167	0.0196113	0	0	0.107468	-0.00833083	0.992901
2017-07-12 00:00:00	-0.0545653	-0.0189611	5.06133	0	-0.403249	0	1.93585E-06	0	0.00047801	0	0	0	0	0	-2.41956	-0.0119772	0.0186017	0	0	0.017207	0.0164833	0	0	0.10719	-0.00813953	2.30484
2017-07-13 00:00:00	-3.19375	0.356202	3.10963	0	0.0252199	0	1.926E-05	0	0	0	0	0	0	0	0.246702	-0.0119609	0.0185535	0	0	0.0139206	0.0149614	0	0	0.106667	-0.00782192	0.678345
2017-07-14 00:00:00	-0.454565	-0.356202	2.97186	0	-0.0193772	0	8.11039E-05	0	0	0	0	0	0	0	-1.05652	-0.0119575	0.0185284	0	0	0.0114518	0.0135838	0	0	0.106194	-0.00774804	1.21534
2017-07-15 00:00:00	-3.90448	0.524086	3.43926	0	0.102055	0	0.000254468	0	0	0	0	0	0	0	0.103155	-0.01195	0.0184995	0	0	0.0117526	0.0137052	0	0	0.105417	-0.00761735	0.394139
2017-07-16 00:00:00	-0.190088	-0.524086	2.93657	0	0.0181822	-7.48324E-06	0.000441168	0	1.61257E-05	0	0	0	0	0	-1.04578	-0.0119416	0.0184803	0	0	0.0111394	0.0134849	0	0	0.104464	-0.00760848	1.32327
2017-07-17 00:00:00	0	0	3.05225	0	-0.0712454	0	3.63879E-05	0	0	0	0	0	0	0	-1.46785	-0.01192	0.0183978	0	0	0.00800628	0.0117905	0	0	0.103897	-0.0075344	1.63583
2017-07-18 00:00:00	0	0	3.1349	0	-0.128383	0	0	0	0	0	0	0	0	0	-1.30955	-0.0119153	0.0183389	0	0	0.00599982	0.0105288	0	0	0.102959	-0.00736418	1.81551
2017-07-19 00:00:00	-2.40859	0	3.38535	0	0.0355489	0	1.52482E-05	0	0	0	0	0	0	0	-0.493707	-0.0119051	0.0183188	0	0	0.0055249	0.0101894	0	0	0.10218	-0.00721413	0.635715
2017-07-20 00:00:00	-2.34978	0.000826034	2.94544	0	0.0538365	0	0.00015752	0	0	0	0	0	0	0	-0.236778	-0.0118952	0.0182737	0	0	0.00609916	0.0105869	0	0	0.101392	-0.00715351	0.531004
2017-07-21 00:00:00	0	-0.000826034	3.2777	0	-0.0547227	0	6.6065E-06	0	0	0	0	0	0	0	-1.72652	-0.0118645	0.0182435	0	0	0.00486866	0.00970626	0	0	0.100679	-0.00717679	1.61009
2017-07-22 00:00:00	-8.01838	2.13664	3.3718	0	0.134513	-1.25204E-05	0.000474971	0	0	0	0	0	0	0	1.23575	-0.0118641	0.018257	0	0	0.0080246	0.0116229	0	0	0.0997397	-0.00705932	-1.02048
2017-07-23 00:00:00	-6.13545	0.743032	2.98752	0	0.14452	-0.000109977	0.00226884	0	0.000553617	0	0	0	0	0	1.25034	-0.0118638	0.0182296	0	0	0.00983934	0.012693	0	0	0.0993639	-0.00734674	-0.886406
2017-07-24 00:00:00	-0.05998	-2.12557	3.09583	0	-0.0232009	-4.39303E-05	0.00101105	0	0.000623712	0	0	0	0	0	-0.472031	-0.0118535	0.0182139	0	0	0.0114949	0.0136882	0	0	0.0991023	-0.00745801	0.539824
2017-07-25 00:00:00	0	-0.546515	2.81988	0	-0.132114	0	0	0	0.000250293	0	0	0	0	0	-1.05921	-0.011823	0.0181826	0	0	0.00947699	0.0129809	0	0	0.0986486	-0.00741389	1.20234
2017-07-26 00:00:00	-15.2015	3.46761	2.98018	0	0.586476	-0.00119532	0.00899924	0	0.0299461	0	0	0	0	0	4.23006	-0.0118425	0.0182359	0	0	0.0164251	0.0164792	0	0	0.098129	-0.00750131	-3.76948
2017-07-27 00:00:00	-3.61766	-0.210587	3.0553	0	0.024028	-0.0028378	0.0166228	0	0.0867575	0	0	0	0	0	0.221708	-0.0118577	0.018245	0	0	0.0233623	0.0197588	0	0	0.0985163	-0.00833238	-0.286979
2017-07-28 00:00:00	-1.0223	-1.79003	3.12664	0	-0.013711	-0.00173534	0.00949537	0	0.0438435	0	0	0	0	0	-0.212265	-0.011854	0.0182198	0	0	0.0230163	0.0193601	0	0	0.0988743	-0.00819866	0.279352
2017-07-29 00:00:00	-1.48952	-0.426814	3.0691	0	-0.0749923	-0.00122632	0.0060224	0	0.0287895	0	0	0	0	0	-0.585416	-0.0118434	0.0181919	0	0	0.0216119	0.0187523	0	0	0.0989211	-0.00797791	0.663607
2017-07-30 00:00:00	-0.736013	-0.421381	2.90627	0	-0.212507	-0.000635313	0.00309951	0	0.0144343	0	0	0	0	0	-0.784694	-0.0118321	0.0181683	0	0	0.0190949	0.0181343	0	0	0.098519	-0.00785427	0.902805
2017-07-31 00:00:00	-2.13749	-0.205175	2.91118	0	-0.0346557	-1.73062E-06	0.000132379	0	0.00180364	0	0	0	0	0	-0.108365	-0.0118146	0.018134	0	0	0.0169792	0.0173573	0	0	0.09824	-0.00774696	0.558572
2017-08-01 00:00:00	-3.25769	0.353005	2.87973	0	0.169894	-0.00122909	0.00629822	0	0.0151615	0	0	0	0	0	-0.118494	-0.0118106	0.018122	0	0	0.0169349	0.0172108	0	0	0.0977431	-0.00769319	0.177186
2017-08-02 00:00:00	-1.47198	-0.44844	2.89201	0	-0.0751912	-0.00138714	0.00641161	0	0.0359839	0	0	0	0	0	-0.497573	-0.0117972	0.0180983	0	0	0.0168526	0.0169889	0	0	0.0972597	-0.00772544	0.569506
2017-08-03 00:00:00	-2.09177	-0.306025	3.10496	0	0.0516822	-0.00136567	0.00730801	0	0.015723	0	0	0	0	0	-0.378297	-0.0117859	0.0180699	0	0	0.0167521	0.0168156	0	0	0.096985	-0.00764144	0.53141
2017-08-04 00:00:00	-0.806141	-0.117518	2.94182	0	-0.179203	-0.000273643	0.00130228	0	0.017061	0	0	0	0	0	-1.19913	-0.0117592	0.0180351	0	0	0.014223	0.0159302	0	0	0.0966121	-0.00762054	0.783341
2017-08-05 00:00:00	-1.8552	0.376084	2.71889	0	-0.0689923	0	0.00025844	0	0.000351163	0	0	0	0	0	-0.70118	-0.0117511	0.0180034	0	0	0.0117468	0.0145706	0	0	0.0961254	-0.00745127	0.591456
2017-08-06 00:00:00	-5.61005	1.62184	2.71434	0	0.22208	-0.000311014	0.0023781	0	0.00170049	0	0	0	0	0	0.664669	-0.0117422	0.0179965	0	0	0.0126928	0.0147661	0	0	0.0954871	-0.00736993	-0.261521
2017-08-07 00:00:00	-0.733724	-1.62818	2.76937	0	0.00634946	-0.00123889	0.00632408	0	0.0329807	0	0	0	0	0	-0.278803	-0.0117365	0.0179764	0	0	0.0151871	0.0159254	0	0	0.0951469	-0.00757986	0.297994
2017-08-08 00:00:00	0	-0.420721	2.7245	0	-0.264974	-0.000263972	0.0011376	0	0.00862254	0	0	0	0	0	-1.1408	-0.0117223	0.0179339	0	0	0.0128722	0.0151844	0	0	0.0949721	-0.00752693	1.02922
2017-08-09 00:00:00	0	-0.032337	2.73857	0	-0.102312	0	0.000132668	0	7.84893E-05	0	0	0	0	0	-1.81707	-0.0117152	0.0179241	0	0	0.0103048	0.0138745	0	0	0.0942936	-0.00733961	0.904399
2017-08-10 00:00:00	0	-0.018361	2.51978	0	-0.116599	0	1.63573E-05	0	0	0	0	0	0	0	-1.3988	-0.0116762	0.0178899	0	0	0.00765225	0.0122586	0	0	0.0938123	-0.00720592	1.09877
2017-08-11 00:00:00	-1.8558	0.0950951	2.91983	0	0.023778	0	4.88172E-05	0	0	0	0	0	0	0	-0.840331	-0.0116603	0.0178695	0	0	0.0070636	0.0118635	0	0	0.0931559	-0.00706668	0.453841
2017-08-12 00:00:00	-2.66653	0.0599303	2.78215	0	0.0873007	0	0.000197815	0	7.93909E-05	0	0	0	0	0	-0.0848573	-0.0116546	0.0178318	0	0	0.00793395	0.0122425	0	0	0.092412	-0.00701661	0.290022
2017-08-13 00:00:00	0	-0.155029	2.58433	0	-0.0641915	0	8.87814E-05	0	5.84028E-05	0	0	0	0	0	-1.49469	-0.0116357	0.0177732	0	0	0.0067107	0.0115463	0	0	0.0918355	-0.00704626	0.97975
2017-08-14 00:00:00	-21.7282	4.04181	2.78832	0	1.02918	-0.0139391	0.0909238	0	0.249784	0	0	0	0	0	7.61111	-0.011675	0.01788	0	0	0.0223771	0.0203061	0	0	0.0914108	-0.007658	-5.79838
2017-08-15 00:00:00	-10.282	0.121338	2.68284	0	0.288597	-0.0164698	0.0969332	0	0.466257	0	0	0	0	0	3.58376	-0.0117238	0.0179779	0	0	0.0511325	0.0333997	0	0	0.0928734	-0.0102772	-2.88535
2017-08-16 00:00:00	-2.79867	-0.151122	2.64849	0	-0.178418	-0.00794953	0.039028	0	0.265113	0	0	0	0	0	-0.318169	-0.0117344	0.0179729	0	0	0.0545426	0.0339339	0	0	0.0956724	-0.00992579	-0.321239
2017-08-17 00:00:00	-7.87481	0.239001	2.85154	0	0.287921	-0.00935113	0.0498658	0	0.32446	0	0	0	0	0	2.4185	-0.0117404	0.0179657	0	0	0.0513542	0.032243	0	0	0.0967039	-0.0102488	-1.5366
2017-08-18 00:00:00	-5.39289	-0.0152055	2.77814	0	0.0602595	-0.0105827	0.0566158	0	0.440077	0	0	0	0	0	1.02541	-0.0117534	0.0179736	0	0	0.0525644	0.0324354	0	0	0.0973829	-0.0109978	-0.88057
2017-08-19 00:00:00	-0.7714	-1.84651	2.77258	0	-0.103471	-0.00516868	0.027065	0	0.236505	0	0	0	0	0	-0.446824	-0.0117544	0.0179616	0	0	0.050495	0.0312022	0	0	0.0984441	-0.0102686	0.0388594
2017-08-20 00:00:00	0	-0.88489	2.76237	0	-0.452494	-0.00128895	0.00611226	0	0.0684843	0	0	0	0	0	-1.04006	-0.011746	0.017935	0	0	0.0425502	0.0280523	0	0	0.099036	-0.00923917	0.624822
2017-08-21 00:00:00	-0.114545	-0.601847	3.43081	0	-0.530813	-2.27947E-06	0.000120263	0	0.00961444	0	0	0	0	0	-1.45162	-0.0117317	0.0178994	0	0	0.0319031	0.0234391	0	0	0.0991755	-0.00867039	0.89374
2017-08-22 00:00:00	0	-0.491328	2.73324	0	-0.277971	0	3.5532E-05	0	0.00237353	0	0	0	0	0	-0.982393	-0.0117158	0.0178562	0	0	0.0235488	0.0198068	0	0	0.0990024	-0.0083101	1.12415
2017-08-23 00:00:00	-8.75339	2.94674	2.80097	0	0.732795	-0.000771144	0.00440958	0	0.00892095	0	0	0	0	0	1.48645	-0.011722	0.0178745	0	0	0.0262632	0.0208877	0	0	0.0987556	-0.00802387	-0.629842
2017-08-24 00:00:00	-0.104633	-2.29238	2.57405	0	0.00275472	-0.0024478	0.0113993	0	0.0744128	0	0	0	0	0	-0.143432	-0.0117163	0.0178605	0	0	0.0283568	0.0217116	0	0	0.0986562	-0.00840141	0.266192
2017-08-25 00:00:00	-5.57007	2.28403	2.70598	0	0.130438	-0.0023304	0.0105081	0	0.0591852	0	0	0	0	0	0.285967	-0.0117049	0.0178361	0	0	0.0269412	0.0208936	0	0	0.0985689	-0.00833726	0.0478985
2017-08-26 00:00:00	-1.55158	-0.908792	2.48432	0	0.00332259	-0.00228025	0.0104168	0	0.0691879	0	0	0	0	0	-0.0453027	-0.0117011	0.0178058	0	0	0.0259812	0.0205029	0	0	0.0984529	-0.00834403	0.201996
2017-08-27 00:00:00	-0.0446534	-1.50516	2.4745	0	-0.199309	-0.000967997	0.00427936	0	0.0360885	0	0	0	0	0	-0.500922	-0.0116917	0.0177837	0	0	0.0238957	0.0196857	0	0	0.0983898	-0.00818311	0.403741
2017-08-28 00:00:00	-2.30994	0.266205	2.5628	0	0.0290094	-8.9296E-05	0.00100606	0	0.0089159	0	0	0	0	0	-0.398381	-0.0116793	0.0177482	0	0	0.0203406	0.0184124	0	0	0.098284	-0.00797213	0.294658
2017-08-29 00:00:00	-0.159199	-0.518419	2.10911	0	-0.18779	-0.000168364	0.000566993	0	0.019311	0	0	0	0	0	-0.720858	-0.0116628	0.0177214	0	0	0.0168643	0.0168095	0	0	0.0979057	-0.00789226	0.672304
2017-08-30 00:00:00	-0.100781	-0.263433	2.15631	0	-0.270681	-4.78408E-05	0.000462831	0	0.00183984	0	0	0	0	0	-0.957169	-0.0116526	0.0176737	0	0	0.0145826	0.0158563	0	0	0.0976528	-0.00758859	0.69302
2017-08-31 00:00:00	-0.0446534	-0.201109	2.17261	0	-0.228708	0	1.00278E-05	0	0.00171291	0	0	0	0	0	-0.857917	-0.0116335	0.0176332	0	0	0.0109594	0.0141497	0	0	0.0973968	-0.00750436	0.962948
2017-09-01 00:00:00	-0.229091	-0.175647	2.36674	0	-0.0553969	0	2.65343E-05	0	0.00109165	0	0	0	0	0	-1.30308	-0.0116232	0.0176131	0	0	0.00903286	0.0131926	0	0	0.0970521	-0.00733812	0.722571
2017-09-02 00:00:00	-0.0545653	-0.0210174	2.46457	0	-0.0564654	0	5.03635E-05	0	0.000642966	0	0	0	0	0	-1.31455	-0.0116069	0.017583	0	0	0.00720942	0.0121567	0	0	0.0964899	-0.00718641	1.13331
2017-09-03 00:00:00	-2.98364	0.786582	2.25662	0	0.181184	-2.94504E-05	0.000669185	0	0.000580666	0	0	0	0	0	-0.185476	-0.0115985	0.0175607	0	0	0.0079351	0.0123969	0	0	0.0959311	-0.00703527	0.171686
2017-09-04 00:00:00	-6.73228	2.15171	2.449	0	0.197909	-0.000526563	0.00327859	0	0.00228268	0	0	0	0	0	1.15537	-0.0115978	0.0175205	0	0	0.0104995	0.013959	0	0	0.0954148	-0.00715415	-0.654611
2017-09-05 00:00:00	-2.97232	0.16193	2.23911	0	0.105645	-0.00173638	0.0078642	0	0.0274834	0	0	0	0	0	0.254432	-0.0115957	0.017531	0	0	0.0151055	0.0165654	0	0	0.0953635	-0.00756973	-0.0521907
2017-09-06 00:00:00	-0.945925	-1.21619	2.22829	0	-0.00364537	-0.00113568	0.005859	0	0.0319534	0	0	0	0	0	-0.0142951	-0.0115855	0.0175003	0	0	0.0162806	0.0169851	0	0	0.0953101	-0.00767772	0.211719
2017-09-07 00:00:00	-7.22586	1.7006	2.11327	0	0.493718	-0.00593813	0.0320882	0	0.118559	0	0	0	0	0	1.67311	-0.0115919	0.0175062	0	0	0.0211944	0.0194892	0	0	0.0950865	-0.00782855	-0.9666
2017-09-08 00:00:00	-4.75968	0.477252	2.09102	0	0.195888	-0.005583	0.0313603	0	0.172947	0	0	0	0	0	1.0178	-0.0116	0.0175101	0	0	0.0274358	0.0222888	0	0	0.0951052	-0.00932951	-0.637588
2017-09-09 00:00:00	-1.6853	-0.357627	1.99097	0	-0.0765922	-0.00350586	0.0181819	0	0.126637	0	0	0	0	0	-0.0700135	-0.0116004	0.0174916	0	0	0.0277143	0.0221455	0	0	0.0951178	-0.0100323	0.0835828
2017-09-10 00:00:00	-3.67295	0.165762	2.07313	0	0.157648	-0.00343256	0.0184132	0	0.107415	0	0	0	0	0	0.654038	-0.0115925	0.0174558	0	0	0.0267048	0.0212332	0	0	0.0952451	-0.00972473	-0.360655
2017-09-11 00:00:00	-2.51265	0.222721	2.06854	0	-0.0467798	-0.0027534	0.013809	0	0.121738	0	0	0	0	0	-0.00689453	-0.0115913	0.0174158	0	0	0.0258776	0.0206802	0	0	0.0952187	-0.0100475	-0.00470873
2017-09-12 00:00:00	-3.91335	0.0495351	1.99583	0	0.131694	-0.00668552	0.0342106	0	0.204601	0	0	0	0	0	0.947104	-0.0115957	0.0174077	0	0	0.0273945	0.0215747	0	0	0.0953177	-0.00986487	-0.41683
2017-09-13 00:00:00	-9.73078	0.24911	1.83264	0	0.328346	-0.0199589	0.09743	0	0.770056	0	0	0	0	0	4.20645	-0.0116291	0.0174374	0	0	0.0379731	0.0259222	0	0	0.0947048	-0.0132993	-2.1156
2017-09-14 00:00:00	-1.5651	-0.295102	1.8338	0	-0.243456	-0.00881977	0.039221	0	0.430285	0	0	0	0	0	-0.423753	-0.0116415	0.0174442	0	0	0.0439072	0.0280963	0	0	0.0959409	-0.012738	-0.071924
2017-09-15 00:00:00	-2.90172	0.0418811	1.78945	0	0.105461	-0.00896198	0.0430209	0	0.285415	0	0	0	0	0	0.317726	-0.0116396	0.017437	0	0	0.0425944	0.0275658	0	0	0.0972191	-0.0105326	-0.165079
2017-09-16 00:00:00	-4.02031	0.280184	1.64418	0	0.022207	-0.0100871	0.049205	0	0.401269	0	0	0	0	0	0.991143	-0.0116417	0.0174384	0	0	0.0439535	0.0280776	0	0	0.0975977	-0.0108636	-0.477655
2017-09-17 00:00:00	-0.710693	-1.02572	1.78938	0	-0.0662687	-0.00595933	0.0281376	0	0.252409	0	0	0	0	0	-0.303924	-0.0116377	0.017425	0	0	0.0423656	0.0271359	0	0	0.0981106	-0.0107458	0.120017
2017-09-18 00:00:00	-0.181525	-1.3484	1.62775	0	-0.0660929	-0.00285128	0.0141843	0	0.119968	0	0	0	0	0	-0.359443	-0.0116257	0.0173945	0	0	0.0377989	0.0249193	0	0	0.0986704	-0.00967008	-0.0389282
2017-09-19 00:00:00	-0.0669801	-0.656555	2.14862	0	-0.401896	-0.00218374	0.0087005	0	0.0676629	0	0	0	0	0	-0.744114	-0.0116153	0.0173808	0	0	0.0336234	0.023484	0	0	0.0987968	-0.00895139	0.505974
2017-09-20 00:00:00	-0.92696	-0.153461	1.87291	0	-0.205077	-0.000174663	0.000123978	0	0.00872903	0	0	0	0	0	-0.315587	-0.0115947	0.017343	0	0	0.027185	0.0208889	0	0	0.0988584	-0.00855542	0.424628
2017-09-21 00:00:00	-8.85617	3.25337	1.66202	0	0.80789	-0.00768885	0.035364	0	0.153584	0	0	0	0	0	1.95855	-0.0116034	0.0173638	0	0	0.0298147	0.0220269	0	0	0.0984937	-0.00846297	-0.845449
2017-09-22 00:00:00	-0.26698	-1.24288	1.58689	0	-0.230713	-0.00501323	0.024913	0	0.265522	0	0	0	0	0	-0.173988	-0.0116066	0.0173579	0	0	0.0341549	0.0236518	0	0	0.0983906	-0.00973713	0.10996
2017-09-23 00:00:00	-0.292455	-1.39617	1.91147	0	-0.0133372	-0.00331481	0.0161235	0	0.098334	0	0	0	0	0	-0.301268	-0.011598	0.0173353	0	0	0.0319093	0.0225311	0	0	0.0987584	-0.0089754	0.169342
2017-09-24 00:00:00	-4.59959	2.26023	1.85002	0	0.0877415	-0.00303517	0.012862	0	0.0751979	0	0	0	0	0	0.123568	-0.0115899	0.0173098	0	0	0.0294393	0.0217367	0	0	0.0988108	-0.00880868	-0.046108
2017-09-25 00:00:00	-15.5728	0.569975	1.51553	0	0.706185	-0.0432551	0.201913	0	1.5988	0	0	0	0	0	7.41905	-0.0116293	0.017403	0	0	0.0501636	0.0303968	0	0	0.0973625	-0.0144972	-3.43538
2017-09-26 00:00:00	-0.0669801	-1.42262	1.58216	0	-0.401964	-0.0127744	0.0567171	0	0.672219	0	0	0	0	0	-0.786896	-0.011654	0.0174303	0	0	0.064451	0.035644	0	0	0.0992689	-0.0144258	-0.189417
2017-09-27 00:00:00	-2.57591	0.661782	1.70329	0	-0.0579697	-0.00812369	0.036083	0	0.302193	0	0	0	0	0	-0.195969	-0.0116508	0.0174132	0	0	0.0577087	0.0327868	0	0	0.100807	-0.0117481	0.0506925
2017-09-28 00:00:00	-1.31411	-0.436071	1.74267	0	0.00369367	-0.0070072	0.032067	0	0.228813	0	0	0	0	0	-0.270538	-0.0116469	0.017396	0	0	0.0524832	0.0308333	0	0	0.101236	-0.0108243	0.158993
2017-09-29 00:00:00	-0.241505	-1.03616	1.65081	0	-0.160515	-0.00430952	0.0199192	0	0.141086	0	0	0	0	0	-0.325858	-0.0116394	0.0173726	0	0	0.04664	0.0283581	0	0	0.101534	-0.010279	0.215451
2017-09-30 00:00:00	-0.459766	-0.504217	1.36343	0	-0.0684876	-0.0026283	0.0129586	0	0.0712741	0	0	0	0	0	-0.386143	-0.0116289	0.017348	0	0	0.0412576	0.0260831	0	0	0.101702	-0.00960501	0.191579
2017-10-01 00:00:00	-3.40338	1.64545	1.6026	0	0.0158287	-0.00431205	0.0183293	0	0.102732	0	0	0	0	0	0.0936735	-0.0116245	0.0173222	0	0	0.0382784	0.0247281	0	0	0.101652	-0.00910719	0.232172
2017-10-02 00:00:00	-2.15017	0.469895	1.51192	0	0.00791574	-0.00351685	0.0147571	0	0.0934696	0	0	0	0	0	0.03083	-0.0116203	0.0172967	0	0	0.0352231	0.0233336	0	0	0.101511	-0.00929478	0.131557
2017-10-03 00:00:00	-0.393236	-0.958873	1.40491	0	-0.0247009	-0.0027787	0.012412	0	0.07634	0	0	0	0	0	-0.127623	-0.0116131	0.0172637	0	0	0.0327666	0.0222729	0	0	0.101379	-0.00936185	0.139163
2017-10-04 00:00:00	-16.8785	1.59198	1.24474	0	0.924818	-0.0372914	0.184812	0	1.397	0	0	0	0	0	7.7855	-0.0116533	0.0173244	0	0	0.0454653	0.0278723	0	0	0.0995621	-0.0167035	-3.62508
2017-10-05 00:00:00	-3.08163	-0.0122057	1.27144	0	-0.383155	-0.0175051	0.0713123	0	0.908701	0	0	0	0	0	0.231417	-0.0117048	0.0173689	0	0	0.0607047	0.0333859	0	0	0.101046	-0.01734	-0.828157
2017-10-06 00:00:00	-1.3114	-0.0738518	1.18182	0	-0.0786119	-0.00976213	0.0386669	0	0.411871	0	0	0	0	0	-0.359078	-0.01172	0.0173557	0	0	0.0565747	0.0315579	0	0	0.103461	-0.0137824	-0.0168968
2017-10-07 00:00:00	-0.733256	-0.664073	1.42086	0	-0.0861962	-0.00468366	0.0193559	0	0.207239	0	0	0	0	0	-0.370958	-0.0117139	0.0173302	0	0	0.0496883	0.0286559	0	0	0.10441	-0.0121015	-0.0354406
2017-10-08 00:00:00	-0.0223267	-1.26625	1.38022	0	-0.0670139	-0.00563498	0.0231961	0	0.184449	0	0	0	0	0	-0.144925	-0.0117103	0.0173179	0	0	0.0459773	0.0271094	0	0	0.104884	-0.0114433	0.253848
2017-10-09 00:00:00	-0.0223267	-0.831903	1.34055	0	-0.186172	-0.00249489	0.0102311	0	0.101711	0	0	0	0	0	-0.35696	-0.0117025	0.0172952	0	0	0.0405988	0.0250404	0	0	0.105085	-0.0107382	0.218216
2017-10-10 00:00:00	-5.46065	2.53839	1.30649	0	0.222203	-0.00493486	0.0196951	0	0.116465	0	0	0	0	0	0.857904	-0.0116985	0.0172859	0	0	0.0364999	0.0235908	0	0	0.10501	-0.0113359	-0.245089
2017-10-11 00:00:00	-11.8981	0.300642	1.28274	0	0.58442	-0.0371649	0.166725	0	1.36154	0	0	0	0	0	5.5265	-0.0117285	0.0173625	0	0	0.0491743	0.028794	0	0	0.103278	-0.0188013	-2.54467
2017-10-12 00:00:00	-4.06835	-0.0015402	1.23395	0	-0.23795	-0.023409	0.0960824	0	1.1162	0	0	0	0	0	0.900649	-0.0117546	0.0174413	0	0	0.0648656	0.0345259	0	0	0.105988	-0.0174336	-0.790735
2017-10-13 00:00:00	-2.81376	0.0109726	1.38698	0	0.0101266	-0.0139616	0.0571858	0	0.599899	0	0	0	0	0	0.217636	-0.011757	0.0174588	0	0	0.0646239	0.0342044	0	0	0.108576	-0.014809	-0.346626
2017-10-14 00:00:00	-0.547701	-0.660888	1.23941	0	-0.23874	-0.00834951	0.0329302	0	0.370851	0	0	0	0	0	-0.324264	-0.0117507	0.0174452	0	0	0.0588951	0.0318405	0	0	0.109759	-0.0135456	0.0558912
2017-10-15 00:00:00	-0.0223267	-1.19402	1.30276	0	0.00363801	-0.00413898	0.0173566	0	0.140159	0	0	0	0	0	-0.426859	-0.0117413	0.0174216	0	0	0.0515611	0.02885	0	0	0.110495	-0.0118552	0.00130307
2017-10-16 00:00:00	-4.43971	1.84909	1.16497	0	0.148393	-0.0107456	0.0440588	0	0.297365	0	0	0	0	0	0.724882	-0.01174	0.0174209	0	0	0.0493238	0.0282919	0	0	0.110584	-0.0118581	-0.0396717
2017-10-17 00:00:00	-4.12761	-0.0129662	1.12335	0	0.0579081	-0.0137184	0.0597523	0	0.570521	0	0	0	0	0	1.52186	-0.0117443	0.0174272	0	0	0.0502831	0.0287119	0	0	0.109754	-0.0156045	-0.642077
2017-10-18 00:00:00	-1.2627	-0.204224	0.9909	0	-0.150855	-0.00879432	0.0335771	0	0.360518	0	0	0	0	0	-0.00488397	-0.0117482	0.0174213	0	0	0.0480603	0.0277926	0	0	0.110374	-0.0149751	-0.0695335
2017-10-19 00:00:00	-4.43971	0.211287	1.05235	0	0.220412	-0.0163444	0.0712537	0	0.55648	0	0	0	0	0	1.51721	-0.0117524	0.0174319	0	0	0.0495812	0.0285575	0	0	0.11064	-0.0150084	-0.64761
2017-10-20 00:00:00	-2.5937	-0.00493727	1.03951	0	-0.0900507	-0.0134653	0.0558356	0	0.563807	0	0	0	0	0	0.56592	-0.0117589	0.0174307	0	0	0.0518668	0.0293647	0	0	0.110809	-0.015211	-0.294583
2017-10-21 00:00:00	-2.21356	-0.011114	1.01257	0	-0.0294374	-0.0129128	0.0553546	0	0.460297	0	0	0	0	0	0.379177	-0.0117594	0.0174378	0	0	0.0524639	0.0297635	0	0	0.111612	-0.0138156	-0.17393
2017-10-22 00:00:00	-1.92649	0.00259781	0.908805	0	0.0437341	-0.00930491	0.0391641	0	0.31851	0	0	0	0	0	0.304982	-0.01176	0.0174272	0	0	0.0501981	0.0288701	0	0	0.112001	-0.0137631	-0.13503
2017-10-23 00:00:00	-0.736872	-0.199735	0.910762	0	-0.158405	-0.00615032	0.0234518	0	0.239774	0	0	0	0	0	-0.15676	-0.0117545	0.0174084	0	0	0.045989	0.0271301	0	0	0.112288	-0.0132277	0.0939001
2017-10-24 00:00:00	-1.72469	0.16336	0.96384	0	0.0685523	-0.0047689	0.0196598	0	0.144485	0	0	0	0	0	0.0979568	-0.011746	0.0173863	0	0	0.041859	0.025487	0	0	0.112695	-0.0119896	-0.0979174
2017-10-25 00:00:00	-0.162347	-0.732452	0.933172	0	-0.0996608	-0.00471024	0.0188459	0	0.159279	0	0	0	0	0	-0.0954278	-0.0117366	0.0173664	0	0	0.0386865	0.0241769	0	0	0.112739	-0.0118194	0.186112
2017-10-26 00:00:00	-0.0223267	-0.843852	0.927692	0	-0.0846497	-0.00346516	0.0139483	0	0.105368	0	0	0	0	0	-0.0921437	-0.0117287	0.0173434	0	0	0.0355917	0.022906	0	0	0.112893	-0.0108674	0.166708
2017-10-27 00:00:00	-0.136872	-0.534278	0.711828	0	-0.0488444	-0.0023836	0.00958475	0	0.0725468	0	0	0	0	0	-0.143076	-0.0117158	0.017307	0	0	0.0325602	0.0216371	0	0	0.112868	-0.0102056	0.0909561
2017-10-28 00:00:00	-0.336872	-0.486146	0.887008	0	-0.0511602	-0.0036298	0.0146912	0	0.0847155	0	0	0	0	0	0.000229597	-0.0117102	0.0172778	0	0	0.0309691	0.0209949	0	0	0.112657	-0.0098654	0.269159
2017-10-29 00:00:00	-0.0223267	-0.221554	0.703341	0	-0.178217	-0.00146827	0.00523407	0	0.0453331	0	0	0	0	0	-0.226135	-0.0117012	0.0172534	0	0	0.0278059	0.0199814	0	0	0.112552	-0.00964338	0.260456
2017-10-30 00:00:00	-0.0223267	-0.121391	0.642198	0	-0.17242	-0.00132991	0.00381181	0	0.0276572	0	0	0	0	0	-0.204611	-0.0116934	0.0172285	0	0	0.0251643	0.0191809	0	0	0.112341	-0.00921159	0.304599
2017-10-31 00:00:00	-4.15967	2.64502	0.780253	0	0.216164	-0.00316375	0.0126074	0	0.0521459	0	0	0	0	0	0.323319	-0.0116863	0.0172076	0	0	0.0241846	0.0187443	0	0	0.112009	-0.00910015	0.0180435
2017-11-01 00:00:00	-4.0776	0.199512	0.618442	0	0.478726	-0.0125306	0.0552227	0	0.321401	0	0	0	0	0	1.65617	-0.0116964	0.0172168	0	0	0.0299376	0.0209303	0	0	0.11165	-0.0108497	-0.603467
2017-11-02 00:00:00	-0.210852	-0.393664	0.595841	0	-0.203088	-0.00620155	0.0243	0	0.260214	0	0	0	0	0	-0.126228	-0.011709	0.0172056	0	0	0.0324387	0.0217487	0	0	0.111611	-0.012478	0.0991386
2017-11-03 00:00:00	-0.156287	-0.472225	0.641605	0	-0.0246167	-0.00291558	0.0121823	0	0.0950004	0	0	0	0	0	-0.216118	-0.0116977	0.0171722	0	0	0.0300473	0.0207187	0	0	0.112011	-0.0108767	0.0340006
2017-11-04 00:00:00	-1.2582	0.358603	0.640161	0	0.022638	-0.00390677	0.0144242	0	0.0999574	0	0	0	0	0	0.0470715	-0.0116877	0.017122	0	0	0.0283128	0.0199732	0	0	0.111951	-0.0104942	0.0759215
2017-11-05 00:00:00	-0.441742	-0.177303	0.485555	0	-0.046718	-0.00464358	0.0163936	0	0.130791	0	0	0	0	0	0.0620516	-0.0116683	0.0171064	0	0	0.0272706	0.0194897	0	0	0.111691	-0.0110465	0.177227
2017-11-06 00:00:00	-0.156287	-0.479805	0.656738	0	-0.0664077	-0.00298548	0.0109214	0	0.0860872	0	0	0	0	0	-0.0180985	-0.0116597	0.0170451	0	0	0.0258404	0.0188985	0	0	0.11162	-0.0106715	0.181236
2017-11-07 00:00:00	-4.39214	1.08558	0.602947	0	0.380821	-0.0107088	0.0404505	0	0.296585	0	0	0	0	0	1.42682	-0.0116503	0.0170376	0	0	0.0267896	0.0193127	0	0	0.111007	-0.0125537	-0.419702
2017-11-08 00:00:00	-1.38718	-0.0288015	0.491493	0	-0.162286	-0.00855119	0.0328105	0	0.371766	0	0	0	0	0	0.39705	-0.011662	0.0170313	0	0	0.0303755	0.0207078	0	0	0.110737	-0.0143376	-0.140843
2017-11-09 00:00:00	-1.5522	-0.062467	0.615286	0	0.057503	-0.00729775	0.0264802	0	0.24838	0	0	0	0	0	0.371711	-0.0116628	0.017003	0	0	0.0295693	0.0203243	0	0	0.111071	-0.0142063	-0.150509
2017-11-10 00:00:00	-1.38358	0.041395	0.538818	0	-0.0153213	-0.00724063	0.024815	0	0.256234	0	0	0	0	0	0.320398	-0.011651	0.0169783	0	0	0.0291198	0.0200899	0	0	0.111281	-0.0136597	-0.0723212
2017-11-11 00:00:00	-0.416267	-0.117632	0.421071	0	-0.0724418	-0.00411995	0.0147559	0	0.170199	0	0	0	0	0	-0.145691	-0.0116407	0.0169564	0	0	0.028314	0.0197431	0	0	0.111615	-0.0123226	0.00253945
2017-11-12 00:00:00	-0.296307	-0.243084	0.45289	0	-0.0288869	-0.00354836	0.0114632	0	0.122262	0	0	0	0	0	-0.107568	-0.0116252	0.0169189	0	0	0.0266275	0.0190635	0	0	0.111788	-0.0117465	0.0582478
2017-11-13 00:00:00	-0.416267	-0.1356	0.460306	0	-0.0784327	-0.00416582	0.013896	0	0.103394	0	0	0	0	0	-0.00212017	-0.011604	0.0168817	0	0	0.0256611	0.0186894	0	0	0.11171	-0.0113609	0.090987
2017-11-14 00:00:00	-1.92493	0.43534	0.533749	0	0.0944514	-0.00605137	0.0190398	0	0.156487	0	0	0	0	0	0.542059	-0.0115982	0.0168632	0	0	0.0248885	0.0183902	0	0	0.111335	-0.0124394	-0.00241462
2017-11-15 00:00:00	-0.210852	-0.236658	0.387321	0	-0.0708015	-0.00425723	0.0132825	0	0.137584	0	0	0	0	0	-0.0433876	-0.0115912	0.0168383	0	0	0.0243195	0.0181601	0	0	0.111156	-0.0125303	0.118584
2017-11-16 00:00:00	-3.85414	0.217307	0.456757	0	0.331693	-0.0120519	0.0486456	0	0.429191	0	0	0	0	0	1.62968	-0.0115843	0.0168386	0	0	0.0269985	0.0189702	0	0	0.110639	-0.0138997	-0.604952
2017-11-17 00:00:00	-1.46542	-0.0155314	0.439538	0	-0.111877	-0.00933129	0.035031	0	0.436768	0	0	0	0	0	0.396808	-0.0115783	0.0168432	0	0	0.0305847	0.0200709	0	0	0.110549	-0.0147498	-0.142292
2017-11-18 00:00:00	-0.356287	-0.1658	0.415793	0	-0.103795	-0.00553516	0.0187707	0	0.224377	0	0	0	0	0	-0.097481	-0.0115701	0.0168268	0	0	0.0297187	0.0197265	0	0	0.111287	-0.0130987	0.0829322
2017-11-19 00:00:00	-3.0776	0.14382	0.324548	0	0.246358	-0.012537	0.0517602	0	0.422508	0	0	0	0	0	1.29137	-0.0115576	0.0168537	0	0	0.0317651	0.0205468	0	0	0.11103	-0.0141536	-0.45528
2017-11-20 00:00:00	-10.3234	-0.0134489	0.428574	0	0.513701	-0.0418088	0.177203	0	1.79061	0	0	0	0	0	5.07974	-0.0115878	0.0169249	0	0	0.0479706	0.0264575	0	0	0.108738	-0.0226652	-2.22295
2017-11-21 00:00:00	-5.55537	-0.017767	0.445468	0	-0.112969	-0.032675	0.126192	0	1.6015	0	0	0	0	0	2.07644	-0.0116008	0.0170074	0	0	0.0644867	0.0319285	0	0	0.109795	-0.0244563	-1.28202
2017-11-22 00:00:00	-22.8767	-0.0153973	0.418358	0	0.861116	-0.104423	0.42312	0	4.81568	0	0	0	0	0	10.9583	-0.0116707	0.0171886	0	0	0.112263	0.0448785	0	0	0.107655	-0.0364064	-5.28596
2017-11-23 00:00:00	-2.56485	-0.0125765	0.308574	0	-0.566361	-0.0421893	0.143273	0	2.17723	0	0	0	0	0	-0.44324	-0.0117542	0.0173056	0	0	0.141484	0.0526233	0	0	0.11466	-0.0302968	-0.716116
2017-11-24 00:00:00	-1.94319	-0.0227237	0.299623	0	-0.275132	-0.0236869	0.0819859	0	1.15698	0	0	0	0	0	-0.128546	-0.0117747	0.0173205	0	0	0.125447	0.0476207	0	0	0.118887	-0.0242454	-0.581439
2017-11-25 00:00:00	-1.29249	-0.0164457	0.314672	0	-0.079899	-0.0208984	0.0740415	0	0.853239	0	0	0	0	0	-0.208939	-0.0117792	0.0173566	0	0	0.1124	0.0438876	0	0	0.120784	-0.0217215	-0.115792
2017-11-26 00:00:00	-4.6282	-0.015326	0.340108	0	0.322569	-0.0289057	0.113184	0	1.23671	0	0	0	0	0	1.65	-0.0117992	0.0173683	0	0	0.106654	0.0422586	0	0	0.12097	-0.0234494	-0.75785
2017-11-27 00:00:00	-0.950872	-0.0186909	0.356504	0	-0.290112	-0.0165786	0.0567429	0	0.83454	0	0	0	0	0	-0.251442	-0.0117947	0.017365	0	0	0.0981452	0.0395016	0	0	0.122711	-0.0221039	-0.0360847
2017-11-28 00:00:00	-0.356287	-0.0821108	0.306768	0	-0.0357627	-0.011246	0.0367642	0	0.438383	0	0	0	0	0	-0.394611	-0.0117895	0.0173508	0	0	0.0862361	0.0358078	0	0	0.124814	-0.0180803	0.136237
2017-11-29 00:00:00	-0.156287	-0.206536	0.278029	0	-0.0950628	-0.0078837	0.0259227	0	0.301895	0	0	0	0	0	-0.253724	-0.0117847	0.0173316	0	0	0.0753204	0.0324718	0	0	0.125857	-0.0161376	0.109412
2017-11-30 00:00:00	-0.216267	-0.131021	0.258122	0	-0.0749375	-0.00661189	0.0221002	0	0.22267	0	0	0	0	0	-0.140985	-0.0117766	0.0173129	0	0	0.0662451	0.0297555	0	0	0.126339	-0.0148099	0.146136
2017-12-01 00:00:00	0	-0.260961	0.278889	0	-0.115374	-0.00491206	0.017764	0	0.162756	0	0	0	0	0	-0.123133	-0.0117698	0.0172909	0	0	0.0582768	0.027388	0	0	0.12662	-0.0137676	0.159068
2017-12-02 00:00:00	-0.2	-0.148585	0.359494	0	-0.0694806	-0.00466591	0.0173642	0	0.137808	0	0	0	0	0	-0.08517	-0.0117657	0.0172772	0	0	0.0529223	0.025823	0	0	0.126732	-0.0128575	0.204895
2017-12-03 00:00:00	-0.0854547	-0.218518	0.318065	0	-0.0694011	-0.00319436	0.0122737	0	0.0941416	0	0	0	0	0	-0.0430921	-0.0117588	0.0172537	0	0	0.0469238	0.0240403	0	0	0.126736	-0.0121068	0.195909
2017-12-04 00:00:00	-0.374525	0.0361665	0.342352	0	-0.0536344	-0.00361801	0.0138381	0	0.0944564	0	0	0	0	0	-0.00288147	-0.0117532	0.0172355	0	0	0.0428381	0.0228432	0	0	0.126583	-0.0116339	0.238266
2017-12-05 00:00:00	-0.50913	0.174443	0.325292	0	-0.0233302	-0.00295223	0.0113138	0	0.0745719	0	0	0	0	0	-0.0313422	-0.0117465	0.0172133	0	0	0.0388672	0.0216795	0	0	0.126389	-0.011182	0.200086
2017-12-06 00:00:00	-0.933256	0.440009	0.371579	0	-0.0149099	-0.0030743	0.0114483	0	0.0762695	0	0	0	0	0	0.0579059	-0.0117393	0.0171897	0	0	0.0354348	0.0206968	0	0	0.126114	-0.0109937	0.182673
2017-12-07 00:00:00	-6.01848	0.238305	0.307913	0	0.77346	-0.0203519	0.0840178	0	0.721246	0	0	0	0	0	2.77628	-0.0117435	0.0171983	0	0	0.0380464	0.0214773	0	0	0.124203	-0.0180639	-0.9665
2017-12-08 00:00:00	0	-0.233082	0.24026	0	-0.331397	-0.00885697	0.0294026	0	0.495464	0	0	0	0	0	-0.261667	-0.0117152	0.017195	0	0	0.0409084	0.0222033	0	0	0.124542	-0.0186847	0.104573
2017-12-09 00:00:00	0	-0.19159	0.20655	0	-0.126609	-0.00472017	0.0166596	0	0.186065	0	0	0	0	0	-0.109801	-0.0117057	0.0171744	0	0	0.037311	0.021168	0	0	0.126311	-0.013934	0.152879
2017-12-10 00:00:00	0	-0.12377	0.133447	0	-0.0704779	-0.00322173	0.011357	0	0.115921	0	0	0	0	0	-0.139279	-0.0116972	0.0171494	0	0	0.0339906	0.020231	0	0	0.126559	-0.0124758	0.097733
2017-12-11 00:00:00	-0.61986	0.165309	0.174078	0	-0.0258302	-0.00608466	0.0239616	0	0.152652	0	0	0	0	0	0.173104	-0.0116941	0.0171361	0	0	0.0328292	0.0200485	0	0	0.126296	-0.0120239	0.20992
2017-12-12 00:00:00	-1.61376	0.304412	0.207248	0	0.137976	-0.00814338	0.0366582	0	0.215432	0	0	0	0	0	0.539434	-0.0116905	0.0171245	0	0	0.0336198	0.0206589	0	0	0.126009	-0.0121685	-0.00719319
2017-12-13 00:00:00	-3.32718	-0.0203863	0.264461	0	0.313619	-0.014911	0.0650159	0	0.583008	0	0	0	0	0	1.48984	-0.0116957	0.0171305	0	0	0.0375449	0.021855	0	0	0.124853	-0.0158411	-0.472688
2017-12-14 00:00:00	-2.31655	-0.0779617	0.223555	0	-0.00605247	-0.0125937	0.048021	0	0.729237	0	0	0	0	0	0.940057	-0.0117249	0.0171249	0	0	0.0401345	0.0219892	0	0	0.124259	-0.0185755	-0.299079
2017-12-15 00:00:00	-4.22278	0.0481119	0.220618	0	0.311564	-0.0212769	0.0847135	0	1.05951	0	0	0	0	0	1.78224	-0.0117332	0.0171351	0	0	0.0436435	0.0225452	0	0	0.124033	-0.0217299	-0.563408
2017-12-16 00:00:00	-0.0854547	-0.111356	0.185062	0	-0.430528	-0.00891339	0.0303538	0	0.553595	0	0	0	0	0	-0.312788	-0.0117377	0.017127	0	0	0.0439995	0.0226456	0	0	0.125824	-0.0190918	-0.0012625
2017-12-17 00:00:00	-5.05897	0.0793379	0.239923	0	0.457245	-0.0336957	0.143143	0	1.09913	0	0	0	0	0	2.22028	-0.0117558	0.0171795	0	0	0.0539636	0.027086	0	0	0.126669	-0.018055	-0.658513
2017-12-18 00:00:00	-0.25998	-0.0263586	0.216823	0	-0.396016	-0.013177	0.0516911	0	0.573366	0	0	0	0	0	-0.346279	-0.0117588	0.0171961	0	0	0.060683	0.0300389	0	0	0.127346	-0.0174881	0.00608766
2017-12-19 00:00:00	-0.114545	-0.186866	0.303393	0	-0.23813	-0.00419952	0.0171855	0	0.209854	0	0	0	0	0	-0.069647	-0.0117458	0.0171706	0	0	0.0518885	0.0270525	0	0	0.128681	-0.0142564	0.115835
2017-12-20 00:00:00	-0.957382	0.154569	0.315326	0	0.104776	-0.0100731	0.0405288	0	0.261231	0	0	0	0	0	-0.000580698	-0.011745	0.0171586	0	0	0.0491734	0.0261888	0	0	0.128529	-0.0141076	0.103592
2017-12-21 00:00:00	0	-0.233081	0.241332	0	-0.082465	-0.00603719	0.0225436	0	0.176797	0	0	0	0	0	-0.115066	-0.0117375	0.0171397	0	0	0.0440449	0.0244609	0	0	0.128415	-0.0143533	0.191994
2017-12-22 00:00:00	-0.2	-0.0398615	0.242952	0	-0.0707597	-0.00384965	0.0152786	0	0.120897	0	0	0	0	0	-0.059814	-0.0117288	0.0171106	0	0	0.0391398	0.022795	0	0	0.128679	-0.0128082	0.188031
2017-12-23 00:00:00	-3.72763	0.234704	0.341979	0	0.480877	-0.0152593	0.0661999	0	0.492039	0	0	0	0	0	1.57602	-0.0117308	0.0171149	0	0	0.0402692	0.0230586	0	0	0.127684	-0.0160868	-0.370761
2017-12-24 00:00:00	-1.43562	-0.0131515	0.285156	0	-0.0421451	-0.0111354	0.0431175	0	0.520354	0	0	0	0	0	0.414397	-0.0117301	0.0171077	0	0	0.0418697	0.0233528	0	0	0.126933	-0.0194214	-0.0609182
2017-12-25 00:00:00	-21.5513	-0.0180421	0.267648	0	1.40328	-0.106038	0.419385	0	5.11832	0	0	0	0	0	10.4783	-0.0117552	0.017192	0	0	0.0684269	0.030808	0	0	0.119282	-0.0421735	-3.80668
2017-12-26 00:00:00	-2.24084	-0.0152032	0.200061	0	-0.913302	-0.0438395	0.14753	0	2.38136	0	0	0	0	0	-0.23761	-0.0118219	0.0172786	0	0	0.0927695	0.0377968	0	0	0.125756	-0.0345135	-0.494578
2017-12-27 00:00:00	0	-0.131208	0.133852	0	-0.244457	-0.0194604	0.0628158	0	0.903871	0	0	0	0	0	-0.851259	-0.0118251	0.0172806	0	0	0.0849899	0.0356708	0	0	0.131625	-0.0246207	0.0872744
2017-12-28 00:00:00	-0.0854547	-0.0661284	0.154755	0	-0.152032	-0.012373	0.0416871	0	0.497299	0	0	0	0	0	-0.474685	-0.0118218	0.0172632	0	0	0.0735413	0.0321507	0	0	0.13396	-0.0200398	0.128121
2017-12-29 00:00:00	-2.48934	0.151976	0.179811	0	0.131891	-0.0209298	0.0844743	0	0.738562	0	0	0	0	0	0.752792	-0.0118265	0.0172789	0	0	0.0719962	0.0322349	0	0	0.134263	-0.0195672	-0.246382
2017-12-30 00:00:00	-14.8777	-0.014975	0.242859	0	1.1426	-0.0907577	0.355923	0	3.92595	0	0	0	0	0	6.86698	-0.0118924	0.0173931	0	0	0.0984676	0.0409958	0	0	0.128338	-0.0365874	-2.21236
2017-12-31 00:00:00	-6.84406	-0.0162976	0.284501	0	-0.356067	-0.07235	0.261139	0	3.29102	0	0	0	0	0	2.13717	-0.0119577	0.0175157	0	0	0.129659	0.0510154	0	0	0.130751	-0.0355729	-1.03353
2018-01-01 00:00:00	-2.56933	-0.0137003	0.278932	0	-0.180125	-0.0407049	0.141149	0	1.80261	0	0	0	0	0	0.130139	-0.0119886	0.0175378	0	0	0.127068	0.0502618	0	0	0.134854	-0.0314607	-0.164754
2018-01-02 00:00:00	-5.60392	-0.0192046	0.266153	0	-0.0114435	-0.0542182	0.203109	0	2.17979	0	0	0	0	0	1.88682	-0.012023	0.0175972	0	0	0.128418	0.0513236	0	0	0.136344	-0.0311765	-0.86243
2018-01-03 00:00:00	-13.0183	-0.0157271	0.284418	0	0.603809	-0.100351	0.39459	0	4.38156	0	0	0	0	0	5.23302	-0.0120615	0.0177297	0	0	0.161176	0.0619387	0	0	0.134751	-0.037912	-1.91137
2018-01-04 00:00:00	-7.62024	-0.00752386	0.267978	0	0.0945752	-0.0860836	0.353207	0	3.97116	0	0	0	0	0	2.26753	-0.012096	0.0178383	0	0	0.187527	0.0698894	0	0	0.137886	-0.0371542	-0.395505
2018-01-05 00:00:00	-4.04647	-0.0185897	0.190066	0	-0.495203	-0.0539451	0.210577	0	2.57186	0	0	0	0	0	0.603046	-0.0120959	0.0178803	0	0	0.184359	0.0685947	0	0	0.142256	-0.0328618	-0.670525
2018-01-06 00:00:00	-4.37655	-0.0177853	0.244641	0	-0.0528687	-0.0502067	0.204234	0	2.19531	0	0	0	0	0	0.918651	-0.0121241	0.0179195	0	0	0.178842	0.0668204	0	0	0.144879	-0.0296371	-0.567879
2018-01-07 00:00:00	-1.88072	-0.0115078	0.169553	0	-0.180594	-0.035793	0.144804	0	1.56823	0	0	0	0	0	-0.0724437	-0.0121393	0.0179324	0	0	0.166133	0.062744	0	0	0.146844	-0.0271411	0.0558983
2018-01-08 00:00:00	-0.40094	-0.0197376	0.216596	0	-0.165624	-0.0204412	0.0723677	0	0.847832	0	0	0	0	0	-0.61455	-0.0121434	0.0179266	0	0	0.146174	0.0562595	0	0	0.148638	-0.0241667	0.24819
2018-01-09 00:00:00	0	-0.225344	0.234734	0	-0.17797	-0.00933515	0.0325152	0	0.370023	0	0	0	0	0	-0.492556	-0.0121444	0.0179015	0	0	0.119191	0.0474515	0	0	0.150463	-0.0198488	0.0350808
2018-01-10 00:00:00	-0.286395	-0.117407	0.278073	0	-0.215186	-0.0116347	0.0437306	0	0.389091	0	0	0	0	0	-0.202782	-0.0121503	0.0178983	0	0	0.108281	0.0440804	0	0	0.150971	-0.0179373	0.168634
2018-01-11 00:00:00	-0.0845553	-0.170402	0.269087	0	-0.150979	-0.00868135	0.033234	0	0.284166	0	0	0	0	0	-0.205742	-0.0121526	0.0178852	0	0	0.0944764	0.0396667	0	0	0.151089	-0.0169748	0.240117
2018-01-12 00:00:00	0	-0.279012	0.30266	0	-0.108491	-0.00620251	0.0249112	0	0.19444	0	0	0	0	0	-0.157876	-0.0121536	0.0178702	0	0	0.0823669	0.0358264	0	0	0.151347	-0.0154322	0.230255
2018-01-13 00:00:00	0	-0.260975	0.283131	0	-0.127219	-0.00462777	0.0187879	0	0.144425	0	0	0	0	0	-0.065355	-0.0121526	0.0178523	0	0	0.0711111	0.0323038	0	0	0.151377	-0.0143594	0.234299
2018-01-14 00:00:00	-1.67036	0.840552	0.289439	0	0.0940498	-0.0066821	0.0252771	0	0.165141	0	0	0	0	0	0.218957	-0.0121534	0.0178389	0	0	0.0631722	0.0298931	0	0	0.150962	-0.0144821	0.191601
2018-01-15 00:00:00	-5.15402	0.111933	0.334643	0	0.803107	-0.0247258	0.107685	0	0.9146	0	0	0	0	0	1.99085	-0.0121646	0.0178602	0	0	0.0642287	0.0299367	0	0	0.148633	-0.0220479	-0.689487
2018-01-16 00:00:00	-0.804988	-0.0189871	0.256386	0	-0.378121	-0.0147098	0.0523995	0	0.733515	0	0	0	0	0	0.0253519	-0.0121718	0.017865	0	0	0.064907	0.0299331	0	0	0.148738	-0.0231804	0.076938
2018-01-17 00:00:00	-1.0828	-0.0235343	0.275848	0	0.0207795	-0.0125151	0.0426323	0	0.443829	0	0	0	0	0	0.186866	-0.0121754	0.0178583	0	0	0.0599852	0.0284593	0	0	0.150176	-0.0192838	0.0761286
2018-01-18 00:00:00	-2.74548	-0.00146656	0.260231	0	0.22487	-0.019867	0.0756797	0	0.80367	0	0	0	0	0	0.967312	-0.0121848	0.017865	0	0	0.0607297	0.0286081	0	0	0.149992	-0.0194416	-0.209478
2018-01-19 00:00:00	-0.917734	-0.0136773	0.271815	0	-0.157754	-0.01252	0.0434638	0	0.566285	0	0	0	0	0	0.0801415	-0.0121918	0.0178604	0	0	0.0594882	0.0281637	0	0	0.150128	-0.0194336	0.0840347
2018-01-20 00:00:00	-0.0845553	-0.145951	0.232943	0	-0.283734	-0.00734715	0.0252738	0	0.297786	0	0	0	0	0	-0.109293	-0.0121912	0.0178463	0	0	0.0536346	0.0264647	0	0	0.151077	-0.0168724	0.145081
2018-01-21 00:00:00	-8.42175	0.119544	0.452007	0	1.12794	-0.0508056	0.215732	0	1.89718	0	0	0	0	0	3.45072	-0.0122171	0.0179205	0	0	0.0723418	0.032804	0	0	0.148983	-0.0214002	-0.971006
2018-01-22 00:00:00	-22.7678	-0.014114	0.254474	0	0.876765	-0.175387	0.719713	0	7.84688	0	0	0	0	0	9.56869	-0.0122779	0.0181354	0	0	0.142964	0.0557177	0	0	0.140156	-0.0433903	-3.3895
2018-01-23 00:00:00	-5.7513	-0.00758944	0.170737	0	-0.3869	-0.0896877	0.347618	0	4.33337	0	0	0	0	0	0.941809	-0.0123394	0.0182799	0	0	0.190858	0.0703917	0	0	0.144775	-0.041316	-0.0712957
2018-01-24 00:00:00	-11.3811	-0.0123566	0.333592	0	0.465876	-0.116512	0.470121	0	4.84763	0	0	0	0	0	3.72866	-0.0124512	0.0184154	0	0	0.206903	0.0754628	0	0	0.145449	-0.0432501	-1.27354
2018-01-25 00:00:00	-0.37095	-0.16427	0.376014	0	-1.16722	-0.0455277	0.155659	0	2.23869	0	0	0	0	0	-1.3677	-0.0125166	0.018457	0	0	0.19865	0.0724907	0	0	0.151108	-0.0344219	0.0484665
2018-01-26 00:00:00	-0.20094	-0.252964	0.347615	0	0.209677	-0.0129267	0.0411054	0	0.648847	0	0	0	0	0	-0.762806	-0.0125364	0.0184553	0	0	0.157441	0.0592483	0	0	0.156062	-0.0247805	0.371498
2018-01-27 00:00:00	-2.40477	0.381292	0.462923	0	-0.317697	-0.0378969	0.132015	0	1.20456	0	0	0	0	0	0.00970218	-0.0125432	0.0184695	0	0	0.148089	0.0565894	0	0	0.155306	-0.0267824	-0.230743
2018-01-28 00:00:00	-9.71214	-0.010479	0.51345	0	0.841918	-0.0865299	0.351591	0	3.21288	0	0	0	0	0	3.46743	-0.01259	0.0185577	0	0	0.161081	0.0614716	0	0	0.152361	-0.0346533	-1.07566
2018-01-29 00:00:00	-4.84127	-0.0164138	0.440224	0	-0.406622	-0.0595079	0.230733	0	2.81762	0	0	0	0	0	1.0533	-0.0126311	0.0186069	0	0	0.170431	0.063772	0	0	0.152685	-0.0356144	-0.424689
2018-01-30 00:00:00	-3.18536	-0.0101864	0.398719	0	-0.1505	-0.0430994	0.162408	0	1.98311	0	0	0	0	0	0.419295	-0.0126752	0.0186355	0	0	0.159358	0.0596875	0	0	0.155098	-0.0323053	-0.0778115
2018-01-31 00:00:00	-8.10935	-0.00866567	0.390748	0	0.562441	-0.0721132	0.287827	0	3.28201	0	0	0	0	0	2.62751	-0.0127312	0.0186836	0	0	0.161165	0.0593475	0	0	0.153812	-0.0364505	-0.695767
2018-02-01 00:00:00	-2.22933	-0.0139159	0.42145	0	-0.627672	-0.0387403	0.141828	0	2.08028	0	0	0	0	0	-0.111538	-0.0127641	0.0187065	0	0	0.15619	0.0570252	0	0	0.157006	-0.031669	-0.0331385
2018-02-02 00:00:00	-0.173862	-0.229862	0.414158	0	-0.279642	-0.0179839	0.0653263	0	0.853733	0	0	0	0	0	-0.692241	-0.0127623	0.018706	0	0	0.137581	0.0513111	0	0	0.161103	-0.0240157	0.271549
2018-02-03 00:00:00	-4.48452	0.215855	0.302218	0	0.510977	-0.0351741	0.146778	0	1.53551	0	0	0	0	0	1.1776	-0.0127643	0.0187258	0	0	0.12629	0.0476879	0	0	0.160124	-0.0277054	-0.318392
2018-02-04 00:00:00	-0.776111	-0.0149496	0.403848	0	-0.45909	-0.0163183	0.0583909	0	0.888198	0	0	0	0	0	-0.373937	-0.0127668	0.0187286	0	0	0.114919	0.0440928	0	0	0.161312	-0.0255429	0.0107728
2018-02-05 00:00:00	-0.0893068	-0.284162	0.379092	0	-0.291363	-0.00908936	0.0332534	0	0.416458	0	0	0	0	0	-0.355118	-0.0127644	0.0187165	0	0	0.0972884	0.0390334	0	0	0.163805	-0.0200002	0.0858429
2018-02-06 00:00:00	-1.87642	0.263805	0.357638	0	0.134296	-0.0155855	0.0635061	0	0.556164	0	0	0	0	0	0.339357	-0.0127673	0.0187195	0	0	0.0890793	0.0367219	0	0	0.163497	-0.0209952	0.097011
2018-02-07 00:00:00	-0.458417	-0.0348324	0.326482	0	-0.245781	-0.00957627	0.0345475	0	0.417636	0	0	0	0	0	-0.145505	-0.012768	0.0187114	0	0	0.0783774	0.0336396	0	0	0.16368	-0.0205314	0.145662
2018-02-08 00:00:00	-1.06157	0.00951429	0.524695	0	-0.0549386	-0.00858824	0.031496	0	0.302417	0	0	0	0	0	0.0837074	-0.0127665	0.0187026	0	0	0.0691656	0.0310447	0	0	0.164604	-0.0179286	0.0795598
2018-02-09 00:00:00	-1.14522	-0.00706422	0.464451	0	-0.0169373	-0.00949982	0.0365317	0	0.350011	0	0	0	0	0	0.185652	-0.0127673	0.0186992	0	0	0.0634732	0.0294043	0	0	0.164512	-0.0175983	0.103646
2018-02-10 00:00:00	-6.17087	-0.0124241	0.510387	0	0.849518	-0.0340939	0.160667	0	1.61032	0	0	0	0	0	2.18542	-0.0127798	0.0187293	0	0	0.0689858	0.0307861	0	0	0.161416	-0.0253773	-0.659324
2018-02-11 00:00:00	-3.68407	-0.0123984	0.454152	0	0.0544471	-0.0303719	0.132457	0	1.61665	0	0	0	0	0	0.992746	-0.0127935	0.018758	0	0	0.0771198	0.0327243	0	0	0.160136	-0.0296081	-0.230047
2018-02-12 00:00:00	-2.64778	-0.0130596	0.474991	0	-0.0766997	-0.0246359	0.103232	0	1.26503	0	0	0	0	0	0.551937	-0.0127978	0.0187734	0	0	0.0753303	0.0320258	0	0	0.161389	-0.0278823	-0.120146
2018-02-13 00:00:00	-5.38421	-0.0129177	0.493664	0	0.101702	-0.0433288	0.17958	0	2.22802	0	0	0	0	0	1.7165	-0.0128039	0.0188107	0	0	0.082526	0.0338898	0	0	0.160902	-0.0297328	-0.467395
2018-02-14 00:00:00	-0.372963	-0.166196	0.517685	0	-0.400357	-0.0140487	0.0532215	0	0.851756	0	0	0	0	0	-0.469158	-0.0128009	0.0188169	0	0	0.0804764	0.033135	0	0	0.164467	-0.0236425	0.260391
2018-02-15 00:00:00	-2.62726	0.143157	0.53957	0	0.0696005	-0.0198095	0.0852459	0	0.891991	0	0	0	0	0	0.517821	-0.0128023	0.0188249	0	0	0.0749246	0.0316109	0	0	0.165368	-0.0232521	-0.145005
2018-02-16 00:00:00	-0.408799	-0.326384	0.608155	0	-0.324063	-0.0114789	0.0427379	0	0.558621	0	0	0	0	0	-0.223144	-0.0128027	0.0188201	0	0	0.0676503	0.0297108	0	0	0.165804	-0.0224424	0.162384
2018-02-17 00:00:00	-0.925593	0.0336874	0.596307	0	-0.13494	-0.00926567	0.0358471	0	0.3638	0	0	0	0	0	-0.0498646	-0.0127988	0.0188154	0	0	0.0597517	0.0276943	0	0	0.167068	-0.0195965	0.150912
2018-02-18 00:00:00	-3.16548	0.268572	0.542843	0	0.43065	-0.0167929	0.0775696	0	0.692606	0	0	0	0	0	0.825592	-0.0127981	0.0188178	0	0	0.0557675	0.0264488	0	0	0.165699	-0.0229266	-0.113429
2018-02-19 00:00:00	-4.05138	-0.0116982	0.75576	0	0.250479	-0.0267883	0.119685	0	1.33499	0	0	0	0	0	1.15246	-0.0127994	0.0188383	0	0	0.0595185	0.0273671	0	0	0.163777	-0.0273135	-0.247105
2018-02-20 00:00:00	-0.259317	-0.374512	0.651459	0	-0.641808	-0.0117619	0.0444427	0	0.696073	0	0	0	0	0	-0.272256	-0.0128011	0.0188358	0	0	0.0574992	0.0268247	0	0	0.16594	-0.0229096	0.0657085
2018-02-21 00:00:00	-0.0893068	-0.451457	0.584648	0	-0.190344	-0.00666634	0.0255476	0	0.253296	0	0	0	0	0	-0.185289	-0.0128009	0.0188279	0	0	0.051387	0.0253163	0	0	0.16817	-0.0176508	0.173678
2018-02-22 00:00:00	-0.259317	-0.161246	0.554924	0	-0.244955	-0.00361228	0.0131565	0	0.158178	0	0	0	0	0	-0.16561	-0.0127973	0.0188121	0	0	0.0443326	0.0236409	0	0	0.168668	-0.015777	0.118398
2018-02-23 00:00:00	-0.0893068	-0.12153	0.56238	0	-0.267866	-0.00379506	0.01162	0	0.0979231	0	0	0	0	0	-0.0747134	-0.0127974	0.0188088	0	0	0.040136	0.0228343	0	0	0.168246	-0.0143019	0.337639
2018-02-24 00:00:00	-0.0893068	-0.131923	0.588897	0	-0.261075	-0.00299065	0.00859657	0	0.0725113	0	0	0	0	0	-0.042085	-0.012793	0.0187955	0	0	0.0350328	0.0217984	0	0	0.16763	-0.0136378	0.359451
2018-02-25 00:00:00	-0.260216	-0.0333743	0.618205	0	-0.192313	-0.00213529	0.00508657	0	0.0551982	0	0	0	0	0	-0.0647449	-0.01279	0.0187798	0	0	0.0312064	0.020871	0	0	0.16667	-0.0131392	0.337303
2018-02-26 00:00:00	-0.173862	-0.0875908	0.546799	0	-0.0965407	-0.00256995	0.00812435	0	0.0493126	0	0	0	0	0	-0.0217311	-0.0127848	0.0187658	0	0	0.0282162	0.0198978	0	0	0.165288	-0.0126432	0.428681
2018-02-27 00:00:00	-1.37926	0.699438	0.525897	0	0.0630963	-0.00345848	0.0114237	0	0.0707189	0	0	0	0	0	0.15498	-0.0127788	0.0187514	0	0	0.0263354	0.0193008	0	0	0.164306	-0.0127003	0.346052
2018-02-28 00:00:00	-0.0893068	-0.311078	0.417881	0	-0.0822295	-0.0032844	0.0111627	0	0.0840661	0	0	0	0	0	0.100575	-0.0127746	0.0187415	0	0	0.0253374	0.0189881	0	0	0.163517	-0.0129173	0.328677
2018-03-01 00:00:00	0	-0.340536	0.467304	0	-0.026706	-0.00236289	0.00905137	0	0.0506394	0	0	0	0	0	0.0247481	-0.0127686	0.018729	0	0	0.0242034	0.0184947	0	0	0.162443	-0.0121463	0.381093
2018-03-02 00:00:00	0	-0.224355	0.496355	0	-0.126035	-0.00233614	0.00743973	0	0.0616204	0	0	0	0	0	0.0155203	-0.0127637	0.0187179	0	0	0.0229461	0.0179486	0	0	0.161154	-0.0120361	0.424176
2018-03-03 00:00:00	0	-0.0928309	0.330609	0	-0.0817118	-0.00242952	0.00860585	0	0.0453729	0	0	0	0	0	0.0716428	-0.0127572	0.0187044	0	0	0.021658	0.0174653	0	0	0.16013	-0.0116459	0.472812
2018-03-04 00:00:00	-0.114545	-0.120848	0.658647	0	-0.172746	-0.00183186	0.00571709	0	0.0392272	0	0	0	0	0	-0.0108354	-0.0127519	0.0186939	0	0	0.020744	0.0170929	0	0	0.158866	-0.0114485	0.473981
2018-03-05 00:00:00	-6.21063	1.56667	0.707259	0	0.956321	-0.014697	0.0637125	0	0.291745	0	0	0	0	0	1.59636	-0.0127578	0.0187145	0	0	0.0261316	0.0184443	0	0	0.157734	-0.0128757	-0.847867
2018-03-06 00:00:00	-16.7189	-0.000549067	0.760453	0	1.44911	-0.113229	0.444956	0	4.36237	0	0	0	0	0	6.43634	-0.0128216	0.0189297	0	0	0.0877982	0.0386041	0	0	0.155768	-0.0179634	-3.10914
2018-03-07 00:00:00	-7.20205	0.0760803	0.741889	0	0.0439573	-0.0737943	0.304051	0	3.36644	0	0	0	0	0	1.57333	-0.0128704	0.0191412	0	0	0.14917	0.0576021	0	0	0.156741	-0.0257515	-0.826062
2018-03-08 00:00:00	-1.8532	-0.0421014	0.756804	0	-0.233111	-0.0304189	0.124743	0	1.41037	0	0	0	0	0	-0.419737	-0.012883	0.0191888	0	0	0.141332	0.055093	0	0	0.158223	-0.0285091	0.0457939
2018-03-09 00:00:00	-5.32728	-0.316606	0.802898	0	0.28183	-0.0544294	0.240599	0	2.31333	0	0	0	0	0	1.48145	-0.0128904	0.0191901	0	0	0.122537	0.0491882	0	0	0.155439	-0.0385362	-0.283285
2018-03-10 00:00:00	-8.16612	0.0405014	0.8661	0	0.161696	-0.0809174	0.298185	0	3.20125	0	0	0	0	0	2.50438	-0.0129133	0.0192908	0	0	0.1366	0.0537227	0	0	0.15949	-0.0322461	-0.85099
2018-03-11 00:00:00	-0.0446534	-0.694555	0.926408	0	-0.84383	-0.0225338	0.0861528	0	1.22377	0	0	0	0	0	-0.911067	-0.0129316	0.0193564	0	0	0.144756	0.0560439	0	0	0.165771	-0.0222756	0.0704113
2018-03-12 00:00:00	-0.130108	-0.251921	0.836832	0	-0.27944	-0.0124723	0.0462562	0	0.427453	0	0	0	0	0	-0.613596	-0.0129325	0.019351	0	0	0.122479	0.0492805	0	0	0.168122	-0.0180745	0.35123
2018-03-13 00:00:00	-0.848269	0.0887004	0.865771	0	-0.200032	-0.0099417	0.0363948	0	0.323812	0	0	0	0	0	-0.304233	-0.0129341	0.0193414	0	0	0.104124	0.0438164	0	0	0.168615	-0.0171252	0.258039
2018-03-14 00:00:00	-0.0446534	-0.336292	0.908626	0	-0.358806	-0.00645194	0.0244914	0	0.210256	0	0	0	0	0	-0.328931	-0.0129309	0.0193354	0	0	0.0898507	0.0394934	0	0	0.168789	-0.0156821	0.357095
2018-03-15 00:00:00	-8.43841	1.43754	0.978729	0	1.13684	-0.0411001	0.173177	0	1.32547	0	0	0	0	0	2.37433	-0.0129457	0.0193913	0	0	0.0969083	0.0410004	0	0	0.167474	-0.018007	-0.759601
2018-03-16 00:00:00	-5.26206	0.0186009	0.880516	0	0.17322	-0.0490687	0.209891	0	2.0097	0	0	0	0	0	1.35207	-0.0129677	0.0194676	0	0	0.11977	0.0482229	0	0	0.165678	-0.0240078	-0.350977
2018-03-17 00:00:00	-0.329209	-0.42923	0.786033	0	-0.484	-0.0152205	0.0630574	0	0.734769	0	0	0	0	0	-0.473811	-0.0129705	0.0194807	0	0	0.114589	0.046584	0	0	0.16769	-0.0209272	0.166835
2018-03-18 00:00:00	-1.59732	0.267093	0.758047	0	-0.192341	-0.0130012	0.0554742	0	0.491407	0	0	0	0	0	0.0195387	-0.0129728	0.0194873	0	0	0.102976	0.043015	0	0	0.168888	-0.0175424	0.0927487
2018-03-19 00:00:00	-2.16895	-0.266218	0.871791	0	0.00902935	-0.0226535	0.0966291	0	0.693767	0	0	0	0	0	0.47884	-0.0129812	0.0195166	0	0	0.100844	0.0426853	0	0	0.16885	-0.0159901	-0.00483692
2018-03-20 00:00:00	-0.0446534	-0.64835	0.92954	0	-0.375691	-0.00886216	0.0386184	0	0.340155	0	0	0	0	0	-0.230118	-0.0129838	0.0195226	0	0	0.0920233	0.0400985	0	0	0.168931	-0.0147829	0.293447
2018-03-21 00:00:00	-0.329209	-0.239285	1.02936	0	-0.351849	-0.00429254	0.0190404	0	0.152665	0	0	0	0	0	-0.20101	-0.01298	0.0195196	0	0	0.0781498	0.0360171	0	0	0.168804	-0.0137588	0.351175
2018-03-22 00:00:00	-0.0446534	-0.238805	1.03113	0	-0.464253	-0.00304528	0.0110066	0	0.0898122	0	0	0	0	0	-0.266076	-0.0129766	0.0195144	0	0	0.0671878	0.0332166	0	0	0.168235	-0.013174	0.377123
2018-03-23 00:00:00	-3.15422	1.09193	1.23427	0	0.341649	-0.00466348	0.0167853	0	0.0816494	0	0	0	0	0	0.358674	-0.0129731	0.0195054	0	0	0.0570709	0.030288	0	0	0.167469	-0.0129599	0.214484
2018-03-24 00:00:00	-0.0446534	-0.935758	1.07075	0	-0.135366	-0.00470662	0.0201382	0	0.147435	0	0	0	0	0	-0.0146624	-0.0129718	0.0195047	0	0	0.0525818	0.0286055	0	0	0.166494	-0.0136459	0.343745
2018-03-25 00:00:00	-0.244653	-0.206808	1.09399	0	-0.320268	-0.00164081	0.00563938	0	0.0471013	0	0	0	0	0	-0.138919	-0.0129655	0.0194946	0	0	0.0452277	0.0259954	0	0	0.165903	-0.0126021	0.465499
2018-03-26 00:00:00	-0.159199	-0.183206	1.03012	0	-0.258215	-0.00186736	0.00614641	0	0.0361703	0	0	0	0	0	-0.139216	-0.0129597	0.0194822	0	0	0.0388337	0.0237805	0	0	0.16474	-0.0120249	0.552583
2018-03-27 00:00:00	-11.4867	1.57809	1.26024	0	1.83752	-0.0422324	0.180309	0	1.31564	0	0	0	0	0	3.54509	-0.0129835	0.0195616	0	0	0.0602128	0.029123	0	0	0.163126	-0.0136516	-1.56665
2018-03-28 00:00:00	-0.130108	-0.876971	1.0927	0	-0.670376	-0.0157874	0.0724658	0	0.935241	0	0	0	0	0	-0.475424	-0.0129998	0.0196112	0	0	0.0818891	0.0356587	0	0	0.163019	-0.0159396	0.202981
2018-03-29 00:00:00	-0.130108	-0.283666	1.021	0	-0.347587	-0.00386276	0.0169537	0	0.153307	0	0	0	0	0	-0.34185	-0.0129952	0.0195975	0	0	0.0697071	0.0325173	0	0	0.163891	-0.0136158	0.343288
2018-03-30 00:00:00	-4.06604	1.23854	1.17002	0	0.519305	-0.0100357	0.0505243	0	0.297564	0	0	0	0	0	0.547916	-0.0129945	0.0195899	0	0	0.0610726	0.0301498	0	0	0.16295	-0.0152147	-0.00665404
2018-03-31 00:00:00	-5.63068	0.094113	1.06769	0	0.684034	-0.0278726	0.130361	0	1.25779	0	0	0	0	0	1.65736	-0.0130109	0.0196172	0	0	0.0666671	0.0304773	0	0	0.160274	-0.0216371	-0.524811
2018-04-01 00:00:00	-4.24445	-0.0251888	1.10388	0	-0.030274	-0.0314479	0.141385	0	1.37354	0	0	0	0	0	0.991382	-0.0130247	0.0196648	0	0	0.0788988	0.0341713	0	0	0.160267	-0.0239038	-0.46511
2018-04-02 00:00:00	-7.45476	0.0119965	0.954496	0	0.478429	-0.0647148	0.246593	0	2.46129	0	0	0	0	0	2.36481	-0.0130554	0.0197335	0	0	0.0963485	0.0398383	0	0	0.159315	-0.0294908	-0.729177
2018-04-03 00:00:00	-15.9456	0.00530521	1.02503	0	0.854199	-0.140557	0.592882	0	6.03193	0	0	0	0	0	5.61685	-0.01311	0.0198876	0	0	0.145037	0.0545352	0	0	0.153842	-0.0443371	-1.64408
2018-04-04 00:00:00	-10.8947	-0.00790945	1.11382	0	-0.273797	-0.119764	0.484976	0	5.54312	0	0	0	0	0	2.84698	-0.0131624	0.0200661	0	0	0.194932	0.0686587	0	0	0.157319	-0.0460507	-0.925488
2018-04-05 00:00:00	-12.0481	0.00704911	1.08445	0	0.26891	-0.135806	0.52093	0	5.9216	0	0	0	0	0	3.22581	-0.0132342	0.0202603	0	0	0.232821	0.0784642	0	0	0.160895	-0.0466119	-0.722593
2018-04-06 00:00:00	-0.210811	-0.783497	1.06293	0	-0.794028	-0.0413154	0.142257	0	2.08132	0	0	0	0	0	-1.46621	-0.0132853	0.0203349	0	0	0.22291	0.0755099	0	0	0.170803	-0.0346343	0.432278
2018-04-07 00:00:00	-1.48231	0.406954	1.06247	0	-0.547759	-0.0254276	0.0920479	0	1.0397	0	0	0	0	0	-0.801758	-0.0132954	0.020325	0	0	0.187063	0.0652752	0	0	0.176238	-0.0266322	0.152889
2018-04-08 00:00:00	-0.288407	-0.670236	1.06011	0	-0.243913	-0.0166478	0.060932	0	0.630912	0	0	0	0	0	-0.619382	-0.0132944	0.0203249	0	0	0.160812	0.0578978	0	0	0.177703	-0.0235029	0.293309
2018-04-09 00:00:00	-0.17001	-0.241135	1.01889	0	-0.379179	-0.00856734	0.0278426	0	0.31353	0	0	0	0	0	-0.518092	-0.0132891	0.0203176	0	0	0.133605	0.0505744	0	0	0.179036	-0.0198012	0.393726
2018-04-10 00:00:00	-1.71038	0.401796	1.03745	0	0.0325645	-0.00901897	0.0399626	0	0.277836	0	0	0	0	0	-0.126912	-0.0132895	0.020309	0	0	0.112362	0.0449115	0	0	0.179198	-0.0187462	0.268045
2018-04-11 00:00:00	-0.210811	-0.439025	0.990223	0	-0.328379	-0.00508509	0.0248223	0	0.224365	0	0	0	0	0	-0.211768	-0.0132864	0.0203015	0	0	0.0945489	0.0400272	0	0	0.178872	-0.0185285	0.346276
2018-04-12 00:00:00	-3.66139	1.15249	1.01333	0	0.388138	-0.0121552	0.0557601	0	0.351149	0	0	0	0	0	0.512011	-0.013288	0.0203041	0	0	0.084928	0.0367426	0	0	0.178475	-0.0181642	0.088328
2018-04-13 00:00:00	-2.94229	0.164916	1.00314	0	0.152875	-0.0140257	0.0784391	0	0.616071	0	0	0	0	0	0.554223	-0.0132973	0.0203259	0	0	0.0840761	0.0355883	0	0	0.177135	-0.020726	-0.103548
2018-04-14 00:00:00	0	-1.29573	2.37691	0	-0.899927	-0.00553232	0.0275247	0	0.318369	0	0	0	0	0	-0.373113	-0.0132976	0.0203269	0	0	0.076221	0.0338336	0	0	0.177915	-0.0180793	0.425411
2018-04-15 00:00:00	-4.75327	1.16659	1.46838	0	0.68626	-0.0124907	0.0511009	0	0.275932	0	0	0	0	0	0.776978	-0.0133028	0.0203526	0	0	0.0706339	0.0321725	0	0	0.178574	-0.0149741	-0.0670621
2018-04-16 00:00:00	-0.0408013	-1.05633	1.61939	0	-0.538845	-0.00665643	0.0282479	0	0.321042	0	0	0	0	0	-0.254432	-0.0133042	0.020357	0	0	0.06861	0.0318748	0	0	0.177637	-0.015745	0.341052
2018-04-17 00:00:00	-0.969151	-0.23667	1.85844	0	-0.346379	-0.00192434	0.00664641	0	0.0607408	0	0	0	0	0	-0.190203	-0.0132962	0.0203384	0	0	0.0544634	0.0287066	0	0	0.177709	-0.0137467	0.435678
2018-04-18 00:00:00	0	-0.418128	2.03235	0	-0.808524	-0.00193423	0.00537531	0	0.0361258	0	0	0	0	0	-0.321911	-0.0132928	0.0203331	0	0	0.047015	0.0265443	0	0	0.176321	-0.0128887	0.767387
2018-04-19 00:00:00	0	-0.425509	2.51434	0	-0.763407	-0.000629292	0.000414149	0	0.0120773	0	0	0	0	0	-0.567739	-0.0132806	0.0203115	0	0	0.0343099	0.0221902	0	0	0.175231	-0.0124725	0.995832
2018-04-20 00:00:00	0	-0.368724	2.45642	0	-0.408584	-0.000411187	0.000204756	0	0.00752845	0	0	0	0	0	-0.529187	-0.0132649	0.0202795	0	0	0.0241942	0.0184829	0	0	0.174053	-0.0120261	1.36897
2018-04-21 00:00:00	0	-0.153884	2.93073	0	-0.245368	-8.50118E-05	0.000115282	0	0.00503412	0	0	0	0	0	-0.842308	-0.0132547	0.0202454	0	0	0.0181737	0.0158779	0	0	0.172354	-0.0114459	1.89618
2018-04-22 00:00:00	-4.9064	1.09899	2.13396	0	0.328798	-0.000104622	0.00105413	0	0.00294725	0	0	0	0	0	0.6377	-0.0132574	0.0202534	0	0	0.0189004	0.015895	0	0	0.170189	-0.0108244	-0.501897
2018-04-23 00:00:00	-2.28319	0.0584909	1.99311	0	0.29084	-0.000376195	0.00392473	0	0.00523673	0	0	0	0	0	0.210732	-0.0132538	0.0202416	0	0	0.0194462	0.0161054	0	0	0.168458	-0.0107977	0.478967
2018-04-24 00:00:00	-0.251613	-1.0627	1.97069	0	-0.0891137	-0.000481488	0.00141692	0	0.0186899	0	0	0	0	0	-0.0933582	-0.0132437	0.0202213	0	0	0.0192912	0.0162626	0	0	0.167061	-0.010979	0.692145
2018-04-25 00:00:00	-2.13359	0.375906	1.96207	0	0.123885	-0.00071632	0.00344046	0	0.0136844	0	0	0	0	0	0.0807236	-0.0132365	0.0202036	0	0	0.0183658	0.0160746	0	0	0.165115	-0.0109433	0.620983
2018-04-26 00:00:00	-4.77719	0.877939	1.98162	0	0.377957	-0.00267024	0.00991204	0	0.0575123	0	0	0	0	0	0.787737	-0.0132384	0.0202006	0	0	0.01978	0.0163394	0	0	0.163299	-0.0111909	-0.49199
2018-04-27 00:00:00	-1.37996	-0.397963	1.80224	0	0.00596725	-0.0025227	0.00904206	0	0.0626019	0	0	0	0	0	0.0964252	-0.0132367	0.020192	0	0	0.0216505	0.0167153	0	0	0.162543	-0.0115378	0.392154
2018-04-28 00:00:00	-5.84314	0.835979	1.73619	0	0.83655	-0.00804132	0.0309038	0	0.154812	0	0	0	0	0	1.23927	-0.0132426	0.020201	0	0	0.0264169	0.0176411	0	0	0.160801	-0.0123535	-0.818005
2018-04-29 00:00:00	-0.17001	-0.989477	1.68815	0	-0.276578	-0.00476446	0.016353	0	0.175733	0	0	0	0	0	-0.205147	-0.013242	0.0202002	0	0	0.0303952	0.0189086	0	0	0.160307	-0.0134754	0.437349
2018-04-30 00:00:00	0	-0.348453	1.68204	0	-0.406254	-0.000655954	0.00134951	0	0.0275786	0	0	0	0	0	-0.420145	-0.013227	0.0201709	0	0	0.0253571	0.0183042	0	0	0.160472	-0.0117015	0.734835
2018-05-01 00:00:00	0	-0.279987	1.90271	0	-0.608597	-0.000479826	0.000332979	0	0.0127371	0	0	0	0	0	-0.227941	-0.0132158	0.0201469	0	0	0.0206854	0.0166263	0	0	0.159056	-0.0111528	0.990918
2018-05-02 00:00:00	-3.76391	0.906366	2.11394	0	0.545844	-0.000954056	0.00491629	0	0.0113387	0	0	0	0	0	0.223329	-0.0132153	0.0201527	0	0	0.0212297	0.0166052	0	0	0.156884	-0.0107505	0.231776
2018-05-03 00:00:00	-0.148583	-1.00346	2.07015	0	-0.338662	-0.00228294	0.00737972	0	0.0628534	0	0	0	0	0	-0.15189	-0.0132084	0.0201383	0	0	0.0218132	0.0167442	0	0	0.155039	-0.0110277	0.685003
2018-05-04 00:00:00	-0.263128	-0.045252	2.25686	0	-0.305758	-7.66141E-05	0.000781219	0	0.00513222	0	0	0	0	0	-0.650728	-0.0131901	0.0201016	0	0	0.0176521	0.0153251	0	0	0.154142	-0.0104376	1.18142
2018-05-05 00:00:00	0	-0.0245822	2.12705	0	-0.438315	-2.95194E-06	0.00011289	0	0.00176656	0	0	0	0	0	-0.362767	-0.013168	0.0200657	0	0	0.0144775	0.0139568	0	0	0.152254	-0.00998462	1.48087
2018-05-06 00:00:00	-0.0854547	-0.00173781	3.11069	0	-0.206075	0	4.18043E-05	0	0.000300489	0	0	0	0	0	-1.03968	-0.0131283	0.0200457	0	0	0.0110183	0.0121144	0	0	0.150479	-0.00974649	1.94887
2018-05-07 00:00:00	0	0	2.77932	0	-0.0536153	-9.11779E-06	0.000104854	0	6.46864E-05	0	0	0	0	0	-0.768575	-0.0131059	0.0200022	0	0	0.00852982	0.0108243	0	0	0.148331	-0.00952561	2.12235
2018-05-08 00:00:00	-1.89267	0.0561677	2.38353	0	0.103086	-8.48761E-05	0.000311487	0	8.47047E-06	0	0	0	0	0	0.0101219	-0.0130924	0.0199596	0	0	0.00878747	0.0111123	0	0	0.14615	-0.00932676	0.824064
2018-05-09 00:00:00	-1.7285	-0.0561677	2.20779	0	0.0741004	-7.75671E-05	0.000822199	0	2.12929E-06	0	0	0	0	0	-0.0205331	-0.0130892	0.0199179	0	0	0.00945384	0.0114498	0	0	0.144478	-0.00929127	0.640347
2018-05-10 00:00:00	-0.2	0	1.93925	0	0.0391563	-0.000144761	0.00176	0	0	0	0	0	0	0	-0.477893	-0.0130825	0.0199031	0	0	0.00916315	0.011223	0	0	0.141888	-0.00924564	1.46198
2018-05-11 00:00:00	-0.576774	0	2.09214	0	0.00715375	-5.29228E-05	0.000519131	0	0	0	0	0	0	0	-0.384948	-0.0130814	0.0198505	0	0	0.00868084	0.0110365	0	0	0.140859	-0.00917174	1.29621
2018-05-12 00:00:00	-3.56481	0.731024	2.55565	0	0.0786922	-0.000100665	0.00190013	0	2.18411E-06	0	0	0	0	0	0.265013	-0.0130638	0.019845	0	0	0.00920108	0.0113788	0	0	0.138721	-0.00910646	0.224354
2018-05-13 00:00:00	-8.05406	1.01788	2.6045	0	0.393432	-0.000840821	0.00730537	0	0.0224459	0	0	0	0	0	1.68559	-0.0130615	0.0198727	0	0	0.0147261	0.013188	0	0	0.137978	-0.00925922	-2.1603
2018-05-14 00:00:00	0	-1.69934	5.02886	0	-0.504863	-0.000460952	0.00205226	0	0.0280011	0	0	0	0	0	-1.06238	-0.0130517	0.0198707	0	0	0.0174159	0.014712	0	0	0.137739	-0.00951473	1.95904
2018-05-15 00:00:00	-0.114545	-0.0497219	3.01055	0	-0.0542332	-3.09715E-05	0.000188195	0	4.5244E-05	0	0	0	0	0	-0.990008	-0.0129645	0.0198312	0	0	0.0119616	0.0124122	0	0	0.136718	-0.00930056	1.9609
2018-05-16 00:00:00	0	0	2.10105	0	-0.150265	-2.87651E-07	8.67976E-07	0	0	0	0	0	0	0	-0.414073	-0.0129002	0.0198093	0	0	0.00984287	0.0114658	0	0	0.134873	-0.009085	1.69072
2018-05-17 00:00:00	0	0	2.81122	0	-0.0261281	0	3.94441E-05	0	0	0	0	0	0	0	-1.01195	-0.0128753	0.0197875	0	0	0.00774199	0.0102099	0	0	0.133252	-0.00894547	1.92235
2018-05-18 00:00:00	0	0	3.91522	0	-0.0386428	0	3.22201E-05	0	0	0	0	0	0	0	-1.27835	-0.0128508	0.0197429	0	0	0.00547473	0.00866336	0	0	0.131346	-0.00876222	2.74188
2018-05-19 00:00:00	0	0	3.11769	0	-0.00846469	0	7.76429E-05	0	0	0	0	0	0	0	-0.979706	-0.0128273	0.0197023	0	0	0.00416745	0.00773326	0	0	0.129404	-0.00853865	2.26924
2018-05-20 00:00:00	0	0	2.52756	0	-0.000170635	-9.099E-07	0.00010845	0	0	0	0	0	0	0	-0.782694	-0.0128076	0.0196634	0	0	0.00358209	0.00728916	0	0	0.127658	-0.0083902	1.8818
2018-05-21 00:00:00	0	0	3.387	0	-0.0116571	-3.26704E-08	6.34756E-05	0	0	0	0	0	0	0	-1.13612	-0.0127727	0.0196252	0	0	0.00287293	0.00661411	0	0	0.126119	-0.00829243	2.37345
2018-05-22 00:00:00	0	0	2.13431	0	0.00390109	-2.71892E-05	0.00012753	0	0	0	0	0	0	0	-0.660322	-0.0127495	0.0195695	0	0	0.00270676	0.00648158	0	0	0.12445	-0.00817046	1.61028
2018-05-23 00:00:00	0	0	2.19658	0	0.000585846	-2.86445E-05	0.000122419	0	0	0	0	0	0	0	-0.713241	-0.0127417	0.0195334	0	0	0.0026691	0.0064266	0	0	0.122898	-0.00810691	1.61469
2018-05-24 00:00:00	0	0	2.62142	0	-0.0047909	-1.78422E-05	9.92513E-05	0	0	0	0	0	0	0	-0.875702	-0.0127066	0.0194897	0	0	0.00249172	0.0062175	0	0	0.121388	-0.00805143	1.86983
2018-05-25 00:00:00	-0.0854547	0	2.3924	0	-0.00156255	-2.38435E-05	0.000110451	0	0	0	0	0	0	0	-0.770955	-0.0126753	0.0194282	0	0	0.00238393	0.00609446	0	0	0.120039	-0.00799053	1.66179
2018-05-26 00:00:00	0	0	2.23453	0	-0.000709268	-2.677E-05	0.000113412	0	0	0	0	0	0	0	-0.780946	-0.012645	0.0193993	0	0	0.002351	0.00604912	0	0	0.118621	-0.0079355	1.5788
2018-05-27 00:00:00	-0.2	0	2.72103	0	-0.00420225	-1.86247E-05	9.57349E-05	0	0	0	0	0	0	0	-0.903078	-0.0125897	0.0193648	0	0	0.00224593	0.00590824	0	0	0.117344	-0.0078927	1.73821
2018-05-28 00:00:00	-0.0854547	0	3.45715	0	-0.0134892	0	4.40828E-05	0	0	0	0	0	0	0	-1.32494	-0.0125361	0.019323	0	0	0.00188937	0.00543136	0	0	0.116035	-0.00784198	2.15561
2018-05-29 00:00:00	0	0	2.16783	0	0.0021899	-1.97611E-05	0.000109177	0	0	0	0	0	0	0	-0.799108	-0.0125035	0.0192639	0	0	0.00185992	0.00541246	0	0	0.114575	-0.00776122	1.49185
2018-05-30 00:00:00	-0.0854547	0	2.33352	0	-0.00115789	-1.88259E-05	9.8771E-05	0	0	0	0	0	0	0	-0.901738	-0.0124811	0.0192082	0	0	0.00186718	0.00540981	0	0	0.11322	-0.00770809	1.46477
2018-05-31 00:00:00	-0.0854547	0	2.45619	0	-0.00249164	-1.28525E-05	9.08657E-05	0	0	0	0	0	0	0	-0.957902	-0.0124462	0.0191825	0	0	0.00183701	0.00535869	0	0	0.112036	-0.00766903	1.52871
2018-06-01 00:00:00	-21.8501	3.1087	3.25056	0	0.352525	-0.000455067	0.00515183	0	4.41931E-05	0	0	0	0	0	6.4185	-0.0124826	0.0192951	0	0	0.00653737	0.00917136	0	0	0.111263	-0.00784542	-8.58911
2018-06-02 00:00:00	-12.2491	-0.0254469	3.17303	0	0.4661	-0.00026902	0.0338787	0	0.000913196	0	0	0	0	0	3.19549	-0.0125347	0.0194183	0	0	0.017996	0.0171514	0	0	0.11219	-0.00871387	-5.25992
2018-06-03 00:00:00	-3.16738	-0.243443	3.32004	0	-0.0133582	-0.000124553	0.00754765	0	0.000829368	0	0	0	0	0	-0.254548	-0.0125504	0.0194416	0	0	0.0226124	0.0197159	0	0	0.112567	-0.00907976	-0.197731
2018-06-04 00:00:00	0	-1.49487	2.87808	0	-0.209585	-8.94983E-05	0.0018493	0	0.000612888	0	0	0	0	0	-0.547442	-0.0125428	0.0194198	0	0	0.0211374	0.0190004	0	0	0.112489	-0.00897513	0.779083
2018-06-05 00:00:00	0	-0.540262	2.62306	0	-0.264162	-4.4278E-07	9.005E-05	0	9.36904E-05	0	0	0	0	0	-0.734175	-0.0125258	0.0193848	0	0	0.0173136	0.0169572	0	0	0.112231	-0.00880039	1.2292
2018-06-06 00:00:00	0	-0.459586	2.73439	0	-0.196971	0	0	0	0	0	0	0	0	0	-0.668306	-0.0125077	0.0193388	0	0	0.0135844	0.014635	0	0	0.111887	-0.00864319	1.54782
2018-06-07 00:00:00	0	-0.345585	2.90971	0	-0.0446751	0	2.4054E-05	0	0	0	0	0	0	0	-1.06563	-0.0124898	0.0193099	0	0	0.0109531	0.0129588	0	0	0.111369	-0.00846396	1.58748
2018-06-08 00:00:00	0	0	2.95504	0	-0.0309931	0	5.69096E-05	0	0	0	0	0	0	0	-1.1361	-0.0124601	0.0192685	0	0	0.00879343	0.011475	0	0	0.110634	-0.00830084	1.91742
2018-06-09 00:00:00	-0.590411	0	2.86073	0	-0.00196659	0	9.83421E-05	0	0	0	0	0	0	0	-0.809385	-0.012437	0.0192392	0	0	0.00745934	0.0105275	0	0	0.109842	-0.00813294	1.58556
2018-06-10 00:00:00	0	0	2.78976	0	0.0110956	-1.08593E-05	0.000227705	0	0	0	0	0	0	0	-1.14617	-0.0124182	0.0192112	0	0	0.00652852	0.00980484	0	0	0.108756	-0.00796752	1.77882
2018-06-11 00:00:00	-0.768084	0	2.62118	0	-0.0272938	0	5.86421E-07	0	0	0	0	0	0	0	-0.603213	-0.0123576	0.0191721	0	0	0.00567108	0.00917817	0	0	0.108223	-0.00786722	1.34461
2018-06-12 00:00:00	-0.420401	0	2.72946	0	0.0367836	-2.82137E-05	0.000257882	0	0	0	0	0	0	0	-1.18372	-0.0123491	0.0191458	0	0	0.0051155	0.0086905	0	0	0.107081	-0.00777728	1.28226
2018-06-13 00:00:00	-1.38848	0	2.7351	0	-0.0309182	0	3.40613E-07	0	0	0	0	0	0	0	-0.363565	-0.0123426	0.0190757	0	0	0.00504275	0.00867864	0	0	0.106452	-0.00771398	1.07132
2018-06-14 00:00:00	0	0	2.71694	0	-0.015999	0	3.32436E-05	0	0	0	0	0	0	0	-1.40333	-0.0123284	0.0190428	0	0	0.00427395	0.00797308	0	0	0.105602	-0.0076981	1.41451
2018-06-15 00:00:00	-0.768084	0	2.68958	0	0.00419991	0	9.70574E-05	0	0	0	0	0	0	0	-0.889071	-0.0122948	0.0190101	0	0	0.00396715	0.00773212	0	0	0.104541	-0.00760237	1.15207
2018-06-16 00:00:00	-13.658	2.74995	2.98277	0	0.266914	-0.000241471	0.00233573	0	0	0	0	0	0	0	3.46581	-0.0123052	0.0190581	0	0	0.00795361	0.010098	0	0	0.103729	-0.00763633	-4.06957
2018-06-17 00:00:00	-0.988485	-1.52173	2.97126	0	-0.0171215	-7.88899E-05	0.00116859	0	0.00020994	0	0	0	0	0	-0.26391	-0.012307	0.0190592	0	0	0.0118376	0.0126954	0	0	0.103825	-0.00803344	0.308394
2018-06-18 00:00:00	-0.2	-0.608279	2.82568	0	-0.0776961	-1.13551E-05	0.000108775	0	0.000139554	0	0	0	0	0	-0.898911	-0.0122938	0.0190294	0	0	0.0108584	0.0126058	0	0	0.103407	-0.00803681	1.16661
2018-06-19 00:00:00	-11.3566	2.25362	3.07652	0	0.434827	-0.000188466	0.00483757	0	0.00133703	0	0	0	0	0	2.66915	-0.0123017	0.0190546	0	0	0.0140929	0.0139979	0	0	0.103106	-0.00802255	-2.78657
2018-06-20 00:00:00	-14.284	-0.284193	3.16019	0	0.456655	-0.0104604	0.0971974	0	0.287315	0	0	0	0	0	5.09044	-0.0123509	0.0192	0	0	0.0315524	0.0228276	0	0	0.103293	-0.00892082	-5.33128
2018-06-21 00:00:00	-0.148583	-1.52686	2.90525	0	-0.291513	-0.00423715	0.0236424	0	0.134926	0	0	0	0	0	-0.95204	-0.0123718	0.0192522	0	0	0.0440549	0.0288046	0	0	0.104304	-0.00948988	0.315144
2018-06-22 00:00:00	0	-0.718294	3.50051	0	-0.370584	-6.30744E-05	0.000406233	0	0.0102123	0	0	0	0	0	-1.3066	-0.0123516	0.0192065	0	0	0.0349321	0.0246078	0	0	0.104995	-0.00916922	1.27781
2018-06-23 00:00:00	0	-0.230783	2.80535	0	-0.237484	0	3.70672E-05	0	0.000218969	0	0	0	0	0	-1.05546	-0.012318	0.0191615	0	0	0.0265594	0.0203865	0	0	0.104789	-0.00891927	1.43153
2018-06-24 00:00:00	0	-0.109817	2.74689	0	-0.0412655	0	7.76555E-06	0	0	0	0	0	0	0	-1.3069	-0.0122939	0.0191217	0	0	0.0215645	0.0179232	0	0	0.104426	-0.00865393	1.431
2018-06-25 00:00:00	-0.320401	-0.00352994	2.82213	0	-0.0226905	0	6.18611E-05	0	0	0	0	0	0	0	-1.18094	-0.0122838	0.0190798	0	0	0.0174459	0.0158621	0	0	0.103837	-0.0083723	1.4302
2018-06-26 00:00:00	0	0	3.09751	0	-0.0462081	0	3.67299E-05	0	0	0	0	0	0	0	-1.46828	-0.0122666	0.0190547	0	0	0.0135346	0.0138222	0	0	0.103224	-0.00815103	1.71228
2018-06-27 00:00:00	-0.2	0	3.35411	0	-0.0327191	0	3.48099E-05	0	0	0	0	0	0	0	-1.48693	-0.0122347	0.0190199	0	0	0.0103041	0.0120353	0	0	0.102562	-0.00794326	1.75824
2018-06-28 00:00:00	0	0	3.40386	0	-0.0282353	0	2.00108E-05	0	0	0	0	0	0	0	-1.69632	-0.012192	0.0189778	0	0	0.00755697	0.0104208	0	0	0.101849	-0.00775903	1.79818
2018-06-29 00:00:00	0	0	2.88422	0	-0.0102074	0	4.54553E-05	0	0	0	0	0	0	0	-1.48016	-0.0121667	0.0188843	0	0	0.00583686	0.0092972	0	0	0.101106	-0.00755796	1.5093
2018-06-30 00:00:00	0	0	4.21728	0	-0.027398	0	0	0	0	0	0	0	0	0	-2.31959	-0.0120935	0.0188404	0	0	0.00388236	0.00786442	0	0	0.100278	-0.00740106	1.98166
2018-07-01 00:00:00	0	0	4.36225	0	-0.0173116	0	0	0	0	0	0	0	0	0	-2.46908	-0.0120612	0.0188045	0	0	0.00244743	0.00661508	0	0	0.0994527	-0.0072379	1.98387
2018-07-02 00:00:00	-0.114545	0	2.78165	0	0.00167182	0	0	0	0	0	0	0	0	0	-1.57717	-0.0120366	0.0187598	0	0	0.00211045	0.00624793	0	0	0.0985475	-0.00707034	1.19816
2018-07-03 00:00:00	0	0	3.56751	0	-0.00703699	0	0	0	0	0	0	0	0	0	-2.17066	-0.0120176	0.0186945	0	0	0.00169888	0.00573335	0	0	0.097698	-0.00700556	1.49461
2018-07-04 00:00:00	0	0	3.71437	0	-0.00667258	0	0	0	0	0	0	0	0	0	-2.21584	-0.0119808	0.0185966	0	0	0.00136298	0.00522481	0	0	0.0968304	-0.00693174	1.59495
2018-07-05 00:00:00	0	0	3.95666	0	-0.00724004	0	0	0	0	0	0	0	0	0	-2.47586	-0.0119531	0.0185318	0	0	0.00106622	0.00471743	0	0	0.0959738	-0.00686098	1.57503
2018-07-06 00:00:00	0	0	3.38817	0	-0.00365976	0	0	0	0	0	0	0	0	0	-2.22189	-0.0119161	0.0185007	0	0	0.000948679	0.0044316	0	0	0.0951289	-0.00679188	1.26292
2018-07-07 00:00:00	0	0	3.03576	0	-0.00236869	0	0	0	0	0	0	0	0	0	-2.06332	-0.0118506	0.0184587	0	0	0.000916186	0.00429756	0	0	0.0942927	-0.00674226	1.06944
2018-07-08 00:00:00	0	0	3.07754	0	-0.00290236	0	0	0	0	0	0	0	0	0	-2.08111	-0.0117978	0.018438	0	0	0.000881467	0.00418049	0	0	0.0934459	-0.00670139	1.09197
2018-07-09 00:00:00	-1.79912	0	3.16535	0	0.00923398	0	9.92385E-05	0	0	0	0	0	0	0	-1.05601	-0.0117918	0.0183905	0	0	0.00119674	0.00479314	0	0	0.0925679	-0.00666362	0.418041
2018-07-10 00:00:00	0	0	2.87765	0	-0.00649253	0	5.54276E-06	0	0	0	0	0	0	0	-2.05322	-0.0117561	0.0183481	0	0	0.00115526	0.00478602	0	0	0.0918452	-0.00667695	0.915648
2018-07-11 00:00:00	0	0	3.00639	0	-0.00425419	0	4.22568E-06	0	0	0	0	0	0	0	-2.17403	-0.0117384	0.0182961	0	0	0.00106139	0.00463584	0	0	0.091094	-0.00665349	0.924814
2018-07-12 00:00:00	0	0	3.20548	0	-0.00464381	0	0	0	0	0	0	0	0	0	-2.38254	-0.011714	0.0182267	0	0	0.000947098	0.00442755	0	0	0.0903262	-0.00661742	0.913898
2018-07-13 00:00:00	-2.20407	0	3.29844	0	0.0073448	0	0.00014378	0	0	0	0	0	0	0	-0.984147	-0.0116927	0.0181598	0	0	0.00122406	0.00499243	0	0	0.0895272	-0.00656713	0.213363
2018-07-14 00:00:00	-0.2	0	3.34289	0	-0.00826236	0	1.56924E-06	0	0	0	0	0	0	0	-2.42795	-0.0116677	0.0181295	0	0	0.00112038	0.0048586	0	0	0.0888213	-0.00656906	0.801372
2018-07-15 00:00:00	0	0	2.88341	0	-0.00354266	0	3.91091E-06	0	0	0	0	0	0	0	-2.21248	-0.0116411	0.018076	0	0	0.00102999	0.00470314	0	0	0.0880423	-0.00652534	0.761084
2018-07-16 00:00:00	-1.14768	0	3.14378	0	0.000559153	0	6.06959E-05	0	0	0	0	0	0	0	-1.66709	-0.0116217	0.0180466	0	0	0.00108173	0.00483524	0	0	0.0873272	-0.0064804	0.422822
2018-07-17 00:00:00	-0.114545	0	2.58795	0	-0.00252927	0	3.31261E-05	0	0	0	0	0	0	0	-2.08566	-0.011605	0.0179931	0	0	0.00108096	0.00485817	0	0	0.0866781	-0.00645903	0.477803
2018-07-18 00:00:00	-0.604947	0	2.73005	0	-0.00186399	0	3.15644E-05	0	0	0	0	0	0	0	-1.74621	-0.0115783	0.0179676	0	0	0.00106836	0.00485153	0	0	0.0859923	-0.00642896	0.468936
2018-07-19 00:00:00	0	0	3.00841	0	-0.00466511	0	2.29394E-07	0	0	0	0	0	0	0	-2.50866	-0.0115454	0.0179282	0	0	0.000964893	0.00466272	0	0	0.0853726	-0.00640142	0.586064
2018-07-20 00:00:00	-1.86628	0	2.93301	0	0.00345136	0	0.000102113	0	0	0	0	0	0	0	-0.973213	-0.0115284	0.0178948	0	0	0.00113532	0.00500871	0	0	0.0846531	-0.00635908	0.187878
2018-07-21 00:00:00	0	0	2.8401	0	-0.0052688	0	3.24256E-06	0	0	0	0	0	0	0	-2.39563	-0.0115007	0.017854	0	0	0.00105447	0.00490223	0	0	0.0841048	-0.00635771	0.529269
2018-07-22 00:00:00	0	0	2.8344	0	-0.00346113	0	3.23879E-06	0	0	0	0	0	0	0	-2.428	-0.0114715	0.0178174	0	0	0.000964286	0.0047336	0	0	0.0835319	-0.00632858	0.492194
2018-07-23 00:00:00	-3.07032	0.00214544	3.69595	0	0.00505543	0	0.000118879	0	0	0	0	0	0	0	-0.631666	-0.0114536	0.0177984	0	0	0.00115312	0.00514689	0	0	0.0829746	-0.00629135	0.0906095
2018-07-24 00:00:00	-2.77902	-0.00146379	3.35755	0	0.00477137	0	0.000151976	0	0	0	0	0	0	0	-0.596504	-0.0114444	0.0177679	0	0	0.00143987	0.00576956	0	0	0.0824678	-0.00629804	0.0751863
2018-07-25 00:00:00	0	-0.00068165	3.79395	0	-0.0155556	0	0	0	0	0	0	0	0	0	-3.20285	-0.0114129	0.0177367	0	0	0.00113568	0.00530343	0	0	0.0819598	-0.00632015	0.663264
2018-07-26 00:00:00	-2.69941	0	4.25712	0	0.00372334	0	2.60158E-05	0	0	0	0	0	0	0	-1.39945	-0.011391	0.0176984	0	0	0.00115308	0.00537109	0	0	0.08144	-0.00626711	0.250016
2018-07-27 00:00:00	-1.31859	0	4.02169	0	-0.0045413	0	6.64531E-07	0	0	0	0	0	0	0	-2.42113	-0.0113795	0.017638	0	0	0.0010394	0.00518273	0	0	0.0809788	-0.00624935	0.364641
2018-07-28 00:00:00	-11.1188	2.83598	3.26573	0	0.039994	0	0.000581379	0	0	0	0	0	0	0	3.52462	-0.0113762	0.0176403	0	0	0.00174058	0.00647884	0	0	0.0805218	-0.00625288	-1.36314
2018-07-29 00:00:00	-8.40694	0.705754	3.12482	0	0.024374	0	0.000444906	0	0	0	0	0	0	0	3.17184	-0.0113724	0.0176399	0	0	0.00334102	0.00927205	0	0	0.0805509	-0.00647531	-1.28675
2018-07-30 00:00:00	-3.6471	-0.0341407	3.21013	0	0.00203032	0	0.000194118	0	0	0	0	0	0	0	0.204404	-0.0113681	0.0176203	0	0	0.0043771	0.0107238	0	0	0.0804161	-0.00662722	-0.169336
2018-07-31 00:00:00	-0.519492	-2.01509	3.00176	0	0.00497922	0	0.000200906	0	0	0	0	0	0	0	-0.491342	-0.0113596	0.0175976	0	0	0.00457009	0.0109374	0	0	0.0800835	-0.00665096	0.0761949
2018-08-01 00:00:00	-10.5299	2.49465	3.37363	0	0.0351786	0	0.000899034	0	0	0	0	0	0	0	3.37265	-0.0113543	0.0175788	0	0	0.00514323	0.0116194	0	0	0.0797998	-0.00666268	-1.15673
2018-08-02 00:00:00	-4.03159	-0.306587	3.61781	0	0.0138984	0	0.000750044	0	2.21253E-05	0	0	0	0	0	0.295377	-0.0113524	0.017569	0	0	0.00625288	0.0128074	0	0	0.0796767	-0.00679673	-0.312162
2018-08-03 00:00:00	-0.466081	-2.03824	3.46253	0	-0.0130727	0	0.000361864	0	0	0	0	0	0	0	-0.855699	-0.0113437	0.0175478	0	0	0.0065523	0.0129741	0	0	0.0793865	-0.00682638	0.188093
2018-08-04 00:00:00	-0.0669801	-0.572528	3.00186	0	-0.0386343	0	0	0	0	0	0	0	0	0	-1.71065	-0.0113287	0.017527	0	0	0.00564578	0.0122087	0	0	0.0790537	-0.00677046	0.709412
2018-08-05 00:00:00	-0.0669801	-0.557036	2.99181	0	-0.0446321	0	0	0	0	0	0	0	0	0	-1.53103	-0.0113058	0.017483	0	0	0.00433119	0.0106864	0	0	0.0788403	-0.00669219	0.885478
2018-08-06 00:00:00	-1.52155	-0.287529	3.32107	0	0.00972226	0	0	0	0	0	0	0	0	0	-1.19155	-0.0112928	0.0174645	0	0	0.00389547	0.0101106	0	0	0.07853	-0.00657185	0.422301
2018-08-07 00:00:00	-2.23337	-0.0671197	3.03761	0	0.0158453	0	7.05184E-05	0	0	0	0	0	0	0	-0.483368	-0.011281	0.017431	0	0	0.00383076	0.00989755	0	0	0.0780492	-0.00650281	0.361092
2018-08-08 00:00:00	-1.12246	-0.131781	2.66929	0	0.0129323	0	0.000110272	0	0	0	0	0	0	0	-1.18203	-0.0112635	0.0174172	0	0	0.00390524	0.00983835	0	0	0.0777174	-0.00647494	0.3372
2018-08-09 00:00:00	-0.181525	-0.0127014	2.73247	0	-0.0156763	0	2.62992E-05	0	0	0	0	0	0	0	-2.08065	-0.0112494	0.0173908	0	0	0.00340117	0.00924139	0	0	0.0773327	-0.0064604	0.531602
2018-08-10 00:00:00	-6.22708	2.31535	2.7761	0	0.0615795	0	0.000444341	0	0	0	0	0	0	0	0.658598	-0.0112427	0.0173666	0	0	0.00409573	0.0096515	0	0	0.0768767	-0.00640301	-0.324659
2018-08-11 00:00:00	-0.0669801	-2.26411	3.26048	0	-0.0139025	0	0.000289819	0	0	0	0	0	0	0	-0.775161	-0.0112292	0.0173485	0	0	0.00466304	0.0101361	0	0	0.0765232	-0.00646798	0.231593
2018-08-12 00:00:00	-12.099	3.36082	3.17689	0	0.0655107	0	0.00153236	0	0	0	0	0	0	0	4.08921	-0.0112202	0.0173374	0	0	0.00598055	0.011422	0	0	0.076372	-0.00651539	-1.31163
2018-08-13 00:00:00	-0.722445	-2.04633	2.93683	0	-0.00875813	0	0.000739572	0	0	0	0	0	0	0	-0.30468	-0.0112179	0.0173271	0	0	0.00750678	0.0127427	0	0	0.0763659	-0.00671255	-0.0486372
2018-08-14 00:00:00	-3.63158	0.409413	3.17234	0	0.0176687	0	0.00057966	0	0	0	0	0	0	0	-0.102581	-0.0112087	0.017301	0	0	0.007682	0.0127239	0	0	0.0760993	-0.00671434	-0.038267
2018-08-15 00:00:00	-1.607	-0.762403	3.19492	0	-0.0249306	0	0.000141463	0	0	0	0	0	0	0	-0.657069	-0.0111983	0.0172804	0	0	0.00732615	0.0125826	0	0	0.0758409	-0.00669325	0.238794
2018-08-16 00:00:00	-0.951535	-0.352319	2.85922	0	-0.0489317	0	0	0	0	0	0	0	0	0	-1.04096	-0.0111827	0.0172443	0	0	0.00629357	0.0118334	0	0	0.0756241	-0.0066568	0.558635
2018-08-17 00:00:00	-1.35064	-0.268273	2.80958	0	0.0108904	0	5.02285E-05	0	0	0	0	0	0	0	-1.08468	-0.0111741	0.0172287	0	0	0.00580915	0.0113711	0	0	0.0753539	-0.00658758	0.208928
2018-08-18 00:00:00	-2.91885	0.225192	2.80329	0	0.0490057	0	0.000568297	0	0	0	0	0	0	0	-0.253792	-0.0111614	0.0172058	0	0	0.00605171	0.0113828	0	0	0.0748519	-0.00653323	-0.00278616
2018-08-19 00:00:00	-12.7262	3.30003	2.91621	0	0.212065	0	0.00369022	0	8.19283E-05	0	0	0	0	0	4.61778	-0.0111616	0.0171998	0	0	0.00756036	0.0125653	0	0	0.0746481	-0.00659538	-1.58216
2018-08-20 00:00:00	-0.181525	-2.32037	2.7714	0	-0.0328163	0	0.00123439	0	5.11535E-05	0	0	0	0	0	-0.452016	-0.0111569	0.0171908	0	0	0.00962573	0.0143062	0	0	0.0747162	-0.0068144	-0.116178
2018-08-21 00:00:00	-0.43789	-0.498126	2.97306	0	-0.135173	0	1.67991E-05	0	0	0	0	0	0	0	-1.5409	-0.0111458	0.0171673	0	0	0.00860139	0.0136717	0	0	0.0744951	-0.00677062	0.457007
2018-08-22 00:00:00	-5.08524	1.95088	2.85735	0	0.0307177	0	6.83385E-05	0	1.0916E-05	0	0	0	0	0	0.347347	-0.0111328	0.0171222	0	0	0.00805974	0.0129968	0	0	0.0743278	-0.00668465	0.195823
2018-08-23 00:00:00	-4.31523	0.635792	2.61317	0	0.0756152	0	0.00138138	0	6.27832E-05	0	0	0	0	0	0.512182	-0.0111298	0.0171257	0	0	0.0083636	0.0132049	0	0	0.0739929	-0.00667364	-0.382141
2018-08-24 00:00:00	-1.52155	-0.971347	2.5313	0	-0.0045706	-1.12632E-05	0.000596144	0	4.57554E-05	0	0	0	0	0	-0.0940556	-0.0111221	0.0171054	0	0	0.00886165	0.013467	0	0	0.0737481	-0.0067029	0.035772
2018-08-25 00:00:00	-0.152435	-1.57412	2.65483	0	-0.0836033	-4.35319E-06	0.000139735	0	2.19774E-05	0	0	0	0	0	-0.603596	-0.0111071	0.0170744	0	0	0.00839254	0.013204	0	0	0.0735587	-0.00669279	0.335659
2018-08-26 00:00:00	-3.45977	0.888579	2.48302	0	0.0450951	-1.86936E-06	0.00033279	0	4.15672E-05	0	0	0	0	0	-0.158086	-0.0110989	0.0170621	0	0	0.00840655	0.0131002	0	0	0.0733543	-0.00664715	-0.106609
2018-08-27 00:00:00	-4.17525	0.572077	2.6488	0	0.0319496	-5.69784E-05	0.00218548	0	8.93879E-05	0	0	0	0	0	0.565225	-0.0110956	0.0170506	0	0	0.0089519	0.0134491	0	0	0.0729762	-0.00663835	-0.260282
2018-08-28 00:00:00	-0.181525	-1.60534	2.60811	0	-0.0365423	-3.91238E-05	0.00104936	0	4.86047E-05	0	0	0	0	0	-0.707314	-0.0110871	0.0170313	0	0	0.00964763	0.0138433	0	0	0.0728363	-0.00669585	0.174026
2018-08-29 00:00:00	-0.0669801	-0.437755	2.42888	0	-0.0626277	0	6.30744E-05	0	4.00491E-05	0	0	0	0	0	-1.53042	-0.0110622	0.017004	0	0	0.00878202	0.0133735	0	0	0.0726874	-0.00666489	0.425319
2018-08-30 00:00:00	-0.866081	-0.222569	2.6179	0	0.000344201	0	3.7813E-05	0	1.52691E-05	0	0	0	0	0	-1.20779	-0.0110388	0.0169586	0	0	0.00731859	0.0122426	0	0	0.072497	-0.00658108	0.413255
2018-08-31 00:00:00	-0.26698	-0.240395	2.79518	0	-0.075488	0	6.96314E-05	0	2.19659E-05	0	0	0	0	0	-1.97831	-0.0110237	0.0169376	0	0	0.00625664	0.0114454	0	0	0.072265	-0.00647612	0.323503
2018-09-01 00:00:00	-0.0669801	-0.070065	2.3367	0	-0.0514678	0	0	0	1.13491E-05	0	0	0	0	0	-1.74204	-0.0110015	0.0169043	0	0	0.00496463	0.0103941	0	0	0.0720332	-0.00638258	0.493068
2018-09-02 00:00:00	-0.351535	-0.00828025	2.39174	0	-0.00636892	0	0	0	0	0	0	0	0	0	-1.95387	-0.0109971	0.0168762	0	0	0.00423592	0.0097894	0	0	0.0717878	-0.00628827	0.157084
2018-09-03 00:00:00	-12.8523	3.95893	2.28889	0	0.330466	-6.24798E-06	0.0017123	0	5.82828E-05	0	0	0	0	0	4.71559	-0.0110016	0.0168762	0	0	0.00671675	0.0116998	0	0	0.0714538	-0.00625755	-1.46715
2018-09-04 00:00:00	-0.152435	-1.91416	2.19158	0	-0.0381296	-3.14177E-05	0.00104237	0	0.00012401	0	0	0	0	0	-0.182689	-0.0109968	0.0168639	0	0	0.00858595	0.0129941	0	0	0.0716097	-0.00654197	-0.0021896
2018-09-05 00:00:00	-0.26698	-0.94049	2.77287	0	-0.0981772	-2.66995E-06	0.000148841	0	5.90832E-05	0	0	0	0	0	-1.34261	-0.0109863	0.0168372	0	0	0.00807127	0.012726	0	0	0.0715581	-0.0065462	0.21648
2018-09-06 00:00:00	-3.22888	1.1775	1.95561	0	0.0351809	-5.26745E-06	0.000485565	0	0.000406052	0	0	0	0	0	0.0501859	-0.0109781	0.0168114	0	0	0.00786865	0.01244	0	0	0.0713405	-0.00648407	0.0814925
2018-09-07 00:00:00	-1.46336	-0.674528	2.16221	0	-0.000927244	-2.6666E-05	0.000820871	0	0.000712438	0	0	0	0	0	-0.0199203	-0.0109691	0.0167917	0	0	0.00812952	0.0124604	0	0	0.071096	-0.00648565	0.0960025
2018-09-08 00:00:00	-0.608808	-0.645848	2.10192	0	-0.035661	-4.83735E-07	0.000365731	0	0.000461335	0	0	0	0	0	-0.726343	-0.0109612	0.0167701	0	0	0.00790038	0.012368	0	0	0.0709124	-0.0064691	0.176611
2018-09-09 00:00:00	-4.96618	2.33588	2.33065	0	0.0175838	-1.2435E-05	0.000583441	0	0.000686665	0	0	0	0	0	0.183424	-0.0109488	0.0167489	0	0	0.00780497	0.012217	0	0	0.0708082	-0.00644447	-0.00720247
2018-09-10 00:00:00	-11.3986	1.21591	2.11766	0	0.288994	-0.000153687	0.0223128	0	0.00408457	0	0	0	0	0	5.78231	-0.0109531	0.0167491	0	0	0.0106093	0.0142748	0	0	0.0708553	-0.00666284	-1.87265
2018-09-11 00:00:00	-2.88614	-0.0123877	2.22587	0	-0.0357321	-5.25269E-05	0.00554511	0	0.00282426	0	0	0	0	0	0.158589	-0.0109545	0.0167464	0	0	0.0136504	0.0163861	0	0	0.0712414	-0.00688156	-0.441291
2018-09-12 00:00:00	-1.54883	-0.518695	2.07357	0	-0.000383404	-3.38622E-05	0.00131371	0	0.00373455	0	0	0	0	0	-0.197947	-0.0109488	0.0167275	0	0	0.0134844	0.0161301	0	0	0.0713257	-0.00682279	-0.0873758
2018-09-13 00:00:00	-1.54883	-0.498911	2.07443	0	0.00471676	-2.56034E-05	0.000802273	0	0.00581988	0	0	0	0	0	-0.161831	-0.0109428	0.0167054	0	0	0.0130527	0.0156272	0	0	0.071278	-0.00678264	-0.0248847
2018-09-14 00:00:00	-7.04622	1.08687	1.91474	0	0.0623371	-7.05073E-05	0.0198291	0	0.0212268	0	0	0	0	0	2.91483	-0.0109402	0.0166989	0	0	0.0136694	0.0162053	0	0	0.0712385	-0.00687504	-0.926456
2018-09-15 00:00:00	-1.17882	-0.583936	1.78941	0	-0.0218733	-4.15341E-05	0.00301834	0	0.0236888	0	0	0	0	0	-0.30143	-0.0109391	0.0166857	0	0	0.0147862	0.0168168	0	0	0.0713194	-0.00694659	-0.168263
2018-09-16 00:00:00	-1.77611	-0.327754	2.11572	0	-0.0134341	-2.3377E-05	0.00140688	0	0.0152781	0	0	0	0	0	-0.0947013	-0.0109323	0.0166659	0	0	0.0142726	0.0162772	0	0	0.0712675	-0.00685609	0.0210778
2018-09-17 00:00:00	-0.408808	-1.44908	2.00573	0	-0.00742707	-2.80626E-05	0.00147107	0	0.0122459	0	0	0	0	0	-0.262125	-0.0109289	0.016646	0	0	0.0137855	0.0157758	0	0	0.0711127	-0.00680259	-0.00843945
2018-09-18 00:00:00	-5.36618	2.24427	2.21566	0	0.0294866	-2.47833E-05	0.00278559	0	0.016362	0	0	0	0	0	0.588392	-0.010926	0.0166296	0	0	0.0134173	0.0155024	0	0	0.0709408	-0.00679418	-0.170477
2018-09-19 00:00:00	-11.7986	0.213949	1.9588	0	0.124386	-0.000167663	0.0532584	0	0.0701851	0	0	0	0	0	6.83364	-0.0109415	0.016648	0	0	0.0168547	0.0181209	0	0	0.0708447	-0.00766958	-2.44073
2018-09-20 00:00:00	-1.77611	-0.121568	1.83831	0	-0.0652024	-0.000865044	0.00587077	0	0.0488595	0	0	0	0	0	-0.405221	-0.0109549	0.0166498	0	0	0.0197691	0.0198836	0	0	0.0711131	-0.00788828	-0.367353
2018-09-21 00:00:00	-3.65615	0.131846	1.68146	0	0.0407795	-0.00110196	0.0121069	0	0.0371057	0	0	0	0	0	1.10947	-0.0109538	0.0166373	0	0	0.0192101	0.0195032	0	0	0.0713248	-0.0072799	-0.536045
2018-09-22 00:00:00	-0.408808	-1.11476	1.59274	0	-0.0337978	-0.000773133	0.00332897	0	0.0287925	0	0	0	0	0	-0.248692	-0.0109479	0.0166212	0	0	0.0186833	0.0189972	0	0	0.0715284	-0.00730394	-0.0743925
2018-09-23 00:00:00	-0.238798	-1.37235	1.74126	0	-0.0035758	-0.000543022	0.00206269	0	0.0155001	0	0	0	0	0	-0.323903	-0.0109399	0.0166015	0	0	0.017505	0.0180101	0	0	0.0716506	-0.0070295	-0.0745531
2018-09-24 00:00:00	-0.808808	-0.366419	1.58719	0	-0.0343904	-0.000672317	0.00249541	0	0.0216938	0	0	0	0	0	-0.421181	-0.0109337	0.0165839	0	0	0.0165227	0.0173111	0	0	0.0715167	-0.00695794	0.0839479
2018-09-25 00:00:00	-0.408808	-0.221053	1.5331	0	-0.0428988	-0.000139403	0.000425419	0	0.0102826	0	0	0	0	0	-0.709865	-0.0109171	0.0165476	0	0	0.0144294	0.0160981	0	0	0.0714706	-0.00688883	0.261783
2018-09-26 00:00:00	-2.71613	0.725718	1.92231	0	-0.00791374	-0.000631471	0.00263748	0	0.013557	0	0	0	0	0	-0.0197818	-0.010914	0.0165299	0	0	0.0140814	0.0158067	0	0	0.0713255	-0.00678818	0.0198061
2018-09-27 00:00:00	-0.408808	-0.786783	1.6944	0	-0.0469086	-0.000308536	0.00149384	0	0.0149749	0	0	0	0	0	-0.441209	-0.0109071	0.0165223	0	0	0.0134275	0.0153488	0	0	0.0711979	-0.00675705	0.125681
2018-09-28 00:00:00	-0.238798	-0.214939	1.51307	0	-0.0620981	-1.23052E-05	0.000128631	0	0.00762142	0	0	0	0	0	-0.820567	-0.0108883	0.0164806	0	0	0.011767	0.0142768	0	0	0.0711383	-0.00670355	0.280479
2018-09-29 00:00:00	-0.238798	-0.206028	1.45069	0	-0.0689761	-3.16991E-05	0.000694237	0	0.00166759	0	0	0	0	0	-0.783073	-0.0108857	0.016459	0	0	0.011019	0.0137961	0	0	0.0709752	-0.00659513	0.250913
2018-09-30 00:00:00	-0.608808	-0.145934	1.48467	0	-0.0482365	0	5.78752E-05	0	0.00235492	0	0	0	0	0	-0.358427	-0.0108645	0.016425	0	0	0.0100172	0.0130923	0	0	0.0708624	-0.00654705	0.41866
2018-10-01 00:00:00	-1.67194	0.290907	1.34937	0	0.053759	-0.000143565	0.000979687	0	0.000763666	0	0	0	0	0	-0.194949	-0.0108564	0.0164054	0	0	0.0101376	0.0130512	0	0	0.0707318	-0.00649564	-0.0782719
2018-10-02 00:00:00	-0.279599	-0.443222	1.52416	0	0.00789396	-0.000414652	0.00202813	0	0.0108287	0	0	0	0	0	-0.70294	-0.0108517	0.0163892	0	0	0.00981668	0.0129164	0	0	0.0702669	-0.00650139	0.210768
2018-10-03 00:00:00	-0.279599	-0.196817	1.42415	0	-0.012981	-4.93237E-05	0.000366243	0	0.00812222	0	0	0	0	0	-0.804073	-0.0108354	0.0163549	0	0	0.00891967	0.0123272	0	0	0.0701721	-0.00647053	0.229586
2018-10-04 00:00:00	-2.49922	0.893681	1.52148	0	-0.0123378	-0.000209112	0.000797291	0	0.00584419	0	0	0	0	0	0.27268	-0.0108306	0.0163338	0	0	0.00920571	0.0123711	0	0	0.0700139	-0.00640761	0.2734
2018-10-05 00:00:00	-0.279599	-0.834371	1.22502	0	0.0405918	-0.000681844	0.00324788	0	0.00946983	0	0	0	0	0	-0.364878	-0.0107934	0.0163327	0	0	0.00938755	0.0124199	0	0	0.0698571	-0.00641209	-0.110406
2018-10-06 00:00:00	-0.0795993	-0.212789	1.05435	0	-0.0332775	-0.000135242	0.000823915	0	0.0125249	0	0	0	0	0	-0.623622	-0.0107853	0.0163039	0	0	0.00914306	0.012379	0	0	0.0696526	-0.00644171	0.208528
2018-10-07 00:00:00	-2.09922	0.676576	1.35912	0	0.0141578	-0.000209924	0.00105141	0	0.00619717	0	0	0	0	0	0.145129	-0.0107707	0.0162761	0	0	0.00932988	0.0123766	0	0	0.0695775	-0.00638716	0.193203
2018-10-08 00:00:00	-4.91117	2.37571	1.31471	0	0.0668182	-0.00105833	0.00575029	0	0.0217054	0	0	0	0	0	0.670464	-0.0107714	0.0162727	0	0	0.0096985	0.0126135	0	0	0.0693644	-0.00643699	-0.366336
2018-10-09 00:00:00	-2.09922	0.167979	1.11511	0	0.00661982	-0.000927612	0.00472698	0	0.0330035	0	0	0	0	0	0.487411	-0.0107535	0.0162631	0	0	0.011208	0.0136581	0	0	0.0693532	-0.00657937	-0.192142
2018-10-10 00:00:00	-0.0795993	-1.30455	1.46858	0	-0.00505439	-0.000786595	0.00391887	0	0.0216741	0	0	0	0	0	-0.201413	-0.0107384	0.0162444	0	0	0.0116672	0.0138801	0	0	0.0694904	-0.00657905	-0.00326902
2018-10-11 00:00:00	-2.09922	0.685528	1.35706	0	0.00927312	-0.000796625	0.00381359	0	0.0188648	0	0	0	0	0	-0.0576356	-0.0107331	0.0162003	0	0	0.0116956	0.0137836	0	0	0.0696475	-0.00656897	0.0109089
2018-10-12 00:00:00	-8.75312	1.47458	1.24474	0	0.313589	-0.0029649	0.0204723	0	0.0918274	0	0	0	0	0	4.11323	-0.0107391	0.0161988	0	0	0.0148047	0.0160052	0	0	0.0698326	-0.00689087	-1.39844
2018-10-13 00:00:00	-8.28967	0.11398	1.01981	0	0.0280038	-0.00254623	0.0594455	0	0.105348	0	0	0	0	0	4.89473	-0.0107505	0.0162076	0	0	0.0185654	0.018358	0	0	0.0701693	-0.00898545	-1.96733
2018-10-14 00:00:00	-0.0223267	-1.05101	1.13838	0	-0.0648596	-0.001285	0.00788176	0	0.0495181	0	0	0	0	0	-0.534854	-0.0107527	0.0161867	0	0	0.0185711	0.0182175	0	0	0.0707841	-0.00812729	-0.373672
2018-10-15 00:00:00	-0.222327	-0.815874	1.09526	0	-0.0253579	-0.000631594	0.00285999	0	0.0254266	0	0	0	0	0	-0.110282	-0.0107452	0.0161517	0	0	0.0172632	0.0171767	0	0	0.0710889	-0.00709912	0.0529071
2018-10-16 00:00:00	-0.506882	-0.554004	1.09856	0	0.024503	-0.00152417	0.00716017	0	0.0387376	0	0	0	0	0	-0.365885	-0.0107425	0.0161426	0	0	0.0168162	0.0168513	0	0	0.0710274	-0.0069587	-0.156194
2018-10-17 00:00:00	-0.136872	-0.461267	1.11421	0	-0.0878693	-0.000427364	0.0017001	0	0.0193536	0	0	0	0	0	-0.297144	-0.0107291	0.0161105	0	0	0.0153896	0.0160075	0	0	0.0710193	-0.00689327	0.25259
2018-10-18 00:00:00	-0.222327	-0.133909	0.895666	0	0.00150223	-0.000751511	0.00354777	0	0.0144309	0	0	0	0	0	-0.665158	-0.0107279	0.0160815	0	0	0.0146391	0.0156363	0	0	0.0708718	-0.00676667	-0.00726443
2018-10-19 00:00:00	-0.222327	-0.114398	0.900825	0	-0.074191	-0.000146911	0.000577842	0	0.00875611	0	0	0	0	0	-0.269154	-0.0107176	0.0160337	0	0	0.0132735	0.014699	0	0	0.0708317	-0.00672812	0.327334
2018-10-20 00:00:00	-0.222327	-0.14322	1.09808	0	-0.0108346	-0.000522073	0.00275971	0	0.00857736	0	0	0	0	0	-0.792077	-0.0107129	0.0160253	0	0	0.0126322	0.0143004	0	0	0.070692	-0.00662451	0.0367482
2018-10-21 00:00:00	-0.792337	-0.0314358	1.02051	0	0.0167181	-0.000233156	0.00145832	0	0.0109814	0	0	0	0	0	-0.267714	-0.0106994	0.015982	0	0	0.0118905	0.0137593	0	0	0.0706208	-0.00660818	0.0528934
2018-10-22 00:00:00	-0.136872	-0.13041	0.890792	0	-0.0733233	-0.000586356	0.00251858	0	0.0117155	0	0	0	0	0	-0.430341	-0.0106822	0.015953	0	0	0.0114814	0.013496	0	0	0.0704742	-0.0065516	0.227665
2018-10-23 00:00:00	-0.0223267	-0.151396	0.937949	0	-0.0289664	-4.84062E-05	0.000517787	0	0.00514203	0	0	0	0	0	-0.709218	-0.0106728	0.0159169	0	0	0.0106059	0.0128978	0	0	0.070404	-0.00652081	0.124284
2018-10-24 00:00:00	-0.0223267	-0.135331	0.832787	0	-0.0225126	-0.000253515	0.00128204	0	0.00436741	0	0	0	0	0	-0.542591	-0.0106677	0.0158962	0	0	0.0101125	0.0125942	0	0	0.0701817	-0.00644591	0.207092
2018-10-25 00:00:00	-2.78377	1.68609	0.965612	0	0.0459986	-0.000554879	0.00273274	0	0.00998738	0	0	0	0	0	0.0232778	-0.0106587	0.0158674	0	0	0.0101145	0.0125102	0	0	0.0700541	-0.00642326	0.0408341
2018-10-26 00:00:00	-0.136872	-0.555914	0.722969	0	-0.0166553	-0.00087779	0.00397369	0	0.0232689	0	0	0	0	0	-0.0750026	-0.0106529	0.0158418	0	0	0.0103654	0.0125797	0	0	0.0699467	-0.00646908	0.056502
2018-10-27 00:00:00	-2.09922	1.27912	0.67941	0	-0.00595729	-0.000510593	0.00222778	0	0.0185038	0	0	0	0	0	0.161931	-0.0106396	0.0158093	0	0	0.0107306	0.0126806	0	0	0.0698701	-0.00647603	0.127484
2018-10-28 00:00:00	-0.278691	-0.287479	0.575554	0	0.0333395	-0.00110763	0.0054894	0	0.0275352	0	0	0	0	0	-0.33982	-0.0106347	0.0158002	0	0	0.0108642	0.012713	0	0	0.0696342	-0.00650475	-0.173307
2018-10-29 00:00:00	-0.222327	-0.317954	0.556082	0	-0.0127262	-0.000647866	0.0029958	0	0.0182559	0	0	0	0	0	-0.055819	-0.0106265	0.0157744	0	0	0.011096	0.0127735	0	0	0.06957	-0.00650817	0.0599387
2018-10-30 00:00:00	-0.848701	0.185479	0.575217	0	-0.00801411	-0.000518396	0.00230815	0	0.01682	0	0	0	0	0	0.125067	-0.0106117	0.0157421	0	0	0.0112955	0.012821	0	0	0.0694712	-0.00649592	0.13988
2018-10-31 00:00:00	-2.15558	0.848657	0.632072	0	0.0650677	-0.00115007	0.00558116	0	0.027225	0	0	0	0	0	0.196905	-0.0106099	0.015723	0	0	0.0114473	0.0129139	0	0	0.0693039	-0.00651372	-0.28896
2018-11-01 00:00:00	-9.7062	0.735117	0.586721	0	0.35889	-0.00420506	0.0445137	0	0.140671	0	0	0	0	0	5.71279	-0.0106258	0.0157299	0	0	0.016541	0.0160908	0	0	0.0693168	-0.00725598	-2.0319
2018-11-02 00:00:00	-0.441742	-0.266263	0.598851	0	-0.110608	-0.00195702	0.0124733	0	0.0860031	0	0	0	0	0	-0.282507	-0.0106349	0.0157198	0	0	0.0198878	0.0180361	0	0	0.0698503	-0.00792236	-0.300813
2018-11-03 00:00:00	-1.09721	-0.0162537	0.837936	0	0.0201158	-0.00161784	0.00974598	0	0.0465273	0	0	0	0	0	-0.0239097	-0.0106341	0.0156943	0	0	0.0188747	0.0173704	0	0	0.0701428	-0.00719778	-0.120413
2018-11-04 00:00:00	-0.356287	-0.421906	0.773802	0	-0.0128466	-0.00124871	0.00698388	0	0.0402347	0	0	0	0	0	-0.133735	-0.0106271	0.015672	0	0	0.0178835	0.0167108	0	0	0.0701827	-0.00710727	-0.00228733
2018-11-05 00:00:00	-1.29631	0.304218	0.702786	0	0.0177948	-0.000852894	0.00507025	0	0.0300236	0	0	0	0	0	-0.00866485	-0.0106263	0.0156376	0	0	0.0169404	0.0160702	0	0	0.0702347	-0.0070196	-0.144696
2018-11-06 00:00:00	-0.356287	-0.410573	0.751686	0	-0.0206319	-0.00131631	0.00700292	0	0.0368382	0	0	0	0	0	-0.0489272	-0.0106232	0.0156188	0	0	0.0164076	0.015711	0	0	0.0701997	-0.0069819	0.0581233
2018-11-07 00:00:00	-2.00995	0.703204	0.700858	0	0.0366794	-0.00119059	0.00783169	0	0.0339217	0	0	0	0	0	0.314314	-0.0106171	0.0156005	0	0	0.0158294	0.0153669	0	0	0.0702662	-0.00695996	-0.114849
2018-11-08 00:00:00	-3.04217	0.0201024	0.582927	0	0.0449532	-0.00159629	0.0227017	0	0.0565489	0	0	0	0	0	1.59091	-0.0106188	0.0155878	0	0	0.0163491	0.0158263	0	0	0.0703229	-0.00740481	-0.625561
2018-11-09 00:00:00	-8.13214	-0.0126759	0.551372	0	0.098555	-0.00531755	0.0705413	0	0.202047	0	0	0	0	0	5.1589	-0.0106369	0.0156226	0	0	0.0209499	0.0183828	0	0	0.0706001	-0.00844685	-1.96225
2018-11-10 00:00:00	-6.3612	-0.0150187	0.623166	0	0.0256341	-0.00482647	0.0604388	0	0.18823	0	0	0	0	0	3.48408	-0.0106506	0.0156573	0	0	0.026916	0.0216429	0	0	0.071294	-0.00925753	-1.88389
2018-11-11 00:00:00	-1.09721	-0.0223607	0.589913	0	-0.0847644	-0.00288722	0.017974	0	0.102689	0	0	0	0	0	-0.111561	-0.0106544	0.0156493	0	0	0.0270678	0.0216504	0	0	0.0719824	-0.00856723	-0.491076
2018-11-12 00:00:00	-4.86858	-0.0116481	0.566786	0	0.10562	-0.00524494	0.0461673	0	0.169673	0	0	0	0	0	2.62839	-0.0106643	0.01565	0	0	0.0285653	0.0224026	0	0	0.0723142	-0.00843865	-1.24901
2018-11-13 00:00:00	-1.61085	-0.0143186	0.604177	0	-0.0480194	-0.00377668	0.0237384	0	0.131792	0	0	0	0	0	0.337849	-0.0106706	0.015641	0	0	0.0292879	0.0226801	0	0	0.0726227	-0.00862139	-0.45847
2018-11-14 00:00:00	-2.0158	-0.00367845	0.627214	0	0.0486111	-0.00283448	0.0214027	0	0.0891436	0	0	0	0	0	0.582079	-0.010674	0.0156139	0	0	0.0278997	0.021796	0	0	0.0729127	-0.00842739	-0.534741
2018-11-15 00:00:00	-0.498106	-0.358168	0.639553	0	-0.0562821	-0.00240773	0.0125877	0	0.0783372	0	0	0	0	0	-0.0517042	-0.0106726	0.0155919	0	0	0.0260691	0.0206687	0	0	0.0730896	-0.00834141	-0.119785
2018-11-16 00:00:00	-0.270832	-0.317509	0.578735	0	0.0116863	-0.00124375	0.00632932	0	0.0379768	0	0	0	0	0	-0.295648	-0.0106683	0.0155631	0	0	0.0238124	0.0193383	0	0	0.0732441	-0.0078715	-0.137088
2018-11-17 00:00:00	-0.241742	-0.27489	0.430942	0	-0.0265986	-0.00192286	0.00915732	0	0.051532	0	0	0	0	0	-0.0226739	-0.0106666	0.0155323	0	0	0.0225219	0.0185827	0	0	0.0732772	-0.0075585	0.0354939
2018-11-18 00:00:00	-0.356287	-0.140461	0.384547	0	-0.0337291	-0.000861362	0.00400321	0	0.0318516	0	0	0	0	0	0.0633198	-0.010659	0.0154855	0	0	0.0206023	0.0174281	0	0	0.0733222	-0.00751464	0.0610474
2018-11-19 00:00:00	-1.58176	0.632936	0.450835	0	0.0302462	-0.00198456	0.0103488	0	0.0475627	0	0	0	0	0	0.116787	-0.0106653	0.0154612	0	0	0.0199907	0.0170712	0	0	0.0732804	-0.00755347	-0.187446
2018-11-20 00:00:00	-6.04354	0.378777	0.407684	0	0.188623	-0.00469285	0.0501114	0	0.1497	0	0	0	0	0	3.35505	-0.0106761	0.0154685	0	0	0.0223014	0.0182984	0	0	0.0732027	-0.00865	-1.40834
2018-11-21 00:00:00	-14.3922	-0.0163923	0.414476	0	0.209818	-0.0153054	0.143791	0	0.557112	0	0	0	0	0	8.89099	-0.0107151	0.0155416	0	0	0.0381476	0.0249764	0	0	0.0734103	-0.0115099	-4.07782
2018-11-22 00:00:00	-1.09721	-0.0155988	0.33513	0	-0.147406	-0.00599141	0.034026	0	0.225582	0	0	0	0	0	-0.348503	-0.0107482	0.0155672	0	0	0.049482	0.0291427	0	0	0.0751779	-0.0106267	-0.871972
2018-11-23 00:00:00	-0.697206	-0.0536942	0.419392	0	0.0153576	-0.0036139	0.0176697	0	0.115847	0	0	0	0	0	-0.260929	-0.0107477	0.0155419	0	0	0.0438383	0.0266096	0	0	0.0762519	-0.00926183	-0.304946
2018-11-24 00:00:00	-4.58896	0.0197831	0.390693	0	0.0748328	-0.00662583	0.0526104	0	0.220128	0	0	0	0	0	2.51163	-0.0107622	0.0155443	0	0	0.0426005	0.0261074	0	0	0.0765227	-0.0103074	-1.1862
2018-11-25 00:00:00	-1.38266	-0.0224477	0.365765	0	-0.0736963	-0.00377303	0.023331	0	0.147798	0	0	0	0	0	0.267199	-0.0107832	0.0155379	0	0	0.0409175	0.0253886	0	0	0.076926	-0.0103203	-0.540818
2018-11-26 00:00:00	-0.726297	-0.0155711	0.353135	0	-0.0292715	-0.00348621	0.0165467	0	0.105163	0	0	0	0	0	-0.0166551	-0.0107868	0.0155187	0	0	0.0374077	0.0237829	0	0	0.0773612	-0.00926681	-0.18242
2018-11-27 00:00:00	-7.78941	-0.00989845	0.373386	0	0.280326	-0.0101699	0.078386	0	0.308695	0	0	0	0	0	4.57777	-0.0108103	0.0155399	0	0	0.0401412	0.0249789	0	0	0.0773621	-0.0113892	-2.05509
2018-11-28 00:00:00	-6.38628	-0.0199648	0.431976	0	0.0558728	-0.011469	0.0749152	0	0.384574	0	0	0	0	0	3.32529	-0.010857	0.0155742	0	0	0.0476539	0.0281159	0	0	0.0779611	-0.0125467	-1.99918
2018-11-29 00:00:00	-12.9698	-0.014491	0.409495	0	0.249329	-0.0200067	0.142705	0	0.687979	0	0	0	0	0	7.52799	-0.0109283	0.0156574	0	0	0.0620707	0.0332528	0	0	0.0788023	-0.0155943	-3.82352
2018-11-30 00:00:00	-9.15943	-0.0183482	0.379314	0	0.052992	-0.0194763	0.118405	0	0.677757	0	0	0	0	0	4.69194	-0.0110036	0.0157514	0	0	0.0775469	0.0386412	0	0	0.0809716	-0.0164488	-3.0914
2018-12-01 00:00:00	-0.676892	-0.0154669	0.349874	0	-0.207855	-0.00896914	0.0358029	0	0.328559	0	0	0	0	0	-0.713081	-0.0110534	0.0157772	0	0	0.075905	0.037994	0	0	0.0838106	-0.0141706	-0.719765
2018-12-02 00:00:00	-8.82438	-0.0168168	0.365051	0	0.394782	-0.0172698	0.10273	0	0.588219	0	0	0	0	0	4.71153	-0.0110897	0.0158287	0	0	0.0747518	0.0376179	0	0	0.0849889	-0.0158966	-2.50995
2018-12-03 00:00:00	-0.569111	-0.0153782	0.300581	0	-0.248901	-0.00957915	0.0357772	0	0.360639	0	0	0	0	0	-0.52344	-0.0111202	0.0158514	0	0	0.0725545	0.0366936	0	0	0.0867779	-0.0150437	-0.483698
2018-12-04 00:00:00	-0.285455	-0.0359327	0.254529	0	-0.046173	-0.00602057	0.0213078	0	0.189861	0	0	0	0	0	-0.49709	-0.0111184	0.0158476	0	0	0.0638634	0.0331171	0	0	0.0884692	-0.0121223	-0.226917
2018-12-05 00:00:00	-6.84241	0.00343733	0.266887	0	0.405536	-0.0145292	0.083283	0	0.495863	0	0	0	0	0	3.69586	-0.0111338	0.0158716	0	0	0.0620321	0.0324295	0	0	0.0887948	-0.0157107	-1.73378
2018-12-06 00:00:00	-1.2469	-0.025236	0.356783	0	-0.206242	-0.00794994	0.0328606	0	0.332597	0	0	0	0	0	0.107265	-0.0111643	0.0158833	0	0	0.060333	0.0316908	0	0	0.0901262	-0.0156894	-0.485645
2018-12-07 00:00:00	-8.95447	-0.00689254	0.357026	0	0.502763	-0.0207595	0.122827	0	0.812703	0	0	0	0	0	4.89792	-0.0112112	0.0159389	0	0	0.0623284	0.0325092	0	0	0.090483	-0.0195817	-2.11842
2018-12-08 00:00:00	-2.43654	-0.0162248	0.347701	0	-0.185326	-0.0127939	0.0598661	0	0.601742	0	0	0	0	0	0.659663	-0.011249	0.0159983	0	0	0.0638679	0.0331139	0	0	0.0927818	-0.0190068	-0.806406
2018-12-09 00:00:00	-0.0854547	-0.18141	0.269365	0	-0.156892	-0.00646325	0.025297	0	0.28269	0	0	0	0	0	-0.554721	-0.0112618	0.0160074	0	0	0.0582724	0.0308214	0	0	0.0953891	-0.0146744	-0.233034
2018-12-10 00:00:00	-0.2	-0.0320691	0.233388	0	-0.0964614	-0.00378756	0.014215	0	0.155306	0	0	0	0	0	-0.368608	-0.0112565	0.0159961	0	0	0.0509214	0.0277909	0	0	0.096465	-0.0125772	-0.130676
2018-12-11 00:00:00	0	-0.28969	0.309337	0	0.0146833	-0.00455419	0.0184484	0	0.146061	0	0	0	0	0	-0.293342	-0.0112515	0.0159876	0	0	0.0461394	0.0258662	0	0	0.096894	-0.0118059	0.0627737
2018-12-12 00:00:00	0	-0.292446	0.315232	0	-0.0482489	-0.00230503	0.00986566	0	0.10272	0	0	0	0	0	-0.300068	-0.0112398	0.0159617	0	0	0.039951	0.0233104	0	0	0.0971943	-0.0112037	-0.0612762
2018-12-13 00:00:00	0	-0.248396	0.267775	0	-0.046092	-0.00326075	0.0138215	0	0.0875352	0	0	0	0	0	-0.0860769	-0.0112371	0.0159534	0	0	0.0373674	0.0223157	0	0	0.0973885	-0.010308	0.136786
2018-12-14 00:00:00	-0.114545	-0.122194	0.248716	0	-0.0160273	-0.00223904	0.00973619	0	0.073875	0	0	0	0	0	-0.0877046	-0.0112287	0.0159299	0	0	0.0337552	0.0208458	0	0	0.0974724	-0.0100362	0.136356
2018-12-15 00:00:00	-2.69969	0.92574	0.215007	0	0.14264	-0.00534714	0.0265198	0	0.167085	0	0	0	0	0	0.834881	-0.0112273	0.0159371	0	0	0.0333998	0.020752	0	0	0.0974391	-0.00985518	-0.246716
2018-12-16 00:00:00	-6.85089	0.0863092	0.292373	0	0.450638	-0.0130727	0.0849454	0	0.636051	0	0	0	0	0	3.77627	-0.0112318	0.0159558	0	0	0.0346622	0.0207491	0	0	0.0958222	-0.0186542	-1.40007
2018-12-17 00:00:00	-0.387821	-0.092058	0.280609	0	-0.284422	-0.00647602	0.0222945	0	0.365147	0	0	0	0	0	-0.187419	-0.0112317	0.0159828	0	0	0.0331492	0.0196634	0	0	0.0966812	-0.0188935	-0.154795
2018-12-18 00:00:00	-3.49444	-0.106203	0.339048	0	0.241108	-0.00939192	0.0492174	0	0.436427	0	0	0	0	0	1.7555	-0.0112377	0.0159798	0	0	0.0315435	0.0187791	0	0	0.0977199	-0.0180649	-0.654013
2018-12-19 00:00:00	-0.225475	-0.120863	0.303862	0	-0.2175	-0.00502558	0.0164829	0	0.284948	0	0	0	0	0	-0.273941	-0.011252	0.0159738	0	0	0.0299086	0.0179933	0	0	0.09881	-0.0165836	-0.102661
2018-12-20 00:00:00	-1.91813	-0.0665778	0.275935	0	0.146505	-0.00636575	0.0308535	0	0.267559	0	0	0	0	0	0.846433	-0.0112463	0.0159484	0	0	0.0282126	0.0173701	0	0	0.0998954	-0.0157143	-0.289322
2018-12-21 00:00:00	-0.807881	-0.0920496	0.292243	0	-0.0573068	-0.00500013	0.0195143	0	0.249379	0	0	0	0	0	0.121965	-0.0112407	0.015929	0	0	0.026808	0.0168326	0	0	0.100596	-0.0159403	-0.146153
2018-12-22 00:00:00	-1.21938	-0.0970562	0.302292	0	0.0209666	-0.00508967	0.022355	0	0.230175	0	0	0	0	0	0.472214	-0.0112351	0.0159117	0	0	0.0256297	0.0164024	0	0	0.101716	-0.0149645	-0.140061
2018-12-23 00:00:00	-0.0854547	-0.161521	0.261658	0	-0.127217	-0.00332589	0.0112177	0	0.162982	0	0	0	0	0	-0.165599	-0.0112331	0.0158966	0	0	0.0244094	0.0160295	0	0	0.102645	-0.0135948	0.026893
2018-12-24 00:00:00	-0.14002	-0.00920066	0.193675	0	-0.0606564	-0.00212088	0.00718526	0	0.0852439	0	0	0	0	0	-0.14832	-0.0112256	0.015878	0	0	0.0228775	0.0156745	0	0	0.1034	-0.0115031	0.0608873
2018-12-25 00:00:00	-0.14002	-0.0899173	0.304543	0	-0.0563179	-0.00201053	0.00686601	0	0.0738049	0	0	0	0	0	-0.123474	-0.0112223	0.0158601	0	0	0.0215869	0.0153958	0	0	0.103485	-0.0107603	0.107819
2018-12-26 00:00:00	0	-0.215214	0.305454	0	-0.0477291	-0.00163137	0.00600333	0	0.0564861	0	0	0	0	0	-0.111083	-0.0112096	0.0158374	0	0	0.0203401	0.0151267	0	0	0.103457	-0.0101283	0.125709
2018-12-27 00:00:00	0	-0.219817	0.312788	0	-0.0391097	-0.00141911	0.00533322	0	0.047845	0	0	0	0	0	-0.0912529	-0.0111939	0.0158136	0	0	0.0192503	0.0148862	0	0	0.103406	-0.00968634	0.146843
2018-12-28 00:00:00	-0.473276	0.22399	0.309505	0	-0.0375226	-0.00149542	0.00550462	0	0.0474112	0	0	0	0	0	-0.057629	-0.0111855	0.015777	0	0	0.018401	0.0146568	0	0	0.10327	-0.00950728	0.147899
2018-12-29 00:00:00	-4.08992	0.269825	0.319725	0	0.440333	-0.00796615	0.0469983	0	0.277512	0	0	0	0	0	2.06614	-0.0111762	0.015773	0	0	0.0180984	0.0143556	0	0	0.101963	-0.0157417	-0.554083
2018-12-30 00:00:00	-0.722427	-0.0170256	0.350963	0	-0.161711	-0.00488758	0.0169298	0	0.266481	0	0	0	0	0	0.11906	-0.011179	0.0157571	0	0	0.0181285	0.0140802	0	0	0.101977	-0.0174647	-0.0313179
2018-12-31 00:00:00	-0.387821	-0.0146652	0.291751	0	-0.0598549	-0.00296319	0.0104138	0	0.137412	0	0	0	0	0	-0.0349646	-0.0111692	0.0157302	0	0	0.0175697	0.0138526	0	0	0.103392	-0.0136999	0.0649835
2019-01-01 00:00:00	-0.627764	-0.0123037	0.32821	0	-0.00289702	-0.00336838	0.0107499	0	0.116832	0	0	0	0	0	0.106372	-0.0111592	0.015714	0	0	0.0171588	0.0137252	0	0	0.103717	-0.0126874	0.0422988
2019-01-02 00:00:00	0	-0.130316	0.180453	0	-0.0554719	-0.002285	0.00677945	0	0.0846476	0	0	0	0	0	-0.108971	-0.0111342	0.0157003	0	0	0.0168245	0.0136393	0	0	0.103959	-0.0116694	0.102156
2019-01-03 00:00:00	0	-0.166366	0.245343	0	-0.0450694	-0.00178301	0.00623163	0	0.0623824	0	0	0	0	0	-0.0999644	-0.0111238	0.0156741	0	0	0.0163895	0.0135266	0	0	0.104147	-0.0105654	0.128822
2019-01-04 00:00:00	0	-0.201948	0.298078	0	-0.0602712	-0.00150422	0.00531514	0	0.0488324	0	0	0	0	0	-0.0931897	-0.0111196	0.0156219	0	0	0.0159521	0.0133938	0	0	0.104141	-0.00991698	0.123384
2019-01-05 00:00:00	0	-0.191824	0.283038	0	-0.0285264	-0.00143493	0.00548819	0	0.0414723	0	0	0	0	0	-0.0560112	-0.0111173	0.0155869	0	0	0.0155802	0.0132752	0	0	0.103997	-0.00952134	0.180004
2019-01-06 00:00:00	-1.28774	0.759704	0.345024	0	0.014894	-0.00221706	0.0080228	0	0.0584333	0	0	0	0	0	0.0726609	-0.0111107	0.0155726	0	0	0.0154501	0.0132615	0	0	0.103824	-0.00959795	0.0961765
2019-01-07 00:00:00	-1.00319	0.136328	0.373893	0	0.0516475	-0.00314221	0.00987766	0	0.0747403	0	0	0	0	0	0.302625	-0.0111041	0.0155395	0	0	0.0156091	0.0133121	0	0	0.103527	-0.0105424	0.0691213
2019-01-08 00:00:00	-0.20094	-0.213895	0.286285	0	-0.0205396	-0.00285424	0.0084901	0	0.078541	0	0	0	0	0	0.0282647	-0.0110968	0.0155167	0	0	0.0157037	0.0133559	0	0	0.103308	-0.0110123	0.0891264
2019-01-09 00:00:00	-0.37095	-0.0528222	0.232927	0	0.00380642	-0.00257992	0.0068474	0	0.0703237	0	0	0	0	0	0.0324242	-0.0110964	0.0154746	0	0	0.0156808	0.0133921	0	0	0.103236	-0.0109005	0.0457625
2019-01-10 00:00:00	-0.20094	-0.253986	0.348279	0	-0.0671873	-0.00264469	0.00742119	0	0.0687844	0	0	0	0	0	0.118927	-0.0110912	0.0154425	0	0	0.0156538	0.0134164	0	0	0.102897	-0.0108557	0.144117
2019-01-11 00:00:00	-0.548624	0.0270063	0.330718	0	0.0366555	-0.00317419	0.00958365	0	0.0719277	0	0	0	0	0	0.0522647	-0.0110802	0.0154321	0	0	0.0156323	0.0134318	0	0	0.10248	-0.0108624	0.101391
2019-01-12 00:00:00	-2.31818	0.648166	0.370843	0	0.170623	-0.0049069	0.016477	0	0.127873	0	0	0	0	0	0.758744	-0.0110754	0.0154169	0	0	0.0160428	0.0134568	0	0	0.102063	-0.011905	-0.106365
2019-01-13 00:00:00	-1.99959	0.0301105	0.384121	0	0.0687582	-0.00620805	0.0256633	0	0.244198	0	0	0	0	0	0.918552	-0.0110721	0.0154214	0	0	0.0185537	0.0138027	0	0	0.101915	-0.0128195	-0.208594
2019-01-14 00:00:00	-0.634078	-0.0202083	0.344588	0	-0.0563499	-0.00472857	0.0176383	0	0.194386	0	0	0	0	0	0.0821862	-0.0110745	0.0153963	0	0	0.0194857	0.0141761	0	0	0.102333	-0.0127093	0.0510408
2019-01-15 00:00:00	-0.434078	-0.104668	0.318884	0	-0.0025788	-0.00281222	0.00846681	0	0.108586	0	0	0	0	0	0.016309	-0.0110549	0.0153724	0	0	0.0187344	0.0140558	0	0	0.102806	-0.0120359	0.0359859
2019-01-16 00:00:00	-2.06272	0.0957357	0.351817	0	0.12496	-0.00664886	0.0269639	0	0.198007	0	0	0	0	0	0.949962	-0.0110602	0.0153641	0	0	0.0200373	0.0145538	0	0	0.102877	-0.0125711	-0.192721
2019-01-17 00:00:00	-0.0845553	-0.18842	0.279013	0	-0.0956424	-0.00389319	0.0157645	0	0.167277	0	0	0	0	0	-0.0631699	-0.0110601	0.0153508	0	0	0.0206389	0.0148417	0	0	0.103115	-0.0122139	0.157045
2019-01-18 00:00:00	-0.286395	-0.112504	0.288548	0	-0.0198635	-0.00270378	0.00985627	0	0.103564	0	0	0	0	0	0.00232878	-0.0110507	0.0153331	0	0	0.0198234	0.0146255	0	0	0.103489	-0.0111475	0.113903
2019-01-19 00:00:00	0	-0.278259	0.299801	0	-0.09142	-0.00286864	0.0100937	0	0.0857341	0	0	0	0	0	-0.0559475	-0.0110426	0.0153215	0	0	0.0192647	0.0144737	0	0	0.103525	-0.0108646	0.0978106
2019-01-20 00:00:00	0	-0.278058	0.30186	0	0.0129868	-0.00141328	0.0052021	0	0.0537309	0	0	0	0	0	-0.0982203	-0.0110302	0.015294	0	0	0.0184804	0.0142436	0	0	0.103627	-0.00996177	0.126741
2019-01-21 00:00:00	-3.63992	0.797438	0.279428	0	0.333939	-0.00782018	0.0392454	0	0.214207	0	0	0	0	0	1.47709	-0.011034	0.0152778	0	0	0.019667	0.0146269	0	0	0.103068	-0.0120692	-0.376865
2019-01-22 00:00:00	-1.11773	-0.0135978	0.315585	0	-0.104121	-0.00659466	0.0270618	0	0.298592	0	0	0	0	0	0.383212	-0.0110388	0.0152757	0	0	0.0219945	0.015403	0	0	0.102724	-0.0148379	-0.0880756
2019-01-23 00:00:00	-0.0845553	-0.172693	0.258985	0	-0.201193	-0.00254875	0.00944097	0	0.150713	0	0	0	0	0	0.0663233	-0.0110193	0.0152583	0	0	0.0212647	0.0151665	0	0	0.103673	-0.0127162	0.156099
2019-01-24 00:00:00	-0.946825	0.112916	0.342548	0	0.109646	-0.0048251	0.0192406	0	0.128829	0	0	0	0	0	0.0885405	-0.0110188	0.0152278	0	0	0.0212573	0.0151624	0	0	0.10408	-0.0112225	-0.0164443
2019-01-25 00:00:00	-3.66812	0.0268866	0.461625	0	0.304016	-0.0108206	0.0531472	0	0.41387	0	0	0	0	0	1.79871	-0.0110209	0.0152283	0	0	0.0240797	0.0161485	0	0	0.103459	-0.0144759	-0.487262
2019-01-26 00:00:00	-5.11025	-0.0139753	0.471916	0	0.185793	-0.0174063	0.0889469	0	0.839303	0	0	0	0	0	2.58842	-0.0110302	0.0152555	0	0	0.0293639	0.0179565	0	0	0.102544	-0.0209912	-0.834155
2019-01-27 00:00:00	0	-0.365815	0.387254	0	-0.343396	-0.00654306	0.0258819	0	0.411853	0	0	0	0	0	-0.222826	-0.0110345	0.015259	0	0	0.0308151	0.0184298	0	0	0.105626	-0.018156	0.0273482
2019-01-28 00:00:00	-0.286395	-0.110028	0.320912	0	0.0308306	-0.00495456	0.0193075	0	0.179793	0	0	0	0	0	-0.175132	-0.0110289	0.0152472	0	0	0.028669	0.0176992	0	0	0.108215	-0.0136769	0.119458
2019-01-29 00:00:00	-3.58941	0.443494	0.369923	0	0.249301	-0.0111149	0.0521025	0	0.435276	0	0	0	0	0	1.50341	-0.0110308	0.0152472	0	0	0.028262	0.0175219	0	0	0.107992	-0.0171838	-0.406204
2019-01-30 00:00:00	-0.20094	-0.246009	0.332353	0	-0.255339	-0.00600259	0.021765	0	0.33992	0	0	0	0	0	-0.0803989	-0.0110282	0.0152422	0	0	0.0283798	0.0175491	0	0	0.108542	-0.0172231	0.0468103
2019-01-31 00:00:00	-0.37095	-0.0692421	0.262129	0	0.0216231	-0.00512988	0.0170612	0	0.170113	0	0	0	0	0	-0.0592521	-0.0110224	0.0152251	0	0	0.0265744	0.0169352	0	0	0.109746	-0.0140978	0.109713
2019-02-01 00:00:00	-0.0893068	-0.219326	0.305445	0	-0.0885461	-0.00324234	0.0109732	0	0.129407	0	0	0	0	0	-0.15763	-0.0110031	0.0152099	0	0	0.0247222	0.0163074	0	0	0.110058	-0.0130011	0.0300666
2019-02-02 00:00:00	-1.2938	0.476978	0.331734	0	0.0639153	-0.00415323	0.0141987	0	0.113651	0	0	0	0	0	0.203647	-0.0109822	0.0151932	0	0	0.0234006	0.0158329	0	0	0.110254	-0.0123113	0.0475538
2019-02-03 00:00:00	-2.94585	-0.00379379	0.463493	0	0.228697	-0.00921005	0.0480317	0	0.382403	0	0	0	0	0	1.37181	-0.0109759	0.0151906	0	0	0.024074	0.015943	0	0	0.109191	-0.0166921	-0.327691
2019-02-04 00:00:00	-1.18106	-0.003914	0.463318	0	-0.0954669	-0.00721374	0.0313027	0	0.363519	0	0	0	0	0	0.292544	-0.0109752	0.0151826	0	0	0.024343	0.0159826	0	0	0.109389	-0.0180536	-0.00109971
2019-02-05 00:00:00	-4.71856	-0.0139312	0.456263	0	0.337683	-0.0146284	0.0778299	0	0.711701	0	0	0	0	0	2.32824	-0.0109891	0.0151952	0	0	0.0271831	0.0168795	0	0	0.10906	-0.020751	-0.698826
2019-02-06 00:00:00	-0.607899	-0.106475	0.533319	0	-0.332227	-0.0076574	0.0305902	0	0.483252	0	0	0	0	0	-0.0765235	-0.0109814	0.015207	0	0	0.0282331	0.0171995	0	0	0.110193	-0.0194428	0.0567882
2019-02-07 00:00:00	-1.01105	0.033742	0.485723	0	0.0193838	-0.00556897	0.0238817	0	0.236316	0	0	0	0	0	0.0804243	-0.0109733	0.0151873	0	0	0.0264258	0.0166022	0	0	0.11197	-0.0161884	0.00587776
2019-02-08 00:00:00	-4.81752	0.0346567	0.598427	0	0.367427	-0.015042	0.0816396	0	0.743574	0	0	0	0	0	2.24699	-0.0109736	0.0151887	0	0	0.0278981	0.0169931	0	0	0.110473	-0.0218117	-0.62208
2019-02-09 00:00:00	-3.47822	-0.0149408	0.588214	0	-0.0659641	-0.015126	0.0724278	0	0.882239	0	0	0	0	0	1.45129	-0.010983	0.0152225	0	0	0.0318552	0.018121	0	0	0.110718	-0.0233377	-0.438491
2019-02-10 00:00:00	-0.173862	-0.342418	0.540245	0	-0.246542	-0.00695003	0.0288125	0	0.423534	0	0	0	0	0	-0.271096	-0.0109798	0.015211	0	0	0.0317863	0.0180637	0	0	0.113466	-0.0185443	0.100727
2019-02-11 00:00:00	-0.174761	-0.304507	0.501688	0	-0.068463	-0.00421169	0.0173821	0	0.183672	0	0	0	0	0	-0.219972	-0.0109701	0.01519	0	0	0.029331	0.0172963	0	0	0.115194	-0.0145988	0.082269
2019-02-12 00:00:00	-0.543872	-0.142756	0.679956	0	-0.0400084	-0.00277021	0.0111436	0	0.118207	0	0	0	0	0	-0.226998	-0.0109599	0.0151646	0	0	0.0268566	0.0165252	0	0	0.115634	-0.0131477	0.00297397
2019-02-13 00:00:00	-0.607	-0.0370069	0.609164	0	-0.0527445	-0.00315009	0.0125484	0	0.107907	0	0	0	0	0	-0.116764	-0.0109497	0.0151325	0	0	0.0251767	0.0160111	0	0	0.115759	-0.0124146	0.0616688
2019-02-14 00:00:00	-0.0893068	-0.293257	0.670205	0	-0.151346	-0.00262503	0.00924062	0	0.0905855	0	0	0	0	0	-0.135761	-0.0109459	0.0151009	0	0	0.0236163	0.0156181	0	0	0.115699	-0.011955	0.244869
2019-02-15 00:00:00	-0.173862	-0.161469	0.706114	0	-0.16833	-0.0012527	0.00277849	0	0.0431757	0	0	0	0	0	-0.219016	-0.0109379	0.0150911	0	0	0.0214628	0.0151418	0	0	0.115744	-0.010985	0.173654
2019-02-16 00:00:00	-0.259317	-0.106528	0.717641	0	-0.1408	-0.00123291	0.00327925	0	0.0308647	0	0	0	0	0	-0.176928	-0.0109263	0.0150561	0	0	0.0196601	0.0146795	0	0	0.115529	-0.0102659	0.210711
2019-02-17 00:00:00	-0.522445	-0.017693	0.746307	0	-0.0455832	-0.00149669	0.00470094	0	0.0355487	0	0	0	0	0	-0.107181	-0.0109195	0.0150357	0	0	0.0183592	0.0141697	0	0	0.115137	-0.0100813	0.233859
2019-02-18 00:00:00	-4.301	1.27095	0.706811	0	0.567624	-0.00494947	0.0194695	0	0.113088	0	0	0	0	0	1.21775	-0.0109156	0.0150248	0	0	0.0193205	0.0139703	0	0	0.114642	-0.0112974	-0.269508
2019-02-19 00:00:00	-2.71361	0.0214636	0.734944	0	0.157111	-0.00886224	0.0440169	0	0.378456	0	0	0	0	0	0.966745	-0.0109194	0.015028	0	0	0.0222115	0.0143543	0	0	0.113774	-0.0161482	-0.281436
2019-02-20 00:00:00	-1.96098	-0.00577495	0.775397	0	0.00768024	-0.00785195	0.0367827	0	0.380888	0	0	0	0	0	0.557927	-0.0109159	0.0150238	0	0	0.0230261	0.0146349	0	0	0.113688	-0.0178274	-0.0783018
2019-02-21 00:00:00	-0.0893068	-0.710747	0.855912	0	-0.152013	-0.00333611	0.0137006	0	0.195939	0	0	0	0	0	-0.215481	-0.010906	0.0150027	0	0	0.0222793	0.0145001	0	0	0.114711	-0.0150975	0.0351572
2019-02-22 00:00:00	-0.0893068	-0.460577	0.910385	0	-0.208399	-0.00232272	0.00820287	0	0.0982602	0	0	0	0	0	-0.28476	-0.0108991	0.0149686	0	0	0.0209329	0.014253	0	0	0.115453	-0.012383	0.113808
2019-02-23 00:00:00	-0.259317	-0.163128	0.838702	0	-0.195419	-0.00175484	0.00431499	0	0.0523888	0	0	0	0	0	-0.175166	-0.0108938	0.0149449	0	0	0.0193912	0.0140364	0	0	0.115482	-0.0112122	0.24237
2019-02-24 00:00:00	-0.344772	-0.115537	0.878061	0	-0.106671	-0.00107989	0.00241293	0	0.02796	0	0	0	0	0	-0.245527	-0.0108842	0.0149124	0	0	0.0176025	0.0136875	0	0	0.11521	-0.0104715	0.234904
2019-02-25 00:00:00	-0.0893068	-0.275949	1.46337	0	-0.436745	-0.000829616	0.00155139	0	0.0271434	0	0	0	0	0	-0.494655	-0.0108762	0.0148771	0	0	0.0157335	0.0128876	0	0	0.114774	-0.0099968	0.331981
2019-02-26 00:00:00	-0.173862	-0.246114	1.53159	0	-0.408379	-0.000483565	0.000304376	0	0.0112072	0	0	0	0	0	-0.462265	-0.0108681	0.0148584	0	0	0.0137368	0.0120228	0	0	0.114294	-0.00950214	0.386537
2019-02-27 00:00:00	-0.0893068	-0.152819	1.03505	0	-0.102385	-0.000345856	0.000572211	0	0.00698068	0	0	0	0	0	-0.453206	-0.0108479	0.0148295	0	0	0.0122359	0.011388	0	0	0.113827	-0.00920019	0.376769
2019-02-28 00:00:00	-0.259317	-0.0606852	0.679352	0	-0.00987178	-0.00066862	0.00111412	0	0.0123129	0	0	0	0	0	-0.204472	-0.01083	0.014804	0	0	0.0118378	0.011215	0	0	0.11312	-0.00913842	0.288773
2019-03-01 00:00:00	-0.899219	0.0568178	0.853124	0	0.0440559	-0.00139773	0.00353627	0	0.0255592	0	0	0	0	0	0.117838	-0.010827	0.014786	0	0	0.0119193	0.0112601	0	0	0.111827	-0.00915762	0.330122
2019-03-02 00:00:00	-2.55107	1.03479	0.962755	0	0.197208	-0.00135463	0.00420588	0	0.0224272	0	0	0	0	0	0.270441	-0.0108207	0.0147597	0	0	0.0124682	0.011489	0	0	0.11126	-0.00912388	0.0694432
2019-03-03 00:00:00	-4.89156	0.669671	0.844095	0	0.711847	-0.00507275	0.0228761	0	0.121665	0	0	0	0	0	1.76666	-0.0108252	0.0147666	0	0	0.016088	0.0121655	0	0	0.110844	-0.0103056	-0.627086
2019-03-04 00:00:00	-10.763	0.351065	0.837125	0	1.21608	-0.0279194	0.145808	0	1.16404	0	0	0	0	0	5.0647	-0.0108526	0.0148247	0	0	0.0280675	0.0160138	0	0	0.108825	-0.0208298	-1.87605
2019-03-05 00:00:00	-2.57836	-0.00711822	0.823678	0	-0.338951	-0.0181987	0.0773818	0	1.03609	0	0	0	0	0	0.584463	-0.0108587	0.0148765	0	0	0.0373012	0.0189512	0	0	0.10992	-0.0239522	-0.274773
2019-03-06 00:00:00	-11.2176	-0.00790057	0.907095	0	0.598252	-0.0425826	0.214293	0	2.18986	0	0	0	0	0	5.44985	-0.0108895	0.0149573	0	0	0.04975	0.0222301	0	0	0.110012	-0.0293076	-1.75196
2019-03-07 00:00:00	-5.7452	-0.00469565	0.903173	0	-0.153377	-0.0333634	0.159677	0	1.90788	0	0	0	0	0	2.05705	-0.0109308	0.0150252	0	0	0.0629928	0.0257737	0	0	0.113313	-0.0304029	-0.733084
2019-03-08 00:00:00	-4.9479	-0.00230376	0.790668	0	0.107795	-0.0279589	0.137648	0	1.52073	0	0	0	0	0	1.65988	-0.0109679	0.0150638	0	0	0.0652358	0.0265483	0	0	0.117116	-0.0287877	-0.577232
2019-03-09 00:00:00	-1.35378	-0.0231529	0.895803	0	-0.441314	-0.0146096	0.0613785	0	0.893702	0	0	0	0	0	-0.286107	-0.0109832	0.015068	0	0	0.0614621	0.02546	0	0	0.120771	-0.0241488	-0.0804538
2019-03-10 00:00:00	-5.26155	-0.00563195	0.825454	0	0.348767	-0.0239501	0.124037	0	1.21292	0	0	0	0	0	1.99062	-0.0109962	0.0150928	0	0	0.0603678	0.0252338	0	0	0.121533	-0.0253289	-0.603429
2019-03-11 00:00:00	-1.98106	0.0063082	0.954954	0	-0.110269	-0.0159812	0.0732855	0	0.880613	0	0	0	0	0	0.0466842	-0.0110042	0.0150943	0	0	0.0579995	0.0245401	0	0	0.122908	-0.0246681	0.0394074
2019-03-12 00:00:00	-20.2684	-0.00082129	0.995456	0	1.2107	-0.0904291	0.456704	0	4.60424	0	0	0	0	0	10.1895	-0.0110725	0.0152464	0	0	0.0897692	0.0332768	0	0	0.118833	-0.0386441	-2.69568
2019-03-13 00:00:00	-4.26586	-0.0117962	1.1054	0	-0.743597	-0.0422438	0.18658	0	2.46929	0	0	0	0	0	0.518343	-0.0111233	0.0153578	0	0	0.117397	0.0406897	0	0	0.124403	-0.0338439	-0.53101
2019-03-14 00:00:00	-12.9453	-0.00415721	1.1134	0	0.675331	-0.0754865	0.352645	0	3.65267	0	0	0	0	0	5.39766	-0.0111499	0.0154799	0	0	0.130704	0.0447916	0	0	0.124788	-0.0375225	-1.5661
2019-03-15 00:00:00	-3.88641	-0.0103757	1.08119	0	-0.626099	-0.0414003	0.169523	0	2.23679	0	0	0	0	0	0.339108	-0.0111683	0.0155614	0	0	0.137087	0.0467906	0	0	0.129453	-0.0312165	-0.451163
2019-03-16 00:00:00	-18.1827	-0.00718469	0.93396	0	0.908896	-0.113369	0.52876	0	5.36567	0	0	0	0	0	7.98522	-0.0112243	0.0157028	0	0	0.162956	0.0546911	0	0	0.125419	-0.043995	-2.27717
2019-03-17 00:00:00	-0.424593	-0.495698	0.972097	0	-1.01387	-0.0359677	0.134908	0	1.99672	0	0	0	0	0	-1.41511	-0.011249	0.0157833	0	0	0.171892	0.056589	0	0	0.132182	-0.0338179	0.0498611
2019-03-18 00:00:00	-0.304633	-0.474232	0.987631	0	-0.278076	-0.0210476	0.079198	0	0.913482	0	0	0	0	0	-1.04438	-0.0112209	0.015806	0	0	0.146827	0.0493425	0	0	0.136955	-0.0249404	0.170708
2019-03-19 00:00:00	-0.620978	-0.251126	1.23321	0	-0.212031	-0.0136958	0.0509426	0	0.498514	0	0	0	0	0	-0.795055	-0.011218	0.0157909	0	0	0.125131	0.0432378	0	0	0.139031	-0.0209419	0.180811
2019-03-20 00:00:00	-0.415563	-0.239824	1.39482	0	-0.176836	-0.00699879	0.0229471	0	0.227054	0	0	0	0	0	-0.776161	-0.0112119	0.0157757	0	0	0.105672	0.0380427	0	0	0.140383	-0.0178859	0.300219
2019-03-21 00:00:00	-1.58286	0.308047	1.45103	0	-0.0735081	-0.00630814	0.0220698	0	0.196345	0	0	0	0	0	-0.38489	-0.0112079	0.0157591	0	0	0.0906652	0.0338417	0	0	0.140886	-0.01689	0.182982
2019-03-22 00:00:00	-1.95198	0.441315	1.35037	0	-0.0110809	-0.00669099	0.0258824	0	0.216775	0	0	0	0	0	-0.128441	-0.0112043	0.0157431	0	0	0.0783377	0.0302128	0	0	0.141014	-0.0165018	0.173747
2019-03-23 00:00:00	0	-0.916324	1.19418	0	-0.190288	-0.00409352	0.0173817	0	0.165882	0	0	0	0	0	-0.247114	-0.0112005	0.015726	0	0	0.0686644	0.0273289	0	0	0.141355	-0.0150179	0.246477
2019-03-24 00:00:00	-0.443754	-0.150729	1.17263	0	-0.30472	-0.00219665	0.00648346	0	0.0705387	0	0	0	0	0	-0.261881	-0.0111948	0.0157085	0	0	0.0588268	0.0243233	0	0	0.141707	-0.013316	0.302424
2019-03-25 00:00:00	0	-0.198144	1.13296	0	-0.439723	-0.00140748	0.00279896	0	0.0364326	0	0	0	0	0	-0.393361	-0.0111901	0.0156892	0	0	0.0506256	0.0218903	0	0	0.141671	-0.0121868	0.346057
2019-03-26 00:00:00	-0.0545653	-0.208915	1.27347	0	-0.332364	-0.000790376	0.00122014	0	0.0157449	0	0	0	0	0	-0.416759	-0.0111832	0.0156678	0	0	0.0425576	0.0195122	0	0	0.141344	-0.0115321	0.473413
2019-03-27 00:00:00	0	-0.223163	1.31052	0	-0.322304	-0.000969388	0.00146273	0	0.0184403	0	0	0	0	0	-0.403978	-0.0111764	0.0156448	0	0	0.0361188	0.017664	0	0	0.140659	-0.0112065	0.567713
2019-03-28 00:00:00	0	-0.218213	1.34417	0	-0.251097	-0.00111806	0.00170712	0	0.0163921	0	0	0	0	0	-0.391885	-0.011172	0.0156329	0	0	0.0318952	0.0164897	0	0	0.139832	-0.0109423	0.681688
2019-03-29 00:00:00	0	-0.160531	1.32407	0	-0.129616	-0.000512852	0.000464409	0	0.00966831	0	0	0	0	0	-0.527191	-0.0111601	0.0155972	0	0	0.0253085	0.0146588	0	0	0.139327	-0.0106621	0.689427
2019-03-30 00:00:00	0	-0.0458382	1.21362	0	-0.25435	-0.000176686	0.000133493	0	0.0070761	0	0	0	0	0	-0.232141	-0.0111519	0.0155644	0	0	0.0217334	0.0136844	0	0	0.138285	-0.0102701	0.856169
2019-03-31 00:00:00	0	0	1.14459	0	-0.083453	-1.19183E-05	8.67872E-05	0	0.00346046	0	0	0	0	0	-0.534283	-0.0111482	0.0155482	0	0	0.0191706	0.0129652	0	0	0.137478	-0.00974368	0.694659
2019-04-01 00:00:00	-0.210811	0	1.10923	0	-0.0285435	-3.21595E-05	0.000281355	0	0.00190828	0	0	0	0	0	-0.282578	-0.0111414	0.0155225	0	0	0.0170941	0.0124024	0	0	0.136288	-0.00947627	0.75014
2019-04-02 00:00:00	-6.37076	1.6879	1.27129	0	0.648685	-0.00163445	0.0090898	0	0.0312204	0	0	0	0	0	1.56741	-0.0111522	0.0155321	0	0	0.0196509	0.0126666	0	0	0.134866	-0.00943582	-0.99467
2019-04-03 00:00:00	-14.6219	1.09664	1.25254	0	2.54135	-0.0264813	0.143269	0	1.04272	0	0	0	0	0	5.73449	-0.0111958	0.0155948	0	0	0.036305	0.0171561	0	0	0.132969	-0.0185009	-2.66506
2019-04-04 00:00:00	-5.96395	0.00677794	1.36459	0	0.012701	-0.0361265	0.165011	0	1.91947	0	0	0	0	0	1.75898	-0.0112387	0.0156379	0	0	0.0519096	0.0216483	0	0	0.132723	-0.0297043	-0.591578
2019-04-05 00:00:00	0	-1.07184	1.47159	0	-0.67831	-0.011707	0.0469459	0	0.752215	0	0	0	0	0	-0.617706	-0.0112525	0.0156228	0	0	0.0510771	0.0215903	0	0	0.137394	-0.0229027	0.0827208
2019-04-06 00:00:00	-1.45877	0.112824	1.35443	0	0.0694502	-0.00704632	0.0274573	0	0.299854	0	0	0	0	0	-0.35641	-0.0112519	0.0156062	0	0	0.0453678	0.0203486	0	0	0.140313	-0.0174488	0.234724
2019-04-07 00:00:00	-0.451613	-0.230288	1.09963	0	-0.266545	-0.00324836	0.016071	0	0.16925	0	0	0	0	0	-0.340203	-0.0112451	0.0155852	0	0	0.0391556	0.0189914	0	0	0.140936	-0.0157681	0.180708
2019-04-08 00:00:00	0	-0.422605	1.49952	0	-0.558626	-0.00159034	0.00404546	0	0.0674785	0	0	0	0	0	-0.523269	-0.0112382	0.0155673	0	0	0.0333329	0.0173807	0	0	0.14135	-0.0134176	0.247933
2019-04-09 00:00:00	0	-0.238266	1.37455	0	-0.410763	-0.00103552	0.00140084	0	0.0225467	0	0	0	0	0	-0.506372	-0.0112307	0.0155477	0	0	0.0278889	0.0157442	0	0	0.141108	-0.0116356	0.419484
2019-04-10 00:00:00	-0.17001	-0.262225	1.70641	0	-0.426042	-0.00149725	0.00229033	0	0.0290037	0	0	0	0	0	-0.457822	-0.0112243	0.0155331	0	0	0.0242016	0.0146012	0	0	0.140223	-0.0112074	0.592232
2019-04-11 00:00:00	0	-0.339201	1.98385	0	-0.452472	-0.000652253	0.000443927	0	0.013344	0	0	0	0	0	-0.694595	-0.0112105	0.0155023	0	0	0.0186664	0.0128745	0	0	0.139691	-0.0107749	0.675469
2019-04-12 00:00:00	0	-0.225415	1.47014	0	-0.186081	-0.000560294	0.000329185	0	0.0107591	0	0	0	0	0	-0.40943	-0.0112067	0.0154924	0	0	0.0166935	0.0122565	0	0	0.138369	-0.010369	0.820977
2019-04-13 00:00:00	0	-0.0958927	1.2428	0	-0.11409	-0.000161364	0.0001934	0	0.00825631	0	0	0	0	0	-0.451303	-0.0111959	0.0154627	0	0	0.0140986	0.0114197	0	0	0.137546	-0.0101149	0.747019
2019-04-14 00:00:00	0	-0.018088	1.32329	0	-0.202276	-1.28162E-08	1.66472E-06	0	0.00403367	0	0	0	0	0	-0.327853	-0.0111834	0.0154322	0	0	0.0124306	0.0108095	0	0	0.136491	-0.00951893	0.933564
2019-04-15 00:00:00	0	0	1.4152	0	-0.0948184	-8.26069E-06	9.91554E-05	0	0.00174194	0	0	0	0	0	-0.59093	-0.0111756	0.0154152	0	0	0.0111648	0.010274	0	0	0.135279	-0.00919995	0.883039
2019-04-16 00:00:00	0	0	1.60059	0	-0.0619364	-1.38354E-05	0.000115292	0	0.000979387	0	0	0	0	0	-0.573816	-0.0111531	0.0153911	0	0	0.00999447	0.00972879	0	0	0.133711	-0.00903527	1.11456
2019-04-17 00:00:00	0	0	1.67899	0	-0.0392376	-1.30618E-05	0.000121627	0	0.000579879	0	0	0	0	0	-0.585019	-0.0111452	0.0153621	0	0	0.00894829	0.00925745	0	0	0.132208	-0.00887548	1.20118
2019-04-18 00:00:00	0	0	2.60319	0	-0.08543	0	3.46373E-05	0	0.000260223	0	0	0	0	0	-0.981842	-0.011135	0.0153084	0	0	0.0074063	0.00844946	0	0	0.130796	-0.00872957	1.67831
2019-04-19 00:00:00	0	0	3.67761	0	-0.100718	0	0	0	0	0	0	0	0	0	-1.3862	-0.0111147	0.0152791	0	0	0.00543015	0.00725356	0	0	0.128745	-0.00854928	2.32774
2019-04-20 00:00:00	0	0	3.34411	0	-0.0406102	0	0	0	0	0	0	0	0	0	-1.24685	-0.0110955	0.0152567	0	0	0.00401477	0.00631702	0	0	0.126888	-0.00836886	2.18966
2019-04-21 00:00:00	0	0	2.15503	0	-0.000360899	0	2.93349E-05	0	0	0	0	0	0	0	-0.71915	-0.0110783	0.0152285	0	0	0.0034857	0.00599312	0	0	0.124742	-0.0081906	1.56573
2019-04-22 00:00:00	0	0	3.75223	0	-0.0286246	0	0	0	0	0	0	0	0	0	-1.42238	-0.0110527	0.0152002	0	0	0.00267517	0.00528512	0	0	0.122879	-0.00808848	2.42812
2019-04-23 00:00:00	0	0	1.78002	0	0.00700233	0	3.74598E-05	0	0	0	0	0	0	0	-0.576636	-0.0110235	0.0151417	0	0	0.00253109	0.005208	0	0	0.120974	-0.00795908	1.33529
2019-04-24 00:00:00	0	0	1.6404	0	0.00539724	0	7.06259E-05	0	0	0	0	0	0	0	-0.550932	-0.0110066	0.0151209	0	0	0.00265407	0.0052943	0	0	0.119261	-0.0078857	1.21837
2019-04-25 00:00:00	-3.31615	0.775192	2.10495	0	0.08114	0	0.000376021	0	0	0	0	0	0	0	0.248146	-0.0110026	0.0151005	0	0	0.00322986	0.00579711	0	0	0.117228	-0.00784034	0.0161624
2019-04-26 00:00:00	-2.28686	0.0930254	2.06328	0	0.0394682	0	0.000352923	0	0	0	0	0	0	0	0.216938	-0.0109987	0.0150682	0	0	0.00407019	0.00641656	0	0	0.115967	-0.00786471	0.248857
2019-04-27 00:00:00	-7.51029	0.800928	1.97472	0	0.17082	-0.000125144	0.00151161	0	0	0	0	0	0	0	2.2541	-0.0110103	0.015112	0	0	0.00836127	0.00843763	0	0	0.11536	-0.0080119	-2.1801
2019-04-28 00:00:00	-1.14002	-0.950809	2.19162	0	0.0279978	-6.99581E-05	0.000940013	0	9.65594E-05	0	0	0	0	0	0.0125728	-0.0110132	0.0151219	0	0	0.0123476	0.0106919	0	0	0.115021	-0.00831822	0.276175
2019-04-29 00:00:00	-0.05998	-0.621865	2.39036	0	-0.100728	0	5.23125E-05	0	0.000180267	0	0	0	0	0	-0.666597	-0.0110029	0.0151001	0	0	0.0117364	0.0108124	0	0	0.114191	-0.00832086	1.07394
2019-04-30 00:00:00	0	-0.0831029	2.29672	0	-0.126685	0	0	0	0	0	0	0	0	0	-0.776708	-0.0109819	0.0150673	0	0	0.00953744	0.00976045	0	0	0.113441	-0.00825323	1.43879
2019-05-01 00:00:00	-0.759199	-0.00824093	1.90875	0	0.0248568	0	4.16192E-05	0	0	0	0	0	0	0	-0.561908	-0.0109753	0.0150529	0	0	0.00880191	0.0093641	0	0	0.112105	-0.00812447	0.730527
2019-05-02 00:00:00	-0.477596	-0.00502533	1.82966	0	0.00840802	0	8.89063E-05	0	0	0	0	0	0	0	-0.482117	-0.0109583	0.015029	0	0	0.0083564	0.00907955	0	0	0.110921	-0.00802938	0.997817
2019-05-03 00:00:00	-0.572963	0	1.65968	0	0.0181044	0	0.000161942	0	0	0	0	0	0	0	-0.359817	-0.0109449	0.0150033	0	0	0.00808814	0.00890962	0	0	0.109729	-0.0079598	0.867995
2019-05-04 00:00:00	-0.349051	0	1.69161	0	0.0599884	-1.24111E-05	0.000556495	0	0	0	0	0	0	0	-0.54363	-0.0109136	0.0149615	0	0	0.00794578	0.00881545	0	0	0.108453	-0.00790439	0.980823
2019-05-05 00:00:00	0	0	1.61419	0	-0.046897	0	6.97457E-05	0	0	0	0	0	0	0	-0.603482	-0.0108989	0.014953	0	0	0.00758323	0.0085841	0	0	0.107507	-0.00785829	1.08375
2019-05-06 00:00:00	-0.456705	0	1.60726	0	-0.0442657	0	0	0	0	0	0	0	0	0	-0.290553	-0.0108684	0.0149353	0	0	0.00723905	0.00842523	0	0	0.106865	-0.00781225	0.934521
2019-05-07 00:00:00	-3.01421	0.717194	1.82448	0	0.092104	-3.16722E-05	0.000423128	0	0	0	0	0	0	0	0.149532	-0.0108671	0.0149349	0	0	0.00871701	0.00886446	0	0	0.10592	-0.00778014	-0.110723
2019-05-08 00:00:00	-7.79366	1.0263	2.06403	0	0.21345	-0.00141266	0.00700053	0	0.00905357	0	0	0	0	0	2.28542	-0.0108821	0.0149778	0	0	0.013198	0.010871	0	0	0.105099	-0.00795666	-2.06451
2019-05-09 00:00:00	-1.98893	-0.148685	1.98114	0	0.0010056	-0.00118326	0.00424158	0	0.0207315	0	0	0	0	0	0.0888843	-0.0108847	0.0149923	0	0	0.0170355	0.0127761	0	0	0.105184	-0.00825366	0.0880598
2019-05-10 00:00:00	-17.0578	1.30955	2.16583	0	1.11301	-0.00728583	0.0708818	0	0.180188	0	0	0	0	0	5.99607	-0.0109158	0.015065	0	0	0.0252842	0.0163437	0	0	0.105483	-0.00909128	-6.08735
2019-05-11 00:00:00	-0.35988	-1.22328	2.19033	0	-0.294178	-0.00445787	0.0297692	0	0.149288	0	0	0	0	0	-0.460047	-0.010936	0.0150915	0	0	0.0325907	0.019324	0	0	0.107154	-0.0107394	0.180035
2019-05-12 00:00:00	0	-0.91749	4.09188	0	-0.829181	-0.000260064	0.00139821	0	0.0134681	0	0	0	0	0	-1.3803	-0.0109231	0.015064	0	0	0.0271171	0.0174259	0	0	0.108289	-0.0088861	1.1276
2019-05-13 00:00:00	0	-0.652334	3.92548	0	-0.339185	0	0	0	0.000166869	0	0	0	0	0	-1.48563	-0.0109045	0.0150278	0	0	0.0191439	0.013786	0	0	0.108208	-0.00858918	1.58517
2019-05-14 00:00:00	0	-0.111261	4.64704	0	-0.0794008	0	0	0	0	0	0	0	0	0	-2.16211	-0.0108952	0.0149901	0	0	0.0134891	0.011135	0	0	0.107807	-0.00831489	2.42247
2019-05-15 00:00:00	0	0	4.21822	0	-0.0248833	0	0	0	0	0	0	0	0	0	-1.82911	-0.0108758	0.0149605	0	0	0.0090775	0.00901238	0	0	0.106888	-0.00803255	2.48526
2019-05-16 00:00:00	0	0	2.13657	0	0.00474347	0	0	0	0	0	0	0	0	0	-0.820317	-0.0108572	0.0149322	0	0	0.00719109	0.00812369	0	0	0.105969	-0.00775995	1.4386
2019-05-17 00:00:00	-0.25998	0	2.1443	0	0.00604481	0	0	0	0	0	0	0	0	0	-0.742585	-0.0108291	0.0149059	0	0	0.00637685	0.00769355	0	0	0.105079	-0.00763004	1.26338
2019-05-18 00:00:00	-3.99737	0.932257	2.46466	0	0.0617294	0	1.75096E-05	0	0	0	0	0	0	0	0.341976	-0.0108242	0.0148927	0	0	0.00721221	0.00810957	0	0	0.10414	-0.00755786	-0.0807578
2019-05-19 00:00:00	-0.2	-0.932257	2.39367	0	-0.00116277	0	7.27373E-05	0	0	0	0	0	0	0	-0.466002	-0.010797	0.0148607	0	0	0.00746402	0.00824124	0	0	0.103602	-0.00758591	0.910102
2019-05-20 00:00:00	0	0	2.26253	0	-0.0212531	0	2.78522E-05	0	0	0	0	0	0	0	-1.00634	-0.0108077	0.0148081	0	0	0.00646296	0.00768498	0	0	0.102792	-0.00757399	1.34834
2019-05-21 00:00:00	0	0	2.23693	0	-0.0120534	0	3.22891E-05	0	0	0	0	0	0	0	-0.964104	-0.0107775	0.0147776	0	0	0.00549997	0.00713729	0	0	0.101937	-0.00749475	1.37188
2019-05-22 00:00:00	0	0	2.19108	0	-0.00845949	0	3.55129E-05	0	0	0	0	0	0	0	-0.955636	-0.0107594	0.0147528	0	0	0.00477794	0.0066746	0	0	0.1012	-0.0074057	1.33626
2019-05-23 00:00:00	0	0	2.07427	0	-0.00515109	0	4.1599E-05	0	0	0	0	0	0	0	-0.921062	-0.0107232	0.0147369	0	0	0.00427308	0.00633027	0	0	0.100194	-0.00733034	1.25558
2019-05-24 00:00:00	0	0	2.182	0	-0.00636472	0	3.53883E-05	0	0	0	0	0	0	0	-0.984954	-0.0107187	0.0147145	0	0	0.003836	0.00601045	0	0	0.0993985	-0.00727258	1.29668
2019-05-25 00:00:00	-3.51103	0.738033	2.61195	0	0.0396569	0	0.000150957	0	0	0	0	0	0	0	0.170417	-0.0107159	0.0146917	0	0	0.00464762	0.00654067	0	0	0.0985599	-0.00721285	0.155687
2019-05-26 00:00:00	-6.10592	0.711246	3.02546	0	0.0963789	0	0.000538572	0	0	0	0	0	0	0	1.16451	-0.0107173	0.0146971	0	0	0.00663495	0.0073108	0	0	0.0977105	-0.00726835	-0.999419
2019-05-27 00:00:00	-4.98206	0.3311	2.68693	0	0.0669143	0	0.000437106	0	0	0	0	0	0	0	0.796804	-0.0107172	0.014686	0	0	0.00835006	0.00826878	0	0	0.0974752	-0.00740727	-0.989216
2019-05-28 00:00:00	-3.60458	0.261497	2.43771	0	0.0743929	0	0.000540399	0	0	0	0	0	0	0	0.419702	-0.0107147	0.0146698	0	0	0.00927427	0.00882994	0	0	0.0972122	-0.00745693	-0.298924
2019-05-29 00:00:00	-3.67921	0.145331	2.54309	0	0.0668604	-1.11422E-05	0.000673627	0	6.85527E-05	0	0	0	0	0	0.463253	-0.0107132	0.0146533	0	0	0.0104675	0.00945193	0	0	0.0968813	-0.00752085	-0.346724
2019-05-30 00:00:00	-15.6014	0.879261	3.10692	0	0.781843	-0.0014348	0.0530233	0	0.072198	0	0	0	0	0	5.20736	-0.0107389	0.0147132	0	0	0.0166769	0.0122541	0	0	0.0969166	-0.00933372	-5.38171
2019-05-31 00:00:00	-5.36355	-0.00984614	3.20028	0	0.0669649	-0.00224244	0.0306073	0	0.145361	0	0	0	0	0	0.770218	-0.0107618	0.0147565	0	0	0.0234266	0.0151608	0	0	0.0972965	-0.0123179	-1.03464
2019-06-01 00:00:00	-0.05998	-1.61724	2.99834	0	-0.340669	-0.000708683	0.00657691	0	0.0540446	0	0	0	0	0	-0.701963	-0.0107594	0.0147444	0	0	0.0231961	0.0152995	0	0	0.0982239	-0.0098973	0.469212
2019-06-02 00:00:00	-1.22342	-0.407901	3.10141	0	-0.231636	0	5.96426E-05	0	0.00416778	0	0	0	0	0	-0.672937	-0.0107486	0.0147212	0	0	0.0193371	0.0138827	0	0	0.0985503	-0.00834753	0.697133
2019-06-03 00:00:00	-3.93012	0.775348	2.98712	0	0.19772	0	0.000981321	0	0.00614899	0	0	0	0	0	-0.0198514	-0.0107419	0.0147052	0	0	0.0168527	0.0127492	0	0	0.0983362	-0.00822804	0.14102
2019-06-04 00:00:00	-7.05546	0.867558	3.03772	0	0.434795	-0.00286697	0.0271027	0	0.0930387	0	0	0	0	0	1.57729	-0.0107456	0.0147178	0	0	0.0190267	0.0130749	0	0	0.0978846	-0.00950497	-0.896364
2019-06-05 00:00:00	-11.4268	0.475942	2.99365	0	0.57206	-0.00627516	0.116006	0	0.435885	0	0	0	0	0	3.62661	-0.010766	0.0147541	0	0	0.0257001	0.0157777	0	0	0.0967823	-0.0163942	-3.08712
2019-06-06 00:00:00	-0.05998	-1.63038	2.82645	0	-0.465174	-0.00212806	0.0186776	0	0.187406	0	0	0	0	0	-0.799106	-0.0107747	0.014755	0	0	0.0278318	0.0167002	0	0	0.0988047	-0.0142725	0.208814
2019-06-07 00:00:00	-5.24267	0.768906	4.29185	0	0.0988524	-0.0013833	0.00759271	0	0.0517538	0	0	0	0	0	-0.021027	-0.010767	0.0147361	0	0	0.0249247	0.0159026	0	0	0.100627	-0.00986668	0.0894309
2019-06-08 00:00:00	-8.54388	0.882715	2.98085	0	0.495779	-0.00710947	0.0827922	0	0.332855	0	0	0	0	0	2.20625	-0.0107747	0.0147417	0	0	0.0270101	0.016213	0	0	0.0999593	-0.0147139	-1.43731
2019-06-09 00:00:00	-0.849491	-1.48037	2.85978	0	-0.332853	-0.00317193	0.0244078	0	0.204695	0	0	0	0	0	-0.422707	-0.0107873	0.0147267	0	0	0.0291727	0.0169786	0	0	0.101333	-0.0144858	0.13723
2019-06-10 00:00:00	0	-0.708183	3.2241	0	-0.778395	-8.89922E-05	0.000439767	0	0.0218366	0	0	0	0	0	-1.15802	-0.0107772	0.0146994	0	0	0.0240438	0.015389	0	0	0.103494	-0.00963897	0.738905
2019-06-11 00:00:00	0	-0.454753	2.53499	0	-0.43629	0	2.21287E-05	0	0.00359491	0	0	0	0	0	-1.02508	-0.0107635	0.0146671	0	0	0.0186932	0.0131657	0	0	0.103916	-0.00861173	0.75355
2019-06-12 00:00:00	-7.57256	1.76966	2.56175	0	0.788473	-0.00066481	0.00364329	0	0.00758925	0	0	0	0	0	1.61093	-0.0107642	0.0146933	0	0	0.021167	0.0135735	0	0	0.103606	-0.00846822	-0.697368
2019-06-13 00:00:00	-11.7789	0.791032	2.78462	0	1.03066	-0.0143343	0.116826	0	0.508169	0	0	0	0	0	4.08055	-0.0107847	0.014751	0	0	0.0309236	0.0172369	0	0	0.102987	-0.0122362	-2.33853
2019-06-14 00:00:00	0	-1.64973	2.74406	0	-0.567199	-0.00456067	0.0328597	0	0.309179	0	0	0	0	0	-0.795615	-0.0107914	0.014768	0	0	0.0360471	0.0192389	0	0	0.103925	-0.0145461	0.217636
2019-06-15 00:00:00	-0.114545	-0.584487	2.88156	0	-0.653584	-7.55261E-05	0.000525183	0	0.0202271	0	0	0	0	0	-1.09271	-0.0107745	0.0147385	0	0	0.027935	0.0165054	0	0	0.105863	-0.00976332	0.601419
2019-06-16 00:00:00	-2.01293	-0.270783	3.32818	0	-0.154518	-5.60613E-07	0.000261812	0	0.00683198	0	0	0	0	0	-0.528567	-0.010766	0.0147187	0	0	0.0238332	0.0149484	0	0	0.106005	-0.00886147	0.508354
2019-06-17 00:00:00	-0.114545	-0.454131	2.85138	0	-0.366743	-6.46576E-05	0.000208922	0	0.00335726	0	0	0	0	0	-1.14572	-0.0107537	0.0146949	0	0	0.0190413	0.0130415	0	0	0.105814	-0.00852247	0.907054
2019-06-18 00:00:00	-0.0854547	-0.130052	2.75697	0	-0.317794	0	2.75356E-07	0	0.00104915	0	0	0	0	0	-1.01729	-0.0107375	0.0146731	0	0	0.0147354	0.0113027	0	0	0.105511	-0.00825589	1.33465
2019-06-19 00:00:00	0	-5.42055E-05	3.05144	0	-0.100695	0	0	0	0.000285731	0	0	0	0	0	-1.58822	-0.0107214	0.0146496	0	0	0.0112003	0.00979211	0	0	0.105067	-0.00803204	1.48471
2019-06-20 00:00:00	-3.15869	0.219029	3.02643	0	0.102501	0	4.2031E-05	0	0.000234399	0	0	0	0	0	0.0784774	-0.0107145	0.0146255	0	0	0.0107449	0.00968814	0	0	0.104327	-0.00783222	0.388859
2019-06-21 00:00:00	0	-0.219029	2.75363	0	-0.0724905	0	3.5164E-06	0	5.65897E-05	0	0	0	0	0	-1.21089	-0.0107061	0.0145771	0	0	0.00884928	0.00880095	0	0	0.103665	-0.00777078	1.3687
2019-06-22 00:00:00	0	0	3.81673	0	-0.0654228	0	0	0	0	0	0	0	0	0	-1.80856	-0.0106882	0.0145748	0	0	0.00615322	0.00749743	0	0	0.102978	-0.00764489	2.05562
2019-06-23 00:00:00	0	0	3.41236	0	-0.0249347	0	0	0	0	0	0	0	0	0	-1.60501	-0.0106562	0.0145382	0	0	0.00440048	0.00645181	0	0	0.102194	-0.00748215	1.89187
2019-06-24 00:00:00	-12.6161	2.63823	2.74233	0	0.81083	0	0.00488525	0	0.000606289	0	0	0	0	0	3.009	-0.0106674	0.0145071	0	0	0.00465141	0.00611541	0	0	0.101139	-0.00733254	-3.30186
2019-06-25 00:00:00	0	-1.33159	3.01948	0	-0.275925	-2.7263E-06	0.0038519	0	0.0124761	0	0	0	0	0	-0.870419	-0.0106685	0.0144767	0	0	0.0049866	0.00579792	0	0	0.101161	-0.00785789	0.665762
2019-06-26 00:00:00	0	-0.900994	4.7638	0	-0.455484	0	0	0	0.000499794	0	0	0	0	0	-1.80813	-0.0106511	0.0144451	0	0	0.00349292	0.00499502	0	0	0.100659	-0.00726201	1.70537
2019-06-27 00:00:00	0	-0.405581	4.65733	0	-0.0845043	0	0	0	6.13699E-05	0	0	0	0	0	-2.08048	-0.0106225	0.0144114	0	0	0.0019902	0.00409827	0	0	0.0998385	-0.00714198	2.18939
2019-06-28 00:00:00	0	-4.62406E-05	4.95661	0	-0.0343004	0	0	0	0	0	0	0	0	0	-2.30372	-0.0105518	0.0143871	0	0	0.00108181	0.00333118	0	0	0.0990653	-0.00706084	2.71879
2019-06-29 00:00:00	-3.79623	0.232701	3.79991	0	0.0252538	0	0	0	0	0	0	0	0	0	-0.142692	-0.010494	0.0143718	0	0	0.00136708	0.00368596	0	0	0.0980254	-0.0069729	0.218918
2019-06-30 00:00:00	-1.04026	-0.232701	3.24567	0	-0.00454348	0	0	0	0	0	0	0	0	0	-0.926346	-0.0104875	0.0143752	0	0	0.00162217	0.00406855	0	0	0.0974047	-0.00698471	1.14181
2019-07-01 00:00:00	-1.15501	0	3.05036	0	-0.000591143	0	0	0	0	0	0	0	0	0	-0.945829	-0.0104676	0.0143459	0	0	0.00167216	0.00414174	0	0	0.0966637	-0.00699605	1.0483
2019-07-02 00:00:00	0	0	2.67592	0	0.0125622	0	0	0	0	0	0	0	0	0	-1.49374	-0.0104723	0.0143276	0	0	0.00155214	0.00401905	0	0	0.0959609	-0.00697766	1.29315
2019-07-03 00:00:00	0	0	3.37586	0	-0.042179	0	0	0	0	0	0	0	0	0	-1.51234	-0.010442	0.0142704	0	0	0.00136241	0.00387525	0	0	0.0951368	-0.00693509	1.91861
2019-07-04 00:00:00	-0.25998	0	2.82378	0	-0.00274663	0	0	0	0	0	0	0	0	0	-1.48688	-0.0103869	0.014279	0	0	0.00122962	0.0036597	0	0	0.0943356	-0.0069002	1.1704
2019-07-05 00:00:00	-1.28038	0	3.14996	0	0.00334219	0	0	0	0	0	0	0	0	0	-0.996295	-0.0103699	0.0142133	0	0	0.00131866	0.00379207	0	0	0.0934234	-0.00684657	0.972159
2019-07-06 00:00:00	-0.0854547	0	2.76685	0	-0.00540178	0	0	0	0	0	0	0	0	0	-1.4852	-0.0103268	0.0141855	0	0	0.00123879	0.00369762	0	0	0.0926418	-0.00682769	1.2854
2019-07-07 00:00:00	0	0	2.67424	0	-0.00446409	0	0	0	0	0	0	0	0	0	-1.46963	-0.010297	0.0141545	0	0	0.00115388	0.00359351	0	0	0.0918185	-0.00679488	1.29378
2019-07-08 00:00:00	0	0	3.50962	0	-0.00871111	0	0	0	0	0	0	0	0	0	-1.98204	-0.0102446	0.0141215	0	0	0.000956921	0.00332355	0	0	0.0911288	-0.00675951	1.61139
2019-07-09 00:00:00	-7.17497	1.65929	3.53895	0	0.0321284	0	0	0	0	0	0	0	0	0	1.07443	-0.0102457	0.0140955	0	0	0.00197921	0.00438694	0	0	0.0902592	-0.00670559	-0.776404
2019-07-10 00:00:00	-13.5141	1.63387	3.85167	0	0.137949	0	0.000629419	0	0	0	0	0	0	0	4.18587	-0.0102604	0.0141345	0	0	0.00428516	0.00663989	0	0	0.0898614	-0.00688549	-3.60637
2019-07-11 00:00:00	-7.06022	-0.274301	3.63544	0	0.141711	0	0.00203708	0	0.000347689	0	0	0	0	0	2.08682	-0.0102812	0.0141969	0	0	0.0101804	0.0113716	0	0	0.0900936	-0.00730401	-1.3599
2019-07-12 00:00:00	-0.805755	-1.77291	3.50131	0	-0.0426617	0	0.000426435	0	0.000254376	0	0	0	0	0	-0.470748	-0.0102827	0.0142028	0	0	0.0136326	0.0137614	0	0	0.0898701	-0.00761888	0.523477
2019-07-13 00:00:00	-3.89009	0.3501	3.5395	0	0.0125563	0	0.000128682	0	4.48211E-05	0	0	0	0	0	0.180174	-0.0102725	0.0141669	0	0	0.0131242	0.0133154	0	0	0.0895704	-0.00760126	0.304715
2019-07-14 00:00:00	-0.05998	-1.08576	3.11679	0	-0.0783818	0	6.31625E-05	0	2.41097E-05	0	0	0	0	0	-1.08434	-0.0102628	0.0141581	0	0	0.0120733	0.012837	0	0	0.089197	-0.00756436	0.918856
2019-07-15 00:00:00	0	-0.466167	3.66312	0	-0.120019	0	0	0	0	0	0	0	0	0	-1.6738	-0.0102616	0.0141259	0	0	0.00946635	0.0110863	0	0	0.0884905	-0.00749451	1.50855
2019-07-16 00:00:00	-0.349051	-0.0355559	3.23335	0	-0.020905	0	0	0	0	0	0	0	0	0	-1.61457	-0.0102563	0.0140901	0	0	0.00769474	0.00985493	0	0	0.0877875	-0.00730488	1.31514
2019-07-17 00:00:00	-2.28434	-0.002232	3.43647	0	0.0313636	0	1.63639E-05	0	0	0	0	0	0	0	-0.638526	-0.010244	0.0140791	0	0	0.00754162	0.0096846	0	0	0.0869337	-0.00714502	0.643604
2019-07-18 00:00:00	-0.374525	-0.00514386	2.94802	0	-0.0234425	0	7.23565E-07	0	0	0	0	0	0	0	-1.5469	-0.0102446	0.0140429	0	0	0.00649615	0.00889828	0	0	0.0863455	-0.00710584	1.09644
2019-07-19 00:00:00	-5.05209	1.29076	3.24711	0	0.0277572	0	0.000290094	0	0	0	0	0	0	0	0.219146	-0.0102391	0.0140274	0	0	0.0053849	0.00792545	0	0	0.0856331	-0.00701009	-0.171295
2019-07-20 00:00:00	-3.00811	-0.420156	3.52776	0	0.0682921	0	0.000579913	0	0	0	0	0	0	0	-0.00419536	-0.0102323	0.013988	0	0	0.00552673	0.00796	0	0	0.0851967	-0.00690849	0.259702
2019-07-21 00:00:00	-6.03571	1.35537	3.44239	0	0.0329878	0	0.000625463	0	0	0	0	0	0	0	0.707968	-0.0102261	0.0139692	0	0	0.00614073	0.00822074	0	0	0.0848006	-0.00691447	-0.40038
2019-07-22 00:00:00	-0.875865	-1.97662	3.88444	0	-0.0293959	0	0.000198631	0	2.91088E-05	0	0	0	0	0	-0.639645	-0.010212	0.0139493	0	0	0.00683292	0.00850054	0	0	0.0845816	-0.00694815	0.459851
2019-07-23 00:00:00	0	-0.198973	3.37686	0	-0.119639	0	0	0	0	0	0	0	0	0	-1.7715	-0.0101667	0.0139027	0	0	0.00507178	0.00754456	0	0	0.0842675	-0.00693125	1.38044
2019-07-24 00:00:00	-8.74968	2.08672	4.00903	0	0.129631	0	0.000211381	0	3.87014E-06	0	0	0	0	0	1.19703	-0.0101666	0.0139119	0	0	0.00691273	0.00846375	0	0	0.0836929	-0.00680693	-1.23104
2019-07-25 00:00:00	-0.399101	-2.06024	4.97888	0	-0.0332659	0	0.000371485	0	4.7284E-05	0	0	0	0	0	-1.37979	-0.0101513	0.0138863	0	0	0.00678766	0.0085379	0	0	0.0832864	-0.00690255	1.20235
2019-07-26 00:00:00	-0.599101	-0.0485376	3.29401	0	-0.0238042	0	2.41981E-05	0	0	0	0	0	0	0	-1.63778	-0.0101165	0.0138472	0	0	0.0049492	0.00756493	0	0	0.0829865	-0.00684896	1.07719
2019-07-27 00:00:00	-26.151	3.90159	3.1399	0	0.748071	-0.000228313	0.0362476	0	0.00685422	0	0	0	0	0	10.2591	-0.0101549	0.01392	0	0	0.0136751	0.0123771	0	0	0.0829323	-0.00703911	-7.95369
2019-07-28 00:00:00	-0.2	-2.3156	3.75166	0	-0.287977	-5.39619E-05	0.00516625	0	0.00960951	0	0	0	0	0	-1.07643	-0.0101842	0.0139583	0	0	0.0231466	0.017111	0	0	0.0841102	-0.00776944	0.00674072
2019-07-29 00:00:00	-0.0854547	-0.59234	3.24462	0	-0.278467	0	2.16338E-05	0	0.000643054	0	0	0	0	0	-1.35116	-0.0101776	0.0139361	0	0	0.018935	0.0151919	0	0	0.0843695	-0.00758638	1.05253
2019-07-30 00:00:00	-0.4	-0.57716	3.38257	0	-0.0334551	0	9.64016E-06	0	0.000134704	0	0	0	0	0	-1.2868	-0.0101608	0.0139284	0	0	0.0137714	0.0125241	0	0	0.0842193	-0.00744252	1.19213
2019-07-31 00:00:00	-5.18024	1.38067	3.67241	0	0.0731338	0	0.000417582	0	0.000867454	0	0	0	0	0	0.142042	-0.0101565	0.0138927	0	0	0.0131961	0.0121495	0	0	0.0838913	-0.00726439	0.195003
2019-08-01 00:00:00	-0.0446534	-1.67586	3.38425	0	-0.102645	0	0.000256893	0	0.00630015	0	0	0	0	0	-0.902323	-0.0101501	0.0138719	0	0	0.0120865	0.0115607	0	0	0.0836132	-0.007219	0.769094
2019-08-02 00:00:00	0	-0.132451	2.94497	0	-0.132099	0	0	0	1.4822E-05	0	0	0	0	0	-1.48317	-0.0101411	0.0138289	0	0	0.00885351	0.00988617	0	0	0.0833886	-0.00710843	1.29597
2019-08-03 00:00:00	-9.57437	2.6869	3.59931	0	0.263864	0	0.000145524	0	0.00012726	0	0	0	0	0	1.39344	-0.0101417	0.0138281	0	0	0.00985481	0.010158	0	0	0.0829754	-0.00694118	-1.53085
2019-08-04 00:00:00	-2.8752	-0.567619	3.46363	0	0.09169	0	0.00109729	0	0.00934888	0	0	0	0	0	0.08953	-0.0101392	0.0138139	0	0	0.0102802	0.0102533	0	0	0.0829079	-0.00703391	0.312558
2019-08-05 00:00:00	-0.850627	-1.44292	3.36118	0	-0.0923464	0	0.000421599	0	0.0095085	0	0	0	0	0	-0.602672	-0.0101337	0.0137956	0	0	0.00985045	0.0101842	0	0	0.0827281	-0.00704911	0.481923
2019-08-06 00:00:00	-6.66799	2.105	3.28788	0	0.110336	0	0.000340351	0	0.00392363	0	0	0	0	0	0.798999	-0.0101114	0.0137694	0	0	0.0100327	0.0102257	0	0	0.0825855	-0.00696752	-0.261976
2019-08-07 00:00:00	-13.2854	1.27855	3.18334	0	0.447915	-0.00291569	0.0337272	0	0.0956127	0	0	0	0	0	4.75247	-0.0101257	0.0138115	0	0	0.0162752	0.0132693	0	0	0.0824627	-0.00758822	-3.38859
2019-08-08 00:00:00	-0.159199	-2.31877	3.26852	0	-0.189637	-0.001433	0.00681917	0	0.153927	0	0	0	0	0	-0.532082	-0.010136	0.0138316	0	0	0.0215417	0.0156983	0	0	0.0828449	-0.0099363	0.341994
2019-08-09 00:00:00	-15.6781	2.33093	3.38084	0	0.440752	-0.00403518	0.0613428	0	0.197568	0	0	0	0	0	5.40861	-0.0101495	0.01385	0	0	0.0249709	0.0172162	0	0	0.0832565	-0.0110615	-3.74405
2019-08-10 00:00:00	-10.0608	0.0138766	3.22927	0	0.162853	-0.00576412	0.069517	0	0.296595	0	0	0	0	0	3.2254	-0.0101822	0.0138821	0	0	0.0343138	0.0211763	0	0	0.0843982	-0.0133091	-2.93874
2019-08-11 00:00:00	-30.222	0.063573	3.05515	0	1.30224	-0.0263327	0.333643	0	1.5284	0	0	0	0	0	14.8336	-0.0102565	0.0139832	0	0	0.0558836	0.0296678	0	0	0.0847386	-0.021375	-8.97904
2019-08-12 00:00:00	-2.84611	-0.20595	2.75636	0	-0.560614	-0.0104132	0.0697916	0	0.629696	0	0	0	0	0	-1.28045	-0.010318	0.0140365	0	0	0.0710772	0.0349126	0	0	0.0901928	-0.0195054	-1.26729
2019-08-13 00:00:00	-1.90519	-0.684648	2.61902	0	-0.0873878	-0.00659827	0.0373543	0	0.316802	0	0	0	0	0	-0.703805	-0.0103218	0.0140153	0	0	0.0619123	0.0309535	0	0	0.094553	-0.0151116	-0.238452
2019-08-14 00:00:00	-0.936082	-1.18892	2.75848	0	-0.174222	-0.00305456	0.0184525	0	0.183835	0	0	0	0	0	-0.788552	-0.0103228	0.0139885	0	0	0.053135	0.0275198	0	0	0.0964722	-0.0131457	0.0375872
2019-08-15 00:00:00	-0.993363	-0.551376	2.99089	0	-0.270658	-0.000620174	0.00281922	0	0.0457303	0	0	0	0	0	-1.04074	-0.0103189	0.0139665	0	0	0.0432961	0.0239143	0	0	0.0974599	-0.0109728	0.340028
2019-08-16 00:00:00	-1.56335	-0.224555	3.19757	0	-0.351791	-0.00064862	0.00252828	0	0.0399288	0	0	0	0	0	-0.852201	-0.0103106	0.0139509	0	0	0.0358585	0.0209372	0	0	0.0979052	-0.00960952	0.39621
2019-08-17 00:00:00	-2.33338	-0.133152	3.02813	0	0.051244	-3.33954E-05	0.000248579	0	0.0132723	0	0	0	0	0	-0.414568	-0.0102996	0.0139257	0	0	0.0290013	0.0181155	0	0	0.0980461	-0.00904067	0.351507
2019-08-18 00:00:00	-1.33608	-0.24026	2.91453	0	-0.334301	-0.00070258	0.00280628	0	0.0281898	0	0	0	0	0	-0.684653	-0.0102959	0.0139143	0	0	0.0258539	0.0168942	0	0	0.0979642	-0.00867973	0.485176
2019-08-19 00:00:00	-0.508808	-0.346215	2.83929	0	-0.269745	0	7.70133E-05	0	0.00434501	0	0	0	0	0	-1.12075	-0.0102822	0.0138926	0	0	0.019655	0.01435	0	0	0.0979888	-0.00829324	0.7255
2019-08-20 00:00:00	-1.07972	-0.193172	2.67659	0	-0.245437	0	1.69065E-05	0	0.00317858	0	0	0	0	0	-0.470732	-0.0102715	0.0138637	0	0	0.0163602	0.0129806	0	0	0.0977865	-0.00800116	0.813444
2019-08-21 00:00:00	-3.01792	0.52198	2.64361	0	0.106196	0	9.11059E-05	0	0.00263334	0	0	0	0	0	-0.202184	-0.0102672	0.0138534	0	0	0.0152888	0.0125541	0	0	0.0975878	-0.00783701	0.175591
2019-08-22 00:00:00	-0.565172	-0.608519	2.86901	0	-0.013122	0	0.000203445	0	0.00240888	0	0	0	0	0	-1.03972	-0.0102598	0.0138362	0	0	0.0125452	0.0114048	0	0	0.0971898	-0.00777093	0.762032
2019-08-23 00:00:00	0	-0.266038	3.02936	0	-0.166419	0	2.33294E-05	0	0.00280829	0	0	0	0	0	-1.4693	-0.0102459	0.0138054	0	0	0.0092176	0.00993716	0	0	0.0969156	-0.00763836	1.24243
2019-08-24 00:00:00	0	-0.0443702	3.34814	0	-0.208631	0	0	0	0.00156087	0	0	0	0	0	-1.46435	-0.0102239	0.0137639	0	0	0.00647421	0.00867514	0	0	0.0965726	-0.00741817	1.74019
2019-08-25 00:00:00	0	-0.000581612	3.07556	0	-0.0409907	0	0	0	0.00025585	0	0	0	0	0	-1.70307	-0.0102124	0.0137517	0	0	0.00471219	0.0077292	0	0	0.0959944	-0.00717859	1.43597
2019-08-26 00:00:00	0	-0.000106659	2.68269	0	-0.0100297	0	0	0	7.42191E-05	0	0	0	0	0	-1.29473	-0.0101983	0.0137259	0	0	0.00374471	0.00710971	0	0	0.0955139	-0.00703531	1.48076
2019-08-27 00:00:00	-0.594263	0	3.66767	0	-0.0115318	0	0	0	0	0	0	0	0	0	-1.53614	-0.01018	0.0136949	0	0	0.00282904	0.00650735	0	0	0.0949503	-0.00694651	1.62659
2019-08-28 00:00:00	-0.0446534	0	2.50093	0	0.020961	0	0	0	0	0	0	0	0	0	-1.26404	-0.0101678	0.0136811	0	0	0.00241906	0.00616522	0	0	0.0942568	-0.00685607	1.31269
2019-08-29 00:00:00	-4.96853	2.12127	2.516	0	0.0561836	0	0.000134137	0	3.84849E-07	0	0	0	0	0	0.285468	-0.0101572	0.0136546	0	0	0.00310032	0.00656982	0	0	0.0937601	-0.00681194	0.110644
2019-08-30 00:00:00	-1.27398	-1.45127	2.83011	0	0.0205344	0	0.000127051	0	7.68862E-05	0	0	0	0	0	0.0753537	-0.0101498	0.013633	0	0	0.00373686	0.00687981	0	0	0.0932815	-0.00686317	0.301469
2019-08-31 00:00:00	-1.86137	-0.285402	2.59587	0	0.0262312	0	0.000155262	0	0.000258655	0	0	0	0	0	-0.155189	-0.0101359	0.013611	0	0	0.00442881	0.00731193	0	0	0.092834	-0.00689366	0.421706
2019-09-01 00:00:00	-0.488562	-0.377089	2.34825	0	0.00125134	0	6.9192E-05	0	0.000135016	0	0	0	0	0	-0.773021	-0.0101226	0.0135785	0	0	0.00430826	0.00744472	0	0	0.0924809	-0.00690789	0.81182
2019-09-02 00:00:00	-3.64622	1.08998	2.43879	0	0.0491021	0	8.79248E-05	0	0.000413617	0	0	0	0	0	0.0965047	-0.0101155	0.0135313	0	0	0.00494948	0.00775081	0	0	0.0919405	-0.0068935	0.12981
2019-09-03 00:00:00	-8.65023	2.40929	2.58485	0	0.105403	0	0.00100056	0	0.00142596	0	0	0	0	0	1.84894	-0.0101228	0.0135328	0	0	0.0061022	0.00845988	0	0	0.0914099	-0.00698094	-1.59692
2019-09-04 00:00:00	-4.50102	0.307589	2.2946	0	0.08343	0	0.00111255	0	0.00812414	0	0	0	0	0	1.01478	-0.0101302	0.0135436	0	0	0.00900313	0.0102233	0	0	0.0913797	-0.00729512	-0.684655
2019-09-05 00:00:00	0	-2.05066	2.18784	0	-0.00555699	0	0.000526527	0	0.0142531	0	0	0	0	0	-0.0420767	-0.010127	0.0135339	0	0	0.01046	0.0109155	0	0	0.0911659	-0.00736322	0.212914
2019-09-06 00:00:00	-1.55083	-0.550396	2.3761	0	0.0541908	0	0.000334008	0	0.00920052	0	0	0	0	0	-0.155133	-0.0101143	0.0135098	0	0	0.0104524	0.010812	0	0	0.0909002	-0.0072981	0.291731
2019-09-07 00:00:00	0	-0.404467	2.04996	0	-0.123154	0	0.000482316	0	0.00595091	0	0	0	0	0	-0.907636	-0.0100999	0.0134863	0	0	0.0093185	0.0104112	0	0	0.0903642	-0.00722931	0.727384
2019-09-08 00:00:00	-0.614663	-0.314604	2.63352	0	-0.109145	0	0	0	0.000338417	0	0	0	0	0	-0.745434	-0.0100841	0.0134622	0	0	0.00737887	0.00936491	0	0	0.0899937	-0.00713085	0.953
2019-09-09 00:00:00	-12.6805	3.75673	2.30661	0	0.460515	-0.000470094	0.00388725	0	0.0253825	0	0	0	0	0	3.38642	-0.0100985	0.0134939	0	0	0.011559	0.0114512	0	0	0.0892932	-0.0071489	-2.63289
2019-09-10 00:00:00	-2.67824	-0.0124248	2.27325	0	-0.00252617	-0.00110312	0.00414049	0	0.0644875	0	0	0	0	0	0.125965	-0.0101039	0.0135024	0	0	0.0151896	0.0131324	0	0	0.0892677	-0.00784427	-0.113305
2019-09-11 00:00:00	-4.36877	0.211561	2.35297	0	0.115455	-0.00161279	0.00831239	0	0.0579863	0	0	0	0	0	0.971148	-0.0101051	0.0134997	0	0	0.0160224	0.013444	0	0	0.0893561	-0.00796496	-0.538696
2019-09-12 00:00:00	-4.44268	0.027583	2.09452	0	0.13803	-0.00212024	0.0120845	0	0.0827619	0	0	0	0	0	1.24342	-0.0101117	0.0134981	0	0	0.0177657	0.0141453	0	0	0.0894575	-0.00857435	-0.730223
2019-09-13 00:00:00	-0.0446534	-1.77707	1.94172	0	-0.0369345	-0.00142741	0.00613916	0	0.0649804	0	0	0	0	0	-0.108771	-0.0101123	0.0134881	0	0	0.0183411	0.0142389	0	0	0.0894965	-0.00859288	0.160843
2019-09-14 00:00:00	-1.24489	-0.633825	2.04893	0	0.0191834	-0.000611317	0.00282748	0	0.0280996	0	0	0	0	0	-0.195378	-0.0101052	0.0134646	0	0	0.0170687	0.0134851	0	0	0.0895938	-0.00805567	0.139787
2019-09-15 00:00:00	0	-0.534849	1.92731	0	-0.212713	-0.000518235	0.00174761	0	0.0186408	0	0	0	0	0	-0.666996	-0.0101026	0.0134441	0	0	0.0151135	0.0128205	0	0	0.0893805	-0.00779912	0.645483
2019-09-16 00:00:00	-0.155347	-0.343601	2.10844	0	-0.140611	-7.50096E-06	5.06887E-05	0	0.00346475	0	0	0	0	0	-0.856598	-0.0100856	0.0134124	0	0	0.0118182	0.0112944	0	0	0.0892327	-0.00759876	0.723865
2019-09-17 00:00:00	-0.0446534	-0.284512	1.75163	0	-0.220504	0	0.000145386	0	0.00246029	0	0	0	0	0	-0.664203	-0.0100658	0.0133976	0	0	0.0100043	0.0104218	0	0	0.088901	-0.00740429	0.645617
2019-09-18 00:00:00	0	-0.313646	1.83701	0	-0.0572029	0	4.00984E-05	0	0.00159326	0	0	0	0	0	-0.940811	-0.010064	0.0133785	0	0	0.00842322	0.00968483	0	0	0.0884742	-0.00725463	0.629629
2019-09-19 00:00:00	0	-0.323974	2.26662	0	-0.0505966	0	4.34788E-05	0	0.00168131	0	0	0	0	0	-1.03524	-0.0100538	0.0133607	0	0	0.00679703	0.00888323	0	0	0.0879849	-0.00715482	0.95835
2019-09-20 00:00:00	0	-0.201731	2.27402	0	-0.0418412	0	2.45946E-05	0	0.00153358	0	0	0	0	0	-1.13651	-0.0100411	0.0133409	0	0	0.00554592	0.00819815	0	0	0.087514	-0.00706881	0.992984
2019-09-21 00:00:00	0	-0.044829	2.0537	0	-0.0286792	0	3.6202E-05	0	0.00103621	0	0	0	0	0	-1.12638	-0.010023	0.0133158	0	0	0.0047474	0.00770456	0	0	0.0869523	-0.00696237	0.950617
2019-09-22 00:00:00	-6.80182	3.14992	1.8969	0	0.18799	0	0.000472848	0	0.00120552	0	0	0	0	0	0.805228	-0.0100224	0.0132993	0	0	0.00515493	0.00784775	0	0	0.0864258	-0.00685118	-0.664242
2019-09-23 00:00:00	-0.613764	-1.33024	2.02342	0	0.0332153	0	0.000582728	0	0.00205534	0	0	0	0	0	-0.0379495	-0.0100113	0.0132847	0	0	0.0059862	0.00823428	0	0	0.0862177	-0.00695024	0.174085
2019-09-24 00:00:00	-11.7364	2.69458	2.07007	0	0.651666	-0.000827649	0.0124513	0	0.0401594	0	0	0	0	0	3.59428	-0.0100081	0.0132977	0	0	0.00964736	0.0102436	0	0	0.0860954	-0.00739571	-2.57218
2019-09-25 00:00:00	-5.67969	0.0873566	1.83907	0	0.210293	-0.00275279	0.0275024	0	0.119455	0	0	0	0	0	1.90024	-0.0100323	0.013315	0	0	0.0157795	0.0131847	0	0	0.0860877	-0.0099451	-1.39014
2019-09-26 00:00:00	-3.79596	0.0703424	1.86659	0	0.131997	-0.00260375	0.0218136	0	0.130546	0	0	0	0	0	0.826101	-0.0100468	0.0133079	0	0	0.0176153	0.0139029	0	0	0.0861974	-0.0112335	-0.641426
2019-09-27 00:00:00	-13.3832	0.0244761	1.63836	0	0.620978	-0.0108683	0.102838	0	0.504044	0	0	0	0	0	6.4053	-0.0100803	0.0133386	0	0	0.0246215	0.0167252	0	0	0.0857529	-0.0164686	-3.98422
2019-09-28 00:00:00	-0.2	-1.26153	1.5413	0	-0.351266	-0.00498577	0.0228474	0	0.295001	0	0	0	0	0	-0.518427	-0.0101153	0.0133399	0	0	0.0297783	0.0185593	0	0	0.0877624	-0.0150581	-0.352795
2019-09-29 00:00:00	-2.2063	0.562728	1.58496	0	0.0263332	-0.00333852	0.0142797	0	0.125554	0	0	0	0	0	-0.233147	-0.0101196	0.0133182	0	0	0.0273373	0.0173357	0	0	0.0896601	-0.0112081	-0.00260048
2019-09-30 00:00:00	-0.733215	-0.683494	1.44532	0	-0.0415796	-0.00255587	0.0109288	0	0.105704	0	0	0	0	0	-0.146455	-0.0101151	0.013304	0	0	0.0251606	0.0162674	0	0	0.0901034	-0.0106722	0.0787058
2019-10-01 00:00:00	-5.55608	1.36507	1.31641	0	0.204347	-0.00617999	0.0437408	0	0.214056	0	0	0	0	0	1.62175	-0.0101171	0.0133098	0	0	0.0257822	0.0168568	0	0	0.090412	-0.0108831	-0.671532
2019-10-02 00:00:00	-0.114545	-1.29361	1.49462	0	-0.123125	-0.00377939	0.0184055	0	0.164368	0	0	0	0	0	-0.205802	-0.0101171	0.0133163	0	0	0.0278993	0.0177337	0	0	0.0909412	-0.011259	0.06504
2019-10-03 00:00:00	-12.9316	1.30155	1.17852	0	0.687014	-0.0171155	0.138433	0	0.805877	0	0	0	0	0	5.99217	-0.0101412	0.0133643	0	0	0.035193	0.0206978	0	0	0.0903146	-0.0168211	-2.71254
2019-10-04 00:00:00	-3.15319	-0.0216088	1.45249	0	-0.238422	-0.0089349	0.0720133	0	0.603778	0	0	0	0	0	0.448351	-0.0101707	0.0133988	0	0	0.0424957	0.0235115	0	0	0.0912729	-0.019999	-0.705015
2019-10-05 00:00:00	-2.76422	-0.0133969	1.42	0	-0.0330845	-0.00769248	0.0451247	0	0.369333	0	0	0	0	0	0.482798	-0.0101796	0.0134053	0	0	0.0406701	0.0226866	0	0	0.094468	-0.0160628	-0.356156
2019-10-06 00:00:00	-25.2491	0.0317481	1.23747	0	1.08063	-0.0658148	0.371265	0	3.13067	0	0	0	0	0	13.5415	-0.010253	0.0135705	0	0	0.0699007	0.0329562	0	0	0.092531	-0.0286481	-5.75166
2019-10-07 00:00:00	-0.159199	-1.2134	1.45298	0	-0.690145	-0.0214066	0.0951912	0	1.23424	0	0	0	0	0	-1.25783	-0.0103075	0.0136709	0	0	0.0895942	0.0386897	0	0	0.0996521	-0.0239226	-0.35219
2019-10-08 00:00:00	-2.20402	0.742415	1.38259	0	-0.0479335	-0.0112629	0.0509772	0	0.490076	0	0	0	0	0	-0.713365	-0.0103203	0.0136584	0	0	0.0772656	0.0340884	0	0	0.104439	-0.0172414	-0.108639
2019-10-09 00:00:00	-5.25908	0.468635	1.1545	0	0.18185	-0.017763	0.105603	0	0.767824	0	0	0	0	0	1.56792	-0.0103292	0.0136746	0	0	0.070351	0.031923	0	0	0.104924	-0.0201954	-0.84016
2019-10-10 00:00:00	-15.0444	-0.000576679	1.2988	0	0.540613	-0.0538117	0.287797	0	2.57628	0	0	0	0	0	7.19327	-0.0103849	0.0138016	0	0	0.0829392	0.03626	0	0	0.103712	-0.0302577	-3.00599
2019-10-11 00:00:00	-0.823912	-0.460824	1.29998	0	-0.526374	-0.0195562	0.0842868	0	1.0786	0	0	0	0	0	-1.01177	-0.0104318	0.013862	0	0	0.0870207	0.0372298	0	0	0.109469	-0.024074	-0.16649
2019-10-12 00:00:00	-0.452512	-0.649901	1.13621	0	-0.16061	-0.0095167	0.0430939	0	0.432022	0	0	0	0	0	-0.596478	-0.0104483	0.0138471	0	0	0.0745654	0.0326434	0	0	0.113314	-0.0175646	-0.0513348
2019-10-13 00:00:00	-7.54622	1.11749	1.07695	0	0.482966	-0.025202	0.127584	0	1.04932	0	0	0	0	0	2.56887	-0.0104576	0.0138853	0	0	0.0711495	0.0315448	0	0	0.112926	-0.020917	-0.950118
2019-10-14 00:00:00	-0.0545653	-0.905745	1.01673	0	-0.312169	-0.0114238	0.0515049	0	0.644576	0	0	0	0	0	-0.576265	-0.0104623	0.0139089	0	0	0.068352	0.0303924	0	0	0.114416	-0.0199224	0.0493251
2019-10-15 00:00:00	-0.145435	-0.843082	1.04911	0	-0.209552	-0.00664492	0.030256	0	0.282634	0	0	0	0	0	-0.319144	-0.0104539	0.0138963	0	0	0.0599057	0.0273188	0	0	0.116716	-0.0152782	0.0302413
2019-10-16 00:00:00	-0.434505	-0.583259	1.06481	0	-0.0017311	-0.00530466	0.0244984	0	0.176595	0	0	0	0	0	-0.303554	-0.010448	0.0138841	0	0	0.0530561	0.0248538	0	0	0.117502	-0.0133669	0.123026
2019-10-17 00:00:00	-0.359199	-0.446644	1.05249	0	-0.178844	-0.0039608	0.0174936	0	0.134911	0	0	0	0	0	-0.244305	-0.0104416	0.0138691	0	0	0.0469039	0.0226303	0	0	0.117816	-0.0123585	0.150361
2019-10-18 00:00:00	-1.53617	0.47578	1.02091	0	-0.0316248	-0.0032818	0.0138728	0	0.0940541	0	0	0	0	0	-0.0415906	-0.0104354	0.0138546	0	0	0.0416814	0.0207973	0	0	0.117952	-0.0111525	0.164653
2019-10-19 00:00:00	-18.0377	2.30838	1.01672	0	1.28263	-0.0463653	0.312272	0	2.38193	0	0	0	0	0	7.92335	-0.0104667	0.0139471	0	0	0.05368	0.0248645	0	0	0.113502	-0.0246517	-2.6879
2019-10-20 00:00:00	0	-0.910877	0.967306	0	-0.820823	-0.0150667	0.0780283	0	1.15002	0	0	0	0	0	-0.770251	-0.0104861	0.0140253	0	0	0.065479	0.028093	0	0	0.115937	-0.0244682	-0.133088
2019-10-21 00:00:00	0	-0.814226	0.874112	0	-0.000965471	-0.00771169	0.0387177	0	0.354163	0	0	0	0	0	-0.479363	-0.0104815	0.0140184	0	0	0.0575094	0.0253766	0	0	0.119742	-0.0168072	0.154085
2019-10-22 00:00:00	0	-0.908185	0.975004	0	-0.162852	-0.00530095	0.0269195	0	0.243762	0	0	0	0	0	-0.283157	-0.0104742	0.0140055	0	0	0.0504967	0.0230577	0	0	0.12055	-0.015054	0.0687723
2019-10-23 00:00:00	0	-0.299927	0.945721	0	-0.270073	-0.00268763	0.0116252	0	0.109337	0	0	0	0	0	-0.478204	-0.0104678	0.0139925	0	0	0.043733	0.021175	0	0	0.121054	-0.012878	0.1924
2019-10-24 00:00:00	-1.61265	0.701158	0.910018	0	0.0373086	-0.00338393	0.0129251	0	0.0902504	0	0	0	0	0	-0.124021	-0.0104628	0.0139809	0	0	0.0387903	0.0196714	0	0	0.121164	-0.011558	0.183196
2019-10-25 00:00:00	-0.369111	-0.153331	0.666427	0	-0.108915	-0.00272916	0.0122465	0	0.0818409	0	0	0	0	0	-0.123609	-0.0104553	0.0139634	0	0	0.0344536	0.0181591	0	0	0.121049	-0.0110292	0.168961
2019-10-26 00:00:00	-0.413764	-0.176605	0.735402	0	-0.0943191	-0.00263472	0.0109751	0	0.0719067	0	0	0	0	0	-0.036965	-0.0104506	0.0139511	0	0	0.0316409	0.017212	0	0	0.120906	-0.0103206	0.256935
2019-10-27 00:00:00	0	-0.491042	0.792812	0	-0.159798	-0.00222306	0.00961489	0	0.062828	0	0	0	0	0	-0.0963396	-0.0104436	0.0139385	0	0	0.0291855	0.0163754	0	0	0.120717	-0.0100142	0.275611
2019-10-28 00:00:00	-0.145435	-0.16946	0.673733	0	-0.184667	-0.00156668	0.00605009	0	0.0425103	0	0	0	0	0	-0.0873581	-0.0104353	0.0139217	0	0	0.0264264	0.0155387	0	0	0.12053	-0.00977037	0.290017
2019-10-29 00:00:00	-3.01582	2.17255	0.663186	0	0.0892127	-0.00228871	0.00830286	0	0.0436519	0	0	0	0	0	0.0795077	-0.0104309	0.0139097	0	0	0.0244684	0.0149459	0	0	0.120122	-0.00966321	0.191656
2019-10-30 00:00:00	-0.0545653	-0.56002	0.645218	0	-0.00547635	-0.0016067	0.00666398	0	0.0446914	0	0	0	0	0	-0.0302544	-0.0104241	0.0138925	0	0	0.0228109	0.0143578	0	0	0.119752	-0.00970041	0.195339
2019-10-31 00:00:00	-1.65071	0.749066	0.66767	0	0.0299347	-0.00250372	0.0103657	0	0.0557378	0	0	0	0	0	0.219974	-0.0104201	0.0138801	0	0	0.02181	0.0140245	0	0	0.119144	-0.00959549	0.228374
2019-11-01 00:00:00	-9.16149	0.697455	0.755096	0	1.10384	-0.0217797	0.117387	0	0.829393	0	0	0	0	0	4.07886	-0.0104271	0.0139292	0	0	0.0289075	0.0164567	0	0	0.117616	-0.0148844	-1.44964
2019-11-02 00:00:00	-3.65054	-0.0262022	0.767379	0	-0.104704	-0.017653	0.0943075	0	0.977719	0	0	0	0	0	1.26773	-0.0104368	0.0139823	0	0	0.0378542	0.0192575	0	0	0.116058	-0.0226473	-0.537896
2019-11-03 00:00:00	-11.2121	0.00642238	0.699882	0	0.627546	-0.0475691	0.278837	0	2.37631	0	0	0	0	0	5.37469	-0.0104684	0.0140846	0	0	0.0521536	0.0239352	0	0	0.115111	-0.0286107	-1.7298
2019-11-04 00:00:00	-20.5062	-0.013148	0.658614	0	0.584134	-0.0928003	0.574112	0	5.31689	0	0	0	0	0	9.69977	-0.0105488	0.0142943	0	0	0.0927363	0.0358903	0	0	0.113129	-0.0407392	-3.57386
2019-11-05 00:00:00	-5.36229	-0.021339	0.620534	0	-0.519199	-0.0412436	0.23168	0	2.68014	0	0	0	0	0	1.07219	-0.0106043	0.0144239	0	0	0.114788	0.0421196	0	0	0.120457	-0.0341524	-1.09249
2019-11-06 00:00:00	-1.50263	-0.0393258	0.553927	0	-0.281048	-0.0259225	0.122958	0	1.39631	0	0	0	0	0	-0.501704	-0.0106346	0.0144534	0	0	0.106287	0.0395971	0	0	0.125675	-0.0260256	-0.0280842
2019-11-07 00:00:00	-6.16397	0.00969063	0.591254	0	0.205105	-0.0349355	0.175704	0	1.76425	0	0	0	0	0	2.22229	-0.0106678	0.0144978	0	0	0.10402	0.0389904	0	0	0.126658	-0.0254081	-0.98252
2019-11-08 00:00:00	-0.532398	-0.131451	0.468899	0	-0.269936	-0.0181816	0.0797019	0	1.02856	0	0	0	0	0	-0.657729	-0.0106729	0.0145047	0	0	0.096698	0.0365067	0	0	0.128241	-0.023463	0.209285
2019-11-09 00:00:00	-1.07154	0.0541215	0.43758	0	-0.148526	-0.0129692	0.0530122	0	0.592836	0	0	0	0	0	-0.212607	-0.0106685	0.0144934	0	0	0.0839949	0.0324786	0	0	0.130288	-0.0198582	-0.0773605
2019-11-10 00:00:00	-1.56823	0.0416391	0.430164	0	-0.00891975	-0.0134561	0.0581877	0	0.561341	0	0	0	0	0	0.216156	-0.0106684	0.0144894	0	0	0.0766449	0.0303022	0	0	0.131009	-0.0183986	-0.0597401
2019-11-11 00:00:00	-12.4616	-0.00698259	0.501932	0	1.04624	-0.0646152	0.301087	0	2.83402	0	0	0	0	0	6.02656	-0.010697	0.0146004	0	0	0.091879	0.0355193	0	0	0.127344	-0.0296924	-1.59442
2019-11-12 00:00:00	-2.74749	-0.015478	0.472864	0	-0.517488	-0.032266	0.140042	0	1.73828	0	0	0	0	0	0.444392	-0.0107277	0.0146604	0	0	0.101913	0.0388575	0	0	0.129546	-0.0283009	-0.271198
2019-11-13 00:00:00	-0.0992187	-0.256248	0.360724	0	-0.313959	-0.0116313	0.0464593	0	0.621872	0	0	0	0	0	-0.624838	-0.0107346	0.0146563	0	0	0.0883073	0.0343794	0	0	0.133251	-0.0210152	-0.0379966
2019-11-14 00:00:00	-2.58717	0.229253	0.415069	0	0.0565708	-0.0208896	0.0914778	0	0.84088	0	0	0	0	0	0.6836	-0.0107361	0.0146682	0	0	0.0835149	0.0330133	0	0	0.134319	-0.0195023	-0.0559342
2019-11-15 00:00:00	-7.89692	-0.0177226	0.475241	0	0.446237	-0.0415898	0.223829	0	2.04008	0	0	0	0	0	3.52657	-0.0107516	0.0147276	0	0	0.0902884	0.0354445	0	0	0.132464	-0.0255235	-1.00763
2019-11-16 00:00:00	-4.2786	-0.00893628	0.388944	0	-0.00911728	-0.0356441	0.158862	0	1.81407	0	0	0	0	0	1.43919	-0.0107652	0.0147723	0	0	0.0959715	0.0373261	0	0	0.132965	-0.0285047	-0.28946
2019-11-17 00:00:00	-0.582384	-0.0233821	0.395573	0	-0.440548	-0.0152813	0.0676683	0	0.836141	0	0	0	0	0	-0.431755	-0.0107661	0.014771	0	0	0.087097	0.0343494	0	0	0.135837	-0.0233161	0.0440037
2019-11-18 00:00:00	-0.0854547	-0.202111	0.291731	0	-0.198124	-0.00903688	0.0389981	0	0.41044	0	0	0	0	0	-0.382758	-0.0107627	0.0147596	0	0	0.076516	0.0309465	0	0	0.138088	-0.0184267	0.0948051
2019-11-19 00:00:00	-0.685455	0.176245	0.338992	0	-0.0280526	-0.00594915	0.0264341	0	0.235159	0	0	0	0	0	-0.234927	-0.0107586	0.0147411	0	0	0.0657516	0.02748	0	0	0.138873	-0.0162949	0.0422396
2019-11-20 00:00:00	0	-0.399881	0.419608	0	-0.160495	-0.00668231	0.0289658	0	0.255565	0	0	0	0	0	-0.136849	-0.0107571	0.0147328	0	0	0.0596515	0.0256175	0	0	0.139079	-0.015694	0.212862
2019-11-21 00:00:00	0	-0.391818	0.42178	0	-0.139622	-0.0048115	0.021287	0	0.168792	0	0	0	0	0	-0.0904757	-0.0107528	0.0147195	0	0	0.0527417	0.0234779	0	0	0.139395	-0.0140743	0.190638
2019-11-22 00:00:00	-1.89677	0.745818	0.441933	0	0.121459	-0.00608359	0.0244339	0	0.146332	0	0	0	0	0	0.312225	-0.0107486	0.0147097	0	0	0.0470487	0.0217858	0	0	0.139402	-0.0132008	0.0883405
2019-11-23 00:00:00	-4.28434	-0.0109571	0.418658	0	0.465614	-0.020516	0.104922	0	0.7803	0	0	0	0	0	1.85406	-0.0107564	0.0147346	0	0	0.0500379	0.0229004	0	0	0.137801	-0.0185169	-0.496057
2019-11-24 00:00:00	-1.56461	-0.0161317	0.41466	0	-0.103199	-0.0126588	0.060526	0	0.612583	0	0	0	0	0	0.370584	-0.0107549	0.0147561	0	0	0.0516213	0.0234687	0	0	0.137504	-0.0201052	-0.0417581
2019-11-25 00:00:00	-1.88545	-0.014204	0.45239	0	0.0434586	-0.0129931	0.0654592	0	0.562077	0	0	0	0	0	0.588403	-0.0107487	0.0147652	0	0	0.0493379	0.0227443	0	0	0.138115	-0.0193245	-0.00597511
2019-11-26 00:00:00	-6.20682	-0.0274139	0.454648	0	0.387246	-0.0320698	0.16135	0	1.5289	0	0	0	0	0	2.74447	-0.0107767	0.0147982	0	0	0.0543933	0.0243897	0	0	0.135618	-0.0262243	-0.797498
2019-11-27 00:00:00	-4.99157	-0.00618482	0.383017	0	0.0738224	-0.0346601	0.192017	0	1.91034	0	0	0	0	0	1.96699	-0.0108122	0.0148309	0	0	0.062705	0.0269107	0	0	0.134503	-0.029547	-0.307637
2019-11-28 00:00:00	-15.4135	-0.0155467	0.34994	0	0.837596	-0.0821192	0.492215	0	4.71665	0	0	0	0	0	6.97538	-0.0108636	0.0149629	0	0	0.0887858	0.0349212	0	0	0.131214	-0.0388805	-1.91924
2019-11-29 00:00:00	-0.0992187	-0.166233	0.267204	0	-0.959265	-0.0256223	0.11985	0	1.85966	0	0	0	0	0	-0.979566	-0.0108996	0.0150245	0	0	0.10039	0.0382159	0	0	0.138453	-0.0301295	0.267866
2019-11-30 00:00:00	-0.0408013	-0.148802	0.196416	0	-0.33339	-0.0126225	0.0573467	0	0.697979	0	0	0	0	0	-0.618438	-0.0109052	0.0149979	0	0	0.0868716	0.0338902	0	0	0.143189	-0.0223931	0.0433382
2019-12-01 00:00:00	-0.0854547	-0.111033	0.202436	0	-0.0104722	-0.00955491	0.0431819	0	0.414384	0	0	0	0	0	-0.449758	-0.0109107	0.0149792	0	0	0.0760012	0.0304735	0	0	0.145144	-0.018829	0.230588
2019-12-02 00:00:00	-8.27912	0.357298	0.319693	0	0.822367	-0.042076	0.222762	0	2.04408	0	0	0	0	0	3.41249	-0.010925	0.0150165	0	0	0.0766872	0.0304837	0	0	0.141516	-0.0287719	-0.918505
2019-12-03 00:00:00	0	-0.332355	0.347364	0	-0.692742	-0.0168564	0.0732837	0	1.11944	0	0	0	0	0	-0.533961	-0.0109234	0.0150312	0	0	0.0758234	0.0299419	0	0	0.143506	-0.0261329	0.191421
2019-12-04 00:00:00	-0.4	0.0491078	0.350304	0	-0.113835	-0.00886555	0.0377396	0	0.414962	0	0	0	0	0	-0.374406	-0.0109182	0.015016	0	0	0.0667004	0.0271612	0	0	0.146894	-0.0192551	0.180605
2019-12-05 00:00:00	-6.75105	0.229983	0.382921	0	0.669106	-0.0345711	0.179025	0	1.65493	0	0	0	0	0	2.71548	-0.0109205	0.0150633	0	0	0.0669316	0.0271425	0	0	0.143758	-0.027195	-0.739401
2019-12-06 00:00:00	-3.19326	-0.0173068	0.39801	0	-0.217424	-0.0298653	0.130997	0	1.64935	0	0	0	0	0	0.917735	-0.0109359	0.0150939	0	0	0.0687716	0.0274753	0	0	0.143294	-0.0301193	-0.148181
2019-12-07 00:00:00	-10.8747	-0.0108522	0.362623	0	0.870728	-0.0711713	0.331193	0	3.59098	0	0	0	0	0	4.57681	-0.0109838	0.0151701	0	0	0.0788839	0.0298519	0	0	0.140217	-0.0385951	-1.0098
2019-12-08 00:00:00	-13.9505	-0.0184623	0.327549	0	0.221166	-0.105162	0.430579	0	5.76717	0	0	0	0	0	5.46852	-0.0110193	0.0152635	0	0	0.102146	0.0338647	0	0	0.137406	-0.0477209	-1.6292
2019-12-09 00:00:00	-0.0545653	-0.220156	0.282776	0	-1.00708	-0.0370252	0.12448	0	2.28431	0	0	0	0	0	-1.27291	-0.011013	0.0152872	0	0	0.102823	0.0332566	0	0	0.146853	-0.0346073	0.35243
2019-12-10 00:00:00	-14.509	0.191327	0.3284	0	1.22367	-0.0953462	0.453167	0	5.26245	0	0	0	0	0	5.63259	-0.0110467	0.0153578	0	0	0.10778	0.0341505	0	0	0.143629	-0.0438724	-1.26671
2019-12-11 00:00:00	-6.86048	-0.0169854	0.281855	0	-0.35867	-0.069037	0.317441	0	4.35572	0	0	0	0	0	1.61384	-0.0110991	0.0154033	0	0	0.116828	0.0350904	0	0	0.146079	-0.0447619	-0.478771
2019-12-12 00:00:00	-2.04129	-0.020379	0.268014	0	-0.685664	-0.0368875	0.136991	0	2.20199	0	0	0	0	0	-0.319316	-0.0111291	0.0154285	0	0	0.108326	0.0329166	0	0	0.153536	-0.0348477	-0.232315
2019-12-13 00:00:00	-2.55959	-0.0119376	0.282746	0	0.100636	-0.0337965	0.146542	0	1.73365	0	0	0	0	0	0.144189	-0.0111368	0.0154543	0	0	0.0994148	0.0311404	0	0	0.156464	-0.0313977	0.0623805
2019-12-14 00:00:00	-12.9979	-0.0181942	0.263796	0	0.745797	-0.100104	0.424329	0	4.70029	0	0	0	0	0	5.11921	-0.0111632	0.0155742	0	0	0.116346	0.0368071	0	0	0.152405	-0.0412333	-1.59403
2019-12-15 00:00:00	-1.84471	-0.027388	0.254161	0	-0.820884	-0.0428926	0.156248	0	2.25434	0	0	0	0	0	-0.279438	-0.0111793	0.0156458	0	0	0.12849	0.0408656	0	0	0.158451	-0.0328678	-0.0511562
2019-12-16 00:00:00	-2.53103	-0.00822877	0.280052	0	0.0451614	-0.0355494	0.141018	0	1.53483	0	0	0	0	0	0.218244	-0.0111873	0.0156666	0	0	0.118618	0.0388284	0	0	0.161662	-0.0288186	-0.0607333
2019-12-17 00:00:00	0	-0.25726	0.267062	0	-0.578082	-0.0111985	0.0404262	0	0.662004	0	0	0	0	0	-0.516513	-0.0111874	0.0156831	0	0	0.0992802	0.03385	0	0	0.164176	-0.0241494	-0.11591
2019-12-18 00:00:00	-4.1996	0.22641	0.247588	0	0.556545	-0.0411629	0.175022	0	1.44342	0	0	0	0	0	1.20456	-0.0111991	0.0157222	0	0	0.101406	0.0352639	0	0	0.16372	-0.0256887	-0.107985
2019-12-19 00:00:00	-7.01791	-0.0195283	0.305033	0	0.315899	-0.0597705	0.245571	0	2.63786	0	0	0	0	0	2.56202	-0.0112337	0.0157872	0	0	0.109481	0.038399	0	0	0.161168	-0.0327332	-0.74995
2019-12-20 00:00:00	-1.49087	-0.0161036	0.302081	0	-0.458335	-0.0305188	0.120296	0	1.51468	0	0	0	0	0	-0.0845119	-0.0112497	0.0158087	0	0	0.107498	0.038151	0	0	0.163616	-0.0291273	0.141417
2019-12-21 00:00:00	-0.0992187	-0.180129	0.28512	0	-0.224838	-0.0150166	0.0569834	0	0.645559	0	0	0	0	0	-0.478134	-0.0112573	0.0158024	0	0	0.0943567	0.0344591	0	0	0.166938	-0.0224974	0.268129
2019-12-22 00:00:00	-0.499219	0.0915672	0.279856	0	-0.180588	-0.0094648	0.0346096	0	0.358624	0	0	0	0	0	-0.258937	-0.0112617	0.0157918	0	0	0.0804591	0.0305043	0	0	0.168466	-0.0190873	0.0813198
2019-12-23 00:00:00	-4.54543	0.0460939	0.308228	0	0.606874	-0.030042	0.13633	0	1.19258	0	0	0	0	0	1.61405	-0.0112712	0.0158171	0	0	0.0791829	0.0302627	0	0	0.166271	-0.0246288	-0.415688
2019-12-24 00:00:00	-0.364613	-0.0423164	0.271245	0	-0.536355	-0.0147745	0.0570361	0	0.769527	0	0	0	0	0	-0.233854	-0.0112751	0.0158237	0	0	0.0747924	0.0291257	0	0	0.166806	-0.0235304	0.157638
2019-12-25 00:00:00	-0.244653	-0.0673442	0.284639	0	-0.260551	-0.00778603	0.0291005	0	0.328554	0	0	0	0	0	-0.173712	-0.0112759	0.0158113	0	0	0.0660306	0.0267173	0	0	0.168928	-0.0185095	0.135948
2019-12-26 00:00:00	-0.05998	-0.200561	0.275231	0	-0.107067	-0.00626867	0.0245363	0	0.201012	0	0	0	0	0	-0.15901	-0.0112752	0.015798	0	0	0.0580249	0.0244988	0	0	0.169336	-0.0163305	0.207944
2019-12-27 00:00:00	-2.1592	0.253421	0.333201	0	0.279915	-0.0120562	0.0545486	0	0.352422	0	0	0	0	0	0.63189	-0.0112771	0.0157995	0	0	0.0538652	0.0234509	0	0	0.168635	-0.0168968	-0.0322801
2019-12-28 00:00:00	-0.114545	-0.203104	0.326105	0	-0.272939	-0.00636892	0.0254525	0	0.299031	0	0	0	0	0	-0.113919	-0.0112787	0.0157924	0	0	0.0500934	0.0224311	0	0	0.167761	-0.0175198	0.166991
2019-12-29 00:00:00	0	-0.284861	0.306775	0	-0.168961	-0.00486088	0.0196225	0	0.159644	0	0	0	0	0	-0.0266006	-0.0112756	0.0157784	0	0	0.0444608	0.0208866	0	0	0.168101	-0.0150362	0.223674
2019-12-30 00:00:00	-1.20473	0.42215	0.304565	0	0.0634964	-0.00488769	0.0202757	0	0.140833	0	0	0	0	0	0.198297	-0.0112748	0.0157656	0	0	0.040036	0.0196258	0	0	0.167169	-0.0142632	0.157054
2019-12-31 00:00:00	-0.2	-0.0121503	0.19713	0	-0.164213	-0.00456614	0.0175742	0	0.166573	0	0	0	0	0	0.00911707	-0.0112733	0.0157535	0	0	0.0366125	0.0186302	0	0	0.166081	-0.0147382	0.22053
2020-01-01 00:00:00	-0.0953666	-0.19658	0.296124	0	-0.101358	-0.00340581	0.0134631	0	0.103683	0	0	0	0	0	0.0353776	-0.0112707	0.0157403	0	0	0.0334425	0.0177921	0	0	0.165336	-0.0134869	0.259492
2020-01-02 00:00:00	-4.23242	0.182323	0.352494	0	0.755646	-0.0156562	0.0918308	0	0.601903	0	0	0	0	0	1.57137	-0.0112759	0.0157484	0	0	0.0348264	0.0181524	0	0	0.162983	-0.0183804	-0.49045
2020-01-03 00:00:00	-0.812201	-0.0164366	0.304803	0	-0.265686	-0.0101729	0.0408174	0	0.546202	0	0	0	0	0	0.0816334	-0.0112848	0.0157511	0	0	0.0370601	0.0186971	0	0	0.162381	-0.0202918	0.0712713
2020-01-04 00:00:00	-1.18673	-0.0113241	0.286383	0	0.0471367	-0.00953053	0.0362711	0	0.379378	0	0	0	0	0	0.323282	-0.0112879	0.0157433	0	0	0.0360854	0.0183882	0	0	0.163505	-0.017251	0.0700533
2020-01-05 00:00:00	-0.0854547	-0.250926	0.342486	0	-0.272732	-0.00582798	0.0219456	0	0.257094	0	0	0	0	0	-0.0310916	-0.0112873	0.0157314	0	0	0.0341563	0.0178671	0	0	0.163628	-0.0159533	0.179636
2020-01-06 00:00:00	-5.12504	0.220412	0.340324	0	0.848721	-0.0234866	0.145274	0	0.979841	0	0	0	0	0	1.91506	-0.0112971	0.0157504	0	0	0.0375732	0.0191928	0	0	0.160811	-0.0221082	-0.498974
2020-01-07 00:00:00	-6.98148	-0.016804	0.368824	0	0.413214	-0.0501989	0.249004	0	2.43788	0	0	0	0	0	2.67049	-0.011315	0.015806	0	0	0.0499804	0.023171	0	0	0.156492	-0.0333494	-0.708291
2020-01-08 00:00:00	-4.54854	-0.0150839	0.314438	0	-0.0369767	-0.0439402	0.203	0	2.19588	0	0	0	0	0	1.38815	-0.0113329	0.0158498	0	0	0.0589795	0.0259585	0	0	0.157629	-0.0343022	-0.330294
2020-01-09 00:00:00	-12.1909	-0.014765	0.275305	0	0.586862	-0.0916471	0.429797	0	4.53257	0	0	0	0	0	4.83366	-0.0113587	0.0159674	0	0	0.0822368	0.0335085	0	0	0.157129	-0.0393417	-1.40099
2020-01-10 00:00:00	-4.33909	-0.0161139	0.28404	0	-0.464903	-0.0549538	0.245441	0	2.87238	0	0	0	0	0	0.947501	-0.0113931	0.0160617	0	0	0.10292	0.0402134	0	0	0.163004	-0.0350579	-0.249955
2020-01-11 00:00:00	-19.8901	-0.0170047	0.394021	0	1.09136	-0.150231	0.767371	0	7.95676	0	0	0	0	0	7.67406	-0.0114639	0.0162026	0	0	0.138938	0.0522846	0	0	0.156602	-0.0514387	-1.87259
2020-01-12 00:00:00	-2.48863	-0.0152817	0.320852	0	-1.01114	-0.0615084	0.243127	0	3.51742	0	0	0	0	0	-0.650458	-0.0114989	0.0162687	0	0	0.157557	0.0577112	0	0	0.167363	-0.0411529	0.200631
2020-01-13 00:00:00	-6.58678	-0.0140944	0.33604	0	0.240513	-0.0726401	0.289914	0	3.34245	0	0	0	0	0	1.75694	-0.0115154	0.016332	0	0	0.153102	0.0558716	0	0	0.171726	-0.0370557	-0.359195
2020-01-14 00:00:00	-3.55779	-0.0126084	0.302369	0	-0.157252	-0.0516498	0.218916	0	2.58516	0	0	0	0	0	0.414477	-0.0115652	0.0163679	0	0	0.148164	0.0535867	0	0	0.174045	-0.0351264	0.087096
2020-01-15 00:00:00	0	-0.331358	0.348703	0	-0.557539	-0.0228334	0.0837816	0	1.18758	0	0	0	0	0	-0.89857	-0.0115763	0.0163668	0	0	0.131891	0.0483098	0	0	0.178228	-0.0283746	0.144609
2020-01-16 00:00:00	-5.70054	0.298618	0.391787	0	0.535511	-0.0461082	0.205213	0	2.02089	0	0	0	0	0	1.58483	-0.0115977	0.0163984	0	0	0.123789	0.0457525	0	0	0.177813	-0.0305711	-0.388221
2020-01-17 00:00:00	-0.295367	-0.0897976	0.339913	0	-0.484122	-0.0179438	0.0692684	0	0.979213	0	0	0	0	0	-0.542964	-0.0116025	0.0164108	0	0	0.109786	0.0411641	0	0	0.180047	-0.0265709	0.267434
2020-01-18 00:00:00	-0.0992187	-0.204463	0.315795	0	-0.495824	-0.0123338	0.048983	0	0.608459	0	0	0	0	0	-0.453937	-0.0116015	0.0164233	0	0	0.0992023	0.0380325	0	0	0.182047	-0.021883	0.00968016
2020-01-19 00:00:00	-0.0854547	-0.201926	0.302235	0	-0.166422	-0.0097652	0.0404771	0	0.363316	0	0	0	0	0	-0.275374	-0.0116021	0.0164346	0	0	0.0863493	0.0341542	0	0	0.18294	-0.0191699	0.256191
2020-01-20 00:00:00	0	-0.339535	0.369185	0	-0.193849	-0.00671349	0.0277719	0	0.245408	0	0	0	0	0	-0.130887	-0.0116041	0.016424	0	0	0.0735858	0.0302899	0	0	0.183361	-0.017511	0.245926
2020-01-21 00:00:00	-0.219179	-0.182873	0.423693	0	-0.128553	-0.00472616	0.0190219	0	0.167266	0	0	0	0	0	-0.131842	-0.0116046	0.0164158	0	0	0.0646635	0.02768	0	0	0.183157	-0.0162432	0.206876
2020-01-22 00:00:00	-0.104633	-0.254052	0.384098	0	-0.132319	-0.00518552	0.0217166	0	0.155771	0	0	0	0	0	0.00326714	-0.011605	0.0164076	0	0	0.0569576	0.0254306	0	0	0.182657	-0.0153352	0.323176
2020-01-23 00:00:00	-0.0408013	-0.257892	0.429045	0	-0.165554	-0.00396046	0.0158086	0	0.122379	0	0	0	0	0	-0.0300308	-0.0116054	0.0163943	0	0	0.0502031	0.0234894	0	0	0.182149	-0.0146151	0.315009
2020-01-24 00:00:00	-0.444653	0.0261947	0.42623	0	-0.0816032	-0.00336631	0.0127965	0	0.0914189	0	0	0	0	0	0.0460878	-0.0116055	0.0163841	0	0	0.0448907	0.0220025	0	0	0.181202	-0.0140377	0.311942
2020-01-25 00:00:00	0	-0.114952	0.340266	0	-0.142938	-0.00234158	0.00884671	0	0.0586703	0	0	0	0	0	-4.84884E-05	-0.0116033	0.0163693	0	0	0.0392693	0.0204344	0	0	0.18025	-0.0133521	0.378871
2020-01-26 00:00:00	-1.87851	1.19793	0.397601	0	0.066304	-0.00407866	0.0141137	0	0.0837436	0	0	0	0	0	0.177357	-0.0116035	0.0163612	0	0	0.0361017	0.0195389	0	0	0.178966	-0.0131998	0.28062
2020-01-27 00:00:00	-2.28819	0.266296	0.386845	0	0.249823	-0.0107563	0.0477744	0	0.26205	0	0	0	0	0	0.722351	-0.0116101	0.0163713	0	0	0.0375393	0.0199739	0	0	0.177533	-0.0142699	-0.138268
2020-01-28 00:00:00	-10.3262	0.00683623	0.380307	0	1.49069	-0.0631228	0.270005	0	2.13115	0	0	0	0	0	4.24341	-0.0116489	0.0164647	0	0	0.0580215	0.0268944	0	0	0.17256	-0.0259424	-1.63061
2020-01-29 00:00:00	-8.90656	-0.0187044	0.445399	0	0.297061	-0.0701001	0.371409	0	3.62908	0	0	0	0	0	2.96888	-0.0116844	0.0165786	0	0	0.0852539	0.0355633	0	0	0.168035	-0.0388835	-1.02867
2020-01-30 00:00:00	-0.578768	-0.175196	0.525399	0	-0.625244	-0.0267191	0.121048	0	1.5308	0	0	0	0	0	-0.688026	-0.0116857	0.0165998	0	0	0.0853381	0.0352052	0	0	0.17489	-0.03071	0.35293
2020-01-31 00:00:00	-1.63128	0.154144	0.56698	0	-0.129036	-0.0183565	0.0935058	0	0.886195	0	0	0	0	0	-0.0720006	-0.0116879	0.0165966	0	0	0.074049	0.0316067	0	0	0.178455	-0.0259197	0.113252
2020-02-01 00:00:00	-3.88694	-0.00147581	0.497889	0	0.402301	-0.0290278	0.15881	0	1.38444	0	0	0	0	0	1.07127	-0.0116982	0.0166218	0	0	0.0725232	0.0310779	0	0	0.177597	-0.0279331	-0.144541
2020-02-02 00:00:00	-6.60321	-0.0194726	0.448922	0	0.240937	-0.0564577	0.243558	0	2.60686	0	0	0	0	0	2.23205	-0.0117033	0.0166995	0	0	0.0812201	0.0335321	0	0	0.17531	-0.0340239	-0.645782
2020-02-03 00:00:00	-11.8429	-0.00394001	0.473252	0	0.733106	-0.104025	0.44854	0	4.85167	0	0	0	0	0	4.37484	-0.01176	0.0168179	0	0	0.110486	0.0420435	0	0	0.172496	-0.041028	-0.78037
2020-02-04 00:00:00	-2.69168	-0.0224706	0.479553	0	-0.924024	-0.0501586	0.165933	0	2.56465	0	0	0	0	0	-0.0397388	-0.0117812	0.0168821	0	0	0.120023	0.0446879	0	0	0.178622	-0.0354255	-0.20493
2020-02-05 00:00:00	0	-0.445615	0.476612	0	-0.479807	-0.0241086	0.0821387	0	1.0835	0	0	0	0	0	-0.694863	-0.011785	0.0168906	0	0	0.106061	0.0403338	0	0	0.183912	-0.0270695	0.306198
2020-02-06 00:00:00	0	-0.446468	0.48662	0	-0.257417	-0.0133164	0.0488334	0	0.522275	0	0	0	0	0	-0.43086	-0.0117919	0.0168875	0	0	0.0913162	0.0358813	0	0	0.186562	-0.0216706	0.206851
2020-02-07 00:00:00	-0.4	-0.096598	0.508415	0	-0.125434	-0.00800802	0.0294865	0	0.28712	0	0	0	0	0	-0.308144	-0.0118078	0.0168728	0	0	0.0771418	0.0316589	0	0	0.187476	-0.018904	0.169275
2020-02-08 00:00:00	-14.9913	0.953425	0.587616	0	1.83337	-0.0968994	0.469062	0	4.17985	0	0	0	0	0	5.59835	-0.0118544	0.0169791	0	0	0.0972662	0.0382917	0	0	0.178937	-0.035865	-1.18279
2020-02-09 00:00:00	-24.3458	-0.0144059	0.619366	0	0.710836	-0.215268	0.942678	0	11.0268	0	0	0	0	0	8.96501	-0.0119307	0.017251	0	0	0.177528	0.0643772	0	0	0.168288	-0.0584811	-1.95376
2020-02-10 00:00:00	-17.8512	-0.00952452	0.476942	0	-0.292361	-0.200144	0.813477	0	9.95978	0	0	0	0	0	5.50938	-0.0120878	0.0175642	0	0	0.3293	0.110066	0	0	0.175114	-0.0556931	-1.02943
2020-02-11 00:00:00	-11.8659	-0.0129483	0.457768	0	-0.242333	-0.15394	0.608483	0	7.43111	0	0	0	0	0	2.67329	-0.0122491	0.0177936	0	0	0.402549	0.133824	0	0	0.182497	-0.0510292	-0.431083
2020-02-12 00:00:00	-3.98539	-0.00699924	0.484365	0	-0.535992	-0.0876975	0.318551	0	4.12072	0	0	0	0	0	-0.430445	-0.0123286	0.017912	0	0	0.37933	0.126655	0	0	0.190991	-0.0402366	0.539435
2020-02-13 00:00:00	-13.4878	-0.0106949	0.550836	0	0.835259	-0.155872	0.612657	0	6.61251	0	0	0	0	0	3.78994	-0.0123899	0.0180798	0	0	0.370604	0.124968	0	0	0.187444	-0.0483678	-0.612834
2020-02-14 00:00:00	-12.4913	-0.0140969	0.611653	0	-0.642198	-0.202865	0.706136	0	6.47119	0	0	0	0	0	3.8585	-0.012487	0.0185061	0	0	0.461456	0.165972	0	0	0.191854	-0.0444077	-0.922065
2020-02-15 00:00:00	-8.86131	-0.00681525	0.654497	0	0.448411	-0.133147	0.505964	0	5.26603	0	0	0	0	0	1.58447	-0.0125808	0.0187985	0	0	0.498071	0.180232	0	0	0.193124	-0.0455314	0.290218
2020-02-16 00:00:00	-1.10708	-0.0132682	0.660477	0	-1.00566	-0.0539129	0.195024	0	2.54637	0	0	0	0	0	-1.33002	-0.0126259	0.0190631	0	0	0.428273	0.1556	0	0	0.198658	-0.0378776	0.64302
2020-02-17 00:00:00	-7.32677	-0.0113704	0.663142	0	0.763407	-0.0734949	0.319707	0	3.65106	0	0	0	0	0	1.50182	-0.0126392	0.019234	0	0	0.369221	0.133112	0	0	0.196456	-0.0415753	0.151311
2020-02-18 00:00:00	-2.88131	-0.00907054	0.627355	0	-0.509753	-0.0489782	0.201405	0	2.70422	0	0	0	0	0	-0.378223	-0.0126829	0.0192683	0	0	0.321029	0.1148	0	0	0.198149	-0.0395833	0.306626
2020-02-19 00:00:00	-2.8956	-0.00870296	0.688006	0	-0.0971133	-0.0401409	0.157865	0	1.84937	0	0	0	0	0	0.188479	-0.0127585	0.0193902	0	0	0.266808	0.0959411	0	0	0.201872	-0.0344326	0.37898
2020-02-20 00:00:00	-17.3527	-0.0195101	0.664422	0	1.06871	-0.15976	0.641807	0	7.42907	0	0	0	0	0	5.8007	-0.0128565	0.0196487	0	0	0.289969	0.102191	0	0	0.191822	-0.0503211	-1.38677
2020-02-21 00:00:00	-11.9539	0.00395254	0.786643	0	0.372291	-0.147526	0.601752	0	7.21094	0	0	0	0	0	2.8793	-0.0130142	0.019985	0	0	0.320726	0.109299	0	0	0.192459	-0.0518961	0.331019
2020-02-22 00:00:00	-13.4394	-0.00919049	0.663154	0	-0.193731	-0.163829	0.654185	0	8.14258	0	0	0	0	0	3.28902	-0.0131593	0.0202344	0	0	0.336771	0.112813	0	0	0.192801	-0.054308	-0.46205
2020-02-23 00:00:00	-8.84596	-0.0157634	0.682887	0	-0.446362	-0.124089	0.481578	0	6.09012	0	0	0	0	0	1.40253	-0.0133033	0.0205084	0	0	0.337098	0.112121	0	0	0.197411	-0.050425	-0.171653
2020-02-24 00:00:00	-7.11882	0.00491844	0.587804	0	0.234562	-0.113143	0.373742	0	4.63498	0	0	0	0	0	1.21764	-0.0134714	0.0208223	0	0	0.329798	0.110649	0	0	0.20286	-0.0436835	0.428655
2020-02-25 00:00:00	-2.0382	-0.016373	0.633838	0	-0.956641	-0.0649623	0.20243	0	2.88993	0	0	0	0	0	-0.829216	-0.0135538	0.0211352	0	0	0.299013	0.101167	0	0	0.207691	-0.0376474	0.398608
2020-02-26 00:00:00	-0.43992	-0.325673	0.692066	0	-0.454237	-0.0293696	0.0960824	0	1.15091	0	0	0	0	0	-0.893996	-0.01359	0.0213131	0	0	0.25619	0.0882296	0	0	0.212627	-0.0289424	0.331686
2020-02-27 00:00:00	-4.48442	0.324859	0.691884	0	0.475381	-0.0489969	0.170815	0	1.64982	0	0	0	0	0	0.792056	-0.0136143	0.0215839	0	0	0.229959	0.0807202	0	0	0.212072	-0.0297183	0.0724051
2020-02-28 00:00:00	-13.0167	-0.0232849	0.77302	0	0.783	-0.126573	0.507212	0	5.60778	0	0	0	0	0	4.03247	-0.013718	0.0219523	0	0	0.246553	0.0866095	0	0	0.203314	-0.0445181	-0.962835
2020-02-29 00:00:00	-17.265	-0.00170961	0.798149	0	0.595369	-0.200902	0.758995	0	9.11961	0	0	0	0	0	5.01067	-0.0137929	0.0225862	0	0	0.304089	0.108019	0	0	0.19779	-0.0546415	-0.620809
2020-03-01 00:00:00	-19.4169	0.00118244	0.782009	0	0.576529	-0.246391	0.938252	0	11.4203	0	0	0	0	0	5.05521	-0.0139526	0.0231397	0	0	0.378612	0.138499	0	0	0.196588	-0.0615039	-0.228474
2020-03-02 00:00:00	-0.0893068	-0.641368	0.780692	0	-1.55243	-0.0717273	0.23263	0	3.74459	0	0	0	0	0	-2.27629	-0.014064	0.0233866	0	0	0.361615	0.133267	0	0	0.210935	-0.0435786	0.798356
2020-03-03 00:00:00	-0.644653	-0.131776	0.796679	0	-0.677446	-0.0391633	0.129035	0	1.62838	0	0	0	0	0	-1.24735	-0.0141312	0.0234665	0	0	0.300546	0.112026	0	0	0.218111	-0.032886	0.420835
2020-03-04 00:00:00	-0.2	-0.327117	0.713795	0	-0.512857	-0.023797	0.0791597	0	0.9127	0	0	0	0	0	-0.728012	-0.0141698	0.0235811	0	0	0.246335	0.0935162	0	0	0.220578	-0.027882	0.45583
2020-03-05 00:00:00	-0.0854547	-0.206676	0.771643	0	-0.391584	-0.0145916	0.0440218	0	0.522853	0	0	0	0	0	-0.642103	-0.0141807	0.0236018	0	0	0.211552	0.0824448	0	0	0.221237	-0.0244492	0.498314
