Time	Precip	Canopy Stor. Change	Evapotrans	Snow Stor.Change	OL Stor.Change	OL Bou.Inflow	OL Bou.Outflow	OL->Ext.Sinks	OL->River/MOUSE	OL Drain Stor. Change	OL Drain->River/MOUSE	OL Drain->OL IN	OL Drain->OL OUT	Irrigation	SubSurf.Stor.Change	SubSurf.Bou.Inflow	SubSurf.Bou.Outflow	SubSurf->Ext.Sinks	Pumping	SZ Drain->River	SZ Drain->Ext.River	SZ Drain Inflow	SZ Drain Outflow	Baseflow to river	Baseflow from river	Error
2011-03-22 00:00:00	0	0	0	0	0	0	0	0	0	0	0	0	0	0	0	0	0	0	0	0	0	0	0	0	0	0
2011-03-23 00:00:00	0	-0.714687	1.46043	0	-0.515603	-0.00370765	0.00336481	0	0.154445	0	0	0	0	0	-0.642368	-0.0655426	0.0754486	0	0	0	0	0	0	0.342776	-0.00966261	0.0848959
2011-03-24 00:00:00	0	-0.757702	1.68658	0	-0.487757	-0.00252332	0.00185337	0	0.0640303	0	0	0	0	0	-0.490416	-0.065535	0.0754344	0	0	0	0	0	0	0.341155	-0.00864432	0.356472
2011-03-25 00:00:00	0	-0.554134	1.24171	0	-0.397906	-0.00155192	0.00107163	0	0.0443434	0	0	0	0	0	-0.304093	-0.0655154	0.0754104	0	0	0	0	0	0	0.339622	-0.00813458	0.370826
2011-03-26 00:00:00	0	-0.349113	1.31827	0	-0.31974	-0.00121354	0.000750745	0	0.0198868	0	0	0	0	0	-0.312603	-0.0654929	0.0753537	0	0	0	0	0	0	0.33732	-0.00767381	0.695745
2011-03-27 00:00:00	0	-0.171097	1.28201	0	-0.352122	-3.14243E-05	1.31385E-06	0	0.0143232	0	0	0	0	0	-0.430841	-0.0654602	0.0752862	0	0	0	0	0	0	0.333896	-0.00757749	0.678383
2011-03-28 00:00:00	0	-0.00683338	1.34993	0	-0.242882	0	0	0	0.00624823	0	0	0	0	0	-0.573365	-0.0653957	0.0751884	0	0	0	0	0	0	0.331205	-0.00740192	0.866689
2011-03-29 00:00:00	-0.610909	0	1.30695	0	-0.0483737	-9.4209E-06	0	0	0.00340744	0	0	0	0	0	-0.258773	-0.0653502	0.0751332	0	0	0	0	0	0	0.32718	-0.00722073	0.722037
2011-03-30 00:00:00	-3.78909	0.86153	1.51277	0	0.412637	-0.00187708	0.00288827	0	0.0180774	0	0	0	0	0	0.69411	-0.0653449	0.0751157	0	0	0	0	0	0	0.323032	-0.00758322	0.0362665
2011-03-31 00:00:00	-7.20545	0.829575	1.6066	0	1.53775	-0.0171577	0.032946	0	0.210193	0	0	0	0	0	1.70629	-0.0654209	0.0751862	0	0	0	0	0	0	0.3197	-0.00923608	-0.979021
2011-04-01 00:00:00	-0.794546	-0.653374	1.84216	0	-0.393269	-0.00351258	0.013839	0	0.201999	0	0	0	0	0	-0.240153	-0.065458	0.07519	0	0	0	0	0	0	0.321347	-0.010084	0.294137
2011-04-02 00:00:00	-2.57818	0.340805	1.80029	0	0.138818	-0.00475215	0.00855669	0	0.0931154	0	0	0	0	0	0.0620463	-0.0653914	0.0751337	0	0	0	0	0	0	0.320565	-0.00854881	0.182456
2011-04-03 00:00:00	0	-0.836171	1.56046	0	-0.424242	-0.000757511	0.00328059	0	0.075653	0	0	0	0	0	-0.129597	-0.0653741	0.0750776	0	0	0	0	0	0	0.317905	-0.0082767	0.567962
2011-04-04 00:00:00	-2.59455	0.472137	1.60781	0	0.290698	-0.00247759	0.00311573	0	0.0448379	0	0	0	0	0	0.214882	-0.0653494	0.0750162	0	0	0	0	0	0	0.313903	-0.00799603	0.352035
2011-04-05 00:00:00	-8.49273	1.59457	2.04933	0	0.808938	-0.0729011	0.320874	0	0.813308	0	0	0	0	0	1.52955	-0.065465	0.0750201	0	0	0	0	0	0	0.304705	-0.0134057	-1.1482
2011-04-06 00:00:00	-13.3509	0.177924	2.1628	0	0.843973	-0.275428	0.689374	0	2.99427	0	0	0	0	0	4.13246	-0.065791	0.0750659	0	0	0	0	0	0	0.300445	-0.0259738	-2.34179
2011-04-07 00:00:00	0	-1.02278	1.8352	0	-1.28638	-0.0285931	0.0389955	0	0.94126	0	0	0	0	0	-0.725105	-0.0658381	0.0751301	0	0	0	0	0	0	0.31374	-0.016226	0.0594145
2011-04-08 00:00:00	0	-0.777219	1.81835	0	-0.428713	-0.00160557	0.00208885	0	0.0920127	0	0	0	0	0	-0.559634	-0.0657606	0.075151	0	0	0	0	0	0	0.317897	-0.00889448	0.463668
2011-04-09 00:00:00	0	-0.986994	2.77409	0	-0.9692	-6.89868E-05	7.48283E-06	0	0.0572518	0	0	0	0	0	-0.65575	-0.0657215	0.0750444	0	0	0	0	0	0	0.315532	-0.00830447	0.535889
2011-04-10 00:00:00	0	0	2.3064	0	-0.849436	0	0	0	0.0108776	0	0	0	0	0	-1.15027	-0.0656426	0.074923	0	0	0	0	0	0	0.312193	-0.00732395	0.631721
2011-04-11 00:00:00	-0.805454	0	1.84116	0	-0.0538812	0	0	0	0	0	0	0	0	0	-0.406072	-0.0656104	0.0748434	0	0	0	0	0	0	0.308588	-0.00699587	0.886582
2011-04-12 00:00:00	-0.00545455	0	1.62335	0	-0.0255849	0	0	0	0	0	0	0	0	0	-0.667907	-0.0655495	0.0747811	0	0	0	0	0	0	0.302944	-0.00695645	1.22962
2011-04-13 00:00:00	-0.194545	0	1.76571	0	-0.178394	0	0	0	0	0	0	0	0	0	-0.622077	-0.0654493	0.0746368	0	0	0	0	0	0	0.298078	-0.00693715	1.07102
2011-04-14 00:00:00	0	0	1.89863	0	-0.236844	0	0	0	0	0	0	0	0	0	-0.854561	-0.0653259	0.0744934	0	0	0	0	0	0	0.294988	-0.00691787	1.10446
2011-04-15 00:00:00	-0.610909	0	1.83683	0	0.00212216	0	0	0	0	0	0	0	0	0	-0.511523	-0.065257	0.0744092	0	0	0	0	0	0	0.289971	-0.00689001	1.00875
2011-04-16 00:00:00	0	0	1.78883	0	-0.0588156	0	0	0	0	0	0	0	0	0	-0.741319	-0.0651518	0.0741813	0	0	0	0	0	0	0.283006	-0.00685418	1.27387
2011-04-17 00:00:00	0	0	1.94366	0	-0.0536597	0	0	0	0	0	0	0	0	0	-0.799218	-0.0650416	0.0741159	0	0	0	0	0	0	0.276569	-0.00680291	1.36962
2011-04-18 00:00:00	0	0	2.36942	0	-0.0680716	0	0	0	0	0	0	0	0	0	-1.07442	-0.0649303	0.0739741	0	0	0	0	0	0	0.267362	-0.0066845	1.49665
2011-04-19 00:00:00	-0.00545454	0	2.2863	0	-0.040125	0	0	0	0	0	0	0	0	0	-0.830173	-0.0648187	0.073838	0	0	0	0	0	0	0.254617	-0.00660481	1.66758
2011-04-20 00:00:00	0	0	2.51023	0	-0.0390266	0	0	0	0	0	0	0	0	0	-1.07567	-0.0646947	0.0736893	0	0	0	0	0	0	0.246825	-0.00654476	1.64481
2011-04-21 00:00:00	0	0	2.12604	0	-0.0173126	0	0	0	0	0	0	0	0	0	-0.843822	-0.0645926	0.0735515	0	0	0	0	0	0	0.240144	-0.00646764	1.50754
2011-04-22 00:00:00	0	0	2.05235	0	-0.0127891	0	0	0	0	0	0	0	0	0	-0.752424	-0.0644857	0.0733698	0	0	0	0	0	0	0.234137	-0.00643249	1.52372
2011-04-23 00:00:00	-6.38364	1.80047	2.41808	0	0.224666	0	0	0	0	0	0	0	0	0	0.970629	-0.0645126	0.0733279	0	0	0	0	0	0	0.225861	-0.00637577	-0.741486
2011-04-24 00:00:00	-0.00545455	-1.58591	2.34212	0	-0.0247205	0	0	0	0	0	0	0	0	0	-0.287524	-0.0644853	0.0732397	0	0	0	0	0	0	0.219797	-0.00628333	0.660776
2011-04-25 00:00:00	0	-0.21457	1.89135	0	-0.0523268	0	0	0	0	0	0	0	0	0	-0.699808	-0.0643874	0.0729249	0	0	0	0	0	0	0.216514	-0.00621952	1.14348
2011-04-26 00:00:00	0	0	2.04427	0	-0.0205369	0	0	0	0	0	0	0	0	0	-0.869106	-0.0642296	0.0727021	0	0	0	0	0	0	0.213942	-0.00616004	1.37088
2011-04-27 00:00:00	-0.00545454	0	2.53039	0	-0.118986	0	0	0	0	0	0	0	0	0	-1.08619	-0.064117	0.0725063	0	0	0	0	0	0	0.210711	-0.00614256	1.53271
2011-04-28 00:00:00	0	0	2.53752	0	-0.0347596	0	0	0	0	0	0	0	0	0	-1.15622	-0.0641307	0.0721553	0	0	0	0	0	0	0.206947	-0.00611746	1.5554
2011-04-29 00:00:00	-0.205455	0	2.63194	0	-0.0174545	0	0	0	0	0	0	0	0	0	-0.960724	-0.0637662	0.0720663	0	0	0	0	0	0	0.201905	-0.00607086	1.65244
2011-04-30 00:00:00	-0.194545	0	2.04473	0	-0.00216941	0	0	0	0	0	0	0	0	0	-0.821409	-0.0636334	0.0720008	0	0	0	0	0	0	0.199615	-0.00604615	1.22854
2011-05-01 00:00:00	0	0	2.81854	0	-0.0193571	0	0	0	0	0	0	0	0	0	-1.16632	-0.063289	0.0719722	0	0	0	0	0	0	0.196404	-0.00601109	1.83194
2011-05-02 00:00:00	0	0	2.31824	0	-0.00810998	0	0	0	0	0	0	0	0	0	-1.07446	-0.0632368	0.0718533	0	0	0	0	0	0	0.192603	-0.0059857	1.4309
2011-05-03 00:00:00	-0.00545454	0	2.28371	0	-0.00621582	0	0	0	0	0	0	0	0	0	-0.971871	-0.0628418	0.0718651	0	0	0	0	0	0	0.189836	-0.00595162	1.49308
2011-05-04 00:00:00	0	0	2.86468	0	-0.0118576	0	0	0	0	0	0	0	0	0	-1.31819	-0.0627146	0.0717236	0	0	0	0	0	0	0.187551	-0.00592592	1.72526
2011-05-05 00:00:00	-3.16727	0.555058	2.48919	0	0.0275705	0	0	0	0	0	0	0	0	0	0.0175051	-0.0626547	0.0713183	0	0	0	0	0	0	0.184995	-0.00590314	0.109809
2011-05-06 00:00:00	-9.20545	2.21252	2.8842	0	0.16344	0	0	0	0	0	0	0	0	0	1.9746	-0.0627371	0.0715544	0	0	0	0	0	0	0.182806	-0.00587621	-1.78494
2011-05-07 00:00:00	-9.60546	2.18745	2.91639	0	0.303769	-1.43914E-05	0	0	0.00209186	0	0	0	0	0	2.11946	-0.0628487	0.0717193	0	0	0	0	0	0	0.182691	-0.00586294	-1.89062
2011-05-08 00:00:00	-5.44364	0.712926	2.84883	0	0.244156	-0.00213175	0.000139135	0	0.00433698	0	0	0	0	0	0.707524	-0.0629261	0.0718463	0	0	0	0	0	0	0.182372	-0.00583063	-0.742395
2011-05-09 00:00:00	-2.2	-0.370369	2.63519	0	0.0102205	-0.000884367	0.000546219	0	0.00277754	0	0	0	0	0	-0.132601	-0.0629191	0.0718512	0	0	0	0	0	0	0.181502	-0.00577537	0.129541
2011-05-10 00:00:00	-3.20545	0.072718	2.77603	0	0.11805	-0.000823425	0.000516522	0	0.00273344	0	0	0	0	0	0.0922183	-0.0628837	0.0718154	0	0	0	0	0	0	0.181164	-0.00577287	0.0403089
2011-05-11 00:00:00	-3.56727	0.143776	2.7297	0	0.212872	-0.00113487	0.000944301	0	0.00317089	0	0	0	0	0	0.20205	-0.0628598	0.0717774	0	0	0	0	0	0	0.180913	-0.00577749	-0.0918377
2011-05-12 00:00:00	-6.15091	0.375185	2.66851	0	0.581281	-0.00280065	0.0385064	0	0.00975836	0	0	0	0	0	1.05481	-0.0628822	0.0717983	0	0	0	0	0	0	0.181688	-0.00594107	-1.24099
2011-05-13 00:00:00	-3.56182	-0.00243664	2.45297	0	0.00580616	-0.0020849	0.0541713	0	0.105276	0	0	0	0	0	0.356337	-0.0628922	0.0718186	0	0	0	0	0	0	0.181578	-0.00875252	-0.410024
2011-05-14 00:00:00	0	-1.67553	2.57023	0	-0.366405	-0.000416982	0.00406774	0	0.0606251	0	0	0	0	0	-0.315946	-0.0628396	0.071809	0	0	0	0	0	0	0.182131	-0.00796399	0.459764
2011-05-15 00:00:00	-0.610909	-0.865878	2.53427	0	-0.463734	0	0	0	0.012215	0	0	0	0	0	-0.322078	-0.0627261	0.0716776	0	0	0	0	0	0	0.182248	-0.00637868	0.468703
2011-05-16 00:00:00	-5.81091	1.41691	2.8323	0	0.598223	-0.000107915	0.000166068	0	0.00432786	0	0	0	0	0	0.330892	-0.0627422	0.0717174	0	0	0	0	0	0	0.18171	-0.0059898	-0.443506
2011-05-17 00:00:00	0	-1.69957	2.83699	0	-0.334436	-0.000507854	0.00060276	0	0.00729288	0	0	0	0	0	-0.369325	-0.0626935	0.0716556	0	0	0	0	0	0	0.180822	-0.00608824	0.624747
2011-05-18 00:00:00	-2.8	-0.0148324	2.83292	0	0.0212772	0	0	0	0.00791216	0	0	0	0	0	-0.0845157	-0.0626157	0.0715495	0	0	0	0	0	0	0.180331	-0.00617934	0.145843
2011-05-19 00:00:00	-0.794545	-0.951217	2.61287	0	-0.248563	0	0	0	0.000541094	0	0	0	0	0	-0.345674	-0.0625141	0.0714388	0	0	0	0	0	0	0.179538	-0.00582452	0.456047
2011-05-20 00:00:00	-1.59455	-0.50722	2.60696	0	-0.0988546	0	0	0	0.00170016	0	0	0	0	0	-0.15057	-0.0624636	0.0711753	0	0	0	0	0	0	0.177908	-0.00584592	0.438242
2011-05-21 00:00:00	-3.22727	0.384537	2.77747	0	0.0760585	0	0	0	0.00115468	0	0	0	0	0	-0.158889	-0.0622836	0.0712127	0	0	0	0	0	0	0.176478	-0.0057819	0.0326883
2011-05-22 00:00:00	-5.26545	0.969459	2.73904	0	0.526583	-0.00201518	0.00353481	0	0.0251896	0	0	0	0	0	0.571187	-0.0622417	0.0712606	0	0	0	0	0	0	0.175039	-0.0065572	-0.254977
2011-05-23 00:00:00	-15.0164	2.97907	2.79841	0	1.07211	-0.023872	0.360294	0	0.660305	0	0	0	0	0	3.24717	-0.0623213	0.0715557	0	0	0	0	0	0	0.17414	-0.0151541	-3.75466
2011-05-24 00:00:00	-8.01636	0.00100899	2.6841	0	0.0249792	-0.0236715	0.221802	0	0.735891	0	0	0	0	0	1.90996	-0.0624926	0.0718359	0	0	0	0	0	0	0.181283	-0.0168151	-2.28848
2011-05-25 00:00:00	0	-1.72661	2.63326	0	-0.624616	-0.00393196	0.0133158	0	0.207028	0	0	0	0	0	-0.647365	-0.0623388	0.072037	0	0	0	0	0	0	0.191429	-0.0105297	0.0416827
2011-05-26 00:00:00	-0.6	-0.977941	2.83645	0	-0.48737	0	0	0	0.0232151	0	0	0	0	0	-0.46503	-0.0621958	0.0719745	0	0	0	0	0	0	0.19513	-0.00690279	0.527332
2011-05-27 00:00:00	-1.00545	-0.828659	2.85458	0	-0.508465	0	0	0	0.0105977	0	0	0	0	0	-0.383912	-0.0620876	0.0718743	0	0	0	0	0	0	0.19555	-0.00634144	0.33768
2011-05-28 00:00:00	-5.07636	1.25124	2.91749	0	0.605482	-0.000896138	0.00391055	0	0.00345173	0	0	0	0	0	0.261085	-0.0621024	0.0718854	0	0	0	0	0	0	0.19507	-0.00607316	0.164178
2011-05-29 00:00:00	-1.80545	-0.883606	2.81925	0	-0.0081803	-0.00148147	0.00316562	0	0.033168	0	0	0	0	0	-0.120334	-0.0620896	0.0718567	0	0	0	0	0	0	0.194198	-0.00706283	0.233434
2011-05-30 00:00:00	-0.6	-1.24782	2.89311	0	-0.415883	-0.000115265	0.000232845	0	0.0244226	0	0	0	0	0	-0.281448	-0.0620389	0.0717775	0	0	0	0	0	0	0.193907	-0.00667697	0.569462
2011-05-31 00:00:00	-0.00545454	-1.5102	3.53615	0	-0.373373	0	0	0	0.00642655	0	0	0	0	0	-0.951778	-0.0618507	0.0716249	0	0	0	0	0	0	0.193408	-0.0061962	0.898759
2011-06-01 00:00:00	-0.194545	0	2.96052	0	-0.377994	0	0	0	0.000258937	0	0	0	0	0	-1.51759	-0.061716	0.0713132	0	0	0	0	0	0	0.192385	-0.00591952	1.06671
2011-06-02 00:00:00	0	0	3.28589	0	-0.160509	0	0	0	0	0	0	0	0	0	-1.81286	-0.0615757	0.0708353	0	0	0	0	0	0	0.191292	-0.00589802	1.50717
2011-06-03 00:00:00	-0.00545454	0	3.18719	0	-0.0345631	0	0	0	0	0	0	0	0	0	-1.59269	-0.0615054	0.0703869	0	0	0	0	0	0	0.189828	-0.00588536	1.7473
2011-06-04 00:00:00	0	0	2.59291	0	-0.0129575	0	0	0	0	0	0	0	0	0	-1.48759	-0.061343	0.0701577	0	0	0	0	0	0	0.188135	-0.00587574	1.28344
2011-06-05 00:00:00	-0.194545	0	2.53022	0	-0.00760739	0	0	0	0	0	0	0	0	0	-1.11624	-0.0612739	0.0699613	0	0	0	0	0	0	0.186006	-0.0058667	1.40065
2011-06-06 00:00:00	-0.589091	0	2.58171	0	-0.00318111	0	0	0	0	0	0	0	0	0	-1.04734	-0.0612043	0.0698596	0	0	0	0	0	0	0.184318	-0.00585749	1.12922
2011-06-07 00:00:00	-5.60546	1.44951	2.97521	0	0.113226	0	0	0	0	0	0	0	0	0	0.577938	-0.0612111	0.0696387	0	0	0	0	0	0	0.181886	-0.00583154	-0.305086
2011-06-08 00:00:00	-3.40545	0.0644957	2.90297	0	0.043157	0	0	0	0	0	0	0	0	0	0.095006	-0.0612386	0.0694689	0	0	0	0	0	0	0.180808	-0.00581594	-0.116608
2011-06-09 00:00:00	-1.04909	-1.46394	2.90981	0	0.00814291	0	0	0	0	0	0	0	0	0	-0.220422	-0.061084	0.0694631	0	0	0	0	0	0	0.179572	-0.0057955	0.366658
2011-06-10 00:00:00	-2.17273	-0.0323457	2.88672	0	0.0202947	0	0	0	0	0	0	0	0	0	-0.456686	-0.0610232	0.0693118	0	0	0	0	0	0	0.178197	-0.00577166	0.425968
2011-06-11 00:00:00	-5.63818	1.65046	2.69248	0	0.143849	0	0	0	0	0	0	0	0	0	0.690211	-0.0609687	0.0692599	0	0	0	0	0	0	0.176113	-0.00574751	-0.28252
2011-06-12 00:00:00	-3.86545	0.162824	2.96553	0	0.120758	0	0.000114561	0	0.000703333	0	0	0	0	0	0.292758	-0.060988	0.0692755	0	0	0	0	0	0	0.173023	-0.00573685	-0.147191
2011-06-13 00:00:00	-0.2	-1.80065	3.1339	0	-0.127858	0	0.000175126	0	0.000732934	0	0	0	0	0	-0.574082	-0.060945	0.0692028	0	0	0	0	0	0	0.171272	-0.00572298	0.606032
2011-06-14 00:00:00	0	-0.0303393	2.87745	0	-0.106324	0	0	0	0	0	0	0	0	0	-1.77456	-0.0607391	0.06874	0	0	0	0	0	0	0.170321	-0.0057012	1.13884
2011-06-15 00:00:00	-0.389091	0	3.02007	0	-0.149714	0	0	0	0	0	0	0	0	0	-1.54081	-0.0605523	0.0684631	0	0	0	0	0	0	0.168161	-0.00565367	1.11087
2011-06-16 00:00:00	-2.01636	0	2.94132	0	0.0231581	0	0	0	0	0	0	0	0	0	-0.451404	-0.0600977	0.0685095	0	0	0	0	0	0	0.164988	-0.00557068	0.664538
2011-06-17 00:00:00	-0.394545	0	2.77753	0	-0.0367472	0	0	0	0	0	0	0	0	0	-1.44933	-0.0594215	0.0686914	0	0	0	0	0	0	0.163827	-0.00554803	1.06446
2011-06-18 00:00:00	-2.84364	0.0215481	3.1571	0	0.0407447	0	0	0	0	0	0	0	0	0	-0.293949	-0.0594519	0.0685787	0	0	0	0	0	0	0.162588	-0.00552878	0.247993
2011-06-19 00:00:00	-4.65455	1.04111	3.40863	0	0.128014	0	0	0	0	0	0	0	0	0	0.166537	-0.0594704	0.0684668	0	0	0	0	0	0	0.160818	-0.005489	0.254074
2011-06-20 00:00:00	0	-1.06266	2.95917	0	-0.0811431	0	0	0	0	0	0	0	0	0	-1.1647	-0.0594015	0.0683232	0	0	0	0	0	0	0.159924	-0.00547362	0.814037
2011-06-21 00:00:00	-13.1073	4.16049	3.42424	0	0.464727	0	0.000488836	0	0.00147895	0	0	0	0	0	2.87431	-0.05943	0.0683588	0	0	0	0	0	0	0.158816	-0.00547016	-2.01926
2011-06-22 00:00:00	-4.16727	0.156341	3.34502	0	0.0684861	-0.000126317	0.000502654	0	0.0072649	0	0	0	0	0	0.202619	-0.0594798	0.0684019	0	0	0	0	0	0	0.159163	-0.00571717	-0.224795
2011-06-23 00:00:00	-3.98364	0.105488	3.20012	0	0.0429579	-0.000742823	0.000670724	0	0.0040637	0	0	0	0	0	0.216008	-0.0594682	0.0683617	0	0	0	0	0	0	0.159362	-0.00560001	-0.252415
2011-06-24 00:00:00	-0.00545455	-2.03236	3.10687	0	-0.170819	-0.000268945	0.000533296	0	0.00436887	0	0	0	0	0	-0.676985	-0.059413	0.0682149	0	0	0	0	0	0	0.159133	-0.00562203	0.388201
2011-06-25 00:00:00	-2.26545	-0.546695	3.33584	0	-0.0747882	0	0	0	0.00545843	0	0	0	0	0	-0.233169	-0.0593312	0.0680244	0	0	0	0	0	0	0.158714	-0.00578098	0.382821
2011-06-26 00:00:00	-0.2	-1.54239	3.68184	0	-0.183988	0	4.44438E-05	0	5.83644E-05	0	0	0	0	0	-1.09042	-0.0592489	0.0676273	0	0	0	0	0	0	0.157833	-0.00548783	0.825864
2011-06-27 00:00:00	-0.589091	-0.300973	3.28828	0	-0.145817	0	0	0	0	0	0	0	0	0	-1.50234	-0.0590181	0.0675122	0	0	0	0	0	0	0.157085	-0.00546256	0.910173
2011-06-28 00:00:00	0	0	3.20105	0	-0.0873719	0	0	0	0	0	0	0	0	0	-1.93904	-0.0586668	0.0676114	0	0	0	0	0	0	0.155987	-0.00544697	1.33412
2011-06-29 00:00:00	-0.583636	0	3.27694	0	-0.0309211	0	0	0	0	0	0	0	0	0	-1.71105	-0.0583741	0.0671416	0	0	0	0	0	0	0.154542	-0.00543213	1.10922
2011-06-30 00:00:00	-0.794545	0	2.77548	0	-0.00593596	0	0	0	0	0	0	0	0	0	-1.30402	-0.0583266	0.0665998	0	0	0	0	0	0	0.153453	-0.0054175	0.827288
2011-07-01 00:00:00	0	0	3.03961	0	-0.0227575	0	0	0	0	0	0	0	0	0	-1.73541	-0.0581715	0.0661537	0	0	0	0	0	0	0.151718	-0.00539493	1.43575
2011-07-02 00:00:00	0	0	4.32549	0	-0.0350481	0	0	0	0	0	0	0	0	0	-2.63164	-0.0580769	0.0659227	0	0	0	0	0	0	0.149247	-0.00537055	1.81052
2011-07-03 00:00:00	0	0	3.30013	0	-0.016125	0	0	0	0	0	0	0	0	0	-2.09478	-0.0578876	0.0653627	0	0	0	0	0	0	0.14701	-0.00533908	1.33837
2011-07-04 00:00:00	0	0	4.19749	0	-0.0198263	0	0	0	0	0	0	0	0	0	-2.70715	-0.0579635	0.0649447	0	0	0	0	0	0	0.143947	-0.00528953	1.61615
2011-07-05 00:00:00	-1.42727	0	3.23881	0	-0.000159666	0	0	0	0	0	0	0	0	0	-1.28605	-0.0575877	0.0643868	0	0	0	0	0	0	0.141055	-0.00525494	0.667926
2011-07-06 00:00:00	-4.87636	1.24004	3.38279	0	0.0314086	0	0	0	0	0	0	0	0	0	-0.119726	-0.0575427	0.064486	0	0	0	0	0	0	0.13895	-0.00522335	-0.201183
2011-07-07 00:00:00	-1.01636	-1.23729	3.18471	0	-0.00793045	0	0	0	0	0	0	0	0	0	-0.597337	-0.0574212	0.0644524	0	0	0	0	0	0	0.137215	-0.00517783	0.464859
2011-07-08 00:00:00	-14.9182	4.91143	3.57507	0	0.172416	0	0	0	0	0	0	0	0	0	3.63813	-0.0574576	0.0645722	0	0	0	0	0	0	0.136293	-0.00514646	-2.48287
2011-07-09 00:00:00	-7.21091	1.20376	3.40193	0	0.150779	0	0	0	0	0	0	0	0	0	1.30006	-0.0575466	0.0647205	0	0	0	0	0	0	0.135592	-0.00493133	-1.01654
2011-07-10 00:00:00	-0.610909	-2.02077	3.30424	0	-0.055106	0	0	0	0	0	0	0	0	0	-0.536493	-0.0575558	0.0647344	0	0	0	0	0	0	0.135498	-0.00491906	0.218721
2011-07-11 00:00:00	-12.8455	2.16435	3.3338	0	1.1879	-0.0030926	0.0153733	0	0.00160353	0	0	0	0	0	3.59015	-0.0576143	0.0648829	0	0	0	0	0	0	0.135419	-0.0049184	-2.41761
2011-07-12 00:00:00	0	-2.20544	3.18817	0	-0.386036	-0.000716191	0.0126183	0	0.00269977	0	0	0	0	0	-0.73396	-0.0576373	0.0649937	0	0	0	0	0	0	0.136153	-0.00506212	0.0157899
2011-07-13 00:00:00	0	-1.48668	3.68982	0	-0.728244	0	0	0	0	0	0	0	0	0	-1.00674	-0.0574257	0.0648699	0	0	0	0	0	0	0.136142	-0.00493742	0.606807
2011-07-14 00:00:00	0	-1.33688	3.15027	0	-0.160525	0	0	0	0	0	0	0	0	0	-0.878929	-0.057309	0.0647621	0	0	0	0	0	0	0.137096	-0.00516233	0.913319
2011-07-15 00:00:00	-0.816364	-1.05505	3.30334	0	-0.0119728	0	0	0	0	0	0	0	0	0	-0.821906	-0.0572043	0.0646976	0	0	0	0	0	0	0.136541	-0.0051558	0.736924
2011-07-16 00:00:00	-42.8582	6.1469	3.6824	0	2.67792	-0.0331141	1.01608	0	2.07591	0	0	0	0	0	15.9441	-0.0575902	0.0651204	0	0	0	0	0	0	0.131147	-0.0241893	-11.2335
2011-07-17 00:00:00	-9.59455	-0.0380726	3.64624	0	-0.522864	-0.0295669	0.272415	0	1.09768	0	0	0	0	0	1.50767	-0.0580825	0.0657208	0	0	0	0	0	0	0.139806	-0.0206824	-3.53429
2011-07-18 00:00:00	-1	-1.93184	3.41315	0	-0.422703	-0.00885365	0.0208159	0	0.259221	0	0	0	0	0	-0.960487	-0.0581179	0.0658552	0	0	0	0	0	0	0.151281	-0.0108599	-0.482543
2011-07-19 00:00:00	-24.3073	1.96704	3.32326	0	1.30099	-0.106457	0.783962	0	1.90022	0	0	0	0	0	9.22964	-0.0582329	0.0662474	0	0	0	0	0	0	0.153399	-0.0234203	-5.77062
2011-07-20 00:00:00	-4.17818	0.0346396	3.14427	0	-0.650272	-0.0337708	0.103014	0	0.797164	0	0	0	0	0	-0.750879	-0.0582575	0.0667113	0	0	0	0	0	0	0.170934	-0.0159948	-1.37062
2011-07-21 00:00:00	-1.80545	-1.23765	3.15166	0	-0.226925	-0.0109721	0.0174433	0	0.221652	0	0	0	0	0	-0.643516	-0.0580252	0.0669931	0	0	0	0	0	0	0.181217	-0.00922802	-0.352802
2011-07-22 00:00:00	-0.394545	-1.38488	3.00931	0	-0.471112	-0.00295994	0.00304723	0	0.0635594	0	0	0	0	0	-0.779782	-0.0579884	0.0669913	0	0	0	0	0	0	0.185174	-0.00709783	0.229714
2011-07-23 00:00:00	0	-1.46264	3.70759	0	-0.912938	-4.92871E-06	0	0	0.0190522	0	0	0	0	0	-0.950575	-0.0579102	0.0669242	0	0	0	0	0	0	0.185722	-0.00652105	0.588694
2011-07-24 00:00:00	0	-1.50425	3.63219	0	-0.393208	-3.91202E-08	0	0	0.0113959	0	0	0	0	0	-1.04534	-0.057813	0.0668066	0	0	0	0	0	0	0.185669	-0.0060446	0.889408
2011-07-25 00:00:00	0	-0.766886	3.72396	0	-0.172947	0	0	0	0.00320383	0	0	0	0	0	-1.60653	-0.057698	0.0666924	0	0	0	0	0	0	0.185027	-0.00575427	1.36907
2011-07-26 00:00:00	0	0	3.011	0	-0.190426	0	0	0	0	0	0	0	0	0	-1.63621	-0.0575125	0.0665748	0	0	0	0	0	0	0.184142	-0.00561788	1.37195
2011-07-27 00:00:00	0	0	3.21409	0	-0.0739884	0	0	0	0	0	0	0	0	0	-1.76871	-0.0573791	0.0664385	0	0	0	0	0	0	0.183636	-0.00562363	1.55846
2011-07-28 00:00:00	-7.22182	2.46923	3.25418	0	0.242506	0	0	0	0	0	0	0	0	0	0.762512	-0.0574252	0.0663411	0	0	0	0	0	0	0.182664	-0.00561413	-0.307422
2011-07-29 00:00:00	0	-2.34955	3.15846	0	-0.0308783	0	0	0	0	0	0	0	0	0	-0.393282	-0.0573879	0.0663319	0	0	0	0	0	0	0.18215	-0.00560709	0.57024
2011-07-30 00:00:00	0	-0.119691	3.70828	0	-0.19972	0	0	0	0	0	0	0	0	0	-1.91786	-0.0572464	0.0661117	0	0	0	0	0	0	0.181653	-0.00560266	1.65593
2011-07-31 00:00:00	0	0	2.94835	0	-0.0450774	0	0	0	0	0	0	0	0	0	-1.45208	-0.0571315	0.0659806	0	0	0	0	0	0	0.180205	-0.00559095	1.63465
2011-08-01 00:00:00	-1.78909	0	3.48949	0	0.00306893	0	0	0	0	0	0	0	0	0	-0.872035	-0.0570443	0.0658443	0	0	0	0	0	0	0.178698	-0.00558147	1.01335
2011-08-02 00:00:00	-14.5345	5.10709	3.34659	0	0.528775	0	0	0	0	0	0	0	0	0	3.39894	-0.057149	0.06596	0	0	0	0	0	0	0.177626	-0.00556973	-1.97229
2011-08-03 00:00:00	0	-2.47145	3.42506	0	-0.171403	0	0	0	0	0	0	0	0	0	-0.627489	-0.0571961	0.0659791	0	0	0	0	0	0	0.178032	-0.00556702	0.335971
2011-08-04 00:00:00	-5.37273	1.78147	3.32843	0	0.108509	0	0	0	0	0	0	0	0	0	0.177268	-0.0571759	0.0659168	0	0	0	0	0	0	0.177219	-0.00556955	0.203348
2011-08-05 00:00:00	0	-2.29611	3.1047	0	-0.104851	0	0	0	0.00543958	0	0	0	0	0	-0.459876	-0.057152	0.0658401	0	0	0	0	0	0	0.17646	-0.00581509	0.428641
2011-08-06 00:00:00	-15.8218	4.36328	2.8154	0	1.73984	-0.00310968	0.107715	0	0.111651	0	0	0	0	0	3.76306	-0.0572395	0.0659562	0	0	0	0	0	0	0.176001	-0.00735271	-2.74661
2011-08-07 00:00:00	-20.9455	-0.00323988	3.0305	0	1.08863	-0.0992567	0.75007	0	2.32024	0	0	0	0	0	8.11195	-0.0575951	0.0663918	0	0	0	0	0	0	0.173441	-0.0279095	-5.59223
2011-08-08 00:00:00	-0.4	-2.14105	2.98714	0	-0.88883	-0.0182482	0.0437186	0	0.758342	0	0	0	0	0	-1.11174	-0.0577558	0.0666775	0	0	0	0	0	0	0.18877	-0.015255	-0.588233
2011-08-09 00:00:00	0	-1.09604	2.85238	0	-0.829861	-0.000508571	0.000366597	0	0.0667768	0	0	0	0	0	-0.880725	-0.057628	0.0667448	0	0	0	0	0	0	0.19533	-0.0076486	0.309186
2011-08-10 00:00:00	-31.8909	3.27531	3.04903	0	2.48438	-0.277602	1.10526	0	4.18746	0	0	0	0	0	11.6942	-0.0579728	0.067065	0	0	0	0	0	0	0.188739	-0.0287391	-6.20383
2011-08-11 00:00:00	-28.1673	0.0311856	3.01309	0	0.400275	-0.508319	1.38678	0	6.89889	0	0	0	0	0	9.7684	-0.058795	0.0681313	0	0	0	0	0	0	0.198474	-0.0416626	-7.01083
2011-08-12 00:00:00	-1.18909	-1.78534	3.19457	0	-1.25189	-0.0936251	0.106529	0	1.57465	0	0	0	0	0	-2.02535	-0.0596376	0.0695281	0	0	0	0	0	0	0.228821	-0.0187328	-1.24957
2011-08-13 00:00:00	-2.8	-0.395005	3.23904	0	-0.0615114	-0.0604225	0.0579109	0	0.583533	0	0	0	0	0	-1.07048	-0.0598221	0.0703002	0	0	0	0	0	0	0.24198	-0.0111154	-0.265593
2011-08-14 00:00:00	-0.594545	-0.903851	2.94155	0	-0.77982	-0.00502261	0.00359434	0	0.209477	0	0	0	0	0	-0.889555	-0.0598422	0.0703858	0	0	0	0	0	0	0.247381	-0.00972451	0.230029
2011-08-15 00:00:00	-0.2	-1.00522	2.85262	0	-0.622101	-9.59029E-06	0	0	0.0667175	0	0	0	0	0	-0.818364	-0.0598318	0.0703075	0	0	0	0	0	0	0.249008	-0.00798411	0.52514
2011-08-16 00:00:00	-11.3236	4.1301	2.75183	0	1.65678	-0.056199	0.0868389	0	0.461367	0	0	0	0	0	1.28002	-0.0598621	0.0702799	0	0	0	0	0	0	0.24706	-0.0100565	-0.765483
2011-08-17 00:00:00	-0.394545	-2.03935	2.69327	0	-0.415884	-0.0238191	0.0287015	0	0.454377	0	0	0	0	0	-0.49308	-0.0598216	0.0704574	0	0	0	0	0	0	0.249335	-0.0112339	0.058406
2011-08-18 00:00:00	-25.2073	2.02206	2.72407	0	1.7962	-0.377414	0.970223	0	5.08976	0	0	0	0	0	8.87383	-0.0601197	0.070356	0	0	0	0	0	0	0.23964	-0.029863	-3.88853
2011-08-19 00:00:00	-1.17273	-1.48411	2.84628	0	-1.30406	-0.0716637	0.0709291	0	1.63578	0	0	0	0	0	-1.11721	-0.060221	0.0702816	0	0	0	0	0	0	0.25967	-0.0186802	-0.345732
2011-08-20 00:00:00	-3.6	0.595228	2.90446	0	0.208026	-0.0365539	0.0322215	0	0.333522	0	0	0	0	0	-0.549891	-0.0605067	0.0703722	0	0	0	0	0	0	0.269738	-0.00984576	0.156768
2011-08-21 00:00:00	-0.2	-1.74404	2.78237	0	-0.725336	-0.0170298	0.0126671	0	0.328772	0	0	0	0	0	-0.532016	-0.0605168	0.0703386	0	0	0	0	0	0	0.274535	-0.00988029	0.17986
2011-08-22 00:00:00	-0.2	-0.919457	2.64445	0	-0.894791	-0.00021754	0.000142551	0	0.0723419	0	0	0	0	0	-0.696572	-0.0604867	0.0702897	0	0	0	0	0	0	0.276184	-0.00816728	0.283718
2011-08-23 00:00:00	0	-1.08673	2.81572	0	-0.924854	0	0	0	0.0383351	0	0	0	0	0	-0.702091	-0.0604247	0.0701658	0	0	0	0	0	0	0.274893	-0.00741568	0.417599
2011-08-24 00:00:00	-2.77818	0.0448889	2.72066	0	0.275005	0	0	0	0.0193165	0	0	0	0	0	-0.0500794	-0.0604306	0.0701352	0	0	0	0	0	0	0.272923	-0.00692649	0.507316
2011-08-25 00:00:00	-1.79455	-0.395918	2.63297	0	0.119426	-2.22713E-08	0	0	0.0388987	0	0	0	0	0	-0.156653	-0.0604274	0.0700965	0	0	0	0	0	0	0.270737	-0.00738585	0.717196
2011-08-26 00:00:00	-3.82727	1.19649	2.44922	0	0.136057	-0.000936696	0.000342455	0	0.0531126	0	0	0	0	0	0.0732615	-0.0604192	0.0700419	0	0	0	0	0	0	0.269495	-0.00784317	0.351547
2011-08-27 00:00:00	-9.89818	3.22188	2.44207	0	1.47475	-0.0220815	0.0421726	0	0.212093	0	0	0	0	0	1.40492	-0.0604788	0.0700901	0	0	0	0	0	0	0.268983	-0.0096225	-0.853397
2011-08-28 00:00:00	-10.0818	0.676952	2.42851	0	0.899009	-0.134601	0.42761	0	1.5523	0	0	0	0	0	2.63674	-0.0605854	0.0701226	0	0	0	0	0	0	0.268077	-0.0184293	-1.33611
2011-08-29 00:00:00	-0.2	-1.985	2.4355	0	-0.772596	-0.0274978	0.0356783	0	0.697945	0	0	0	0	0	-0.504995	-0.0605071	0.0701695	0	0	0	0	0	0	0.276	-0.0138509	-0.0491541
2011-08-30 00:00:00	0	-1.1312	2.52671	0	-0.817156	-0.00651176	0.00580556	0	0.0895635	0	0	0	0	0	-0.543561	-0.0604788	0.0701304	0	0	0	0	0	0	0.280977	-0.00806942	0.406207
2011-08-31 00:00:00	-0.00545454	-0.892484	2.41509	0	-0.87216	-1.15938E-05	0	0	0.0368894	0	0	0	0	0	-0.484994	-0.0604512	0.0700643	0	0	0	0	0	0	0.279824	-0.00745667	0.478853
2011-09-01 00:00:00	0	-0.93628	2.39405	0	-0.372996	-1.55544E-06	0	0	0.0220938	0	0	0	0	0	-0.518494	-0.0603962	0.0699625	0	0	0	0	0	0	0.277012	-0.00704032	0.867914
2011-09-02 00:00:00	-2.4	-0.118568	2.64995	0	0.0950357	0	0	0	0.0189207	0	0	0	0	0	-0.0260812	-0.060376	0.0699054	0	0	0	0	0	0	0.272143	-0.00689201	0.494039
2011-09-03 00:00:00	-6.56727	2.87671	2.49473	0	0.446328	-8.45297E-05	0	0	0.0428684	0	0	0	0	0	0.53872	-0.0603592	0.0698704	0	0	0	0	0	0	0.269599	-0.00757588	0.103535
2011-09-04 00:00:00	-1.4	-0.830011	2.27912	0	-0.00424145	-0.000682273	0.000415242	0	0.0652471	0	0	0	0	0	-0.0575346	-0.0603576	0.0698378	0	0	0	0	0	0	0.268454	-0.008249	0.322
2011-09-05 00:00:00	-0.205455	-1.69593	2.3043	0	-0.17377	-0.00102312	0.00113892	0	0.039805	0	0	0	0	0	-0.133712	-0.0603269	0.0697918	0	0	0	0	0	0	0.267115	-0.0075631	0.404371
2011-09-06 00:00:00	-8.81091	3.73925	2.33287	0	1.12285	-0.00889736	0.017071	0	0.0842025	0	0	0	0	0	0.894052	-0.0603378	0.0697894	0	0	0	0	0	0	0.265584	-0.00791531	-0.362385
2011-09-07 00:00:00	-3.65455	0.422353	2.30145	0	0.179956	-0.016653	0.0321855	0	0.196957	0	0	0	0	0	0.115693	-0.060387	0.0698527	0	0	0	0	0	0	0.266705	-0.0098943	-0.156331
2011-09-08 00:00:00	-2.82182	0.17432	2.26732	0	0.0357484	-0.0116088	0.0328507	0	0.141852	0	0	0	0	0	0.0230333	-0.060392	0.0698543	0	0	0	0	0	0	0.267238	-0.00920708	0.109195
2011-09-09 00:00:00	-3.59455	0.447887	2.26507	0	0.143115	-0.0140216	0.0680453	0	0.187498	0	0	0	0	0	0.147629	-0.0603915	0.0698491	0	0	0	0	0	0	0.266215	-0.00962186	-0.0832764
2011-09-10 00:00:00	-2.38909	-0.260744	2.58661	0	-0.13673	-0.00612044	0.0155675	0	0.172315	0	0	0	0	0	0.0278261	-0.0603844	0.0698294	0	0	0	0	0	0	0.264534	-0.00967705	0.27394
2011-09-11 00:00:00	-2.20545	0.0537339	2.11339	0	-0.0275117	-0.00500698	0.00761786	0	0.0775393	0	0	0	0	0	-0.0119824	-0.0604507	0.0697816	0	0	0	0	0	0	0.263418	-0.00827986	0.266796
2011-09-12 00:00:00	-8.18909	0.25852	2.30592	0	0.846787	-0.0685624	0.269126	0	0.823017	0	0	0	0	0	2.33979	-0.0605436	0.0698387	0	0	0	0	0	0	0.257757	-0.0138234	-1.16126
2011-09-13 00:00:00	-9.75636	0.0247978	1.94098	0	0.483372	-0.171992	0.429395	0	2.1874	0	0	0	0	0	3.05731	-0.0606059	0.0700352	0	0	0	0	0	0	0.255854	-0.0225854	-1.56241
2011-09-14 00:00:00	-0.00545455	-1.72476	1.94029	0	-0.808964	-0.0283785	0.032637	0	0.786852	0	0	0	0	0	-0.427576	-0.0604806	0.0703317	0	0	0	0	0	0	0.26748	-0.0144453	0.0275313
2011-09-15 00:00:00	0	-1.3241	2.31929	0	-0.584538	-0.0117966	0.00874589	0	0.144901	0	0	0	0	0	-0.511791	-0.0604131	0.070446	0	0	0	0	0	0	0.272739	-0.00852794	0.314959
2011-09-16 00:00:00	-5.42727	2.70628	2.02596	0	0.294394	-0.0100387	0.017545	0	0.0877721	0	0	0	0	0	0.106026	-0.0604115	0.0704075	0	0	0	0	0	0	0.272037	-0.00848083	0.074219
2011-09-17 00:00:00	-7.81636	0.377934	1.90379	0	1.03329	-0.113622	0.284876	0	1.13593	0	0	0	0	0	2.15583	-0.0605043	0.0703468	0	0	0	0	0	0	0.267785	-0.0150888	-0.775793
2011-09-18 00:00:00	-5.37818	0.0195352	1.97212	0	-0.0610536	-0.102216	0.224028	0	1.47368	0	0	0	0	0	1.18594	-0.0606852	0.0703304	0	0	0	0	0	0	0.269084	-0.0179569	-0.405376
2011-09-19 00:00:00	-7.81636	-0.00562381	1.80895	0	0.275358	-0.163432	0.38378	0	2.13613	0	0	0	0	0	2.20576	-0.0611936	0.0704778	0	0	0	0	0	0	0.273061	-0.0211868	-0.914284
2011-09-20 00:00:00	-0.194545	-1.548	1.92875	0	-0.670483	-0.033023	0.0374943	0	0.782072	0	0	0	0	0	-0.5776	-0.0614186	0.0705288	0	0	0	0	0	0	0.284983	-0.0145215	0.00423773
2011-09-21 00:00:00	-11.6491	1.5562	1.84502	0	1.09296	-0.214737	0.516772	0	2.39962	0	0	0	0	0	3.10613	-0.0616769	0.0705541	0	0	0	0	0	0	0.285055	-0.0202751	-1.07347
2011-09-22 00:00:00	-1.38909	-0.457652	1.84095	0	-0.921038	-0.0463936	0.0599859	0	1.15948	0	0	0	0	0	-0.558028	-0.0624056	0.0705384	0	0	0	0	0	0	0.293615	-0.01753	-0.0275669
2011-09-23 00:00:00	0	-1.71358	1.947	0	-0.185783	-0.020053	0.0163446	0	0.287737	0	0	0	0	0	-0.409122	-0.0625181	0.0705229	0	0	0	0	0	0	0.30272	-0.0100153	0.223249
2011-09-24 00:00:00	-2	0.175902	1.80179	0	-0.124924	-0.0137428	0.0148832	0	0.186496	0	0	0	0	0	-0.245553	-0.0624924	0.0704956	0	0	0	0	0	0	0.304168	-0.00908539	0.0979343
2011-09-25 00:00:00	-10.5182	1.99531	1.81106	0	1.19336	-0.145857	0.359867	0	1.67051	0	0	0	0	0	2.60961	-0.0626339	0.0705183	0	0	0	0	0	0	0.298275	-0.0171179	-0.735282
2011-09-26 00:00:00	-0.194545	-1.34514	1.69712	0	-0.967552	-0.0321667	0.0374607	0	1.02437	0	0	0	0	0	-0.476034	-0.0629681	0.070593	0	0	0	0	0	0	0.300772	-0.0164412	0.0354729
2011-09-27 00:00:00	0	-1.41017	1.83581	0	-0.220152	-0.00445633	0.00276295	0	0.192532	0	0	0	0	0	-0.420703	-0.062972	0.0705393	0	0	0	0	0	0	0.306104	-0.00938047	0.279912
2011-09-28 00:00:00	0	-0.808022	2.20572	0	-1.14241	-0.00591369	0.00400147	0	0.0658733	0	0	0	0	0	-0.390693	-0.0629259	0.0705313	0	0	0	0	0	0	0.303686	-0.00809603	0.231744
2011-09-29 00:00:00	0	-0.746504	2.05072	0	-0.666817	-3.25727E-05	0	0	0.0372396	0	0	0	0	0	-0.292334	-0.0628468	0.0704349	0	0	0	0	0	0	0.301608	-0.00768548	0.683778
2011-09-30 00:00:00	-0.00545455	-0.742556	1.922	0	-0.358798	-1.67503E-05	0	0	0.0303851	0	0	0	0	0	-0.340439	-0.0627856	0.0703359	0	0	0	0	0	0	0.298	-0.0073937	0.80328
2011-10-01 00:00:00	-4.81091	2.53287	1.89369	0	0.286523	-2.58844E-07	0	0	0.0322743	0	0	0	0	0	0.187195	-0.0627746	0.0702687	0	0	0	0	0	0	0.294812	-0.00749363	0.416456
2011-10-02 00:00:00	-17.0709	2.51162	1.66106	0	3.33693	-0.176267	0.523479	0	1.79016	0	0	0	0	0	4.70843	-0.0629611	0.0704616	0	0	0	0	0	0	0.289915	-0.0189503	-2.43703
2011-10-03 00:00:00	-0.4	-1.07902	1.59747	0	-1.14569	-0.0506358	0.0667194	0	1.33792	0	0	0	0	0	-0.548354	-0.063091	0.0707486	0	0	0	0	0	0	0.297689	-0.018561	0.0652002
2011-10-04 00:00:00	-0.589091	-0.724298	1.40817	0	0.00650549	-0.0163425	0.014843	0	0.245248	0	0	0	0	0	-0.388976	-0.0630765	0.0707037	0	0	0	0	0	0	0.303513	-0.00983383	0.257369
2011-10-05 00:00:00	-5.37818	1.82008	1.52825	0	0.358282	-0.0586903	0.118093	0	0.478956	0	0	0	0	0	0.618688	-0.0629334	0.070705	0	0	0	0	0	0	0.301731	-0.0108515	-0.215869
2011-10-06 00:00:00	-11.72	0.00088949	1.24282	0	0.883638	-0.292017	0.722982	0	3.73232	0	0	0	0	0	4.17025	-0.0631928	0.0710652	0	0	0	0	0	0	0.291419	-0.0279972	-0.987817
2011-10-07 00:00:00	-0.194545	-0.995806	1.29892	0	-1.13096	-0.0533077	0.065226	0	1.35506	0	0	0	0	0	-0.707268	-0.0635095	0.0714931	0	0	0	0	0	0	0.302739	-0.0183783	-0.0703376
2011-10-08 00:00:00	-7.8	0.967651	1.34627	0	0.717838	-0.158771	0.357522	0	1.85824	0	0	0	0	0	1.85494	-0.0635542	0.0716316	0	0	0	0	0	0	0.302347	-0.0181995	-0.564093
2011-10-09 00:00:00	-4.58364	0.00542192	1.512	0	-0.227305	-0.127088	0.247465	0	1.965	0	0	0	0	0	0.741085	-0.0634991	0.0717295	0	0	0	0	0	0	0.30245	-0.021413	-0.177787
2011-10-10 00:00:00	-6.58364	0.00734321	1.07884	0	0.252688	-0.181442	0.387163	0	2.50061	0	0	0	0	0	1.75992	-0.0634796	0.0718023	0	0	0	0	0	0	0.303872	-0.0230474	-0.489371
2011-10-11 00:00:00	-0.805454	-0.461336	1.29348	0	-0.686213	-0.0512992	0.0580309	0	1.02017	0	0	0	0	0	-0.542483	-0.0634149	0.0718508	0	0	0	0	0	0	0.311989	-0.0163187	0.129005
2011-10-12 00:00:00	-6.99455	0.456737	1.14448	0	0.728759	-0.167418	0.359427	0	1.89994	0	0	0	0	0	1.81547	-0.0634867	0.07205	0	0	0	0	0	0	0.310539	-0.0185629	-0.456607
2011-10-13 00:00:00	-0.389091	-0.754692	1.22136	0	-0.694521	-0.0458225	0.0504877	0	0.974025	0	0	0	0	0	-0.47893	-0.0633849	0.0722415	0	0	0	0	0	0	0.313662	-0.0160032	0.189329
2011-10-14 00:00:00	-0.621818	-0.654948	1.35487	0	-0.254614	-0.0200101	0.0183535	0	0.316719	0	0	0	0	0	-0.344693	-0.0633529	0.0721979	0	0	0	0	0	0	0.317651	-0.010523	0.109833
2011-10-15 00:00:00	0	-1.13809	1.29154	0	-0.20882	-0.0105841	0.00852847	0	0.175769	0	0	0	0	0	-0.232515	-0.063362	0.0721549	0	0	0	0	0	0	0.317349	-0.00927791	0.202693
2011-10-16 00:00:00	-0.8	-0.170515	1.17299	0	-0.177394	-0.00708114	0.00733536	0	0.105521	0	0	0	0	0	-0.135572	-0.0633552	0.0721134	0	0	0	0	0	0	0.315787	-0.00863135	0.311197
2011-10-17 00:00:00	-30.5564	2.73937	1.00031	0	2.94793	-0.766881	1.75765	0	9.65698	0	0	0	0	0	10.1783	-0.0636419	0.0724713	0	0	0	0	0	0	0.29394	-0.0409588	-2.78089
2011-10-18 00:00:00	-4.38909	-0.00744441	0.959975	0	-1.38909	-0.235366	0.390978	0	4.27605	0	0	0	0	0	-0.166852	-0.0642044	0.0730112	0	0	0	0	0	0	0.306462	-0.0301463	-0.275712
2011-10-19 00:00:00	0	-0.75021	0.826983	0	-0.609398	-0.0878705	0.0897349	0	1.3722	0	0	0	0	0	-1.0867	-0.0642634	0.0733814	0	0	0	0	0	0	0.316355	-0.0174119	0.0628008
2011-10-20 00:00:00	-3.39455	0.753763	0.825537	0	0.377717	-0.0945688	0.15451	0	0.891662	0	0	0	0	0	0.0260612	-0.0642474	0.0735423	0	0	0	0	0	0	0.31934	-0.0128464	-0.144077
2011-10-21 00:00:00	-2.80545	-0.0210194	1.0717	0	-0.235127	-0.0979204	0.162965	0	1.39117	0	0	0	0	0	0.146801	-0.0642871	0.0736492	0	0	0	0	0	0	0.316642	-0.0176612	-0.0785406
2011-10-22 00:00:00	-0.2	-0.71076	0.981205	0	-0.430323	-0.0367176	0.0363982	0	0.610781	0	0	0	0	0	-0.386922	-0.0643162	0.0736525	0	0	0	0	0	0	0.320571	-0.0127909	0.180778
2011-10-23 00:00:00	-1.77818	0.624566	1.07363	0	-0.114608	-0.0243849	0.024319	0	0.293889	0	0	0	0	0	-0.264792	-0.0643007	0.0736368	0	0	0	0	0	0	0.322213	-0.010514	0.155475
2011-10-24 00:00:00	-0.605455	-0.433831	1.06514	0	-0.187613	-0.0128199	0.012682	0	0.21959	0	0	0	0	0	-0.203131	-0.0643087	0.0735877	0	0	0	0	0	0	0.321947	-0.0100321	0.175761
2011-10-25 00:00:00	-3.4	0.50525	0.969877	0	0.44996	-0.0504658	0.108164	0	0.421084	0	0	0	0	0	0.554373	-0.0643335	0.0736035	0	0	0	0	0	0	0.320488	-0.0107099	-0.12271
2011-10-26 00:00:00	-1.61091	-0.0153937	0.824601	0	-0.194622	-0.0345361	0.0647057	0	0.555953	0	0	0	0	0	0.101725	-0.0643596	0.0736079	0	0	0	0	0	0	0.319097	-0.0127151	0.00715415
2011-10-27 00:00:00	-0.589091	-0.281922	0.860058	0	-0.289285	-0.0115086	0.0144093	0	0.278612	0	0	0	0	0	-0.108133	-0.0643694	0.0735709	0	0	0	0	0	0	0.320379	-0.0106813	0.192039
2011-10-28 00:00:00	-0.00545454	-0.712525	0.814269	0	-0.185681	-0.00603748	0.00551135	0	0.116395	0	0	0	0	0	-0.0903213	-0.0643749	0.0735124	0	0	0	0	0	0	0.319962	-0.00897018	0.256285
2011-10-29 00:00:00	-0.583636	-0.30661	0.930449	0	-0.104467	-0.00514762	0.00467859	0	0.0827022	0	0	0	0	0	-0.0185185	-0.0643775	0.0734687	0	0	0	0	0	0	0.318356	-0.00843365	0.318464
2011-10-30 00:00:00	-1.56182	0.572086	0.930078	0	-0.0617286	-0.00365738	0.00320384	0	0.0742517	0	0	0	0	0	-0.150389	-0.064375	0.0734077	0	0	0	0	0	0	0.316914	-0.00837428	0.119598
2011-10-31 00:00:00	-4.38909	0.689648	0.952708	0	0.679446	-0.0385677	0.121063	0	0.39694	0	0	0	0	0	1.00185	-0.0643966	0.0734186	0	0	0	0	0	0	0.313839	-0.0106665	-0.273804
2011-11-01 00:00:00	-1.41636	-0.00571359	0.755247	0	-0.205652	-0.0283598	0.054469	0	0.494302	0	0	0	0	0	0.187932	-0.0644206	0.0734647	0	0	0	0	0	0	0.3134	-0.0125662	0.145739
2011-11-02 00:00:00	-0.2	-0.546301	0.792841	0	-0.272988	-0.00779744	0.00950334	0	0.228421	0	0	0	0	0	-0.0608879	-0.0644176	0.0734621	0	0	0	0	0	0	0.314047	-0.0102181	0.255665
2011-11-03 00:00:00	-2.16727	0.527048	0.881898	0	0.188141	-0.01362	0.0351656	0	0.154965	0	0	0	0	0	0.271561	-0.0644128	0.0734518	0	0	0	0	0	0	0.311128	-0.00916206	0.188891
2011-11-04 00:00:00	-1.8	-0.0133887	0.738753	0	0.0576838	-0.0273047	0.0616149	0	0.337906	0	0	0	0	0	0.350692	-0.0644176	0.0734662	0	0	0	0	0	0	0.308968	-0.0107802	0.0131925
2011-11-05 00:00:00	-0.205455	-0.298209	0.516726	0	-0.243949	-0.00858833	0.0110048	0	0.235684	0	0	0	0	0	-0.124338	-0.0644076	0.0734473	0	0	0	0	0	0	0.30869	-0.0103995	0.190206
2011-11-06 00:00:00	-0.00545454	-0.47485	0.543389	0	-0.121533	-0.00552439	0.00551556	0	0.105531	0	0	0	0	0	0.00137706	-0.0644042	0.0734222	0	0	0	0	0	0	0.308181	-0.00884142	0.356809
2011-11-07 00:00:00	-0.2	-0.393306	0.645769	0	-0.123486	-0.00358118	0.00327531	0	0.074852	0	0	0	0	0	-0.104997	-0.0643999	0.0733767	0	0	0	0	0	0	0.306891	-0.00835553	0.206038
2011-11-08 00:00:00	-0.394545	-0.212333	0.633925	0	-0.0617884	-0.00411462	0.00371396	0	0.0563661	0	0	0	0	0	0.0658456	-0.0644036	0.0733445	0	0	0	0	0	0	0.304004	-0.00800869	0.392005
2011-11-09 00:00:00	-0.783636	0.123754	0.662581	0	-0.0620764	-0.0036781	0.00330732	0	0.0668745	0	0	0	0	0	0.0710361	-0.0643978	0.0733135	0	0	0	0	0	0	0.300156	-0.0082789	0.378955
2011-11-10 00:00:00	-4.14545	1.21458	0.700027	0	0.623096	-0.0195179	0.0864703	0	0.207762	0	0	0	0	0	0.77895	-0.0644061	0.0733119	0	0	0	0	0	0	0.2969	-0.00935813	-0.25764
2011-11-11 00:00:00	-4.76727	-0.0047154	0.547986	0	0.477897	-0.0993928	0.22763	0	1.13882	0	0	0	0	0	1.45883	-0.0644711	0.0734361	0	0	0	0	0	0	0.292768	-0.0165577	-0.735048
2011-11-12 00:00:00	-1.18909	-0.0235558	0.579186	0	-0.436964	-0.0362714	0.0543411	0	0.718864	0	0	0	0	0	0.00284787	-0.0644743	0.0735232	0	0	0	0	0	0	0.297173	-0.0144467	-0.0388675
2011-11-13 00:00:00	-0.194545	-0.352853	0.570746	0	-0.0970084	-0.0109369	0.0104181	0	0.2575	0	0	0	0	0	-0.22215	-0.0644524	0.0734951	0	0	0	0	0	0	0.299724	-0.0105532	0.259384
2011-11-14 00:00:00	-0.2	-0.279557	0.516709	0	-0.21973	-0.00966822	0.00932061	0	0.147658	0	0	0	0	0	-0.0709201	-0.0644493	0.0734797	0	0	0	0	0	0	0.297553	-0.00915672	0.191239
2011-11-15 00:00:00	0	-0.486264	0.554037	0	-0.126527	-0.00482381	0.00410755	0	0.0954839	0	0	0	0	0	-0.0619758	-0.0644298	0.0734107	0	0	0	0	0	0	0.296944	-0.0086355	0.271328
2011-11-16 00:00:00	0	-0.42183	0.480627	0	-0.104485	-0.00507991	0.00455462	0	0.0757292	0	0	0	0	0	0.0295368	-0.06442	0.0733898	0	0	0	0	0	0	0.293474	-0.00822992	0.353268
2011-11-17 00:00:00	-0.994546	0.412207	0.545121	0	-0.0414434	-0.00425227	0.00413387	0	0.0757683	0	0	0	0	0	0.0512384	-0.064409	0.0733529	0	0	0	0	0	0	0.289545	-0.00832993	0.338387
2011-11-18 00:00:00	-1.00545	0.490422	0.435474	0	-0.046566	-0.00354584	0.0051593	0	0.0678728	0	0	0	0	0	0.0319185	-0.0643957	0.0733135	0	0	0	0	0	0	0.287544	-0.00828726	0.263455
2011-11-19 00:00:00	-0.194545	-0.308389	0.519123	0	-0.0571282	-0.00368651	0.00374239	0	0.063116	0	0	0	0	0	0.0483574	-0.0643816	0.0732749	0	0	0	0	0	0	0.285512	-0.00827546	0.35672
2011-11-20 00:00:00	-0.00545454	-0.470347	0.540054	0	-0.0786044	-0.0032491	0.00292999	0	0.05888	0	0	0	0	0	-0.0299535	-0.0643645	0.0732392	0	0	0	0	0	0	0.283726	-0.00814452	0.298711
2011-11-21 00:00:00	-0.2	-0.287406	0.525966	0	-0.0614579	-0.00330617	0.00298298	0	0.0560256	0	0	0	0	0	0.0337673	-0.0643481	0.073209	0	0	0	0	0	0	0.281872	-0.00800633	0.349298
2011-11-22 00:00:00	-3.99455	1.6345	0.447757	0	0.54784	-0.016591	0.0781332	0	0.139668	0	0	0	0	0	0.727269	-0.0643468	0.0731914	0	0	0	0	0	0	0.279816	-0.0087663	-0.156072
2011-11-23 00:00:00	-3.2	-0.0113561	0.507345	0	0.307346	-0.0483771	0.146977	0	0.605793	0	0	0	0	0	0.92744	-0.0644095	0.0732464	0	0	0	0	0	0	0.278402	-0.0132436	-0.490837
2011-11-24 00:00:00	-10.3727	-0.0123621	0.510273	0	1.01565	-0.268252	0.568939	0	2.79255	0	0	0	0	0	3.47693	-0.0645032	0.0734974	0	0	0	0	0	0	0.275101	-0.025493	-2.0304
2011-11-25 00:00:00	-11.8	-0.00664016	0.398118	0	0.44065	-0.401583	0.795442	0	5.03255	0	0	0	0	0	3.6209	-0.0647411	0.0738986	0	0	0	0	0	0	0.278551	-0.0342065	-1.66706
2011-11-26 00:00:00	-6.16727	-0.0107036	0.476499	0	-0.36509	-0.272048	0.484089	0	3.65479	0	0	0	0	0	1.16413	-0.0649188	0.073903	0	0	0	0	0	0	0.293401	-0.02933	-0.762554
2011-11-27 00:00:00	-9.68182	-0.00580454	0.420092	0	0.488638	-0.399807	0.766048	0	4.63578	0	0	0	0	0	2.60213	-0.0650993	0.0736918	0	0	0	0	0	0	0.299233	-0.031815	-0.898728
2011-11-28 00:00:00	-2.78909	-0.0151896	0.415285	0	-0.704904	-0.175299	0.266989	0	2.54602	0	0	0	0	0	-0.118041	-0.0651721	0.0737218	0	0	0	0	0	0	0.313165	-0.0242483	-0.276766
2011-11-29 00:00:00	-21.7891	-0.00176816	0.407436	0	1.66576	-0.847209	1.64149	0	10.2513	0	0	0	0	0	6.90054	-0.0654937	0.0741803	0	0	0	0	0	0	0.301271	-0.0438616	-1.50545
2011-11-30 00:00:00	-6.78364	-0.00874383	0.390743	0	-0.86462	-0.438037	0.668163	0	5.81586	0	0	0	0	0	0.622815	-0.0657659	0.0744308	0	0	0	0	0	0	0.313863	-0.0350751	-0.309999
2011-12-01 00:00:00	-12.2055	-0.00785558	0.316152	0	0.47677	-0.622426	1.04175	0	7.10692	0	0	0	0	0	2.8618	-0.0660512	0.0749448	0	0	0	0	0	0	0.314398	-0.0378949	-0.746955
2011-12-02 00:00:00	-2.18909	-0.00682703	0.317475	0	-0.58224	-0.238734	0.297875	0	3.02254	0	0	0	0	0	-0.817676	-0.0665465	0.0753445	0	0	0	0	0	0	0.327818	-0.0256332	0.114303
2011-12-03 00:00:00	-8.12364	-0.00919251	0.347146	0	0.366788	-0.431506	0.679172	0	4.77793	0	0	0	0	0	1.57906	-0.0667475	0.0762207	0	0	0	0	0	0	0.325202	-0.0300125	-0.509571
2011-12-04 00:00:00	-3.36182	-0.00801463	0.28072	0	-0.253632	-0.237628	0.330029	0	2.85589	0	0	0	0	0	0.00296274	-0.0668944	0.0766607	0	0	0	0	0	0	0.330794	-0.0246627	-0.0755929
2011-12-05 00:00:00	-21.9455	-0.0125715	0.263289	0	1.20342	-1.00371	1.74966	0	11.3413	0	0	0	0	0	6.43552	-0.0672225	0.0771042	0	0	0	0	0	0	0.316745	-0.0463913	-1.68831
2011-12-06 00:00:00	-7.31273	-0.00767417	0.280858	0	-0.801055	-0.555145	0.771782	0	6.74379	0	0	0	0	0	0.414399	-0.0677314	0.0776239	0	0	0	0	0	0	0.331321	-0.0368718	-0.161428
2011-12-07 00:00:00	-4.13091	-0.00638114	0.286019	0	-0.185394	-0.384627	0.540384	0	3.7947	0	0	0	0	0	-0.266711	-0.0680482	0.0779253	0	0	0	0	0	0	0.341897	-0.0279494	-0.0290983
2011-12-08 00:00:00	-15.9345	-0.0111428	0.31933	0	0.944181	-0.868112	1.40705	0	8.93061	0	0	0	0	0	3.96312	-0.068724	0.0778313	0	0	0	0	0	0	0.333056	-0.0411873	-0.948533
2011-12-09 00:00:00	-2	-0.0138878	0.271153	0	-1.39779	-0.284869	0.332404	0	3.60949	0	0	0	0	0	-1.03807	-0.0695188	0.0775248	0	0	0	0	0	0	0.347146	-0.0274573	-0.193868
2011-12-10 00:00:00	-5	-0.011381	0.267174	0	0.19522	-0.36246	0.506365	0	3.39297	0	0	0	0	0	0.470058	-0.0698341	0.0776593	0	0	0	0	0	0	0.349399	-0.0257577	-0.210587
2011-12-11 00:00:00	-2.59455	-0.00148431	0.313183	0	-0.0109083	-0.265206	0.32451	0	2.45928	0	0	0	0	0	-0.285075	-0.0701155	0.0776491	0	0	0	0	0	0	0.353569	-0.0224747	0.27838
2011-12-12 00:00:00	-2.21091	-0.023609	0.29654	0	0.276772	-0.138159	0.194552	0	1.61128	0	0	0	0	0	-0.0998329	-0.0703502	0.0777181	0	0	0	0	0	0	0.357729	-0.0184822	0.253244
2011-12-13 00:00:00	-5.41636	0.000913752	0.289873	0	-0.242528	-0.358844	0.5226	0	3.21014	0	0	0	0	0	0.91978	-0.0704554	0.0777673	0	0	0	0	0	0	0.352317	-0.0248315	-0.739634
2011-12-14 00:00:00	-8.55091	-0.00688147	0.287069	0	0.450215	-0.503005	0.757406	0	4.937	0	0	0	0	0	2.06889	-0.070826	0.0779005	0	0	0	0	0	0	0.347841	-0.0308721	-0.236173
2011-12-15 00:00:00	-0.2	-0.0335812	0.232627	0	-1.08398	-0.147581	0.125064	0	1.85877	0	0	0	0	0	-0.980303	-0.0710162	0.0779035	0	0	0	0	0	0	0.358129	-0.0203382	0.115692
2011-12-16 00:00:00	-0.394545	0.0152274	0.217488	0	-0.258046	-0.0725119	0.0624621	0	0.660811	0	0	0	0	0	-0.524562	-0.0710499	0.0780948	0	0	0	0	0	0	0.364459	-0.0127719	0.0650558
2011-12-17 00:00:00	-1.17273	-0.00303228	0.211889	0	0.132242	-0.0884481	0.100296	0	0.717415	0	0	0	0	0	-0.161417	-0.0711303	0.078137	0	0	0	0	0	0	0.364682	-0.0128152	0.0950902
2011-12-18 00:00:00	-0.194545	-0.0372947	0.229596	0	-0.337575	-0.0381666	0.0300969	0	0.449982	0	0	0	0	0	-0.317258	-0.0711578	0.0782111	0	0	0	0	0	0	0.36596	-0.0119467	0.145902
2011-12-19 00:00:00	-20	0.0142195	0.274308	0	2.40675	-0.964488	1.57938	0	8.74161	0	0	0	0	0	6.24207	-0.0713821	0.0782062	0	0	0	0	0	0	0.344325	-0.0384258	-1.39342
2011-12-20 00:00:00	-1.59455	-0.0103338	0.26863	0	-1.5478	-0.313794	0.308214	0	3.64812	0	0	0	0	0	-0.85487	-0.0718041	0.0781243	0	0	0	0	0	0	0.35797	-0.0271987	0.240704
2011-12-21 00:00:00	-6.82727	-0.0109755	0.316548	0	0.574036	-0.456108	0.643698	0	3.83055	0	0	0	0	0	1.21937	-0.0720119	0.0781008	0	0	0	0	0	0	0.359592	-0.026764	-0.371235
2011-12-22 00:00:00	-3.21636	-0.00222156	0.310216	0	-0.242689	-0.324381	0.386274	0	2.88726	0	0	0	0	0	0.0175786	-0.0722404	0.0781829	0	0	0	0	0	0	0.365192	-0.0243921	0.162419
2011-12-23 00:00:00	-7.16727	-0.00932819	0.288357	0	0.376802	-0.476176	0.647911	0	4.23512	0	0	0	0	0	1.52001	-0.0724939	0.0784704	0	0	0	0	0	0	0.364957	-0.028269	-0.241918
2011-12-24 00:00:00	-2.78364	-0.0114381	0.303244	0	-0.599484	-0.276802	0.306433	0	2.73457	0	0	0	0	0	-0.113266	-0.0724344	0.0785827	0	0	0	0	0	0	0.374024	-0.0241078	-0.0843176
2011-12-25 00:00:00	-1.39455	-0.00233673	0.385294	0	-0.227676	-0.15957	0.163017	0	1.4326	0	0	0	0	0	-0.378473	-0.0724634	0.0786304	0	0	0	0	0	0	0.382714	-0.0176235	0.189566
2011-12-26 00:00:00	-3.18909	-0.012881	0.392153	0	0.2104	-0.195273	0.259636	0	1.66705	0	0	0	0	0	0.38685	-0.0726312	0.0787165	0	0	0	0	0	0	0.382972	-0.0178231	-0.10992
2011-12-27 00:00:00	-0.589091	-0.00673314	0.329455	0	-0.536827	-0.0880432	0.0756295	0	0.972839	0	0	0	0	0	-0.434269	-0.0726721	0.0787831	0	0	0	0	0	0	0.385567	-0.015486	0.0991524
2011-12-28 00:00:00	-9.62182	-0.00522037	0.319116	0	1.58251	-0.524383	0.790685	0	4.19964	0	0	0	0	0	2.63478	-0.0728082	0.0789916	0	0	0	0	0	0	0.3762	-0.0269456	-0.269251
2011-12-29 00:00:00	-6.21091	-0.0101749	0.277457	0	-0.499263	-0.51508	0.637844	0	4.6331	0	0	0	0	0	1.11771	-0.0728834	0.0794451	0	0	0	0	0	0	0.376952	-0.030556	-0.216359
2011-12-30 00:00:00	-8.74	-0.00703741	0.271052	0	0.73135	-0.61171	0.821753	0	5.15213	0	0	0	0	0	1.97773	-0.0731409	0.079881	0	0	0	0	0	0	0.377577	-0.0317445	-0.0521634
2011-12-31 00:00:00	-4.75091	-0.0152494	0.370139	0	-0.875761	-0.451096	0.509658	0	4.19723	0	0	0	0	0	0.347563	-0.0733761	0.0801175	0	0	0	0	0	0	0.382721	-0.0289916	-0.307954
2012-01-01 00:00:00	-4.40545	-0.00756483	0.325186	0	-0.0586815	-0.395991	0.475513	0	3.24617	0	0	0	0	0	0.323022	-0.0734107	0.0804186	0	0	0	0	0	0	0.387609	-0.0254596	-0.128648
2012-01-02 00:00:00	-0.594545	-0.00737057	0.270904	0	-0.693057	-0.164955	0.135923	0	1.49351	0	0	0	0	0	-0.713843	-0.073416	0.0806422	0	0	0	0	0	0	0.394893	-0.0182457	0.110443
2012-01-03 00:00:00	-11.2382	-0.0098773	0.29108	0	1.3615	-0.729193	1.04151	0	5.49962	0	0	0	0	0	2.90698	-0.0735333	0.0807351	0	0	0	0	0	0	0.384654	-0.0307077	-0.515413
2012-01-04 00:00:00	-25.7564	-0.00635842	0.312853	0	1.23576	-1.96543	2.59193	0	15.7056	0	0	0	0	0	6.81645	-0.0737753	0.0813698	0	0	0	0	0	0	0.372821	-0.0542876	-0.739446
2012-01-05 00:00:00	-4.04364	-0.00440975	0.297002	0	-1.27054	-0.809424	0.799621	0	6.3508	0	0	0	0	0	-1.09694	-0.0740409	0.0817608	0	0	0	0	0	0	0.400667	-0.0352827	0.595581
2012-01-06 00:00:00	-1.77273	-0.0139906	0.302579	0	-0.827316	-0.341622	0.315986	0	2.728	0	0	0	0	0	-1.0337	-0.0741811	0.0819782	0	0	0	0	0	0	0.413675	-0.0235322	-0.244854
2012-01-07 00:00:00	-0.4	-0.00971744	0.318901	0	-0.244175	-0.183862	0.146209	0	1.35827	0	0	0	0	0	-1.03797	-0.0743282	0.0819816	0	0	0	0	0	0	0.419158	-0.017358	0.357113
2012-01-08 00:00:00	-0.4	-0.0149893	0.372826	0	-0.469943	-0.103848	0.0808304	0	0.792715	0	0	0	0	0	-0.729223	-0.074392	0.0821394	0	0	0	0	0	0	0.422276	-0.0139111	-0.0555195
2012-01-09 00:00:00	-1.98909	0.00469622	0.361432	0	0.339803	-0.141842	0.168999	0	1.01268	0	0	0	0	0	-0.0207528	-0.0743958	0.0822123	0	0	0	0	0	0	0.420876	-0.014567	0.150052
2012-01-10 00:00:00	-4.39455	-0.00898629	0.372527	0	0.471255	-0.287769	0.381815	0	2.20381	0	0	0	0	0	0.765813	-0.074463	0.0822056	0	0	0	0	0	0	0.415866	-0.0205478	-0.0930193
2012-01-11 00:00:00	-1.18909	-0.0119283	0.394496	0	-0.599928	-0.146841	0.133347	0	1.34222	0	0	0	0	0	-0.315813	-0.0745269	0.0821864	0	0	0	0	0	0	0.418767	-0.0173897	0.0154972
2012-01-12 00:00:00	-6.36182	-0.0042155	0.356199	0	1.01275	-0.387855	0.529559	0	2.94564	0	0	0	0	0	1.38633	-0.0746095	0.0821872	0	0	0	0	0	0	0.412949	-0.0229871	-0.125875
2012-01-13 00:00:00	-0.2	-0.0639738	0.257954	0	-1.19265	-0.141978	0.0966724	0	1.39606	0	0	0	0	0	-0.565414	-0.0746987	0.082108	0	0	0	0	0	0	0.418218	-0.0180396	-0.00573744
2012-01-14 00:00:00	-3.97273	0.0446059	0.271587	0	0.695961	-0.239975	0.318023	0	1.74045	0	0	0	0	0	0.664353	-0.0748111	0.082175	0	0	0	0	0	0	0.416758	-0.0175429	-0.0711401
2012-01-15 00:00:00	-5.95091	-0.00677344	0.227121	0	0.435008	-0.437069	0.552658	0	3.42555	0	0	0	0	0	1.25643	-0.0749472	0.0825616	0	0	0	0	0	0	0.410265	-0.0255799	-0.105691
2012-01-16 00:00:00	-0.2	-0.0359029	0.226383	0	-1.03491	-0.135317	0.0896439	0	1.33174	0	0	0	0	0	-0.60842	-0.0750428	0.0826536	0	0	0	0	0	0	0.417773	-0.0179092	0.0406936
2012-01-17 00:00:00	-0.0109091	-0.31593	0.349114	0	-0.302729	-0.0522392	0.0343175	0	0.438457	0	0	0	0	0	-0.381104	-0.0750768	0.0827348	0	0	0	0	0	0	0.421471	-0.0118987	0.176207
2012-01-18 00:00:00	-3.57273	0.316976	0.417938	0	0.604548	-0.145157	0.212452	0	1.07961	0	0	0	0	0	0.639772	-0.0751167	0.0829671	0	0	0	0	0	0	0.417067	-0.0145857	-0.0362561
2012-01-19 00:00:00	-7.18909	-0.0021	0.361771	0	0.758103	-0.469694	0.633837	0	3.60597	0	0	0	0	0	1.69265	-0.0753468	0.0830916	0	0	0	0	0	0	0.407008	-0.0261711	-0.219971
2012-01-20 00:00:00	-4.01091	-0.0144764	0.370051	0	-0.368873	-0.370659	0.426903	0	2.9438	0	0	0	0	0	0.501549	-0.0754752	0.0832384	0	0	0	0	0	0	0.409322	-0.0248222	-0.130349
2012-01-21 00:00:00	-3.18909	-0.00827914	0.424008	0	-0.135962	-0.283186	0.3215	0	2.21012	0	0	0	0	0	0.279394	-0.0755107	0.0833702	0	0	0	0	0	0	0.412159	-0.0214581	0.0170608
2012-01-22 00:00:00	-8.16182	-0.00474664	0.418698	0	0.64949	-0.584796	0.756114	0	4.40961	0	0	0	0	0	1.81395	-0.0756197	0.0834837	0	0	0	0	0	0	0.406698	-0.0287717	-0.317711
2012-01-23 00:00:00	-0.00545454	-0.339242	0.369407	0	-1.09628	-0.20893	0.143185	0	1.83379	0	0	0	0	0	-0.793149	-0.0757525	0.0835488	0	0	0	0	0	0	0.416373	-0.020194	0.307301
2012-01-24 00:00:00	-6.00546	0.33934	0.388058	0	0.987454	-0.387384	0.518738	0	2.70385	0	0	0	0	0	1.05803	-0.075843	0.0835522	0	0	0	0	0	0	0.414429	-0.0215328	0.00324233
2012-01-25 00:00:00	-5.75636	-0.0140545	0.49928	0	-0.070622	-0.473387	0.560768	0	3.6735	0	0	0	0	0	1.02099	-0.0761172	0.0835498	0	0	0	0	0	0	0.410747	-0.0270064	-0.168715
2012-01-26 00:00:00	-4.65455	-0.00469017	0.385496	0	-0.134222	-0.447905	0.531	0	3.30886	0	0	0	0	0	0.598095	-0.0761834	0.0837841	0	0	0	0	0	0	0.412152	-0.0258928	-0.0240524
2012-01-27 00:00:00	-1.17273	-0.00215499	0.369547	0	-0.505942	-0.199683	0.172998	0	1.63614	0	0	0	0	0	-0.423749	-0.0763818	0.0837034	0	0	0	0	0	0	0.418371	-0.019018	0.281109
2012-01-28 00:00:00	-0.2	-0.114544	0.312957	0	-0.539259	-0.0739975	0.0514234	0	0.650371	0	0	0	0	0	-0.526637	-0.0764415	0.0837288	0	0	0	0	0	0	0.422765	-0.0133908	-0.0230237
2012-01-29 00:00:00	-0.2	-0.16753	0.385989	0	-0.229645	-0.0424259	0.0303076	0	0.34457	0	0	0	0	0	-0.258944	-0.0764659	0.0837969	0	0	0	0	0	0	0.422802	-0.0114168	0.281038
2012-01-30 00:00:00	0	-0.352926	0.407332	0	-0.280077	-0.0185357	0.0124409	0	0.238594	0	0	0	0	0	-0.230221	-0.0764725	0.0838395	0	0	0	0	0	0	0.420622	-0.0107697	0.193827
2012-01-31 00:00:00	-4.16182	0.61712	0.357273	0	0.945965	-0.128061	0.205048	0	0.899681	0	0	0	0	0	0.783694	-0.0766018	0.083883	0	0	0	0	0	0	0.411983	-0.0136052	-0.0754393
2012-02-01 00:00:00	0	-0.341983	0.369199	0	-0.728446	-0.054146	0.0368828	0	0.709831	0	0	0	0	0	-0.273803	-0.0767874	0.0839238	0	0	0	0	0	0	0.410298	-0.0146231	0.120345
2012-02-02 00:00:00	0	-0.257327	0.29712	0	-0.241398	-0.0181559	0.0124682	0	0.207223	0	0	0	0	0	-0.153842	-0.0767814	0.0839518	0	0	0	0	0	0	0.411932	-0.0104738	0.254717
2012-02-03 00:00:00	0	-0.340146	0.392796	0	-0.20478	-0.010018	0.00710978	0	0.141978	0	0	0	0	0	-0.0458983	-0.0769849	0.0839512	0	0	0	0	0	0	0.409884	-0.00980223	0.348089
2012-02-04 00:00:00	-2.21636	0.913615	0.433394	0	0.23946	-0.0235374	0.0537791	0	0.165356	0	0	0	0	0	0.201796	-0.0771681	0.083956	0	0	0	0	0	0	0.406325	-0.00981101	0.1708
2012-02-05 00:00:00	-0.2	-0.24152	0.449183	0	-0.300727	-0.0151749	0.0173749	0	0.257767	0	0	0	0	0	-0.0745705	-0.0771567	0.0840213	0	0	0	0	0	0	0.401693	-0.0111187	0.289772
2012-02-06 00:00:00	0	-0.40295	0.465508	0	-0.192901	-0.00586391	0.00440518	0	0.115028	0	0	0	0	0	-0.0303285	-0.0771402	0.0840287	0	0	0	0	0	0	0.397993	-0.00968539	0.348094
2012-02-07 00:00:00	-0.2	-0.164241	0.390765	0	-0.115337	-0.005096	0.00425085	0	0.0800533	0	0	0	0	0	-0.0385844	-0.0771196	0.0840312	0	0	0	0	0	0	0.393747	-0.00916789	0.343302
2012-02-08 00:00:00	-0.0109091	-0.383074	0.451183	0	-0.112642	-0.00398923	0.00375458	0	0.0739092	0	0	0	0	0	0.0403748	-0.0770881	0.0840277	0	0	0	0	0	0	0.391235	-0.00910059	0.447682
2012-02-09 00:00:00	-3.20545	1.16512	0.507223	0	0.525001	-0.0263368	0.08268	0	0.160111	0	0	0	0	0	0.440412	-0.0770714	0.0840414	0	0	0	0	0	0	0.388647	-0.00943711	0.034937
2012-02-10 00:00:00	-4.22727	-0.00681828	0.436044	0	0.664695	-0.133711	0.250468	0	1.09204	0	0	0	0	0	1.00608	-0.0771304	0.084151	0	0	0	0	0	0	0.383683	-0.0164325	-0.544203
2012-02-11 00:00:00	-2.81091	-0.00756615	0.553453	0	0.108964	-0.13273	0.184193	0	1.21341	0	0	0	0	0	0.436477	-0.0771634	0.0843011	0	0	0	0	0	0	0.38414	-0.0170053	-0.0804379
2012-02-12 00:00:00	-1	-0.00860213	0.611183	0	-0.395918	-0.057731	0.0608241	0	0.68906	0	0	0	0	0	-0.0713419	-0.0771633	0.0843152	0	0	0	0	0	0	0.386595	-0.0137777	0.207443
2012-02-13 00:00:00	-1.18909	-0.00858874	0.622911	0	-0.0573812	-0.0399045	0.0514751	0	0.391261	0	0	0	0	0	0.0375225	-0.0771524	0.0843501	0	0	0	0	0	0	0.386948	-0.0115617	0.190788
2012-02-14 00:00:00	-1.79182	0.00535485	0.635664	0	0.166221	-0.0576734	0.0856348	0	0.491473	0	0	0	0	0	0.196764	-0.0771753	0.0843532	0	0	0	0	0	0	0.384796	-0.012018	0.111576
2012-02-15 00:00:00	-7.90273	-0.0165574	0.712342	0	1.11219	-0.364543	0.539971	0	2.96757	0	0	0	0	0	1.967	-0.0772247	0.0845317	0	0	0	0	0	0	0.375663	-0.0231876	-0.624967
2012-02-16 00:00:00	-1.18909	-0.013612	0.741308	0	-0.846115	-0.148397	0.121208	0	1.46861	0	0	0	0	0	-0.36361	-0.0772221	0.0847122	0	0	0	0	0	0	0.380696	-0.0184281	0.140056
2012-02-17 00:00:00	-2.38909	0.00504449	0.766811	0	0.216096	-0.12247	0.151818	0	0.909207	0	0	0	0	0	0.186336	-0.077271	0.0847107	0	0	0	0	0	0	0.383418	-0.0134769	0.101132
2012-02-18 00:00:00	-5.86	-0.00661852	0.650692	0	0.555474	-0.349046	0.496187	0	2.59954	0	0	0	0	0	1.28071	-0.0772999	0.0847423	0	0	0	0	0	0	0.376771	-0.0221009	-0.270956
2012-02-19 00:00:00	-0.194545	-0.361273	0.595442	0	-0.802008	-0.114235	0.0803951	0	1.09099	0	0	0	0	0	-0.484406	-0.0773277	0.0847196	0	0	0	0	0	0	0.382098	-0.0165734	0.183279
2012-02-20 00:00:00	-5.38909	0.359983	0.75409	0	0.864223	-0.26151	0.373583	0	1.82786	0	0	0	0	0	0.990185	-0.0775944	0.0847027	0	0	0	0	0	0	0.380104	-0.0173871	-0.110856
2012-02-21 00:00:00	-6.49727	-0.00567932	0.84749	0	0.309465	-0.445974	0.578488	0	3.33526	0	0	0	0	0	1.29039	-0.0776728	0.0848105	0	0	0	0	0	0	0.374314	-0.0257316	-0.232111
2012-02-22 00:00:00	-4.77273	-0.00221911	0.948975	0	-0.272003	-0.391234	0.443393	0	3.07666	0	0	0	0	0	0.558763	-0.0777659	0.0847739	0	0	0	0	0	0	0.376803	-0.0247244	-0.051304
2012-02-23 00:00:00	-2.77273	-0.0123033	0.984738	0	-0.372227	-0.221751	0.22925	0	1.79259	0	0	0	0	0	-0.0365989	-0.0778605	0.0847208	0	0	0	0	0	0	0.382088	-0.0191401	-0.0392184
2012-02-24 00:00:00	-1.18909	-0.0431635	0.903981	0	-0.337935	-0.0866441	0.0754069	0	0.844353	0	0	0	0	0	-0.376833	-0.0779329	0.0847516	0	0	0	0	0	0	0.386617	-0.0143367	0.169174
2012-02-25 00:00:00	-2.81091	0.0421568	0.841409	0	0.182154	-0.144044	0.184269	0	1.02533	0	0	0	0	0	0.276049	-0.077944	0.0847963	0	0	0	0	0	0	0.38534	-0.0140287	-0.0254212
2012-02-26 00:00:00	-1	-0.0224147	0.711496	0	-0.487254	-0.0630251	0.0593759	0	0.684731	0	0	0	0	0	-0.218062	-0.0779414	0.0848216	0	0	0	0	0	0	0.386124	-0.013735	0.0441166
2012-02-27 00:00:00	-0.794545	-0.209203	1.0261	0	-0.2448	-0.0299349	0.0231864	0	0.279389	0	0	0	0	0	-0.188679	-0.077926	0.0848201	0	0	0	0	0	0	0.387585	-0.010966	0.245024
2012-02-28 00:00:00	-0.2	-0.753481	1.07507	0	-0.347596	-0.0136556	0.00900681	0	0.188433	0	0	0	0	0	-0.107669	-0.0779075	0.084836	0	0	0	0	0	0	0.387287	-0.0100634	0.234261
2012-02-29 00:00:00	-0.194545	-0.455606	0.932142	0	-0.335045	-0.00404888	0.00240795	0	0.10124	0	0	0	0	0	-0.156421	-0.0778863	0.0848305	0	0	0	0	0	0	0.385516	-0.00927569	0.273308
2012-03-01 00:00:00	-1.77273	0.649076	1.05892	0	-0.0785534	-0.00647425	0.00432598	0	0.0952193	0	0	0	0	0	0.0351637	-0.0778765	0.0848384	0	0	0	0	0	0	0.382128	-0.00926645	0.364776
2012-03-02 00:00:00	-1.58364	0.297193	0.981891	0	0.0908303	-0.00923002	0.00920045	0	0.100769	0	0	0	0	0	0.0462812	-0.077848	0.0848315	0	0	0	0	0	0	0.379765	-0.00929978	0.310748
2012-03-03 00:00:00	-3.58364	0.47334	0.954538	0	0.574751	-0.0480238	0.129508	0	0.454144	0	0	0	0	0	0.553343	-0.0778321	0.0848465	0	0	0	0	0	0	0.376016	-0.0113751	-0.120381
2012-03-04 00:00:00	-7.74	-0.0125575	0.803451	0	1.2918	-0.291173	0.456698	0	2.51214	0	0	0	0	0	1.96346	-0.077873	0.0849623	0	0	0	0	0	0	0.368718	-0.0221998	-0.662573
2012-03-05 00:00:00	-0.2	-0.520985	0.787491	0	-1.01138	-0.103277	0.0636902	0	1.2154	0	0	0	0	0	-0.438761	-0.0778903	0.0849722	0	0	0	0	0	0	0.375461	-0.0173671	0.157358
2012-03-06 00:00:00	-0.394545	-0.402069	0.865822	0	-0.369948	-0.0198595	0.00927859	0	0.27667	0	0	0	0	0	-0.210283	-0.0778637	0.0849663	0	0	0	0	0	0	0.380691	-0.0107185	0.13214
2012-03-07 00:00:00	-4.17273	0.922021	0.969447	0	0.801782	-0.101459	0.1638	0	0.672685	0	0	0	0	0	0.45076	-0.0778723	0.0850124	0	0	0	0	0	0	0.375784	-0.0119228	0.0773102
2012-03-08 00:00:00	-1.60545	-0.0187048	1.0599	0	-0.42527	-0.0668306	0.0760165	0	0.759804	0	0	0	0	0	-0.0893897	-0.0778644	0.0850652	0	0	0	0	0	0	0.374368	-0.014056	0.0575836
2012-03-09 00:00:00	-0.389091	-0.749263	1.25012	0	-0.384101	-0.0209257	0.0151894	0	0.281427	0	0	0	0	0	-0.152087	-0.0778472	0.0851028	0	0	0	0	0	0	0.375932	-0.0108683	0.223594
2012-03-10 00:00:00	0	-0.626529	1.03858	0	-0.499529	-0.00467596	0.00237247	0	0.126357	0	0	0	0	0	-0.125256	-0.0778164	0.0851174	0	0	0	0	0	0	0.374787	-0.00949162	0.283922
2012-03-11 00:00:00	0	-0.49823	1.165	0	-0.578006	-0.00140581	0.000554614	0	0.0573842	0	0	0	0	0	-0.0741624	-0.0777921	0.0851557	0	0	0	0	0	0	0.370717	-0.00880197	0.44041
2012-03-12 00:00:00	-0.194545	-0.411622	1.14034	0	-0.323827	-0.00124276	0.000571963	0	0.0470026	0	0	0	0	0	-0.00394073	-0.0777729	0.0851196	0	0	0	0	0	0	0.364892	-0.00855304	0.616423
2012-03-13 00:00:00	-0.2	-0.399667	1.10723	0	-0.314733	-0.000686128	0.000229742	0	0.0428163	0	0	0	0	0	0.0324545	-0.0777508	0.0850587	0	0	0	0	0	0	0.361641	-0.00845843	0.628131
2012-03-14 00:00:00	-1.50818	0.290635	1.19619	0	0.0566402	-0.00207979	0.00145498	0	0.0468899	0	0	0	0	0	0.0066776	-0.0777299	0.0850195	0	0	0	0	0	0	0.357181	-0.00850272	0.444192
2012-03-15 00:00:00	-4.98636	1.60173	1.18198	0	0.998224	-0.0137601	0.0128281	0	0.125952	0	0	0	0	0	0.49243	-0.0777163	0.0850507	0	0	0	0	0	0	0.35493	-0.0092728	-0.23399
2012-03-16 00:00:00	-11.9455	0.763164	1.32316	0	2.20744	-0.310257	0.628781	0	2.74096	0	0	0	0	0	2.78938	-0.0777914	0.0852077	0	0	0	0	0	0	0.349257	-0.0229769	-1.46913
2012-03-17 00:00:00	-0.805454	-0.3718	1.2312	0	-1.07772	-0.123598	0.0856688	0	1.4969	0	0	0	0	0	-0.60698	-0.0778298	0.0852554	0	0	0	0	0	0	0.358089	-0.0188995	0.174826
2012-03-18 00:00:00	-0.00545455	-0.877121	1.16255	0	-0.490393	-0.03215	0.0197298	0	0.33528	0	0	0	0	0	-0.31373	-0.0778167	0.0852459	0	0	0	0	0	0	0.364443	-0.0105789	0.160007
2012-03-19 00:00:00	-1.38909	0.124892	1.26303	0	-0.0791021	-0.0159519	0.0122767	0	0.153887	0	0	0	0	0	-0.204728	-0.0777938	0.0852332	0	0	0	0	0	0	0.364049	-0.00963512	0.227069
2012-03-20 00:00:00	-2	0.433823	1.50267	0	-0.109844	-0.0178671	0.0147787	0	0.158032	0	0	0	0	0	-0.039312	-0.0777811	0.0852273	0	0	0	0	0	0	0.361819	-0.00955914	0.301987
2012-03-21 00:00:00	0	-1.08879	1.37749	0	-0.328702	-0.00773897	0.00528437	0	0.128367	0	0	0	0	0	-0.0818548	-0.077757	0.0852154	0	0	0	0	0	0	0.359851	-0.00944185	0.361922
2012-03-22 00:00:00	-0.00545454	-0.943687	2.19099	0	-0.939724	-0.0011963	0.00046656	0	0.0612037	0	0	0	0	0	-0.0971801	-0.0777238	0.0851756	0	0	0	0	0	0	0.357834	-0.00877461	0.621933
2012-03-23 00:00:00	0	-0.721459	1.68619	0	-0.584586	-0.000503839	0.000125787	0	0.0376086	0	0	0	0	0	-0.118548	-0.0776763	0.0850852	0	0	0	0	0	0	0.354663	-0.00831678	0.652584
2012-03-24 00:00:00	-2.80545	0.709073	1.90104	0	0.153729	-0.000340733	4.87461E-05	0	0.0278564	0	0	0	0	0	-0.0411667	-0.0776333	0.0850261	0	0	0	0	0	0	0.350915	-0.00809258	0.295001
2012-03-25 00:00:00	-0.00545454	-1.83138	3.08047	0	-0.64465	-0.000477921	0.000103152	0	0.0353197	0	0	0	0	0	-0.0810484	-0.0776039	0.0849719	0	0	0	0	0	0	0.343642	-0.00817093	0.895718
2012-03-26 00:00:00	-0.00545454	-1.27024	2.95142	0	-0.381226	-0.000174888	9.5349E-06	0	0.0239761	0	0	0	0	0	-0.400754	-0.0775066	0.0848415	0	0	0	0	0	0	0.337184	-0.007948	1.25413
2012-03-27 00:00:00	0	0	2.94364	0	-0.889021	0	0	0	0.00339815	0	0	0	0	0	-0.770535	-0.0772825	0.0846569	0	0	0	0	0	0	0.332521	-0.0075915	1.61979
2012-03-28 00:00:00	-0.00545454	0	2.81658	0	-0.337302	0	0	0	0	0	0	0	0	0	-0.95303	-0.0770435	0.0844766	0	0	0	0	0	0	0.32692	-0.00746977	1.84768
2012-03-29 00:00:00	0	0	1.49181	0	0.119662	0	0	0	0	0	0	0	0	0	-0.404831	-0.0768977	0.0843471	0	0	0	0	0	0	0.319619	-0.00741997	1.52629
2012-03-30 00:00:00	0	0	1.45628	0	-0.00860234	0	0	0	0	0	0	0	0	0	-0.352369	-0.0767313	0.0841973	0	0	0	0	0	0	0.313124	-0.00737221	1.40853
2012-03-31 00:00:00	-0.205455	0	1.23256	0	-0.00809762	0	0	0	0	0	0	0	0	0	-0.244318	-0.0766477	0.0840954	0	0	0	0	0	0	0.301025	-0.00726801	1.07589
2012-04-01 00:00:00	0	0	1.70566	0	-0.0484044	0	0	0	0	0	0	0	0	0	-0.413256	-0.0764798	0.0838202	0	0	0	0	0	0	0.291893	-0.00717203	1.53606
2012-04-02 00:00:00	-0.410909	0	1.46217	0	-0.023326	0	0	0	0	0	0	0	0	0	-0.272121	-0.0763039	0.0833193	0	0	0	0	0	0	0.285871	-0.0070934	1.04161
2012-04-03 00:00:00	-12.6436	4.47968	1.28635	0	1.19021	-0.00259781	0.00336641	0	0.00452847	0	0	0	0	0	2.22716	-0.0764714	0.0835621	0	0	0	0	0	0	0.274604	-0.00697066	-3.18021
2012-04-04 00:00:00	-3.28727	0.572109	1.29797	0	0.530458	-0.00526388	0.0147653	0	0.0414347	0	0	0	0	0	0.217825	-0.0765817	0.0837775	0	0	0	0	0	0	0.272296	-0.00791442	-0.346398
2012-04-05 00:00:00	-0.4	-1.14582	1.81812	0	-0.135252	-0.00279896	0.00509493	0	0.047165	0	0	0	0	0	-0.0520536	-0.0765553	0.0837764	0	0	0	0	0	0	0.271919	-0.00822211	0.405367
2012-04-06 00:00:00	-4.81091	1.48059	1.76	0	0.650758	-0.0102647	0.0206909	0	0.0414575	0	0	0	0	0	0.281175	-0.0765198	0.0837698	0	0	0	0	0	0	0.269759	-0.00778885	-0.317278
2012-04-07 00:00:00	-0.794545	-0.817927	1.73133	0	-0.115608	-0.0045802	0.00618104	0	0.0793469	0	0	0	0	0	-0.0884913	-0.0764839	0.0837827	0	0	0	0	0	0	0.270196	-0.00839077	0.264815
2012-04-08 00:00:00	-0.610909	-0.718406	1.82787	0	-0.230166	-0.000571275	0.000886505	0	0.0271517	0	0	0	0	0	-0.0745388	-0.0764246	0.0837205	0	0	0	0	0	0	0.269643	-0.00747279	0.490784
2012-04-09 00:00:00	-3.14545	0.907058	1.74767	0	0.287884	-0.00423487	0.00382651	0	0.0207451	0	0	0	0	0	0.0658957	-0.0763714	0.083668	0	0	0	0	0	0	0.268036	-0.007328	0.151397
2012-04-10 00:00:00	-24.5236	1.05673	1.56952	0	3.51276	-0.422184	1.19285	0	4.2635	0	0	0	0	0	6.43119	-0.0767292	0.0841937	0	0	0	0	0	0	0.257823	-0.0302922	-6.68428
2012-04-11 00:00:00	-1.99455	-0.00534404	1.66476	0	-1.44042	-0.128236	0.152023	0	1.91754	0	0	0	0	0	-0.880057	-0.0770575	0.0845164	0	0	0	0	0	0	0.283274	-0.0214722	-0.445013
2012-04-12 00:00:00	-3.22182	0.00744704	1.65066	0	0.149752	-0.112532	0.170733	0	0.812237	0	0	0	0	0	-0.0479462	-0.0770635	0.0845149	0	0	0	0	0	0	0.302002	-0.0132872	-0.295301
2012-04-13 00:00:00	-0.00545455	-1.14446	1.49096	0	-0.569454	-0.0337378	0.0289838	0	0.427117	0	0	0	0	0	-0.402883	-0.0770495	0.0844987	0	0	0	0	0	0	0.315439	-0.0116417	0.102325
2012-04-14 00:00:00	-0.605455	-0.408382	1.46161	0	-0.224354	-0.0120464	0.00995746	0	0.140159	0	0	0	0	0	-0.309552	-0.0770175	0.0844714	0	0	0	0	0	0	0.320945	-0.00936227	0.370978
2012-04-15 00:00:00	-0.2	-0.581033	1.52184	0	-0.562173	-0.00216624	0.00100811	0	0.100173	0	0	0	0	0	-0.199138	-0.07697	0.0844396	0	0	0	0	0	0	0.32174	-0.00911894	0.398602
2012-04-16 00:00:00	-8.44364	2.13798	1.66585	0	1.66514	-0.129943	0.257969	0	0.874784	0	0	0	0	0	1.1818	-0.0769758	0.0844566	0	0	0	0	0	0	0.318689	-0.0120989	-0.475985
2012-04-17 00:00:00	-4.39455	-0.0113093	1.78729	0	-0.0828425	-0.13728	0.231874	0	1.51809	0	0	0	0	0	0.455293	-0.0770284	0.0845589	0	0	0	0	0	0	0.316769	-0.0183064	-0.327439
2012-04-18 00:00:00	-1.18364	-0.485429	1.74273	0	-0.55973	-0.0401802	0.0344899	0	0.611988	0	0	0	0	0	-0.295355	-0.0770149	0.0845766	0	0	0	0	0	0	0.326401	-0.0130499	0.145791
2012-04-19 00:00:00	-3.49273	0.455636	1.93127	0	0.218016	-0.0639443	0.12657	0	0.42427	0	0	0	0	0	0.130463	-0.0769902	0.0845629	0	0	0	0	0	0	0.32933	-0.0107434	0.0557099
2012-04-20 00:00:00	-1.20545	-0.676477	1.98037	0	-0.289864	-0.023066	0.0274842	0	0.297632	0	0	0	0	0	-0.158806	-0.0769548	0.0845407	0	0	0	0	0	0	0.329646	-0.0108408	0.278214
2012-04-21 00:00:00	-7.95636	0.696016	1.92095	0	1.02862	-0.196823	0.370248	0	1.66122	0	0	0	0	0	1.49063	-0.0769853	0.0846525	0	0	0	0	0	0	0.326845	-0.0165081	-0.667502
2012-04-22 00:00:00	-0.632727	-1.06813	1.89218	0	-0.9144	-0.0592929	0.0478189	0	0.931338	0	0	0	0	0	-0.365661	-0.0769778	0.0846999	0	0	0	0	0	0	0.331354	-0.0156965	0.154508
2012-04-23 00:00:00	-0.621818	-0.614703	1.93508	0	-0.607607	-0.00722194	0.00598375	0	0.136608	0	0	0	0	0	-0.201192	-0.0769406	0.0846713	0	0	0	0	0	0	0.338093	-0.00954681	0.361402
2012-04-24 00:00:00	-2.62182	0.548328	1.99071	0	0.0297697	-0.0121065	0.0178377	0	0.0912683	0	0	0	0	0	-0.0591689	-0.0769136	0.084635	0	0	0	0	0	0	0.337351	-0.00895223	0.320943
2012-04-25 00:00:00	-7.19454	1.1664	2.0429	0	1.1936	-0.127456	0.26715	0	0.950158	0	0	0	0	0	1.01958	-0.0769048	0.0846637	0	0	0	0	0	0	0.333373	-0.0130762	-0.35415
2012-04-26 00:00:00	-8.73091	-0.00625312	2.00579	0	0.521147	-0.355669	0.60301	0	3.10596	0	0	0	0	0	1.74122	-0.0769959	0.0847575	0	0	0	0	0	0	0.327626	-0.0250679	-0.805383
2012-04-27 00:00:00	-0.210909	-1.22749	1.84015	0	-1.00977	-0.0794165	0.065579	0	1.0724	0	0	0	0	0	-0.558046	-0.0770316	0.0847532	0	0	0	0	0	0	0.338393	-0.0164247	0.222189
2012-04-28 00:00:00	-0.00545455	-0.766399	1.79509	0	-0.902901	-0.0116483	0.00659207	0	0.172111	0	0	0	0	0	-0.366299	-0.0770008	0.0846912	0	0	0	0	0	0	0.345635	-0.0099572	0.264465
2012-04-29 00:00:00	-3.46545	1.04378	1.73427	0	0.447033	-0.0242307	0.0364245	0	0.112523	0	0	0	0	0	0.00689235	-0.0769794	0.0846667	0	0	0	0	0	0	0.344063	-0.00919074	0.233795
2012-04-30 00:00:00	-0.805454	-1.17159	2.18826	0	-0.299644	-0.0124951	0.0122156	0	0.173095	0	0	0	0	0	-0.121824	-0.076948	0.0846521	0	0	0	0	0	0	0.342916	-0.00961791	0.303561
2012-05-01 00:00:00	-0.4	-0.813066	2.2577	0	-0.736042	-0.00162384	0.00082758	0	0.0621613	0	0	0	0	0	-0.0847629	-0.0769103	0.0846197	0	0	0	0	0	0	0.341944	-0.00860944	0.626234
2012-05-02 00:00:00	-0.405455	-0.767209	2.16426	0	-0.57752	-0.000697738	0.0002749	0	0.0461438	0	0	0	0	0	-0.117055	-0.0768498	0.0845057	0	0	0	0	0	0	0.340311	-0.00833693	0.682367
2012-05-03 00:00:00	0	-0.993129	2.29792	0	-0.576201	-0.000625769	0.000135571	0	0.0279627	0	0	0	0	0	-0.212299	-0.0768149	0.0843996	0	0	0	0	0	0	0.335987	-0.00784156	0.879495
2012-05-04 00:00:00	-1.2	-0.42402	2.01968	0	0.0215993	-0.000370256	5.10632E-05	0	0.0272641	0	0	0	0	0	-0.067121	-0.0767516	0.0842364	0	0	0	0	0	0	0.333283	-0.00784623	0.71
2012-05-05 00:00:00	-0.00545454	-0.70518	1.91478	0	-0.342105	-0.000187956	2.17277E-05	0	0.0275925	0	0	0	0	0	-0.276589	-0.0766839	0.0840615	0	0	0	0	0	0	0.329667	-0.00782274	0.942102
2012-05-06 00:00:00	0	0	1.7682	0	-0.365963	0	0	0	0.00571645	0	0	0	0	0	-0.478397	-0.0765736	0.0839175	0	0	0	0	0	0	0.32463	-0.00745399	1.25407
2012-05-07 00:00:00	-4.38364	1.2582	2.1842	0	0.331872	0	0	0	0.000778251	0	0	0	0	0	0.341679	-0.076526	0.0838296	0	0	0	0	0	0	0.320943	-0.00733867	0.0539931
2012-05-08 00:00:00	-0.649091	-1.22448	2.20499	0	0.0208835	0	0	0	0.0128599	0	0	0	0	0	-0.0065245	-0.0765011	0.0837963	0	0	0	0	0	0	0.318443	-0.00759456	0.676782
2012-05-09 00:00:00	-0.00545454	-0.0337154	2.16689	0	-0.576963	0	0	0	0.00620702	0	0	0	0	0	-0.489484	-0.0763809	0.0836812	0	0	0	0	0	0	0.315398	-0.00745786	1.38272
2012-05-10 00:00:00	-18.6509	5.87777	2.08508	0	3.29071	-0.129684	0.403972	0	0.68905	0	0	0	0	0	2.87554	-0.0764901	0.0839103	0	0	0	0	0	0	0.311967	-0.0116519	-3.25073
2012-05-11 00:00:00	-8.49818	-0.0016328	2.21121	0	0.621345	-0.2461	0.523844	0	2.22419	0	0	0	0	0	1.42843	-0.0766153	0.084263	0	0	0	0	0	0	0.313202	-0.0233298	-1.43938
2012-05-12 00:00:00	-0.394545	-1.53698	2.65139	0	-1.04243	-0.0391377	0.0464811	0	0.754258	0	0	0	0	0	-0.542992	-0.0766367	0.0843249	0	0	0	0	0	0	0.324603	-0.0141462	0.214191
2012-05-13 00:00:00	-5.63273	1.55946	2.54011	0	0.743185	-0.0755818	0.128516	0	0.435636	0	0	0	0	0	0.128465	-0.0766025	0.084302	0	0	0	0	0	0	0.327446	-0.010184	0.152023
2012-05-14 00:00:00	-1.41091	-0.904917	2.43552	0	-0.428522	-0.0331852	0.0379795	0	0.437662	0	0	0	0	0	-0.28712	-0.0765621	0.0842896	0	0	0	0	0	0	0.32712	-0.0116379	0.169718
2012-05-15 00:00:00	-4.01636	0.894704	2.22394	0	0.191427	-0.0462693	0.093264	0	0.299385	0	0	0	0	0	0.0567199	-0.0765213	0.0842651	0	0	0	0	0	0	0.328175	-0.00977246	0.0229552
2012-05-16 00:00:00	-0.8	-1.22702	2.22553	0	-0.360375	-0.0137414	0.0180644	0	0.277394	0	0	0	0	0	-0.0941059	-0.0764816	0.0842336	0	0	0	0	0	0	0.327187	-0.0105695	0.350118
2012-05-17 00:00:00	-7.6	1.2627	2.56145	0	0.970844	-0.123246	0.258292	0	0.943671	0	0	0	0	0	1.01597	-0.0765022	0.0842701	0	0	0	0	0	0	0.323831	-0.0128582	-0.391583
2012-05-18 00:00:00	-5.4	-0.0386397	2.30737	0	-0.0412592	-0.145056	0.262978	0	1.60078	0	0	0	0	0	0.666952	-0.0765446	0.0843704	0	0	0	0	0	0	0.322478	-0.0184554	-0.475024
2012-05-19 00:00:00	-0.6	-1.2925	2.22523	0	-0.716668	-0.0385291	0.0336962	0	0.619516	0	0	0	0	0	-0.275703	-0.0765265	0.0843867	0	0	0	0	0	0	0.329218	-0.0131091	0.279009
2012-05-20 00:00:00	0	-1.44286	3.46235	0	-1.60261	-0.00292812	0.0012439	0	0.0987472	0	0	0	0	0	-0.336126	-0.0764806	0.0843208	0	0	0	0	0	0	0.332626	-0.00918088	0.509098
2012-05-21 00:00:00	0	-1.29039	3.0657	0	-0.793351	-0.00170733	0.000697159	0	0.0397761	0	0	0	0	0	-0.331092	-0.0764219	0.0841994	0	0	0	0	0	0	0.330623	-0.00809157	1.01994
2012-05-22 00:00:00	-0.2	-1.25272	3.06109	0	-0.240778	-0.00114657	0.000420929	0	0.0320255	0	0	0	0	0	-0.514421	-0.0763423	0.0840759	0	0	0	0	0	0	0.326501	-0.00783392	1.21087
2012-05-23 00:00:00	0	-0.606986	2.88507	0	-0.503155	-0.000304169	0.000115836	0	0.0221061	0	0	0	0	0	-0.608108	-0.0762559	0.0839313	0	0	0	0	0	0	0.321728	-0.00766553	1.51048
2012-05-24 00:00:00	-1.00273	0	3.47218	0	-0.610536	0	0	0	0.000413718	0	0	0	0	0	-0.658825	-0.0761575	0.0837186	0	0	0	0	0	0	0.31846	-0.0072983	1.51923
2012-05-25 00:00:00	-3.10273	0	3.65429	0	0.0333176	0	0	0	0	0	0	0	0	0	-0.206217	-0.0762876	0.0837085	0	0	0	0	0	0	0.311854	-0.00724441	0.69069
2012-05-26 00:00:00	-11.4164	3.10986	4.00482	0	1.07783	-1.78875E-05	6.1732E-05	0	0.001471	0	0	0	0	0	1.53022	-0.0763989	0.0838386	0	0	0	0	0	0	0.305179	-0.00719768	-1.3867
2012-05-27 00:00:00	-8.81364	1.13255	4.90715	0	1.33879	-0.00912996	0.0129653	0	0.0548182	0	0	0	0	0	0.560501	-0.076462	0.0839808	0	0	0	0	0	0	0.304383	-0.0082837	-0.512377
2012-05-28 00:00:00	-0.5	-2.20766	4.20642	0	-0.932236	-0.00167156	0.00264033	0	0.0667749	0	0	0	0	0	-0.161034	-0.0764085	0.0839605	0	0	0	0	0	0	0.305521	-0.00854101	0.777767
2012-05-29 00:00:00	0	-1.28431	3.05527	0	-0.717354	0	0	0	0.0120123	0	0	0	0	0	-0.257665	-0.0762761	0.0837655	0	0	0	0	0	0	0.303956	-0.00755048	1.11185
2012-05-30 00:00:00	-5	1.15191	3.24195	0	0.378997	0	0	0	0.00897847	0	0	0	0	0	0.170413	-0.0762577	0.0837667	0	0	0	0	0	0	0.297971	-0.00731744	0.250413
2012-05-31 00:00:00	-19.6	4.09807	3.18512	0	3.48924	-0.225184	0.64172	0	1.84882	0	0	0	0	0	3.19376	-0.0763396	0.084023	0	0	0	0	0	0	0.29084	-0.0182214	-3.08815
2012-06-01 00:00:00	0	-1.92118	3.01126	0	-1.70889	-0.0398671	0.052636	0	1.0102	0	0	0	0	0	-0.709803	-0.0764018	0.0841861	0	0	0	0	0	0	0.304457	-0.0160558	-0.00945718
2012-06-02 00:00:00	0	-1.15413	2.80597	0	-0.913198	-0.000495538	0	0	0.0544335	0	0	0	0	0	-0.40277	-0.0763313	0.0840893	0	0	0	0	0	0	0.309711	-0.00837867	0.698901
2012-06-03 00:00:00	-1.8	-0.405994	2.58865	0	-0.0718187	-0.000610549	0.000151371	0	0.0429993	0	0	0	0	0	-0.186097	-0.0762891	0.0840391	0	0	0	0	0	0	0.306897	-0.00800876	0.473921
2012-06-04 00:00:00	-0.2	-1.32856	3.31905	0	-0.664242	-0.000326035	0	0	0.0353413	0	0	0	0	0	-0.478185	-0.0762113	0.0839224	0	0	0	0	0	0	0.304425	-0.00785765	0.987364
2012-06-05 00:00:00	-1.8	-0.722982	3.31729	0	-0.089579	-0.000177693	0	0	0.0269731	0	0	0	0	0	-0.184365	-0.0761235	0.0837927	0	0	0	0	0	0	0.301539	-0.00764593	0.84872
2012-06-06 00:00:00	-9.8	2.90468	3.26939	0	1.48579	-0.00650352	0.00752944	0	0.0553475	0	0	0	0	0	1.09954	-0.0761489	0.0838427	0	0	0	0	0	0	0.29859	-0.00800097	-0.685946
2012-06-07 00:00:00	-2.6	-0.442199	3.09911	0	-0.0538543	-0.00760943	0.00661651	0	0.146311	0	0	0	0	0	-0.0975842	-0.0761192	0.0838834	0	0	0	0	0	0	0.299277	-0.00951646	0.348315
2012-06-08 00:00:00	-25.8	3.0749	3.08361	0	3.23822	-0.632408	1.35928	0	5.9205	0	0	0	0	0	5.51887	-0.0762759	0.0841374	0	0	0	0	0	0	0.287125	-0.0313135	-3.97335
2012-06-09 00:00:00	-3.8	-0.0104745	3.35935	0	-1.51327	-0.212557	0.22802	0	2.60537	0	0	0	0	0	-1.07808	-0.0764328	0.0843818	0	0	0	0	0	0	0.310685	-0.0230154	-0.126024
2012-06-10 00:00:00	-7.4	-0.0290304	3.31334	0	0.363142	-0.244352	0.381363	0	2.01938	0	0	0	0	0	0.607485	-0.0764341	0.0843762	0	0	0	0	0	0	0.322364	-0.0184639	-0.676824
2012-06-11 00:00:00	-1.8	-1.10492	3.07059	0	-0.493099	-0.0992504	0.0798841	0	0.943114	0	0	0	0	0	-0.629688	-0.0764267	0.0843333	0	0	0	0	0	0	0.333098	-0.0147145	0.292927
2012-06-12 00:00:00	0	-1.37689	2.95966	0	-1.30966	-0.0149918	0.00776909	0	0.268575	0	0	0	0	0	-0.492087	-0.0763879	0.0842685	0	0	0	0	0	0	0.338757	-0.0102624	0.378758
2012-06-13 00:00:00	0	-1.21662	2.98061	0	-1.10893	-0.00497774	0.00232534	0	0.084311	0	0	0	0	0	-0.418308	-0.076344	0.0841788	0	0	0	0	0	0	0.338563	-0.00884403	0.655961
2012-06-14 00:00:00	-0.194545	-1.14889	2.88106	0	-0.652376	-0.00305582	0.00142051	0	0.0461604	0	0	0	0	0	-0.559919	-0.0762632	0.0840404	0	0	0	0	0	0	0.336264	-0.00810976	0.705791
2012-06-15 00:00:00	-6.44364	1.94328	2.80686	0	1.09671	-0.0024753	0.00122309	0	0.0289466	0	0	0	0	0	0.526806	-0.0762955	0.084069	0	0	0	0	0	0	0.332167	-0.0077592	0.289901
2012-06-16 00:00:00	-29.3018	2.97769	3.16052	0	4.21699	-0.87712	1.58817	0	7.93585	0	0	0	0	0	6.57137	-0.0764745	0.0843106	0	0	0	0	0	0	0.3156	-0.0348412	-3.43976
2012-06-17 00:00:00	-2.39455	-0.466039	2.92169	0	-1.77879	-0.273995	0.221602	0	3.26264	0	0	0	0	0	-1.47738	-0.0767093	0.0842965	0	0	0	0	0	0	0.331479	-0.024927	0.329324
2012-06-18 00:00:00	-0.216364	-2.10723	3.95106	0	-1.39414	-0.0433129	0.02241	0	0.561981	0	0	0	0	0	-0.89611	-0.0766808	0.0842596	0	0	0	0	0	0	0.344006	-0.0118458	0.218029
2012-06-19 00:00:00	-1.02182	-0.967129	3.29003	0	-0.702171	-0.0133263	0.00611399	0	0.140351	0	0	0	0	0	-0.590983	-0.0766466	0.0842294	0	0	0	0	0	0	0.34575	-0.0096959	0.484701
2012-06-20 00:00:00	0	-1.88312	4.49498	0	-1.38148	-0.00798096	0.00383853	0	0.0833341	0	0	0	0	0	-0.86185	-0.0765732	0.0841179	0	0	0	0	0	0	0.343504	-0.00876703	0.790001
2012-06-21 00:00:00	-6.61636	1.83299	3.34647	0	1.12158	-0.00858513	0.00375851	0	0.059836	0	0	0	0	0	0.378167	-0.076592	0.0841344	0	0	0	0	0	0	0.338422	-0.00833058	0.455491
2012-06-22 00:00:00	-33.8727	3.63363	3.43205	0	4.54854	-1.11949	1.8443	0	10.2324	0	0	0	0	0	7.68856	-0.0767645	0.0843438	0	0	0	0	0	0	0.318919	-0.038702	-3.32494
2012-06-23 00:00:00	-12.3509	0.0180769	3.39897	0	-1.06178	-0.891909	1.01267	0	8.16127	0	0	0	0	0	0.872042	-0.0770081	0.0844876	0	0	0	0	0	0	0.325907	-0.039449	-0.547627
2012-06-24 00:00:00	-7.4	-0.03733	3.4421	0	-0.587395	-0.481205	0.536698	0	4.07907	0	0	0	0	0	-0.318585	-0.0770397	0.0847112	0	0	0	0	0	0	0.337558	-0.0282081	-0.449626
2012-06-25 00:00:00	0	-2.10011	3.31686	0	-1.2153	-0.150946	0.092001	0	1.26479	0	0	0	0	0	-1.30058	-0.0770319	0.0847641	0	0	0	0	0	0	0.348466	-0.0167054	0.246205
2012-06-26 00:00:00	-9	2.13609	4.05117	0	0.984191	-0.198324	0.250265	0	1.4093	0	0	0	0	0	0.0116603	-0.0770132	0.0847705	0	0	0	0	0	0	0.350154	-0.0145895	-0.0123247
2012-06-27 00:00:00	-11.4	-0.00954637	3.7022	0	0.598885	-0.540599	0.760626	0	4.31026	0	0	0	0	0	1.59641	-0.0770322	0.0848858	0	0	0	0	0	0	0.340491	-0.0282505	-0.661671
2012-06-28 00:00:00	-3.2	-0.605975	3.74182	0	-0.960138	-0.212866	0.159778	0	1.8507	0	0	0	0	0	-0.875007	-0.0769409	0.0850801	0	0	0	0	0	0	0.34853	-0.0195496	0.235432
2012-06-29 00:00:00	-6.4	0.669929	3.53276	0	0.337099	-0.172853	0.247123	0	1.35201	0	0	0	0	0	0.0500336	-0.0769279	0.0850846	0	0	0	0	0	0	0.352223	-0.0149835	-0.0385062
2012-06-30 00:00:00	-3.8	-0.136811	3.38749	0	-0.456439	-0.101954	0.110998	0	1.01016	0	0	0	0	0	-0.371335	-0.0769179	0.0850946	0	0	0	0	0	0	0.353238	-0.0153625	-0.011837
2012-07-01 00:00:00	-0.6	-1.92965	3.41932	0	-0.954481	-0.0308469	0.0168919	0	0.37527	0	0	0	0	0	-0.401367	-0.0768955	0.085097	0	0	0	0	0	0	0.357274	-0.0111925	0.249424
2012-07-02 00:00:00	-3.8	0.250126	3.52384	0	0.0336701	-0.0137345	0.00861225	0	0.129814	0	0	0	0	0	-0.21056	-0.0768716	0.0850721	0	0	0	0	0	0	0.357441	-0.00953336	0.277874
2012-07-03 00:00:00	-1.6	-1.18616	3.79446	0	-0.797951	-0.0060875	0.00300411	0	0.113809	0	0	0	0	0	-0.203118	-0.0768542	0.0850512	0	0	0	0	0	0	0.355507	-0.00919542	0.472462
2012-07-04 00:00:00	-8.8	2.54368	3.84483	0	1.1912	-0.0313111	0.0550121	0	0.239632	0	0	0	0	0	0.49241	-0.0768436	0.0850393	0	0	0	0	0	0	0.35281	-0.00952311	-0.113064
2012-07-05 00:00:00	-0.2	-2.33521	3.84059	0	-1.28955	-0.0111184	0.0161302	0	0.271699	0	0	0	0	0	-0.279263	-0.0768257	0.0850175	0	0	0	0	0	0	0.352611	-0.0106663	0.36341
2012-07-06 00:00:00	-5.2	1.40876	3.32152	0	0.403816	-0.0010512	0.000669146	0	0.0590292	0	0	0	0	0	0.0238097	-0.076793	0.0849541	0	0	0	0	0	0	0.352302	-0.00875637	0.368258
2012-07-07 00:00:00	-38	1.46806	3.26646	0	4.56481	-1.85227	2.82149	0	14.5376	0	0	0	0	0	9.7917	-0.0770376	0.0851865	0	0	0	0	0	0	0.324253	-0.0482547	-3.11796
2012-07-08 00:00:00	-2.2	-1.1575	3.49537	0	-2.90814	-0.530412	0.370914	0	4.72199	0	0	0	0	0	-2.23037	-0.0772924	0.0854233	0	0	0	0	0	0	0.35466	-0.0288546	-0.104213
2012-07-09 00:00:00	-17.2	1.16327	3.42109	0	1.70129	-0.986191	1.34136	0	7.0788	0	0	0	0	0	2.60418	-0.0774279	0.0855767	0	0	0	0	0	0	0.354462	-0.0336999	-0.547296
2012-07-10 00:00:00	-16	0.00585513	3.30942	0	-0.0189098	-1.25028	1.51268	0	9.40117	0	0	0	0	0	2.18956	-0.0776922	0.0856794	0	0	0	0	0	0	0.355302	-0.0426809	-0.529896
2012-07-11 00:00:00	-15.6	0.0179143	3.14538	0	-0.00675598	-1.31677	1.54704	0	9.67989	0	0	0	0	0	1.96098	-0.0782511	0.0857725	0	0	0	0	0	0	0.363425	-0.0431777	-0.244552
2012-07-12 00:00:00	-0.4	-2.09212	3.32076	0	-1.4476	-0.356338	0.22972	0	2.57181	0	0	0	0	0	-1.82628	-0.0786583	0.0860121	0	0	0	0	0	0	0.384163	-0.0225991	0.368868
2012-07-13 00:00:00	-0.2	-1.20387	3.29439	0	-1.28125	-0.0806095	0.0380188	0	0.544552	0	0	0	0	0	-1.23198	-0.0786652	0.0860551	0	0	0	0	0	0	0.394718	-0.013457	0.267913
2012-07-14 00:00:00	-5.8	1.87879	3.13347	0	0.562569	-0.0969359	0.0783564	0	0.505387	0	0	0	0	0	-0.602923	-0.0786411	0.0860505	0	0	0	0	0	0	0.393881	-0.0124475	0.0475546
2012-07-15 00:00:00	-0.2	-2.1503	3.18394	0	-0.879453	-0.0613258	0.0368273	0	0.544862	0	0	0	0	0	-0.632599	-0.078603	0.0860377	0	0	0	0	0	0	0.393461	-0.0125562	0.230291
2012-07-16 00:00:00	-0.4	-1.10108	3.1392	0	-1.06284	-0.0150776	0.00668555	0	0.153653	0	0	0	0	0	-0.649582	-0.0785641	0.0859794	0	0	0	0	0	0	0.393864	-0.0102002	0.462044
2012-07-17 00:00:00	-2	-0.562859	3.29093	0	-0.127423	-0.00649915	0.00283633	0	0.0871267	0	0	0	0	0	-0.448598	-0.0784997	0.0858827	0	0	0	0	0	0	0.392461	-0.00932263	0.626035
2012-07-18 00:00:00	-25.4	5.30276	3.41803	0	4.51016	-0.645682	1.10767	0	5.08514	0	0	0	0	0	4.69682	-0.0785901	0.0860367	0	0	0	0	0	0	0.378609	-0.0261569	-1.56522
2012-07-19 00:00:00	-0.2	-2.19384	3.26417	0	-2.43058	-0.256037	0.167237	0	2.4922	0	0	0	0	0	-1.25236	-0.0787465	0.0860964	0	0	0	0	0	0	0.388936	-0.0227403	-0.0356624
2012-07-20 00:00:00	0	-1.27118	3.31774	0	-1.3766	-0.0304156	0.0105772	0	0.197394	0	0	0	0	0	-0.812692	-0.0787584	0.086113	0	0	0	0	0	0	0.398203	-0.0107477	0.429629
2012-07-21 00:00:00	0	-1.3208	3.29569	0	-0.942774	-0.0110141	0.00429796	0	0.115882	0	0	0	0	0	-0.788402	-0.0787008	0.0862079	0	0	0	0	0	0	0.395517	-0.0097197	0.746182
2012-07-22 00:00:00	-0.4	-1.23386	3.44833	0	-0.702257	-0.00537163	0.00264732	0	0.0693276	0	0	0	0	0	-0.671788	-0.0786088	0.0861183	0	0	0	0	0	0	0.391605	-0.00894843	0.897194
2012-07-23 00:00:00	-26.4	6.07287	3.66046	0	5.46962	-0.534207	0.981578	0	4.0181	0	0	0	0	0	4.75263	-0.0787318	0.0863012	0	0	0	0	0	0	0.378653	-0.0231234	-1.61586
2012-07-24 00:00:00	-1.6	-1.80807	3.62363	0	-1.86472	-0.2745	0.193428	0	2.59836	0	0	0	0	0	-1.1401	-0.0788405	0.0862239	0	0	0	0	0	0	0.387919	-0.0228262	0.100512
2012-07-25 00:00:00	-0.4	-1.415	3.92928	0	-1.91103	-0.031737	0.013821	0	0.345369	0	0	0	0	0	-0.811997	-0.0788467	0.0862559	0	0	0	0	0	0	0.39769	-0.0113409	0.11247
2012-07-26 00:00:00	-0.6	-1.04025	3.23883	0	-0.914437	-0.0103575	0.00441481	0	0.101482	0	0	0	0	0	-0.57217	-0.0788445	0.0862606	0	0	0	0	0	0	0.395229	-0.00950462	0.600653
2012-07-27 00:00:00	-0.8	-0.889636	2.9528	0	-0.320847	-0.00456577	0.00210792	0	0.0731781	0	0	0	0	0	-0.549197	-0.0787908	0.0862073	0	0	0	0	0	0	0.391319	-0.00907231	0.8535
2012-07-28 00:00:00	-5.4	1.80626	3.25833	0	0.327329	-0.00310792	0.00132059	0	0.0564903	0	0	0	0	0	0.00512156	-0.0788101	0.086191	0	0	0	0	0	0	0.387061	-0.00882807	0.437359
2012-07-29 00:00:00	-1.2	-1.80876	3.19305	0	-0.0637604	-0.00431819	0.00144279	0	0.0967022	0	0	0	0	0	-0.0458599	-0.0788008	0.0861827	0	0	0	0	0	0	0.382311	-0.00952299	0.548664
2012-07-30 00:00:00	-1.2	-0.778622	2.93079	0	-0.302983	-0.00113857	0.000373732	0	0.0590763	0	0	0	0	0	-0.203021	-0.0787564	0.0861255	0	0	0	0	0	0	0.378313	-0.00889006	0.881263
2012-07-31 00:00:00	-4.8	0.971714	3.68419	0	0.185518	-0.00129122	0.000633008	0	0.0494049	0	0	0	0	0	-0.0139679	-0.0787202	0.0860755	0	0	0	0	0	0	0.372192	-0.00868747	0.44706
2012-08-01 00:00:00	-6.6	1.54283	3.56041	0	0.358325	-0.00417177	0.00450531	0	0.101758	0	0	0	0	0	0.499102	-0.0787041	0.0860892	0	0	0	0	0	0	0.366497	-0.00960259	-0.172956
2012-08-02 00:00:00	-0.2	-2.29383	3.18135	0	-0.367747	-0.0021164	0.00232928	0	0.0869551	0	0	0	0	0	-0.163042	-0.0786872	0.086071	0	0	0	0	0	0	0.36425	-0.00948051	0.606052
2012-08-03 00:00:00	-0.2	-0.669953	3.19386	0	-1.03844	-0.000303896	0.000158662	0	0.0288651	0	0	0	0	0	-0.454764	-0.0785919	0.0858569	0	0	0	0	0	0	0.360525	-0.00836192	1.21885
2012-08-04 00:00:00	-10.6	3.77166	3.17246	0	1.78558	-0.00225464	0.004598	0	0.0250107	0	0	0	0	0	0.865902	-0.0786427	0.0859627	0	0	0	0	0	0	0.355115	-0.00814249	-0.622754
2012-08-05 00:00:00	-15	2.72075	3.28908	0	2.25566	-0.189045	0.545096	0	1.75894	0	0	0	0	0	2.19609	-0.0787192	0.0862036	0	0	0	0	0	0	0.351366	-0.0207417	-2.08532
2012-08-06 00:00:00	-11.4	-0.0323784	3.14086	0	0.568399	-0.410505	0.682597	0	3.90253	0	0	0	0	0	1.90712	-0.0789014	0.0864928	0	0	0	0	0	0	0.355507	-0.0299702	-1.30825
2012-08-07 00:00:00	-0.2	-2.23565	3.07382	0	-1.26998	-0.130219	0.0846498	0	1.43507	0	0	0	0	0	-0.86109	-0.0789343	0.0865288	0	0	0	0	0	0	0.371201	-0.0181801	0.257207
2012-08-08 00:00:00	0	-1.298	3.42982	0	-1.69589	-0.0174209	0.00702493	0	0.171771	0	0	0	0	0	-0.603566	-0.0789107	0.086519	0	0	0	0	0	0	0.378689	-0.0102672	0.369771
2012-08-09 00:00:00	0	-1.43665	3.62836	0	-0.937968	-0.00593847	0.00261308	0	0.0810345	0	0	0	0	0	-0.684764	-0.0788496	0.0864304	0	0	0	0	0	0	0.376979	-0.00911923	1.02212
2012-08-10 00:00:00	0	-1.49669	3.91736	0	-0.508796	-0.00334546	0.00161308	0	0.0474905	0	0	0	0	0	-0.85717	-0.0787363	0.0862227	0	0	0	0	0	0	0.373688	-0.00850981	1.47313
2012-08-11 00:00:00	0	0	2.92032	0	-0.603799	-8.73712E-08	2.83717E-07	0	0.00941365	0	0	0	0	0	-0.732373	-0.0786547	0.0860928	0	0	0	0	0	0	0.366283	-0.00789226	1.95939
2012-08-12 00:00:00	0	0	2.95491	0	-0.526004	0	0	0	0	0	0	0	0	0	-0.773176	-0.078393	0.0858118	0	0	0	0	0	0	0.361961	-0.0077116	2.0174
2012-08-13 00:00:00	-0.6	0	3.20369	0	-0.0943093	0	0	0	0	0	0	0	0	0	-0.708837	-0.0781454	0.0856393	0	0	0	0	0	0	0.353825	-0.00767076	2.15419
2012-08-14 00:00:00	-0.2	0	2.97411	0	-0.0423878	0	0	0	0	0	0	0	0	0	-0.601163	-0.0778798	0.0854064	0	0	0	0	0	0	0.348157	-0.00762969	2.47861
2012-08-15 00:00:00	-12	4.29733	3.4284	0	0.614726	0	0	0	0	0	0	0	0	0	1.32459	-0.0779865	0.0855935	0	0	0	0	0	0	0.340718	-0.00757428	-1.99421
2012-08-16 00:00:00	-1.8	-1.24766	3.17212	0	0.0591583	0	0	0	0.00157499	0	0	0	0	0	0.0298916	-0.0779916	0.0856216	0	0	0	0	0	0	0.335104	-0.00754116	0.550278
2012-08-17 00:00:00	-6.4	1.75113	3.27578	0	0.333694	0	0	0	0.0295371	0	0	0	0	0	0.439165	-0.0779745	0.085613	0	0	0	0	0	0	0.327999	-0.00827644	-0.243328
2012-08-18 00:00:00	-0.2	-2.36148	3.17287	0	-0.172671	0	0	0	0.0327604	0	0	0	0	0	-0.0573341	-0.0779499	0.0855813	0	0	0	0	0	0	0.319187	-0.00833631	0.732625
2012-08-19 00:00:00	-4.6	1.46924	2.90399	0	0.192733	0	0	0	0.0127088	0	0	0	0	0	-0.00365737	-0.0778898	0.085518	0	0	0	0	0	0	0.312201	-0.00772329	0.287116
2012-08-20 00:00:00	-3.4	0.413985	2.89658	0	0.120135	-6.62981E-05	0	0	0.035589	0	0	0	0	0	0.024619	-0.077859	0.0854932	0	0	0	0	0	0	0.30104	-0.00816775	0.391348
2012-08-21 00:00:00	-2.8	-0.204209	2.99435	0	0.058162	-0.000100414	0	0	0.0373539	0	0	0	0	0	0.0188066	-0.0778108	0.0855785	0	0	0	0	0	0	0.294756	-0.0082112	0.398674
2012-08-22 00:00:00	-3.6	0.422616	2.9116	0	0.114399	-0.000618919	0.0005242	0	0.0383909	0	0	0	0	0	0.108918	-0.0777659	0.085557	0	0	0	0	0	0	0.290718	-0.00818553	0.286154
2012-08-23 00:00:00	-1	-1.6692	2.86853	0	-0.0422444	-0.00114372	0.00092915	0	0.0364237	0	0	0	0	0	0.0424657	-0.0777175	0.085507	0	0	0	0	0	0	0.285453	-0.00812515	0.520876
2012-08-24 00:00:00	-0.2	-1.3119	2.68066	0	-0.229709	-0.000143977	0.000134259	0	0.0198866	0	0	0	0	0	-0.227562	-0.0776209	0.0853857	0	0	0	0	0	0	0.281147	-0.0076282	1.01264
2012-08-25 00:00:00	-4.4	1.47315	2.70692	0	0.198797	0	0	0	0.0146805	0	0	0	0	0	-0.00470904	-0.0775421	0.0853555	0	0	0	0	0	0	0.276241	-0.00744217	0.265447
2012-08-26 00:00:00	-0.8	-1.55913	2.57799	0	-0.00432852	0	4.7951E-06	0	0.0298722	0	0	0	0	0	-0.00824958	-0.0775051	0.0852924	0	0	0	0	0	0	0.270076	-0.00776273	0.506256
2012-08-27 00:00:00	-4.2	1.25402	2.75324	0	0.107479	-0.000740638	0.000588829	0	0.0293098	0	0	0	0	0	0.0684831	-0.0774533	0.0852358	0	0	0	0	0	0	0.265322	-0.00767509	0.277812
2012-08-28 00:00:00	0	-1.76346	2.62813	0	-0.123226	-0.000220142	0.000207429	0	0.0334342	0	0	0	0	0	-0.236033	-0.0773777	0.0851455	0	0	0	0	0	0	0.260396	-0.00786635	0.79913
2012-08-29 00:00:00	-11.4	4.49816	2.46636	0	1.26154	-0.00498074	0.00960795	0	0.0761454	0	0	0	0	0	1.12947	-0.0774032	0.0852325	0	0	0	0	0	0	0.253919	-0.00851782	-1.71045
2012-08-30 00:00:00	-0.4	-1.57755	2.16645	0	-0.189253	-0.00243618	0.00432404	0	0.147364	0	0	0	0	0	-0.115684	-0.0773921	0.0852949	0	0	0	0	0	0	0.253056	-0.0101286	0.284038
2012-08-31 00:00:00	-2	-0.328262	2.35494	0	-0.00197769	-0.00172977	0.00287304	0	0.0578491	0	0	0	0	0	-0.0278619	-0.0773345	0.0852408	0	0	0	0	0	0	0.253765	-0.00835407	0.309142
2012-09-01 00:00:00	-1	-0.91309	2.70917	0	-0.339892	-0.00172316	0.00194804	0	0.0404484	0	0	0	0	0	-0.120023	-0.0772645	0.0851679	0	0	0	0	0	0	0.252441	-0.00799815	0.629185
2012-09-02 00:00:00	0	-0.985565	2.66683	0	-0.846781	0	3.31129E-06	0	0.0273174	0	0	0	0	0	-0.171975	-0.0771137	0.084986	0	0	0	0	0	0	0.251585	-0.00765064	0.941633
2012-09-03 00:00:00	-1.6	-0.401703	2.60377	0	0.111725	0	0	0	0.0161139	0	0	0	0	0	-0.218766	-0.0770795	0.0849452	0	0	0	0	0	0	0.247734	-0.00724286	0.759501
2012-09-04 00:00:00	-0.2	-0.832438	2.33218	0	-0.139221	0	0	0	0.0262252	0	0	0	0	0	-0.262225	-0.0769349	0.0847911	0	0	0	0	0	0	0.246392	-0.00746841	1.1713
2012-09-05 00:00:00	0	-0.417002	2.10728	0	-0.375713	0	0	0	0.0126105	0	0	0	0	0	-0.551244	-0.0768566	0.0845083	0	0	0	0	0	0	0.241905	-0.00714298	1.01834
2012-09-06 00:00:00	-2	0.000485038	2.3242	0	0.092926	0	0	0	0.00228111	0	0	0	0	0	-0.204904	-0.0767909	0.0844244	0	0	0	0	0	0	0.238469	-0.00690947	0.454178
2012-09-07 00:00:00	-3.2	0.572661	2.53844	0	0.294603	0	0	0	0.00201858	0	0	0	0	0	0.0596752	-0.0767607	0.0843257	0	0	0	0	0	0	0.235064	-0.00686133	0.503161
2012-09-08 00:00:00	-0.2	-0.58023	2.34314	0	-0.282204	0	0	0	0.0204275	0	0	0	0	0	-0.468368	-0.0766491	0.083955	0	0	0	0	0	0	0.233491	-0.00738308	1.06618
2012-09-09 00:00:00	-3.2	0.563712	2.52413	0	0.0629174	0	0	0	0.012566	0	0	0	0	0	0.0646825	-0.0765346	0.0838019	0	0	0	0	0	0	0.231963	-0.007198	0.260041
2012-09-10 00:00:00	-10.8	4.22544	2.19978	0	1.27813	-0.00105785	0.000747907	0	0.0698759	0	0	0	0	0	1.12514	-0.0766047	0.0839232	0	0	0	0	0	0	0.229563	-0.00829992	-1.67335
2012-09-11 00:00:00	-0.6	-1.13256	1.85209	0	-0.078128	-0.00199017	0.00235154	0	0.111736	0	0	0	0	0	-0.132528	-0.0766101	0.0839756	0	0	0	0	0	0	0.229455	-0.00945487	0.248337
2012-09-12 00:00:00	-0.4	-1.35414	1.93504	0	-0.0580778	-0.00154583	0.00178886	0	0.0466669	0	0	0	0	0	-0.0625901	-0.0765368	0.0839331	0	0	0	0	0	0	0.22982	-0.00799793	0.336365
2012-09-13 00:00:00	-2.2	0.18662	1.98097	0	0.0275278	-0.00140836	0.00167947	0	0.0362772	0	0	0	0	0	0.0305227	-0.0764892	0.0838972	0	0	0	0	0	0	0.228892	-0.00762607	0.290866
2012-09-14 00:00:00	-1	-0.554	2.13478	0	-0.183216	-0.00204437	0.00209994	0	0.0474132	0	0	0	0	0	-0.0930613	-0.0764763	0.083884	0	0	0	0	0	0	0.22762	-0.00792813	0.579075
2012-09-15 00:00:00	0	-0.770881	2.10012	0	-0.622453	-0.000102991	0.00010769	0	0.0383568	0	0	0	0	0	-0.156615	-0.0765638	0.0839032	0	0	0	0	0	0	0.22659	-0.00772581	0.814733
2012-09-16 00:00:00	-0.4	-0.587759	1.90474	0	-0.204901	0	0	0	0.0188062	0	0	0	0	0	-0.383753	-0.0766079	0.0837183	0	0	0	0	0	0	0.223953	-0.00719054	0.571002
2012-09-17 00:00:00	-7.6	3.59451	1.7996	0	0.92684	0	3.46471E-06	0	0.0369758	0	0	0	0	0	0.613124	-0.0767222	0.0836413	0	0	0	0	0	0	0.221486	-0.00753253	-0.408077
2012-09-18 00:00:00	-0.4	-1.15611	1.68574	0	-0.0909962	-0.000608718	0.000989131	0	0.0895235	0	0	0	0	0	-0.0549116	-0.0767807	0.0835721	0	0	0	0	0	0	0.220311	-0.00889121	0.291838
2012-09-19 00:00:00	-1.8	0.178926	1.58589	0	-0.0155111	-0.000751839	0.0010349	0	0.0466652	0	0	0	0	0	-0.0524283	-0.0766924	0.083516	0	0	0	0	0	0	0.219921	-0.00793499	0.16263
2012-09-20 00:00:00	-30.2	3.68794	1.67724	0	3.3266	-0.257046	1.12232	0	3.64098	0	0	0	0	0	7.48457	-0.0771665	0.0841036	0	0	0	0	0	0	0.210978	-0.0317185	-9.33121
2012-09-21 00:00:00	-0.4	-0.971716	1.47475	0	-1.51694	-0.0751637	0.0917764	0	1.40912	0	0	0	0	0	-1.00503	-0.0774876	0.0847596	0	0	0	0	0	0	0.234367	-0.0210996	-0.772668
2012-09-22 00:00:00	-0.2	-1.28297	1.65558	0	-0.0451656	-0.0305115	0.0273413	0	0.226772	0	0	0	0	0	-0.545658	-0.0772904	0.0848337	0	0	0	0	0	0	0.257588	-0.0106819	0.0598374
2012-09-23 00:00:00	-0.2	-0.694433	1.52378	0	-0.417999	-0.0145451	0.00982299	0	0.175043	0	0	0	0	0	-0.386092	-0.0771443	0.0848344	0	0	0	0	0	0	0.265868	-0.00972137	0.259415
2012-09-24 00:00:00	-13.8	2.96478	1.43193	0	1.80588	-0.19449	0.486299	0	1.92493	0	0	0	0	0	2.83482	-0.0772792	0.0849825	0	0	0	0	0	0	0.265151	-0.020656	-2.29365
2012-09-25 00:00:00	-37.8	-0.022371	1.65688	0	2.36859	-1.60633	2.51729	0	15.1088	0	0	0	0	0	10.1101	-0.0781812	0.0859434	0	0	0	0	0	0	0.257257	-0.058144	-7.46017
2012-09-26 00:00:00	-28.6	0.0199248	1.66483	0	0.455985	-2.23714	2.75768	0	17.2403	0	0	0	0	0	5.46725	-0.0788293	0.0865702	0	0	0	0	0	0	0.285056	-0.0592532	-2.99765
2012-09-27 00:00:00	-0.8	-0.752345	1.61916	0	-2.51056	-0.638287	0.443456	0	4.76882	0	0	0	0	0	-3.2076	-0.0790899	0.0865717	0	0	0	0	0	0	0.33144	-0.0308757	-0.769301
2012-09-28 00:00:00	-3.6	0.7321	1.60079	0	0.0779989	-0.330092	0.308144	0	2.19229	0	0	0	0	0	-1.43103	-0.0790566	0.0864934	0	0	0	0	0	0	0.348687	-0.0206922	-0.114368
2012-09-29 00:00:00	-0.6	-0.890359	1.5811	0	-0.274288	-0.205981	0.155529	0	1.4723	0	0	0	0	0	-1.35765	-0.0790074	0.086594	0	0	0	0	0	0	0.355068	-0.017637	0.225668
2012-09-30 00:00:00	-12.8	0.879038	1.68383	0	1.20362	-0.723358	0.971577	0	5.31431	0	0	0	0	0	2.25438	-0.0791122	0.0867522	0	0	0	0	0	0	0.345768	-0.0303893	-0.893589
2012-10-01 00:00:00	-1.2	-0.355703	1.56794	0	-1.0356	-0.316655	0.224786	0	2.53214	0	0	0	0	0	-1.31796	-0.0792599	0.0867347	0	0	0	0	0	0	0.354511	-0.0229827	0.437941
2012-10-02 00:00:00	-4.4	0.380684	1.44574	0	0.211691	-0.261853	0.299239	0	1.8463	0	0	0	0	0	0.0349092	-0.0792314	0.0868362	0	0	0	0	0	0	0.359068	-0.0181799	-0.0948017
2012-10-03 00:00:00	-5.8	-0.00994922	1.25348	0	0.159233	-0.393526	0.481233	0	2.98547	0	0	0	0	0	0.716782	-0.0792405	0.0868353	0	0	0	0	0	0	0.355447	-0.024227	-0.268457
2012-10-04 00:00:00	-1.2	-0.0432651	1.21037	0	-0.788997	-0.166027	0.116953	0	1.40507	0	0	0	0	0	-0.739278	-0.0793142	0.0868548	0	0	0	0	0	0	0.36193	-0.0178658	0.146422
2012-10-05 00:00:00	-2.8	0.0621226	1.22314	0	0.245794	-0.1337	0.155552	0	0.942195	0	0	0	0	0	0.015178	-0.0792762	0.0869075	0	0	0	0	0	0	0.365283	-0.0137716	0.0694282
2012-10-06 00:00:00	0	-1.13728	1.26556	0	-0.577478	-0.0593136	0.0381331	0	0.619411	0	0	0	0	0	-0.38838	-0.0792481	0.0869294	0	0	0	0	0	0	0.366834	-0.0130995	0.122066
2012-10-07 00:00:00	-0.2	-0.999871	1.33405	0	-0.348043	-0.0263887	0.0155406	0	0.265157	0	0	0	0	0	-0.244755	-0.0792101	0.0869525	0	0	0	0	0	0	0.368832	-0.0104027	0.161861
2012-10-08 00:00:00	-0.2	-0.675347	1.26362	0	-0.431886	-0.0124468	0.0071131	0	0.136539	0	0	0	0	0	-0.163135	-0.0791687	0.086969	0	0	0	0	0	0	0.368206	-0.00945068	0.291015
2012-10-09 00:00:00	0	-0.407592	1.10727	0	-0.494893	-0.00787521	0.00428323	0	0.0798595	0	0	0	0	0	-0.136381	-0.0791346	0.0869728	0	0	0	0	0	0	0.368002	-0.00908506	0.511426
2012-10-10 00:00:00	-0.2	-0.407595	1.31956	0	-0.525228	-0.00199226	0.000885553	0	0.0674718	0	0	0	0	0	-0.108583	-0.0790911	0.0869411	0	0	0	0	0	0	0.367359	-0.00889753	0.510829
2012-10-11 00:00:00	-19.2	3.61218	1.25869	0	3.8931	-0.527046	0.869244	0	4.15995	0	0	0	0	0	4.25712	-0.0791736	0.0870036	0	0	0	0	0	0	0.35614	-0.0246947	-1.33748
2012-10-12 00:00:00	-23.2	0.00490884	1.07103	0	0.690887	-1.86457	2.29614	0	13.8108	0	0	0	0	0	5.8522	-0.0796928	0.0871313	0	0	0	0	0	0	0.336842	-0.0512798	-1.04565
2012-10-13 00:00:00	-1.4	-0.00432812	1.0873	0	-1.94251	-0.552482	0.393651	0	4.18014	0	0	0	0	0	-1.76137	-0.0797704	0.0875416	0	0	0	0	0	0	0.361525	-0.0284111	0.341287
2012-10-14 00:00:00	-5.2	0.017461	1.04282	0	0.641071	-0.46189	0.52507	0	3.05106	0	0	0	0	0	0.162174	-0.0797216	0.0879216	0	0	0	0	0	0	0.367961	-0.0237547	0.130171
2012-10-15 00:00:00	-0.2	-0.578581	0.823804	0	-0.913426	-0.205967	0.143443	0	1.60179	0	0	0	0	0	-1.03854	-0.079706	0.0880221	0	0	0	0	0	0	0.374064	-0.0184883	-0.00358029
2012-10-16 00:00:00	-14.4	0.569582	0.878513	0	1.58699	-1.00013	1.28755	0	6.83608	0	0	0	0	0	3.28816	-0.0798714	0.088144	0	0	0	0	0	0	0.362617	-0.0336415	-0.616019
2012-10-17 00:00:00	-24.4	0.00138226	0.869135	0	1.04349	-2.22295	2.6038	0	15.3046	0	0	0	0	0	5.7593	-0.0799623	0.0885368	0	0	0	0	0	0	0.354986	-0.0533965	-0.731064
2012-10-18 00:00:00	-5.2	1.44869E-07	0.909438	0	-1.52333	-0.992959	0.868646	0	6.74094	0	0	0	0	0	-0.901273	-0.0800888	0.0893494	0	0	0	0	0	0	0.377303	-0.0363739	0.251657
2012-10-19 00:00:00	-1.2	-0.014807	1.04977	0	-0.85262	-0.339288	0.250986	0	2.34027	0	0	0	0	0	-1.48899	-0.0800448	0.0895842	0	0	0	0	0	0	0.39446	-0.0222906	0.127028
2012-10-20 00:00:00	-1.4	0.015162	0.933482	0	-0.0623724	-0.182131	0.156693	0	1.16415	0	0	0	0	0	-0.933374	-0.0800385	0.089614	0	0	0	0	0	0	0.400736	-0.0158053	0.0861144
2012-10-21 00:00:00	0	-1.05253	1.16988	0	-0.45454	-0.113842	0.0774057	0	0.867019	0	0	0	0	0	-0.653426	-0.0802062	0.0895996	0	0	0	0	0	0	0.402537	-0.0141509	0.237746
2012-10-22 00:00:00	-0.6	-0.16707	0.783112	0	-0.176777	-0.0679577	0.0468291	0	0.49002	0	0	0	0	0	-0.517419	-0.0801964	0.0896249	0	0	0	0	0	0	0.403991	-0.0121177	0.19204
2012-10-23 00:00:00	-0.8	-0.0782813	0.88001	0	-0.212178	-0.0452068	0.0324252	0	0.378464	0	0	0	0	0	-0.298013	-0.0801785	0.0896261	0	0	0	0	0	0	0.404622	-0.0115186	0.259772
2012-10-24 00:00:00	-0.4	-0.381115	0.828836	0	-0.215829	-0.0235713	0.0159989	0	0.241023	0	0	0	0	0	-0.181664	-0.0801496	0.0896296	0	0	0	0	0	0	0.404622	-0.0106582	0.287123
2012-10-25 00:00:00	-0.416364	-0.336176	0.791939	0	-0.135462	-0.0190313	0.0142727	0	0.179744	0	0	0	0	0	-0.115082	-0.0801279	0.089646	0	0	0	0	0	0	0.403412	-0.0101137	0.366658
2012-10-26 00:00:00	-0.227273	-0.382807	0.65291	0	-0.175735	-0.0127493	0.010981	0	0.144031	0	0	0	0	0	-0.0625921	-0.0801261	0.0896676	0	0	0	0	0	0	0.402975	-0.00982113	0.349461
2012-10-27 00:00:00	-6.37818	2.34788	0.643091	0	1.12007	-0.100196	0.195163	0	0.612945	0	0	0	0	0	0.941311	-0.0801197	0.0897975	0	0	0	0	0	0	0.400031	-0.0126234	-0.220837
2012-10-28 00:00:00	-6.37273	-0.00992944	0.822118	0	0.570402	-0.33115	0.448747	0	2.8897	0	0	0	0	0	1.34693	-0.080184	0.0899512	0	0	0	0	0	0	0.391078	-0.0246194	-0.259678
2012-10-29 00:00:00	-0.2	-0.437962	0.668764	0	-1.02435	-0.0990377	0.0634432	0	1.13398	0	0	0	0	0	-0.41362	-0.0802666	0.0899361	0	0	0	0	0	0	0.397552	-0.0170225	0.0814201
2012-10-30 00:00:00	-1.58909	0.419584	0.717023	0	0.0989827	-0.0558239	0.0535659	0	0.364435	0	0	0	0	0	-0.146895	-0.0802525	0.0899386	0	0	0	0	0	0	0.400876	-0.0113097	0.261033
2012-10-31 00:00:00	-16.4964	-0.0102655	0.705576	0	2.24492	-1.06406	1.40307	0	7.51849	0	0	0	0	0	4.39734	-0.0804112	0.0900339	0	0	0	0	0	0	0.380562	-0.0355544	-0.94666
2012-11-01 00:00:00	-4.57818	-0.0180745	0.581715	0	-1.06736	-0.634138	0.576553	0	4.51997	0	0	0	0	0	0.00498223	-0.0804881	0.0901918	0	0	0	0	0	0	0.389949	-0.0300997	-0.24498
2012-11-02 00:00:00	-2.98909	0.000850834	0.6049	0	-0.141556	-0.383213	0.365943	0	2.57633	0	0	0	0	0	-0.179459	-0.0805646	0.0901966	0	0	0	0	0	0	0.396577	-0.022749	0.238168
2012-11-03 00:00:00	-1.00545	-0.0129579	0.510904	0	-0.642363	-0.175626	0.139293	0	1.38382	0	0	0	0	0	-0.539735	-0.0805646	0.0902143	0	0	0	0	0	0	0.401555	-0.0174927	0.0515905
2012-11-04 00:00:00	-0.2	-0.301585	0.515125	0	-0.321214	-0.0814061	0.0564627	0	0.625775	0	0	0	0	0	-0.507747	-0.0805509	0.0905571	0	0	0	0	0	0	0.404736	-0.0130271	0.187127
2012-11-05 00:00:00	-0.2	-0.278157	0.514651	0	-0.283642	-0.0322131	0.0203218	0	0.310898	0	0	0	0	0	-0.264792	-0.080558	0.090574	0	0	0	0	0	0	0.405483	-0.0111784	0.191388
2012-11-06 00:00:00	-2.60545	0.566109	0.653927	0	0.403369	-0.0776851	0.106782	0	0.484264	0	0	0	0	0	0.253458	-0.0805796	0.0905997	0	0	0	0	0	0	0.402619	-0.0116173	0.185791
2012-11-07 00:00:00	-3.59455	-0.0171278	0.621627	0	0.352006	-0.1826	0.24556	0	1.41801	0	0	0	0	0	0.644422	-0.0806031	0.0906456	0	0	0	0	0	0	0.397295	-0.0172381	-0.122549
2012-11-08 00:00:00	0	-0.587297	0.642291	0	-0.664197	-0.0674107	0.044119	0	0.72508	0	0	0	0	0	-0.297852	-0.0805931	0.090653	0	0	0	0	0	0	0.399824	-0.0143771	0.19024
2012-11-09 00:00:00	-3.4	0.571071	0.632829	0	0.547257	-0.112343	0.159112	0	0.763228	0	0	0	0	0	0.473402	-0.0805998	0.090677	0	0	0	0	0	0	0.399257	-0.0130227	0.0308686
2012-11-10 00:00:00	-0.4	-0.117683	0.5182	0	-0.595329	-0.0555327	0.0393733	0	0.641343	0	0	0	0	0	-0.251636	-0.0805996	0.0906869	0	0	0	0	0	0	0.398207	-0.0139028	0.173127
2012-11-11 00:00:00	-3.4	0.108469	0.476947	0	0.707401	-0.145327	0.211024	0	0.988398	0	0	0	0	0	0.729985	-0.0806183	0.0907127	0	0	0	0	0	0	0.3958	-0.0140865	0.0687054
2012-11-12 00:00:00	-2.4	-0.0148592	0.642698	0	-0.142962	-0.153184	0.176679	0	1.25669	0	0	0	0	0	0.225562	-0.080655	0.0907159	0	0	0	0	0	0	0.390475	-0.0164735	-0.0253188
2012-11-13 00:00:00	-9.4	-0.00104514	0.65896	0	1.32273	-0.617585	0.816212	0	4.30658	0	0	0	0	0	2.27127	-0.080719	0.0906858	0	0	0	0	0	0	0.37943	-0.0277302	-0.28121
2012-11-14 00:00:00	-15.2	-0.00826917	0.59644	0	1.30625	-1.34469	1.60122	0	8.71472	0	0	0	0	0	3.59065	-0.0808793	0.09058	0	0	0	0	0	0	0.371147	-0.040876	-0.40371
2012-11-15 00:00:00	-0.6	-0.0187606	0.535148	0	-2.3949	-0.511669	0.339914	0	3.5235	0	0	0	0	0	-1.41728	-0.0809479	0.0905958	0	0	0	0	0	0	0.3907	-0.0252585	-0.168949
2012-11-16 00:00:00	0	-0.48357	0.524344	0	0.0197356	-0.0744881	0.0414106	0	0.708426	0	0	0	0	0	-0.652148	-0.0811557	0.0905919	0	0	0	0	0	0	0.402316	-0.0132064	0.482256
2012-11-17 00:00:00	-4	0.472103	0.467829	0	0.216727	-0.283248	0.338623	0	1.68457	0	0	0	0	0	0.383051	-0.081167	0.0906022	0	0	0	0	0	0	0.398605	-0.0175352	-0.329837
2012-11-18 00:00:00	-0.4	-0.0521638	0.433627	0	-0.676527	-0.111409	0.0804114	0	0.988985	0	0	0	0	0	-0.41855	-0.0811747	0.0906583	0	0	0	0	0	0	0.400796	-0.0158622	0.23879
2012-11-19 00:00:00	-2.4	0.0394925	0.513412	0	0.31263	-0.143031	0.172028	0	0.993996	0	0	0	0	0	0.160127	-0.0811838	0.0906958	0	0	0	0	0	0	0.400552	-0.0143902	0.0443286
2012-11-20 00:00:00	-0.2	-0.331928	0.549038	0	-0.570353	-0.0598996	0.0412749	0	0.623962	0	0	0	0	0	-0.342305	-0.0812519	0.0906997	0	0	0	0	0	0	0.400989	-0.0135119	0.106713
2012-11-21 00:00:00	0	-0.389004	0.443566	0	-0.235772	-0.0262157	0.0167615	0	0.237947	0	0	0	0	0	-0.168225	-0.0814069	0.090696	0	0	0	0	0	0	0.402112	-0.0105636	0.279894
2012-11-22 00:00:00	-22.8	0.695585	0.471138	0	3.61021	-1.56662	2.06445	0	10.2298	0	0	0	0	0	6.20985	-0.0815237	0.0907981	0	0	0	0	0	0	0.37659	-0.0406404	-0.740331
2012-11-23 00:00:00	-1.8	-0.0191864	0.427205	0	-2.38398	-0.64837	0.474893	0	4.42973	0	0	0	0	0	-1.13626	-0.0815761	0.0911636	0	0	0	0	0	0	0.394106	-0.028728	-0.281006
2012-11-24 00:00:00	-0.6	-0.00374789	0.324255	0	-0.300239	-0.215767	0.164031	0	1.46652	0	0	0	0	0	-0.762598	-0.0815609	0.0912067	0	0	0	0	0	0	0.405819	-0.0178678	0.470053
2012-11-25 00:00:00	-10	-0.017911	0.382739	0	1.10216	-0.774065	0.984059	0	5.04077	0	0	0	0	0	2.19975	-0.0816096	0.0912739	0	0	0	0	0	0	0.39627	-0.0297046	-0.706266
2012-11-26 00:00:00	-10.2	0.00559434	0.269274	0	0.559989	-1.14797	1.25964	0	7.44129	0	0	0	0	0	1.87145	-0.0816849	0.0914367	0	0	0	0	0	0	0.393212	-0.0375016	0.424726
2012-11-27 00:00:00	-0.2	-0.224892	0.4194	0	-1.62703	-0.365227	0.234876	0	2.60868	0	0	0	0	0	-1.19031	-0.0816838	0.0915803	0	0	0	0	0	0	0.410657	-0.0232145	0.052832
2012-11-28 00:00:00	-0.2	-0.189368	0.414626	0	-0.265083	-0.11677	0.0769958	0	0.85541	0	0	0	0	0	-0.776185	-0.0817055	0.0916053	0	0	0	0	0	0	0.420687	-0.0143599	0.215853
2012-11-29 00:00:00	0	-0.356429	0.406794	0	-0.438678	-0.0700712	0.0468741	0	0.522539	0	0	0	0	0	-0.466395	-0.0817393	0.0916371	0	0	0	0	0	0	0.421428	-0.0122191	0.0637401
2012-11-30 00:00:00	-0.194545	-0.0823088	0.288537	0	-0.151745	-0.0463721	0.0323311	0	0.341776	0	0	0	0	0	-0.287725	-0.0817373	0.0916509	0	0	0	0	0	0	0.420408	-0.0112902	0.318979
2012-12-01 00:00:00	-1.18364	0.783818	0.221163	0	-0.0693572	-0.0312258	0.0270732	0	0.273203	0	0	0	0	0	-0.166492	-0.0817183	0.0916556	0	0	0	0	0	0	0.418096	-0.0110997	0.27148
2012-12-02 00:00:00	-1.4	0.0160878	0.18922	0	0.221988	-0.0614373	0.0876294	0	0.480436	0	0	0	0	0	0.234366	-0.0817171	0.0916636	0	0	0	0	0	0	0.415145	-0.0120023	0.18138
2012-12-03 00:00:00	-4.93455	-0.00915649	0.323209	0	0.893445	-0.242554	0.333814	0	1.88505	0	0	0	0	0	1.12782	-0.0817745	0.0917139	0	0	0	0	0	0	0.408141	-0.0193479	-0.224192
2012-12-04 00:00:00	-0.194545	-0.0651503	0.254814	0	-0.864064	-0.0926468	0.0597945	0	1.00071	0	0	0	0	0	-0.363038	-0.0817951	0.091681	0	0	0	0	0	0	0.411679	-0.0161406	0.141295
2012-12-05 00:00:00	-0.783636	0.0408126	0.194839	0	-0.0260664	-0.0505616	0.0491293	0	0.41531	0	0	0	0	0	-0.0339086	-0.0817678	0.0917165	0	0	0	0	0	0	0.41334	-0.0117261	0.217481
2012-12-06 00:00:00	-8.97091	-0.00129213	0.251067	0	1.69051	-0.511274	0.659047	0	3.90002	0	0	0	0	0	2.31249	-0.0818278	0.0917144	0	0	0	0	0	0	0.399457	-0.0257581	-0.286743
2012-12-07 00:00:00	-1.77818	-0.0160815	0.28091	0	-1.0333	-0.2928	0.231487	0	2.28571	0	0	0	0	0	-0.212586	-0.081861	0.09168	0	0	0	0	0	0	0.404336	-0.0217787	-0.142466
2012-12-08 00:00:00	-1.2	-0.00345468	0.319106	0	-0.201008	-0.146919	0.126936	0	1.12247	0	0	0	0	0	-0.21789	-0.0818681	0.0916976	0	0	0	0	0	0	0.408912	-0.0156797	0.202304
2012-12-09 00:00:00	-0.654546	-0.00944402	0.313793	0	-0.284663	-0.0757883	0.075266	0	0.589987	0	0	0	0	0	-0.227969	-0.0818713	0.0917291	0	0	0	0	0	0	0.410319	-0.0125989	0.134213
2012-12-10 00:00:00	0	-0.228025	0.233032	0	-0.34684	-0.0327052	0.0235221	0	0.344297	0	0	0	0	0	-0.231453	-0.0818691	0.0917454	0	0	0	0	0	0	0.40726	-0.0115335	0.167431
2012-12-11 00:00:00	-0.2	0.0321229	0.167859	0	-0.221356	-0.0163707	0.0118711	0	0.20483	0	0	0	0	0	-0.0976466	-0.0818515	0.0917441	0	0	0	0	0	0	0.403358	-0.0105065	0.284055
2012-12-12 00:00:00	0	-0.199593	0.222384	0	-0.180405	-0.0153408	0.0106971	0	0.162396	0	0	0	0	0	-0.0635258	-0.0818337	0.0917537	0	0	0	0	0	0	0.398588	-0.0100603	0.33506
2012-12-13 00:00:00	0	-0.207339	0.237017	0	-0.172607	-0.0101226	0.0069842	0	0.147106	0	0	0	0	0	-0.0367738	-0.0818066	0.0917424	0	0	0	0	0	0	0.395737	-0.00989704	0.360041
2012-12-14 00:00:00	-14.9418	0.558533	0.273226	0	2.86541	-0.776942	1.16558	0	5.40443	0	0	0	0	0	3.96799	-0.0819154	0.0918318	0	0	0	0	0	0	0.379532	-0.0301256	-1.12427
2012-12-15 00:00:00	-3.2	-0.0178377	0.313731	0	-1.1712	-0.508109	0.471221	0	3.59473	0	0	0	0	0	-0.056817	-0.0819942	0.0918175	0	0	0	0	0	0	0.385731	-0.0272203	-0.20595
2012-12-16 00:00:00	-0.2	-0.105474	0.306114	0	-0.576267	-0.176648	0.124715	0	1.24466	0	0	0	0	0	-0.676776	-0.0820611	0.091829	0	0	0	0	0	0	0.395012	-0.0167538	0.328349
2012-12-17 00:00:00	-0.2	-0.0863279	0.287146	0	-0.301083	-0.0637611	0.044863	0	0.501808	0	0	0	0	0	-0.407081	-0.0820098	0.0920746	0	0	0	0	0	0	0.398542	-0.0122475	0.171923
2012-12-18 00:00:00	-2.4	0.176219	0.296482	0	0.505884	-0.124293	0.166695	0	0.793773	0	0	0	0	0	0.310057	-0.0820144	0.0921098	0	0	0	0	0	0	0.396349	-0.0130873	0.118174
2012-12-19 00:00:00	-4.4	-0.00926073	0.235911	0	0.469367	-0.307075	0.40005	0	2.24464	0	0	0	0	0	0.872045	-0.0820346	0.0921064	0	0	0	0	0	0	0.389694	-0.021059	-0.115613
2012-12-20 00:00:00	-21.8	-0.00967874	0.226401	0	2.00593	-1.90137	2.31632	0	12.2032	0	0	0	0	0	5.71113	-0.0821473	0.0921929	0	0	0	0	0	0	0.370307	-0.0463689	-0.914126
2012-12-21 00:00:00	-2.8	-0.00881918	0.192478	0	-1.78132	-0.796329	0.641115	0	5.25428	0	0	0	0	0	-0.992925	-0.0822001	0.0922563	0	0	0	0	0	0	0.392692	-0.0319108	0.07931
2012-12-22 00:00:00	-14.4	-0.0075558	0.314075	0	1.52642	-1.386	1.62857	0	8.83252	0	0	0	0	0	2.93984	-0.0822699	0.0922814	0	0	0	0	0	0	0.389956	-0.0401285	-0.192289
2012-12-23 00:00:00	-14.8	-0.0135426	0.339497	0	-0.268875	-1.68869	1.82654	0	11.1156	0	0	0	0	0	2.40501	-0.0824803	0.0923342	0	0	0	0	0	0	0.392331	-0.0460891	-0.728335
2012-12-24 00:00:00	-4.8	-0.00538798	0.308062	0	-0.880731	-0.942593	0.869163	0	6.14951	0	0	0	0	0	-0.619845	-0.082757	0.092458	0	0	0	0	0	0	0.411312	-0.0348389	0.464354
2012-12-25 00:00:00	-0.4	-0.00969267	0.279374	0	-0.894523	-0.321896	0.232897	0	2.21339	0	0	0	0	0	-1.39301	-0.0829772	0.0924346	0	0	0	0	0	0	0.426346	-0.0220567	0.120281
2012-12-26 00:00:00	-5.8	-0.00545544	0.284711	0	1.04095	-0.545206	0.64973	0	3.43965	0	0	0	0	0	0.624851	-0.0829751	0.0925198	0	0	0	0	0	0	0.423069	-0.025145	0.0967022
2012-12-27 00:00:00	-7.6	-0.0115458	0.235602	0	0.0412352	-0.812511	0.907864	0	5.47843	0	0	0	0	0	1.06109	-0.0830475	0.0926743	0	0	0	0	0	0	0.418099	-0.032588	-0.304701
2012-12-28 00:00:00	-1	-0.0103281	0.330955	0	-0.983196	-0.34935	0.265717	0	2.45311	0	0	0	0	0	-0.899427	-0.0830382	0.0928773	0	0	0	0	0	0	0.428755	-0.0229755	0.223097
2012-12-29 00:00:00	-4	-0.00534464	0.314708	0	0.41728	-0.393301	0.445906	0	2.60675	0	0	0	0	0	0.304817	-0.0830597	0.0929126	0	0	0	0	0	0	0.430034	-0.0224639	0.108238
2012-12-30 00:00:00	-5.6	-0.00582729	0.285268	0	0.378337	-0.56274	0.63727	0	3.79185	0	0	0	0	0	0.677691	-0.0830934	0.0929406	0	0	0	0	0	0	0.426328	-0.0274621	0.0105572
2012-12-31 00:00:00	-6.6	-0.0115991	0.347974	0	0.0926021	-0.692234	0.772159	0	4.59008	0	0	0	0	0	1.01321	-0.0831838	0.0929999	0	0	0	0	0	0	0.424793	-0.0299131	-0.0831074
2013-01-01 00:00:00	-0.6	-0.00713636	0.325186	0	-0.95784	-0.250352	0.175756	0	1.84961	0	0	0	0	0	-0.827344	-0.0832151	0.0931627	0	0	0	0	0	0	0.434273	-0.0201971	0.131905
2013-01-02 00:00:00	-5.6	-0.0100233	0.270913	0	0.675712	-0.471241	0.572442	0	3.14022	0	0	0	0	0	0.907039	-0.0832431	0.0932017	0	0	0	0	0	0	0.430742	-0.0237327	-0.097972
2013-01-03 00:00:00	-0.8	-0.00849653	0.291099	0	-0.825953	-0.22113	0.168895	0	1.672	0	0	0	0	0	-0.526398	-0.0832723	0.0932124	0	0	0	0	0	0	0.43478	-0.0195225	0.175212
2013-01-04 00:00:00	0	-0.296479	0.312862	0	-0.384402	-0.0708668	0.0462111	0	0.599367	0	0	0	0	0	-0.47225	-0.0833853	0.0932186	0	0	0	0	0	0	0.438566	-0.0132413	0.1696
2013-01-05 00:00:00	-1.6	0.280652	0.297037	0	0.139149	-0.0833975	0.0982665	0	0.576077	0	0	0	0	0	0.0181284	-0.0833963	0.0932511	0	0	0	0	0	0	0.438142	-0.012153	0.161757
2013-01-06 00:00:00	-0.2	-0.102386	0.302624	0	-0.440598	-0.0465559	0.0338454	0	0.524273	0	0	0	0	0	-0.229385	-0.0834051	0.0932709	0	0	0	0	0	0	0.435971	-0.0130666	0.274588
2013-01-07 00:00:00	-7.2	0.0848951	0.318969	0	1.47157	-0.39266	0.566186	0	2.76862	0	0	0	0	0	1.68134	-0.0834335	0.0932832	0	0	0	0	0	0	0.426763	-0.021942	-0.286409
2013-01-08 00:00:00	-2.8	-0.0127533	0.372923	0	-0.481914	-0.316385	0.32061	0	2.36945	0	0	0	0	0	0.13933	-0.0834664	0.0932334	0	0	0	0	0	0	0.427229	-0.0226765	0.00557587
2013-01-09 00:00:00	0	-0.338019	0.36155	0	-0.688816	-0.103769	0.0656485	0	0.910171	0	0	0	0	0	-0.420318	-0.083477	0.093236	0	0	0	0	0	0	0.432557	-0.0154552	0.213308
2013-01-10 00:00:00	-0.6	0.221919	0.372663	0	-0.245255	-0.0430158	0.0294459	0	0.361806	0	0	0	0	0	-0.246044	-0.0834796	0.0932586	0	0	0	0	0	0	0.434055	-0.011691	0.283662
2013-01-11 00:00:00	-0.2	-0.193053	0.394646	0	-0.285356	-0.0200291	0.0147505	0	0.254317	0	0	0	0	0	-0.184171	-0.0834759	0.0932675	0	0	0	0	0	0	0.432858	-0.0110479	0.212706
2013-01-12 00:00:00	0	-0.310148	0.356331	0	-0.308475	-0.0070247	0.00393707	0	0.171298	0	0	0	0	0	-0.0596068	-0.0834297	0.0932723	0	0	0	0	0	0	0.431794	-0.0102985	0.277651
2013-01-13 00:00:00	-0.6	0.321888	0.258091	0	-0.0246486	-0.017751	0.0146027	0	0.128522	0	0	0	0	0	-0.0237353	-0.0834355	0.0932843	0	0	0	0	0	0	0.426994	-0.00977702	0.484034
2013-01-14 00:00:00	-1.8	0.252054	0.271756	0	0.356004	-0.0362684	0.07824	0	0.292443	0	0	0	0	0	0.284998	-0.0834167	0.0932686	0	0	0	0	0	0	0.421987	-0.0108718	0.120194
2013-01-15 00:00:00	0	-0.221657	0.227258	0	-0.306869	-0.0176735	0.0155972	0	0.309474	0	0	0	0	0	-0.0684481	-0.0833979	0.0932483	0	0	0	0	0	0	0.416064	-0.0116727	0.351922
2013-01-16 00:00:00	0	-0.19674	0.226525	0	-0.170619	-0.0093786	0.00713706	0	0.139795	0	0	0	0	0	0.0215618	-0.0833697	0.0932072	0	0	0	0	0	0	0.414403	-0.0100108	0.432512
2013-01-17 00:00:00	0	-0.303371	0.349389	0	-0.114061	-0.00620428	0.00441196	0	0.102232	0	0	0	0	0	0.0123671	-0.0833335	0.0931549	0	0	0	0	0	0	0.410746	-0.00955743	0.455773
2013-01-18 00:00:00	0	-0.36308	0.418246	0	-0.128312	-0.00459498	0.00317554	0	0.0916814	0	0	0	0	0	-0.0308897	-0.0832905	0.0930948	0	0	0	0	0	0	0.407291	-0.00942512	0.393896
2013-01-19 00:00:00	-0.2	-0.140285	0.362072	0	-0.0342301	-0.00349057	0.00243448	0	0.0821726	0	0	0	0	0	-0.0341172	-0.0832257	0.09301	0	0	0	0	0	0	0.405307	-0.00922085	0.440427
2013-01-20 00:00:00	0	-0.319681	0.370242	0	-0.104811	-0.0049982	0.00395535	0	0.0679347	0	0	0	0	0	0.0684902	-0.0831963	0.0929803	0	0	0	0	0	0	0.399141	-0.00905615	0.481002
2013-01-21 00:00:00	-0.2	-0.0990241	0.4215	0	-0.12345	-0.00282829	0.00211362	0	0.0715673	0	0	0	0	0	0.0428044	-0.0831396	0.0929127	0	0	0	0	0	0	0.392422	-0.00915757	0.505721
2013-01-22 00:00:00	-0.2	-0.0970238	0.416001	0	-0.133168	-0.00238718	0.00168208	0	0.0717335	0	0	0	0	0	0.0312518	-0.083095	0.0928579	0	0	0	0	0	0	0.388059	-0.0092298	0.476682
2013-01-23 00:00:00	-0.2	-0.0771405	0.36734	0	-0.0486665	-0.00282091	0.0022998	0	0.0607717	0	0	0	0	0	0.0109592	-0.0830406	0.0927891	0	0	0	0	0	0	0.382714	-0.00904457	0.49616
2013-01-24 00:00:00	0	-0.157893	0.38148	0	-0.149422	-0.00200044	0.0014017	0	0.0643883	0	0	0	0	0	0.042924	-0.0829882	0.0927235	0	0	0	0	0	0	0.379669	-0.00909228	0.56119
2013-01-25 00:00:00	-0.2	-0.130305	0.494365	0	-0.124606	-0.00125591	0.00084541	0	0.0560946	0	0	0	0	0	0.0349499	-0.0829316	0.0926352	0	0	0	0	0	0	0.376853	-0.00894682	0.507698
2013-01-26 00:00:00	-19.6	2.01727	0.386044	0	3.61169	-0.574756	1.01247	0	4.96809	0	0	0	0	0	4.65157	-0.0831459	0.092982	0	0	0	0	0	0	0.362256	-0.0295934	-3.18512
2013-01-27 00:00:00	-4.4	-0.00578609	0.370106	0	-0.929755	-0.485662	0.501695	0	4.30252	0	0	0	0	0	0.0776489	-0.0833243	0.0932592	0	0	0	0	0	0	0.369569	-0.0303005	-0.22003
2013-01-28 00:00:00	-4.2	-0.00582528	0.313448	0	0.0395223	-0.399985	0.453066	0	2.93957	0	0	0	0	0	0.307647	-0.0833873	0.093227	0	0	0	0	0	0	0.377142	-0.0243631	-0.189936
2013-01-29 00:00:00	-1.6	-0.0131574	0.468171	0	-0.491379	-0.219811	0.202786	0	1.71815	0	0	0	0	0	-0.404738	-0.0834361	0.0931927	0	0	0	0	0	0	0.382959	-0.0194093	0.0333329
2013-01-30 00:00:00	-17.6	0.0042709	0.471021	0	2.07936	-1.37967	1.75374	0	9.13062	0	0	0	0	0	4.13452	-0.0835878	0.0931391	0	0	0	0	0	0	0.368137	-0.0395692	-1.06802
2013-01-31 00:00:00	-19.6	-0.00962248	0.491654	0	0.281387	-2.07633	2.29885	0	13.4305	0	0	0	0	0	3.57808	-0.0836837	0.0933058	0	0	0	0	0	0	0.370357	-0.0504842	-1.27596
2013-02-01 00:00:00	-2	0.000474946	0.477882	0	-1.27237	-0.750962	0.590022	0	4.79946	0	0	0	0	0	-1.58388	-0.0837601	0.0933468	0	0	0	0	0	0	0.400114	-0.0303695	0.639955
2013-02-02 00:00:00	0	-0.392942	0.428605	0	-0.943627	-0.265972	0.18711	0	1.93809	0	0	0	0	0	-1.33143	-0.0838792	0.0933295	0	0	0	0	0	0	0.413139	-0.0203083	0.0221158
2013-02-03 00:00:00	-3.2	0.381768	0.533889	0	0.460783	-0.259126	0.297152	0	1.69996	0	0	0	0	0	-0.19143	-0.0840218	0.0933269	0	0	0	0	0	0	0.414856	-0.017767	0.129387
2013-02-04 00:00:00	-8.6	-0.0086006	0.466567	0	0.713061	-0.762442	0.917747	0	5.13972	0	0	0	0	0	1.52563	-0.0840004	0.093518	0	0	0	0	0	0	0.404674	-0.0308164	-0.224941
2013-02-05 00:00:00	-9.4	-0.00395122	0.465028	0	0.398376	-0.99927	1.11486	0	6.56628	0	0	0	0	0	1.41673	-0.0841106	0.0935626	0	0	0	0	0	0	0.402072	-0.0353747	-0.0657985
2013-02-06 00:00:00	-1.6	-0.00510975	0.491495	0	-1.15725	-0.42532	0.333548	0	2.99667	0	0	0	0	0	-0.967219	-0.0841467	0.0936049	0	0	0	0	0	0	0.412954	-0.0250948	0.0641246
2013-02-07 00:00:00	0	-0.423169	0.465118	0	-0.60612	-0.141349	0.0948516	0	1.09637	0	0	0	0	0	-0.816452	-0.0841427	0.0936143	0	0	0	0	0	0	0.420827	-0.0158785	0.0836754
2013-02-08 00:00:00	-1.6	0.411465	0.525565	0	0.0245169	-0.0959091	0.0990593	0	0.658137	0	0	0	0	0	-0.228443	-0.0841311	0.0936554	0	0	0	0	0	0	0.422741	-0.0125057	0.214151
2013-02-09 00:00:00	-3.2	-0.00301107	0.521162	0	0.333377	-0.209296	0.265332	0	1.59402	0	0	0	0	0	0.3424	-0.0841316	0.0936937	0	0	0	0	0	0	0.417316	-0.0181673	0.0526919
2013-02-10 00:00:00	-2	-0.00736707	0.476897	0	-0.166664	-0.16882	0.184743	0	1.32424	0	0	0	0	0	0.00918061	-0.0841375	0.0936988	0	0	0	0	0	0	0.417766	-0.0171137	0.0624257
2013-02-11 00:00:00	-1.6	-0.00653852	0.530502	0	-0.189846	-0.122074	0.129638	0	1.01416	0	0	0	0	0	-0.0487656	-0.0841396	0.0937145	0	0	0	0	0	0	0.418743	-0.0150283	0.120368
2013-02-12 00:00:00	0	-0.400141	0.440067	0	-0.47449	-0.0459244	0.0302907	0	0.514644	0	0	0	0	0	-0.269401	-0.0841374	0.0937361	0	0	0	0	0	0	0.419994	-0.0127754	0.211862
2013-02-13 00:00:00	-9.6	0.391033	0.537571	0	1.81838	-0.559271	0.778685	0	3.75993	0	0	0	0	0	2.20764	-0.0841579	0.093744	0	0	0	0	0	0	0.408573	-0.0248606	-0.272733
2013-02-14 00:00:00	-0.6	-0.100418	0.677442	0	-1.415	-0.208713	0.13114	0	1.77654	0	0	0	0	0	-0.697708	-0.084181	0.0937283	0	0	0	0	0	0	0.414268	-0.0200462	-0.0329429
2013-02-15 00:00:00	0	-0.558173	0.640698	0	-0.290513	-0.0584719	0.03444	0	0.43107	0	0	0	0	0	-0.360242	-0.0841721	0.0937519	0	0	0	0	0	0	0.419942	-0.0116749	0.256656
2013-02-16 00:00:00	-0.4	-0.196085	0.629317	0	-0.293409	-0.0295575	0.0190671	0	0.297339	0	0	0	0	0	-0.21543	-0.0841606	0.0937768	0	0	0	0	0	0	0.419096	-0.0110082	0.228945
2013-02-17 00:00:00	0	-0.523934	0.66627	0	-0.323677	-0.0148927	0.00925878	0	0.21417	0	0	0	0	0	-0.131243	-0.0841457	0.0937913	0	0	0	0	0	0	0.417163	-0.010531	0.31223
2013-02-18 00:00:00	-0.2	-0.184149	0.616953	0	-0.244223	-0.00534198	0.0032554	0	0.109601	0	0	0	0	0	-0.0643508	-0.0840907	0.0938372	0	0	0	0	0	0	0.415815	-0.00973791	0.447569
2013-02-19 00:00:00	0	-0.271943	0.648402	0	-0.354557	-0.00519748	0.00259063	0	0.0865428	0	0	0	0	0	0.0249332	-0.0840776	0.0938301	0	0	0	0	0	0	0.412965	-0.00944042	0.544049
2013-02-20 00:00:00	0	-0.285984	0.680815	0	-0.320632	-0.0020378	0.000957775	0	0.0777929	0	0	0	0	0	-0.0472984	-0.0840361	0.0937678	0	0	0	0	0	0	0.410493	-0.00940494	0.514432
2013-02-21 00:00:00	0	-0.248219	0.594641	0	-0.218685	-0.00172701	0.000862045	0	0.0575132	0	0	0	0	0	-0.0423416	-0.0839915	0.0937055	0	0	0	0	0	0	0.407125	-0.00904736	0.549834
2013-02-22 00:00:00	0	-0.225234	0.537544	0	-0.191771	-0.00153585	0.00071291	0	0.0561457	0	0	0	0	0	-0.019912	-0.083942	0.0936502	0	0	0	0	0	0	0.400322	-0.00898435	0.556995
2013-02-23 00:00:00	0	-0.265384	0.631544	0	-0.174345	-0.00163464	0.000849337	0	0.0595207	0	0	0	0	0	0.00871301	-0.0838958	0.093591	0	0	0	0	0	0	0.394579	-0.00902026	0.654517
2013-02-24 00:00:00	-2.4	1.20554	0.659299	0	0.237357	-0.0049699	0.00409194	0	0.0703959	0	0	0	0	0	0.144429	-0.0838426	0.0935317	0	0	0	0	0	0	0.391613	-0.00917727	0.308268
2013-02-25 00:00:00	0	-0.59139	0.664846	0	-0.103681	-0.00348469	0.00275276	0	0.0892021	0	0	0	0	0	0.0321021	-0.0837888	0.0934937	0	0	0	0	0	0	0.389656	-0.00954921	0.480159
2013-02-26 00:00:00	-0.2	-0.419992	0.688295	0	-0.00411113	-0.00379005	0.00307253	0	0.0599904	0	0	0	0	0	0.0829047	-0.0837257	0.0934193	0	0	0	0	0	0	0.386968	-0.00893677	0.594094
2013-02-27 00:00:00	-0.2	-0.443128	1.0164	0	-0.209097	-0.00073571	0.000278265	0	0.0569491	0	0	0	0	0	0.00407979	-0.0836587	0.0933275	0	0	0	0	0	0	0.384328	-0.00891611	0.609831
2013-02-28 00:00:00	0	-0.405603	0.962125	0	-0.294432	-0.000569097	7.83668E-05	0	0.0442667	0	0	0	0	0	0.0716116	-0.0835949	0.0932114	0	0	0	0	0	0	0.380891	-0.00871213	0.759273
2013-03-01 00:00:00	0	-0.314466	0.74683	0	-0.0896007	-0.00073858	0.000271318	0	0.036336	0	0	0	0	0	-0.110817	-0.083525	0.092986	0	0	0	0	0	0	0.376818	-0.00853932	0.645554
2013-03-02 00:00:00	0	-0.44481	1.0324	0	-0.190931	-0.000562476	9.81935E-05	0	0.0403999	0	0	0	0	0	-0.0720987	-0.0834615	0.092679	0	0	0	0	0	0	0.371098	-0.00856809	0.736241
2013-03-03 00:00:00	0	-0.392477	0.900223	0	-0.059246	-0.000386431	4.24526E-06	0	0.0344041	0	0	0	0	0	-0.0568775	-0.083377	0.0924889	0	0	0	0	0	0	0.3656	-0.00842178	0.791935
2013-03-04 00:00:00	0	-0.346552	0.792824	0	-0.0618953	-0.000513347	6.19429E-05	0	0.0384924	0	0	0	0	0	-0.0644644	-0.0833178	0.0923978	0	0	0	0	0	0	0.355906	-0.00845065	0.714488
2013-03-05 00:00:00	0	-0.346247	0.791792	0	-0.133312	-0.000287049	0	0	0.0374222	0	0	0	0	0	-0.118993	-0.0832335	0.0922129	0	0	0	0	0	0	0.346819	-0.00844662	0.577728
2013-03-06 00:00:00	-0.4	-0.194251	0.804893	0	0.153013	-0.0011153	0.000572245	0	0.0287596	0	0	0	0	0	0.0307901	-0.0831744	0.0921041	0	0	0	0	0	0	0.340505	-0.00821891	0.763877
2013-03-07 00:00:00	-0.6	-0.190967	0.971541	0	-0.0782554	-0.000745306	0.000377871	0	0.0477321	0	0	0	0	0	-0.0589283	-0.0831086	0.092019	0	0	0	0	0	0	0.334966	-0.0085558	0.426076
2013-03-08 00:00:00	-0.6	-0.0893422	0.733707	0	0.0773325	-0.00200255	0.00144242	0	0.0475965	0	0	0	0	0	0.0257952	-0.0830567	0.0919651	0	0	0	0	0	0	0.326859	-0.00846951	0.521827
2013-03-09 00:00:00	-1.8	0.882828	0.784106	0	0.0777563	-0.00203478	0.00166573	0	0.0601903	0	0	0	0	0	0.0432935	-0.0829934	0.0919102	0	0	0	0	0	0	0.322196	-0.00870091	0.370218
2013-03-10 00:00:00	-0.4	-0.362362	0.806293	0	-0.00783259	-0.00197748	0.00154447	0	0.0661642	0	0	0	0	0	0.0239322	-0.0829342	0.0918463	0	0	0	0	0	0	0.319216	-0.00884611	0.445043
2013-03-11 00:00:00	-1.8	0.566974	0.589944	0	0.0965535	-0.00342014	0.00313841	0	0.0657166	0	0	0	0	0	0.241459	-0.082879	0.0918043	0	0	0	0	0	0	0.316462	-0.00875913	0.0769939
2013-03-12 00:00:00	-1.6	0.155931	1.00978	0	0.0846744	-0.00420972	0.00437343	0	0.0810132	0	0	0	0	0	0.175648	-0.0828222	0.0917845	0	0	0	0	0	0	0.313342	-0.00895518	0.220561
2013-03-13 00:00:00	-0.2	-0.546192	0.816671	0	-0.0455558	-0.00301667	0.00260361	0	0.0837444	0	0	0	0	0	-0.0674744	-0.0827619	0.0917305	0	0	0	0	0	0	0.310601	-0.00892801	0.351422
2013-03-14 00:00:00	-0.794545	-0.0400774	0.849526	0	0.0283525	-0.00305754	0.00263905	0	0.0619008	0	0	0	0	0	0.0159282	-0.0827	0.0916611	0	0	0	0	0	0	0.307921	-0.00853663	0.429012
2013-03-15 00:00:00	-2.17273	0.594898	1.00918	0	0.0537137	-0.00416065	0.0039461	0	0.0844893	0	0	0	0	0	0.260495	-0.0826408	0.0916113	0	0	0	0	0	0	0.306007	-0.00875058	0.136066
2013-03-16 00:00:00	-6.68727	1.98077	0.925537	0	1.18512	-0.0251935	0.0462588	0	0.333797	0	0	0	0	0	0.743083	-0.0827148	0.0916934	0	0	0	0	0	0	0.305036	-0.0101813	-1.19407
2013-03-17 00:00:00	-1.87091	0.222278	1.01059	0	0.008586	-0.0230066	0.0793431	0	0.304848	0	0	0	0	0	0.00225595	-0.0827643	0.0917353	0	0	0	0	0	0	0.306461	-0.0110822	0.0383322
2013-03-18 00:00:00	-5.48727	1.44357	1.0217	0	0.390793	-0.0785499	0.267155	0	0.69032	0	0	0	0	0	0.655706	-0.0827683	0.0917671	0	0	0	0	0	0	0.306444	-0.0137407	-0.794883
2013-03-19 00:00:00	-7.80545	0.801457	0.879411	0	0.837226	-0.162724	0.412312	0	1.69868	0	0	0	0	0	1.48775	-0.0828207	0.0919128	0	0	0	0	0	0	0.306227	-0.0199982	-1.55602
2013-03-20 00:00:00	-2.07091	-0.0142371	0.983162	0	-0.494057	-0.0867592	0.142107	0	1.07807	0	0	0	0	0	-0.078705	-0.0829143	0.0920127	0	0	0	0	0	0	0.312672	-0.0166337	-0.236186
2013-03-21 00:00:00	-0.0381818	-0.760861	0.884257	0	-0.229111	-0.0331474	0.0391949	0	0.380717	0	0	0	0	0	-0.254702	-0.0829008	0.0919644	0	0	0	0	0	0	0.318845	-0.0113233	0.304751
2013-03-22 00:00:00	-0.2	-0.388307	0.781041	0	-0.191193	-0.0131141	0.0132075	0	0.190059	0	0	0	0	0	-0.167445	-0.0828551	0.091899	0	0	0	0	0	0	0.320252	-0.0097523	0.343792
2013-03-23 00:00:00	-1.36182	0.610131	0.690106	0	0.0126064	-0.0116626	0.0104466	0	0.140456	0	0	0	0	0	-0.0495493	-0.0828039	0.0918363	0	0	0	0	0	0	0.319509	-0.00940009	0.359858
2013-03-24 00:00:00	-0.4	-0.40969	0.874066	0	-0.105228	-0.00913315	0.0070206	0	0.130631	0	0	0	0	0	-0.0550772	-0.0827546	0.0917739	0	0	0	0	0	0	0.318368	-0.00936602	0.350611
2013-03-25 00:00:00	-0.210909	-0.542293	0.917262	0	-0.172677	-0.00454851	0.00390241	0	0.0975014	0	0	0	0	0	-0.032065	-0.0826951	0.0917009	0	0	0	0	0	0	0.317404	-0.00892323	0.37366
2013-03-26 00:00:00	-0.4	-0.290739	1.0118	0	-0.196287	-0.00149732	0.00114993	0	0.0577049	0	0	0	0	0	-0.0567015	-0.0826467	0.0916301	0	0	0	0	0	0	0.315823	-0.00851281	0.441721
2013-03-27 00:00:00	-0.410909	-0.303794	1.04181	0	-0.262538	-0.000812389	0.000739576	0	0.0521346	0	0	0	0	0	0.00951418	-0.0825906	0.0915556	0	0	0	0	0	0	0.313964	-0.00842948	0.440643
2013-03-28 00:00:00	-0.989091	-0.0848064	1.1077	0	0.0435284	-0.00358602	0.00308051	0	0.0496606	0	0	0	0	0	0.0103867	-0.0825494	0.0915012	0	0	0	0	0	0	0.311916	-0.00834228	0.449398
2013-03-29 00:00:00	0	-0.508296	1.12263	0	-0.350845	-0.000441859	9.23168E-05	0	0.0540029	0	0	0	0	0	-0.0282699	-0.0824901	0.0914107	0	0	0	0	0	0	0.310549	-0.00851155	0.599835
2013-03-30 00:00:00	-0.583636	-0.211203	1.0059	0	-0.0694701	-0.00109367	0.000583442	0	0.044917	0	0	0	0	0	0.00364345	-0.0824399	0.0912996	0	0	0	0	0	0	0.308741	-0.00824493	0.498992
2013-03-31 00:00:00	0	-0.411426	0.955457	0	-0.288016	-0.000415073	0.000117333	0	0.0399169	0	0	0	0	0	-0.061707	-0.0823463	0.0911376	0	0	0	0	0	0	0.307293	-0.00816219	0.541849
2013-04-01 00:00:00	0	-0.489727	1.13303	0	-0.270968	-0.00032507	2.33069E-06	0	0.0346792	0	0	0	0	0	-0.00690103	-0.0823006	0.0910072	0	0	0	0	0	0	0.304477	-0.00800036	0.704977
2013-04-02 00:00:00	0	-0.483958	1.10365	0	-0.189101	-0.000264554	7.48885E-07	0	0.035932	0	0	0	0	0	-0.0826599	-0.0822658	0.0908973	0	0	0	0	0	0	0.301241	-0.0080191	0.685451
2013-04-03 00:00:00	-0.2	-0.451211	1.1849	0	-0.122107	-0.000224833	0	0	0.0309518	0	0	0	0	0	-0.126692	-0.0822139	0.0908015	0	0	0	0	0	0	0.298141	-0.00790574	0.614435
2013-04-04 00:00:00	-1.40545	0.0815073	1.32461	0	0.147195	-0.00128627	0.000737723	0	0.0281603	0	0	0	0	0	0.00533235	-0.0821877	0.0907167	0	0	0	0	0	0	0.295642	-0.00782814	0.477141
2013-04-05 00:00:00	-0.00545455	-0.649737	1.16432	0	-0.0872838	-0.000580388	0.000194434	0	0.0454268	0	0	0	0	0	-0.093483	-0.082145	0.0906134	0	0	0	0	0	0	0.29256	-0.0081747	0.666261
2013-04-06 00:00:00	0	-0.537019	1.51213	0	-0.211858	-0.000111929	0	0	0.0335793	0	0	0	0	0	-0.307613	-0.0820998	0.0904397	0	0	0	0	0	0	0.289643	-0.00798229	0.779113
2013-04-07 00:00:00	0	0	1.22294	0	-0.478028	0	0	0	0.0102518	0	0	0	0	0	-0.361733	-0.0820158	0.0903053	0	0	0	0	0	0	0.286611	-0.0075139	0.680817
2013-04-08 00:00:00	0	0	1.3316	0	-0.104908	0	0	0	1.80039E-05	0	0	0	0	0	-0.336429	-0.0820703	0.090275	0	0	0	0	0	0	0.281869	-0.00724495	1.17311
2013-04-09 00:00:00	-0.00545454	0	1.28422	0	-0.224656	0	0	0	0	0	0	0	0	0	-0.296474	-0.0819591	0.0901948	0	0	0	0	0	0	0.278122	-0.00721186	1.03678
2013-04-10 00:00:00	-0.4	0	1.32967	0	0.00182721	0	0	0	0	0	0	0	0	0	-0.211536	-0.0818022	0.0900715	0	0	0	0	0	0	0.275202	-0.00719136	0.996237
2013-04-11 00:00:00	0	0	1.44961	0	-0.201452	0	0	0	0.000205085	0	0	0	0	0	-0.477173	-0.0817	0.0899793	0	0	0	0	0	0	0.264321	-0.00713208	1.03666
2013-04-12 00:00:00	-0.810909	0	1.58363	0	0.0609079	0	0	0	0.000516754	0	0	0	0	0	-0.267835	-0.0815993	0.0897605	0	0	0	0	0	0	0.25888	-0.00709381	0.826262
2013-04-13 00:00:00	-0.394545	0	1.65204	0	-0.0846747	0	0	0	0.000240268	0	0	0	0	0	-0.452299	-0.0814835	0.089604	0	0	0	0	0	0	0.255544	-0.00706456	0.977365
2013-04-14 00:00:00	-9.41091	3.0305	2.0472	0	0.721007	-0.00383737	0.00355466	0	0.0157379	0	0	0	0	0	1.67703	-0.0815464	0.0896901	0	0	0	0	0	0	0.24902	-0.00725173	-1.66981
2013-04-15 00:00:00	-2.40545	-0.00810806	2.05027	0	0.0735822	-0.00311347	0.00352413	0	0.0781373	0	0	0	0	0	0.0419573	-0.0815597	0.0897607	0	0	0	0	0	0	0.246637	-0.00895744	0.0766744
2013-04-16 00:00:00	-4.93455	0.903668	2.06077	0	0.662378	-0.00961053	0.00910061	0	0.0932998	0	0	0	0	0	0.506694	-0.0815098	0.0897567	0	0	0	0	0	0	0.245888	-0.00849144	-0.462603
2013-04-17 00:00:00	-7.93455	1.90159	1.89729	0	1.03171	-0.0322019	0.1444	0	0.38056	0	0	0	0	0	0.975795	-0.0815098	0.0898632	0	0	0	0	0	0	0.246856	-0.0110104	-1.39121
2013-04-18 00:00:00	-6.55091	0.00344271	2.02437	0	0.570929	-0.0580789	0.219665	0	0.746921	0	0	0	0	0	1.12324	-0.0815617	0.0900583	0	0	0	0	0	0	0.249115	-0.0156052	-1.67842
2013-04-19 00:00:00	-0.00545454	-1.34883	1.92999	0	-0.678704	-0.0112059	0.0159452	0	0.344657	0	0	0	0	0	-0.383404	-0.0815243	0.0900683	0	0	0	0	0	0	0.259012	-0.0117725	0.118777
2013-04-20 00:00:00	0	-0.809145	1.85512	0	-0.443484	-3.32342E-05	1.15282E-05	0	0.0550819	0	0	0	0	0	-0.211226	-0.0814004	0.089922	0	0	0	0	0	0	0.262721	-0.00829723	0.709276
2013-04-21 00:00:00	-1.4	-0.319347	1.94022	0	-0.0194588	-0.00184099	0.00163226	0	0.039893	0	0	0	0	0	-0.143794	-0.0813771	0.089826	0	0	0	0	0	0	0.262531	-0.00774279	0.360539
2013-04-22 00:00:00	-0.194545	-0.754222	1.92073	0	-0.590786	-0.000270861	0.000217396	0	0.0434464	0	0	0	0	0	-0.132471	-0.0812911	0.0897102	0	0	0	0	0	0	0.261832	-0.00785792	0.554486
2013-04-23 00:00:00	-0.816364	-0.634723	2.15326	0	-0.342565	0	0	0	0.0270874	0	0	0	0	0	-0.0794022	-0.0811935	0.0895852	0	0	0	0	0	0	0.260978	-0.00752171	0.569145
2013-04-24 00:00:00	-4.01636	1.01032	2.23075	0	0.584624	-0.00208363	0.00230497	0	0.0335442	0	0	0	0	0	0.121254	-0.081185	0.0895057	0	0	0	0	0	0	0.25958	-0.00749449	0.224755
2013-04-25 00:00:00	-1.20545	-0.644145	1.95042	0	0.0025424	-0.00313354	0.00345214	0	0.0691016	0	0	0	0	0	-0.0729273	-0.0811387	0.0893451	0	0	0	0	0	0	0.258802	-0.0083345	0.358535
2013-04-26 00:00:00	-4.60545	1.1748	1.79306	0	0.649741	-0.0107345	0.0105344	0	0.11359	0	0	0	0	0	0.313433	-0.0811127	0.089257	0	0	0	0	0	0	0.258388	-0.00844005	-0.302931
2013-04-27 00:00:00	-0.589091	-1.11101	1.90644	0	-0.153038	-0.00430701	0.00386742	0	0.123511	0	0	0	0	0	-0.0605425	-0.081063	0.0892248	0	0	0	0	0	0	0.258198	-0.00862806	0.373555
2013-04-28 00:00:00	-5.96727	1.84351	2.03369	0	0.75882	-0.0218015	0.0644012	0	0.232983	0	0	0	0	0	0.516434	-0.0810236	0.0891858	0	0	0	0	0	0	0.257543	-0.00863808	-0.282163
2013-04-29 00:00:00	-0.0163636	-1.43363	2.09651	0	-0.619527	-0.00492373	0.011245	0	0.225302	0	0	0	0	0	-0.182623	-0.0809624	0.0891071	0	0	0	0	0	0	0.257711	-0.0101239	0.331721
2013-04-30 00:00:00	0	-0.911603	2.10847	0	-0.555301	-4.61556E-05	0	0	0.0395938	0	0	0	0	0	-0.282198	-0.0808467	0.0887543	0	0	0	0	0	0	0.258742	-0.00790693	0.657659
2013-05-01 00:00:00	-2.22182	0.14474	2.06701	0	0.0772086	-0.000623069	0.000379639	0	0.0289038	0	0	0	0	0	-0.0905702	-0.0806726	0.0888204	0	0	0	0	0	0	0.255948	-0.00744026	0.261888
2013-05-02 00:00:00	0	-1.26455	2.45885	0	-0.568972	-0.000204966	0.000156943	0	0.0368035	0	0	0	0	0	-0.280464	-0.0802246	0.08882	0	0	0	0	0	0	0.254768	-0.00766967	0.637315
2013-05-03 00:00:00	-12.3836	3.96042	2.41879	0	2.10195	-0.0439194	0.203076	0	0.434269	0	0	0	0	0	1.37513	-0.0801468	0.089083	0	0	0	0	0	0	0.251987	-0.00966411	-1.68267
2013-05-04 00:00:00	0	-1.46157	2.14037	0	-0.78482	-0.0133035	0.0230244	0	0.476725	0	0	0	0	0	-0.423238	-0.0801397	0.0890213	0	0	0	0	0	0	0.254545	-0.0130448	0.207577
2013-05-05 00:00:00	0	-1.10786	2.58995	0	-1.13539	-0.000137682	0	0	0.0493524	0	0	0	0	0	-0.239964	-0.080032	0.0888589	0	0	0	0	0	0	0.258639	-0.00809009	0.415333
2013-05-06 00:00:00	0	-1.03014	2.42255	0	-0.424497	-0.000200358	0	0	0.0210772	0	0	0	0	0	-0.362186	-0.0800069	0.0887658	0	0	0	0	0	0	0.257215	-0.0073116	0.885268
2013-05-07 00:00:00	0	-1.06575	2.42379	0	-0.190677	-0.000123357	0	0	0.0233555	0	0	0	0	0	-0.545173	-0.0799056	0.088502	0	0	0	0	0	0	0.255647	-0.00733055	0.902331
2013-05-08 00:00:00	-1.60545	-0.0683371	2.58111	0	-0.0947496	-3.08104E-05	0	0	0.01227	0	0	0	0	0	-0.34429	-0.0797025	0.0884086	0	0	0	0	0	0	0.253913	-0.00706829	0.73607
2013-05-09 00:00:00	-0.821818	0	2.34631	0	-0.372794	0	0	0	0.000718152	0	0	0	0	0	-0.511017	-0.0795222	0.0884006	0	0	0	0	0	0	0.251506	-0.006828	0.894954
2013-05-10 00:00:00	-3.98909	1.01141	2.42423	0	0.343283	0	0	0	0	0	0	0	0	0	0.15457	-0.0794485	0.0882396	0	0	0	0	0	0	0.249256	-0.00678178	0.195674
2013-05-11 00:00:00	-5.17818	0.910242	2.34738	0	0.575727	-0.0022776	0.0019022	0	0.0263521	0	0	0	0	0	0.717057	-0.0794668	0.0882067	0	0	0	0	0	0	0.247601	-0.0074596	-0.352919
2013-05-12 00:00:00	-2.62182	-0.107374	2.45875	0	0.147127	-0.00208209	0.00273078	0	0.0518777	0	0	0	0	0	0.0029982	-0.0794442	0.088195	0	0	0	0	0	0	0.246579	-0.0081755	0.179365
2013-05-13 00:00:00	-12.0164	3.37632	2.17888	0	1.91462	-0.0783751	0.277062	0	0.656902	0	0	0	0	0	1.68388	-0.0794659	0.0883277	0	0	0	0	0	0	0.245418	-0.012294	-1.76508
2013-05-14 00:00:00	-7.77818	0.696073	2.21608	0	0.176664	-0.137766	0.329865	0	1.44912	0	0	0	0	0	1.114	-0.0794945	0.0885475	0	0	0	0	0	0	0.248675	-0.019262	-1.69567
2013-05-15 00:00:00	-1.03273	-1.04059	2.21865	0	-0.521743	-0.0344422	0.0394542	0	0.592053	0	0	0	0	0	-0.444476	-0.0795176	0.0885939	0	0	0	0	0	0	0.257809	-0.0129552	0.0301095
2013-05-16 00:00:00	0	-1.10368	2.37146	0	-0.755221	-0.00135095	0.00147966	0	0.0897675	0	0	0	0	0	-0.293007	-0.0794498	0.0885145	0	0	0	0	0	0	0.261914	-0.00847276	0.571957
2013-05-17 00:00:00	0	-1.21341	2.89918	0	-0.922368	-0.000380939	0	0	0.0375502	0	0	0	0	0	-0.337171	-0.0793529	0.0883898	0	0	0	0	0	0	0.261709	-0.00766743	0.726487
2013-05-18 00:00:00	-9.96364	3.05326	2.6135	0	2.04529	-0.051549	0.137219	0	0.181745	0	0	0	0	0	1.02312	-0.0793593	0.0884313	0	0	0	0	0	0	0.260195	-0.00831631	-0.700103
2013-05-19 00:00:00	-0.2	-1.7226	2.8422	0	-0.826314	-0.0145434	0.0258646	0	0.366224	0	0	0	0	0	-0.4083	-0.0793549	0.0884279	0	0	0	0	0	0	0.26057	-0.0111968	0.320985
2013-05-20 00:00:00	-13.9473	2.02929	3.17049	0	1.62136	-0.226773	0.533525	0	1.72662	0	0	0	0	0	2.70108	-0.0794693	0.088543	0	0	0	0	0	0	0.258953	-0.0171971	-2.14087
2013-05-21 00:00:00	-0.2	-1.70026	2.83016	0	-1.26004	-0.0417306	0.0479335	0	0.908514	0	0	0	0	0	-0.734829	-0.0795876	0.0886555	0	0	0	0	0	0	0.270866	-0.0155672	0.114117
2013-05-22 00:00:00	-0.205455	-1.01203	2.59945	0	-0.770727	-0.000631317	0.000118851	0	0.083648	0	0	0	0	0	-0.427206	-0.0795044	0.0885106	0	0	0	0	0	0	0.28046	-0.00874286	0.547887
2013-05-23 00:00:00	-0.6	-0.775103	2.39888	0	-0.83236	-0.000580715	3.1383E-05	0	0.0473552	0	0	0	0	0	-0.202946	-0.0794463	0.0884021	0	0	0	0	0	0	0.283147	-0.00789248	0.319488
2013-05-24 00:00:00	-1.01636	-0.620709	2.34532	0	0.201442	-0.000514881	0.000567954	0	0.0253478	0	0	0	0	0	-0.396099	-0.0794157	0.0883369	0	0	0	0	0	0	0.28176	-0.00745403	0.822215
2013-05-25 00:00:00	0	-1.78084	5.14477	0	-0.887869	-0.000420169	0	0	0.0423852	0	0	0	0	0	-1.20187	-0.0792853	0.088186	0	0	0	0	0	0	0.278276	-0.00766366	1.59567
2013-05-26 00:00:00	0	0	3.00925	0	-0.605649	0	0	0	0.00398963	0	0	0	0	0	-1.12425	-0.0787646	0.0879834	0	0	0	0	0	0	0.276356	-0.00700905	1.5619
2013-05-27 00:00:00	-0.594545	0	2.57111	0	-0.370781	0	0	0	0	0	0	0	0	0	-0.663696	-0.0785381	0.0878322	0	0	0	0	0	0	0.272904	-0.00687904	1.21741
2013-05-28 00:00:00	-0.416364	0	2.56589	0	-0.0461144	0	0	0	0	0	0	0	0	0	-0.897692	-0.0781267	0.0878345	0	0	0	0	0	0	0.270019	-0.00685768	1.47859
2013-05-29 00:00:00	0	0	2.60496	0	-0.0343319	0	0	0	0	0	0	0	0	0	-0.867963	-0.0778516	0.0873809	0	0	0	0	0	0	0.266471	-0.00682605	1.97184
2013-05-30 00:00:00	0	0	2.6827	0	-0.0243064	0	0	0	0	0	0	0	0	0	-0.979517	-0.077833	0.0863483	0	0	0	0	0	0	0.262258	-0.00678564	1.94286
2013-05-31 00:00:00	0	0	2.66484	0	-0.0183486	0	0	0	0	0	0	0	0	0	-0.978834	-0.0775506	0.0860514	0	0	0	0	0	0	0.257587	-0.0067427	1.92701
2013-06-01 00:00:00	-0.389091	0	2.51432	0	-0.00685346	0	0	0	0	0	0	0	0	0	-0.705476	-0.0773564	0.0855593	0	0	0	0	0	0	0.251235	-0.00668427	1.66565
2013-06-02 00:00:00	-0.00545454	0	3.298	0	-0.0244531	0	0	0	0	0	0	0	0	0	-1.14689	-0.0770005	0.0853154	0	0	0	0	0	0	0.243784	-0.0065941	2.36671
2013-06-03 00:00:00	0	0	3.7493	0	-0.0227333	0	0	0	0	0	0	0	0	0	-1.45611	-0.076496	0.0850616	0	0	0	0	0	0	0.235059	-0.00648711	2.50759
2013-06-04 00:00:00	0	0	3.37181	0	-0.0160705	0	0	0	0	0	0	0	0	0	-1.40352	-0.0764613	0.0845094	0	0	0	0	0	0	0.224381	-0.00642032	2.17823
2013-06-05 00:00:00	0	0	3.64928	0	-0.0150904	0	0	0	0	0	0	0	0	0	-1.47361	-0.0761011	0.0841348	0	0	0	0	0	0	0.217267	-0.00628677	2.37959
2013-06-06 00:00:00	0	0	2.88832	0	-0.00722978	0	0	0	0	0	0	0	0	0	-1.36674	-0.0759285	0.0836549	0	0	0	0	0	0	0.211942	-0.00623038	1.72778
2013-06-07 00:00:00	0	0	2.85996	0	-0.00632242	0	0	0	0	0	0	0	0	0	-1.11783	-0.0756606	0.0835216	0	0	0	0	0	0	0.204983	-0.006154	1.9425
2013-06-08 00:00:00	0	0	3.8814	0	-0.0102296	0	0	0	0	0	0	0	0	0	-1.65678	-0.0750171	0.0832665	0	0	0	0	0	0	0.200878	-0.00611116	2.41741
2013-06-09 00:00:00	0	0	2.95018	0	-0.0030877	0	0	0	0	0	0	0	0	0	-1.28581	-0.0745931	0.0827137	0	0	0	0	0	0	0.197542	-0.00608565	1.86087
2013-06-10 00:00:00	0	0	2.85191	0	-0.00311082	0	0	0	0	0	0	0	0	0	-1.19798	-0.0744271	0.0820035	0	0	0	0	0	0	0.191687	-0.006055	1.84403
2013-06-11 00:00:00	-1.2	0	2.84188	0	0.00269327	0	0	0	0	0	0	0	0	0	-1.03332	-0.0741309	0.081836	0	0	0	0	0	0	0.187008	-0.00601516	0.799946
2013-06-12 00:00:00	-0.994545	0	2.93706	0	0.0002762	0	0	0	0	0	0	0	0	0	-0.896519	-0.073934	0.0806019	0	0	0	0	0	0	0.183598	-0.00597332	1.23056
2013-06-13 00:00:00	0	0	2.44774	0	0.00165775	0	0	0	0	0	0	0	0	0	-1.09346	-0.0737714	0.0804687	0	0	0	0	0	0	0.180048	-0.00593581	1.53675
2013-06-14 00:00:00	-3.58909	0.344181	3.21256	0	0.0109994	0	0	0	0	0	0	0	0	0	-0.252158	-0.0735368	0.0802993	0	0	0	0	0	0	0.178158	-0.00591798	-0.0945105
2013-06-15 00:00:00	-3.62727	0.380871	3.18856	0	0.0026717	0	0	0	0	0	0	0	0	0	-0.105697	-0.0735282	0.0798844	0	0	0	0	0	0	0.175535	-0.00588739	0.015136
2013-06-16 00:00:00	-0.416364	-0.725052	2.9992	0	-0.00112178	0	0	0	0	0	0	0	0	0	-0.93694	-0.073496	0.0798281	0	0	0	0	0	0	0.174589	-0.00586998	1.09477
2013-06-17 00:00:00	0	0	2.70582	0	-0.00905586	0	0	0	0	0	0	0	0	0	-1.27979	-0.0732169	0.0792825	0	0	0	0	0	0	0.172496	-0.00583491	1.58971
2013-06-18 00:00:00	0	0	2.86448	0	-0.0144147	0	0	0	0	0	0	0	0	0	-1.48267	-0.0728764	0.0790537	0	0	0	0	0	0	0.171169	-0.00581691	1.53892
2013-06-19 00:00:00	0	0	2.66577	0	-0.00348821	0	0	0	0	0	0	0	0	0	-1.46325	-0.0725889	0.0787851	0	0	0	0	0	0	0.168787	-0.00579091	1.36823
2013-06-20 00:00:00	-0.616364	0	2.86418	0	-0.00100555	0	0	0	0	0	0	0	0	0	-1.23207	-0.0724387	0.078326	0	0	0	0	0	0	0.166156	-0.00575677	1.18103
2013-06-21 00:00:00	-0.605455	0	2.99323	0	-0.00212803	0	0	0	0	0	0	0	0	0	-1.35221	-0.0721858	0.0777422	0	0	0	0	0	0	0.163726	-0.00572116	1.197
2013-06-22 00:00:00	-10.8909	3.35613	3.41799	0	0.0459186	0	0	0	0	0	0	0	0	0	1.89591	-0.0720489	0.0779128	0	0	0	0	0	0	0.161676	-0.00569523	-2.01312
2013-06-23 00:00:00	-4.20545	0.132958	3.40921	0	0.00392162	0	0	0	0	0	0	0	0	0	0.186205	-0.0719957	0.0778868	0	0	0	0	0	0	0.161046	-0.005665	-0.311889
2013-06-24 00:00:00	0	-2.07459	3.07815	0	-0.00720089	0	0	0	0	0	0	0	0	0	-0.631359	-0.0719611	0.0778142	0	0	0	0	0	0	0.160266	-0.00564631	0.525466
2013-06-25 00:00:00	0	-1.38555	3.17124	0	-0.0163745	0	0	0	0	0	0	0	0	0	-0.898713	-0.0718367	0.0776304	0	0	0	0	0	0	0.159243	-0.00563126	1.03001
2013-06-26 00:00:00	-0.00545454	-0.0289518	2.78904	0	-0.0206157	0	0	0	0	0	0	0	0	0	-1.35962	-0.0714326	0.0778063	0	0	0	0	0	0	0.158292	-0.00562073	1.53344
2013-06-27 00:00:00	-3.4	0.143732	3.35407	0	0.0181413	0	0	0	0	0	0	0	0	0	-0.292493	-0.0713897	0.0777762	0	0	0	0	0	0	0.15569	-0.00559394	-0.0200642
2013-06-28 00:00:00	-3.2	-0.00848731	3.44401	0	0.0144233	0	0	0	0	0	0	0	0	0	-0.280197	-0.07131	0.0777659	0	0	0	0	0	0	0.15385	-0.00557154	0.124487
2013-06-29 00:00:00	-0.2	-0.135245	2.8975	0	-0.0140337	0	0	0	0	0	0	0	0	0	-1.6064	-0.0710039	0.0773958	0	0	0	0	0	0	0.153001	-0.00555597	1.09566
2013-06-30 00:00:00	-2.56727	0	3.41138	0	0.00756957	0	0	0	0	0	0	0	0	0	-0.676121	-0.0707373	0.0774081	0	0	0	0	0	0	0.15085	-0.00551217	0.327565
2013-07-01 00:00:00	-0.589091	0	2.75252	0	-0.00676054	0	0	0	0	0	0	0	0	0	-1.38595	-0.070144	0.077208	0	0	0	0	0	0	0.149363	-0.00549386	0.921652
2013-07-02 00:00:00	-5.17818	1.28851	3.3447	0	0.0142037	0	0	0	0	0	0	0	0	0	0.129041	-0.0703015	0.0770218	0	0	0	0	0	0	0.148319	-0.0054728	-0.252152
2013-07-03 00:00:00	-0.994546	-1.28851	3.46071	0	0.00598027	0	0	0	0	0	0	0	0	0	-0.826144	-0.0701328	0.0769692	0	0	0	0	0	0	0.146832	-0.00544481	0.505709
2013-07-04 00:00:00	-12.6709	3.98623	3.72489	0	0.0774646	0	0	0	0	0	0	0	0	0	2.55841	-0.070266	0.0768058	0	0	0	0	0	0	0.146286	-0.00541601	-2.1765
2013-07-05 00:00:00	-0.194545	-2.22694	3.38014	0	-0.0267989	0	0	0	0	0	0	0	0	0	-0.765024	-0.0702973	0.0767591	0	0	0	0	0	0	0.14605	-0.0053431	0.314001
2013-07-06 00:00:00	0	-1.73586	4.15814	0	-0.0490071	0	0	0	0	0	0	0	0	0	-1.20893	-0.0701185	0.0766239	0	0	0	0	0	0	0.14522	-0.00532499	1.31074
2013-07-07 00:00:00	0	-0.0234444	3.75028	0	-0.012651	0	0	0	0	0	0	0	0	0	-2.22969	-0.0697634	0.076379	0	0	0	0	0	0	0.144692	-0.00531757	1.63048
2013-07-08 00:00:00	0	0	3.69332	0	-0.0398475	0	0	0	0	0	0	0	0	0	-2.38024	-0.0693929	0.0758234	0	0	0	0	0	0	0.143153	-0.0052253	1.41759
2013-07-09 00:00:00	0	0	4.836	0	-0.0074653	0	0	0	0	0	0	0	0	0	-3.17738	-0.0692829	0.0746252	0	0	0	0	0	0	0.141751	-0.00519977	1.79305
2013-07-10 00:00:00	0	0	3.09002	0	-0.00284027	0	0	0	0	0	0	0	0	0	-2.33066	-0.0684055	0.0733237	0	0	0	0	0	0	0.139023	-0.00516124	0.895292
2013-07-11 00:00:00	0	0	3.00431	0	-0.00313131	0	0	0	0	0	0	0	0	0	-2.2488	-0.0681387	0.0735148	0	0	0	0	0	0	0.136612	-0.00512154	0.889245
2013-07-12 00:00:00	0	0	4.1616	0	-0.00551408	0	0	0	0	0	0	0	0	0	-3.15748	-0.0678465	0.0734857	0	0	0	0	0	0	0.135385	-0.00510619	1.13452
2013-07-13 00:00:00	0	0	3.26184	0	-0.00343448	0	0	0	0	0	0	0	0	0	-2.35399	-0.067061	0.073134	0	0	0	0	0	0	0.1336	-0.00508467	1.03901
2013-07-14 00:00:00	0	0	2.9	0	-0.00295612	0	0	0	0	0	0	0	0	0	-2.43505	-0.0665484	0.0728942	0	0	0	0	0	0	0.132521	-0.00506641	0.5958
2013-07-15 00:00:00	0	0	2.77927	0	-0.00299202	0	0	0	0	0	0	0	0	0	-2.32278	-0.0662664	0.0729523	0	0	0	0	0	0	0.131238	-0.00504405	0.586379
2013-07-16 00:00:00	0	0	2.99086	0	-0.0035753	0	0	0	0	0	0	0	0	0	-2.35187	-0.0661644	0.0725719	0	0	0	0	0	0	0.129677	-0.00501123	0.766482
2013-07-17 00:00:00	0	0	3.60031	0	-0.00475354	0	0	0	0	0	0	0	0	0	-3.24896	-0.0660171	0.0721859	0	0	0	0	0	0	0.128682	-0.00498923	0.476458
2013-07-18 00:00:00	0	0	4.29294	0	-0.00593723	0	0	0	0	0	0	0	0	0	-3.55775	-0.065558	0.0719122	0	0	0	0	0	0	0.127228	-0.00496928	0.857859
2013-07-19 00:00:00	0	0	4.61666	0	-0.00629906	0	0	0	0	0	0	0	0	0	-4.33554	-0.0645025	0.0715629	0	0	0	0	0	0	0.125548	-0.00494263	0.402485
2013-07-20 00:00:00	0	0	4.33278	0	-0.00558568	0	0	0	0	0	0	0	0	0	-3.81967	-0.0638508	0.0714426	0	0	0	0	0	0	0.124313	-0.00492088	0.634512
2013-07-21 00:00:00	0	0	3.81984	0	-0.0046134	0	0	0	0	0	0	0	0	0	-3.64594	-0.0627408	0.0717753	0	0	0	0	0	0	0.123106	-0.00490027	0.296526
2013-07-22 00:00:00	0	0	2.98294	0	-0.00318518	0	0	0	0	0	0	0	0	0	-3.03531	-0.0627043	0.0714887	0	0	0	0	0	0	0.121684	-0.00487747	0.0700403
2013-07-23 00:00:00	-19.1509	6.37109	3.74492	0	0.0332259	0	0	0	0	0	0	0	0	0	6.61029	-0.0627581	0.0714778	0	0	0	0	0	0	0.120146	-0.00483481	-2.26735
2013-07-24 00:00:00	-0.2	-2.40573	3.58863	0	-0.00672683	0	0	0	0	0	0	0	0	0	-1.15081	-0.0627284	0.0714632	0	0	0	0	0	0	0.120204	-0.0048218	-0.0505225
2013-07-25 00:00:00	-9.22727	2.44665	3.62327	0	0.0165323	0	0	0	0	0	0	0	0	0	2.21006	-0.0627	0.0713978	0	0	0	0	0	0	0.119524	-0.00480867	-0.807352
2013-07-26 00:00:00	-2.14545	-1.5288	3.86556	0	-0.0027959	0	0	0	0	0	0	0	0	0	-0.436164	-0.0626484	0.0713533	0	0	0	0	0	0	0.119012	-0.00479632	-0.124727
2013-07-27 00:00:00	-8.80546	1.48136	4.47582	0	0.184669	0	0	0	0	0	0	0	0	0	1.6476	-0.0625243	0.0713877	0	0	0	0	0	0	0.11858	-0.00478738	-0.893348
2013-07-28 00:00:00	-22.0164	0.0644702	3.39908	0	1.30042	0	0.479376	0	0.00908947	0	0	0	0	0	11.2411	-0.0626528	0.0715794	0	0	0	0	0	0	0.119068	-0.00483	-5.39966
2013-07-29 00:00:00	-17.8491	-0.0254685	3.30354	0	0.155397	-0.00908083	0.499183	0	0.582129	0	0	0	0	0	7.49052	-0.0630579	0.0719687	0	0	0	0	0	0	0.11751	-0.0156712	-5.74213
2013-07-30 00:00:00	-3.84909	0.00990242	3.1716	0	-0.373929	-0.00160376	0.0364782	0	0.19201	0	0	0	0	0	-0.837939	-0.0633022	0.0721578	0	0	0	0	0	0	0.120369	-0.00947731	-1.53283
2013-07-31 00:00:00	-6.06545	0.0064693	3.30046	0	0.115833	-0.00178635	0.0904541	0	0.00765926	0	0	0	0	0	1.09361	-0.063402	0.0722047	0	0	0	0	0	0	0.122186	-0.00488675	-1.32666
2013-08-01 00:00:00	-2.61636	-0.94545	3.6545	0	-0.145353	-0.000428949	0.00539488	0	0.0491791	0	0	0	0	0	-0.387011	-0.0634152	0.0722146	0	0	0	0	0	0	0.122051	-0.00695879	-0.261643
2013-08-02 00:00:00	-0.994545	-1.67165	3.71829	0	-0.301552	-3.34766E-05	0	0	1.39285E-05	0	0	0	0	0	-0.719913	-0.0633892	0.0721787	0	0	0	0	0	0	0.123282	-0.00494173	0.157747
2013-08-03 00:00:00	-0.589091	-1.09533	3.37889	0	-0.46229	-7.65717E-06	0	0	0	0	0	0	0	0	-0.855709	-0.0633292	0.072102	0	0	0	0	0	0	0.124579	-0.00514455	0.504671
2013-08-04 00:00:00	-0.810909	-0.985142	3.18237	0	-0.150283	-5.28635E-07	0	0	0	0	0	0	0	0	-0.761873	-0.0632221	0.0719551	0	0	0	0	0	0	0.124709	-0.00516503	0.602441
2013-08-05 00:00:00	-0.416364	-1.03831	2.90906	0	-0.0180884	0	0	0	0	0	0	0	0	0	-1.12213	-0.0630602	0.0719163	0	0	0	0	0	0	0.123955	-0.00515812	0.441825
2013-08-06 00:00:00	0	-0.684102	2.68297	0	-0.0410473	0	0	0	0	0	0	0	0	0	-1.24602	-0.0629649	0.0718179	0	0	0	0	0	0	0.123359	-0.00514513	0.838866
2013-08-07 00:00:00	-1.4	0	3.73714	0	-0.0438419	0	0	0	0	0	0	0	0	0	-1.51937	-0.0626121	0.0716261	0	0	0	0	0	0	0.122773	-0.00513229	0.900579
2013-08-08 00:00:00	-0.00545454	0	2.84303	0	-0.0388786	0	0	0	0	0	0	0	0	0	-1.89267	-0.0625183	0.0714535	0	0	0	0	0	0	0.122131	-0.00511923	1.03198
2013-08-09 00:00:00	-0.589091	0	2.96795	0	-0.0134997	0	0	0	0	0	0	0	0	0	-1.64313	-0.0624022	0.0713522	0	0	0	0	0	0	0.121456	-0.00510408	0.847533
2013-08-10 00:00:00	-0.994545	0	2.91854	0	-0.00462923	0	0	0	0	0	0	0	0	0	-1.27473	-0.0622604	0.0710777	0	0	0	0	0	0	0.120422	-0.0050792	0.768792
2013-08-11 00:00:00	-3.83273	0.706575	2.98222	0	0.040829	0	0	0	0	0	0	0	0	0	0.0626104	-0.0622124	0.0711232	0	0	0	0	0	0	0.11934	-0.00505044	0.0827077
2013-08-12 00:00:00	-0.2	-0.706575	2.7402	0	-0.00170972	0	0	0	0	0	0	0	0	0	-1.40139	-0.0621679	0.0710172	0	0	0	0	0	0	0.118433	-0.00503364	0.552777
2013-08-13 00:00:00	0	0	2.49874	0	-0.0197235	0	0	0	0	0	0	0	0	0	-1.78548	-0.0620036	0.0707498	0	0	0	0	0	0	0.118058	-0.00502465	0.815319
2013-08-14 00:00:00	-2.77818	0.00328181	3.01533	0	-0.00321851	0	0	0	0	0	0	0	0	0	-0.105704	-0.0619657	0.070538	0	0	0	0	0	0	0.117437	-0.00501075	0.252504
2013-08-15 00:00:00	-7.86	2.81433	3.35182	0	0.108075	0	0	0	0	0	0	0	0	0	1.00546	-0.0619722	0.0705206	0	0	0	0	0	0	0.11648	-0.00489145	-0.460171
2013-08-16 00:00:00	-1.57818	-1.23562	2.9235	0	-0.00791934	0	0	0	0	0	0	0	0	0	-0.195953	-0.0619781	0.0704375	0	0	0	0	0	0	0.115016	-0.00476588	0.0245357
2013-08-17 00:00:00	-2.42182	-0.58202	3.05659	0	0.0288676	0	0	0	0	0	0	0	0	0	-0.289196	-0.0619302	0.0702891	0	0	0	0	0	0	0.114455	-0.00475838	-0.0895222
2013-08-18 00:00:00	-2.58364	-0.139663	2.72947	0	0.00965508	0	0	0	0	0	0	0	0	0	-0.0548758	-0.0619028	0.0699688	0	0	0	0	0	0	0.113552	-0.00473853	0.0778329
2013-08-19 00:00:00	0	-0.838295	2.54242	0	-0.0283781	0	0	0	0	0	0	0	0	0	-1.52317	-0.0618236	0.0699299	0	0	0	0	0	0	0.113191	-0.00473095	0.269149
2013-08-20 00:00:00	-0.805454	-0.0179158	2.59618	0	-0.0488758	0	0	0	0	0	0	0	0	0	-1.14305	-0.0616102	0.069764	0	0	0	0	0	0	0.112286	-0.00469992	0.696618
2013-08-21 00:00:00	-2.99455	0.00641353	3.06584	0	0.0318492	0	0	0	0	0	0	0	0	0	-0.235238	-0.0615825	0.0696669	0	0	0	0	0	0	0.111936	-0.00469028	-0.0103484
2013-08-22 00:00:00	-0.2	-0.0105046	2.56113	0	-0.0358686	0	0	0	0	0	0	0	0	0	-1.79414	-0.0614414	0.0695026	0	0	0	0	0	0	0.111089	-0.00467504	0.635093
2013-08-23 00:00:00	-0.194545	0	2.71159	0	-0.0343408	0	0	0	0	0	0	0	0	0	-1.94786	-0.0612444	0.0693391	0	0	0	0	0	0	0.110613	-0.00466617	0.648884
2013-08-24 00:00:00	-0.410909	0	2.6401	0	-0.0228011	0	0	0	0	0	0	0	0	0	-1.61872	-0.0611629	0.0690595	0	0	0	0	0	0	0.110088	-0.0046558	0.700997
2013-08-25 00:00:00	0	0	2.43146	0	-0.0194055	0	0	0	0	0	0	0	0	0	-1.9132	-0.060948	0.068986	0	0	0	0	0	0	0.109165	-0.00462959	0.61143
2013-08-26 00:00:00	-0.2	0	2.69103	0	-0.017018	0	0	0	0	0	0	0	0	0	-1.86757	-0.0608005	0.068881	0	0	0	0	0	0	0.108381	-0.00461962	0.718276
2013-08-27 00:00:00	0	0	2.40951	0	-0.014158	0	0	0	0	0	0	0	0	0	-2.01711	-0.060758	0.0687362	0	0	0	0	0	0	0.10754	-0.00460683	0.489152
2013-08-28 00:00:00	0	0	2.28701	0	-0.00933961	0	0	0	0	0	0	0	0	0	-1.88569	-0.0606234	0.0683663	0	0	0	0	0	0	0.10687	-0.00458878	0.502012
2013-08-29 00:00:00	-0.594545	0	2.4749	0	-0.0034749	0	0	0	0	0	0	0	0	0	-1.61199	-0.0604167	0.0683113	0	0	0	0	0	0	0.106373	-0.0045796	0.374579
2013-08-30 00:00:00	-1	0	2.43993	0	0.00256062	0	0	0	0	0	0	0	0	0	-1.2578	-0.0603017	0.0681083	0	0	0	0	0	0	0.105308	-0.00455418	0.293258
2013-08-31 00:00:00	-0.194545	0	2.03851	0	-0.00494244	0	0	0	0	0	0	0	0	0	-1.6481	-0.0599953	0.0679918	0	0	0	0	0	0	0.104551	-0.00454017	0.298931
2013-09-01 00:00:00	-0.983636	0	2.28633	0	0.0024394	0	0	0	0	0	0	0	0	0	-1.12346	-0.0598126	0.068003	0	0	0	0	0	0	0.103927	-0.00452573	0.289266
2013-09-02 00:00:00	-1.59455	0	2.62721	0	0.0071687	0	0	0	0	0	0	0	0	0	-0.98503	-0.059722	0.0676613	0	0	0	0	0	0	0.102725	-0.00451027	0.160961
2013-09-03 00:00:00	-0.194545	0	2.3162	0	-0.0125537	0	0	0	0	0	0	0	0	0	-2.18343	-0.0598172	0.0673035	0	0	0	0	0	0	0.101747	-0.00449503	0.0304078
2013-09-04 00:00:00	0	0	2.07882	0	-0.0107318	0	0	0	0	0	0	0	0	0	-1.86145	-0.0591501	0.0670328	0	0	0	0	0	0	0.100884	-0.0044785	0.310926
2013-09-05 00:00:00	0	0	1.91373	0	-0.00639994	0	0	0	0	0	0	0	0	0	-1.78819	-0.0590692	0.0668014	0	0	0	0	0	0	0.100169	-0.00446995	0.222575
2013-09-06 00:00:00	-15.72	6.21725	2.13445	0	0.206267	0	0	0	0	0	0	0	0	0	5.68054	-0.0590938	0.0669008	0	0	0	0	0	0	0.0995461	-0.00445877	-1.3786
2013-09-07 00:00:00	-8.12	0.547342	2.1638	0	0.124525	0	0	0	0	0	0	0	0	0	3.73251	-0.0591747	0.0669833	0	0	0	0	0	0	0.0999191	-0.004456	-1.44855
2013-09-08 00:00:00	0	-1.83262	2.05879	0	-0.0667154	0	0	0	0	0	0	0	0	0	-0.595194	-0.0591756	0.0670114	0	0	0	0	0	0	0.100047	-0.00445787	-0.332319
2013-09-09 00:00:00	-3.41091	1.18682	2.0447	0	0.0310699	0	0	0	0	0	0	0	0	0	-0.00676762	-0.0591556	0.0669463	0	0	0	0	0	0	0.0999612	-0.00446271	-0.0517946
2013-09-10 00:00:00	0	-1.84442	2.13407	0	-0.0465738	0	0	0	0	0	0	0	0	0	-0.344011	-0.0590816	0.0669259	0	0	0	0	0	0	0.1002	-0.00448328	0.00262503
2013-09-11 00:00:00	-3.39455	0.967852	2.25965	0	0.0155913	0	0	0	0	0	0	0	0	0	-0.057021	-0.0590254	0.0668539	0	0	0	0	0	0	0.100414	-0.00450529	-0.104741
2013-09-12 00:00:00	-2	-0.303959	2.31941	0	0.0356839	0	0	0	0	0	0	0	0	0	-0.225499	-0.0589084	0.0668557	0	0	0	0	0	0	0.100041	-0.00450289	-0.0708794
2013-09-13 00:00:00	-2.60545	0.504542	2.00882	0	-0.002259	0	0	0	0	0	0	0	0	0	0.0103029	-0.0588598	0.0668109	0	0	0	0	0	0	0.0999276	-0.00450684	0.0193228
2013-09-14 00:00:00	0	-1.38326	1.79541	0	-0.0257269	0	0	0	0	0	0	0	0	0	-0.408117	-0.0587897	0.066785	0	0	0	0	0	0	0.0999339	-0.0045169	0.0817206
2013-09-15 00:00:00	-12.3455	2.79895	1.84759	0	0.971511	0	0.00985	0	0.0161758	0	0	0	0	0	4.91848	-0.0588029	0.0667964	0	0	0	0	0	0	0.100308	-0.00518891	-1.67979
2013-09-16 00:00:00	-3.17273	-0.00614229	1.74735	0	-0.0419229	0	0.0576639	0	0.0847555	0	0	0	0	0	0.542092	-0.0588111	0.0668311	0	0	0	0	0	0	0.10076	-0.00783859	-0.687993
2013-09-17 00:00:00	-0.405455	-1.2202	1.76002	0	-0.120343	0	0.00286621	0	0.0718711	0	0	0	0	0	-0.30506	-0.0587091	0.0668307	0	0	0	0	0	0	0.101019	-0.00761921	-0.114771
2013-09-18 00:00:00	-0.2	-1.29801	1.67099	0	-0.0314122	0	0	0	0.0170396	0	0	0	0	0	-0.313642	-0.0587245	0.0667803	0	0	0	0	0	0	0.101249	-0.00570592	-0.0514306
2013-09-19 00:00:00	-17.1345	2.54536	1.8014	0	0.576177	-0.00320707	0.406422	0	0.583533	0	0	0	0	0	7.97336	-0.0588522	0.0668152	0	0	0	0	0	0	0.0991299	-0.0147107	-3.15911
2013-09-20 00:00:00	-0.2	-1.4019	1.76441	0	-0.452482	-0.00138679	0.0159257	0	0.334631	0	0	0	0	0	-0.890589	-0.0589661	0.0668995	0	0	0	0	0	0	0.100677	-0.0124333	-0.735211
2013-09-21 00:00:00	-0.194545	-1.31879	1.87752	0	-0.0633698	-4.53525E-05	0	0	0.0284988	0	0	0	0	0	-0.657311	-0.0589243	0.0668955	0	0	0	0	0	0	0.102709	-0.00631212	-0.223672
2013-09-22 00:00:00	-0.00545454	-0.755138	2.05556	0	-0.339032	-9.41171E-06	0	0	0.012999	0	0	0	0	0	-0.858782	-0.0587832	0.0668884	0	0	0	0	0	0	0.103108	-0.00548635	0.215872
2013-09-23 00:00:00	0	-0.745984	2.04686	0	-0.323709	-8.89617E-07	0	0	0.00763078	0	0	0	0	0	-0.897336	-0.0587689	0.066809	0	0	0	0	0	0	0.103301	-0.00528524	0.193519
2013-09-24 00:00:00	0	-0.716583	1.86092	0	-0.0973878	0	0	0	0.00442184	0	0	0	0	0	-0.800656	-0.0587089	0.0667472	0	0	0	0	0	0	0.103151	-0.00508006	0.356827
2013-09-25 00:00:00	-1.21091	-0.163223	1.60629	0	-0.0124943	0	0	0	0.000876615	0	0	0	0	0	-0.0803895	-0.0586747	0.0666947	0	0	0	0	0	0	0.103049	-0.00485638	0.246366
2013-09-26 00:00:00	-0.205455	-0.492457	1.45286	0	0.0308165	0	0	0	0	0	0	0	0	0	-0.731919	-0.0585939	0.0666644	0	0	0	0	0	0	0.102833	-0.0048395	0.159909
2013-09-27 00:00:00	-0.4	-0.46617	1.58513	0	-0.0296792	0	0	0	0	0	0	0	0	0	-0.425861	-0.058544	0.0666528	0	0	0	0	0	0	0.102167	-0.00480145	0.368896
2013-09-28 00:00:00	-0.2	-0.536631	1.60679	0	-0.0250999	0	0	0	0.000533724	0	0	0	0	0	-0.678764	-0.0585383	0.0666091	0	0	0	0	0	0	0.101874	-0.00481899	0.27195
2013-09-29 00:00:00	-0.00545454	-0.282673	1.48774	0	-0.0258886	0	0	0	0	0	0	0	0	0	-0.975568	-0.0584474	0.0665523	0	0	0	0	0	0	0.101753	-0.00480521	0.303208
2013-09-30 00:00:00	0	0	1.53232	0	-0.0344597	0	0	0	0	0	0	0	0	0	-1.12417	-0.0583975	0.0664407	0	0	0	0	0	0	0.101389	-0.0047858	0.478337
2013-10-01 00:00:00	0	0	1.47943	0	-0.0262464	0	0	0	0	0	0	0	0	0	-1.16213	-0.0583679	0.0663305	0	0	0	0	0	0	0.100976	-0.0047734	0.395222
2013-10-02 00:00:00	-2.00545	0.333382	1.62584	0	0.071962	0	0	0	0	0	0	0	0	0	-0.0432952	-0.0580947	0.0663117	0	0	0	0	0	0	0.100465	-0.00476905	0.0863468
2013-10-03 00:00:00	-2.98909	1.02093	1.79742	0	0.0372962	0	0	0	0	0	0	0	0	0	0.00562645	-0.0580551	0.0662235	0	0	0	0	0	0	0.100107	-0.00476176	-0.0243071
2013-10-04 00:00:00	-2.59455	0.754192	1.69851	0	0.0159662	0	0	0	0.00745199	0	0	0	0	0	0.0269348	-0.0580163	0.0661944	0	0	0	0	0	0	0.0998138	-0.00512348	0.0113827
2013-10-05 00:00:00	-3.54545	1.03014	1.55808	0	0.0478764	0	0	0	0.0148863	0	0	0	0	0	0.55909	-0.0579984	0.0661392	0	0	0	0	0	0	0.0994709	-0.00557036	-0.23334
2013-10-06 00:00:00	0	-1.46661	1.63582	0	-0.0414916	0	0	0	0.0215551	0	0	0	0	0	-0.589783	-0.0578768	0.0660823	0	0	0	0	0	0	0.0993221	-0.00589727	-0.338886
2013-10-07 00:00:00	-5.15636	2.1966	1.53827	0	0.0793195	0	0	0	0.0125989	0	0	0	0	0	1.0671	-0.0579118	0.0660468	0	0	0	0	0	0	0.0991151	-0.0053626	-0.160589
2013-10-08 00:00:00	-1.4	-0.130373	1.48271	0	-0.0330361	0	0	0	0.0308908	0	0	0	0	0	-0.106305	-0.0578882	0.0660147	0	0	0	0	0	0	0.0988326	-0.00625755	-0.0554125
2013-10-09 00:00:00	-4.18364	1.10938	1.26897	0	0.279757	0	0	0	0.0262181	0	0	0	0	0	0.96795	-0.0578605	0.0660127	0	0	0	0	0	0	0.0987678	-0.00603163	-0.430479
2013-10-10 00:00:00	0	-1.03376	1.15088	0	-0.0440313	0	0	0	0.0326999	0	0	0	0	0	-0.312359	-0.0578337	0.0659551	0	0	0	0	0	0	0.0987613	-0.00639522	-0.106077
2013-10-11 00:00:00	0	-1.03386	1.17203	0	-0.0483742	0	0	0	0.0156918	0	0	0	0	0	-0.162688	-0.0577054	0.0658809	0	0	0	0	0	0	0.0989495	-0.00566829	0.0442545
2013-10-12 00:00:00	-0.2	-0.645505	1.13773	0	-0.0355619	0	0	0	0.00384945	0	0	0	0	0	-0.576257	-0.0577328	0.0657267	0	0	0	0	0	0	0.098841	-0.00496691	-0.213877
2013-10-13 00:00:00	-2.21091	0.886088	1.19776	0	0.0467928	0	0	0	0.0099064	0	0	0	0	0	-0.127765	-0.0576762	0.0656987	0	0	0	0	0	0	0.0985288	-0.00531535	-0.0968903
2013-10-14 00:00:00	-0.2	-0.814639	1.09847	0	-0.0289399	0	0	0	0.0104761	0	0	0	0	0	-0.184944	-0.0576939	0.0655572	0	0	0	0	0	0	0.0982338	-0.005306	-0.0187878
2013-10-15 00:00:00	-3.18364	1.87519	1.03218	0	0.0100605	0	0	0	0.0167839	0	0	0	0	0	0.154934	-0.0576334	0.0655101	0	0	0	0	0	0	0.0979989	-0.00563689	0.00575724
2013-10-16 00:00:00	-11.6764	2.80499	1.07258	0	0.982793	0	0.177832	0	0.217179	0	0	0	0	0	4.39246	-0.0575436	0.0655582	0	0	0	0	0	0	0.0972655	-0.00934014	-1.93259
2013-10-17 00:00:00	-4.80545	-0.0152199	1.11584	0	-0.128579	-0.00165372	0.131172	0	0.403057	0	0	0	0	0	1.8225	-0.0576704	0.065647	0	0	0	0	0	0	0.0979265	-0.0134681	-1.3859
2013-10-18 00:00:00	-3.76182	0.00733989	1.12668	0	-0.0178305	-0.00231819	0.0910818	0	0.240277	0	0	0	0	0	1.22997	-0.0577389	0.065605	0	0	0	0	0	0	0.100604	-0.0109643	-0.989106
2013-10-19 00:00:00	-7.95636	-0.00242859	1.17901	0	0.168254	-0.00528747	0.227037	0	0.425142	0	0	0	0	0	3.76048	-0.0578494	0.065671	0	0	0	0	0	0	0.101145	-0.0136904	-2.10888
2013-10-20 00:00:00	-3.96182	-0.00714579	1.09214	0	-0.109681	-0.00278378	0.102413	0	0.345788	0	0	0	0	0	1.18072	-0.0579656	0.0656165	0	0	0	0	0	0	0.102891	-0.012701	-1.26252
2013-10-21 00:00:00	-7.98364	0.0152923	1.10136	0	0.178274	-0.00535532	0.229604	0	0.480217	0	0	0	0	0	3.69672	-0.0580848	0.0657341	0	0	0	0	0	0	0.103051	-0.0145072	-2.19133
2013-10-22 00:00:00	-7.22182	-0.0134826	1.14919	0	0.00306439	-0.00510808	0.206638	0	0.536628	0	0	0	0	0	3.07816	-0.058257	0.0658578	0	0	0	0	0	0	0.103618	-0.0155448	-2.17105
2013-10-23 00:00:00	-3.57818	-0.0220278	1.01755	0	-0.0980036	-0.00249046	0.0919271	0	0.331763	0	0	0	0	0	0.760166	-0.0583711	0.0659393	0	0	0	0	0	0	0.105773	-0.0124627	-1.39842
2013-10-24 00:00:00	-0.194545	-0.608751	0.861406	0	-0.130793	-0.000435968	0.0051816	0	0.143502	0	0	0	0	0	-0.553469	-0.0584043	0.0659607	0	0	0	0	0	0	0.107758	-0.00937801	-0.371968
2013-10-25 00:00:00	-4.24364	0.611824	0.957594	0	0.186084	-0.00159811	0.0809152	0	0.129949	0	0	0	0	0	1.32545	-0.0584414	0.0659943	0	0	0	0	0	0	0.108985	-0.00873502	-0.845618
2013-10-26 00:00:00	-1.38909	-0.0272211	0.957309	0	-0.141255	-0.000763517	0.0201106	0	0.168885	0	0	0	0	0	-0.0959001	-0.0584796	0.0660233	0	0	0	0	0	0	0.109116	-0.00978336	-0.401049
2013-10-27 00:00:00	-5.78909	0.0102229	0.915147	0	0.257721	-0.00348392	0.159306	0	0.267133	0	0	0	0	0	2.5744	-0.0585515	0.0660879	0	0	0	0	0	0	0.10928	-0.0109798	-1.50281
2013-10-28 00:00:00	-2.20545	-0.0107455	0.831816	0	-0.134371	-0.00152614	0.0510597	0	0.246422	0	0	0	0	0	0.327392	-0.0586063	0.0661412	0	0	0	0	0	0	0.110321	-0.0110398	-0.788592
2013-10-29 00:00:00	-0.00545454	-0.69736	0.770291	0	-0.106492	-0.000277121	0.00340734	0	0.0950058	0	0	0	0	0	-0.316205	-0.0586207	0.0661524	0	0	0	0	0	0	0.112417	-0.00840166	-0.145537
2013-10-30 00:00:00	-1.79455	0.674875	0.73231	0	0.02296	-8.19119E-05	0.00750549	0	0.0472539	0	0	0	0	0	0.0410203	-0.0586215	0.0661507	0	0	0	0	0	0	0.113041	-0.00700131	-0.155134
2013-10-31 00:00:00	-2.22727	0.0066142	0.777025	0	0.117511	-0.00102192	0.0479219	0	0.0833911	0	0	0	0	0	0.544256	-0.0586497	0.0661732	0	0	0	0	0	0	0.112938	-0.00788826	-0.539003
2013-11-01 00:00:00	0	-0.658122	0.72076	0	-0.147382	-0.000270087	0.00297942	0	0.0912666	0	0	0	0	0	-0.169438	-0.0586449	0.0661795	0	0	0	0	0	0	0.11312	-0.00827499	-0.0478263
2013-11-02 00:00:00	-10.4273	0.640468	0.589936	0	0.556728	-0.0064896	0.297605	0	0.46688	0	0	0	0	0	5.13035	-0.058767	0.0663431	0	0	0	0	0	0	0.112042	-0.0136729	-2.64585
2013-11-03 00:00:00	-4.42727	-0.00806786	0.606623	0	-0.118582	-0.00364955	0.134799	0	0.480075	0	0	0	0	0	1.42899	-0.0589285	0.066456	0	0	0	0	0	0	0.117709	-0.0147539	-1.7966
2013-11-04 00:00:00	-0.00545454	-0.469493	0.510563	0	-0.254562	-0.000560448	0.00660434	0	0.184534	0	0	0	0	0	-0.533314	-0.0590074	0.0665281	0	0	0	0	0	0	0.123455	-0.010133	-0.440841
2013-11-05 00:00:00	-1	0.449973	0.473357	0	0.0364452	-3.79277E-05	0.000231386	0	0.0488322	0	0	0	0	0	-0.32928	-0.0590149	0.0665513	0	0	0	0	0	0	0.126229	-0.00732505	-0.194039
2013-11-06 00:00:00	-4.4	-0.0178324	0.604811	0	0.286732	-0.00491301	0.123908	0	0.203201	0	0	0	0	0	1.97371	-0.0590784	0.0665964	0	0	0	0	0	0	0.126366	-0.00989466	-1.10639
2013-11-07 00:00:00	-3.19455	0.000176609	0.584064	0	0.0055512	-0.00772303	0.0927672	0	0.301612	0	0	0	0	0	1.0458	-0.0591502	0.0666485	0	0	0	0	0	0	0.12714	-0.0117701	-1.04943
2013-11-08 00:00:00	-1.2	-0.0171225	0.541396	0	-0.136288	-0.00349403	0.0278514	0	0.177549	0	0	0	0	0	-0.0818753	-0.0591711	0.0666964	0	0	0	0	0	0	0.129231	-0.00998339	-0.565209
2013-11-09 00:00:00	-4.38909	0.00316116	0.453162	0	0.33066	-0.0145599	0.135514	0	0.256997	0	0	0	0	0	2.01425	-0.0593296	0.066783	0	0	0	0	0	0	0.12983	-0.0107948	-1.08341
2013-11-10 00:00:00	-0.2	-0.244384	0.446915	0	-0.309273	-0.0029222	0.00833353	0	0.202037	0	0	0	0	0	-0.429942	-0.0592739	0.0668508	0	0	0	0	0	0	0.130789	-0.010366	-0.401234
2013-11-11 00:00:00	-3.77273	0.217472	0.608934	0	0.292043	-0.0107064	0.100443	0	0.159879	0	0	0	0	0	1.55676	-0.059314	0.0669568	0	0	0	0	0	0	0.131426	-0.00927565	-0.71811
2013-11-12 00:00:00	-1.22727	-0.00132912	0.572086	0	-0.151068	-0.00506119	0.0294062	0	0.183708	0	0	0	0	0	0.0697044	-0.0593282	0.0671207	0	0	0	0	0	0	0.131447	-0.010101	-0.400688
2013-11-13 00:00:00	-0.983636	-0.0181556	0.551378	0	-0.0555436	-0.00278701	0.0180923	0	0.0933744	0	0	0	0	0	0.0825381	-0.0593772	0.0671399	0	0	0	0	0	0	0.132325	-0.00839833	-0.183051
2013-11-14 00:00:00	0	-0.440015	0.476376	0	-0.045077	-0.00161018	0.00305936	0	0.0555339	0	0	0	0	0	-0.352123	-0.0593684	0.0671368	0	0	0	0	0	0	0.132442	-0.00752043	-0.171167
2013-11-15 00:00:00	-0.983636	0.411189	0.515345	0	-0.0123273	-0.0014715	0.00155625	0	0.037052	0	0	0	0	0	0.0488384	-0.0593595	0.0671424	0	0	0	0	0	0	0.132393	-0.00691922	0.149802
2013-11-16 00:00:00	-0.2	-0.363174	0.583485	0	-0.0462238	-0.00116282	0.00180943	0	0.0338716	0	0	0	0	0	-0.0840737	-0.0593378	0.0671507	0	0	0	0	0	0	0.132351	-0.00678406	0.0579113
2013-11-17 00:00:00	-3.2	0.370617	0.416043	0	0.27986	-0.00589512	0.0811789	0	0.0825412	0	0	0	0	0	1.34157	-0.0596141	0.0671776	0	0	0	0	0	0	0.132076	-0.00775013	-0.502197
2013-11-18 00:00:00	-0.4	-0.0283245	0.404374	0	-0.212983	-0.00217835	0.00754066	0	0.133674	0	0	0	0	0	-0.155059	-0.0596591	0.067344	0	0	0	0	0	0	0.132332	-0.00930645	-0.122245
2013-11-19 00:00:00	-1.2	0.0137552	0.337543	0	0.10417	-0.00380995	0.0299374	0	0.0583118	0	0	0	0	0	0.3853	-0.0596579	0.0673694	0	0	0	0	0	0	0.133113	-0.00747718	-0.141444
2013-11-20 00:00:00	-6.83273	-0.0104532	0.424527	0	0.486001	-0.0288183	0.241835	0	0.394877	0	0	0	0	0	3.49063	-0.0597421	0.0674831	0	0	0	0	0	0	0.132937	-0.0128201	-1.70626
2013-11-21 00:00:00	-0.205455	-0.132009	0.335962	0	-0.409348	-0.00593197	0.0168943	0	0.257132	0	0	0	0	0	-0.25061	-0.0598317	0.0676241	0	0	0	0	0	0	0.136196	-0.0113047	-0.26068
2013-11-22 00:00:00	0	-0.236724	0.257846	0	-0.0276425	-0.00269001	0.00335964	0	0.0560935	0	0	0	0	0	-0.202679	-0.0597671	0.0676709	0	0	0	0	0	0	0.139389	-0.00756591	-0.0127087
2013-11-23 00:00:00	0	-0.279012	0.317956	0	-0.0607364	-0.00249673	0.00262271	0	0.0391188	0	0	0	0	0	-0.110036	-0.0596224	0.0676748	0	0	0	0	0	0	0.13996	-0.00700846	0.0484203
2013-11-24 00:00:00	0	-0.265084	0.302108	0	-0.0101533	-0.00202601	0.00193333	0	0.0306284	0	0	0	0	0	-0.0921915	-0.0596458	0.0676546	0	0	0	0	0	0	0.140414	-0.00671995	0.106917
2013-11-25 00:00:00	-0.2	-0.085962	0.296414	0	-0.0262026	-0.00178669	0.00168749	0	0.0269258	0	0	0	0	0	-0.0797393	-0.059631	0.0676364	0	0	0	0	0	0	0.140998	-0.00657566	0.073764
2013-11-26 00:00:00	-2.00545	0.949742	0.41741	0	0.123754	-0.00288406	0.0189069	0	0.0330372	0	0	0	0	0	0.275501	-0.0596226	0.0675984	0	0	0	0	0	0	0.141162	-0.00672887	-0.0475778
2013-11-27 00:00:00	-0.194545	-0.202463	0.394181	0	-0.0717876	-0.00198428	0.00578543	0	0.0591932	0	0	0	0	0	-0.104412	-0.0596129	0.067636	0	0	0	0	0	0	0.141434	-0.00759395	0.0258298
2013-11-28 00:00:00	0	-0.327569	0.37111	0	-0.0574327	-0.00156798	0.00139928	0	0.0347458	0	0	0	0	0	-0.0769114	-0.0595857	0.0676503	0	0	0	0	0	0	0.141769	-0.00689506	0.0867131
2013-11-29 00:00:00	-3.39455	0.498902	0.387065	0	0.327615	-0.00751278	0.0869233	0	0.0959415	0	0	0	0	0	1.3507	-0.0595456	0.0676943	0	0	0	0	0	0	0.141503	-0.0077047	-0.512966
2013-11-30 00:00:00	-0.2	-0.121181	0.321796	0	-0.243845	-0.00239878	0.00802006	0	0.16767	0	0	0	0	0	-0.134809	-0.0594336	0.0678235	0	0	0	0	0	0	0.141798	-0.00967658	-0.064237
2013-12-01 00:00:00	0	-0.310427	0.342012	0	-0.00476289	-0.00244582	0.00223954	0	0.0430909	0	0	0	0	0	-0.205654	-0.0594204	0.0678069	0	0	0	0	0	0	0.142476	-0.00714022	0.00777549
2013-12-02 00:00:00	-0.394545	0.0706508	0.324399	0	-0.0357469	-0.00172722	0.00154266	0	0.0363328	0	0	0	0	0	-0.0124178	-0.0594032	0.0677857	0	0	0	0	0	0	0.142457	-0.0068117	0.132516
2013-12-03 00:00:00	-3.58909	0.327142	0.394255	0	0.332949	-0.0100155	0.102677	0	0.142926	0	0	0	0	0	1.42699	-0.0594179	0.0678105	0	0	0	0	0	0	0.141982	-0.00843092	-0.730225
2013-12-04 00:00:00	-0.6	-0.00975655	0.328644	0	-0.203799	-0.00452499	0.019446	0	0.19408	0	0	0	0	0	0.0367607	-0.0593638	0.0679965	0	0	0	0	0	0	0.14293	-0.00999466	-0.0975816
2013-12-05 00:00:00	-16.6218	-0.00488857	0.299088	0	1.21239	-0.0755477	0.637375	0	1.50781	0	0	0	0	0	8.74694	-0.0597498	0.0684013	0	0	0	0	0	0	0.142632	-0.022873	-4.17024
2013-12-06 00:00:00	0	-0.250553	0.258324	0	-0.811933	-0.0120904	0.0325848	0	0.651639	0	0	0	0	0	-0.752486	-0.0603646	0.0689676	0	0	0	0	0	0	0.154492	-0.0154905	-0.73691
2013-12-07 00:00:00	-3.38909	0.229952	0.312348	0	0.193447	-0.0196045	0.116526	0	0.335824	0	0	0	0	0	1.09601	-0.0605106	0.0692305	0	0	0	0	0	0	0.159888	-0.0107242	-0.966704
2013-12-08 00:00:00	-10.3291	-0.0111545	0.392344	0	0.665011	-0.0557919	0.408256	0	1.47617	0	0	0	0	0	5.14404	-0.060842	0.0695754	0	0	0	0	0	0	0.159282	-0.0208802	-2.16308
2013-12-09 00:00:00	-2.16182	-0.00870293	0.38331	0	-0.442799	-0.0210044	0.0983317	0	0.79884	0	0	0	0	0	0.435449	-0.0613396	0.0701215	0	0	0	0	0	0	0.169189	-0.0156802	-0.756103
2013-12-10 00:00:00	0	-0.349084	0.37168	0	-0.260836	-0.00744153	0.0147915	0	0.276077	0	0	0	0	0	-0.526968	-0.0614383	0.0705257	0	0	0	0	0	0	0.177628	-0.010464	-0.305531
2013-12-11 00:00:00	0	-0.324692	0.370811	0	-0.0271609	-0.00587346	0.0078538	0	0.12042	0	0	0	0	0	-0.387379	-0.0614473	0.0705811	0	0	0	0	0	0	0.180955	-0.00832398	-0.0642551
2013-12-12 00:00:00	-1.8	0.645244	0.398443	0	0.0464782	-0.0062509	0.0310795	0	0.142186	0	0	0	0	0	0.187799	-0.0615021	0.0706414	0	0	0	0	0	0	0.18156	-0.00845423	-0.172776
2013-12-13 00:00:00	-2.17273	-0.00424931	0.383515	0	0.153993	-0.0137843	0.0780152	0	0.280092	0	0	0	0	0	0.785859	-0.0616044	0.0707973	0	0	0	0	0	0	0.181489	-0.0102322	-0.328837
2013-12-14 00:00:00	-8.98909	-0.00835643	0.364148	0	0.729588	-0.0748115	0.369128	0	1.36832	0	0	0	0	0	4.46935	-0.0617669	0.0709646	0	0	0	0	0	0	0.180394	-0.0185935	-1.60073
2013-12-15 00:00:00	-10.6382	-0.0117699	0.350628	0	0.237647	-0.113901	0.487074	0	2.42192	0	0	0	0	0	4.92691	-0.0621631	0.0714575	0	0	0	0	0	0	0.188088	-0.0252995	-2.16759
2013-12-16 00:00:00	-6.36182	-0.00714006	0.272833	0	-0.132134	-0.0879787	0.308295	0	1.84825	0	0	0	0	0	2.22813	-0.0621527	0.0719767	0	0	0	0	0	0	0.203101	-0.0225827	-1.74122
2013-12-17 00:00:00	-0.00545455	-0.287544	0.306587	0	-0.531985	-0.0269544	0.0371105	0	0.660484	0	0	0	0	0	-0.685751	-0.0622211	0.0725508	0	0	0	0	0	0	0.218066	-0.0141647	-0.319276
2013-12-18 00:00:00	-6.17545	0.269953	0.334623	0	0.656992	-0.0837989	0.264139	0	1.29314	0	0	0	0	0	2.06384	-0.0623294	0.0728381	0	0	0	0	0	0	0.220612	-0.0162659	-1.16171
2013-12-19 00:00:00	-2.19182	-0.00859791	0.337469	0	-0.274028	-0.0497962	0.115444	0	1.05541	0	0	0	0	0	0.383241	-0.0623003	0.0730414	0	0	0	0	0	0	0.224526	-0.0161963	-0.413601
2013-12-20 00:00:00	-12.9509	-0.0100266	0.338808	0	0.916968	-0.197826	0.618325	0	3.41255	0	0	0	0	0	5.60319	-0.0626756	0.0732431	0	0	0	0	0	0	0.222298	-0.0276178	-2.06367
2013-12-21 00:00:00	-13.3727	-0.00823717	0.288133	0	0.149424	-0.277856	0.708313	0	4.60076	0	0	0	0	0	5.23643	-0.063499	0.0736482	0	0	0	0	0	0	0.227776	-0.0339814	-2.47182
2013-12-22 00:00:00	-1.99455	-0.00716267	0.265497	0	-0.680744	-0.103109	0.16026	0	1.85283	0	0	0	0	0	-0.479871	-0.0638883	0.0738485	0	0	0	0	0	0	0.246782	-0.0213559	-0.751465
2013-12-23 00:00:00	-11.6927	-0.00932092	0.290463	0	0.859096	-0.271067	0.660028	0	3.78671	0	0	0	0	0	4.18288	-0.0642288	0.0738525	0	0	0	0	0	0	0.249106	-0.0290312	-1.96424
2013-12-24 00:00:00	-3.8	-0.00875709	0.283173	0	-0.486131	-0.146705	0.26536	0	2.52607	0	0	0	0	0	0.301713	-0.0645981	0.0741214	0	0	0	0	0	0	0.258937	-0.0247364	-0.82155
2013-12-25 00:00:00	-2.56727	-0.0121419	0.293479	0	-0.175314	-0.097732	0.161581	0	1.49224	0	0	0	0	0	-0.00451058	-0.0649056	0.0745103	0	0	0	0	0	0	0.264839	-0.018601	-0.653832
2013-12-26 00:00:00	-1.19455	-0.00723362	0.275722	0	-0.162633	-0.0660972	0.0905459	0	0.945344	0	0	0	0	0	-0.308238	-0.0651109	0.0745686	0	0	0	0	0	0	0.269237	-0.0147058	-0.163147
2013-12-27 00:00:00	-31.1836	-0.0029638	0.310819	0	2.26462	-0.812123	1.79458	0	11.6166	0	0	0	0	0	13.0181	-0.0660528	0.0746599	0	0	0	0	0	0	0.25072	-0.0480858	-2.78283
2013-12-28 00:00:00	-6.34	-0.0110399	0.244179	0	-1.35545	-0.309489	0.480928	0	5.13503	0	0	0	0	0	0.482741	-0.0669457	0.0752096	0	0	0	0	0	0	0.266972	-0.0347339	-1.4326
2013-12-29 00:00:00	-0.805455	-0.00792173	0.303714	0	-0.480694	-0.136568	0.13611	0	1.81517	0	0	0	0	0	-1.41335	-0.0672149	0.0756274	0	0	0	0	0	0	0.279685	-0.0204434	-0.321346
2013-12-30 00:00:00	-21.9891	-0.00593555	0.3143	0	1.75194	-0.737677	1.40149	0	9.28307	0	0	0	0	0	7.86197	-0.0678216	0.0760906	0	0	0	0	0	0	0.267324	-0.0424606	-1.8868
2013-12-31 00:00:00	-0.794546	-0.0088765	0.314118	0	-1.3076	-0.173137	0.178115	0	2.81283	0	0	0	0	0	-1.56834	-0.0686164	0.0768023	0	0	0	0	0	0	0.285174	-0.0254308	-0.27951
2014-01-01 00:00:00	-8.67091	-0.00867602	0.316216	0	0.643245	-0.378053	0.644265	0	4.20662	0	0	0	0	0	2.13185	-0.0689458	0.0773412	0	0	0	0	0	0	0.284801	-0.0285026	-0.850753
2014-01-02 00:00:00	-4.40545	-0.015418	0.277424	0	-0.53763	-0.236957	0.365956	0	3.11199	0	0	0	0	0	0.436255	-0.0698751	0.0772035	0	0	0	0	0	0	0.28907	-0.0260528	-0.733494
2014-01-03 00:00:00	-6.38909	-0.00617119	0.325065	0	0.235208	-0.3225	0.499652	0	3.66505	0	0	0	0	0	1.33459	-0.0703551	0.0773415	0	0	0	0	0	0	0.291158	-0.0277349	-0.38779
2014-01-04 00:00:00	-1.41091	-0.00881283	0.301374	0	-0.548403	-0.14364	0.166061	0	1.79435	0	0	0	0	0	-0.519976	-0.0702687	0.0778759	0	0	0	0	0	0	0.300488	-0.0202035	-0.0820656
2014-01-05 00:00:00	-3.20273	-0.0127856	0.291535	0	0.101182	-0.161195	0.24079	0	1.72855	0	0	0	0	0	0.455136	-0.070319	0.0779667	0	0	0	0	0	0	0.303091	-0.0187267	-0.267507
2014-01-06 00:00:00	-7.00545	-0.00376728	0.307529	0	0.516264	-0.310184	0.517245	0	3.39079	0	0	0	0	0	1.87943	-0.0704503	0.078205	0	0	0	0	0	0	0.298893	-0.0259331	-0.427432
2014-01-07 00:00:00	-3.80273	-0.00629544	0.309683	0	-0.183791	-0.218	0.319432	0	2.60087	0	0	0	0	0	0.581	-0.0708185	0.0786943	0	0	0	0	0	0	0.303142	-0.0236892	-0.112496
2014-01-08 00:00:00	-2.20273	-0.00862334	0.318639	0	-0.232979	-0.138523	0.188108	0	1.63821	0	0	0	0	0	0.0170867	-0.0711116	0.0788812	0	0	0	0	0	0	0.30872	-0.0185985	-0.12292
2014-01-09 00:00:00	-0.2	-0.123853	0.321252	0	-0.516698	-0.0559092	0.0475529	0	0.774282	0	0	0	0	0	-0.56354	-0.0711142	0.0789272	0	0	0	0	0	0	0.313149	-0.0140608	-0.0100123
2014-01-10 00:00:00	-4.40273	0.108134	0.316428	0	0.691665	-0.171069	0.283008	0	1.58783	0	0	0	0	0	0.9248	-0.0711014	0.0791714	0	0	0	0	0	0	0.310658	-0.0169798	-0.360179
2014-01-11 00:00:00	-0.6	-0.011043	0.292505	0	-0.633495	-0.063364	0.0659843	0	0.974562	0	0	0	0	0	-0.360923	-0.0710323	0.0793062	0	0	0	0	0	0	0.313	-0.0153265	-0.0298257
2014-01-12 00:00:00	-0.2	-0.0908253	0.286105	0	-0.214361	-0.0286029	0.0239289	0	0.364909	0	0	0	0	0	-0.339679	-0.071032	0.0792953	0	0	0	0	0	0	0.316173	-0.0111363	0.114775
2014-01-13 00:00:00	-1.8	0.0772206	0.337937	0	0.226538	-0.0586291	0.0950039	0	0.458422	0	0	0	0	0	0.192188	-0.0710765	0.0792893	0	0	0	0	0	0	0.315597	-0.0109827	-0.158492
2014-01-14 00:00:00	-1.8	-0.0073165	0.294988	0	0.0872799	-0.0681904	0.109396	0	0.715231	0	0	0	0	0	0.271345	-0.0711823	0.0792951	0	0	0	0	0	0	0.314563	-0.0127338	-0.0873243
2014-01-15 00:00:00	-11.0082	-0.0122656	0.379511	0	1.21408	-0.413432	0.746408	0	4.4686	0	0	0	0	0	3.60271	-0.071624	0.0795041	0	0	0	0	0	0	0.303537	-0.0280365	-0.739189
2014-01-16 00:00:00	-0.4	-0.0171443	0.363598	0	-1.2423	-0.0919679	0.086946	0	1.69788	0	0	0	0	0	-0.661375	-0.071536	0.0796658	0	0	0	0	0	0	0.311734	-0.019524	0.0359745
2014-01-17 00:00:00	-0.6	0.000772096	0.370935	0	-0.0470986	-0.0534399	0.052018	0	0.477698	0	0	0	0	0	-0.329524	-0.0713429	0.079843	0	0	0	0	0	0	0.31759	-0.0113792	0.186072
2014-01-18 00:00:00	-2.60273	-0.00999428	0.389729	0	0.321873	-0.102163	0.163827	0	0.875477	0	0	0	0	0	0.474966	-0.0713246	0.0800609	0	0	0	0	0	0	0.315914	-0.0129323	-0.177293
2014-01-19 00:00:00	-3.60273	-0.0136202	0.385261	0	0.15927	-0.148593	0.244158	0	1.61666	0	0	0	0	0	0.807957	-0.0713336	0.0802388	0	0	0	0	0	0	0.312562	-0.0178764	-0.248041
2014-01-20 00:00:00	-0.2	-0.187183	0.389631	0	-0.596478	-0.050224	0.0448538	0	0.756173	0	0	0	0	0	-0.376468	-0.0713432	0.0802693	0	0	0	0	0	0	0.316359	-0.0140543	0.0915355
2014-01-21 00:00:00	-1.8	0.17832	0.318937	0	0.205459	-0.0616	0.0949434	0	0.516344	0	0	0	0	0	0.219543	-0.0713861	0.0802632	0	0	0	0	0	0	0.318284	-0.0114191	-0.0123117
2014-01-22 00:00:00	-2.00273	-0.00480695	0.401106	0	0.0669704	-0.0792388	0.124008	0	0.802364	0	0	0	0	0	0.366538	-0.0714138	0.0802971	0	0	0	0	0	0	0.316926	-0.0131316	-0.0131099
2014-01-23 00:00:00	-3.60273	-0.00719484	0.37214	0	0.33213	-0.139094	0.235728	0	1.39174	0	0	0	0	0	0.872623	-0.0719005	0.0804693	0	0	0	0	0	0	0.314889	-0.015895	-0.237096
2014-01-24 00:00:00	-5.80545	-0.00689378	0.37551	0	0.341275	-0.245111	0.408825	0	2.70329	0	0	0	0	0	1.59708	-0.0721348	0.0802764	0	0	0	0	0	0	0.310825	-0.0228678	-0.335385
2014-01-25 00:00:00	-17.4136	-0.00304557	0.439626	0	1.15302	-0.782522	1.33551	0	8.5715	0	0	0	0	0	5.53543	-0.0725147	0.0804783	0	0	0	0	0	0	0.298758	-0.0402926	-0.897698
2014-01-26 00:00:00	-3.40273	-0.013296	0.403976	0	-1.22268	-0.301737	0.374126	0	3.84963	0	0	0	0	0	-0.11212	-0.0731423	0.0806477	0	0	0	0	0	0	0.310898	-0.0282204	-0.134641
2014-01-27 00:00:00	-1.6	0.00046237	0.434109	0	-0.185633	-0.169694	0.190059	0	1.65796	0	0	0	0	0	-0.506354	-0.0731827	0.081151	0	0	0	0	0	0	0.31912	-0.0183193	0.12968
2014-01-28 00:00:00	-1.8	-0.00668046	0.430014	0	-0.105363	-0.131605	0.160966	0	1.27874	0	0	0	0	0	-0.180077	-0.0734203	0.0811428	0	0	0	0	0	0	0.321465	-0.0159222	-0.0407367
2014-01-29 00:00:00	-4.00273	-0.000667021	0.454502	0	0.355432	-0.209266	0.309261	0	1.99031	0	0	0	0	0	0.677208	-0.0734198	0.0812319	0	0	0	0	0	0	0.319181	-0.0195266	-0.118483
2014-01-30 00:00:00	0	-0.294922	0.314644	0	-0.617082	-0.0636839	0.0492593	0	0.904604	0	0	0	0	0	-0.451805	-0.0734782	0.0813445	0	0	0	0	0	0	0.324037	-0.0151849	0.157732
2014-01-31 00:00:00	-2.00273	0.280989	0.405428	0	0.0669316	-0.094348	0.121227	0	0.728388	0	0	0	0	0	0.107419	-0.0734861	0.0813744	0	0	0	0	0	0	0.325189	-0.0122457	-0.0658616
2014-02-01 00:00:00	-13.6873	-0.00452138	0.475119	0	1.54581	-0.667834	1.05784	0	6.04597	0	0	0	0	0	4.1457	-0.0735459	0.08146	0	0	0	0	0	0	0.310111	-0.0324786	-0.803639
2014-02-02 00:00:00	-1.59455	-0.00278432	0.503151	0	-1.11443	-0.223787	0.21182	0	2.61199	0	0	0	0	0	-0.510667	-0.0735115	0.0817197	0	0	0	0	0	0	0.319961	-0.0232826	0.185633
2014-02-03 00:00:00	0	-0.466672	0.513898	0	-0.474601	-0.0782094	0.0596911	0	0.79303	0	0	0	0	0	-0.617418	-0.0736728	0.0816572	0	0	0	0	0	0	0.328457	-0.01342	0.05274
2014-02-04 00:00:00	-1.61636	0.448747	0.484062	0	-0.0294421	-0.0670706	0.0820529	0	0.505108	0	0	0	0	0	-0.169956	-0.0736855	0.0818765	0	0	0	0	0	0	0.330255	-0.0114128	-0.0358289
2014-02-05 00:00:00	-11.8509	0.000791615	0.514094	0	1.64039	-0.608132	0.995745	0	4.97094	0	0	0	0	0	3.57422	-0.0738186	0.0821372	0	0	0	0	0	0	0.316486	-0.0292575	-0.467314
2014-02-06 00:00:00	-0.594545	-0.0256243	0.518086	0	-1.55427	-0.153074	0.122722	0	2.04159	0	0	0	0	0	-0.824421	-0.0739257	0.0826584	0	0	0	0	0	0	0.325645	-0.0208084	-0.155966
2014-02-07 00:00:00	-0.205455	-0.248602	0.472399	0	-0.137914	-0.0748952	0.0641352	0	0.556534	0	0	0	0	0	-0.53144	-0.0739207	0.0829461	0	0	0	0	0	0	0.33278	-0.0118945	0.224673
2014-02-08 00:00:00	-14.9636	0.256738	0.5455	0	2.01179	-0.768359	1.21491	0	6.34491	0	0	0	0	0	4.52938	-0.074227	0.0830296	0	0	0	0	0	0	0.316538	-0.0322	-0.535624
2014-02-09 00:00:00	-2.64909	-0.00780063	0.558647	0	-1.19168	-0.321831	0.34454	0	3.24299	0	0	0	0	0	-0.216561	-0.0744433	0.0830996	0	0	0	0	0	0	0.323737	-0.0256516	0.0659553
2014-02-10 00:00:00	-0.789091	-0.0182874	0.562622	0	-0.483268	-0.101297	0.0919318	0	1.04041	0	0	0	0	0	-0.573108	-0.0746462	0.0830103	0	0	0	0	0	0	0.332514	-0.0153744	0.0554209
2014-02-11 00:00:00	-0.621818	-0.0172847	0.543505	0	-0.26179	-0.0739045	0.067535	0	0.603696	0	0	0	0	0	-0.423027	-0.0747156	0.0830316	0	0	0	0	0	0	0.334936	-0.0120475	0.148116
2014-02-12 00:00:00	-8.36364	0.0209677	0.55579	0	1.2251	-0.44299	0.707096	0	3.39642	0	0	0	0	0	2.26992	-0.0748864	0.0830007	0	0	0	0	0	0	0.325722	-0.0241416	-0.321636
2014-02-13 00:00:00	-1.82909	-0.00672382	0.576689	0	-0.782613	-0.225891	0.302922	0	1.89547	0	0	0	0	0	-0.256535	-0.0750836	0.0832086	0	0	0	0	0	0	0.330131	-0.0202326	-0.00774777
2014-02-14 00:00:00	-8.20182	-0.00326717	0.607917	0	1.0118	-0.48715	0.761124	0	3.70168	0	0	0	0	0	1.9756	-0.0754651	0.0834046	0	0	0	0	0	0	0.32564	-0.0261396	-0.326686
2014-02-15 00:00:00	-4.47636	-0.0137361	0.639142	0	-0.55267	-0.372061	0.480645	0	3.22162	0	0	0	0	0	0.516689	-0.0757752	0.0838213	0	0	0	0	0	0	0.327725	-0.0254665	-0.246431
2014-02-16 00:00:00	0	-0.538209	0.601864	0	-0.703102	-0.119743	0.0963192	0	1.15733	0	0	0	0	0	-0.686576	-0.0759622	0.0840579	0	0	0	0	0	0	0.335935	-0.0163066	0.13561
2014-02-17 00:00:00	-2.18364	0.521362	0.700164	0	0.0155751	-0.0831366	0.10428	0	0.648701	0	0	0	0	0	-0.0550249	-0.0759983	0.0840416	0	0	0	0	0	0	0.340067	-0.0120713	0.00432414
2014-02-18 00:00:00	-1.61636	0.00886701	0.719865	0	-0.0574535	-0.0905093	0.114197	0	0.756189	0	0	0	0	0	-0.082192	-0.0760185	0.0840681	0	0	0	0	0	0	0.338986	-0.0132185	0.0864169
2014-02-19 00:00:00	-3.98909	-0.00557547	0.755863	0	0.503542	-0.180964	0.271214	0	1.44711	0	0	0	0	0	0.75443	-0.0760799	0.0840751	0	0	0	0	0	0	0.336532	-0.0161276	-0.115074
2014-02-20 00:00:00	-0.703636	-0.169398	0.770395	0	-0.702608	-0.0786208	0.0893543	0	0.784445	0	0	0	0	0	-0.364811	-0.0761149	0.0841496	0	0	0	0	0	0	0.338878	-0.0144789	-0.0424445
2014-02-21 00:00:00	-1.89182	0.150682	0.738911	0	0.106003	-0.0620166	0.0928246	0	0.46417	0	0	0	0	0	0.136783	-0.0761303	0.0842192	0	0	0	0	0	0	0.341081	-0.0111977	0.0735109
2014-02-22 00:00:00	-1.44364	-0.000158506	0.829703	0	-0.166604	-0.0541964	0.0808821	0	0.496487	0	0	0	0	0	-0.0113634	-0.076212	0.0842174	0	0	0	0	0	0	0.3403	-0.0120031	0.0674156
2014-02-23 00:00:00	-6.23818	-0.0185491	0.92293	0	0.915119	-0.261768	0.429469	0	2.0369	0	0	0	0	0	1.53714	-0.0763142	0.0844504	0	0	0	0	0	0	0.334797	-0.0188401	-0.352849
2014-02-24 00:00:00	-10.9091	-0.00262644	0.79169	0	0.676628	-0.66902	0.967234	0	5.30874	0	0	0	0	0	3.02344	-0.0763484	0.0848673	0	0	0	0	0	0	0.325279	-0.0316284	-0.510838
2014-02-25 00:00:00	-3.2	-0.00318815	0.853944	0	-0.791904	-0.344553	0.365168	0	3.00449	0	0	0	0	0	-0.0215781	-0.0765886	0.0850533	0	0	0	0	0	0	0.3326	-0.0248093	0.178629
2014-02-26 00:00:00	-3.38909	-0.00206963	0.869085	0	-0.01104	-0.245392	0.290032	0	1.95675	0	0	0	0	0	0.227369	-0.0767062	0.0850621	0	0	0	0	0	0	0.337583	-0.0196241	0.0219577
2014-02-27 00:00:00	-2.29727	0.0156891	0.808131	0	-0.113837	-0.175714	0.194217	0	1.43847	0	0	0	0	0	-0.0688518	-0.076722	0.0851349	0	0	0	0	0	0	0.340427	-0.0170947	0.132574
2014-02-28 00:00:00	-1.28091	-0.012272	0.709724	0	-0.363374	-0.092335	0.090165	0	0.846454	0	0	0	0	0	-0.231766	-0.0767307	0.0851677	0	0	0	0	0	0	0.343972	-0.0137258	0.00437129
2014-03-01 00:00:00	-2.8	-0.000715228	0.764668	0	0.251369	-0.132165	0.179774	0	1.04184	0	0	0	0	0	0.305553	-0.0767489	0.0851939	0	0	0	0	0	0	0.343508	-0.0140487	-0.0517694
2014-03-02 00:00:00	-5.49727	-0.0146382	0.862706	0	0.467366	-0.294079	0.410084	0	2.34407	0	0	0	0	0	1.18522	-0.0767307	0.0852993	0	0	0	0	0	0	0.338259	-0.0204639	-0.210182
2014-03-03 00:00:00	-0.594545	-0.21214	0.83068	0	-0.867866	-0.109184	0.0735261	0	1.13666	0	0	0	0	0	-0.490457	-0.0767616	0.0854005	0	0	0	0	0	0	0.343388	-0.0164675	0.102235
2014-03-04 00:00:00	-0.394545	-0.409996	0.874597	0	-0.257212	-0.0272266	0.0160766	0	0.279259	0	0	0	0	0	-0.243593	-0.076762	0.0853268	0	0	0	0	0	0	0.348608	-0.0104295	0.184104
2014-03-05 00:00:00	-0.194545	-0.655919	1.00938	0	-0.325105	-0.0193259	0.0119903	0	0.193163	0	0	0	0	0	-0.135979	-0.0767824	0.0853646	0	0	0	0	0	0	0.348002	-0.00939805	0.230849
2014-03-06 00:00:00	-3.00545	1.15907	1.15309	0	0.133921	-0.0248312	0.0468621	0	0.212479	0	0	0	0	0	0.0599035	-0.0767869	0.0853871	0	0	0	0	0	0	0.346653	-0.00967344	0.0806111
2014-03-07 00:00:00	-8.89727	0.101558	0.972108	0	1.52694	-0.345808	0.573015	0	2.84307	0	0	0	0	0	2.39717	-0.0768433	0.0854324	0	0	0	0	0	0	0.337394	-0.0222645	-0.505499
2014-03-08 00:00:00	-0.2	-0.749865	1.0565	0	-1.07032	-0.125924	0.083553	0	1.34134	0	0	0	0	0	-0.555416	-0.0769039	0.0854903	0	0	0	0	0	0	0.342897	-0.0175184	0.113838
2014-03-09 00:00:00	-6.07	0.742519	1.13554	0	0.796888	-0.229511	0.341507	0	1.77485	0	0	0	0	0	1.02182	-0.0769197	0.085604	0	0	0	0	0	0	0.342907	-0.0169545	-0.151757
2014-03-10 00:00:00	-1.8	0.00270254	1.00738	0	-0.509328	-0.13626	0.132848	0	1.29152	0	0	0	0	0	-0.199468	-0.0769143	0.0856727	0	0	0	0	0	0	0.343814	-0.0167828	0.125183
2014-03-11 00:00:00	-0.394545	-0.742653	1.24263	0	-0.543897	-0.0408285	0.0260811	0	0.460121	0	0	0	0	0	-0.296527	-0.0769259	0.085682	0	0	0	0	0	0	0.348424	-0.0116335	0.0559309
2014-03-12 00:00:00	-0.194545	-0.800929	1.6092	0	-0.589643	-0.00903496	0.00440288	0	0.147706	0	0	0	0	0	-0.245683	-0.07694	0.0857062	0	0	0	0	0	0	0.349393	-0.00940928	0.270219
2014-03-13 00:00:00	-0.2	-0.411552	1.13472	0	-0.497168	-0.00372862	0.00169925	0	0.0755585	0	0	0	0	0	-0.157522	-0.0769585	0.0857116	0	0	0	0	0	0	0.348075	-0.00873265	0.290107
2014-03-14 00:00:00	-0.2	-0.453762	1.23966	0	-0.34327	-0.00314155	0.00169909	0	0.0580258	0	0	0	0	0	-0.0839469	-0.0769587	0.0857055	0	0	0	0	0	0	0.346219	-0.00842504	0.561804
2014-03-15 00:00:00	-0.4	-0.375005	1.22321	0	-0.277253	-0.00177336	0.000949836	0	0.0666084	0	0	0	0	0	-0.0757973	-0.0769516	0.0856838	0	0	0	0	0	0	0.344785	-0.00857653	0.505876
2014-03-16 00:00:00	-0.405455	-0.405595	1.29746	0	-0.25946	-0.000803764	0.000422868	0	0.0533185	0	0	0	0	0	-0.0282408	-0.0769379	0.0856578	0	0	0	0	0	0	0.343531	-0.00834588	0.595552
2014-03-17 00:00:00	-0.794545	-0.237144	1.24459	0	-0.0870607	-0.00134511	0.00089387	0	0.0400365	0	0	0	0	0	-0.00518948	-0.0769214	0.0856357	0	0	0	0	0	0	0.342223	-0.00807087	0.503098
2014-03-18 00:00:00	-4.06455	1.45292	1.33098	0	0.550782	-0.00718209	0.00581718	0	0.069377	0	0	0	0	0	0.318284	-0.0769061	0.0856545	0	0	0	0	0	0	0.340516	-0.00853189	-0.00283421
2014-03-19 00:00:00	-0.389091	-0.951245	1.48635	0	-0.0950113	-0.00457163	0.00348075	0	0.0941743	0	0	0	0	0	-0.0593466	-0.0768921	0.0856606	0	0	0	0	0	0	0.339643	-0.00894948	0.424204
2014-03-20 00:00:00	-13.4273	2.89535	1.31897	0	2.63482	-0.195012	0.485885	0	1.95255	0	0	0	0	0	2.58728	-0.0769588	0.0857713	0	0	0	0	0	0	0.331624	-0.0170036	-1.424
2014-03-21 00:00:00	-6.29727	-0.0088127	1.23024	0	0.00660055	-0.305472	0.459363	0	3.12052	0	0	0	0	0	1.10957	-0.0770807	0.0858201	0	0	0	0	0	0	0.330086	-0.0256457	-0.372082
2014-03-22 00:00:00	-0.66	-0.470265	1.13959	0	-0.689582	-0.0982087	0.0841703	0	1.07327	0	0	0	0	0	-0.580147	-0.0771172	0.0858233	0	0	0	0	0	0	0.339975	-0.0160453	0.131466
2014-03-23 00:00:00	-0.389091	-0.629395	1.12701	0	-0.418942	-0.0428035	0.0315846	0	0.375615	0	0	0	0	0	-0.306324	-0.0771123	0.0858413	0	0	0	0	0	0	0.345118	-0.0106317	0.090872
2014-03-24 00:00:00	-0.194545	-0.60229	1.52351	0	-0.642769	-0.00598522	0.00303583	0	0.139012	0	0	0	0	0	-0.292516	-0.0771016	0.0858503	0	0	0	0	0	0	0.346	-0.009433	0.272769
2014-03-25 00:00:00	-0.205455	-0.525087	1.39404	0	-0.502615	-0.0041543	0.00208788	0	0.0709538	0	0	0	0	0	-0.149776	-0.0770993	0.0858798	0	0	0	0	0	0	0.343854	-0.0086493	0.423978
2014-03-26 00:00:00	-1.22182	0.00281562	1.22684	0	0.0510677	-0.00723152	0.00566401	0	0.0742165	0	0	0	0	0	-0.0345319	-0.0770937	0.0858726	0	0	0	0	0	0	0.342352	-0.0086501	0.439502
2014-03-27 00:00:00	-3.2	1.01052	1.36631	0	0.342336	-0.0119477	0.0143013	0	0.114048	0	0	0	0	0	0.151963	-0.0770917	0.0858706	0	0	0	0	0	0	0.340878	-0.00902979	0.128157
2014-03-28 00:00:00	-0.805454	-0.505285	1.36866	0	-0.149969	-0.00798295	0.00752474	0	0.128185	0	0	0	0	0	-0.0335536	-0.0770783	0.0858605	0	0	0	0	0	0	0.340038	-0.0091013	0.34184
2014-03-29 00:00:00	-4.44818	1.20322	1.49023	0	0.594447	-0.0363193	0.0914516	0	0.316048	0	0	0	0	0	0.401703	-0.0770761	0.0858683	0	0	0	0	0	0	0.336785	-0.00958843	-0.0514187
2014-03-30 00:00:00	-0.194545	-1.09308	1.52009	0	-0.406854	-0.0090631	0.0122126	0	0.263073	0	0	0	0	0	-0.108087	-0.0770568	0.0858586	0	0	0	0	0	0	0.335886	-0.0108009	0.317634
2014-03-31 00:00:00	-0.194545	-0.55716	1.45442	0	-0.496949	-0.000554834	0.000258323	0	0.0616709	0	0	0	0	0	-0.110577	-0.0770191	0.0857914	0	0	0	0	0	0	0.336269	-0.0085421	0.493064
2014-04-01 00:00:00	-15.6809	2.16463	1.39662	0	2.94548	-0.376928	0.749514	0	3.25697	0	0	0	0	0	3.67074	-0.0771174	0.0859423	0	0	0	0	0	0	0.325685	-0.0223086	-1.56168
2014-04-02 00:00:00	0	-1.17146	1.54075	0	-1.59963	-0.125715	0.085197	0	1.72443	0	0	0	0	0	-0.767416	-0.0772143	0.0859689	0	0	0	0	0	0	0.334566	-0.0196049	0.00986728
2014-04-03 00:00:00	-1.89727	0.24754	1.6388	0	-0.134182	-0.0432318	0.0303482	0	0.337952	0	0	0	0	0	-0.330453	-0.0772046	0.0859698	0	0	0	0	0	0	0.341656	-0.0105427	0.189385
2014-04-04 00:00:00	-4.99454	0.905271	1.69278	0	0.597464	-0.110428	0.196912	0	0.876248	0	0	0	0	0	0.475518	-0.0772016	0.0859818	0	0	0	0	0	0	0.33881	-0.0125212	-0.0257138
2014-04-05 00:00:00	-1	-0.669165	1.76783	0	-0.58556	-0.0456271	0.0377581	0	0.618892	0	0	0	0	0	-0.306622	-0.0771999	0.0860886	0	0	0	0	0	0	0.339561	-0.0131221	0.152829
2014-04-06 00:00:00	-0.4	-0.899641	1.91577	0	-0.607241	-0.00655302	0.00344583	0	0.165842	0	0	0	0	0	-0.179466	-0.0771831	0.0860707	0	0	0	0	0	0	0.342101	-0.0096313	0.333513
2014-04-07 00:00:00	-6.09182	1.58368	1.54543	0	1.12333	-0.0794875	0.167731	0	0.519581	0	0	0	0	0	0.739503	-0.077199	0.0860937	0	0	0	0	0	0	0.338415	-0.010307	-0.155047
2014-04-08 00:00:00	-1.29727	-0.387013	1.72364	0	-0.61597	-0.0368542	0.0350112	0	0.605844	0	0	0	0	0	-0.216949	-0.0772006	0.0861001	0	0	0	0	0	0	0.337606	-0.013128	0.143817
2014-04-09 00:00:00	-5.89182	0.391852	1.94639	0	0.819675	-0.143247	0.263585	0	1.17477	0	0	0	0	0	0.936076	-0.0773483	0.0860075	0	0	0	0	0	0	0.335173	-0.0140114	-0.172903
2014-04-10 00:00:00	-0.6	-1.02581	1.7756	0	-0.791482	-0.0443074	0.0323613	0	0.696906	0	0	0	0	0	-0.253387	-0.0773421	0.0860071	0	0	0	0	0	0	0.336314	-0.0139214	0.120945
2014-04-11 00:00:00	0	-0.752469	1.67831	0	-0.823572	-0.0042269	0.00170483	0	0.112232	0	0	0	0	0	-0.296618	-0.0773332	0.0859944	0	0	0	0	0	0	0.338671	-0.00925887	0.25343
2014-04-12 00:00:00	-0.6	-0.59809	1.9083	0	-0.520908	-0.00205081	0.000818275	0	0.0576458	0	0	0	0	0	-0.109024	-0.0773439	0.085979	0	0	0	0	0	0	0.335716	-0.00838349	0.47266
2014-04-13 00:00:00	-3.99455	1.20643	1.79313	0	0.576212	-0.00756382	0.00600343	0	0.0696688	0	0	0	0	0	0.236942	-0.0773368	0.085965	0	0	0	0	0	0	0.33337	-0.00851194	0.219768
2014-04-14 00:00:00	0	-1.33738	1.91536	0	-0.4889	-0.00268254	0.00185056	0	0.0945701	0	0	0	0	0	-0.0663633	-0.0773237	0.0859449	0	0	0	0	0	0	0.332576	-0.00891097	0.448741
2014-04-15 00:00:00	0	-0.928978	2.15936	0	-0.80342	-0.000335017	5.23572E-05	0	0.0375854	0	0	0	0	0	-0.121617	-0.0772868	0.0858576	0	0	0	0	0	0	0.330822	-0.00806854	0.673974
2014-04-16 00:00:00	0	-0.838364	1.93068	0	-0.419543	-0.000242057	2.12421E-05	0	0.0251756	0	0	0	0	0	-0.208625	-0.077236	0.0857666	0	0	0	0	0	0	0.328793	-0.00776542	0.818661
2014-04-17 00:00:00	-1	-0.439941	1.85649	0	-0.0271149	-0.000318924	1.29689E-05	0	0.0254039	0	0	0	0	0	-0.0390119	-0.0772153	0.0857211	0	0	0	0	0	0	0.325167	-0.0076672	0.701524
2014-04-18 00:00:00	0	-1.11362	3.05143	0	-0.555773	-0.000166151	3.69908E-06	0	0.0270361	0	0	0	0	0	-0.534294	-0.0771629	0.0856446	0	0	0	0	0	0	0.321112	-0.00769119	1.19652
2014-04-19 00:00:00	-0.00545454	0	2.62886	0	-0.559818	0	0	0	0.00279477	0	0	0	0	0	-0.678551	-0.0769915	0.0854212	0	0	0	0	0	0	0.318324	-0.00729927	1.70729
2014-04-20 00:00:00	0	0	2.2429	0	-0.386382	0	0	0	0	0	0	0	0	0	-0.637546	-0.0769019	0.0853225	0	0	0	0	0	0	0.310921	-0.00718583	1.53112
2014-04-21 00:00:00	0	0	1.92939	0	-0.162094	0	0	0	0	0	0	0	0	0	-0.56203	-0.0766955	0.0851128	0	0	0	0	0	0	0.306575	-0.00716511	1.5131
2014-04-22 00:00:00	-1.49727	0	2.10613	0	0.0692443	0	0	0	0	0	0	0	0	0	-0.106238	-0.0766394	0.0850382	0	0	0	0	0	0	0.30165	-0.00712757	0.874788
2014-04-23 00:00:00	-0.4	0	2.18958	0	0.0575882	0	0	0	0	0	0	0	0	0	-0.639966	-0.0765043	0.0849214	0	0	0	0	0	0	0.293227	-0.00705165	1.5018
2014-04-24 00:00:00	-0.8	0	2.09735	0	-0.0427932	0	0	0	0	0	0	0	0	0	-0.281156	-0.076328	0.0848432	0	0	0	0	0	0	0.285177	-0.00698842	1.26011
2014-04-25 00:00:00	-7.89182	2.49834	2.0678	0	0.489724	0	0	0	0.00146134	0	0	0	0	0	1.23461	-0.0763062	0.0849347	0	0	0	0	0	0	0.281414	-0.00698061	-1.31683
2014-04-26 00:00:00	-6.29182	1.24131	2.397	0	0.652385	-0.00295137	0.00234085	0	0.0232753	0	0	0	0	0	1.04755	-0.0763794	0.085057	0	0	0	0	0	0	0.278674	-0.00743841	-0.651002
2014-04-27 00:00:00	-2.29727	-0.160182	2.33815	0	0.0869524	-0.00213362	0.00230886	0	0.0562956	0	0	0	0	0	-0.0120262	-0.0763608	0.0850871	0	0	0	0	0	0	0.276961	-0.00847919	0.289297
2014-04-28 00:00:00	-1	-1.10253	2.25566	0	-0.0108174	-0.00174326	0.00200154	0	0.0280378	0	0	0	0	0	0.0280105	-0.0763062	0.0850272	0	0	0	0	0	0	0.273905	-0.00774355	0.473499
2014-04-29 00:00:00	0	-1.25081	2.79509	0	-0.517124	0	0	0	0.0102235	0	0	0	0	0	-0.440357	-0.0761617	0.0849198	0	0	0	0	0	0	0.270948	-0.00725146	0.869483
2014-04-30 00:00:00	-6.49182	1.93981	2.26937	0	0.923797	-0.00274847	0.00308494	0	0.00877859	0	0	0	0	0	0.753606	-0.0761244	0.0849664	0	0	0	0	0	0	0.265145	-0.0070591	-0.329194
2014-05-01 00:00:00	-1.93545	-0.199175	2.0091	0	0.0627371	-0.00358793	0.00476058	0	0.0472636	0	0	0	0	0	-0.0467592	-0.0761085	0.0849852	0	0	0	0	0	0	0.263017	-0.0081157	0.202667
2014-05-02 00:00:00	-0.194545	-1.37795	2.21221	0	-0.317169	-0.00141656	0.00141785	0	0.0261316	0	0	0	0	0	-0.0447998	-0.0760571	0.0849299	0	0	0	0	0	0	0.263719	-0.00758359	0.568887
2014-05-03 00:00:00	-0.194545	-0.891766	2.21188	0	-0.555139	0	0	0	0.0126161	0	0	0	0	0	-0.182241	-0.0759436	0.0847787	0	0	0	0	0	0	0.262052	-0.00722467	0.664467
2014-05-04 00:00:00	-1.49727	-0.538164	2.53633	0	0.15527	0	0	0	0.0039951	0	0	0	0	0	-0.16035	-0.0758434	0.084788	0	0	0	0	0	0	0.251909	-0.00678786	0.753878
2014-05-05 00:00:00	0	-0.131575	2.50717	0	-0.437415	0	0	0	0.00491991	0	0	0	0	0	-0.762577	-0.0756413	0.0846777	0	0	0	0	0	0	0.246989	-0.00681344	1.42974
2014-05-06 00:00:00	-0.719091	-0.0211054	2.54049	0	-0.374515	0	0	0	0	0	0	0	0	0	-0.558942	-0.0754529	0.0846715	0	0	0	0	0	0	0.24219	-0.00662699	1.11162
2014-05-07 00:00:00	-9.37909	2.89252	2.43802	0	1.34851	-0.0023998	0.00532796	0	0.00486586	0	0	0	0	0	1.30125	-0.0755764	0.0847945	0	0	0	0	0	0	0.23888	-0.00661073	-1.14951
2014-05-08 00:00:00	-4.41091	0.49455	2.61883	0	0.565233	-0.0096878	0.0144856	0	0.0795271	0	0	0	0	0	0.247053	-0.075622	0.0848792	0	0	0	0	0	0	0.238912	-0.00830025	-0.16105
2014-05-09 00:00:00	-1.98909	-0.49934	2.57422	0	0.00383058	-0.00570081	0.00605278	0	0.0788472	0	0	0	0	0	-0.021403	-0.0755881	0.0848615	0	0	0	0	0	0	0.239368	-0.00820449	0.387852
2014-05-10 00:00:00	-5.72546	1.10681	2.48066	0	0.591987	-0.0253244	0.118225	0	0.180778	0	0	0	0	0	0.559533	-0.0755998	0.0848774	0	0	0	0	0	0	0.239079	-0.00839126	-0.472819
2014-05-11 00:00:00	-2.02182	-0.420057	2.49634	0	-0.174136	-0.01127	0.0276664	0	0.198633	0	0	0	0	0	-0.0776702	-0.075598	0.0848933	0	0	0	0	0	0	0.239762	-0.0100431	0.256705
2014-05-12 00:00:00	-6.89636	1.56533	2.43075	0	0.520152	-0.0431751	0.198819	0	0.447982	0	0	0	0	0	0.801627	-0.0755556	0.0849182	0	0	0	0	0	0	0.239716	-0.0109916	-0.736789
2014-05-13 00:00:00	0	-2.12344	3.67137	0	-1.20023	-0.00672564	0.0128347	0	0.243077	0	0	0	0	0	-0.403573	-0.0755101	0.0848853	0	0	0	0	0	0	0.243591	-0.0104623	0.435811
2014-05-14 00:00:00	0	-1.54434	3.65341	0	-1.14328	0	0	0	0.0236976	0	0	0	0	0	-0.428959	-0.0754324	0.0847544	0	0	0	0	0	0	0.244805	-0.00729772	0.807366
2014-05-15 00:00:00	-0.302727	-1.07661	2.71468	0	-0.203037	0	0	0	0.011526	0	0	0	0	0	-0.542899	-0.0753236	0.0846009	0	0	0	0	0	0	0.243455	-0.00687067	0.846796
2014-05-16 00:00:00	0	-0.401639	2.88308	0	-0.23602	0	0	0	0.00198638	0	0	0	0	0	-1.00598	-0.0751766	0.0843813	0	0	0	0	0	0	0.240738	-0.00660927	1.48476
2014-05-17 00:00:00	-0.00545454	0	2.80366	0	-0.254512	0	0	0	0	0	0	0	0	0	-0.896937	-0.0750201	0.0840585	0	0	0	0	0	0	0.237815	-0.00651293	1.8871
2014-05-18 00:00:00	0	0	2.61434	0	-0.0929419	0	0	0	0	0	0	0	0	0	-0.923362	-0.0748748	0.083649	0	0	0	0	0	0	0.235301	-0.00649106	1.83562
2014-05-19 00:00:00	0	0	3.18577	0	-0.0498804	0	0	0	0	0	0	0	0	0	-1.09936	-0.0746805	0.0830781	0	0	0	0	0	0	0.23255	-0.00646717	2.27101
2014-05-20 00:00:00	-1.00273	0	2.66184	0	0.00375966	0	0	0	0	0	0	0	0	0	-0.465067	-0.0745205	0.0829638	0	0	0	0	0	0	0.228634	-0.00643123	1.42845
2014-05-21 00:00:00	-0.2	0	2.72402	0	-0.0188298	0	0	0	0	0	0	0	0	0	-0.812137	-0.074266	0.0828209	0	0	0	0	0	0	0.226165	-0.00640454	1.92137
2014-05-22 00:00:00	-3.70545	0.876952	2.64428	0	0.122657	0	0	0	0	0	0	0	0	0	0.129062	-0.0741736	0.0828229	0	0	0	0	0	0	0.222432	-0.00636774	0.292211
2014-05-23 00:00:00	-0.302727	-0.876952	2.36268	0	-0.0305568	0	0	0	0	0	0	0	0	0	-0.38414	-0.0740759	0.0827291	0	0	0	0	0	0	0.218225	-0.00633069	0.988849
2014-05-24 00:00:00	-2.40273	0.0101096	2.6675	0	0.0583863	0	0	0	0	0	0	0	0	0	-0.188829	-0.0739849	0.0825847	0	0	0	0	0	0	0.215014	-0.00629821	0.36175
2014-05-25 00:00:00	-9.91364	2.99933	2.91692	0	0.326081	0	0	0	0.000345934	0	0	0	0	0	1.58006	-0.0740897	0.0825968	0	0	0	0	0	0	0.212098	-0.00621537	-1.87651
2014-05-26 00:00:00	-2.20273	-0.702706	3.00865	0	0.0254213	0	0	0	0.00144621	0	0	0	0	0	-0.00900917	-0.0741299	0.0826433	0	0	0	0	0	0	0.211849	-0.00621141	0.33523
2014-05-27 00:00:00	-1.00273	-1.25358	2.94024	0	-0.0250753	0	0	0	0.00109325	0	0	0	0	0	-0.189837	-0.0740659	0.0825747	0	0	0	0	0	0	0.209823	-0.00619433	0.682257
2014-05-28 00:00:00	-8.81364	2.59255	3.00658	0	0.578817	-0.0012675	0.00149247	0	0.00456814	0	0	0	0	0	1.31968	-0.0740779	0.0826055	0	0	0	0	0	0	0.206954	-0.00619333	-1.10194
2014-05-29 00:00:00	0	-1.8573	2.80876	0	-0.243215	-0.000687271	0.000697301	0	0.0126115	0	0	0	0	0	-0.378207	-0.0740533	0.0826045	0	0	0	0	0	0	0.206434	-0.00658341	0.551053
2014-05-30 00:00:00	0	-1.24086	2.81417	0	-0.401835	0	0	0	0.00688463	0	0	0	0	0	-0.588852	-0.0739135	0.0826051	0	0	0	0	0	0	0.205941	-0.00646833	0.797673
2014-05-31 00:00:00	0	-0.543094	3.9492	0	-0.260459	0	0	0	0	0	0	0	0	0	-1.11781	-0.0737306	0.0821194	0	0	0	0	0	0	0.204289	-0.00617137	2.23434
2014-06-01 00:00:00	-1	-0.00449036	3.16492	0	-0.0497613	0	0	0	0	0	0	0	0	0	-0.896313	-0.0735698	0.0819261	0	0	0	0	0	0	0.201106	-0.00613664	1.41768
2014-06-02 00:00:00	-1.10273	0	3.14968	0	-0.0308027	0	0	0	0	0	0	0	0	0	-0.812235	-0.0734158	0.0817843	0	0	0	0	0	0	0.198208	-0.00611863	1.40437
2014-06-03 00:00:00	-2.60545	0	3.15514	0	0.0517837	0	0	0	0	0	0	0	0	0	-0.280684	-0.0733416	0.0816884	0	0	0	0	0	0	0.19378	-0.00608687	0.516823
2014-06-04 00:00:00	0	0	2.58668	0	-0.0032098	0	0	0	0	0	0	0	0	0	-0.773098	-0.0732034	0.0815817	0	0	0	0	0	0	0.191764	-0.00606222	2.00445
2014-06-05 00:00:00	-1.30273	0	2.90867	0	-0.00736615	0	0	0	0	0	0	0	0	0	-0.547949	-0.0730409	0.0812405	0	0	0	0	0	0	0.19004	-0.00603919	1.24283
2014-06-06 00:00:00	0	0	2.84965	0	-0.104597	0	0	0	0	0	0	0	0	0	-1.12476	-0.0731518	0.0805149	0	0	0	0	0	0	0.188214	-0.0060203	1.80984
2014-06-07 00:00:00	-4.90818	1.03341	3.22618	0	0.0900117	0	0	0	0	0	0	0	0	0	0.245873	-0.073159	0.0805062	0	0	0	0	0	0	0.185183	-0.00600011	-0.126171
2014-06-08 00:00:00	-0.2	-1.03341	3.10041	0	0.00960704	0	0	0	0	0	0	0	0	0	-0.606659	-0.0729629	0.0803804	0	0	0	0	0	0	0.183493	-0.00597478	1.45488
2014-06-09 00:00:00	-3.90818	0.507824	3.34562	0	0.0504612	0	0	0	0	0	0	0	0	0	-0.0157708	-0.072859	0.0801699	0	0	0	0	0	0	0.181432	-0.00593493	0.162755
2014-06-10 00:00:00	-2.60545	-0.261119	3.29781	0	0.043761	0	0	0	0	0	0	0	0	0	-0.179752	-0.0727514	0.0801021	0	0	0	0	0	0	0.179583	-0.00590906	0.47627
2014-06-11 00:00:00	0	-0.246705	2.93129	0	-0.116463	0	0	0	0	0	0	0	0	0	-1.02037	-0.0725268	0.0800259	0	0	0	0	0	0	0.177813	-0.00588056	1.72718
2014-06-12 00:00:00	0	0	2.87519	0	-0.036169	0	0	0	0	0	0	0	0	0	-1.25283	-0.0723151	0.0795282	0	0	0	0	0	0	0.175613	-0.00581654	1.7632
2014-06-13 00:00:00	-2.20545	0	3.54835	0	-0.0522997	0	0	0	0	0	0	0	0	0	-0.562004	-0.0721881	0.0790483	0	0	0	0	0	0	0.172782	-0.00579811	0.902433
2014-06-14 00:00:00	-0.2	0	3.15964	0	-0.033341	0	0	0	0	0	0	0	0	0	-1.1491	-0.071864	0.0787998	0	0	0	0	0	0	0.171071	-0.00577981	1.94943
2014-06-15 00:00:00	0	0	2.89552	0	-0.0183074	0	0	0	0	0	0	0	0	0	-1.15588	-0.0711729	0.0787277	0	0	0	0	0	0	0.168258	-0.00574506	1.89139
2014-06-16 00:00:00	0	0	3.09836	0	-0.0174329	0	0	0	0	0	0	0	0	0	-1.359	-0.0707321	0.0781818	0	0	0	0	0	0	0.166543	-0.00572152	1.89019
2014-06-17 00:00:00	0	0	3.8587	0	-0.0205881	0	0	0	0	0	0	0	0	0	-1.62553	-0.0705909	0.0773462	0	0	0	0	0	0	0.164794	-0.0056978	2.37843
2014-06-18 00:00:00	0	0	3.39736	0	-0.0121477	0	0	0	0	0	0	0	0	0	-1.67882	-0.0702597	0.0771917	0	0	0	0	0	0	0.162498	-0.00566099	1.87016
2014-06-19 00:00:00	0	0	2.91764	0	-0.00686979	0	0	0	0	0	0	0	0	0	-1.31701	-0.0699732	0.0769257	0	0	0	0	0	0	0.160061	-0.00561968	1.75516
2014-06-20 00:00:00	0	0	3.28439	0	-0.00683044	0	0	0	0	0	0	0	0	0	-1.73813	-0.0698052	0.0767735	0	0	0	0	0	0	0.157877	-0.00558454	1.69868
2014-06-21 00:00:00	0	0	2.82745	0	-0.00341515	0	0	0	0	0	0	0	0	0	-1.22279	-0.0695782	0.0767735	0	0	0	0	0	0	0.155909	-0.00556353	1.75878
2014-06-22 00:00:00	0	0	2.7622	0	-0.00330587	0	0	0	0	0	0	0	0	0	-1.21313	-0.0693422	0.0764611	0	0	0	0	0	0	0.153879	-0.00554363	1.70122
2014-06-23 00:00:00	0	0	2.73549	0	-0.00329829	0	0	0	0	0	0	0	0	0	-1.45638	-0.0691228	0.0761386	0	0	0	0	0	0	0.152367	-0.00552217	1.42968
2014-06-24 00:00:00	0	0	2.76108	0	-0.0034393	0	0	0	0	0	0	0	0	0	-1.30317	-0.0685408	0.0759651	0	0	0	0	0	0	0.150483	-0.00550346	1.60687
2014-06-25 00:00:00	0	0	2.56979	0	-0.00291455	0	0	0	0	0	0	0	0	0	-1.31405	-0.0681644	0.0754765	0	0	0	0	0	0	0.149037	-0.00548391	1.40369
2014-06-26 00:00:00	0	0	2.68298	0	-0.00335363	0	0	0	0	0	0	0	0	0	-1.45644	-0.0682974	0.0750643	0	0	0	0	0	0	0.146783	-0.00544897	1.37129
2014-06-27 00:00:00	0	0	2.2524	0	-0.00205488	0	0	0	0	0	0	0	0	0	-1.24738	-0.0681294	0.0748833	0	0	0	0	0	0	0.145029	-0.00541474	1.14934
2014-06-28 00:00:00	0	0	2.45043	0	-0.00294295	0	0	0	0	0	0	0	0	0	-1.50615	-0.0679828	0.0745981	0	0	0	0	0	0	0.143503	-0.00538075	1.08607
2014-06-29 00:00:00	0	0	2.48367	0	-0.00298228	0	0	0	0	0	0	0	0	0	-1.51977	-0.0674547	0.074032	0	0	0	0	0	0	0.142192	-0.00535023	1.10433
2014-06-30 00:00:00	0	0	2.98138	0	-0.00418507	0	0	0	0	0	0	0	0	0	-1.75196	-0.0671175	0.0740352	0	0	0	0	0	0	0.14102	-0.00532766	1.36785
2014-07-01 00:00:00	0	0	3.87092	0	-0.00542191	0	0	0	0	0	0	0	0	0	-2.34393	-0.0664673	0.0734741	0	0	0	0	0	0	0.139619	-0.00523458	1.66295
2014-07-02 00:00:00	0	0	2.61976	0	-0.00269392	0	0	0	0	0	0	0	0	0	-1.635	-0.0661335	0.0732984	0	0	0	0	0	0	0.138252	-0.00515514	1.12232
2014-07-03 00:00:00	0	0	2.64346	0	-0.00309755	0	0	0	0	0	0	0	0	0	-1.79356	-0.0660601	0.0729262	0	0	0	0	0	0	0.136289	-0.00512155	0.984834
2014-07-04 00:00:00	0	0	2.70736	0	-0.00331266	0	0	0	0	0	0	0	0	0	-1.85536	-0.066099	0.0723966	0	0	0	0	0	0	0.134683	-0.00510191	0.984567
2014-07-05 00:00:00	0	0	2.52118	0	-0.00296306	0	0	0	0	0	0	0	0	0	-1.88042	-0.0658855	0.071898	0	0	0	0	0	0	0.133347	-0.00508234	0.772076
2014-07-06 00:00:00	-4.00273	0.571098	3.32579	0	0.0049951	0	0	0	0	0	0	0	0	0	-0.277388	-0.0656856	0.071609	0	0	0	0	0	0	0.13227	-0.00506215	-0.245098
2014-07-07 00:00:00	0	-0.571098	2.97359	0	-0.00452806	0	0	0	0	0	0	0	0	0	-1.58591	-0.0653446	0.0713887	0	0	0	0	0	0	0.131442	-0.00504411	0.944497
2014-07-08 00:00:00	-8.20545	2.64982	3.19113	0	0.0189672	0	0	0	0	0	0	0	0	0	1.30974	-0.0653189	0.071268	0	0	0	0	0	0	0.130032	-0.00502131	-0.904833
2014-07-09 00:00:00	0	-2.64158	4.65783	0	-0.0140605	0	0	0	0	0	0	0	0	0	-1.30351	-0.0652346	0.0711318	0	0	0	0	0	0	0.129285	-0.00500484	0.828848
2014-07-10 00:00:00	0	-0.00824053	5.07914	0	-0.00828055	0	0	0	0	0	0	0	0	0	-3.59428	-0.0647842	0.0705294	0	0	0	0	0	0	0.128736	-0.00499567	1.59783
2014-07-11 00:00:00	0	0	4.11895	0	-0.01025	0	0	0	0	0	0	0	0	0	-3.26313	-0.0643462	0.0700981	0	0	0	0	0	0	0.127531	-0.00496806	0.973878
2014-07-12 00:00:00	-2.93545	0.00794423	3.70302	0	0.00262892	0	0	0	0	0	0	0	0	0	-0.750021	-0.0639404	0.070265	0	0	0	0	0	0	0.126432	-0.00495137	0.155928
2014-07-13 00:00:00	-5.10818	1.24541	3.60249	0	0.00658969	0	0	0	0	0	0	0	0	0	0.0394483	-0.0638782	0.0703424	0	0	0	0	0	0	0.125445	-0.00493771	-0.0872787
2014-07-14 00:00:00	-3.07545	-0.278667	3.37915	0	0.00407608	0	0	0	0	0	0	0	0	0	-0.170874	-0.0637574	0.0703324	0	0	0	0	0	0	0.124825	-0.00492533	-0.0152931
2014-07-15 00:00:00	0	-0.974687	2.94977	0	-0.00116771	0	0	0	0	0	0	0	0	0	-1.68573	-0.0635439	0.0704269	0	0	0	0	0	0	0.123838	-0.00490331	0.414011
2014-07-16 00:00:00	-2.90273	0	3.59494	0	0.00512837	0	0	0	0	0	0	0	0	0	-0.565761	-0.0632621	0.0702667	0	0	0	0	0	0	0.123375	-0.00489544	0.257066
2014-07-17 00:00:00	0	0	3.33446	0	-0.0134576	0	0	0	0	0	0	0	0	0	-2.83342	-0.0627852	0.0703964	0	0	0	0	0	0	0.12205	-0.00486313	0.612382
2014-07-18 00:00:00	0	0	2.91279	0	-0.0113801	0	0	0	0	0	0	0	0	0	-2.43155	-0.0620645	0.0702962	0	0	0	0	0	0	0.1215	-0.0048528	0.594738
2014-07-19 00:00:00	-4.85364	0.885538	3.81866	0	0.0091848	0	0	0	0	0	0	0	0	0	-0.275595	-0.0620219	0.0702253	0	0	0	0	0	0	0.12031	-0.00483452	-0.292165
2014-07-20 00:00:00	-0.194545	-0.885538	3.16331	0	-0.00369367	0	0	0	0	0	0	0	0	0	-1.68451	-0.0618126	0.0700297	0	0	0	0	0	0	0.119408	-0.00482099	0.517825
2014-07-21 00:00:00	0	0	3.27839	0	-0.00843339	0	0	0	0	0	0	0	0	0	-2.90527	-0.0615541	0.0696741	0	0	0	0	0	0	0.118479	-0.00480407	0.486486
2014-07-22 00:00:00	0	0	3.41718	0	-0.00780007	0	0	0	0	0	0	0	0	0	-2.9355	-0.0612477	0.0695014	0	0	0	0	0	0	0.117346	-0.00478307	0.594693
2014-07-23 00:00:00	0	0	3.94727	0	-0.00637241	0	0	0	0	0	0	0	0	0	-3.42245	-0.0608529	0.0691973	0	0	0	0	0	0	0.11577	-0.0047349	0.637832
2014-07-24 00:00:00	-0.394545	0	3.52021	0	-0.00388296	0	0	0	0	0	0	0	0	0	-3.00865	-0.0600484	0.0691887	0	0	0	0	0	0	0.115109	-0.00472592	0.232653
2014-07-25 00:00:00	0	0	3.80644	0	-0.00561504	0	0	0	0	0	0	0	0	0	-3.65583	-0.059256	0.0690868	0	0	0	0	0	0	0.114248	-0.00471098	0.264357
2014-07-26 00:00:00	-2.41636	0	4.52908	0	-0.00184423	0	0	0	0	0	0	0	0	0	-2.06948	-0.0590666	0.0687761	0	0	0	0	0	0	0.11301	-0.00468731	0.159424
2014-07-27 00:00:00	-0.509091	0.0207647	2.57923	0	-0.00186167	0	0	0	0	0	0	0	0	0	-1.83685	-0.0590672	0.0685481	0	0	0	0	0	0	0.112284	-0.00467259	0.369287
2014-07-28 00:00:00	0	-0.0207647	3.52196	0	-0.00313676	0	0	0	0	0	0	0	0	0	-3.49007	-0.059005	0.0680589	0	0	0	0	0	0	0.111688	-0.00466318	0.12407
2014-07-29 00:00:00	0	0	2.54151	0	-0.0062857	0	0	0	0	0	0	0	0	0	-2.44695	-0.0588843	0.0676228	0	0	0	0	0	0	0.110748	-0.00464819	0.203113
2014-07-30 00:00:00	-1.19455	0	2.92795	0	-0.00160429	0	0	0	0	0	0	0	0	0	-1.83737	-0.0584933	0.0673828	0	0	0	0	0	0	0.110131	-0.00464104	0.00880528
2014-07-31 00:00:00	-4.73455	1.28419	3.25315	0	0.00476428	0	0	0	0	0	0	0	0	0	-0.122656	-0.0583678	0.0672247	0	0	0	0	0	0	0.108928	-0.00462483	-0.201933
2014-08-01 00:00:00	-0.4	-1.28419	2.84864	0	-0.00200567	0	0	0	0	0	0	0	0	0	-1.18136	-0.0582457	0.0671645	0	0	0	0	0	0	0.108202	-0.00461241	0.0935973
2014-08-02 00:00:00	-9.57273	3.41473	3.1635	0	0.0175318	0	0	0	0	0	0	0	0	0	2.27018	-0.0581885	0.0671417	0	0	0	0	0	0	0.107086	-0.00459644	-0.595345
2014-08-03 00:00:00	-5.58364	0.779195	3.11679	0	0.00237571	0	0	0	0	0	0	0	0	0	1.20208	-0.0581417	0.0670935	0	0	0	0	0	0	0.106755	-0.0045878	-0.372078
2014-08-04 00:00:00	-0.4	-2.14056	3.08234	0	-0.00156883	0	0	0	0	0	0	0	0	0	-0.644319	-0.0580399	0.0670461	0	0	0	0	0	0	0.106274	-0.00457826	0.00659316
2014-08-05 00:00:00	-0.2	-1.82937	4.39549	0	-0.0152765	0	0	0	0	0	0	0	0	0	-2.00307	-0.0578176	0.0670071	0	0	0	0	0	0	0.105775	-0.00457091	0.458164
2014-08-06 00:00:00	-13.9618	4.92995	3.23455	0	0.0283839	0	0	0	0	0	0	0	0	0	4.43563	-0.0578873	0.0670237	0	0	0	0	0	0	0.104403	-0.00454563	-1.22431
2014-08-07 00:00:00	0	-2.32609	3.01598	0	-0.00704589	0	0	0	0	0	0	0	0	0	-0.785309	-0.0578789	0.0669866	0	0	0	0	0	0	0.104173	-0.00452875	0.00628922
2014-08-08 00:00:00	-3.98909	0.678002	3.20834	0	0.00376718	0	0	0	0	0	0	0	0	0	0.003206	-0.0578548	0.0669052	0	0	0	0	0	0	0.103621	-0.00451017	0.0123893
2014-08-09 00:00:00	0	-1.57332	2.79071	0	-0.00576888	0	0	0	0	0	0	0	0	0	-1.02788	-0.0578162	0.0668189	0	0	0	0	0	0	0.103186	-0.00450127	0.291421
2014-08-10 00:00:00	-15.5564	4.59072	2.98588	0	0.726446	0	0	0	0	0	0	0	0	0	5.51539	-0.0577826	0.0667953	0	0	0	0	0	0	0.102982	-0.00449121	-1.63043
2014-08-11 00:00:00	-2.79182	-0.323168	3.10906	0	-0.00412156	0	0	0	0	0	0	0	0	0	-0.410103	-0.0578189	0.066802	0	0	0	0	0	0	0.103172	-0.00449037	-0.312491
2014-08-12 00:00:00	-9.94545	0.343273	2.70298	0	0.337887	0	0.22129	0	0.00771722	0	0	0	0	0	4.52951	-0.0578478	0.066816	0	0	0	0	0	0	0.103042	-0.00451783	-1.69531
2014-08-13 00:00:00	0	-2.38513	3.09925	0	-0.24304	0	0.01004	0	0.000943441	0	0	0	0	0	-0.962122	-0.0578763	0.0668206	0	0	0	0	0	0	0.103125	-0.00449339	-0.37249
2014-08-14 00:00:00	-0.794546	-0.850929	2.98324	0	-0.33717	0	0	0	0	0	0	0	0	0	-1.00401	-0.0578291	0.0667672	0	0	0	0	0	0	0.102833	-0.00448189	0.103878
2014-08-15 00:00:00	-2.38364	-0.222542	2.89277	0	-0.0696734	0	0	0	0	0	0	0	0	0	-0.109836	-0.0577723	0.066684	0	0	0	0	0	0	0.102359	-0.00446999	0.213885
2014-08-16 00:00:00	-3.18909	0.220324	2.91824	0	0.0321989	0	0	0	0	0	0	0	0	0	-0.161993	-0.0577509	0.0666164	0	0	0	0	0	0	0.102017	-0.00446391	-0.0739068
2014-08-17 00:00:00	-1.6	-0.641231	2.81569	0	-0.133281	0	0	0	0	0	0	0	0	0	-0.459126	-0.0577507	0.0664086	0	0	0	0	0	0	0.101339	-0.00445038	0.0876035
2014-08-18 00:00:00	-1.40545	-0.492803	2.60887	0	-0.0973785	0	0	0	0	0	0	0	0	0	-0.489388	-0.0576948	0.0663794	0	0	0	0	0	0	0.100853	-0.00444226	0.228944
2014-08-19 00:00:00	-1.00545	-0.686925	2.65479	0	-0.00781682	0	0	0	0	0	0	0	0	0	-0.778567	-0.0576449	0.066356	0	0	0	0	0	0	0.100303	-0.00443087	0.28061
2014-08-20 00:00:00	-0.2	-0.854427	2.31074	0	-0.00603123	0	0	0	0	0	0	0	0	0	-0.98917	-0.0575315	0.0662788	0	0	0	0	0	0	0.0998215	-0.00442164	0.365254
2014-08-21 00:00:00	-17.3618	6.0222	2.43947	0	1.12663	0	0.158243	0	0.00370547	0	0	0	0	0	5.36087	-0.0573805	0.0662597	0	0	0	0	0	0	0.0994014	-0.0044237	-2.14684
2014-08-22 00:00:00	-2.03273	-0.394946	2.39714	0	-0.275494	0	0.0160343	0	0.00117363	0	0	0	0	0	-0.454853	-0.057445	0.0662919	0	0	0	0	0	0	0.0996065	-0.00441388	-0.639635
2014-08-23 00:00:00	-3.97273	0.407276	2.38065	0	0.0480789	0	0.0374642	0	0.00478208	0	0	0	0	0	0.643048	-0.057418	0.0662816	0	0	0	0	0	0	0.0993598	-0.00441663	-0.347621
2014-08-24 00:00:00	0	-2.20193	2.47918	0	-0.0614857	0	0.00296087	0	0.000198267	0	0	0	0	0	-0.424667	-0.0574012	0.066259	0	0	0	0	0	0	0.0991874	-0.00439672	-0.1021
2014-08-25 00:00:00	0	-1.2007	3.07695	0	-0.482592	0	0	0	0	0	0	0	0	0	-1.12503	-0.0573556	0.0662228	0	0	0	0	0	0	0.0989171	-0.00438858	0.372029
2014-08-26 00:00:00	0	-1.0381	2.71519	0	-0.291704	0	0	0	0	0	0	0	0	0	-1.08482	-0.0572629	0.0661485	0	0	0	0	0	0	0.0985269	-0.00438345	0.403598
2014-08-27 00:00:00	-0.2	-1.27503	3.36101	0	-0.0560443	0	0	0	0	0	0	0	0	0	-1.41164	-0.0571856	0.0659191	0	0	0	0	0	0	0.0980172	-0.00436952	0.520684
2014-08-28 00:00:00	-0.616364	-0.786774	2.61273	0	-0.00713383	0	0	0	0	0	0	0	0	0	-1.04544	-0.0572442	0.0657691	0	0	0	0	0	0	0.0974659	-0.00435966	0.258646
2014-08-29 00:00:00	-17.3509	6.51077	2.66722	0	1.25818	0	0.125149	0	0.00303016	0	0	0	0	0	4.98819	-0.0573294	0.065704	0	0	0	0	0	0	0.0969819	-0.00436154	-1.69737
2014-08-30 00:00:00	-0.2	-2.19301	2.6716	0	-0.317994	0	0.0155222	0	0.030553	0	0	0	0	0	-0.565642	-0.0573066	0.0657506	0	0	0	0	0	0	0.0970085	-0.005489	-0.45901
2014-08-31 00:00:00	-1.20545	-0.59402	2.5756	0	-0.209735	0	0	0	0	0	0	0	0	0	-0.545719	-0.0572742	0.0657146	0	0	0	0	0	0	0.0969965	-0.00433898	0.121767
2014-09-01 00:00:00	-0.794546	-0.697114	2.66552	0	-0.292616	0	0	0	0	0	0	0	0	0	-0.70744	-0.0571823	0.0655758	0	0	0	0	0	0	0.0967672	-0.00433467	0.274634
2014-09-02 00:00:00	0	-0.94282	2.49825	0	-0.304786	0	0	0	0	0	0	0	0	0	-1.02156	-0.0571234	0.0654955	0	0	0	0	0	0	0.0965072	-0.00433218	0.329635
2014-09-03 00:00:00	-0.00545454	-0.930992	2.33515	0	-0.0423918	0	0	0	0	0	0	0	0	0	-1.04692	-0.0570289	0.0654408	0	0	0	0	0	0	0.0960967	-0.00432513	0.409576
2014-09-04 00:00:00	0	-0.924241	2.35646	0	-0.0247363	0	0	0	0	0	0	0	0	0	-1.16058	-0.0569669	0.0653926	0	0	0	0	0	0	0.0960024	-0.00432123	0.34701
2014-09-05 00:00:00	-1.6	-0.259381	2.23627	0	0.0142913	0	0	0	0	0	0	0	0	0	-0.310429	-0.0568655	0.065386	0	0	0	0	0	0	0.0950003	-0.00431233	0.179956
2014-09-06 00:00:00	-0.2	-0.130813	2.0885	0	-0.0174243	0	0	0	0	0	0	0	0	0	-1.47124	-0.0567231	0.0653512	0	0	0	0	0	0	0.0949817	-0.0043074	0.368332
2014-09-07 00:00:00	0	0	2.29118	0	-0.0245872	0	0	0	0	0	0	0	0	0	-2.00936	-0.0566834	0.0653383	0	0	0	0	0	0	0.0944451	-0.00430398	0.356034
2014-09-08 00:00:00	-0.00545454	0	2.62191	0	-0.0228914	0	0	0	0	0	0	0	0	0	-2.29306	-0.0566754	0.065008	0	0	0	0	0	0	0.0939931	-0.00429862	0.398531
2014-09-09 00:00:00	0	0	2.03648	0	-0.0104177	0	0	0	0	0	0	0	0	0	-1.80696	-0.0565785	0.0648163	0	0	0	0	0	0	0.0935429	-0.00428715	0.31659
2014-09-10 00:00:00	0	0	2.61782	0	-0.0199773	0	0	0	0	0	0	0	0	0	-2.39933	-0.0562984	0.0647294	0	0	0	0	0	0	0.0932849	-0.00427953	0.295942
2014-09-11 00:00:00	0	0	2.53834	0	-0.0156895	0	0	0	0	0	0	0	0	0	-1.94854	-0.056247	0.0647583	0	0	0	0	0	0	0.0924888	-0.00426947	0.670846
2014-09-12 00:00:00	-0.00545454	0	2.1188	0	-0.00774548	0	0	0	0	0	0	0	0	0	-1.91718	-0.0561485	0.0646426	0	0	0	0	0	0	0.0919576	-0.00425664	0.284615
2014-09-13 00:00:00	0	0	2.18397	0	-0.00901913	0	0	0	0	0	0	0	0	0	-1.92663	-0.0555888	0.0646785	0	0	0	0	0	0	0.0916062	-0.00424747	0.344766
2014-09-14 00:00:00	0	0	1.76367	0	-0.00469434	0	0	0	0	0	0	0	0	0	-1.65327	-0.0554383	0.0646824	0	0	0	0	0	0	0.0912375	-0.00423264	0.201948
2014-09-15 00:00:00	-2.42727	0.405433	1.93487	0	0.0222837	0	0	0	0	0	0	0	0	0	0.114741	-0.0553484	0.0646078	0	0	0	0	0	0	0.0906056	-0.00422569	0.145691
2014-09-16 00:00:00	0	-0.405433	1.91464	0	0.00339939	0	0	0	0	0	0	0	0	0	-1.60353	-0.0552905	0.0642963	0	0	0	0	0	0	0.0902698	-0.00421247	0.00413801
2014-09-17 00:00:00	-0.194545	0	1.70185	0	-0.00829551	0	0	0	0	0	0	0	0	0	-1.47771	-0.0552606	0.0641657	0	0	0	0	0	0	0.0894473	-0.00420198	0.115446
2014-09-18 00:00:00	0	0	1.897	0	-0.0216103	0	0	0	0	0	0	0	0	0	-1.79032	-0.0551145	0.0639606	0	0	0	0	0	0	0.0892169	-0.0041956	0.178937
2014-09-19 00:00:00	0	0	1.74044	0	-0.00686931	0	0	0	0	0	0	0	0	0	-1.74576	-0.0550097	0.0639639	0	0	0	0	0	0	0.0890398	-0.00419088	0.0816205
2014-09-20 00:00:00	-3.2	1.01005	2.01675	0	0.0281676	0	0	0	0	0	0	0	0	0	0.0626531	-0.0549392	0.0638863	0	0	0	0	0	0	0.0885349	-0.00418283	0.0109217
2014-09-21 00:00:00	-0.2	-1.01005	1.98565	0	-0.00561153	0	0	0	0	0	0	0	0	0	-0.714151	-0.054876	0.0637861	0	0	0	0	0	0	0.0880218	-0.00417624	0.148595
2014-09-22 00:00:00	0	0	1.93607	0	-0.0112879	0	0	0	0	0	0	0	0	0	-2.16194	-0.054668	0.0636347	0	0	0	0	0	0	0.0875415	-0.00416076	-0.144815
2014-09-23 00:00:00	-2.20545	0.252164	1.89523	0	0.0179853	0	0	0	0	0	0	0	0	0	-0.102782	-0.0545783	0.0635764	0	0	0	0	0	0	0.0865863	-0.00414803	-0.0514211
2014-09-24 00:00:00	-0.205455	-0.252164	1.49591	0	0.00911288	0	0	0	0	0	0	0	0	0	-1.14427	-0.0545532	0.0634265	0	0	0	0	0	0	0.0859642	-0.00412406	-0.00615533
2014-09-25 00:00:00	-0.589091	0	1.69334	0	-0.00512503	0	0	0	0	0	0	0	0	0	-1.03074	-0.0544516	0.0633412	0	0	0	0	0	0	0.0856341	-0.00411534	0.158798
2014-09-26 00:00:00	-1.38909	0	1.6652	0	0.000442711	0	0	0	0	0	0	0	0	0	-0.345372	-0.0543503	0.0632826	0	0	0	0	0	0	0.0854036	-0.00411066	0.0214104
2014-09-27 00:00:00	-0.394545	0	1.42625	0	-0.00175446	0	0	0	0	0	0	0	0	0	-0.932023	-0.054353	0.0632086	0	0	0	0	0	0	0.0851566	-0.00410309	0.187841
2014-09-28 00:00:00	0	0	1.44591	0	-0.00638734	0	0	0	0	0	0	0	0	0	-1.73732	-0.0542105	0.0631367	0	0	0	0	0	0	0.0842944	-0.00409133	-0.208661
2014-09-29 00:00:00	-0.194545	0	1.44901	0	-0.00196182	0	0	0	0	0	0	0	0	0	-1.15111	-0.0539782	0.0630331	0	0	0	0	0	0	0.0841046	-0.00408551	0.190472
2014-09-30 00:00:00	0	0	1.3812	0	-0.0043123	0	0	0	0	0	0	0	0	0	-1.63564	-0.0539835	0.0629386	0	0	0	0	0	0	0.0835518	-0.00407302	-0.170315
2014-10-01 00:00:00	-1.19455	0	1.8824	0	0.00429414	0	0	0	0	0	0	0	0	0	-0.972329	-0.0539197	0.0628396	0	0	0	0	0	0	0.083	-0.00406461	-0.19233
2014-10-02 00:00:00	-0.00545454	0	1.33857	0	-0.00540309	0	0	0	0	0	0	0	0	0	-1.36367	-0.0538599	0.0627216	0	0	0	0	0	0	0.0827543	-0.00405885	0.0515968
2014-10-03 00:00:00	-29.26	6.89161	1.55196	0	1.26642	0	0.0557379	0	0.00111269	0	0	0	0	0	16.2296	-0.0539193	0.0628577	0	0	0	0	0	0	0.0828265	-0.00405732	-3.17588
2014-10-04 00:00:00	-26.6109	-0.00942344	1.24177	0	0.42576	-0.0104985	0.863788	0	1.43274	0	0	0	0	0	16.8824	-0.0543015	0.0631784	0	0	0	0	0	0	0.0794966	-0.0260009	-5.72198
2014-10-05 00:00:00	-0.405455	-0.855864	1.34595	0	-0.569271	-0.00192932	0.0216652	0	0.406729	0	0	0	0	0	-1.12264	-0.0545318	0.0633935	0	0	0	0	0	0	0.084131	-0.0131678	-1.10099
2014-10-06 00:00:00	-6.24182	0.826941	1.30954	0	0.208563	-0.00276421	0.131009	0	0.124685	0	0	0	0	0	2.37185	-0.0545662	0.063465	0	0	0	0	0	0	0.0862374	-0.00784117	-1.1847
2014-10-07 00:00:00	-0.216364	-1.0096	1.33272	0	-0.215998	-0.000688538	0.00796302	0	0.115389	0	0	0	0	0	-0.57092	-0.0545977	0.0635001	0	0	0	0	0	0	0.0873805	-0.00823318	-0.469445
2014-10-08 00:00:00	-1.96182	0.52382	1.3767	0	-0.00889319	-3.73717E-05	0	0	0.00990952	0	0	0	0	0	-0.299423	-0.0545941	0.0635143	0	0	0	0	0	0	0.0895977	-0.00507262	-0.266302
2014-10-09 00:00:00	-1.56182	0.350996	1.16148	0	-0.0152822	-7.20676E-06	0	0	0.00328453	0	0	0	0	0	-0.228296	-0.0545743	0.0635277	0	0	0	0	0	0	0.0902395	-0.00463554	-0.195084
2014-10-10 00:00:00	-2.92364	0.1137	1.12606	0	0.119964	-0.00103779	0.0529829	0	0.0428359	0	0	0	0	0	0.993145	-0.0545736	0.0635215	0	0	0	0	0	0	0.0905433	-0.00596801	-0.382467
2014-10-11 00:00:00	-0.194545	-0.862528	1.17277	0	-0.122143	-0.00034576	0.00415319	0	0.0740019	0	0	0	0	0	-0.235197	-0.05457	0.0635062	0	0	0	0	0	0	0.0903032	-0.00756707	-0.0721662
2014-10-12 00:00:00	-8.13636	0.917102	1.12503	0	0.322052	-0.0040703	0.189321	0	0.210769	0	0	0	0	0	4.09509	-0.0546267	0.0635445	0	0	0	0	0	0	0.089961	-0.00939776	-1.19159
2014-10-13 00:00:00	-2.87636	-0.000813025	1.01264	0	-0.165037	-0.00199831	0.0656364	0	0.255421	0	0	0	0	0	0.970064	-0.0546991	0.0635934	0	0	0	0	0	0	0.0904111	-0.011092	-0.652239
2014-10-14 00:00:00	-0.2	-0.784707	1.06291	0	-0.124745	-0.000340503	0.00403107	0	0.0874168	0	0	0	0	0	-0.379958	-0.0547011	0.0636137	0	0	0	0	0	0	0.0922398	-0.00797188	-0.242208
2014-10-15 00:00:00	0	-0.945704	1.07327	0	-0.0280757	-2.97767E-05	0	0	0.0215954	0	0	0	0	0	-0.281552	-0.0546861	0.0636147	0	0	0	0	0	0	0.0934109	-0.00586763	-0.0640261
2014-10-16 00:00:00	-1.43818	0.248495	1.15371	0	0.00675143	-6.07522E-06	0	0	0.0145335	0	0	0	0	0	-0.199463	-0.0546676	0.0636009	0	0	0	0	0	0	0.0934655	-0.00552635	-0.117293
2014-10-17 00:00:00	-3	1.46126	1.25946	0	0.0168337	-5.36647E-08	0	0	0.0206619	0	0	0	0	0	0.122658	-0.0546668	0.063593	0	0	0	0	0	0	0.0933637	-0.00569234	-0.0225251
2014-10-18 00:00:00	-10.5836	0.0327621	1.27371	0	0.36717	-0.00670623	0.302486	0	0.408478	0	0	0	0	0	6.14557	-0.0547768	0.0636444	0	0	0	0	0	0	0.0919171	-0.0126368	-1.97202
2014-10-19 00:00:00	-3.20545	-0.0224792	1.19027	0	-0.196726	-0.00235002	0.0755054	0	0.314863	0	0	0	0	0	0.743377	-0.0548805	0.0637176	0	0	0	0	0	0	0.0943089	-0.0120977	-1.01195
2014-10-20 00:00:00	-2.57818	0.00184883	1.09235	0	-0.0233576	-0.00131806	0.0511594	0	0.142895	0	0	0	0	0	0.574776	-0.0549103	0.0637598	0	0	0	0	0	0	0.0962794	-0.00922936	-0.643927
2014-10-21 00:00:00	-1.98364	0.000923787	0.930106	0	-0.0168697	-0.00094697	0.0366016	0	0.10902	0	0	0	0	0	0.247932	-0.0549189	0.0637868	0	0	0	0	0	0	0.0972109	-0.0085055	-0.579296
2014-10-22 00:00:00	-0.194545	-0.707372	0.971227	0	-0.081327	-0.00023289	0.00286749	0	0.0708108	0	0	0	0	0	-0.49693	-0.0549238	0.0637545	0	0	0	0	0	0	0.0978472	-0.0076648	-0.336488
2014-10-23 00:00:00	-2.78909	0.681302	1.07417	0	0.0878311	-0.000453722	0.0283579	0	0.0423609	0	0	0	0	0	0.555845	-0.0549526	0.0636519	0	0	0	0	0	0	0.0980302	-0.00659816	-0.219546
2014-10-24 00:00:00	-0.605455	-0.356428	0.953335	0	-0.070929	-0.00032955	0.00482027	0	0.0689656	0	0	0	0	0	-0.231327	-0.0549474	0.0636772	0	0	0	0	0	0	0.0981665	-0.00757139	-0.138023
2014-10-25 00:00:00	-0.205455	-0.679938	0.973184	0	-0.0405059	-3.02435E-05	0	0	0.0305643	0	0	0	0	0	-0.22771	-0.054929	0.0636661	0	0	0	0	0	0	0.0987862	-0.00637236	-0.0487391
2014-10-26 00:00:00	-8.76727	1.02462	1.00407	0	0.38448	-0.00456065	0.214808	0	0.26386	0	0	0	0	0	4.21822	-0.0547535	0.0639186	0	0	0	0	0	0	0.0980103	-0.0102446	-1.56485
2014-10-27 00:00:00	-1.79455	-0.0200152	0.892596	0	-0.233656	-0.00147225	0.0391483	0	0.270468	0	0	0	0	0	0.0597174	-0.0548352	0.0639686	0	0	0	0	0	0	0.0985361	-0.0114447	-0.691534
2014-10-28 00:00:00	-16.5127	0.00181857	1.27353	0	0.471979	-0.0116493	0.50792	0	0.939821	0	0	0	0	0	8.98144	-0.0550417	0.0641822	0	0	0	0	0	0	0.0972318	-0.0200683	-4.26156
2014-10-29 00:00:00	-0.2	-0.447623	0.680597	0	-0.451231	-0.00140502	0.0159369	0	0.384183	0	0	0	0	0	-1.18568	-0.0553337	0.0642553	0	0	0	0	0	0	0.10074	-0.0132238	-1.10878
2014-10-30 00:00:00	-0.394545	-0.398426	0.844534	0	-0.0462055	-4.6168E-05	0	0	0.0604091	0	0	0	0	0	-0.559739	-0.0553705	0.0642731	0	0	0	0	0	0	0.103286	-0.00738222	-0.389212
2014-10-31 00:00:00	-4.35636	0.815948	1.02533	0	0.206219	-0.00144531	0.0774721	0	0.09834	0	0	0	0	0	1.29494	-0.0554691	0.0642776	0	0	0	0	0	0	0.103523	-0.00791998	-0.735155
2014-11-01 00:00:00	-2.40545	-0.00382331	0.853974	0	-0.0643387	-0.00149694	0.0550263	0	0.201385	0	0	0	0	0	0.492739	-0.0557331	0.0642659	0	0	0	0	0	0	0.103329	-0.0102761	-0.770403
2014-11-02 00:00:00	-0.4	-0.312321	0.725097	0	-0.106497	-0.000307934	0.00371715	0	0.100666	0	0	0	0	0	-0.315089	-0.0558649	0.0642732	0	0	0	0	0	0	0.104211	-0.00844178	-0.200558
2014-11-03 00:00:00	-8.18364	0.29898	0.64893	0	0.395826	-0.00512952	0.235878	0	0.364982	0	0	0	0	0	4.20962	-0.0560474	0.0643462	0	0	0	0	0	0	0.103905	-0.0122386	-1.93458
2014-11-04 00:00:00	-3.04909	-0.00845165	0.65503	0	-0.1425	-0.00268507	0.0854124	0	0.348788	0	0	0	0	0	0.983878	-0.0563938	0.0644603	0	0	0	0	0	0	0.105715	-0.0126589	-1.0285
2014-11-05 00:00:00	-0.00545454	-0.47312	0.515723	0	-0.153718	-0.000682059	0.00489368	0	0.132339	0	0	0	0	0	-0.434339	-0.056593	0.0645787	0	0	0	0	0	0	0.108175	-0.0091237	-0.307321
2014-11-06 00:00:00	-7.50182	0.458448	0.603182	0	0.395352	-0.0134277	0.213615	0	0.332924	0	0	0	0	0	3.57224	-0.0566615	0.0646949	0	0	0	0	0	0	0.108307	-0.0118353	-1.83498
2014-11-07 00:00:00	-7.18909	-0.0100135	0.632412	0	0.0907492	-0.0203385	0.230028	0	0.592865	0	0	0	0	0	3.51222	-0.0567264	0.0649743	0	0	0	0	0	0	0.109653	-0.0162349	-2.0595
2014-11-08 00:00:00	-1.59455	-0.0136687	0.621253	0	-0.231134	-0.00565178	0.0422599	0	0.284034	0	0	0	0	0	0.0538398	-0.0566969	0.0652019	0	0	0	0	0	0	0.11656	-0.0117433	-0.730291
2014-11-09 00:00:00	0	-0.491118	0.533151	0	-0.0697539	-0.00140601	0.00365444	0	0.0874389	0	0	0	0	0	-0.595171	-0.0566613	0.0652639	0	0	0	0	0	0	0.12046	-0.00833052	-0.412473
2014-11-10 00:00:00	-0.2	-0.268079	0.50312	0	-0.0600553	-0.000833441	0.000660531	0	0.0463807	0	0	0	0	0	-0.206204	-0.0566608	0.0652731	0	0	0	0	0	0	0.121727	-0.00715029	-0.0618221
2014-11-11 00:00:00	-2.61636	0.732663	0.646341	0	0.148502	-0.00264297	0.0356726	0	0.0477224	0	0	0	0	0	0.557422	-0.0566235	0.0652966	0	0	0	0	0	0	0.121674	-0.00703173	-0.327368
2014-11-12 00:00:00	-3.02727	0.00543967	0.607648	0	0.119182	-0.00930994	0.0836528	0	0.170954	0	0	0	0	0	1.31646	-0.0566771	0.0653641	0	0	0	0	0	0	0.121078	-0.00976865	-0.613254
2014-11-13 00:00:00	-2.81091	-0.00608865	0.610552	0	0.0497455	-0.00930147	0.0784973	0	0.215259	0	0	0	0	0	1.10541	-0.0566828	0.0654888	0	0	0	0	0	0	0.121433	-0.0105286	-0.647126
2014-11-14 00:00:00	-13.7509	-0.0129182	0.6347	0	0.579516	-0.0505966	0.475058	0	1.03879	0	0	0	0	0	7.85382	-0.0568316	0.0657612	0	0	0	0	0	0	0.120471	-0.0207433	-3.12388
2014-11-15 00:00:00	-0.2	-0.310411	0.524709	0	-0.561116	-0.00811705	0.0217063	0	0.400115	0	0	0	0	0	-0.673093	-0.0569401	0.0658576	0	0	0	0	0	0	0.126843	-0.0134443	-0.683891
2014-11-16 00:00:00	-0.6	0.0791996	0.520041	0	-0.0438859	-0.00303254	0.00221072	0	0.0672737	0	0	0	0	0	-0.376452	-0.0569116	0.0658574	0	0	0	0	0	0	0.129971	-0.00780958	-0.223539
2014-11-17 00:00:00	-7.00818	0.207121	0.516323	0	0.517943	-0.0259194	0.22777	0	0.374575	0	0	0	0	0	3.68863	-0.0573686	0.0660534	0	0	0	0	0	0	0.129422	-0.0120933	-1.37573
2014-11-18 00:00:00	0	-0.484895	0.525184	0	-0.410992	-0.0050907	0.0137335	0	0.26683	0	0	0	0	0	-0.194062	-0.0577109	0.0661345	0	0	0	0	0	0	0.132174	-0.0113455	-0.16004
2014-11-19 00:00:00	-2.63273	0.467893	0.52981	0	0.187797	-0.00810519	0.0558459	0	0.0808533	0	0	0	0	0	0.729952	-0.0578295	0.0661966	0	0	0	0	0	0	0.134294	-0.00791324	-0.453933
2014-11-20 00:00:00	-0.2	-0.240496	0.443622	0	-0.179623	-0.0034011	0.00718301	0	0.125768	0	0	0	0	0	-0.163957	-0.0578662	0.0662155	0	0	0	0	0	0	0.134652	-0.00906995	-0.0769727
2014-11-21 00:00:00	-3.81091	0.220549	0.446046	0	0.304256	-0.0127014	0.111639	0	0.15497	0	0	0	0	0	1.73341	-0.05795	0.06633	0	0	0	0	0	0	0.135268	-0.00914384	-0.718237
2014-11-22 00:00:00	-3.58364	-0.0153746	0.501435	0	0.0601879	-0.0151109	0.120156	0	0.327303	0	0	0	0	0	1.66582	-0.0578768	0.0667628	0	0	0	0	0	0	0.137998	-0.0119334	-0.804273
2014-11-23 00:00:00	0	-0.379808	0.407028	0	-0.251579	-0.00452555	0.00956638	0	0.165428	0	0	0	0	0	-0.234452	-0.058054	0.0669264	0	0	0	0	0	0	0.14172	-0.00982188	-0.147571
2014-11-24 00:00:00	-0.00545454	-0.378393	0.435218	0	-0.0599334	-0.00195976	0.00139969	0	0.0513317	0	0	0	0	0	-0.338844	-0.0580671	0.0669047	0	0	0	0	0	0	0.143392	-0.00740706	-0.151813
2014-11-25 00:00:00	0	-0.368565	0.420088	0	-0.0373963	-0.0023735	0.00164654	0	0.0248452	0	0	0	0	0	-0.122921	-0.0580417	0.0669165	0	0	0	0	0	0	0.143364	-0.00645079	0.0611126
2014-11-26 00:00:00	-0.2	-0.160926	0.381891	0	-0.0405482	-0.00218112	0.00143128	0	0.0314283	0	0	0	0	0	-0.146816	-0.058037	0.0669015	0	0	0	0	0	0	0.143257	-0.00657685	0.00982488
2014-11-27 00:00:00	-0.610909	0.189057	0.415251	0	-0.00501971	-0.00200209	0.00130923	0	0.0254893	0	0	0	0	0	-0.13542	-0.0580284	0.0669085	0	0	0	0	0	0	0.143165	-0.00647715	0.0233233
2014-11-28 00:00:00	-0.194545	-0.208309	0.40511	0	-0.0305082	-0.00157486	0.00103221	0	0.028851	0	0	0	0	0	-0.108433	-0.0579679	0.0669195	0	0	0	0	0	0	0.143039	-0.00655063	0.0370629
2014-11-29 00:00:00	0	-0.385622	0.43903	0	-0.0683031	-0.000624517	0.000406758	0	0.0220673	0	0	0	0	0	-0.0748846	-0.0578752	0.0669046	0	0	0	0	0	0	0.142876	-0.0063264	0.0776484
2014-11-30 00:00:00	-0.794545	0.404127	0.356435	0	0.0572857	-0.00300306	0.00196224	0	0.0138108	0	0	0	0	0	0.0688031	-0.0578682	0.0669071	0	0	0	0	0	0	0.14284	-0.00602802	0.250727
2014-12-01 00:00:00	-1.00545	0.557041	0.360167	0	-0.00732133	-0.00149049	0.000974153	0	0.0274069	0	0	0	0	0	0.0973332	-0.0578503	0.0669002	0	0	0	0	0	0	0.142733	-0.00652715	0.173912
2014-12-02 00:00:00	-0.205455	-0.082123	0.285835	0	0.000690629	-0.00135768	0.000879569	0	0.0301682	0	0	0	0	0	-0.124637	-0.0578269	0.0668827	0	0	0	0	0	0	0.14259	-0.00669856	0.0489489
2014-12-03 00:00:00	-10.1636	0.727367	0.268024	0	0.803023	-0.0328823	0.329361	0	0.542683	0	0	0	0	0	5.28608	-0.0580183	0.067134	0	0	0	0	0	0	0.141583	-0.013175	-2.10246
2014-12-04 00:00:00	0	-0.29647	0.310874	0	-0.489746	-0.00755294	0.0205686	0	0.345117	0	0	0	0	0	-0.314495	-0.0581555	0.0673732	0	0	0	0	0	0	0.148526	-0.0123245	-0.286284
2014-12-05 00:00:00	-0.194545	-0.069005	0.273425	0	-0.0835844	-0.00319833	0.00359857	0	0.0774005	0	0	0	0	0	-0.205416	-0.0581412	0.0674268	0	0	0	0	0	0	0.152778	-0.00767044	-0.0469318
2014-12-06 00:00:00	-5.84909	0.333176	0.36116	0	0.531251	-0.0235213	0.194458	0	0.36142	0	0	0	0	0	2.90836	-0.0582438	0.0675279	0	0	0	0	0	0	0.15285	-0.0107853	-1.03144
2014-12-07 00:00:00	-14.6436	-0.00221286	0.298555	0	0.661083	-0.0796018	0.579797	0	1.95831	0	0	0	0	0	7.98513	-0.0590924	0.0680728	0	0	0	0	0	0	0.151789	-0.0250332	-3.10684
2014-12-08 00:00:00	-4.33455	-0.0108913	0.264851	0	-0.417311	-0.0515705	0.188702	0	1.0699	0	0	0	0	0	1.76739	-0.059892	0.0686395	0	0	0	0	0	0	0.161933	-0.0183718	-1.37116
2014-12-09 00:00:00	-10.9945	-0.0103716	0.348518	0	0.563135	-0.106587	0.451885	0	1.78164	0	0	0	0	0	5.30956	-0.0601648	0.0690171	0	0	0	0	0	0	0.168998	-0.0223368	-2.50126
2014-12-10 00:00:00	-16.9727	-0.00511787	0.272274	0	0.615013	-0.193542	0.766372	0	3.79911	0	0	0	0	0	8.0125	-0.0604836	0.0694698	0	0	0	0	0	0	0.176468	-0.0316901	-3.55235
2014-12-11 00:00:00	-1.86545	-0.00723846	0.235542	0	-0.679261	-0.0616959	0.138353	0	1.30323	0	0	0	0	0	-0.213285	-0.0612087	0.0704974	0	0	0	0	0	0	0.198391	-0.0182941	-0.960428
2014-12-12 00:00:00	-5.18364	-0.0126573	0.254498	0	0.207543	-0.0778074	0.247349	0	1.18968	0	0	0	0	0	1.7136	-0.0616313	0.0709533	0	0	0	0	0	0	0.20762	-0.0164254	-1.46091
2014-12-13 00:00:00	-5.36727	-0.00854183	0.227756	0	0.140855	-0.101494	0.272764	0	1.58605	0	0	0	0	0	1.92318	-0.0618401	0.0714799	0	0	0	0	0	0	0.2173	-0.0194054	-1.11916
2014-12-14 00:00:00	-16.0545	-0.0101513	0.315029	0	0.849458	-0.296722	0.827356	0	4.45476	0	0	0	0	0	7.18453	-0.0621373	0.0721564	0	0	0	0	0	0	0.216965	-0.0324557	-2.53577
2014-12-15 00:00:00	-4.19455	-0.00820132	0.275351	0	-0.601981	-0.143855	0.273883	0	2.36287	0	0	0	0	0	0.706587	-0.0622693	0.0726836	0	0	0	0	0	0	0.231466	-0.0237164	-1.11173
2014-12-16 00:00:00	-4.08727	-0.00888931	0.277691	0	0.0108233	-0.128421	0.266666	0	1.68992	0	0	0	0	0	0.763214	-0.0624146	0.0728339	0	0	0	0	0	0	0.241869	-0.0195554	-0.983536
2014-12-17 00:00:00	-2.56727	-0.00990055	0.341787	0	-0.112719	-0.0873066	0.157691	0	1.26677	0	0	0	0	0	0.131659	-0.0626598	0.0728366	0	0	0	0	0	0	0.249242	-0.0169796	-0.636849
2014-12-18 00:00:00	-10.9127	-0.00667087	0.339924	0	0.881076	-0.253079	0.570399	0	3.44395	0	0	0	0	0	4.63658	-0.0628625	0.0730645	0	0	0	0	0	0	0.248459	-0.0269757	-1.06886
2014-12-19 00:00:00	-7.18364	-0.00732525	0.282141	0	-0.157315	-0.224593	0.441813	0	3.28694	0	0	0	0	0	2.30832	-0.0631652	0.0733001	0	0	0	0	0	0	0.252235	-0.0276254	-1.0189
2014-12-20 00:00:00	-1.01091	-0.012891	0.287574	0	-0.595803	-0.0751778	0.0969156	0	1.22208	0	0	0	0	0	-0.598589	-0.0637229	0.0735907	0	0	0	0	0	0	0.264082	-0.0172163	-0.430071
2014-12-21 00:00:00	-13.6855	-0.00384143	0.339961	0	1.24954	-0.366092	0.751002	0	4.8066	0	0	0	0	0	5.4606	-0.0642322	0.0735169	0	0	0	0	0	0	0.260354	-0.0309387	-1.20898
2014-12-22 00:00:00	-22.8164	-0.0124368	0.342399	0	0.48505	-0.648414	1.36885	0	9.71172	0	0	0	0	0	8.68232	-0.0650202	0.0745274	0	0	0	0	0	0	0.257303	-0.0463743	-2.66645
2014-12-23 00:00:00	-7.57	-0.00723255	0.300926	0	-0.7398	-0.352192	0.562742	0	5.30925	0	0	0	0	0	1.35439	-0.0655896	0.0759108	0	0	0	0	0	0	0.272013	-0.0347927	-0.894372
2014-12-24 00:00:00	-6.77273	-0.00788855	0.30884	0	0.0854793	-0.309571	0.486979	0	4.0556	0	0	0	0	0	1.35246	-0.0661461	0.0767842	0	0	0	0	0	0	0.279029	-0.0296055	-0.540767
2014-12-25 00:00:00	-0.997273	-0.0139681	0.310585	0	-0.773916	-0.120081	0.128659	0	1.83886	0	0	0	0	0	-0.939373	-0.0664352	0.0769846	0	0	0	0	0	0	0.28864	-0.0204644	-0.287784
2014-12-26 00:00:00	-0.2	-0.11193	0.312641	0	-0.0227261	-0.0835283	0.0685426	0	0.85172	0	0	0	0	0	-0.896342	-0.0665461	0.0771024	0	0	0	0	0	0	0.294867	-0.0134645	0.210335
2014-12-27 00:00:00	-0.2	-0.11147	0.315222	0	-0.238473	-0.0489994	0.0390661	0	0.553459	0	0	0	0	0	-0.585717	-0.0664956	0.0771822	0	0	0	0	0	0	0.297289	-0.0119202	0.0191425
2014-12-28 00:00:00	-0.8	0.205202	0.321592	0	-0.0809148	-0.0392453	0.0416066	0	0.397904	0	0	0	0	0	-0.326081	-0.0665023	0.0772183	0	0	0	0	0	0	0.298279	-0.0108456	0.0182128
2014-12-29 00:00:00	-0.2	-0.0513674	0.244472	0	-0.192586	-0.022535	0.0207329	0	0.301875	0	0	0	0	0	-0.322785	-0.0665083	0.0772419	0	0	0	0	0	0	0.298629	-0.0103624	0.0768073
2014-12-30 00:00:00	-0.00545454	-0.263101	0.285535	0	-0.12481	-0.0137842	0.0119282	0	0.189359	0	0	0	0	0	-0.191264	-0.0665079	0.0772806	0	0	0	0	0	0	0.29866	-0.00940648	0.188435
2014-12-31 00:00:00	-0.394545	0.0384164	0.356788	0	-0.108538	-0.00948917	0.00878763	0	0.136591	0	0	0	0	0	-0.200345	-0.0665049	0.0772666	0	0	0	0	0	0	0.298708	-0.00886695	0.128268
2015-01-01 00:00:00	-20.28	0.236937	0.378302	0	2.32572	-0.572844	1.18236	0	6.68083	0	0	0	0	0	7.61025	-0.0668575	0.0775539	0	0	0	0	0	0	0.281871	-0.0344519	-2.18033
2015-01-02 00:00:00	-7.22727	-0.00532189	0.299788	0	-0.538936	-0.353206	0.603455	0	4.81579	0	0	0	0	0	1.91046	-0.0678373	0.0779872	0	0	0	0	0	0	0.289165	-0.0323024	-0.228222
2015-01-03 00:00:00	-3.78909	-0.012385	0.263655	0	-0.43829	-0.203136	0.318599	0	2.72591	0	0	0	0	0	0.426241	-0.0686266	0.0782452	0	0	0	0	0	0	0.298351	-0.0240718	-0.424598
2015-01-04 00:00:00	-0.194545	-0.0710843	0.256946	0	-0.545785	-0.0890844	0.08304	0	1.16244	0	0	0	0	0	-0.750818	-0.0688564	0.078496	0	0	0	0	0	0	0.306382	-0.0163739	0.150761
2015-01-05 00:00:00	-0.2	-0.158234	0.365194	0	-0.101449	-0.0521917	0.0438412	0	0.467288	0	0	0	0	0	-0.515111	-0.0688677	0.078509	0	0	0	0	0	0	0.311237	-0.0113491	0.158866
2015-01-06 00:00:00	-6.01091	0.209552	0.318217	0	0.864427	-0.212696	0.38275	0	2.09739	0	0	0	0	0	1.6807	-0.0689471	0.0785271	0	0	0	0	0	0	0.306252	-0.0190772	-0.373815
2015-01-07 00:00:00	-6.97273	-0.0121675	0.352288	0	0.112137	-0.291393	0.498452	0	3.59028	0	0	0	0	0	1.99155	-0.0690531	0.0787094	0	0	0	0	0	0	0.302626	-0.0266517	-0.445952
2015-01-08 00:00:00	-8.16182	-0.00899264	0.322469	0	0.237551	-0.352864	0.599887	0	4.33735	0	0	0	0	0	2.26449	-0.0694442	0.0786759	0	0	0	0	0	0	0.302182	-0.0294668	-0.479982
2015-01-09 00:00:00	-9.38909	-0.00653379	0.361979	0	0.259002	-0.433204	0.734284	0	5.31608	0	0	0	0	0	2.50439	-0.0699668	0.0789556	0	0	0	0	0	0	0.301938	-0.0324398	-0.374603
2015-01-10 00:00:00	-9.66545	-0.00579309	0.317756	0	0.219554	-0.481487	0.812287	0	5.76851	0	0	0	0	0	2.3045	-0.07038	0.0793893	0	0	0	0	0	0	0.302719	-0.0339775	-0.452379
2015-01-11 00:00:00	-20.2218	-0.0123407	0.318916	0	0.638657	-0.960537	1.63672	0	11.0457	0	0	0	0	0	5.94617	-0.0711639	0.0798189	0	0	0	0	0	0	0.294596	-0.0461162	-1.35142
2015-01-12 00:00:00	-10.8164	-0.009325	0.338161	0	-0.530492	-0.765653	1.05092	0	8.20584	0	0	0	0	0	1.85122	-0.0720415	0.0802969	0	0	0	0	0	0	0.302652	-0.0402737	-0.405064
2015-01-13 00:00:00	-4.37818	-0.00542652	0.295798	0	-0.343618	-0.458683	0.522792	0	4.41621	0	0	0	0	0	-0.147829	-0.0722944	0.0808358	0	0	0	0	0	0	0.313525	-0.0294532	0.193674
2015-01-14 00:00:00	-5.10909	-0.011641	0.302091	0	-0.0906032	-0.42222	0.543338	0	3.75269	0	0	0	0	0	0.399763	-0.0725071	0.0811839	0	0	0	0	0	0	0.316194	-0.0271157	-0.337918
2015-01-15 00:00:00	-5.18364	-0.0100802	0.36101	0	-0.0397094	-0.408871	0.504479	0	3.77032	0	0	0	0	0	0.563731	-0.0725144	0.0816931	0	0	0	0	0	0	0.316769	-0.0271919	-0.144005
2015-01-16 00:00:00	0	-0.290465	0.307435	0	-0.765231	-0.157763	0.123698	0	1.60611	0	0	0	0	0	-1.00453	-0.0725194	0.0820461	0	0	0	0	0	0	0.324585	-0.01845	0.134917
2015-01-17 00:00:00	-3.75636	0.278878	0.308524	0	0.538805	-0.226868	0.292274	0	1.86008	0	0	0	0	0	0.401894	-0.0726257	0.082072	0	0	0	0	0	0	0.32638	-0.0175498	0.0155
2015-01-18 00:00:00	-1.78909	-0.0143445	0.267779	0	-0.334638	-0.151021	0.169879	0	1.52102	0	0	0	0	0	-0.143803	-0.0727841	0.0821889	0	0	0	0	0	0	0.327901	-0.0175158	-0.154434
2015-01-19 00:00:00	0	-0.214762	0.220499	0	-0.433963	-0.0735339	0.0568554	0	0.739097	0	0	0	0	0	-0.432581	-0.0728242	0.0822337	0	0	0	0	0	0	0.331797	-0.0134948	0.189323
2015-01-20 00:00:00	-0.00545454	-0.238291	0.278657	0	-0.240614	-0.036464	0.0263955	0	0.335293	0	0	0	0	0	-0.309014	-0.072847	0.0822816	0	0	0	0	0	0	0.334006	-0.0107511	0.143197
2015-01-21 00:00:00	0	-0.235526	0.271507	0	-0.201535	-0.0227094	0.016493	0	0.221421	0	0	0	0	0	-0.177817	-0.0728874	0.0823201	0	0	0	0	0	0	0.334072	-0.00981098	0.205527
2015-01-22 00:00:00	-0.00545454	-0.279642	0.326419	0	-0.20012	-0.0142451	0.0107998	0	0.162932	0	0	0	0	0	-0.0568344	-0.0730083	0.0822988	0	0	0	0	0	0	0.333507	-0.00927652	0.277375
2015-01-23 00:00:00	-5.31455	0.941472	0.407943	0	1.06753	-0.144298	0.280811	0	0.898938	0	0	0	0	0	1.14635	-0.073044	0.0823414	0	0	0	0	0	0	0.329936	-0.0133866	-0.389951
2015-01-24 00:00:00	-0.605455	-0.0181829	0.387192	0	-0.660557	-0.0539585	0.0573664	0	0.775451	0	0	0	0	0	-0.191178	-0.0731185	0.0824152	0	0	0	0	0	0	0.330504	-0.0146227	0.0158558
2015-01-25 00:00:00	-3.22182	-0.00168353	0.471264	0	0.5169	-0.125733	0.209656	0	0.974172	0	0	0	0	0	0.719041	-0.0732624	0.0824332	0	0	0	0	0	0	0.33046	-0.0137087	-0.13228
2015-01-26 00:00:00	-0.205455	-0.223559	0.438168	0	-0.558555	-0.0414473	0.035854	0	0.578739	0	0	0	0	0	-0.239741	-0.0733032	0.0824398	0	0	0	0	0	0	0.331885	-0.0128851	0.11214
2015-01-27 00:00:00	-0.4	-0.0606149	0.470012	0	-0.182168	-0.0188234	0.017066	0	0.180684	0	0	0	0	0	-0.148344	-0.0733213	0.0824626	0	0	0	0	0	0	0.333862	-0.00968502	0.19113
2015-01-28 00:00:00	-7.66	0.270844	0.393305	0	1.39729	-0.288327	0.505212	0	2.28386	0	0	0	0	0	2.13239	-0.0734189	0.0825077	0	0	0	0	0	0	0.325923	-0.0195539	-0.649973
2015-01-29 00:00:00	-5.29091	-0.000835225	0.33349	0	0.16316	-0.310961	0.404576	0	3.06551	0	0	0	0	0	1.22243	-0.0737623	0.082438	0	0	0	0	0	0	0.323469	-0.0244941	-0.105892
2015-01-30 00:00:00	-1.22727	-0.0104705	0.39104	0	-0.799772	-0.137352	0.133202	0	1.53415	0	0	0	0	0	-0.235812	-0.0738118	0.0824936	0	0	0	0	0	0	0.329762	-0.0179586	-0.0317972
2015-01-31 00:00:00	-2.83273	-0.00134672	0.361449	0	0.278367	-0.163137	0.229579	0	1.30627	0	0	0	0	0	0.455908	-0.0739102	0.0826095	0	0	0	0	0	0	0.331218	-0.0154294	-0.0411479
2015-02-01 00:00:00	0	-0.355823	0.385427	0	-0.635628	-0.0577113	0.0425141	0	0.724413	0	0	0	0	0	-0.357431	-0.0738572	0.0826896	0	0	0	0	0	0	0.334063	-0.0136847	0.0749705
2015-02-02 00:00:00	0	-0.285286	0.329397	0	-0.302735	-0.0234806	0.0158537	0	0.255687	0	0	0	0	0	-0.250235	-0.0738783	0.082801	0	0	0	0	0	0	0.336068	-0.0101637	0.0740291
2015-02-03 00:00:00	-0.194545	-0.0979599	0.30998	0	-0.117575	-0.0180665	0.0143257	0	0.156454	0	0	0	0	0	-0.149143	-0.0738936	0.0829911	0	0	0	0	0	0	0.335026	-0.00928117	0.238311
2015-02-04 00:00:00	-0.210909	-0.13416	0.365872	0	-0.196412	-0.0122619	0.010329	0	0.14637	0	0	0	0	0	-0.0807451	-0.0739029	0.0830024	0	0	0	0	0	0	0.334031	-0.00923027	0.221983
2015-02-05 00:00:00	-1.10273	0.599302	0.433129	0	-0.0902563	-0.0101424	0.0112819	0	0.109834	0	0	0	0	0	-0.00645784	-0.0739079	0.0830599	0	0	0	0	0	0	0.333265	-0.00891432	0.277466
2015-02-06 00:00:00	-0.4	-0.0583098	0.457443	0	-0.128174	-0.00590799	0.00596508	0	0.098059	0	0	0	0	0	-0.0350364	-0.0739118	0.0830365	0	0	0	0	0	0	0.332859	-0.00893965	0.267082
2015-02-07 00:00:00	-3.91091	0.293319	0.454406	0	0.862427	-0.0830148	0.189032	0	0.568934	0	0	0	0	0	0.920363	-0.073954	0.083083	0	0	0	0	0	0	0.33026	-0.0116157	-0.377669
2015-02-08 00:00:00	-0.2	-0.257084	0.473593	0	-0.558816	-0.0241735	0.0233716	0	0.501243	0	0	0	0	0	-0.165187	-0.0739909	0.0831192	0	0	0	0	0	0	0.330632	-0.0127626	0.119944
2015-02-09 00:00:00	0	-0.515369	0.595619	0	-0.110655	-0.0122854	0.00963251	0	0.129513	0	0	0	0	0	-0.1054	-0.0739881	0.0831273	0	0	0	0	0	0	0.331951	-0.00910287	0.323042
2015-02-10 00:00:00	-0.194545	-0.306846	0.551823	0	-0.163556	-0.00585155	0.00432312	0	0.0984949	0	0	0	0	0	-0.055478	-0.0739897	0.0831246	0	0	0	0	0	0	0.330957	-0.00875227	0.259704
2015-02-11 00:00:00	0	-0.344367	0.520522	0	-0.201779	-0.00259808	0.00181922	0	0.0671775	0	0	0	0	0	-0.0468529	-0.0739953	0.0831117	0	0	0	0	0	0	0.329974	-0.00825683	0.324755
2015-02-12 00:00:00	-0.394545	-0.0891636	0.567488	0	-0.0862898	-0.00354807	0.00282443	0	0.0594942	0	0	0	0	0	0.000321224	-0.0740024	0.0831108	0	0	0	0	0	0	0.325826	-0.00828319	0.383232
2015-02-13 00:00:00	0	-0.250006	0.595339	0	-0.270026	-0.00111019	0.000766681	0	0.0570453	0	0	0	0	0	-0.00557263	-0.0739916	0.0830995	0	0	0	0	0	0	0.323076	-0.00831458	0.450305
2015-02-14 00:00:00	-0.4	-0.137086	0.680324	0	-0.106234	-0.00174167	0.0015084	0	0.046152	0	0	0	0	0	0.0336325	-0.073973	0.0830869	0	0	0	0	0	0	0.320044	-0.0080993	0.437615
2015-02-15 00:00:00	0	-0.296248	0.703727	0	-0.224304	-0.000583966	0.000311704	0	0.0420782	0	0	0	0	0	-0.034194	-0.0739542	0.0830951	0	0	0	0	0	0	0.318081	-0.00802651	0.509982
2015-02-16 00:00:00	-1.21091	0.50388	0.653565	0	0.0325549	-0.00207765	0.00193901	0	0.0452677	0	0	0	0	0	0.0376431	-0.0739333	0.083084	0	0	0	0	0	0	0.315399	-0.00806115	0.378352
2015-02-17 00:00:00	-0.2	-0.419232	0.66502	0	-0.0809631	-0.00272905	0.00252962	0	0.0522321	0	0	0	0	0	0.0480808	-0.0739169	0.0830888	0	0	0	0	0	0	0.312496	-0.00817914	0.378428
2015-02-18 00:00:00	-1.99455	0.91029	0.788842	0	0.156975	-0.0041185	0.00426754	0	0.0554903	0	0	0	0	0	0.0855504	-0.0738931	0.0830917	0	0	0	0	0	0	0.310041	-0.008234	0.313756
2015-02-19 00:00:00	-2.58364	0.619796	0.770822	0	0.425007	-0.0110183	0.0212568	0	0.120258	0	0	0	0	0	0.286442	-0.0738713	0.0831199	0	0	0	0	0	0	0.309424	-0.00881349	-0.0412148
2015-02-20 00:00:00	-2.2	0.486454	0.679913	0	0.194774	-0.0182127	0.0773984	0	0.243073	0	0	0	0	0	0.228654	-0.0738625	0.0831512	0	0	0	0	0	0	0.308032	-0.00992045	-0.000545121
2015-02-21 00:00:00	-0.394545	-0.245357	0.651486	0	-0.168248	-0.007833	0.0111382	0	0.181916	0	0	0	0	0	-0.0439376	-0.0738354	0.08314	0	0	0	0	0	0	0.307135	-0.00987956	0.291179
2015-02-22 00:00:00	-6.58909	0.260685	0.631139	0	1.21073	-0.114277	0.295017	0	1.06353	0	0	0	0	0	1.73608	-0.0739352	0.0832072	0	0	0	0	0	0	0.302484	-0.0149197	-1.20935
2015-02-23 00:00:00	-8.09091	-0.00307294	0.683321	0	0.871619	-0.29383	0.476059	0	2.87623	0	0	0	0	0	2.13972	-0.0741112	0.0833795	0	0	0	0	0	0	0.299716	-0.0252241	-1.0571
2015-02-24 00:00:00	-2	-0.00283106	0.74244	0	-0.629833	-0.141261	0.15683	0	1.65667	0	0	0	0	0	-0.107869	-0.0741696	0.0833026	0	0	0	0	0	0	0.308367	-0.0189735	-0.0273323
2015-02-25 00:00:00	-0.8	-0.0537646	0.777379	0	-0.447247	-0.048677	0.0416613	0	0.608623	0	0	0	0	0	-0.348961	-0.0741696	0.0833125	0	0	0	0	0	0	0.314064	-0.0125827	0.0396371
2015-02-26 00:00:00	-10.6164	0.0383564	0.803889	0	1.40605	-0.461789	0.747278	0	3.87405	0	0	0	0	0	2.88211	-0.0743091	0.0833251	0	0	0	0	0	0	0.305813	-0.0256782	-1.03726
2015-02-27 00:00:00	-3.98364	-0.0136877	0.814177	0	-0.60289	-0.288992	0.339262	0	2.77894	0	0	0	0	0	0.266392	-0.0744546	0.0831006	0	0	0	0	0	0	0.313691	-0.024237	-0.392336
2015-02-28 00:00:00	-6.37273	-0.00854524	0.915012	0	0.312452	-0.365047	0.489638	0	3.08603	0	0	0	0	0	1.1902	-0.0744945	0.0830878	0	0	0	0	0	0	0.317194	-0.0242582	-0.451466
2015-03-01 00:00:00	-11.3945	0.0145771	0.836551	0	0.707891	-0.72368	0.977037	0	6.11765	0	0	0	0	0	2.82747	-0.0745904	0.0832279	0	0	0	0	0	0	0.313275	-0.0335544	-0.348695
2015-03-02 00:00:00	-2.19455	-0.00775686	0.75988	0	-0.984086	-0.292112	0.27153	0	2.68316	0	0	0	0	0	-0.551257	-0.0745668	0.0833832	0	0	0	0	0	0	0.324933	-0.0232564	-0.00469517
2015-03-03 00:00:00	-2.02727	0.00520424	0.796926	0	-0.0180255	-0.168303	0.187185	0	1.27797	0	0	0	0	0	-0.254012	-0.0747056	0.083346	0	0	0	0	0	0	0.331746	-0.0155278	0.124532
2015-03-04 00:00:00	-0.00545454	-0.78721	0.898215	0	-0.600052	-0.0778111	0.0534083	0	0.752578	0	0	0	0	0	-0.555641	-0.0747308	0.083365	0	0	0	0	0	0	0.335119	-0.0135398	0.00824601
2015-03-05 00:00:00	0	-0.621061	1.06612	0	-0.44401	-0.0247119	0.014067	0	0.257292	0	0	0	0	0	-0.311345	-0.074781	0.0835544	0	0	0	0	0	0	0.337256	-0.0102168	0.272165
2015-03-06 00:00:00	-0.994545	9.66775E-05	1.00598	0	-0.0964754	-0.0230837	0.0167557	0	0.180134	0	0	0	0	0	-0.217595	-0.0749041	0.083564	0	0	0	0	0	0	0.336824	-0.00956084	0.207191
2015-03-07 00:00:00	-7.39455	1.39346	1.11805	0	1.34658	-0.187642	0.328162	0	1.38027	0	0	0	0	0	1.34354	-0.0749165	0.0836034	0	0	0	0	0	0	0.332048	-0.0150944	-0.346489
2015-03-08 00:00:00	-3.97273	-0.0228917	1.01457	0	-0.211241	-0.212084	0.278114	0	2.0482	0	0	0	0	0	0.595659	-0.0749523	0.0836485	0	0	0	0	0	0	0.329585	-0.0204975	-0.164617
2015-03-09 00:00:00	-1.03273	-0.0723454	1.00428	0	-0.575898	-0.0812441	0.0717141	0	0.824502	0	0	0	0	0	-0.351517	-0.0751256	0.0836181	0	0	0	0	0	0	0.334907	-0.0141795	0.115988
2015-03-10 00:00:00	-0.589091	-0.315379	0.95215	0	-0.269539	-0.0282387	0.020743	0	0.278625	0	0	0	0	0	-0.182155	-0.0751181	0.0836493	0	0	0	0	0	0	0.337965	-0.0104027	0.203208
2015-03-11 00:00:00	-1.00545	0.0575599	0.947804	0	-0.220557	-0.0172674	0.0142443	0	0.183874	0	0	0	0	0	-0.131556	-0.0751085	0.0836758	0	0	0	0	0	0	0.338575	-0.00953765	0.166252
2015-03-12 00:00:00	-20.2255	0.318752	1.11665	0	2.61827	-0.974483	1.45147	0	8.00375	0	0	0	0	0	6.08512	-0.0752742	0.0840365	0	0	0	0	0	0	0.317895	-0.0357777	-1.31503
2015-03-13 00:00:00	-1.66545	-0.000676414	1.04024	0	-1.46875	-0.356028	0.293785	0	3.19736	0	0	0	0	0	-0.946619	-0.0754409	0.0847984	0	0	0	0	0	0	0.332212	-0.0247975	0.410635
2015-03-14 00:00:00	0	-0.86737	0.992778	0	-0.868914	-0.0595505	0.035707	0	0.748161	0	0	0	0	0	-0.700776	-0.0755672	0.0848072	0	0	0	0	0	0	0.343507	-0.013019	-0.380238
2015-03-15 00:00:00	0	-0.513536	0.978171	0	-0.107643	-0.0777276	0.0513923	0	0.424325	0	0	0	0	0	-0.432738	-0.0755453	0.0848481	0	0	0	0	0	0	0.34654	-0.0108584	0.667228
2015-03-16 00:00:00	-0.416364	-0.33867	1.1374	0	-0.367125	-0.0174102	0.0110049	0	0.170597	0	0	0	0	0	-0.293125	-0.0755292	0.0848519	0	0	0	0	0	0	0.347287	-0.00976577	0.233153
2015-03-17 00:00:00	-1.18909	0.157902	1.03377	0	-0.0412537	-0.0212696	0.0161429	0	0.157248	0	0	0	0	0	-0.172222	-0.0755237	0.0848645	0	0	0	0	0	0	0.345786	-0.00942679	0.286924
2015-03-18 00:00:00	-0.00545454	-0.667068	1.18879	0	-0.505065	-0.00668933	0.00380652	0	0.12941	0	0	0	0	0	-0.157869	-0.0755157	0.0848643	0	0	0	0	0	0	0.344951	-0.00927708	0.324883
2015-03-19 00:00:00	0	-0.595541	1.39442	0	-0.723065	-0.00188633	0.00086771	0	0.0612645	0	0	0	0	0	-0.0092423	-0.0754856	0.0848091	0	0	0	0	0	0	0.344385	-0.00851903	0.472005
2015-03-20 00:00:00	-0.2	-0.458201	1.24591	0	-0.132275	-0.00154712	0.000593076	0	0.0430401	0	0	0	0	0	-0.133873	-0.0754755	0.0847867	0	0	0	0	0	0	0.34074	-0.00806371	0.705635
2015-03-21 00:00:00	0	-0.454154	1.05794	0	-0.327429	-0.000931015	0.00036848	0	0.0434715	0	0	0	0	0	-0.0413739	-0.0754386	0.0847233	0	0	0	0	0	0	0.338837	-0.00812561	0.617892
2015-03-22 00:00:00	0	-0.499897	1.13113	0	-0.214132	-0.000547753	0.000115656	0	0.0385968	0	0	0	0	0	-0.0958753	-0.0754009	0.0846864	0	0	0	0	0	0	0.335631	-0.00799408	0.696313
2015-03-23 00:00:00	0	-0.537284	1.20625	0	-0.143363	-0.000273702	3.54982E-05	0	0.0333917	0	0	0	0	0	-0.0774846	-0.0753199	0.0846481	0	0	0	0	0	0	0.333249	-0.00792861	0.815923
2015-03-24 00:00:00	-0.00545455	-0.471441	1.06564	0	-0.0614698	-0.000242248	1.82857E-05	0	0.0281263	0	0	0	0	0	-0.122235	-0.0752558	0.0846061	0	0	0	0	0	0	0.330521	-0.00776258	0.76505
2015-03-25 00:00:00	-0.194545	-0.402787	1.09329	0	-0.047451	-0.000111545	7.80252E-06	0	0.0305387	0	0	0	0	0	-0.0869273	-0.0752001	0.0845722	0	0	0	0	0	0	0.328075	-0.00783133	0.721633
2015-03-26 00:00:00	-5.13454	1.86212	1.26704	0	0.473381	-0.00430818	0.00311963	0	0.0436357	0	0	0	0	0	0.812027	-0.0751878	0.084594	0	0	0	0	0	0	0.325543	-0.00802832	-0.350607
2015-03-27 00:00:00	-0.265455	-0.874259	1.21574	0	-0.10383	-0.00199428	0.00192257	0	0.0739843	0	0	0	0	0	0.028694	-0.0751693	0.0846059	0	0	0	0	0	0	0.324015	-0.0088159	0.399437
2015-03-28 00:00:00	-8.88	3.05563	1.39981	0	1.83648	-0.0331627	0.0761482	0	0.351734	0	0	0	0	0	1.0429	-0.0751748	0.0846775	0	0	0	0	0	0	0.31956	-0.0096159	-0.831014
2015-03-29 00:00:00	-3.74	0.74695	1.37349	0	0.0464475	-0.0478071	0.129462	0	0.733744	0	0	0	0	0	0.293361	-0.0751702	0.0847173	0	0	0	0	0	0	0.319609	-0.013326	-0.148519
2015-03-30 00:00:00	-10.2964	0.82782	1.32736	0	1.21756	-0.259458	0.534382	0	2.4715	0	0	0	0	0	2.18141	-0.0752624	0.0848041	0	0	0	0	0	0	0.317503	-0.02182	-1.69056
2015-03-31 00:00:00	-2.70909	-0.00041354	1.36582	0	-0.568512	-0.136887	0.191565	0	1.53145	0	0	0	0	0	-0.104334	-0.0754095	0.0849198	0	0	0	0	0	0	0.327122	-0.0184464	-0.112212
2015-04-01 00:00:00	-1.04364	-0.286028	1.33335	0	-0.291904	-0.0510212	0.0531571	0	0.476079	0	0	0	0	0	-0.358805	-0.075419	0.0849182	0	0	0	0	0	0	0.33305	-0.0117385	0.161998
2015-04-02 00:00:00	-0.689091	-0.931081	1.56239	0	-0.250087	-0.0529653	0.110061	0	0.227542	0	0	0	0	0	-0.138365	-0.0754241	0.0848493	0	0	0	0	0	0	0.33412	-0.00977984	0.172166
2015-04-03 00:00:00	-5.28	1.22303	1.52783	0	0.713786	-0.0922052	0.177699	0	0.69564	0	0	0	0	0	0.606819	-0.0754293	0.0848694	0	0	0	0	0	0	0.331259	-0.0118614	-0.0985637
2015-04-04 00:00:00	-0.0109091	-1.22666	1.67444	0	-0.871014	-0.0261885	0.0220228	0	0.531422	0	0	0	0	0	-0.285862	-0.0754298	0.084878	0	0	0	0	0	0	0.331614	-0.0126631	0.135652
2015-04-05 00:00:00	0	-0.907693	2.10948	0	-1.12818	-0.0024025	0.00102245	0	0.0895764	0	0	0	0	0	-0.177378	-0.0753751	0.0848329	0	0	0	0	0	0	0.334265	-0.00905179	0.319093
2015-04-06 00:00:00	-0.232727	-0.986455	2.47819	0	-0.595653	-0.00159332	0.00063604	0	0.0437543	0	0	0	0	0	-0.245131	-0.0753685	0.0848145	0	0	0	0	0	0	0.330083	-0.00805718	0.792498
2015-04-07 00:00:00	-0.00545454	-0.71226	1.63114	0	-0.473895	-0.000632259	0.000213831	0	0.0390288	0	0	0	0	0	-0.183518	-0.0753246	0.0847255	0	0	0	0	0	0	0.327748	-0.00798433	0.62379
2015-04-08 00:00:00	-0.0327273	-1.47589	3.31352	0	-0.33692	-0.000379687	8.35196E-05	0	0.0222003	0	0	0	0	0	-0.520368	-0.075246	0.0846389	0	0	0	0	0	0	0.322771	-0.00761348	1.29406
2015-04-09 00:00:00	-0.00545455	-0.51824	2.72362	0	-0.465685	-7.21106E-05	1.58525E-05	0	0.01583	0	0	0	0	0	-0.640457	-0.075127	0.084521	0	0	0	0	0	0	0.318025	-0.00749261	1.42949
2015-04-10 00:00:00	-0.00545454	0	2.76923	0	-0.565841	0	0	0	0.00016466	0	0	0	0	0	-0.711948	-0.0750017	0.0843349	0	0	0	0	0	0	0.311839	-0.00719651	1.80013
2015-04-11 00:00:00	-4.51273	1.38629	1.68027	0	0.246256	0	0	0	0	0	0	0	0	0	0.510111	-0.0749659	0.0842752	0	0	0	0	0	0	0.308045	-0.00718185	-0.379626
2015-04-12 00:00:00	-7.14	1.98768	1.58369	0	1.23215	-0.0022482	0.00161145	0	0.00592695	0	0	0	0	0	1.21475	-0.0750237	0.0843448	0	0	0	0	0	0	0.304327	-0.00720157	-0.809992
2015-04-13 00:00:00	-0.450909	-1.17972	1.77385	0	-0.0447648	-0.00169929	0.00894223	0	0.0412746	0	0	0	0	0	0.04076	-0.0750537	0.0843835	0	0	0	0	0	0	0.302961	-0.00824016	0.491783
2015-04-14 00:00:00	-0.394545	-0.756719	2.00573	0	-0.346601	-2.14136E-07	0.00199298	0	0.0191104	0	0	0	0	0	-0.0978745	-0.0750292	0.0843088	0	0	0	0	0	0	0.299951	-0.00768117	0.732639
2015-04-15 00:00:00	-3.52364	0.993509	1.87166	0	0.382224	-0.00147568	0.00143246	0	0.0168423	0	0	0	0	0	0.199122	-0.0749889	0.0842475	0	0	0	0	0	0	0.295891	-0.0074936	0.237329
2015-04-16 00:00:00	-0.0709091	-1.56437	2.48394	0	-0.304644	-0.000840854	0.00168878	0	0.028036	0	0	0	0	0	-0.145197	-0.0749481	0.0842094	0	0	0	0	0	0	0.290315	-0.00771131	0.719569
2015-04-17 00:00:00	-0.00545454	-0.83447	1.92123	0	-0.212201	0	9.84023E-05	0	0.017175	0	0	0	0	0	-0.336385	-0.0748618	0.0840893	0	0	0	0	0	0	0.284455	-0.00736855	0.836307
2015-04-18 00:00:00	0	-0.0296146	2.49743	0	-0.721782	0	0	0	0.00278988	0	0	0	0	0	-0.748416	-0.074636	0.0839047	0	0	0	0	0	0	0.277641	-0.00696229	1.28036
2015-04-19 00:00:00	-0.2	-0.00256529	1.60452	0	-0.133234	0	0	0	0	0	0	0	0	0	-0.407907	-0.0745249	0.0837869	0	0	0	0	0	0	0.273381	-0.00685313	1.1366
2015-04-20 00:00:00	-0.194545	0	2.03044	0	-0.155626	0	0	0	0	0	0	0	0	0	-0.616009	-0.0743811	0.0836562	0	0	0	0	0	0	0.268547	-0.00682305	1.33526
2015-04-21 00:00:00	0	0	3.9697	0	-0.202783	0	0	0	0	0	0	0	0	0	-1.3761	-0.0741377	0.0834282	0	0	0	0	0	0	0.264488	-0.00679424	2.6578
2015-04-22 00:00:00	-0.00545454	0	3.63789	0	-0.0549418	0	0	0	0	0	0	0	0	0	-1.11743	-0.07391	0.0832176	0	0	0	0	0	0	0.256645	-0.00674829	2.71927
2015-04-23 00:00:00	0	0	2.8267	0	-0.0168312	0	0	0	0	0	0	0	0	0	-0.908543	-0.0737116	0.0830581	0	0	0	0	0	0	0.246433	-0.006696	2.15041
2015-04-24 00:00:00	-1.56182	0	2.39457	0	0.0224593	0	0	0	0	0	0	0	0	0	-0.236594	-0.0736274	0.0829768	0	0	0	0	0	0	0.234799	-0.00664244	0.856126
2015-04-25 00:00:00	-5.79455	1.72005	1.95072	0	0.18376	0	0	0	0	0	0	0	0	0	0.704634	-0.073694	0.0830624	0	0	0	0	0	0	0.228968	-0.00655214	-1.0036
2015-04-26 00:00:00	-1.13636	-0.637767	1.75606	0	0.102466	0	0	0	0	0	0	0	0	0	0.104369	-0.073692	0.0830693	0	0	0	0	0	0	0.225637	-0.00650602	0.417275
2015-04-27 00:00:00	-1.63818	-0.157741	1.79589	0	0.0937637	0	2.28033E-05	0	1.02123E-05	0	0	0	0	0	0.0233524	-0.0736685	0.0830426	0	0	0	0	0	0	0.22353	-0.00648594	0.343538
2015-04-28 00:00:00	-1.8	-0.0873193	1.91154	0	0.0275533	0	0.000258733	0	0.00191496	0	0	0	0	0	0.0764682	-0.0736358	0.0830284	0	0	0	0	0	0	0.22175	-0.00646262	0.355092
2015-04-29 00:00:00	-8.45818	2.48953	1.99027	0	0.645536	-0.00238403	0.00276425	0	0.00647348	0	0	0	0	0	1.60311	-0.0736971	0.0831137	0	0	0	0	0	0	0.220903	-0.00647277	-1.49904
2015-04-30 00:00:00	-1.59455	-0.369915	1.9703	0	-0.000785202	-0.00225719	0.00249897	0	0.0526292	0	0	0	0	0	0.0254153	-0.0736816	0.0831113	0	0	0	0	0	0	0.221215	-0.00795953	0.306023
2015-05-01 00:00:00	-2.70273	0.274646	1.96048	0	0.0977518	-0.00213712	0.00299726	0	0.0302196	0	0	0	0	0	0.220552	-0.073666	0.0829987	0	0	0	0	0	0	0.221108	-0.00736412	0.104864
2015-05-02 00:00:00	-0.389091	-1.16436	1.82151	0	-0.0896237	-0.000892144	0.00111876	0	0.023065	0	0	0	0	0	-0.0944437	-0.0736619	0.082821	0	0	0	0	0	0	0.220977	-0.00720348	0.330222
2015-05-03 00:00:00	-11.4782	3.73533	2.21127	0	1.72752	-0.0347391	0.116968	0	0.247415	0	0	0	0	0	1.55393	-0.0737038	0.0828051	0	0	0	0	0	0	0.220347	-0.0085584	-1.6996
2015-05-04 00:00:00	-2.14	-0.248703	2.43191	0	-0.387178	-0.0113019	0.023371	0	0.33917	0	0	0	0	0	-0.22638	-0.0736847	0.0828531	0	0	0	0	0	0	0.225029	-0.0117051	0.00338484
2015-05-05 00:00:00	-7.61454	0.288116	2.34678	0	0.722255	-0.0715532	0.239034	0	0.583388	0	0	0	0	0	1.51342	-0.0736929	0.0829232	0	0	0	0	0	0	0.227872	-0.0122739	-1.76828
2015-05-06 00:00:00	-7.43273	0.0113305	2.32863	0	0.482784	-0.104625	0.257223	0	1.0503	0	0	0	0	0	1.46126	-0.0737682	0.083121	0	0	0	0	0	0	0.234	-0.0161681	-1.71865
2015-05-07 00:00:00	-0.0163636	-1.44676	2.11632	0	-0.650678	-0.0191794	0.0206603	0	0.391847	0	0	0	0	0	-0.380661	-0.0737559	0.0831773	0	0	0	0	0	0	0.244899	-0.0116678	0.257842
2015-05-08 00:00:00	-1.00273	-0.698508	2.50722	0	-0.407562	-0.000465762	0.000378851	0	0.0550917	0	0	0	0	0	-0.27821	-0.0737101	0.0830907	0	0	0	0	0	0	0.25005	-0.00795334	0.426696
2015-05-09 00:00:00	-5.00818	1.39907	2.36194	0	0.629792	-0.0138806	0.0128751	0	0.10399	0	0	0	0	0	0.285479	-0.0736896	0.0830684	0	0	0	0	0	0	0.250375	-0.00797587	0.0228677
2015-05-10 00:00:00	-4.60545	0.54588	2.62453	0	0.26368	-0.04429	0.0987334	0	0.405125	0	0	0	0	0	0.295545	-0.0736747	0.0830905	0	0	0	0	0	0	0.249484	-0.00991519	-0.167267
2015-05-11 00:00:00	-5.00818	0.209332	2.84426	0	0.187691	-0.059851	0.139094	0	0.58998	0	0	0	0	0	0.492707	-0.073673	0.083106	0	0	0	0	0	0	0.250573	-0.0118914	-0.356859
2015-05-12 00:00:00	-0.6	-1.42323	2.57144	0	-0.55857	-0.010727	0.0135359	0	0.270397	0	0	0	0	0	-0.233017	-0.0736575	0.0830834	0	0	0	0	0	0	0.256784	-0.0102268	0.285813
2015-05-13 00:00:00	0	-1.04132	2.46033	0	-0.881844	0	0	0	0.0477605	0	0	0	0	0	-0.234143	-0.0735818	0.0829562	0	0	0	0	0	0	0.259367	-0.00788183	0.611646
2015-05-14 00:00:00	0	-0.941699	2.24124	0	-0.796552	0	0	0	0.0205936	0	0	0	0	0	-0.227936	-0.0735536	0.0828857	0	0	0	0	0	0	0.258212	-0.00708234	0.556105
2015-05-15 00:00:00	-1.20273	-0.730403	2.75007	0	-0.25562	0	0	0	0.0206551	0	0	0	0	0	-0.193577	-0.0734799	0.0828081	0	0	0	0	0	0	0.257271	-0.00708687	0.647907
2015-05-16 00:00:00	-2.60273	0.0277715	2.58648	0	0.156488	0	0	0	0.0116435	0	0	0	0	0	-0.0415327	-0.073455	0.0829226	0	0	0	0	0	0	0.255847	-0.00684485	0.396597
2015-05-17 00:00:00	-7.61091	2.11005	2.61226	0	1.41489	-0.00490957	0.00593651	0	0.0540678	0	0	0	0	0	0.852721	-0.0734817	0.0829578	0	0	0	0	0	0	0.254367	-0.00760097	-0.309657
2015-05-18 00:00:00	-5.20818	0.826549	2.56273	0	0.6944	-0.0176869	0.0652228	0	0.264178	0	0	0	0	0	0.390736	-0.0734622	0.0830329	0	0	0	0	0	0	0.254465	-0.00920118	-0.167217
2015-05-19 00:00:00	-3.80545	0.308586	2.51128	0	0.0646965	-0.0274593	0.0871918	0	0.37427	0	0	0	0	0	0.160748	-0.0734329	0.0830545	0	0	0	0	0	0	0.254578	-0.0107601	-0.0726986
2015-05-20 00:00:00	0	-1.71767	2.65018	0	-0.746402	-0.00442979	0.00747926	0	0.1659	0	0	0	0	0	-0.202662	-0.0733957	0.0830129	0	0	0	0	0	0	0.256187	-0.00930779	0.408894
2015-05-21 00:00:00	-2.20273	-0.347613	2.76401	0	-0.046452	-0.000133504	0.000237194	0	0.0398848	0	0	0	0	0	-0.00903606	-0.0733329	0.0829291	0	0	0	0	0	0	0.256562	-0.00767911	0.456655
2015-05-22 00:00:00	0	-1.21106	2.89365	0	-1.10004	-0.000345066	0.00031619	0	0.0208484	0	0	0	0	0	-0.213963	-0.0733263	0.0827784	0	0	0	0	0	0	0.254593	-0.00708727	0.646358
2015-05-23 00:00:00	0	-1.7221	5.16776	0	-0.875294	0	0	0	0.0148527	0	0	0	0	0	-1.10641	-0.0732563	0.0825512	0	0	0	0	0	0	0.252893	-0.00694393	1.73406
2015-05-24 00:00:00	-1.60273	0	2.80764	0	-0.0601606	0	0	0	0	0	0	0	0	0	-0.350242	-0.0729995	0.0824934	0	0	0	0	0	0	0.250947	-0.00657839	1.04837
2015-05-25 00:00:00	0	0	2.57609	0	-0.397743	0	0	0	0	0	0	0	0	0	-0.936096	-0.0727528	0.0823898	0	0	0	0	0	0	0.248249	-0.00655118	1.49358
2015-05-26 00:00:00	0	0	2.47499	0	-0.181357	0	0	0	0	0	0	0	0	0	-0.868739	-0.0722812	0.0818425	0	0	0	0	0	0	0.246574	-0.00653475	1.6745
2015-05-27 00:00:00	-6.00818	1.59262	2.72979	0	0.270163	0	0	0	0	0	0	0	0	0	0.593471	-0.0723313	0.0819343	0	0	0	0	0	0	0.244057	-0.00651093	-0.574981
2015-05-28 00:00:00	-9.01364	2.25206	2.70563	0	1.24925	-0.00200128	0.0023498	0	0.0076115	0	0	0	0	0	1.47578	-0.0724093	0.0820363	0	0	0	0	0	0	0.242679	-0.00651092	-1.07716
2015-05-29 00:00:00	-0.2	-1.67904	2.61557	0	-0.39035	-0.000755446	0.00105013	0	0.0408143	0	0	0	0	0	-0.180717	-0.0724182	0.0820438	0	0	0	0	0	0	0.241961	-0.00752503	0.450634
2015-05-30 00:00:00	-1.60273	-0.530851	2.67695	0	-0.262138	0	0	0	0.0102493	0	0	0	0	0	-0.0717126	-0.0723394	0.0819494	0	0	0	0	0	0	0.239255	-0.00687832	0.461763
2015-05-31 00:00:00	-8.01091	2.4631	2.63583	0	1.4658	-0.0087823	0.0115695	0	0.0423492	0	0	0	0	0	0.713081	-0.0723824	0.0819965	0	0	0	0	0	0	0.236044	-0.00690942	-0.449206
2015-06-01 00:00:00	-2.60545	-0.12454	2.55775	0	0.0103305	-0.00579455	0.00834842	0	0.120122	0	0	0	0	0	-0.00655915	-0.0723778	0.0820003	0	0	0	0	0	0	0.235672	-0.00837795	0.191122
2015-06-02 00:00:00	-0.00545454	-1.80532	2.76555	0	-0.56297	-0.0021131	0.00228351	0	0.0394233	0	0	0	0	0	-0.175416	-0.0723371	0.0819539	0	0	0	0	0	0	0.2356	-0.00725823	0.493938
2015-06-03 00:00:00	-0.205455	-1.11543	2.84366	0	-0.697215	0	0	0	0.00760731	0	0	0	0	0	-0.341385	-0.072243	0.0818313	0	0	0	0	0	0	0.234595	-0.00667567	0.729293
2015-06-04 00:00:00	-0.0109091	-1.03158	3.02223	0	-0.649619	0	0	0	0.00301623	0	0	0	0	0	-0.519591	-0.0719617	0.0817659	0	0	0	0	0	0	0.231422	-0.00643537	1.04834
2015-06-05 00:00:00	-0.389091	-0.0210233	2.87082	0	-0.235866	0	0	0	0	0	0	0	0	0	-1.0403	-0.0718151	0.0817331	0	0	0	0	0	0	0.228576	-0.00634845	1.41668
2015-06-06 00:00:00	-3.50727	0.543775	2.95408	0	0.172553	0	0	0	0	0	0	0	0	0	0.0592371	-0.0717677	0.0817514	0	0	0	0	0	0	0.22583	-0.0063139	0.451874
2015-06-07 00:00:00	-0.194545	-0.543775	2.81672	0	-0.186768	0	0	0	0	0	0	0	0	0	-0.858083	-0.0716197	0.0816063	0	0	0	0	0	0	0.223162	-0.00629512	1.26041
2015-06-08 00:00:00	0	0	2.78296	0	-0.13078	0	0	0	0	0	0	0	0	0	-1.04977	-0.0715543	0.0813019	0	0	0	0	0	0	0.219803	-0.00627129	1.82569
2015-06-09 00:00:00	-0.00545454	0	4.10167	0	-0.106737	0	0	0	0	0	0	0	0	0	-1.47066	-0.0713563	0.0810273	0	0	0	0	0	0	0.216829	-0.00624619	2.73907
2015-06-10 00:00:00	0	0	4.46455	0	-0.0453847	0	0	0	0	0	0	0	0	0	-1.83534	-0.0713613	0.0804901	0	0	0	0	0	0	0.213727	-0.00621467	2.80047
2015-06-11 00:00:00	0	0	3.70588	0	-0.021505	0	0	0	0	0	0	0	0	0	-1.44266	-0.0710277	0.0800433	0	0	0	0	0	0	0.207969	-0.00615134	2.45256
2015-06-12 00:00:00	-0.902727	0	4.27593	0	-0.0157266	0	0	0	0	0	0	0	0	0	-1.43186	-0.0703735	0.0793973	0	0	0	0	0	0	0.203076	-0.00606674	2.13165
2015-06-13 00:00:00	-1.19455	0	2.81461	0	0.00344778	0	0	0	0	0	0	0	0	0	-0.655246	-0.0702213	0.0793637	0	0	0	0	0	0	0.197586	-0.00603194	1.16896
2015-06-14 00:00:00	-2.59455	0.0370006	2.76504	0	0.0450389	0	0	0	0	0	0	0	0	0	-0.075396	-0.0702228	0.0794414	0	0	0	0	0	0	0.194401	-0.0060014	0.374756
2015-06-15 00:00:00	-0.994545	-0.0370006	3.08962	0	-0.0227227	0	0	0	0	0	0	0	0	0	-0.830226	-0.070151	0.0792841	0	0	0	0	0	0	0.191111	-0.00596527	1.3994
2015-06-16 00:00:00	-0.4	0	2.86375	0	-0.027951	0	0	0	0	0	0	0	0	0	-0.98153	-0.0699261	0.0789873	0	0	0	0	0	0	0.189031	-0.00593954	1.64643
2015-06-17 00:00:00	-1.4	0	3.02944	0	0.00234803	0	0	0	0	0	0	0	0	0	-0.7465	-0.0698684	0.0789343	0	0	0	0	0	0	0.18339	-0.00586839	1.07187
2015-06-18 00:00:00	0	0	2.5741	0	-0.0094112	0	0	0	0	0	0	0	0	0	-0.881276	-0.069666	0.078808	0	0	0	0	0	0	0.180863	-0.00583943	1.86758
2015-06-19 00:00:00	-0.4	0	2.74768	0	-0.00547491	0	0	0	0	0	0	0	0	0	-1.13957	-0.0695528	0.0786368	0	0	0	0	0	0	0.178775	-0.00582181	1.38467
2015-06-20 00:00:00	-1.12455	0	2.99465	0	-0.0017423	0	0	0	0	0	0	0	0	0	-0.876694	-0.0690677	0.0781486	0	0	0	0	0	0	0.175473	-0.00579079	1.17043
2015-06-21 00:00:00	-1.06	0.00428264	2.83096	0	-0.00243206	0	0	0	0	0	0	0	0	0	-0.861996	-0.0689329	0.0777657	0	0	0	0	0	0	0.173115	-0.00576714	1.087
2015-06-22 00:00:00	-3.62182	0.347594	3.2054	0	0.0186107	0	0	0	0	0	0	0	0	0	-0.136752	-0.0689987	0.0774639	0	0	0	0	0	0	0.172006	-0.00574798	-0.0122443
2015-06-23 00:00:00	0	-0.351876	3.03175	0	-0.0184268	0	0	0	0	0	0	0	0	0	-1.0968	-0.0688186	0.0773115	0	0	0	0	0	0	0.169727	-0.00570154	1.73717
2015-06-24 00:00:00	-1.02727	0	3.12843	0	-0.00325582	0	0	0	0	0	0	0	0	0	-0.849594	-0.0685346	0.0771266	0	0	0	0	0	0	0.168563	-0.00568594	1.41978
2015-06-25 00:00:00	-2.71364	0	3.43982	0	0.0241123	0	0	0	0	0	0	0	0	0	-0.495004	-0.0684287	0.0769011	0	0	0	0	0	0	0.166812	-0.00566719	0.424907
2015-06-26 00:00:00	-0.810909	0	3.0584	0	-0.017764	0	0	0	0	0	0	0	0	0	-1.03066	-0.0682595	0.0768041	0	0	0	0	0	0	0.164665	-0.00563635	1.36664
2015-06-27 00:00:00	0	0	2.77275	0	-0.00389976	0	0	0	0	0	0	0	0	0	-1.32389	-0.0681897	0.0764585	0	0	0	0	0	0	0.163225	-0.00561922	1.61084
2015-06-28 00:00:00	-4.28182	0.547079	3.57012	0	0.00229643	0	0	0	0	0	0	0	0	0	-0.00259688	-0.0681376	0.0764333	0	0	0	0	0	0	0.16182	-0.00559769	-0.000405986
2015-06-29 00:00:00	-0.194545	-0.547079	3.09407	0	-0.0103861	0	0	0	0	0	0	0	0	0	-1.09653	-0.0680014	0.0760952	0	0	0	0	0	0	0.160579	-0.005589	1.40862
2015-06-30 00:00:00	-0.00545454	0	3.16464	0	-0.014088	0	0	0	0	0	0	0	0	0	-1.6155	-0.0675403	0.0759859	0	0	0	0	0	0	0.158729	-0.00556611	1.69121
2015-07-01 00:00:00	0	0	3.75278	0	-0.0147371	0	0	0	0	0	0	0	0	0	-1.65333	-0.0671536	0.0758421	0	0	0	0	0	0	0.156552	-0.00552676	2.24443
2015-07-02 00:00:00	-1.30818	0	3.22392	0	0.00188342	0	0	0	0	0	0	0	0	0	-1.12947	-0.0670902	0.0756125	0	0	0	0	0	0	0.153593	-0.0054843	0.944781
2015-07-03 00:00:00	-0.00545454	0	4.09994	0	-0.0145089	0	0	0	0	0	0	0	0	0	-2.14447	-0.0668228	0.0751663	0	0	0	0	0	0	0.151356	-0.00545145	2.08976
2015-07-04 00:00:00	-10.9418	3.38833	3.57996	0	0.0605279	0	0	0	0	0	0	0	0	0	2.08284	-0.0668561	0.0751416	0	0	0	0	0	0	0.149289	-0.005423	-1.67801
2015-07-05 00:00:00	-0.232727	-2.19753	3.27619	0	-0.0136936	0	0	0	0	0	0	0	0	0	-0.40475	-0.0668613	0.0751494	0	0	0	0	0	0	0.148816	-0.00540697	0.579189
2015-07-06 00:00:00	-6.03273	1.74572	3.42466	0	0.0275156	0	0	0	0	0	0	0	0	0	0.418963	-0.0668356	0.075068	0	0	0	0	0	0	0.148009	-0.0053908	-0.26502
2015-07-07 00:00:00	-3.28636	-0.542599	3.79666	0	0.00822855	0	0	0	0	0	0	0	0	0	-0.0214365	-0.0668185	0.0750251	0	0	0	0	0	0	0.147417	-0.00537742	0.104736
2015-07-08 00:00:00	-3.15727	-0.173969	3.31061	0	0.0116009	0	0	0	0	0	0	0	0	0	-0.0426258	-0.0667599	0.0749493	0	0	0	0	0	0	0.146667	-0.00536143	0.0978432
2015-07-09 00:00:00	0	-2.0131	3.14787	0	-0.0165839	0	0	0	0	0	0	0	0	0	-0.614678	-0.0666751	0.0748898	0	0	0	0	0	0	0.14602	-0.00534979	0.652393
2015-07-10 00:00:00	-1.13545	-0.177528	3.14419	0	-0.0134889	0	0	0	0	0	0	0	0	0	-0.997654	-0.0664995	0.0743836	0	0	0	0	0	0	0.14535	-0.00533994	0.967954
2015-07-11 00:00:00	-1.12455	-0.0254866	3.30903	0	-0.00665748	0	0	0	0	0	0	0	0	0	-1.26846	-0.066395	0.0740211	0	0	0	0	0	0	0.143683	-0.00528211	1.02991
2015-07-12 00:00:00	-0.2	-0.0037733	2.83774	0	-0.0189493	0	0	0	0	0	0	0	0	0	-1.58236	-0.0664012	0.0737289	0	0	0	0	0	0	0.141857	-0.00513171	1.17671
2015-07-13 00:00:00	-5.87545	1.77704	3.34406	0	0.0425177	0	0	0	0	0	0	0	0	0	0.218773	-0.0661511	0.0741226	0	0	0	0	0	0	0.140919	-0.00512224	-0.349298
2015-07-14 00:00:00	0	-1.77704	3.08485	0	-0.0175628	0	0	0	0	0	0	0	0	0	-0.838519	-0.0660335	0.0740265	0	0	0	0	0	0	0.139902	-0.00509976	0.594525
2015-07-15 00:00:00	0	0	2.61133	0	-0.0166077	0	0	0	0	0	0	0	0	0	-1.53076	-0.0654249	0.0739776	0	0	0	0	0	0	0.139365	-0.00509148	1.20679
2015-07-16 00:00:00	0	0	3.36576	0	-0.0480539	0	0	0	0	0	0	0	0	0	-1.99428	-0.0651997	0.0736593	0	0	0	0	0	0	0.138128	-0.00507535	1.46494
2015-07-17 00:00:00	-14.1018	4.74601	3.57327	0	0.141906	0	0	0	0	0	0	0	0	0	2.97933	-0.0653074	0.0737358	0	0	0	0	0	0	0.136731	-0.00505387	-2.5212
2015-07-18 00:00:00	-2.6	-0.897773	3.46507	0	-0.00791549	0	0	0	0	0	0	0	0	0	-0.190153	-0.0652904	0.0736964	0	0	0	0	0	0	0.136521	-0.00504024	-0.090882
2015-07-19 00:00:00	-5.94	1.36345	3.26221	0	0.0388562	0	0	0	0	0	0	0	0	0	0.670369	-0.0652685	0.0736582	0	0	0	0	0	0	0.135968	-0.00502243	-0.465777
2015-07-20 00:00:00	-1.59455	-1.46387	3.24204	0	0.00823408	0	0	0	0	0	0	0	0	0	-0.203218	-0.0652558	0.0735906	0	0	0	0	0	0	0.13544	-0.005014	0.1274
2015-07-21 00:00:00	-1.39455	-0.972933	3.21329	0	-0.0254839	0	0	0	0	0	0	0	0	0	-0.466899	-0.0652084	0.0734533	0	0	0	0	0	0	0.134844	-0.00500297	0.491515
2015-07-22 00:00:00	0	-1.17379	2.75622	0	-0.0262347	0	0	0	0	0	0	0	0	0	-0.586513	-0.0651004	0.0733218	0	0	0	0	0	0	0.134325	-0.00499543	1.10724
2015-07-23 00:00:00	-0.389091	-1.02202	2.76045	0	-0.0382853	0	0	0	0	0	0	0	0	0	-1.0163	-0.0651044	0.0730954	0	0	0	0	0	0	0.133801	-0.00498345	0.431564
2015-07-24 00:00:00	-5.19454	1.57151	3.21131	0	0.0369506	0	0	0	0	0	0	0	0	0	0.223828	-0.0650173	0.07291	0	0	0	0	0	0	0.133239	-0.00497372	-0.0147886
2015-07-25 00:00:00	-6.35091	1.31704	3.01309	0	0.126146	0	0	0	0	0	0	0	0	0	0.869472	-0.065038	0.0729307	0	0	0	0	0	0	0.132619	-0.00496646	-0.889619
2015-07-26 00:00:00	-7.22727	1.41537	2.9781	0	0.070211	0	0	0	0	0	0	0	0	0	1.45533	-0.065004	0.0729835	0	0	0	0	0	0	0.132274	-0.00495391	-1.17296
2015-07-27 00:00:00	-11.3836	1.5115	2.76028	0	1.13287	0	0.106943	0	0.00442587	0	0	0	0	0	2.66774	-0.065126	0.0731566	0	0	0	0	0	0	0.132555	-0.0049686	-3.06426
2015-07-28 00:00:00	-18.7945	0.0109363	3.06777	0	0.502217	0	0.532728	0	0.801804	0	0	0	0	0	6.6967	-0.0654637	0.0735114	0	0	0	0	0	0	0.129978	-0.0183781	-7.06274
2015-07-29 00:00:00	-3.79455	0.0164161	3.05098	0	-0.374755	0	0.0417149	0	0.327608	0	0	0	0	0	-0.274477	-0.0656972	0.0737482	0	0	0	0	0	0	0.134095	-0.0125363	-0.877448
2015-07-30 00:00:00	-0.2	-2.17234	3.00061	0	-0.255567	0	0.0024265	0	0.0218425	0	0	0	0	0	-0.452652	-0.0657166	0.0737433	0	0	0	0	0	0	0.136988	-0.00613037	0.0832044
2015-07-31 00:00:00	-6.15636	2.10976	3.06885	0	0.249119	0	0.00950348	0	0.00319356	0	0	0	0	0	0.229759	-0.0657046	0.0737265	0	0	0	0	0	0	0.138718	-0.00530903	-0.344754
2015-08-01 00:00:00	-2.62727	-0.240666	2.85492	0	-0.0218622	0	0.00638138	0	0.0229523	0	0	0	0	0	-0.157244	-0.0656947	0.0737194	0	0	0	0	0	0	0.139842	-0.00621093	-0.0211352
2015-08-02 00:00:00	-1.77273	-1.11336	3.03913	0	-0.0731872	0	0.00025592	0	0.0364282	0	0	0	0	0	-0.140207	-0.0656689	0.0736947	0	0	0	0	0	0	0.139877	-0.00679257	0.117443
2015-08-03 00:00:00	-0.194545	-1.62058	3.45592	0	-0.608159	0	0	0	0.0128404	0	0	0	0	0	-0.482911	-0.0655277	0.0735974	0	0	0	0	0	0	0.140138	-0.00599404	0.704778
2015-08-04 00:00:00	-0.997273	-0.887016	3.24223	0	-0.356752	0	0	0	0.00011929	0	0	0	0	0	-0.444414	-0.0654985	0.0735402	0	0	0	0	0	0	0.139761	-0.00534347	0.699352
2015-08-05 00:00:00	-2.39455	-0.379673	3.23515	0	-0.0567269	0	0	0	0.00179784	0	0	0	0	0	-0.128947	-0.0654052	0.0735154	0	0	0	0	0	0	0.139635	-0.00539856	0.419401
2015-08-06 00:00:00	-1.79455	-0.589976	3.16074	0	0.0285983	0	0	0	3.75569E-05	0	0	0	0	0	-0.455924	-0.065367	0.0734773	0	0	0	0	0	0	0.138605	-0.00530807	0.490333
2015-08-07 00:00:00	0	-1.37212	3.35588	0	-0.110443	0	0	0	0	0	0	0	0	0	-0.975886	-0.0652813	0.0733787	0	0	0	0	0	0	0.137969	-0.00528915	1.03821
2015-08-08 00:00:00	-0.2	-0.155765	2.98683	0	-0.0722234	0	0	0	0	0	0	0	0	0	-1.31262	-0.0651078	0.0732365	0	0	0	0	0	0	0.137443	-0.00527721	1.38652
2015-08-09 00:00:00	0	0	2.93455	0	-0.126442	0	0	0	0	0	0	0	0	0	-1.30746	-0.0649224	0.0730784	0	0	0	0	0	0	0.136867	-0.00526622	1.6404
2015-08-10 00:00:00	-0.997273	0	2.95104	0	-0.0113476	0	0	0	0	0	0	0	0	0	-1.13553	-0.0647337	0.0729331	0	0	0	0	0	0	0.136182	-0.00525755	0.946017
2015-08-11 00:00:00	-0.4	0	2.58452	0	-0.0133456	0	0	0	0	0	0	0	0	0	-1.00366	-0.0646728	0.0725753	0	0	0	0	0	0	0.135309	-0.00524342	1.30549
2015-08-12 00:00:00	0	0	3.06456	0	-0.0258827	0	0	0	0	0	0	0	0	0	-1.71299	-0.0644162	0.0723347	0	0	0	0	0	0	0.1346	-0.00523237	1.46297
2015-08-13 00:00:00	-0.00545454	0	2.90489	0	-0.0169731	0	0	0	0	0	0	0	0	0	-1.65538	-0.0642217	0.07178	0	0	0	0	0	0	0.133749	-0.00522075	1.36318
2015-08-14 00:00:00	-11.4164	4.26756	2.9074	0	0.217309	0	0	0	0	0	0	0	0	0	2.238	-0.0642815	0.0719696	0	0	0	0	0	0	0.132064	-0.00520437	-1.65154
2015-08-15 00:00:00	-0.610909	-2.0336	2.88347	0	-0.0238311	0	0	0	0	0	0	0	0	0	-0.241566	-0.0642777	0.0719536	0	0	0	0	0	0	0.132237	-0.00519769	0.108275
2015-08-16 00:00:00	0	-1.33704	3.06997	0	-0.0360568	0	0	0	0	0	0	0	0	0	-1.02177	-0.0641905	0.0719043	0	0	0	0	0	0	0.131949	-0.00519288	0.809574
2015-08-17 00:00:00	-0.00545454	-0.886647	3.47376	0	-0.0913324	0	0	0	0	0	0	0	0	0	-1.32903	-0.0640066	0.0715807	0	0	0	0	0	0	0.131221	-0.00518179	1.29491
2015-08-18 00:00:00	-1.20545	-0.0102682	2.54692	0	0.00629921	0	0	0	0	0	0	0	0	0	-0.950404	-0.0640313	0.0712542	0	0	0	0	0	0	0.130692	-0.00516971	0.519837
2015-08-19 00:00:00	-1.99455	0	2.8351	0	0.0186114	0	0	0	0	0	0	0	0	0	-0.64213	-0.0640132	0.0713175	0	0	0	0	0	0	0.129646	-0.00514242	0.348841
2015-08-20 00:00:00	-0.6	0	2.74021	0	-0.0264247	0	0	0	0	0	0	0	0	0	-1.44141	-0.0638092	0.0710149	0	0	0	0	0	0	0.128886	-0.00512837	0.803339
2015-08-21 00:00:00	-0.789091	0	2.77407	0	-0.0149353	0	0	0	0	0	0	0	0	0	-1.21409	-0.0636539	0.070699	0	0	0	0	0	0	0.127521	-0.00510814	0.885412
2015-08-22 00:00:00	-9.77818	3.72362	3.00498	0	0.195414	0	0	0	0	0	0	0	0	0	1.60499	-0.0636408	0.0707448	0	0	0	0	0	0	0.126493	-0.0050676	-1.12065
2015-08-23 00:00:00	-0.805454	-2.10369	3.15918	0	-0.0160212	0	0	0	0	0	0	0	0	0	-0.284701	-0.0636117	0.0707303	0	0	0	0	0	0	0.126302	-0.00506535	0.0776619
2015-08-24 00:00:00	-0.405455	-0.998866	2.62001	0	-0.0255214	0	0	0	0	0	0	0	0	0	-0.684535	-0.0635463	0.0706469	0	0	0	0	0	0	0.125832	-0.00505508	0.633508
2015-08-25 00:00:00	-0.2	-0.60664	2.49268	0	-0.0324622	0	0	0	0	0	0	0	0	0	-1.06113	-0.0630858	0.0704358	0	0	0	0	0	0	0.125497	-0.00505137	0.720234
2015-08-26 00:00:00	-3.80545	0.941366	2.69312	0	0.0149103	0	0	0	0	0	0	0	0	0	0.124121	-0.0630205	0.0703081	0	0	0	0	0	0	0.124799	-0.00503995	0.0951143
2015-08-27 00:00:00	-0.605455	-0.942979	2.57809	0	-0.014681	0	0	0	0	0	0	0	0	0	-0.931733	-0.0627292	0.0700512	0	0	0	0	0	0	0.12452	-0.00503544	0.210048
2015-08-28 00:00:00	-0.997273	-0.0128085	2.37735	0	-0.00393861	0	0	0	0	0	0	0	0	0	-0.853962	-0.0626887	0.0697549	0	0	0	0	0	0	0.123557	-0.00502028	0.634973
2015-08-29 00:00:00	0	0	2.44973	0	-0.0503591	0	0	0	0	0	0	0	0	0	-1.76431	-0.0625284	0.0698288	0	0	0	0	0	0	0.12284	-0.00499344	0.760207
2015-08-30 00:00:00	0	0	2.34433	0	-0.0395203	0	0	0	0	0	0	0	0	0	-1.63659	-0.0620709	0.0698984	0	0	0	0	0	0	0.120966	-0.00477969	0.792239
2015-08-31 00:00:00	0	0	2.09669	0	-0.0258654	0	0	0	0	0	0	0	0	0	-1.49021	-0.061564	0.0700964	0	0	0	0	0	0	0.120474	-0.00475368	0.704865
2015-09-01 00:00:00	-2.6	0.237189	2.31453	0	0.0896697	0	0	0	0	0	0	0	0	0	-0.170293	-0.0615042	0.0701311	0	0	0	0	0	0	0.119212	-0.004744	-0.00580459
2015-09-02 00:00:00	-0.2	-0.237189	1.98814	0	-0.0282977	0	0	0	0	0	0	0	0	0	-0.99741	-0.0612085	0.0700817	0	0	0	0	0	0	0.118702	-0.00472968	0.648092
2015-09-03 00:00:00	0	0	1.88373	0	-0.010552	0	0	0	0	0	0	0	0	0	-1.39783	-0.0612725	0.0699389	0	0	0	0	0	0	0.118372	-0.00472413	0.597668
2015-09-04 00:00:00	-0.6	0	2.11268	0	-0.0257917	0	0	0	0	0	0	0	0	0	-1.10962	-0.0610868	0.0698692	0	0	0	0	0	0	0.11763	-0.00471315	0.498972
2015-09-05 00:00:00	-0.2	0	1.7952	0	-0.0319378	0	0	0	0	0	0	0	0	0	-1.45422	-0.0606171	0.0695824	0	0	0	0	0	0	0.116716	-0.00468946	0.230038
2015-09-06 00:00:00	0	0	2.52361	0	-0.0324326	0	0	0	0	0	0	0	0	0	-1.76242	-0.0604632	0.0695289	0	0	0	0	0	0	0.11567	-0.00466869	0.848819
2015-09-07 00:00:00	0	0	4.20559	0	-0.0557219	0	0	0	0	0	0	0	0	0	-3.06922	-0.0601854	0.0692239	0	0	0	0	0	0	0.114739	-0.00465636	1.19977
2015-09-08 00:00:00	-0.2	0	2.20599	0	-0.00401191	0	0	0	0	0	0	0	0	0	-1.92495	-0.0600284	0.0693471	0	0	0	0	0	0	0.114068	-0.0046473	0.195775
2015-09-09 00:00:00	0	0	1.81508	0	-0.00248621	0	0	0	0	0	0	0	0	0	-1.58935	-0.0596597	0.0689374	0	0	0	0	0	0	0.112819	-0.00463196	0.340708
2015-09-10 00:00:00	0	0	2.01892	0	-0.00647858	0	0	0	0	0	0	0	0	0	-1.58879	-0.059376	0.0686801	0	0	0	0	0	0	0.112496	-0.00461884	0.540838
2015-09-11 00:00:00	0	0	1.86182	0	-0.00493471	0	0	0	0	0	0	0	0	0	-1.5568	-0.0592091	0.0685401	0	0	0	0	0	0	0.110425	-0.00460493	0.415237
2015-09-12 00:00:00	-4.24909	1.75062	2.17768	0	0.0419633	0	0	0	0	0	0	0	0	0	-0.0660203	-0.059222	0.068323	0	0	0	0	0	0	0.109802	-0.00459381	-0.230537
2015-09-13 00:00:00	-0.610909	-1.19903	1.9531	0	0.0180729	0	0	0	0	0	0	0	0	0	-0.159838	-0.0591478	0.0683012	0	0	0	0	0	0	0.108886	-0.00457859	0.114851
2015-09-14 00:00:00	-4.59455	2.11264	1.83425	0	0.0598821	0	0	0	0	0	0	0	0	0	0.227139	-0.0590833	0.0681709	0	0	0	0	0	0	0.108558	-0.00457189	-0.247558
2015-09-15 00:00:00	0	-1.75877	1.97172	0	-0.0146539	0	0	0	0	0	0	0	0	0	-0.26524	-0.0587981	0.0681378	0	0	0	0	0	0	0.107971	-0.00455635	0.0458109
2015-09-16 00:00:00	0	-0.89266	1.81863	0	0.00263568	0	0	0	0	0	0	0	0	0	-0.935935	-0.0587833	0.0679848	0	0	0	0	0	0	0.107693	-0.0045524	0.105009
2015-09-17 00:00:00	-0.410909	-0.0127658	1.63415	0	-0.00736137	0	0	0	0	0	0	0	0	0	-1.0924	-0.0587918	0.0678582	0	0	0	0	0	0	0.106527	-0.00453376	0.221774
2015-09-18 00:00:00	-0.394545	0	1.72523	0	-0.0247256	0	0	0	0	0	0	0	0	0	-1.22743	-0.0584606	0.0674864	0	0	0	0	0	0	0.106167	-0.00452477	0.189188
2015-09-19 00:00:00	-0.2	0	1.66776	0	-0.00863193	0	0	0	0	0	0	0	0	0	-1.39144	-0.0584322	0.0672371	0	0	0	0	0	0	0.105944	-0.00451798	0.177914
2015-09-20 00:00:00	-3.98909	1.74142	1.97004	0	0.0522856	0	0	0	0	0	0	0	0	0	0.0682173	-0.05834	0.0671417	0	0	0	0	0	0	0.105102	-0.00450649	-0.0477279
2015-09-21 00:00:00	-4.41636	1.44451	1.84535	0	0.0721113	0	0	0	0	0	0	0	0	0	0.64405	-0.0582645	0.0671501	0	0	0	0	0	0	0.104561	-0.0044963	-0.301393
2015-09-22 00:00:00	-0.205455	-1.35791	1.71337	0	-0.0146255	0	0	0	0	0	0	0	0	0	-0.260809	-0.0582169	0.06712	0	0	0	0	0	0	0.104131	-0.0044864	-0.0168811
2015-09-23 00:00:00	-2.01091	0.322608	1.639	0	0.0291767	0	0	0	0	0	0	0	0	0	-0.242404	-0.0581953	0.0669959	0	0	0	0	0	0	0.103716	-0.00447438	-0.154483
2015-09-24 00:00:00	-9.03273	3.20496	1.69308	0	0.110728	0	0	0	0	0	0	0	0	0	2.70415	-0.0579879	0.0669988	0	0	0	0	0	0	0.103196	-0.00445434	-1.21207
2015-09-25 00:00:00	-1.38364	-0.339562	1.72795	0	-0.0201542	0	0	0	0	0	0	0	0	0	-0.231821	-0.0580663	0.0670113	0	0	0	0	0	0	0.103197	-0.00444932	-0.139531
2015-09-26 00:00:00	-0.00545455	-1.47685	1.67786	0	-0.0228992	0	0	0	0	0	0	0	0	0	-0.274866	-0.0580539	0.066968	0	0	0	0	0	0	0.102992	-0.00444906	0.00525435
2015-09-27 00:00:00	0	-1.25573	2.04161	0	-0.0413494	0	0	0	0	0	0	0	0	0	-0.528414	-0.0580253	0.0669245	0	0	0	0	0	0	0.102792	-0.00444953	0.323363
2015-09-28 00:00:00	-0.2	-0.833639	2.26841	0	-0.017755	0	0	0	0	0	0	0	0	0	-1.00105	-0.0579588	0.0668503	0	0	0	0	0	0	0.102601	-0.00444736	0.323006
2015-09-29 00:00:00	0	-1.41813	3.52588	0	-0.0861542	0	0	0	0	0	0	0	0	0	-1.38088	-0.0573871	0.066567	0	0	0	0	0	0	0.101783	-0.00443279	0.747241
2015-09-30 00:00:00	-0.0109091	-0.0317276	2.523	0	-0.0418319	0	0	0	0	0	0	0	0	0	-2.09216	-0.0570563	0.0663422	0	0	0	0	0	0	0.102011	-0.00443492	0.453237
2015-10-01 00:00:00	-0.00545454	0	3.1739	0	-0.0500604	0	0	0	0	0	0	0	0	0	-2.52787	-0.0562778	0.066455	0	0	0	0	0	0	0.101421	-0.00442449	0.697695
2015-10-02 00:00:00	0	0	1.36258	0	0.00198152	0	0	0	0	0	0	0	0	0	-1.24608	-0.0563996	0.0661567	0	0	0	0	0	0	0.100684	-0.00441147	0.224507
2015-10-03 00:00:00	0	0	1.22141	0	0.00390688	0	0	0	0	0	0	0	0	0	-1.10405	-0.0564145	0.06619	0	0	0	0	0	0	0.0999455	-0.00440143	0.226584
2015-10-04 00:00:00	0	0	0.994187	0	0.00610158	0	0	0	0	0	0	0	0	0	-0.971322	-0.0561631	0.0660723	0	0	0	0	0	0	0.0995757	-0.00438952	0.134062
2015-10-05 00:00:00	-1.40545	0.00210658	1.56797	0	0.0549556	0	0	0	0	0	0	0	0	0	-0.309337	-0.0560106	0.0660536	0	0	0	0	0	0	0.0988499	-0.00437919	0.014752
2015-10-06 00:00:00	-3.48727	1.59459	1.59639	0	0.045854	0	0	0	0	0	0	0	0	0	0.128454	-0.0560397	0.0660198	0	0	0	0	0	0	0.0983211	-0.00436985	-0.018054
2015-10-07 00:00:00	-2.57818	1.05928	1.28902	0	0.0410483	0	0	0	0	0	0	0	0	0	-0.0202535	-0.0560507	0.0658953	0	0	0	0	0	0	0.0979319	-0.00436399	-0.105677
2015-10-08 00:00:00	-0.2	-1.02303	1.32988	0	0.00873292	0	0	0	0	0	0	0	0	0	-0.270435	-0.0560108	0.0658491	0	0	0	0	0	0	0.0975593	-0.00435691	-0.0518171
2015-10-09 00:00:00	-1.19455	-0.134783	1.33461	0	0.0168312	0	0	0	0	0	0	0	0	0	-0.0700842	-0.0559907	0.0657556	0	0	0	0	0	0	0.0972458	-0.00435057	0.0546896
2015-10-10 00:00:00	0	-1.12275	1.27062	0	-0.00285279	0	0	0	0	0	0	0	0	0	-0.271873	-0.0559353	0.0656695	0	0	0	0	0	0	0.0969054	-0.00434356	-0.0245673
2015-10-11 00:00:00	0	-0.365769	1.08355	0	-0.0136595	0	0	0	0	0	0	0	0	0	-0.710331	-0.0559119	0.0655552	0	0	0	0	0	0	0.0965985	-0.00433791	0.0956897
2015-10-12 00:00:00	-7.11273	3.73637	1.10905	0	0.105944	0	0	0	0	0	0	0	0	0	1.57324	-0.0559444	0.0653167	0	0	0	0	0	0	0.0963569	-0.00433132	-0.486722
2015-10-13 00:00:00	-0.610909	-0.432711	1.06028	0	-0.022988	0	0	0	0	0	0	0	0	0	-0.247424	-0.0561055	0.0652902	0	0	0	0	0	0	0.0963662	-0.00432926	-0.152531
2015-10-14 00:00:00	-0.2	-0.844116	1.15252	0	-0.0113896	0	0	0	0	0	0	0	0	0	-0.189674	-0.0561048	0.0652806	0	0	0	0	0	0	0.0962222	-0.00433248	0.00840455
2015-10-15 00:00:00	-0.00545454	-0.80966	0.921271	0	-0.00931164	0	0	0	0	0	0	0	0	0	-0.208464	-0.0560318	0.0652611	0	0	0	0	0	0	0.0959861	-0.00433047	-0.0107336
2015-10-16 00:00:00	-0.805454	-0.116819	0.928318	0	0.0198575	0	0	0	0	0	0	0	0	0	-0.0967614	-0.0558759	0.0652128	0	0	0	0	0	0	0.0958366	-0.00432696	0.0299874
2015-10-17 00:00:00	0	-0.608109	0.952539	0	-0.0191843	0	0	0	0	0	0	0	0	0	-0.585707	-0.0558572	0.0651036	0	0	0	0	0	0	0.09578	-0.00434188	-0.159776
2015-10-18 00:00:00	0	-0.41522	1.01044	0	-0.00705081	0	0	0	0	0	0	0	0	0	-0.599006	-0.055818	0.0650346	0	0	0	0	0	0	0.0956235	-0.00434493	0.0896626
2015-10-19 00:00:00	-0.2	-0.307616	0.961967	0	0.00139948	0	0	0	0	0	0	0	0	0	-0.457919	-0.0558001	0.0650306	0	0	0	0	0	0	0.0952316	-0.00433475	0.0979591
2015-10-20 00:00:00	-1.99455	0.898818	0.977656	0	0.0298191	0	0	0	0	0	0	0	0	0	-0.0082552	-0.055768	0.0649768	0	0	0	0	0	0	0.0949263	-0.00433178	0.00329622
2015-10-21 00:00:00	-0.983636	-0.183155	1.16222	0	-0.00402115	0	0	0	0	0	0	0	0	0	-0.0322207	-0.0556874	0.0650222	0	0	0	0	0	0	0.0954685	-0.00437896	0.0596112
2015-10-22 00:00:00	-0.4	-0.559488	1.03679	0	-0.0261012	0	0	0	0	0	0	0	0	0	-0.026471	-0.0556414	0.0650335	0	0	0	0	0	0	0.095686	-0.00440009	0.125407
2015-10-23 00:00:00	-0.2	-0.333598	0.948571	0	-0.000408315	0	0	0	0	0	0	0	0	0	-0.551336	-0.055632	0.0649251	0	0	0	0	0	0	0.0955878	-0.00440322	-0.0362934
2015-10-24 00:00:00	-5.24364	3.05671	0.902968	0	0.0928479	0	0	0	0.00129031	0	0	0	0	0	0.789163	-0.0555839	0.0648448	0	0	0	0	0	0	0.0957757	-0.00446415	-0.300084
2015-10-25 00:00:00	-0.589091	-0.302022	0.894878	0	-0.0263214	0	0	0	0.0261726	0	0	0	0	0	-0.0768933	-0.0555013	0.0648167	0	0	0	0	0	0	0.0955327	-0.00591582	0.0256549
2015-10-26 00:00:00	0	-0.788858	0.894312	0	-0.0413278	0	0	0	0.0153325	0	0	0	0	0	-0.172787	-0.0555178	0.0646772	0	0	0	0	0	0	0.0954606	-0.00548918	0.00580386
2015-10-27 00:00:00	0	-0.764883	0.86709	0	0.0171799	0	0	0	0.00150561	0	0	0	0	0	-0.338801	-0.0555254	0.0646188	0	0	0	0	0	0	0.0949469	-0.00458385	-0.118453
2015-10-28 00:00:00	-10.4109	4.41368	0.935924	0	0.175124	0	0	0	0.0340399	0	0	0	0	0	3.60168	-0.0555348	0.0646508	0	0	0	0	0	0	0.0946247	-0.0059446	-1.15267
2015-10-29 00:00:00	-1.58364	0.266743	0.792754	0	-0.0515789	0	0	0	0.0683014	0	0	0	0	0	0.0416875	-0.0555849	0.0645741	0	0	0	0	0	0	0.0945592	-0.0074061	-0.369586
2015-10-30 00:00:00	-2.40545	0.551715	0.762151	0	0.0201799	0	0	0	0.035665	0	0	0	0	0	0.631957	-0.0555901	0.064582	0	0	0	0	0	0	0.0947464	-0.00630145	-0.306351
2015-10-31 00:00:00	-1.18364	0.0741019	0.914166	0	-0.0116752	0	0	0	0.0307734	0	0	0	0	0	-0.0529216	-0.0555857	0.0645523	0	0	0	0	0	0	0.0947303	-0.00614711	-0.131642
2015-11-01 00:00:00	-0.2	-0.50003	0.743449	0	-0.00537864	0	0	0	0.0211525	0	0	0	0	0	-0.268622	-0.0555703	0.0644704	0	0	0	0	0	0	0.0946494	-0.0057324	-0.111612
2015-11-02 00:00:00	-0.394545	-0.504081	0.964832	0	-0.0269324	0	0	0	0.0142006	0	0	0	0	0	-0.123496	-0.0555271	0.0644688	0	0	0	0	0	0	0.0945252	-0.00536437	0.0280804
2015-11-03 00:00:00	-0.4	-0.543362	1.01354	0	0.0140705	0	0	0	0.0108053	0	0	0	0	0	-0.357627	-0.055487	0.0644266	0	0	0	0	0	0	0.0942763	-0.00520074	-0.164558
2015-11-04 00:00:00	-9.98364	1.77539	0.69364	0	0.914907	0	0.0110783	0	0.0465997	0	0	0	0	0	4.6063	-0.0555117	0.0644705	0	0	0	0	0	0	0.0936785	-0.0062138	-1.8393
2015-11-05 00:00:00	-1.41636	-0.00884714	0.743904	0	-0.0745054	0	0.031897	0	0.0868617	0	0	0	0	0	0.0610477	-0.0555736	0.0645184	0	0	0	0	0	0	0.0939517	-0.00780573	-0.480915
2015-11-06 00:00:00	-0.194545	-0.482277	0.715924	0	-0.0467022	0	0.00201586	0	0.0456259	0	0	0	0	0	-0.178981	-0.0555631	0.0645174	0	0	0	0	0	0	0.094665	-0.0067296	-0.0420512
2015-11-07 00:00:00	-12.8545	0.466242	0.678245	0	0.448106	0	0.38146	0	0.549353	0	0	0	0	0	7.05043	-0.0556835	0.0645983	0	0	0	0	0	0	0.0931102	-0.0147351	-3.19342
2015-11-08 00:00:00	-7.37273	-0.0115781	0.665121	0	-0.0287829	-0.000727626	0.233742	0	0.604225	0	0	0	0	0	3.31154	-0.0558747	0.0647637	0	0	0	0	0	0	0.0942874	-0.0165749	-2.51258
2015-11-09 00:00:00	-14.4	-0.00851546	0.675144	0	0.272064	-0.0175981	0.46398	0	0.950116	0	0	0	0	0	7.40901	-0.0561104	0.0649965	0	0	0	0	0	0	0.0958205	-0.021169	-4.57226
2015-11-10 00:00:00	-7.4	-0.0100436	0.778426	0	-0.099934	-0.0107966	0.235064	0	0.66542	0	0	0	0	0	2.7698	-0.0563661	0.0651933	0	0	0	0	0	0	0.100502	-0.0174455	-2.98018
2015-11-11 00:00:00	-4.91818	-0.00643585	0.661462	0	-0.0490956	-0.00764229	0.153624	0	0.421682	0	0	0	0	0	1.65167	-0.0565274	0.0653061	0	0	0	0	0	0	0.103469	-0.0136128	-1.99428
2015-11-12 00:00:00	-4.97273	-0.00729915	0.597195	0	0.0382486	-0.00749428	0.154602	0	0.391351	0	0	0	0	0	1.84425	-0.0566736	0.065392	0	0	0	0	0	0	0.105136	-0.0130177	-1.86103
2015-11-13 00:00:00	-19.7236	-0.00513007	0.506299	0	0.591768	-0.0291591	0.66291	0	1.46167	0	0	0	0	0	10.0698	-0.0570747	0.0655867	0	0	0	0	0	0	0.103202	-0.0259302	-6.37974
2015-11-14 00:00:00	-10.5945	-0.0107106	0.504781	0	-0.128706	-0.0400352	0.368149	0	1.1056	0	0	0	0	0	4.00403	-0.0574051	0.0659775	0	0	0	0	0	0	0.109346	-0.0226633	-4.69618
2015-11-15 00:00:00	-24.1236	-0.00278475	0.577036	0	0.701289	-0.103264	0.897031	0	2.4744	0	0	0	0	0	10.7891	-0.057819	0.0667202	0	0	0	0	0	0	0.117027	-0.032622	-8.69753
2015-11-16 00:00:00	-8.81091	-0.00889161	0.491498	0	-0.31949	-0.0541238	0.351372	0	1.33891	0	0	0	0	0	2.21598	-0.0587536	0.0675223	0	0	0	0	0	0	0.134164	-0.0237507	-4.67646
2015-11-17 00:00:00	-10.7945	-0.00596383	0.455598	0	0.312021	-0.0678921	0.423286	0	1.35006	0	0	0	0	0	3.75299	-0.0600264	0.067826	0	0	0	0	0	0	0.145887	-0.0228852	-4.44364
2015-11-18 00:00:00	-13.66	-0.00814224	0.51302	0	0.520736	-0.136132	0.575208	0	2.10019	0	0	0	0	0	5.54304	-0.0605748	0.0685299	0	0	0	0	0	0	0.153642	-0.0266743	-4.41716
2015-11-19 00:00:00	-1.81091	-0.0143428	0.465147	0	-0.572715	-0.0458865	0.102136	0	0.855734	0	0	0	0	0	-0.617877	-0.0608307	0.0688313	0	0	0	0	0	0	0.165344	-0.0162791	-1.48165
2015-11-20 00:00:00	-6.01091	-0.00201716	0.392978	0	0.427127	-0.091295	0.271489	0	1.09449	0	0	0	0	0	2.22437	-0.0607779	0.0692511	0	0	0	0	0	0	0.171496	-0.0165504	-1.53035
2015-11-21 00:00:00	-1.20545	-0.0097962	0.355691	0	-0.309561	-0.037554	0.0701327	0	0.604837	0	0	0	0	0	-0.201559	-0.0605153	0.0696839	0	0	0	0	0	0	0.178245	-0.0136515	-0.559503
2015-11-22 00:00:00	-2.83273	-0.0123122	0.327352	0	0.137913	-0.0482965	0.129042	0	0.545097	0	0	0	0	0	0.760347	-0.0606201	0.0699888	0	0	0	0	0	0	0.184077	-0.0120939	-0.812233
2015-11-23 00:00:00	-2.79455	-0.0096665	0.377137	0	0.0555084	-0.0478228	0.126922	0	0.619997	0	0	0	0	0	0.84753	-0.0608049	0.0703329	0	0	0	0	0	0	0.188016	-0.0128827	-0.64028
2015-11-24 00:00:00	-1.2	-0.00813869	0.423134	0	-0.145039	-0.0268436	0.055852	0	0.400963	0	0	0	0	0	0.0101744	-0.0610119	0.0704467	0	0	0	0	0	0	0.194003	-0.0114259	-0.297886
2015-11-25 00:00:00	0	-0.372288	0.397504	0	-0.206049	-0.00945427	0.0125677	0	0.19406	0	0	0	0	0	-0.237069	-0.061039	0.0705559	0	0	0	0	0	0	0.196801	-0.00946678	-0.0238767
2015-11-26 00:00:00	-1.18909	0.349652	0.469389	0	0.0563443	-0.010213	0.0219226	0	0.119068	0	0	0	0	0	-0.102584	-0.061119	0.0705703	0	0	0	0	0	0	0.198638	-0.00827234	-0.0856953
2015-11-27 00:00:00	-9.19454	-0.00520742	0.396534	0	0.9495	-0.117948	0.404135	0	1.57311	0	0	0	0	0	4.37541	-0.0614383	0.070714	0	0	0	0	0	0	0.195451	-0.0181756	-1.43246
2015-11-28 00:00:00	-10.54	-0.00801433	0.361579	0	0.296926	-0.167337	0.506883	0	2.8388	0	0	0	0	0	4.54825	-0.0620581	0.0710176	0	0	0	0	0	0	0.201258	-0.0260804	-1.97877
2015-11-29 00:00:00	-16.6273	-0.00835515	0.331313	0	0.583919	-0.310018	0.879256	0	4.7399	0	0	0	0	0	6.78052	-0.0627742	0.0715613	0	0	0	0	0	0	0.212418	-0.0343047	-3.44383
2015-11-30 00:00:00	-7.87455	-0.0085473	0.312764	0	-0.334269	-0.219876	0.449675	0	3.43356	0	0	0	0	0	2.23223	-0.0631951	0.0723792	0	0	0	0	0	0	0.231467	-0.0288135	-1.79717
2015-12-01 00:00:00	-6.39455	-0.0209223	0.494017	0	-0.0406022	-0.174406	0.363601	0	2.56014	0	0	0	0	0	1.5252	-0.0635161	0.0727694	0	0	0	0	0	0	0.243208	-0.0247006	-1.45976
2015-12-02 00:00:00	-8.90727	0.00166868	0.400513	0	0.411391	-0.258379	0.506586	0	3.73187	0	0	0	0	0	2.91262	-0.0640917	0.0733326	0	0	0	0	0	0	0.24997	-0.0286456	-0.97044
2015-12-03 00:00:00	-7.75273	-0.00626926	0.278637	0	-0.0147479	-0.266566	0.521742	0	3.69561	0	0	0	0	0	2.36593	-0.0643699	0.0737889	0	0	0	0	0	0	0.257611	-0.0292106	-0.940578
2015-12-04 00:00:00	-30.22	-0.0101085	0.353317	0	1.43318	-0.84313	1.75482	0	12.2586	0	0	0	0	0	11.6242	-0.0651277	0.0749132	0	0	0	0	0	0	0.250537	-0.0507632	-3.43961
2015-12-05 00:00:00	-41.0091	-0.00723649	0.400454	0	0.888166	-1.45749	2.6519	0	20.3089	0	0	0	0	0	13.6615	-0.0666144	0.0766988	0	0	0	0	0	0	0.251194	-0.0646544	-4.36629
2015-12-06 00:00:00	-16.8091	-0.0100275	0.328464	0	-0.839276	-0.915327	1.32516	0	11.8814	0	0	0	0	0	2.7388	-0.0682904	0.0788435	0	0	0	0	0	0	0.272038	-0.0495231	-2.06686
2015-12-07 00:00:00	-2.4	-0.0104721	0.360166	0	-1.05635	-0.385132	0.402207	0	4.75765	0	0	0	0	0	-2.17096	-0.0692296	0.0799351	0	0	0	0	0	0	0.292174	-0.031043	-0.231051
2015-12-08 00:00:00	-1.99455	-0.0059764	0.364033	0	0.0568362	-0.275408	0.283673	0	2.74926	0	0	0	0	0	-1.43089	-0.0694173	0.0804411	0	0	0	0	0	0	0.301299	-0.023087	0.0362103
2015-12-09 00:00:00	-12.9164	-0.0070494	0.353724	0	1.03782	-0.616357	0.919832	0	7.22725	0	0	0	0	0	2.96384	-0.0699498	0.0806741	0	0	0	0	0	0	0.293026	-0.0366151	-0.770168
2015-12-10 00:00:00	-2.34545	-0.00953326	0.315188	0	-0.852776	-0.267424	0.281467	0	3.36564	0	0	0	0	0	-0.866317	-0.0706699	0.0805623	0	0	0	0	0	0	0.303909	-0.0261365	-0.0915506
2015-12-11 00:00:00	-3.6	-0.00741389	0.29706	0	0.0295692	-0.264687	0.337656	0	2.78671	0	0	0	0	0	0.0108115	-0.0709485	0.0802077	0	0	0	0	0	0	0.309481	-0.0231623	-0.114712
2015-12-12 00:00:00	-0.994546	-0.0147149	0.275958	0	-0.696038	-0.132349	0.131542	0	1.62892	0	0	0	0	0	-0.778865	-0.0711654	0.0800832	0	0	0	0	0	0	0.31454	-0.0181464	-0.274784
2015-12-13 00:00:00	-1.18364	-0.00782888	0.216025	0	-0.0729072	-0.111166	0.119683	0	1.07223	0	0	0	0	0	-0.410768	-0.0712095	0.0801164	0	0	0	0	0	0	0.317286	-0.0142527	-0.0664243
2015-12-14 00:00:00	-0.2	-0.100409	0.300258	0	-0.30638	-0.0642788	0.0497294	0	0.646858	0	0	0	0	0	-0.543863	-0.071225	0.0801473	0	0	0	0	0	0	0.31968	-0.0126576	0.0978596
2015-12-15 00:00:00	-0.594545	0.0813336	0.338881	0	-0.133202	-0.0406833	0.0356404	0	0.374299	0	0	0	0	0	-0.381627	-0.0712694	0.0801701	0	0	0	0	0	0	0.321914	-0.0108851	2.51264E-05
2015-12-16 00:00:00	-0.2	-0.179545	0.380344	0	-0.182203	-0.0266238	0.0214084	0	0.270026	0	0	0	0	0	-0.2578	-0.0712595	0.0802581	0	0	0	0	0	0	0.322774	-0.0102283	0.147151
2015-12-17 00:00:00	-3.2	0.166822	0.390129	0	0.60442	-0.0962015	0.164816	0	0.736799	0	0	0	0	0	0.660257	-0.071278	0.0803728	0	0	0	0	0	0	0.320777	-0.0122572	-0.255344
2015-12-18 00:00:00	-0.8	-0.0156108	0.370421	0	-0.393831	-0.044145	0.0529134	0	0.626439	0	0	0	0	0	-0.0608849	-0.071304	0.0804106	0	0	0	0	0	0	0.321341	-0.0129182	0.0528311
2015-12-19 00:00:00	-5.08	-0.00418837	0.413732	0	0.79447	-0.178487	0.294087	0	1.72308	0	0	0	0	0	1.39982	-0.071363	0.0804288	0	0	0	0	0	0	0.318256	-0.0171998	-0.327364
2015-12-20 00:00:00	-24.7045	-0.00989531	0.336618	0	1.7822	-1.12767	1.81861	0	11.7987	0	0	0	0	0	8.22363	-0.0717934	0.080529	0	0	0	0	0	0	0.297052	-0.0460541	-1.62259
2015-12-21 00:00:00	-5.77818	-0.0082629	0.319843	0	-1.20456	-0.536944	0.625877	0	6.00482	0	0	0	0	0	0.390968	-0.0724815	0.0808957	0	0	0	0	0	0	0.309394	-0.0341563	0.0972083
2015-12-22 00:00:00	-6.97273	-0.00687797	0.346211	0	0.25536	-0.501936	0.640973	0	4.68628	0	0	0	0	0	1.17295	-0.0728377	0.0812639	0	0	0	0	0	0	0.313845	-0.0298182	-0.0873196
2015-12-23 00:00:00	-6.37545	-0.00893442	0.315397	0	-0.0282911	-0.478903	0.591059	0	4.48425	0	0	0	0	0	0.977811	-0.0732332	0.0816632	0	0	0	0	0	0	0.315513	-0.0293714	-0.228491
2015-12-24 00:00:00	-20.7182	-0.00780806	0.294808	0	1.18333	-1.31906	1.78043	0	11.7175	0	0	0	0	0	6.05836	-0.0735535	0.0820824	0	0	0	0	0	0	0.303598	-0.0461278	-0.744608
2015-12-25 00:00:00	-2.39182	-0.0073478	0.269137	0	-1.39228	-0.517702	0.46499	0	4.63551	0	0	0	0	0	-1.1548	-0.0736618	0.0824072	0	0	0	0	0	0	0.323963	-0.0297897	0.208611
2015-12-26 00:00:00	-38.4218	-0.00825704	0.281666	0	2.64114	-2.69273	3.59353	0	21.4792	0	0	0	0	0	11.2371	-0.0739543	0.0830617	0	0	0	0	0	0	0.304776	-0.0607751	-1.6371
2015-12-27 00:00:00	-0.605455	-0.00880943	0.306818	0	-2.23054	-0.688238	0.522738	0	5.62579	0	0	0	0	0	-2.91604	-0.0741583	0.0837911	0	0	0	0	0	0	0.339942	-0.0318691	0.323964
2015-12-28 00:00:00	0	-0.34362	0.366171	0	-0.88203	-0.285424	0.215684	0	2.21113	0	0	0	0	0	-1.81299	-0.07424	0.0843738	0	0	0	0	0	0	0.354539	-0.0207657	-0.187179
2015-12-29 00:00:00	-2.39455	0.326913	0.353843	0	0.40547	-0.298236	0.306151	0	1.93006	0	0	0	0	0	-0.706768	-0.07435	0.0846491	0	0	0	0	0	0	0.358739	-0.0184311	0.273498
2015-12-30 00:00:00	-14.4218	-0.0100295	0.338293	0	1.35459	-1.04751	1.38411	0	8.01532	0	0	0	0	0	3.51638	-0.0745337	0.0849559	0	0	0	0	0	0	0.346223	-0.037537	-0.551571
2015-12-31 00:00:00	-6.75091	-0.0127498	0.279204	0	-0.756567	-0.741861	0.794005	0	5.89016	0	0	0	0	0	0.650945	-0.0748025	0.0852551	0	0	0	0	0	0	0.351871	-0.0338064	-0.319251
2016-01-01 00:00:00	-2.03273	-0.00657128	0.273569	0	-0.61547	-0.403805	0.379642	0	3.0348	0	0	0	0	0	-0.766403	-0.0750111	0.0853045	0	0	0	0	0	0	0.361854	-0.0247836	0.210398
2016-01-02 00:00:00	-7.27091	-0.0143795	0.323788	0	0.477445	-0.586029	0.747863	0	4.26333	0	0	0	0	0	1.32917	-0.075231	0.0853838	0	0	0	0	0	0	0.360647	-0.0282402	-0.387161
2016-01-03 00:00:00	-12.0873	-0.001519	0.289171	0	0.627824	-1.06398	1.33012	0	7.81604	0	0	0	0	0	2.68124	-0.07554	0.0854111	0	0	0	0	0	0	0.354531	-0.0380903	-0.0820696
2016-01-04 00:00:00	-8.03273	-0.00508063	0.277701	0	0.0446981	-0.872905	0.988453	0	6.329	0	0	0	0	0	1.17583	-0.0760965	0.0854272	0	0	0	0	0	0	0.363092	-0.034692	0.242698
2016-01-05 00:00:00	-14.2345	-0.0114027	0.289845	0	0.189433	-1.32863	1.63831	0	9.483	0	0	0	0	0	2.99418	-0.0768072	0.0855837	0	0	0	0	0	0	0.364765	-0.0421548	-0.648424
2016-01-06 00:00:00	-1.40545	-0.00514328	0.258182	0	-0.973211	-0.498253	0.418946	0	3.53954	0	0	0	0	0	-1.27618	-0.0773363	0.0859757	0	0	0	0	0	0	0.383359	-0.0264469	0.423975
2016-01-07 00:00:00	-10.26	-0.00815695	0.316811	0	0.976523	-0.903214	1.10961	0	6.26996	0	0	0	0	0	1.98238	-0.0776045	0.0861927	0	0	0	0	0	0	0.379391	-0.0334603	-0.161567
2016-01-08 00:00:00	-0.210909	-0.0611795	0.256164	0	-1.64445	-0.326343	0.23237	0	2.52984	0	0	0	0	0	-1.3889	-0.0779336	0.0864078	0	0	0	0	0	0	0.39201	-0.0225516	-0.235464
2016-01-09 00:00:00	-14.2218	0.0440101	0.256343	0	2.14668	-1.11895	1.41961	0	7.59858	0	0	0	0	0	3.48455	-0.0781807	0.0865837	0	0	0	0	0	0	0.382364	-0.0361104	-0.0363463
2016-01-10 00:00:00	-31.5073	-0.00912705	0.297703	0	1.54006	-2.83795	3.32263	0	20.3778	0	0	0	0	0	7.94064	-0.0786693	0.0872601	0	0	0	0	0	0	0.368325	-0.0602819	-0.558907
2016-01-11 00:00:00	-4	-0.00987819	0.299742	0	-2.4116	-1.06474	0.878676	0	7.65412	0	0	0	0	0	-1.78095	-0.0790644	0.0877593	0	0	0	0	0	0	0.400421	-0.0374705	-0.0629886
2016-01-12 00:00:00	-20.0109	-0.0117562	0.275382	0	0.971396	-1.86	2.18992	0	13.1938	0	0	0	0	0	3.9619	-0.0793264	0.0885667	0	0	0	0	0	0	0.396519	-0.0487116	-0.933234
2016-01-13 00:00:00	-1.01091	-0.00434713	0.29059	0	-1.40656	-0.747509	0.567131	0	5.05798	0	0	0	0	0	-2.31704	-0.0797417	0.0891019	0	0	0	0	0	0	0.423709	-0.0314264	0.830977
2016-01-14 00:00:00	-4.68545	-0.0070833	0.238958	0	0.472197	-0.56387	0.563102	0	3.93977	0	0	0	0	0	-0.279597	-0.0800957	0.0894133	0	0	0	0	0	0	0.431376	-0.0270327	0.0916821
2016-01-15 00:00:00	-1.00545	-0.00925359	0.234205	0	-0.908182	-0.347827	0.278504	0	2.42363	0	0	0	0	0	-1.0596	-0.0801081	0.0897346	0	0	0	0	0	0	0.438007	-0.0222714	0.0313851
2016-01-16 00:00:00	0	-0.191153	0.192737	0	-0.432959	-0.144362	0.107513	0	1.01794	0	0	0	0	0	-0.763634	-0.080048	0.0899708	0	0	0	0	0	0	0.445227	-0.0152224	0.226009
2016-01-17 00:00:00	-0.978182	0.168968	0.279354	0	-0.124264	-0.123319	0.105675	0	0.889787	0	0	0	0	0	-0.526801	-0.0803153	0.0900001	0	0	0	0	0	0	0.4444	-0.0140524	0.131251
2016-01-18 00:00:00	-4.04909	-0.00502543	0.251736	0	0.547141	-0.286891	0.376025	0	2.00148	0	0	0	0	0	0.610328	-0.0806976	0.0901506	0	0	0	0	0	0	0.438483	-0.019262	-0.125629
2016-01-19 00:00:00	-0.470909	-0.00951924	0.263243	0	-0.65304	-0.131524	0.12014	0	1.04734	0	0	0	0	0	-0.350398	-0.0809024	0.0902375	0	0	0	0	0	0	0.440616	-0.0161886	0.249099
2016-01-20 00:00:00	-0.0163636	-0.265262	0.285203	0	-0.260388	-0.0512414	0.0401367	0	0.458557	0	0	0	0	0	-0.271119	-0.0809602	0.0903612	0	0	0	0	0	0	0.441939	-0.0121604	0.358702
2016-01-21 00:00:00	-2.19455	0.254489	0.365112	0	0.383033	-0.0891801	0.127133	0	0.551671	0	0	0	0	0	0.291353	-0.0811523	0.0903416	0	0	0	0	0	0	0.439212	-0.0118758	0.125591
2016-01-22 00:00:00	-2.98909	-0.010823	0.471322	0	0.180175	-0.169141	0.220188	0	1.35618	0	0	0	0	0	0.562281	-0.0811894	0.0904076	0	0	0	0	0	0	0.43354	-0.0169732	0.0468732
2016-01-23 00:00:00	-0.794546	-0.00218217	0.472219	0	-0.465783	-0.0790108	0.0681781	0	0.763341	0	0	0	0	0	-0.125599	-0.0812364	0.0907618	0	0	0	0	0	0	0.434214	-0.014212	0.266145
2016-01-24 00:00:00	-1.79455	-0.00625861	0.544387	0	0.145891	-0.0762844	0.0975892	0	0.592456	0	0	0	0	0	0.146658	-0.0814615	0.0908268	0	0	0	0	0	0	0.430916	-0.0124769	0.0776963
2016-01-25 00:00:00	-2.40545	-0.00322563	0.504022	0	0.174827	-0.121266	0.160641	0	0.990469	0	0	0	0	0	0.359713	-0.0815615	0.0908911	0	0	0	0	0	0	0.42557	-0.0144053	0.0802202
2016-01-26 00:00:00	-12.3564	-0.00676887	0.51144	0	1.74564	-0.819491	1.08031	0	5.77646	0	0	0	0	0	3.2625	-0.0816848	0.0912182	0	0	0	0	0	0	0.407783	-0.0314809	-0.420434
2016-01-27 00:00:00	-19.54	-0.00864107	0.438462	0	0.892996	-1.74652	2.02408	0	12.2071	0	0	0	0	0	4.71445	-0.0819176	0.092281	0	0	0	0	0	0	0.39746	-0.0470171	-0.657243
2016-01-28 00:00:00	-4.78364	-0.00288412	0.468719	0	-1.28815	-0.884591	0.77744	0	6.05202	0	0	0	0	0	-0.506318	-0.082051	0.0929321	0	0	0	0	0	0	0.415952	-0.034143	0.225282
2016-01-29 00:00:00	-11.6164	-0.00754538	0.485917	0	0.745318	-1.13129	1.31634	0	7.55823	0	0	0	0	0	1.94782	-0.0822852	0.0931079	0	0	0	0	0	0	0.415858	-0.037183	-0.312075
2016-01-30 00:00:00	-1.21091	-0.00220622	0.379978	0	-1.46028	-0.498222	0.374114	0	3.54072	0	0	0	0	0	-1.27555	-0.0824492	0.0932075	0	0	0	0	0	0	0.431993	-0.0269468	0.263452
2016-01-31 00:00:00	-14.1564	-0.0135847	0.424812	0	1.30011	-1.23165	1.47507	0	8.17103	0	0	0	0	0	3.00719	-0.0828182	0.0931918	0	0	0	0	0	0	0.423524	-0.0372696	-0.626764
2016-02-01 00:00:00	-12.9091	-0.0126273	0.544885	0	-0.102609	-1.46951	1.61173	0	9.63841	0	0	0	0	0	1.99231	-0.0829636	0.0932556	0	0	0	0	0	0	0.42334	-0.0426938	-0.315558
2016-02-02 00:00:00	-12.3073	-0.00419675	0.492347	0	-0.0206441	-1.4449	1.51382	0	9.72599	0	0	0	0	0	1.56447	-0.0830976	0.0934768	0	0	0	0	0	0	0.429768	-0.0426	-0.082845
2016-02-03 00:00:00	-1.38909	0.00693831	0.487334	0	-0.69699	-0.574654	0.437391	0	3.70464	0	0	0	0	0	-1.43652	-0.0830915	0.0937555	0	0	0	0	0	0	0.446112	-0.0270826	0.968745
2016-02-04 00:00:00	-3.18364	-0.00426433	0.563301	0	-0.151585	-0.41348	0.40193	0	2.87758	0	0	0	0	0	-0.423244	-0.0830965	0.093895	0	0	0	0	0	0	0.450817	-0.0233812	0.104838
2016-02-05 00:00:00	-9.35636	-0.0174814	0.591231	0	0.535462	-0.840892	0.973523	0	5.72358	0	0	0	0	0	1.4987	-0.0834696	0.0938667	0	0	0	0	0	0	0.443364	-0.0322346	-0.47071
2016-02-06 00:00:00	-0.994546	0.00417168	0.545346	0	-0.974916	-0.370005	0.264552	0	2.61504	0	0	0	0	0	-1.05592	-0.0834928	0.0938974	0	0	0	0	0	0	0.45237	-0.023469	0.473024
2016-02-07 00:00:00	-5.56182	-0.013719	0.515892	0	0.464539	-0.46677	0.537084	0	3.17601	0	0	0	0	0	0.714048	-0.0835285	0.0939804	0	0	0	0	0	0	0.450872	-0.024008	-0.197419
2016-02-08 00:00:00	-4.15091	-0.000367624	0.566549	0	-0.0734614	-0.459691	0.456563	0	3.22273	0	0	0	0	0	0.177778	-0.0835693	0.0940156	0	0	0	0	0	0	0.4496	-0.025197	0.174035
2016-02-09 00:00:00	-12.3018	-0.00792604	0.555349	0	0.916717	-1.07683	1.23906	0	7.46983	0	0	0	0	0	2.53006	-0.0836361	0.0941492	0	0	0	0	0	0	0.43911	-0.0366352	-0.262566
2016-02-10 00:00:00	0	-0.462464	0.512199	0	-1.64171	-0.364108	0.218632	0	2.69606	0	0	0	0	0	-1.2114	-0.0836897	0.0943106	0	0	0	0	0	0	0.451946	-0.0236459	0.186131
2016-02-11 00:00:00	-0.583636	0.0755432	0.512999	0	-0.157233	-0.124063	0.081243	0	0.822091	0	0	0	0	0	-0.643495	-0.083703	0.0943767	0	0	0	0	0	0	0.458377	-0.0137095	0.43879
2016-02-12 00:00:00	-0.194545	-0.244874	0.47202	0	-0.346144	-0.068144	0.043971	0	0.54212	0	0	0	0	0	-0.435292	-0.083736	0.0946352	0	0	0	0	0	0	0.457491	-0.0124025	0.225099
2016-02-13 00:00:00	-6.90909	0.616935	0.490736	0	1.28123	-0.371628	0.548882	0	2.49529	0	0	0	0	0	1.34732	-0.0838472	0.0946555	0	0	0	0	0	0	0.447863	-0.0204981	-0.0621556
2016-02-14 00:00:00	-4.32364	-0.0101764	0.51878	0	-0.070659	-0.389995	0.416269	0	2.85121	0	0	0	0	0	0.62546	-0.0839844	0.0946923	0	0	0	0	0	0	0.445303	-0.0240782	0.0491857
2016-02-15 00:00:00	-0.589091	-0.0130435	0.473444	0	-0.948513	-0.157732	0.102479	0	1.37249	0	0	0	0	0	-0.52065	-0.0840737	0.0947148	0	0	0	0	0	0	0.450573	-0.0177408	0.162854
2016-02-16 00:00:00	-3.01091	0.00648209	0.615038	0	0.435361	-0.182095	0.226052	0	1.29522	0	0	0	0	0	0.301116	-0.0840988	0.0947507	0	0	0	0	0	0	0.449154	-0.0160187	0.130055
2016-02-17 00:00:00	-11.3509	-0.0223187	0.548073	0	1.186	-0.847644	1.05927	0	5.77127	0	0	0	0	0	2.67323	-0.0841817	0.0948256	0	0	0	0	0	0	0.434019	-0.0319073	-0.570258
2016-02-18 00:00:00	-0.394545	-0.14374	0.545775	0	-1.44821	-0.318461	0.196119	0	2.3985	0	0	0	0	0	-0.907856	-0.0843794	0.0948549	0	0	0	0	0	0	0.444062	-0.0225078	0.359612
2016-02-19 00:00:00	-3.4	0.143389	0.694628	0	0.41473	-0.244157	0.27938	0	1.63799	0	0	0	0	0	0.192955	-0.0843857	0.0948754	0	0	0	0	0	0	0.445056	-0.0170057	0.15745
2016-02-20 00:00:00	-7.19454	-0.000807145	0.699702	0	0.743026	-0.570463	0.693644	0	3.83326	0	0	0	0	0	1.25149	-0.0844869	0.0948859	0	0	0	0	0	0	0.432262	-0.0267687	-0.128797
2016-02-21 00:00:00	-6.39455	-0.0248371	0.744674	0	-0.287788	-0.626466	0.675936	0	4.35639	0	0	0	0	0	0.884363	-0.0846748	0.094869	0	0	0	0	0	0	0.427531	-0.0293902	-0.263941
2016-02-22 00:00:00	-0.2	-0.427102	0.678926	0	-0.959905	-0.219175	0.139223	0	1.62322	0	0	0	0	0	-0.714822	-0.0847477	0.094879	0	0	0	0	0	0	0.436792	-0.0189637	0.34833
2016-02-23 00:00:00	0	-0.485844	0.562843	0	-0.289892	-0.0668307	0.0392557	0	0.48831	0	0	0	0	0	-0.463587	-0.0848173	0.0949256	0	0	0	0	0	0	0.441101	-0.0120889	0.223375
2016-02-24 00:00:00	0	-0.370911	0.568085	0	-0.351266	-0.0286694	0.0170994	0	0.305677	0	0	0	0	0	-0.221706	-0.0848372	0.0950716	0	0	0	0	0	0	0.440104	-0.0110109	0.357636
2016-02-25 00:00:00	0	-0.262685	0.625532	0	-0.411075	-0.015299	0.00803475	0	0.180714	0	0	0	0	0	-0.187211	-0.0848339	0.0950888	0	0	0	0	0	0	0.437198	-0.0104234	0.375041
2016-02-26 00:00:00	-0.389091	-0.122205	0.639802	0	-0.206891	-0.0106773	0.00570397	0	0.139236	0	0	0	0	0	-0.107289	-0.0848152	0.0950884	0	0	0	0	0	0	0.433961	-0.0100181	0.382805
2016-02-27 00:00:00	0	-0.254856	0.603523	0	-0.30791	-0.00609328	0.00311487	0	0.102299	0	0	0	0	0	-0.0900321	-0.0848072	0.0950991	0	0	0	0	0	0	0.428072	-0.00966045	0.47875
2016-02-28 00:00:00	-0.00545455	-0.290379	0.692388	0	-0.320855	-0.00281225	0.00143476	0	0.0860572	0	0	0	0	0	-0.0565936	-0.0847412	0.0952036	0	0	0	0	0	0	0.422316	-0.00953112	0.527033
2016-02-29 00:00:00	-3.58364	1.5875	0.746384	0	0.594032	-0.0167762	0.0155337	0	0.136116	0	0	0	0	0	0.231701	-0.0847163	0.0951993	0	0	0	0	0	0	0.41974	-0.00964197	0.131436
2016-03-01 00:00:00	-15.5673	0.617365	0.924012	0	3.0809	-0.643261	1.0228	0	5.36151	0	0	0	0	0	3.83467	-0.0848124	0.095382	0	0	0	0	0	0	0.402335	-0.0299794	-0.986353
2016-03-02 00:00:00	-1.2	-0.0220263	0.816388	0	-1.72278	-0.283354	0.208731	0	2.54911	0	0	0	0	0	-0.830148	-0.0848962	0.0953543	0	0	0	0	0	0	0.411048	-0.0227509	-0.0853243
2016-03-03 00:00:00	-2.15091	0.00925079	0.788046	0	0.160471	-0.161282	0.164843	0	1.15733	0	0	0	0	0	-0.147538	-0.084902	0.0953518	0	0	0	0	0	0	0.416626	-0.0145952	0.232697
2016-03-04 00:00:00	-5.88727	-0.0014652	0.817942	0	0.569516	-0.409617	0.53864	0	2.79637	0	0	0	0	0	1.00684	-0.0849173	0.0953733	0	0	0	0	0	0	0.409553	-0.0227489	-0.17179
2016-03-05 00:00:00	-0.610909	-0.253128	0.872569	0	-0.969923	-0.143288	0.0966279	0	1.23652	0	0	0	0	0	-0.572205	-0.0849237	0.095397	0	0	0	0	0	0	0.414134	-0.0171591	0.0637099
2016-03-06 00:00:00	-0.194545	-0.459716	0.729652	0	-0.212233	-0.0480926	0.0296449	0	0.381289	0	0	0	0	0	-0.359239	-0.0849262	0.0953936	0	0	0	0	0	0	0.416777	-0.0113488	0.282655
2016-03-07 00:00:00	-2.2	0.663855	1.04825	0	-0.0856131	-0.0413706	0.0558536	0	0.329206	0	0	0	0	0	-0.0916925	-0.0849221	0.0953991	0	0	0	0	0	0	0.414572	-0.0109359	0.0926032
2016-03-08 00:00:00	-3.78364	0.0362527	0.887735	0	0.641033	-0.142169	0.217581	0	1.11423	0	0	0	0	0	0.63488	-0.0849363	0.0954261	0	0	0	0	0	0	0.408109	-0.0149948	0.00950933
2016-03-09 00:00:00	-2.6	-0.00197212	0.895567	0	-0.121308	-0.13941	0.170785	0	1.25711	0	0	0	0	0	0.187005	-0.0849616	0.0954262	0	0	0	0	0	0	0.402372	-0.0165088	0.0441021
2016-03-10 00:00:00	-0.394545	-0.461768	0.905691	0	-0.590048	-0.0455943	0.0304889	0	0.546197	0	0	0	0	0	-0.255055	-0.0849517	0.095419	0	0	0	0	0	0	0.405152	-0.0126631	0.138322
2016-03-11 00:00:00	-1.8	0.441044	0.960562	0	-0.0462501	-0.0292478	0.0403492	0	0.259438	0	0	0	0	0	-0.0697376	-0.0849215	0.0954161	0	0	0	0	0	0	0.404691	-0.0104443	0.160899
2016-03-12 00:00:00	-0.2	-0.860675	1.18621	0	-0.329174	-0.0149077	0.0125839	0	0.22054	0	0	0	0	0	-0.0981468	-0.0848942	0.0954036	0	0	0	0	0	0	0.401761	-0.0104793	0.318221
2016-03-13 00:00:00	-0.2	-0.506377	1.09903	0	-0.47223	-0.00358103	0.00175451	0	0.115976	0	0	0	0	0	-0.103929	-0.0848613	0.0953732	0	0	0	0	0	0	0.399992	-0.00959643	0.331548
2016-03-14 00:00:00	0	-0.623138	1.45392	0	-0.799044	-0.000858929	0.00023614	0	0.0610696	0	0	0	0	0	-0.095677	-0.0848057	0.0952852	0	0	0	0	0	0	0.398867	-0.00905105	0.396802
2016-03-15 00:00:00	0	-0.421922	0.988017	0	-0.207159	-0.000936587	0.000109256	0	0.0410493	0	0	0	0	0	-0.00238031	-0.0847965	0.0952693	0	0	0	0	0	0	0.394376	-0.00857604	0.79305
2016-03-16 00:00:00	-0.389091	-0.336123	1.12794	0	-0.207439	-0.000947768	0.000198842	0	0.0490795	0	0	0	0	0	0.0654782	-0.0847502	0.0952035	0	0	0	0	0	0	0.39208	-0.00870848	0.70292
2016-03-17 00:00:00	-0.389091	-0.311296	1.07178	0	-0.165741	-0.00111151	0.000452887	0	0.0458855	0	0	0	0	0	0.0127766	-0.084702	0.0951429	0	0	0	0	0	0	0.390025	-0.00866219	0.655463
2016-03-18 00:00:00	0	-0.491266	1.14191	0	-0.308311	-0.000750257	0.000181881	0	0.043572	0	0	0	0	0	0.00692701	-0.0846272	0.0950855	0	0	0	0	0	0	0.387777	-0.00863437	0.781862
2016-03-19 00:00:00	0	-0.504061	1.13907	0	-0.144409	-0.000487056	1.61506E-06	0	0.0374405	0	0	0	0	0	-0.0779538	-0.0845568	0.0950158	0	0	0	0	0	0	0.384665	-0.00849636	0.836232
2016-03-20 00:00:00	0	-0.566267	1.26656	0	-0.0847677	-0.000311126	0	0	0.0314939	0	0	0	0	0	-0.139403	-0.084479	0.09494	0	0	0	0	0	0	0.380734	-0.00840081	0.890095
2016-03-21 00:00:00	0	-0.565378	1.27064	0	-0.104606	-0.000347447	0	0	0.0254529	0	0	0	0	0	-0.117578	-0.0843954	0.0948557	0	0	0	0	0	0	0.378401	-0.00823066	0.888812
2016-03-22 00:00:00	0	-0.570787	1.30142	0	-0.0697869	-0.000255583	0	0	0.0249655	0	0	0	0	0	-0.224539	-0.0843289	0.0947764	0	0	0	0	0	0	0.374182	-0.00817001	0.837473
2016-03-23 00:00:00	-0.589091	-0.0989124	1.30851	0	-0.0900021	-9.50325E-05	0	0	0.0212945	0	0	0	0	0	-0.0775368	-0.0842514	0.0946866	0	0	0	0	0	0	0.369732	-0.00808927	0.846249
2016-03-24 00:00:00	-3.6	1.21959	1.39431	0	0.258596	-0.000859891	0.000476976	0	0.0265422	0	0	0	0	0	0.394025	-0.0842375	0.0946742	0	0	0	0	0	0	0.363977	-0.00814931	0.0589499
2016-03-25 00:00:00	0	-1.09548	1.36396	0	0.00259158	-0.00180889	0.00120966	0	0.053016	0	0	0	0	0	-0.0424442	-0.0842058	0.0946438	0	0	0	0	0	0	0.360108	-0.00872312	0.642872
2016-03-26 00:00:00	-3.80545	1.2392	1.54284	0	0.218985	-0.00307403	0.002401	0	0.0591925	0	0	0	0	0	0.392543	-0.0841599	0.0946074	0	0	0	0	0	0	0.357079	-0.00873142	0.00543357
2016-03-27 00:00:00	-14	4.35201	1.37755	0	2.63572	-0.0832012	0.313669	0	1.30666	0	0	0	0	0	1.94243	-0.0842841	0.0948038	0	0	0	0	0	0	0.35363	-0.0144755	-1.80549
2016-03-28 00:00:00	-0.594545	-0.583503	1.26471	0	-0.736766	-0.0314295	0.0437008	0	0.802032	0	0	0	0	0	-0.340936	-0.0842701	0.094798	0	0	0	0	0	0	0.357836	-0.0150451	0.176578
2016-03-29 00:00:00	-0.810909	-0.393949	1.27384	0	-0.0546473	-0.0210263	0.0189513	0	0.175326	0	0	0	0	0	-0.179659	-0.0842229	0.0947301	0	0	0	0	0	0	0.360423	-0.00941742	0.369446
2016-03-30 00:00:00	0	-0.682631	1.33107	0	-0.570975	-0.00209409	0.00157277	0	0.106732	0	0	0	0	0	-0.233885	-0.0841565	0.0946515	0	0	0	0	0	0	0.359292	-0.00910628	0.310468
2016-03-31 00:00:00	-2.82182	0.985556	1.28372	0	0.343513	-0.0102472	0.0140962	0	0.0764028	0	0	0	0	0	0.109504	-0.0841323	0.0946202	0	0	0	0	0	0	0.355329	-0.0087921	0.337753
2016-04-01 00:00:00	-0.794545	-0.555302	1.41722	0	-0.114789	-0.00881469	0.00803027	0	0.120629	0	0	0	0	0	-0.0115681	-0.0840902	0.0945739	0	0	0	0	0	0	0.353437	-0.0092843	0.415491
2016-04-02 00:00:00	-2.19455	0.32072	1.65486	0	0.0321511	-0.00739213	0.00886521	0	0.101805	0	0	0	0	0	0.00777534	-0.0840343	0.0945232	0	0	0	0	0	0	0.350764	-0.00891862	0.276569
2016-04-03 00:00:00	-0.794545	-0.685491	1.58995	0	-0.112889	-0.0066881	0.00730607	0	0.0984752	0	0	0	0	0	0.0717295	-0.0839893	0.0944622	0	0	0	0	0	0	0.347965	-0.00893746	0.517348
2016-04-04 00:00:00	-6.41091	1.69282	1.69004	0	0.786219	-0.0729885	0.219054	0	0.6171	0	0	0	0	0	0.766706	-0.0839654	0.0944586	0	0	0	0	0	0	0.344288	-0.0116343	-0.368813
2016-04-05 00:00:00	-5.38364	0.0053557	1.67601	0	0.3887	-0.130226	0.252531	0	1.37082	0	0	0	0	0	0.913082	-0.0840161	0.0945358	0	0	0	0	0	0	0.342552	-0.0172323	-0.571523
2016-04-06 00:00:00	-5.96182	0.00328584	1.52565	0	0.411472	-0.181923	0.330951	0	2.01639	0	0	0	0	0	1.00804	-0.0841004	0.0946356	0	0	0	0	0	0	0.342297	-0.0205279	-0.515653
2016-04-07 00:00:00	-7.78364	0.0109793	1.59738	0	0.566931	-0.314463	0.49879	0	3.09724	0	0	0	0	0	1.40188	-0.0841727	0.0947561	0	0	0	0	0	0	0.342412	-0.0252054	-0.597102
2016-04-08 00:00:00	-0.989091	-0.566807	1.61599	0	-1.04334	-0.0921331	0.0630785	0	1.21434	0	0	0	0	0	-0.594897	-0.0841572	0.0947477	0	0	0	0	0	0	0.353102	-0.0170439	-0.0462057
2016-04-09 00:00:00	-3.98909	0.552662	1.58092	0	0.439508	-0.114377	0.170474	0	0.896814	0	0	0	0	0	0.192103	-0.084122	0.0947409	0	0	0	0	0	0	0.356798	-0.0128567	0.0835778
2016-04-10 00:00:00	-2.85455	-0.00158596	1.51705	0	-0.163755	-0.114572	0.159058	0	1.07555	0	0	0	0	0	0.0706308	-0.0841089	0.0947425	0	0	0	0	0	0	0.356684	-0.0151498	0.0399935
2016-04-11 00:00:00	-0.194545	-1.13109	1.63079	0	-0.60744	-0.0331772	0.0239673	0	0.460176	0	0	0	0	0	-0.249379	-0.0840816	0.094716	0	0	0	0	0	0	0.360451	-0.0118728	0.258518
2016-04-12 00:00:00	-3.42182	1.04049	1.62516	0	0.222087	-0.0344737	0.0571456	0	0.241084	0	0	0	0	0	0.063673	-0.0840383	0.0946892	0	0	0	0	0	0	0.360899	-0.00983813	0.155059
2016-04-13 00:00:00	-2.05455	0.0682899	1.40357	0	-0.0812726	-0.0439769	0.0837086	0	0.390759	0	0	0	0	0	0.0199412	-0.0840116	0.0946789	0	0	0	0	0	0	0.358675	-0.0112489	0.144572
2016-04-14 00:00:00	-0.410909	-1.10266	1.77445	0	-0.410844	-0.0131039	0.0147844	0	0.208892	0	0	0	0	0	-0.0895622	-0.0839734	0.0946521	0	0	0	0	0	0	0.358718	-0.0101197	0.330324
2016-04-15 00:00:00	-3.62182	1.13459	1.54519	0	0.340196	-0.0312259	0.0742438	0	0.194849	0	0	0	0	0	0.213726	-0.0839327	0.0946239	0	0	0	0	0	0	0.357761	-0.0094002	0.20881
2016-04-16 00:00:00	-0.416364	-0.930184	1.4812	0	-0.362355	-0.0114257	0.0149388	0	0.241343	0	0	0	0	0	-0.0798585	-0.083896	0.0945945	0	0	0	0	0	0	0.355835	-0.0105697	0.293262
2016-04-17 00:00:00	-0.194545	-0.731109	1.70296	0	-0.689097	-0.00146763	0.0012907	0	0.0777358	0	0	0	0	0	-0.0468213	-0.0838599	0.0945474	0	0	0	0	0	0	0.355072	-0.00879454	0.475915
2016-04-18 00:00:00	-0.994546	-0.450691	1.90156	0	-0.280893	-0.000393589	2.85027E-05	0	0.0409652	0	0	0	0	0	-0.0520473	-0.0838057	0.0944655	0	0	0	0	0	0	0.352647	-0.00834444	0.518946
2016-04-19 00:00:00	0	-0.881389	2.05107	0	-0.738839	-0.000462798	1.08127E-05	0	0.0348826	0	0	0	0	0	-0.0327485	-0.0837704	0.0943861	0	0	0	0	0	0	0.34883	-0.00812576	0.783848
2016-04-20 00:00:00	0	-1.47429	3.34785	0	-0.741854	-0.000325213	3.03737E-06	0	0.0283133	0	0	0	0	0	-0.326625	-0.0836584	0.0942669	0	0	0	0	0	0	0.346034	-0.00798707	1.18173
2016-04-21 00:00:00	-0.194545	-0.962291	2.3286	0	-0.0980358	-0.000287224	4.7291E-07	0	0.0216132	0	0	0	0	0	-0.290766	-0.0835565	0.0941394	0	0	0	0	0	0	0.342364	-0.00780196	1.14943
2016-04-22 00:00:00	0	-0.397208	1.60439	0	-0.149116	-0.000187339	0	0	0.0235679	0	0	0	0	0	-0.235629	-0.0834795	0.0939839	0	0	0	0	0	0	0.337565	-0.00780577	1.18608
2016-04-23 00:00:00	-0.00545454	0	1.60041	0	-0.454649	0	0	0	0.00567502	0	0	0	0	0	-0.416087	-0.0833115	0.0935527	0	0	0	0	0	0	0.334044	-0.00752635	1.06665
2016-04-24 00:00:00	-1.39455	0	1.8405	0	0.128123	0	0	0	0	0	0	0	0	0	-0.122018	-0.0832024	0.0933572	0	0	0	0	0	0	0.327539	-0.007391	0.782368
2016-04-25 00:00:00	-0.00545455	0	1.66835	0	-0.284359	0	0	0	0	0	0	0	0	0	-0.370879	-0.0831062	0.0932705	0	0	0	0	0	0	0.320707	-0.00735249	1.33118
2016-04-26 00:00:00	-2.22727	0.443731	1.7143	0	0.199574	0	0	0	0	0	0	0	0	0	0.00814477	-0.0829895	0.0931759	0	0	0	0	0	0	0.317272	-0.00733624	0.458603
2016-04-27 00:00:00	-2.16182	0.224863	1.71049	0	0.183394	0	0	0	0.000709822	0	0	0	0	0	0.09901	-0.0829637	0.0931737	0	0	0	0	0	0	0.307091	-0.00728988	0.366654
2016-04-28 00:00:00	-1.00545	-0.353333	1.60867	0	0.0308779	0	0	0	0.00839065	0	0	0	0	0	-0.0379301	-0.0829051	0.0931126	0	0	0	0	0	0	0.300445	-0.00739991	0.554471
2016-04-29 00:00:00	-13.9745	4.45226	1.67729	0	2.40368	-0.0295865	0.0769122	0	0.221635	0	0	0	0	0	2.35876	-0.0830617	0.0933106	0	0	0	0	0	0	0.297961	-0.00938688	-2.51477
2016-04-30 00:00:00	-0.205455	-1.30117	1.9609	0	-0.521104	-0.00894994	0.0314935	0	0.274521	0	0	0	0	0	-0.230086	-0.0831171	0.0934068	0	0	0	0	0	0	0.299636	-0.0107917	0.299286
2016-05-01 00:00:00	-0.594545	-0.780613	2.33601	0	-0.564069	-2.98644E-05	0.000103969	0	0.0438764	0	0	0	0	0	-0.1924	-0.0830575	0.0933273	0	0	0	0	0	0	0.300085	-0.00826131	0.550429
2016-05-02 00:00:00	-6.79455	1.99182	2.38838	0	1.15372	-0.0214084	0.0814817	0	0.153012	0	0	0	0	0	0.547133	-0.0830177	0.0933029	0	0	0	0	0	0	0.297677	-0.00851169	-0.200952
2016-05-03 00:00:00	-6.99454	1.19046	2.16873	0	0.596126	-0.100756	0.289554	0	0.941042	0	0	0	0	0	0.845663	-0.0829974	0.0933552	0	0	0	0	0	0	0.296007	-0.0149001	-0.772262
2016-05-04 00:00:00	0	-1.57252	2.39999	0	-0.897747	-0.0121938	0.019082	0	0.385874	0	0	0	0	0	-0.387915	-0.0829668	0.0933433	0	0	0	0	0	0	0.303592	-0.0118538	0.236691
2016-05-05 00:00:00	0	-1.00784	2.37659	0	-0.948433	-0.000141056	5.32029E-05	0	0.0524362	0	0	0	0	0	-0.233541	-0.0828927	0.0932568	0	0	0	0	0	0	0.306681	-0.0083558	0.547814
2016-05-06 00:00:00	0	-1.00912	2.38333	0	-0.723442	-9.52379E-05	0	0	0.0291619	0	0	0	0	0	-0.256185	-0.0828382	0.0931207	0	0	0	0	0	0	0.304724	-0.00778665	0.730866
2016-05-07 00:00:00	-0.594545	-0.712834	2.15665	0	-0.0272274	-4.78392E-05	0	0	0.0239635	0	0	0	0	0	-0.281134	-0.0827187	0.0927676	0	0	0	0	0	0	0.301963	-0.00765151	0.86919
2016-05-08 00:00:00	-0.194545	-1.0276	2.52841	0	-0.261443	-0.000127538	0	0	0.0202589	0	0	0	0	0	-0.405775	-0.0826448	0.0926851	0	0	0	0	0	0	0.297533	-0.00749436	0.959257
2016-05-09 00:00:00	-0.2	-0.538096	2.42639	0	-0.400429	-2.83507E-05	0	0	0.0178484	0	0	0	0	0	-0.444663	-0.0824444	0.092468	0	0	0	0	0	0	0.295453	-0.00745166	1.15904
2016-05-10 00:00:00	-0.00545454	0	2.89977	0	-0.53694	0	0	0	0	0	0	0	0	0	-0.854988	-0.0823341	0.0922868	0	0	0	0	0	0	0.288969	-0.00710363	1.79421
2016-05-11 00:00:00	0	0	2.35709	0	-0.186143	0	0	0	0	0	0	0	0	0	-0.662811	-0.0822119	0.0920366	0	0	0	0	0	0	0.283198	-0.00706039	1.79409
2016-05-12 00:00:00	0	0	2.32632	0	-0.0550124	0	0	0	0	0	0	0	0	0	-0.742982	-0.0822253	0.0919261	0	0	0	0	0	0	0.278853	-0.0070217	1.80986
2016-05-13 00:00:00	-0.194545	0	1.99327	0	0.0778071	0	0	0	0	0	0	0	0	0	-0.491455	-0.0821038	0.0918759	0	0	0	0	0	0	0.270898	-0.00696394	1.65878
2016-05-14 00:00:00	0	0	4.28665	0	-0.144547	0	0	0	0	0	0	0	0	0	-1.15229	-0.0817856	0.0917284	0	0	0	0	0	0	0.265848	-0.00690739	3.2587
2016-05-15 00:00:00	0	0	2.6811	0	-0.0441461	0	0	0	0	0	0	0	0	0	-0.646687	-0.0815069	0.0917286	0	0	0	0	0	0	0.260836	-0.00685227	2.25447
2016-05-16 00:00:00	0	0	2.99478	0	-0.0144548	0	0	0	0	0	0	0	0	0	-0.868303	-0.0812237	0.0914292	0	0	0	0	0	0	0.250445	-0.00671704	2.36595
2016-05-17 00:00:00	-0.243636	0	2.89885	0	-0.00962513	0	0	0	0	0	0	0	0	0	-0.836243	-0.0809248	0.0913425	0	0	0	0	0	0	0.245662	-0.00666521	2.05876
2016-05-18 00:00:00	-3.65636	0.477751	2.88838	0	0.085937	0	0	0	0	0	0	0	0	0	0.177191	-0.0809446	0.0914254	0	0	0	0	0	0	0.235005	-0.00658853	0.211796
2016-05-19 00:00:00	-2.54636	-0.0337161	2.80235	0	0.0413273	0	0	0	0	0	0	0	0	0	-0.0912791	-0.0809028	0.0914121	0	0	0	0	0	0	0.228663	-0.00651319	0.404973
2016-05-20 00:00:00	-0.691818	-0.444028	2.74548	0	-0.0366288	0	0	0	0	0	0	0	0	0	-0.444621	-0.0807434	0.0912982	0	0	0	0	0	0	0.225041	-0.00644211	1.35754
2016-05-21 00:00:00	-1.29818	0.0219511	2.75616	0	0.0195009	0	0	0	0	0	0	0	0	0	-0.520889	-0.0805368	0.0911539	0	0	0	0	0	0	0.222749	-0.00640008	1.2055
2016-05-22 00:00:00	-0.535455	-0.0138963	2.46408	0	-0.0304649	0	0	0	0	0	0	0	0	0	-0.58034	-0.0802306	0.0910595	0	0	0	0	0	0	0.21861	-0.00632114	1.52704
2016-05-23 00:00:00	0	-0.00805479	2.5125	0	-0.0369885	0	0	0	0	0	0	0	0	0	-0.827624	-0.0799662	0.0909122	0	0	0	0	0	0	0.214293	-0.00629079	1.85878
2016-05-24 00:00:00	0	0	2.23835	0	-0.0416624	0	0	0	0	0	0	0	0	0	-0.663316	-0.0796762	0.0907573	0	0	0	0	0	0	0.212042	-0.00625729	1.75024
2016-05-25 00:00:00	0	0	2.28847	0	-0.0109033	0	0	0	0	0	0	0	0	0	-0.891998	-0.0793796	0.0907286	0	0	0	0	0	0	0.209375	-0.00623979	1.60005
2016-05-26 00:00:00	-3.08636	1.12927	1.41866	0	0.0642418	0	0	0	0	0	0	0	0	0	0.0999549	-0.0792549	0.09079	0	0	0	0	0	0	0.206514	-0.00621417	-0.162407
2016-05-27 00:00:00	-0.783636	-1.12927	2.6634	0	0.0348601	0	0	0	0	0	0	0	0	0	-0.196931	-0.0789915	0.0908084	0	0	0	0	0	0	0.203186	-0.0061863	0.797242
2016-05-28 00:00:00	0	0	2.42169	0	-0.0266942	0	0	0	0	0	0	0	0	0	-0.901004	-0.0784251	0.090459	0	0	0	0	0	0	0.201207	-0.00616247	1.70107
2016-05-29 00:00:00	-0.194545	0	2.67373	0	-0.0653064	0	0	0	0	0	0	0	0	0	-0.727232	-0.0780426	0.0902596	0	0	0	0	0	0	0.198563	-0.00612384	1.8913
2016-05-30 00:00:00	-0.2	0	2.38702	0	-0.0098977	0	0	0	0	0	0	0	0	0	-0.809594	-0.0779723	0.0899675	0	0	0	0	0	0	0.195901	-0.00610915	1.56932
2016-05-31 00:00:00	0	0	2.98914	0	-0.0213902	0	0	0	0	0	0	0	0	0	-1.13174	-0.077973	0.0894303	0	0	0	0	0	0	0.192756	-0.00607998	2.03415
2016-06-01 00:00:00	0	0	2.45715	0	-0.00572466	0	0	0	0	0	0	0	0	0	-0.962845	-0.0776904	0.0889791	0	0	0	0	0	0	0.18887	-0.00604582	1.6827
2016-06-02 00:00:00	0	0	3.05382	0	-0.00886107	0	0	0	0	0	0	0	0	0	-1.17749	-0.0775927	0.0883478	0	0	0	0	0	0	0.186233	-0.00602329	2.05843
2016-06-03 00:00:00	0	0	3.7779	0	-0.0109808	0	0	0	0	0	0	0	0	0	-1.33114	-0.077271	0.0877777	0	0	0	0	0	0	0.184368	-0.00600447	2.62464
2016-06-04 00:00:00	-0.2	0	2.59739	0	-0.00088597	0	0	0	0	0	0	0	0	0	-1.00553	-0.0770113	0.0873395	0	0	0	0	0	0	0.182607	-0.00598285	1.57793
2016-06-05 00:00:00	0	0	3.15959	0	-0.00616316	0	0	0	0	0	0	0	0	0	-1.13616	-0.0764193	0.086885	0	0	0	0	0	0	0.180519	-0.00596426	2.20229
2016-06-06 00:00:00	0	0	4.3333	0	-0.0103109	0	0	0	0	0	0	0	0	0	-1.68117	-0.0761264	0.0865488	0	0	0	0	0	0	0.177988	-0.00594284	2.82428
2016-06-07 00:00:00	-0.491818	0	4.68226	0	-0.0063765	0	0	0	0	0	0	0	0	0	-1.52528	-0.0756717	0.0863705	0	0	0	0	0	0	0.175343	-0.00592003	2.8389
2016-06-08 00:00:00	0	0	2.58188	0	-0.00208555	0	0	0	0	0	0	0	0	0	-1.19357	-0.0754907	0.0856394	0	0	0	0	0	0	0.173026	-0.00587678	1.56352
2016-06-09 00:00:00	-0.00545454	0	3.28039	0	-0.00419279	0	0	0	0	0	0	0	0	0	-1.32512	-0.0752163	0.0853099	0	0	0	0	0	0	0.171153	-0.00585437	2.12102
2016-06-10 00:00:00	-0.2	0	2.65097	0	-0.00219721	0	0	0	0	0	0	0	0	0	-1.12547	-0.0752371	0.0850137	0	0	0	0	0	0	0.169233	-0.0058308	1.49648
2016-06-11 00:00:00	-0.319091	0	2.70558	0	-0.00231028	0	0	0	0	0	0	0	0	0	-1.07196	-0.0745619	0.0846648	0	0	0	0	0	0	0.166834	-0.00580171	1.48335
2016-06-12 00:00:00	-2.51455	0.0254846	3.25454	0	0.0105303	0	0	0	0	0	0	0	0	0	-0.415818	-0.0742444	0.0846248	0	0	0	0	0	0	0.164459	-0.00577109	0.529254
2016-06-13 00:00:00	-0.362727	-0.0113531	2.76629	0	-0.0062553	0	0	0	0	0	0	0	0	0	-1.14462	-0.074012	0.0845272	0	0	0	0	0	0	0.162606	-0.00573271	1.40872
2016-06-14 00:00:00	-2.63818	0.0110832	2.88384	0	0.00944723	0	0	0	0	0	0	0	0	0	-0.158812	-0.0737081	0.0843501	0	0	0	0	0	0	0.16093	-0.00570508	0.273248
2016-06-15 00:00:00	-4.44818	1.00797	3.21582	0	0.00625299	0	0	0	0	0	0	0	0	0	-0.00512896	-0.0737071	0.0841316	0	0	0	0	0	0	0.159702	-0.00568867	-0.0588232
2016-06-16 00:00:00	-1.94636	-0.704289	2.83356	0	0.00146537	0	0	0	0	0	0	0	0	0	-0.226685	-0.0736301	0.083981	0	0	0	0	0	0	0.158581	-0.00567193	0.12095
2016-06-17 00:00:00	-1.50818	-0.321727	2.80255	0	-0.00110459	0	0	0	0	0	0	0	0	0	-0.615727	-0.0733454	0.0839184	0	0	0	0	0	0	0.157259	-0.00565063	0.51799
2016-06-18 00:00:00	0	-0.00718343	2.53275	0	-0.00575373	0	0	0	0	0	0	0	0	0	-1.42223	-0.0729321	0.0834795	0	0	0	0	0	0	0.156158	-0.00562441	1.25866
2016-06-19 00:00:00	-4.97909	1.21528	3.29643	0	0.0117687	0	0	0	0	0	0	0	0	0	0.173018	-0.072743	0.0833184	0	0	0	0	0	0	0.154812	-0.00560682	-0.122808
2016-06-20 00:00:00	-1.53545	-1.19297	3.39044	0	-0.00122965	0	0	0	0	0	0	0	0	0	-0.502618	-0.072739	0.0831412	0	0	0	0	0	0	0.153213	-0.00557835	0.316203
2016-06-21 00:00:00	0	-0.0223074	2.6723	0	-0.0109864	0	0	0	0	0	0	0	0	0	-1.50133	-0.0727905	0.0823946	0	0	0	0	0	0	0.152524	-0.00556672	1.29424
2016-06-22 00:00:00	-0.2	0	2.81605	0	0.000579365	0	0	0	0	0	0	0	0	0	-1.56506	-0.0723343	0.0821846	0	0	0	0	0	0	0.151871	-0.00555456	1.20774
2016-06-23 00:00:00	0	0	2.86054	0	-0.0208319	0	0	0	0	0	0	0	0	0	-1.71633	-0.0723362	0.082028	0	0	0	0	0	0	0.150352	-0.00552814	1.27789
2016-06-24 00:00:00	-5.52182	1.37973	3.28002	0	0.0314399	0	0	0	0	0	0	0	0	0	0.167384	-0.0724531	0.0823576	0	0	0	0	0	0	0.148429	-0.00549576	-0.510403
2016-06-25 00:00:00	-4.01636	0.108176	3.33031	0	0.00842997	0	0	0	0	0	0	0	0	0	0.217076	-0.0724594	0.0823388	0	0	0	0	0	0	0.146909	-0.00546914	-0.201049
2016-06-26 00:00:00	-2.74091	-0.675886	3.46997	0	0.00320373	0	0	0	0	0	0	0	0	0	-0.129799	-0.0724284	0.0822738	0	0	0	0	0	0	0.146171	-0.00545688	0.0771436
2016-06-27 00:00:00	0	-0.81201	2.92837	0	-0.0126896	0	0	0	0	0	0	0	0	0	-1.33099	-0.0723276	0.0821272	0	0	0	0	0	0	0.145212	-0.0054429	0.922249
2016-06-28 00:00:00	-0.832727	0	2.71974	0	-0.00302994	0	0	0	0	0	0	0	0	0	-1.18515	-0.0720909	0.0818627	0	0	0	0	0	0	0.144109	-0.00542593	0.847292
2016-06-29 00:00:00	-3.14636	0.0459085	3.28101	0	0.0121463	0	0	0	0	0	0	0	0	0	-0.280289	-0.0720063	0.0816528	0	0	0	0	0	0	0.143142	-0.00536548	0.0598369
2016-06-30 00:00:00	-3.47091	0.204005	3.24271	0	0.0105857	0	0	0	0	0	0	0	0	0	-0.0808741	-0.0718923	0.0816336	0	0	0	0	0	0	0.142225	-0.00531607	0.0521698
2016-07-01 00:00:00	-5.40091	1.30692	3.09454	0	0.0287761	0	0	0	0	0	0	0	0	0	0.46833	-0.071808	0.0816434	0	0	0	0	0	0	0.141463	-0.00529572	-0.35634
2016-07-02 00:00:00	-2.67636	-0.520502	3.18444	0	0.00391033	0	0	0	0	0	0	0	0	0	-0.230936	-0.0717751	0.0816205	0	0	0	0	0	0	0.140406	-0.00521119	-0.0944119
2016-07-03 00:00:00	-0.427273	-1.03373	3.09308	0	-0.0206937	0	0	0	0	0	0	0	0	0	-1.11796	-0.0716513	0.0814423	0	0	0	0	0	0	0.139568	-0.00519512	0.637582
2016-07-04 00:00:00	-10.6709	3.3958	3.39169	0	0.0831072	0	0.00142044	0	0	0	0	0	0	0	2.06549	-0.0715709	0.0813271	0	0	0	0	0	0	0.138537	-0.00517241	-1.59027
2016-07-05 00:00:00	-0.497273	-2.02938	3.19247	0	-0.0305805	0	0.000286609	0	0	0	0	0	0	0	-0.611913	-0.0716069	0.0813569	0	0	0	0	0	0	0.138423	-0.00516132	0.166622
2016-07-06 00:00:00	-0.508182	-1.16233	3.0173	0	-0.0247531	0	0	0	0	0	0	0	0	0	-0.733221	-0.0714674	0.0811395	0	0	0	0	0	0	0.138062	-0.00515563	0.731393
2016-07-07 00:00:00	-0.891818	-0.202455	3.20109	0	-0.0343079	0	0	0	0	0	0	0	0	0	-1.33014	-0.0712744	0.0808893	0	0	0	0	0	0	0.136825	-0.00512815	0.883679
2016-07-08 00:00:00	-4.85455	1.14473	3.5049	0	0.0529697	0	0	0	0	0	0	0	0	0	0.0177551	-0.0708154	0.0804699	0	0	0	0	0	0	0.136055	-0.00511071	0.00639975
2016-07-09 00:00:00	-2.89727	-0.630649	3.58876	0	0.0046196	0	0	0	0	0	0	0	0	0	-0.166017	-0.0707697	0.0804121	0	0	0	0	0	0	0.135304	-0.00509073	0.0392986
2016-07-10 00:00:00	-1.77818	-0.515645	3.57235	0	-0.0312626	0	0	0	0	0	0	0	0	0	-0.989995	-0.0705534	0.0801521	0	0	0	0	0	0	0.134933	-0.00508375	0.396718
2016-07-11 00:00:00	-0.416364	-0.00257731	3.01067	0	-0.0129071	0	0	0	0	0	0	0	0	0	-1.87014	-0.0702917	0.0795213	0	0	0	0	0	0	0.133613	-0.00505612	0.846465
2016-07-12 00:00:00	0	0	2.80029	0	-0.0509193	0	0	0	0	0	0	0	0	0	-2.0647	-0.0698568	0.0788633	0	0	0	0	0	0	0.132938	-0.00504114	0.821576
2016-07-13 00:00:00	-0.432727	0	2.67323	0	-0.0106531	0	0	0	0	0	0	0	0	0	-1.73399	-0.0696541	0.0783381	0	0	0	0	0	0	0.131714	-0.00502657	0.631225
2016-07-14 00:00:00	0	0	4.14998	0	-0.0176814	0	0	0	0	0	0	0	0	0	-3.16905	-0.0689077	0.0779866	0	0	0	0	0	0	0.130056	-0.00499434	1.09739
2016-07-15 00:00:00	-8.10364	2.51981	3.49821	0	0.082905	0	0	0	0	0	0	0	0	0	1.0062	-0.0686134	0.0780367	0	0	0	0	0	0	0.12795	-0.0049482	-0.864084
2016-07-16 00:00:00	-0.00545455	-2.33074	3.26899	0	-0.0246646	0	0	0	0	0	0	0	0	0	-0.778475	-0.0686404	0.0779012	0	0	0	0	0	0	0.127014	-0.00491511	0.261012
2016-07-17 00:00:00	0	-0.189054	2.92768	0	-0.0173847	0	0	0	0	0	0	0	0	0	-2.11522	-0.0684086	0.0775733	0	0	0	0	0	0	0.126607	-0.0049102	0.736877
2016-07-18 00:00:00	-0.2	0	3.2344	0	-0.0400466	0	0	0	0	0	0	0	0	0	-2.61881	-0.0682029	0.0773029	0	0	0	0	0	0	0.125353	-0.00487246	0.505125
2016-07-19 00:00:00	0	0	5.29731	0	-0.0160826	0	0	0	0	0	0	0	0	0	-3.73834	-0.0677295	0.0771275	0	0	0	0	0	0	0.124074	-0.00486359	1.6715
2016-07-20 00:00:00	-13.24	4.1766	3.95378	0	0.125497	0	0.00085811	0	0	0	0	0	0	0	3.02741	-0.0678777	0.0773061	0	0	0	0	0	0	0.122696	-0.00484672	-1.82858
2016-07-21 00:00:00	0	-2.42649	3.49499	0	-0.0431809	0	0.000328885	0	0	0	0	0	0	0	-0.980463	-0.067948	0.0772925	0	0	0	0	0	0	0.12242	-0.00483414	0.172112
2016-07-22 00:00:00	-0.708182	-1.13891	3.2613	0	-0.0469823	0	0	0	0	0	0	0	0	0	-0.852721	-0.0677521	0.0769766	0	0	0	0	0	0	0.121738	-0.004814	0.640654
2016-07-23 00:00:00	0	-0.601325	2.85411	0	-0.0136766	0	0	0	0	0	0	0	0	0	-1.71036	-0.0675518	0.0768944	0	0	0	0	0	0	0.12073	-0.00478672	0.65404
2016-07-24 00:00:00	-2.45455	0.00535657	3.45821	0	0.00919565	0	0	0	0	0	0	0	0	0	-0.98595	-0.0674391	0.0765911	0	0	0	0	0	0	0.119359	-0.00476927	0.156005
2016-07-25 00:00:00	-4.83273	1.1136	3.50983	0	0.0528297	0	0	0	0	0	0	0	0	0	-0.14613	-0.0673854	0.0765916	0	0	0	0	0	0	0.11832	-0.00474855	-0.179818
2016-07-26 00:00:00	-5.77909	1.11051	3.43592	0	0.0460154	0	0.000751456	0	0	0	0	0	0	0	0.694247	-0.0673617	0.0765941	0	0	0	0	0	0	0.117873	-0.00474039	-0.369283
2016-07-27 00:00:00	-0.454545	-2.19334	3.26086	0	-0.0183285	0	0.00044685	0	0	0	0	0	0	0	-0.618239	-0.0673254	0.07657	0	0	0	0	0	0	0.117529	-0.00473257	0.0989033
2016-07-28 00:00:00	-0.2	-0.0460055	2.67721	0	-0.0440852	0	0.000119334	0	0	0	0	0	0	0	-1.88343	-0.0671037	0.0763982	0	0	0	0	0	0	0.117058	-0.00472403	0.625431
2016-07-29 00:00:00	0	0	2.68439	0	-0.0240167	0	0	0	0	0	0	0	0	0	-2.50327	-0.0667407	0.0762793	0	0	0	0	0	0	0.116609	-0.00471597	0.278533
2016-07-30 00:00:00	0	0	2.66703	0	-0.0363346	0	0	0	0	0	0	0	0	0	-2.32744	-0.0663096	0.0762557	0	0	0	0	0	0	0.11586	-0.00470584	0.424361
2016-07-31 00:00:00	-0.416364	0	2.63872	0	-0.00336866	0	0	0	0	0	0	0	0	0	-1.98414	-0.0656435	0.0761181	0	0	0	0	0	0	0.115078	-0.00469441	0.355713
2016-08-01 00:00:00	0	0	2.66625	0	-0.00635042	0	0	0	0	0	0	0	0	0	-2.5377	-0.0651788	0.0757063	0	0	0	0	0	0	0.114248	-0.00468053	0.242299
2016-08-02 00:00:00	-1.71909	0	3.28237	0	0.00315181	0	0	0	0	0	0	0	0	0	-1.57825	-0.0647966	0.0754799	0	0	0	0	0	0	0.113435	-0.00465891	0.107642
2016-08-03 00:00:00	-7.65364	2.63043	3.41654	0	0.0585749	0	0	0	0	0	0	0	0	0	0.945122	-0.0647139	0.0754815	0	0	0	0	0	0	0.112191	-0.00463274	-0.484637
2016-08-04 00:00:00	-2.75727	-0.710084	3.43848	0	0.0144352	0	0	0	0	0	0	0	0	0	-0.120176	-0.0647085	0.0753901	0	0	0	0	0	0	0.111653	-0.00461832	-0.016898
2016-08-05 00:00:00	-3.93545	0.619232	3.11362	0	0.0142968	0	0	0	0	0	0	0	0	0	-0.00503558	-0.0644911	0.0753539	0	0	0	0	0	0	0.111148	-0.00460642	-0.0759328
2016-08-06 00:00:00	-0.686364	-2.39091	3.82791	0	-0.028399	0	0	0	0	0	0	0	0	0	-0.617961	-0.064499	0.0752696	0	0	0	0	0	0	0.110385	-0.00459043	0.220849
2016-08-07 00:00:00	-4.26545	0.800703	3.29345	0	0.0389659	0	0	0	0	0	0	0	0	0	-0.10119	-0.0644861	0.0750857	0	0	0	0	0	0	0.109809	-0.00458311	-0.117705
2016-08-08 00:00:00	-1.8	-0.884209	2.89484	0	-0.00993103	0	0	0	0	0	0	0	0	0	-0.29966	-0.0644448	0.0749308	0	0	0	0	0	0	0.109335	-0.00457203	0.0162912
2016-08-09 00:00:00	-9.77818	3.64927	2.7757	0	0.0644259	0	0.000395704	0	0	0	0	0	0	0	2.26532	-0.0644344	0.074926	0	0	0	0	0	0	0.109074	-0.00456636	-0.90807
2016-08-10 00:00:00	-12.8164	2.80224	2.62149	0	0.355181	0	0.00626377	0	0	0	0	0	0	0	4.58403	-0.0645418	0.0750461	0	0	0	0	0	0	0.109294	-0.00456097	-2.33193
2016-08-11 00:00:00	-14.5618	0.0444157	3.23855	0	0.988314	0	0.269354	0	0.00639298	0	0	0	0	0	6.13759	-0.0647638	0.0752574	0	0	0	0	0	0	0.109989	-0.00458646	-3.7613
2016-08-12 00:00:00	-9.41091	-0.0353016	3.11064	0	0.0100104	0	0.228342	0	0.0723983	0	0	0	0	0	2.86183	-0.0649785	0.0754664	0	0	0	0	0	0	0.11031	-0.00707569	-3.04927
2016-08-13 00:00:00	-2.22182	-0.869854	3.15183	0	-0.2553	0	0.0129397	0	0.0443596	0	0	0	0	0	-0.68063	-0.0650531	0.0755311	0	0	0	0	0	0	0.110758	-0.00638794	-0.703624
2016-08-14 00:00:00	-0.194545	-1.81163	3.03902	0	-0.299256	0	0.00116968	0	0	0	0	0	0	0	-0.761213	-0.0650304	0.0755007	0	0	0	0	0	0	0.111091	-0.00457319	0.0905326
2016-08-15 00:00:00	0	-1.23465	3.23322	0	-0.516912	0	0	0	0	0	0	0	0	0	-1.13954	-0.0648929	0.0754198	0	0	0	0	0	0	0.110965	-0.00456996	0.459044
2016-08-16 00:00:00	-0.00545454	-1.90502	4.68238	0	-0.167249	0	0	0	0	0	0	0	0	0	-1.67705	-0.0647061	0.0752634	0	0	0	0	0	0	0.110772	-0.00456645	1.04436
2016-08-17 00:00:00	0	-0.704709	4.15794	0	-0.0563934	0	0	0	0	0	0	0	0	0	-2.34031	-0.0645004	0.0751139	0	0	0	0	0	0	0.11026	-0.00456106	1.17284
2016-08-18 00:00:00	-0.00545454	0	3.06018	0	-0.0278353	0	0	0	0	0	0	0	0	0	-2.10646	-0.0641623	0.0748917	0	0	0	0	0	0	0.109948	-0.00455474	1.03656
2016-08-19 00:00:00	-3.40545	0.460311	2.84417	0	0.0467792	0	0	0	0	0	0	0	0	0	0.204884	-0.0641225	0.074855	0	0	0	0	0	0	0.109514	-0.00454274	0.266388
2016-08-20 00:00:00	-6.45455	2.16272	2.98766	0	0.113384	0	0	0	0	0	0	0	0	0	0.818738	-0.0640932	0.0747861	0	0	0	0	0	0	0.10888	-0.0045331	-0.257
2016-08-21 00:00:00	-0.594545	-2.09443	2.95296	0	-0.0111735	0	0	0	0	0	0	0	0	0	-0.304436	-0.0640681	0.0747378	0	0	0	0	0	0	0.108692	-0.00452737	0.0632115
2016-08-22 00:00:00	-1.2	-0.51373	3.13793	0	-0.025785	0	0	0	0	0	0	0	0	0	-1.14282	-0.0639851	0.0746334	0	0	0	0	0	0	0.108384	-0.00452252	0.370106
2016-08-23 00:00:00	-0.405455	-0.0148464	2.50319	0	-0.0610868	0	0	0	0	0	0	0	0	0	-1.22344	-0.0638061	0.0745133	0	0	0	0	0	0	0.107729	-0.00450945	0.912287
2016-08-24 00:00:00	-0.2	0	3.33967	0	-0.0508446	0	0	0	0	0	0	0	0	0	-2.42197	-0.0636452	0.0743453	0	0	0	0	0	0	0.107213	-0.00449693	0.780267
2016-08-25 00:00:00	-0.2	0	2.33036	0	-0.0119076	0	0	0	0	0	0	0	0	0	-1.53954	-0.0634873	0.0741464	0	0	0	0	0	0	0.105556	-0.00446204	0.690662
2016-08-26 00:00:00	-1.19455	0	2.44715	0	0.00785156	0	0	0	0	0	0	0	0	0	-1.03091	-0.0632726	0.0738937	0	0	0	0	0	0	0.105329	-0.00444476	0.341049
2016-08-27 00:00:00	0	0	3.00241	0	-0.028455	0	0	0	0	0	0	0	0	0	-2.36607	-0.0629533	0.0736195	0	0	0	0	0	0	0.104793	-0.00443746	0.718902
2016-08-28 00:00:00	-1.03273	0	2.39779	0	0.00466324	0	0	0	0	0	0	0	0	0	-1.08172	-0.0627512	0.0735958	0	0	0	0	0	0	0.104357	-0.00442831	0.39878
2016-08-29 00:00:00	0	0	2.48157	0	-0.0145623	0	0	0	0	0	0	0	0	0	-2.09858	-0.062515	0.0733681	0	0	0	0	0	0	0.103793	-0.0044184	0.478658
2016-08-30 00:00:00	0	0	2.56997	0	-0.0136023	0	0	0	0	0	0	0	0	0	-2.1236	-0.0622574	0.0730103	0	0	0	0	0	0	0.102776	-0.00440619	0.541891
2016-08-31 00:00:00	-1.2	0	2.53971	0	0.0043059	0	0	0	0	0	0	0	0	0	-1.2046	-0.0621022	0.072607	0	0	0	0	0	0	0.102228	-0.00439182	0.247761
2016-09-01 00:00:00	-0.8	0	2.34468	0	6.43529E-06	0	0	0	0	0	0	0	0	0	-1.36471	-0.0619593	0.0725795	0	0	0	0	0	0	0.101503	-0.00437211	0.287722
2016-09-02 00:00:00	-1.00545	0	2.25632	0	0.00360817	0	0	0	0	0	0	0	0	0	-1.13258	-0.0616506	0.0723753	0	0	0	0	0	0	0.101119	-0.00436186	0.229375
2016-09-03 00:00:00	-5.00545	2.34665	2.30067	0	0.0536059	0	0	0	0	0	0	0	0	0	0.0642453	-0.0615236	0.0724072	0	0	0	0	0	0	0.100571	-0.00435346	-0.133178
2016-09-04 00:00:00	-0.205455	-1.93144	2.36375	0	-0.00695409	0	0	0	0	0	0	0	0	0	-0.306234	-0.061514	0.0722621	0	0	0	0	0	0	0.100062	-0.00434548	0.0201384
2016-09-05 00:00:00	-0.0109091	-0.415191	2.27808	0	-0.0235789	0	0	0	0	0	0	0	0	0	-1.49421	-0.0613507	0.072252	0	0	0	0	0	0	0.0996239	-0.00433773	0.440373
2016-09-06 00:00:00	-0.194545	0	2.51899	0	-0.0361197	0	0	0	0	0	0	0	0	0	-2.16676	-0.0610829	0.072011	0	0	0	0	0	0	0.099095	-0.00432968	0.227265
2016-09-07 00:00:00	0	0	2.27014	0	-0.0129107	0	0	0	0	0	0	0	0	0	-2.18781	-0.0606843	0.0718115	0	0	0	0	0	0	0.0989593	-0.0043155	0.175186
2016-09-08 00:00:00	-7.64364	3.28378	2.45806	0	0.105287	0	0	0	0	0	0	0	0	0	1.19655	-0.0606244	0.0718025	0	0	0	0	0	0	0.0983397	-0.00430468	-0.494752
2016-09-09 00:00:00	-5.69818	1.12868	2.42214	0	0.0685999	0	0	0	0	0	0	0	0	0	1.53208	-0.0606372	0.0717442	0	0	0	0	0	0	0.0979144	-0.00429681	-0.441959
2016-09-10 00:00:00	0	-1.96492	2.20587	0	-0.0133104	0	0	0	0	0	0	0	0	0	-0.396197	-0.0606462	0.0716209	0	0	0	0	0	0	0.0977518	-0.00429026	-0.0641246
2016-09-11 00:00:00	0	-1.08527	2.00479	0	-0.0183926	0	0	0	0	0	0	0	0	0	-0.840389	-0.0606226	0.0715795	0	0	0	0	0	0	0.0972898	-0.00428312	0.164698
2016-09-12 00:00:00	-1.40545	-0.401916	2.37384	0	-0.011563	0	0	0	0	0	0	0	0	0	-0.370809	-0.0605452	0.0715374	0	0	0	0	0	0	0.0970937	-0.00427839	0.287901
2016-09-13 00:00:00	0	-0.868281	2.15666	0	-0.0220051	0	0	0	0	0	0	0	0	0	-1.18792	-0.0604728	0.0713778	0	0	0	0	0	0	0.0972035	-0.0042695	0.182291
2016-09-14 00:00:00	-0.416364	-0.0750585	1.84684	0	-0.00702592	0	0	0	0	0	0	0	0	0	-1.33323	-0.0602822	0.0713532	0	0	0	0	0	0	0.0959085	-0.00425438	0.117886
2016-09-15 00:00:00	-0.194545	-0.0169743	2.74398	0	-0.0318541	0	0	0	0	0	0	0	0	0	-2.38014	-0.0601294	0.07126	0	0	0	0	0	0	0.0953357	-0.00424408	0.222688
2016-09-16 00:00:00	-5.76182	2.85512	2.0241	0	0.100702	0	0	0	0	0	0	0	0	0	0.399678	-0.0600906	0.0711717	0	0	0	0	0	0	0.0947667	-0.00422192	-0.280586
2016-09-17 00:00:00	0	-1.80018	2.01235	0	-0.015999	0	0	0	0	0	0	0	0	0	-0.246039	-0.0599454	0.0711391	0	0	0	0	0	0	0.0942368	-0.00421464	0.0513473
2016-09-18 00:00:00	-0.2	-1.0444	1.94156	0	0.00435062	0	0	0	0	0	0	0	0	0	-0.708981	-0.0598295	0.0710868	0	0	0	0	0	0	0.0940198	-0.00420885	0.0935965
2016-09-19 00:00:00	0	-0.0105508	1.6135	0	-0.0448781	0	0	0	0	0	0	0	0	0	-1.55997	-0.0597128	0.0709788	0	0	0	0	0	0	0.0934928	-0.00419604	0.0986677
2016-09-20 00:00:00	0	0	1.71927	0	-0.0185561	0	0	0	0	0	0	0	0	0	-1.62951	-0.0595842	0.0709005	0	0	0	0	0	0	0.0923508	-0.00418229	0.170682
2016-09-21 00:00:00	-5.20545	2.29693	2.52648	0	0.0665275	0	0	0	0	0	0	0	0	0	0.1136	-0.0594782	0.0708827	0	0	0	0	0	0	0.0916276	-0.00417405	-0.103061
2016-09-22 00:00:00	-7.23273	2.15137	1.77185	0	0.11572	0	0	0	0	0	0	0	0	0	2.38487	-0.059444	0.0709089	0	0	0	0	0	0	0.0913127	-0.00416457	-0.710302
2016-09-23 00:00:00	-0.194545	-1.37904	1.7307	0	-0.0352675	0	0	0	0	0	0	0	0	0	-0.366957	-0.059243	0.0709004	0	0	0	0	0	0	0.0912876	-0.00415909	-0.146321
2016-09-24 00:00:00	-0.978182	-0.934505	2.04307	0	-0.0168659	0	0	0	0	0	0	0	0	0	-0.138638	-0.0592717	0.0707725	0	0	0	0	0	0	0.0909204	-0.00415203	0.0731501
2016-09-25 00:00:00	-4.60545	2.40507	1.72466	0	0.0569147	0	0	0	0	0	0	0	0	0	0.109909	-0.0592611	0.0706502	0	0	0	0	0	0	0.0906031	-0.004144	-0.211058
2016-09-26 00:00:00	-0.605455	-0.761406	1.42529	0	-0.0354009	0	0	0	0	0	0	0	0	0	-0.219898	-0.0592767	0.0705647	0	0	0	0	0	0	0.0902411	-0.0041305	-0.0994655
2016-09-27 00:00:00	-0.589091	-1.1034	1.83464	0	-0.0285702	0	0	0	0	0	0	0	0	0	-0.192634	-0.0592266	0.0704528	0	0	0	0	0	0	0.090044	-0.00412778	0.0180918
2016-09-28 00:00:00	-7.84909	3.16235	1.85433	0	0.130719	0	0	0	0	0	0	0	0	0	1.72728	-0.0592625	0.0703178	0	0	0	0	0	0	0.0894884	-0.00412418	-0.87799
2016-09-29 00:00:00	-8.62727	1.05027	1.65269	0	0.505922	0	0	0	0.0189337	0	0	0	0	0	3.89422	-0.0593015	0.0704402	0	0	0	0	0	0	0.089765	-0.00507943	-1.40941
2016-09-30 00:00:00	-0.421818	-0.899099	1.40605	0	-0.0784566	0	0	0	0.0202254	0	0	0	0	0	-0.371912	-0.0593255	0.0704857	0	0	0	0	0	0	0.0907144	-0.00549271	-0.248627
2016-10-01 00:00:00	-1.76727	0.354309	1.37481	0	-0.00549133	0	0	0	0	0	0	0	0	0	-0.170679	-0.0593076	0.0704627	0	0	0	0	0	0	0.0915531	-0.00423273	-0.115844
2016-10-02 00:00:00	-0.589091	-0.987768	1.6831	0	-0.0236866	0	2.20768E-05	0	0	0	0	0	0	0	-0.273071	-0.0592881	0.0703692	0	0	0	0	0	0	0.0926992	-0.00431638	-0.0910312
2016-10-03 00:00:00	-0.2	-1.15433	1.65139	0	-0.0629741	0	4.60817E-05	0	0	0	0	0	0	0	-0.298877	-0.0591939	0.0703493	0	0	0	0	0	0	0.0930646	-0.00434839	0.035122
2016-10-04 00:00:00	0	-0.575879	1.55636	0	-0.274839	0	0	0	0	0	0	0	0	0	-0.5687	-0.0591327	0.0702838	0	0	0	0	0	0	0.093278	-0.00437341	0.236998
2016-10-05 00:00:00	0	-0.557406	1.47766	0	-0.147033	0	0	0	0	0	0	0	0	0	-0.779876	-0.0591417	0.0702349	0	0	0	0	0	0	0.0931811	-0.00437181	0.0932489
2016-10-06 00:00:00	0	-0.481461	1.22288	0	0.0130691	0	0	0	0	0	0	0	0	0	-0.566127	-0.0589795	0.0701633	0	0	0	0	0	0	0.0927835	-0.00436584	0.287959
2016-10-07 00:00:00	0	-0.525964	1.33483	0	-0.0296851	0	0	0	0	0	0	0	0	0	-0.700205	-0.0589293	0.0700831	0	0	0	0	0	0	0.0921286	-0.00434677	0.17791
2016-10-08 00:00:00	0	-0.467367	1.18577	0	-0.00283376	0	0	0	0	0	0	0	0	0	-0.675525	-0.0587726	0.0700278	0	0	0	0	0	0	0.0918174	-0.00433575	0.138779
2016-10-09 00:00:00	0	-0.374566	0.950149	0	0.00745034	0	0	0	0	0	0	0	0	0	-0.606922	-0.0586131	0.0698823	0	0	0	0	0	0	0.0914194	-0.00432423	0.0744752
2016-10-10 00:00:00	-0.605455	-0.160128	1.00075	0	0.0130089	0	0	0	0	0	0	0	0	0	-0.208284	-0.0586109	0.0697669	0	0	0	0	0	0	0.0909441	-0.00431535	0.137676
2016-10-11 00:00:00	-0.632727	-0.214061	1.16765	0	0.013685	0	0	0	0	0	0	0	0	0	-0.418956	-0.0585704	0.0697281	0	0	0	0	0	0	0.0907489	-0.00431327	0.0131885
2016-10-12 00:00:00	-0.416364	-0.293044	1.13284	0	-0.013902	0	0	0	0	0	0	0	0	0	-0.413384	-0.0585214	0.0696321	0	0	0	0	0	0	0.0905707	-0.00431151	0.0935112
2016-10-13 00:00:00	-2.39455	1.07368	1.16947	0	0.0277369	0	0	0	0	0	0	0	0	0	0.0128253	-0.0585091	0.0695246	0	0	0	0	0	0	0.0902488	-0.00430876	-0.0138775
2016-10-14 00:00:00	-3.18909	1.63106	1.18569	0	0.0514744	0	0	0	0.00429215	0	0	0	0	0	0.0350738	-0.0584294	0.0694874	0	0	0	0	0	0	0.0901183	-0.00458285	-0.184907
2016-10-15 00:00:00	-1.81636	0.262291	1.04859	0	0.00289443	0	0	0	0.0167649	0	0	0	0	0	0.263824	-0.0583727	0.0694357	0	0	0	0	0	0	0.0897457	-0.00538224	-0.12657
2016-10-16 00:00:00	-1.61091	0.20203	1.03421	0	0.00538356	0	0	0	0.0174998	0	0	0	0	0	0.212387	-0.0583506	0.0694103	0	0	0	0	0	0	0.0895411	-0.00543973	-0.0442364
2016-10-17 00:00:00	-1.99455	0.314605	1.1282	0	0.0223713	0	0	0	0.0169559	0	0	0	0	0	0.269302	-0.0583037	0.0694005	0	0	0	0	0	0	0.0893414	-0.00540344	-0.148072
2016-10-18 00:00:00	-7.26	2.2094	0.953926	0	0.808474	0	0.00249081	0	0.041589	0	0	0	0	0	2.24492	-0.0583196	0.0694412	0	0	0	0	0	0	0.0891205	-0.00628511	-0.905237
2016-10-19 00:00:00	0	-0.868099	0.959758	0	-0.076249	0	0.00303742	0	0.0495244	0	0	0	0	0	-0.319247	-0.0583324	0.0694707	0	0	0	0	0	0	0.0890253	-0.00672341	-0.157835
2016-10-20 00:00:00	-0.0109091	-0.77895	0.891989	0	-0.0196459	0	0.000499919	0	0.0160658	0	0	0	0	0	-0.264599	-0.0583316	0.0693578	0	0	0	0	0	0	0.0889699	-0.00537777	-0.070931
2016-10-21 00:00:00	0	-0.809236	0.918464	0	-0.0089726	0	0.000425824	0	0.00883133	0	0	0	0	0	-0.321408	-0.0583153	0.0692758	0	0	0	0	0	0	0.0888223	-0.00497821	-0.117092
2016-10-22 00:00:00	-0.394545	-0.245542	0.807273	0	-0.0435966	0	0.000274923	0	0.00681099	0	0	0	0	0	-0.201181	-0.0582865	0.0692427	0	0	0	0	0	0	0.0887334	-0.00481984	0.0243632
2016-10-23 00:00:00	-0.827273	0.0310676	0.78692	0	0.0221326	0	0.000301752	0	0.00728734	0	0	0	0	0	-0.247621	-0.0582533	0.0692308	0	0	0	0	0	0	0.0885734	-0.00484682	-0.13248
2016-10-24 00:00:00	-0.589091	-0.0618319	0.70902	0	-0.0303051	0	0.000198853	0	0.00867612	0	0	0	0	0	-0.0549428	-0.0582219	0.0691228	0	0	0	0	0	0	0.0884345	-0.00489753	0.0761617
2016-10-25 00:00:00	-0.00545455	-0.346825	0.90287	0	-0.13414	0	0.000234575	0	0.00503167	0	0	0	0	0	-0.375382	-0.0581835	0.0691078	0	0	0	0	0	0	0.0881381	-0.00470559	0.140692
2016-10-26 00:00:00	-0.194545	-0.281088	0.964358	0	-0.126887	0	0	0	0.00456695	0	0	0	0	0	-0.341492	-0.0581312	0.069064	0	0	0	0	0	0	0.0880975	-0.0046391	0.119303
2016-10-27 00:00:00	-0.405455	-0.211753	0.973004	0	-0.0844285	0	0	0	0.00356725	0	0	0	0	0	-0.775123	-0.0580669	0.0690443	0	0	0	0	0	0	0.0878617	-0.00457331	-0.405922
2016-10-28 00:00:00	0	-0.295876	0.807573	0	-0.131776	0	0	0	0.00391219	0	0	0	0	0	-0.381177	-0.0579819	0.0689878	0	0	0	0	0	0	0.0875596	-0.00457821	0.096643
2016-10-29 00:00:00	-0.589091	-0.0795871	0.807454	0	-0.0144869	0	0	0	7.50196E-05	0	0	0	0	0	-0.207587	-0.0579717	0.0687609	0	0	0	0	0	0	0.087301	-0.00425251	0.0106147
2016-10-30 00:00:00	-0.00545455	-0.282949	0.770343	0	-0.123696	0	0	0	0.00285253	0	0	0	0	0	-0.340714	-0.0579195	0.0687353	0	0	0	0	0	0	0.0871583	-0.0044935	0.113863
2016-10-31 00:00:00	-4.78909	2.88711	0.824804	0	0.244272	0	0	0	0.00755613	0	0	0	0	0	0.525377	-0.0578796	0.0687003	0	0	0	0	0	0	0.0870069	-0.004789	-0.206937
2016-11-01 00:00:00	-0.994546	0.13435	0.598699	0	0.0448594	0	0.000228331	0	0.0245639	0	0	0	0	0	0.0202113	-0.0578554	0.0686636	0	0	0	0	0	0	0.0868307	-0.00570882	-0.079704
2016-11-02 00:00:00	-0.00545454	-0.505945	0.552508	0	-0.00738154	0	0.000217143	0	0.0169579	0	0	0	0	0	-0.261323	-0.057815	0.0686347	0	0	0	0	0	0	0.0867684	-0.00537603	-0.118209
2016-11-03 00:00:00	-2.37818	0.930068	0.588073	0	0.197474	0	0.000428784	0	0.0136408	0	0	0	0	0	0.309759	-0.0577873	0.0686472	0	0	0	0	0	0	0.0866189	-0.00513458	-0.246394
2016-11-04 00:00:00	-0.838182	0.072668	0.548656	0	0.0331656	0	0.000779132	0	0.0201891	0	0	0	0	0	0.023537	-0.0577465	0.068645	0	0	0	0	0	0	0.0864929	-0.00543997	-0.0472362
2016-11-05 00:00:00	0	-0.524309	0.570064	0	-0.0110694	0	0.000360381	0	0.0155439	0	0	0	0	0	-0.313819	-0.0577111	0.0685643	0	0	0	0	0	0	0.0863119	-0.0053013	-0.171365
2016-11-06 00:00:00	-0.416364	-0.150405	0.581112	0	0.000812634	0	0.000297255	0	0.0111893	0	0	0	0	0	-0.166106	-0.057687	0.0684568	0	0	0	0	0	0	0.0862427	-0.0050414	-0.0474925
2016-11-07 00:00:00	0	-0.47386	0.536566	0	-0.0102716	0	0.00025419	0	0.00979727	0	0	0	0	0	-0.151206	-0.0576593	0.068424	0	0	0	0	0	0	0.0861302	-0.00496842	0.00320718
2016-11-08 00:00:00	-0.816364	0.301917	0.481341	0	-4.35856E-05	0	0.000305228	0	0.00920982	0	0	0	0	0	-0.222213	-0.0575634	0.0683741	0	0	0	0	0	0	0.0860757	-0.00494212	-0.153903
2016-11-09 00:00:00	-1.40545	0.767419	0.470242	0	0.0246429	0	0.00114846	0	0.00854806	0	0	0	0	0	0.00394812	-0.0575909	0.0683108	0	0	0	0	0	0	0.0856907	-0.00479768	-0.0378925
2016-11-10 00:00:00	-5.73454	1.26943	0.453332	0	0.476955	0	0.119749	0	0.0962206	0	0	0	0	0	2.32744	-0.0575964	0.0683334	0	0	0	0	0	0	0.0853043	-0.00714263	-0.902521
2016-11-11 00:00:00	-10.6545	-0.00985442	0.470669	0	0.175629	0	0.350416	0	0.647502	0	0	0	0	0	6.35341	-0.0577165	0.0684608	0	0	0	0	0	0	0.0837402	-0.0165144	-2.5888
2016-11-12 00:00:00	-7.43273	-0.0101045	0.529692	0	-0.0144018	-0.00245039	0.244729	0	0.577521	0	0	0	0	0	3.80162	-0.0578739	0.068639	0	0	0	0	0	0	0.0854864	-0.0159335	-2.22581
2016-11-13 00:00:00	-7	-0.00571356	0.44357	0	0.0346911	-0.00553908	0.232586	0	0.510563	0	0	0	0	0	3.60767	-0.0580268	0.0688014	0	0	0	0	0	0	0.0879534	-0.0150065	-2.09845
2016-11-14 00:00:00	-1.00545	-0.00856201	0.62776	0	-0.220102	-0.00103006	0.0261251	0	0.226951	0	0	0	0	0	-0.396258	-0.0581148	0.0688758	0	0	0	0	0	0	0.0921499	-0.010605	-0.658264
2016-11-15 00:00:00	-0.989091	-0.0183338	0.582215	0	-0.0359371	-0.000327048	0.0171806	0	0.07458	0	0	0	0	0	-0.0403774	-0.0581165	0.0688673	0	0	0	0	0	0	0.0940555	-0.00758311	-0.312867
2016-11-16 00:00:00	-11.4164	0.00149398	0.484429	0	0.420783	-0.00813193	0.379983	0	0.598925	0	0	0	0	0	6.51988	-0.058281	0.0689956	0	0	0	0	0	0	0.0933061	-0.0157249	-2.93071
2016-11-17 00:00:00	-11.1564	-0.00884148	0.419686	0	0.059444	-0.00909573	0.38737	0	0.890932	0	0	0	0	0	5.68591	-0.0585335	0.0691581	0	0	0	0	0	0	0.0931361	-0.0208933	-3.64809
2016-11-18 00:00:00	-0.794545	-0.0110282	0.379111	0	-0.357197	-0.00137092	0.0324179	0	0.338759	0	0	0	0	0	-0.723253	-0.0588745	0.0691971	0	0	0	0	0	0	0.0962283	-0.0125395	-1.0431
2016-11-19 00:00:00	0	-0.319853	0.337802	0	-0.0403272	-0.000127612	0.00600342	0	0.0793799	0	0	0	0	0	-0.537461	-0.0590096	0.0691718	0	0	0	0	0	0	0.097828	-0.00783183	-0.374425
2016-11-20 00:00:00	-0.194545	-0.075266	0.280086	0	-0.00796131	-1.79259E-05	0.00308592	0	0.047895	0	0	0	0	0	-0.358588	-0.0590198	0.0691681	0	0	0	0	0	0	0.0982228	-0.00689445	-0.203834
2016-11-21 00:00:00	-10.5164	0.378175	0.262766	0	0.536927	-0.00685946	0.378251	0	0.504303	0	0	0	0	0	5.64106	-0.0592672	0.0693028	0	0	0	0	0	0	0.0968468	-0.0141027	-2.72896
2016-11-22 00:00:00	-18.6691	-0.0083056	0.360422	0	0.361929	-0.0186731	0.800196	0	1.45397	0	0	0	0	0	9.58552	-0.0599606	0.0700542	0	0	0	0	0	0	0.0954715	-0.0263764	-6.05485
2016-11-23 00:00:00	-0.2	-0.0930835	0.290567	0	-0.632909	-0.00429229	0.0492654	0	0.455444	0	0	0	0	0	-1.55298	-0.0603824	0.0711558	0	0	0	0	0	0	0.10261	-0.0140607	-1.58867
2016-11-24 00:00:00	0	-0.217534	0.231268	0	-0.00180842	-0.00148247	0.0171684	0	0.0791906	0	0	0	0	0	-0.644246	-0.0604471	0.0716486	0	0	0	0	0	0	0.106426	-0.00787661	-0.427693
2016-11-25 00:00:00	-0.389091	0.148576	0.241383	0	-0.0392302	-0.000685723	0.00909419	0	0.0595578	0	0	0	0	0	-0.436041	-0.0605021	0.0716645	0	0	0	0	0	0	0.106949	-0.0073387	-0.295664
2016-11-26 00:00:00	-0.2	-0.0655453	0.266151	0	0.00862521	-0.000624185	0.00858763	0	0.0438581	0	0	0	0	0	-0.318786	-0.0605252	0.0716598	0	0	0	0	0	0	0.107255	-0.00688726	-0.146231
2016-11-27 00:00:00	-0.589091	0.16035	0.335856	0	0.0332532	-0.000939382	0.00864357	0	0.0382975	0	0	0	0	0	-0.194146	-0.0605368	0.0716389	0	0	0	0	0	0	0.107569	-0.0066724	-0.0957778
2016-11-28 00:00:00	-0.2	-0.0687857	0.262905	0	-0.0219186	-0.000601775	0.00537717	0	0.0372661	0	0	0	0	0	-0.183541	-0.0604975	0.0716277	0	0	0	0	0	0	0.108088	-0.00662363	-0.0567045
2016-11-29 00:00:00	0	-0.30482	0.330098	0	-0.0281567	-0.00017385	0.00254089	0	0.0296495	0	0	0	0	0	-0.201443	-0.06049	0.0716035	0	0	0	0	0	0	0.108345	-0.00635623	-0.0592024
2016-11-30 00:00:00	-0.194545	-0.158877	0.375749	0	-0.00907396	-1.27576E-05	0.00165397	0	0.0208111	0	0	0	0	0	-0.163012	-0.0604786	0.0715798	0	0	0	0	0	0	0.108421	-0.0060152	-0.0137995
2016-12-01 00:00:00	0	-0.36323	0.41424	0	-0.0117605	-4.82118E-06	0.0012185	0	0.0169266	0	0	0	0	0	-0.159358	-0.0604695	0.0715584	0	0	0	0	0	0	0.108434	-0.00586033	0.0116938
2016-12-02 00:00:00	-0.00545455	-0.233716	0.270544	0	-0.0134772	0	0.0013125	0	0.0156875	0	0	0	0	0	-0.132545	-0.060456	0.0715313	0	0	0	0	0	0	0.108411	-0.00579936	0.0160379
2016-12-03 00:00:00	-0.4	0.143335	0.255445	0	-0.00295834	0	0.00122524	0	0.0146466	0	0	0	0	0	-0.121802	-0.0604371	0.0714954	0	0	0	0	0	0	0.108361	-0.00573525	0.003575
2016-12-04 00:00:00	0	-0.214176	0.222501	0	-0.00147439	0	0.000987991	0	0.01434	0	0	0	0	0	-0.123199	-0.0604226	0.0714671	0	0	0	0	0	0	0.108286	-0.00574848	0.0125624
2016-12-05 00:00:00	-0.2	0.0234475	0.176512	0	-0.00298897	0	0.000994945	0	0.0146375	0	0	0	0	0	-0.0698921	-0.0604037	0.0714316	0	0	0	0	0	0	0.108181	-0.00574884	0.0561715
2016-12-06 00:00:00	-4.78364	1.11356	0.453199	0	0.36303	-0.0035278	0.109453	0	0.0868194	0	0	0	0	0	1.64287	-0.0604001	0.0714849	0	0	0	0	0	0	0.107837	-0.00734203	-0.906647
2016-12-07 00:00:00	-0.194545	-0.224529	0.423172	0	-0.238027	-0.00135457	0.00977469	0	0.161948	0	0	0	0	0	-0.127375	-0.0604206	0.0714892	0	0	0	0	0	0	0.10744	-0.00956443	-0.0819918
2016-12-08 00:00:00	0	-0.329868	0.376488	0	-0.0249652	-7.32855E-05	0.00101835	0	0.0353082	0	0	0	0	0	-0.172976	-0.0604004	0.0714579	0	0	0	0	0	0	0.108347	-0.0066245	-0.00228748
2016-12-09 00:00:00	-0.605455	0.20383	0.394416	0	-0.0166768	-2.85972E-05	0.00151124	0	0.0236118	0	0	0	0	0	-0.223782	-0.0603604	0.0713021	0	0	0	0	0	0	0.108529	-0.00611539	-0.109217
2016-12-10 00:00:00	-0.594545	0.193563	0.370577	0	0.0113671	-9.05105E-06	0.0013531	0	0.0203764	0	0	0	0	0	-0.0260542	-0.0603402	0.0713075	0	0	0	0	0	0	0.108522	-0.00600551	0.0901115
2016-12-11 00:00:00	-1.38909	0.114996	0.326018	0	0.117855	-0.00164394	0.0343945	0	0.0341338	0	0	0	0	0	0.469806	-0.0603242	0.0712854	0	0	0	0	0	0	0.108427	-0.00628587	-0.180429
2016-12-12 00:00:00	-0.210909	-0.0911773	0.291022	0	-0.0755016	-0.00138268	0.00588668	0	0.0598337	0	0	0	0	0	-0.0212953	-0.0602835	0.07125	0	0	0	0	0	0	0.10842	-0.00734509	0.0685178
2016-12-13 00:00:00	-1.18909	0.0760827	0.265068	0	0.0917348	-0.00269085	0.0312758	0	0.0436766	0	0	0	0	0	0.365295	-0.0602785	0.0712317	0	0	0	0	0	0	0.108553	-0.00670778	-0.205851
2016-12-14 00:00:00	-1.17818	-0.00802613	0.339655	0	0.0273072	-0.00254152	0.033136	0	0.0753455	0	0	0	0	0	0.450763	-0.0602641	0.0712141	0	0	0	0	0	0	0.108426	-0.00764052	-0.150807
2016-12-15 00:00:00	-0.194545	-0.150781	0.337135	0	-0.079128	-0.00106005	0.0042202	0	0.063193	0	0	0	0	0	-0.2213	-0.0602424	0.0711899	0	0	0	0	0	0	0.10858	-0.00748093	-0.13022
2016-12-16 00:00:00	-0.610909	0.12897	0.300224	0	0.00411106	-0.00109072	0.00834025	0	0.0300983	0	0	0	0	0	-0.0231021	-0.0602846	0.0711847	0	0	0	0	0	0	0.109023	-0.00629156	-0.0497268
2016-12-17 00:00:00	-0.4	-0.00691634	0.259018	0	0.0011843	-0.00124426	0.00848934	0	0.0330045	0	0	0	0	0	0.0543032	-0.0603314	0.0711477	0	0	0	0	0	0	0.109041	-0.00648117	0.0612149
2016-12-18 00:00:00	-1.19455	-0.00774487	0.192329	0	0.091412	-0.00325616	0.0375635	0	0.0433526	0	0	0	0	0	0.481577	-0.0603216	0.0711168	0	0	0	0	0	0	0.109149	-0.00661338	-0.245982
2016-12-19 00:00:00	0	-0.3143	0.33165	0	-0.0884998	-0.00140426	0.00490702	0	0.062406	0	0	0	0	0	-0.101703	-0.0603056	0.0711038	0	0	0	0	0	0	0.109397	-0.00743299	0.00581849
2016-12-20 00:00:00	-2.39182	0.297243	0.338599	0	0.19128	-0.00524968	0.0639565	0	0.0605696	0	0	0	0	0	0.903394	-0.0603078	0.0711035	0	0	0	0	0	0	0.109922	-0.00710465	-0.428412
2016-12-21 00:00:00	-0.997273	-0.00800739	0.343709	0	-0.0504536	-0.00370411	0.0314972	0	0.110677	0	0	0	0	0	0.223119	-0.0603102	0.0710967	0	0	0	0	0	0	0.110093	-0.00853605	-0.238092
2016-12-22 00:00:00	-7.57	-0.012685	0.348728	0	0.459128	-0.025389	0.279339	0	0.419112	0	0	0	0	0	4.24852	-0.0603483	0.0712235	0	0	0	0	0	0	0.109833	-0.0130824	-1.74562
2016-12-23 00:00:00	-17.9291	-0.00557816	0.357388	0	0.650019	-0.102598	0.731738	0	1.57224	0	0	0	0	0	9.29644	-0.0603862	0.0717224	0	0	0	0	0	0	0.113032	-0.0265164	-5.3316
2016-12-24 00:00:00	-16.7927	-0.0109288	0.300894	0	0.181348	-0.118158	0.716849	0	2.05783	0	0	0	0	0	7.84795	-0.0604693	0.0727111	0	0	0	0	0	0	0.123253	-0.0303402	-5.71179
2016-12-25 00:00:00	-7.23818	-0.00923153	0.339377	0	-0.275507	-0.0792857	0.367164	0	1.18844	0	0	0	0	0	2.55324	-0.0610597	0.0732117	0	0	0	0	0	0	0.139868	-0.0223076	-3.02427
2016-12-26 00:00:00	-7.03818	-0.00646335	0.268883	0	0.195964	-0.0768262	0.364585	0	1.13118	0	0	0	0	0	2.58853	-0.0619078	0.0733573	0	0	0	0	0	0	0.150752	-0.0206014	-2.43073
2016-12-27 00:00:00	0	-0.278509	0.291525	0	-0.429298	-0.023607	0.0462767	0	0.49564	0	0	0	0	0	-0.82042	-0.0624122	0.0732815	0	0	0	0	0	0	0.158905	-0.0136615	-0.56228
2016-12-28 00:00:00	0	-0.226253	0.259137	0	-0.0811495	-0.0127646	0.0181262	0	0.208091	0	0	0	0	0	-0.586767	-0.0627089	0.0730804	0	0	0	0	0	0	0.165633	-0.00941062	-0.254986
2016-12-29 00:00:00	0	-0.282674	0.323824	0	-0.0890828	-0.00827462	0.0112322	0	0.144809	0	0	0	0	0	-0.45428	-0.0627579	0.0730563	0	0	0	0	0	0	0.16766	-0.0085085	-0.184997
2016-12-30 00:00:00	0	-0.310352	0.355607	0	-0.0223247	-0.00609014	0.00776964	0	0.103065	0	0	0	0	0	-0.233091	-0.0627654	0.0730493	0	0	0	0	0	0	0.169068	-0.00789649	0.06604
2016-12-31 00:00:00	-4.20545	1.05614	0.351867	0	0.396689	-0.0247864	0.126453	0	0.258836	0	0	0	0	0	1.25832	-0.0628141	0.0730695	0	0	0	0	0	0	0.169912	-0.00943531	-0.61121
2017-01-01 00:00:00	-0.432727	-0.0121249	0.246941	0	-0.316895	-0.0111893	0.0328235	0	0.297162	0	0	0	0	0	-0.0741862	-0.0627981	0.0730727	0	0	0	0	0	0	0.170648	-0.0109103	-0.100184
2017-01-02 00:00:00	-0.00545454	-0.206488	0.215217	0	-0.0261035	-0.0051042	0.00834107	0	0.101588	0	0	0	0	0	-0.148642	-0.0628324	0.0730106	0	0	0	0	0	0	0.172166	-0.00827037	0.107427
2017-01-03 00:00:00	-0.194545	-0.114826	0.325407	0	-0.0898227	-0.00488711	0.00646612	0	0.0830763	0	0	0	0	0	-0.0955838	-0.0628238	0.0730159	0	0	0	0	0	0	0.172737	-0.00764768	0.0905657
2017-01-04 00:00:00	0	-0.244932	0.280966	0	-0.0546474	-0.00271057	0.0033089	0	0.0624842	0	0	0	0	0	-0.187231	-0.0628074	0.0729989	0	0	0	0	0	0	0.172771	-0.00732467	0.0328762
2017-01-05 00:00:00	-0.00545455	-0.179341	0.209771	0	-0.0241576	-0.0031303	0.00381365	0	0.0529954	0	0	0	0	0	-0.0904456	-0.0627937	0.0729855	0	0	0	0	0	0	0.172819	-0.00711887	0.139942
2017-01-06 00:00:00	-0.2	-0.124803	0.343015	0	-0.0389551	-0.00208447	0.00234347	0	0.0471119	0	0	0	0	0	-0.0110099	-0.0627789	0.0729591	0	0	0	0	0	0	0.173296	-0.00701158	0.192082
2017-01-07 00:00:00	-0.8	0.436821	0.325104	0	-0.00611952	-0.00244863	0.00314665	0	0.0409323	0	0	0	0	0	0.00683518	-0.0627439	0.0729308	0	0	0	0	0	0	0.173435	-0.00686956	0.181024
2017-01-08 00:00:00	0	-0.304411	0.321953	0	-0.0309333	-0.00213287	0.00229558	0	0.043808	0	0	0	0	0	-0.0152319	-0.0627337	0.0729021	0	0	0	0	0	0	0.173211	-0.00698403	0.191743
2017-01-09 00:00:00	-15.7618	0.672645	0.326195	0	1.51952	-0.0979592	0.647981	0	1.84868	0	0	0	0	0	7.52103	-0.0632518	0.0730593	0	0	0	0	0	0	0.169324	-0.0216592	-3.16625
2017-01-10 00:00:00	-0.405455	-0.0148462	0.357763	0	-0.864111	-0.020072	0.0504353	0	0.811268	0	0	0	0	0	-0.227087	-0.0639555	0.0729773	0	0	0	0	0	0	0.181243	-0.0159171	-0.137756
2017-01-11 00:00:00	-3.63273	-0.00235347	0.312666	0	0.295866	-0.039471	0.172898	0	0.55731	0	0	0	0	0	1.43307	-0.0643004	0.0730044	0	0	0	0	0	0	0.188479	-0.0119701	-0.717531
2017-01-12 00:00:00	-1.17273	-0.0129135	0.253847	0	-0.233212	-0.0165572	0.0579428	0	0.45446	0	0	0	0	0	0.214181	-0.0645846	0.0733864	0	0	0	0	0	0	0.193491	-0.0120291	-0.264715
2017-01-13 00:00:00	-2.57273	-0.00126152	0.239794	0	0.250351	-0.0309776	0.113541	0	0.493736	0	0	0	0	0	0.896213	-0.0647044	0.0735614	0	0	0	0	0	0	0.195943	-0.0116435	-0.418175
2017-01-14 00:00:00	-3.94545	-0.0115333	0.269318	0	0.122598	-0.0473862	0.173132	0	0.94357	0	0	0	0	0	1.66924	-0.0648977	0.0735514	0	0	0	0	0	0	0.196067	-0.0144308	-0.636223
2017-01-15 00:00:00	-10.4182	-0.00949399	0.333104	0	0.573108	-0.148591	0.559694	0	2.40101	0	0	0	0	0	4.94792	-0.0652825	0.0738853	0	0	0	0	0	0	0.195324	-0.023992	-1.5815
2017-01-16 00:00:00	-1	-0.00957242	0.362618	0	-0.632105	-0.0416769	0.0870149	0	0.997504	0	0	0	0	0	-0.182462	-0.0655763	0.0742531	0	0	0	0	0	0	0.206748	-0.0162455	-0.2195
2017-01-17 00:00:00	-0.4	-0.0199245	0.379299	0	-0.166656	-0.0177432	0.0278145	0	0.326101	0	0	0	0	0	-0.476599	-0.0655456	0.0743336	0	0	0	0	0	0	0.2132	-0.0103935	-0.136114
2017-01-18 00:00:00	-0.405455	-0.0195175	0.388539	0	-0.107845	-0.0121604	0.0199116	0	0.21928	0	0	0	0	0	-0.279525	-0.0655399	0.0743505	0	0	0	0	0	0	0.214891	-0.00957005	0.0173598
2017-01-19 00:00:00	-0.00545455	-0.365985	0.39921	0	-0.0217371	-0.00425043	0.00601808	0	0.138236	0	0	0	0	0	-0.159181	-0.0655212	0.0743143	0	0	0	0	0	0	0.21561	-0.00870145	0.202556
2017-01-20 00:00:00	-0.194545	-0.117643	0.331975	0	-0.157957	-0.00811073	0.0115109	0	0.099369	0	0	0	0	0	-0.192365	-0.065521	0.0743242	0	0	0	0	0	0	0.215144	-0.00801983	-0.0118391
2017-01-21 00:00:00	-0.00545455	-0.215688	0.25246	0	-0.0684614	-0.00474271	0.00628785	0	0.0801032	0	0	0	0	0	-0.0665669	-0.0654998	0.0743033	0	0	0	0	0	0	0.215001	-0.00791995	0.193822
2017-01-22 00:00:00	-1.20545	0.673369	0.272211	0	0.0361148	-0.00655132	0.0177421	0	0.0769626	0	0	0	0	0	0.0394215	-0.0654727	0.0742838	0	0	0	0	0	0	0.214723	-0.00783249	0.119517
2017-01-23 00:00:00	0	-0.313676	0.333963	0	-0.0813538	-0.00388148	0.00809394	0	0.0803397	0	0	0	0	0	-0.110467	-0.0654604	0.0742635	0	0	0	0	0	0	0.214564	-0.00799787	0.128388
2017-01-24 00:00:00	0	-0.411739	0.474442	0	-0.077523	-0.00267368	0.0027851	0	0.0620506	0	0	0	0	0	-0.0378774	-0.0654495	0.0742278	0	0	0	0	0	0	0.214224	-0.00768167	0.224784
2017-01-25 00:00:00	0	-0.415389	0.478706	0	-0.0588964	-0.00244953	0.00248005	0	0.0470526	0	0	0	0	0	-0.106884	-0.0654335	0.0740724	0	0	0	0	0	0	0.213996	-0.00728538	0.15997
2017-01-26 00:00:00	0	-0.299051	0.358397	0	-0.0294313	-0.00183506	0.00201532	0	0.0436334	0	0	0	0	0	-0.0113777	-0.0653825	0.0740648	0	0	0	0	0	0	0.213588	-0.00720134	0.277421
2017-01-27 00:00:00	0	-0.140108	0.333152	0	-0.113694	-0.00151962	0.0014596	0	0.0362944	0	0	0	0	0	-0.082325	-0.0653351	0.0740329	0	0	0	0	0	0	0.213311	-0.00711921	0.248149
2017-01-28 00:00:00	-8.42182	1.57178	0.369456	0	1.20281	-0.0514403	0.283523	0	0.667158	0	0	0	0	0	3.01825	-0.065492	0.0741006	0	0	0	0	0	0	0.211791	-0.0124314	-1.15231
2017-01-29 00:00:00	0	-0.318911	0.341678	0	-0.653903	-0.0141379	0.0278082	0	0.580459	0	0	0	0	0	-0.240784	-0.0657594	0.074176	0	0	0	0	0	0	0.213521	-0.0136093	-0.0694627
2017-01-30 00:00:00	-0.2	-0.142393	0.364999	0	0.0519491	-0.00306773	0.00383896	0	0.12822	0	0	0	0	0	-0.0647746	-0.0658531	0.0740718	0	0	0	0	0	0	0.216861	-0.00862746	0.355223
2017-01-31 00:00:00	-1.19455	0.441679	0.471377	0	-0.0996833	-0.0116745	0.0253394	0	0.104649	0	0	0	0	0	-0.0899464	-0.065745	0.0741303	0	0	0	0	0	0	0.216665	-0.00809992	-0.135855
2017-02-01 00:00:00	-0.389091	-0.059804	0.429127	0	-0.131357	-0.00423709	0.00847898	0	0.112789	0	0	0	0	0	-0.0441061	-0.0657256	0.0741121	0	0	0	0	0	0	0.217226	-0.00854004	0.138873
2017-02-02 00:00:00	-1.10273	0.0410106	0.604549	0	0.0779653	-0.00730353	0.0262294	0	0.0887413	0	0	0	0	0	0.0946601	-0.0657078	0.0740319	0	0	0	0	0	0	0.217104	-0.0080107	0.0405429
2017-02-03 00:00:00	-9.18909	-0.00275356	0.570553	0	1.0216	-0.113954	0.416012	0	1.50114	0	0	0	0	0	4.06564	-0.0658127	0.0741477	0	0	0	0	0	0	0.213255	-0.0180384	-1.52731
2017-02-04 00:00:00	-3.62182	-0.00368758	0.505687	0	-0.234347	-0.073025	0.194028	0	1.27731	0	0	0	0	0	1.21742	-0.0656718	0.0742879	0	0	0	0	0	0	0.217971	-0.0177686	-0.529614
2017-02-05 00:00:00	-0.2	-0.203418	0.411769	0	-0.409807	-0.0221886	0.0293034	0	0.528186	0	0	0	0	0	-0.335724	-0.0656165	0.0744377	0	0	0	0	0	0	0.227225	-0.0124644	0.0217033
2017-02-06 00:00:00	-1.21091	0.192113	0.433975	0	-0.00126968	-0.0192543	0.0437332	0	0.250477	0	0	0	0	0	-0.0174874	-0.0657995	0.0742704	0	0	0	0	0	0	0.233017	-0.00953356	-0.0966679
2017-02-07 00:00:00	-5.41636	-0.00747255	0.49779	0	0.588165	-0.0897369	0.261301	0	1.1035	0	0	0	0	0	2.11074	-0.065727	0.0744841	0	0	0	0	0	0	0.230806	-0.0152068	-0.727724
2017-02-08 00:00:00	0	-0.426529	0.470044	0	-0.576801	-0.0214132	0.0286847	0	0.626146	0	0	0	0	0	-0.25793	-0.0658052	0.0745754	0	0	0	0	0	0	0.236059	-0.0137487	0.0732817
2017-02-09 00:00:00	0	-0.405848	0.468866	0	-0.114448	-0.0102119	0.0107251	0	0.165902	0	0	0	0	0	-0.271595	-0.0658083	0.0743753	0	0	0	0	0	0	0.24051	-0.00898811	0.0834797
2017-02-10 00:00:00	-0.00545455	-0.399137	0.466022	0	-0.080128	-0.00603544	0.00683343	0	0.108296	0	0	0	0	0	-0.215787	-0.0657998	0.0743631	0	0	0	0	0	0	0.240582	-0.00839188	0.115364
2017-02-11 00:00:00	-9.12182	1.21622	0.302876	0	1.12357	-0.159076	0.477232	0	1.41286	0	0	0	0	0	3.44813	-0.0658332	0.0746484	0	0	0	0	0	0	0.236586	-0.0166192	-1.07122
2017-02-12 00:00:00	-0.832727	-0.00451012	0.292152	0	-0.668827	-0.046122	0.089367	0	0.984695	0	0	0	0	0	-0.205422	-0.0663317	0.0745616	0	0	0	0	0	0	0.243628	-0.0165063	-0.156043
2017-02-13 00:00:00	0	-0.314503	0.340717	0	-0.259403	-0.0168396	0.024102	0	0.273783	0	0	0	0	0	-0.330721	-0.066442	0.074506	0	0	0	0	0	0	0.250397	-0.0102088	-0.0346122
2017-02-14 00:00:00	0	-0.294767	0.34075	0	-0.096923	-0.00889103	0.0114551	0	0.133307	0	0	0	0	0	-0.148652	-0.066433	0.074519	0	0	0	0	0	0	0.2525	-0.00876039	0.188105
2017-02-15 00:00:00	-0.4	0.0979365	0.301521	0	-0.104719	-0.00869419	0.0120193	0	0.120034	0	0	0	0	0	-0.141785	-0.0664293	0.0746167	0	0	0	0	0	0	0.252004	-0.00856063	0.127944
2017-02-16 00:00:00	-1.01091	0.44367	0.347483	0	0.0308486	-0.00998618	0.0215473	0	0.0902703	0	0	0	0	0	-0.0367263	-0.0664206	0.0746149	0	0	0	0	0	0	0.251398	-0.00828089	0.127508
2017-02-17 00:00:00	-0.2	-0.170501	0.376234	0	-0.0764042	-0.0066656	0.0112991	0	0.093657	0	0	0	0	0	-0.0444143	-0.0664096	0.0746336	0	0	0	0	0	0	0.251092	-0.00835644	0.234165
2017-02-18 00:00:00	-3.41091	0.198972	0.38515	0	0.504366	-0.0389581	0.144352	0	0.380008	0	0	0	0	0	1.1701	-0.0664077	0.0746904	0	0	0	0	0	0	0.250117	-0.0103718	-0.418896
2017-02-19 00:00:00	-1.98909	-0.0106581	0.520231	0	-0.0321288	-0.034849	0.0898187	0	0.557334	0	0	0	0	0	0.503131	-0.0664033	0.0748262	0	0	0	0	0	0	0.25007	-0.0125057	-0.150225
2017-02-20 00:00:00	-2.20545	-0.00470687	0.572178	0	0.0629648	-0.0374527	0.0981642	0	0.537133	0	0	0	0	0	0.589231	-0.0664369	0.0748543	0	0	0	0	0	0	0.251329	-0.012023	-0.140221
2017-02-21 00:00:00	-3.8	-0.00832264	0.681626	0	0.233417	-0.0665082	0.175626	0	0.888607	0	0	0	0	0	1.29186	-0.066478	0.0749948	0	0	0	0	0	0	0.251591	-0.0140056	-0.357595
2017-02-22 00:00:00	-0.605455	-0.138535	0.746389	0	-0.446212	-0.0184012	0.025482	0	0.493002	0	0	0	0	0	-0.181592	-0.0664666	0.0749764	0	0	0	0	0	0	0.255077	-0.0123622	0.125902
2017-02-23 00:00:00	-19.3036	0.142147	0.62853	0	1.76277	-0.433198	1.05714	0	5.30857	0	0	0	0	0	8.14145	-0.0666644	0.0752919	0	0	0	0	0	0	0.246727	-0.0328122	-2.47369
2017-02-24 00:00:00	-1.82727	-0.0130481	0.675549	0	-1.19539	-0.108747	0.163436	0	2.10522	0	0	0	0	0	-0.436423	-0.0668021	0.0760235	0	0	0	0	0	0	0.261369	-0.0225172	-0.388606
2017-02-25 00:00:00	-11.6164	0.00845735	0.838311	0	1.1192	-0.327408	0.677299	0	3.83792	0	0	0	0	0	4.113	-0.0668951	0.0763612	0	0	0	0	0	0	0.261908	-0.0281884	-1.10639
2017-02-26 00:00:00	-4.95636	-0.0164197	0.823187	0	-0.590913	-0.170003	0.297538	0	2.81161	0	0	0	0	0	0.867504	-0.0672961	0.0763141	0	0	0	0	0	0	0.269988	-0.0255766	-0.68043
2017-02-27 00:00:00	-2.01091	-0.000317723	0.710672	0	-0.322065	-0.0954706	0.13762	0	1.41016	0	0	0	0	0	-0.24937	-0.0674486	0.0765091	0	0	0	0	0	0	0.277416	-0.0177024	-0.150913
2017-02-28 00:00:00	-10.3909	-0.00216616	0.61158	0	0.805097	-0.327642	0.685269	0	3.82299	0	0	0	0	0	3.49371	-0.0675633	0.0766656	0	0	0	0	0	0	0.272379	-0.0277904	-1.04837
2017-03-01 00:00:00	-0.314545	-0.358916	0.608356	0	-0.835353	-0.101476	0.140128	0	1.51988	0	0	0	0	0	-0.787718	-0.0676477	0.0769864	0	0	0	0	0	0	0.279965	-0.0191045	0.140553
2017-03-02 00:00:00	-1.26	0.321721	0.68846	0	-0.143094	-0.0572141	0.0845787	0	0.541686	0	0	0	0	0	-0.486486	-0.0676924	0.0770946	0	0	0	0	0	0	0.285707	-0.0117322	-0.0269722
2017-03-03 00:00:00	-1.82182	0.0237968	0.736187	0	0.0766163	-0.0568791	0.102262	0	0.617746	0	0	0	0	0	0.0230272	-0.0677661	0.0771246	0	0	0	0	0	0	0.285711	-0.0120636	-0.016056
2017-03-04 00:00:00	-3.66545	-0.00638317	0.8458	0	0.217294	-0.104317	0.214593	0	1.03613	0	0	0	0	0	0.89276	-0.0678855	0.0773133	0	0	0	0	0	0	0.283609	-0.0142547	-0.29079
2017-03-05 00:00:00	-1.20545	-0.00708756	0.758133	0	-0.392412	-0.0418758	0.0664396	0	0.711387	0	0	0	0	0	-0.133278	-0.0678146	0.0778258	0	0	0	0	0	0	0.285132	-0.0135449	0.0374491
2017-03-06 00:00:00	-2.38909	0.0139097	0.817884	0	0.193307	-0.0564627	0.108475	0	0.604505	0	0	0	0	0	0.328414	-0.0678703	0.0778927	0	0	0	0	0	0	0.286363	-0.0118873	-0.0945612
2017-03-07 00:00:00	-2.8	-0.0203931	0.928504	0	0.0278702	-0.063356	0.126716	0	0.827434	0	0	0	0	0	0.521551	-0.0680223	0.0778507	0	0	0	0	0	0	0.285893	-0.0132062	-0.16916
2017-03-08 00:00:00	-2.39455	0.0150763	0.983163	0	-0.015248	-0.0545298	0.103371	0	0.748021	0	0	0	0	0	0.316835	-0.0681057	0.0779623	0	0	0	0	0	0	0.286139	-0.0130063	-0.0148678
2017-03-09 00:00:00	-4.80545	-0.0186996	1.02616	0	0.323355	-0.112573	0.239117	0	1.38466	0	0	0	0	0	1.35211	-0.0680404	0.0783219	0	0	0	0	0	0	0.284249	-0.0162051	-0.332994
2017-03-10 00:00:00	-0.00545454	-0.900731	1.03264	0	-0.651294	-0.0220154	0.0242249	0	0.639731	0	0	0	0	0	-0.374844	-0.0680606	0.0783813	0	0	0	0	0	0	0.287213	-0.0136166	0.0261725
2017-03-11 00:00:00	-0.989091	-0.182591	1.21479	0	-0.144334	-0.0115492	0.00996127	0	0.203513	0	0	0	0	0	-0.175754	-0.0680514	0.0783963	0	0	0	0	0	0	0.29088	-0.00925313	0.216922
2017-03-12 00:00:00	-0.205455	-0.475937	1.15421	0	-0.457326	-0.00187884	0.00170885	0	0.125106	0	0	0	0	0	-0.234347	-0.0680523	0.0784011	0	0	0	0	0	0	0.290777	-0.00868063	0.19853
2017-03-13 00:00:00	0	-0.486802	1.12762	0	-0.422677	-0.00039871	0.000248409	0	0.0580313	0	0	0	0	0	-0.230014	-0.0680546	0.0783876	0	0	0	0	0	0	0.290092	-0.00794735	0.338485
2017-03-14 00:00:00	-0.8	-0.256353	1.28992	0	-0.07513	-0.00148416	0.00148598	0	0.0459542	0	0	0	0	0	-0.0969037	-0.0681511	0.0783414	0	0	0	0	0	0	0.288929	-0.00766831	0.398939
2017-03-15 00:00:00	0	-0.526776	1.22308	0	-0.479229	-0.0001608	0.000116356	0	0.0442588	0	0	0	0	0	-0.16282	-0.0681315	0.0783041	0	0	0	0	0	0	0.287831	-0.00763401	0.388843
2017-03-16 00:00:00	-1.40545	0.202686	1.19181	0	0.144588	-0.0015069	0.00131945	0	0.0290721	0	0	0	0	0	-0.0637286	-0.0681116	0.0782672	0	0	0	0	0	0	0.28626	-0.00729618	0.387901
2017-03-17 00:00:00	-13.8273	2.61302	1.20043	0	2.57408	-0.164925	0.463706	0	1.65354	0	0	0	0	0	3.7401	-0.0681805	0.0785271	0	0	0	0	0	0	0.281525	-0.0164955	-1.47196
2017-03-18 00:00:00	-5.41091	-0.0182661	1.28386	0	-0.318175	-0.159655	0.30619	0	2.36299	0	0	0	0	0	1.21249	-0.0683506	0.0791727	0	0	0	0	0	0	0.282874	-0.023302	-0.471086
2017-03-19 00:00:00	-7.98909	0.00214785	1.33251	0	0.318689	-0.234313	0.454918	0	3.06789	0	0	0	0	0	2.31923	-0.0684114	0.0793409	0	0	0	0	0	0	0.284346	-0.0250909	-0.45784
2017-03-20 00:00:00	-6.41636	-0.0237772	1.22376	0	-0.127982	-0.212477	0.38691	0	2.83685	0	0	0	0	0	1.58979	-0.0684161	0.0802372	0	0	0	0	0	0	0.287651	-0.0248027	-0.468627
2017-03-21 00:00:00	-6.84364	0.00813937	0.733427	0	0.111308	-0.259185	0.483713	0	3.14749	0	0	0	0	0	1.97006	-0.0685502	0.0807485	0	0	0	0	0	0	0.290128	-0.025966	-0.372318
2017-03-22 00:00:00	-6.07818	-0.00666667	0.699354	0	-0.0597835	-0.278411	0.542356	0	2.97775	0	0	0	0	0	1.56192	-0.0687803	0.0812394	0	0	0	0	0	0	0.294894	-0.0257105	-0.360017
2017-03-23 00:00:00	-5.80182	0.020463	1.06535	0	0.156018	-0.285274	0.535179	0	2.82355	0	0	0	0	0	1.12053	-0.068996	0.081563	0	0	0	0	0	0	0.298257	-0.024812	-0.0799876
2017-03-24 00:00:00	0	-1.15507	1.4885	0	-0.927406	-0.0639636	0.0701878	0	1.02747	0	0	0	0	0	-0.744313	-0.069203	0.0817445	0	0	0	0	0	0	0.306934	-0.015741	-0.000862239
2017-03-25 00:00:00	0	-0.793761	1.83334	0	-0.735119	-0.0072787	0.00605652	0	0.22186	0	0	0	0	0	-0.627659	-0.0692099	0.0816752	0	0	0	0	0	0	0.311027	-0.0101177	0.210817
2017-03-26 00:00:00	0	-0.889843	2.07333	0	-0.706337	-0.00341562	0.00224605	0	0.10942	0	0	0	0	0	-0.480227	-0.0691929	0.0816986	0	0	0	0	0	0	0.309862	-0.00884157	0.418694
2017-03-27 00:00:00	0	-0.87427	2.0222	0	-0.583222	-0.00188081	0.00106173	0	0.0759975	0	0	0	0	0	-0.515626	-0.0692032	0.0816333	0	0	0	0	0	0	0.307804	-0.00828345	0.436207
2017-03-28 00:00:00	-1.4	-0.0375527	1.45818	0	0.170916	-0.00276818	0.0027992	0	0.0567055	0	0	0	0	0	-0.0647071	-0.0691813	0.0816601	0	0	0	0	0	0	0.305183	-0.00787993	0.493358
2017-03-29 00:00:00	-0.405455	-0.616368	1.58006	0	-0.202728	-0.00100389	0.000891704	0	0.0605285	0	0	0	0	0	-0.243619	-0.0691527	0.0816319	0	0	0	0	0	0	0.303113	-0.00802756	0.479872
2017-03-30 00:00:00	-1.99455	0.446004	1.51056	0	0.099271	-0.00222343	0.00268687	0	0.0464274	0	0	0	0	0	-0.0363152	-0.0691344	0.0815892	0	0	0	0	0	0	0.301145	-0.00777021	0.377695
2017-03-31 00:00:00	-1.41636	-0.237999	1.6891	0	-0.0161476	-0.00277243	0.00337948	0	0.0625097	0	0	0	0	0	-0.0295208	-0.0691162	0.0815686	0	0	0	0	0	0	0.299106	-0.00809935	0.355645
2017-04-01 00:00:00	-0.394545	-0.895505	1.64413	0	-0.142506	-0.000499918	0.000913079	0	0.0493116	0	0	0	0	0	-0.133593	-0.0690949	0.0815101	0	0	0	0	0	0	0.296923	-0.00787388	0.429165
2017-04-02 00:00:00	0	-0.636581	1.44835	0	-0.184151	-4.67269E-05	1.20081E-05	0	0.0277875	0	0	0	0	0	-0.194142	-0.0690523	0.0814413	0	0	0	0	0	0	0.292194	-0.00740997	0.758403
2017-04-03 00:00:00	-0.194545	-0.143273	1.48792	0	-0.349739	-1.026E-05	1.84964E-06	0	0.019491	0	0	0	0	0	-0.432732	-0.0690069	0.0813633	0	0	0	0	0	0	0.290093	-0.00721767	0.682347
2017-04-04 00:00:00	-0.216364	0	1.60345	0	-0.260409	0	0	0	0.00363036	0	0	0	0	0	-0.527069	-0.0689445	0.0812651	0	0	0	0	0	0	0.288075	-0.00690189	0.896727
2017-04-05 00:00:00	0	0	1.53913	0	-0.360217	0	0	0	0.000128266	0	0	0	0	0	-0.526487	-0.0689051	0.0812363	0	0	0	0	0	0	0.283141	-0.00676022	0.941263
2017-04-06 00:00:00	0	0	1.49458	0	-0.135745	0	0	0	0	0	0	0	0	0	-0.592431	-0.0687871	0.0811109	0	0	0	0	0	0	0.279869	-0.00673296	1.05186
2017-04-07 00:00:00	-0.594545	0	1.63743	0	-0.211977	0	0	0	0	0	0	0	0	0	-0.483461	-0.068705	0.0810244	0	0	0	0	0	0	0.269397	-0.00667605	0.622483
2017-04-08 00:00:00	0	0	1.78182	0	-0.118339	0	0	0	0	0	0	0	0	0	-0.792171	-0.0686014	0.0809453	0	0	0	0	0	0	0.263523	-0.00660678	1.14057
2017-04-09 00:00:00	-0.00545454	0	1.63213	0	0.0662978	0	0	0	0	0	0	0	0	0	-0.51465	-0.0684959	0.0808495	0	0	0	0	0	0	0.255581	-0.00657464	1.43969
2017-04-10 00:00:00	-0.4	0	1.57169	0	-0.0135417	0	0	0	0	0	0	0	0	0	-0.350024	-0.0683433	0.0807724	0	0	0	0	0	0	0.246048	-0.00653053	1.06007
2017-04-11 00:00:00	-1.60545	0.00339732	1.86175	0	0.0828629	0	0	0	0.000493414	0	0	0	0	0	-0.186597	-0.068315	0.080697	0	0	0	0	0	0	0.238687	-0.00642511	0.401099
2017-04-12 00:00:00	-1.97818	0.20419	1.83893	0	0.0604786	0	0	0	0.00109117	0	0	0	0	0	-0.112637	-0.0682768	0.0806293	0	0	0	0	0	0	0.231113	-0.0062895	0.25105
2017-04-13 00:00:00	-0.983636	-0.207587	1.67967	0	-0.0315639	0	0	0	0.00102653	0	0	0	0	0	-0.225892	-0.0682098	0.0805348	0	0	0	0	0	0	0.225209	-0.00622541	0.463328
2017-04-14 00:00:00	-2.80545	0.745648	1.83782	0	0.219523	0	0	0	0.00144881	0	0	0	0	0	-0.0371455	-0.0682066	0.0804901	0	0	0	0	0	0	0.216248	-0.00620044	0.18417
2017-04-15 00:00:00	-0.4	-0.745648	1.71541	0	-0.0524467	0	0	0	0.0111883	0	0	0	0	0	-0.137752	-0.0681769	0.080433	0	0	0	0	0	0	0.211061	-0.00650501	0.60756
2017-04-16 00:00:00	-4.41636	1.38378	1.72824	0	0.247889	-0.00211215	0.00121202	0	0.0153497	0	0	0	0	0	0.577094	-0.068171	0.0804088	0	0	0	0	0	0	0.209626	-0.00660584	-0.249651
2017-04-17 00:00:00	0	-1.2577	1.66693	0	-0.037414	-0.000848336	0.000626539	0	0.024508	0	0	0	0	0	-0.17609	-0.0681576	0.0803699	0	0	0	0	0	0	0.208814	-0.00698642	0.434053
2017-04-18 00:00:00	0	-0.126098	1.88314	0	-0.330211	0	0	0	0.00701098	0	0	0	0	0	-0.665619	-0.0680435	0.0801956	0	0	0	0	0	0	0.20804	-0.00640169	0.982011
2017-04-19 00:00:00	-0.2	0	1.72321	0	-0.10984	0	0	0	0	0	0	0	0	0	-0.666871	-0.06796	0.0801008	0	0	0	0	0	0	0.206197	-0.00611191	0.958721
2017-04-20 00:00:00	-0.2	0	1.97815	0	-0.118491	0	0	0	0	0	0	0	0	0	-0.710429	-0.0678646	0.0799826	0	0	0	0	0	0	0.203219	-0.00607516	1.15849
2017-04-21 00:00:00	-1.39455	0	2.03095	0	0.160935	0	0	0	0	0	0	0	0	0	-0.194754	-0.0678296	0.0799262	0	0	0	0	0	0	0.199893	-0.00604909	0.808524
2017-04-22 00:00:00	0	0	1.6247	0	-0.0729951	0	0	0	0	0	0	0	0	0	-0.592028	-0.067754	0.0798223	0	0	0	0	0	0	0.197036	-0.00602536	1.16276
2017-04-23 00:00:00	0	0	1.7109	0	-0.166086	0	0	0	0	0	0	0	0	0	-0.679311	-0.0676208	0.079647	0	0	0	0	0	0	0.195347	-0.00601026	1.06686
2017-04-24 00:00:00	-1.21091	0.000544564	1.75186	0	0.0603526	0	0	0	0	0	0	0	0	0	-0.181557	-0.0675891	0.0795786	0	0	0	0	0	0	0.193417	-0.00598789	0.619708
2017-04-25 00:00:00	-2.46545	0.743308	1.5361	0	0.207562	0	0	0	0.000390991	0	0	0	0	0	0.0303254	-0.0675906	0.0795611	0	0	0	0	0	0	0.189749	-0.00593673	0.24801
2017-04-26 00:00:00	-0.00545455	-0.743853	1.36422	0	0.00715888	0	0	0	0.00117131	0	0	0	0	0	-0.247035	-0.0675657	0.0795043	0	0	0	0	0	0	0.18696	-0.00587548	0.569226
2017-04-27 00:00:00	-0.610909	0	1.97702	0	-0.0977493	0	0	0	0.000247165	0	0	0	0	0	-0.506137	-0.0675008	0.0793901	0	0	0	0	0	0	0.185329	-0.00584027	0.953846
2017-04-28 00:00:00	0	0	1.95611	0	-0.0547035	0	0	0	0	0	0	0	0	0	-0.8804	-0.067417	0.0790547	0	0	0	0	0	0	0.183793	-0.0058287	1.21061
2017-04-29 00:00:00	-0.194545	0	1.91534	0	-0.149013	0	0	0	0	0	0	0	0	0	-0.703798	-0.0674318	0.0784958	0	0	0	0	0	0	0.181596	-0.00580906	1.05484
2017-04-30 00:00:00	0	0	1.98893	0	-0.0576331	0	0	0	0	0	0	0	0	0	-0.877335	-0.06734	0.0782742	0	0	0	0	0	0	0.179675	-0.00578495	1.23879
2017-05-01 00:00:00	0	0	1.98808	0	-0.035635	0	0	0	0	0	0	0	0	0	-0.758187	-0.0672766	0.07777	0	0	0	0	0	0	0.177094	-0.00574599	1.3761
2017-05-02 00:00:00	0	0	1.93175	0	-0.0224798	0	0	0	0	0	0	0	0	0	-0.717425	-0.0671241	0.0775854	0	0	0	0	0	0	0.174044	-0.00572433	1.37063
2017-05-03 00:00:00	0	0	1.8721	0	-0.0159067	0	0	0	0	0	0	0	0	0	-0.730472	-0.0668753	0.0773729	0	0	0	0	0	0	0.171777	-0.00570656	1.30229
2017-05-04 00:00:00	0	0	1.90139	0	-0.0134534	0	0	0	0	0	0	0	0	0	-0.732228	-0.066785	0.0772592	0	0	0	0	0	0	0.169859	-0.00568899	1.33035
2017-05-05 00:00:00	0	0	1.8606	0	-0.00985954	0	0	0	0	0	0	0	0	0	-0.740663	-0.0667539	0.0771537	0	0	0	0	0	0	0.167591	-0.00566277	1.28241
2017-05-06 00:00:00	-0.00545454	0	1.86323	0	-0.00955201	0	0	0	0	0	0	0	0	0	-0.80484	-0.0665372	0.077105	0	0	0	0	0	0	0.163333	-0.00563079	1.21165
2017-05-07 00:00:00	0	0	1.95138	0	-0.0110555	0	0	0	0	0	0	0	0	0	-0.86158	-0.0661642	0.0770926	0	0	0	0	0	0	0.160882	-0.00555121	1.245
2017-05-08 00:00:00	0	0	1.80365	0	-0.00678322	0	0	0	0	0	0	0	0	0	-0.830845	-0.0660704	0.0768297	0	0	0	0	0	0	0.158566	-0.00550863	1.12984
2017-05-09 00:00:00	0	0	2.05218	0	-0.0111676	0	0	0	0	0	0	0	0	0	-0.832596	-0.065983	0.0764745	0	0	0	0	0	0	0.157349	-0.00549164	1.37077
2017-05-10 00:00:00	0	0	2.24758	0	-0.013566	0	0	0	0	0	0	0	0	0	-0.844752	-0.0658729	0.0758953	0	0	0	0	0	0	0.156296	-0.00546901	1.55011
2017-05-11 00:00:00	0	0	4.48394	0	-0.0435161	0	0	0	0	0	0	0	0	0	-1.85048	-0.0657367	0.0757004	0	0	0	0	0	0	0.154637	-0.00545096	2.7491
2017-05-12 00:00:00	0	0	2.63228	0	-0.00766239	0	0	0	0	0	0	0	0	0	-1.13183	-0.0656264	0.0754902	0	0	0	0	0	0	0.152816	-0.00542168	1.65005
2017-05-13 00:00:00	-1.99455	0	2.58968	0	0.0161231	0	0	0	0	0	0	0	0	0	-0.363009	-0.0656595	0.0754052	0	0	0	0	0	0	0.150133	-0.00539114	0.402733
2017-05-14 00:00:00	0	0	2.19933	0	-0.00826508	0	0	0	0	0	0	0	0	0	-1.09306	-0.0656314	0.0751103	0	0	0	0	0	0	0.148681	-0.00536496	1.2508
2017-05-15 00:00:00	-9.6	2.86792	2.88174	0	0.111786	0	0	0	0	0	0	0	0	0	2.09186	-0.0656988	0.075139	0	0	0	0	0	0	0.146802	-0.00533657	-1.49579
2017-05-16 00:00:00	-4.15091	0.336558	2.84211	0	0.0630734	0	0	0	0	0	0	0	0	0	0.36245	-0.0657323	0.0750844	0	0	0	0	0	0	0.146235	-0.00531401	-0.396448
2017-05-17 00:00:00	0	-1.92897	2.93194	0	-0.0614949	0	0	0	0	0	0	0	0	0	-0.487027	-0.0656684	0.0750694	0	0	0	0	0	0	0.145905	-0.00530552	0.604457
2017-05-18 00:00:00	0	-1.14047	2.36496	0	-0.0594335	0	0	0	0	0	0	0	0	0	-0.569038	-0.0654797	0.074968	0	0	0	0	0	0	0.14542	-0.00529956	0.745629
2017-05-19 00:00:00	-0.4	-0.129725	2.41169	0	-0.0149247	0	0	0	0	0	0	0	0	0	-0.930671	-0.0652656	0.0749683	0	0	0	0	0	0	0.144637	-0.00528039	1.08543
2017-05-20 00:00:00	-12.5255	4.01251	2.5891	0	0.373683	0	0	0	0.00184935	0	0	0	0	0	2.95824	-0.0653625	0.0752796	0	0	0	0	0	0	0.143529	-0.00521045	-2.44183
2017-05-21 00:00:00	-0.210909	-1.62666	2.51635	0	-0.0719976	0	0	0	0.00116312	0	0	0	0	0	-0.453523	-0.0654123	0.0753562	0	0	0	0	0	0	0.143727	-0.00514241	0.302955
2017-05-22 00:00:00	-3.38909	0.347163	3.02221	0	0.0514549	0	0	0	0.000700867	0	0	0	0	0	0.00482164	-0.0653724	0.0753062	0	0	0	0	0	0	0.143212	-0.00509678	0.185306
2017-05-23 00:00:00	-1.18909	-1.34217	3.31416	0	-0.053019	0	0	0	0.000539841	0	0	0	0	0	-0.350883	-0.0653292	0.0752374	0	0	0	0	0	0	0.142737	-0.00508736	0.527098
2017-05-24 00:00:00	-0.394545	-1.14604	2.91682	0	-0.0618507	0	0	0	0	0	0	0	0	0	-0.766738	-0.0651701	0.0753199	0	0	0	0	0	0	0.142157	-0.00506922	0.694882
2017-05-25 00:00:00	0	-0.250041	4.55146	0	-0.185906	0	0	0	0	0	0	0	0	0	-2.1676	-0.0649358	0.0751886	0	0	0	0	0	0	0.140746	-0.00505132	2.09386
2017-05-26 00:00:00	0	0	2.9618	0	-0.053916	0	0	0	0	0	0	0	0	0	-1.34608	-0.0647944	0.0749316	0	0	0	0	0	0	0.139786	-0.00503204	1.70669
2017-05-27 00:00:00	-2.61091	0.000473781	3.21829	0	0.0614872	0	0	0	0	0	0	0	0	0	-0.486577	-0.0647475	0.0747943	0	0	0	0	0	0	0.13833	-0.00502076	0.326125
2017-05-28 00:00:00	0	-0.000473781	2.56965	0	-0.0435992	0	0	0	0	0	0	0	0	0	-1.17976	-0.0646853	0.0746142	0	0	0	0	0	0	0.136489	-0.00499836	1.48724
2017-05-29 00:00:00	-0.2	0	2.41347	0	0.00196205	0	0	0	0	0	0	0	0	0	-1.2247	-0.0644575	0.0740378	0	0	0	0	0	0	0.135494	-0.004964	1.13084
2017-05-30 00:00:00	-1.58909	0	2.74986	0	-0.0254576	0	0	0	0	0	0	0	0	0	-0.670437	-0.0642177	0.0738083	0	0	0	0	0	0	0.134935	-0.00496263	0.604433
2017-05-31 00:00:00	0	0	3.44644	0	-0.0307862	0	0	0	0	0	0	0	0	0	-1.7289	-0.064285	0.0734644	0	0	0	0	0	0	0.134322	-0.00495252	1.8253
2017-06-01 00:00:00	-0.00545454	0	2.76277	0	-0.0132926	0	0	0	0	0	0	0	0	0	-1.52085	-0.0642376	0.0731521	0	0	0	0	0	0	0.132792	-0.00492937	1.35995
2017-06-02 00:00:00	-0.405455	0	3.06701	0	-0.00922963	0	0	0	0	0	0	0	0	0	-1.47055	-0.0641183	0.0726131	0	0	0	0	0	0	0.131736	-0.00490994	1.3171
2017-06-03 00:00:00	0	0	3.92446	0	-0.0177753	0	0	0	0	0	0	0	0	0	-2.03841	-0.0635961	0.0722382	0	0	0	0	0	0	0.130738	-0.00489508	2.00276
2017-06-04 00:00:00	-1.60545	0	2.74449	0	0.00556271	0	0	0	0	0	0	0	0	0	-0.81794	-0.0635129	0.0719153	0	0	0	0	0	0	0.129349	-0.00487722	0.459531
2017-06-05 00:00:00	-7.66	2.23811	2.98686	0	0.0593106	0	0	0	0	0	0	0	0	0	1.18347	-0.0635279	0.0719074	0	0	0	0	0	0	0.12805	-0.00486253	-1.06068
2017-06-06 00:00:00	-34.3164	3.79303	2.78249	0	2.28551	-0.0158578	0.471757	0	0.38118	0	0	0	0	0	13.2338	-0.0639424	0.0724385	0	0	0	0	0	0	0.127595	-0.00973728	-11.2581
2017-06-07 00:00:00	-1.78364	-1.08247	3.01413	0	-0.719908	-0.00294132	0.0291958	0	0.438865	0	0	0	0	0	-0.903542	-0.0642262	0.0729551	0	0	0	0	0	0	0.129287	-0.0133903	-0.88568
2017-06-08 00:00:00	-15.0055	1.04657	3.251	0	0.700252	-0.0273077	0.387952	0	0.57675	0	0	0	0	0	4.70484	-0.0643529	0.0731901	0	0	0	0	0	0	0.130865	-0.0138064	-4.2395
2017-06-09 00:00:00	-0.2	-1.99549	3.30781	0	-0.833409	-0.00405403	0.0174083	0	0.246479	0	0	0	0	0	-0.916285	-0.064447	0.0733995	0	0	0	0	0	0	0.136939	-0.0105728	-0.242218
2017-06-10 00:00:00	-1.44909	-0.857308	3.30508	0	-0.331086	-0.000411971	0.00162199	0	0.00320325	0	0	0	0	0	-0.498595	-0.0644048	0.073369	0	0	0	0	0	0	0.141495	-0.00544711	0.318425
2017-06-11 00:00:00	-1.62727	-0.770418	3.26821	0	-0.258216	-0.00011709	0.00116775	0	0	0	0	0	0	0	-0.463373	-0.0643641	0.0733151	0	0	0	0	0	0	0.142585	-0.00527056	0.296249
2017-06-12 00:00:00	-0.0109091	-1.29391	2.98711	0	-0.283253	-3.04433E-07	0	0	0.00168004	0	0	0	0	0	-0.872488	-0.0643111	0.0732305	0	0	0	0	0	0	0.142447	-0.00535368	0.674243
2017-06-13 00:00:00	-0.194545	-1.0782	3.00799	0	-0.214611	0	0	0	0.00186086	0	0	0	0	0	-0.859183	-0.0642204	0.0730921	0	0	0	0	0	0	0.142035	-0.00536902	0.808849
2017-06-14 00:00:00	0	0	3.26626	0	-0.114986	0	0	0	0	0	0	0	0	0	-1.76516	-0.0641499	0.0730117	0	0	0	0	0	0	0.141436	-0.00525592	1.53116
2017-06-15 00:00:00	-10.5836	3.19092	3.39259	0	0.522434	0	0	0	0	0	0	0	0	0	2.23443	-0.0640186	0.0730121	0	0	0	0	0	0	0.140935	-0.00524173	-1.09858
2017-06-16 00:00:00	-0.605455	-1.91679	3.36598	0	-0.126449	-0.000201409	7.81374E-05	0	0.00688293	0	0	0	0	0	-0.565867	-0.064089	0.0730148	0	0	0	0	0	0	0.140952	-0.00554034	0.302516
2017-06-17 00:00:00	0	-1.25839	3.48312	0	-0.232938	0	0	0	0.00409868	0	0	0	0	0	-1.2177	-0.0639503	0.0729087	0	0	0	0	0	0	0.140679	-0.00547723	0.922343
2017-06-18 00:00:00	0	-0.015685	3.67622	0	-0.267794	0	0	0	0	0	0	0	0	0	-1.79217	-0.0637898	0.0727586	0	0	0	0	0	0	0.139968	-0.00521941	1.74428
2017-06-19 00:00:00	-0.00545454	0	3.68716	0	-0.0580376	0	0	0	0	0	0	0	0	0	-2.0174	-0.0636481	0.0726298	0	0	0	0	0	0	0.1393	-0.00520754	1.74934
2017-06-20 00:00:00	0	0	4.11757	0	-0.0310636	0	0	0	0	0	0	0	0	0	-2.1181	-0.063464	0.0724685	0	0	0	0	0	0	0.138437	-0.00519593	2.11065
2017-06-21 00:00:00	-0.794545	0	3.22053	0	-0.00796194	0	0	0	0	0	0	0	0	0	-1.11423	-0.0633314	0.0723224	0	0	0	0	0	0	0.137309	-0.00517175	1.44492
2017-06-22 00:00:00	0	0	3.07611	0	-0.00388599	0	0	0	0	0	0	0	0	0	-1.60217	-0.0632514	0.071994	0	0	0	0	0	0	0.13612	-0.00515491	1.60976
2017-06-23 00:00:00	-2.42182	0	3.33949	0	-0.0049331	0	0	0	0	0	0	0	0	0	-0.429983	-0.063117	0.0718094	0	0	0	0	0	0	0.135152	-0.0051364	0.621468
2017-06-24 00:00:00	-0.389091	0	2.85566	0	-0.0116851	0	0	0	0	0	0	0	0	0	-1.3249	-0.0629065	0.0715654	0	0	0	0	0	0	0.134291	-0.00512139	1.26781
2017-06-25 00:00:00	-0.00545454	0	2.74092	0	-0.0131517	0	0	0	0	0	0	0	0	0	-1.56504	-0.062835	0.0714119	0	0	0	0	0	0	0.133423	-0.00510731	1.29417
2017-06-26 00:00:00	0	0	2.70223	0	-0.0121257	0	0	0	0	0	0	0	0	0	-1.42895	-0.0626778	0.0712663	0	0	0	0	0	0	0.132317	-0.00509446	1.39697
2017-06-27 00:00:00	-16.9673	5.67077	3.09112	0	0.306613	0	0	0	0	0	0	0	0	0	4.34553	-0.0627977	0.0714141	0	0	0	0	0	0	0.131503	-0.00507476	-3.4182
2017-06-28 00:00:00	-0.205455	-2.06028	3.13408	0	-0.0640626	0	0	0	0	0	0	0	0	0	-0.647876	-0.0628548	0.0715112	0	0	0	0	0	0	0.131673	-0.00506268	0.291675
2017-06-29 00:00:00	-18.2545	2.57681	2.30473	0	1.78247	-0.00737707	0.245093	0	0.11699	0	0	0	0	0	6.23866	-0.0630772	0.071768	0	0	0	0	0	0	0.131265	-0.00659683	-4.86381
2017-06-30 00:00:00	-3.12	-0.0173523	2.49313	0	-0.364178	-0.00637548	0.056796	0	0.344251	0	0	0	0	0	-0.261489	-0.0633783	0.0720991	0	0	0	0	0	0	0.131235	-0.0123562	-0.747617
2017-07-01 00:00:00	-0.2	-2.02557	3.0954	0	-0.359411	-0.00166669	0.00637022	0	0.0458998	0	0	0	0	0	-0.487065	-0.0633857	0.0721493	0	0	0	0	0	0	0.133893	-0.00698346	0.209633
2017-07-02 00:00:00	-5.17273	1.4534	3.2792	0	0.187158	-0.000899482	0.00314728	0	0.0152849	0	0	0	0	0	0.104741	-0.0633439	0.0721296	0	0	0	0	0	0	0.134046	-0.00588206	0.0062613
2017-07-03 00:00:00	-0.4	-2.00884	3.22095	0	-0.290252	-0.000791452	0.00120563	0	0.0177327	0	0	0	0	0	-0.369604	-0.0633131	0.0721029	0	0	0	0	0	0	0.13399	-0.00590283	0.307285
2017-07-04 00:00:00	-12.9727	2.61673	3.14994	0	0.975447	-0.0157184	0.237984	0	0.262748	0	0	0	0	0	3.31026	-0.0633488	0.072167	0	0	0	0	0	0	0.133176	-0.00912378	-2.30247
2017-07-05 00:00:00	0	-2.22396	3.33612	0	-0.795095	-0.00272354	0.0169148	0	0.270189	0	0	0	0	0	-0.799424	-0.0633814	0.0722517	0	0	0	0	0	0	0.135052	-0.0107485	-0.0648029
2017-07-06 00:00:00	-0.810909	-1.08555	3.41869	0	-0.548806	-4.57986E-06	0	0	0.0161485	0	0	0	0	0	-0.611696	-0.0633087	0.0721838	0	0	0	0	0	0	0.138439	-0.00608828	0.519095
2017-07-07 00:00:00	-0.594545	-1.11981	3.22762	0	-0.347091	-1.05072E-06	0	0	0.00257677	0	0	0	0	0	-0.603556	-0.0632613	0.072139	0	0	0	0	0	0	0.13905	-0.00540973	0.707708
2017-07-08 00:00:00	0	-1.35074	3.19241	0	-0.17654	0	0	0	0.0016275	0	0	0	0	0	-0.972711	-0.063141	0.072012	0	0	0	0	0	0	0.139183	-0.00538841	0.836707
2017-07-09 00:00:00	-2.00545	-0.425681	3.35996	0	0.000721821	0	0	0	0	0	0	0	0	0	-0.532961	-0.0630788	0.0719514	0	0	0	0	0	0	0.138716	-0.00529677	0.538881
2017-07-10 00:00:00	-3.63273	0.528413	3.0233	0	0.146128	0	0	0	0	0	0	0	0	0	0.0881954	-0.0630792	0.0718764	0	0	0	0	0	0	0.137923	-0.00527688	0.294751
2017-07-11 00:00:00	0	-0.528413	2.74551	0	-0.153233	0	0	0	0	0	0	0	0	0	-1.14103	-0.0630303	0.071827	0	0	0	0	0	0	0.13717	-0.00525778	1.06354
2017-07-12 00:00:00	-0.00545455	0	5.17943	0	-0.199101	0	0	0	0	0	0	0	0	0	-2.89365	-0.0628551	0.0716895	0	0	0	0	0	0	0.136452	-0.00524154	2.22127
2017-07-13 00:00:00	-4	0.627627	3.25922	0	0.0314072	0	0	0	0	0	0	0	0	0	0.275712	-0.0627575	0.0716226	0	0	0	0	0	0	0.135136	-0.00521447	0.332758
2017-07-14 00:00:00	-0.405455	-0.627627	3.09988	0	-0.0285124	0	0	0	0	0	0	0	0	0	-1.30877	-0.0626945	0.0716394	0	0	0	0	0	0	0.134529	-0.00519856	0.867796
2017-07-15 00:00:00	-4.38909	0.699068	3.56473	0	0.0638735	0	0	0	0	0	0	0	0	0	0.148776	-0.0626268	0.0715927	0	0	0	0	0	0	0.133634	-0.00517901	0.224779
2017-07-16 00:00:00	-0.389091	-0.699068	3.06915	0	0.00801748	0	0	0	0	0	0	0	0	0	-1.18801	-0.0624937	0.0715589	0	0	0	0	0	0	0.132061	-0.00513511	0.936995
2017-07-17 00:00:00	0	0	3.07209	0	-0.05109	0	0	0	0	0	0	0	0	0	-1.72239	-0.0619885	0.0714712	0	0	0	0	0	0	0.130043	-0.00504169	1.43309
2017-07-18 00:00:00	0	0	3.13467	0	-0.0753669	0	0	0	0	0	0	0	0	0	-1.9603	-0.0615496	0.0716521	0	0	0	0	0	0	0.129334	-0.00502431	1.23342
2017-07-19 00:00:00	-2.98909	0	3.54548	0	0.0243486	0	0	0	0	0	0	0	0	0	-0.360635	-0.0613277	0.0716	0	0	0	0	0	0	0.128474	-0.00500191	0.353845
2017-07-20 00:00:00	-2.60545	0	3.05963	0	0.0267583	0	0	0	0	0	0	0	0	0	-0.29826	-0.06123	0.0716352	0	0	0	0	0	0	0.127351	-0.00497935	0.315456
2017-07-21 00:00:00	0	0	3.25901	0	-0.0467702	0	0	0	0	0	0	0	0	0	-2.06604	-0.0610831	0.0713801	0	0	0	0	0	0	0.126531	-0.0049482	1.27808
2017-07-22 00:00:00	-8.77273	2.75034	3.45618	0	0.114958	0	0	0	0	0	0	0	0	0	1.49088	-0.061115	0.0711999	0	0	0	0	0	0	0.124011	-0.00471261	-0.830991
2017-07-23 00:00:00	-6.42727	1.27723	3.05051	0	0.139873	0	0	0	0	0	0	0	0	0	1.04606	-0.0611125	0.0712121	0	0	0	0	0	0	0.123327	-0.00468412	-0.784861
2017-07-24 00:00:00	0	-2.28515	3.15059	0	-0.0426485	0	0	0	0	0	0	0	0	0	-0.600588	-0.0611052	0.0712233	0	0	0	0	0	0	0.122642	-0.00467732	0.350292
2017-07-25 00:00:00	0	-1.22319	2.85702	0	-0.072322	0	0	0	0	0	0	0	0	0	-0.820752	-0.0610194	0.0711589	0	0	0	0	0	0	0.121975	-0.00466911	0.868207
2017-07-26 00:00:00	-17.5891	5.86992	3.04222	0	1.21365	0	0.000826041	0	0.00100995	0	0	0	0	0	4.22959	-0.0611191	0.0712731	0	0	0	0	0	0	0.121544	-0.00467943	-3.10485
2017-07-27 00:00:00	-4.79455	0.00807001	3.1131	0	0.119732	-0.000230748	0.0394981	0	0.0492317	0	0	0	0	0	0.491877	-0.0612654	0.0713373	0	0	0	0	0	0	0.122347	-0.00668986	-0.847535
2017-07-28 00:00:00	-0.6	-2.0782	3.19219	0	-0.202909	-0.000639365	0.00451115	0	0.0280808	0	0	0	0	0	-0.373663	-0.0612813	0.0713398	0	0	0	0	0	0	0.12355	-0.00625098	0.0967243
2017-07-29 00:00:00	-0.232727	-1.16695	3.1619	0	-0.60842	-5.15475E-05	0	0	0.000298227	0	0	0	0	0	-0.626685	-0.0612051	0.0712727	0	0	0	0	0	0	0.124127	-0.0049535	0.656607
2017-07-30 00:00:00	-1	-0.836192	3.05908	0	-0.332285	0	0	0	0	0	0	0	0	0	-0.487941	-0.0611356	0.0712107	0	0	0	0	0	0	0.124279	-0.00494772	0.532069
2017-07-31 00:00:00	-1.22727	-0.715027	2.86547	0	-0.0903097	0	0	0	0	0	0	0	0	0	-0.352181	-0.0610352	0.0711135	0	0	0	0	0	0	0.124137	-0.00495437	0.609945
2017-08-01 00:00:00	-2.80545	-0.0967618	2.92751	0	0.131347	0	0	0	0	0	0	0	0	0	-0.257524	-0.0610068	0.0710951	0	0	0	0	0	0	0.123682	-0.00494688	0.0279431
2017-08-02 00:00:00	-1.00545	-0.791054	2.86796	0	-0.0822749	0	0	0	0	0	0	0	0	0	-0.570195	-0.0609267	0.0710258	0	0	0	0	0	0	0.12329	-0.00494039	0.547435
2017-08-03 00:00:00	-1.24909	-0.713182	3.06232	0	-0.0089165	0	0	0	0	0	0	0	0	0	-0.646105	-0.0608581	0.0710161	0	0	0	0	0	0	0.122709	-0.00493509	0.572957
2017-08-04 00:00:00	-1.38909	0	3.03553	0	-0.0416459	0	0	0	0	0	0	0	0	0	-1.10574	-0.0606887	0.0707324	0	0	0	0	0	0	0.121984	-0.00492619	0.62616
2017-08-05 00:00:00	-4.90727	1.76833	2.91564	0	0.0830025	0	0	0	0	0	0	0	0	0	0.0937238	-0.0606467	0.0706897	0	0	0	0	0	0	0.121342	-0.00491183	0.0798998
2017-08-06 00:00:00	-5.22182	0.946419	2.75953	0	0.132461	0	0	0	0.000883948	0	0	0	0	0	0.852193	-0.0606545	0.0706937	0	0	0	0	0	0	0.121157	-0.00494135	-0.404071
2017-08-07 00:00:00	-0.605455	-2.03629	2.87991	0	-0.0449294	0	0	0	0.0159994	0	0	0	0	0	-0.211693	-0.0606264	0.070679	0	0	0	0	0	0	0.120909	-0.00570376	0.122802
2017-08-08 00:00:00	0	-0.668829	2.72662	0	-0.178823	0	0	0	0.00532998	0	0	0	0	0	-1.25035	-0.0605088	0.0706453	0	0	0	0	0	0	0.120799	-0.00524619	0.759635
2017-08-09 00:00:00	0	-0.00964994	2.74651	0	-0.0600207	0	0	0	0	0	0	0	0	0	-1.88283	-0.0604598	0.070581	0	0	0	0	0	0	0.12036	-0.00490517	0.919588
2017-08-10 00:00:00	0	0	2.51573	0	-0.0853745	0	0	0	0	0	0	0	0	0	-1.74169	-0.0605219	0.0702062	0	0	0	0	0	0	0.11997	-0.00489112	0.813428
2017-08-11 00:00:00	-3.53455	0.400326	3.09337	0	0.0694054	0	0	0	0	0	0	0	0	0	-0.0624971	-0.0604115	0.0700649	0	0	0	0	0	0	0.119546	-0.00488451	0.0903687
2017-08-12 00:00:00	-2.23273	-0.378712	2.8472	0	0.0410519	0	0	0	0	0	0	0	0	0	-0.311378	-0.0603885	0.0699612	0	0	0	0	0	0	0.11893	-0.00487672	0.0890615
2017-08-13 00:00:00	0	-0.0216145	2.54372	0	-0.07157	0	0	0	0	0	0	0	0	0	-1.66558	-0.059733	0.069847	0	0	0	0	0	0	0.118208	-0.00486614	0.908417
2017-08-14 00:00:00	-21.2327	6.57502	2.82181	0	1.70432	-0.00164901	0.102728	0	0.0497942	0	0	0	0	0	5.97041	-0.0598351	0.0700311	0	0	0	0	0	0	0.117806	-0.00600652	-3.8883
2017-08-15 00:00:00	-9.34727	0.0220192	2.71159	0	-0.00242812	-0.00442736	0.244148	0	0.583014	0	0	0	0	0	3.03052	-0.0601013	0.0703481	0	0	0	0	0	0	0.116502	-0.0160181	-2.65211
2017-08-16 00:00:00	-3.57818	-0.0297425	2.67614	0	-0.207328	-0.00275558	0.0436555	0	0.247239	0	0	0	0	0	0.00740919	-0.0600685	0.0704767	0	0	0	0	0	0	0.120254	-0.0109426	-0.723849
2017-08-17 00:00:00	-9.74545	0.0380394	2.88035	0	0.350248	-0.0117628	0.24572	0	0.424852	0	0	0	0	0	3.28698	-0.0601663	0.0705679	0	0	0	0	0	0	0.122817	-0.0126841	-2.4105
2017-08-18 00:00:00	-4.86	-0.0217395	2.80504	0	-0.133523	-0.00763311	0.090187	0	0.312566	0	0	0	0	0	0.545709	-0.060248	0.0706862	0	0	0	0	0	0	0.127093	-0.0117964	-1.14366
2017-08-19 00:00:00	-1.00545	-1.60535	2.80301	0	-0.159953	-0.00342685	0.00955624	0	0.125625	0	0	0	0	0	-0.376881	-0.0602651	0.0707223	0	0	0	0	0	0	0.131143	-0.00840603	-0.0796826
2017-08-20 00:00:00	0	-1.40751	2.83129	0	-0.528576	-0.00159559	0.00156757	0	0.0283179	0	0	0	0	0	-0.679756	-0.0602178	0.0706896	0	0	0	0	0	0	0.133221	-0.00612058	0.381313
2017-08-21 00:00:00	-0.00545454	-1.33732	3.49654	0	-0.676114	-6.05268E-06	0	0	0.00632712	0	0	0	0	0	-0.914113	-0.0601076	0.0706003	0	0	0	0	0	0	0.133568	-0.00548228	0.708439
2017-08-22 00:00:00	0	-1.07449	2.64988	0	-0.168761	0	0	0	0.000950318	0	0	0	0	0	-0.811802	-0.0600047	0.0704939	0	0	0	0	0	0	0.133011	-0.00515118	0.734133
2017-08-23 00:00:00	-8.62182	3.37137	2.82732	0	0.66537	0	0	0	0.000193557	0	0	0	0	0	1.17085	-0.0600092	0.0705265	0	0	0	0	0	0	0.132373	-0.0051116	-0.44893
2017-08-24 00:00:00	-0.194545	-2.1364	2.60135	0	-0.0442595	0	0.000413561	0	0.0202451	0	0	0	0	0	-0.232623	-0.0599666	0.0705203	0	0	0	0	0	0	0.132197	-0.00601879	0.150911
2017-08-25 00:00:00	-6.58364	2.60991	2.72756	0	0.384338	-0.000447046	0.0012974	0	0.0179004	0	0	0	0	0	0.430191	-0.0599215	0.0704989	0	0	0	0	0	0	0.132023	-0.00590079	-0.276191
2017-08-26 00:00:00	-2.18364	-0.365427	2.50344	0	-0.0102596	-0.000916835	0.00168927	0	0.0437958	0	0	0	0	0	-0.0560702	-0.0598484	0.0704926	0	0	0	0	0	0	0.131775	-0.00686749	0.0681667
2017-08-27 00:00:00	-0.194545	-1.9551	2.52677	0	-0.116775	-0.000851567	0.00090306	0	0.0217555	0	0	0	0	0	-0.228134	-0.0597596	0.0704584	0	0	0	0	0	0	0.131796	-0.00611947	0.190396
2017-08-28 00:00:00	-3.77818	1.0155	2.61473	0	0.0748623	-0.00116346	0.00105245	0	0.0111396	0	0	0	0	0	-0.0370189	-0.0597141	0.0704095	0	0	0	0	0	0	0.131691	-0.00566295	0.0376442
2017-08-29 00:00:00	-0.2	-1.35323	2.17416	0	-0.192629	-0.000503979	0.000432675	0	0.0129148	0	0	0	0	0	-0.343982	-0.0596802	0.0703095	0	0	0	0	0	0	0.131271	-0.00566247	0.233397
2017-08-30 00:00:00	0	-0.827388	2.20846	0	-0.484137	-0.000702472	0.000674445	0	0.00244959	0	0	0	0	0	-0.425756	-0.0596215	0.0702698	0	0	0	0	0	0	0.131023	-0.00525147	0.610022
2017-08-31 00:00:00	-0.194545	-0.752597	2.10251	0	-0.174617	0	0	0	0.00310806	0	0	0	0	0	-0.472012	-0.0595226	0.070156	0	0	0	0	0	0	0.130684	-0.00524707	0.647923
2017-09-01 00:00:00	-0.0109091	-0.747854	2.27471	0	-0.0941406	0	0	0	0	0	0	0	0	0	-1.07434	-0.0594194	0.0700838	0	0	0	0	0	0	0.130125	-0.00508013	0.483176
2017-09-02 00:00:00	-0.00545454	-0.0176425	2.37341	0	-0.102593	0	0	0	0	0	0	0	0	0	-1.238	-0.0593516	0.0699891	0	0	0	0	0	0	0.129389	-0.0050639	1.14468
2017-09-03 00:00:00	-3.38909	0.954028	2.28667	0	0.147381	0	0	0	0	0	0	0	0	0	0.0841437	-0.0593219	0.0699339	0	0	0	0	0	0	0.128053	-0.00505654	0.216742
2017-09-04 00:00:00	-7.75636	2.75507	2.45762	0	0.352114	0	0	0	0.00033987	0	0	0	0	0	1.4192	-0.0593003	0.0698652	0	0	0	0	0	0	0.126556	-0.00505898	-0.639951
2017-09-05 00:00:00	-3.38364	0.408413	2.24653	0	0.224963	0	0	0	0.0340371	0	0	0	0	0	0.12058	-0.0592979	0.0698821	0	0	0	0	0	0	0.126404	-0.00651069	-0.218634
2017-09-06 00:00:00	-1.01091	-1.12568	2.24089	0	-0.0384325	0	0	0	0.0299536	0	0	0	0	0	-0.0830864	-0.0592692	0.0698527	0	0	0	0	0	0	0.126402	-0.00640917	0.143304
2017-09-07 00:00:00	-6.64364	2.24749	2.1202	0	0.675711	-0.00214859	0.00249704	0	0.0260442	0	0	0	0	0	0.800417	-0.0592181	0.0698763	0	0	0	0	0	0	0.126365	-0.00612611	-0.642528
2017-09-08 00:00:00	-8.29636	1.54787	2.09584	0	0.40657	-0.00928852	0.204465	0	0.364704	0	0	0	0	0	1.96754	-0.0592679	0.0699694	0	0	0	0	0	0	0.125306	-0.0112083	-1.59387
2017-09-09 00:00:00	-2.18909	-0.0357893	1.99729	0	-0.27569	-0.00304596	0.018946	0	0.257432	0	0	0	0	0	-0.170165	-0.0592762	0.0700162	0	0	0	0	0	0	0.126349	-0.0107093	-0.273736
2017-09-10 00:00:00	-5.39455	0.0559093	2.07798	0	0.257003	-0.00981235	0.116685	0	0.208738	0	0	0	0	0	1.517	-0.0592801	0.0700729	0	0	0	0	0	0	0.127005	-0.00914877	-1.0424
2017-09-11 00:00:00	-2.19455	-0.0214007	2.0715	0	-0.17927	-0.00408244	0.014411	0	0.180725	0	0	0	0	0	-0.109013	-0.0591199	0.0702253	0	0	0	0	0	0	0.128776	-0.0095005	-0.111289
2017-09-12 00:00:00	-4.39455	0.0397102	1.99857	0	0.16228	-0.00810469	0.0832577	0	0.157673	0	0	0	0	0	1.08022	-0.0590195	0.0703477	0	0	0	0	0	0	0.130056	-0.00845188	-0.748005
2017-09-13 00:00:00	-10.8109	-0.00466003	1.83372	0	0.369626	-0.025664	0.337071	0	0.724658	0	0	0	0	0	4.43077	-0.0590146	0.0706109	0	0	0	0	0	0	0.132034	-0.0153373	-3.01709
2017-09-14 00:00:00	-1.61091	-0.230401	1.8357	0	-0.409907	-0.00698675	0.0231183	0	0.336539	0	0	0	0	0	-0.489715	-0.0590898	0.0707291	0	0	0	0	0	0	0.137802	-0.0116306	-0.414753
2017-09-15 00:00:00	-1.83818	-0.000597313	1.78912	0	0.00273001	-0.00670853	0.0124	0	0.0722452	0	0	0	0	0	-0.266561	-0.0590941	0.0707248	0	0	0	0	0	0	0.142318	-0.00723427	-0.0888382
2017-09-16 00:00:00	-3.63818	0.23972	1.64343	0	0.138303	-0.011341	0.0709316	0	0.111968	0	0	0	0	0	0.737858	-0.0591077	0.0707515	0	0	0	0	0	0	0.143641	-0.00759309	-0.559619
2017-09-17 00:00:00	-0.410909	-1.2398	1.78983	0	-0.139402	-0.00507719	0.0116146	0	0.124809	0	0	0	0	0	-0.268631	-0.0591127	0.0707451	0	0	0	0	0	0	0.143993	-0.00844538	0.00960675
2017-09-18 00:00:00	-0.297273	-1.17517	1.62898	0	-0.079047	-0.00251792	0.00270377	0	0.0449328	0	0	0	0	0	-0.315737	-0.0590857	0.0706943	0	0	0	0	0	0	0.14495	-0.00662494	-0.0432014
2017-09-19 00:00:00	-0.291818	-0.768918	2.17769	0	-0.464943	-0.0018297	0.00158633	0	0.0162736	0	0	0	0	0	-0.433673	-0.0590631	0.0706548	0	0	0	0	0	0	0.144904	-0.00582259	0.385042
2017-09-20 00:00:00	-1.09182	-0.291533	1.89023	0	-0.224629	-5.37475E-07	0	0	0.0106371	0	0	0	0	0	-0.135826	-0.0590045	0.0705665	0	0	0	0	0	0	0.144799	-0.00573599	0.307692
2017-09-21 00:00:00	-7.96273	3.53045	1.65963	0	0.897045	-0.00756241	0.0227606	0	0.0254466	0	0	0	0	0	1.10259	-0.0590048	0.0705989	0	0	0	0	0	0	0.144644	-0.00602562	-0.582154
2017-09-22 00:00:00	-0.491818	-0.990115	1.58695	0	-0.19094	-0.00318154	0.0131643	0	0.109492	0	0	0	0	0	-0.148296	-0.0590073	0.0706438	0	0	0	0	0	0	0.144673	-0.00819732	0.033367
2017-09-23 00:00:00	-0.686364	-1.08018	1.91168	0	-0.016133	-0.00303517	0.00322179	0	0.0330587	0	0	0	0	0	-0.212965	-0.0589713	0.0705991	0	0	0	0	0	0	0.144853	-0.00634482	0.0994261
2017-09-24 00:00:00	-3.91909	1.78589	1.84875	0	0.0425556	-0.00290632	0.00497099	0	0.0322398	0	0	0	0	0	0.0631772	-0.0589389	0.070556	0	0	0	0	0	0	0.144917	-0.00625861	0.00585883
2017-09-25 00:00:00	-13.8655	0.281074	1.51301	0	0.800171	-0.0608154	0.483878	0	1.02455	0	0	0	0	0	6.09594	-0.0590746	0.0707705	0	0	0	0	0	0	0.142373	-0.0168092	-3.59039
2017-09-26 00:00:00	-0.291818	-1.15873	1.58152	0	-0.582846	-0.0102348	0.0281603	0	0.450568	0	0	0	0	0	-0.624441	-0.0591961	0.0709356	0	0	0	0	0	0	0.149473	-0.0128685	-0.459483
2017-09-27 00:00:00	-2.10273	0.35059	1.70029	0	-0.0396174	-0.00778039	0.00974828	0	0.0919514	0	0	0	0	0	-0.184082	-0.0591891	0.070932	0	0	0	0	0	0	0.154071	-0.00750558	-0.0233177
2017-09-28 00:00:00	-1.66455	-0.0757859	1.74072	0	0.00887866	-0.00514027	0.00631189	0	0.0692249	0	0	0	0	0	-0.152168	-0.0591699	0.0709153	0	0	0	0	0	0	0.154726	-0.0071979	0.0867651
2017-09-29 00:00:00	-0.297273	-1.196	1.65073	0	-0.0906924	-0.00301468	0.00226686	0	0.0583554	0	0	0	0	0	-0.172101	-0.0591443	0.0708851	0	0	0	0	0	0	0.154939	-0.00693253	0.112017
2017-09-30 00:00:00	-0.319091	-0.689613	1.36314	0	-0.134742	-0.00246164	0.0020307	0	0.0321201	0	0	0	0	0	-0.28899	-0.0591181	0.0708399	0	0	0	0	0	0	0.154959	-0.00629848	0.12278
2017-10-01 00:00:00	-4.07545	2.14917	1.60048	0	0.0896289	-0.00357673	0.00458991	0	0.0230565	0	0	0	0	0	0.159427	-0.0591022	0.0708091	0	0	0	0	0	0	0.154608	-0.00613551	0.107499
2017-10-02 00:00:00	-2.58909	0.589334	1.5098	0	0.109791	-0.00441914	0.00532746	0	0.0604706	0	0	0	0	0	0.174907	-0.0590832	0.0707748	0	0	0	0	0	0	0.154266	-0.00715443	0.0149273
2017-10-03 00:00:00	-0.686364	-0.656442	1.40404	0	-0.0541629	-0.00266366	0.00344442	0	0.0557296	0	0	0	0	0	-0.0978374	-0.059072	0.0706017	0	0	0	0	0	0	0.154218	-0.00705728	0.124438
2017-10-04 00:00:00	-17.6973	0.699135	1.24238	0	1.09924	-0.100651	0.646413	0	1.63599	0	0	0	0	0	7.8008	-0.0591482	0.0709621	0	0	0	0	0	0	0.151019	-0.0208167	-4.53196
2017-10-05 00:00:00	-3.49727	-0.0122002	1.26928	0	-0.527423	-0.037605	0.142817	0	0.845778	0	0	0	0	0	0.374502	-0.059402	0.0713607	0	0	0	0	0	0	0.162834	-0.0162258	-1.28356
2017-10-06 00:00:00	-1.10818	-0.132637	1.17967	0	-0.17596	-0.0159865	0.028871	0	0.276335	0	0	0	0	0	-0.357335	-0.059422	0.0715898	0	0	0	0	0	0	0.17355	-0.0102536	-0.129762
2017-10-07 00:00:00	-1.08636	-0.31865	1.41915	0	-0.0798945	-0.00657604	0.00816847	0	0.118237	0	0	0	0	0	-0.342648	-0.0594105	0.0715913	0	0	0	0	0	0	0.177538	-0.00816052	-0.107019
2017-10-08 00:00:00	-0.0972727	-1.12977	1.37965	0	-0.065638	-0.00561186	0.00565786	0	0.0865886	0	0	0	0	0	-0.145401	-0.0593992	0.0715803	0	0	0	0	0	0	0.178541	-0.00737264	0.211555
2017-10-09 00:00:00	-0.0972727	-1.04773	1.34065	0	-0.101427	-0.00358849	0.00284941	0	0.0590491	0	0	0	0	0	-0.207322	-0.059381	0.0715488	0	0	0	0	0	0	0.178705	-0.00693859	0.129148
2017-10-10 00:00:00	-7.77727	2.63234	1.30416	0	0.62254	-0.0217701	0.132033	0	0.231283	0	0	0	0	0	1.83894	-0.0595155	0.071536	0	0	0	0	0	0	0.178126	-0.00855576	-0.856159
2017-10-11 00:00:00	-10.5791	-0.000395837	1.28072	0	0.330744	-0.0948989	0.453439	0	1.51698	0	0	0	0	0	4.29343	-0.0599567	0.07156	0	0	0	0	0	0	0.177306	-0.0205056	-2.63066
2017-10-12 00:00:00	-2.87091	-0.00153969	1.23152	0	-0.392229	-0.0388978	0.127233	0	0.745698	0	0	0	0	0	0.302098	-0.0605849	0.0715054	0	0	0	0	0	0	0.185707	-0.0147201	-0.715121
2017-10-13 00:00:00	-2.80545	0.0109702	1.38463	0	0.0261222	-0.0276995	0.0893089	0	0.378694	0	0	0	0	0	0.238971	-0.0608156	0.0715334	0	0	0	0	0	0	0.190618	-0.0109519	-0.514078
2017-10-14 00:00:00	-0.491818	-0.689598	1.23864	0	-0.250077	-0.00887606	0.0154665	0	0.236503	0	0	0	0	0	-0.28601	-0.0608408	0.0715084	0	0	0	0	0	0	0.192812	-0.00967437	-0.0419669
2017-10-15 00:00:00	-0.0972727	-1.06182	1.30266	0	-0.06715	-0.00532269	0.00587445	0	0.0785852	0	0	0	0	0	-0.454627	-0.060827	0.0714868	0	0	0	0	0	0	0.194329	-0.00760286	-0.101688
2017-10-16 00:00:00	-4.11909	1.74529	1.16306	0	0.238774	-0.0155291	0.0506504	0	0.104785	0	0	0	0	0	0.56938	-0.060829	0.0714803	0	0	0	0	0	0	0.194123	-0.0076478	-0.0655548
2017-10-17 00:00:00	-5.55091	-0.0129575	1.12133	0	0.31225	-0.0441883	0.208911	0	0.715648	0	0	0	0	0	1.97539	-0.0608999	0.0715241	0	0	0	0	0	0	0.192035	-0.0129355	-1.0848
2017-10-18 00:00:00	-1.75636	-0.0124822	0.989606	0	-0.268088	-0.0162004	0.051097	0	0.459467	0	0	0	0	0	0.118546	-0.0609232	0.0716059	0	0	0	0	0	0	0.194667	-0.0117963	-0.240865
2017-10-19 00:00:00	-4.11909	0.0195328	1.05063	0	0.246779	-0.0369304	0.150882	0	0.537826	0	0	0	0	0	1.21099	-0.0610046	0.071631	0	0	0	0	0	0	0.195647	-0.0114175	-0.744527
2017-10-20 00:00:00	-2.40545	-0.00493464	1.03751	0	-0.127067	-0.023709	0.0827092	0	0.476842	0	0	0	0	0	0.399396	-0.0609269	0.0717063	0	0	0	0	0	0	0.198262	-0.0116798	-0.367347
2017-10-21 00:00:00	-1.60545	-0.00596908	1.01109	0	-0.0938839	-0.0150488	0.042913	0	0.265375	0	0	0	0	0	0.16002	-0.0609466	0.0717032	0	0	0	0	0	0	0.200881	-0.0099276	-0.0392478
2017-10-22 00:00:00	-2.57273	0.00784972	0.907586	0	0.15856	-0.0214883	0.0814998	0	0.296471	0	0	0	0	0	0.597265	-0.0609444	0.0717391	0	0	0	0	0	0	0.201314	-0.00976404	-0.342639
2017-10-23 00:00:00	-0.702727	-0.233552	0.909949	0	-0.260693	-0.00739661	0.014166	0	0.231894	0	0	0	0	0	-0.104792	-0.0609361	0.0717375	0	0	0	0	0	0	0.20341	-0.00975424	0.051304
2017-10-24 00:00:00	-1.99455	0.207554	0.963414	0	0.101176	-0.0108698	0.0390048	0	0.122209	0	0	0	0	0	0.197797	-0.0609306	0.0717293	0	0	0	0	0	0	0.205282	-0.00816876	-0.166348
2017-10-25 00:00:00	-0.297273	-0.59193	0.933868	0	-0.1472	-0.00524104	0.00905874	0	0.130869	0	0	0	0	0	-0.156037	-0.0609178	0.0717105	0	0	0	0	0	0	0.205946	-0.00852433	0.0843297
2017-10-26 00:00:00	-0.0972727	-0.732412	0.929179	0	-0.115501	-0.00318831	0.00317131	0	0.0687538	0	0	0	0	0	-0.0633119	-0.0608972	0.0716886	0	0	0	0	0	0	0.206219	-0.00751829	0.19891
2017-10-27 00:00:00	-0.102727	-0.538794	0.713143	0	-0.0612837	-0.00256013	0.00247702	0	0.0448919	0	0	0	0	0	-0.12012	-0.0608697	0.0716572	0	0	0	0	0	0	0.205904	-0.00700629	0.144711
2017-10-28 00:00:00	-0.302727	-0.519037	0.888581	0	-0.0348596	-0.00312151	0.00304302	0	0.0390936	0	0	0	0	0	-0.0489653	-0.0608488	0.0716459	0	0	0	0	0	0	0.205156	-0.00677322	0.231187
2017-10-29 00:00:00	-0.0972727	-0.331528	0.705226	0	-0.143483	-0.00227087	0.00173018	0	0.0333655	0	0	0	0	0	-0.080402	-0.0608218	0.0716054	0	0	0	0	0	0	0.204702	-0.00676083	0.29409
2017-10-30 00:00:00	-0.0972727	-0.204891	0.645689	0	-0.163513	-0.00182502	0.00127378	0	0.0227152	0	0	0	0	0	-0.0728641	-0.0608051	0.0715697	0	0	0	0	0	0	0.203582	-0.00662189	0.337036
2017-10-31 00:00:00	-3.71909	2.50751	0.781446	0	0.163291	-0.00272711	0.00374639	0	0.0310058	0	0	0	0	0	0.170617	-0.0607813	0.0715362	0	0	0	0	0	0	0.202452	-0.00686271	0.14214
2017-11-01 00:00:00	-4.2	0.357878	0.619566	0	0.615142	-0.0187175	0.113992	0	0.200661	0	0	0	0	0	1.33761	-0.0607802	0.0716365	0	0	0	0	0	0	0.202112	-0.00908944	-0.76999
2017-11-02 00:00:00	-0.686364	-0.0269829	0.597819	0	-0.273632	-0.00706186	0.0195572	0	0.254621	0	0	0	0	0	-0.0943938	-0.0608018	0.0718792	0	0	0	0	0	0	0.203186	-0.0104532	-0.012627
2017-11-03 00:00:00	-0.680909	-0.0448983	0.644144	0	-0.0473773	-0.00358594	0.00748664	0	0.0835302	0	0	0	0	0	-0.0543739	-0.0607766	0.0718479	0	0	0	0	0	0	0.204459	-0.00795935	0.111587
2017-11-04 00:00:00	-1.31909	0.0381918	0.642078	0	0.0895449	-0.00766226	0.0296693	0	0.0835344	0	0	0	0	0	0.209672	-0.0607687	0.071782	0	0	0	0	0	0	0.20439	-0.00765359	-0.0263128
2017-11-05 00:00:00	-1.07545	-0.0101575	0.487264	0	0.0128586	-0.00791259	0.0300135	0	0.135239	0	0	0	0	0	0.258729	-0.0607612	0.0717046	0	0	0	0	0	0	0.203978	-0.00858176	0.0369197
2017-11-06 00:00:00	-0.680909	-0.031198	0.659887	0	-0.107015	-0.00333527	0.00725686	0	0.105958	0	0	0	0	0	0.0381176	-0.0607415	0.0716797	0	0	0	0	0	0	0.204078	-0.0083171	0.195461
2017-11-07 00:00:00	-4.40545	0.0277051	0.605384	0	0.490841	-0.035496	0.16916	0	0.408801	0	0	0	0	0	1.68983	-0.060774	0.0715809	0	0	0	0	0	0	0.203099	-0.0104316	-0.845753
2017-11-08 00:00:00	-2.07	-0.0237547	0.493683	0	-0.163634	-0.0196754	0.0816528	0	0.482976	0	0	0	0	0	0.542313	-0.0607604	0.0718288	0	0	0	0	0	0	0.206448	-0.0119764	-0.470899
2017-11-09 00:00:00	-2.94545	0.00366702	0.618235	0	0.177232	-0.0271383	0.109327	0	0.468043	0	0	0	0	0	0.927511	-0.0607566	0.0719335	0	0	0	0	0	0	0.209524	-0.0113303	-0.459208
2017-11-10 00:00:00	-1.31364	-0.0142257	0.5414	0	-0.156323	-0.0155403	0.0504978	0	0.352811	0	0	0	0	0	0.201024	-0.0607959	0.0718474	0	0	0	0	0	0	0.21257	-0.0107903	-0.141162
2017-11-11 00:00:00	-0.880909	-0.0114938	0.423519	0	-0.0559263	-0.00952741	0.028002	0	0.195583	0	0	0	0	0	0.0409569	-0.0608986	0.0717693	0	0	0	0	0	0	0.214889	-0.00922112	-0.0532566
2017-11-12 00:00:00	-0.880909	-0.00794895	0.455834	0	-0.00375286	-0.00767779	0.0239176	0	0.156631	0	0	0	0	0	0.145171	-0.0608942	0.0717315	0	0	0	0	0	0	0.215418	-0.00885189	0.0986681
2017-11-13 00:00:00	-0.880909	-0.0244322	0.463443	0	-0.062806	-0.00669628	0.0219336	0	0.136815	0	0	0	0	0	0.119538	-0.0608749	0.0717331	0	0	0	0	0	0	0.21569	-0.00855232	-0.0151172
2017-11-14 00:00:00	-2.77273	0.00363793	0.537179	0	0.260561	-0.0220705	0.0976542	0	0.338546	0	0	0	0	0	0.972973	-0.0609243	0.0717009	0	0	0	0	0	0	0.215218	-0.0100577	-0.368309
2017-11-15 00:00:00	-0.686364	-0.00545601	0.390234	0	-0.184741	-0.00909156	0.024097	0	0.260833	0	0	0	0	0	0.0251253	-0.0609493	0.0717355	0	0	0	0	0	0	0.216811	-0.0101976	0.0320376
2017-11-16 00:00:00	-3.64364	-0.00334633	0.459914	0	0.349805	-0.0400893	0.156727	0	0.490584	0	0	0	0	0	1.35371	-0.061065	0.0718045	0	0	0	0	0	0	0.217112	-0.0110628	-0.659542
2017-11-17 00:00:00	-1.89182	-0.0103487	0.442836	0	-0.114429	-0.0280393	0.0830191	0	0.503397	0	0	0	0	0	0.584919	-0.0613005	0.0716817	0	0	0	0	0	0	0.21904	-0.0119255	-0.212969
2017-11-18 00:00:00	-0.880909	-0.0134572	0.41917	0	-0.122351	-0.0134395	0.032572	0	0.27683	0	0	0	0	0	0.0501513	-0.0612854	0.0716895	0	0	0	0	0	0	0.224064	-0.0101517	-0.0271175
2017-11-19 00:00:00	-3.2	0.00199586	0.3272	0	0.315859	-0.0409035	0.13904	0	0.49466	0	0	0	0	0	1.20582	-0.0616353	0.0715209	0	0	0	0	0	0	0.223964	-0.0110205	-0.533504
2017-11-20 00:00:00	-9.73545	-0.0082184	0.432113	0	0.660594	-0.141844	0.46922	0	2.00583	0	0	0	0	0	4.11264	-0.0617892	0.0717786	0	0	0	0	0	0	0.222861	-0.0211744	-1.99344
2017-11-21 00:00:00	-5.90273	-0.010222	0.44941	0	-0.103847	-0.109762	0.306878	0	1.87913	0	0	0	0	0	1.84615	-0.0620845	0.0718858	0	0	0	0	0	0	0.234441	-0.0214697	-1.42222
2017-11-22 00:00:00	-22.3245	-0.00779635	0.422276	0	1.18414	-0.425627	1.1838	0	6.544	0	0	0	0	0	8.78136	-0.062516	0.0722074	0	0	0	0	0	0	0.237872	-0.037578	-4.43241
2017-11-23 00:00:00	-3.17273	-0.00492076	0.311569	0	-0.844216	-0.154509	0.256435	0	2.73825	0	0	0	0	0	-0.0967377	-0.0628531	0.0731803	0	0	0	0	0	0	0.256404	-0.0245325	-0.724656
2017-11-24 00:00:00	-2.59455	-0.0153005	0.302612	0	-0.270769	-0.0974402	0.170156	0	1.48688	0	0	0	0	0	-0.0429877	-0.0629974	0.0735465	0	0	0	0	0	0	0.265428	-0.0173398	-0.802753
2017-11-25 00:00:00	-1.66455	-0.00885785	0.318014	0	-0.0995925	-0.0754645	0.113162	0	1.05399	0	0	0	0	0	-0.23255	-0.0631661	0.0737885	0	0	0	0	0	0	0.268345	-0.0144146	-0.331295
2017-11-26 00:00:00	-4.73	-0.00771098	0.343785	0	0.412885	-0.134081	0.274003	0	1.64116	0	0	0	0	0	1.28579	-0.0631307	0.0740848	0	0	0	0	0	0	0.267918	-0.0175744	-0.652867
2017-11-27 00:00:00	-1.48636	-0.0111568	0.360615	0	-0.362898	-0.0648973	0.100294	0	1.10029	0	0	0	0	0	-0.189388	-0.0631514	0.0740979	0	0	0	0	0	0	0.273034	-0.0159245	-0.285444
2017-11-28 00:00:00	-0.880909	-0.00374235	0.310454	0	-0.0734862	-0.0433516	0.0587014	0	0.569978	0	0	0	0	0	-0.165232	-0.0631551	0.0741101	0	0	0	0	0	0	0.277166	-0.0119831	0.0485506
2017-11-29 00:00:00	-0.680909	-0.0138454	0.281662	0	-0.124596	-0.0260801	0.0371126	0	0.399643	0	0	0	0	0	-0.125602	-0.0631329	0.0741114	0	0	0	0	0	0	0.278597	-0.0108894	0.0260713
2017-11-30 00:00:00	-0.680909	-0.0127645	0.261542	0	-0.0672994	-0.0206866	0.0326851	0	0.296318	0	0	0	0	0	0.0168629	-0.0631362	0.0740712	0	0	0	0	0	0	0.27909	-0.0100721	0.105702
2017-12-01 00:00:00	0	-0.270291	0.282979	0	-0.209403	-0.00931816	0.0101191	0	0.206343	0	0	0	0	0	-0.197245	-0.0631362	0.0740595	0	0	0	0	0	0	0.279285	-0.00950183	0.0938916
2017-12-02 00:00:00	-0.2	-0.145441	0.364607	0	-0.109331	-0.00710235	0.00707467	0	0.117319	0	0	0	0	0	-0.0917573	-0.0631377	0.0740514	0	0	0	0	0	0	0.279193	-0.00858238	0.216893
2017-12-03 00:00:00	-0.194545	-0.112266	0.322791	0	-0.101397	-0.0045736	0.00418443	0	0.084735	0	0	0	0	0	-0.0781132	-0.0631393	0.0740283	0	0	0	0	0	0	0.278754	-0.00812468	0.202333
2017-12-04 00:00:00	-0.205455	-0.126189	0.347429	0	-0.0816371	-0.00474246	0.00481175	0	0.0739149	0	0	0	0	0	-0.0182296	-0.0631377	0.0740072	0	0	0	0	0	0	0.277576	-0.00794644	0.270402
2017-12-05 00:00:00	-0.410909	0.0769386	0.330032	0	-0.0448975	-0.00437478	0.0045987	0	0.0624713	0	0	0	0	0	-0.0149534	-0.0631288	0.0739815	0	0	0	0	0	0	0.276926	-0.00782473	0.278861
2017-12-06 00:00:00	-1.28636	0.527798	0.377205	0	0.0702633	-0.00637776	0.0169666	0	0.0686978	0	0	0	0	0	0.127028	-0.0631212	0.0739531	0	0	0	0	0	0	0.276098	-0.0078283	0.17432
2017-12-07 00:00:00	-6.91909	-0.00306517	0.312705	0	1.11103	-0.111924	0.330854	0	1.21523	0	0	0	0	0	2.74201	-0.0632117	0.0740193	0	0	0	0	0	0	0.27257	-0.0158187	-1.05469
2017-12-08 00:00:00	0	-0.237905	0.24439	0	-0.646115	-0.0263599	0.0322842	0	0.737293	0	0	0	0	0	-0.300332	-0.0633366	0.0736234	0	0	0	0	0	0	0.275281	-0.0145092	0.0743149
2017-12-09 00:00:00	0	-0.184054	0.210241	0	-0.186743	-0.00945172	0.00943547	0	0.194348	0	0	0	0	0	-0.147586	-0.0633562	0.0735777	0	0	0	0	0	0	0.278885	-0.00931528	0.165981
2017-12-10 00:00:00	0	-0.118977	0.135919	0	-0.0982451	-0.00592963	0.00612757	0	0.0975882	0	0	0	0	0	-0.248699	-0.0633396	0.0735515	0	0	0	0	0	0	0.278818	-0.0082898	0.0485238
2017-12-11 00:00:00	-0.2	0.0228921	0.177079	0	-0.0828571	-0.00688283	0.00753636	0	0.0969175	0	0	0	0	0	0.0231032	-0.0633305	0.0735401	0	0	0	0	0	0	0.277284	-0.00821212	0.317069
2017-12-12 00:00:00	-1.60545	0.477349	0.210906	0	0.209994	-0.0143232	0.0460255	0	0.122015	0	0	0	0	0	0.315034	-0.0633284	0.0735204	0	0	0	0	0	0	0.276403	-0.00835138	0.0397877
2017-12-13 00:00:00	-2.95182	-0.0129404	0.269249	0	0.371733	-0.0569192	0.152813	0	0.532703	0	0	0	0	0	1.01712	-0.0633767	0.0735721	0	0	0	0	0	0	0.274146	-0.0116589	-0.405382
2017-12-14 00:00:00	-2.56273	-0.0107771	0.227737	0	0.0628404	-0.0633046	0.152934	0	0.808064	0	0	0	0	0	0.867126	-0.0634802	0.0741131	0	0	0	0	0	0	0.273393	-0.0136197	-0.247701
2017-12-15 00:00:00	-4.33545	-0.00380272	0.224818	0	0.343147	-0.108154	0.250415	0	1.34659	0	0	0	0	0	1.43868	-0.0635782	0.0742759	0	0	0	0	0	0	0.271938	-0.0167041	-0.577833
2017-12-16 00:00:00	-0.194545	-0.0186346	0.188765	0	-0.606829	-0.0237975	0.0306678	0	0.646734	0	0	0	0	0	-0.300394	-0.0636099	0.0744699	0	0	0	0	0	0	0.276097	-0.0135159	-0.00459271
2017-12-17 00:00:00	-2.51909	0.00180941	0.244657	0	0.400814	-0.0617417	0.135773	0	0.617461	0	0	0	0	0	0.738213	-0.0635887	0.0746249	0	0	0	0	0	0	0.276946	-0.0116807	-0.165804
2017-12-18 00:00:00	-0.2	-0.0280063	0.221222	0	-0.444748	-0.0181952	0.0230839	0	0.426276	0	0	0	0	0	-0.241586	-0.0635646	0.0746564	0	0	0	0	0	0	0.278161	-0.0115597	0.0157396
2017-12-19 00:00:00	-0.00545454	-0.289311	0.309984	0	-0.219765	-0.00357255	0.00371924	0	0.158213	0	0	0	0	0	-0.242516	-0.0635486	0.0746256	0	0	0	0	0	0	0.279924	-0.00915221	-0.00685464
2017-12-20 00:00:00	-1.76182	0.282553	0.321936	0	0.288494	-0.0263961	0.0615691	0	0.202835	0	0	0	0	0	0.37295	-0.0635606	0.0746427	0	0	0	0	0	0	0.277362	-0.00890109	0.0216661
2017-12-21 00:00:00	0	-0.239044	0.246967	0	-0.207056	-0.0105074	0.0131948	0	0.215798	0	0	0	0	0	-0.105115	-0.0635646	0.0746291	0	0	0	0	0	0	0.274809	-0.00985131	0.190258
2017-12-22 00:00:00	-0.2	-0.0431577	0.248465	0	-0.12378	-0.0051917	0.00523417	0	0.111942	0	0	0	0	0	-0.00333931	-0.0635575	0.0745947	0	0	0	0	0	0	0.274894	-0.00857833	0.267525
2017-12-23 00:00:00	-4.01091	0.262424	0.349927	0	0.679086	-0.062714	0.173461	0	0.541421	0	0	0	0	0	1.33802	-0.0635966	0.0746285	0	0	0	0	0	0	0.272542	-0.0109444	-0.456657
2017-12-24 00:00:00	-1.98364	-0.00601043	0.292087	0	-0.055413	-0.0485703	0.102284	0	0.764668	0	0	0	0	0	0.553312	-0.0635597	0.0747263	0	0	0	0	0	0	0.271698	-0.0136531	-0.112067
2017-12-25 00:00:00	-25.9182	-0.012067	0.274419	0	1.83212	-0.616093	1.42418	0	8.9602	0	0	0	0	0	10.5244	-0.0640037	0.0751152	0	0	0	0	0	0	0.255824	-0.0419638	-3.30606
2017-12-26 00:00:00	-2.17818	-0.00864438	0.205223	0	-1.33608	-0.162812	0.224202	0	3.19518	0	0	0	0	0	-0.509072	-0.0644015	0.0760075	0	0	0	0	0	0	0.277828	-0.0264598	-0.307211
2017-12-27 00:00:00	0	-0.1366	0.137567	0	-0.350759	-0.0744354	0.0671473	0	1.03257	0	0	0	0	0	-0.874428	-0.0645288	0.07612	0	0	0	0	0	0	0.29009	-0.0152678	0.0874787
2017-12-28 00:00:00	-0.194545	0.0362207	0.159113	0	-0.154658	-0.0435012	0.0371088	0	0.494923	0	0	0	0	0	-0.557617	-0.0645378	0.076091	0	0	0	0	0	0	0.29497	-0.0112358	0.072331
2017-12-29 00:00:00	-1.13	0.0747411	0.184918	0	0.0606458	-0.0496485	0.0752815	0	0.497963	0	0	0	0	0	-0.0289509	-0.0645482	0.0761222	0	0	0	0	0	0	0.295604	-0.0112538	-0.0191252
2017-12-30 00:00:00	-15.4755	-0.00837005	0.249995	0	1.52818	-0.43607	0.931085	0	5.44635	0	0	0	0	0	5.93399	-0.0648344	0.0767361	0	0	0	0	0	0	0.281446	-0.032066	-1.56901
2017-12-31 00:00:00	-4.57364	-0.00976374	0.293022	0	-0.644388	-0.224701	0.409874	0	3.31486	0	0	0	0	0	0.730344	-0.0653066	0.0771623	0	0	0	0	0	0	0.288878	-0.0272635	-0.43092
2018-01-01 00:00:00	-4.12909	-0.00705522	0.287614	0	-0.00383413	-0.181861	0.31025	0	2.38477	0	0	0	0	0	0.677518	-0.065498	0.0774196	0	0	0	0	0	0	0.294926	-0.02236	-0.377201
2018-01-02 00:00:00	-4.11364	-0.0128226	0.274559	0	-0.15463	-0.171326	0.312253	0	2.29163	0	0	0	0	0	0.823597	-0.0657099	0.0777221	0	0	0	0	0	0	0.297716	-0.0221323	-0.462779
2018-01-03 00:00:00	-10.0227	-0.00917091	0.29366	0	0.612991	-0.367005	0.754514	0	4.38212	0	0	0	0	0	3.22592	-0.0660806	0.0777776	0	0	0	0	0	0	0.293177	-0.0298255	-0.854647
2018-01-04 00:00:00	-4.10909	-0.000582278	0.276956	0	-0.245791	-0.246579	0.431088	0	3.07897	0	0	0	0	0	0.575983	-0.0664458	0.0777564	0	0	0	0	0	0	0.297073	-0.0259821	0.0433595
2018-01-05 00:00:00	-3.43273	-0.012205	0.196621	0	-0.268185	-0.174316	0.307141	0	2.20142	0	0	0	0	0	0.49565	-0.0665516	0.0773671	0	0	0	0	0	0	0.301	-0.0214302	-0.396211
2018-01-06 00:00:00	-1.88727	-0.0113269	0.253213	0	-0.267598	-0.124332	0.2055	0	1.42858	0	0	0	0	0	-0.0712002	-0.066612	0.0773546	0	0	0	0	0	0	0.304128	-0.0176178	-0.177183
2018-01-07 00:00:00	-1.6	-0.0047626	0.175685	0	-0.0504755	-0.0989833	0.152929	0	1.07638	0	0	0	0	0	0.0494723	-0.066698	0.0774153	0	0	0	0	0	0	0.306506	-0.0146369	0.00283422
2018-01-08 00:00:00	-1.07545	-0.00561301	0.224566	0	-0.104479	-0.0648445	0.0905077	0	0.789175	0	0	0	0	0	-0.148567	-0.0667282	0.0774556	0	0	0	0	0	0	0.308575	-0.0133013	0.0112923
2018-01-09 00:00:00	0	-0.236226	0.243842	0	-0.355063	-0.0245986	0.0248447	0	0.384698	0	0	0	0	0	-0.26764	-0.0667347	0.0774947	0	0	0	0	0	0	0.310715	-0.0111389	0.0801927
2018-01-10 00:00:00	-1.07	0.203191	0.288925	0	0.00110683	-0.0302447	0.0446865	0	0.267505	0	0	0	0	0	0.0117423	-0.0667499	0.0775237	0	0	0	0	0	0	0.310989	-0.00970388	0.028971
2018-01-11 00:00:00	-0.00545454	-0.261633	0.280005	0	-0.234173	-0.0170786	0.0182886	0	0.244174	0	0	0	0	0	-0.16252	-0.0667482	0.0775535	0	0	0	0	0	0	0.309992	-0.010095	0.17231
2018-01-12 00:00:00	0	-0.274109	0.315275	0	-0.159588	-0.00866705	0.00846577	0	0.130804	0	0	0	0	0	-0.121478	-0.0667419	0.0775727	0	0	0	0	0	0	0.309386	-0.00893139	0.201988
2018-01-13 00:00:00	0	-0.256624	0.295208	0	-0.149053	-0.00513601	0.0049987	0	0.0972608	0	0	0	0	0	-0.0809095	-0.0667544	0.0775822	0	0	0	0	0	0	0.308742	-0.00842146	0.216893
2018-01-14 00:00:00	-2.56727	0.769642	0.301617	0	0.407727	-0.025527	0.0699977	0	0.191748	0	0	0	0	0	0.533791	-0.0667739	0.077609	0	0	0	0	0	0	0.306964	-0.00887352	-0.00935123
2018-01-15 00:00:00	-4.65455	-0.00625084	0.349038	0	0.659967	-0.129595	0.268952	0	1.16585	0	0	0	0	0	1.58991	-0.0669309	0.0777059	0	0	0	0	0	0	0.303747	-0.015799	-0.457947
2018-01-16 00:00:00	-1.76182	-0.0126515	0.267621	0	-0.262371	-0.0694988	0.112855	0	1.01489	0	0	0	0	0	0.318748	-0.0670506	0.0777871	0	0	0	0	0	0	0.305609	-0.0153251	-0.0912004
2018-01-17 00:00:00	-1.11364	-0.00303264	0.288281	0	-0.112004	-0.0490822	0.0762176	0	0.555565	0	0	0	0	0	0.0832905	-0.0670449	0.0778641	0	0	0	0	0	0	0.307933	-0.0119697	0.0323805
2018-01-18 00:00:00	-2.15182	-0.00848976	0.272137	0	0.179671	-0.0767365	0.145579	0	0.702191	0	0	0	0	0	0.515261	-0.0670675	0.0779464	0	0	0	0	0	0	0.307729	-0.0124087	-0.116006
2018-01-19 00:00:00	-1.38909	-0.00696976	0.284487	0	-0.0957194	-0.0523362	0.0874087	0	0.645359	0	0	0	0	0	0.202667	-0.0671403	0.0780328	0	0	0	0	0	0	0.307668	-0.0125204	-0.0181553
2018-01-20 00:00:00	-0.00545454	-0.231502	0.244242	0	-0.401744	-0.0179006	0.0190834	0	0.324479	0	0	0	0	0	-0.142156	-0.0671237	0.0780472	0	0	0	0	0	0	0.309287	-0.0107799	0.0984772
2018-01-21 00:00:00	-4.93636	0.216552	0.47392	0	0.936976	-0.143519	0.304478	0	1.08089	0	0	0	0	0	1.54048	-0.0671736	0.0781729	0	0	0	0	0	0	0.305816	-0.0140606	-0.223834
2018-01-22 00:00:00	-16.1864	-0.00829415	0.266904	0	1.01947	-0.633168	1.268	0	6.64695	0	0	0	0	0	6.0063	-0.0673406	0.0782701	0	0	0	0	0	0	0.292128	-0.0366565	-1.3538
2018-01-23 00:00:00	-6.44818	-0.00190537	0.179154	0	-0.318852	-0.347952	0.575916	0	4.48895	0	0	0	0	0	1.51173	-0.0676201	0.0785706	0	0	0	0	0	0	0.30092	-0.0309399	-0.0802107
2018-01-24 00:00:00	-10.94	-0.00696653	0.350288	0	0.489617	-0.482077	0.851312	0	5.66675	0	0	0	0	0	3.18938	-0.0680461	0.0792255	0	0	0	0	0	0	0.300739	-0.0333718	-0.603159
2018-01-25 00:00:00	-1.07545	-0.0139345	0.395035	0	-1.23289	-0.156347	0.173755	0	2.40208	0	0	0	0	0	-0.90752	-0.0682492	0.0795343	0	0	0	0	0	0	0.312642	-0.0219858	-0.113333
2018-01-26 00:00:00	-0.875454	-0.0340965	0.365605	0	0.240066	-0.0489851	0.0598702	0	0.792041	0	0	0	0	0	-0.420165	-0.0684734	0.0796798	0	0	0	0	0	0	0.320271	-0.013147	0.397213
2018-01-27 00:00:00	-2.77273	0.0282955	0.486734	0	-0.160461	-0.1675	0.224895	0	1.40494	0	0	0	0	0	0.1636	-0.0684883	0.0797106	0	0	0	0	0	0	0.317703	-0.0157031	-0.478998
2018-01-28 00:00:00	-7.42727	-0.00497543	0.540251	0	0.63271	-0.297253	0.544744	0	3.31914	0	0	0	0	0	2.04854	-0.0684947	0.0798353	0	0	0	0	0	0	0.312185	-0.0246892	-0.345279
2018-01-29 00:00:00	-4.82727	-0.0112808	0.46346	0	-0.321789	-0.241199	0.401699	0	3.01704	0	0	0	0	0	0.928032	-0.0684609	0.0798507	0	0	0	0	0	0	0.313277	-0.0246866	-0.291329
2018-01-30 00:00:00	-3.50273	-0.00467622	0.41995	0	-0.143006	-0.190192	0.297855	0	2.24077	0	0	0	0	0	0.473216	-0.0684037	0.080108	0	0	0	0	0	0	0.317095	-0.0212041	-0.101213
2018-01-31 00:00:00	-7.47091	-0.00305042	0.411727	0	0.526226	-0.345014	0.611661	0	3.63774	0	0	0	0	0	2.09213	-0.0685075	0.0803989	0	0	0	0	0	0	0.313626	-0.0260322	-0.240005
2018-02-01 00:00:00	-1.46	-0.00862877	0.444233	0	-0.777608	-0.139228	0.188989	0	1.827	0	0	0	0	0	-0.433533	-0.0685637	0.0805144	0	0	0	0	0	0	0.31953	-0.0197752	-0.0470698
2018-02-02 00:00:00	-0.394545	-0.0527299	0.436908	0	-0.298546	-0.0620591	0.0595762	0	0.651528	0	0	0	0	0	-0.564761	-0.0686276	0.0805161	0	0	0	0	0	0	0.325135	-0.0126212	0.0997721
2018-02-03 00:00:00	-4.42727	0.0501302	0.31901	0	0.660576	-0.182603	0.324754	0	1.63976	0	0	0	0	0	1.07945	-0.0687813	0.0805452	0	0	0	0	0	0	0.322286	-0.0165875	-0.218736
2018-02-04 00:00:00	-0.902727	-0.00948093	0.426409	0	-0.5939	-0.0670299	0.0835212	0	0.985849	0	0	0	0	0	-0.237966	-0.0688841	0.0805188	0	0	0	0	0	0	0.324335	-0.015209	0.00543505
2018-02-05 00:00:00	-0.389091	-0.051526	0.400702	0	-0.303532	-0.0295153	0.0281443	0	0.384532	0	0	0	0	0	-0.269708	-0.0690497	0.0804807	0	0	0	0	0	0	0.328366	-0.0109462	0.0988577
2018-02-06 00:00:00	-2.38364	0.0418851	0.37798	0	0.398922	-0.0814741	0.133827	0	0.652981	0	0	0	0	0	0.529884	-0.0690994	0.0805136	0	0	0	0	0	0	0.326743	-0.0118172	-0.00329125
2018-02-07 00:00:00	-0.6	-0.0043136	0.345202	0	-0.362445	-0.035488	0.0428141	0	0.517995	0	0	0	0	0	-0.142049	-0.0691743	0.080491	0	0	0	0	0	0	0.326881	-0.0119985	0.0879145
2018-02-08 00:00:00	-1.29727	-0.0102789	0.555186	0	-0.0148772	-0.0358876	0.0573867	0	0.341461	0	0	0	0	0	0.110911	-0.0691698	0.080577	0	0	0	0	0	0	0.327525	-0.010525	0.0350347
2018-02-09 00:00:00	-1.11364	-0.00133668	0.491565	0	-0.0575359	-0.0338924	0.0557174	0	0.337329	0	0	0	0	0	0.0664547	-0.0692009	0.0805931	0	0	0	0	0	0	0.326912	-0.0106212	0.0723478
2018-02-10 00:00:00	-5.28182	-0.00704851	0.540597	0	0.810879	-0.176066	0.347931	0	1.54765	0	0	0	0	0	1.53237	-0.0692755	0.0806362	0	0	0	0	0	0	0.321709	-0.0167048	-0.369142
2018-02-11 00:00:00	-4.09727	-0.00702581	0.481195	0	0.0732686	-0.169146	0.296384	0	1.91266	0	0	0	0	0	0.895583	-0.0694169	0.0805667	0	0	0	0	0	0	0.320463	-0.0199142	-0.302651
2018-02-12 00:00:00	-2.90273	-0.00772851	0.503483	0	-0.13761	-0.130704	0.214996	0	1.54825	0	0	0	0	0	0.41334	-0.0697188	0.0804077	0	0	0	0	0	0	0.323409	-0.017485	-0.182087
2018-02-13 00:00:00	-3.81727	-0.00758237	0.523622	0	0.038777	-0.184014	0.324983	0	1.84519	0	0	0	0	0	0.818245	-0.0697974	0.0803629	0	0	0	0	0	0	0.322717	-0.0190839	-0.143858
2018-02-14 00:00:00	-0.405455	-0.151506	0.549452	0	-0.52154	-0.0489469	0.052961	0	0.734176	0	0	0	0	0	-0.362683	-0.0698707	0.0802228	0	0	0	0	0	0	0.326985	-0.0138836	0.169912
2018-02-15 00:00:00	-3.18364	0.13935	0.572888	0	0.362632	-0.108014	0.186615	0	0.918089	0	0	0	0	0	0.591087	-0.0699014	0.0802272	0	0	0	0	0	0	0.326975	-0.0129629	-0.196652
2018-02-16 00:00:00	-1.07	-0.0134022	0.646162	0	-0.383345	-0.0511955	0.0622868	0	0.695314	0	0	0	0	0	-0.0957748	-0.0699364	0.0801839	0	0	0	0	0	0	0.327275	-0.0131758	0.114392
2018-02-17 00:00:00	-1.38364	0.00495633	0.633732	0	-0.0392031	-0.0428646	0.0605761	0	0.445821	0	0	0	0	0	0.0480617	-0.0699736	0.080181	0	0	0	0	0	0	0.328776	-0.0112193	0.0552073
2018-02-18 00:00:00	-3.40545	0.00139437	0.577229	0	0.47736	-0.109039	0.197106	0	1.01502	0	0	0	0	0	0.840006	-0.0700646	0.0801449	0	0	0	0	0	0	0.326016	-0.0136691	-0.0839525
2018-02-19 00:00:00	-3.93	-0.00627337	0.804198	0	0.132929	-0.147362	0.262723	0	1.57356	0	0	0	0	0	0.874429	-0.0702075	0.0800456	0	0	0	0	0	0	0.32384	-0.0174646	-0.119583
2018-02-20 00:00:00	-0.589091	-0.120935	0.693768	0	-0.711525	-0.0416033	0.0406309	0	0.725065	0	0	0	0	0	-0.270965	-0.0703127	0.0799763	0	0	0	0	0	0	0.327957	-0.0137072	0.0492585
2018-02-21 00:00:00	-0.389091	-0.198124	0.62312	0	-0.215852	-0.0182327	0.0142466	0	0.207014	0	0	0	0	0	-0.187124	-0.0703235	0.0800136	0	0	0	0	0	0	0.330418	-0.00973143	0.166335
2018-02-22 00:00:00	-0.589091	-0.000957114	0.599192	0	-0.184063	-0.00913293	0.0071934	0	0.14715	0	0	0	0	0	-0.108565	-0.0703774	0.0800534	0	0	0	0	0	0	0.329896	-0.00915178	0.192146
2018-02-23 00:00:00	-0.389091	-0.185604	0.6198	0	-0.146759	-0.00824258	0.00612572	0	0.103077	0	0	0	0	0	-0.0671482	-0.0703773	0.0800891	0	0	0	0	0	0	0.327819	-0.00861496	0.261073
2018-02-24 00:00:00	-0.389091	-0.212513	0.651498	0	-0.15244	-0.00609115	0.00438231	0	0.0895773	0	0	0	0	0	-0.0919073	-0.0703716	0.0801097	0	0	0	0	0	0	0.326162	-0.00845963	0.220857
2018-02-25 00:00:00	-0.778182	0.109307	0.684799	0	-0.116113	-0.00366683	0.00257757	0	0.0752655	0	0	0	0	0	-0.0254424	-0.070365	0.0801312	0	0	0	0	0	0	0.324101	-0.00836685	0.274046
2018-02-26 00:00:00	-0.394545	-0.181881	0.605196	0	-0.0606883	-0.00470207	0.00365244	0	0.0640605	0	0	0	0	0	-0.000441328	-0.0703669	0.0801671	0	0	0	0	0	0	0.322342	-0.00818805	0.354604
2018-02-27 00:00:00	-1.6	0.544535	0.561932	0	0.134531	-0.00632742	0.0284002	0	0.0903523	0	0	0	0	0	0.132173	-0.0703731	0.0801744	0	0	0	0	0	0	0.32076	-0.00836735	0.207791
2018-02-28 00:00:00	-0.389091	-0.0660484	0.447152	0	-0.165409	-0.00389493	0.00680299	0	0.123777	0	0	0	0	0	0.00669378	-0.0703768	0.0801792	0	0	0	0	0	0	0.319292	-0.00911835	0.279959
2018-03-01 00:00:00	0	-0.447232	0.510167	0	-0.0656035	-0.00407971	0.00355995	0	0.0611513	0	0	0	0	0	0.0106605	-0.0703764	0.080167	0	0	0	0	0	0	0.316581	-0.00821964	0.386776
2018-03-02 00:00:00	0	-0.47386	0.553426	0	-0.0907025	-0.00308489	0.00255038	0	0.0623491	0	0	0	0	0	-0.00754125	-0.0703658	0.0801597	0	0	0	0	0	0	0.310892	-0.00812925	0.355694
2018-03-03 00:00:00	0	-0.251977	0.371108	0	-0.0906844	-0.00199971	0.00180578	0	0.0479508	0	0	0	0	0	0.0227053	-0.070352	0.0801462	0	0	0	0	0	0	0.307306	-0.00786847	0.408141
2018-03-04 00:00:00	-0.00545455	-0.311299	0.725195	0	-0.262967	-0.000432593	0.000368849	0	0.0414107	0	0	0	0	0	-0.0329345	-0.0703434	0.0801318	0	0	0	0	0	0	0.305375	-0.00787125	0.46118
2018-03-05 00:00:00	-5.58909	1.74417	0.758055	0	0.995425	-0.0249678	0.122732	0	0.236964	0	0	0	0	0	0.907055	-0.0703677	0.0801759	0	0	0	0	0	0	0.303206	-0.00902417	-0.545671
2018-03-06 00:00:00	-1.52	-0.065063	0.815707	0	-0.240845	-0.113193	0.285541	0	0.389351	0	0	0	0	0	0.150558	-0.0704295	0.0802827	0	0	0	0	0	0	0.303429	-0.0121665	0.00317259
2018-03-07 00:00:00	-7.63727	0.054968	0.796014	0	1.19531	-0.200587	0.435381	0	1.52035	0	0	0	0	0	2.15278	-0.0705893	0.0803617	0	0	0	0	0	0	0.300747	-0.0182182	-1.39076
2018-03-08 00:00:00	-3.22636	-0.00445727	0.812425	0	-0.125992	-0.123235	0.191048	0	1.42936	0	0	0	0	0	0.458747	-0.0707234	0.080362	0	0	0	0	0	0	0.305803	-0.0185283	-0.29155
2018-03-09 00:00:00	-11.8727	-0.0161844	0.862337	0	1.04353	-0.417978	0.741373	0	4.7445	0	0	0	0	0	3.37664	-0.070834	0.080413	0	0	0	0	0	0	0.30105	-0.0294717	-1.25735
2018-03-10 00:00:00	-0.532727	-0.618551	0.930598	0	-1.15068	-0.157363	0.21726	0	1.7914	0	0	0	0	0	-0.759555	-0.071122	0.0802264	0	0	0	0	0	0	0.314372	-0.0199251	0.0239304
2018-03-11 00:00:00	-0.194545	-0.593101	0.998255	0	-0.399135	-0.0383044	0.0374048	0	0.412149	0	0	0	0	0	-0.54622	-0.0711665	0.0802473	0	0	0	0	0	0	0.322272	-0.0110179	-0.00316183
2018-03-12 00:00:00	-0.389091	-0.247363	0.916496	0	-0.184941	-0.0228097	0.0193247	0	0.176748	0	0	0	0	0	-0.37818	-0.0711689	0.0803004	0	0	0	0	0	0	0.323911	-0.00943648	0.213791
2018-03-13 00:00:00	-0.610909	-0.173733	0.93289	0	-0.20206	-0.0156343	0.014934	0	0.160756	0	0	0	0	0	-0.205244	-0.07117	0.0803809	0	0	0	0	0	0	0.32302	-0.00932084	0.223911
2018-03-14 00:00:00	-0.194545	-0.356544	0.995153	0	-0.354258	-0.00542756	0.0040159	0	0.0981153	0	0	0	0	0	-0.0937763	-0.0711249	0.0804777	0	0	0	0	0	0	0.32145	-0.0087962	0.41474
2018-03-15 00:00:00	-5.60091	1.9769	1.05466	0	0.877935	-0.0784341	0.165492	0	0.398077	0	0	0	0	0	0.663997	-0.071136	0.0805349	0	0	0	0	0	0	0.318929	-0.00990336	-0.223859
2018-03-16 00:00:00	-3.35727	0.00372646	0.949239	0	0.217018	-0.11096	0.211556	0	0.94648	0	0	0	0	0	0.548548	-0.0711678	0.0805739	0	0	0	0	0	0	0.317312	-0.0144201	-0.279369
2018-03-17 00:00:00	-0.4	-0.40784	0.847895	0	-0.457841	-0.0285083	0.0320201	0	0.454262	0	0	0	0	0	-0.216887	-0.071204	0.0805296	0	0	0	0	0	0	0.320237	-0.0118043	0.140859
2018-03-18 00:00:00	-1.02182	0.176457	0.81801	0	-0.186274	-0.0157339	0.0197869	0	0.166237	0	0	0	0	0	-0.11923	-0.0711951	0.0805621	0	0	0	0	0	0	0.321205	-0.00927603	0.15873
2018-03-19 00:00:00	-0.26	-0.637662	0.942125	0	-0.14586	-0.0152376	0.0256012	0	0.105194	0	0	0	0	0	-0.0819084	-0.0711928	0.0805929	0	0	0	0	0	0	0.319753	-0.00873407	0.252671
2018-03-20 00:00:00	-0.194545	-0.55367	1.00708	0	-0.273406	-0.00266578	0.00446258	0	0.0729157	0	0	0	0	0	-0.0292068	-0.0711891	0.0806132	0	0	0	0	0	0	0.318154	-0.00825019	0.350288
2018-03-21 00:00:00	-0.4	-0.34144	1.12566	0	-0.28114	-0.00108077	0.00145855	0	0.0449967	0	0	0	0	0	-0.0753892	-0.0711789	0.0806287	0	0	0	0	0	0	0.316023	-0.00794046	0.390601
2018-03-22 00:00:00	-0.194545	-0.421076	1.14101	0	-0.361725	-0.000259376	0.000203757	0	0.0403866	0	0	0	0	0	-0.0453835	-0.0711628	0.0806312	0	0	0	0	0	0	0.312706	-0.00786196	0.472923
2018-03-23 00:00:00	-3.87545	1.36359	1.33534	0	0.569136	-0.00711959	0.0068222	0	0.0531808	0	0	0	0	0	0.205494	-0.0711528	0.080663	0	0	0	0	0	0	0.308717	-0.0078402	-0.038615
2018-03-24 00:00:00	-0.194545	-0.840779	1.15827	0	-0.158978	-0.00444159	0.00433779	0	0.0971457	0	0	0	0	0	-0.0187407	-0.0711473	0.0806849	0	0	0	0	0	0	0.305773	-0.00861365	0.348968
2018-03-25 00:00:00	-0.394545	-0.472623	1.21685	0	-0.237672	-0.000929918	0.000682115	0	0.0461983	0	0	0	0	0	-0.00262907	-0.0711324	0.080671	0	0	0	0	0	0	0.303282	-0.00787166	0.460276
2018-03-26 00:00:00	-0.2	-0.426251	1.14517	0	-0.272308	-0.000557181	0.000393841	0	0.032476	0	0	0	0	0	-0.06337	-0.0711107	0.0806603	0	0	0	0	0	0	0.298857	-0.0076541	0.516309
2018-03-27 00:00:00	-6.14273	2.06232	1.3634	0	1.003	-0.0452008	0.176671	0	0.160692	0	0	0	0	0	0.737021	-0.071132	0.0807246	0	0	0	0	0	0	0.293879	-0.00842834	-0.389783
2018-03-28 00:00:00	-0.389091	-0.695668	1.1824	0	-0.360151	-0.0132152	0.0283781	0	0.295174	0	0	0	0	0	-0.103842	-0.0711506	0.0807662	0	0	0	0	0	0	0.292609	-0.010978	0.235234
2018-03-29 00:00:00	-0.389091	-0.518954	1.13193	0	-0.169879	-0.00314336	0.00289725	0	0.0726829	0	0	0	0	0	-0.0964926	-0.0711439	0.0807563	0	0	0	0	0	0	0.292257	-0.0082021	0.323617
2018-03-30 00:00:00	-5.25364	1.69039	1.26595	0	0.671462	-0.0363479	0.13348	0	0.31229	0	0	0	0	0	0.626267	-0.0711345	0.0807929	0	0	0	0	0	0	0.287605	-0.00943066	-0.302309
2018-03-31 00:00:00	-4.57909	0.00275218	1.15513	0	0.422845	-0.107646	0.241684	0	0.896068	0	0	0	0	0	0.955929	-0.0711548	0.0808828	0	0	0	0	0	0	0.28478	-0.014382	-0.732206
2018-04-01 00:00:00	-3.79455	-0.0272979	1.19387	0	0.0738391	-0.104115	0.193669	0	0.981292	0	0	0	0	0	0.638624	-0.0712033	0.080929	0	0	0	0	0	0	0.287695	-0.0144069	-0.561646
2018-04-02 00:00:00	-7.69182	0.0129987	1.03249	0	0.705906	-0.259406	0.483961	0	2.37625	0	0	0	0	0	2.00823	-0.0712838	0.0811263	0	0	0	0	0	0	0.287431	-0.0215648	-1.05568
2018-04-03 00:00:00	-14.5836	0.00574941	1.10874	0	0.848955	-0.602806	1.08813	0	6.23846	0	0	0	0	0	4.10783	-0.0716018	0.0811899	0	0	0	0	0	0	0.284565	-0.035176	-1.5296
2018-04-04 00:00:00	-10.1891	-0.00857033	1.20469	0	-0.249829	-0.523596	0.819651	0	5.61251	0	0	0	0	0	1.97139	-0.0721024	0.0810944	0	0	0	0	0	0	0.296374	-0.0338379	-1.09131
2018-04-05 00:00:00	-11.6864	0.00763869	1.17321	0	0.30306	-0.60923	0.954649	0	6.26031	0	0	0	0	0	2.44669	-0.0724778	0.0813602	0	0	0	0	0	0	0.303686	-0.0352483	-0.872717
2018-04-06 00:00:00	-0.2	-0.827325	1.15002	0	-0.998286	-0.164659	0.140256	0	2.06755	0	0	0	0	0	-1.12558	-0.072665	0.0815545	0	0	0	0	0	0	0.320041	-0.0205239	0.350385
2018-04-07 00:00:00	-1.49727	0.323474	1.14954	0	-0.367736	-0.0995499	0.0816271	0	0.823062	0	0	0	0	0	-0.724799	-0.0727635	0.0817454	0	0	0	0	0	0	0.326384	-0.0124536	0.0112572
2018-04-08 00:00:00	-0.4	-0.6497	1.14821	0	-0.202417	-0.0623724	0.0458854	0	0.496122	0	0	0	0	0	-0.44356	-0.0727489	0.0818313	0	0	0	0	0	0	0.327411	-0.0114714	0.257196
2018-04-09 00:00:00	-0.2	-0.472425	1.12256	0	-0.363978	-0.0205965	0.0124301	0	0.245359	0	0	0	0	0	-0.391348	-0.072795	0.081976	0	0	0	0	0	0	0.328721	-0.00996357	0.259936
2018-04-10 00:00:00	-1.49727	0.347848	1.12257	0	-0.070826	-0.0235032	0.0193623	0	0.173351	0	0	0	0	0	-0.181494	-0.0727957	0.0820223	0	0	0	0	0	0	0.328384	-0.00935035	0.218294
2018-04-11 00:00:00	-0.2	-0.673471	1.08902	0	-0.295708	-0.0115719	0.00832995	0	0.155471	0	0	0	0	0	-0.166168	-0.072789	0.0820495	0	0	0	0	0	0	0.327824	-0.00914621	0.233843
2018-04-12 00:00:00	-3.79455	1.43304	1.0962	0	0.478513	-0.0393716	0.0658053	0	0.240463	0	0	0	0	0	0.259093	-0.0727887	0.0820757	0	0	0	0	0	0	0.326892	-0.00917123	0.0662118
2018-04-13 00:00:00	-2.89727	0.514668	1.08506	0	0.07627	-0.0557461	0.120054	0	0.537575	0	0	0	0	0	0.266589	-0.0727762	0.0821305	0	0	0	0	0	0	0.326072	-0.0116797	-0.0290568
2018-04-14 00:00:00	0	-1.63086	2.60681	0	-0.992533	-0.00886467	0.0107814	0	0.240339	0	0	0	0	0	-0.216639	-0.0727704	0.0821522	0	0	0	0	0	0	0.327949	-0.0101808	0.336184
2018-04-15 00:00:00	-4.99454	1.6428	1.5888	0	0.907618	-0.0208009	0.0599755	0	0.147794	0	0	0	0	0	0.387787	-0.072769	0.0821751	0	0	0	0	0	0	0.328265	-0.00852476	0.0485744
2018-04-16 00:00:00	0	-1.27456	1.76743	0	-0.621569	-0.00948768	0.0136526	0	0.248415	0	0	0	0	0	-0.150807	-0.0727663	0.0821921	0	0	0	0	0	0	0.326931	-0.0101421	0.299294
2018-04-17 00:00:00	-1.29727	-0.401105	2.0412	0	-0.248527	-0.00105039	0.000974911	0	0.0532204	0	0	0	0	0	-0.12833	-0.0727473	0.082182	0	0	0	0	0	0	0.327502	-0.00822478	0.34782
2018-04-18 00:00:00	0	-0.980894	2.27282	0	-0.912486	-0.000261648	9.1406E-05	0	0.0339066	0	0	0	0	0	-0.129722	-0.0727381	0.0821632	0	0	0	0	0	0	0.324906	-0.00771951	0.61007
2018-04-19 00:00:00	0	-1.22762	2.82819	0	-0.858713	-5.94772E-05	5.35776E-06	0	0.0253122	0	0	0	0	0	-0.239893	-0.0727058	0.082089	0	0	0	0	0	0	0.32252	-0.00752813	0.851605
2018-04-20 00:00:00	0	-1.23164	2.73751	0	-0.330782	-3.62039E-05	1.38032E-06	0	0.0170655	0	0	0	0	0	-0.428271	-0.0726185	0.0819921	0	0	0	0	0	0	0.32028	-0.00732815	1.08618
2018-04-21 00:00:00	0	-0.716133	3.28966	0	-0.442324	-1.97469E-05	0	0	0.00749428	0	0	0	0	0	-0.997309	-0.072501	0.081929	0	0	0	0	0	0	0.31678	-0.00715395	1.46042
2018-04-22 00:00:00	-5.39455	1.39854	2.30729	0	0.408746	0	0	0	6.01291E-06	0	0	0	0	0	0.764175	-0.0725645	0.082009	0	0	0	0	0	0	0.313359	-0.00698419	-0.199965
2018-04-23 00:00:00	-2.49727	0.0780306	2.15594	0	0.322725	0	0	0	0.00303108	0	0	0	0	0	0.29485	-0.0725606	0.0819983	0	0	0	0	0	0	0.309961	-0.00700168	0.669697
2018-04-24 00:00:00	-0.2	-1.38131	2.14732	0	-0.0896616	0	0	0	0.0131449	0	0	0	0	0	-0.0520676	-0.0725264	0.0819549	0	0	0	0	0	0	0.307671	-0.00715878	0.747368
2018-04-25 00:00:00	-2.89727	0.655062	2.15261	0	0.16656	0	0	0	0.0175662	0	0	0	0	0	0.108684	-0.0724985	0.0819219	0	0	0	0	0	0	0.304562	-0.00725894	0.509931
2018-04-26 00:00:00	-5.19455	0.976241	2.14032	0	0.565187	-0.00390761	0.00330341	0	0.0405692	0	0	0	0	0	0.734952	-0.072539	0.0819883	0	0	0	0	0	0	0.298986	-0.00772613	-0.437167
2018-04-27 00:00:00	-1.69727	-0.234802	1.94635	0	-0.0413457	-0.00166459	0.00184036	0	0.059318	0	0	0	0	0	-0.0107651	-0.072541	0.082016	0	0	0	0	0	0	0.292801	-0.00829875	0.315631
2018-04-28 00:00:00	-7.89182	2.06369	1.87357	0	1.52149	-0.025953	0.093205	0	0.219785	0	0	0	0	0	0.949053	-0.0725671	0.0821072	0	0	0	0	0	0	0.287643	-0.00878409	-0.908585
2018-04-29 00:00:00	-0.2	-1.2501	1.85786	0	-0.510715	-0.00866095	0.0172175	0	0.289906	0	0	0	0	0	-0.178965	-0.0725593	0.0821363	0	0	0	0	0	0	0.287056	-0.0108142	0.302362
2018-04-30 00:00:00	0	-0.823596	1.9052	0	-0.639943	-7.39215E-06	0	0	0.0462451	0	0	0	0	0	-0.2231	-0.0725035	0.0820716	0	0	0	0	0	0	0.288004	-0.00798294	0.554385
2018-05-01 00:00:00	0	-0.929325	2.16812	0	-0.85102	-1.49314E-06	0	0	0.0219508	0	0	0	0	0	-0.252999	-0.0724493	0.0820034	0	0	0	0	0	0	0.285413	-0.00726515	0.444427
2018-05-02 00:00:00	-2.56818	0.223503	2.27498	0	0.387306	-4.20374E-05	0.000308517	0	0.0116797	0	0	0	0	0	0.154162	-0.07246	0.081997	0	0	0	0	0	0	0.281576	-0.00700016	0.767831
2018-05-03 00:00:00	-0.291818	-0.744238	2.25966	0	-0.576575	-0.000163614	0.000312094	0	0.0270377	0	0	0	0	0	-0.197871	-0.0724259	0.0819571	0	0	0	0	0	0	0.276394	-0.00729873	0.754969
2018-05-04 00:00:00	-0.297273	-0.0253913	2.49495	0	-0.449497	0	0	0	0.00426707	0	0	0	0	0	-0.780051	-0.0722766	0.0818437	0	0	0	0	0	0	0.271563	-0.00682651	1.22131
2018-05-05 00:00:00	0	-0.00629653	2.37227	0	-0.586092	0	0	0	0	0	0	0	0	0	-0.883533	-0.0721352	0.0817377	0	0	0	0	0	0	0.264766	-0.00661487	1.1641
2018-05-06 00:00:00	-0.194545	0	3.49059	0	-0.179937	0	0	0	0	0	0	0	0	0	-1.31514	-0.0719835	0.0815818	0	0	0	0	0	0	0.259734	-0.00655613	2.06374
2018-05-07 00:00:00	0	0	3.08725	0	-0.0495424	0	0	0	0	0	0	0	0	0	-1.09039	-0.0718258	0.081425	0	0	0	0	0	0	0.253036	-0.00649868	2.20345
2018-05-08 00:00:00	-1.23818	0.00490698	2.49793	0	0.0163949	0	0	0	0	0	0	0	0	0	-0.448734	-0.0717437	0.0813483	0	0	0	0	0	0	0.245447	-0.00643663	1.08093
2018-05-09 00:00:00	-1.70273	-0.00490698	2.36414	0	0.0391046	0	0	0	0	0	0	0	0	0	-0.266356	-0.0714528	0.0814242	0	0	0	0	0	0	0.235183	-0.00635186	0.668056
2018-05-10 00:00:00	-0.2	0	2.10092	0	0.0302875	0	0	0	0	0	0	0	0	0	-0.591525	-0.0713806	0.0814006	0	0	0	0	0	0	0.227047	-0.00630586	1.57045
2018-05-11 00:00:00	-0.313636	0	2.21523	0	-0.00749538	0	0	0	0	0	0	0	0	0	-0.70452	-0.071207	0.0814463	0	0	0	0	0	0	0.22258	-0.00627684	1.41612
2018-05-12 00:00:00	-2.55727	0.0635916	2.73584	0	0.0381012	0	0	0	0	0	0	0	0	0	-0.130169	-0.0711887	0.081406	0	0	0	0	0	0	0.212953	-0.00617266	0.367084
2018-05-13 00:00:00	-6.87091	1.83103	2.78537	0	0.240227	0	0.000226704	0	0.000180915	0	0	0	0	0	0.879247	-0.071242	0.0814379	0	0	0	0	0	0	0.211099	-0.00614892	-0.919482
2018-05-14 00:00:00	0	-1.89459	5.3876	0	-0.298503	0	8.91884E-05	0	0.000459124	0	0	0	0	0	-1.20351	-0.0711807	0.0813892	0	0	0	0	0	0	0.209955	-0.00613423	2.20557
2018-05-15 00:00:00	-0.00545455	0	3.19362	0	-0.0283649	0	0	0	0	0	0	0	0	0	-1.2521	-0.070978	0.0809896	0	0	0	0	0	0	0.207359	-0.00611192	2.11896
2018-05-16 00:00:00	0	0	2.23213	0	-0.0664893	0	0	0	0	0	0	0	0	0	-0.877166	-0.0710467	0.0802663	0	0	0	0	0	0	0.20419	-0.00606653	1.49582
2018-05-17 00:00:00	0	0	2.97587	0	-0.0187297	0	0	0	0	0	0	0	0	0	-1.06324	-0.0708599	0.0801527	0	0	0	0	0	0	0.200322	-0.00603876	2.09748
2018-05-18 00:00:00	0	0	4.11151	0	-0.0281689	0	0	0	0	0	0	0	0	0	-1.46009	-0.0705759	0.0799688	0	0	0	0	0	0	0.196296	-0.00599757	2.82295
2018-05-19 00:00:00	0	0	3.2808	0	-0.0153098	0	0	0	0	0	0	0	0	0	-1.16491	-0.0704144	0.0797852	0	0	0	0	0	0	0.190984	-0.00592779	2.295
2018-05-20 00:00:00	0	0	2.66012	0	-0.00982284	0	0	0	0	0	0	0	0	0	-0.856375	-0.0702112	0.0795872	0	0	0	0	0	0	0.188395	-0.00589813	1.98579
2018-05-21 00:00:00	0	0	3.55477	0	-0.0146244	0	0	0	0	0	0	0	0	0	-1.35262	-0.0701433	0.0792016	0	0	0	0	0	0	0.185258	-0.00587087	2.37597
2018-05-22 00:00:00	0	0	2.24257	0	-0.00421727	0	0	0	0	0	0	0	0	0	-0.97811	-0.069629	0.0790811	0	0	0	0	0	0	0.181611	-0.00584687	1.44546
2018-05-23 00:00:00	0	0	2.30199	0	-0.00525092	0	0	0	0	0	0	0	0	0	-0.823234	-0.0694322	0.0789918	0	0	0	0	0	0	0.177937	-0.00580504	1.6552
2018-05-24 00:00:00	0	0	2.74046	0	-0.00714262	0	0	0	0	0	0	0	0	0	-0.988552	-0.0692976	0.0786176	0	0	0	0	0	0	0.175897	-0.00577965	1.9242
2018-05-25 00:00:00	-0.194545	0	2.52102	0	-0.00405997	0	0	0	0	0	0	0	0	0	-0.82454	-0.0691719	0.0783307	0	0	0	0	0	0	0.174303	-0.00575937	1.67558
2018-05-26 00:00:00	0	0	2.31881	0	-0.00233867	0	0	0	0	0	0	0	0	0	-0.871983	-0.0690849	0.0780888	0	0	0	0	0	0	0.172885	-0.00573851	1.62064
2018-05-27 00:00:00	-0.2	0	2.79432	0	-0.00369048	0	0	0	0	0	0	0	0	0	-1.00198	-0.0690966	0.0774803	0	0	0	0	0	0	0.171417	-0.00571816	1.76274
2018-05-28 00:00:00	-0.194545	0	3.55504	0	-0.00580273	0	0	0	0	0	0	0	0	0	-1.3026	-0.0687534	0.0770043	0	0	0	0	0	0	0.168994	-0.00569134	2.22365
2018-05-29 00:00:00	0	0	2.21112	0	-0.0019334	0	0	0	0	0	0	0	0	0	-0.969172	-0.0682685	0.076981	0	0	0	0	0	0	0.166708	-0.00567063	1.40977
2018-05-30 00:00:00	-0.194545	0	2.40824	0	-0.00221467	0	0	0	0	0	0	0	0	0	-0.799234	-0.0677214	0.0769888	0	0	0	0	0	0	0.164278	-0.00563779	1.58015
2018-05-31 00:00:00	-0.194545	0	2.53556	0	-0.00268218	0	0	0	0	0	0	0	0	0	-1.16606	-0.0676722	0.0767294	0	0	0	0	0	0	0.161733	-0.00560966	1.33746
2018-06-01 00:00:00	-19.0282	5.99445	3.44356	0	0.125596	0	0	0	0	0	0	0	0	0	4.37606	-0.0678241	0.0769961	0	0	0	0	0	0	0.159829	-0.00557236	-4.92509
2018-06-02 00:00:00	-11.6218	-0.0323003	3.3568	0	0.819962	0	0	0	0.00144801	0	0	0	0	0	2.95552	-0.0681368	0.0773995	0	0	0	0	0	0	0.16042	-0.00556833	-4.35627
2018-06-03 00:00:00	-3.00545	-0.47626	3.51102	0	-0.00116734	0	0	0	0.001557	0	0	0	0	0	-0.192566	-0.0682578	0.0775521	0	0	0	0	0	0	0.160988	-0.00556926	0.00184084
2018-06-04 00:00:00	0	-1.87073	3.13265	0	-0.340367	0	0	0	0.000486529	0	0	0	0	0	-0.273996	-0.0682141	0.0775028	0	0	0	0	0	0	0.160444	-0.00554702	0.812227
2018-06-05 00:00:00	0	-1.25455	2.92961	0	-0.44381	0	0	0	0	0	0	0	0	0	-0.361925	-0.0681224	0.0773695	0	0	0	0	0	0	0.159663	-0.00552654	1.0327
2018-06-06 00:00:00	0	-1.32135	2.99591	0	-0.0879655	0	0	0	0	0	0	0	0	0	-0.587277	-0.0680079	0.0772621	0	0	0	0	0	0	0.158872	-0.00550834	1.16193
2018-06-07 00:00:00	0	-1.03922	3.2045	0	-0.0187212	0	0	0	0	0	0	0	0	0	-1.07162	-0.0678942	0.0771492	0	0	0	0	0	0	0.157916	-0.00549996	1.23662
2018-06-08 00:00:00	0	0	3.25302	0	-0.0175241	0	0	0	0	0	0	0	0	0	-1.49281	-0.0677688	0.0767514	0	0	0	0	0	0	0.156356	-0.00547956	1.90255
2018-06-09 00:00:00	-0.6	0	3.09948	0	-0.00604293	0	0	0	0	0	0	0	0	0	-1.17505	-0.0675979	0.0765738	0	0	0	0	0	0	0.155288	-0.0054597	1.47719
2018-06-10 00:00:00	0	0	3.01466	0	-0.000375261	0	0	0	0	0	0	0	0	0	-1.40004	-0.0675176	0.0764032	0	0	0	0	0	0	0.153602	-0.00543761	1.7713
2018-06-11 00:00:00	-0.702727	0	2.7895	0	-0.0131721	0	0	0	0	0	0	0	0	0	-1.10674	-0.0674105	0.0758	0	0	0	0	0	0	0.152613	-0.00542521	1.12244
2018-06-12 00:00:00	-0.4	0	2.89907	0	0.00812983	0	0	0	0	0	0	0	0	0	-1.28828	-0.0672898	0.0757698	0	0	0	0	0	0	0.151128	-0.00539355	1.37313
2018-06-13 00:00:00	-1.30273	0	2.87618	0	-0.0113644	0	0	0	0	0	0	0	0	0	-0.850462	-0.0667989	0.0758906	0	0	0	0	0	0	0.150035	-0.00538026	0.865378
2018-06-14 00:00:00	0	0	2.84067	0	-0.00652954	0	0	0	0	0	0	0	0	0	-1.75689	-0.0665013	0.0759179	0	0	0	0	0	0	0.148449	-0.00536587	1.22975
2018-06-15 00:00:00	-0.702727	0	2.79452	0	-0.00099093	0	0	0	0	0	0	0	0	0	-1.12654	-0.0663694	0.0755992	0	0	0	0	0	0	0.146329	-0.00534225	1.11447
2018-06-16 00:00:00	-12.9245	4.1267	3.13998	0	0.113122	0	0	0	0	0	0	0	0	0	2.75523	-0.066469	0.0756643	0	0	0	0	0	0	0.144686	-0.00530337	-2.64094
2018-06-17 00:00:00	-0.902727	-1.70692	3.1285	0	-0.0164696	0	0	0	0	0	0	0	0	0	-0.367043	-0.0665149	0.0757268	0	0	0	0	0	0	0.14447	-0.00528587	0.283744
2018-06-18 00:00:00	-0.2	-1.28703	3.05778	0	-0.0368122	0	0	0	0	0	0	0	0	0	-0.778467	-0.0664424	0.0756489	0	0	0	0	0	0	0.143895	-0.00527534	0.903305
2018-06-19 00:00:00	-9.96273	3.00795	3.23206	0	0.137821	0	0	0	0	0	0	0	0	0	1.84518	-0.0664674	0.0757067	0	0	0	0	0	0	0.143272	-0.00526643	-1.59247
2018-06-20 00:00:00	-2.70818	-1.05009	3.31386	0	0.0351181	0	0.00468305	0	0	0	0	0	0	0	0.0492575	-0.0665686	0.0758807	0	0	0	0	0	0	0.142907	-0.00520615	-0.208339
2018-06-21 00:00:00	-0.291818	-1.46531	2.99712	0	-0.0792238	0	0.00084091	0	0	0	0	0	0	0	-0.601332	-0.0665809	0.0759545	0	0	0	0	0	0	0.142274	-0.00516028	0.706768
2018-06-22 00:00:00	0	-1.59504	3.68155	0	-0.0865324	0	0	0	0	0	0	0	0	0	-1.09353	-0.0664449	0.075769	0	0	0	0	0	0	0.141383	-0.00513271	1.05202
2018-06-23 00:00:00	0	-0.0301551	2.90367	0	-0.0455599	0	0	0	0	0	0	0	0	0	-1.64948	-0.0664437	0.0754243	0	0	0	0	0	0	0.14055	-0.00507023	1.32294
2018-06-24 00:00:00	0	0	2.79841	0	-0.0114968	0	0	0	0	0	0	0	0	0	-1.84181	-0.0661313	0.0752431	0	0	0	0	0	0	0.139567	-0.00505244	1.08873
2018-06-25 00:00:00	-0.3	0	2.85385	0	-0.00742906	0	0	0	0	0	0	0	0	0	-1.39063	-0.0659993	0.075274	0	0	0	0	0	0	0.138023	-0.00501766	1.29807
2018-06-26 00:00:00	0	0	3.10696	0	-0.012196	0	0	0	0	0	0	0	0	0	-2.06921	-0.0659004	0.075157	0	0	0	0	0	0	0.137021	-0.00499655	1.16684
2018-06-27 00:00:00	-0.2	0	3.35842	0	-0.00822888	0	0	0	0	0	0	0	0	0	-2.03642	-0.0659567	0.0747686	0	0	0	0	0	0	0.135172	-0.00497989	1.25277
2018-06-28 00:00:00	0	0	3.40116	0	-0.00584205	0	0	0	0	0	0	0	0	0	-2.29856	-0.0656535	0.074346	0	0	0	0	0	0	0.134537	-0.00496588	1.23501
2018-06-29 00:00:00	0	0	2.88786	0	-0.00381552	0	0	0	0	0	0	0	0	0	-2.0984	-0.0653687	0.0739698	0	0	0	0	0	0	0.133126	-0.0049509	0.922417
2018-06-30 00:00:00	0	0	4.20165	0	-0.00645165	0	0	0	0	0	0	0	0	0	-2.95229	-0.0651225	0.0730901	0	0	0	0	0	0	0.131669	-0.00493097	1.37761
2018-07-01 00:00:00	0	0	4.34131	0	-0.0061403	0	0	0	0	0	0	0	0	0	-3.31287	-0.0650468	0.0728409	0	0	0	0	0	0	0.130458	-0.00491201	1.15564
2018-07-02 00:00:00	-0.00545454	0	2.74979	0	-0.00293084	0	0	0	0	0	0	0	0	0	-2.28069	-0.064638	0.0727176	0	0	0	0	0	0	0.129222	-0.00489036	0.593119
2018-07-03 00:00:00	0	0	3.53293	0	-0.00494663	0	0	0	0	0	0	0	0	0	-2.75381	-0.0639674	0.0725552	0	0	0	0	0	0	0.128429	-0.00487558	0.906315
2018-07-04 00:00:00	0	0	3.63133	0	-0.00512151	0	0	0	0	0	0	0	0	0	-2.76645	-0.062776	0.0722971	0	0	0	0	0	0	0.126943	-0.00485738	0.991373
2018-07-05 00:00:00	0	0	3.80761	0	-0.00551906	0	0	0	0	0	0	0	0	0	-3.02747	-0.0624612	0.0722254	0	0	0	0	0	0	0.125359	-0.00483471	0.904915
2018-07-06 00:00:00	0	0	3.26429	0	-0.00440363	0	0	0	0	0	0	0	0	0	-2.70109	-0.0622891	0.071705	0	0	0	0	0	0	0.123343	-0.00479988	0.686756
2018-07-07 00:00:00	0	0	2.92691	0	-0.00393451	0	0	0	0	0	0	0	0	0	-2.67092	-0.0621611	0.0708051	0	0	0	0	0	0	0.122481	-0.00478516	0.378388
2018-07-08 00:00:00	0	0	2.97165	0	-0.004194	0	0	0	0	0	0	0	0	0	-2.61852	-0.0620155	0.0704539	0	0	0	0	0	0	0.12133	-0.0047608	0.47395
2018-07-09 00:00:00	-0.470909	0	2.82427	0	-0.00308958	0	0	0	0	0	0	0	0	0	-2.32606	-0.0616041	0.0704244	0	0	0	0	0	0	0.120157	-0.00474277	0.148444
2018-07-10 00:00:00	0	0	2.7604	0	-0.0040528	0	0	0	0	0	0	0	0	0	-2.27702	-0.0613478	0.070238	0	0	0	0	0	0	0.118518	-0.00472761	0.602014
2018-07-11 00:00:00	0	0	2.88831	0	-0.00426065	0	0	0	0	0	0	0	0	0	-2.51668	-0.0608886	0.0701583	0	0	0	0	0	0	0.117655	-0.00471353	0.489584
2018-07-12 00:00:00	0	0	3.08034	0	-0.00461343	0	0	0	0	0	0	0	0	0	-2.6752	-0.060192	0.0700282	0	0	0	0	0	0	0.116704	-0.00469644	0.522376
2018-07-13 00:00:00	-1.34636	0	3.08566	0	-0.00183036	0	0	0	0	0	0	0	0	0	-1.59519	-0.059502	0.0699565	0	0	0	0	0	0	0.115614	-0.00467146	0.263674
2018-07-14 00:00:00	-0.2	0	3.20537	0	-0.00487553	0	0	0	0	0	0	0	0	0	-2.77152	-0.0594467	0.0698112	0	0	0	0	0	0	0.114812	-0.00465705	0.349498
2018-07-15 00:00:00	0	0	2.75815	0	-0.0040634	0	0	0	0	0	0	0	0	0	-2.70956	-0.059163	0.0694848	0	0	0	0	0	0	0.113376	-0.0046383	0.163587
2018-07-16 00:00:00	-1.10273	0	3.06798	0	-0.00240272	0	0	0	0	0	0	0	0	0	-1.83129	-0.0590102	0.0694264	0	0	0	0	0	0	0.112728	-0.00462197	0.250083
2018-07-17 00:00:00	-0.00545454	0	2.44293	0	-0.0037571	0	0	0	0	0	0	0	0	0	-2.48142	-0.0585164	0.0694253	0	0	0	0	0	0	0.111424	-0.00460508	0.0700238
2018-07-18 00:00:00	-1.07545	0	2.78095	0	-0.0020488	0	0	0	0	0	0	0	0	0	-1.54725	-0.0584458	0.0690958	0	0	0	0	0	0	0.110524	-0.00459275	0.272773
2018-07-19 00:00:00	0	0	2.87506	0	-0.00482876	0	0	0	0	0	0	0	0	0	-2.5767	-0.0580631	0.0689747	0	0	0	0	0	0	0.109604	-0.00458079	0.409463
2018-07-20 00:00:00	-1.99455	0	2.95844	0	-0.000431071	0	0	0	0	0	0	0	0	0	-0.865741	-0.0580154	0.0688801	0	0	0	0	0	0	0.109113	-0.00456851	0.21313
2018-07-21 00:00:00	0	0	2.70525	0	-0.00473562	0	0	0	0	0	0	0	0	0	-2.83339	-0.0578407	0.0686795	0	0	0	0	0	0	0.108196	-0.00455113	-0.0183981
2018-07-22 00:00:00	0	0	2.70493	0	-0.0042416	0	0	0	0	0	0	0	0	0	-2.73886	-0.0577468	0.0683795	0	0	0	0	0	0	0.107412	-0.00453911	0.0753368
2018-07-23 00:00:00	-3.48091	0.000477284	3.84318	0	0.000837044	0	0	0	0	0	0	0	0	0	-0.464727	-0.0577158	0.0682182	0	0	0	0	0	0	0.105694	-0.00448175	0.0105762
2018-07-24 00:00:00	-2.42182	-0.000477284	3.29245	0	-0.00113984	0	0	0	0	0	0	0	0	0	-0.780316	-0.0576675	0.0681735	0	0	0	0	0	0	0.105305	-0.00447664	0.200033
2018-07-25 00:00:00	0	0	3.62605	0	-0.00691033	0	0	0	0	0	0	0	0	0	-3.61158	-0.0574264	0.0678965	0	0	0	0	0	0	0.104648	-0.00446439	0.118214
2018-07-26 00:00:00	-2.89182	0	4.28672	0	-0.00112458	0	0	0	0	0	0	0	0	0	-1.52023	-0.0571338	0.0679221	0	0	0	0	0	0	0.103571	-0.00445091	-0.0165465
2018-07-27 00:00:00	-1.49182	0	3.97402	0	-0.00403571	0	0	0	0	0	0	0	0	0	-2.19107	-0.0565024	0.0679925	0	0	0	0	0	0	0.102975	-0.00443704	0.397126
2018-07-28 00:00:00	-9.11455	3.08801	3.33447	0	0.00964385	0	0	0	0	0	0	0	0	0	2.24611	-0.0565266	0.0679436	0	0	0	0	0	0	0.102312	-0.00442509	-0.327008
2018-07-29 00:00:00	-8.21636	1.73303	3.18288	0	0.0141011	0	0	0	0	0	0	0	0	0	2.6198	-0.0565045	0.0679182	0	0	0	0	0	0	0.102099	-0.0044172	-0.557452
2018-07-30 00:00:00	-3.79455	0.0776502	3.27106	0	0.000837991	0	0	0	0	0	0	0	0	0	0.233454	-0.0564658	0.0679033	0	0	0	0	0	0	0.101868	-0.00441182	-0.102653
2018-07-31 00:00:00	-0.880909	-1.92458	3.0982	0	0.000283025	0	0	0	0	0	0	0	0	0	-0.442347	-0.0564394	0.0678738	0	0	0	0	0	0	0.101331	-0.00440431	-0.0409944
2018-08-01 00:00:00	-11.8591	3.48489	3.43718	0	0.0207274	0	0	0	0	0	0	0	0	0	3.92992	-0.0564429	0.0678435	0	0	0	0	0	0	0.101064	-0.00439889	-0.878305
2018-08-02 00:00:00	-3.15727	-0.606017	3.67952	0	0.00315876	0	0	0	0	0	0	0	0	0	-0.16909	-0.0564505	0.0678711	0	0	0	0	0	0	0.101025	-0.00439444	-0.141645
2018-08-03 00:00:00	-0.502727	-2.02647	3.49403	0	-0.0133329	0	0	0	0	0	0	0	0	0	-0.924799	-0.0564059	0.0678507	0	0	0	0	0	0	0.100631	-0.00438611	0.13439
2018-08-04 00:00:00	-0.291818	-1.16625	3.07334	0	-0.0109791	0	0	0	0	0	0	0	0	0	-1.29122	-0.0563685	0.0678043	0	0	0	0	0	0	0.100193	-0.00437835	0.420329
2018-08-05 00:00:00	-0.291818	-1.16743	3.07105	0	-0.00887936	0	0	0	0	0	0	0	0	0	-1.3929	-0.0563046	0.0677064	0	0	0	0	0	0	0.0998812	-0.00437398	0.316929
2018-08-06 00:00:00	-1.69727	-0.731092	3.38541	0	0.000343194	0	0	0	0	0	0	0	0	0	-0.885833	-0.0562387	0.0676462	0	0	0	0	0	0	0.0989489	-0.00435222	0.177563
2018-08-07 00:00:00	-2.87545	-0.153485	3.15827	0	0.00510298	0	0	0	0	0	0	0	0	0	-0.12573	-0.0561581	0.0675651	0	0	0	0	0	0	0.097979	-0.00433623	0.113749
2018-08-08 00:00:00	-0.346364	-0.608227	2.58756	0	-0.00413464	0	0	0	0	0	0	0	0	0	-1.33827	-0.0560665	0.0674293	0	0	0	0	0	0	0.0975534	-0.00432618	0.395151
2018-08-09 00:00:00	-0.297273	0	2.68472	0	-0.0039018	0	0	0	0	0	0	0	0	0	-2.29691	-0.0561852	0.0672855	0	0	0	0	0	0	0.09705	-0.00431856	0.190463
2018-08-10 00:00:00	-5.55182	2.11963	2.82186	0	0.00575097	0	0	0	0	0	0	0	0	0	0.422346	-0.0560905	0.0672223	0	0	0	0	0	0	0.0965415	-0.0043031	-0.0788669
2018-08-11 00:00:00	-0.291818	-2.11296	3.30222	0	-0.00245229	0	0	0	0	0	0	0	0	0	-0.811705	-0.0560095	0.0672146	0	0	0	0	0	0	0.0958974	-0.00429322	0.186092
2018-08-12 00:00:00	-13.27	4.7766	3.22217	0	0.0443547	0	0	0	0	0	0	0	0	0	4.14596	-0.0560228	0.0671384	0	0	0	0	0	0	0.0957172	-0.00428673	-0.97836
2018-08-13 00:00:00	-1.08636	-1.68619	2.98257	0	-0.0122366	0	0	0	0	0	0	0	0	0	-0.405304	-0.0560294	0.0671481	0	0	0	0	0	0	0.095693	-0.00427914	-0.104994
2018-08-14 00:00:00	-3.89727	0.584231	3.21254	0	0.00884686	0	0	0	0	0	0	0	0	0	0.00983617	-0.055994	0.0671156	0	0	0	0	0	0	0.0952689	-0.00426855	0.0203062
2018-08-15 00:00:00	-1.89182	-1.16977	3.29234	0	-0.0109799	0	0	0	0	0	0	0	0	0	-0.268052	-0.0559192	0.0670936	0	0	0	0	0	0	0.0948841	-0.00426261	0.0535104
2018-08-16 00:00:00	-1.09727	-0.751653	2.87137	0	-0.0160882	0	0	0	0	0	0	0	0	0	-1.00292	-0.0558592	0.0670928	0	0	0	0	0	0	0.0943643	-0.00425377	0.104781
2018-08-17 00:00:00	-1.30818	-0.639717	2.81402	0	-0.000979061	0	0	0	0	0	0	0	0	0	-0.906482	-0.0558255	0.0670345	0	0	0	0	0	0	0.0938375	-0.0042462	0.0594624
2018-08-18 00:00:00	-2.53	-0.150638	2.82566	0	0.00839501	0	0	0	0	0	0	0	0	0	-0.0956528	-0.0558001	0.0669788	0	0	0	0	0	0	0.0934478	-0.00423725	0.158154
2018-08-19 00:00:00	-14.4427	5.30007	2.94386	0	0.853825	0	0.0153263	0	0.000788075	0	0	0	0	0	4.08008	-0.0557947	0.0670361	0	0	0	0	0	0	0.0931575	-0.0042317	-1.14861
2018-08-20 00:00:00	-0.297273	-2.21392	2.80905	0	-0.0755952	0	0.0132606	0	0.00102713	0	0	0	0	0	-0.465324	-0.05581	0.0670663	0	0	0	0	0	0	0.0931824	-0.00422838	-0.128557
2018-08-21 00:00:00	-0.880909	-0.851092	3.09592	0	-0.335277	0	0	0	0	0	0	0	0	0	-1.05306	-0.055808	0.0669178	0	0	0	0	0	0	0.0929279	-0.00421596	0.0754016
2018-08-22 00:00:00	-5.11364	1.89952	2.88863	0	0.0202608	0	0	0	0	0	0	0	0	0	0.223467	-0.0560812	0.0668638	0	0	0	0	0	0	0.0927172	-0.00421102	0.0175257
2018-08-23 00:00:00	-4.31364	0.734269	2.63565	0	0.206897	0	0	0	0	0	0	0	0	0	0.377806	-0.0560774	0.0668514	0	0	0	0	0	0	0.0922001	-0.0042025	-0.260244
2018-08-24 00:00:00	-1.69727	-0.799195	2.55292	0	-0.00269223	0	0	0	0	0	0	0	0	0	-0.158641	-0.0560202	0.0668415	0	0	0	0	0	0	0.091716	-0.00419501	-0.00653372
2018-08-25 00:00:00	-0.486364	-1.67635	2.71336	0	-0.106045	0	0	0	0	0	0	0	0	0	-0.373639	-0.0559601	0.0667948	0	0	0	0	0	0	0.0914439	-0.0041873	0.16906
2018-08-26 00:00:00	-3.31909	0.680201	2.50652	0	0.021004	0	0	0	0	0	0	0	0	0	-0.115075	-0.0559426	0.0667823	0	0	0	0	0	0	0.0911196	-0.00417658	-0.128655
2018-08-27 00:00:00	-1.83364	-0.751889	2.67259	0	-0.0197	0	0	0	0	0	0	0	0	0	-0.164159	-0.0558869	0.066781	0	0	0	0	0	0	0.090656	-0.0041689	0.000582895
2018-08-28 00:00:00	-0.297273	-0.93414	2.66578	0	-0.359984	0	0	0	0	0	0	0	0	0	-1.12778	-0.0558751	0.0667358	0	0	0	0	0	0	0.0901385	-0.00415822	0.043444
2018-08-29 00:00:00	-0.291818	-0.834239	2.44353	0	-0.149854	0	0	0	0	0	0	0	0	0	-1.01791	-0.0558199	0.0666461	0	0	0	0	0	0	0.0894087	-0.00414773	0.245796
2018-08-30 00:00:00	-0.902727	-0.673841	2.57857	0	-0.000735267	0	0	0	0	0	0	0	0	0	-0.879738	-0.0557413	0.0665436	0	0	0	0	0	0	0.0891663	-0.00413864	0.217357
2018-08-31 00:00:00	-0.491818	-0.836803	2.76753	0	-0.0156824	0	0	0	0	0	0	0	0	0	-1.42581	-0.0556019	0.0663926	0	0	0	0	0	0	0.0887671	-0.00413149	0.0928433
2018-09-01 00:00:00	-0.291818	-0.0121609	2.22863	0	-0.0131084	0	0	0	0	0	0	0	0	0	-1.64638	-0.0555061	0.066267	0	0	0	0	0	0	0.0885519	-0.00412492	0.360347
2018-09-02 00:00:00	-0.497273	0	2.2666	0	-0.00283299	0	0	0	0	0	0	0	0	0	-1.81428	-0.0553058	0.0661961	0	0	0	0	0	0	0.0878481	-0.00411415	0.0468383
2018-09-03 00:00:00	-14.5564	5.77435	2.30294	0	0.842554	0	0.000570735	0	0.000240175	0	0	0	0	0	4.37324	-0.055348	0.0662434	0	0	0	0	0	0	0.0875267	-0.00410348	-1.16815
2018-09-04 00:00:00	-0.486364	-1.53303	2.20595	0	-0.0498022	0	0.00587229	0	0.00077622	0	0	0	0	0	-0.282757	-0.0553181	0.0662396	0	0	0	0	0	0	0.0876494	-0.00409791	-0.0448724
2018-09-05 00:00:00	-0.491818	-1.36371	2.84041	0	-0.213996	0	0	0	0	0	0	0	0	0	-0.937592	-0.0552721	0.066196	0	0	0	0	0	0	0.087441	-0.00408725	-0.0724263
2018-09-06 00:00:00	-2.93	0.832525	1.96465	0	0.0220802	0	0	0	0	0	0	0	0	0	-0.00421169	-0.0552261	0.0661635	0	0	0	0	0	0	0.0871235	-0.00408061	-0.0209721
2018-09-07 00:00:00	-2.07545	-0.0992151	2.17078	0	0.0113103	0	0	0	0	0	0	0	0	0	-0.00893445	-0.0551826	0.0661436	0	0	0	0	0	0	0.0866865	-0.0040733	0.0920634
2018-09-08 00:00:00	-0.7	-0.986188	2.14507	0	-0.0993802	0	0	0	0	0	0	0	0	0	-0.36323	-0.055141	0.0661094	0	0	0	0	0	0	0.0864129	-0.00406616	0.0895913
2018-09-09 00:00:00	-5.30273	2.47094	2.33652	0	0.0556286	0	0	0	0	0	0	0	0	0	0.240189	-0.0550993	0.0660706	0	0	0	0	0	0	0.0860209	-0.00405882	-0.106519
2018-09-10 00:00:00	-12.2	1.71889	2.12071	0	0.702101	0	0.261182	0	0.00752065	0	0	0	0	0	5.60578	-0.0551268	0.0661096	0	0	0	0	0	0	0.0858984	-0.00408628	-1.69103
2018-09-11 00:00:00	-3.10273	-0.0182382	2.22816	0	-0.174423	0	0.0389332	0	0.00493951	0	0	0	0	0	0.277138	-0.0551559	0.0661627	0	0	0	0	0	0	0.0861818	-0.00407668	-0.65311
2018-09-12 00:00:00	-1.7	-0.383844	2.07641	0	-0.0752518	0	0.00304175	0	0.000161036	0	0	0	0	0	-0.231114	-0.0551397	0.0661648	0	0	0	0	0	0	0.0860277	-0.00405154	-0.2176
2018-09-13 00:00:00	-1.7	-0.347943	2.07662	0	0.00427284	0	0	0	0	0	0	0	0	0	-0.185517	-0.0551189	0.066153	0	0	0	0	0	0	0.0858195	-0.00404401	-0.0597617
2018-09-14 00:00:00	-7.50273	0.766074	1.91562	0	0.309432	0	0.150367	0	0.0070576	0	0	0	0	0	3.4511	-0.0551307	0.0661764	0	0	0	0	0	0	0.0857164	-0.00406981	-0.810388
2018-09-15 00:00:00	-1.3	-0.46546	1.7904	0	-0.185375	0	0.00844958	0	0.000856373	0	0	0	0	0	-0.347952	-0.0551164	0.0661981	0	0	0	0	0	0	0.0858292	-0.00404674	-0.406221
2018-09-16 00:00:00	-1.90273	-0.206584	2.11546	0	-0.0302752	0	0	0	0	0	0	0	0	0	-0.177933	-0.0550788	0.0662024	0	0	0	0	0	0	0.0855866	-0.00403476	-0.109389
2018-09-17 00:00:00	-0.5	-1.33385	2.00796	0	-0.0330085	0	0	0	0	0	0	0	0	0	-0.266948	-0.0550536	0.0661971	0	0	0	0	0	0	0.0853145	-0.00402801	-0.0334142
2018-09-18 00:00:00	-5.70273	1.99962	2.214	0	0.152194	0	0.0314081	0	0.00228026	0	0	0	0	0	0.96038	-0.0550387	0.0661801	0	0	0	0	0	0	0.0851167	-0.00402973	-0.250611
2018-09-19 00:00:00	-12.6	0.0541372	1.95552	0	0.327442	0	0.352533	0	0.359289	0	0	0	0	0	7.52613	-0.0551292	0.0662786	0	0	0	0	0	0	0.0837809	-0.0112359	-1.94125
2018-09-20 00:00:00	-1.90273	-0.0103047	1.83498	0	-0.330838	0	0.014191	0	0.174199	0	0	0	0	0	-0.398322	-0.0551828	0.0663625	0	0	0	0	0	0	0.0847508	-0.00890036	-0.531794
2018-09-21 00:00:00	-3.90273	0.0205713	1.67814	0	0.11972	-0.000782709	0.0690316	0	0.023358	0	0	0	0	0	1.30538	-0.0551959	0.0663981	0	0	0	0	0	0	0.0858083	-0.00476263	-0.595057
2018-09-22 00:00:00	-0.5	-0.990119	1.59217	0	-0.141552	-0.000368057	0.00462037	0	0.0351169	0	0	0	0	0	-0.302248	-0.0551978	0.066415	0	0	0	0	0	0	0.0858151	-0.00597424	-0.211326
2018-09-23 00:00:00	-0.3	-1.27331	1.74158	0	-0.0433872	-2.92843E-05	0	0	0	0	0	0	0	0	-0.451585	-0.0551827	0.0664083	0	0	0	0	0	0	0.0860918	-0.00405857	-0.233475
2018-09-24 00:00:00	-0.9	-0.459544	1.58797	0	-0.0466026	-5.01633E-06	0	0	0	0	0	0	0	0	-0.239749	-0.0551686	0.0663976	0	0	0	0	0	0	0.0864527	-0.00408578	0.0356624
2018-09-25 00:00:00	-0.5	-0.387499	1.53886	0	-0.16286	0	0	0	0	0	0	0	0	0	-0.424271	-0.0551293	0.0663614	0	0	0	0	0	0	0.0864855	-0.00409536	0.157849
2018-09-26 00:00:00	-2.90273	0.853069	1.92	0	0.0146365	0	0	0	0	0	0	0	0	0	-0.0174923	-0.0550905	0.0663571	0	0	0	0	0	0	0.0863963	-0.0040977	-0.0389497
2018-09-27 00:00:00	-0.5	-0.942858	1.69807	0	-0.0610662	0	0	0	0	0	0	0	0	0	-0.259094	-0.0550638	0.0663453	0	0	0	0	0	0	0.0862573	-0.00409781	0.0284929
2018-09-28 00:00:00	-0.3	-0.448275	1.52299	0	-0.192539	0	0	0	0	0	0	0	0	0	-0.288307	-0.0549988	0.0662958	0	0	0	0	0	0	0.0860787	-0.00410035	0.387149
2018-09-29 00:00:00	-0.3	-0.430283	1.4779	0	-0.190935	0	0	0	0	0	0	0	0	0	-0.80453	-0.0549687	0.0662578	0	0	0	0	0	0	0.0859033	-0.00409843	-0.154751
2018-09-30 00:00:00	-0.7	-0.296573	1.50679	0	-0.13427	0	0	0	0	0	0	0	0	0	-0.292663	-0.0549282	0.0661889	0	0	0	0	0	0	0.085754	-0.00409444	0.176208
2018-10-01 00:00:00	-1.79727	0.387188	1.34909	0	0.0212669	0	0	0	0	0	0	0	0	0	-0.0484475	-0.0549056	0.066165	0	0	0	0	0	0	0.0852254	-0.00407841	0.00423565
2018-10-02 00:00:00	-0.3	-0.686824	1.48971	0	0.00438515	0	0	0	0	0	0	0	0	0	-0.417146	-0.0548816	0.0661474	0	0	0	0	0	0	0.084578	-0.00405849	0.181911
2018-10-03 00:00:00	-0.3	-0.423086	1.37193	0	-0.0104823	0	0	0	0	0	0	0	0	0	-0.501791	-0.0548167	0.0660882	0	0	0	0	0	0	0.0844532	-0.00405519	0.228242
2018-10-04 00:00:00	-2.6	0.930823	1.52176	0	0.00516278	0	0	0	0	0	0	0	0	0	0.0901969	-0.0547138	0.0661109	0	0	0	0	0	0	0.0841648	-0.00405077	0.0394494
2018-10-05 00:00:00	-0.3	-0.831385	1.22804	0	0.0117016	0	0	0	0	0	0	0	0	0	-0.0506432	-0.0546762	0.0661193	0	0	0	0	0	0	0.0839369	-0.00404786	0.149047
2018-10-06 00:00:00	-0.1	-0.414413	1.01644	0	-0.0168231	0	0	0	0	0	0	0	0	0	-0.383893	-0.0546394	0.0660653	0	0	0	0	0	0	0.0836741	-0.00404365	0.192368
2018-10-07 00:00:00	-2.2	0.727768	1.35909	0	0.00972403	0	0	0	0	0	0	0	0	0	0.0455193	-0.0545553	0.0660023	0	0	0	0	0	0	0.0840444	-0.00407057	0.0335214
2018-10-08 00:00:00	-5.19727	2.51771	1.31305	0	0.14946	0	0	0	0	0	0	0	0	0	0.80863	-0.0545564	0.0659869	0	0	0	0	0	0	0.0838384	-0.00408184	-0.317235
2018-10-09 00:00:00	-2.2	0.374903	1.11306	0	0.142372	0	0	0	5.97439E-05	0	0	0	0	0	0.267067	-0.0545643	0.0658837	0	0	0	0	0	0	0.0847928	-0.00414871	-0.210579
2018-10-10 00:00:00	-0.1	-1.22838	1.46939	0	-0.0376529	0	0	0	0	0	0	0	0	0	-0.248861	-0.0545576	0.0658091	0	0	0	0	0	0	0.0851867	-0.00417961	-0.0532462
2018-10-11 00:00:00	-2.2	0.74216	1.35478	0	0.0220023	0	0	0	0.00260758	0	0	0	0	0	-0.0872919	-0.0545048	0.0658042	0	0	0	0	0	0	0.0853988	-0.00438534	-0.0734332
2018-10-12 00:00:00	-9.19454	2.27057	1.24271	0	0.817368	-0.000886324	0.114661	0	0.07344	0	0	0	0	0	3.45368	-0.0545278	0.065849	0	0	0	0	0	0	0.0850818	-0.00643547	-1.13304
2018-10-13 00:00:00	-15.4564	0.00837321	1.01781	0	0.180692	-0.0121613	0.497279	0	0.943962	0	0	0	0	0	9.42663	-0.0546871	0.0659914	0	0	0	0	0	0	0.0822402	-0.0207684	-3.32101
2018-10-14 00:00:00	-0.0972727	-0.940431	1.13848	0	-0.422444	-0.00139172	0.0155803	0	0.323013	0	0	0	0	0	-0.769261	-0.0547945	0.0660789	0	0	0	0	0	0	0.0852372	-0.0120554	-0.669257
2018-10-15 00:00:00	-0.297273	-0.705169	1.09491	0	-0.0573821	-4.55095E-05	0	0	0.0352363	0	0	0	0	0	-0.555382	-0.0547836	0.066086	0	0	0	0	0	0	0.0869058	-0.00626798	-0.393162
2018-10-16 00:00:00	-0.502727	-0.530045	1.09779	0	0.0201024	-9.54229E-06	0	0	0.0197673	0	0	0	0	0	-0.272688	-0.0547828	0.0660944	0	0	0	0	0	0	0.0874318	-0.00540984	-0.0744771
2018-10-17 00:00:00	-0.102727	-0.629062	1.11576	0	-0.124659	-8.61271E-07	0	0	0.0186415	0	0	0	0	0	-0.337024	-0.0547538	0.0660745	0	0	0	0	0	0	0.0875178	-0.00551579	0.0342479
2018-10-18 00:00:00	-0.297273	-0.223129	0.898812	0	-0.0666515	0	0	0	0.00643213	0	0	0	0	0	-0.259228	-0.054748	0.0660731	0	0	0	0	0	0	0.0879132	-0.00475309	0.153448
2018-10-19 00:00:00	-0.297273	-0.222615	0.904936	0	-0.118731	0	0	0	0.011712	0	0	0	0	0	-0.276771	-0.054711	0.0660371	0	0	0	0	0	0	0.0878258	-0.00514702	0.0952635
2018-10-20 00:00:00	-0.297273	-0.293653	1.10379	0	-0.102575	0	0	0	0.00189954	0	0	0	0	0	-0.423269	-0.0545498	0.0660444	0	0	0	0	0	0	0.0877833	-0.00448544	0.0837074
2018-10-21 00:00:00	-0.897273	-0.0472871	1.0213	0	-0.0125753	0	0	0	0.00979988	0	0	0	0	0	-0.159336	-0.0545242	0.0659915	0	0	0	0	0	0	0.0876573	-0.00499742	0.00875599
2018-10-22 00:00:00	-0.102727	-0.290825	0.895273	0	-0.134132	0	0	0	0.00188059	0	0	0	0	0	-0.299837	-0.0545245	0.0659052	0	0	0	0	0	0	0.0875497	-0.00447557	0.164088
2018-10-23 00:00:00	-0.0972727	-0.311221	0.950787	0	-0.129491	0	0	0	0.00652391	0	0	0	0	0	-0.450316	-0.0544275	0.0658793	0	0	0	0	0	0	0.0874419	-0.00483753	0.0630672
2018-10-24 00:00:00	-0.0972727	-0.276189	0.83785	0	-0.0894896	0	0	0	0	0	0	0	0	0	-0.243869	-0.0544112	0.0658622	0	0	0	0	0	0	0.0873248	-0.0043159	0.225491
2018-10-25 00:00:00	-2.80545	1.61353	0.965592	0	0.0431117	0	0	0	0.00159859	0	0	0	0	0	0.118826	-0.054359	0.0658333	0	0	0	0	0	0	0.0872315	-0.00442008	0.0314945
2018-10-26 00:00:00	-0.102727	-0.573413	0.724495	0	-0.0146634	0	0	0	0.00849656	0	0	0	0	0	-0.025725	-0.0543351	0.0658155	0	0	0	0	0	0	0.087049	-0.00489666	0.110095
2018-10-27 00:00:00	-2.2	1.32936	0.679649	0	0.0117417	0	0	0	0.0113901	0	0	0	0	0	0.132728	-0.0542629	0.0657986	0	0	0	0	0	0	0.0869069	-0.00509419	0.058217
2018-10-28 00:00:00	-0.680909	0.0912774	0.576634	0	0.0175455	0	0	0	0.00863177	0	0	0	0	0	-0.195021	-0.0542564	0.0657921	0	0	0	0	0	0	0.0867923	-0.00487278	-0.088386
2018-10-29 00:00:00	-0.297273	-0.251571	0.557439	0	-0.0135602	0	0	0	0.0115805	0	0	0	0	0	-0.0650073	-0.0542332	0.065764	0	0	0	0	0	0	0.0866618	-0.00507942	0.0347215
2018-10-30 00:00:00	-1.28091	0.390161	0.575933	0	0.0490294	0	0	0	0.011428	0	0	0	0	0	0.0900578	-0.0542045	0.0657345	0	0	0	0	0	0	0.0865467	-0.0051019	-0.0713243
2018-10-31 00:00:00	-2.58364	0.737894	0.63306	0	0.310185	0	0	0	0.0106338	0	0	0	0	0	0.586539	-0.054194	0.0657358	0	0	0	0	0	0	0.0863742	-0.00491849	-0.212328
2018-11-01 00:00:00	-10.1027	1.03893	0.58798	0	0.784833	-0.00438126	0.213717	0	0.251084	0	0	0	0	0	5.4219	-0.0541625	0.0659018	0	0	0	0	0	0	0.0855658	-0.00977323	-1.72113
2018-11-02 00:00:00	-1.07545	-0.0320626	0.600589	0	-0.289025	-0.00136076	0.0279221	0	0.255127	0	0	0	0	0	-0.0366928	-0.054138	0.0660347	0	0	0	0	0	0	0.0860031	-0.010917	-0.463975
2018-11-03 00:00:00	-1.87	0.000465372	0.840408	0	0.0417439	-0.000785541	0.0347473	0	0.0690687	0	0	0	0	0	0.494477	-0.0540873	0.0661057	0	0	0	0	0	0	0.0885472	-0.00721452	-0.296524
2018-11-04 00:00:00	-0.880909	-0.0186412	0.777144	0	-0.0621563	-0.000298471	0.00688661	0	0.0647221	0	0	0	0	0	-0.0704167	-0.0540597	0.066128	0	0	0	0	0	0	0.0897643	-0.00724477	-0.0890813
2018-11-05 00:00:00	-1.88091	0.0032208	0.705192	0	0.0691382	-0.00077587	0.0381719	0	0.047454	0	0	0	0	0	0.602442	-0.0539658	0.0662022	0	0	0	0	0	0	0.0904903	-0.00653153	-0.319871
2018-11-06 00:00:00	-0.880909	-0.0248298	0.755427	0	-0.0690172	-0.00032327	0.00795254	0	0.0652281	0	0	0	0	0	-1.73301E-05	-0.0539598	0.0662027	0	0	0	0	0	0	0.0919329	-0.0072879	-0.0496014
2018-11-07 00:00:00	-2.29727	0.0268776	0.70375	0	0.0997272	-0.00105395	0.0512066	0	0.0584376	0	0	0	0	0	0.869991	-0.05403	0.0661717	0	0	0	0	0	0	0.0929477	-0.00687234	-0.390119
2018-11-08 00:00:00	-4.34545	-0.012817	0.58539	0	0.129944	-0.00298965	0.127031	0	0.204872	0	0	0	0	0	2.37367	-0.0543461	0.0661693	0	0	0	0	0	0	0.0928989	-0.00997916	-0.845606
2018-11-09 00:00:00	-8.21636	-0.00916486	0.554036	0	0.153958	-0.00621737	0.25697	0	0.508962	0	0	0	0	0	4.78877	-0.0547226	0.0662085	0	0	0	0	0	0	0.0921616	-0.0146523	-1.88006
2018-11-10 00:00:00	-8.50727	-0.00981655	0.626316	0	0.0560813	-0.00681919	0.273202	0	0.626346	0	0	0	0	0	4.38594	-0.0552144	0.0662574	0	0	0	0	0	0	0.0924515	-0.016415	-2.46895
2018-11-11 00:00:00	-1.87	-0.0172471	0.593065	0	-0.220765	-0.00178854	0.0532407	0	0.305273	0	0	0	0	0	0.130492	-0.0553216	0.0663158	0	0	0	0	0	0	0.0949098	-0.0118522	-0.933678
2018-11-12 00:00:00	-4.24909	-0.00641895	0.570032	0	0.125368	-0.00280949	0.122162	0	0.242294	0	0	0	0	0	1.83284	-0.05533	0.0663868	0	0	0	0	0	0	0.0958545	-0.0106621	-1.26937
2018-11-13 00:00:00	-2.08636	-0.00911207	0.607721	0	-0.0805708	-0.00152672	0.0549907	0	0.214945	0	0	0	0	0	0.585814	-0.0553979	0.0664477	0	0	0	0	0	0	0.0968187	-0.0103873	-0.616621
2018-11-14 00:00:00	-2.96182	0.0016552	0.63112	0	0.0711044	-0.00226933	0.0806579	0	0.175021	0	0	0	0	0	1.07384	-0.0554607	0.0664977	0	0	0	0	0	0	0.0977423	-0.00962958	-0.831541
2018-11-15 00:00:00	-1.45909	-0.027605	0.644466	0	-0.0805176	-0.00122232	0.0329032	0	0.156796	0	0	0	0	0	0.190234	-0.0554684	0.0665243	0	0	0	0	0	0	0.0987838	-0.0093301	-0.443527
2018-11-16 00:00:00	-0.686364	-0.0237859	0.583637	0	-0.0590349	-0.000383401	0.00758581	0	0.0728931	0	0	0	0	0	-0.170181	-0.0554668	0.0665293	0	0	0	0	0	0	0.0996008	-0.00761512	-0.172585
2018-11-17 00:00:00	-0.875455	-0.00393207	0.434794	0	0.00645349	-0.000554198	0.0148778	0	0.0529751	0	0	0	0	0	0.141095	-0.0554826	0.0665341	0	0	0	0	0	0	0.100207	-0.00692871	-0.125416
2018-11-18 00:00:00	-0.880909	-0.0325182	0.387867	0	-0.0148653	-0.000920037	0.0188718	0	0.0564684	0	0	0	0	0	0.124271	-0.0554404	0.066528	0	0	0	0	0	0	0.100662	-0.00710149	-0.237086
2018-11-19 00:00:00	-2.27545	0.0219087	0.454526	0	0.127482	-0.00320929	0.0619079	0	0.0941795	0	0	0	0	0	0.941646	-0.0554516	0.0666495	0	0	0	0	0	0	0.100768	-0.00776064	-0.472809
2018-11-20 00:00:00	-5.92455	0.0177712	0.411014	0	0.239204	-0.00934215	0.185862	0	0.321432	0	0	0	0	0	3.28255	-0.0555082	0.0667547	0	0	0	0	0	0	0.100127	-0.0117423	-1.37642
2018-11-21 00:00:00	-11.0073	-0.00882236	0.418158	0	0.22285	-0.0204787	0.360953	0	0.761671	0	0	0	0	0	6.15466	-0.0556633	0.066909	0	0	0	0	0	0	0.100566	-0.0184729	-3.02495
2018-11-22 00:00:00	-1.87	-0.00800696	0.338265	0	-0.254066	-0.00668652	0.0665471	0	0.358609	0	0	0	0	0	0.0976532	-0.0557621	0.0671317	0	0	0	0	0	0	0.107931	-0.0128019	-1.17119
2018-11-23 00:00:00	-1.47	-0.0068647	0.423439	0	-0.00634632	-0.00550768	0.0410846	0	0.150431	0	0	0	0	0	0.164693	-0.0557947	0.0671428	0	0	0	0	0	0	0.110856	-0.00933779	-0.596204
2018-11-24 00:00:00	-5.65909	-0.0118937	0.394668	0	0.244121	-0.0198306	0.183755	0	0.34704	0	0	0	0	0	3.1252	-0.0559091	0.0672773	0	0	0	0	0	0	0.112623	-0.0120254	-1.28407
2018-11-25 00:00:00	-2.26455	-0.0150059	0.369609	0	-0.119559	-0.0107037	0.0752044	0	0.301174	0	0	0	0	0	0.726521	-0.0560391	0.0674477	0	0	0	0	0	0	0.115151	-0.0117057	-0.822453
2018-11-26 00:00:00	-1.28091	-0.00797554	0.356954	0	-0.0690789	-0.00642923	0.0378251	0	0.159529	0	0	0	0	0	0.0916416	-0.0560433	0.0675328	0	0	0	0	0	0	0.117088	-0.00953724	-0.599404
2018-11-27 00:00:00	-8.38909	-0.00215621	0.377594	0	0.443087	-0.0321178	0.282286	0	0.5878	0	0	0	0	0	4.87924	-0.0561008	0.0678373	0	0	0	0	0	0	0.116922	-0.0146749	-1.73938
2018-11-28 00:00:00	-5.75182	-0.0124552	0.437073	0	-0.0339815	-0.0265943	0.206026	0	0.631745	0	0	0	0	0	2.7772	-0.056087	0.0684453	0	0	0	0	0	0	0.120089	-0.015823	-1.65618
2018-11-29 00:00:00	-12.93	-0.00686677	0.414487	0	0.382134	-0.059047	0.493987	0	1.29049	0	0	0	0	0	7.23595	-0.0563922	0.0691429	0	0	0	0	0	0	0.12447	-0.0219593	-3.06361
2018-11-30 00:00:00	-8.64909	-0.0108126	0.384087	0	-0.0959082	-0.0507825	0.352196	0	1.10657	0	0	0	0	0	4.03317	-0.0569022	0.0697235	0	0	0	0	0	0	0.133525	-0.0206404	-2.80487
2018-12-01 00:00:00	-0.702727	-0.00786383	0.354378	0	-0.349197	-0.013807	0.0416098	0	0.405007	0	0	0	0	0	-0.765534	-0.0574399	0.0701594	0	0	0	0	0	0	0.143401	-0.012471	-0.894486
2018-12-02 00:00:00	-9.22182	-0.00924227	0.370028	0	0.584998	-0.0503886	0.356426	0	0.886221	0	0	0	0	0	4.59999	-0.057881	0.0704886	0	0	0	0	0	0	0.145638	-0.0163322	-2.34187
2018-12-03 00:00:00	-0.410909	-0.007781	0.304677	0	-0.473506	-0.0129017	0.0334122	0	0.429202	0	0	0	0	0	-0.570915	-0.0583168	0.070794	0	0	0	0	0	0	0.150918	-0.0125715	-0.557898
2018-12-04 00:00:00	-0.394545	-0.00920255	0.258167	0	-0.0631089	-0.00735133	0.0158414	0	0.131133	0	0	0	0	0	-0.475355	-0.0585669	0.0707987	0	0	0	0	0	0	0.154319	-0.0082132	-0.386085
2018-12-05 00:00:00	-7.59455	-0.00812476	0.270842	0	0.640211	-0.0406418	0.300248	0	0.725286	0	0	0	0	0	3.93385	-0.0588312	0.070875	0	0	0	0	0	0	0.153735	-0.0136433	-1.62074
2018-12-06 00:00:00	-1.30273	-0.0178788	0.362112	0	-0.365954	-0.0143923	0.0607497	0	0.433817	0	0	0	0	0	0.153665	-0.0590635	0.0711676	0	0	0	0	0	0	0.157522	-0.0122473	-0.533229
2018-12-07 00:00:00	-10.7509	0.000958964	0.362565	0	0.70675	-0.100018	0.442157	0	1.39847	0	0	0	0	0	5.55922	-0.0594779	0.0716513	0	0	0	0	0	0	0.158384	-0.0183749	-2.22862
2018-12-08 00:00:00	-2.03273	-0.00863523	0.353211	0	-0.401813	-0.0355486	0.105624	0	0.722576	0	0	0	0	0	0.453062	-0.0600164	0.0717615	0	0	0	0	0	0	0.165862	-0.0146105	-0.681256
2018-12-09 00:00:00	-0.194545	-0.0820468	0.273906	0	-0.233499	-0.0111423	0.0188313	0	0.23877	0	0	0	0	0	-0.517354	-0.0602463	0.0718514	0	0	0	0	0	0	0.172442	-0.00976576	-0.332801
2018-12-10 00:00:00	-0.2	-0.0368047	0.237342	0	-0.127648	-0.00448846	0.00708112	0	0.109589	0	0	0	0	0	-0.4322	-0.0603012	0.0718334	0	0	0	0	0	0	0.174464	-0.00798757	-0.269121
2018-12-11 00:00:00	0	-0.287229	0.315134	0	-0.0112418	-0.0062843	0.00940418	0	0.0817608	0	0	0	0	0	-0.221782	-0.0603444	0.0718194	0	0	0	0	0	0	0.174785	-0.00738975	0.0586316
2018-12-12 00:00:00	0	-0.281304	0.321285	0	-0.07374	-0.00321764	0.00419559	0	0.0654955	0	0	0	0	0	-0.177763	-0.0603454	0.0717774	0	0	0	0	0	0	0.174952	-0.00729706	0.0340387
2018-12-13 00:00:00	0	-0.239054	0.273039	0	-0.055031	-0.00347088	0.004771	0	0.043073	0	0	0	0	0	-0.0697411	-0.0603434	0.071783	0	0	0	0	0	0	0.175005	-0.00655891	0.133472
2018-12-14 00:00:00	-0.00545455	-0.218449	0.253509	0	-0.036952	-0.00299031	0.00397863	0	0.0442403	0	0	0	0	0	-0.0472427	-0.060298	0.071761	0	0	0	0	0	0	0.175098	-0.00675118	0.170448
2018-12-15 00:00:00	-1.19	0.793301	0.21912	0	-0.00894816	-0.00262048	0.0130256	0	0.0404369	0	0	0	0	0	0.0621459	-0.0604101	0.0717412	0	0	0	0	0	0	0.175089	-0.00667265	0.106208
2018-12-16 00:00:00	-12.1445	0.279914	0.298023	0	1.21001	-0.0900504	0.482324	0	1.32929	0	0	0	0	0	6.16546	-0.06081	0.0717424	0	0	0	0	0	0	0.1717	-0.0175386	-2.30448
2018-12-17 00:00:00	-0.691818	-0.00918954	0.286213	0	-0.627862	-0.0268085	0.0518125	0	0.652228	0	0	0	0	0	0.0485403	-0.0611885	0.0716848	0	0	0	0	0	0	0.178162	-0.0141482	-0.142374
2018-12-18 00:00:00	-5.38364	-0.00702828	0.345943	0	0.419494	-0.0668191	0.239053	0	0.80189	0	0	0	0	0	2.52295	-0.0612535	0.0718614	0	0	0	0	0	0	0.183233	-0.0130835	-0.947391
2018-12-19 00:00:00	-0.394545	-0.0134746	0.310285	0	-0.421471	-0.0190851	0.0300237	0	0.410427	0	0	0	0	0	-0.333417	-0.0613694	0.0722033	0	0	0	0	0	0	0.188492	-0.0116908	-0.243622
2018-12-20 00:00:00	-3.08091	-0.0046931	0.281838	0	0.323748	-0.0406419	0.13339	0	0.418976	0	0	0	0	0	1.27854	-0.0612735	0.0722395	0	0	0	0	0	0	0.192046	-0.01044	-0.497177
2018-12-21 00:00:00	-1.29182	-0.00702468	0.298706	0	-0.145447	-0.0248829	0.061433	0	0.377111	0	0	0	0	0	0.24402	-0.0612889	0.0722767	0	0	0	0	0	0	0.194743	-0.0110981	-0.29327
2018-12-22 00:00:00	-1.8	-0.0102944	0.309161	0	0.0514332	-0.0276714	0.0795439	0	0.318742	0	0	0	0	0	0.592978	-0.061396	0.0722527	0	0	0	0	0	0	0.196845	-0.0101669	-0.288574
2018-12-23 00:00:00	-0.194545	-0.0756509	0.268893	0	-0.24488	-0.0100642	0.0141349	0	0.203276	0	0	0	0	0	-0.155743	-0.0614474	0.0723522	0	0	0	0	0	0	0.198022	-0.00950279	0.00484428
2018-12-24 00:00:00	-0.2	-0.00269438	0.20256	0	-0.10205	-0.00544411	0.00668091	0	0.0871173	0	0	0	0	0	-0.114189	-0.061446	0.0723631	0	0	0	0	0	0	0.199359	-0.00781569	0.0744401
2018-12-25 00:00:00	-0.2	-0.116947	0.319058	0	-0.0777102	-0.00457031	0.0054749	0	0.0686503	0	0	0	0	0	-0.102357	-0.0614326	0.0724346	0	0	0	0	0	0	0.199493	-0.00748257	0.0946118
2018-12-26 00:00:00	0	-0.282856	0.320684	0	-0.0748663	-0.00373137	0.0038878	0	0.0548084	0	0	0	0	0	-0.071376	-0.0614324	0.0724106	0	0	0	0	0	0	0.199262	-0.00719241	0.149598
2018-12-27 00:00:00	0	-0.287137	0.32878	0	-0.050067	-0.00309539	0.00305504	0	0.0435526	0	0	0	0	0	-0.0404693	-0.0614257	0.0723799	0	0	0	0	0	0	0.199223	-0.00692047	0.197877
2018-12-28 00:00:00	-0.886364	0.512709	0.326041	0	-0.0216532	-0.00303731	0.00317265	0	0.041083	0	0	0	0	0	0.0310443	-0.061407	0.0723542	0	0	0	0	0	0	0.199189	-0.00689133	0.20624
2018-12-29 00:00:00	-7.30727	0.191331	0.337516	0	0.928302	-0.0661833	0.284636	0	0.760163	0	0	0	0	0	3.34879	-0.0616167	0.0723084	0	0	0	0	0	0	0.197023	-0.0129467	-1.32795
2018-12-30 00:00:00	-1.09727	-0.0097536	0.370888	0	-0.395262	-0.028626	0.0562124	0	0.55323	0	0	0	0	0	0.239757	-0.0616536	0.0724427	0	0	0	0	0	0	0.201345	-0.0128176	-0.111511
2018-12-31 00:00:00	-0.691818	-0.00766579	0.308692	0	-0.0921059	-0.0141474	0.0275162	0	0.201147	0	0	0	0	0	-0.00140506	-0.0617313	0.0724071	0	0	0	0	0	0	0.205475	-0.00921704	-0.0628534
2019-01-01 00:00:00	-1.18909	-0.007774	0.341817	0	0.0445354	-0.0173385	0.0443437	0	0.188687	0	0	0	0	0	0.300057	-0.061698	0.0724522	0	0	0	0	0	0	0.206695	-0.00887257	-0.0861864
2019-01-02 00:00:00	0	-0.190094	0.191579	0	-0.163697	-0.00734969	0.00953903	0	0.133874	0	0	0	0	0	-0.114487	-0.0617831	0.0723536	0	0	0	0	0	0	0.207079	-0.00866473	0.0683493
2019-01-03 00:00:00	0	-0.228103	0.260862	0	-0.0981902	-0.00423581	0.0040897	0	0.0743277	0	0	0	0	0	-0.0962385	-0.0618139	0.072302	0	0	0	0	0	0	0.207884	-0.00767242	0.123212
2019-01-04 00:00:00	0	-0.276604	0.31733	0	-0.0855309	-0.0038913	0.00361893	0	0.0491689	0	0	0	0	0	-0.0500318	-0.0617376	0.0723915	0	0	0	0	0	0	0.207771	-0.00712091	0.165364
2019-01-05 00:00:00	0	-0.262897	0.301646	0	-0.0472471	-0.0037171	0.00337625	0	0.0409829	0	0	0	0	0	-0.060267	-0.0616741	0.0724578	0	0	0	0	0	0	0.207244	-0.00692286	0.182981
2019-01-06 00:00:00	-1.78909	0.918558	0.35708	0	0.0995263	-0.00481071	0.0192308	0	0.0547201	0	0	0	0	0	0.195067	-0.0616748	0.0724411	0	0	0	0	0	0	0.206571	-0.00716209	0.0604551
2019-01-07 00:00:00	-1.58364	-0.0123173	0.387361	0	0.129341	-0.0116401	0.0549899	0	0.134047	0	0	0	0	0	0.579991	-0.0616854	0.0724387	0	0	0	0	0	0	0.206152	-0.00841355	-0.113371
2019-01-08 00:00:00	-0.875454	-0.0113887	0.297093	0	-0.0286509	-0.00910565	0.0310852	0	0.154518	0	0	0	0	0	0.200281	-0.0616809	0.0724261	0	0	0	0	0	0	0.206232	-0.00902931	-0.0336758
2019-01-09 00:00:00	-1.07545	-0.00745696	0.24176	0	0.0655056	-0.0100162	0.0385161	0	0.143302	0	0	0	0	0	0.253871	-0.0616308	0.0725401	0	0	0	0	0	0	0.206461	-0.00872639	-0.141329
2019-01-10 00:00:00	-0.875455	-0.0291908	0.362138	0	-0.0712923	-0.00803164	0.0275467	0	0.150037	0	0	0	0	0	0.288143	-0.0616247	0.0725778	0	0	0	0	0	0	0.206395	-0.00878097	0.0524634
2019-01-11 00:00:00	-1.17818	0.00774603	0.343837	0	0.0776266	-0.0128236	0.0398989	0	0.149791	0	0	0	0	0	0.332504	-0.0616262	0.072558	0	0	0	0	0	0	0.20631	-0.00871509	-0.0310757
2019-01-12 00:00:00	-2.31909	0.00133685	0.385829	0	0.180662	-0.0285387	0.0906548	0	0.288117	0	0	0	0	0	0.901957	-0.0616352	0.0725738	0	0	0	0	0	0	0.206367	-0.00983622	-0.291604
2019-01-13 00:00:00	-1.82727	-0.0152853	0.399983	0	0.00210697	-0.0281614	0.0765528	0	0.339072	0	0	0	0	0	0.711839	-0.0617427	0.0725285	0	0	0	0	0	0	0.207517	-0.0105269	-0.13339
2019-01-14 00:00:00	-1.37273	-0.00337947	0.359182	0	-0.0135596	-0.0213732	0.054659	0	0.283985	0	0	0	0	0	0.440323	-0.0615305	0.072629	0	0	0	0	0	0	0.208714	-0.0100977	-0.0631754
2019-01-15 00:00:00	-1.17273	-0.0101972	0.332729	0	0.03401	-0.0157855	0.0429007	0	0.235527	0	0	0	0	0	0.356735	-0.0614255	0.0725932	0	0	0	0	0	0	0.210318	-0.00951444	0.0151633
2019-01-16 00:00:00	-1.92455	-0.012841	0.367349	0	0.0675412	-0.0293173	0.0807418	0	0.282551	0	0	0	0	0	0.716589	-0.0613849	0.0726845	0	0	0	0	0	0	0.212805	-0.00981035	-0.237637
2019-01-17 00:00:00	-0.00545454	-0.272454	0.291855	0	-0.209014	-0.0106249	0.0139272	0	0.192751	0	0	0	0	0	-0.0635118	-0.0613511	0.0727367	0	0	0	0	0	0	0.214637	-0.00944052	0.154056
2019-01-18 00:00:00	-1.07	0.256921	0.302073	0	0.0516682	-0.00848518	0.0247829	0	0.105103	0	0	0	0	0	0.191624	-0.061353	0.0727173	0	0	0	0	0	0	0.21662	-0.00813982	0.0735318
2019-01-19 00:00:00	0	-0.295377	0.314364	0	-0.163952	-0.0048255	0.00676985	0	0.11038	0	0	0	0	0	-0.0580555	-0.0613514	0.0727076	0	0	0	0	0	0	0.217071	-0.00838448	0.129347
2019-01-20 00:00:00	0	-0.275041	0.316774	0	-0.0147378	-0.00222599	0.00196354	0	0.0615715	0	0	0	0	0	0.0257986	-0.0613518	0.0726705	0	0	0	0	0	0	0.216856	-0.00768829	0.33459
2019-01-21 00:00:00	-3.90818	0.555305	0.292973	0	0.502352	-0.0389665	0.136336	0	0.262953	0	0	0	0	0	1.27691	-0.0613655	0.0727171	0	0	0	0	0	0	0.215444	-0.00894535	-0.702468
2019-01-22 00:00:00	-1.58909	-0.0087756	0.330972	0	-0.144149	-0.0292802	0.0722696	0	0.432603	0	0	0	0	0	0.619256	-0.0613302	0.0728746	0	0	0	0	0	0	0.216443	-0.0115217	-0.0997289
2019-01-23 00:00:00	-0.00545454	-0.255359	0.272134	0	-0.296998	-0.00500465	0.00696015	0	0.200264	0	0	0	0	0	-0.168388	-0.0613961	0.072729	0	0	0	0	0	0	0.218657	-0.00954891	-0.0314051
2019-01-24 00:00:00	-1.2	0.240319	0.359651	0	0.142766	-0.0151496	0.035413	0	0.104803	0	0	0	0	0	0.266178	-0.0614	0.0727408	0	0	0	0	0	0	0.218819	-0.00795247	0.156186
2019-01-25 00:00:00	-3.53	-0.00140922	0.484903	0	0.379869	-0.0535338	0.158787	0	0.454664	0	0	0	0	0	1.45716	-0.0615416	0.0727364	0	0	0	0	0	0	0.218469	-0.0108834	-0.430778
2019-01-26 00:00:00	-5.78909	-0.00868469	0.495962	0	0.298976	-0.101748	0.273295	0	1.15252	0	0	0	0	0	2.44606	-0.0616967	0.0728367	0	0	0	0	0	0	0.223501	-0.0160295	-1.0141
2019-01-27 00:00:00	0	-0.375982	0.407889	0	-0.536732	-0.0203831	0.0251444	0	0.510037	0	0	0	0	0	-0.2806	-0.0617714	0.0730066	0	0	0	0	0	0	0.234223	-0.012639	-0.0378089
2019-01-28 00:00:00	-1.07	0.35677	0.337892	0	0.0740032	-0.017575	0.0283847	0	0.155397	0	0	0	0	0	-0.00624999	-0.0617767	0.0730271	0	0	0	0	0	0	0.242043	-0.00863819	0.103276
2019-01-29 00:00:00	-4.18909	0.00324662	0.389359	0	0.434879	-0.0720031	0.189498	0	0.724822	0	0	0	0	0	1.63513	-0.0618224	0.0730906	0	0	0	0	0	0	0.242118	-0.0123809	-0.643159
2019-01-30 00:00:00	-0.875455	-0.0196317	0.350328	0	-0.346156	-0.0250887	0.0444655	0	0.520116	0	0	0	0	0	0.0655728	-0.0618421	0.0731331	0	0	0	0	0	0	0.244614	-0.012361	-0.0423047
2019-01-31 00:00:00	-1.07545	0.00521918	0.276273	0	0.0492797	-0.0256715	0.0488866	0	0.273727	0	0	0	0	0	0.171634	-0.0618413	0.0731436	0	0	0	0	0	0	0.247039	-0.00982195	-0.0275876
2019-02-01 00:00:00	-0.389091	-0.0181808	0.322319	0	-0.192793	-0.00944548	0.0136981	0	0.199369	0	0	0	0	0	-0.135405	-0.0618629	0.0731172	0	0	0	0	0	0	0.247354	-0.00951943	0.0395597
2019-02-02 00:00:00	-1.40545	0.0127572	0.34982	0	0.156925	-0.0209433	0.0525288	0	0.184302	0	0	0	0	0	0.413238	-0.0618878	0.0731005	0	0	0	0	0	0	0.247467	-0.0088297	-0.00697614
2019-02-03 00:00:00	-3.67545	-0.0145796	0.489185	0	0.326724	-0.0616607	0.160936	0	0.658824	0	0	0	0	0	1.46106	-0.0619935	0.0729863	0	0	0	0	0	0	0.245698	-0.0121007	-0.410376
2019-02-04 00:00:00	-1.77818	0.00200637	0.489058	0	-0.153291	-0.0394584	0.0801792	0	0.604072	0	0	0	0	0	0.493978	-0.062126	0.0730701	0	0	0	0	0	0	0.248898	-0.0125129	-0.0543078
2019-02-05 00:00:00	-4.91364	-0.00865402	0.481921	0	0.40952	-0.0954556	0.237473	0	1.10206	0	0	0	0	0	1.99504	-0.0621786	0.0732433	0	0	0	0	0	0	0.249393	-0.0146102	-0.545875
2019-02-06 00:00:00	-1.08091	-0.0163686	0.563636	0	-0.442789	-0.031703	0.0517746	0	0.674899	0	0	0	0	0	0.0314825	-0.0623317	0.0732286	0	0	0	0	0	0	0.253998	-0.0135009	0.00141673
2019-02-07 00:00:00	-1.57818	0.00236463	0.513632	0	0.0569695	-0.0312978	0.0627619	0	0.365232	0	0	0	0	0	0.311254	-0.0623272	0.0732647	0	0	0	0	0	0	0.257005	-0.0104257	-0.0397497
2019-02-08 00:00:00	-5.67545	-0.00798612	0.633108	0	0.480026	-0.107643	0.265824	0	1.30209	0	0	0	0	0	2.22349	-0.0624712	0.0732942	0	0	0	0	0	0	0.25409	-0.0158789	-0.637506
2019-02-09 00:00:00	-3.23273	-0.00973711	0.622663	0	-0.186843	-0.0801667	0.169525	0	1.20305	0	0	0	0	0	0.921139	-0.062791	0.0733114	0	0	0	0	0	0	0.259962	-0.0165458	-0.339162
2019-02-10 00:00:00	-0.394545	-0.169223	0.572723	0	-0.379627	-0.0244087	0.0275198	0	0.472289	0	0	0	0	0	-0.292173	-0.0628685	0.0733305	0	0	0	0	0	0	0.267649	-0.0118791	0.0787859
2019-02-11 00:00:00	-0.583636	0.0450924	0.531989	0	-0.130617	-0.0117416	0.011301	0	0.175586	0	0	0	0	0	-0.149285	-0.0629265	0.0733379	0	0	0	0	0	0	0.270628	-0.0091621	0.160566
2019-02-12 00:00:00	-0.794545	-0.0119149	0.721032	0	-0.0568901	-0.00864735	0.0144691	0	0.118876	0	0	0	0	0	-0.175921	-0.0629269	0.0733162	0	0	0	0	0	0	0.271379	-0.00847786	0.0797486
2019-02-13 00:00:00	-0.891818	0.0576564	0.647222	0	-0.0342237	-0.00861272	0.0183211	0	0.109253	0	0	0	0	0	-0.10945	-0.0629049	0.0733028	0	0	0	0	0	0	0.27039	-0.00826626	0.0608701
2019-02-14 00:00:00	-0.389091	-0.310785	0.738408	0	-0.110614	-0.00643162	0.00689964	0	0.109109	0	0	0	0	0	-0.0129139	-0.0628988	0.0732968	0	0	0	0	0	0	0.269279	-0.00844464	0.295814
2019-02-15 00:00:00	-0.394545	-0.325764	0.783928	0	-0.106176	-0.00378164	0.00280005	0	0.071011	0	0	0	0	0	-0.00632796	-0.0628875	0.0732768	0	0	0	0	0	0	0.268471	-0.00798391	0.292021
2019-02-16 00:00:00	-0.589091	-0.166506	0.797252	0	-0.0726008	-0.00409644	0.00298191	0	0.0490624	0	0	0	0	0	0.00762959	-0.0628744	0.0732564	0	0	0	0	0	0	0.266858	-0.00741622	0.294455
2019-02-17 00:00:00	-0.886364	0.079981	0.815509	0	-0.0376996	-0.00408578	0.00315787	0	0.0518477	0	0	0	0	0	0.0625485	-0.0628877	0.0732362	0	0	0	0	0	0	0.264562	-0.00752069	0.352285
2019-02-18 00:00:00	-3.66	0.767369	0.751624	0	0.500818	-0.0203036	0.102947	0	0.176028	0	0	0	0	0	0.873196	-0.0629197	0.0732323	0	0	0	0	0	0	0.262704	-0.00864847	-0.243952
2019-02-19 00:00:00	-3.56727	-0.0201159	0.781975	0	0.222681	-0.0490039	0.143777	0	0.599221	0	0	0	0	0	1.11621	-0.0629945	0.0733132	0	0	0	0	0	0	0.261433	-0.0125444	-0.513326
2019-02-20 00:00:00	-2.38909	-0.00517628	0.825276	0	-0.0408604	-0.0421821	0.0958652	0	0.562263	0	0	0	0	0	0.528423	-0.0630713	0.0733126	0	0	0	0	0	0	0.263021	-0.0122287	-0.204449
2019-02-21 00:00:00	-0.389091	-0.466086	0.912766	0	-0.291511	-0.0107024	0.0124652	0	0.2612	0	0	0	0	0	-0.181909	-0.0630753	0.073378	0	0	0	0	0	0	0.264461	-0.0102695	0.111626
2019-02-22 00:00:00	-0.389091	-0.515298	1.00078	0	-0.130281	-0.00556461	0.00437897	0	0.0965849	0	0	0	0	0	-0.22614	-0.0630699	0.0733568	0	0	0	0	0	0	0.263472	-0.00820218	0.100925
2019-02-23 00:00:00	-0.589091	-0.280729	0.933589	0	-0.114048	-0.00331833	0.00278596	0	0.0780547	0	0	0	0	0	-0.0049471	-0.0630597	0.0733464	0	0	0	0	0	0	0.261978	-0.00783594	0.286725
2019-02-24 00:00:00	-0.783636	-0.14142	0.978891	0	-0.0509482	-0.00424829	0.00324191	0	0.051553	0	0	0	0	0	-0.000468403	-0.0630447	0.0733182	0	0	0	0	0	0	0.260495	-0.00755477	0.316179
2019-02-25 00:00:00	-0.389091	-0.553774	1.64469	0	-0.461178	-0.000115458	8.39066E-05	0	0.0439551	0	0	0	0	0	-0.122315	-0.0630242	0.0732832	0	0	0	0	0	0	0.258275	-0.00747901	0.423307
2019-02-26 00:00:00	-0.394545	-0.583448	1.71904	0	-0.442518	0	0	0	0.026039	0	0	0	0	0	-0.161517	-0.0629982	0.0732417	0	0	0	0	0	0	0.256254	-0.00713521	0.42241
2019-02-27 00:00:00	-0.389091	-0.35526	1.18294	0	-0.121182	0	4.55396E-06	0	0.0178289	0	0	0	0	0	-0.204685	-0.0629631	0.0731873	0	0	0	0	0	0	0.253879	-0.00692326	0.387741
2019-02-28 00:00:00	-0.589091	-0.105893	0.772926	0	0.00941148	-0.000907755	0.000612702	0	0.0195243	0	0	0	0	0	0.0259801	-0.0629363	0.073158	0	0	0	0	0	0	0.250821	-0.0068724	0.386734
2019-03-01 00:00:00	-1	0.0865248	0.913206	0	0.0116002	-0.00157135	0.00121857	0	0.0299057	0	0	0	0	0	0.0504056	-0.0629285	0.0731429	0	0	0	0	0	0	0.245793	-0.00711831	0.340179
2019-03-02 00:00:00	-3.17818	1.21251	1.03053	0	0.39961	-0.00469267	0.0036224	0	0.0344091	0	0	0	0	0	0.329152	-0.0628861	0.0731256	0	0	0	0	0	0	0.242293	-0.00728539	0.0722098
2019-03-03 00:00:00	-3.96818	1.01687	0.903792	0	0.622247	-0.01471	0.0547259	0	0.157629	0	0	0	0	0	0.708096	-0.0628868	0.0731625	0	0	0	0	0	0	0.239487	-0.00845045	-0.278217
2019-03-04 00:00:00	-11.0273	0.646488	0.896564	0	1.20663	-0.148145	0.49646	0	1.61859	0	0	0	0	0	3.98547	-0.0630235	0.0733856	0	0	0	0	0	0	0.236928	-0.0194547	-2.09739
2019-03-05 00:00:00	-2.61091	-0.00421085	0.882655	0	-0.488005	-0.0790714	0.142679	0	1.1937	0	0	0	0	0	0.344425	-0.0633087	0.0734775	0	0	0	0	0	0	0.246333	-0.017013	-0.37925
2019-03-06 00:00:00	-10.2927	-0.00505186	0.9728	0	0.730949	-0.24042	0.538932	0	2.62764	0	0	0	0	0	3.82878	-0.0635464	0.0740107	0	0	0	0	0	0	0.248122	-0.0233496	-1.60387
2019-03-07 00:00:00	-5.72455	-0.00160457	0.969042	0	-0.22254	-0.167635	0.321048	0	2.30753	0	0	0	0	0	1.57351	-0.0637457	0.0747135	0	0	0	0	0	0	0.256746	-0.0235781	-0.701065
2019-03-08 00:00:00	-5.49182	0.0009715	0.848621	0	0.120459	-0.15839	0.298931	0	2.03654	0	0	0	0	0	1.4555	-0.0640445	0.0753613	0	0	0	0	0	0	0.265307	-0.0214577	-0.634019
2019-03-09 00:00:00	-1.40545	-0.0214954	0.962182	0	-0.54679	-0.0572543	0.0750007	0	1.00478	0	0	0	0	0	-0.37645	-0.0641537	0.0758253	0	0	0	0	0	0	0.275469	-0.0155816	-0.0939192
2019-03-10 00:00:00	-5.50818	-0.00262229	0.886899	0	0.500824	-0.138374	0.278807	0	1.57331	0	0	0	0	0	1.65128	-0.0642482	0.0761006	0	0	0	0	0	0	0.277228	-0.0171196	-0.486095
2019-03-11 00:00:00	-2.57818	0.0102804	1.02673	0	-0.197456	-0.0829274	0.131743	0	1.17879	0	0	0	0	0	0.16317	-0.0643106	0.0763776	0	0	0	0	0	0	0.281639	-0.0160962	-0.0702342
2019-03-12 00:00:00	-16.2718	0.00257932	1.07088	0	1.22138	-0.430085	0.953712	0	5.59961	0	0	0	0	0	6.19819	-0.0644514	0.0769648	0	0	0	0	0	0	0.271653	-0.0327206	-1.4041
2019-03-13 00:00:00	-3.71364	-0.00926049	1.18995	0	-0.841176	-0.162795	0.257713	0	2.56031	0	0	0	0	0	0.228128	-0.0648926	0.0774125	0	0	0	0	0	0	0.281468	-0.0236722	-0.220457
2019-03-14 00:00:00	-11.2545	-0.00101365	1.19877	0	0.714651	-0.35734	0.71998	0	4.25723	0	0	0	0	0	3.59758	-0.0652972	0.0774008	0	0	0	0	0	0	0.279948	-0.028722	-0.861355
2019-03-15 00:00:00	-1.89273	-0.00773578	1.16505	0	-0.879417	-0.12546	0.177518	0	1.79767	0	0	0	0	0	-0.624712	-0.0655515	0.0774825	0	0	0	0	0	0	0.288667	-0.0197806	-0.108992
2019-03-16 00:00:00	-18.0373	-0.00428961	1.00675	0	1.3673	-0.573947	1.17639	0	6.90903	0	0	0	0	0	6.45372	-0.0658732	0.0778759	0	0	0	0	0	0	0.278029	-0.035649	-1.44793
2019-03-17 00:00:00	-0.394545	-0.571412	1.04855	0	-1.35245	-0.119303	0.125733	0	2.12608	0	0	0	0	0	-1.1094	-0.0665115	0.0779305	0	0	0	0	0	0	0.291664	-0.0213988	0.0349303
2019-03-18 00:00:00	-0.394545	-0.569622	1.07319	0	-0.197098	-0.0721388	0.0599039	0	0.712105	0	0	0	0	0	-0.772192	-0.0668879	0.0774594	0	0	0	0	0	0	0.299785	-0.0121527	0.137807
2019-03-19 00:00:00	-0.978182	-0.21135	1.34985	0	-0.196941	-0.0403165	0.0313048	0	0.403526	0	0	0	0	0	-0.554266	-0.0668469	0.0774449	0	0	0	0	0	0	0.301059	-0.0107428	0.104536
2019-03-20 00:00:00	-0.783636	-0.37298	1.54999	0	-0.234394	-0.0158933	0.0111613	0	0.21026	0	0	0	0	0	-0.438578	-0.0668333	0.0774381	0	0	0	0	0	0	0.301584	-0.0096148	0.228505
2019-03-21 00:00:00	-2.55636	0.767843	1.59014	0	-0.00872831	-0.0196687	0.0168677	0	0.18922	0	0	0	0	0	-0.143793	-0.066816	0.0774377	0	0	0	0	0	0	0.300956	-0.00932299	0.137768
2019-03-22 00:00:00	-1.62727	-0.0299078	1.46063	0	-0.0589579	-0.0201754	0.0189952	0	0.215771	0	0	0	0	0	-0.0967664	-0.0667839	0.0774803	0	0	0	0	0	0	0.300737	-0.00929423	0.164456
2019-03-23 00:00:00	0	-1.0665	1.30365	0	-0.23124	-0.00712244	0.00602457	0	0.12743	0	0	0	0	0	-0.141285	-0.0667797	0.0774823	0	0	0	0	0	0	0.300515	-0.00859494	0.293572
2019-03-24 00:00:00	-0.405455	-0.413697	1.29435	0	-0.369837	-0.00126435	0.00122733	0	0.0549938	0	0	0	0	0	-0.185296	-0.0667818	0.0774813	0	0	0	0	0	0	0.299762	-0.00783816	0.277645
2019-03-25 00:00:00	0	-0.548649	1.27203	0	-0.496495	-0.000153445	0.000113073	0	0.0365776	0	0	0	0	0	-0.169967	-0.0668038	0.0774287	0	0	0	0	0	0	0.297824	-0.0075221	0.394383
2019-03-26 00:00:00	-0.00545454	-0.614077	1.42661	0	-0.420399	-2.40404E-05	3.76899E-05	0	0.0254307	0	0	0	0	0	-0.201586	-0.0667781	0.0773902	0	0	0	0	0	0	0.295349	-0.00727038	0.509232
2019-03-27 00:00:00	0	-0.641633	1.48172	0	-0.411902	0	2.18298E-05	0	0.0248432	0	0	0	0	0	-0.14468	-0.0667308	0.0773585	0	0	0	0	0	0	0.291604	-0.00716849	0.60343
2019-03-28 00:00:00	0	-0.665483	1.49346	0	-0.20652	0	1.31644E-05	0	0.0258106	0	0	0	0	0	-0.216655	-0.0666932	0.0773262	0	0	0	0	0	0	0.286365	-0.00714315	0.720486
2019-03-29 00:00:00	0	-0.661752	1.47525	0	-0.0772064	0	4.27499E-06	0	0.0223368	0	0	0	0	0	-0.262392	-0.0666107	0.077254	0	0	0	0	0	0	0.284894	-0.00712312	0.784656
2019-03-30 00:00:00	0	-0.243863	1.35956	0	-0.353964	0	0	0	0.0122714	0	0	0	0	0	-0.431761	-0.0665466	0.0772106	0	0	0	0	0	0	0.282546	-0.00686656	0.628582
2019-03-31 00:00:00	0	0	1.28476	0	-0.210474	0	0	0	0.000387449	0	0	0	0	0	-0.479767	-0.0664931	0.0771918	0	0	0	0	0	0	0.280178	-0.00663722	0.879143
2019-04-01 00:00:00	-0.2	0	1.2365	0	-0.12004	0	0	0	0	0	0	0	0	0	-0.291581	-0.0664466	0.0771541	0	0	0	0	0	0	0.277106	-0.00658764	0.906105
2019-04-02 00:00:00	-7.49182	2.6407	1.37573	0	0.928768	-0.00309864	0.00239965	0	0.00596752	0	0	0	0	0	1.4502	-0.0664958	0.0772952	0	0	0	0	0	0	0.272019	-0.00661051	-0.814943
2019-04-03 00:00:00	-16.6809	3.17308	1.35512	0	2.93007	-0.162936	0.540097	0	1.75525	0	0	0	0	0	3.98712	-0.0665835	0.0777541	0	0	0	0	0	0	0.267178	-0.0178899	-2.84265
2019-04-04 00:00:00	-6.89182	0.00463295	1.47608	0	0.000357545	-0.2093	0.414805	0	2.40331	0	0	0	0	0	1.54779	-0.0665861	0.078304	0	0	0	0	0	0	0.27565	-0.0229241	-0.989702
2019-04-05 00:00:00	0	-1.19725	1.60535	0	-0.867215	-0.0422427	0.0422993	0	0.743863	0	0	0	0	0	-0.568529	-0.0664492	0.0785534	0	0	0	0	0	0	0.288637	-0.0136414	0.00337821
2019-04-06 00:00:00	-1.29727	-0.138781	1.47411	0	0.00908388	-0.0297902	0.0250544	0	0.23515	0	0	0	0	0	-0.291282	-0.0664231	0.0785956	0	0	0	0	0	0	0.294091	-0.00942945	0.28311
2019-04-07 00:00:00	-0.4	-0.392397	1.20998	0	-0.351535	-0.00647301	0.00540862	0	0.133041	0	0	0	0	0	-0.262754	-0.0664037	0.0785934	0	0	0	0	0	0	0.294339	-0.00875338	0.233051
2019-04-08 00:00:00	0	-0.723285	1.67344	0	-0.693495	-0.0007862	0.000586755	0	0.0588927	0	0	0	0	0	-0.273726	-0.0663819	0.0785514	0	0	0	0	0	0	0.29287	-0.0079786	0.338692
2019-04-09 00:00:00	0	-0.661575	1.54096	0	-0.451115	-0.000343603	0.000275601	0	0.0312655	0	0	0	0	0	-0.310988	-0.0663667	0.0784958	0	0	0	0	0	0	0.289945	-0.00739778	0.443152
2019-04-10 00:00:00	-0.2	-0.751379	1.90462	0	-0.437538	-0.000131055	0.000139291	0	0.0361556	0	0	0	0	0	-0.216371	-0.0663524	0.0784427	0	0	0	0	0	0	0.28588	-0.00741332	0.626051
2019-04-11 00:00:00	0	-0.978973	2.18821	0	-0.301017	-2.99967E-05	4.20014E-05	0	0.0272887	0	0	0	0	0	-0.557228	-0.0662838	0.078335	0	0	0	0	0	0	0.283599	-0.00724442	0.666694
2019-04-12 00:00:00	0	-0.725393	1.64021	0	-0.145601	0	2.33512E-05	0	0.0209025	0	0	0	0	0	-0.314658	-0.0662612	0.0782948	0	0	0	0	0	0	0.278906	-0.00700206	0.759419
2019-04-13 00:00:00	0	-0.24936	1.39681	0	-0.219914	0	4.10027E-06	0	0.0155658	0	0	0	0	0	-0.42001	-0.0661966	0.0782191	0	0	0	0	0	0	0.274841	-0.00693115	0.803023
2019-04-14 00:00:00	0	0	1.48963	0	-0.368302	0	0	0	0.000680093	0	0	0	0	0	-0.607033	-0.0661193	0.0781318	0	0	0	0	0	0	0.271899	-0.00660527	0.79228
2019-04-15 00:00:00	0	0	1.58701	0	-0.236656	0	0	0	0	0	0	0	0	0	-0.658665	-0.0660649	0.0780565	0	0	0	0	0	0	0.266493	-0.00653666	0.963642
2019-04-16 00:00:00	0	0	1.77792	0	-0.146688	0	0	0	0	0	0	0	0	0	-0.664777	-0.0659928	0.0779688	0	0	0	0	0	0	0.262591	-0.00649852	1.23452
2019-04-17 00:00:00	0	0	1.85481	0	-0.0749519	0	0	0	0	0	0	0	0	0	-0.728791	-0.0659157	0.0778716	0	0	0	0	0	0	0.256759	-0.00646819	1.31332
2019-04-18 00:00:00	0	0	2.85901	0	-0.100385	0	0	0	0	0	0	0	0	0	-1.13391	-0.065798	0.0777335	0	0	0	0	0	0	0.250676	-0.00643038	1.8809
2019-04-19 00:00:00	0	0	4.03078	0	-0.0864512	0	0	0	0	0	0	0	0	0	-1.5947	-0.0656231	0.0775579	0	0	0	0	0	0	0.241744	-0.00637553	2.59694
2019-04-20 00:00:00	0	0	3.67021	0	-0.0330773	0	0	0	0	0	0	0	0	0	-1.41797	-0.0654566	0.0773868	0	0	0	0	0	0	0.232471	-0.00624372	2.45731
2019-04-21 00:00:00	0	0	2.37196	0	-0.00668883	0	0	0	0	0	0	0	0	0	-0.847053	-0.0653367	0.0772273	0	0	0	0	0	0	0.221969	-0.00603282	1.74604
2019-04-22 00:00:00	0	0	4.14541	0	-0.0267914	0	0	0	0	0	0	0	0	0	-1.49067	-0.0650966	0.0769591	0	0	0	0	0	0	0.215148	-0.00598158	2.84898
2019-04-23 00:00:00	0	0	1.96949	0	-0.000635699	0	0	0	0	0	0	0	0	0	-0.839675	-0.0646397	0.0766055	0	0	0	0	0	0	0.205602	-0.00591039	1.34084
2019-04-24 00:00:00	0	0	1.80897	0	-0.000676117	0	0	0	0	0	0	0	0	0	-0.726934	-0.0645624	0.0765083	0	0	0	0	0	0	0.197178	-0.0058777	1.28461
2019-04-25 00:00:00	-4	0.988611	2.2741	0	0.0530265	0	0	0	0	0	0	0	0	0	0.344031	-0.0645678	0.0764982	0	0	0	0	0	0	0.192362	-0.00584486	-0.141787
2019-04-26 00:00:00	-2.58909	0.00931161	2.23266	0	0.0377614	0	0	0	0	0	0	0	0	0	0.158235	-0.0645688	0.0764871	0	0	0	0	0	0	0.190853	-0.0058277	0.0458226
2019-04-27 00:00:00	-6.01091	1.26655	2.13155	0	0.115966	0	0	0	0	0	0	0	0	0	1.1689	-0.0646184	0.0765466	0	0	0	0	0	0	0.189415	-0.00580957	-1.13241
2019-04-28 00:00:00	-1.2	-1.01454	2.36352	0	0.0212024	0	0	0	0.000139703	0	0	0	0	0	-0.0970088	-0.0646455	0.0765663	0	0	0	0	0	0	0.189078	-0.00580016	0.26851
2019-04-29 00:00:00	0	-1.22159	2.59367	0	-0.074481	0	0	0	0.000173076	0	0	0	0	0	-0.519957	-0.0645964	0.0764812	0	0	0	0	0	0	0.187871	-0.00578818	0.971786
2019-04-30 00:00:00	0	-0.0283263	2.50615	0	-0.0905483	0	0	0	0	0	0	0	0	0	-1.00633	-0.0644553	0.0763055	0	0	0	0	0	0	0.185933	-0.00577518	1.57295
2019-05-01 00:00:00	-0.8	0	2.07822	0	0.00576598	0	0	0	0	0	0	0	0	0	-0.62715	-0.064395	0.0762231	0	0	0	0	0	0	0.183222	-0.00574049	0.846146
2019-05-02 00:00:00	-0.6	0	2.00536	0	-0.000282405	0	0	0	0	0	0	0	0	0	-0.576309	-0.0643231	0.0760998	0	0	0	0	0	0	0.179201	-0.00570293	1.01404
2019-05-03 00:00:00	-0.605455	0	1.7971	0	0.00672788	0	0	0	0	0	0	0	0	0	-0.518629	-0.0642216	0.075971	0	0	0	0	0	0	0.176874	-0.0056296	0.862739
2019-05-04 00:00:00	-0.0109091	0	1.74857	0	0.0242647	0	0	0	0	0	0	0	0	0	-0.626699	-0.0641799	0.0757114	0	0	0	0	0	0	0.175105	-0.00560646	1.31626
2019-05-05 00:00:00	0	0	1.72367	0	-0.0234201	0	0	0	0	0	0	0	0	0	-0.681454	-0.0641751	0.0755518	0	0	0	0	0	0	0.173238	-0.00558513	1.19783
2019-05-06 00:00:00	-0.583636	0	1.73607	0	-0.0202806	0	0	0	0	0	0	0	0	0	-0.489135	-0.0643373	0.0752031	0	0	0	0	0	0	0.17147	-0.00556075	0.819795
2019-05-07 00:00:00	-2.02727	0.153505	1.95946	0	0.0389346	0	0	0	0	0	0	0	0	0	-0.237986	-0.0642987	0.0751871	0	0	0	0	0	0	0.168173	-0.00554623	0.060151
2019-05-08 00:00:00	-6.61091	1.89175	2.21295	0	0.170036	0	0	0	0.000630663	0	0	0	0	0	1.19402	-0.0643378	0.0752667	0	0	0	0	0	0	0.164372	-0.00552482	-0.971748
2019-05-09 00:00:00	-2.00273	-0.195845	2.12381	0	0.0312191	0	0	0	0.00140967	0	0	0	0	0	0.0402913	-0.0643553	0.0753004	0	0	0	0	0	0	0.164135	-0.00551436	0.167719
2019-05-10 00:00:00	-16.8245	4.03147	2.31899	0	1.55539	-0.00792414	0.0286782	0	0.0203976	0	0	0	0	0	4.10922	-0.0645447	0.0755338	0	0	0	0	0	0	0.164321	-0.00575864	-4.59878
2019-05-11 00:00:00	0	-1.57998	2.36204	0	-0.483981	-0.00144658	0.0172953	0	0.051465	0	0	0	0	0	-0.237963	-0.0646593	0.0757393	0	0	0	0	0	0	0.166358	-0.00715197	0.29772
2019-05-12 00:00:00	0	-1.97864	4.57628	0	-1.00861	0	0	0	0	0	0	0	0	0	-0.720958	-0.0645735	0.0756252	0	0	0	0	0	0	0.167937	-0.00555146	1.04151
2019-05-13 00:00:00	0	-1.94424	4.38284	0	-0.170357	0	0	0	0	0	0	0	0	0	-1.03413	-0.0644495	0.0754419	0	0	0	0	0	0	0.167962	-0.00558627	1.40748
2019-05-14 00:00:00	0	-0.377931	5.24323	0	-0.10533	0	0	0	0	0	0	0	0	0	-2.46403	-0.0641831	0.0754248	0	0	0	0	0	0	0.167491	-0.00559508	2.46907
2019-05-15 00:00:00	0	0	4.667	0	-0.0356922	0	0	0	0	0	0	0	0	0	-2.07571	-0.0639841	0.0752452	0	0	0	0	0	0	0.165946	-0.00558079	2.72722
2019-05-16 00:00:00	0	0	2.31541	0	-0.00737854	0	0	0	0	0	0	0	0	0	-1.08019	-0.0639052	0.0750381	0	0	0	0	0	0	0.163246	-0.00554928	1.39667
2019-05-17 00:00:00	-0.2	0	2.28466	0	-0.00681661	0	0	0	0	0	0	0	0	0	-0.977201	-0.0637617	0.0746825	0	0	0	0	0	0	0.160701	-0.00551985	1.26675
2019-05-18 00:00:00	-3.80545	0.78323	2.63773	0	0.0320569	0	0	0	0	0	0	0	0	0	0.102199	-0.0637093	0.0746639	0	0	0	0	0	0	0.159103	-0.00550248	-0.085685
2019-05-19 00:00:00	-0.2	-0.78323	2.53392	0	-0.0105226	0	0	0	0	0	0	0	0	0	-0.539943	-0.0635242	0.0743304	0	0	0	0	0	0	0.157744	-0.00548954	1.16328
2019-05-20 00:00:00	0	0	2.38645	0	-0.0158015	0	0	0	0	0	0	0	0	0	-1.11274	-0.0630171	0.074618	0	0	0	0	0	0	0.156511	-0.00547238	1.42055
2019-05-21 00:00:00	0	0	2.36378	0	-0.0125099	0	0	0	0	0	0	0	0	0	-1.02985	-0.0629327	0.0744166	0	0	0	0	0	0	0.155334	-0.00544449	1.4828
2019-05-22 00:00:00	0	0	2.31693	0	-0.0108302	0	0	0	0	0	0	0	0	0	-1.05941	-0.0628831	0.074251	0	0	0	0	0	0	0.15359	-0.00541995	1.40622
2019-05-23 00:00:00	0	0	2.19412	0	-0.00878792	0	0	0	0	0	0	0	0	0	-0.964669	-0.0631185	0.0737737	0	0	0	0	0	0	0.151863	-0.0054025	1.37778
2019-05-24 00:00:00	0	0	2.308	0	-0.00890812	0	0	0	0	0	0	0	0	0	-1.17043	-0.0629452	0.0738519	0	0	0	0	0	0	0.150546	-0.00537689	1.28474
2019-05-25 00:00:00	-3.01091	0.266524	2.78123	0	0.0159133	0	0	0	0	0	0	0	0	0	0.102358	-0.0628489	0.073873	0	0	0	0	0	0	0.148503	-0.00533539	0.309306
2019-05-26 00:00:00	-5.43818	1.01438	3.22029	0	0.0458987	0	0	0	0	0	0	0	0	0	0.575859	-0.0628538	0.0738882	0	0	0	0	0	0	0.146039	-0.00526622	-0.429941
2019-05-27 00:00:00	-7.66364	1.64041	2.85486	0	0.100012	0	0	0	0	0	0	0	0	0	1.53776	-0.0628906	0.07394	0	0	0	0	0	0	0.145672	-0.00524973	-1.37913
2019-05-28 00:00:00	-3.77818	0.286502	2.5884	0	0.0765946	0	0	0	0	0	0	0	0	0	0.392733	-0.0629043	0.0739781	0	0	0	0	0	0	0.145647	-0.00524194	-0.28247
2019-05-29 00:00:00	-3.98364	0.34017	2.69888	0	0.0773621	0	0	0	0.00132922	0	0	0	0	0	0.466088	-0.0628029	0.0740265	0	0	0	0	0	0	0.14527	-0.00523562	-0.248553
2019-05-30 00:00:00	-16.7509	2.42904	3.29363	0	1.58708	-0.0104036	0.156713	0	0.0351891	0	0	0	0	0	4.55177	-0.0629642	0.0742237	0	0	0	0	0	0	0.145615	-0.00565212	-4.55666
2019-05-31 00:00:00	-5	-0.0262759	3.38881	0	-0.220223	-0.00481673	0.0826972	0	0.261564	0	0	0	0	0	0.4001	-0.0631102	0.0743988	0	0	0	0	0	0	0.146135	-0.0111919	-0.971915
2019-06-01 00:00:00	0	-2.02213	3.25616	0	-0.549163	-0.000894605	0.00525013	0	0.0376243	0	0	0	0	0	-0.483816	-0.0630909	0.0743931	0	0	0	0	0	0	0.150343	-0.00684909	0.397828
2019-06-02 00:00:00	-1.57818	-0.851223	3.42782	0	-0.335111	0	0	0	0.000167092	0	0	0	0	0	-0.319342	-0.0630397	0.0743175	0	0	0	0	0	0	0.151888	-0.00536498	0.501928
2019-06-03 00:00:00	-4.59455	0.993459	3.21528	0	0.208259	-8.53095E-05	0	0	0	0	0	0	0	0	0.108607	-0.0630176	0.0742752	0	0	0	0	0	0	0.152198	-0.00536459	0.0890607
2019-06-04 00:00:00	-5.04909	0.545106	3.21263	0	0.431476	-0.0036336	0.00359278	0	0.0186053	0	0	0	0	0	0.39097	-0.0630292	0.0742892	0	0	0	0	0	0	0.151823	-0.00601459	-0.293273
2019-06-05 00:00:00	-12.7455	1.40135	3.16229	0	0.753345	-0.0226349	0.312256	0	0.556039	0	0	0	0	0	3.30832	-0.0630943	0.0744479	0	0	0	0	0	0	0.150501	-0.0127082	-3.12534
2019-06-06 00:00:00	0	-1.9691	3.04334	0	-0.731293	-0.00292825	0.0145057	0	0.28049	0	0	0	0	0	-0.61942	-0.0631118	0.0745702	0	0	0	0	0	0	0.157908	-0.0108788	0.174077
2019-06-07 00:00:00	-4.82182	0.262809	4.53282	0	0.040335	-0.00141376	0.00153917	0	0.0274076	0	0	0	0	0	-0.131891	-0.063088	0.0745281	0	0	0	0	0	0	0.161967	-0.00653815	0.0766594
2019-06-08 00:00:00	-8.18364	1.70899	3.14445	0	0.624954	-0.0173388	0.11328	0	0.192343	0	0	0	0	0	1.17182	-0.0630452	0.0746135	0	0	0	0	0	0	0.162665	-0.00779975	-1.0787
2019-06-09 00:00:00	-0.610909	-1.73601	3.02801	0	-0.466294	-0.00356746	0.0111952	0	0.191476	0	0	0	0	0	-0.390933	-0.062847	0.0748137	0	0	0	0	0	0	0.166165	-0.00942015	0.191679
2019-06-10 00:00:00	0	-1.49555	3.55002	0	-0.867517	0	0	0	0.0152286	0	0	0	0	0	-0.639118	-0.0627491	0.0747625	0	0	0	0	0	0	0.168973	-0.00623472	0.737822
2019-06-11 00:00:00	0	-1.18855	2.75866	0	-0.339938	0	0	0	0.00436532	0	0	0	0	0	-0.655816	-0.0627066	0.0746392	0	0	0	0	0	0	0.169141	-0.00576744	0.754027
2019-06-12 00:00:00	-5.69273	1.65412	2.70155	0	0.367185	0	0.000162883	0	0.00119612	0	0	0	0	0	0.595712	-0.0627082	0.0746391	0	0	0	0	0	0	0.168744	-0.00560778	-0.197729
2019-06-13 00:00:00	-9.32	2.12174	2.92942	0	1.32179	-0.00998729	0.0666287	0	0.0727018	0	0	0	0	0	1.28088	-0.0627495	0.0747543	0	0	0	0	0	0	0.168393	-0.00665582	-1.36309
2019-06-14 00:00:00	0	-1.93769	2.93452	0	-0.580126	-0.00353011	0.0126243	0	0.167544	0	0	0	0	0	-0.347582	-0.062752	0.0748115	0	0	0	0	0	0	0.168742	-0.00905838	0.417502
2019-06-15 00:00:00	-0.00545455	-1.31295	3.13771	0	-0.765836	0	0	0	0.0187992	0	0	0	0	0	-0.47315	-0.0627027	0.0746851	0	0	0	0	0	0	0.169668	-0.00639224	0.774379
2019-06-16 00:00:00	-2.18909	-0.665868	3.56085	0	-0.160507	0	0	0	0.00277198	0	0	0	0	0	-0.178895	-0.0626802	0.0746151	0	0	0	0	0	0	0.1684	-0.00567663	0.543923
2019-06-17 00:00:00	-0.00545454	-1.32703	3.04542	0	-0.176805	0	0	0	0.000380729	0	0	0	0	0	-0.798166	-0.0626355	0.0744986	0	0	0	0	0	0	0.167595	-0.00555281	0.912248
2019-06-18 00:00:00	-0.194545	-0.132297	2.99943	0	-0.235537	0	0	0	0	0	0	0	0	0	-1.50716	-0.0625625	0.0743519	0	0	0	0	0	0	0.166488	-0.00552481	1.10265
2019-06-19 00:00:00	0	0	3.31615	0	-0.114499	0	0	0	0	0	0	0	0	0	-1.59819	-0.0624326	0.0741956	0	0	0	0	0	0	0.165214	-0.00550812	1.77493
2019-06-20 00:00:00	-3.19455	0.133162	3.19842	0	0.0651549	0	0	0	0	0	0	0	0	0	0.00383314	-0.0623509	0.0741737	0	0	0	0	0	0	0.162797	-0.00548356	0.375165
2019-06-21 00:00:00	0	-0.133162	2.94801	0	-0.0625017	0	0	0	0	0	0	0	0	0	-1.48609	-0.0621562	0.07415	0	0	0	0	0	0	0.161268	-0.0054628	1.43405
2019-06-22 00:00:00	0	0	4.0804	0	-0.0466358	0	0	0	0	0	0	0	0	0	-2.0398	-0.0620045	0.0739975	0	0	0	0	0	0	0.159586	-0.00543492	2.16011
2019-06-23 00:00:00	0	0	3.6279	0	-0.0266311	0	0	0	0	0	0	0	0	0	-1.9368	-0.0619297	0.0736338	0	0	0	0	0	0	0.157322	-0.00541533	1.82808
2019-06-24 00:00:00	-17.1618	5.73176	3.02458	0	0.884462	-0.000134941	0	0	0.000237597	0	0	0	0	0	3.91066	-0.0619317	0.0738323	0	0	0	0	0	0	0.153433	-0.0053804	-3.4503
2019-06-25 00:00:00	0	-2.19299	3.38058	0	-0.400122	-0.000315348	4.54673E-05	0	0.00102002	0	0	0	0	0	-0.562704	-0.0619803	0.0738871	0	0	0	0	0	0	0.153204	-0.00532705	0.385302
2019-06-26 00:00:00	0	-2.27628	5.21491	0	-0.349333	0	0	0	0.000875713	0	0	0	0	0	-1.28434	-0.0619115	0.0737571	0	0	0	0	0	0	0.151655	-0.00532089	1.46402
2019-06-27 00:00:00	0	-1.26248	5.13466	0	-0.0825006	0	0	0	0	0	0	0	0	0	-1.89288	-0.0618564	0.073459	0	0	0	0	0	0	0.149641	-0.00527003	2.05278
2019-06-28 00:00:00	0	0	5.29012	0	-0.0498991	0	0	0	0	0	0	0	0	0	-2.84309	-0.0617256	0.0726875	0	0	0	0	0	0	0.147903	-0.00525854	2.55074
2019-06-29 00:00:00	-3.96727	0.123253	4.01253	0	0.0183204	0	0	0	0	0	0	0	0	0	-0.22188	-0.061913	0.0717168	0	0	0	0	0	0	0.146477	-0.00524058	0.115992
2019-06-30 00:00:00	-0.6	-0.123253	3.27462	0	-0.0181	0	0	0	0	0	0	0	0	0	-1.44305	-0.0619814	0.0718175	0	0	0	0	0	0	0.145057	-0.00521297	1.23989
2019-07-01 00:00:00	-1.20545	0	3.1723	0	-0.00705106	0	0	0	0	0	0	0	0	0	-1.30794	-0.0618679	0.0715825	0	0	0	0	0	0	0.143477	-0.00518583	0.799855
2019-07-02 00:00:00	0	0	2.74318	0	0.00102892	0	0	0	0	0	0	0	0	0	-1.55867	-0.0618579	0.0718054	0	0	0	0	0	0	0.140744	-0.00515243	1.33108
2019-07-03 00:00:00	0	0	3.45189	0	-0.0359046	0	0	0	0	0	0	0	0	0	-1.94905	-0.061706	0.0715881	0	0	0	0	0	0	0.138166	-0.00512996	1.60985
2019-07-04 00:00:00	-0.2	0	2.87238	0	-0.0108059	0	0	0	0	0	0	0	0	0	-1.66316	-0.0620301	0.0708293	0	0	0	0	0	0	0.13712	-0.00511094	1.13921
2019-07-05 00:00:00	-1.2	0	3.2118	0	-0.00537316	0	0	0	0	0	0	0	0	0	-1.24123	-0.0616074	0.0707774	0	0	0	0	0	0	0.134062	-0.00506498	0.90337
2019-07-06 00:00:00	-0.194545	0	2.83529	0	-0.00885261	0	0	0	0	0	0	0	0	0	-1.67074	-0.0614481	0.0702826	0	0	0	0	0	0	0.132811	-0.00504555	1.09775
2019-07-07 00:00:00	0	0	2.70782	0	-0.00894639	0	0	0	0	0	0	0	0	0	-1.63883	-0.0611809	0.0699263	0	0	0	0	0	0	0.132025	-0.00502989	1.19578
2019-07-08 00:00:00	0	0	3.55082	0	-0.0112585	0	0	0	0	0	0	0	0	0	-2.14436	-0.0607951	0.0692392	0	0	0	0	0	0	0.130595	-0.00500836	1.52923
2019-07-09 00:00:00	-6.02727	1.51529	3.66697	0	0.0183973	0	0	0	0	0	0	0	0	0	0.368397	-0.0602565	0.0692205	0	0	0	0	0	0	0.1292	-0.0049766	-0.32503
2019-07-10 00:00:00	-13.7509	3.54508	3.97727	0	0.10922	0	0	0	0	0	0	0	0	0	3.44933	-0.0603945	0.0693346	0	0	0	0	0	0	0.127788	-0.00476152	-2.53804
2019-07-11 00:00:00	-2.86	-0.867949	3.74599	0	0.00959467	0	0	0	0	0	0	0	0	0	-0.131376	-0.0604408	0.0694125	0	0	0	0	0	0	0.127978	-0.00473727	0.0284751
2019-07-12 00:00:00	-0.594545	-1.75501	3.51811	0	-0.0435764	0	0	0	0	0	0	0	0	0	-0.617581	-0.0604018	0.0693918	0	0	0	0	0	0	0.127602	-0.00472743	0.63926
2019-07-13 00:00:00	-3.01091	-0.338078	3.60938	0	-0.00362011	0	0	0	0	0	0	0	0	0	-0.00225863	-0.0603307	0.0693304	0	0	0	0	0	0	0.127206	-0.00472317	0.386
2019-07-14 00:00:00	0	-1.36507	3.10961	0	-0.0298783	0	0	0	0	0	0	0	0	0	-0.956864	-0.0602479	0.0692624	0	0	0	0	0	0	0.127015	-0.0047142	0.889112
2019-07-15 00:00:00	0	-0.734201	3.64316	0	-0.0270119	0	0	0	0	0	0	0	0	0	-1.52755	-0.0601017	0.0692599	0	0	0	0	0	0	0.126103	-0.00470365	1.48495
2019-07-16 00:00:00	-0.0109091	0	3.09107	0	-0.0171397	0	0	0	0	0	0	0	0	0	-2.01332	-0.0597196	0.0693171	0	0	0	0	0	0	0.125263	-0.00469165	1.17987
2019-07-17 00:00:00	-1.61636	0	3.32895	0	-0.000382225	0	0	0	0	0	0	0	0	0	-1.16216	-0.0597702	0.0691154	0	0	0	0	0	0	0.123588	-0.00465371	0.678321
2019-07-18 00:00:00	-0.205455	0	2.83032	0	-0.0105035	0	0	0	0	0	0	0	0	0	-1.72578	-0.0593613	0.0691502	0	0	0	0	0	0	0.122876	-0.00464137	1.01661
2019-07-19 00:00:00	-5.33091	1.40018	3.49387	0	0.021825	0	0	0	0	0	0	0	0	0	0.134637	-0.0593227	0.0691617	0	0	0	0	0	0	0.12187	-0.00462728	-0.15331
2019-07-20 00:00:00	-2.43273	-1.06357	3.62637	0	0.0222754	0	0	0	0	0	0	0	0	0	-0.15057	-0.0592267	0.0691797	0	0	0	0	0	0	0.121105	-0.00461722	0.128216
2019-07-21 00:00:00	-5.81636	1.45251	3.51707	0	0.0213356	0	0	0	0	0	0	0	0	0	0.541544	-0.0591507	0.0692116	0	0	0	0	0	0	0.120355	-0.00460748	-0.158097
2019-07-22 00:00:00	-0.994545	-1.77008	3.91302	0	-0.0177488	0	0	0	0	0	0	0	0	0	-0.841886	-0.0591042	0.0691764	0	0	0	0	0	0	0.119911	-0.00459848	0.414143
2019-07-23 00:00:00	0	-0.0190437	3.21299	0	-0.0412637	0	0	0	0	0	0	0	0	0	-2.11493	-0.0588153	0.0686973	0	0	0	0	0	0	0.119451	-0.00459035	1.16249
2019-07-24 00:00:00	-8.04364	2.20585	4.10315	0	0.0509379	0	0	0	0	0	0	0	0	0	0.825695	-0.0587142	0.0687262	0	0	0	0	0	0	0.118479	-0.00458134	-0.734092
2019-07-25 00:00:00	-0.210909	-2.20585	4.90375	0	-0.0258743	0	0	0	0	0	0	0	0	0	-1.5403	-0.0586377	0.0685783	0	0	0	0	0	0	0.117301	-0.00456264	1.0435
2019-07-26 00:00:00	-0.410909	0	3.12744	0	-0.0107333	0	0	0	0	0	0	0	0	0	-1.83748	-0.0584665	0.0681876	0	0	0	0	0	0	0.116778	-0.00455137	0.99026
2019-07-27 00:00:00	-23.5582	6.43646	3.20134	0	1.10183	0	0.0101877	0	0.000420348	0	0	0	0	0	7.54068	-0.05854	0.0684787	0	0	0	0	0	0	0.116262	-0.00452999	-5.1456
2019-07-28 00:00:00	-0.2	-2.52705	3.87443	0	-0.355623	0	0.0167273	0	0.00110115	0	0	0	0	0	-0.887288	-0.0586604	0.0686825	0	0	0	0	0	0	0.117169	-0.00453826	0.0449486
2019-07-29 00:00:00	-0.194545	-1.27641	3.43418	0	-0.539518	0	0	0	0	0	0	0	0	0	-0.816069	-0.0586272	0.0686168	0	0	0	0	0	0	0.116925	-0.00452627	0.730022
2019-07-30 00:00:00	-0.4	-1.27921	3.43912	0	-0.0511305	0	0	0	0	0	0	0	0	0	-0.865122	-0.0585416	0.06848	0	0	0	0	0	0	0.116641	-0.0045217	0.965718
2019-07-31 00:00:00	-4.82182	0.928504	3.74338	0	0.039166	0	0	0	0	0	0	0	0	0	0.00436917	-0.0585215	0.0684636	0	0	0	0	0	0	0.116002	-0.0045093	0.0150324
2019-08-01 00:00:00	-0.194545	-1.9092	3.42128	0	-0.0567886	0	0	0	0	0	0	0	0	0	-0.703898	-0.0584753	0.0684162	0	0	0	0	0	0	0.115422	-0.00449279	0.677718
2019-08-02 00:00:00	0	-0.373108	2.97105	0	-0.0526057	0	0	0	0	0	0	0	0	0	-1.67456	-0.0583769	0.068324	0	0	0	0	0	0	0.114889	-0.00448668	0.991121
2019-08-03 00:00:00	-12.4745	4.1403	3.66743	0	0.566514	0	0	0	0	0	0	0	0	0	2.35524	-0.0584321	0.068398	0	0	0	0	0	0	0.114546	-0.00447932	-1.62502
2019-08-04 00:00:00	-3.38364	-0.137961	3.52181	0	0.0563413	0	0	0	0	0	0	0	0	0	0.00447471	-0.0583886	0.0684045	0	0	0	0	0	0	0.114411	-0.00447319	0.180984
2019-08-05 00:00:00	-1.37818	-1.77196	3.51089	0	-0.0632067	0	0	0	0	0	0	0	0	0	-0.264236	-0.0583312	0.0684311	0	0	0	0	0	0	0.114055	-0.00446263	0.15299
2019-08-06 00:00:00	-6.81091	2.18106	3.3454	0	0.260936	0	0	0	0	0	0	0	0	0	0.643016	-0.0583073	0.0684159	0	0	0	0	0	0	0.113829	-0.0044565	-0.261015
2019-08-07 00:00:00	-10.7636	2.0944	3.2285	0	0.602592	0	0.18939	0	0.110698	0	0	0	0	0	2.43432	-0.0583923	0.0685223	0	0	0	0	0	0	0.113537	-0.00679335	-1.98687
2019-08-08 00:00:00	-0.2	-2.37336	3.34091	0	-0.449479	0	0.0105763	0	0.121609	0	0	0	0	0	-0.520499	-0.0584624	0.0685963	0	0	0	0	0	0	0.11405	-0.00815672	0.0457824
2019-08-09 00:00:00	-15.0709	2.36709	3.4266	0	0.682289	0	0.280772	0	0.302022	0	0	0	0	0	4.98213	-0.0585337	0.0687218	0	0	0	0	0	0	0.115154	-0.0100129	-2.91468
2019-08-10 00:00:00	-10.9782	0.00651266	3.27071	0	0.0517152	-0.00137493	0.273343	0	0.57958	0	0	0	0	0	3.64551	-0.0587158	0.0689811	0	0	0	0	0	0	0.115143	-0.0160817	-3.04287
2019-08-11 00:00:00	-28.7473	0.0568642	3.09325	0	0.73265	-0.045198	0.900208	0	2.14726	0	0	0	0	0	12.7107	-0.0591404	0.0694613	0	0	0	0	0	0	0.115	-0.0297138	-9.05595
2019-08-12 00:00:00	-3.57273	-0.0171983	2.78957	0	-0.613591	-0.0104685	0.0606268	0	0.571056	0	0	0	0	0	-1.09853	-0.0594521	0.0699877	0	0	0	0	0	0	0.128755	-0.0150297	-1.767
2019-08-13 00:00:00	-2.38364	-0.27042	2.64997	0	-0.09545	-0.00542636	0.0106698	0	0.119652	0	0	0	0	0	-0.546985	-0.0594403	0.0701063	0	0	0	0	0	0	0.136796	-0.00860843	-0.382768
2019-08-14 00:00:00	-1.57273	-1.08376	2.81267	0	-0.053862	-0.00408576	0.00441556	0	0.0539178	0	0	0	0	0	-0.427142	-0.0593351	0.0702018	0	0	0	0	0	0	0.14117	-0.00719948	-0.125731
2019-08-15 00:00:00	-1.00545	-1.26336	3.05871	0	-0.213823	-0.00326671	0.0026273	0	0.0272004	0	0	0	0	0	-0.466973	-0.0592548	0.0702292	0	0	0	0	0	0	0.143788	-0.00617357	0.284253
2019-08-16 00:00:00	-2.74545	-0.221477	3.28139	0	-0.10172	-0.000838491	0.000600544	0	0.0188396	0	0	0	0	0	-0.214507	-0.0592389	0.0701911	0	0	0	0	0	0	0.144529	-0.00597095	0.16634
2019-08-17 00:00:00	-2.40545	-0.288879	3.07531	0	-0.0595096	-7.54318E-05	3.48764E-05	0	0.0207027	0	0	0	0	0	-0.117009	-0.0592052	0.0701299	0	0	0	0	0	0	0.144321	-0.00611208	0.374254
2019-08-18 00:00:00	-1.97273	-0.400992	2.98651	0	-0.27225	-0.000868972	0.000635082	0	0.0125084	0	0	0	0	0	-0.299989	-0.0591734	0.0701078	0	0	0	0	0	0	0.143669	-0.00574773	0.201684
2019-08-19 00:00:00	-0.6	-0.894759	2.90808	0	-0.413353	0	0	0	0.00983632	0	0	0	0	0	-0.615471	-0.0591262	0.0700161	0	0	0	0	0	0	0.143303	-0.00567056	0.542855
2019-08-20 00:00:00	-1.38909	-0.533217	2.67068	0	-0.155014	0	0	0	0.00225212	0	0	0	0	0	-0.332698	-0.0590853	0.0699781	0	0	0	0	0	0	0.142654	-0.00526084	0.411199
2019-08-21 00:00:00	-4.15091	1.27243	2.6801	0	0.10694	0	0	0	0.00114217	0	0	0	0	0	0.059179	-0.0590759	0.0699531	0	0	0	0	0	0	0.142133	-0.00518813	0.116697
2019-08-22 00:00:00	-0.983636	-1.50146	2.93937	0	0.0382682	0	0	0	0.0046879	0	0	0	0	0	-0.276323	-0.0590527	0.0699132	0	0	0	0	0	0	0.141533	-0.00538092	0.367923
2019-08-23 00:00:00	0	-1.18118	2.94544	0	-0.180597	0	0	0	0.00247592	0	0	0	0	0	-0.916555	-0.0589828	0.0698113	0	0	0	0	0	0	0.141209	-0.00525112	0.816371
2019-08-24 00:00:00	0	-0.178722	3.2567	0	-0.266852	0	0	0	0	0	0	0	0	0	-1.68896	-0.0588744	0.0696887	0	0	0	0	0	0	0.140451	-0.00513377	1.2683
2019-08-25 00:00:00	0	0	2.9864	0	-0.100222	0	0	0	0	0	0	0	0	0	-1.67716	-0.058769	0.0695835	0	0	0	0	0	0	0.139855	-0.00512051	1.35457
2019-08-26 00:00:00	0	0	2.58722	0	-0.0249139	0	0	0	0	0	0	0	0	0	-1.30005	-0.0586556	0.0694748	0	0	0	0	0	0	0.138872	-0.00511706	1.40684
2019-08-27 00:00:00	-0.794545	0	3.56967	0	-0.0193065	0	0	0	0	0	0	0	0	0	-1.63962	-0.0585485	0.0693595	0	0	0	0	0	0	0.137545	-0.00511164	1.25945
2019-08-28 00:00:00	-0.194545	0	2.40772	0	0.00642211	0	0	0	0	0	0	0	0	0	-1.12687	-0.0584829	0.0692166	0	0	0	0	0	0	0.134371	-0.00509492	1.23274
2019-08-29 00:00:00	-6.17273	2.65996	2.53845	0	0.092579	0	0	0	0	0	0	0	0	0	0.611133	-0.058396	0.0691838	0	0	0	0	0	0	0.133772	-0.00508376	-0.131121
2019-08-30 00:00:00	-1.78364	-1.02264	2.85612	0	0.0140035	0	0	0	0	0	0	0	0	0	0.014985	-0.0583807	0.0691685	0	0	0	0	0	0	0.133183	-0.00507108	0.217724
2019-08-31 00:00:00	-2.00545	-0.578761	2.6414	0	0.0293943	0	0	0	0	0	0	0	0	0	-0.0209938	-0.0583536	0.0691339	0	0	0	0	0	0	0.13252	-0.00506089	0.20382
2019-09-01 00:00:00	-0.205455	-1.04189	2.30064	0	-0.0102127	0	0	0	0	0	0	0	0	0	-0.468942	-0.0582292	0.0690551	0	0	0	0	0	0	0.132138	-0.00505396	0.712047
2019-09-02 00:00:00	-4.57777	1.82664	2.45716	0	0.0690612	0	0	0	0	0	0	0	0	0	0.123722	-0.058208	0.0690204	0	0	0	0	0	0	0.131613	-0.00504165	0.0361986
2019-09-03 00:00:00	-10.7569	3.2424	2.59714	0	0.284243	0	0	0	0.00975716	0	0	0	0	0	2.66269	-0.0581805	0.0691498	0	0	0	0	0	0	0.131175	-0.00537046	-1.8239
2019-09-04 00:00:00	-3.84909	0.506034	2.30267	0	0.168396	0	0	0	0.0576979	0	0	0	0	0	0.296658	-0.058249	0.0692125	0	0	0	0	0	0	0.131004	-0.00726885	-0.382935
2019-09-05 00:00:00	0	-1.9591	2.1991	0	-0.0578496	0	0	0	0.0268582	0	0	0	0	0	-0.235019	-0.0582428	0.0692123	0	0	0	0	0	0	0.131332	-0.00625387	0.110041
2019-09-06 00:00:00	-1.6	-0.571692	2.39168	0	-0.00540951	0	0	0	0.0103042	0	0	0	0	0	0.0261114	-0.0582101	0.0691235	0	0	0	0	0	0	0.131345	-0.00558697	0.387662
2019-09-07 00:00:00	0	-0.786234	2.00391	0	-0.230977	0	0	0	0.00167844	0	0	0	0	0	-0.703266	-0.0581889	0.0689646	0	0	0	0	0	0	0.130893	-0.00513893	0.421642
2019-09-08 00:00:00	-0.794545	-0.706621	2.56268	0	-0.114634	0	0	0	0.00423055	0	0	0	0	0	-0.507435	-0.0581264	0.0688794	0	0	0	0	0	0	0.130419	-0.00525136	0.579592
2019-09-09 00:00:00	-11.6982	4.74725	2.31375	0	1.1447	-0.00113435	0.000469234	0	0.0104869	0	0	0	0	0	1.93372	-0.0581817	0.0689723	0	0	0	0	0	0	0.129395	-0.00536087	-1.41412
2019-09-10 00:00:00	-2.42182	-0.00752142	2.27741	0	-0.0525616	-0.000938455	0.00150421	0	0.0704034	0	0	0	0	0	-0.067021	-0.0581978	0.0690127	0	0	0	0	0	0	0.129306	-0.00758006	-0.0680036
2019-09-11 00:00:00	-6.15091	0.518539	2.35534	0	0.303336	-0.00441976	0.12276	0	0.121219	0	0	0	0	0	1.55953	-0.0582239	0.0690531	0	0	0	0	0	0	0.129556	-0.0082723	-1.04249
2019-09-12 00:00:00	-4.62182	-0.0213623	2.09623	0	0.0326421	-0.00432943	0.0909289	0	0.24622	0	0	0	0	0	1.1624	-0.0582713	0.0691418	0	0	0	0	0	0	0.130332	-0.0105658	-0.88845
2019-09-13 00:00:00	-0.194545	-1.56251	1.94635	0	-0.17318	-0.00246924	0.00769787	0	0.135048	0	0	0	0	0	-0.278142	-0.0582715	0.0691709	0	0	0	0	0	0	0.131562	-0.00869064	0.0120186
2019-09-14 00:00:00	-1.97273	-0.0749359	2.05222	0	0.00587867	-0.00191378	0.00187693	0	0.0368709	0	0	0	0	0	-0.171585	-0.0582413	0.0691414	0	0	0	0	0	0	0.132247	-0.00644989	0.0123822
2019-09-15 00:00:00	0	-1.22235	1.95822	0	-0.269261	-0.00174921	0.00138861	0	0.0194674	0	0	0	0	0	-0.321711	-0.0582182	0.0691245	0	0	0	0	0	0	0.132258	-0.00572254	0.301443
2019-09-16 00:00:00	-0.00545454	-0.787725	2.1495	0	-0.432376	-0.000122518	0.000125096	0	0.0084299	0	0	0	0	0	-0.263671	-0.0581385	0.069034	0	0	0	0	0	0	0.132205	-0.00552511	0.806284
2019-09-17 00:00:00	-0.194545	-0.582608	1.79275	0	-0.396322	0	0	0	0.000984845	0	0	0	0	0	-0.582686	-0.0580913	0.0689692	0	0	0	0	0	0	0.131796	-0.00512403	0.17512
2019-09-18 00:00:00	0	-0.689382	1.76102	0	-0.10372	0	0	0	0	0	0	0	0	0	-0.657564	-0.0580537	0.0689179	0	0	0	0	0	0	0.131346	-0.00507172	0.447492
2019-09-19 00:00:00	0	-0.853002	2.16234	0	-0.0524027	0	0	0	0	0	0	0	0	0	-0.709977	-0.0579752	0.0688537	0	0	0	0	0	0	0.130591	-0.00504284	0.683384
2019-09-20 00:00:00	0	-0.838122	2.17578	0	-0.029246	0	0	0	0	0	0	0	0	0	-0.672126	-0.0579224	0.0688183	0	0	0	0	0	0	0.130168	-0.00504336	0.772307
2019-09-21 00:00:00	0	-0.194394	1.96515	0	-0.0543502	0	0	0	0	0	0	0	0	0	-0.946343	-0.0578857	0.0686428	0	0	0	0	0	0	0.129334	-0.00503121	0.905121
2019-09-22 00:00:00	-6.97273	3.38178	1.89612	0	0.214528	0	0	0	0	0	0	0	0	0	0.985143	-0.0578685	0.0686923	0	0	0	0	0	0	0.128673	-0.00502051	-0.360673
2019-09-23 00:00:00	-0.605455	-1.28198	2.02318	0	0.0048009	0	0	0	0.00274956	0	0	0	0	0	-0.195021	-0.0578469	0.068688	0	0	0	0	0	0	0.128345	-0.00513756	0.0823237
2019-09-24 00:00:00	-13.1782	4.68236	2.06679	0	1.42698	-0.00288153	0.0867097	0	0.0565865	0	0	0	0	0	2.6784	-0.0579032	0.0686939	0	0	0	0	0	0	0.128037	-0.0067765	-2.05119
2019-09-25 00:00:00	-7.74	0.0516065	1.83642	0	0.123013	-0.0107638	0.217023	0	0.520935	0	0	0	0	0	2.73711	-0.0580212	0.0688954	0	0	0	0	0	0	0.127422	-0.0144465	-2.14081
2019-09-26 00:00:00	-5.15091	0.0650468	1.86419	0	-0.00243165	-0.0136376	0.122482	0	0.412385	0	0	0	0	0	1.25755	-0.0580863	0.0690289	0	0	0	0	0	0	0.130301	-0.0123743	-1.31645
2019-09-27 00:00:00	-15.7618	-0.00215922	1.63537	0	0.533654	-0.0456187	0.509351	0	1.25542	0	0	0	0	0	6.92307	-0.0582414	0.0692898	0	0	0	0	0	0	0.132044	-0.0206765	-4.83032
2019-09-28 00:00:00	-0.2	-1.20626	1.54053	0	-0.615807	-0.00850198	0.0229338	0	0.450391	0	0	0	0	0	-0.922422	-0.0582813	0.0696583	0	0	0	0	0	0	0.142524	-0.0129302	-0.798163
2019-09-29 00:00:00	-2.39455	0.712152	1.58218	0	0.0292924	-0.00733336	0.00771912	0	0.0940079	0	0	0	0	0	-0.232386	-0.0581764	0.0697724	0	0	0	0	0	0	0.14862	-0.00736029	-0.0560624
2019-09-30 00:00:00	-0.6	-0.770029	1.44343	0	-0.0444324	-0.00496043	0.00463285	0	0.0844658	0	0	0	0	0	-0.222885	-0.0581633	0.0697726	0	0	0	0	0	0	0.151123	-0.00735751	0.0455955
2019-10-01 00:00:00	-3.84364	1.24686	1.3145	0	0.162613	-0.00692151	0.0392277	0	0.0912718	0	0	0	0	0	0.608623	-0.0581814	0.0697703	0	0	0	0	0	0	0.152267	-0.00720749	-0.230819
2019-10-02 00:00:00	-0.00545454	-1.33394	1.49399	0	-0.149741	-0.00474921	0.00932465	0	0.114427	0	0	0	0	0	-0.270753	-0.0582571	0.0697519	0	0	0	0	0	0	0.152731	-0.00816327	0.00916501
2019-10-03 00:00:00	-13.34	1.34188	1.17636	0	0.73648	-0.0553067	0.414806	0	0.974431	0	0	0	0	0	5.54997	-0.0584768	0.0698816	0	0	0	0	0	0	0.150853	-0.0152463	-3.05437
2019-10-04 00:00:00	-3.35636	-0.0216036	1.44987	0	-0.392359	-0.0224245	0.102677	0	0.623036	0	0	0	0	0	0.472405	-0.0588754	0.070049	0	0	0	0	0	0	0.156615	-0.0140556	-0.991027
2019-10-05 00:00:00	-2.61091	-0.00403999	1.41782	0	-0.0512174	-0.0145997	0.0615827	0	0.274614	0	0	0	0	0	0.269288	-0.05906	0.0701124	0	0	0	0	0	0	0.162764	-0.00994814	-0.493592
2019-10-06 00:00:00	-22.3255	0.0223883	1.23528	0	1.1403	-0.166548	0.929294	0	2.88999	0	0	0	0	0	9.88064	-0.0594708	0.0704173	0	0	0	0	0	0	0.160983	-0.0274963	-6.24968
2019-10-07 00:00:00	-0.2	-1.12649	1.45202	0	-0.858531	-0.0350457	0.0653895	0	0.875452	0	0	0	0	0	-1.14456	-0.059812	0.0706892	0	0	0	0	0	0	0.180247	-0.0159704	-0.796614
2019-10-08 00:00:00	-1.98909	0.542081	1.38008	0	-0.0333877	-0.0187746	0.024566	0	0.209056	0	0	0	0	0	-0.566314	-0.0597339	0.0709339	0	0	0	0	0	0	0.189871	-0.00878985	-0.259505
2019-10-09 00:00:00	-6.14	0.582076	1.15268	0	0.399864	-0.0502514	0.195567	0	0.581918	0	0	0	0	0	1.78579	-0.059925	0.0709186	0	0	0	0	0	0	0.191858	-0.0115949	-1.3011
2019-10-10 00:00:00	-14.8	-0.000576444	1.2964	0	0.676324	-0.197458	0.648792	0	2.64862	0	0	0	0	0	6.04189	-0.0601691	0.0710617	0	0	0	0	0	0	0.191505	-0.0252661	-3.50888
2019-10-11 00:00:00	-1.19455	-0.107219	1.2979	0	-0.700322	-0.0463231	0.0588738	0	0.87534	0	0	0	0	0	-0.832134	-0.059968	0.0717013	0	0	0	0	0	0	0.210244	-0.0153909	-0.441844
2019-10-12 00:00:00	-0.589091	-0.502652	1.13519	0	-0.146054	-0.0162908	0.0169181	0	0.234678	0	0	0	0	0	-0.533615	-0.0597972	0.0720938	0	0	0	0	0	0	0.220186	-0.00914164	-0.17758
2019-10-13 00:00:00	-7.02727	0.616446	1.07502	0	0.659783	-0.0846106	0.262323	0	0.898269	0	0	0	0	0	2.177	-0.0598926	0.072169	0	0	0	0	0	0	0.220317	-0.0130484	-1.2035
2019-10-14 00:00:00	-0.00545454	-0.913745	1.01641	0	-0.457031	-0.0227048	0.0309391	0	0.519568	0	0	0	0	0	-0.539088	-0.0600449	0.0722308	0	0	0	0	0	0	0.223853	-0.0123376	-0.147407
2019-10-15 00:00:00	-0.194545	-0.752379	1.04841	0	-0.212918	-0.00978254	0.0103448	0	0.149436	0	0	0	0	0	-0.291376	-0.0600664	0.072196	0	0	0	0	0	0	0.227044	-0.00824634	-0.0218807
2019-10-16 00:00:00	-0.205455	-0.759132	1.06398	0	-0.0403214	-0.00830997	0.00933116	0	0.0829684	0	0	0	0	0	-0.214572	-0.0600718	0.0721807	0	0	0	0	0	0	0.227036	-0.00734213	0.160289
2019-10-17 00:00:00	-0.4	-0.352256	1.05142	0	-0.1968	-0.00451702	0.00443298	0	0.0623424	0	0	0	0	0	-0.198577	-0.0600662	0.0721584	0	0	0	0	0	0	0.226893	-0.00719412	0.197833
2019-10-18 00:00:00	-1.40545	0.34654	1.01897	0	-0.0142109	-0.00453165	0.00523783	0	0.0478735	0	0	0	0	0	-0.00647306	-0.0600645	0.0721329	0	0	0	0	0	0	0.226248	-0.00705037	0.219213
2019-10-19 00:00:00	-14.92	2.43594	1.01481	0	1.49341	-0.155362	0.543165	0	1.77001	0	0	0	0	0	5.25985	-0.0602409	0.0722909	0	0	0	0	0	0	0.221412	-0.0177926	-2.34252
2019-10-20 00:00:00	0	-0.874168	0.966954	0	-0.907748	-0.0323234	0.0468378	0	0.863784	0	0	0	0	0	-0.588666	-0.0607579	0.0725226	0	0	0	0	0	0	0.231091	-0.0151418	-0.297615
2019-10-21 00:00:00	0	-0.769252	0.874027	0	-0.0760292	-0.0139041	0.0160763	0	0.154933	0	0	0	0	0	-0.361708	-0.0608848	0.0725817	0	0	0	0	0	0	0.238579	-0.008303	0.0661163
2019-10-22 00:00:00	0	-0.858101	0.974908	0	-0.153182	-0.0078576	0.00867532	0	0.106709	0	0	0	0	0	-0.234252	-0.0608833	0.0725596	0	0	0	0	0	0	0.240029	-0.00784442	0.0807613
2019-10-23 00:00:00	0	-0.419312	0.946464	0	-0.310033	-0.00453684	0.00345783	0	0.0514779	0	0	0	0	0	-0.262427	-0.0608759	0.0725375	0	0	0	0	0	0	0.239631	-0.00727497	0.249109
2019-10-24 00:00:00	-0.827273	-0.0266934	0.909509	0	-0.00867615	-0.00544305	0.00635695	0	0.0424159	0	0	0	0	0	-0.0984093	-0.0608645	0.0725203	0	0	0	0	0	0	0.238946	-0.00722586	0.235163
2019-10-25 00:00:00	-0.210909	-0.175171	0.666449	0	-0.180949	-0.00428626	0.00471694	0	0.0420817	0	0	0	0	0	-0.148616	-0.060852	0.0724884	0	0	0	0	0	0	0.239152	-0.00720602	0.236898
2019-10-26 00:00:00	-0.405455	-0.128183	0.735632	0	-0.10619	-0.00255379	0.00339505	0	0.030925	0	0	0	0	0	-0.0105734	-0.0608376	0.0724735	0	0	0	0	0	0	0.238158	-0.00698504	0.359805
2019-10-27 00:00:00	0	-0.302383	0.793748	0	-0.243504	-0.000509785	0.00107179	0	0.0301996	0	0	0	0	0	-0.119876	-0.060826	0.072422	0	0	0	0	0	0	0.237128	-0.00698668	0.400484
2019-10-28 00:00:00	-0.194545	-0.174789	0.674678	0	-0.168043	-0.00034207	0.000262416	0	0.0261214	0	0	0	0	0	-0.0320633	-0.0608078	0.072359	0	0	0	0	0	0	0.235859	-0.00685169	0.371837
2019-10-29 00:00:00	-2.82182	1.88765	0.663778	0	0.118687	-0.00358968	0.00456174	0	0.0274517	0	0	0	0	0	0.112483	-0.060799	0.0723372	0	0	0	0	0	0	0.234211	-0.00686439	0.228083
2019-10-30 00:00:00	-0.00545454	-0.588982	0.646697	0	-0.0252604	-0.002572	0.00277582	0	0.0434791	0	0	0	0	0	-0.0361451	-0.0607839	0.0723067	0	0	0	0	0	0	0.232911	-0.0074016	0.271571
2019-10-31 00:00:00	-1.41091	0.648326	0.668714	0	0.0124859	-0.00449302	0.00634424	0	0.0331388	0	0	0	0	0	0.135842	-0.0607675	0.0722927	0	0	0	0	0	0	0.231631	-0.00701583	0.325589
2019-11-01 00:00:00	-9.59455	1.68024	0.756798	0	1.56243	-0.0599118	0.242048	0	0.53293	0	0	0	0	0	2.97889	-0.0609701	0.0722377	0	0	0	0	0	0	0.230454	-0.0114222	-1.67083
2019-11-02 00:00:00	-4.94545	-0.0210829	0.769043	0	-0.0116963	-0.0740449	0.220428	0	1.13876	0	0	0	0	0	1.76852	-0.06136	0.0722552	0	0	0	0	0	0	0.231987	-0.0167723	-0.929424
2019-11-03 00:00:00	-8.27636	0.0117834	0.701882	0	0.423238	-0.154489	0.427542	0	1.88549	0	0	0	0	0	3.21092	-0.0616861	0.0725219	0	0	0	0	0	0	0.235717	-0.0197099	-1.54316
2019-11-04 00:00:00	-15.8982	-0.00792947	0.660591	0	0.664651	-0.355091	0.881395	0	4.67145	0	0	0	0	0	6.46596	-0.062099	0.0732392	0	0	0	0	0	0	0.236994	-0.0314248	-2.70045
2019-11-05 00:00:00	-5.02182	-0.0161965	0.622717	0	-0.514916	-0.165086	0.317802	0	2.33489	0	0	0	0	0	0.862947	-0.0625808	0.0739344	0	0	0	0	0	0	0.251292	-0.0224954	-1.33951
2019-11-06 00:00:00	-0.616364	-0.0128846	0.556073	0	-0.417523	-0.0652519	0.0740245	0	0.884692	0	0	0	0	0	-0.85995	-0.0627873	0.0744492	0	0	0	0	0	0	0.265288	-0.0142499	-0.194483
2019-11-07 00:00:00	-4.31455	-0.00635046	0.593611	0	0.32349	-0.118358	0.253731	0	1.15921	0	0	0	0	0	1.11486	-0.0629323	0.0748626	0	0	0	0	0	0	0.270297	-0.0139851	-0.726111
2019-11-08 00:00:00	-1.18364	0.00265898	0.471088	0	-0.248053	-0.0589549	0.0854109	0	0.788585	0	0	0	0	0	-0.148782	-0.0629985	0.0749987	0	0	0	0	0	0	0.27393	-0.0134715	-0.0192245
2019-11-09 00:00:00	-1.58364	-0.0137039	0.439628	0	-0.0253125	-0.0477338	0.0814849	0	0.557024	0	0	0	0	0	0.138748	-0.063005	0.0750249	0	0	0	0	0	0	0.27649	-0.0113866	-0.176378
2019-11-10 00:00:00	-1.21091	-0.00895353	0.432307	0	-0.0837956	-0.0373617	0.0646226	0	0.452903	0	0	0	0	0	0.0153299	-0.0628909	0.0750457	0	0	0	0	0	0	0.276828	-0.0111004	-0.0979747
2019-11-11 00:00:00	-11.2218	-0.00168172	0.504574	0	1.16885	-0.257349	0.603233	0	3.24063	0	0	0	0	0	4.45175	-0.0629628	0.0752142	0	0	0	0	0	0	0.268277	-0.024084	-1.25536
2019-11-12 00:00:00	-2.61091	-0.0102878	0.475686	0	-0.646146	-0.103678	0.181128	0	1.77314	0	0	0	0	0	0.224006	-0.0628422	0.0757376	0	0	0	0	0	0	0.275655	-0.0194462	-0.447956
2019-11-13 00:00:00	-0.2	-0.169149	0.363113	0	-0.438803	-0.0299492	0.0326128	0	0.560682	0	0	0	0	0	-0.562198	-0.0630478	0.0759816	0	0	0	0	0	0	0.282269	-0.012328	-0.160815
2019-11-14 00:00:00	-1.63273	0.152599	0.417682	0	0.0975733	-0.0499501	0.0865551	0	0.462337	0	0	0	0	0	0.102388	-0.0630747	0.0759669	0	0	0	0	0	0	0.284143	-0.0107447	-0.0772529
2019-11-15 00:00:00	-4.33091	-0.0125644	0.478342	0	0.379491	-0.111861	0.265728	0	1.1989	0	0	0	0	0	1.36462	-0.063103	0.0760214	0	0	0	0	0	0	0.280974	-0.0150876	-0.489452
2019-11-16 00:00:00	-5.55091	-0.00366005	0.391702	0	0.274461	-0.146795	0.314023	0	2.06363	0	0	0	0	0	1.86386	-0.0632183	0.0761963	0	0	0	0	0	0	0.277725	-0.020479	-0.523465
2019-11-17 00:00:00	-0.4	-0.0269019	0.39856	0	-0.679852	-0.03606	0.0421051	0	0.82349	0	0	0	0	0	-0.4508	-0.0633608	0.0762306	0	0	0	0	0	0	0.282685	-0.0145657	-0.04847
2019-11-18 00:00:00	-0.194545	-0.0983058	0.294101	0	-0.185987	-0.0180749	0.0182086	0	0.259429	0	0	0	0	0	-0.2337	-0.0633803	0.0762296	0	0	0	0	0	0	0.285746	-0.00985493	0.129866
2019-11-19 00:00:00	-0.794545	0.0964246	0.341809	0	0.00463124	-0.0167301	0.0272248	0	0.179132	0	0	0	0	0	-0.10811	-0.06338	0.0762183	0	0	0	0	0	0	0.285465	-0.00898898	0.0191504
2019-11-20 00:00:00	0	-0.395265	0.423594	0	-0.166621	-0.0104279	0.0122005	0	0.167883	0	0	0	0	0	-0.152705	-0.0633741	0.0762301	0	0	0	0	0	0	0.285594	-0.00911588	0.167993
2019-11-21 00:00:00	0	-0.373693	0.426027	0	-0.140741	-0.00614307	0.00600776	0	0.101781	0	0	0	0	0	-0.100634	-0.0633867	0.0762134	0	0	0	0	0	0	0.285214	-0.00827459	0.202371
2019-11-22 00:00:00	-2	0.748358	0.445978	0	0.211108	-0.0133201	0.0382846	0	0.0954108	0	0	0	0	0	0.232296	-0.0634073	0.076188	0	0	0	0	0	0	0.284138	-0.00798394	0.0470505
2019-11-23 00:00:00	-3.61636	-0.0130854	0.422687	0	0.44781	-0.0690833	0.175503	0	0.655895	0	0	0	0	0	1.26926	-0.0634259	0.0762377	0	0	0	0	0	0	0.281307	-0.0121479	-0.445402
2019-11-24 00:00:00	-1.59455	-0.00854591	0.418771	0	-0.141908	-0.0394755	0.0794408	0	0.601811	0	0	0	0	0	0.310584	-0.0636387	0.0761728	0	0	0	0	0	0	0.282025	-0.0126565	-0.0919653
2019-11-25 00:00:00	-1.99455	-0.0065719	0.457126	0	0.0859302	-0.0445219	0.0938133	0	0.537748	0	0	0	0	0	0.509002	-0.0638167	0.0761216	0	0	0	0	0	0	0.283073	-0.0115672	-0.0782084
2019-11-26 00:00:00	-6.38909	-0.0200652	0.459504	0	0.527099	-0.142445	0.335179	0	1.81137	0	0	0	0	0	2.38066	-0.0638474	0.0763414	0	0	0	0	0	0	0.27925	-0.018717	-0.764766
2019-11-27 00:00:00	-4.01636	0.00161291	0.387338	0	-0.0693517	-0.124716	0.255181	0	1.83715	0	0	0	0	0	1.21209	-0.0637962	0.076701	0	0	0	0	0	0	0.281319	-0.0199882	-0.242828
2019-11-28 00:00:00	-10.3527	-0.00794491	0.35406	0	0.669653	-0.307064	0.698732	0	3.88907	0	0	0	0	0	3.70846	-0.0639278	0.0770046	0	0	0	0	0	0	0.278836	-0.0276523	-1.0835
2019-11-29 00:00:00	-0.2	-0.0746986	0.270505	0	-0.945001	-0.0686341	0.0804997	0	1.31844	0	0	0	0	0	-0.668768	-0.0639796	0.0774502	0	0	0	0	0	0	0.28819	-0.0177002	-0.00369865
2019-11-30 00:00:00	0	-0.190761	0.199095	0	-0.263515	-0.0304512	0.0290691	0	0.39882	0	0	0	0	0	-0.438944	-0.0638628	0.0775522	0	0	0	0	0	0	0.293626	-0.0107352	-0.000106878
2019-12-01 00:00:00	-0.194545	-0.00870533	0.205174	0	-0.0530437	-0.0226232	0.022164	0	0.225215	0	0	0	0	0	-0.2958	-0.063789	0.0776542	0	0	0	0	0	0	0.293766	-0.00954055	0.175925
2019-12-02 00:00:00	-8.22182	0.235652	0.323941	0	1.07838	-0.215848	0.481564	0	2.21621	0	0	0	0	0	2.92447	-0.0639189	0.0777643	0	0	0	0	0	0	0.286549	-0.019319	-0.896367
2019-12-03 00:00:00	0	-0.3325	0.352538	0	-0.853449	-0.0499392	0.0579769	0	1.05755	0	0	0	0	0	-0.479636	-0.0641202	0.077641	0	0	0	0	0	0	0.290658	-0.0162623	0.0404571
2019-12-04 00:00:00	-0.4	0.0445078	0.355266	0	-0.151953	-0.0239555	0.0233443	0	0.281401	0	0	0	0	0	-0.297023	-0.064127	0.0776027	0	0	0	0	0	0	0.29513	-0.00998555	0.130207
2019-12-05 00:00:00	-7.38909	0.257433	0.388525	0	0.946495	-0.193127	0.423944	0	1.98832	0	0	0	0	0	2.6263	-0.0645459	0.0775489	0	0	0	0	0	0	0.288863	-0.0180582	-0.667385
2019-12-06 00:00:00	-3.98364	-0.00974538	0.404055	0	-0.218355	-0.145694	0.279309	0	2.07921	0	0	0	0	0	1.15836	-0.0649152	0.0776154	0	0	0	0	0	0	0.287931	-0.0210413	-0.156904
2019-12-07 00:00:00	-13.14	-0.00312199	0.368325	0	0.96705	-0.422791	0.889958	0	5.28278	0	0	0	0	0	4.8426	-0.0654057	0.0779549	0	0	0	0	0	0	0.281234	-0.0314095	-0.952824
2019-12-08 00:00:00	-17.9727	-0.0109481	0.332767	0	0.335719	-0.651619	1.31649	0	8.55539	0	0	0	0	0	6.0947	-0.0661557	0.078117	0	0	0	0	0	0	0.276677	-0.0416696	-1.75325
2019-12-09 00:00:00	-0.00545455	-0.270667	0.287615	0	-1.32872	-0.172491	0.180025	0	2.63497	0	0	0	0	0	-1.44031	-0.0663911	0.0779219	0	0	0	0	0	0	0.295934	-0.0230729	0.169366
2019-12-10 00:00:00	-15.6382	0.257128	0.33396	0	1.41263	-0.614573	1.16253	0	6.76325	0	0	0	0	0	5.05938	-0.0666609	0.0782553	0	0	0	0	0	0	0.289954	-0.034036	-0.996362
2019-12-11 00:00:00	-8.76727	-0.0094224	0.286679	0	-0.329251	-0.457112	0.758309	0	5.6928	0	0	0	0	0	1.96569	-0.0667753	0.0791941	0	0	0	0	0	0	0.294387	-0.0339235	-0.586702
2019-12-12 00:00:00	-2.01636	-0.0129332	0.272773	0	-0.809866	-0.195885	0.254716	0	2.59972	0	0	0	0	0	-0.63472	-0.0669728	0.079696	0	0	0	0	0	0	0.305047	-0.0232065	-0.247991
2019-12-13 00:00:00	-2.78364	-0.00419503	0.287923	0	0.124064	-0.200167	0.27546	0	2.04023	0	0	0	0	0	-0.0222806	-0.0672429	0.0797715	0	0	0	0	0	0	0.30884	-0.0195583	0.0192126
2019-12-14 00:00:00	-12.3945	-0.0106761	0.268697	0	0.858541	-0.52055	0.953513	0	5.93742	0	0	0	0	0	3.82515	-0.0674018	0.0798544	0	0	0	0	0	0	0.299774	-0.032608	-0.80283
2019-12-15 00:00:00	-0.832727	-0.0116778	0.259016	0	-1.08832	-0.153914	0.181274	0	2.23839	0	0	0	0	0	-0.88337	-0.0675339	0.079847	0	0	0	0	0	0	0.31004	-0.0213771	0.00964316
2019-12-16 00:00:00	-2.96727	-0.00886134	0.28543	0	0.228548	-0.172575	0.252364	0	1.71812	0	0	0	0	0	0.183381	-0.0676271	0.079863	0	0	0	0	0	0	0.31316	-0.0174725	-0.172938
2019-12-17 00:00:00	0	-0.261768	0.272484	0	-0.691278	-0.0394087	0.0363608	0	0.793359	0	0	0	0	0	-0.50495	-0.0675929	0.0797302	0	0	0	0	0	0	0.317305	-0.0142388	-0.079998
2019-12-18 00:00:00	-3	0.246178	0.252572	0	0.559406	-0.154136	0.226691	0	1.18804	0	0	0	0	0	0.460476	-0.0676409	0.0797446	0	0	0	0	0	0	0.316455	-0.0140979	0.0936914
2019-12-19 00:00:00	-6.61636	-0.0120411	0.311378	0	0.442698	-0.271858	0.495819	0	3.03219	0	0	0	0	0	1.95349	-0.0677403	0.0799733	0	0	0	0	0	0	0.311061	-0.0236142	-0.365009
2019-12-20 00:00:00	-1.58909	-0.0085116	0.308498	0	-0.539593	-0.121583	0.162238	0	1.64134	0	0	0	0	0	-0.112708	-0.0678219	0.0800649	0	0	0	0	0	0	0.316523	-0.0183904	0.0509686
2019-12-21 00:00:00	-0.2	-0.0909992	0.291463	0	-0.315505	-0.0516245	0.046009	0	0.585246	0	0	0	0	0	-0.477092	-0.0679909	0.0800639	0	0	0	0	0	0	0.321814	-0.0121627	0.109221
2019-12-22 00:00:00	-0.6	0.0802868	0.286191	0	-0.191011	-0.0339962	0.036974	0	0.324546	0	0	0	0	0	-0.175324	-0.0680331	0.0801252	0	0	0	0	0	0	0.323293	-0.0104147	0.0526371
2019-12-23 00:00:00	-4.59455	-0.0119225	0.31541	0	0.776484	-0.156986	0.292316	0	1.39509	0	0	0	0	0	1.30331	-0.0681741	0.0801425	0	0	0	0	0	0	0.318773	-0.01547	-0.365575
2019-12-24 00:00:00	-0.394545	-0.0109068	0.277803	0	-0.660996	-0.0489687	0.0510577	0	0.829043	0	0	0	0	0	-0.19173	-0.0682607	0.0801742	0	0	0	0	0	0	0.320901	-0.014463	0.169108
2019-12-25 00:00:00	-0.394545	-0.0164649	0.291822	0	-0.240943	-0.0229151	0.0231786	0	0.289011	0	0	0	0	0	-0.14701	-0.0682876	0.0802042	0	0	0	0	0	0	0.323958	-0.010382	0.107627
2019-12-26 00:00:00	0	-0.268087	0.282571	0	-0.174403	-0.0156983	0.0142877	0	0.158598	0	0	0	0	0	-0.147735	-0.0683189	0.0802005	0	0	0	0	0	0	0.323948	-0.00919832	0.176164
2019-12-27 00:00:00	-2.2	0.265105	0.342105	0	0.390678	-0.0491837	0.0946684	0	0.317715	0	0	0	0	0	0.433837	-0.0683674	0.0801814	0	0	0	0	0	0	0.322499	-0.00977584	-0.0805382
2019-12-28 00:00:00	-0.00545455	-0.3126	0.335201	0	-0.375163	-0.016997	0.0175655	0	0.316996	0	0	0	0	0	-0.09678	-0.0684108	0.0801859	0	0	0	0	0	0	0.321585	-0.0109149	0.185213
2019-12-29 00:00:00	0	-0.276173	0.315821	0	-0.189663	-0.00812765	0.00737466	0	0.124071	0	0	0	0	0	-0.0544719	-0.0684248	0.0801757	0	0	0	0	0	0	0.322111	-0.00883326	0.243859
2019-12-30 00:00:00	-1.59455	0.563346	0.313392	0	0.163749	-0.0149166	0.0376109	0	0.117399	0	0	0	0	0	0.205377	-0.068445	0.0801759	0	0	0	0	0	0	0.320795	-0.00853254	0.115406
2019-12-31 00:00:00	-0.2	-0.0189024	0.203062	0	-0.213578	-0.0103169	0.0134324	0	0.171302	0	0	0	0	0	-0.0706986	-0.0684612	0.0801812	0	0	0	0	0	0	0.319303	-0.00946529	0.195859
2020-01-01 00:00:00	-0.00545455	-0.285114	0.305514	0	-0.129836	-0.00517901	0.00549393	0	0.0928903	0	0	0	0	0	-0.0136107	-0.0684651	0.0801715	0	0	0	0	0	0	0.318229	-0.00861456	0.286025
2020-01-02 00:00:00	-4.21091	0.276695	0.363618	0	0.847274	-0.0846838	0.198177	0	0.571469	0	0	0	0	0	1.24627	-0.0685147	0.0802039	0	0	0	0	0	0	0.314997	-0.0114235	-0.476825
2020-01-03 00:00:00	-1.00545	-0.00992467	0.314696	0	-0.314512	-0.0451927	0.0676765	0	0.624845	0	0	0	0	0	0.0960835	-0.0685568	0.0802764	0	0	0	0	0	0	0.315104	-0.0131174	0.0419234
2020-01-04 00:00:00	-1.21091	-0.00435667	0.295995	0	0.0658353	-0.0399029	0.0690564	0	0.382526	0	0	0	0	0	0.204192	-0.0685871	0.0803117	0	0	0	0	0	0	0.316445	-0.0107813	0.0798244
2020-01-05 00:00:00	-0.194545	-0.162749	0.354437	0	-0.323816	-0.0145645	0.0158158	0	0.252319	0	0	0	0	0	-0.111245	-0.068596	0.0803343	0	0	0	0	0	0	0.315368	-0.0102247	0.132533
2020-01-06 00:00:00	-4.58364	0.145185	0.352344	0	0.874913	-0.12407	0.241164	0	0.974618	0	0	0	0	0	1.30819	-0.0686409	0.0804103	0	0	0	0	0	0	0.311614	-0.0135492	-0.501457
2020-01-07 00:00:00	-7.74	-0.0103004	0.382173	0	0.589462	-0.279068	0.510262	0	3.14487	0	0	0	0	0	2.46838	-0.0687889	0.0804432	0	0	0	0	0	0	0.306156	-0.0243553	-0.640774
2020-01-08 00:00:00	-5.33455	-0.00850806	0.326067	0	-0.0429748	-0.235068	0.394285	0	2.97503	0	0	0	0	0	1.24636	-0.0690275	0.0804819	0	0	0	0	0	0	0.310224	-0.0243453	-0.382016
2020-01-09 00:00:00	-8.32	-0.008167	0.28576	0	0.33012	-0.380824	0.685653	0	4.25797	0	0	0	0	0	2.29846	-0.0692897	0.08038	0	0	0	0	0	0	0.310789	-0.0285174	-0.557664
2020-01-10 00:00:00	-3.20545	-0.00958644	0.29506	0	-0.46207	-0.204645	0.310378	0	2.55956	0	0	0	0	0	0.278453	-0.0695055	0.0802927	0	0	0	0	0	0	0.316699	-0.0227747	-0.133593
2020-01-11 00:00:00	-18.34	-0.0105058	0.409587	0	1.29375	-0.790971	1.40865	0	8.8394	0	0	0	0	0	5.86653	-0.0699507	0.0804708	0	0	0	0	0	0	0.304384	-0.0395991	-1.04826
2020-01-12 00:00:00	-3.18909	-0.00872432	0.333812	0	-1.07713	-0.303519	0.387679	0	3.90294	0	0	0	0	0	-0.262197	-0.070344	0.0805131	0	0	0	0	0	0	0.31752	-0.0276051	0.0838552
2020-01-13 00:00:00	-5.44909	-0.00746026	0.349849	0	0.196224	-0.343381	0.515277	0	3.41284	0	0	0	0	0	0.812747	-0.0705156	0.0805017	0	0	0	0	0	0	0.321127	-0.0250743	-0.206959
2020-01-14 00:00:00	-3.40545	-0.0058956	0.315078	0	-0.155873	-0.251166	0.348132	0	2.62348	0	0	0	0	0	0.273897	-0.0705582	0.0809604	0	0	0	0	0	0	0.324603	-0.0224706	0.0547273
2020-01-15 00:00:00	0	-0.340259	0.36387	0	-0.639046	-0.0928712	0.0805062	0	1.11329	0	0	0	0	0	-0.810582	-0.0706147	0.0810792	0	0	0	0	0	0	0.330801	-0.0158095	0.000365766
2020-01-16 00:00:00	-5.02182	0.320551	0.409083	0	0.623871	-0.221289	0.362395	0	1.96849	0	0	0	0	0	1.01696	-0.0707553	0.0811475	0	0	0	0	0	0	0.328888	-0.017873	-0.220347
2020-01-17 00:00:00	-0.205455	-0.15769	0.355215	0	-0.673034	-0.0726269	0.0679196	0	1.00039	0	0	0	0	0	-0.51256	-0.0709172	0.0810984	0	0	0	0	0	0	0.332032	-0.0155422	0.128829
2020-01-18 00:00:00	-0.2	-0.117396	0.330402	0	-0.370385	-0.0373418	0.0283636	0	0.408106	0	0	0	0	0	-0.399102	-0.0709677	0.081173	0	0	0	0	0	0	0.335026	-0.0110772	-0.0231993
2020-01-19 00:00:00	-0.194545	-0.104607	0.316505	0	-0.15397	-0.0294091	0.0239878	0	0.23526	0	0	0	0	0	-0.239098	-0.0709828	0.0812988	0	0	0	0	0	0	0.335267	-0.00981409	0.189892
2020-01-20 00:00:00	0	-0.335926	0.387174	0	-0.20431	-0.0152484	0.0120113	0	0.182204	0	0	0	0	0	-0.151324	-0.0709998	0.0813408	0	0	0	0	0	0	0.335101	-0.00939643	0.210627
2020-01-21 00:00:00	-0.2	-0.211626	0.444496	0	-0.12478	-0.00939312	0.0076652	0	0.105652	0	0	0	0	0	-0.116843	-0.0710155	0.0813773	0	0	0	0	0	0	0.334152	-0.00873168	0.230954
2020-01-22 00:00:00	-0.194545	-0.17941	0.403393	0	-0.125372	-0.00799207	0.00677014	0	0.0963044	0	0	0	0	0	-0.0230949	-0.0710244	0.0814029	0	0	0	0	0	0	0.332273	-0.0085025	0.310203
2020-01-23 00:00:00	0	-0.393008	0.457552	0	-0.136752	-0.00517107	0.0041194	0	0.0841846	0	0	0	0	0	-0.0397463	-0.0710353	0.0814148	0	0	0	0	0	0	0.330621	-0.00843619	0.303742
2020-01-24 00:00:00	-0.594545	0.146158	0.447992	0	-0.0943022	-0.00401403	0.00361664	0	0.0731217	0	0	0	0	0	-0.0146172	-0.0710667	0.0814228	0	0	0	0	0	0	0.328554	-0.00832061	0.293998
2020-01-25 00:00:00	0	-0.300876	0.372053	0	-0.0917487	-0.00296689	0.00252415	0	0.0564613	0	0	0	0	0	-0.0432844	-0.0710777	0.0814131	0	0	0	0	0	0	0.326517	-0.00809729	0.320917
2020-01-26 00:00:00	-2.17818	1.3706	0.417908	0	0.126057	-0.00517161	0.0109228	0	0.0699783	0	0	0	0	0	0.101197	-0.0710829	0.0814183	0	0	0	0	0	0	0.323853	-0.00832201	0.239178
2020-01-27 00:00:00	-1.81091	0.20922	0.40675	0	0.216522	-0.0199701	0.0721186	0	0.20883	0	0	0	0	0	0.351938	-0.0710967	0.0814402	0	0	0	0	0	0	0.322315	-0.00962392	-0.0424665
2020-01-28 00:00:00	-9.58364	-0.00361196	0.400148	0	1.61742	-0.273711	0.546754	0	2.34308	0	0	0	0	0	2.99291	-0.0712766	0.0815463	0	0	0	0	0	0	0.316626	-0.0217766	-1.65554
2020-01-29 00:00:00	-7.77818	-0.0137036	0.468837	0	0.15136	-0.342946	0.574337	0	3.83555	0	0	0	0	0	2.12524	-0.0716465	0.0817092	0	0	0	0	0	0	0.318367	-0.0281616	-0.679243
2020-01-30 00:00:00	-0.783636	-0.00760036	0.553534	0	-0.72874	-0.109594	0.10906	0	1.45328	0	0	0	0	0	-0.558221	-0.0718184	0.0815827	0	0	0	0	0	0	0.329387	-0.0176114	0.249622
2020-01-31 00:00:00	-1.97273	-0.00107486	0.597313	0	0.0398688	-0.0942478	0.124491	0	0.899243	0	0	0	0	0	0.0412244	-0.0718253	0.0816849	0	0	0	0	0	0	0.332957	-0.0128948	-0.0359872
2020-02-01 00:00:00	-2.82182	0.00321252	0.524872	0	0.20777	-0.127269	0.200686	0	1.21518	0	0	0	0	0	0.449389	-0.0718908	0.0817574	0	0	0	0	0	0	0.331641	-0.0147845	-0.0212543
2020-02-02 00:00:00	-7.17273	-0.0145433	0.473424	0	0.509794	-0.301058	0.521369	0	3.17783	0	0	0	0	0	1.99528	-0.0723619	0.08151	0	0	0	0	0	0	0.325409	-0.0235756	-0.499643
2020-02-03 00:00:00	-9.46	0.00197941	0.499442	0	0.485642	-0.478018	0.789781	0	5.02597	0	0	0	0	0	2.64876	-0.0727749	0.0815708	0	0	0	0	0	0	0.321053	-0.0307825	-0.187367
2020-02-04 00:00:00	-4.35636	-0.0177416	0.506249	0	-0.654539	-0.276683	0.373142	0	3.23735	0	0	0	0	0	0.54361	-0.0730573	0.0815821	0	0	0	0	0	0	0.327385	-0.0251779	-0.334243
2020-02-05 00:00:00	0	-0.455605	0.503786	0	-0.657422	-0.108136	0.08746	0	1.23001	0	0	0	0	0	-0.750444	-0.0731334	0.0817974	0	0	0	0	0	0	0.335284	-0.0162297	0.17737
2020-02-06 00:00:00	0	-0.445366	0.51451	0	-0.250625	-0.0517968	0.0368282	0	0.440481	0	0	0	0	0	-0.488322	-0.0731197	0.0819222	0	0	0	0	0	0	0.339513	-0.0110558	0.092969
2020-02-07 00:00:00	-0.4	-0.117412	0.537652	0	-0.17448	-0.0296612	0.0225832	0	0.249024	0	0	0	0	0	-0.318161	-0.0731234	0.081996	0	0	0	0	0	0	0.340036	-0.00994603	0.108508
2020-02-08 00:00:00	-12.4218	1.00572	0.621623	0	1.81706	-0.460764	0.816625	0	4.12745	0	0	0	0	0	3.44065	-0.0732704	0.0820324	0	0	0	0	0	0	0.327785	-0.0252343	-0.742135
2020-02-09 00:00:00	-23.5618	-0.00916044	0.655715	0	0.913513	-1.25209	1.89898	0	12.586	0	0	0	0	0	7.38524	-0.0735869	0.0822943	0	0	0	0	0	0	0.312485	-0.048185	-1.1106
2020-02-10 00:00:00	-12.1745	-0.0039679	0.505062	0	-0.594394	-0.96024	1.28328	0	9.0165	0	0	0	0	0	2.23982	-0.0737951	0.0837545	0	0	0	0	0	0	0.328273	-0.0417012	-0.391958
2020-02-11 00:00:00	-9.65454	-0.00761809	0.485086	0	-0.149831	-0.789126	1.03316	0	6.95461	0	0	0	0	0	1.50638	-0.0741789	0.0845455	0	0	0	0	0	0	0.338299	-0.0362473	-0.309469
2020-02-12 00:00:00	-1.51455	-0.00125544	0.513459	0	-0.78036	-0.364599	0.381503	0	2.98934	0	0	0	0	0	-1.19177	-0.0744356	0.0848328	0	0	0	0	0	0	0.352643	-0.0241994	0.370619
2020-02-13 00:00:00	-12.9291	-0.00520105	0.584351	0	1.18711	-0.842849	1.18317	0	7.07069	0	0	0	0	0	3.08408	-0.0746017	0.0850771	0	0	0	0	0	0	0.34503	-0.0350578	-0.347296
2020-02-14 00:00:00	-6.08545	-0.00883675	0.649044	0	-0.699597	-0.577159	0.644644	0	5.24982	0	0	0	0	0	0.352403	-0.0749932	0.0852535	0	0	0	0	0	0	0.352935	-0.0317188	-0.143659
2020-02-15 00:00:00	-8.02182	-0.00105982	0.694991	0	0.334168	-0.644661	0.812643	0	5.20222	0	0	0	0	0	1.19815	-0.0751344	0.0856083	0	0	0	0	0	0	0.356315	-0.0311315	-0.0897116
2020-02-16 00:00:00	-1.19455	-0.00594658	0.701737	0	-1.01929	-0.254254	0.214418	0	2.28421	0	0	0	0	0	-0.996495	-0.07533	0.0858638	0	0	0	0	0	0	0.36682	-0.0216295	0.0855635
2020-02-17 00:00:00	-8.22182	-0.00793512	0.704775	0	0.920296	-0.547152	0.748887	0	4.13339	0	0	0	0	0	1.85473	-0.0755269	0.0861109	0	0	0	0	0	0	0.363518	-0.0260352	-0.0667571
2020-02-18 00:00:00	-3.38364	-0.00346845	0.667174	0	-0.556031	-0.349271	0.373055	0	2.98468	0	0	0	0	0	-0.00645304	-0.0753422	0.0862079	0	0	0	0	0	0	0.367245	-0.0241647	0.0799943
2020-02-19 00:00:00	-3.38364	-0.00306901	0.732102	0	-0.0533952	-0.265031	0.310704	0	2.16497	0	0	0	0	0	0.20482	-0.0752306	0.086636	0	0	0	0	0	0	0.371672	-0.0200169	0.0705252
2020-02-20 00:00:00	-16.6273	-0.0174487	0.707229	0	1.17554	-1.07199	1.49541	0	8.55195	0	0	0	0	0	4.70027	-0.0754089	0.0873184	0	0	0	0	0	0	0.357398	-0.038735	-0.755753
2020-02-21 00:00:00	-10.6164	0.00763499	0.837997	0	0.0973898	-0.937898	1.14739	0	7.55169	0	0	0	0	0	1.97791	-0.0757435	0.0880809	0	0	0	0	0	0	0.361526	-0.0374568	0.402151
2020-02-22 00:00:00	-13.2055	-0.00642136	0.706676	0	-4.44372E-05	-1.12021	1.38235	0	8.86414	0	0	0	0	0	2.69643	-0.0764547	0.0881781	0	0	0	0	0	0	0.362342	-0.0403823	-0.348856
2020-02-23 00:00:00	-9.35636	-0.0134615	0.728183	0	-0.372641	-0.887456	1.02176	0	6.98644	0	0	0	0	0	1.30389	-0.0766405	0.088742	0	0	0	0	0	0	0.370828	-0.0361194	-0.242836
2020-02-24 00:00:00	-6.42727	0.00868234	0.627052	0	0.0920791	-0.689844	0.783989	0	5.10111	0	0	0	0	0	0.582748	-0.0768537	0.089203	0	0	0	0	0	0	0.380485	-0.0310345	0.440339
2020-02-25 00:00:00	-2.39455	-0.00067387	0.676538	0	-0.863089	-0.381576	0.357126	0	3.11933	0	0	0	0	0	-0.760717	-0.0772177	0.0892156	0	0	0	0	0	0	0.388808	-0.024828	0.128368
2020-02-26 00:00:00	-0.2	-0.485859	0.739091	0	-0.560243	-0.153963	0.113831	0	1.16297	0	0	0	0	0	-0.91902	-0.0773865	0.089235	0	0	0	0	0	0	0.397923	-0.0155996	0.0909816
2020-02-27 00:00:00	-4.78909	0.47842	0.739188	0	0.647808	-0.270311	0.359369	0	1.89367	0	0	0	0	0	0.520227	-0.0776125	0.0892964	0	0	0	0	0	0	0.396028	-0.017487	-0.0304902
2020-02-28 00:00:00	-12.0273	-0.0215522	0.826452	0	0.715273	-0.831313	1.10981	0	6.29047	0	0	0	0	0	3.0273	-0.0778975	0.0895443	0	0	0	0	0	0	0.383355	-0.0335881	-0.549418
2020-02-29 00:00:00	-16.9891	0.00159506	0.853584	0	0.673012	-1.36513	1.71375	0	10.4141	0	0	0	0	0	4.18711	-0.0788541	0.0898452	0	0	0	0	0	0	0.377257	-0.0433116	-0.166107
2020-03-01 00:00:00	-20.1236	0.00470571	0.83683	0	0.604288	-1.77166	2.14004	0	13.4934	0	0	0	0	0	4.74574	-0.0798251	0.0901707	0	0	0	0	0	0	0.380349	-0.0491706	0.271209
2020-03-02 00:00:00	-0.389091	-0.404131	0.836136	0	-1.81976	-0.515779	0.35788	0	4.0307	0	0	0	0	0	-2.14294	-0.0806376	0.090133	0	0	0	0	0	0	0.410804	-0.0271918	0.34612
2020-03-03 00:00:00	-0.794545	-0.0438682	0.853543	0	-0.572958	-0.22386	0.16785	0	1.54878	0	0	0	0	0	-1.26323	-0.0810692	0.0903106	0	0	0	0	0	0	0.421497	-0.0171114	0.0853367
2020-03-04 00:00:00	-0.2	-0.486925	0.77085	0	-0.389398	-0.12559	0.0900037	0	0.869069	0	0	0	0	0	-0.790688	-0.0813024	0.0904686	0	0	0	0	0	0	0.424188	-0.0136194	0.157057
2020-03-05 00:00:00	-0.194545	-0.456837	0.846096	0	-0.293385	-0.0683628	0.0437612	0	0.523756	0	0	0	0	0	-0.643317	-0.081396	0.0906143	0	0	0	0	0	0	0.424118	-0.0120282	0.178473
