Time	Precip	Canopy Stor. Change	Evapotrans	Snow Stor.Change	OL Stor.Change	OL Bou.Inflow	OL Bou.Outflow	OL->Ext.Sinks	OL->River/MOUSE	OL Drain Stor. Change	OL Drain->River/MOUSE	OL Drain->OL IN	OL Drain->OL OUT	Irrigation	SubSurf.Stor.Change	SubSurf.Bou.Inflow	SubSurf.Bou.Outflow	SubSurf->Ext.Sinks	Pumping	SZ Drain->River	SZ Drain->Ext.River	SZ Drain Inflow	SZ Drain Outflow	Baseflow to river	Baseflow from river	Error
2011-03-22 00:00:00	0	0	0	0	0	0	0	0	0	0	0	0	0	0	0	0	0	0	0	0	0	0	0	0	0	0
2011-03-23 00:00:00	0	-0.966961	1.34745	0	-0.0107308	0	9.51512E-05	0	0	0	0	0	0	0	-0.947698	-0.230237	0.0616614	0	0	1.72085	0	0	0	0.0926079	-0.03243	1.0346
2011-03-24 00:00:00	0	-0.717468	1.55236	0	-0.0175355	0	0	0	0	0	0	0	0	0	-1.08129	-0.229738	0.0615614	0	0	1.52274	0	0	0	0.0921726	-0.0358485	1.14696
2011-03-25 00:00:00	0	-0.51257	1.14003	0	-0.0127865	0	0	0	0	0	0	0	0	0	-0.860494	-0.229221	0.06146	0	0	1.34361	0	0	0	0.0922104	-0.0325943	0.98965
2011-03-26 00:00:00	0	-0.441723	1.21697	0	-0.013649	0	0	0	0	0	0	0	0	0	-1.44065	-0.228578	0.0613385	0	0	1.17517	0	0	0	0.0922519	-0.0305248	0.390603
2011-03-27 00:00:00	0	0	1.17416	0	-0.00602059	0	0	0	0	0	0	0	0	0	-0.888371	-0.228258	0.061283	0	0	1.08124	0	0	0	0.0920521	-0.0283631	1.25773
2011-03-28 00:00:00	0	0	1.2523	0	-0.00531451	0	0	0	0	0	0	0	0	0	-1.69186	-0.2277	0.06118	0	0	0.951643	0	0	0	0.092143	-0.0265821	0.405811
2011-03-29 00:00:00	-1.58649	0.214021	1.2579	0	0.000977523	0	0	0	0	0	0	0	0	0	-0.0105996	-0.227348	0.061125	0	0	0.894459	0	0	0	0.0919688	-0.024304	0.671709
2011-03-30 00:00:00	-3.5955	0.196398	1.39396	0	0.00830339	0	0	0	0	0	0	0	0	0	0.947752	-0.227211	0.0611157	0	0	0.900162	0	0	0	0.0919936	-0.0239367	-0.246961
2011-03-31 00:00:00	-6.03153	0.0651146	1.4822	0	0.0432071	-0.00616199	0.00717961	0	0	0	0	0	0	0	2.49775	-0.227554	0.0611968	0	0	0.993322	0	0	0	0.0921445	-0.0256045	-1.04874
2011-04-01 00:00:00	-0.795496	-0.475316	1.67477	0	-0.00935076	-0.000161708	0.000262274	0	0	0	0	0	0	0	-0.758928	-0.227382	0.0611755	0	0	1.01669	0	0	0	0.0922772	-0.0269577	0.551578
2011-04-02 00:00:00	-2.58199	0.493891	1.65281	0	0.00531306	0	0.000841524	0	0	0	0	0	0	0	-0.280787	-0.22685	0.061081	0	0	0.950831	0	0	0	0.0921654	-0.0261582	0.14115
2011-04-03 00:00:00	0	-0.494107	1.3696	0	-0.0163041	0	8.84649E-05	0	0	0	0	0	0	0	-0.831206	-0.226581	0.061037	0	0	0.912088	0	0	0	0.0920682	-0.0250438	0.841644
2011-04-04 00:00:00	-1.61801	0.130492	1.48326	0	-0.000267954	0	4.08086E-05	0	0	0	0	0	0	0	-0.335318	-0.226098	0.0609564	0	0	0.845995	0	0	0	0.0920811	-0.0235246	0.409598
2011-04-05 00:00:00	-11.8	0.606537	1.89157	0	0.0379739	-0.018086	0.050643	0	0	0	0	0	0	0	5.73613	-0.226949	0.0611295	0	0	0.997352	0	0	0	0.0922914	-0.0251041	-2.59651
2011-04-06 00:00:00	-11.6	0.0363303	1.99626	0	0.000603204	-0.024494	0.0721201	0	0	0	0	0	0	0	5.58597	-0.228595	0.0614495	0	0	1.35817	0	0	0	0.0931025	-0.0307302	-2.67981
2011-04-07 00:00:00	0	-0.771408	1.6094	0	-0.0201706	-0.000275784	0.0020133	0	0	0	0	0	0	0	-1.12782	-0.228723	0.0614737	0	0	1.42002	0	0	0	0.0935133	-0.0338748	1.00414
2011-04-08 00:00:00	0	-0.00195714	1.49675	0	-0.024339	0	0	0	0	0	0	0	0	0	-1.66437	-0.228236	0.0613777	0	0	1.25082	0	0	0	0.0934797	-0.0310154	0.95251
2011-04-09 00:00:00	0	0	2.28123	0	-0.0282309	0	0	0	0	0	0	0	0	0	-1.79299	-0.227466	0.0612375	0	0	1.02363	0	0	0	0.093436	-0.0292511	1.38159
2011-04-10 00:00:00	0	0	1.92288	0	-0.00254236	0	0	0	0	0	0	0	0	0	-2.13127	-0.227218	0.0612025	0	0	0.927183	0	0	0	0.093494	-0.0261281	0.617602
2011-04-11 00:00:00	-0.804504	0	1.61288	0	0.000156575	0	0	0	0	0	0	0	0	0	-1.05491	-0.226578	0.0610895	0	0	0.820039	0	0	0	0.0934467	-0.0235669	0.478055
2011-04-12 00:00:00	-0.2	0	1.39162	0	-0.000599738	0	0	0	0	0	0	0	0	0	-1.10182	-0.226286	0.061038	0	0	0.77038	0	0	0	0.0932961	-0.0216614	0.765967
2011-04-13 00:00:00	0	0	1.47471	0	-0.000209123	0	0	0	0	0	0	0	0	0	-1.49031	-0.225725	0.0609393	0	0	0.695417	0	0	0	0.0932694	-0.0206437	0.587446
2011-04-14 00:00:00	-0.195496	0	1.64884	0	0	0	0	0	0	0	0	0	0	0	-1.07577	-0.225052	0.0608086	0	0	0.626297	0	0	0	0.0930806	-0.0197794	0.912931
2011-04-15 00:00:00	-0.413511	0	1.58998	0	0	0	0	0	0	0	0	0	0	0	-1.29576	-0.224664	0.0607472	0	0	0.587776	0	0	0	0.0932365	-0.0188858	0.378915
2011-04-16 00:00:00	0	0	1.552	0	0	0	0	0	0	0	0	0	0	0	-1.57187	-0.224075	0.0606672	0	0	0.54823	0	0	0	0.0928757	-0.0182134	0.439611
2011-04-17 00:00:00	0	0	1.69451	0	0	0	0	0	0	0	0	0	0	0	-1.60608	-0.223627	0.0605584	0	0	0.508109	0	0	0	0.092744	-0.0172042	0.50901
2011-04-18 00:00:00	0	0	2.07243	0	0	0	0	0	0	0	0	0	0	0	-2.05924	-0.223025	0.0604571	0	0	0.463805	0	0	0	0.092619	-0.0162826	0.390761
2011-04-19 00:00:00	-0.2	0	2.0455	0	0	0	0	0	0	0	0	0	0	0	-1.66627	-0.222362	0.0603784	0	0	0.427952	0	0	0	0.0924997	-0.0153205	0.522379
2011-04-20 00:00:00	0	0	2.20799	0	0	0	0	0	0	0	0	0	0	0	-1.92453	-0.221853	0.0603058	0	0	0.39017	0	0	0	0.0923614	-0.0146338	0.58981
2011-04-21 00:00:00	0	0	1.86759	0	0	0	0	0	0	0	0	0	0	0	-1.57195	-0.22135	0.0602073	0	0	0.363191	0	0	0	0.0922244	-0.0139497	0.575961
2011-04-22 00:00:00	-0.195496	0	1.84705	0	0	0	0	0	0	0	0	0	0	0	-1.46284	-0.22057	0.0601688	0	0	0.347788	0	0	0	0.092102	-0.0132129	0.454989
2011-04-23 00:00:00	-6.19099	1.63622	2.22095	0	-1.14362E-06	0	0	0	0	0	0	0	0	0	1.08182	-0.220754	0.0601912	0	0	0.41675	0	0	0	0.0919615	-0.0130763	-0.916937
2011-04-24 00:00:00	-0.00450358	-1.43547	2.17175	0	0	0	0	0	0	0	0	0	0	0	-0.786066	-0.220236	0.0601406	0	0	0.45432	0	0	0	0.091949	-0.0148653	0.317017
2011-04-25 00:00:00	0	-0.200748	1.69722	0	0	0	0	0	0	0	0	0	0	0	-1.54062	-0.21875	0.0600632	0	0	0.444947	0	0	0	0.0918236	-0.015031	0.318907
2011-04-26 00:00:00	0	0	1.80974	0	0	0	0	0	0	0	0	0	0	0	-2.02554	-0.218161	0.0597224	0	0	0.41228	0	0	0	0.0916837	-0.0147411	0.114984
2011-04-27 00:00:00	-0.00450358	0	2.236	0	0	0	0	0	0	0	0	0	0	0	-1.51401	-0.217192	0.0596331	0	0	0.377686	0	0	0	0.0916052	-0.0142997	1.01493
2011-04-28 00:00:00	0	0	2.22118	0	0	0	0	0	0	0	0	0	0	0	-2.21679	-0.216642	0.0596102	0	0	0.339085	0	0	0	0.0918145	-0.0135072	0.264757
2011-04-29 00:00:00	-0.204504	0	2.30926	0	0	0	0	0	0	0	0	0	0	0	-1.96772	-0.21623	0.0594937	0	0	0.313374	0	0	0	0.0913477	-0.0126941	0.372331
2011-04-30 00:00:00	0	0	1.74717	0	0	0	0	0	0	0	0	0	0	0	-1.77108	-0.215024	0.0593012	0	0	0.299758	0	0	0	0.0912028	-0.0122271	0.199099
2011-05-01 00:00:00	0	0	2.44608	0	0	0	0	0	0	0	0	0	0	0	-2.34826	-0.214802	0.0591889	0	0	0.275459	0	0	0	0.0910423	-0.0119946	0.29671
2011-05-02 00:00:00	0	0	1.98799	0	0	0	0	0	0	0	0	0	0	0	-1.81353	-0.214272	0.0590057	0	0	0.259421	0	0	0	0.0908944	-0.0115784	0.357935
2011-05-03 00:00:00	-0.00450358	0	1.94129	0	0	0	0	0	0	0	0	0	0	0	-1.71633	-0.213828	0.0589266	0	0	0.248418	0	0	0	0.0907373	-0.0113169	0.393386
2011-05-04 00:00:00	0	0	2.40519	0	0	0	0	0	0	0	0	0	0	0	-2.11046	-0.213282	0.0588308	0	0	0.229434	0	0	0	0.0905761	-0.0111326	0.449161
2011-05-05 00:00:00	-1.60901	0	2.12407	0	-1.39636E-12	0	0	0	0	0	0	0	0	0	-0.676945	-0.212983	0.0587674	0	0	0.23963	0	0	0	0.0903436	-0.0108701	0.00300564
2011-05-06 00:00:00	-8.42252	1.6773	2.66	0	8.75248E-06	0	0	0	0	0	0	0	0	0	2.64842	-0.213138	0.0587947	0	0	0.325946	0	0	0	0.0903567	-0.0116273	-1.18646
2011-05-07 00:00:00	-13.1234	0.0253592	2.69512	0	0.00525348	0	0.000174203	0	0	0	0	0	0	0	6.59232	-0.2145	0.0590844	0	0	0.574222	0	0	0	0.090953	-0.0159296	-3.31138
2011-05-08 00:00:00	-8.17298	-0.0141871	2.6335	0	0.0257115	0	0.00503626	0	0	0	0	0	0	0	3.2744	-0.21556	0.0593114	0	0	0.828057	0	0	0	0.0916356	-0.021366	-1.50644
2011-05-09 00:00:00	-4.93695	0.0260438	2.43788	0	0.0275937	0	0.00133775	0	0	0	0	0	0	0	1.18233	-0.215851	0.0593709	0	0	0.931179	0	0	0	0.0918847	-0.0241038	-0.419279
2011-05-10 00:00:00	-3.5955	-0.0190263	2.56748	0	0.00735729	-0.00135476	0.00296408	0	0	0	0	0	0	0	0.337953	-0.215749	0.059339	0	0	0.941055	0	0	0	0.0919319	-0.0248661	0.151583
2011-05-11 00:00:00	-2.5955	-0.0272754	2.52486	0	-0.000941639	-8.33145E-05	0.000720109	0	0	0	0	0	0	0	-0.255748	-0.215433	0.059267	0	0	0.90889	0	0	0	0.0918808	-0.0242322	0.46641
2011-05-12 00:00:00	-3.03153	0.053847	2.46803	0	0.00162079	0	0.00180413	0	0	0	0	0	0	0	-0.035942	-0.215123	0.0591995	0	0	0.875473	0	0	0	0.0918002	-0.0232199	0.24596
2011-05-13 00:00:00	-1.61351	-0.562435	2.26885	0	-0.00291779	0	0.000723777	0	0	0	0	0	0	0	-0.398187	-0.214752	0.0591214	0	0	0.842256	0	0	0	0.0917039	-0.0226191	0.448236
2011-05-14 00:00:00	0	-1.14672	2.26585	0	-0.0259338	0	2.58905E-05	0	0	0	0	0	0	0	-1.22526	-0.214311	0.0590183	0	0	0.78867	0	0	0	0.0915888	-0.0218915	0.571024
2011-05-15 00:00:00	-0.413511	-0.00948808	2.13579	0	-0.0244625	0	0	0	0	0	0	0	0	0	-1.94414	-0.213687	0.0588684	0	0	0.688365	0	0	0	0.0915135	-0.0211307	0.348116
2011-05-16 00:00:00	-3.07206	0.398017	2.62185	0	5.28989E-05	0	0	0	0	0	0	0	0	0	0.435259	-0.213111	0.0588075	0	0	0.666462	0	0	0	0.0913537	-0.0199192	0.966719
2011-05-17 00:00:00	0	-0.398444	2.35624	0	-0.0118142	0	0	0	0	0	0	0	0	0	-2.23174	-0.212777	0.0587313	0	0	0.610533	0	0	0	0.0915997	-0.0195053	0.242821
2011-05-18 00:00:00	-1.04053	0.00347622	2.37266	0	-0.0014279	0	0	0	0	0	0	0	0	0	-1.25364	-0.212309	0.0586354	0	0	0.562186	0	0	0	0.0911405	-0.0185523	0.561635
2011-05-19 00:00:00	-0.209007	-0.00645957	2.07939	0	-7.28471E-05	0	0	0	0	0	0	0	0	0	-1.72079	-0.211931	0.0584986	0	0	0.511586	0	0	0	0.0910277	-0.0174234	0.574825
2011-05-20 00:00:00	-0.422518	0	2.05897	0	-6.48231E-08	0	0	0	0	0	0	0	0	0	-1.67568	-0.21153	0.058331	0	0	0.470681	0	0	0	0.0909249	-0.0162664	0.35291
2011-05-21 00:00:00	-4.59099	1.37249	2.55871	0	0.000789369	0	0	0	0	0	0	0	0	0	-0.0412473	-0.211326	0.0582933	0	0	0.493244	0	0	0	0.0908044	-0.0154201	-0.284651
2011-05-22 00:00:00	-5.25404	0.362103	2.53631	0	0.00198825	0	0	0	0	0	0	0	0	0	1.38299	-0.211303	0.0582444	0	0	0.547036	0	0	0	0.0907501	-0.0164638	-0.50239
2011-05-23 00:00:00	-11.4946	0.0427226	2.59082	0	0.0611783	-0.00335375	0.0111141	0	0	0	0	0	0	0	5.40026	-0.212274	0.0584698	0	0	0.74634	0	0	0	0.0911674	-0.0197448	-2.72788
2011-05-24 00:00:00	-4.29908	-0.0167319	2.48514	0	0.00376265	-0.00402894	0.00982693	0	0	0	0	0	0	0	0.813287	-0.212779	0.0586264	0	0	0.906537	0	0	0	0.0915611	-0.0235512	-0.18743
2011-05-25 00:00:00	0	-1.57514	2.38004	0	-0.0203102	-7.83236E-05	0.000676736	0	0	0	0	0	0	0	-1.07274	-0.212478	0.0585763	0	0	0.888095	0	0	0	0.0915107	-0.0236364	0.514508
2011-05-26 00:00:00	-0.6	-0.180483	2.44463	0	-0.0278672	0	0	0	0	0	0	0	0	0	-1.7226	-0.211834	0.0584211	0	0	0.777993	0	0	0	0.0914524	-0.0226028	0.607109
2011-05-27 00:00:00	-1.0045	-0.00496072	2.46358	0	-0.0134426	0	0	0	0	0	0	0	0	0	-0.872194	-0.21127	0.0582926	0	0	0.691838	0	0	0	0.0912023	-0.0211701	1.17737
2011-05-28 00:00:00	-5.64954	1.76329	2.70163	0	0.0116476	0	0	0	0	0	0	0	0	0	0.174156	-0.211282	0.0582922	0	0	0.700349	0	0	0	0.0914957	-0.0198902	-0.379853
2011-05-29 00:00:00	-1.21801	-1.19802	2.60051	0	-0.00726924	0	0	0	0	0	0	0	0	0	-0.534872	-0.210932	0.058231	0	0	0.70032	0	0	0	0.0912933	-0.0199869	0.261261
2011-05-30 00:00:00	-0.404504	-0.56119	2.45918	0	-0.00683648	0	0	0	0	0	0	0	0	0	-1.20783	-0.210081	0.0580793	0	0	0.639788	0	0	0	0.0911408	-0.0198109	0.837928
2011-05-31 00:00:00	-0.00450358	-0.00408339	2.86419	0	-0.00358364	0	0	0	0	0	0	0	0	0	-2.94478	-0.209607	0.0580429	0	0	0.566731	0	0	0	0.0910725	-0.0185569	0.39492
2011-06-01 00:00:00	-0.195496	0	2.38046	0	-2.84395E-05	0	0	0	0	0	0	0	0	0	-1.802	-0.208642	0.0578892	0	0	0.474157	0	0	0	0.0909531	-0.0169872	0.7803
2011-06-02 00:00:00	0	0	2.57957	0	0	0	0	0	0	0	0	0	0	0	-2.40429	-0.208309	0.0576185	0	0	0.408226	0	0	0	0.0910955	-0.0154551	0.508453
2011-06-03 00:00:00	-0.00450358	0	2.51054	0	0	0	0	0	0	0	0	0	0	0	-2.18071	-0.20785	0.0573517	0	0	0.353074	0	0	0	0.090803	-0.0142277	0.604477
2011-06-04 00:00:00	0	0	2.05817	0	0	0	0	0	0	0	0	0	0	0	-1.75768	-0.207376	0.0573023	0	0	0.318932	0	0	0	0.0907199	-0.0129832	0.54709
2011-06-05 00:00:00	-0.195496	0	2.04567	0	0	0	0	0	0	0	0	0	0	0	-1.69354	-0.207007	0.0572245	0	0	0.298064	0	0	0	0.0905844	-0.0123574	0.383142
2011-06-06 00:00:00	-0.00450358	0	1.97836	0	0	0	0	0	0	0	0	0	0	0	-1.85862	-0.206392	0.0571614	0	0	0.27885	0	0	0	0.0903197	-0.0119931	0.323181
2011-06-07 00:00:00	-2.67206	0.0327459	2.69035	0	-9.36724E-11	0	0	0	0	0	0	0	0	0	-0.302614	-0.205626	0.0570637	0	0	0.301974	0	0	0	0.0901662	-0.0116626	-0.0196633
2011-06-08 00:00:00	-3.7955	1.01102	2.69348	0	3.12818E-07	0	0	0	0	0	0	0	0	0	-0.350449	-0.205072	0.0569681	0	0	0.324767	0	0	0	0.0898268	-0.0122807	-0.187237
2011-06-09 00:00:00	-1.62702	-0.967213	2.69252	0	6.01526E-07	0	0	0	0	0	0	0	0	0	-0.443848	-0.204639	0.0568453	0	0	0.363503	0	0	0	0.0897387	-0.0128859	-0.0529998
2011-06-10 00:00:00	-0.222518	-0.075099	2.12246	0	0	0	0	0	0	0	0	0	0	0	-1.90746	-0.204238	0.0564986	0	0	0.358377	0	0	0	0.0894954	-0.0132273	0.204288
2011-06-11 00:00:00	-6.8045	1.86635	2.49787	0	-2.40801E-06	0	0	0	0	0	0	0	0	0	1.39037	-0.204036	0.0564115	0	0	0.385969	0	0	0	0.0894122	-0.0132737	-0.735433
2011-06-12 00:00:00	-6.2	0.0247719	2.75203	0	9.84326E-06	0	0	0	0	0	0	0	0	0	1.95649	-0.204348	0.0565325	0	0	0.524104	0	0	0	0.0896424	-0.0151824	-1.01595
2011-06-13 00:00:00	-0.2	-1.81657	2.83977	0	0	0	0	0	0	0	0	0	0	0	-0.820146	-0.204039	0.0564879	0	0	0.557647	0	0	0	0.0896312	-0.0171963	0.485585
2011-06-14 00:00:00	0	-0.0755884	2.40655	0	0	0	0	0	0	0	0	0	0	0	-2.51223	-0.203389	0.0563515	0	0	0.489362	0	0	0	0.089556	-0.016994	0.233608
2011-06-15 00:00:00	0	-0.000448406	2.44116	0	0	0	0	0	0	0	0	0	0	0	-1.62645	-0.202757	0.0562443	0	0	0.423208	0	0	0	0.0893153	-0.0156683	1.16461
2011-06-16 00:00:00	-2.6	0	2.77585	0	-7.43561E-11	0	0	0	0	0	0	0	0	0	-0.640208	-0.202357	0.0561869	0	0	0.420909	0	0	0	0.0896533	-0.0144697	-0.114431
2011-06-17 00:00:00	-0.00450358	0	2.24547	0	0	0	0	0	0	0	0	0	0	0	-2.1016	-0.201396	0.0561028	0	0	0.382273	0	0	0	0.0891639	-0.0144387	0.451063
2011-06-18 00:00:00	-6.15947	1.66572	2.93325	0	1.76332E-07	0	0	0	0	0	0	0	0	0	0.700702	-0.201511	0.0560937	0	0	0.430274	0	0	0	0.0890563	-0.013585	-0.499469
2011-06-19 00:00:00	-11.0964	0.212341	3.16056	0	0.00239978	0	0	0	0	0	0	0	0	0	5.07294	-0.202289	0.0562468	0	0	0.577866	0	0	0	0.0893182	-0.016158	-2.14319
2011-06-20 00:00:00	0	-1.87805	2.84198	0	-0.000163601	0	0	0	0	0	0	0	0	0	-1.20356	-0.202338	0.0562531	0	0	0.677591	0	0	0	0.0896658	-0.0195414	0.361835
2011-06-21 00:00:00	-10.3865	1.93293	3.18145	0	0.0193627	0	0	0	0	0	0	0	0	0	3.34898	-0.202477	0.0562684	0	0	0.714913	0	0	0	0.0897427	-0.0197695	-1.26509
2011-06-22 00:00:00	-2.60901	-0.452852	3.10423	0	-0.00179743	0	0	0	0	0	0	0	0	0	-0.415591	-0.202548	0.0562972	0	0	0.790208	0	0	0	0.0899896	-0.0215052	0.337426
2011-06-23 00:00:00	-2.81351	-0.119278	2.97247	0	-0.00077771	0	0	0	0	0	0	0	0	0	-0.270789	-0.202057	0.0562117	0	0	0.757396	0	0	0	0.0898773	-0.0210935	0.448444
2011-06-24 00:00:00	-0.2	-1.3526	2.78825	0	-0.00412688	0	0	0	0	0	0	0	0	0	-1.32473	-0.20151	0.0561249	0	0	0.707337	0	0	0	0.0897376	-0.0205678	0.537915
2011-06-25 00:00:00	-3.03603	0.0277762	3.15495	0	-0.000742879	0	0	0	0	0	0	0	0	0	-0.74209	-0.200423	0.0559598	0	0	0.658806	0	0	0	0.0896505	-0.0198273	-0.0119678
2011-06-26 00:00:00	-0.2	-0.0359887	3.08517	0	-0.0115622	0	0	0	0	0	0	0	0	0	-2.60971	-0.200114	0.0558784	0	0	0.596728	0	0	0	0.0894673	-0.0188625	0.751008
2011-06-27 00:00:00	-1.17748	0	2.95483	0	-0.00255074	0	0	0	0	0	0	0	0	0	-1.72765	-0.198933	0.0557067	0	0	0.502647	0	0	0	0.0893859	-0.017431	0.478527
2011-06-28 00:00:00	0	0	2.68469	0	0	0	0	0	0	0	0	0	0	0	-2.0233	-0.197636	0.0555786	0	0	0.431998	0	0	0	0.0895451	-0.016139	1.02473
2011-06-29 00:00:00	0	0	2.63329	0	0	0	0	0	0	0	0	0	0	0	-2.79873	-0.197107	0.0555249	0	0	0.365378	0	0	0	0.089581	-0.0146649	0.133279
2011-06-30 00:00:00	-0.795496	0	2.40056	0	0	0	0	0	0	0	0	0	0	0	-1.50077	-0.196653	0.0554448	0	0	0.336778	0	0	0	0.0891758	-0.0132388	0.375801
2011-07-01 00:00:00	0	0	2.52873	0	0	0	0	0	0	0	0	0	0	0	-2.34327	-0.195954	0.0553613	0	0	0.297154	0	0	0	0.0890401	-0.0126827	0.418375
2011-07-02 00:00:00	0	0	3.60273	0	0	0	0	0	0	0	0	0	0	0	-3.22239	-0.195361	0.0552669	0	0	0.237449	0	0	0	0.0889128	-0.0119728	0.554631
2011-07-03 00:00:00	0	0	2.76422	0	0	0	0	0	0	0	0	0	0	0	-2.43753	-0.194847	0.055079	0	0	0.20171	0	0	0	0.0886233	-0.0109803	0.466269
2011-07-04 00:00:00	0	0	3.50877	0	0	0	0	0	0	0	0	0	0	0	-2.98744	-0.193963	0.0549965	0	0	0.163417	0	0	0	0.0884858	-0.0103961	0.623877
2011-07-05 00:00:00	-2.00901	0	3.04242	0	0	0	0	0	0	0	0	0	0	0	-1.00059	-0.193616	0.0548344	0	0	0.169653	0	0	0	0.0883534	-0.00972548	0.142326
2011-07-06 00:00:00	-11.3144	2.05303	3.12504	0	-3.17608E-05	0	0	0	0	0	0	0	0	0	3.85246	-0.194231	0.0550091	0	0	0.300961	0	0	0	0.0882082	-0.00998828	-2.04398
2011-07-07 00:00:00	-3.35947	-0.101998	3.11462	0	2.0421E-05	0	0	0	0	0	0	0	0	0	0.225957	-0.193937	0.0549541	0	0	0.359786	0	0	0	0.088648	-0.0126235	0.175955
2011-07-08 00:00:00	-18.6469	0.142766	3.32908	0	0.0526297	-0.000981754	0.0132323	0	0	0	0	0	0	0	10.4692	-0.195257	0.0552401	0	0	0.613911	0	0	0	0.0890565	-0.0163748	-4.09442
2011-07-09 00:00:00	-15.0289	-0.0151586	3.16824	0	0.0184583	-0.0311578	0.0748234	0	0	0	0	0	0	0	7.79237	-0.197097	0.0556215	0	0	1.02938	0	0	0	0.0902242	-0.0248658	-3.06803
2011-07-10 00:00:00	-0.218014	-1.9862	3.07202	0	-0.0203463	-0.000482339	0.00182812	0	0	0	0	0	0	0	-1.16658	-0.197404	0.0556876	0	0	1.13639	0	0	0	0.0907024	-0.0284668	0.739129
2011-07-11 00:00:00	-15.7351	2.02006	3.1057	0	0.0200682	-0.0232922	0.0637268	0	0	0	0	0	0	0	6.92317	-0.198019	0.0558311	0	0	1.19307	0	0	0	0.0910026	-0.0285232	-2.51232
2011-07-12 00:00:00	0	-2.04027	2.93501	0	-0.0194324	-0.000505818	0.00234611	0	0	0	0	0	0	0	-1.33606	-0.198392	0.0559364	0	0	1.2755	0	0	0	0.0915618	-0.0306802	0.73501
2011-07-13 00:00:00	0	-0.0591826	3.16009	0	-0.0440764	0	0	0	0	0	0	0	0	0	-2.97513	-0.197702	0.0557712	0	0	1.02238	0	0	0	0.0914574	-0.029445	1.02416
2011-07-14 00:00:00	0	-0.0130296	2.82511	0	-0.00748503	0	0	0	0	0	0	0	0	0	-1.75705	-0.197204	0.0556606	0	0	0.857421	0	0	0	0.0913961	-0.0266534	1.82816
2011-07-15 00:00:00	-1.4	0	3.07363	0	-1.99674E-05	0	0	0	0	0	0	0	0	0	-2.01983	-0.196864	0.0555949	0	0	0.764861	0	0	0	0.091818	-0.0229294	0.346256
2011-07-16 00:00:00	-41.9054	2.17783	3.43354	0	0.0746176	-0.074157	0.189503	0	0	0	0	0	0	0	24.1436	-0.200431	0.056362	0	0	1.38639	0	0	0	0.0928172	-0.0288534	-10.6542
2011-07-17 00:00:00	-9.98649	-0.0328228	3.3996	0	-0.00474231	-0.0179286	0.0495955	0	0	0	0	0	0	0	3.9528	-0.202978	0.0569524	0	0	2.07384	0	0	0	0.0950151	-0.0412991	-0.658457
2011-07-18 00:00:00	-1	-1.75036	3.17013	0	-0.00962658	-0.000331646	0.00231914	0	0	0	0	0	0	0	-0.862501	-0.202835	0.0569372	0	0	1.94398	0	0	0	0.095278	-0.0405631	1.40243
2011-07-19 00:00:00	-24.9099	1.78168	3.09949	0	0.0202147	-0.0500821	0.13796	0	0	0	0	0	0	0	12.5927	-0.204775	0.0573097	0	0	2.25053	0	0	0	0.0960026	-0.0412192	-5.17011
2011-07-20 00:00:00	-3.4	-0.019049	2.93319	0	-0.00731155	-0.00182654	0.00691272	0	0	0	0	0	0	0	0.0320069	-0.205714	0.0574879	0	0	2.63272	0	0	0	0.0969644	-0.0479431	2.07743
2011-07-21 00:00:00	-2.1955	-0.668228	2.94136	0	-0.00366192	-4.37155E-05	0.00123203	0	0	0	0	0	0	0	-0.583058	-0.205222	0.0573706	0	0	2.29094	0	0	0	0.0969343	-0.0446666	1.68745
2011-07-22 00:00:00	-0.395496	-1.40975	2.76382	0	-0.0174656	0	0.000540583	0	0	0	0	0	0	0	-1.30093	-0.204792	0.0572634	0	0	1.99783	0	0	0	0.0969021	-0.0414602	1.54646
2011-07-23 00:00:00	0	-0.0689616	3.20202	0	-0.044639	0	0	0	0	0	0	0	0	0	-3.11655	-0.204228	0.0571219	0	0	1.63225	0	0	0	0.0969146	-0.0386625	1.51526
2011-07-24 00:00:00	0	-0.0102932	3.30469	0	-0.00720034	0	0	0	0	0	0	0	0	0	-2.23397	-0.203636	0.0569716	0	0	1.31163	0	0	0	0.0966873	-0.0357666	2.27911
2011-07-25 00:00:00	0	0	3.40068	0	0	0	0	0	0	0	0	0	0	0	-3.41081	-0.203293	0.0568902	0	0	1.10493	0	0	0	0.097207	-0.0307694	1.01483
2011-07-26 00:00:00	0	0	2.75486	0	0	0	0	0	0	0	0	0	0	0	-2.45691	-0.202768	0.0567968	0	0	0.933528	0	0	0	0.0968586	-0.0277807	1.15459
2011-07-27 00:00:00	0	0	2.94125	0	0	0	0	0	0	0	0	0	0	0	-2.60371	-0.202391	0.0567066	0	0	0.787185	0	0	0	0.0968046	-0.0248697	1.05098
2011-07-28 00:00:00	-8.1955	2.25603	3.03892	0	-3.97428E-06	0	0	0	0	0	0	0	0	0	1.4601	-0.20264	0.0567713	0	0	0.82461	0	0	0	0.0967605	-0.0215878	-0.686528
2011-07-29 00:00:00	0	-2.19242	2.97783	0	0	0	0	0	0	0	0	0	0	0	-0.727567	-0.202277	0.0567022	0	0	0.807206	0	0	0	0.0967656	-0.0220805	0.794158
2011-07-30 00:00:00	0	-0.063606	3.39616	0	0	0	0	0	0	0	0	0	0	0	-3.05515	-0.201543	0.0565512	0	0	0.655374	0	0	0	0.0965742	-0.0215341	0.862827
2011-07-31 00:00:00	0	0	2.67609	0	0	0	0	0	0	0	0	0	0	0	-1.69029	-0.201072	0.0564613	0	0	0.559166	0	0	0	0.0967794	-0.0193624	1.47777
2011-08-01 00:00:00	-1.4	0	3.1668	0	0	0	0	0	0	0	0	0	0	0	-2.00939	-0.200752	0.0564006	0	0	0.504621	0	0	0	0.0967069	-0.0174855	0.196908
2011-08-02 00:00:00	-14.937	2.32295	3.12121	0	0.0122636	0	0	0	0	0	0	0	0	0	6.18162	-0.202121	0.0566799	0	0	0.70473	0	0	0	0.0963108	-0.0171139	-2.66042
2011-08-03 00:00:00	0	-2.30006	3.22084	0	-0.00198761	0	0	0	0	0	0	0	0	0	-1.1449	-0.201965	0.0566575	0	0	0.785761	0	0	0	0.096808	-0.02163	0.48953
2011-08-04 00:00:00	-7.91894	2.24152	3.10907	0	0.0156124	0	0.000290388	0	0	0	0	0	0	0	1.52846	-0.201771	0.0566154	0	0	0.771919	0	0	0	0.0966165	-0.0212454	-0.321845
2011-08-05 00:00:00	0	-2.1783	2.93062	0	-0.00945408	0	0.000215393	0	0	0	0	0	0	0	-0.915997	-0.201631	0.056585	0	0	0.792846	0	0	0	0.0966065	-0.0219089	0.549574
2011-08-06 00:00:00	-14.0585	2.25885	2.63037	0	0.0220538	-0.0151045	0.0238183	0	0	0	0	0	0	0	5.83955	-0.202243	0.0567636	0	0	0.899878	0	0	0	0.0966778	-0.0227955	-2.47073
2011-08-07 00:00:00	-17.827	-0.000919894	2.8307	0	0.036352	-0.0387587	0.0818094	0	0	0	0	0	0	0	9.3445	-0.204369	0.0572392	0	0	1.32288	0	0	0	0.0976677	-0.0299146	-4.32984
2011-08-08 00:00:00	-0.595496	-1.91987	2.79262	0	-0.0116028	-0.000620508	0.0030787	0	0	0	0	0	0	0	-0.686188	-0.204919	0.0573643	0	0	1.4822	0	0	0	0.0982213	-0.0345592	0.980226
2011-08-09 00:00:00	0	-0.391339	2.52872	0	-0.0293352	0	0.000134457	0	0	0	0	0	0	0	-1.99199	-0.204403	0.0572468	0	0	1.28481	0	0	0	0.0981316	-0.0316978	1.32027
2011-08-10 00:00:00	-26.045	2.36738	2.84901	0	0.0441588	-0.046111	0.127785	0	0	0	0	0	0	0	12.5737	-0.206665	0.0576825	0	0	1.57584	0	0	0	0.0988694	-0.0328711	-6.63628
2011-08-11 00:00:00	-27.782	0.00240606	2.81529	0	0.0104785	-0.0656011	0.188497	0	0	0	0	0	0	0	14.3327	-0.210974	0.0586795	0	0	2.61982	0	0	0	0.101269	-0.0445125	-7.97389
2011-08-12 00:00:00	-0.995496	-1.78963	2.98583	0	-0.0223228	-0.000912062	0.00644283	0	0	0	0	0	0	0	-0.186184	-0.212438	0.0589683	0	0	2.9558	0	0	0	0.10239	-0.0508269	2.85162
2011-08-13 00:00:00	-4.95046	1.53265	3.02721	0	0.00578357	0	0.00218515	0	0	0	0	0	0	0	-0.231415	-0.211859	0.0587737	0	0	2.55149	0	0	0	0.102355	-0.0471006	1.8396
2011-08-14 00:00:00	-0.204504	-1.89113	2.74657	0	-0.00920299	0	0.00119804	0	0	0	0	0	0	0	-0.929224	-0.211386	0.0586057	0	0	2.22591	0	0	0	0.102332	-0.0437092	1.84546
2011-08-15 00:00:00	-0.00450358	-0.237433	2.52695	0	-0.0365701	0	0	0	0	0	0	0	0	0	-2.25036	-0.210768	0.0584194	0	0	1.8388	0	0	0	0.102368	-0.0407821	1.74612
2011-08-16 00:00:00	-8.6	2.41425	2.57231	0	0.0341753	-0.000694958	0.0023177	0	0	0	0	0	0	0	1.81917	-0.21079	0.0584027	0	0	1.72316	0	0	0	0.102302	-0.0372494	-0.122651
2011-08-17 00:00:00	-0.2	-2.06025	2.51756	0	-0.00823351	-0.000324443	0.00123446	0	0	0	0	0	0	0	-0.534068	-0.21064	0.0583535	0	0	1.62144	0	0	0	0.102503	-0.0365054	1.25107
2011-08-18 00:00:00	-13.9369	2.11144	2.54668	0	0.0231296	-0.022947	0.0576803	0	0	0	0	0	0	0	4.95616	-0.211308	0.0584615	0	0	1.64905	0	0	0	0.102679	-0.0358179	-2.70174
2011-08-19 00:00:00	-0.2	-2.13193	2.6582	0	-0.0105875	-0.000533616	0.00314392	0	0	0	0	0	0	0	-0.794235	-0.211575	0.0585009	0	0	1.68573	0	0	0	0.103105	-0.0371778	1.12263
2011-08-20 00:00:00	-2.42702	-0.017185	2.70739	0	-0.00179816	0	0.00116406	0	0	0	0	0	0	0	-0.616336	-0.211098	0.0583944	0	0	1.50489	0	0	0	0.102938	-0.0349837	1.06635
2011-08-21 00:00:00	-0.2	-0.29288	2.49469	0	-0.0281552	0	7.75255E-05	0	0	0	0	0	0	0	-1.79291	-0.210356	0.0582334	0	0	1.23611	0	0	0	0.102848	-0.0329304	1.33473
2011-08-22 00:00:00	-0.2	-0.0143704	2.35038	0	-0.0263471	0	0	0	0	0	0	0	0	0	-1.87609	-0.21016	0.0581853	0	0	1.10921	0	0	0	0.102957	-0.0288367	1.26493
2011-08-23 00:00:00	0	-0.0169414	2.5719	0	-0.00833448	0	0	0	0	0	0	0	0	0	-1.82725	-0.209488	0.0580291	0	0	0.885642	0	0	0	0.102733	-0.0271483	1.52914
2011-08-24 00:00:00	-2	-0.0055115	2.52141	0	0.00135439	0	0	0	0	0	0	0	0	0	-0.954738	-0.209318	0.0579908	0	0	0.835396	0	0	0	0.102716	-0.0233949	0.325906
2011-08-25 00:00:00	-0.818014	-0.00363402	2.42014	0	-0.00131724	0	0	0	0	0	0	0	0	0	-1.34078	-0.208878	0.0579044	0	0	0.759961	0	0	0	0.102467	-0.0218262	0.946014
2011-08-26 00:00:00	-7.34145	2.48097	2.29162	0	0.00636072	0	0	0	0	0	0	0	0	0	1.23405	-0.208758	0.0578842	0	0	0.753786	0	0	0	0.102371	-0.0208822	-0.644052
2011-08-27 00:00:00	-12.4225	0.0653272	2.28452	0	0.0668248	-0.0134494	0.0261775	0	0	0	0	0	0	0	5.82753	-0.209917	0.0581366	0	0	0.991472	0	0	0	0.102573	-0.024605	-3.24793
2011-08-28 00:00:00	-10.0676	-0.00013933	2.27197	0	0.00192996	-0.0204186	0.0570899	0	0	0	0	0	0	0	4.4838	-0.211192	0.0584139	0	0	1.2973	0	0	0	0.103128	-0.0300931	-2.05577
2011-08-29 00:00:00	-0.2	-1.87335	2.27968	0	-0.00925505	-0.000407158	0.00271397	0	0	0	0	0	0	0	-0.50009	-0.211209	0.0584438	0	0	1.33255	0	0	0	0.103318	-0.0319562	0.950442
2011-08-30 00:00:00	0	-0.628508	2.31899	0	-0.0166491	0	0.00105586	0	0	0	0	0	0	0	-1.86166	-0.21079	0.0583525	0	0	1.18935	0	0	0	0.103115	-0.029958	0.9233
2011-08-31 00:00:00	-0.00450358	-0.0128897	2.17138	0	-0.0287631	0	0	0	0	0	0	0	0	0	-2.11414	-0.210215	0.0582276	0	0	0.988063	0	0	0	0.103065	-0.027819	0.922406
2011-09-01 00:00:00	0	-0.014596	2.27615	0	-0.0180774	0	0	0	0	0	0	0	0	0	-1.9925	-0.209683	0.0581066	0	0	0.829754	0	0	0	0.102777	-0.0257752	1.00616
2011-09-02 00:00:00	-1.81351	-0.00304217	2.47434	0	0.000229591	0	0	0	0	0	0	0	0	0	-0.746918	-0.209238	0.058017	0	0	0.76384	0	0	0	0.102799	-0.0224912	0.604028
2011-09-03 00:00:00	-5.79099	2.54597	2.33537	0	0.00396781	0	0	0	0	0	0	0	0	0	0.466866	-0.20914	0.0579987	0	0	0.757434	0	0	0	0.10262	-0.021249	0.24885
2011-09-04 00:00:00	-1.79099	-0.37438	2.13403	0	0.000309732	0	0	0	0	0	0	0	0	0	-0.198463	-0.208797	0.0579404	0	0	0.758623	0	0	0	0.10249	-0.0213015	0.459461
2011-09-05 00:00:00	-0.204504	-1.74432	2.15881	0	-0.000391847	0	0.000748085	0	0	0	0	0	0	0	-0.463881	-0.208456	0.0578791	0	0	0.737554	0	0	0	0.102129	-0.0209406	0.414623
2011-09-06 00:00:00	-9.78649	2.18675	2.18419	0	0.0387247	-0.00284176	0.00675359	0	0	0	0	0	0	0	3.14406	-0.208646	0.0579355	0	0	0.802401	0	0	0	0.102013	-0.0214274	-1.49658
2011-09-07 00:00:00	-6.38199	-0.0369503	2.15483	0	0.025721	-0.0112681	0.0190221	0	0	0	0	0	0	0	2.28888	-0.209305	0.0580765	0	0	0.987546	0	0	0	0.102155	-0.0254378	-1.02872
2011-09-08 00:00:00	-5.55496	0.0684582	2.12307	0	0.00170176	-0.00909269	0.0252243	0	0	0	0	0	0	0	1.59945	-0.209615	0.0581337	0	0	1.08919	0	0	0	0.102238	-0.0273229	-0.733539
2011-09-09 00:00:00	-3.5955	0.0145674	2.12126	0	-0.000419689	-0.00400015	0.0115102	0	0	0	0	0	0	0	0.587329	-0.209578	0.0581251	0	0	1.10912	0	0	0	0.102284	-0.028068	0.166628
2011-09-10 00:00:00	-3.75947	-0.0582185	2.4226	0	0.000373963	-0.00370969	0.0100707	0	0	0	0	0	0	0	0.596401	-0.209416	0.0580947	0	0	1.08853	0	0	0	0.102154	-0.0278617	0.219556
2011-09-11 00:00:00	-1.81351	-0.222271	1.97978	0	-0.00150097	-0.000226528	0.00205464	0	0	0	0	0	0	0	-0.581772	-0.208984	0.0580139	0	0	1.02735	0	0	0	0.10212	-0.0274639	0.313596
2011-09-12 00:00:00	-5.64954	0.287996	2.15983	0	0.00245617	-0.00816084	0.0217147	0	0	0	0	0	0	0	1.91779	-0.209115	0.0580513	0	0	1.0438	0	0	0	0.101899	-0.0269247	-0.300202
2011-09-13 00:00:00	-4.68106	0.014325	1.818	0	-0.000272059	-0.00735587	0.021185	0	0	0	0	0	0	0	1.42517	-0.209348	0.0581342	0	0	1.1061	0	0	0	0.102002	-0.0277412	-0.380859
2011-09-14 00:00:00	-0.00450358	-1.63921	1.81819	0	-0.00674253	-0.00020933	0.0017833	0	0	0	0	0	0	0	-0.418665	-0.20908	0.0581058	0	0	1.0747	0	0	0	0.101961	-0.0278517	0.748486
2011-09-15 00:00:00	0	-1.0032	2.1485	0	-0.0101631	0	0.00184205	0	0	0	0	0	0	0	-1.42464	-0.20869	0.0580289	0	0	0.985813	0	0	0	0.101738	-0.0266328	0.622589
2011-09-16 00:00:00	-12.0694	2.68676	1.89823	0	0.0185284	-0.01575	0.0422896	0	0	0	0	0	0	0	4.44682	-0.209255	0.0581188	0	0	1.04735	0	0	0	0.101801	-0.0261292	-2.02062
2011-09-17 00:00:00	-17.5883	-0.00150039	1.78367	0	0.00205627	-0.0420573	0.120509	0	0	0	0	0	0	0	9.24903	-0.211486	0.0585172	0	0	1.52215	0	0	0	0.102743	-0.0328955	-5.03759
2011-09-18 00:00:00	-4.99099	0.0155323	1.84778	0	-0.00363858	-0.00880122	0.0271417	0	0	0	0	0	0	0	1.44191	-0.212532	0.0587249	0	0	1.8156	0	0	0	0.103492	-0.0385269	0.0556858
2011-09-19 00:00:00	-9.96397	-0.00340713	1.69503	0	0.00195788	-0.0217005	0.0624367	0	0	0	0	0	0	0	4.63451	-0.213372	0.0588979	0	0	1.90155	0	0	0	0.103876	-0.0390459	-1.78324
2011-09-20 00:00:00	0	-1.63541	1.80765	0	-0.00831008	-0.000451855	0.00378637	0	0	0	0	0	0	0	-0.719253	-0.213399	0.0589147	0	0	1.84551	0	0	0	0.104258	-0.0395799	1.20371
2011-09-21 00:00:00	-9.68557	1.65174	1.72898	0	0.00759588	-0.0154184	0.0434048	0	0	0	0	0	0	0	3.38828	-0.213739	0.0589972	0	0	1.79022	0	0	0	0.104301	-0.0380063	-1.17921
2011-09-22 00:00:00	-0.0225179	-1.54137	1.72516	0	-0.00738954	-0.00043325	0.00299422	0	0	0	0	0	0	0	-0.531735	-0.213745	0.0590257	0	0	1.73497	0	0	0	0.104603	-0.0382591	1.2713
2011-09-23 00:00:00	0	-1.15746	1.81841	0	-0.0069661	0	0.00188055	0	0	0	0	0	0	0	-1.07197	-0.213358	0.0589419	0	0	1.54918	0	0	0	0.104477	-0.0360414	1.04709
2011-09-24 00:00:00	-1.60901	0.0390181	1.68856	0	-0.000897366	0	0.00135804	0	0	0	0	0	0	0	-0.358903	-0.212936	0.0588513	0	0	1.3747	0	0	0	0.104408	-0.0333699	1.05179
2011-09-25 00:00:00	-7.99099	2.64836	1.69714	0	0.0149864	-0.00650062	0.0157307	0	0	0	0	0	0	0	1.79913	-0.212922	0.0588465	0	0	1.32175	0	0	0	0.104352	-0.0309929	-0.581114
2011-09-26 00:00:00	0	-1.44178	1.59055	0	-0.00686835	-0.000384231	0.00254014	0	0	0	0	0	0	0	-0.476919	-0.212816	0.0588324	0	0	1.29868	0	0	0	0.104452	-0.0312916	0.884993
2011-09-27 00:00:00	0	-1.23084	1.72088	0	-0.00619767	0	0.00175762	0	0	0	0	0	0	0	-0.920323	-0.212486	0.0587642	0	0	1.19307	0	0	0	0.10429	-0.029602	0.679306
2011-09-28 00:00:00	0	-0.0387291	1.98955	0	-0.0223979	0	0.0001803	0	0	0	0	0	0	0	-1.73723	-0.212047	0.0586674	0	0	1.03307	0	0	0	0.104144	-0.0278372	1.14737
2011-09-29 00:00:00	0	-0.0116374	1.84797	0	-0.021466	0	0	0	0	0	0	0	0	0	-1.70314	-0.211615	0.0585749	0	0	0.8887	0	0	0	0.104078	-0.0253546	0.926117
2011-09-30 00:00:00	-0.00450358	-0.0105525	1.83504	0	-0.0134889	0	0	0	0	0	0	0	0	0	-1.7431	-0.211246	0.0584887	0	0	0.780927	0	0	0	0.104067	-0.0224532	0.773187
2011-10-01 00:00:00	-5.59099	2.69362	1.77502	0	0.00803312	0	0.000219895	0	0	0	0	0	0	0	0.576307	-0.210896	0.0584221	0	0	0.745339	0	0	0	0.103822	-0.021039	0.13785
2011-10-02 00:00:00	-22.9234	0.0526425	1.55649	0	0.0653591	-0.0453418	0.120038	0	0	0	0	0	0	0	12.3883	-0.2135	0.0589405	0	0	1.2222	0	0	0	0.104503	-0.0273449	-7.64111
2011-10-03 00:00:00	-0.204504	-1.17665	1.4971	0	-0.0087667	-0.000876664	0.00564141	0	0	0	0	0	0	0	-0.66613	-0.214553	0.059163	0	0	1.58131	0	0	0	0.105305	-0.0360003	0.941052
2011-10-04 00:00:00	-0.00450358	-1.1757	1.31979	0	-0.004168	0	0.00190641	0	0	0	0	0	0	0	-0.42039	-0.214022	0.0590558	0	0	1.41699	0	0	0	0.105133	-0.0340874	1.04999
2011-10-05 00:00:00	-2.84053	1.26797	1.43208	0	0.00313382	0	0.00177703	0	0	0	0	0	0	0	-0.290051	-0.213645	0.0589832	0	0	1.2925	0	0	0	0.105065	-0.0314586	0.785821
2011-10-06 00:00:00	-9.93961	1.06419	1.1646	0	0.00858458	-0.018878	0.0514426	0	0	0	0	0	0	0	4.27247	-0.214325	0.0591642	0	0	1.37669	0	0	0	0.105094	-0.0309685	-2.10155
2011-10-07 00:00:00	-0.195496	-0.933173	1.21726	0	-0.00684146	-0.000495553	0.00386362	0	0	0	0	0	0	0	-0.490412	-0.21441	0.0592148	0	0	1.41555	0	0	0	0.10535	-0.033284	0.927124
2011-10-08 00:00:00	-7.21351	0.940858	1.26151	0	0.00519126	-0.012511	0.0359676	0	0	0	0	0	0	0	2.66648	-0.214677	0.0592725	0	0	1.40703	0	0	0	0.10536	-0.0321328	-0.991165
2011-10-09 00:00:00	-3.02252	-0.0112342	1.41682	0	-0.00157207	-0.00445566	0.0137265	0	0	0	0	0	0	0	0.579496	-0.214836	0.0593121	0	0	1.43561	0	0	0	0.105783	-0.0331693	0.322965
2011-10-10 00:00:00	-6.78199	-0.000328305	1.01093	0	0.00239448	-0.0150293	0.0435584	0	0	0	0	0	0	0	3.13972	-0.215392	0.0594186	0	0	1.49774	0	0	0	0.106578	-0.0334078	-1.1858
2011-10-11 00:00:00	-1.1955	-0.0685387	1.21209	0	-0.00344571	-0.000482237	0.00392217	0	0	0	0	0	0	0	-0.482992	-0.215263	0.0593849	0	0	1.46439	0	0	0	0.106881	-0.0343592	0.846089
2011-10-12 00:00:00	-7.77748	0.0891197	1.07242	0	0.0026507	-0.0171391	0.0494293	0	0	0	0	0	0	0	3.58113	-0.215862	0.0594903	0	0	1.51385	0	0	0	0.106972	-0.0335874	-1.56901
2011-10-13 00:00:00	-0.195496	-0.869914	1.14453	0	-0.00501233	-0.000428859	0.00341415	0	0	0	0	0	0	0	-0.679581	-0.215766	0.0594626	0	0	1.49118	0	0	0	0.107223	-0.0350013	0.804617
2011-10-14 00:00:00	-1.2045	-0.0599255	1.26976	0	-0.000425249	0	0.00167295	0	0	0	0	0	0	0	-0.491451	-0.215203	0.0593443	0	0	1.32176	0	0	0	0.107021	-0.0331425	0.75491
2011-10-15 00:00:00	0	-1.08253	1.21056	0	-0.00411211	0	0.00185172	0	0	0	0	0	0	0	-0.349419	-0.215044	0.0593104	0	0	1.25045	0	0	0	0.106863	-0.0303028	0.947629
2011-10-16 00:00:00	-0.8	-0.269015	1.0993	0	-0.00129149	0	0.00197772	0	0	0	0	0	0	0	-0.449176	-0.21467	0.0592338	0	0	1.14481	0	0	0	0.106738	-0.0287574	0.649157
2011-10-17 00:00:00	-24.8946	2.28915	0.937348	0	0.0137816	-0.0550975	0.155206	0	0	0	0	0	0	0	12.3442	-0.216983	0.0597233	0	0	1.57745	0	0	0	0.10729	-0.0325283	-7.71502
2011-10-18 00:00:00	-2.43603	-0.0314017	0.899558	0	-0.00412009	-0.00484041	0.0161047	0	0	0	0	0	0	0	0.515956	-0.218404	0.0600539	0	0	2.00723	0	0	0	0.108395	-0.0407138	0.871787
2011-10-19 00:00:00	0	-0.710907	0.774936	0	-0.00338573	-0.000156127	0.00440066	0	0	0	0	0	0	0	-0.664768	-0.218092	0.0599603	0	0	1.82508	0	0	0	0.108284	-0.0389941	1.13636
2011-10-20 00:00:00	-3.2	0.743711	0.77358	0	0.00307306	-0.00401245	0.0127692	0	0	0	0	0	0	0	0.623698	-0.217979	0.0599051	0	0	1.6448	0	0	0	0.108185	-0.0372805	0.510451
2011-10-21 00:00:00	-2.8045	-0.0140609	1.00419	0	-0.000206323	-0.00479705	0.0153489	0	0	0	0	0	0	0	0.489038	-0.218026	0.059909	0	0	1.59182	0	0	0	0.108337	-0.03591	0.191135
2011-10-22 00:00:00	-0.2	-0.673948	0.9194	0	-0.00274634	-0.00019041	0.00252796	0	0	0	0	0	0	0	-0.485063	-0.217742	0.0598476	0	0	1.47626	0	0	0	0.108231	-0.034567	0.952008
2011-10-23 00:00:00	-1.1955	0.18571	1.00589	0	-0.000207273	0	0.00215752	0	0	0	0	0	0	0	-0.264896	-0.217375	0.0597668	0	0	1.34073	0	0	0	0.108095	-0.0318945	0.992475
2011-10-24 00:00:00	-0.604504	-0.370502	0.997902	0	-0.00100399	0	0.00253719	0	0	0	0	0	0	0	-0.391698	-0.216972	0.0596802	0	0	1.21998	0	0	0	0.108011	-0.0301007	0.773335
2011-10-25 00:00:00	-4.96397	0.828623	0.908546	0	0.00458388	-0.00795262	0.0231013	0	0	0	0	0	0	0	1.52644	-0.217039	0.0596846	0	0	1.20428	0	0	0	0.107851	-0.0291419	-0.554998
2011-10-26 00:00:00	-2.58649	-0.0185379	0.772412	0	-0.000528683	-0.00496639	0.0157664	0	0	0	0	0	0	0	0.625983	-0.217177	0.0597066	0	0	1.24226	0	0	0	0.107951	-0.0297283	-0.0333478
2011-10-27 00:00:00	-0.786489	-0.101687	0.805599	0	-0.00107909	-0.000324747	0.00159631	0	0	0	0	0	0	0	0.0801545	-0.216646	0.059605	0	0	1.14908	0	0	0	0.107816	-0.0297098	1.06792
2011-10-28 00:00:00	-0.00450359	-0.691487	0.762809	0	-0.00220751	0	0.00422735	0	0	0	0	0	0	0	-0.673629	-0.216551	0.059582	0	0	1.11039	0	0	0	0.107619	-0.0280248	0.428223
2011-10-29 00:00:00	0	-0.778648	0.87146	0	-0.0030246	0	0.00198709	0	0	0	0	0	0	0	-0.342084	-0.216172	0.0595086	0	0	1.02877	0	0	0	0.107438	-0.0269627	0.702274
2011-10-30 00:00:00	-0.00450358	-0.772293	0.871019	0	-0.00301437	0	0.0022986	0	0	0	0	0	0	0	-0.467223	-0.215797	0.0594357	0	0	0.962962	0	0	0	0.107209	-0.025962	0.514132
2011-10-31 00:00:00	-5.36847	2.3092	0.8921	0	0.00983992	-0.00451639	0.013352	0	0	0	0	0	0	0	1.0367	-0.215615	0.0594009	0	0	0.940571	0	0	0	0.106999	-0.0251302	-0.245572
2011-11-01 00:00:00	-2.1955	-0.0230853	0.707145	0	-0.00051002	-0.00413688	0.0129702	0	0	0	0	0	0	0	0.576446	-0.215699	0.0594139	0	0	0.996325	0	0	0	0.106966	-0.0261126	-0.00577521
2011-11-02 00:00:00	-0.00450358	-0.678126	0.74239	0	-0.00290051	-0.000155975	0.00303301	0	0	0	0	0	0	0	-0.508307	-0.215384	0.0593571	0	0	0.969928	0	0	0	0.106816	-0.0260616	0.446086
2011-11-03 00:00:00	-2.56397	0.600732	0.82562	0	0.00387605	-0.00259792	0.0071268	0	0	0	0	0	0	0	0.684494	-0.21501	0.05929	0	0	0.940678	0	0	0	0.106601	-0.0255562	0.421282
2011-11-04 00:00:00	-2.58199	0.0665465	0.691557	0	-0.00102786	-0.00482917	0.0175331	0	0	0	0	0	0	0	0.56511	-0.215121	0.0593042	0	0	0.964943	0	0	0	0.106546	-0.0255397	-0.356964
2011-11-05 00:00:00	-0.204504	-0.270127	0.48373	0	-0.00143155	-0.000184766	0.00255255	0	0	0	0	0	0	0	-0.433478	-0.214859	0.0592575	0	0	0.953573	0	0	0	0.106442	-0.0256965	0.455275
2011-11-06 00:00:00	-0.395496	-0.101676	0.508724	0	-0.000707392	0	0.00204242	0	0	0	0	0	0	0	-0.341319	-0.214406	0.0591803	0	0	0.903543	0	0	0	0.106232	-0.0245917	0.501525
2011-11-07 00:00:00	-0.00450358	-0.535158	0.604526	0	-0.00224632	0	0.00217087	0	0	0	0	0	0	0	-0.392623	-0.214024	0.0591114	0	0	0.863372	0	0	0	0.106071	-0.0234632	0.463234
2011-11-08 00:00:00	-0.981986	0.365768	0.593338	0	0.00021363	0	0.00217842	0	0	0	0	0	0	0	-0.258139	-0.213635	0.0590422	0	0	0.831024	0	0	0	0.105835	-0.0227108	0.480928
2011-11-09 00:00:00	-0.590993	-0.0298171	0.620037	0	-0.000179641	0	0.00218465	0	0	0	0	0	0	0	-0.290698	-0.21336	0.0589907	0	0	0.809355	0	0	0	0.10561	-0.0220571	0.449072
2011-11-10 00:00:00	-1.80901	0.514509	0.655025	0	0.00258482	-0.00109905	0.00419775	0	0	0	0	0	0	0	0.075379	-0.212979	0.0589248	0	0	0.795218	0	0	0	0.105397	-0.021776	0.166374
2011-11-11 00:00:00	-3.6	-0.00443967	0.512721	0	0.00225494	-0.00796731	0.0240226	0	0	0	0	0	0	0	1.56375	-0.213167	0.0589632	0	0	0.8562	0	0	0	0.105291	-0.02249	-0.724862
2011-11-12 00:00:00	-1.19099	-0.0203125	0.541877	0	-0.000908843	-0.00191556	0.00697483	0	0	0	0	0	0	0	0.114738	-0.213047	0.0589515	0	0	0.897945	0	0	0	0.105235	-0.0239018	0.274642
2011-11-13 00:00:00	-0.195496	-0.322281	0.533998	0	-0.00132466	-8.33614E-05	0.00239942	0	0	0	0	0	0	0	-0.636344	-0.212611	0.0588726	0	0	0.866831	0	0	0	0.105168	-0.0236471	0.175481
2011-11-14 00:00:00	-0.00450358	-0.426741	0.483419	0	-0.00189255	0	0.00228378	0	0	0	0	0	0	0	-0.245126	-0.212328	0.0588197	0	0	0.838709	0	0	0	0.10484	-0.0227853	0.574694
2011-11-15 00:00:00	-0.195496	-0.288375	0.518368	0	-0.00141691	0	0.00207384	0	0	0	0	0	0	0	-0.232075	-0.211928	0.0587481	0	0	0.807962	0	0	0	0.104682	-0.0222003	0.540343
2011-11-16 00:00:00	0	-0.401072	0.449687	0	-0.00182465	0	0.0019702	0	0	0	0	0	0	0	-0.332666	-0.21158	0.0586873	0	0	0.784551	0	0	0	0.104499	-0.021631	0.43062
2011-11-17 00:00:00	-0.409007	-0.0886484	0.509831	0	-0.000787955	0	0.00219693	0	0	0	0	0	0	0	-0.247805	-0.211229	0.0586278	0	0	0.764755	0	0	0	0.104259	-0.0212376	0.460955
2011-11-18 00:00:00	-0.613511	0.206258	0.407253	0	-0.000416454	0	0.00223828	0	0	0	0	0	0	0	-0.305094	-0.2108	0.0585551	0	0	0.746256	0	0	0	0.104105	-0.0209169	0.373927
2011-11-19 00:00:00	0	-0.453295	0.485535	0	-0.00140322	0	0.00123862	0	0	0	0	0	0	0	-0.22748	-0.210452	0.0584973	0	0	0.732683	0	0	0	0.103891	-0.020681	0.468534
2011-11-20 00:00:00	-0.00450358	-0.383947	0.502913	0	-0.0021062	0	0.00287911	0	0	0	0	0	0	0	-0.417093	-0.210125	0.0584427	0	0	0.720352	0	0	0	0.103632	-0.0203925	0.350053
2011-11-21 00:00:00	-0.395496	-0.0263841	0.489573	0	-0.000856812	0	0.00168053	0	0	0	0	0	0	0	-0.356759	-0.209723	0.0583765	0	0	0.705939	0	0	0	0.103472	-0.0201832	0.349639
2011-11-22 00:00:00	-4.97298	2.10931	0.41861	0	0.0107515	-0.00438607	0.0139542	0	0	0	0	0	0	0	1.32719	-0.20956	0.0583569	0	0	0.725676	0	0	0	0.103255	-0.020307	-0.440123
2011-11-23 00:00:00	-4.17748	-0.0102071	0.474288	0	0.00213524	-0.0098268	0.0290511	0	0	0	0	0	0	0	1.88235	-0.209976	0.0584431	0	0	0.848947	0	0	0	0.103364	-0.022438	-1.03135
2011-11-24 00:00:00	-6.85855	-0.0133586	0.476983	0	0.00157932	-0.0165113	0.0487553	0	0	0	0	0	0	0	3.42739	-0.21074	0.0586135	0	0	1.03147	0	0	0	0.10357	-0.0258506	-1.97664
2011-11-25 00:00:00	-5.73961	-0.00777195	0.372119	0	-0.000432871	-0.0137846	0.0419647	0	0	0	0	0	0	0	2.89348	-0.211534	0.0588241	0	0	1.21936	0	0	0	0.103946	-0.0289339	-1.31237
2011-11-26 00:00:00	-3.24053	-0.0099745	0.445343	0	-0.00103841	-0.00735091	0.0237067	0	0	0	0	0	0	0	1.30196	-0.211883	0.0589389	0	0	1.30378	0	0	0	0.104199	-0.0305446	-0.263396
2011-11-27 00:00:00	-6.9306	-0.00641861	0.392596	0	0.00112596	-0.0166585	0.050051	0	0	0	0	0	0	0	3.46274	-0.212577	0.0591184	0	0	1.41333	0	0	0	0.104485	-0.031872	-1.71468
2011-11-28 00:00:00	-1.81351	-0.00877405	0.388077	0	-0.00181569	-0.00395368	0.0140668	0	0	0	0	0	0	0	0.335817	-0.212793	0.0591978	0	0	1.457	0	0	0	0.104769	-0.033669	0.284411
2011-11-29 00:00:00	-14.7531	-0.00807402	0.380709	0	0.00345414	-0.0368732	0.107704	0	0	0	0	0	0	0	7.91589	-0.214543	0.0595835	0	0	1.72698	0	0	0	0.105325	-0.035649	-4.74861
2011-11-30 00:00:00	-6.0045	-0.00776877	0.365082	0	-0.00196286	-0.0151202	0.0469173	0	0	0	0	0	0	0	2.83092	-0.215868	0.0598845	0	0	2.00253	0	0	0	0.106331	-0.0402535	-0.87381
2011-12-01 00:00:00	-10.445	-0.0107923	0.295367	0	0.00122154	-0.0264099	0.0784972	0	0	0	0	0	0	0	5.28316	-0.217196	0.0601591	0	0	2.18866	0	0	0	0.107041	-0.0419212	-2.72726
2011-12-02 00:00:00	-1.21351	-0.00732451	0.29658	0	-0.0026274	-0.0028106	0.0114547	0	0	0	0	0	0	0	-0.138842	-0.217517	0.0602261	0	0	2.16939	0	0	0	0.10764	-0.0429953	1.01967
2011-12-03 00:00:00	-2.66305	-0.0128185	0.324274	0	0.000334911	-0.00585332	0.0194862	0	0	0	0	0	0	0	0.925432	-0.217503	0.0602221	0	0	2.01502	0	0	0	0.10772	-0.040963	0.5123
2011-12-04 00:00:00	-1.60901	-0.0123647	0.262203	0	-0.000181515	-0.00356836	0.0124621	0	0	0	0	0	0	0	0.238992	-0.217437	0.0602032	0	0	1.87195	0	0	0	0.107847	-0.0395323	0.671562
2011-12-05 00:00:00	-24.8874	-0.00501917	0.245905	0	0.00640179	-0.0643271	0.186443	0	0	0	0	0	0	0	13.5141	-0.220625	0.0607352	0	0	2.44139	0	0	0	0.10909	-0.0430577	-8.65642
2011-12-06 00:00:00	-3.41801	-0.00882694	0.262293	0	-0.00582218	-0.00895172	0.0314842	0	0	0	0	0	0	0	1.21391	-0.222591	0.0610616	0	0	2.88486	0	0	0	0.110502	-0.0500238	0.84988
2011-12-07 00:00:00	-7.23603	-0.00965996	0.267089	0	0.00125782	-0.0180526	0.0552594	0	0	0	0	0	0	0	3.5354	-0.223593	0.0611603	0	0	2.79506	0	0	0	0.110954	-0.0488629	-0.710016
2011-12-08 00:00:00	-14.9685	-0.011519	0.298174	0	0.00300031	-0.0393181	0.113472	0	0	0	0	0	0	0	7.84103	-0.225785	0.0615683	0	0	3.09938	0	0	0	0.112349	-0.0505685	-3.7667
2011-12-09 00:00:00	-2	-0.011525	0.25317	0	-0.0044807	-0.00657306	0.0199565	0	0	0	0	0	0	0	0.353307	-0.226417	0.0617356	0	0	3.09252	0	0	0	0.113276	-0.0525726	1.59239
2011-12-10 00:00:00	-5.39099	-0.00652329	0.249435	0	0.00126457	-0.0146552	0.0433513	0	0	0	0	0	0	0	2.05085	-0.226863	0.0618173	0	0	2.90648	0	0	0	0.113575	-0.050194	-0.262455
2011-12-11 00:00:00	-1.81351	-0.00845042	0.29236	0	-0.00181098	-0.0045451	0.0164801	0	0	0	0	0	0	0	0.338732	-0.226989	0.0618254	0	0	2.67012	0	0	0	0.114053	-0.0494731	1.38879
2011-12-12 00:00:00	-4.75046	-0.0117083	0.276807	0	0.00162621	-0.0120665	0.0369566	0	0	0	0	0	0	0	1.75912	-0.227405	0.0618979	0	0	2.54402	0	0	0	0.114981	-0.0467339	-0.252959
2011-12-13 00:00:00	-6	-0.0100152	0.270557	0	0.0007164	-0.0168072	0.0475475	0	0	0	0	0	0	0	2.74893	-0.227991	0.062034	0	0	2.51843	0	0	0	0.115763	-0.0461076	-0.536943
2011-12-14 00:00:00	-4.25855	-0.00460098	0.267926	0	-0.00121425	-0.0117505	0.0351581	0	0	0	0	0	0	0	1.43755	-0.229022	0.0621687	0	0	2.46513	0	0	0	0.116383	-0.0454557	-0.166271
2011-12-15 00:00:00	-0.395496	-0.0123107	0.217092	0	-0.00163698	-0.000858238	0.0058405	0	0	0	0	0	0	0	-0.431166	-0.228878	0.0621426	0	0	2.25656	0	0	0	0.116481	-0.0445337	1.54324
2011-12-16 00:00:00	-0.786489	-0.00480954	0.202948	0	5.20878E-05	-0.00147809	0.0087883	0	0	0	0	0	0	0	-0.481651	-0.228683	0.0620884	0	0	2.03014	0	0	0	0.116577	-0.0413006	0.876183
2011-12-17 00:00:00	-0.590993	-0.00890106	0.197708	0	-0.000179474	-0.00104984	0.00682512	0	0	0	0	0	0	0	-0.414879	-0.228411	0.0620333	0	0	1.82998	0	0	0	0.116532	-0.0396136	0.929055
2011-12-18 00:00:00	0	-0.211852	0.214215	0	-0.00035946	-5.14967E-05	0.00326879	0	0	0	0	0	0	0	-0.777507	-0.228062	0.0619706	0	0	1.64082	0	0	0	0.11659	-0.0373813	0.781655
2011-12-19 00:00:00	-20.5865	0.193476	0.25591	0	0.00557805	-0.0555508	0.153726	0	0	0	0	0	0	0	11.1544	-0.230666	0.06248	0	0	2.11511	0	0	0	0.117286	-0.0395611	-6.8543
2011-12-20 00:00:00	-1.5955	-0.0129171	0.25059	0	-0.00439821	-0.00706227	0.0186087	0	0	0	0	0	0	0	-0.0835048	-0.231882	0.062746	0	0	2.4198	0	0	0	0.1184	-0.0455785	0.889309
2011-12-21 00:00:00	-5.45404	-0.0171198	0.295255	0	0.00270054	-0.014947	0.0415936	0	0	0	0	0	0	0	2.34799	-0.232334	0.0628649	0	0	2.33813	0	0	0	0.118673	-0.0437911	-0.55503
2011-12-22 00:00:00	-2.43153	-0.0016671	0.289302	0	-0.00239743	-0.00626084	0.0216243	0	0	0	0	0	0	0	0.41153	-0.232566	0.0629461	0	0	2.25501	0	0	0	0.119042	-0.0434027	0.441639
2011-12-23 00:00:00	-4.24053	-0.00947061	0.268878	0	0.000926248	-0.0110013	0.0333285	0	0	0	0	0	0	0	1.76564	-0.232912	0.0631006	0	0	2.17415	0	0	0	0.119235	-0.0422971	-0.11095
2011-12-24 00:00:00	-2.3955	-0.00903616	0.282719	0	-0.000929627	-0.00595481	0.020446	0	0	0	0	0	0	0	0.495824	-0.233093	0.0631707	0	0	2.08625	0	0	0	0.119573	-0.0415908	0.38188
2011-12-25 00:00:00	-1.0045	-0.00407172	0.359157	0	-0.000708941	-0.00174409	0.00973438	0	0	0	0	0	0	0	-0.464689	-0.233096	0.0632211	0	0	1.92672	0	0	0	0.119696	-0.0402097	0.729501
2011-12-26 00:00:00	-2.6045	-0.00869325	0.365489	0	0.000366242	-0.0056957	0.0201703	0	0	0	0	0	0	0	0.602547	-0.23325	0.0632446	0	0	1.81246	0	0	0	0.11976	-0.038962	0.0929338
2011-12-27 00:00:00	-0.590993	-0.0135127	0.30701	0	-0.000803988	-0.000899027	0.0059185	0	0	0	0	0	0	0	-0.647432	-0.233588	0.0632306	0	0	1.68557	0	0	0	0.119934	-0.0376097	0.656821
2011-12-28 00:00:00	-6.49007	-0.00345263	0.297327	0	0.00269473	-0.015657	0.0484799	0	0	0	0	0	0	0	3.07476	-0.234423	0.0633802	0	0	1.73019	0	0	0	0.120299	-0.0373915	-1.44386
2011-12-29 00:00:00	-3.27656	-0.00898724	0.258474	0	-0.0012907	-0.00784712	0.0269898	0	0	0	0	0	0	0	1.0744	-0.235288	0.0635194	0	0	1.80058	0	0	0	0.120967	-0.0384245	-0.223471
2011-12-30 00:00:00	-8.16397	-0.0122239	0.252467	0	0.00193702	-0.0235528	0.0634187	0	0	0	0	0	0	0	3.98243	-0.236874	0.0637576	0	0	1.95956	0	0	0	0.12136	-0.0391166	-2.0308
2011-12-31 00:00:00	-2.02252	-0.00719618	0.344698	0	-0.00253632	-0.00554422	0.0187014	0	0	0	0	0	0	0	0.266093	-0.237618	0.0638489	0	0	1.98352	0	0	0	0.121743	-0.0408332	0.482362
2012-01-01 00:00:00	-3.42702	-0.0143651	0.302789	0	0.000973395	-0.00858504	0.0262589	0	0	0	0	0	0	0	1.27706	-0.237907	0.0639477	0	0	1.9137	0	0	0	0.122026	-0.0399206	-0.0210415
2012-01-02 00:00:00	-0.4	-0.0076194	0.252208	0	-0.00187924	-0.000595763	0.00581679	0	0	0	0	0	0	0	-0.698242	-0.237821	0.0639864	0	0	1.79175	0	0	0	0.122319	-0.0386711	0.851251
2012-01-03 00:00:00	-8.88557	-0.0031228	0.270946	0	0.00270882	-0.0238163	0.0681877	0	0	0	0	0	0	0	4.10596	-0.238681	0.0641944	0	0	1.8845	0	0	0	0.122627	-0.0390656	-2.67113
2012-01-04 00:00:00	-22.0495	-0.012793	0.291167	0	0.00496587	-0.0677955	0.169413	0	0	0	0	0	0	0	11.7713	-0.242225	0.0649342	0	0	2.71408	0	0	0	0.124027	-0.046181	-7.2787
2012-01-05 00:00:00	-5.7955	-0.00576787	0.276369	0	-0.00535216	-0.0212003	0.0526246	0	0	0	0	0	0	0	2.2731	-0.24429	0.0654549	0	0	3.26207	0	0	0	0.125162	-0.0539151	-0.0712433
2012-01-06 00:00:00	-0.8	-0.0109454	0.281515	0	-0.00193149	-0.00239361	0.00944773	0	0	0	0	0	0	0	-0.506185	-0.24479	0.0655733	0	0	2.9302	0	0	0	0.125869	-0.0532545	1.7931
2012-01-07 00:00:00	-0.204504	-0.0965165	0.296649	0	-0.000485474	-7.10052E-05	0.00464219	0	0	0	0	0	0	0	-1.08488	-0.244649	0.0655664	0	0	2.60953	0	0	0	0.126183	-0.0486925	1.42278
2012-01-08 00:00:00	-0.4	0.0516496	0.346758	0	0.000452143	0	0.00354717	0	0	0	0	0	0	0	-0.852592	-0.244349	0.0655271	0	0	2.28141	0	0	0	0.126316	-0.0454728	1.33325
2012-01-09 00:00:00	-1.4045	0.0205012	0.336107	0	0.00023948	-0.00233973	0.011017	0	0	0	0	0	0	0	-0.144113	-0.244182	0.0655564	0	0	2.0627	0	0	0	0.126531	-0.0424346	0.785076
2012-01-10 00:00:00	-4.2	-0.0104394	0.346364	0	0.0010666	-0.00989198	0.0320836	0	0	0	0	0	0	0	1.23581	-0.244616	0.0656563	0	0	2.00093	0	0	0	0.127345	-0.0410256	-0.696712
2012-01-11 00:00:00	-0.8	-0.00991458	0.366728	0	-0.00140256	-0.00130749	0.00761757	0	0	0	0	0	0	0	-0.668424	-0.244696	0.0656974	0	0	1.88973	0	0	0	0.127673	-0.0400544	0.691645
2012-01-12 00:00:00	-5.78199	-0.00725736	0.331071	0	0.00195098	-0.0139934	0.0441831	0	0	0	0	0	0	0	2.52731	-0.245329	0.0658659	0	0	1.90026	0	0	0	0.127994	-0.0392712	-1.08921
2012-01-13 00:00:00	-0.2	-0.0503097	0.239718	0	-0.0023578	-0.000403604	0.00469777	0	0	0	0	0	0	0	-0.731926	-0.245502	0.0659556	0	0	1.83364	0	0	0	0.128503	-0.039781	1.00223
2012-01-14 00:00:00	-3	0.0332298	0.252347	0	0.00141295	-0.00673651	0.0241468	0	0	0	0	0	0	0	0.790586	-0.245739	0.0660229	0	0	1.75167	0	0	0	0.128674	-0.0379148	-0.242306
2012-01-15 00:00:00	-5.27523	-0.0108645	0.210997	0	0.0012771	-0.0132309	0.0411767	0	0	0	0	0	0	0	2.16393	-0.246565	0.0660381	0	0	1.81817	0	0	0	0.129021	-0.0382196	-1.1535
2012-01-16 00:00:00	-0.2	-0.0247394	0.210276	0	-0.0026662	-0.000379341	0.0055854	0	0	0	0	0	0	0	-0.709726	-0.246581	0.0660026	0	0	1.71362	0	0	0	0.129261	-0.0387847	0.901873
2012-01-17 00:00:00	-0.204504	-0.121724	0.324249	0	-8.61337E-05	0	0.00293511	0	0	0	0	0	0	0	-0.798764	-0.246537	0.0660132	0	0	1.60151	0	0	0	0.129434	-0.0366709	0.715854
2012-01-18 00:00:00	-1.81801	0.122685	0.388067	0	0.000833837	-0.0029401	0.0139599	0	0	0	0	0	0	0	0.0960874	-0.246615	0.0660586	0	0	1.51005	0	0	0	0.129446	-0.0349466	0.224673
2012-01-19 00:00:00	-2.89007	-0.0135334	0.335858	0	0.000685999	-0.00633721	0.0212619	0	0	0	0	0	0	0	0.744816	-0.246956	0.0664675	0	0	1.49563	0	0	0	0.129619	-0.0345931	-0.397156
2012-01-20 00:00:00	-2.83603	-0.0039924	0.343487	0	-0.00013476	-0.00636486	0.0226953	0	0	0	0	0	0	0	0.61337	-0.247406	0.0666236	0	0	1.5141	0	0	0	0.129745	-0.0346494	-0.43855
2012-01-21 00:00:00	-1.23603	-0.0121412	0.393525	0	-0.000706443	-0.00215604	0.00952502	0	0	0	0	0	0	0	-0.256202	-0.247592	0.0666836	0	0	1.47153	0	0	0	0.129855	-0.0348566	0.281433
2012-01-22 00:00:00	-3.47656	0.00128777	0.388559	0	0.0010913	-0.00765722	0.0263095	0	0	0	0	0	0	0	1.04248	-0.248534	0.0668442	0	0	1.47964	0	0	0	0.130024	-0.0336839	-0.630201
2012-01-23 00:00:00	-0.2	-0.147014	0.342781	0	-0.0016573	-0.000254687	0.00418689	0	0	0	0	0	0	0	-0.860519	-0.248595	0.0668794	0	0	1.42706	0	0	0	0.13018	-0.0339434	0.4791
2012-01-24 00:00:00	-6.59099	0.129718	0.360056	0	0.00294687	-0.0154577	0.0480391	0	0	0	0	0	0	0	2.8539	-0.249415	0.0670757	0	0	1.51059	0	0	0	0.130264	-0.0337768	-1.78705
2012-01-25 00:00:00	-4.2	-0.00493099	0.463206	0	-0.00105264	-0.00984072	0.0324934	0	0	0	0	0	0	0	1.33534	-0.250441	0.0673372	0	0	1.66327	0	0	0	0.130659	-0.036104	-0.81006
2012-01-26 00:00:00	-3.47206	-0.00694404	0.35761	0	-0.000208228	-0.008764	0.02702	0	0	0	0	0	0	0	1.07276	-0.251087	0.0674781	0	0	1.71068	0	0	0	0.130798	-0.0373018	-0.410019
2012-01-27 00:00:00	-2.74145	-0.00977364	0.342791	0	0.000780994	-0.0072324	0.0221649	0	0	0	0	0	0	0	0.605866	-0.251643	0.0676548	0	0	1.68774	0	0	0	0.130911	-0.0372206	-0.189414
2012-01-28 00:00:00	-0.2	-0.0902728	0.290271	0	-0.00250759	-0.000174041	0.00511038	0	0	0	0	0	0	0	-0.696265	-0.251715	0.0676584	0	0	1.61707	0	0	0	0.131258	-0.0366869	0.83375
2012-01-29 00:00:00	-0.00450358	-0.317165	0.357992	0	-0.00112941	0	0.00433139	0	0	0	0	0	0	0	-0.702647	-0.251708	0.0676404	0	0	1.47567	0	0	0	0.131227	-0.0348402	0.724872
2012-01-30 00:00:00	0	-0.332877	0.377776	0	-0.00127733	0	0.00347588	0	0	0	0	0	0	0	-0.867345	-0.251736	0.0676222	0	0	1.358	0	0	0	0.131312	-0.0324611	0.452488
2012-01-31 00:00:00	-3.19099	0.725241	0.331281	0	0.00380506	-0.00464207	0.0179124	0	0	0	0	0	0	0	0.678348	-0.251944	0.0676498	0	0	1.30709	0	0	0	0.131272	-0.0316354	-0.216617
2012-02-01 00:00:00	0	-0.320852	0.342309	0	-0.00204514	-0.000245464	0.00353311	0	0	0	0	0	0	0	-0.746331	-0.252379	0.0676463	0	0	1.28322	0	0	0	0.131425	-0.0310489	0.475228
2012-02-02 00:00:00	0	-0.242646	0.275482	0	-0.000960675	0	0.00424193	0	0	0	0	0	0	0	-0.7489	-0.252472	0.0676159	0	0	1.20651	0	0	0	0.1313	-0.0294711	0.410695
2012-02-03 00:00:00	0	-0.320713	0.364161	0	-0.00101794	0	0.00347144	0	0	0	0	0	0	0	-0.720222	-0.252418	0.0675934	0	0	1.12836	0	0	0	0.131213	-0.0288081	0.371625
2012-02-04 00:00:00	-1.62702	0.858421	0.401718	0	0.0032368	-1.20465E-05	0.00405099	0	0	0	0	0	0	0	-0.32088	-0.252408	0.0675892	0	0	1.07834	0	0	0	0.131124	-0.027813	0.316345
2012-02-05 00:00:00	-0.2	-0.206334	0.416324	0	-0.000905443	-5.91389E-05	0.00363903	0	0	0	0	0	0	0	-0.69626	-0.252422	0.0675928	0	0	1.04375	0	0	0	0.131026	-0.0272684	0.279085
2012-02-06 00:00:00	0	-0.379829	0.431449	0	-0.00154935	0	0.00336159	0	0	0	0	0	0	0	-0.514033	-0.252387	0.067579	0	0	1.00258	0	0	0	0.130842	-0.0266232	0.461385
2012-02-07 00:00:00	-0.2	-0.140245	0.362121	0	-0.000641618	0	0.00363298	0	0	0	0	0	0	0	-0.604185	-0.252335	0.0675605	0	0	0.96403	0	0	0	0.130715	-0.0258494	0.304804
2012-02-08 00:00:00	-0.00900717	-0.358192	0.418164	0	-0.00220945	0	0.00302806	0	0	0	0	0	0	0	-0.655377	-0.252271	0.0675439	0	0	0.934976	0	0	0	0.130567	-0.0254277	0.251794
2012-02-09 00:00:00	-5.35496	1.05983	0.469929	0	0.00687974	-0.00862423	0.0296064	0	0	0	0	0	0	0	1.69024	-0.252697	0.0676112	0	0	0.988702	0	0	0	0.130407	-0.0261949	-1.19927
2012-02-10 00:00:00	-4.80901	-0.0205907	0.403946	0	0.00089322	-0.0115066	0.0351794	0	0	0	0	0	0	0	1.94724	-0.253786	0.0678004	0	0	1.18906	0	0	0	0.130651	-0.0281901	-1.34831
2012-02-11 00:00:00	-3.59099	0.000827443	0.512669	0	-0.00131935	-0.00801664	0.0281082	0	0	0	0	0	0	0	1.02796	-0.254544	0.06793	0	0	1.30904	0	0	0	0.130721	-0.0303904	-0.808
2012-02-12 00:00:00	-1	-0.00811091	0.566088	0	-0.00138909	-0.00117199	0.0073362	0	0	0	0	0	0	0	-0.437788	-0.254718	0.0679597	0	0	1.30476	0	0	0	0.130683	-0.0315158	0.342137
2012-02-13 00:00:00	-1.19099	-0.0129306	0.576896	0	0.000175692	-0.00145076	0.0075616	0	0	0	0	0	0	0	-0.19852	-0.25473	0.0679563	0	0	1.25053	0	0	0	0.130641	-0.0301652	0.344976
2012-02-14 00:00:00	-1.5	0.00927121	0.588658	0	4.39439E-05	-0.0021358	0.0109204	0	0	0	0	0	0	0	-0.130479	-0.254794	0.06796	0	0	1.21448	0	0	0	0.130559	-0.0296017	0.104884
2012-02-15 00:00:00	-9.95496	-0.00596147	0.659599	0	0.00253455	-0.0239549	0.0723869	0	0	0	0	0	0	0	4.69967	-0.256101	0.0682016	0	0	1.42685	0	0	0	0.130649	-0.0325194	-3.2136
2012-02-16 00:00:00	-1.19099	-0.022163	0.68636	0	-0.00262761	-0.00164365	0.00819723	0	0	0	0	0	0	0	-0.483178	-0.256806	0.0683348	0	0	1.56602	0	0	0	0.130943	-0.0358483	0.466592
2012-02-17 00:00:00	-1.21801	0.00256081	0.709893	0	0.000387299	-0.00103004	0.00779894	0	0	0	0	0	0	0	-0.417302	-0.256739	0.0683147	0	0	1.46521	0	0	0	0.130791	-0.0347989	0.457073
2012-02-18 00:00:00	-5.45855	-0.0118442	0.602344	0	0.0019931	-0.0121623	0.0377167	0	0	0	0	0	0	0	2.29727	-0.257433	0.0684788	0	0	1.52226	0	0	0	0.130889	-0.0344877	-1.11352
2012-02-19 00:00:00	-0.195496	-0.324626	0.551149	0	-0.00381252	-0.000344631	0.00536494	0	0	0	0	0	0	0	-0.762858	-0.257644	0.0685263	0	0	1.50497	0	0	0	0.130954	-0.0352472	0.680935
2012-02-20 00:00:00	-3.04504	0.311253	0.697922	0	0.00254517	-0.00448572	0.0166571	0	0	0	0	0	0	0	0.609006	-0.257698	0.0685574	0	0	1.44759	0	0	0	0.130946	-0.0333102	-0.0560519
2012-02-21 00:00:00	-8.55046	0.0130179	0.784297	0	0.00123199	-0.0200012	0.06214	0	0	0	0	0	0	0	3.92222	-0.258873	0.068747	0	0	1.63654	0	0	0	0.131084	-0.0352073	-2.24527
2012-02-22 00:00:00	-3.21351	-0.020479	0.87814	0	-0.00129479	-0.00612382	0.0213414	0	0	0	0	0	0	0	0.618106	-0.259561	0.0688747	0	0	1.75192	0	0	0	0.131316	-0.0382058	-0.0694771
2012-02-23 00:00:00	-1.01801	-0.000630317	0.911142	0	-0.00153825	-0.000246832	0.00569127	0	0	0	0	0	0	0	-0.821583	-0.25954	0.068877	0	0	1.65486	0	0	0	0.13134	-0.0373177	0.633041
2012-02-24 00:00:00	-0.604504	-0.219746	0.83634	0	-0.000673093	0	0.00361357	0	0	0	0	0	0	0	-0.57255	-0.259212	0.0688207	0	0	1.48387	0	0	0	0.131178	-0.0362429	0.830899
2012-02-25 00:00:00	-1.83152	0.223618	0.77838	0	0.00131864	-0.00119092	0.00788881	0	0	0	0	0	0	0	-0.185289	-0.25927	0.0688357	0	0	1.41669	0	0	0	0.131177	-0.033552	0.317085
2012-02-26 00:00:00	-1.1955	0.000468887	0.658146	0	-0.000268682	-0.00123992	0.00752193	0	0	0	0	0	0	0	-0.35112	-0.259231	0.068831	0	0	1.3506	0	0	0	0.131068	-0.0323577	0.376918
2012-02-27 00:00:00	-0.990993	-0.0440248	0.949085	0	-0.000436265	-0.000115064	0.00323544	0	0	0	0	0	0	0	-0.451468	-0.259065	0.0688008	0	0	1.27116	0	0	0	0.130949	-0.0310136	0.646117
2012-02-28 00:00:00	-0.395496	-0.523697	0.994367	0	-0.00219878	0	0.0037464	0	0	0	0	0	0	0	-0.736009	-0.258841	0.0687607	0	0	1.18719	0	0	0	0.130832	-0.0294438	0.439209
2012-02-29 00:00:00	0	-0.623145	0.844378	0	-0.00686721	0	0.00307462	0	0	0	0	0	0	0	-0.742134	-0.258653	0.0687274	0	0	1.1212	0	0	0	0.130555	-0.0286083	0.508529
2012-03-01 00:00:00	-0.8	-0.0777186	0.968997	0	-0.00259727	0	0.00268619	0	0	0	0	0	0	0	-0.522504	-0.258412	0.0686799	0	0	1.05402	0	0	0	0.13034	-0.0277713	0.535725
2012-03-02 00:00:00	-1.1955	0.281612	0.907827	0	0.000111441	0	0.00320926	0	0	0	0	0	0	0	-0.489179	-0.258259	0.0686509	0	0	1.01354	0	0	0	0.130072	-0.0268245	0.435265
2012-03-03 00:00:00	-2.02252	0.822389	0.882451	0	0.00482174	0	0.00436049	0	0	0	0	0	0	0	-0.379284	-0.258073	0.0686209	0	0	0.980722	0	0	0	0.129817	-0.0263321	0.206975
2012-03-04 00:00:00	-7.75046	0.137021	0.742719	0	0.00942137	-0.0150921	0.0502194	0	0	0	0	0	0	0	3.60333	-0.258985	0.068772	0	0	1.13748	0	0	0	0.129849	-0.027727	-2.17345
2012-03-05 00:00:00	-0.2	-0.476036	0.726307	0	-0.00426118	-0.00044254	0.0043275	0	0	0	0	0	0	0	-0.793972	-0.259297	0.0688341	0	0	1.24489	0	0	0	0.129922	-0.0301521	0.41012
2012-03-06 00:00:00	-0.2	-0.521788	0.797599	0	-0.00361279	0	0.00411079	0	0	0	0	0	0	0	-0.655004	-0.25904	0.0687986	0	0	1.17284	0	0	0	0.129629	-0.0290414	0.504492
2012-03-07 00:00:00	-1.63603	0.66397	0.895909	0	0.00131787	0	0.00356196	0	0	0	0	0	0	0	-0.413563	-0.258758	0.0687569	0	0	1.10592	0	0	0	0.12935	-0.0286276	0.531807
2012-03-08 00:00:00	-1.01801	0.0199055	0.979314	0	-8.97208E-05	0	0.00309044	0	0	0	0	0	0	0	-0.536454	-0.258539	0.0687337	0	0	1.05713	0	0	0	0.129181	-0.0274049	0.416852
2012-03-09 00:00:00	0	-0.910607	1.1326	0	-0.0079497	0	0.00208278	0	0	0	0	0	0	0	-0.604924	-0.258264	0.0686943	0	0	1.00811	0	0	0	0.128867	-0.0268765	0.531734
2012-03-10 00:00:00	-0.195496	-0.302309	0.903048	0	-0.00781978	0	0.00213214	0	0	0	0	0	0	0	-0.813489	-0.258009	0.0686521	0	0	0.957166	0	0	0	0.128647	-0.0258874	0.456635
2012-03-11 00:00:00	0	-0.188903	0.971099	0	-0.0131294	0	0.00148272	0	0	0	0	0	0	0	-1.03572	-0.257716	0.0686065	0	0	0.905093	0	0	0	0.128442	-0.024789	0.554465
2012-03-12 00:00:00	0	-0.00638543	0.929751	0	-0.0125025	0	0.00223214	0	0	0	0	0	0	0	-1.08136	-0.257438	0.0685598	0	0	0.846041	0	0	0	0.128242	-0.023177	0.593957
2012-03-13 00:00:00	-0.395496	-0.00262143	0.957111	0	-0.00638319	0	0.00129676	0	0	0	0	0	0	0	-0.88595	-0.257079	0.0685036	0	0	0.79751	0	0	0	0.128077	-0.0225078	0.382461
2012-03-14 00:00:00	-1.9955	0.821513	1.10473	0	0.000229366	0	0.00368266	0	0	0	0	0	0	0	-0.328686	-0.256862	0.06847	0	0	0.78545	0	0	0	0.127722	-0.0217812	0.308968
2012-03-15 00:00:00	-4.79324	0.840662	1.09151	0	0.0354297	0	0.00762552	0	0	0	0	0	0	0	1.32521	-0.257014	0.0684978	0	0	0.841507	0	0	0	0.127572	-0.0223524	-0.734596
2012-03-16 00:00:00	-12.9324	0.0184399	1.22174	0	0.0197298	-0.0251464	0.0814424	0	0	0	0	0	0	0	6.18097	-0.258625	0.068793	0	0	1.19132	0	0	0	0.127805	-0.027722	-4.33371
2012-03-17 00:00:00	-0.804504	-0.295246	1.13252	0	-0.00457785	-0.000621409	0.00600428	0	0	0	0	0	0	0	-0.901749	-0.25927	0.0689154	0	0	1.40459	0	0	0	0.127949	-0.0328704	0.441142
2012-03-18 00:00:00	-0.00450358	-0.812492	1.04358	0	-0.0074325	0	0.00255487	0	0	0	0	0	0	0	-0.583212	-0.258958	0.0688634	0	0	1.30226	0	0	0	0.127689	-0.0318013	0.846552
2012-03-19 00:00:00	-0.804504	-0.158161	1.13843	0	-0.00426853	0	0.00249866	0	0	0	0	0	0	0	-0.856952	-0.259078	0.0687715	0	0	1.1943	0	0	0	0.127636	-0.0299267	0.418745
2012-03-20 00:00:00	-1.21801	-0.0781568	1.37545	0	-0.00286494	0	0.00320494	0	0	0	0	0	0	0	-0.354082	-0.258901	0.0687425	0	0	1.13414	0	0	0	0.127321	-0.0285664	0.768273
2012-03-21 00:00:00	0	-0.324525	1.1471	0	-0.0148498	0	0.00126499	0	0	0	0	0	0	0	-0.974243	-0.258582	0.0686953	0	0	1.05755	0	0	0	0.127096	-0.0277808	0.801726
2012-03-22 00:00:00	-0.00450358	-0.011201	1.78282	0	-0.0234432	0	0.00081849	0	0	0	0	0	0	0	-1.92951	-0.258271	0.0686233	0	0	0.930651	0	0	0	0.127055	-0.0262757	0.656763
2012-03-23 00:00:00	0	-0.000837228	1.37825	0	-0.00906642	0	0	0	0	0	0	0	0	0	-0.848475	-0.257624	0.0685446	0	0	0.827805	0	0	0	0.126739	-0.0244477	1.26089
2012-03-24 00:00:00	-3.97748	1.32152	1.75053	0	0.00324973	0	0.00490208	0	0	0	0	0	0	0	-0.389062	-0.257694	0.0685485	0	0	0.835819	0	0	0	0.12708	-0.0222849	-0.534873
2012-03-25 00:00:00	-0.2	-1.32152	2.72851	0	-0.00282959	0	0.00131433	0	0	0	0	0	0	0	-1.07135	-0.25743	0.0685119	0	0	0.8236	0	0	0	0.126508	-0.0223025	0.873011
2012-03-26 00:00:00	-0.2	0	2.54892	0	-0.00121782	0	0.000193356	0	0	0	0	0	0	0	-2.35869	-0.256744	0.0684133	0	0	0.706402	0	0	0	0.126387	-0.021601	0.612064
2012-03-27 00:00:00	0	0	2.53628	0	-0.0054563	0	0	0	0	0	0	0	0	0	-1.46034	-0.256255	0.0683509	0	0	0.615762	0	0	0	0.126189	-0.0200452	1.60448
2012-03-28 00:00:00	-0.00450358	0	2.44352	0	-0.000357495	0	0	0	0	0	0	0	0	0	-2.44137	-0.256159	0.068312	0	0	0.542393	0	0	0	0.126524	-0.0185734	0.459782
2012-03-29 00:00:00	0	0	1.30934	0	0.00112074	0	0	0	0	0	0	0	0	0	-1.15701	-0.2561	0.0682491	0	0	0.513403	0	0	0	0.125923	-0.0169878	0.587935
2012-03-30 00:00:00	0	0	1.2895	0	0.000869622	0	0	0	0	0	0	0	0	0	-1.31175	-0.255215	0.0681854	0	0	0.499946	0	0	0	0.125637	-0.0163601	0.400811
2012-03-31 00:00:00	-0.4	0	1.13269	0	0.000855844	0	0.000604437	0	0	0	0	0	0	0	-0.617174	-0.254974	0.0681227	0	0	0.503971	0	0	0	0.125328	-0.0159993	0.543426
2012-04-01 00:00:00	0	0	1.52928	0	0.000163637	0	0.00245108	0	0	0	0	0	0	0	-1.65134	-0.254576	0.0680607	0	0	0.489464	0	0	0	0.124965	-0.0160857	0.292385
2012-04-02 00:00:00	-1.19099	0	1.44338	0	-0.000150729	0	0.00176382	0	0	0	0	0	0	0	-0.0839059	-0.254254	0.0680323	0	0	0.499617	0	0	0	0.124576	-0.0158322	0.592232
2012-04-03 00:00:00	-4.22968	1.57202	1.1874	0	0.000587556	0	0.00515885	0	0	0	0	0	0	0	0.604155	-0.254158	0.0680464	0	0	0.550867	0	0	0	0.1243	-0.0166067	-0.387911
2012-04-04 00:00:00	-6.4	0.0768371	1.19784	0	0.00370304	0	0.00749029	0	0	0	0	0	0	0	2.77268	-0.254731	0.0681963	0	0	0.703056	0	0	0	0.124236	-0.0191166	-1.71981
2012-04-05 00:00:00	-0.4	-1.03338	1.6578	0	0.000714854	0	0.00249228	0	0	0	0	0	0	0	-0.625159	-0.254805	0.0682125	0	0	0.808842	0	0	0	0.124093	-0.0215299	0.327281
2012-04-06 00:00:00	-5.2	1.03192	1.62445	0	0.00292494	0	0.00582794	0	0	0	0	0	0	0	1.225	-0.254744	0.068194	0	0	0.840047	0	0	0	0.123855	-0.0219307	-0.554456
2012-04-07 00:00:00	-0.6	-0.876101	1.5879	0	-0.000124618	0	0.00283447	0	0	0	0	0	0	0	-0.527613	-0.25466	0.0681758	0	0	0.883843	0	0	0	0.123683	-0.0231672	0.384775
2012-04-08 00:00:00	-1	-0.345192	1.65988	0	-0.000168689	0	0.000984241	0	0	0	0	0	0	0	-0.507131	-0.25425	0.0680932	0	0	0.854126	0	0	0	0.123413	-0.0228493	0.576909
2012-04-09 00:00:00	-1.2	-0.185776	1.58276	0	0.000241877	0	0.0027141	0	0	0	0	0	0	0	-0.747173	-0.253735	0.0680043	0	0	0.823541	0	0	0	0.123211	-0.0224071	0.191384
2012-04-10 00:00:00	-21.8	1.40573	1.44825	0	0.0657822	-0.0283596	0.0919285	0	0	0	0	0	0	0	10.4985	-0.256166	0.0684601	0	0	1.21406	0	0	0	0.123492	-0.0270728	-7.19535
2012-04-11 00:00:00	-1.8	-0.00445169	1.53634	0	-0.00686608	-0.000899189	0.00881643	0	0	0	0	0	0	0	-0.656309	-0.257641	0.068754	0	0	1.59692	0	0	0	0.124094	-0.0355626	0.573194
2012-04-12 00:00:00	-4	0.00318265	1.52332	0	0.00122226	-0.00562333	0.0205842	0	0	0	0	0	0	0	0.918793	-0.257616	0.0687463	0	0	1.54139	0	0	0	0.123963	-0.0348438	-0.0968754
2012-04-13 00:00:00	-0.2	-0.982911	1.35649	0	-0.00700556	-0.000137218	0.0036069	0	0	0	0	0	0	0	-0.818189	-0.257406	0.0686977	0	0	1.46041	0	0	0	0.123913	-0.034013	0.713455
2012-04-14 00:00:00	-0.8	-0.233983	1.31172	0	-0.00634074	0	0.00141754	0	0	0	0	0	0	0	-0.440723	-0.257012	0.0686131	0	0	1.33465	0	0	0	0.123711	-0.032193	1.06986
2012-04-15 00:00:00	-0.2	-0.421036	1.30935	0	-0.0130702	0	0.00168867	0	0	0	0	0	0	0	-1.05145	-0.256643	0.0685174	0	0	1.20834	0	0	0	0.123666	-0.0301345	0.73923
2012-04-16 00:00:00	-12.7369	1.65761	1.53733	0	0.0283681	-0.018458	0.0624648	0	0	0	0	0	0	0	5.22761	-0.257595	0.0686934	0	0	1.35088	0	0	0	0.123718	-0.0308708	-2.9872
2012-04-17 00:00:00	-4.2	-0.0489334	1.64943	0	-0.00152908	-0.00651229	0.0222452	0	0	0	0	0	0	0	0.87703	-0.258505	0.0689263	0	0	1.57513	0	0	0	0.124175	-0.0352306	-0.233768
2012-04-18 00:00:00	-0.6	-0.876138	1.59397	0	-0.00632977	-0.000113438	0.00406021	0	0	0	0	0	0	0	-0.604487	-0.258272	0.0688705	0	0	1.49896	0	0	0	0.124023	-0.0348177	0.909725
2012-04-19 00:00:00	-6.8	0.893494	1.78229	0	0.00710615	-0.00866112	0.0304009	0	0	0	0	0	0	0	1.89947	-0.258461	0.0688996	0	0	1.47926	0	0	0	0.123977	-0.0335431	-0.815761
2012-04-20 00:00:00	-1.4	-0.403133	1.82034	0	-0.00471788	-0.000317969	0.00491894	0	0	0	0	0	0	0	-0.750413	-0.258485	0.0689065	0	0	1.47048	0	0	0	0.12397	-0.0343869	0.637165
2012-04-21 00:00:00	-6.4	0.427938	1.76941	0	0.00389614	-0.00902541	0.0313141	0	0	0	0	0	0	0	2.13279	-0.258709	0.0689485	0	0	1.46739	0	0	0	0.123843	-0.0340968	-0.676298
2012-04-22 00:00:00	-1.8	-0.0676321	1.74576	0	-0.00237759	-0.000459389	0.00405435	0	0	0	0	0	0	0	-0.496004	-0.25867	0.0689743	0	0	1.45479	0	0	0	0.123965	-0.0341035	0.738297
2012-04-23 00:00:00	-1.4	-0.359246	1.78675	0	-0.00221192	0	0.00295935	0	0	0	0	0	0	0	-0.424293	-0.258292	0.0689301	0	0	1.34655	0	0	0	0.123765	-0.0317599	0.853155
2012-04-24 00:00:00	-3.4	0.435871	1.83512	0	0.00360717	-0.000510017	0.00851451	0	0	0	0	0	0	0	0.0755597	-0.257886	0.0688822	0	0	1.27763	0	0	0	0.123699	-0.0304039	0.140082
2012-04-25 00:00:00	-7	0.00533668	1.88541	0	0.0012806	-0.0124245	0.0399859	0	0	0	0	0	0	0	2.58712	-0.258519	0.0689711	0	0	1.36611	0	0	0	0.123593	-0.0316677	-1.2248
2012-04-26 00:00:00	-13.4	-0.00281189	1.85192	0	0.00199429	-0.0294018	0.088291	0	0	0	0	0	0	0	6.28004	-0.260413	0.0692963	0	0	1.72101	0	0	0	0.12407	-0.0358799	-3.59188
2012-04-27 00:00:00	-0.6	-0.963821	1.69027	0	-0.00904455	-0.000517757	0.00579861	0	0	0	0	0	0	0	-0.980775	-0.26096	0.069383	0	0	1.83392	0	0	0	0.12445	-0.0390602	0.869644
2012-04-28 00:00:00	-0.2	-0.592827	1.55165	0	-0.0152227	0	0.000841847	0	0	0	0	0	0	0	-1.36926	-0.260486	0.0692657	0	0	1.6026	0	0	0	0.124232	-0.0379233	0.872876
2012-04-29 00:00:00	-5.8	1.57539	1.6014	0	0.0220548	-0.00166776	0.0136171	0	0	0	0	0	0	0	1.28163	-0.260509	0.069277	0	0	1.54472	0	0	0	0.12412	-0.0350846	0.134956
2012-04-30 00:00:00	-1	-0.89145	2.01441	0	-0.00644992	-0.000255039	0.00269594	0	0	0	0	0	0	0	-0.531456	-0.260362	0.0692435	0	0	1.48001	0	0	0	0.124213	-0.0348005	0.965799
2012-05-01 00:00:00	-0.4	-0.74802	1.98362	0	-0.0178694	0	0.00203004	0	0	0	0	0	0	0	-1.34388	-0.26001	0.069169	0	0	1.35318	0	0	0	0.124024	-0.0320296	0.73022
2012-05-02 00:00:00	-0.6	-0.0478532	1.85591	0	-0.0197958	0	0.000737786	0	0	0	0	0	0	0	-1.43345	-0.259535	0.0690574	0	0	1.1758	0	0	0	0.123867	-0.0308307	0.833917
2012-05-03 00:00:00	0	-0.000610345	1.93471	0	-0.0198038	0	0	0	0	0	0	0	0	0	-1.18366	-0.25894	0.0689592	0	0	1.00751	0	0	0	0.123627	-0.028485	1.64331
2012-05-04 00:00:00	-1.2	0	1.81683	0	0.000187926	0	0.00227236	0	0	0	0	0	0	0	-1.27052	-0.258805	0.0689254	0	0	0.952538	0	0	0	0.123786	-0.0259256	0.209288
2012-05-05 00:00:00	-0.2	0	1.67496	0	-0.00279374	0	0.000251879	0	0	0	0	0	0	0	-1.38265	-0.258356	0.0688531	0	0	0.877557	0	0	0	0.123402	-0.0240751	0.877152
2012-05-06 00:00:00	0	0	1.53114	0	-0.00133256	0	0.000239497	0	0	0	0	0	0	0	-1.34926	-0.257871	0.0687657	0	0	0.788071	0	0	0	0.123227	-0.0222158	0.880762
2012-05-07 00:00:00	-3.8	1.22131	2.02036	0	0.00167516	0	0.00407019	0	0	0	0	0	0	0	-0.0562569	-0.257679	0.0687129	0	0	0.767135	0	0	0	0.123	-0.0210653	0.0712583
2012-05-08 00:00:00	-2.4	0.101865	2.05871	0	0.000870041	0	0.00314634	0	0	0	0	0	0	0	-0.115079	-0.257461	0.0686679	0	0	0.783553	0	0	0	0.12269	-0.0212347	0.345728
2012-05-09 00:00:00	-0.2	-1.32316	2.08065	0	-0.000521548	0	0.00103602	0	0	0	0	0	0	0	-0.807838	-0.257038	0.0685898	0	0	0.778702	0	0	0	0.122438	-0.0212917	0.441563
2012-05-10 00:00:00	-27.6	1.71521	1.9279	0	0.0721236	-0.0402012	0.12468	0	0	0	0	0	0	0	13.6319	-0.2601	0.0691509	0	0	1.3303	0	0	0	0.123	-0.0275789	-8.93358
2012-05-11 00:00:00	-12	-0.00368117	2.04466	0	-0.00390502	-0.0259206	0.0806981	0	0	0	0	0	0	0	5.10083	-0.263438	0.0697962	0	0	2.15438	0	0	0	0.124263	-0.0408363	-2.76315
2012-05-12 00:00:00	-0.2	-1.45503	2.37693	0	-0.0204026	-0.000391896	0.00475647	0	0	0	0	0	0	0	-1.55211	-0.263645	0.0698637	0	0	2.14841	0	0	0	0.124582	-0.0428039	1.19015
2012-05-13 00:00:00	-6.8	1.47863	2.34937	0	0.0180993	-0.00353681	0.0175524	0	0	0	0	0	0	0	1.32128	-0.263604	0.0698449	0	0	1.97476	0	0	0	0.124504	-0.040798	0.246095
2012-05-14 00:00:00	-1.8	-0.393413	2.25283	0	-0.00380106	-0.000319035	0.00443861	0	0	0	0	0	0	0	-0.823349	-0.263478	0.0698181	0	0	1.86375	0	0	0	0.124634	-0.0394894	0.991619
2012-05-15 00:00:00	-4.6	0.382688	2.05733	0	0.00338615	-0.00368125	0.0151092	0	0	0	0	0	0	0	0.57078	-0.263352	0.0697908	0	0	1.73616	0	0	0	0.124469	-0.0384011	0.0542771
2012-05-16 00:00:00	-0.8	-1.09561	2.05426	0	-0.0084767	-0.000106199	0.00354363	0	0	0	0	0	0	0	-0.836225	-0.262914	0.0697044	0	0	1.59305	0	0	0	0.12437	-0.0370884	0.804502
2012-05-17 00:00:00	-7.6	1.12641	2.37001	0	0.00915026	-0.00839099	0.0298862	0	0	0	0	0	0	0	2.18995	-0.263279	0.0697705	0	0	1.60472	0	0	0	0.124275	-0.0355254	-0.383016
2012-05-18 00:00:00	-5.4	-0.0449709	2.13507	0	-0.000109537	-0.0080798	0.0264613	0	0	0	0	0	0	0	1.37944	-0.263873	0.0698729	0	0	1.68919	0	0	0	0.124552	-0.0364474	-0.328897
2012-05-19 00:00:00	-0.6	-1.15309	2.04118	0	-0.0112432	-0.00011106	0.00365083	0	0	0	0	0	0	0	-0.855946	-0.26364	0.0698362	0	0	1.607	0	0	0	0.124457	-0.0362537	0.925844
2012-05-20 00:00:00	0	-0.554975	2.90165	0	-0.0397836	0	0	0	0	0	0	0	0	0	-2.31741	-0.263215	0.0697446	0	0	1.40406	0	0	0	0.124321	-0.0338143	1.29057
2012-05-21 00:00:00	0	-0.00216451	2.56958	0	-0.0163232	0	0	0	0	0	0	0	0	0	-2.53313	-0.262615	0.06963	0	0	1.13623	0	0	0	0.124343	-0.0303272	1.05523
2012-05-22 00:00:00	-0.2	0	2.67802	0	-0.00210399	0	0	0	0	0	0	0	0	0	-2.23555	-0.262088	0.069539	0	0	0.955958	0	0	0	0.124106	-0.0273455	1.10053
2012-05-23 00:00:00	0	0	2.5296	0	-0.00144999	0	0	0	0	0	0	0	0	0	-1.93067	-0.261715	0.069473	0	0	0.832938	0	0	0	0.124078	-0.0239598	1.3383
2012-05-24 00:00:00	-0.904504	0	3.09899	0	-0.00154148	0	0	0	0	0	0	0	0	0	-1.56415	-0.261064	0.0693609	0	0	0.706877	0	0	0	0.123988	-0.0216948	1.24626
2012-05-25 00:00:00	-2.71126	0	3.32116	0	0.00167286	0	0	0	0	0	0	0	0	0	-1.0138	-0.260754	0.0693	0	0	0.679221	0	0	0	0.124028	-0.0200535	0.18951
2012-05-26 00:00:00	-12.9775	1.81177	3.70968	0	0.0176704	0	0.010004	0	0	0	0	0	0	0	4.32716	-0.261649	0.0694735	0	0	0.842956	0	0	0	0.123572	-0.02089	-2.34774
2012-05-27 00:00:00	-10.1797	-0.0598554	4.5455	0	0.0423914	-0.00240109	0.0146604	0	0	0	0	0	0	0	2.89007	-0.262595	0.0696599	0	0	1.1382	0	0	0	0.123885	-0.0271232	-1.70734
2012-05-28 00:00:00	-0.402252	-1.73887	3.73183	0	-0.0344689	-0.00016943	0.00167709	0	0	0	0	0	0	0	-1.94127	-0.262566	0.0696549	0	0	1.18946	0	0	0	0.123826	-0.0291556	0.707696
2012-05-29 00:00:00	0	-0.0130399	2.55898	0	-0.0171535	0	0	0	0	0	0	0	0	0	-2.38531	-0.261791	0.0695043	0	0	0.962035	0	0	0	0.12361	-0.0280534	1.00878
2012-05-30 00:00:00	-5	1.41745	3.00497	0	0.00251821	0	0.00207482	0	0	0	0	0	0	0	0.248197	-0.261667	0.069465	0	0	0.932541	0	0	0	0.123618	-0.0251217	0.514046
2012-05-31 00:00:00	-19.6	0.372328	2.95099	0	0.0641542	-0.0291403	0.0862663	0	0	0	0	0	0	0	9.44681	-0.263755	0.0698462	0	0	1.32904	0	0	0	0.12378	-0.0291258	-5.4788
2012-06-01 00:00:00	0	-1.72137	2.6839	0	-0.0271677	-0.000568833	0.00480796	0	0	0	0	0	0	0	-1.52773	-0.264813	0.0700433	0	0	1.63912	0	0	0	0.124183	-0.0362462	0.944156
2012-06-02 00:00:00	0	-0.0653527	2.30992	0	-0.0331833	0	0	0	0	0	0	0	0	0	-2.06232	-0.264243	0.0699324	0	0	1.39734	0	0	0	0.124023	-0.0338109	1.44231
2012-06-03 00:00:00	-1.8	-0.00304777	2.33551	0	-0.00270435	0	0.00144668	0	0	0	0	0	0	0	-0.726014	-0.263846	0.0698529	0	0	1.23745	0	0	0	0.123959	-0.0300878	0.942518
2012-06-04 00:00:00	-0.2	0	2.84772	0	-0.00866171	0	0.000280863	0	0	0	0	0	0	0	-2.48107	-0.263372	0.0697657	0	0	1.0798	0	0	0	0.123795	-0.0279568	1.1403
2012-06-05 00:00:00	-1.8	0	2.9929	0	0.000873949	0	2.21465E-05	0	0	0	0	0	0	0	-1.43054	-0.262609	0.0696294	0	0	0.908104	0	0	0	0.123634	-0.0262708	0.575747
2012-06-06 00:00:00	-9.8	1.8463	3.03172	0	0.0204682	0	0.00783322	0	0	0	0	0	0	0	2.98323	-0.263078	0.0697144	0	0	0.982741	0	0	0	0.123713	-0.0248811	-1.02223
2012-06-07 00:00:00	-2.6	-0.242371	2.8732	0	-0.00137509	0	0.00260345	0	0	0	0	0	0	0	-0.552831	-0.263128	0.0697278	0	0	1.07903	0	0	0	0.12363	-0.0271922	0.46129
2012-06-08 00:00:00	-25.8	0.25484	2.85894	0	0.0521138	-0.048973	0.144229	0	0	0	0	0	0	0	12.9488	-0.266093	0.0702555	0	0	1.63566	0	0	0	0.124164	-0.0333568	-8.05937
2012-06-09 00:00:00	-3.8	-0.0445518	3.11479	0	-0.00640489	-0.001998	0.0120807	0	0	0	0	0	0	0	-0.491471	-0.267983	0.0706538	0	0	2.11678	0	0	0	0.124963	-0.0418284	0.78503
2012-06-10 00:00:00	-7.4	-0.00873897	3.07241	0	0.00226303	-0.0102024	0.0323055	0	0	0	0	0	0	0	1.95537	-0.268183	0.0707165	0	0	2.05571	0	0	0	0.124983	-0.0407861	-0.41416
2012-06-11 00:00:00	-1.8	-0.910939	2.84757	0	-0.00687403	-0.000233077	0.00459551	0	0	0	0	0	0	0	-0.741885	-0.267986	0.0706984	0	0	1.93498	0	0	0	0.125014	-0.0402819	1.21466
2012-06-12 00:00:00	0	-0.879695	2.53194	0	-0.0324675	0	0.000140792	0	0	0	0	0	0	0	-1.84591	-0.267561	0.0706058	0	0	1.70417	0	0	0	0.124859	-0.0378702	1.36821
2012-06-13 00:00:00	0	-0.0148471	2.45614	0	-0.023383	0	5.8973E-06	0	0	0	0	0	0	0	-2.44926	-0.266829	0.0704543	0	0	1.35402	0	0	0	0.124764	-0.0358285	1.21524
2012-06-14 00:00:00	0	0	2.48355	0	-0.00778957	0	0	0	0	0	0	0	0	0	-1.96003	-0.266512	0.0703979	0	0	1.19117	0	0	0	0.124888	-0.0305109	1.60516
2012-06-15 00:00:00	-9.17298	1.88328	2.60467	0	0.0311918	0	0.00638593	0	0	0	0	0	0	0	2.52672	-0.267325	0.0704605	0	0	1.20697	0	0	0	0.124693	-0.0284511	-1.01438
2012-06-16 00:00:00	-21.8901	-0.00119819	2.9322	0	0.0436303	-0.0422329	0.121327	0	0	0	0	0	0	0	10.8148	-0.270196	0.0709975	0	0	1.8023	0	0	0	0.125433	-0.0354636	-6.32851
2012-06-17 00:00:00	-3.17748	-0.0265492	2.71089	0	-0.00676519	-0.00149474	0.0103831	0	0	0	0	0	0	0	-0.671692	-0.271284	0.0712925	0	0	2.13896	0	0	0	0.126069	-0.0422507	0.860076
2012-06-18 00:00:00	-1.19099	-1.65214	3.59716	0	-0.0178356	0	0.00196087	0	0	0	0	0	0	0	-1.20787	-0.270815	0.0712083	0	0	1.90646	0	0	0	0.125819	-0.0403308	1.32262
2012-06-19 00:00:00	-1.8	-0.19433	2.94153	0	-0.0171602	0	0.0008546	0	0	0	0	0	0	0	-1.44389	-0.270268	0.0710853	0	0	1.62852	0	0	0	0.125768	-0.0381442	1.00397
2012-06-20 00:00:00	0	-0.00907199	3.8611	0	-0.031666	0	0	0	0	0	0	0	0	0	-3.06008	-0.270001	0.0710303	0	0	1.40927	0	0	0	0.125569	-0.0341719	2.06198
2012-06-21 00:00:00	-7.59099	1.92764	3.10713	0	0.0141112	0	0.00338343	0	0	0	0	0	0	0	1.26164	-0.270125	0.0709986	0	0	1.26298	0	0	0	0.12572	-0.0300059	-0.117514
2012-06-22 00:00:00	-19.4631	0.0138648	3.18629	0	0.057574	-0.0314578	0.0931048	0	0	0	0	0	0	0	9.21227	-0.272995	0.0714603	0	0	1.73362	0	0	0	0.126184	-0.0351447	-5.30829
2012-06-23 00:00:00	-7.47206	-0.00691321	3.15606	0	-0.00306394	-0.0108774	0.0359704	0	0	0	0	0	0	0	1.76487	-0.274683	0.0718587	0	0	2.14658	0	0	0	0.126797	-0.041669	-0.507127
2012-06-24 00:00:00	-6.03153	0.0404797	3.19672	0	-0.00109096	-0.00666208	0.023371	0	0	0	0	0	0	0	0.901876	-0.274892	0.0721439	0	0	2.12718	0	0	0	0.126901	-0.0417718	0.132727
2012-06-25 00:00:00	0	-1.9477	2.96752	0	-0.0222789	-3.06701E-05	0.00138647	0	0	0	0	0	0	0	-1.45577	-0.274611	0.0721691	0	0	1.94388	0	0	0	0.126881	-0.0405427	1.37089
2012-06-26 00:00:00	-8.41351	1.91889	3.76376	0	0.0235047	-0.00204109	0.0113985	0	0	0	0	0	0	0	1.2313	-0.274564	0.0721273	0	0	1.78207	0	0	0	0.126757	-0.0382551	0.201437
2012-06-27 00:00:00	-7.29458	0.0668068	3.44005	0	-0.000778958	-0.00903437	0.029874	0	0	0	0	0	0	0	1.61946	-0.275635	0.072249	0	0	1.83752	0	0	0	0.126946	-0.0381482	-0.425261
2012-06-28 00:00:00	-3.0045	-0.459207	3.47745	0	-0.00336181	-0.000376706	0.00437673	0	0	0	0	0	0	0	-0.705652	-0.275346	0.072225	0	0	1.74178	0	0	0	0.12694	-0.0380393	0.936287
2012-06-29 00:00:00	-7.96397	0.477749	3.28374	0	0.00349988	-0.00926171	0.0297412	0	0	0	0	0	0	0	1.87933	-0.275487	0.0724029	0	0	1.72444	0	0	0	0.126795	-0.0368962	-0.68792
2012-06-30 00:00:00	-4.97298	-0.0377064	3.14922	0	-0.000630164	-0.00446754	0.0160587	0	0	0	0	0	0	0	0.440477	-0.275682	0.0724849	0	0	1.74471	0	0	0	0.126898	-0.0374818	0.220902
2012-07-01 00:00:00	-0.990993	-1.63926	3.13971	0	-0.0117519	-7.40477E-05	0.00219004	0	0	0	0	0	0	0	-1.21392	-0.2752	0.072389	0	0	1.58758	0	0	0	0.126741	-0.0368879	0.76052
2012-07-02 00:00:00	-4.97298	1.53325	3.27725	0	0.00388071	0	0.00348122	0	0	0	0	0	0	0	-0.183983	-0.274865	0.0723369	0	0	1.4691	0	0	0	0.126384	-0.0347121	1.01914
2012-07-03 00:00:00	-1.4045	-1.61355	3.50304	0	-0.0146022	0	0.00148291	0	0	0	0	0	0	0	-1.05781	-0.27449	0.0722764	0	0	1.3618	0	0	0	0.126348	-0.0322129	0.667777
2012-07-04 00:00:00	-10.9505	1.79544	3.5769	0	0.0238643	-0.00902473	0.0312471	0	0	0	0	0	0	0	2.96564	-0.274731	0.072324	0	0	1.38104	0	0	0	0.126201	-0.0315628	-1.29312
2012-07-05 00:00:00	-0.00450358	-2.05051	3.43021	0	-0.0283219	-0.00031433	0.0021914	0	0	0	0	0	0	0	-1.62881	-0.274861	0.0723462	0	0	1.4257	0	0	0	0.12623	-0.0341143	1.03524
2012-07-06 00:00:00	-5.2	1.75703	3.09134	0	0.0079428	0	0.00284293	0	0	0	0	0	0	0	-0.440294	-0.274493	0.0722847	0	0	1.30137	0	0	0	0.126037	-0.031061	0.413002
2012-07-07 00:00:00	-32.7216	0.32779	3.0403	0	0.0245667	-0.0709047	0.207137	0	0	0	0	0	0	0	17.4183	-0.278958	0.0734894	0	0	2.15286	0	0	0	0.126966	-0.0385074	-9.73859
2012-07-08 00:00:00	-1.61351	-1.477	3.2539	0	-0.0113746	-0.00106532	0.00743402	0	0	0	0	0	0	0	-1.11969	-0.281742	0.0743985	0	0	2.78349	0	0	0	0.128766	-0.0496173	1.69399
2012-07-09 00:00:00	-17.2	1.47897	3.1853	0	0.00928679	-0.0307081	0.0924241	0	0	0	0	0	0	0	6.88638	-0.283508	0.0747133	0	0	2.88795	0	0	0	0.129104	-0.0486	-2.81869
2012-07-10 00:00:00	-14.827	-0.0030483	3.08188	0	-0.000153367	-0.0304767	0.0911162	0	0	0	0	0	0	0	6.38682	-0.286428	0.0756269	0	0	3.40747	0	0	0	0.130113	-0.0534432	-2.02755
2012-07-11 00:00:00	-13.0585	0.00641244	2.92955	0	-0.000295257	-0.0296872	0.0803004	0	0	0	0	0	0	0	5.15771	-0.289006	0.0764178	0	0	3.76803	0	0	0	0.131167	-0.0568345	-1.28479
2012-07-12 00:00:00	-0.4	-1.91341	3.02956	0	-0.0159164	-0.00164621	0.00527891	0	0	0	0	0	0	0	-1.47827	-0.290305	0.0770262	0	0	3.52527	0	0	0	0.131662	-0.0567675	2.61248
2012-07-13 00:00:00	-0.00450358	-0.177255	2.75323	0	-0.0408046	-4.73149E-05	0	0	0	0	0	0	0	0	-1.68895	-0.290344	0.076831	0	0	2.75482	0	0	0	0.131639	-0.0537394	3.46088
2012-07-14 00:00:00	-5.60411	2.03692	2.91983	0	0.0110029	0	0.00329538	0	0	0	0	0	0	0	-1.0687	-0.290283	0.0768871	0	0	2.58038	0	0	0	0.131801	-0.0473055	0.749724
2012-07-15 00:00:00	-0.00491552	-2.02775	2.89358	0	-0.0134468	0	0.00268744	0	0	0	0	0	0	0	-1.2656	-0.290245	0.0767925	0	0	2.25951	0	0	0	0.131785	-0.0445486	1.71785
2012-07-16 00:00:00	-0.595496	-0.0279615	2.75988	0	-0.00803509	0	0	0	0	0	0	0	0	0	-2.20445	-0.290108	0.07667	0	0	1.93088	0	0	0	0.131761	-0.0409517	1.73219
2012-07-17 00:00:00	-2.1955	0	3.03595	0	0.000367666	0	0.00148065	0	0	0	0	0	0	0	-1.42711	-0.289771	0.0765404	0	0	1.65033	0	0	0	0.131773	-0.0376536	0.946414
2012-07-18 00:00:00	-23.836	2.18311	3.18719	0	0.0689463	-0.0311852	0.0846395	0	0	0	0	0	0	0	10.9199	-0.291971	0.0769813	0	0	2.06034	0	0	0	0.132192	-0.0394466	-5.48532
2012-07-19 00:00:00	-0.2	-2.02494	2.98269	0	-0.017013	-0.00074404	0.00718694	0	0	0	0	0	0	0	-1.84774	-0.293653	0.0773463	0	0	2.44619	0	0	0	0.132827	-0.045851	1.2163
2012-07-20 00:00:00	0	-0.138176	2.79323	0	-0.0376848	0	0	0	0	0	0	0	0	0	-2.47527	-0.293826	0.0771786	0	0	1.98755	0	0	0	0.132674	-0.0431927	2.00249
2012-07-21 00:00:00	0	-0.0197555	2.89516	0	-0.0177259	0	0	0	0	0	0	0	0	0	-2.60144	-0.293467	0.0770561	0	0	1.68938	0	0	0	0.132791	-0.0382327	1.82376
2012-07-22 00:00:00	-0.4	-0.000240014	3.13227	0	-0.000324264	0	0	0	0	0	0	0	0	0	-2.85462	-0.292549	0.0768064	0	0	1.30409	0	0	0	0.132718	-0.0355289	1.06263
2012-07-23 00:00:00	-25.618	2.21494	3.41551	0	0.0737222	-0.0310553	0.0814666	0	0	0	0	0	0	0	12.5135	-0.295172	0.0773579	0	0	1.82379	0	0	0	0.13376	-0.0359511	-5.64619
2012-07-24 00:00:00	-2.96848	-0.416139	3.38109	0	-0.00817368	-0.00141127	0.00773461	0	0	0	0	0	0	0	-1.12827	-0.29731	0.0777489	0	0	2.30688	0	0	0	0.134832	-0.0441948	1.04432
2012-07-25 00:00:00	-0.4	-1.77319	3.54934	0	-0.0223643	-1.47465E-05	0.00237743	0	0	0	0	0	0	0	-1.83857	-0.297043	0.0776464	0	0	2.03639	0	0	0	0.134573	-0.0418448	1.4273
2012-07-26 00:00:00	-0.990993	-0.0158483	2.88387	0	-0.0240123	0	0.00013499	0	0	0	0	0	0	0	-2.26296	-0.296877	0.077477	0	0	1.62858	0	0	0	0.134488	-0.0396734	1.09418
2012-07-27 00:00:00	-0.0180143	-0.00977596	2.62153	0	-0.0180434	0	0.000813199	0	0	0	0	0	0	0	-1.89313	-0.296614	0.0774136	0	0	1.44695	0	0	0	0.134461	-0.03516	2.01043
2012-07-28 00:00:00	-4.61801	1.43312	3.04222	0	0.00310024	0	0.00197758	0	0	0	0	0	0	0	-0.837133	-0.29602	0.077305	0	0	1.27445	0	0	0	0.134432	-0.0315765	0.183865
2012-07-29 00:00:00	-3.93695	0.74546	2.98302	0	0.00120677	0	0.0032336	0	0	0	0	0	0	0	-0.0907495	-0.295809	0.0772637	0	0	1.23026	0	0	0	0.133911	-0.0298369	0.821012
2012-07-30 00:00:00	-1.78649	-0.948181	2.84749	0	0.000418781	0	0.0031187	0	0	0	0	0	0	0	-0.73659	-0.295487	0.0771901	0	0	1.17652	0	0	0	0.13365	-0.0289337	0.442707
2012-07-31 00:00:00	-5.97298	0.926668	3.44018	0	0.011149	0	0.00277439	0	0	0	0	0	0	0	0.481431	-0.295253	0.0771374	0	0	1.15644	0	0	0	0.133351	-0.0283795	-0.0674783
2012-08-01 00:00:00	-6.20901	0.131452	3.3244	0	0.0170496	0	0.00583895	0	0	0	0	0	0	0	0.92942	-0.295692	0.0771984	0	0	1.24993	0	0	0	0.133114	-0.0294259	-0.665731
2012-08-02 00:00:00	-0.00450358	-2.21195	2.97744	0	-0.0098679	0	0.00253574	0	0	0	0	0	0	0	-1.17635	-0.295458	0.0771888	0	0	1.2362	0	0	0	0.132892	-0.0301744	0.697949
2012-08-03 00:00:00	-0.2	-0.0765542	2.94991	0	-0.0129806	0	8.9345E-05	0	0	0	0	0	0	0	-2.81637	-0.294726	0.0770353	0	0	1.01896	0	0	0	0.132657	-0.0292701	0.748758
2012-08-04 00:00:00	-7.86305	2.29249	2.96337	0	0.0181886	0	0.00344324	0	0	0	0	0	0	0	1.65749	-0.294793	0.0770575	0	0	1.03244	0	0	0	0.132518	-0.0266615	-0.00749883
2012-08-05 00:00:00	-11.0901	0.0640775	3.07182	0	0.0269133	-0.0156463	0.0339255	0	0	0	0	0	0	0	4.22808	-0.295976	0.0773053	0	0	1.31734	0	0	0	0.132455	-0.0299983	-2.47978
2012-08-06 00:00:00	-7.88106	-0.0197867	2.93353	0	0.0126695	-0.0126881	0.0321611	0	0	0	0	0	0	0	2.27378	-0.297058	0.0775862	0	0	1.62437	0	0	0	0.132484	-0.0355025	-1.15951
2012-08-07 00:00:00	-0.00450358	-2.1689	2.84159	0	-0.0112232	-0.000250337	0.00384767	0	0	0	0	0	0	0	-1.22669	-0.29706	0.0779894	0	0	1.61471	0	0	0	0.132417	-0.0365686	0.925363
2012-08-08 00:00:00	0	-0.140104	2.96771	0	-0.0363511	0	0.000841398	0	0	0	0	0	0	0	-2.75445	-0.296637	0.0779653	0	0	1.38715	0	0	0	0.132203	-0.0339048	1.30442
2012-08-09 00:00:00	0	-0.0220541	3.28399	0	-0.021812	0	0	0	0	0	0	0	0	0	-2.91642	-0.296241	0.0777323	0	0	1.08619	0	0	0	0.132242	-0.0300901	1.29354
2012-08-10 00:00:00	0	-0.00574758	3.65597	0	-0.00469377	0	0	0	0	0	0	0	0	0	-2.16248	-0.295516	0.0775425	0	0	0.849317	0	0	0	0.131979	-0.0271653	2.2192
2012-08-11 00:00:00	0	0	2.73242	0	-3.33051E-05	0	0	0	0	0	0	0	0	0	-2.62518	-0.295074	0.0774096	0	0	0.725132	0	0	0	0.13237	-0.0230779	0.723967
2012-08-12 00:00:00	0	0	2.7821	0	-3.71825E-05	0	0	0	0	0	0	0	0	0	-2.2356	-0.294515	0.0772605	0	0	0.626109	0	0	0	0.131841	-0.0207033	1.06646
2012-08-13 00:00:00	-0.990993	0	3.06436	0	-2.75438E-06	0	0	0	0	0	0	0	0	0	-1.84212	-0.293981	0.0771233	0	0	0.569296	0	0	0	0.131544	-0.0190351	0.696187
2012-08-14 00:00:00	-0.2	0	2.83275	0	-3.16015E-05	0	0	0	0	0	0	0	0	0	-2.21881	-0.293428	0.0769805	0	0	0.507812	0	0	0	0.131175	-0.0181067	0.818338
2012-08-15 00:00:00	-15.3234	2.39891	3.20552	0	0.0213184	0	0.00456982	0	0	0	0	0	0	0	5.64337	-0.295666	0.0773934	0	0	0.818254	0	0	0	0.130902	-0.0174774	-3.33634
2012-08-16 00:00:00	-1.01801	-1.75014	2.9655	0	-0.00145431	0	0.00282846	0	0	0	0	0	0	0	-0.771681	-0.295553	0.0773666	0	0	0.937092	0	0	0	0.130916	-0.0251664	0.251698
2012-08-17 00:00:00	-4.44504	1.22883	3.06284	0	0.00212681	0	0.00273908	0	0	0	0	0	0	0	-0.426518	-0.295076	0.077272	0	0	0.929753	0	0	0	0.130513	-0.0253112	0.242132
2012-08-18 00:00:00	-0.590993	-1.57943	2.97906	0	-0.00254197	0	0.00196358	0	0	0	0	0	0	0	-0.97324	-0.294616	0.0771795	0	0	0.905459	0	0	0	0.130137	-0.0248007	0.628181
2012-08-19 00:00:00	-6.16397	2.0832	2.71625	0	0.0124323	0	0.00258919	0	0	0	0	0	0	0	0.257813	-0.294181	0.0770899	0	0	0.897692	0	0	0	0.129821	-0.0242101	-0.305471
2012-08-20 00:00:00	-5.55046	0.0559123	2.70844	0	0.00963958	0	0.00865701	0	0	0	0	0	0	0	1.40452	-0.294401	0.0771231	0	0	1.00194	0	0	0	0.129376	-0.0258808	-0.475142
2012-08-21 00:00:00	-3.77748	-0.00265947	2.79998	0	6.55154E-05	-0.00224305	0.00742685	0	0	0	0	0	0	0	0.0467634	-0.294297	0.0771061	0	0	1.06598	0	0	0	0.129144	-0.0272969	0.022493
2012-08-22 00:00:00	-3.4045	0.0201155	2.72291	0	-0.000195428	-0.00168302	0.00596764	0	0	0	0	0	0	0	-0.119104	-0.293994	0.0770548	0	0	1.07336	0	0	0	0.128801	-0.0274879	0.181241
2012-08-23 00:00:00	-1.97748	-0.648578	2.68429	0	-0.00208055	-7.69456E-05	0.00323058	0	0	0	0	0	0	0	-0.585122	-0.293577	0.0769857	0	0	1.05138	0	0	0	0.128444	-0.0272524	0.410165
2012-08-24 00:00:00	-0.2	-1.66733	2.62473	0	-0.00823275	0	0.00247888	0	0	0	0	0	0	0	-1.0171	-0.293045	0.0768892	0	0	1.00153	0	0	0	0.128101	-0.026699	0.621329
2012-08-25 00:00:00	-4.4	1.68451	2.53309	0	0.00566334	0	0.00257091	0	0	0	0	0	0	0	-0.565285	-0.292489	0.0767758	0	0	0.954482	0	0	0	0.127844	-0.0260245	0.101136
2012-08-26 00:00:00	-1.19099	-1.11057	2.41827	0	-0.00333243	0	0.00336854	0	0	0	0	0	0	0	-0.348832	-0.292165	0.0767066	0	0	0.938688	0	0	0	0.127326	-0.0255669	0.592901
2012-08-27 00:00:00	-5.17748	1.73816	2.57636	0	0.00790263	0	0.00433747	0	0	0	0	0	0	0	0.17155	-0.291691	0.0766129	0	0	0.934787	0	0	0	0.127038	-0.0252311	0.14234
2012-08-28 00:00:00	0	-2.19686	2.53923	0	-0.00792013	0	0.00220368	0	0	0	0	0	0	0	-0.89617	-0.291219	0.0765109	0	0	0.933801	0	0	0	0.126697	-0.025604	0.260675
2012-08-29 00:00:00	-6.70809	2.29862	2.3083	0	0.00885691	-0.00353235	0.00897806	0	0	0	0	0	0	0	1.14829	-0.291066	0.0764835	0	0	0.94631	0	0	0	0.126197	-0.0254221	-0.106072
2012-08-30 00:00:00	-8.61085	-0.0368143	2.02785	0	0.00848947	-0.0173789	0.0319192	0	0	0	0	0	0	0	3.40601	-0.291866	0.0766421	0	0	1.18124	0	0	0	0.126255	-0.0280361	-2.12655
2012-08-31 00:00:00	-2.39099	-0.0283059	2.20375	0	-0.00156089	-0.000926334	0.00517808	0	0	0	0	0	0	0	-0.549345	-0.291922	0.0766557	0	0	1.29404	0	0	0	0.126192	-0.030812	0.411953
2012-09-01 00:00:00	-0.0225179	-2.19999	2.53629	0	-0.00750275	-9.08369E-06	0.00323369	0	0	0	0	0	0	0	-0.817356	-0.291429	0.0765519	0	0	1.22077	0	0	0	0.125915	-0.0299588	0.593993
2012-09-02 00:00:00	-1.36847	-0.282949	2.49254	0	-0.00463876	0	0.00247486	0	0	0	0	0	0	0	-1.03851	-0.290849	0.0764162	0	0	1.11808	0	0	0	0.125674	-0.0288543	0.800906
2012-09-03 00:00:00	-1.01351	-0.00461601	2.43418	0	-0.016921	0	0.000675504	0	0	0	0	0	0	0	-1.31935	-0.290348	0.0762979	0	0	1.01551	0	0	0	0.125412	-0.0274154	0.979909
2012-09-04 00:00:00	-0.786489	0	2.263	0	-0.00489479	0	0.000575484	0	0	0	0	0	0	0	-1.57687	-0.289712	0.07609	0	0	0.902675	0	0	0	0.125145	-0.0260426	0.683484
2012-09-05 00:00:00	0	0	2.02385	0	-0.00990405	0	0	0	0	0	0	0	0	0	-0.974306	-0.289049	0.0759777	0	0	0.796362	0	0	0	0.124508	-0.0244585	1.72298
2012-09-06 00:00:00	-1.41351	0	2.17014	0	0.00147776	0	0.0015048	0	0	0	0	0	0	0	-1.40629	-0.288936	0.0759233	0	0	0.766894	0	0	0	0.124726	-0.021804	0.0101299
2012-09-07 00:00:00	-3.0045	0.572682	2.37728	0	0.000321553	0	0.00209527	0	0	0	0	0	0	0	0.000233203	-0.288485	0.0758325	0	0	0.761709	0	0	0	0.124244	-0.0213068	0.600099
2012-09-08 00:00:00	-0.00450358	-0.572682	2.23592	0	-0.00172287	0	0.000140092	0	0	0	0	0	0	0	-1.75273	-0.287977	0.075713	0	0	0.733172	0	0	0	0.124026	-0.021229	0.528127
2012-09-09 00:00:00	-3.2	0.760082	2.36516	0	0.0010849	0	0.00235597	0	0	0	0	0	0	0	-0.221741	-0.287471	0.0756015	0	0	0.717427	0	0	0	0.123679	-0.0204867	0.31569
2012-09-10 00:00:00	-11.7775	1.88843	2.06048	0	0.0381392	-0.00422206	0.0135966	0	0	0	0	0	0	0	4.47383	-0.28809	0.0757129	0	0	0.883522	0	0	0	0.123393	-0.0225887	-2.53528
2012-09-11 00:00:00	-0.404504	-1.20848	1.73515	0	-0.00580435	-0.000503223	0.00433657	0	0	0	0	0	0	0	-0.807632	-0.288372	0.0757741	0	0	1.081	0	0	0	0.123385	-0.0275755	0.276771
2012-09-12 00:00:00	-0.595496	-1.08923	1.81324	0	-0.00377559	0	0.00302285	0	0	0	0	0	0	0	-0.405668	-0.287917	0.0756783	0	0	1.04161	0	0	0	0.123046	-0.0271807	0.647333
2012-09-13 00:00:00	-1.02702	-0.253151	1.85593	0	-0.0031774	0	0.00200297	0	0	0	0	0	0	0	-0.787542	-0.287298	0.0755522	0	0	0.978185	0	0	0	0.122822	-0.0266149	0.649684
2012-09-14 00:00:00	-1	-0.076508	1.97127	0	-0.00647802	0	0.00168615	0	0	0	0	0	0	0	-0.602945	-0.286997	0.0754713	0	0	0.92862	0	0	0	0.122465	-0.0256336	1.10096
2012-09-15 00:00:00	0	-0.011949	1.88415	0	-0.00937514	0	0.000123759	0	0	0	0	0	0	0	-1.58272	-0.286507	0.0753577	0	0	0.842456	0	0	0	0.122319	-0.023795	1.01006
2012-09-16 00:00:00	-0.4	-0.00920306	1.81878	0	-0.00628419	0	0	0	0	0	0	0	0	0	-0.904536	-0.285717	0.075192	0	0	0.749353	0	0	0	0.122177	-0.022248	1.13752
2012-09-17 00:00:00	-5.05855	2.68643	1.68631	0	0.00865628	0	0.00344821	0	0	0	0	0	0	0	-0.141213	-0.285616	0.075169	0	0	0.755456	0	0	0	0.121921	-0.0210826	-0.16907
2012-09-18 00:00:00	-0.204504	-1.25052	1.58028	0	-0.00339731	0	0.00143308	0	0	0	0	0	0	0	-0.298648	-0.285122	0.0750897	0	0	0.780072	0	0	0	0.121587	-0.0214656	0.494811
2012-09-19 00:00:00	-1.01801	-0.418875	1.48659	0	-0.000940078	0	0.00129339	0	0	0	0	0	0	0	-0.156956	-0.284489	0.0749735	0	0	0.781817	0	0	0	0.121288	-0.0215308	0.565158
2012-09-20 00:00:00	-29.6135	1.75058	1.57166	0	0.0644127	-0.0581347	0.151569	0	0	0	0	0	0	0	13.8826	-0.287626	0.0756159	0	0	1.40193	0	0	0	0.121688	-0.0299647	-10.9692
2012-09-21 00:00:00	-0.790993	-0.556125	1.38209	0	-0.00767774	-0.00106916	0.00815904	0	0	0	0	0	0	0	-1.22753	-0.289775	0.0761147	0	0	2.04009	0	0	0	0.122438	-0.0411105	0.714602
2012-09-22 00:00:00	-0.00450358	-1.3831	1.55172	0	-0.00485492	0	0.00329069	0	0	0	0	0	0	0	-0.718548	-0.289248	0.076013	0	0	1.84067	0	0	0	0.122207	-0.0392021	1.15444
2012-09-23 00:00:00	-0.00450358	-0.769384	1.42498	0	-0.00501523	0	0.00258824	0	0	0	0	0	0	0	-0.916296	-0.288743	0.0758958	0	0	1.64912	0	0	0	0.122049	-0.0371662	1.25352
2012-09-24 00:00:00	-17.1234	2.69059	1.3418	0	0.0174059	-0.0314579	0.0892193	0	0	0	0	0	0	0	7.11708	-0.290071	0.0761309	0	0	1.85119	0	0	0	0.122312	-0.037306	-4.17655
2012-09-25 00:00:00	-25.8747	0.0223915	1.5526	0	-0.000858163	-0.0630899	0.184918	0	0	0	0	0	0	0	12.748	-0.29436	0.07714	0	0	2.80478	0	0	0	0.123857	-0.0475621	-8.76688
2012-09-26 00:00:00	-9.63685	-0.000991705	1.56006	0	-0.00284729	-0.0206491	0.0639147	0	0	0	0	0	0	0	3.41014	-0.297694	0.0782118	0	0	3.50362	0	0	0	0.12514	-0.0549876	-1.27293
2012-09-27 00:00:00	-7.25138	-0.0354395	1.51727	0	-9.57698E-05	-0.0156276	0.0475227	0	0	0	0	0	0	0	2.3564	-0.298963	0.0786054	0	0	3.50365	0	0	0	0.125682	-0.0551607	-0.0275253
2012-09-28 00:00:00	-1.64504	-0.0109672	1.50002	0	-0.00260606	-0.000682389	0.00612527	0	0	0	0	0	0	0	-0.905816	-0.298968	0.0786227	0	0	3.1968	0	0	0	0.125944	-0.0534613	1.98997
2012-09-29 00:00:00	-0.795496	-0.641424	1.48159	0	-0.00170309	-3.29467E-05	0.00357275	0	0	0	0	0	0	0	-0.832771	-0.298574	0.0785108	0	0	2.79983	0	0	0	0.125899	-0.0497839	1.86962
2012-09-30 00:00:00	-3.61167	0.659896	1.57784	0	0.00280979	-0.00282673	0.00842041	0	0	0	0	0	0	0	0.0664601	-0.298265	0.0784755	0	0	2.51542	0	0	0	0.125861	-0.0464514	1.07597
2012-10-01 00:00:00	-1.59099	-0.0470475	1.46925	0	-0.00109292	-0.000648322	0.00477001	0	0	0	0	0	0	0	-0.892905	-0.298154	0.0784001	0	0	2.27065	0	0	0	0.12586	-0.0442453	1.07385
2012-10-02 00:00:00	-1.27206	-0.164013	1.35475	0	-8.06478E-05	-8.26016E-05	0.00356456	0	0	0	0	0	0	0	-0.473431	-0.297654	0.0782938	0	0	2.04361	0	0	0	0.125606	-0.041745	1.35676
2012-10-03 00:00:00	-0.91259	-0.325322	1.17458	0	-0.00145226	0	0.0032003	0	0	0	0	0	0	0	-0.61425	-0.297249	0.0782305	0	0	1.8614	0	0	0	0.125499	-0.039303	1.05275
2012-10-04 00:00:00	-0.809007	-0.291807	1.13419	0	-0.00106886	0	0.0032021	0	0	0	0	0	0	0	-0.658869	-0.296809	0.0781444	0	0	1.69819	0	0	0	0.12527	-0.0372272	0.944202
2012-10-05 00:00:00	-0.649539	-0.472502	1.14614	0	-0.00168422	0	0.00330189	0	0	0	0	0	0	0	-0.5484	-0.296317	0.0780402	0	0	1.55079	0	0	0	0.125046	-0.0355291	0.899344
2012-10-06 00:00:00	-0.781986	-0.364485	1.18591	0	-0.00124085	0	0.00313559	0	0	0	0	0	0	0	-0.54807	-0.295869	0.0779485	0	0	1.43809	0	0	0	0.12484	-0.0336007	0.804677
2012-10-07 00:00:00	-13.2983	1.61741	1.25018	0	0.0106692	-0.0269092	0.07434	0	0	0	0	0	0	0	5.62005	-0.296763	0.0784122	0	0	1.64847	0	0	0	0.124863	-0.034574	-3.23211
2012-10-08 00:00:00	-0.00450358	-1.06427	1.18419	0	-0.00796432	-0.000612558	0.00675444	0	0	0	0	0	0	0	-1.12762	-0.297148	0.0784908	0	0	1.82397	0	0	0	0.125124	-0.0387424	0.677669
2012-10-09 00:00:00	0	-0.908561	1.03788	0	-0.00356789	0	0.00303779	0	0	0	0	0	0	0	-0.627726	-0.296648	0.0783788	0	0	1.6567	0	0	0	0.124834	-0.0372342	1.02709
2012-10-10 00:00:00	-0.00450358	-0.671942	1.2333	0	-0.00402275	0	0.00335374	0	0	0	0	0	0	0	-1.00239	-0.296098	0.0782541	0	0	1.49249	0	0	0	0.124668	-0.0355201	0.917587
2012-10-11 00:00:00	-8.83869	2.70342	1.17949	0	0.0137356	-0.00975983	0.0283186	0	0	0	0	0	0	0	2.53497	-0.296252	0.0783164	0	0	1.49768	0	0	0	0.12447	-0.0340214	-1.01832
2012-10-12 00:00:00	-28.8694	0.00541036	1.0036	0	0.00597907	-0.0775837	0.212875	0	0	0	0	0	0	0	15.6347	-0.301056	0.0794068	0	0	2.58496	0	0	0	0.125549	-0.0428089	-9.63834
2012-10-13 00:00:00	-0.618014	-0.384162	1.01884	0	-0.00997186	-0.00437325	0.00994707	0	0	0	0	0	0	0	-1.04615	-0.303385	0.080017	0	0	3.12026	0	0	0	0.126667	-0.0530936	1.93657
2012-10-14 00:00:00	-2.07206	0.390505	0.977173	0	0.00130086	-0.00198409	0.0089178	0	0	0	0	0	0	0	-0.711358	-0.303125	0.0799629	0	0	2.78415	0	0	0	0.126524	-0.0495931	1.23042
2012-10-15 00:00:00	-1.56848	-0.0236571	0.771945	0	-4.0658E-05	-0.0022251	0.00894436	0	0	0	0	0	0	0	-0.25185	-0.303092	0.0798956	0	0	2.49983	0	0	0	0.126469	-0.046971	1.29077
2012-10-16 00:00:00	-16.9415	0.0279477	0.823218	0	0.00422173	-0.0491126	0.126056	0	0	0	0	0	0	0	8.65868	-0.30558	0.0803815	0	0	2.88053	0	0	0	0.127073	-0.0480168	-4.61606
2012-10-17 00:00:00	-22.2495	-0.00352268	0.814414	0	0.0138487	-0.0696206	0.169728	0	0	0	0	0	0	0	11.8432	-0.311645	0.0819407	0	0	4.2745	0	0	0	0.128437	-0.0584352	-5.36674
2012-10-18 00:00:00	-5.2	0.00055877	0.852206	0	-0.0107879	-0.0182982	0.0430772	0	0	0	0	0	0	0	1.50068	-0.315171	0.0827136	0	0	4.9822	0	0	0	0.129183	-0.0679255	1.97844
2012-10-19 00:00:00	-1.78649	-0.0067558	0.983684	0	-0.00729135	-0.00369872	0.0113176	0	0	0	0	0	0	0	-0.58566	-0.316462	0.0824903	0	0	4.3825	0	0	0	0.129602	-0.0645298	2.8187
2012-10-20 00:00:00	-1.79099	0.012527	0.874723	0	-9.52971E-05	-0.00279064	0.01099	0	0	0	0	0	0	0	-0.0170213	-0.316517	0.0823343	0	0	3.72167	0	0	0	0.129626	-0.060691	2.64377
2012-10-21 00:00:00	0	-1.00161	1.09631	0	-0.00332988	-9.26604E-05	0.00340318	0	0	0	0	0	0	0	-1.09844	-0.316382	0.0823177	0	0	3.38883	0	0	0	0.129894	-0.055531	2.22537
2012-10-22 00:00:00	-0.209007	-0.468538	0.733753	0	-0.00171403	0	0.00484477	0	0	0	0	0	0	0	-0.80917	-0.316326	0.0821981	0	0	2.97653	0	0	0	0.129845	-0.0514031	2.07101
2012-10-23 00:00:00	-0.213511	-0.545089	0.824486	0	-0.00192908	0	0.00388817	0	0	0	0	0	0	0	-0.975615	-0.315683	0.0820604	0	0	2.61047	0	0	0	0.129822	-0.0478425	1.55106
2012-10-24 00:00:00	-0.204504	-0.456325	0.776526	0	-0.00173625	0	0.00377425	0	0	0	0	0	0	0	-0.915873	-0.315063	0.0819413	0	0	2.31252	0	0	0	0.129743	-0.0446286	1.36638
2012-10-25 00:00:00	-1.1955	0.424633	0.741901	0	0.000753242	0	0.00366165	0	0	0	0	0	0	0	-0.7276	-0.314471	0.0817747	0	0	2.0644	0	0	0	0.129632	-0.0417915	1.16739
2012-10-26 00:00:00	-0.222518	-0.337163	0.611617	0	-0.000883262	0	0.00304852	0	0	0	0	0	0	0	-0.659611	-0.31391	0.0816748	0	0	1.85908	0	0	0	0.129472	-0.0395315	1.11128
2012-10-27 00:00:00	-4.81801	2.32498	0.602342	0	0.00997073	-0.00316513	0.0115843	0	0	0	0	0	0	0	0.461704	-0.313647	0.0816452	0	0	1.7536	0	0	0	0.129255	-0.0374333	0.202825
2012-10-28 00:00:00	-4.22702	-0.0110636	0.769982	0	-6.3554E-05	-0.00907647	0.0290658	0	0	0	0	0	0	0	1.15992	-0.314008	0.0817176	0	0	1.81814	0	0	0	0.129264	-0.0378909	-0.611034
2012-10-29 00:00:00	-0.395496	-0.238152	0.6263	0	-0.00128807	-0.000302928	0.00462659	0	0	0	0	0	0	0	-0.788569	-0.313644	0.0817466	0	0	1.75067	0	0	0	0.129156	-0.0380773	0.816969
2012-10-30 00:00:00	-1.2	0.208434	0.671454	0	0.000803222	-0.000714961	0.00479411	0	0	0	0	0	0	0	-0.510002	-0.313208	0.0816311	0	0	1.60193	0	0	0	0.12905	-0.0366307	0.63754
2012-10-31 00:00:00	-13.973	-0.000492704	0.660687	0	0.00373428	-0.0363917	0.102772	0	0	0	0	0	0	0	7.14117	-0.314895	0.0820086	0	0	1.99562	0	0	0	0.129213	-0.0388977	-4.24845
2012-11-01 00:00:00	-3.01801	-0.0170662	0.544664	0	-0.00304669	-0.0094867	0.0246267	0	0	0	0	0	0	0	0.307755	-0.316302	0.0825255	0	0	2.34447	0	0	0	0.129672	-0.0441043	0.0256905
2012-11-02 00:00:00	-4.16397	0.0024308	0.566331	0	1.84919E-05	-0.0117381	0.0328935	0	0	0	0	0	0	0	1.10879	-0.316715	0.0826793	0	0	2.33157	0	0	0	0.129708	-0.0438784	-0.281885
2012-11-03 00:00:00	-1.0045	-0.0152012	0.478298	0	-0.00137099	-0.00232962	0.0083689	0	0	0	0	0	0	0	-0.380248	-0.31659	0.0826646	0	0	2.20555	0	0	0	0.129728	-0.0433698	1.141
2012-11-04 00:00:00	-0.395496	-0.0884433	0.482242	0	-0.000556879	-0.000111817	0.00425654	0	0	0	0	0	0	0	-0.788453	-0.316515	0.082714	0	0	1.99994	0	0	0	0.129652	-0.0411774	1.06805
2012-11-05 00:00:00	-0.00450358	-0.43715	0.481769	0	-0.00101283	0	0.00434881	0	0	0	0	0	0	0	-0.918664	-0.316109	0.0826009	0	0	1.81534	0	0	0	0.129504	-0.0388346	0.797286
2012-11-06 00:00:00	-3.38649	0.50983	0.612068	0	0.00244113	-0.00550736	0.0191144	0	0	0	0	0	0	0	0.772599	-0.315997	0.0825883	0	0	1.73128	0	0	0	0.12937	-0.0373927	0.113908
2012-11-07 00:00:00	-2.61801	-0.0100932	0.581789	0	-0.000280285	-0.00569654	0.0190815	0	0	0	0	0	0	0	0.43317	-0.316295	0.0826794	0	0	1.74857	0	0	0	0.129348	-0.0374641	0.00679811
2012-11-08 00:00:00	-0.195496	-0.383756	0.601086	0	-0.00179854	-0.000283227	0.00274976	0	0	0	0	0	0	0	-0.490267	-0.316709	0.0825733	0	0	1.65431	0	0	0	0.129258	-0.0369577	1.04471
2012-11-09 00:00:00	-2.22702	0.367788	0.592196	0	0.00164741	-0.00295574	0.0134993	0	0	0	0	0	0	0	-0.123716	-0.316966	0.0825334	0	0	1.57849	0	0	0	0.12901	-0.0354741	0.0590287
2012-11-10 00:00:00	-0.790993	-0.0189051	0.484888	0	-0.000657992	-0.000979115	0.00603881	0	0	0	0	0	0	0	-0.742475	-0.316632	0.0828241	0	0	1.51245	0	0	0	0.128922	-0.0349429	0.309533
2012-11-11 00:00:00	-0.0765609	-0.405585	0.446258	0	-0.0011235	-1.58983E-05	0.00363312	0	0	0	0	0	0	0	-0.375923	-0.315877	0.0829746	0	0	1.40896	0	0	0	0.128653	-0.0337584	0.86164
2012-11-12 00:00:00	-3.18199	0.397998	0.601293	0	0.002202	-0.00535353	0.018759	0	0	0	0	0	0	0	0.602287	-0.31587	0.0829885	0	0	1.4098	0	0	0	0.128587	-0.0321389	-0.291429
2012-11-13 00:00:00	-9.5955	-0.00966075	0.61647	0	0.00180978	-0.0270213	0.0717185	0	0	0	0	0	0	0	4.49884	-0.317219	0.0833566	0	0	1.71539	0	0	0	0.12868	-0.0356586	-2.8688
2012-11-14 00:00:00	-17.3505	-0.00698945	0.557945	0	0.00192968	-0.0534492	0.133396	0	0	0	0	0	0	0	8.99922	-0.321279	0.08404	0	0	2.62137	0	0	0	0.129406	-0.0431673	-5.24804
2012-11-15 00:00:00	-0.795496	-0.0108309	0.500576	0	-0.00477276	-0.00535139	0.0114309	0	0	0	0	0	0	0	-1.07026	-0.322857	0.0841577	0	0	2.83922	0	0	0	0.130062	-0.0502324	1.30564
2012-11-16 00:00:00	0	-0.458557	0.490429	0	-0.00103911	-0.000534156	0.00451263	0	0	0	0	0	0	0	-0.75353	-0.32314	0.0838883	0	0	2.45753	0	0	0	0.129868	-0.0486294	1.5808
2012-11-17 00:00:00	-2.63153	0.439811	0.437548	0	0.00198607	-0.0046674	0.0154734	0	0	0	0	0	0	0	-0.0165476	-0.323143	0.0838826	0	0	2.31146	0	0	0	0.130019	-0.0447894	0.399512
2012-11-18 00:00:00	-0.00900716	-0.373774	0.405528	0	-0.00201366	-0.00034096	0.00408949	0	0	0	0	0	0	0	-0.662341	-0.322877	0.0838293	0	0	2.13406	0	0	0	0.129958	-0.0427219	1.34439
2012-11-19 00:00:00	-3.18199	0.352257	0.480108	0	0.00237056	-0.00631326	0.0207295	0	0	0	0	0	0	0	0.612294	-0.322815	0.083879	0	0	2.01872	0	0	0	0.129966	-0.0407267	0.148486
2012-11-20 00:00:00	-0.786489	-0.0177981	0.513387	0	-0.00137766	-0.00119672	0.00638733	0	0	0	0	0	0	0	-0.67502	-0.32265	0.0838803	0	0	1.91198	0	0	0	0.129989	-0.039938	0.801156
2012-11-21 00:00:00	0	-0.390081	0.414768	0	-0.000792713	-3.78897E-05	0.00445086	0	0	0	0	0	0	0	-0.821941	-0.322259	0.083792	0	0	1.74646	0	0	0	0.129848	-0.038136	0.80607
2012-11-22 00:00:00	-22.2135	0.38871	0.440471	0	0.00624704	-0.0654118	0.165188	0	0	0	0	0	0	0	11.85	-0.325447	0.0845307	0	0	2.47189	0	0	0	0.130431	-0.0423896	-7.10928
2012-11-23 00:00:00	-1.8	-0.0187583	0.399367	0	-0.00439038	-0.00884414	0.0189357	0	0	0	0	0	0	0	-0.43765	-0.328061	0.0852006	0	0	3.00722	0	0	0	0.131347	-0.0517484	0.992614
2012-11-24 00:00:00	-0.404504	-0.0143949	0.3031	0	-0.00087418	-0.00159464	0.00665669	0	0	0	0	0	0	0	-1.11247	-0.328201	0.0854327	0	0	2.59994	0	0	0	0.131305	-0.0501084	1.21429
2012-11-25 00:00:00	-11.3685	-0.00213836	0.357744	0	0.00504213	-0.0344695	0.0867892	0	0	0	0	0	0	0	5.98206	-0.329916	0.0859366	0	0	2.91419	0	0	0	0.13171	-0.0489317	-2.22047
2012-11-26 00:00:00	-10.2	-0.00205028	0.251669	0	-0.00192827	-0.0345456	0.0843695	0	0	0	0	0	0	0	4.63412	-0.333495	0.0867577	0	0	3.46095	0	0	0	0.132458	-0.053601	-1.97529
2012-11-27 00:00:00	-0.2	-0.200401	0.39195	0	-0.00344601	-0.00313171	0.0072152	0	0	0	0	0	0	0	-0.795217	-0.335528	0.0870414	0	0	3.2263	0	0	0	0.132813	-0.0566852	2.25091
2012-11-28 00:00:00	-0.2	-0.166641	0.387472	0	-0.000669505	-0.0010824	0.00403164	0	0	0	0	0	0	0	-1.15138	-0.335621	0.0870274	0	0	2.93168	0	0	0	0.133019	-0.051467	1.63637
2012-11-29 00:00:00	0	-0.338589	0.380151	0	-0.00129276	-0.000672477	0.00411402	0	0	0	0	0	0	0	-0.796786	-0.335546	0.0868548	0	0	2.58825	0	0	0	0.133005	-0.0479893	1.6715
2012-11-30 00:00:00	-0.195496	-0.0660916	0.269594	0	-0.000295853	-0.000580261	0.0053826	0	0	0	0	0	0	0	-1.03186	-0.335475	0.0866525	0	0	2.32977	0	0	0	0.133039	-0.0444354	1.1502
2012-12-01 00:00:00	-1.18649	0.708982	0.206626	0	0.00291723	-0.000500098	0.00434783	0	0	0	0	0	0	0	-0.593626	-0.335103	0.0865384	0	0	2.08885	0	0	0	0.133023	-0.0416548	1.07391
2012-12-02 00:00:00	-0.0315251	-0.158919	0.176767	0	-0.000692832	-0.000525127	0.0045446	0	0	0	0	0	0	0	-0.832039	-0.334732	0.0864501	0	0	1.88579	0	0	0	0.132999	-0.0395403	0.888574
2012-12-03 00:00:00	-9.44238	0.155785	0.301913	0	0.00345348	-0.0285559	0.0725433	0	0	0	0	0	0	0	4.3394	-0.335666	0.0866133	0	0	2.06469	0	0	0	0.133203	-0.040477	-2.68948
2012-12-04 00:00:00	-0.195496	-0.0427803	0.23801	0	-0.00335447	-0.00227577	0.00535065	0	0	0	0	0	0	0	-0.967356	-0.336645	0.0867024	0	0	2.18497	0	0	0	0.133442	-0.0434023	1.05717
2012-12-05 00:00:00	-0.395496	0.0200064	0.181973	0	4.30737E-05	-0.001592	0.00696742	0	0	0	0	0	0	0	-0.733124	-0.336478	0.0866281	0	0	1.99816	0	0	0	0.133326	-0.0409831	0.919433
2012-12-06 00:00:00	-6.2739	-0.00376225	0.234474	0	0.00230582	-0.0194953	0.0508378	0	0	0	0	0	0	0	2.56691	-0.337034	0.0867069	0	0	2.05536	0	0	0	0.133503	-0.0407989	-1.5449
2012-12-07 00:00:00	-3.54145	-0.00869421	0.262318	0	-0.000813665	-0.0120868	0.0309053	0	0	0	0	0	0	0	1.15344	-0.338542	0.087056	0	0	2.2166	0	0	0	0.133752	-0.042977	-0.0604963
2012-12-08 00:00:00	-0.809007	-0.0122322	0.297963	0	-0.00118002	-0.00307536	0.00878709	0	0	0	0	0	0	0	-0.728458	-0.338898	0.0873422	0	0	2.12446	0	0	0	0.133835	-0.0425489	0.716984
2012-12-09 00:00:00	-1.23153	-0.00795284	0.292979	0	0.000136934	-0.00345307	0.0111019	0	0	0	0	0	0	0	-0.0736089	-0.339155	0.0873138	0	0	1.96235	0	0	0	0.133793	-0.0408037	0.791173
2012-12-10 00:00:00	0	-0.214802	0.217568	0	-0.000803414	-0.000697634	0.00398563	0	0	0	0	0	0	0	-0.777071	-0.338848	0.0872785	0	0	1.81998	0	0	0	0.133729	-0.0395863	0.89073
2012-12-11 00:00:00	-0.2	0.0433001	0.1567	0	-8.81408E-06	-0.000371637	0.00430992	0	0	0	0	0	0	0	-0.840342	-0.338504	0.0872006	0	0	1.67884	0	0	0	0.133693	-0.0370944	0.687725
2012-12-12 00:00:00	0	-0.188821	0.207603	0	-0.000148737	-0.000261654	0.00367401	0	0	0	0	0	0	0	-0.774567	-0.338091	0.0871069	0	0	1.54893	0	0	0	0.133551	-0.0355271	0.643447
2012-12-13 00:00:00	0	-0.196758	0.221251	0	-0.00117965	-0.000243588	0.00389976	0	0	0	0	0	0	0	-0.651598	-0.337693	0.0870187	0	0	1.44725	0	0	0	0.133455	-0.0341543	0.671243
2012-12-14 00:00:00	-25.8649	0.51065	0.255001	0	0.00895014	-0.0785619	0.19469	0	0	0	0	0	0	0	13.7376	-0.34141	0.0878532	0	0	2.32422	0	0	0	0.134128	-0.0410722	-9.07283
2012-12-15 00:00:00	-2.02702	-0.00912102	0.29278	0	-0.0061682	-0.0111776	0.0239797	0	0	0	0	0	0	0	-0.658148	-0.345109	0.0885556	0	0	3.10042	0	0	0	0.135153	-0.0525931	0.531549
2012-12-16 00:00:00	-0.2	-0.0983112	0.285649	0	-0.000612977	-0.00221573	0.00594685	0	0	0	0	0	0	0	-0.943818	-0.345143	0.0884763	0	0	2.77649	0	0	0	0.13514	-0.0510495	1.65055
2012-12-17 00:00:00	-0.395496	0.073226	0.267936	0	-0.000576074	-0.000843491	0.00415329	0	0	0	0	0	0	0	-0.703537	-0.344663	0.0883681	0	0	2.4706	0	0	0	0.135303	-0.0474376	1.54703
2012-12-18 00:00:00	-2.5955	-0.00347654	0.276618	0	0.0012236	-0.00762992	0.0219326	0	0	0	0	0	0	0	0.459166	-0.344582	0.0885174	0	0	2.32631	0	0	0	0.135417	-0.0444557	0.313544
2012-12-19 00:00:00	-6.94145	-0.0074638	0.220088	0	0.00133829	-0.0220709	0.0562769	0	0	0	0	0	0	0	3.07503	-0.345807	0.0888469	0	0	2.46751	0	0	0	0.13572	-0.0448639	-1.31685
2012-12-20 00:00:00	-33.9208	-0.0104447	0.211197	0	0.0344681	-0.124625	0.270416	0	0	0	0	0	0	0	17.8755	-0.353702	0.0904414	0	0	4.4768	0	0	0	0.13689	-0.0576478	-11.3715
2012-12-21 00:00:00	-10.2289	-0.00693514	0.179531	0	-0.0327635	-0.0527131	0.0968824	0	0	0	0	0	0	0	4.0839	-0.360985	0.0919989	0	0	6.60959	0	0	0	0.138442	-0.0790541	0.439029
2012-12-22 00:00:00	-10.0991	-0.0114714	0.292906	0	0.00994171	-0.0434155	0.0855443	0	0	0	0	0	0	0	4.22842	-0.366146	0.0931961	0	0	6.81648	0	0	0	0.139774	-0.0811202	1.06503
2012-12-23 00:00:00	-10.1081	-0.00963614	0.316562	0	-0.00309046	-0.0410994	0.0847493	0	0	0	0	0	0	0	3.61861	-0.371346	0.0940481	0	0	6.78675	0	0	0	0.141711	-0.0807326	0.428444
2012-12-24 00:00:00	-4.40901	-0.0128388	0.287209	0	-0.0043381	-0.0198982	0.0396813	0	0	0	0	0	0	0	0.93487	-0.37335	0.0956027	0	0	6.35019	0	0	0	0.142756	-0.0791316	2.95175
2012-12-25 00:00:00	-4.30993	-0.0055583	0.26042	0	-0.00449665	-0.0184936	0.0395646	0	0	0	0	0	0	0	0.684211	-0.373374	0.0962556	0	0	5.80904	0	0	0	0.144052	-0.0743517	2.24734
2012-12-26 00:00:00	-3.64954	-0.00677252	0.265354	0	-0.000687768	-0.0147755	0.0326928	0	0	0	0	0	0	0	0.330106	-0.373718	0.0962473	0	0	5.30086	0	0	0	0.145112	-0.070778	2.0541
2012-12-27 00:00:00	-5.44954	-0.00794819	0.219549	0	0.000841611	-0.0200621	0.0452722	0	0	0	0	0	0	0	1.5507	-0.376188	0.096299	0	0	4.94123	0	0	0	0.14582	-0.0682602	1.07771
2012-12-28 00:00:00	-13.3163	-0.0078186	0.308357	0	0.00175284	-0.0521865	0.110394	0	0	0	0	0	0	0	5.99604	-0.381072	0.0970522	0	0	5.29599	0	0	0	0.147478	-0.0695705	-1.86986
2012-12-29 00:00:00	-2.24053	-0.0103827	0.293175	0	-0.00307195	-0.0142318	0.0245678	0	0	0	0	0	0	0	-0.260037	-0.382281	0.0972145	0	0	5.15102	0	0	0	0.152111	-0.0709519	2.7366
2012-12-30 00:00:00	-5.4045	-0.0133275	0.26571	0	0.00192047	-0.0204793	0.0444731	0	0	0	0	0	0	0	1.31919	-0.383268	0.0976621	0	0	4.81264	0	0	0	0.153264	-0.067474	0.805812
2012-12-31 00:00:00	-5.62252	-0.00757335	0.324063	0	-0.000296145	-0.0222408	0.0474638	0	0	0	0	0	0	0	1.26262	-0.386145	0.0985759	0	0	4.65771	0	0	0	0.154384	-0.0654221	0.440612
2013-01-01 00:00:00	-0.6	-0.00399422	0.302789	0	-0.00236775	-0.00428009	0.00952776	0	0	0	0	0	0	0	-0.762332	-0.387363	0.0985041	0	0	4.12661	0	0	0	0.154909	-0.0642031	2.86779
2013-01-02 00:00:00	-5.99099	-0.0102491	0.252213	0	0.00193587	-0.0218503	0.0491576	0	0	0	0	0	0	0	1.54786	-0.389147	0.0987349	0	0	4.03723	0	0	0	0.155819	-0.0609893	-0.330281
2013-01-03 00:00:00	-0.213511	-0.0704902	0.270965	0	-0.00237914	-0.00269214	0.00505667	0	0	0	0	0	0	0	-1.01057	-0.390429	0.0987854	0	0	3.71367	0	0	0	0.156494	-0.05921	2.49569
2013-01-04 00:00:00	0	-0.269723	0.291192	0	-0.000682303	-0.00122498	0.00579071	0	0	0	0	0	0	0	-1.25864	-0.390754	0.0986997	0	0	3.26585	0	0	0	0.15675	-0.0545109	1.84274
2013-01-05 00:00:00	-1.99099	0.313885	0.276404	0	0.00164807	-0.00471975	0.0143766	0	0	0	0	0	0	0	-0.0635291	-0.391004	0.0983375	0	0	2.89365	0	0	0	0.156908	-0.0512152	1.25375
2013-01-06 00:00:00	-0.395496	-0.0147883	0.281561	0	-0.000900223	-0.001376	0.00508529	0	0	0	0	0	0	0	-0.79123	-0.391016	0.0980915	0	0	2.66008	0	0	0	0.157101	-0.048562	1.55855
2013-01-07 00:00:00	-6.61351	-0.00157375	0.296714	0	0.00248602	-0.0214686	0.0526746	0	0	0	0	0	0	0	2.12473	-0.391907	0.098151	0	0	2.68882	0	0	0	0.157305	-0.0477156	-1.65529
2013-01-08 00:00:00	-4.36397	-0.0126963	0.34685	0	-0.000375856	-0.0173224	0.0369444	0	0	0	0	0	0	0	0.849791	-0.394442	0.0982473	0	0	2.88006	0	0	0	0.157567	-0.0496966	-0.469047
2013-01-09 00:00:00	0	-0.318451	0.336212	0	-0.00265873	-0.00167654	0.00240086	0	0	0	0	0	0	0	0.038871	-0.396086	0.0980463	0	0	2.57346	0	0	0	0.157545	-0.0501639	2.43749
2013-01-10 00:00:00	-0.990993	0.30276	0.346492	0	0.00113376	-0.0026641	0.0104074	0	0	0	0	0	0	0	-1.47959	-0.396391	0.0979715	0	0	2.4482	0	0	0	0.157681	-0.0460092	0.448999
2013-01-11 00:00:00	-0.00450358	-0.341317	0.366884	0	-0.00130448	-0.000907622	0.00385097	0	0	0	0	0	0	0	-0.736241	-0.396111	0.0978057	0	0	2.18537	0	0	0	0.157644	-0.0436419	1.28753
2013-01-12 00:00:00	-0.195496	-0.118816	0.331232	0	-0.000531023	-0.000715166	0.00444833	0	0	0	0	0	0	0	-0.803582	-0.396219	0.0976993	0	0	1.989	0	0	0	0.15756	-0.0409352	1.02364
2013-01-13 00:00:00	-0.6	0.344385	0.239849	0	0.00035209	-0.000616646	0.00369083	0	0	0	0	0	0	0	-0.60022	-0.395746	0.0976403	0	0	1.83053	0	0	0	0.157406	-0.0386719	1.0386
2013-01-14 00:00:00	-4.14596	0.081405	0.252502	0	0.00252511	-0.012151	0.0330438	0	0	0	0	0	0	0	1.17471	-0.39584	0.0977488	0	0	1.84413	0	0	0	0.157292	-0.0383245	-0.948914
2013-01-15 00:00:00	-0.390993	-0.0137766	0.211136	0	-0.00160312	-0.00227841	0.00683818	0	0	0	0	0	0	0	-0.810163	-0.395762	0.0978517	0	0	1.87456	0	0	0	0.157122	-0.0390299	0.693901
2013-01-16 00:00:00	0	-0.207144	0.210428	0	-0.000214604	-0.000685032	0.00393224	0	0	0	0	0	0	0	-0.725657	-0.395075	0.0977335	0	0	1.7215	0	0	0	0.156951	-0.0376832	0.824082
2013-01-17 00:00:00	0	-0.286532	0.324509	0	-0.00115626	-0.000660305	0.00391064	0	0	0	0	0	0	0	-0.699333	-0.394904	0.0976015	0	0	1.60933	0	0	0	0.156626	-0.0360614	0.773333
2013-01-18 00:00:00	0	-0.342871	0.388409	0	-0.00134821	-0.000589287	0.00394739	0	0	0	0	0	0	0	-0.552328	-0.395258	0.0974446	0	0	1.49165	0	0	0	0.156354	-0.0349394	0.81047
2013-01-19 00:00:00	-0.00450358	-0.292183	0.336172	0	-0.00116181	-0.000576234	0.00378181	0	0	0	0	0	0	0	-0.668045	-0.395446	0.0972885	0	0	1.42267	0	0	0	0.156026	-0.0333622	0.620665
2013-01-20 00:00:00	0	-0.298263	0.343146	0	-0.00190466	-0.000626682	0.00389215	0	0	0	0	0	0	0	-0.61809	-0.395773	0.0970602	0	0	1.35382	0	0	0	0.155656	-0.0318757	0.60704
2013-01-21 00:00:00	-0.00450358	-0.145841	0.363442	0	-0.00406284	-0.00053806	0.0027534	0	0	0	0	0	0	0	-0.617706	-0.395335	0.0969535	0	0	1.30104	0	0	0	0.15521	-0.0307464	0.720668
2013-01-22 00:00:00	-0.00450359	-0.144132	0.35886	0	-0.00393886	-0.00061759	0.00386316	0	0	0	0	0	0	0	-0.760556	-0.394623	0.0968171	0	0	1.24384	0	0	0	0.154759	-0.0300782	0.51969
2013-01-23 00:00:00	-0.00450358	-0.127159	0.316644	0	-0.00348867	-0.00046437	0.00306897	0	0	0	0	0	0	0	-0.608573	-0.39486	0.0966618	0	0	1.19219	0	0	0	0.154395	-0.0292071	0.594707
2013-01-24 00:00:00	0	-0.117897	0.330056	0	-0.00329275	-0.000490513	0.00300281	0	0	0	0	0	0	0	-0.747834	-0.394332	0.0965289	0	0	1.15642	0	0	0	0.153829	-0.0287376	0.447251
2013-01-25 00:00:00	-0.00450358	-0.00183073	0.407395	0	-0.00663457	-0.000535528	0.00319271	0	0	0	0	0	0	0	-0.719823	-0.393564	0.0963679	0	0	1.11433	0	0	0	0.153312	-0.0283405	0.619361
2013-01-26 00:00:00	-7.47922	1.88743	0.358122	0	0.0298762	-0.00869456	0.0283659	0	0	0	0	0	0	0	2.52512	-0.393552	0.096444	0	0	1.21748	0	0	0	0.152929	-0.0286898	-1.61438
2013-01-27 00:00:00	-18.6712	-0.00808802	0.343304	0	0.00439406	-0.0622702	0.146835	0	0	0	0	0	0	0	8.31623	-0.396473	0.0971435	0	0	2.14357	0	0	0	0.153106	-0.0384037	-7.97189
2013-01-28 00:00:00	-2.83153	-0.00647267	0.290727	0	-0.00535495	-0.0172528	0.0300068	0	0	0	0	0	0	0	-0.320719	-0.398087	0.0975235	0	0	2.76799	0	0	0	0.153296	-0.0485153	-0.288384
2013-01-29 00:00:00	-2.57748	-0.0134498	0.434188	0	-7.24993E-05	-0.0104431	0.0220684	0	0	0	0	0	0	0	0.17772	-0.397987	0.0975234	0	0	2.67464	0	0	0	0.153103	-0.0484341	0.511373
2013-01-30 00:00:00	-4.30624	0.00421393	0.436793	0	6.24221E-05	-0.0146629	0.0335408	0	0	0	0	0	0	0	0.883041	-0.39811	0.0976423	0	0	2.66253	0	0	0	0.153026	-0.0476074	-0.495777
2013-01-31 00:00:00	-2.9828	-0.0094502	0.455882	0	-0.000448902	-0.00952864	0.0215166	0	0	0	0	0	0	0	0.29187	-0.398309	0.0978583	0	0	2.66079	0	0	0	0.152875	-0.0478681	0.232379
2013-02-01 00:00:00	-1.02252	-0.0110339	0.443077	0	-0.000806114	-0.00316243	0.008481	0	0	0	0	0	0	0	-0.654114	-0.397891	0.097884	0	0	2.49732	0	0	0	0.152737	-0.0464285	1.06354
2013-02-02 00:00:00	-3.90993	-0.00856921	0.39735	0	0.00151906	-0.0129514	0.0318013	0	0	0	0	0	0	0	0.92337	-0.398044	0.0978439	0	0	2.44469	0	0	0	0.152546	-0.04475	-0.325123
2013-02-03 00:00:00	-2.80901	0.00731392	0.494908	0	-0.000751135	-0.00999601	0.0235052	0	0	0	0	0	0	0	0.220687	-0.398138	0.0978356	0	0	2.43408	0	0	0	0.15229	-0.0458325	0.166893
2013-02-04 00:00:00	-0.584647	-0.0515679	0.432466	0	-0.00137042	-0.00188747	0.00560802	0	0	0	0	0	0	0	-0.688345	-0.398004	0.0978118	0	0	2.2925	0	0	0	0.15203	-0.0447087	1.20989
2013-02-05 00:00:00	-1.97114	0.0290965	0.430997	0	0.00116664	-0.0042382	0.0122385	0	0	0	0	0	0	0	0.0510517	-0.397602	0.097916	0	0	2.15052	0	0	0	0.151854	-0.0421463	0.509717
2013-02-06 00:00:00	-0.818014	-0.000476119	0.455485	0	-0.000812408	-0.00204257	0.00748635	0	0	0	0	0	0	0	-0.651593	-0.39714	0.0978515	0	0	2.02799	0	0	0	0.151502	-0.0408075	0.829429
2013-02-07 00:00:00	-3.12794	-0.0186245	0.430997	0	0.00158318	-0.00896588	0.0241005	0	0	0	0	0	0	0	0.795381	-0.397035	0.0977877	0	0	1.99744	0	0	0	0.151137	-0.0400131	-0.0941559
2013-02-08 00:00:00	-0.622518	0.00841456	0.486971	0	-0.0018278	-0.00188736	0.0065888	0	0	0	0	0	0	0	-0.790773	-0.39669	0.0976835	0	0	1.92857	0	0	0	0.150803	-0.0399369	0.825398
2013-02-09 00:00:00	-0.46305	-0.0865338	0.482843	0	-0.000131963	-0.00082694	0.00421862	0	0	0	0	0	0	0	-0.465411	-0.396082	0.0975568	0	0	1.77944	0	0	0	0.150325	-0.0385638	1.06378
2013-02-10 00:00:00	-0.436029	-0.0330649	0.441793	0	-0.000280938	-0.000631948	0.00398985	0	0	0	0	0	0	0	-0.578076	-0.395471	0.0974349	0	0	1.65367	0	0	0	0.149895	-0.0369068	0.866327
2013-02-11 00:00:00	-0.427022	-0.0735789	0.491407	0	0.000155119	-0.000555828	0.00391965	0	0	0	0	0	0	0	-0.703619	-0.394846	0.0973049	0	0	1.5481	0	0	0	0.149425	-0.0352906	0.655402
2013-02-12 00:00:00	-4.10542	0.164285	0.4076	0	0.00203354	-0.0108398	0.029663	0	0	0	0	0	0	0	1.35459	-0.39475	0.0972698	0	0	1.60168	0	0	0	0.149042	-0.0351437	-0.73999
2013-02-13 00:00:00	-19.3748	0.00193612	0.49786	0	0.0042523	-0.0699345	0.152562	0	0	0	0	0	0	0	8.45455	-0.397349	0.0977877	0	0	2.45364	0	0	0	0.149165	-0.0437484	-8.0741
2013-02-14 00:00:00	-12.1343	-0.018997	0.627343	0	0.00032272	-0.0501348	0.0990706	0	0	0	0	0	0	0	3.74901	-0.400761	0.0984799	0	0	3.66899	0	0	0	0.149807	-0.0548174	-4.26597
2013-02-15 00:00:00	0	-0.53664	0.59329	0	-0.00757043	-0.00766645	0.0109106	0	0	0	0	0	0	0	-1.73262	-0.400902	0.098511	0	0	3.50506	0	0	0	0.150106	-0.0586976	1.61378
2013-02-16 00:00:00	-0.204504	-0.329285	0.582701	0	-0.00191555	-0.00339497	0.00654176	0	0	0	0	0	0	0	-0.545599	-0.401006	0.0984503	0	0	3.18947	0	0	0	0.149621	-0.0550594	2.48602
2013-02-17 00:00:00	0	-0.392893	0.594457	0	-0.0058666	-0.000987029	0.0039463	0	0	0	0	0	0	0	-1.08449	-0.400434	0.0983235	0	0	2.80495	0	0	0	0.14966	-0.0503594	1.71631
2013-02-18 00:00:00	-0.2	-0.14414	0.545213	0	-0.00351583	-0.000676036	0.00368571	0	0	0	0	0	0	0	-0.931947	-0.399911	0.0981758	0	0	2.46491	0	0	0	0.149362	-0.0474099	1.53374
2013-02-19 00:00:00	0	-0.232071	0.559077	0	-0.00604899	-0.000569939	0.00222106	0	0	0	0	0	0	0	-0.66948	-0.399315	0.0980436	0	0	2.20369	0	0	0	0.149106	-0.0439522	1.6607
2013-02-20 00:00:00	0	-0.142098	0.576485	0	-0.00680243	-0.00053331	0.00313494	0	0	0	0	0	0	0	-1.25527	-0.398474	0.0978548	0	0	1.91991	0	0	0	0.148951	-0.0413074	0.90185
2013-02-21 00:00:00	0	-0.00338303	0.490596	0	-0.00706845	-0.000741109	0.00387624	0	0	0	0	0	0	0	-0.567761	-0.398017	0.0977601	0	0	1.77238	0	0	0	0.148399	-0.0383505	1.49769
2013-02-22 00:00:00	0	-0.00306506	0.444769	0	-0.00644834	-0.000544535	0.00285968	0	0	0	0	0	0	0	-0.763161	-0.397189	0.0975818	0	0	1.5826	0	0	0	0.148101	-0.0364238	1.06908
2013-02-23 00:00:00	-0.195496	-0.00360601	0.547811	0	-0.00447252	-0.000656482	0.00390817	0	0	0	0	0	0	0	-0.693314	-0.396635	0.0974684	0	0	1.47655	0	0	0	0.147617	-0.0344503	0.944729
2013-02-24 00:00:00	-1.42252	0.739298	0.609973	0	0.00149386	-0.000458803	0.00332493	0	0	0	0	0	0	0	-0.559134	-0.396149	0.0973263	0	0	1.38745	0	0	0	0.14725	-0.0324704	0.575382
2013-02-25 00:00:00	-0.390993	-0.206798	0.615436	0	-0.000456068	-0.000553779	0.0038052	0	0	0	0	0	0	0	-0.344652	-0.395536	0.0971791	0	0	1.32474	0	0	0	0.146731	-0.031365	0.817539
2013-02-26 00:00:00	-0.395496	-0.206844	0.637012	0	-0.000702402	-0.000515006	0.00388784	0	0	0	0	0	0	0	-0.527765	-0.394818	0.0970406	0	0	1.2741	0	0	0	0.146262	-0.0305003	0.601656
2013-02-27 00:00:00	-0.00450358	-0.328335	0.883192	0	-0.00688121	-0.000380093	0.00230003	0	0	0	0	0	0	0	-0.938971	-0.393963	0.0968727	0	0	1.20865	0	0	0	0.145752	-0.0298793	0.633857
2013-02-28 00:00:00	-0.195496	-0.00209723	0.824771	0	-0.00382186	-3.41598E-05	0.0020724	0	0	0	0	0	0	0	-0.347227	-0.393412	0.0967635	0	0	1.15108	0	0	0	0.145092	-0.0285865	1.24911
2013-03-01 00:00:00	0	0	0.622029	0	-0.00265184	0	0.00284412	0	0	0	0	0	0	0	-0.995983	-0.392472	0.0965658	0	0	1.08326	0	0	0	0.144807	-0.0277714	0.530632
2013-03-02 00:00:00	0	0	0.878719	0	-0.00393057	0	0.00321414	0	0	0	0	0	0	0	-0.588238	-0.391961	0.0964603	0	0	1.04323	0	0	0	0.144043	-0.0267701	1.15477
2013-03-03 00:00:00	0	0	0.773113	0	-0.000790492	0	0.00175662	0	0	0	0	0	0	0	-0.804725	-0.391006	0.0962563	0	0	0.982931	0	0	0	0.143661	-0.0260712	0.775125
2013-03-04 00:00:00	0	0	0.681287	0	-0.000583109	0	0.00206902	0	0	0	0	0	0	0	-0.6243	-0.390223	0.0960752	0	0	0.942877	0	0	0	0.143144	-0.0253293	0.825017
2013-03-05 00:00:00	0	0	0.680944	0	1.60372E-05	0	0.00258577	0	0	0	0	0	0	0	-0.541481	-0.389095	0.0958834	0	0	0.912481	0	0	0	0.142694	-0.024556	0.879472
2013-03-06 00:00:00	-0.790993	0.0416316	0.76442	0	8.62591E-07	0	0.00270233	0	0	0	0	0	0	0	-0.416843	-0.388486	0.0957342	0	0	0.908501	0	0	0	0.142191	-0.0242053	0.334654
2013-03-07 00:00:00	-1.18649	0.273858	0.915424	0	5.60801E-05	0	0.00409299	0	0	0	0	0	0	0	-0.203736	-0.387882	0.0955861	0	0	0.92095	0	0	0	0.14153	-0.0243943	0.548996
2013-03-08 00:00:00	-1.77298	0.736797	0.681355	0	0.000269951	0	0.0028311	0	0	0	0	0	0	0	0.0228354	-0.387221	0.0954336	0	0	0.941355	0	0	0	0.141017	-0.0249213	0.436774
2013-03-09 00:00:00	-2.77748	0.630947	0.724556	0	0.00190251	-1.85438E-05	0.00661684	0	0	0	0	0	0	0	0.419954	-0.386895	0.0953444	0	0	0.996816	0	0	0	0.140496	-0.0255696	-0.173333
2013-03-10 00:00:00	-0.986489	-0.0212439	0.746811	0	0.00043747	-0.00027823	0.0042309	0	0	0	0	0	0	0	-0.264006	-0.386414	0.0952318	0	0	1.04818	0	0	0	0.140086	-0.0266494	0.349901
2013-03-11 00:00:00	-5.90543	0.0217378	0.54503	0	0.0485019	-0.00169179	0.0117269	0	0	0	0	0	0	0	2.37157	-0.386584	0.095249	0	0	1.22669	0	0	0	0.139754	-0.0283146	-1.86176
2013-03-12 00:00:00	-3.55496	-0.00769898	0.932824	0	0.0118947	-0.00725832	0.0176357	0	0	0	0	0	0	0	0.667618	-0.386801	0.0952925	0	0	1.445	0	0	0	0.13951	-0.032234	-0.679177
2013-03-13 00:00:00	-0.2	-0.499839	0.753404	0	-0.00304764	-0.00136877	0.00507919	0	0	0	0	0	0	0	-0.623771	-0.386298	0.0951863	0	0	1.44894	0	0	0	0.139077	-0.0339001	0.693465
2013-03-14 00:00:00	-0.6	-0.152583	0.782837	0	-0.00119458	-0.000592766	0.00339344	0	0	0	0	0	0	0	-0.431091	-0.385698	0.0950486	0	0	1.38045	0	0	0	0.138732	-0.032511	0.796789
2013-03-15 00:00:00	-0.613511	-0.265825	0.927752	0	-0.00288673	-0.0004589	0.00337198	0	0	0	0	0	0	0	-0.352545	-0.384946	0.0948836	0	0	1.31151	0	0	0	0.138307	-0.0316185	0.824034
2013-03-16 00:00:00	-6.47656	0.919303	0.854679	0	0.00833383	-0.0121459	0.0344375	0	0	0	0	0	0	0	2.09782	-0.385117	0.094932	0	0	1.414	0	0	0	0.138003	-0.0316395	-1.34395
2013-03-17 00:00:00	-4.5955	0.00235337	0.93312	0	-0.000881247	-0.012546	0.0326602	0	0	0	0	0	0	0	1.08565	-0.385531	0.0950555	0	0	1.64812	0	0	0	0.137829	-0.0354636	-1.09513
2013-03-18 00:00:00	-14.8559	-0.0134561	0.943299	0	0.00384199	-0.0447921	0.11042	0	0	0	0	0	0	0	5.97144	-0.387263	0.0954527	0	0	2.18167	0	0	0	0.137941	-0.0414144	-5.89875
2013-03-19 00:00:00	-0.180143	-0.702541	0.802507	0	-0.00813403	-0.00436895	0.00913345	0	0	0	0	0	0	0	-1.18699	-0.388023	0.0957067	0	0	2.486	0	0	0	0.138208	-0.0458939	1.01546
2013-03-20 00:00:00	-0.299079	-0.403436	0.868771	0	-0.00635407	-0.00122303	0.00375111	0	0	0	0	0	0	0	-0.797584	-0.387447	0.0956341	0	0	2.24683	0	0	0	0.137957	-0.043555	1.41426
2013-03-21 00:00:00	-0.0315251	-0.318551	0.751801	0	-0.00812368	-0.000605499	0.00200514	0	0	0	0	0	0	0	-0.702084	-0.386748	0.0954832	0	0	2.00258	0	0	0	0.137705	-0.0414885	1.50045
2013-03-22 00:00:00	-0.2	-0.210183	0.682098	0	-0.00493737	-0.000566409	0.00346341	0	0	0	0	0	0	0	-0.744845	-0.386124	0.0953216	0	0	1.82039	0	0	0	0.137481	-0.0388344	1.15326
2013-03-23 00:00:00	0	-0.0126936	0.554518	0	-0.0086037	-0.000576048	0.0028464	0	0	0	0	0	0	0	-0.779794	-0.385449	0.0951484	0	0	1.65493	0	0	0	0.137174	-0.0372317	1.22027
2013-03-24 00:00:00	-0.302252	-0.00276565	0.742777	0	-0.00705614	-0.000488776	0.00245726	0	0	0	0	0	0	0	-0.574471	-0.38472	0.0949668	0	0	1.50591	0	0	0	0.136879	-0.0355969	1.17564
2013-03-25 00:00:00	-0.502252	-0.00199798	0.806547	0	-0.00452823	-0.000448249	0.00325141	0	0	0	0	0	0	0	-0.690989	-0.384209	0.094836	0	0	1.41052	0	0	0	0.13664	-0.032932	0.834439
2013-03-26 00:00:00	-0.302252	-0.00357016	0.859468	0	-0.00626754	-1.62923E-05	0.00251063	0	0	0	0	0	0	0	-0.58358	-0.383572	0.0946836	0	0	1.31453	0	0	0	0.136318	-0.0313406	1.09691
2013-03-27 00:00:00	-0.604504	-0.00169342	0.924674	0	-0.00380757	-5.71078E-07	0.00265283	0	0	0	0	0	0	0	-0.461978	-0.382792	0.0945017	0	0	1.22641	0	0	0	0.135989	-0.0303233	0.899128
2013-03-28 00:00:00	-0.209007	-0.00301922	0.915118	0	-0.00470388	0	0.0019668	0	0	0	0	0	0	0	-0.789201	-0.382051	0.094383	0	0	1.16673	0	0	0	0.13561	-0.0287875	0.897037
2013-03-29 00:00:00	-0.781986	-0.00554185	1.02565	0	-0.00113016	0	0.00330767	0	0	0	0	0	0	0	-0.472128	-0.381475	0.0942273	0	0	1.1086	0	0	0	0.135271	-0.0276973	0.697094
2013-03-30 00:00:00	-0.390993	0	0.865296	0	-0.00210537	0	0.0019321	0	0	0	0	0	0	0	-0.545254	-0.380858	0.0940803	0	0	1.06812	0	0	0	0.134836	-0.0273887	0.817662
2013-03-31 00:00:00	-0.390993	0	0.839499	0	-0.00145038	0	0.00287928	0	0	0	0	0	0	0	-0.751274	-0.380196	0.0939143	0	0	1.02772	0	0	0	0.134424	-0.0265599	0.547961
2013-04-01 00:00:00	-10.5568	1.60325	1.07882	0	0.0659964	-0.00488335	0.0232252	0	0	0	0	0	0	0	3.75587	-0.380787	0.093992	0	0	1.23413	0	0	0	0.134076	-0.0283588	-2.98148
2013-04-02 00:00:00	-11.5343	0.0128244	1.06612	0	-0.000666728	-0.035145	0.0864564	0	0	0	0	0	0	0	4.37647	-0.3824	0.0943287	0	0	1.86962	0	0	0	0.13429	-0.0364992	-4.34889
2013-04-03 00:00:00	-0.00450358	-0.953166	1.12991	0	-0.00900583	-0.00322783	0.00649636	0	0	0	0	0	0	0	-0.984842	-0.382541	0.0943759	0	0	2.0778	0	0	0	0.134188	-0.0420345	1.06345
2013-04-04 00:00:00	-1.4045	0.183253	1.22336	0	-0.000190641	-0.00105331	0.00421656	0	0	0	0	0	0	0	-0.653976	-0.381868	0.0942212	0	0	1.8842	0	0	0	0.134037	-0.0396653	1.04203
2013-04-05 00:00:00	-0.590993	-0.356197	1.10871	0	-0.00523942	-0.000731652	0.00343526	0	0	0	0	0	0	0	-0.600793	-0.381382	0.094109	0	0	1.75008	0	0	0	0.13366	-0.0382061	1.11645
2013-04-06 00:00:00	0	-0.489976	1.35913	0	-0.0156049	-0.000435804	0.00108641	0	0	0	0	0	0	0	-1.1785	-0.380721	0.0939516	0	0	1.5843	0	0	0	0.133509	-0.0362585	1.07048
2013-04-07 00:00:00	0	0	1.05489	0	-0.0167968	-0.000180396	4.12254E-06	0	0	0	0	0	0	0	-0.416087	-0.379646	0.0937135	0	0	1.37111	0	0	0	0.133215	-0.0347888	1.80543
2013-04-08 00:00:00	0	0	1.14906	0	-0.0112604	-8.07866E-06	0.00324137	0	0	0	0	0	0	0	-1.63381	-0.379483	0.0936432	0	0	1.29073	0	0	0	0.133119	-0.0308625	0.614372
2013-04-09 00:00:00	-0.00450358	0	1.11122	0	-0.00346727	0	0.000353992	0	0	0	0	0	0	0	-1.00741	-0.378293	0.0933869	0	0	1.13309	0	0	0	0.132867	-0.0296071	1.04764
2013-04-10 00:00:00	-0.790993	0	1.23482	0	-0.00327346	0	0.00253645	0	0	0	0	0	0	0	-0.392782	-0.378133	0.0933119	0	0	1.09476	0	0	0	0.132709	-0.0277267	0.965229
2013-04-11 00:00:00	-0.195496	0	1.30104	0	-0.000241241	0	0.00216799	0	0	0	0	0	0	0	-1.21745	-0.377203	0.0931008	0	0	1.01269	0	0	0	0.132409	-0.0270464	0.723977
2013-04-12 00:00:00	-2.37298	0.787015	1.52698	0	-0.000254414	0	0.00296862	0	0	0	0	0	0	0	-0.137503	-0.376828	0.0930142	0	0	0.997508	0	0	0	0.131695	-0.0259766	0.625637
2013-04-13 00:00:00	-0.590993	-0.781162	1.61859	0	-1.74503E-05	0	0.00288664	0	0	0	0	0	0	0	-0.572136	-0.376287	0.092881	0	0	0.991571	0	0	0	0.131304	-0.0258699	0.490769
2013-04-14 00:00:00	-10.973	1.63429	1.88938	0	0.0606089	-0.000198172	0.0145659	0	0	0	0	0	0	0	3.6114	-0.376714	0.0929653	0	0	1.17946	0	0	0	0.131172	-0.027219	-2.76327
2013-04-15 00:00:00	-3.77298	-0.00432703	1.89211	0	0.002142	-0.00547519	0.017105	0	0	0	0	0	0	0	0.214359	-0.377026	0.0930843	0	0	1.47	0	0	0	0.131118	-0.0325121	-0.372402
2013-04-16 00:00:00	-2.4045	-0.04027	1.90265	0	-0.000805329	-0.00164347	0.00642005	0	0	0	0	0	0	0	-0.0830804	-0.376568	0.0929999	0	0	1.47549	0	0	0	0.130849	-0.0335752	0.667958
2013-04-17 00:00:00	-5.4045	0.0522084	1.75114	0	0.00147032	-0.0107473	0.0302684	0	0	0	0	0	0	0	1.16862	-0.376599	0.0930173	0	0	1.55215	0	0	0	0.130639	-0.0338854	-1.04621
2013-04-18 00:00:00	-4.01801	-0.0117778	1.86832	0	-0.00060033	-0.0070355	0.0194803	0	0	0	0	0	0	0	0.57019	-0.376552	0.0930416	0	0	1.64817	0	0	0	0.130479	-0.0358934	-0.120197
2013-04-19 00:00:00	-0.2	-1.14463	1.74297	0	-0.0113166	-0.00106461	0.00303895	0	0	0	0	0	0	0	-0.77518	-0.376091	0.0929594	0	0	1.59995	0	0	0	0.130311	-0.0356645	1.02528
2013-04-20 00:00:00	0	-0.4861	1.58305	0	-0.0193195	-0.000588551	0.00132718	0	0	0	0	0	0	0	-1.25363	-0.375412	0.0927991	0	0	1.45022	0	0	0	0.130119	-0.0340423	1.08842
2013-04-21 00:00:00	-1.00901	-0.0035492	1.698	0	-0.0114574	-0.000435053	0.00247057	0	0	0	0	0	0	0	-0.803856	-0.374789	0.0926506	0	0	1.31618	0	0	0	0.129966	-0.0312389	1.00494
2013-04-22 00:00:00	0	-0.00169065	1.57782	0	-0.0159681	-1.13289E-06	0.000671567	0	0	0	0	0	0	0	-1.26072	-0.373931	0.0924573	0	0	1.17499	0	0	0	0.129673	-0.0301785	1.29312
2013-04-23 00:00:00	-0.813511	0	1.86859	0	-0.00436329	0	0.000135739	0	0	0	0	0	0	0	-0.92417	-0.373329	0.0922571	0	0	1.06856	0	0	0	0.129629	-0.0278543	1.01595
2013-04-24 00:00:00	-4.20901	1.30466	2.05418	0	0.00131825	0	0.00538631	0	0	0	0	0	0	0	-0.001903	-0.372883	0.092139	0	0	1.04827	0	0	0	0.129329	-0.0265519	0.0249392
2013-04-25 00:00:00	-2.37748	0.181413	1.80661	0	0.000679626	0	0.00402211	0	0	0	0	0	0	0	-0.172718	-0.372472	0.0920668	0	0	1.07396	0	0	0	0.129058	-0.0269013	0.338239
2013-04-26 00:00:00	-3.43153	0.16956	1.65547	0	0.0172027	0	0.00499214	0	0	0	0	0	0	0	0.399374	-0.372108	0.092	0	0	1.11919	0	0	0	0.128822	-0.0272299	-0.244252
2013-04-27 00:00:00	-0.590993	-0.998841	1.75103	0	-0.00548822	0	0.00329835	0	0	0	0	0	0	0	-0.513879	-0.371567	0.091902	0	0	1.13958	0	0	0	0.128519	-0.0278278	0.60573
2013-04-28 00:00:00	-2.64954	0.698496	1.87807	0	0.000694559	0	0.00311538	0	0	0	0	0	0	0	-0.305164	-0.370896	0.0917778	0	0	1.11177	0	0	0	0.128116	-0.0280248	0.558418
2013-04-29 00:00:00	-0.404504	-1.06166	1.89771	0	-0.00729475	0	0.00129312	0	0	0	0	0	0	0	-0.721048	-0.370265	0.0916471	0	0	1.08546	0	0	0	0.12783	-0.0274817	0.611688
2013-04-30 00:00:00	0	-0.288046	1.76913	0	-0.00705269	0	0.000811286	0	0	0	0	0	0	0	-1.47749	-0.369438	0.0914422	0	0	1.00068	0	0	0	0.12754	-0.0267289	0.820857
2013-05-01 00:00:00	-2.02252	0.131562	1.90773	0	0.0006556	0	0.00250301	0	0	0	0	0	0	0	-0.335081	-0.368991	0.0913381	0	0	0.96294	0	0	0	0.12713	-0.0257383	0.471526
2013-05-02 00:00:00	0	-0.137144	2.04149	0	-0.00348255	0	0.00041671	0	0	0	0	0	0	0	-1.56842	-0.368047	0.0911513	0	0	0.898961	0	0	0	0.12686	-0.0251125	1.05667
2013-05-03 00:00:00	-11.409	1.69123	2.23392	0	0.0577203	0	0.0123493	0	0	0	0	0	0	0	3.77327	-0.368577	0.0913172	0	0	1.06984	0	0	0	0.126807	-0.0248299	-2.74596
2013-05-04 00:00:00	-0.195496	-1.26122	1.93758	0	-0.0120896	-3.99472E-07	0.00292973	0	0	0	0	0	0	0	-1.12335	-0.368476	0.0913679	0	0	1.26288	0	0	0	0.126772	-0.0296604	0.431244
2013-05-05 00:00:00	0	-0.428699	2.18641	0	-0.0278927	-3.95817E-05	1.31164E-05	0	0	0	0	0	0	0	-1.49728	-0.36724	0.0911109	0	0	1.11382	0	0	0	0.12638	-0.0300304	1.16654
2013-05-06 00:00:00	0	-0.00132345	2.0074	0	-0.0142591	-0.000145917	0.000171514	0	0	0	0	0	0	0	-1.43926	-0.366746	0.0910081	0	0	1.01013	0	0	0	0.12643	-0.0273414	1.38606
2013-05-07 00:00:00	0	0	2.07504	0	-0.0062931	0	0	0	0	0	0	0	0	0	-1.2687	-0.365511	0.0906555	0	0	0.863607	0	0	0	0.125977	-0.0255552	1.48922
2013-05-08 00:00:00	-2.77748	0.351723	2.4365	0	0.00471858	0	0.00178674	0	0	0	0	0	0	0	-0.450444	-0.364983	0.0905719	0	0	0.850716	0	0	0	0.125896	-0.0226372	0.246363
2013-05-09 00:00:00	-2.38199	0.147882	2.2661	0	0.0004589	0	0.002347	0	0	0	0	0	0	0	-0.282079	-0.364242	0.0904363	0	0	0.862746	0	0	0	0.12546	-0.0226881	0.444434
2013-05-10 00:00:00	-5.16397	1.21152	2.2419	0	0.00033804	0	0.00609528	0	0	0	0	0	0	0	0.613427	-0.363868	0.0903697	0	0	0.916131	0	0	0	0.125129	-0.0234946	-0.346429
2013-05-11 00:00:00	-3.42252	-0.00636443	2.17071	0	0.0023587	0	0.00452386	0	0	0	0	0	0	0	0.350369	-0.363521	0.0903371	0	0	1.0055	0	0	0	0.124915	-0.0254655	-0.0691614
2013-05-12 00:00:00	-1.64053	-0.562536	2.27345	0	-4.81706E-05	0	0.00249962	0	0	0	0	0	0	0	-0.49859	-0.362839	0.0902432	0	0	1.03057	0	0	0	0.124638	-0.0261692	0.430682
2013-05-13 00:00:00	-2.62968	0.387874	2.01539	0	4.20863E-05	0	0.00367674	0	0	0	0	0	0	0	-0.237845	-0.362192	0.0901804	0	0	1.02357	0	0	0	0.12423	-0.0260719	0.389174
2013-05-14 00:00:00	-1.7216	-0.370304	2.0488	0	-8.89678E-05	0	0.0024136	0	0	0	0	0	0	0	-0.329721	-0.361557	0.0901165	0	0	1.01814	0	0	0	0.123895	-0.0260619	0.474032
2013-05-15 00:00:00	-3.56848	0.588072	2.05266	0	0.00257232	0	0.00376893	0	0	0	0	0	0	0	0.0479009	-0.360981	0.0900433	0	0	1.02773	0	0	0	0.123616	-0.025935	-0.0190218
2013-05-16 00:00:00	-3.12794	-0.0352564	2.22479	0	0.00740245	0	0.00406221	0	0	0	0	0	0	0	0.169124	-0.360548	0.0899697	0	0	1.07729	0	0	0	0.123388	-0.0268346	0.145439
2013-05-17 00:00:00	0	-1.63999	2.61087	0	-0.0055289	0	0.000558491	0	0	0	0	0	0	0	-1.2934	-0.359723	0.0898572	0	0	1.05585	0	0	0	0.123185	-0.0271255	0.554557
2013-05-18 00:00:00	-4.46121	1.29709	2.4184	0	0.000658639	0	0.00342086	0	0	0	0	0	0	0	0.0834958	-0.359165	0.0896489	0	0	1.02981	0	0	0	0.122735	-0.0266004	0.198291
2013-05-19 00:00:00	-1.76397	-0.775576	2.64604	0	-0.000456176	0	0.00286961	0	0	0	0	0	0	0	-0.611414	-0.358637	0.0896214	0	0	1.03627	0	0	0	0.122508	-0.0264481	0.360808
2013-05-20 00:00:00	-2.19181	-0.542493	2.87627	0	-0.000735456	0	0.000880551	0	0	0	0	0	0	0	-0.518553	-0.357975	0.0895696	0	0	1.02153	0	0	0	0.122185	-0.026303	0.472567
2013-05-21 00:00:00	-1.56848	-0.034942	2.50956	0	-0.00334133	0	0.000529232	0	0	0	0	0	0	0	-0.966909	-0.357045	0.0894858	0	0	0.973257	0	0	0	0.121936	-0.0256152	0.738444
2013-05-22 00:00:00	-0.595496	-0.0127605	2.20561	0	-0.00373883	0	9.02E-05	0	0	0	0	0	0	0	-1.56135	-0.35614	0.0893846	0	0	0.891262	0	0	0	0.121694	-0.0242287	0.754324
2013-05-23 00:00:00	-0.209007	-0.00392693	1.98379	0	-0.000297547	0	0.000357473	0	0	0	0	0	0	0	-1.68562	-0.354718	0.0892198	0	0	0.801194	0	0	0	0.121347	-0.0223923	0.719948
2013-05-24 00:00:00	-0.231525	0	1.96313	0	-0.000903577	0	5.97664E-05	0	0	0	0	0	0	0	-1.41997	-0.354197	0.0891021	0	0	0.738517	0	0	0	0.120873	-0.0206932	0.884398
2013-05-25 00:00:00	-0.195496	0	4.39897	0	-0.00802284	0	0	0	0	0	0	0	0	0	-2.89045	-0.352578	0.0888678	0	0	0.577126	0	0	0	0.120706	-0.019932	1.7192
2013-05-26 00:00:00	-0.195496	0	2.60849	0	-0.000288333	0	0	0	0	0	0	0	0	0	-2.03021	-0.351792	0.0887149	0	0	0.498354	0	0	0	0.120864	-0.0174875	0.721157
2013-05-27 00:00:00	-0.00900716	0	2.16832	0	-8.13217E-05	0	0	0	0	0	0	0	0	0	-1.86734	-0.351004	0.0885743	0	0	0.45894	0	0	0	0.12018	-0.015781	0.592803
2013-05-28 00:00:00	-0.218014	0	2.22252	0	-2.47201E-05	0	0	0	0	0	0	0	0	0	-1.58916	-0.349421	0.0882893	0	0	0.43304	0	0	0	0.119335	-0.0149947	0.691569
2013-05-29 00:00:00	0	0	2.27122	0	-3.65126E-05	0	0	0	0	0	0	0	0	0	-1.87465	-0.348461	0.0881817	0	0	0.404291	0	0	0	0.119026	-0.0145172	0.645052
2013-05-30 00:00:00	0	0	2.33854	0	-3.87023E-05	0	0	0	0	0	0	0	0	0	-1.90853	-0.347519	0.0880032	0	0	0.374355	0	0	0	0.118576	-0.0140084	0.649377
2013-05-31 00:00:00	-0.195496	0	2.35907	0	-2.81199E-05	0	0	0	0	0	0	0	0	0	-1.72189	-0.346794	0.0877853	0	0	0.354376	0	0	0	0.118288	-0.0133725	0.641941
2013-06-01 00:00:00	0	0	2.12607	0	-2.46808E-05	0	0	0	0	0	0	0	0	0	-1.76912	-0.346025	0.0874828	0	0	0.335819	0	0	0	0.11798	-0.0129124	0.539275
2013-06-02 00:00:00	-0.00450358	0	2.82705	0	-6.5526E-06	0	0	0	0	0	0	0	0	0	-2.23333	-0.345076	0.0873501	0	0	0.302114	0	0	0	0.117652	-0.0125774	0.738678
2013-06-03 00:00:00	0	0	3.17335	0	0	0	0	0	0	0	0	0	0	0	-2.52498	-0.344193	0.0872001	0	0	0.258184	0	0	0	0.117343	-0.0119888	0.754914
2013-06-04 00:00:00	0	0	2.83831	0	0	0	0	0	0	0	0	0	0	0	-2.13933	-0.343375	0.0870271	0	0	0.229303	0	0	0	0.116786	-0.0112665	0.777453
2013-06-05 00:00:00	0	0	3.06633	0	0	0	0	0	0	0	0	0	0	0	-2.34288	-0.342376	0.0868698	0	0	0.199935	0	0	0	0.116011	-0.0108184	0.773069
2013-06-06 00:00:00	0	0	2.42682	0	0	0	0	0	0	0	0	0	0	0	-1.8496	-0.341372	0.0864529	0	0	0.19067	0	0	0	0.115946	-0.0103492	0.618569
2013-06-07 00:00:00	0	0	2.40341	0	0	0	0	0	0	0	0	0	0	0	-1.94539	-0.340683	0.08633	0	0	0.186959	0	0	0	0.115603	-0.0101929	0.496039
2013-06-08 00:00:00	0	0	3.24836	0	0	0	0	0	0	0	0	0	0	0	-2.60985	-0.339605	0.086204	0	0	0.166586	0	0	0	0.115237	-0.0101259	0.65681
2013-06-09 00:00:00	0	0	2.49781	0	0	0	0	0	0	0	0	0	0	0	-2.11016	-0.338473	0.0859008	0	0	0.159711	0	0	0	0.11489	-0.00976303	0.399912
2013-06-10 00:00:00	0	0	2.43844	0	0	0	0	0	0	0	0	0	0	0	-1.9715	-0.337533	0.0857289	0	0	0.158379	0	0	0	0.114011	-0.00964276	0.47788
2013-06-11 00:00:00	-0.418014	0	2.32306	0	0	0	0	0	0	0	0	0	0	0	-1.65902	-0.336627	0.0854948	0	0	0.166228	0	0	0	0.113633	-0.00961448	0.265137
2013-06-12 00:00:00	-0.409007	0	2.44179	0	0	0	0	0	0	0	0	0	0	0	-1.71736	-0.335161	0.085397	0	0	0.173199	0	0	0	0.113036	-0.00975496	0.34214
2013-06-13 00:00:00	0	0	2.10166	0	0	0	0	0	0	0	0	0	0	0	-1.83735	-0.333895	0.085165	0	0	0.177484	0	0	0	0.112629	-0.0098723	0.295815
2013-06-14 00:00:00	-0.0720573	0.0046844	2.20762	0	0	0	0	0	0	0	0	0	0	0	-1.82077	-0.33339	0.0850287	0	0	0.178838	0	0	0	0.112078	-0.00994683	0.352083
2013-06-15 00:00:00	-0.103582	0.0254242	2.1802	0	1.51854E-11	0	0	0	0	0	0	0	0	0	-2.0283	-0.332963	0.0849171	0	0	0.178678	0	0	0	0.1115	-0.00994418	0.105931
2013-06-16 00:00:00	-0.0225179	-0.0301086	2.25038	0	8.7668E-08	0	0	0	0	0	0	0	0	0	-1.73696	-0.332003	0.0847429	0	0	0.181326	0	0	0	0.111178	-0.00998866	0.496045
2013-06-17 00:00:00	0	0	2.29403	0	0	0	0	0	0	0	0	0	0	0	-2.20853	-0.330873	0.084589	0	0	0.179976	0	0	0	0.110939	-0.0100023	0.120125
2013-06-18 00:00:00	0	0	2.42162	0	0	0	0	0	0	0	0	0	0	0	-1.69663	-0.328813	0.08418	0	0	0.179444	0	0	0	0.110402	-0.00987893	0.760326
2013-06-19 00:00:00	0	0	2.24669	0	0	0	0	0	0	0	0	0	0	0	-2.23588	-0.328397	0.0840717	0	0	0.168892	0	0	0	0.11046	-0.00997482	0.0358563
2013-06-20 00:00:00	-0.809007	0	2.52694	0	0	0	0	0	0	0	0	0	0	0	-1.79023	-0.327558	0.0835318	0	0	0.176244	0	0	0	0.109566	-0.00977216	-0.0402898
2013-06-21 00:00:00	-0.8	0	2.6335	0	0	0	0	0	0	0	0	0	0	0	-1.84687	-0.326654	0.0835075	0	0	0.183346	0	0	0	0.109184	-0.00990249	0.0261085
2013-06-22 00:00:00	-7.97748	1.89049	3.15131	0	0.00081187	0	0	0	0	0	0	0	0	0	1.50871	-0.326599	0.0833521	0	0	0.254903	0	0	0	0.108452	-0.0102283	-1.31629
2013-06-23 00:00:00	-4.2045	0.0280765	3.16839	0	0.000612329	0	0	0	0	0	0	0	0	0	0.568698	-0.326348	0.0830658	0	0	0.336626	0	0	0	0.108317	-0.0120988	-0.249163
2013-06-24 00:00:00	0	-1.91844	2.80281	0	-0.00115207	0	0	0	0	0	0	0	0	0	-1.35613	-0.325689	0.0830283	0	0	0.383979	0	0	0	0.107962	-0.0133943	-0.23702
2013-06-25 00:00:00	0	-0.000119816	2.65224	0	-0.000272756	0	0	0	0	0	0	0	0	0	-1.94847	-0.324089	0.082762	0	0	0.356939	0	0	0	0.107665	-0.0137746	0.912884
2013-06-26 00:00:00	-0.2	0	2.40412	0	0	0	0	0	0	0	0	0	0	0	-2.27645	-0.323663	0.0824731	0	0	0.322762	0	0	0	0.107743	-0.0130084	0.103979
2013-06-27 00:00:00	-3.4	0.269728	3.08634	0	6.69088E-12	0	0	0	0	0	0	0	0	0	-0.422498	-0.322998	0.0822738	0	0	0.352587	0	0	0	0.107124	-0.0123542	-0.259796
2013-06-28 00:00:00	-3.2	0.015421	3.18324	0	0.00061345	0	0	0	0	0	0	0	0	0	-0.86458	-0.322339	0.0822223	0	0	0.389164	0	0	0	0.106709	-0.0129483	-0.622499
2013-06-29 00:00:00	-0.2	-0.285149	2.50943	0	-0.00061345	0	0	0	0	0	0	0	0	0	-1.93392	-0.320947	0.0822129	0	0	0.386347	0	0	0	0.106086	-0.0138339	0.329615
2013-06-30 00:00:00	-1.4	0	2.82828	0	0	0	0	0	0	0	0	0	0	0	-1.76171	-0.320015	0.0819235	0	0	0.369324	0	0	0	0.105877	-0.0135262	-0.109846
2013-07-01 00:00:00	-0.2	0	2.23682	0	0	0	0	0	0	0	0	0	0	0	-1.43693	-0.318274	0.0816364	0	0	0.348398	0	0	0	0.104927	-0.0132323	0.803345
2013-07-02 00:00:00	-4.4	1.16638	3.07802	0	-7.03416E-11	0	0	0	0	0	0	0	0	0	-0.509983	-0.317719	0.0815557	0	0	0.373929	0	0	0	0.105153	-0.0128132	-0.43547
2013-07-03 00:00:00	-0.8	-1.16638	3.01909	0	5.63654E-07	0	0	0	0	0	0	0	0	0	-1.27177	-0.317254	0.0812037	0	0	0.387309	0	0	0	0.103724	-0.0133551	0.0225665
2013-07-04 00:00:00	-15.2	2.05418	3.45849	0	0.00525387	0	0.0027711	0	0	0	0	0	0	0	6.29225	-0.317999	0.0813434	0	0	0.551002	0	0	0	0.103225	-0.0152098	-2.98469
2013-07-05 00:00:00	0	-2.0239	3.07465	0	-0.00106691	0	0.000554163	0	0	0	0	0	0	0	-1.33362	-0.317945	0.0813549	0	0	0.709341	0	0	0	0.103592	-0.0197136	0.273246
2013-07-06 00:00:00	0	-0.027068	3.54103	0	-0.00323453	0	0	0	0	0	0	0	0	0	-3.08977	-0.317187	0.0812142	0	0	0.62056	0	0	0	0.103388	-0.0190475	0.889879
2013-07-07 00:00:00	0	-0.00320669	3.26732	0	-0.000775611	0	0	0	0	0	0	0	0	0	-3.06287	-0.31582	0.0809424	0	0	0.488272	0	0	0	0.103295	-0.0174638	0.539696
2013-07-08 00:00:00	0	0	3.17743	0	-0.00017703	0	0	0	0	0	0	0	0	0	-2.51333	-0.314024	0.0807924	0	0	0.408095	0	0	0	0.103201	-0.0156251	0.926362
2013-07-09 00:00:00	0	0	4.04212	0	0	0	0	0	0	0	0	0	0	0	-3.72303	-0.31352	0.0806554	0	0	0.310106	0	0	0	0.103378	-0.0141182	0.485597
2013-07-10 00:00:00	0	0	2.57254	0	0	0	0	0	0	0	0	0	0	0	-2.18679	-0.312118	0.0805091	0	0	0.266813	0	0	0	0.102843	-0.0121602	0.511634
2013-07-11 00:00:00	0	0	2.46336	0	0	0	0	0	0	0	0	0	0	0	-2.25485	-0.311316	0.0805058	0	0	0.240494	0	0	0	0.102339	-0.0114549	0.309079
2013-07-12 00:00:00	0	0	3.29036	0	0	0	0	0	0	0	0	0	0	0	-3.0255	-0.310239	0.0803412	0	0	0.199626	0	0	0	0.102083	-0.0110287	0.325645
2013-07-13 00:00:00	0	0	2.55878	0	0	0	0	0	0	0	0	0	0	0	-2.47134	-0.309444	0.0801904	0	0	0.178918	0	0	0	0.101834	-0.010361	0.128572
2013-07-14 00:00:00	0	0	2.26867	0	0	0	0	0	0	0	0	0	0	0	-2.22479	-0.308376	0.0797978	0	0	0.170075	0	0	0	0.101266	-0.0100047	0.0766378
2013-07-15 00:00:00	0	0	2.19118	0	0	0	0	0	0	0	0	0	0	0	-2.08879	-0.307653	0.0796979	0	0	0.164847	0	0	0	0.100684	-0.00983885	0.13013
2013-07-16 00:00:00	0	0	2.35968	0	0	0	0	0	0	0	0	0	0	0	-2.2125	-0.30671	0.0794661	0	0	0.15723	0	0	0	0.0996343	-0.00973607	0.167069
2013-07-17 00:00:00	0	0	2.78739	0	0	0	0	0	0	0	0	0	0	0	-2.60896	-0.305986	0.0791781	0	0	0.141777	0	0	0	0.0993067	-0.00958803	0.183121
2013-07-18 00:00:00	0	0	3.23726	0	0	0	0	0	0	0	0	0	0	0	-2.863	-0.304724	0.0790333	0	0	0.117097	0	0	0	0.0990538	-0.00928817	0.355432
2013-07-19 00:00:00	0	0	3.40923	0	0	0	0	0	0	0	0	0	0	0	-3.02055	-0.303916	0.078647	0	0	0.0921696	0	0	0	0.0988086	-0.00880129	0.345592
2013-07-20 00:00:00	0	0	3.17325	0	0	0	0	0	0	0	0	0	0	0	-2.83022	-0.30243	0.0782833	0	0	0.0757285	0	0	0	0.0985711	-0.00825434	0.284924
2013-07-21 00:00:00	0	0	2.79731	0	0	0	0	0	0	0	0	0	0	0	-2.43817	-0.301438	0.0782379	0	0	0.067339	0	0	0	0.0983131	-0.00786354	0.29373
2013-07-22 00:00:00	0	0	2.2127	0	0	0	0	0	0	0	0	0	0	0	-2.06067	-0.300352	0.0781019	0	0	0.0691905	0	0	0	0.0980469	-0.00765343	0.0893663
2013-07-23 00:00:00	-17.4	2.22462	3.47357	0	0.00522482	0	0.00271133	0	0	0	0	0	0	0	8.58174	-0.300538	0.0782602	0	0	0.207644	0	0	0	0.0978142	-0.00802076	-3.03697
2013-07-24 00:00:00	-0.2	-2.18635	3.29658	0	-0.00145842	0	0.000137418	0	0	0	0	0	0	0	-1.09783	-0.299985	0.0781919	0	0	0.276349	0	0	0	0.0980817	-0.0114279	-0.0477043
2013-07-25 00:00:00	-10.2	2.17652	3.38055	0	0.0038352	0	0.00238992	0	0	0	0	0	0	0	3.30098	-0.29917	0.0781091	0	0	0.343334	0	0	0	0.0978429	-0.0123421	-1.12796
2013-07-26 00:00:00	-0.2	-2.17667	3.43247	0	-0.00283162	0	0.000743418	0	0	0	0	0	0	0	-1.38785	-0.298333	0.0779747	0	0	0.416414	0	0	0	0.0978154	-0.0142444	-0.0545117
2013-07-27 00:00:00	-9	2.19126	4.1778	0	0.00990613	0	0.00206798	0	0	0	0	0	0	0	1.47286	-0.297574	0.0778375	0	0	0.462141	0	0	0	0.0974815	-0.0146079	-0.820835
2013-07-28 00:00:00	-22.6	0.0707797	3.1729	0	0.0563297	-0.0442556	0.0926505	0	0	0	0	0	0	0	13.5935	-0.298574	0.0780331	0	0	0.771782	0	0	0	0.0980175	-0.0200186	-5.02883
2013-07-29 00:00:00	-19.6	-0.0384504	3.08387	0	0.00162773	-0.0434179	0.119106	0	0	0	0	0	0	0	10.9242	-0.300188	0.0783218	0	0	1.34465	0	0	0	0.0992268	-0.0295949	-4.36069
2013-07-30 00:00:00	-5.6	0.0118733	2.96102	0	-0.00444885	-0.00720404	0.0209694	0	0	0	0	0	0	0	1.08537	-0.300485	0.0783635	0	0	1.54243	0	0	0	0.0998029	-0.0346982	-0.147008
2013-07-31 00:00:00	-8.4	0.0069843	3.08169	0	0.000975613	-0.0136	0.0377663	0	0	0	0	0	0	0	3.0284	-0.300406	0.0783572	0	0	1.54629	0	0	0	0.0999559	-0.0346066	-0.868192
2013-08-01 00:00:00	-3.2	-0.215605	3.4136	0	-0.00298684	-0.000362804	0.00284772	0	0	0	0	0	0	0	-0.594371	-0.299994	0.0782254	0	0	1.48692	0	0	0	0.100064	-0.0342154	0.734124
2013-08-02 00:00:00	-0.8	-1.84064	3.46661	0	-0.0120228	0	0.00138932	0	0	0	0	0	0	0	-1.2643	-0.299376	0.0781364	0	0	1.346	0	0	0	0.0999809	-0.0315106	0.74426
2013-08-03 00:00:00	-0.2	-0.203577	2.98181	0	-0.0366541	0	0	0	0	0	0	0	0	0	-2.48616	-0.298656	0.077949	0	0	1.17023	0	0	0	0.0998962	-0.0291603	1.07567
2013-08-04 00:00:00	-1.2	-0.0132692	2.97208	0	-0.0120656	0	0	0	0	0	0	0	0	0	-2.01744	-0.297763	0.077698	0	0	0.994736	0	0	0	0.0998435	-0.0271356	0.576676
2013-08-05 00:00:00	-1	-0.00747809	2.76581	0	-0.00481204	0	0	0	0	0	0	0	0	0	-1.20637	-0.296877	0.0775227	0	0	0.867442	0	0	0	0.0995544	-0.0256553	1.26913
2013-08-06 00:00:00	0	0	2.48195	0	-0.000547846	0	0	0	0	0	0	0	0	0	-2.64954	-0.296216	0.0774112	0	0	0.766527	0	0	0	0.0999074	-0.0230112	0.456481
2013-08-07 00:00:00	-1.4	0	3.47882	0	-6.58199E-05	0	0	0	0	0	0	0	0	0	-2.00561	-0.295547	0.0773139	0	0	0.684445	0	0	0	0.099478	-0.0210449	0.617783
2013-08-08 00:00:00	-0.2	0	2.64241	0	-3.4839E-05	0	0	0	0	0	0	0	0	0	-2.40864	-0.293891	0.0770631	0	0	0.60585	0	0	0	0.0993031	-0.0196581	0.502402
2013-08-09 00:00:00	-0.2	0	2.68652	0	0	0	0	0	0	0	0	0	0	0	-2.38141	-0.29373	0.0768736	0	0	0.53607	0	0	0	0.0991218	-0.0183823	0.50507
2013-08-10 00:00:00	-0.8	0	2.67395	0	0	0	0	0	0	0	0	0	0	0	-1.71925	-0.292328	0.0766969	0	0	0.492544	0	0	0	0.0989451	-0.0168489	0.513714
2013-08-11 00:00:00	-5	1.99455	2.78855	0	5.80423E-07	0	0	0	0	0	0	0	0	0	-0.408146	-0.291845	0.0764513	0	0	0.505531	0	0	0	0.0986302	-0.016129	-0.2524
2013-08-12 00:00:00	-0.2	-1.95085	2.67857	0	0	0	0	0	0	0	0	0	0	0	-0.631124	-0.29076	0.0762634	0	0	0.523969	0	0	0	0.0983424	-0.0164962	0.287913
2013-08-13 00:00:00	0	-0.0436955	2.30053	0	0	0	0	0	0	0	0	0	0	0	-2.57419	-0.289815	0.0760915	0	0	0.484295	0	0	0	0.0981873	-0.0165544	0.0348445
2013-08-14 00:00:00	-2	0	2.7418	0	0	0	0	0	0	0	0	0	0	0	-0.379735	-0.289016	0.0759511	0	0	0.478978	0	0	0	0.0978086	-0.0156226	0.710166
2013-08-15 00:00:00	-10	2.40249	3.12648	0	0.000693108	0	0	0	0	0	0	0	0	0	2.0105	-0.289261	0.0760075	0	0	0.596637	0	0	0	0.0976831	-0.0158713	-1.99464
2013-08-16 00:00:00	-0.8	-1.76397	2.71936	0	-4.00331E-05	0	0	0	0	0	0	0	0	0	-0.34384	-0.288507	0.0758311	0	0	0.640586	0	0	0	0.0970707	-0.0187036	0.317783
2013-08-17 00:00:00	-3.2	0.309735	2.85906	0	0.000242309	0	0	0	0	0	0	0	0	0	-0.582138	-0.287821	0.0756616	0	0	0.646733	0	0	0	0.0969859	-0.0188862	-0.100426
2013-08-18 00:00:00	-2	-0.366587	2.54181	0	0.000704371	0	0	0	0	0	0	0	0	0	-0.761221	-0.287447	0.0753467	0	0	0.647297	0	0	0	0.0965799	-0.018933	-0.0724465
2013-08-19 00:00:00	0	-0.581647	2.4184	0	-0.00156776	0	0	0	0	0	0	0	0	0	-1.68288	-0.286424	0.075226	0	0	0.60078	0	0	0	0.0963991	-0.018907	0.619383
2013-08-20 00:00:00	-1	0	2.45255	0	-2.8964E-05	0	0	0	0	0	0	0	0	0	-1.85305	-0.28584	0.0751627	0	0	0.559993	0	0	0	0.0965202	-0.018278	0.0270301
2013-08-21 00:00:00	-2.8	0.0686662	2.85787	0	0.000351124	0	0	0	0	0	0	0	0	0	-0.617652	-0.284747	0.0746324	0	0	0.564612	0	0	0	0.0960519	-0.0172964	-0.0575094
2013-08-22 00:00:00	-0.2	-0.0686662	2.37892	0	-0.000125813	0	0	0	0	0	0	0	0	0	-2.3988	-0.284114	0.0742292	0	0	0.529527	0	0	0	0.0957458	-0.0171784	0.109543
2013-08-23 00:00:00	0	0	2.44644	0	-0.000299141	0	0	0	0	0	0	0	0	0	-2.50606	-0.282904	0.0740921	0	0	0.466736	0	0	0	0.0955442	-0.0164567	0.277097
2013-08-24 00:00:00	-0.8	0	2.48135	0	0	0	0	0	0	0	0	0	0	0	-1.2245	-0.281666	0.0739723	0	0	0.435036	0	0	0	0.0953673	-0.0152481	0.764308
2013-08-25 00:00:00	0	0	2.18966	0	0	0	0	0	0	0	0	0	0	0	-2.38159	-0.281119	0.0738774	0	0	0.394185	0	0	0	0.0956444	-0.0147269	0.0759316
2013-08-26 00:00:00	-0.2	0	2.41201	0	0	0	0	0	0	0	0	0	0	0	-2.14731	-0.280312	0.0731296	0	0	0.360852	0	0	0	0.0950999	-0.0140035	0.299468
2013-08-27 00:00:00	0	0	2.13414	0	0	0	0	0	0	0	0	0	0	0	-2.20038	-0.279161	0.0732795	0	0	0.334117	0	0	0	0.0947339	-0.0133012	0.14343
2013-08-28 00:00:00	0	0	2.01308	0	0	0	0	0	0	0	0	0	0	0	-1.92926	-0.278675	0.0731177	0	0	0.31452	0	0	0	0.0943372	-0.012717	0.274406
2013-08-29 00:00:00	-0.4	0	2.17876	0	0	0	0	0	0	0	0	0	0	0	-1.74685	-0.277613	0.072874	0	0	0.303855	0	0	0	0.0941432	-0.0123567	0.212813
2013-08-30 00:00:00	-1	0	2.21363	0	0	0	0	0	0	0	0	0	0	0	-1.37214	-0.27674	0.0728213	0	0	0.309439	0	0	0	0.0936448	-0.0121685	0.0284866
2013-08-31 00:00:00	0	0	1.74383	0	0	0	0	0	0	0	0	0	0	0	-1.72693	-0.275882	0.0727114	0	0	0.302759	0	0	0	0.0934181	-0.0122602	0.197644
2013-09-01 00:00:00	-0.302252	0	1.90317	0	0	0	0	0	0	0	0	0	0	0	-1.6389	-0.274759	0.0726019	0	0	0.297386	0	0	0	0.0932005	-0.0121395	0.138316
2013-09-02 00:00:00	-1.10676	0	2.27949	0	0	0	0	0	0	0	0	0	0	0	-1.17941	-0.274281	0.0725292	0	0	0.303127	0	0	0	0.0929886	-0.0120444	0.175641
2013-09-03 00:00:00	0	0	1.87985	0	0	0	0	0	0	0	0	0	0	0	-1.8467	-0.273239	0.0724359	0	0	0.290463	0	0	0	0.0927622	-0.0121402	0.203432
2013-09-04 00:00:00	0	0	1.70986	0	0	0	0	0	0	0	0	0	0	0	-1.58867	-0.272551	0.0720637	0	0	0.279966	0	0	0	0.0925602	-0.0119232	0.281301
2013-09-05 00:00:00	0	0	1.58647	0	0	0	0	0	0	0	0	0	0	0	-1.77469	-0.271824	0.0718508	0	0	0.274219	0	0	0	0.0923581	-0.0117472	-0.0333585
2013-09-06 00:00:00	-16.1878	2.63767	1.99942	0	-1.29995E-06	0	0	0	0	0	0	0	0	0	8.2109	-0.271752	0.0719916	0	0	0.45336	0	0	0	0.0916283	-0.0133671	-3.00797
2013-09-07 00:00:00	-10.054	-0.00187327	2.02603	0	0.0334796	0	0.00274471	0	0	0	0	0	0	0	5.26293	-0.271887	0.0720811	0	0	0.795384	0	0	0	0.0917033	-0.0203893	-2.06385
2013-09-08 00:00:00	0	-1.74282	1.93035	0	-0.00696896	0	0.000392831	0	0	0	0	0	0	0	-0.906529	-0.271444	0.0720692	0	0	0.899822	0	0	0	0.0916258	-0.0238093	0.0426874
2013-09-09 00:00:00	-3.11576	1.09041	1.91508	0	0.00346066	0	0	0	0	0	0	0	0	0	-0.286731	-0.270521	0.0719644	0	0	0.864828	0	0	0	0.0914668	-0.0229357	0.341255
2013-09-10 00:00:00	0	-1.60304	1.99781	0	-0.00540975	0	0.000527024	0	0	0	0	0	0	0	-0.783072	-0.269357	0.0718532	0	0	0.827026	0	0	0	0.0913414	-0.0222068	0.305474
2013-09-11 00:00:00	-2.61351	0.443791	2.11866	0	0.00133923	0	0.000411641	0	0	0	0	0	0	0	0.0759361	-0.268602	0.0717196	0	0	0.783863	0	0	0	0.0912038	-0.02167	0.683142
2013-09-12 00:00:00	-1.60901	-0.300916	2.16314	0	-0.00166007	0	0.00217839	0	0	0	0	0	0	0	-1.1796	-0.268074	0.071697	0	0	0.769995	0	0	0	0.0910835	-0.0210303	-0.282199
2013-09-13 00:00:00	-2.31126	0.399658	1.88216	0	0.000821734	0	0.00126465	0	0	0	0	0	0	0	-0.434263	-0.267187	0.0715579	0	0	0.746429	0	0	0	0.090878	-0.0206189	0.15944
2013-09-14 00:00:00	0	-0.758913	1.67216	0	-0.00470244	0	0.000134638	0	0	0	0	0	0	0	-1.49314	-0.265808	0.0713823	0	0	0.7174	0	0	0	0.0907246	-0.0202578	0.0089856
2013-09-15 00:00:00	-8.44504	2.54447	1.73147	0	0.0176582	-0.00256548	0.00847047	0	0	0	0	0	0	0	2.6494	-0.265024	0.0714172	0	0	0.758253	0	0	0	0.0905475	-0.0202276	-0.861162
2013-09-16 00:00:00	-1.80901	-0.0258955	1.63716	0	-0.00168166	-0.000919464	0.00264758	0	0	0	0	0	0	0	-0.30273	-0.264668	0.0713716	0	0	0.829718	0	0	0	0.0903379	-0.0220954	0.204241
2013-09-17 00:00:00	-0.502252	-1.04198	1.65073	0	-0.00342305	-2.51986E-05	0.00137797	0	0	0	0	0	0	0	-0.665339	-0.263534	0.0712717	0	0	0.809814	0	0	0	0.0902033	-0.0217921	0.125046
2013-09-18 00:00:00	-0.2	-1.22327	1.56753	0	-0.00413894	0	0.00131334	0	0	0	0	0	0	0	-0.810341	-0.262768	0.0711364	0	0	0.775893	0	0	0	0.0901076	-0.021416	-0.0159471
2013-09-19 00:00:00	-11.9653	2.34551	1.68851	0	0.0400732	-0.0191211	0.0322624	0	0	0	0	0	0	0	5.0349	-0.261807	0.0710899	0	0	0.892472	0	0	0	0.0899553	-0.0224179	-2.07387
2013-09-20 00:00:00	-0.2	-1.32193	1.65517	0	-0.00702206	-0.000531885	0.00296399	0	0	0	0	0	0	0	-0.736772	-0.261924	0.0711195	0	0	1.02397	0	0	0	0.0900698	-0.026269	0.288849
2013-09-21 00:00:00	0	-1.31495	1.75372	0	-0.00541337	0	0.00123287	0	0	0	0	0	0	0	-1.01687	-0.261157	0.0710014	0	0	0.957614	0	0	0	0.0899908	-0.0257938	0.249374
2013-09-22 00:00:00	-0.2	-0.0794761	1.83338	0	-0.0152069	0	0.000464606	0	0	0	0	0	0	0	-1.68123	-0.259886	0.0708927	0	0	0.876517	0	0	0	0.0899167	-0.0238936	0.611478
2013-09-23 00:00:00	0	-0.0116295	1.79241	0	-0.0216783	0	0	0	0	0	0	0	0	0	-1.81585	-0.259019	0.0707311	0	0	0.774907	0	0	0	0.0899041	-0.0222385	0.597529
2013-09-24 00:00:00	0	-0.011171	1.71155	0	-0.0151901	0	0	0	0	0	0	0	0	0	-1.93297	-0.257557	0.0706054	0	0	0.691849	0	0	0	0.0898044	-0.0204997	0.326423
2013-09-25 00:00:00	-1.30676	-0.00109935	1.52245	0	0.000366657	0	0	0	0	0	0	0	0	0	-0.501572	-0.257349	0.0705375	0	0	0.668777	0	0	0	0.0896799	-0.0193435	0.265694
2013-09-26 00:00:00	-0.302252	-0.00674057	1.36288	0	-0.000560326	0	0	0	0	0	0	0	0	0	-1.54182	-0.255912	0.0704411	0	0	0.639201	0	0	0	0.0896215	-0.0190609	0.035805
2013-09-27 00:00:00	-0.302252	-0.00746412	1.46679	0	-0.000884405	0	0	0	0	0	0	0	0	0	-1.24246	-0.254492	0.0702079	0	0	0.60434	0	0	0	0.0894642	-0.0185297	0.404715
2013-09-28 00:00:00	-0.2	-0.00832094	1.48162	0	-0.00101032	0	0	0	0	0	0	0	0	0	-1.18783	-0.253389	0.0697054	0	0	0.563468	0	0	0	0.0893544	-0.017937	0.535662
2013-09-29 00:00:00	-0.2	0	1.37451	0	-0.000274707	0	0	0	0	0	0	0	0	0	-1.5608	-0.253346	0.069701	0	0	0.536336	0	0	0	0.0893774	-0.0172083	0.0382966
2013-09-30 00:00:00	0	0	1.37865	0	-0.000550202	0	0	0	0	0	0	0	0	0	-1.55943	-0.252703	0.0694705	0	0	0.508452	0	0	0	0.0890758	-0.0166979	0.216267
2013-10-01 00:00:00	0	0	1.31439	0	0.000692034	0	0	0	0	0	0	0	0	0	-1.57954	-0.251177	0.0694212	0	0	0.489534	0	0	0	0.0885496	-0.0160346	0.115836
2013-10-02 00:00:00	-2.0045	0.445486	1.52489	0	0.00101917	0	0	0	0	0	0	0	0	0	-0.450438	-0.250698	0.0693853	0	0	0.495389	0	0	0	0.0884293	-0.01577	-0.0968106
2013-10-03 00:00:00	-2.4045	0.63809	1.68481	0	0.00101534	0	0	0	0	0	0	0	0	0	-0.524975	-0.249927	0.0692726	0	0	0.521665	0	0	0	0.0882657	-0.0162594	-0.19255
2013-10-04 00:00:00	-2.2045	0.543736	1.59242	0	0.000661016	0	0	0	0	0	0	0	0	0	-0.39283	-0.248955	0.0691477	0	0	0.544632	0	0	0	0.0880996	-0.0166523	-0.0242469
2013-10-05 00:00:00	-2.96848	0.939794	1.46044	0	0.000414571	0	0.000551871	0	0	0	0	0	0	0	-0.0300159	-0.24845	0.0690162	0	0	0.572297	0	0	0	0.0878967	-0.0170435	-0.133571
2013-10-06 00:00:00	0	-1.39077	1.51729	0	-1.08384E-06	0	0.000761719	0	0	0	0	0	0	0	-0.806526	-0.248016	0.0687356	0	0	0.595692	0	0	0	0.0877296	-0.017747	-0.192855
2013-10-07 00:00:00	-3.99099	1.48807	1.44182	0	1.23338E-05	0	0.00153539	0	0	0	0	0	0	0	0.244113	-0.247627	0.068325	0	0	0.61761	0	0	0	0.0875699	-0.0180732	-0.30764
2013-10-08 00:00:00	-1.30225	-0.120557	1.38981	0	1.35156E-05	0	0.00107342	0	0	0	0	0	0	0	-0.303928	-0.247213	0.0683635	0	0	0.647107	0	0	0	0.0874026	-0.0188613	0.200963
2013-10-09 00:00:00	-4.96847	0.132191	1.1894	0	0.015525	0	0.00186643	0	0	0	0	0	0	0	2.0971	-0.246936	0.0683002	0	0	0.739035	0	0	0	0.0873663	-0.0193459	-0.903971
2013-10-10 00:00:00	0	-0.983764	1.07568	0	-0.00275623	0	0.00164212	0	0	0	0	0	0	0	-0.626381	-0.246468	0.0682688	0	0	0.773617	0	0	0	0.0872656	-0.0210461	0.126064
2013-10-11 00:00:00	0	-0.984663	1.09368	0	-0.00246212	0	0.000761354	0	0	0	0	0	0	0	-0.803998	-0.245466	0.0680753	0	0	0.752399	0	0	0	0.0872208	-0.0210441	-0.0554961
2013-10-12 00:00:00	-0.2	-0.591667	1.05431	0	-2.80607E-05	0	0.000632532	0	0	0	0	0	0	0	-0.528278	-0.244852	0.0679908	0	0	0.72618	0	0	0	0.0871079	-0.020538	0.35086
2013-10-13 00:00:00	-2.4045	1.16319	1.12313	0	0.00114541	0	0.00212482	0	0	0	0	0	0	0	-0.939983	-0.244688	0.0678647	0	0	0.720261	0	0	0	0.0869221	-0.020177	-0.444709
2013-10-14 00:00:00	-0.2	-0.764675	1.02591	0	-0.00119141	0	0.00101523	0	0	0	0	0	0	0	-0.540132	-0.244106	0.0677625	0	0	0.711077	0	0	0	0.0868392	-0.0201028	0.122397
2013-10-15 00:00:00	-2.4045	1.29406	0.967831	0	0.00338969	0	0.000405969	0	0	0	0	0	0	0	-0.00699422	-0.243335	0.0676125	0	0	0.702804	0	0	0	0.086703	-0.0199057	0.448065
2013-10-16 00:00:00	-14.9865	0.951036	1.00514	0	0.0530189	-0.0250252	0.0517789	0	0	0	0	0	0	0	8.53028	-0.244027	0.067878	0	0	0.959879	0	0	0	0.0867767	-0.0232145	-3.57296
2013-10-17 00:00:00	-4.60901	-0.00238072	1.04567	0	-0.00326445	-0.00977523	0.0276889	0	0	0	0	0	0	0	1.84717	-0.244365	0.0679891	0	0	1.24616	0	0	0	0.087098	-0.0292888	-0.576293
2013-10-18 00:00:00	-2.2045	0.0132199	1.05584	0	-0.00121901	-0.00315052	0.00954606	0	0	0	0	0	0	0	0.229725	-0.244035	0.0679358	0	0	1.24182	0	0	0	0.0871593	-0.0297918	0.222539
2013-10-19 00:00:00	-6.98649	-0.00777175	1.10486	0	0.00182946	-0.0152767	0.0422448	0	0	0	0	0	0	0	3.5864	-0.244058	0.0679704	0	0	1.30118	0	0	0	0.0872916	-0.0299784	-1.0918
2013-10-20 00:00:00	-4.94596	-0.00239199	1.02344	0	-0.000500756	-0.0105754	0.0296063	0	0	0	0	0	0	0	2.17764	-0.244102	0.068002	0	0	1.38735	0	0	0	0.087477	-0.0323449	-0.462354
2013-10-21 00:00:00	-8.47523	-0.00242115	1.03203	0	0.000810324	-0.0195056	0.0542608	0	0	0	0	0	0	0	4.54896	-0.244336	0.0681031	0	0	1.51	0	0	0	0.0877015	-0.0341294	-1.47376
2013-10-22 00:00:00	-7.31576	-0.0157277	1.07677	0	-9.78027E-06	-0.0164675	0.0458472	0	0	0	0	0	0	0	3.68263	-0.244666	0.0682346	0	0	1.66469	0	0	0	0.0880607	-0.0366093	-1.00301
2013-10-23 00:00:00	-2.6045	0.00187468	0.953353	0	-0.00187688	-0.00455706	0.0135946	0	0	0	0	0	0	0	0.418278	-0.244546	0.0682625	0	0	1.65962	0	0	0	0.0883371	-0.0366956	0.311144
2013-10-24 00:00:00	0	-0.742998	0.807698	0	-0.00285328	-0.000162081	0.001458	0	0	0	0	0	0	0	-0.519132	-0.243998	0.0681861	0	0	1.52797	0	0	0	0.0883986	-0.0353755	0.949195
2013-10-25 00:00:00	-5.31126	0.720152	0.897087	0	0.00400067	-0.00909466	0.0256728	0	0	0	0	0	0	0	1.90166	-0.243861	0.0681878	0	0	1.47562	0	0	0	0.0884445	-0.0336006	-0.416995
2013-10-26 00:00:00	-1.1955	-0.0229136	0.896777	0	-0.00168108	-0.00111763	0.00377316	0	0	0	0	0	0	0	-0.338519	-0.24357	0.0681619	0	0	1.42989	0	0	0	0.0886189	-0.0335197	0.650403
2013-10-27 00:00:00	-6.18199	0.00555433	0.857198	0	0.00202604	-0.0136964	0.0385119	0	0	0	0	0	0	0	3.01408	-0.243716	0.0682206	0	0	1.45344	0	0	0	0.0887514	-0.0324262	-0.944048
2013-10-28 00:00:00	-2.2045	-0.0117362	0.779094	0	-0.001376	-0.00396122	0.0118014	0	0	0	0	0	0	0	0.359578	-0.243638	0.0682413	0	0	1.46249	0	0	0	0.0889588	-0.0338683	0.271083
2013-10-29 00:00:00	-0.2	-0.486775	0.72216	0	-0.0020569	-0.000149192	0.00181149	0	0	0	0	0	0	0	-0.721875	-0.242904	0.0681962	0	0	1.36221	0	0	0	0.0889889	-0.0326227	0.556981
2013-10-30 00:00:00	-1.7955	0.479384	0.685833	0	0.00169343	-0.00136441	0.00451918	0	0	0	0	0	0	0	-0.189746	-0.242502	0.0681098	0	0	1.26772	0	0	0	0.0890025	-0.0306155	0.336537
2013-10-31 00:00:00	-3.49324	-0.00922289	0.727649	0	0.000708678	-0.0071638	0.0205162	0	0	0	0	0	0	0	1.33254	-0.242229	0.0681207	0	0	1.26727	0	0	0	0.0890946	-0.0298699	-0.275837
2013-11-01 00:00:00	0	-0.624431	0.675528	0	-0.00288387	-0.000236069	0.00170473	0	0	0	0	0	0	0	-0.436108	-0.2419	0.0680681	0	0	1.22283	0	0	0	0.0891776	-0.0297249	0.722027
2013-11-02 00:00:00	-14.9189	0.608382	0.552345	0	0.00569325	-0.0354951	0.0981807	0	0	0	0	0	0	0	8.56747	-0.242748	0.0683504	0	0	1.47379	0	0	0	0.0895148	-0.0317169	-3.76518
2013-11-03 00:00:00	-4.71576	-0.00927429	0.56793	0	-0.00227023	-0.0112532	0.0322855	0	0	0	0	0	0	0	2.01401	-0.24386	0.0686304	0	0	1.74371	0	0	0	0.0902631	-0.0372179	-0.502806
2013-11-04 00:00:00	-0.2	-0.273146	0.478331	0	-0.00238079	-0.000322008	0.00226947	0	0	0	0	0	0	0	-0.635468	-0.243579	0.0686187	0	0	1.65841	0	0	0	0.0904509	-0.0369498	0.906234
2013-11-05 00:00:00	-0.902252	0.248501	0.44312	0	0.000921995	-0.000387825	0.00200047	0	0	0	0	0	0	0	-0.530459	-0.243008	0.0685249	0	0	1.4952	0	0	0	0.0904725	-0.0349946	0.637641
2013-11-06 00:00:00	-3.81351	-0.0138295	0.566121	0	0.00287409	-0.00828585	0.0235881	0	0	0	0	0	0	0	1.80363	-0.243012	0.068555	0	0	1.47039	0	0	0	0.0906457	-0.03311	-0.0859465
2013-11-07 00:00:00	-2.60901	-0.00264822	0.546668	0	0.000518309	-0.00544044	0.0162589	0	0	0	0	0	0	0	0.816124	-0.24302	0.0685793	0	0	1.4621	0	0	0	0.0908428	-0.0328558	0.108119
2013-11-08 00:00:00	-1.0045	-0.0128236	0.506693	0	-0.00076893	-0.00141742	0.00493255	0	0	0	0	0	0	0	-0.204987	-0.242696	0.068538	0	0	1.39021	0	0	0	0.0909804	-0.0320548	0.562106
2013-11-09 00:00:00	-3.51126	0.00304723	0.424086	0	0.0025914	-0.00785336	0.0229705	0	0	0	0	0	0	0	1.40469	-0.242709	0.0685574	0	0	1.3717	0	0	0	0.0910586	-0.0310982	-0.404222
2013-11-10 00:00:00	-0.2	-0.219368	0.418356	0	-0.00168212	-0.00026597	0.00176172	0	0	0	0	0	0	0	-0.492368	-0.242344	0.0685149	0	0	1.31931	0	0	0	0.0912082	-0.0314117	0.711713
2013-11-11 00:00:00	-2.40901	0.196726	0.569787	0	0.00187665	-0.00401655	0.0122501	0	0	0	0	0	0	0	0.60516	-0.242051	0.0684667	0	0	1.26503	0	0	0	0.0911902	-0.0299268	0.125488
2013-11-12 00:00:00	-1.90676	-0.0171543	0.535271	0	0.000432126	-0.00362379	0.0108243	0	0	0	0	0	0	0	0.428309	-0.24188	0.0684468	0	0	1.24352	0	0	0	0.0913197	-0.029511	0.179194
2013-11-13 00:00:00	-0.302252	-0.209915	0.515875	0	-0.00161613	-0.000145306	0.00146516	0	0	0	0	0	0	0	-0.519629	-0.241368	0.0684059	0	0	1.17839	0	0	0	0.0913556	-0.028795	0.551773
2013-11-14 00:00:00	0	-0.397912	0.446053	0	-0.00190985	0	0.00163304	0	0	0	0	0	0	0	-0.63657	-0.240656	0.068418	0	0	1.11049	0	0	0	0.0912514	-0.0276793	0.413115
2013-11-15 00:00:00	-0.302252	-0.160008	0.482093	0	-0.00113046	0	0.00125987	0	0	0	0	0	0	0	-0.590028	-0.240209	0.0682829	0	0	1.04414	0	0	0	0.091144	-0.0271754	0.366115
2013-11-16 00:00:00	-0.2	-0.308522	0.546064	0	-0.00158033	0	0.00133213	0	0	0	0	0	0	0	-0.711312	-0.239758	0.0682199	0	0	0.990304	0	0	0	0.0911195	-0.0261538	0.209713
2013-11-17 00:00:00	-2.80901	1.04842	0.389141	0	0.00480895	-0.00272065	0.00844773	0	0	0	0	0	0	0	0.35456	-0.239426	0.0681494	0	0	0.970604	0	0	0	0.090962	-0.0257439	-0.141808
2013-11-18 00:00:00	-0.302252	-0.0871426	0.378204	0	-0.00145784	-0.000243006	0.00178957	0	0	0	0	0	0	0	-0.550641	-0.238963	0.068088	0	0	0.965634	0	0	0	0.0910228	-0.0255082	0.298531
2013-11-19 00:00:00	-1.49324	0.0693587	0.315677	0	0.000882658	-0.00269938	0.00863895	0	0	0	0	0	0	0	0.260427	-0.238525	0.0680163	0	0	0.952864	0	0	0	0.0909561	-0.0250842	0.00726672
2013-11-20 00:00:00	-9.95496	-0.0116595	0.396975	0	0.00467293	-0.0248606	0.0706715	0	0	0	0	0	0	0	5.68211	-0.239631	0.0681409	0	0	1.1601	0	0	0	0.0912662	-0.0274736	-2.78464
2013-11-21 00:00:00	-0.302252	-0.0191976	0.314191	0	-0.00385866	-0.000540766	0.00369693	0	0	0	0	0	0	0	-0.588143	-0.239862	0.0682364	0	0	1.28595	0	0	0	0.0916693	-0.0305898	0.579303
2013-11-22 00:00:00	0	-0.234142	0.241271	0	-0.000553356	0	0.00133548	0	0	0	0	0	0	0	-0.517756	-0.239341	0.068145	0	0	1.19724	0	0	0	0.0916435	-0.0290466	0.5788
2013-11-23 00:00:00	0	-0.265156	0.297512	0	-0.00144399	0	0.00130657	0	0	0	0	0	0	0	-0.461091	-0.238868	0.068043	0	0	1.12105	0	0	0	0.0915453	-0.0281381	0.584761
2013-11-24 00:00:00	0	-0.251903	0.282672	0	-0.00140345	0	0.00129994	0	0	0	0	0	0	0	-0.661738	-0.238359	0.067888	0	0	1.0538	0	0	0	0.0915078	-0.0268101	0.316954
2013-11-25 00:00:00	-0.2	-0.068459	0.277161	0	-0.000806075	0	0.00116973	0	0	0	0	0	0	0	-0.636138	-0.237471	0.0678139	0	0	0.996949	0	0	0	0.0914372	-0.0260281	0.265629
2013-11-26 00:00:00	-1.90676	0.788013	0.390169	0	0.00337973	-0.0011677	0.005061	0	0	0	0	0	0	0	-0.0224246	-0.236837	0.0677406	0	0	0.961414	0	0	0	0.0913289	-0.02552	0.114401
2013-11-27 00:00:00	0	-0.34979	0.368536	0	-0.00183618	-0.000151099	0.00150255	0	0	0	0	0	0	0	-0.658929	-0.236042	0.0676728	0	0	0.94284	0	0	0	0.0913097	-0.0251447	0.199968
2013-11-28 00:00:00	0	-0.309245	0.347168	0	-0.001569	0	0.00130312	0	0	0	0	0	0	0	-0.575488	-0.235313	0.0675808	0	0	0.903891	0	0	0	0.0912661	-0.0240433	0.26555
2013-11-29 00:00:00	-2.80901	0.625679	0.361717	0	0.00374036	-0.00418154	0.0128002	0	0	0	0	0	0	0	0.706167	-0.234982	0.0675269	0	0	0.904489	0	0	0	0.0911715	-0.024123	-0.299003
2013-11-30 00:00:00	-0.2	-0.100742	0.300742	0	-0.00172964	-0.000219917	0.00197172	0	0	0	0	0	0	0	-0.615679	-0.234787	0.0674675	0	0	0.919104	0	0	0	0.0911838	-0.0245231	0.202789
2013-12-01 00:00:00	0	-0.294267	0.319854	0	-0.00118133	0	0.00117491	0	0	0	0	0	0	0	-0.724411	-0.233831	0.0673588	0	0	0.885167	0	0	0	0.0911258	-0.0234968	0.0874944
2013-12-02 00:00:00	-0.2	-0.0913589	0.303092	0	-0.00101122	0	0.00111004	0	0	0	0	0	0	0	-0.642011	-0.23261	0.067263	0	0	0.85565	0	0	0	0.0910622	-0.0229317	0.128255
2013-12-03 00:00:00	-5.15496	0.45408	0.368324	0	0.00549414	-0.0108189	0.0313442	0	0	0	0	0	0	0	2.33836	-0.232802	0.0672912	0	0	0.924773	0	0	0	0.0910403	-0.0239094	-1.14179
2013-12-04 00:00:00	-0.502252	-0.0123452	0.307001	0	-0.00160907	-0.000805418	0.00351575	0	0	0	0	0	0	0	-0.313379	-0.232775	0.0672804	0	0	0.988197	0	0	0	0.0911705	-0.0257831	0.368216
2013-12-05 00:00:00	-24.6334	-0.0077537	0.279344	0	0.0075846	-0.0635982	0.181199	0	0	0	0	0	0	0	14.9311	-0.235692	0.0678629	0	0	1.55024	0	0	0	0.0920482	-0.031733	-7.86272
2013-12-06 00:00:00	0	-0.236042	0.24139	0	-0.00713724	-0.000973944	0.00650219	0	0	0	0	0	0	0	-0.722965	-0.236988	0.0681857	0	0	1.97059	0	0	0	0.0932498	-0.0398158	1.13599
2013-12-07 00:00:00	-4.95496	0.215824	0.29169	0	0.00251644	-0.011357	0.0341908	0	0	0	0	0	0	0	2.13465	-0.237041	0.0682032	0	0	1.88111	0	0	0	0.0934007	-0.0386867	-0.520464
2013-12-08 00:00:00	-11.9054	-0.0109571	0.366355	0	0.00243381	-0.0303374	0.0876165	0	0	0	0	0	0	0	6.54508	-0.238467	0.0684898	0	0	2.09368	0	0	0	0.0941587	-0.0403506	-2.96772
2013-12-09 00:00:00	-0.604504	-0.00912442	0.35789	0	-0.00454158	-0.00117726	0.00627622	0	0	0	0	0	0	0	-0.512921	-0.23878	0.0685767	0	0	2.12997	0	0	0	0.0948122	-0.0419425	1.24454
2013-12-10 00:00:00	0	-0.329737	0.347225	0	-0.000893223	-3.13856E-05	0.00141882	0	0	0	0	0	0	0	-0.672278	-0.238235	0.0684756	0	0	1.89201	0	0	0	0.0948781	-0.0394479	1.12339
2013-12-11 00:00:00	0	-0.308166	0.346445	0	-0.0014404	0	0.00151161	0	0	0	0	0	0	0	-0.631714	-0.237752	0.0683753	0	0	1.69624	0	0	0	0.0948523	-0.0370796	0.991274
2013-12-12 00:00:00	-2.38649	0.612611	0.371957	0	0.00319934	-0.00313647	0.0104627	0	0	0	0	0	0	0	0.371911	-0.237487	0.0683189	0	0	1.57737	0	0	0	0.0948592	-0.0353085	0.448271
2013-12-13 00:00:00	-1.59099	-0.0112502	0.357986	0	-0.000259986	-0.0032899	0.0105815	0	0	0	0	0	0	0	0.104166	-0.237313	0.0682824	0	0	1.50571	0	0	0	0.0950169	-0.0344564	0.264185
2013-12-14 00:00:00	-9.96847	-0.00816814	0.339864	0	0.00297788	-0.0249907	0.0723104	0	0	0	0	0	0	0	5.57084	-0.238279	0.068477	0	0	1.66011	0	0	0	0.0953856	-0.0354551	-2.4654
2013-12-15 00:00:00	-12	-0.0103646	0.327217	0	0.000975616	-0.0306374	0.0891107	0	0	0	0	0	0	0	6.61218	-0.240091	0.0688759	0	0	2.04612	0	0	0	0.0963623	-0.0396343	-3.07989
2013-12-16 00:00:00	-6.95497	-0.00807279	0.254595	0	-0.00159266	-0.0179078	0.0538957	0	0	0	0	0	0	0	3.38173	-0.241245	0.0691522	0	0	2.28486	0	0	0	0.0972635	-0.0429785	-1.12527
2013-12-17 00:00:00	-0.2	-0.086159	0.28616	0	-0.00318273	-0.000432178	0.00397208	0	0	0	0	0	0	0	-0.749994	-0.241126	0.0691571	0	0	2.17876	0	0	0	0.0976651	-0.0425236	1.3123
2013-12-18 00:00:00	-7.9392	0.0676671	0.312207	0	0.0032797	-0.0194681	0.0568453	0	0	0	0	0	0	0	3.89222	-0.241654	0.0692682	0	0	2.15673	0	0	0	0.097983	-0.0416616	-1.58579
2013-12-19 00:00:00	-1.50901	-0.00693503	0.314838	0	-0.00250132	-0.00341063	0.0122756	0	0	0	0	0	0	0	-0.0433054	-0.241821	0.0693254	0	0	2.13197	0	0	0	0.0985106	-0.0416754	0.77826
2013-12-20 00:00:00	-13.937	-0.0121523	0.316056	0	0.00444202	-0.0354593	0.102042	0	0	0	0	0	0	0	7.58282	-0.243267	0.0696291	0	0	2.35309	0	0	0	0.0991352	-0.0429965	-3.74361
2013-12-21 00:00:00	-22.5658	-0.00855536	0.268751	0	0.0190649	-0.0590584	0.170357	0	0	0	0	0	0	0	12.2118	-0.246631	0.070515	0	0	3.50506	0	0	0	0.100731	-0.0518756	-6.58563
2013-12-22 00:00:00	-2.38649	-0.00682671	0.247604	0	-0.01851	-0.0063455	0.0234765	0	0	0	0	0	0	0	0.620466	-0.247667	0.0708572	0	0	3.90915	0	0	0	0.101956	-0.0587837	2.24889
2013-12-23 00:00:00	-20.4739	-0.00773413	0.270842	0	0.00314526	-0.0528346	0.153004	0	0	0	0	0	0	0	10.4341	-0.250269	0.0712411	0	0	4.17792	0	0	0	0.103103	-0.0593699	-5.63078
2013-12-24 00:00:00	-6.73245	-0.0119073	0.264004	0	0.0143593	-0.0176235	0.0540967	0	0	0	0	0	0	0	3.03331	-0.252085	0.0715546	0	0	4.44085	0	0	0	0.104628	-0.0625379	0.906205
2013-12-25 00:00:00	-1.49775	-0.012236	0.273569	0	-0.0221657	-0.00348113	0.0131052	0	0	0	0	0	0	0	-0.0559166	-0.252095	0.0715416	0	0	3.96481	0	0	0	0.105205	-0.0598256	2.52477
2013-12-26 00:00:00	-1.1955	-0.007269	0.256975	0	-0.000310631	-0.00245714	0.0100219	0	0	0	0	0	0	0	-0.386448	-0.251962	0.0714612	0	0	3.49225	0	0	0	0.105522	-0.0552073	2.03708
2013-12-27 00:00:00	-39.7883	-0.00342081	0.289644	0	0.0192941	-0.121346	0.303437	0	0	0	0	0	0	0	18.7742	-0.256787	0.0724468	0	0	4.82161	0	0	0	0.107605	-0.0607376	-15.8424
2013-12-28 00:00:00	-4.98199	-0.0145368	0.227505	0	0.139094	-0.021332	0.0471026	0	0	0	0	0	0	0	1.84113	-0.259458	0.0731778	0	0	6.11716	0	0	0	0.109787	-0.0747254	3.20292
2013-12-29 00:00:00	-1.1955	-0.0104995	0.282933	0	-0.151204	-0.00454531	0.0130199	0	0	0	0	0	0	0	-0.353645	-0.259361	0.073125	0	0	5.29627	0	0	0	0.110386	-0.0692902	3.7317
2013-12-30 00:00:00	-23.946	-0.00328091	0.292752	0	-0.00112176	-0.0734549	0.183878	0	0	0	0	0	0	0	10.6937	-0.262418	0.0737307	0	0	5.55532	0	0	0	0.111722	-0.0691246	-7.44422
2013-12-31 00:00:00	-0.502252	-0.0114151	0.29253	0	-0.00368763	-0.00474026	0.011376	0	0	0	0	0	0	0	-0.474514	-0.263739	0.0742124	0	0	5.44651	0	0	0	0.113237	-0.0703575	4.60716
2014-01-01 00:00:00	-14.9144	-0.00449379	0.294442	0	0.00121045	-0.0453369	0.115935	0	0	0	0	0	0	0	6.35942	-0.265374	0.0745495	0	0	5.2687	0	0	0	0.114069	-0.0668253	-3.06814
2014-01-02 00:00:00	-5.77298	-0.0158908	0.258277	0	-0.000777651	-0.0192226	0.0477467	0	0	0	0	0	0	0	1.84414	-0.266734	0.0747734	0	0	5.10486	0	0	0	0.115577	-0.0674562	1.30232
2014-01-03 00:00:00	-6.78199	-0.00614799	0.302581	0	-0.000425193	-0.0211018	0.0556309	0	0	0	0	0	0	0	2.01241	-0.267833	0.0748944	0	0	4.78273	0	0	0	0.116541	-0.0646483	0.202652
2014-01-04 00:00:00	-1.6045	-0.00566151	0.280487	0	-0.00218064	-0.00505041	0.0166701	0	0	0	0	0	0	0	-0.336916	-0.268018	0.0748873	0	0	4.31205	0	0	0	0.117262	-0.0618869	2.51714
2014-01-05 00:00:00	-4.17973	-0.013663	0.271284	0	0.00154029	-0.0115695	0.0326842	0	0	0	0	0	0	0	0.811009	-0.268358	0.0748909	0	0	3.89906	0	0	0	0.117711	-0.0587048	0.676154
2014-01-06 00:00:00	-8.37298	-0.00614644	0.28612	0	0.00110629	-0.0250194	0.0662958	0	0	0	0	0	0	0	2.90478	-0.269332	0.075104	0	0	3.83022	0	0	0	0.118511	-0.0565962	-1.44793
2014-01-07 00:00:00	-4.19324	-0.00787863	0.288073	0	-0.00165213	-0.0131742	0.0357396	0	0	0	0	0	0	0	0.872685	-0.269862	0.0753046	0	0	3.6975	0	0	0	0.119149	-0.0564398	0.546201
2014-01-08 00:00:00	-3.17973	-0.0133084	0.29636	0	2.27677E-05	-0.00919876	0.0260117	0	0	0	0	0	0	0	0.570516	-0.270452	0.0753554	0	0	3.41582	0	0	0	0.119478	-0.0547154	0.976158
2014-01-09 00:00:00	-0.2	-0.098745	0.298743	0	-0.00174259	-0.00043949	0.00590045	0	0	0	0	0	0	0	-1.07142	-0.270559	0.0753008	0	0	3.04913	0	0	0	0.11976	-0.0514346	1.85449
2014-01-10 00:00:00	-5.77073	0.0880411	0.294206	0	0.00199465	-0.0151294	0.0438	0	0	0	0	0	0	0	1.9363	-0.27117	0.0753671	0	0	2.89588	0	0	0	0.119919	-0.0495497	-0.651063
2014-01-11 00:00:00	-0.502252	-0.0103405	0.271918	0	-0.00195903	-0.00129967	0.00649778	0	0	0	0	0	0	0	-0.806901	-0.271461	0.075336	0	0	2.66739	0	0	0	0.120278	-0.0483114	1.49889
2014-01-12 00:00:00	-0.2	-0.0712042	0.265937	0	-0.000263968	-1.63843E-05	0.00356783	0	0	0	0	0	0	0	-0.649249	-0.271277	0.0752613	0	0	2.37329	0	0	0	0.12011	-0.0455049	1.60065
2014-01-13 00:00:00	-1.40901	0.0544506	0.314057	0	0.000738195	-0.0024006	0.0114262	0	0	0	0	0	0	0	-0.164313	-0.271213	0.0752155	0	0	2.16436	0	0	0	0.120175	-0.0420153	0.851477
2014-01-14 00:00:00	-1.40901	-0.00893719	0.274095	0	-5.20202E-05	-0.00289172	0.0119724	0	0	0	0	0	0	0	-0.12404	-0.271168	0.0752165	0	0	2.00459	0	0	0	0.120184	-0.0402463	0.629712
2014-01-15 00:00:00	-11.9842	-0.0121127	0.352564	0	0.00373982	-0.0333982	0.0899277	0	0	0	0	0	0	0	5.2296	-0.272613	0.0756087	0	0	2.24705	0	0	0	0.120671	-0.0413626	-4.22455
2014-01-16 00:00:00	-0.302252	-0.0426548	0.337725	0	-0.00375465	-0.00194849	0.00736055	0	0	0	0	0	0	0	-1.02416	-0.273019	0.0757916	0	0	2.32782	0	0	0	0.121065	-0.0444932	1.17748
2014-01-17 00:00:00	-0.502252	0.0208293	0.344482	0	-0.000641211	-0.000138369	0.00396757	0	0	0	0	0	0	0	-0.535354	-0.272715	0.0757295	0	0	2.07729	0	0	0	0.120989	-0.0419523	1.29023
2014-01-18 00:00:00	-3.18874	-0.0058167	0.361874	0	0.00146202	-0.00718131	0.0245829	0	0	0	0	0	0	0	0.733359	-0.272885	0.0757576	0	0	1.9813	0	0	0	0.121008	-0.0399874	-0.215271
2014-01-19 00:00:00	-3.60225	-0.00607931	0.357662	0	1.19165E-06	-0.00949859	0.028642	0	0	0	0	0	0	0	0.993826	-0.273212	0.0758436	0	0	1.97887	0	0	0	0.121147	-0.0397368	-0.374785
2014-01-20 00:00:00	-0.2	-0.17114	0.361671	0	-0.00135639	-0.000462628	0.00430093	0	0	0	0	0	0	0	-0.787963	-0.272874	0.0758093	0	0	1.80642	0	0	0	0.121142	-0.0403102	0.89524
2014-01-21 00:00:00	-1.8	0.156353	0.296005	0	0.000833229	-0.00316827	0.0133164	0	0	0	0	0	0	0	0.176319	-0.273017	0.075846	0	0	1.7351	0	0	0	0.12111	-0.0370922	0.461602
2014-01-22 00:00:00	-3.17523	-0.00904487	0.37223	0	0.000728641	-0.00733957	0.0242127	0	0	0	0	0	0	0	0.776863	-0.273259	0.0759078	0	0	1.71656	0	0	0	0.121156	-0.0365044	-0.413723
2014-01-23 00:00:00	-4.18874	-0.00833173	0.345317	0	0.000753943	-0.0114022	0.0323716	0	0	0	0	0	0	0	1.29222	-0.273727	0.0760164	0	0	1.78232	0	0	0	0.121225	-0.0370052	-0.86898
2014-01-24 00:00:00	-7.95497	-0.0026578	0.348412	0	0.00113981	-0.0235965	0.0621713	0	0	0	0	0	0	0	3.50422	-0.275081	0.076285	0	0	2.02552	0	0	0	0.121544	-0.0386993	-2.1557
2014-01-25 00:00:00	-17.9978	-0.00532373	0.407864	0	0.00255946	-0.0559206	0.138857	0	0	0	0	0	0	0	8.8439	-0.278054	0.076953	0	0	2.71262	0	0	0	0.122334	-0.0457057	-6.07766
2014-01-26 00:00:00	-3.98874	-0.00724442	0.374761	0	-0.00403246	-0.0146405	0.0357893	0	0	0	0	0	0	0	0.932191	-0.2801	0.0773391	0	0	3.09348	0	0	0	0.123131	-0.051583	0.290351
2014-01-27 00:00:00	-1.50225	-0.000174525	0.402673	0	-0.00120032	-0.00431824	0.0142715	0	0	0	0	0	0	0	-0.282073	-0.280437	0.0773465	0	0	2.83443	0	0	0	0.123223	-0.0508492	1.33064
2014-01-28 00:00:00	-1.40901	-0.0134588	0.39883	0	-0.000170178	-0.00279753	0.0107719	0	0	0	0	0	0	0	-0.27829	-0.28034	0.0773261	0	0	2.56577	0	0	0	0.123499	-0.0476253	1.14451
2014-01-29 00:00:00	-4.58874	-0.00735581	0.421512	0	0.00171861	-0.0120986	0.0346327	0	0	0	0	0	0	0	1.34565	-0.280811	0.0776263	0	0	2.47816	0	0	0	0.123721	-0.0453037	-0.451294
2014-01-30 00:00:00	0	-0.275811	0.291782	0	-0.00298348	-0.000584902	0.00534073	0	0	0	0	0	0	0	-0.928403	-0.280784	0.0776066	0	0	2.30358	0	0	0	0.123918	-0.0443228	1.26934
2014-01-31 00:00:00	-2.39324	0.273835	0.375936	0	0.00177496	-0.00414586	0.0166031	0	0	0	0	0	0	0	0.181309	-0.280933	0.0775929	0	0	2.12292	0	0	0	0.123955	-0.0417929	0.45381
2014-02-01 00:00:00	-20.3189	-0.0082056	0.440519	0	0.00441073	-0.061828	0.154597	0	0	0	0	0	0	0	10.205	-0.284065	0.078167	0	0	2.74177	0	0	0	0.124662	-0.045491	-6.96942
2014-02-02 00:00:00	-1.2045	-0.0110591	0.466462	0	-0.00496231	-0.00599828	0.0141164	0	0	0	0	0	0	0	-0.832864	-0.285887	0.0785682	0	0	3.06351	0	0	0	0.125449	-0.051742	1.35109
2014-02-03 00:00:00	0	-0.43779	0.476401	0	-0.000424325	-0.000475918	0.00391894	0	0	0	0	0	0	0	-0.975529	-0.285388	0.0786114	0	0	2.56707	0	0	0	0.125365	-0.050273	1.50149
2014-02-04 00:00:00	-1.41801	0.429946	0.448687	0	0.000379101	-0.000819832	0.0076575	0	0	0	0	0	0	0	-0.427657	-0.28538	0.078621	0	0	2.41678	0	0	0	0.1257	-0.0454882	1.33042
2014-02-05 00:00:00	-23.9279	-0.00474684	0.476483	0	0.00580208	-0.0727214	0.181548	0	0	0	0	0	0	0	11.9572	-0.288945	0.0796228	0	0	3.16503	0	0	0	0.126899	-0.0487981	-8.35061
2014-02-06 00:00:00	-0.302252	-0.172538	0.480127	0	-0.00641716	-0.00447093	0.00859224	0	0	0	0	0	0	0	-1.10554	-0.291103	0.0801147	0	0	3.53649	0	0	0	0.128129	-0.0565762	2.29456
2014-02-07 00:00:00	-0.302252	-0.11533	0.437774	0	-0.00077501	-0.00125788	0.00608479	0	0	0	0	0	0	0	-1.24386	-0.290704	0.0799873	0	0	3.1063	0	0	0	0.128282	-0.0523934	1.75185
2014-02-08 00:00:00	-24.9054	0.267957	0.505438	0	0.00861928	-0.0747919	0.186023	0	0	0	0	0	0	0	11.9296	-0.294335	0.0807523	0	0	3.74197	0	0	0	0.129703	-0.0546676	-8.4792
2014-02-09 00:00:00	-8.30993	-0.00820111	0.51757	0	-0.00291724	-0.0308303	0.0700679	0	0	0	0	0	0	0	3.10836	-0.298316	0.0814673	0	0	4.53477	0	0	0	0.131509	-0.063683	-0.270133
2014-02-10 00:00:00	-0.497748	-0.0464942	0.521206	0	-0.00494714	-0.00379273	0.00835617	0	0	0	0	0	0	0	-0.916547	-0.298476	0.0815252	0	0	4.05152	0	0	0	0.132442	-0.0625613	2.96448
2014-02-11 00:00:00	-3.15947	0.0369022	0.503447	0	0.00163537	-0.00854483	0.0237146	0	0	0	0	0	0	0	0.153586	-0.298522	0.0815701	0	0	3.67926	0	0	0	0.133047	-0.0582368	1.08839
2014-02-12 00:00:00	-17.9144	-0.00854211	0.514785	0	0.00539239	-0.0601959	0.138071	0	0	0	0	0	0	0	8.18996	-0.301141	0.0821392	0	0	4.12052	0	0	0	0.134029	-0.0586005	-5.15802
2014-02-13 00:00:00	-14.4964	-0.00111548	0.534091	0	-0.00219122	-0.0581743	0.119677	0	0	0	0	0	0	0	5.92298	-0.305117	0.0831473	0	0	4.98474	0	0	0	0.13553	-0.0650266	-3.14788
2014-02-14 00:00:00	-17.9415	-0.0078834	0.562955	0	0.0068654	-0.0707658	0.145453	0	0	0	0	0	0	0	7.92107	-0.311252	0.0841934	0	0	6.00399	0	0	0	0.137173	-0.0725304	-3.54219
2014-02-15 00:00:00	-9.74145	-0.0017735	0.591823	0	-0.00830846	-0.0410346	0.0831187	0	0	0	0	0	0	0	3.7219	-0.315486	0.0847452	0	0	6.36795	0	0	0	0.139186	-0.0767519	0.803917
2014-02-16 00:00:00	0	-0.506544	0.557266	0	-0.00461058	-0.00471225	0.00881488	0	0	0	0	0	0	0	-1.36094	-0.316321	0.0848437	0	0	5.6498	0	0	0	0.141192	-0.0745005	4.17428
2014-02-17 00:00:00	-2.38199	0.492901	0.648201	0	0.00218104	-0.00423221	0.0131166	0	0	0	0	0	0	0	-0.451091	-0.316721	0.0848456	0	0	4.86166	0	0	0	0.141866	-0.0686472	3.02209
2014-02-18 00:00:00	-3.17748	-0.00397077	0.666369	0	0.000278598	-0.00856967	0.0237763	0	0	0	0	0	0	0	0.0311431	-0.317642	0.0853183	0	0	4.37371	0	0	0	0.142881	-0.0636381	1.75217
2014-02-19 00:00:00	-5.35947	-0.0182004	0.699638	0	0.00133909	-0.0152773	0.0392214	0	0	0	0	0	0	0	1.10659	-0.319329	0.0860055	0	0	4.09637	0	0	0	0.144293	-0.0606786	0.400501
2014-02-20 00:00:00	-6.15947	-0.00725846	0.713016	0	0.000640109	-0.0189317	0.0463486	0	0	0	0	0	0	0	1.7162	-0.322124	0.0872068	0	0	3.97158	0	0	0	0.145309	-0.0589219	0.113597
2014-02-21 00:00:00	-1.20901	0.0118063	0.683812	0	-0.00286235	-0.00420048	0.0114153	0	0	0	0	0	0	0	-0.942515	-0.324303	0.0872038	0	0	3.6653	0	0	0	0.147712	-0.0573988	2.06696
2014-02-22 00:00:00	-2.51126	-0.00974833	0.767758	0	0.00071696	-0.0056964	0.0164425	0	0	0	0	0	0	0	-0.1379	-0.324915	0.0875001	0	0	3.27193	0	0	0	0.148884	-0.0537492	1.24996
2014-02-23 00:00:00	-8.57748	-0.0203955	0.853957	0	0.00340692	-0.0250357	0.062004	0	0	0	0	0	0	0	3.13524	-0.326305	0.0879356	0	0	3.29854	0	0	0	0.149495	-0.0530054	-1.41164
2014-02-24 00:00:00	-17.9279	0.0154539	0.732463	0	0.00136389	-0.0654315	0.140394	0	0	0	0	0	0	0	7.93029	-0.333222	0.0890432	0	0	4.1946	0	0	0	0.150886	-0.0567507	-5.12885
2014-02-25 00:00:00	-2.12477	-0.0160463	0.789975	0	-0.00469111	-0.0120321	0.0197733	0	0	0	0	0	0	0	-0.601314	-0.336119	0.0898389	0	0	4.24973	0	0	0	0.152614	-0.0633865	2.14357
2014-02-26 00:00:00	-2.51126	-0.000679071	0.803896	0	3.05639E-05	-0.00751651	0.0185046	0	0	0	0	0	0	0	-0.312879	-0.338004	0.0899163	0	0	3.81532	0	0	0	0.153776	-0.0590338	1.65207
2014-02-27 00:00:00	-1.41801	0.00774453	0.747447	0	-0.000690678	-0.00309973	0.0102989	0	0	0	0	0	0	0	-0.766682	-0.338292	0.0898884	0	0	3.40446	0	0	0	0.154499	-0.0557405	1.83182
2014-02-28 00:00:00	-0.404504	-0.229045	0.656369	0	-0.00113029	-0.000803563	0.00426773	0	0	0	0	0	0	0	-1.11374	-0.339229	0.0897813	0	0	2.9966	0	0	0	0.154862	-0.0521533	1.76127
2014-03-01 00:00:00	-2.21351	0.222008	0.707133	0	0.0015283	-0.00364037	0.0124602	0	0	0	0	0	0	0	-0.00916308	-0.340387	0.0897601	0	0	2.65899	0	0	0	0.155027	-0.0495245	1.23068
2014-03-02 00:00:00	-4.22702	-0.00666599	0.797708	0	0.000785682	-0.0109965	0.0295773	0	0	0	0	0	0	0	0.890462	-0.341516	0.0898599	0	0	2.61239	0	0	0	0.15545	-0.0472213	-0.0571932
2014-03-03 00:00:00	-0.302252	-0.42465	0.767587	0	-0.00278936	-0.00142591	0.00543327	0	0	0	0	0	0	0	-0.831126	-0.342867	0.0898087	0	0	2.37675	0	0	0	0.1556	-0.0471502	1.44291
2014-03-04 00:00:00	-0.2	-0.5296	0.807448	0	-0.00352546	-0.000587297	0.00383222	0	0	0	0	0	0	0	-1.13506	-0.343175	0.0897613	0	0	2.16465	0	0	0	0.155943	-0.0434333	0.96626
2014-03-05 00:00:00	0	-0.425241	0.871975	0	-0.00954308	-0.000578677	0.00283172	0	0	0	0	0	0	0	-0.946513	-0.343099	0.0896722	0	0	1.92671	0	0	0	0.15594	-0.0407251	1.28142
2014-03-06 00:00:00	-2.51576	1.10925	1.06582	0	0.00553869	-0.000525818	0.00456483	0	0	0	0	0	0	0	-0.551263	-0.343439	0.0896295	0	0	1.78416	0	0	0	0.155971	-0.0380157	0.765933
2014-03-07 00:00:00	-6.84504	0.248113	0.898446	0	0.0113472	-0.0143309	0.0412393	0	0	0	0	0	0	0	2.35953	-0.345305	0.0897871	0	0	1.87451	0	0	0	0.156135	-0.0378985	-1.56346
2014-03-08 00:00:00	-0.2	-0.689853	0.972881	0	-0.00496439	-0.00191435	0.00627262	0	0	0	0	0	0	0	-1.0664	-0.34608	0.0898681	0	0	1.9216	0	0	0	0.156225	-0.0394372	0.798199
2014-03-09 00:00:00	-3.92477	0.683872	1.0493	0	0.00377865	-0.00591086	0.0179726	0	0	0	0	0	0	0	0.447362	-0.34666	0.0898411	0	0	1.83576	0	0	0	0.156223	-0.0380618	-0.0312915
2014-03-10 00:00:00	-1.40901	0.000966907	0.930787	0	-0.00125193	-0.00225663	0.00811983	0	0	0	0	0	0	0	-0.609257	-0.347868	0.0899282	0	0	1.79437	0	0	0	0.156136	-0.0378321	0.572838
2014-03-11 00:00:00	-0.2	-0.84535	1.1418	0	-0.00345368	-0.000514182	0.00336104	0	0	0	0	0	0	0	-0.930766	-0.34751	0.0898468	0	0	1.63382	0	0	0	0.155969	-0.0373982	0.659812
2014-03-12 00:00:00	0	-0.678706	1.38726	0	-0.0151081	-0.000563763	0.00215974	0	0	0	0	0	0	0	-1.00664	-0.347687	0.0898038	0	0	1.52421	0	0	0	0.155688	-0.0349615	1.07546
2014-03-13 00:00:00	-0.2	-0.173994	0.968539	0	-0.0100227	-0.000328308	0.00244126	0	0	0	0	0	0	0	-1.23753	-0.3482	0.0896952	0	0	1.34447	0	0	0	0.15556	-0.0334941	0.557143
2014-03-14 00:00:00	-0.2	-0.00591234	1.03706	0	-0.0130387	-0.000475681	0.00220169	0	0	0	0	0	0	0	-0.850788	-0.347883	0.0896612	0	0	1.25555	0	0	0	0.155322	-0.0302865	1.09141
2014-03-15 00:00:00	-0.302252	-0.00198178	1.03591	0	-0.00832193	-0.000140324	0.00315824	0	0	0	0	0	0	0	-1.05091	-0.347212	0.0897818	0	0	1.1554	0	0	0	0.155052	-0.0285887	0.6999
2014-03-16 00:00:00	-0.502252	0	1.12528	0	-0.006086	0	0.00214276	0	0	0	0	0	0	0	-1.00114	-0.346581	0.0900606	0	0	1.07327	0	0	0	0.154756	-0.0273307	0.562127
2014-03-17 00:00:00	-0.502252	0	1.0732	0	-0.00220372	0	0.00263699	0	0	0	0	0	0	0	-0.805508	-0.346192	0.0901654	0	0	1.01101	0	0	0	0.154285	-0.0263689	0.648774
2014-03-18 00:00:00	-2.21351	0.876647	1.22884	0	1.87857E-05	0	0.00344771	0	0	0	0	0	0	0	-0.446194	-0.34597	0.0900647	0	0	0.987832	0	0	0	0.153822	-0.025826	0.309172
2014-03-19 00:00:00	0	-0.876647	1.31638	0	-0.00171801	0	0.00246799	0	0	0	0	0	0	0	-0.831508	-0.345503	0.089963	0	0	0.979413	0	0	0	0.153319	-0.025737	0.460434
2014-03-20 00:00:00	-11.2721	1.66866	1.21752	0	0.0629488	-0.00780548	0.029448	0	0	0	0	0	0	0	4.32351	-0.346114	0.090087	0	0	1.15925	0	0	0	0.153128	-0.0274091	-2.94883
2014-03-21 00:00:00	-4.83153	-0.00125998	1.1355	0	-0.00148829	-0.0125131	0.0327673	0	0	0	0	0	0	0	0.985934	-0.34741	0.0904477	0	0	1.57007	0	0	0	0.153318	-0.0335347	-1.25969
2014-03-22 00:00:00	-2.21351	-0.0166561	1.05225	0	-0.000995473	-0.00475428	0.0128916	0	0	0	0	0	0	0	-0.0965376	-0.347509	0.0905592	0	0	1.62449	0	0	0	0.152949	-0.0354899	0.217689
2014-03-23 00:00:00	0	-0.919082	1.02707	0	-0.00486659	-0.000439573	0.00132947	0	0	0	0	0	0	0	0.0646347	-0.347301	0.0905132	0	0	1.50601	0	0	0	0.152605	-0.0352781	1.53519
2014-03-24 00:00:00	0	-0.567954	1.29782	0	-0.014308	-0.000865264	0.00430091	0	0	0	0	0	0	0	-1.81649	-0.347736	0.090458	0	0	1.44473	0	0	0	0.152153	-0.0332675	0.208841
2014-03-25 00:00:00	-0.302252	-0.158521	1.18778	0	-0.0117486	-0.000310144	0.00242076	0	0	0	0	0	0	0	-1.15064	-0.347468	0.0901182	0	0	1.30356	0	0	0	0.151905	-0.0314066	0.733437
2014-03-26 00:00:00	-1.60901	0.454904	1.13263	0	8.01566E-05	-0.00033793	0.0035615	0	0	0	0	0	0	0	-0.497277	-0.347113	0.0900327	0	0	1.24165	0	0	0	0.151334	-0.029629	0.590829
2014-03-27 00:00:00	-2.51576	0.675246	1.2609	0	0.0067018	-0.00026669	0.00458078	0	0	0	0	0	0	0	-0.273645	-0.346682	0.0899517	0	0	1.2103	0	0	0	0.150865	-0.0288753	0.23332
2014-03-28 00:00:00	-1.97748	0.241384	1.26545	0	0.00575217	-0.000236016	0.00433082	0	0	0	0	0	0	0	-0.355233	-0.346252	0.0898649	0	0	1.20033	0	0	0	0.150458	-0.0286926	0.249671
2014-03-29 00:00:00	-2.99099	0.279902	1.37527	0	0.0151183	-0.000235323	0.00575694	0	0	0	0	0	0	0	0.205918	-0.346011	0.089803	0	0	1.21394	0	0	0	0.150013	-0.0288529	-0.0303714
2014-03-30 00:00:00	0	-1.07963	1.36575	0	-0.00834232	-0.00020949	0.00245775	0	0	0	0	0	0	0	-0.679397	-0.345585	0.0897209	0	0	1.20638	0	0	0	0.149559	-0.028841	0.67187
2014-03-31 00:00:00	-0.195496	-0.463327	1.26344	0	-0.0117939	-0.000206578	0.00198806	0	0	0	0	0	0	0	-1.06874	-0.345024	0.0898586	0	0	1.1439	0	0	0	0.149058	-0.0280836	0.535573
2014-04-01 00:00:00	-15	1.54575	1.2889	0	0.0268785	-0.0288134	0.0844052	0	0	0	0	0	0	0	6.46427	-0.346204	0.0900927	0	0	1.44565	0	0	0	0.148854	-0.0309917	-4.3112
2014-04-02 00:00:00	0	-1.08474	1.38095	0	-0.0119008	-0.00296021	0.00659671	0	0	0	0	0	0	0	-1.55803	-0.347142	0.0902675	0	0	1.78152	0	0	0	0.148729	-0.0375851	0.365707
2014-04-03 00:00:00	-1.6045	0.109061	1.51043	0	-0.000656265	-0.000919762	0.00413616	0	0	0	0	0	0	0	-0.478191	-0.346703	0.0901335	0	0	1.6459	0	0	0	0.148218	-0.0362792	1.04062
2014-04-04 00:00:00	-4.6045	0.969834	1.56223	0	0.00973018	-0.00297051	0.013865	0	0	0	0	0	0	0	0.632367	-0.34643	0.0900779	0	0	1.58377	0	0	0	0.147859	-0.0352119	0.0206141
2014-04-05 00:00:00	-1.1955	-0.379235	1.62469	0	-0.00329593	-0.000751282	0.00411706	0	0	0	0	0	0	0	-1.01128	-0.346058	0.0900167	0	0	1.55266	0	0	0	0.147613	-0.0351042	0.447879
2014-04-06 00:00:00	-0.4	-0.886126	1.71043	0	-0.0112259	-0.000326669	0.00260873	0	0	0	0	0	0	0	-0.840397	-0.345748	0.0898881	0	0	1.44006	0	0	0	0.147119	-0.033631	0.872655
2014-04-07 00:00:00	-5.8	1.25812	1.42614	0	0.0152231	-0.00504131	0.019839	0	0	0	0	0	0	0	1.40274	-0.345694	0.0898712	0	0	1.43974	0	0	0	0.1467	-0.0328531	-0.385212
2014-04-08 00:00:00	-1.2	-0.349581	1.58393	0	-0.00387657	-0.00107852	0.0046415	0	0	0	0	0	0	0	-0.775086	-0.345477	0.0898387	0	0	1.47126	0	0	0	0.146425	-0.0335835	0.587413
2014-04-09 00:00:00	-5.01351	0.338971	1.79649	0	0.00352951	-0.00705003	0.0226333	0	0	0	0	0	0	0	1.04237	-0.345375	0.0898237	0	0	1.48559	0	0	0	0.14601	-0.0331154	-0.473633
2014-04-10 00:00:00	-0.795496	-0.732704	1.62721	0	-0.00486882	-0.00095946	0.0045254	0	0	0	0	0	0	0	-0.826374	-0.345023	0.0897634	0	0	1.48276	0	0	0	0.145663	-0.0339064	0.610597
2014-04-11 00:00:00	0	-0.739102	1.44859	0	-0.0153697	-0.000289632	0.00142068	0	0	0	0	0	0	0	-1.3272	-0.3443	0.0896114	0	0	1.36114	0	0	0	0.145329	-0.0323605	0.587463
2014-04-12 00:00:00	-0.404504	-0.162023	1.61656	0	-0.0174014	-0.000264944	0.00147629	0	0	0	0	0	0	0	-0.923323	-0.343818	0.0895032	0	0	1.2616	0	0	0	0.144767	-0.0302467	1.23233
2014-04-13 00:00:00	-3.50676	1.1811	1.65534	0	0.00912126	-0.000198669	0.00475363	0	0	0	0	0	0	0	0.0377088	-0.343305	0.0893949	0	0	1.19124	0	0	0	0.144341	-0.0288061	0.433934
2014-04-14 00:00:00	0	-1.18212	1.70451	0	-0.0118829	-0.000117987	0.00241955	0	0	0	0	0	0	0	-0.97799	-0.342765	0.0892892	0	0	1.16536	0	0	0	0.143989	-0.028275	0.562419
2014-04-15 00:00:00	0	-0.000886954	1.77043	0	-0.0181114	0	0.000474898	0	0	0	0	0	0	0	-1.73815	-0.341794	0.0890761	0	0	1.03139	0	0	0	0.143548	-0.0280992	0.907878
2014-04-16 00:00:00	0	0	1.60071	0	-0.0080468	0	0	0	0	0	0	0	0	0	-0.64285	-0.34091	0.0888746	0	0	0.906968	0	0	0	0.143017	-0.0259939	1.72177
2014-04-17 00:00:00	-1.39099	0	1.70897	0	0.00322007	0	0.00232755	0	0	0	0	0	0	0	-1.10034	-0.340517	0.0887963	0	0	0.883005	0	0	0	0.142962	-0.02374	-0.0263136
2014-04-18 00:00:00	0	0	2.61344	0	-0.00146435	0	0	0	0	0	0	0	0	0	-2.06558	-0.339811	0.0886429	0	0	0.803787	0	0	0	0.142215	-0.0223863	1.21884
2014-04-19 00:00:00	-0.2	0	2.29832	0	0.000392376	0	4.65859E-05	0	0	0	0	0	0	0	-1.75151	-0.338622	0.0883832	0	0	0.652508	0	0	0	0.141976	-0.0207814	0.870718
2014-04-20 00:00:00	0	0	1.9518	0	-0.0018423	0	0.000401443	0	0	0	0	0	0	0	-1.41113	-0.338183	0.0882854	0	0	0.606756	0	0	0	0.14158	-0.0186587	1.01901
2014-04-21 00:00:00	0	0	1.70609	0	-0.00264058	0	0	0	0	0	0	0	0	0	-1.02411	-0.337055	0.0880508	0	0	0.5375	0	0	0	0.141067	-0.0179636	1.09094
2014-04-22 00:00:00	-1.98649	0.0693202	1.97493	0	0.00296063	0	0.000833973	0	0	0	0	0	0	0	-0.636859	-0.336518	0.0879565	0	0	0.560703	0	0	0	0.14089	-0.0169234	-0.139195
2014-04-23 00:00:00	-0.4	-0.0693202	1.98339	0	-0.00051097	0	0.000231306	0	0	0	0	0	0	0	-1.11256	-0.335804	0.0878177	0	0	0.55328	0	0	0	0.139932	-0.0174612	0.828992
2014-04-24 00:00:00	-0.8	0	1.90662	0	0.00105796	0	0.0027732	0	0	0	0	0	0	0	-1.05843	-0.335072	0.0877134	0	0	0.546609	0	0	0	0.139262	-0.0171715	0.473366
2014-04-25 00:00:00	-8.77298	1.66169	1.91286	0	0.00222877	0	0.00980745	0	0	0	0	0	0	0	2.93279	-0.335286	0.0877502	0	0	0.662347	0	0	0	0.138704	-0.0182662	-1.71836
2014-04-26 00:00:00	-6.97748	-0.012732	2.21291	0	0.00782108	0	0.00941438	0	0	0	0	0	0	0	2.19769	-0.335998	0.0878993	0	0	0.96229	0	0	0	0.138546	-0.0235636	-1.73321
2014-04-27 00:00:00	-2.0045	-0.127249	2.15525	0	-0.000174358	0	0.00379078	0	0	0	0	0	0	0	-0.569464	-0.335791	0.0878743	0	0	1.07804	0	0	0	0.138108	-0.0266995	0.399179
2014-04-28 00:00:00	-1	-0.93286	2.07698	0	0.000140724	0	0.00304111	0	0	0	0	0	0	0	-0.500611	-0.335125	0.087756	0	0	1.05139	0	0	0	0.13754	-0.0265501	0.561696
2014-04-29 00:00:00	0	-0.587918	2.4393	0	-0.00584962	0	7.882E-06	0	0	0	0	0	0	0	-1.79353	-0.334259	0.0875775	0	0	0.966014	0	0	0	0.137217	-0.0261679	0.882388
2014-04-30 00:00:00	-6.3955	1.667	2.0967	0	0.00660007	0	0.00577974	0	0	0	0	0	0	0	1.47549	-0.334146	0.0875669	0	0	0.98674	0	0	0	0.136706	-0.0250992	-0.29216
2014-05-01 00:00:00	-2.02702	-0.0247045	1.85622	0	-6.63561E-06	0	0.00323124	0	0	0	0	0	0	0	-0.152598	-0.333917	0.0875422	0	0	1.04479	0	0	0	0.136515	-0.0262356	0.563817
2014-05-02 00:00:00	-0.781986	-1.03751	2.0505	0	-0.00111648	0	0.00285539	0	0	0	0	0	0	0	-0.649282	-0.333271	0.0874278	0	0	1.02631	0	0	0	0.136066	-0.0261252	0.473867
2014-05-03 00:00:00	0	-0.605524	1.91747	0	-0.00244803	0	0.000149692	0	0	0	0	0	0	0	-1.41824	-0.332504	0.0872799	0	0	0.963194	0	0	0	0.135608	-0.0257909	0.719189
2014-05-04 00:00:00	-1.2045	-0.000190339	2.24322	0	-0.00531228	0	0	0	0	0	0	0	0	0	-0.407065	-0.331635	0.0871333	0	0	0.882404	0	0	0	0.134831	-0.0248873	1.37399
2014-05-05 00:00:00	-0.195496	0	2.18611	0	-0.00301661	0	0	0	0	0	0	0	0	0	-2.136	-0.330866	0.0870112	0	0	0.79756	0	0	0	0.135036	-0.0232216	0.517119
2014-05-06 00:00:00	-1.00901	0	2.28366	0	0.00242061	0	0.00172636	0	0	0	0	0	0	0	-1.09889	-0.330418	0.0869042	0	0	0.751525	0	0	0	0.134219	-0.0212154	0.800919
2014-05-07 00:00:00	-9.65855	1.71508	2.25675	0	0.012002	0	0.0101765	0	0	0	0	0	0	0	2.99247	-0.330691	0.0869669	0	0	0.866525	0	0	0	0.133972	-0.02162	-1.93691
2014-05-08 00:00:00	-5.77748	-0.0207879	2.42083	0	0.0237701	0	0.00848693	0	0	0	0	0	0	0	1.3727	-0.331177	0.0870915	0	0	1.12863	0	0	0	0.133732	-0.0267893	-0.980991
2014-05-09 00:00:00	-1.4045	-0.842873	2.37874	0	-0.00523311	0	0.0032111	0	0	0	0	0	0	0	-0.625791	-0.330834	0.0870387	0	0	1.18323	0	0	0	0.133389	-0.0282483	0.548126
2014-05-10 00:00:00	-10.3955	0.852159	2.29369	0	0.0352146	-0.0129022	0.0375001	0	0	0	0	0	0	0	3.62626	-0.331334	0.0871439	0	0	1.34632	0	0	0	0.133158	-0.0293416	-2.35763
2014-05-11 00:00:00	-2.40901	-0.0129966	2.30869	0	-0.0039055	-0.000471054	0.00562349	0	0	0	0	0	0	0	-0.680705	-0.331358	0.0871702	0	0	1.47613	0	0	0	0.132973	-0.0332062	0.538942
2014-05-12 00:00:00	-2.41801	0.00722112	2.24806	0	-0.000525649	0	0.00295912	0	0	0	0	0	0	0	-0.282173	-0.3308	0.087066	0	0	1.39647	0	0	0	0.132608	-0.0322473	0.810624
2014-05-13 00:00:00	0	-1.68865	3.24085	0	-0.0323379	0	0.000835207	0	0	0	0	0	0	0	-1.80073	-0.330239	0.0869459	0	0	1.29186	0	0	0	0.132352	-0.0304279	0.870462
2014-05-14 00:00:00	0	-0.00917135	3.04128	0	-0.0311936	0	0	0	0	0	0	0	0	0	-2.25082	-0.329459	0.086755	0	0	1.0753	0	0	0	0.1321	-0.0287491	1.68604
2014-05-15 00:00:00	-0.595496	0	2.41245	0	-0.00493296	0	0	0	0	0	0	0	0	0	-1.03089	-0.328516	0.0865412	0	0	0.903381	0	0	0	0.131907	-0.0261183	1.54833
2014-05-16 00:00:00	0	0	2.52161	0	-0.00160894	0	0	0	0	0	0	0	0	0	-2.23515	-0.327983	0.0862455	0	0	0.786848	0	0	0	0.13196	-0.0238395	0.93808
2014-05-17 00:00:00	-0.2	0	2.48665	0	-0.000483178	0	0	0	0	0	0	0	0	0	-1.74812	-0.327311	0.0861326	0	0	0.693343	0	0	0	0.13146	-0.0211787	1.1005
2014-05-18 00:00:00	0	0	2.31669	0	-0.000239306	0	0	0	0	0	0	0	0	0	-1.76738	-0.326501	0.0860367	0	0	0.617178	0	0	0	0.130916	-0.0195913	1.0371
2014-05-19 00:00:00	0	0	2.83434	0	-5.99567E-05	0	0	0	0	0	0	0	0	0	-2.22682	-0.325667	0.0859255	0	0	0.535231	0	0	0	0.130568	-0.0183634	1.01516
2014-05-20 00:00:00	-2.56622	0.0141409	2.65823	0	0.00119056	0	0	0	0	0	0	0	0	0	-0.203021	-0.325112	0.0858249	0	0	0.551249	0	0	0	0.130246	-0.0166868	0.329842
2014-05-21 00:00:00	-0.590993	-0.0141409	2.54506	0	-0.00090698	0	0	0	0	0	0	0	0	0	-1.68122	-0.324174	0.0857116	0	0	0.52743	0	0	0	0.129752	-0.0170391	0.659483
2014-05-22 00:00:00	-3.80225	1.10121	2.44825	0	0.00350458	0	0	0	0	0	0	0	0	0	-0.0405179	-0.324014	0.0856541	0	0	0.547184	0	0	0	0.129112	-0.0166878	0.131436
2014-05-23 00:00:00	-0.204504	-1.10121	2.15667	0	0.000165433	0	0	0	0	0	0	0	0	0	-0.847195	-0.323449	0.0855614	0	0	0.586385	0	0	0	0.128676	-0.0176866	0.463414
2014-05-24 00:00:00	-0.0562948	0.00203076	2.08626	0	-2.2379E-06	0	0	0	0	0	0	0	0	0	-1.97367	-0.322486	0.085375	0	0	0.549589	0	0	0	0.128365	-0.0178071	0.481366
2014-05-25 00:00:00	-8.64053	1.78006	2.70088	0	0.00432412	0	0.00494282	0	0	0	0	0	0	0	2.41262	-0.322773	0.0854281	0	0	0.620511	0	0	0	0.128005	-0.0176924	-1.24422
2014-05-26 00:00:00	-1.90901	-0.788886	2.78513	0	0.00107946	0	0.0017274	0	0	0	0	0	0	0	-0.51791	-0.322596	0.0854152	0	0	0.76194	0	0	0	0.127832	-0.020265	0.204459
2014-05-27 00:00:00	-0.904504	-0.941012	2.66868	0	-0.000465309	0	7.55438E-05	0	0	0	0	0	0	0	-0.931085	-0.322077	0.0853105	0	0	0.764465	0	0	0	0.127288	-0.0207043	0.525974
2014-05-28 00:00:00	-7.73603	1.76573	2.78421	0	0.00161329	0	0.00653035	0	0	0	0	0	0	0	1.63426	-0.321968	0.0852848	0	0	0.822445	0	0	0	0.126966	-0.0210156	-0.851975
2014-05-29 00:00:00	0	-1.69631	2.56439	0	-0.00117764	0	0.000938346	0	0	0	0	0	0	0	-1.13576	-0.321699	0.0852485	0	0	0.893601	0	0	0	0.126727	-0.0231861	0.492777
2014-05-30 00:00:00	0	-0.119977	2.41824	0	-0.00152136	0	0	0	0	0	0	0	0	0	-2.02179	-0.320531	0.0850343	0	0	0.780635	0	0	0	0.126392	-0.0228851	0.923598
2014-05-31 00:00:00	0	-0.00163924	3.32841	0	-0.00758094	0	0	0	0	0	0	0	0	0	-2.1671	-0.319628	0.0849372	0	0	0.650454	0	0	0	0.126362	-0.0210597	1.67315
2014-06-01 00:00:00	-0.902252	0	2.75332	0	-8.64993E-05	0	0	0	0	0	0	0	0	0	-2.07136	-0.319339	0.0848495	0	0	0.582181	0	0	0	0.126377	-0.0188646	0.234822
2014-06-02 00:00:00	-1.2	0	2.80798	0	-5.77724E-05	0	0	0	0	0	0	0	0	0	-1.41951	-0.318721	0.0847231	0	0	0.545947	0	0	0	0.125249	-0.0177785	0.607833
2014-06-03 00:00:00	-3.48424	0.496778	2.93677	0	0.0020981	0	0	0	0	0	0	0	0	0	-0.294213	-0.318249	0.084617	0	0	0.572823	0	0	0	0.124883	-0.0168556	0.104411
2014-06-04 00:00:00	0	-0.496778	2.36125	0	-0.00151524	0	0	0	0	0	0	0	0	0	-1.60935	-0.317744	0.0844971	0	0	0.547369	0	0	0	0.1244	-0.0174571	0.674676
2014-06-05 00:00:00	-1.30225	0	2.62584	0	4.45129E-05	0	0	0	0	0	0	0	0	0	-1.09431	-0.31725	0.084261	0	0	0.520911	0	0	0	0.124016	-0.0168677	0.6244
2014-06-06 00:00:00	0	0	2.49622	0	-0.000668341	0	0	0	0	0	0	0	0	0	-2.10785	-0.316478	0.0841456	0	0	0.464771	0	0	0	0.123362	-0.0163977	0.727103
2014-06-07 00:00:00	-6.37298	1.81674	2.97266	0	0.00500644	0	0	0	0	0	0	0	0	0	0.591256	-0.316418	0.0841166	0	0	0.523339	0	0	0	0.123024	-0.0152554	-0.588515
2014-06-08 00:00:00	-0.2	-1.81533	2.92137	0	-0.00171592	0	0	0	0	0	0	0	0	0	-0.764084	-0.316002	0.0840277	0	0	0.562749	0	0	0	0.122602	-0.0169324	0.576685
2014-06-09 00:00:00	-5.37298	1.54198	3.08406	0	0.00321509	0	0.00112438	0	0	0	0	0	0	0	0.0837672	-0.315489	0.0838998	0	0	0.609903	0	0	0	0.122358	-0.0172867	-0.175447
2014-06-10 00:00:00	-3.19099	0.0501986	3.07331	0	0.000624012	0	0.00194276	0	0	0	0	0	0	0	-0.147882	-0.315268	0.0838524	0	0	0.633171	0	0	0	0.121785	-0.0184074	0.292332
2014-06-11 00:00:00	0	-1.59358	2.86755	0	-0.00186273	0	0.000295409	0	0	0	0	0	0	0	-1.3962	-0.314779	0.0837559	0	0	0.64659	0	0	0	0.121369	-0.0188128	0.394325
2014-06-12 00:00:00	0	0	2.58222	0	-0.00209219	0	0	0	0	0	0	0	0	0	-2.0905	-0.313694	0.0835826	0	0	0.559097	0	0	0	0.12107	-0.0185585	0.921125
2014-06-13 00:00:00	-2.2045	0	3.246	0	-0.00148477	0	0	0	0	0	0	0	0	0	-0.813606	-0.313181	0.0834561	0	0	0.538378	0	0	0	0.120902	-0.0171164	0.638845
2014-06-14 00:00:00	-0.2	0	2.78677	0	-0.00163648	0	0	0	0	0	0	0	0	0	-2.41725	-0.312746	0.0833303	0	0	0.474933	0	0	0	0.120774	-0.0167304	0.517445
2014-06-15 00:00:00	0	0	2.51964	0	-7.31193E-05	0	0	0	0	0	0	0	0	0	-2.13443	-0.312075	0.0830855	0	0	0.417568	0	0	0	0.12012	-0.0152862	0.678551
2014-06-16 00:00:00	0	0	2.67576	0	-7.77363E-05	0	0	0	0	0	0	0	0	0	-2.21753	-0.311312	0.0829722	0	0	0.363267	0	0	0	0.11979	-0.0141835	0.698687
2014-06-17 00:00:00	0	0	3.30437	0	-2.75738E-05	0	0	0	0	0	0	0	0	0	-2.77356	-0.310594	0.0827279	0	0	0.294677	0	0	0	0.11947	-0.0130437	0.704021
2014-06-18 00:00:00	0	0	2.89376	0	0	0	0	0	0	0	0	0	0	0	-2.35764	-0.310012	0.0825927	0	0	0.246097	0	0	0	0.119142	-0.0118263	0.662122
2014-06-19 00:00:00	0	0	2.4814	0	0	0	0	0	0	0	0	0	0	0	-2.12586	-0.309368	0.0823897	0	0	0.220888	0	0	0	0.118758	-0.0110827	0.457123
2014-06-20 00:00:00	0	0	2.81269	0	0	0	0	0	0	0	0	0	0	0	-2.51835	-0.308668	0.0822589	0	0	0.195601	0	0	0	0.11799	-0.0106963	0.370827
2014-06-21 00:00:00	0	0	2.45687	0	0	0	0	0	0	0	0	0	0	0	-1.98129	-0.307753	0.0821604	0	0	0.183472	0	0	0	0.117563	-0.0102968	0.540725
2014-06-22 00:00:00	0	0	2.41228	0	0	0	0	0	0	0	0	0	0	0	-2.1154	-0.306929	0.0820339	0	0	0.175166	0	0	0	0.116891	-0.0100939	0.353953
2014-06-23 00:00:00	0	0	2.39472	0	0	0	0	0	0	0	0	0	0	0	-1.96982	-0.305954	0.0819057	0	0	0.168244	0	0	0	0.115905	-0.00994343	0.475056
2014-06-24 00:00:00	0	0	2.41898	0	0	0	0	0	0	0	0	0	0	0	-1.98806	-0.305351	0.0817574	0	0	0.162146	0	0	0	0.11547	-0.0098211	0.475122
2014-06-25 00:00:00	0	0	2.25222	0	0	0	0	0	0	0	0	0	0	0	-1.87845	-0.304731	0.0814924	0	0	0.160776	0	0	0	0.115032	-0.00971238	0.416633
2014-06-26 00:00:00	0	0	2.35002	0	0	0	0	0	0	0	0	0	0	0	-1.96442	-0.304147	0.0813498	0	0	0.158076	0	0	0	0.11458	-0.00967779	0.425785
2014-06-27 00:00:00	0	0	1.97368	0	0	0	0	0	0	0	0	0	0	0	-1.61562	-0.303483	0.0812107	0	0	0.16158	0	0	0	0.114136	-0.00962136	0.401879
2014-06-28 00:00:00	0	0	2.14338	0	0	0	0	0	0	0	0	0	0	0	-1.92227	-0.302931	0.0810022	0	0	0.163153	0	0	0	0.113379	-0.00967609	0.266044
2014-06-29 00:00:00	0	0	2.16736	0	0	0	0	0	0	0	0	0	0	0	-1.83207	-0.302227	0.0808592	0	0	0.163157	0	0	0	0.112927	-0.00969409	0.380314
2014-06-30 00:00:00	0	0	2.5827	0	0	0	0	0	0	0	0	0	0	0	-2.22522	-0.301497	0.0805605	0	0	0.155923	0	0	0	0.112475	-0.00968903	0.395247
2014-07-01 00:00:00	0	0	3.30568	0	0	0	0	0	0	0	0	0	0	0	-2.76952	-0.300681	0.0804181	0	0	0.136353	0	0	0	0.11203	-0.00954752	0.554724
2014-07-02 00:00:00	0	0	2.23264	0	0	0	0	0	0	0	0	0	0	0	-1.9179	-0.299947	0.0802828	0	0	0.131544	0	0	0	0.111604	-0.00915055	0.329075
2014-07-03 00:00:00	0	0	2.24556	0	0	0	0	0	0	0	0	0	0	0	-1.97048	-0.299081	0.0802183	0	0	0.131912	0	0	0	0.110991	-0.00906785	0.290053
2014-07-04 00:00:00	0	0	2.28388	0	0	0	0	0	0	0	0	0	0	0	-1.99904	-0.2985	0.0800647	0	0	0.131546	0	0	0	0.110551	-0.00906776	0.299432
2014-07-05 00:00:00	0	0	2.11206	0	0	0	0	0	0	0	0	0	0	0	-1.8593	-0.297882	0.0799119	0	0	0.13302	0	0	0	0.110114	-0.0090518	0.268867
2014-07-06 00:00:00	-3.61126	0.471052	3.0586	0	-1.39694E-10	0	0	0	0	0	0	0	0	0	-0.103432	-0.297226	0.0797465	0	0	0.167158	0	0	0	0.109457	-0.00907345	-0.134975
2014-07-07 00:00:00	0	-0.471052	2.51061	0	0	0	0	0	0	0	0	0	0	0	-1.80671	-0.296488	0.0796004	0	0	0.173826	0	0	0	0.108989	-0.00972736	0.289045
2014-07-08 00:00:00	-7.42252	2.05009	2.96073	0	6.17597E-07	0	0	0	0	0	0	0	0	0	1.46836	-0.296502	0.0795619	0	0	0.211525	0	0	0	0.10827	-0.0100674	-0.850555
2014-07-09 00:00:00	0	-2.05009	4.11572	0	0	0	0	0	0	0	0	0	0	0	-1.77401	-0.296052	0.0794693	0	0	0.260974	0	0	0	0.108102	-0.0112379	0.432878
2014-07-10 00:00:00	0	0	4.24566	0	0	0	0	0	0	0	0	0	0	0	-3.69466	-0.294835	0.0792319	0	0	0.201409	0	0	0	0.10781	-0.0112063	0.633413
2014-07-11 00:00:00	0	0	3.25348	0	0	0	0	0	0	0	0	0	0	0	-2.42291	-0.293914	0.0789341	0	0	0.166252	0	0	0	0.107285	-0.0103352	0.87879
2014-07-12 00:00:00	-3.71126	0.0941615	3.56731	0	2.9679E-09	0	0	0	0	0	0	0	0	0	-0.312884	-0.293546	0.0788952	0	0	0.18521	0	0	0	0.107174	-0.00974252	-0.29468
2014-07-13 00:00:00	-4.81351	1.29298	3.32725	0	7.85452E-12	0	0	0	0	0	0	0	0	0	-0.0095143	-0.292846	0.0787947	0	0	0.22763	0	0	0	0.106392	-0.0100738	-0.0929058
2014-07-14 00:00:00	-1.90676	-1.09518	3.10705	0	-1.86181E-12	0	0	0	0	0	0	0	0	0	-0.149615	-0.292281	0.0786806	0	0	0.264775	0	0	0	0.105952	-0.0107588	0.101865
2014-07-15 00:00:00	0	-0.291954	2.33451	0	0	0	0	0	0	0	0	0	0	0	-2.20671	-0.291906	0.0785608	0	0	0.262995	0	0	0	0.10534	-0.0113986	-0.020561
2014-07-16 00:00:00	-2.70676	0	3.26586	0	2.10058E-08	0	0	0	0	0	0	0	0	0	-0.215681	-0.290888	0.078358	0	0	0.278592	0	0	0	0.105162	-0.0113094	0.503338
2014-07-17 00:00:00	0	0	2.75877	0	0	0	0	0	0	0	0	0	0	0	-2.76548	-0.2903	0.078249	0	0	0.243068	0	0	0	0.104601	-0.0116266	0.117279
2014-07-18 00:00:00	0	0	2.37938	0	0	0	0	0	0	0	0	0	0	0	-2.02918	-0.289384	0.0778124	0	0	0.216189	0	0	0	0.103612	-0.01102	0.447411
2014-07-19 00:00:00	-2.80901	0	3.2961	0	4.64289E-11	0	0	0	0	0	0	0	0	0	-0.581805	-0.288653	0.0778229	0	0	0.23395	0	0	0	0.103297	-0.0105785	0.0211295
2014-07-20 00:00:00	0	0	2.30805	0	0	0	0	0	0	0	0	0	0	0	-2.21852	-0.287874	0.077633	0	0	0.219483	0	0	0	0.102922	-0.0108737	0.190827
2014-07-21 00:00:00	0	0	2.59567	0	0	0	0	0	0	0	0	0	0	0	-2.45737	-0.286816	0.0774475	0	0	0.19264	0	0	0	0.102594	-0.010623	0.213544
2014-07-22 00:00:00	0	0	2.66513	0	0	0	0	0	0	0	0	0	0	0	-2.28852	-0.286264	0.0773553	0	0	0.167142	0	0	0	0.101672	-0.0101669	0.426349
2014-07-23 00:00:00	0	0	2.99997	0	0	0	0	0	0	0	0	0	0	0	-2.44163	-0.285662	0.0772317	0	0	0.140487	0	0	0	0.101378	-0.00971517	0.582058
2014-07-24 00:00:00	-0.2	0	2.6864	0	0	0	0	0	0	0	0	0	0	0	-2.20613	-0.284745	0.0770712	0	0	0.125928	0	0	0	0.101083	-0.00920943	0.2904
2014-07-25 00:00:00	0	0	2.8364	0	0	0	0	0	0	0	0	0	0	0	-2.36915	-0.283932	0.0769067	0	0	0.109369	0	0	0	0.100618	-0.00891772	0.461295
2014-07-26 00:00:00	-3.78199	0	4.4239	0	2.34239E-10	0	0	0	0	0	0	0	0	0	-0.703534	-0.283261	0.0767696	0	0	0.12732	0	0	0	0.100313	-0.00857291	-0.0490513
2014-07-27 00:00:00	-6.94145	2.13382	3.10965	0	1.1557E-06	0	0	0	0	0	0	0	0	0	1.01439	-0.282662	0.0766674	0	0	0.160294	0	0	0	0.0996133	-0.00917803	-0.638858
2014-07-28 00:00:00	0	-2.13382	3.79486	0	0	0	0	0	0	0	0	0	0	0	-1.28181	-0.281767	0.0764971	0	0	0.203833	0	0	0	0.0994865	-0.00997117	0.46731
2014-07-29 00:00:00	0	0	2.28145	0	-3.4909E-12	0	0	0	0	0	0	0	0	0	-2.33419	-0.281188	0.0763663	0	0	0.187917	0	0	0	0.0993577	-0.0103745	0.0193347
2014-07-30 00:00:00	-1.1955	0	2.60549	0	0	0	0	0	0	0	0	0	0	0	-1.33099	-0.280697	0.0762212	0	0	0.189498	0	0	0	0.0987125	-0.0100946	0.152646
2014-07-31 00:00:00	-11.0018	1.98907	3.0198	0	5.89542E-05	0	0	0	0	0	0	0	0	0	4.34289	-0.28068	0.0762428	0	0	0.312705	0	0	0	0.0983835	-0.0101237	-1.4535
2014-08-01 00:00:00	-0.4	-1.82995	2.81092	0	-6.89022E-05	0	0	0	0	0	0	0	0	0	-0.348016	-0.280002	0.0761467	0	0	0.344772	0	0	0	0.0984251	-0.0121637	0.460067
2014-08-02 00:00:00	-13.4874	2.13401	2.95612	0	0.00598519	0	0.000494281	0	0	0	0	0	0	0	5.84856	-0.280123	0.0761952	0	0	0.47565	0	0	0	0.0979673	-0.0135595	-2.18611
2014-08-03 00:00:00	-4.60901	-0.0783249	2.91284	0	0.00512997	0	0.00115046	0	0	0	0	0	0	0	1.06741	-0.279702	0.076131	0	0	0.580478	0	0	0	0.0979505	-0.0172037	-0.243146
2014-08-04 00:00:00	-0.204504	-2.05865	2.8946	0	-0.00588144	0	0.00124554	0	0	0	0	0	0	0	-1.0324	-0.278752	0.0759681	0	0	0.57804	0	0	0	0.0978159	-0.0178923	0.0495868
2014-08-05 00:00:00	-0.395496	-0.156134	3.95092	0	-0.00370408	0	0.000140106	0	0	0	0	0	0	0	-2.96763	-0.278492	0.0754227	0	0	0.518814	0	0	0	0.0974212	-0.0170935	0.824171
2014-08-06 00:00:00	-12.7955	2.31489	3.0255	0	0.0302292	-0.00270897	0.00492891	0	0	0	0	0	0	0	5.16477	-0.278478	0.0755698	0	0	0.600914	0	0	0	0.0974247	-0.0163079	-1.77877
2014-08-07 00:00:00	-0.195496	-2.10158	2.84641	0	-0.00901008	-0.000420377	0.0017414	0	0	0	0	0	0	0	-0.6225	-0.278044	0.0754892	0	0	0.644167	0	0	0	0.097519	-0.0188753	0.439394
2014-08-08 00:00:00	-8.29191	2.08074	2.99976	0	0.0146852	-0.00604938	0.00904491	0	0	0	0	0	0	0	2.05477	-0.27761	0.0754083	0	0	0.661777	0	0	0	0.0973223	-0.0188456	-0.60092
2014-08-09 00:00:00	0	-2.13329	2.74517	0	-0.00973975	-0.00024543	0.00187961	0	0	0	0	0	0	0	-0.858495	-0.277223	0.0753044	0	0	0.686602	0	0	0	0.0972611	-0.0196017	0.307623
2014-08-10 00:00:00	-14.5865	2.25344	2.79134	0	0.0408629	-0.0221539	0.0387245	0	0	0	0	0	0	0	6.60363	-0.277331	0.0753574	0	0	0.786044	0	0	0	0.0972534	-0.0203507	-2.21967
2014-08-11 00:00:00	-2.79324	-0.202233	2.90632	0	-0.00300515	-0.000656969	0.00355687	0	0	0	0	0	0	0	-0.337132	-0.277165	0.0753588	0	0	0.895164	0	0	0	0.0974969	-0.0234031	0.34106
2014-08-12 00:00:00	-8.97748	0.200082	2.52624	0	0.00377088	-0.01601	0.0418821	0	0	0	0	0	0	0	4.0045	-0.27706	0.075354	0	0	0.949736	0	0	0	0.0974288	-0.0239995	-1.39556
2014-08-13 00:00:00	0	-2.24337	2.88208	0	-0.0110687	-0.000326403	0.00238084	0	0	0	0	0	0	0	-0.855626	-0.276725	0.0752797	0	0	0.971074	0	0	0	0.0974813	-0.0253983	0.615783
2014-08-14 00:00:00	-0.209007	-0.134243	2.61035	0	-0.0291615	0	0.000424304	0	0	0	0	0	0	0	-2.30053	-0.276129	0.0748321	0	0	0.862017	0	0	0	0.0973558	-0.0234269	0.672484
2014-08-15 00:00:00	-1.01801	-0.00759714	2.56782	0	-0.0177883	0	0	0	0	0	0	0	0	0	-1.68811	-0.275077	0.0746278	0	0	0.737795	0	0	0	0.0972507	-0.0216648	0.449247
2014-08-16 00:00:00	-2.21351	-0.00257105	2.68869	0	-0.00375737	0	0	0	0	0	0	0	0	0	-0.821904	-0.273815	0.0746193	0	0	0.712801	0	0	0	0.0970628	-0.0199917	0.237622
2014-08-17 00:00:00	-1.6	-0.00822137	2.55868	0	-0.00269766	0	0	0	0	0	0	0	0	0	-1.12822	-0.273438	0.0744854	0	0	0.670499	0	0	0	0.0967752	-0.019341	0.36852
2014-08-18 00:00:00	-2.96847	0.452781	2.49877	0	0.00119158	0	0.000151685	0	0	0	0	0	0	0	-0.42222	-0.272851	0.0743618	0	0	0.646992	0	0	0	0.0965182	-0.0187886	0.0884352
2014-08-19 00:00:00	-1.78649	-0.419931	2.60228	0	7.14184E-05	0	0.000225591	0	0	0	0	0	0	0	-0.700081	-0.271953	0.0742594	0	0	0.63484	0	0	0	0.0962466	-0.0186038	0.210868
2014-08-20 00:00:00	-0.00450358	-0.0488833	2.12648	0	-0.00222891	0	0	0	0	0	0	0	0	0	-2.12898	-0.271362	0.0741061	0	0	0.587385	0	0	0	0.0960185	-0.0180411	0.409991
2014-08-21 00:00:00	-14.045	2.51162	2.28237	0	0.0543884	-0.00596101	0.0141911	0	0	0	0	0	0	0	6.2437	-0.2713	0.0737965	0	0	0.710143	0	0	0	0.0960087	-0.0182106	-2.35429
2014-08-22 00:00:00	-2.41801	-0.0291714	2.24225	0	-0.0018449	-0.00095201	0.00339243	0	0	0	0	0	0	0	-0.2827	-0.271203	0.073867	0	0	0.82903	0	0	0	0.0962821	-0.0217331	0.219206
2014-08-23 00:00:00	-3	0.0332562	2.22681	0	0.00113518	-0.00183229	0.00420813	0	0	0	0	0	0	0	0.155161	-0.270734	0.0737834	0	0	0.814103	0	0	0	0.0960414	-0.0214634	0.110473
2014-08-24 00:00:00	0	-2.09025	2.32064	0	-0.00695905	-6.24318E-05	0.00159969	0	0	0	0	0	0	0	-0.591428	-0.270257	0.0736898	0	0	0.78897	0	0	0	0.0958422	-0.0211096	0.300673
2014-08-25 00:00:00	0	-0.386907	2.72577	0	-0.0245543	0	0.000574983	0	0	0	0	0	0	0	-2.27247	-0.269702	0.0735679	0	0	0.720181	0	0	0	0.0956009	-0.0203653	0.641696
2014-08-26 00:00:00	0	-0.0161833	2.40124	0	-0.0201125	0	0	0	0	0	0	0	0	0	-2.46907	-0.26858	0.0733238	0	0	0.601731	0	0	0	0.0953745	-0.0196998	0.378028
2014-08-27 00:00:00	-0.2	-0.0199752	3.04623	0	-0.00585615	0	0	0	0	0	0	0	0	0	-2.05106	-0.267754	0.0729667	0	0	0.520459	0	0	0	0.0950677	-0.0179311	1.17215
2014-08-28 00:00:00	-1.3955	-0.00240851	2.49108	0	-1.50032E-05	0	0	0	0	0	0	0	0	0	-1.56692	-0.267018	0.0729022	0	0	0.492704	0	0	0	0.0947812	-0.0162821	-0.0966798
2014-08-29 00:00:00	-15.0135	2.53531	2.49712	0	0.0602337	-0.00684806	0.0120866	0	0	0	0	0	0	0	6.79857	-0.267524	0.0730539	0	0	0.700936	0	0	0	0.0934616	-0.0165274	-2.53365
2014-08-30 00:00:00	-0.2	-2.07181	2.49212	0	-0.00989492	-0.000532552	0.00249025	0	0	0	0	0	0	0	-0.548479	-0.267107	0.0730262	0	0	0.785414	0	0	0	0.0937921	-0.0208468	0.32817
2014-08-31 00:00:00	-1.5955	-0.294114	2.39987	0	-0.00262207	0	0.00131168	0	0	0	0	0	0	0	-0.771949	-0.266189	0.0729311	0	0	0.751861	0	0	0	0.0936219	-0.0204872	0.36874
2014-09-01 00:00:00	-0.795496	-0.139219	2.41446	0	-0.0179065	0	0.000400789	0	0	0	0	0	0	0	-1.6853	-0.265206	0.0727305	0	0	0.696832	0	0	0	0.093448	-0.0197945	0.354955
2014-09-02 00:00:00	0	-0.014698	2.2048	0	-0.0215542	0	0	0	0	0	0	0	0	0	-2.23635	-0.264088	0.0725885	0	0	0.616965	0	0	0	0.0933229	-0.0190832	0.431906
2014-09-03 00:00:00	-0.00450358	-0.0134901	2.14392	0	-0.00730708	0	0	0	0	0	0	0	0	0	-1.74565	-0.26358	0.0724202	0	0	0.537601	0	0	0	0.0931136	-0.0177825	0.794737
2014-09-04 00:00:00	0	-0.0019711	2.11649	0	-0.00103624	0	0	0	0	0	0	0	0	0	-2.24468	-0.263115	0.0722345	0	0	0.483878	0	0	0	0.0932209	-0.0165673	0.23846
2014-09-05 00:00:00	-1.6	0	2.08965	0	0.000703672	0	0	0	0	0	0	0	0	0	-0.826807	-0.262556	0.0722071	0	0	0.479683	0	0	0	0.0928394	-0.015507	0.0302108
2014-09-06 00:00:00	-0.2	0	1.88716	0	-0.000731222	0	0	0	0	0	0	0	0	0	-1.75165	-0.261423	0.0718812	0	0	0.45264	0	0	0	0.0926065	-0.0153938	0.27509
2014-09-07 00:00:00	0	0	2.0186	0	-6.98082E-05	0	0	0	0	0	0	0	0	0	-2.05863	-0.260678	0.0718297	0	0	0.415098	0	0	0	0.0924065	-0.0148205	0.263737
2014-09-08 00:00:00	-0.2	0	2.31612	0	-4.15224E-05	0	0	0	0	0	0	0	0	0	-2.11448	-0.260017	0.07168	0	0	0.378427	0	0	0	0.0922132	-0.0141495	0.269747
2014-09-09 00:00:00	0	0	1.78127	0	0	0	0	0	0	0	0	0	0	0	-1.77694	-0.259112	0.0715757	0	0	0.355085	0	0	0	0.092019	-0.013548	0.250349
2014-09-10 00:00:00	0	0	2.24378	0	0	0	0	0	0	0	0	0	0	0	-2.26179	-0.258643	0.0714659	0	0	0.324566	0	0	0	0.0918354	-0.0129318	0.198281
2014-09-11 00:00:00	0	0	2.16538	0	0	0	0	0	0	0	0	0	0	0	-1.97247	-0.257278	0.0713535	0	0	0.298857	0	0	0	0.0911488	-0.0123503	0.384644
2014-09-12 00:00:00	-0.00450358	0	1.81749	0	0	0	0	0	0	0	0	0	0	0	-1.65507	-0.256915	0.0712397	0	0	0.285232	0	0	0	0.090962	-0.0119107	0.336524
2014-09-13 00:00:00	0	0	1.8514	0	0	0	0	0	0	0	0	0	0	0	-1.75052	-0.256326	0.0710989	0	0	0.273783	0	0	0	0.0907556	-0.0116845	0.268503
2014-09-14 00:00:00	0	0	1.50499	0	0	0	0	0	0	0	0	0	0	0	-1.5044	-0.255277	0.0710486	0	0	0.271387	0	0	0	0.090548	-0.0114927	0.166801
2014-09-15 00:00:00	-3.00901	1.06831	1.81656	0	-2.25355E-09	0	0	0	0	0	0	0	0	0	-0.317467	-0.254974	0.0708627	0	0	0.307428	0	0	0	0.0903324	-0.0114459	-0.239398
2014-09-16 00:00:00	0	-1.06831	1.80229	0	0	0	0	0	0	0	0	0	0	0	-0.883243	-0.254503	0.0707594	0	0	0.328217	0	0	0	0.0898858	-0.0120016	0.0730949
2014-09-17 00:00:00	0	0	1.45233	0	0	0	0	0	0	0	0	0	0	0	-1.44228	-0.253723	0.0706514	0	0	0.322434	0	0	0	0.0896438	-0.0123696	0.226691
2014-09-18 00:00:00	0	0	1.60597	0	0	0	0	0	0	0	0	0	0	0	-1.78401	-0.253059	0.0705483	0	0	0.310578	0	0	0	0.08944	-0.0122678	0.0272024
2014-09-19 00:00:00	0	0	1.44413	0	0	0	0	0	0	0	0	0	0	0	-1.57771	-0.252113	0.0701538	0	0	0.302287	0	0	0	0.0892463	-0.0120642	0.0639294
2014-09-20 00:00:00	-3.2	1.16717	1.89404	0	1.3021E-10	0	0	0	0	0	0	0	0	0	-0.153017	-0.251482	0.0701082	0	0	0.335073	0	0	0	0.0888152	-0.0119168	-0.061208
2014-09-21 00:00:00	-0.00450358	-1.16717	1.75293	0	0	0	0	0	0	0	0	0	0	0	-0.909774	-0.251211	0.0698987	0	0	0.354414	0	0	0	0.0885746	-0.0124435	-0.0792813
2014-09-22 00:00:00	0	0	1.58498	0	0	0	0	0	0	0	0	0	0	0	-1.6669	-0.250614	0.0697478	0	0	0.342635	0	0	0	0.0882096	-0.012738	0.155325
2014-09-23 00:00:00	-2.2045	0.382251	1.77986	0	9.29509E-10	0	0	0	0	0	0	0	0	0	0.0821533	-0.24947	0.0696075	0	0	0.366702	0	0	0	0.0881424	-0.0125548	0.302184
2014-09-24 00:00:00	-0.4	-0.382251	1.35721	0	0	0	0	0	0	0	0	0	0	0	-1.00181	-0.249586	0.069385	0	0	0.376948	0	0	0	0.0881405	-0.0130675	-0.155025
2014-09-25 00:00:00	-0.2	0	1.35723	0	0	0	0	0	0	0	0	0	0	0	-1.31824	-0.249008	0.0693094	0	0	0.368823	0	0	0	0.0877081	-0.013352	0.102474
2014-09-26 00:00:00	-0.804504	0	1.38149	0	0	0	0	0	0	0	0	0	0	0	-0.886485	-0.248575	0.0692189	0	0	0.375154	0	0	0	0.0875341	-0.0131199	-0.0392892
2014-09-27 00:00:00	-0.00450358	0	1.09241	0	0	0	0	0	0	0	0	0	0	0	-1.26164	-0.248096	0.0691272	0	0	0.368711	0	0	0	0.0873273	-0.0132757	0.0900573
2014-09-28 00:00:00	0	0	1.1509	0	0	0	0	0	0	0	0	0	0	0	-1.24464	-0.247603	0.0690333	0	0	0.35848	0	0	0	0.0871506	-0.013095	0.160226
2014-09-29 00:00:00	0	0	1.1151	0	0	0	0	0	0	0	0	0	0	0	-1.22808	-0.247143	0.0687987	0	0	0.349719	0	0	0	0.0866326	-0.012866	0.132153
2014-09-30 00:00:00	0	0	1.08267	0	0	0	0	0	0	0	0	0	0	0	-1.29708	-0.246434	0.0687394	0	0	0.342906	0	0	0	0.0865544	-0.0126898	0.0246727
2014-10-01 00:00:00	-0.902252	0	1.58055	0	0	0	0	0	0	0	0	0	0	0	-1.22385	-0.245521	0.0686751	0	0	0.347422	0	0	0	0.0863527	-0.0125681	-0.30119
2014-10-02 00:00:00	-0.2	0	1.10635	0	0	0	0	0	0	0	0	0	0	0	-1.04406	-0.244852	0.0686043	0	0	0.349173	0	0	0	0.0860537	-0.012807	0.108458
2014-10-03 00:00:00	-31.9865	2.75446	1.4547	0	0.0757086	-0.0174133	0.0361107	0	0	0	0	0	0	0	20.7871	-0.245017	0.0688146	0	0	0.759002	0	0	0	0.0860247	-0.0182726	-6.24522
2014-10-04 00:00:00	-29.9324	0.0118711	1.16361	0	0.00329246	-0.0759691	0.206436	0	0	0	0	0	0	0	20.0656	-0.246291	0.069244	0	0	1.83706	0	0	0	0.0865772	-0.0352858	-6.8463
2014-10-05 00:00:00	-0.502252	-0.701001	1.26235	0	-0.0140833	-0.00107338	0.00449451	0	0	0	0	0	0	0	-0.666177	-0.246471	0.0693499	0	0	2.21859	0	0	0	0.0871	-0.0423651	1.46846
2014-10-06 00:00:00	-0.502252	-0.648852	1.22715	0	-0.00231772	0	0.00139556	0	0	0	0	0	0	0	-0.654004	-0.245921	0.0691885	0	0	1.95417	0	0	0	0.0871278	-0.0392594	1.24642
2014-10-07 00:00:00	-0.702252	-0.491041	1.25029	0	-0.00176912	0	0.00126791	0	0	0	0	0	0	0	-0.5933	-0.245373	0.0688408	0	0	1.73664	0	0	0	0.0871124	-0.0369589	1.07346
2014-10-08 00:00:00	-0.990993	-0.270193	1.29016	0	-0.000963814	0	0.00124844	0	0	0	0	0	0	0	-0.575493	-0.244625	0.0688346	0	0	1.55481	0	0	0	0.0870995	-0.0346312	0.885258
2014-10-09 00:00:00	-0.2	-0.420581	1.08696	0	-0.00280235	0	0.00127767	0	0	0	0	0	0	0	-0.891428	-0.244117	0.068744	0	0	1.39949	0	0	0	0.0871078	-0.0319892	0.852659
2014-10-10 00:00:00	-0.2	-0.185966	1.04168	0	-0.00596122	0	0.00060131	0	0	0	0	0	0	0	-0.918186	-0.243571	0.0686447	0	0	1.24892	0	0	0	0.0870984	-0.0298166	0.863446
2014-10-11 00:00:00	0	-0.00664979	1.05345	0	-0.0143636	0	9.09151E-06	0	0	0	0	0	0	0	-1.4726	-0.243023	0.0685873	0	0	1.12218	0	0	0	0.0870757	-0.0277762	0.566888
2014-10-12 00:00:00	-14.955	2.72274	1.05442	0	0.034453	-0.0220445	0.0581745	0	0	0	0	0	0	0	7.23724	-0.243496	0.0687126	0	0	1.2275	0	0	0	0.0872003	-0.0281616	-2.75823
2014-10-13 00:00:00	-5.7955	-0.0055267	0.948961	0	-0.0020334	-0.0131311	0.0369978	0	0	0	0	0	0	0	2.81485	-0.24431	0.0688986	0	0	1.47391	0	0	0	0.0876496	-0.0331222	-0.66235
2014-10-14 00:00:00	-0.2	-0.732999	0.997113	0	-0.00429688	-0.000346858	0.0021105	0	0	0	0	0	0	0	-0.475129	-0.244015	0.0688623	0	0	1.41924	0	0	0	0.0878066	-0.0327678	0.885574
2014-10-15 00:00:00	0	-0.900711	1.00724	0	-0.00316721	0	0.00121916	0	0	0	0	0	0	0	-0.588458	-0.243473	0.0687736	0	0	1.29016	0	0	0	0.0878044	-0.0304997	0.688888
2014-10-16 00:00:00	-2.6045	1.35571	1.08155	0	0.00422779	0	0.00161549	0	0	0	0	0	0	0	-0.52869	-0.242954	0.0686989	0	0	1.19423	0	0	0	0.0877067	-0.0288775	0.38871
2014-10-17 00:00:00	-3.1955	0.260084	1.18039	0	0.0022695	-0.00430752	0.0105321	0	0	0	0	0	0	0	0.788976	-0.242228	0.0686957	0	0	1.15411	0	0	0	0.0876625	-0.0279294	0.0827569
2014-10-18 00:00:00	-11.955	0.0266216	1.19358	0	0.00200565	-0.0280178	0.0778688	0	0	0	0	0	0	0	6.81211	-0.24325	0.0688871	0	0	1.33837	0	0	0	0.0879456	-0.0297246	-2.64856
2014-10-19 00:00:00	-4.18199	-0.00869585	1.11541	0	-0.00174801	-0.00848279	0.0240835	0	0	0	0	0	0	0	1.45725	-0.243783	0.069011	0	0	1.48841	0	0	0	0.0884217	-0.0336833	-0.235792
2014-10-20 00:00:00	-2.38649	0.00710396	1.02367	0	-0.000870897	-0.0037304	0.0110904	0	0	0	0	0	0	0	0.342527	-0.243592	0.0689913	0	0	1.43647	0	0	0	0.0885495	-0.0331988	0.310522
2014-10-21 00:00:00	-1.5955	-0.0251185	0.87161	0	-0.000162576	-0.00201703	0.00622287	0	0	0	0	0	0	0	0.143865	-0.24327	0.0689422	0	0	1.35602	0	0	0	0.088604	-0.0315296	0.637667
2014-10-22 00:00:00	0	-0.833386	0.91101	0	-0.00287177	-8.99748E-05	0.00177844	0	0	0	0	0	0	0	-0.735455	-0.242772	0.0688586	0	0	1.24917	0	0	0	0.0886145	-0.0298403	0.475014
2014-10-23 00:00:00	-2.2045	0.81739	1.00654	0	0.00273723	-0.000557348	0.00200269	0	0	0	0	0	0	0	-0.135801	-0.242191	0.0687701	0	0	1.15493	0	0	0	0.0885317	-0.0283868	0.529462
2014-10-24 00:00:00	-0.702252	-0.222265	0.893584	0	-0.000660304	-0.000216161	0.0016941	0	0	0	0	0	0	0	-0.434986	-0.241035	0.0687262	0	0	1.08365	0	0	0	0.0884482	-0.0271482	0.507543
2014-10-25 00:00:00	-0.4	-0.458849	0.912746	0	-0.00164542	0	0.00133001	0	0	0	0	0	0	0	-0.517516	-0.240563	0.0686472	0	0	1.00796	0	0	0	0.0883351	-0.0261863	0.43426
2014-10-26 00:00:00	-8.57748	0.664715	0.94058	0	0.00511647	-0.0176773	0.0486097	0	0	0	0	0	0	0	4.09949	-0.241039	0.0687489	0	0	1.1014	0	0	0	0.0884479	-0.0267762	-1.84588
2014-10-27 00:00:00	-1.50225	-0.0046509	0.836095	0	-0.00276726	-0.00211869	0.00697825	0	0	0	0	0	0	0	-0.120444	-0.241151	0.0687241	0	0	1.17557	0	0	0	0.0888213	-0.0285456	0.274259
2014-10-28 00:00:00	-13.9865	-0.0151128	1.19277	0	0.00417276	-0.0331831	0.0918941	0	0	0	0	0	0	0	7.89021	-0.242495	0.0689969	0	0	1.39916	0	0	0	0.0892377	-0.0309471	-3.57179
2014-10-29 00:00:00	-0.2	-0.411172	0.637896	0	-0.00549855	-0.000648262	0.00364717	0	0	0	0	0	0	0	-0.607746	-0.242907	0.0691089	0	0	1.52567	0	0	0	0.0898594	-0.0345917	0.82362
2014-10-30 00:00:00	-0.2	-0.528547	0.791411	0	-0.00189683	0	0.00140817	0	0	0	0	0	0	0	-0.550882	-0.242394	0.0690199	0	0	1.39038	0	0	0	0.089828	-0.0322902	0.786037
2014-10-31 00:00:00	-2.6045	0.926904	0.960147	0	0.00356516	-0.00131046	0.00407214	0	0	0	0	0	0	0	-0.0350991	-0.241952	0.0689447	0	0	1.28387	0	0	0	0.089803	-0.0300893	0.424357
2014-11-01 00:00:00	-2.30676	-0.016075	0.799635	0	6.18198E-05	-0.00395644	0.0117219	0	0	0	0	0	0	0	0.582335	-0.241758	0.06892	0	0	1.24014	0	0	0	0.0897958	-0.0296503	0.194416
2014-11-02 00:00:00	-0.302252	-0.356961	0.679229	0	-0.00159327	-0.000155955	0.00173272	0	0	0	0	0	0	0	-0.480901	-0.241387	0.0688569	0	0	1.1792	0	0	0	0.0897925	-0.0288114	0.606747
2014-11-03 00:00:00	-8.18649	0.342004	0.607534	0	0.00385348	-0.0184772	0.0515963	0	0	0	0	0	0	0	4.23505	-0.241876	0.0689664	0	0	1.24925	0	0	0	0.0899855	-0.0291631	-1.82777
2014-11-04 00:00:00	-4.21351	-0.010057	0.613205	0	-0.00129626	-0.00961318	0.0277031	0	0	0	0	0	0	0	1.79837	-0.242454	0.0691081	0	0	1.38541	0	0	0	0.0904655	-0.0312203	-0.523893
2014-11-05 00:00:00	-0.2	-0.273384	0.483236	0	-0.00225132	-0.000285034	0.0022026	0	0	0	0	0	0	0	-0.617	-0.242191	0.0690754	0	0	1.3404	0	0	0	0.0905852	-0.0310731	0.619312
2014-11-06 00:00:00	-5.56397	0.259703	0.564589	0	0.00259495	-0.012102	0.034403	0	0	0	0	0	0	0	2.67374	-0.242358	0.0691183	0	0	1.3418	0	0	0	0.0906482	-0.0307402	-0.812572
2014-11-07 00:00:00	-6.21351	-0.0118986	0.591886	0	0.000412848	-0.0147328	0.041668	0	0	0	0	0	0	0	3.11115	-0.242998	0.0692851	0	0	1.46827	0	0	0	0.0910609	-0.0326031	-1.142
2014-11-08 00:00:00	-1.2045	-0.00566086	0.581418	0	-0.00218747	-0.00190405	0.00663866	0	0	0	0	0	0	0	-0.180952	-0.242953	0.0693227	0	0	1.46756	0	0	0	0.0913187	-0.0333027	0.54479
2014-11-09 00:00:00	0	-0.466512	0.499413	0	-0.00149508	-7.82871E-05	0.0013884	0	0	0	0	0	0	0	-0.427025	-0.242461	0.0692372	0	0	1.34958	0	0	0	0.0912608	-0.0317264	0.841578
2014-11-10 00:00:00	-0.2	-0.241929	0.471109	0	-0.000920627	0	0.00143716	0	0	0	0	0	0	0	-0.544245	-0.241946	0.0691414	0	0	1.23844	0	0	0	0.0912783	-0.0295194	0.612843
2014-11-11 00:00:00	-2.80901	0.686411	0.604802	0	0.00306196	-0.00341323	0.0105356	0	0	0	0	0	0	0	0.550804	-0.241676	0.069101	0	0	1.18383	0	0	0	0.0911711	-0.0288082	0.116815
2014-11-12 00:00:00	-4.1955	-0.0192472	0.568552	0	0.0013883	-0.00948128	0.026918	0	0	0	0	0	0	0	1.88825	-0.241895	0.069166	0	0	1.23206	0	0	0	0.0913236	-0.0286965	-0.617152
2014-11-13 00:00:00	-2.80901	-0.00684727	0.571228	0	0.000460819	-0.00591918	0.0175956	0	0	0	0	0	0	0	0.945942	-0.241972	0.069195	0	0	1.26584	0	0	0	0.0915289	-0.0291519	-0.13111
2014-11-14 00:00:00	-13.955	-0.00030263	0.593734	0	0.00626557	-0.0347994	0.0992339	0	0	0	0	0	0	0	7.89319	-0.243447	0.0694962	0	0	1.52923	0	0	0	0.0920398	-0.0330285	-3.98336
2014-11-15 00:00:00	-0.2	-0.280613	0.49101	0	-0.00443963	-0.000667811	0.00381008	0	0	0	0	0	0	0	-0.53644	-0.243919	0.069631	0	0	1.68246	0	0	0	0.0926432	-0.0364873	1.03698
2014-11-16 00:00:00	-0.502252	0.01582	0.486434	0	-0.000316546	0	0.00158355	0	0	0	0	0	0	0	-0.629689	-0.24338	0.069541	0	0	1.5243	0	0	0	0.0925872	-0.0344841	0.780139
2014-11-17 00:00:00	-6.32252	0.237769	0.482903	0	0.00314912	-0.0141062	0.041383	0	0	0	0	0	0	0	3.11333	-0.243696	0.0696193	0	0	1.52924	0	0	0	0.0927091	-0.0336577	-1.04387
2014-11-18 00:00:00	-0.195496	-0.285312	0.491516	0	-0.00289428	-0.00039213	0.00262646	0	0	0	0	0	0	0	-0.520324	-0.24358	0.0696246	0	0	1.5063	0	0	0	0.092962	-0.0341968	0.880833
2014-11-19 00:00:00	-0.281064	-0.244625	0.495469	0	-0.00137725	0	0.0013673	0	0	0	0	0	0	0	-0.474687	-0.243079	0.0695477	0	0	1.37473	0	0	0	0.0929525	-0.0315615	0.757674
2014-11-20 00:00:00	-0.2	-0.191463	0.414983	0	-0.0012101	0	0.00166058	0	0	0	0	0	0	0	-0.605367	-0.24263	0.0694745	0	0	1.26872	0	0	0	0.0928988	-0.0297099	0.577361
2014-11-21 00:00:00	-4.78649	0.690365	0.417069	0	0.00497766	-0.0089411	0.0259988	0	0	0	0	0	0	0	1.89659	-0.242672	0.0694924	0	0	1.25888	0	0	0	0.0928805	-0.0293389	-0.611196
2014-11-22 00:00:00	-4.17298	-0.0231271	0.468815	0	0.000495669	-0.0098393	0.0291975	0	0	0	0	0	0	0	1.96146	-0.24301	0.0695708	0	0	1.34134	0	0	0	0.093219	-0.0301632	-0.515022
2014-11-23 00:00:00	0	-0.359352	0.380814	0	-0.0032144	-0.000293093	0.0026916	0	0	0	0	0	0	0	-0.450573	-0.24273	0.0695293	0	0	1.3064	0	0	0	0.0932524	-0.0306157	0.765912
2014-11-24 00:00:00	-0.2	-0.184384	0.407216	0	-0.00110278	0	0.00151486	0	0	0	0	0	0	0	-0.803592	-0.242146	0.0694228	0	0	1.1948	0	0	0	0.0932938	-0.0291268	0.305894
2014-11-25 00:00:00	0	-0.350219	0.393039	0	-0.00177918	0	0.00150471	0	0	0	0	0	0	0	-0.390486	-0.24165	0.0693047	0	0	1.12757	0	0	0	0.0929902	-0.0281401	0.672129
2014-11-26 00:00:00	-0.2	-0.139668	0.357114	0	-0.00105926	0	0.00148322	0	0	0	0	0	0	0	-0.529492	-0.241098	0.0692171	0	0	1.05755	0	0	0	0.0930189	-0.0268543	0.44021
2014-11-27 00:00:00	-1.1955	0.742079	0.388116	0	0.00126563	0	0.00151499	0	0	0	0	0	0	0	-0.373471	-0.240601	0.068966	0	0	0.994443	0	0	0	0.0929051	-0.0264255	0.453295
2014-11-28 00:00:00	0	-0.358691	0.378749	0	-0.00117833	0	0.0012167	0	0	0	0	0	0	0	-0.535137	-0.240266	0.068874	0	0	0.958629	0	0	0	0.0927926	-0.0252185	0.339771
2014-11-29 00:00:00	-0.195496	-0.191789	0.410694	0	-0.00123904	0	0.00158544	0	0	0	0	0	0	0	-0.784503	-0.23945	0.0688242	0	0	0.916934	0	0	0	0.092705	-0.0238946	0.0543713
2014-11-30 00:00:00	-1.18649	0.707188	0.333074	0	0.00188362	0	0.00159413	0	0	0	0	0	0	0	-0.366895	-0.238945	0.0687415	0	0	0.88257	0	0	0	0.0926053	-0.0233392	0.271988
2014-12-01 00:00:00	-1.2	0.0466291	0.336534	0	0.0014356	-0.00161894	0.00582365	0	0	0	0	0	0	0	0.0337624	-0.238523	0.0686864	0	0	0.876958	0	0	0	0.0925707	-0.0229322	-0.000675275
2014-12-02 00:00:00	-0.4	0.00651631	0.267093	0	-0.00106157	-0.000387728	0.00316	0	0	0	0	0	0	0	-0.507555	-0.238166	0.0684391	0	0	0.867411	0	0	0	0.0924059	-0.0225186	0.135336
2014-12-03 00:00:00	-18.1505	-0.00899964	0.25038	0	0.00953556	-0.0464509	0.132014	0	0	0	0	0	0	0	10.86	-0.240186	0.0687164	0	0	1.25703	0	0	0	0.0929338	-0.0276482	-5.80312
2014-12-04 00:00:00	0	-0.27986	0.290591	0	-0.00621794	-0.000802378	0.00552176	0	0	0	0	0	0	0	-0.728807	-0.241007	0.0689533	0	0	1.53446	0	0	0	0.0936882	-0.0345014	0.702021
2014-12-05 00:00:00	-0.195496	-0.0533696	0.255451	0	-0.000408629	0	0.0015912	0	0	0	0	0	0	0	-0.413049	-0.240455	0.0688693	0	0	1.40133	0	0	0	0.0935766	-0.0329035	0.885137
2014-12-06 00:00:00	-8.18649	0.300972	0.337308	0	0.00462516	-0.0192184	0.0562889	0	0	0	0	0	0	0	4.32833	-0.241084	0.0690042	0	0	1.47895	0	0	0	0.0938593	-0.0325296	-1.80998
2014-12-07 00:00:00	-17.9595	-0.00277541	0.278797	0	0.000717592	-0.0463078	0.135315	0	0	0	0	0	0	0	10.4087	-0.243485	0.0694966	0	0	1.98286	0	0	0	0.0949161	-0.038604	-5.31987
2014-12-08 00:00:00	-2.58649	-0.0114529	0.247302	0	-0.00318219	-0.00675226	0.0225379	0	0	0	0	0	0	0	0.72158	-0.244621	0.0697903	0	0	2.28619	0	0	0	0.095853	-0.0429555	0.547797
2014-12-09 00:00:00	-10.9955	-0.0115372	0.325401	0	0.0030881	-0.0277209	0.0810659	0	0	0	0	0	0	0	5.95019	-0.245682	0.0700473	0	0	2.38118	0	0	0	0.0964579	-0.0428929	-2.4159
2014-12-10 00:00:00	-17.955	-0.0041744	0.254193	0	0.000207551	-0.0464814	0.136457	0	0	0	0	0	0	0	10.0419	-0.248244	0.0707288	0	0	3.01453	0	0	0	0.097764	-0.0490423	-4.68711
2014-12-11 00:00:00	-4.98199	-0.0127468	0.219886	0	-0.000286245	-0.0130174	0.0405886	0	0	0	0	0	0	0	2.24125	-0.249731	0.0710866	0	0	3.37662	0	0	0	0.0988628	-0.0532449	0.737283
2014-12-12 00:00:00	-4.99099	-0.00910253	0.23756	0	-0.00206259	-0.0125117	0.0386915	0	0	0	0	0	0	0	2.04545	-0.250053	0.0711361	0	0	3.18074	0	0	0	0.0994721	-0.0511152	0.357212
2014-12-13 00:00:00	-5.76397	-0.00905219	0.212582	0	0.00032866	-0.0146475	0.0444492	0	0	0	0	0	0	0	2.50571	-0.250563	0.0712074	0	0	3.04416	0	0	0	0.10008	-0.049912	-0.109633
2014-12-14 00:00:00	-21.1279	-0.0107249	0.294017	0	0.00482351	-0.0545326	0.157923	0	0	0	0	0	0	0	11.2638	-0.25321	0.0717176	0	0	3.57923	0	0	0	0.10133	-0.0528239	-6.02639
2014-12-15 00:00:00	-4.78199	-0.0086559	0.256968	0	-0.00298298	-0.012477	0.0406629	0	0	0	0	0	0	0	1.84476	-0.254576	0.0719767	0	0	3.90094	0	0	0	0.102663	-0.0577332	1.09956
2014-12-16 00:00:00	-7.78649	-0.00929853	0.259131	0	-0.00110213	-0.0196961	0.0595044	0	0	0	0	0	0	0	3.40415	-0.255415	0.0720932	0	0	3.72343	0	0	0	0.103438	-0.0559846	-0.50624
2014-12-17 00:00:00	-1.79099	-0.0102428	0.318913	0	-0.00242154	-0.00417026	0.0154482	0	0	0	0	0	0	0	0.0826259	-0.255638	0.0720987	0	0	3.44575	0	0	0	0.104294	-0.0542229	1.92144
2014-12-18 00:00:00	-10.146	-0.0108157	0.31715	0	0.00365733	-0.0255958	0.075507	0	0	0	0	0	0	0	4.48201	-0.256882	0.0722215	0	0	3.35037	0	0	0	0.10491	-0.0521512	-2.08558
2014-12-19 00:00:00	-9.72794	-0.00679752	0.263217	0	-0.000523182	-0.025087	0.0759614	0	0	0	0	0	0	0	4.38862	-0.258416	0.0724214	0	0	3.48642	0	0	0	0.105898	-0.053823	-1.68006
2014-12-20 00:00:00	-2.37748	-0.00654983	0.268262	0	-0.00279384	-0.00590749	0.0218663	0	0	0	0	0	0	0	0.354144	-0.258832	0.0724677	0	0	3.3179	0	0	0	0.106539	-0.053424	1.43619
2014-12-21 00:00:00	-14.0964	-0.013124	0.317096	0	0.00463296	-0.0398348	0.107112	0	0	0	0	0	0	0	6.10486	-0.260512	0.0727777	0	0	3.4475	0	0	0	0.107421	-0.0525861	-4.30108
2014-12-22 00:00:00	-25.5505	-0.00374616	0.319322	0	0.00123554	-0.0811417	0.201023	0	0	0	0	0	0	0	11.9221	-0.26424	0.0735583	0	0	4.56499	0	0	0	0.109324	-0.0610414	-8.76906
2014-12-23 00:00:00	-8.35722	-0.00840362	0.280598	0	-0.00414621	-0.0295632	0.0721131	0	0	0	0	0	0	0	3.49548	-0.267323	0.0742006	0	0	5.30799	0	0	0	0.111367	-0.0682001	0.606891
2014-12-24 00:00:00	-6.77748	-0.00985242	0.287931	0	-0.000352923	-0.0214168	0.0560259	0	0	0	0	0	0	0	2.01885	-0.268423	0.0745134	0	0	4.99555	0	0	0	0.112315	-0.0662068	0.401446
2014-12-25 00:00:00	-1.58424	-0.0156092	0.289513	0	-0.00162719	-0.00481933	0.0149145	0	0	0	0	0	0	0	-0.264785	-0.268475	0.0745664	0	0	4.45129	0	0	0	0.11309	-0.0631803	2.74064
2014-12-26 00:00:00	-0.2	-0.0913931	0.291394	0	-0.000653071	-0.000141838	0.00568785	0	0	0	0	0	0	0	-1.27113	-0.268102	0.0744895	0	0	3.85101	0	0	0	0.113519	-0.058022	2.44666
2014-12-27 00:00:00	-0.786489	0.0773894	0.293762	0	9.03748E-05	-0.000912594	0.00688168	0	0	0	0	0	0	0	-0.961061	-0.267653	0.0743962	0	0	3.3365	0	0	0	0.113601	-0.0541514	1.83235
2014-12-28 00:00:00	-0.8	-0.00937565	0.299643	0	-0.000116453	-0.00126729	0.0070202	0	0	0	0	0	0	0	-0.696976	-0.267345	0.0743303	0	0	2.93032	0	0	0	0.113707	-0.0505599	1.59938
2014-12-29 00:00:00	-0.395496	-0.00543717	0.227752	0	-0.000166125	-0.000449768	0.00560097	0	0	0	0	0	0	0	-0.757414	-0.267004	0.0742798	0	0	2.61408	0	0	0	0.113818	-0.0465426	1.56302
2014-12-30 00:00:00	-0.00450358	-0.252767	0.266021	0	-0.000527524	-1.39368E-05	0.00315836	0	0	0	0	0	0	0	-0.688097	-0.266531	0.0742115	0	0	2.29615	0	0	0	0.113759	-0.0440727	1.49679
2014-12-31 00:00:00	-0.590993	0.229086	0.332288	0	0.000179936	0	0.00407159	0	0	0	0	0	0	0	-0.644202	-0.266186	0.0741707	0	0	2.07289	0	0	0	0.113763	-0.0404847	1.28458
2015-01-01 00:00:00	-17.955	-0.00202947	0.352251	0	0.00495593	-0.0472855	0.134737	0	0	0	0	0	0	0	8.43908	-0.268187	0.0745831	0	0	2.44333	0	0	0	0.114477	-0.0423885	-6.75145
2015-01-02 00:00:00	-6.04954	-0.011104	0.279097	0	-0.00215386	-0.0196305	0.0506616	0	0	0	0	0	0	0	2.15285	-0.270164	0.0749594	0	0	2.88398	0	0	0	0.115468	-0.0482013	-0.843774
2015-01-03 00:00:00	-1.44504	-0.00868384	0.245422	0	-0.00187436	-0.00423646	0.0145614	0	0	0	0	0	0	0	-0.193643	-0.270468	0.0750807	0	0	2.73362	0	0	0	0.115751	-0.0474792	1.21302
2015-01-04 00:00:00	0	-0.232981	0.239138	0	-0.00104617	-0.00012904	0.00375014	0	0	0	0	0	0	0	-0.777065	-0.270128	0.0750631	0	0	2.42769	0	0	0	0.115812	-0.0448172	1.53528
2015-01-05 00:00:00	-0.395496	0.0556539	0.339842	0	-6.81496E-05	0	0.00136109	0	0	0	0	0	0	0	-0.23981	-0.269472	0.0749634	0	0	2.06307	0	0	0	0.11575	-0.0427807	1.70301
2015-01-06 00:00:00	-4.24954	0.149942	0.29606	0	0.00223983	-0.00931464	0.0334683	0	0	0	0	0	0	0	0.82213	-0.26988	0.0750564	0	0	2.078	0	0	0	0.116059	-0.0400494	-0.99583
2015-01-07 00:00:00	-4.82702	-0.00994371	0.327709	0	0.000299968	-0.0116827	0.0373865	0	0	0	0	0	0	0	1.61736	-0.270491	0.0752087	0	0	2.12591	0	0	0	0.116373	-0.0404534	-0.859346
2015-01-08 00:00:00	-7.97298	-0.00494854	0.299918	0	0.000778979	-0.0230388	0.0628712	0	0	0	0	0	0	0	3.22141	-0.271684	0.0754582	0	0	2.30786	0	0	0	0.11682	-0.0416542	-2.22919
2015-01-09 00:00:00	-8.02252	-0.0139165	0.336608	0	0.000658999	-0.0243679	0.0630728	0	0	0	0	0	0	0	3.54378	-0.273013	0.0757882	0	0	2.54579	0	0	0	0.117735	-0.0445981	-1.69498
2015-01-10 00:00:00	-13.955	-0.00416237	0.295437	0	0.000558174	-0.0435888	0.11084	0	0	0	0	0	0	0	6.50134	-0.275351	0.076287	0	0	3.03485	0	0	0	0.118701	-0.0482224	-4.18828
2015-01-11 00:00:00	-0.668373	-0.100026	0.29647	0	-0.0042164	-0.00258747	0.00770369	0	0	0	0	0	0	0	-0.859556	-0.276373	0.0766023	0	0	3.09127	0	0	0	0.119305	-0.0513191	1.6289
2015-01-12 00:00:00	-5.53511	0.0783595	0.314306	0	0.00261173	-0.0143103	0.0409742	0	0	0	0	0	0	0	1.74372	-0.277135	0.0768248	0	0	2.89433	0	0	0	0.119575	-0.0483838	-0.604232
2015-01-13 00:00:00	-2.23153	-0.0083333	0.274891	0	-0.0013036	-0.00604095	0.0194793	0	0	0	0	0	0	0	0.0782396	-0.277568	0.0769856	0	0	2.75187	0	0	0	0.119936	-0.0475186	0.749116
2015-01-14 00:00:00	-9.1955	-0.00521938	0.28069	0	0.00173577	-0.0270185	0.0722433	0	0	0	0	0	0	0	4.06574	-0.278905	0.0773342	0	0	2.8357	0	0	0	0.120359	-0.0471659	-2.1
2015-01-15 00:00:00	-8.31443	-0.0149811	0.335379	0	0.00113882	-0.0256634	0.0657283	0	0	0	0	0	0	0	3.36661	-0.280802	0.0777165	0	0	3.0765	0	0	0	0.121204	-0.0496845	-1.64128
2015-01-16 00:00:00	0	-0.272866	0.285566	0	-0.00418058	-0.0016434	0.00774096	0	0	0	0	0	0	0	-1.01847	-0.281094	0.0777318	0	0	2.88899	0	0	0	0.121548	-0.0501445	1.75317
2015-01-17 00:00:00	-2.0045	0.260939	0.286523	0	0.00106657	-0.00346055	0.0141715	0	0	0	0	0	0	0	-0.164188	-0.281031	0.0777277	0	0	2.601	0	0	0	0.121675	-0.0470193	0.862899
2015-01-18 00:00:00	-0.227022	-0.0545485	0.248637	0	-0.00115036	-0.000186489	0.00397099	0	0	0	0	0	0	0	-0.837082	-0.280802	0.0777187	0	0	2.32358	0	0	0	0.121719	-0.045176	1.32965
2015-01-19 00:00:00	0	-0.193673	0.204713	0	-0.000324885	0	0.00405182	0	0	0	0	0	0	0	-0.949166	-0.280487	0.0777095	0	0	2.09703	0	0	0	0.12185	-0.0411836	1.04052
2015-01-20 00:00:00	-0.00450358	-0.223741	0.258685	0	-0.000962873	0	0.003335	0	0	0	0	0	0	0	-0.723105	-0.280217	0.0776541	0	0	1.8607	0	0	0	0.121775	-0.0394184	1.0502
2015-01-21 00:00:00	-0.390993	0.138978	0.252015	0	-7.28728E-05	0	0.00337902	0	0	0	0	0	0	0	-0.700082	-0.280016	0.077616	0	0	1.69166	0	0	0	0.121761	-0.0367629	0.877479
2015-01-22 00:00:00	-0.786489	0.279825	0.302961	0	0.00162046	0	0.00440053	0	0	0	0	0	0	0	-0.614322	-0.279884	0.0775913	0	0	1.56865	0	0	0	0.121674	-0.0347591	0.641266
2015-01-23 00:00:00	-8.22702	0.00847661	0.378541	0	0.00257665	-0.019955	0.0614652	0	0	0	0	0	0	0	3.41393	-0.280737	0.0777691	0	0	1.69647	0	0	0	0.12186	-0.0361256	-2.80275
2015-01-24 00:00:00	-0.409007	-0.00997191	0.35925	0	-0.00265609	-0.000515314	0.00556236	0	0	0	0	0	0	0	-1.03951	-0.281176	0.0779084	0	0	1.791	0	0	0	0.122137	-0.0376398	0.575374
2015-01-25 00:00:00	-3.02252	-0.00167025	0.437213	0	0.00124939	-0.00636799	0.0223922	0	0	0	0	0	0	0	0.788437	-0.281378	0.0779632	0	0	1.73117	0	0	0	0.122049	-0.0368526	-0.168316
2015-01-26 00:00:00	-0.204504	-0.202272	0.406476	0	-0.0015298	-0.000240992	0.00418625	0	0	0	0	0	0	0	-0.78508	-0.281416	0.0779693	0	0	1.62826	0	0	0	0.122213	-0.036555	0.727507
2015-01-27 00:00:00	-0.204504	-0.201306	0.435985	0	-0.000917686	0	0.00375751	0	0	0	0	0	0	0	-0.724001	-0.281301	0.0779392	0	0	1.50739	0	0	0	0.122269	-0.034516	0.700797
2015-01-28 00:00:00	-6.28106	0.381822	0.364785	0	0.00397691	-0.013428	0.041912	0	0	0	0	0	0	0	2.41224	-0.281891	0.0780834	0	0	1.57474	0	0	0	0.122369	-0.0342013	-1.63065
2015-01-29 00:00:00	-2.57298	-0.000720508	0.309286	0	-0.00167936	-0.00611044	0.0220974	0	0	0	0	0	0	0	0.470068	-0.282465	0.0782485	0	0	1.69231	0	0	0	0.122582	-0.0358713	-0.205233
2015-01-30 00:00:00	-1.41801	-0.0147857	0.362621	0	-0.000358151	-0.00274243	0.010973	0	0	0	0	0	0	0	-0.076166	-0.282569	0.0782847	0	0	1.65287	0	0	0	0.122696	-0.0360708	0.396738
2015-01-31 00:00:00	-3.02252	0.00361758	0.335158	0	0.000450876	-0.00688916	0.024575	0	0	0	0	0	0	0	0.725228	-0.282846	0.0783551	0	0	1.64281	0	0	0	0.122871	-0.0354066	-0.414599
2015-02-01 00:00:00	0	-0.334235	0.35736	0	-0.00173942	-0.000286271	0.0040294	0	0	0	0	0	0	0	-0.970475	-0.282784	0.0783574	0	0	1.5629	0	0	0	0.123053	-0.0353904	0.500788
2015-02-02 00:00:00	0	-0.269008	0.305413	0	-0.00139855	0	0.00330576	0	0	0	0	0	0	0	-0.547618	-0.282598	0.0783188	0	0	1.44951	0	0	0	0.122906	-0.0337402	0.825085
2015-02-03 00:00:00	0	-0.253079	0.287367	0	-0.00072704	0	0.00396801	0	0	0	0	0	0	0	-0.711415	-0.282452	0.0782823	0	0	1.35255	0	0	0	0.122945	-0.0311891	0.566246
2015-02-04 00:00:00	-0.404504	0.0653525	0.339149	0	-0.000220366	0	0.0035557	0	0	0	0	0	0	0	-0.668849	-0.282244	0.0782382	0	0	1.26356	0	0	0	0.122824	-0.0301183	0.486746
2015-02-05 00:00:00	-0.809007	0.380216	0.401438	0	0.0004192	0	0.00294526	0	0	0	0	0	0	0	-0.506347	-0.282041	0.0781975	0	0	1.19322	0	0	0	0.122728	-0.029096	0.552673
2015-02-06 00:00:00	-0.204504	-0.208115	0.423935	0	-0.000371476	0	0.0035709	0	0	0	0	0	0	0	-0.638946	-0.281903	0.0781718	0	0	1.14282	0	0	0	0.122631	-0.0277996	0.409494
2015-02-07 00:00:00	-2.83378	0.578523	0.421078	0	0.00399887	-0.00329645	0.0146791	0	0	0	0	0	0	0	0.571117	-0.281928	0.0781862	0	0	1.1333	0	0	0	0.122519	-0.0275256	-0.223126
2015-02-08 00:00:00	-0.2	-0.230056	0.438829	0	-0.0015861	-0.000218496	0.00366267	0	0	0	0	0	0	0	-0.746278	-0.281895	0.0781917	0	0	1.14072	0	0	0	0.122563	-0.0279879	0.295947
2015-02-09 00:00:00	0	-0.485665	0.551896	0	-0.00202961	0	0.00287114	0	0	0	0	0	0	0	-0.449275	-0.281721	0.0781588	0	0	1.09557	0	0	0	0.122307	-0.0271602	0.604946
2015-02-10 00:00:00	0	-0.448208	0.511253	0	-0.00321358	0	0.00342063	0	0	0	0	0	0	0	-0.684521	-0.281565	0.0781274	0	0	1.05568	0	0	0	0.122214	-0.0265115	0.32668
2015-02-11 00:00:00	-0.195496	-0.140752	0.467844	0	-0.00308266	0	0.00305181	0	0	0	0	0	0	0	-0.622683	-0.281393	0.0780905	0	0	1.01941	0	0	0	0.122062	-0.0259716	0.421085
2015-02-12 00:00:00	-0.2	-0.125416	0.502435	0	-0.00323282	0	0.0026886	0	0	0	0	0	0	0	-0.643262	-0.281177	0.0780425	0	0	0.982004	0	0	0	0.121915	-0.0255267	0.40847
2015-02-13 00:00:00	-0.390993	-0.0647403	0.547643	0	-0.00229845	0	0.00159109	0	0	0	0	0	0	0	-0.527999	-0.280952	0.0779945	0	0	0.951526	0	0	0	0.121836	-0.0253831	0.408223
2015-02-14 00:00:00	-0.595496	-0.0166645	0.632334	0	-0.000833199	0	0.00425342	0	0	0	0	0	0	0	-0.592145	-0.280801	0.07796	0	0	0.933595	0	0	0	0.121625	-0.0246244	0.259204
2015-02-15 00:00:00	0	-0.253764	0.61312	0	-0.00635596	0	0.00187052	0	0	0	0	0	0	0	-0.959609	-0.280567	0.0779107	0	0	0.90744	0	0	0	0.121512	-0.0245152	0.197043
2015-02-16 00:00:00	-1.4045	0.73739	0.605131	0	0.00122903	0	0.00288465	0	0	0	0	0	0	0	-0.365566	-0.280394	0.0778728	0	0	0.892084	0	0	0	0.12134	-0.0238848	0.363583
2015-02-17 00:00:00	-0.2	-0.378322	0.615963	0	-0.00113552	0	0.00328194	0	0	0	0	0	0	0	-0.485778	-0.280212	0.0778333	0	0	0.884334	0	0	0	0.12115	-0.023193	0.333921
2015-02-18 00:00:00	-1.40901	0.622784	0.730231	0	0.00126799	0	0.00297544	0	0	0	0	0	0	0	-0.531292	-0.279991	0.0777881	0	0	0.876696	0	0	0	0.121021	-0.0230118	0.189461
2015-02-19 00:00:00	-1.21801	0.219678	0.713478	0	0.00323549	0	0.00382989	0	0	0	0	0	0	0	-0.302261	-0.279858	0.077761	0	0	0.877669	0	0	0	0.120754	-0.0234081	0.192864
2015-02-20 00:00:00	-2.78649	0.490097	0.629276	0	0.0173248	0	0.0078127	0	0	0	0	0	0	0	0.574737	-0.279886	0.0777546	0	0	0.912746	0	0	0	0.120674	-0.0240871	-0.260041
2015-02-21 00:00:00	-0.395496	-0.195404	0.60297	0	-0.00129039	0	0.00305336	0	0	0	0	0	0	0	-0.641384	-0.27981	0.0777326	0	0	0.939763	0	0	0	0.12067	-0.0246326	0.206172
2015-02-22 00:00:00	-2.87656	0.186609	0.584024	0	0.0019664	-0.00425884	0.0170678	0	0	0	0	0	0	0	0.824777	-0.279889	0.0777548	0	0	0.974584	0	0	0	0.120498	-0.0250072	-0.398434
2015-02-23 00:00:00	-2.24504	-0.00471095	0.632253	0	-0.000258995	-0.00395277	0.014636	0	0	0	0	0	0	0	0.357294	-0.280071	0.0778131	0	0	1.05075	0	0	0	0.120503	-0.0261634	-0.306946
2015-02-24 00:00:00	-1.21801	-0.0102349	0.686891	0	-0.000599419	-0.00122339	0.00670763	0	0	0	0	0	0	0	-0.206981	-0.280029	0.0778152	0	0	1.06769	0	0	0	0.120447	-0.0267166	0.215756
2015-02-25 00:00:00	-0.995496	-0.0121242	0.719158	0	-0.000176927	-0.000538097	0.00453764	0	0	0	0	0	0	0	-0.261449	-0.279843	0.0777748	0	0	1.05019	0	0	0	0.120313	-0.0264187	0.395925
2015-02-26 00:00:00	-10.418	0.00777111	0.743611	0	0.00334451	-0.0246147	0.0742361	0	0	0	0	0	0	0	5.01588	-0.281041	0.0780017	0	0	1.28882	0	0	0	0.120576	-0.0287005	-3.42013
2015-02-27 00:00:00	-4.18199	-0.0196086	0.75306	0	-0.00123171	-0.00911962	0.0296785	0	0	0	0	0	0	0	1.26266	-0.282043	0.0782011	0	0	1.56247	0	0	0	0.120924	-0.0341192	-0.721117
2015-02-28 00:00:00	-6.18199	-0.00346998	0.846227	0	0.00082071	-0.0136977	0.0429888	0	0	0	0	0	0	0	2.3598	-0.28285	0.0783475	0	0	1.70608	0	0	0	0.121183	-0.0353798	-1.36193
2015-03-01 00:00:00	-13.937	0.0120424	0.773598	0	0.00132365	-0.0342135	0.102823	0	0	0	0	0	0	0	6.33473	-0.284892	0.0787151	0	0	2.11294	0	0	0	0.121878	-0.0396495	-4.75765
2015-03-02 00:00:00	-0.631525	-0.0947467	0.702605	0	-0.00444798	-0.000665058	0.00692512	0	0	0	0	0	0	0	-1.05488	-0.28569	0.0788676	0	0	2.24935	0	0	0	0.122479	-0.0430043	1.04527
2015-03-03 00:00:00	-4.95496	0.0911872	0.73682	0	0.00192492	-0.0100823	0.0329697	0	0	0	0	0	0	0	1.70157	-0.28608	0.0789349	0	0	2.14716	0	0	0	0.122489	-0.041999	-0.380069
2015-03-04 00:00:00	-0.2	-0.565806	0.829466	0	-0.00348814	-0.000306324	0.00461257	0	0	0	0	0	0	0	-1.01992	-0.286018	0.0789145	0	0	2.03497	0	0	0	0.122885	-0.0409365	0.954374
2015-03-05 00:00:00	0	-0.656356	0.955221	0	-0.00814445	0	0.00254119	0	0	0	0	0	0	0	-0.90023	-0.285708	0.0788487	0	0	1.82944	0	0	0	0.122868	-0.0387652	1.09972
2015-03-06 00:00:00	-0.8	-0.0599721	0.922906	0	-0.0022112	0	0.00254345	0	0	0	0	0	0	0	-0.61205	-0.285389	0.0787803	0	0	1.65177	0	0	0	0.122861	-0.0367249	0.982509
2015-03-07 00:00:00	-5.83153	1.26515	1.03333	0	0.0139168	-0.00599749	0.0242462	0	0	0	0	0	0	0	1.4093	-0.285535	0.0788081	0	0	1.60922	0	0	0	0.122922	-0.0354532	-0.601619
2015-03-08 00:00:00	-4.17298	-0.0111875	0.937606	0	-0.000213906	-0.00832923	0.0272706	0	0	0	0	0	0	0	1.02083	-0.286173	0.0789302	0	0	1.70976	0	0	0	0.123245	-0.0360688	-0.617307
2015-03-09 00:00:00	-0.440532	-0.476211	0.924971	0	-0.00341963	-0.000253961	0.00176205	0	0	0	0	0	0	0	-0.0444646	-0.285858	0.0788777	0	0	1.58811	0	0	0	0.123155	-0.037129	1.429
2015-03-10 00:00:00	-0.00450358	-0.641721	0.855329	0	-0.00653322	0	0.00545613	0	0	0	0	0	0	0	-1.45991	-0.285771	0.0788754	0	0	1.52094	0	0	0	0.123277	-0.0343744	0.151064
2015-03-11 00:00:00	-1.78649	0.837939	0.875665	0	0.00213455	0	0.003561	0	0	0	0	0	0	0	-0.489489	-0.285427	0.0788205	0	0	1.3972	0	0	0	0.123207	-0.0323269	0.724799
2015-03-12 00:00:00	-15.3685	0.275262	1.03154	0	0.0102818	-0.0352358	0.104387	0	0	0	0	0	0	0	7.2931	-0.28719	0.0791601	0	0	1.74669	0	0	0	0.123683	-0.0350079	-5.0618
2015-03-13 00:00:00	-4	-0.018478	0.960886	0	-0.00238516	-0.0105746	0.0286059	0	0	0	0	0	0	0	0.736184	-0.288594	0.0794669	0	0	2.10264	0	0	0	0.125032	-0.0405325	-0.327753
2015-03-14 00:00:00	0	-0.813904	0.909381	0	-0.00476386	-0.000466192	0.00482165	0	0	0	0	0	0	0	-0.80441	-0.288521	0.0794638	0	0	1.95831	0	0	0	0.125088	-0.0399751	1.12503
2015-03-15 00:00:00	0	-0.448097	0.84735	0	-0.00860402	0	0.00256235	0	0	0	0	0	0	0	-1.25285	-0.288229	0.0794167	0	0	1.77279	0	0	0	0.125077	-0.0376061	0.791816
2015-03-16 00:00:00	-1.39099	0.325015	1.05501	0	-0.000191178	0	0.00275797	0	0	0	0	0	0	0	-0.486495	-0.287885	0.0793434	0	0	1.60245	0	0	0	0.12499	-0.0359191	0.988085
2015-03-17 00:00:00	-0.8	-0.129179	0.952201	0	-0.000685613	0	0.00396295	0	0	0	0	0	0	0	-0.719051	-0.287618	0.0792839	0	0	1.48606	0	0	0	0.124901	-0.0337158	0.676158
2015-03-18 00:00:00	-0.2	-0.518176	1.05719	0	-0.00886184	0	0.00167671	0	0	0	0	0	0	0	-0.628233	-0.287138	0.0791998	0	0	1.36025	0	0	0	0.124788	-0.0323467	0.948349
2015-03-19 00:00:00	0	-0.0973806	1.15015	0	-0.0165321	0	0.00190526	0	0	0	0	0	0	0	-1.38034	-0.286829	0.0791321	0	0	1.2447	0	0	0	0.124746	-0.0297065	0.789848
2015-03-20 00:00:00	-0.395496	-0.000231427	1.0703	0	-0.00850684	0	0.00157158	0	0	0	0	0	0	0	-1.04643	-0.286286	0.0790247	0	0	1.10751	0	0	0	0.124661	-0.0287616	0.617352
2015-03-21 00:00:00	0	0	0.87125	0	-0.00929127	0	0.00157812	0	0	0	0	0	0	0	-0.871206	-0.286077	0.0789908	0	0	1.04452	0	0	0	0.124504	-0.0266261	0.927647
2015-03-22 00:00:00	0	0	0.956466	0	-0.0031617	0	0.00194308	0	0	0	0	0	0	0	-1.15296	-0.28569	0.0789203	0	0	0.96582	0	0	0	0.12434	-0.0254655	0.660212
2015-03-23 00:00:00	0	0	1.02643	0	-0.00350384	0	0.000501231	0	0	0	0	0	0	0	-0.949695	-0.285258	0.0788427	0	0	0.893739	0	0	0	0.124327	-0.0241645	0.861219
2015-03-24 00:00:00	-0.00450358	0	0.910781	0	9.25961E-05	0	0.00193879	0	0	0	0	0	0	0	-1.2705	-0.284895	0.078777	0	0	0.840882	0	0	0	0.124154	-0.0225424	0.374186
2015-03-25 00:00:00	-0.390993	0	0.977983	0	0.000407597	0	0.00272556	0	0	0	0	0	0	0	-0.700853	-0.284583	0.0787197	0	0	0.810021	0	0	0	0.123827	-0.0215361	0.59572
2015-03-26 00:00:00	-6.31894	1.63426	1.16969	0	0.00856404	0	0.00795427	0	0	0	0	0	0	0	1.79484	-0.284691	0.0787218	0	0	0.865393	0	0	0	0.123799	-0.0217715	-0.942172
2015-03-27 00:00:00	-0.0585466	-0.933171	1.10851	0	-0.00388552	0	0.00286503	0	0	0	0	0	0	0	-0.5856	-0.28468	0.07871	0	0	0.950336	0	0	0	0.123784	-0.0242867	0.374041
2015-03-28 00:00:00	-12.4199	0.954917	1.29171	0	0.0609691	-0.0139984	0.0494152	0	0	0	0	0	0	0	5.27479	-0.285744	0.0788804	0	0	1.18311	0	0	0	0.12382	-0.0269344	-3.72892
2015-03-29 00:00:00	-3.35947	-0.000792431	1.26753	0	-0.00272995	-0.00547266	0.020795	0	0	0	0	0	0	0	0.36433	-0.286683	0.0789999	0	0	1.47288	0	0	0	0.124109	-0.0326125	-0.359106
2015-03-30 00:00:00	-5.81801	-0.00602897	1.22496	0	0.00105951	-0.0113939	0.0367332	0	0	0	0	0	0	0	2.13868	-0.287166	0.0790882	0	0	1.56996	0	0	0	0.124142	-0.0341795	-0.982162
2015-03-31 00:00:00	-0.930604	-0.387344	1.25313	0	-0.00388156	-0.000304227	0.00498768	0	0	0	0	0	0	0	-0.815449	-0.287196	0.0791314	0	0	1.57137	0	0	0	0.124218	-0.034671	0.573383
2015-04-01 00:00:00	-0.645036	-0.526464	1.22058	0	-0.00410409	0	0.00291462	0	0	0	0	0	0	0	-0.638649	-0.286802	0.079102	0	0	1.44931	0	0	0	0.124082	-0.0332419	0.741701
2015-04-02 00:00:00	-0.834186	-0.372367	1.38167	0	-0.00910721	0	0.0012279	0	0	0	0	0	0	0	-0.553762	-0.28645	0.0791016	0	0	1.34345	0	0	0	0.123913	-0.0313787	0.842104
2015-04-03 00:00:00	-5.69191	1.28944	1.40996	0	0.0166496	-0.00359664	0.0193015	0	0	0	0	0	0	0	1.11827	-0.286508	0.0791413	0	0	1.32832	0	0	0	0.123915	-0.0298544	-0.626888
2015-04-04 00:00:00	-0.00900717	-1.12791	1.49667	0	-0.0108531	-0.000183301	0.0028973	0	0	0	0	0	0	0	-0.831033	-0.28638	0.0790981	0	0	1.32674	0	0	0	0.123905	-0.0308613	0.733085
2015-04-05 00:00:00	0	-0.521378	1.77158	0	-0.0224462	0	0.000727406	0	0	0	0	0	0	0	-1.55971	-0.28589	0.0789996	0	0	1.19123	0	0	0	0.123824	-0.0293419	0.747603
2015-04-06 00:00:00	-1.00901	-0.00315435	2.15536	0	-0.016612	0	0.00157764	0	0	0	0	0	0	0	-0.928018	-0.285513	0.0789329	0	0	1.08096	0	0	0	0.123554	-0.0274999	1.17058
2015-04-07 00:00:00	-0.102252	0	1.37567	0	-0.0111649	0	1.88634E-05	0	0	0	0	0	0	0	-1.16512	-0.28505	0.0788525	0	0	0.976236	0	0	0	0.123576	-0.0259294	0.964844
2015-04-08 00:00:00	-0.906755	0	2.96173	0	-0.00410079	0	0.000921774	0	0	0	0	0	0	0	-2.17626	-0.284478	0.0787458	0	0	0.852856	0	0	0	0.12352	-0.0246171	0.621561
2015-04-09 00:00:00	-0.00450358	0	2.355	0	-0.00211784	0	0.000189483	0	0	0	0	0	0	0	-1.85917	-0.284171	0.0786902	0	0	0.774806	0	0	0	0.123387	-0.0214619	1.16065
2015-04-10 00:00:00	-0.00450358	0	2.42139	0	-0.000858621	0	5.23696E-07	0	0	0	0	0	0	0	-2.10365	-0.283428	0.0785518	0	0	0.649906	0	0	0	0.12321	-0.0200481	0.860571
2015-04-11 00:00:00	-2.37748	0.72327	1.54935	0	0.000119453	0	0.000188905	0	0	0	0	0	0	0	0.508192	-0.283039	0.0784779	0	0	0.65538	0	0	0	0.123195	-0.0185589	0.959094
2015-04-12 00:00:00	-7.73695	0.909056	1.46064	0	0.00728167	0	0.00988625	0	0	0	0	0	0	0	2.33823	-0.283861	0.0786041	0	0	0.795099	0	0	0	0.123185	-0.0195246	-2.31836
2015-04-13 00:00:00	-0.407165	-1.05376	1.60457	0	-0.000131737	0	0.0032856	0	0	0	0	0	0	0	-0.654848	-0.28381	0.0786097	0	0	0.903649	0	0	0	0.123086	-0.02279	0.29069
2015-04-14 00:00:00	-0.00450358	-0.563401	1.72227	0	-0.00225944	0	0.000522545	0	0	0	0	0	0	0	-1.31576	-0.283405	0.0785579	0	0	0.868039	0	0	0	0.122743	-0.022722	0.600076
2015-04-15 00:00:00	-3.14596	1.00207	1.72483	0	0.000544933	0	0.00257088	0	0	0	0	0	0	0	-0.0905022	-0.282937	0.0784598	0	0	0.84232	0	0	0	0.122552	-0.0224548	0.231495
2015-04-16 00:00:00	-0.254043	-1.00207	2.21144	0	-0.00143892	0	0.00132018	0	0	0	0	0	0	0	-0.954691	-0.28273	0.0784138	0	0	0.832478	0	0	0	0.122268	-0.0218305	0.729115
2015-04-17 00:00:00	-0.00450358	-0.0151649	1.6355	0	-0.00261993	0	0	0	0	0	0	0	0	0	-1.09098	-0.282023	0.0782779	0	0	0.747427	0	0	0	0.122088	-0.021315	1.16669
2015-04-18 00:00:00	0	0	2.1342	0	8.46975E-05	0	0	0	0	0	0	0	0	0	-2.2463	-0.281817	0.0782329	0	0	0.687068	0	0	0	0.121938	-0.0198049	0.473599
2015-04-19 00:00:00	-0.2	0	1.38889	0	-0.000177545	0	0.00134552	0	0	0	0	0	0	0	-1.06405	-0.281354	0.07814	0	0	0.638814	0	0	0	0.121609	-0.0186244	0.664591
2015-04-20 00:00:00	0	0	1.73612	0	-0.000978373	0	0.000528151	0	0	0	0	0	0	0	-1.70854	-0.280732	0.0780175	0	0	0.593182	0	0	0	0.121454	-0.0181729	0.520875
2015-04-21 00:00:00	0	0	3.48785	0	-0.00462472	0	0	0	0	0	0	0	0	0	-2.23853	-0.280073	0.077894	0	0	0.496215	0	0	0	0.121059	-0.0173875	1.6424
2015-04-22 00:00:00	-0.00450358	0	3.21904	0	-0.00113233	0	0	0	0	0	0	0	0	0	-2.814	-0.27972	0.0778086	0	0	0.412925	0	0	0	0.121407	-0.0154721	0.716352
2015-04-23 00:00:00	0	0	2.514	0	-3.86657E-05	0	0	0	0	0	0	0	0	0	-2.04602	-0.279236	0.0777028	0	0	0.364876	0	0	0	0.12088	-0.0139097	0.738259
2015-04-24 00:00:00	-1.56847	0	2.18617	0	0.00141662	0	0	0	0	0	0	0	0	0	-0.530707	-0.278857	0.077608	0	0	0.381012	0	0	0	0.120641	-0.0128775	0.375929
2015-04-25 00:00:00	-3.64504	1.10667	1.79635	0	0.0028072	0	0	0	0	0	0	0	0	0	0.167706	-0.278631	0.0775644	0	0	0.443438	0	0	0	0.120259	-0.0132806	-0.222155
2015-04-26 00:00:00	-0.5261	-0.90977	1.58245	0	0.000786988	0	0.00232744	0	0	0	0	0	0	0	-0.46936	-0.278379	0.0775151	0	0	0.476407	0	0	0	0.119813	-0.0146574	0.0610374
2015-04-27 00:00:00	-0.849539	-0.152448	1.55257	0	-4.68774E-06	0	0.00119381	0	0	0	0	0	0	0	-0.837165	-0.277962	0.0774363	0	0	0.506731	0	0	0	0.119448	-0.015487	0.124776
2015-04-28 00:00:00	-1.6045	-0.00201895	1.74468	0	-2.02624E-05	0	0.00193874	0	0	0	0	0	0	0	-0.327282	-0.277543	0.0773753	0	0	0.528122	0	0	0	0.119048	-0.0160386	0.243762
2015-04-29 00:00:00	-2.42252	0.523197	1.83796	0	-6.14539E-06	0	0.00186417	0	0	0	0	0	0	0	-0.358415	-0.277033	0.0772879	0	0	0.565512	0	0	0	0.118738	-0.0165125	0.050075
2015-04-30 00:00:00	-1.5955	-0.182235	1.81701	0	0.000199188	0	0.00286491	0	0	0	0	0	0	0	-0.281665	-0.276769	0.0772224	0	0	0.588583	0	0	0	0.11823	-0.0172957	0.250648
2015-05-01 00:00:00	-0.0630502	-0.339146	1.60594	0	-0.000245393	0	0.000236468	0	0	0	0	0	0	0	-1.31189	-0.276181	0.0770972	0	0	0.594184	0	0	0	0.118023	-0.0177621	0.387206
2015-05-02 00:00:00	-1.75947	0.0828741	1.69947	0	0.000142762	0	0.00241614	0	0	0	0	0	0	0	-0.210836	-0.275857	0.0770158	0	0	0.596296	0	0	0	0.117616	-0.0174258	0.312241
2015-05-03 00:00:00	-10.7523	1.52243	2.04549	0	0.00392782	0	0.00977929	0	0	0	0	0	0	0	4.14127	-0.276476	0.0770996	0	0	0.741943	0	0	0	0.117602	-0.0190802	-2.38832
2015-05-04 00:00:00	-1.56397	-0.554695	2.24243	0	0.00111857	0	0.00266534	0	0	0	0	0	0	0	-0.665737	-0.276662	0.0770952	0	0	0.900205	0	0	0	0.117752	-0.0227898	0.257405
2015-05-05 00:00:00	-9.01535	0.552502	2.16885	0	0.00704693	0	0.00994611	0	0	0	0	0	0	0	3.46053	-0.277089	0.0771436	0	0	1.0162	0	0	0	0.117596	-0.0247865	-1.90741
2015-05-06 00:00:00	-9.96847	0.0409122	2.15207	0	0.054073	-0.00549661	0.0226919	0	0	0	0	0	0	0	4.13508	-0.278294	0.077342	0	0	1.30818	0	0	0	0.118012	-0.0289313	-2.37284
2015-05-07 00:00:00	-0.0135107	-1.32238	1.9041	0	-0.0159797	-0.000316838	0.00280339	0	0	0	0	0	0	0	-1.04337	-0.278388	0.0773645	0	0	1.38592	0	0	0	0.118156	-0.0313261	0.783084
2015-05-08 00:00:00	-3.15271	0.781176	2.34023	0	0.001442	0	0.00270612	0	0	0	0	0	0	0	-0.490146	-0.277894	0.0772685	0	0	1.27659	0	0	0	0.117961	-0.0298409	0.64678
2015-05-09 00:00:00	-4.61576	0.557052	2.18368	0	0.0161308	-0.000578185	0.00788974	0	0	0	0	0	0	0	0.679409	-0.27776	0.0772341	0	0	1.24246	0	0	0	0.11782	-0.0289868	-0.0414155
2015-05-10 00:00:00	-4.6045	-0.00144197	2.42657	0	0.000172833	-0.00484516	0.0175756	0	0	0	0	0	0	0	0.83255	-0.277798	0.077246	0	0	1.26908	0	0	0	0.117835	-0.0293646	-0.176922
2015-05-11 00:00:00	-6.37523	-0.0243308	2.63006	0	0.000924202	-0.00892759	0.0290678	0	0	0	0	0	0	0	1.77875	-0.27808	0.0773055	0	0	1.34208	0	0	0	0.117868	-0.0301127	-0.740629
2015-05-12 00:00:00	-0.0135108	-1.47908	2.29386	0	-0.0207112	-9.89212E-05	0.00194518	0	0	0	0	0	0	0	-1.20634	-0.277832	0.0772614	0	0	1.31459	0	0	0	0.1179	-0.0303996	0.777589
2015-05-13 00:00:00	0	-0.195005	2.05555	0	-0.0295889	0	0	0	0	0	0	0	0	0	-1.9444	-0.277218	0.077134	0	0	1.14576	0	0	0	0.117779	-0.0289967	0.921007
2015-05-14 00:00:00	0	-0.00424581	1.8566	0	-0.0158703	0	0	0	0	0	0	0	0	0	-1.03919	-0.276535	0.0769983	0	0	0.986837	0	0	0	0.117478	-0.0273295	1.67474
2015-05-15 00:00:00	-1.20225	0	2.44339	0	-0.00106733	0	0.00041237	0	0	0	0	0	0	0	-1.86002	-0.276258	0.0769255	0	0	0.91362	0	0	0	0.117676	-0.0250472	0.187386
2015-05-16 00:00:00	-1.23378	0.00719078	2.24955	0	-0.000555171	0	0.000795206	0	0	0	0	0	0	0	-0.907104	-0.275887	0.0768511	0	0	0.859941	0	0	0	0.11723	-0.0226286	0.871609
2015-05-17 00:00:00	-4.87206	1.49823	2.41676	0	0.00119831	0	0.00334917	0	0	0	0	0	0	0	0.348266	-0.275545	0.0767843	0	0	0.839431	0	0	0	0.117028	-0.0217279	0.131718
2015-05-18 00:00:00	-3.25179	0.253593	2.37151	0	0.001037	0	0.00294098	0	0	0	0	0	0	0	0.14242	-0.275354	0.0767525	0	0	0.86742	0	0	0	0.116874	-0.0222213	0.283176
2015-05-19 00:00:00	-2.04504	-0.3258	2.32334	0	0.000420914	0	0.0021895	0	0	0	0	0	0	0	-0.346159	-0.274986	0.076694	0	0	0.871096	0	0	0	0.116604	-0.0225127	0.375856
2015-05-20 00:00:00	0	-1.4023	2.34543	0	-0.00218226	0	0.000138514	0	0	0	0	0	0	0	-0.942855	-0.274507	0.076602	0	0	0.844009	0	0	0	0.116331	-0.0222382	0.738431
2015-05-21 00:00:00	-2.00676	-0.018005	2.49897	0	0.0010751	0	0.000802865	0	0	0	0	0	0	0	-0.713458	-0.273968	0.0764905	0	0	0.797521	0	0	0	0.11613	-0.0213613	0.457445
2015-05-22 00:00:00	0	-0.0129294	2.37871	0	-0.00397304	0	2.84674E-05	0	0	0	0	0	0	0	-2.03745	-0.273472	0.0763916	0	0	0.727382	0	0	0	0.115838	-0.0208594	0.949664
2015-05-23 00:00:00	0	0	4.34412	0	-0.0037434	0	0	0	0	0	0	0	0	0	-3.23999	-0.272685	0.0762286	0	0	0.564568	0	0	0	0.115666	-0.0194366	1.56473
2015-05-24 00:00:00	-0.820266	0	2.3946	0	-6.67885E-06	0	0	0	0	0	0	0	0	0	-1.40594	-0.27227	0.076137	0	0	0.511948	0	0	0	0.115727	-0.0168866	0.583045
2015-05-25 00:00:00	0	0	2.18056	0	-3.56045E-05	0	0	0	0	0	0	0	0	0	-1.67588	-0.271697	0.0760624	0	0	0.470703	0	0	0	0.1153	-0.0158362	0.879174
2015-05-26 00:00:00	0	0	2.10168	0	-3.0401E-05	0	0	0	0	0	0	0	0	0	-1.6706	-0.271166	0.0759554	0	0	0.434581	0	0	0	0.115041	-0.0149342	0.77053
2015-05-27 00:00:00	-5.61576	1.5997	2.5195	0	0.00299004	0	0	0	0	0	0	0	0	0	0.711711	-0.271119	0.0759491	0	0	0.502514	0	0	0	0.114762	-0.0142795	-0.374035
2015-05-28 00:00:00	-4.51484	0.173347	2.50545	0	0.00209457	0	0.00134901	0	0	0	0	0	0	0	0.908578	-0.271074	0.0759582	0	0	0.566965	0	0	0	0.114533	-0.0162277	-0.453866
2015-05-29 00:00:00	-0.00450358	-1.57321	2.32173	0	-0.000753897	0	0.00038351	0	0	0	0	0	0	0	-0.957538	-0.270687	0.0758918	0	0	0.62403	0	0	0	0.114357	-0.0179034	0.311789
2015-05-30 00:00:00	-1.21126	-0.185332	2.33729	0	-0.000406934	0	0	0	0	0	0	0	0	0	-0.742136	-0.270064	0.0757517	0	0	0.606133	0	0	0	0.114088	-0.0180471	0.706015
2015-05-31 00:00:00	-11.7234	1.81545	2.44011	0	0.00551772	0	0.00998797	0	0	0	0	0	0	0	3.88309	-0.271	0.0759179	0	0	0.760636	0	0	0	0.113994	-0.018931	-2.90866
2015-06-01 00:00:00	-11.4018	-0.0215562	2.36989	0	0.0584019	-0.0064794	0.0227378	0	0	0	0	0	0	0	4.85245	-0.272396	0.0761266	0	0	1.11405	0	0	0	0.114503	-0.0256	-3.1197
2015-06-02 00:00:00	-0.2	-1.57911	2.50708	0	-0.0200867	-0.000383803	0.00267577	0	0	0	0	0	0	0	-0.994311	-0.272581	0.0761194	0	0	1.24435	0	0	0	0.114691	-0.0290298	0.849418
2015-06-03 00:00:00	-0.00900716	-0.222398	2.39055	0	-0.0314363	0	0	0	0	0	0	0	0	0	-2.19679	-0.271795	0.0759617	0	0	1.06601	0	0	0	0.114531	-0.0281506	0.887473
2015-06-04 00:00:00	-0.00900716	-0.00688012	2.59232	0	-0.0145169	0	0	0	0	0	0	0	0	0	-1.47779	-0.271132	0.0758345	0	0	0.902955	0	0	0	0.114229	-0.0263422	1.87967
2015-06-05 00:00:00	0	0	2.45952	0	-0.00132082	0	0	0	0	0	0	0	0	0	-2.37539	-0.270699	0.0757471	0	0	0.78655	0	0	0	0.114595	-0.0232581	0.765744
2015-06-06 00:00:00	-0.00450358	0	2.29975	0	-0.000431681	0	0	0	0	0	0	0	0	0	-1.92194	-0.270154	0.0756337	0	0	0.689332	0	0	0	0.114154	-0.0208839	0.960961
2015-06-07 00:00:00	0	0	2.26058	0	-4.53241E-05	0	0	0	0	0	0	0	0	0	-1.80373	-0.269555	0.075524	0	0	0.608112	0	0	0	0.113953	-0.019248	0.96559
2015-06-08 00:00:00	0	0	2.29942	0	-4.60798E-05	0	0	0	0	0	0	0	0	0	-1.85902	-0.269122	0.0754135	0	0	0.538917	0	0	0	0.113724	-0.017947	0.881344
2015-06-09 00:00:00	-0.00450358	0	3.38531	0	-7.3836E-05	0	0	0	0	0	0	0	0	0	-2.83816	-0.268516	0.0753066	0	0	0.448019	0	0	0	0.113494	-0.0164533	0.894421
2015-06-10 00:00:00	0	0	3.69741	0	0	0	0	0	0	0	0	0	0	0	-2.80028	-0.267849	0.0752117	0	0	0.355283	0	0	0	0.113304	-0.0145525	1.15853
2015-06-11 00:00:00	0	0	3.1026	0	0	0	0	0	0	0	0	0	0	0	-2.38617	-0.267304	0.0751002	0	0	0.292759	0	0	0	0.113127	-0.0126947	0.91742
2015-06-12 00:00:00	-0.902252	0	3.67023	0	0	0	0	0	0	0	0	0	0	0	-2.18197	-0.266412	0.0750492	0	0	0.255275	0	0	0	0.112865	-0.0116422	0.751148
2015-06-13 00:00:00	-0.902252	0	2.40208	0	0	0	0	0	0	0	0	0	0	0	-1.2426	-0.266013	0.0749238	0	0	0.255419	0	0	0	0.112557	-0.0110494	0.423063
2015-06-14 00:00:00	-2.2045	0	2.47714	0	0	0	0	0	0	0	0	0	0	0	-0.304396	-0.265641	0.0748281	0	0	0.292772	0	0	0	0.112189	-0.0110533	0.17134
2015-06-15 00:00:00	-0.702252	0	2.61937	0	0	0	0	0	0	0	0	0	0	0	-1.60515	-0.265139	0.0747251	0	0	0.293941	0	0	0	0.111759	-0.0116366	0.515619
2015-06-16 00:00:00	-0.4	0	2.45672	0	0	0	0	0	0	0	0	0	0	0	-1.54179	-0.264626	0.0746175	0	0	0.281725	0	0	0	0.111391	-0.0116333	0.706406
2015-06-17 00:00:00	-1.30225	0	2.66036	0	0	0	0	0	0	0	0	0	0	0	-1.17086	-0.264165	0.0745135	0	0	0.285924	0	0	0	0.111037	-0.011435	0.383123
2015-06-18 00:00:00	0	0	2.16832	0	0	0	0	0	0	0	0	0	0	0	-1.78251	-0.263755	0.07435	0	0	0.273887	0	0	0	0.11066	-0.0115002	0.569456
2015-06-19 00:00:00	-0.00900716	0	2.23696	0	0	0	0	0	0	0	0	0	0	0	-1.68382	-0.263164	0.0742389	0	0	0.256797	0	0	0	0.110309	-0.0112981	0.711019
2015-06-20 00:00:00	-0.0450358	0	2.31801	0	0	0	0	0	0	0	0	0	0	0	-1.92305	-0.262744	0.0740897	0	0	0.239958	0	0	0	0.10996	-0.0110286	0.500158
2015-06-21 00:00:00	-0.0720573	0.00427673	2.19299	0	0	0	0	0	0	0	0	0	0	0	-1.89856	-0.262412	0.0740156	0	0	0.228967	0	0	0	0.109184	-0.0106884	0.365719
2015-06-22 00:00:00	-0.0990788	0.0252418	2.18341	0	-3.08362E-11	0	0	0	0	0	0	0	0	0	-1.69433	-0.261892	0.0739071	0	0	0.221493	0	0	0	0.108875	-0.0105151	0.547108
2015-06-23 00:00:00	0	-0.0295186	2.42649	0	0	0	0	0	0	0	0	0	0	0	-1.83124	-0.261083	0.0737476	0	0	0.210098	0	0	0	0.108597	-0.0103951	0.686695
2015-06-24 00:00:00	-0.0450358	0	2.43508	0	0	0	0	0	0	0	0	0	0	0	-2.28252	-0.260574	0.0736628	0	0	0.19126	0	0	0	0.108489	-0.010294	0.210066
2015-06-25 00:00:00	-0.0720573	0	2.41761	0	0	0	0	0	0	0	0	0	0	0	-1.93378	-0.259962	0.0735774	0	0	0.181046	0	0	0	0.107908	-0.0099752	0.504368
2015-06-26 00:00:00	-0.0270215	0	2.42868	0	0	0	0	0	0	0	0	0	0	0	-1.96859	-0.259325	0.0734804	0	0	0.172336	0	0	0	0.107541	-0.00980152	0.517296
2015-06-27 00:00:00	0	0	2.3619	0	0	0	0	0	0	0	0	0	0	0	-1.94024	-0.258844	0.0733825	0	0	0.165625	0	0	0	0.107176	-0.00965033	0.499345
2015-06-28 00:00:00	-0.162129	0.0399358	2.40356	0	0	0	0	0	0	0	0	0	0	0	-1.94171	-0.2585	0.0732724	0	0	0.160254	0	0	0	0.106814	-0.00953253	0.411967
2015-06-29 00:00:00	0	-0.0399358	2.44081	0	0	0	0	0	0	0	0	0	0	0	-1.91638	-0.25814	0.0732048	0	0	0.155323	0	0	0	0.106268	-0.00936594	0.551781
2015-06-30 00:00:00	-0.00450358	0	2.68599	0	0	0	0	0	0	0	0	0	0	0	-2.23704	-0.257552	0.0730612	0	0	0.147791	0	0	0	0.106047	-0.00930423	0.504495
2015-07-01 00:00:00	0	0	3.1564	0	0	0	0	0	0	0	0	0	0	0	-2.36348	-0.256893	0.0728519	0	0	0.133	0	0	0	0.105657	-0.00910979	0.838422
2015-07-02 00:00:00	-0.0360287	0	2.43884	0	0	0	0	0	0	0	0	0	0	0	-2.21908	-0.256448	0.0727651	0	0	0.122617	0	0	0	0.105567	-0.00893384	0.219299
2015-07-03 00:00:00	-0.00450358	0	3.34552	0	0	0	0	0	0	0	0	0	0	0	-2.79881	-0.255924	0.0726361	0	0	0.10681	0	0	0	0.104769	-0.00871564	0.561783
2015-07-04 00:00:00	-0.360287	0.0795709	2.25016	0	-1.06377E-06	0	0	0	0	0	0	0	0	0	-1.83858	-0.25563	0.0725745	0	0	0.104712	0	0	0	0.104407	-0.00837741	0.148549
2015-07-05 00:00:00	-0.0315251	-0.0419353	2.17392	0	0	0	0	0	0	0	0	0	0	0	-1.48824	-0.255255	0.0725046	0	0	0.107629	0	0	0	0.103939	-0.00836075	0.632676
2015-07-06 00:00:00	-0.162129	0.0439546	2.11712	0	-1.23107E-06	0	0	0	0	0	0	0	0	0	-1.68335	-0.254829	0.0723942	0	0	0.110961	0	0	0	0.103644	-0.00843985	0.339329
2015-07-07 00:00:00	-0.0630501	-0.0229179	2.31606	0	7.30911E-07	0	0	0	0	0	0	0	0	0	-1.81926	-0.25433	0.0722786	0	0	0.1123	0	0	0	0.103343	-0.00848367	0.435944
2015-07-08 00:00:00	-0.117093	0.0228645	2.0135	0	4.32864E-08	0	0	0	0	0	0	0	0	0	-1.75566	-0.253844	0.0721684	0	0	0.112955	0	0	0	0.102984	-0.00847337	0.189405
2015-07-09 00:00:00	0	-0.0498867	2.07572	0	0	0	0	0	0	0	0	0	0	0	-1.75355	-0.253097	0.0720607	0	0	0.115015	0	0	0	0.102623	-0.0085202	0.300373
2015-07-10 00:00:00	-0.054043	-0.00797628	2.11178	0	0	0	0	0	0	0	0	0	0	0	-1.89807	-0.252524	0.0718902	0	0	0.11875	0	0	0	0.102402	-0.00854843	0.183663
2015-07-11 00:00:00	-0.0450358	-0.0113233	2.22066	0	0	0	0	0	0	0	0	0	0	0	-1.86132	-0.251994	0.0717835	0	0	0.115076	0	0	0	0.101914	-0.00852582	0.331228
2015-07-12 00:00:00	-0.00450358	-0.0123504	2.01163	0	0	0	0	0	0	0	0	0	0	0	-1.57122	-0.251512	0.0716642	0	0	0.113954	0	0	0	0.101639	-0.00848451	0.450816
2015-07-13 00:00:00	-0.11259	0.0367235	1.96271	0	0	0	0	0	0	0	0	0	0	0	-1.74169	-0.250855	0.071453	0	0	0.118804	0	0	0	0.101316	-0.00847132	0.177395
2015-07-14 00:00:00	0	-0.0367235	1.94599	0	0	0	0	0	0	0	0	0	0	0	-1.49588	-0.250594	0.0713679	0	0	0.115657	0	0	0	0.100576	-0.00854609	0.441844
2015-07-15 00:00:00	0	0	1.85243	0	0	0	0	0	0	0	0	0	0	0	-1.59567	-0.249687	0.0710789	0	0	0.121826	0	0	0	0.100337	-0.00851138	0.291807
2015-07-16 00:00:00	0	0	2.34001	0	0	0	0	0	0	0	0	0	0	0	-1.6761	-0.24937	0.0710246	0	0	0.116164	0	0	0	0.100074	-0.00863968	0.693162
2015-07-17 00:00:00	-0.23869	0.0677478	2.02913	0	-8.19446E-07	0	0	0	0	0	0	0	0	0	-1.8738	-0.248982	0.0710047	0	0	0.107702	0	0	0	0.100071	-0.00857153	0.00561109
2015-07-18 00:00:00	-0.0585466	-0.0199911	1.95777	0	-8.84791E-08	0	0	0	0	0	0	0	0	0	-1.61189	-0.248681	0.0709421	0	0	0.107962	0	0	0	0.0993294	-0.00838265	0.288514
2015-07-19 00:00:00	-0.0855681	0.0121876	1.84117	0	0	0	0	0	0	0	0	0	0	0	-1.4558	-0.248322	0.0707257	0	0	0.109446	0	0	0	0.0990504	-0.00840773	0.334481
2015-07-20 00:00:00	-0.0315251	-0.0415814	1.82159	0	0	0	0	0	0	0	0	0	0	0	-1.43673	-0.247876	0.070669	0	0	0.111801	0	0	0	0.0987485	-0.00845318	0.336647
2015-07-21 00:00:00	-0.0270215	-0.0144825	1.86405	0	0	0	0	0	0	0	0	0	0	0	-1.55301	-0.247446	0.0705653	0	0	0.112889	0	0	0	0.0984465	-0.00848736	0.2955
2015-07-22 00:00:00	0	-0.00388037	1.70765	0	0	0	0	0	0	0	0	0	0	0	-1.5469	-0.246758	0.0703678	0	0	0.119797	0	0	0	0.0982061	-0.00850408	0.189975
2015-07-23 00:00:00	0	0	1.68755	0	0	0	0	0	0	0	0	0	0	0	-1.04445	-0.246282	0.0702657	0	0	0.122757	0	0	0	0.0978224	-0.0085634	0.679093
2015-07-24 00:00:00	-4.41351	1.27046	2.96432	0	6.90034E-11	0	0	0	0	0	0	0	0	0	-0.234457	-0.245861	0.0702184	0	0	0.146973	0	0	0	0.0979725	-0.00871112	-0.352594
2015-07-25 00:00:00	-4.11126	0.889932	2.8014	0	6.01478E-07	0	0	0	0	0	0	0	0	0	0.0685875	-0.245526	0.0701831	0	0	0.179544	0	0	0	0.0972647	-0.00919557	-0.259068
2015-07-26 00:00:00	-7.32027	0.0984318	2.77889	0	0.00246786	0	0	0	0	0	0	0	0	0	3.22157	-0.244828	0.0701995	0	0	0.237297	0	0	0	0.096774	-0.0103451	-1.06982
2015-07-27 00:00:00	-9.62702	-0.00121392	2.5774	0	0.00264526	0	0.00258106	0	0	0	0	0	0	0	5.26949	-0.245131	0.0702774	0	0	0.365131	0	0	0	0.0968335	-0.0121085	-1.50111
2015-07-28 00:00:00	-16.5473	0.00326048	2.86343	0	0.0597323	-0.0116391	0.02427	0	0	0	0	0	0	0	9.92557	-0.245777	0.0704689	0	0	0.573174	0	0	0	0.0969694	-0.016135	-3.20396
2015-07-29 00:00:00	-3.20901	-0.0417466	2.84863	0	-0.00298516	-0.00143396	0.0042727	0	0	0	0	0	0	0	-0.0505705	-0.245738	0.0705139	0	0	0.697076	0	0	0	0.0972638	-0.0195141	0.146761
2015-07-30 00:00:00	-0.2	-1.98365	2.77405	0	-0.00832643	-8.33391E-06	0.00126123	0	0	0	0	0	0	0	-0.743843	-0.245333	0.0704445	0	0	0.664174	0	0	0	0.0970404	-0.0191792	0.406629
2015-07-31 00:00:00	-4.11126	1.13947	2.86705	0	0.00284171	0	0.00173595	0	0	0	0	0	0	0	-0.325554	-0.244965	0.0703714	0	0	0.628529	0	0	0	0.0967874	-0.0185549	0.106458
2015-08-01 00:00:00	-3.20901	0.480677	2.66714	0	0.00140566	0	0.00115781	0	0	0	0	0	0	0	-0.168158	-0.244615	0.0703057	0	0	0.608545	0	0	0	0.0965358	-0.0181373	0.285852
2015-08-02 00:00:00	-0.0180143	-1.78973	2.73987	0	-0.0225761	0	0.000303942	0	0	0	0	0	0	0	-1.036	-0.244211	0.0702668	0	0	0.580574	0	0	0	0.0963236	-0.0175908	0.35922
2015-08-03 00:00:00	0	-0.0471382	2.84516	0	-0.0280398	0	0	0	0	0	0	0	0	0	-2.37096	-0.243631	0.0701066	0	0	0.497341	0	0	0	0.0960771	-0.0170812	0.801831
2015-08-04 00:00:00	-0.802252	-0.0144056	2.78407	0	-0.00696545	0	0	0	0	0	0	0	0	0	-1.99646	-0.243357	0.0700287	0	0	0.449206	0	0	0	0.0961585	-0.0157395	0.320286
2015-08-05 00:00:00	-1.90676	-0.00432501	2.92832	0	0.000109484	0	0	0	0	0	0	0	0	0	-0.974532	-0.24278	0.0699443	0	0	0.428537	0	0	0	0.0954906	-0.0146892	0.379317
2015-08-06 00:00:00	-1.4045	0	2.84187	0	0.000669201	0	0	0	0	0	0	0	0	0	-1.70319	-0.242417	0.069877	0	0	0.408848	0	0	0	0.0952134	-0.0142447	0.0521237
2015-08-07 00:00:00	0	0	2.7832	0	-0.00096254	0	0	0	0	0	0	0	0	0	-2.39801	-0.241999	0.0698216	0	0	0.371716	0	0	0	0.0948827	-0.0136072	0.665043
2015-08-08 00:00:00	-0.2	0	2.48361	0	0	0	0	0	0	0	0	0	0	0	-2.19814	-0.241387	0.0695793	0	0	0.322042	0	0	0	0.0948614	-0.0127466	0.317818
2015-08-09 00:00:00	0	0	2.36992	0	0	0	0	0	0	0	0	0	0	0	-1.63034	-0.240311	0.0694642	0	0	0.289889	0	0	0	0.094476	-0.012138	0.940961
2015-08-10 00:00:00	-0.802252	0	2.51601	0	0	0	0	0	0	0	0	0	0	0	-1.78303	-0.240118	0.0694015	0	0	0.271722	0	0	0	0.094722	-0.0116405	0.114811
2015-08-11 00:00:00	-0.302252	0	2.13643	0	0	0	0	0	0	0	0	0	0	0	-1.71536	-0.23973	0.0693131	0	0	0.258943	0	0	0	0.0941656	-0.0113389	0.290168
2015-08-12 00:00:00	0	0	2.38931	0	0	0	0	0	0	0	0	0	0	0	-2.3097	-0.239055	0.0692356	0	0	0.235446	0	0	0	0.0938262	-0.0111215	0.227939
2015-08-13 00:00:00	-0.2	0	2.30257	0	0	0	0	0	0	0	0	0	0	0	-2.03535	-0.23756	0.0691602	0	0	0.218	0	0	0	0.0936009	-0.01074	0.199677
2015-08-14 00:00:00	-10.3383	2.42765	2.71142	0	1.01063E-05	0	0	0	0	0	0	0	0	0	3.82313	-0.238012	0.0691731	0	0	0.297523	0	0	0	0.0933832	-0.0107569	-1.16476
2015-08-15 00:00:00	-0.902252	-1.64167	2.6717	0	1.89416E-05	0	0	0	0	0	0	0	0	0	-0.536708	-0.2377	0.0691304	0	0	0.364708	0	0	0	0.0934093	-0.0126968	-0.132058
2015-08-16 00:00:00	0	-0.772417	2.6631	0	0	0	0	0	0	0	0	0	0	0	-1.79761	-0.237288	0.0690378	0	0	0.362295	0	0	0	0.0931379	-0.0130802	0.367176
2015-08-17 00:00:00	-0.2	-0.0135812	2.8178	0	0	0	0	0	0	0	0	0	0	0	-2.01303	-0.23628	0.0688913	0	0	0.308613	0	0	0	0.0929568	-0.012657	0.812713
2015-08-18 00:00:00	-1.2045	0	2.26493	0	0	0	0	0	0	0	0	0	0	0	-1.24491	-0.236102	0.0688151	0	0	0.299495	0	0	0	0.0930323	-0.0119334	0.0288236
2015-08-19 00:00:00	-1.50676	0	2.48671	0	0	0	0	0	0	0	0	0	0	0	-1.13487	-0.235716	0.0687276	0	0	0.301352	0	0	0	0.0925456	-0.0117781	0.0602202
2015-08-20 00:00:00	-0.502252	0	2.25357	0	0	0	0	0	0	0	0	0	0	0	-1.92591	-0.235314	0.0686353	0	0	0.286752	0	0	0	0.0921048	-0.0117979	0.0257872
2015-08-21 00:00:00	-0.302252	0	2.14963	0	0	0	0	0	0	0	0	0	0	0	-1.87007	-0.234787	0.0684559	0	0	0.268171	0	0	0	0.0918777	-0.0115482	0.159473
2015-08-22 00:00:00	-7.72927	2.43841	2.80061	0	-1.23095E-06	0	0	0	0	0	0	0	0	0	1.51149	-0.234008	0.0684193	0	0	0.314817	0	0	0	0.0916278	-0.0113714	-0.749279
2015-08-23 00:00:00	-0.902252	-1.85129	2.90627	0	0	0	0	0	0	0	0	0	0	0	-0.380329	-0.23383	0.0683713	0	0	0.358214	0	0	0	0.0913929	-0.0125639	0.0439807
2015-08-24 00:00:00	-0.502252	-0.584897	2.3401	0	0	0	0	0	0	0	0	0	0	0	-1.52443	-0.233423	0.0682812	0	0	0.361876	0	0	0	0.091155	-0.0128911	0.00351634
2015-08-25 00:00:00	-0.2	-0.0022219	2.02906	0	0	0	0	0	0	0	0	0	0	0	-1.81746	-0.232586	0.0680525	0	0	0.331914	0	0	0	0.0909626	-0.0127996	0.254927
2015-08-26 00:00:00	-0.0900717	0.0277692	1.87582	0	0	0	0	0	0	0	0	0	0	0	-1.94888	-0.23197	0.0679621	0	0	0.307277	0	0	0	0.0909901	-0.0123058	0.0865935
2015-08-27 00:00:00	-0.0180143	-0.0277692	1.78918	0	0	0	0	0	0	0	0	0	0	0	-1.57703	-0.231766	0.0678922	0	0	0.285036	0	0	0	0.090485	-0.0116625	0.366344
2015-08-28 00:00:00	-0.411259	0	1.79017	0	0	0	0	0	0	0	0	0	0	0	-1.27828	-0.23109	0.0677791	0	0	0.269625	0	0	0	0.0903306	-0.0113169	0.285961
2015-08-29 00:00:00	0	0	1.68661	0	0	0	0	0	0	0	0	0	0	0	-1.68354	-0.2306	0.0675082	0	0	0.255462	0	0	0	0.0901544	-0.0111995	0.174392
2015-08-30 00:00:00	0	0	1.57861	0	0	0	0	0	0	0	0	0	0	0	-1.12817	-0.22998	0.0673391	0	0	0.239361	0	0	0	0.0898266	-0.0109295	0.606054
2015-08-31 00:00:00	0	0	1.40732	0	0	0	0	0	0	0	0	0	0	0	-1.72199	-0.229668	0.0672732	0	0	0.226589	0	0	0	0.0899657	-0.0107712	-0.171276
2015-09-01 00:00:00	-4.94596	2.31003	2.16906	0	8.65219E-10	0	0	0	0	0	0	0	0	0	0.251071	-0.22912	0.0671953	0	0	0.260956	0	0	0	0.0892155	-0.0105577	-0.0381116
2015-09-02 00:00:00	-0.2	-1.62052	1.98333	0	0	0	0	0	0	0	0	0	0	0	-0.494504	-0.228751	0.0671101	0	0	0.287267	0	0	0	0.0889646	-0.0110665	-0.12817
2015-09-03 00:00:00	0	-0.689502	1.58087	0	0	0	0	0	0	0	0	0	0	0	-1.17461	-0.227975	0.06651	0	0	0.293207	0	0	0	0.0883871	-0.0114745	-0.0745863
2015-09-04 00:00:00	-3.14145	0.880291	2.18799	0	3.22326E-11	0	0	0	0	0	0	0	0	0	-0.340544	-0.22738	0.0665583	0	0	0.31563	0	0	0	0.0879749	-0.0116029	-0.182539
2015-09-05 00:00:00	-0.00450358	-0.880291	1.5648	0	0	0	0	0	0	0	0	0	0	0	-0.857394	-0.226989	0.0664905	0	0	0.323459	0	0	0	0.0877267	-0.0119522	0.0613437
2015-09-06 00:00:00	0	0	1.70452	0	0	0	0	0	0	0	0	0	0	0	-1.81776	-0.226439	0.0664109	0	0	0.295632	0	0	0	0.0875015	-0.0120972	0.0977646
2015-09-07 00:00:00	0	0	2.52631	0	0	0	0	0	0	0	0	0	0	0	-2.16465	-0.225909	0.0662669	0	0	0.240744	0	0	0	0.0873176	-0.0116409	0.518448
2015-09-08 00:00:00	-0.395496	0	1.56886	0	0	0	0	0	0	0	0	0	0	0	-1.24955	-0.224624	0.0662303	0	0	0.22818	0	0	0	0.0868123	-0.0107692	0.0696342
2015-09-09 00:00:00	0	0	1.15036	0	0	0	0	0	0	0	0	0	0	0	-1.17846	-0.224443	0.0661839	0	0	0.224584	0	0	0	0.0866158	-0.0105715	0.114262
2015-09-10 00:00:00	0	0	1.23906	0	0	0	0	0	0	0	0	0	0	0	-1.13487	-0.223996	0.0659746	0	0	0.218623	0	0	0	0.0864126	-0.010504	0.240701
2015-09-11 00:00:00	0	0	1.13322	0	0	0	0	0	0	0	0	0	0	0	-1.11022	-0.223434	0.0658851	0	0	0.215224	0	0	0	0.0862117	-0.0104052	0.156489
2015-09-12 00:00:00	-10.3009	2.48649	2.04342	0	0.000147141	0	0	0	0	0	0	0	0	0	4.41946	-0.223261	0.0658423	0	0	0.339561	0	0	0	0.0860103	-0.0103434	-1.0936
2015-09-13 00:00:00	-1.39099	-0.404185	1.83026	0	-0.000148074	0	0	0	0	0	0	0	0	0	-0.432652	-0.222931	0.0657799	0	0	0.367925	0	0	0	0.0857244	-0.0127589	-0.113982
2015-09-14 00:00:00	-4.2045	0.556638	1.72042	0	0.000262045	0	0	0	0	0	0	0	0	0	1.31175	-0.222302	0.0656896	0	0	0.409565	0	0	0	0.0855276	-0.0135367	-0.290484
2015-09-15 00:00:00	0	-1.67542	1.83518	0	-8.16218E-09	0	0	0	0	0	0	0	0	0	-0.490453	-0.22144	0.0655836	0	0	0.438244	0	0	0	0.0853126	-0.0143222	0.0226922
2015-09-16 00:00:00	0	-0.958021	1.66767	0	1.90688E-06	0	0	0	0	0	0	0	0	0	-0.909294	-0.221052	0.0655016	0	0	0.435043	0	0	0	0.0851146	-0.0143829	0.150577
2015-09-17 00:00:00	-1.19099	-0.00550597	1.61395	0	0.000283924	0	0	0	0	0	0	0	0	0	-0.851561	-0.220132	0.0653672	0	0	0.422617	0	0	0	0.0849622	-0.0142262	-0.0952356
2015-09-18 00:00:00	-0.00450358	0	1.42893	0	-0.000566922	0	0	0	0	0	0	0	0	0	-1.71532	-0.219217	0.065329	0	0	0.403492	0	0	0	0.0848518	-0.0139484	0.0290488
2015-09-19 00:00:00	-0.00450358	0	1.39645	0	0	0	0	0	0	0	0	0	0	0	-1.48293	-0.218967	0.0650725	0	0	0.373661	0	0	0	0.0846673	-0.0134507	0.199994
2015-09-20 00:00:00	-3.20901	1.2167	1.84916	0	-2.25512E-09	0	0	0	0	0	0	0	0	0	-0.0639117	-0.218425	0.0649935	0	0	0.381164	0	0	0	0.0845118	-0.0129047	0.092283
2015-09-21 00:00:00	-6.75947	1.45139	1.73047	0	0.00110373	0	0	0	0	0	0	0	0	0	2.0683	-0.217916	0.0649816	0	0	0.438982	0	0	0	0.0840074	-0.0134933	-1.15164
2015-09-22 00:00:00	-0.204504	-1.27314	1.59302	0	0.000635327	0	0	0	0	0	0	0	0	0	-0.428867	-0.217446	0.0649263	0	0	0.479214	0	0	0	0.0833842	-0.0150328	0.0821913
2015-09-23 00:00:00	-1.61801	0.0808098	1.5372	0	0.00087951	0	0	0	0	0	0	0	0	0	-0.397663	-0.217013	0.0648334	0	0	0.479175	0	0	0	0.0832302	-0.0150985	-0.00166486
2015-09-24 00:00:00	-9.41801	1.27155	1.58688	0	0.01387	0	0.00320373	0	0	0	0	0	0	0	4.9707	-0.216754	0.0647879	0	0	0.554833	0	0	0	0.0830659	-0.0160227	-1.10191
2015-09-25 00:00:00	-0.604504	-0.929298	1.6178	0	-0.00262852	0	0.00106568	0	0	0	0	0	0	0	-0.549707	-0.216391	0.0647166	0	0	0.629542	0	0	0	0.0829741	-0.0182024	0.0753662
2015-09-26 00:00:00	-0.00450358	-1.4054	1.57187	0	-0.00273483	0	0.00117416	0	0	0	0	0	0	0	-0.592642	-0.215886	0.0645762	0	0	0.606467	0	0	0	0.0828315	-0.0177621	0.0879879
2015-09-27 00:00:00	0	-0.378779	1.74502	0	-0.00363675	0	0.000694666	0	0	0	0	0	0	0	-1.41345	-0.215418	0.0644842	0	0	0.567033	0	0	0	0.0827058	-0.0171047	0.431547
2015-09-28 00:00:00	-0.00450358	-0.0130819	1.864	0	-0.00427182	0	0	0	0	0	0	0	0	0	-1.94511	-0.214976	0.0641888	0	0	0.499084	0	0	0	0.0826556	-0.0161903	0.311793
2015-09-29 00:00:00	0	-0.0207588	2.7057	0	-0.00310443	0	0	0	0	0	0	0	0	0	-2.28714	-0.214184	0.0639267	0	0	0.411473	0	0	0	0.0825045	-0.0151934	0.723225
2015-09-30 00:00:00	-0.00900716	0	2.02348	0	-0.000105007	0	0	0	0	0	0	0	0	0	-2.07325	-0.21383	0.0637363	0	0	0.360843	0	0	0	0.0826418	-0.0138461	0.220662
2015-10-01 00:00:00	-0.00450358	0	2.41265	0	-3.48529E-06	0	0	0	0	0	0	0	0	0	-2.44277	-0.21329	0.0635398	0	0	0.309496	0	0	0	0.0823876	-0.0127815	0.194718
2015-10-02 00:00:00	0	0	1.07393	0	0	0	0	0	0	0	0	0	0	0	-1.22712	-0.212244	0.0633886	0	0	0.297125	0	0	0	0.0822857	-0.0118628	0.0655079
2015-10-03 00:00:00	0	0	0.95322	0	0	0	0	0	0	0	0	0	0	0	-1.23739	-0.211395	0.0633196	0	0	0.294935	0	0	0	0.0821328	-0.0116476	-0.0668234
2015-10-04 00:00:00	0	0	0.769678	0	0	0	0	0	0	0	0	0	0	0	-1.07512	-0.210685	0.0632251	0	0	0.297811	0	0	0	0.0819686	-0.0115968	-0.0847201
2015-10-05 00:00:00	-3.55496	1.84508	1.50207	0	1.99699E-08	0	0	0	0	0	0	0	0	0	-0.424159	-0.209992	0.0631549	0	0	0.320138	0	0	0	0.0817751	-0.0116803	-0.388578
2015-10-06 00:00:00	-4.25404	0.855265	1.49632	0	-5.76513E-06	0	0	0	0	0	0	0	0	0	1.24635	-0.20958	0.0630925	0	0	0.359085	0	0	0	0.0815061	-0.012381	-0.374386
2015-10-07 00:00:00	-4.34145	0.0133589	1.20815	0	0.00194275	0	0	0	0	0	0	0	0	0	2.07261	-0.209129	0.0630081	0	0	0.448117	0	0	0	0.0814091	-0.0139621	-0.675947
2015-10-08 00:00:00	-0.00450358	-1.13417	1.2346	0	-2.99725E-07	0	0	0	0	0	0	0	0	0	-0.43513	-0.208254	0.0629808	0	0	0.488931	0	0	0	0.0812785	-0.0151452	0.0705815
2015-10-09 00:00:00	-0.804504	-0.400511	1.24477	0	-0.000184979	0	0	0	0	0	0	0	0	0	-0.421513	-0.207852	0.0629051	0	0	0.488179	0	0	0	0.0811146	-0.015182	0.0272215
2015-10-10 00:00:00	0	-0.964274	1.15436	0	0.000618777	0	0	0	0	0	0	0	0	0	-0.561449	-0.207388	0.0628206	0	0	0.485665	0	0	0	0.0809691	-0.0151134	0.03621
2015-10-11 00:00:00	0	-0.210539	0.932684	0	0.000628156	0	0	0	0	0	0	0	0	0	-0.913167	-0.206926	0.0627435	0	0	0.472686	0	0	0	0.0808336	-0.0149551	0.203988
2015-10-12 00:00:00	-2.82702	1.61626	1.03978	0	0.000710554	0	0	0	0	0	0	0	0	0	-0.33958	-0.20635	0.0626451	0	0	0.466736	0	0	0	0.0806605	-0.0146965	-0.120853
2015-10-13 00:00:00	-0.804504	-0.190603	0.993738	0	0.000510952	0	0	0	0	0	0	0	0	0	-0.278498	-0.205942	0.0625595	0	0	0.472463	0	0	0	0.0804901	-0.0147499	0.115465
2015-10-14 00:00:00	-0.00450358	-0.963719	1.06425	0	0.000997055	0	3.37041E-05	0	0	0	0	0	0	0	-0.693744	-0.20541	0.0625227	0	0	0.47741	0	0	0	0.0803454	-0.0147575	-0.196573
2015-10-15 00:00:00	-0.2	-0.338807	0.795463	0	-9.00928E-05	0	5.55156E-05	0	0	0	0	0	0	0	-0.685198	-0.204976	0.0620367	0	0	0.475111	0	0	0	0.0801138	-0.0148355	-0.0311268
2015-10-16 00:00:00	-1	0.128138	0.870407	0	0.000579238	0	0.000274734	0	0	0	0	0	0	0	-0.475058	-0.204069	0.0619388	0	0	0.475294	0	0	0	0.0799671	-0.0147995	-0.0773286
2015-10-17 00:00:00	-0.195496	-0.252075	0.838888	0	-0.000714769	0	0.000540774	0	0	0	0	0	0	0	-0.643256	-0.203317	0.0619311	0	0	0.472288	0	0	0	0.0794243	-0.0147735	0.143439
2015-10-18 00:00:00	0	-0.00339921	0.82002	0	-0.000881432	0	0	0	0	0	0	0	0	0	-0.851957	-0.202784	0.0618139	0	0	0.451442	0	0	0	0.0792381	-0.0146448	0.338847
2015-10-19 00:00:00	-0.00450358	0	0.754953	0	0.000351502	0	0	0	0	0	0	0	0	0	-1.33528	-0.201898	0.0617971	0	0	0.438132	0	0	0	0.0787011	-0.0142365	-0.221985
2015-10-20 00:00:00	-1.8	0.806572	0.91678	0	0.000674424	0	0.000407862	0	0	0	0	0	0	0	-0.265961	-0.201346	0.0617204	0	0	0.440582	0	0	0	0.078522	-0.0140667	0.0238858
2015-10-21 00:00:00	-0.4	-0.635509	1.0752	0	-2.27754E-05	0	0.000663965	0	0	0	0	0	0	0	-0.358431	-0.200458	0.0616374	0	0	0.450801	0	0	0	0.0783989	-0.0142593	0.0580197
2015-10-22 00:00:00	-0.4	-0.171061	0.877443	0	-0.000439347	0	0	0	0	0	0	0	0	0	-0.364467	-0.199803	0.061537	0	0	0.452271	0	0	0	0.0782717	-0.0143787	0.319372
2015-10-23 00:00:00	-0.00450358	0	0.728963	0	0.000139116	0	0.000121769	0	0	0	0	0	0	0	-1.21732	-0.199254	0.0615324	0	0	0.441995	0	0	0	0.0779614	-0.0142737	-0.124638
2015-10-24 00:00:00	-5.82252	2.68581	0.846086	0	0.000354989	0	0.000762491	0	0	0	0	0	0	0	1.36782	-0.198915	0.0614326	0	0	0.489379	0	0	0	0.0778744	-0.014187	-0.506102
2015-10-25 00:00:00	-0.2	-0.60049	0.830849	0	-6.91491E-05	0	0.00101068	0	0	0	0	0	0	0	-0.423147	-0.198557	0.061221	0	0	0.514147	0	0	0	0.0776652	-0.0156601	0.0469689
2015-10-26 00:00:00	0	-0.75107	0.825	0	0.000565768	0	0.000343793	0	0	0	0	0	0	0	-0.64523	-0.197966	0.0611	0	0	0.510809	0	0	0	0.0775305	-0.0159621	-0.134879
2015-10-27 00:00:00	0	-0.728195	0.798859	0	-0.000582724	0	0.00129007	0	0	0	0	0	0	0	-0.215443	-0.19737	0.0610868	0	0	0.509142	0	0	0	0.0775392	-0.015565	0.290761
2015-10-28 00:00:00	-12.1685	2.07161	0.876693	0	0.0340365	-0.00714207	0.0182431	0	0	0	0	0	0	0	7.03638	-0.1973	0.0610441	0	0	0.638291	0	0	0	0.0773913	-0.0166802	-1.5759
2015-10-29 00:00:00	-1.58649	0.000545416	0.742504	0	-0.0026879	-0.00265856	0.00590997	0	0	0	0	0	0	0	0.0534257	-0.196964	0.0610016	0	0	0.781979	0	0	0	0.0774196	-0.0204811	-0.0864959
2015-10-30 00:00:00	-3.77298	-0.00766874	0.713817	0	0.000742744	-0.00783622	0.0135604	0	0	0	0	0	0	0	2.07292	-0.196582	0.0609595	0	0	0.809446	0	0	0	0.077401	-0.0206214	-0.256844
2015-10-31 00:00:00	-0.990993	-0.0109827	0.856153	0	-0.00110094	-0.000579678	0.00222354	0	0	0	0	0	0	0	-0.422066	-0.196123	0.0609067	0	0	0.803797	0	0	0	0.0774122	-0.0208258	0.157821
2015-11-01 00:00:00	-0.2	-0.464116	0.696689	0	-0.00109923	-8.68863E-06	0.000881034	0	0	0	0	0	0	0	-0.421991	-0.195446	0.060768	0	0	0.7615	0	0	0	0.0773304	-0.0203373	0.29417
2015-11-02 00:00:00	-0.00450358	-0.802963	0.903946	0	-0.00223492	0	0.000514519	0	0	0	0	0	0	0	-0.735194	-0.194875	0.0606431	0	0	0.707662	0	0	0	0.0772747	-0.0197251	-0.00945499
2015-11-03 00:00:00	-0.204504	-0.665098	0.949532	0	-0.00294606	0	0.00121269	0	0	0	0	0	0	0	-0.281407	-0.194552	0.060504	0	0	0.688376	0	0	0	0.0772358	-0.0190651	0.409288
2015-11-04 00:00:00	-12.3324	1.90821	0.649396	0	0.0413301	-0.0240191	0.0424655	0	0	0	0	0	0	0	7.0496	-0.194495	0.060516	0	0	0.810645	0	0	0	0.0772274	-0.0199228	-1.93149
2015-11-05 00:00:00	-2.78199	-0.00937564	0.696399	0	-0.00312611	-0.00593191	0.0174509	0	0	0	0	0	0	0	1.13161	-0.194316	0.0605035	0	0	0.956247	0	0	0	0.0773754	-0.0240962	-0.079243
2015-11-06 00:00:00	-0.390993	-0.271109	0.670632	0	-0.00159085	-0.00019663	0.00172712	0	0	0	0	0	0	0	-0.566768	-0.193693	0.0604546	0	0	0.919359	0	0	0	0.0773929	-0.0233809	0.281834
2015-11-07 00:00:00	-20.0784	0.255324	0.634812	0	0.00677034	-0.0499088	0.137732	0	0	0	0	0	0	0	14.2016	-0.194106	0.0605614	0	0	1.25739	0	0	0	0.0776394	-0.0265793	-3.71721
2015-11-08 00:00:00	-10.1144	-0.00992923	0.622462	0	-0.00243716	-0.0255073	0.0717041	0	0	0	0	0	0	0	6.50248	-0.194583	0.0606874	0	0	1.69181	0	0	0	0.0781368	-0.0345349	-1.35414
2015-11-09 00:00:00	-15.964	-0.00120309	0.631789	0	0.000198758	-0.0402421	0.11237	0	0	0	0	0	0	0	10.5634	-0.195407	0.0608747	0	0	2.02323	0	0	0	0.078706	-0.0379948	-2.76828
2015-11-10 00:00:00	-7.98649	-0.0182365	0.728383	0	-0.000936282	-0.019421	0.0546818	0	0	0	0	0	0	0	4.51098	-0.19631	0.0610835	0	0	2.20525	0	0	0	0.0793573	-0.0409055	-0.62257
2015-11-11 00:00:00	-2	-0.00642916	0.618899	0	-0.00228176	-0.0039054	0.0121	0	0	0	0	0	0	0	0.409476	-0.196452	0.0611471	0	0	2.07686	0	0	0	0.0796761	-0.0401787	1.00891
2015-11-12 00:00:00	-6.34596	-0.00765607	0.558732	0	0.00168979	-0.0151038	0.0426138	0	0	0	0	0	0	0	3.41897	-0.196816	0.0612272	0	0	1.96865	0	0	0	0.0799653	-0.0386536	-0.472336
2015-11-13 00:00:00	-19.9324	-0.00405791	0.473651	0	0.00299555	-0.0509366	0.14152	0	0	0	0	0	0	0	12.4384	-0.199139	0.0616855	0	0	2.2611	0	0	0	0.0809807	-0.0411115	-4.7674
2015-11-14 00:00:00	-14.5054	-0.012079	0.472201	0	-0.000241979	-0.0373444	0.104355	0	0	0	0	0	0	0	8.65605	-0.201944	0.0622814	0	0	2.68559	0	0	0	0.0824739	-0.0458753	-2.73996
2015-11-15 00:00:00	-27.8514	-0.00534938	0.539759	0	0.0323013	-0.0719337	0.199972	0	0	0	0	0	0	0	16.4793	-0.206097	0.0630971	0	0	3.48656	0	0	0	0.08439	-0.0526336	-7.30198
2015-11-16 00:00:00	-15.2604	-0.00749608	0.459706	0	-0.0223037	-0.0396457	0.111476	0	0	0	0	0	0	0	8.63892	-0.209769	0.0637645	0	0	4.3464	0	0	0	0.0863959	-0.0606965	-1.89363
2015-11-17 00:00:00	-14.5099	-0.0063828	0.426106	0	-0.0105087	-0.0373189	0.104826	0	0	0	0	0	0	0	7.94996	-0.211938	0.0643353	0	0	4.46786	0	0	0	0.0879498	-0.061798	-1.73683
2015-11-18 00:00:00	-20.2964	-0.0140374	0.479775	0	0.13108	-0.0522845	0.147006	0	0	0	0	0	0	0	11.0214	-0.214923	0.0650947	0	0	4.90156	0	0	0	0.0897334	-0.0645783	-3.80657
2015-11-19 00:00:00	-2.59099	-0.00931455	0.43497	0	-0.0787411	-0.00632283	0.0210876	0	0	0	0	0	0	0	1.21504	-0.216223	0.0653031	0	0	4.8653	0	0	0	0.0910453	-0.0649351	3.72622
2015-11-20 00:00:00	-7.96397	-0.00235016	0.367459	0	-0.049406	-0.0197885	0.0584576	0	0	0	0	0	0	0	3.85944	-0.216619	0.0654081	0	0	4.36557	0	0	0	0.091719	-0.0605742	0.495344
2015-11-21 00:00:00	-1.79099	-0.00943358	0.332568	0	-0.000549051	-0.00414973	0.0136727	0	0	0	0	0	0	0	0.284466	-0.216671	0.0654367	0	0	3.91479	0	0	0	0.0923646	-0.0577655	2.62373
2015-11-22 00:00:00	-6.73695	-0.0130173	0.306046	0	0.00525981	-0.0168125	0.0491197	0	0	0	0	0	0	0	3.28272	-0.217041	0.0655132	0	0	3.55422	0	0	0	0.0928711	-0.0542147	0.317714
2015-11-23 00:00:00	-5.92344	-0.0100255	0.352562	0	-0.00464529	-0.0148798	0.0444482	0	0	0	0	0	0	0	2.59506	-0.217615	0.065626	0	0	3.3457	0	0	0	0.0936055	-0.0523775	0.274014
2015-11-24 00:00:00	-0.809007	-0.00403168	0.39554	0	-0.00261157	-0.00135492	0.00624319	0	0	0	0	0	0	0	-0.240388	-0.217427	0.0655955	0	0	2.99284	0	0	0	0.0940331	-0.0500874	2.22934
2015-11-25 00:00:00	0	-0.352615	0.371664	0	-0.00180126	-4.5455E-05	0.00182221	0	0	0	0	0	0	0	-0.733887	-0.216966	0.0655107	0	0	2.60578	0	0	0	0.0940992	-0.0465427	1.78702
2015-11-26 00:00:00	-0.8	0.317756	0.438721	0	-0.000524435	0	0.00153777	0	0	0	0	0	0	0	-0.450944	-0.216549	0.0654337	0	0	2.28653	0	0	0	0.0941177	-0.0432279	1.69285
2015-11-27 00:00:00	-11.9324	0.00143946	0.370587	0	0.0070122	-0.0298783	0.0859166	0	0	0	0	0	0	0	5.82865	-0.217673	0.0656523	0	0	2.33142	0	0	0	0.0946076	-0.0423256	-3.43704
2015-11-28 00:00:00	-12.3099	-0.00862122	0.33789	0	0.000133159	-0.0317199	0.0932708	0	0	0	0	0	0	0	6.38835	-0.219486	0.0660131	0	0	2.62691	0	0	0	0.0957975	-0.0449965	-3.00639
2015-11-29 00:00:00	-21.9009	-0.00879907	0.309581	0	0.00283842	-0.0568197	0.165241	0	0	0	0	0	0	0	11.3975	-0.222639	0.0667026	0	0	3.36751	0	0	0	0.097428	-0.0509368	-6.83333
2015-11-30 00:00:00	-3.98649	-0.00897866	0.292225	0	-0.00572238	-0.0103415	0.0344837	0	0	0	0	0	0	0	1.75627	-0.224185	0.0671216	0	0	3.57308	0	0	0	0.0989504	-0.0549227	1.53149
2015-12-01 00:00:00	-7.37298	-0.0124344	0.461539	0	0.00122716	-0.018092	0.0542977	0	0	0	0	0	0	0	3.19589	-0.224939	0.0672356	0	0	3.35412	0	0	0	0.0995719	-0.052422	-0.446984
2015-12-02 00:00:00	-8.72794	-0.0041034	0.374154	0	-0.000202917	-0.022081	0.066346	0	0	0	0	0	0	0	4.05306	-0.226177	0.0674496	0	0	3.29794	0	0	0	0.10035	-0.0518773	-1.07308
2015-12-03 00:00:00	-21.9973	-0.0104603	0.260282	0	0.00470754	-0.057348	0.166775	0	0	0	0	0	0	0	10.5094	-0.229449	0.0679795	0	0	3.75863	0	0	0	0.101801	-0.0554028	-7.48039
2015-12-04 00:00:00	-27.3189	-0.00706586	0.330014	0	0.00783475	-0.0711322	0.209641	0	0	0	0	0	0	0	14.2066	-0.234896	0.0688928	0	0	4.93964	0	0	0	0.104166	-0.0631106	-7.82839
2015-12-05 00:00:00	-35.9595	-0.0130931	0.374015	0	0.595747	-0.0954538	0.303983	0	0	0	0	0	0	0	18.8074	-0.240764	0.0703051	0	0	6.74866	0	0	0	0.107482	-0.0760613	-9.37724
2015-12-06 00:00:00	-8.82702	-0.00420495	0.30675	0	-0.605275	-0.0230473	0.078182	0	0	0	0	0	0	0	4.04543	-0.245065	0.0711345	0	0	7.41542	0	0	0	0.110041	-0.0806844	2.24165
2015-12-07 00:00:00	-2.98649	-0.0174799	0.33633	0	0.0581674	-0.00726224	0.0252574	0	0	0	0	0	0	0	0.555254	-0.24626	0.071286	0	0	6.51981	0	0	0	0.111206	-0.076941	4.34288
2015-12-08 00:00:00	-1.9955	-0.0103107	0.339911	0	-0.0546199	-0.00439891	0.0172811	0	0	0	0	0	0	0	-0.373617	-0.246719	0.0712512	0	0	5.57379	0	0	0	0.111843	-0.0704116	3.3585
2015-12-09 00:00:00	-6.12344	-0.00480687	0.330265	0	-0.00262925	-0.0151797	0.0483445	0	0	0	0	0	0	0	1.94057	-0.247589	0.0712667	0	0	5.00555	0	0	0	0.112509	-0.0654164	1.04944
2015-12-10 00:00:00	-0.595496	-0.00504183	0.294258	0	-0.00664958	-0.00112017	0.00826959	0	0	0	0	0	0	0	-1.00658	-0.247726	0.0711897	0	0	4.3752	0	0	0	0.113112	-0.061644	2.93777
2015-12-11 00:00:00	-3.20901	-0.0103605	0.277311	0	0.00111514	-0.00744156	0.0253313	0	0	0	0	0	0	0	0.682429	-0.247706	0.0712478	0	0	3.86887	0	0	0	0.113548	-0.0577273	1.50761
2015-12-12 00:00:00	-1.77748	-0.0137999	0.257592	0	-0.000316812	-0.00412656	0.0150728	0	0	0	0	0	0	0	0.16581	-0.247699	0.071417	0	0	3.44597	0	0	0	0.113873	-0.0544507	1.97186
2015-12-13 00:00:00	-0.990993	-0.00281971	0.201636	0	-0.000531692	-0.0021165	0.0111177	0	0	0	0	0	0	0	-0.443264	-0.247631	0.0713668	0	0	3.06177	0	0	0	0.114138	-0.0504477	1.72222
2015-12-14 00:00:00	-0.2	-0.0829232	0.280241	0	-0.000694848	-0.000101243	0.00287281	0	0	0	0	0	0	0	-0.809247	-0.247317	0.0712903	0	0	2.67997	0	0	0	0.114268	-0.0472779	1.76108
2015-12-15 00:00:00	-1.96397	0.0606173	0.316256	0	0.00114553	-0.00397138	0.0157576	0	0	0	0	0	0	0	0.207249	-0.247265	0.0712578	0	0	2.42183	0	0	0	0.114318	-0.0438477	0.94938
2015-12-16 00:00:00	-0.00450359	-0.332235	0.35494	0	-0.00166455	-0.000168913	0.00444626	0	0	0	0	0	0	0	-0.766886	-0.247043	0.0711669	0	0	2.17613	0	0	0	0.114394	-0.04161	1.32697
2015-12-17 00:00:00	-4.17748	0.317449	0.36402	0	0.00230611	-0.00874996	0.0289091	0	0	0	0	0	0	0	1.31355	-0.247293	0.07119	0	0	2.01492	0	0	0	0.114542	-0.0395015	-0.246134
2015-12-18 00:00:00	-0.8	-0.0189937	0.345606	0	-0.00121545	-0.00141022	0.0066621	0	0	0	0	0	0	0	-0.446425	-0.247745	0.0711266	0	0	1.89203	0	0	0	0.114744	-0.0387558	0.875628
2015-12-19 00:00:00	-1.77748	-0.00313593	0.385977	0	0.000360916	-0.00356345	0.0146604	0	0	0	0	0	0	0	0.132408	-0.247865	0.0710872	0	0	1.74584	0	0	0	0.114698	-0.0367788	0.396207
2015-12-20 00:00:00	-23.9392	-0.00946834	0.314016	0	0.00679116	-0.0615386	0.179055	0	0	0	0	0	0	0	13.3905	-0.251245	0.0716667	0	0	2.3622	0	0	0	0.115622	-0.0405533	-7.86217
2015-12-21 00:00:00	-2.45855	-0.00954299	0.29833	0	-0.00629993	-0.00624554	0.0243997	0	0	0	0	0	0	0	0.395805	-0.253317	0.0719451	0	0	2.79984	0	0	0	0.117433	-0.0479698	0.925835
2015-12-22 00:00:00	-4.04504	-0.00917391	0.322875	0	0.000733106	-0.00954305	0.0317659	0	0	0	0	0	0	0	1.45898	-0.253982	0.0720326	0	0	2.63145	0	0	0	0.11781	-0.0463013	0.271614
2015-12-23 00:00:00	-3.0563	-0.00609526	0.29409	0	-0.000636141	-0.00712473	0.0247941	0	0	0	0	0	0	0	0.826691	-0.254319	0.0721198	0	0	2.48709	0	0	0	0.118704	-0.0451208	0.453898
2015-12-24 00:00:00	-20.537	-0.00975847	0.274851	0	0.00531237	-0.0590389	0.157294	0	0	0	0	0	0	0	10.9913	-0.257214	0.0727256	0	0	3.01637	0	0	0	0.119608	-0.0482072	-6.27372
2015-12-25 00:00:00	-5.91218	-0.012487	0.250879	0	-0.00318035	-0.0204679	0.0519045	0	0	0	0	0	0	0	2.5218	-0.260466	0.0733238	0	0	3.4533	0	0	0	0.120946	-0.0534814	0.209894
2015-12-26 00:00:00	-42.7189	-0.00573527	0.262517	0	0.116566	-0.140644	0.331499	0	0	0	0	0	0	0	22.594	-0.268415	0.0749665	0	0	5.34822	0	0	0	0.123709	-0.063134	-14.3454
2015-12-27 00:00:00	-0.604504	-0.0129729	0.285914	0	-0.115076	-0.0098687	0.0183795	0	0	0	0	0	0	0	-0.295624	-0.272538	0.0765084	0	0	6.04302	0	0	0	0.126144	-0.0737748	5.1656
2015-12-28 00:00:00	0	-0.323247	0.341189	0	-0.00561424	-0.00108466	0.0063714	0	0	0	0	0	0	0	-0.983695	-0.272262	0.0764325	0	0	5.06177	0	0	0	0.126638	-0.0673946	3.9591
2015-12-29 00:00:00	-4.35046	0.312038	0.329635	0	0.00248296	-0.0103571	0.0324133	0	0	0	0	0	0	0	1.20432	-0.272417	0.0765924	0	0	4.47972	0	0	0	0.127212	-0.0620954	1.86907
2015-12-30 00:00:00	-15.982	-0.0149897	0.315095	0	0.00543938	-0.0481124	0.122418	0	0	0	0	0	0	0	7.6544	-0.275537	0.0772523	0	0	4.649	0	0	0	0.128649	-0.0623816	-3.43075
2015-12-31 00:00:00	-4.8045	-0.00246961	0.260019	0	-0.00532651	-0.0172419	0.0442176	0	0	0	0	0	0	0	1.63144	-0.277624	0.0778697	0	0	4.61541	0	0	0	0.130675	-0.0630868	1.58938
2016-01-01 00:00:00	-2.02702	-0.01495	0.254729	0	-0.000601339	-0.00616075	0.01776	0	0	0	0	0	0	0	-0.197885	-0.278002	0.0778165	0	0	4.14926	0	0	0	0.131304	-0.0601837	2.04607
2016-01-02 00:00:00	-10.7775	-0.0103864	0.301439	0	0.00440278	-0.0318936	0.0835031	0	0	0	0	0	0	0	5.03501	-0.281501	0.0782948	0	0	4.10871	0	0	0	0.132011	-0.0577985	-1.41569
2016-01-03 00:00:00	-17.937	-0.00324693	0.26917	0	0.000427651	-0.0574055	0.14318	0	0	0	0	0	0	0	8.45795	-0.287489	0.0789279	0	0	4.71968	0	0	0	0.134328	-0.0613728	-4.54281
2016-01-04 00:00:00	-10.1775	-0.00820278	0.258454	0	-0.00246309	-0.0348366	0.085223	0	0	0	0	0	0	0	4.75452	-0.292207	0.0801351	0	0	5.14797	0	0	0	0.136828	-0.0669219	-0.118984
2016-01-05 00:00:00	-23.9685	-0.0109543	0.269707	0	0.0107604	-0.0763483	0.188158	0	0	0	0	0	0	0	11.7226	-0.298921	0.0821671	0	0	6.21476	0	0	0	0.139773	-0.0720663	-5.7988
2016-01-06 00:00:00	-1.4045	-0.00575679	0.240208	0	-0.0136558	-0.00985038	0.0218031	0	0	0	0	0	0	0	-0.210455	-0.303353	0.0830614	0	0	6.25426	0	0	0	0.142536	-0.0769334	4.71736
2016-01-07 00:00:00	-13.964	-0.0137699	0.294707	0	0.0053901	-0.0435573	0.108521	0	0	0	0	0	0	0	6.11442	-0.308578	0.0838621	0	0	6.08566	0	0	0	0.144304	-0.0738122	-1.56682
2016-01-08 00:00:00	-0.6	-0.00403942	0.238252	0	-0.00543831	-0.00527881	0.0128546	0	0	0	0	0	0	0	-0.821291	-0.31071	0.0848465	0	0	5.5891	0	0	0	0.147387	-0.0728124	4.25287
2016-01-09 00:00:00	-12.0676	-0.00923147	0.238381	0	0.00343115	-0.0375399	0.0940397	0	0	0	0	0	0	0	5.22862	-0.315071	0.0860386	0	0	5.45424	0	0	0	0.149328	-0.0689379	-1.24425
2016-01-10 00:00:00	-29.9595	-0.0110341	0.276798	0	0.0364959	-0.110274	0.241566	0	0	0	0	0	0	0	13.8867	-0.324679	0.0885661	0	0	7.14289	0	0	0	0.15349	-0.0763549	-8.65532
2016-01-11 00:00:00	-4	-0.00590489	0.278648	0	-0.0387227	-0.0268658	0.0461389	0	0	0	0	0	0	0	0.921285	-0.332865	0.0907006	0	0	7.50734	0	0	0	0.157247	-0.0844165	4.51259
2016-01-12 00:00:00	-15.7081	-0.0131354	0.255959	0	0.0108736	-0.0588623	0.126868	0	0	0	0	0	0	0	6.48948	-0.338253	0.092122	0	0	7.42253	0	0	0	0.162576	-0.0816204	-1.63955
2016-01-13 00:00:00	-1.79099	-0.0098051	0.270049	0	-0.00726331	-0.0128658	0.022897	0	0	0	0	0	0	0	0.0758107	-0.342437	0.0930786	0	0	6.87891	0	0	0	0.165593	-0.0801806	5.26279
2016-01-14 00:00:00	-0.6	-0.0056207	0.222025	0	-0.00525662	-0.00352811	0.00979341	0	0	0	0	0	0	0	-1.01102	-0.345531	0.0937792	0	0	5.92307	0	0	0	0.16739	-0.0737538	4.37135
2016-01-15 00:00:00	-1.59099	-0.0063766	0.217573	0	0.000575926	-0.00516647	0.0156139	0	0	0	0	0	0	0	-0.35245	-0.348027	0.0937941	0	0	5.09691	0	0	0	0.168658	-0.0683733	3.22174
2016-01-16 00:00:00	0	-0.179026	0.179026	0	-0.00102248	-0.00111069	0.00453341	0	0	0	0	0	0	0	-0.708276	-0.352686	0.0941929	0	0	4.34769	0	0	0	0.169348	-0.0643521	3.48831
2016-01-17 00:00:00	-0.786489	0.155518	0.25943	0	0.00054046	-0.00155045	0.00699636	0	0	0	0	0	0	0	-0.910356	-0.354088	0.094913	0	0	3.80078	0	0	0	0.170272	-0.0579773	2.37799
2016-01-18 00:00:00	-5.6045	-0.00380395	0.233744	0	0.00177446	-0.0174152	0.0453293	0	0	0	0	0	0	0	1.65846	-0.356233	0.0956696	0	0	3.63207	0	0	0	0.17093	-0.0556912	-0.199674
2016-01-19 00:00:00	-7.10543	-0.00737684	0.244386	0	0.000854479	-0.0234735	0.0583422	0	0	0	0	0	0	0	2.50761	-0.362195	0.0964717	0	0	3.72565	0	0	0	0.172242	-0.0555202	-0.748438
2016-01-20 00:00:00	-5.8784	-0.0145851	0.264749	0	0.000189334	-0.0233153	0.0502123	0	0	0	0	0	0	0	2.06384	-0.368995	0.0966871	0	0	3.79035	0	0	0	0.17425	-0.056801	0.0981769
2016-01-21 00:00:00	-0.827022	-0.00354035	0.338855	0	-0.00238192	-0.00513253	0.0116315	0	0	0	0	0	0	0	-0.903136	-0.372804	0.0969137	0	0	3.54961	0	0	0	0.175017	-0.0556589	2.00235
2016-01-22 00:00:00	-3.18649	-0.00434993	0.437396	0	0.000437513	-0.00971132	0.0254042	0	0	0	0	0	0	0	0.388356	-0.375016	0.0972138	0	0	3.23197	0	0	0	0.175355	-0.0526652	0.7279
2016-01-23 00:00:00	-0.6	-0.0112082	0.438188	0	-0.00122692	-0.00174124	0.00561075	0	0	0	0	0	0	0	-0.926923	-0.375025	0.0971624	0	0	2.92208	0	0	0	0.175629	-0.0503545	1.67219
2016-01-24 00:00:00	-2.57748	-0.00666973	0.505098	0	0.00114856	-0.00709229	0.0199463	0	0	0	0	0	0	0	0.417114	-0.37482	0.0971239	0	0	2.70686	0	0	0	0.175738	-0.0472736	0.909687
2016-01-25 00:00:00	-2.01351	-0.00219734	0.467614	0	-0.000294272	-0.00581799	0.0165323	0	0	0	0	0	0	0	-0.247056	-0.37596	0.0973273	0	0	2.55182	0	0	0	0.175884	-0.046077	0.618264
2016-01-26 00:00:00	-11.973	-0.0100884	0.474447	0	0.00435231	-0.0403705	0.092491	0	0	0	0	0	0	0	5.193	-0.378681	0.0975932	0	0	2.87584	0	0	0	0.176628	-0.0476811	-3.53545
2016-01-27 00:00:00	-17.4	-0.00205018	0.406713	0	0.00122218	-0.0674783	0.140828	0	0	0	0	0	0	0	7.89651	-0.387682	0.0989965	0	0	4.11782	0	0	0	0.179507	-0.0548226	-5.07044
2016-01-28 00:00:00	-4.98199	-0.00949313	0.434735	0	-0.00377787	-0.0251596	0.0461171	0	0	0	0	0	0	0	1.16431	-0.391049	0.100035	0	0	4.49034	0	0	0	0.18009	-0.0629473	0.941213
2016-01-29 00:00:00	-10.0495	-0.00100812	0.450642	0	0.000924556	-0.0398723	0.0828573	0	0	0	0	0	0	0	3.26261	-0.393883	0.100726	0	0	4.61428	0	0	0	0.180576	-0.0631146	-1.8548
2016-01-30 00:00:00	-1.01351	-0.00517	0.352364	0	-0.0030269	-0.00682194	0.0128141	0	0	0	0	0	0	0	-0.912444	-0.395532	0.101046	0	0	4.35277	0	0	0	0.181238	-0.0631707	2.60056
2016-01-31 00:00:00	-13.5775	-0.0131124	0.393904	0	0.0063279	-0.0484473	0.106103	0	0	0	0	0	0	0	5.75935	-0.3982	0.101761	0	0	4.65534	0	0	0	0.181462	-0.0618865	-2.89488
2016-02-01 00:00:00	-11.7171	0.000718122	0.505201	0	-0.00256557	-0.0478473	0.0970886	0	0	0	0	0	0	0	4.10644	-0.403743	0.102625	0	0	5.40767	0	0	0	0.182821	-0.0669336	-1.83561
2016-02-02 00:00:00	-3.13511	-0.0121882	0.456443	0	0.00114979	-0.015802	0.028466	0	0	0	0	0	0	0	0.114932	-0.405381	0.104067	0	0	5.20856	0	0	0	0.184742	-0.0698634	2.46001
2016-02-03 00:00:00	-0.609007	-0.00446778	0.451755	0	-0.00280883	-0.0036485	0.00782979	0	0	0	0	0	0	0	-1.01466	-0.404719	0.104121	0	0	4.5676	0	0	0	0.185086	-0.0649093	3.21217
2016-02-04 00:00:00	-3.38199	-0.00505669	0.52213	0	-0.00103065	-0.0107137	0.0264848	0	0	0	0	0	0	0	0.173737	-0.404995	0.104166	0	0	4.12012	0	0	0	0.185145	-0.0602421	1.26776
2016-02-05 00:00:00	-5.45404	-0.0199829	0.547964	0	0.00192921	-0.0183905	0.0415469	0	0	0	0	0	0	0	1.50635	-0.408724	0.104282	0	0	3.97739	0	0	0	0.185063	-0.0591823	0.404194
2016-02-06 00:00:00	-1.19099	0.00648152	0.505388	0	-0.00309015	-0.00572465	0.0124859	0	0	0	0	0	0	0	-0.932447	-0.409188	0.104681	0	0	3.67988	0	0	0	0.185171	-0.0571052	1.89554
2016-02-07 00:00:00	-2.63603	0.00387529	0.478051	0	0.000749273	-0.00840521	0.0215196	0	0	0	0	0	0	0	-0.0357701	-0.409076	0.104994	0	0	3.35815	0	0	0	0.185001	-0.05357	1.00949
2016-02-08 00:00:00	-1.42252	-0.0168898	0.524942	0	-0.000642972	-0.0042354	0.0107775	0	0	0	0	0	0	0	-0.433743	-0.408815	0.10535	0	0	3.05922	0	0	0	0.18467	-0.0518214	1.54629
2016-02-09 00:00:00	-5.08557	0.000294926	0.514521	0	0.00153248	-0.0165866	0.0393053	0	0	0	0	0	0	0	1.22473	-0.409406	0.105527	0	0	3.00295	0	0	0	0.184432	-0.0497825	-0.488055
2016-02-10 00:00:00	-0.195496	-0.268105	0.474499	0	-0.00228719	-0.00261444	0.00634879	0	0	0	0	0	0	0	-1.05015	-0.409973	0.105429	0	0	2.80098	0	0	0	0.184039	-0.0499594	1.59271
2016-02-11 00:00:00	-0.195496	-0.244061	0.475199	0	-0.00139496	-0.000972151	0.00447123	0	0	0	0	0	0	0	-0.864984	-0.409565	0.105182	0	0	2.48195	0	0	0	0.183657	-0.0462517	1.48773
2016-02-12 00:00:00	-0.195496	-0.209828	0.437146	0	-0.00121316	-0.000761241	0.00370214	0	0	0	0	0	0	0	-0.694065	-0.409634	0.104978	0	0	2.20209	0	0	0	0.183122	-0.0433939	1.37664
2016-02-13 00:00:00	-7.08557	0.703228	0.454486	0	0.00509226	-0.0185168	0.0473698	0	0	0	0	0	0	0	2.19068	-0.410948	0.105025	0	0	2.26289	0	0	0	0.18255	-0.0425225	-1.60623
2016-02-14 00:00:00	-1.01351	-0.0109276	0.480414	0	-0.00193205	-0.0042957	0.00940701	0	0	0	0	0	0	0	-0.917777	-0.412669	0.104947	0	0	2.34239	0	0	0	0.182234	-0.0439625	0.714316
2016-02-15 00:00:00	-0.102252	-0.311385	0.438388	0	-0.000555681	-0.000761784	0.00403487	0	0	0	0	0	0	0	-0.894349	-0.412843	0.104438	0	0	2.05188	0	0	0	0.181688	-0.0423946	1.01588
2016-02-16 00:00:00	-19.2352	0.289467	0.569447	0	0.00971808	-0.0666587	0.147516	0	0	0	0	0	0	0	8.52654	-0.416388	0.10506	0	0	2.93023	0	0	0	0.181364	-0.0455259	-7.00444
2016-02-17 00:00:00	-10.5775	0.00319234	0.507394	0	-0.00501287	-0.0479377	0.0914801	0	0	0	0	0	0	0	3.16131	-0.421675	0.10604	0	0	4.08544	0	0	0	0.181472	-0.0579209	-2.9737
2016-02-18 00:00:00	-0.395496	-0.127672	0.505227	0	-0.00473591	-0.0075612	0.00990919	0	0	0	0	0	0	0	-1.1622	-0.424412	0.106348	0	0	3.9647	0	0	0	0.181323	-0.0602134	2.58522
2016-02-19 00:00:00	-2.03153	0.114593	0.642955	0	0.00114364	-0.00579924	0.0140731	0	0	0	0	0	0	0	-0.560709	-0.424834	0.106452	0	0	3.53326	0	0	0	0.181094	-0.0556079	1.51509
2016-02-20 00:00:00	-3.67656	-0.00511294	0.647591	0	0.000755683	-0.011781	0.0273835	0	0	0	0	0	0	0	0.567021	-0.42504	0.10667	0	0	3.32934	0	0	0	0.180704	-0.0531316	0.687834
2016-02-21 00:00:00	-3.65855	-0.00265523	0.689151	0	-9.00412E-05	-0.0122256	0.0276339	0	0	0	0	0	0	0	0.29975	-0.425614	0.10679	0	0	3.21548	0	0	0	0.180448	-0.0521665	0.36795
2016-02-22 00:00:00	-0.2	-0.39416	0.628248	0	7.07822E-05	-0.00136639	0.00335077	0	0	0	0	0	0	0	-0.985139	-0.425109	0.106523	0	0	2.77963	0	0	0	0.180204	-0.0512598	1.64099
2016-02-23 00:00:00	0	-0.457132	0.520807	0	-0.00506028	-0.00180401	0.00645684	0	0	0	0	0	0	0	-0.789456	-0.424828	0.106447	0	0	2.60944	0	0	0	0.179588	-0.0467093	1.69775
2016-02-24 00:00:00	-0.195496	-0.26662	0.523441	0	-0.00350775	-0.000937201	0.00431831	0	0	0	0	0	0	0	-0.636523	-0.425233	0.106219	0	0	2.29035	0	0	0	0.178995	-0.0438674	1.53114
2016-02-25 00:00:00	0	-0.224157	0.537575	0	-0.00586159	-0.000783694	0.00347777	0	0	0	0	0	0	0	-0.871244	-0.424704	0.10605	0	0	2.07342	0	0	0	0.178401	-0.0407142	1.33146
2016-02-26 00:00:00	0	-0.228916	0.548572	0	-0.00603919	-0.000654293	0.00266952	0	0	0	0	0	0	0	-0.999285	-0.424005	0.105841	0	0	1.84273	0	0	0	0.177814	-0.0384266	0.980298
2016-02-27 00:00:00	0	-0.180559	0.51635	0	-0.00603489	-0.000730969	0.003087	0	0	0	0	0	0	0	-0.759229	-0.423045	0.10564	0	0	1.65395	0	0	0	0.177134	-0.0363849	1.05018
2016-02-28 00:00:00	-0.2	-0.00288517	0.594488	0	-0.00591944	-0.000756031	0.00362107	0	0	0	0	0	0	0	-0.806181	-0.422299	0.105491	0	0	1.51263	0	0	0	0.176353	-0.0342756	0.920267
2016-02-29 00:00:00	-5.15046	1.71747	0.69021	0	0.0326489	-0.00118695	0.0104753	0	0	0	0	0	0	0	1.02963	-0.421799	0.105409	0	0	1.4637	0	0	0	0.175783	-0.0329289	-0.381039
2016-03-01 00:00:00	-9.90358	0.00216843	0.854395	0	0.00189336	-0.0299875	0.0727432	0	0	0	0	0	0	0	3.60188	-0.422896	0.105679	0	0	1.90385	0	0	0	0.175326	-0.0370678	-3.6756
2016-03-02 00:00:00	-1.0045	-0.0108441	0.754809	0	-0.00366264	-0.004932	0.00849177	0	0	0	0	0	0	0	-0.95379	-0.423158	0.105894	0	0	2.14495	0	0	0	0.174822	-0.0411958	0.746883
2016-03-03 00:00:00	-0.790993	-0.0120649	0.728532	0	-0.000227474	-0.00154262	0.00501783	0	0	0	0	0	0	0	-0.721059	-0.422727	0.105817	0	0	1.96681	0	0	0	0.174162	-0.0396572	0.992064
2016-03-04 00:00:00	-7.63153	0.00809103	0.756105	0	0.00359706	-0.0242216	0.0560408	0	0	0	0	0	0	0	2.64141	-0.423154	0.105958	0	0	2.14606	0	0	0	0.173664	-0.0398625	-2.22783
2016-03-05 00:00:00	-1.39099	0.00788386	0.806538	0	-0.00319943	-0.00585318	0.0117124	0	0	0	0	0	0	0	-0.81898	-0.423322	0.10619	0	0	2.25138	0	0	0	0.173184	-0.0423677	0.672172
2016-03-06 00:00:00	-0.390993	-0.271736	0.673421	0	-0.00101578	-0.0012719	0.00438172	0	0	0	0	0	0	0	-0.68198	-0.422341	0.106335	0	0	2.0099	0	0	0	0.172654	-0.0418175	1.15554
2016-03-07 00:00:00	-2.0045	0.250966	0.968737	0	0.00135635	-0.00240863	0.00825508	0	0	0	0	0	0	0	-0.310332	-0.421967	0.106238	0	0	1.9179	0	0	0	0.172069	-0.0388072	0.647509
2016-03-08 00:00:00	-4.17748	0.00494731	0.820309	0	0.000976657	-0.0121319	0.0301271	0	0	0	0	0	0	0	1.03898	-0.421865	0.106207	0	0	1.9539	0	0	0	0.1715	-0.0386189	-0.523146
2016-03-09 00:00:00	-3.18649	-0.011537	0.82747	0	-0.000180379	-0.0100801	0.0228096	0	0	0	0	0	0	0	0.345763	-0.42186	0.106215	0	0	2.04036	0	0	0	0.171015	-0.0397385	-0.156255
2016-03-10 00:00:00	-0.395496	-0.391924	0.833861	0	-0.0027061	-0.00188887	0.00567201	0	0	0	0	0	0	0	-0.992041	-0.421301	0.106086	0	0	1.95144	0	0	0	0.170538	-0.039337	0.822903
2016-03-11 00:00:00	-1.8	0.38542	0.887363	0	0.0018866	-0.00124192	0.00550542	0	0	0	0	0	0	0	-0.555012	-0.420484	0.105848	0	0	1.78339	0	0	0	0.169994	-0.0385055	0.52416
2016-03-12 00:00:00	-0.395496	-0.618702	1.09037	0	-0.00298706	-0.00112101	0.00527033	0	0	0	0	0	0	0	-0.44056	-0.419987	0.105805	0	0	1.69816	0	0	0	0.169292	-0.0363378	1.1537
2016-03-13 00:00:00	-0.00450358	-0.610576	0.969235	0	-0.00824163	-0.000624236	0.00238528	0	0	0	0	0	0	0	-0.960853	-0.419123	0.105666	0	0	1.57519	0	0	0	0.168741	-0.0349202	0.782373
2016-03-14 00:00:00	0	-0.449741	1.2369	0	-0.0150141	-0.000600042	0.0017074	0	0	0	0	0	0	0	-1.17653	-0.417914	0.105395	0	0	1.41119	0	0	0	0.168257	-0.0340759	0.829577
2016-03-15 00:00:00	0	-0.00554882	0.809001	0	-0.0123608	-0.000754715	0.0025276	0	0	0	0	0	0	0	-0.677114	-0.417186	0.105231	0	0	1.30047	0	0	0	0.167576	-0.0307473	1.24109
2016-03-16 00:00:00	0	-0.00326944	0.919403	0	-0.0113791	-0.000385258	0.00248997	0	0	0	0	0	0	0	-1.0918	-0.41605	0.105015	0	0	1.18221	0	0	0	0.167082	-0.0288114	0.824508
2016-03-17 00:00:00	-0.195496	0	0.899828	0	-0.00646454	-5.983E-06	0.00238179	0	0	0	0	0	0	0	-0.771312	-0.415099	0.104805	0	0	1.08798	0	0	0	0.166454	-0.0272764	0.845796
2016-03-18 00:00:00	-0.195496	0	0.970027	0	-0.00308359	0	0.000830468	0	0	0	0	0	0	0	-0.709215	-0.413986	0.10457	0	0	1.00047	0	0	0	0.165928	-0.026293	0.893753
2016-03-19 00:00:00	0	0	0.966374	0	-0.00312431	0	0.00023747	0	0	0	0	0	0	0	-0.723574	-0.41263	0.104291	0	0	0.9012	0	0	0	0.165013	-0.0254945	0.972292
2016-03-20 00:00:00	0	0	1.08265	0	0.000354013	0	0.00390651	0	0	0	0	0	0	0	-1.4286	-0.412106	0.104127	0	0	0.863877	0	0	0	0.164253	-0.0235856	0.354879
2016-03-21 00:00:00	0	0	1.08905	0	-0.000202373	0	0.000612513	0	0	0	0	0	0	0	-0.921702	-0.410901	0.103861	0	0	0.812736	0	0	0	0.163623	-0.0223285	0.814747
2016-03-22 00:00:00	0	0	1.11732	0	-0.000399175	0	0.000168423	0	0	0	0	0	0	0	-0.852186	-0.409566	0.103555	0	0	0.746711	0	0	0	0.16312	-0.0215576	0.847166
2016-03-23 00:00:00	-0.395496	0	1.13778	0	0.000616846	0	0.00439785	0	0	0	0	0	0	0	-0.938994	-0.408888	0.103441	0	0	0.733394	0	0	0	0.161934	-0.0205167	0.377674
2016-03-24 00:00:00	-3.01351	1.15073	1.2872	0	0.000401274	0	0.00448406	0	0	0	0	0	0	0	0.0397637	-0.408144	0.103323	0	0	0.761018	0	0	0	0.160927	-0.0205783	0.0656113
2016-03-25 00:00:00	0	-1.03327	1.25177	0	-0.000471085	0	0.0021933	0	0	0	0	0	0	0	-0.409885	-0.407293	0.103168	0	0	0.812886	0	0	0	0.160195	-0.0214535	0.457838
2016-03-26 00:00:00	-4.78199	1.51878	1.4228	0	0.000157623	0	0.00669311	0	0	0	0	0	0	0	0.819672	-0.40662	0.103048	0	0	0.87173	0	0	0	0.159372	-0.022323	-0.308678
2016-03-27 00:00:00	-8.3306	0.0125093	1.27132	0	0.0460481	-0.00154863	0.012877	0	0	0	0	0	0	0	3.17606	-0.407189	0.103206	0	0	1.16003	0	0	0	0.15874	-0.0267208	-2.82528
2016-03-28 00:00:00	-0.4	-0.674082	1.15756	0	-0.00287936	-0.00159483	0.0050854	0	0	0	0	0	0	0	-0.913208	-0.407135	0.103276	0	0	1.35611	0	0	0	0.158144	-0.0304458	0.350832
2016-03-29 00:00:00	-3.35046	0.651498	1.17682	0	0.0148229	-0.0012563	0.00633526	0	0	0	0	0	0	0	0.530288	-0.406516	0.103158	0	0	1.34575	0	0	0	0.15751	-0.0301676	0.197777
2016-03-30 00:00:00	-0.195496	-0.905578	1.2244	0	-0.00380203	-0.00054972	0.00327885	0	0	0	0	0	0	0	-0.766142	-0.405481	0.102946	0	0	1.31864	0	0	0	0.157053	-0.0306791	0.498586
2016-03-31 00:00:00	-1.05855	-0.0715084	1.17418	0	-0.00397379	-0.00109136	0.00444171	0	0	0	0	0	0	0	-0.311017	-0.405131	0.102877	0	0	1.28945	0	0	0	0.156273	-0.0297464	0.846205
2016-04-01 00:00:00	-0.6	-0.302101	1.253	0	-0.00771784	-0.000521126	0.00190065	0	0	0	0	0	0	0	-0.5991	-0.404366	0.102724	0	0	1.23398	0	0	0	0.155526	-0.0290111	0.804317
2016-04-02 00:00:00	-2.1955	0.631084	1.52727	0	0.00100964	-0.000570828	0.00391391	0	0	0	0	0	0	0	-0.26218	-0.403626	0.102565	0	0	1.19018	0	0	0	0.154705	-0.0282632	0.720596
2016-04-03 00:00:00	-0.6	-0.75765	1.45753	0	-0.00473126	-0.000486958	0.00298605	0	0	0	0	0	0	0	-0.31469	-0.402863	0.102385	0	0	1.15684	0	0	0	0.153999	-0.0278664	0.76546
2016-04-04 00:00:00	-8.55947	1.42802	1.55981	0	0.0256838	-0.0105107	0.0335942	0	0	0	0	0	0	0	2.47644	-0.403025	0.102403	0	0	1.28991	0	0	0	0.153424	-0.0287261	-1.93245
2016-04-05 00:00:00	-4.8	0.015595	1.54674	0	-0.00153563	-0.011194	0.0294658	0	0	0	0	0	0	0	0.986533	-0.403388	0.10253	0	0	1.55697	0	0	0	0.152995	-0.0330479	-0.858335
2016-04-06 00:00:00	-2.84053	-0.0177387	1.40794	0	-0.000522573	-0.00499285	0.0138799	0	0	0	0	0	0	0	0.0909652	-0.403183	0.102524	0	0	1.62199	0	0	0	0.152433	-0.0349908	0.0877792
2016-04-07 00:00:00	-7.0045	0.0185828	1.47414	0	0.00128982	-0.0174193	0.0452982	0	0	0	0	0	0	0	2.0898	-0.403559	0.102635	0	0	1.77881	0	0	0	0.151601	-0.0358931	-1.79921
2016-04-08 00:00:00	-0.990993	-0.465232	1.48371	0	-0.00425399	-0.00217922	0.00541841	0	0	0	0	0	0	0	-0.755314	-0.40335	0.10263	0	0	1.82364	0	0	0	0.151218	-0.0377976	0.907495
2016-04-09 00:00:00	-3.4045	0.461379	1.45894	0	0.00297076	-0.00355758	0.0126686	0	0	0	0	0	0	0	0.244694	-0.402913	0.102518	0	0	1.73958	0	0	0	0.150687	-0.0364634	0.326002
2016-04-10 00:00:00	-4.8	-0.0309569	1.40001	0	0.00113202	-0.0106537	0.0280449	0	0	0	0	0	0	0	1.2228	-0.402969	0.102538	0	0	1.81496	0	0	0	0.150295	-0.0369378	-0.561739
2016-04-11 00:00:00	0	-1.09953	1.45399	0	-0.0110478	-0.00161972	0.00439835	0	0	0	0	0	0	0	-1.03728	-0.402577	0.102463	0	0	1.77531	0	0	0	0.149878	-0.0371002	0.896889
2016-04-12 00:00:00	-4.2	1.1053	1.50007	0	0.0105128	-0.00254945	0.010798	0	0	0	0	0	0	0	0.376077	-0.402157	0.102351	0	0	1.67963	0	0	0	0.149186	-0.0359678	0.293255
2016-04-13 00:00:00	-2.63153	0.016542	1.29531	0	-0.000770443	-0.00447982	0.0137986	0	0	0	0	0	0	0	0.0355193	-0.401978	0.102318	0	0	1.6908	0	0	0	0.148743	-0.0358058	0.228474
2016-04-14 00:00:00	-0.8	-0.736382	1.62856	0	-0.00384013	-0.000859569	0.00399562	0	0	0	0	0	0	0	-0.644749	-0.4014	0.102193	0	0	1.61025	0	0	0	0.148301	-0.0354588	0.870606
2016-04-15 00:00:00	-2.83603	0.74091	1.42339	0	0.00355914	-0.000764383	0.00561676	0	0	0	0	0	0	0	0.0846031	-0.400847	0.102066	0	0	1.52472	0	0	0	0.147656	-0.0345597	0.760316
2016-04-16 00:00:00	-0.804504	-0.491248	1.36088	0	-0.002514	-0.000590008	0.00390061	0	0	0	0	0	0	0	-0.541946	-0.400449	0.101975	0	0	1.47637	0	0	0	0.147133	-0.033501	0.81551
2016-04-17 00:00:00	-0.195496	-0.82054	1.51021	0	-0.0122335	-0.000564654	0.00149227	0	0	0	0	0	0	0	-0.759378	-0.399711	0.10182	0	0	1.38371	0	0	0	0.146646	-0.0320903	0.923865
2016-04-18 00:00:00	-0.604504	-0.338465	1.65496	0	-0.0132548	-0.000453272	0.00110686	0	0	0	0	0	0	0	-0.76954	-0.399	0.10166	0	0	1.28003	0	0	0	0.146226	-0.0300826	1.02869
2016-04-19 00:00:00	0	-0.00661279	1.68027	0	-0.0241824	-0.000155464	0	0	0	0	0	0	0	0	-0.951528	-0.3978	0.101415	0	0	1.12235	0	0	0	0.145601	-0.029056	1.6403
2016-04-20 00:00:00	0	0	2.81084	0	-0.0143116	0	0	0	0	0	0	0	0	0	-2.33074	-0.39708	0.101116	0	0	0.958429	0	0	0	0.145022	-0.0271069	1.24617
2016-04-21 00:00:00	0	0	1.98294	0	0.00250341	0	0.000389258	0	0	0	0	0	0	0	-1.68521	-0.396522	0.101059	0	0	0.871467	0	0	0	0.143887	-0.0237513	0.99677
2016-04-22 00:00:00	0	0	1.37871	0	0.000197764	0	0.000881257	0	0	0	0	0	0	0	-1.14015	-0.395245	0.100812	0	0	0.786306	0	0	0	0.143588	-0.0217105	0.853388
2016-04-23 00:00:00	-0.00450358	0	1.37959	0	-2.89037E-05	0	0.000899346	0	0	0	0	0	0	0	-1.12007	-0.394245	0.100695	0	0	0.74665	0	0	0	0.142288	-0.0205305	0.830742
2016-04-24 00:00:00	-1.59099	0	1.70602	0	0.000961799	0	0.0018898	0	0	0	0	0	0	0	-0.17678	-0.393656	0.10057	0	0	0.743508	0	0	0	0.14158	-0.0200653	0.513038
2016-04-25 00:00:00	-0.2	0	1.48097	0	-0.000384093	0	0.000564713	0	0	0	0	0	0	0	-1.24487	-0.393004	0.100429	0	0	0.738767	0	0	0	0.14082	-0.0201803	0.60312
2016-04-26 00:00:00	-2.41801	0.768719	1.58326	0	0.00128602	0	0.00305418	0	0	0	0	0	0	0	-0.288288	-0.392168	0.10025	0	0	0.747907	0	0	0	0.140371	-0.0199509	0.226423
2016-04-27 00:00:00	-2.16847	0.245164	1.58182	0	-8.88919E-05	0	0.00329664	0	0	0	0	0	0	0	-0.197445	-0.391786	0.100162	0	0	0.784334	0	0	0	0.139523	-0.0205804	0.0759281
2016-04-28 00:00:00	-1.78649	0.0861091	1.49187	0	0.000132594	0	0.00328745	0	0	0	0	0	0	0	-0.201693	-0.39107	0.100018	0	0	0.83318	0	0	0	0.139049	-0.0212876	0.253106
2016-04-29 00:00:00	-0.454862	-1.0543	1.49522	0	-7.08395E-05	0	0.00244131	0	0	0	0	0	0	0	-0.259713	-0.390715	0.0999822	0	0	0.858082	0	0	0	0.138317	-0.0220407	0.412335
2016-04-30 00:00:00	-15.8442	1.59955	1.82166	0	0.0630231	-0.000866534	0.0223542	0	0	0	0	0	0	0	6.12183	-0.391727	0.100219	0	0	1.20876	0	0	0	0.138163	-0.0258567	-5.18711
2016-05-01 00:00:00	-27.7695	-0.0133136	2.18259	0	0.00788801	-0.0840231	0.202962	0	0	0	0	0	0	0	11.4356	-0.395795	0.101066	0	0	2.54113	0	0	0	0.138828	-0.0407277	-11.6933
2016-05-02 00:00:00	-5.23153	0.0619669	2.20654	0	-0.00775103	-0.0206393	0.035472	0	0	0	0	0	0	0	-0.0373597	-0.397646	0.101462	0	0	3.2735	0	0	0	0.139534	-0.0516573	0.0718886
2016-05-03 00:00:00	-3.47656	0.0018336	2.0038	0	-0.000802818	-0.00730657	0.0154021	0	0	0	0	0	0	0	-0.297933	-0.397441	0.101468	0	0	3.05278	0	0	0	0.139457	-0.0505012	1.08419
2016-05-04 00:00:00	0	-1.42983	2.13804	0	-0.0169402	-0.00132193	0.00208542	0	0	0	0	0	0	0	-1.14833	-0.396877	0.101352	0	0	2.72161	0	0	0	0.139245	-0.0482769	2.06076
2016-05-05 00:00:00	0	-0.264525	1.97916	0	-0.0272636	-0.000648508	0.000492645	0	0	0	0	0	0	0	-1.90368	-0.395965	0.10114	0	0	2.28609	0	0	0	0.139187	-0.0448493	1.86914
2016-05-06 00:00:00	0	-0.00136222	1.97455	0	-0.0155409	-9.41427E-05	0.000136277	0	0	0	0	0	0	0	-1.50795	-0.395346	0.101007	0	0	1.99739	0	0	0	0.138889	-0.0404221	2.25126
2016-05-07 00:00:00	-0.4	0	1.86731	0	-0.00191813	0	0.000191945	0	0	0	0	0	0	0	-1.30469	-0.394032	0.10073	0	0	1.63613	0	0	0	0.13876	-0.0379237	1.60455
2016-05-08 00:00:00	-0.195496	0	2.19865	0	-0.00224937	0	0.00079398	0	0	0	0	0	0	0	-1.55231	-0.393638	0.100642	0	0	1.49096	0	0	0	0.138374	-0.0340362	1.75169
2016-05-09 00:00:00	-0.2	0	2.12701	0	-0.00309628	0	0	0	0	0	0	0	0	0	-0.946868	-0.392344	0.100364	0	0	1.23244	0	0	0	0.13807	-0.0314176	2.02415
2016-05-10 00:00:00	-0.00450358	0	2.54997	0	-0.00186908	0	0	0	0	0	0	0	0	0	-2.2067	-0.391867	0.100199	0	0	1.06323	0	0	0	0.13815	-0.0285345	1.21807
2016-05-11 00:00:00	0	0	2.10533	0	-0.000636831	0	0	0	0	0	0	0	0	0	-1.48246	-0.390855	0.100001	0	0	0.931111	0	0	0	0.137513	-0.026155	1.37385
2016-05-12 00:00:00	0	0	2.10281	0	-0.000538941	0	0	0	0	0	0	0	0	0	-1.3138	-0.39012	0.099797	0	0	0.826229	0	0	0	0.137206	-0.0238992	1.43769
2016-05-13 00:00:00	0	0	1.79129	0	0.00306504	0	0	0	0	0	0	0	0	0	-1.2788	-0.389424	0.0996731	0	0	0.771661	0	0	0	0.136096	-0.0209789	1.11258
2016-05-14 00:00:00	0	0	3.92096	0	-0.00337553	0	0	0	0	0	0	0	0	0	-2.83882	-0.388073	0.0993638	0	0	0.630896	0	0	0	0.135821	-0.0197637	1.53701
2016-05-15 00:00:00	0	0	2.45861	0	-0.00221627	0	0	0	0	0	0	0	0	0	-1.19019	-0.386496	0.0990941	0	0	0.513918	0	0	0	0.135106	-0.0177729	1.61004
2016-05-16 00:00:00	0	0	2.72908	0	-4.78273E-05	0	0	0	0	0	0	0	0	0	-2.40707	-0.385533	0.0985606	0	0	0.423966	0	0	0	0.135343	-0.0160829	0.578213
2016-05-17 00:00:00	-1.21351	0	2.80136	0	5.40354E-06	0	0	0	0	0	0	0	0	0	-1.24113	-0.384961	0.0984135	0	0	0.403298	0	0	0	0.134142	-0.0142312	0.583386
2016-05-18 00:00:00	-16.5144	1.73868	2.67328	0	0.0104552	0	0.0107824	0	0	0	0	0	0	0	6.5413	-0.38643	0.0987447	0	0	0.738018	0	0	0	0.133778	-0.0160821	-4.97191
2016-05-19 00:00:00	-3.41801	-0.00485262	2.59624	0	0.000350663	0	0.00466458	0	0	0	0	0	0	0	-0.14828	-0.38648	0.0988181	0	0	1.04227	0	0	0	0.133677	-0.0252927	-0.106898
2016-05-20 00:00:00	-0.790993	-1.34425	2.65407	0	-0.000205041	0	0.00182062	0	0	0	0	0	0	0	-0.750183	-0.385851	0.0986928	0	0	1.05544	0	0	0	0.133162	-0.0260064	0.6457
2016-05-21 00:00:00	-5.19099	1.36459	2.77739	0	0.00130375	0	0.00424886	0	0	0	0	0	0	0	0.256077	-0.385204	0.0985397	0	0	1.04346	0	0	0	0.132841	-0.0257705	0.0764852
2016-05-22 00:00:00	-3.95046	-0.0190864	2.59008	0	0.00408638	0	0.00454938	0	0	0	0	0	0	0	0.329553	-0.384972	0.0984912	0	0	1.10256	0	0	0	0.132459	-0.026343	-0.119087
2016-05-23 00:00:00	0	-1.66842	2.63202	0	-0.00116207	0	0.000776272	0	0	0	0	0	0	0	-1.13743	-0.384372	0.0983583	0	0	1.0967	0	0	0	0.132082	-0.026768	0.74179
2016-05-24 00:00:00	0	-0.0666367	2.15859	0	-0.00935267	0	0	0	0	0	0	0	0	0	-1.27343	-0.383186	0.0980695	0	0	0.949816	0	0	0	0.131753	-0.0263011	1.57932
2016-05-25 00:00:00	0	0	2.18771	0	-0.00129208	0	0	0	0	0	0	0	0	0	-2.04042	-0.382467	0.0978966	0	0	0.838636	0	0	0	0.130936	-0.0245081	0.806491
2016-05-26 00:00:00	-2.7955	1.19782	1.31504	0	0.00515713	0	0.00121362	0	0	0	0	0	0	0	-0.183482	-0.381985	0.0977853	0	0	0.833039	0	0	0	0.130285	-0.0217959	0.197586
2016-05-27 00:00:00	-0.2	-1.19782	2.41298	0	0.000508078	0	0.00112145	0	0	0	0	0	0	0	-1.06731	-0.381312	0.0976486	0	0	0.836061	0	0	0	0.129619	-0.0219313	0.609564
2016-05-28 00:00:00	0	0	2.29282	0	-0.00522121	0	0	0	0	0	0	0	0	0	-1.254	-0.379927	0.0973398	0	0	0.735023	0	0	0	0.129417	-0.0214998	1.59395
2016-05-29 00:00:00	-0.195496	0	2.50828	0	-0.00181275	0	0	0	0	0	0	0	0	0	-2.30752	-0.379247	0.0970743	0	0	0.648934	0	0	0	0.129515	-0.0199798	0.479747
2016-05-30 00:00:00	-0.00450358	0	2.18674	0	-0.00137036	0	0	0	0	0	0	0	0	0	-1.77751	-0.378361	0.0967444	0	0	0.585002	0	0	0	0.128755	-0.0185948	0.816907
2016-05-31 00:00:00	-0.195496	0	2.7918	0	-0.0011915	0	0	0	0	0	0	0	0	0	-1.99165	-0.377487	0.0965286	0	0	0.519211	0	0	0	0.128392	-0.0175891	0.95251
2016-06-01 00:00:00	0	0	2.27824	0	-0.000244641	0	0	0	0	0	0	0	0	0	-1.77671	-0.376278	0.0962896	0	0	0.472051	0	0	0	0.12805	-0.0161438	0.805255
2016-06-02 00:00:00	0	0	2.83138	0	-6.83733E-05	0	0	0	0	0	0	0	0	0	-2.32759	-0.375337	0.0960871	0	0	0.404349	0	0	0	0.127688	-0.0150501	0.741459
2016-06-03 00:00:00	0	0	3.4678	0	-0.000100674	0	0	0	0	0	0	0	0	0	-2.75637	-0.374414	0.0955026	0	0	0.329891	0	0	0	0.126981	-0.013852	0.875438
2016-06-04 00:00:00	-0.2	0	2.37762	0	-8.99683E-06	0	0	0	0	0	0	0	0	0	-1.71531	-0.373494	0.095374	0	0	0.303331	0	0	0	0.126787	-0.0122999	0.601994
2016-06-05 00:00:00	0	0	2.86953	0	0	0	0	0	0	0	0	0	0	0	-2.28141	-0.371928	0.0952482	0	0	0.264499	0	0	0	0.12635	-0.0118719	0.690417
2016-06-06 00:00:00	-0.781986	0	4.09043	0	0	0	0	0	0	0	0	0	0	0	-2.58467	-0.371202	0.0950759	0	0	0.220333	0	0	0	0.125753	-0.0112695	0.782465
2016-06-07 00:00:00	-1.17748	0	4.38046	0	0	0	0	0	0	0	0	0	0	0	-2.70154	-0.370092	0.0948579	0	0	0.178444	0	0	0	0.12505	-0.0105637	0.519131
2016-06-08 00:00:00	0	0	2.31227	0	0	0	0	0	0	0	0	0	0	0	-1.89635	-0.369022	0.0946499	0	0	0.173232	0	0	0	0.124384	-0.00990264	0.429262
2016-06-09 00:00:00	-0.2	0	2.97675	0	0	0	0	0	0	0	0	0	0	0	-2.45864	-0.367694	0.094408	0	0	0.16042	0	0	0	0.123917	-0.00981682	0.319339
2016-06-10 00:00:00	-0.2	0	2.37236	0	0	0	0	0	0	0	0	0	0	0	-1.77556	-0.366921	0.0942236	0	0	0.163571	0	0	0	0.123131	-0.00959271	0.401212
2016-06-11 00:00:00	-3.54145	0.452924	3.06358	0	-6.22776E-10	0	0	0	0	0	0	0	0	0	-0.16293	-0.36594	0.0939473	0	0	0.208535	0	0	0	0.122631	-0.009638	-0.138348
2016-06-12 00:00:00	-6.6	1.37573	3.1674	0	0.000190495	0	0	0	0	0	0	0	0	0	1.02096	-0.365767	0.093918	0	0	0.281066	0	0	0	0.12177	-0.0105944	-0.915327
2016-06-13 00:00:00	-1.23153	-1.43912	3.07028	0	-0.000192569	0	0	0	0	0	0	0	0	0	-0.339179	-0.365198	0.093816	0	0	0.343025	0	0	0	0.121363	-0.012192	0.241078
2016-06-14 00:00:00	-3.02252	0.301328	2.68825	0	8.67881E-05	0	0	0	0	0	0	0	0	0	-0.413243	-0.363973	0.0936404	0	0	0.403334	0	0	0	0.121001	-0.012864	-0.204959
2016-06-15 00:00:00	-1.81801	-0.614854	2.86194	0	-5.6609E-05	0	0	0	0	0	0	0	0	0	-0.501466	-0.361987	0.0936022	0	0	0.424453	0	0	0	0.120303	-0.0140374	0.189886
2016-06-16 00:00:00	-1.84053	-0.0429264	2.48378	0	0.000637817	0	0	0	0	0	0	0	0	0	-0.904744	-0.36132	0.0935051	0	0	0.451518	0	0	0	0.119898	-0.0144915	-0.0146716
2016-06-17 00:00:00	-1.8	-0.02471	2.55202	0	-0.000185093	0	0	0	0	0	0	0	0	0	-0.621468	-0.360923	0.0933652	0	0	0.461737	0	0	0	0.119085	-0.014868	0.40405
2016-06-18 00:00:00	0	-0.00837936	2.31385	0	-0.000179064	0	0	0	0	0	0	0	0	0	-2.49598	-0.359576	0.0931428	0	0	0.438349	0	0	0	0.118801	-0.0149929	0.0850439
2016-06-19 00:00:00	-11.3189	1.91867	3.05484	0	0.00498941	0	0.001932	0	0	0	0	0	0	0	3.99302	-0.359833	0.0931912	0	0	0.569294	0	0	0	0.118258	-0.0150956	-1.93967
2016-06-20 00:00:00	-2.01801	-1.06904	3.19523	0	-0.000133179	0	0.0011578	0	0	0	0	0	0	0	-0.344614	-0.359549	0.0931456	0	0	0.67534	0	0	0	0.118267	-0.0187551	0.273033
2016-06-21 00:00:00	0	-0.849626	2.6883	0	-0.00132687	0	0	0	0	0	0	0	0	0	-2.00902	-0.358625	0.0929519	0	0	0.654504	0	0	0	0.11791	-0.0189793	0.316084
2016-06-22 00:00:00	-0.00450358	0	2.64015	0	-0.00300725	0	0	0	0	0	0	0	0	0	-1.76586	-0.357508	0.0926812	0	0	0.56525	0	0	0	0.117434	-0.0184552	1.26618
2016-06-23 00:00:00	0	0	2.667	0	-0.000655355	0	0	0	0	0	0	0	0	0	-2.47637	-0.356455	0.0923868	0	0	0.492332	0	0	0	0.116324	-0.0170055	0.517555
2016-06-24 00:00:00	-15.827	1.97271	3.0393	0	0.0070159	0	0.00751348	0	0	0	0	0	0	0	6.59238	-0.357961	0.0926993	0	0	0.739325	0	0	0	0.115923	-0.0167476	-3.63486
2016-06-25 00:00:00	-3.81801	-0.0129837	3.09465	0	0.00136855	0	0.00234184	0	0	0	0	0	0	0	0.0306648	-0.357782	0.0926876	0	0	0.899519	0	0	0	0.116296	-0.0225741	0.0261748
2016-06-26 00:00:00	-5.37298	-0.00247381	3.2264	0	0.00254127	0	0.00360402	0	0	0	0	0	0	0	0.961464	-0.357371	0.0925983	0	0	0.944476	0	0	0	0.115953	-0.02379	-0.409575
2016-06-27 00:00:00	0	-1.92946	2.95898	0	-0.00238077	0	0.00119905	0	0	0	0	0	0	0	-1.32518	-0.356762	0.0924625	0	0	0.948432	0	0	0	0.115659	-0.0245081	0.47844
2016-06-28 00:00:00	-2.78199	-0.00778349	2.91058	0	0.00117299	0	0.000634568	0	0	0	0	0	0	0	-0.545182	-0.355316	0.0922326	0	0	0.8887	0	0	0	0.11545	-0.0236502	0.294855
2016-06-29 00:00:00	-6.36397	1.97894	3.066	0	0.00366553	0	0.00341067	0	0	0	0	0	0	0	0.395496	-0.354121	0.0915208	0	0	0.894455	0	0	0	0.115042	-0.0228281	-0.192388
2016-06-30 00:00:00	-6	-0.0121366	3.01943	0	0.0170478	0	0.00537585	0	0	0	0	0	0	0	1.38811	-0.354237	0.091724	0	0	0.975422	0	0	0	0.114917	-0.0243363	-0.778679
2016-07-01 00:00:00	-7.63153	0.0224562	2.87812	0	0.0213498	-0.00757763	0.0168923	0	0	0	0	0	0	0	2.45978	-0.35441	0.0917923	0	0	1.11518	0	0	0	0.114878	-0.0262964	-1.29936
2016-07-02 00:00:00	-3.24954	0.00664322	2.9634	0	-0.00149275	-0.000360097	0.00389631	0	0	0	0	0	0	0	-0.340299	-0.354042	0.091766	0	0	1.17414	0	0	0	0.114773	-0.0276409	0.381249
2016-07-03 00:00:00	-0.618014	-1.79092	3.08919	0	-0.014629	0	0.00130499	0	0	0	0	0	0	0	-1.22836	-0.353326	0.0915681	0	0	1.1174	0	0	0	0.114463	-0.0270878	0.381584
2016-07-04 00:00:00	-13.3955	1.84519	3.15715	0	0.039308	-0.0179142	0.0427384	0	0	0	0	0	0	0	4.66818	-0.353611	0.0916552	0	0	1.22543	0	0	0	0.114457	-0.0276521	-2.61056
2016-07-05 00:00:00	-0.204504	-1.95896	3.00974	0	-0.0193748	-0.00045325	0.00299351	0	0	0	0	0	0	0	-1.23339	-0.353611	0.0916909	0	0	1.35772	0	0	0	0.114656	-0.0305626	0.775953
2016-07-06 00:00:00	-0.995496	-0.0930847	2.9419	0	-0.0294822	0	0	0	0	0	0	0	0	0	-1.93788	-0.352601	0.0914979	0	0	1.18034	0	0	0	0.114453	-0.0293972	0.89025
2016-07-07 00:00:00	-0.795496	-0.0178549	3.0792	0	-0.0208305	0	0	0	0	0	0	0	0	0	-1.32339	-0.351383	0.0912261	0	0	1.01308	0	0	0	0.113936	-0.0276725	1.76081
2016-07-08 00:00:00	-9.92794	2.03023	3.26602	0	0.0463502	0	0.00380971	0	0	0	0	0	0	0	1.93762	-0.351723	0.0912955	0	0	1.0872	0	0	0	0.114078	-0.0258737	-1.72894
2016-07-09 00:00:00	-2.21351	-1.00331	3.34448	0	-0.00391087	0	0.00234144	0	0	0	0	0	0	0	-0.623203	-0.351298	0.0912395	0	0	1.14961	0	0	0	0.113975	-0.0274751	0.478942
2016-07-10 00:00:00	-1	-1.02724	3.32765	0	-0.0261056	0	0.000204912	0	0	0	0	0	0	0	-1.06958	-0.350088	0.0910583	0	0	1.04516	0	0	0	0.113685	-0.0271778	1.07757
2016-07-11 00:00:00	-0.804504	0	3.00877	0	-0.0102978	0	0	0	0	0	0	0	0	0	-2.52161	-0.349591	0.0909584	0	0	0.960754	0	0	0	0.113199	-0.025479	0.462203
2016-07-12 00:00:00	-0.586489	0	2.83932	0	-0.0098122	0	0	0	0	0	0	0	0	0	-1.58677	-0.347991	0.0908461	0	0	0.809123	0	0	0	0.113039	-0.0238979	1.29737
2016-07-13 00:00:00	-2.18649	0	2.85882	0	0.00119973	0	0	0	0	0	0	0	0	0	-1.27588	-0.347578	0.0904196	0	0	0.77385	0	0	0	0.113132	-0.0213334	0.00614466
2016-07-14 00:00:00	0	0	3.98848	0	-0.00279157	0	0	0	0	0	0	0	0	0	-3.49164	-0.34683	0.0901178	0	0	0.634619	0	0	0	0.111915	-0.0207195	0.963145
2016-07-15 00:00:00	-15.1234	2.15424	3.25494	0	0.0427094	-4.83126E-05	0.00601306	0	0	0	0	0	0	0	5.90116	-0.347732	0.0903618	0	0	0.892817	0	0	0	0.111024	-0.0196197	-3.03758
2016-07-16 00:00:00	-0.00450358	-2.13274	3.12456	0	-0.0133702	-0.000209726	0.00175564	0	0	0	0	0	0	0	-1.31318	-0.347376	0.0902958	0	0	1.02397	0	0	0	0.111318	-0.0257774	0.514742
2016-07-17 00:00:00	-0.195496	-0.0203199	2.91679	0	-0.0167921	0	0	0	0	0	0	0	0	0	-2.55112	-0.346015	0.0900562	0	0	0.87171	0	0	0	0.111108	-0.025398	0.834526
2016-07-18 00:00:00	-0.2	-0.0011775	3.17512	0	-0.0124508	0	0	0	0	0	0	0	0	0	-2.02932	-0.343942	0.0897119	0	0	0.734382	0	0	0	0.110915	-0.022644	1.50059
2016-07-19 00:00:00	-0.195496	0	5.1369	0	-0.000244934	0	0	0	0	0	0	0	0	0	-4.44984	-0.343362	0.0894867	0	0	0.554049	0	0	0	0.111161	-0.0200907	0.882563
2016-07-20 00:00:00	-24.3415	2.22813	3.6821	0	0.0463006	-0.0213472	0.0394087	0	0	0	0	0	0	0	11.352	-0.345354	0.0899283	0	0	1.0128	0	0	0	0.110808	-0.0202446	-6.16693
2016-07-21 00:00:00	-0.195496	-2.19179	3.37671	0	-0.0154216	-0.000692879	0.0028468	0	0	0	0	0	0	0	-1.5512	-0.345515	0.0900015	0	0	1.33066	0	0	0	0.111569	-0.0302212	0.581456
2016-07-22 00:00:00	-1	-0.0157138	3.15405	0	-0.0139241	0	0	0	0	0	0	0	0	0	-2.08002	-0.344145	0.0897593	0	0	1.12511	0	0	0	0.111302	-0.0296267	0.996798
2016-07-23 00:00:00	0	-0.0194263	2.8129	0	-0.0130864	0	0	0	0	0	0	0	0	0	-2.26891	-0.343449	0.089684	0	0	1.01226	0	0	0	0.111231	-0.0264848	1.35472
2016-07-24 00:00:00	-4.98649	1.39961	3.43155	0	0.00314513	0	0	0	0	0	0	0	0	0	-0.447252	-0.342077	0.0895149	0	0	0.925245	0	0	0	0.111032	-0.0248878	0.159391
2016-07-25 00:00:00	-3.84954	0.514978	3.27792	0	0.0013511	0	0.000322889	0	0	0	0	0	0	0	-0.465474	-0.341592	0.0892849	0	0	0.917704	0	0	0	0.110661	-0.0240545	0.231556
2016-07-26 00:00:00	-11.9234	0.332874	3.20867	0	0.0347347	-0.0078381	0.0188447	0	0	0	0	0	0	0	4.79427	-0.341709	0.0895196	0	0	1.12169	0	0	0	0.110616	-0.0258644	-2.58764
2016-07-27 00:00:00	-3.37748	-0.148324	3.14885	0	-0.00165217	-0.00121442	0.00488983	0	0	0	0	0	0	0	-0.543964	-0.341588	0.0894968	0	0	1.27938	0	0	0	0.110751	-0.0294453	0.189703
2016-07-28 00:00:00	-0.786489	-1.74633	2.95584	0	-0.00734737	0	0.00178894	0	0	0	0	0	0	0	-0.763721	-0.340834	0.0894035	0	0	1.21833	0	0	0	0.110478	-0.0288646	0.702249
2016-07-29 00:00:00	0	-0.354012	2.79732	0	-0.0200667	0	6.83522E-05	0	0	0	0	0	0	0	-1.77242	-0.339693	0.0891538	0	0	1.03545	0	0	0	0.110251	-0.028144	1.51791
2016-07-30 00:00:00	0	0	2.73221	0	-0.0122713	0	0	0	0	0	0	0	0	0	-2.84126	-0.339045	0.0889969	0	0	0.888892	0	0	0	0.110369	-0.0260201	0.601872
2016-07-31 00:00:00	-1.1955	0	2.75543	0	-0.000801962	0	0	0	0	0	0	0	0	0	-1.55642	-0.338173	0.0887582	0	0	0.804488	0	0	0	0.110009	-0.02331	0.644487
2016-08-01 00:00:00	0	0	2.68568	0	-0.000806069	0	0	0	0	0	0	0	0	0	-2.63993	-0.337257	0.0884855	0	0	0.698789	0	0	0	0.109482	-0.0213983	0.583051
2016-08-02 00:00:00	-2.98649	0	3.34183	0	0.000425045	0	0	0	0	0	0	0	0	0	-0.828673	-0.335852	0.0879846	0	0	0.687503	0	0	0	0.109304	-0.0195677	0.0564598
2016-08-03 00:00:00	-7.36847	2.26027	3.18905	0	0.00307402	0	0	0	0	0	0	0	0	0	0.679696	-0.335553	0.0880192	0	0	0.726784	0	0	0	0.108892	-0.0195844	-0.667818
2016-08-04 00:00:00	-3.82252	-0.0255094	3.21394	0	0.00270516	0	0	0	0	0	0	0	0	0	-0.210378	-0.335077	0.0879656	0	0	0.810278	0	0	0	0.108699	-0.0211477	-0.19104
2016-08-05 00:00:00	-6.95947	0.0283976	2.91028	0	0.0265291	0	0.00359851	0	0	0	0	0	0	0	2.1216	-0.334684	0.0878869	0	0	0.941744	0	0	0	0.10852	-0.0229878	-1.08858
2016-08-06 00:00:00	-0.395496	-2.26042	3.60405	0	-0.0109629	0	0.00148967	0	0	0	0	0	0	0	-1.11069	-0.333838	0.0878355	0	0	0.986673	0	0	0	0.108315	-0.0254993	0.651453
2016-08-07 00:00:00	-5.42702	2.10196	3.07888	0	0.00706094	0	0.00183877	0	0	0	0	0	0	0	-0.724629	-0.332958	0.0876851	0	0	0.942885	0	0	0	0.108181	-0.0250109	-0.18112
2016-08-08 00:00:00	-1.01801	-1.53646	2.71223	0	-0.00481602	0	0.00142612	0	0	0	0	0	0	0	-0.782458	-0.330898	0.087734	0	0	0.929931	0	0	0	0.107748	-0.024534	0.141887
2016-08-09 00:00:00	-6.84954	1.80688	2.59461	0	0.0160282	0	0.00429835	0	0	0	0	0	0	0	0.862684	-0.330458	0.0874883	0	0	0.953942	0	0	0	0.107565	-0.0243843	-0.770878
2016-08-10 00:00:00	-13.2045	0.00544418	2.44944	0	0.00401659	-0.0252199	0.0469747	0	0	0	0	0	0	0	6.23507	-0.330848	0.0877258	0	0	1.28862	0	0	0	0.107802	-0.0281952	-3.36367
2016-08-11 00:00:00	-11.245	-0.000496047	3.02621	0	0.0298239	-0.0211488	0.0430866	0	0	0	0	0	0	0	4.23436	-0.332023	0.0880246	0	0	1.70494	0	0	0	0.108307	-0.0350293	-2.39898
2016-08-12 00:00:00	-8.43152	0.0211313	2.90687	0	0.000401824	-0.0143667	0.0419435	0	0	0	0	0	0	0	2.52256	-0.33258	0.0882113	0	0	1.92907	0	0	0	0.108723	-0.0379949	-1.19755
2016-08-13 00:00:00	-2.41351	-0.51592	2.94716	0	-0.0038918	-0.000453016	0.00413102	0	0	0	0	0	0	0	-0.821959	-0.332242	0.0881828	0	0	1.88269	0	0	0	0.108848	-0.0383475	0.904693
2016-08-14 00:00:00	-0.195496	-1.76061	2.83505	0	-0.00986783	0	0.00154555	0	0	0	0	0	0	0	-1.15432	-0.331544	0.0880526	0	0	1.69578	0	0	0	0.108677	-0.0365405	1.24073
2016-08-15 00:00:00	0	-0.0977626	2.87895	0	-0.0390846	0	0	0	0	0	0	0	0	0	-2.77651	-0.330619	0.0878591	0	0	1.41515	0	0	0	0.108669	-0.0343529	1.21229
2016-08-16 00:00:00	-0.00450358	-0.0269238	4.40652	0	-0.021406	0	0	0	0	0	0	0	0	0	-2.86465	-0.329457	0.0875912	0	0	1.09013	0	0	0	0.108479	-0.0311239	2.41466
2016-08-17 00:00:00	0	0	3.91023	0	-0.000110508	0	0	0	0	0	0	0	0	0	-3.51387	-0.32884	0.0874182	0	0	0.88022	0	0	0	0.108955	-0.026853	1.11715
2016-08-18 00:00:00	-0.00450358	0	2.87255	0	0	0	0	0	0	0	0	0	0	0	-2.43289	-0.327312	0.0872652	0	0	0.742324	0	0	0	0.108664	-0.0232071	1.02289
2016-08-19 00:00:00	-7.50993	2.18929	2.66246	0	0.00029065	0	0	0	0	0	0	0	0	0	1.21076	-0.326932	0.0872656	0	0	0.828604	0	0	0	0.108573	-0.0203943	-0.770002
2016-08-20 00:00:00	-11.3324	0.231968	2.7948	0	0.0467535	-0.000159665	0.00337345	0	0	0	0	0	0	0	4.70004	-0.327439	0.0872545	0	0	1.068	0	0	0	0.108368	-0.0245768	-2.64406
2016-08-21 00:00:00	-0.204504	-2.15977	2.75614	0	-0.00862061	-0.000285772	0.00156627	0	0	0	0	0	0	0	-1.02844	-0.327223	0.0872398	0	0	1.21989	0	0	0	0.10848	-0.0287255	0.41574
2016-08-22 00:00:00	-1.0045	-0.261488	3.0001	0	-0.0162545	0	0.000359411	0	0	0	0	0	0	0	-1.76582	-0.32606	0.0870764	0	0	1.09443	0	0	0	0.1083	-0.0278938	0.88825
2016-08-23 00:00:00	-0.6	0	2.41832	0	-0.00901071	0	0	0	0	0	0	0	0	0	-2.15359	-0.32495	0.086902	0	0	0.961096	0	0	0	0.108148	-0.0262566	0.460654
2016-08-24 00:00:00	-0.00450358	0	3.17977	0	-0.0123712	0	0	0	0	0	0	0	0	0	-2.28047	-0.323738	0.0864988	0	0	0.794837	0	0	0	0.107853	-0.0248643	1.52301
2016-08-25 00:00:00	-0.00450358	0	2.20574	0	-0.000615775	0	0	0	0	0	0	0	0	0	-2.38495	-0.322982	0.0863025	0	0	0.702493	0	0	0	0.108253	-0.0213318	0.368406
2016-08-26 00:00:00	-0.218014	0	2.21566	0	-4.95044E-05	0	0	0	0	0	0	0	0	0	-2.02348	-0.322081	0.08586	0	0	0.635241	0	0	0	0.107795	-0.0197309	0.461195
2016-08-27 00:00:00	-0.195496	0	2.85162	0	-9.06168E-05	0	0	0	0	0	0	0	0	0	-2.47606	-0.320334	0.0858191	0	0	0.558822	0	0	0	0.107576	-0.018627	0.593226
2016-08-28 00:00:00	-1.41801	0	2.30882	0	7.80382E-06	0	0	0	0	0	0	0	0	0	-0.970035	-0.319804	0.0856143	0	0	0.549154	0	0	0	0.107379	-0.017138	0.32598
2016-08-29 00:00:00	0	0	2.34716	0	-2.61951E-05	0	0	0	0	0	0	0	0	0	-2.207	-0.318335	0.0854765	0	0	0.504607	0	0	0	0.106798	-0.0169199	0.501762
2016-08-30 00:00:00	0	0	2.43202	0	0	0	0	0	0	0	0	0	0	0	-2.16412	-0.317262	0.0853339	0	0	0.457504	0	0	0	0.106297	-0.0160671	0.583699
2016-08-31 00:00:00	-0.222518	0	2.28988	0	0	0	0	0	0	0	0	0	0	0	-2.10025	-0.316283	0.0850879	0	0	0.42705	0	0	0	0.10559	-0.01499	0.253571
2016-09-01 00:00:00	-0.995496	0	2.24657	0	0	0	0	0	0	0	0	0	0	0	-1.3413	-0.315528	0.0849423	0	0	0.427691	0	0	0	0.104682	-0.0143855	0.197182
2016-09-02 00:00:00	-1.98199	0	2.25675	0	0	0	0	0	0	0	0	0	0	0	-0.760846	-0.314934	0.0850505	0	0	0.462669	0	0	0	0.104412	-0.0143878	-0.163269
2016-09-03 00:00:00	-5.3955	2.55481	2.15647	0	2.07618E-07	0	0	0	0	0	0	0	0	0	-0.217095	-0.314534	0.0848419	0	0	0.502082	0	0	0	0.102844	-0.0154242	-0.541502
2016-09-04 00:00:00	-0.595496	-1.47868	2.18452	0	4.39E-06	0	0	0	0	0	0	0	0	0	-0.59034	-0.313831	0.0846988	0	0	0.558407	0	0	0	0.102651	-0.0166638	-0.064735
2016-09-05 00:00:00	-0.790993	-0.976066	2.31189	0	2.95595E-06	0	0	0	0	0	0	0	0	0	-0.995646	-0.312791	0.084526	0	0	0.582374	0	0	0	0.102318	-0.0173501	-0.0117396
2016-09-06 00:00:00	0	-0.100059	2.44567	0	6.90188E-05	0	0	0	0	0	0	0	0	0	-2.45075	-0.311452	0.0842249	0	0	0.539456	0	0	0	0.1021	-0.0176101	0.291648
2016-09-07 00:00:00	0	0	2.20826	0	-7.19747E-05	0	0	0	0	0	0	0	0	0	-2.40308	-0.310199	0.0839798	0	0	0.500817	0	0	0	0.102062	-0.0162787	0.165485
2016-09-08 00:00:00	-10.1775	2.61059	2.3054	0	0.00222632	0	0	0	0	0	0	0	0	0	2.89205	-0.309977	0.0838883	0	0	0.644393	0	0	0	0.101845	-0.0159649	-1.86303
2016-09-09 00:00:00	-5.68106	0.0348516	2.26846	0	0.00204577	0	0	0	0	0	0	0	0	0	1.95156	-0.30939	0.0839551	0	0	0.790252	0	0	0	0.101912	-0.0205135	-0.77794
2016-09-10 00:00:00	0	-1.86956	2.05514	0	0.000651513	0	0	0	0	0	0	0	0	0	-0.869689	-0.308648	0.0839646	0	0	0.859592	0	0	0	0.101838	-0.0225084	0.030783
2016-09-11 00:00:00	0	-0.73452	1.95891	0	0.000261469	0	0.000912245	0	0	0	0	0	0	0	-1.37774	-0.308034	0.0837702	0	0	0.828241	0	0	0	0.10165	-0.0221948	0.53126
2016-09-12 00:00:00	-2.38199	0.126561	2.31992	0	-9.78175E-05	0	0.000656195	0	0	0	0	0	0	0	-0.679823	-0.306895	0.0836116	0	0	0.792847	0	0	0	0.101535	-0.0213686	0.0349617
2016-09-13 00:00:00	-0.195496	-0.146094	2.12527	0	-0.000315948	0	0	0	0	0	0	0	0	0	-1.99699	-0.306386	0.0831431	0	0	0.75223	0	0	0	0.101249	-0.020864	0.395751
2016-09-14 00:00:00	-0.413511	-0.00650838	1.81112	0	-0.000518161	0	0	0	0	0	0	0	0	0	-1.74913	-0.30547	0.0829179	0	0	0.686349	0	0	0	0.101142	-0.0199924	0.186405
2016-09-15 00:00:00	-0.195496	-0.0153104	2.69812	0	-0.00293729	0	0	0	0	0	0	0	0	0	-1.88392	-0.304346	0.0826463	0	0	0.603909	0	0	0	0.100448	-0.0192309	1.06388
2016-09-16 00:00:00	-3.03153	1.01596	1.89932	0	0.00180397	0	0	0	0	0	0	0	0	0	-0.637107	-0.303338	0.0825318	0	0	0.615793	0	0	0	0.10083	-0.0180508	-0.273784
2016-09-17 00:00:00	0	-1.01071	1.80883	0	0.000897453	0	0	0	0	0	0	0	0	0	-1.34992	-0.302795	0.082428	0	0	0.621673	0	0	0	0.100196	-0.0182388	-0.0676319
2016-09-18 00:00:00	-0.395496	-0.00524818	1.77198	0	-0.00092538	0	0	0	0	0	0	0	0	0	-1.5076	-0.301823	0.0822158	0	0	0.593578	0	0	0	0.100065	-0.0180995	0.318646
2016-09-19 00:00:00	0	0	1.55496	0	-0.00132612	0	0	0	0	0	0	0	0	0	-1.48724	-0.30089	0.0819874	0	0	0.556583	0	0	0	0.0998772	-0.0176915	0.486257
2016-09-20 00:00:00	0	0	1.65225	0	-0.000696663	0	0	0	0	0	0	0	0	0	-2.05223	-0.300264	0.0816847	0	0	0.522582	0	0	0	0.0999364	-0.016938	-0.0136827
2016-09-21 00:00:00	-3.05404	0.609981	2.37235	0	0.00157754	0	0	0	0	0	0	0	0	0	-0.365175	-0.299186	0.0816083	0	0	0.548801	0	0	0	0.0995609	-0.0162817	-0.0208087
2016-09-22 00:00:00	-8.2045	2.10617	1.6611	0	0.00251662	0	0.000795602	0	0	0	0	0	0	0	2.33379	-0.298921	0.0816179	0	0	0.637818	0	0	0	0.0992331	-0.0176303	-1.59801
2016-09-23 00:00:00	-0.195496	-1.29912	1.60726	0	-6.29395E-05	0	0.00122622	0	0	0	0	0	0	0	-0.645491	-0.297927	0.0815828	0	0	0.764	0	0	0	0.0992755	-0.0204607	0.0947896
2016-09-24 00:00:00	-0.2	-1.29555	1.8838	0	-2.70627E-06	0	0.00122229	0	0	0	0	0	0	0	-0.987391	-0.297161	0.0814758	0	0	0.763386	0	0	0	0.0990639	-0.0206374	0.0282084
2016-09-25 00:00:00	-4.01801	2.15689	1.61721	0	0.00023687	0	0.00131565	0	0	0	0	0	0	0	-0.559343	-0.29614	0.0812176	0	0	0.762933	0	0	0	0.0988765	-0.0204972	-0.17531
2016-09-26 00:00:00	-1.38649	0.0228565	1.33751	0	-0.000235713	0	0.00133555	0	0	0	0	0	0	0	-0.364029	-0.295733	0.081162	0	0	0.765099	0	0	0	0.0978237	-0.0205524	0.238745
2016-09-27 00:00:00	-0.2	-1.38047	1.70407	0	-5.84293E-06	0	0.00053795	0	0	0	0	0	0	0	-0.235142	-0.294749	0.0809922	0	0	0.764237	0	0	0	0.0975887	-0.0205582	0.516501
2016-09-28 00:00:00	-6.66755	1.83292	1.73813	0	0.00887153	0	0.00320058	0	0	0	0	0	0	0	1.06806	-0.294227	0.0809567	0	0	0.824694	0	0	0	0.0973436	-0.0208642	-1.32846
2016-09-29 00:00:00	-4.90809	0.0072407	1.54892	0	0.0180327	0	0.00550927	0	0	0	0	0	0	0	1.80364	-0.293982	0.0809998	0	0	0.962166	0	0	0	0.0973169	-0.0243411	-0.702588
2016-09-30 00:00:00	-1.2	-0.154789	1.31894	0	-0.000203531	0	0.00179716	0	0	0	0	0	0	0	-0.753391	-0.293283	0.0809534	0	0	1.00336	0	0	0	0.0973049	-0.0255788	0.0751022
2016-10-01 00:00:00	-0.0135107	-1.14554	1.28561	0	-0.0038431	0	0.000802838	0	0	0	0	0	0	0	-0.454953	-0.291708	0.0806289	0	0	0.964432	0	0	0	0.0972192	-0.0252087	0.493933
2016-10-02 00:00:00	-0.395496	-1.05926	1.57539	0	-0.00360126	0	0.00163246	0	0	0	0	0	0	0	-0.992619	-0.290401	0.0801812	0	0	0.934147	0	0	0	0.0969985	-0.0245852	-0.0776147
2016-10-03 00:00:00	-0.00450358	-0.348185	1.50408	0	-0.00571092	0	0.000392098	0	0	0	0	0	0	0	-0.942057	-0.289407	0.0799587	0	0	0.861059	0	0	0	0.0969158	-0.0240429	0.928497
2016-10-04 00:00:00	0	-0.00883118	1.36802	0	-0.00420158	0	0.000638751	0	0	0	0	0	0	0	-2.26976	-0.289035	0.0798963	0	0	0.813953	0	0	0	0.0968516	-0.0219794	-0.23444
2016-10-05 00:00:00	0	-0.00868962	1.33715	0	-0.0051206	0	0	0	0	0	0	0	0	0	-1.14734	-0.28784	0.0797072	0	0	0.734653	0	0	0	0.0968044	-0.0210569	0.778265
2016-10-06 00:00:00	0	-0.0075057	1.14533	0	-0.00276194	0	0	0	0	0	0	0	0	0	-1.9197	-0.2871	0.0796188	0	0	0.700428	0	0	0	0.096728	-0.0198753	-0.214832
2016-10-07 00:00:00	-0.195496	-0.00819942	1.25763	0	-0.00303938	0	0	0	0	0	0	0	0	0	-0.96472	-0.286172	0.0794432	0	0	0.660518	0	0	0	0.0964562	-0.019339	0.617081
2016-10-08 00:00:00	0	-0.00728596	1.08907	0	0.000572466	0	0	0	0	0	0	0	0	0	-1.78847	-0.285765	0.0793611	0	0	0.636147	0	0	0	0.0961963	-0.0187069	-0.198886
2016-10-09 00:00:00	0	-0.00583926	0.864341	0	0.000404238	0	0	0	0	0	0	0	0	0	-1.36424	-0.284528	0.0792245	0	0	0.61662	0	0	0	0.0958289	-0.0183018	-0.0164864
2016-10-10 00:00:00	-0.409007	-0.00176801	0.908495	0	0.000531935	0	0	0	0	0	0	0	0	0	-1.11615	-0.284155	0.0790301	0	0	0.612322	0	0	0	0.0955924	-0.0180807	-0.133194
2016-10-11 00:00:00	-2.38649	1.12868	1.13932	0	9.42043E-05	0	0.000762526	0	0	0	0	0	0	0	-0.53133	-0.28317	0.0789456	0	0	0.627453	0	0	0	0.0953421	-0.0181643	-0.148557
2016-10-12 00:00:00	-2.36848	1.10909	1.11959	0	9.58041E-07	0	0.00110169	0	0	0	0	0	0	0	-0.433376	-0.282627	0.0788122	0	0	0.651509	0	0	0	0.0950571	-0.0184999	-0.0478171
2016-10-13 00:00:00	-3.56848	0.428777	1.09616	0	0.00343529	0	0.00127081	0	0	0	0	0	0	0	0.800462	-0.282032	0.0787775	0	0	0.714833	0	0	0	0.0949053	-0.0191167	-0.651006
2016-10-14 00:00:00	-4.36397	0.0127706	1.11152	0	0.019833	0	0.00339343	0	0	0	0	0	0	0	1.76392	-0.2812	0.0787749	0	0	0.841133	0	0	0	0.0949369	-0.0210785	-0.739967
2016-10-15 00:00:00	-5.13695	0.0291448	0.982763	0	0.00875964	-0.00568503	0.0141902	0	0	0	0	0	0	0	2.2607	-0.281146	0.0787867	0	0	0.980787	0	0	0	0.0948971	-0.0243899	-0.998145
2016-10-16 00:00:00	-1.8045	0.00366259	0.969302	0	-0.000852758	-0.0023691	0.0052151	0	0	0	0	0	0	0	-0.01741	-0.280482	0.0787553	0	0	1.05117	0	0	0	0.0949423	-0.026173	0.0712566
2016-10-17 00:00:00	-1.8	0.00600663	1.05737	0	-4.65562E-05	-0.00193689	0.00439739	0	0	0	0	0	0	0	-0.106643	-0.279809	0.0786781	0	0	1.04278	0	0	0	0.0948801	-0.0261055	0.0695747
2016-10-18 00:00:00	-7.64053	0.0345213	0.893986	0	0.00221994	-0.0170444	0.0285632	0	0	0	0	0	0	0	4.08706	-0.279571	0.0787551	0	0	1.16962	0	0	0	0.0950236	-0.0272198	-1.57462
2016-10-19 00:00:00	0	-0.825264	0.900362	0	-0.00386388	-0.000409699	0.00226728	0	0	0	0	0	0	0	-0.740803	-0.278823	0.0787583	0	0	1.24275	0	0	0	0.0951959	-0.0290397	0.441136
2016-10-20 00:00:00	-0.204504	-0.565515	0.836939	0	-0.00199034	0	0.00129315	0	0	0	0	0	0	0	-0.640408	-0.278237	0.0785452	0	0	1.16782	0	0	0	0.0951275	-0.0279847	0.461085
2016-10-21 00:00:00	0	-0.770704	0.861752	0	-0.00270664	0	0.00125173	0	0	0	0	0	0	0	-0.652301	-0.277389	0.0784881	0	0	1.10069	0	0	0	0.0950582	-0.0269956	0.407148
2016-10-22 00:00:00	-0.590993	-0.149511	0.756986	0	-0.000568743	0	0.000823794	0	0	0	0	0	0	0	-0.488096	-0.276568	0.0783037	0	0	1.04127	0	0	0	0.0950027	-0.0262164	0.440436
2016-10-23 00:00:00	-2.77748	1.83799	0.737392	0	0.0054825	0	0.00147681	0	0	0	0	0	0	0	-0.571656	-0.275934	0.0782113	0	0	1.00102	0	0	0	0.0949401	-0.025578	0.105863
2016-10-24 00:00:00	-0.395496	-0.262109	0.664397	0	-0.000212497	0	0.00117236	0	0	0	0	0	0	0	-0.794503	-0.275002	0.0781275	0	0	0.966669	0	0	0	0.094844	-0.0251011	0.0527859
2016-10-25 00:00:00	-0.00450358	-0.748871	0.84717	0	-0.00280369	0	0.000917525	0	0	0	0	0	0	0	-0.414872	-0.273244	0.0780164	0	0	0.935925	0	0	0	0.0947157	-0.0244773	0.487973
2016-10-26 00:00:00	0	-0.765636	0.904424	0	-0.00275404	0	0.00127347	0	0	0	0	0	0	0	-0.87165	-0.27279	0.0778596	0	0	0.896662	0	0	0	0.0946864	-0.0238659	0.0382104
2016-10-27 00:00:00	-0.6	-0.0848695	0.910437	0	-0.00152385	0	0.00130282	0	0	0	0	0	0	0	-1.20196	-0.272224	0.0777726	0	0	0.875497	0	0	0	0.0945399	-0.0228757	-0.223907
2016-10-28 00:00:00	0	-0.261705	0.753519	0	-0.00228266	0	0.000973238	0	0	0	0	0	0	0	-1.04225	-0.271371	0.0776106	0	0	0.834725	0	0	0	0.094355	-0.0224577	0.16112
2016-10-29 00:00:00	-0.2	-0.123061	0.744059	0	-0.00237091	0	0.000539445	0	0	0	0	0	0	0	-0.867329	-0.270743	0.0775788	0	0	0.816447	0	0	0	0.0943626	-0.0216148	0.247869
2016-10-30 00:00:00	-0.00450358	-0.00338743	0.686972	0	-0.00424973	0	0.000276265	0	0	0	0	0	0	0	-0.972761	-0.269878	0.0774418	0	0	0.783828	0	0	0	0.0942121	-0.0210518	0.366899
2016-10-31 00:00:00	-3.81351	2.59774	0.772455	0	0.0087724	0	0.00121525	0	0	0	0	0	0	0	-0.31554	-0.269027	0.0772797	0	0	0.774488	0	0	0	0.0940837	-0.0205893	-0.0926374
2016-11-01 00:00:00	-0.409007	-0.158695	0.560658	0	-2.84746E-05	0	0.00110851	0	0	0	0	0	0	0	-0.593314	-0.268557	0.0771428	0	0	0.781154	0	0	0	0.0939769	-0.0207221	0.0637162
2016-11-02 00:00:00	-0.2	-0.287024	0.517819	0	-0.00093171	0	0.00112039	0	0	0	0	0	0	0	-0.609338	-0.267542	0.0770273	0	0	0.777534	0	0	0	0.0938751	-0.0206192	0.0819206
2016-11-03 00:00:00	-1.4045	0.408793	0.550636	0	0.00384865	0	0.00100269	0	0	0	0	0	0	0	-0.435856	-0.266828	0.0768753	0	0	0.78737	0	0	0	0.0937361	-0.0206418	-0.205568
2016-11-04 00:00:00	-2.59099	0.0254423	0.51369	0	0.00690199	-0.000723919	0.00428331	0	0	0	0	0	0	0	1.17964	-0.266051	0.0768288	0	0	0.837818	0	0	0	0.0936807	-0.0212351	-0.140713
2016-11-05 00:00:00	0	-0.497025	0.534191	0	-0.00202947	-0.000187873	0.00168121	0	0	0	0	0	0	0	-0.626219	-0.265803	0.0767142	0	0	0.860477	0	0	0	0.0935598	-0.0221959	0.153163
2016-11-06 00:00:00	-4.12794	0.481913	0.544196	0	0.013243	-0.00771505	0.0136126	0	0	0	0	0	0	0	1.56287	-0.265594	0.0766453	0	0	0.917372	0	0	0	0.0935416	-0.0227397	-0.720594
2016-11-07 00:00:00	0	-0.469493	0.502854	0	-0.00207417	-0.000275718	0.00168268	0	0	0	0	0	0	0	-0.534095	-0.264988	0.0765408	0	0	0.951458	0	0	0	0.0935343	-0.0247116	0.330432
2016-11-08 00:00:00	-0.227021	-0.202083	0.450473	0	-0.000979408	0	0.000432632	0	0	0	0	0	0	0	-0.10061	-0.264197	0.076228	0	0	0.910466	0	0	0	0.0934216	-0.0243814	0.711749
2016-11-09 00:00:00	-5.50993	0.660235	0.440129	0	0.028443	-0.0109404	0.0210751	0	0	0	0	0	0	0	1.70781	-0.264063	0.0761893	0	0	0.989106	0	0	0	0.0934679	-0.024548	-1.79303
2016-11-10 00:00:00	-2.22702	-0.00929757	0.424249	0	-0.000806689	-0.00484807	0.0149335	0	0	0	0	0	0	0	0.627812	-0.26399	0.0762161	0	0	1.09603	0	0	0	0.0936503	-0.0265376	-0.199611
2016-11-11 00:00:00	-17.8784	-0.00639775	0.44041	0	0.00486248	-0.045605	0.13129	0	0	0	0	0	0	0	10.7952	-0.265343	0.0765514	0	0	1.51838	0	0	0	0.0942234	-0.0309892	-5.16587
2016-11-12 00:00:00	-15.0514	-0.0111654	0.495588	0	-0.000246061	-0.0387942	0.113621	0	0	0	0	0	0	0	8.30167	-0.267372	0.077046	0	0	2.17198	0	0	0	0.0954839	-0.0397664	-4.15333
2016-11-13 00:00:00	-7.58649	-0.00795484	0.414982	0	-0.00232963	-0.0191549	0.0583044	0	0	0	0	0	0	0	3.61752	-0.268443	0.0773419	0	0	2.47701	0	0	0	0.0964399	-0.0439567	-1.18673
2016-11-14 00:00:00	-1.3955	-0.00687027	0.587273	0	-0.00285159	-0.00245823	0.00953259	0	0	0	0	0	0	0	-0.400792	-0.268387	0.0773925	0	0	2.37301	0	0	0	0.0968847	-0.0437304	1.0235
2016-11-15 00:00:00	-0.209007	-0.321421	0.544637	0	-0.00114199	-9.95895E-05	0.00169098	0	0	0	0	0	0	0	-0.587183	-0.267815	0.0773111	0	0	2.11671	0	0	0	0.0969461	-0.0413208	1.40931
2016-11-16 00:00:00	-8.28557	0.305272	0.453105	0	0.0036722	-0.0189439	0.0554656	0	0	0	0	0	0	0	3.95364	-0.268234	0.0774305	0	0	2.12145	0	0	0	0.0972815	-0.0400011	-1.54543
2016-11-17 00:00:00	-8.81801	-0.00969763	0.392513	0	0.000514013	-0.0220937	0.0650036	0	0	0	0	0	0	0	4.43609	-0.269312	0.0777001	0	0	2.32986	0	0	0	0.0980418	-0.0420194	-1.76142
2016-11-18 00:00:00	-1.38199	-0.00870177	0.35454	0	-0.00285349	-0.00310297	0.0113472	0	0	0	0	0	0	0	-0.210977	-0.269464	0.0777727	0	0	2.29665	0	0	0	0.0985681	-0.0426373	0.919156
2016-11-19 00:00:00	-0.195496	-0.121672	0.316222	0	-0.000877558	-0.000121263	0.00189219	0	0	0	0	0	0	0	-0.538195	-0.268906	0.0776822	0	0	2.06197	0	0	0	0.0986025	-0.040548	1.39055
2016-11-20 00:00:00	-0.195496	-0.0664918	0.261989	0	-0.00010712	0	0.0014464	0	0	0	0	0	0	0	-0.678346	-0.268339	0.0775823	0	0	1.85775	0	0	0	0.0986645	-0.0380813	1.05057
2016-11-21 00:00:00	-14.7621	0.165807	0.245689	0	0.00457952	-0.0365468	0.106155	0	0	0	0	0	0	0	8.17944	-0.269811	0.0779017	0	0	2.08571	0	0	0	0.0992498	-0.0389782	-4.14293
2016-11-22 00:00:00	-32.0766	-0.0125902	0.336963	0	0.00758634	-0.0829376	0.239076	0	0	0	0	0	0	0	17.5177	-0.274732	0.0789806	0	0	3.24214	0	0	0	0.101332	-0.0493339	-10.9724
2016-11-23 00:00:00	-0.2	-0.0716647	0.271662	0	-0.0119758	-0.00114003	0.00948846	0	0	0	0	0	0	0	-0.819168	-0.276625	0.0795038	0	0	3.76381	0	0	0	0.102975	-0.0559687	2.7909
2016-11-24 00:00:00	-0.195496	-0.0208951	0.216392	0	-0.000115204	0	0.00226129	0	0	0	0	0	0	0	-0.978747	-0.275959	0.0794105	0	0	3.23911	0	0	0	0.103101	-0.0521031	2.11696
2016-11-25 00:00:00	-0.195496	-0.0301288	0.225625	0	-0.000124186	0	0.00147013	0	0	0	0	0	0	0	-0.770307	-0.275372	0.0792932	0	0	2.82001	0	0	0	0.103214	-0.0482563	1.90992
2016-11-26 00:00:00	-0.2	-0.0487852	0.248782	0	-5.9063E-05	0	0.00194204	0	0	0	0	0	0	0	-0.789422	-0.274827	0.079177	0	0	2.49398	0	0	0	0.103235	-0.0448934	1.56913
2016-11-27 00:00:00	-0.395496	0.0692128	0.313892	0	0.000150027	0	0.00153193	0	0	0	0	0	0	0	-0.710241	-0.274258	0.0790563	0	0	2.21524	0	0	0	0.103296	-0.0421276	1.36026
2016-11-28 00:00:00	-0.2	-0.0470974	0.245703	0	-0.000156955	0	0.00159263	0	0	0	0	0	0	0	-0.621634	-0.273682	0.0789353	0	0	1.98313	0	0	0	0.103247	-0.0397901	1.23025
2016-11-29 00:00:00	0	-0.28055	0.308778	0	-0.0010127	0	0.0013626	0	0	0	0	0	0	0	-0.54408	-0.273109	0.0788166	0	0	1.78923	0	0	0	0.103221	-0.037711	1.14495
2016-11-30 00:00:00	0	-0.31282	0.351258	0	-0.00119189	0	0.00153151	0	0	0	0	0	0	0	-0.578008	-0.272644	0.0787203	0	0	1.6468	0	0	0	0.103181	-0.0352503	0.981574
2016-12-01 00:00:00	0	-0.344996	0.387429	0	-0.0012709	0	0.00170744	0	0	0	0	0	0	0	-0.652633	-0.272117	0.0786138	0	0	1.51152	0	0	0	0.103109	-0.0335003	0.777858
2016-12-02 00:00:00	-0.2	-0.0467725	0.253014	0	-0.000214292	0	0.00151943	0	0	0	0	0	0	0	-0.54192	-0.271518	0.0784939	0	0	1.38498	0	0	0	0.103069	-0.0313628	0.729292
2016-12-03 00:00:00	-0.595496	0.339934	0.238641	0	0.000370752	0	0.00149766	0	0	0	0	0	0	0	-0.506881	-0.270977	0.0783864	0	0	1.2848	0	0	0	0.102993	-0.0296913	0.643573
2016-12-04 00:00:00	0	-0.206548	0.208011	0	-0.0001887	0	0.00130466	0	0	0	0	0	0	0	-0.444235	-0.2704	0.0782741	0	0	1.202	0	0	0	0.102885	-0.0284953	0.642607
2016-12-05 00:00:00	-0.2	0.0351231	0.164877	0	-7.83088E-05	0	0.00164408	0	0	0	0	0	0	0	-0.504566	-0.26992	0.0781763	0	0	1.14356	0	0	0	0.102736	-0.0273968	0.524155
2016-12-06 00:00:00	-5.37298	0.839239	0.423271	0	0.00597196	-0.00948536	0.0301769	0	0	0	0	0	0	0	2.06472	-0.269881	0.0781621	0	0	1.18191	0	0	0	0.102716	-0.0274679	-0.953645
2016-12-07 00:00:00	0	-0.373125	0.395361	0	-0.00274649	-0.000353092	0.00263175	0	0	0	0	0	0	0	-0.541854	-0.269607	0.0781159	0	0	1.22646	0	0	0	0.102781	-0.0290272	0.58864
2016-12-08 00:00:00	0	-0.31315	0.351936	0	-0.00110613	0	0.00187748	0	0	0	0	0	0	0	-0.609792	-0.269152	0.0780259	0	0	1.16845	0	0	0	0.102632	-0.0278055	0.481911
2016-12-09 00:00:00	-0.8	0.406889	0.3683	0	0.000510835	0	0.00118383	0	0	0	0	0	0	0	-0.572956	-0.268226	0.0778875	0	0	1.09677	0	0	0	0.102535	-0.0275552	0.385336
2016-12-10 00:00:00	-0.00900716	-0.319351	0.346012	0	-0.000599313	0	0.00167035	0	0	0	0	0	0	0	-0.329958	-0.267866	0.0778003	0	0	1.06126	0	0	0	0.102276	-0.026264	0.635974
2016-12-11 00:00:00	-0.413511	0.0989533	0.30438	0	-7.52199E-05	0	0.00159969	0	0	0	0	0	0	0	-0.523314	-0.267319	0.0776929	0	0	1.02053	0	0	0	0.102192	-0.0256212	0.375511
2016-12-12 00:00:00	-0.209007	-0.0703689	0.271724	0	-8.86597E-05	0	0.00141611	0	0	0	0	0	0	0	-0.430176	-0.266711	0.0775858	0	0	0.985198	0	0	0	0.102032	-0.0251431	0.436461
2016-12-13 00:00:00	-1.38649	0.504649	0.247439	0	0.00280848	-0.000881673	0.00489298	0	0	0	0	0	0	0	-0.0964132	-0.266161	0.0774959	0	0	0.965557	0	0	0	0.101883	-0.024767	0.130013
2016-12-14 00:00:00	-0.790993	-0.00883139	0.317039	0	-0.000377463	-0.00129682	0.00532599	0	0	0	0	0	0	0	-0.2028	-0.265663	0.077317	0	0	0.970974	0	0	0	0.101799	-0.02488	0.177612
2016-12-15 00:00:00	0	-0.301111	0.314747	0	-0.000842748	-6.11552E-05	0.00162528	0	0	0	0	0	0	0	-0.552961	-0.264744	0.0771554	0	0	0.953042	0	0	0	0.101615	-0.0250347	0.30343
2016-12-16 00:00:00	-2.17298	0.284295	0.280193	0	0.00165599	-0.00394999	0.0131793	0	0	0	0	0	0	0	0.325473	-0.264411	0.0770584	0	0	0.967763	0	0	0	0.101523	-0.0245474	-0.414747
2016-12-17 00:00:00	-0.4	-0.0143764	0.24172	0	-0.00108446	-0.000556393	0.00311009	0	0	0	0	0	0	0	-0.409212	-0.263907	0.0769757	0	0	0.983696	0	0	0	0.101454	-0.0253201	0.292499
2016-12-18 00:00:00	-1	-0.0041861	0.179467	0	0.000525158	-0.00203639	0.00783691	0	0	0	0	0	0	0	-0.0632874	-0.262794	0.0769058	0	0	0.981755	0	0	0	0.101333	-0.0249434	-0.00942378
2016-12-19 00:00:00	0	-0.296689	0.309701	0	-0.00111969	-9.51933E-05	0.00152319	0	0	0	0	0	0	0	-0.540831	-0.262256	0.07675	0	0	0.967699	0	0	0	0.101212	-0.0251369	0.330757
2016-12-20 00:00:00	-2.39324	0.269729	0.315904	0	0.00196113	-0.00439785	0.0142611	0	0	0	0	0	0	0	0.634564	-0.261737	0.0766997	0	0	0.984413	0	0	0	0.101121	-0.0248462	-0.285574
2016-12-21 00:00:00	-1.19324	-0.00570788	0.320632	0	-0.000824515	-0.00235253	0.00863304	0	0	0	0	0	0	0	-0.0636201	-0.261334	0.0764716	0	0	1.02109	0	0	0	0.101113	-0.0254664	-0.0246138
2016-12-22 00:00:00	-8.35721	-0.00438604	0.325246	0	0.00218653	-0.0208266	0.0614412	0	0	0	0	0	0	0	4.44042	-0.262124	0.0765675	0	0	1.22274	0	0	0	0.101299	-0.0273303	-2.44198
2016-12-23 00:00:00	-17.9415	-0.0130761	0.333246	0	0.00378644	-0.046184	0.133608	0	0	0	0	0	0	0	9.82221	-0.264739	0.0771207	0	0	1.84359	0	0	0	0.10218	-0.0356263	-5.98534
2016-12-24 00:00:00	-9.5955	-0.00798507	0.280521	0	-0.00250858	-0.0247614	0.0747598	0	0	0	0	0	0	0	4.53122	-0.266859	0.0775856	0	0	2.39795	0	0	0	0.103377	-0.042858	-2.47505
2016-12-25 00:00:00	-8.7955	-0.00943563	0.316358	0	-0.000314932	-0.0223257	0.0670617	0	0	0	0	0	0	0	4.01837	-0.268179	0.0778948	0	0	2.63972	0	0	0	0.104223	-0.0456034	-1.91773
2016-12-26 00:00:00	-8.98649	-0.00777169	0.250606	0	8.78113E-05	-0.0229871	0.0687341	0	0	0	0	0	0	0	4.08435	-0.26949	0.0781862	0	0	2.83521	0	0	0	0.105111	-0.0474478	-1.9119
2016-12-27 00:00:00	0	-0.26221	0.271816	0	-0.00394468	-0.000510438	0.00482202	0	0	0	0	0	0	0	-0.998072	-0.269519	0.0782228	0	0	2.69902	0	0	0	0.105679	-0.0472241	1.57808
2016-12-28 00:00:00	0	-0.214355	0.24164	0	-0.00107824	0	0.00220855	0	0	0	0	0	0	0	-0.726683	-0.268972	0.0781312	0	0	2.38474	0	0	0	0.10566	-0.0442421	1.55705
2016-12-29 00:00:00	0	-0.267763	0.301915	0	-0.00107789	0	0.00185019	0	0	0	0	0	0	0	-0.71076	-0.268375	0.0780194	0	0	2.09962	0	0	0	0.105655	-0.0418073	1.29727
2016-12-30 00:00:00	0	-0.29394	0.331504	0	-0.00115616	0	0.00185139	0	0	0	0	0	0	0	-0.662678	-0.26788	0.077924	0	0	1.89361	0	0	0	0.105627	-0.039292	1.14557
2016-12-31 00:00:00	-5.37748	0.997159	0.327702	0	0.00537654	-0.00960222	0.030205	0	0	0	0	0	0	0	1.84423	-0.268016	0.0779417	0	0	1.8448	0	0	0	0.105728	-0.0371992	-0.459153
2017-01-01 00:00:00	-1.20901	-0.00865143	0.22995	0	-0.00123283	-0.00276821	0.0100325	0	0	0	0	0	0	0	-0.263145	-0.267899	0.0779274	0	0	1.80762	0	0	0	0.105987	-0.0375551	0.441262
2017-01-02 00:00:00	-0.590993	-0.0244687	0.200502	0	-0.000174593	-0.00109334	0.00359546	0	0	0	0	0	0	0	0.526677	-0.267285	0.0778109	0	0	1.63786	0	0	0	0.10582	-0.0372063	1.63105
2017-01-03 00:00:00	0	-0.288031	0.30302	0	-0.000940477	-5.35019E-05	0.00405871	0	0	0	0	0	0	0	-1.37255	-0.267111	0.0777867	0	0	1.57728	0	0	0	0.105886	-0.0343848	0.104958
2017-01-04 00:00:00	0	-0.231808	0.26173	0	-0.000946451	0	0.00170431	0	0	0	0	0	0	0	-0.661095	-0.266304	0.0776382	0	0	1.40601	0	0	0	0.105783	-0.0333087	0.659398
2017-01-05 00:00:00	-0.00450358	-0.168497	0.195376	0	-0.00085457	0	0.00221781	0	0	0	0	0	0	0	-0.279639	-0.266074	0.0775969	0	0	1.34867	0	0	0	0.105707	-0.0305396	0.979463
2017-01-06 00:00:00	-0.786489	0.439176	0.319278	0	0.000780183	0	0.00187436	0	0	0	0	0	0	0	-0.596234	-0.265581	0.0775059	0	0	1.26245	0	0	0	0.105595	-0.0291882	0.529167
2017-01-07 00:00:00	-1.38649	0.214334	0.302456	0	0.00208268	-0.00162985	0.00732543	0	0	0	0	0	0	0	0.157015	-0.265249	0.0774428	0	0	1.21626	0	0	0	0.105442	-0.0281944	0.400798
2017-01-08 00:00:00	-0.195496	-0.104179	0.299679	0	-0.000811998	-0.000124271	0.00216445	0	0	0	0	0	0	0	-0.489317	-0.264791	0.0773557	0	0	1.17295	0	0	0	0.10536	-0.0277766	0.575012
2017-01-09 00:00:00	-7.16663	0.0899588	0.303341	0	0.00295174	-0.0168017	0.0501968	0	0	0	0	0	0	0	3.55167	-0.265251	0.0774757	0	0	1.2956	0	0	0	0.105465	-0.0287298	-2.00076
2017-01-10 00:00:00	-0.209007	-0.12997	0.332647	0	-0.00285092	-0.00043004	0.00385807	0	0	0	0	0	0	0	-0.780518	-0.265263	0.0775238	0	0	1.38834	0	0	0	0.105632	-0.0310465	0.488915
2017-01-11 00:00:00	-2.06305	0.111181	0.290674	0	0.00108529	-0.00383324	0.0132105	0	0	0	0	0	0	0	0.559748	-0.26494	0.0774951	0	0	1.3484	0	0	0	0.10553	-0.0300999	0.145406
2017-01-12 00:00:00	-0.2	-0.0386502	0.235958	0	-0.00115822	-0.000177028	0.00232858	0	0	0	0	0	0	0	-0.463923	-0.264541	0.07743	0	0	1.29876	0	0	0	0.105511	-0.0296963	0.721843
2017-01-13 00:00:00	-0.0360287	-0.206767	0.222855	0	-0.000335427	0	0.00245285	0	0	0	0	0	0	0	-0.654947	-0.263757	0.0773392	0	0	1.2225	0	0	0	0.105331	-0.0285684	0.44007
2017-01-14 00:00:00	-0.0450358	-0.215989	0.250247	0	-0.000948638	0	0.00176687	0	0	0	0	0	0	0	-0.384217	-0.263118	0.0772552	0	0	1.15773	0	0	0	0.105195	-0.0275558	0.655329
2017-01-15 00:00:00	-23.4784	0.425536	0.309453	0	0.00972923	-0.0601005	0.170105	0	0	0	0	0	0	0	12.6589	-0.265854	0.0777877	0	0	1.77226	0	0	0	0.106016	-0.0328696	-8.30744
2017-01-16 00:00:00	-1.1955	-0.0117953	0.33682	0	-0.00755697	-0.00558058	0.0145122	0	0	0	0	0	0	0	-0.443721	-0.267065	0.0780758	0	0	2.24535	0	0	0	0.107229	-0.0415586	0.809214
2017-01-17 00:00:00	-1.18199	-0.00849727	0.35227	0	-0.000118787	-0.00236335	0.00924007	0	0	0	0	0	0	0	-0.194948	-0.26668	0.0780101	0	0	2.05587	0	0	0	0.107227	-0.0399703	0.908059
2017-01-18 00:00:00	-0.795496	-0.00285334	0.360792	0	-0.000344209	-0.00109422	0.00593062	0	0	0	0	0	0	0	-0.610163	-0.266245	0.0779169	0	0	1.86586	0	0	0	0.107274	-0.0382997	0.703273
2017-01-19 00:00:00	-0.00450358	-0.344313	0.370867	0	-0.00103045	-4.71843E-05	0.00190875	0	0	0	0	0	0	0	-0.737345	-0.265711	0.0778054	0	0	1.68857	0	0	0	0.107151	-0.0372478	0.856105
2017-01-20 00:00:00	-0.195496	-0.0979756	0.308252	0	-0.000443551	0	0.00261483	0	0	0	0	0	0	0	-0.393506	-0.265444	0.0777481	0	0	1.58647	0	0	0	0.107019	-0.0345929	1.09465
2017-01-21 00:00:00	-0.2	-0.028378	0.234519	0	-0.000327249	0	0.00166704	0	0	0	0	0	0	0	-0.485611	-0.264914	0.077637	0	0	1.44755	0	0	0	0.106969	-0.0329993	0.856114
2017-01-22 00:00:00	-0.813511	0.4418	0.252638	0	0.00123433	0	0.00245433	0	0	0	0	0	0	0	-0.548167	-0.264518	0.077557	0	0	1.3557	0	0	0	0.106897	-0.0304771	0.581608
2017-01-23 00:00:00	0	-0.294519	0.310133	0	-0.000442195	0	0.00200685	0	0	0	0	0	0	0	-0.556376	-0.263919	0.0774569	0	0	1.26494	0	0	0	0.106766	-0.0295499	0.616501
2017-01-24 00:00:00	0	-0.38855	0.44062	0	-0.00156646	0	0.00202618	0	0	0	0	0	0	0	-0.520086	-0.26342	0.077352	0	0	1.1896	0	0	0	0.106609	-0.0284778	0.614106
2017-01-25 00:00:00	0	-0.391966	0.444549	0	-0.00173694	0	0.0019136	0	0	0	0	0	0	0	-0.564963	-0.262723	0.0772463	0	0	1.12302	0	0	0	0.106462	-0.0276654	0.504132
2017-01-26 00:00:00	0	-0.280604	0.331656	0	-0.0024702	0	0.00175798	0	0	0	0	0	0	0	-0.500859	-0.262189	0.0771657	0	0	1.07319	0	0	0	0.106304	-0.0265048	0.517451
2017-01-27 00:00:00	0	-0.119588	0.293768	0	-0.00329442	0	0.00134087	0	0	0	0	0	0	0	-0.715262	-0.261214	0.0770313	0	0	1.03037	0	0	0	0.106119	-0.0258068	0.383462
2017-01-28 00:00:00	-9.3955	1.43679	0.342698	0	0.0134595	-0.0173972	0.0540166	0	0	0	0	0	0	0	4.14285	-0.261785	0.0771473	0	0	1.1612	0	0	0	0.106201	-0.0268124	-2.36712
2017-01-29 00:00:00	-0.977482	-0.0160282	0.317039	0	-0.00308167	-0.00215221	0.00883997	0	0	0	0	0	0	0	-0.257468	-0.262109	0.0772027	0	0	1.34798	0	0	0	0.106501	-0.0300267	0.309213
2017-01-30 00:00:00	-0.395496	-0.0139187	0.338604	0	-0.000647216	-0.000190918	0.00305324	0	0	0	0	0	0	0	-0.807408	-0.261559	0.0770955	0	0	1.27023	0	0	0	0.106438	-0.0296558	0.286545
2017-01-31 00:00:00	-1.1955	0.0139628	0.437132	0	0.000519345	-0.00172834	0.00759857	0	0	0	0	0	0	0	0.142338	-0.261122	0.0770313	0	0	1.22978	0	0	0	0.106188	-0.0286671	0.527534
2017-02-01 00:00:00	-0.390993	-0.0294447	0.397925	0	-0.000566596	-0.000130948	0.00259029	0	0	0	0	0	0	0	-0.515193	-0.26034	0.0769509	0	0	1.18431	0	0	0	0.106133	-0.0280048	0.543238
2017-02-02 00:00:00	-0.809007	0.0123959	0.560535	0	0.000126298	-0.000298845	0.00308856	0	0	0	0	0	0	0	-0.609112	-0.259766	0.0767809	0	0	1.12708	0	0	0	0.105993	-0.0272642	0.180554
2017-02-03 00:00:00	-6.84504	0.00194004	0.528921	0	0.00231018	-0.0159584	0.0481183	0	0	0	0	0	0	0	3.18118	-0.26022	0.0768879	0	0	1.26122	0	0	0	0.106101	-0.0281635	-1.9427
2017-02-04 00:00:00	-5.57298	-0.00655796	0.468749	0	-0.000325977	-0.0134121	0.0413318	0	0	0	0	0	0	0	2.36126	-0.26098	0.0770435	0	0	1.49432	0	0	0	0.106426	-0.03233	-1.33746
2017-02-05 00:00:00	-0.2	-0.176274	0.381716	0	-0.00228369	-0.000359605	0.00340821	0	0	0	0	0	0	0	-0.695775	-0.260825	0.0770243	0	0	1.51039	0	0	0	0.106539	-0.0338953	0.709667
2017-02-06 00:00:00	-2.38199	0.160039	0.402223	0	0.00142694	-0.00435519	0.0149675	0	0	0	0	0	0	0	0.605191	-0.26061	0.0769773	0	0	1.45116	0	0	0	0.106487	-0.0321592	0.139362
2017-02-07 00:00:00	-3.26305	-0.0049314	0.461305	0	0.00026551	-0.00701894	0.0227169	0	0	0	0	0	0	0	1.07248	-0.260702	0.0770086	0	0	1.47835	0	0	0	0.106594	-0.0325069	-0.349481
2017-02-08 00:00:00	0	-0.401068	0.435683	0	-0.00255126	-0.000236783	0.00270218	0	0	0	0	0	0	0	-0.528873	-0.260387	0.0769589	0	0	1.4317	0	0	0	0.106598	-0.0325812	0.827945
2017-02-09 00:00:00	0	-0.382456	0.434611	0	-0.00151477	0	0.00221341	0	0	0	0	0	0	0	-0.840314	-0.259819	0.0768424	0	0	1.31405	0	0	0	0.106619	-0.0305776	0.419652
2017-02-10 00:00:00	-0.2	-0.201555	0.432051	0	-0.000927902	0	0.00248021	0	0	0	0	0	0	0	-0.511351	-0.258724	0.0767663	0	0	1.24753	0	0	0	0.106379	-0.0289817	0.663666
2017-02-11 00:00:00	-9.06571	0.965372	0.280571	0	0.00659561	-0.0184118	0.0556615	0	0	0	0	0	0	0	4.00722	-0.259565	0.0769319	0	0	1.37706	0	0	0	0.106497	-0.0302679	-2.49804
2017-02-12 00:00:00	-3.95496	-0.00808039	0.270616	0	-0.0010246	-0.00994688	0.0311556	0	0	0	0	0	0	0	1.44797	-0.260243	0.0771398	0	0	1.61692	0	0	0	0.106904	-0.0341898	-0.717745
2017-02-13 00:00:00	-1.75947	-0.0140877	0.315682	0	-0.000991382	-0.00394684	0.0140526	0	0	0	0	0	0	0	0.27269	-0.260181	0.0771261	0	0	1.62129	0	0	0	0.107021	-0.0347046	0.334486
2017-02-14 00:00:00	0	-0.294146	0.315733	0	-0.00167875	-0.000154086	0.00273321	0	0	0	0	0	0	0	-0.849387	-0.259712	0.0770172	0	0	1.49939	0	0	0	0.107069	-0.0340639	0.562803
2017-02-15 00:00:00	-0.595496	0.281313	0.27923	0	0.000335155	0	0.00267175	0	0	0	0	0	0	0	-0.417736	-0.25946	0.0769376	0	0	1.40856	0	0	0	0.106853	-0.0319901	0.851219
2017-02-16 00:00:00	-1.00901	0.00308181	0.32176	0	0.000800243	-0.00138054	0.00627172	0	0	0	0	0	0	0	-0.293624	-0.258985	0.0768236	0	0	1.31897	0	0	0	0.106839	-0.0310565	0.240492
2017-02-17 00:00:00	-0.00450358	-0.318156	0.348422	0	-0.00133567	-8.19002E-05	0.00264794	0	0	0	0	0	0	0	-0.466201	-0.258686	0.0767729	0	0	1.26879	0	0	0	0.106753	-0.0292925	0.725131
2017-02-18 00:00:00	-1.84504	0.306341	0.356566	0	0.00170859	-0.00246593	0.00969068	0	0	0	0	0	0	0	0.155947	-0.258382	0.0766552	0	0	1.22011	0	0	0	0.106634	-0.0285323	0.099232
2017-02-19 00:00:00	-1.20901	-0.00210835	0.481573	0	-0.000344291	-0.0017868	0.00781793	0	0	0	0	0	0	0	-0.171711	-0.258138	0.0765919	0	0	1.20819	0	0	0	0.106597	-0.0283393	0.209333
2017-02-20 00:00:00	-3.18199	-0.00869707	0.529603	0	0.000942089	-0.00670892	0.021299	0	0	0	0	0	0	0	0.969136	-0.258104	0.0765885	0	0	1.24113	0	0	0	0.106606	-0.0284028	-0.538597
2017-02-21 00:00:00	-5.16847	-0.00855226	0.630849	0	0.000919862	-0.0117271	0.0358967	0	0	0	0	0	0	0	2.2221	-0.258498	0.0766703	0	0	1.37565	0	0	0	0.106731	-0.0298923	-1.02832
2017-02-22 00:00:00	-0.8	-0.0114605	0.690788	0	-0.00238567	-0.000402944	0.00396534	0	0	0	0	0	0	0	-0.447488	-0.258285	0.0766382	0	0	1.38647	0	0	0	0.106849	-0.0310714	0.713623
2017-02-23 00:00:00	-27.8874	0.00912952	0.581564	0	0.00810962	-0.0806092	0.208766	0	0	0	0	0	0	0	14.8556	-0.261707	0.0773268	0	0	2.1805	0	0	0	0.107818	-0.0374467	-10.2383
2017-02-24 00:00:00	-12.1838	-0.00846032	0.625016	0	-0.00290883	-0.040864	0.097861	0	0	0	0	0	0	0	5.46219	-0.264579	0.078008	0	0	3.13283	0	0	0	0.109766	-0.0489559	-3.04393
2017-02-25 00:00:00	-11.809	-0.0157541	0.775513	0	0.000839963	-0.0363017	0.0889516	0	0	0	0	0	0	0	5.21783	-0.266361	0.0784548	0	0	3.48574	0	0	0	0.110897	-0.0522698	-2.42147
2017-02-26 00:00:00	-3.79099	0.0158709	0.761455	0	-0.00445787	-0.0119194	0.0303535	0	0	0	0	0	0	0	0.580419	-0.266941	0.0786386	0	0	3.41715	0	0	0	0.111823	-0.052817	0.868579
2017-02-27 00:00:00	-1.81351	-0.0185874	0.65732	0	-0.000703798	-0.00375774	0.0115264	0	0	0	0	0	0	0	-0.0343409	-0.266887	0.078639	0	0	3.08048	0	0	0	0.112163	-0.0512121	1.75112
2017-02-28 00:00:00	-15.245	0.0118714	0.565618	0	0.0036014	-0.0445075	0.114402	0	0	0	0	0	0	0	7.05348	-0.268703	0.0790391	0	0	3.29541	0	0	0	0.113075	-0.0503762	-4.37212
2017-03-01 00:00:00	-3.22702	-0.0062141	0.562635	0	-0.00299697	-0.0103513	0.026458	0	0	0	0	0	0	0	0.482525	-0.269538	0.079309	0	0	3.35986	0	0	0	0.114065	-0.052626	1.0561
2017-03-02 00:00:00	-1.24954	-0.00203571	0.636612	0	-0.000918644	-0.00191858	0.00849066	0	0	0	0	0	0	0	-0.599428	-0.269311	0.0792992	0	0	3.00603	0	0	0	0.114204	-0.0504624	1.67102
2017-03-03 00:00:00	-5.53245	-0.00823679	0.680689	0	0.00175934	-0.0140662	0.0394316	0	0	0	0	0	0	0	1.89695	-0.269631	0.0793598	0	0	2.8368	0	0	0	0.114369	-0.048508	-0.223525
2017-03-04 00:00:00	-7.75947	-0.00674743	0.781969	0	0.000952978	-0.0214739	0.0567381	0	0	0	0	0	0	0	2.72441	-0.270593	0.0795628	0	0	2.90879	0	0	0	0.11507	-0.0478702	-1.43866
2017-03-05 00:00:00	-1.5955	-0.0120524	0.70086	0	-0.00258158	-0.0035902	0.0114625	0	0	0	0	0	0	0	-0.309193	-0.270608	0.0796175	0	0	2.75927	0	0	0	0.115432	-0.0478254	1.4253
2017-03-06 00:00:00	-1.8045	0.0139346	0.756019	0	-3.45615E-05	-0.00253074	0.0117847	0	0	0	0	0	0	0	-0.509082	-0.270459	0.0795869	0	0	2.50495	0	0	0	0.115579	-0.0448341	0.850412
2017-03-07 00:00:00	-2.8	-0.0115258	0.858198	0	0.000486014	-0.00479631	0.0170302	0	0	0	0	0	0	0	0.220519	-0.270463	0.0795853	0	0	2.32488	0	0	0	0.115672	-0.0429878	0.486598
2017-03-08 00:00:00	-2.0045	2.37991E-05	0.90864	0	-0.000422468	-0.00266911	0.0115172	0	0	0	0	0	0	0	-0.0797665	-0.270304	0.0795694	0	0	2.15748	0	0	0	0.115699	-0.0417593	0.873505
2017-03-09 00:00:00	-3.82702	-0.00297768	0.948269	0	0.000991133	-0.00737526	0.0240415	0	0	0	0	0	0	0	0.670821	-0.270483	0.0796108	0	0	2.08232	0	0	0	0.115875	-0.0398717	-0.225803
2017-03-10 00:00:00	-0.2	-0.672836	0.951362	0	-0.00411509	-0.000245873	0.00365119	0	0	0	0	0	0	0	-0.766922	-0.270259	0.0795779	0	0	1.93425	0	0	0	0.11592	-0.0392431	1.13114
2017-03-11 00:00:00	-1.38199	0.258433	1.12308	0	-1.19784E-05	0	0.00342041	0	0	0	0	0	0	0	-0.759868	-0.269985	0.0795179	0	0	1.76624	0	0	0	0.115825	-0.0366815	0.897975
2017-03-12 00:00:00	-0.204504	-0.712537	1.06496	0	-0.00618957	0	0.00306114	0	0	0	0	0	0	0	-0.855755	-0.269664	0.079448	0	0	1.61098	0	0	0	0.115699	-0.0348276	0.790678
2017-03-13 00:00:00	0	-0.416191	0.97691	0	-0.0108055	0	0.00162073	0	0	0	0	0	0	0	-1.03877	-0.269292	0.0793638	0	0	1.45622	0	0	0	0.115569	-0.0333705	0.861259
2017-03-14 00:00:00	-0.995496	-0.0943367	1.18713	0	-0.00288036	0	0.00134789	0	0	0	0	0	0	0	-0.496303	-0.268925	0.0792817	0	0	1.33172	0	0	0	0.115538	-0.0313384	0.825748
2017-03-15 00:00:00	0	-0.0711864	1.02053	0	-0.0150188	0	0.00263991	0	0	0	0	0	0	0	-1.2764	-0.268679	0.0792261	0	0	1.24148	0	0	0	0.11534	-0.0292821	0.798653
2017-03-16 00:00:00	-1.20901	0.115729	1.10029	0	-8.75733E-05	0	0.00278572	0	0	0	0	0	0	0	-0.41766	-0.268265	0.0791418	0	0	1.1421	0	0	0	0.115235	-0.0279476	0.632314
2017-03-17 00:00:00	-9.71709	1.55624	1.10846	0	0.0407977	-0.00821687	0.0360167	0	0	0	0	0	0	0	3.3221	-0.268806	0.0792693	0	0	1.25511	0	0	0	0.115318	-0.0287279	-2.50953
2017-03-18 00:00:00	-5.8	-0.00942622	1.18534	0	-0.00103632	-0.0118469	0.0380509	0	0	0	0	0	0	0	1.85665	-0.269719	0.079529	0	0	1.56877	0	0	0	0.115701	-0.0329824	-1.28096
2017-03-19 00:00:00	-6.23152	0.00161997	1.23016	0	-4.05913E-05	-0.0125561	0.0407359	0	0	0	0	0	0	0	2.16072	-0.270276	0.0796901	0	0	1.73178	0	0	0	0.11604	-0.0354757	-1.18913
2017-03-20 00:00:00	-3.48107	0.00396254	1.12964	0	-0.00110439	-0.00639361	0.0211793	0	0	0	0	0	0	0	0.595206	-0.270514	0.0798007	0	0	1.79665	0	0	0	0.116243	-0.0367798	-0.0531749
2017-03-21 00:00:00	-0.77564	-0.0816167	0.675685	0	-0.00165933	-0.000287828	0.00348565	0	0	0	0	0	0	0	-0.529297	-0.270324	0.079831	0	0	1.70466	0	0	0	0.116266	-0.0363255	0.884775
2017-03-22 00:00:00	-15.8045	0.0761076	0.645432	0	0.00518792	-0.0445608	0.11659	0	0	0	0	0	0	0	7.41383	-0.272169	0.0802646	0	0	2.10423	0	0	0	0.116758	-0.0373889	-5.60022
2017-03-23 00:00:00	-33.1361	-0.00897659	0.983166	0	0.00793361	-0.103898	0.254583	0	0	0	0	0	0	0	15.4884	-0.277691	0.0813603	0	0	3.71198	0	0	0	0.118606	-0.0502147	-12.9309
2017-03-24 00:00:00	0	-1.06382	1.34008	0	-0.0198499	-0.00722833	0.0138226	0	0	0	0	0	0	0	-1.33442	-0.280014	0.0818791	0	0	4.22211	0	0	0	0.120065	-0.061582	3.01105
2017-03-25 00:00:00	0	-0.582752	1.56089	0	-0.0180492	-0.000585612	0.00261614	0	0	0	0	0	0	0	-1.84579	-0.27986	0.0817039	0	0	3.43287	0	0	0	0.120143	-0.058342	2.41284
2017-03-26 00:00:00	0	-0.00706731	1.69606	0	-0.0239533	-7.37879E-05	0.00132355	0	0	0	0	0	0	0	-1.90321	-0.279619	0.0816234	0	0	3.04111	0	0	0	0.120504	-0.0517531	2.67494
2017-03-27 00:00:00	0	0	1.67283	0	-0.0109448	0	0.00176213	0	0	0	0	0	0	0	-1.84209	-0.279213	0.0815075	0	0	2.58903	0	0	0	0.120791	-0.0464942	2.28718
2017-03-28 00:00:00	-1.2045	0.00256205	1.32897	0	-7.34089E-05	0	0.00378684	0	0	0	0	0	0	0	-0.884484	-0.278799	0.0814031	0	0	2.2243	0	0	0	0.121015	-0.0425248	1.35165
2017-03-29 00:00:00	-0.795496	-0.00256205	1.41796	0	-0.00138207	0	0.00293043	0	0	0	0	0	0	0	-1.25753	-0.278439	0.0813251	0	0	1.9669	0	0	0	0.12104	-0.0396264	1.21511
2017-03-30 00:00:00	-1.9955	0.567754	1.39492	0	-3.56404E-05	0	0.00322525	0	0	0	0	0	0	0	-0.577022	-0.278048	0.0812438	0	0	1.74724	0	0	0	0.12101	-0.0373925	1.02739
2017-03-31 00:00:00	-2.78199	0.585967	1.56148	0	6.4119E-05	0	0.0049196	0	0	0	0	0	0	0	-0.339044	-0.277899	0.0812124	0	0	1.63027	0	0	0	0.12099	-0.0353043	0.55067
2017-04-01 00:00:00	-0.2	-1.0483	1.51092	0	-0.000128115	0	0.00325791	0	0	0	0	0	0	0	-0.807012	-0.27757	0.0811694	0	0	1.50454	0	0	0	0.121001	-0.0339475	0.853933
2017-04-02 00:00:00	0	-0.105422	1.24854	0	-0.000557771	0	0.000699887	0	0	0	0	0	0	0	-1.33669	-0.277224	0.0811129	0	0	1.35612	0	0	0	0.120984	-0.0315154	1.05605
2017-04-03 00:00:00	0	0	1.26233	0	0.00052072	0	0.00196273	0	0	0	0	0	0	0	-1.78136	-0.276591	0.0810137	0	0	1.16071	0	0	0	0.120993	-0.02952	0.540058
2017-04-04 00:00:00	-0.409007	0	1.41902	0	-0.000675081	0	0.00186975	0	0	0	0	0	0	0	-0.997691	-0.276408	0.0809857	0	0	1.08557	0	0	0	0.120923	-0.0269498	0.997634
2017-04-05 00:00:00	0	0	1.32784	0	0.000441975	0	0.00103597	0	0	0	0	0	0	0	-1.45377	-0.275827	0.0808785	0	0	0.958491	0	0	0	0.120732	-0.0259482	0.733871
2017-04-06 00:00:00	0	0	1.30689	0	-0.00333494	0	0.000634018	0	0	0	0	0	0	0	-0.557059	-0.27525	0.0807999	0	0	0.882284	0	0	0	0.120844	-0.0245755	1.53124
2017-04-07 00:00:00	-0.4	0	1.44354	0	0.00111495	0	0.00036496	0	0	0	0	0	0	0	-1.63847	-0.275096	0.0807499	0	0	0.829055	0	0	0	0.121021	-0.0225279	0.139742
2017-04-08 00:00:00	0	0	1.59026	0	-0.000837976	0	0.000643436	0	0	0	0	0	0	0	-1.5513	-0.274622	0.0806965	0	0	0.767082	0	0	0	0.120463	-0.0214159	0.710967
2017-04-09 00:00:00	-0.2	0	1.5014	0	7.83796E-05	0	0.00277306	0	0	0	0	0	0	0	-1.17444	-0.27434	0.0806367	0	0	0.731839	0	0	0	0.120198	-0.0199913	0.768155
2017-04-10 00:00:00	-0.00900716	0	1.37728	0	-0.00026211	0	0.00164647	0	0	0	0	0	0	0	-1.67825	-0.273784	0.080518	0	0	0.683116	0	0	0	0.120207	-0.0194019	0.282063
2017-04-11 00:00:00	-0.627021	0.00339263	1.56902	0	-3.19401E-05	0	0.00196513	0	0	0	0	0	0	0	-0.850553	-0.273552	0.0804574	0	0	0.663204	0	0	0	0.119857	-0.018675	0.668064
2017-04-12 00:00:00	-0.613511	-0.00339263	1.54673	0	-0.000402476	0	0.00104489	0	0	0	0	0	0	0	-1.08929	-0.272997	0.0803392	0	0	0.647186	0	0	0	0.119768	-0.0184652	0.397015
2017-04-13 00:00:00	-0.4	0	1.40638	0	2.3494E-05	0	0.00147083	0	0	0	0	0	0	0	-1.10426	-0.272614	0.0802304	0	0	0.633161	0	0	0	0.119388	-0.0182406	0.445545
2017-04-14 00:00:00	-1.82702	0.134818	1.70021	0	0.000259475	0	0.00228878	0	0	0	0	0	0	0	-0.116887	-0.272327	0.0802162	0	0	0.641871	0	0	0	0.119309	-0.0181608	0.444575
2017-04-15 00:00:00	-0.204504	-0.134818	1.43583	0	-0.000485499	0	0.00128125	0	0	0	0	0	0	0	-1.19783	-0.271948	0.0801462	0	0	0.645406	0	0	0	0.119012	-0.0183705	0.45372
2017-04-16 00:00:00	-4.60901	1.61759	1.59067	0	0.00201702	0	0.00463746	0	0	0	0	0	0	0	0.555405	-0.271774	0.0800946	0	0	0.67816	0	0	0	0.118859	-0.0183946	-0.251742
2017-04-17 00:00:00	0	-1.14601	1.53747	0	0.000441518	0	0.00229093	0	0	0	0	0	0	0	-0.88773	-0.271541	0.0800424	0	0	0.720159	0	0	0	0.118783	-0.0192433	0.134667
2017-04-18 00:00:00	0	-0.471573	1.73193	0	-0.0034958	0	0	0	0	0	0	0	0	0	-0.736892	-0.270999	0.0798947	0	0	0.69641	0	0	0	0.11854	-0.019408	1.12441
2017-04-19 00:00:00	-0.00450358	0	1.52548	0	-0.000248063	0	0	0	0	0	0	0	0	0	-1.82047	-0.270618	0.0798274	0	0	0.649469	0	0	0	0.11875	-0.0191062	0.258578
2017-04-20 00:00:00	-0.2	0	1.79874	0	0.000849181	0	0.00111324	0	0	0	0	0	0	0	-1.69426	-0.270343	0.0797703	0	0	0.618546	0	0	0	0.118098	-0.0181273	0.434389
2017-04-21 00:00:00	-1.0045	0	1.80592	0	0.000388788	0	0.00114435	0	0	0	0	0	0	0	-0.978689	-0.269666	0.079624	0	0	0.60231	0	0	0	0.117981	-0.0176617	0.33685
2017-04-22 00:00:00	0	0	1.48868	0	-0.000863415	0	0.000904027	0	0	0	0	0	0	0	-1.27288	-0.269461	0.0795851	0	0	0.582981	0	0	0	0.117813	-0.0173664	0.709397
2017-04-23 00:00:00	0	0	1.57828	0	0.000485477	0	4.7029E-05	0	0	0	0	0	0	0	-1.53617	-0.268797	0.0794289	0	0	0.551054	0	0	0	0.117609	-0.0168894	0.505054
2017-04-24 00:00:00	-1.4045	0.000543814	1.64254	0	-0.000471146	0	0.00234557	0	0	0	0	0	0	0	-0.318103	-0.26859	0.0793389	0	0	0.554225	0	0	0	0.117529	-0.0164458	0.388411
2017-04-25 00:00:00	-4.01801	1.48109	1.42053	0	0.000917746	0	0.00367556	0	0	0	0	0	0	0	0.396985	-0.268418	0.0793067	0	0	0.599451	0	0	0	0.117165	-0.0170578	-0.204366
2017-04-26 00:00:00	-0.00450358	-1.04384	1.27222	0	0.000406381	0	0.00211045	0	0	0	0	0	0	0	-0.522655	-0.26819	0.0792515	0	0	0.651096	0	0	0	0.117043	-0.0181152	0.264823
2017-04-27 00:00:00	-0.413511	-0.435544	1.85845	0	-0.00123395	0	7.17252E-05	0	0	0	0	0	0	0	-0.998015	-0.267831	0.0791758	0	0	0.652839	0	0	0	0.116773	-0.0184241	0.572747
2017-04-28 00:00:00	0	-0.00225726	1.82597	0	0.000136996	0	0.000314299	0	0	0	0	0	0	0	-1.7024	-0.267194	0.0790451	0	0	0.603509	0	0	0	0.116611	-0.0182638	0.635464
2017-04-29 00:00:00	-0.195496	0	1.77947	0	-0.00197077	0	0.000183648	0	0	0	0	0	0	0	-0.738524	-0.266604	0.0789292	0	0	0.568838	0	0	0	0.116449	-0.0176098	1.32366
2017-04-30 00:00:00	0	0	1.84428	0	-4.81964E-05	0	0	0	0	0	0	0	0	0	-2.09338	-0.266393	0.0788539	0	0	0.527058	0	0	0	0.116616	-0.0167878	0.190201
2017-05-01 00:00:00	0	0	1.83751	0	-8.32082E-05	0	0	0	0	0	0	0	0	0	-1.64356	-0.266006	0.0787482	0	0	0.493351	0	0	0	0.116078	-0.0159738	0.600066
2017-05-02 00:00:00	0	0	1.78136	0	-3.99754E-05	0	0	0	0	0	0	0	0	0	-1.54473	-0.265569	0.0786388	0	0	0.466485	0	0	0	0.115895	-0.0151711	0.616864
2017-05-03 00:00:00	-0.195496	0	1.76582	0	0.000192967	0	0	0	0	0	0	0	0	0	-1.49761	-0.265184	0.0785292	0	0	0.449911	0	0	0	0.115678	-0.0146351	0.437212
2017-05-04 00:00:00	0	0	1.76938	0	-0.000130776	0	0	0	0	0	0	0	0	0	-1.50498	-0.264841	0.0784163	0	0	0.431647	0	0	0	0.115449	-0.0143403	0.610601
2017-05-05 00:00:00	0	0	1.73188	0	-7.19137E-05	0	0	0	0	0	0	0	0	0	-1.46101	-0.264607	0.0783024	0	0	0.415179	0	0	0	0.115214	-0.0139999	0.600885
2017-05-06 00:00:00	-0.00450358	0	1.73082	0	-9.29619E-05	0	0	0	0	0	0	0	0	0	-1.6712	-0.264064	0.0781881	0	0	0.401013	0	0	0	0.114974	-0.0137138	0.371417
2017-05-07 00:00:00	0	0	1.80598	0	-0.000221167	0	0	0	0	0	0	0	0	0	-1.62473	-0.263672	0.0780717	0	0	0.386402	0	0	0	0.114728	-0.0134762	0.483076
2017-05-08 00:00:00	0	0	1.66014	0	-3.70358E-05	0	0	0	0	0	0	0	0	0	-1.50906	-0.263472	0.077953	0	0	0.376415	0	0	0	0.114482	-0.0131882	0.443226
2017-05-09 00:00:00	0	0	1.87573	0	-0.000417498	0	0	0	0	0	0	0	0	0	-1.68539	-0.26292	0.0778335	0	0	0.36233	0	0	0	0.114244	-0.0128915	0.468521
2017-05-10 00:00:00	0	0	2.03238	0	-0.000635235	0	0	0	0	0	0	0	0	0	-1.84459	-0.262347	0.077679	0	0	0.34362	0	0	0	0.113998	-0.0125883	0.447515
2017-05-11 00:00:00	0	0	3.99676	0	-0.00178848	0	0	0	0	0	0	0	0	0	-3.29282	-0.261818	0.0774777	0	0	0.275026	0	0	0	0.113753	-0.0122455	0.894342
2017-05-12 00:00:00	0	0	2.34117	0	-5.38365E-05	0	0	0	0	0	0	0	0	0	-1.9107	-0.261575	0.0773476	0	0	0.245038	0	0	0	0.113568	-0.0111261	0.593666
2017-05-13 00:00:00	-2.38649	0.0036998	2.45875	0	0.000701364	0	0	0	0	0	0	0	0	0	-0.1611	-0.261059	0.0772432	0	0	0.281799	0	0	0	0.113316	-0.0106869	0.116178
2017-05-14 00:00:00	0	-0.0036998	1.99252	0	-0.000659074	0	0	0	0	0	0	0	0	0	-1.82071	-0.260573	0.0771267	0	0	0.284672	0	0	0	0.112972	-0.0112629	0.370377
2017-05-15 00:00:00	-9.01351	1.73672	2.66018	0	0.00511301	0	0.00190731	0	0	0	0	0	0	0	2.67591	-0.261143	0.0772112	0	0	0.385671	0	0	0	0.112721	-0.0118153	-1.63104
2017-05-16 00:00:00	-2.2045	-0.364809	2.62706	0	-1.24462E-05	0	0.00179864	0	0	0	0	0	0	0	-0.334748	-0.260922	0.0771732	0	0	0.492665	0	0	0	0.112764	-0.0146853	0.131782
2017-05-17 00:00:00	0	-1.36278	2.63703	0	-0.00138245	0	0.000106441	0	0	0	0	0	0	0	-1.33399	-0.260528	0.0770544	0	0	0.514393	0	0	0	0.112428	-0.0155336	0.366801
2017-05-18 00:00:00	0	-0.00912421	2.0356	0	-0.00204625	0	0	0	0	0	0	0	0	0	-1.47914	-0.259952	0.0767906	0	0	0.468735	0	0	0	0.112197	-0.0153989	0.927661
2017-05-19 00:00:00	-0.4	0	2.12835	0	-0.000388426	0	0	0	0	0	0	0	0	0	-1.90409	-0.259624	0.0766866	0	0	0.434655	0	0	0	0.112196	-0.0146585	0.173123
2017-05-20 00:00:00	-17	1.77119	2.39146	0	0.00389765	0	0.012159	0	0	0	0	0	0	0	7.65082	-0.261353	0.077038	0	0	0.693572	0	0	0	0.112091	-0.0161334	-4.56527
2017-05-21 00:00:00	-0.209007	-1.47433	2.32339	0	-0.000253361	0	0.000903871	0	0	0	0	0	0	0	-1.03831	-0.261564	0.0771183	0	0	0.900081	0	0	0	0.112726	-0.0223352	0.408426
2017-05-22 00:00:00	-2.8045	0.0445135	2.79822	0	0.000173857	0	0.00174024	0	0	0	0	0	0	0	-0.418739	-0.261109	0.0770006	0	0	0.864079	0	0	0	0.112463	-0.0219879	0.391848
2017-05-23 00:00:00	-0.8	-0.337816	2.86061	0	-0.00138169	0	2.49943E-05	0	0	0	0	0	0	0	-1.54595	-0.260713	0.07688	0	0	0.808786	0	0	0	0.112224	-0.0213667	0.891291
2017-05-24 00:00:00	-0.2	-0.00356689	2.44897	0	-0.000135134	0	0	0	0	0	0	0	0	0	-2.09568	-0.260062	0.0764533	0	0	0.694277	0	0	0	0.112126	-0.0203026	0.752078
2017-05-25 00:00:00	0	0	3.86051	0	-0.00359542	0	0	0	0	0	0	0	0	0	-2.57926	-0.258901	0.0763202	0	0	0.559617	0	0	0	0.111819	-0.0189638	1.74754
2017-05-26 00:00:00	0	0	2.51775	0	-7.11032E-05	0	0	0	0	0	0	0	0	0	-2.46537	-0.258543	0.0762423	0	0	0.473424	0	0	0	0.112089	-0.0165443	0.43898
2017-05-27 00:00:00	-11.9928	1.74117	3.05282	0	0.00520891	0	0.00310708	0	0	0	0	0	0	0	4.00903	-0.259746	0.0764457	0	0	0.678886	0	0	0	0.1117	-0.0151146	-2.58933
2017-05-28 00:00:00	0	-1.74055	2.72631	0	-0.00104194	0	0.00043698	0	0	0	0	0	0	0	-0.989557	-0.259351	0.0763636	0	0	0.726171	0	0	0	0.112083	-0.0193768	0.63149
2017-05-29 00:00:00	-0.395496	-0.000620331	2.32074	0	-0.000242305	0	0	0	0	0	0	0	0	0	-1.80896	-0.258671	0.0761883	0	0	0.649475	0	0	0	0.111863	-0.0193417	0.674927
2017-05-30 00:00:00	-0.809007	0	2.39712	0	-0.00209371	0	0	0	0	0	0	0	0	0	-0.933751	-0.25821	0.076073	0	0	0.597054	0	0	0	0.111778	-0.018366	1.1606
2017-05-31 00:00:00	0	0	3.07703	0	-0.0017267	0	0	0	0	0	0	0	0	0	-3.05974	-0.257894	0.075977	0	0	0.504425	0	0	0	0.11173	-0.0175114	0.432285
2017-06-01 00:00:00	-0.00450358	0	2.40463	0	-7.0297E-05	0	0	0	0	0	0	0	0	0	-2.01301	-0.257442	0.0758575	0	0	0.436691	0	0	0	0.111289	-0.0154451	0.737997
2017-06-02 00:00:00	-0.795496	0	2.78441	0	-4.41358E-05	0	0	0	0	0	0	0	0	0	-1.81834	-0.256711	0.0757656	0	0	0.395832	0	0	0	0.111071	-0.0141375	0.482356
2017-06-03 00:00:00	0	0	3.3632	0	-3.7415E-05	0	0	0	0	0	0	0	0	0	-2.79742	-0.25613	0.0756438	0	0	0.326327	0	0	0	0.110805	-0.0134379	0.808953
2017-06-04 00:00:00	-1.01801	0	2.30753	0	0	0	0	0	0	0	0	0	0	0	-1.37067	-0.255794	0.0754319	0	0	0.313673	0	0	0	0.110619	-0.0119797	0.150788
2017-06-05 00:00:00	-9.8	1.82948	2.75707	0	0.00462281	0	0	0	0	0	0	0	0	0	3.19955	-0.256322	0.0755141	0	0	0.421276	0	0	0	0.110361	-0.0124981	-1.67094
2017-06-06 00:00:00	-44.427	0.0373864	2.57951	0	0.0753182	-0.0696846	0.202185	0	0	0	0	0	0	0	24.8592	-0.261711	0.0766482	0	0	1.38788	0	0	0	0.11243	-0.026059	-15.4539
2017-06-07 00:00:00	-0.809007	-1.46802	2.75111	0	-0.0207016	-0.0012566	0.00712113	0	0	0	0	0	0	0	-1.09259	-0.264709	0.077294	0	0	2.12417	0	0	0	0.114449	-0.0402166	1.37764
2017-06-08 00:00:00	-13.636	1.46944	3.01445	0	0.0160263	-0.0202469	0.0632904	0	0	0	0	0	0	0	4.86732	-0.265265	0.0774196	0	0	2.09286	0	0	0	0.114666	-0.0392187	-2.24529
2017-06-09 00:00:00	-0.2	-1.82385	3.00856	0	-0.0259262	-0.000450932	0.00275521	0	0	0	0	0	0	0	-1.43905	-0.265622	0.0775104	0	0	2.07118	0	0	0	0.115141	-0.0398433	1.4804
2017-06-10 00:00:00	-3.0045	-0.0232685	3.12382	0	-0.00309872	0	0.00103779	0	0	0	0	0	0	0	-0.660937	-0.265068	0.0773915	0	0	1.81854	0	0	0	0.11503	-0.0373483	1.14159
2017-06-11 00:00:00	-3.18649	0.124787	3.0904	0	-0.00178427	0	0.00132579	0	0	0	0	0	0	0	-0.467336	-0.264575	0.0772885	0	0	1.63725	0	0	0	0.114897	-0.0353064	1.09046
2017-06-12 00:00:00	-0.204504	-0.145952	2.6765	0	-0.0309533	0	0	0	0	0	0	0	0	0	-2.25416	-0.264067	0.0771791	0	0	1.4394	0	0	0	0.114743	-0.0329834	1.37521
2017-06-13 00:00:00	-2.34596	0	2.95997	0	-0.00260517	0	0	0	0	0	0	0	0	0	-0.338411	-0.263337	0.0770129	0	0	1.22684	0	0	0	0.114716	-0.030267	1.39795
2017-06-14 00:00:00	0	0	2.89331	0	-0.00915819	0	0	0	0	0	0	0	0	0	-2.98344	-0.262901	0.076914	0	0	1.06091	0	0	0	0.114793	-0.0282362	0.862197
2017-06-15 00:00:00	-8.43603	1.8841	3.14839	0	0.0134864	0	0.00331418	0	0	0	0	0	0	0	1.85387	-0.26306	0.0769491	0	0	1.07551	0	0	0	0.114447	-0.0259763	-0.555007
2017-06-16 00:00:00	-0.8	-1.65152	3.13577	0	-0.00492168	0	0.0007903	0	0	0	0	0	0	0	-0.963562	-0.262836	0.0769038	0	0	1.08487	0	0	0	0.114511	-0.0264427	0.703566
2017-06-17 00:00:00	0	-0.232576	3.07993	0	-0.00703314	0	0	0	0	0	0	0	0	0	-2.81664	-0.262142	0.0767458	0	0	0.919815	0	0	0	0.114338	-0.0256293	0.846808
2017-06-18 00:00:00	0	0	3.18447	0	-0.00322605	0	0	0	0	0	0	0	0	0	-1.9293	-0.261474	0.0765944	0	0	0.756145	0	0	0	0.114059	-0.0231118	1.91416
2017-06-19 00:00:00	-0.00450358	0	3.17661	0	-0.000101006	0	0	0	0	0	0	0	0	0	-2.94617	-0.261141	0.0764865	0	0	0.632184	0	0	0	0.114349	-0.0200522	0.767663
2017-06-20 00:00:00	0	0	3.51319	0	-6.25242E-05	0	0	0	0	0	0	0	0	0	-2.78414	-0.260477	0.0763572	0	0	0.513417	0	0	0	0.113869	-0.0180683	1.15409
2017-06-21 00:00:00	-0.990993	0	2.86591	0	0	0	0	0	0	0	0	0	0	0	-1.40316	-0.259975	0.07624	0	0	0.46164	0	0	0	0.113675	-0.0157936	0.847542
2017-06-22 00:00:00	0	0	2.62734	0	0	0	0	0	0	0	0	0	0	0	-2.0217	-0.259624	0.0761577	0	0	0.421917	0	0	0	0.113267	-0.0143032	0.94305
2017-06-23 00:00:00	-2.02702	0	2.95858	0	0	0	0	0	0	0	0	0	0	0	-1.00604	-0.258635	0.0760054	0	0	0.403922	0	0	0	0.113143	-0.013644	0.246305
2017-06-24 00:00:00	0	0	2.37157	0	0	0	0	0	0	0	0	0	0	0	-1.89968	-0.258506	0.075923	0	0	0.380828	0	0	0	0.112625	-0.0134082	0.769349
2017-06-25 00:00:00	-0.2	0	2.37415	0	0	0	0	0	0	0	0	0	0	0	-1.39789	-0.257833	0.0757423	0	0	0.344188	0	0	0	0.112406	-0.0128011	1.03797
2017-06-26 00:00:00	0	0	2.29457	0	0	0	0	0	0	0	0	0	0	0	-2.1012	-0.25734	0.0756467	0	0	0.310233	0	0	0	0.112316	-0.0123498	0.42188
2017-06-27 00:00:00	-21.2739	1.96549	2.86864	0	0.0182061	0	0.00541952	0	0	0	0	0	0	0	9.86617	-0.259482	0.0760821	0	0	0.642874	0	0	0	0.112203	-0.0142415	-5.99254
2017-06-28 00:00:00	-0.4	-1.78744	2.936	0	-0.00359424	0	0.00016737	0	0	0	0	0	0	0	-1.04036	-0.25986	0.0761713	0	0	0.9006	0	0	0	0.112996	-0.0225137	0.512162
2017-06-29 00:00:00	-38.4721	1.85684	2.14263	0	0.064175	-0.0760066	0.210701	0	0	0	0	0	0	0	20.6095	-0.263706	0.0769387	0	0	1.59429	0	0	0	0.114172	-0.0306978	-12.1732
2017-06-30 00:00:00	-5.64053	-0.00546232	2.31804	0	-0.00512259	-0.00915673	0.0306189	0	0	0	0	0	0	0	1.15954	-0.266624	0.0775908	0	0	2.33456	0	0	0	0.115905	-0.0422006	0.0671583
2017-07-01 00:00:00	-0.395496	-1.79126	2.85621	0	-0.0155332	-0.000200957	0.00254553	0	0	0	0	0	0	0	-1.15877	-0.266247	0.0775317	0	0	2.1377	0	0	0	0.115864	-0.040671	1.52168
2017-07-02 00:00:00	-2.44053	-0.180556	3.00322	0	-0.00863938	0	0.00068033	0	0	0	0	0	0	0	-1.00927	-0.265658	0.0773919	0	0	1.85208	0	0	0	0.115782	-0.0382804	1.10622
2017-07-03 00:00:00	-0.204504	-0.0394686	2.70541	0	-0.0363986	0	0	0	0	0	0	0	0	0	-2.21755	-0.265134	0.0772715	0	0	1.60593	0	0	0	0.115582	-0.0356851	1.70546
2017-07-04 00:00:00	-12.782	2.05578	2.93176	0	0.062083	-0.00833516	0.0253597	0	0	0	0	0	0	0	4.30821	-0.265688	0.0773577	0	0	1.60374	0	0	0	0.115755	-0.0338202	-1.90978
2017-07-05 00:00:00	0	-2.04261	3.05051	0	-0.0220331	-0.000426348	0.00247586	0	0	0	0	0	0	0	-1.53796	-0.265854	0.0773916	0	0	1.63624	0	0	0	0.116068	-0.0352318	0.978573
2017-07-06 00:00:00	-1.3955	-0.0139606	3.05901	0	-0.0265505	0	0	0	0	0	0	0	0	0	-1.66834	-0.26511	0.0772036	0	0	1.36028	0	0	0	0.115827	-0.0339798	1.20888
2017-07-07 00:00:00	-0.595496	-0.0173291	2.88652	0	-0.0199857	0	0	0	0	0	0	0	0	0	-1.89177	-0.264781	0.0771364	0	0	1.24175	0	0	0	0.115871	-0.0294309	1.50248
2017-07-08 00:00:00	0	0	2.8839	0	-0.00404033	0	0	0	0	0	0	0	0	0	-2.72723	-0.263992	0.0769486	0	0	0.996845	0	0	0	0.115654	-0.0276296	1.05046
2017-07-09 00:00:00	-2.59099	0	3.17666	0	-0.000900467	0	0	0	0	0	0	0	0	0	0.0778633	-0.263625	0.076827	0	0	0.918822	0	0	0	0.1155	-0.0250934	1.48506
2017-07-10 00:00:00	-5.58199	2.03651	2.81899	0	0.00285934	0	0	0	0	0	0	0	0	0	-0.420266	-0.263374	0.0767891	0	0	0.91438	0	0	0	0.115435	-0.0235766	-0.324237
2017-07-11 00:00:00	0	-1.92795	2.67984	0	0.000838468	0	6.64976E-05	0	0	0	0	0	0	0	-0.898533	-0.262998	0.0767082	0	0	0.893026	0	0	0	0.114847	-0.0231991	0.652646
2017-07-12 00:00:00	-0.00450358	-0.108561	4.72251	0	-0.00504421	0	0	0	0	0	0	0	0	0	-3.13637	-0.262175	0.0765034	0	0	0.692944	0	0	0	0.114623	-0.0223665	2.06756
2017-07-13 00:00:00	-2.43603	0.017138	2.95227	0	0.000748461	0	0	0	0	0	0	0	0	0	-0.802609	-0.261762	0.0764137	0	0	0.654316	0	0	0	0.114834	-0.0191415	0.296182
2017-07-14 00:00:00	-0.404504	-0.017138	2.71815	0	-0.000783231	0	0	0	0	0	0	0	0	0	-2.01039	-0.261236	0.0762939	0	0	0.589296	0	0	0	0.114187	-0.018559	0.78532
2017-07-15 00:00:00	-4.1955	0.786846	3.30878	0	0.00140476	0	0	0	0	0	0	0	0	0	-0.156372	-0.260893	0.0761977	0	0	0.598173	0	0	0	0.113875	-0.0175181	0.254995
2017-07-16 00:00:00	-0.195496	-0.786846	2.76201	0	-0.000125282	0	0	0	0	0	0	0	0	0	-1.78444	-0.260498	0.076125	0	0	0.580875	0	0	0	0.113326	-0.0175326	0.487404
2017-07-17 00:00:00	0	0	2.76608	0	-0.000968887	0	0	0	0	0	0	0	0	0	-2.23255	-0.25967	0.0759404	0	0	0.493894	0	0	0	0.113089	-0.0167608	0.939054
2017-07-18 00:00:00	0	0	2.81809	0	-0.000428173	0	0	0	0	0	0	0	0	0	-1.7439	-0.258649	0.075842	0	0	0.427143	0	0	0	0.11285	-0.0153045	1.41565
2017-07-19 00:00:00	-1.81801	0	3.09552	0	0	0	0	0	0	0	0	0	0	0	-1.49435	-0.25852	0.0757328	0	0	0.407398	0	0	0	0.112858	-0.0141183	0.106508
2017-07-20 00:00:00	-2.40901	0	2.82274	0	9.4605E-06	0	0	0	0	0	0	0	0	0	-0.714618	-0.258217	0.0756369	0	0	0.424935	0	0	0	0.112152	-0.0138234	0.0398044
2017-07-21 00:00:00	0	0	2.92919	0	-9.4605E-06	0	0	0	0	0	0	0	0	0	-2.36204	-0.256824	0.0755455	0	0	0.397356	0	0	0	0.111645	-0.0139372	0.880926
2017-07-22 00:00:00	-8.58199	2.19381	3.21715	0	5.76415E-05	0	0	0	0	0	0	0	0	0	1.86692	-0.25708	0.075533	0	0	0.491848	0	0	0	0.111456	-0.0134416	-0.895727
2017-07-23 00:00:00	-4.27206	0.00524211	2.84675	0	0.000843256	0	0	0	0	0	0	0	0	0	0.672671	-0.256985	0.0755164	0	0	0.556013	0	0	0	0.111311	-0.0161041	-0.276798
2017-07-24 00:00:00	-0.195496	-2.06351	2.94971	0	0.000458003	0	0	0	0	0	0	0	0	0	-0.875132	-0.256764	0.0749976	0	0	0.597378	0	0	0	0.110925	-0.017499	0.325067
2017-07-25 00:00:00	0	-0.132049	2.57261	0	-0.00131883	0	0	0	0	0	0	0	0	0	-2.02561	-0.256223	0.0749322	0	0	0.546091	0	0	0	0.110657	-0.0172118	0.871881
2017-07-26 00:00:00	-15.0495	2.24637	2.83664	0	0.0116162	0	0.00323477	0	0	0	0	0	0	0	5.93365	-0.257179	0.07516	0	0	0.742029	0	0	0	0.110619	-0.0174557	-3.36486
2017-07-27 00:00:00	-2.44954	-0.4434	2.90484	0	-0.000775512	0	0.00154283	0	0	0	0	0	0	0	-0.516118	-0.257194	0.0751979	0	0	0.895139	0	0	0	0.110922	-0.0226458	0.297967
2017-07-28 00:00:00	-1.57748	-1.20502	2.98502	0	4.39082E-05	0	0.00170282	0	0	0	0	0	0	0	-0.459521	-0.256722	0.0750953	0	0	0.871287	0	0	0	0.110585	-0.0224556	0.522534
2017-07-29 00:00:00	-2.96397	0.052679	3.02864	0	-9.39297E-05	0	0.00160336	0	0	0	0	0	0	0	-0.261301	-0.256326	0.0749914	0	0	0.841743	0	0	0	0.110249	-0.0218049	0.606408
2017-07-30 00:00:00	-0.804504	-0.633661	2.80235	0	-0.00162762	0	0	0	0	0	0	0	0	0	-1.59861	-0.255719	0.0748965	0	0	0.782073	0	0	0	0.110001	-0.0213782	0.453817
2017-07-31 00:00:00	-2.59099	-0.00613251	2.8094	0	-0.000377544	0	0	0	0	0	0	0	0	0	0.0750381	-0.255399	0.0747644	0	0	0.749719	0	0	0	0.109653	-0.0205631	0.94511
2017-08-01 00:00:00	-3.58649	0.778426	2.7414	0	0.0010698	0	0.0016516	0	0	0	0	0	0	0	-0.735283	-0.255157	0.0747226	0	0	0.746951	0	0	0	0.109492	-0.020133	-0.143346
2017-08-02 00:00:00	-2.76397	-0.0706334	2.85548	0	-2.77068E-05	0	0.00136886	0	0	0	0	0	0	0	-0.460216	-0.25448	0.0745657	0	0	0.741469	0	0	0	0.109059	-0.0200497	0.212562
2017-08-03 00:00:00	-2.41351	-0.417205	3.02528	0	-7.43308E-05	0	0.000419048	0	0	0	0	0	0	0	-0.754561	-0.254251	0.0742534	0	0	0.736061	0	0	0	0.108668	-0.0199167	0.0851595
2017-08-04 00:00:00	-0.609007	-0.304922	2.78452	0	-0.00636612	0	0	0	0	0	0	0	0	0	-1.4455	-0.253505	0.0741768	0	0	0.670958	0	0	0	0.108423	-0.0198009	0.998978
2017-08-05 00:00:00	-0.622518	0	2.47602	0	-8.70902E-05	0	0	0	0	0	0	0	0	0	-2.19792	-0.253332	0.074083	0	0	0.617336	0	0	0	0.108224	-0.0186586	0.183141
2017-08-06 00:00:00	-7.17298	2.29148	2.57846	0	0.00469321	0	0.000155073	0	0	0	0	0	0	0	1.04969	-0.253067	0.0740428	0	0	0.63888	0	0	0	0.107649	-0.0179573	-0.698952
2017-08-07 00:00:00	-0.995496	-1.5576	2.67787	0	-7.05493E-05	0	0.00127901	0	0	0	0	0	0	0	-0.51077	-0.252829	0.0739925	0	0	0.698229	0	0	0	0.10755	-0.0191223	0.223029
2017-08-08 00:00:00	0	-0.733896	2.57575	0	-0.00419818	0	0.000241878	0	0	0	0	0	0	0	-1.48357	-0.252087	0.0738311	0	0	0.645366	0	0	0	0.107279	-0.0192394	0.909471
2017-08-09 00:00:00	0	0	2.48055	0	-0.00178552	0	0	0	0	0	0	0	0	0	-2.46606	-0.251847	0.0736621	0	0	0.563888	0	0	0	0.107248	-0.0184595	0.48719
2017-08-10 00:00:00	0	0	2.25521	0	-0.00118591	0	0	0	0	0	0	0	0	0	-2.09244	-0.251296	0.0735576	0	0	0.500924	0	0	0	0.106844	-0.0169134	0.574706
2017-08-11 00:00:00	-1.59099	0	2.70833	0	0.000140547	0	0	0	0	0	0	0	0	0	-1.17931	-0.250909	0.0734561	0	0	0.482772	0	0	0	0.106601	-0.0157355	0.334352
2017-08-12 00:00:00	-2.81351	0.141065	2.65853	0	0.00136926	0	0	0	0	0	0	0	0	0	-0.373359	-0.250627	0.0732619	0	0	0.505329	0	0	0	0.106312	-0.015226	0.0331429
2017-08-13 00:00:00	0	-0.141065	2.31263	0	-0.0018045	0	0	0	0	0	0	0	0	0	-2.10968	-0.249837	0.0732006	0	0	0.469068	0	0	0	0.105939	-0.0157874	0.442659
2017-08-14 00:00:00	-28.2649	2.4395	2.63621	0	0.0567176	-0.0295051	0.0567194	0	0	0	0	0	0	0	14.5843	-0.25209	0.0737279	0	0	0.933128	0	0	0	0.106376	-0.0197346	-7.67958
2017-08-15 00:00:00	-9.90809	-0.0180412	2.5345	0	0.0126822	-0.019472	0.0466188	0	0	0	0	0	0	0	4.06274	-0.25356	0.0741461	0	0	1.52506	0	0	0	0.107794	-0.0323459	-1.86796
2017-08-16 00:00:00	-2.21351	-0.27114	2.50166	0	-0.0038989	-0.000447414	0.00325412	0	0	0	0	0	0	0	-0.618395	-0.253395	0.0741749	0	0	1.55341	0	0	0	0.107927	-0.0340789	0.845563
2017-08-17 00:00:00	-5.25855	0.307003	2.69292	0	0.00261844	-0.00524383	0.0136293	0	0	0	0	0	0	0	0.894985	-0.253156	0.0741425	0	0	1.46993	0	0	0	0.107781	-0.032728	0.0133268
2017-08-18 00:00:00	-6.02252	-0.00783976	2.62252	0	0.00243126	-0.00875598	0.0242377	0	0	0	0	0	0	0	1.6969	-0.253232	0.0741774	0	0	1.47835	0	0	0	0.107837	-0.0326997	-0.31859
2017-08-19 00:00:00	-0.613511	-1.80545	2.62263	0	-0.00755375	-0.000219114	0.00218359	0	0	0	0	0	0	0	-0.633307	-0.25295	0.074129	0	0	1.41848	0	0	0	0.107846	-0.0320964	0.880175
2017-08-20 00:00:00	0	-0.601422	2.56566	0	-0.022446	0	0.000790368	0	0	0	0	0	0	0	-1.99124	-0.252453	0.074011	0	0	1.25471	0	0	0	0.107699	-0.0298658	1.10544
2017-08-21 00:00:00	-0.2	-0.0198244	3.16734	0	-0.0352783	0	0	0	0	0	0	0	0	0	-2.57019	-0.251928	0.0738661	0	0	1.04719	0	0	0	0.107608	-0.0273533	1.29143
2017-08-22 00:00:00	0	-0.0167506	2.52777	0	-0.00427929	0	0	0	0	0	0	0	0	0	-2.26856	-0.251463	0.0737327	0	0	0.886016	0	0	0	0.107455	-0.0246342	1.02929
2017-08-23 00:00:00	-9.2045	2.45392	2.64628	0	0.0215353	0	0	0	0	0	0	0	0	0	2.46582	-0.25143	0.0737459	0	0	0.898017	0	0	0	0.10737	-0.0224669	-0.811719
2017-08-24 00:00:00	-0.195496	-2.01348	2.43525	0	-0.00616976	0	0.000631821	0	0	0	0	0	0	0	-0.537542	-0.251206	0.0737421	0	0	0.961058	0	0	0	0.107306	-0.0247423	0.549348
2017-08-25 00:00:00	-4.82702	1.87118	2.55265	0	0.00740459	0	0.00164348	0	0	0	0	0	0	0	-0.0899796	-0.250796	0.0736599	0	0	0.928288	0	0	0	0.107012	-0.0240913	0.349954
2017-08-26 00:00:00	-1.4045	-0.870256	2.3425	0	-0.00221878	0	0.00144325	0	0	0	0	0	0	0	-0.472271	-0.250369	0.0735734	0	0	0.903417	0	0	0	0.106759	-0.0235478	0.404522
2017-08-27 00:00:00	0	-1.39795	2.35456	0	-0.0067424	0	0.00104095	0	0	0	0	0	0	0	-0.991783	-0.249911	0.0734811	0	0	0.858111	0	0	0	0.106501	-0.0225799	0.724728
2017-08-28 00:00:00	-1.63153	-0.0256239	2.41522	0	-0.00136891	0	0.000336531	0	0	0	0	0	0	0	-1.15226	-0.249493	0.0733644	0	0	0.793374	0	0	0	0.106336	-0.0214347	0.306923
2017-08-29 00:00:00	-0.2	-0.0183121	1.94687	0	-0.0060222	0	1.55112E-05	0	0	0	0	0	0	0	-1.6093	-0.249044	0.0732656	0	0	0.730822	0	0	0	0.106032	-0.0203503	0.753979
2017-08-30 00:00:00	-0.195496	-0.00551707	1.98924	0	-0.00393113	0	0	0	0	0	0	0	0	0	-1.98951	-0.248339	0.0731199	0	0	0.647102	0	0	0	0.105902	-0.0193686	0.353202
2017-08-31 00:00:00	0	0	1.98879	0	-0.0021996	0	0	0	0	0	0	0	0	0	-1.26413	-0.246874	0.0729583	0	0	0.581935	0	0	0	0.105522	-0.0184438	1.21756
2017-09-01 00:00:00	-0.4	0	2.17541	0	-0.000613586	0	0	0	0	0	0	0	0	0	-2.10995	-0.246606	0.0728581	0	0	0.535249	0	0	0	0.105694	-0.0174895	0.114547
2017-09-02 00:00:00	-0.00450358	0	2.21118	0	-0.00101161	0	0	0	0	0	0	0	0	0	-1.96253	-0.245806	0.0727731	0	0	0.485531	0	0	0	0.105231	-0.0163895	0.644472
2017-09-03 00:00:00	-3.58649	1.28848	2.14333	0	0.00164345	0	0	0	0	0	0	0	0	0	-0.205623	-0.245523	0.0726741	0	0	0.50698	0	0	0	0.104996	-0.0153515	0.065124
2017-09-04 00:00:00	-7.56848	1.28686	2.30083	0	0.00632886	0	0	0	0	0	0	0	0	0	2.01539	-0.245476	0.0724138	0	0	0.584503	0	0	0	0.104577	-0.016669	-1.45972
2017-09-05 00:00:00	-3.19099	-0.00787721	2.10328	0	0.00678223	0	0.00155471	0	0	0	0	0	0	0	0.342101	-0.245446	0.0725107	0	0	0.710251	0	0	0	0.10459	-0.0192243	-0.122477
2017-09-06 00:00:00	-1.00901	-1.0038	2.09393	0	-0.00278763	0	0.00107115	0	0	0	0	0	0	0	-0.338659	-0.245043	0.072421	0	0	0.728924	0	0	0	0.104337	-0.0198325	0.381552
2017-09-07 00:00:00	-8.98199	1.06505	1.98576	0	0.025512	-0.0037795	0.0138194	0	0	0	0	0	0	0	3.33786	-0.245215	0.0724417	0	0	0.834085	0	0	0	0.104187	-0.0209133	-1.81318
2017-09-08 00:00:00	-3.81801	-0.00259626	1.96271	0	0.00198275	-0.00506173	0.00963781	0	0	0	0	0	0	0	0.733751	-0.245307	0.0725121	0	0	0.98063	0	0	0	0.104258	-0.0247811	-0.230283
2017-09-09 00:00:00	-1.8	-0.142458	1.87057	0	-0.000748329	-0.000248807	0.00224849	0	0	0	0	0	0	0	-0.453284	-0.244902	0.0724375	0	0	0.973829	0	0	0	0.104118	-0.0251172	0.356447
2017-09-10 00:00:00	-2.07206	-0.021074	1.94674	0	-1.80495E-05	-5.83513E-05	0.00162568	0	0	0	0	0	0	0	-0.29687	-0.244177	0.0723445	0	0	0.938454	0	0	0	0.103845	-0.0245371	0.404218
2017-09-11 00:00:00	-2.1955	0.0405353	1.94036	0	0.000107285	-0.000603276	0.00220902	0	0	0	0	0	0	0	-0.330372	-0.243284	0.0722477	0	0	0.907951	0	0	0	0.103699	-0.0237615	0.273595
2017-09-12 00:00:00	-4.98199	0.200782	1.87222	0	0.0119395	-0.00771562	0.0136267	0	0	0	0	0	0	0	1.45625	-0.242998	0.0722882	0	0	0.952305	0	0	0	0.103479	-0.0238574	-0.573658
2017-09-13 00:00:00	-10.027	-0.0102007	1.71761	0	0.0202436	-0.0214908	0.0508963	0	0	0	0	0	0	0	4.96489	-0.243299	0.0724694	0	0	1.15512	0	0	0	0.103721	-0.0266707	-2.24373
2017-09-14 00:00:00	-1.8045	-0.0288307	1.71968	0	-0.00345938	-0.000788337	0.0037239	0	0	0	0	0	0	0	-0.618028	-0.243371	0.0725056	0	0	1.25076	0	0	0	0.103972	-0.0290799	0.422584
2017-09-15 00:00:00	-4.17748	0.0403182	1.6763	0	0.00269252	-0.00637035	0.01701	0	0	0	0	0	0	0	1.25085	-0.243225	0.0724745	0	0	1.23169	0	0	0	0.103821	-0.0285227	-0.060446
2017-09-16 00:00:00	-4.02252	0.0253111	1.53983	0	0.00106276	-0.00645155	0.018464	0	0	0	0	0	0	0	1.02696	-0.24323	0.0724809	0	0	1.25377	0	0	0	0.103901	-0.0287428	-0.259165
2017-09-17 00:00:00	-0.8	-0.814802	1.67829	0	-0.00359866	-0.000245933	0.00204565	0	0	0	0	0	0	0	-0.508449	-0.242858	0.0724085	0	0	1.20576	0	0	0	0.103846	-0.0286659	0.663732
2017-09-18 00:00:00	-0.2	-1.18745	1.52773	0	-0.00445301	0	0.00169316	0	0	0	0	0	0	0	-0.742328	-0.24251	0.0723201	0	0	1.12693	0	0	0	0.103671	-0.0274271	0.428186
2017-09-19 00:00:00	0	-0.67892	2.01289	0	-0.0120524	0	0.000913727	0	0	0	0	0	0	0	-1.67237	-0.24194	0.072186	0	0	1.01287	0	0	0	0.103547	-0.0264896	0.57064
2017-09-20 00:00:00	-0.995496	-0.00662136	1.7478	0	-0.0118101	0	0.000220733	0	0	0	0	0	0	0	-1.15254	-0.241642	0.0720353	0	0	0.930005	0	0	0	0.103336	-0.0249228	0.42037
2017-09-21 00:00:00	-9.22252	2.71621	1.55567	0	0.032515	-0.00610828	0.0149563	0	0	0	0	0	0	0	2.8698	-0.24177	0.0720261	0	0	0.969855	0	0	0	0.103281	-0.0241683	-1.16024
2017-09-22 00:00:00	-0.2	-1.17209	1.48817	0	-0.00608371	-0.000445173	0.00261205	0	0	0	0	0	0	0	-0.603711	-0.241657	0.0720291	0	0	1.05075	0	0	0	0.103416	-0.0261037	0.466883
2017-09-23 00:00:00	-0.00450358	-1.41451	1.79268	0	-0.00623257	0	0.00134697	0	0	0	0	0	0	0	-0.941755	-0.241146	0.0719791	0	0	0.984486	0	0	0	0.103245	-0.0255969	0.31999
2017-09-24 00:00:00	-5.77298	2.56403	1.73342	0	0.0107918	-0.0021866	0.00504076	0	0	0	0	0	0	0	0.58619	-0.240619	0.0718712	0	0	0.963027	0	0	0	0.102949	-0.0247057	-0.00317213
2017-09-25 00:00:00	-17.764	0.0258277	1.41785	0	0.00659264	-0.0426716	0.1208	0	0	0	0	0	0	0	9.94146	-0.242288	0.0722427	0	0	1.35463	0	0	0	0.103534	-0.0285269	-5.03453
2017-09-26 00:00:00	0	-1.34643	1.48313	0	-0.00906955	-0.000728329	0.00498726	0	0	0	0	0	0	0	-0.87157	-0.242732	0.072399	0	0	1.58031	0	0	0	0.104247	-0.0346138	0.739936
2017-09-27 00:00:00	-3.76397	1.30232	1.59349	0	0.00520688	-0.00171466	0.00478443	0	0	0	0	0	0	0	0.100296	-0.242281	0.0723108	0	0	1.44876	0	0	0	0.104082	-0.0330452	0.590237
2017-09-28 00:00:00	-1.76847	-0.0556769	1.63151	0	-0.00143444	-0.00066707	0.00303663	0	0	0	0	0	0	0	-0.384817	-0.241963	0.0722402	0	0	1.36351	0	0	0	0.104042	-0.0312843	0.690027
2017-09-29 00:00:00	-0.395496	-1.03317	1.54826	0	-0.00354296	-1.9835E-05	0.00143108	0	0	0	0	0	0	0	-0.837909	-0.241444	0.0721226	0	0	1.24438	0	0	0	0.103958	-0.0297859	0.428777
2017-09-30 00:00:00	-0.413511	-0.766109	1.27852	0	-0.0031528	0	0.00150656	0	0	0	0	0	0	0	-0.374937	-0.241169	0.0720511	0	0	1.17356	0	0	0	0.103716	-0.0281419	0.802337
2017-10-01 00:00:00	-2.80901	1.18512	1.50031	0	0.00291522	0	0.00153916	0	0	0	0	0	0	0	-0.269148	-0.240759	0.071954	0	0	1.10335	0	0	0	0.103559	-0.0269247	0.622902
2017-10-02 00:00:00	-1.61351	0.139587	1.41507	0	0.000247968	0	0.00161939	0	0	0	0	0	0	0	-0.47989	-0.240349	0.071786	0	0	1.0426	0	0	0	0.103377	-0.02605	0.414493
2017-10-03 00:00:00	-0.2	-1.01852	1.31641	0	-0.0033703	0	0.00138211	0	0	0	0	0	0	0	-0.524989	-0.239787	0.0717044	0	0	0.985139	0	0	0	0.103197	-0.0253479	0.465811
2017-10-04 00:00:00	-15.8405	1.59251	1.16419	0	0.0120387	-0.0333082	0.089504	0	0	0	0	0	0	0	7.76592	-0.241037	0.0719715	0	0	1.23275	0	0	0	0.103404	-0.0272091	-4.1098
2017-10-05 00:00:00	-2.42252	-0.00705104	1.18942	0	-0.00421977	-0.00379665	0.0126895	0	0	0	0	0	0	0	0.0584461	-0.241684	0.0721673	0	0	1.48016	0	0	0	0.103986	-0.0331244	0.204477
2017-10-06 00:00:00	-1.5955	0.011483	1.10552	0	-0.000625542	-0.00138414	0.00522169	0	0	0	0	0	0	0	-0.258934	-0.241337	0.0721065	0	0	1.39924	0	0	0	0.103938	-0.0318861	0.567844
2017-10-07 00:00:00	-0.404504	-0.859068	1.33039	0	-0.00278448	-6.69122E-05	0.00132935	0	0	0	0	0	0	0	-0.687986	-0.240774	0.0719864	0	0	1.27401	0	0	0	0.103885	-0.0303929	0.556023
2017-10-08 00:00:00	0	-1.1572	1.29407	0	-0.00436171	0	0.00170478	0	0	0	0	0	0	0	-0.361893	-0.240531	0.0719231	0	0	1.20393	0	0	0	0.103675	-0.0285013	0.882814
2017-10-09 00:00:00	0	-0.688035	1.25495	0	-0.00517322	0	0.00127578	0	0	0	0	0	0	0	-0.85867	-0.240083	0.0718183	0	0	1.1086	0	0	0	0.103553	-0.0272953	0.720948
2017-10-10 00:00:00	-4.18199	2.61024	1.22216	0	0.00832049	0	0.00166079	0	0	0	0	0	0	0	-0.201423	-0.239739	0.0717379	0	0	1.04424	0	0	0	0.103384	-0.0260223	0.412571
2017-10-11 00:00:00	-13.009	0.0843261	1.20012	0	0.00850795	-0.0289399	0.0794486	0	0	0	0	0	0	0	6.88639	-0.240483	0.0719813	0	0	1.28085	0	0	0	0.103697	-0.0279801	-3.59108
2017-10-12 00:00:00	-4.81351	0.000704317	1.15405	0	-0.00278781	-0.00994684	0.030333	0	0	0	0	0	0	0	1.67346	-0.241402	0.0721992	0	0	1.53372	0	0	0	0.104283	-0.0334932	-0.532395
2017-10-13 00:00:00	-2.8045	-0.0192768	1.29755	0	-0.000767529	-0.00416184	0.0127289	0	0	0	0	0	0	0	0.369254	-0.241344	0.0722093	0	0	1.5193	0	0	0	0.104427	-0.0337546	0.271663
2017-10-14 00:00:00	-0.981986	-0.221876	1.16121	0	-0.00126202	-0.000279257	0.00143579	0	0	0	0	0	0	0	-0.11168	-0.240747	0.0720849	0	0	1.37639	0	0	0	0.104393	-0.0332795	1.1244
2017-10-15 00:00:00	0	-1.09249	1.22169	0	-0.00399943	0	0.00286633	0	0	0	0	0	0	0	-1.082	-0.240598	0.0720464	0	0	1.32069	0	0	0	0.104319	-0.0301894	0.272354
2017-10-16 00:00:00	-4.8	1.32231	1.08998	0	0.00646878	-0.00563701	0.0148788	0	0	0	0	0	0	0	1.15218	-0.240404	0.0719963	0	0	1.26057	0	0	0	0.10422	-0.0289899	-0.0524249
2017-10-17 00:00:00	-2.62702	0.0152808	1.0508	0	-0.00139414	-0.0041882	0.0130974	0	0	0	0	0	0	0	0.361293	-0.240435	0.072006	0	0	1.27905	0	0	0	0.104289	-0.0292585	-0.00648191
2017-10-18 00:00:00	-1.56848	-0.0266396	0.927367	0	-0.000490894	-0.00187913	0.00611664	0	0	0	0	0	0	0	0.0602355	-0.240161	0.0719499	0	0	1.23656	0	0	0	0.104207	-0.028907	0.539885
2017-10-19 00:00:00	-4.8	0.0186225	0.98456	0	0.00168329	-0.00984888	0.0288315	0	0	0	0	0	0	0	1.87159	-0.240375	0.0719838	0	0	1.27353	0	0	0	0.104241	-0.0286535	-0.723843
2017-10-20 00:00:00	-2.99099	-0.00174538	0.972281	0	-0.000787451	-0.00546222	0.0167052	0	0	0	0	0	0	0	0.740879	-0.240427	0.0720023	0	0	1.313	0	0	0	0.104397	-0.0295914	-0.0497361
2017-10-21 00:00:00	-3.55947	-0.00902268	0.947495	0	0.00035403	-0.00696103	0.0210066	0	0	0	0	0	0	0	1.14935	-0.240487	0.0720132	0	0	1.3302	0	0	0	0.104456	-0.0298095	-0.220867
2017-10-22 00:00:00	-1.4045	0.00567877	0.850447	0	-0.00136068	-0.00158174	0.00606676	0	0	0	0	0	0	0	-0.29375	-0.240222	0.0719618	0	0	1.29271	0	0	0	0.104523	-0.0298043	0.360166
2017-10-23 00:00:00	-0.8	-0.0921909	0.852682	0	-0.000669938	-0.0001496	0.00190252	0	0	0	0	0	0	0	-0.463991	-0.239829	0.0718787	0	0	1.21395	0	0	0	0.104364	-0.028764	0.619181
2017-10-24 00:00:00	-1.40901	0.0802535	0.902696	0	0.000194209	-0.00104154	0.00377939	0	0	0	0	0	0	0	-0.219792	-0.239477	0.0718079	0	0	1.15009	0	0	0	0.10422	-0.0275601	0.416164
2017-10-25 00:00:00	-0.00450358	-0.798977	0.875238	0	-0.00270436	-4.91674E-05	0.00155461	0	0	0	0	0	0	0	-0.518663	-0.238935	0.0716422	0	0	1.07875	0	0	0	0.104059	-0.0271613	0.540245
2017-10-26 00:00:00	0	-0.778472	0.871008	0	-0.00296507	0	0.00145771	0	0	0	0	0	0	0	-0.61473	-0.238543	0.0715857	0	0	1.02146	0	0	0	0.103946	-0.0258869	0.408856
2017-10-27 00:00:00	-0.2	-0.418911	0.668489	0	-0.00196388	0	0.00160606	0	0	0	0	0	0	0	-0.469662	-0.238102	0.0714902	0	0	0.975416	0	0	0	0.103705	-0.0251741	0.466893
2017-10-28 00:00:00	-0.4	-0.387132	0.832769	0	-0.00177315	0	0.00131467	0	0	0	0	0	0	0	-0.577446	-0.237684	0.0713881	0	0	0.930607	0	0	0	0.10356	-0.0242558	0.311348
2017-10-29 00:00:00	0	-0.246894	0.660996	0	-0.00304248	0	0.00150214	0	0	0	0	0	0	0	-0.792638	-0.237297	0.0712772	0	0	0.890257	0	0	0	0.103405	-0.0231335	0.424434
2017-10-30 00:00:00	0	-0.0520405	0.586483	0	-0.00393862	0	0.0017188	0	0	0	0	0	0	0	-1.09845	-0.236752	0.0711727	0	0	0.84367	0	0	0	0.103253	-0.0219729	0.193147
2017-10-31 00:00:00	-4.79099	2.6146	0.73181	0	0.0137034	-5.39763E-06	0.00218784	0	0	0	0	0	0	0	0.410041	-0.235687	0.070924	0	0	0.828226	0	0	0	0.103077	-0.0216197	-0.273735
2017-11-01 00:00:00	-4.2	-0.00395725	0.580156	0	0.00350261	-0.00928931	0.02462	0	0	0	0	0	0	0	1.90097	-0.236098	0.0709608	0	0	0.932236	0	0	0	0.103075	-0.0233768	-0.857201
2017-11-02 00:00:00	-0.00450358	-0.516208	0.559762	0	-0.00294683	-0.000287517	0.00219725	0	0	0	0	0	0	0	-0.506828	-0.235854	0.0709378	0	0	0.9738	0	0	0	0.103056	-0.0249249	0.4182
2017-11-03 00:00:00	0	-0.538604	0.603102	0	-0.00224684	0	0.00143158	0	0	0	0	0	0	0	-0.670057	-0.235214	0.0708378	0	0	0.925997	0	0	0	0.102926	-0.0244038	0.233768
2017-11-04 00:00:00	-1.02252	0.392349	0.601128	0	0.000223269	0	0.00176223	0	0	0	0	0	0	0	-0.493619	-0.234301	0.0708001	0	0	0.899233	0	0	0	0.102525	-0.0232732	0.294309
2017-11-05 00:00:00	-0.2	-0.250133	0.456154	0	-0.000513738	0	0.00145523	0	0	0	0	0	0	0	-0.589054	-0.233404	0.0706914	0	0	0.870277	0	0	0	0.102358	-0.0227315	0.205099
2017-11-06 00:00:00	0	-0.55149	0.617716	0	-0.0025499	0	0.00130076	0	0	0	0	0	0	0	-0.618602	-0.233058	0.0705936	0	0	0.843825	0	0	0	0.102202	-0.0221088	0.207828
2017-11-07 00:00:00	-4.6	1.41315	0.566633	0	0.00764867	-0.00576245	0.0167973	0	0	0	0	0	0	0	1.19436	-0.232836	0.0705766	0	0	0.866234	0	0	0	0.102065	-0.0217636	-0.622896
2017-11-08 00:00:00	-1.1955	-0.014071	0.462051	0	-0.000874693	-0.00215829	0.00713	0	0	0	0	0	0	0	0.11548	-0.232748	0.0705647	0	0	0.926753	0	0	0	0.101987	-0.0238934	0.214723
2017-11-09 00:00:00	-0.413511	-0.182304	0.578585	0	-0.000957197	-0.000113616	0.00200175	0	0	0	0	0	0	0	-0.591085	-0.232179	0.07048	0	0	0.906778	0	0	0	0.101917	-0.0235223	0.216092
2017-11-10 00:00:00	-1.6045	0.173772	0.506643	0	0.000899701	-0.00220449	0.00743405	0	0	0	0	0	0	0	0.00487161	-0.231878	0.070352	0	0	0.898467	0	0	0	0.10175	-0.022958	-0.0973542
2017-11-11 00:00:00	-0.395496	-0.0389608	0.396311	0	-0.000751415	-0.00019394	0.00181186	0	0	0	0	0	0	0	-0.510848	-0.231409	0.0702352	0	0	0.883398	0	0	0	0.101652	-0.0235116	0.252237
2017-11-12 00:00:00	-0.00450358	-0.394174	0.426515	0	-0.00149615	0	0.00142425	0	0	0	0	0	0	0	-0.485541	-0.231106	0.0701212	0	0	0.861141	0	0	0	0.101449	-0.0225601	0.32127
2017-11-13 00:00:00	-0.395496	-0.0343353	0.433596	0	-0.000572098	0	0.00157374	0	0	0	0	0	0	0	-0.59286	-0.230421	0.0700025	0	0	0.836385	0	0	0	0.101337	-0.0216388	0.16757
2017-11-14 00:00:00	-1.21351	0.429061	0.502548	0	0.00126656	-0.000373239	0.00232761	0	0	0	0	0	0	0	-0.405845	-0.22955	0.0699596	0	0	0.820498	0	0	0	0.101133	-0.0212665	0.056247
2017-11-15 00:00:00	-0.00450358	-0.341942	0.365054	0	-0.00146482	-8.51869E-05	0.00145582	0	0	0	0	0	0	0	-0.453579	-0.228887	0.0698353	0	0	0.810069	0	0	0	0.10098	-0.0212527	0.29568
2017-11-16 00:00:00	-3.44053	0.328746	0.430201	0	0.00328376	-0.0065368	0.019723	0	0	0	0	0	0	0	1.18581	-0.228961	0.0698168	0	0	0.848363	0	0	0	0.100873	-0.0215195	-0.710734
2017-11-17 00:00:00	-1.20901	-0.0163005	0.414197	0	-0.000413326	-0.00222034	0.00726286	0	0	0	0	0	0	0	0.171936	-0.228845	0.0697991	0	0	0.901354	0	0	0	0.100839	-0.0232067	0.185396
2017-11-18 00:00:00	-0.2	-0.191779	0.392034	0	-0.000917157	-9.64482E-05	0.00195683	0	0	0	0	0	0	0	-0.58004	-0.228391	0.0696963	0	0	0.881502	0	0	0	0.100826	-0.0227976	0.221994
2017-11-19 00:00:00	-3.2	0.179994	0.305992	0	0.00287741	-0.0068056	0.0200722	0	0	0	0	0	0	0	1.12851	-0.228514	0.0696977	0	0	0.925001	0	0	0	0.100498	-0.0233448	-0.726025
2017-11-20 00:00:00	-10.8045	-0.0112353	0.404061	0	0.00327117	-0.0270416	0.0783233	0	0	0	0	0	0	0	6.22112	-0.229779	0.0699766	0	0	1.19688	0	0	0	0.100931	-0.0267379	-3.02474
2017-11-21 00:00:00	-5.02252	-0.00778022	0.420193	0	-0.00218419	-0.0122658	0.0378077	0	0	0	0	0	0	0	2.24618	-0.23068	0.0702085	0	0	1.45138	0	0	0	0.101582	-0.0313473	-0.979415
2017-11-22 00:00:00	-23.2	-0.00956064	0.39479	0	0.00554076	-0.0594478	0.171643	0	0	0	0	0	0	0	13.2582	-0.233694	0.070879	0	0	2.10411	0	0	0	0.102657	-0.0378905	-7.43275
2017-11-23 00:00:00	-2.3955	-0.011998	0.291266	0	-0.0061991	-0.00627029	0.0221513	0	0	0	0	0	0	0	0.607138	-0.235035	0.0712447	0	0	2.47896	0	0	0	0.104099	-0.0440104	0.875852
2017-11-24 00:00:00	-1.03153	-0.00893036	0.282876	0	-0.000960684	-0.001974	0.00823089	0	0	0	0	0	0	0	-0.252165	-0.23475	0.0711949	0	0	2.24887	0	0	0	0.104308	-0.0414907	1.14368
2017-11-25 00:00:00	-1.96397	-0.00248312	0.297246	0	0.000291538	-0.00435992	0.0149153	0	0	0	0	0	0	0	0.291818	-0.234613	0.0711469	0	0	2.06399	0	0	0	0.104402	-0.0393835	0.598998
2017-11-26 00:00:00	-3.84504	-0.0122069	0.321313	0	0.000880376	-0.00903408	0.0274844	0	0	0	0	0	0	0	1.56916	-0.234791	0.0711781	0	0	1.981	0	0	0	0.104636	-0.0384658	-0.0638761
2017-11-27 00:00:00	-0.609007	-0.00708523	0.33701	0	-0.00167264	-0.000910787	0.00487007	0	0	0	0	0	0	0	-0.426892	-0.234591	0.0711365	0	0	1.85317	0	0	0	0.104766	-0.0376306	1.05316
2017-11-28 00:00:00	-0.2	-0.0949902	0.290119	0	-0.000283224	-4.12801E-05	0.00191519	0	0	0	0	0	0	0	-0.574871	-0.234181	0.0710337	0	0	1.67231	0	0	0	0.104738	-0.0356888	1.00006
2017-11-29 00:00:00	0	-0.244965	0.263193	0	-0.000831073	0	0.00157308	0	0	0	0	0	0	0	-0.487141	-0.233727	0.0709186	0	0	1.50694	0	0	0	0.104666	-0.0339974	0.946626
2017-11-30 00:00:00	-0.195496	-0.0436336	0.244377	0	-0.000412053	0	0.00177293	0	0	0	0	0	0	0	-0.49099	-0.233287	0.0708068	0	0	1.37223	0	0	0	0.104591	-0.0322929	0.797667
2017-12-01 00:00:00	0	-0.235468	0.26443	0	-0.00118467	0	0.00150613	0	0	0	0	0	0	0	-0.419482	-0.232968	0.0707212	0	0	1.27986	0	0	0	0.104507	-0.0297455	0.802173
2017-12-02 00:00:00	-0.2	-0.124823	0.340676	0	-0.000742645	0	0.00198758	0	0	0	0	0	0	0	-0.583756	-0.232643	0.0706358	0	0	1.19806	0	0	0	0.104419	-0.0278281	0.545984
2017-12-03 00:00:00	0	-0.268492	0.301581	0	-0.00115202	0	0.00168255	0	0	0	0	0	0	0	-0.44811	-0.232211	0.0705295	0	0	1.11444	0	0	0	0.104248	-0.0270458	0.615472
2017-12-04 00:00:00	-0.595496	0.262748	0.324593	0	-0.000259698	0	0.0014396	0	0	0	0	0	0	0	-0.285358	-0.23181	0.0704312	0	0	1.05008	0	0	0	0.104113	-0.0261509	0.674326
2017-12-05 00:00:00	-0.409007	0.0916645	0.308265	0	-8.57738E-05	0	0.0017563	0	0	0	0	0	0	0	-0.390625	-0.23147	0.0703462	0	0	1.00218	0	0	0	0.10395	-0.0251544	0.521822
2017-12-06 00:00:00	-0.604504	0.226766	0.352298	0	0.000361291	0	0.00190009	0	0	0	0	0	0	0	-0.467105	-0.231092	0.0702505	0	0	0.958327	0	0	0	0.103789	-0.0242992	0.386693
2017-12-07 00:00:00	-3.88557	0.336238	0.292021	0	0.00572622	-0.00727512	0.022737	0	0	0	0	0	0	0	1.71821	-0.231102	0.0702521	0	0	0.986979	0	0	0	0.103687	-0.0247775	-0.612874
2017-12-08 00:00:00	0	-0.224078	0.228254	0	-0.00187009	-0.000282259	0.00267258	0	0	0	0	0	0	0	-0.630835	-0.230949	0.07023	0	0	1.01958	0	0	0	0.103735	-0.0253226	0.311135
2017-12-09 00:00:00	0	-0.174712	0.196374	0	-0.000997072	0	0.00148345	0	0	0	0	0	0	0	-0.3795	-0.230498	0.0699055	0	0	0.969306	0	0	0	0.10351	-0.025064	0.529806
2017-12-10 00:00:00	0	-0.112929	0.126944	0	-0.000722193	0	0.00193901	0	0	0	0	0	0	0	-0.507051	-0.230137	0.0698781	0	0	0.930255	0	0	0	0.103415	-0.0237984	0.357793
2017-12-11 00:00:00	-1.56847	0.468266	0.165319	0	0.00241873	-0.00203048	0.00786601	0	0	0	0	0	0	0	0.171387	-0.22978	0.0695308	0	0	0.912451	0	0	0	0.103257	-0.0237555	0.0764559
2017-12-12 00:00:00	-1.6045	0.00147115	0.196881	0	0.000694242	-0.00367204	0.0120829	0	0	0	0	0	0	0	0.487048	-0.229604	0.0695561	0	0	0.938752	0	0	0	0.103099	-0.0242721	-0.0524671
2017-12-13 00:00:00	-2.84504	-0.0109446	0.251323	0	0.000487167	-0.00660358	0.0206306	0	0	0	0	0	0	0	1.17182	-0.229711	0.0695813	0	0	0.995853	0	0	0	0.103186	-0.0247524	-0.504167
2017-12-14 00:00:00	-0.108086	-0.205832	0.212554	0	-0.00149658	-0.000227836	0.00242572	0	0	0	0	0	0	0	-0.434354	-0.229475	0.0695577	0	0	1.00264	0	0	0	0.103153	-0.0252878	0.385573
2017-12-15 00:00:00	-3.25404	0.186449	0.209812	0	0.00178625	-0.00700328	0.0218494	0	0	0	0	0	0	0	1.4633	-0.228707	0.0695812	0	0	1.02898	0	0	0	0.103051	-0.0252606	-0.430207
2017-12-16 00:00:00	0	-0.176152	0.176152	0	-0.00174278	-0.000253906	0.00232287	0	0	0	0	0	0	0	-0.451706	-0.228734	0.0695375	0	0	1.03627	0	0	0	0.103094	-0.025767	0.503022
2017-12-17 00:00:00	-10.4334	0.159939	0.228289	0	0.00341975	-0.0262205	0.0774535	0	0	0	0	0	0	0	5.82061	-0.229817	0.0693209	0	0	1.23805	0	0	0	0.103316	-0.0273618	-3.01637
2017-12-18 00:00:00	-0.395496	-0.0113025	0.206412	0	-0.0030878	-0.00103356	0.00547748	0	0	0	0	0	0	0	-0.568493	-0.230067	0.0694963	0	0	1.37063	0	0	0	0.103775	-0.0310494	0.515258
2017-12-19 00:00:00	-0.2	-0.103781	0.289264	0	-0.000263814	-5.69985E-05	0.000658276	0	0	0	0	0	0	0	0.091468	-0.229556	0.0693666	0	0	1.23434	0	0	0	0.10355	-0.0307303	1.22426
2017-12-20 00:00:00	-0.4	0.0789028	0.300335	0	8.55735E-06	0	0.00326685	0	0	0	0	0	0	0	-1.06207	-0.229277	0.0693368	0	0	1.19048	0	0	0	0.103585	-0.0279711	0.0266024
2017-12-21 00:00:00	0	-0.223245	0.23041	0	-0.000643507	0	0.00159486	0	0	0	0	0	0	0	-0.408062	-0.22887	0.0692404	0	0	1.11319	0	0	0	0.103452	-0.0269458	0.630116
2017-12-22 00:00:00	-0.2	-0.027346	0.231749	0	-0.000451442	0	0.00189874	0	0	0	0	0	0	0	-0.47928	-0.228474	0.0691306	0	0	1.04655	0	0	0	0.103257	-0.0259374	0.491094
2017-12-23 00:00:00	-3.03153	0.232331	0.326308	0	0.00244322	-0.00589432	0.0187284	0	0	0	0	0	0	0	1.10061	-0.228417	0.0691259	0	0	1.04893	0	0	0	0.103202	-0.0259171	-0.390083
2017-12-24 00:00:00	-0.813511	-0.0117419	0.272329	0	-0.000928966	-0.00151708	0.00593884	0	0	0	0	0	0	0	-0.242926	-0.228235	0.0691051	0	0	1.06203	0	0	0	0.103295	-0.026198	0.187641
2017-12-25 00:00:00	-15.9621	-0.00854804	0.255802	0	0.00510238	-0.0402339	0.116624	0	0	0	0	0	0	0	9.34459	-0.229941	0.0695171	0	0	1.4154	0	0	0	0.103769	-0.0294984	-4.95955
2017-12-26 00:00:00	-3.15947	-0.0115254	0.19127	0	-0.00332789	-0.00837665	0.0270122	0	0	0	0	0	0	0	1.20978	-0.231117	0.0697676	0	0	1.73837	0	0	0	0.104573	-0.0356331	-0.108678
2017-12-27 00:00:00	0	-0.128202	0.128202	0	-0.00213333	-0.000254929	0.00373065	0	0	0	0	0	0	0	-0.874782	-0.230807	0.0697033	0	0	1.62829	0	0	0	0.104701	-0.0351506	0.663297
2017-12-28 00:00:00	0	-0.137877	0.14825	0	-0.000468513	0	0.00172081	0	0	0	0	0	0	0	-0.319046	-0.2304	0.0696154	0	0	1.4815	0	0	0	0.104515	-0.0336636	1.08415
2017-12-29 00:00:00	-4.74145	0.242706	0.172268	0	0.00280974	-0.0110091	0.0336161	0	0	0	0	0	0	0	2.14938	-0.230655	0.0696505	0	0	1.47836	0	0	0	0.10469	-0.0319175	-0.76156
2017-12-30 00:00:00	-15.382	-0.00721516	0.232852	0	0.00209673	-0.039517	0.115637	0	0	0	0	0	0	0	8.64599	-0.232609	0.0700426	0	0	1.87188	0	0	0	0.105506	-0.0359801	-4.6533
2017-12-31 00:00:00	-10.1324	-0.0118296	0.272883	0	-0.000257813	-0.026274	0.0782114	0	0	0	0	0	0	0	5.00636	-0.234548	0.0704466	0	0	2.33271	0	0	0	0.106789	-0.0415608	-2.57952
2018-01-01 00:00:00	-1.4045	-0.00988082	0.267807	0	-0.00333528	-0.00335898	0.0130635	0	0	0	0	0	0	0	-0.0760021	-0.234771	0.0705029	0	0	2.31262	0	0	0	0.107441	-0.042889	0.99669
2018-01-02 00:00:00	-8.90092	-0.0113078	0.255611	0	0.00398972	-0.0226044	0.0664793	0	0	0	0	0	0	0	4.48485	-0.235706	0.0706772	0	0	2.35561	0	0	0	0.107877	-0.0416305	-1.86708
2018-01-03 00:00:00	-15.964	-0.00710058	0.273348	0	0.00188415	-0.0411348	0.120659	0	0	0	0	0	0	0	8.45759	-0.238061	0.0711325	0	0	2.80831	0	0	0	0.109091	-0.0448655	-4.45312
2018-01-04 00:00:00	-10.7369	-0.0101363	0.25776	0	0.00472574	-0.0278821	0.0836104	0	0	0	0	0	0	0	5.35228	-0.23982	0.0714671	0	0	3.16363	0	0	0	0.110542	-0.0500843	-2.02085
2018-01-05 00:00:00	-4.6	-0.00644007	0.182962	0	-0.00873071	-0.0118316	0.0381495	0	0	0	0	0	0	0	1.75411	-0.240453	0.0715691	0	0	3.12446	0	0	0	0.111506	-0.0505086	0.364789
2018-01-06 00:00:00	-6.75947	-0.00761115	0.235583	0	0.000340321	-0.0171378	0.0527882	0	0	0	0	0	0	0	2.62919	-0.241375	0.0716734	0	0	3.04754	0	0	0	0.112123	-0.0493269	-0.925678
2018-01-07 00:00:00	-2.38199	-0.009736	0.163428	0	-0.00141137	-0.00607013	0.0203859	0	0	0	0	0	0	0	0.539292	-0.241566	0.0717003	0	0	2.86375	0	0	0	0.112568	-0.0489369	1.08141
2018-01-08 00:00:00	-0.2	-0.0163282	0.208862	0	-0.00134537	-0.000212665	0.00413667	0	0	0	0	0	0	0	-1.04129	-0.241272	0.071643	0	0	2.55417	0	0	0	0.112772	-0.0458445	1.40529
2018-01-09 00:00:00	0	-0.218856	0.22676	0	-0.000730858	0	0.00236557	0	0	0	0	0	0	0	-0.710565	-0.240892	0.071588	0	0	2.24749	0	0	0	0.112723	-0.0428479	1.44703
2018-01-10 00:00:00	0	-0.237596	0.268639	0	-0.000921542	0	0.00288344	0	0	0	0	0	0	0	-0.820974	-0.240565	0.0715361	0	0	2.00762	0	0	0	0.112661	-0.0397938	1.12349
2018-01-11 00:00:00	-0.102252	-0.138669	0.260309	0	-0.000629515	0	0.00259148	0	0	0	0	0	0	0	-0.647065	-0.240233	0.0714758	0	0	1.80669	0	0	0	0.112521	-0.0376491	1.08709
2018-01-12 00:00:00	0	-0.2591	0.29309	0	-0.000976551	0	0.00222357	0	0	0	0	0	0	0	-0.873519	-0.239838	0.0714043	0	0	1.61428	0	0	0	0.112477	-0.0353761	0.684664
2018-01-13 00:00:00	0	-0.242535	0.274417	0	-0.00099528	0	0.00204211	0	0	0	0	0	0	0	-0.676021	-0.239382	0.0713216	0	0	1.45225	0	0	0	0.112256	-0.0340032	0.71935
2018-01-14 00:00:00	-1.00901	0.67307	0.280258	0	0.0014392	0	0.00301936	0	0	0	0	0	0	0	-0.322467	-0.239182	0.0712905	0	0	1.36587	0	0	0	0.112089	-0.0310388	0.905336
2018-01-15 00:00:00	-4.93828	0.371797	0.324262	0	0.00439902	-0.0097222	0.0315327	0	0	0	0	0	0	0	1.7956	-0.239417	0.0713487	0	0	1.37898	0	0	0	0.112174	-0.03022	-1.12754
2018-01-16 00:00:00	-0.302252	-0.0109581	0.24858	0	-0.00190537	-0.000415948	0.00390954	0	0	0	0	0	0	0	-0.463107	-0.23932	0.0713429	0	0	1.38173	0	0	0	0.112206	-0.0312368	0.768578
2018-01-17 00:00:00	-1.20901	-0.00665729	0.267728	0	0.000592563	-0.00226203	0.00928418	0	0	0	0	0	0	0	0.0918204	-0.238993	0.0712902	0	0	1.29713	0	0	0	0.112112	-0.0296702	0.363372
2018-01-18 00:00:00	-3.02252	-0.00967401	0.252692	0	0.000818618	-0.00703723	0.0228392	0	0	0	0	0	0	0	1.09613	-0.239152	0.0713304	0	0	1.31581	0	0	0	0.112039	-0.029762	-0.436484
2018-01-19 00:00:00	-0.706755	-0.00818795	0.264116	0	-0.00106948	-0.00125649	0.00655975	0	0	0	0	0	0	0	-0.351564	-0.238978	0.0713069	0	0	1.29532	0	0	0	0.112039	-0.029937	0.411587
2018-01-20 00:00:00	-0.102252	-0.127745	0.226728	0	-0.000373986	-6.19251E-05	0.00239975	0	0	0	0	0	0	0	-0.455646	-0.23863	0.0712469	0	0	1.21251	0	0	0	0.111898	-0.0288643	0.671206
2018-01-21 00:00:00	-12.537	0.114691	0.439843	0	0.00384218	-0.0308789	0.0914345	0	0	0	0	0	0	0	6.29162	-0.239983	0.0715111	0	0	1.48058	0	0	0	0.112197	-0.0304471	-4.23254
2018-01-22 00:00:00	-28.4527	-0.00913183	0.24769	0	0.00600077	-0.073913	0.21426	0	0	0	0	0	0	0	14.6904	-0.244408	0.0722723	0	0	2.53273	0	0	0	0.113942	-0.0412774	-10.9441
2018-01-23 00:00:00	-5.77298	-0.00474832	0.166241	0	-0.00699849	-0.0164784	0.051228	0	0	0	0	0	0	0	2.35346	-0.246685	0.0727098	0	0	3.11468	0	0	0	0.115673	-0.0500936	-0.223995
2018-01-24 00:00:00	-13.8829	-0.00799754	0.325011	0	0.00256124	-0.0420427	0.108684	0	0	0	0	0	0	0	6.56862	-0.24863	0.0730763	0	0	3.32401	0	0	0	0.116559	-0.0509325	-3.71398
2018-01-25 00:00:00	-0.102252	-0.251912	0.366498	0	-0.00577303	-0.00211745	0.00793358	0	0	0	0	0	0	0	-0.834476	-0.249036	0.073176	0	0	3.19954	0	0	0	0.117319	-0.0525364	2.26636
2018-01-26 00:00:00	0	-0.299004	0.33916	0	-0.000947745	0	0.00390745	0	0	0	0	0	0	0	-1.08522	-0.248708	0.0731437	0	0	2.76952	0	0	0	0.117406	-0.0485711	1.62069
2018-01-27 00:00:00	-2.77748	0.526868	0.451496	0	0.00290249	-0.00402442	0.0147598	0	0	0	0	0	0	0	0.150169	-0.248802	0.0731649	0	0	2.48111	0	0	0	0.117485	-0.0453896	0.742259
2018-01-28 00:00:00	-14.0694	-0.0114399	0.501085	0	0.00611698	-0.0385741	0.104901	0	0	0	0	0	0	0	6.12905	-0.250654	0.0735397	0	0	2.73446	0	0	0	0.118212	-0.0449153	-4.74763
2018-01-29 00:00:00	-4.33378	0.00353028	0.429822	0	-0.00534563	-0.0136873	0.0372051	0	0	0	0	0	0	0	1.20934	-0.251659	0.0738178	0	0	2.85723	0	0	0	0.119122	-0.0476782	0.077923
2018-01-30 00:00:00	-2.72027	-0.00565457	0.389428	0	-0.000819799	-0.00698811	0.0221969	0	0	0	0	0	0	0	0.425728	-0.252011	0.0739526	0	0	2.67463	0	0	0	0.119377	-0.0464376	0.67313
2018-01-31 00:00:00	-7.45855	-0.0041311	0.381774	0	0.00169961	-0.020643	0.0570905	0	0	0	0	0	0	0	2.82957	-0.253142	0.0741533	0	0	2.67252	0	0	0	0.120059	-0.0456847	-1.64527
2018-02-01 00:00:00	-2.32927	-0.0104863	0.411877	0	-0.00176829	-0.00607893	0.0192058	0	0	0	0	0	0	0	0.269156	-0.253523	0.0742596	0	0	2.58388	0	0	0	0.120514	-0.0458544	0.831911
2018-02-02 00:00:00	-0.102252	-0.283361	0.405049	0	-0.00182258	-0.000183171	0.00551303	0	0	0	0	0	0	0	-0.96609	-0.253323	0.0742263	0	0	2.32662	0	0	0	0.120758	-0.043061	1.28208
2018-02-03 00:00:00	-3.54278	0.274453	0.295719	0	0.00251029	-0.00713423	0.0234713	0	0	0	0	0	0	0	0.909682	-0.253478	0.0742706	0	0	2.16508	0	0	0	0.120864	-0.0411141	0.021542
2018-02-04 00:00:00	-0.609007	-0.00632734	0.395243	0	-0.00192569	-0.00066545	0.00621823	0	0	0	0	0	0	0	-0.72463	-0.253407	0.074268	0	0	2.0157	0	0	0	0.121093	-0.0395389	0.977016
2018-02-05 00:00:00	0	-0.344806	0.371381	0	-0.000972301	-2.05317E-05	0.00419781	0	0	0	0	0	0	0	-0.865811	-0.253175	0.0742239	0	0	1.82205	0	0	0	0.121053	-0.0374779	0.890642
2018-02-06 00:00:00	-1.21351	0.33771	0.35029	0	0.00134703	-0.000897831	0.00666017	0	0	0	0	0	0	0	-0.333665	-0.252984	0.0741914	0	0	1.66452	0	0	0	0.12098	-0.0359153	0.718728
2018-02-07 00:00:00	-0.404504	-0.0109862	0.319884	0	-0.000418907	-0.000241212	0.00416115	0	0	0	0	0	0	0	-0.822501	-0.25277	0.074163	0	0	1.52627	0	0	0	0.121063	-0.0341789	0.519946
2018-02-08 00:00:00	-0.809007	-0.00301741	0.514422	0	0.000368407	-0.00054266	0.00557093	0	0	0	0	0	0	0	-0.356224	-0.252589	0.0741386	0	0	1.42696	0	0	0	0.120886	-0.0328375	0.688131
2018-02-09 00:00:00	-1.01351	-0.00681582	0.455432	0	-6.28676E-05	-0.00124947	0.00674181	0	0	0	0	0	0	0	-0.334688	-0.252398	0.0741183	0	0	1.33677	0	0	0	0.120988	-0.0308484	0.354476
2018-02-10 00:00:00	-5.3653	-0.0016247	0.500803	0	0.00163335	-0.0121908	0.0390956	0	0	0	0	0	0	0	1.74739	-0.252908	0.0742377	0	0	1.40527	0	0	0	0.12107	-0.0310234	-1.77355
2018-02-11 00:00:00	-2.63153	-0.0110432	0.445728	0	-0.000652292	-0.00568982	0.0194242	0	0	0	0	0	0	0	0.293033	-0.253284	0.0743627	0	0	1.48955	0	0	0	0.121197	-0.0332008	-0.4921
2018-02-12 00:00:00	-1.92477	0.000646136	0.466335	0	-0.000505359	-0.00366514	0.0153969	0	0	0	0	0	0	0	0.285477	-0.253393	0.0744053	0	0	1.47517	0	0	0	0.121165	-0.0330013	0.223258
2018-02-13 00:00:00	-5.26305	-0.0115199	0.484937	0	0.00144082	-0.0120769	0.0379474	0	0	0	0	0	0	0	2.15288	-0.253988	0.0745609	0	0	1.55386	0	0	0	0.121334	-0.033569	-1.14725
2018-02-14 00:00:00	-0.404504	-0.107718	0.508823	0	-0.00238274	-0.00034726	0.00456682	0	0	0	0	0	0	0	-0.762835	-0.253987	0.074583	0	0	1.53125	0	0	0	0.121609	-0.0337352	0.675321
2018-02-15 00:00:00	-1.72027	0.102717	0.530478	0	0.000981928	-0.00232125	0.0117836	0	0	0	0	0	0	0	-0.116916	-0.253969	0.0745778	0	0	1.44791	0	0	0	0.121527	-0.03273	0.163771
2018-02-16 00:00:00	0	-0.542723	0.598262	0	-0.00243124	-0.000101261	0.00373119	0	0	0	0	0	0	0	-0.607915	-0.253744	0.0745277	0	0	1.33994	0	0	0	0.121522	-0.0320625	0.699001
2018-02-17 00:00:00	-0.506755	-0.0627291	0.58671	0	-0.000465428	0	0.003615	0	0	0	0	0	0	0	-0.661326	-0.253635	0.0745071	0	0	1.26726	0	0	0	0.121528	-0.0294607	0.539247
2018-02-18 00:00:00	-2.32927	0.585428	0.534338	0	0.00299852	-0.00204091	0.0101397	0	0	0	0	0	0	0	0.121656	-0.253569	0.0745043	0	0	1.21544	0	0	0	0.121482	-0.0281949	0.0529066
2018-02-19 00:00:00	-3.24053	-0.00882484	0.744363	0	0.000722064	-0.00621272	0.021295	0	0	0	0	0	0	0	0.64374	-0.253841	0.0745762	0	0	1.25731	0	0	0	0.121555	-0.0284126	-0.674267
2018-02-20 00:00:00	-0.102252	-0.488028	0.642099	0	-0.00301276	-0.000190014	0.00434322	0	0	0	0	0	0	0	-0.598484	-0.253598	0.074549	0	0	1.2154	0	0	0	0.121452	-0.0292368	0.583043
2018-02-21 00:00:00	0	-0.505145	0.57669	0	-0.00360796	0	0.00167393	0	0	0	0	0	0	0	-0.526852	-0.253463	0.0745223	0	0	1.15325	0	0	0	0.121504	-0.0278617	0.610708
2018-02-22 00:00:00	-0.102252	-0.241137	0.530834	0	-0.00467673	0	0.00427308	0	0	0	0	0	0	0	-0.858415	-0.253339	0.0744899	0	0	1.09879	0	0	0	0.12129	-0.0266055	0.343255
2018-02-23 00:00:00	0	-0.220886	0.530467	0	-0.005842	0	0.00236811	0	0	0	0	0	0	0	-0.771448	-0.253061	0.0744386	0	0	1.0309	0	0	0	0.121204	-0.02583	0.482311
2018-02-24 00:00:00	0	-0.232398	0.557675	0	-0.00608101	0	0.00204281	0	0	0	0	0	0	0	-0.931329	-0.252784	0.0743884	0	0	0.97338	0	0	0	0.121121	-0.0251639	0.280851
2018-02-25 00:00:00	0	-0.0741379	0.56595	0	-0.00787489	0	0.00259564	0	0	0	0	0	0	0	-0.67583	-0.252678	0.0743661	0	0	0.937542	0	0	0	0.120908	-0.0242674	0.666574
2018-02-26 00:00:00	-0.102252	-0.00236094	0.505223	0	-0.00614787	0	0.00316231	0	0	0	0	0	0	0	-0.773107	-0.252469	0.0743257	0	0	0.892886	0	0	0	0.120878	-0.0231097	0.437029
2018-02-27 00:00:00	-1.01351	0.463857	0.519747	0	0.00122917	0	0.0028528	0	0	0	0	0	0	0	-0.557422	-0.252257	0.0742832	0	0	0.866712	0	0	0	0.120769	-0.0223721	0.203888
2018-02-28 00:00:00	0	-0.377105	0.413553	0	-0.00153131	0	0.00319753	0	0	0	0	0	0	0	-0.524847	-0.252057	0.0742427	0	0	0.85378	0	0	0	0.12059	-0.0221412	0.287681
2018-03-01 00:00:00	0	-0.0824538	0.426704	0	-0.00613555	0	0.00199178	0	0	0	0	0	0	0	-0.691127	-0.251851	0.0742002	0	0	0.834829	0	0	0	0.120436	-0.0216167	0.404978
2018-03-02 00:00:00	0	-0.00767129	0.450728	0	-0.00535016	0	0.00237881	0	0	0	0	0	0	0	-0.832857	-0.251648	0.0741571	0	0	0.808668	0	0	0	0.120273	-0.0211017	0.337577
2018-03-03 00:00:00	0	-0.00208511	0.303784	0	-0.00335428	0	0.00292721	0	0	0	0	0	0	0	-0.695138	-0.251432	0.0741103	0	0	0.787762	0	0	0	0.120118	-0.02068	0.316011
2018-03-04 00:00:00	-0.2	-0.00309801	0.625367	0	-0.00413194	0	0.00224462	0	0	0	0	0	0	0	-0.762199	-0.251229	0.0740666	0	0	0.770226	0	0	0	0.119942	-0.0203965	0.350792
2018-03-05 00:00:00	-7.93695	1.71928	0.700754	0	0.0574118	-0.00232555	0.016997	0	0	0	0	0	0	0	2.70642	-0.251671	0.0741427	0	0	0.854114	0	0	0	0.119942	-0.0217917	-1.96368
2018-03-06 00:00:00	-29.9369	0.00309033	0.753972	0	0.00362765	-0.0761064	0.222182	0	0	0	0	0	0	0	14.9992	-0.256078	0.0750238	0	0	1.77212	0	0	0	0.121393	-0.0326903	-12.3512
2018-03-07 00:00:00	-8.13695	-0.00793573	0.7357	0	-0.00336225	-0.0200151	0.0640942	0	0	0	0	0	0	0	3.06525	-0.259501	0.0757496	0	0	2.59896	0	0	0	0.122994	-0.045479	-1.81049
2018-03-08 00:00:00	-0.990993	-0.00540385	0.750785	0	-0.00274078	-0.000822406	0.0074592	0	0	0	0	0	0	0	-0.952212	-0.259971	0.0758489	0	0	2.49198	0	0	0	0.123476	-0.0449224	1.19249
2018-03-09 00:00:00	-0.2	-0.535137	0.79365	0	-0.00204094	-1.62271E-06	0.00397027	0	0	0	0	0	0	0	-0.877999	-0.259816	0.0758198	0	0	2.22718	0	0	0	0.123541	-0.0419386	1.30723
2018-03-10 00:00:00	-15.7234	0.519099	0.860595	0	0.00815747	-0.039747	0.108776	0	0	0	0	0	0	0	7.28811	-0.261807	0.0762701	0	0	2.448	0	0	0	0.124169	-0.0419777	-4.63379
2018-03-11 00:00:00	0	-0.821536	0.91865	0	-0.00883494	-0.00208985	0.00857038	0	0	0	0	0	0	0	-1.2086	-0.262713	0.0764859	0	0	2.52233	0	0	0	0.124964	-0.045046	1.30218
2018-03-12 00:00:00	0	-0.43025	0.797017	0	-0.00889228	0	0.00225574	0	0	0	0	0	0	0	-1.0597	-0.262526	0.0764308	0	0	2.21653	0	0	0	0.124972	-0.0426919	1.41315
2018-03-13 00:00:00	-1.1955	0.317278	0.864318	0	0.00041036	0	0.00344356	0	0	0	0	0	0	0	-0.988009	-0.262322	0.0763642	0	0	1.93929	0	0	0	0.125122	-0.0397444	0.840654
2018-03-14 00:00:00	0	-0.567984	0.882744	0	-0.00729404	0	0.00336218	0	0	0	0	0	0	0	-0.854537	-0.262245	0.0763288	0	0	1.78103	0	0	0	0.125	-0.0371479	1.13925
2018-03-15 00:00:00	-11.9369	1.49025	0.973999	0	0.0223237	-0.0201584	0.0657249	0	0	0	0	0	0	0	4.70379	-0.2634	0.0765274	0	0	1.87496	0	0	0	0.125416	-0.0371627	-2.92469
2018-03-16 00:00:00	-7.94145	-0.0150044	0.876561	0	-0.000136502	-0.0206287	0.0581574	0	0	0	0	0	0	0	2.98131	-0.265072	0.0768576	0	0	2.20335	0	0	0	0.126437	-0.0403676	-1.96
2018-03-17 00:00:00	-0.302252	-0.425508	0.77859	0	-0.00545724	-0.000919992	0.00632795	0	0	0	0	0	0	0	-1.01409	-0.265416	0.0769207	0	0	2.13924	0	0	0	0.126738	-0.0409511	1.07323
2018-03-18 00:00:00	-2.38649	0.438594	0.755257	0	0.00257275	-0.00218907	0.0118794	0	0	0	0	0	0	0	-0.114232	-0.265432	0.0769136	0	0	1.94672	0	0	0	0.126756	-0.0389624	0.551388
2018-03-19 00:00:00	-4.84371	-0.0171577	0.871841	0	0.00116882	-0.0101239	0.0326137	0	0	0	0	0	0	0	1.41533	-0.266039	0.0770243	0	0	1.93428	0	0	0	0.126944	-0.0382415	-0.716069
2018-03-20 00:00:00	0	-0.82874	0.924546	0	-0.00490276	-0.000230719	0.00519684	0	0	0	0	0	0	0	-0.972874	-0.266084	0.0770374	0	0	1.81043	0	0	0	0.127203	-0.0377169	0.833867
2018-03-21 00:00:00	-0.302252	-0.368091	0.998044	0	-0.0079622	0	0.0021078	0	0	0	0	0	0	0	-1.11812	-0.265979	0.0769942	0	0	1.62523	0	0	0	0.127036	-0.0365385	0.73047
2018-03-22 00:00:00	0	-0.423	0.98107	0	-0.0105268	0	0.00267626	0	0	0	0	0	0	0	-0.964529	-0.265948	0.0769634	0	0	1.50058	0	0	0	0.127023	-0.0336981	0.990614
2018-03-23 00:00:00	-2.31576	0.907183	1.23306	0	0.00213051	0	0.00375017	0	0	0	0	0	0	0	-0.469125	-0.265828	0.0769191	0	0	1.37679	0	0	0	0.127064	-0.0311776	0.645007
2018-03-24 00:00:00	0	-0.938798	1.0579	0	-0.00448177	0	0.00316617	0	0	0	0	0	0	0	-0.727956	-0.265728	0.0768817	0	0	1.28195	0	0	0	0.127041	-0.0294753	0.580501
2018-03-25 00:00:00	-0.2	-0.0057423	1.01434	0	-0.0124512	0	0.0021754	0	0	0	0	0	0	0	-1.19648	-0.265551	0.0768286	0	0	1.17451	0	0	0	0.126904	-0.0280913	0.686444
2018-03-26 00:00:00	-0.2	-0.00539939	0.963626	0	-0.0101463	0	0.00078819	0	0	0	0	0	0	0	-0.978436	-0.265336	0.0767689	0	0	1.07006	0	0	0	0.126887	-0.0266983	0.752114
2018-03-27 00:00:00	-16.4617	1.65381	1.25859	0	0.0512263	-0.0238274	0.0819816	0	0	0	0	0	0	0	6.77712	-0.267067	0.0770827	0	0	1.35715	0	0	0	0.127186	-0.0285156	-5.39699
2018-03-28 00:00:00	0	-0.950939	1.07753	0	-0.0095155	-0.000643884	0.00668733	0	0	0	0	0	0	0	-1.12912	-0.268098	0.077301	0	0	1.64632	0	0	0	0.127558	-0.0348509	0.542234
2018-03-29 00:00:00	0	-0.415648	0.963427	0	-0.00936197	0	0.0016723	0	0	0	0	0	0	0	-0.843918	-0.267788	0.077213	0	0	1.43795	0	0	0	0.127383	-0.0340602	1.03687
2018-03-30 00:00:00	-2.81801	1.11952	1.16829	0	0.00622388	0	0.00522903	0	0	0	0	0	0	0	-0.164622	-0.267701	0.0772133	0	0	1.38484	0	0	0	0.127516	-0.0309596	0.607534
2018-03-31 00:00:00	-5.73828	0.231262	1.06601	0	0.0103741	-0.00852108	0.0310769	0	0	0	0	0	0	0	1.79139	-0.268265	0.0773268	0	0	1.43456	0	0	0	0.127566	-0.0306842	-1.27619
2018-04-01 00:00:00	-5.55496	0.01265	1.10179	0	-0.00050611	-0.0113418	0.0374209	0	0	0	0	0	0	0	1.72346	-0.269132	0.0774945	0	0	1.59185	0	0	0	0.127724	-0.033278	-1.19684
2018-04-02 00:00:00	-9.35496	0.000793365	0.952847	0	0.00150698	-0.0221406	0.0668414	0	0	0	0	0	0	0	4.28328	-0.270434	0.0777426	0	0	1.83519	0	0	0	0.128051	-0.0360117	-2.3373
2018-04-03 00:00:00	-17.9099	0.000624117	1.02321	0	0.00246031	-0.0526427	0.134273	0	0	0	0	0	0	0	8.60542	-0.273381	0.0783036	0	0	2.45389	0	0	0	0.128929	-0.0420767	-5.85091
2018-04-04 00:00:00	-12.146	-0.00391898	1.11176	0	-0.00148549	-0.0368454	0.0921895	0	0	0	0	0	0	0	5.14245	-0.276436	0.0789061	0	0	3.10781	0	0	0	0.12993	-0.04872	-2.85032
2018-04-05 00:00:00	-14.1324	0.00695097	1.08269	0	-2.03476E-05	-0.042499	0.107259	0	0	0	0	0	0	0	6.03282	-0.27934	0.0795025	0	0	3.61345	0	0	0	0.13084	-0.052755	-3.45355
2018-04-06 00:00:00	-0.102252	-0.847568	1.04954	0	-0.00745119	-0.00242582	0.00847	0	0	0	0	0	0	0	-1.4828	-0.280414	0.0796753	0	0	3.47295	0	0	0	0.131939	-0.0540708	1.96559
2018-04-07 00:00:00	-1.5955	0.505089	1.06087	0	0.000387246	-8.05672E-05	0.0046641	0	0	0	0	0	0	0	-1.00541	-0.280195	0.0796545	0	0	3.01772	0	0	0	0.132054	-0.0503627	1.86889
2018-04-08 00:00:00	-0.302252	-0.666096	1.05045	0	-0.00474627	0	0.00319144	0	0	0	0	0	0	0	-0.880904	-0.279953	0.0795785	0	0	2.6301	0	0	0	0.132169	-0.0470334	1.71451
2018-04-09 00:00:00	-0.102252	-0.388207	0.966043	0	-0.00958883	0	0.00255652	0	0	0	0	0	0	0	-1.27565	-0.279798	0.0795362	0	0	2.31476	0	0	0	0.13232	-0.0432333	1.39649
2018-04-10 00:00:00	-1.00901	-0.00445126	1.03344	0	-0.00115077	0	0.00376835	0	0	0	0	0	0	0	-0.802237	-0.279625	0.0795041	0	0	2.06904	0	0	0	0.132374	-0.0400402	1.18161
2018-04-11 00:00:00	-0.102252	-0.246677	0.920283	0	-0.0103462	0	0.0028072	0	0	0	0	0	0	0	-1.2327	-0.279418	0.0794732	0	0	1.83428	0	0	0	0.132368	-0.0376674	1.06015
2018-04-12 00:00:00	-4.18649	1.64416	1.01165	0	0.0218529	0	0.00630559	0	0	0	0	0	0	0	0.208866	-0.27943	0.0794845	0	0	1.68391	0	0	0	0.132354	-0.0360336	0.28663
2018-04-13 00:00:00	-3.19099	0.0124287	1.00136	0	0.00764324	-0.00198582	0.0158555	0	0	0	0	0	0	0	0.432383	-0.279793	0.0795876	0	0	1.66254	0	0	0	0.132539	-0.0350094	-0.16345
2018-04-14 00:00:00	0	-1.48333	2.29792	0	-0.0191223	-7.59227E-05	0.00193151	0	0	0	0	0	0	0	-1.56716	-0.279803	0.0796001	0	0	1.5502	0	0	0	0.132607	-0.0344531	0.67831
2018-04-15 00:00:00	-6.36397	1.47138	1.46494	0	0.0199861	-0.00445801	0.0209271	0	0	0	0	0	0	0	1.40276	-0.280164	0.0796576	0	0	1.49561	0	0	0	0.132547	-0.0327651	-0.593543
2018-04-16 00:00:00	0	-1.16603	1.57879	0	-0.0123017	-0.000219038	0.00376596	0	0	0	0	0	0	0	-1.10791	-0.280301	0.0796873	0	0	1.48947	0	0	0	0.132681	-0.0329604	0.684675
2018-04-17 00:00:00	-0.906756	-0.406646	1.81248	0	-0.0105388	0	0.00225059	0	0	0	0	0	0	0	-0.999546	-0.280073	0.0796458	0	0	1.34091	0	0	0	0.132654	-0.0307988	0.733577
2018-04-18 00:00:00	0	-0.0795871	1.8675	0	-0.026959	0	0.000713316	0	0	0	0	0	0	0	-2.0653	-0.279768	0.0795851	0	0	1.16983	0	0	0	0.132595	-0.0289994	0.769608
2018-04-19 00:00:00	0	0	2.34699	0	-0.0187702	0	0	0	0	0	0	0	0	0	-1.48492	-0.279319	0.0795091	0	0	0.98441	0	0	0	0.132321	-0.0270953	1.73312
2018-04-20 00:00:00	0	0	2.35441	0	0.001283	0	0.00017448	0	0	0	0	0	0	0	-2.69711	-0.279188	0.0794883	0	0	0.880337	0	0	0	0.132725	-0.0241803	0.447944
2018-04-21 00:00:00	0	0	2.85818	0	-0.00417426	0	0	0	0	0	0	0	0	0	-1.88469	-0.278655	0.0793871	0	0	0.734114	0	0	0	0.132274	-0.0217486	1.61469
2018-04-22 00:00:00	-3.83152	1.0221	2.12664	0	0.00369564	0	0.00111611	0	0	0	0	0	0	0	-0.341594	-0.278747	0.0793981	0	0	0.744306	0	0	0	0.132735	-0.0195892	-0.361465
2018-04-23 00:00:00	-1.81351	-0.13081	1.98453	0	0.00135211	0	0.00515861	0	0	0	0	0	0	0	-0.481838	-0.278591	0.0793721	0	0	0.753503	0	0	0	0.132013	-0.0197887	0.23139
2018-04-24 00:00:00	-0.102252	-0.88819	1.90168	0	-0.000521013	0	0.00076977	0	0	0	0	0	0	0	-1.23465	-0.278305	0.0793165	0	0	0.752608	0	0	0	0.131811	-0.0199596	0.342313
2018-04-25 00:00:00	-2.01801	0.0875364	1.97962	0	0.000897341	0	0.002789	0	0	0	0	0	0	0	-0.604465	-0.277946	0.0792443	0	0	0.739058	0	0	0	0.131548	-0.019681	0.100584
2018-04-26 00:00:00	-3.72927	1.0772	1.97553	0	0.00126228	0	0.00393703	0	0	0	0	0	0	0	0.230276	-0.277915	0.0792412	0	0	0.755397	0	0	0	0.131114	-0.0198157	0.226952
2018-04-27 00:00:00	-1.20901	-0.513675	1.79072	0	0.000373192	0	0.00172334	0	0	0	0	0	0	0	-0.393128	-0.277735	0.0792049	0	0	0.781747	0	0	0	0.130984	-0.0202465	0.370956
2018-04-28 00:00:00	-5.64504	1.02621	1.72932	0	0.000825677	0	0.00756837	0	0	0	0	0	0	0	1.12687	-0.27801	0.0792439	0	0	0.845193	0	0	0	0.130736	-0.0207865	-0.997868
2018-04-29 00:00:00	-0.102252	-1.18222	1.67182	0	-0.00022952	0	0.00267136	0	0	0	0	0	0	0	-0.910299	-0.278019	0.0792572	0	0	0.903937	0	0	0	0.13054	-0.0225844	0.292624
2018-04-30 00:00:00	0	-0.491333	1.61982	0	-0.000672212	0	0.000715185	0	0	0	0	0	0	0	-1.484	-0.277556	0.0791538	0	0	0.846363	0	0	0	0.130328	-0.0223387	0.400484
2018-05-01 00:00:00	0	-0.00682505	1.7838	0	-0.00105551	0	0.000574126	0	0	0	0	0	0	0	-1.51156	-0.277388	0.0791214	0	0	0.789075	0	0	0	0.130099	-0.0208646	0.96498
2018-05-02 00:00:00	-4.12027	1.19567	2.09765	0	0.00293899	0	0.00217526	0	0	0	0	0	0	0	0.0301925	-0.277243	0.0790556	0	0	0.7805	0	0	0	0.129902	-0.0199843	-0.0994092
2018-05-03 00:00:00	0	-1.19552	2.01684	0	-0.0021281	0	0.00192176	0	0	0	0	0	0	0	-0.881193	-0.277	0.0790373	0	0	0.774821	0	0	0	0.129838	-0.0202997	0.626325
2018-05-04 00:00:00	-0.2	-0.000156266	2.15006	0	-0.000737665	0	0.000926736	0	0	0	0	0	0	0	-2.12128	-0.276471	0.0789388	0	0	0.698689	0	0	0	0.129521	-0.0200146	0.439477
2018-05-05 00:00:00	0	0	2.05387	0	-0.00437106	0	0	0	0	0	0	0	0	0	-1.0469	-0.276035	0.0788541	0	0	0.630846	0	0	0	0.129144	-0.0189545	1.54645
2018-05-06 00:00:00	0	0	3.03082	0	-0.00213932	0	0	0	0	0	0	0	0	0	-3.04723	-0.275782	0.0788031	0	0	0.543211	0	0	0	0.12945	-0.017954	0.439175
2018-05-07 00:00:00	0	0	2.74112	0	-0.0006137	0	0	0	0	0	0	0	0	0	-2.05265	-0.275414	0.0787193	0	0	0.475195	0	0	0	0.128845	-0.0162225	1.07899
2018-05-08 00:00:00	-2.11126	0.00490021	2.40365	0	0.00223704	0	0	0	0	0	0	0	0	0	-0.356738	-0.275002	0.0786528	0	0	0.486748	0	0	0	0.128618	-0.0147656	0.347037
2018-05-09 00:00:00	-1.50676	-0.00490021	2.14761	0	0.00127796	0	0	0	0	0	0	0	0	0	-0.73586	-0.274553	0.078591	0	0	0.505172	0	0	0	0.128239	-0.0150123	0.323805
2018-05-10 00:00:00	-0.2	0	1.91749	0	0.000123224	0	0.00177219	0	0	0	0	0	0	0	-1.58173	-0.274456	0.0785538	0	0	0.49587	0	0	0	0.127698	-0.0152772	0.550045
2018-05-11 00:00:00	-0.702252	0	2.09229	0	0.000116047	0	0.000835827	0	0	0	0	0	0	0	-1.528	-0.273856	0.078435	0	0	0.482019	0	0	0	0.127561	-0.0150244	0.262119
2018-05-12 00:00:00	-3.81801	1.02577	2.53631	0	-7.1823E-05	0	0.00227646	0	0	0	0	0	0	0	0.12821	-0.273709	0.0784079	0	0	0.499362	0	0	0	0.127173	-0.0150119	0.290693
2018-05-13 00:00:00	-7.83603	0.713887	2.5763	0	0.00257367	0	0.00774932	0	0	0	0	0	0	0	2.39506	-0.274128	0.0784898	0	0	0.623193	0	0	0	0.126989	-0.0168023	-1.60271
2018-05-14 00:00:00	0	-1.73965	4.95181	0	-0.00424235	0	0.000246113	0	0	0	0	0	0	0	-3.10982	-0.274159	0.0784817	0	0	0.692948	0	0	0	0.126872	-0.0190891	0.703395
2018-05-15 00:00:00	-0.2	0	2.94836	0	-0.00089513	0	0	0	0	0	0	0	0	0	-2.22771	-0.273401	0.0783229	0	0	0.55665	0	0	0	0.126763	-0.0181415	0.989946
2018-05-16 00:00:00	0	0	2.04717	0	-0.00235399	0	0	0	0	0	0	0	0	0	-1.07969	-0.272998	0.0782319	0	0	0.504257	0	0	0	0.126589	-0.0163752	1.38483
2018-05-17 00:00:00	0	0	2.71393	0	-0.000101724	0	0	0	0	0	0	0	0	0	-2.66534	-0.272644	0.0781617	0	0	0.441844	0	0	0	0.126729	-0.0153708	0.407214
2018-05-18 00:00:00	0	0	3.70137	0	-0.000103494	0	0	0	0	0	0	0	0	0	-2.9013	-0.272097	0.0780609	0	0	0.36245	0	0	0	0.126086	-0.0141589	1.0803
2018-05-19 00:00:00	0	0	2.89532	0	-5.62675E-05	0	0	0	0	0	0	0	0	0	-2.19538	-0.271547	0.0779905	0	0	0.309317	0	0	0	0.125862	-0.0125807	0.928928
2018-05-20 00:00:00	0	0	2.32783	0	-6.03739E-06	0	0	0	0	0	0	0	0	0	-1.87901	-0.271054	0.0778886	0	0	0.283416	0	0	0	0.125567	-0.0116644	0.652965
2018-05-21 00:00:00	0	0	3.08396	0	0	0	0	0	0	0	0	0	0	0	-2.45437	-0.270595	0.0777834	0	0	0.248251	0	0	0	0.125219	-0.01126	0.798992
2018-05-22 00:00:00	0	0	1.93734	0	0	0	0	0	0	0	0	0	0	0	-1.29641	-0.270112	0.0776815	0	0	0.239447	0	0	0	0.124871	-0.0107131	0.802098
2018-05-23 00:00:00	0	0	1.98863	0	0	0	0	0	0	0	0	0	0	0	-1.55475	-0.269589	0.0776194	0	0	0.237268	0	0	0	0.124481	-0.010586	0.593071
2018-05-24 00:00:00	0	0	2.35832	0	0	0	0	0	0	0	0	0	0	0	-1.8207	-0.269061	0.0775255	0	0	0.227165	0	0	0	0.124076	-0.0105474	0.686778
2018-05-25 00:00:00	0	0	2.12717	0	0	0	0	0	0	0	0	0	0	0	-1.64642	-0.268534	0.0774312	0	0	0.220799	0	0	0	0.123686	-0.0103837	0.623743
2018-05-26 00:00:00	0	0	1.99608	0	0	0	0	0	0	0	0	0	0	0	-1.59145	-0.268001	0.0773499	0	0	0.218644	0	0	0	0.12328	-0.0102861	0.545621
2018-05-27 00:00:00	-0.2	0	2.44255	0	0	0	0	0	0	0	0	0	0	0	-1.75729	-0.26761	0.0772516	0	0	0.211978	0	0	0	0.122858	-0.0102496	0.619481
2018-05-28 00:00:00	0	0	3.03853	0	0	0	0	0	0	0	0	0	0	0	-2.40202	-0.266995	0.0771653	0	0	0.188442	0	0	0	0.122448	-0.0101408	0.747424
2018-05-29 00:00:00	0	0	1.91592	0	0	0	0	0	0	0	0	0	0	0	-1.62951	-0.266623	0.0770112	0	0	0.185449	0	0	0	0.122049	-0.0097611	0.394537
2018-05-30 00:00:00	0	0	2.04182	0	0	0	0	0	0	0	0	0	0	0	-1.69865	-0.26605	0.0769327	0	0	0.18592	0	0	0	0.121601	-0.00972011	0.451854
2018-05-31 00:00:00	0	0	2.14483	0	0	0	0	0	0	0	0	0	0	0	-1.79599	-0.265553	0.0768243	0	0	0.183774	0	0	0	0.121159	-0.00972297	0.455315
2018-06-01 00:00:00	-21.4495	1.83226	3.18368	0	0.00527182	0	0.00169513	0	0	0	0	0	0	0	9.96815	-0.267706	0.0772339	0	0	0.418267	0	0	0	0.121275	-0.0118886	-6.12131
2018-06-02 00:00:00	-11.227	-0.0298768	3.11109	0	0.0647979	-0.0057528	0.0140511	0	0	0	0	0	0	0	4.75686	-0.269968	0.0776511	0	0	0.854203	0	0	0	0.122135	-0.0201952	-2.55202
2018-06-03 00:00:00	-2.90676	-0.282991	3.25481	0	-0.00528445	-0.000455347	0.00272705	0	0	0	0	0	0	0	-0.577139	-0.270248	0.0776755	0	0	0.974082	0	0	0	0.12195	-0.0240821	0.36429
2018-06-04 00:00:00	0	-1.50423	2.81557	0	-0.0289861	0	0.000269601	0	0	0	0	0	0	0	-1.57742	-0.269829	0.07757	0	0	0.920844	0	0	0	0.121576	-0.0232797	0.532091
2018-06-05 00:00:00	0	-0.0151625	2.45059	0	-0.0274653	0	0	0	0	0	0	0	0	0	-2.07942	-0.269316	0.0774421	0	0	0.80678	0	0	0	0.121354	-0.021391	1.04341
2018-06-06 00:00:00	0	0	2.5423	0	-0.0054789	0	0	0	0	0	0	0	0	0	-1.97728	-0.268606	0.0772774	0	0	0.671812	0	0	0	0.121142	-0.0200515	1.14111
2018-06-07 00:00:00	0	0	2.65416	0	-0.0018291	0	0	0	0	0	0	0	0	0	-2.04736	-0.268276	0.0772153	0	0	0.607568	0	0	0	0.120859	-0.0180343	1.1243
2018-06-08 00:00:00	0	0	2.63272	0	-0.000951069	0	0	0	0	0	0	0	0	0	-1.76569	-0.267543	0.0770541	0	0	0.503993	0	0	0	0.120525	-0.0168811	1.28323
2018-06-09 00:00:00	-0.502252	0	2.55316	0	-3.16099E-05	0	0	0	0	0	0	0	0	0	-1.92339	-0.267248	0.0769613	0	0	0.451162	0	0	0	0.120461	-0.0153422	0.493482
2018-06-10 00:00:00	0	0	2.42775	0	-6.15198E-05	0	0	0	0	0	0	0	0	0	-2.05614	-0.266827	0.07689	0	0	0.414635	0	0	0	0.119681	-0.0139869	0.701945
2018-06-11 00:00:00	-0.702252	0	2.34844	0	-8.80942E-07	0	0	0	0	0	0	0	0	0	-1.0066	-0.266074	0.0767294	0	0	0.380037	0	0	0	0.119491	-0.0134024	0.936367
2018-06-12 00:00:00	-0.4	0	2.40431	0	0	0	0	0	0	0	0	0	0	0	-1.91445	-0.265709	0.0766388	0	0	0.350057	0	0	0	0.119285	-0.0130363	0.357104
2018-06-13 00:00:00	-1.30225	0	2.50529	0	0	0	0	0	0	0	0	0	0	0	-0.97221	-0.265136	0.0765362	0	0	0.347125	0	0	0	0.118693	-0.0123487	0.495701
2018-06-14 00:00:00	0	0	2.34395	0	0	0	0	0	0	0	0	0	0	0	-1.81776	-0.264729	0.0763741	0	0	0.319667	0	0	0	0.11824	-0.0122972	0.763445
2018-06-15 00:00:00	-0.702252	0	2.38878	0	0	0	0	0	0	0	0	0	0	0	-1.39474	-0.264315	0.0762829	0	0	0.305824	0	0	0	0.117832	-0.011812	0.515596
2018-06-16 00:00:00	-12.5293	1.89586	2.908	0	0.00516549	0	0.00156705	0	0	0	0	0	0	0	4.61196	-0.265016	0.0764329	0	0	0.434021	0	0	0	0.117515	-0.0127633	-2.75653
2018-06-17 00:00:00	-0.902252	-1.52068	2.87299	0	-0.000635464	0	0.000100173	0	0	0	0	0	0	0	-0.640701	-0.265195	0.0764704	0	0	0.593555	0	0	0	0.11755	-0.0168738	0.314328
2018-06-18 00:00:00	-0.2	-0.363689	2.6117	0	-0.0014704	0	0	0	0	0	0	0	0	0	-1.74949	-0.264747	0.0763487	0	0	0.567554	0	0	0	0.117103	-0.017085	0.776221
2018-06-19 00:00:00	-11.1248	1.89278	2.99556	0	0.00244422	0	0.00565226	0	0	0	0	0	0	0	3.6311	-0.265239	0.0764269	0	0	0.657993	0	0	0	0.11695	-0.0169786	-2.02807
2018-06-20 00:00:00	-22.1518	0.0284341	3.07808	0	0.0664231	-0.027343	0.0780264	0	0	0	0	0	0	0	11.1566	-0.267944	0.0769654	0	0	1.12656	0	0	0	0.117804	-0.0242489	-6.74242
2018-06-21 00:00:00	0	-1.8923	2.86519	0	-0.0259702	-0.000706021	0.00320829	0	0	0	0	0	0	0	-1.37006	-0.269135	0.0771824	0	0	1.40121	0	0	0	0.118349	-0.0306879	0.876292
2018-06-22 00:00:00	0	-0.0375424	3.29655	0	-0.0392689	0	0	0	0	0	0	0	0	0	-2.87488	-0.268436	0.0769993	0	0	1.17149	0	0	0	0.118136	-0.0289168	1.41413
2018-06-23 00:00:00	0	-0.00286919	2.65255	0	-0.00647832	0	0	0	0	0	0	0	0	0	-1.72967	-0.267715	0.0768296	0	0	0.9604	0	0	0	0.117874	-0.0266511	1.77426
2018-06-24 00:00:00	0	0	2.575	0	-6.48464E-05	0	0	0	0	0	0	0	0	0	-2.4928	-0.267308	0.076722	0	0	0.833595	0	0	0	0.117948	-0.0241624	0.818923
2018-06-25 00:00:00	-0.3	0	2.6212	0	-5.06612E-05	0	0	0	0	0	0	0	0	0	-1.85153	-0.266626	0.0766024	0	0	0.726237	0	0	0	0.117542	-0.0212241	1.10215
2018-06-26 00:00:00	0	0	2.80235	0	-7.46491E-05	0	0	0	0	0	0	0	0	0	-2.18829	-0.266125	0.0764823	0	0	0.619039	0	0	0	0.11725	-0.0194259	1.1412
2018-06-27 00:00:00	-0.2	0	2.99843	0	0	0	0	0	0	0	0	0	0	0	-2.20879	-0.265594	0.0763634	0	0	0.524193	0	0	0	0.11695	-0.0177611	1.0238
2018-06-28 00:00:00	0	0	2.98957	0	0	0	0	0	0	0	0	0	0	0	-2.26232	-0.265118	0.0762568	0	0	0.438754	0	0	0	0.116654	-0.0158981	1.0779
2018-06-29 00:00:00	0	0	2.52277	0	0	0	0	0	0	0	0	0	0	0	-1.9975	-0.264479	0.0761354	0	0	0.380144	0	0	0	0.116359	-0.014152	0.819279
2018-06-30 00:00:00	0	0	3.66529	0	0	0	0	0	0	0	0	0	0	0	-2.90262	-0.263991	0.0760055	0	0	0.304485	0	0	0	0.116001	-0.0131519	0.982019
2018-07-01 00:00:00	0	0	3.78314	0	0	0	0	0	0	0	0	0	0	0	-2.95509	-0.263351	0.0758705	0	0	0.236634	0	0	0	0.115708	-0.0116053	0.981299
2018-07-02 00:00:00	-0.2	0	2.4575	0	0	0	0	0	0	0	0	0	0	0	-1.745	-0.262897	0.0757439	0	0	0.215002	0	0	0	0.115346	-0.0105535	0.645134
2018-07-03 00:00:00	0	0	3.09414	0	0	0	0	0	0	0	0	0	0	0	-2.41708	-0.262327	0.0756138	0	0	0.18848	0	0	0	0.114925	-0.0102259	0.78353
2018-07-04 00:00:00	0	0	3.21162	0	0	0	0	0	0	0	0	0	0	0	-2.57522	-0.261544	0.0755068	0	0	0.162583	0	0	0	0.114504	-0.00980212	0.717644
2018-07-05 00:00:00	0	0	3.39927	0	0	0	0	0	0	0	0	0	0	0	-2.70754	-0.261031	0.0753755	0	0	0.13902	0	0	0	0.11409	-0.00937249	0.749818
2018-07-06 00:00:00	0	0	2.9031	0	0	0	0	0	0	0	0	0	0	0	-2.36454	-0.260629	0.0752324	0	0	0.125948	0	0	0	0.113665	-0.00895413	0.583828
2018-07-07 00:00:00	0	0	2.56771	0	0	0	0	0	0	0	0	0	0	0	-2.00582	-0.260105	0.0750928	0	0	0.120407	0	0	0	0.11322	-0.00870967	0.601794
2018-07-08 00:00:00	0	0	2.56323	0	0	0	0	0	0	0	0	0	0	0	-2.20208	-0.259582	0.0749538	0	0	0.116112	0	0	0	0.112764	-0.00859517	0.396797
2018-07-09 00:00:00	-2.70676	0	3.17772	0	-6.42034E-10	0	0	0	0	0	0	0	0	0	-0.415444	-0.259185	0.0748374	0	0	0.141392	0	0	0	0.112303	-0.00850506	0.116364
2018-07-10 00:00:00	0	0	2.4052	0	0	0	0	0	0	0	0	0	0	0	-1.85855	-0.258702	0.0747434	0	0	0.143139	0	0	0	0.111796	-0.00898862	0.608639
2018-07-11 00:00:00	0	0	2.46067	0	0	0	0	0	0	0	0	0	0	0	-2.01848	-0.258129	0.0745431	0	0	0.13656	0	0	0	0.111138	-0.00900285	0.497303
2018-07-12 00:00:00	0	0	2.58022	0	0	0	0	0	0	0	0	0	0	0	-2.07707	-0.257408	0.0744157	0	0	0.127256	0	0	0	0.110692	-0.00887601	0.549234
2018-07-13 00:00:00	-2.70676	0	3.19541	0	-6.66179E-10	0	0	0	0	0	0	0	0	0	-0.464822	-0.257168	0.0743031	0	0	0.149895	0	0	0	0.110238	-0.0086986	0.092401
2018-07-14 00:00:00	-0.2	0	2.71853	0	0	0	0	0	0	0	0	0	0	0	-2.09786	-0.256598	0.0741803	0	0	0.145766	0	0	0	0.109734	-0.00912552	0.484624
2018-07-15 00:00:00	0	0	2.27577	0	0	0	0	0	0	0	0	0	0	0	-1.89967	-0.256464	0.0740569	0	0	0.138371	0	0	0	0.109276	-0.00903777	0.432296
2018-07-16 00:00:00	-1.10225	0	2.68326	0	0	0	0	0	0	0	0	0	0	0	-1.28744	-0.255866	0.0739376	0	0	0.143171	0	0	0	0.108825	-0.00890154	0.354735
2018-07-17 00:00:00	-0.2	0	2.08142	0	0	0	0	0	0	0	0	0	0	0	-1.63061	-0.255108	0.0738175	0	0	0.144545	0	0	0	0.108354	-0.00899191	0.313428
2018-07-18 00:00:00	-0.2	0	2.07842	0	0	0	0	0	0	0	0	0	0	0	-1.46224	-0.254719	0.0737242	0	0	0.144274	0	0	0	0.107894	-0.00901239	0.478342
2018-07-19 00:00:00	0	0	2.28203	0	0	0	0	0	0	0	0	0	0	0	-1.86049	-0.254194	0.073582	0	0	0.136392	0	0	0	0.107437	-0.00900576	0.475749
2018-07-20 00:00:00	-1.6045	0	2.55106	0	0	0	0	0	0	0	0	0	0	0	-0.781718	-0.253667	0.073478	0	0	0.149998	0	0	0	0.106664	-0.00885614	0.232457
2018-07-21 00:00:00	0	0	2.14139	0	0	0	0	0	0	0	0	0	0	0	-1.72915	-0.253367	0.0733666	0	0	0.146406	0	0	0	0.106243	-0.00911191	0.475779
2018-07-22 00:00:00	0	0	2.12075	0	0	0	0	0	0	0	0	0	0	0	-1.73988	-0.252853	0.0732527	0	0	0.138744	0	0	0	0.105834	-0.00903927	0.436812
2018-07-23 00:00:00	-2.50676	0	3.26108	0	-4.9338E-11	0	0	0	0	0	0	0	0	0	-0.68016	-0.252656	0.0731491	0	0	0.154821	0	0	0	0.105438	-0.00889923	0.146019
2018-07-24 00:00:00	-2.80901	0	3.13761	0	6.09161E-11	0	0	0	0	0	0	0	0	0	-0.296553	-0.252143	0.0727302	0	0	0.181221	0	0	0	0.105019	-0.00919919	0.129672
2018-07-25 00:00:00	0	0	2.75849	0	0	0	0	0	0	0	0	0	0	0	-2.37397	-0.251669	0.0727186	0	0	0.162199	0	0	0	0.104588	-0.00966443	0.462691
2018-07-26 00:00:00	-2.30676	0	3.66154	0	0	0	0	0	0	0	0	0	0	0	-1.16362	-0.251246	0.0726395	0	0	0.16252	0	0	0	0.103985	-0.00932124	0.26974
2018-07-27 00:00:00	-1.10225	0	3.16186	0	0	0	0	0	0	0	0	0	0	0	-1.96855	-0.250958	0.0724365	0	0	0.154301	0	0	0	0.103601	-0.00933961	0.161093
2018-07-28 00:00:00	-11.7338	2.2339	3.10434	0	-1.49617E-05	0	0	0	0	0	0	0	0	0	4.89911	-0.250978	0.0724689	0	0	0.2212	0	0	0	0.102946	-0.00962967	-1.36043
2018-07-29 00:00:00	-7.82252	0.0541149	2.97248	0	0.00194177	0	0	0	0	0	0	0	0	0	3.44742	-0.250917	0.072483	0	0	0.353694	0	0	0	0.10292	-0.0120651	-1.08045
2018-07-30 00:00:00	-3.20901	-0.0866901	3.05617	0	-0.000123932	0	0	0	0	0	0	0	0	0	-0.04546	-0.250572	0.0724131	0	0	0.426656	0	0	0	0.102665	-0.0138117	0.0522381
2018-07-31 00:00:00	-0.2	-1.99795	2.81527	0	0.000473558	0	0	0	0	0	0	0	0	0	-0.782603	-0.250197	0.0723308	0	0	0.435967	0	0	0	0.102239	-0.0141356	0.181398
2018-08-01 00:00:00	-8.93378	2.04461	3.21233	0	0.0023256	0	0	0	0	0	0	0	0	0	2.64012	-0.250014	0.0722957	0	0	0.474954	0	0	0	0.101951	-0.0143494	-0.649565
2018-08-02 00:00:00	-4.51576	0.0693266	3.43797	0	0.0011219	0	0.00104273	0	0	0	0	0	0	0	0.408633	-0.249813	0.072262	0	0	0.540848	0	0	0	0.101704	-0.0159918	-0.148663
2018-08-03 00:00:00	-0.502252	-2.14928	3.31782	0	-0.000627608	0	0.00112432	0	0	0	0	0	0	0	-0.819618	-0.249424	0.0721822	0	0	0.545021	0	0	0	0.101406	-0.0163463	0.299998
2018-08-04 00:00:00	0	-0.14257	2.66983	0	-0.00181497	0	0	0	0	0	0	0	0	0	-2.1392	-0.249048	0.072089	0	0	0.495715	0	0	0	0.101072	-0.015795	0.790274
2018-08-05 00:00:00	0	-0.0194729	2.58818	0	-0.00304116	0	0	0	0	0	0	0	0	0	-1.88456	-0.248478	0.0718671	0	0	0.417144	0	0	0	0.100877	-0.0148618	1.00765
2018-08-06 00:00:00	-1.4045	-0.00597207	3.02551	0	-0.000171955	0	0	0	0	0	0	0	0	0	-1.70353	-0.248083	0.0717945	0	0	0.387124	0	0	0	0.10089	-0.0138276	0.209225
2018-08-07 00:00:00	-1.70676	0	2.75453	0	-1.36292E-05	0	0	0	0	0	0	0	0	0	-1.00781	-0.247574	0.0716901	0	0	0.377706	0	0	0	0.100336	-0.0133322	0.328781
2018-08-08 00:00:00	-1.70676	0	2.52722	0	0.00121541	0	0	0	0	0	0	0	0	0	-0.95541	-0.247212	0.0716092	0	0	0.376663	0	0	0	0.099803	-0.013169	0.153961
2018-08-09 00:00:00	-0.2	0	2.30424	0	-0.00131221	0	0	0	0	0	0	0	0	0	-1.748	-0.246972	0.0715507	0	0	0.357976	0	0	0	0.0993828	-0.0128386	0.624027
2018-08-10 00:00:00	-6.42252	2.35643	2.63777	0	0.00123223	0	0	0	0	0	0	0	0	0	0.924658	-0.246475	0.0714577	0	0	0.389303	0	0	0	0.0992451	-0.0124195	-0.201315
2018-08-11 00:00:00	0	-2.33902	2.99737	0	0.000804793	0	0	0	0	0	0	0	0	0	-0.699944	-0.246233	0.0714026	0	0	0.402705	0	0	0	0.0988356	-0.0134326	0.272489
2018-08-12 00:00:00	-10.5383	2.36004	3.01203	0	0.00318812	0	0.000400548	0	0	0	0	0	0	0	3.81171	-0.246084	0.0713827	0	0	0.464935	0	0	0	0.0986318	-0.0140355	-0.976071
2018-08-13 00:00:00	-0.502252	-1.9978	2.74998	0	-7.09478E-05	0	0.00104123	0	0	0	0	0	0	0	-0.489405	-0.245862	0.0713601	0	0	0.549804	0	0	0	0.0984958	-0.0161957	0.219089
2018-08-14 00:00:00	-3.31126	0.2917	3.00458	0	2.82276E-06	0	0.00112768	0	0	0	0	0	0	0	-0.22149	-0.245451	0.0712793	0	0	0.547713	0	0	0	0.0982227	-0.016224	0.220197
2018-08-15 00:00:00	-1.4045	-0.634963	2.96818	0	7.85675E-05	0	0.000795227	0	0	0	0	0	0	0	-1.12743	-0.245091	0.0712006	0	0	0.534683	0	0	0	0.0979056	-0.0161064	0.244746
2018-08-16 00:00:00	-0.902252	-0.0275403	2.56419	0	-0.00139991	0	1.61664E-05	0	0	0	0	0	0	0	-1.5476	-0.244606	0.0711013	0	0	0.495995	0	0	0	0.0977113	-0.0157184	0.489902
2018-08-17 00:00:00	-1.4045	-0.00882411	2.56078	0	-0.00109699	0	0	0	0	0	0	0	0	0	-0.916633	-0.244183	0.0709851	0	0	0.46228	0	0	0	0.0974314	-0.0150038	0.601233
2018-08-18 00:00:00	-3.11126	0.402398	2.66664	0	0.00243565	0	6.72573E-05	0	0	0	0	0	0	0	-0.613812	-0.243876	0.0709319	0	0	0.467891	0	0	0	0.0968643	-0.0145613	-0.276282
2018-08-19 00:00:00	-10.7383	2.03554	2.75329	0	0.0186781	0	0.00405629	0	0	0	0	0	0	0	4.41386	-0.243825	0.0709412	0	0	0.542714	0	0	0	0.0963531	-0.0154975	-1.06217
2018-08-20 00:00:00	-0.2	-2.1077	2.59351	0	-0.00721151	0	0.00169103	0	0	0	0	0	0	0	-0.560939	-0.24359	0.0709227	0	0	0.635486	0	0	0	0.0963244	-0.0179094	0.260587
2018-08-21 00:00:00	-0.2	-0.314369	2.57542	0	-0.00996291	0	0.000671143	0	0	0	0	0	0	0	-1.93068	-0.243191	0.0708343	0	0	0.59059	0	0	0	0.0960904	-0.0175028	0.617902
2018-08-22 00:00:00	-4.81801	1.88513	2.70042	0	0.00476951	0	0.000317392	0	0	0	0	0	0	0	-0.0529442	-0.2424	0.070724	0	0	0.559105	0	0	0	0.0959167	-0.0165774	0.18645
2018-08-23 00:00:00	-4.11576	0.544157	2.46609	0	0.00763894	0	0.00158844	0	0	0	0	0	0	0	0.515115	-0.242159	0.0706972	0	0	0.572017	0	0	0	0.0956382	-0.0165343	-0.101511
2018-08-24 00:00:00	-1.4045	-0.930046	2.37988	0	-0.0025465	0	0.0012903	0	0	0	0	0	0	0	-0.33958	-0.241891	0.0706256	0	0	0.587824	0	0	0	0.095396	-0.0169655	0.199483
2018-08-25 00:00:00	0	-1.50034	2.41236	0	-0.00639234	0	0.000660241	0	0	0	0	0	0	0	-1.05123	-0.241543	0.0705431	0	0	0.572788	0	0	0	0.0951218	-0.0168388	0.335128
2018-08-26 00:00:00	-3.41351	0.954517	2.34777	0	0.0028605	0	0.000208785	0	0	0	0	0	0	0	-0.171528	-0.240997	0.0704121	0	0	0.557083	0	0	0	0.0949234	-0.0164849	0.185258
2018-08-27 00:00:00	-5.72027	1.538	2.50318	0	0.0132968	0	0.00207537	0	0	0	0	0	0	0	1.02501	-0.240683	0.0704287	0	0	0.576803	0	0	0	0.094662	-0.0165444	-0.154035
2018-08-28 00:00:00	-0.2	-2.07751	2.48084	0	-0.00663711	0	0.00142322	0	0	0	0	0	0	0	-0.510943	-0.240404	0.0703689	0	0	0.600544	0	0	0	0.0944244	-0.0174255	0.194672
2018-08-29 00:00:00	0	-0.419812	2.15706	0	-0.00841234	0	9.32453E-05	0	0	0	0	0	0	0	-1.75704	-0.240014	0.0702734	0	0	0.565695	0	0	0	0.0942071	-0.0170617	0.444992
2018-08-30 00:00:00	-0.902252	-0.00996975	2.35531	0	-0.00462585	0	0	0	0	0	0	0	0	0	-1.48884	-0.239436	0.0701332	0	0	0.505819	0	0	0	0.0940191	-0.0162871	0.363872
2018-08-31 00:00:00	-0.2	0	2.35749	0	-0.00541515	0	0	0	0	0	0	0	0	0	-1.51297	-0.239023	0.070065	0	0	0.452644	0	0	0	0.0939401	-0.0155771	1.00116
2018-09-01 00:00:00	0	0	1.9257	0	-0.00104539	0	0	0	0	0	0	0	0	0	-2.19349	-0.23874	0.0699976	0	0	0.407575	0	0	0	0.0940328	-0.0143978	0.0496295
2018-09-02 00:00:00	-0.302252	0	1.99158	0	-5.59058E-05	0	0	0	0	0	0	0	0	0	-1.51247	-0.238382	0.0699064	0	0	0.376445	0	0	0	0.0929537	-0.0136057	0.464126
2018-09-03 00:00:00	-10.5563	2.5717	2.15789	0	0.0195911	0	0	0	0	0	0	0	0	0	4.17303	-0.238304	0.069922	0	0	0.486251	0	0	0	0.0927182	-0.0134783	-1.23698
2018-09-04 00:00:00	0	-1.86276	2.03783	0	-0.00551314	0	0.000208503	0	0	0	0	0	0	0	-0.304417	-0.238043	0.0698884	0	0	0.555088	0	0	0	0.0925044	-0.0162936	0.328498
2018-09-05 00:00:00	-0.2	-0.683587	2.39988	0	-0.00426002	0	0.000852244	0	0	0	0	0	0	0	-1.74838	-0.237643	0.0697978	0	0	0.536746	0	0	0	0.0923117	-0.016293	0.209419
2018-09-06 00:00:00	-3.21801	1.24375	1.84087	0	-4.51621E-05	0	0.000737107	0	0	0	0	0	0	0	-0.0436789	-0.23713	0.0697041	0	0	0.517714	0	0	0	0.0921848	-0.0157903	0.2503
2018-09-07 00:00:00	-1.0045	-0.929812	2.0148	0	2.47059E-05	0	0.00146263	0	0	0	0	0	0	0	-0.389663	-0.23685	0.0696377	0	0	0.523549	0	0	0	0.0918358	-0.0157987	0.124682
2018-09-08 00:00:00	-0.602252	-0.319687	1.86752	0	-0.00190034	0	2.46325E-05	0	0	0	0	0	0	0	-1.05051	-0.236482	0.0695523	0	0	0.514036	0	0	0	0.0916307	-0.0157776	0.316159
2018-09-09 00:00:00	-4.32477	1.92196	2.18889	0	0.00187747	0	0.000841678	0	0	0	0	0	0	0	-0.0447745	-0.236052	0.0694684	0	0	0.509944	0	0	0	0.0912781	-0.0155147	0.163155
2018-09-10 00:00:00	-9.85404	0.726142	1.98628	0	0.0282014	-0.00767955	0.0151535	0	0	0	0	0	0	0	5.24841	-0.235915	0.0694776	0	0	0.623837	0	0	0	0.0909781	-0.0169629	-1.32613
2018-09-11 00:00:00	-2.51576	0.00229255	2.08689	0	-0.00179651	-0.00150203	0.00394367	0	0	0	0	0	0	0	0.0171832	-0.235738	0.0694637	0	0	0.7301	0	0	0	0.0909451	-0.01941	0.226605
2018-09-12 00:00:00	-1.40676	-0.499795	1.94449	0	-0.00150879	-5.33524E-05	0.00111213	0	0	0	0	0	0	0	-0.321649	-0.235336	0.0693825	0	0	0.712505	0	0	0	0.090655	-0.0193033	0.33375
2018-09-13 00:00:00	-1.40676	-0.482508	1.94479	0	-0.00164782	0	0.00171533	0	0	0	0	0	0	0	-0.477286	-0.235013	0.0693108	0	0	0.690677	0	0	0	0.0904178	-0.0188933	0.174808
2018-09-14 00:00:00	-6.13378	1.0387	1.7948	0	0.00394248	-0.00792774	0.0137589	0	0	0	0	0	0	0	2.11765	-0.234775	0.0692716	0	0	0.720537	0	0	0	0.090272	-0.0189808	-0.546529
2018-09-15 00:00:00	-1.1045	-0.545756	1.67754	0	-0.00225104	-0.000323261	0.00172293	0	0	0	0	0	0	0	-0.283983	-0.234521	0.0692343	0	0	0.746451	0	0	0	0.0902035	-0.019841	0.393974
2018-09-16 00:00:00	-1.60901	-0.335173	1.98229	0	-0.00115481	0	0.00112233	0	0	0	0	0	0	0	-0.385939	-0.23412	0.0691568	0	0	0.71924	0	0	0	0.090038	-0.019404	0.277054
2018-09-17 00:00:00	-0.402252	-1.32461	1.8824	0	-0.00453669	0	0.000969392	0	0	0	0	0	0	0	-0.296966	-0.2337	0.0690748	0	0	0.6919	0	0	0	0.0897497	-0.0190244	0.453006
2018-09-18 00:00:00	-4.72477	1.98033	2.07522	0	0.00755902	-0.000231753	0.00301011	0	0	0	0	0	0	0	-0.042564	-0.233428	0.0690201	0	0	0.681816	0	0	0	0.0894265	-0.0186987	-0.113308
2018-09-19 00:00:00	-10.254	0.271041	1.83257	0	0.00106942	-0.0213934	0.0344998	0	0	0	0	0	0	0	5.70498	-0.233538	0.0690621	0	0	0.802283	0	0	0	0.089459	-0.0202228	-1.72423
2018-09-20 00:00:00	-1.60901	-0.166387	1.71962	0	-0.00166755	-0.000505878	0.0024882	0	0	0	0	0	0	0	-0.405175	-0.2334	0.0690629	0	0	0.890872	0	0	0	0.0896014	-0.0226535	0.332843
2018-09-21 00:00:00	-3.21801	0.156819	1.57268	0	0.000519082	-0.00379246	0.00709174	0	0	0	0	0	0	0	0.840772	-0.233118	0.0691369	0	0	0.870059	0	0	0	0.0894673	-0.0220445	0.12958
2018-09-22 00:00:00	-0.402252	-0.996403	1.49337	0	-0.00333163	-0.000157292	0.00150755	0	0	0	0	0	0	0	-0.534665	-0.232761	0.0690317	0	0	0.843305	0	0	0	0.089395	-0.0217743	0.305264
2018-09-23 00:00:00	-0.3	-1.19348	1.63399	0	-0.0041202	0	0.000967889	0	0	0	0	0	0	0	-0.416867	-0.232358	0.0689553	0	0	0.799919	0	0	0	0.0892509	-0.0209207	0.425336
2018-09-24 00:00:00	-0.802252	-0.359116	1.48047	0	-0.00205611	0	0.00149331	0	0	0	0	0	0	0	-0.649382	-0.232018	0.0688832	0	0	0.761104	0	0	0	0.0890931	-0.0201858	0.336038
2018-09-25 00:00:00	-0.402252	-0.162356	1.39848	0	-0.00472326	0	0.00073652	0	0	0	0	0	0	0	-0.938836	-0.231539	0.068798	0	0	0.713831	0	0	0	0.0889698	-0.0195348	0.511575
2018-09-26 00:00:00	-2.41351	0.56555	1.79977	0	0.00131916	0	0.00131041	0	0	0	0	0	0	0	-0.258525	-0.231072	0.0687132	0	0	0.682023	0	0	0	0.0888147	-0.0188823	0.285513
2018-09-27 00:00:00	-0.402252	-0.568142	1.56348	0	-0.00368572	0	0.000154436	0	0	0	0	0	0	0	-0.853295	-0.230705	0.0686441	0	0	0.661018	0	0	0	0.0886402	-0.0185683	0.305289
2018-09-28 00:00:00	-0.3	-0.00710326	1.35066	0	-0.00493454	0	0	0	0	0	0	0	0	0	-1.28213	-0.23015	0.0684399	0	0	0.612442	0	0	0	0.0884494	-0.0182001	0.27747
2018-09-29 00:00:00	-0.3	-0.00685536	1.30806	0	-0.00397457	0	0	0	0	0	0	0	0	0	-0.795237	-0.229819	0.0682687	0	0	0.574582	0	0	0	0.0876204	-0.0176539	0.684989
2018-09-30 00:00:00	-0.602252	-0.00496781	1.35349	0	-0.00189301	0	0	0	0	0	0	0	0	0	-1.15648	-0.229518	0.0682124	0	0	0.55279	0	0	0	0.0879321	-0.0167702	0.0505497
2018-10-01 00:00:00	-1.60225	0.315468	1.26535	0	0.00123727	0	0.00065876	0	0	0	0	0	0	0	-0.382667	-0.228949	0.0680337	0	0	0.553624	0	0	0	0.0874822	-0.0163435	0.0616455
2018-10-02 00:00:00	-0.3	-0.321684	1.39858	0	-0.00200622	0	6.85516E-05	0	0	0	0	0	0	0	-0.901571	-0.228482	0.067985	0	0	0.546253	0	0	0	0.087242	-0.0163254	0.330063
2018-10-03 00:00:00	-0.3	-0.00674328	1.28178	0	-0.00255511	0	0	0	0	0	0	0	0	0	-1.12331	-0.227752	0.0678731	0	0	0.516804	0	0	0	0.0871712	-0.0160656	0.277199
2018-10-04 00:00:00	-2.4045	0.890531	1.42753	0	0.000185792	0	0.000807427	0	0	0	0	0	0	0	-0.428925	-0.226997	0.0676462	0	0	0.521772	0	0	0	0.0871159	-0.015748	-0.0805902
2018-10-05 00:00:00	-0.3	-0.735566	1.14642	0	7.501E-06	0	0.000777268	0	0	0	0	0	0	0	-0.598266	-0.226685	0.0673731	0	0	0.528321	0	0	0	0.0867866	-0.0158389	-0.0466656
2018-10-06 00:00:00	-0.1	-0.161348	0.960757	0	-0.0010367	0	8.01442E-05	0	0	0	0	0	0	0	-0.946171	-0.226253	0.067371	0	0	0.522832	0	0	0	0.0866315	-0.0158605	0.187004
2018-10-07 00:00:00	-2.0045	0.660464	1.27488	0	0.00054614	0	0.000700051	0	0	0	0	0	0	0	-0.362717	-0.225606	0.0672715	0	0	0.525957	0	0	0	0.0864739	-0.0156963	0.00776617
2018-10-08 00:00:00	-4.61126	2.03567	1.23087	0	0.00753406	0	0.00149686	0	0	0	0	0	0	0	0.571826	-0.22535	0.0672615	0	0	0.545029	0	0	0	0.0861049	-0.0159917	-0.306807
2018-10-09 00:00:00	-2.0045	-0.0153223	1.04314	0	0.00615843	0	0.000851138	0	0	0	0	0	0	0	0.513842	-0.225075	0.0672322	0	0	0.594569	0	0	0	0.0859793	-0.0168705	0.0500003
2018-10-10 00:00:00	-0.1	-1.16099	1.375	0	-0.0034188	0	0.00130796	0	0	0	0	0	0	0	-0.55695	-0.224799	0.0671701	0	0	0.604057	0	0	0	0.0858448	-0.0174624	0.0697559
2018-10-11 00:00:00	-2.0045	0.672708	1.26989	0	0.00165736	0	0.0011806	0	0	0	0	0	0	0	-0.417009	-0.223851	0.0669983	0	0	0.599365	0	0	0	0.0856849	-0.0173231	0.0347935
2018-10-12 00:00:00	-8.31576	0.556315	1.16471	0	0.020291	-0.00915812	0.0182021	0	0	0	0	0	0	0	4.45333	-0.2238	0.0669453	0	0	0.70083	0	0	0	0.0856693	-0.0184274	-1.50085
2018-10-13 00:00:00	-2.90676	0.00345179	0.953758	0	0.00559243	-0.00529771	0.00996014	0	0	0	0	0	0	0	1.00816	-0.223859	0.0670238	0	0	0.820357	0	0	0	0.0858528	-0.0208617	-0.202619
2018-10-14 00:00:00	0	-0.975357	1.06729	0	-0.00352815	-0.000179173	0.00136002	0	0	0	0	0	0	0	-0.400351	-0.223472	0.0669675	0	0	0.812906	0	0	0	0.0858202	-0.0210594	0.410395
2018-10-15 00:00:00	-0.2	-0.739947	1.02629	0	-0.0026145	0	0.00104714	0	0	0	0	0	0	0	-0.57536	-0.22305	0.0668974	0	0	0.77318	0	0	0	0.0856157	-0.0204433	0.191613
2018-10-16 00:00:00	-0.502252	-0.472136	1.02901	0	-0.00169795	0	0.0011469	0	0	0	0	0	0	0	-0.415988	-0.222593	0.066814	0	0	0.743956	0	0	0	0.0853554	-0.0198801	0.291729
2018-10-17 00:00:00	-0.2	-0.439566	1.03779	0	-0.0026706	0	0.00113817	0	0	0	0	0	0	0	-0.855885	-0.221964	0.0667197	0	0	0.712979	0	0	0	0.0850819	-0.0194157	0.164208
2018-10-18 00:00:00	-0.2	-0.0820531	0.814928	0	-0.00313853	0	0.000545298	0	0	0	0	0	0	0	-0.511466	-0.22139	0.0665457	0	0	0.668883	0	0	0	0.0847766	-0.0190224	0.598609
2018-10-19 00:00:00	-0.2	-0.00528071	0.809643	0	-0.00770023	0	0.00119864	0	0	0	0	0	0	0	-1.23419	-0.221134	0.0665186	0	0	0.648073	0	0	0	0.0846334	-0.0183587	-0.0765947
2018-10-20 00:00:00	-0.2	-0.00523734	0.980593	0	-0.00721373	0	0	0	0	0	0	0	0	0	-0.698468	-0.220527	0.0664117	0	0	0.606315	0	0	0	0.0845669	-0.0179893	0.588451
2018-10-21 00:00:00	-0.702252	-0.00169616	0.942217	0	0.000121479	0	0.000694133	0	0	0	0	0	0	0	-0.826358	-0.220282	0.0663866	0	0	0.597165	0	0	0	0.0844319	-0.0173919	-0.0769641
2018-10-22 00:00:00	-0.2	-0.00406698	0.79579	0	-0.00159107	0	0.00052468	0	0	0	0	0	0	0	-1.07972	-0.219552	0.0662892	0	0	0.576113	0	0	0	0.0843991	-0.0170914	0.00109265
2018-10-23 00:00:00	0	-0.00541265	0.826391	0	-0.0026118	0	6.62504E-05	0	0	0	0	0	0	0	-1.19771	-0.219199	0.066183	0	0	0.555942	0	0	0	0.0841872	-0.0166667	0.0911684
2018-10-24 00:00:00	0	-0.00486658	0.739069	0	-0.00281283	0	0	0	0	0	0	0	0	0	-0.527861	-0.218579	0.0660926	0	0	0.53378	0	0	0	0.0839959	-0.0163091	0.652508
2018-10-25 00:00:00	-2.70676	1.6277	0.904772	0	0.00066712	0	0.00119374	0	0	0	0	0	0	0	-0.545302	-0.218433	0.0660739	0	0	0.537861	0	0	0	0.0840283	-0.0159557	-0.264153
2018-10-26 00:00:00	-0.2	-0.448649	0.677604	0	-2.36921E-05	0	0.00100857	0	0	0	0	0	0	0	-0.494911	-0.217782	0.0659754	0	0	0.547426	0	0	0	0.0838514	-0.0161048	-0.00160502
2018-10-27 00:00:00	-2.0045	1.23735	0.636721	0	0.00295631	0	0.000929288	0	0	0	0	0	0	0	-0.307647	-0.2174	0.0659297	0	0	0.553951	0	0	0	0.0836267	-0.0161924	0.0357238
2018-10-28 00:00:00	0	-0.501914	0.538444	0	-0.00114686	0	0.000501163	0	0	0	0	0	0	0	-0.0150517	-0.216775	0.0658353	0	0	0.559486	0	0	0	0.0834992	-0.0162417	0.496637
2018-10-29 00:00:00	-0.2	-0.288258	0.520723	0	-0.000959902	0	0.00197499	0	0	0	0	0	0	0	-0.92876	-0.216385	0.0656786	0	0	0.560429	0	0	0	0.0833593	-0.0163616	-0.418558
2018-10-30 00:00:00	-0.502252	-0.0334026	0.539225	0	-0.000222064	0	0.000210861	0	0	0	0	0	0	0	0.0798264	-0.215661	0.0650128	0	0	0.563825	0	0	0	0.0832261	-0.0164018	0.563388
2018-10-31 00:00:00	-1.8045	0.919324	0.592866	0	0.0043971	0	0.00194374	0	0	0	0	0	0	0	-0.756917	-0.215088	0.0652497	0	0	0.568681	0	0	0	0.0831117	-0.0164552	-0.557391
2018-11-01 00:00:00	-8.92927	0.127334	0.550564	0	0.0494367	-0.0109183	0.0205801	0	0	0	0	0	0	0	5.51124	-0.215415	0.0653867	0	0	0.733712	0	0	0	0.0831383	-0.0180488	-2.03226
2018-11-02 00:00:00	-0.2	-0.344755	0.562089	0	-0.00260962	-0.000472338	0.0020758	0	0	0	0	0	0	0	-0.446185	-0.215307	0.06539	0	0	0.827679	0	0	0	0.0833903	-0.021048	0.310248
2018-11-03 00:00:00	-0.702252	-0.0757561	0.786826	0	-0.0003687	0	0.0010636	0	0	0	0	0	0	0	-0.398931	-0.214873	0.0653256	0	0	0.792069	0	0	0	0.0832908	-0.0206106	0.315784
2018-11-04 00:00:00	-0.2	-0.471203	0.727064	0	-0.00172016	0	0.00119528	0	0	0	0	0	0	0	-0.433151	-0.214375	0.0652613	0	0	0.758002	0	0	0	0.0831751	-0.0200105	0.294237
2018-11-05 00:00:00	-1.0045	0.327774	0.660179	0	0.000349627	0	0.00109437	0	0	0	0	0	0	0	-0.455761	-0.213946	0.0651452	0	0	0.730045	0	0	0	0.0830896	-0.0195604	0.173906
2018-11-06 00:00:00	-0.2	-0.47304	0.706927	0	-0.00107351	0	0.00119933	0	0	0	0	0	0	0	-0.626375	-0.21315	0.0651305	0	0	0.708778	0	0	0	0.0829766	-0.0191633	0.0322106
2018-11-07 00:00:00	-1.90676	0.928903	0.658757	0	0.00342837	-1.2005E-05	0.00149436	0	0	0	0	0	0	0	-0.223937	-0.212747	0.0650667	0	0	0.692136	0	0	0	0.0828736	-0.0188395	0.0703671
2018-11-08 00:00:00	-2.10676	0.0482323	0.547884	0	0.00622579	-0.00387405	0.00725881	0	0	0	0	0	0	0	0.568456	-0.212439	0.0650377	0	0	0.714158	0	0	0	0.0828206	-0.018897	-0.301893
2018-11-09 00:00:00	-7.72477	-0.0107231	0.518479	0	0.00235753	-0.0185945	0.0520273	0	0	0	0	0	0	0	4.81519	-0.212234	0.0651586	0	0	0.846257	0	0	0	0.0829572	-0.0207774	-1.60468
2018-11-10 00:00:00	-4.51576	-0.0118217	0.586067	0	-0.000897547	-0.0104369	0.0298101	0	0	0	0	0	0	0	2.36058	-0.21256	0.065254	0	0	1.00497	0	0	0	0.0832077	-0.0244621	-0.64605
2018-11-11 00:00:00	-0.702252	-0.00756367	0.554923	0	-0.00183617	-0.000645964	0.00292683	0	0	0	0	0	0	0	-0.319277	-0.212317	0.0652357	0	0	1.00741	0	0	0	0.083279	-0.0251515	0.444728
2018-11-12 00:00:00	-5.21801	-0.0104023	0.533339	0	0.00223962	-0.0119348	0.0337716	0	0	0	0	0	0	0	2.94307	-0.212228	0.0652703	0	0	1.04004	0	0	0	0.0833297	-0.0249468	-0.776467
2018-11-13 00:00:00	-1.4045	-0.00349057	0.568569	0	-0.00185021	-0.00239017	0.0077761	0	0	0	0	0	0	0	0.106228	-0.21206	0.0652611	0	0	1.05011	0	0	0	0.0835332	-0.025691	0.231489
2018-11-14 00:00:00	-1.4045	-0.00815178	0.590422	0	-7.25388E-05	-0.00210465	0.00679949	0	0	0	0	0	0	0	0.0201227	-0.21175	0.0652157	0	0	1.00779	0	0	0	0.0835025	-0.0253575	0.121914
2018-11-15 00:00:00	0	-0.558794	0.602868	0	-0.00185571	-8.97099E-05	0.00138601	0	0	0	0	0	0	0	-0.39708	-0.211381	0.0651448	0	0	0.958057	0	0	0	0.0834578	-0.024613	0.5171
2018-11-16 00:00:00	-0.2	-0.308404	0.545928	0	-0.00117989	0	0.00104488	0	0	0	0	0	0	0	-0.469258	-0.210631	0.0650645	0	0	0.893824	0	0	0	0.0833902	-0.0235089	0.376269
2018-11-17 00:00:00	0	-0.362674	0.406674	0	-0.00134572	0	0.000946484	0	0	0	0	0	0	0	-0.53646	-0.210111	0.0649758	0	0	0.840236	0	0	0	0.0834173	-0.021943	0.263717
2018-11-18 00:00:00	-0.2	-0.144973	0.36276	0	-0.000614339	0	0.000886323	0	0	0	0	0	0	0	-0.472917	-0.209455	0.0649183	0	0	0.805903	0	0	0	0.0832784	-0.0209622	0.268824
2018-11-19 00:00:00	-1.2045	0.717408	0.425075	0	0.00162703	0	0.00138361	0	0	0	0	0	0	0	-0.397188	-0.209106	0.064864	0	0	0.778294	0	0	0	0.0832004	-0.0203523	0.240703
2018-11-20 00:00:00	-5.92027	0.603607	0.384341	0	0.00545487	-0.0118842	0.0334659	0	0	0	0	0	0	0	2.9225	-0.209078	0.0649232	0	0	0.836049	0	0	0	0.0832426	-0.0206026	-1.22825
2018-11-21 00:00:00	-16.054	-0.0042617	0.390973	0	0.00144995	-0.0407136	0.113561	0	0	0	0	0	0	0	10.4498	-0.210619	0.0652733	0	0	1.19877	0	0	0	0.0838522	-0.0263528	-4.03235
2018-11-22 00:00:00	-0.702252	-0.0132566	0.316254	0	-0.0037109	-0.0016759	0.00609262	0	0	0	0	0	0	0	-0.320922	-0.211149	0.0654342	0	0	1.40198	0	0	0	0.0844627	-0.0309036	0.590357
2018-11-23 00:00:00	-0.302252	-0.0989059	0.395873	0	-0.000337344	-6.38358E-05	0.00148965	0	0	0	0	0	0	0	-0.537865	-0.210678	0.065355	0	0	1.27719	0	0	0	0.0844561	-0.0292061	0.64506
2018-11-24 00:00:00	-3.71126	0.0827856	0.36893	0	0.00163555	-0.00816323	0.023766	0	0	0	0	0	0	0	1.86671	-0.210671	0.0653685	0	0	1.24401	0	0	0	0.0844607	-0.0283072	-0.220731
2018-11-25 00:00:00	-0.902252	-0.0103718	0.345485	0	-0.00118411	-0.00163211	0.00571466	0	0	0	0	0	0	0	-0.0650429	-0.210494	0.0653487	0	0	1.20683	0	0	0	0.0846379	-0.0279849	0.489054
2018-11-26 00:00:00	-0.502252	-0.00917868	0.333635	0	-0.000305553	-0.000461312	0.00242978	0	0	0	0	0	0	0	-0.337077	-0.210084	0.0652778	0	0	1.11977	0	0	0	0.0846191	-0.0270746	0.519302
2018-11-27 00:00:00	-7.02252	-0.0107225	0.352882	0	0.00279648	-0.0170643	0.0481431	0	0	0	0	0	0	0	4.22635	-0.210542	0.0653906	0	0	1.18122	0	0	0	0.0847823	-0.0269225	-1.3262
2018-11-28 00:00:00	-6.62252	-0.0100489	0.408431	0	-0.000157698	-0.0162924	0.0462257	0	0	0	0	0	0	0	3.66309	-0.211321	0.0655777	0	0	1.33102	0	0	0	0.0852831	-0.0290712	-1.28978
2018-11-29 00:00:00	-12.2405	-0.00983683	0.387299	0	0.00194328	-0.0308705	0.0863405	0	0	0	0	0	0	0	7.39941	-0.212752	0.0659018	0	0	1.58483	0	0	0	0.0859243	-0.0329383	-2.91528
2018-11-30 00:00:00	-9.12927	-0.00877777	0.358868	0	-0.000986943	-0.0230938	0.0652729	0	0	0	0	0	0	0	5.25943	-0.214194	0.0662254	0	0	1.85104	0	0	0	0.0868195	-0.0364742	-1.72514
2018-12-01 00:00:00	-0.604504	-0.00856868	0.33108	0	-0.00345084	-0.00114669	0.00485878	0	0	0	0	0	0	0	-0.35968	-0.214343	0.0662638	0	0	1.82227	0	0	0	0.0872604	-0.0367635	1.08327
2018-12-02 00:00:00	-7.94729	-0.00950227	0.345677	0	0.00301815	-0.0194312	0.0547993	0	0	0	0	0	0	0	4.41216	-0.214934	0.0663878	0	0	1.80486	0	0	0	0.0875627	-0.0361606	-1.45285
2018-12-03 00:00:00	-0.604504	-0.00826223	0.284606	0	-0.0029783	-0.0012175	0.00493471	0	0	0	0	0	0	0	-0.304544	-0.215063	0.0664144	0	0	1.76024	0	0	0	0.0879818	-0.0362934	1.03131
2018-12-04 00:00:00	-0.2	-0.0411483	0.241149	0	-0.000400654	-4.24198E-05	0.00138732	0	0	0	0	0	0	0	-0.552245	-0.214623	0.0663212	0	0	1.58339	0	0	0	0.0879652	-0.0342934	0.937458
2018-12-05 00:00:00	-5.83603	0.0241822	0.252962	0	0.00252745	-0.0140514	0.0401329	0	0	0	0	0	0	0	3.0632	-0.214951	0.0663885	0	0	1.54859	0	0	0	0.0881728	-0.0334054	-1.01228
2018-12-06 00:00:00	-1.10676	-0.0125855	0.338177	0	-0.00186686	-0.00226433	0.00757124	0	0	0	0	0	0	0	0.0552727	-0.215019	0.0664052	0	0	1.51661	0	0	0	0.088479	-0.033204	0.700817
2018-12-07 00:00:00	-7.14279	-0.00642121	0.338567	0	0.00212137	-0.0174223	0.0494279	0	0	0	0	0	0	0	3.90715	-0.215597	0.0665281	0	0	1.54259	0	0	0	0.0887394	-0.0329497	-1.42005
2018-12-08 00:00:00	-2.51576	-0.00801112	0.329813	0	-0.00154214	-0.00590321	0.0178299	0	0	0	0	0	0	0	0.89136	-0.215935	0.0666013	0	0	1.56836	0	0	0	0.0891649	-0.0337668	0.182211
2018-12-09 00:00:00	0	-0.248794	0.255763	0	-0.00141175	-0.000202493	0.00179882	0	0	0	0	0	0	0	-0.526657	-0.215614	0.0665357	0	0	1.45529	0	0	0	0.0892561	-0.0323732	0.843594
2018-12-10 00:00:00	-0.2	-0.0186416	0.221614	0	4.01989E-05	0	0.0011001	0	0	0	0	0	0	0	-0.554657	-0.215117	0.066434	0	0	1.31054	0	0	0	0.0892508	-0.030375	0.670185
2018-12-11 00:00:00	0	-0.261897	0.294433	0	-0.00122203	0	0.00121652	0	0	0	0	0	0	0	-0.349797	-0.214693	0.0663497	0	0	1.20571	0	0	0	0.0891654	-0.0285576	0.800705
2018-12-12 00:00:00	0	-0.266966	0.300165	0	-0.00100021	0	0.00134321	0	0	0	0	0	0	0	-0.520334	-0.214319	0.0662791	0	0	1.12099	0	0	0	0.0890827	-0.0267796	0.548464
2018-12-13 00:00:00	0	-0.226854	0.255096	0	-0.000885749	0	0.00113665	0	0	0	0	0	0	0	-0.353684	-0.21378	0.0661641	0	0	1.02319	0	0	0	0.0889631	-0.0264026	0.612939
2018-12-14 00:00:00	-0.2	-0.0320881	0.236835	0	-0.000227525	0	0.00110124	0	0	0	0	0	0	0	-0.499588	-0.213482	0.0661225	0	0	0.979904	0	0	0	0.0889018	-0.0247919	0.402687
2018-12-15 00:00:00	-3.52027	0.991011	0.204509	0	0.0051218	-0.00499891	0.0161044	0	0	0	0	0	0	0	1.2433	-0.213346	0.0661064	0	0	0.962549	0	0	0	0.0888173	-0.0241244	-0.185216
2018-12-16 00:00:00	-0.344115	-0.0802222	0.278105	0	-0.00159406	-0.000279372	0.00200519	0	0	0	0	0	0	0	-0.326842	-0.213222	0.0661126	0	0	0.968749	0	0	0	0.0888416	-0.0244881	0.413051
2018-12-17 00:00:00	-0.00900716	-0.243229	0.267064	0	-0.000593273	0	0.00111512	0	0	0	0	0	0	0	-0.437797	-0.2128	0.0660521	0	0	0.91695	0	0	0	0.0887882	-0.0231229	0.41342
2018-12-18 00:00:00	-0.108086	-0.279755	0.322773	0	-0.00109606	0	0.00129525	0	0	0	0	0	0	0	-0.307768	-0.212437	0.0659914	0	0	0.874008	0	0	0	0.0886659	-0.0219193	0.421672
2018-12-19 00:00:00	-0.00450358	-0.252774	0.289489	0	-0.000965405	0	0.00119946	0	0	0	0	0	0	0	-0.423759	-0.212003	0.0659298	0	0	0.835871	0	0	0	0.0885627	-0.021296	0.365751
2018-12-20 00:00:00	-0.054043	-0.226223	0.262924	0	-0.000950886	0	0.00109283	0	0	0	0	0	0	0	-0.269947	-0.211551	0.0658494	0	0	0.801677	0	0	0	0.0884386	-0.020946	0.43632
2018-12-21 00:00:00	-0.0225179	-0.241535	0.27863	0	-0.000950987	0	0.0011345	0	0	0	0	0	0	0	-0.40236	-0.211195	0.0657865	0	0	0.776736	0	0	0	0.0883201	-0.0202391	0.311809
2018-12-22 00:00:00	-0.0405322	-0.249833	0.288336	0	-0.000983018	0	0.0012102	0	0	0	0	0	0	0	-0.358361	-0.210762	0.0657148	0	0	0.753888	0	0	0	0.0881719	-0.019876	0.316974
2018-12-23 00:00:00	0	-0.20111	0.248025	0	-0.000792077	0	0.00115919	0	0	0	0	0	0	0	-0.456087	-0.210344	0.0656256	0	0	0.733611	0	0	0	0.0880551	-0.0195412	0.248601
2018-12-24 00:00:00	-0.00450358	-0.0674679	0.176634	0	-0.000772284	0	0.000911811	0	0	0	0	0	0	0	-0.284306	-0.209907	0.0655509	0	0	0.714492	0	0	0	0.0879007	-0.0192883	0.459244
2018-12-25 00:00:00	-0.00450358	-0.107878	0.277975	0	-0.00189016	0	0.00123339	0	0	0	0	0	0	0	-0.61342	-0.2095	0.0654607	0	0	0.697681	0	0	0	0.0877533	-0.0188672	0.174044
2018-12-26 00:00:00	0	-0.111898	0.279223	0	-0.00319222	0	0.000840791	0	0	0	0	0	0	0	-0.49171	-0.208904	0.065387	0	0	0.680631	0	0	0	0.0876373	-0.0187722	0.279242
2018-12-27 00:00:00	0	-0.114894	0.285996	0	-0.00324983	0	0.000704351	0	0	0	0	0	0	0	-0.351212	-0.208473	0.0653167	0	0	0.666871	0	0	0	0.0874671	-0.0187405	0.409785
2018-12-28 00:00:00	-0.00900717	-0.0274699	0.273876	0	-0.00378171	0	0.000897769	0	0	0	0	0	0	0	-0.564116	-0.208088	0.0652495	0	0	0.654494	0	0	0	0.087337	-0.0184538	0.250937
2018-12-29 00:00:00	-0.0900717	0.0167135	0.279576	0	-0.00415489	0	0.000803245	0	0	0	0	0	0	0	-0.602014	-0.207654	0.0651812	0	0	0.641807	0	0	0	0.0871993	-0.0182567	0.169129
2018-12-30 00:00:00	-0.0225179	-0.000758172	0.306878	0	-0.00460948	0	0.000636817	0	0	0	0	0	0	0	-0.653691	-0.206909	0.0651162	0	0	0.630318	0	0	0	0.0870987	-0.0178954	0.183667
2018-12-31 00:00:00	-0.00900717	-0.000697375	0.255141	0	-0.00383654	0	0.000762651	0	0	0	0	0	0	0	-0.59154	-0.205624	0.0650478	0	0	0.62021	0	0	0	0.0869386	-0.017765	0.19963
2019-01-01 00:00:00	-0.213511	-0.000633211	0.30506	0	-0.0017629	0	0.00108865	0	0	0	0	0	0	0	-0.44084	-0.205474	0.064968	0	0	0.614831	0	0	0	0.0867916	-0.0178072	0.192712
2019-01-02 00:00:00	0	-0.00425187	0.158085	0	-0.00240019	0	0.000841207	0	0	0	0	0	0	0	-0.524371	-0.204807	0.0649211	0	0	0.611399	0	0	0	0.0866911	-0.0175826	0.168524
2019-01-03 00:00:00	0	-0.00578371	0.215025	0	-0.00299777	0	0.000872357	0	0	0	0	0	0	0	-0.487477	-0.20403	0.0648599	0	0	0.606537	0	0	0	0.0865428	-0.0175467	0.256002
2019-01-04 00:00:00	0	-0.00702762	0.261103	0	-0.00299673	0	0.000605741	0	0	0	0	0	0	0	-0.770465	-0.20335	0.0647322	0	0	0.600502	0	0	0	0.0864206	-0.0174125	0.0121115
2019-01-05 00:00:00	0	-0.00667249	0.247977	0	-0.00277707	0	0.000991873	0	0	0	0	0	0	0	-0.630294	-0.202669	0.0646741	0	0	0.595177	0	0	0	0.086267	-0.0172586	0.135416
2019-01-06 00:00:00	-1.00901	0.625415	0.332258	0	8.75533E-05	0	0.00109441	0	0	0	0	0	0	0	-0.46557	-0.201916	0.0645863	0	0	0.595144	0	0	0	0.0861475	-0.0174419	0.0107971
2019-01-07 00:00:00	-0.706755	0.297735	0.360374	0	0.000998995	0	0.000984362	0	0	0	0	0	0	0	-0.493202	-0.201388	0.0645156	0	0	0.600002	0	0	0	0.0860192	-0.0173127	-0.0080305
2019-01-08 00:00:00	0	-0.265735	0.27635	0	-0.000503863	0	0.00118021	0	0	0	0	0	0	0	-0.438358	-0.200575	0.0643645	0	0	0.602788	0	0	0	0.0858943	-0.0173472	0.108058
2019-01-09 00:00:00	-0.102252	-0.107402	0.22484	0	-0.000527444	0	0.000994342	0	0	0	0	0	0	0	-0.442133	-0.20028	0.0643079	0	0	0.60396	0	0	0	0.0857422	-0.0174831	0.109767
2019-01-10 00:00:00	0	-0.297829	0.336457	0	-0.000322633	0	0.00107135	0	0	0	0	0	0	0	-0.511372	-0.199943	0.0642523	0	0	0.604287	0	0	0	0.0855869	-0.0176693	0.0645179
2019-01-11 00:00:00	-0.302252	-0.0126531	0.319622	0	-2.14695E-05	0	0.00122838	0	0	0	0	0	0	0	-0.539848	-0.19967	0.0641285	0	0	0.604517	0	0	0	0.0854895	-0.0175517	0.00298898
2019-01-12 00:00:00	-2.21801	1.41362	0.358648	0	0.00468578	0	0.0011195	0	0	0	0	0	0	0	-0.125288	-0.198918	0.0640614	0	0	0.610483	0	0	0	0.0853422	-0.0176616	-0.0219226
2019-01-13 00:00:00	-2.11576	0.300762	0.371748	0	0.0178246	0	0.00281771	0	0	0	0	0	0	0	0.580688	-0.198978	0.0640535	0	0	0.642086	0	0	0	0.0853586	-0.0179823	-0.267385
2019-01-14 00:00:00	-0.302252	-0.0410449	0.333767	0	9.34037E-06	0	0.00100467	0	0	0	0	0	0	0	-0.412379	-0.198703	0.0639954	0	0	0.664343	0	0	0	0.085371	-0.0183454	0.175766
2019-01-15 00:00:00	-0.102252	-0.195493	0.309136	0	-0.000382798	0	0.00121007	0	0	0	0	0	0	0	-0.47319	-0.198293	0.0638781	0	0	0.655988	0	0	0	0.0852489	-0.0181716	0.127677
2019-01-16 00:00:00	-2.11576	0.206737	0.341238	0	0.0179377	0	0.00239904	0	0	0	0	0	0	0	0.569094	-0.198256	0.0638184	0	0	0.678329	0	0	0	0.0852163	-0.0183397	-0.367588
2019-01-17 00:00:00	-0.102252	-0.168804	0.271165	0	-0.000226735	0	0.00129946	0	0	0	0	0	0	0	-0.342493	-0.197988	0.0637675	0	0	0.690951	0	0	0	0.0851683	-0.0188291	0.281758
2019-01-18 00:00:00	0	-0.247627	0.280515	0	-0.000992227	0	0.00112488	0	0	0	0	0	0	0	-0.448739	-0.197353	0.0636601	0	0	0.676566	0	0	0	0.0850671	-0.018875	0.193346
2019-01-19 00:00:00	0	-0.257734	0.292038	0	-0.000992812	0	0.00107862	0	0	0	0	0	0	0	-0.534685	-0.197096	0.0635442	0	0	0.666963	0	0	0	0.0849781	-0.0184867	0.099607
2019-01-20 00:00:00	0	-0.259652	0.294281	0	-0.000990562	0	0.000911831	0	0	0	0	0	0	0	-0.741568	-0.196601	0.0634446	0	0	0.652921	0	0	0	0.0848182	-0.018569	-0.121005
2019-01-21 00:00:00	-3.12477	0.897763	0.271931	0	0.00953189	-0.00222632	0.0101984	0	0	0	0	0	0	0	0.782318	-0.196134	0.0633231	0	0	0.672187	0	0	0	0.08477	-0.0185916	-0.5497
2019-01-22 00:00:00	-0.906755	-0.0141404	0.307172	0	-0.000847512	-0.00166185	0.0054901	0	0	0	0	0	0	0	0.0798839	-0.196208	0.063323	0	0	0.716756	0	0	0	0.0848859	-0.0190419	0.118857
2019-01-23 00:00:00	-0.102252	-0.150549	0.252647	0	-0.000339691	-7.43753E-05	0.00126234	0	0	0	0	0	0	0	-0.60431	-0.195565	0.0632255	0	0	0.703533	0	0	0	0.0848306	-0.0190343	0.0333742
2019-01-24 00:00:00	-0.906755	0.138995	0.333736	0	0.000316413	-0.000844804	0.00364642	0	0	0	0	0	0	0	0.0536784	-0.194921	0.0631852	0	0	0.701482	0	0	0	0.0847169	-0.0188711	0.258365
2019-01-25 00:00:00	-3.42702	0.000469705	0.44991	0	0.000924344	-0.00744523	0.0220261	0	0	0	0	0	0	0	1.64263	-0.19518	0.0632238	0	0	0.753281	0	0	0	0.0847058	-0.0191952	-0.631668
2019-01-26 00:00:00	-4.03152	-0.00941786	0.460113	0	0.000399063	-0.00916814	0.0264988	0	0	0	0	0	0	0	2.08767	-0.195516	0.0633108	0	0	0.842261	0	0	0	0.0849368	-0.0210936	-0.701534
2019-01-27 00:00:00	0	-0.353325	0.37849	0	-0.00256476	-0.000281799	0.00166774	0	0	0	0	0	0	0	-0.358179	-0.195364	0.0632921	0	0	0.863113	0	0	0	0.085079	-0.0218664	0.460059
2019-01-28 00:00:00	0	-0.276246	0.313426	0	-0.00111059	0	0.00141847	0	0	0	0	0	0	0	-0.563064	-0.195015	0.0632186	0	0	0.825646	0	0	0	0.0849842	-0.0209908	0.232267
2019-01-29 00:00:00	-2.82252	0.614232	0.361125	0	0.0032019	-0.0040077	0.012639	0	0	0	0	0	0	0	0.866153	-0.194876	0.0631878	0	0	0.817997	0	0	0	0.0849327	-0.0209363	-0.21887
2019-01-30 00:00:00	0	-0.305681	0.324895	0	-0.00191875	-0.000218987	0.00140608	0	0	0	0	0	0	0	-0.337842	-0.194602	0.0631467	0	0	0.818672	0	0	0	0.0850031	-0.0212055	0.431656
2019-01-31 00:00:00	-0.102252	-0.134214	0.256201	0	-0.000625485	0	0.00126504	0	0	0	0	0	0	0	-0.515267	-0.194227	0.0630942	0	0	0.788226	0	0	0	0.0848905	-0.0206114	0.22648
2019-02-01 00:00:00	0	-0.263278	0.298867	0	-0.00106397	0	0.0011691	0	0	0	0	0	0	0	-0.599585	-0.193802	0.0630109	0	0	0.7547	0	0	0	0.0848649	-0.019834	0.12505
2019-02-02 00:00:00	-1.01351	0.623518	0.324341	0	0.00132313	0	0.000983174	0	0	0	0	0	0	0	-0.485013	-0.193431	0.0628519	0	0	0.732577	0	0	0	0.0847334	-0.0196136	0.118759
2019-02-03 00:00:00	-1.82252	0.0531491	0.453505	0	0.00170969	-0.00254319	0.00910023	0	0	0	0	0	0	0	0.418074	-0.193181	0.0628427	0	0	0.739163	0	0	0	0.0846823	-0.0193076	-0.215322
2019-02-04 00:00:00	-0.609007	-0.00990803	0.453349	0	-0.000655374	-0.000415444	0.00229108	0	0	0	0	0	0	0	-0.280712	-0.192812	0.0628183	0	0	0.74124	0	0	0	0.0846999	-0.0197202	0.231167
2019-02-05 00:00:00	-3.54278	-0.0063568	0.446681	0	0.00153956	-0.0076301	0.022199	0	0	0	0	0	0	0	1.54102	-0.192974	0.0628515	0	0	0.787703	0	0	0	0.0847263	-0.0198612	-0.822884
2019-02-06 00:00:00	-0.302252	-0.211099	0.522371	0	-0.00200846	-0.000262258	0.00173811	0	0	0	0	0	0	0	-0.254484	-0.192775	0.0628216	0	0	0.802099	0	0	0	0.0847615	-0.0209402	0.489971
2019-02-07 00:00:00	-0.506755	0.0288603	0.475989	0	-0.000153636	0	0.00117111	0	0	0	0	0	0	0	-0.531499	-0.19237	0.0626742	0	0	0.77167	0	0	0	0.0847271	-0.020197	0.174117
2019-02-08 00:00:00	-3.13828	0.155456	0.58664	0	0.00220964	-0.0053799	0.0164351	0	0	0	0	0	0	0	1.19959	-0.191852	0.0625678	0	0	0.792731	0	0	0	0.0847097	-0.0201689	-0.455343
2019-02-09 00:00:00	-2.93378	0.00220968	0.576908	0	-0.000359791	-0.00592233	0.0178027	0	0	0	0	0	0	0	1.08925	-0.192172	0.0626347	0	0	0.850083	0	0	0	0.0849037	-0.0208436	-0.469282
2019-02-10 00:00:00	-0.102252	-0.392408	0.530638	0	-0.00238199	-0.000209933	0.00158184	0	0	0	0	0	0	0	-0.329717	-0.191737	0.062593	0	0	0.844647	0	0	0	0.0848746	-0.0218518	0.483776
2019-02-11 00:00:00	0	-0.433575	0.492832	0	-0.00174861	0	0.0011732	0	0	0	0	0	0	0	-0.540526	-0.191185	0.0625157	0	0	0.805056	0	0	0	0.0848585	-0.0208238	0.258577
2019-02-12 00:00:00	-0.404504	-0.224819	0.667908	0	-0.00213465	0	0.000857801	0	0	0	0	0	0	0	-0.637637	-0.190785	0.0621572	0	0	0.765542	0	0	0	0.0848027	-0.0205862	0.100802
2019-02-13 00:00:00	-0.404504	-0.153764	0.597818	0	-0.00241032	0	0.000929179	0	0	0	0	0	0	0	-0.504754	-0.190286	0.0621854	0	0	0.74035	0	0	0	0.084553	-0.0201185	0.21
2019-02-14 00:00:00	0	-0.269293	0.631074	0	-0.00695705	0	0.00015418	0	0	0	0	0	0	0	-0.658381	-0.18979	0.0620998	0	0	0.714349	0	0	0	0.0846028	-0.0193372	0.348521
2019-02-15 00:00:00	-0.102252	-0.239354	0.677543	0	-0.00641348	0	0.000616627	0	0	0	0	0	0	0	-0.852346	-0.189263	0.0620045	0	0	0.684909	0	0	0	0.0845022	-0.0188528	0.101094
2019-02-16 00:00:00	-0.102252	-0.099419	0.671442	0	-0.00789133	0	2.06868E-05	0	0	0	0	0	0	0	-0.591528	-0.188626	0.061914	0	0	0.655975	0	0	0	0.0844373	-0.0185322	0.465542
2019-02-17 00:00:00	-0.302252	-0.00254144	0.699815	0	-0.0061983	0	0.000703047	0	0	0	0	0	0	0	-0.768551	-0.188255	0.0618354	0	0	0.630077	0	0	0	0.0843773	-0.0179739	0.191036
2019-02-18 00:00:00	-3.84504	1.76491	0.695844	0	0.0208703	0	0.00302976	0	0	0	0	0	0	0	0.542382	-0.187995	0.061809	0	0	0.636401	0	0	0	0.0842548	-0.0180937	-0.24163
2019-02-19 00:00:00	-1.61801	-0.0168735	0.723867	0	0.00988282	0	0.00181331	0	0	0	0	0	0	0	0.268777	-0.187939	0.0618161	0	0	0.676243	0	0	0	0.0844019	-0.018322	-0.0143479
2019-02-20 00:00:00	-1.31576	-0.0206167	0.763877	0	0.00362933	0	0.00248048	0	0	0	0	0	0	0	0.0742273	-0.187698	0.0617763	0	0	0.689804	0	0	0	0.084404	-0.0184354	0.137685
2019-02-21 00:00:00	0	-0.754237	0.844939	0	-0.00291796	0	0.00147772	0	0	0	0	0	0	0	-0.689627	-0.186838	0.0617165	0	0	0.681371	0	0	0	0.0842937	-0.018549	0.0216288
2019-02-22 00:00:00	0	-0.536114	0.883441	0	-0.00900792	0	0.000122659	0	0	0	0	0	0	0	-0.991622	-0.186228	0.0616814	0	0	0.657791	0	0	0	0.0842236	-0.0185982	-0.0543109
2019-02-23 00:00:00	-0.102252	-0.294645	0.805515	0	-0.00782959	0	0.000199384	0	0	0	0	0	0	0	-0.875314	-0.186121	0.0612054	0	0	0.636835	0	0	0	0.0840467	-0.0180783	0.103561
2019-02-24 00:00:00	-0.102252	-0.146089	0.824465	0	-0.00957305	0	0.00024925	0	0	0	0	0	0	0	-0.886858	-0.185559	0.0612314	0	0	0.610447	0	0	0	0.0839947	-0.017911	0.232145
2019-02-25 00:00:00	0	-0.00936634	1.35511	0	-0.0190896	0	0	0	0	0	0	0	0	0	-1.41638	-0.185193	0.0611703	0	0	0.576301	0	0	0	0.0839183	-0.0170616	0.429412
2019-02-26 00:00:00	-0.102252	-0.00280564	1.4292	0	-0.0095585	0	0	0	0	0	0	0	0	0	-1.62028	-0.184578	0.0610048	0	0	0.530586	0	0	0	0.0839003	-0.0161516	0.169069
2019-02-27 00:00:00	0	0	0.971809	0	-0.00338443	0	0	0	0	0	0	0	0	0	-1.19638	-0.183672	0.0607161	0	0	0.504756	0	0	0	0.0834073	-0.015422	0.221826
2019-02-28 00:00:00	-0.102252	0	0.639	0	-0.000937204	0	0	0	0	0	0	0	0	0	-0.746844	-0.183373	0.0606558	0	0	0.494938	0	0	0	0.0834097	-0.0151461	0.229452
2019-03-01 00:00:00	-0.804504	0.00346222	0.841171	0	0.000988201	0	0	0	0	0	0	0	0	0	-0.452162	-0.183	0.0606062	0	0	0.498388	0	0	0	0.0832776	-0.0148684	0.0333605
2019-03-02 00:00:00	-1.91126	0.873657	0.953134	0	0.000238625	0	0.000679409	0	0	0	0	0	0	0	-0.307676	-0.182551	0.0605495	0	0	0.509452	0	0	0	0.0831259	-0.0153989	0.0639518
2019-03-03 00:00:00	-5.03153	0.855522	0.835727	0	0.0201982	0	0.0048276	0	0	0	0	0	0	0	1.91252	-0.182566	0.0605887	0	0	0.57205	0	0	0	0.0831888	-0.0161852	-0.885653
2019-03-04 00:00:00	-9.3608	-0.0128402	0.828899	0	0.0448979	-0.0131152	0.0387409	0	0	0	0	0	0	0	5.36348	-0.183553	0.0608507	0	0	0.7738	0	0	0	0.0837604	-0.0194711	-2.39535
2019-03-05 00:00:00	-2.31576	-0.00404755	0.815971	0	-0.00262378	-0.00393911	0.0125942	0	0	0	0	0	0	0	0.572266	-0.184151	0.0609928	0	0	0.91899	0	0	0	0.0842058	-0.0223875	-0.0678928
2019-03-06 00:00:00	-10.5698	-0.00323461	0.899192	0	0.00281181	-0.0245436	0.0691304	0	0	0	0	0	0	0	6.08004	-0.185273	0.0612414	0	0	1.07995	0	0	0	0.0845985	-0.0248315	-2.53072
2019-03-07 00:00:00	-5.13378	0.00132695	0.895605	0	-0.00189273	-0.0109308	0.0320368	0	0	0	0	0	0	0	2.31052	-0.186222	0.0614656	0	0	1.24854	0	0	0	0.0852854	-0.0279714	-0.726014
2019-03-08 00:00:00	-4.02702	-0.0193703	0.784246	0	0.000219089	-0.00825503	0.0240379	0	0	0	0	0	0	0	1.74113	-0.186619	0.0615583	0	0	1.28273	0	0	0	0.0856357	-0.0285255	-0.290235
2019-03-09 00:00:00	-1.20901	0.00847795	0.889135	0	-0.00202878	-0.000726596	0.003844	0	0	0	0	0	0	0	-0.418421	-0.1865	0.0615267	0	0	1.22555	0	0	0	0.085822	-0.0281474	0.429529
2019-03-10 00:00:00	-4.52927	-0.0104924	0.819477	0	0.0020359	-0.00905694	0.0263982	0	0	0	0	0	0	0	2.20863	-0.186745	0.0615746	0	0	1.21394	0	0	0	0.0858614	-0.0277043	-0.345358
2019-03-11 00:00:00	-1.40901	-0.0133618	0.948593	0	-0.00171824	-0.00107314	0.00458056	0	0	0	0	0	0	0	-0.0629457	-0.186657	0.0615569	0	0	1.18063	0	0	0	0.0861246	-0.0276065	0.579119
2019-03-12 00:00:00	-24.1595	0.0120853	0.989277	0	0.00665129	-0.0597941	0.166351	0	0	0	0	0	0	0	14.5151	-0.189571	0.0621521	0	0	1.59966	0	0	0	0.0870918	-0.0314922	-7.00199
2019-03-13 00:00:00	-5.17748	-3.1655E-06	1.09915	0	-0.00522646	-0.0109763	0.0329492	0	0	0	0	0	0	0	2.08075	-0.191281	0.0625184	0	0	1.93634	0	0	0	0.0886231	-0.0382519	-0.122895
2019-03-14 00:00:00	-15.155	0.00416072	1.1072	0	0.0016655	-0.0363173	0.101953	0	0	0	0	0	0	0	8.37297	-0.193031	0.0628678	0	0	2.13084	0	0	0	0.0894993	-0.0393358	-3.55249
2019-03-15 00:00:00	-5.78649	-0.0310874	1.07594	0	-0.000712223	-0.0123738	0.0361485	0	0	0	0	0	0	0	2.50395	-0.194097	0.0630817	0	0	2.25677	0	0	0	0.0906788	-0.0412651	-0.0394463
2019-03-16 00:00:00	-20.2964	0.0106541	0.929676	0	0.00969436	-0.050347	0.140725	0	0	0	0	0	0	0	11.5187	-0.196464	0.0635683	0	0	2.67083	0	0	0	0.0918939	-0.0437406	-5.15119
2019-03-17 00:00:00	-0.786489	-0.158846	0.967521	0	-0.0117922	-0.00083996	0.00407731	0	0	0	0	0	0	0	-0.398437	-0.197067	0.0637102	0	0	2.78845	0	0	0	0.0930832	-0.0473504	2.31602
2019-03-18 00:00:00	-0.395496	-0.510496	0.984788	0	-0.00373362	0	0.00154299	0	0	0	0	0	0	0	-0.662691	-0.196639	0.0635865	0	0	2.42793	0	0	0	0.0931319	-0.0435251	1.7584
2019-03-19 00:00:00	-0.590993	-0.460685	1.22562	0	-0.00628978	0	0.000933223	0	0	0	0	0	0	0	-0.724555	-0.196258	0.0634773	0	0	2.11469	0	0	0	0.0931768	-0.0403754	1.47874
2019-03-20 00:00:00	-0.2	-0.492103	1.33675	0	-0.0126059	0	0.000189746	0	0	0	0	0	0	0	-1.11057	-0.195929	0.063381	0	0	1.85972	0	0	0	0.0932108	-0.0373907	1.30464
2019-03-21 00:00:00	-0.804504	-0.0527722	1.38829	0	-0.0092127	0	0.000522965	0	0	0	0	0	0	0	-0.890195	-0.19552	0.0632723	0	0	1.60908	0	0	0	0.0931624	-0.0355862	1.16653
2019-03-22 00:00:00	-2.01351	0.621271	1.34815	0	0.000984545	0	0.00131459	0	0	0	0	0	0	0	-0.382213	-0.195264	0.0632139	0	0	1.46698	0	0	0	0.0931571	-0.0326446	0.971437
2019-03-23 00:00:00	0	-0.621271	1.13664	0	-0.00970881	0	0.000647025	0	0	0	0	0	0	0	-0.949327	-0.194919	0.0631417	0	0	1.32233	0	0	0	0.09319	-0.0296505	0.811079
2019-03-24 00:00:00	-0.502252	0	1.11759	0	-0.00705841	0	0.000640708	0	0	0	0	0	0	0	-0.937878	-0.194553	0.0630628	0	0	1.17729	0	0	0	0.0931185	-0.0276671	0.782296
2019-03-25 00:00:00	0	0	1.04318	0	-0.0094048	0	8.38523E-05	0	0	0	0	0	0	0	-1.21016	-0.194159	0.0629749	0	0	1.04397	0	0	0	0.0930446	-0.0264664	0.803068
2019-03-26 00:00:00	-0.00450358	0	1.17398	0	-0.00454916	0	0	0	0	0	0	0	0	0	-1.50664	-0.193774	0.0628884	0	0	0.926112	0	0	0	0.0930171	-0.0245084	0.52202
2019-03-27 00:00:00	0	0	1.22374	0	-0.00189713	0	0	0	0	0	0	0	0	0	-0.810852	-0.193322	0.0627952	0	0	0.821751	0	0	0	0.0928246	-0.0225579	1.17248
2019-03-28 00:00:00	0	0	1.26795	0	0.00124968	0	0	0	0	0	0	0	0	0	-1.76071	-0.193241	0.0627614	0	0	0.765811	0	0	0	0.0930607	-0.0204362	0.216442
2019-03-29 00:00:00	0	0	1.26811	0	-0.000406895	0	0	0	0	0	0	0	0	0	-1.2518	-0.192922	0.0626949	0	0	0.702608	0	0	0	0.0927791	-0.0191313	0.661924
2019-03-30 00:00:00	0	0	1.17217	0	0.000423343	0	0	0	0	0	0	0	0	0	-1.37459	-0.192502	0.0625868	0	0	0.632386	0	0	0	0.0926635	-0.0184451	0.374695
2019-03-31 00:00:00	0	0	1.11	0	-0.00124937	0	0	0	0	0	0	0	0	0	-0.554855	-0.192021	0.0625116	0	0	0.591898	0	0	0	0.0926702	-0.017684	1.09127
2019-04-01 00:00:00	-0.102252	0	1.06759	0	0.00132425	0	9.96302E-05	0	0	0	0	0	0	0	-1.72924	-0.191848	0.0624749	0	0	0.564291	0	0	0	0.0927043	-0.0168406	-0.2517
2019-04-02 00:00:00	-5.34278	1.65751	1.2702	0	8.99301E-06	0	0.00424293	0	0	0	0	0	0	0	1.59438	-0.191898	0.062493	0	0	0.595685	0	0	0	0.0922347	-0.0165197	-0.274448
2019-04-03 00:00:00	-11.7968	-0.00449594	1.25059	0	0.0609039	-0.000375228	0.0142058	0	0	0	0	0	0	0	6.54954	-0.193208	0.0627993	0	0	0.838327	0	0	0	0.0928608	-0.0196815	-3.14537
2019-04-04 00:00:00	-4.84053	0.00619058	1.3622	0	0.0020268	-0.00863357	0.0248317	0	0	0	0	0	0	0	1.81094	-0.193966	0.0629932	0	0	1.05845	0	0	0	0.0933907	-0.0248525	-0.646963
2019-04-05 00:00:00	0	-1.11091	1.44174	0	-0.00998099	-0.000185136	0.00139049	0	0	0	0	0	0	0	-0.638343	-0.193757	0.062956	0	0	1.04452	0	0	0	0.0934762	-0.0254084	0.665507
2019-04-06 00:00:00	-0.906755	-0.196806	1.326	0	-0.00536039	0	0.00118372	0	0	0	0	0	0	0	-0.552926	-0.193462	0.0628737	0	0	0.963712	0	0	0	0.0933186	-0.0242961	0.567485
2019-04-07 00:00:00	-0.302252	-0.33191	1.059	0	-0.00859498	0	0.000605692	0	0	0	0	0	0	0	-0.703434	-0.193138	0.0627944	0	0	0.89521	0	0	0	0.0932456	-0.0227614	0.548765
2019-04-08 00:00:00	0	-0.0189327	1.3684	0	-0.0205869	0	0	0	0	0	0	0	0	0	-1.42989	-0.192826	0.0627188	0	0	0.819071	0	0	0	0.0931594	-0.0211803	0.659938
2019-04-09 00:00:00	0	-0.00066175	1.26187	0	-0.0130517	0	6.31903E-06	0	0	0	0	0	0	0	-1.27283	-0.192509	0.0626447	0	0	0.744602	0	0	0	0.0930369	-0.01968	0.663432
2019-04-10 00:00:00	-0.102252	0	1.58158	0	-0.0061101	0	0	0	0	0	0	0	0	0	-1.56878	-0.192089	0.0625517	0	0	0.666363	0	0	0	0.0929771	-0.0187262	0.515516
2019-04-11 00:00:00	0	0	1.85913	0	-0.00175184	0	0	0	0	0	0	0	0	0	-1.37332	-0.191615	0.0624467	0	0	0.588915	0	0	0	0.0927723	-0.0179604	1.01861
2019-04-12 00:00:00	0	0	1.40404	0	-0.000125305	0	0	0	0	0	0	0	0	0	-1.608	-0.191352	0.0623888	0	0	0.544915	0	0	0	0.0929249	-0.0167554	0.28803
2019-04-13 00:00:00	0	0	1.20003	0	3.8025E-05	0	0	0	0	0	0	0	0	0	-1.22132	-0.190994	0.0623193	0	0	0.515334	0	0	0	0.0925688	-0.0158997	0.442085
2019-04-14 00:00:00	0	0	1.28445	0	0.00111073	0	0	0	0	0	0	0	0	0	-1.54632	-0.190671	0.0622552	0	0	0.491292	0	0	0	0.0924117	-0.0151489	0.179377
2019-04-15 00:00:00	0	0	1.37835	0	-0.000613911	0	0	0	0	0	0	0	0	0	-1.03181	-0.190411	0.0622038	0	0	0.472924	0	0	0	0.0921505	-0.0144953	0.7683
2019-04-16 00:00:00	0	0	1.56818	0	-0.000188539	0	0	0	0	0	0	0	0	0	-1.77086	-0.189934	0.0621123	0	0	0.443875	0	0	0	0.0921352	-0.0141534	0.191167
2019-04-17 00:00:00	0	0	1.65594	0	-0.00174929	0	0	0	0	0	0	0	0	0	-1.00452	-0.189459	0.0620225	0	0	0.418833	0	0	0	0.0917744	-0.0137249	1.01911
2019-04-18 00:00:00	0	0	2.583	0	-0.00110936	0	0	0	0	0	0	0	0	0	-2.54439	-0.18919	0.061967	0	0	0.375464	0	0	0	0.0920843	-0.0134043	0.36442
2019-04-19 00:00:00	0	0	3.63109	0	-0.000114889	0	0	0	0	0	0	0	0	0	-3.1571	-0.189038	0.0618891	0	0	0.314763	0	0	0	0.0916697	-0.0124196	0.740731
2019-04-20 00:00:00	0	0	3.27845	0	0	0	0	0	0	0	0	0	0	0	-2.75275	-0.188429	0.0618093	0	0	0.267192	0	0	0	0.0915571	-0.01137	0.746454
2019-04-21 00:00:00	0	0	2.1066	0	0	0	0	0	0	0	0	0	0	0	-1.78079	-0.188086	0.0617303	0	0	0.248178	0	0	0	0.091411	-0.0106287	0.528405
2019-04-22 00:00:00	0	0	3.61488	0	0	0	0	0	0	0	0	0	0	0	-3.11626	-0.187642	0.0616535	0	0	0.211932	0	0	0	0.0912336	-0.010342	0.665451
2019-04-23 00:00:00	0	0	1.70687	0	0	0	0	0	0	0	0	0	0	0	-1.44891	-0.187254	0.061572	0	0	0.205004	0	0	0	0.0910645	-0.00977197	0.418569
2019-04-24 00:00:00	0	0	1.57428	0	0	0	0	0	0	0	0	0	0	0	-1.48514	-0.186902	0.0614957	0	0	0.210295	0	0	0	0.0908662	-0.00967577	0.255213
2019-04-25 00:00:00	-2.43603	0.306104	2.08202	0	-9.85596E-11	0	0	0	0	0	0	0	0	0	-0.132911	-0.186528	0.0614297	0	0	0.243733	0	0	0	0.090653	-0.00975536	0.0187214
2019-04-26 00:00:00	-2.59099	0.45959	2.05318	0	8.3023E-07	0	0	0	0	0	0	0	0	0	-0.273632	-0.186318	0.0613888	0	0	0.27106	0	0	0	0.0902839	-0.0104501	-0.125889
2019-04-27 00:00:00	-10.3099	0.894385	1.96161	0	0.00307072	0	0	0	0	0	0	0	0	0	4.90231	-0.187175	0.0615492	0	0	0.417878	0	0	0	0.0904005	-0.0116923	-2.1776
2019-04-28 00:00:00	-1.0045	-1.01277	2.17146	0	-0.000701091	0	0	0	0	0	0	0	0	0	-0.500473	-0.187218	0.061557	0	0	0.511196	0	0	0	0.0908562	-0.0147029	0.1147
2019-04-29 00:00:00	-0.195496	-0.644027	2.4272	0	-0.00200495	0	0	0	0	0	0	0	0	0	-1.53253	-0.186838	0.0614755	0	0	0.500926	0	0	0	0.0906584	-0.014942	0.504422
2019-04-30 00:00:00	0	-0.00328763	2.26243	0	-0.000140335	0	0	0	0	0	0	0	0	0	-2.33478	-0.186297	0.0613596	0	0	0.440731	0	0	0	0.090522	-0.0145317	0.316008
2019-05-01 00:00:00	-0.8	0	1.89638	0	-0.000193486	0	0	0	0	0	0	0	0	0	-0.527341	-0.185861	0.0612783	0	0	0.420877	0	0	0	0.0903993	-0.0137437	0.941796
2019-05-02 00:00:00	-0.6	0	1.8309	0	-5.9462E-06	0	0	0	0	0	0	0	0	0	-1.60403	-0.18559	0.0612283	0	0	0.403819	0	0	0	0.0905113	-0.0134185	-0.0165812
2019-05-03 00:00:00	-0.604504	0	1.64067	0	3.70395E-06	0	0	0	0	0	0	0	0	0	-1.12612	-0.185243	0.0611579	0	0	0.394856	0	0	0	0.0900003	-0.0131326	0.25769
2019-05-04 00:00:00	-0.790993	0	1.73868	0	4.05351E-05	0	0	0	0	0	0	0	0	0	-1.19041	-0.184459	0.0611119	0	0	0.390378	0	0	0	0.0897296	-0.0127769	0.101305
2019-05-05 00:00:00	0	0	1.56139	0	-6.07236E-05	0	0	0	0	0	0	0	0	0	-1.61059	-0.184088	0.0610017	0	0	0.376752	0	0	0	0.0895879	-0.0127111	0.281278
2019-05-06 00:00:00	-0.586489	0	1.58204	0	7.40482E-06	0	0	0	0	0	0	0	0	0	-0.616597	-0.183681	0.060838	0	0	0.370199	0	0	0	0.0894351	-0.0124085	0.703341
2019-05-07 00:00:00	-4.17298	1.43911	1.8113	0	0.00176428	0	0	0	0	0	0	0	0	0	-0.245916	-0.183589	0.0608302	0	0	0.39901	0	0	0	0.0894893	-0.0123884	-0.81337
2019-05-08 00:00:00	-9.34596	0.266304	2.04746	0	0.00345844	0	0.00362878	0	0	0	0	0	0	0	4.67997	-0.183917	0.0609674	0	0	0.519588	0	0	0	0.089216	-0.0143481	-1.87363
2019-05-09 00:00:00	-1.61126	-0.299791	1.96223	0	-5.52633E-05	0	0.00112956	0	0	0	0	0	0	0	-0.351464	-0.184198	0.0610039	0	0	0.619193	0	0	0	0.0895079	-0.0171984	0.269095
2019-05-10 00:00:00	-14.8653	0.306738	2.14452	0	0.0511067	0	0.0154889	0	0	0	0	0	0	0	8.10559	-0.185575	0.0612892	0	0	0.803417	0	0	0	0.0898821	-0.0191415	-3.49199
2019-05-11 00:00:00	-1.17298	-0.901949	2.22383	0	-0.00673623	0	0.00218872	0	0	0	0	0	0	0	-0.522886	-0.186103	0.0614228	0	0	0.945982	0	0	0	0.0904599	-0.0232911	0.509937
2019-05-12 00:00:00	0	-0.810409	3.96083	0	-0.0405629	0	0	0	0	0	0	0	0	0	-2.94588	-0.185622	0.0613306	0	0	0.837015	0	0	0	0.0903679	-0.0218259	0.945243
2019-05-13 00:00:00	0	0	3.74388	0	-0.00834141	0	0	0	0	0	0	0	0	0	-3.57939	-0.185126	0.0612171	0	0	0.646501	0	0	0	0.0903687	-0.0199658	0.749149
2019-05-14 00:00:00	0	0	4.32736	0	-0.000616828	0	0	0	0	0	0	0	0	0	-3.03915	-0.184685	0.061126	0	0	0.504519	0	0	0	0.0902079	-0.0178335	1.74093
2019-05-15 00:00:00	0	0	3.82959	0	0	0	0	0	0	0	0	0	0	0	-3.56096	-0.184825	0.0610649	0	0	0.395779	0	0	0	0.0905551	-0.0149103	0.61629
2019-05-16 00:00:00	0	0	1.94245	0	0	0	0	0	0	0	0	0	0	0	-1.6594	-0.184148	0.0609836	0	0	0.346992	0	0	0	0.0901699	-0.0128847	0.584162
2019-05-17 00:00:00	-0.395496	0	2.00528	0	0	0	0	0	0	0	0	0	0	0	-1.47761	-0.183755	0.060908	0	0	0.32513	0	0	0	0.0900153	-0.0119362	0.412537
2019-05-18 00:00:00	-3.8045	1.00027	2.41038	0	2.2337E-07	0	0	0	0	0	0	0	0	0	-0.0351768	-0.183495	0.060853	0	0	0.351016	0	0	0	0.0898205	-0.0115739	-0.122411
2019-05-19 00:00:00	-0.2	-1.00027	2.27654	0	0	0	0	0	0	0	0	0	0	0	-1.09807	-0.183191	0.0607819	0	0	0.356256	0	0	0	0.089648	-0.0119828	0.289719
2019-05-20 00:00:00	0	0	2.06708	0	0	0	0	0	0	0	0	0	0	0	-1.975	-0.182733	0.0607188	0	0	0.327725	0	0	0	0.0893935	-0.0120786	0.375103
2019-05-21 00:00:00	0	0	2.02085	0	0	0	0	0	0	0	0	0	0	0	-1.98166	-0.182377	0.0605005	0	0	0.300402	0	0	0	0.0892151	-0.0115969	0.295327
2019-05-22 00:00:00	0	0	1.96264	0	0	0	0	0	0	0	0	0	0	0	-1.89874	-0.18198	0.0604563	0	0	0.277948	0	0	0	0.0890213	-0.011159	0.29819
2019-05-23 00:00:00	0	0	1.84632	0	0	0	0	0	0	0	0	0	0	0	-1.77964	-0.181654	0.0603792	0	0	0.261267	0	0	0	0.0888254	-0.0108047	0.284691
2019-05-24 00:00:00	0	0	1.93	0	0	0	0	0	0	0	0	0	0	0	-1.79951	-0.181152	0.0603034	0	0	0.246071	0	0	0	0.0886192	-0.0105421	0.333786
2019-05-25 00:00:00	-3.98649	1.0469	2.5456	0	9.09378E-11	0	0	0	0	0	0	0	0	0	-0.0661238	-0.180963	0.0602424	0	0	0.275731	0	0	0	0.0884102	-0.0102999	-0.226991
2019-05-26 00:00:00	-5.82252	0.725842	2.97042	0	1.12096E-05	0	0	0	0	0	0	0	0	0	1.19783	-0.181118	0.0602547	0	0	0.327499	0	0	0	0.0882362	-0.0110078	-0.644544
2019-05-27 00:00:00	-2.01801	-0.571592	2.6263	0	4.73979E-06	0	0	0	0	0	0	0	0	0	-0.238728	-0.180855	0.0602017	0	0	0.375297	0	0	0	0.0882431	-0.0121317	0.128725
2019-05-28 00:00:00	-3.39099	0.461621	2.38571	0	4.90749E-05	0	0	0	0	0	0	0	0	0	-0.147603	-0.18045	0.0601324	0	0	0.413154	0	0	0	0.0880801	-0.0125179	-0.322816
2019-05-29 00:00:00	-3.00901	0.111295	2.5003	0	0.000144286	0	0	0	0	0	0	0	0	0	0.157805	-0.180069	0.0601451	0	0	0.429941	0	0	0	0.0878049	-0.013403	0.144957
2019-05-30 00:00:00	-12.4585	0.0463103	3.05239	0	0.00507995	0	0.00322976	0	0	0	0	0	0	0	6.27418	-0.181139	0.0603392	0	0	0.584058	0	0	0	0.0880342	-0.0153859	-2.54145
2019-05-31 00:00:00	-5.58649	-0.0297217	3.14037	0	0.00330594	0	0.00312824	0	0	0	0	0	0	0	1.36451	-0.181743	0.0604822	0	0	0.734547	0	0	0	0.0885725	-0.0188572	-0.421897
2019-06-01 00:00:00	-0.195496	-1.75942	2.94005	0	-0.000752802	0	0.000247263	0	0	0	0	0	0	0	-1.35936	-0.181498	0.060438	0	0	0.72693	0	0	0	0.0885867	-0.0193	0.300434
2019-06-02 00:00:00	-0.8	-0.0296993	2.88045	0	-0.00595643	0	0	0	0	0	0	0	0	0	-1.40175	-0.180869	0.0603107	0	0	0.622781	0	0	0	0.0883518	-0.0188185	1.2148
2019-06-03 00:00:00	-1.85855	0.0260581	2.79632	0	0.000987197	0	0	0	0	0	0	0	0	0	-1.5647	-0.180788	0.060276	0	0	0.587125	0	0	0	0.0884023	-0.0172479	-0.0621089
2019-06-04 00:00:00	-9.34145	1.75636	2.97608	0	0.00891334	0	0.00335019	0	0	0	0	0	0	0	3.10598	-0.181188	0.0603293	0	0	0.633491	0	0	0	0.0881883	-0.0168924	-0.906835
2019-06-05 00:00:00	-8.06305	0.0631558	2.93177	0	0.0293274	0	0.00864756	0	0	0	0	0	0	0	3.11496	-0.181872	0.0604772	0	0	0.76742	0	0	0	0.0887195	-0.0192001	-1.19965
2019-06-06 00:00:00	-0.195496	-1.71551	2.75614	0	-0.0157922	0	0.000819383	0	0	0	0	0	0	0	-1.05266	-0.181872	0.060487	0	0	0.79855	0	0	0	0.0888416	-0.020362	0.523145
2019-06-07 00:00:00	-4.81801	0.600952	4.2049	0	0.00112431	0	0.000385578	0	0	0	0	0	0	0	-0.308125	-0.181518	0.0604065	0	0	0.741532	0	0	0	0.0886719	-0.0195687	0.370748
2019-06-08 00:00:00	-8.57748	1.13607	2.91614	0	0.0324678	-0.00452114	0.01321	0	0	0	0	0	0	0	2.78811	-0.181796	0.0604538	0	0	0.776116	0	0	0	0.0886972	-0.0195066	-0.972039
2019-06-09 00:00:00	-1	-1.41348	2.80178	0	-0.0125842	-0.000297781	0.00135641	0	0	0	0	0	0	0	-0.693489	-0.181839	0.060464	0	0	0.81321	0	0	0	0.0888696	-0.0205255	0.443457
2019-06-10 00:00:00	0	-0.448717	2.98502	0	-0.0355633	0	0	0	0	0	0	0	0	0	-2.43597	-0.181416	0.0603605	0	0	0.71426	0	0	0	0.0887613	-0.0197454	0.726988
2019-06-11 00:00:00	0	-0.00641394	2.30346	0	-0.010543	0	0	0	0	0	0	0	0	0	-1.862	-0.180935	0.060243	0	0	0.590228	0	0	0	0.0886253	-0.0184584	0.964213
2019-06-12 00:00:00	-8.21801	1.88871	2.50386	0	0.0256599	0	0.000955151	0	0	0	0	0	0	0	1.92081	-0.181512	0.0603561	0	0	0.662835	0	0	0	0.0886847	-0.0168533	-1.26451
2019-06-13 00:00:00	-12.3293	-0.0138052	2.71757	0	0.0446291	-0.0182774	0.0462034	0	0	0	0	0	0	0	6.5263	-0.182412	0.0605626	0	0	0.833045	0	0	0	0.0891915	-0.0198417	-2.24611
2019-06-14 00:00:00	0	-1.77268	2.65349	0	-0.0238253	-0.000407712	0.00205957	0	0	0	0	0	0	0	-1.07351	-0.18272	0.0606267	0	0	0.923396	0	0	0	0.0895984	-0.0229828	0.653043
2019-06-15 00:00:00	-0.2	-0.095218	2.65998	0	-0.0348299	0	0	0	0	0	0	0	0	0	-2.50161	-0.182151	0.0604951	0	0	0.777727	0	0	0	0.0895173	-0.0217152	0.552202
2019-06-16 00:00:00	-1.6045	-0.00700526	3.12409	0	-0.00746865	0	0	0	0	0	0	0	0	0	-1.41019	-0.181868	0.06042	0	0	0.696362	0	0	0	0.089315	-0.0195896	0.739556
2019-06-17 00:00:00	-0.2	0	2.62294	0	-0.0030724	0	0	0	0	0	0	0	0	0	-2.34458	-0.181367	0.060314	0	0	0.591566	0	0	0	0.0891164	-0.018456	0.616459
2019-06-18 00:00:00	0	0	2.48231	0	-0.00127318	0	0	0	0	0	0	0	0	0	-1.51765	-0.180661	0.0602627	0	0	0.508404	0	0	0	0.0893059	-0.016875	1.42382
2019-06-19 00:00:00	0	0	2.69322	0	-2.25282E-05	0	0	0	0	0	0	0	0	0	-2.78136	-0.180222	0.0601893	0	0	0.432885	0	0	0	0.0893438	-0.0150246	0.299001
2019-06-20 00:00:00	-2.70676	0.00111668	2.89592	0	1.85192E-10	0	0	0	0	0	0	0	0	0	-0.287275	-0.180278	0.0601113	0	0	0.425595	0	0	0	0.0889054	-0.0136532	0.283691
2019-06-21 00:00:00	0	-0.00111668	2.38087	0	0	0	0	0	0	0	0	0	0	0	-2.27896	-0.179764	0.0600343	0	0	0.382945	0	0	0	0.0886734	-0.0135369	0.439152
2019-06-22 00:00:00	0	0	3.31022	0	0	0	0	0	0	0	0	0	0	0	-2.82472	-0.179414	0.0599541	0	0	0.315582	0	0	0	0.0885113	-0.0125943	0.757531
2019-06-23 00:00:00	0	0	2.94476	0	0	0	0	0	0	0	0	0	0	0	-2.65138	-0.179039	0.0598274	0	0	0.264578	0	0	0	0.0883668	-0.0114102	0.515697
2019-06-24 00:00:00	-0.746776	0.0734165	2.17248	0	1.24545E-06	0	0	0	0	0	0	0	0	0	-1.53326	-0.178201	0.0598226	0	0	0.248753	0	0	0	0.0881147	-0.0105239	0.173828
2019-06-25 00:00:00	0	-0.0468417	2.34121	0	0	0	0	0	0	0	0	0	0	0	-2.144	-0.178204	0.0597461	0	0	0.235449	0	0	0	0.0879081	-0.0102081	0.345059
2019-06-26 00:00:00	0	-0.0265748	3.81249	0	0	0	0	0	0	0	0	0	0	0	-3.50346	-0.177426	0.0595954	0	0	0.18735	0	0	0	0.0877414	-0.00997413	0.429748
2019-06-27 00:00:00	0	0	3.80466	0	0	0	0	0	0	0	0	0	0	0	-2.91977	-0.176794	0.0592456	0	0	0.146544	0	0	0	0.0876238	-0.00931271	0.992201
2019-06-28 00:00:00	0	0	4.0889	0	0	0	0	0	0	0	0	0	0	0	-3.78907	-0.176569	0.0592424	0	0	0.0998509	0	0	0	0.0876839	-0.00867075	0.361368
2019-06-29 00:00:00	-3.77748	0.0794358	3.64959	0	1.98457E-10	0	0	0	0	0	0	0	0	0	-0.0777057	-0.176325	0.0591685	0	0	0.12101	0	0	0	0.0869271	-0.00779008	-0.0431746
2019-06-30 00:00:00	-1.96847	-0.0794358	3.11802	0	0	0	0	0	0	0	0	0	0	0	-1.22119	-0.175917	0.0590675	0	0	0.14136	0	0	0	0.0866718	-0.00821631	-0.0481141
2019-07-01 00:00:00	-0.813511	0	2.64736	0	0	0	0	0	0	0	0	0	0	0	-1.82423	-0.175449	0.0589981	0	0	0.14657	0	0	0	0.0864186	-0.00859449	0.117566
2019-07-02 00:00:00	0	0	2.26326	0	0	0	0	0	0	0	0	0	0	0	-2.51045	-0.174978	0.0587676	0	0	0.141648	0	0	0	0.0861709	-0.00867052	-0.144253
2019-07-03 00:00:00	0	0	2.84596	0	0	0	0	0	0	0	0	0	0	0	-2.38328	-0.174576	0.0586933	0	0	0.133076	0	0	0	0.0858313	-0.00854127	0.557165
2019-07-04 00:00:00	-0.395496	0	2.45934	0	0	0	0	0	0	0	0	0	0	0	-2.10482	-0.174408	0.0586136	0	0	0.123592	0	0	0	0.0860152	-0.00843067	0.0444042
2019-07-05 00:00:00	-1.3955	0	2.86453	0	0	0	0	0	0	0	0	0	0	0	-1.48511	-0.173357	0.0585194	0	0	0.130068	0	0	0	0.0853548	-0.00823672	0.0762632
2019-07-06 00:00:00	0	0	2.32256	0	0	0	0	0	0	0	0	0	0	0	-2.33888	-0.17326	0.0584331	0	0	0.126589	0	0	0	0.0851295	-0.00836017	0.0722166
2019-07-07 00:00:00	0	0	2.25145	0	0	0	0	0	0	0	0	0	0	0	-2.25013	-0.172947	0.0583095	0	0	0.121402	0	0	0	0.084922	-0.00828587	0.084725
2019-07-08 00:00:00	0	0	2.89608	0	0	0	0	0	0	0	0	0	0	0	-2.62657	-0.172571	0.0582238	0	0	0.108112	0	0	0	0.0847163	-0.00818135	0.339804
2019-07-09 00:00:00	-8.56397	1.81898	3.37711	0	2.77312E-06	0	0	0	0	0	0	0	0	0	2.03091	-0.172816	0.058253	0	0	0.171133	0	0	0	0.0845222	-0.00791581	-1.2038
2019-07-10 00:00:00	-13.564	0.263647	3.69962	0	0.00522824	0	0.00200148	0	0	0	0	0	0	0	7.23	-0.1736	0.0583859	0	0	0.289297	0	0	0	0.0850464	-0.0101099	-2.11446
2019-07-11 00:00:00	-14.5793	0.0521617	3.49186	0	0.0584095	-0.0076939	0.0160092	0	0	0	0	0	0	0	7.8458	-0.174827	0.05861	0	0	0.522054	0	0	0	0.0859964	-0.014112	-2.64506
2019-07-12 00:00:00	-1.37748	-1.70507	3.46715	0	-0.00920897	-0.000517547	0.000988777	0	0	0	0	0	0	0	-0.627812	-0.174973	0.0586291	0	0	0.620806	0	0	0	0.0864865	-0.0175176	0.321475
2019-07-13 00:00:00	-5.35496	1.46805	3.42525	0	0.00609385	0	0.000453059	0	0	0	0	0	0	0	-0.262149	-0.174733	0.0585577	0	0	0.596213	0	0	0	0.0863366	-0.0173504	-0.168242
2019-07-14 00:00:00	-0.195496	-1.88733	3.16329	0	-0.0239044	0	0.000251058	0	0	0	0	0	0	0	-1.09493	-0.174412	0.0585123	0	0	0.574471	0	0	0	0.086051	-0.0167723	0.489736
2019-07-15 00:00:00	0	-0.0104151	3.43608	0	-0.0331492	0	0	0	0	0	0	0	0	0	-2.57815	-0.174021	0.0584045	0	0	0.470256	0	0	0	0.0858856	-0.0162574	1.23864
2019-07-16 00:00:00	-0.790993	0	3.13813	0	-0.00333348	0	0	0	0	0	0	0	0	0	-2.46881	-0.17366	0.0583543	0	0	0.413917	0	0	0	0.086074	-0.0143881	0.245288
2019-07-17 00:00:00	-3.17748	0	3.4369	0	1.57439E-05	0	0	0	0	0	0	0	0	0	-0.402419	-0.173585	0.0582875	0	0	0.405819	0	0	0	0.0856427	-0.013403	0.219773
2019-07-18 00:00:00	-0.595496	0	2.79908	0	-3.47076E-05	0	0	0	0	0	0	0	0	0	-2.04724	-0.172963	0.0582209	0	0	0.369988	0	0	0	0.085418	-0.0132703	0.483699
2019-07-19 00:00:00	-0.225179	0.0607842	2.60493	0	3.14029E-08	0	0	0	0	0	0	0	0	0	-2.37932	-0.172751	0.0581637	0	0	0.325446	0	0	0	0.0852561	-0.012411	0.344918
2019-07-20 00:00:00	-3.20901	0.00948749	3.32094	0	1.29929E-06	0	0	0	0	0	0	0	0	0	-0.562086	-0.17234	0.0581138	0	0	0.328749	0	0	0	0.0850688	-0.0116087	-0.152683
2019-07-21 00:00:00	-5.71576	1.99239	3.2826	0	1.15343E-06	0	0	0	0	0	0	0	0	0	0.305697	-0.172095	0.0580816	0	0	0.34279	0	0	0	0.0847232	-0.0118012	0.16662
2019-07-22 00:00:00	-0.702252	-2.04054	3.60474	0	0	0	0	0	0	0	0	0	0	0	-0.999725	-0.171808	0.05798	0	0	0.357524	0	0	0	0.0845775	-0.0121315	0.178367
2019-07-23 00:00:00	0	-0.0221466	2.90891	0	0	0	0	0	0	0	0	0	0	0	-2.94635	-0.171403	0.0578444	0	0	0.307933	0	0	0	0.0844458	-0.012054	0.207177
2019-07-24 00:00:00	-8.52477	1.93013	3.78858	0	-1.44382E-06	0	0	0	0	0	0	0	0	0	2.13981	-0.171234	0.0578216	0	0	0.363406	0	0	0	0.0841542	-0.0112521	-0.343352
2019-07-25 00:00:00	-0.502252	-1.93013	4.52892	0	0	0	0	0	0	0	0	0	0	0	-2.09847	-0.170847	0.0577467	0	0	0.340888	0	0	0	0.0846054	-0.0122181	0.298243
2019-07-26 00:00:00	-0.702252	0	2.96306	0	0	0	0	0	0	0	0	0	0	0	-2.11843	-0.170343	0.0576796	0	0	0.301935	0	0	0	0.0837517	-0.011863	0.403535
2019-07-27 00:00:00	-25.8766	2.26226	2.98434	0	0.046456	-0.0230518	0.0306797	0	0	0	0	0	0	0	15.5106	-0.171858	0.0579658	0	0	0.557479	0	0	0	0.0842553	-0.0138379	-4.55125
2019-07-28 00:00:00	-0.2	-2.22348	3.5523	0	-0.020428	-0.000743816	0.0014753	0	0	0	0	0	0	0	-1.4032	-0.17227	0.0580698	0	0	0.772541	0	0	0	0.0853955	-0.0199691	0.429689
2019-07-29 00:00:00	0	-0.0203917	2.92472	0	-0.0208766	0	0	0	0	0	0	0	0	0	-2.72299	-0.171849	0.0579819	0	0	0.65777	0	0	0	0.0852772	-0.0190535	0.770595
2019-07-30 00:00:00	-0.4	-0.0183862	3.09229	0	-0.00549875	0	0	0	0	0	0	0	0	0	-2.21604	-0.171401	0.0578748	0	0	0.53956	0	0	0	0.0851477	-0.0177525	0.945797
2019-07-31 00:00:00	-5.01351	1.37531	3.49546	0	1.77913E-05	0	0	0	0	0	0	0	0	0	-0.564124	-0.171177	0.0578255	0	0	0.523865	0	0	0	0.0851213	-0.0158866	-0.227097
2019-08-01 00:00:00	0	-1.37531	3.10258	0	-1.74589E-05	0	0	0	0	0	0	0	0	0	-1.54338	-0.170835	0.0577271	0	0	0.498279	0	0	0	0.0847267	-0.0152572	0.638512
2019-08-02 00:00:00	0	0	2.59605	0	0	0	0	0	0	0	0	0	0	0	-2.06317	-0.170286	0.0576267	0	0	0.411456	0	0	0	0.0846103	-0.0145342	0.901758
2019-08-03 00:00:00	-6.92477	2.03712	3.41209	0	4.43695E-07	0	0	0	0	0	0	0	0	0	0.549093	-0.17025	0.057609	0	0	0.435639	0	0	0	0.0846329	-0.0133782	-0.532214
2019-08-04 00:00:00	-2.40901	-0.778869	3.27729	0	0	0	0	0	0	0	0	0	0	0	-0.454038	-0.169953	0.0573867	0	0	0.442212	0	0	0	0.0842569	-0.0137866	0.035491
2019-08-05 00:00:00	-0.502252	-1.25824	3.03898	0	0	0	0	0	0	0	0	0	0	0	-1.34041	-0.1694	0.0571851	0	0	0.429231	0	0	0	0.0841	-0.0138258	0.325362
2019-08-06 00:00:00	-6.22252	2.3057	3.11386	0	1.8368E-06	0	0	0	0	0	0	0	0	0	0.134982	-0.168596	0.0570538	0	0	0.43087	0	0	0	0.0838972	-0.0135181	-0.278265
2019-08-07 00:00:00	-14.3518	0.0417727	3.01658	0	0.0388161	-0.0134701	0.0192707	0	0	0	0	0	0	0	8.42267	-0.168761	0.0572228	0	0	0.587545	0	0	0	0.0841118	-0.0156939	-2.28173
2019-08-08 00:00:00	-0.2	-2.19848	3.0814	0	-0.0122433	-0.000459066	0.000936636	0	0	0	0	0	0	0	-0.988997	-0.168933	0.057263	0	0	0.698051	0	0	0	0.0845517	-0.0188813	0.334208
2019-08-09 00:00:00	-15.1563	2.2247	3.20227	0	0.0267266	-0.0220092	0.0348489	0	0	0	0	0	0	0	7.0129	-0.169253	0.0573481	0	0	0.771287	0	0	0	0.0846811	-0.0194525	-1.95224
2019-08-10 00:00:00	-8.83152	-0.00302569	3.05609	0	0.0162693	-0.0150422	0.0325524	0	0	0	0	0	0	0	3.79443	-0.169792	0.0574882	0	0	0.952415	0	0	0	0.0852723	-0.0232616	-1.04813
2019-08-11 00:00:00	-29.4058	0.0393373	2.89021	0	0.00384586	-0.0686613	0.189243	0	0	0	0	0	0	0	18.7232	-0.171574	0.0578851	0	0	1.36377	0	0	0	0.0865866	-0.0291335	-6.3211
2019-08-12 00:00:00	-2.20901	-0.369412	2.60668	0	-0.00745711	-0.00101564	0.00470407	0	0	0	0	0	0	0	-0.489603	-0.172395	0.0581275	0	0	1.6208	0	0	0	0.0878266	-0.0343921	1.09486
2019-08-13 00:00:00	-1.50676	-0.860598	2.47663	0	-0.00321786	0	0.00144834	0	0	0	0	0	0	0	-0.548615	-0.172044	0.0580678	0	0	1.43732	0	0	0	0.0877062	-0.0317809	0.938162
2019-08-14 00:00:00	-0.502252	-1.08911	2.5836	0	-0.0109738	0	0.000703473	0	0	0	0	0	0	0	-1.40296	-0.171709	0.0579988	0	0	1.26081	0	0	0	0.0876271	-0.0290634	0.784665
2019-08-15 00:00:00	-1.0045	-0.0580403	2.75021	0	-0.0250502	0	0	0	0	0	0	0	0	0	-1.63025	-0.171346	0.0579144	0	0	1.07878	0	0	0	0.0875177	-0.0270184	1.05821
2019-08-16 00:00:00	-0.702252	-0.0149507	2.90776	0	-0.0209175	0	0	0	0	0	0	0	0	0	-1.79218	-0.170884	0.0578137	0	0	0.89636	0	0	0	0.0873653	-0.0253999	1.22271
2019-08-17 00:00:00	-2.20901	-0.00455835	2.84136	0	0.000175848	0	0	0	0	0	0	0	0	0	-1.15649	-0.170761	0.0577862	0	0	0.84374	0	0	0	0.0873039	-0.0218603	0.267687
2019-08-18 00:00:00	-0.902252	-0.0122707	2.67232	0	-0.00394423	0	0	0	0	0	0	0	0	0	-1.74657	-0.170371	0.0577035	0	0	0.74163	0	0	0	0.0871278	-0.0203748	0.702993
2019-08-19 00:00:00	-0.502252	-0.00104051	2.62165	0	-0.0013631	0	0	0	0	0	0	0	0	0	-2.18682	-0.170043	0.0576263	0	0	0.640799	0	0	0	0.0869792	-0.0189377	0.526604
2019-08-20 00:00:00	-0.902252	0	2.48326	0	-0.000434784	0	0	0	0	0	0	0	0	0	-1.53839	-0.16967	0.0575612	0	0	0.570886	0	0	0	0.0867297	-0.0175423	0.57015
2019-08-21 00:00:00	-2.10676	0	2.48588	0	0.000191842	0	0	0	0	0	0	0	0	0	-0.445821	-0.169463	0.0575163	0	0	0.543463	0	0	0	0.0865134	-0.0162393	0.43529
2019-08-22 00:00:00	-0.302252	0	2.59745	0	-0.000262679	0	0	0	0	0	0	0	0	0	-2.17463	-0.169141	0.0574566	0	0	0.49788	0	0	0	0.0863407	-0.0154091	0.577426
2019-08-23 00:00:00	0	0	2.7351	0	0	0	0	0	0	0	0	0	0	0	-2.79333	-0.168683	0.0573582	0	0	0.413818	0	0	0	0.086259	-0.0144839	0.316046
2019-08-24 00:00:00	0	0	2.97267	0	0	0	0	0	0	0	0	0	0	0	-2.12763	-0.168383	0.0573027	0	0	0.350695	0	0	0	0.0859832	-0.0133776	1.15726
2019-08-25 00:00:00	0	0	2.70531	0	0	0	0	0	0	0	0	0	0	0	-2.71841	-0.167957	0.0572548	0	0	0.302405	0	0	0	0.0861567	-0.0121159	0.25264
2019-08-26 00:00:00	0	0	2.35187	0	0	0	0	0	0	0	0	0	0	0	-2.12056	-0.167542	0.057189	0	0	0.271672	0	0	0	0.0857058	-0.0113126	0.467025
2019-08-27 00:00:00	-0.502252	0	3.22193	0	0	0	0	0	0	0	0	0	0	0	-2.41859	-0.166931	0.0571231	0	0	0.241175	0	0	0	0.085488	-0.0108262	0.507118
2019-08-28 00:00:00	0	0	2.16944	0	0	0	0	0	0	0	0	0	0	0	-2.06132	-0.166826	0.0570744	0	0	0.226171	0	0	0	0.0851301	-0.0102453	0.299424
2019-08-29 00:00:00	-4.51576	1.9296	2.37832	0	1.61009E-08	0	0	0	0	0	0	0	0	0	-0.290604	-0.166224	0.0569867	0	0	0.250905	0	0	0	0.0850797	-0.0101048	-0.281807
2019-08-30 00:00:00	-1.0045	-1.51003	2.62863	0	2.07692E-07	0	0	0	0	0	0	0	0	0	-0.391384	-0.165993	0.0568675	0	0	0.270287	0	0	0	0.0846692	-0.010618	-0.0420738
2019-08-31 00:00:00	-1.90676	-0.183335	2.44786	0	0	0	0	0	0	0	0	0	0	0	-0.616256	-0.165643	0.056811	0	0	0.291638	0	0	0	0.084442	-0.0109633	-0.00219713
2019-09-01 00:00:00	-0.302252	-0.236231	2.10036	0	0	0	0	0	0	0	0	0	0	0	-1.77248	-0.165028	0.0566675	0	0	0.293438	0	0	0	0.084184	-0.0111642	0.0474907
2019-09-02 00:00:00	-3.11576	0.72913	2.30318	0	7.13778E-09	0	0	0	0	0	0	0	0	0	-0.229025	-0.164282	0.0566081	0	0	0.311116	0	0	0	0.0839907	-0.0110672	-0.0361115
2019-09-03 00:00:00	-7.44053	1.84946	2.43157	0	-1.06631E-05	0	0	0	0	0	0	0	0	0	1.92715	-0.16441	0.0566355	0	0	0.3536	0	0	0	0.0837444	-0.0116918	-0.91449
2019-09-04 00:00:00	-4.52477	0.0219981	2.15573	0	1.61728E-05	0	0	0	0	0	0	0	0	0	1.4481	-0.164573	0.0566728	0	0	0.442131	0	0	0	0.0837133	-0.013501	-0.49448
2019-09-05 00:00:00	0	-1.86176	2.04256	0	0	0	0	0	0	0	0	0	0	0	-0.390649	-0.164316	0.0566173	0	0	0.471726	0	0	0	0.0836627	-0.0143428	0.223502
2019-09-06 00:00:00	-1.30676	-0.537503	2.22958	0	0	0	0	0	0	0	0	0	0	0	-0.301292	-0.163601	0.0565338	0	0	0.462216	0	0	0	0.083416	-0.0143733	0.508221
2019-09-07 00:00:00	0	-0.178641	1.868	0	0	0	0	0	0	0	0	0	0	0	-2.02702	-0.163504	0.0565014	0	0	0.439758	0	0	0	0.0832081	-0.0140335	0.0642703
2019-09-08 00:00:00	-0.502252	-0.0124329	2.36873	0	0	0	0	0	0	0	0	0	0	0	-1.95111	-0.16317	0.0564142	0	0	0.394821	0	0	0	0.0830465	-0.0134429	0.260611
2019-09-09 00:00:00	-12.2676	2.66987	2.16813	0	0.00766318	0	0	0	0	0	0	0	0	0	5.25241	-0.16355	0.0564952	0	0	0.471257	0	0	0	0.0829491	-0.0136444	-1.73598
2019-09-10 00:00:00	-2.61351	-0.0525151	2.13318	0	0.00177345	0	0	0	0	0	0	0	0	0	0.042605	-0.163684	0.0565335	0	0	0.581308	0	0	0	0.0831719	-0.0165089	0.0523568
2019-09-11 00:00:00	-3.52027	0.0242698	2.2061	0	0.0056529	0	0	0	0	0	0	0	0	0	0.683084	-0.163529	0.0565118	0	0	0.593423	0	0	0	0.0829524	-0.0168758	-0.0486756
2019-09-12 00:00:00	-4.32477	0.0178917	1.96357	0	0.0134908	0	0.00291019	0	0	0	0	0	0	0	1.38364	-0.163508	0.0565195	0	0	0.625405	0	0	0	0.0828835	-0.0174609	-0.359427
2019-09-13 00:00:00	0	-1.64771	1.82232	0	-0.00547433	0	0.00123385	0	0	0	0	0	0	0	-0.515519	-0.163287	0.0564831	0	0	0.628453	0	0	0	0.0828181	-0.0178035	0.241508
2019-09-14 00:00:00	-0.804504	-0.798251	1.92033	0	-0.00254051	0	0.0011751	0	0	0	0	0	0	0	-0.619659	-0.16299	0.056432	0	0	0.602357	0	0	0	0.0825995	-0.0173895	0.257562
2019-09-15 00:00:00	0	-0.177554	1.76062	0	-0.00373366	0	0.000127997	0	0	0	0	0	0	0	-1.7951	-0.16252	0.0563243	0	0	0.536477	0	0	0	0.0824698	-0.0169284	0.280186
2019-09-16 00:00:00	-0.2	-0.0112126	1.91059	0	-0.00701103	0	0	0	0	0	0	0	0	0	-1.12107	-0.162079	0.0561614	0	0	0.483958	0	0	0	0.0823266	-0.0158745	1.01579
2019-09-17 00:00:00	0	-0.0102044	1.57226	0	-0.00536453	0	0	0	0	0	0	0	0	0	-1.91895	-0.161694	0.0561352	0	0	0.443631	0	0	0	0.0816408	-0.0146582	0.0427954
2019-09-18 00:00:00	0	-0.010747	1.63802	0	-0.00290756	0	0	0	0	0	0	0	0	0	-1.63725	-0.161476	0.0560702	0	0	0.407382	0	0	0	0.081506	-0.0139247	0.356672
2019-09-19 00:00:00	0	-0.0132978	1.98036	0	-0.00133781	0	0	0	0	0	0	0	0	0	-2.02537	-0.161169	0.0559521	0	0	0.368777	0	0	0	0.0813801	-0.0132907	0.272001
2019-09-20 00:00:00	0	-0.000750524	1.95176	0	-0.000132459	0	0	0	0	0	0	0	0	0	-1.95879	-0.160637	0.0558863	0	0	0.335173	0	0	0	0.0812554	-0.0123949	0.29137
2019-09-21 00:00:00	0	0	1.74758	0	-4.48918E-05	0	0	0	0	0	0	0	0	0	-1.82268	-0.160173	0.0558198	0	0	0.310533	0	0	0	0.0811004	-0.0117854	0.200342
2019-09-22 00:00:00	-4.82702	2.63646	1.77805	0	0.00026617	0	0	0	0	0	0	0	0	0	-0.145891	-0.159559	0.055759	0	0	0.325979	0	0	0	0.080864	-0.011446	-0.266542
2019-09-23 00:00:00	-0.604504	-1.18298	1.87119	0	0.000550578	0	0	0	0	0	0	0	0	0	-0.345584	-0.15933	0.0556978	0	0	0.347778	0	0	0	0.080624	-0.0118595	0.0515876
2019-09-24 00:00:00	-10.054	1.27343	1.937	0	0.0223032	0	0	0	0	0	0	0	0	0	4.82995	-0.15942	0.0557507	0	0	0.443832	0	0	0	0.0805369	-0.0130287	-1.58369
2019-09-25 00:00:00	-4.52477	0.0318828	1.7211	0	0.0127411	0	0.00467683	0	0	0	0	0	0	0	1.65287	-0.159614	0.0558212	0	0	0.579292	0	0	0	0.0806472	-0.0161234	-0.561475
2019-09-26 00:00:00	-2.71576	-0.00664666	1.74721	0	0.000483767	-0.00157138	0.00424448	0	0	0	0	0	0	0	0.423899	-0.159449	0.0558041	0	0	0.613862	0	0	0	0.0805734	-0.0173723	0.0252728
2019-09-27 00:00:00	-11.6631	0.00549762	1.53245	0	0.0102693	-0.0256309	0.0423856	0	0	0	0	0	0	0	7.22905	-0.160021	0.0559625	0	0	0.752579	0	0	0	0.0806908	-0.0189565	-2.15877
2019-09-28 00:00:00	-0.2	-1.1331	1.44449	0	-0.00572228	-0.00052087	0.0021495	0	0	0	0	0	0	0	-0.423269	-0.160149	0.0560344	0	0	0.843875	0	0	0	0.0808889	-0.0213734	0.483296
2019-09-29 00:00:00	-1.80901	0.309654	1.48279	0	0.000348156	0	0.0013449	0	0	0	0	0	0	0	-0.426103	-0.159856	0.0559829	0	0	0.789291	0	0	0	0.0807572	-0.0204459	0.304757
2019-09-30 00:00:00	-0.502252	-0.781786	1.35333	0	-0.00213242	0	0.000925446	0	0	0	0	0	0	0	-0.34385	-0.159488	0.0558857	0	0	0.736835	0	0	0	0.0806184	-0.0196616	0.418428
2019-10-01 00:00:00	-8.13695	1.61022	1.23195	0	0.029922	-0.0129579	0.022484	0	0	0	0	0	0	0	3.56586	-0.159652	0.0559286	0	0	0.77011	0	0	0	0.0805601	-0.0194874	-0.962007
2019-10-02 00:00:00	-0.2	-1.09484	1.40133	0	-0.00571439	-0.000423454	0.00234893	0	0	0	0	0	0	0	-0.516224	-0.159632	0.0559176	0	0	0.805462	0	0	0	0.0806249	-0.020624	0.348221
2019-10-03 00:00:00	-15.1099	1.09727	1.10236	0	0.00776681	-0.0332216	0.0908751	0	0	0	0	0	0	0	8.98246	-0.16049	0.0560986	0	0	0.95779	0	0	0	0.0807834	-0.0222859	-2.95052
2019-10-04 00:00:00	-2.38649	-0.00643907	1.35865	0	-0.00369378	-0.00334693	0.00985412	0	0	0	0	0	0	0	0.289866	-0.160919	0.056208	0	0	1.09449	0	0	0	0.0811512	-0.0261223	0.303217
2019-10-05 00:00:00	-3.58649	-0.0050245	1.32864	0	0.000668647	-0.00591956	0.0165994	0	0	0	0	0	0	0	1.29241	-0.160871	0.0562087	0	0	1.05282	0	0	0	0.0811262	-0.0255653	0.0446075
2019-10-06 00:00:00	-32.2739	0.00267539	1.15753	0	0.00967281	-0.0813739	0.224107	0	0	0	0	0	0	0	21.3007	-0.163764	0.056831	0	0	1.57853	0	0	0	0.0820617	-0.0305792	-8.13746
2019-10-07 00:00:00	-0.2	-1.05843	1.36138	0	-0.0140003	-0.00110951	0.00553356	0	0	0	0	0	0	0	-0.324079	-0.165131	0.0571253	0	0	1.91154	0	0	0	0.0831524	-0.0375717	1.61841
2019-10-08 00:00:00	-2.47973	0.94333	1.29326	0	0.00330505	-3.43732E-05	0.00180517	0	0	0	0	0	0	0	-0.344951	-0.164781	0.0570717	0	0	1.6828	0	0	0	0.0830812	-0.0350954	1.04006
2019-10-09 00:00:00	-5.17298	0.115916	1.08014	0	0.00178369	-0.0105979	0.0278425	0	0	0	0	0	0	0	2.23354	-0.164972	0.0571028	0	0	1.56831	0	0	0	0.0831661	-0.0334431	-0.214195
2019-10-10 00:00:00	-18.1234	-0.00220755	1.21477	0	0.00404119	-0.0442963	0.122269	0	0	0	0	0	0	0	10.8003	-0.167136	0.0574985	0	0	1.79958	0	0	0	0.0840374	-0.0348906	-4.28944
2019-10-11 00:00:00	-0.413511	-0.736464	1.21621	0	-0.00809176	-0.000772866	0.00383498	0	0	0	0	0	0	0	-0.31208	-0.167872	0.0576395	0	0	1.84936	0	0	0	0.0849404	-0.0368967	1.53631
2019-10-12 00:00:00	-0.2	-0.772937	1.06397	0	-0.00271856	0	0.00131734	0	0	0	0	0	0	0	-0.563266	-0.167506	0.0575712	0	0	1.62354	0	0	0	0.0848556	-0.0345287	1.09029
2019-10-13 00:00:00	-8.97748	1.51843	1.00736	0	0.00777289	-0.0160229	0.0436574	0	0	0	0	0	0	0	3.78054	-0.168021	0.0576698	0	0	1.56113	0	0	0	0.0849689	-0.0330204	-1.13301
2019-10-14 00:00:00	-0.00450358	-0.867842	0.952768	0	-0.00545586	-0.000473565	0.0024414	0	0	0	0	0	0	0	-0.368715	-0.168129	0.0576862	0	0	1.49447	0	0	0	0.0853475	-0.0328359	1.14476
2019-10-15 00:00:00	-0.195496	-0.704924	0.982876	0	-0.00246533	0	0.00132128	0	0	0	0	0	0	0	-0.543098	-0.167818	0.057624	0	0	1.33593	0	0	0	0.0853073	-0.0299925	0.819264
2019-10-16 00:00:00	-0.790993	-0.18698	0.997494	0	-0.00063821	0	0.00130488	0	0	0	0	0	0	0	-0.454883	-0.167462	0.0575514	0	0	1.1899	0	0	0	0.0852413	-0.0281161	0.70242
2019-10-17 00:00:00	-0.4	-0.520056	0.985738	0	-0.00181036	0	0.00117632	0	0	0	0	0	0	0	-0.465131	-0.167233	0.0575038	0	0	1.09862	0	0	0	0.0850909	-0.026355	0.64754
2019-10-18 00:00:00	-1.4045	0.421159	0.954918	0	0.000635894	0	0.00116828	0	0	0	0	0	0	0	-0.309241	-0.166927	0.0574405	0	0	1.00153	0	0	0	0.0849513	-0.02504	0.616089
2019-10-19 00:00:00	-18.6135	1.86725	0.950938	0	0.0109081	-0.04006	0.108156	0	0	0	0	0	0	0	10.0545	-0.168565	0.0577639	0	0	1.19262	0	0	0	0.0854118	-0.0261252	-4.52073
2019-10-20 00:00:00	0	-0.831655	0.906247	0	-0.00648262	-0.000789303	0.00374432	0	0	0	0	0	0	0	-0.359947	-0.169447	0.0579526	0	0	1.35681	0	0	0	0.0863214	-0.0299396	1.01281
2019-10-21 00:00:00	0	-0.73264	0.819328	0	-0.00259705	0	0.00107155	0	0	0	0	0	0	0	-0.583171	-0.169035	0.0578666	0	0	1.19727	0	0	0	0.0861767	-0.0285628	0.645705
2019-10-22 00:00:00	0	-0.817208	0.913992	0	-0.00287839	0	0.00127056	0	0	0	0	0	0	0	-0.315671	-0.168801	0.0578255	0	0	1.10926	0	0	0	0.0860065	-0.0265781	0.837216
2019-10-23 00:00:00	0	-0.329659	0.881683	0	-0.0031869	0	0.00105374	0	0	0	0	0	0	0	-0.743978	-0.168518	0.0577618	0	0	1.00049	0	0	0	0.085898	-0.0250724	0.756475
2019-10-24 00:00:00	-2.58199	1.56211	0.852169	0	0.00460504	0	0.0014916	0	0	0	0	0	0	0	-0.298832	-0.168256	0.0577042	0	0	0.91938	0	0	0	0.0857937	-0.02319	0.410985
2019-10-25 00:00:00	-0.404504	-0.218304	0.624805	0	-0.000227272	0	0.000905239	0	0	0	0	0	0	0	-0.273098	-0.167965	0.0576455	0	0	0.857006	0	0	0	0.0856811	-0.0216487	0.540296
2019-10-26 00:00:00	-0.404504	-0.254692	0.68945	0	-0.000917336	0	0.00138234	0	0	0	0	0	0	0	-0.45076	-0.16767	0.0575851	0	0	0.800005	0	0	0	0.085526	-0.0205937	0.334812
2019-10-27 00:00:00	0	-0.662911	0.744526	0	-0.00239861	0	0.000964282	0	0	0	0	0	0	0	-0.33155	-0.167364	0.0575233	0	0	0.750923	0	0	0	0.0853503	-0.0198229	0.455241
2019-10-28 00:00:00	-0.195496	-0.270176	0.632611	0	-0.00131857	0	0.00132132	0	0	0	0	0	0	0	-0.481051	-0.167118	0.057471	0	0	0.713522	0	0	0	0.0851691	-0.0190645	0.35587
2019-10-29 00:00:00	-3.20901	2.29475	0.621701	0	0.00727017	0	0.00111591	0	0	0	0	0	0	0	-0.102665	-0.166815	0.0574103	0	0	0.682176	0	0	0	0.0850129	-0.0185921	0.25236
2019-10-30 00:00:00	-0.00450358	-0.558507	0.6061	0	-0.00141632	0	0.00106606	0	0	0	0	0	0	0	-0.319922	-0.166511	0.0573522	0	0	0.659773	0	0	0	0.0848329	-0.018276	0.339987
2019-10-31 00:00:00	-1.6045	0.692188	0.626228	0	0.00296378	0	0.00148561	0	0	0	0	0	0	0	-0.0887445	-0.166267	0.0573064	0	0	0.641533	0	0	0	0.0846324	-0.0179079	0.228914
2019-11-01 00:00:00	-9.00901	0.0211263	0.708623	0	0.00511567	-0.0194548	0.0510946	0	0	0	0	0	0	0	5.25299	-0.167134	0.0574751	0	0	0.76593	0	0	0	0.0848184	-0.0192339	-2.26766
2019-11-02 00:00:00	-3	-0.0259597	0.720024	0	-0.00119623	-0.00631989	0.0180948	0	0	0	0	0	0	0	1.2554	-0.167736	0.0575999	0	0	0.904128	0	0	0	0.0852321	-0.0219544	-0.182685
2019-11-03 00:00:00	-14.1279	0.00400349	0.657093	0	0.00321013	-0.0351604	0.0980122	0	0	0	0	0	0	0	8.41684	-0.169477	0.0579365	0	0	1.14605	0	0	0	0.0857167	-0.0248719	-3.88859
2019-11-04 00:00:00	-23.8964	-0.0091282	0.618393	0	0.00473722	-0.0612985	0.170098	0	0	0	0	0	0	0	14.3079	-0.1731	0.0586499	0	0	1.74537	0	0	0	0.0875556	-0.0330352	-7.18029
2019-11-05 00:00:00	-4.82252	-0.00821839	0.582896	0	-0.00746217	-0.0117164	0.0344251	0	0	0	0	0	0	0	2.44938	-0.174752	0.0590352	0	0	2.03391	0	0	0	0.0892078	-0.038542	0.185638
2019-11-06 00:00:00	-3.15496	-0.000405005	0.520473	0	-0.000953774	-0.00711955	0.0211234	0	0	0	0	0	0	0	1.09266	-0.174903	0.0590907	0	0	1.90426	0	0	0	0.0895264	-0.0375086	0.311277
2019-11-07 00:00:00	-7.22702	-0.0166744	0.555574	0	0.00168357	-0.0172903	0.0487843	0	0	0	0	0	0	0	3.8958	-0.175599	0.0592433	0	0	1.87264	0	0	0	0.0899166	-0.0368455	-0.949786
2019-11-08 00:00:00	-0.209007	-0.22975	0.440874	0	-0.0032	-0.000427317	0.00255333	0	0	0	0	0	0	0	-0.418926	-0.175569	0.0592626	0	0	1.74826	0	0	0	0.0902845	-0.0361038	1.26825
2019-11-09 00:00:00	-1.1955	0.210877	0.411403	0	0.00102806	-0.00130549	0.00487726	0	0	0	0	0	0	0	-0.0758927	-0.175284	0.0592054	0	0	1.56426	0	0	0	0.0901552	-0.0338839	0.859941
2019-11-10 00:00:00	-2.18649	-0.0067914	0.404532	0	0.000537665	-0.0046207	0.0140464	0	0	0	0	0	0	0	0.70819	-0.175265	0.059195	0	0	1.44829	0	0	0	0.0901835	-0.0318788	0.319927
2019-11-11 00:00:00	-17.2784	-0.000885347	0.472112	0	0.00292074	-0.0439534	0.122585	0	0	0	0	0	0	0	9.7941	-0.177379	0.059609	0	0	1.69902	0	0	0	0.090947	-0.0331841	-5.29252
2019-11-12 00:00:00	-3	-0.0108521	0.445046	0	-0.00293213	-0.00725414	0.0217777	0	0	0	0	0	0	0	1.22255	-0.178239	0.0598228	0	0	1.83478	0	0	0	0.092094	-0.0368019	0.439994
2019-11-13 00:00:00	-0.00450358	-0.31988	0.339715	0	-0.00179235	-0.000226342	0.0022054	0	0	0	0	0	0	0	-0.516295	-0.177899	0.0597615	0	0	1.64753	0	0	0	0.0920952	-0.0357002	1.08501
2019-11-14 00:00:00	-3.77748	0.302922	0.390734	0	0.00212801	-0.00774886	0.0229641	0	0	0	0	0	0	0	1.46109	-0.178086	0.0597882	0	0	1.54442	0	0	0	0.0920705	-0.0338865	-0.121081
2019-11-15 00:00:00	-10.7595	-0.0105532	0.447443	0	0.00209434	-0.0269554	0.0758579	0	0	0	0	0	0	0	6.15064	-0.179285	0.0600394	0	0	1.66482	0	0	0	0.0926543	-0.0342874	-2.517
2019-11-16 00:00:00	-4.58199	-0.00449717	0.366367	0	-0.00173778	-0.0113841	0.033234	0	0	0	0	0	0	0	2.25373	-0.180092	0.0602362	0	0	1.75274	0	0	0	0.0933995	-0.0356036	-0.255586
2019-11-17 00:00:00	-0.595496	-0.0162412	0.372761	0	-0.00164278	-0.000863871	0.00402772	0	0	0	0	0	0	0	-0.195566	-0.179922	0.0602072	0	0	1.62037	0	0	0	0.0936923	-0.0350337	1.12629
2019-11-18 00:00:00	0	-0.265925	0.275061	0	-0.000299077	-2.96372E-05	0.00201081	0	0	0	0	0	0	0	-0.549387	-0.179627	0.0601356	0	0	1.45557	0	0	0	0.0937244	-0.0324134	0.85882
2019-11-19 00:00:00	-0.6	0.250175	0.319645	0	5.11039E-05	0	0.00169367	0	0	0	0	0	0	0	-0.355229	-0.179299	0.0600562	0	0	1.30379	0	0	0	0.0936247	-0.030236	0.864275
2019-11-20 00:00:00	0	-0.374206	0.39617	0	-0.000770318	0	0.00171265	0	0	0	0	0	0	0	-0.40078	-0.179073	0.0599999	0	0	1.19728	0	0	0	0.0934836	-0.0277378	0.766077
2019-11-21 00:00:00	0	-0.355195	0.398452	0	-0.00129389	0	0.00191317	0	0	0	0	0	0	0	-0.487716	-0.178797	0.0599338	0	0	1.09342	0	0	0	0.093314	-0.026189	0.597841
2019-11-22 00:00:00	-2.1955	0.707422	0.416972	0	0.00307007	-0.00222321	0.00794665	0	0	0	0	0	0	0	0.371628	-0.178589	0.0598812	0	0	1.01399	0	0	0	0.0931399	-0.025404	0.272333
2019-11-23 00:00:00	-5.17748	-0.0096173	0.395157	0	0.000974132	-0.0124564	0.0360649	0	0	0	0	0	0	0	2.54569	-0.179066	0.059976	0	0	1.064	0	0	0	0.0932544	-0.0255278	-1.20904
2019-11-24 00:00:00	-1.79099	-0.0180507	0.391465	0	-0.000904502	-0.00389911	0.0121531	0	0	0	0	0	0	0	0.631567	-0.179232	0.0600162	0	0	1.09158	0	0	0	0.0934212	-0.0262098	0.260915
2019-11-25 00:00:00	-1.8	-0.00383732	0.427284	0	-0.00025724	-0.00357104	0.0120057	0	0	0	0	0	0	0	0.450633	-0.179215	0.0600107	0	0	1.06106	0	0	0	0.0934004	-0.0256705	0.0918404
2019-11-26 00:00:00	-6.78199	-0.00949291	0.429471	0	0.00183364	-0.0164764	0.0471114	0	0	0	0	0	0	0	3.35055	-0.179869	0.060148	0	0	1.13639	0	0	0	0.0935852	-0.0261438	-1.89488
2019-11-27 00:00:00	-5.38199	-0.00768125	0.361987	0	-0.000474633	-0.0132931	0.0386675	0	0	0	0	0	0	0	2.59003	-0.1806	0.0603122	0	0	1.25553	0	0	0	0.0940223	-0.0279919	-1.21148
2019-11-28 00:00:00	-17.9505	-0.00963469	0.330864	0	0.00347587	-0.0460737	0.128746	0	0	0	0	0	0	0	9.8251	-0.18299	0.0608254	0	0	1.65952	0	0	0	0.0948948	-0.0322892	-6.11803
2019-11-29 00:00:00	-0.00450358	-0.241753	0.252762	0	-0.00583227	-0.000794507	0.00488488	0	0	0	0	0	0	0	-0.436075	-0.183536	0.0610425	0	0	1.79811	0	0	0	0.0958242	-0.0367525	1.30338
2019-11-30 00:00:00	0	-0.165686	0.186044	0	-0.000732358	0	0.00177258	0	0	0	0	0	0	0	-0.397042	-0.183149	0.0609533	0	0	1.58946	0	0	0	0.0957072	-0.0347734	1.15255
2019-12-01 00:00:00	0	-0.170695	0.19169	0	-0.000669671	0	0.00202125	0	0	0	0	0	0	0	-0.475039	-0.182837	0.060874	0	0	1.42066	0	0	0	0.0956567	-0.031977	0.909687
2019-12-02 00:00:00	-7.63153	0.539796	0.302622	0	0.00486248	-0.0169612	0.0491048	0	0	0	0	0	0	0	3.78932	-0.183481	0.0610083	0	0	1.43731	0	0	0	0.0958128	-0.0306137	-1.58274
2019-12-03 00:00:00	0	-0.314109	0.329322	0	-0.00377939	-0.000454475	0.00338213	0	0	0	0	0	0	0	-0.505952	-0.183546	0.061037	0	0	1.41167	0	0	0	0.0961154	-0.0313991	0.862286
2019-12-04 00:00:00	-0.4	0.0681613	0.331842	0	-6.15307E-05	0	0.00187476	0	0	0	0	0	0	0	-0.531571	-0.183162	0.060946	0	0	1.25731	0	0	0	0.0960522	-0.0293929	0.672001
2019-12-05 00:00:00	-5.63153	0.212744	0.362871	0	0.00363414	-0.0126357	0.0368781	0	0	0	0	0	0	0	2.9455	-0.18366	0.0610509	0	0	1.28174	0	0	0	0.0960173	-0.0283857	-0.855775
2019-12-06 00:00:00	-2.42252	-0.000509356	0.377342	0	-0.0019394	-0.00544446	0.0176175	0	0	0	0	0	0	0	0.749227	-0.18398	0.0611476	0	0	1.29878	0	0	0	0.0963352	-0.0288097	-0.042748
2019-12-07 00:00:00	-8.45855	-0.012797	0.343948	0	0.00236973	-0.0208943	0.059567	0	0	0	0	0	0	0	4.71797	-0.184885	0.0614581	0	0	1.40686	0	0	0	0.0966109	-0.0298425	-2.01818
2019-12-08 00:00:00	-8.59365	-0.00418007	0.310722	0	0.00151867	-0.0212686	0.0611182	0	0	0	0	0	0	0	4.61825	-0.186259	0.0618809	0	0	1.64486	0	0	0	0.0972286	-0.0328725	-2.04266
2019-12-09 00:00:00	-0.00450358	-0.25603	0.268541	0	-0.00386216	-0.000473163	0.00360195	0	0	0	0	0	0	0	-0.454204	-0.186311	0.0619235	0	0	1.61335	0	0	0	0.0976237	-0.0342501	1.10541
2019-12-10 00:00:00	-9.76663	0.234986	0.311782	0	0.00745298	-0.0231569	0.0664748	0	0	0	0	0	0	0	4.94237	-0.187232	0.0621314	0	0	1.65977	0	0	0	0.0978481	-0.0340054	-2.62821
2019-12-11 00:00:00	-2.3216	-0.00879939	0.267625	0	-0.00246569	-0.00539738	0.0179341	0	0	0	0	0	0	0	0.76415	-0.187766	0.0622918	0	0	1.71151	0	0	0	0.0984439	-0.034985	0.360948
2019-12-12 00:00:00	-2.01351	-0.0133056	0.254618	0	-0.000181031	-0.00458742	0.0149084	0	0	0	0	0	0	0	0.687361	-0.187795	0.0622972	0	0	1.60159	0	0	0	0.0984705	-0.0341025	0.465763
2019-12-13 00:00:00	-2.0045	-0.00842596	0.26874	0	-0.000365818	-0.00452326	0.0152025	0	0	0	0	0	0	0	0.525897	-0.187829	0.0622877	0	0	1.50832	0	0	0	0.0985818	-0.0325827	0.240803
2019-12-14 00:00:00	-15.7189	-0.00433091	0.250778	0	0.00390689	-0.0403489	0.117753	0	0	0	0	0	0	0	8.83365	-0.189786	0.0626603	0	0	1.78763	0	0	0	0.099241	-0.0339717	-4.83176
2019-12-15 00:00:00	-3.56397	-0.0175967	0.241722	0	-0.00175243	-0.00929405	0.0288423	0	0	0	0	0	0	0	1.70244	-0.190773	0.0628598	0	0	1.97212	0	0	0	0.100239	-0.037908	0.286924
2019-12-16 00:00:00	-2.77748	-0.00788058	0.266351	0	-0.000887614	-0.00668038	0.0222893	0	0	0	0	0	0	0	0.95765	-0.19094	0.062868	0	0	1.87385	0	0	0	0.100453	-0.0367575	0.262831
2019-12-17 00:00:00	0	-0.246645	0.254249	0	-0.00319903	-0.000226332	0.00358493	0	0	0	0	0	0	0	-0.550196	-0.191174	0.0628016	0	0	1.70296	0	0	0	0.1005	-0.0352798	1.09737
2019-12-18 00:00:00	-6.90993	0.232891	0.235651	0	0.00441336	-0.0166231	0.0497901	0	0	0	0	0	0	0	3.39773	-0.191821	0.0628869	0	0	1.68176	0	0	0	0.100633	-0.034357	-1.38698
2019-12-19 00:00:00	-8.37298	-0.0145926	0.290494	0	0.00156685	-0.021281	0.0627746	0	0	0	0	0	0	0	4.46345	-0.193069	0.0631087	0	0	1.83799	0	0	0	0.101267	-0.0356767	-1.81694
2019-12-20 00:00:00	-1.59099	-0.0085723	0.287785	0	-0.00358036	-0.00375783	0.0142315	0	0	0	0	0	0	0	0.189343	-0.193305	0.0631566	0	0	1.80833	0	0	0	0.101746	-0.036425	0.627962
2019-12-21 00:00:00	-0.00450358	-0.25769	0.271863	0	-0.00255166	-0.000142303	0.0034642	0	0	0	0	0	0	0	-0.605585	-0.193068	0.0630924	0	0	1.6292	0	0	0	0.101716	-0.0346964	0.971096
2019-12-22 00:00:00	-0.404504	0.131333	0.266907	0	-0.00151022	0	0.00327499	0	0	0	0	0	0	0	-0.588704	-0.192813	0.0630257	0	0	1.46537	0	0	0	0.101598	-0.032339	0.811641
2019-12-23 00:00:00	-4.5955	0.105505	0.294108	0	0.00342803	-0.0104994	0.0320508	0	0	0	0	0	0	0	1.94427	-0.193082	0.0630723	0	0	1.42155	0	0	0	0.10161	-0.0313266	-0.86481
2019-12-24 00:00:00	-0.590993	-0.0121648	0.259	0	-0.00238104	-0.0011386	0.00567488	0	0	0	0	0	0	0	-0.273837	-0.192977	0.0630633	0	0	1.3617	0	0	0	0.101729	-0.031292	0.686383
2019-12-25 00:00:00	-0.2	-0.0734126	0.272026	0	-0.00193509	-4.86352E-05	0.00318725	0	0	0	0	0	0	0	-0.55118	-0.192749	0.0630112	0	0	1.2547	0	0	0	0.101667	-0.028816	0.646449
2019-12-26 00:00:00	-0.195496	-0.0678798	0.263376	0	-0.000720691	0	0.00264302	0	0	0	0	0	0	0	-0.459706	-0.192441	0.06294	0	0	1.13999	0	0	0	0.101487	-0.0273497	0.626841
2019-12-27 00:00:00	-2.2	0.118931	0.318801	0	0.00072393	-0.00425629	0.0149695	0	0	0	0	0	0	0	0.75104	-0.192432	0.0629328	0	0	1.09428	0	0	0	0.101398	-0.0262428	0.0401462
2019-12-28 00:00:00	-0.2	-0.114925	0.312342	0	-0.000862183	-0.000189024	0.00294163	0	0	0	0	0	0	0	-0.482944	-0.192239	0.0628902	0	0	1.04296	0	0	0	0.101368	-0.0256782	0.505666
2019-12-29 00:00:00	0	-0.268327	0.294252	0	-0.00118254	0	0.00273165	0	0	0	0	0	0	0	-0.387703	-0.191897	0.0628118	0	0	0.963919	0	0	0	0.101119	-0.0248657	0.550858
2019-12-30 00:00:00	-0.618014	0.299249	0.291903	0	0.000230175	0	0.00271161	0	0	0	0	0	0	0	-0.424289	-0.191682	0.0627569	0	0	0.909552	0	0	0	0.100984	-0.0235291	0.409873
2019-12-31 00:00:00	-0.2	0.00959781	0.189111	0	-6.87037E-05	0	0.00234493	0	0	0	0	0	0	0	-0.287828	-0.191425	0.0626996	0	0	0.862066	0	0	0	0.100754	-0.0222794	0.524972
2020-01-01 00:00:00	-0.00450359	-0.268384	0.284513	0	-0.000355353	0	0.00341984	0	0	0	0	0	0	0	-0.396137	-0.191167	0.0626398	0	0	0.822823	0	0	0	0.100607	-0.0211883	0.392267
2020-01-02 00:00:00	-3.42702	0.285993	0.338525	0	0.00264276	-0.00646989	0.0209155	0	0	0	0	0	0	0	1.47036	-0.19127	0.062663	0	0	0.838507	0	0	0	0.100472	-0.0213995	-0.526078
2020-01-03 00:00:00	-0.613511	-0.0103315	0.292927	0	-0.00120885	-0.000970279	0.00524397	0	0	0	0	0	0	0	-0.22391	-0.191242	0.0626684	0	0	0.862284	0	0	0	0.100476	-0.0216866	0.26074
2020-01-04 00:00:00	-1.20901	-0.00305563	0.275481	0	0.000527601	-0.00230451	0.00946243	0	0	0	0	0	0	0	0.181024	-0.191113	0.0626405	0	0	0.847931	0	0	0	0.100323	-0.0212218	0.0506869
2020-01-05 00:00:00	0	-0.313522	0.329829	0	-0.00128828	-9.49712E-05	0.00248876	0	0	0	0	0	0	0	-0.288673	-0.190861	0.0625835	0	0	0.82211	0	0	0	0.100188	-0.0212588	0.501502
2020-01-06 00:00:00	-5.36847	0.288469	0.327814	0	0.00326966	-0.011998	0.0359867	0	0	0	0	0	0	0	2.58779	-0.191258	0.0626574	0	0	0.88147	0	0	0	0.100165	-0.0215156	-1.30563
2020-01-07 00:00:00	-6.77298	-0.00164623	0.355504	0	-0.000447164	-0.0168283	0.0497677	0	0	0	0	0	0	0	3.39339	-0.192162	0.0628573	0	0	1.06335	0	0	0	0.100478	-0.0250132	-1.98373
2020-01-08 00:00:00	-4.17298	-0.0127314	0.30327	0	-1.33839E-06	-0.0103116	0.0311649	0	0	0	0	0	0	0	1.97175	-0.192767	0.0630058	0	0	1.19812	0	0	0	0.100847	-0.0273341	-0.747963
2020-01-09 00:00:00	-15.5324	-0.00684309	0.265737	0	0.00781099	-0.0398956	0.114651	0	0	0	0	0	0	0	8.67104	-0.19475	0.0634088	0	0	1.54687	0	0	0	0.101649	-0.0311415	-5.03391
2020-01-10 00:00:00	-5.94145	-0.0116806	0.27434	0	-0.0020209	-0.0153622	0.0473167	0	0	0	0	0	0	0	3.05092	-0.196156	0.0637239	0	0	1.84199	0	0	0	0.102942	-0.0363608	-0.821803
2020-01-11 00:00:00	-20.1099	-0.0070326	0.380756	0	0.00301537	-0.0516443	0.151431	0	0	0	0	0	0	0	11.4617	-0.198948	0.0642831	0	0	2.35181	0	0	0	0.104066	-0.0404828	-5.89095
2020-01-12 00:00:00	-1.62702	-0.0125339	0.310268	0	-0.0050457	-0.0040458	0.016271	0	0	0	0	0	0	0	0.177224	-0.200208	0.0645546	0	0	2.55914	0	0	0	0.105341	-0.0451389	1.3388
2020-01-13 00:00:00	-8.37298	-0.0116006	0.325116	0	0.00357416	-0.0208505	0.0624931	0	0	0	0	0	0	0	4.50574	-0.201409	0.0647189	0	0	2.49311	0	0	0	0.105755	-0.0430567	-1.08939
2020-01-14 00:00:00	-3.20901	0.000537121	0.292758	0	-0.00303996	-0.00780292	0.0275079	0	0	0	0	0	0	0	1.10088	-0.202005	0.064825	0	0	2.41777	0	0	0	0.106362	-0.0433235	0.545465
2020-01-15 00:00:00	0	-0.320084	0.338046	0	-0.00259402	-0.000237232	0.00431622	0	0	0	0	0	0	0	-0.688463	-0.20192	0.0647617	0	0	2.16027	0	0	0	0.10654	-0.0414584	1.41918
2020-01-16 00:00:00	-6.19099	0.298683	0.379976	0	0.00357115	-0.0138568	0.042382	0	0	0	0	0	0	0	2.84628	-0.20254	0.0648819	0	0	2.06715	0	0	0	0.106759	-0.0392311	-0.636938
2020-01-17 00:00:00	-0.204504	-0.139547	0.329886	0	-0.00295271	-0.000423204	0.00449754	0	0	0	0	0	0	0	-0.510391	-0.202536	0.0648647	0	0	1.92158	0	0	0	0.10695	-0.0391255	1.3283
2020-01-18 00:00:00	-0.00450358	-0.268979	0.306799	0	-0.00198938	0	0.00359253	0	0	0	0	0	0	0	-0.829737	-0.202765	0.0648027	0	0	1.71195	0	0	0	0.10707	-0.0358928	0.850347
2020-01-19 00:00:00	0	-0.259334	0.293851	0	-0.00213789	0	0.00342736	0	0	0	0	0	0	0	-0.614773	-0.202538	0.064752	0	0	1.53939	0	0	0	0.106934	-0.033812	0.89576
2020-01-20 00:00:00	0	-0.317125	0.359419	0	-0.00241423	0	0.00278907	0	0	0	0	0	0	0	-0.506119	-0.202165	0.0648624	0	0	1.37582	0	0	0	0.106879	-0.0316871	0.850258
2020-01-21 00:00:00	-0.395496	-0.0114362	0.412558	0	-0.00148149	0	0.00370275	0	0	0	0	0	0	0	-0.59762	-0.201943	0.0648234	0	0	1.26261	0	0	0	0.106876	-0.0287963	0.613798
2020-01-22 00:00:00	-0.195496	-0.15622	0.374376	0	-0.00090052	0	0.00281273	0	0	0	0	0	0	0	-0.63573	-0.20165	0.0647576	0	0	1.14716	0	0	0	0.106852	-0.0275022	0.478462
2020-01-23 00:00:00	0	-0.308686	0.414912	0	-0.00357073	0	0.000349453	0	0	0	0	0	0	0	-0.200446	-0.201319	0.064665	0	0	1.0325	0	0	0	0.106549	-0.0270123	0.877946
2020-01-24 00:00:00	-0.4	-0.00473404	0.414977	0	-0.000554289	0	0.00509425	0	0	0	0	0	0	0	-0.766825	-0.201247	0.0646498	0	0	1.00089	0	0	0	0.106598	-0.0248825	0.193967
2020-01-25 00:00:00	0	-0.129762	0.319285	0	-0.00355321	0	0.00314026	0	0	0	0	0	0	0	-0.68871	-0.200994	0.0645911	0	0	0.935278	0	0	0	0.106435	-0.0237718	0.381939
2020-01-26 00:00:00	-2.37748	1.50853	0.387686	0	0.00874429	0	0.0037864	0	0	0	0	0	0	0	-0.199055	-0.200783	0.0645402	0	0	0.88678	0	0	0	0.106359	-0.0224558	0.166645
2020-01-27 00:00:00	-3.17748	0.0140617	0.377296	0	0.00446413	-0.00569258	0.0209725	0	0	0	0	0	0	0	1.07227	-0.201028	0.0645864	0	0	0.922421	0	0	0	0.106328	-0.0230801	-0.824878
2020-01-28 00:00:00	-14.0829	-0.00699743	0.37114	0	0.00814933	-0.0358809	0.102484	0	0	0	0	0	0	0	8.03585	-0.202836	0.0649466	0	0	1.23277	0	0	0	0.106895	-0.0271638	-4.43355
2020-01-29 00:00:00	-7.97748	-0.0142179	0.434809	0	-0.000203311	-0.0200419	0.0602875	0	0	0	0	0	0	0	4.19784	-0.204805	0.0653351	0	0	1.63287	0	0	0	0.107687	-0.0335831	-1.75151
2020-01-30 00:00:00	-0.2	-0.292395	0.513312	0	-0.00470661	-0.000464629	0.0056254	0	0	0	0	0	0	0	-0.787073	-0.205047	0.0653853	0	0	1.61941	0	0	0	0.108052	-0.034537	0.787565
2020-01-31 00:00:00	-1	0.287489	0.553857	0	3.43488E-05	-9.15911E-08	0.00391867	0	0	0	0	0	0	0	-0.50737	-0.204839	0.0653375	0	0	1.46397	0	0	0	0.107943	-0.0325407	0.737803
2020-02-01 00:00:00	-4.18649	-0.00865056	0.486646	0	0.00245837	-0.00935381	0.0292855	0	0	0	0	0	0	0	1.84492	-0.205227	0.0654036	0	0	1.42995	0	0	0	0.108069	-0.0315678	-0.474552
2020-02-02 00:00:00	-6.78649	-0.00344944	0.438901	0	0.000810462	-0.0164917	0.0502283	0	0	0	0	0	0	0	3.31771	-0.206258	0.0656054	0	0	1.56622	0	0	0	0.108513	-0.0321299	-1.49683
2020-02-03 00:00:00	-14.9234	-0.0118287	0.462983	0	0.0037671	-0.0378801	0.111162	0	0	0	0	0	0	0	8.15395	-0.208532	0.0660289	0	0	1.95809	0	0	0	0.109434	-0.0361633	-4.35243
2020-02-04 00:00:00	-2.21351	-0.0050119	0.469253	0	-0.00526022	-0.004945	0.0193474	0	0	0	0	0	0	0	0.421635	-0.209454	0.0662077	0	0	2.11154	0	0	0	0.110745	-0.039554	0.720991
2020-02-05 00:00:00	0	-0.428754	0.466936	0	-0.00260695	-0.000171409	0.00418859	0	0	0	0	0	0	0	-0.722326	-0.209369	0.066172	0	0	1.89933	0	0	0	0.11094	-0.0378526	1.14649
2020-02-06 00:00:00	0	-0.419817	0.476879	0	-0.00251596	0	0.00335659	0	0	0	0	0	0	0	-0.697389	-0.209228	0.0661192	0	0	1.68803	0	0	0	0.110955	-0.0354775	0.980913
2020-02-07 00:00:00	-0.4	-0.0815419	0.498227	0	-0.00143661	0	0.00312309	0	0	0	0	0	0	0	-0.90165	-0.209035	0.0661629	0	0	1.48658	0	0	0	0.111008	-0.0335717	0.537868
2020-02-08 00:00:00	-17.8919	0.906605	0.575976	0	0.0119849	-0.0416404	0.122094	0	0	0	0	0	0	0	9.44449	-0.211145	0.0665261	0	0	1.7905	0	0	0	0.111537	-0.0353251	-5.15031
2020-02-09 00:00:00	-25.9144	-0.00439858	0.607501	0	0.00755355	-0.0664801	0.194894	0	0	0	0	0	0	0	14.6472	-0.21644	0.0675234	0	0	2.9865	0	0	0	0.113414	-0.0445524	-7.6217
2020-02-10 00:00:00	-24.4604	0.000812824	0.467891	0	0.0227854	-0.0634248	0.189454	0	0	0	0	0	0	0	13.724	-0.223554	0.0690099	0	0	5.14283	0	0	0	0.115515	-0.0616851	-5.07674
2020-02-11 00:00:00	-15.1189	-0.00754095	0.449338	0	-0.00738604	-0.0389691	0.119148	0	0	0	0	0	0	0	8.23533	-0.228247	0.0703765	0	0	6.24085	0	0	0	0.117548	-0.0718815	-0.240364
2020-02-12 00:00:00	-6.18649	-0.0072141	0.475569	0	0.0472255	-0.015249	0.0496603	0	0	0	0	0	0	0	2.59602	-0.230585	0.0706483	0	0	5.90915	0	0	0	0.119069	-0.0706618	2.75714
2020-02-13 00:00:00	-17.2424	-0.00519736	0.54119	0	-0.0589958	-0.0438432	0.130997	0	0	0	0	0	0	0	8.46096	-0.233977	0.0711107	0	0	5.81629	0	0	0	0.120714	-0.0696645	-2.51279
2020-02-14 00:00:00	-33.6704	-0.00590742	0.601043	0	0.672618	-0.100095	0.282559	0	0	0	0	0	0	0	18.1942	-0.242548	0.0728659	0	0	7.73279	0	0	0	0.12389	-0.0768887	-6.41592
2020-02-15 00:00:00	-9.58199	-0.0116341	0.643529	0	-0.544083	-0.0279486	0.0794804	0	0	0	0	0	0	0	4.53083	-0.247742	0.0736554	0	0	8.35904	0	0	0	0.127343	-0.0847323	3.31575
2020-02-16 00:00:00	-0.804504	-0.00815652	0.649722	0	-0.145746	-0.000882576	0.008653	0	0	0	0	0	0	0	-0.229959	-0.252044	0.0742009	0	0	7.20079	0	0	0	0.128497	-0.0819177	6.53866
2020-02-17 00:00:00	-3.3306	-0.00439535	0.652472	0	0.00773245	-0.00625093	0.0229495	0	0	0	0	0	0	0	0.694077	-0.253971	0.0743947	0	0	6.22676	0	0	0	0.130056	-0.0731777	4.14005
2020-02-18 00:00:00	-1.43153	0.00294449	0.617605	0	-0.00768119	-0.00196398	0.0109452	0	0	0	0	0	0	0	-0.218201	-0.255241	0.074463	0	0	5.2413	0	0	0	0.131518	-0.0684376	4.09573
2020-02-19 00:00:00	-2.40901	-0.00599873	0.677643	0	0.000403662	-0.00422649	0.0167487	0	0	0	0	0	0	0	-0.0958017	-0.25695	0.0748139	0	0	4.66444	0	0	0	0.134166	-0.062818	2.73341
2020-02-20 00:00:00	-18.1865	-0.00256469	0.654558	0	0.00381907	-0.0485852	0.135575	0	0	0	0	0	0	0	8.90223	-0.262472	0.0756017	0	0	4.80524	0	0	0	0.13708	-0.0608419	-3.84685
2020-02-21 00:00:00	-12.764	-0.0110864	0.775508	0	-0.000106039	-0.038773	0.0985118	0	0	0	0	0	0	0	6.02129	-0.269256	0.0767182	0	0	5.1468	0	0	0	0.140408	-0.0641359	-0.888097
2020-02-22 00:00:00	-13.009	-0.00852544	0.653927	0	0.00105189	-0.0395352	0.100256	0	0	0	0	0	0	0	6.56674	-0.275788	0.0790638	0	0	5.33091	0	0	0	0.142592	-0.0649884	-0.523307
2020-02-23 00:00:00	-8.58199	0.00180869	0.673759	0	-0.00224923	-0.0264776	0.0683218	0	0	0	0	0	0	0	3.36025	-0.280991	0.0800642	0	0	5.27427	0	0	0	0.146068	-0.0655197	0.647316
2020-02-24 00:00:00	-10.137	-0.00638168	0.58013	0	0.00100864	-0.0307055	0.0789726	0	0	0	0	0	0	0	5.13546	-0.286772	0.0815266	0	0	5.19354	0	0	0	0.149801	-0.0647405	0.694887
2020-02-25 00:00:00	-2.59099	-0.00551045	0.625866	0	-0.00307236	-0.00747781	0.0219973	0	0	0	0	0	0	0	0.113713	-0.290919	0.0831023	0	0	4.77414	0	0	0	0.15269	-0.0632823	2.81025
2020-02-26 00:00:00	-0.981986	-0.019278	0.683677	0	-0.00119175	-0.000926576	0.00702989	0	0	0	0	0	0	0	-1.06028	-0.294196	0.0832488	0	0	4.16258	0	0	0	0.154678	-0.0588623	2.67449
2020-02-27 00:00:00	-5.18199	0.0120376	0.683691	0	0.0021522	-0.0119414	0.0376554	0	0	0	0	0	0	0	1.35998	-0.297649	0.0833068	0	0	3.82453	0	0	0	0.155696	-0.0555225	0.611958
2020-02-28 00:00:00	-13.782	0.000636063	0.764331	0	0.00239211	-0.0398778	0.103597	0	0	0	0	0	0	0	6.57446	-0.305881	0.0838931	0	0	4.01945	0	0	0	0.158233	-0.0552472	-2.47601
2020-02-29 00:00:00	-19.1415	-0.0015169	0.789364	0	0.0010371	-0.0592262	0.147458	0	0	0	0	0	0	0	9.83089	-0.317964	0.0855419	0	0	4.86627	0	0	0	0.161519	-0.0607245	-3.69881
2020-03-01 00:00:00	-19.9415	0.000597842	0.7738	0	7.09071E-06	-0.0636138	0.156154	0	0	0	0	0	0	0	10.1632	-0.330246	0.0893205	0	0	6.14189	0	0	0	0.164822	-0.0694935	-2.915
2020-03-02 00:00:00	0	-0.692256	0.77234	0	-0.00785565	-0.00453012	0.0105461	0	0	0	0	0	0	0	-1.05595	-0.333126	0.0905969	0	0	5.80683	0	0	0	0.168179	-0.0734018	4.68137
2020-03-03 00:00:00	-0.6	-0.156334	0.788594	0	-0.00156891	-0.000414951	0.0047505	0	0	0	0	0	0	0	-0.813616	-0.334572	0.0917033	0	0	4.82265	0	0	0	0.168879	-0.067869	3.9022
2020-03-04 00:00:00	-0.2	-0.3266	0.693375	0	-0.00540504	-1.33078E-05	0.00329285	0	0	0	0	0	0	0	-1.13541	-0.336453	0.0915573	0	0	4.22979	0	0	0	0.169878	-0.0610256	3.12298
