Time	Precip	Canopy Stor. Change	Evapotrans	Snow Stor.Change	OL Stor.Change	OL Bou.Inflow	OL Bou.Outflow	OL->Ext.Sinks	OL->River/MOUSE	OL Drain Stor. Change	OL Drain->River/MOUSE	OL Drain->OL IN	OL Drain->OL OUT	Irrigation	SubSurf.Stor.Change	SubSurf.Bou.Inflow	SubSurf.Bou.Outflow	SubSurf->Ext.Sinks	Pumping	SZ Drain->River	SZ Drain->Ext.River	SZ Drain Inflow	SZ Drain Outflow	Baseflow to river	Baseflow from river	Error
2011-03-22 00:00:00	0	0	0	0	0	0	0	0	0	0	0	0	0	0	0	0	0	0	0	0	0	0	0	0	0	0
2011-03-23 00:00:00	0	-0.683016	1.31601	0	-0.356111	-0.00427592	0.0159731	0	0.172961	0	0	0	0	0	-0.772363	-0.0115121	0.0170968	0	0	0.0722064	0.0391835	0	0	0.13622	-0.0152116	-0.072837
2011-03-24 00:00:00	0	-0.460212	1.51785	0	-0.461337	-0.00389393	0.0109456	0	0.104998	0	0	0	0	0	-0.727816	-0.0115054	0.0170743	0	0	0.0613667	0.034779	0	0	0.135807	-0.0157195	0.202342
2011-03-25 00:00:00	0	-0.293764	1.11559	0	-0.263267	-0.00241324	0.00611801	0	0.0556694	0	0	0	0	0	-0.517089	-0.0114959	0.0170503	0	0	0.0514569	0.0302272	0	0	0.135719	-0.0143219	0.309478
2011-03-26 00:00:00	0	-0.235813	1.19341	0	-0.184126	-0.00101736	0.00220262	0	0.0243498	0	0	0	0	0	-0.622514	-0.0114821	0.0170173	0	0	0.0423946	0.0260153	0	0	0.13545	-0.0135528	0.372334
2011-03-27 00:00:00	0	-0.0983786	1.1709	0	-0.306432	-0.00200892	0.00483214	0	0.0345427	0	0	0	0	0	-0.39317	-0.0114756	0.0169992	0	0	0.0377791	0.0238932	0	0	0.134751	-0.0132355	0.599
2011-03-28 00:00:00	0	-0.067758	1.24903	0	-0.183783	-0.000350101	0.000649708	0	0.00831671	0	0	0	0	0	-0.669688	-0.0114636	0.0169665	0	0	0.031652	0.0211219	0	0	0.134213	-0.012672	0.516238
2011-03-29 00:00:00	-1.00903	0.0535631	1.21322	0	0.0585204	-0.0014851	0.00690198	0	0.0218919	0	0	0	0	0	-0.00445864	-0.0114568	0.0169454	0	0	0.0287254	0.0199254	0	0	0.133408	-0.0119887	0.514683
2011-03-30 00:00:00	-3.54929	0.358819	1.36199	0	0.360046	-0.00410143	0.0201007	0	0.0945254	0	0	0	0	0	0.946056	-0.0114551	0.016938	0	0	0.0292591	0.0199499	0	0	0.132838	-0.0120139	-0.236332
2011-03-31 00:00:00	-6.69068	0.0951995	1.44827	0	0.981085	-0.0122306	0.0488736	0	0.394023	0	0	0	0	0	2.52557	-0.0114655	0.0169603	0	0	0.0340913	0.0220196	0	0	0.131936	-0.0156709	-1.03202
2011-04-01 00:00:00	-0.663832	-0.382804	1.64628	0	-0.422443	-0.00480835	0.0182795	0	0.255764	0	0	0	0	0	-0.431264	-0.0114624	0.0169548	0	0	0.0356408	0.0227213	0	0	0.131891	-0.0170969	0.193817
2011-04-02 00:00:00	-2.17773	0.271364	1.62243	0	0.174952	-0.00331859	0.0136399	0	0.0849489	0	0	0	0	0	-0.00688514	-0.0114503	0.0169266	0	0	0.0324021	0.0212548	0	0	0.132506	-0.0139388	0.157097
2011-04-03 00:00:00	0	-0.341253	1.37393	0	-0.444284	-0.00375921	0.0152813	0	0.131451	0	0	0	0	0	-0.418788	-0.0114443	0.0169121	0	0	0.0305027	0.0205648	0	0	0.131635	-0.0140809	0.486663
2011-04-04 00:00:00	-2.16393	0.354123	1.45142	0	0.15823	-0.00227168	0.0071733	0	0.0429211	0	0	0	0	0	0.150418	-0.0114343	0.0168868	0	0	0.027145	0.0192886	0	0	0.131199	-0.0129452	0.168224
2011-04-05 00:00:00	-10.1841	0.384423	1.84617	0	1.04617	-0.0265279	0.107806	0	1.10444	0	0	0	0	0	4.0593	-0.0114422	0.0169388	0	0	0.0357185	0.0222128	0	0	0.129026	-0.0199751	-1.48981
2011-04-06 00:00:00	-12.2467	0.0420009	1.94795	0	0.447799	-0.0551886	0.203808	0	2.58355	0	0	0	0	0	5.0253	-0.011467	0.0170463	0	0	0.0559991	0.030057	0	0	0.126196	-0.0353029	-1.86895
2011-04-07 00:00:00	0	-0.612783	1.62723	0	-0.927918	-0.0135354	0.0411517	0	0.792407	0	0	0	0	0	-1.01799	-0.0114708	0.0170643	0	0	0.0598336	0.0316444	0	0	0.131896	-0.0252206	0.0923063
2011-04-08 00:00:00	0	-0.145259	1.58816	0	-0.397169	-0.00498587	0.0120216	0	0.108116	0	0	0	0	0	-1.01605	-0.011465	0.017038	0	0	0.0508639	0.0281139	0	0	0.135869	-0.0159962	0.349261
2011-04-09 00:00:00	0	-0.0889339	2.41186	0	-1.04586	-0.000994129	0.00126216	0	0.0251498	0	0	0	0	0	-1.076	-0.0114455	0.0170033	0	0	0.039126	0.0230565	0	0	0.13633	-0.0141345	0.416416
2011-04-10 00:00:00	0	0	2.00587	0	-0.211602	0	0.000146626	0	0.00450736	0	0	0	0	0	-1.12544	-0.0114403	0.0169899	0	0	0.0340131	0.0210076	0	0	0.135762	-0.0122016	0.857611
2011-04-11 00:00:00	-0.976969	0	1.64142	0	0.118671	-0.000190495	0.000923493	0	0.00280604	0	0	0	0	0	-0.374065	-0.0114258	0.016954	0	0	0.0280769	0.0187271	0	0	0.135008	-0.0117611	0.58818
2011-04-12 00:00:00	-0.196148	0	1.4298	0	-0.176255	-0.000624523	0.00254995	0	0.0152821	0	0	0	0	0	-0.484259	-0.0114176	0.0169362	0	0	0.0253821	0.0176878	0	0	0.133974	-0.0114409	0.76147
2011-04-13 00:00:00	-0.0854547	0	1.51977	0	-0.21824	-8.98923E-05	0.000378103	0	0.00546461	0	0	0	0	0	-0.649906	-0.0114025	0.0169029	0	0	0.0212934	0.0161239	0	0	0.13323	-0.0112118	0.736853
2011-04-14 00:00:00	-0.05998	0	1.63954	0	-0.190138	0	0	0	0.00096348	0	0	0	0	0	-0.547448	-0.0113827	0.0168638	0	0	0.0176078	0.0146908	0	0	0.132391	-0.0110014	1.00211
2011-04-15 00:00:00	-0.608349	0	1.60936	0	0.014011	0	0.000125418	0	0.000513555	0	0	0	0	0	-0.511837	-0.0113694	0.0168412	0	0	0.0156684	0.0139005	0	0	0.13129	-0.010806	0.659352
2011-04-16 00:00:00	0	0	1.54846	0	-0.0582204	0	7.62299E-05	0	0.000335429	0	0	0	0	0	-0.607574	-0.0113542	0.0168054	0	0	0.013718	0.0130707	0	0	0.129988	-0.0106546	1.03465
2011-04-17 00:00:00	0	0	1.68314	0	-0.0513793	0	6.79705E-05	0	0.000178481	0	0	0	0	0	-0.600298	-0.0113374	0.0167761	0	0	0.0118628	0.0122395	0	0	0.128818	-0.0105052	1.17956
2011-04-18 00:00:00	0	0	2.05224	0	-0.0676614	0	2.36407E-05	0	4.38405E-05	0	0	0	0	0	-0.784354	-0.0113166	0.01674	0	0	0.0100232	0.0113183	0	0	0.127178	-0.0103201	1.34391
2011-04-19 00:00:00	-0.114545	0	2.00289	0	-0.0318149	0	4.01728E-05	0	0	0	0	0	0	0	-0.706065	-0.0112972	0.016702	0	0	0.00864504	0.010571	0	0	0.125556	-0.0101228	1.29056
2011-04-20 00:00:00	0	0	2.17869	0	-0.0423544	0	1.40711E-05	0	0	0	0	0	0	0	-0.805365	-0.0112788	0.0166695	0	0	0.00733823	0.0097823	0	0	0.1242	-0.00996296	1.46773
2011-04-21 00:00:00	0	0	1.84233	0	-0.013157	0	3.21086E-05	0	0	0	0	0	0	0	-0.668537	-0.0112605	0.016631	0	0	0.00645997	0.00922774	0	0	0.122816	-0.00980129	1.29474
2011-04-22 00:00:00	-0.05998	0	1.7866	0	-0.00529375	0	3.85781E-05	0	0	0	0	0	0	0	-0.620153	-0.0112437	0.0165771	0	0	0.00598848	0.00889646	0	0	0.121211	-0.00967357	1.23297
2011-04-23 00:00:00	-6.17632	1.28954	2.17163	0	0.235495	0	0.00124535	0	0	0	0	0	0	0	1.19593	-0.0112439	0.0165617	0	0	0.00850816	0.00983398	0	0	0.11965	-0.00959909	-1.14878
2011-04-24 00:00:00	-0.0545653	-1.1285	2.09151	0	-0.0449243	0	0.000478526	0	0.000217327	0	0	0	0	0	-0.220119	-0.0112298	0.0165349	0	0	0.0098936	0.0106798	0	0	0.118829	-0.00977416	0.779026
2011-04-25 00:00:00	0	-0.161042	1.65101	0	-0.0376836	0	0.000107253	0	8.54684E-05	0	0	0	0	0	-0.584256	-0.0111963	0.0164596	0	0	0.00923688	0.01082	0	0	0.117739	-0.00976313	1.00151
2011-04-26 00:00:00	0	0	1.77878	0	-0.0166919	0	7.01515E-05	0	0	0	0	0	0	0	-0.718053	-0.0111645	0.0164194	0	0	0.00809423	0.0101872	0	0	0.116957	-0.0096942	1.1749
2011-04-27 00:00:00	-0.0545653	0	2.21228	0	-0.159684	0	3.01066E-05	0	0	0	0	0	0	0	-0.721885	-0.0111401	0.0163674	0	0	0.00700011	0.00945965	0	0	0.115662	-0.00958648	1.40394
2011-04-28 00:00:00	0	0	2.19861	0	-0.0407163	0	0	0	0	0	0	0	0	0	-1.0071	-0.011115	0.0163445	0	0	0.00585486	0.00862685	0	0	0.114211	-0.00945803	1.27526
2011-04-29 00:00:00	-0.254565	0	2.30502	0	-0.0162091	0	0	0	0	0	0	0	0	0	-0.803293	-0.0110991	0.0163041	0	0	0.00513755	0.0080718	0	0	0.112847	-0.00932499	1.35289
2011-04-30 00:00:00	-0.0446534	0	1.75444	0	0.00103227	0	0	0	0	0	0	0	0	0	-0.673169	-0.0110819	0.0162351	0	0	0.00476725	0.00779819	0	0	0.111704	-0.00922749	1.15784
2011-05-01 00:00:00	0	0	2.46895	0	-0.0237359	0	0	0	0	0	0	0	0	0	-1.0232	-0.0110665	0.0162011	0	0	0.00414927	0.00727051	0	0	0.110338	-0.00914524	1.53976
2011-05-02 00:00:00	-0.0408013	0	2.03631	0	-0.00423402	0	0	0	0	0	0	0	0	0	-0.764052	-0.0110452	0.016172	0	0	0.00373682	0.0069616	0	0	0.109055	-0.00903336	1.34307
2011-05-03 00:00:00	-0.0545653	0	2.00714	0	-0.00303121	0	2.4021E-06	0	0	0	0	0	0	0	-0.804629	-0.0110366	0.0161255	0	0	0.00348298	0.00673735	0	0	0.107914	-0.00895249	1.25919
2011-05-04 00:00:00	0	0	2.50224	0	-0.0149821	0	0	0	0	0	0	0	0	0	-1.0529	-0.0110201	0.016081	0	0	0.00307593	0.00633426	0	0	0.106701	-0.00888828	1.54664
2011-05-05 00:00:00	-2.63758	0.387584	2.20648	0	0.0823304	0	0.000220047	0	0	0	0	0	0	0	0.124255	-0.0110022	0.0160569	0	0	0.00332932	0.00659193	0	0	0.105174	-0.00880184	0.274644
2011-05-06 00:00:00	-8.81064	1.26433	2.61953	0	0.158381	0	0.000780365	0	0	0	0	0	0	0	2.32897	-0.011007	0.0160678	0	0	0.00586056	0.00790013	0	0	0.104539	-0.0088662	-2.32415
2011-05-07 00:00:00	-10.571	0.248725	2.65355	0	0.400398	-0.00131531	0.00768072	0	0.0106481	0	0	0	0	0	3.76195	-0.0110366	0.0161432	0	0	0.0138235	0.0126817	0	0	0.104798	-0.00936669	-3.36232
2011-05-08 00:00:00	-7.00265	-0.0107334	2.59538	0	0.238993	-0.00633319	0.0295746	0	0.0978299	0	0	0	0	0	2.04886	-0.0110628	0.0162028	0	0	0.0231474	0.0178206	0	0	0.105406	-0.0101237	-1.8677
2011-05-09 00:00:00	-3.28453	-0.0707004	2.40222	0	0.0874056	-0.00569439	0.0289717	0	0.0991714	0	0	0	0	0	0.32925	-0.011069	0.0162143	0	0	0.0276644	0.0200314	0	0	0.106052	-0.0104416	-0.265452
2011-05-10 00:00:00	-3.21132	0.0465871	2.53115	0	0.0129852	-0.00494815	0.0232914	0	0.0875314	0	0	0	0	0	0.305344	-0.0110641	0.0162058	0	0	0.0285294	0.0203709	0	0	0.106549	-0.0104677	-0.0592595
2011-05-11 00:00:00	-2.8095	-0.0172113	2.49091	0	0.00461809	-0.00345325	0.0155851	0	0.0703983	0	0	0	0	0	0.153328	-0.0110583	0.0161885	0	0	0.0275714	0.0198035	0	0	0.106989	-0.0104569	0.0537109
2011-05-12 00:00:00	-3.93321	0.0276185	2.43679	0	0.109897	-0.00373395	0.0169806	0	0.0772004	0	0	0	0	0	0.641044	-0.0110574	0.0161744	0	0	0.0265801	0.0191823	0	0	0.107275	-0.0105203	-0.47977
2011-05-13 00:00:00	-2.33263	-0.192459	2.24242	0	-0.00468016	-0.00256812	0.011678	0	0.0638908	0	0	0	0	0	0.103786	-0.011055	0.0161559	0	0	0.0255111	0.0185852	0	0	0.107598	-0.0105162	0.0357129
2011-05-14 00:00:00	0	-1.04951	2.25011	0	-0.271	-0.000566192	0.00282757	0	0.0242919	0	0	0	0	0	-0.524184	-0.0110454	0.0161298	0	0	0.0232348	0.017794	0	0	0.107685	-0.0102039	0.575558
2011-05-15 00:00:00	-0.567548	-0.212043	2.19209	0	-0.167224	0	0.000236989	0	0.00163203	0	0	0	0	0	-0.712972	-0.0110271	0.0160891	0	0	0.0189355	0.0159213	0	0	0.107522	-0.00996069	0.671652
2011-05-16 00:00:00	-4.49819	0.853208	2.58703	0	0.102904	-7.03831E-05	0.000793961	0	0.0105527	0	0	0	0	0	0.682616	-0.011017	0.0160613	0	0	0.0182637	0.0154694	0	0	0.106927	-0.00980853	-0.125257
2011-05-17 00:00:00	0	-0.863161	2.43907	0	-0.227313	-1.86128E-05	0.00034042	0	0.0116553	0	0	0	0	0	-0.805583	-0.011008	0.0160409	0	0	0.0163425	0.0142277	0	0	0.106715	-0.00980646	0.687503
2011-05-18 00:00:00	-2.09697	0.0821094	2.50914	0	0.0341905	0	0.000567724	0	0.00624464	0	0	0	0	0	-0.211664	-0.0109972	0.0160133	0	0	0.0144596	0.013247	0	0	0.10607	-0.00965614	0.452754
2011-05-19 00:00:00	-0.483892	-0.22559	2.20349	0	-0.117755	0	0.000155012	0	0.00927666	0	0	0	0	0	-0.707691	-0.0109758	0.0159826	0	0	0.0125348	0.0122009	0	0	0.105548	-0.00957467	0.803712
2011-05-20 00:00:00	-1.02235	-0.0567322	2.21837	0	-0.0352835	0	0.000220235	0	0.0015686	0	0	0	0	0	-0.572433	-0.0109457	0.0159583	0	0	0.0110073	0.0113647	0	0	0.104992	-0.00939706	0.656343
2011-05-21 00:00:00	-3.77028	0.834584	2.54273	0	0.214097	-2.84019E-06	0.00139618	0	0.00893468	0	0	0	0	0	0.165351	-0.0109261	0.0159454	0	0	0.0119037	0.0116188	0	0	0.104233	-0.00930556	0.12028
2011-05-22 00:00:00	-5.48757	0.59051	2.51783	0	0.190132	-0.00182205	0.00764195	0	0.064	0	0	0	0	0	1.22737	-0.0109232	0.0159447	0	0	0.0147053	0.0124111	0	0	0.103513	-0.00965019	-0.765911
2011-05-23 00:00:00	-13.4312	0.396822	2.57631	0	0.896794	-0.0108596	0.0592296	0	0.280556	0	0	0	0	0	5.05666	-0.0109628	0.0159925	0	0	0.0243824	0.0163255	0	0	0.103633	-0.0118146	-4.03817
2011-05-24 00:00:00	-6.12645	-0.0104891	2.47268	0	0.0968259	-0.00986467	0.0445782	0	0.374811	0	0	0	0	0	1.4883	-0.0110005	0.0160236	0	0	0.0331667	0.0196444	0	0	0.104287	-0.0161549	-1.52364
2011-05-25 00:00:00	0	-1.31332	2.3626	0	-0.366775	-0.00369696	0.0150324	0	0.191224	0	0	0	0	0	-0.772237	-0.0110096	0.0160041	0	0	0.0327145	0.0194934	0	0	0.105925	-0.0146372	0.26131
2011-05-26 00:00:00	-0.640801	-0.278921	2.50681	0	-0.345722	-0.000392268	0.00025907	0	0.0252702	0	0	0	0	0	-0.886893	-0.010994	0.015967	0	0	0.0266191	0.0176443	0	0	0.106978	-0.0117218	0.524106
2011-05-27 00:00:00	-0.932161	-0.168043	2.52218	0	-0.424559	-0.000460662	0.00011436	0	0.0186726	0	0	0	0	0	-0.461382	-0.0109797	0.0159314	0	0	0.0222971	0.0158804	0	0	0.106865	-0.0109584	0.693394
2011-05-28 00:00:00	-5.78065	1.41891	2.68936	0	0.671005	-0.0018969	0.00708213	0	0.0376349	0	0	0	0	0	0.69525	-0.0109822	0.0159322	0	0	0.0231949	0.0157171	0	0	0.106609	-0.0104827	-0.12331
2011-05-29 00:00:00	-1.71543	-0.823701	2.59859	0	-0.0776827	-0.00290751	0.0110084	0	0.113068	0	0	0	0	0	-0.0593262	-0.0109795	0.0159116	0	0	0.0235253	0.0155863	0	0	0.106299	-0.0112323	0.18273
2011-05-30 00:00:00	-0.54002	-0.597804	2.56501	0	-0.437637	-0.000397128	0.000760328	0	0.0286519	0	0	0	0	0	-0.552481	-0.0109634	0.0158658	0	0	0.0199944	0.0147557	0	0	0.106528	-0.0106641	0.601596
2011-05-31 00:00:00	-0.0545653	-0.225172	3.11157	0	-0.42666	-0.000301001	8.38257E-05	0	0.00529309	0	0	0	0	0	-1.51893	-0.0109477	0.0158399	0	0	0.0164998	0.0132725	0	0	0.106179	-0.0101329	1.02203
2011-06-01 00:00:00	-0.104633	-0.035543	2.55677	0	-0.252207	0	0	0	0.00301654	0	0	0	0	0	-1.1144	-0.0109138	0.0157787	0	0	0.0120516	0.0114339	0	0	0.105807	-0.00979165	1.17736
2011-06-02 00:00:00	0	0	2.83069	0	-0.0889848	0	0	0	0.000620743	0	0	0	0	0	-1.45872	-0.0108703	0.0157521	0	0	0.0092783	0.0100921	0	0	0.10527	-0.0092801	1.40385
2011-06-03 00:00:00	-0.0545653	0	2.77922	0	-0.0315838	0	0	0	0.000192478	0	0	0	0	0	-1.25117	-0.0108374	0.0157194	0	0	0.00719121	0.00900517	0	0	0.10449	-0.00902803	1.55863
2011-06-04 00:00:00	0	0	2.27261	0	-0.0067258	0	0	0	3.4924E-05	0	0	0	0	0	-1.02197	-0.010815	0.0156894	0	0	0.00594527	0.00833141	0	0	0.103673	-0.00885042	1.35793
2011-06-05 00:00:00	-0.186236	0	2.24029	0	-0.00221421	0	0	0	0	0	0	0	0	0	-0.923759	-0.010797	0.0156521	0	0	0.00521761	0.00789091	0	0	0.102827	-0.00873852	1.24013
2011-06-06 00:00:00	-0.270128	0	2.24322	0	-0.00221593	0	0	0	0	0	0	0	0	0	-0.929196	-0.0107831	0.0156236	0	0	0.00461112	0.0074717	0	0	0.101972	-0.00865236	1.15193
2011-06-07 00:00:00	-4.14285	0.672718	2.73462	0	0.0741612	0	0.000113602	0	0	0	0	0	0	0	0.354351	-0.0107709	0.015581	0	0	0.00539836	0.00797634	0	0	0.10109	-0.0085742	-0.196184
2011-06-08 00:00:00	-4.47215	0.709612	2.69689	0	0.102263	0	0.000525026	0	0	0	0	0	0	0	0.602559	-0.010759	0.0155478	0	0	0.00612552	0.00841929	0	0	0.100342	-0.00864038	-0.249265
2011-06-09 00:00:00	-1.63023	-0.865458	2.71241	0	0.031032	0	0.000339175	0	0	0	0	0	0	0	-0.10171	-0.0107462	0.0155205	0	0	0.00738388	0.00920161	0	0	0.0999699	-0.00870221	0.259016
2011-06-10 00:00:00	-1.28657	-0.402144	2.55045	0	0.0138875	0	0.000452495	0	6.58853E-06	0	0	0	0	0	-0.453249	-0.0107147	0.015499	0	0	0.00735517	0.00904437	0	0	0.0993726	-0.00872562	0.534661
2011-06-11 00:00:00	-6.26023	1.57332	2.50711	0	0.129905	0	0.00104526	0	0.00107284	0	0	0	0	0	1.12505	-0.0107042	0.0154874	0	0	0.00850116	0.00935944	0	0	0.0988938	-0.00871297	-0.809906
2011-06-12 00:00:00	-5.13374	0.209501	2.75624	0	0.179456	-2.1753E-05	0.00183265	0	0.025579	0	0	0	0	0	1.06633	-0.0107093	0.0155054	0	0	0.0137328	0.0117858	0	0	0.0987704	-0.00901639	-0.774746
2011-06-13 00:00:00	-0.159199	-1.53079	2.86508	0	-0.156346	-0.000377459	0.00135643	0	0.0260689	0	0	0	0	0	-0.524932	-0.0107039	0.0154812	0	0	0.0149664	0.012665	0	0	0.0984754	-0.00923953	0.642506
2011-06-14 00:00:00	0	-0.308064	2.58896	0	-0.100096	0	7.14528E-05	0	0.000414648	0	0	0	0	0	-1.30156	-0.0106656	0.015442	0	0	0.0119593	0.0115986	0	0	0.0981879	-0.00910046	0.997157
2011-06-15 00:00:00	-0.211711	-0.0500613	2.72443	0	-0.226928	0	7.83478E-06	0	3.32086E-05	0	0	0	0	0	-1.10803	-0.0106426	0.0153992	0	0	0.00943315	0.0103294	0	0	0.0975078	-0.00892899	1.24084
2011-06-16 00:00:00	-2.22123	-0.00202536	2.74801	0	0.0908395	0	1.00059E-05	0	0	0	0	0	0	0	-0.284835	-0.0106399	0.0153434	0	0	0.00930864	0.0103228	0	0	0.096855	-0.00875448	0.443204
2011-06-17 00:00:00	-0.429481	-0.00646154	2.58616	0	-0.0661929	0	1.28685E-07	0	0	0	0	0	0	0	-1.12873	-0.0106398	0.0152607	0	0	0.00793	0.00952093	0	0	0.0960068	-0.0087171	1.06466
2011-06-18 00:00:00	-4.09298	0.728201	2.91906	0	0.124689	0	0.000180524	0	0	0	0	0	0	0	0.218946	-0.0106302	0.0152609	0	0	0.00972994	0.0101141	0	0	0.0952192	-0.00860411	0.00918641
2011-06-19 00:00:00	-6.71698	0.581301	3.15768	0	0.299886	-0.00219976	0.010414	0	0.0129031	0	0	0	0	0	1.65418	-0.0106356	0.0153038	0	0	0.0150807	0.0129125	0	0	0.094727	-0.00886425	-0.884289
2011-06-20 00:00:00	0	-1.2196	2.74458	0	-0.11685	-0.00139997	0.00789137	0	0.0223226	0	0	0	0	0	-0.799025	-0.0106361	0.0153053	0	0	0.0189492	0.0151116	0	0	0.094792	-0.00925436	0.762194
2011-06-21 00:00:00	-10.739	2.14693	3.20723	0	0.40474	-0.00393819	0.0238785	0	0.0627702	0	0	0	0	0	2.77684	-0.0106387	0.0153115	0	0	0.0207286	0.0158659	0	0	0.0947923	-0.00930753	-1.99385
2011-06-22 00:00:00	-2.82155	-0.478457	3.12695	0	0.0033558	-0.00310345	0.0169991	0	0.0755615	0	0	0	0	0	-0.0507122	-0.0106454	0.0153146	0	0	0.0243561	0.0173869	0	0	0.095107	-0.00963211	0.00093573
2011-06-23 00:00:00	-3.55803	0.2239	3.00093	0	0.00381708	-0.0019692	0.010004	0	0.0447235	0	0	0	0	0	0.159154	-0.0106366	0.0152887	0	0	0.023184	0.0168282	0	0	0.095268	-0.00956453	0.0128953
2011-06-24 00:00:00	-0.114545	-1.41421	2.8532	0	-0.221956	-0.000557433	0.00296474	0	0.0229413	0	0	0	0	0	-0.700604	-0.0106219	0.0152565	0	0	0.0209844	0.0160807	0	0	0.0953765	-0.0095237	0.554786
2011-06-25 00:00:00	-2.8907	0.253137	3.11273	0	0.141719	-9.25419E-05	0.000925293	0	0.00352479	0	0	0	0	0	-0.391381	-0.0106025	0.0151961	0	0	0.0187347	0.0152879	0	0	0.0952798	-0.0093223	0.354437
2011-06-26 00:00:00	-0.159199	-0.638507	3.31791	0	-0.360259	-0.000406642	0.00155813	0	0.0178873	0	0	0	0	0	-1.35606	-0.0105888	0.015166	0	0	0.0163108	0.0139238	0	0	0.0948008	-0.00924156	0.943288
2011-06-27 00:00:00	-0.670809	-0.166575	3.0128	0	-0.112129	0	1.31441E-06	0	0.00139546	0	0	0	0	0	-1.14485	-0.0105633	0.0150982	0	0	0.012251	0.0120317	0	0	0.0945896	-0.00908074	1.03416
2011-06-28 00:00:00	0	-0.016469	2.946	0	-0.234655	0	6.89246E-06	0	0.000436687	0	0	0	0	0	-1.51512	-0.0105371	0.0150155	0	0	0.00943633	0.0105867	0	0	0.094103	-0.00884221	1.28996
2011-06-29 00:00:00	-0.297165	0	3.00427	0	-0.0375169	0	0	0	0	0	0	0	0	0	-1.59337	-0.0104979	0.0149835	0	0	0.00707042	0.00928615	0	0	0.0934661	-0.00859766	1.18194
2011-06-30 00:00:00	-0.745435	0	2.59627	0	0.00598425	0	0	0	0	0	0	0	0	0	-0.950371	-0.0104537	0.0149586	0	0	0.00609923	0.00872348	0	0	0.0926815	-0.00840082	1.01005
2011-07-01 00:00:00	0	0	2.86051	0	-0.0152855	0	0	0	0	0	0	0	0	0	-1.55696	-0.0104195	0.0149195	0	0	0.00484061	0.00787578	0	0	0.0920738	-0.00831595	1.38924
2011-07-02 00:00:00	0	0	4.09613	0	-0.0225376	0	0	0	0	0	0	0	0	0	-2.28496	-0.0103895	0.0148862	0	0	0.00313886	0.0066838	0	0	0.091326	-0.00818685	1.88609
2011-07-03 00:00:00	0	0	3.12794	0	-0.00554659	0	0	0	0	0	0	0	0	0	-1.74686	-0.0103442	0.0148369	0	0	0.00233391	0.00600681	0	0	0.0904934	-0.00801775	1.47083
2011-07-04 00:00:00	0	0	3.98888	0	-0.0111782	0	0	0	0	0	0	0	0	0	-2.21497	-0.0103068	0.0147911	0	0	0.00161462	0.00521388	0	0	0.0897241	-0.00791357	1.85586
2011-07-05 00:00:00	-1.73036	0	3.12521	0	0.0106859	0	0	0	0	0	0	0	0	0	-0.765069	-0.0102613	0.0147452	0	0	0.00178323	0.00538752	0	0	0.0889012	-0.00780371	0.733218
2011-07-06 00:00:00	-7.50245	1.72464	3.20258	0	0.113535	0	2.55465E-05	0	0	0	0	0	0	0	1.32417	-0.0102726	0.0147728	0	0	0.00483973	0.00763996	0	0	0.0880988	-0.00779531	-1.04021
2011-07-07 00:00:00	-1.88346	-1.00248	3.10394	0	0.0185864	0	9.6092E-05	0	0	0	0	0	0	0	-0.0112398	-0.0102671	0.0147473	0	0	0.00651195	0.00882191	0	0	0.0876994	-0.00810369	0.324859
2011-07-08 00:00:00	-16.0556	1.91872	3.40919	0	0.43803	-0.00239147	0.0112828	0	0.035004	0	0	0	0	0	5.96937	-0.0102987	0.0148129	0	0	0.0148067	0.0138449	0	0	0.0875684	-0.00850284	-4.16413
2011-07-09 00:00:00	-8.48429	-0.300579	3.24234	0	0.233766	-0.0132922	0.0789456	0	0.240998	0	0	0	0	0	2.88208	-0.0103388	0.0149068	0	0	0.0316631	0.0223735	0	0	0.0883039	-0.00953421	-1.98265
2011-07-10 00:00:00	-0.589171	-1.47724	3.10884	0	-0.165872	-0.0050462	0.024378	0	0.0894895	0	0	0	0	0	-0.781711	-0.010345	0.0149187	0	0	0.0372413	0.0248966	0	0	0.0898418	-0.00987303	0.350348
2011-07-11 00:00:00	-15.4247	1.85631	3.19221	0	0.568657	-0.0158789	0.087974	0	0.423281	0	0	0	0	0	5.67328	-0.0103616	0.0149499	0	0	0.0410104	0.025904	0	0	0.0906048	-0.0101015	-3.48687
2011-07-12 00:00:00	0	-1.88493	2.99294	0	-0.256019	-0.00556086	0.0306717	0	0.213834	0	0	0	0	0	-1.08181	-0.0103793	0.0149726	0	0	0.0465378	0.0276884	0	0	0.0919487	-0.0104345	0.169456
2011-07-13 00:00:00	0	-0.431973	3.35096	0	-0.387687	-0.000142754	0.00084032	0	0.0130781	0	0	0	0	0	-1.80353	-0.0103624	0.0149308	0	0	0.0349833	0.0227473	0	0	0.0926434	-0.0100867	0.886402
2011-07-14 00:00:00	0	-0.32973	2.98579	0	-0.367125	0	7.80238E-05	0	0.00132547	0	0	0	0	0	-1.28037	-0.0103475	0.0148993	0	0	0.0273753	0.0193933	0	0	0.0925034	-0.00973276	1.14406
2011-07-15 00:00:00	-1.14364	-0.0519472	3.16326	0	0.00787513	0	9.306E-06	0	0.000452305	0	0	0	0	0	-1.23727	-0.0103356	0.0148767	0	0	0.0231695	0.017578	0	0	0.0923409	-0.00937943	0.866988
2011-07-16 00:00:00	-41.8934	2.80777	3.54228	0	2.29051	-0.0551733	0.307122	0	1.72785	0	0	0	0	0	19.2518	-0.0104274	0.0150731	0	0	0.0540821	0.0298907	0	0	0.091549	-0.0159051	-11.857
2011-07-17 00:00:00	-9.99181	-0.0251844	3.51294	0	-0.311861	-0.0323238	0.158492	0	1.34365	0	0	0	0	0	2.18011	-0.0105308	0.0152521	0	0	0.098242	0.045252	0	0	0.0932167	-0.0248193	-2.94938
2011-07-18 00:00:00	-1.0408	-1.81115	3.27874	0	-0.311054	-0.0144295	0.0608716	0	0.59232	0	0	0	0	0	-1.16003	-0.010541	0.0152609	0	0	0.0918953	0.0424995	0	0	0.0975289	-0.0186416	-0.187534
2011-07-19 00:00:00	-20.9594	1.85999	3.20844	0	0.853236	-0.0618213	0.240346	0	2.21956	0	0	0	0	0	8.2886	-0.010602	0.0153621	0	0	0.108422	0.0479706	0	0	0.0970808	-0.0265471	-4.1194
2011-07-20 00:00:00	-3.86422	-0.0144566	3.03793	0	-0.459476	-0.0243977	0.0860019	0	1.07067	0	0	0	0	0	-0.651648	-0.0106451	0.0154207	0	0	0.13092	0.0539361	0	0	0.100412	-0.0258691	-0.555428
2011-07-21 00:00:00	-1.89292	-1.05555	3.04548	0	-0.110309	-0.0135121	0.0500326	0	0.515044	0	0	0	0	0	-0.727595	-0.0106591	0.0153883	0	0	0.11189	0.0471791	0	0	0.103443	-0.0195944	0.0583172
2011-07-22 00:00:00	-0.386236	-0.989737	2.86066	0	-0.429139	-0.00668528	0.0245865	0	0.21895	0	0	0	0	0	-1.1442	-0.0106502	0.0153678	0	0	0.0953519	0.0415703	0	0	0.104844	-0.0163161	0.378367
2011-07-23 00:00:00	0	-0.428212	3.49874	0	-0.818116	-0.00111939	0.00121726	0	0.0302015	0	0	0	0	0	-1.82404	-0.0106365	0.0153369	0	0	0.0743283	0.0344247	0	0	0.105593	-0.0140142	0.663704
2011-07-24 00:00:00	0	-0.332713	3.54177	0	-0.597141	-0.000966871	0.000402342	0	0.0148076	0	0	0	0	0	-1.62894	-0.0106199	0.0153011	0	0	0.0562366	0.0279356	0	0	0.105624	-0.0131377	1.17855
2011-07-25 00:00:00	0	-0.019552	3.61246	0	-0.155583	-1.20598E-06	1.50079E-06	0	0.00459332	0	0	0	0	0	-2.173	-0.01061	0.0152778	0	0	0.0445978	0.0239142	0	0	0.105685	-0.0114345	1.43635
2011-07-26 00:00:00	0	-0.0115561	2.92241	0	-0.0442344	0	0	0	0.00168941	0	0	0	0	0	-1.47235	-0.0105944	0.0152448	0	0	0.0349903	0.0205126	0	0	0.105397	-0.01058	1.55093
2011-07-27 00:00:00	0	0	3.13512	0	-0.0318905	0	0	0	0.000847385	0	0	0	0	0	-1.51381	-0.0105773	0.0152189	0	0	0.0268716	0.0176159	0	0	0.105008	-0.0101583	1.73425
2011-07-28 00:00:00	-8.04457	2.30488	3.14942	0	0.298083	0	8.24567E-05	0	0.000703205	0	0	0	0	0	1.32613	-0.0105825	0.0152314	0	0	0.0287114	0.0180914	0	0	0.104574	-0.00977605	-0.819024
2011-07-29 00:00:00	0	-2.13853	3.07842	0	-0.0253768	0	0.000309707	0	0.00149258	0	0	0	0	0	-0.345424	-0.010578	0.0152091	0	0	0.0278529	0.0178846	0	0	0.104317	-0.0098625	0.71571
2011-07-30 00:00:00	0	-0.166337	3.6459	0	-0.141231	0	0	0	0.00153434	0	0	0	0	0	-1.72388	-0.0105518	0.0151637	0	0	0.0193384	0.0151469	0	0	0.104033	-0.00981902	1.7493
2011-07-31 00:00:00	0	0	2.8992	0	-0.152801	0	0	0	0.000405651	0	0	0	0	0	-1.1156	-0.0105262	0.0151355	0	0	0.0143943	0.0132624	0	0	0.103523	-0.00942452	1.75757
2011-08-01 00:00:00	-1.44851	0	3.36591	0	0.0105603	0	0	0	0.000179402	0	0	0	0	0	-1.06063	-0.0105118	0.0151171	0	0	0.0117072	0.0121583	0	0	0.102806	-0.00917041	0.989623
2011-08-02 00:00:00	-13.9836	2.96737	3.24863	0	0.583139	-0.000385536	0.00217578	0	0.00137628	0	0	0	0	0	4.04403	-0.0105396	0.015191	0	0	0.0208222	0.0159387	0	0	0.102177	-0.00909908	-3.00274
2011-08-03 00:00:00	0	-2.24518	3.35622	0	-0.159396	-0.00145434	0.00520758	0	0.0125252	0	0	0	0	0	-0.620106	-0.0105391	0.0151877	0	0	0.0250311	0.017783	0	0	0.102533	-0.00967884	0.488133
2011-08-04 00:00:00	-5.86611	1.74316	3.23951	0	0.199985	-0.00191937	0.00986713	0	0.0217823	0	0	0	0	0	0.591636	-0.0105324	0.015177	0	0	0.0240938	0.0175837	0	0	0.10218	-0.0096746	0.0767387
2011-08-05 00:00:00	0	-1.85745	3.0192	0	-0.137752	-0.00172421	0.00827054	0	0.0215265	0	0	0	0	0	-0.596531	-0.0105295	0.0151612	0	0	0.0250767	0.0180487	0	0	0.102093	-0.00982204	0.595566
2011-08-06 00:00:00	-15.7232	2.55535	2.74339	0	1.1971	-0.0104768	0.0479777	0	0.240049	0	0	0	0	0	5.44803	-0.0105544	0.0151972	0	0	0.030931	0.0202204	0	0	0.102004	-0.0112303	-3.35526
2011-08-07 00:00:00	-18.8826	0.0149657	2.95662	0	1.03395	-0.0558467	0.190481	0	1.88085	0	0	0	0	0	8.26885	-0.0106137	0.0153158	0	0	0.0551938	0.0289707	0	0	0.0995071	-0.0298592	-4.43427
2011-08-08 00:00:00	-0.45998	-2.09439	2.90861	0	-0.526911	-0.0194823	0.0628443	0	0.886518	0	0	0	0	0	-1.04129	-0.0106247	0.0153531	0	0	0.0655328	0.0323406	0	0	0.103047	-0.0249257	-0.103354
2011-08-09 00:00:00	0	-0.387939	2.72867	0	-0.768699	-0.00432675	0.0105149	0	0.13199	0	0	0	0	0	-1.48747	-0.0106089	0.0153291	0	0	0.0543016	0.0285637	0	0	0.106902	-0.0155443	0.401683
2011-08-10 00:00:00	-28.1301	2.56476	2.97917	0	1.96119	-0.0883204	0.297802	0	3.38179	0	0	0	0	0	11.9868	-0.0106557	0.0154544	0	0	0.0726508	0.0340379	0	0	0.10237	-0.0353482	-4.86839
2011-08-11 00:00:00	-28.7319	0.0105092	2.94553	0	0.368883	-0.144245	0.496825	0	6.35261	0	0	0	0	0	11.9213	-0.0107623	0.0157426	0	0	0.15041	0.0536847	0	0	0.101851	-0.0530996	-6.52262
2011-08-12 00:00:00	-0.990088	-1.9706	3.12129	0	-0.985025	-0.0404414	0.113839	0	1.90937	0	0	0	0	0	-1.994	-0.0108457	0.0159081	0	0	0.181093	0.0605952	0	0	0.115285	-0.034786	-0.508407
2011-08-13 00:00:00	-3.50058	0.38392	3.16519	0	-0.0938736	-0.024162	0.0705573	0	0.9212	0	0	0	0	0	-1.17288	-0.0108832	0.0159033	0	0	0.152609	0.0524449	0	0	0.120786	-0.0268502	0.0533786
2011-08-14 00:00:00	-0.343872	-0.868896	2.85551	0	-0.494327	-0.0144189	0.0443043	0	0.402744	0	0	0	0	0	-1.42662	-0.0108803	0.0158847	0	0	0.129142	0.0461546	0	0	0.123324	-0.0208178	0.437229
2011-08-15 00:00:00	-0.0992187	-0.31709	2.74837	0	-0.539413	-0.00351116	0.00484523	0	0.0660261	0	0	0	0	0	-1.55981	-0.0108691	0.0158531	0	0	0.102164	0.0387551	0	0	0.124711	-0.0168091	0.553998
2011-08-16 00:00:00	-10.082	2.72167	2.6962	0	1.21902	-0.0195186	0.0505632	0	0.553175	0	0	0	0	0	2.08265	-0.0108723	0.0158568	0	0	0.093696	0.0362368	0	0	0.123641	-0.0218914	-0.541547
2011-08-17 00:00:00	-0.285455	-2.15879	2.63679	0	-0.387892	-0.0117274	0.0369241	0	0.535906	0	0	0	0	0	-0.473342	-0.010882	0.0158459	0	0	0.0862864	0.03423	0	0	0.123347	-0.0243692	0.116873
2011-08-18 00:00:00	-14.1123	2.34659	2.67187	0	0.935623	-0.0740708	0.164214	0	2.23584	0	0	0	0	0	4.41932	-0.0108971	0.0158889	0	0	0.0856638	0.0349614	0	0	0.119846	-0.0366253	-1.20411
2011-08-19 00:00:00	-0.668075	-1.92345	2.78878	0	-0.622809	-0.0231512	0.0561806	0	0.947284	0	0	0	0	0	-0.794297	-0.0108971	0.0159185	0	0	0.0869323	0.0359216	0	0	0.123989	-0.0290576	-0.0167392
2011-08-20 00:00:00	-3.19932	0.418281	2.84862	0	-0.054767	-0.011772	0.0288277	0	0.387879	0	0	0	0	0	-0.440639	-0.0108966	0.0159128	0	0	0.0754061	0.0323828	0	0	0.127745	-0.0220867	0.195571
2011-08-21 00:00:00	-0.2	-0.989125	2.70523	0	-0.572166	-0.00352572	0.00685689	0	0.155175	0	0	0	0	0	-0.923008	-0.0108892	0.0158819	0	0	0.0577209	0.0270556	0	0	0.129217	-0.0181969	0.380225
2011-08-22 00:00:00	-0.2	-0.270613	2.56779	0	-0.852604	-0.00367303	0.00306834	0	0.0425453	0	0	0	0	0	-0.977929	-0.0108874	0.0158701	0	0	0.0478544	0.0248353	0	0	0.129706	-0.0153979	0.500568
2011-08-23 00:00:00	0	-0.320506	2.80017	0	-0.765212	-0.00117067	0.000783818	0	0.0193911	0	0	0	0	0	-1.03251	-0.0108716	0.0158283	0	0	0.0326172	0.0203485	0	0	0.129673	-0.0139442	0.8746
2011-08-24 00:00:00	-2.38262	0.0497513	2.66437	0	0.360649	-0.00184438	0.00140246	0	0.0183796	0	0	0	0	0	-0.31505	-0.0108687	0.0158199	0	0	0.0295868	0.0194219	0	0	0.129053	-0.0131308	0.564921
2011-08-25 00:00:00	-1.81275	0.0787042	2.61617	0	-0.113721	-0.0016786	0.00132692	0	0.021558	0	0	0	0	0	-0.317657	-0.0108585	0.0157974	0	0	0.025105	0.0178204	0	0	0.128456	-0.0132814	0.634994
2011-08-26 00:00:00	-5.11167	1.88021	2.40881	0	0.268621	-0.00191052	0.00465351	0	0.0223375	0	0	0	0	0	0.440296	-0.0108534	0.0157914	0	0	0.0241577	0.0174404	0	0	0.128129	-0.0124842	0.0735288
2011-08-27 00:00:00	-12.2147	1.12877	2.40546	0	1.87232	-0.0177868	0.0759371	0	0.434034	0	0	0	0	0	4.26211	-0.0108731	0.0158505	0	0	0.0369064	0.0223881	0	0	0.127803	-0.0158097	-1.87764
2011-08-28 00:00:00	-10.8185	0.0759053	2.39285	0	0.450545	-0.0473605	0.184483	0	2.10173	0	0	0	0	0	4.018	-0.010903	0.0159216	0	0	0.05593	0.0288585	0	0	0.124195	-0.0332209	-1.46155
2011-08-29 00:00:00	-0.2	-2.03616	2.39776	0	-0.592368	-0.0145399	0.0513269	0	0.835634	0	0	0	0	0	-0.596503	-0.0109056	0.015924	0	0	0.0595685	0.029679	0	0	0.128238	-0.0261248	0.0415333
2011-08-30 00:00:00	0	-0.655403	2.48415	0	-0.643531	-0.00558463	0.0178989	0	0.192147	0	0	0	0	0	-1.1508	-0.0108969	0.0159024	0	0	0.0507935	0.0269045	0	0	0.132046	-0.0176034	0.436017
2011-08-31 00:00:00	-0.0545653	-0.255857	2.3735	0	-0.789476	-0.00150194	0.00165427	0	0.0370663	0	0	0	0	0	-1.09096	-0.0108852	0.0158698	0	0	0.038376	0.0226825	0	0	0.132904	-0.014411	0.404403
2011-09-01 00:00:00	0	-0.276138	2.46911	0	-0.46035	-0.000985113	0.000736235	0	0.0154973	0	0	0	0	0	-1.07282	-0.0108701	0.0158377	0	0	0.0287335	0.0193614	0	0	0.132481	-0.0132872	0.847307
2011-09-02 00:00:00	-2.01605	-0.0315595	2.61414	0	0.0565624	-0.00117262	0.00130586	0	0.0198487	0	0	0	0	0	-0.263989	-0.0108597	0.015808	0	0	0.0248979	0.0179547	0	0	0.131678	-0.0127946	0.545762
2011-09-03 00:00:00	-5.86948	2.63003	2.46317	0	0.271254	-0.002964	0.00708052	0	0.0462279	0	0	0	0	0	0.45762	-0.0108571	0.0157979	0	0	0.0241235	0.0176501	0	0	0.130723	-0.0126283	0.167737
2011-09-04 00:00:00	-1.47916	-0.753464	2.25015	0	0.0101424	-0.0022999	0.00623278	0	0.0549259	0	0	0	0	0	0.01396	-0.0108507	0.0157789	0	0	0.0240533	0.0174981	0	0	0.130425	-0.0126843	0.264713
2011-09-05 00:00:00	-0.254565	-1.70557	2.27135	0	0.00654521	-0.0027327	0.00967211	0	0.0507116	0	0	0	0	0	-0.100869	-0.0108439	0.015759	0	0	0.0231981	0.0170462	0	0	0.129814	-0.0122215	0.437297
2011-09-06 00:00:00	-9.69865	2.99933	2.30659	0	1.01495	-0.00784229	0.0312314	0	0.170694	0	0	0	0	0	2.18264	-0.0108454	0.0157635	0	0	0.0259013	0.0184888	0	0	0.129247	-0.0131427	-0.83565
2011-09-07 00:00:00	-4.90377	0.063989	2.27681	0	0.276743	-0.0149776	0.0556248	0	0.449234	0	0	0	0	0	1.14644	-0.0108585	0.0157993	0	0	0.0361305	0.0224162	0	0	0.128617	-0.0170204	-0.474822
2011-09-08 00:00:00	-3.89878	0.0688044	2.24398	0	0.151215	-0.0156416	0.0647016	0	0.502108	0	0	0	0	0	0.593059	-0.0108618	0.0158171	0	0	0.0419501	0.0246584	0	0	0.12862	-0.0174469	-0.107822
2011-09-09 00:00:00	-3.62704	0.0879618	2.24307	0	0.0668874	-0.0135442	0.0536937	0	0.440275	0	0	0	0	0	0.515849	-0.0108614	0.0158172	0	0	0.0431751	0.0251591	0	0	0.128591	-0.018474	-0.0494344
2011-09-10 00:00:00	-2.71073	-0.306133	2.56198	0	-0.17383	-0.00985111	0.0405457	0	0.347045	0	0	0	0	0	0.148366	-0.0108581	0.0158117	0	0	0.0419175	0.0247004	0	0	0.128693	-0.0180386	0.0796166
2011-09-11 00:00:00	-2.0122	-0.120787	2.09349	0	-0.0232554	-0.00520436	0.0205064	0	0.146976	0	0	0	0	0	-0.173303	-0.0108502	0.0157916	0	0	0.0385553	0.0232944	0	0	0.129366	-0.0153111	0.107068
2011-09-12 00:00:00	-6.73991	0.508587	2.28611	0	0.475155	-0.0244595	0.0751867	0	0.753708	0	0	0	0	0	2.04177	-0.0108565	0.0158017	0	0	0.0398296	0.0236856	0	0	0.127656	-0.0220522	-0.449794
2011-09-13 00:00:00	-7.11037	0.0247129	1.92525	0	0.249534	-0.0363887	0.109517	0	1.49614	0	0	0	0	0	2.43683	-0.0108793	0.0158172	0	0	0.0451313	0.0249466	0	0	0.124989	-0.0328892	-0.737671
2011-09-14 00:00:00	-0.0953666	-1.70002	1.92292	0	-0.500009	-0.0119541	0.034003	0	0.632904	0	0	0	0	0	-0.372361	-0.010892	0.0158038	0	0	0.0443639	0.0241909	0	0	0.129116	-0.0253541	0.0873464
2011-09-15 00:00:00	0	-1.12392	2.29764	0	-0.470715	-0.00580054	0.0162133	0	0.189594	0	0	0	0	0	-0.742715	-0.0108897	0.0157811	0	0	0.0390538	0.022439	0	0	0.132383	-0.0177482	0.341324
2011-09-16 00:00:00	-7.42654	2.64559	2.01147	0	0.51601	-0.0172882	0.0700637	0	0.396517	0	0	0	0	0	1.35425	-0.0108934	0.0158058	0	0	0.0406275	0.0236685	0	0	0.133199	-0.015394	-0.2629
2011-09-17 00:00:00	-10.7587	0.244634	1.89191	0	0.56565	-0.0614183	0.243751	0	2.07517	0	0	0	0	0	4.26994	-0.0109191	0.0159201	0	0	0.0663408	0.0339675	0	0	0.130415	-0.0254694	-1.31879
2011-09-18 00:00:00	-4.98018	0.0216964	1.96	0	-0.0825647	-0.0365177	0.133762	0	1.46896	0	0	0	0	0	1.01682	-0.0109379	0.0160127	0	0	0.0833267	0.0400402	0	0	0.130362	-0.0310775	-0.270295
2011-09-19 00:00:00	-8.25626	0.00159987	1.79903	0	0.185743	-0.0535706	0.195677	0	2.12138	0	0	0	0	0	2.87252	-0.0109623	0.0160861	0	0	0.0888211	0.0416681	0	0	0.130993	-0.0344375	-0.901722
2011-09-20 00:00:00	-0.0854547	-1.70454	1.91577	0	-0.372361	-0.017946	0.0624035	0	0.84681	0	0	0	0	0	-0.681876	-0.0109728	0.0161134	0	0	0.0866795	0.040314	0	0	0.13513	-0.0267612	0.203309
2011-09-21 00:00:00	-11.6545	1.72241	1.83519	0	0.754528	-0.0526963	0.191716	0	2.23222	0	0	0	0	0	3.78299	-0.0109811	0.016145	0	0	0.0845743	0.0390591	0	0	0.133431	-0.034428	-0.96033
2011-09-22 00:00:00	-0.626201	-1.14231	1.83032	0	-0.756139	-0.0200169	0.0650457	0	1.1257	0	0	0	0	0	-0.660184	-0.0109863	0.0161852	0	0	0.0834297	0.0378425	0	0	0.135919	-0.0301634	0.0484448
2011-09-23 00:00:00	0	-1.48092	1.93372	0	-0.193179	-0.00882065	0.0297509	0	0.3633	0	0	0	0	0	-0.609419	-0.0109864	0.0161693	0	0	0.0728277	0.0340223	0	0	0.139293	-0.0212247	0.264529
2011-09-24 00:00:00	-1.75764	0.0828496	1.79181	0	-0.144977	-0.00653022	0.018818	0	0.228412	0	0	0	0	0	-0.268562	-0.0109822	0.0161477	0	0	0.062332	0.0304428	0	0	0.140137	-0.0183238	0.163943
2011-09-25 00:00:00	-10.3482	2.52836	1.80156	0	0.860057	-0.0315322	0.135772	0	1.36622	0	0	0	0	0	2.83198	-0.010987	0.0161534	0	0	0.058594	0.029114	0	0	0.136194	-0.0312288	-0.657968
2011-09-26 00:00:00	-0.0446534	-1.52737	1.68628	0	-0.616488	-0.0141429	0.05064	0	0.837292	0	0	0	0	0	-0.420907	-0.0110181	0.016172	0	0	0.0573869	0.0285673	0	0	0.137041	-0.0295367	0.149261
2011-09-27 00:00:00	0	-1.27021	1.824	0	-0.297634	-0.00572215	0.0203653	0	0.224703	0	0	0	0	0	-0.508408	-0.0110143	0.0161569	0	0	0.0513799	0.0264561	0	0	0.140446	-0.0202001	0.190317
2011-09-28 00:00:00	0	-0.275812	2.18497	0	-0.887523	-0.0020309	0.00282965	0	0.0559265	0	0	0	0	0	-0.870154	-0.0110111	0.0161311	0	0	0.0411436	0.0233032	0	0	0.141402	-0.0159569	0.403219
2011-09-29 00:00:00	0	-0.220166	2.03188	0	-0.603484	-0.00125495	0.00106933	0	0.020911	0	0	0	0	0	-0.737974	-0.0110025	0.016104	0	0	0.0319179	0.0203388	0	0	0.141035	-0.014074	0.675297
2011-09-30 00:00:00	-0.0545653	-0.211638	1.99931	0	-0.40313	-0.00104441	0.000709429	0	0.0166543	0	0	0	0	0	-0.790009	-0.010993	0.0160813	0	0	0.0250383	0.0180846	0	0	0.140197	-0.0134374	0.731258
2011-10-01 00:00:00	-5.14905	2.74575	1.8822	0	0.287412	-0.00139113	0.00240898	0	0.0164508	0	0	0	0	0	0.334151	-0.0109848	0.0160588	0	0	0.0224559	0.0171048	0	0	0.139378	-0.0128007	0.289142
2011-10-02 00:00:00	-19.5087	0.772556	1.65183	0	3.06629	-0.0689088	0.27504	0	2.35309	0	0	0	0	0	8.22496	-0.0110303	0.0161946	0	0	0.0501106	0.0272082	0	0	0.135837	-0.0271373	-3.04271
2011-10-03 00:00:00	-0.34002	-1.17089	1.5877	0	-0.928681	-0.0253402	0.0897555	0	1.4475	0	0	0	0	0	-0.824267	-0.0110557	0.0162602	0	0	0.0735067	0.034742	0	0	0.136799	-0.031195	0.0548082
2011-10-04 00:00:00	-0.310929	-1.01631	1.39945	0	-0.153074	-0.0112599	0.0441136	0	0.44198	0	0	0	0	0	-0.406318	-0.0110487	0.0162377	0	0	0.064467	0.0312515	0	0	0.141089	-0.0210086	0.208641
2011-10-05 00:00:00	-4.402	1.75138	1.51957	0	0.20029	-0.0144211	0.0479452	0	0.463783	0	0	0	0	0	0.302769	-0.0110463	0.0162194	0	0	0.057165	0.0285015	0	0	0.140931	-0.0219686	0.0791159
2011-10-06 00:00:00	-12.2606	0.41479	1.23622	0	0.672021	-0.0618	0.220193	0	3.10913	0	0	0	0	0	4.98448	-0.0110791	0.0162643	0	0	0.0645955	0.0302161	0	0	0.134118	-0.0413483	-1.49281
2011-10-07 00:00:00	-0.145435	-1.06893	1.29065	0	-0.68887	-0.0217739	0.0720855	0	1.32192	0	0	0	0	0	-0.659974	-0.0111031	0.0163077	0	0	0.0695847	0.0309457	0	0	0.138961	-0.0315029	0.312865
2011-10-08 00:00:00	-7.62006	1.07733	1.33908	0	0.469588	-0.0404806	0.146641	0	1.7354	0	0	0	0	0	2.14255	-0.0111179	0.0163264	0	0	0.0685	0.0307475	0	0	0.139649	-0.0327253	-0.53857
2011-10-09 00:00:00	-3.95646	-0.0119029	1.50403	0	-0.189187	-0.0308501	0.105465	0	1.52719	0	0	0	0	0	0.689721	-0.0111239	0.0163405	0	0	0.0708552	0.0312935	0	0	0.139949	-0.0344823	-0.149173
2011-10-10 00:00:00	-6.49628	-0.000347996	1.0729	0	0.221379	-0.0452404	0.166967	0	2.01193	0	0	0	0	0	2.1689	-0.0111328	0.0163631	0	0	0.0745873	0.0325259	0	0	0.140063	-0.036733	-0.684132
2011-10-11 00:00:00	-0.974525	-0.301948	1.28635	0	-0.458137	-0.0199025	0.0677973	0	0.987308	0	0	0	0	0	-0.537086	-0.0111394	0.0163599	0	0	0.0725048	0.0317908	0	0	0.143539	-0.0294235	0.273491
2011-10-12 00:00:00	-7.18535	0.323769	1.13837	0	0.587959	-0.0457875	0.173449	0	1.81852	0	0	0	0	0	2.39461	-0.0111633	0.0163956	0	0	0.0747935	0.0327975	0	0	0.14298	-0.0329374	-0.571596
2011-10-13 00:00:00	-0.230889	-0.924285	1.21399	0	-0.486909	-0.015673	0.0545616	0	0.840969	0	0	0	0	0	-0.559486	-0.0111644	0.0163973	0	0	0.0734074	0.0323431	0	0	0.145297	-0.0279855	0.120569
2011-10-14 00:00:00	-0.998201	-0.316269	1.34718	0	-0.152407	-0.00748677	0.0271584	0	0.329177	0	0	0	0	0	-0.341503	-0.0111544	0.0163759	0	0	0.062688	0.0287508	0	0	0.148324	-0.0208271	0.111809
2011-10-15 00:00:00	0	-1.18697	1.28347	0	-0.272926	-0.00916904	0.0353807	0	0.312806	0	0	0	0	0	-0.176739	-0.0111532	0.0163707	0	0	0.0582195	0.0273601	0	0	0.148638	-0.0193792	0.205913
2011-10-16 00:00:00	-0.8	-0.248423	1.1665	0	-0.126139	-0.00535121	0.0203609	0	0.164353	0	0	0	0	0	-0.152469	-0.0111477	0.0163526	0	0	0.0515406	0.0251978	0	0	0.14902	-0.0170682	0.232724
2011-10-17 00:00:00	-28.4241	2.68401	0.994771	0	2.45026	-0.157324	0.57678	0	7.10386	0	0	0	0	0	11.6444	-0.0112189	0.0164735	0	0	0.0813484	0.0340289	0	0	0.135898	-0.0526799	-2.92347
2011-10-18 00:00:00	-3.69107	-0.0332704	0.954713	0	-1.44224	-0.0556039	0.182047	0	3.23931	0	0	0	0	0	-0.122077	-0.0113194	0.016588	0	0	0.116586	0.0427989	0	0	0.142929	-0.0454023	-0.706008
2011-10-19 00:00:00	0	-0.767964	0.821843	0	-0.181241	-0.0289884	0.092659	0	1.32833	0	0	0	0	0	-0.9895	-0.0113564	0.0165861	0	0	0.104055	0.0390257	0	0	0.149611	-0.0330424	0.540019
2011-10-20 00:00:00	-3.28545	0.802691	0.821098	0	0.166968	-0.0247467	0.0844746	0	0.964806	0	0	0	0	0	0.199318	-0.0113652	0.0165832	0	0	0.090512	0.0352249	0	0	0.151761	-0.0288782	-0.0170081
2011-10-21 00:00:00	-2.85457	-0.0203832	1.06548	0	-0.0215551	-0.0239692	0.0836942	0	1.07595	0	0	0	0	0	0.301982	-0.0113689	0.016598	0	0	0.0862462	0.0341975	0	0	0.151075	-0.0307236	-0.147341
2011-10-22 00:00:00	-0.2	-0.737339	0.974602	0	-0.466606	-0.0133363	0.0470591	0	0.650677	0	0	0	0	0	-0.398421	-0.0113709	0.0165885	0	0	0.0780273	0.0318171	0	0	0.153168	-0.0256196	0.0992469
2011-10-23 00:00:00	-1.4018	0.28174	1.06673	0	-0.156053	-0.00918965	0.0327787	0	0.347226	0	0	0	0	0	-0.191236	-0.0113689	0.0165719	0	0	0.0685042	0.0289917	0	0	0.154831	-0.021308	0.206419
2011-10-24 00:00:00	-0.654565	-0.382878	1.0578	0	-0.0791998	-0.00688445	0.0246303	0	0.213533	0	0	0	0	0	-0.167753	-0.0113636	0.0165523	0	0	0.0598967	0.0264632	0	0	0.155326	-0.0191508	0.232405
2011-10-25 00:00:00	-3.87984	0.784526	0.963047	0	0.330707	-0.0173187	0.0700695	0	0.532766	0	0	0	0	0	0.90157	-0.0113658	0.0165573	0	0	0.0571653	0.0262946	0	0	0.154277	-0.0220788	-0.0936235
2011-10-26 00:00:00	-2.00903	-0.0250884	0.818253	0	-0.0894803	-0.0146007	0.0610085	0	0.583496	0	0	0	0	0	0.382815	-0.0113712	0.0165678	0	0	0.0585381	0.0271562	0	0	0.153685	-0.0235116	-0.0715638
2011-10-27 00:00:00	-0.550849	-0.324698	0.853089	0	-0.346012	-0.00502873	0.0207453	0	0.286185	0	0	0	0	0	0.0229464	-0.0113622	0.0165428	0	0	0.0520323	0.0251829	0	0	0.155106	-0.0198111	0.174069
2011-10-28 00:00:00	-0.0545653	-0.694905	0.806827	0	-0.0541782	-0.00858851	0.0345946	0	0.220604	0	0	0	0	0	-0.178232	-0.0113623	0.0165392	0	0	0.0494328	0.0244363	0	0	0.155245	-0.0174652	0.288382
2011-10-29 00:00:00	-0.256364	-0.625185	0.921564	0	-0.125682	-0.00373319	0.0154225	0	0.119844	0	0	0	0	0	-0.0336516	-0.0113554	0.0165206	0	0	0.0440029	0.0227415	0	0	0.155108	-0.0160822	0.223149
2011-10-30 00:00:00	-0.738203	-0.175417	0.921294	0	-0.0851435	-0.00377314	0.0152509	0	0.103708	0	0	0	0	0	0.0225326	-0.0113487	0.0165015	0	0	0.0395961	0.0213794	0	0	0.154629	-0.0153164	0.265691
2011-10-31 00:00:00	-4.59077	1.74905	0.943735	0	0.421643	-0.0126685	0.0506079	0	0.299388	0	0	0	0	0	0.897337	-0.0113472	0.0164938	0	0	0.0371908	0.0208536	0	0	0.153176	-0.0194648	-0.0447706
2011-11-01 00:00:00	-1.80362	-0.0233536	0.747609	0	-0.0753669	-0.011954	0.049563	0	0.439311	0	0	0	0	0	0.451801	-0.0113524	0.0165002	0	0	0.039621	0.0220939	0	0	0.152258	-0.0224029	-0.0292886
2011-11-02 00:00:00	-0.14002	-0.607481	0.78388	0	-0.154358	-0.00592788	0.0244014	0	0.234661	0	0	0	0	0	-0.0965817	-0.0113498	0.0164853	0	0	0.0380192	0.0215287	0	0	0.153441	-0.0185455	0.238152
2011-11-03 00:00:00	-1.99257	0.423426	0.872157	0	-0.0130025	-0.00538723	0.0229385	0	0.165551	0	0	0	0	0	0.432526	-0.0113447	0.0164652	0	0	0.0355139	0.0208779	0	0	0.153869	-0.0168416	0.104179
2011-11-04 00:00:00	-2.03992	0.15603	0.730582	0	0.175266	-0.0145792	0.0625513	0	0.380756	0	0	0	0	0	0.419678	-0.0113481	0.0164704	0	0	0.0367491	0.0214466	0	0	0.152298	-0.0199977	0.065984
2011-11-05 00:00:00	-0.254565	-0.247196	0.510413	0	-0.191016	-0.00582666	0.0240897	0	0.224748	0	0	0	0	0	-0.0313961	-0.0113457	0.0164581	0	0	0.0360242	0.0211938	0	0	0.152419	-0.0184339	0.225567
2011-11-06 00:00:00	-0.174525	-0.32997	0.536169	0	-0.113736	-0.00430387	0.017761	0	0.124837	0	0	0	0	0	0.0491722	-0.0113423	0.0164318	0	0	0.0329526	0.0200927	0	0	0.152576	-0.0157355	0.30038
2011-11-07 00:00:00	-0.14002	-0.461656	0.637144	0	-0.0870111	-0.00349619	0.0146618	0	0.0959848	0	0	0	0	0	0.0402806	-0.0113376	0.0164074	0	0	0.0305561	0.0192516	0	0	0.151955	-0.0148302	0.287891
2011-11-08 00:00:00	-0.525375	-0.0862346	0.625389	0	-0.0773825	-0.00360034	0.014971	0	0.0928302	0	0	0	0	0	0.0779268	-0.0113305	0.0163881	0	0	0.0286194	0.0185456	0	0	0.151254	-0.0144322	0.307569
2011-11-09 00:00:00	-0.576324	-0.0724591	0.653576	0	-0.0561834	-0.00324265	0.0131098	0	0.092728	0	0	0	0	0	0.0644094	-0.0113258	0.0163713	0	0	0.0273157	0.0180647	0	0	0.150377	-0.0142802	0.302137
2011-11-10 00:00:00	-2.93459	1.05017	0.69049	0	0.322298	-0.00699939	0.0290293	0	0.143442	0	0	0	0	0	0.572991	-0.011322	0.016353	0	0	0.0260738	0.0178118	0	0	0.149457	-0.0160196	0.0491871
2011-11-11 00:00:00	-4.11273	0.0442526	0.540244	0	0.462139	-0.0217523	0.0937594	0	0.745974	0	0	0	0	0	1.57597	-0.0113308	0.0163663	0	0	0.029697	0.0191245	0	0	0.146113	-0.0271425	-0.49931
2011-11-12 00:00:00	-1.09087	-0.0268714	0.570891	0	-0.298198	-0.0119936	0.0469157	0	0.551361	0	0	0	0	0	0.165093	-0.0113336	0.0163638	0	0	0.032597	0.0200095	0	0	0.147508	-0.0249202	0.0865524
2011-11-13 00:00:00	-0.145435	-0.395584	0.56176	0	-0.0959562	-0.00503735	0.019819	0	0.191632	0	0	0	0	0	-0.155398	-0.0113267	0.0163439	0	0	0.0307765	0.0193366	0	0	0.149703	-0.0188111	0.161824
2011-11-14 00:00:00	-0.14002	-0.342528	0.508439	0	-0.114136	-0.00541811	0.0208432	0	0.16233	0	0	0	0	0	0.0415644	-0.0113214	0.0163294	0	0	0.029155	0.0187473	0	0	0.149994	-0.0168214	0.317158
2011-11-15 00:00:00	-0.05998	-0.444397	0.544579	0	-0.101564	-0.00399738	0.0161349	0	0.116533	0	0	0	0	0	0.0432766	-0.0113147	0.016309	0	0	0.0274134	0.0180916	0	0	0.149795	-0.015628	0.295251
2011-11-16 00:00:00	0	-0.435199	0.472186	0	-0.0912828	-0.00343355	0.0135677	0	0.0971275	0	0	0	0	0	0.0445901	-0.0113085	0.0162913	0	0	0.0261024	0.0175966	0	0	0.149276	-0.0148443	0.28067
2011-11-17 00:00:00	-0.561488	0.031396	0.536043	0	-0.0671015	-0.00366481	0.014453	0	0.0980401	0	0	0	0	0	0.0759329	-0.0113022	0.0162723	0	0	0.0249928	0.0171691	0	0	0.148516	-0.0144433	0.304815
2011-11-18 00:00:00	-0.730599	0.298619	0.42789	0	-0.0220123	-0.0029062	0.0114844	0	0.0685213	0	0	0	0	0	0.08503	-0.0112946	0.0162492	0	0	0.0239281	0.0167494	0	0	0.147936	-0.0139001	0.315696
2011-11-19 00:00:00	-0.860679	0.0935803	0.509749	0	-0.0166191	-0.00276976	0.0131758	0	0.0888618	0	0	0	0	0	0.214452	-0.0112884	0.0162302	0	0	0.0231746	0.0164496	0	0	0.147173	-0.0140018	0.217488
2011-11-20 00:00:00	-3.40027	-0.312812	0.529244	0	0.399141	-0.00319342	0.162725	0	0.898698	0	0	0	0	0	1.42134	-0.011283	0.0162104	0	0	0.0225289	0.0162025	0	0	0.142839	-0.0255964	-0.144231
2011-11-21 00:00:00	-0.382384	-0.153912	0.515353	0	-0.265909	-0.00215354	0.0330797	0	0.359851	0	0	0	0	0	-0.0783965	-0.0112761	0.0161905	0	0	0.0216527	0.015932	0	0	0.144678	-0.0216156	0.19109
2011-11-22 00:00:00	-3.51091	1.5096	0.43935	0	0.272561	-0.00941742	0.0411291	0	0.270418	0	0	0	0	0	0.757015	-0.0112673	0.016183	0	0	0.0223109	0.0162587	0	0	0.145915	-0.0184708	-0.0593236
2011-11-23 00:00:00	-3.5815	-0.00741424	0.497552	0	0.300169	-0.0197793	0.102907	0	0.757718	0	0	0	0	0	1.34183	-0.011276	0.0162087	0	0	0.029433	0.0188981	0	0	0.144216	-0.0246476	-0.435683
2011-11-24 00:00:00	-9.41474	-0.0222076	0.50032	0	0.711095	-0.0501474	0.268783	0	2.56851	0	0	0	0	0	3.77287	-0.0113057	0.0162587	0	0	0.0419064	0.0227533	0	0	0.139491	-0.0402416	-1.49666
2011-11-25 00:00:00	-9.57341	-0.0163949	0.390118	0	0.252204	-0.0716163	0.296142	0	3.69346	0	0	0	0	0	3.52716	-0.0113592	0.0163157	0	0	0.0572657	0.0266691	0	0	0.138899	-0.0479032	-1.32245
2011-11-26 00:00:00	-5.05451	-0.0187019	0.466711	0	-0.190629	-0.0523093	0.213885	0	2.8074	0	0	0	0	0	1.21164	-0.0113927	0.0163401	0	0	0.065394	0.0284975	0	0	0.143883	-0.043934	-0.417723
2011-11-27 00:00:00	-8.27312	-0.0150029	0.411221	0	0.309309	-0.0757412	0.233459	0	3.47831	0	0	0	0	0	2.82864	-0.0114081	0.0163847	0	0	0.0751652	0.0308215	0	0	0.145875	-0.0440171	-0.890105
2011-11-28 00:00:00	-2.92139	-0.0174537	0.406389	0	-0.264335	-0.0387413	0.163059	0	2.14591	0	0	0	0	0	0.204877	-0.0114278	0.0164017	0	0	0.0798562	0.0317043	0	0	0.149812	-0.0390361	-0.0943758
2011-11-29 00:00:00	-15.2883	-0.0167287	0.398504	0	0.824146	-0.149109	0.358823	0	5.93375	0	0	0	0	0	6.00085	-0.011487	0.0165028	0	0	0.10261	0.0375683	0	0	0.14573	-0.0512758	-1.69837
2011-11-30 00:00:00	-6.35558	-0.0164139	0.381898	0	-0.192897	-0.0846691	0.274955	0	3.97645	0	0	0	0	0	1.3236	-0.0115761	0.0165991	0	0	0.126333	0.0434339	0	0	0.150738	-0.0476868	-0.414816
2011-12-01 00:00:00	-9.22587	-0.0749804	0.308887	0	-0.0530981	-0.116018	0.296779	0	4.67313	0	0	0	0	0	2.89009	-0.0116507	0.0166839	0	0	0.140378	0.0472	0	0	0.153506	-0.047805	-1.00277
2011-12-02 00:00:00	-1.38296	-0.0325635	0.309934	0	-0.334812	-0.045737	0.111846	0	1.98817	0	0	0	0	0	-0.735801	-0.0116892	0.0167298	0	0	0.139246	0.0466564	0	0	0.160784	-0.0364509	0.193355
2011-12-03 00:00:00	-4.12459	-0.0420946	0.338716	0	-0.0782772	-0.0663864	0.137314	0	2.42496	0	0	0	0	0	0.79044	-0.0117258	0.0167398	0	0	0.127799	0.0433165	0	0	0.160977	-0.0392019	-0.322016
2011-12-04 00:00:00	-1.8662	0.00778686	0.27384	0	-0.311496	-0.0406589	0.0874037	0	1.56685	0	0	0	0	0	-0.0834462	-0.0117542	0.0167541	0	0	0.116833	0.040222	0	0	0.164004	-0.0345422	-0.0744077
2011-12-05 00:00:00	-23.5781	0.0500018	0.25665	0	1.57709	-0.202622	0.819101	0	9.13536	0	0	0	0	0	9.22761	-0.0118438	0.0169224	0	0	0.159615	0.052428	0	0	0.153195	-0.062731	-2.40731
2011-12-06 00:00:00	-4.47053	-0.0175097	0.273702	0	-0.805305	-0.098041	0.304542	0	4.55487	0	0	0	0	0	-0.0394446	-0.0119123	0.0170519	0	0	0.19704	0.062054	0	0	0.162971	-0.0529656	0.0765262
2011-12-07 00:00:00	-5.45322	-0.0686318	0.27851	0	-0.0373112	-0.0800663	0.233677	0	3.32211	0	0	0	0	0	1.0154	-0.0119419	0.0171269	0	0	0.189031	0.0599457	0	0	0.170861	-0.0419488	-0.406457
2011-12-08 00:00:00	-14.2293	0.0299886	0.310828	0	0.523456	-0.156951	0.522296	0	6.66779	0	0	0	0	0	4.59398	-0.0119862	0.017264	0	0	0.212269	0.0663538	0	0	0.166292	-0.0561395	-1.34385
2011-12-09 00:00:00	-2	-0.0202603	0.263831	0	-0.804639	-0.0609469	0.201039	0	2.93574	0	0	0	0	0	-0.807437	-0.0120076	0.0173524	0	0	0.21148	0.0663894	0	0	0.174797	-0.0442583	0.121077
2011-12-10 00:00:00	-4.14073	-0.0246903	0.259761	0	0.102595	-0.0724058	0.201708	0	2.67832	0	0	0	0	0	0.504376	-0.0120263	0.0173932	0	0	0.195431	0.0622684	0	0	0.177811	-0.0403102	-0.0904925
2011-12-11 00:00:00	-2.14231	-0.00759294	0.30442	0	-0.226547	-0.0468528	0.139897	0	1.9022	0	0	0	0	0	-0.165929	-0.012039	0.0174174	0	0	0.175876	0.0568262	0	0	0.180073	-0.0367432	0.138701
2011-12-12 00:00:00	-2.72166	-0.020458	0.28811	0	-0.04756	-0.0426027	0.134033	0	1.51959	0	0	0	0	0	0.293529	-0.0120495	0.0174481	0	0	0.164209	0.0542286	0	0	0.181974	-0.0326882	-0.223892
2011-12-13 00:00:00	-5.45803	-0.0187207	0.281395	0	0.267475	-0.0644923	0.216669	0	2.51377	0	0	0	0	0	1.49513	-0.0120626	0.0174917	0	0	0.160625	0.0536896	0	0	0.18009	-0.0382232	-0.405197
2011-12-14 00:00:00	-6.05493	-0.0131905	0.278612	0	0.474156	-0.0769714	0.233228	0	3.13415	0	0	0	0	0	1.55801	-0.0120863	0.0175622	0	0	0.157968	0.0526417	0	0	0.177909	-0.0441082	-0.117041
2011-12-15 00:00:00	-0.300781	-0.0262249	0.22562	0	-0.978318	-0.0290017	0.0900525	0	1.50131	0	0	0	0	0	-0.718011	-0.0120928	0.0175804	0	0	0.142417	0.0483089	0	0	0.182726	-0.0350516	0.108537
2011-12-16 00:00:00	-0.485795	-0.0110834	0.210846	0	-0.0602587	-0.0166492	0.0564002	0	0.594212	0	0	0	0	0	-0.380359	-0.0120943	0.0175836	0	0	0.124143	0.0435603	0	0	0.186761	-0.0261388	0.241127
2011-12-17 00:00:00	-0.584028	-0.016546	0.205302	0	-0.188889	-0.0166191	0.0524937	0	0.544959	0	0	0	0	0	-0.142843	-0.0120935	0.017585	0	0	0.107836	0.0393232	0	0	0.187062	-0.0252688	0.168273
2011-12-18 00:00:00	-0.167057	-0.134501	0.222322	0	-0.186566	-0.00794687	0.0283159	0	0.321395	0	0	0	0	0	-0.218326	-0.0120947	0.0175724	0	0	0.0927253	0.0353353	0	0	0.187587	-0.0228625	0.155899
2011-12-19 00:00:00	-19.7719	0.100491	0.265472	0	2.56349	-0.167485	0.618593	0	6.7933	0	0	0	0	0	7.66279	-0.0121313	0.0177214	0	0	0.126759	0.0451413	0	0	0.174182	-0.0535543	-1.63716
2011-12-20 00:00:00	-2.15745	-0.0216789	0.259793	0	-1.58464	-0.0600959	0.2442	0	3.42556	0	0	0	0	0	-0.617758	-0.0121574	0.0178129	0	0	0.149707	0.0513523	0	0	0.181304	-0.0451044	-0.169159
2011-12-21 00:00:00	-6.48976	-0.0248589	0.305933	0	0.200218	-0.0700025	0.254614	0	3.1762	0	0	0	0	0	1.66951	-0.0121579	0.0178666	0	0	0.14463	0.0496067	0	0	0.183574	-0.0438412	-0.638476
2011-12-22 00:00:00	-3.00137	-0.00904651	0.299547	0	-0.139394	-0.0528828	0.18044	0	2.46102	0	0	0	0	0	0.15583	-0.012167	0.0179109	0	0	0.139738	0.0477646	0	0	0.186644	-0.040434	0.233598
2011-12-23 00:00:00	-5.52409	-0.017013	0.27817	0	0.138825	-0.0690048	0.22545	0	3.00305	0	0	0	0	0	1.32878	-0.0121841	0.0179438	0	0	0.134769	0.0460688	0	0	0.186478	-0.0435761	-0.306338
2011-12-24 00:00:00	-2.35314	-0.0165795	0.29232	0	-0.323354	-0.0444162	0.146209	0	1.98353	0	0	0	0	0	0.050868	-0.0121893	0.0179743	0	0	0.128183	0.0442822	0	0	0.189971	-0.0387052	0.0649578
2011-12-25 00:00:00	-1.18467	-0.0115256	0.370923	0	-0.149605	-0.0261817	0.0880502	0	1.0949	0	0	0	0	0	-0.292037	-0.0121931	0.0179834	0	0	0.115391	0.0409946	0	0	0.193588	-0.0320551	0.21356
2011-12-26 00:00:00	-2.91093	-0.0162287	0.377182	0	0.176806	-0.0333555	0.125696	0	1.33498	0	0	0	0	0	0.547608	-0.0122033	0.0180004	0	0	0.105995	0.0386427	0	0	0.193591	-0.0332278	-0.0874486
2011-12-27 00:00:00	-0.450068	-0.0461397	0.316583	0	-0.448531	-0.0148725	0.0511617	0	0.704957	0	0	0	0	0	-0.371855	-0.0122053	0.0180213	0	0	0.0955894	0.0360369	0	0	0.195394	-0.0282521	0.0458196
2011-12-28 00:00:00	-8.94018	0.0141065	0.306318	0	1.25845	-0.0751203	0.292044	0	3.38311	0	0	0	0	0	3.01827	-0.012217	0.018078	0	0	0.0999859	0.036998	0	0	0.188749	-0.0430883	-0.454504
2011-12-29 00:00:00	-4.96062	-0.0165276	0.266067	0	-0.363409	-0.0678429	0.219762	0	3.3649	0	0	0	0	0	1.07018	-0.0122282	0.0181503	0	0	0.108771	0.0384766	0	0	0.188596	-0.044862	-0.190573
2011-12-30 00:00:00	-7.65263	-0.0198064	0.259729	0	0.205522	-0.0899339	0.31201	0	3.83248	0	0	0	0	0	2.20811	-0.012264	0.018246	0	0	0.120405	0.0419872	0	0	0.188825	-0.0469613	-0.634281
2011-12-31 00:00:00	-3.6324	-0.0147255	0.354189	0	-0.284665	-0.0590721	0.218563	0	2.89675	0	0	0	0	0	0.305435	-0.0122858	0.018294	0	0	0.12197	0.0428688	0	0	0.191103	-0.0452563	0.100771
2012-01-01 00:00:00	-4.11386	-0.02197	0.310951	0	-0.15738	-0.0518402	0.187763	0	2.43972	0	0	0	0	0	0.722515	-0.012307	0.0183174	0	0	0.116526	0.04146	0	0	0.194165	-0.0415239	-0.367469
2012-01-02 00:00:00	-0.444653	-0.0151246	0.258809	0	-0.548522	-0.0243626	0.0816669	0	1.18098	0	0	0	0	0	-0.579067	-0.0123111	0.0183222	0	0	0.106724	0.0388423	0	0	0.198449	-0.0330552	0.226702
2012-01-03 00:00:00	-10.6174	-0.0106133	0.27772	0	1.30764	-0.103233	0.37106	0	4.50617	0	0	0	0	0	3.42971	-0.0123408	0.0183728	0	0	0.11475	0.0408886	0	0	0.191843	-0.0473739	-0.532797
2012-01-04 00:00:00	-23.8566	-0.0203683	0.298278	0	0.635269	-0.253108	0.912919	0	12.0033	0	0	0	0	0	7.7542	-0.0124311	0.0185828	0	0	0.18941	0.0607352	0	0	0.180594	-0.0709903	-2.1603
2012-01-05 00:00:00	-4.77234	-0.013276	0.28279	0	-0.801725	-0.113471	0.376821	0	5.48603	0	0	0	0	0	-0.410743	-0.0125023	0.0187261	0	0	0.237522	0.0737393	0	0	0.19389	-0.0535653	0.491896
2012-01-06 00:00:00	-0.941664	-0.0184978	0.287789	0	-0.771602	-0.0488302	0.144586	0	2.16303	0	0	0	0	0	-1.1126	-0.0125782	0.0187659	0	0	0.207799	0.0657447	0	0	0.202823	-0.0400079	0.144759
2012-01-07 00:00:00	-0.34002	-0.0409112	0.303017	0	-0.18783	-0.0266354	0.0805967	0	1.02776	0	0	0	0	0	-0.946953	-0.012586	0.0187668	0	0	0.180304	0.0584831	0	0	0.206435	-0.0326247	0.287804
2012-01-08 00:00:00	-0.4	-0.000123024	0.353905	0	-0.240876	-0.01815	0.059821	0	0.725783	0	0	0	0	0	-0.600803	-0.0125903	0.0187575	0	0	0.152057	0.0509815	0	0	0.207844	-0.0286045	0.268003
2012-01-09 00:00:00	-1.34372	-0.0325348	0.342737	0	-0.00155742	-0.023032	0.0659484	0	0.746508	0	0	0	0	0	-0.0229955	-0.012593	0.0187584	0	0	0.13295	0.0459858	0	0	0.207519	-0.0281153	0.0958614
2012-01-10 00:00:00	-4.36706	0.00860638	0.352865	0	0.48559	-0.0440326	0.166251	0	1.67174	0	0	0	0	0	1.11542	-0.0126013	0.0187869	0	0	0.126206	0.0444625	0	0	0.204613	-0.0347781	-0.263926
2012-01-11 00:00:00	-1.05251	-0.0174627	0.37336	0	-0.317411	-0.0195226	0.0764155	0	0.946146	0	0	0	0	0	-0.213397	-0.0126064	0.0188016	0	0	0.115959	0.0418896	0	0	0.20627	-0.0312931	0.114637
2012-01-12 00:00:00	-5.96051	-0.014785	0.336713	0	0.691821	-0.0583247	0.236889	0	2.36127	0	0	0	0	0	1.76752	-0.0126391	0.0188461	0	0	0.114827	0.0420269	0	0	0.202776	-0.039386	-0.312952
2012-01-13 00:00:00	-2.32167	-0.046125	0.243569	0	-0.554219	-0.020432	0.211314	0	2.01928	0	0	0	0	0	0.165496	-0.0126488	0.0188561	0	0	0.108265	0.0404824	0	0	0.202227	-0.0399988	0.0144031
2012-01-14 00:00:00	-3.30487	0.0139768	0.256186	0	0.229771	-0.0356189	0.168426	0	1.72669	0	0	0	0	0	0.661535	-0.0126534	0.0188704	0	0	0.100928	0.0386307	0	0	0.204354	-0.0372893	0.028934
2012-01-15 00:00:00	-5.42139	-0.018387	0.214044	0	0.271072	-0.058665	0.245626	0	2.61719	0	0	0	0	0	1.43912	-0.0126645	0.018916	0	0	0.104597	0.0400729	0	0	0.202438	-0.0422917	-0.400314
2012-01-16 00:00:00	-0.608013	-0.0269969	0.213087	0	-0.41953	-0.018332	0.0979358	0	1.12673	0	0	0	0	0	-0.337755	-0.0126641	0.0189361	0	0	0.0955038	0.0376908	0	0	0.207085	-0.033568	0.340106
2012-01-17 00:00:00	-3.1068	-0.112084	0.328303	0	-0.202063	-0.0118351	0.240148	0	1.90431	0	0	0	0	0	0.498343	-0.0126663	0.0189374	0	0	0.0863254	0.0352502	0	0	0.20415	-0.0378823	-0.167573
2012-01-18 00:00:00	-3.15457	0.0926532	0.392555	0	0.197839	-0.0239001	0.185455	0	1.75443	0	0	0	0	0	0.494367	-0.0126711	0.0189441	0	0	0.0789398	0.0331842	0	0	0.205169	-0.0375964	0.224806
2012-01-19 00:00:00	-6.26092	-0.021059	0.339425	0	0.522549	-0.0505137	0.252421	0	2.90789	0	0	0	0	0	1.59934	-0.012693	0.0189644	0	0	0.0795967	0.0327673	0	0	0.202911	-0.0445115	-0.433831
2012-01-20 00:00:00	-3.21883	-0.0115489	0.346814	0	-0.162096	-0.0459788	0.153976	0	2.29531	0	0	0	0	0	0.422233	-0.0127075	0.0189886	0	0	0.0832362	0.0331175	0	0	0.206102	-0.0400989	0.0685122
2012-01-21 00:00:00	-3.14389	-0.0183349	0.397087	0	-0.144611	-0.032348	0.165986	0	1.94836	0	0	0	0	0	0.433882	-0.0127114	0.0190011	0	0	0.0804023	0.032147	0	0	0.207555	-0.0387585	-0.106236
2012-01-22 00:00:00	-5.5625	-0.00491641	0.391899	0	0.443793	-0.0658866	0.20739	0	2.95025	0	0	0	0	0	1.32424	-0.0127378	0.0190511	0	0	0.0824626	0.0322955	0	0	0.20514	-0.0437882	-0.0333034
2012-01-23 00:00:00	-0.604161	-0.158165	0.345528	0	-0.731108	-0.019907	0.088218	0	1.28874	0	0	0	0	0	-0.513205	-0.012756	0.0190551	0	0	0.0783251	0.0311134	0	0	0.210031	-0.0343768	-0.0126715
2012-01-24 00:00:00	-5.45928	0.128481	0.362713	0	0.418022	-0.0589878	0.191668	0	2.22197	0	0	0	0	0	1.5318	-0.0127721	0.0190989	0	0	0.0833866	0.0330158	0	0	0.209398	-0.0364507	-0.36794
2012-01-25 00:00:00	-5.08764	-0.0111366	0.466355	0	0.306129	-0.0586991	0.232335	0	2.63715	0	0	0	0	0	1.09686	-0.0128277	0.0191654	0	0	0.0947149	0.0365379	0	0	0.206927	-0.0417401	-0.115874
2012-01-26 00:00:00	-6.09141	-0.013122	0.359831	0	0.021861	-0.0572352	0.304771	0	3.53798	0	0	0	0	0	1.39435	-0.0128576	0.0192074	0	0	0.0992869	0.0374787	0	0	0.204317	-0.0463144	-0.241858
2012-01-27 00:00:00	-1.16221	-0.114432	0.344698	0	-0.20058	-0.0238093	0.0930007	0	1.31418	0	0	0	0	0	-0.217734	-0.0128923	0.0192482	0	0	0.0956624	0.0368956	0	0	0.211538	-0.0338284	0.349742
2012-01-28 00:00:00	-1.09763	-0.00931668	0.291799	0	-0.707906	-0.0230477	0.139299	0	1.24751	0	0	0	0	0	-0.200865	-0.0128944	0.0192453	0	0	0.0894875	0.0354344	0	0	0.21227	-0.0323682	-0.0489827
2012-01-29 00:00:00	-0.711238	-0.176362	0.359612	0	-0.220766	-0.0107247	0.0912944	0	0.776363	0	0	0	0	0	-0.135411	-0.0128938	0.0192445	0	0	0.0772225	0.0323114	0	0	0.213393	-0.0289671	0.273078
2012-01-30 00:00:00	-0.122404	-0.281841	0.379249	0	-0.283751	-0.00667544	0.0394495	0	0.408206	0	0	0	0	0	-0.224631	-0.0128912	0.019244	0	0	0.0670124	0.0296975	0	0	0.214734	-0.0245412	0.200857
2012-01-31 00:00:00	-3.64055	0.526053	0.332437	0	0.526097	-0.0213188	0.123692	0	0.962151	0	0	0	0	0	0.886481	-0.0128925	0.0192558	0	0	0.0619929	0.028487	0	0	0.212347	-0.0295126	-0.025278
2012-02-01 00:00:00	-1.55045	-0.262846	0.343245	0	-0.240252	-0.00985242	0.139923	0	1.18255	0	0	0	0	0	0.226432	-0.0128925	0.0192785	0	0	0.0594054	0.0279707	0	0	0.20982	-0.0332893	0.0990425
2012-02-02 00:00:00	-0.0408013	-0.218884	0.276038	0	-0.340943	-0.00695196	0.0525378	0	0.5382	0	0	0	0	0	-0.175723	-0.0128889	0.0192821	0	0	0.0530191	0.0263156	0	0	0.212644	-0.0260001	0.355843
2012-02-03 00:00:00	-0.244808	-0.255626	0.364556	0	-0.112619	-0.00486314	0.0343064	0	0.263476	0	0	0	0	0	0.00211257	-0.0128857	0.0192748	0	0	0.0466415	0.0246377	0	0	0.214011	-0.0215582	0.316655
2012-02-04 00:00:00	-2.14295	0.686773	0.402322	0	0.156606	-0.00704645	0.0482602	0	0.349503	0	0	0	0	0	0.375354	-0.0128842	0.0192708	0	0	0.0428072	0.0235176	0	0	0.212805	-0.0221122	0.132222
2012-02-05 00:00:00	-0.159199	-0.239505	0.416476	0	-0.283611	-0.00581912	0.0279837	0	0.321448	0	0	0	0	0	-0.0455228	-0.0128828	0.0192677	0	0	0.0405136	0.0227318	0	0	0.212027	-0.0217784	0.292131
2012-02-06 00:00:00	-3.38651	-0.247058	0.431064	0	0.356849	-0.00447549	0.231538	0	1.52163	0	0	0	0	0	0.99443	-0.0128791	0.0192605	0	0	0.0373287	0.0219044	0	0	0.205927	-0.0316397	0.137366
2012-02-07 00:00:00	-2.24007	-0.119152	0.361901	0	-0.0874122	-0.00388889	0.197555	0	1.59961	0	0	0	0	0	0.422252	-0.0128737	0.0192511	0	0	0.034356	0.0211395	0	0	0.20408	-0.0339411	0.36281
2012-02-08 00:00:00	-1.08836	-0.207886	0.417346	0	-0.191635	-0.00354962	0.109707	0	0.938498	0	0	0	0	0	0.0907719	-0.0128677	0.0192404	0	0	0.0321027	0.0205571	0	0	0.206714	-0.0287991	0.301837
2012-02-09 00:00:00	-3.75114	0.757554	0.469467	0	0.307014	-0.0147224	0.114932	0	0.861145	0	0	0	0	0	0.870437	-0.0128699	0.0192527	0	0	0.0350361	0.021634	0	0	0.207897	-0.0263196	-0.140684
2012-02-10 00:00:00	-4.81597	-0.0263669	0.403292	0	0.405197	-0.0273871	0.164741	0	1.47975	0	0	0	0	0	1.39676	-0.012894	0.0193029	0	0	0.0488917	0.0259632	0	0	0.205764	-0.0317848	-0.764743
2012-02-11 00:00:00	-3.23065	-0.00545489	0.511493	0	0.0670986	-0.0309126	0.162656	0	1.6021	0	0	0	0	0	0.636593	-0.0129065	0.0193433	0	0	0.0579886	0.0285929	0	0	0.20519	-0.0333338	-0.0222035
2012-02-12 00:00:00	-0.918397	-0.0159184	0.564604	0	-0.368659	-0.0146453	0.0658041	0	0.760682	0	0	0	0	0	-0.154721	-0.0129076	0.0193521	0	0	0.0579176	0.028515	0	0	0.20791	-0.0271941	0.192342
2012-02-13 00:00:00	-1.17247	-0.0174072	0.575149	0	-0.0956504	-0.0107696	0.0553461	0	0.484295	0	0	0	0	0	0.0776351	-0.0129057	0.0193403	0	0	0.0538053	0.0273225	0	0	0.208548	-0.023969	0.168267
2012-02-14 00:00:00	-1.62818	0.00290995	0.586348	0	0.111201	-0.0140088	0.068756	0	0.53891	0	0	0	0	0	0.26631	-0.0129051	0.0193367	0	0	0.0510762	0.0265243	0	0	0.207223	-0.0244369	0.199062
2012-02-15 00:00:00	-8.45507	-0.012155	0.656756	0	0.983786	-0.067969	0.289544	0	2.72852	0	0	0	0	0	2.70614	-0.0129267	0.0194041	0	0	0.0659861	0.0311814	0	0	0.20106	-0.0381829	-0.903926
2012-02-16 00:00:00	-1.53968	-0.0282304	0.683009	0	-0.663951	-0.0228653	0.119996	0	1.40411	0	0	0	0	0	-0.252972	-0.0129365	0.0194427	0	0	0.0765531	0.0343543	0	0	0.204046	-0.0339805	-0.0131046
2012-02-17 00:00:00	-2.62461	-0.000473137	0.705987	0	0.200515	-0.0206631	0.142699	0	1.24634	0	0	0	0	0	0.329493	-0.0129346	0.0194387	0	0	0.0695998	0.0321039	0	0	0.204519	-0.0327978	0.259215
2012-02-18 00:00:00	-5.95385	-0.0211341	0.598701	0	0.313137	-0.049761	0.191854	0	2.28913	0	0	0	0	0	1.6627	-0.0129455	0.0194739	0	0	0.0758203	0.0333086	0	0	0.202334	-0.0376225	-0.68885
2012-02-19 00:00:00	-0.594249	-0.310118	0.547446	0	-0.547109	-0.0194855	0.0980907	0	1.24184	0	0	0	0	0	-0.379033	-0.0129476	0.0194846	0	0	0.0759023	0.0329395	0	0	0.205315	-0.0321156	0.32596
2012-02-20 00:00:00	-3.59188	0.271385	0.692925	0	0.250723	-0.0326602	0.0870823	0	1.17761	0	0	0	0	0	0.70327	-0.0129497	0.0194884	0	0	0.0721522	0.0316116	0	0	0.205996	-0.0305964	-0.155836
2012-02-21 00:00:00	-7.28611	0.0253294	0.77839	0	0.698172	-0.0713038	0.279043	0	2.88175	0	0	0	0	0	2.0226	-0.0129644	0.0195506	0	0	0.086411	0.0358622	0	0	0.201682	-0.0399207	-0.381515
2012-02-22 00:00:00	-6.41381	-0.0235805	0.871095	0	-0.233216	-0.0497296	0.364252	0	3.66422	0	0	0	0	0	1.17038	-0.0129716	0.0195838	0	0	0.0952889	0.0384225	0	0	0.19802	-0.0477435	-0.35979
2012-02-23 00:00:00	-2.10976	0.00400155	0.903224	0	-0.403481	-0.0293298	0.152435	0	1.86636	0	0	0	0	0	-0.343042	-0.0129718	0.0195836	0	0	0.0884654	0.0362536	0	0	0.203547	-0.0394714	0.33582
2012-02-24 00:00:00	-0.951731	-0.0918434	0.828547	0	-0.28689	-0.0136004	0.0631503	0	0.713785	0	0	0	0	0	-0.302368	-0.012968	0.019568	0	0	0.0748745	0.0323943	0	0	0.208969	-0.0293806	0.252506
2012-02-25 00:00:00	-2.07881	-0.0173132	0.770676	0	0.0357622	-0.0197844	0.0601411	0	0.761712	0	0	0	0	0	0.21994	-0.0129696	0.019571	0	0	0.0701952	0.030869	0	0	0.208805	-0.0280411	0.0207503
2012-02-26 00:00:00	-0.896775	-0.0764802	0.651402	0	-0.27915	-0.0131948	0.04611	0	0.562926	0	0	0	0	0	-0.0699959	-0.012969	0.0195686	0	0	0.0650582	0.0293839	0	0	0.20923	-0.0251898	0.209925
2012-02-27 00:00:00	-1.00942	0.0224459	0.938687	0	-0.315572	-0.00772934	0.0307941	0	0.323634	0	0	0	0	0	-0.0560811	-0.0129662	0.0195596	0	0	0.0583078	0.0276363	0	0	0.209737	-0.0218767	0.207156
2012-02-28 00:00:00	-0.300781	-0.612319	0.982426	0	-0.193151	-0.00553988	0.02336	0	0.181409	0	0	0	0	0	-0.0270124	-0.0129604	0.0195465	0	0	0.0514951	0.0258467	0	0	0.209364	-0.0195911	0.322093
2012-02-29 00:00:00	-0.24866	-0.287517	0.84027	0	-0.307245	-0.00444549	0.0186179	0	0.150676	0	0	0	0	0	-0.0378709	-0.0129557	0.0195339	0	0	0.0461206	0.0245145	0	0	0.208025	-0.0188897	0.390174
2012-03-01 00:00:00	-1.34968	0.230439	0.962979	0	-0.0280911	-0.00358732	0.0196381	0	0.117852	0	0	0	0	0	0.138983	-0.0129482	0.0195069	0	0	0.0405161	0.023209	0	0	0.206483	-0.0183065	0.346996
2012-03-02 00:00:00	-1.03073	0.0717618	0.895882	0	-0.107175	-0.00464519	0.0196343	0	0.154866	0	0	0	0	0	0.1276	-0.0129431	0.0194826	0	0	0.0373735	0.0223707	0	0	0.204059	-0.018541	0.37899
2012-03-03 00:00:00	-2.99727	0.667252	0.870473	0	0.440532	-0.00988366	0.0450049	0	0.29465	0	0	0	0	0	0.551273	-0.0129397	0.0194676	0	0	0.0349643	0.021586	0	0	0.201257	-0.021371	0.105
2012-03-04 00:00:00	-7.19978	0.0290598	0.732389	0	1.05996	-0.0467187	0.216843	0	1.84577	0	0	0	0	0	2.30395	-0.0129569	0.0195149	0	0	0.0461527	0.0246634	0	0	0.195219	-0.0360936	-0.822023
2012-03-05 00:00:00	-0.2	-0.475118	0.717039	0	-0.716808	-0.0157415	0.0608076	0	0.853428	0	0	0	0	0	-0.348112	-0.012963	0.0195307	0	0	0.0536058	0.027075	0	0	0.198969	-0.0294805	0.132233
2012-03-06 00:00:00	-0.244653	-0.48072	0.787573	0	-0.17302	-0.00877198	0.0350002	0	0.310912	0	0	0	0	0	-0.119951	-0.0129593	0.0195167	0	0	0.048455	0.0256105	0	0	0.201779	-0.0217566	0.367015
2012-03-07 00:00:00	-2.61702	0.794759	0.881713	0	0.165416	-0.014326	0.0362496	0	0.395311	0	0	0	0	0	0.303644	-0.012957	0.0195002	0	0	0.0437917	0.0241733	0	0	0.200544	-0.0225978	0.198204
2012-03-08 00:00:00	-3.02507	0.058926	0.96358	0	0.246183	-0.010637	0.120899	0	0.897598	0	0	0	0	0	0.547857	-0.0129558	0.0194839	0	0	0.0410595	0.0230885	0	0	0.19657	-0.0296822	0.0368949
2012-03-09 00:00:00	-0.538121	-0.706044	1.13115	0	-0.442372	-0.00578396	0.0512471	0	0.55455	0	0	0	0	0	-0.0555286	-0.0129516	0.0194627	0	0	0.0377286	0.0221056	0	0	0.198389	-0.0260406	0.227795
2012-03-10 00:00:00	-0.590397	-0.191159	0.921003	0	-0.311288	-0.0028188	0.0362097	0	0.279184	0	0	0	0	0	-0.0301785	-0.0129463	0.0194426	0	0	0.0335517	0.0212565	0	0	0.199632	-0.0221066	0.349386
2012-03-11 00:00:00	-1.14244	-0.146006	1.02688	0	-0.265545	-0.0019185	0.0708069	0	0.458121	0	0	0	0	0	0.124965	-0.0129404	0.0194114	0	0	0.0292207	0.0203141	0	0	0.197676	-0.0239166	0.35463
2012-03-12 00:00:00	-0.126256	-0.219525	1.00063	0	-0.39717	-0.0018299	0.0231829	0	0.234223	0	0	0	0	0	-0.16526	-0.0129317	0.0193919	0	0	0.0254379	0.0189838	0	0	0.197848	-0.0211344	0.575591
2012-03-13 00:00:00	-1.0352	0.026424	0.983375	0	-0.0792461	-0.00130256	0.0326722	0	0.189893	0	0	0	0	0	0.10809	-0.0129222	0.0193671	0	0	0.0225539	0.0178868	0	0	0.197329	-0.0194835	0.449432
2012-03-14 00:00:00	-1.8746	0.545444	1.08285	0	0.0333351	-0.00348734	0.0376805	0	0.259756	0	0	0	0	0	0.151184	-0.0129157	0.0193518	0	0	0.0216735	0.0175992	0	0	0.195319	-0.0205759	0.452607
2012-03-15 00:00:00	-5.08922	0.604715	1.06961	0	0.77542	-0.00864337	0.109773	0	0.650612	0	0	0	0	0	1.21734	-0.0129178	0.0193539	0	0	0.0260431	0.0181773	0	0	0.193097	-0.0241625	-0.450801
2012-03-16 00:00:00	-11.7542	0.104687	1.19641	0	1.66456	-0.0640144	0.364905	0	3.08316	0	0	0	0	0	3.62192	-0.0129513	0.019441	0	0	0.0492053	0.0254972	0	0	0.187064	-0.0412256	-1.55559
2012-03-17 00:00:00	-0.732161	-0.336149	1.11237	0	-0.919092	-0.0234808	0.0970872	0	1.38524	0	0	0	0	0	-0.686668	-0.0129643	0.0194871	0	0	0.0642713	0.0303079	0	0	0.193505	-0.0333434	0.158414
2012-03-18 00:00:00	-0.0545653	-0.656699	1.04436	0	-0.523747	-0.0105247	0.0420557	0	0.437486	0	0	0	0	0	-0.289553	-0.0129593	0.019471	0	0	0.0572837	0.0282597	0	0	0.198532	-0.0230105	0.256393
2012-03-19 00:00:00	-0.82532	-0.00702359	1.13165	0	-0.232696	-0.00486052	0.0152925	0	0.161905	0	0	0	0	0	-0.213822	-0.0129511	0.0194722	0	0	0.0494582	0.0261224	0	0	0.199481	-0.0192548	0.287455
2012-03-20 00:00:00	-1.39287	0.272132	1.348	0	-0.248755	-0.00745642	0.023872	0	0.201716	0	0	0	0	0	-0.0121548	-0.012947	0.0194631	0	0	0.0451393	0.0248978	0	0	0.198412	-0.0183731	0.441078
2012-03-21 00:00:00	0	-0.491832	1.20653	0	-0.476066	-0.00329624	0.00938833	0	0.120472	0	0	0	0	0	-0.111208	-0.0129399	0.0194447	0	0	0.039681	0.0234189	0	0	0.197267	-0.0175535	0.503307
2012-03-22 00:00:00	-0.0545653	-0.235275	1.89731	0	-0.75735	-0.00101325	0.0014947	0	0.0278759	0	0	0	0	0	-0.378565	-0.01293	0.0194166	0	0	0.0314781	0.02057	0	0	0.196188	-0.01605	0.738582
2012-03-23 00:00:00	0	-0.123758	1.44823	0	-0.65519	-0.000974934	0.000552584	0	0.0158468	0	0	0	0	0	-0.0588439	-0.0129189	0.0193685	0	0	0.0250555	0.0182976	0	0	0.194517	-0.0153688	0.854817
2012-03-24 00:00:00	-3.37765	0.958193	1.71265	0	0.569057	-0.00180267	0.00678969	0	0.0126272	0	0	0	0	0	0.232823	-0.0129283	0.0193495	0	0	0.0256213	0.0181599	0	0	0.19187	-0.0146418	0.340119
2012-03-25 00:00:00	-0.196148	-1.08653	2.72294	0	-0.54576	-0.00351157	0.0100485	0	0.0652084	0	0	0	0	0	-0.198446	-0.0129195	0.0193321	0	0	0.0250055	0.0179371	0	0	0.188815	-0.0152425	0.990727
2012-03-26 00:00:00	-0.155347	-0.139406	2.58396	0	-0.469716	-0.000509167	0.000455629	0	0.0089795	0	0	0	0	0	-0.590719	-0.0128954	0.019283	0	0	0.0185221	0.0155801	0	0	0.186741	-0.014432	1.4505
2012-03-27 00:00:00	-0.0408013	-0.000728552	2.54425	0	-0.528156	-5.67969E-08	1.27174E-05	0	0.00278187	0	0	0	0	0	-0.381642	-0.0128366	0.0192437	0	0	0.0143214	0.0136633	0	0	0.183346	-0.0133219	1.80013
2012-03-28 00:00:00	-0.0545653	0	2.42811	0	-0.103029	0	5.37579E-05	0	0.000803711	0	0	0	0	0	-0.632378	-0.0128178	0.0192231	0	0	0.0114166	0.0121304	0	0	0.179764	-0.0127795	1.83593
2012-03-29 00:00:00	-0.816026	0.166832	1.34036	0	0.0798086	-3.86479E-05	0.000167264	0	0.000448675	0	0	0	0	0	-0.0386158	-0.0127993	0.0192047	0	0	0.0102937	0.0116367	0	0	0.176847	-0.0124974	0.925619
2012-03-30 00:00:00	-0.0408013	-0.158027	1.30774	0	0.0284322	-5.32502E-05	0.000201121	0	0.000300726	0	0	0	0	0	-0.105703	-0.0127814	0.0191537	0	0	0.00975459	0.0113676	0	0	0.17446	-0.0123597	1.22169
2012-03-31 00:00:00	-0.273744	-0.0088071	1.10182	0	0.0395063	-7.05369E-05	0.000524062	0	0.000213985	0	0	0	0	0	-0.0447929	-0.0127651	0.0191342	0	0	0.00982644	0.0114596	0	0	0.171669	-0.0122033	1.00177
2012-04-01 00:00:00	-0.244808	0	1.54881	0	0.102626	-0.000126538	0.00148947	0	0.000110942	0	0	0	0	0	-0.295153	-0.0127428	0.019105	0	0	0.00936714	0.0111641	0	0	0.16923	-0.0120931	1.29698
2012-04-02 00:00:00	-0.912256	0	1.38081	0	-0.00167733	-6.98879E-05	0.00108272	0	0.000263478	0	0	0	0	0	0.151738	-0.0127147	0.0190819	0	0	0.00964301	0.0114041	0	0	0.166342	-0.0119527	0.801693
2012-04-03 00:00:00	-8.78453	1.69775	1.15828	0	0.769804	-0.000417195	0.00645978	0	0.0339988	0	0	0	0	0	1.80367	-0.0127114	0.0190865	0	0	0.0126602	0.0120835	0	0	0.164638	-0.0120965	-3.13132
2012-04-04 00:00:00	-5.48154	0.0729449	1.16953	0	0.693767	-0.00395464	0.0195068	0	0.157244	0	0	0	0	0	1.52596	-0.0127333	0.0191245	0	0	0.0215296	0.0147242	0	0	0.164512	-0.0130841	-1.65247
2012-04-05 00:00:00	-0.4	-0.973407	1.63188	0	-0.113736	-0.00326658	0.0174505	0	0.155409	0	0	0	0	0	-0.101711	-0.0127369	0.0191243	0	0	0.0267692	0.0169764	0	0	0.164631	-0.0135683	0.413811
2012-04-06 00:00:00	-4.98829	0.99297	1.58506	0	0.55709	-0.00653384	0.029761	0	0.197164	0	0	0	0	0	0.930976	-0.0127349	0.0191169	0	0	0.0281511	0.017669	0	0	0.164119	-0.0138123	-0.499289
2012-04-07 00:00:00	-1.05267	-0.658835	1.56283	0	-0.027988	-0.00401265	0.0204807	0	0.188873	0	0	0	0	0	0.00864092	-0.0127357	0.0191093	0	0	0.0303141	0.0186479	0	0	0.164111	-0.0151716	0.241594
2012-04-08 00:00:00	-0.951494	-0.299015	1.64141	0	-0.196097	-0.00171545	0.00864938	0	0.0814959	0	0	0	0	0	-0.0192012	-0.0127141	0.0190864	0	0	0.0282378	0.0183168	0	0	0.164067	-0.0142916	0.466737
2012-04-09 00:00:00	-1.44253	0.0750606	1.55175	0	0.0486711	-0.00178906	0.00700539	0	0.038015	0	0	0	0	0	-0.041203	-0.0126963	0.019058	0	0	0.025908	0.0179321	0	0	0.163274	-0.013475	0.434982
2012-04-10 00:00:00	-23.078	0.888814	1.41387	0	2.81369	-0.0926582	0.447166	0	4.13079	0	0	0	0	0	7.49751	-0.0127603	0.0192037	0	0	0.0509515	0.0255743	0	0	0.153674	-0.0410508	-5.78319
2012-04-11 00:00:00	-1.88545	-0.00432515	1.49959	0	-1.03077	-0.0367881	0.150006	0	2.09732	0	0	0	0	0	-1.00397	-0.0128115	0.0192989	0	0	0.0782468	0.033891	0	0	0.162695	-0.0378687	0.0290577
2012-04-12 00:00:00	-4.02539	0.00308739	1.48682	0	0.196454	-0.0287827	0.144954	0	1.35804	0	0	0	0	0	0.366014	-0.0128121	0.0192995	0	0	0.0749916	0.0328	0	0	0.169466	-0.031276	-0.246336
2012-04-13 00:00:00	-0.155347	-0.960883	1.34071	0	-0.390404	-0.0136207	0.0608443	0	0.70331	0	0	0	0	0	-0.501026	-0.0128084	0.0192892	0	0	0.0697252	0.031193	0	0	0.174181	-0.0262675	0.338896
2012-04-14 00:00:00	-0.796148	-0.109352	1.30572	0	-0.375259	-0.00702892	0.027226	0	0.282122	0	0	0	0	0	-0.286609	-0.0128001	0.0192683	0	0	0.0607133	0.028749	0	0	0.177279	-0.0210748	0.292809
2012-04-15 00:00:00	-0.2	-0.194058	1.34042	0	-0.391046	-0.00310118	0.00869611	0	0.0845992	0	0	0	0	0	-0.331407	-0.0127896	0.0192468	0	0	0.0510811	0.0264136	0	0	0.178367	-0.0177249	0.558694
2012-04-16 00:00:00	-10.3193	1.28346	1.5006	0	1.58147	-0.042728	0.215244	0	1.62018	0	0	0	0	0	2.85788	-0.0128044	0.0192931	0	0	0.0615006	0.0287346	0	0	0.1749	-0.0265085	-1.05807
2012-04-17 00:00:00	-4.28545	-0.0473794	1.61022	0	-0.362475	-0.0330226	0.149895	0	1.7201	0	0	0	0	0	0.503137	-0.0128286	0.0193409	0	0	0.0774144	0.0335635	0	0	0.172975	-0.0339699	-0.488482
2012-04-18 00:00:00	-0.856364	-0.639293	1.56951	0	-0.442744	-0.0151402	0.0649361	0	0.771785	0	0	0	0	0	-0.367568	-0.0128266	0.0193303	0	0	0.072624	0.0320714	0	0	0.17693	-0.0267559	0.346496
2012-04-19 00:00:00	-5.02086	0.614113	1.7396	0	0.303799	-0.0250889	0.0972015	0	0.922415	0	0	0	0	0	0.900062	-0.0128277	0.0193391	0	0	0.0715038	0.0315862	0	0	0.178496	-0.0230318	-0.203696
2012-04-20 00:00:00	-1.19214	-0.483866	1.78181	0	-0.421897	-0.0126143	0.0493021	0	0.61463	0	0	0	0	0	-0.296618	-0.0128285	0.0193433	0	0	0.0713226	0.0314738	0	0	0.179011	-0.021647	0.305285
2012-04-21 00:00:00	-7.28764	0.549981	1.72936	0	0.903607	-0.0384403	0.173275	0	1.5224	0	0	0	0	0	1.74656	-0.0128359	0.0193559	0	0	0.0714331	0.0313526	0	0	0.17599	-0.0299942	-0.445608
2012-04-22 00:00:00	-1.57288	-0.258231	1.70622	0	-0.67432	-0.0151824	0.0663066	0	0.910039	0	0	0	0	0	-0.308847	-0.0128408	0.0193599	0	0	0.0709298	0.0311268	0	0	0.177418	-0.0288851	0.11021
2012-04-23 00:00:00	-0.935777	-0.458356	1.74565	0	-0.457933	-0.00786619	0.0338585	0	0.312636	0	0	0	0	0	-0.16181	-0.0128349	0.0193401	0	0	0.0631965	0.0288775	0	0	0.181232	-0.0204243	0.329786
2012-04-24 00:00:00	-2.56857	0.399411	1.79007	0	-0.0737421	-0.00908581	0.0355059	0	0.243917	0	0	0	0	0	0.172961	-0.0128289	0.019319	0	0	0.058298	0.0273507	0	0	0.181763	-0.0172957	0.247074
2012-04-25 00:00:00	-7.24866	0.343972	1.84444	0	1.06188	-0.0338313	0.140058	0	1.30342	0	0	0	0	0	1.84441	-0.0128375	0.0193506	0	0	0.0647935	0.0292307	0	0	0.178716	-0.0243519	-0.489413
2012-04-26 00:00:00	-11.4715	0.000405474	1.81328	0	0.558615	-0.083548	0.353607	0	3.84776	0	0	0	0	0	3.31043	-0.0128682	0.0194625	0	0	0.0912519	0.0369111	0	0	0.172651	-0.0410267	-1.40456
2012-04-27 00:00:00	-0.388289	-0.987849	1.66282	0	-0.92977	-0.0232638	0.0909233	0	1.37664	0	0	0	0	0	-0.833979	-0.0128775	0.0195004	0	0	0.100722	0.0395162	0	0	0.179941	-0.0306821	0.263352
2012-04-28 00:00:00	-0.114545	-0.26404	1.5907	0	-0.86369	-0.00505537	0.0168328	0	0.256775	0	0	0	0	0	-0.644345	-0.0128663	0.0194746	0	0	0.0824956	0.0349096	0	0	0.185156	-0.0203745	0.261423
2012-04-29 00:00:00	-4.93775	1.17048	1.57092	0	0.722193	-0.0171435	0.0661841	0	0.494357	0	0	0	0	0	0.744646	-0.0128664	0.0194755	0	0	0.0787087	0.0333214	0	0	0.185048	-0.0192845	0.0982902
2012-04-30 00:00:00	-0.996148	-0.87658	1.9838	0	-0.465164	-0.00781732	0.0362883	0	0.441347	0	0	0	0	0	-0.187056	-0.0128631	0.0194666	0	0	0.0747716	0.0316912	0	0	0.184368	-0.0203193	0.205789
2012-05-01 00:00:00	-0.359199	-0.391473	2.01277	0	-0.686593	-0.00389814	0.0156771	0	0.117319	0	0	0	0	0	-0.39938	-0.0128563	0.0194457	0	0	0.0645367	0.029341	0	0	0.184694	-0.0171789	0.573201
2012-05-02 00:00:00	-0.473744	-0.176835	1.9231	0	-0.668614	-0.00156523	0.00343879	0	0.0389553	0	0	0	0	0	-0.327116	-0.0128408	0.0194172	0	0	0.0505699	0.0257351	0	0	0.184299	-0.015889	0.568913
2012-05-03 00:00:00	-0.32641	-0.159249	2.05889	0	-0.797257	-0.00104524	0.00105423	0	0.0183241	0	0	0	0	0	-0.181769	-0.0128238	0.0193803	0	0	0.0388101	0.0220264	0	0	0.183124	-0.0151382	0.847914
2012-05-04 00:00:00	-3.56648	0.186262	1.83163	0	1.08907	-0.0013185	0.0537367	0	0.192607	0	0	0	0	0	0.407924	-0.0128197	0.0193695	0	0	0.0347151	0.0209081	0	0	0.180539	-0.0172694	0.418877
2012-05-05 00:00:00	-0.971373	-0.0679328	1.74129	0	-0.432582	-0.00125583	0.0514214	0	0.383238	0	0	0	0	0	-0.163482	-0.0128049	0.0193389	0	0	0.0296341	0.0192228	0	0	0.178131	-0.0226313	0.75021
2012-05-06 00:00:00	-0.0408013	-0.204603	1.58888	0	-0.419306	-2.91305E-05	0.01119	0	0.119269	0	0	0	0	0	-0.275917	-0.0127798	0.0193025	0	0	0.0239875	0.0173022	0	0	0.179538	-0.0178309	0.988203
2012-05-07 00:00:00	-4.05636	1.12071	1.9879	0	0.466144	-0.000803952	0.0182832	0	0.0780761	0	0	0	0	0	0.35382	-0.0127538	0.0192872	0	0	0.0225314	0.0167854	0	0	0.179079	-0.015542	0.177151
2012-05-08 00:00:00	-1.54931	-0.435701	2.01975	0	-0.113763	-0.00273217	0.0206348	0	0.136773	0	0	0	0	0	0.142811	-0.0127405	0.0192707	0	0	0.023891	0.0169033	0	0	0.177832	-0.0164271	0.427199
2012-05-09 00:00:00	-0.196148	-0.706347	2.0251	0	-0.440934	-0.00117491	0.00525692	0	0.0433547	0	0	0	0	0	-0.101559	-0.0127192	0.0192373	0	0	0.0235803	0.0169147	0	0	0.177618	-0.0139379	0.838242
2012-05-10 00:00:00	-22.2002	1.88222	1.90266	0	3.45712	-0.0689316	0.329417	0	2.65028	0	0	0	0	0	7.0241	-0.0127664	0.0193929	0	0	0.062323	0.0281128	0	0	0.174469	-0.0220405	-4.77387
2012-05-11 00:00:00	-12.1347	-0.000518429	2.01958	0	0.0760561	-0.0868128	0.497724	0	5.30484	0	0	0	0	0	2.60342	-0.0128403	0.0195863	0	0	0.125003	0.0460968	0	0	0.168698	-0.0455333	-1.41937
2012-05-12 00:00:00	-0.77507	-1.00971	2.39745	0	-0.874387	-0.0214237	0.11666	0	1.61908	0	0	0	0	0	-1.31757	-0.0128525	0.0196052	0	0	0.125655	0.0464105	0	0	0.179614	-0.0332243	0.460245
2012-05-13 00:00:00	-5.59365	0.993081	2.32195	0	0.277034	-0.0282496	0.115236	0	1.12457	0	0	0	0	0	0.417242	-0.0128516	0.0196024	0	0	0.112832	0.042401	0	0	0.184488	-0.0259586	-0.0522662
2012-05-14 00:00:00	-1.34348	-0.560575	2.22459	0	-0.56181	-0.0154407	0.0571077	0	0.738789	0	0	0	0	0	-0.562736	-0.0128515	0.0195958	0	0	0.104801	0.0399716	0	0	0.185781	-0.0242654	0.289478
2012-05-15 00:00:00	-3.69081	0.373781	2.03158	0	0.0326469	-0.0171812	0.0609967	0	0.58984	0	0	0	0	0	0.296038	-0.0128496	0.019588	0	0	0.0948564	0.0371493	0	0	0.187099	-0.0205936	-0.0178677
2012-05-16 00:00:00	-0.8	-0.892285	2.02986	0	-0.418801	-0.00905622	0.0320556	0	0.441082	0	0	0	0	0	-0.270636	-0.0128428	0.0195641	0	0	0.0839729	0.034188	0	0	0.18664	-0.0203649	0.403374
2012-05-17 00:00:00	-6.37596	0.906416	2.3425	0	0.442359	-0.0339291	0.103824	0	1.05189	0	0	0	0	0	1.23347	-0.0128506	0.0195845	0	0	0.0846665	0.0343782	0	0	0.184681	-0.0230533	-0.0420213
2012-05-18 00:00:00	-5.15519	0.16966	2.11631	0	0.00988102	-0.0367192	0.104297	0	1.37668	0	0	0	0	0	0.83804	-0.0128633	0.019617	0	0	0.0913106	0.0362742	0	0	0.182196	-0.0278036	-0.288307
2012-05-19 00:00:00	-1.25282	-0.88298	2.03632	0	-0.343216	-0.0144722	0.0524733	0	0.650538	0	0	0	0	0	-0.240494	-0.0128627	0.019606	0	0	0.0851787	0.0346342	0	0	0.18395	-0.0238982	0.291953
2012-05-20 00:00:00	-0.489616	-0.551337	3.10083	0	-1.21227	-0.00243682	0.00777677	0	0.0939014	0	0	0	0	0	-0.680874	-0.0128542	0.019583	0	0	0.0682843	0.0307421	0	0	0.185598	-0.0189729	0.53835
2012-05-21 00:00:00	-0.408013	-0.287615	2.76019	0	-0.799482	-0.00122525	0.00185064	0	0.030323	0	0	0	0	0	-0.653558	-0.0128377	0.0195472	0	0	0.0484126	0.0248609	0	0	0.184652	-0.0167003	0.890403
2012-05-22 00:00:00	-1.38324	0.0723262	2.78986	0	-0.107146	-0.00108615	0.00732889	0	0.0335461	0	0	0	0	0	-0.50194	-0.0128209	0.0195099	0	0	0.035482	0.0209304	0	0	0.182613	-0.0160024	1.13937
2012-05-23 00:00:00	-0.0408013	-0.21983	2.60789	0	-0.516928	-1.08434E-06	0.0031721	0	0.0323761	0	0	0	0	0	-0.496213	-0.0128045	0.0194824	0	0	0.0271976	0.0182929	0	0	0.180246	-0.0153463	1.58674
2012-05-24 00:00:00	-1.03809	-0.013269	3.15095	0	-0.419543	0	1.92599E-05	0	0.00375441	0	0	0	0	0	-0.310244	-0.0127776	0.0194461	0	0	0.0197257	0.0156873	0	0	0.179154	-0.0132394	1.58157
2012-05-25 00:00:00	-3.10933	0.0485589	3.3457	0	0.13871	-4.26759E-05	0.000266585	0	0.00197759	0	0	0	0	0	-0.0031074	-0.012771	0.0194239	0	0	0.0181652	0.0151598	0	0	0.177224	-0.0127654	0.627178
2012-05-26 00:00:00	-12.4515	1.86747	3.68926	0	1.78251	-0.00270914	0.0465553	0	0.146102	0	0	0	0	0	2.452	-0.0127905	0.0194722	0	0	0.0281423	0.0178534	0	0	0.174984	-0.0150547	-2.25776
2012-05-27 00:00:00	-9.68268	0.0945713	4.52643	0	0.934093	-0.0138898	0.146287	0	0.809055	0	0	0	0	0	1.7194	-0.012812	0.0195223	0	0	0.0475021	0.0241085	0	0	0.173086	-0.023912	-1.23924
2012-05-28 00:00:00	-0.490411	-1.45351	3.81495	0	-1.16922	-0.00457592	0.0345055	0	0.3491	0	0	0	0	0	-0.685321	-0.0128127	0.0195221	0	0	0.0508983	0.0256724	0	0	0.176132	-0.0203048	0.634621
2012-05-29 00:00:00	0	-0.320864	2.74368	0	-0.905708	-0.000385013	0.000320412	0	0.0172404	0	0	0	0	0	-0.667013	-0.0127879	0.0194689	0	0	0.0347851	0.0210737	0	0	0.177724	-0.0149514	1.09258
2012-05-30 00:00:00	-5.20401	1.26674	2.99358	0	0.573478	-0.00159904	0.00497197	0	0.0235696	0	0	0	0	0	0.358537	-0.0127849	0.0194545	0	0	0.0324693	0.0203996	0	0	0.175837	-0.0143198	0.236321
2012-05-31 00:00:00	-19.6	0.571143	2.94637	0	3.10707	-0.0656039	0.381497	0	2.9881	0	0	0	0	0	5.88431	-0.0128315	0.0195668	0	0	0.0618286	0.0282785	0	0	0.168763	-0.0342041	-3.55572
2012-06-01 00:00:00	0	-1.40912	2.74569	0	-1.51927	-0.0242226	0.10475	0	1.54192	0	0	0	0	0	-1.27449	-0.0128642	0.019633	0	0	0.0854708	0.0353097	0	0	0.174212	-0.0332151	0.433796
2012-06-02 00:00:00	0	-0.328883	2.51955	0	-1.09841	-0.00364858	0.00572446	0	0.0970412	0	0	0	0	0	-0.911736	-0.0128513	0.0196032	0	0	0.0668412	0.0305255	0	0	0.181117	-0.0191886	0.545684
2012-06-03 00:00:00	-1.8	-0.0705737	2.37931	0	0.0296898	-0.00501369	0.0120057	0	0.0963169	0	0	0	0	0	-0.325887	-0.0128407	0.0195803	0	0	0.0549122	0.0270997	0	0	0.180756	-0.0173994	0.567953
2012-06-04 00:00:00	-0.567212	-0.207824	3.04377	0	-0.781126	-0.00239414	0.00409418	0	0.0529144	0	0	0	0	0	-0.725318	-0.0128274	0.0195506	0	0	0.0437894	0.0235842	0	0	0.179886	-0.0163702	1.05452
2012-06-05 00:00:00	-1.8	-0.0671211	3.05358	0	-0.141641	-0.000779563	0.000586381	0	0.0153442	0	0	0	0	0	-0.28626	-0.0128046	0.0195016	0	0	0.0314544	0.0199119	0	0	0.179217	-0.0150282	0.995966
2012-06-06 00:00:00	-9.8	1.88695	3.0355	0	1.5615	-0.00784234	0.0398623	0	0.174292	0	0	0	0	0	1.84211	-0.0128138	0.0195269	0	0	0.0374129	0.0209988	0	0	0.177189	-0.0159314	-1.04124
2012-06-07 00:00:00	-2.84481	-0.208256	2.87709	0	-0.062327	-0.00633556	0.0387998	0	0.295584	0	0	0	0	0	-0.0834439	-0.0128171	0.0195269	0	0	0.0443832	0.0229548	0	0	0.176416	-0.0192333	0.237532
2012-06-08 00:00:00	-25.8	0.521299	2.86631	0	2.76879	-0.150503	0.705741	0	7.02145	0	0	0	0	0	8.15149	-0.0128708	0.0196832	0	0	0.0852732	0.035032	0	0	0.163605	-0.0514555	-3.67614
2012-06-09 00:00:00	-3.63679	-0.0537458	3.12509	0	-1.15725	-0.0510007	0.184512	0	2.85913	0	0	0	0	0	-1.38077	-0.0129151	0.0198054	0	0	0.123856	0.0457665	0	0	0.174964	-0.0412861	0.199351
2012-06-10 00:00:00	-10.4193	0.0138072	3.0834	0	0.387291	-0.0512175	0.412951	0	3.62943	0	0	0	0	0	1.69012	-0.0129204	0.0198259	0	0	0.119522	0.0444957	0	0	0.175465	-0.0456865	-0.952822
2012-06-11 00:00:00	-1.8	-0.949117	2.85861	0	-0.776389	-0.024508	0.135821	0	1.6851	0	0	0	0	0	-0.966958	-0.0129195	0.0198212	0	0	0.110586	0.0419459	0	0	0.183324	-0.0365534	0.468763
2012-06-12 00:00:00	0	-0.645317	2.69463	0	-1.26891	-0.00637118	0.0214055	0	0.306848	0	0	0	0	0	-1.00103	-0.0129105	0.019799	0	0	0.0916639	0.0373017	0	0	0.190531	-0.0238067	0.403833
2012-06-13 00:00:00	0	-0.324769	2.69098	0	-0.868259	-0.00177815	0.0017171	0	0.0410751	0	0	0	0	0	-0.869308	-0.012892	0.0197581	0	0	0.0642206	0.0296433	0	0	0.192669	-0.0184322	0.944627
2012-06-14 00:00:00	-0.0446534	-0.19327	2.64121	0	-0.88594	-0.00294274	0.0030334	0	0.0382075	0	0	0	0	0	-0.732026	-0.012883	0.019737	0	0	0.0520427	0.0260867	0	0	0.191403	-0.017345	1.08266
2012-06-15 00:00:00	-8.24746	1.73591	2.61764	0	1.59891	-0.00641776	0.0280036	0	0.118153	0	0	0	0	0	1.42116	-0.0128875	0.0197724	0	0	0.0533213	0.025783	0	0	0.189905	-0.0172446	-0.475447
2012-06-16 00:00:00	-27.689	0.487803	2.95289	0	3.23298	-0.156047	0.840742	0	8.50405	0	0	0	0	0	8.29399	-0.0129428	0.0199287	0	0	0.100187	0.038755	0	0	0.172793	-0.0578949	-3.2718
2012-06-17 00:00:00	-3.07497	-0.196045	2.73021	0	-1.17608	-0.0507901	0.239245	0	3.44472	0	0	0	0	0	-1.62188	-0.0129722	0.0200073	0	0	0.129048	0.0464115	0	0	0.183278	-0.0458969	0.614292
2012-06-18 00:00:00	-0.704397	-1.42875	3.66432	0	-1.22454	-0.0159707	0.0683691	0	0.874884	0	0	0	0	0	-1.16229	-0.0129656	0.0199849	0	0	0.10991	0.0415665	0	0	0.192925	-0.0295462	0.393495
2012-06-19 00:00:00	-1.45818	-0.239474	3.0475	0	-0.649602	-0.0046189	0.0103176	0	0.141023	0	0	0	0	0	-0.782952	-0.0129549	0.019955	0	0	0.0858211	0.0358639	0	0	0.196408	-0.0211519	0.367958
2012-06-20 00:00:00	0	-0.377792	4.16877	0	-1.51075	-0.00464727	0.00672228	0	0.0751246	0	0	0	0	0	-1.17339	-0.0129476	0.0199381	0	0	0.0692784	0.0309483	0	0	0.195512	-0.0188081	1.46796
2012-06-21 00:00:00	-7.43081	1.69862	3.13381	0	1.22976	-0.00438508	0.0136266	0	0.0782591	0	0	0	0	0	0.807109	-0.0129427	0.0199381	0	0	0.058003	0.0273182	0	0	0.194004	-0.0178299	-0.205512
2012-06-22 00:00:00	-27.4668	0.64423	3.21935	0	3.54451	-0.165706	0.837518	0	8.57125	0	0	0	0	0	7.80181	-0.012983	0.0200911	0	0	0.0955282	0.0373697	0	0	0.175569	-0.0607634	-2.75903
2012-06-23 00:00:00	-9.71579	0.00162972	3.19278	0	-0.967904	-0.11367	0.401958	0	6.07476	0	0	0	0	0	0.416519	-0.0130095	0.0201954	0	0	0.131955	0.0465615	0	0	0.18248	-0.0583672	-0.399901
2012-06-24 00:00:00	-6.28652	0.0387392	3.23671	0	-0.132977	-0.0680113	0.199062	0	3.03411	0	0	0	0	0	-0.197856	-0.0130322	0.0202152	0	0	0.132515	0.046195	0	0	0.193468	-0.0445526	0.158066
2012-06-25 00:00:00	0	-1.67542	3.08671	0	-1.49664	-0.0205005	0.0596491	0	1.05804	0	0	0	0	0	-1.25029	-0.0130353	0.0202054	0	0	0.117215	0.0425262	0	0	0.200913	-0.0318147	0.0975654
2012-06-26 00:00:00	-8.28964	1.66506	3.81772	0	0.923659	-0.0331324	0.0885054	0	1.01921	0	0	0	0	0	0.592098	-0.013034	0.0202034	0	0	0.103424	0.0387295	0	0	0.202376	-0.0289732	0.106209
2012-06-27 00:00:00	-11.6501	0.0854186	3.49206	0	0.956952	-0.0749125	0.383581	0	4.26106	0	0	0	0	0	2.05229	-0.0130467	0.0202606	0	0	0.109783	0.0397969	0	0	0.192446	-0.0491156	-0.193498
2012-06-28 00:00:00	-3.91524	-0.335733	3.53299	0	-0.801955	-0.0237634	0.146196	0	1.91522	0	0	0	0	0	-0.684176	-0.0130462	0.0202477	0	0	0.102722	0.0377125	0	0	0.198574	-0.0388615	0.140885
2012-06-29 00:00:00	-7.45106	0.370478	3.34001	0	0.291284	-0.039695	0.213475	0	2.08492	0	0	0	0	0	0.762609	-0.0130563	0.0202572	0	0	0.0990341	0.0374327	0	0	0.199416	-0.0384826	-0.12337
2012-06-30 00:00:00	-4.9351	-0.0336424	3.20594	0	-0.261732	-0.0258263	0.167669	0	1.59032	0	0	0	0	0	0.0531619	-0.0130627	0.020269	0	0	0.0980636	0.0379861	0	0	0.200986	-0.0353407	0.0696873
2012-07-01 00:00:00	-0.883165	-1.63578	3.22542	0	-0.971069	-0.00839424	0.0475508	0	0.604738	0	0	0	0	0	-0.562573	-0.0130574	0.020245	0	0	0.0842179	0.0346856	0	0	0.204891	-0.0269069	0.120792
2012-07-02 00:00:00	-4.11908	0.739629	3.34194	0	-0.0859457	-0.00898963	0.0418089	0	0.292042	0	0	0	0	0	-0.0979577	-0.0130524	0.0202286	0	0	0.0733334	0.0321878	0	0	0.206287	-0.0220872	0.40035
2012-07-03 00:00:00	-1.37681	-0.95223	3.58058	0	-0.963467	-0.00460982	0.0172054	0	0.165293	0	0	0	0	0	-0.314087	-0.0130464	0.02021	0	0	0.0639114	0.0298394	0	0	0.205782	-0.0199904	0.438571
2012-07-04 00:00:00	-8.60295	1.73212	3.65488	0	1.00435	-0.0211946	0.0782329	0	0.492296	0	0	0	0	0	1.29021	-0.0130483	0.0202208	0	0	0.0634588	0.030188	0	0	0.204622	-0.0191458	-0.0857617
2012-07-05 00:00:00	-0.303225	-1.72957	3.60138	0	-1.33772	-0.00824036	0.0264214	0	0.347271	0	0	0	0	0	-0.451617	-0.0130508	0.0202277	0	0	0.0657971	0.0314522	0	0	0.203322	-0.0208361	0.431615
2012-07-06 00:00:00	-5.73042	1.68347	3.16306	0	0.72363	-0.00414174	0.0147091	0	0.0808231	0	0	0	0	0	0.187071	-0.0130445	0.0202067	0	0	0.055295	0.0289322	0	0	0.202573	-0.0175718	0.394598
2012-07-07 00:00:00	-37.727	0.339492	3.11547	0	4.29466	-0.277455	1.22186	0	13.7769	0	0	0	0	0	11.7499	-0.0131455	0.0204499	0	0	0.127485	0.0464417	0	0	0.178798	-0.0687704	-3.21486
2012-07-08 00:00:00	-2.38727	-1.05006	3.33605	0	-2.6799	-0.0612574	0.240641	0	4.25289	0	0	0	0	0	-2.40728	-0.0132633	0.0206395	0	0	0.186228	0.0596508	0	0	0.19665	-0.0484329	-0.354717
2012-07-09 00:00:00	-17.0776	1.06914	3.27008	0	1.35581	-0.153795	0.595546	0	7.01189	0	0	0	0	0	3.28663	-0.0133183	0.0207357	0	0	0.193724	0.0622398	0	0	0.194254	-0.0567234	-0.241387
2012-07-10 00:00:00	-15.7625	0.00528728	3.16673	0	-0.116605	-0.169106	0.644487	0	8.44525	0	0	0	0	0	2.62458	-0.013393	0.020894	0	0	0.237617	0.0744818	0	0	0.192894	-0.0631867	-0.712601
2012-07-11 00:00:00	-14.453	0.0149931	3.01303	0	-0.0646357	-0.16686	0.590255	0	8.10719	0	0	0	0	0	2.03854	-0.013471	0.0210362	0	0	0.267907	0.0820858	0	0	0.196216	-0.0626341	-0.429391
2012-07-12 00:00:00	-0.4	-1.83348	3.16673	0	-1.52405	-0.0425726	0.138834	0	2.32688	0	0	0	0	0	-1.9547	-0.0135275	0.0211136	0	0	0.247883	0.0765624	0	0	0.209796	-0.0415308	0.377942
2012-07-13 00:00:00	-0.0992187	-0.363635	3.09762	0	-1.87936	-0.00727591	0.0111456	0	0.240314	0	0	0	0	0	-1.27245	-0.013523	0.0211301	0	0	0.181829	0.0602938	0	0	0.217768	-0.0258537	0.168789
2012-07-14 00:00:00	-5.73996	1.85555	3.01019	0	1.4251	-0.027008	0.069533	0	0.681592	0	0	0	0	0	-0.470537	-0.0135239	0.0211296	0	0	0.166686	0.0564846	0	0	0.215555	-0.0281159	1.22267
2012-07-15 00:00:00	-0.140418	-1.87377	3.03113	0	-0.95415	-0.0140255	0.0484925	0	0.603292	0	0	0	0	0	-0.573602	-0.0135163	0.0211275	0	0	0.140182	0.0493032	0	0	0.215251	-0.0269608	0.512333
2012-07-16 00:00:00	-0.45998	-0.285986	3.00148	0	-0.932848	-0.00369987	0.00419985	0	0.081006	0	0	0	0	0	-0.738992	-0.0135015	0.0211183	0	0	0.111038	0.0426672	0	0	0.216393	-0.0206923	1.0222
2012-07-17 00:00:00	-1.93758	-0.0712991	3.17336	0	-0.0849926	-0.00289832	0.00459814	0	0.0377039	0	0	0	0	0	-0.413347	-0.0134853	0.0210985	0	0	0.0863425	0.0366068	0	0	0.215053	-0.0185389	1.03262
2012-07-18 00:00:00	-26.2258	2.70719	3.29764	0	4.37738	-0.119588	0.546994	0	5.3103	0	0	0	0	0	6.88502	-0.0135254	0.021212	0	0	0.119082	0.0448483	0	0	0.202621	-0.0446282	-2.89126
2012-07-19 00:00:00	-0.2	-1.95632	3.13475	0	-1.88713	-0.0388502	0.150693	0	2.54934	0	0	0	0	0	-1.68124	-0.0135682	0.0212992	0	0	0.151439	0.0532944	0	0	0.209061	-0.0409203	0.451853
2012-07-20 00:00:00	0	-0.378864	3.1465	0	-1.5932	-0.00646548	0.0132342	0	0.241571	0	0	0	0	0	-1.16894	-0.013557	0.0213095	0	0	0.112198	0.0438796	0	0	0.217585	-0.0237473	0.611491
2012-07-21 00:00:00	0	-0.382638	3.20388	0	-1.28214	-0.00410205	0.00393649	0	0.0735923	0	0	0	0	0	-0.967664	-0.0135427	0.0212892	0	0	0.0873649	0.0375603	0	0	0.216287	-0.0201247	0.973704
2012-07-22 00:00:00	-0.359199	-0.109882	3.35596	0	-0.417407	-0.00110684	0.00087489	0	0.0222463	0	0	0	0	0	-1.05423	-0.0135139	0.0212368	0	0	0.0549043	0.0291682	0	0	0.215026	-0.0177159	1.72636
2012-07-23 00:00:00	-26.2009	2.90163	3.54396	0	4.99755	-0.100655	0.397987	0	3.82753	0	0	0	0	0	7.05261	-0.0135646	0.0213751	0	0	0.0953687	0.0399402	0	0	0.204829	-0.0357444	-3.26805
2012-07-24 00:00:00	-2.01986	-1.37163	3.50967	0	-1.51677	-0.0426185	0.15816	0	2.57182	0	0	0	0	0	-1.38403	-0.0136232	0.0214847	0	0	0.135353	0.0504222	0	0	0.207721	-0.0403789	0.26572
2012-07-25 00:00:00	-0.4	-0.903612	3.77211	0	-1.75444	-0.0117348	0.0374692	0	0.425532	0	0	0	0	0	-1.06176	-0.013644	0.0214671	0	0	0.112119	0.04502	0	0	0.215315	-0.0243281	0.459515
2012-07-26 00:00:00	-0.638357	-0.295588	3.12828	0	-0.686395	-0.00230486	0.00222036	0	0.0451001	0	0	0	0	0	-0.782464	-0.0136291	0.0214528	0	0	0.0772065	0.0365188	0	0	0.21641	-0.0193037	1.08915
2012-07-27 00:00:00	-0.519279	-0.23201	2.88859	0	-0.831953	-0.00499489	0.00778343	0	0.067622	0	0	0	0	0	-0.582759	-0.0136191	0.0214377	0	0	0.0628909	0.0325669	0	0	0.212623	-0.01847	1.09043
2012-07-28 00:00:00	-5.20088	1.764	3.15948	0	0.545139	-0.00235639	0.00485181	0	0.0320391	0	0	0	0	0	-0.0560853	-0.0136056	0.0214035	0	0	0.0491844	0.0286125	0	0	0.210624	-0.0170864	0.525318
2012-07-29 00:00:00	-2.61094	-0.634652	3.0996	0	0.124104	-0.00698164	0.018702	0	0.152963	0	0	0	0	0	0.157807	-0.0136009	0.0213932	0	0	0.0458899	0.0274986	0	0	0.207565	-0.0179921	0.571361
2012-07-30 00:00:00	-1.29834	-0.845185	2.92714	0	-0.210177	-0.00427279	0.0134074	0	0.0896826	0	0	0	0	0	-0.0808869	-0.0135905	0.0213714	0	0	0.041544	0.0261751	0	0	0.205778	-0.0170279	0.855625
2012-07-31 00:00:00	-4.75187	0.891097	3.56976	0	0.0838281	-0.00428885	0.0158998	0	0.082976	0	0	0	0	0	0.285007	-0.013581	0.0213519	0	0	0.0385732	0.0258207	0	0	0.203706	-0.015934	0.432353
2012-08-01 00:00:00	-6.27603	1.11734	3.45921	0	0.463941	-0.0089392	0.0366463	0	0.200776	0	0	0	0	0	0.656412	-0.0135833	0.0213673	0	0	0.0432033	0.0280099	0	0	0.201229	-0.0160897	-0.0865053
2012-08-02 00:00:00	-0.0992187	-2.12067	3.10726	0	-0.48761	-0.00487251	0.0194492	0	0.148339	0	0	0	0	0	-0.100719	-0.0135775	0.0213507	0	0	0.0426997	0.0278667	0	0	0.199171	-0.0163202	0.723149
2012-08-03 00:00:00	-0.2	-0.210743	3.18034	0	-0.715734	-0.000634337	0.000560489	0	0.0126805	0	0	0	0	0	-0.67783	-0.0135514	0.0212876	0	0	0.0285604	0.0234472	0	0	0.197851	-0.0151236	1.63111
2012-08-04 00:00:00	-9.10746	2.64486	3.0884	0	1.01363	-0.00320399	0.00888926	0	0.0444011	0	0	0	0	0	1.25778	-0.0135572	0.0212911	0	0	0.0303023	0.0233515	0	0	0.193836	-0.0148154	-0.812284
2012-08-05 00:00:00	-14.086	0.443563	3.20533	0	2.38013	-0.0518738	0.160108	0	1.5813	0	0	0	0	0	3.39845	-0.013593	0.0213576	0	0	0.0510732	0.0294	0	0	0.189263	-0.0293153	-2.72082
2012-08-06 00:00:00	-11.3812	-0.00717323	3.06308	0	0.519632	-0.0726544	0.341019	0	3.79908	0	0	0	0	0	2.05163	-0.0136298	0.0214238	0	0	0.077293	0.0360781	0	0	0.184545	-0.0480714	-1.42895
2012-08-07 00:00:00	-0.0992187	-2.15985	2.98944	0	-1.26579	-0.0203791	0.0816648	0	1.32637	0	0	0	0	0	-0.928406	-0.0136498	0.0214269	0	0	0.0785839	0.0360295	0	0	0.195921	-0.033772	0.208374
2012-08-08 00:00:00	0	-0.409262	3.29636	0	-1.3533	-0.00574461	0.00742676	0	0.133109	0	0	0	0	0	-1.02663	-0.0136417	0.0214053	0	0	0.0602679	0.0314275	0	0	0.202652	-0.0208218	0.923251
2012-08-09 00:00:00	0	-0.420887	3.59664	0	-1.21314	-0.00256555	0.00220894	0	0.0440746	0	0	0	0	0	-0.957016	-0.0136148	0.0213778	0	0	0.0375088	0.0248806	0	0	0.202963	-0.0177698	1.30466
2012-08-10 00:00:00	0	-0.147629	3.91852	0	-0.765743	-0.00122365	0.000785431	0	0.0198001	0	0	0	0	0	-1.03483	-0.0135833	0.0213264	0	0	0.0218541	0.0198537	0	0	0.201598	-0.0160445	2.22468
2012-08-11 00:00:00	0	-0.0134705	2.9149	0	-0.161368	0	1.7774E-05	0	0.00471601	0	0	0	0	0	-0.747928	-0.01356	0.0212881	0	0	0.0151905	0.0172392	0	0	0.198876	-0.0140414	2.22186
2012-08-12 00:00:00	0	-0.012614	2.96201	0	-0.0641309	0	0.000107887	0	0.00217593	0	0	0	0	0	-0.570933	-0.0135287	0.0212414	0	0	0.0109022	0.0151234	0	0	0.195878	-0.0134118	2.53282
2012-08-13 00:00:00	-0.679159	0	3.21787	0	-0.0143493	-1.53183E-05	0.000118917	0	0.00127552	0	0	0	0	0	-0.415204	-0.0134996	0.0211972	0	0	0.00874576	0.0139557	0	0	0.192799	-0.0130374	2.32069
2012-08-14 00:00:00	-0.159199	0	3.00568	0	-0.0211551	-2.14039E-05	0.000114979	0	0.000806812	0	0	0	0	0	-0.492699	-0.0134675	0.0211436	0	0	0.00684561	0.01266	0	0	0.189551	-0.0127837	2.53747
2012-08-15 00:00:00	-12.6524	3.00187	3.3511	0	0.65256	-0.000337851	0.00328472	0	0.00105724	0	0	0	0	0	1.96368	-0.0135041	0.021251	0	0	0.0168515	0.0188821	0	0	0.186284	-0.0126207	-3.4621
2012-08-16 00:00:00	-1.64168	-1.3787	3.10639	0	0.0618083	-0.00180986	0.0081412	0	0.0184357	0	0	0	0	0	0.121301	-0.0135018	0.0212439	0	0	0.0221881	0.0215549	0	0	0.185168	-0.0133531	0.517184
2012-08-17 00:00:00	-6.04501	1.27337	3.20938	0	0.268387	-0.00164618	0.00825533	0	0.0467874	0	0	0	0	0	0.484176	-0.0134951	0.0212118	0	0	0.022813	0.0213365	0	0	0.183249	-0.0135427	-0.534728
2012-08-18 00:00:00	-0.31996	-2.06069	3.12822	0	-0.186468	-0.00130707	0.00614549	0	0.0517078	0	0	0	0	0	-0.0342657	-0.0134877	0.0211729	0	0	0.0222524	0.0208296	0	0	0.181322	-0.0137194	0.801756
2012-08-19 00:00:00	-4.91663	1.64885	2.84671	0	0.196428	-0.00136806	0.00659755	0	0.0244144	0	0	0	0	0	0.258668	-0.0134743	0.0211457	0	0	0.0212658	0.0208035	0	0	0.179612	-0.0133498	0.279668
2012-08-20 00:00:00	-3.73337	0.0803763	2.84123	0	0.135749	-0.00615157	0.0274027	0	0.112468	0	0	0	0	0	0.530308	-0.0134709	0.0211539	0	0	0.0253489	0.0231072	0	0	0.177131	-0.013735	0.20755
2012-08-21 00:00:00	-4.11993	0.376574	2.94084	0	0.168398	-0.00539942	0.0211076	0	0.107096	0	0	0	0	0	0.330489	-0.0134633	0.0211448	0	0	0.0282303	0.0245344	0	0	0.17611	-0.0142451	0.0414831
2012-08-22 00:00:00	-3.25441	0.0381569	2.86102	0	0.0688387	-0.00544784	0.0182335	0	0.107297	0	0	0	0	0	0.209127	-0.0134538	0.0211221	0	0	0.0287709	0.0247049	0	0	0.174908	-0.0146645	0.264204
2012-08-23 00:00:00	-1.50391	-1.22379	2.81766	0	-0.0091151	-0.00412704	0.0142557	0	0.0859837	0	0	0	0	0	0.0783209	-0.01344	0.021096	0	0	0.0282177	0.0241488	0	0	0.173508	-0.014515	0.474296
2012-08-24 00:00:00	-0.240801	-1.16453	2.73811	0	-0.328995	-0.0022405	0.00743676	0	0.0445398	0	0	0	0	0	-0.143221	-0.0134236	0.0210633	0	0	0.0261586	0.0231055	0	0	0.172192	-0.013945	1.12545
2012-08-25 00:00:00	-4.4	1.58883	2.66049	0	0.177618	-0.00156187	0.00503978	0	0.0171231	0	0	0	0	0	0.102068	-0.0134076	0.0210273	0	0	0.0236718	0.0221063	0	0	0.170505	-0.0135261	0.359991
2012-08-26 00:00:00	-0.91996	-1.45163	2.53754	0	0.0120829	-0.00394257	0.0135793	0	0.0704148	0	0	0	0	0	0.140422	-0.0133954	0.021002	0	0	0.0232776	0.0216549	0	0	0.168502	-0.0137581	0.605785
2012-08-27 00:00:00	-4.4999	1.55288	2.70876	0	0.08689	-0.0035289	0.0125939	0	0.0658991	0	0	0	0	0	0.247737	-0.0133827	0.0209723	0	0	0.0230358	0.0215213	0	0	0.167312	-0.0136646	0.377124
2012-08-28 00:00:00	0	-1.7317	2.64829	0	-0.198043	-0.00263463	0.0101073	0	0.0702515	0	0	0	0	0	-0.13958	-0.0133674	0.0209397	0	0	0.0228735	0.0216633	0	0	0.16607	-0.0136524	0.861224
2012-08-29 00:00:00	-9.96048	2.78567	2.43066	0	0.993214	-0.0106717	0.0318815	0	0.16618	0	0	0	0	0	1.6032	-0.0133689	0.0209309	0	0	0.0239027	0.0218513	0	0	0.164049	-0.0151966	-1.75817
2012-08-30 00:00:00	-2.91916	-1.09061	2.13427	0	0.0327372	-0.0204267	0.0811543	0	0.469495	0	0	0	0	0	0.762729	-0.0133848	0.0209751	0	0	0.0355654	0.0269482	0	0	0.163436	-0.0183366	-0.334608
2012-08-31 00:00:00	-2.11996	-0.223616	2.3225	0	-0.0765585	-0.00948924	0.040068	0	0.242825	0	0	0	0	0	-0.034753	-0.0133806	0.0209767	0	0	0.0411542	0.0294392	0	0	0.163889	-0.015928	0.367165
2012-09-01 00:00:00	-0.7001	-1.23132	2.6712	0	-0.237121	-0.00528456	0.0210795	0	0.108992	0	0	0	0	0	-0.137877	-0.0133667	0.0209491	0	0	0.0379269	0.0278515	0	0	0.163222	-0.0150125	0.711146
2012-09-02 00:00:00	-0.41986	-0.308151	2.61864	0	-0.566803	-0.00234943	0.00715086	0	0.0443276	0	0	0	0	0	-0.352173	-0.0133461	0.020914	0	0	0.0320394	0.0259042	0	0	0.162256	-0.0140703	1.23448
2012-09-03 00:00:00	-1.42006	-0.0967567	2.6127	0	-0.201527	-0.00159652	0.00276502	0	0.0150622	0	0	0	0	0	-0.212975	-0.0133247	0.0208831	0	0	0.0266483	0.0237383	0	0	0.160693	-0.0135905	0.90266
2012-09-04 00:00:00	-0.37994	-0.145243	2.41426	0	-0.286952	-0.00098387	0.00105099	0	0.0108135	0	0	0	0	0	-0.495001	-0.0133153	0.0208338	0	0	0.0211762	0.0212701	0	0	0.159349	-0.013299	1.31402
2012-09-05 00:00:00	0	-0.150704	2.1875	0	-0.349063	-0.000858851	0.000392491	0	0.00800711	0	0	0	0	0	-0.296101	-0.0132907	0.0207911	0	0	0.0164049	0.0189032	0	0	0.157616	-0.012931	1.58666
2012-09-06 00:00:00	-1.82006	-0.00927114	2.3108	0	0.240211	-0.00104935	0.00182743	0	0.00712124	0	0	0	0	0	-0.198995	-0.0132695	0.020787	0	0	0.0152079	0.0182753	0	0	0.155399	-0.0124558	0.714528
2012-09-07 00:00:00	-3.14002	0.567005	2.51131	0	0.0624036	-0.00245585	0.00500298	0	0.0255748	0	0	0	0	0	0.209304	-0.0132327	0.0207632	0	0	0.0152454	0.018012	0	0	0.153932	-0.0128589	0.419989
2012-09-08 00:00:00	-0.14002	-0.628202	2.39046	0	-0.143442	-0.000758816	0.00112174	0	0.0140054	0	0	0	0	0	-0.434595	-0.0131943	0.0207358	0	0	0.0140066	0.0174093	0	0	0.1529	-0.0124812	1.23795
2012-09-09 00:00:00	-3.2	0.635776	2.49607	0	0.156187	-0.000933289	0.00254212	0	0.00836158	0	0	0	0	0	0.133406	-0.0131445	0.0207138	0	0	0.0135773	0.0169577	0	0	0.151422	-0.0120886	0.408845
2012-09-10 00:00:00	-11.0999	2.80878	2.17944	0	0.971199	-0.00956934	0.0387765	0	0.15674	0	0	0	0	0	2.26143	-0.0131543	0.0207429	0	0	0.0201744	0.0205088	0	0	0.150162	-0.0132842	-2.50796
2012-09-11 00:00:00	-0.54002	-1.21049	1.83401	0	-0.031487	-0.00634231	0.0256503	0	0.171249	0	0	0	0	0	-0.173823	-0.0131628	0.0207561	0	0	0.0297125	0.0248425	0	0	0.150559	-0.0144303	0.267026
2012-09-12 00:00:00	-0.45998	-1.34555	1.91646	0	-0.00429645	-0.00466196	0.0195649	0	0.104968	0	0	0	0	0	0.0302467	-0.0131527	0.0207298	0	0	0.0286948	0.0239768	0	0	0.150275	-0.0135334	0.453736
2012-09-13 00:00:00	-1.84012	0.101959	1.96338	0	-0.0646143	-0.00235126	0.0087195	0	0.0710404	0	0	0	0	0	-0.0318279	-0.0131392	0.0206933	0	0	0.025842	0.0227078	0	0	0.149797	-0.0133202	0.398763
2012-09-14 00:00:00	-1	-0.27614	2.11374	0	-0.205829	-0.00204468	0.00524653	0	0.0429896	0	0	0	0	0	-0.12088	-0.0131226	0.0206746	0	0	0.023325	0.0217419	0	0	0.148852	-0.0130838	0.745466
2012-09-15 00:00:00	0	-0.237806	2.06417	0	-0.442657	-0.00103383	0.00122542	0	0.0167189	0	0	0	0	0	-0.421791	-0.013093	0.0206511	0	0	0.0192907	0.0198256	0	0	0.148005	-0.0126161	1.16089
2012-09-16 00:00:00	-0.4	-0.167662	1.96732	0	-0.324261	-0.000593813	0.000278844	0	0.00683659	0	0	0	0	0	-0.202934	-0.0130491	0.0206117	0	0	0.0152199	0.0177251	0	0	0.147222	-0.0122059	1.05451
2012-09-17 00:00:00	-6.82026	3.04737	1.78745	0	0.689201	-0.00242841	0.00659209	0	0.0328511	0	0	0	0	0	0.599897	-0.013051	0.0206204	0	0	0.0155318	0.0176745	0	0	0.145485	-0.0121273	-0.485195
2012-09-18 00:00:00	-0.34002	-1.25061	1.67383	0	-0.0381012	-0.00294296	0.00619106	0	0.07135	0	0	0	0	0	0.0397828	-0.0130392	0.0205987	0	0	0.017131	0.0180736	0	0	0.144908	-0.0136149	0.333535
2012-09-19 00:00:00	-1.56008	-0.0323893	1.57585	0	0.0182462	-0.00186376	0.00558958	0	0.0435796	0	0	0	0	0	0.133474	-0.01303	0.0205556	0	0	0.0176674	0.0180545	0	0	0.144535	-0.0126151	0.35757
2012-09-20 00:00:00	-30.0201	1.79467	1.66804	0	3.11091	-0.115452	0.453436	0	3.41738	0	0	0	0	0	9.64906	-0.0131199	0.0207346	0	0	0.0491652	0.0316392	0	0	0.136862	-0.0380766	-9.85481
2012-09-21 00:00:00	-0.51996	-0.884297	1.46588	0	-1.18515	-0.038893	0.138974	0	1.69625	0	0	0	0	0	-1.46209	-0.0132075	0.0208708	0	0	0.0877657	0.0456514	0	0	0.144029	-0.0356298	-0.539807
2012-09-22 00:00:00	-0.14002	-1.39373	1.64497	0	-0.122768	-0.0164225	0.0616037	0	0.581367	0	0	0	0	0	-0.617118	-0.0132058	0.0208374	0	0	0.0776307	0.0412036	0	0	0.151578	-0.0247038	0.251218
2012-09-23 00:00:00	-0.14002	-0.588111	1.51355	0	-0.317103	-0.0103289	0.0336914	0	0.321739	0	0	0	0	0	-0.520053	-0.0131961	0.020807	0	0	0.0668043	0.0370599	0	0	0.153793	-0.0212536	0.537378
2012-09-24 00:00:00	-14.8197	2.84695	1.42435	0	1.3056	-0.0648858	0.285577	0	2.29647	0	0	0	0	0	3.86534	-0.013225	0.0208767	0	0	0.0774879	0.0414438	0	0	0.150318	-0.0328957	-2.61625
2012-09-25 00:00:00	-34.1412	0.0237256	1.64826	0	2.052	-0.255471	1.08624	0	12.2164	0	0	0	0	0	10.1553	-0.0133504	0.0211453	0	0	0.144717	0.0625828	0	0	0.137917	-0.0728366	-6.93462
2012-09-26 00:00:00	-22.7819	-0.00105112	1.65581	0	0.103463	-0.243632	0.910429	0	12.9016	0	0	0	0	0	3.87778	-0.013463	0.0213669	0	0	0.21835	0.0773897	0	0	0.148351	-0.0773456	-3.20294
2012-09-27 00:00:00	-2.77934	-0.539773	1.61043	0	-1.58047	-0.0859725	0.293287	0	4.24435	0	0	0	0	0	-2.17849	-0.013484	0.0214512	0	0	0.233497	0.077016	0	0	0.175332	-0.0497565	-0.571918
2012-09-28 00:00:00	-3.0002	0.509885	1.59224	0	-0.0422623	-0.0515035	0.162715	0	2.07862	0	0	0	0	0	-1.36538	-0.013481	0.0214596	0	0	0.205658	0.0702759	0	0	0.186483	-0.0397617	0.314746
2012-09-29 00:00:00	-0.65998	-0.858455	1.57207	0	-0.505621	-0.0322706	0.103695	0	1.43251	0	0	0	0	0	-1.14503	-0.0134775	0.0214443	0	0	0.175112	0.0615009	0	0	0.190186	-0.0358368	0.305847
2012-09-30 00:00:00	-9.98094	0.858868	1.67489	0	0.886977	-0.0786929	0.28106	0	3.80895	0	0	0	0	0	1.61063	-0.0134887	0.0214356	0	0	0.157028	0.0552186	0	0	0.185116	-0.0479099	-0.580855
2012-10-01 00:00:00	-1.31996	-0.258765	1.5595	0	-0.511884	-0.0289654	0.091473	0	1.63825	0	0	0	0	0	-1.07105	-0.0134884	0.0214374	0	0	0.140044	0.0498488	0	0	0.192947	-0.0375166	0.451872
2012-10-02 00:00:00	-3.44032	0.191398	1.43804	0	0.0347557	-0.0343591	0.113387	0	1.53481	0	0	0	0	0	0.0187044	-0.0134806	0.0214168	0	0	0.122217	0.0447942	0	0	0.195826	-0.03567	0.191515
2012-10-03 00:00:00	-4.3005	-0.134418	1.24685	0	0.132407	-0.041314	0.145215	0	2.08783	0	0	0	0	0	0.49025	-0.0134755	0.0214035	0	0	0.110449	0.0406976	0	0	0.194604	-0.0399254	-0.0599258
2012-10-04 00:00:00	-1.08004	-0.154806	1.20402	0	-0.60308	-0.0184732	0.0567775	0	1.0305	0	0	0	0	0	-0.508889	-0.0134683	0.0213889	0	0	0.0979487	0.0371032	0	0	0.198675	-0.0320936	0.235565
2012-10-05 00:00:00	-2.14022	-0.134839	1.21646	0	0.104643	-0.0177431	0.0591442	0	0.721379	0	0	0	0	0	0.0930698	-0.0134621	0.0213686	0	0	0.085582	0.0339127	0	0	0.200754	-0.0282112	0.201837
2012-10-06 00:00:00	-0.23992	-0.940865	1.25854	0	-0.412411	-0.0100237	0.0331929	0	0.48183	0	0	0	0	0	-0.194103	-0.0134571	0.0213473	0	0	0.0757611	0.0314747	0	0	0.2016	-0.0253905	0.26758
2012-10-07 00:00:00	-4.21866	-0.0724194	1.32641	0	-0.00160122	-0.0305912	0.133234	0	0.86138	0	0	0	0	0	1.32372	-0.0134802	0.0213913	0	0	0.081799	0.0365776	0	0	0.202653	-0.0217483	-0.371336
2012-10-08 00:00:00	-0.14002	-0.776236	1.25586	0	-0.423754	-0.013443	0.058047	0	0.411311	0	0	0	0	0	-0.261005	-0.0134886	0.0214098	0	0	0.0887899	0.0406535	0	0	0.203027	-0.0198417	0.43131
2012-10-09 00:00:00	0	-0.456606	1.09994	0	-0.542001	-0.00743141	0.028404	0	0.174465	0	0	0	0	0	-0.110286	-0.013482	0.0213847	0	0	0.0757489	0.0369827	0	0	0.2032	-0.01812	0.492195
2012-10-10 00:00:00	-0.14002	-0.296143	1.31064	0	-0.41999	-0.00346065	0.0135152	0	0.0786339	0	0	0	0	0	-0.126407	-0.0134715	0.0213538	0	0	0.0625096	0.0335204	0	0	0.202761	-0.016964	0.706475
2012-10-11 00:00:00	-16.0211	3.04519	1.25185	0	2.95733	-0.0660666	0.263076	0	2.88037	0	0	0	0	0	3.9498	-0.0134824	0.0213668	0	0	0.0662241	0.0333863	0	0	0.194383	-0.0361017	-1.47374
2012-10-12 00:00:00	-24.9394	0.00573396	1.06523	0	0.746388	-0.256601	0.975487	0	11.9798	0	0	0	0	0	7.35381	-0.0135618	0.0216004	0	0	0.147035	0.0574326	0	0	0.179944	-0.0689488	-2.74613
2012-10-13 00:00:00	-1.16008	-0.15672	1.08157	0	-1.56333	-0.0632501	0.213889	0	3.46802	0	0	0	0	0	-1.98007	-0.013625	0.0217226	0	0	0.186969	0.0701166	0	0	0.198531	-0.045467	0.258276
2012-10-14 00:00:00	-4.24032	0.163433	1.03725	0	0.508898	-0.0608194	0.208667	0	2.62112	0	0	0	0	0	-0.142397	-0.0136394	0.0217172	0	0	0.164589	0.0624891	0	0	0.202909	-0.0419547	0.491946
2012-10-15 00:00:00	-0.61986	-0.406977	0.819428	0	-0.78707	-0.029013	0.0980769	0	1.41397	0	0	0	0	0	-0.722299	-0.0136383	0.02172	0	0	0.143773	0.0559809	0	0	0.207088	-0.0345631	0.146614
2012-10-16 00:00:00	-15.1797	0.411542	0.873746	0	1.64045	-0.152455	0.571391	0	6.1766	0	0	0	0	0	4.34105	-0.0136752	0.0218463	0	0	0.167778	0.0640237	0	0	0.198561	-0.0515057	-0.930384
2012-10-17 00:00:00	-23.7402	-0.00373342	0.864346	0	0.679044	-0.274384	1.012	0	13.0796	0	0	0	0	0	6.23876	-0.0137963	0.0221684	0	0	0.254855	0.0935887	0	0	0.189155	-0.0726927	-1.67131
2012-10-18 00:00:00	-5.2	0.000592169	0.904459	0	-1.31321	-0.121762	0.41943	0	6.09485	0	0	0	0	0	-0.974694	-0.0138607	0.0224078	0	0	0.295496	0.109449	0	0	0.201749	-0.0569951	0.367912
2012-10-19 00:00:00	-1.37994	-0.0208828	1.04392	0	-0.427888	-0.0423836	0.137249	0	1.83299	0	0	0	0	0	-1.39316	-0.0138701	0.0224788	0	0	0.256861	0.0961222	0	0	0.213405	-0.0385248	0.286374
2012-10-20 00:00:00	-1.51996	0.02495	0.928441	0	0.0124902	-0.0305997	0.100931	0	1.09469	0	0	0	0	0	-0.544906	-0.0138664	0.0224841	0	0	0.211756	0.0813809	0	0	0.216616	-0.0325129	0.551896
2012-10-21 00:00:00	0	-1.08487	1.16316	0	-0.827117	-0.0232441	0.0789011	0	1.03283	0	0	0	0	0	-0.69551	-0.0138688	0.0224805	0	0	0.189812	0.074254	0	0	0.216434	-0.0313325	0.101919
2012-10-22 00:00:00	-0.48004	-0.283093	0.778413	0	-0.209671	-0.0181377	0.0653252	0	0.645717	0	0	0	0	0	-0.393467	-0.013866	0.0224778	0	0	0.162075	0.0651972	0	0	0.217694	-0.0269538	0.53167
2012-10-23 00:00:00	-0.62006	-0.24574	0.874325	0	-0.151437	-0.0106349	0.0386264	0	0.385072	0	0	0	0	0	-0.251054	-0.0138595	0.0224477	0	0	0.137076	0.0570793	0	0	0.218027	-0.0241451	0.415724
2012-10-24 00:00:00	-0.34002	-0.423369	0.822778	0	-0.170925	-0.00818464	0.0312815	0	0.295341	0	0	0	0	0	-0.123421	-0.0138516	0.0224185	0	0	0.116584	0.0505222	0	0	0.21783	-0.0221427	0.454841
2012-10-25 00:00:00	-1.04842	0.240971	0.78593	0	-0.120206	-0.00708	0.0270601	0	0.236102	0	0	0	0	0	-0.000512242	-0.0138407	0.0223899	0	0	0.0992336	0.0450491	0	0	0.21745	-0.0208264	0.463297
2012-10-26 00:00:00	-0.432025	-0.187454	0.647442	0	-0.171079	-0.00604992	0.023225	0	0.197284	0	0	0	0	0	0.0700962	-0.0138327	0.0223606	0	0	0.0847601	0.0404884	0	0	0.216765	-0.0197658	0.472216
2012-10-27 00:00:00	-5.17148	1.88451	0.637973	0	0.704365	-0.0192729	0.0574904	0	0.564777	0	0	0	0	0	0.946959	-0.0138328	0.0223484	0	0	0.0774551	0.0381589	0	0	0.21374	-0.0226485	-0.0794608
2012-10-28 00:00:00	-5.10018	-0.0172099	0.815386	0	0.617478	-0.0425543	0.143187	0	1.63844	0	0	0	0	0	1.27977	-0.0138452	0.0223712	0	0	0.0833898	0.0397017	0	0	0.207904	-0.0349021	-0.361069
2012-10-29 00:00:00	-0.300781	-0.354222	0.662696	0	-0.642408	-0.0172357	0.0555171	0	0.863142	0	0	0	0	0	-0.264711	-0.0138463	0.0223551	0	0	0.0798744	0.0383097	0	0	0.210485	-0.0290519	0.310124
2012-10-30 00:00:00	-1.33011	0.310499	0.71052	0	-0.0296078	-0.00848569	0.0287679	0	0.278052	0	0	0	0	0	0.0378492	-0.0138379	0.022336	0	0	0.0688861	0.0352139	0	0	0.212955	-0.0218439	0.301197
2012-10-31 00:00:00	-14.2939	-0.00472934	0.698848	0	1.81533	-0.135479	0.483724	0	5.16199	0	0	0	0	0	4.47883	-0.0138614	0.022429	0	0	0.0967446	0.0440224	0	0	0.199994	-0.049333	-1.4954
2012-11-01 00:00:00	-3.9427	-0.0234917	0.575918	0	-0.70373	-0.0677443	0.23897	0	3.3127	0	0	0	0	0	0.0736165	-0.0139044	0.0225171	0	0	0.12398	0.0519459	0	0	0.20525	-0.0457729	-0.192449
2012-11-02 00:00:00	-3.45476	-0.00302816	0.5986	0	0.0809855	-0.0524727	0.203428	0	2.18763	0	0	0	0	0	0.287955	-0.0139525	0.0225449	0	0	0.122677	0.0517085	0	0	0.210473	-0.0389361	0.202854
2012-11-03 00:00:00	-1.05457	-0.0215273	0.50544	0	-0.66871	-0.0276545	0.0990951	0	1.26827	0	0	0	0	0	-0.333578	-0.0139561	0.0225399	0	0	0.113247	0.0489112	0	0	0.214282	-0.0328138	0.118982
2012-11-04 00:00:00	-0.300781	-0.201853	0.509421	0	-0.334985	-0.014542	0.0518956	0	0.564528	0	0	0	0	0	-0.321682	-0.0139576	0.0225355	0	0	0.0982577	0.0442412	0	0	0.21695	-0.0259652	0.294062
2012-11-05 00:00:00	-0.14002	-0.3462	0.508631	0	-0.193732	-0.00986018	0.0364956	0	0.348015	0	0	0	0	0	-0.195686	-0.0139517	0.0225155	0	0	0.0846626	0.0400835	0	0	0.217353	-0.0228687	0.335438
2012-11-06 00:00:00	-2.97609	0.51485	0.646162	0	0.323434	-0.0184248	0.0820845	0	0.600262	0	0	0	0	0	0.610393	-0.0139515	0.0225093	0	0	0.0775859	0.0382618	0	0	0.216138	-0.024139	0.0990774
2012-11-07 00:00:00	-3.24553	-0.0161817	0.613977	0	0.276906	-0.0293743	0.121464	0	1.20242	0	0	0	0	0	0.728083	-0.0139587	0.0225244	0	0	0.079016	0.0386665	0	0	0.212935	-0.0310862	-0.0401388
2012-11-08 00:00:00	-0.304788	-0.431746	0.63397	0	-0.575575	-0.0105266	0.0457545	0	0.617996	0	0	0	0	0	-0.11311	-0.013953	0.0225406	0	0	0.0726859	0.0365739	0	0	0.214555	-0.0267637	0.167614
2012-11-09 00:00:00	-2.95852	0.403724	0.624485	0	0.450286	-0.0198827	0.0887859	0	0.742842	0	0	0	0	0	0.530422	-0.0139525	0.0225505	0	0	0.0671615	0.0349259	0	0	0.214069	-0.0263402	0.16056
2012-11-10 00:00:00	-0.479159	-0.123572	0.511207	0	-0.419242	-0.00999514	0.037963	0	0.511342	0	0	0	0	0	-0.111497	-0.0139637	0.0225327	0	0	0.0624896	0.033438	0	0	0.2141	-0.0249291	0.210714
2012-11-11 00:00:00	-1.76832	-0.110127	0.470311	0	0.194617	-0.0188332	0.0447827	0	0.598894	0	0	0	0	0	0.468316	-0.0139689	0.0224967	0	0	0.0565026	0.0311243	0	0	0.213706	-0.0240969	0.165405
2012-11-12 00:00:00	-2.55832	0.189152	0.63351	0	0.120825	-0.0217649	0.0653986	0	0.789826	0	0	0	0	0	0.541487	-0.0139701	0.0224961	0	0	0.056952	0.0311546	0	0	0.2117	-0.026366	0.0420822
2012-11-13 00:00:00	-9.13357	-0.015726	0.649203	0	1.14341	-0.0869723	0.308831	0	3.34169	0	0	0	0	0	2.77767	-0.0139896	0.0225647	0	0	0.0783839	0.0379272	0	0	0.205347	-0.0404931	-0.725717
2012-11-14 00:00:00	-15.0846	-0.0129295	0.587453	0	1.25181	-0.174588	0.587047	0	7.13237	0	0	0	0	0	4.39477	-0.0140357	0.0227824	0	0	0.143654	0.0585464	0	0	0.199347	-0.0551445	-0.963476
2012-11-15 00:00:00	-0.65998	-0.0195464	0.526863	0	-1.85572	-0.0582689	0.188653	0	2.98816	0	0	0	0	0	-1.36598	-0.0140745	0.0228846	0	0	0.160476	0.0639064	0	0	0.209975	-0.040683	0.146662
2012-11-16 00:00:00	0	-0.48613	0.515888	0	-0.393693	-0.0210243	0.0697032	0	0.834823	0	0	0	0	0	-0.570792	-0.0140668	0.0229016	0	0	0.132455	0.0549895	0	0	0.216769	-0.0283532	0.33347
2012-11-17 00:00:00	-3.45774	0.457767	0.460062	0	0.453348	-0.0330025	0.108824	0	1.14697	0	0	0	0	0	0.437416	-0.0140678	0.0229042	0	0	0.122284	0.0516291	0	0	0.214906	-0.0308874	-0.0595874
2012-11-18 00:00:00	-0.239239	-0.188644	0.426308	0	-0.716709	-0.0192782	0.0633042	0	0.918225	0	0	0	0	0	-0.35521	-0.0140661	0.0228922	0	0	0.109715	0.0475036	0	0	0.215151	-0.0294726	0.240482
2012-11-19 00:00:00	-2.88473	0.15491	0.504487	0	0.319958	-0.0259654	0.111126	0	0.973688	0	0	0	0	0	0.564308	-0.0140698	0.0228906	0	0	0.100613	0.044863	0	0	0.215107	-0.0286237	0.0585647
2012-11-20 00:00:00	-0.420741	-0.194299	0.539306	0	-0.432786	-0.0133326	0.0536645	0	0.596966	0	0	0	0	0	-0.199924	-0.0140706	0.022882	0	0	0.091899	0.042461	0	0	0.215732	-0.0259097	0.261847
2012-11-21 00:00:00	0	-0.403927	0.435399	0	-0.21653	-0.00847862	0.0331867	0	0.29719	0	0	0	0	0	-0.108568	-0.0140657	0.0228605	0	0	0.0793938	0.0387189	0	0	0.216577	-0.0214086	0.350348
2012-11-22 00:00:00	-21.804	0.556015	0.462312	0	3.01922	-0.207243	0.735864	0	8.32515	0	0	0	0	0	7.0305	-0.0141489	0.0230228	0	0	0.13194	0.0556274	0	0	0.200348	-0.0547677	-1.5402
2012-11-23 00:00:00	-1.8816	-0.0277971	0.419058	0	-1.87857	-0.0684676	0.236096	0	3.72965	0	0	0	0	0	-1.12024	-0.0142688	0.0231563	0	0	0.173045	0.0688441	0	0	0.209614	-0.0453029	-0.176788
2012-11-24 00:00:00	-0.458417	-0.036936	0.317937	0	0.0232877	-0.0219801	0.0694978	0	0.937816	0	0	0	0	0	-0.694961	-0.014289	0.0231719	0	0	0.14358	0.0591361	0	0	0.218153	-0.0307254	0.535271
2012-11-25 00:00:00	-10.4199	0.00310222	0.375086	0	0.600295	-0.120819	0.446642	0	4.86345	0	0	0	0	0	2.99885	-0.0143446	0.0232566	0	0	0.164983	0.0663953	0	0	0.209364	-0.0479178	-0.85151
2012-11-26 00:00:00	-10.2	-0.0104876	0.2637	0	0.427425	-0.146958	0.532994	0	6.53965	0	0	0	0	0	2.19837	-0.0144427	0.0234456	0	0	0.20383	0.0793708	0	0	0.206051	-0.0554647	0.0474845
2012-11-27 00:00:00	-0.2	-0.214468	0.410516	0	-1.15561	-0.0407903	0.137769	0	2.08051	0	0	0	0	0	-1.13225	-0.0145057	0.0235289	0	0	0.189307	0.074079	0	0	0.217423	-0.0382664	0.337243
2012-11-28 00:00:00	-0.2	-0.189463	0.405668	0	-0.546804	-0.0200599	0.0665651	0	0.902707	0	0	0	0	0	-0.733067	-0.014508	0.0235349	0	0	0.167531	0.0671526	0	0	0.221498	-0.0300976	0.120658
2012-11-29 00:00:00	0	-0.365498	0.397731	0	-0.340033	-0.0156305	0.0562853	0	0.600038	0	0	0	0	0	-0.375516	-0.0145023	0.0235298	0	0	0.141938	0.0589553	0	0	0.222464	-0.0262708	0.36349
2012-11-30 00:00:00	-0.145435	-0.126539	0.281974	0	-0.188372	-0.0144543	0.0534445	0	0.495276	0	0	0	0	0	-0.259811	-0.0144932	0.0235241	0	0	0.122475	0.0527803	0	0	0.222094	-0.0243909	0.478072
2012-12-01 00:00:00	-1.0363	0.645083	0.21608	0	-0.151347	-0.00954539	0.0350344	0	0.329808	0	0	0	0	0	-0.0356047	-0.014486	0.0235043	0	0	0.10397	0.0469813	0	0	0.221737	-0.0221874	0.352724
2012-12-02 00:00:00	-0.694531	0.0591956	0.184763	0	0.0318048	-0.0116906	0.0349805	0	0.325883	0	0	0	0	0	0.113382	-0.0144787	0.023484	0	0	0.0881889	0.0421484	0	0	0.220441	-0.0223438	0.381227
2012-12-03 00:00:00	-5.80636	0.0650324	0.31541	0	0.875938	-0.0536654	0.220869	0	1.6083	0	0	0	0	0	1.93409	-0.0144937	0.0235313	0	0	0.0975325	0.0464255	0	0	0.215936	-0.0316205	-0.50308
2012-12-04 00:00:00	-0.186236	-0.0957673	0.248533	0	-0.624878	-0.017237	0.068194	0	0.776954	0	0	0	0	0	-0.28852	-0.014503	0.0235784	0	0	0.103589	0.0494126	0	0	0.217302	-0.0283183	0.232103
2012-12-05 00:00:00	-0.516344	0.00790452	0.189945	0	-0.0549349	-0.0138427	0.0570712	0	0.425541	0	0	0	0	0	0.000516295	-0.0144976	0.0235686	0	0	0.0905783	0.044982	0	0	0.218393	-0.0232324	0.435648
2012-12-06 00:00:00	-6.06854	0.0352741	0.244637	0	0.957962	-0.0674148	0.276172	0	2.20563	0	0	0	0	0	1.77549	-0.014503	0.0235985	0	0	0.0919624	0.0463411	0	0	0.210614	-0.0401351	-0.322908
2012-12-07 00:00:00	-2.12156	-0.0173794	0.273526	0	-0.284483	-0.0417255	0.159884	0	1.56891	0	0	0	0	0	0.316557	-0.0145248	0.0236712	0	0	0.100492	0.0502452	0	0	0.213731	-0.0363406	0.191004
2012-12-08 00:00:00	-1.08004	-0.0210089	0.31056	0	-0.275473	-0.0220772	0.0841232	0	0.844217	0	0	0	0	0	-0.0535553	-0.0145409	0.0236895	0	0	0.0945784	0.0480478	0	0	0.216925	-0.0297328	0.125712
2012-12-09 00:00:00	-1.32559	-0.0166112	0.305362	0	-0.0469952	-0.0167044	0.0655706	0	0.640599	0	0	0	0	0	0.22141	-0.0145391	0.0236982	0	0	0.0851827	0.0440787	0	0	0.218265	-0.0251573	0.158566
2012-12-10 00:00:00	0	-0.219536	0.226509	0	-0.392419	-0.0101592	0.0388679	0	0.445613	0	0	0	0	0	-0.0951142	-0.014536	0.0236809	0	0	0.0762477	0.0406866	0	0	0.218261	-0.0227517	0.31535
2012-12-11 00:00:00	-0.2	0.0367302	0.163145	0	-0.185106	-0.00755227	0.0293832	0	0.252002	0	0	0	0	0	-0.0361471	-0.0145305	0.0236618	0	0	0.0667374	0.0373781	0	0	0.217831	-0.020457	0.363077
2012-12-12 00:00:00	0	-0.201362	0.215929	0	-0.168459	-0.00616451	0.0241949	0	0.193934	0	0	0	0	0	0.0507359	-0.0145219	0.0236375	0	0	0.0580163	0.034343	0	0	0.216694	-0.0191899	0.407788
2012-12-13 00:00:00	0	-0.211092	0.229932	0	-0.162605	-0.00563571	0.0223508	0	0.156993	0	0	0	0	0	0.0624444	-0.0145129	0.023613	0	0	0.0513706	0.0320304	0	0	0.214995	-0.018309	0.381574
2012-12-14 00:00:00	-19.5776	0.505306	0.265125	0	2.70898	-0.165861	0.662062	0	6.07849	0	0	0	0	0	6.65415	-0.0145706	0.0237998	0	0	0.110666	0.0528102	0	0	0.202686	-0.0435289	-2.53745
2012-12-15 00:00:00	-2.84012	-0.0178198	0.304357	0	-0.763503	-0.0708713	0.256814	0	3.40194	0	0	0	0	0	-0.562422	-0.0146135	0.0239826	0	0	0.169501	0.0720415	0	0	0.207431	-0.0433559	0.123359
2012-12-16 00:00:00	-0.2	-0.107656	0.296746	0	-0.754004	-0.0280637	0.101454	0	1.3742	0	0	0	0	0	-0.723802	-0.0146088	0.0239843	0	0	0.147882	0.0641053	0	0	0.214375	-0.0321371	0.362477
2012-12-17 00:00:00	-0.25998	-0.0318352	0.278164	0	-0.406238	-0.0141387	0.051899	0	0.536124	0	0	0	0	0	-0.355673	-0.0146029	0.0239617	0	0	0.125899	0.0566979	0	0	0.21734	-0.0248083	0.182811
2012-12-18 00:00:00	-2.45998	0.0848295	0.287122	0	0.338225	-0.0268006	0.108008	0	0.915991	0	0	0	0	0	0.505261	-0.0146108	0.0239589	0	0	0.115212	0.0531618	0	0	0.215933	-0.0268703	0.119441
2012-12-19 00:00:00	-5.17974	-0.0161188	0.228337	0	0.596677	-0.0600527	0.236295	0	2.13616	0	0	0	0	0	1.4884	-0.0146282	0.024017	0	0	0.124161	0.0565547	0	0	0.212274	-0.034968	-0.202631
2012-12-20 00:00:00	-25.5188	-0.0191555	0.219031	0	1.57299	-0.311616	1.13794	0	12.0397	0	0	0	0	0	8.0467	-0.0147356	0.0243779	0	0	0.253232	0.109178	0	0	0.197358	-0.0645906	-2.32833
2012-12-21 00:00:00	-5.07924	-0.0144494	0.186007	0	-0.959208	-0.14332	0.503243	0	5.64536	0	0	0	0	0	-0.38421	-0.0148393	0.0247302	0	0	0.378656	0.162546	0	0	0.209639	-0.0515837	0.463334
2012-12-22 00:00:00	-13.0804	-0.019073	0.303354	0	0.392934	-0.186845	0.670793	0	8.14819	0	0	0	0	0	2.60329	-0.0148962	0.0249933	0	0	0.388266	0.165364	0	0	0.206442	-0.0608498	-0.45848
2012-12-23 00:00:00	-13.3605	-0.0171976	0.327507	0	0.24112	-0.199189	0.699152	0	9.20001	0	0	0	0	0	2.14289	-0.0149431	0.0252694	0	0	0.396895	0.163022	0	0	0.205548	-0.0660034	-0.256401
2012-12-24 00:00:00	-4.68004	-0.0204469	0.296851	0	-0.84492	-0.106292	0.361667	0	4.9864	0	0	0	0	0	-0.593693	-0.0150037	0.0253826	0	0	0.375787	0.151866	0	0	0.214746	-0.0539389	0.098363
2012-12-25 00:00:00	-1.5996	-0.0130298	0.26903	0	-0.555312	-0.0684761	0.234299	0	2.60612	0	0	0	0	0	-0.921637	-0.015035	0.0254091	0	0	0.339123	0.138345	0	0	0.222898	-0.0412733	0.620859
2012-12-26 00:00:00	-5.14022	-0.0142775	0.273906	0	0.558841	-0.0807615	0.288658	0	3.21412	0	0	0	0	0	0.527132	-0.0150522	0.0254367	0	0	0.306405	0.125638	0	0	0.221465	-0.0444632	0.24683
2012-12-27 00:00:00	-6.94022	-0.0154696	0.22638	0	0.686723	-0.0954495	0.339924	0	4.14259	0	0	0	0	0	1.16879	-0.015074	0.0255552	0	0	0.286163	0.116269	0	0	0.218447	-0.0494854	0.09514
2012-12-28 00:00:00	-4.77874	-0.0153479	0.317691	0	-0.853894	-0.109951	0.388704	0	3.7177	0	0	0	0	0	0.719657	-0.0151222	0.0257901	0	0	0.301362	0.125791	0	0	0.223013	-0.0422121	0.00443657
2012-12-29 00:00:00	-3.46018	-0.0179446	0.301807	0	-0.0303401	-0.0666621	0.245482	0	2.5287	0	0	0	0	0	0.0511388	-0.0151176	0.025886	0	0	0.289644	0.122347	0	0	0.225092	-0.0398094	0.160044
2012-12-30 00:00:00	-5.54002	-0.0209197	0.273269	0	0.103099	-0.0794865	0.28928	0	3.31648	0	0	0	0	0	0.851747	-0.0151408	0.0259486	0	0	0.269861	0.113804	0	0	0.22217	-0.0448753	-0.234785
2012-12-31 00:00:00	-6.3001	-0.0151053	0.333087	0	0.224772	-0.0941805	0.341238	0	4.02182	0	0	0	0	0	1.00976	-0.0151889	0.0260893	0	0	0.262581	0.110694	0	0	0.22051	-0.0474908	0.0784902
2013-01-01 00:00:00	-0.6	-0.0114625	0.310951	0	-0.664554	-0.0348525	0.122767	0	1.65645	0	0	0	0	0	-0.688728	-0.015202	0.0261499	0	0	0.228575	0.0972583	0	0	0.226772	-0.0367983	0.617325
2013-01-02 00:00:00	-5.71996	-0.017805	0.258811	0	0.559381	-0.0742045	0.275268	0	2.88041	0	0	0	0	0	1.14675	-0.0152206	0.0262361	0	0	0.222499	0.0951899	0	0	0.224695	-0.041448	-0.179396
2013-01-03 00:00:00	-0.62006	-0.0405353	0.277721	0	-0.852623	-0.0256648	0.0906523	0	1.36061	0	0	0	0	0	-0.555499	-0.0152311	0.0262981	0	0	0.201793	0.087228	0	0	0.227967	-0.0345238	0.128137
2013-01-04 00:00:00	0	-0.282504	0.298247	0	-0.307713	-0.0172806	0.0639327	0	0.667787	0	0	0	0	0	-0.401579	-0.0152298	0.0263101	0	0	0.171905	0.0761768	0	0	0.230706	-0.0275051	0.483255
2013-01-05 00:00:00	-1.71996	0.274095	0.282839	0	0.0534948	-0.019021	0.0769476	0	0.660377	0	0	0	0	0	0.25918	-0.0152171	0.0263194	0	0	0.146284	0.0668748	0	0	0.230998	-0.0259553	0.297258
2013-01-06 00:00:00	-0.25998	-0.067748	0.287937	0	-0.428958	-0.0113706	0.043897	0	0.48714	0	0	0	0	0	-0.123612	-0.0152069	0.0263183	0	0	0.129954	0.0611132	0	0	0.23035	-0.0249769	0.334857
2013-01-07 00:00:00	-7.02006	0.0363158	0.303056	0	1.50658	-0.0617171	0.249957	0	2.28724	0	0	0	0	0	1.98388	-0.0152117	0.0263614	0	0	0.131775	0.0618224	0	0	0.225032	-0.0361321	-0.321105
2013-01-08 00:00:00	-3.27984	-0.0202688	0.354068	0	-0.340803	-0.0507098	0.193567	0	2.15567	0	0	0	0	0	0.429576	-0.0152126	0.0264843	0	0	0.144117	0.0666554	0	0	0.225433	-0.0373633	-0.148625
2013-01-09 00:00:00	0	-0.324211	0.342871	0	-0.887579	-0.0121474	0.0447456	0	0.752348	0	0	0	0	0	-0.17933	-0.0152093	0.0265591	0	0	0.122991	0.058984	0	0	0.229955	-0.0284152	0.131562
2013-01-10 00:00:00	-0.71996	0.256667	0.353049	0	-0.0719107	-0.0175803	0.0685196	0	0.55637	0	0	0	0	0	-0.26555	-0.0152075	0.0265752	0	0	0.114309	0.055911	0	0	0.230045	-0.0241405	0.547097
2013-01-11 00:00:00	-0.14002	-0.226456	0.3735	0	-0.340375	-0.00889195	0.0350271	0	0.312362	0	0	0	0	0	-0.0270931	-0.0151985	0.026557	0	0	0.0961985	0.0493781	0	0	0.230065	-0.0215003	0.343553
2013-01-12 00:00:00	-0.05998	-0.249546	0.336764	0	-0.21163	-0.00725294	0.029194	0	0.228015	0	0	0	0	0	0.0334732	-0.0151914	0.0265565	0	0	0.0829507	0.0447283	0	0	0.228845	-0.020084	0.446842
2013-01-13 00:00:00	-0.6	0.339205	0.243688	0	-0.194461	-0.00650549	0.0255698	0	0.212112	0	0	0	0	0	0.118102	-0.0151855	0.0265295	0	0	0.0721511	0.0409968	0	0	0.227302	-0.0194922	0.470011
2013-01-14 00:00:00	-2.51976	0.109022	0.256365	0	0.450289	-0.0187933	0.0862109	0	0.515176	0	0	0	0	0	0.830758	-0.0151906	0.0265314	0	0	0.0715659	0.041335	0	0	0.224954	-0.0206954	0.0377691
2013-01-15 00:00:00	-0.11996	-0.148945	0.213956	0	-0.318662	-0.0108967	0.0469474	0	0.418003	0	0	0	0	0	0.021076	-0.0151951	0.0265247	0	0	0.0726568	0.0421401	0	0	0.223017	-0.0214655	0.429196
2013-01-16 00:00:00	0	-0.195913	0.212946	0	-0.101133	-0.00489448	0.0209496	0	0.151003	0	0	0	0	0	0.0919271	-0.0151836	0.0264845	0	0	0.0627619	0.0385297	0	0	0.222377	-0.0185168	0.491338
2013-01-17 00:00:00	0	-0.298971	0.327997	0	-0.147017	-0.00588012	0.0242347	0	0.168269	0	0	0	0	0	0.124407	-0.0151716	0.026469	0	0	0.0556919	0.0358871	0	0	0.220313	-0.017754	0.498474
2013-01-18 00:00:00	0	-0.357436	0.392185	0	-0.0820499	-0.0043638	0.0187745	0	0.113168	0	0	0	0	0	0.178901	-0.0151555	0.0264735	0	0	0.0484809	0.0331219	0	0	0.218719	-0.0169167	0.553902
2013-01-19 00:00:00	-0.14002	-0.183222	0.339464	0	-0.0962969	-0.00477537	0.0191541	0	0.129035	0	0	0	0	0	0.157364	-0.0151417	0.0264733	0	0	0.0444267	0.0315686	0	0	0.216395	-0.016667	0.507757
2013-01-20 00:00:00	0	-0.308854	0.346166	0	-0.0896381	-0.00475583	0.0195171	0	0.119822	0	0	0	0	0	0.187935	-0.015123	0.0264771	0	0	0.0404884	0.0300266	0	0	0.214009	-0.0163036	0.549767
2013-01-21 00:00:00	-0.14002	-0.0406935	0.385198	0	-0.190604	-0.00368663	0.0134536	0	0.109044	0	0	0	0	0	0.162281	-0.0151106	0.0264477	0	0	0.0373588	0.0289257	0	0	0.211594	-0.0161045	0.568083
2013-01-22 00:00:00	-0.14002	-0.0399434	0.379743	0	-0.0816819	-0.00334245	0.0120845	0	0.0711166	0	0	0	0	0	0.143215	-0.0150957	0.0264006	0	0	0.0338604	0.0277869	0	0	0.209616	-0.0155572	0.608183
2013-01-23 00:00:00	-0.14002	-0.0327546	0.335162	0	-0.054292	-0.0021967	0.00770109	0	0.0501278	0	0	0	0	0	0.162239	-0.0150783	0.0263926	0	0	0.0308181	0.026768	0	0	0.207697	-0.0152758	0.587288
2013-01-24 00:00:00	0	-0.055409	0.344147	0	-0.131851	-0.00325153	0.0107205	0	0.0729909	0	0	0	0	0	0.132986	-0.0150635	0.0263574	0	0	0.0287943	0.0260644	0	0	0.205549	-0.0151566	0.626878
2013-01-25 00:00:00	-0.14002	-0.0374289	0.447361	0	-0.114181	-0.00285255	0.00964115	0	0.0580288	0	0	0	0	0	0.144427	-0.0150462	0.026311	0	0	0.026754	0.0250783	0	0	0.203713	-0.0149459	0.616839
2013-01-26 00:00:00	-15.8812	1.52744	0.360451	0	2.81594	-0.0673451	0.310032	0	3.2026	0	0	0	0	0	4.21765	-0.0150791	0.0263305	0	0	0.0382497	0.0264673	0	0	0.193466	-0.0380214	-3.28305
2013-01-27 00:00:00	-8.77854	-0.0142671	0.345347	0	-0.244279	-0.110764	0.434457	0	4.36954	0	0	0	0	0	2.09006	-0.0151501	0.0264973	0	0	0.0941493	0.0477061	0	0	0.19473	-0.0440232	-1.60454
2013-01-28 00:00:00	-3.78014	-0.012651	0.292255	0	-0.119216	-0.066223	0.250926	0	2.70773	0	0	0	0	0	0.0881688	-0.0151802	0.0265987	0	0	0.130853	0.0631396	0	0	0.201875	-0.0394558	-0.271323
2013-01-29 00:00:00	-1.8999	-0.0196248	0.436318	0	-0.357451	-0.0391022	0.146325	0	1.6359	0	0	0	0	0	-0.192585	-0.0151825	0.0265999	0	0	0.126022	0.061013	0	0	0.207249	-0.0341091	0.0814692
2013-01-30 00:00:00	-13.5214	-0.00202727	0.438668	0	1.50853	-0.13874	0.517456	0	6.74632	0	0	0	0	0	3.11809	-0.0151876	0.0266169	0	0	0.13359	0.060391	0	0	0.197558	-0.0558086	-0.985904
2013-01-31 00:00:00	-14.5017	-0.0156255	0.457556	0	0.106481	-0.17517	0.614108	0	9.7561	0	0	0	0	0	2.40826	-0.0152022	0.0266425	0	0	0.151591	0.0594133	0	0	0.196454	-0.0677145	-0.998804
2013-02-01 00:00:00	-1.7001	-0.0171944	0.444584	0	-1.06132	-0.0599664	0.189346	0	3.49485	0	0	0	0	0	-1.39344	-0.0152073	0.0266267	0	0	0.1477	0.0552657	0	0	0.21337	-0.0468389	0.27767
2013-02-02 00:00:00	-1.1996	-0.258518	0.398429	0	-0.276521	-0.0432796	0.147788	0	1.6915	0	0	0	0	0	-0.544651	-0.0152083	0.0266331	0	0	0.137811	0.0543532	0	0	0.221934	-0.035095	0.305575
2013-02-03 00:00:00	-3.08004	0.244713	0.495944	0	0.251431	-0.0447771	0.158391	0	1.68094	0	0	0	0	0	0.098435	-0.0152091	0.0266377	0	0	0.132131	0.0543812	0	0	0.222274	-0.0349928	0.190263
2013-02-04 00:00:00	-6.14082	-0.0231683	0.433272	0	0.474806	-0.0734977	0.261472	0	3.73071	0	0	0	0	0	0.990086	-0.0152077	0.0266326	0	0	0.125565	0.0509163	0	0	0.215936	-0.0469891	0.00971379
2013-02-05 00:00:00	-7.12076	-0.0116016	0.431419	0	0.00713885	-0.0826526	0.286288	0	4.54137	0	0	0	0	0	1.08589	-0.015212	0.0266174	0	0	0.123043	0.0472485	0	0	0.213653	-0.0512478	-0.518806
2013-02-06 00:00:00	-1.36008	-0.00671588	0.455667	0	-0.593388	-0.0410167	0.13319	0	2.28989	0	0	0	0	0	-0.666707	-0.0152074	0.0265996	0	0	0.114841	0.0443666	0	0	0.220643	-0.0404507	0.561629
2013-02-07 00:00:00	-0.95968	-0.281462	0.430944	0	-0.463299	-0.0257985	0.0941404	0	1.08937	0	0	0	0	0	-0.167638	-0.0152034	0.0265971	0	0	0.106902	0.0439271	0	0	0.226021	-0.0305206	0.0742984
2013-02-08 00:00:00	-1.3001	0.259089	0.486654	0	-0.0745001	-0.0187859	0.0692055	0	0.714557	0	0	0	0	0	-0.163079	-0.0151984	0.0265808	0	0	0.0978735	0.0425508	0	0	0.227362	-0.0268843	0.325326
2013-02-09 00:00:00	-2.36028	-0.0334814	0.482361	0	0.19306	-0.0254604	0.0932109	0	1.11801	0	0	0	0	0	0.366972	-0.0151909	0.026552	0	0	0.0869499	0.0390816	0	0	0.225108	-0.0313867	0.165502
2013-02-10 00:00:00	-1.52016	-0.0180667	0.441093	0	-0.139067	-0.0198469	0.0709016	0	0.984108	0	0	0	0	0	0.10511	-0.0151809	0.0265227	0	0	0.0780395	0.0361261	0	0	0.225169	-0.0307858	0.223963
2013-02-11 00:00:00	-1.24012	-0.0298153	0.490307	0	-0.0583944	-0.0145448	0.0530996	0	0.704937	0	0	0	0	0	0.0748891	-0.0151731	0.026491	0	0	0.0697684	0.0337057	0	0	0.22594	-0.0276849	0.293404
2013-02-12 00:00:00	-1.25958	-0.216228	0.406429	0	-0.236867	-0.0171064	0.0735811	0	0.603945	0	0	0	0	0	0.373579	-0.0151723	0.0264837	0	0	0.0691076	0.0350853	0	0	0.226865	-0.0237299	0.046391
2013-02-13 00:00:00	-12.599	0.23941	0.496293	0	1.58165	-0.13402	0.520437	0	4.40012	0	0	0	0	0	3.78135	-0.0152074	0.0266122	0	0	0.117423	0.0557356	0	0	0.219163	-0.0398872	-1.34991
2013-02-14 00:00:00	-4.13882	-0.0416482	0.624893	0	-0.981126	-0.0873464	0.327589	0	2.83721	0	0	0	0	0	0.399823	-0.0152925	0.0267728	0	0	0.187578	0.0867423	0	0	0.222625	-0.0347211	-0.58572
2013-02-15 00:00:00	0	-0.537602	0.590554	0	-0.229718	-0.0257451	0.102451	0	0.771075	0	0	0	0	0	-0.627232	-0.0153076	0.0267721	0	0	0.175433	0.0840869	0	0	0.22756	-0.0248789	0.517448
2013-02-16 00:00:00	-0.34002	-0.216003	0.579853	0	-0.569557	-0.0213825	0.0852042	0	0.751574	0	0	0	0	0	-0.235411	-0.0153061	0.0267799	0	0	0.15549	0.0760711	0	0	0.226811	-0.0243112	0.479794
2013-02-17 00:00:00	0	-0.417477	0.608292	0	-0.293544	-0.0097856	0.0401284	0	0.308593	0	0	0	0	0	-0.170984	-0.0152991	0.0267509	0	0	0.131124	0.0662684	0	0	0.226973	-0.0214447	0.479595
2013-02-18 00:00:00	-0.2	-0.0615427	0.559295	0	-0.284753	-0.00711319	0.0274406	0	0.198348	0	0	0	0	0	-0.0614619	-0.0152889	0.0267219	0	0	0.108854	0.0577724	0	0	0.226518	-0.0197341	0.555056
2013-02-19 00:00:00	0	-0.0966526	0.58038	0	-0.431539	-0.00527309	0.0197485	0	0.149633	0	0	0	0	0	0.0278749	-0.0152772	0.0266888	0	0	0.09146	0.051429	0	0	0.225008	-0.0186152	0.604865
2013-02-20 00:00:00	0	-0.0927077	0.60659	0	-0.206484	-0.00259851	0.00904541	0	0.0453985	0	0	0	0	0	-0.0239773	-0.0152573	0.0266392	0	0	0.0726214	0.044552	0	0	0.223931	-0.0172558	0.670496
2013-02-21 00:00:00	0	-0.0691854	0.526722	0	-0.231249	-0.00563244	0.0189191	0	0.121455	0	0	0	0	0	0.138096	-0.0152461	0.0266116	0	0	0.0635618	0.0408172	0	0	0.221814	-0.0171114	0.819572
2013-02-22 00:00:00	0	-0.062741	0.475223	0	-0.155394	-0.0027985	0.0099089	0	0.0551995	0	0	0	0	0	0.130169	-0.0152268	0.0265621	0	0	0.0522844	0.035968	0	0	0.220156	-0.0165041	0.752807
2013-02-23 00:00:00	-0.05998	-0.0715631	0.56154	0	-0.144674	-0.00397848	0.0132043	0	0.0748759	0	0	0	0	0	0.144843	-0.0152131	0.0265277	0	0	0.0461471	0.0333293	0	0	0.217966	-0.016116	0.806908
2013-02-24 00:00:00	-2.1001	1.02762	0.604261	0	0.193452	-0.00395241	0.0140806	0	0.0884384	0	0	0	0	0	0.276347	-0.0151993	0.0264867	0	0	0.041137	0.0311003	0	0	0.215862	-0.0160475	0.38349
2013-02-25 00:00:00	-0.11996	-0.444197	0.608074	0	-0.00743505	-0.00428786	0.0177172	0	0.102511	0	0	0	0	0	0.19721	-0.0151852	0.0264403	0	0	0.0379436	0.0295497	0	0	0.213659	-0.015925	0.626115
2013-02-26 00:00:00	-0.25998	-0.324978	0.629239	0	-0.00442868	-0.00391893	0.015794	0	0.0956494	0	0	0	0	0	0.187359	-0.0151702	0.0263882	0	0	0.0353211	0.0283871	0	0	0.210981	-0.0156865	0.604957
2013-02-27 00:00:00	-0.14002	-0.293806	0.908441	0	-0.230854	-0.00268211	0.0100504	0	0.0857216	0	0	0	0	0	0.0831387	-0.0151509	0.0263312	0	0	0.0322542	0.02683	0	0	0.209184	-0.0154554	0.683983
2013-02-28 00:00:00	-0.05998	-0.0811947	0.848692	0	-0.29616	-0.00270131	0.00765707	0	0.0441905	0	0	0	0	0	0.190805	-0.015137	0.0262857	0	0	0.0294143	0.0255395	0	0	0.207019	-0.0149674	0.909463
2013-03-01 00:00:00	0	-0.0522287	0.652522	0	-0.107372	-0.00125129	0.0041575	0	0.0183652	0	0	0	0	0	0.018438	-0.0151067	0.0262228	0	0	0.0261217	0.024012	0	0	0.205015	-0.0146395	0.784256
2013-03-02 00:00:00	0	-0.0738773	0.914873	0	-0.216226	-0.00337152	0.0097688	0	0.054666	0	0	0	0	0	0.103981	-0.0150834	0.0261868	0	0	0.0243382	0.0230904	0	0	0.201862	-0.0146615	1.03555
2013-03-03 00:00:00	0	-0.0651847	0.799938	0	-0.138525	-0.00114579	0.00274206	0	0.0204418	0	0	0	0	0	0.0210113	-0.0150581	0.0261337	0	0	0.021676	0.0217482	0	0	0.199925	-0.0143527	0.87935
2013-03-04 00:00:00	0	-0.0575568	0.701852	0	-0.0833751	-0.00161684	0.00427061	0	0.0193227	0	0	0	0	0	0.0937644	-0.0150378	0.0260898	0	0	0.0198753	0.0208962	0	0	0.197314	-0.0140102	0.911788
2013-03-05 00:00:00	0	-0.0501346	0.698604	0	-0.0466691	-0.00167079	0.00499588	0	0.0262839	0	0	0	0	0	0.0855221	-0.0150164	0.0260286	0	0	0.018725	0.020245	0	0	0.194661	-0.0139255	0.947649
2013-03-06 00:00:00	-0.51996	0.0165589	0.731493	0	0.00353826	-0.00251034	0.00879286	0	0.0420516	0	0	0	0	0	0.143784	-0.0149999	0.0259892	0	0	0.0185091	0.0202123	0	0	0.191872	-0.0137983	0.651531
2013-03-07 00:00:00	-0.77994	0.0907257	0.882899	0	0.0559531	-0.00310637	0.0130932	0	0.0533873	0	0	0	0	0	0.180054	-0.0149832	0.025949	0	0	0.0189109	0.0204881	0	0	0.189489	-0.0135054	0.719413
2013-03-08 00:00:00	-0.95988	0.208121	0.66664	0	0.0276508	-0.00330416	0.0120292	0	0.0638819	0	0	0	0	0	0.229658	-0.0149728	0.0259073	0	0	0.0197147	0.0208084	0	0	0.187508	-0.0135765	0.470185
2013-03-09 00:00:00	-2.0999	0.748908	0.712661	0	0.15081	-0.00714551	0.0272471	0	0.122134	0	0	0	0	0	0.422038	-0.0149678	0.0258863	0	0	0.0227632	0.0214113	0	0	0.185514	-0.0138372	0.303522
2013-03-10 00:00:00	-0.57994	-0.212794	0.732312	0	0.0324697	-0.00530203	0.0218418	0	0.123892	0	0	0	0	0	0.166295	-0.0149566	0.0258548	0	0	0.0252021	0.0223119	0	0	0.18435	-0.0141621	0.507374
2013-03-11 00:00:00	-3.05958	0.338403	0.535536	0	0.28598	-0.0139031	0.0626556	0	0.304991	0	0	0	0	0	0.925627	-0.0149557	0.0258599	0	0	0.0322565	0.0263724	0	0	0.182944	-0.0143164	-0.382129
2013-03-12 00:00:00	-2.1998	0.0569326	0.916017	0	0.105083	-0.0129105	0.061271	0	0.337742	0	0	0	0	0	0.44176	-0.0149584	0.0258677	0	0	0.0420157	0.0313166	0	0	0.181802	-0.0148258	-0.0426875
2013-03-13 00:00:00	-0.2	-0.497279	0.740881	0	-0.0193941	-0.00742876	0.0341171	0	0.195554	0	0	0	0	0	0.0615993	-0.0149464	0.0258387	0	0	0.042616	0.0315897	0	0	0.180701	-0.0147029	0.559145
2013-03-14 00:00:00	-0.685455	-0.0698641	0.769538	0	-0.022494	-0.00536252	0.0234787	0	0.137032	0	0	0	0	0	0.0901422	-0.0149316	0.0258049	0	0	0.039528	0.0301988	0	0	0.17947	-0.0146101	0.482475
2013-03-15 00:00:00	-1.44733	0.215263	0.913235	0	0.084222	-0.00504651	0.0223082	0	0.110719	0	0	0	0	0	0.215428	-0.0149168	0.0257628	0	0	0.036383	0.0287638	0	0	0.178104	-0.0144235	0.348469
2013-03-16 00:00:00	-7.41306	0.876666	0.837474	0	0.965296	-0.0178273	0.0886363	0	0.6359	0	0	0	0	0	1.8182	-0.0149302	0.0257741	0	0	0.0431086	0.0308078	0	0	0.176345	-0.0175117	-1.96512
2013-03-17 00:00:00	-3.34907	0.0421993	0.913682	0	0.178057	-0.0190173	0.0929894	0	0.792225	0	0	0	0	0	0.591539	-0.0149416	0.0257981	0	0	0.0572238	0.0360676	0	0	0.176603	-0.0191806	-0.495824
2013-03-18 00:00:00	-9.15208	-0.0021574	0.923366	0	0.601911	-0.0582139	0.263806	0	2.0848	0	0	0	0	0	2.57033	-0.0149814	0.0258905	0	0	0.0867899	0.0484524	0	0	0.175444	-0.0243723	-2.47102
2013-03-19 00:00:00	-5.51534	-0.22713	0.794025	0	0.296056	-0.0398292	0.180049	0	1.95691	0	0	0	0	0	0.861841	-0.0150192	0.025948	0	0	0.108489	0.0557734	0	0	0.17415	-0.0336336	-1.37771
2013-03-20 00:00:00	-2.16953	-0.0976114	0.880919	0	-0.195625	-0.0211097	0.0867144	0	1.27246	0	0	0	0	0	-0.117231	-0.0150203	0.0259351	0	0	0.0992797	0.0502568	0	0	0.178004	-0.0301857	-0.05274
2013-03-21 00:00:00	-0.381957	-0.341595	0.786608	0	-0.317995	-0.0090332	0.0337656	0	0.579168	0	0	0	0	0	-0.294616	-0.0150054	0.0259015	0	0	0.0854419	0.0449161	0	0	0.181943	-0.0232013	0.354341
2013-03-22 00:00:00	-0.2	-0.262889	0.697104	0	-0.0824512	-0.00694182	0.0254293	0	0.322067	0	0	0	0	0	-0.204896	-0.0149892	0.0258673	0	0	0.0735188	0.0409778	0	0	0.183784	-0.0199965	0.576585
2013-03-23 00:00:00	-0.598183	0.154674	0.608648	0	-0.144752	-0.00577893	0.0206558	0	0.219914	0	0	0	0	0	-0.0635404	-0.0149728	0.0258306	0	0	0.0631897	0.0371307	0	0	0.184262	-0.0184696	0.468609
2013-03-24 00:00:00	-0.37001	-0.172601	0.774641	0	-0.165567	-0.00428147	0.0151798	0	0.146964	0	0	0	0	0	-0.0113736	-0.0149473	0.0257913	0	0	0.0540109	0.0335903	0	0	0.184179	-0.0175437	0.478031
2013-03-25 00:00:00	-0.399101	-0.203876	0.818941	0	-0.12262	-0.00438272	0.0153343	0	0.126317	0	0	0	0	0	0.0333181	-0.0149244	0.0257732	0	0	0.0481187	0.0313477	0	0	0.183602	-0.0165475	0.5213
2013-03-26 00:00:00	-0.37001	-0.0713501	0.894203	0	-0.237514	-0.00320386	0.010268	0	0.0879958	0	0	0	0	0	0.0201556	-0.0149077	0.0257415	0	0	0.0423394	0.0290702	0	0	0.183076	-0.0154136	0.58045
2013-03-27 00:00:00	-0.569111	-0.0570716	0.9319	0	-0.140683	-0.00289254	0.00939885	0	0.0632	0	0	0	0	0	0.0992914	-0.014888	0.0256952	0	0	0.0370358	0.0270162	0	0	0.182496	-0.0147756	0.576613
2013-03-28 00:00:00	-0.650949	-0.0188071	0.975089	0	-0.129851	-0.00303511	0.00886233	0	0.0760286	0	0	0	0	0	0.0717989	-0.0148747	0.0256551	0	0	0.0337616	0.025647	0	0	0.181502	-0.0146123	0.566214
2013-03-29 00:00:00	-0.23992	-0.130764	0.996249	0	-0.266006	-0.00290318	0.00964079	0	0.0476474	0	0	0	0	0	0.0357312	-0.0148571	0.0256204	0	0	0.0302896	0.0243829	0	0	0.18066	-0.0142089	0.681562
2013-03-30 00:00:00	-0.376324	-0.0366179	0.880072	0	-0.179683	-0.00257649	0.00729939	0	0.0459126	0	0	0	0	0	0.0727102	-0.0148371	0.02559	0	0	0.0277737	0.0234791	0	0	0.179731	-0.0139507	0.638579
2013-03-31 00:00:00	-0.11996	-0.0659501	0.837308	0	-0.19307	-0.00224918	0.00733533	0	0.0290913	0	0	0	0	0	0.0280511	-0.0148139	0.025542	0	0	0.025459	0.0225981	0	0	0.178743	-0.0136434	0.744441
2013-04-01 00:00:00	-3.23892	0.335179	1.00569	0	0.0948076	-0.0190492	0.0805821	0	0.389813	0	0	0	0	0	1.05333	-0.0148139	0.0255596	0	0	0.0352299	0.0262548	0	0	0.177415	-0.0139437	-0.0628643
2013-04-02 00:00:00	-3.53882	-0.0699316	0.987156	0	0.055018	-0.0388737	0.178824	0	0.97288	0	0	0	0	0	1.09751	-0.0148423	0.0256365	0	0	0.0657094	0.0407815	0	0	0.176436	-0.014727	-0.0772424
2013-04-03 00:00:00	-0.14002	-0.362761	1.0673	0	-0.330099	-0.0144307	0.0640937	0	0.402132	0	0	0	0	0	-0.257732	-0.0148424	0.025642	0	0	0.0768756	0.0461416	0	0	0.175566	-0.0150073	0.72286
2013-04-04 00:00:00	-1.53617	0.330755	1.19351	0	0.0989034	-0.0078137	0.0339478	0	0.16555	0	0	0	0	0	-0.0331252	-0.0148305	0.0256066	0	0	0.0667253	0.0418961	0	0	0.174634	-0.0145508	0.525036
2013-04-05 00:00:00	-0.234505	-0.413793	1.06171	0	-0.116502	-0.00692401	0.0300128	0	0.174483	0	0	0	0	0	-0.0504748	-0.0148143	0.0255804	0	0	0.0596506	0.0388611	0	0	0.173432	-0.0145944	0.712117
2013-04-06 00:00:00	0	-0.0702507	1.33497	0	-0.311719	-0.00111269	0.00548335	0	0.0363118	0	0	0	0	0	-0.27042	-0.0147905	0.0255419	0	0	0.0501421	0.0355065	0	0	0.172529	-0.0138899	0.978302
2013-04-07 00:00:00	0	-0.0141633	1.07341	0	-0.325194	-0.000414419	0.00157388	0	0.00846918	0	0	0	0	0	-0.00577098	-0.0147571	0.0254817	0	0	0.0391602	0.0306019	0	0	0.171693	-0.0130551	0.977035
2013-04-08 00:00:00	0	-0.00827856	1.16569	0	0.00724535	-0.00139522	0.00711447	0	0.0138157	0	0	0	0	0	-0.338849	-0.0147435	0.0254746	0	0	0.0353812	0.0287232	0	0	0.169748	-0.0125448	1.07738
2013-04-09 00:00:00	-0.136168	-0.00801289	1.13851	0	-0.0654038	-0.000298909	0.00140546	0	0.00951446	0	0	0	0	0	-0.0963982	-0.0146984	0.0253952	0	0	0.02813	0.0250561	0	0	0.168992	-0.0123813	1.06365
2013-04-10 00:00:00	-0.723967	0.0254326	1.21269	0	-0.073512	-0.00125944	0.00619249	0	0.0161126	0	0	0	0	0	0.00369209	-0.0146947	0.0253715	0	0	0.026405	0.0242355	0	0	0.167044	-0.0121032	0.681635
2013-04-11 00:00:00	-0.05998	-0.0368207	1.29025	0	-0.0283518	-0.000256582	0.00241789	0	0.00295663	0	0	0	0	0	-0.273625	-0.0146668	0.0253166	0	0	0.0230425	0.0223683	0	0	0.165977	-0.0119782	1.10665
2013-04-12 00:00:00	-1.30737	0.270535	1.43469	0	0.0233946	-0.00219652	0.0103603	0	0.0287915	0	0	0	0	0	0.0588088	-0.0146485	0.0252949	0	0	0.0222402	0.0220754	0	0	0.163973	-0.0117965	0.724154
2013-04-13 00:00:00	-0.364613	-0.269686	1.49461	0	-0.0280055	-0.0020294	0.00991389	0	0.0310731	0	0	0	0	0	-0.119303	-0.0146128	0.0252634	0	0	0.0219649	0.0219578	0	0	0.162809	-0.0117364	0.957606
2013-04-14 00:00:00	-9.33615	1.58824	1.84402	0	0.795919	-0.0145099	0.0666454	0	0.301924	0	0	0	0	0	2.14216	-0.0146223	0.0252836	0	0	0.0320764	0.0250964	0	0	0.161873	-0.0121208	-2.39416
2013-04-15 00:00:00	-2.83362	0.0267295	1.84709	0	0.0514273	-0.012436	0.062718	0	0.390712	0	0	0	0	0	0.194754	-0.0146374	0.0253	0	0	0.0471234	0.0312779	0	0	0.162067	-0.0130542	-0.0345549
2013-04-16 00:00:00	-3.40227	0.0853471	1.85553	0	0.200047	-0.00729447	0.0364196	0	0.223094	0	0	0	0	0	0.450361	-0.0146351	0.0252733	0	0	0.0478674	0.0315858	0	0	0.161771	-0.0133412	-0.320249
2013-04-17 00:00:00	-6.15746	0.0909346	1.70888	0	0.86226	-0.0199667	0.084613	0	0.505222	0	0	0	0	0	1.39713	-0.0146511	0.0252802	0	0	0.0524162	0.0333972	0	0	0.160835	-0.0165572	-1.28767
2013-04-18 00:00:00	-4.71715	-0.0111308	1.82363	0	0.260509	-0.0236711	0.0837376	0	0.716534	0	0	0	0	0	0.811874	-0.0146653	0.0252899	0	0	0.0585795	0.0356814	0	0	0.159769	-0.0222515	-0.81327
2013-04-19 00:00:00	-0.155347	-1.02224	1.72529	0	-0.457892	-0.00979186	0.0340108	0	0.361277	0	0	0	0	0	-0.322934	-0.0146585	0.0252705	0	0	0.0564116	0.034834	0	0	0.161334	-0.0199114	0.395656
2013-04-20 00:00:00	0	-0.264902	1.61854	0	-0.466754	-0.00263183	0.00523821	0	0.0463507	0	0	0	0	0	-0.397779	-0.0146298	0.0252323	0	0	0.046957	0.0321265	0	0	0.162615	-0.0150655	0.775298
2013-04-21 00:00:00	-1.23924	-0.0713956	1.72657	0	-0.00556413	-0.00337789	0.00796965	0	0.0564518	0	0	0	0	0	-0.108201	-0.0145891	0.0251997	0	0	0.039573	0.0291785	0	0	0.161911	-0.0144515	0.590032
2013-04-22 00:00:00	-0.0854547	-0.136136	1.66056	0	-0.5363	-0.00226769	0.00445869	0	0.0458931	0	0	0	0	0	-0.320763	-0.0144954	0.0251531	0	0	0.0326304	0.0258818	0	0	0.161121	-0.0139193	0.84636
2013-04-23 00:00:00	-0.963696	-0.0879499	1.90667	0	-0.267595	-0.00130649	0.00144552	0	0.0194366	0	0	0	0	0	-0.141099	-0.0144817	0.0251205	0	0	0.0275673	0.0235542	0	0	0.160023	-0.0133215	0.674363
2013-04-24 00:00:00	-4.22368	1.07873	2.00836	0	0.530036	-0.00419591	0.0149929	0	0.061138	0	0	0	0	0	0.406739	-0.0144737	0.0250866	0	0	0.0269299	0.0228819	0	0	0.158601	-0.0128811	0.0782714
2013-04-25 00:00:00	-1.61445	-0.292839	1.7614	0	0.0585429	-0.00560563	0.0193061	0	0.115714	0	0	0	0	0	0.0747672	-0.0144592	0.0250618	0	0	0.0291353	0.0229807	0	0	0.157868	-0.0136275	0.323799
2013-04-26 00:00:00	-4.94751	0.589335	1.61942	0	0.74575	-0.00738395	0.0377144	0	0.199744	0	0	0	0	0	0.978917	-0.0144436	0.0250423	0	0	0.0321217	0.0237291	0	0	0.157245	-0.014597	-0.574909
2013-04-27 00:00:00	-0.409267	-0.991923	1.71146	0	-0.187704	-0.00507626	0.0255504	0	0.203903	0	0	0	0	0	-0.140221	-0.0144349	0.0250124	0	0	0.0332909	0.0243135	0	0	0.156822	-0.0159012	0.415827
2013-04-28 00:00:00	-4.04093	1.11145	1.83839	0	0.25748	-0.00608517	0.0213549	0	0.19791	0	0	0	0	0	0.436028	-0.0144223	0.0249737	0	0	0.0316918	0.023924	0	0	0.156503	-0.0156647	0.0226051
2013-04-29 00:00:00	-0.324457	-1.02367	1.88552	0	-0.358683	-0.00292512	0.0122319	0	0.162238	0	0	0	0	0	-0.156691	-0.0144116	0.0249329	0	0	0.0304447	0.0235457	0	0	0.156199	-0.0155382	0.398736
2013-04-30 00:00:00	0	-0.267127	1.83654	0	-0.585668	-0.000865847	0.00183059	0	0.0297044	0	0	0	0	0	-0.420268	-0.0143879	0.0248836	0	0	0.0255011	0.0221949	0	0	0.156325	-0.0130325	0.795634
2013-05-01 00:00:00	-2.23588	0.373516	1.86873	0	0.130181	-0.00190324	0.00487581	0	0.0280098	0	0	0	0	0	0.0447036	-0.0143853	0.024851	0	0	0.023374	0.0214974	0	0	0.155188	-0.0126352	0.410123
2013-05-02 00:00:00	-0.0408013	-0.556689	2.15265	0	-0.690444	-0.00154585	0.00362688	0	0.0417962	0	0	0	0	0	-0.365065	-0.0143633	0.0247888	0	0	0.0210779	0.0199381	0	0	0.154265	-0.0125042	0.73673
2013-05-03 00:00:00	-11.7732	1.64585	2.19562	0	2.12863	-0.0182914	0.0730742	0	0.46576	0	0	0	0	0	2.97948	-0.0143746	0.0248169	0	0	0.0307554	0.022746	0	0	0.152627	-0.0154664	-2.10198
2013-05-04 00:00:00	-0.05998	-1.12849	1.91931	0	-0.633118	-0.0106571	0.0405669	0	0.508153	0	0	0	0	0	-0.570096	-0.0143821	0.0248142	0	0	0.0409819	0.0270203	0	0	0.152033	-0.0212449	0.274913
2013-05-05 00:00:00	-0.0816026	-0.339162	2.27337	0	-0.718651	-0.00160915	0.00318727	0	0.0544408	0	0	0	0	0	-0.50682	-0.0143552	0.0247399	0	0	0.0317475	0.0245492	0	0	0.154438	-0.0146234	0.88965
2013-05-06 00:00:00	0	-0.184642	2.11748	0	-0.83733	-0.00150009	0.0016259	0	0.0182756	0	0	0	0	0	-0.590207	-0.0143419	0.0247003	0	0	0.0266016	0.0223242	0	0	0.153886	-0.0131847	0.723682
2013-05-07 00:00:00	0	-0.175968	2.13949	0	-0.535427	-0.000762315	0.000388342	0	0.00958702	0	0	0	0	0	-0.55036	-0.0142735	0.0246268	0	0	0.0199395	0.0191858	0	0	0.153226	-0.0126214	1.07703
2013-05-08 00:00:00	-2.78967	0.299101	2.37172	0	0.457655	-0.00163603	0.00391468	0	0.0103045	0	0	0	0	0	-0.0226838	-0.0142694	0.0245952	0	0	0.0189909	0.0190201	0	0	0.151372	-0.0120727	0.516345
2013-05-09 00:00:00	-1.66131	-0.051436	2.18748	0	0.00621809	-0.00140963	0.00605926	0	0.0269958	0	0	0	0	0	-0.103163	-0.0142486	0.0245445	0	0	0.0191016	0.0192961	0	0	0.15031	-0.0120431	0.596397
2013-05-10 00:00:00	-4.20995	0.873352	2.21131	0	0.389558	-0.00430564	0.0202694	0	0.0703626	0	0	0	0	0	0.482081	-0.0142344	0.0245226	0	0	0.021819	0.019893	0	0	0.14951	-0.0117149	0.0224739
2013-05-11 00:00:00	-3.8707	0.24312	2.14296	0	0.339262	-0.00595638	0.0233354	0	0.120467	0	0	0	0	0	0.599293	-0.0142275	0.0245047	0	0	0.0265419	0.0213742	0	0	0.149141	-0.0124243	-0.213306
2013-05-12 00:00:00	-2.35516	-0.214313	2.24531	0	0.0821532	-0.00392595	0.0156756	0	0.105799	0	0	0	0	0	0.120794	-0.0142091	0.0244689	0	0	0.0280698	0.0220489	0	0	0.148956	-0.0126519	0.193022
2013-05-13 00:00:00	-8.59103	0.668473	1.99226	0	1.35201	-0.0144281	0.0521634	0	0.566921	0	0	0	0	0	2.19965	-0.014202	0.0244366	0	0	0.0304046	0.0219498	0	0	0.147214	-0.0185652	-1.58274
2013-05-14 00:00:00	-5.47755	-0.120943	2.0281	0	0.0560249	-0.0234259	0.077328	0	1.12584	0	0	0	0	0	0.98554	-0.0142027	0.0244169	0	0	0.0338429	0.0218225	0	0	0.14509	-0.0299148	-1.16803
2013-05-15 00:00:00	-2.75995	-0.0420281	2.02999	0	-0.0977628	-0.0117634	0.0529699	0	0.639168	0	0	0	0	0	-0.0849663	-0.0141965	0.0243942	0	0	0.0349238	0.0219919	0	0	0.148586	-0.025155	-0.0837987
2013-05-16 00:00:00	-0.95968	-0.700686	2.16368	0	-0.486898	-0.00805854	0.0346267	0	0.301473	0	0	0	0	0	-0.217113	-0.0141874	0.0243708	0	0	0.0357406	0.0230898	0	0	0.151714	-0.0186897	0.329386
2013-05-17 00:00:00	0	-0.695758	2.58941	0	-0.901562	-0.00298984	0.00946509	0	0.0847752	0	0	0	0	0	-0.595781	-0.0141598	0.0243247	0	0	0.0321193	0.0231208	0	0	0.152896	-0.0145895	0.691266
2013-05-18 00:00:00	-11.7976	1.60337	2.39624	0	1.97538	-0.0100065	0.142211	0	0.977409	0	0	0	0	0	2.74251	-0.014135	0.0242891	0	0	0.033558	0.0227181	0	0	0.149967	-0.0216463	-1.77572
2013-05-19 00:00:00	-0.67984	-1.13506	2.59142	0	-0.865191	-0.00740038	0.0455925	0	0.758148	0	0	0	0	0	-0.699031	-0.014131	0.0242583	0	0	0.0366845	0.0225822	0	0	0.151104	-0.024144	0.204992
2013-05-20 00:00:00	-10.4504	0.745985	2.89765	0	0.870545	-0.0302202	0.0925931	0	1.5949	0	0	0	0	0	2.38728	-0.0141333	0.0242292	0	0	0.0401063	0.0222636	0	0	0.151074	-0.0274918	-1.69564
2013-05-21 00:00:00	-0.579059	-0.887717	2.55844	0	-1.02036	-0.00989495	0.0253658	0	0.803785	0	0	0	0	0	-0.871611	-0.014138	0.0241897	0	0	0.0413004	0.0211984	0	0	0.153654	-0.0259566	0.219199
2013-05-22 00:00:00	-0.374525	-0.25505	2.31905	0	-0.637259	-0.0026654	0.00341677	0	0.0808761	0	0	0	0	0	-0.706822	-0.0141238	0.0241264	0	0	0.0343834	0.0194877	0	0	0.158063	-0.0156918	0.633262
2013-05-23 00:00:00	-0.439239	-0.13738	2.12439	0	-0.405324	-0.00199948	0.0025671	0	0.0438574	0	0	0	0	0	-0.598591	-0.0141033	0.0240573	0	0	0.0278314	0.0176683	0	0	0.15803	-0.0141088	0.787658
2013-05-24 00:00:00	-0.923776	-0.0756603	2.1103	0	-0.228123	-0.00251513	0.00255756	0	0.0695379	0	0	0	0	0	-0.336257	-0.0140895	0.0240296	0	0	0.0239422	0.0164368	0	0	0.157052	-0.0139422	0.809493
2013-05-25 00:00:00	-0.100781	-0.159503	4.5768	0	-1.19746	-0.000571056	0.000352677	0	0.0196612	0	0	0	0	0	-1.27808	-0.0140668	0.0239224	0	0	0.0153424	0.0131617	0	0	0.156866	-0.012748	2.0429
2013-05-26 00:00:00	-0.05998	0	2.66278	0	-0.15212	0	0	0	0.00310707	0	0	0	0	0	-0.857954	-0.0140416	0.02387	0	0	0.011061	0.0117139	0	0	0.15572	-0.0111974	1.77295
2013-05-27 00:00:00	-0.283892	0	2.26199	0	-0.00322673	0	6.89394E-05	0	0.0015193	0	0	0	0	0	-0.52048	-0.0140093	0.0237972	0	0	0.00891896	0.0109648	0	0	0.154293	-0.010821	1.62913
2013-05-28 00:00:00	-0.462914	0	2.3122	0	0.0095893	-1.9973E-05	0.000135011	0	0.000941016	0	0	0	0	0	-0.448452	-0.0139841	0.0236883	0	0	0.00770037	0.0104759	0	0	0.152805	-0.0106523	1.58151
2013-05-29 00:00:00	-0.0408013	0	2.35775	0	-0.0200312	-2.35614E-05	9.24884E-05	0	0.000551008	0	0	0	0	0	-0.622537	-0.0139452	0.0236372	0	0	0.00650438	0.009917	0	0	0.151393	-0.0105254	1.84198
2013-05-30 00:00:00	0	0	2.43582	0	-0.0161467	-2.34453E-05	9.08037E-05	0	0.000279008	0	0	0	0	0	-0.696601	-0.0138711	0.0235864	0	0	0.00544423	0.00937673	0	0	0.149711	-0.0103916	1.88727
2013-05-31 00:00:00	-0.05998	0	2.44067	0	-0.011115	-2.83281E-05	9.0557E-05	0	0.000103079	0	0	0	0	0	-0.676029	-0.0137547	0.0235509	0	0	0.00468569	0.00900229	0	0	0.147713	-0.0102572	1.85465
2013-06-01 00:00:00	-0.170909	0	2.2652	0	-0.00462942	-2.84297E-05	0.000117979	0	8.18237E-06	0	0	0	0	0	-0.595599	-0.0137032	0.0235035	0	0	0.0041533	0.00870976	0	0	0.145901	-0.0101546	1.65257
2013-06-02 00:00:00	-0.0545653	0	3.0105	0	-0.0234849	-7.87671E-06	6.66556E-05	0	0	0	0	0	0	0	-0.905434	-0.013672	0.0234289	0	0	0.00340002	0.00806197	0	0	0.144414	-0.0100647	2.18265
2013-06-03 00:00:00	0	0	3.40592	0	-0.0276382	0	3.46347E-05	0	0	0	0	0	0	0	-1.06775	-0.0136072	0.0233414	0	0	0.00257463	0.0072175	0	0	0.142397	-0.00993478	2.46255
2013-06-04 00:00:00	-0.0408013	0	3.07459	0	-0.0138213	-4.17752E-07	5.00493E-05	0	0	0	0	0	0	0	-1.00079	-0.0135442	0.0232896	0	0	0.00216722	0.00670773	0	0	0.140119	-0.00974884	2.16822
2013-06-05 00:00:00	0	0	3.33593	0	-0.0161336	0	3.33146E-05	0	0	0	0	0	0	0	-1.12699	-0.0135105	0.0231895	0	0	0.00182982	0.00618003	0	0	0.138164	-0.00960887	2.33908
2013-06-06 00:00:00	0	0	2.6452	0	-0.00323184	0	6.64743E-05	0	0	0	0	0	0	0	-0.949938	-0.0134423	0.0231253	0	0	0.0017264	0.00595132	0	0	0.136086	-0.00946534	1.83608
2013-06-07 00:00:00	0	0	2.62764	0	-0.00435653	0	6.40846E-05	0	0	0	0	0	0	0	-0.956732	-0.0134185	0.0230784	0	0	0.00163526	0.00586767	0	0	0.134145	-0.0093666	1.80856
2013-06-08 00:00:00	0	0	3.57886	0	-0.0167153	0	1.14376E-05	0	0	0	0	0	0	0	-1.35689	-0.0133667	0.0229947	0	0	0.00142578	0.00537862	0	0	0.132369	-0.0092996	2.34477
2013-06-09 00:00:00	-0.0408013	0	2.76168	0	-0.00303607	0	5.30279E-05	0	0	0	0	0	0	0	-1.01707	-0.0133178	0.0229274	0	0	0.00136906	0.00525882	0	0	0.130248	-0.00919264	1.83811
2013-06-10 00:00:00	0	0	2.68739	0	-0.00335567	0	5.38845E-05	0	0	0	0	0	0	0	-1.05247	-0.0132723	0.0228495	0	0	0.00135414	0.00521785	0	0	0.128204	-0.00911057	1.76686
2013-06-11 00:00:00	-0.919279	0	2.60585	0	0.00571039	0	0.00011749	0	0	0	0	0	0	0	-0.674897	-0.0132448	0.0227819	0	0	0.00144336	0.00540464	0	0	0.126271	-0.00903613	1.15112
2013-06-12 00:00:00	-0.847097	0	2.73712	0	4.61703E-05	0	8.57439E-05	0	0	0	0	0	0	0	-0.809061	-0.0131603	0.0227045	0	0	0.00150821	0.00555143	0	0	0.124543	-0.00898286	1.21325
2013-06-13 00:00:00	0	0	2.3211	0	-0.00377423	0	6.2769E-05	0	0	0	0	0	0	0	-1.0012	-0.0131339	0.0226163	0	0	0.00153994	0.00564463	0	0	0.12314	-0.00894949	1.44705
2013-06-14 00:00:00	-2.16642	0.183159	2.77022	0	0.0128229	0	0.000187211	0	0	0	0	0	0	0	-0.405168	-0.0131183	0.0225702	0	0	0.00155082	0.00566377	0	0	0.121787	-0.00890654	0.524346
2013-06-15 00:00:00	-2.46678	0.434388	2.7401	0	0.0293208	-2.51003E-05	0.000382856	0	0	0	0	0	0	0	-0.489731	-0.0131013	0.0225436	0	0	0.00155006	0.00564344	0	0	0.119972	-0.00884043	0.375431
2013-06-16 00:00:00	-0.484537	-0.617572	2.69536	0	-0.0146477	0	0.000130806	0	0	0	0	0	0	0	-0.66578	-0.013076	0.0224838	0	0	0.00157052	0.00570606	0	0	0.118941	-0.00880103	1.03978
2013-06-17 00:00:00	-0.0408013	0	2.58772	0	-0.00353975	0	8.56161E-05	0	0	0	0	0	0	0	-1.33866	-0.0130433	0.0224034	0	0	0.00154278	0.00567106	0	0	0.117905	-0.00877464	1.33051
2013-06-18 00:00:00	0	0	2.73204	0	-0.0478299	0	0	0	0	0	0	0	0	0	-1.04322	-0.0129648	0.0222858	0	0	0.00151304	0.00569805	0	0	0.116685	-0.00872117	1.76548
2013-06-19 00:00:00	0	0	2.5424	0	-0.00396618	0	0	0	0	0	0	0	0	0	-1.38633	-0.0129497	0.0222373	0	0	0.00141664	0.0054114	0	0	0.115485	-0.00868518	1.27502
2013-06-20 00:00:00	-0.864477	0	2.76889	0	0.00795986	0	3.54179E-05	0	0	0	0	0	0	0	-0.97277	-0.0128892	0.0221874	0	0	0.00149619	0.00559292	0	0	0.1139	-0.00860832	1.06132
2013-06-21 00:00:00	-0.673744	0	2.86151	0	8.376E-06	0	5.58775E-05	0	0	0	0	0	0	0	-1.14961	-0.0128633	0.0220981	0	0	0.00155506	0.00575098	0	0	0.112689	-0.00857587	1.15888
2013-06-22 00:00:00	-8.19297	1.89646	3.19575	0	0.0740764	-4.7146E-05	0.000646309	0	0	0	0	0	0	0	1.21876	-0.0128674	0.0220828	0	0	0.0024147	0.00695297	0	0	0.111406	-0.00855664	-1.68589
2013-06-23 00:00:00	-4.00976	0.0729978	3.19809	0	0.0205561	-7.69191E-05	0.000794894	0	0	0	0	0	0	0	0.298173	-0.0128467	0.0220685	0	0	0.0034606	0.00855614	0	0	0.110923	-0.0087401	-0.295803
2013-06-24 00:00:00	0	-1.60565	2.86704	0	-0.00723227	-2.21543E-05	0.000376119	0	0	0	0	0	0	0	-0.698525	-0.0128296	0.0220258	0	0	0.0041026	0.00964804	0	0	0.110348	-0.00883824	0.680446
2013-06-25 00:00:00	0	-0.244321	2.91392	0	-0.0829264	0	0	0	0	0	0	0	0	0	-1.13373	-0.0128028	0.0219272	0	0	0.00356408	0.00937289	0	0	0.109817	-0.00884496	1.57598
2013-06-26 00:00:00	-0.114545	-0.119259	2.63947	0	-0.00836128	0	0	0	0	0	0	0	0	0	-1.49685	-0.0127968	0.021888	0	0	0.00306773	0.00869814	0	0	0.10888	-0.00875843	1.02143
2013-06-27 00:00:00	-3.19599	0.194092	3.12189	0	0.0533262	0	9.82088E-05	0	0	0	0	0	0	0	-0.185665	-0.012777	0.0218433	0	0	0.00353939	0.00926191	0	0	0.107694	-0.00865363	0.10866
2013-06-28 00:00:00	-2.99599	-0.00473155	3.2021	0	0.0664669	-1.99522E-05	0.000774803	0	0	0	0	0	0	0	-0.374202	-0.0127661	0.0218036	0	0	0.00411486	0.00990736	0	0	0.106844	-0.00867025	0.0156232
2013-06-29 00:00:00	-0.159199	-0.189398	2.72237	0	-0.0542945	-3.7314E-06	8.88765E-05	0	0	0	0	0	0	0	-1.37265	-0.0127422	0.0217254	0	0	0.00404817	0.00984704	0	0	0.105829	-0.00870356	1.06692
2013-06-30 00:00:00	-1.70872	0	3.0654	0	0.0164113	0	0.0001428	0	0	0	0	0	0	0	-0.934846	-0.0127138	0.0216519	0	0	0.00378428	0.00956671	0	0	0.105317	-0.00865599	0.557336
2013-07-01 00:00:00	-0.330108	0	2.55441	0	-0.0706791	0	0	0	0	0	0	0	0	0	-1.06585	-0.0126847	0.0215516	0	0	0.00345441	0.0091571	0	0	0.10441	-0.00860591	1.20506
2013-07-02 00:00:00	-4.74182	1.24744	3.15942	0	0.0592697	0	9.94128E-05	0	0	0	0	0	0	0	-0.149084	-0.0126668	0.0215188	0	0	0.00385942	0.00956507	0	0	0.103826	-0.00854981	-0.307118
2013-07-03 00:00:00	-0.763051	-1.24744	3.22229	0	-0.00039799	0	0.000201072	0	0	0	0	0	0	0	-0.820346	-0.0126446	0.0214861	0	0	0.00409101	0.00984633	0	0	0.102983	-0.00856116	0.50846
2013-07-04 00:00:00	-14.3339	2.53045	3.53329	0	0.139578	-0.000205543	0.00408577	0	0	0	0	0	0	0	4.01154	-0.012656	0.0215279	0	0	0.00682904	0.0124924	0	0	0.102373	-0.00869724	-3.99328
2013-07-05 00:00:00	-0.0446534	-1.8231	3.16843	0	-0.0491348	-4.32898E-05	0.00100212	0	0	0	0	0	0	0	-0.92639	-0.0126527	0.0215272	0	0	0.00955482	0.0156411	0	0	0.102438	-0.00911422	0.453504
2013-07-06 00:00:00	0	-0.525025	3.88451	0	-0.0936963	0	0	0	0	0	0	0	0	0	-1.73129	-0.0126259	0.0214776	0	0	0.00784285	0.0142751	0	0	0.102007	-0.00903683	1.65843
2013-07-07 00:00:00	0	-0.182449	3.61406	0	-0.00925184	0	7.72368E-06	0	0	0	0	0	0	0	-1.99349	-0.012584	0.0213943	0	0	0.00556766	0.0118474	0	0	0.101634	-0.00889459	1.54784
2013-07-08 00:00:00	0	0	3.57944	0	-0.0940989	0	0	0	0	0	0	0	0	0	-1.96881	-0.0125148	0.0212811	0	0	0.00424592	0.0103901	0	0	0.100896	-0.00869808	1.63212
2013-07-09 00:00:00	0	0	4.67763	0	-0.0173481	0	0	0	0	0	0	0	0	0	-3.04936	-0.012449	0.0212253	0	0	0.00270247	0.00855079	0	0	0.100167	-0.0085108	1.7226
2013-07-10 00:00:00	0	0	2.98435	0	0.000102654	0	0	0	0	0	0	0	0	0	-1.98004	-0.0123333	0.0211046	0	0	0.00212503	0.00774744	0	0	0.0990798	-0.00829424	1.11384
2013-07-11 00:00:00	0	0	2.9021	0	-0.000484503	0	0	0	0	0	0	0	0	0	-1.9561	-0.012325	0.0210325	0	0	0.00181437	0.00722615	0	0	0.0982279	-0.00816365	1.05333
2013-07-12 00:00:00	0	0	4.01497	0	-0.00772263	0	0	0	0	0	0	0	0	0	-2.71752	-0.0123178	0.0209612	0	0	0.00136242	0.00639474	0	0	0.0973559	-0.00808502	1.3954
2013-07-13 00:00:00	0	0	3.14438	0	-0.00224944	0	0	0	0	0	0	0	0	0	-2.21662	-0.0122649	0.0208854	0	0	0.00118716	0.00595776	0	0	0.0965634	-0.00798236	1.02986
2013-07-14 00:00:00	0	0	2.79449	0	-0.00112773	0	0	0	0	0	0	0	0	0	-2.06352	-0.0122158	0.0207969	0	0	0.00112206	0.00574457	0	0	0.095799	-0.00791536	0.833168
2013-07-15 00:00:00	0	0	2.71419	0	-0.00123714	0	0	0	0	0	0	0	0	0	-2.10023	-0.0122067	0.0207395	0	0	0.00108818	0.00561139	0	0	0.0949827	-0.00786684	0.715067
2013-07-16 00:00:00	0	0	2.96264	0	-0.00302319	0	0	0	0	0	0	0	0	0	-2.30619	-0.0121754	0.020671	0	0	0.00101779	0.00541085	0	0	0.0941753	-0.00782369	0.754695
2013-07-17 00:00:00	0	0	3.57233	0	-0.00545768	0	0	0	0	0	0	0	0	0	-2.86996	-0.0121303	0.0206237	0	0	0.000860562	0.00501849	0	0	0.0934072	-0.00777475	0.796915
2013-07-18 00:00:00	0	0	4.24603	0	-0.00782406	0	0	0	0	0	0	0	0	0	-3.48711	-0.0120926	0.0205336	0	0	0.000662983	0.00445622	0	0	0.0926702	-0.00771539	0.849606
2013-07-19 00:00:00	0	0	4.5507	0	-0.00760017	0	0	0	0	0	0	0	0	0	-4.01735	-0.0120367	0.0204321	0	0	0.000504402	0.00382071	0	0	0.0918872	-0.00763972	0.622714
2013-07-20 00:00:00	0	0	4.2659	0	-0.00559086	0	0	0	0	0	0	0	0	0	-3.98704	-0.0120167	0.0203098	0	0	0.000414487	0.00341077	0	0	0.0911032	-0.00755883	0.368926
2013-07-21 00:00:00	0	0	3.76261	0	-0.00367688	0	0	0	0	0	0	0	0	0	-3.65471	-0.0119953	0.0201881	0	0	0.000384557	0.00320259	0	0	0.0903908	-0.0074925	0.198904
2013-07-22 00:00:00	0	0	2.9472	0	-0.00127242	0	0	0	0	0	0	0	0	0	-2.76212	-0.0119698	0.0201195	0	0	0.000419871	0.00323654	0	0	0.0896416	-0.00744168	0.277808
2013-07-23 00:00:00	-16.7002	2.89321	3.60725	0	0.0608518	0	0.000389591	0	0	0	0	0	0	0	7.15274	-0.0119936	0.0201334	0	0	0.00138346	0.0066568	0	0	0.0890363	-0.00744217	-2.88803
2013-07-24 00:00:00	-0.2	-2.0843	3.44305	0	-0.00860635	0	0.000136459	0	0	0	0	0	0	0	-1.19292	-0.0119867	0.0201051	0	0	0.00200322	0.00846038	0	0	0.0891549	-0.00773977	0.0573612
2013-07-25 00:00:00	-9.73193	2.11413	3.50244	0	0.0405414	0	0.000513702	0	0	0	0	0	0	0	2.89134	-0.0119753	0.0200622	0	0	0.00264938	0.0099493	0	0	0.0887939	-0.00782025	-1.0813
2013-07-26 00:00:00	-1.09535	-1.79205	3.64814	0	-0.0079588	0	0.000252771	0	0	0	0	0	0	0	-0.890774	-0.0119662	0.0200186	0	0	0.00341627	0.0114889	0	0	0.0886343	-0.00798122	-0.0341304
2013-07-27 00:00:00	-9.15935	1.83159	4.32929	0	0.0496589	0	0.000710398	0	0	0	0	0	0	0	1.92053	-0.0119541	0.0199821	0	0	0.00391116	0.0122297	0	0	0.0882758	-0.00800561	-0.923139
2013-07-28 00:00:00	-25.7709	0.09056	3.29936	0	0.503486	-6.26681E-05	0.0788251	0	0.00277716	0	0	0	0	0	14.3167	-0.0119834	0.0200419	0	0	0.00839003	0.018042	0	0	0.0886635	-0.00859666	-7.36477
2013-07-29 00:00:00	-17.6885	-0.0318488	3.20859	0	0.081426	-0.000338721	0.065171	0	0.00738789	0	0	0	0	0	7.58136	-0.0120472	0.0201558	0	0	0.0191326	0.0293019	0	0	0.0896468	-0.0100265	-6.64056
2013-07-30 00:00:00	-4.5861	-0.0761096	3.08182	0	-0.0478688	-0.000151033	0.00950652	0	0.00284494	0	0	0	0	0	-0.207844	-0.0120725	0.02019	0	0	0.0237573	0.0336073	0	0	0.0903108	-0.0102106	-1.67832
2013-07-31 00:00:00	-7.21134	0.111775	3.20899	0	0.058141	-0.000146109	0.0151027	0	0.00450211	0	0	0	0	0	1.90083	-0.0120796	0.0201949	0	0	0.0245039	0.0338061	0	0	0.090799	-0.0099421	-1.76487
2013-08-01 00:00:00	-2.82123	-0.669858	3.5527	0	-0.0281347	-5.83761E-05	0.00258021	0	0.00321898	0	0	0	0	0	-0.561439	-0.0120762	0.0201801	0	0	0.0239347	0.0325945	0	0	0.0911172	-0.00986671	-0.376336
2013-08-02 00:00:00	-0.763051	-1.49973	3.56778	0	-0.134662	-2.29756E-05	0.00104816	0	0.0058174	0	0	0	0	0	-1.0704	-0.0120687	0.0201516	0	0	0.0214839	0.0297475	0	0	0.0911423	-0.00967241	0.247558
2013-08-03 00:00:00	-0.289307	-0.354307	3.17165	0	-0.208471	0	2.06951E-05	0	0.000835724	0	0	0	0	0	-1.62537	-0.0120536	0.0201156	0	0	0.0178967	0.0264391	0	0	0.0910797	-0.00944911	0.829074
2013-08-04 00:00:00	-1.02909	-0.259052	3.12039	0	-0.0460869	0	3.99436E-05	0	0.000322851	0	0	0	0	0	-1.21847	-0.0120324	0.0200677	0	0	0.0145326	0.0227574	0	0	0.0909259	-0.00925006	0.695056
2013-08-05 00:00:00	-0.743636	-0.201969	2.89808	0	-0.0812014	0	0	0	0.000235347	0	0	0	0	0	-0.943801	-0.0120138	0.0200184	0	0	0.0121139	0.0200663	0	0	0.0906764	-0.00908013	1.04949
2013-08-06 00:00:00	-0.0408013	-0.0462163	2.65582	0	-0.0433724	0	0	0	0	0	0	0	0	0	-1.78647	-0.012	0.0199809	0	0	0.0101112	0.0180121	0	0	0.0904535	-0.00885568	0.856656
2013-08-07 00:00:00	-1.93042	0.00788903	3.71819	0	-0.0129576	0	1.25796E-05	0	0	0	0	0	0	0	-1.06997	-0.0119828	0.0199388	0	0	0.00857072	0.0163445	0	0	0.0900562	-0.00866006	0.827019
2013-08-08 00:00:00	-0.155347	-0.030577	2.84139	0	-0.0245451	0	1.74581E-05	0	0	0	0	0	0	0	-1.71999	-0.0119491	0.0198532	0	0	0.0071147	0.0147523	0	0	0.0896826	-0.00851377	1.02189
2013-08-09 00:00:00	-0.289307	-0.0030418	2.92614	0	-0.0187662	0	1.7391E-05	0	0	0	0	0	0	0	-1.66778	-0.0119304	0.0198367	0	0	0.00585827	0.0133607	0	0	0.0893276	-0.00837736	1.05534
2013-08-10 00:00:00	-0.763051	0	2.88048	0	-0.000647684	0	4.93095E-05	0	0	0	0	0	0	0	-1.31818	-0.011897	0.0197606	0	0	0.0051413	0.0124928	0	0	0.0889456	-0.0082304	0.90486
2013-08-11 00:00:00	-4.60968	1.56137	2.9101	0	0.100844	0	0.000309104	0	9.17623E-06	0	0	0	0	0	0.123451	-0.0118833	0.0197308	0	0	0.00546036	0.0126093	0	0	0.0883723	-0.00813766	0.192551
2013-08-12 00:00:00	-0.159199	-1.55557	2.7858	0	-0.017935	0	0.00011876	0	3.52345E-05	0	0	0	0	0	-0.684989	-0.0118691	0.0196766	0	0	0.00595582	0.0129304	0	0	0.0880256	-0.00816163	0.474816
2013-08-13 00:00:00	0	-0.00575891	2.53798	0	-0.0188633	0	6.769E-05	0	0	0	0	0	0	0	-1.90004	-0.0118427	0.0196195	0	0	0.00517518	0.0122768	0	0	0.0877294	-0.00815454	0.718186
2013-08-14 00:00:00	-2.58663	0.178111	2.9239	0	-0.0266581	0	2.56913E-06	0	0	0	0	0	0	0	0.107112	-0.0118203	0.019577	0	0	0.00515452	0.0121812	0	0	0.0872457	-0.00805862	0.700118
2013-08-15 00:00:00	-9.3048	2.4932	3.27284	0	0.175628	0	0.00115332	0	0.000177739	0	0	0	0	0	2.01028	-0.0118248	0.0195876	0	0	0.00743537	0.0142093	0	0	0.0870208	-0.00807	-1.24317
2013-08-16 00:00:00	-0.978613	-1.77695	2.85987	0	-0.0232602	0	0.00065814	0	0.0122697	0	0	0	0	0	-0.0633752	-0.0118097	0.0195502	0	0	0.00850426	0.0150899	0	0	0.0867239	-0.00836219	0.1403
2013-08-17 00:00:00	-3.06219	0.0490572	2.98928	0	0.0496636	0	0.000970381	0	0.00501951	0	0	0	0	0	-0.290612	-0.0117923	0.019514	0	0	0.00888146	0.0151956	0	0	0.0865714	-0.00835368	-0.148787
2013-08-18 00:00:00	-2.50117	-0.0863544	2.66913	0	-0.0169687	-1.00121E-05	0.000762986	0	0.011094	0	0	0	0	0	-0.0733969	-0.0117682	0.0194898	0	0	0.00898131	0.015192	0	0	0.08619	-0.00836818	0.112801
2013-08-19 00:00:00	0	-0.674296	2.60799	0	-0.125214	0	2.97743E-05	0	0.00318303	0	0	0	0	0	-1.24523	-0.0117496	0.0194309	0	0	0.00762685	0.0146317	0	0	0.0860315	-0.00832855	0.674112
2013-08-20 00:00:00	-0.955346	-0.111889	2.63845	0	-0.0132506	0	1.90036E-07	0	9.24392E-05	0	0	0	0	0	-1.28189	-0.011745	0.0193896	0	0	0.00677905	0.0138592	0	0	0.0856869	-0.00822727	0.381916
2013-08-21 00:00:00	-2.92626	0.0522354	2.99935	0	0.0597245	0	0.000182455	0	0.00029561	0	0	0	0	0	-0.12031	-0.0117157	0.0193326	0	0	0.00699335	0.0138896	0	0	0.0852607	-0.00813865	0.170847
2013-08-22 00:00:00	-0.2	-0.108301	2.63878	0	0.00859115	0	0.00032316	0	0.000256299	0	0	0	0	0	-1.84779	-0.0116866	0.0192968	0	0	0.00619293	0.0132186	0	0	0.0848312	-0.00811742	0.595595
2013-08-23 00:00:00	-0.0854547	-0.0132312	2.79146	0	-0.068823	0	3.58108E-05	0	0.000103654	0	0	0	0	0	-2.01047	-0.0116602	0.0192311	0	0	0.004909	0.0119797	0	0	0.084557	-0.00801936	0.714621
2013-08-24 00:00:00	-0.588289	-0.00211081	2.72397	0	-0.0827078	0	0	0	0	0	0	0	0	0	-1.09596	-0.0116313	0.0191623	0	0	0.00432827	0.0113724	0	0	0.0841871	-0.00789915	1.05443
2013-08-25 00:00:00	0	0	2.5186	0	-0.0249896	0	0	0	0	0	0	0	0	0	-2.00544	-0.0116042	0.0191348	0	0	0.00355713	0.0105937	0	0	0.0839517	-0.00782705	0.585972
2013-08-26 00:00:00	-0.2	0	2.7772	0	-0.0149312	0	0	0	0	0	0	0	0	0	-1.87027	-0.011554	0.0190847	0	0	0.00297587	0.00996955	0	0	0.0834508	-0.0077209	0.788202
2013-08-27 00:00:00	0	0	2.49779	0	-0.00669787	0	0	0	0	0	0	0	0	0	-1.86558	-0.0115324	0.0190234	0	0	0.00256265	0.00946567	0	0	0.0830614	-0.00763764	0.720461
2013-08-28 00:00:00	-0.0816026	0	2.38451	0	-0.00233932	0	9.26133E-06	0	0	0	0	0	0	0	-1.72648	-0.0115062	0.0189709	0	0	0.00230001	0.0090896	0	0	0.0826116	-0.00756634	0.667988
2013-08-29 00:00:00	-0.444653	0	2.5319	0	0.00136521	0	3.4701E-05	0	0	0	0	0	0	0	-1.60003	-0.0114731	0.0189054	0	0	0.00217265	0.00888505	0	0	0.0821199	-0.00750946	0.581717
2013-08-30 00:00:00	-1.44881	0.0955476	2.51946	0	0.0114859	0	6.7977E-05	0	0	0	0	0	0	0	-0.97873	-0.0114514	0.0188507	0	0	0.00228816	0.00898175	0	0	0.0816439	-0.00745695	0.291873
2013-08-31 00:00:00	-0.0854547	-0.0955476	2.12589	0	-0.00260237	0	3.89011E-05	0	0	0	0	0	0	0	-1.58096	-0.0114299	0.0187978	0	0	0.00219279	0.00883405	0	0	0.0813072	-0.00744985	0.45362
2013-09-01 00:00:00	-0.50397	0	2.29262	0	0.00107109	0	4.93102E-05	0	0	0	0	0	0	0	-1.45082	-0.0114119	0.0187323	0	0	0.00212773	0.00872153	0	0	0.0809015	-0.00741015	0.43062
2013-09-02 00:00:00	-1.15068	0	2.60579	0	0.00798969	0	7.86378E-05	0	0	0	0	0	0	0	-1.22962	-0.0113944	0.0186982	0	0	0.00222692	0.00883075	0	0	0.080497	-0.0073787	0.325039
2013-09-03 00:00:00	-0.0854547	0	2.40653	0	-0.00970892	0	2.02449E-05	0	0	0	0	0	0	0	-1.92598	-0.0113692	0.0186399	0	0	0.00202489	0.00857554	0	0	0.0800911	-0.00737153	0.476001
2013-09-04 00:00:00	0	0	2.19902	0	-0.00362654	0	2.92075E-05	0	0	0	0	0	0	0	-1.82796	-0.0113355	0.0185926	0	0	0.00188741	0.00837013	0	0	0.0796648	-0.0073269	0.457312
2013-09-05 00:00:00	0	0	2.04955	0	-0.00109747	0	3.51588E-05	0	0	0	0	0	0	0	-1.71353	-0.0113058	0.0185468	0	0	0.00182096	0.00824391	0	0	0.0792865	-0.00728283	0.424268
2013-09-06 00:00:00	-17.4808	3.65036	2.10755	0	0.215056	0	0.00210171	0	4.68254E-05	0	0	0	0	0	8.57629	-0.0113192	0.0185441	0	0	0.00441013	0.0114471	0	0	0.0789917	-0.00740331	-2.83473
2013-09-07 00:00:00	-10.3307	0.033172	2.14151	0	0.271862	-8.4846E-05	0.0039016	0	0.0310744	0	0	0	0	0	5.22334	-0.011337	0.01856	0	0	0.0106281	0.0180421	0	0	0.0793614	-0.00819985	-2.51883
2013-09-08 00:00:00	0	-1.8904	2.03388	0	-0.0114608	-5.57831E-05	0.00132893	0	0.0330462	0	0	0	0	0	-0.685181	-0.0113417	0.0185479	0	0	0.0130585	0.0202069	0	0	0.0795633	-0.00854745	-0.407353
2013-09-09 00:00:00	-3.41916	1.27031	2.02473	0	-0.0140316	-3.12367E-05	0.00137633	0	0.0233895	0	0	0	0	0	-0.0556445	-0.0113256	0.0185061	0	0	0.0126611	0.0194871	0	0	0.0796238	-0.00844406	-0.0585549
2013-09-10 00:00:00	0	-1.82831	2.11519	0	-0.024012	-1.79214E-05	0.00110212	0	0.0170535	0	0	0	0	0	-0.367968	-0.011315	0.0184508	0	0	0.0121322	0.0186901	0	0	0.0795452	-0.00835303	0.0221861
2013-09-11 00:00:00	-2.98311	0.665874	2.23493	0	-0.00316623	-7.68211E-06	0.000524295	0	0.0124943	0	0	0	0	0	0.124375	-0.0113	0.0184122	0	0	0.0114718	0.0178028	0	0	0.0794648	-0.00827899	0.159483
2013-09-12 00:00:00	-1.79844	-0.339865	2.29593	0	0.0204874	-3.97445E-05	0.00228499	0	0.0163916	0	0	0	0	0	-0.471299	-0.0113013	0.0183801	0	0	0.0112537	0.0175453	0	0	0.0792244	-0.00822575	-0.167671
2013-09-13 00:00:00	-2.48299	0.410749	1.99181	0	0.0148331	-2.76049E-05	0.00137252	0	0.0170163	0	0	0	0	0	-0.0788557	-0.0112932	0.018331	0	0	0.0108678	0.0170556	0	0	0.0790488	-0.00820589	-0.0202886
2013-09-14 00:00:00	0	-0.910531	1.80019	0	-0.0812685	-2.91135E-06	0.000700692	0	0.013369	0	0	0	0	0	-0.770162	-0.0112818	0.0182605	0	0	0.0102034	0.0166088	0	0	0.0789515	-0.0081406	0.156896
2013-09-15 00:00:00	-10.0427	2.73725	1.83352	0	0.217017	-7.03665E-05	0.0050833	0	0.0370406	0	0	0	0	0	3.77094	-0.0112912	0.0182185	0	0	0.010666	0.0173823	0	0	0.0788381	-0.00822654	-1.33636
2013-09-16 00:00:00	-2.1401	-0.0867078	1.7355	0	-0.0533318	-4.34985E-05	0.00260335	0	0.0469313	0	0	0	0	0	0.0462152	-0.0112997	0.018206	0	0	0.0122146	0.0187929	0	0	0.0792215	-0.00867311	-0.340475
2013-09-17 00:00:00	-0.402953	-1.24168	1.74594	0	0.00107469	-3.3836E-05	0.00180606	0	0.0239151	0	0	0	0	0	-0.32566	-0.0113004	0.0181536	0	0	0.0120082	0.0183783	0	0	0.0796181	-0.00854365	-0.0892815
2013-09-18 00:00:00	-0.2	-1.23909	1.65733	0	0.0149267	-3.01461E-05	0.00136662	0	0.0163357	0	0	0	0	0	-0.52025	-0.0112985	0.0181124	0	0	0.0116402	0.0176709	0	0	0.0795946	-0.00840465	-0.162089
2013-09-19 00:00:00	-13.6093	2.65031	1.79199	0	0.204087	-0.00272743	0.0218675	0	0.136325	0	0	0	0	0	6.30405	-0.0113142	0.0180723	0	0	0.0139349	0.0199269	0	0	0.0793152	-0.00937452	-2.39285
2013-09-20 00:00:00	-0.2	-1.44833	1.75175	0	-0.0827813	-0.00178688	0.00619919	0	0.0842034	0	0	0	0	0	-0.694326	-0.0113278	0.0180915	0	0	0.0172875	0.022494	0	0	0.0797944	-0.0102361	-0.468973
2013-09-21 00:00:00	-0.0446534	-1.33813	1.86197	0	-0.0250473	-0.000832406	0.0024055	0	0.0310421	0	0	0	0	0	-0.654095	-0.0113177	0.0180559	0	0	0.0161339	0.0212468	0	0	0.0802352	-0.0090334	-0.052017
2013-09-22 00:00:00	-0.114545	-0.257178	2.02901	0	-0.139074	-0.000530291	0.00107226	0	0.0155899	0	0	0	0	0	-1.23783	-0.0113069	0.0179944	0	0	0.0142634	0.0197616	0	0	0.0802978	-0.00878549	0.40874
2013-09-23 00:00:00	0	-0.220015	2.01693	0	-0.187493	-0.000161288	0.000157088	0	0.00435827	0	0	0	0	0	-1.26178	-0.0112932	0.0179466	0	0	0.0119901	0.0177204	0	0	0.0802165	-0.00855863	0.460019
2013-09-24 00:00:00	-0.0408013	-0.209444	1.91889	0	-0.0478097	-0.000122328	0.000139416	0	0.00134486	0	0	0	0	0	-1.30494	-0.0112799	0.0178746	0	0	0.0101364	0.016084	0	0	0.080056	-0.00833756	0.421784
2013-09-25 00:00:00	-1.62473	0.147575	1.62596	0	0.0467735	-0.000219778	0.000679263	0	0.0043326	0	0	0	0	0	0.0246475	-0.0112757	0.0178577	0	0	0.00967774	0.0156318	0	0	0.0797452	-0.00828434	0.328368
2013-09-26 00:00:00	-0.284555	-0.291721	1.514	0	0.0153335	-9.12737E-05	0.000490987	0	0.00606016	0	0	0	0	0	-0.878761	-0.0112649	0.0177823	0	0	0.00906267	0.0150086	0	0	0.0795991	-0.00820971	0.18273
2013-09-27 00:00:00	-0.37001	-0.135471	1.63094	0	-0.0574311	-0.000185333	0.000276131	0	0.00596674	0	0	0	0	0	-0.847874	-0.0112393	0.0177161	0	0	0.00830744	0.0143187	0	0	0.0793941	-0.00814231	0.326572
2013-09-28 00:00:00	-0.2	-0.0846397	1.66236	0	-0.0602383	-2.76654E-05	1.64802E-05	0	0.00101273	0	0	0	0	0	-0.927652	-0.011203	0.0176598	0	0	0.00744038	0.0135181	0	0	0.0792343	-0.00799655	0.489484
2013-09-29 00:00:00	-0.114545	-0.00980913	1.54971	0	-0.0167962	0	5.70807E-05	0	0.000199586	0	0	0	0	0	-1.16354	-0.0111955	0.0176473	0	0	0.00686975	0.0129889	0	0	0.0789612	-0.00780481	0.342743
2013-09-30 00:00:00	0	-0.00680942	1.59258	0	-0.0251561	0	6.81902E-05	0	5.17115E-05	0	0	0	0	0	-1.2078	-0.0111813	0.0176042	0	0	0.0062713	0.0124361	0	0	0.0786195	-0.00770967	0.448983
2013-10-01 00:00:00	0	-0.00657943	1.53571	0	0.0416635	0	0.000529354	0	8.0893E-05	0	0	0	0	0	-1.29098	-0.011175	0.0175226	0	0	0.00586866	0.0120619	0	0	0.0782288	-0.00762457	0.375301
2013-10-02 00:00:00	-1.97296	0.340673	1.61659	0	0.0448015	0	0.00075883	0	0.000778495	0	0	0	0	0	0.0275368	-0.0111624	0.0174962	0	0	0.00612982	0.0121284	0	0	0.0779898	-0.00760248	0.153153
2013-10-03 00:00:00	-2.58853	0.722926	1.78717	0	0.0422273	-3.27513E-05	0.00112553	0	0.00761437	0	0	0	0	0	-0.066823	-0.0111482	0.017461	0	0	0.00682608	0.0125005	0	0	0.0777374	-0.00769005	0.00136578
2013-10-04 00:00:00	-2.34387	0.588087	1.68922	0	0.00372794	-0.00048164	0.00152746	0	0.0139555	0	0	0	0	0	-0.0704077	-0.0111368	0.0174147	0	0	0.00755609	0.012835	0	0	0.0774313	-0.0078204	-0.0219656
2013-10-05 00:00:00	-2.38479	0.527669	1.54884	0	0.0212841	-0.000717393	0.00208262	0	0.0157317	0	0	0	0	0	0.0969723	-0.0111183	0.0173905	0	0	0.0080515	0.013366	0	0	0.0771941	-0.00788788	-0.0759323
2013-10-06 00:00:00	-0.0408013	-1.31758	1.61238	0	-0.0101486	-0.000554004	0.00144587	0	0.0159366	0	0	0	0	0	-0.329824	-0.0110866	0.0173676	0	0	0.00851455	0.0139564	0	0	0.0770277	-0.00800847	0.0286245
2013-10-07 00:00:00	-4.24039	2.00035	1.52816	0	0.0483089	-0.000873255	0.00269422	0	0.0156002	0	0	0	0	0	0.383745	-0.0110649	0.0173478	0	0	0.00895131	0.0143816	0	0	0.0768046	-0.00800656	-0.163999
2013-10-08 00:00:00	-1.32921	-0.151127	1.47475	0	-0.0143817	-0.000939857	0.00238202	0	0.0297752	0	0	0	0	0	-0.111376	-0.0110576	0.0173352	0	0	0.0095997	0.0149914	0	0	0.076641	-0.00823786	-0.000852924
2013-10-09 00:00:00	-3.78661	0.536358	1.26184	0	0.0668677	-0.00151377	0.00452014	0	0.038963	0	0	0	0	0	1.30944	-0.011047	0.0173277	0	0	0.011937	0.0168559	0	0	0.0766109	-0.00825087	-0.466699
2013-10-10 00:00:00	0	-1.06706	1.14252	0	0.00588773	-0.00148292	0.00422399	0	0.0430784	0	0	0	0	0	-0.282868	-0.0110442	0.0173298	0	0	0.0129648	0.0176971	0	0	0.0764216	-0.00861747	-0.0509471
2013-10-11 00:00:00	0	-1.07824	1.16291	0	-0.0301282	-0.000844892	0.0027143	0	0.0262782	0	0	0	0	0	-0.209752	-0.0110304	0.0172812	0	0	0.0127368	0.017264	0	0	0.0763773	-0.00847016	-0.0229095
2013-10-12 00:00:00	-0.2	-0.578917	1.1215	0	-0.0255857	-0.000514308	0.00176765	0	0.014941	0	0	0	0	0	-0.241101	-0.0110158	0.0172472	0	0	0.0122472	0.016773	0	0	0.0762773	-0.00827473	0.195342
2013-10-13 00:00:00	-2.57312	1.26017	1.19178	0	0.0549678	-0.00131894	0.00523294	0	0.0306224	0	0	0	0	0	-0.294102	-0.0110073	0.0172372	0	0	0.0121178	0.0165899	0	0	0.0759792	-0.00830067	-0.223153
2013-10-14 00:00:00	-0.2	-0.837823	1.09016	0	-0.0158142	-0.000906087	0.00333738	0	0.0246875	0	0	0	0	0	-0.124563	-0.0109949	0.0171995	0	0	0.0119723	0.0163078	0	0	0.0759407	-0.00833592	0.0411666
2013-10-15 00:00:00	-2.91879	1.56733	1.02574	0	-0.0119649	-0.000581362	0.00188397	0	0.0217554	0	0	0	0	0	0.315192	-0.0109827	0.0171567	0	0	0.0118277	0.0159951	0	0	0.075876	-0.0082452	0.102195
2013-10-16 00:00:00	-13.506	1.34299	1.06676	0	0.427836	-0.00802988	0.0337413	0	0.22113	0	0	0	0	0	7.26755	-0.0110134	0.0171978	0	0	0.0192501	0.0214763	0	0	0.0757011	-0.00997982	-3.04136
2013-10-17 00:00:00	-5.325	-0.000818228	1.10975	0	-0.000787905	-0.00590579	0.0387945	0	0.198112	0	0	0	0	0	2.17923	-0.0110403	0.017213	0	0	0.0290922	0.0276485	0	0	0.0763182	-0.0124297	-1.67982
2013-10-18 00:00:00	-3.10141	0.0140067	1.12044	0	0.0145335	-0.00449724	0.0248393	0	0.130029	0	0	0	0	0	0.804954	-0.0110439	0.0171996	0	0	0.0292776	0.0276714	0	0	0.0772943	-0.011678	-0.868382
2013-10-19 00:00:00	-7.14117	-0.00823438	1.17252	0	0.0789038	-0.00766215	0.0495797	0	0.218015	0	0	0	0	0	3.64833	-0.0110577	0.0172142	0	0	0.0316038	0.0290942	0	0	0.0775775	-0.0129465	-1.85823
2013-10-20 00:00:00	-3.75474	-0.00253403	1.08627	0	-0.0172157	-0.00660954	0.0315884	0	0.203129	0	0	0	0	0	1.2204	-0.0110756	0.017227	0	0	0.0348425	0.0311611	0	0	0.0780123	-0.0137848	-1.10333
2013-10-21 00:00:00	-8.10866	-0.00804249	1.09544	0	0.11065	-0.0103797	0.064812	0	0.297398	0	0	0	0	0	4.20481	-0.0111013	0.0172489	0	0	0.0391871	0.0340622	0	0	0.0783972	-0.0147857	-2.21096
2013-10-22 00:00:00	-7.52985	-0.0221411	1.14231	0	0.0368488	-0.0112306	0.0623884	0	0.334668	0	0	0	0	0	3.4949	-0.0111295	0.0172737	0	0	0.0452323	0.0374194	0	0	0.0789345	-0.0168252	-2.3412
2013-10-23 00:00:00	-2.87783	-0.00354579	1.01102	0	-0.00539148	-0.00774261	0.0283586	0	0.208018	0	0	0	0	0	0.514203	-0.011142	0.0172828	0	0	0.0454283	0.0371707	0	0	0.0798649	-0.0153833	-0.979691
2013-10-24 00:00:00	-0.0446534	-0.761132	0.854045	0	-0.0951892	-0.0048778	0.0130677	0	0.13179	0	0	0	0	0	-0.461037	-0.0111416	0.017266	0	0	0.0411858	0.0341924	0	0	0.0805865	-0.0136784	-0.219575
2013-10-25 00:00:00	-5.08882	0.726053	0.950839	0	0.126795	-0.00773843	0.0378964	0	0.190545	0	0	0	0	0	1.94562	-0.0111508	0.0172657	0	0	0.0394619	0.0329403	0	0	0.0808673	-0.0130327	-0.972458
2013-10-26 00:00:00	-1.10849	-0.0599245	0.950062	0	-0.0829456	-0.00498938	0.016249	0	0.135482	0	0	0	0	0	-0.284992	-0.0111615	0.0172568	0	0	0.038053	0.0318021	0	0	0.0810665	-0.0135152	-0.296042
2013-10-27 00:00:00	-6.05564	0.0305414	0.907818	0	0.148209	-0.0106678	0.0581305	0	0.243078	0	0	0	0	0	2.96041	-0.0111782	0.0172702	0	0	0.0389613	0.0321294	0	0	0.0812074	-0.0144164	-1.57414
2013-10-28 00:00:00	-2.13216	-0.0179099	0.82477	0	-0.0485102	-0.0072308	0.0270192	0	0.177651	0	0	0	0	0	0.354481	-0.0111978	0.0172727	0	0	0.0394833	0.0321408	0	0	0.0816007	-0.0146585	-0.67725
2013-10-29 00:00:00	-0.155347	-0.572316	0.762454	0	-0.0270572	-0.00441435	0.0137354	0	0.10573	0	0	0	0	0	-0.382485	-0.0111992	0.0172417	0	0	0.0363035	0.0299469	0	0	0.0822321	-0.0126786	-0.117854
2013-10-30 00:00:00	-1.70463	0.553387	0.725579	0	0.0210781	-0.00398972	0.0134131	0	0.0862766	0	0	0	0	0	0.0438161	-0.0111933	0.0172238	0	0	0.0331053	0.02789	0	0	0.082559	-0.0115841	-0.127073
2013-10-31 00:00:00	-2.8627	-0.0152688	0.769706	0	0.0594386	-0.00642597	0.0304826	0	0.144902	0	0	0	0	0	1.14592	-0.0111913	0.0172146	0	0	0.033133	0.027804	0	0	0.0826506	-0.012172	-0.596504
2013-11-01 00:00:00	0	-0.669627	0.712129	0	-0.106316	-0.00436689	0.0140815	0	0.108086	0	0	0	0	0	-0.222443	-0.0111819	0.0172006	0	0	0.0318173	0.0268412	0	0	0.0829556	-0.0120592	-0.0328826
2013-11-02 00:00:00	-12.134	0.64157	0.58384	0	0.341682	-0.0206724	0.11904	0	0.465836	0	0	0	0	0	6.65671	-0.011211	0.0172515	0	0	0.0408617	0.0317115	0	0	0.082856	-0.015875	-3.20037
2013-11-03 00:00:00	-4.59959	-0.0153189	0.600132	0	-0.0641946	-0.0151087	0.0647983	0	0.380403	0	0	0	0	0	1.675	-0.011232	0.0173179	0	0	0.0519895	0.037005	0	0	0.083984	-0.0179417	-1.81276
2013-11-04 00:00:00	-0.114545	-0.370651	0.503979	0	-0.111815	-0.00722591	0.0228323	0	0.185334	0	0	0	0	0	-0.589251	-0.0112302	0.0173108	0	0	0.0493532	0.0352477	0	0	0.0853837	-0.01491	-0.320188
2013-11-05 00:00:00	-1.01081	0.334147	0.467925	0	0.0598212	-0.00454484	0.0149291	0	0.103374	0	0	0	0	0	-0.218514	-0.0112222	0.0172855	0	0	0.0435242	0.0318649	0	0	0.0861126	-0.0123284	-0.0984381
2013-11-06 00:00:00	-4.26086	-0.0205726	0.597655	0	0.0657443	-0.00991421	0.0476778	0	0.232572	0	0	0	0	0	2.08096	-0.0112279	0.0172859	0	0	0.0427449	0.0313564	0	0	0.0860054	-0.0144035	-1.11498
2013-11-07 00:00:00	-2.80229	-0.00836801	0.576922	0	0.000378468	-0.00978785	0.0389319	0	0.246529	0	0	0	0	0	1.01863	-0.0112327	0.0172889	0	0	0.0427369	0.031203	0	0	0.08617	-0.0156721	-0.788557
2013-11-08 00:00:00	-0.976815	-0.0437455	0.534565	0	-0.0532858	-0.0058977	0.0188073	0	0.148921	0	0	0	0	0	-0.0260019	-0.0112303	0.0172781	0	0	0.040308	0.0297335	0	0	0.0868061	-0.0139853	-0.254542
2013-11-09 00:00:00	-3.36814	0.0222954	0.447198	0	0.136337	-0.0101012	0.0383303	0	0.219949	0	0	0	0	0	1.54231	-0.0112349	0.0172813	0	0	0.0400548	0.0293697	0	0	0.0869781	-0.014154	-0.823528
2013-11-10 00:00:00	-0.2	-0.237689	0.440518	0	-0.115837	-0.00529582	0.0153868	0	0.139626	0	0	0	0	0	-0.304492	-0.0112316	0.0172649	0	0	0.0383259	0.0282999	0	0	0.0873016	-0.0140337	-0.121856
2013-11-11 00:00:00	-2.86251	0.202776	0.600421	0	0.0990217	-0.0081366	0.0308274	0	0.169389	0	0	0	0	0	1.03638	-0.0112333	0.0172548	0	0	0.0363589	0.0272087	0	0	0.0876889	-0.0134816	-0.588028
2013-11-12 00:00:00	-1.84596	-0.0235613	0.563946	0	-0.00267486	-0.00587028	0.0246507	0	0.157677	0	0	0	0	0	0.545138	-0.0112388	0.0172482	0	0	0.0357975	0.026792	0	0	0.0878683	-0.0141478	-0.444337
2013-11-13 00:00:00	-0.544771	-0.121067	0.543216	0	-0.0566397	-0.00407598	0.0125242	0	0.10316	0	0	0	0	0	-0.16196	-0.0112409	0.0172229	0	0	0.0334584	0.0254472	0	0	0.0883635	-0.0125153	-0.0888789
2013-11-14 00:00:00	0	-0.438961	0.468212	0	0.0021966	-0.00398405	0.0127342	0	0.0815033	0	0	0	0	0	-0.24769	-0.0112431	0.0171883	0	0	0.0309285	0.0240543	0	0	0.0885604	-0.011687	0.0118125
2013-11-15 00:00:00	-0.626374	0.0871475	0.507248	0	-0.0124322	-0.00304086	0.00955957	0	0.0683849	0	0	0	0	0	-0.114284	-0.011237	0.0171665	0	0	0.0284537	0.0226654	0	0	0.0886328	-0.0113685	0.0505213
2013-11-16 00:00:00	-0.159199	-0.386798	0.573285	0	0.0077559	-0.00235233	0.00720588	0	0.0544258	0	0	0	0	0	-0.225641	-0.0112356	0.0171435	0	0	0.0264391	0.0215502	0	0	0.0886819	-0.0109496	0.000312361
2013-11-17 00:00:00	-3.12084	0.802401	0.409191	0	0.135606	-0.0055967	0.0240614	0	0.110936	0	0	0	0	0	1.06652	-0.0112349	0.01713	0	0	0.0255439	0.0211238	0	0	0.0885804	-0.0119845	-0.44856
2013-11-18 00:00:00	-0.329209	-0.0860363	0.397479	0	-0.0699373	-0.0037015	0.0114404	0	0.101415	0	0	0	0	0	-0.178743	-0.0112328	0.017127	0	0	0.025342	0.0210326	0	0	0.0885406	-0.0127135	-0.029197
2013-11-19 00:00:00	-1.33077	0.0561999	0.331789	0	0.0465682	-0.00442935	0.0184265	0	0.0959458	0	0	0	0	0	0.44954	-0.0112291	0.0171054	0	0	0.0248948	0.0207865	0	0	0.0887953	-0.0115441	-0.207923
2013-11-20 00:00:00	-7.71986	-0.0178054	0.417102	0	0.293404	-0.0179364	0.0890443	0	0.435416	0	0	0	0	0	4.37182	-0.0112475	0.017167	0	0	0.0332321	0.0251318	0	0	0.0882942	-0.0159739	-2.01221
2013-11-21 00:00:00	-0.243754	-0.104923	0.32963	0	-0.210245	-0.00833021	0.0264813	0	0.239711	0	0	0	0	0	-0.381402	-0.0112716	0.0171799	0	0	0.0390003	0.0278808	0	0	0.0893172	-0.0157731	-0.206497
2013-11-22 00:00:00	-0.0408013	-0.20292	0.252674	0	-0.0203028	-0.00455849	0.0146693	0	0.108131	0	0	0	0	0	-0.235372	-0.0112675	0.0171553	0	0	0.0355076	0.0260108	0	0	0.0907241	-0.0126149	0.0170347
2013-11-23 00:00:00	0	-0.286988	0.311275	0	-0.0271634	-0.00409917	0.0130807	0	0.0943736	0	0	0	0	0	-0.171908	-0.0112602	0.0171337	0	0	0.0324913	0.0243936	0	0	0.0912264	-0.0119736	0.0705826
2013-11-24 00:00:00	0	-0.272515	0.295601	0	-0.00858457	-0.00322467	0.0105048	0	0.0737455	0	0	0	0	0	-0.18041	-0.0112498	0.0171102	0	0	0.0298477	0.0229657	0	0	0.0914476	-0.0113766	0.0538622
2013-11-25 00:00:00	-0.159199	-0.118409	0.290236	0	-0.0169712	-0.0028287	0.00935215	0	0.0640044	0	0	0	0	0	-0.127121	-0.0112437	0.0170694	0	0	0.0276028	0.0217648	0	0	0.0915616	-0.010939	0.0748798
2013-11-26 00:00:00	-2.02458	0.882921	0.408827	0	0.0738175	-0.00389776	0.0143853	0	0.0810649	0	0	0	0	0	0.365084	-0.0112398	0.0170411	0	0	0.0260883	0.0209919	0	0	0.0915646	-0.0108658	-0.0687926
2013-11-27 00:00:00	-0.0854547	-0.291412	0.385559	0	-0.0714539	-0.0032117	0.0101386	0	0.084095	0	0	0	0	0	-0.109017	-0.0112382	0.0170023	0	0	0.0253064	0.0206145	0	0	0.0915455	-0.0115081	0.0509654
2013-11-28 00:00:00	0	-0.334741	0.362402	0	0.00515375	-0.00220688	0.00750519	0	0.0520071	0	0	0	0	0	-0.156115	-0.011231	0.0169629	0	0	0.0238182	0.0198273	0	0	0.0916716	-0.0106464	0.0644076
2013-11-29 00:00:00	-3.4511	0.566506	0.378622	0	0.178109	-0.00629915	0.0320862	0	0.140416	0	0	0	0	0	1.42111	-0.011231	0.0169482	0	0	0.0237823	0.0198368	0	0	0.0914606	-0.0122152	-0.611972
2013-11-30 00:00:00	-0.159199	-0.149259	0.314371	0	-0.0941131	-0.00416536	0.0131589	0	0.123528	0	0	0	0	0	-0.193015	-0.0112347	0.0169351	0	0	0.0244609	0.0201544	0	0	0.0914804	-0.0135033	-0.0204007
2013-12-01 00:00:00	0	-0.309678	0.333573	0	-0.0207306	-0.00260463	0.00829637	0	0.0704108	0	0	0	0	0	-0.168637	-0.0112239	0.0168911	0	0	0.0231564	0.019459	0	0	0.0920305	-0.0113685	0.0395746
2013-12-02 00:00:00	-0.326256	0.00826606	0.316732	0	-0.0307346	-0.00257767	0.00863859	0	0.0578558	0	0	0	0	0	-0.130039	-0.0112148	0.0168315	0	0	0.0220117	0.0188525	0	0	0.0921508	-0.0107103	0.0298065
2013-12-03 00:00:00	-3.92991	0.383668	0.38479	0	0.241862	-0.00949151	0.0444935	0	0.213445	0	0	0	0	0	1.85563	-0.0112187	0.0168444	0	0	0.0245926	0.0203136	0	0	0.0918397	-0.0127298	-0.685866
2013-12-04 00:00:00	-0.529209	-0.0211283	0.320588	0	-0.131259	-0.00584839	0.0195104	0	0.16956	0	0	0	0	0	0.015343	-0.0112289	0.0168441	0	0	0.0272356	0.0216887	0	0	0.0917024	-0.0142727	-0.0304742
2013-12-05 00:00:00	-18.5838	-0.0163995	0.291572	0	0.823581	-0.0528124	0.25578	0	1.49943	0	0	0	0	0	10.8062	-0.0112892	0.0170064	0	0	0.0548497	0.0335058	0	0	0.0901756	-0.024893	-4.81714
2013-12-06 00:00:00	0	-0.242838	0.251371	0	-0.522014	-0.0179625	0.0603548	0	0.625337	0	0	0	0	0	-0.809188	-0.0113391	0.0171116	0	0	0.0782799	0.0420921	0	0	0.0938373	-0.0231107	-0.45807
2013-12-07 00:00:00	-3.81151	0.205153	0.304207	0	0.17561	-0.0187328	0.0820892	0	0.516616	0	0	0	0	0	1.41209	-0.0113603	0.0171361	0	0	0.0732801	0.0401937	0	0	0.0965417	-0.0193269	-0.938016
2013-12-08 00:00:00	-10.2521	-0.0197117	0.381996	0	0.482898	-0.0410114	0.194935	0	1.27369	0	0	0	0	0	5.21111	-0.0113879	0.0172371	0	0	0.0827246	0.0446304	0	0	0.0956298	-0.028219	-2.56758
2013-12-09 00:00:00	-1.2158	-0.0178141	0.372865	0	-0.291636	-0.020886	0.0763445	0	0.703151	0	0	0	0	0	-0.230625	-0.0114204	0.0172682	0	0	0.0843944	0.0453315	0	0	0.0982887	-0.0261303	-0.416668
2013-12-10 00:00:00	0	-0.343192	0.360927	0	-0.107975	-0.00980563	0.0344166	0	0.29916	0	0	0	0	0	-0.541064	-0.0114309	0.0172506	0	0	0.0733102	0.0403315	0	0	0.101207	-0.0194256	-0.10629
2013-12-11 00:00:00	0	-0.33086	0.359773	0	-0.0170007	-0.00863491	0.031848	0	0.234514	0	0	0	0	0	-0.377968	-0.0114292	0.01724	0	0	0.0641695	0.0362293	0	0	0.102388	-0.016688	0.0835811
2013-12-12 00:00:00	-2.14315	0.622758	0.387134	0	0.0995942	-0.00988512	0.0441255	0	0.273671	0	0	0	0	0	0.406058	-0.0114307	0.0172294	0	0	0.0583281	0.0337146	0	0	0.102731	-0.016845	-0.135962
2013-12-13 00:00:00	-1.74723	-0.0199962	0.372445	0	0.0611471	-0.0100172	0.0448249	0	0.304927	0	0	0	0	0	0.504723	-0.0114451	0.0172318	0	0	0.0546836	0.0322292	0	0	0.102571	-0.0187523	-0.312662
2013-12-14 00:00:00	-8.74195	-0.0168278	0.353378	0	0.466648	-0.0386933	0.167742	0	1.19238	0	0	0	0	0	4.75016	-0.0114659	0.0172926	0	0	0.0617264	0.0354609	0	0	0.100915	-0.0273511	-1.69059
2013-12-15 00:00:00	-11.5242	-0.0190828	0.340036	0	0.278371	-0.0555422	0.249885	0	2.0493	0	0	0	0	0	5.86835	-0.011519	0.0174162	0	0	0.080548	0.0437193	0	0	0.101012	-0.0349003	-2.61663
2013-12-16 00:00:00	-5.91237	-0.0167248	0.264449	0	-0.120235	-0.0458752	0.182289	0	1.66829	0	0	0	0	0	2.30331	-0.0115793	0.0175142	0	0	0.0927823	0.0490275	0	0	0.105276	-0.0335123	-1.45736
2013-12-17 00:00:00	-0.114545	-0.173719	0.296765	0	-0.226114	-0.0199405	0.0690146	0	0.724471	0	0	0	0	0	-0.84409	-0.011603	0.0175481	0	0	0.0878321	0.0468559	0	0	0.110152	-0.0257668	-0.0631406
2013-12-18 00:00:00	-6.20867	0.13784	0.323986	0	0.319784	-0.0382738	0.156335	0	1.22832	0	0	0	0	0	2.63517	-0.0116269	0.0175893	0	0	0.0861011	0.0463368	0	0	0.111304	-0.0277666	-1.22356
2013-12-19 00:00:00	-1.94902	-0.0155796	0.326671	0	-0.0933912	-0.0240655	0.0919392	0	0.882049	0	0	0	0	0	0.208992	-0.0116707	0.0176072	0	0	0.084649	0.0457242	0	0	0.113161	-0.0277555	-0.350694
2013-12-20 00:00:00	-12.2784	-0.0209088	0.327715	0	0.581052	-0.0704606	0.288364	0	2.53635	0	0	0	0	0	6.10158	-0.0117136	0.0176891	0	0	0.095447	0.0500717	0	0	0.112249	-0.0377025	-2.30866
2013-12-21 00:00:00	-16.191	-0.016086	0.278541	0	0.286025	-0.107664	0.465214	0	4.23426	0	0	0	0	0	7.60378	-0.0117957	0.0178965	0	0	0.171429	0.0764207	0	0	0.113142	-0.045923	-3.1258
2013-12-22 00:00:00	-2.02459	-0.0143234	0.256417	0	-0.458018	-0.0469483	0.175067	0	1.91155	0	0	0	0	0	-0.500794	-0.0118353	0.0179924	0	0	0.203461	0.0861935	0	0	0.121019	-0.0363683	-0.321178
2013-12-23 00:00:00	-15.6347	-0.0152542	0.280204	0	0.857898	-0.103024	0.450426	0	4.20471	0	0	0	0	0	6.99657	-0.0118782	0.0181514	0	0	0.218187	0.0907334	0	0	0.121216	-0.0439827	-2.57077
2013-12-24 00:00:00	-4.6589	-0.0195007	0.272901	0	-0.604323	-0.0614389	0.246145	0	2.7023	0	0	0	0	0	0.693109	-0.0119335	0.0182744	0	0	0.232487	0.0948354	0	0	0.126811	-0.0397381	-1.00897
2013-12-25 00:00:00	-1.77951	-0.0198308	0.282557	0	-0.222168	-0.0340164	0.127021	0	1.40905	0	0	0	0	0	-0.447034	-0.0119509	0.0183107	0	0	0.204319	0.0843993	0	0	0.131606	-0.0332421	-0.290493
2013-12-26 00:00:00	-1.10463	-0.0147722	0.265279	0	-0.0585146	-0.0258955	0.0980555	0	0.988246	0	0	0	0	0	-0.527392	-0.0119519	0.0183275	0	0	0.177048	0.0742053	0	0	0.134292	-0.0291075	-0.0168128
2013-12-27 00:00:00	-32.5738	-0.0108804	0.298646	0	2.04985	-0.220443	0.934691	0	9.18545	0	0	0	0	0	15.233	-0.0120214	0.0186105	0	0	0.253396	0.102548	0	0	0.123685	-0.0593371	-4.67659
2013-12-28 00:00:00	-5.33912	-0.0221469	0.234394	0	-1.34478	-0.0889741	0.355115	0	4.28444	0	0	0	0	0	-0.0328862	-0.0121206	0.01883	0	0	0.327843	0.127953	0	0	0.133119	-0.0503869	-1.40872
2013-12-29 00:00:00	-0.892923	-0.0180774	0.291222	0	-0.383226	-0.043729	0.156827	0	1.87655	0	0	0	0	0	-1.49506	-0.0121605	0.0188562	0	0	0.28128	0.11044	0	0	0.141122	-0.0376468	-0.00652748
2013-12-30 00:00:00	-22.5315	-0.0107411	0.301144	0	1.38475	-0.177287	0.7756	0	7.9051	0	0	0	0	0	9.20979	-0.0122404	0.0190347	0	0	0.297567	0.115749	0	0	0.133391	-0.0589365	-2.64855
2013-12-31 00:00:00	-0.655465	-0.0189837	0.300616	0	-1.07735	-0.054438	0.20016	0	2.73688	0	0	0	0	0	-1.98256	-0.0123351	0.0191422	0	0	0.294906	0.112924	0	0	0.143885	-0.0432545	-0.0358718
2014-01-01 00:00:00	-11.4735	-0.0119804	0.30238	0	0.999157	-0.106152	0.456032	0	4.47084	0	0	0	0	0	3.75715	-0.0123927	0.0192424	0	0	0.284942	0.10933	0	0	0.144172	-0.0467225	-1.10752
2014-01-02 00:00:00	-4.54801	-0.0234972	0.265054	0	-0.700512	-0.0673721	0.257051	0	3.03862	0	0	0	0	0	0.348087	-0.0124337	0.0193422	0	0	0.27785	0.106283	0	0	0.148214	-0.0425084	-0.933838
2014-01-03 00:00:00	-6.20682	-0.0136712	0.310223	0	0.265397	-0.077513	0.301412	0	3.22975	0	0	0	0	0	1.34657	-0.0124841	0.0193982	0	0	0.260405	0.100324	0	0	0.149711	-0.0432474	-0.370548
2014-01-04 00:00:00	-2.05873	-0.0131676	0.28727	0	-0.267681	-0.0418721	0.184684	0	2.05195	0	0	0	0	0	-0.46292	-0.0125038	0.0194304	0	0	0.233094	0.090654	0	0	0.153657	-0.0382793	0.125588
2014-01-05 00:00:00	-3.56798	-0.0212355	0.277612	0	-0.104729	-0.0418236	0.17871	0	1.87096	0	0	0	0	0	0.458197	-0.0125208	0.0194588	0	0	0.208362	0.0820739	0	0	0.156247	-0.0361102	-0.532785
2014-01-06 00:00:00	-7.59683	-0.0136667	0.292532	0	0.407157	-0.074405	0.320909	0	3.22365	0	0	0	0	0	2.39706	-0.0125689	0.0195268	0	0	0.203768	0.0806457	0	0	0.15496	-0.0424464	-0.639703
2014-01-07 00:00:00	-3.78404	-0.0154118	0.294275	0	-0.192925	-0.0536093	0.209284	0	2.39375	0	0	0	0	0	0.572458	-0.0126304	0.0195685	0	0	0.196436	0.0777801	0	0	0.158406	-0.0392416	-0.175893
2014-01-08 00:00:00	-2.81279	-0.0208723	0.302473	0	-0.241531	-0.0369027	0.164836	0	1.73241	0	0	0	0	0	0.291096	-0.0126458	0.0196029	0	0	0.179646	0.0721159	0	0	0.161582	-0.0352436	-0.236222
2014-01-09 00:00:00	-0.2	-0.102043	0.304545	0	-0.24536	-0.0193621	0.077236	0	0.854888	0	0	0	0	0	-0.734776	-0.0126408	0.0196174	0	0	0.157563	0.0645672	0	0	0.165179	-0.0283953	0.301018
2014-01-10 00:00:00	-5.05115	0.0763125	0.29976	0	0.515406	-0.0431387	0.197923	0	1.73268	0	0	0	0	0	1.52816	-0.0126875	0.0196405	0	0	0.147934	0.0615069	0	0	0.164107	-0.0331733	-0.396726
2014-01-11 00:00:00	-0.488407	-0.0308653	0.276856	0	-0.465105	-0.0169241	0.0644598	0	0.862171	0	0	0	0	0	-0.510732	-0.0127017	0.0196629	0	0	0.134526	0.056831	0	0	0.166137	-0.0285032	0.0274059
2014-01-12 00:00:00	-0.240801	-0.0495902	0.270419	0	-0.33417	-0.0124246	0.0492653	0	0.489797	0	0	0	0	0	-0.323649	-0.0127052	0.0196522	0	0	0.116361	0.0507378	0	0	0.168601	-0.022904	0.168589
2014-01-13 00:00:00	-1.76164	0.0307381	0.319129	0	0.226427	-0.0147753	0.0699961	0	0.556643	0	0	0	0	0	0.314243	-0.0127059	0.0196534	0	0	0.10285	0.0464654	0	0	0.168302	-0.0236493	0.0416746
2014-01-14 00:00:00	-1.76164	-0.0164745	0.278313	0	0.0469164	-0.0161704	0.0764445	0	0.715958	0	0	0	0	0	0.364837	-0.012718	0.0196515	0	0	0.0926799	0.0432524	0	0	0.167543	-0.0261118	-0.0275215
2014-01-15 00:00:00	-10.9737	-0.0196578	0.357633	0	0.975338	-0.0855647	0.345951	0	3.49783	0	0	0	0	0	4.38763	-0.0127574	0.0197245	0	0	0.108874	0.0488335	0	0	0.161663	-0.0412994	-1.22953
2014-01-16 00:00:00	-0.329209	-0.0523651	0.342236	0	-0.80035	-0.0278771	0.100534	0	1.52045	0	0	0	0	0	-0.755683	-0.0127844	0.0197599	0	0	0.115359	0.0506281	0	0	0.166355	-0.0332296	0.303826
2014-01-17 00:00:00	-0.855619	0.0154747	0.348798	0	-0.257878	-0.014131	0.0660914	0	0.627564	0	0	0	0	0	-0.21405	-0.0127986	0.0197452	0	0	0.0998731	0.0453001	0	0	0.170496	-0.0251622	0.0137027
2014-01-18 00:00:00	-2.76642	-0.0133601	0.366123	0	0.252267	-0.0254367	0.109723	0	0.97779	0	0	0	0	0	0.688182	-0.0128036	0.0197565	0	0	0.0934955	0.0432702	0	0	0.16979	-0.0274487	-0.125072
2014-01-19 00:00:00	-3.62728	-0.0136201	0.361447	0	0.2244	-0.0341094	0.144319	0	1.43455	0	0	0	0	0	1.04186	-0.0128443	0.0197809	0	0	0.0932546	0.0431981	0	0	0.168482	-0.0315069	-0.188064
2014-01-20 00:00:00	-0.159199	-0.202939	0.365011	0	-0.404679	-0.0106404	0.0400943	0	0.60695	0	0	0	0	0	-0.370637	-0.0128676	0.0197795	0	0	0.0824813	0.0394643	0	0	0.171226	-0.025679	0.138366
2014-01-21 00:00:00	-1.6776	0.174426	0.298656	0	-0.00360779	-0.018564	0.0700247	0	0.610768	0	0	0	0	0	0.323192	-0.0128739	0.0197895	0	0	0.0771564	0.0379123	0	0	0.172167	-0.0228883	0.0485628
2014-01-22 00:00:00	-2.34636	-0.0152381	0.375415	0	0.093049	-0.0221556	0.0913687	0	0.802237	0	0	0	0	0	0.614898	-0.0128925	0.0198098	0	0	0.0754508	0.0376177	0	0	0.17138	-0.0249381	-0.14036
2014-01-23 00:00:00	-3.68482	-0.0145114	0.348078	0	0.180209	-0.0337157	0.13645	0	1.30558	0	0	0	0	0	1.20008	-0.0129117	0.0198344	0	0	0.0793491	0.03904	0	0	0.169975	-0.0288633	-0.296218
2014-01-24 00:00:00	-6.22874	-0.00886195	0.350975	0	0.375124	-0.0601971	0.23315	0	2.32741	0	0	0	0	0	2.2527	-0.0129253	0.0199154	0	0	0.0944226	0.0441293	0	0	0.167652	-0.035187	-0.480437
2014-01-25 00:00:00	-17.1451	-0.011525	0.410738	0	0.829631	-0.161253	0.610647	0	6.86891	0	0	0	0	0	6.61596	-0.0129902	0.0200753	0	0	0.142789	0.0600634	0	0	0.159877	-0.0538292	-1.66604
2014-01-26 00:00:00	-3.60722	-0.0134308	0.377233	0	-0.720551	-0.0695531	0.255877	0	3.30964	0	0	0	0	0	0.0556701	-0.0130747	0.0202123	0	0	0.172813	0.0694814	0	0	0.169197	-0.0433733	-0.0370825
2014-01-27 00:00:00	-1.48841	-0.00639565	0.405002	0	-0.275054	-0.0382313	0.133625	0	1.6832	0	0	0	0	0	-0.458097	-0.0131336	0.0202715	0	0	0.155716	0.0635723	0	0	0.176138	-0.0345471	0.323652
2014-01-28 00:00:00	-2.04725	-0.0196211	0.400909	0	-0.109793	-0.0267422	0.120392	0	1.21869	0	0	0	0	0	0.00289619	-0.013142	0.0202715	0	0	0.137799	0.0574244	0	0	0.178763	-0.0316138	-0.111019
2014-01-29 00:00:00	-4.16642	-0.0135454	0.423497	0	0.216272	-0.0437407	0.176045	0	1.81327	0	0	0	0	0	1.00305	-0.0131635	0.0203001	0	0	0.131427	0.0553683	0	0	0.177923	-0.0346128	-0.254339
2014-01-30 00:00:00	0	-0.276175	0.292814	0	-0.512296	-0.0197118	0.0734688	0	0.929257	0	0	0	0	0	-0.55359	-0.0131692	0.0203038	0	0	0.119639	0.0513947	0	0	0.18105	-0.0288087	0.264176
2014-01-31 00:00:00	-1.94324	0.261723	0.377297	0	0.184681	-0.0206442	0.0731915	0	0.687132	0	0	0	0	0	0.201501	-0.0131712	0.0203165	0	0	0.107151	0.0472757	0	0	0.183126	-0.02456	0.141783
2014-02-01 00:00:00	-16.1044	-0.0143703	0.441914	0	1.37557	-0.147532	0.555585	0	5.77194	0	0	0	0	0	6.24765	-0.0132211	0.0204754	0	0	0.146799	0.0613019	0	0	0.173583	-0.0463902	-1.53105
2014-02-02 00:00:00	-1.26227	-0.0172222	0.467642	0	-1.10259	-0.0470805	0.160849	0	2.36084	0	0	0	0	0	-0.864798	-0.0132616	0.020569	0	0	0.16909	0.0689344	0	0	0.180168	-0.0375083	0.0833633
2014-02-03 00:00:00	0	-0.443165	0.477117	0	0.0155436	-0.0111899	0.0390988	0	0.58485	0	0	0	0	0	-0.589513	-0.0132566	0.0205628	0	0	0.136408	0.0574393	0	0	0.186322	-0.0258616	0.434357
2014-02-04 00:00:00	-1.62211	0.422889	0.449423	0	-0.344094	-0.025191	0.0865224	0	0.831072	0	0	0	0	0	-0.111958	-0.0132606	0.020568	0	0	0.126664	0.054081	0	0	0.186189	-0.025051	0.0357405
2014-02-05 00:00:00	-18.3184	-0.0109513	0.476998	0	1.66263	-0.159283	0.650238	0	6.6153	0	0	0	0	0	7.05801	-0.0133476	0.0207504	0	0	0.175139	0.0706343	0	0	0.17666	-0.0461893	-1.64179
2014-02-06 00:00:00	-0.414663	-0.0972015	0.480364	0	-1.47693	-0.039522	0.148229	0	2.32841	0	0	0	0	0	-1.30757	-0.0134145	0.0208779	0	0	0.202685	0.0794647	0	0	0.183982	-0.0362446	0.0584698
2014-02-07 00:00:00	-0.284555	-0.136899	0.437741	0	-0.219061	-0.02297	0.0866008	0	0.94359	0	0	0	0	0	-0.786609	-0.013413	0.020864	0	0	0.173989	0.0696652	0	0	0.189302	-0.0268058	0.431439
2014-02-08 00:00:00	-19.1695	0.195615	0.505169	0	1.68667	-0.181307	0.682259	0	7.15853	0	0	0	0	0	7.01881	-0.0134662	0.0210552	0	0	0.217649	0.0858235	0	0	0.17909	-0.0481499	-1.66178
2014-02-09 00:00:00	-4.6673	-0.0143725	0.517074	0	-0.890956	-0.0937076	0.33683	0	4.03337	0	0	0	0	0	0.243203	-0.0135273	0.0212765	0	0	0.274665	0.107263	0	0	0.184669	-0.04211	-0.00362913
2014-02-10 00:00:00	-0.519297	-0.0745176	0.520407	0	-0.521728	-0.0345203	0.121655	0	1.46391	0	0	0	0	0	-0.957479	-0.0135562	0.0213298	0	0	0.240721	0.0952979	0	0	0.191376	-0.0312696	0.502326
2014-02-11 00:00:00	-1.5572	0.0144764	0.502343	0	-0.0212553	-0.0268111	0.0999793	0	0.885998	0	0	0	0	0	-0.26202	-0.0135736	0.0213368	0	0	0.21386	0.0860942	0	0	0.193507	-0.025883	0.110852
2014-02-12 00:00:00	-13.0208	0.0233438	0.513313	0	1.10827	-0.126679	0.501653	0	4.88584	0	0	0	0	0	4.42977	-0.013619	0.0214725	0	0	0.240529	0.0958334	0	0	0.186884	-0.0406089	-1.19479
2014-02-13 00:00:00	-7.83124	-0.00736205	0.532424	0	-0.188211	-0.112442	0.422279	0	4.53051	0	0	0	0	0	1.87708	-0.0136851	0.0216951	0	0	0.295582	0.114926	0	0	0.189599	-0.03765	-0.206505
2014-02-14 00:00:00	-13.0179	-0.0140558	0.560927	0	0.278604	-0.155908	0.589931	0	6.52125	0	0	0	0	0	3.74887	-0.013779	0.0220184	0	0	0.365814	0.137803	0	0	0.187431	-0.044986	-0.833999
2014-02-15 00:00:00	-6.62017	-0.00801761	0.5894	0	-0.114713	-0.106214	0.387239	0	4.41999	0	0	0	0	0	0.957128	-0.0138626	0.0222489	0	0	0.392673	0.147553	0	0	0.190892	-0.0428932	0.201259
2014-02-16 00:00:00	0	-0.511572	0.554325	0	-0.816477	-0.0363835	0.133861	0	1.72887	0	0	0	0	0	-1.25353	-0.0139002	0.0223003	0	0	0.344529	0.130437	0	0	0.197197	-0.0329241	0.446735
2014-02-17 00:00:00	-2.13709	0.485574	0.644832	0	-0.136656	-0.0291153	0.114562	0	1.09769	0	0	0	0	0	-0.352486	-0.0139185	0.0223364	0	0	0.290575	0.111607	0	0	0.199505	-0.0283154	0.269105
2014-02-18 00:00:00	-2.32514	-0.0101896	0.662399	0	0.0453645	-0.030176	0.124598	0	1.11809	0	0	0	0	0	0.0654669	-0.0139572	0.0223819	0	0	0.256578	0.100039	0	0	0.199095	-0.0287828	0.185765
2014-02-19 00:00:00	-4.43313	-0.024226	0.695101	0	0.193384	-0.0461143	0.195706	0	1.80319	0	0	0	0	0	0.90166	-0.0139972	0.0224643	0	0	0.236378	0.0934304	0	0	0.197413	-0.0333815	-0.212122
2014-02-20 00:00:00	-4.17301	-0.0321262	0.707988	0	-0.0222612	-0.042193	0.218488	0	1.94121	0	0	0	0	0	0.799725	-0.0140644	0.022598	0	0	0.22658	0.0904984	0	0	0.197862	-0.0322939	-0.110999
2014-02-21 00:00:00	-1.58782	0.0298931	0.678597	0	-0.256783	-0.0250785	0.12031	0	1.22539	0	0	0	0	0	-0.257476	-0.0140837	0.0227071	0	0	0.206289	0.0833374	0	0	0.200001	-0.0285424	0.396739
2014-02-22 00:00:00	-2.12561	-0.0129781	0.761485	0	-0.00098073	-0.0186766	0.0780521	0	0.798147	0	0	0	0	0	0.122393	-0.014113	0.0227355	0	0	0.180346	0.0739895	0	0	0.201359	-0.0254996	0.0406481
2014-02-23 00:00:00	-7.46492	-0.0234883	0.846567	0	0.576859	-0.0643441	0.277056	0	2.71025	0	0	0	0	0	2.16569	-0.0141449	0.0228112	0	0	0.181824	0.0746099	0	0	0.197091	-0.0351647	-0.549305
2014-02-24 00:00:00	-14.4178	0.0119039	0.725771	0	1.07493	-0.151664	0.609374	0	6.39181	0	0	0	0	0	4.61858	-0.0142067	0.0231758	0	0	0.243516	0.0991794	0	0	0.190075	-0.0492186	-0.644565
2014-02-25 00:00:00	-2.91091	-0.0191792	0.782362	0	-1.2008	-0.0613656	0.237271	0	3.31093	0	0	0	0	0	-0.528824	-0.0142587	0.0233786	0	0	0.248952	0.101037	0	0	0.196106	-0.0427494	0.121947
2014-02-26 00:00:00	-3.06176	-0.00402202	0.795698	0	-0.0111647	-0.0426276	0.169788	0	1.91923	0	0	0	0	0	-0.0215749	-0.0142714	0.0234726	0	0	0.220193	0.0900499	0	0	0.200851	-0.0364769	0.227384
2014-02-27 00:00:00	-1.98241	0.00427161	0.739364	0	-0.151786	-0.0301353	0.115923	0	1.38201	0	0	0	0	0	-0.213233	-0.014296	0.0234898	0	0	0.192712	0.0796899	0	0	0.202791	-0.0333921	0.314998
2014-02-28 00:00:00	-0.777909	-0.0886278	0.648892	0	-0.374993	-0.0164664	0.0600222	0	0.738422	0	0	0	0	0	-0.41971	-0.0142885	0.0235377	0	0	0.164679	0.069501	0	0	0.205188	-0.0282065	0.190041
2014-03-01 00:00:00	-2.57926	0.0749687	0.698691	0	0.28109	-0.0223602	0.0891895	0	0.83604	0	0	0	0	0	0.406959	-0.0142831	0.0235972	0	0	0.141439	0.0609571	0	0	0.205129	-0.027895	0.174264
2014-03-02 00:00:00	-5.06245	-0.00992149	0.787858	0	0.360154	-0.046303	0.185245	0	2.05349	0	0	0	0	0	1.17278	-0.0142898	0.0236543	0	0	0.138632	0.0597334	0	0	0.201349	-0.0363101	-0.18637
2014-03-03 00:00:00	-0.414663	-0.327068	0.757888	0	-0.632915	-0.0166852	0.0627536	0	0.903086	0	0	0	0	0	-0.363202	-0.0142883	0.0237169	0	0	0.122163	0.0538232	0	0	0.204766	-0.029295	0.33008
2014-03-04 00:00:00	-0.244653	-0.493474	0.797368	0	-0.324538	-0.00782734	0.0296229	0	0.362397	0	0	0	0	0	-0.274868	-0.0142871	0.0237318	0	0	0.106797	0.0486781	0	0	0.207067	-0.0225853	0.19343
2014-03-05 00:00:00	-0.0446534	-0.329568	0.901156	0	-0.529904	-0.00571076	0.0210662	0	0.217423	0	0	0	0	0	-0.170444	-0.0142839	0.0237267	0	0	0.0885964	0.0430619	0	0	0.207241	-0.0199629	0.387744
2014-03-06 00:00:00	-2.86381	1.08084	1.05025	0	0.214244	-0.00817433	0.0257328	0	0.198929	0	0	0	0	0	0.249377	-0.0142833	0.0237407	0	0	0.0772212	0.0396798	0	0	0.206185	-0.0191114	0.260813
2014-03-07 00:00:00	-8.22253	0.030568	0.884809	0	1.39978	-0.0533011	0.22675	0	2.25017	0	0	0	0	0	2.47613	-0.0142953	0.023828	0	0	0.0860626	0.0411221	0	0	0.199245	-0.0354059	-0.707069
2014-03-08 00:00:00	-0.2	-0.691429	0.960948	0	-0.800209	-0.0197559	0.0749972	0	1.16448	0	0	0	0	0	-0.512088	-0.0143095	0.0238658	0	0	0.090378	0.0422522	0	0	0.202169	-0.0306501	0.290649
2014-03-09 00:00:00	-5.11971	0.678723	1.03212	0	0.564814	-0.0330433	0.134505	0	1.33661	0	0	0	0	0	0.997037	-0.0143112	0.0238919	0	0	0.0841049	0.0401469	0	0	0.202449	-0.0310974	-0.103757
2014-03-10 00:00:00	-1.63924	-0.00184944	0.915196	0	-0.444846	-0.0210773	0.0786881	0	1.07302	0	0	0	0	0	-0.0905185	-0.0143188	0.0239495	0	0	0.0811906	0.039164	0	0	0.202616	-0.0303818	0.171595
2014-03-11 00:00:00	-0.244653	-0.809219	1.12797	0	-0.385775	-0.00721942	0.0276804	0	0.368988	0	0	0	0	0	-0.207297	-0.0143157	0.0239305	0	0	0.0688638	0.035513	0	0	0.205746	-0.0227027	0.167509
2014-03-12 00:00:00	-0.0446534	-0.393394	1.43119	0	-0.814818	-0.00517716	0.0163587	0	0.176217	0	0	0	0	0	-0.233355	-0.014313	0.0239378	0	0	0.0597395	0.0334671	0	0	0.206088	-0.019152	0.422134
2014-03-13 00:00:00	-0.159199	-0.127005	1.00766	0	-0.429244	-0.00214464	0.0049789	0	0.0549037	0	0	0	0	0	-0.184675	-0.0143026	0.0239552	0	0	0.044713	0.0301467	0	0	0.205764	-0.0169542	0.438595
2014-03-14 00:00:00	-0.159199	-0.123636	1.09237	0	-0.447704	-0.00331105	0.00788347	0	0.0578824	0	0	0	0	0	-0.0447688	-0.0143017	0.0239385	0	0	0.0382603	0.0280304	0	0	0.203621	-0.0160286	0.643037
2014-03-15 00:00:00	-0.329209	-0.0775441	1.07784	0	-0.198689	-0.00267673	0.00749491	0	0.0472106	0	0	0	0	0	-0.0448634	-0.0143022	0.0239018	0	0	0.0323153	0.0258367	0	0	0.201934	-0.0154559	0.733796
2014-03-16 00:00:00	-0.443754	-0.0604687	1.14606	0	-0.244448	-0.00215095	0.00582335	0	0.0454463	0	0	0	0	0	-0.0398218	-0.0143097	0.0238615	0	0	0.028063	0.0241188	0	0	0.2002	-0.0150881	0.653532
2014-03-17 00:00:00	-0.614663	-0.0351045	1.0971	0	-0.0790505	-0.00249893	0.00751825	0	0.0420023	0	0	0	0	0	0.0563754	-0.0143099	0.0238303	0	0	0.0252845	0.0228917	0	0	0.19814	-0.0145689	0.712945
2014-03-18 00:00:00	-3.15511	1.0564	1.20289	0	0.353468	-0.00394285	0.0124739	0	0.0765576	0	0	0	0	0	0.399591	-0.0143038	0.0238115	0	0	0.0240048	0.0223092	0	0	0.196618	-0.0148232	0.179935
2014-03-19 00:00:00	-0.130108	-0.930853	1.32883	0	-0.0888988	-0.00318631	0.0114241	0	0.0819099	0	0	0	0	0	0.067888	-0.0142966	0.0237808	0	0	0.0237842	0.0220126	0	0	0.19526	-0.0150577	0.572492
2014-03-20 00:00:00	-13.013	1.4298	1.19009	0	2.80755	-0.040814	0.18097	0	1.60138	0	0	0	0	0	3.71119	-0.0143152	0.0238169	0	0	0.0362218	0.0248808	0	0	0.190361	-0.0272488	-1.89917
2014-03-21 00:00:00	-5.80247	-0.00462816	1.10963	0	0.222222	-0.0495646	0.206757	0	2.58582	0	0	0	0	0	1.05817	-0.0143397	0.0238943	0	0	0.064013	0.0334998	0	0	0.187228	-0.0388657	-0.418629
2014-03-22 00:00:00	-1.63926	-0.204647	1.02734	0	-0.732183	-0.0249502	0.0973315	0	1.39951	0	0	0	0	0	-0.234849	-0.0143455	0.0239009	0	0	0.0686639	0.0348675	0	0	0.193217	-0.0294886	-0.034882
2014-03-23 00:00:00	-0.130108	-0.739812	1.01425	0	-0.610768	-0.0060686	0.0243173	0	0.424272	0	0	0	0	0	-0.13621	-0.0143416	0.0238868	0	0	0.0601355	0.0324319	0	0	0.197355	-0.0212418	0.1181
2014-03-24 00:00:00	-0.0446534	-0.2334	1.34322	0	-0.599333	-0.00901178	0.0298607	0	0.268894	0	0	0	0	0	-0.51763	-0.01434	0.0239062	0	0	0.0549943	0.0314304	0	0	0.197212	-0.0190028	0.51215
2014-03-25 00:00:00	-0.243754	-0.147452	1.23243	0	-0.36661	-0.0021539	0.00540187	0	0.0444434	0	0	0	0	0	-0.241055	-0.014321	0.0238873	0	0	0.0440281	0.02874	0	0	0.197313	-0.0161818	0.544712
2014-03-26 00:00:00	-1.49742	0.401188	1.10471	0	-0.0154668	-0.00557632	0.0166555	0	0.114493	0	0	0	0	0	0.03252	-0.0143159	0.0238674	0	0	0.0397724	0.0273917	0	0	0.195667	-0.0159907	0.407501
2014-03-27 00:00:00	-2.94927	0.656308	1.23077	0	0.367147	-0.00675162	0.024201	0	0.192063	0	0	0	0	0	0.406842	-0.0143108	0.0238428	0	0	0.0383975	0.0264603	0	0	0.194335	-0.0162189	0.173815
2014-03-28 00:00:00	-1.17364	-0.237594	1.23316	0	-0.085921	-0.00686469	0.0295462	0	0.232997	0	0	0	0	0	0.122665	-0.0143043	0.0238182	0	0	0.0387871	0.0257758	0	0	0.193438	-0.0164923	0.365362
2014-03-29 00:00:00	-3.51138	0.449831	1.34207	0	0.436987	-0.0107748	0.0483813	0	0.344468	0	0	0	0	0	0.641289	-0.0143018	0.0238038	0	0	0.0400552	0.0256901	0	0	0.191862	-0.018212	-0.010235
2014-03-30 00:00:00	-0.0446534	-0.986371	1.3587	0	-0.44143	-0.00620807	0.0260232	0	0.270923	0	0	0	0	0	-0.026534	-0.014296	0.0237808	0	0	0.0392456	0.0256716	0	0	0.190864	-0.0190225	0.396691
2014-03-31 00:00:00	-0.104633	-0.200732	1.27339	0	-0.498621	-0.00177648	0.00501652	0	0.0484215	0	0	0	0	0	-0.149646	-0.0142951	0.0237488	0	0	0.034274	0.0248206	0	0	0.190775	-0.0154032	0.615343
2014-04-01 00:00:00	-15.8499	1.23169	1.25828	0	2.89887	-0.0765161	0.373317	0	3.13272	0	0	0	0	0	4.81831	-0.0143201	0.0238144	0	0	0.0540223	0.0307723	0	0	0.18186	-0.0353406	-1.97244
2014-04-02 00:00:00	0	-0.998604	1.38067	0	-1.28061	-0.0263161	0.105625	0	1.64264	0	0	0	0	0	-0.981038	-0.0143304	0.0238737	0	0	0.0771363	0.038339	0	0	0.186012	-0.0332673	0.12013
2014-04-03 00:00:00	-1.72155	0.249929	1.47621	0	-0.229267	-0.0133	0.0515727	0	0.502859	0	0	0	0	0	-0.303686	-0.0143233	0.0238513	0	0	0.0675279	0.035668	0	0	0.191832	-0.0228959	0.294433
2014-04-04 00:00:00	-4.86628	0.742704	1.52523	0	0.502505	-0.0237317	0.103827	0	0.922152	0	0	0	0	0	0.770774	-0.014322	0.0238377	0	0	0.0639246	0.0339869	0	0	0.190404	-0.026128	-0.0511162
2014-04-05 00:00:00	-1.10078	-0.438922	1.59254	0	-0.436644	-0.0106866	0.0439616	0	0.562596	0	0	0	0	0	-0.319649	-0.0143233	0.0238198	0	0	0.0620997	0.033302	0	0	0.191306	-0.0245431	0.164075
2014-04-06 00:00:00	-0.4	-0.656921	1.71113	0	-0.560937	-0.0053586	0.0219157	0	0.216748	0	0	0	0	0	-0.204144	-0.0143166	0.0237942	0	0	0.0539565	0.0310731	0	0	0.193392	-0.0191002	0.391232
2014-04-07 00:00:00	-5.70377	1.0889	1.39209	0	0.878401	-0.0209165	0.0870812	0	0.642614	0	0	0	0	0	1.19832	-0.0143192	0.0237841	0	0	0.0542108	0.0307829	0	0	0.191871	-0.0214619	-0.172406
2014-04-08 00:00:00	-1.22233	-0.305193	1.5525	0	-0.483864	-0.0121118	0.048431	0	0.587588	0	0	0	0	0	-0.180925	-0.0143226	0.0237747	0	0	0.0564624	0.0315269	0	0	0.1905	-0.0239312	0.248107
2014-04-09 00:00:00	-5.24223	0.294788	1.75383	0	0.568066	-0.0287546	0.10837	0	1.01297	0	0	0	0	0	1.09199	-0.0143262	0.0237711	0	0	0.0578368	0.0318249	0	0	0.189452	-0.0259277	-0.178348
2014-04-10 00:00:00	-0.619179	-0.842585	1.59863	0	-0.533539	-0.0120734	0.0453157	0	0.591341	0	0	0	0	0	-0.236643	-0.0143228	0.0237495	0	0	0.0579296	0.0318872	0	0	0.190025	-0.024219	0.256311
2014-04-11 00:00:00	-0.0408013	-0.326221	1.48269	0	-0.827673	-0.0028533	0.00933677	0	0.127713	0	0	0	0	0	-0.358406	-0.0143131	0.0237055	0	0	0.0484203	0.0296488	0	0	0.192275	-0.017779	0.325746
2014-04-12 00:00:00	-0.54002	-0.170054	1.68794	0	-0.565699	-0.0027962	0.00571356	0	0.0499326	0	0	0	0	0	-0.148374	-0.0143109	0.0236763	0	0	0.0411982	0.0277772	0	0	0.19156	-0.0158177	0.57073
2014-04-13 00:00:00	-3.34667	0.913675	1.61588	0	0.361381	-0.00561001	0.0179869	0	0.104762	0	0	0	0	0	0.374969	-0.014304	0.0236333	0	0	0.0369689	0.026103	0	0	0.189855	-0.0155752	0.283057
2014-04-14 00:00:00	0	-0.912639	1.69905	0	-0.464463	-0.0034112	0.0120047	0	0.0984521	0	0	0	0	0	-0.109086	-0.014296	0.0235819	0	0	0.0361875	0.0253181	0	0	0.188605	-0.0153466	0.563961
2014-04-15 00:00:00	0	-0.162126	1.86648	0	-0.734178	-0.000910093	0.00143693	0	0.0243083	0	0	0	0	0	-0.354643	-0.0142741	0.0235265	0	0	0.0284773	0.0225998	0	0	0.18759	-0.0144399	0.873848
2014-04-16 00:00:00	0	-0.139239	1.65927	0	-0.624594	-0.000785688	0.000350293	0	0.0102554	0	0	0	0	0	-0.0593019	-0.0142551	0.0234699	0	0	0.0226897	0.0201416	0	0	0.186075	-0.0138985	1.07018
2014-04-17 00:00:00	-1.03836	-0.0541386	1.65297	0	0.17458	-0.00108702	0.00297206	0	0.00803238	0	0	0	0	0	-0.139285	-0.0142495	0.0234403	0	0	0.0213032	0.0196407	0	0	0.183725	-0.0134002	0.826146
2014-04-18 00:00:00	0	-0.0928173	2.64152	0	-0.474409	-0.000762713	0.000985958	0	0.0125639	0	0	0	0	0	-0.532069	-0.0142316	0.0233989	0	0	0.0182163	0.0179114	0	0	0.181382	-0.0134464	1.76824
2014-04-19 00:00:00	-0.114545	0	2.27213	0	-0.154139	-2.3738E-05	0.000190864	0	0.00256924	0	0	0	0	0	-0.408939	-0.014195	0.0233285	0	0	0.0130992	0.0149533	0	0	0.18013	-0.0124637	1.80209
2014-04-20 00:00:00	0	0	1.93278	0	-0.155924	-7.07679E-05	0.000687916	0	0.000755541	0	0	0	0	0	-0.291699	-0.0141771	0.0233058	0	0	0.0114777	0.0140426	0	0	0.17702	-0.0119132	1.68628
2014-04-21 00:00:00	0	0	1.67862	0	-0.114629	0	9.36801E-06	0	0.000549066	0	0	0	0	0	-0.129625	-0.0141336	0.0232374	0	0	0.00915169	0.0128966	0	0	0.175456	-0.0117491	1.62978
2014-04-22 00:00:00	-1.80627	0.121002	1.90937	0	0.119596	-8.02919E-05	0.000881935	0	0.000325778	0	0	0	0	0	0.060573	-0.0141079	0.0232082	0	0	0.0096181	0.0133444	0	0	0.173276	-0.0115723	0.599164
2014-04-23 00:00:00	-0.359199	-0.121002	1.9514	0	-0.0242717	-5.58769E-05	0.000573596	0	0.000197887	0	0	0	0	0	-0.185537	-0.0140857	0.0231643	0	0	0.00946676	0.0130341	0	0	0.171264	-0.0115146	1.45343
2014-04-24 00:00:00	-0.718397	0	1.85696	0	0.0998519	-0.000140979	0.00230156	0	7.94146E-05	0	0	0	0	0	-0.171953	-0.0140687	0.0231176	0	0	0.00923	0.0128902	0	0	0.16896	-0.0114034	1.25742
2014-04-25 00:00:00	-7.94526	1.51731	1.87001	0	0.475964	-0.00176709	0.0116535	0	0.0140144	0	0	0	0	0	1.61022	-0.014078	0.023128	0	0	0.0135277	0.014681	0	0	0.167217	-0.0114247	-2.2548
2014-04-26 00:00:00	-6.69329	0.272378	2.16483	0	0.907435	-0.00890166	0.0420311	0	0.1672	0	0	0	0	0	1.58274	-0.0140976	0.0231671	0	0	0.0246132	0.020523	0	0	0.167327	-0.0123438	-1.35638
2014-04-27 00:00:00	-2.48876	-0.0389236	2.11338	0	0.152902	-0.00520835	0.0277085	0	0.154484	0	0	0	0	0	0.0767966	-0.0140967	0.0231519	0	0	0.0292941	0.0230324	0	0	0.167404	-0.0129993	0.20817
2014-04-28 00:00:00	-1.0816	-0.879634	2.04357	0	-0.0135396	-0.00405542	0.0219595	0	0.119437	0	0	0	0	0	0.0537958	-0.0140836	0.0231137	0	0	0.028212	0.0226952	0	0	0.166795	-0.0128612	0.473799
2014-04-29 00:00:00	-0.0408013	-0.450776	2.50179	0	-0.815603	-0.000391387	0.00284988	0	0.0296832	0	0	0	0	0	-0.485492	-0.0140613	0.0230593	0	0	0.0240428	0.021405	0	0	0.166137	-0.0124432	0.949402
2014-04-30 00:00:00	-6.32696	1.35255	2.05703	0	0.99364	-0.00404016	0.0210617	0	0.0559301	0	0	0	0	0	1.20811	-0.014069	0.0230393	0	0	0.0258166	0.0212495	0	0	0.164646	-0.0121457	-0.434138
2014-05-01 00:00:00	-2.34587	0.00932497	1.82203	0	0.0648569	-0.00547063	0.0300575	0	0.206889	0	0	0	0	0	0.179622	-0.014069	0.0230264	0	0	0.0288476	0.0222905	0	0	0.163809	-0.0135291	0.171818
2014-05-02 00:00:00	-0.325375	-1.06515	1.99575	0	-0.239832	-0.00348019	0.0178621	0	0.101254	0	0	0	0	0	-0.100585	-0.0140554	0.0229904	0	0	0.0281674	0.0220633	0	0	0.163364	-0.012942	0.590039
2014-05-03 00:00:00	-0.0854547	-0.298494	1.95354	0	-0.604198	-0.000589748	0.00246473	0	0.0306504	0	0	0	0	0	-0.366221	-0.0140275	0.0229452	0	0	0.02432	0.0213309	0	0	0.162681	-0.0123503	0.836594
2014-05-04 00:00:00	-1.44395	-0.0745161	2.27896	0	-0.26691	-0.000226218	0.000136986	0	0.00645811	0	0	0	0	0	0.0405009	-0.0139778	0.0228914	0	0	0.0209156	0.0197011	0	0	0.161395	-0.0120808	0.739302
2014-05-05 00:00:00	-0.05998	-0.182656	2.22549	0	-0.464855	-0.000188125	0.000227876	0	0.00340553	0	0	0	0	0	-0.552528	-0.0139709	0.0228481	0	0	0.0176677	0.0178629	0	0	0.160138	-0.0118384	1.16162
2014-05-06 00:00:00	-1.00135	-0.116444	2.28372	0	0.124968	-0.000510627	0.00260475	0	0.00486274	0	0	0	0	0	-0.237406	-0.0139563	0.0228209	0	0	0.0159267	0.0169038	0	0	0.158036	-0.0116373	1.24854
2014-05-07 00:00:00	-10.528	1.73039	2.22283	0	1.66683	-0.00694237	0.0340099	0	0.135803	0	0	0	0	0	2.45303	-0.0139658	0.0228369	0	0	0.0218351	0.0186031	0	0	0.156771	-0.0123743	-2.09832
2014-05-08 00:00:00	-5.0922	0.093326	2.3864	0	0.4077	-0.013031	0.0731508	0	0.528626	0	0	0	0	0	0.836544	-0.0139833	0.0228632	0	0	0.0340423	0.0237718	0	0	0.156647	-0.0159561	-0.572094
2014-05-09 00:00:00	-1.79253	-0.520865	2.34666	0	-0.165248	-0.0062576	0.0367244	0	0.304423	0	0	0	0	0	-0.0956472	-0.01398	0.0228437	0	0	0.0365385	0.0250963	0	0	0.156955	-0.0163725	0.31834
2014-05-10 00:00:00	-8.49853	0.562471	2.2629	0	0.780744	-0.0248426	0.136018	0	1.02871	0	0	0	0	0	2.09805	-0.0139915	0.0228684	0	0	0.044742	0.0284217	0	0	0.155919	-0.019517	-1.43605
2014-05-11 00:00:00	-2.41982	-0.0502743	2.27888	0	-0.290119	-0.0120547	0.0641566	0	0.657779	0	0	0	0	0	-0.229517	-0.0139986	0.0228726	0	0	0.0522186	0.0311988	0	0	0.157811	-0.0199721	0.229162
2014-05-12 00:00:00	-4.82853	0.0562856	2.22097	0	0.297455	-0.0124064	0.101521	0	0.732324	0	0	0	0	0	0.773286	-0.0139935	0.0228467	0	0	0.048642	0.0296494	0	0	0.157832	-0.0240582	-0.438173
2014-05-13 00:00:00	0	-1.3772	3.28992	0	-1.19431	-0.00415506	0.0228861	0	0.304663	0	0	0	0	0	-0.654929	-0.0139797	0.0228192	0	0	0.0429208	0.0278668	0	0	0.160544	-0.0209416	0.606109
2014-05-14 00:00:00	0	-0.32863	3.2338	0	-1.41225	-0.00082931	0.000415247	0	0.0206448	0	0	0	0	0	-0.780855	-0.0139555	0.0227744	0	0	0.0316632	0.0236467	0	0	0.16304	-0.0142328	0.945232
2014-05-15 00:00:00	-0.437653	-0.171494	2.43237	0	-0.358627	-0.000584941	0.000267617	0	0.010296	0	0	0	0	0	-0.512494	-0.0139298	0.0227184	0	0	0.0233174	0.0201059	0	0	0.162612	-0.0131427	1.16376
2014-05-16 00:00:00	0	-0.0398091	2.53577	0	-0.154722	-6.46267E-05	0.000108881	0	0.00486622	0	0	0	0	0	-0.835139	-0.0138988	0.022683	0	0	0.0183198	0.0176409	0	0	0.161556	-0.0122654	1.70505
2014-05-17 00:00:00	-0.114545	0	2.47651	0	-0.0829416	-3.24605E-05	0.000111254	0	0.00153675	0	0	0	0	0	-0.580207	-0.0138731	0.0226359	0	0	0.0146105	0.0157044	0	0	0.160299	-0.0115193	1.88828
2014-05-18 00:00:00	0	0	2.31774	0	-0.0416169	-3.37177E-05	0.000113437	0	0.000638693	0	0	0	0	0	-0.544147	-0.0138179	0.0225918	0	0	0.0118206	0.0141505	0	0	0.158807	-0.0112042	1.91504
2014-05-19 00:00:00	0	0	2.8498	0	-0.044015	-2.06112E-05	8.69512E-05	0	0.000286849	0	0	0	0	0	-0.732495	-0.0137857	0.0225259	0	0	0.00914983	0.0124836	0	0	0.157268	-0.0109773	2.25031
2014-05-20 00:00:00	-1.54792	0.0068959	2.49931	0	0.0562725	-9.33343E-05	0.000295039	0	0.000158202	0	0	0	0	0	-0.0589224	-0.0137512	0.0224912	0	0	0.00933586	0.0129189	0	0	0.155338	-0.0107571	1.13157
2014-05-21 00:00:00	-0.31996	-0.0068959	2.50189	0	-0.0246067	-4.43823E-05	0.000155641	0	3.65634E-05	0	0	0	0	0	-0.515791	-0.013701	0.0224316	0	0	0.0086704	0.012336	0	0	0.153478	-0.0107152	1.80728
2014-05-22 00:00:00	-3.92736	1.071	2.43028	0	0.142967	-0.000173056	0.00176336	0	0	0	0	0	0	0	0.284166	-0.0136964	0.022412	0	0	0.00910236	0.0127343	0	0	0.150966	-0.0106003	0.173563
2014-05-23 00:00:00	-0.317693	-1.071	2.16811	0	-0.003304	-7.63512E-05	0.000971946	0	3.31499E-05	0	0	0	0	0	-0.101001	-0.0136834	0.0223645	0	0	0.010357	0.0134807	0	0	0.14958	-0.0106144	0.847521
2014-05-24 00:00:00	-1.78912	0.0917716	2.34604	0	0.0479933	-5.62723E-05	0.000885377	0	0.000120183	0	0	0	0	0	-0.176036	-0.0136634	0.0222954	0	0	0.00942886	0.0127332	0	0	0.148415	-0.0105838	0.690218
2014-05-25 00:00:00	-9.99335	1.74977	2.68865	0	0.436686	-0.000203238	0.00510469	0	0.00292767	0	0	0	0	0	1.95409	-0.0136789	0.0223098	0	0	0.0124238	0.0137313	0	0	0.146955	-0.0105635	-2.98515
2014-05-26 00:00:00	-2.21892	-0.5325	2.77184	0	0.0349338	-0.000820208	0.00415568	0	0.0316584	0	0	0	0	0	0.0139323	-0.013685	0.0223048	0	0	0.0178561	0.0164561	0	0	0.146905	-0.0111147	0.283004
2014-05-27 00:00:00	-1.03809	-0.824232	2.6848	0	-0.079548	-0.00041628	0.00262827	0	0.0248466	0	0	0	0	0	-0.180159	-0.0136741	0.0222746	0	0	0.0176293	0.0168516	0	0	0.145902	-0.0110241	0.767789
2014-05-28 00:00:00	-8.93293	1.59259	2.7735	0	0.950639	-0.00271393	0.0191818	0	0.0716469	0	0	0	0	0	1.78775	-0.0136739	0.0222692	0	0	0.0202196	0.0177729	0	0	0.144999	-0.0113988	-1.56015
2014-05-29 00:00:00	0	-1.40682	2.57909	0	-0.445673	-0.00178096	0.0118999	0	0.0792263	0	0	0	0	0	-0.419335	-0.0136719	0.0222525	0	0	0.0231706	0.0192776	0	0	0.145005	-0.0123668	0.580274
2014-05-30 00:00:00	0	-0.353947	2.55119	0	-0.467858	-2.94306E-05	0.000190768	0	0.00527518	0	0	0	0	0	-0.612827	-0.0136369	0.0221755	0	0	0.0180764	0.0174723	0	0	0.144991	-0.0111796	1.29989
2014-05-31 00:00:00	0	-0.291922	3.5305	0	-0.598051	-3.82633E-05	0.00016451	0	0.00179441	0	0	0	0	0	-0.945744	-0.0136189	0.0221213	0	0	0.0132235	0.0148092	0	0	0.143758	-0.0108575	1.86614
2014-06-01 00:00:00	-1.01081	-0.0249124	2.87842	0	-0.0134551	-6.98279E-07	0	0	0.000718602	0	0	0	0	0	-0.66773	-0.0136009	0.0220988	0	0	0.0107078	0.0134617	0	0	0.142178	-0.0105159	1.32655
2014-06-02 00:00:00	-1.21847	0	2.91183	0	0.000470819	-1.62757E-05	0.000111537	0	0.000171229	0	0	0	0	0	-0.470354	-0.0135695	0.0220587	0	0	0.00946821	0.0127275	0	0	0.140377	-0.01027	1.38453
2014-06-03 00:00:00	-3.04688	0.215969	2.94548	0	0.124713	-8.24207E-05	0.000296037	0	7.91099E-05	0	0	0	0	0	0.0885933	-0.0135483	0.0220303	0	0	0.0101139	0.0132814	0	0	0.138754	-0.010137	0.488668
2014-06-04 00:00:00	0	-0.215969	2.43865	0	-0.0789295	-3.92434E-05	0.000169058	0	0	0	0	0	0	0	-0.669919	-0.0135099	0.0220064	0	0	0.00939581	0.0127124	0	0	0.137508	-0.0101394	1.63194
2014-06-05 00:00:00	-1.38848	0	2.72426	0	0.0118419	-5.33034E-05	0.000233229	0	0	0	0	0	0	0	-0.344135	-0.013451	0.0219929	0	0	0.00859682	0.012286	0	0	0.135809	-0.0100466	1.15884
2014-06-06 00:00:00	0	0	2.68095	0	-0.0685587	-1.9379E-05	7.76856E-05	0	0	0	0	0	0	0	-0.865308	-0.0133787	0.0219485	0	0	0.00675161	0.0111331	0	0	0.134174	-0.00994891	1.89782
2014-06-07 00:00:00	-5.6561	1.36455	2.99205	0	0.23384	-0.000197251	0.00242533	0	5.39251E-06	0	0	0	0	0	0.507921	-0.0133422	0.0219476	0	0	0.0086704	0.0119204	0	0	0.132485	-0.00976882	-0.403598
2014-06-08 00:00:00	-0.2	-1.36164	2.94465	0	-0.10163	-4.94807E-05	0.000676493	0	0.000165828	0	0	0	0	0	-0.282528	-0.013327	0.0219209	0	0	0.00976465	0.0128622	0	0	0.131398	-0.00988502	1.15237
2014-06-09 00:00:00	-4.6357	1.07763	3.10008	0	0.176941	-0.000132784	0.00191926	0	4.56812E-05	0	0	0	0	0	0.188396	-0.0133089	0.0218894	0	0	0.0109923	0.0138393	0	0	0.130455	-0.00987394	0.0631692
2014-06-10 00:00:00	-2.95691	-0.133131	3.08085	0	0.0359631	-0.000750489	0.00372601	0	0.00256322	0	0	0	0	0	0.149858	-0.013306	0.0218781	0	0	0.0118249	0.0142575	0	0	0.129274	-0.00995052	0.336148
2014-06-11 00:00:00	0	-0.947268	2.88907	0	-0.128579	-0.000323484	0.00140538	0	0.00293613	0	0	0	0	0	-0.635844	-0.013295	0.0218398	0	0	0.0122015	0.0147022	0	0	0.128565	-0.00996009	1.33545
2014-06-12 00:00:00	0	0	2.7548	0	-0.134759	-1.5678E-05	6.46833E-05	0	0	0	0	0	0	0	-0.933282	-0.0132494	0.0217747	0	0	0.00925948	0.0130994	0	0	0.127797	-0.00989078	1.8356
2014-06-13 00:00:00	-2.37697	0	3.35985	0	-0.086876	-7.50716E-06	1.55292E-05	0	0	0	0	0	0	0	-0.132859	-0.0132252	0.0217348	0	0	0.00865259	0.012721	0	0	0.126354	-0.00971441	0.909682
2014-06-14 00:00:00	-0.2	0	3.00502	0	-0.0733385	0	1.61756E-05	0	0	0	0	0	0	0	-1.12922	-0.0131913	0.021675	0	0	0.00696624	0.0113188	0	0	0.125409	-0.00964985	1.74501
2014-06-15 00:00:00	0	0	2.74686	0	-0.0311892	0	4.60804E-05	0	0	0	0	0	0	0	-0.941439	-0.0131546	0.0215997	0	0	0.00544733	0.0100777	0	0	0.123801	-0.00946533	1.91259
2014-06-16 00:00:00	0	0	2.93535	0	-0.0231114	0	4.07787E-05	0	0	0	0	0	0	0	-1.06486	-0.0130789	0.0215289	0	0	0.00428859	0.00901046	0	0	0.122536	-0.00929164	1.98241
2014-06-17 00:00:00	0	0	3.65129	0	-0.0264695	0	6.49307E-07	0	0	0	0	0	0	0	-1.31849	-0.0129905	0.0214922	0	0	0.00303525	0.00783781	0	0	0.121055	-0.00913293	2.43763
2014-06-18 00:00:00	0	0	3.20819	0	-0.0112614	0	1.9644E-05	0	0	0	0	0	0	0	-1.18285	-0.0129646	0.0214384	0	0	0.00235114	0.00709057	0	0	0.119733	-0.00895309	2.14279
2014-06-19 00:00:00	0	0	2.75539	0	-0.00412383	0	4.21325E-05	0	0	0	0	0	0	0	-1.03138	-0.0129487	0.0213622	0	0	0.00198387	0.00670429	0	0	0.118172	-0.00879161	1.84641
2014-06-20 00:00:00	0	0	3.13229	0	-0.00825808	0	1.82089E-05	0	0	0	0	0	0	0	-1.22816	-0.0129126	0.0213117	0	0	0.00169523	0.00628192	0	0	0.116901	-0.00870564	2.02046
2014-06-21 00:00:00	0	0	2.73658	0	-0.00336553	0	3.82008E-05	0	0	0	0	0	0	0	-1.09068	-0.0128936	0.021258	0	0	0.00157488	0.00604452	0	0	0.11576	-0.00862903	1.76569
2014-06-22 00:00:00	0	0	2.68846	0	-0.0033284	0	3.96583E-05	0	0	0	0	0	0	0	-1.09554	-0.0128639	0.0212022	0	0	0.00150525	0.0058769	0	0	0.114685	-0.00857194	1.71147
2014-06-23 00:00:00	0	0	2.66995	0	-0.0031451	0	3.97704E-05	0	0	0	0	0	0	0	-1.1363	-0.0128217	0.0211506	0	0	0.00145045	0.00573609	0	0	0.113321	-0.00850713	1.65087
2014-06-24 00:00:00	0	0	2.69562	0	-0.00354596	0	3.72093E-05	0	0	0	0	0	0	0	-1.1143	-0.0127799	0.021102	0	0	0.00139758	0.00560142	0	0	0.112195	-0.00845428	1.69687
2014-06-25 00:00:00	0	0	2.51071	0	-0.00224176	0	4.63552E-05	0	0	0	0	0	0	0	-1.09603	-0.0127458	0.0210389	0	0	0.00137828	0.00554397	0	0	0.111036	-0.00839863	1.53034
2014-06-26 00:00:00	0	0	2.62542	0	-0.00346585	0	3.90743E-05	0	0	0	0	0	0	0	-1.17286	-0.0126864	0.0210101	0	0	0.00134175	0.00545972	0	0	0.109951	-0.00835161	1.56586
2014-06-27 00:00:00	0	0	2.20641	0	-0.000679081	0	6.1491E-05	0	0	0	0	0	0	0	-1.0007	-0.0126676	0.0209652	0	0	0.00136995	0.00552484	0	0	0.108879	-0.00830608	1.32086
2014-06-28 00:00:00	0	0	2.40534	0	-0.00283157	0	4.95557E-05	0	0	0	0	0	0	0	-1.14915	-0.0125978	0.020942	0	0	0.00136215	0.00553533	0	0	0.107888	-0.00826931	1.36827
2014-06-29 00:00:00	0	0	2.44171	0	-0.00277142	0	4.57758E-05	0	0	0	0	0	0	0	-1.17758	-0.0125495	0.0208825	0	0	0.00134553	0.00551755	0	0	0.106834	-0.00822802	1.37521
2014-06-30 00:00:00	0	0	2.9354	0	-0.00596872	0	1.68192E-05	0	0	0	0	0	0	0	-1.47819	-0.01254	0.0207973	0	0	0.00123043	0.00531561	0	0	0.105893	-0.00818955	1.56376
2014-07-01 00:00:00	0	0	3.81129	0	-0.012269	0	0	0	0	0	0	0	0	0	-1.9667	-0.0125058	0.0206885	0	0	0.00100626	0.00472532	0	0	0.104844	-0.00813717	1.94294
2014-07-02 00:00:00	0	0	2.57624	0	-0.000435688	0	4.95388E-06	0	0	0	0	0	0	0	-1.40173	-0.0124816	0.0206163	0	0	0.000986967	0.00466213	0	0	0.103693	-0.00805203	1.2835
2014-07-03 00:00:00	0	0	2.60422	0	-0.00199631	0	2.70437E-05	0	0	0	0	0	0	0	-1.4226	-0.0124558	0.0205312	0	0	0.000984981	0.00465424	0	0	0.102814	-0.00800622	1.28818
2014-07-04 00:00:00	0	0	2.67004	0	-0.00276227	0	2.45058E-05	0	0	0	0	0	0	0	-1.54462	-0.012408	0.0204912	0	0	0.000970119	0.00463237	0	0	0.102046	-0.00797566	1.23044
2014-07-05 00:00:00	0	0	2.48863	0	-0.00182948	0	3.46284E-05	0	0	0	0	0	0	0	-1.43811	-0.0123492	0.0204666	0	0	0.000975795	0.00466592	0	0	0.10118	-0.00794171	1.15572
2014-07-06 00:00:00	-3.98892	0.739835	3.15262	0	0.0147723	0	0.000174767	0	0	0	0	0	0	0	-0.0189109	-0.0123144	0.0204192	0	0	0.00134588	0.00554343	0	0	0.100315	-0.00791024	0.00696643
2014-07-07 00:00:00	0	-0.739835	2.93086	0	-0.00857678	0	6.19206E-05	0	0	0	0	0	0	0	-1.36081	-0.0122883	0.0203746	0	0	0.00135741	0.00571146	0	0	0.0996146	-0.00794032	0.928524
2014-07-08 00:00:00	-8.17785	2.06473	3.04017	0	0.036643	0	0.000429762	0	0	0	0	0	0	0	1.52839	-0.0122726	0.0203738	0	0	0.00175077	0.00641979	0	0	0.0986665	-0.00793448	-1.40048
2014-07-09 00:00:00	0	-2.01369	4.45171	0	-0.0259215	0	7.52392E-05	0	0	0	0	0	0	0	-1.41322	-0.0122492	0.0203483	0	0	0.00214833	0.00759996	0	0	0.0983597	-0.00803219	1.10714
2014-07-10 00:00:00	0	-0.0510331	4.99622	0	-0.0163191	0	0	0	0	0	0	0	0	0	-3.06311	-0.0122088	0.0202612	0	0	0.00142853	0.00646536	0	0	0.0979923	-0.00801592	1.97168
2014-07-11 00:00:00	0	0	4.01949	0	-0.0357494	0	0	0	0	0	0	0	0	0	-2.35775	-0.0121724	0.0201712	0	0	0.00109503	0.00568407	0	0	0.0971784	-0.00789724	1.73005
2014-07-12 00:00:00	-3.5558	0.111225	3.66586	0	0.0253437	0	0	0	0	0	0	0	0	0	-0.453157	-0.0121712	0.0201259	0	0	0.00137015	0.00613274	0	0	0.096471	-0.00780792	-0.102406
2014-07-13 00:00:00	-5.19388	1.3215	3.44186	0	0.0237465	0	0.000105008	0	0	0	0	0	0	0	0.182807	-0.0121444	0.0200909	0	0	0.00176417	0.00695184	0	0	0.0955506	-0.00780296	-0.119451
2014-07-14 00:00:00	-2.55578	-0.665024	3.22997	0	0.0139059	0	0.000154893	0	0	0	0	0	0	0	-0.0752203	-0.0121323	0.0200504	0	0	0.00214497	0.00771367	0	0	0.0950786	-0.00784667	0.0530143
2014-07-15 00:00:00	0	-0.7678	2.82912	0	-0.00179037	0	0.000204584	0	0	0	0	0	0	0	-1.54813	-0.0121173	0.020024	0	0	0.00203322	0.00777221	0	0	0.0943264	-0.00788829	0.615751
2014-07-16 00:00:00	-2.9285	0	3.48954	0	-0.0108434	0	9.24656E-06	0	0	0	0	0	0	0	-0.181381	-0.0120986	0.0199542	0	0	0.00217354	0.00817471	0	0	0.0939445	-0.00786332	0.47311
2014-07-17 00:00:00	0	0	3.40317	0	-0.0239467	0	0	0	0	0	0	0	0	0	-2.5203	-0.0120694	0.0199026	0	0	0.00174237	0.00736042	0	0	0.0934615	-0.00787802	0.961441
2014-07-18 00:00:00	0	0	2.97155	0	-0.0103321	0	0	0	0	0	0	0	0	0	-2.11302	-0.0120205	0.0198513	0	0	0.00147022	0.00679443	0	0	0.0926853	-0.00778689	0.949186
2014-07-19 00:00:00	-3.90841	0.536513	3.591	0	0.0215361	0	8.44007E-05	0	0	0	0	0	0	0	-0.324962	-0.0120183	0.019797	0	0	0.00168668	0.00719571	0	0	0.0920566	-0.00771572	0.0167633
2014-07-20 00:00:00	-0.0854547	-0.536513	3.02467	0	-0.0131044	0	6.28057E-07	0	0	0	0	0	0	0	-1.81473	-0.0119876	0.0197343	0	0	0.0014987	0.00683038	0	0	0.0915921	-0.00772434	0.674812
2014-07-21 00:00:00	0	0	3.34202	0	-0.0140676	0	0	0	0	0	0	0	0	0	-2.4783	-0.0119623	0.0196624	0	0	0.00123116	0.00624752	0	0	0.0910567	-0.00767963	0.948207
2014-07-22 00:00:00	0	0	3.47875	0	-0.0102642	0	0	0	0	0	0	0	0	0	-2.66303	-0.0119387	0.0196056	0	0	0.000988081	0.0056646	0	0	0.0903685	-0.00760691	0.902536
2014-07-23 00:00:00	0	0	4.00254	0	-0.0109418	0	0	0	0	0	0	0	0	0	-3.17895	-0.0119257	0.0195274	0	0	0.000751243	0.00500437	0	0	0.0895498	-0.00752815	0.908024
2014-07-24 00:00:00	-0.285455	0	3.52698	0	-0.00405275	0	0	0	0	0	0	0	0	0	-2.76158	-0.0119073	0.019428	0	0	0.000657372	0.00465153	0	0	0.0888615	-0.00745228	0.570138
2014-07-25 00:00:00	0	0	3.84843	0	-0.0066216	0	0	0	0	0	0	0	0	0	-3.26457	-0.011886	0.0193229	0	0	0.000554385	0.00422111	0	0	0.0881706	-0.00739474	0.670223
2014-07-26 00:00:00	-3.02436	0	4.63308	0	0.00553212	0	0	0	0	0	0	0	0	0	-1.62978	-0.0118565	0.0192836	0	0	0.000708321	0.00471914	0	0	0.0874853	-0.00733313	0.077484
2014-07-27 00:00:00	-3.47065	0.919277	2.9676	0	0.0227817	0	8.16121E-05	0	0	0	0	0	0	0	-0.771744	-0.0118266	0.0192569	0	0	0.000986045	0.00540645	0	0	0.0867985	-0.00735249	-0.239384
2014-07-28 00:00:00	0	-0.919277	3.8747	0	-0.0222363	0	1.31871E-05	0	0	0	0	0	0	0	-2.35119	-0.0117668	0.0192088	0	0	0.00130598	0.00660636	0	0	0.0865264	-0.00740355	0.676487
2014-07-29 00:00:00	0	0	2.65622	0	-0.0041059	0	0	0	0	0	0	0	0	0	-2.55622	-0.0117409	0.0191754	0	0	0.00112425	0.00624544	0	0	0.0859293	-0.00741866	0.189206
2014-07-30 00:00:00	-1.16584	0	2.95296	0	0.0028938	0	0	0	0	0	0	0	0	0	-1.76002	-0.011706	0.0191286	0	0	0.00114255	0.00629949	0	0	0.085283	-0.00736199	0.122783
2014-07-31 00:00:00	-5.37095	0.989652	3.01999	0	0.0274364	0	4.22224E-05	0	0	0	0	0	0	0	0.676294	-0.0117014	0.0191205	0	0	0.0022446	0.00878121	0	0	0.0847503	-0.00734077	-0.561688
2014-08-01 00:00:00	-0.767212	-0.914734	2.80734	0	-0.00160732	0	1.52532E-05	0	0	0	0	0	0	0	-1.03385	-0.01168	0.0190786	0	0	0.00257042	0.00955101	0	0	0.0843929	-0.00753451	0.186326
2014-08-02 00:00:00	-11.0164	2.55767	3.06729	0	0.0517948	0	0.000667317	0	0	0	0	0	0	0	3.69977	-0.0116839	0.0190627	0	0	0.00380244	0.012001	0	0	0.08389	-0.00762967	-1.53976
2014-08-03 00:00:00	-4.85079	0.154443	3.02876	0	0.00919334	0	0.000428092	0	0	0	0	0	0	0	1.04822	-0.0116766	0.019042	0	0	0.00497654	0.0141187	0	0	0.0837996	-0.00793625	-0.507426
2014-08-04 00:00:00	-0.299219	-2.05016	3.00238	0	0.0125523	0	0.000457469	0	0	0	0	0	0	0	-0.828972	-0.0116599	0.0189808	0	0	0.00506331	0.014201	0	0	0.0836382	-0.00799802	-0.0607348
2014-08-05 00:00:00	-0.219179	-0.505805	4.31617	0	-0.0724075	0	1.62452E-05	0	0	0	0	0	0	0	-2.63859	-0.0116331	0.0189632	0	0	0.00425156	0.0131642	0	0	0.0831272	-0.00790784	0.980163
2014-08-06 00:00:00	-13.8702	2.77994	3.14465	0	0.127806	-9.1906E-06	0.000905777	0	0	0	0	0	0	0	5.58178	-0.0116424	0.01896	0	0	0.00531164	0.0144689	0	0	0.0829314	-0.0078195	-2.1329
2014-08-07 00:00:00	-0.05998	-2.17432	2.9524	0	-0.0243898	-2.34074E-05	0.000432613	0	0	0	0	0	0	0	-0.714166	-0.0116329	0.0189379	0	0	0.00599626	0.0152918	0	0	0.0829555	-0.00804969	0.0834465
2014-08-08 00:00:00	-5.74085	1.37635	3.12617	0	0.0640879	-7.66271E-05	0.0010258	0	0	0	0	0	0	0	0.725183	-0.011617	0.0189123	0	0	0.00627559	0.0155178	0	0	0.0826771	-0.00803967	-0.344381
2014-08-09 00:00:00	0	-1.58571	2.80391	0	-0.0356989	-2.78884E-05	0.000295798	0	0	0	0	0	0	0	-1.06721	-0.0116066	0.0188876	0	0	0.00675452	0.0159687	0	0	0.0823598	-0.00808904	0.219838
2014-08-10 00:00:00	-15.0268	2.62711	2.9144	0	0.264628	-0.000203997	0.00478988	0	5.566E-05	0	0	0	0	0	6.46849	-0.0116133	0.0188916	0	0	0.00827328	0.0176767	0	0	0.0822219	-0.00814365	-2.64021
2014-08-11 00:00:00	-2.67735	-0.381766	3.03914	0	-0.0300779	-6.21938E-05	0.0011381	0	8.11087E-06	0	0	0	0	0	-0.502579	-0.0116142	0.0188868	0	0	0.0101226	0.0195842	0	0	0.0823544	-0.00841684	-0.440639
2014-08-12 00:00:00	-8.42002	0.417288	2.6434	0	0.0962189	-0.000143652	0.0101315	0	0.0011575	0	0	0	0	0	3.46761	-0.0116163	0.0188844	0	0	0.0110798	0.0204895	0	0	0.0822344	-0.00852017	-1.6718
2014-08-13 00:00:00	0	-2.27881	3.00655	0	-0.0800469	-3.92679E-05	0.00147225	0	0.000161358	0	0	0	0	0	-0.874573	-0.0116166	0.0188703	0	0	0.011707	0.0208502	0	0	0.0822141	-0.00860013	-0.11186
2014-08-14 00:00:00	-0.443091	-0.297377	2.83452	0	-0.143015	0	0.000162709	0	0	0	0	0	0	0	-1.58824	-0.0115926	0.0188374	0	0	0.0100557	0.0190171	0	0	0.0819055	-0.00840431	0.47277
2014-08-15 00:00:00	-2.22446	0.182341	2.78483	0	0.01091	0	5.95848E-05	0	0	0	0	0	0	0	-0.603279	-0.0115749	0.0187741	0	0	0.00827345	0.0166629	0	0	0.08169	-0.00825788	0.255971
2014-08-16 00:00:00	-2.54616	-0.0943515	2.84741	0	-0.0175898	0	0.000365265	0	2.45776E-06	0	0	0	0	0	-0.177374	-0.0115723	0.0187069	0	0	0.00792489	0.0162043	0	0	0.0812879	-0.00809607	0.116754
2014-08-17 00:00:00	-1.39599	-0.283056	2.7178	0	-0.0542506	0	0.000172313	0	0	0	0	0	0	0	-0.825364	-0.0115602	0.018686	0	0	0.00733498	0.0153689	0	0	0.0809911	-0.00801983	0.26211
2014-08-18 00:00:00	-1.7712	-0.00594354	2.55896	0	0.00583472	-3.02181E-06	0.000507142	0	0	0	0	0	0	0	-0.652209	-0.0115482	0.0186504	0	0	0.00710382	0.0148375	0	0	0.0805874	-0.00795566	0.237625
2014-08-19 00:00:00	-1.21288	-0.273914	2.66786	0	0.00358558	-1.37115E-05	0.000331692	0	0	0	0	0	0	0	-0.935675	-0.0115369	0.0185998	0	0	0.00700476	0.0145465	0	0	0.0802324	-0.00792168	0.350221
2014-08-20 00:00:00	-0.0992187	-0.144598	2.30905	0	-0.0467951	0	4.56089E-05	0	0	0	0	0	0	0	-1.56816	-0.0115229	0.018568	0	0	0.00618659	0.0137293	0	0	0.0798571	-0.00785915	0.549288
2014-08-21 00:00:00	-15.2232	3.33321	2.39365	0	0.378593	-0.00016576	0.00474999	0	0.000760599	0	0	0	0	0	6.59635	-0.0115173	0.0185698	0	0	0.00820633	0.0156199	0	0	0.079743	-0.00788953	-2.41327
2014-08-22 00:00:00	-2.52895	-0.0874189	2.35636	0	-0.044013	-6.12494E-05	0.0018015	0	0.000477433	0	0	0	0	0	-0.266286	-0.0115263	0.0185749	0	0	0.0103686	0.0177628	0	0	0.0799975	-0.00825921	-0.461173
2014-08-23 00:00:00	-3.59048	0.119289	2.34101	0	0.0332755	-4.79983E-05	0.00190868	0	0.000967003	0	0	0	0	0	0.573635	-0.0115193	0.0185581	0	0	0.0102506	0.0175196	0	0	0.0798082	-0.00823506	-0.414065
2014-08-24 00:00:00	0	-2.25712	2.43209	0	-0.00488254	-3.37114E-05	0.00154276	0	0.000363871	0	0	0	0	0	-0.359099	-0.0115115	0.0185353	0	0	0.0100149	0.0170664	0	0	0.0796113	-0.0081673	-0.0815889
2014-08-25 00:00:00	0	-0.476985	2.97179	0	-0.21215	-3.50457E-07	0.000299549	0	0.000163062	0	0	0	0	0	-1.83084	-0.0115008	0.0185058	0	0	0.00883955	0.0160305	0	0	0.0793056	-0.00805868	0.555404
2014-08-26 00:00:00	0	-0.306165	2.66509	0	-0.135194	0	2.65341E-06	0	6.23706E-05	0	0	0	0	0	-1.65171	-0.0114761	0.0184471	0	0	0.00685097	0.0139218	0	0	0.0790677	-0.00796948	0.670934
2014-08-27 00:00:00	-0.2	-0.359312	3.41545	0	-0.114801	0	1.46136E-05	0	9.37829E-05	0	0	0	0	0	-1.79086	-0.0114469	0.0184021	0	0	0.00537366	0.0125261	0	0	0.0788329	-0.00781569	1.04646
2014-08-28 00:00:00	-0.962815	-0.0222443	2.65779	0	0.0203811	0	0	0	0	0	0	0	0	0	-1.42195	-0.0114355	0.0183542	0	0	0.00493043	0.0120609	0	0	0.078532	-0.00763918	0.365968
2014-08-29 00:00:00	-15.4547	3.44154	2.62409	0	0.521162	-7.85112E-05	0.00381163	0	0.00276804	0	0	0	0	0	6.36648	-0.0114515	0.0183877	0	0	0.00846521	0.0154915	0	0	0.0781448	-0.00768463	-2.3936
2014-08-30 00:00:00	-0.2	-2.25331	2.62803	0	-0.0823321	-6.62093E-05	0.00293607	0	0.00404467	0	0	0	0	0	-0.423551	-0.0114556	0.0183676	0	0	0.0102564	0.017033	0	0	0.0784198	-0.00814568	-0.219776
2014-08-31 00:00:00	-1.29292	-0.30466	2.53372	0	-0.0584331	-1.5263E-05	0.00120974	0	0.000481414	0	0	0	0	0	-0.793297	-0.0114489	0.0183225	0	0	0.0098125	0.0165387	0	0	0.0782616	-0.00803431	0.189536
2014-09-01 00:00:00	-0.704633	-0.228675	2.61033	0	-0.0990454	0	0.000294215	0	0.0003489	0	0	0	0	0	-1.27074	-0.0114343	0.0182706	0	0	0.00875079	0.0156781	0	0	0.0780628	-0.00795168	0.409263
2014-09-02 00:00:00	0	-0.278064	2.46057	0	-0.151806	0	6.68758E-05	0	0.000222225	0	0	0	0	0	-1.56705	-0.011412	0.0182113	0	0	0.00736109	0.0142379	0	0	0.0778137	-0.00785861	0.562293
2014-09-03 00:00:00	-0.0545653	-0.258877	2.40606	0	-0.080859	0	0	0	7.21759E-05	0	0	0	0	0	-1.35487	-0.0113773	0.0181787	0	0	0.00592863	0.0128224	0	0	0.0776079	-0.00774092	0.752379
2014-09-04 00:00:00	0	-0.116699	2.41143	0	-0.0243383	0	0	0	2.06298E-05	0	0	0	0	0	-1.90776	-0.0113595	0.0181485	0	0	0.00491176	0.0118794	0	0	0.0773789	-0.00760715	0.456011
2014-09-05 00:00:00	-1.6816	-0.00186033	2.2347	0	0.0445523	0	3.67011E-05	0	7.91872E-05	0	0	0	0	0	-0.442554	-0.0113467	0.0181146	0	0	0.00493318	0.011772	0	0	0.0770064	-0.00750108	0.24633
2014-09-06 00:00:00	-0.2	-0.0089862	2.14959	0	-0.0157368	0	2.40195E-05	0	2.58004E-05	0	0	0	0	0	-1.57144	-0.0113086	0.0180605	0	0	0.00444317	0.0112534	0	0	0.0766832	-0.00747869	0.445129
2014-09-07 00:00:00	0	-0.0104884	2.36864	0	-0.0233317	0	1.11058E-05	0	0	0	0	0	0	0	-1.87957	-0.0112938	0.0180215	0	0	0.00378748	0.0105897	0	0	0.0763605	-0.0073989	0.545332
2014-09-08 00:00:00	-0.114545	-0.0110293	2.71767	0	-0.0206133	0	5.02238E-06	0	0	0	0	0	0	0	-2.08453	-0.0112688	0.0179839	0	0	0.00315439	0.00995495	0	0	0.0759666	-0.00731218	0.575433
2014-09-09 00:00:00	0	-0.00628558	2.11247	0	-0.00531369	0	2.53854E-05	0	0	0	0	0	0	0	-1.72038	-0.0112595	0.0179321	0	0	0.00281785	0.00953105	0	0	0.0756135	-0.00723026	0.467923
2014-09-10 00:00:00	0	0	2.71042	0	-0.0195638	0	0	0	0	0	0	0	0	0	-2.26082	-0.0112403	0.0179037	0	0	0.00235818	0.00899127	0	0	0.0752211	-0.00717378	0.516096
2014-09-11 00:00:00	0	0	2.6297	0	-0.0125307	0	0	0	0	0	0	0	0	0	-2.16471	-0.0112168	0.0178353	0	0	0.00199771	0.00852634	0	0	0.0749271	-0.007105	0.537428
2014-09-12 00:00:00	-0.0953666	0	2.21186	0	-0.00114442	0	1.80727E-05	0	0	0	0	0	0	0	-1.83777	-0.0112081	0.0178026	0	0	0.0018572	0.00826695	0	0	0.0745686	-0.00702809	0.361861
2014-09-13 00:00:00	-0.0408013	0	2.27352	0	-0.00403678	0	1.05196E-05	0	0	0	0	0	0	0	-1.93254	-0.0111938	0.017761	0	0	0.00173184	0.00804172	0	0	0.0741882	-0.0069843	0.379704
2014-09-14 00:00:00	0	0	1.8386	0	0.00258394	0	3.20767E-05	0	0	0	0	0	0	0	-1.64792	-0.0111854	0.0177043	0	0	0.00173609	0.00797415	0	0	0.0738337	-0.00694739	0.276412
2014-09-15 00:00:00	-3.13838	1.09552	1.9117	0	0.0336571	0	0.000124003	0	0	0	0	0	0	0	-0.0194913	-0.0111663	0.0176796	0	0	0.00227871	0.00850826	0	0	0.0734984	-0.0069279	-0.032999
2014-09-16 00:00:00	0	-1.09306	2.04346	0	0.00330278	0	9.19908E-05	0	0	0	0	0	0	0	-0.926361	-0.0111488	0.0176541	0	0	0.00259558	0.00894186	0	0	0.0732156	-0.00697824	0.111708
2014-09-17 00:00:00	-0.0854547	-0.00245438	1.77368	0	-0.00567458	0	3.6507E-05	0	0	0	0	0	0	0	-1.59733	-0.0111309	0.0176102	0	0	0.00249789	0.00884304	0	0	0.072808	-0.0070108	0.166421
2014-09-18 00:00:00	-0.0408013	0	2.0088	0	-0.00869128	0	2.24187E-05	0	0	0	0	0	0	0	-1.80545	-0.0111095	0.0175722	0	0	0.00230942	0.00861932	0	0	0.0724663	-0.00698229	0.236757
2014-09-19 00:00:00	0	0	1.83348	0	-0.00342861	0	2.97804E-05	0	0	0	0	0	0	0	-1.7239	-0.011079	0.0175212	0	0	0.00219423	0.0084517	0	0	0.0721683	-0.00693593	0.188494
2014-09-20 00:00:00	-2.83279	0.881382	1.97968	0	0.0295137	0	0.000123458	0	0	0	0	0	0	0	-0.217019	-0.0110685	0.0174886	0	0	0.00273993	0.00891897	0	0	0.0717794	-0.00690079	-0.0761488
2014-09-21 00:00:00	-0.0992187	-0.881382	1.96317	0	0.000468888	0	8.82502E-05	0	6.38541E-06	0	0	0	0	0	-1.0419	-0.011053	0.0174572	0	0	0.00303405	0.00933182	0	0	0.0715071	-0.00695298	0.0245579
2014-09-22 00:00:00	0	0	2.03093	0	-0.00443972	0	0.000113152	0	1.8466E-05	0	0	0	0	0	-2.08273	-0.0110264	0.0174235	0	0	0.00282074	0.00914459	0	0	0.071076	-0.006961	0.0263671
2014-09-23 00:00:00	-2.37697	0.430917	1.87655	0	0.0137737	0	4.85284E-05	0	2.40494E-05	0	0	0	0	0	0.163251	-0.0110095	0.0173569	0	0	0.00327657	0.00950513	0	0	0.0709148	-0.00693303	0.19071
2014-09-24 00:00:00	-0.355347	-0.429556	1.57749	0	0.00335804	0	7.43681E-05	0	3.95227E-05	0	0	0	0	0	-1.01227	-0.0109771	0.0173571	0	0	0.00340379	0.00970498	0	0	0.070746	-0.00697444	-0.132943
2014-09-25 00:00:00	-0.289307	-0.00136169	1.70777	0	-0.00614174	0	4.05042E-05	0	2.36956E-05	0	0	0	0	0	-1.41817	-0.0109658	0.017325	0	0	0.00326069	0.00955775	0	0	0.0703889	-0.00697717	0.075443
2014-09-26 00:00:00	-0.947724	0	1.6069	0	0.00964924	0	8.72044E-05	0	4.07286E-05	0	0	0	0	0	-0.716275	-0.0109576	0.0172869	0	0	0.00339391	0.00965329	0	0	0.070103	-0.00694542	0.0352103
2014-09-27 00:00:00	-0.347879	0	1.46865	0	-0.00497931	0	5.57698E-05	0	3.54608E-05	0	0	0	0	0	-1.16103	-0.0109418	0.0172624	0	0	0.00329107	0.0095136	0	0	0.0697863	-0.00693898	0.0368246
2014-09-28 00:00:00	0	0	1.52033	0	-0.00566341	0	4.22647E-05	0	7.89184E-07	0	0	0	0	0	-1.5815	-0.0109267	0.0172309	0	0	0.00313311	0.00932179	0	0	0.0695617	-0.00691286	0.0146171
2014-09-29 00:00:00	-0.0446534	0	1.4876	0	-0.00315987	0	4.35265E-05	0	1.16216E-05	0	0	0	0	0	-1.43097	-0.0109074	0.0171985	0	0	0.00300401	0.00915595	0	0	0.0693127	-0.00688072	0.0897591
2014-09-30 00:00:00	0	0	1.44945	0	-0.00218378	0	4.45557E-05	0	2.90479E-06	0	0	0	0	0	-1.48654	-0.0108976	0.0171556	0	0	0.002907	0.00902179	0	0	0.069003	-0.00684953	0.04111
2014-10-01 00:00:00	-1.01466	0	1.87684	0	0.0318413	0	0.000172804	0	3.13959E-05	0	0	0	0	0	-1.13098	-0.0108876	0.0171075	0	0	0.00300345	0.00909921	0	0	0.0687205	-0.00682544	-0.156547
2014-10-02 00:00:00	-0.114545	0	1.42334	0	-0.0175501	0	5.89285E-05	0	1.4604E-05	0	0	0	0	0	-1.27786	-0.0108678	0.0170619	0	0	0.00303944	0.00911721	0	0	0.0684008	-0.00682604	0.0933793
2014-10-03 00:00:00	-29.4159	3.87177	1.54311	0	0.432545	-0.000196772	0.0095456	0	0.0164488	0	0	0	0	0	18.6352	-0.0108986	0.0170832	0	0	0.00960774	0.0171436	0	0	0.0685603	-0.0073792	-4.81338
2014-10-04 00:00:00	-26.3007	0.0125779	1.23501	0	0.292857	-0.00631395	0.113539	0	0.293729	0	0	0	0	0	17.583	-0.0109841	0.0171871	0	0	0.0320317	0.0392418	0	0	0.0693952	-0.0103598	-6.63983
2014-10-05 00:00:00	-0.484555	-0.801205	1.33736	0	-0.163337	-0.00365955	0.0139586	0	0.058869	0	0	0	0	0	-1.29626	-0.0110255	0.0172346	0	0	0.0453449	0.0452599	0	0	0.0706567	-0.0106587	-1.18202
2014-10-06 00:00:00	-3.089	-0.0617675	1.3017	0	0.0241481	-0.00272302	0.0202522	0	0.0290352	0	0	0	0	0	0.811836	-0.0110238	0.0172364	0	0	0.0393969	0.0401136	0	0	0.0720211	-0.00996055	-0.818729
2014-10-07 00:00:00	-0.513646	-0.75115	1.32379	0	-0.0184823	-0.00243538	0.0101447	0	0.0328701	0	0	0	0	0	-0.504562	-0.0110154	0.0172171	0	0	0.034534	0.0358028	0	0	0.072846	-0.00983346	-0.283923
2014-10-08 00:00:00	-1.03253	-0.313742	1.36832	0	0.00272112	-0.00197451	0.00766071	0	0.0356048	0	0	0	0	0	-0.315056	-0.011015	0.0171799	0	0	0.0305505	0.0321878	0	0	0.0732085	-0.00927897	-0.116165
2014-10-09 00:00:00	-1.00219	0.135044	1.1535	0	-0.0122573	-0.00136665	0.00492073	0	0.0223882	0	0	0	0	0	-0.463564	-0.0110096	0.0171531	0	0	0.0270195	0.0291718	0	0	0.073487	-0.00906102	-0.0367623
2014-10-10 00:00:00	-1.35556	0.0378995	1.11708	0	-0.0234778	-0.000887215	0.00420019	0	0.0144819	0	0	0	0	0	0.0196609	-0.0110049	0.0171261	0	0	0.0234136	0.026402	0	0	0.073582	-0.00903331	-0.0661194
2014-10-11 00:00:00	-0.0446534	-0.460827	1.15893	0	-0.0274613	-0.000625217	0.00216909	0	0.00697663	0	0	0	0	0	-0.704949	-0.011001	0.0170996	0	0	0.0205444	0.0239994	0	0	0.0735588	-0.00879513	0.0449681
2014-10-12 00:00:00	-11.6674	2.21444	1.11895	0	0.240132	-0.00535411	0.0548948	0	0.14688	0	0	0	0	0	5.87065	-0.0110149	0.0171233	0	0	0.0238284	0.0260391	0	0	0.0735376	-0.00935411	-1.90669
2014-10-13 00:00:00	-4.95323	-0.00585557	1.0071	0	-0.0351501	-0.00570069	0.0496626	0	0.167048	0	0	0	0	0	2.34855	-0.0110433	0.017157	0	0	0.0314016	0.0312902	0	0	0.0740852	-0.0103652	-1.29505
2014-10-14 00:00:00	-0.159199	-0.838337	1.05559	0	-0.0611738	-0.00270785	0.0127776	0	0.07096	0	0	0	0	0	-0.431013	-0.011058	0.0171367	0	0	0.0304736	0.0302599	0	0	0.0747718	-0.00964525	-0.221162
2014-10-15 00:00:00	0	-0.986352	1.06547	0	0.00150408	-0.0021273	0.00937714	0	0.0447519	0	0	0	0	0	-0.361972	-0.0110555	0.0171089	0	0	0.0273577	0.0276571	0	0	0.0749197	-0.00916867	-0.102527
2014-10-16 00:00:00	-2.10104	0.893638	1.1478	0	0.0485778	-0.00223534	0.0096629	0	0.0478284	0	0	0	0	0	-0.234628	-0.0110499	0.0170811	0	0	0.0249671	0.0256248	0	0	0.0748647	-0.00902116	-0.0679242
2014-10-17 00:00:00	-2.85597	0.6624	1.25306	0	-0.0139257	-0.00292115	0.0151935	0	0.0686026	0	0	0	0	0	0.55572	-0.0110493	0.0170439	0	0	0.023872	0.0248867	0	0	0.0748277	-0.00899137	-0.197252
2014-10-18 00:00:00	-10.3665	0.277577	1.26695	0	0.168361	-0.0101209	0.0812458	0	0.262816	0	0	0	0	0	6.06815	-0.0110726	0.0170926	0	0	0.0305965	0.0288448	0	0	0.0748251	-0.0107612	-2.12205
2014-10-19 00:00:00	-3.51366	-0.00921315	1.18418	0	-0.0513609	-0.00671458	0.0399766	0	0.180161	0	0	0	0	0	1.00205	-0.011094	0.0171202	0	0	0.0356942	0.0320301	0	0	0.0751977	-0.0118995	-1.03754
2014-10-20 00:00:00	-2.07695	0.00658391	1.08643	0	0.00372083	-0.00483253	0.0231868	0	0.114734	0	0	0	0	0	0.219516	-0.0111025	0.0171106	0	0	0.034299	0.0310337	0	0	0.0756612	-0.010589	-0.491204
2014-10-21 00:00:00	-1.59394	-0.0310797	0.925065	0	-0.0374809	-0.00422812	0.0189359	0	0.100783	0	0	0	0	0	0.235131	-0.0111073	0.0170929	0	0	0.0320378	0.029368	0	0	0.0758226	-0.0104038	-0.254004
2014-10-22 00:00:00	-0.0854547	-0.826325	0.963972	0	0.0189211	-0.00273351	0.0113537	0	0.0578615	0	0	0	0	0	-0.374651	-0.0111045	0.0170699	0	0	0.0292088	0.0271869	0	0	0.0760876	-0.00980747	-0.108416
2014-10-23 00:00:00	-2.38853	0.798449	1.06721	0	-0.0099735	-0.00318073	0.011827	0	0.0615522	0	0	0	0	0	0.224809	-0.0110998	0.0170449	0	0	0.0267955	0.0252721	0	0	0.0761491	-0.009589	-0.113259
2014-10-24 00:00:00	-0.602953	-0.348503	0.94628	0	-0.0167592	-0.00265354	0.010054	0	0.0546057	0	0	0	0	0	-0.19271	-0.011098	0.0169931	0	0	0.0246665	0.0236904	0	0	0.0761213	-0.00955455	-0.0318198
2014-10-25 00:00:00	-0.314545	-0.601014	0.964781	0	-0.00115374	-0.00206657	0.00813054	0	0.0388738	0	0	0	0	0	-0.212362	-0.0110946	0.0169701	0	0	0.0226156	0.0220904	0	0	0.0761584	-0.0091375	-0.00175368
2014-10-26 00:00:00	-7.96381	0.915668	0.996488	0	0.15092	-0.00848922	0.0555936	0	0.189098	0	0	0	0	0	3.88624	-0.0111149	0.0169986	0	0	0.0252506	0.0240591	0	0	0.076043	-0.0104952	-1.65755
2014-10-27 00:00:00	-1.61466	-0.0104416	0.885664	0	-0.0606484	-0.00500761	0.0219494	0	0.124657	0	0	0	0	0	-0.0323085	-0.0111249	0.0170093	0	0	0.0276879	0.0257077	0	0	0.0763544	-0.0117879	-0.566952
2014-10-28 00:00:00	-14.2944	-0.0214851	1.26278	0	0.253525	-0.0181089	0.12585	0	0.420062	0	0	0	0	0	8.15986	-0.0111676	0.0170889	0	0	0.0357767	0.0303546	0	0	0.0764784	-0.015017	-3.97839
2014-10-29 00:00:00	-0.159199	-0.484146	0.673635	0	-0.152852	-0.00813243	0.0294346	0	0.203262	0	0	0	0	0	-0.971144	-0.0112028	0.0171315	0	0	0.0410693	0.0330069	0	0	0.0778867	-0.0148057	-0.726055
2014-10-30 00:00:00	-0.285455	-0.51353	0.835953	0	-0.0191299	-0.00490822	0.0169524	0	0.103287	0	0	0	0	0	-0.456595	-0.0112058	0.0171114	0	0	0.0367886	0.0301692	0	0	0.0791131	-0.0117469	-0.183195
2014-10-31 00:00:00	-3.30125	0.967359	1.01576	0	0.05539	-0.00539017	0.0202732	0	0.0977283	0	0	0	0	0	0.561857	-0.0112042	0.0171034	0	0	0.0332687	0.0279087	0	0	0.0796233	-0.0116555	-0.453227
2014-11-01 00:00:00	-2.38377	-0.022472	0.845673	0	-0.0036722	-0.00609606	0.0268697	0	0.136617	0	0	0	0	0	0.744984	-0.0112016	0.0171186	0	0	0.0318067	0.0269957	0	0	0.0800232	-0.0127996	-0.529927
2014-11-02 00:00:00	-0.329209	-0.369203	0.7169	0	-0.0426618	-0.00374899	0.0130073	0	0.0895804	0	0	0	0	0	-0.31962	-0.011198	0.0171093	0	0	0.0299606	0.0257036	0	0	0.080672	-0.0116371	-0.114344
2014-11-03 00:00:00	-7.46509	0.342369	0.641886	0	0.180886	-0.0119268	0.0671287	0	0.281374	0	0	0	0	0	4.02519	-0.0112166	0.0171432	0	0	0.0325116	0.0270742	0	0	0.0807948	-0.0134317	-1.8053
2014-11-04 00:00:00	-3.81017	-0.0161394	0.647895	0	-0.0226793	-0.0099553	0.0494814	0	0.26868	0	0	0	0	0	1.55811	-0.0112457	0.0171839	0	0	0.0372937	0.0297736	0	0	0.0816254	-0.0147021	-1.19484
2014-11-05 00:00:00	-0.114545	-0.372825	0.509053	0	-0.0667393	-0.0050668	0.0182754	0	0.134385	0	0	0	0	0	-0.503674	-0.011254	0.0171782	0	0	0.0359956	0.0287997	0	0	0.0829564	-0.0125863	-0.260047
2014-11-06 00:00:00	-5.52841	0.347216	0.596079	0	0.149714	-0.0122005	0.0558294	0	0.255306	0	0	0	0	0	2.66767	-0.0112693	0.0171895	0	0	0.0360967	0.0287797	0	0	0.0832784	-0.0137444	-1.32846
2014-11-07 00:00:00	-6.54616	-0.0180694	0.624631	0	0.0703553	-0.0158867	0.0735069	0	0.389195	0	0	0	0	0	3.36991	-0.0112948	0.0172284	0	0	0.040733	0.0310974	0	0	0.0837936	-0.0169213	-1.90789
2014-11-08 00:00:00	-1.30307	-0.0115318	0.613431	0	-0.0676833	-0.00842732	0.0280141	0	0.212208	0	0	0	0	0	-0.13572	-0.0113083	0.0172256	0	0	0.0411213	0.0309947	0	0	0.0850954	-0.0148859	-0.524537
2014-11-09 00:00:00	0	-0.496093	0.525042	0	-0.0729602	-0.00535197	0.0164681	0	0.132933	0	0	0	0	0	-0.385782	-0.0113041	0.0172037	0	0	0.0372248	0.0285982	0	0	0.0860371	-0.0126221	-0.140606
2014-11-10 00:00:00	-0.2	-0.273935	0.495731	0	0.0110229	-0.00387337	0.0141284	0	0.0833515	0	0	0	0	0	-0.275942	-0.0112969	0.0171819	0	0	0.0335419	0.026364	0	0	0.0864565	-0.0113178	-0.0085868
2014-11-11 00:00:00	-2.61967	0.730062	0.637299	0	0.0592932	-0.00578697	0.0237734	0	0.136408	0	0	0	0	0	0.636514	-0.0112944	0.0171706	0	0	0.0316821	0.0252468	0	0	0.0865646	-0.0113889	-0.264125
2014-11-12 00:00:00	-3.5919	-0.0257523	0.598932	0	0.0680141	-0.0087753	0.0465183	0	0.244398	0	0	0	0	0	1.75185	-0.0113023	0.0171857	0	0	0.0336306	0.0262043	0	0	0.0866411	-0.0128543	-0.777214
2014-11-13 00:00:00	-2.82753	-0.0127757	0.601472	0	0.018897	-0.0090983	0.0431301	0	0.244565	0	0	0	0	0	1.21142	-0.0113065	0.0171925	0	0	0.0354292	0.0269151	0	0	0.0870115	-0.01341	-0.588089
2014-11-14 00:00:00	-12.5529	-0.00593275	0.624959	0	0.335505	-0.0333765	0.158257	0	0.877548	0	0	0	0	0	7.38601	-0.0113372	0.0172694	0	0	0.0465992	0.0323009	0	0	0.0865621	-0.0196374	-3.05814
2014-11-15 00:00:00	-0.240801	-0.266644	0.516142	0	-0.281084	-0.0104793	0.0382444	0	0.341713	0	0	0	0	0	-0.650162	-0.0113479	0.0173054	0	0	0.0535953	0.0354505	0	0	0.0882588	-0.0171343	-0.386943
2014-11-16 00:00:00	-0.610811	0.0553984	0.51168	0	-0.00239999	-0.0067474	0.0261574	0	0.173995	0	0	0	0	0	-0.417556	-0.0113381	0.0172923	0	0	0.0476059	0.0322135	0	0	0.0897204	-0.0132304	-0.108021
2014-11-17 00:00:00	-7.52474	0.166154	0.507875	0	0.318734	-0.0185614	0.099959	0	0.538697	0	0	0	0	0	4.09689	-0.0113584	0.0173287	0	0	0.0478054	0.0323219	0	0	0.0894493	-0.0175473	-1.65699
2014-11-18 00:00:00	-0.05998	-0.429232	0.515347	0	-0.229395	-0.00820561	0.0313604	0	0.29111	0	0	0	0	0	-0.466389	-0.0113682	0.0173454	0	0	0.0472192	0.0318755	0	0	0.0902462	-0.0165849	-0.196652
2014-11-19 00:00:00	-1.92202	0.218072	0.520623	0	0.0411617	-0.00630925	0.0240869	0	0.177345	0	0	0	0	0	0.50527	-0.0113639	0.0173302	0	0	0.0423963	0.0291737	0	0	0.0912969	-0.0134333	-0.286373
2014-11-20 00:00:00	-0.240801	-0.187998	0.43549	0	-0.0314298	-0.00527841	0.0189952	0	0.150724	0	0	0	0	0	-0.297799	-0.0113629	0.0173124	0	0	0.0384916	0.0270043	0	0	0.0914912	-0.0134528	-0.00861362
2014-11-21 00:00:00	-4.12743	0.341667	0.438051	0	0.225259	-0.0106999	0.0519874	0	0.297649	0	0	0	0	0	1.90694	-0.0113918	0.017308	0	0	0.0378671	0.026813	0	0	0.0916445	-0.0142809	-0.728619
2014-11-22 00:00:00	-3.33064	-0.0323621	0.492215	0	-0.0156225	-0.0131855	0.0590527	0	0.395206	0	0	0	0	0	1.56419	-0.0114133	0.0173511	0	0	0.0410884	0.0286387	0	0	0.0917133	-0.0162797	-0.730045
2014-11-23 00:00:00	-0.0408013	-0.343419	0.398702	0	-0.132654	-0.00729231	0.0285235	0	0.226996	0	0	0	0	0	-0.240845	-0.0114217	0.0173484	0	0	0.0398411	0.0279958	0	0	0.0924293	-0.0145281	0.0408749
2014-11-24 00:00:00	-0.114545	-0.28427	0.425938	0	0.0191825	-0.00339004	0.0139192	0	0.085991	0	0	0	0	0	-0.416895	-0.0114208	0.0173167	0	0	0.0355372	0.0256778	0	0	0.0930879	-0.0120748	-0.125946
2014-11-25 00:00:00	-0.0408013	-0.344101	0.410979	0	-0.0612425	-0.00466299	0.0178235	0	0.12059	0	0	0	0	0	-0.0941769	-0.0114147	0.0172957	0	0	0.0329469	0.024303	0	0	0.0932173	-0.0116401	0.149115
2014-11-26 00:00:00	-0.2	-0.160644	0.373703	0	-0.0175702	-0.00320213	0.0128613	0	0.0802154	0	0	0	0	0	-0.15936	-0.0114087	0.0172712	0	0	0.0302408	0.022857	0	0	0.0933057	-0.0111856	0.0670833
2014-11-27 00:00:00	-0.929872	0.496632	0.406553	0	0.00796211	-0.00236161	0.00981541	0	0.0665005	0	0	0	0	0	-0.122598	-0.0113939	0.0172484	0	0	0.0277178	0.0215183	0	0	0.0933515	-0.0108094	0.0702636
2014-11-28 00:00:00	-0.0446534	-0.335486	0.395768	0	-0.0598547	-0.00337245	0.0126845	0	0.0821032	0	0	0	0	0	-0.0872159	-0.0113886	0.0172329	0	0	0.0263319	0.020804	0	0	0.0933719	-0.0106158	0.0957097
2014-11-29 00:00:00	-0.141583	-0.268302	0.428822	0	-0.00371506	-0.00260169	0.0102013	0	0.0576392	0	0	0	0	0	-0.11512	-0.0113836	0.0171956	0	0	0.024718	0.0199598	0	0	0.0933499	-0.0102875	0.0988936
2014-11-30 00:00:00	-0.70219	0.337821	0.348259	0	0.00853576	-0.00234889	0.00918353	0	0.0550474	0	0	0	0	0	-0.0907482	-0.0113765	0.0171715	0	0	0.0232778	0.0192441	0	0	0.0933173	-0.0100897	0.0951049
2014-12-01 00:00:00	-1.03294	0.403827	0.351932	0	-0.0214407	-0.00303991	0.0127132	0	0.072052	0	0	0	0	0	0.105976	-0.0113709	0.0171512	0	0	0.022758	0.0191768	0	0	0.093265	-0.01001	0.020047
2014-12-02 00:00:00	-0.314545	-0.00640575	0.279103	0	0.016711	-0.00327347	0.0147859	0	0.0742839	0	0	0	0	0	-0.0722985	-0.0113614	0.0171305	0	0	0.0223665	0.0189988	0	0	0.0931364	-0.00985763	0.118774
2014-12-03 00:00:00	-13.6881	0.318526	0.261545	0	0.668413	-0.039088	0.189204	0	1.12453	0	0	0	0	0	8.14002	-0.0113957	0.017244	0	0	0.039429	0.0268805	0	0	0.0920314	-0.0167675	-2.87755
2014-12-04 00:00:00	0	-0.290225	0.302777	0	-0.297873	-0.0135965	0.0526778	0	0.479207	0	0	0	0	0	-0.49758	-0.0114285	0.017317	0	0	0.0528908	0.0328022	0	0	0.0930847	-0.0180045	-0.0979498
2014-12-05 00:00:00	-0.104633	-0.146897	0.266231	0	-0.1034	-0.00782255	0.0315298	0	0.232341	0	0	0	0	0	-0.2613	-0.0114246	0.0173002	0	0	0.047184	0.0300117	0	0	0.0946507	-0.0134601	0.07031
2014-12-06 00:00:00	-7.01085	0.378671	0.35198	0	0.35268	-0.0238936	0.111784	0	0.671581	0	0	0	0	0	3.67924	-0.0114354	0.0173437	0	0	0.0502477	0.0315759	0	0	0.0942395	-0.0173229	-1.32416
2014-12-07 00:00:00	-14.5057	-0.0112822	0.290798	0	0.521075	-0.0669839	0.258123	0	1.90375	0	0	0	0	0	8.39399	-0.0114951	0.0175069	0	0	0.0785767	0.0422927	0	0	0.0929001	-0.0281302	-3.02461
2014-12-08 00:00:00	-2.71578	-0.0201962	0.257819	0	-0.294847	-0.0310562	0.103384	0	0.944571	0	0	0	0	0	0.636484	-0.011524	0.0176224	0	0	0.0979949	0.0485769	0	0	0.0965091	-0.0254853	-0.895928
2014-12-09 00:00:00	-10.2518	-0.0203036	0.339068	0	0.434851	-0.0526783	0.196503	0	1.57115	0	0	0	0	0	5.35002	-0.011539	0.017724	0	0	0.103671	0.0504797	0	0	0.0976871	-0.0289676	-2.20415
2014-12-10 00:00:00	-16.6191	-0.0127328	0.264727	0	0.57251	-0.0932804	0.353424	0	3.10812	0	0	0	0	0	8.82959	-0.0116018	0.0179322	0	0	0.148606	0.0638218	0	0	0.0982505	-0.0387217	-3.31842
2014-12-11 00:00:00	-3.33286	-0.0215093	0.22896	0	-0.53504	-0.043369	0.153393	0	1.57456	0	0	0	0	0	0.484521	-0.011686	0.0180638	0	0	0.17412	0.070947	0	0	0.105036	-0.0305773	-1.16545
2014-12-12 00:00:00	-4.73152	-0.0177988	0.247236	0	0.141146	-0.0422063	0.153366	0	1.41485	0	0	0	0	0	1.52685	-0.0117441	0.0180992	0	0	0.160642	0.0668145	0	0	0.108599	-0.0290244	-0.99469
2014-12-13 00:00:00	-5.35577	-0.0177309	0.221159	0	0.12442	-0.0439286	0.17235	0	1.54445	0	0	0	0	0	1.98782	-0.0117862	0.0181274	0	0	0.150888	0.0640429	0	0	0.110752	-0.0313475	-1.06656
2014-12-14 00:00:00	-17.9419	-0.0194721	0.305662	0	0.720532	-0.107664	0.430951	0	4.06094	0	0	0	0	0	9.00957	-0.0118727	0.0182635	0	0	0.182548	0.0749791	0	0	0.109732	-0.0425127	-3.21026
2014-12-15 00:00:00	-4.52938	-0.0173288	0.267068	0	-0.426162	-0.05839	0.220343	0	2.42341	0	0	0	0	0	0.879346	-0.0119411	0.0183365	0	0	0.201064	0.0813681	0	0	0.115979	-0.03787	-0.874164
2014-12-16 00:00:00	-6.05347	-0.0179923	0.269185	0	0.114315	-0.0549981	0.213273	0	2.1535	0	0	0	0	0	1.93543	-0.011968	0.018389	0	0	0.189064	0.077662	0	0	0.12081	-0.0339172	-1.08071
2014-12-17 00:00:00	-1.91028	-0.0189688	0.331163	0	-0.201795	-0.0343999	0.122221	0	1.36882	0	0	0	0	0	-0.255421	-0.0119773	0.0184293	0	0	0.172425	0.0719941	0	0	0.125238	-0.0308082	-0.253361
2014-12-18 00:00:00	-8.9078	-0.0195449	0.329246	0	0.498715	-0.0685362	0.242785	0	2.50099	0	0	0	0	0	3.73451	-0.012015	0.0185037	0	0	0.165848	0.0701125	0	0	0.12486	-0.0375149	-1.35984
2014-12-19 00:00:00	-7.20402	-0.0154216	0.273119	0	0.0582635	-0.0728714	0.256016	0	2.77104	0	0	0	0	0	2.64703	-0.0120474	0.0185928	0	0	0.172351	0.0734035	0	0	0.126788	-0.0387497	-0.946509
2014-12-20 00:00:00	-1.44739	-0.0151957	0.278147	0	-0.286045	-0.0365969	0.124944	0	1.44026	0	0	0	0	0	-0.444935	-0.0120591	0.0186654	0	0	0.161798	0.0701233	0	0	0.131994	-0.0307676	-0.047053
2014-12-21 00:00:00	-13.2229	-0.0207649	0.328603	0	0.668615	-0.0934115	0.413235	0	3.87399	0	0	0	0	0	5.71523	-0.0121032	0.0187793	0	0	0.168028	0.0729321	0	0	0.128901	-0.0439242	-2.00479
2014-12-22 00:00:00	-24.293	-0.011174	0.330689	0	0.871246	-0.188731	0.824223	0	8.48438	0	0	0	0	0	10.4476	-0.0121933	0.0190317	0	0	0.240706	0.0965847	0	0	0.124788	-0.0600625	-3.12598
2014-12-23 00:00:00	-7.00939	-0.0159356	0.290281	0	-0.592419	-0.102477	0.384635	0	4.51362	0	0	0	0	0	1.01296	-0.0123237	0.019241	0	0	0.28396	0.109577	0	0	0.135126	-0.0488563	-1.03201
2014-12-24 00:00:00	-6.07836	-0.0174157	0.297615	0	0.0933152	-0.0793782	0.288538	0	3.22363	0	0	0	0	0	0.935031	-0.012407	0.0193234	0	0	0.265695	0.102749	0	0	0.140382	-0.0438284	-0.865105
2014-12-25 00:00:00	-1.07105	-0.0232667	0.299008	0	-0.801447	-0.0409777	0.142436	0	1.82767	0	0	0	0	0	-1.12385	-0.0124417	0.0193483	0	0	0.234562	0.0916921	0	0	0.145473	-0.0360727	-0.34893
2014-12-26 00:00:00	-0.2	-0.0986143	0.300641	0	0.023684	-0.0262644	0.0904101	0	0.978077	0	0	0	0	0	-1.14364	-0.0124433	0.0193486	0	0	0.199993	0.0794567	0	0	0.149026	-0.0290201	0.330651
2014-12-27 00:00:00	-0.420741	-0.0114847	0.30281	0	-0.19	-0.0182302	0.0643892	0	0.663354	0	0	0	0	0	-0.715364	-0.0124388	0.0193391	0	0	0.170153	0.068941	0	0	0.150937	-0.0255553	0.0461093
2014-12-28 00:00:00	-0.8	0.0641635	0.308691	0	-0.142734	-0.014868	0.0572834	0	0.528404	0	0	0	0	0	-0.385989	-0.0124384	0.0193312	0	0	0.146477	0.0607397	0	0	0.152075	-0.0233052	-0.0421693
2014-12-29 00:00:00	-0.25998	-0.0319014	0.234499	0	-0.0879506	-0.010973	0.0410222	0	0.38518	0	0	0	0	0	-0.421166	-0.0124374	0.0193192	0	0	0.128189	0.0544318	0	0	0.152778	-0.0214695	0.169542
2014-12-30 00:00:00	-0.0953666	-0.170715	0.273382	0	-0.191306	-0.0083796	0.0318687	0	0.287519	0	0	0	0	0	-0.274953	-0.0124363	0.0192994	0	0	0.109742	0.0480203	0	0	0.153645	-0.0193232	0.150997
2014-12-31 00:00:00	-0.323812	-0.0149126	0.341363	0	-0.0958439	-0.00714073	0.0274324	0	0.215246	0	0	0	0	0	-0.189881	-0.0124387	0.0192855	0	0	0.0967734	0.0435764	0	0	0.153955	-0.0178126	0.23579
2015-01-01 00:00:00	-17.3782	0.156302	0.361698	0	1.96906	-0.122449	0.471339	0	4.61734	0	0	0	0	0	7.65748	-0.0124922	0.0193981	0	0	0.117632	0.0513404	0	0	0.143975	-0.0447584	-1.9923
2015-01-02 00:00:00	-6.50093	-0.0186635	0.286411	0	-0.524202	-0.0819678	0.281449	0	3.59389	0	0	0	0	0	1.92586	-0.0125871	0.0195424	0	0	0.148824	0.0606839	0	0	0.145854	-0.0444293	-0.720262
2015-01-03 00:00:00	-2.52229	-0.0162123	0.251567	0	-0.365052	-0.0468457	0.143196	0	2.05303	0	0	0	0	0	0.117139	-0.0126255	0.0195997	0	0	0.142138	0.0575954	0	0	0.150873	-0.0369523	-0.0648474
2015-01-04 00:00:00	-0.0854547	-0.159383	0.244908	0	-0.446089	-0.019714	0.0605662	0	0.873892	0	0	0	0	0	-0.750548	-0.0126329	0.0196014	0	0	0.123851	0.0513053	0	0	0.155449	-0.0281464	0.0276044
2015-01-05 00:00:00	-0.219179	-0.115265	0.347603	0	-0.310275	-0.00743223	0.0244193	0	0.352671	0	0	0	0	0	-0.372997	-0.0126232	0.0195791	0	0	0.10111	0.0437634	0	0	0.158357	-0.0217973	-0.0120652
2015-01-06 00:00:00	-5.2021	0.224656	0.302707	0	0.752448	-0.0469836	0.16048	0	1.64317	0	0	0	0	0	1.65906	-0.0126378	0.0196043	0	0	0.102115	0.0441734	0	0	0.155024	-0.0314824	-0.229767
2015-01-07 00:00:00	-5.90419	-0.0174933	0.334821	0	0.179714	-0.0563019	0.21207	0	2.4589	0	0	0	0	0	2.02501	-0.0126704	0.0196378	0	0	0.106153	0.04513	0	0	0.152931	-0.0390113	-0.495297
2015-01-08 00:00:00	-7.67646	-0.0124585	0.306062	0	0.56674	-0.0725512	0.286837	0	3.0832	0	0	0	0	0	2.75796	-0.0127093	0.0197281	0	0	0.119078	0.0490535	0	0	0.152741	-0.042117	-0.474899
2015-01-09 00:00:00	-8.34059	-0.0214881	0.343283	0	-0.23834	-0.0920008	0.331448	0	3.98615	0	0	0	0	0	2.78797	-0.0127764	0.0198314	0	0	0.134901	0.0540386	0	0	0.153202	-0.0456294	-0.940009
2015-01-10 00:00:00	-11.0031	-0.0116713	0.30097	0	0.436716	-0.121758	0.432806	0	4.9329	0	0	0	0	0	3.87791	-0.0128393	0.0199736	0	0	0.170083	0.0641911	0	0	0.155494	-0.0469449	-0.805298
2015-01-11 00:00:00	-13.2778	-0.0452776	0.30186	0	0.0768164	-0.133003	0.428241	0	6.88447	0	0	0	0	0	4.12478	-0.0129185	0.0200435	0	0	0.193567	0.0654815	0	0	0.153793	-0.0584305	-1.2784
2015-01-12 00:00:00	-8.60981	0.00852121	0.31964	0	-0.209081	-0.1108	0.341198	0	5.47011	0	0	0	0	0	1.77193	-0.0130171	0.0201027	0	0	0.194727	0.0611288	0	0	0.161628	-0.0535033	-0.647231
2015-01-13 00:00:00	-3.31795	-0.0158594	0.279331	0	-0.271382	-0.064409	0.199393	0	3.04681	0	0	0	0	0	-0.219269	-0.0130577	0.0201569	0	0	0.182801	0.0581964	0	0	0.170735	-0.0434979	0.0120007
2015-01-14 00:00:00	-7.02447	-0.0127584	0.284992	0	0.32668	-0.0892162	0.29593	0	3.70631	0	0	0	0	0	1.74818	-0.0131246	0.0202345	0	0	0.183371	0.0599441	0	0	0.173021	-0.0416118	-0.382519
2015-01-15 00:00:00	-5.66957	-0.0225293	0.340192	0	-0.197534	-0.0792268	0.270182	0	3.18801	0	0	0	0	0	1.08509	-0.0131972	0.0203719	0	0	0.19368	0.0659825	0	0	0.175304	-0.0403276	-0.68357
2015-01-16 00:00:00	0	-0.274663	0.289312	0	-0.574588	-0.035901	0.114943	0	1.60141	0	0	0	0	0	-1.05297	-0.0132139	0.020403	0	0	0.176798	0.0621528	0	0	0.179549	-0.033555	0.459676
2015-01-17 00:00:00	-2.61965	0.247667	0.290139	0	0.240072	-0.0346729	0.112056	0	1.20678	0	0	0	0	0	0.112815	-0.0132213	0.0204127	0	0	0.154985	0.0559573	0	0	0.181314	-0.0313197	-0.0766712
2015-01-18 00:00:00	-0.92542	-0.0300945	0.251563	0	-0.408402	-0.0258295	0.0718623	0	1.06816	0	0	0	0	0	-0.29061	-0.0132265	0.0204111	0	0	0.134303	0.0499474	0	0	0.181858	-0.0306096	0.0539106
2015-01-19 00:00:00	0	-0.198826	0.206746	0	-0.225633	-0.013409	0.0399512	0	0.507116	0	0	0	0	0	-0.450357	-0.0132284	0.0204039	0	0	0.116977	0.0451437	0	0	0.184287	-0.0243284	0.194844
2015-01-20 00:00:00	-0.0545653	-0.186726	0.261088	0	-0.218406	-0.00892136	0.0299341	0	0.313048	0	0	0	0	0	-0.249538	-0.0132262	0.0203948	0	0	0.0990012	0.0401101	0	0	0.185693	-0.0207441	0.197142
2015-01-21 00:00:00	-0.160761	-0.0803609	0.254146	0	-0.191482	-0.00739462	0.0258107	0	0.248244	0	0	0	0	0	-0.145957	-0.0132249	0.0203855	0	0	0.0858301	0.0365342	0	0	0.185992	-0.0191526	0.238609
2015-01-22 00:00:00	-0.294485	-0.0552854	0.305307	0	-0.148571	-0.00702382	0.0256073	0	0.216793	0	0	0	0	0	-0.0671875	-0.0132232	0.0203797	0	0	0.0760082	0.0339371	0	0	0.185822	-0.0182012	0.259877
2015-01-23 00:00:00	-6.71515	0.465583	0.381611	0	0.995362	-0.0405711	0.150436	0	1.43504	0	0	0	0	0	2.26639	-0.013238	0.0204255	0	0	0.0829732	0.0366253	0	0	0.18388	-0.0226118	-0.773254
2015-01-24 00:00:00	-0.594585	-0.0132544	0.361859	0	-0.42708	-0.0152136	0.0533433	0	0.789628	0	0	0	0	0	-0.290279	-0.0132497	0.0204549	0	0	0.0893116	0.0386879	0	0	0.183808	-0.0236927	0.159738
2015-01-25 00:00:00	-3.19508	-0.0107822	0.440233	0	0.32249	-0.0271116	0.100468	0	1.0403	0	0	0	0	0	0.91472	-0.0132531	0.0204704	0	0	0.0846963	0.0374028	0	0	0.183466	-0.0247769	-0.126753
2015-01-26 00:00:00	-0.336168	-0.12091	0.409023	0	-0.380809	-0.0107175	0.0399054	0	0.520881	0	0	0	0	0	-0.245196	-0.0132528	0.0204768	0	0	0.077048	0.0351948	0	0	0.184078	-0.0226595	0.156895
2015-01-27 00:00:00	-0.299219	-0.131045	0.438367	0	-0.233117	-0.00762381	0.0281607	0	0.28455	0	0	0	0	0	-0.116542	-0.0132522	0.0204706	0	0	0.0677291	0.0326731	0	0	0.185337	-0.0186831	0.237806
2015-01-28 00:00:00	-7.24994	0.211624	0.366736	0	1.03721	-0.0480808	0.169175	0	1.92658	0	0	0	0	0	2.54675	-0.0132635	0.0205045	0	0	0.0731953	0.0340443	0	0	0.180627	-0.0295054	-0.774349
2015-01-29 00:00:00	-2.40814	-0.0288168	0.310787	0	-0.24301	-0.0467222	0.114699	0	1.72341	0	0	0	0	0	0.448908	-0.0132641	0.0205471	0	0	0.0818173	0.0365434	0	0	0.17945	-0.0335517	0.142658
2015-01-30 00:00:00	-1.492	0.000951125	0.364218	0	-0.314544	-0.0229775	0.0653773	0	0.953542	0	0	0	0	0	0.0985133	-0.0132656	0.0205569	0	0	0.0787267	0.0357532	0	0	0.18234	-0.0271533	-0.0699676
2015-01-31 00:00:00	-3.30978	-0.0026405	0.336372	0	0.366949	-0.0324259	0.124952	0	1.29496	0	0	0	0	0	0.889009	-0.0132712	0.0205736	0	0	0.0781551	0.035537	0	0	0.18208	-0.0280306	-0.0575604
2015-02-01 00:00:00	0	-0.336213	0.358328	0	-0.467527	-0.0107713	0.0385581	0	0.614063	0	0	0	0	0	-0.354342	-0.0132743	0.0205745	0	0	0.0724024	0.0338269	0	0	0.183782	-0.0240855	0.115321
2015-02-02 00:00:00	0	-0.27787	0.306001	0	-0.319144	-0.00932169	0.0329377	0	0.316171	0	0	0	0	0	-0.128642	-0.0132709	0.0205693	0	0	0.0638929	0.0314585	0	0	0.185373	-0.0193328	0.188823
2015-02-03 00:00:00	-0.207859	-0.0778758	0.287901	0	-0.142967	-0.00618027	0.0225656	0	0.202079	0	0	0	0	0	-0.0937259	-0.0132698	0.0205619	0	0	0.0565753	0.029449	0	0	0.185221	-0.0177701	0.244704
2015-02-04 00:00:00	-0.369111	0.0321332	0.339639	0	-0.176967	-0.00592725	0.0216927	0	0.178493	0	0	0	0	0	-0.0111367	-0.0132678	0.0205497	0	0	0.0498776	0.0275908	0	0	0.184532	-0.0168971	0.261201
2015-02-05 00:00:00	-1.07811	0.453849	0.40191	0	-0.0645083	-0.00506377	0.0218158	0	0.150967	0	0	0	0	0	0.126654	-0.0132648	0.0205365	0	0	0.0444622	0.0260783	0	0	0.183766	-0.0162756	0.252812
2015-02-06 00:00:00	-0.34002	-0.0840467	0.424082	0	-0.118721	-0.00457997	0.0182787	0	0.146239	0	0	0	0	0	0.0331593	-0.0132624	0.0205269	0	0	0.0408061	0.0250118	0	0	0.182565	-0.0160709	0.313969
2015-02-07 00:00:00	-3.80164	0.206336	0.421053	0	0.717209	-0.0166552	0.0846141	0	0.633841	0	0	0	0	0	1.24982	-0.013265	0.0205288	0	0	0.0406921	0.0247207	0	0	0.180335	-0.0217954	-0.274208
2015-02-08 00:00:00	-0.2	-0.228879	0.438408	0	-0.363127	-0.00723558	0.0301012	0	0.414652	0	0	0	0	0	-0.150543	-0.0132644	0.0205299	0	0	0.0415074	0.0248381	0	0	0.180213	-0.0218179	0.165383
2015-02-09 00:00:00	0	-0.499745	0.550462	0	-0.218092	-0.0055018	0.0213935	0	0.195865	0	0	0	0	0	0.0346434	-0.0132601	0.0205192	0	0	0.0382271	0.0239454	0	0	0.181626	-0.0172537	0.312829
2015-02-10 00:00:00	-0.0446534	-0.414939	0.509435	0	-0.117648	-0.00454673	0.0175292	0	0.13132	0	0	0	0	0	0.0231701	-0.0132556	0.020509	0	0	0.0353276	0.0231658	0	0	0.181139	-0.0157767	0.330777
2015-02-11 00:00:00	-0.05998	-0.140997	0.469274	0	-0.216665	-0.00359983	0.0130168	0	0.0965058	0	0	0	0	0	-0.00986502	-0.0132502	0.0204943	0	0	0.0324936	0.0224692	0	0	0.180292	-0.0149549	0.375234
2015-02-12 00:00:00	-0.244653	-0.042659	0.511845	0	-0.128134	-0.00274317	0.00882592	0	0.060555	0	0	0	0	0	0.0221952	-0.0132432	0.0204733	0	0	0.0294428	0.0217751	0	0	0.179478	-0.0141674	0.40899
2015-02-13 00:00:00	-0.11996	-0.0719426	0.537584	0	-0.269067	-0.00235073	0.00702306	0	0.0541745	0	0	0	0	0	0.0382506	-0.0132359	0.0204569	0	0	0.0271693	0.0212038	0	0	0.178533	-0.0138538	0.393986
2015-02-14 00:00:00	-0.45998	-0.032478	0.623512	0	-0.0141767	-0.0039095	0.0137205	0	0.0590269	0	0	0	0	0	0.066144	-0.0132315	0.0204442	0	0	0.0259112	0.0208306	0	0	0.177345	-0.0134144	0.469744
2015-02-15 00:00:00	0	-0.103588	0.624037	0	-0.242331	-0.00184678	0.00579014	0	0.0551034	0	0	0	0	0	-0.0249951	-0.0132243	0.0204271	0	0	0.0242544	0.0203863	0	0	0.176179	-0.0135745	0.526617
2015-02-16 00:00:00	-1.32831	0.687424	0.60214	0	0.021536	-0.00319106	0.0105083	0	0.0506236	0	0	0	0	0	0.16679	-0.0132191	0.0204129	0	0	0.0231488	0.0200753	0	0	0.174959	-0.0132661	0.419633
2015-02-17 00:00:00	-0.2	-0.378392	0.611665	0	-0.0101469	-0.00359704	0.0125682	0	0.0719068	0	0	0	0	0	0.134143	-0.0132136	0.0203997	0	0	0.0227403	0.0198261	0	0	0.173687	-0.0133457	0.448241
2015-02-18 00:00:00	-1.64309	0.698545	0.726	0	0.0725812	-0.00307743	0.011218	0	0.0655952	0	0	0	0	0	0.174423	-0.0132076	0.020384	0	0	0.0224718	0.0195838	0	0	0.172461	-0.0132818	0.310605
2015-02-19 00:00:00	-1.93484	0.275498	0.708766	0	0.24751	-0.00538068	0.0204409	0	0.145333	0	0	0	0	0	0.430755	-0.013205	0.0203743	0	0	0.0230174	0.0194562	0	0	0.171187	-0.0140751	0.0948361
2015-02-20 00:00:00	-2.13513	0.0885528	0.624842	0	0.251569	-0.0104798	0.0377988	0	0.262994	0	0	0	0	0	0.639502	-0.0132052	0.0203713	0	0	0.0261011	0.0197344	0	0	0.170268	-0.0156572	-0.0327405
2015-02-21 00:00:00	-0.304633	-0.271088	0.59779	0	-0.131025	-0.00543923	0.0206171	0	0.187671	0	0	0	0	0	-0.00504348	-0.0132018	0.0203658	0	0	0.0276664	0.0202633	0	0	0.169615	-0.0156663	0.297891
2015-02-22 00:00:00	-4.82083	0.268002	0.579209	0	0.843535	-0.0219614	0.0690552	0	0.674829	0	0	0	0	0	1.54335	-0.0132089	0.0203733	0	0	0.0302514	0.0210231	0	0	0.166968	-0.021316	-0.660717
2015-02-23 00:00:00	-4.49327	-0.00800345	0.626688	0	0.457608	-0.0371482	0.101144	0	1.36261	0	0	0	0	0	1.27545	-0.0132239	0.0203926	0	0	0.0360263	0.0226479	0	0	0.163542	-0.0315773	-0.517113
2015-02-24 00:00:00	-1.59687	-0.0134513	0.680497	0	-0.307662	-0.021372	0.0577294	0	0.896746	0	0	0	0	0	0.0785399	-0.0132268	0.0203962	0	0	0.0375598	0.0230402	0	0	0.166285	-0.0277933	-0.0195862
2015-02-25 00:00:00	-0.778377	-0.0698101	0.712106	0	-0.253474	-0.0110744	0.032843	0	0.430363	0	0	0	0	0	-0.0671847	-0.0132216	0.020387	0	0	0.0363018	0.0227138	0	0	0.169579	-0.021228	0.209924
2015-02-26 00:00:00	-10.0509	0.0588067	0.736052	0	1.21099	-0.073264	0.249351	0	2.73683	0	0	0	0	0	3.52166	-0.0132348	0.0204519	0	0	0.0507966	0.0277515	0	0	0.164704	-0.0347845	-1.39478
2015-02-27 00:00:00	-3.56987	-0.0226658	0.745052	0	-0.463811	-0.0472708	0.15253	0	2.05378	0	0	0	0	0	0.531397	-0.0132402	0.0205067	0	0	0.0684169	0.0336077	0	0	0.167001	-0.0346138	-0.37918
2015-02-28 00:00:00	-5.61838	-0.00677378	0.836545	0	0.233008	-0.0592463	0.193017	0	2.22203	0	0	0	0	0	1.42019	-0.0132479	0.0205532	0	0	0.0776007	0.0367313	0	0	0.168361	-0.0350944	-0.524708
2015-03-01 00:00:00	-11.5132	0.00849482	0.764349	0	0.627197	-0.121598	0.409745	0	4.71844	0	0	0	0	0	3.65689	-0.0132688	0.0206688	0	0	0.104538	0.0456242	0	0	0.1653	-0.0449981	-1.17177
2015-03-02 00:00:00	-1.33918	-0.0437636	0.693928	0	-0.690531	-0.0432212	0.123859	0	1.9869	0	0	0	0	0	-0.762587	-0.0132765	0.0207324	0	0	0.115402	0.0487691	0	0	0.172811	-0.0352273	0.234609
2015-03-03 00:00:00	-3.05012	0.0335308	0.727139	0	-0.0261382	-0.0395514	0.131616	0	1.37459	0	0	0	0	0	0.433212	-0.0132888	0.0207511	0	0	0.10832	0.0466894	0	0	0.177378	-0.0280939	-0.103968
2015-03-04 00:00:00	-0.155347	-0.606695	0.818828	0	-0.377528	-0.0168223	0.0563903	0	0.714244	0	0	0	0	0	-0.54652	-0.0132872	0.0207513	0	0	0.100772	0.0443159	0	0	0.179192	-0.0245798	0.193715
2015-03-05 00:00:00	0	-0.529555	0.960081	0	-0.450783	-0.00987239	0.03423	0	0.343382	0	0	0	0	0	-0.381202	-0.0132857	0.020737	0	0	0.0868787	0.0399071	0	0	0.180956	-0.0201896	0.261285
2015-03-06 00:00:00	-0.803852	-0.00325031	0.912458	0	-0.200453	-0.00774218	0.0247145	0	0.202392	0	0	0	0	0	-0.151491	-0.0132829	0.0207211	0	0	0.0743083	0.0361409	0	0	0.181496	-0.0177173	0.254441
2015-03-07 00:00:00	-6.45758	1.10953	1.01772	0	1.03576	-0.0328442	0.11033	0	1.0557	0	0	0	0	0	1.61631	-0.0132876	0.0207309	0	0	0.0723769	0.0348763	0	0	0.178447	-0.024698	-0.27664
2015-03-08 00:00:00	-3.54235	-0.0143418	0.922747	0	0.00387765	-0.0356585	0.12208	0	1.36652	0	0	0	0	0	0.718409	-0.0132963	0.0207686	0	0	0.0799382	0.0369311	0	0	0.176248	-0.0306695	-0.188788
2015-03-09 00:00:00	-1.10665	-0.211778	0.91263	0	-0.560189	-0.0111318	0.0369098	0	0.670419	0	0	0	0	0	0.0428133	-0.0132952	0.0207524	0	0	0.0723821	0.0342969	0	0	0.179059	-0.0247888	0.0414295
2015-03-10 00:00:00	-0.229327	-0.512689	0.860097	0	-0.15126	-0.0128954	0.0447138	0	0.451112	0	0	0	0	0	-0.342523	-0.0132953	0.0207512	0	0	0.0677983	0.0329723	0	0	0.180607	-0.0201935	0.375869
2015-03-11 00:00:00	-1.25368	0.390216	0.860029	0	-0.143434	-0.00703665	0.0241885	0	0.210612	0	0	0	0	0	-0.0613684	-0.0132925	0.0207331	0	0	0.0587241	0.0303252	0	0	0.181301	-0.0175853	0.279727
2015-03-12 00:00:00	-16.3792	0.316091	1.01291	0	2.07289	-0.135169	0.474526	0	5.08326	0	0	0	0	0	5.80452	-0.0133211	0.0208281	0	0	0.0827066	0.0376549	0	0	0.168774	-0.046016	-1.49953
2015-03-13 00:00:00	-2.93374	-0.0214483	0.943011	0	-1.1444	-0.0534229	0.179658	0	2.65167	0	0	0	0	0	-0.15403	-0.0133669	0.0209071	0	0	0.108974	0.0454909	0	0	0.175832	-0.0376637	-0.232529
2015-03-14 00:00:00	0	-0.817267	0.898768	0	-0.472917	-0.0206503	0.0716342	0	0.911023	0	0	0	0	0	-0.575526	-0.013363	0.0209242	0	0	0.0994512	0.0424518	0	0	0.182912	-0.0265175	0.300923
2015-03-15 00:00:00	0	-0.279565	0.867334	0	-0.3467	-0.00856351	0.0261933	0	0.302044	0	0	0	0	0	-0.529723	-0.0133614	0.0209106	0	0	0.0859323	0.0385898	0	0	0.185641	-0.0211451	0.327588
2015-03-16 00:00:00	-1.0268	0.100901	1.03158	0	-0.245968	-0.00835498	0.0285254	0	0.22713	0	0	0	0	0	-0.17013	-0.0133569	0.020896	0	0	0.0730105	0.0349925	0	0	0.186251	-0.0187776	0.219895
2015-03-17 00:00:00	-0.970909	0.0622654	0.933758	0	-0.0786991	-0.0078623	0.0291302	0	0.218656	0	0	0	0	0	-0.121284	-0.0133543	0.0208824	0	0	0.0645376	0.0324467	0	0	0.185597	-0.0181632	0.337
2015-03-18 00:00:00	-0.114545	-0.368643	1.05522	0	-0.432639	-0.00407346	0.0148019	0	0.128741	0	0	0	0	0	-0.128997	-0.0133484	0.0208581	0	0	0.0552311	0.0297513	0	0	0.185253	-0.0169207	0.41069
2015-03-19 00:00:00	-0.0408013	-0.166116	1.21684	0	-0.471133	-0.00263177	0.00585797	0	0.0537654	0	0	0	0	0	-0.234673	-0.0133425	0.0208405	0	0	0.0467566	0.0273443	0	0	0.184542	-0.0153061	0.611942
2015-03-20 00:00:00	-0.219179	-0.0796167	1.09182	0	-0.33612	-0.00121765	0.00254719	0	0.0273075	0	0	0	0	0	-0.164125	-0.0133302	0.0208077	0	0	0.0376213	0.0243124	0	0	0.183663	-0.0145985	0.559887
2015-03-21 00:00:00	0	-0.0754286	0.915515	0	-0.303338	-0.0021479	0.00479754	0	0.026245	0	0	0	0	0	-0.0646017	-0.0133258	0.0207944	0	0	0.0336435	0.022937	0	0	0.181761	-0.0139932	0.732859
2015-03-22 00:00:00	0	-0.0830251	0.997194	0	-0.21761	-0.00159816	0.0034625	0	0.0221586	0	0	0	0	0	-0.134694	-0.0133166	0.0207666	0	0	0.0289152	0.0212049	0	0	0.18029	-0.0137077	0.810041
2015-03-23 00:00:00	0	-0.0892341	1.05916	0	-0.327845	-0.00117102	0.00198347	0	0.0225647	0	0	0	0	0	-0.112628	-0.0133068	0.0207295	0	0	0.0248667	0.0196054	0	0	0.179028	-0.013462	0.770293
2015-03-24 00:00:00	-0.0953666	-0.0521971	0.940154	0	-0.0617856	-0.00067984	0.00192649	0	0.00791779	0	0	0	0	0	-0.14857	-0.0132985	0.020705	0	0	0.0219698	0.0184219	0	0	0.177571	-0.01294	0.803828
2015-03-25 00:00:00	-0.164613	-0.0120861	0.953414	0	-0.0530465	-0.00107449	0.0048348	0	0.0201757	0	0	0	0	0	-0.0475906	-0.0132894	0.0206758	0	0	0.0203422	0.0177699	0	0	0.175673	-0.0125102	0.908675
2015-03-26 00:00:00	-4.41548	1.21207	1.14154	0	0.468702	-0.00640536	0.0271726	0	0.0855478	0	0	0	0	0	0.942488	-0.0132896	0.0206732	0	0	0.0235814	0.0183919	0	0	0.174382	-0.0124668	-0.333088
2015-03-27 00:00:00	-0.794803	-0.579272	1.09517	0	0.0539389	-0.00427518	0.017036	0	0.100575	0	0	0	0	0	0.164688	-0.0132885	0.0206696	0	0	0.0284143	0.0201477	0	0	0.173382	-0.0131127	0.269274
2015-03-28 00:00:00	-8.30799	1.0882	1.26101	0	1.26661	-0.0267386	0.113139	0	0.65384	0	0	0	0	0	2.3907	-0.0133041	0.0207187	0	0	0.0408676	0.0250695	0	0	0.172092	-0.0152753	-1.33105
2015-03-29 00:00:00	-2.83501	0.00940854	1.23731	0	0.162668	-0.0219221	0.084682	0	0.66443	0	0	0	0	0	0.386292	-0.0133202	0.0207687	0	0	0.0571836	0.031334	0	0	0.171111	-0.0198926	-0.0649559
2015-03-30 00:00:00	-7.69811	0.0649147	1.19586	0	1.07458	-0.049915	0.174356	0	1.604	0	0	0	0	0	2.20579	-0.0133385	0.0208047	0	0	0.0642739	0.0334889	0	0	0.167348	-0.0314723	-1.18743
2015-03-31 00:00:00	-2.82507	-0.142766	1.22985	0	-0.129353	-0.0268801	0.0811397	0	1.23053	0	0	0	0	0	0.200384	-0.013347	0.0208185	0	0	0.0677151	0.0335578	0	0	0.169733	-0.0296753	-0.133363
2015-04-01 00:00:00	-1.15336	-0.348821	1.19906	0	-0.28027	-0.0124802	0.0394276	0	0.621729	0	0	0	0	0	-0.176135	-0.0133436	0.0208015	0	0	0.062236	0.0309894	0	0	0.174164	-0.0218202	0.142179
2015-04-02 00:00:00	-3.31114	-0.265933	1.38945	0	-0.157245	-0.0113658	0.0344516	0	1.00784	0	0	0	0	0	0.73368	-0.0133418	0.0207848	0	0	0.0595218	0.0287971	0	0	0.174817	-0.0188448	-0.328528
2015-04-03 00:00:00	-4.15632	0.665926	1.37615	0	0.462642	-0.0207943	0.066824	0	0.870219	0	0	0	0	0	0.543857	-0.013346	0.0207882	0	0	0.0604533	0.0281125	0	0	0.174705	-0.0202767	0.058944
2015-04-04 00:00:00	-0.109131	-0.925229	1.49434	0	-0.653725	-0.0105775	0.0371186	0	0.457505	0	0	0	0	0	-0.307271	-0.0133444	0.0207827	0	0	0.0585092	0.0281595	0	0	0.174808	-0.0214273	0.230522
2015-04-05 00:00:00	0	-0.294387	1.8425	0	-0.889161	-0.00169919	0.00317709	0	0.065802	0	0	0	0	0	-0.516296	-0.0133351	0.0207559	0	0	0.0472471	0.0258939	0	0	0.176627	-0.0157443	0.451384
2015-04-06 00:00:00	-0.72651	-0.172825	2.19574	0	-0.593308	-0.00228959	0.00436452	0	0.0377529	0	0	0	0	0	-0.243313	-0.0133271	0.020735	0	0	0.0397034	0.0235679	0	0	0.175824	-0.0143417	0.731775
2015-04-07 00:00:00	-0.0845553	-0.115139	1.4322	0	-0.537822	-0.00142711	0.00164422	0	0.0359581	0	0	0	0	0	-0.271966	-0.0133159	0.020708	0	0	0.0328867	0.0212795	0	0	0.174737	-0.0139284	0.681265
2015-04-08 00:00:00	-0.597302	-0.172149	2.94587	0	-0.317136	-0.000463504	0.000956233	0	0.00861308	0	0	0	0	0	-0.704335	-0.0132987	0.0206696	0	0	0.0254024	0.0184845	0	0	0.173844	-0.0130581	1.3761
2015-04-09 00:00:00	-0.0545653	-0.0260524	2.36634	0	-0.384371	-4.49157E-05	0.000433082	0	0.0055462	0	0	0	0	0	-0.529481	-0.0132866	0.0206456	0	0	0.0210522	0.0167696	0	0	0.17187	-0.012127	1.58273
2015-04-10 00:00:00	-0.0545653	0	2.40223	0	-0.169332	-3.62596E-05	0.000167862	0	0.00171367	0	0	0	0	0	-0.59131	-0.0132572	0.0205867	0	0	0.0150425	0.0140891	0	0	0.170635	-0.011622	1.78434
2015-04-11 00:00:00	-2.57756	0.665421	1.50994	0	0.0221212	-1.89036E-05	0.000164881	0	0.00109176	0	0	0	0	0	0.436393	-0.013251	0.0205646	0	0	0.0147708	0.0142712	0	0	0.168846	-0.0113227	0.251437
2015-04-12 00:00:00	-6.33091	0.873809	1.42561	0	0.89927	-0.00327341	0.017802	0	0.0389456	0	0	0	0	0	1.47213	-0.0132668	0.0206094	0	0	0.0218405	0.0165061	0	0	0.16699	-0.0114241	-1.40535
2015-04-13 00:00:00	-2.71	-0.582635	1.58671	0	0.501328	-0.00366328	0.0177012	0	0.14747	0	0	0	0	0	0.704701	-0.0132663	0.0206069	0	0	0.0294296	0.0188411	0	0	0.166429	-0.0120853	-0.128434
2015-04-14 00:00:00	-0.143872	-0.473674	1.74667	0	-0.368779	-0.000868072	0.0041429	0	0.14764	0	0	0	0	0	-0.351348	-0.0132554	0.0205832	0	0	0.0286849	0.0185168	0	0	0.16599	-0.0121298	0.768304
2015-04-15 00:00:00	-2.71613	0.670844	1.67491	0	0.0991229	-0.00128218	0.00534205	0	0.0325788	0	0	0	0	0	0.191624	-0.0132439	0.0205544	0	0	0.0257653	0.0180975	0	0	0.165347	-0.0118605	0.161673
2015-04-16 00:00:00	-0.769328	-0.694671	2.21828	0	-0.190425	-0.00238941	0.00965328	0	0.0617945	0	0	0	0	0	-0.0980604	-0.0132372	0.0205352	0	0	0.0249274	0.0178895	0	0	0.163941	-0.0119674	0.736943
2015-04-17 00:00:00	-0.0545653	-0.252578	1.68304	0	-0.420401	-0.000235119	0.000130761	0	0.0231902	0	0	0	0	0	-0.200857	-0.0132173	0.0204898	0	0	0.0204586	0.0161086	0	0	0.162945	-0.0118281	0.972677
2015-04-18 00:00:00	0	-0.160237	2.15895	0	-0.267501	-0.00043832	0.000483744	0	0.00457036	0	0	0	0	0	-0.625371	-0.0132094	0.0204773	0	0	0.0174073	0.0148036	0	0	0.160844	-0.0114479	1.29933
2015-04-19 00:00:00	-0.281603	-0.0300826	1.40198	0	-0.0415355	-0.000210386	0.000978217	0	0.00523167	0	0	0	0	0	-0.173555	-0.0131941	0.0204486	0	0	0.0148995	0.0138938	0	0	0.158822	-0.0113432	1.06473
2015-04-20 00:00:00	-0.0446534	-0.0159961	1.73025	0	-0.114721	-5.42858E-05	0.000458136	0	0.00368457	0	0	0	0	0	-0.455332	-0.0131768	0.0204017	0	0	0.0126756	0.0130255	0	0	0.15761	-0.0109258	1.28324
2015-04-21 00:00:00	0	0	3.43935	0	-0.396961	0	0	0	0.000347229	0	0	0	0	0	-0.776119	-0.013151	0.0203476	0	0	0.00925717	0.0110971	0	0	0.156201	-0.0106368	2.43974
2015-04-22 00:00:00	-0.0545653	0	3.18885	0	-0.0745072	0	0	0	0	0	0	0	0	0	-0.889975	-0.01314	0.0203013	0	0	0.00647958	0.0095346	0	0	0.154252	-0.0103931	2.33683
2015-04-23 00:00:00	0	0	2.4887	0	-0.00665646	0	5.10907E-05	0	0	0	0	0	0	0	-0.594626	-0.0130674	0.0202737	0	0	0.00507151	0.00863772	0	0	0.152161	-0.010152	2.0504
2015-04-24 00:00:00	-1.13644	0	2.07647	0	0.0454899	-4.64154E-05	0.000125306	0	0	0	0	0	0	0	-0.0743879	-0.0130539	0.0202501	0	0	0.00529592	0.00896509	0	0	0.149935	-0.00998399	1.07261
2015-04-25 00:00:00	-4.55524	1.11624	1.75925	0	0.171357	-9.63262E-05	0.000425634	0	0	0	0	0	0	0	0.636496	-0.0130545	0.0202416	0	0	0.00723378	0.00991817	0	0	0.148026	-0.00994116	-0.709144
2015-04-26 00:00:00	-2.06179	-0.417886	1.56274	0	0.2851	-0.000179224	0.0029474	0	0.00288291	0	0	0	0	0	0.491895	-0.0130508	0.0202241	0	0	0.00867888	0.0105416	0	0	0.146595	-0.0100473	0.0286566
2015-04-27 00:00:00	-1.57883	-0.00201599	1.55632	0	0.0999196	-7.62743E-05	0.00170452	0	0.0334468	0	0	0	0	0	0.113533	-0.0130374	0.0202017	0	0	0.0100847	0.0112516	0	0	0.145583	-0.0101801	0.3879
2015-04-28 00:00:00	-1.69922	-0.000518016	1.72099	0	0.0350156	-0.000108257	0.00172391	0	0.0310804	0	0	0	0	0	0.127493	-0.0130218	0.0201811	0	0	0.0108793	0.0116958	0	0	0.14449	-0.0102004	0.380485
2015-04-29 00:00:00	-4.99551	0.831733	1.80063	0	0.287733	-0.000226432	0.00222221	0	0.0260252	0	0	0	0	0	0.82182	-0.0130097	0.0201589	0	0	0.0122625	0.0124241	0	0	0.143696	-0.0102361	-1.06028
2015-04-30 00:00:00	-1.46383	-0.308747	1.78334	0	0.0528678	-0.000727018	0.00361598	0	0.0469398	0	0	0	0	0	0.0956554	-0.0129875	0.0201503	0	0	0.0130414	0.0128829	0	0	0.14297	-0.0104397	0.374731
2015-05-01 00:00:00	-1.99916	0.148133	1.72177	0	0.0496285	-0.000337975	0.00156405	0	0.0260042	0	0	0	0	0	0.0775838	-0.0129708	0.020118	0	0	0.0135069	0.0129214	0	0	0.142394	-0.0103904	0.190768
2015-05-02 00:00:00	-0.710729	-0.660153	1.64283	0	-0.00183057	-0.0003783	0.00239544	0	0.0309948	0	0	0	0	0	0.0172693	-0.012963	0.0200986	0	0	0.0134883	0.0130165	0	0	0.1414	-0.0103945	0.485048
2015-05-03 00:00:00	-7.68791	0.752622	1.96986	0	0.622618	-0.00808472	0.0296876	0	0.137918	0	0	0	0	0	2.11465	-0.012975	0.0201338	0	0	0.0187818	0.0154306	0	0	0.140331	-0.0128583	-1.89979
2015-05-04 00:00:00	-1.29744	-0.337221	2.15519	0	-0.147497	-0.00602987	0.0181139	0	0.131223	0	0	0	0	0	-0.237869	-0.0129894	0.0201455	0	0	0.0240371	0.0187292	0	0	0.140024	-0.0153768	0.45304
2015-05-05 00:00:00	-6.65025	0.28355	2.10401	0	0.739083	-0.0188749	0.068373	0	0.35523	0	0	0	0	0	1.8078	-0.013001	0.020167	0	0	0.0281921	0.021163	0	0	0.139714	-0.017988	-1.13283
2015-05-06 00:00:00	-8.26232	0.449387	2.11859	0	0.661227	-0.032608	0.124915	0	0.859484	0	0	0	0	0	2.17027	-0.0130242	0.0202325	0	0	0.0405596	0.0273437	0	0	0.140061	-0.0246741	-1.72056
2015-05-07 00:00:00	-0.204497	-1.11033	1.90661	0	-0.488265	-0.0113439	0.0429667	0	0.411953	0	0	0	0	0	-0.44705	-0.0130249	0.0202412	0	0	0.0453303	0.0292791	0	0	0.143971	-0.0208941	0.304941
2015-05-08 00:00:00	-1.72786	0.1135	2.26456	0	-0.186673	-0.0062185	0.0210127	0	0.117401	0	0	0	0	0	-0.286777	-0.0130125	0.0202164	0	0	0.0403432	0.0272714	0	0	0.14641	-0.0147063	0.515468
2015-05-09 00:00:00	-5.4107	0.958563	2.15378	0	0.583139	-0.0122135	0.0593659	0	0.328839	0	0	0	0	0	0.858803	-0.0130084	0.0202087	0	0	0.0396041	0.0262545	0	0	0.145839	-0.016223	-0.277745
2015-05-10 00:00:00	-4.40976	0.0806826	2.39458	0	0.127878	-0.0149091	0.0659653	0	0.564385	0	0	0	0	0	0.677788	-0.0130101	0.0202118	0	0	0.0420654	0.0267644	0	0	0.144718	-0.0207369	-0.313372
2015-05-11 00:00:00	-5.09369	-0.0117905	2.59494	0	0.111844	-0.0209124	0.0789062	0	0.712186	0	0	0	0	0	0.93382	-0.0130155	0.0202294	0	0	0.0465641	0.0284624	0	0	0.144995	-0.0214708	-0.488933
2015-05-12 00:00:00	-0.583265	-1.10015	2.31542	0	-0.435825	-0.00730414	0.0285396	0	0.317599	0	0	0	0	0	-0.349286	-0.0130113	0.0202184	0	0	0.0457388	0.0281821	0	0	0.146976	-0.0184918	0.395349
2015-05-13 00:00:00	0	-0.338	2.1573	0	-0.784541	-0.00110937	0.00144878	0	0.039568	0	0	0	0	0	-0.680845	-0.012996	0.0201843	0	0	0.0369034	0.0248883	0	0	0.14837	-0.0143951	0.596772
2015-05-14 00:00:00	0	-0.1904	1.95845	0	-0.869533	-0.00112375	0.000716818	0	0.0161845	0	0	0	0	0	-0.349223	-0.0129805	0.0201453	0	0	0.0293018	0.0213822	0	0	0.148275	-0.0130674	0.758132
2015-05-15 00:00:00	-1.14568	-0.107663	2.47315	0	-0.0154786	-0.000728547	0.00121786	0	0.00885706	0	0	0	0	0	-0.533056	-0.0129756	0.020138	0	0	0.0258739	0.0198302	0	0	0.147576	-0.0121696	0.868896
2015-05-16 00:00:00	-1.88101	0.1241	2.30633	0	0.00804022	-0.00240148	0.00396531	0	0.029406	0	0	0	0	0	-0.0768305	-0.0129711	0.0201167	0	0	0.0235219	0.018672	0	0	0.146476	-0.0126288	0.694788
2015-05-17 00:00:00	-6.25739	1.36791	2.39277	0	0.74981	-0.00340595	0.00988048	0	0.0679116	0	0	0	0	0	1.08129	-0.0129647	0.0200988	0	0	0.0235196	0.0180225	0	0	0.145976	-0.0123343	-0.408906
2015-05-18 00:00:00	-4.47804	0.243968	2.35145	0	0.538856	-0.00610262	0.0189024	0	0.210811	0	0	0	0	0	0.716625	-0.0129671	0.0200878	0	0	0.0268593	0.0181495	0	0	0.145535	-0.0140566	-0.219919
2015-05-19 00:00:00	-2.66192	-0.29478	2.29776	0	0.0432806	-0.0074058	0.017176	0	0.298511	0	0	0	0	0	0.253288	-0.0129639	0.0200696	0	0	0.0278139	0.0182097	0	0	0.145101	-0.015774	0.128365
2015-05-20 00:00:00	0	-1.01882	2.33892	0	-0.666137	-0.00252511	0.0047108	0	0.138756	0	0	0	0	0	-0.402452	-0.0129547	0.0200438	0	0	0.0261782	0.0179629	0	0	0.145445	-0.0144723	0.574655
2015-05-21 00:00:00	-2.0041	-0.0583894	2.49573	0	0.05963	-0.00102952	0.00223552	0	0.0227923	0	0	0	0	0	-0.13225	-0.0129424	0.0200132	0	0	0.0229335	0.0173759	0	0	0.145566	-0.0123354	0.565233
2015-05-22 00:00:00	0	-0.251321	2.47941	0	-0.773307	-0.00118616	0.00132889	0	0.0322389	0	0	0	0	0	-0.678886	-0.0129254	0.0199879	0	0	0.0195045	0.0158777	0	0	0.14465	-0.0120249	0.983343
2015-05-23 00:00:00	0	-0.262574	4.47076	0	-0.72955	-0.00039823	0.000136105	0	0.00752805	0	0	0	0	0	-1.44375	-0.012898	0.0199436	0	0	0.0122114	0.0125074	0	0	0.143975	-0.0114388	2.20645
2015-05-24 00:00:00	-1.26496	0	2.47149	0	0.0162978	0	5.30825E-05	0	0.00332092	0	0	0	0	0	-0.370647	-0.012889	0.0199087	0	0	0.0100499	0.0115965	0	0	0.14275	-0.0105383	1.01643
2015-05-25 00:00:00	0	0	2.22944	0	-0.0944765	0	7.32285E-05	0	0.00139776	0	0	0	0	0	-0.654969	-0.0128707	0.0198476	0	0	0.0085257	0.0107898	0	0	0.141632	-0.0101668	1.63923
2015-05-26 00:00:00	0	0	2.16239	0	-0.0354037	0	8.84263E-05	0	0.000609012	0	0	0	0	0	-0.632861	-0.0128434	0.0197983	0	0	0.00729258	0.0101172	0	0	0.140448	-0.00997449	1.64966
2015-05-27 00:00:00	-5.55387	1.26733	2.51114	0	0.202554	-7.23452E-05	0.000346927	0	0.000531618	0	0	0	0	0	0.772535	-0.012846	0.0197968	0	0	0.0100135	0.0109943	0	0	0.139099	-0.00984267	-0.642298
2015-05-28 00:00:00	-6.65524	0.671732	2.49711	0	0.752919	-0.000302257	0.00365525	0	0.027271	0	0	0	0	0	1.47338	-0.0128529	0.0197961	0	0	0.0132454	0.0121092	0	0	0.13831	-0.0100979	-1.06896
2015-05-29 00:00:00	-0.14002	-1.30455	2.32774	0	-0.195979	-9.26672E-05	0.000926776	0	0.0346303	0	0	0	0	0	-0.275633	-0.0128476	0.0197744	0	0	0.0159966	0.0134109	0	0	0.138045	-0.010402	0.611
2015-05-30 00:00:00	-1.34412	-0.131983	2.35811	0	-0.117501	-3.5177E-05	0.000281748	0	0.00825477	0	0	0	0	0	-0.170792	-0.0128311	0.0197365	0	0	0.0144703	0.0134422	0	0	0.137421	-0.0102781	0.764184
2015-05-31 00:00:00	-8.63673	1.566	2.43548	0	0.992183	-0.00566705	0.0270554	0	0.101441	0	0	0	0	0	1.98412	-0.0128429	0.0197859	0	0	0.0213046	0.0160228	0	0	0.136069	-0.0107107	-1.36649
2015-06-01 00:00:00	-6.98572	0.0421091	2.36791	0	0.369123	-0.0195281	0.0807801	0	0.449046	0	0	0	0	0	1.84345	-0.0128617	0.0198544	0	0	0.0364377	0.0233062	0	0	0.136511	-0.0132563	-1.66283
2015-06-02 00:00:00	-0.196148	-1.3729	2.51009	0	-0.462612	-0.00670375	0.0319737	0	0.22057	0	0	0	0	0	-0.425125	-0.0128628	0.0198606	0	0	0.0421865	0.0263895	0	0	0.137365	-0.0129506	0.499138
2015-06-03 00:00:00	-0.194585	-0.325367	2.49579	0	-0.517279	-0.000361735	0.000727397	0	0.0127253	0	0	0	0	0	-0.769744	-0.0128448	0.0198148	0	0	0.0332034	0.0230532	0	0	0.137454	-0.0119794	0.890608
2015-06-04 00:00:00	-0.109131	-0.261045	2.70027	0	-0.690066	-0.000695508	0.000675567	0	0.00864781	0	0	0	0	0	-0.632807	-0.0128352	0.0197704	0	0	0.0257686	0.019685	0	0	0.136646	-0.0116229	1.19326
2015-06-05 00:00:00	-0.0893068	-0.146922	2.535	0	-0.144334	-0.000173863	5.10801E-05	0	0.00459816	0	0	0	0	0	-0.953146	-0.0128247	0.0197437	0	0	0.0204692	0.017322	0	0	0.135739	-0.0111082	1.37511
2015-06-06 00:00:00	-1.22554	0.171921	2.5154	0	-0.021681	-0.000155435	8.34157E-05	0	0.00381206	0	0	0	0	0	-0.501493	-0.0128087	0.0197141	0	0	0.0162621	0.0152779	0	0	0.134558	-0.0106073	1.10475
2015-06-07 00:00:00	-0.0446534	-0.175697	2.40371	0	-0.0682055	-0.000136245	8.34265E-05	0	0.00367333	0	0	0	0	0	-0.722634	-0.0127975	0.0196784	0	0	0.013014	0.0136123	0	0	0.133541	-0.0103704	1.55282
2015-06-08 00:00:00	0	0	2.43892	0	-0.0595711	0	7.28462E-05	0	0.00111766	0	0	0	0	0	-0.776366	-0.0127865	0.0196471	0	0	0.0103946	0.0122328	0	0	0.132285	-0.00996709	1.75597
2015-06-09 00:00:00	-0.0545653	0	3.63842	0	-0.0770897	0	1.92245E-05	0	0.000124882	0	0	0	0	0	-1.24188	-0.0127494	0.0196039	0	0	0.00744927	0.0104679	0	0	0.130984	-0.00970163	2.41108
2015-06-10 00:00:00	0	0	4.00177	0	-0.043151	0	0	0	0	0	0	0	0	0	-1.36139	-0.0126905	0.0195722	0	0	0.00500737	0.00874128	0	0	0.129221	-0.00943413	2.73765
2015-06-11 00:00:00	0	0	3.3782	0	-0.0144765	0	7.08707E-06	0	0	0	0	0	0	0	-1.16934	-0.0126274	0.01954	0	0	0.0036003	0.00765583	0	0	0.127385	-0.00916484	2.33078
2015-06-12 00:00:00	-0.988485	0	3.95584	0	-0.00659869	0	3.68629E-05	0	0	0	0	0	0	0	-1.01852	-0.0125804	0.0194812	0	0	0.00287433	0.00696274	0	0	0.125686	-0.00899051	2.07571
2015-06-13 00:00:00	-0.933061	0	2.54448	0	0.0107606	0	0.000111203	0	0	0	0	0	0	0	-0.49862	-0.0125662	0.0194516	0	0	0.00290556	0.00697972	0	0	0.124138	-0.00883926	1.25574
2015-06-14 00:00:00	-2.30307	0.0128132	2.5185	0	0.0369385	0	0.000184993	0	0	0	0	0	0	0	0.0319195	-0.0125478	0.019413	0	0	0.00363383	0.00765166	0	0	0.122863	-0.00878813	0.429514
2015-06-15 00:00:00	-0.814663	-0.0128132	2.81852	0	-0.0123418	0	8.27234E-05	0	0	0	0	0	0	0	-0.732671	-0.0125363	0.0193793	0	0	0.00364386	0.00760429	0	0	0.121564	-0.0088137	1.37695
2015-06-16 00:00:00	-0.4	0	2.6591	0	-0.00907588	0	6.9935E-05	0	0	0	0	0	0	0	-0.830272	-0.0125013	0.019358	0	0	0.0033927	0.00736206	0	0	0.120199	-0.00876723	1.54886
2015-06-17 00:00:00	-1.49241	0	2.84125	0	0.00605835	0	0.000114931	0	0	0	0	0	0	0	-0.48615	-0.012492	0.0193162	0	0	0.00347104	0.0074456	0	0	0.118926	-0.00869141	0.996839
2015-06-18 00:00:00	0	0	2.39189	0	-0.0116663	0	5.99323E-05	0	0	0	0	0	0	0	-0.937444	-0.0124773	0.0192814	0	0	0.00322103	0.00719016	0	0	0.117679	-0.0086619	1.56908
2015-06-19 00:00:00	-0.239239	0	2.52075	0	-0.00636186	0	7.27996E-05	0	0	0	0	0	0	0	-0.857886	-0.012451	0.0192428	0	0	0.00289109	0.00687659	0	0	0.11632	-0.00859674	1.54162
2015-06-20 00:00:00	-1.07686	0	2.77172	0	0.00145077	0	0.000138218	0	0	0	0	0	0	0	-0.644233	-0.012413	0.0191926	0	0	0.00259112	0.00656604	0	0	0.115099	-0.00852629	1.17473
2015-06-21 00:00:00	-1.34112	0.0523631	2.67164	0	0.0280273	0	0.000362775	0	0	0	0	0	0	0	-0.572377	-0.012393	0.0191661	0	0	0.0024279	0.00634498	0	0	0.113724	-0.0084463	0.959726
2015-06-22 00:00:00	-2.90183	0.673276	2.82062	0	0.00446481	0	0.00017538	0	0	0	0	0	0	0	-0.20447	-0.0123717	0.0191145	0	0	0.00233924	0.00621182	0	0	0.112844	-0.00839124	0.511985
2015-06-23 00:00:00	0	-0.725642	2.87452	0	-0.044912	0	2.71917E-05	0	0	0	0	0	0	0	-0.796807	-0.01235	0.0190526	0	0	0.00218409	0.00603177	0	0	0.112304	-0.00836128	1.42604
2015-06-24 00:00:00	-1.01373	0	2.91664	0	0.00343144	0	7.82875E-05	0	0	0	0	0	0	0	-0.939013	-0.0123333	0.0190083	0	0	0.00190975	0.005632	0	0	0.111261	-0.00831753	1.08457
2015-06-25 00:00:00	-2.16949	0.0143731	3.10604	0	0.0160661	0	0.000168652	0	0	0	0	0	0	0	-0.423634	-0.0123076	0.0189739	0	0	0.00179209	0.0054272	0	0	0.10992	-0.00823259	0.659095
2015-06-26 00:00:00	-0.710012	-0.0143731	2.88243	0	-0.0129437	0	8.36983E-05	0	0	0	0	0	0	0	-0.953249	-0.0122843	0.0189309	0	0	0.00166889	0.00525013	0	0	0.109118	-0.00817721	1.30644
2015-06-27 00:00:00	0	0	2.6739	0	-0.0179526	0	3.72018E-05	0	0	0	0	0	0	0	-1.20222	-0.0122586	0.0188927	0	0	0.00155272	0.0051166	0	0	0.108123	-0.00812376	1.56706
2015-06-28 00:00:00	-3.96291	0.840096	3.14241	0	0.0363237	0	0.000335655	0	0	0	0	0	0	0	-0.00300699	-0.0122379	0.0188787	0	0	0.00157183	0.00499466	0	0	0.107126	-0.00807449	0.165516
2015-06-29 00:00:00	-0.0854547	-0.834367	2.96891	0	-0.00876632	0	0.000590028	0	0	0	0	0	0	0	-0.927561	-0.0122221	0.0188526	0	0	0.00154031	0.00487561	0	0	0.106296	-0.00803165	1.22466
2015-06-30 00:00:00	-0.0545653	-0.00573179	3.1001	0	-0.0296817	0	2.74241E-05	0	0	0	0	0	0	0	-1.47722	-0.01219	0.0188056	0	0	0.00138136	0.00472712	0	0	0.105587	-0.00800094	1.64324
2015-07-01 00:00:00	0	0	3.65808	0	-0.0500731	0	0	0	0	0	0	0	0	0	-1.62588	-0.0121546	0.0187476	0	0	0.00113906	0.00442608	0	0	0.104716	-0.00794914	2.09106
2015-07-02 00:00:00	-1.01238	0	3.02866	0	0.00731302	0	0	0	0	0	0	0	0	0	-1.08904	-0.0121445	0.0187117	0	0	0.00104124	0.00416287	0	0	0.103666	-0.00789794	1.04209
2015-07-03 00:00:00	-0.0545653	0	3.99844	0	-0.0143154	0	0	0	0	0	0	0	0	0	-1.97877	-0.0121019	0.0186625	0	0	0.000840426	0.00376922	0	0	0.102669	-0.00784012	2.05679
2015-07-04 00:00:00	-9.18378	1.77983	3.14645	0	0.133068	0	0.000953065	0	0	0	0	0	0	0	1.88639	-0.012078	0.0186407	0	0	0.00105758	0.00371451	0	0	0.101712	-0.00777512	-2.13182
2015-07-05 00:00:00	-0.467412	-1.1891	2.97472	0	-0.011547	0	0.000712902	0	0	0	0	0	0	0	-0.62779	-0.0120694	0.0186141	0	0	0.00127261	0.0037788	0	0	0.101594	-0.00776694	0.785007
2015-07-06 00:00:00	-4.65039	1.22196	3.02125	0	0.0343843	0	0.000701866	0	0	0	0	0	0	0	0.184127	-0.0120539	0.01858	0	0	0.00137511	0.00385045	0	0	0.101161	-0.00775967	-0.0828195
2015-07-07 00:00:00	-2.23512	-0.34293	3.34431	0	-0.0036453	0	0.000423172	0	0	0	0	0	0	0	-0.455407	-0.0120365	0.0185493	0	0	0.00148031	0.00387749	0	0	0.100828	-0.00775332	0.412578
2015-07-08 00:00:00	-2.80445	0.260248	2.91996	0	0.0179376	0	0.000592505	0	0	0	0	0	0	0	-0.278685	-0.0120196	0.0185169	0	0	0.00153171	0.00390083	0	0	0.100372	-0.00773709	0.220168
2015-07-09 00:00:00	0	-1.2107	2.89444	0	-0.0354147	0	0.000357049	0	0.000118897	0	0	0	0	0	-0.930835	-0.0120013	0.0184676	0	0	0.00157789	0.00395039	0	0	0.0999422	-0.00772492	0.82217
2015-07-10 00:00:00	-1.14518	-0.163351	2.96498	0	0.00658816	0	0.000193441	0	6.22473E-05	0	0	0	0	0	-1.02198	-0.0119708	0.0184243	0	0	0.00150128	0.00408082	0	0	0.0995925	-0.00771266	0.745223
2015-07-11 00:00:00	-1.03605	-0.189246	3.12076	0	-0.00766645	0	0.000172313	0	6.46922E-05	0	0	0	0	0	-1.04176	-0.0119396	0.018396	0	0	0.00140575	0.00398723	0	0	0.0987892	-0.00767932	0.949231
2015-07-12 00:00:00	-0.14002	-0.126518	2.71644	0	-0.0422009	0	5.05744E-05	0	3.42068E-05	0	0	0	0	0	-1.26691	-0.0119106	0.0183658	0	0	0.0012872	0.00397718	0	0	0.0981719	-0.00764873	1.24312
2015-07-13 00:00:00	-3.98705	1.20093	2.95053	0	0.0404836	0	0.000236216	0	0	0	0	0	0	0	-0.165915	-0.011905	0.0183051	0	0	0.00128814	0.00413008	0	0	0.0976621	-0.00762278	0.141071
2015-07-14 00:00:00	0	-1.21235	2.81528	0	-0.0177849	0	0.000164148	0	9.79701E-05	0	0	0	0	0	-0.964851	-0.0118967	0.018286	0	0	0.00127185	0.00402348	0	0	0.0969886	-0.00761112	0.721621
2015-07-15 00:00:00	0	-0.0247122	2.51494	0	-0.0282904	0	4.9709E-05	0	0	0	0	0	0	0	-1.45825	-0.011888	0.0182119	0	0	0.00118654	0.00421974	0	0	0.0966365	-0.00759216	1.10451
2015-07-16 00:00:00	0	-0.00434709	3.23676	0	-0.0855429	0	0	0	0	0	0	0	0	0	-1.72104	-0.0118448	0.0181739	0	0	0.00101091	0.00410167	0	0	0.0959025	-0.00757208	1.5256
2015-07-17 00:00:00	-8.51043	1.96611	3.15668	0	0.154008	0	0.000623857	0	0	0	0	0	0	0	1.24593	-0.0118465	0.0181507	0	0	0.00115895	0.00384789	0	0	0.0953399	-0.00753957	-1.88797
2015-07-18 00:00:00	-1.69786	-0.609049	3.07061	0	0.00365292	0	0.000596361	0	0.000251134	0	0	0	0	0	-0.577451	-0.0118389	0.01813	0	0	0.00125809	0.0038583	0	0	0.0950725	-0.00751552	0.289715
2015-07-19 00:00:00	-3.31477	0.557383	2.89537	0	0.0084282	0	0.000496092	0	0.000352141	0	0	0	0	0	-0.232227	-0.0118237	0.0181053	0	0	0.0013144	0.00389823	0	0	0.0947943	-0.00750818	0.013816
2015-07-20 00:00:00	-0.983992	-1.11441	2.87587	0	-0.00488952	0	0.000388095	0	0.000465632	0	0	0	0	0	-0.556477	-0.0118093	0.0180793	0	0	0.00135817	0.00395797	0	0	0.0945303	-0.00750799	0.31556
2015-07-21 00:00:00	-0.721568	-0.289257	2.82874	0	-0.0206431	0	0.000127031	0	0.000348249	0	0	0	0	0	-1.23319	-0.0117905	0.0180479	0	0	0.00132346	0.00398279	0	0	0.09417	-0.00749628	0.662797
2015-07-22 00:00:00	0	-0.232706	2.48938	0	-0.0395801	0	3.69574E-05	0	3.50099E-05	0	0	0	0	0	-1.5355	-0.0117547	0.0179952	0	0	0.00120366	0.00420426	0	0	0.0938434	-0.00748131	0.779673
2015-07-23 00:00:00	-0.0893068	-0.169397	2.46023	0	-0.0749816	0	0	0	1.70677E-05	0	0	0	0	0	-1.30258	-0.0117381	0.0179612	0	0	0.00111284	0.00429078	0	0	0.0932549	-0.00746521	0.921397
2015-07-24 00:00:00	-5.39513	1.57006	3.09656	0	0.053914	0	6.1151E-05	0	3.72973E-05	0	0	0	0	0	0.243384	-0.0117239	0.01794	0	0	0.00133972	0.00474658	0	0	0.0928229	-0.00746115	-0.333451
2015-07-25 00:00:00	-5.58635	0.701759	2.91145	0	0.0935385	0	0.000541434	0	0.000236785	0	0	0	0	0	0.899346	-0.011724	0.0179206	0	0	0.00172978	0.00539963	0	0	0.0923278	-0.00748843	-0.881315
2015-07-26 00:00:00	-7.70682	0.415887	2.88604	0	0.12281	0	0.00136679	0	0.015516	0	0	0	0	0	2.39564	-0.0117214	0.0178924	0	0	0.00245939	0.00676381	0	0	0.092096	-0.00831418	-1.77039
2015-07-27 00:00:00	-10.2477	0.197277	2.67488	0	0.202992	0	0.00261279	0	0.0414197	0	0	0	0	0	3.7377	-0.0117447	0.0179162	0	0	0.00427968	0.00961797	0	0	0.0920434	-0.00910363	-3.28777
2015-07-28 00:00:00	-16.6276	0.0185387	2.97784	0	0.353081	-7.47178E-06	0.0177364	0	0.131521	0	0	0	0	0	6.74366	-0.0117963	0.0179691	0	0	0.00798331	0.0138092	0	0	0.0927596	-0.00936401	-6.27388
2015-07-29 00:00:00	-3.6471	-0.023697	2.96008	0	-0.00335802	-0.000260804	0.00611691	0	0.0817575	0	0	0	0	0	-0.245583	-0.011828	0.0179773	0	0	0.0106576	0.0161838	0	0	0.0936088	-0.010136	-0.755575
2015-07-30 00:00:00	-0.2	-2.01375	2.88124	0	-0.132542	-0.000317507	0.00100754	0	0.0461378	0	0	0	0	0	-0.523868	-0.0118255	0.017957	0	0	0.0101195	0.0155195	0	0	0.0940342	-0.00918226	0.174533
2015-07-31 00:00:00	-4.88888	1.53414	2.97939	0	0.0816007	-0.000285214	0.00100944	0	0.0278503	0	0	0	0	0	0.0790099	-0.0118219	0.0179368	0	0	0.00935438	0.0147908	0	0	0.0940944	-0.00893797	-0.0707392
2015-08-01 00:00:00	-2.68555	-0.144194	2.77427	0	-0.0247537	-0.000502332	0.000709384	0	0.0397354	0	0	0	0	0	0.00503916	-0.0118173	0.0179175	0	0	0.00898603	0.0142245	0	0	0.093954	-0.00928314	0.078729
2015-08-02 00:00:00	-0.946552	-1.2762	2.89772	0	-0.0769495	-0.000324658	0.00057451	0	0.0261161	0	0	0	0	0	-0.418029	-0.0118119	0.0178956	0	0	0.00852481	0.0136967	0	0	0.0938268	-0.00908688	0.319402
2015-08-03 00:00:00	-0.0446534	-0.490914	3.18954	0	-0.384778	-0.000209998	1.40521E-05	0	0.012292	0	0	0	0	0	-1.21533	-0.0117941	0.017862	0	0	0.00673669	0.01223	0	0	0.0936965	-0.00891907	1.17577
2015-08-04 00:00:00	-0.871936	-0.248106	3.02424	0	-0.0880483	-0.000195999	2.30269E-05	0	0.00404724	0	0	0	0	0	-1.06672	-0.0117843	0.0178407	0	0	0.00571481	0.0113265	0	0	0.0935127	-0.00859854	0.861322
2015-08-05 00:00:00	-2.11388	-0.073532	3.11258	0	0.0233599	-0.000241586	0.000115019	0	0.00498919	0	0	0	0	0	-0.41685	-0.0117736	0.0178063	0	0	0.00527591	0.0108862	0	0	0.0930835	-0.00856668	0.64325
2015-08-06 00:00:00	-1.46227	-0.0929667	3.05087	0	0.0464099	-0.000264376	0.000242103	0	0.00504413	0	0	0	0	0	-0.880994	-0.011763	0.0177818	0	0	0.00484779	0.0104657	0	0	0.0927042	-0.00852674	0.771581
2015-08-07 00:00:00	0	-0.161752	3.25715	0	-0.119741	-0.000377503	6.93896E-06	0	0.00706428	0	0	0	0	0	-1.56548	-0.0117437	0.0177584	0	0	0.00404694	0.00972758	0	0	0.0922217	-0.00863329	1.52025
2015-08-08 00:00:00	-0.2	-0.0128743	2.90276	0	-0.0323524	-7.41421E-07	6.34378E-05	0	0.00261188	0	0	0	0	0	-1.50152	-0.0117172	0.0177139	0	0	0.00306864	0.00876798	0	0	0.0920395	-0.00822567	1.26034
2015-08-09 00:00:00	0	-0.00777526	2.85089	0	-0.095813	0	0	0	0.000605084	0	0	0	0	0	-1.23683	-0.0116932	0.017649	0	0	0.0025075	0.0081277	0	0	0.0916501	-0.00786887	1.61145
2015-08-10 00:00:00	-1.11674	-3.17871E-05	2.9051	0	0.00212052	0	0	0	0.00012282	0	0	0	0	0	-1.06362	-0.0116802	0.017626	0	0	0.00224116	0.00775605	0	0	0.0913176	-0.00774579	0.82646
2015-08-11 00:00:00	-0.288407	0	2.5237	0	-0.0041474	0	2.07866E-06	0	1.72886E-05	0	0	0	0	0	-1.28312	-0.0116483	0.0176008	0	0	0.00206255	0.00747207	0	0	0.090694	-0.00767563	1.04655
2015-08-12 00:00:00	0	0	2.99895	0	-0.0156782	0	5.1727E-07	0	0	0	0	0	0	0	-1.75951	-0.0116107	0.0175579	0	0	0.00172327	0.00699551	0	0	0.0901522	-0.0076302	1.32095
2015-08-13 00:00:00	-0.114545	0	2.85874	0	-0.00597102	0	1.80148E-05	0	0	0	0	0	0	0	-1.70461	-0.0115477	0.0174814	0	0	0.00150879	0.00664409	0	0	0.089614	-0.00757011	1.12976
2015-08-14 00:00:00	-10.9074	2.9953	2.83723	0	0.160325	0	0.000576946	0	0	0	0	0	0	0	2.9362	-0.0115572	0.0174996	0	0	0.00263966	0.00796891	0	0	0.0891053	-0.0075504	-1.87965
2015-08-15 00:00:00	-0.880703	-1.82332	2.81721	0	0.0183372	0	0.000392794	0	2.79108E-05	0	0	0	0	0	-0.153516	-0.0115526	0.017483	0	0	0.00384573	0.00922732	0	0	0.0891033	-0.0077554	0.0787761
2015-08-16 00:00:00	0	-0.790104	3.05315	0	-0.0615646	0	7.17269E-05	0	8.68293E-05	0	0	0	0	0	-1.36905	-0.0115381	0.0174575	0	0	0.00375277	0.0093707	0	0	0.0888001	-0.00777909	0.932658
2015-08-17 00:00:00	-0.114545	-0.31588	3.41502	0	-0.0872581	0	0	0	6.00977E-06	0	0	0	0	0	-1.65351	-0.0114957	0.01739	0	0	0.00274461	0.00845098	0	0	0.0885383	-0.00773536	1.34173
2015-08-18 00:00:00	-1.29537	-0.0554489	2.51957	0	0.023466	0	3.30144E-07	0	3.36044E-05	0	0	0	0	0	-0.92205	-0.0114949	0.0173635	0	0	0.002641	0.00827175	0	0	0.0881251	-0.0076402	0.367476
2015-08-19 00:00:00	-1.59148	-0.00607678	2.73976	0	0.0176706	0	9.15396E-05	0	6.96892E-05	0	0	0	0	0	-0.834531	-0.0114845	0.0173416	0	0	0.00269523	0.00827569	0	0	0.0875725	-0.00760174	0.4223
2015-08-20 00:00:00	-0.529209	-0.00442506	2.70243	0	-0.0165231	0	4.35135E-05	0	9.88345E-06	0	0	0	0	0	-1.50818	-0.0114544	0.0173087	0	0	0.00244292	0.00796713	0	0	0.0870901	-0.00758749	0.739917
2015-08-21 00:00:00	-0.459317	0	2.69761	0	-0.0135793	0	3.83203E-05	0	0	0	0	0	0	0	-1.56459	-0.0114288	0.0172714	0	0	0.0021372	0.00759243	0	0	0.0866164	-0.00753719	0.754812
2015-08-22 00:00:00	-9.07435	2.82758	2.9441	0	0.127037	0	0.00049865	0	0.000525252	0	0	0	0	0	1.82129	-0.0114241	0.0172365	0	0	0.00289591	0.00829441	0	0	0.0860645	-0.00750036	-1.25775
2015-08-23 00:00:00	-0.966158	-1.98932	3.09723	0	0.00462471	0	0.000387958	0	0.000597749	0	0	0	0	0	-0.12932	-0.0114164	0.0172238	0	0	0.00369821	0.00907683	0	0	0.0859121	-0.0076349	0.114895
2015-08-24 00:00:00	-0.525357	-0.584018	2.64969	0	-0.0171251	0	0.000194349	0	0.000473863	0	0	0	0	0	-1.09848	-0.0114049	0.0171958	0	0	0.00372893	0.0093078	0	0	0.085656	-0.00764944	0.522217
2015-08-25 00:00:00	-0.240801	-0.17142	2.48785	0	-0.00775507	0	2.07824E-05	0	0.000422179	0	0	0	0	0	-1.37143	-0.0113817	0.0171319	0	0	0.00313756	0.00881447	0	0	0.0854171	-0.00763918	0.792372
2015-08-26 00:00:00	-2.59254	0.660708	2.53419	0	0.012307	0	0.000291021	0	0.00100361	0	0	0	0	0	-0.743564	-0.0113504	0.0170913	0	0	0.0028019	0.00834882	0	0	0.0850221	-0.0076215	-0.0333163
2015-08-27 00:00:00	-0.393023	-0.670976	2.4467	0	-0.0195207	0	0.000225784	0	0.00154028	0	0	0	0	0	-0.984324	-0.0113315	0.0170779	0	0	0.00249948	0.0079173	0	0	0.0845792	-0.00754983	0.473814
2015-08-28 00:00:00	-0.670373	-0.0718978	2.31532	0	0.00763154	0	0.00016144	0	0.00127362	0	0	0	0	0	-1.24873	-0.0113056	0.0170368	0	0	0.00227141	0.00760538	0	0	0.0842792	-0.00750601	0.425758
2015-08-29 00:00:00	0	0	2.43053	0	-0.0560922	0	1.97255E-05	0	0.000660236	0	0	0	0	0	-1.84838	-0.0112919	0.0169945	0	0	0.0020094	0.00732068	0	0	0.0839401	-0.00745633	0.618262
2015-08-30 00:00:00	0	0	2.33798	0	-0.0703396	0	0	0	8.77901E-05	0	0	0	0	0	-1.4773	-0.0112724	0.016921	0	0	0.00175792	0.00701753	0	0	0.0834398	-0.00735711	0.880933
2015-08-31 00:00:00	0	0	2.09614	0	-0.0108572	0	0	0	0	0	0	0	0	0	-1.67898	-0.011275	0.0168752	0	0	0.0015772	0.00675534	0	0	0.0830821	-0.007317	0.496004
2015-09-01 00:00:00	-3.44216	1.02268	2.27333	0	0.0543532	0	0.000107672	0	0	0	0	0	0	0	0.0038532	-0.011268	0.0168366	0	0	0.00206341	0.00724285	0	0	0.0824694	-0.00727025	0.00223483
2015-09-02 00:00:00	-0.2	-0.854746	2.09001	0	0.00488422	0	6.3198E-05	0	0	0	0	0	0	0	-0.739467	-0.0112617	0.0167932	0	0	0.00255229	0.0077284	0	0	0.0820588	-0.00730389	0.391311
2015-09-03 00:00:00	0	-0.167919	1.94712	0	-0.012365	0	4.99527E-05	0	0	0	0	0	0	0	-1.43187	-0.0112223	0.0167596	0	0	0.00256367	0.00798037	0	0	0.0816408	-0.00733387	0.425404
2015-09-04 00:00:00	-1.33894	0.255659	2.21202	0	0.0100171	0	7.06456E-05	0	0	0	0	0	0	0	-0.86386	-0.0112153	0.0167396	0	0	0.00291535	0.00832899	0	0	0.081105	-0.00732627	0.365514
2015-09-05 00:00:00	-0.0992187	-0.255659	1.85002	0	-0.00573969	0	6.63316E-05	0	0	0	0	0	0	0	-1.16827	-0.0111986	0.0166902	0	0	0.00298948	0.0085285	0	0	0.0805559	-0.0073452	0.411426
2015-09-06 00:00:00	0	0	2.53589	0	-0.0291287	0	1.68594E-05	0	0	0	0	0	0	0	-1.93537	-0.0111844	0.0166549	0	0	0.00248737	0.00803227	0	0	0.0800536	-0.00734179	0.660106
2015-09-07 00:00:00	-0.0408013	0	4.16316	0	-0.0576121	0	0	0	0	0	0	0	0	0	-3.10176	-0.011152	0.0166093	0	0	0.00155879	0.00702545	0	0	0.0796331	-0.00726394	1.0494
2015-09-08 00:00:00	-0.25998	0	2.21826	0	0.00415149	0	0	0	0	0	0	0	0	0	-1.61951	-0.0111305	0.016546	0	0	0.00144868	0.0068096	0	0	0.0790836	-0.00714604	0.428529
2015-09-09 00:00:00	0	0	1.81311	0	0.00321515	0	2.52532E-05	0	0	0	0	0	0	0	-1.57859	-0.0111058	0.0164992	0	0	0.00143227	0.00671483	0	0	0.0785811	-0.00710598	0.322778
2015-09-10 00:00:00	0	0	2.01017	0	-0.00135677	0	3.22885E-05	0	0	0	0	0	0	0	-1.68837	-0.0110744	0.0164725	0	0	0.00136847	0.00658145	0	0	0.0780151	-0.00707579	0.404767
2015-09-11 00:00:00	0	0	1.8533	0	0.000302516	0	4.32529E-05	0	0	0	0	0	0	0	-1.61681	-0.0110576	0.016432	0	0	0.00134263	0.00649709	0	0	0.0775109	-0.00703705	0.320518
2015-09-12 00:00:00	-6.42806	2.25327	2.14841	0	0.0573413	0	0.000167175	0	0	0	0	0	0	0	1.47397	-0.0110476	0.0164221	0	0	0.00294918	0.00874686	0	0	0.0770534	-0.00700483	-0.407788
2015-09-13 00:00:00	-0.908249	-0.911133	1.92202	0	0.0295806	0	0.000307929	0	0	0	0	0	0	0	-0.247039	-0.011039	0.0164029	0	0	0.00343777	0.00926791	0	0	0.0765579	-0.00722739	-0.027113
2015-09-14 00:00:00	-4.46628	1.57874	1.82029	0	0.018959	0	0.00020808	0	1.00035E-05	0	0	0	0	0	0.770931	-0.0110297	0.0163708	0	0	0.00411366	0.0100946	0	0	0.0762303	-0.00727441	-0.188632
2015-09-15 00:00:00	0	-1.82156	1.948	0	0.00628422	0	0.000252617	0	4.52127E-05	0	0	0	0	0	-0.212286	-0.0110168	0.0163221	0	0	0.00467871	0.0106299	0	0	0.0759525	-0.00734269	0.00995956
2015-09-16 00:00:00	0	-0.922646	1.85449	0	-0.00424171	0	0.00014304	0	4.37041E-05	0	0	0	0	0	-0.863687	-0.0109938	0.016294	0	0	0.00473427	0.010638	0	0	0.0755778	-0.00733384	0.15302
2015-09-17 00:00:00	-0.74905	-0.0895501	1.73129	0	0.0300909	0	5.30244E-05	0	3.06037E-05	0	0	0	0	0	-0.837202	-0.0109632	0.0162258	0	0	0.00455838	0.0104346	0	0	0.0753691	-0.00730123	0.173989
2015-09-18 00:00:00	-0.143872	-0.0399718	1.76592	0	-0.0287265	0	0.000157206	0	1.54596E-05	0	0	0	0	0	-1.44985	-0.0109397	0.0161787	0	0	0.00419671	0.0100652	0	0	0.0749513	-0.00725313	0.190875
2015-09-19 00:00:00	-0.14002	-0.0289055	1.75535	0	-0.0298716	0	3.00009E-05	0	1.03708E-05	0	0	0	0	0	-1.34084	-0.0109137	0.0161558	0	0	0.00369845	0.00949263	0	0	0.0746709	-0.00718779	0.301664
2015-09-20 00:00:00	-3.40614	1.31848	1.95144	0	0.0224109	0	7.89704E-05	0	3.83247E-05	0	0	0	0	0	0.151342	-0.0108897	0.0161183	0	0	0.00392917	0.00949496	0	0	0.0743415	-0.00713322	0.123514
2015-09-21 00:00:00	-5.12025	1.56711	1.83187	0	0.0443977	0	0.000491617	0	0.000654522	0	0	0	0	0	1.00187	-0.0108866	0.0160953	0	0	0.00482415	0.0105149	0	0	0.0740088	-0.00718142	-0.586484
2015-09-22 00:00:00	-0.295367	-1.31607	1.69764	0	-0.00184244	0	0.000395069	0	0.000436916	0	0	0	0	0	-0.171394	-0.0108663	0.0160699	0	0	0.00565604	0.0112446	0	0	0.073798	-0.00732267	0.00238551
2015-09-23 00:00:00	-1.74436	0.117214	1.62421	0	0.0127976	0	0.00039355	0	0.000416559	0	0	0	0	0	-0.124766	-0.010856	0.0160416	0	0	0.00581738	0.0112258	0	0	0.0736488	-0.00732191	-0.0255397
2015-09-24 00:00:00	-8.59052	1.89454	1.68382	0	0.0661603	0	0.00188718	0	0.0013683	0	0	0	0	0	3.50234	-0.0108551	0.016029	0	0	0.00709679	0.0125935	0	0	0.0735987	-0.00740682	-1.34935
2015-09-25 00:00:00	-0.833179	-0.837453	1.71568	0	-0.0145765	0	0.000783693	0	0.00133771	0	0	0	0	0	-0.237938	-0.010853	0.0160068	0	0	0.00851516	0.0139237	0	0	0.0737797	-0.00760759	-0.111584
2015-09-26 00:00:00	-0.0545653	-1.48853	1.6602	0	0.0105846	0	0.000659896	0	0.00132445	0	0	0	0	0	-0.245117	-0.0108444	0.0159801	0	0	0.00827795	0.0135184	0	0	0.0737803	-0.00758603	-0.0223125
2015-09-27 00:00:00	0	-0.581819	2.01513	0	-0.0388699	0	0.000237242	0	0.0016085	0	0	0	0	0	-1.16799	-0.0108357	0.0159517	0	0	0.0075337	0.0129117	0	0	0.0737042	-0.00756932	0.319997
2015-09-28 00:00:00	-0.14002	-0.232233	2.27805	0	-0.0345328	0	1.62392E-05	0	0.000911844	0	0	0	0	0	-1.63681	-0.0108162	0.0159239	0	0	0.00620943	0.0117232	0	0	0.0735473	-0.00745548	0.324521
2015-09-29 00:00:00	0	-0.353255	3.47536	0	-0.103752	0	0	0	0.00082787	0	0	0	0	0	-2.29285	-0.0107903	0.0158559	0	0	0.00443013	0.0101822	0	0	0.0733206	-0.00735847	0.811976
2015-09-30 00:00:00	-0.149932	-0.10057	2.62032	0	-0.0125178	0	0	0	0.000515537	0	0	0	0	0	-2.10707	-0.0107672	0.015804	0	0	0.00345909	0.00929184	0	0	0.0731015	-0.00717736	0.334458
2015-10-01 00:00:00	-0.0545653	-0.00538746	3.27079	0	-0.0325258	0	0	0	0.000134862	0	0	0	0	0	-2.77667	-0.0107529	0.0157399	0	0	0.00249805	0.00835229	0	0	0.0726655	-0.007038	0.483241
2015-10-02 00:00:00	-0.0408013	0	1.42188	0	0.0102292	0	0	0	0	0	0	0	0	0	-1.37745	-0.0107218	0.0156934	0	0	0.00238253	0.00808619	0	0	0.0723657	-0.00689547	0.0947724
2015-10-03 00:00:00	0	0	1.26589	0	0.0101788	0	0	0	0	0	0	0	0	0	-1.2502	-0.0107059	0.0156441	0	0	0.00241781	0.00799063	0	0	0.0720472	-0.0068578	0.106409
2015-10-04 00:00:00	0	0	1.02853	0	0.0125356	0	3.69399E-05	0	0	0	0	0	0	0	-1.0357	-0.010699	0.0156097	0	0	0.00253623	0.00799052	0	0	0.0717285	-0.00683797	0.0857224
2015-10-05 00:00:00	-2.07354	0.586644	1.56688	0	0.0620699	0	0.000209811	0	1.62061E-05	0	0	0	0	0	-0.359647	-0.0106895	0.0155761	0	0	0.0029479	0.00826239	0	0	0.071368	-0.00683171	-0.13674
2015-10-06 00:00:00	-5.04338	2.08721	1.58747	0	0.0439925	0	0.000242216	0	0.000419281	0	0	0	0	0	1.03188	-0.0106803	0.0155513	0	0	0.00361107	0.00891963	0	0	0.0710355	-0.00690729	-0.210635
2015-10-07 00:00:00	-2.88076	0.345039	1.28176	0	0.0335486	0	0.000305375	0	0.000727627	0	0	0	0	0	0.917874	-0.0106736	0.0155285	0	0	0.00519946	0.0104452	0	0	0.0708795	-0.00705132	-0.217179
2015-10-08 00:00:00	-0.14002	-1.11067	1.31786	0	0.0108586	0	0.000285762	0	0.00132898	0	0	0	0	0	-0.206196	-0.0106668	0.015485	0	0	0.00599197	0.011134	0	0	0.0707007	-0.00721103	-0.0411223
2015-10-09 00:00:00	-0.943872	-0.36059	1.32548	0	0.00767221	0	0.000297239	0	0.00165255	0	0	0	0	0	-0.11453	-0.010656	0.0154602	0	0	0.00610627	0.011102	0	0	0.0704758	-0.0072302	0.00136791
2015-10-10 00:00:00	0	-1.11564	1.25279	0	0.0153518	0	0.000425886	0	0.0017376	0	0	0	0	0	-0.275853	-0.0106389	0.0154328	0	0	0.00616832	0.0110255	0	0	0.0702671	-0.00722539	-0.0361585
2015-10-11 00:00:00	0	-0.269346	1.11895	0	-0.0159832	-6.1278E-05	0.000353062	0	0.00172209	0	0	0	0	0	-0.79406	-0.0106302	0.0154063	0	0	0.00588333	0.0108771	0	0	0.0700317	-0.00722086	0.125923
2015-10-12 00:00:00	-4.02816	2.23883	1.10224	0	0.0218774	-7.8463E-05	0.000475368	0	0.00189896	0	0	0	0	0	0.388913	-0.0106225	0.0153724	0	0	0.00577107	0.0106891	0	0	0.0698683	-0.00719286	-0.190122
2015-10-13 00:00:00	-0.728309	-0.312444	1.05295	0	-0.00181847	-8.60302E-05	0.000358788	0	0.00595564	0	0	0	0	0	-0.0943706	-0.0106147	0.0153457	0	0	0.00591399	0.0106619	0	0	0.0697273	-0.00721572	0.00605892
2015-10-14 00:00:00	-0.14002	-0.874145	1.13343	0	0.0341113	-6.67931E-05	0.000545592	0	0.00513749	0	0	0	0	0	-0.326906	-0.0106066	0.015316	0	0	0.00606451	0.0106449	0	0	0.0695752	-0.00720687	-0.0841218
2015-10-15 00:00:00	-0.155347	-0.453824	0.881757	0	-0.0201033	-0.000133003	0.000576855	0	0.00798857	0	0	0	0	0	-0.400595	-0.0105799	0.0152842	0	0	0.00604168	0.0106322	0	0	0.0692776	-0.00725465	-0.0562776
2015-10-16 00:00:00	-0.792141	0.0134464	0.903524	0	0.0336195	-7.14667E-05	0.000217133	0	0.0083075	0	0	0	0	0	-0.200194	-0.0105687	0.0152342	0	0	0.00611365	0.0106081	0	0	0.0692206	-0.0072745	0.0500411
2015-10-17 00:00:00	-0.100781	-0.420527	0.954659	0	-0.0351197	-9.97535E-05	0.000632822	0	0.00768151	0	0	0	0	0	-0.525648	-0.0105611	0.0151941	0	0	0.00600409	0.0105809	0	0	0.0690122	-0.00723073	-0.036203
2015-10-18 00:00:00	0	-0.117757	1.02164	0	-0.0357189	-6.80608E-05	1.87265E-05	0	0.00615618	0	0	0	0	0	-0.696123	-0.0105477	0.0151611	0	0	0.00561435	0.0102227	0	0	0.0688637	-0.00722882	0.260233
2015-10-19 00:00:00	-0.0992187	-0.05401	0.950517	0	0.0240575	-0.00010544	0.000309801	0	0.00148746	0	0	0	0	0	-1.01522	-0.0105494	0.0151134	0	0	0.00537553	0.0099914	0	0	0.0685818	-0.00710666	-0.110772
2015-10-20 00:00:00	-1.92626	0.872211	0.972085	0	0.0217196	-0.000107255	0.000621947	0	0.00458993	0	0	0	0	0	-0.081238	-0.0105363	0.0150864	0	0	0.0054825	0.00996173	0	0	0.0683563	-0.00716231	-0.055186
2015-10-21 00:00:00	-0.737967	-0.403979	1.15271	0	-0.00192718	-0.000100926	0.000488768	0	0.0109563	0	0	0	0	0	-0.119968	-0.0105233	0.0150432	0	0	0.00573384	0.0100697	0	0	0.0681542	-0.00723287	-0.0185433
2015-10-22 00:00:00	-0.318397	-0.346302	0.997295	0	-0.0228705	-7.16649E-05	2.48167E-05	0	0.00769585	0	0	0	0	0	-0.271324	-0.0105039	0.0150062	0	0	0.00577521	0.0102007	0	0	0.0680279	-0.00720623	0.127351
2015-10-23 00:00:00	-0.0992187	-0.13187	0.931028	0	0.00976822	-0.00011909	0.000423231	0	0.00314562	0	0	0	0	0	-0.871315	-0.0105045	0.0149786	0	0	0.00556682	0.0101538	0	0	0.0676781	-0.00713682	-0.0774222
2015-10-24 00:00:00	-5.40845	2.83824	0.896022	0	0.0644807	-5.91947E-05	0.000989287	0	0.00800246	0	0	0	0	0	1.05755	-0.0105008	0.014946	0	0	0.00623676	0.0106736	0	0	0.067537	-0.0071983	-0.461535
2015-10-25 00:00:00	-0.330108	-0.543091	0.886445	0	-0.0260469	-0.000194762	0.00078514	0	0.0265509	0	0	0	0	0	-0.116289	-0.0104835	0.0149283	0	0	0.00673587	0.0111842	0	0	0.0673083	-0.00744626	-0.0197214
2015-10-26 00:00:00	0	-0.820769	0.883276	0	0.0330849	-0.000128594	0.000249655	0	0.0119303	0	0	0	0	0	-0.160529	-0.0104702	0.0148947	0	0	0.00688087	0.0111833	0	0	0.0672882	-0.00739104	0.0295015
2015-10-27 00:00:00	0	-0.788985	0.852989	0	-0.0342878	-0.00019881	0.000798334	0	0.0102094	0	0	0	0	0	-0.188211	-0.0104653	0.0148601	0	0	0.00699489	0.0112205	0	0	0.0671338	-0.00731203	-0.0652539
2015-10-28 00:00:00	-9.78411	2.6844	0.927943	0	0.126588	-0.000883022	0.00330702	0	0.0361146	0	0	0	0	0	4.5259	-0.0104692	0.0148589	0	0	0.00943117	0.0136191	0	0	0.0669208	-0.00772986	-1.3941
2015-10-29 00:00:00	-1.3955	0.0240966	0.785971	0	-0.0186356	-0.000795868	0.00156726	0	0.0488374	0	0	0	0	0	0.126771	-0.0104761	0.0148469	0	0	0.0122939	0.016234	0	0	0.0667348	-0.00929856	-0.337356
2015-10-30 00:00:00	-2.71122	0.0653806	0.755164	0	0.0277299	-0.000620453	0.0019316	0	0.0312433	0	0	0	0	0	1.24447	-0.0104769	0.0148295	0	0	0.0128992	0.0166758	0	0	0.0668708	-0.00852919	-0.493653
2015-10-31 00:00:00	-0.813119	-0.18304	0.904612	0	0.000341387	-0.000458463	0.000978119	0	0.0264948	0	0	0	0	0	-0.195411	-0.0104749	0.0148073	0	0	0.0129253	0.0165291	0	0	0.0668402	-0.00860075	-0.167575
2015-11-01 00:00:00	-0.240801	-0.464582	0.734502	0	-0.0140997	-0.000350445	0.000624276	0	0.0245958	0	0	0	0	0	-0.150835	-0.0104639	0.0147734	0	0	0.0121984	0.0157628	0	0	0.0667397	-0.00840627	-0.020342
2015-11-02 00:00:00	-0.184673	-0.714179	0.951809	0	0.0508065	-0.000171609	0.000377192	0	0.0151583	0	0	0	0	0	-0.263095	-0.0104525	0.0147442	0	0	0.0113162	0.0147879	0	0	0.0667246	-0.00810316	-0.054951
2015-11-03 00:00:00	-0.380821	-0.58071	1.00032	0	-0.0561593	-0.000397602	0.000860382	0	0.0197033	0	0	0	0	0	-0.0710053	-0.010441	0.0147244	0	0	0.0109988	0.0144666	0	0	0.0665367	-0.00804945	0.0200226
2015-11-04 00:00:00	-10.2297	1.95698	0.685921	0	0.161897	-0.00241163	0.00586948	0	0.0543508	0	0	0	0	0	5.45238	-0.0104489	0.0147323	0	0	0.014439	0.0164384	0	0	0.0663489	-0.0091665	-1.82233
2015-11-05 00:00:00	-1.86115	-0.0153805	0.735396	0	-0.0351562	-0.00141878	0.00410707	0	0.0657825	0	0	0	0	0	0.500236	-0.0104581	0.0147406	0	0	0.0186052	0.0188267	0	0	0.0662991	-0.0108034	-0.510376
2015-11-06 00:00:00	-0.205415	-0.472917	0.705985	0	-0.00133103	-0.000657549	0.00105059	0	0.0346521	0	0	0	0	0	-0.245946	-0.0104558	0.0147308	0	0	0.0177834	0.018221	0	0	0.0665759	-0.00924112	-0.0869641
2015-11-07 00:00:00	-14.9937	0.464693	0.669805	0	0.204697	-0.00408526	0.0365831	0	0.123722	0	0	0	0	0	9.96647	-0.0104834	0.0147697	0	0	0.0265308	0.0237448	0	0	0.0664012	-0.0115931	-3.42244
2015-11-08 00:00:00	-7.64048	-0.0158507	0.656633	0	0.0801296	-0.00482749	0.0258222	0	0.145747	0	0	0	0	0	4.32355	-0.0105467	0.0148121	0	0	0.0405144	0.0309034	0	0	0.0664588	-0.0148718	-2.30201
2015-11-09 00:00:00	-14.5126	-0.00685832	0.666179	0	0.236926	-0.0139951	0.0687849	0	0.293114	0	0	0	0	0	8.98337	-0.0106051	0.0148846	0	0	0.053185	0.0381077	0	0	0.0668565	-0.0171114	-4.13979
2015-11-10 00:00:00	-7.25353	-0.0247144	0.767979	0	-0.0376337	-0.0117487	0.045737	0	0.26764	0	0	0	0	0	3.49644	-0.010648	0.0149839	0	0	0.060347	0.0421646	0	0	0.0680575	-0.0172294	-2.59216
2015-11-11 00:00:00	-3.15942	-0.0123291	0.652166	0	-0.0306242	-0.00970321	0.0267664	0	0.174992	0	0	0	0	0	0.890357	-0.0106515	0.0150378	0	0	0.0569928	0.0399801	0	0	0.0698262	-0.0158493	-1.31246
2015-11-12 00:00:00	-4.77982	-0.0136183	0.588643	0	0.0573814	-0.0102421	0.037815	0	0.211869	0	0	0	0	0	2.18784	-0.0106614	0.015077	0	0	0.0540854	0.0381498	0	0	0.0709418	-0.0153595	-1.5679
2015-11-13 00:00:00	-18.6881	-0.00985713	0.49873	0	0.331233	-0.0275533	0.14179	0	0.634229	0	0	0	0	0	11.0995	-0.0107091	0.0152082	0	0	0.0673596	0.0443161	0	0	0.0712278	-0.0206824	-5.85323
2015-11-14 00:00:00	-11.2554	-0.0182463	0.497128	0	0.0275244	-0.0238917	0.101755	0	0.639912	0	0	0	0	0	5.32943	-0.010766	0.0153588	0	0	0.0857747	0.0547842	0	0	0.0730795	-0.0220588	-4.50563
2015-11-15 00:00:00	-24.1677	-0.0112194	0.567982	0	0.49312	-0.0517491	0.226718	0	1.24704	0	0	0	0	0	13.1679	-0.0108487	0.0155788	0	0	0.123814	0.0742234	0	0	0.0742485	-0.0284097	-8.27932
2015-11-16 00:00:00	-10.1132	-0.0134562	0.483708	0	-0.0382553	-0.0416396	0.144336	0	0.996355	0	0	0	0	0	4.12555	-0.0109557	0.0157942	0	0	0.163125	0.0910876	0	0	0.0780133	-0.0273455	-4.14693
2015-11-17 00:00:00	-11.4362	-0.0123005	0.448148	0	0.276225	-0.0440437	0.155501	0	1.06066	0	0	0	0	0	5.18768	-0.0110469	0.0159442	0	0	0.172324	0.0927889	0	0	0.0810326	-0.0279743	-4.0413
2015-11-18 00:00:00	-15.7091	-0.0202909	0.504319	0	0.329974	-0.0622302	0.232356	0	1.64958	0	0	0	0	0	7.63986	-0.0111344	0.0161245	0	0	0.197682	0.0989401	0	0	0.083075	-0.031832	-5.0827
2015-11-19 00:00:00	-1.98585	-0.015351	0.457155	0	-0.304465	-0.0309004	0.0875195	0	0.884252	0	0	0	0	0	-0.590831	-0.011175	0.0162184	0	0	0.199503	0.0963631	0	0	0.0877431	-0.0263276	-1.13614
2015-11-20 00:00:00	-5.8929	-0.00809756	0.386073	0	0.285574	-0.0394038	0.123708	0	1.04234	0	0	0	0	0	2.19826	-0.0112102	0.0162482	0	0	0.178509	0.0863595	0	0	0.0900928	-0.0256694	-1.57012
2015-11-21 00:00:00	-1.2713	-0.0185897	0.349202	0	-0.127605	-0.0218212	0.0596828	0	0.635542	0	0	0	0	0	-0.400479	-0.0112506	0.0162585	0	0	0.159185	0.0778048	0	0	0.0934143	-0.0228738	-0.48283
2015-11-22 00:00:00	-4.28619	-0.0213799	0.321304	0	0.104516	-0.0265177	0.095405	0	0.79022	0	0	0	0	0	1.66022	-0.0112788	0.0162874	0	0	0.143856	0.070861	0	0	0.0959575	-0.0217714	-1.06851
2015-11-23 00:00:00	-3.70511	-0.0187579	0.369936	0	0.0396024	-0.027893	0.100556	0	0.852095	0	0	0	0	0	1.36703	-0.011297	0.0163371	0	0	0.135303	0.0669537	0	0	0.0984654	-0.0222049	-0.73899
2015-11-24 00:00:00	-1.03924	-0.012541	0.414829	0	-0.009586	-0.0154579	0.0495664	0	0.479052	0	0	0	0	0	-0.241899	-0.0113112	0.0163457	0	0	0.120134	0.0599971	0	0	0.100944	-0.019636	-0.108802
2015-11-25 00:00:00	0	-0.369886	0.388784	0	-0.154253	-0.00979757	0.0309698	0	0.326257	0	0	0	0	0	-0.523061	-0.0113076	0.0163362	0	0	0.103263	0.0523319	0	0	0.102428	-0.017208	-0.0651428
2015-11-26 00:00:00	-0.766903	0.207363	0.459586	0	-0.077212	-0.00776407	0.0256883	0	0.219524	0	0	0	0	0	-0.263512	-0.0113043	0.0163291	0	0	0.0892125	0.0460545	0	0	0.103391	-0.0153645	0.0250889
2015-11-27 00:00:00	-9.16913	0.102878	0.388229	0	0.579117	-0.044172	0.157856	0	1.37063	0	0	0	0	0	4.81451	-0.0113426	0.0164021	0	0	0.0921534	0.047175	0	0	0.101504	-0.0240907	-1.57828
2015-11-28 00:00:00	-9.68277	-0.017288	0.353757	0	0.176895	-0.062403	0.212278	0	2.11213	0	0	0	0	0	4.83921	-0.011397	0.0165281	0	0	0.109653	0.0539113	0	0	0.101313	-0.0309917	-1.82918
2015-11-29 00:00:00	-17.1866	-0.0174681	0.323991	0	0.447995	-0.110161	0.363184	0	3.84252	0	0	0	0	0	8.6574	-0.0114801	0.0167451	0	0	0.158851	0.0706125	0	0	0.102392	-0.0378469	-3.3799
2015-11-30 00:00:00	-4.60697	-0.0176575	0.305743	0	-0.345242	-0.0647317	0.177708	0	2.3017	0	0	0	0	0	1.09981	-0.0115565	0.0168911	0	0	0.173913	0.074674	0	0	0.10836	-0.0350388	-0.822392
2015-12-01 00:00:00	-6.11492	-0.0212644	0.482681	0	0.160167	-0.0574735	0.173436	0	1.99547	0	0	0	0	0	2.00934	-0.0115939	0.0169831	0	0	0.162849	0.0698873	0	0	0.112164	-0.0319062	-1.05418
2015-12-02 00:00:00	-7.35959	-0.0126134	0.391119	0	0.273743	-0.0687758	0.212338	0	2.3918	0	0	0	0	0	2.83189	-0.0116362	0.0171042	0	0	0.159928	0.0687781	0	0	0.113221	-0.0350014	-1.02769
2015-12-03 00:00:00	-13.3432	-0.019172	0.271907	0	0.151126	-0.103281	0.374602	0	3.88433	0	0	0	0	0	5.96878	-0.0116928	0.0173029	0	0	0.192034	0.0801942	0	0	0.114476	-0.0377697	-2.46033
2015-12-04 00:00:00	-25.4964	-0.0157116	0.344591	0	0.994253	-0.202015	0.651704	0	7.7108	0	0	0	0	0	11.7211	-0.0118247	0.0176372	0	0	0.276288	0.106129	0	0	0.111632	-0.055017	-3.84681
2015-12-05 00:00:00	-33.4058	-0.0219074	0.390453	0	0.35237	-0.302327	0.894334	0	11.9404	0	0	0	0	0	13.5035	-0.0120694	0.0180147	0	0	0.398251	0.140842	0	0	0.113941	-0.0677241	-6.05778
2015-12-06 00:00:00	-11.407	-0.0127444	0.320076	0	0.0172855	-0.176741	0.48478	0	6.89927	0	0	0	0	0	1.93158	-0.0123145	0.0183493	0	0	0.455356	0.155916	0	0	0.126589	-0.0594514	-1.25905
2015-12-07 00:00:00	-2.45754	-0.0264123	0.350782	0	-1.00778	-0.0783039	0.212737	0	3.15657	0	0	0	0	0	-1.68832	-0.0124064	0.0184679	0	0	0.398646	0.136564	0	0	0.138431	-0.0441271	-0.90269
2015-12-08 00:00:00	-1.74143	-0.0190332	0.354353	0	-0.19467	-0.0588468	0.157803	0	2.17448	0	0	0	0	0	-1.2288	-0.0124392	0.0185148	0	0	0.337978	0.116114	0	0	0.143625	-0.0381206	0.0095293
2015-12-09 00:00:00	-7.40648	-0.0133714	0.344099	0	0.526098	-0.104806	0.28731	0	3.58686	0	0	0	0	0	1.83124	-0.0124782	0.0185807	0	0	0.299803	0.104375	0	0	0.141501	-0.0475428	-0.444811
2015-12-10 00:00:00	-1.11052	-0.0140694	0.306451	0	-0.15705	-0.0483879	0.120295	0	1.721	0	0	0	0	0	-0.983778	-0.0124952	0.018617	0	0	0.258565	0.0911147	0	0	0.147248	-0.0385693	0.29842
2015-12-11 00:00:00	-3.56164	-0.0186325	0.288656	0	-0.0304204	-0.0525168	0.160443	0	1.93549	0	0	0	0	0	0.574093	-0.0125086	0.0186422	0	0	0.226156	0.0804915	0	0	0.149488	-0.0371807	-0.279438
2015-12-12 00:00:00	-1.26696	-0.0225946	0.268028	0	-0.395867	-0.0297095	0.0981163	0	1.19829	0	0	0	0	0	-0.337231	-0.0125119	0.0186506	0	0	0.198527	0.0716896	0	0	0.152925	-0.0316423	-0.0902906
2015-12-13 00:00:00	-0.894722	-0.0113723	0.209738	0	0.0273621	-0.0253218	0.079024	0	0.828053	0	0	0	0	0	-0.322453	-0.0125076	0.0186552	0	0	0.173195	0.0637446	0	0	0.155267	-0.0277811	0.260882
2015-12-14 00:00:00	-0.281603	-0.0785879	0.291417	0	-0.315094	-0.0124877	0.0407398	0	0.477133	0	0	0	0	0	-0.418284	-0.0125087	0.0186455	0	0	0.148467	0.0558373	0	0	0.157194	-0.0238604	0.0470071
2015-12-15 00:00:00	-0.924493	0.0386333	0.328684	0	-0.0371758	-0.015383	0.0552202	0	0.445601	0	0	0	0	0	-0.0573116	-0.0125101	0.0186462	0	0	0.131116	0.0506421	0	0	0.158165	-0.0212136	0.15862
2015-12-16 00:00:00	-0.0992187	-0.260954	0.368484	0	-0.199196	-0.0103205	0.0365291	0	0.330763	0	0	0	0	0	-0.249919	-0.0125075	0.018637	0	0	0.115265	0.0457879	0	0	0.158739	-0.0195799	0.222511
2015-12-17 00:00:00	-3.17349	0.229035	0.377936	0	0.42798	-0.0224831	0.0778923	0	0.642927	0	0	0	0	0	0.952178	-0.012514	0.0186539	0	0	0.103965	0.0427324	0	0	0.158139	-0.0211526	-0.198201
2015-12-18 00:00:00	-0.8	-0.0279109	0.358701	0	-0.262526	-0.0121283	0.0428472	0	0.477647	0	0	0	0	0	0.00503623	-0.0125184	0.0186758	0	0	0.0947369	0.0403864	0	0	0.158122	-0.0213527	0.0597163
2015-12-19 00:00:00	-2.65349	-0.011691	0.40046	0	0.320199	-0.0272894	0.0879523	0	0.792682	0	0	0	0	0	0.785481	-0.0125203	0.0186855	0	0	0.0807711	0.0376402	0	0	0.156472	-0.0266573	-0.0513085
2015-12-20 00:00:00	-21.0755	-0.0181585	0.325644	0	1.42234	-0.191351	0.584597	0	6.94058	0	0	0	0	0	9.31651	-0.0125558	0.0188781	0	0	0.120589	0.051921	0	0	0.145769	-0.0521813	-2.42293
2015-12-21 00:00:00	-4.48048	-0.0170976	0.309141	0	-0.761097	-0.0850333	0.260378	0	3.77863	0	0	0	0	0	0.558391	-0.0125863	0.019023	0	0	0.155487	0.0623566	0	0	0.152896	-0.045527	-0.105516
2015-12-22 00:00:00	-5.50106	-0.0167213	0.334311	0	0.12991	-0.0733278	0.226235	0	2.95596	0	0	0	0	0	1.30939	-0.0126173	0.0190818	0	0	0.147362	0.0583136	0	0	0.157277	-0.041685	-0.307573
2015-12-23 00:00:00	-4.60438	-0.013571	0.304325	0	0.202684	-0.06559	0.18631	0	2.60725	0	0	0	0	0	0.998113	-0.0126392	0.019129	0	0	0.140122	0.0547846	0	0	0.159521	-0.0399834	-0.0639262
2015-12-24 00:00:00	-18.0447	-0.0173104	0.284178	0	0.635902	-0.200105	0.605985	0	7.727	0	0	0	0	0	6.89443	-0.0127046	0.0192795	0	0	0.178043	0.0658036	0	0	0.153587	-0.0555356	-1.76613
2015-12-25 00:00:00	-3.39779	-0.0200831	0.259195	0	-0.912715	-0.0838382	0.269537	0	3.51282	0	0	0	0	0	-0.157444	-0.0127438	0.0194635	0	0	0.208032	0.0745667	0	0	0.163526	-0.0426306	-0.120105
2015-12-26 00:00:00	-38.265	-0.0132253	0.270918	0	1.94924	-0.401186	1.32219	0	16.0813	0	0	0	0	0	14.6387	-0.0129181	0.0198505	0	0	0.352649	0.113498	0	0	0.151285	-0.0705496	-3.86321
2015-12-27 00:00:00	-0.654565	-0.0205833	0.294905	0	-1.89981	-0.104892	0.315024	0	4.97309	0	0	0	0	0	-2.80566	-0.0131507	0.0200649	0	0	0.411471	0.12627	0	0	0.168489	-0.0495519	0.761101
2015-12-28 00:00:00	0	-0.332655	0.351365	0	-0.207814	-0.0527507	0.153975	0	1.9312	0	0	0	0	0	-1.75805	-0.0132063	0.0200684	0	0	0.338731	0.105786	0	0	0.177989	-0.0361892	0.678451
2015-12-29 00:00:00	-2.74123	0.30654	0.339401	0	0.312478	-0.0559382	0.169186	0	1.77626	0	0	0	0	0	-0.315626	-0.013228	0.0200983	0	0	0.293589	0.0937474	0	0	0.179526	-0.0340443	0.330763
2015-12-30 00:00:00	-13.9557	-0.0226189	0.324053	0	0.704177	-0.159384	0.498256	0	6.01703	0	0	0	0	0	4.65951	-0.0133183	0.0202608	0	0	0.30298	0.0977139	0	0	0.1721	-0.0496791	-1.40458
2015-12-31 00:00:00	-5.01549	-0.00991438	0.267239	0	-0.123366	-0.109185	0.317492	0	4.25355	0	0	0	0	0	0.483662	-0.0133887	0.0203956	0	0	0.300604	0.0973708	0	0	0.176155	-0.0464087	0.598712
2016-01-01 00:00:00	-2.20499	-0.0225485	0.261551	0	-0.600413	-0.0502587	0.149379	0	2.21969	0	0	0	0	0	-0.468459	-0.0133975	0.0204325	0	0	0.267164	0.087691	0	0	0.182879	-0.0373063	-0.208579
2016-01-02 00:00:00	-8.86658	-0.0179548	0.309285	0	0.480787	-0.104241	0.357547	0	4.08195	0	0	0	0	0	2.63294	-0.0134322	0.0206272	0	0	0.263166	0.0870847	0	0	0.181522	-0.0422003	-0.629498
2016-01-03 00:00:00	-14.3868	-0.010719	0.27599	0	0.607493	-0.181415	0.625827	0	7.31191	0	0	0	0	0	4.52451	-0.0135054	0.0209378	0	0	0.307006	0.101414	0	0	0.178237	-0.0519124	-0.691053
2016-01-04 00:00:00	-8.86477	-0.0157364	0.264749	0	-0.214656	-0.138377	0.476142	0	5.88781	0	0	0	0	0	1.86425	-0.0135912	0.021183	0	0	0.336502	0.112466	0	0	0.182543	-0.0502508	-0.151734
2016-01-05 00:00:00	-18.6517	-0.0185123	0.276026	0	0.40136	-0.227231	0.763612	0	9.4757	0	0	0	0	0	5.72625	-0.0137234	0.0215237	0	0	0.409444	0.140903	0	0	0.181782	-0.0561891	-1.57074
2016-01-06 00:00:00	-1.45457	-0.0132717	0.245653	0	-0.762464	-0.0819879	0.268135	0	3.71905	0	0	0	0	0	-1.61536	-0.0138058	0.0217766	0	0	0.414026	0.143635	0	0	0.19255	-0.0428441	1.02053
2016-01-07 00:00:00	-11.0422	-0.0213451	0.301045	0	0.329364	-0.147476	0.468934	0	5.7091	0	0	0	0	0	2.86532	-0.0138737	0.0220354	0	0	0.398224	0.138647	0	0	0.191014	-0.0479245	-0.849151
2016-01-08 00:00:00	-0.429091	-0.0257247	0.243141	0	-0.670161	-0.0569882	0.178721	0	2.5418	0	0	0	0	0	-1.42205	-0.0139731	0.0221487	0	0	0.360513	0.126124	0	0	0.197692	-0.0382362	1.01391
2016-01-09 00:00:00	-12.7792	-0.00258985	0.243141	0	1.14617	-0.154744	0.485707	0	6.04801	0	0	0	0	0	3.71664	-0.014054	0.0223781	0	0	0.351411	0.122803	0	0	0.192401	-0.049454	-0.671428
2016-01-10 00:00:00	-27.2957	-0.0185823	0.282104	0	0.628281	-0.368576	1.08823	0	14.6032	0	0	0	0	0	8.27733	-0.0142338	0.0228876	0	0	0.465043	0.161067	0	0	0.182953	-0.069972	-2.0559
2016-01-11 00:00:00	-4	-0.013434	0.283649	0	-0.892259	-0.139653	0.423095	0	6.04582	0	0	0	0	0	-1.30357	-0.0144064	0.0233682	0	0	0.488429	0.167262	0	0	0.196358	-0.0540963	1.21056
2016-01-12 00:00:00	-18.5856	-0.0206777	0.260369	0	0.52189	-0.237294	0.795863	0	10.379	0	0	0	0	0	4.62255	-0.0145379	0.0236775	0	0	0.485871	0.164948	0	0	0.192324	-0.0644516	-1.47603
2016-01-13 00:00:00	-1.18585	-0.0296935	0.27444	0	-1.20589	-0.0907531	0.2707	0	4.19349	0	0	0	0	0	-1.94974	-0.0146223	0.0239377	0	0	0.449902	0.152643	0	0	0.204381	-0.0480476	1.0449
2016-01-14 00:00:00	-1.57852	-0.000794612	0.225442	0	-0.0601584	-0.0713972	0.172047	0	2.3925	0	0	0	0	0	-1.06446	-0.0146678	0.0240953	0	0	0.381735	0.130945	0	0	0.209743	-0.0415307	0.704976
2016-01-15 00:00:00	-1.60172	-0.0139253	0.220717	0	0.00907896	-0.0440362	0.148557	0	1.6753	0	0	0	0	0	-0.504244	-0.0146734	0.0242347	0	0	0.321817	0.112233	0	0	0.212285	-0.0371464	0.508481
2016-01-16 00:00:00	0	-0.176678	0.181389	0	-0.631037	-0.0256805	0.0824385	0	1.06295	0	0	0	0	0	-0.678059	-0.0146988	0.0244626	0	0	0.267574	0.0953187	0	0	0.215181	-0.0314435	0.371717
2016-01-17 00:00:00	-0.721759	0.0887698	0.262654	0	0.0210659	-0.0176173	0.0577925	0	0.566283	0	0	0	0	0	-0.350293	-0.0147355	0.0245309	0	0	0.227889	0.0832049	0	0	0.216733	-0.0265897	0.417928
2016-01-18 00:00:00	-5.17493	0.0379856	0.236512	0	0.64346	-0.053812	0.215382	0	2.05052	0	0	0	0	0	1.36396	-0.0147745	0.0246476	0	0	0.214344	0.079512	0	0	0.213435	-0.0346876	-0.198451
2016-01-19 00:00:00	-3.14867	-0.0157744	0.247006	0	-0.0808272	-0.0463568	0.180397	0	1.75011	0	0	0	0	0	0.676104	-0.0148254	0.0249279	0	0	0.216203	0.0817046	0	0	0.215578	-0.0293696	0.0562121
2016-01-20 00:00:00	-1.9631	-0.119835	0.267258	0	-0.540791	-0.0420857	0.167468	0	1.36904	0	0	0	0	0	0.327117	-0.0148455	0.0252368	0	0	0.214458	0.0833015	0	0	0.217608	-0.0245817	-0.0337503
2016-01-21 00:00:00	-1.60317	0.0912319	0.341883	0	0.0911032	-0.0264377	0.102205	0	0.919443	0	0	0	0	0	0.0151207	-0.0148638	0.0254054	0	0	0.196507	0.0781456	0	0	0.217266	-0.0246925	0.409147
2016-01-22 00:00:00	-2.99165	-0.0129413	0.44103	0	0.253356	-0.0325413	0.131323	0	1.16586	0	0	0	0	0	0.65204	-0.0148796	0.0255063	0	0	0.174945	0.0710495	0	0	0.215363	-0.0289692	0.0494925
2016-01-23 00:00:00	-0.644653	-0.0173972	0.441705	0	-0.435634	-0.0145539	0.0543865	0	0.656008	0	0	0	0	0	-0.223196	-0.0148843	0.0255134	0	0	0.153412	0.0642079	0	0	0.216446	-0.025834	0.235526
2016-01-24 00:00:00	-2.02616	-0.0128696	0.50893	0	0.06487	-0.0213822	0.0910627	0	0.736235	0	0	0	0	0	0.42022	-0.014887	0.0255073	0	0	0.137481	0.0595578	0	0	0.216676	-0.0244484	0.160797
2016-01-25 00:00:00	-2.1306	-0.00839273	0.470891	0	0.10686	-0.0232342	0.0857882	0	0.841337	0	0	0	0	0	0.380905	-0.0148975	0.0255583	0	0	0.126182	0.0560442	0	0	0.215696	-0.0259592	0.106179
2016-01-26 00:00:00	-9.31384	-0.0998592	0.477414	0	0.823384	-0.117128	0.292513	0	3.72656	0	0	0	0	0	3.012	-0.0149209	0.0256894	0	0	0.147601	0.063509	0	0	0.209487	-0.0375836	-0.805169
2016-01-27 00:00:00	-14.3415	-0.0769378	0.409015	0	0.647817	-0.226453	0.516363	0	7.5758	0	0	0	0	0	4.26875	-0.0150404	0.0261299	0	0	0.228983	0.0936032	0	0	0.203809	-0.0482957	-0.737934
2016-01-28 00:00:00	-4.65548	0.136567	0.437005	0	-0.700788	-0.108055	0.288572	0	4.14676	0	0	0	0	0	0.0246231	-0.015148	0.0262993	0	0	0.254738	0.102136	0	0	0.209149	-0.0425564	0.103822
2016-01-29 00:00:00	-10.3454	-0.00722381	0.452894	0	0.528322	-0.157027	0.451099	0	5.98795	0	0	0	0	0	2.32089	-0.0152337	0.0264512	0	0	0.265747	0.105547	0	0	0.206576	-0.0493502	-0.228793
2016-01-30 00:00:00	-1.57556	-0.0113602	0.353885	0	-0.517808	-0.0503166	0.163617	0	2.30388	0	0	0	0	0	-0.835267	-0.0152625	0.0265606	0	0	0.251266	0.09936	0	0	0.214235	-0.0382982	0.368926
2016-01-31 00:00:00	-11.7883	-0.0192644	0.395403	0	0.576347	-0.165467	0.458668	0	5.89139	0	0	0	0	0	3.19969	-0.0153236	0.0267034	0	0	0.269332	0.10661	0	0	0.208894	-0.0487448	-0.904046
2016-02-01 00:00:00	-12.4706	-0.00552662	0.506803	0	0.706936	-0.191127	0.548511	0	7.66202	0	0	0	0	0	2.72736	-0.0153928	0.0270046	0	0	0.322362	0.12553	0	0	0.207172	-0.0536934	0.0973761
2016-02-02 00:00:00	-7.10288	-0.0183407	0.457691	0	-0.847941	-0.142356	0.348962	0	6.14336	0	0	0	0	0	0.422812	-0.0154911	0.0271258	0	0	0.316902	0.12033	0	0	0.209843	-0.0540522	-0.134039
2016-02-03 00:00:00	-0.969347	-0.0106684	0.452727	0	-0.726678	-0.0576788	0.143396	0	2.46907	0	0	0	0	0	-1.19387	-0.0155037	0.0271108	0	0	0.275115	0.10483	0	0	0.218989	-0.0405229	0.676973
2016-02-04 00:00:00	-2.93308	-0.0112632	0.522883	0	0.201543	-0.0533447	0.155617	0	1.81853	0	0	0	0	0	0.00509423	-0.0155133	0.0271303	0	0	0.242326	0.0941444	0	0	0.22229	-0.0353596	0.240996
2016-02-05 00:00:00	-7.43747	-0.0260813	0.54855	0	0.361076	-0.0950821	0.298852	0	3.84245	0	0	0	0	0	1.56733	-0.0155257	0.0273178	0	0	0.232142	0.0906025	0	0	0.216695	-0.0455879	-0.434729
2016-02-06 00:00:00	-1.04622	0.000210741	0.505567	0	-0.673129	-0.0453255	0.139963	0	2.01227	0	0	0	0	0	-0.75094	-0.015554	0.0273613	0	0	0.211403	0.0835671	0	0	0.221654	-0.0374342	0.633394
2016-02-07 00:00:00	-3.99193	-0.00239744	0.478119	0	0.57373	-0.0555135	0.16941	0	2.04107	0	0	0	0	0	0.584831	-0.0155748	0.0273523	0	0	0.189058	0.0758842	0	0	0.222387	-0.036995	0.259429
2016-02-08 00:00:00	-2.66519	-0.0229872	0.524572	0	-0.408895	-0.0457763	0.136557	0	1.93221	0	0	0	0	0	0.116366	-0.0155933	0.0273364	0	0	0.168808	0.0687215	0	0	0.222341	-0.03788	0.000588044
2016-02-09 00:00:00	-8.30093	-0.00595133	0.513994	0	0.816263	-0.10769	0.310315	0	4.25948	0	0	0	0	0	1.92111	-0.0156107	0.0273657	0	0	0.166368	0.0672965	0	0	0.216774	-0.047566	-0.178796
2016-02-10 00:00:00	-0.100781	-0.350895	0.473764	0	-1.03962	-0.0360605	0.100874	0	1.812	0	0	0	0	0	-0.832211	-0.0156093	0.0273926	0	0	0.152833	0.0624802	0	0	0.223603	-0.0365948	0.441172
2016-02-11 00:00:00	-0.357145	-0.120837	0.474075	0	-0.338421	-0.0156256	0.0458483	0	0.565302	0	0	0	0	0	-0.386283	-0.0155992	0.0273771	0	0	0.129051	0.0550082	0	0	0.228788	-0.0259476	0.265591
2016-02-12 00:00:00	-0.145435	-0.25513	0.435641	0	-0.357755	-0.0113897	0.0361803	0	0.398724	0	0	0	0	0	-0.190243	-0.0155863	0.0273848	0	0	0.107265	0.0483381	0	0	0.229048	-0.0232064	0.283836
2016-02-13 00:00:00	-8.03289	0.683253	0.45298	0	1.3841	-0.0594808	0.23323	0	2.45196	0	0	0	0	0	2.16259	-0.0155924	0.0274478	0	0	0.110973	0.0495906	0	0	0.223179	-0.0339934	-0.362655
2016-02-14 00:00:00	-2.41242	-0.0170631	0.478687	0	-0.375874	-0.0401616	0.133188	0	1.9003	0	0	0	0	0	0.0313141	-0.0155943	0.0275295	0	0	0.117766	0.0514743	0	0	0.222929	-0.0363489	0.0657268
2016-02-15 00:00:00	-0.422522	-0.173819	0.436384	0	-0.365003	-0.0134325	0.0463064	0	0.755021	0	0	0	0	0	-0.242279	-0.0155699	0.0275334	0	0	0.095884	0.0446444	0	0	0.226966	-0.0286334	0.37148
2016-02-16 00:00:00	-8.20988	0.13964	0.566622	0	0.379006	-0.100725	0.391987	0	2.72228	0	0	0	0	0	2.65019	-0.0156266	0.0277036	0	0	0.142603	0.0660144	0	0	0.225222	-0.0304941	-1.04546
2016-02-17 00:00:00	-10.1386	-0.00310937	0.504631	0	0.814975	-0.146032	0.49897	0	5.11057	0	0	0	0	0	2.44955	-0.0157028	0.0279375	0	0	0.207289	0.0936088	0	0	0.217671	-0.0455734	-0.423793
2016-02-18 00:00:00	-0.345435	-0.165412	0.502206	0	-1.21181	-0.0446664	0.14842	0	2.08661	0	0	0	0	0	-0.986731	-0.0157324	0.0280531	0	0	0.201679	0.0910198	0	0	0.223761	-0.0363956	0.475571
2016-02-19 00:00:00	-2.69453	0.139942	0.63892	0	0.33964	-0.0340568	0.107669	0	1.13083	0	0	0	0	0	0.101955	-0.0157378	0.0280804	0	0	0.176501	0.0806792	0	0	0.226987	-0.0296145	0.197265
2016-02-20 00:00:00	-5.57618	-0.00841878	0.642929	0	0.356138	-0.06937	0.210969	0	2.78661	0	0	0	0	0	1.12217	-0.0157496	0.0280919	0	0	0.167234	0.0755765	0	0	0.222091	-0.0389951	-0.0969026
2016-02-21 00:00:00	-5.0569	-0.00597101	0.683965	0	0.0700047	-0.0705842	0.210464	0	3.00022	0	0	0	0	0	0.75931	-0.0157575	0.0281263	0	0	0.164203	0.0725915	0	0	0.221409	-0.0406449	0.0204371
2016-02-22 00:00:00	-0.159199	-0.428608	0.623013	0	-0.411155	-0.016126	0.0478956	0	0.999777	0	0	0	0	0	-0.502233	-0.0157476	0.0281025	0	0	0.137461	0.0621492	0	0	0.227401	-0.0300652	0.562667
2016-02-23 00:00:00	-0.0816026	-0.396798	0.516143	0	-0.77689	-0.0210505	0.0682132	0	0.716082	0	0	0	0	0	-0.326214	-0.015744	0.028092	0	0	0.126165	0.0582816	0	0	0.228469	-0.0252854	0.0978611
2016-02-24 00:00:00	-0.05998	-0.307856	0.518791	0	-0.342828	-0.0105621	0.0377254	0	0.350216	0	0	0	0	0	-0.120987	-0.01573	0.0281056	0	0	0.104339	0.050722	0	0	0.229207	-0.0213001	0.439863
2016-02-25 00:00:00	0	-0.0930998	0.559559	0	-0.404338	-0.00572398	0.0181469	0	0.181236	0	0	0	0	0	-0.113956	-0.0157186	0.0280777	0	0	0.0881494	0.0458929	0	0	0.228427	-0.0194518	0.497201
2016-02-26 00:00:00	-0.0893068	-0.0723868	0.568787	0	-0.299737	-0.00428919	0.0116733	0	0.105222	0	0	0	0	0	-0.0417454	-0.0157022	0.0280416	0	0	0.070436	0.0410028	0	0	0.227694	-0.0176591	0.51203
2016-02-27 00:00:00	0	-0.0861411	0.534513	0	-0.249226	-0.00375248	0.0108433	0	0.0750823	0	0	0	0	0	0.0493151	-0.0156858	0.0279909	0	0	0.0557278	0.0368592	0	0	0.226223	-0.0166579	0.645091
2016-02-28 00:00:00	-0.155347	-0.0688901	0.617831	0	-0.186159	-0.00422137	0.0126165	0	0.0937038	0	0	0	0	0	0.0711592	-0.015673	0.0279503	0	0	0.046393	0.0339016	0	0	0.224167	-0.0162136	0.681219
2016-02-29 00:00:00	-3.91614	1.28516	0.681993	0	0.555435	-0.0115266	0.0477581	0	0.250761	0	0	0	0	0	0.805387	-0.0156663	0.0279211	0	0	0.0444381	0.0321745	0	0	0.222007	-0.0163484	-0.00665109
2016-03-01 00:00:00	-12.7988	0.104031	0.843746	0	2.33013	-0.0916065	0.336296	0	3.61144	0	0	0	0	0	3.75612	-0.0156992	0.0279871	0	0	0.074456	0.0416213	0	0	0.211712	-0.0389225	-1.60745
2016-03-02 00:00:00	-1.05842	-0.0161961	0.744946	0	-1.04216	-0.0352847	0.110341	0	1.88631	0	0	0	0	0	-0.695703	-0.0157149	0.0280082	0	0	0.093437	0.047119	0	0	0.21603	-0.0344861	0.228224
2016-03-03 00:00:00	-1.08505	-0.0818605	0.718599	0	-0.173006	-0.021308	0.0627714	0	0.744308	0	0	0	0	0	-0.198904	-0.0157091	0.0279863	0	0	0.081693	0.0431299	0	0	0.220247	-0.0265698	0.296332
2016-03-04 00:00:00	-7.21286	0.0733919	0.745521	0	0.882214	-0.0662752	0.241223	0	2.55302	0	0	0	0	0	1.88706	-0.0157183	0.0280101	0	0	0.0934454	0.0471699	0	0	0.216083	-0.0344572	-0.562179
2016-03-05 00:00:00	-0.989852	-0.0457777	0.794659	0	-0.689837	-0.0270703	0.098566	0	1.37165	0	0	0	0	0	-0.512275	-0.0157301	0.0280199	0	0	0.101186	0.0496142	0	0	0.219452	-0.0293308	0.353272
2016-03-06 00:00:00	-0.205415	-0.417249	0.663868	0	-0.292866	-0.00904718	0.0341715	0	0.392155	0	0	0	0	0	-0.204181	-0.0157336	0.0279704	0	0	0.0846417	0.0441413	0	0	0.223198	-0.0217414	0.303912
2016-03-07 00:00:00	-2.01762	0.43973	0.953474	0	-0.157416	-0.0138739	0.0509856	0	0.458025	0	0	0	0	0	0.11469	-0.01573	0.0279526	0	0	0.078213	0.0420406	0	0	0.222277	-0.0207496	0.162001
2016-03-08 00:00:00	-3.67466	0.00206423	0.807046	0	0.432723	-0.0323397	0.127603	0	1.07775	0	0	0	0	0	0.900566	-0.0157309	0.0279484	0	0	0.0797377	0.0428528	0	0	0.218912	-0.026274	-0.0317982
2016-03-09 00:00:00	-2.82074	-0.0146741	0.813541	0	-0.0365011	-0.0295355	0.11833	0	1.14997	0	0	0	0	0	0.470125	-0.0157327	0.0279487	0	0	0.0846666	0.0448754	0	0	0.217709	-0.0282127	-0.0182349
2016-03-10 00:00:00	-0.304633	-0.466985	0.822002	0	-0.37922	-0.0119703	0.0483211	0	0.512911	0	0	0	0	0	-0.201024	-0.0157257	0.0279201	0	0	0.0786839	0.0429013	0	0	0.219314	-0.0229467	0.349549
2016-03-11 00:00:00	-1.59599	0.340566	0.871493	0	-0.114558	-0.00836648	0.0305971	0	0.2686	0	0	0	0	0	0.0798909	-0.0157118	0.0278769	0	0	0.0676102	0.0389746	0	0	0.219893	-0.0195474	0.191325
2016-03-12 00:00:00	-0.25998	-0.664381	1.07351	0	-0.348277	-0.00931611	0.0350753	0	0.295462	0	0	0	0	0	0.0522341	-0.0157076	0.0278523	0	0	0.062196	0.0371018	0	0	0.218289	-0.0187202	0.485342
2016-03-13 00:00:00	-0.0992187	-0.323311	0.980523	0	-0.509943	-0.00447097	0.0156713	0	0.149399	0	0	0	0	0	-0.0415203	-0.0156969	0.027807	0	0	0.0542072	0.0344493	0	0	0.217461	-0.0168705	0.468488
2016-03-14 00:00:00	0	-0.210918	1.2812	0	-0.696281	-0.00190454	0.00505597	0	0.046431	0	0	0	0	0	-0.110068	-0.0156737	0.0277416	0	0	0.0426979	0.0314079	0	0	0.216256	-0.0155423	0.600406
2016-03-15 00:00:00	0	-0.114075	0.864186	0	-0.320202	-0.00225371	0.00530902	0	0.0267983	0	0	0	0	0	0.0530331	-0.0156595	0.0277022	0	0	0.0362984	0.028954	0	0	0.213451	-0.0148267	0.788715
2016-03-16 00:00:00	-0.211711	-0.0819267	0.984978	0	-0.208962	-0.00218575	0.00534516	0	0.0391535	0	0	0	0	0	0.00211963	-0.01564	0.0276411	0	0	0.0306115	0.0263685	0	0	0.211357	-0.0146447	0.792506
2016-03-17 00:00:00	-0.230889	-0.0531246	0.933719	0	-0.174399	-0.00222017	0.00573566	0	0.0300549	0	0	0	0	0	0.0704879	-0.015622	0.0275862	0	0	0.0260438	0.0244285	0	0	0.209345	-0.0142565	0.836889
2016-03-18 00:00:00	-0.05998	-0.0804017	0.989808	0	-0.320499	-0.00163093	0.00360451	0	0.0287478	0	0	0	0	0	0.0512812	-0.0156019	0.0275154	0	0	0.0223284	0.0228212	0	0	0.207621	-0.0139892	0.861625
2016-03-19 00:00:00	0	-0.0837175	0.995204	0	-0.25541	-0.000808879	0.000964407	0	0.00968117	0	0	0	0	0	0.0405409	-0.015578	0.0274357	0	0	0.0184659	0.0208211	0	0	0.206056	-0.0135813	0.950074
2016-03-20 00:00:00	0	-0.0940479	1.10443	0	0.0242459	-0.00198601	0.00606763	0	0.0154778	0	0	0	0	0	-0.114083	-0.0155679	0.027407	0	0	0.0169141	0.0199117	0	0	0.202933	-0.0133277	1.17838
2016-03-21 00:00:00	0	-0.0498906	1.10114	0	-0.181046	-0.00131961	0.00223635	0	0.0254503	0	0	0	0	0	-0.00195646	-0.0155456	0.0273287	0	0	0.0148385	0.0187765	0	0	0.200699	-0.0134263	1.12728
2016-03-22 00:00:00	-0.0408013	-0.00190052	1.1297	0	-0.176658	-3.15838E-05	0.00040812	0	0.00431398	0	0	0	0	0	0.000472575	-0.0155205	0.027251	0	0	0.01243	0.017548	0	0	0.199167	-0.0126649	1.14371
2016-03-23 00:00:00	-0.349287	0	1.12705	0	0.131739	-0.000491297	0.00477323	0	0.00269663	0	0	0	0	0	-0.0443656	-0.0155109	0.0272125	0	0	0.0120113	0.0172468	0	0	0.196327	-0.0121846	1.09722
2016-03-24 00:00:00	-3.13445	1.05973	1.25649	0	0.207698	-0.00255116	0.0109381	0	0.0556754	0	0	0	0	0	0.40265	-0.0155036	0.0271714	0	0	0.0128929	0.0175932	0	0	0.194259	-0.0123209	0.0802712
2016-03-25 00:00:00	0	-0.971875	1.22491	0	-0.0473219	-0.0027875	0.0103794	0	0.0627452	0	0	0	0	0	0.161605	-0.0154949	0.027125	0	0	0.0148575	0.0183731	0	0	0.192822	-0.0126169	0.662722
2016-03-26 00:00:00	-4.23607	1.12837	1.3886	0	0.314301	-0.00602126	0.0246921	0	0.106855	0	0	0	0	0	0.691469	-0.0154906	0.0270873	0	0	0.017221	0.0191743	0	0	0.19088	-0.0128796	-0.361811
2016-03-27 00:00:00	-11.363	0.58239	1.2414	0	2.48658	-0.0273608	0.0933426	0	0.949337	0	0	0	0	0	3.08838	-0.0155168	0.0271264	0	0	0.0299502	0.0247233	0	0	0.188753	-0.0191212	-2.71296
2016-03-28 00:00:00	-0.403852	-0.659271	1.13832	0	-0.416184	-0.0148188	0.049464	0	0.782834	0	0	0	0	0	-0.386041	-0.0155281	0.0271332	0	0	0.0398897	0.0289662	0	0	0.188953	-0.0228858	0.336983
2016-03-29 00:00:00	-1.60727	0.127367	1.14339	0	-0.162501	-0.0102574	0.0396331	0	0.339817	0	0	0	0	0	0.103737	-0.015515	0.0270997	0	0	0.0390535	0.0288155	0	0	0.191421	-0.0170589	0.227732
2016-03-30 00:00:00	-0.05998	-0.537689	1.18704	0	-0.332021	-0.0042397	0.0181029	0	0.171189	0	0	0	0	0	-0.0883493	-0.0154935	0.0270442	0	0	0.0371033	0.0283918	0	0	0.191616	-0.015413	0.607301
2016-03-31 00:00:00	-2.23363	0.60256	1.15508	0	0.0807373	-0.0091576	0.0318026	0	0.20138	0	0	0	0	0	0.219118	-0.0154877	0.0270245	0	0	0.0358769	0.0278453	0	0	0.19019	-0.0148853	0.298449
2016-04-01 00:00:00	-0.644653	-0.400274	1.26447	0	-0.238559	-0.00402138	0.0136225	0	0.186483	0	0	0	0	0	0.0240832	-0.0154768	0.0269748	0	0	0.0334317	0.0268272	0	0	0.189092	-0.0153458	0.446655
2016-04-02 00:00:00	-1.98223	0.444688	1.48967	0	0.011951	-0.00518767	0.017153	0	0.138313	0	0	0	0	0	0.101259	-0.015466	0.0269095	0	0	0.0310943	0.0259999	0	0	0.188013	-0.0147268	0.457436
2016-04-03 00:00:00	-0.603852	-0.575187	1.41996	0	-0.150635	-0.00444835	0.0162003	0	0.125157	0	0	0	0	0	0.0863985	-0.015446	0.0268608	0	0	0.0294476	0.0252898	0	0	0.186856	-0.0144603	0.552143
2016-04-04 00:00:00	-7.04651	0.989695	1.52216	0	0.967287	-0.0255946	0.0961653	0	0.749671	0	0	0	0	0	1.64916	-0.0154473	0.0268694	0	0	0.0366226	0.0274603	0	0	0.18464	-0.0179401	-0.855758
2016-04-05 00:00:00	-5.05636	0.0235486	1.50956	0	0.424545	-0.0341466	0.123905	0	1.30826	0	0	0	0	0	1.01478	-0.0154678	0.0268939	0	0	0.0500647	0.0330984	0	0	0.181667	-0.0265309	-0.436193
2016-04-06 00:00:00	-4.29115	-0.0172809	1.37446	0	0.158305	-0.0329317	0.109384	0	1.31993	0	0	0	0	0	0.719767	-0.0154761	0.0268905	0	0	0.0545156	0.0345671	0	0	0.181252	-0.0294743	-0.407242
2016-04-07 00:00:00	-6.82517	0.0181025	1.43902	0	0.449674	-0.0583069	0.1972	0	2.29543	0	0	0	0	0	1.53638	-0.0154919	0.0269157	0	0	0.0634808	0.0380527	0	0	0.180469	-0.0343501	-0.688582
2016-04-08 00:00:00	-0.850068	-0.566287	1.455	0	-0.729835	-0.0207107	0.0690763	0	1.00296	0	0	0	0	0	-0.487489	-0.015492	0.0269118	0	0	0.0663129	0.0391899	0	0	0.185983	-0.026843	0.148709
2016-04-09 00:00:00	-3.46612	0.562683	1.4239	0	0.255664	-0.0224524	0.0716062	0	0.684599	0	0	0	0	0	0.349922	-0.015481	0.0268906	0	0	0.0618943	0.0373247	0	0	0.188781	-0.0231276	0.136084
2016-04-10 00:00:00	-3.61904	-0.055361	1.3663	0	-0.0752512	-0.029442	0.100479	0	1.12976	0	0	0	0	0	0.643634	-0.0154764	0.026895	0	0	0.066363	0.0389936	0	0	0.188019	-0.0246208	-0.258752
2016-04-11 00:00:00	-0.0446534	-0.954689	1.45503	0	-0.576587	-0.0120645	0.0425361	0	0.519853	0	0	0	0	0	-0.284624	-0.0154672	0.0268763	0	0	0.0645621	0.0382948	0	0	0.189974	-0.0200745	0.428971
2016-04-12 00:00:00	-4.10299	0.985789	1.4641	0	0.455601	-0.0129709	0.0563238	0	0.405703	0	0	0	0	0	0.529489	-0.0154363	0.0268532	0	0	0.0594153	0.0360795	0	0	0.190629	-0.0183138	0.0602772
2016-04-13 00:00:00	-3.17441	0.0161144	1.26466	0	0.108177	-0.0177978	0.101542	0	0.921112	0	0	0	0	0	0.527275	-0.0154254	0.026847	0	0	0.0610074	0.0362311	0	0	0.18831	-0.0234959	0.0201546
2016-04-14 00:00:00	-0.669892	-0.811279	1.59921	0	-0.363352	-0.006878	0.0338055	0	0.415142	0	0	0	0	0	-0.18263	-0.0154105	0.0268254	0	0	0.0570249	0.0345642	0	0	0.189548	-0.0203035	0.286378
2016-04-15 00:00:00	-3.61914	0.81569	1.39147	0	0.293649	-0.0110222	0.0534282	0	0.434589	0	0	0	0	0	0.509618	-0.0154004	0.0267955	0	0	0.0528592	0.0326203	0	0	0.190188	-0.0186007	0.136737
2016-04-16 00:00:00	-0.765258	-0.508625	1.3352	0	-0.376718	-0.00779403	0.0339701	0	0.436272	0	0	0	0	0	-0.0744758	-0.0153899	0.0267704	0	0	0.0505465	0.0315514	0	0	0.189246	-0.0199864	0.33531
2016-04-17 00:00:00	-0.186236	-0.607137	1.52029	0	-0.641199	-0.00347107	0.0134621	0	0.132338	0	0	0	0	0	-0.0666933	-0.0153672	0.0267241	0	0	0.0448002	0.0297615	0	0	0.190357	-0.0160575	0.421571
2016-04-18 00:00:00	-0.825475	-0.150185	1.6892	0	-0.433192	-0.00142843	0.00290737	0	0.0340655	0	0	0	0	0	-0.0722879	-0.0153446	0.0266807	0	0	0.0377094	0.0280109	0	0	0.189924	-0.0143506	0.496231
2016-04-19 00:00:00	0	-0.199814	1.7958	0	-0.963647	-0.000973012	0.000827044	0	0.0214044	0	0	0	0	0	-0.118909	-0.0153257	0.0266111	0	0	0.0296482	0.0245134	0	0	0.189081	-0.0137726	0.775446
2016-04-20 00:00:00	0	-0.244853	2.92271	0	-0.938252	-0.000657667	0.000502073	0	0.00747071	0	0	0	0	0	-0.585853	-0.0152905	0.0265732	0	0	0.0225437	0.0208848	0	0	0.187819	-0.0131533	1.39045
2016-04-21 00:00:00	-0.0446534	-0.0961109	2.00748	0	-0.0221762	-0.00109822	0.00204667	0	0.00955342	0	0	0	0	0	-0.332623	-0.0152759	0.0265404	0	0	0.0189235	0.0190645	0	0	0.185423	-0.0128871	1.7442
2016-04-22 00:00:00	0	0	1.37892	0	-0.059632	-8.45332E-05	0.00111626	0	0.00458708	0	0	0	0	0	-0.174177	-0.0151976	0.0264614	0	0	0.0156634	0.0173797	0	0	0.184322	-0.0122451	1.36711
2016-04-23 00:00:00	-0.0953666	0	1.39136	0	-0.0575887	-7.33593E-05	0.00124452	0	0.00186268	0	0	0	0	0	-0.111679	-0.0151819	0.0264056	0	0	0.0142502	0.0165544	0	0	0.182395	-0.0116686	1.34252
2016-04-24 00:00:00	-1.20141	0	1.62178	0	0.0572316	-8.62284E-05	0.00180552	0	0.00206834	0	0	0	0	0	0.105534	-0.015155	0.0263688	0	0	0.0139114	0.0165327	0	0	0.18051	-0.0115181	0.797571
2016-04-25 00:00:00	-0.155347	0	1.4667	0	-0.0829658	-5.54716E-05	0.000995684	0	0.00494796	0	0	0	0	0	-0.11488	-0.0151354	0.0263258	0	0	0.0137884	0.0163613	0	0	0.17875	-0.0114678	1.32802
2016-04-26 00:00:00	-2.3696	0.666865	1.54508	0	0.182089	-0.000255019	0.00333802	0	0.00426226	0	0	0	0	0	0.200045	-0.0151165	0.0262782	0	0	0.0139599	0.0165892	0	0	0.177052	-0.0113632	0.439222
2016-04-27 00:00:00	-1.57324	-0.0666188	1.5297	0	0.0683137	-0.00144247	0.00605427	0	0.0345634	0	0	0	0	0	0.215299	-0.0151071	0.0262581	0	0	0.0153049	0.0172137	0	0	0.175018	-0.0114421	0.419882
2016-04-28 00:00:00	-1.29449	-0.138441	1.44317	0	0.0852856	-0.00157709	0.00699998	0	0.0355899	0	0	0	0	0	0.159025	-0.0150923	0.0262184	0	0	0.0171263	0.0180308	0	0	0.173608	-0.0115352	0.503925
2016-04-29 00:00:00	-10.8362	0.963095	1.50559	0	1.93709	-0.00768663	0.0230474	0	0.449253	0	0	0	0	0	2.6481	-0.0151021	0.0262106	0	0	0.0214052	0.0184247	0	0	0.171982	-0.0128877	-3.10774
2016-04-30 00:00:00	-5.01216	-0.303306	1.77093	0	0.047539	-0.0226602	0.0900853	0	0.838844	0	0	0	0	0	1.24261	-0.0151213	0.0262689	0	0	0.039248	0.0248893	0	0	0.172571	-0.0162672	-1.11653
2016-05-01 00:00:00	-8.96426	-0.192029	2.09963	0	-0.119449	-0.0966186	0.400029	0	2.3953	0	0	0	0	0	2.6828	-0.0151839	0.0264671	0	0	0.0947418	0.0538031	0	0	0.174079	-0.0150443	-1.47574
2016-05-02 00:00:00	-5.89838	0.936356	2.16739	0	0.591492	-0.0453677	0.178139	0	1.2131	0	0	0	0	0	0.336776	-0.0152173	0.0265738	0	0	0.130433	0.0710012	0	0	0.174606	-0.0164656	-0.14956
2016-05-03 00:00:00	-5.04977	0.0127026	1.96934	0	0.384577	-0.0358292	0.116491	0	1.31709	0	0	0	0	0	0.573872	-0.0152274	0.0265732	0	0	0.123834	0.0662657	0	0	0.172874	-0.0226737	-0.359879
2016-05-04 00:00:00	0	-1.1796	2.14774	0	-0.866145	-0.0123485	0.0427517	0	0.577806	0	0	0	0	0	-0.580047	-0.0152214	0.0265477	0	0	0.108978	0.0591746	0	0	0.174431	-0.020145	0.463923
2016-05-05 00:00:00	0	-0.299251	2.08504	0	-0.757124	-0.00238745	0.00619677	0	0.0544669	0	0	0	0	0	-0.634474	-0.0152003	0.0265007	0	0	0.0853009	0.0500664	0	0	0.17597	-0.0154276	0.759678
2016-05-06 00:00:00	0	-0.177866	2.07476	0	-0.662315	-0.0036805	0.00793152	0	0.0469379	0	0	0	0	0	-0.469292	-0.0151828	0.026467	0	0	0.070603	0.0435572	0	0	0.174959	-0.0145258	1.10235
2016-05-07 00:00:00	-0.403852	-0.116911	1.90275	0	-0.125673	-0.00132671	0.00191943	0	0.0193423	0	0	0	0	0	-0.277651	-0.0151413	0.0263942	0	0	0.0525245	0.0353172	0	0	0.17418	-0.0139472	1.25793
2016-05-08 00:00:00	-0.145435	-0.104924	2.22286	0	-0.442904	-0.00252522	0.00574569	0	0.0262791	0	0	0	0	0	-0.497037	-0.0151292	0.0263681	0	0	0.0454764	0.0320797	0	0	0.172659	-0.0133882	1.31013
2016-05-09 00:00:00	-0.2	0	2.12486	0	-0.368157	0	6.75651E-07	0	0.00428757	0	0	0	0	0	-0.270073	-0.015091	0.0262862	0	0	0.0333733	0.0265224	0	0	0.171921	-0.0124589	1.52147
2016-05-10 00:00:00	-0.0545653	0	2.53447	0	-0.206925	-1.5135E-05	0.000111815	0	0.00113169	0	0	0	0	0	-0.602319	-0.0150678	0.0262575	0	0	0.026203	0.0229071	0	0	0.170475	-0.0117135	1.89095
2016-05-11 00:00:00	0	0	2.07305	0	-0.0402898	-3.90915E-05	0.000221792	0	0.000545467	0	0	0	0	0	-0.364057	-0.0150436	0.0262002	0	0	0.0207983	0.0201554	0	0	0.168681	-0.0113416	1.87888
2016-05-12 00:00:00	0	0	2.06363	0	-0.0223754	-4.18809E-05	0.000280469	0	0.000291506	0	0	0	0	0	-0.335302	-0.0150159	0.0261589	0	0	0.0169449	0.0180453	0	0	0.167001	-0.0110596	1.90856
2016-05-13 00:00:00	-0.0854547	0	1.77249	0	0.101941	-0.000148354	0.00171294	0	8.89977E-05	0	0	0	0	0	-0.256315	-0.0149986	0.0261107	0	0	0.0150785	0.0169565	0	0	0.164671	-0.0107093	1.73143
2016-05-14 00:00:00	0	0	3.8513	0	-0.166481	0	1.94655E-05	0	3.66318E-05	0	0	0	0	0	-0.91599	-0.0149479	0.0260229	0	0	0.0109248	0.0140449	0	0	0.163301	-0.0105372	2.9577
2016-05-15 00:00:00	0	0	2.41802	0	-0.0938021	0	0	0	0	0	0	0	0	0	-0.34853	-0.0149243	0.0259266	0	0	0.00789736	0.0121061	0	0	0.161511	-0.010269	2.15794
2016-05-16 00:00:00	0	0	2.69864	0	-0.00983362	0	1.14466E-05	0	0	0	0	0	0	0	-0.70878	-0.0148851	0.0258712	0	0	0.00597926	0.0105001	0	0	0.15946	-0.0100801	2.15688
2016-05-17 00:00:00	-0.936422	0	2.72299	0	0.0272417	-2.58577E-05	0.000163669	0	0	0	0	0	0	0	-0.298307	-0.0148614	0.0258202	0	0	0.00538968	0.0102283	0	0	0.157152	-0.00984628	1.68952
2016-05-18 00:00:00	-10.0457	1.35356	2.64614	0	0.822212	-0.00170559	0.0143516	0	0.0118057	0	0	0	0	0	2.28322	-0.0148887	0.0258877	0	0	0.0144866	0.0159739	0	0	0.154774	-0.00990979	-2.72975
2016-05-19 00:00:00	-3.33572	-0.00269675	2.57466	0	0.099283	-0.00698664	0.0306569	0	0.0839924	0	0	0	0	0	0.262858	-0.0148914	0.0258879	0	0	0.0244236	0.0219997	0	0	0.154395	-0.0107483	-0.0928875
2016-05-20 00:00:00	-0.668543	-1.06773	2.57775	0	-0.133098	-0.00309346	0.0140277	0	0.0628657	0	0	0	0	0	-0.154402	-0.0148756	0.02585	0	0	0.0250434	0.0225143	0	0	0.154564	-0.0108085	0.83007
2016-05-21 00:00:00	-3.42258	0.693792	2.65127	0	0.185795	-0.00375238	0.0168148	0	0.0539285	0	0	0	0	0	0.20378	-0.0148546	0.0258049	0	0	0.0244843	0.0223172	0	0	0.154192	-0.0107166	0.58028
2016-05-22 00:00:00	-1.92473	-0.204372	2.42305	0	0.0111631	-0.0063067	0.032743	0	0.162539	0	0	0	0	0	0.0630919	-0.014839	0.0257835	0	0	0.0267339	0.0233733	0	0	0.153234	-0.0108053	0.760662
2016-05-23 00:00:00	0	-0.623486	2.44264	0	-0.298939	-0.00212165	0.0121829	0	0.0696182	0	0	0	0	0	-0.413607	-0.0148071	0.0257333	0	0	0.0261992	0.0235273	0	0	0.152572	-0.0107607	1.38875
2016-05-24 00:00:00	0	-0.0775601	2.13461	0	-0.358075	0	3.38945E-05	0	0.000347079	0	0	0	0	0	-0.409339	-0.0147649	0.0256504	0	0	0.0204339	0.0209868	0	0	0.151861	-0.0106199	1.48357
2016-05-25 00:00:00	0	-0.0502063	2.17014	0	-0.167848	-1.6393E-05	0.00013563	0	0	0	0	0	0	0	-0.666186	-0.014741	0.0255959	0	0	0.0167293	0.0187706	0	0	0.150215	-0.0104001	1.47218
2016-05-26 00:00:00	-2.97562	1.16949	1.30676	0	0.292504	-0.000206063	0.00251488	0	1.95013E-05	0	0	0	0	0	0.201449	-0.0147223	0.0255625	0	0	0.0163186	0.0186307	0	0	0.147922	-0.0100926	0.180522
2016-05-27 00:00:00	-0.497165	-1.17929	2.44632	0	-0.0160945	-0.000888054	0.00419098	0	0.00819124	0	0	0	0	0	-0.175308	-0.0147037	0.0255148	0	0	0.0165768	0.0186154	0	0	0.146516	-0.0100634	0.772406
2016-05-28 00:00:00	0	-0.0115851	2.28983	0	-0.27957	-2.93501E-06	0.000112859	0	0.000346455	0	0	0	0	0	-0.481634	-0.0146307	0.0254352	0	0	0.0135088	0.0165745	0	0	0.145786	-0.0100019	1.69417
2016-05-29 00:00:00	-0.145435	0	2.50924	0	-0.0956898	0	0	0	0	0	0	0	0	0	-0.846351	-0.0145788	0.025378	0	0	0.010918	0.0148348	0	0	0.144	-0.00980048	1.59251
2016-05-30 00:00:00	-0.14002	0	2.22877	0	-0.0271772	-1.94584E-05	9.11951E-05	0	0	0	0	0	0	0	-0.615475	-0.0145506	0.0253107	0	0	0.00915119	0.0135588	0	0	0.142129	-0.00960374	1.61217
2016-05-31 00:00:00	-0.05998	0	2.81304	0	-0.0373691	-1.97735E-05	7.77495E-05	0	0	0	0	0	0	0	-0.852973	-0.0144995	0.0252197	0	0	0.00743506	0.0122503	0	0	0.140565	-0.00946149	2.02429
2016-06-01 00:00:00	0	0	2.33122	0	-0.00758195	-2.99044E-05	0.000129753	0	0	0	0	0	0	0	-0.697675	-0.0144432	0.0251544	0	0	0.00623633	0.0113068	0	0	0.138772	-0.00931287	1.78377
2016-06-02 00:00:00	0	0	2.92006	0	-0.0208888	-1.48059E-05	6.58931E-05	0	0	0	0	0	0	0	-0.965092	-0.0143602	0.0250921	0	0	0.00481596	0.0101686	0	0	0.137133	-0.00916524	2.08782
2016-06-03 00:00:00	0	0	3.61477	0	-0.0267236	0	1.85057E-05	0	0	0	0	0	0	0	-1.25304	-0.0142684	0.0250302	0	0	0.00334948	0.00865278	0	0	0.135206	-0.00898341	2.48401
2016-06-04 00:00:00	-0.2	0	2.47775	0	0.00372937	-2.75835E-05	0.000103413	0	0	0	0	0	0	0	-0.724827	-0.0142447	0.0249733	0	0	0.00292047	0.00822846	0	0	0.13321	-0.00880077	1.70301
2016-06-05 00:00:00	0	0	3.02188	0	-0.0108823	-9.80628E-06	4.57717E-05	0	0	0	0	0	0	0	-1.08479	-0.0142122	0.024863	0	0	0.00245671	0.00761119	0	0	0.131451	-0.00870767	2.06971
2016-06-06 00:00:00	-0.23992	0	4.18791	0	-0.0196145	0	0	0	0	0	0	0	0	0	-1.44523	-0.0141942	0.0248045	0	0	0.00193757	0.00673291	0	0	0.129712	-0.00858891	2.62356
2016-06-07 00:00:00	-0.648483	0	4.49295	0	-0.0131147	0	0	0	0	0	0	0	0	0	-1.43588	-0.0141235	0.0247337	0	0	0.00143998	0.00602523	0	0	0.127999	-0.00846137	2.53308
2016-06-08 00:00:00	0	0	2.46437	0	0.00255339	-1.85012E-05	3.37009E-05	0	0	0	0	0	0	0	-0.917665	-0.0140844	0.024663	0	0	0.0014161	0.00592931	0	0	0.126271	-0.00834995	1.68512
2016-06-09 00:00:00	-0.114545	0	3.15484	0	-0.00490829	-6.9723E-06	2.90738E-05	0	0	0	0	0	0	0	-1.22059	-0.0139857	0.0245822	0	0	0.00127346	0.0056578	0	0	0.124599	-0.00828645	1.94865
2016-06-10 00:00:00	-0.2	0	2.52811	0	0.0018813	-2.41E-05	6.02111E-05	0	0	0	0	0	0	0	-0.935729	-0.0139499	0.0245368	0	0	0.00130891	0.00569559	0	0	0.122865	-0.00821558	1.52654
2016-06-11 00:00:00	-1.50105	0.150168	2.77666	0	0.0185553	-8.69977E-05	0.000239836	0	0	0	0	0	0	0	-0.550025	-0.0139242	0.0244494	0	0	0.00176304	0.00670746	0	0	0.121202	-0.00816665	1.0265
2016-06-12 00:00:00	-4.92785	0.728572	3.15096	0	0.0645919	-0.000198779	0.00101826	0	0	0	0	0	0	0	0.354999	-0.0139222	0.0244203	0	0	0.00268441	0.00786322	0	0	0.119652	-0.00820808	-0.495428
2016-06-13 00:00:00	-1.21781	-0.585661	2.91001	0	0.00366907	-8.44364E-05	0.000538832	0	0	0	0	0	0	0	-0.36551	-0.0138949	0.0243734	0	0	0.00345794	0.00913293	0	0	0.118675	-0.00834265	0.878552
2016-06-14 00:00:00	-3.22432	0.310578	2.69695	0	0.0652352	-9.56786E-05	0.000813889	0	0	0	0	0	0	0	0.0958661	-0.0138753	0.0242879	0	0	0.00418825	0.0104366	0	0	0.118057	-0.00837929	0.07974
2016-06-15 00:00:00	-3.39631	0.196129	2.96001	0	-0.024306	-6.08427E-05	0.000620662	0	6.87885E-06	0	0	0	0	0	0.0782433	-0.0138612	0.0241688	0	0	0.00443156	0.0109073	0	0	0.116925	-0.0084426	-0.051533
2016-06-16 00:00:00	-2.43582	-0.0639849	2.60773	0	0.0385324	-8.74881E-05	0.00109259	0	0	0	0	0	0	0	-0.213877	-0.0138234	0.0241296	0	0	0.00470895	0.0115299	0	0	0.116303	-0.00847175	0.0679595
2016-06-17 00:00:00	-1.73302	-0.552958	2.6876	0	-0.004032	-5.14851E-05	0.000654138	0	0	0	0	0	0	0	-0.112907	-0.0137938	0.0241007	0	0	0.00483815	0.0116732	0	0	0.115273	-0.00847611	0.418901
2016-06-18 00:00:00	0	-0.174542	2.50271	0	-0.020535	-3.97702E-05	0.000255738	0	0	0	0	0	0	0	-1.27189	-0.0137615	0.0239956	0	0	0.00447717	0.011102	0	0	0.114684	-0.00846746	1.16799
2016-06-19 00:00:00	-7.86495	1.63018	3.07709	0	0.162457	-0.000213785	0.00367743	0	3.71522E-06	0	0	0	0	0	1.48432	-0.0137563	0.0239995	0	0	0.00658922	0.0131917	0	0	0.1136	-0.00842242	-1.37224
2016-06-20 00:00:00	-2.06583	-1.02984	3.21735	0	-0.00573314	-8.70308E-05	0.0017142	0	0.000227814	0	0	0	0	0	-0.0224056	-0.0137533	0.0239825	0	0	0.00836954	0.0151951	0	0	0.113147	-0.00871008	0.233631
2016-06-21 00:00:00	0	-0.5511	2.70016	0	-0.0675686	-3.16118E-05	0.000286684	0	3.86821E-05	0	0	0	0	0	-1.14965	-0.013728	0.0239216	0	0	0.00789976	0.0152015	0	0	0.112541	-0.00871611	1.06926
2016-06-22 00:00:00	-0.14002	-0.0523316	2.78091	0	-0.151602	0	0	0	0	0	0	0	0	0	-1.02287	-0.0136751	0.0238604	0	0	0.00643254	0.0134949	0	0	0.111782	-0.00863334	1.54735
2016-06-23 00:00:00	0	-0.0053218	2.84183	0	-0.0461895	0	0	0	0	0	0	0	0	0	-1.56927	-0.0136501	0.023813	0	0	0.00527379	0.0120329	0	0	0.110912	-0.00849605	1.35094
2016-06-24 00:00:00	-11.8431	1.92565	3.0776	0	0.532917	-0.000368019	0.0117334	0	0.00294071	0	0	0	0	0	3.21514	-0.0136762	0.0238928	0	0	0.00974913	0.0162989	0	0	0.109733	-0.00841693	-2.9399
2016-06-25 00:00:00	-4.30772	0.0647551	3.13372	0	-0.0110067	-0.00393278	0.02147	0	0.0271393	0	0	0	0	0	0.417626	-0.0136755	0.0238855	0	0	0.0128795	0.0193571	0	0	0.10988	-0.00891365	-0.514538
2016-06-26 00:00:00	-4.06177	-0.107196	3.2688	0	0.0654063	-0.0044958	0.0233846	0	0.0299453	0	0	0	0	0	0.346426	-0.0136692	0.0238601	0	0	0.0139794	0.0203084	0	0	0.110196	-0.0089897	-0.293821
2016-06-27 00:00:00	0	-1.55567	2.93634	0	-0.124787	-0.00185457	0.00940455	0	0.0197907	0	0	0	0	0	-0.747062	-0.0136499	0.0238247	0	0	0.0142608	0.0205793	0	0	0.110574	-0.0090415	0.682701
2016-06-28 00:00:00	-1.76799	-0.0636517	2.78656	0	0.0625227	-0.000336802	0.00188791	0	0.00341952	0	0	0	0	0	-0.569373	-0.0136061	0.0237424	0	0	0.0130856	0.0197662	0	0	0.110471	-0.00895209	0.597542
2016-06-29 00:00:00	-4.69628	1.06809	3.10949	0	0.0808082	-0.00402716	0.0198896	0	0.0504765	0	0	0	0	0	0.299762	-0.0135722	0.0236717	0	0	0.0134719	0.0196065	0	0	0.109773	-0.00889261	0.072272
2016-06-30 00:00:00	-5.05229	0.328985	3.07258	0	0.0738233	-0.0057444	0.0285344	0	0.102503	0	0	0	0	0	0.777031	-0.0135665	0.023671	0	0	0.0157333	0.0209384	0	0	0.10976	-0.00905568	-0.527096
2016-07-01 00:00:00	-7.10123	0.423609	2.93233	0	0.129277	-0.00883523	0.0427664	0	0.189657	0	0	0	0	0	1.64587	-0.0135606	0.0236715	0	0	0.019447	0.0236861	0	0	0.110568	-0.00931049	-1.59206
2016-07-02 00:00:00	-3.58466	-0.113042	3.02013	0	-0.0184851	-0.00504582	0.0256201	0	0.146159	0	0	0	0	0	0.117471	-0.0135554	0.0236527	0	0	0.0213931	0.0249137	0	0	0.111443	-0.00943085	-0.253427
2016-07-03 00:00:00	-0.732806	-1.53885	3.09608	0	-0.0822408	-0.00223217	0.0115752	0	0.0731829	0	0	0	0	0	-0.571498	-0.0135244	0.0236142	0	0	0.0203761	0.0239968	0	0	0.111978	-0.00931429	0.410333
2016-07-04 00:00:00	-12.3531	2.04092	3.22182	0	0.328203	-0.0132539	0.0715476	0	0.358469	0	0	0	0	0	3.2855	-0.0135375	0.0236097	0	0	0.0235556	0.0261288	0	0	0.111903	-0.00946027	-2.89768
2016-07-05 00:00:00	-0.403148	-1.76455	3.0675	0	-0.244779	-0.00450882	0.0252251	0	0.175454	0	0	0	0	0	-0.742834	-0.0135442	0.0236117	0	0	0.0278267	0.0290294	0	0	0.112773	-0.0096883	0.278371
2016-07-06 00:00:00	-0.752199	-0.317854	3.00314	0	-0.163677	-7.57605E-05	0.000676205	0	0.010949	0	0	0	0	0	-1.06771	-0.0135234	0.0235525	0	0	0.0230844	0.0258633	0	0	0.113047	-0.00944681	0.875832
2016-07-07 00:00:00	-0.808563	-0.284426	3.19186	0	-0.34911	-8.72114E-05	0.000258361	0	0.00166262	0	0	0	0	0	-0.739083	-0.0134755	0.0234935	0	0	0.0187935	0.0224793	0	0	0.112701	-0.00924147	1.16726
2016-07-08 00:00:00	-6.98674	1.71097	3.34041	0	0.545589	-0.00443531	0.0215511	0	0.060435	0	0	0	0	0	0.743457	-0.0134759	0.0234977	0	0	0.0210223	0.0235907	0	0	0.112201	-0.00907186	-0.410995
2016-07-09 00:00:00	-2.72399	-0.660708	3.42487	0	-0.0150731	-0.00416251	0.0216131	0	0.117812	0	0	0	0	0	-0.112991	-0.0134549	0.0234761	0	0	0.022979	0.0249286	0	0	0.111853	-0.00929596	0.207861
2016-07-10 00:00:00	-1.38262	-1.01807	3.47426	0	-0.278796	-0.000831088	0.00463227	0	0.0380346	0	0	0	0	0	-0.396826	-0.0134358	0.0233948	0	0	0.0200102	0.0232911	0	0	0.11176	-0.00920301	0.595601
2016-07-11 00:00:00	-0.683656	-0.0783269	3.09902	0	-0.107325	-6.62655E-05	0.000660387	0	0.00031578	0	0	0	0	0	-1.44534	-0.0133982	0.0233586	0	0	0.0177312	0.0216431	0	0	0.111164	-0.00896567	0.936811
2016-07-12 00:00:00	-0.17994	-0.044386	2.89549	0	-0.276562	0	2.33207E-05	0	0	0	0	0	0	0	-1.22685	-0.0133563	0.0232772	0	0	0.0136888	0.0185763	0	0	0.110835	-0.00880254	1.312
2016-07-13 00:00:00	-1.26721	-0.00992455	2.79666	0	0.0483403	-1.5717E-05	8.71783E-05	0	0	0	0	0	0	0	-1.04868	-0.0133171	0.0232416	0	0	0.0127406	0.017924	0	0	0.110269	-0.00857443	0.661536
2016-07-14 00:00:00	0	-0.00658674	4.25231	0	-0.169931	0	8.49515E-06	0	0	0	0	0	0	0	-2.38771	-0.0132705	0.0231728	0	0	0.00910546	0.0151187	0	0	0.109488	-0.00848219	1.82323
2016-07-15 00:00:00	-11.3592	2.34224	3.35565	0	0.759022	-0.00292921	0.0171744	0	0.0238306	0	0	0	0	0	2.7257	-0.0132844	0.0232006	0	0	0.0160546	0.0198485	0	0	0.108695	-0.00833343	-1.99235
2016-07-16 00:00:00	-0.0545653	-1.98085	3.21015	0	-0.226349	-0.00345095	0.0158844	0	0.0788655	0	0	0	0	0	-0.665948	-0.0132793	0.0231769	0	0	0.0199234	0.0228164	0	0	0.108761	-0.00895018	0.526189
2016-07-17 00:00:00	-0.05998	-0.28337	3.04114	0	-0.191171	-2.83229E-05	0.000192747	0	0.000595702	0	0	0	0	0	-1.57359	-0.0132629	0.0230801	0	0	0.0156337	0.0200224	0	0	0.108568	-0.00884908	1.07898
2016-07-18 00:00:00	-0.2	-0.0734467	3.33682	0	-0.30599	0	3.77054E-05	0	0	0	0	0	0	0	-1.5849	-0.0131904	0.0229671	0	0	0.0118303	0.0172757	0	0	0.107922	-0.00857441	1.31075
2016-07-19 00:00:00	-0.05998	-0.00445945	5.48138	0	-0.112108	0	3.40174E-06	0	0	0	0	0	0	0	-3.30386	-0.0131605	0.0229036	0	0	0.00699231	0.0137064	0	0	0.107356	-0.00831881	2.13045
2016-07-20 00:00:00	-19.0645	2.86025	3.81255	0	1.16405	-0.012153	0.0564856	0	0.226631	0	0	0	0	0	6.28687	-0.0131846	0.0230213	0	0	0.0195699	0.0226055	0	0	0.106466	-0.00833608	-4.51972
2016-07-21 00:00:00	-0.05998	-2.0908	3.45715	0	-0.372431	-0.00702302	0.0355362	0	0.253655	0	0	0	0	0	-1.06682	-0.0131926	0.0230324	0	0	0.0296102	0.0294733	0	0	0.107109	-0.00940678	0.315911
2016-07-22 00:00:00	-0.892219	-0.307679	3.28962	0	-0.128839	-0.000101429	0.00056763	0	0.0070293	0	0	0	0	0	-1.15943	-0.0131638	0.0229553	0	0	0.0234654	0.0255794	0	0	0.107427	-0.00916728	0.966052
2016-07-23 00:00:00	0	-0.344438	2.9535	0	-0.306494	-0.000332433	0.00138417	0	0.00234029	0	0	0	0	0	-1.40047	-0.0131463	0.022915	0	0	0.0201251	0.0232732	0	0	0.106904	-0.0088385	1.05672
2016-07-24 00:00:00	-3.76619	0.576932	3.48377	0	0.208247	-0.00018464	0.0011535	0	0.000313105	0	0	0	0	0	-0.315432	-0.0131368	0.0228374	0	0	0.0175601	0.0212689	0	0	0.106569	-0.00867006	0.335032
2016-07-25 00:00:00	-4.90909	1.09023	3.39683	0	0.0722301	-0.00259514	0.0106559	0	0.0449525	0	0	0	0	0	0.165869	-0.0131155	0.0228118	0	0	0.0174664	0.0210276	0	0	0.106018	-0.00861241	0.0146696
2016-07-26 00:00:00	-8.48257	0.70372	3.33032	0	0.424676	-0.01149	0.0553143	0	0.268829	0	0	0	0	0	2.22177	-0.0131244	0.0228145	0	0	0.0236565	0.025044	0	0	0.105877	-0.00890635	-1.33407
2016-07-27 00:00:00	-1.84535	-1.12337	3.22441	0	-0.0690565	-0.0060263	0.0317195	0	0.201439	0	0	0	0	0	-0.446758	-0.013123	0.0228088	0	0	0.0286031	0.0283488	0	0	0.106025	-0.00922702	0.130439
2016-07-28 00:00:00	-0.37994	-1.06618	2.89451	0	-0.165131	-0.00377687	0.0195976	0	0.0985754	0	0	0	0	0	-0.939455	-0.0131101	0.0227672	0	0	0.0270057	0.0272021	0	0	0.105992	-0.00908976	0.618966
2016-07-29 00:00:00	0	-0.175597	2.87486	0	-0.458591	-0.000205564	0.000868218	0	0.00603451	0	0	0	0	0	-1.40872	-0.0130847	0.0226865	0	0	0.0210709	0.0237691	0	0	0.105863	-0.00893412	0.990023
2016-07-30 00:00:00	0	-0.069108	2.84143	0	-0.212531	0	4.83313E-05	0	0	0	0	0	0	0	-1.90093	-0.0130653	0.0226423	0	0	0.0165461	0.0207974	0	0	0.10537	-0.00869517	0.802501
2016-07-31 00:00:00	-0.803616	-0.0278115	2.79308	0	0.00568182	0	6.70006E-05	0	0	0	0	0	0	0	-1.37895	-0.0130193	0.0225694	0	0	0.0139288	0.0190269	0	0	0.104617	-0.00841031	0.727163
2016-08-01 00:00:00	0	-0.0174256	2.82769	0	-0.0488085	0	2.35973E-05	0	0	0	0	0	0	0	-1.89257	-0.0129826	0.0224642	0	0	0.0107797	0.016813	0	0	0.103988	-0.00823268	1.00173
2016-08-02 00:00:00	-2.21965	-0.00458284	3.35895	0	0.0575757	-1.75097E-05	0.000110102	0	0	0	0	0	0	0	-0.908086	-0.0129494	0.0223683	0	0	0.0104601	0.0165921	0	0	0.103325	-0.00801894	0.416078
2016-08-03 00:00:00	-7.08502	2.25006	3.32026	0	0.20115	-0.000148115	0.00147811	0	0.000113042	0	0	0	0	0	0.674658	-0.0129407	0.0223525	0	0	0.0115884	0.0170896	0	0	0.102495	-0.00799244	-0.504858
2016-08-04 00:00:00	-3.54162	-0.249825	3.34576	0	0.10118	-0.00138496	0.00565844	0	0.0108928	0	0	0	0	0	0.106104	-0.0129351	0.022326	0	0	0.0141642	0.0187081	0	0	0.102195	-0.00814973	-0.0869283
2016-08-05 00:00:00	-5.12316	0.386322	3.02917	0	0.214444	-0.00344524	0.0179649	0	0.0582809	0	0	0	0	0	0.83246	-0.0129249	0.0222978	0	0	0.0181857	0.0215015	0	0	0.10204	-0.00834333	-0.445207
2016-08-06 00:00:00	-0.412415	-2.11931	3.73489	0	-0.165036	-0.00223682	0.0109682	0	0.0478607	0	0	0	0	0	-0.748877	-0.0129132	0.022256	0	0	0.0196949	0.0226726	0	0	0.101982	-0.00856995	0.490963
2016-08-07 00:00:00	-4.84745	1.46314	3.17593	0	0.183176	-0.000515266	0.00316377	0	0.0054794	0	0	0	0	0	-0.169793	-0.0128906	0.0222085	0	0	0.0182195	0.0218053	0	0	0.101836	-0.00846407	-0.0441579
2016-08-08 00:00:00	-1.31527	-1.01969	2.76206	0	-0.0322781	-0.00272591	0.0126914	0	0.0644609	0	0	0	0	0	-0.371175	-0.0128903	0.0221023	0	0	0.0180666	0.0214953	0	0	0.101273	-0.00845159	0.239665
2016-08-09 00:00:00	-7.66201	2.13738	2.7068	0	0.239797	-0.00383525	0.0193389	0	0.0931516	0	0	0	0	0	1.48178	-0.0128675	0.0220836	0	0	0.0190523	0.0218739	0	0	0.101088	-0.00845814	-0.844819
2016-08-10 00:00:00	-12.594	0.37294	2.56169	0	0.283234	-0.0195254	0.0910447	0	0.572649	0	0	0	0	0	5.22881	-0.0128944	0.0221142	0	0	0.0300038	0.0288704	0	0	0.10125	-0.00910648	-3.34296
2016-08-11 00:00:00	-12.8312	0.0233362	3.16612	0	0.252473	-0.0235261	0.111877	0	0.763264	0	0	0	0	0	4.68402	-0.0129364	0.0221938	0	0	0.0441563	0.0375983	0	0	0.10248	-0.00988907	-3.67001
2016-08-12 00:00:00	-8.67881	0.0301304	3.04165	0	0.0693892	-0.0207532	0.106496	0	0.680785	0	0	0	0	0	2.21969	-0.0129702	0.0222368	0	0	0.0521905	0.0423399	0	0	0.103715	-0.0102413	-2.35415
2016-08-13 00:00:00	-2.23343	-0.802542	3.08156	0	-0.0827602	-0.00900224	0.0439659	0	0.312755	0	0	0	0	0	-0.707869	-0.0129788	0.0222269	0	0	0.0512397	0.0412768	0	0	0.104756	-0.0100034	-0.200809
2016-08-14 00:00:00	-0.104633	-1.55132	2.94559	0	-0.31782	-0.00430999	0.0217744	0	0.169587	0	0	0	0	0	-0.935755	-0.0129716	0.0221924	0	0	0.0452791	0.0374733	0	0	0.105154	-0.00966656	0.410568
2016-08-15 00:00:00	0	-0.374543	3.09845	0	-0.438646	-1.86633E-05	0.000430984	0	0.00992782	0	0	0	0	0	-1.64067	-0.0129553	0.022143	0	0	0.0354603	0.0319735	0	0	0.105334	-0.00931057	0.827577
2016-08-16 00:00:00	-0.0953666	-0.505498	4.72037	0	-0.532241	-6.1921E-07	3.83778E-05	0	0.00032123	0	0	0	0	0	-1.99561	-0.0129304	0.0220779	0	0	0.0242841	0.0252618	0	0	0.105118	-0.00902849	1.74679
2016-08-17 00:00:00	0	-0.0226347	4.19418	0	-0.090336	0	1.42901E-07	0	0	0	0	0	0	0	-2.3774	-0.0129115	0.0220348	0	0	0.0168998	0.0209958	0	0	0.10478	-0.00863036	1.84698
2016-08-18 00:00:00	-0.0953666	-0.0134442	3.10723	0	-0.00808874	0	0	0	0	0	0	0	0	0	-1.49586	-0.0128927	0.0219469	0	0	0.0122784	0.0181038	0	0	0.104166	-0.00825874	1.62982
2016-08-19 00:00:00	-4.46934	1.02229	2.76698	0	0.151009	0	4.65685E-07	0	0	0	0	0	0	0	0.397104	-0.0128862	0.021922	0	0	0.0148674	0.0195759	0	0	0.103542	-0.00798216	0.00708533
2016-08-20 00:00:00	-7.99634	1.42193	2.93133	0	0.572112	-0.00331808	0.0163006	0	0.0293162	0	0	0	0	0	1.89491	-0.0128926	0.0219398	0	0	0.0222694	0.0246104	0	0	0.103056	-0.00835962	-0.983131
2016-08-21 00:00:00	-0.303071	-2.01722	2.85305	0	-0.0219615	-0.00377205	0.0178267	0	0.0720766	0	0	0	0	0	-0.470862	-0.0128888	0.021928	0	0	0.0276135	0.0278646	0	0	0.103394	-0.00881457	0.285161
2016-08-22 00:00:00	-1.05842	-0.256344	3.13959	0	-0.169275	-0.000363209	0.00174056	0	0.0143349	0	0	0	0	0	-1.1426	-0.0128712	0.0218692	0	0	0.0235156	0.0255723	0	0	0.103261	-0.00869597	0.68131
2016-08-23 00:00:00	-0.473744	-0.10822	2.5478	0	-0.147344	-5.7968E-05	0.000238982	0	0.000695216	0	0	0	0	0	-1.33561	-0.0128538	0.0218108	0	0	0.0191718	0.022724	0	0	0.102855	-0.00848398	0.628981
2016-08-24 00:00:00	-0.14002	-0.0646221	3.43393	0	-0.284571	0	2.06026E-05	0	7.27432E-06	0	0	0	0	0	-1.78303	-0.0128321	0.0217149	0	0	0.013492	0.0192044	0	0	0.10233	-0.00831231	1.29731
2016-08-25 00:00:00	-0.0992187	-0.00606246	2.39525	0	-0.027418	0	1.95837E-05	0	0	0	0	0	0	0	-1.62696	-0.0128114	0.0216708	0	0	0.0104807	0.017278	0	0	0.101812	-0.00799648	0.766041
2016-08-26 00:00:00	-0.763932	-0.0002978	2.44996	0	0.00433616	0	2.82251E-05	0	0	0	0	0	0	0	-1.11745	-0.0127757	0.0216228	0	0	0.00857485	0.0158512	0	0	0.100952	-0.00780186	0.699072
2016-08-27 00:00:00	-0.05998	0	3.12939	0	-0.0407178	0	6.84638E-07	0	0	0	0	0	0	0	-2.07181	-0.0127422	0.0215371	0	0	0.00649975	0.0142523	0	0	0.100423	-0.00767212	1.07917
2016-08-28 00:00:00	-1.36575	0.000307036	2.43946	0	0.0496746	0	0.000133446	0	0	0	0	0	0	0	-0.832185	-0.0127104	0.0215211	0	0	0.00638856	0.0140276	0	0	0.0996252	-0.00752745	0.412966
2016-08-29 00:00:00	0	-0.000307036	2.60258	0	-0.028281	0	3.01614E-05	0	0	0	0	0	0	0	-1.7741	-0.0126623	0.0214388	0	0	0.00530822	0.0130445	0	0	0.0988615	-0.00749231	0.918417
2016-08-30 00:00:00	0	0	2.70372	0	-0.0184541	0	2.80137E-05	0	0	0	0	0	0	0	-1.88313	-0.012631	0.0213497	0	0	0.00427419	0.0120677	0	0	0.0979655	-0.00737391	0.917812
2016-08-31 00:00:00	-0.818497	0	2.5692	0	0.00734682	0	9.00561E-05	0	0	0	0	0	0	0	-1.2804	-0.0126076	0.0212953	0	0	0.00371021	0.011469	0	0	0.0969995	-0.00727324	0.591341
2016-09-01 00:00:00	-0.778377	0	2.40623	0	0.0118641	0	7.87448E-05	0	0	0	0	0	0	0	-1.24914	-0.0125844	0.0212421	0	0	0.00377989	0.0114632	0	0	0.0961546	-0.0071801	0.503535
2016-09-02 00:00:00	-1.27286	0	2.31007	0	0.0293816	0	0.000102246	0	0	0	0	0	0	0	-0.920698	-0.0125745	0.021206	0	0	0.00454083	0.0121074	0	0	0.0952865	-0.00715884	0.259398
2016-09-03 00:00:00	-4.68491	2.11173	2.26934	0	0.0893751	-8.0928E-06	0.000824939	0	0	0	0	0	0	0	-0.0906829	-0.0125549	0.0211873	0	0	0.00532039	0.0126923	0	0	0.094473	-0.00723757	-0.190448
2016-09-04 00:00:00	-0.415327	-1.49464	2.27818	0	0.00819975	-3.0333E-05	0.000561038	0	1.13434E-05	0	0	0	0	0	-0.395335	-0.0125345	0.021149	0	0	0.00666019	0.0137574	0	0	0.0939633	-0.00733736	0.0972791
2016-09-05 00:00:00	-0.349051	-0.604182	2.37363	0	-0.00305127	-2.77946E-05	0.000429806	0	8.60174E-05	0	0	0	0	0	-1.23317	-0.0125176	0.0210921	0	0	0.00741398	0.0143591	0	0	0.0934404	-0.00739504	0.301066
2016-09-06 00:00:00	-0.0446534	-0.0127623	2.6729	0	-0.0354542	0	1.19604E-05	0	1.52648E-07	0	0	0	0	0	-1.9181	-0.0124799	0.0209963	0	0	0.0061437	0.0136527	0	0	0.0930517	-0.00739708	0.775904
2016-09-07 00:00:00	0	0	2.44473	0	-0.0636599	0	4.85258E-05	0	0	0	0	0	0	0	-1.98498	-0.0124563	0.0209251	0	0	0.00525618	0.0128611	0	0	0.0921224	-0.00725254	0.507593
2016-09-08 00:00:00	-8.61226	2.99169	2.42465	0	0.188425	-8.90498E-05	0.00145486	0	6.22093E-06	0	0	0	0	0	1.69377	-0.012443	0.0209052	0	0	0.00838397	0.015704	0	0	0.0915532	-0.00719725	-1.19544
2016-09-09 00:00:00	-6.17416	0.462392	2.39849	0	0.124324	-0.00108962	0.00610008	0	0.00927421	0	0	0	0	0	1.96038	-0.0124474	0.0208825	0	0	0.0121638	0.0187595	0	0	0.0913465	-0.00762059	-1.09121
2016-09-10 00:00:00	0	-2.02981	2.17771	0	0.0288059	-0.00127144	0.00592094	0	0.0281474	0	0	0	0	0	-0.351933	-0.012443	0.0208519	0	0	0.0145702	0.0202313	0	0	0.0914837	-0.00786172	-0.0156004
2016-09-11 00:00:00	0	-0.76952	2.08462	0	-0.0632933	-0.000819004	0.00415966	0	0.0172295	0	0	0	0	0	-0.96385	-0.0124278	0.0208158	0	0	0.0139394	0.0197364	0	0	0.091352	-0.00781479	0.434124
2016-09-12 00:00:00	-1.63206	-0.0754622	2.39942	0	0.0144175	-0.00047703	0.00205724	0	0.00621441	0	0	0	0	0	-0.633156	-0.0124165	0.0207529	0	0	0.0130776	0.0189987	0	0	0.0911459	-0.0077048	0.20481
2016-09-13 00:00:00	-0.05998	-0.240525	2.2571	0	-0.0477265	-0.000259846	0.0012169	0	0.00341469	0	0	0	0	0	-1.46351	-0.012388	0.0207207	0	0	0.0118146	0.0181795	0	0	0.0907656	-0.0076301	0.571186
2016-09-14 00:00:00	-0.808504	-0.119746	1.98051	0	-0.0295328	-2.36506E-06	0.000386579	0	0.00200398	0	0	0	0	0	-0.919611	-0.0123677	0.0206637	0	0	0.0100947	0.0167682	0	0	0.0904761	-0.00753192	0.223612
2016-09-15 00:00:00	-0.145435	-0.195708	2.95883	0	-0.18741	0	2.95617E-05	0	0.000220782	0	0	0	0	0	-1.6953	-0.0123453	0.0205941	0	0	0.00785222	0.0150556	0	0	0.0899314	-0.00743508	0.848882
2016-09-16 00:00:00	-4.0071	1.67736	2.00297	0	0.111714	0	0.000118687	0	0.000129138	0	0	0	0	0	-0.0655657	-0.0123407	0.0205444	0	0	0.00832469	0.0151561	0	0	0.0894397	-0.00730177	-0.166563
2016-09-17 00:00:00	0	-1.36924	1.94845	0	0.0895386	-2.92464E-05	0.00152312	0	0.000618615	0	0	0	0	0	-0.61606	-0.0123318	0.0205175	0	0	0.0085721	0.0153218	0	0	0.0887935	-0.00731559	0.168359
2016-09-18 00:00:00	-0.25998	-0.279396	1.93159	0	-0.0697968	-4.12484E-07	0.000188223	0	0.0101713	0	0	0	0	0	-1.13671	-0.0123098	0.0204612	0	0	0.00784648	0.0147606	0	0	0.0883239	-0.00731397	0.30784
2016-09-19 00:00:00	0	-0.0509119	1.73226	0	-0.0768196	0	0	0	9.69158E-05	0	0	0	0	0	-1.23258	-0.0122789	0.0203877	0	0	0.0069198	0.0139414	0	0	0.0879781	-0.00723003	0.481766
2016-09-20 00:00:00	0	-0.00126398	1.85584	0	-0.0326316	0	3.76763E-05	0	0	0	0	0	0	0	-1.6566	-0.0122668	0.0203346	0	0	0.00607665	0.013203	0	0	0.0874013	-0.00715894	0.272968
2016-09-21 00:00:00	-4.26837	1.57351	2.50377	0	0.0921204	-1.98739E-06	0.000381745	0	0.000121028	0	0	0	0	0	-0.0482352	-0.0122516	0.0202733	0	0	0.00689708	0.0136318	0	0	0.0868388	-0.00706564	-0.0383819
2016-09-22 00:00:00	-7.54168	1.84573	1.76165	0	0.1945	-0.00139638	0.00683701	0	0.0347773	0	0	0	0	0	2.34094	-0.0122594	0.0202594	0	0	0.00903195	0.0154185	0	0	0.0863635	-0.00726365	-1.24709
2016-09-23 00:00:00	-0.145435	-1.46961	1.71662	0	0.000338474	-0.00148431	0.00706076	0	0.0428712	0	0	0	0	0	-0.278228	-0.0122527	0.0202089	0	0	0.0126348	0.0180873	0	0	0.0864974	-0.00756141	-0.0102534
2016-09-24 00:00:00	-0.419415	-1.21242	2.01949	0	-0.0183527	-0.000991318	0.00498045	0	0.0263101	0	0	0	0	0	-0.370545	-0.0122399	0.0201656	0	0	0.013041	0.0181396	0	0	0.0865844	-0.00752923	0.147221
2016-09-25 00:00:00	-4.27062	2.28775	1.71055	0	0.0935491	-0.000576382	0.00328464	0	0.0181571	0	0	0	0	0	-0.0204055	-0.0122133	0.0201145	0	0	0.0130634	0.0179664	0	0	0.0864753	-0.00749405	-0.0604024
2016-09-26 00:00:00	-0.853684	-0.523036	1.41532	0	-0.0452491	-0.00184741	0.00948424	0	0.0453108	0	0	0	0	0	-0.0942799	-0.0122103	0.0200868	0	0	0.0132414	0.0179392	0	0	0.0860569	-0.00753108	0.0695976
2016-09-27 00:00:00	-0.330108	-1.28979	1.80994	0	-0.0262679	-0.000654128	0.00334088	0	0.0229559	0	0	0	0	0	-0.0307039	-0.0121942	0.020035	0	0	0.0135995	0.0178717	0	0	0.0859428	-0.00749423	0.276471
2016-09-28 00:00:00	-7.93121	2.47474	1.84395	0	0.1888	-0.00291677	0.0178921	0	0.0728433	0	0	0	0	0	1.95157	-0.0121969	0.0200104	0	0	0.0150526	0.019221	0	0	0.0856366	-0.00759989	-1.2642
2016-09-29 00:00:00	-7.32519	0.14738	1.64427	0	0.121399	-0.0048105	0.0278193	0	0.154211	0	0	0	0	0	3.41637	-0.0122123	0.0200009	0	0	0.0195975	0.022108	0	0	0.0858773	-0.00816141	-1.69135
2016-09-30 00:00:00	-0.858181	-0.516178	1.39745	0	-0.0145972	-0.00263396	0.0133194	0	0.0895321	0	0	0	0	0	-0.401157	-0.0122167	0.0199674	0	0	0.0215321	0.0229305	0	0	0.0865353	-0.00845096	-0.162145
2016-10-01 00:00:00	-0.851186	-0.50044	1.36658	0	-0.054904	-0.0017575	0.00841248	0	0.0564727	0	0	0	0	0	-0.128681	-0.0121961	0.0198902	0	0	0.020661	0.0220858	0	0	0.0867197	-0.0081618	0.0235
2016-10-02 00:00:00	-0.430889	-1.15955	1.67121	0	0.0153122	-0.0020766	0.0103825	0	0.0521421	0	0	0	0	0	-0.283248	-0.0121717	0.0198249	0	0	0.0199876	0.0214701	0	0	0.0866966	-0.00804418	0.00104689
2016-10-03 00:00:00	-0.0992187	-0.646921	1.62334	0	-0.153795	-0.000508556	0.00171562	0	0.0211025	0	0	0	0	0	-0.488543	-0.0121528	0.0197653	0	0	0.0174513	0.0201472	0	0	0.0866629	-0.00796503	0.38108
2016-10-04 00:00:00	0	-0.184528	1.50689	0	-0.0212321	-0.000333693	0.00131949	0	0.0084152	0	0	0	0	0	-1.20932	-0.0121423	0.0197471	0	0	0.0158592	0.0191964	0	0	0.086371	-0.00771561	0.222528
2016-10-05 00:00:00	0	-0.1644	1.47531	0	-0.143672	-9.13477E-05	3.98413E-05	0	0.00382509	0	0	0	0	0	-0.711693	-0.0121222	0.0196818	0	0	0.0133081	0.0175098	0	0	0.0862234	-0.00764051	0.576277
2016-10-06 00:00:00	0	-0.142	1.26941	0	0.0260594	-0.000128	0.00068847	0	0.00107741	0	0	0	0	0	-1.05244	-0.012106	0.0196457	0	0	0.0121903	0.0168036	0	0	0.0858347	-0.00744179	0.217593
2016-10-07 00:00:00	-0.100781	-0.143471	1.38883	0	-0.0720169	-9.77758E-05	8.55876E-05	0	0.00324369	0	0	0	0	0	-0.695069	-0.0120799	0.019595	0	0	0.0109407	0.0159287	0	0	0.0855824	-0.00742423	0.493262
2016-10-08 00:00:00	0	-0.124518	1.22622	0	0.0377154	-0.000243209	0.00103977	0	0.001226	0	0	0	0	0	-1.09334	-0.0120672	0.0195723	0	0	0.0101488	0.0154092	0	0	0.0851945	-0.00730639	0.159055
2016-10-09 00:00:00	0	-0.0989885	0.98145	0	0.0230555	-0.000188537	0.000937393	0	0.00442594	0	0	0	0	0	-0.852904	-0.0120505	0.0195111	0	0	0.00960019	0.0149551	0	0	0.0848641	-0.00729356	0.167375
2016-10-10 00:00:00	-0.635387	-0.0272249	1.01366	0	0.0286922	-0.000636719	0.00206339	0	0.0138019	0	0	0	0	0	-0.398046	-0.0120309	0.019485	0	0	0.00953107	0.0148314	0	0	0.0844086	-0.00727574	0.105877
2016-10-11 00:00:00	-1.50801	0.46157	1.1952	0	0.0266262	-0.000910447	0.00363384	0	0.0179203	0	0	0	0	0	-0.253779	-0.0120202	0.0194361	0	0	0.0100772	0.0150304	0	0	0.0841499	-0.00728886	0.0516281
2016-10-12 00:00:00	-1.3267	0.26652	1.18173	0	0.024379	-0.00113357	0.00477167	0	0.0230738	0	0	0	0	0	-0.273316	-0.0120075	0.0194022	0	0	0.0108442	0.0153475	0	0	0.0839558	-0.00730708	0.0095628
2016-10-13 00:00:00	-2.82772	1.02989	1.16267	0	0.0882367	-0.00172933	0.00829275	0	0.0374236	0	0	0	0	0	0.236953	-0.0119974	0.0193708	0	0	0.0125212	0.0166935	0	0	0.0837897	-0.00736735	-0.152971
2016-10-14 00:00:00	-3.61395	1.0466	1.17952	0	0.0649241	-0.00377449	0.0191845	0	0.0658049	0	0	0	0	0	0.814157	-0.0119933	0.0193302	0	0	0.0163156	0.0193538	0	0	0.0836981	-0.00760491	-0.308435
2016-10-15 00:00:00	-2.94255	0.179442	1.04301	0	0.087597	-0.00626916	0.0316366	0	0.118611	0	0	0	0	0	0.897711	-0.0119875	0.0193278	0	0	0.020731	0.0223384	0	0	0.0837684	-0.0079372	-0.464578
2016-10-16 00:00:00	-1.64671	0.0792719	1.02887	0	-0.00166675	-0.0040621	0.0191276	0	0.0896386	0	0	0	0	0	0.14753	-0.0119725	0.0192966	0	0	0.0233735	0.0238657	0	0	0.0842138	-0.00812934	-0.157349
2016-10-17 00:00:00	-1.72225	0.101804	1.12235	0	0.0174167	-0.00345421	0.0161189	0	0.0757325	0	0	0	0	0	0.16204	-0.0119644	0.0192603	0	0	0.0234163	0.0236864	0	0	0.084513	-0.00809822	-0.099433
2016-10-18 00:00:00	-7.63457	0.515962	0.948796	0	0.185239	-0.00860177	0.0435174	0	0.227429	0	0	0	0	0	3.83555	-0.0119723	0.0192492	0	0	0.0283362	0.0262864	0	0	0.0847374	-0.00837479	-1.74841
2016-10-19 00:00:00	0	-0.892518	0.952801	0	-0.0871517	-0.0047321	0.0207582	0	0.135077	0	0	0	0	0	-0.367407	-0.0119728	0.0192115	0	0	0.0316728	0.0277829	0	0	0.0856582	-0.00872244	-0.0995422
2016-10-20 00:00:00	-0.169111	-0.660604	0.885456	0	-0.00424229	-0.0031637	0.0137035	0	0.0765942	0	0	0	0	0	-0.248179	-0.0119428	0.0191747	0	0	0.0294087	0.0262071	0	0	0.0860932	-0.00840307	0.0309919
2016-10-21 00:00:00	0	-0.843826	0.910879	0	0.000640686	-0.00262243	0.0113873	0	0.0610032	0	0	0	0	0	-0.237692	-0.0119419	0.019127	0	0	0.0273024	0.0247715	0	0	0.0864696	-0.00824435	0.0372535
2016-10-22 00:00:00	-0.487017	-0.251743	0.801617	0	-0.0254025	-0.00198	0.00837544	0	0.0519578	0	0	0	0	0	-0.15157	-0.0119301	0.019083	0	0	0.0254095	0.0234838	0	0	0.0866232	-0.00815985	0.0787465
2016-10-23 00:00:00	-1.63183	0.816768	0.781267	0	0.0497768	-0.00246798	0.0109558	0	0.046413	0	0	0	0	0	-0.243615	-0.0119233	0.0190468	0	0	0.0239655	0.0224767	0	0	0.086515	-0.00803843	-0.0406848
2016-10-24 00:00:00	-0.390088	-0.234786	0.700461	0	0.00293692	-0.00182668	0.00789961	0	0.0544542	0	0	0	0	0	-0.242502	-0.0119163	0.0189987	0	0	0.0227823	0.0216495	0	0	0.0864264	-0.0080537	0.0264359
2016-10-25 00:00:00	-0.0545653	-0.46441	0.884806	0	-0.0600269	-0.00210457	0.00909279	0	0.0504537	0	0	0	0	0	-0.358178	-0.0119064	0.0189172	0	0	0.0218301	0.0210137	0	0	0.0864038	-0.00797359	0.133353
2016-10-26 00:00:00	-0.0854547	-0.361529	0.942918	0	0.0224498	-0.00101187	0.00468605	0	0.0209647	0	0	0	0	0	-0.569073	-0.0118898	0.0188899	0	0	0.0205478	0.0202389	0	0	0.086363	-0.00787348	0.100226
2016-10-27 00:00:00	-0.473744	-0.0618082	0.950739	0	-0.0374024	-0.00208277	0.0087303	0	0.0324934	0	0	0	0	0	-0.417654	-0.0118852	0.0188577	0	0	0.0196916	0.0198699	0	0	0.086151	-0.00779062	0.124166
2016-10-28 00:00:00	0	-0.112595	0.784388	0	-0.0444534	-0.000801727	0.00295153	0	0.0226381	0	0	0	0	0	-0.57616	-0.0118681	0.0188142	0	0	0.0178961	0.0191866	0	0	0.086088	-0.00778312	0.198301
2016-10-29 00:00:00	-0.330108	-0.049925	0.790357	0	-0.0344887	-0.000983882	0.00357794	0	0.0124243	0	0	0	0	0	-0.333446	-0.011858	0.0187848	0	0	0.0170897	0.0189021	0	0	0.085871	-0.00763833	0.178558
2016-10-30 00:00:00	-0.21777	-0.063066	0.757733	0	-0.0341473	-0.000699979	0.00248711	0	0.0144719	0	0	0	0	0	-0.397832	-0.0118491	0.0187333	0	0	0.0159488	0.0181977	0	0	0.0856722	-0.00762044	0.180259
2016-10-31 00:00:00	-4.30937	2.71605	0.816772	0	0.0809648	-0.00181823	0.00742041	0	0.0343699	0	0	0	0	0	0.424555	-0.0118391	0.0186865	0	0	0.0155803	0.0178201	0	0	0.0854763	-0.00759729	-0.112925
2016-11-01 00:00:00	-0.847097	-0.0102772	0.592772	0	0.00677013	-0.00195991	0.008265	0	0.0472269	0	0	0	0	0	0.0700449	-0.0118324	0.0186575	0	0	0.0159306	0.0177778	0	0	0.0854032	-0.00766271	-0.0159815
2016-11-02 00:00:00	-0.155347	-0.371019	0.545888	0	0.0112785	-0.00162517	0.00700259	0	0.0356633	0	0	0	0	0	-0.196983	-0.0118232	0.0186055	0	0	0.0160113	0.0176655	0	0	0.0853146	-0.00761179	-0.00697935
2016-11-03 00:00:00	-1.59623	0.478155	0.581665	0	0.0858177	-0.00122963	0.00524645	0	0.0360806	0	0	0	0	0	0.134051	-0.0118105	0.0185685	0	0	0.0164685	0.0178635	0	0	0.0852452	-0.00762625	-0.157735
2016-11-04 00:00:00	-1.68098	0.0689636	0.542561	0	0.0139266	-0.00433577	0.0202589	0	0.100725	0	0	0	0	0	0.566878	-0.0118054	0.0185309	0	0	0.0183164	0.0189318	0	0	0.0850269	-0.00779333	-0.250792
2016-11-05 00:00:00	-0.0408013	-0.495785	0.562371	0	-0.0177346	-0.00274969	0.0133842	0	0.0739903	0	0	0	0	0	-0.147064	-0.011798	0.0185156	0	0	0.019343	0.0194143	0	0	0.0850046	-0.00787329	0.0682169
2016-11-06 00:00:00	-1.70332	0.204615	0.573924	0	0.0523388	-0.00484729	0.0253967	0	0.125493	0	0	0	0	0	0.379026	-0.0117903	0.0185038	0	0	0.0213645	0.0206306	0	0	0.0850277	-0.00789665	-0.22153
2016-11-07 00:00:00	0	-0.492908	0.528409	0	-0.0440298	-0.00303561	0.0161635	0	0.0905887	0	0	0	0	0	-0.18691	-0.0117795	0.0184738	0	0	0.0227208	0.0213689	0	0	0.0851489	-0.00803949	0.0361707
2016-11-08 00:00:00	-0.62055	0.0667168	0.474593	0	-0.029974	-0.00137725	0.00681637	0	0.0466926	0	0	0	0	0	0.0737932	-0.0117534	0.018434	0	0	0.0214837	0.0204806	0	0	0.0852601	-0.00795813	0.142657
2016-11-09 00:00:00	-2.55094	0.448847	0.46404	0	0.13312	-0.00775162	0.0411563	0	0.198678	0	0	0	0	0	0.59218	-0.0117415	0.0184285	0	0	0.0241884	0.0221611	0	0	0.0850934	-0.00804404	-0.550584
2016-11-10 00:00:00	-3.37195	0.293674	0.447251	0	0.0350905	-0.00674436	0.0336471	0	0.195823	0	0	0	0	0	1.61104	-0.0117506	0.0184251	0	0	0.0284608	0.0244189	0	0	0.0852018	-0.00881722	-0.626235
2016-11-11 00:00:00	-12.6713	0.0249551	0.464169	0	0.38555	-0.031736	0.156271	0	0.923112	0	0	0	0	0	7.38261	-0.0117931	0.0184988	0	0	0.045562	0.0333883	0	0	0.0851418	-0.0113599	-3.20692
2016-11-12 00:00:00	-9.86261	-0.0100676	0.521952	0	0.119118	-0.0394579	0.177777	0	1.16573	0	0	0	0	0	5.07146	-0.0118478	0.0186245	0	0	0.072625	0.04753	0	0	0.0861651	-0.0138345	-2.65683
2016-11-13 00:00:00	-6.77193	-0.0139272	0.436996	0	0.0148723	-0.0329163	0.141842	0	0.953469	0	0	0	0	0	3.16912	-0.0118839	0.0187056	0	0	0.0852331	0.0540427	0	0	0.0874648	-0.0141001	-1.88301
2016-11-14 00:00:00	-1.21533	-0.0128168	0.618368	0	-0.0500796	-0.0152239	0.0644012	0	0.442095	0	0	0	0	0	-0.413769	-0.0119013	0.0187175	0	0	0.0814763	0.0517402	0	0	0.0890903	-0.0126796	-0.365909
2016-11-15 00:00:00	-0.610148	-0.125832	0.573188	0	-0.094735	-0.00923983	0.0392604	0	0.279921	0	0	0	0	0	-0.328122	-0.0119024	0.0186983	0	0	0.071388	0.0461727	0	0	0.0898521	-0.0111979	-0.0726971
2016-11-16 00:00:00	-9.54318	0.0977015	0.476725	0	0.330904	-0.0270525	0.131553	0	0.826635	0	0	0	0	0	5.2543	-0.0119311	0.0187342	0	0	0.072158	0.0461666	0	0	0.0897731	-0.0137705	-2.25128
2016-11-17 00:00:00	-9.06449	-0.0157543	0.412814	0	0.0772144	-0.0346763	0.154662	0	1.12491	0	0	0	0	0	4.5571	-0.0119783	0.0188177	0	0	0.0824948	0.0503918	0	0	0.0906568	-0.0168477	-2.57469
2016-11-18 00:00:00	-0.884573	-0.0147169	0.372759	0	-0.167819	-0.0160226	0.0629178	0	0.554776	0	0	0	0	0	-0.598816	-0.0119953	0.0188571	0	0	0.0822939	0.0496876	0	0	0.0926489	-0.0149285	-0.474931
2016-11-19 00:00:00	-0.100781	-0.222829	0.331614	0	-0.103886	-0.00936116	0.0369871	0	0.303611	0	0	0	0	0	-0.462725	-0.0119889	0.0188509	0	0	0.07253	0.0446524	0	0	0.0938452	-0.0123161	-0.0217965
2016-11-20 00:00:00	-0.104633	-0.157572	0.274721	0	-0.0145731	-0.00684799	0.0274205	0	0.198323	0	0	0	0	0	-0.384055	-0.0119897	0.0188274	0	0	0.0640207	0.0402672	0	0	0.0942751	-0.0114636	0.026719
2016-11-21 00:00:00	-14.1539	0.337563	0.258046	0	0.586378	-0.0438291	0.205398	0	1.6282	0	0	0	0	0	7.79483	-0.0120277	0.0189155	0	0	0.0763551	0.0452327	0	0	0.09353	-0.014849	-3.18018
2016-11-22 00:00:00	-26.868	-0.0214115	0.353755	0	0.366945	-0.107401	0.462048	0	4.16429	0	0	0	0	0	13.9059	-0.0121637	0.0192105	0	0	0.147215	0.0705807	0	0	0.0946077	-0.0215624	-7.44605
2016-11-23 00:00:00	-0.159199	-0.121621	0.284798	0	-0.522138	-0.0335919	0.125731	0	1.45932	0	0	0	0	0	-2.05962	-0.0122746	0.01933	0	0	0.192117	0.0814391	0	0	0.0999956	-0.0185365	-0.664255
2016-11-24 00:00:00	-0.05998	-0.153623	0.226342	0	-0.0298156	-0.0154108	0.0581303	0	0.577325	0	0	0	0	0	-1.15939	-0.0122962	0.0193046	0	0	0.162331	0.0698899	0	0	0.102081	-0.0146928	-0.229808
2016-11-25 00:00:00	-0.149287	-0.0774462	0.23623	0	-0.0980092	-0.0112727	0.0432092	0	0.421624	0	0	0	0	0	-0.726252	-0.0122912	0.0192811	0	0	0.137937	0.0607472	0	0	0.10265	-0.0136177	-0.0664973
2016-11-26 00:00:00	-0.159199	-0.092306	0.260506	0	0.0192121	-0.0105708	0.0409164	0	0.349096	0	0	0	0	0	-0.539596	-0.0122853	0.0192577	0	0	0.11909	0.0537339	0	0	0.103064	-0.0127194	0.138199
2016-11-27 00:00:00	-0.308485	-0.0472375	0.328477	0	-0.0245414	-0.00709541	0.0280927	0	0.246172	0	0	0	0	0	-0.394025	-0.0122786	0.0192313	0	0	0.102926	0.0477004	0	0	0.103386	-0.0121057	0.0702153
2016-11-28 00:00:00	-0.159199	-0.0906725	0.256991	0	-0.0646775	-0.00647973	0.0258556	0	0.20686	0	0	0	0	0	-0.321743	-0.0122713	0.0192047	0	0	0.0894034	0.0426882	0	0	0.10365	-0.0115628	0.0780469
2016-11-29 00:00:00	0	-0.298506	0.322192	0	-0.0643358	-0.00472235	0.0194963	0	0.145218	0	0	0	0	0	-0.209561	-0.0122637	0.0191774	0	0	0.0780768	0.0385307	0	0	0.10382	-0.0109877	0.126135
2016-11-30 00:00:00	-0.0446534	-0.297172	0.366661	0	-0.0366736	-0.00417644	0.0174974	0	0.123462	0	0	0	0	0	-0.180797	-0.0122577	0.0191558	0	0	0.0697517	0.0355338	0	0	0.103851	-0.0105723	0.149611
2016-12-01 00:00:00	0	-0.334977	0.401609	0	-0.0182644	-0.0036066	0.0152543	0	0.0997447	0	0	0	0	0	-0.191509	-0.0122505	0.019131	0	0	0.0619872	0.0326691	0	0	0.103873	-0.0102447	0.163414
2016-12-02 00:00:00	-0.114545	-0.09488	0.261209	0	-0.0195535	-0.00318961	0.0131829	0	0.083333	0	0	0	0	0	-0.127699	-0.0122419	0.0191018	0	0	0.0545149	0.0300009	0	0	0.103892	-0.00993443	0.18319
2016-12-03 00:00:00	-0.45998	0.205002	0.249347	0	-0.0195202	-0.00304555	0.0124605	0	0.0789946	0	0	0	0	0	-0.0731705	-0.0122342	0.0190759	0	0	0.0468674	0.0280526	0	0	0.103858	-0.00972312	0.165983
2016-12-04 00:00:00	0	-0.199014	0.215965	0	-0.0331379	-0.00276551	0.0113171	0	0.0709119	0	0	0	0	0	-0.0622787	-0.0122266	0.0190474	0	0	0.0398908	0.0263943	0	0	0.103814	-0.00951566	0.168403
2016-12-05 00:00:00	-0.2	0.0278451	0.172136	0	-0.0124868	-0.0029229	0.0116089	0	0.071554	0	0	0	0	0	-0.0597765	-0.0122205	0.019024	0	0	0.0359671	0.0252245	0	0	0.103673	-0.00939913	0.170226
2016-12-06 00:00:00	-4.71424	1.32617	0.441649	0	0.284733	-0.0123373	0.0521782	0	0.268643	0	0	0	0	0	1.6057	-0.012224	0.0190222	0	0	0.0363359	0.0260453	0	0	0.103517	-0.0101341	-0.584941
2016-12-07 00:00:00	-0.0854547	-0.317335	0.411691	0	-0.148953	-0.00598454	0.0245706	0	0.204364	0	0	0	0	0	-0.187057	-0.0122221	0.0190102	0	0	0.0382979	0.0269962	0	0	0.103342	-0.0116127	0.0596536
2016-12-08 00:00:00	0	-0.336731	0.365762	0	-0.0246536	-0.00407483	0.0168656	0	0.112223	0	0	0	0	0	-0.152597	-0.0122153	0.018987	0	0	0.0356164	0.0257954	0	0	0.103588	-0.010032	0.138533
2016-12-09 00:00:00	-0.694145	0.298106	0.383748	0	-0.0262202	-0.00260852	0.0110312	0	0.0729221	0	0	0	0	0	-0.156612	-0.0122039	0.0189413	0	0	0.0321354	0.0242341	0	0	0.103603	-0.00965135	0.0432803
2016-12-10 00:00:00	-0.345094	-0.0239716	0.360372	0	-0.0260971	-0.00384795	0.0149216	0	0.0858849	0	0	0	0	0	0.0275496	-0.0121988	0.018923	0	0	0.0302632	0.0235029	0	0	0.103442	-0.00936519	0.244284
2016-12-11 00:00:00	-0.950168	0.13085	0.316928	0	0.0321374	-0.00387274	0.0146705	0	0.0815391	0	0	0	0	0	0.250346	-0.0121916	0.0188957	0	0	0.0283139	0.0226429	0	0	0.103277	-0.00966028	0.0237072
2016-12-12 00:00:00	-0.309131	-0.0657261	0.282673	0	-0.0256203	-0.00329576	0.0121077	0	0.0890921	0	0	0	0	0	0.00314307	-0.0121839	0.0188651	0	0	0.0267394	0.0218852	0	0	0.103142	-0.00987513	0.131815
2016-12-13 00:00:00	-1.13045	0.188452	0.2574	0	0.0649132	-0.00408801	0.0170337	0	0.0904426	0	0	0	0	0	0.334937	-0.0121771	0.0188366	0	0	0.0257552	0.0214617	0	0	0.103065	-0.00953857	-0.0339555
2016-12-14 00:00:00	-0.841378	-0.017568	0.329687	0	0.00552721	-0.00441765	0.019777	0	0.107167	0	0	0	0	0	0.205263	-0.0121657	0.0188098	0	0	0.0259262	0.0215874	0	0	0.10297	-0.0100068	-0.0488218
2016-12-15 00:00:00	-0.0854547	-0.236491	0.326708	0	-0.059225	-0.0037865	0.0144892	0	0.0945315	0	0	0	0	0	-0.046674	-0.0121559	0.0187545	0	0	0.0251467	0.0212167	0	0	0.102903	-0.00989028	0.150072
2016-12-16 00:00:00	-1.16857	0.202064	0.291041	0	0.0791587	-0.00605216	0.0264154	0	0.136725	0	0	0	0	0	0.2926	-0.0121495	0.0187304	0	0	0.0257116	0.0215375	0	0	0.102771	-0.00946792	0.000514438
2016-12-17 00:00:00	-0.4	-0.0228837	0.250959	0	-0.0646488	-0.0043681	0.0196039	0	0.123196	0	0	0	0	0	0.0375648	-0.012142	0.0187046	0	0	0.0264946	0.0218734	0	0	0.102673	-0.00953885	0.087488
2016-12-18 00:00:00	-1.06505	-0.0127869	0.186269	0	0.0836639	-0.00563474	0.0256837	0	0.135805	0	0	0	0	0	0.395467	-0.0121373	0.0186521	0	0	0.0265401	0.0218347	0	0	0.102499	-0.0096955	-0.108894
2016-12-19 00:00:00	0	-0.306243	0.320393	0	-0.0929781	-0.00378243	0.0155212	0	0.111828	0	0	0	0	0	-0.049829	-0.0121269	0.0186243	0	0	0.026064	0.0215285	0	0	0.102419	-0.00991986	0.141499
2016-12-20 00:00:00	-2.25695	0.261779	0.327563	0	0.132297	-0.00760193	0.0347147	0	0.181839	0	0	0	0	0	0.893829	-0.0121226	0.0185986	0	0	0.0268732	0.0218811	0	0	0.102269	-0.00992658	-0.284956
2016-12-21 00:00:00	-1.0123	-0.0131868	0.332313	0	-0.0171995	-0.00715076	0.0312102	0	0.208032	0	0	0	0	0	0.23339	-0.0121106	0.0185805	0	0	0.0286717	0.022655	0	0	0.102059	-0.0108984	-0.0959312
2016-12-22 00:00:00	-7.37661	-0.011826	0.336751	0	0.417575	-0.0279906	0.126203	0	0.808204	0	0	0	0	0	3.9124	-0.0121202	0.0186196	0	0	0.0383229	0.0268973	0	0	0.101472	-0.0137853	-1.65589
2016-12-23 00:00:00	-16.903	-0.0207037	0.344785	0	0.395919	-0.0693013	0.289354	0	2.39649	0	0	0	0	0	8.80603	-0.012175	0.0187586	0	0	0.0719481	0.0401482	0	0	0.0999727	-0.0226559	-4.56447
2016-12-24 00:00:00	-12.34	-0.0154957	0.290033	0	0.0132071	-0.0625519	0.243124	0	2.2513	0	0	0	0	0	5.45354	-0.0122687	0.0189004	0	0	0.103395	0.0520256	0	0	0.101463	-0.0268597	-3.93023
2016-12-25 00:00:00	-7.89859	-0.016989	0.326746	0	-0.00654897	-0.0539089	0.202868	0	2.01047	0	0	0	0	0	2.86185	-0.0123259	0.0190177	0	0	0.117887	0.0571027	0	0	0.105029	-0.0247852	-2.31217
2016-12-26 00:00:00	-7.81855	-0.0152769	0.258702	0	0.120369	-0.0546991	0.204924	0	2.06845	0	0	0	0	0	2.91017	-0.0123529	0.0191355	0	0	0.129175	0.0611104	0	0	0.107842	-0.0247076	-2.04571
2016-12-27 00:00:00	0	-0.268004	0.279724	0	-0.148082	-0.0212715	0.0710285	0	0.850047	0	0	0	0	0	-1.13353	-0.0123397	0.0191805	0	0	0.122701	0.0580737	0	0	0.111319	-0.0197526	-0.0909061
2016-12-28 00:00:00	0	-0.227713	0.24825	0	-0.197997	-0.0153024	0.0513365	0	0.534307	0	0	0	0	0	-0.718081	-0.0123296	0.0191681	0	0	0.106051	0.0513828	0	0	0.112879	-0.0168236	-0.0648722
2016-12-29 00:00:00	0	-0.284213	0.309905	0	-0.0682317	-0.00973832	0.0336789	0	0.311139	0	0	0	0	0	-0.529214	-0.0123228	0.0191457	0	0	0.0908144	0.0452984	0	0	0.113751	-0.014986	0.00502627
2016-12-30 00:00:00	0	-0.311734	0.339985	0	-0.0807345	-0.00793377	0.0282335	0	0.257196	0	0	0	0	0	-0.351657	-0.0123194	0.0191233	0	0	0.0797738	0.0409496	0	0	0.114025	-0.0142058	0.100701
2016-12-31 00:00:00	-4.51244	1.01277	0.336788	0	0.328558	-0.0198481	0.0780556	0	0.589763	0	0	0	0	0	1.45305	-0.0123247	0.0191358	0	0	0.0763594	0.0398268	0	0	0.113784	-0.0153831	-0.511908
2017-01-01 00:00:00	-0.885709	-0.060846	0.236062	0	-0.0909468	-0.0108788	0.0417822	0	0.46129	0	0	0	0	0	-0.0363377	-0.0123231	0.0191387	0	0	0.0742297	0.0390119	0	0	0.113807	-0.0160518	-0.127772
2017-01-02 00:00:00	-0.234505	-0.0979952	0.2053	0	-0.30996	-0.00614727	0.0243313	0	0.279165	0	0	0	0	0	0.0351239	-0.0123151	0.0191066	0	0	0.0650191	0.0353645	0	0	0.114812	-0.0134167	0.103883
2017-01-03 00:00:00	-0.0446534	-0.247011	0.310097	0	0.0623888	-0.00907253	0.0347839	0	0.228465	0	0	0	0	0	-0.407586	-0.0123163	0.019106	0	0	0.0617392	0.0342095	0	0	0.11505	-0.0124141	0.132786
2017-01-04 00:00:00	0	-0.244765	0.267254	0	-0.0449212	-0.0031511	0.0125237	0	0.115128	0	0	0	0	0	-0.223346	-0.0123057	0.0190663	0	0	0.0524405	0.0305071	0	0	0.115308	-0.0119989	0.0717393
2017-01-05 00:00:00	-0.0545653	-0.131765	0.199446	0	-0.0649194	-0.00568707	0.0218302	0	0.12384	0	0	0	0	0	-0.00181612	-0.0123057	0.0190552	0	0	0.0492768	0.029357	0	0	0.115228	-0.0112457	0.27573
2017-01-06 00:00:00	-0.339139	0.025027	0.3259	0	-0.0452667	-0.00370508	0.01419	0	0.104556	0	0	0	0	0	-0.109018	-0.0123003	0.0190305	0	0	0.0444729	0.0274973	0	0	0.115102	-0.0110789	0.155269
2017-01-07 00:00:00	-0.816735	0.242364	0.308463	0	-0.0237433	-0.00584823	0.0241587	0	0.138045	0	0	0	0	0	0.155703	-0.0122967	0.0190138	0	0	0.0416315	0.0264982	0	0	0.115003	-0.0108284	0.201429
2017-01-08 00:00:00	-0.05998	-0.179277	0.299632	0	-0.0505904	-0.00347703	0.0151705	0	0.0895224	0	0	0	0	0	-0.0915245	-0.0122912	0.018989	0	0	0.0389561	0.0256027	0	0	0.114901	-0.0104375	0.195196
2017-01-09 00:00:00	-13.0033	0.544222	0.309332	0	1.12017	-0.0413622	0.157579	0	1.47177	0	0	0	0	0	6.69756	-0.0122986	0.0190288	0	0	0.0468719	0.0281316	0	0	0.111743	-0.0229539	-2.57354
2017-01-10 00:00:00	-0.312983	-0.112843	0.33876	0	-0.487023	-0.0152147	0.0437792	0	0.778289	0	0	0	0	0	-0.565951	-0.0122968	0.0190464	0	0	0.0537183	0.030092	0	0	0.113749	-0.0213133	-0.150192
2017-01-11 00:00:00	-3.34555	0.078985	0.295924	0	0.143571	-0.0184483	0.061741	0	0.72131	0	0	0	0	0	1.34075	-0.0123059	0.0190329	0	0	0.052088	0.0292375	0	0	0.115726	-0.0185473	-0.536483
2017-01-12 00:00:00	-0.464068	-0.0315731	0.240046	0	-0.223792	-0.010082	0.0289754	0	0.444215	0	0	0	0	0	-0.218198	-0.012305	0.0190329	0	0	0.0495446	0.0281667	0	0	0.116823	-0.0176738	-0.0508898
2017-01-13 00:00:00	-1.40463	-0.0671628	0.226438	0	0.113621	-0.0113892	0.0330342	0	0.371221	0	0	0	0	0	0.438696	-0.0123127	0.0190149	0	0	0.0452388	0.026535	0	0	0.117617	-0.0172164	-0.121293
2017-01-14 00:00:00	-2.15274	-0.085693	0.254037	0	0.0374628	-0.0129461	0.0371578	0	0.474738	0	0	0	0	0	0.945256	-0.0123096	0.0190028	0	0	0.0419417	0.0251708	0	0	0.117481	-0.0200836	-0.331528
2017-01-15 00:00:00	-16.4625	0.118404	0.313948	0	0.856521	-0.0887394	0.348097	0	3.38528	0	0	0	0	0	8.25826	-0.0123614	0.0191736	0	0	0.0748723	0.0381048	0	0	0.11597	-0.0286524	-3.0636
2017-01-16 00:00:00	-0.876374	-0.0619695	0.341257	0	-0.645574	-0.0310163	0.108776	0	1.46385	0	0	0	0	0	-0.644034	-0.0123832	0.0192901	0	0	0.101174	0.0480834	0	0	0.121032	-0.0240407	-0.0919329
2017-01-17 00:00:00	-0.558317	-0.0743482	0.35649	0	-0.0988611	-0.0170366	0.0613098	0	0.6184	0	0	0	0	0	-0.490137	-0.0123761	0.0192968	0	0	0.0904861	0.0441191	0	0	0.124512	-0.0176412	0.0458957
2017-01-18 00:00:00	-0.492923	-0.0725515	0.364734	0	0.0355371	-0.0117288	0.0427411	0	0.369466	0	0	0	0	0	-0.356584	-0.0123779	0.0192758	0	0	0.0797005	0.0400963	0	0	0.125607	-0.0156226	0.11537
2017-01-19 00:00:00	-0.0545653	-0.29847	0.373998	0	-0.153709	-0.00737312	0.0265342	0	0.286382	0	0	0	0	0	-0.43574	-0.0123726	0.0192474	0	0	0.0697712	0.0363411	0	0	0.126145	-0.0149536	-0.0387641
2017-01-20 00:00:00	-0.104633	-0.17759	0.310058	0	-0.111411	-0.00910529	0.0336366	0	0.277973	0	0	0	0	0	-0.15119	-0.0123705	0.0192362	0	0	0.0640594	0.0342626	0	0	0.126472	-0.0139756	0.285421
2017-01-21 00:00:00	-0.114545	-0.0688301	0.232232	0	-0.107134	-0.00500819	0.0187407	0	0.158443	0	0	0	0	0	-0.143402	-0.0123633	0.0192094	0	0	0.0561873	0.0313357	0	0	0.126647	-0.0131149	0.178398
2017-01-22 00:00:00	-0.9714	0.41659	0.254778	0	0.035944	-0.00582142	0.0215943	0	0.164845	0	0	0	0	0	0.0215596	-0.0123593	0.0191856	0	0	0.051016	0.0293786	0	0	0.126567	-0.0125862	0.13929
2017-01-23 00:00:00	0	-0.267934	0.309196	0	-0.084712	-0.00440736	0.0163463	0	0.14041	0	0	0	0	0	-0.0965585	-0.0123533	0.0191486	0	0	0.0459346	0.0274111	0	0	0.126524	-0.0124148	0.20659
2017-01-24 00:00:00	0	-0.332112	0.435049	0	-0.0896889	-0.00387563	0.0148575	0	0.105783	0	0	0	0	0	-0.0958457	-0.0123465	0.0191228	0	0	0.0415455	0.0258438	0	0	0.126499	-0.0117197	0.223112
2017-01-25 00:00:00	0	-0.334882	0.438554	0	-0.0817901	-0.00323523	0.0124825	0	0.082561	0	0	0	0	0	-0.0982442	-0.0123384	0.0190881	0	0	0.0377007	0.0245014	0	0	0.126364	-0.0112379	0.199524
2017-01-26 00:00:00	0	-0.23297	0.327418	0	-0.0651929	-0.00319467	0.0119936	0	0.0755287	0	0	0	0	0	-0.0264136	-0.0123297	0.0190641	0	0	0.034852	0.0235114	0	0	0.126096	-0.0108813	0.267482
2017-01-27 00:00:00	0	-0.0501703	0.298375	0	-0.125166	-0.00247044	0.00843294	0	0.0611512	0	0	0	0	0	-0.0907344	-0.0123222	0.0190176	0	0	0.0322251	0.0226965	0	0	0.125787	-0.0106519	0.276171
2017-01-28 00:00:00	-8.93856	1.37764	0.344503	0	1.04197	-0.0291192	0.118321	0	0.853215	0	0	0	0	0	3.73213	-0.0123403	0.0190438	0	0	0.0391779	0.0252528	0	0	0.124274	-0.016204	-1.3207
2017-01-29 00:00:00	-0.2999	-0.21235	0.317886	0	-0.409591	-0.014435	0.0538156	0	0.648426	0	0	0	0	0	-0.196076	-0.0123599	0.01907	0	0	0.0497176	0.0292439	0	0	0.124215	-0.0191058	0.0785562
2017-01-30 00:00:00	-0.219179	-0.125585	0.339621	0	-0.0232652	-0.0060334	0.023592	0	0.191804	0	0	0	0	0	-0.333877	-0.0123591	0.0190432	0	0	0.0452671	0.0276149	0	0	0.126129	-0.013818	0.038955
2017-01-31 00:00:00	-0.982229	0.18633	0.438752	0	-0.0149089	-0.00864035	0.0333085	0	0.23306	0	0	0	0	0	0.148267	-0.0123515	0.0190229	0	0	0.0427057	0.0267648	0	0	0.12632	-0.0130829	0.223317
2017-02-01 00:00:00	-0.209267	-0.182668	0.398754	0	-0.12508	-0.00629166	0.0237831	0	0.199656	0	0	0	0	0	-0.105151	-0.0123436	0.0189897	0	0	0.0401091	0.025822	0	0	0.126125	-0.0132056	0.179232
2017-02-02 00:00:00	-1.07811	0.223696	0.562129	0	-0.00384651	-0.00557905	0.0200935	0	0.14019	0	0	0	0	0	0.0901328	-0.0123346	0.0189583	0	0	0.0368991	0.024628	0	0	0.126133	-0.0125771	0.130409
2017-02-03 00:00:00	-8.67712	0.0423918	0.530169	0	0.886779	-0.0367082	0.155844	0	1.34224	0	0	0	0	0	4.21676	-0.0123515	0.0189848	0	0	0.0449987	0.0274438	0	0	0.122852	-0.0238388	-1.36155
2017-02-04 00:00:00	-4.45886	-0.0127461	0.469537	0	-0.153169	-0.03585	0.13944	0	1.49609	0	0	0	0	0	1.66848	-0.0123659	0.0190325	0	0	0.0588954	0.0324758	0	0	0.123064	-0.0263228	-0.69231
2017-02-05 00:00:00	-0.159199	-0.20844	0.381637	0	-0.354088	-0.0128701	0.0457166	0	0.57337	0	0	0	0	0	-0.467137	-0.0123909	0.0190239	0	0	0.0597988	0.0328856	0	0	0.126315	-0.0195776	0.00504446
2017-02-06 00:00:00	-1.83222	0.179856	0.402408	0	0.0704265	-0.0138698	0.0580101	0	0.453812	0	0	0	0	0	0.412431	-0.0123826	0.0190149	0	0	0.0561672	0.0316105	0	0	0.127872	-0.0165333	-0.0633934
2017-02-07 00:00:00	-4.86311	-0.0111386	0.461274	0	0.337155	-0.0270566	0.106741	0	1.1019	0	0	0	0	0	2.08431	-0.0124002	0.0190172	0	0	0.0584312	0.0321593	0	0	0.125958	-0.0235731	-0.610328
2017-02-08 00:00:00	0	-0.404596	0.434529	0	-0.430573	-0.0118153	0.0400386	0	0.59924	0	0	0	0	0	-0.323824	-0.0124075	0.018999	0	0	0.0566103	0.0311511	0	0	0.127435	-0.0208914	0.103897
2017-02-09 00:00:00	-0.0408013	-0.359009	0.433239	0	-0.0266807	-0.00536331	0.0195448	0	0.182899	0	0	0	0	0	-0.349346	-0.0124016	0.0189726	0	0	0.0497797	0.0286538	0	0	0.129599	-0.015193	0.0538937
2017-02-10 00:00:00	-0.114545	-0.281647	0.430306	0	-0.110439	-0.00694458	0.0253906	0	0.223244	0	0	0	0	0	-0.117591	-0.0123939	0.0189231	0	0	0.0458284	0.0272404	0	0	0.130016	-0.0144562	0.242931
2017-02-11 00:00:00	-13.0394	1.00075	0.279926	0	1.15803	-0.0458578	0.213256	0	2.4599	0	0	0	0	0	6.00513	-0.0124137	0.0189696	0	0	0.0570199	0.0297687	0	0	0.126036	-0.0260836	-1.77495
2017-02-12 00:00:00	-2.08707	-0.0142354	0.269862	0	-0.568603	-0.028339	0.111239	0	1.54615	0	0	0	0	0	0.235477	-0.0124363	0.0190156	0	0	0.0742192	0.0348248	0	0	0.128352	-0.02524	-0.316788
2017-02-13 00:00:00	-0.53982	-0.207907	0.31411	0	-0.234986	-0.0156708	0.0639137	0	0.683257	0	0	0	0	0	-0.247385	-0.0124344	0.0190122	0	0	0.0726057	0.0349925	0	0	0.13221	-0.0184417	0.0434556
2017-02-14 00:00:00	0	-0.286301	0.31378	0	-0.0654245	-0.00692096	0.0277741	0	0.274938	0	0	0	0	0	-0.414501	-0.0124287	0.0189906	0	0	0.0644364	0.032433	0	0	0.133494	-0.0156639	0.0646067
2017-02-15 00:00:00	-0.378377	0.0965987	0.277873	0	-0.126347	-0.0084198	0.0329967	0	0.306005	0	0	0	0	0	-0.160876	-0.0124251	0.0189788	0	0	0.0586714	0.0305429	0	0	0.133812	-0.0148637	0.25417
2017-02-16 00:00:00	-1.10913	0.321511	0.320252	0	0.0261562	-0.005842	0.0239274	0	0.195342	0	0	0	0	0	0.0178204	-0.0124196	0.0189557	0	0	0.0526689	0.0285946	0	0	0.134099	-0.0139977	-0.0020637
2017-02-17 00:00:00	-0.14002	-0.202807	0.346171	0	-0.169569	-0.00685975	0.0271026	0	0.252587	0	0	0	0	0	-0.065719	-0.0124191	0.0189441	0	0	0.0494801	0.0275586	0	0	0.13398	-0.0137399	0.24469
2017-02-18 00:00:00	-2.86608	0.206101	0.354468	0	0.339252	-0.012742	0.0487247	0	0.446483	0	0	0	0	0	1.07062	-0.0124139	0.0189286	0	0	0.046843	0.0264779	0	0	0.133191	-0.0164548	-0.216606
2017-02-19 00:00:00	-1.52855	-0.0083709	0.478399	0	-0.0241558	-0.0119395	0.0427712	0	0.500231	0	0	0	0	0	0.353306	-0.012412	0.018915	0	0	0.0463594	0.0262116	0	0	0.132514	-0.0192602	-0.00597639
2017-02-20 00:00:00	-2.35046	-0.0119445	0.525917	0	0.1057	-0.0152489	0.0583313	0	0.542175	0	0	0	0	0	0.755067	-0.0124202	0.018911	0	0	0.0476624	0.0269432	0	0	0.133005	-0.0184357	-0.194794
2017-02-21 00:00:00	-4.17906	-0.0117975	0.625969	0	0.203748	-0.0268623	0.110261	0	1.00307	0	0	0	0	0	1.63355	-0.0124292	0.0189328	0	0	0.0545749	0.029855	0	0	0.132311	-0.0217245	-0.439602
2017-02-22 00:00:00	-0.673744	-0.0790255	0.684972	0	-0.370661	-0.0121057	0.0449079	0	0.554976	0	0	0	0	0	-0.201418	-0.0124226	0.018929	0	0	0.0549845	0.0301336	0	0	0.133505	-0.0197652	0.153266
2017-02-23 00:00:00	-22.6719	0.070028	0.576456	0	1.51473	-0.139111	0.552314	0	5.71141	0	0	0	0	0	10.8576	-0.0124956	0.0191059	0	0	0.10655	0.0468422	0	0	0.12666	-0.039246	-3.28098
2017-02-24 00:00:00	-6.231	-0.0116956	0.619333	0	-0.652421	-0.0772862	0.32607	0	3.32739	0	0	0	0	0	1.47891	-0.0126144	0.019269	0	0	0.173693	0.0669414	0	0	0.132382	-0.0348372	-0.875865
2017-02-25 00:00:00	-11.5381	-0.0188874	0.767972	0	0.361436	-0.092266	0.354766	0	3.91074	0	0	0	0	0	4.19005	-0.0126818	0.0193805	0	0	0.195509	0.0742317	0	0	0.133079	-0.0387586	-1.6935
2017-02-26 00:00:00	-4.08119	0.0122858	0.753634	0	-0.0541663	-0.0609095	0.216715	0	2.63692	0	0	0	0	0	0.351039	-0.0127432	0.0194323	0	0	0.192137	0.0728594	0	0	0.136864	-0.0362611	0.146615
2017-02-27 00:00:00	-1.80434	-0.0216537	0.650184	0	-0.55575	-0.0326722	0.108814	0	1.47577	0	0	0	0	0	-0.424197	-0.012754	0.0194459	0	0	0.17006	0.0656914	0	0	0.14132	-0.0294642	-0.249548
2017-02-28 00:00:00	-12.7933	0.00832349	0.559288	0	1.07358	-0.104505	0.36694	0	4.28844	0	0	0	0	0	4.96979	-0.0128252	0.0195514	0	0	0.185021	0.0704505	0	0	0.139328	-0.0363928	-1.26627
2017-03-01 00:00:00	-2.53118	-0.0812115	0.555512	0	-0.657351	-0.0450495	0.165059	0	2.3459	0	0	0	0	0	-0.327657	-0.0128386	0.0196329	0	0	0.192014	0.0719713	0	0	0.144489	-0.0303746	-0.191079
2017-03-02 00:00:00	-1.63701	0.0231442	0.628788	0	-0.176071	-0.0246812	0.0897634	0	1.28654	0	0	0	0	0	-0.467833	-0.0128367	0.0196478	0	0	0.169754	0.0643589	0	0	0.148912	-0.0236118	0.0888615
2017-03-03 00:00:00	-3.15788	0.0317683	0.671743	0	-0.0965532	-0.0346213	0.133193	0	1.32209	0	0	0	0	0	0.485137	-0.0128559	0.0196671	0	0	0.156757	0.0607806	0	0	0.149826	-0.0231533	-0.294105
2017-03-04 00:00:00	-6.00398	-0.00999712	0.771285	0	0.406158	-0.0470447	0.207939	0	1.92356	0	0	0	0	0	1.82509	-0.012909	0.0197236	0	0	0.159427	0.0625342	0	0	0.148672	-0.0275016	-0.577042
2017-03-05 00:00:00	-1.33372	-0.0151911	0.691051	0	-0.535895	-0.0237085	0.094265	0	1.17524	0	0	0	0	0	-0.330776	-0.0129373	0.0197484	0	0	0.149367	0.0594232	0	0	0.150217	-0.0253586	0.061718
2017-03-06 00:00:00	-2.11093	0.0102945	0.744892	0	0.169903	-0.0202871	0.0830743	0	0.779462	0	0	0	0	0	0.119485	-0.0129386	0.0197476	0	0	0.132613	0.0540209	0	0	0.151772	-0.0227008	0.0984083
2017-03-07 00:00:00	-2.7184	-0.0146806	0.845367	0	0.0225887	-0.0217596	0.0882061	0	0.887748	0	0	0	0	0	0.434469	-0.0129409	0.0197567	0	0	0.120593	0.0501416	0	0	0.151751	-0.0243395	-0.171497
2017-03-08 00:00:00	-2.14387	-0.00335273	0.894284	0	-0.102506	-0.0195498	0.077153	0	0.810941	0	0	0	0	0	0.232916	-0.0129464	0.0197621	0	0	0.109516	0.0465571	0	0	0.152344	-0.0234246	0.0378212
2017-03-09 00:00:00	-4.71787	-0.00259821	0.932778	0	0.367709	-0.0293886	0.132295	0	1.36702	0	0	0	0	0	1.38643	-0.0129689	0.0197719	0	0	0.104816	0.0449579	0	0	0.150898	-0.0280568	-0.28421
2017-03-10 00:00:00	-0.155347	-0.715898	0.937547	0	-0.607223	-0.0127823	0.0504551	0	0.693362	0	0	0	0	0	-0.405611	-0.0130054	0.0197618	0	0	0.0953339	0.0418393	0	0	0.152769	-0.0234711	0.0577311
2017-03-11 00:00:00	-0.929227	-0.0950551	1.10072	0	-0.200441	-0.0077557	0.0307313	0	0.280798	0	0	0	0	0	-0.280761	-0.0130045	0.0197503	0	0	0.0838835	0.0383693	0	0	0.154949	-0.0177703	0.165187
2017-03-12 00:00:00	-0.213764	-0.331598	1.03604	0	-0.348843	-0.00554651	0.0207435	0	0.155483	0	0	0	0	0	-0.320827	-0.0130005	0.0197372	0	0	0.0729731	0.0351463	0	0	0.155476	-0.01524	0.246784
2017-03-13 00:00:00	-0.0408013	-0.168728	0.995432	0	-0.436724	-0.0025579	0.00778623	0	0.0656588	0	0	0	0	0	-0.336095	-0.0129933	0.0197214	0	0	0.0615481	0.0321128	0	0	0.155591	-0.0136165	0.326335
2017-03-14 00:00:00	-0.819179	-0.0655793	1.16029	0	-0.181597	-0.00234668	0.00655002	0	0.0471931	0	0	0	0	0	-0.0912415	-0.0129846	0.0197052	0	0	0.0522323	0.0296214	0	0	0.155208	-0.0129442	0.284928
2017-03-15 00:00:00	0	-0.142112	1.06924	0	-0.354064	-0.00283677	0.00837251	0	0.0490099	0	0	0	0	0	-0.290086	-0.0129782	0.0196941	0	0	0.0461043	0.0276666	0	0	0.154533	-0.0124595	0.560089
2017-03-16 00:00:00	-1.31298	0.244778	1.07763	0	0.0738185	-0.00239716	0.00774345	0	0.0388005	0	0	0	0	0	0.0410501	-0.0129701	0.0196727	0	0	0.0393604	0.0254833	0	0	0.153928	-0.0122167	0.381699
2017-03-17 00:00:00	-11.6708	1.20759	1.08534	0	2.06172	-0.0388434	0.128909	0	1.39558	0	0	0	0	0	4.04147	-0.0129888	0.0197039	0	0	0.0501515	0.0270367	0	0	0.150992	-0.0209475	-1.5751
2017-03-18 00:00:00	-5.50669	-0.0125843	1.16026	0	0.0277042	-0.0433238	0.162708	0	2.05189	0	0	0	0	0	1.46231	-0.0130257	0.0197588	0	0	0.0732375	0.0335881	0	0	0.148748	-0.0309727	-0.466383
2017-03-19 00:00:00	-7.22864	-0.00181349	1.20339	0	0.257063	-0.0557278	0.221377	0	2.62257	0	0	0	0	0	2.24901	-0.0130656	0.0197998	0	0	0.0841329	0.0371751	0	0	0.148284	-0.0350911	-0.491543
2017-03-20 00:00:00	-5.09278	0.000463786	1.1044	0	-0.0755575	-0.0475806	0.158996	0	2.34972	0	0	0	0	0	1.16078	-0.0130975	0.0198409	0	0	0.0902999	0.038571	0	0	0.149354	-0.0343515	-0.190936
2017-03-21 00:00:00	-6.19317	-0.0331638	0.661412	0	-0.00450717	-0.0417256	0.193931	0	2.69376	0	0	0	0	0	1.83703	-0.0131331	0.0198355	0	0	0.0884765	0.0365749	0	0	0.148809	-0.0376199	-0.643482
2017-03-22 00:00:00	-11.949	0.0210034	0.630413	0	0.703504	-0.0969238	0.398906	0	4.73177	0	0	0	0	0	4.24268	-0.0131913	0.019925	0	0	0.120089	0.0450614	0	0	0.148556	-0.038445	-1.03569
2017-03-23 00:00:00	-16.1385	-0.00875645	0.959717	0	-0.0667909	-0.176857	0.68373	0	6.65737	0	0	0	0	0	5.51008	-0.0132982	0.0202404	0	0	0.23919	0.0841489	0	0	0.150302	-0.0384848	-2.13793
2017-03-24 00:00:00	0	-0.986487	1.33386	0	-0.92929	-0.047776	0.184188	0	2.15297	0	0	0	0	0	-1.69454	-0.0133677	0.0203869	0	0	0.276239	0.0982731	0	0	0.156898	-0.0299125	0.521439
2017-03-25 00:00:00	0	-0.269293	1.61345	0	-0.555477	-0.00930804	0.0320111	0	0.365652	0	0	0	0	0	-1.31326	-0.0133629	0.0203865	0	0	0.214505	0.0798837	0	0	0.161354	-0.0206309	0.305912
2017-03-26 00:00:00	0	-0.206189	1.8175	0	-0.873893	-0.0111321	0.0369624	0	0.324426	0	0	0	0	0	-1.04511	-0.0133588	0.0203805	0	0	0.185657	0.0705981	0	0	0.162098	-0.0175802	0.45036
2017-03-27 00:00:00	0	-0.145204	1.76889	0	-0.557587	-0.00703037	0.0233426	0	0.162687	0	0	0	0	0	-0.866768	-0.013352	0.0203619	0	0	0.15247	0.0597725	0	0	0.161959	-0.0160185	0.743523
2017-03-28 00:00:00	-1.21762	0.0445607	1.30335	0	0.196912	-0.0071407	0.0258615	0	0.151002	0	0	0	0	0	-0.305271	-0.0133516	0.0203406	0	0	0.12499	0.0511761	0	0	0.161512	-0.0149166	0.521411
2017-03-29 00:00:00	-0.574525	-0.130869	1.41411	0	-0.16254	-0.00484673	0.0183894	0	0.1219	0	0	0	0	0	-0.387463	-0.0133456	0.0203205	0	0	0.105641	0.0450348	0	0	0.160991	-0.0143973	0.598398
2017-03-30 00:00:00	-1.98624	0.595089	1.36068	0	0.0555588	-0.00534438	0.0204429	0	0.120473	0	0	0	0	0	-0.0323435	-0.0133369	0.0203006	0	0	0.0884492	0.0398382	0	0	0.16044	-0.0138204	0.410193
2017-03-31 00:00:00	-2.02436	0.214532	1.52282	0	0.0558112	-0.00735486	0.0299426	0	0.18023	0	0	0	0	0	0.0771825	-0.0133327	0.0202928	0	0	0.0792189	0.0367586	0	0	0.159569	-0.0137006	0.317616
2017-04-01 00:00:00	-0.44866	-0.744031	1.48966	0	-0.110891	-0.00436426	0.0190014	0	0.109249	0	0	0	0	0	-0.0791491	-0.0133265	0.0202749	0	0	0.0692618	0.0336113	0	0	0.158988	-0.0132356	0.48639
2017-04-02 00:00:00	0	-0.172723	1.29214	0	-0.438641	-0.00114862	0.00353376	0	0.0441578	0	0	0	0	0	-0.317194	-0.0133192	0.0202528	0	0	0.0575557	0.0303844	0	0	0.158143	-0.012676	0.650466
2017-04-03 00:00:00	-0.0446534	-0.00283964	1.30385	0	-0.250357	-8.3159E-05	0.000969574	0	0.00426277	0	0	0	0	0	-0.462326	-0.0133059	0.0202133	0	0	0.0432851	0.025831	0	0	0.157544	-0.0116635	0.77073
2017-04-04 00:00:00	-0.382874	0	1.4272	0	-0.23915	-0.000556017	0.00290885	0	0.00843805	0	0	0	0	0	-0.233708	-0.0133012	0.0201968	0	0	0.037924	0.0241104	0	0	0.155931	-0.011085	0.796031
2017-04-05 00:00:00	0	0	1.34439	0	-0.197353	-0.000110044	0.000695951	0	0.00737142	0	0	0	0	0	-0.375846	-0.0132848	0.020152	0	0	0.0291383	0.0211931	0	0	0.155085	-0.0108894	0.980541
2017-04-06 00:00:00	0	0	1.3083	0	-0.327019	-5.8702E-05	0.000571338	0	0.00167064	0	0	0	0	0	-0.189873	-0.0132725	0.0201148	0	0	0.0244417	0.0194928	0	0	0.153562	-0.0106222	0.987312
2017-04-07 00:00:00	-0.363051	0	1.41715	0	-0.0114093	-4.87687E-05	0.00026919	0	0.000493348	0	0	0	0	0	-0.431903	-0.013266	0.0201034	0	0	0.0213237	0.0183691	0	0	0.152149	-0.0104009	0.799778
2017-04-08 00:00:00	0	0	1.56181	0	-0.0838351	-5.18377E-05	0.000392115	0	0.000285346	0	0	0	0	0	-0.38794	-0.0132543	0.0200743	0	0	0.0179185	0.0170183	0	0	0.150391	-0.0102109	1.2726
2017-04-09 00:00:00	-0.114545	0	1.45259	0	0.037762	-0.000122511	0.00165554	0	0.000150187	0	0	0	0	0	-0.246583	-0.0132447	0.0200566	0	0	0.0162095	0.0162622	0	0	0.148212	-0.00998014	1.30842
2017-04-10 00:00:00	-0.198437	0	1.36429	0	0.0302574	-8.38007E-05	0.00108324	0	0.000272317	0	0	0	0	0	-0.366608	-0.0132261	0.0200205	0	0	0.0141056	0.01524	0	0	0.146702	-0.00986226	1.00376
2017-04-11 00:00:00	-1.19146	0.0391825	1.6034	0	0.0595678	-9.17471E-05	0.0016968	0	0.00416572	0	0	0	0	0	0.0295511	-0.0132183	0.0200066	0	0	0.0133977	0.0148228	0	0	0.144598	-0.00973218	0.715884
2017-04-12 00:00:00	-1.23947	0.031679	1.59602	0	0.0159102	-5.43581E-05	0.000972106	0	0.0115781	0	0	0	0	0	-0.0639162	-0.0132039	0.0199744	0	0	0.0129601	0.0144885	0	0	0.143538	-0.0097167	0.520752
2017-04-13 00:00:00	-0.574762	-0.070864	1.40846	0	0.0220816	-7.42455E-05	0.00101227	0	0.00709034	0	0	0	0	0	-0.149605	-0.0131896	0.0199517	0	0	0.0124217	0.014181	0	0	0.142208	-0.00964536	0.809271
2017-04-14 00:00:00	-2.35066	0.529124	1.65996	0	0.0466868	-0.000583652	0.00286892	0	0.0112849	0	0	0	0	0	0.250178	-0.0131868	0.0199395	0	0	0.0126544	0.0144061	0	0	0.140514	-0.00961593	0.31357
2017-04-15 00:00:00	-0.299219	-0.529124	1.46437	0	-0.00915461	-0.000286837	0.00186285	0	0.0217824	0	0	0	0	0	-0.114296	-0.0131778	0.01992	0	0	0.0130013	0.0143964	0	0	0.139415	-0.00968397	0.699807
2017-04-16 00:00:00	-4.33807	1.17141	1.55219	0	0.182527	-0.0015988	0.00851625	0	0.0339072	0	0	0	0	0	0.703386	-0.0131726	0.0199104	0	0	0.0147563	0.0147427	0	0	0.138502	-0.00968564	-0.52268
2017-04-17 00:00:00	0	-1.00949	1.48854	0	-0.0197193	-0.00141709	0.00698809	0	0.0458546	0	0	0	0	0	-0.11913	-0.0131674	0.0198958	0	0	0.0169276	0.0154219	0	0	0.137963	-0.00987992	0.558781
2017-04-18 00:00:00	0	-0.161919	1.65193	0	-0.27761	-0.000198346	0.000524639	0	0.0116246	0	0	0	0	0	-0.265234	-0.0131451	0.0198594	0	0	0.015185	0.0154436	0	0	0.137513	-0.00980541	1.12417
2017-04-19 00:00:00	-0.0992187	0	1.499	0	-0.0699742	-2.49847E-05	9.54513E-05	0	0.000504153	0	0	0	0	0	-0.494297	-0.0131325	0.0198354	0	0	0.013376	0.0144465	0	0	0.136382	-0.00956024	0.997429
2017-04-20 00:00:00	-0.2	0	1.74741	0	0.036764	-0.000126023	0.00119538	0	2.27456E-05	0	0	0	0	0	-0.422065	-0.0131217	0.0198179	0	0	0.0122525	0.013761	0	0	0.134389	-0.00935249	1.32095
2017-04-21 00:00:00	-1.10307	0	1.76562	0	0.0656781	-7.09148E-05	0.000853595	0	0.000178847	0	0	0	0	0	-0.103869	-0.0130994	0.0197736	0	0	0.0116007	0.0134672	0	0	0.133503	-0.00925327	0.781309
2017-04-22 00:00:00	0	0	1.43742	0	-0.0763106	-6.95305E-05	0.000874358	0	0.000306553	0	0	0	0	0	-0.385161	-0.0130907	0.0197547	0	0	0.0109896	0.0130055	0	0	0.131876	-0.00919617	1.1304
2017-04-23 00:00:00	0	0	1.51847	0	-0.0414795	-1.77557E-05	0.000104911	0	6.87192E-05	0	0	0	0	0	-0.368587	-0.0130629	0.0196819	0	0	0.00983425	0.0123602	0	0	0.131009	-0.009138	1.25924
2017-04-24 00:00:00	-1.24671	0.00628078	1.56513	0	0.0740623	-0.000124494	0.0019251	0	0.000103834	0	0	0	0	0	-0.0465715	-0.0130585	0.0196718	0	0	0.009905	0.0124465	0	0	0.12933	-0.0090625	0.503329
2017-04-25 00:00:00	-3.33062	0.900923	1.38583	0	0.146777	-0.000938589	0.00485292	0	0.0182968	0	0	0	0	0	0.537492	-0.0130492	0.0196629	0	0	0.011718	0.0131689	0	0	0.128237	-0.00910346	-0.18675
2017-04-26 00:00:00	-0.0545653	-0.783899	1.19472	0	0.0306222	-0.0010931	0.00571584	0	0.0328433	0	0	0	0	0	-0.0449605	-0.0130417	0.0196498	0	0	0.0141954	0.0140437	0	0	0.127556	-0.00922064	0.532569
2017-04-27 00:00:00	-0.608349	-0.0995635	1.78406	0	-0.105487	-0.000356455	0.00183982	0	0.0185159	0	0	0	0	0	-0.248057	-0.0130279	0.0196271	0	0	0.0138788	0.0144023	0	0	0.126806	-0.00919607	0.895092
2017-04-28 00:00:00	0	-0.0236781	1.76325	0	-0.0733943	-5.48102E-05	0.000385519	0	0.00214169	0	0	0	0	0	-0.592741	-0.0130004	0.0195876	0	0	0.0119393	0.0134466	0	0	0.126132	-0.0091116	1.2249
2017-04-29 00:00:00	-0.104633	0	1.70489	0	-0.219813	-7.23388E-06	0.000171736	0	0	0	0	0	0	0	-0.27583	-0.0129801	0.0195536	0	0	0.0106421	0.0127307	0	0	0.12494	-0.00898973	1.25068
2017-04-30 00:00:00	0	0	1.78136	0	-0.0691291	-1.41166E-05	5.84251E-05	0	0	0	0	0	0	0	-0.697232	-0.0129603	0.0195376	0	0	0.00925855	0.0118202	0	0	0.12399	-0.00890008	1.15779
2017-05-01 00:00:00	0	0	1.77694	0	-0.0403753	-3.60962E-05	0.000105456	0	0	0	0	0	0	0	-0.53828	-0.0129073	0.0195152	0	0	0.00823052	0.0111558	0	0	0.122666	-0.00878542	1.33823
2017-05-02 00:00:00	0	0	1.72484	0	-0.0195084	-4.00775E-05	0.000114179	0	0	0	0	0	0	0	-0.510479	-0.0128653	0.0194773	0	0	0.00743511	0.0106039	0	0	0.121532	-0.00868255	1.33243
2017-05-03 00:00:00	-0.05998	0	1.68786	0	-0.00436263	-4.65979E-05	0.000145109	0	0	0	0	0	0	0	-0.502711	-0.0127972	0.0194525	0	0	0.00696294	0.010287	0	0	0.120486	-0.00860525	1.25669
2017-05-04 00:00:00	0	0	1.71706	0	-0.0102372	-4.10382E-05	0.00014945	0	0	0	0	0	0	0	-0.537537	-0.0127568	0.0194401	0	0	0.00649138	0.00991793	0	0	0.119346	-0.00854307	1.30329
2017-05-05 00:00:00	0	0	1.68524	0	-0.00703875	-4.15847E-05	0.00016389	0	0	0	0	0	0	0	-0.530288	-0.0127603	0.0194028	0	0	0.00608799	0.009599	0	0	0.11818	-0.00845819	1.28009
2017-05-06 00:00:00	-0.0545653	0	1.69816	0	-0.0037108	-4.08628E-05	0.000175187	0	0	0	0	0	0	0	-0.492946	-0.0127566	0.0193384	0	0	0.00574316	0.00932676	0	0	0.117079	-0.00838309	1.27742
2017-05-07 00:00:00	0	0	1.77051	0	-0.00952006	-3.7015E-05	0.00013817	0	0	0	0	0	0	0	-0.609828	-0.0127368	0.019307	0	0	0.00539608	0.00904802	0	0	0.115918	-0.00831284	1.27988
2017-05-08 00:00:00	0	0	1.6342	0	-0.00292498	-3.7552E-05	0.000179029	0	0	0	0	0	0	0	-0.551079	-0.0127142	0.0192759	0	0	0.00514018	0.00886552	0	0	0.114805	-0.00824399	1.20746
2017-05-09 00:00:00	0	0	1.85975	0	-0.0117179	-2.46987E-05	0.000109932	0	0	0	0	0	0	0	-0.637614	-0.0126599	0.0192502	0	0	0.00483655	0.00861353	0	0	0.113643	-0.00818593	1.336
2017-05-10 00:00:00	0	0	2.03605	0	-0.0160782	-1.66372E-05	9.28262E-05	0	0	0	0	0	0	0	-0.691981	-0.0126285	0.0192104	0	0	0.00445313	0.00829044	0	0	0.112478	-0.00812398	1.45175
2017-05-11 00:00:00	0	0	4.11077	0	-0.0862065	0	0	0	0	0	0	0	0	0	-1.57016	-0.0125893	0.0191763	0	0	0.00316649	0.00702816	0	0	0.111268	-0.00805966	2.57439
2017-05-12 00:00:00	0	0	2.43295	0	-0.00703178	0	4.74587E-05	0	0	0	0	0	0	0	-0.848099	-0.0125389	0.0191672	0	0	0.00264756	0.00657273	0	0	0.109966	-0.00789135	1.69579
2017-05-13 00:00:00	-1.82059	0.00180422	2.31818	0	0.0552666	-3.57712E-05	0.000170156	0	0	0	0	0	0	0	-0.10856	-0.0125285	0.019139	0	0	0.00333174	0.00728821	0	0	0.108811	-0.00780566	0.564469
2017-05-14 00:00:00	0	-0.00180422	2.04765	0	-0.0150436	-5.45623E-06	8.40905E-05	0	0	0	0	0	0	0	-0.812782	-0.012501	0.0191103	0	0	0.00341693	0.00726716	0	0	0.107714	-0.00783701	1.33527
2017-05-15 00:00:00	-8.88964	1.70044	2.63093	0	0.182594	-0.000220751	0.00245732	0	0	0	0	0	0	0	2.03795	-0.0125116	0.0191407	0	0	0.00579957	0.00863267	0	0	0.106652	-0.00786153	-2.21564
2017-05-16 00:00:00	-2.5787	-0.251701	2.59928	0	0.0381137	-9.84969E-05	0.00153644	0	0	0	0	0	0	0	0.121025	-0.0125109	0.0191309	0	0	0.0084441	0.0105459	0	0	0.106513	-0.00815211	0.0534345
2017-05-17 00:00:00	0	-1.06309	2.57591	0	-0.074376	-1.40078E-05	0.000236236	0	0	0	0	0	0	0	-0.595395	-0.0124952	0.0191068	0	0	0.00885671	0.0112678	0	0	0.106017	-0.00821289	0.967808
2017-05-18 00:00:00	0	-0.247471	2.09186	0	-0.0981141	0	0	0	0	0	0	0	0	0	-0.60731	-0.0124525	0.0190653	0	0	0.00753173	0.0106599	0	0	0.105539	-0.00818588	1.26112
2017-05-19 00:00:00	-0.318397	-0.116241	2.17838	0	-0.0118444	0	4.73509E-05	0	0	0	0	0	0	0	-0.935969	-0.0124427	0.0190361	0	0	0.00669248	0.0100368	0	0	0.104693	-0.00809849	0.915897
2017-05-20 00:00:00	-14.0961	1.9559	2.37451	0	0.562875	-0.000387295	0.0129872	0	0.00467837	0	0	0	0	0	4.47886	-0.012494	0.0191236	0	0	0.0142363	0.0143691	0	0	0.103824	-0.00818137	-4.57582
2017-05-21 00:00:00	-0.309131	-1.25363	2.27488	0	-0.108701	-0.00207883	0.0104704	0	0.0172174	0	0	0	0	0	-0.468971	-0.0125131	0.0191467	0	0	0.0208167	0.018509	0	0	0.104449	-0.00883546	0.301628
2017-05-22 00:00:00	-3.15173	0.361773	2.77468	0	0.0809314	-0.00134468	0.00772465	0	0.0182898	0	0	0	0	0	0.0674669	-0.0125014	0.0191216	0	0	0.019612	0.0182482	0	0	0.104562	-0.00878484	0.298044
2017-05-23 00:00:00	-0.889307	-0.644314	2.90914	0	-0.189231	-0.000741879	0.00370677	0	0.0201074	0	0	0	0	0	-0.551655	-0.0124873	0.0190979	0	0	0.017818	0.0173225	0	0	0.104346	-0.00872756	0.79508
2017-05-24 00:00:00	-0.244653	-0.209604	2.51066	0	-0.0885909	-2.36767E-05	0.000132188	0	0.000116143	0	0	0	0	0	-0.9695	-0.012454	0.0190572	0	0	0.0143506	0.0151084	0	0	0.104123	-0.008572	1.13016
2017-05-25 00:00:00	0	-0.232254	4.0759	0	-0.329789	0	0	0	1.32085E-05	0	0	0	0	0	-1.54523	-0.0124425	0.0189688	0	0	0.0104237	0.0124681	0	0	0.103538	-0.00839928	2.0932
2017-05-26 00:00:00	0	0	2.69538	0	-0.0206535	0	0	0	0	0	0	0	0	0	-1.31402	-0.0124271	0.0189408	0	0	0.0079969	0.0108967	0	0	0.102978	-0.00816586	1.48092
2017-05-27 00:00:00	-5.54737	0.496206	2.99641	0	0.394768	-0.000168863	0.00178194	0	4.53338E-05	0	0	0	0	0	0.960946	-0.0124135	0.0190031	0	0	0.0143928	0.0143216	0	0	0.102151	-0.00799701	-0.567925
2017-05-28 00:00:00	0	-0.441398	2.47897	0	-0.103683	-0.00125987	0.00642244	0	0.00783437	0	0	0	0	0	-0.839518	-0.0123949	0.0189832	0	0	0.0157778	0.0154798	0	0	0.101445	-0.00836813	1.23829
2017-05-29 00:00:00	-0.25998	-0.0304095	2.28368	0	-0.037626	-1.58721E-05	7.82741E-05	0	5.03966E-06	0	0	0	0	0	-0.874481	-0.0123608	0.0189408	0	0	0.0131005	0.0143607	0	0	0.101154	-0.00834457	1.2081
2017-05-30 00:00:00	-1.08774	-0.0142882	2.46343	0	-0.126945	-1.13851E-05	5.17503E-05	0	0	0	0	0	0	0	-0.450757	-0.0123308	0.0189095	0	0	0.011525	0.0133556	0	0	0.100455	-0.00821791	0.907428
2017-05-31 00:00:00	0	-0.0101042	3.22513	0	-0.094855	0	1.83439E-07	0	0	0	0	0	0	0	-1.74813	-0.0122964	0.0188796	0	0	0.00884174	0.0115124	0	0	0.0999255	-0.00810818	1.4908
2017-06-01 00:00:00	-0.0953666	0	2.58264	0	-0.0191852	0	1.0537E-05	0	0	0	0	0	0	0	-1.19511	-0.0122606	0.018856	0	0	0.00694749	0.0102684	0	0	0.0989872	-0.00790655	1.38789
2017-06-02 00:00:00	-0.574525	0	2.87312	0	-0.00325867	0	5.18222E-05	0	0	0	0	0	0	0	-1.12581	-0.01224	0.0188069	0	0	0.00590941	0.00950276	0	0	0.0982184	-0.00775456	1.28203
2017-06-03 00:00:00	0	0	3.62907	0	-0.029401	0	0	0	0	0	0	0	0	0	-1.83993	-0.0122064	0.0187515	0	0	0.00433724	0.00815631	0	0	0.0974554	-0.00763986	1.86859
2017-06-04 00:00:00	-1.71943	0.00982693	2.57401	0	0.022018	0	0.000126058	0	0	0	0	0	0	0	-0.380311	-0.0121739	0.0187297	0	0	0.00407511	0.00797958	0	0	0.0966049	-0.00748552	0.61397
2017-06-05 00:00:00	-8.9824	1.74961	2.76368	0	0.205133	-0.000135774	0.000811945	0	0	0	0	0	0	0	2.23156	-0.0121763	0.0187631	0	0	0.00694274	0.00953654	0	0	0.0959501	-0.00750483	-1.92023
2017-06-06 00:00:00	-38.4885	0.447946	2.58382	0	1.50616	-0.0374585	0.243516	0	0.82172	0	0	0	0	0	16.6546	-0.0122881	0.0190471	0	0	0.0397786	0.0283737	0	0	0.096716	-0.00942346	-16.106
2017-06-07 00:00:00	-1.37721	-1.13061	2.77955	0	-0.438812	-0.0130847	0.0629827	0	0.366666	0	0	0	0	0	-1.41212	-0.0123712	0.0192154	0	0	0.0697078	0.0442844	0	0	0.10002	-0.0114295	-0.953214
2017-06-08 00:00:00	-14.2675	1.14406	3.02197	0	0.581567	-0.0234469	0.141341	0	0.602543	0	0	0	0	0	4.21618	-0.0124004	0.0192463	0	0	0.0697139	0.0436071	0	0	0.102967	-0.0122721	-4.37241
2017-06-09 00:00:00	-0.240801	-1.51674	3.01006	0	-0.515439	-0.00842101	0.0406124	0	0.307265	0	0	0	0	0	-1.31992	-0.0124257	0.0192736	0	0	0.0701376	0.0434278	0	0	0.106	-0.0121465	-0.0291188
2017-06-10 00:00:00	-2.41173	-0.112039	3.07645	0	0.0364818	-0.00563805	0.0250074	0	0.141442	0	0	0	0	0	-0.558379	-0.0124179	0.0192493	0	0	0.0596711	0.0386275	0	0	0.1073	-0.0104918	0.393533
2017-06-11 00:00:00	-3.12789	0.134742	3.06644	0	-0.0456476	-0.0050277	0.0236411	0	0.14328	0	0	0	0	0	-0.177586	-0.0124101	0.0192233	0	0	0.0525826	0.034859	0	0	0.107524	-0.0103008	0.203427
2017-06-12 00:00:00	-0.291514	-0.5611	2.79652	0	-0.422456	-0.00134035	0.00608093	0	0.0509006	0	0	0	0	0	-0.978867	-0.0124007	0.0191946	0	0	0.0449795	0.0307015	0	0	0.107756	-0.00999366	0.778457
2017-06-13 00:00:00	-1.09082	-0.096871	2.855	0	-0.323618	-0.000227159	0.000657616	0	0.00571387	0	0	0	0	0	-0.571333	-0.0123811	0.0191507	0	0	0.0363015	0.026325	0	0	0.107865	-0.00967484	0.946082
2017-06-14 00:00:00	0	-0.0612761	2.95892	0	-0.302517	0	4.71154E-05	0	0.000658569	0	0	0	0	0	-1.43216	-0.0123675	0.0191225	0	0	0.0298495	0.0228876	0	0	0.107658	-0.00923925	1.32158
2017-06-15 00:00:00	-9.1645	1.95028	3.15976	0	0.784014	-0.00407059	0.0191447	0	0.0541536	0	0	0	0	0	2.03383	-0.0123737	0.0191327	0	0	0.031278	0.0226837	0	0	0.107407	-0.00897883	-1.00823
2017-06-16 00:00:00	-0.714545	-1.49772	3.13141	0	-0.213613	-0.00215614	0.0103474	0	0.0762749	0	0	0	0	0	-0.458159	-0.0123703	0.0191216	0	0	0.0319261	0.0230074	0	0	0.10749	-0.00915912	0.491856
2017-06-17 00:00:00	0	-0.386896	3.16619	0	-0.367816	-1.25714E-05	0.000154847	0	0.0026861	0	0	0	0	0	-1.38772	-0.0123528	0.0190798	0	0	0.0248273	0.0199713	0	0	0.107449	-0.0089894	1.17657
2017-06-18 00:00:00	0	-0.0731953	3.30146	0	-0.390572	0	0	0	0.00116019	0	0	0	0	0	-1.23758	-0.0123323	0.0190366	0	0	0.0183694	0.0165955	0	0	0.107102	-0.00875783	1.74129
2017-06-19 00:00:00	-0.0545653	0	3.32515	0	-0.0655494	0	0	0	4.01877E-05	0	0	0	0	0	-1.55714	-0.0123155	0.01901	0	0	0.0137626	0.0140768	0	0	0.106834	-0.00837997	1.78093
2017-06-20 00:00:00	0	0	3.72602	0	-0.0271242	0	0	0	0	0	0	0	0	0	-1.59036	-0.0122929	0.0189619	0	0	0.00973427	0.0118015	0	0	0.106298	-0.00812361	2.23492
2017-06-21 00:00:00	-0.927819	0	2.98681	0	0.00761536	0	0	0	0	0	0	0	0	0	-0.696406	-0.0122748	0.0189296	0	0	0.00802947	0.0108797	0	0	0.105788	-0.00788969	1.49366
2017-06-22 00:00:00	0	0	2.81451	0	0.00568965	0	0.000106613	0	0	0	0	0	0	0	-1.04929	-0.0122592	0.0189025	0	0	0.00683878	0.0101085	0	0	0.105127	-0.00773014	1.89201
2017-06-23 00:00:00	-2.21269	0.000200009	3.04426	0	0.065663	0	0.000225564	0	0	0	0	0	0	0	-0.31627	-0.0122363	0.0188371	0	0	0.00631515	0.00981281	0	0	0.104752	-0.00762906	0.701237
2017-06-24 00:00:00	-0.0893068	-0.000200009	2.56785	0	-0.0428487	0	3.45048E-05	0	0	0	0	0	0	0	-0.969864	-0.0122194	0.0188109	0	0	0.00569529	0.00932166	0	0	0.104062	-0.00758249	1.58376
2017-06-25 00:00:00	-0.114545	0	2.53302	0	-0.0361026	0	0	0	0	0	0	0	0	0	-0.847816	-0.0121783	0.0187602	0	0	0.00472102	0.00865015	0	0	0.103668	-0.00751981	1.65066
2017-06-26 00:00:00	0	0	2.49293	0	-0.00401535	0	0	0	0	0	0	0	0	0	-1.25584	-0.0121671	0.0187242	0	0	0.00390687	0.00800805	0	0	0.10306	-0.00745795	1.34715
2017-06-27 00:00:00	-15.9929	2.38459	2.90748	0	0.555517	-0.000326777	0.00440352	0	0.000433294	0	0	0	0	0	5.11033	-0.0122086	0.0188379	0	0	0.0134713	0.0137777	0	0	0.102433	-0.00759932	-4.90177
2017-06-28 00:00:00	-0.273744	-1.64167	2.91088	0	-0.0975458	-0.00171776	0.00901967	0	0.014213	0	0	0	0	0	-0.579639	-0.0122228	0.0188656	0	0	0.0224494	0.0190332	0	0	0.102826	-0.00844648	0.482305
2017-06-29 00:00:00	-34.0171	1.79499	2.17853	0	1.9065	-0.0561325	0.311148	0	1.81351	0	0	0	0	0	14.3972	-0.0122895	0.0190657	0	0	0.0522151	0.0332769	0	0	0.102922	-0.0106628	-11.4868
2017-06-30 00:00:00	-5.7962	0.00281117	2.36058	0	-0.336809	-0.0248005	0.134254	0	1.08389	0	0	0	0	0	0.199946	-0.0123594	0.0192267	0	0	0.0883901	0.0491228	0	0	0.106429	-0.0131681	-2.13869
2017-07-01 00:00:00	-0.219179	-1.70346	2.89316	0	-0.423388	-0.010003	0.0493793	0	0.444797	0	0	0	0	0	-1.16665	-0.0123606	0.0192113	0	0	0.0807131	0.0452871	0	0	0.109359	-0.0118317	0.0950305
2017-07-02 00:00:00	-3.59784	0.599695	3.08779	0	0.201578	-0.00399434	0.0182103	0	0.131047	0	0	0	0	0	-0.414802	-0.0123516	0.019179	0	0	0.0672815	0.0397023	0	0	0.110541	-0.0105527	0.235483
2017-07-03 00:00:00	-0.380821	-0.806718	2.9341	0	-0.580261	-0.00291883	0.0145758	0	0.154583	0	0	0	0	0	-0.890899	-0.0123429	0.0191512	0	0	0.056503	0.0345097	0	0	0.110741	-0.0103546	0.639854
2017-07-04 00:00:00	-11.6472	1.97639	2.99374	0	0.940897	-0.0181022	0.0768114	0	0.570232	0	0	0	0	0	3.11348	-0.0123564	0.0191797	0	0	0.0571457	0.0340313	0	0	0.11046	-0.0117523	-1.79701
2017-07-05 00:00:00	0	-1.83433	3.12124	0	-0.603042	-0.00669566	0.0309976	0	0.382811	0	0	0	0	0	-1.01114	-0.0123703	0.0191883	0	0	0.0592023	0.0350246	0	0	0.110951	-0.0134842	0.278354
2017-07-06 00:00:00	-1.04827	-0.281184	3.17551	0	-0.366291	-0.000583447	0.00170199	0	0.0318369	0	0	0	0	0	-0.832656	-0.0123528	0.0191466	0	0	0.0458155	0.029502	0	0	0.112229	-0.0107127	0.863698
2017-07-07 00:00:00	-0.586236	-0.306226	3.03445	0	-0.524597	-0.00112638	0.00308005	0	0.0222794	0	0	0	0	0	-0.993827	-0.0123476	0.0191301	0	0	0.0402975	0.0270648	0	0	0.112097	-0.010059	0.823977
2017-07-08 00:00:00	0	-0.166613	3.01771	0	-0.230359	-0.000126048	0.000102852	0	0.00634271	0	0	0	0	0	-1.48007	-0.0123269	0.0190827	0	0	0.0291605	0.0219041	0	0	0.111902	-0.00972226	1.30699
2017-07-09 00:00:00	-2.1121	-0.00567191	3.19556	0	-0.131191	0	3.76047E-05	0	0.0031831	0	0	0	0	0	-0.138412	-0.0123137	0.0190567	0	0	0.0255279	0.0203556	0	0	0.111522	-0.00905913	0.96649
2017-07-10 00:00:00	-4.32318	1.16421	2.87719	0	0.32519	-0.00065312	0.00279756	0	0.00352221	0	0	0	0	0	-0.0209824	-0.0123097	0.0190447	0	0	0.0253382	0.0200191	0	0	0.111102	-0.00876831	0.18252
2017-07-11 00:00:00	-0.0408013	-1.15802	2.65526	0	-0.0928094	-0.00152838	0.00588747	0	0.0314649	0	0	0	0	0	-0.581182	-0.0123011	0.0190219	0	0	0.024604	0.0195716	0	0	0.110635	-0.00890619	0.9709
2017-07-12 00:00:00	-0.0545653	-0.0190529	4.9487	0	-0.526006	0	5.93396E-06	0	0.00123934	0	0	0	0	0	-1.98051	-0.0122733	0.0189646	0	0	0.0156929	0.0157202	0	0	0.110502	-0.00865725	2.50976
2017-07-13 00:00:00	-3.19375	0.392076	3.0631	0	0.111572	0	0	0	0.000257085	0	0	0	0	0	-0.100173	-0.0122638	0.0189417	0	0	0.0141409	0.0150712	0	0	0.109942	-0.00816976	0.410744
2017-07-14 00:00:00	-0.454565	-0.392076	2.90666	0	-0.0312037	0	7.52411E-05	0	0.000182289	0	0	0	0	0	-0.82226	-0.0122555	0.0189082	0	0	0.011666	0.013685	0	0	0.109323	-0.00808457	1.34006
2017-07-15 00:00:00	-3.90448	0.563079	3.38641	0	0.107138	0	0.00019842	0	0.00013063	0	0	0	0	0	0.148327	-0.0122457	0.0188892	0	0	0.0119359	0.0137901	0	0	0.108619	-0.00794579	0.433844
2017-07-16 00:00:00	-0.190088	-0.563079	2.86577	0	0.0165509	-1.05587E-05	0.000357049	0	3.56455E-05	0	0	0	0	0	-0.926876	-0.0122373	0.0188636	0	0	0.0111987	0.013514	0	0	0.107612	-0.00792961	1.33369
2017-07-17 00:00:00	0	0	2.96628	0	-0.0705815	0	4.9087E-05	0	3.94492E-07	0	0	0	0	0	-1.29706	-0.0122165	0.0188023	0	0	0.00810719	0.0118418	0	0	0.10687	-0.00785116	1.72424
2017-07-18 00:00:00	0	0	3.04632	0	-0.136966	0	0	0	0	0	0	0	0	0	-1.16547	-0.0122038	0.0187314	0	0	0.0060808	0.0105744	0	0	0.105982	-0.00768911	1.86536
2017-07-19 00:00:00	-2.40859	0	3.32591	0	0.0385819	0	1.76896E-05	0	0	0	0	0	0	0	-0.389891	-0.0121865	0.0187179	0	0	0.00559096	0.0102269	0	0	0.105203	-0.00754723	0.686037
2017-07-20 00:00:00	-2.34978	0.000826034	2.8959	0	0.114189	-2.53213E-07	0.000369553	0	0	0	0	0	0	0	-0.279588	-0.0121795	0.0186977	0	0	0.00606651	0.0105511	0	0	0.104272	-0.00748935	0.50184
2017-07-21 00:00:00	0	-0.000826034	3.19281	0	-0.0717263	0	5.37762E-05	0	0	0	0	0	0	0	-1.49755	-0.0121376	0.0186206	0	0	0.00527395	0.00999195	0	0	0.103375	-0.00748119	1.74041
2017-07-22 00:00:00	-8.01838	2.25107	3.33154	0	0.144054	-6.72871E-05	0.00056191	0	0	0	0	0	0	0	1.26645	-0.0121315	0.0186266	0	0	0.00783028	0.0115178	0	0	0.102734	-0.00740418	-0.9036
2017-07-23 00:00:00	-6.13545	0.411871	2.95109	0	0.105178	-8.24422E-05	0.00147191	0	0.000371587	0	0	0	0	0	1.42765	-0.0121308	0.0186267	0	0	0.00993243	0.0127397	0	0	0.102308	-0.00767691	-1.1141
2017-07-24 00:00:00	-0.05998	-2.03736	3.05747	0	-0.0303059	-4.20572E-05	0.000909711	0	0.000700375	0	0	0	0	0	-0.511944	-0.0121049	0.0186157	0	0	0.0115202	0.0136617	0	0	0.102117	-0.0077958	0.545457
2017-07-25 00:00:00	0	-0.353111	2.77044	0	-0.135923	0	0	0	0.000249302	0	0	0	0	0	-1.12213	-0.0120889	0.0185814	0	0	0.00949764	0.0129692	0	0	0.101664	-0.00775791	1.28239
2017-07-26 00:00:00	-15.2015	2.68371	2.94458	0	0.632116	-0.000912864	0.00817445	0	0.0328674	0	0	0	0	0	4.64187	-0.0121192	0.0186349	0	0	0.0166126	0.0165378	0	0	0.10113	-0.00783372	-4.12611
2017-07-27 00:00:00	-3.61766	-0.20712	3.01979	0	0.0294699	-0.00358873	0.0149945	0	0.0995186	0	0	0	0	0	0.187563	-0.0121406	0.0186434	0	0	0.0233799	0.0197163	0	0	0.101429	-0.00930648	-0.335316
2017-07-28 00:00:00	-1.0223	-1.72812	3.08912	0	-0.000306257	-0.00200772	0.0087936	0	0.0523606	0	0	0	0	0	-0.266476	-0.0121356	0.018613	0	0	0.0230046	0.0193149	0	0	0.10172	-0.00935445	0.272226
2017-07-29 00:00:00	-1.48952	-0.267899	3.02809	0	-0.121411	-0.00204327	0.00861544	0	0.0429589	0	0	0	0	0	-0.606577	-0.0121255	0.0185903	0	0	0.0217381	0.0187842	0	0	0.101716	-0.00894609	0.731973
2017-07-30 00:00:00	-0.736013	-0.288374	2.8625	0	-0.175084	-0.00044115	0.00144364	0	0.0155017	0	0	0	0	0	-0.943569	-0.0121111	0.0185534	0	0	0.018458	0.0179553	0	0	0.101467	-0.0087401	0.871547
2017-07-31 00:00:00	-2.13749	-0.128895	2.87158	0	-0.0620502	-0.000213123	0.000136582	0	0.0061179	0	0	0	0	0	-0.0770577	-0.0120951	0.0185325	0	0	0.0170593	0.0173416	0	0	0.101077	-0.00854286	0.605498
2017-08-01 00:00:00	-3.25769	0.383314	2.84686	0	0.180215	-0.00151028	0.00628744	0	0.0205338	0	0	0	0	0	-0.0556225	-0.0120926	0.01852	0	0	0.0170056	0.0172083	0	0	0.100636	-0.00838097	0.255287
2017-08-02 00:00:00	-1.47198	-0.362307	2.84488	0	-0.0451207	-0.00135918	0.00534383	0	0.0389139	0	0	0	0	0	-0.587576	-0.0120769	0.0184806	0	0	0.0168835	0.0169426	0	0	0.100177	-0.00866298	0.552534
2017-08-03 00:00:00	-2.09177	-0.194299	3.05977	0	-0.0152492	-0.00189253	0.0082344	0	0.0267097	0	0	0	0	0	-0.320659	-0.0120596	0.0184605	0	0	0.0167709	0.0168267	0	0	0.0997865	-0.00840084	0.602228
2017-08-04 00:00:00	-0.806141	-0.083549	2.88983	0	-0.244196	-5.09205E-05	0.00020979	0	0.00846723	0	0	0	0	0	-0.867205	-0.0120492	0.0184168	0	0	0.0138296	0.0156925	0	0	0.0995564	-0.00818556	1.02462
2017-08-05 00:00:00	-1.8552	0.420144	2.67732	0	0.0223404	0	0.000370212	0	0.000882954	0	0	0	0	0	-0.885945	-0.0120457	0.0183946	0	0	0.0117959	0.0146095	0	0	0.0988731	-0.00787656	0.503668
2017-08-06 00:00:00	-5.61005	1.56864	2.68685	0	0.21411	-0.000486946	0.00228382	0	0.00607947	0	0	0	0	0	0.730631	-0.0120384	0.0183807	0	0	0.0126416	0.0148054	0	0	0.0982522	-0.00785628	-0.277758
2017-08-07 00:00:00	-0.733724	-1.58237	2.73027	0	0.0223752	-0.00147296	0.00667866	0	0.0359673	0	0	0	0	0	-0.293227	-0.0120311	0.0183688	0	0	0.0152782	0.0159452	0	0	0.0979302	-0.00818921	0.311802
2017-08-08 00:00:00	0	-0.398225	2.67558	0	-0.274159	-0.000463343	0.00125335	0	0.0128787	0	0	0	0	0	-1.09619	-0.0120048	0.0183283	0	0	0.0129195	0.0151976	0	0	0.0977265	-0.00821945	1.04462
2017-08-09 00:00:00	0	-0.0684153	2.6847	0	-0.174747	-9.09803E-06	3.67343E-05	0	0.00183716	0	0	0	0	0	-1.65815	-0.0119942	0.018305	0	0	0.00975615	0.0135651	0	0	0.0972574	-0.00794057	0.904197
2017-08-10 00:00:00	0	-0.0183611	2.46886	0	-0.0615062	0	4.46543E-05	0	0.000429078	0	0	0	0	0	-1.31453	-0.0119829	0.0182741	0	0	0.00766485	0.0122812	0	0	0.0965569	-0.00763829	1.19008
2017-08-11 00:00:00	-1.8558	0.123377	2.87486	0	0.0280836	0	8.22302E-05	0	0.000193784	0	0	0	0	0	-0.678928	-0.0119559	0.0182475	0	0	0.00713513	0.0119135	0	0	0.0957722	-0.00744758	0.605529
2017-08-12 00:00:00	-2.66653	0.0606513	2.74722	0	0.0919927	-9.7396E-07	0.000187325	0	0.00038639	0	0	0	0	0	-0.138434	-0.0119433	0.0182219	0	0	0.00799057	0.0122898	0	0	0.0950942	-0.00740111	0.209723
2017-08-13 00:00:00	0	-0.184027	2.53545	0	-0.0706782	0	7.82036E-05	0	0.000457488	0	0	0	0	0	-1.40818	-0.0119143	0.0181517	0	0	0.00676246	0.0115928	0	0	0.0945199	-0.00744608	0.984765
2017-08-14 00:00:00	-21.7282	3.30719	2.75933	0	1.07425	-0.0156679	0.0794444	0	0.26744	0	0	0	0	0	8.03239	-0.0119621	0.0182714	0	0	0.0232983	0.020894	0	0	0.0940442	-0.0081239	-6.0874
2017-08-15 00:00:00	-10.282	0.0093216	2.65635	0	0.228533	-0.0195348	0.08386	0	0.50955	0	0	0	0	0	3.50347	-0.0120189	0.0183656	0	0	0.0508863	0.0333943	0	0	0.0952314	-0.0131309	-3.13771
2017-08-16 00:00:00	-2.79867	-0.116337	2.6225	0	-0.11375	-0.010008	0.0405608	0	0.306274	0	0	0	0	0	-0.331421	-0.0120356	0.0183663	0	0	0.0542869	0.0340124	0	0	0.0982951	-0.0128402	-0.220771
2017-08-17 00:00:00	-7.87481	0.176935	2.8238	0	0.297133	-0.0125622	0.0474634	0	0.385627	0	0	0	0	0	2.3278	-0.0120481	0.0183622	0	0	0.0511839	0.0323259	0	0	0.0992758	-0.0137347	-1.65324
2017-08-18 00:00:00	-5.39289	-0.00234896	2.75141	0	0.0379696	-0.0140492	0.058588	0	0.531343	0	0	0	0	0	0.995388	-0.0120637	0.0183753	0	0	0.0526392	0.0325764	0	0	0.0996554	-0.014861	-0.85826
2017-08-19 00:00:00	-0.7714	-1.80272	2.74582	0	-0.138937	-0.00667052	0.0278836	0	0.275901	0	0	0	0	0	-0.425986	-0.012063	0.0183668	0	0	0.0506575	0.0313538	0	0	0.100924	-0.0129511	0.0801734
2017-08-20 00:00:00	0	-0.745124	2.72997	0	-0.414958	-0.00185	0.00549162	0	0.0689557	0	0	0	0	0	-1.15498	-0.0120515	0.0183432	0	0	0.0426823	0.0281552	0	0	0.101643	-0.0111227	0.655151
2017-08-21 00:00:00	-0.114545	-0.384736	3.39244	0	-0.613708	-0.000574442	0.000239109	0	0.0190966	0	0	0	0	0	-1.50984	-0.012037	0.0183134	0	0	0.0326399	0.0237677	0	0	0.101783	-0.0102298	0.942615
2017-08-22 00:00:00	0	-0.314968	2.70253	0	-0.148517	-0.000485344	0.00020883	0	0.00927733	0	0	0	0	0	-1.28613	-0.0120235	0.0182854	0	0	0.0249183	0.0204275	0	0	0.1016	-0.00948585	1.10564
2017-08-23 00:00:00	-8.75339	2.79745	2.77648	0	0.610583	-0.00175666	0.00483986	0	0.0243333	0	0	0	0	0	1.7958	-0.0120225	0.0182827	0	0	0.0251777	0.0203717	0	0	0.101336	-0.00926859	-0.60179
2017-08-24 00:00:00	-0.104633	-2.23674	2.54955	0	0.0221783	-0.00294862	0.0109987	0	0.0784032	0	0	0	0	0	-0.15551	-0.0120218	0.0182725	0	0	0.0282901	0.0216756	0	0	0.101294	-0.00970005	0.309106
2017-08-25 00:00:00	-5.57007	2.26804	2.68439	0	0.161331	-0.00334936	0.0124596	0	0.0737101	0	0	0	0	0	0.292095	-0.0120154	0.0182512	0	0	0.0270388	0.0209413	0	0	0.101211	-0.00941683	0.0646062
2017-08-26 00:00:00	-1.55158	-0.873159	2.46177	0	0.031398	-0.00225923	0.00827411	0	0.0604437	0	0	0	0	0	-0.0802691	-0.0120088	0.0182297	0	0	0.0258591	0.0203938	0	0	0.101159	-0.00933758	0.198917
2017-08-27 00:00:00	-0.0446534	-1.43863	2.45357	0	-0.219632	-0.00153355	0.00518067	0	0.044742	0	0	0	0	0	-0.487196	-0.0120002	0.0182056	0	0	0.0238639	0.0195988	0	0	0.101091	-0.00909899	0.453513
2017-08-28 00:00:00	-2.30994	0.330851	2.53928	0	0.0389512	-0.000437817	0.00124666	0	0.0130947	0	0	0	0	0	-0.376568	-0.0119904	0.0181829	0	0	0.0205301	0.0185463	0	0	0.10092	-0.00882443	0.373846
2017-08-29 00:00:00	-0.159199	-0.461253	2.08945	0	-0.253023	-0.000711489	0.000934552	0	0.0243799	0	0	0	0	0	-0.721564	-0.0119816	0.0181588	0	0	0.01772	0.017229	0	0	0.10056	-0.00878049	0.651916
2017-08-30 00:00:00	-0.100781	-0.171718	2.13539	0	-0.209439	-0.000222855	0.000245383	0	0.00523455	0	0	0	0	0	-1.09555	-0.0119632	0.01812	0	0	0.0137653	0.0154821	0	0	0.10041	-0.00850518	0.690469
2017-08-31 00:00:00	-0.0446534	-0.111162	2.15094	0	-0.264622	-0.000317635	7.50213E-05	0	0.00526615	0	0	0	0	0	-0.932086	-0.0119443	0.0180458	0	0	0.0108634	0.0141067	0	0	0.100047	-0.00830778	0.926248
2017-09-01 00:00:00	-0.229091	-0.120312	2.3419	0	-0.0512238	-0.000160806	2.5479E-05	0	0.00355124	0	0	0	0	0	-1.15642	-0.011932	0.0180253	0	0	0.00894496	0.0131633	0	0	0.0997426	-0.00804071	0.908172
2017-09-02 00:00:00	-0.0545653	-0.0868977	2.43684	0	-0.0481485	-0.000204849	7.57907E-05	0	0.00411771	0	0	0	0	0	-1.25515	-0.0119182	0.0179801	0	0	0.0071312	0.0121413	0	0	0.0991022	-0.00796451	1.11254
2017-09-03 00:00:00	-2.98364	0.799491	2.23462	0	0.104727	-9.12528E-05	0.000221148	0	0.00312169	0	0	0	0	0	-0.077546	-0.011909	0.0179634	0	0	0.00791444	0.0124071	0	0	0.098588	-0.00773062	0.198144
2017-09-04 00:00:00	-6.73228	2.06352	2.42882	0	0.285352	-0.00109905	0.00326652	0	0.00651457	0	0	0	0	0	1.12994	-0.0118991	0.0179618	0	0	0.0103722	0.0139197	0	0	0.0980096	-0.00801483	-0.695613
2017-09-05 00:00:00	-2.97232	0.132775	2.22006	0	0.0992016	-0.00220436	0.0075314	0	0.0301329	0	0	0	0	0	0.307763	-0.0119032	0.0179616	0	0	0.0150888	0.0165726	0	0	0.0979563	-0.00858698	-0.0499671
2017-09-06 00:00:00	-0.945925	-1.18301	2.20886	0	0.00831711	-0.00155491	0.00614015	0	0.0367569	0	0	0	0	0	-0.0546711	-0.0118973	0.017938	0	0	0.0162239	0.0169748	0	0	0.0978842	-0.00854641	0.203489
2017-09-07 00:00:00	-7.22586	1.48286	2.09838	0	0.500067	-0.00738681	0.0322493	0	0.128008	0	0	0	0	0	1.8309	-0.0119008	0.0179437	0	0	0.02057	0.0192054	0	0	0.0976596	-0.00890358	-1.02621
2017-09-08 00:00:00	-4.75968	0.160203	2.07482	0	0.204269	-0.0099394	0.028233	0	0.210515	0	0	0	0	0	1.15028	-0.0119186	0.0179569	0	0	0.0273829	0.0223115	0	0	0.097339	-0.0125563	-0.800778
2017-09-09 00:00:00	-1.6853	-0.343132	1.97433	0	-0.0135704	-0.00545181	0.0178819	0	0.140362	0	0	0	0	0	-0.182747	-0.0119181	0.0179407	0	0	0.0276684	0.0221365	0	0	0.0975119	-0.0127438	0.0429702
2017-09-10 00:00:00	-3.67295	0.134558	2.05818	0	0.0712636	-0.00689128	0.0183675	0	0.16998	0	0	0	0	0	0.697418	-0.011923	0.0178995	0	0	0.0267886	0.0213261	0	0	0.097669	-0.012647	-0.390965
2017-09-11 00:00:00	-2.51265	0.19315	2.05064	0	-0.0576285	-0.00404519	0.0115019	0	0.130943	0	0	0	0	0	0.034966	-0.0119223	0.0178523	0	0	0.0258232	0.0206744	0	0	0.0977719	-0.0124805	-0.0154007
2017-09-12 00:00:00	-3.91335	0.0770519	1.97992	0	0.192183	-0.00979524	0.0337204	0	0.246308	0	0	0	0	0	0.82805	-0.0119259	0.0178392	0	0	0.0277901	0.0216741	0	0	0.0978717	-0.0123538	-0.425023
2017-09-13 00:00:00	-9.73078	0.19751	1.81881	0	0.32641	-0.0265659	0.0980727	0	0.882929	0	0	0	0	0	4.0562	-0.0119541	0.0178587	0	0	0.03811	0.0260396	0	0	0.0967606	-0.0175129	-2.22811
2017-09-14 00:00:00	-1.5651	-0.284344	1.81991	0	-0.1846	-0.0104152	0.0369523	0	0.429379	0	0	0	0	0	-0.45143	-0.0119612	0.0178726	0	0	0.04375	0.0281257	0	0	0.0987133	-0.0155363	-0.0486917
2017-09-15 00:00:00	-2.90172	0.0312637	1.77588	0	-0.00754117	-0.0110631	0.0463026	0	0.351899	0	0	0	0	0	0.410313	-0.0119556	0.0178673	0	0	0.0426542	0.0277084	0	0	0.100279	-0.0126752	-0.140785
2017-09-16 00:00:00	-4.02031	0.302613	1.63201	0	0.102061	-0.013165	0.0533723	0	0.450802	0	0	0	0	0	0.893851	-0.0119576	0.0178701	0	0	0.0440317	0.0281648	0	0	0.100649	-0.0132331	-0.433243
2017-09-17 00:00:00	-0.710693	-1.00538	1.77625	0	-0.139574	-0.00659074	0.025909	0	0.261674	0	0	0	0	0	-0.266909	-0.0119525	0.0178543	0	0	0.0422102	0.0270564	0	0	0.101494	-0.0128269	0.0985153
2017-09-18 00:00:00	-0.181525	-1.32598	1.61575	0	-0.0111135	-0.00449447	0.0183954	0	0.141932	0	0	0	0	0	-0.26123	-0.0119451	0.0178381	0	0	0.0386199	0.02534	0	0	0.102142	-0.0114701	0.152263
2017-09-19 00:00:00	-0.0669801	-0.584175	2.13601	0	-0.41469	-0.00185428	0.00686415	0	0.0715678	0	0	0	0	0	-1.01556	-0.0119311	0.0178102	0	0	0.0325207	0.0231009	0	0	0.102427	-0.0105911	0.284518
2017-09-20 00:00:00	-0.92696	-0.0872439	1.85799	0	-0.133217	-0.000892412	0.00142178	0	0.0127273	0	0	0	0	0	-0.463466	-0.0119181	0.0177876	0	0	0.0281584	0.0213727	0	0	0.102402	-0.0096389	0.408526
2017-09-21 00:00:00	-8.85617	3.05211	1.65141	0	0.742763	-0.00916755	0.0335019	0	0.168117	0	0	0	0	0	2.32339	-0.0119184	0.0177956	0	0	0.0297435	0.0220239	0	0	0.102077	-0.0100099	-0.744336
2017-09-22 00:00:00	-0.26698	-1.22406	1.57549	0	-0.181769	-0.00687183	0.0271734	0	0.277869	0	0	0	0	0	-0.251346	-0.01192	0.017792	0	0	0.0342865	0.023695	0	0	0.101846	-0.0121102	0.103091
2017-09-23 00:00:00	-0.292455	-1.37168	1.8977	0	-0.0728134	-0.00246678	0.0109514	0	0.0985156	0	0	0	0	0	-0.341093	-0.011912	0.0177671	0	0	0.0314644	0.0222941	0	0	0.102276	-0.0105805	0.0779731
2017-09-24 00:00:00	-4.59959	2.2318	1.83907	0	0.0774827	-0.00537824	0.0189013	0	0.117806	0	0	0	0	0	0.262075	-0.0119087	0.0177388	0	0	0.0298212	0.0218254	0	0	0.102251	-0.0102412	0.0916603
2017-09-25 00:00:00	-15.5728	0.406387	1.50475	0	0.731022	-0.0522321	0.197228	0	1.74419	0	0	0	0	0	7.37368	-0.0119441	0.0178295	0	0	0.0510166	0.030438	0	0	0.0999903	-0.0187966	-3.49922
2017-09-26 00:00:00	-0.0669801	-1.40269	1.57076	0	-0.431321	-0.0157556	0.0558128	0	0.713251	0	0	0	0	0	-0.830486	-0.0119574	0.0178623	0	0	0.0653883	0.0355391	0	0	0.102238	-0.0174137	-0.215748
2017-09-27 00:00:00	-2.57591	0.676236	1.69075	0	-0.0324407	-0.00992247	0.0376817	0	0.320305	0	0	0	0	0	-0.225039	-0.0119477	0.0178455	0	0	0.0582298	0.0325549	0	0	0.104241	-0.0133138	0.069274
2017-09-28 00:00:00	-1.31411	-0.432232	1.73013	0	-0.0599422	-0.0076004	0.0303845	0	0.242808	0	0	0	0	0	-0.239363	-0.0119406	0.0178306	0	0	0.0530352	0.0307146	0	0	0.10464	-0.0126041	0.131751
2017-09-29 00:00:00	-0.241505	-1.00689	1.63892	0	-0.0886582	-0.00391013	0.0162713	0	0.11879	0	0	0	0	0	-0.478581	-0.0119298	0.0178055	0	0	0.0466026	0.0280365	0	0	0.104949	-0.0117401	0.128161
2017-09-30 00:00:00	-0.459767	-0.460121	1.3512	0	-0.109065	-0.00522038	0.0207702	0	0.123826	0	0	0	0	0	-0.262192	-0.0119224	0.0177908	0	0	0.0427932	0.0264986	0	0	0.10508	-0.0111991	0.368473
2017-10-01 00:00:00	-3.40338	1.60589	1.59232	0	0.0343834	-0.00476233	0.0175887	0	0.107739	0	0	0	0	0	0.0703173	-0.0119115	0.0177711	0	0	0.0390635	0.0248427	0	0	0.105065	-0.0105981	0.184323
2017-10-02 00:00:00	-2.15017	0.417522	1.50165	0	0.0307474	-0.00545921	0.0157513	0	0.102628	0	0	0	0	0	0.0455261	-0.0118994	0.0177513	0	0	0.0358002	0.0233714	0	0	0.104842	-0.0114374	0.116625
2017-10-03 00:00:00	-0.393236	-0.948705	1.3949	0	-0.0463131	-0.00360886	0.0122821	0	0.0866286	0	0	0	0	0	-0.106173	-0.01189	0.0177246	0	0	0.0328449	0.0220933	0	0	0.104779	-0.0113482	0.149975
2017-10-04 00:00:00	-16.8785	1.5503	1.23592	0	0.951986	-0.0501334	0.15745	0	1.61486	0	0	0	0	0	7.57359	-0.0119185	0.0177903	0	0	0.0454373	0.0277523	0	0	0.101957	-0.0214348	-3.68495
2017-10-05 00:00:00	-3.08163	-0.00747108	1.26246	0	-0.357434	-0.0228749	0.0734824	0	1.00544	0	0	0	0	0	0.189882	-0.0119412	0.0178336	0	0	0.0603841	0.0333036	0	0	0.104157	-0.0211865	-0.755599
2017-10-06 00:00:00	-1.3114	-0.0717374	1.17344	0	-0.0758087	-0.0121675	0.040103	0	0.453058	0	0	0	0	0	-0.362721	-0.0119399	0.0178254	0	0	0.0562325	0.0314816	0	0	0.107236	-0.0162654	0.0173415
2017-10-07 00:00:00	-0.733256	-0.652126	1.41068	0	-0.0898824	-0.00590014	0.0201996	0	0.227939	0	0	0	0	0	-0.376991	-0.0119293	0.0178004	0	0	0.0494238	0.0285976	0	0	0.108538	-0.013869	-0.0207757
2017-10-08 00:00:00	-0.0223267	-1.24715	1.37021	0	-0.0698917	-0.00698029	0.0239464	0	0.206439	0	0	0	0	0	-0.152947	-0.0119245	0.0177891	0	0	0.0457639	0.0270732	0	0	0.109154	-0.0131657	0.275987
2017-10-09 00:00:00	-0.0223267	-0.802349	1.33086	0	-0.20015	-0.00343143	0.0111764	0	0.11881	0	0	0	0	0	-0.357046	-0.0119159	0.0177669	0	0	0.0405213	0.0250497	0	0	0.109441	-0.0123202	0.244084
2017-10-10 00:00:00	-5.46065	2.47104	1.29725	0	0.2494	-0.00858554	0.0204537	0	0.163597	0	0	0	0	0	0.85001	-0.011912	0.01775	0	0	0.0364192	0.023615	0	0	0.109115	-0.0138214	-0.256313
2017-10-11 00:00:00	-11.8981	0.304218	1.27368	0	0.581171	-0.045514	0.170875	0	1.56646	0	0	0	0	0	5.35531	-0.0119322	0.017792	0	0	0.0490624	0.0288145	0	0	0.106274	-0.0238573	-2.5258
2017-10-12 00:00:00	-4.06835	0.000746255	1.22521	0	-0.233076	-0.0276989	0.0999459	0	1.21533	0	0	0	0	0	0.857295	-0.0119547	0.0178434	0	0	0.0644207	0.0346303	0	0	0.109369	-0.0209513	-0.737238
2017-10-13 00:00:00	-2.81376	-0.0204265	1.37718	0	-0.0748732	-0.0161941	0.057941	0	0.656625	0	0	0	0	0	0.25283	-0.011959	0.0178452	0	0	0.0640548	0.0342787	0	0	0.111895	-0.0174978	-0.382064
2017-10-14 00:00:00	-0.547701	-0.650627	1.23043	0	-0.230359	-0.00578864	0.0207434	0	0.289219	0	0	0	0	0	-0.282312	-0.0119495	0.0178184	0	0	0.0562286	0.0309066	0	0	0.113095	-0.0150749	0.0146249
2017-10-15 00:00:00	-0.0223267	-1.17583	1.29335	0	0.0522912	-0.0115116	0.039808	0	0.327866	0	0	0	0	0	-0.429728	-0.0119475	0.0178121	0	0	0.0531549	0.0297201	0	0	0.113661	-0.0142192	0.262099
2017-10-16 00:00:00	-4.43971	1.83499	1.15684	0	0.144504	-0.0103993	0.0364012	0	0.276602	0	0	0	0	0	0.642767	-0.0119437	0.0178033	0	0	0.0490134	0.0283933	0	0	0.114091	-0.0133225	-0.173972
2017-10-17 00:00:00	-4.12761	0.0161944	1.11538	0	0.140941	-0.0186262	0.0646423	0	0.655499	0	0	0	0	0	1.37431	-0.0119692	0.0178083	0	0	0.0501283	0.0288223	0	0	0.112477	-0.0190007	-0.600997
2017-10-18 00:00:00	-1.2627	-0.213636	0.983905	0	-0.200851	-0.0111475	0.0355289	0	0.424753	0	0	0	0	0	0.0246017	-0.0119738	0.0177999	0	0	0.0479072	0.0278442	0	0	0.113259	-0.017595	-0.0423005
2017-10-19 00:00:00	-4.43971	0.205125	1.04494	0	0.214381	-0.0196423	0.0734495	0	0.631542	0	0	0	0	0	1.49644	-0.0119847	0.0178069	0	0	0.0494358	0.0286178	0	0	0.113557	-0.017773	-0.613819
2017-10-20 00:00:00	-2.5937	-0.00184944	1.03215	0	-0.0850275	-0.0161931	0.0581842	0	0.617078	0	0	0	0	0	0.535323	-0.0119891	0.0178128	0	0	0.0517553	0.0294201	0	0	0.113751	-0.0178576	-0.271148
2017-10-21 00:00:00	-2.21356	-0.0149827	1.00536	0	-0.0413668	-0.014718	0.056337	0	0.496671	0	0	0	0	0	0.380956	-0.0119909	0.0178207	0	0	0.0524011	0.0297923	0	0	0.114816	-0.0157478	-0.15822
2017-10-22 00:00:00	-1.92649	0.000475541	0.902296	0	0.0471757	-0.0117608	0.0415904	0	0.363973	0	0	0	0	0	0.29106	-0.011989	0.0178108	0	0	0.0502347	0.0289398	0	0	0.115184	-0.015667	-0.107169
2017-10-23 00:00:00	-0.736872	-0.190286	0.904138	0	-0.155423	-0.0072697	0.0241611	0	0.25912	0	0	0	0	0	-0.184692	-0.0119835	0.017792	0	0	0.0459674	0.0271619	0	0	0.11546	-0.0149819	0.0922918
2017-10-24 00:00:00	-1.72469	0.166609	0.957034	0	0.0747065	-0.00718128	0.0239141	0	0.193112	0	0	0	0	0	0.158832	-0.0119769	0.0177758	0	0	0.0424024	0.0257633	0	0	0.115998	-0.0135271	0.0187671
2017-10-25 00:00:00	-0.162347	-0.724558	0.92618	0	-0.117136	-0.00483014	0.0168244	0	0.166333	0	0	0	0	0	-0.171504	-0.0119611	0.0177497	0	0	0.0385822	0.0241375	0	0	0.116029	-0.0133469	0.100154
2017-10-26 00:00:00	-0.0223267	-0.830662	0.920619	0	-0.0600157	-0.00342396	0.0118819	0	0.101739	0	0	0	0	0	-0.140346	-0.0119489	0.0177299	0	0	0.0355444	0.0228946	0	0	0.116294	-0.0118968	0.146083
2017-10-27 00:00:00	-0.136872	-0.52421	0.706363	0	-0.0672052	-0.00396943	0.0142955	0	0.0925473	0	0	0	0	0	-0.0681551	-0.0119422	0.017707	0	0	0.03308	0.0218738	0	0	0.116213	-0.0113664	0.17836
2017-10-28 00:00:00	-0.336872	-0.474814	0.880124	0	-0.0662057	-0.00302717	0.0111759	0	0.0758503	0	0	0	0	0	-0.0533401	-0.011933	0.0176804	0	0	0.0306804	0.0208656	0	0	0.116086	-0.0109192	0.195352
2017-10-29 00:00:00	-0.0223267	-0.201383	0.697789	0	-0.186646	-0.00226707	0.00698992	0	0.0555487	0	0	0	0	0	-0.205656	-0.0119139	0.0176583	0	0	0.0282213	0.0200882	0	0	0.115936	-0.0105163	0.301523
2017-10-30 00:00:00	-0.0223267	-0.0924543	0.637108	0	-0.119544	-0.0014832	0.00404798	0	0.0248561	0	0	0	0	0	-0.307598	-0.011902	0.0176303	0	0	0.0252437	0.019195	0	0	0.115768	-0.0100387	0.278503
2017-10-31 00:00:00	-4.15967	2.62374	0.774128	0	0.181934	-0.00334069	0.0118938	0	0.0530993	0	0	0	0	0	0.394783	-0.0118869	0.0175755	0	0	0.0240475	0.0186527	0	0	0.115524	-0.00987363	0.0306135
2017-11-01 00:00:00	-4.0776	0.104295	0.613538	0	0.471688	-0.0154666	0.056363	0	0.377215	0	0	0	0	0	1.72027	-0.0118917	0.017594	0	0	0.0296701	0.0208246	0	0	0.114856	-0.0126719	-0.591311
2017-11-02 00:00:00	-0.210852	-0.389671	0.591062	0	-0.175152	-0.00726706	0.025017	0	0.273744	0	0	0	0	0	-0.146084	-0.0118905	0.0175835	0	0	0.0324324	0.0217461	0	0	0.114651	-0.0143385	0.120981
2017-11-03 00:00:00	-0.156287	-0.468204	0.636407	0	-0.0389054	-0.00351141	0.0127001	0	0.113394	0	0	0	0	0	-0.211736	-0.0118941	0.0175534	0	0	0.03006	0.0207186	0	0	0.1153	-0.0121566	0.043438
2017-11-04 00:00:00	-1.2582	0.361177	0.634952	0	0.0292426	-0.00563356	0.0175206	0	0.134538	0	0	0	0	0	0.121739	-0.0118927	0.0175124	0	0	0.0286818	0.0201262	0	0	0.115195	-0.0120221	0.192933
2017-11-05 00:00:00	-0.441742	-0.17827	0.48156	0	-0.0358315	-0.0050753	0.0150611	0	0.135764	0	0	0	0	0	0.0139399	-0.0118854	0.0174683	0	0	0.0271958	0.0194487	0	0	0.114954	-0.0124316	0.140157
2017-11-06 00:00:00	-0.156287	-0.477432	0.651289	0	-0.091396	-0.00386177	0.0121238	0	0.0993528	0	0	0	0	0	-0.0139585	-0.0118882	0.0174489	0	0	0.0258168	0.0188761	0	0	0.114894	-0.0119402	0.173038
2017-11-07 00:00:00	-4.39214	1.06526	0.597892	0	0.385941	-0.0134536	0.0408407	0	0.340028	0	0	0	0	0	1.38744	-0.0118751	0.01744	0	0	0.0269104	0.0193582	0	0	0.113962	-0.0146426	-0.437038
2017-11-08 00:00:00	-1.38718	-0.0203308	0.487349	0	-0.137006	-0.0115331	0.0368952	0	0.42332	0	0	0	0	0	0.369356	-0.0118737	0.0174375	0	0	0.0303727	0.0207035	0	0	0.113466	-0.0167727	-0.0857932
2017-11-09 00:00:00	-1.5522	-0.0717609	0.61004	0	0.0429718	-0.0100191	0.0282575	0	0.293759	0	0	0	0	0	0.381584	-0.0118619	0.0174209	0	0	0.0294516	0.0202659	0	0	0.11385	-0.0164492	-0.124694
2017-11-10 00:00:00	-1.38358	0.0504382	0.534181	0	0.00408291	-0.00953689	0.027872	0	0.303472	0	0	0	0	0	0.254188	-0.0118519	0.0174101	0	0	0.029113	0.0200882	0	0	0.114012	-0.0157625	-0.0658722
2017-11-11 00:00:00	-0.416267	-0.123326	0.417417	0	-0.0713965	-0.00539799	0.0164562	0	0.197987	0	0	0	0	0	-0.119828	-0.0118408	0.0174	0	0	0.0283371	0.0197425	0	0	0.114722	-0.0137062	0.050298
2017-11-12 00:00:00	-0.296307	-0.243508	0.448931	0	-0.0954957	-0.00572181	0.0158652	0	0.150402	0	0	0	0	0	-0.0461207	-0.0118339	0.0173853	0	0	0.027113	0.0192571	0	0	0.11486	-0.0130694	0.0817581
2017-11-13 00:00:00	-0.416267	-0.131406	0.456236	0	-0.0179185	-0.00461229	0.0127625	0	0.109791	0	0	0	0	0	-0.0194137	-0.0118248	0.017353	0	0	0.025756	0.0187123	0	0	0.11487	-0.0125067	0.141533
2017-11-14 00:00:00	-1.92493	0.436727	0.528992	0	0.110114	-0.00785451	0.0196423	0	0.182535	0	0	0	0	0	0.462587	-0.0118171	0.0173119	0	0	0.0248392	0.0183537	0	0	0.114265	-0.0141914	-0.0434255
2017-11-15 00:00:00	-0.210852	-0.239133	0.383847	0	-0.11437	-0.00548708	0.0141357	0	0.172568	0	0	0	0	0	-0.0435996	-0.0118064	0.017286	0	0	0.0242827	0.0181264	0	0	0.11405	-0.0142016	0.104846
2017-11-16 00:00:00	-3.85414	0.214065	0.452622	0	0.378914	-0.0151644	0.0522499	0	0.478605	0	0	0	0	0	1.59787	-0.0118059	0.0172859	0	0	0.0268952	0.0189217	0	0	0.113462	-0.0159525	-0.546171
2017-11-17 00:00:00	-1.46542	-0.0226446	0.435534	0	-0.159042	-0.0116917	0.0372912	0	0.483485	0	0	0	0	0	0.411422	-0.011807	0.0172831	0	0	0.0304923	0.0200478	0	0	0.113275	-0.0168968	-0.138669
2017-11-18 00:00:00	-0.356287	-0.1642	0.411961	0	-0.0283719	-0.00615535	0.0181482	0	0.212995	0	0	0	0	0	-0.170554	-0.0117761	0.017274	0	0	0.0294052	0.0196171	0	0	0.114266	-0.0143189	0.0720036
2017-11-19 00:00:00	-3.0776	0.140612	0.321528	0	0.180443	-0.0161672	0.0563921	0	0.502609	0	0	0	0	0	1.27347	-0.0117708	0.0173078	0	0	0.03181	0.0205459	0	0	0.113739	-0.0163815	-0.463454
2017-11-20 00:00:00	-10.3234	-0.0173696	0.42456	0	0.465058	-0.0504414	0.186798	0	1.95352	0	0	0	0	0	4.9993	-0.011796	0.0173944	0	0	0.0482645	0.0264258	0	0	0.110718	-0.0263928	-2.19733
2017-11-21 00:00:00	-5.55537	-0.0163955	0.441256	0	-0.0525346	-0.0407108	0.137075	0	1.71358	0	0	0	0	0	2.01293	-0.0118379	0.0174548	0	0	0.0649577	0.0319426	0	0	0.111998	-0.0275464	-1.17321
2017-11-22 00:00:00	-22.8767	-0.0182599	0.414368	0	0.806724	-0.12733	0.453023	0	5.20916	0	0	0	0	0	10.6377	-0.011928	0.0176205	0	0	0.112364	0.0447184	0	0	0.10902	-0.0412795	-5.27073
2017-11-23 00:00:00	-2.56485	-0.0207576	0.305599	0	-0.755102	-0.0498552	0.154158	0	2.269	0	0	0	0	0	-0.497214	-0.0120175	0.0177332	0	0	0.142165	0.0521276	0	0	0.117091	-0.032807	-0.874724
2017-11-24 00:00:00	-1.94319	-0.0176065	0.296707	0	-0.0258234	-0.0312879	0.0950766	0	1.24021	0	0	0	0	0	-0.234923	-0.0120414	0.0177422	0	0	0.126702	0.0474332	0	0	0.121635	-0.0265393	-0.345902
2017-11-25 00:00:00	-1.29249	-0.0109646	0.31158	0	0.0368521	-0.0274814	0.0845919	0	0.969188	0	0	0	0	0	-0.288573	-0.0120687	0.0177493	0	0	0.113312	0.0436326	0	0	0.123651	-0.02414	0.044838
2017-11-26 00:00:00	-4.6282	-0.0210004	0.336746	0	0.239068	-0.0342917	0.117863	0	1.33918	0	0	0	0	0	1.5877	-0.01208	0.0177655	0	0	0.10742	0.041958	0	0	0.123939	-0.0263261	-0.810254
2017-11-27 00:00:00	-0.950872	-0.0157065	0.352941	0	-0.275647	-0.0213043	0.0638841	0	0.922705	0	0	0	0	0	-0.306855	-0.0120937	0.0177565	0	0	0.0991481	0.0393251	0	0	0.125947	-0.0241689	0.0150597
2017-11-28 00:00:00	-0.356287	-0.0876513	0.303673	0	-0.126008	-0.0126206	0.0365073	0	0.467198	0	0	0	0	0	-0.352805	-0.0120894	0.0177538	0	0	0.0866557	0.0355375	0	0	0.128439	-0.0195967	0.108707
2017-11-29 00:00:00	-0.156287	-0.206278	0.275193	0	-0.111371	-0.00917582	0.0269787	0	0.30426	0	0	0	0	0	-0.227717	-0.0120851	0.0177328	0	0	0.075059	0.0320887	0	0	0.129558	-0.0171865	0.12077
2017-11-30 00:00:00	-0.216267	-0.129408	0.255463	0	-0.0381258	-0.00697355	0.0208957	0	0.221734	0	0	0	0	0	-0.144138	-0.0120802	0.0177127	0	0	0.0656111	0.0293104	0	0	0.130036	-0.0158392	0.177932
2017-12-01 00:00:00	0	-0.256176	0.275966	0	-0.155958	-0.00647762	0.0208579	0	0.207994	0	0	0	0	0	-0.109172	-0.0120762	0.0176986	0	0	0.0591143	0.0274388	0	0	0.130407	-0.014952	0.184665
2017-12-02 00:00:00	-0.2	-0.143734	0.355719	0	-0.0580504	-0.0049094	0.0170474	0	0.144634	0	0	0	0	0	-0.117038	-0.0120713	0.0176822	0	0	0.0533407	0.0257756	0	0	0.130646	-0.0136989	0.195343
2017-12-03 00:00:00	-0.0854547	-0.21429	0.31469	0	-0.0546928	-0.00380572	0.01376	0	0.10531	0	0	0	0	0	-0.0459334	-0.0120641	0.01766	0	0	0.0474057	0.0240464	0	0	0.130714	-0.012769	0.224576
2017-12-04 00:00:00	-0.374525	0.0406386	0.338694	0	-0.0843705	-0.00357894	0.0129134	0	0.0953865	0	0	0	0	0	0.0210578	-0.0120574	0.0176389	0	0	0.0428135	0.0227192	0	0	0.130591	-0.0122978	0.235622
2017-12-05 00:00:00	-0.50913	0.177579	0.321802	0	-0.0517678	-0.00353854	0.0126505	0	0.0925804	0	0	0	0	0	0.0193056	-0.0120516	0.0176208	0	0	0.0393078	0.0217167	0	0	0.130322	-0.0119636	0.244432
2017-12-06 00:00:00	-0.933256	0.417654	0.36755	0	0.0144307	-0.00378848	0.012516	0	0.08247	0	0	0	0	0	0.0659364	-0.012045	0.0176011	0	0	0.0358862	0.0207997	0	0	0.129968	-0.0117555	0.203967
2017-12-07 00:00:00	-6.01848	0.21974	0.304545	0	0.756212	-0.0236036	0.0863699	0	0.804864	0	0	0	0	0	2.7185	-0.0120495	0.0176037	0	0	0.0380649	0.0214372	0	0	0.12744	-0.0205409	-0.979899
2017-12-08 00:00:00	0	-0.229834	0.237592	0	-0.315315	-0.0101079	0.0311889	0	0.515879	0	0	0	0	0	-0.301305	-0.0120491	0.0175964	0	0	0.0410045	0.022164	0	0	0.128171	-0.0198463	0.105139
2017-12-09 00:00:00	0	-0.187788	0.204228	0	-0.151199	-0.00548666	0.0181902	0	0.204439	0	0	0	0	0	-0.147551	-0.0120322	0.017574	0	0	0.0373844	0.0211514	0	0	0.130264	-0.0145889	0.114585
2017-12-10 00:00:00	0	-0.121306	0.131939	0	-0.051614	-0.00433505	0.0146383	0	0.131739	0	0	0	0	0	-0.0758653	-0.012029	0.0175549	0	0	0.034396	0.0203717	0	0	0.130478	-0.0131894	0.202777
2017-12-11 00:00:00	-0.61986	0.167292	0.172114	0	-0.0162941	-0.00497138	0.0195131	0	0.128758	0	0	0	0	0	0.114847	-0.0120101	0.0175321	0	0	0.0323655	0.0199963	0	0	0.130426	-0.0124947	0.137212
2017-12-12 00:00:00	-1.61376	0.286254	0.204889	0	0.117214	-0.0092342	0.0390529	0	0.247644	0	0	0	0	0	0.550082	-0.0120116	0.0175189	0	0	0.0333047	0.020594	0	0	0.130013	-0.0128584	-0.00130194
2017-12-13 00:00:00	-3.32718	-0.019681	0.261426	0	0.359483	-0.0162614	0.0657695	0	0.607089	0	0	0	0	0	1.43658	-0.0120079	0.0175265	0	0	0.0374658	0.0218323	0	0	0.128546	-0.0173468	-0.456754
2017-12-14 00:00:00	-2.31655	-0.0779364	0.220971	0	0.0317811	-0.0144314	0.0497925	0	0.760525	0	0	0	0	0	0.880918	-0.0120092	0.0175197	0	0	0.0400372	0.0219372	0	0	0.127843	-0.0202592	-0.289859
2017-12-15 00:00:00	-4.22278	0.0411582	0.218045	0	0.166346	-0.0242465	0.086851	0	1.15359	0	0	0	0	0	1.79221	-0.0120159	0.0174952	0	0	0.0435068	0.0224618	0	0	0.127354	-0.0237559	-0.61378
2017-12-16 00:00:00	-0.0854547	-0.111145	0.182886	0	-0.385336	-0.0100944	0.03247	0	0.561097	0	0	0	0	0	-0.309872	-0.012021	0.017503	0	0	0.0441488	0.022628	0	0	0.129549	-0.0198568	0.0565019
2017-12-17 00:00:00	-5.05897	0.0776	0.237075	0	0.446917	-0.0357793	0.145434	0	1.13981	0	0	0	0	0	2.19076	-0.0120176	0.0175577	0	0	0.0540448	0.0270282	0	0	0.13037	-0.0192881	-0.659453
2017-12-18 00:00:00	-0.25998	-0.0251244	0.214235	0	-0.368395	-0.0135225	0.0515968	0	0.571245	0	0	0	0	0	-0.356639	-0.0120223	0.0175783	0	0	0.0607016	0.029971	0	0	0.131193	-0.0182257	0.0226111
2017-12-19 00:00:00	-0.114545	-0.182378	0.299707	0	-0.254894	-0.00441463	0.0177919	0	0.213894	0	0	0	0	0	-0.0749404	-0.0120103	0.0175534	0	0	0.0518828	0.0270035	0	0	0.132755	-0.0145619	0.102842
2017-12-20 00:00:00	-0.957382	0.149353	0.311493	0	0.17229	-0.0107478	0.0401162	0	0.26503	0	0	0	0	0	-0.0584478	-0.0120109	0.0175419	0	0	0.0490421	0.0261001	0	0	0.132467	-0.0147899	0.110057
2017-12-21 00:00:00	0	-0.229912	0.238357	0	-0.166686	-0.00633869	0.0228011	0	0.196237	0	0	0	0	0	-0.074911	-0.0120052	0.0175226	0	0	0.0440296	0.0244197	0	0	0.132324	-0.0151909	0.170645
2017-12-22 00:00:00	-0.2	-0.0365337	0.239919	0	-0.0739811	-0.00491703	0.0186498	0	0.133765	0	0	0	0	0	-0.044637	-0.0119979	0.017503	0	0	0.039754	0.0229847	0	0	0.132676	-0.0130487	0.220136
2017-12-23 00:00:00	-3.72763	0.221468	0.337654	0	0.503799	-0.0165363	0.0660863	0	0.536213	0	0	0	0	0	1.51171	-0.0120035	0.0175031	0	0	0.0402778	0.0230232	0	0	0.131287	-0.0174756	-0.384618
2017-12-24 00:00:00	-1.43562	-0.0193325	0.281504	0	-0.0798164	-0.0121385	0.0428621	0	0.528822	0	0	0	0	0	0.3952	-0.0120123	0.0174928	0	0	0.0418398	0.0232914	0	0	0.130572	-0.0206299	-0.117969
2017-12-25 00:00:00	-21.5513	-0.0160807	0.264169	0	1.32117	-0.120051	0.43167	0	5.5216	0	0	0	0	0	10.2494	-0.0120706	0.017605	0	0	0.0685089	0.0307328	0	0	0.121697	-0.0456506	-3.71863
2017-12-26 00:00:00	-2.24084	-0.0190719	0.197422	0	-0.962012	-0.0457657	0.147353	0	2.3664	0	0	0	0	0	-0.288332	-0.0121521	0.0177061	0	0	0.0930246	0.037674	0	0	0.129619	-0.0352241	-0.614195
2017-12-27 00:00:00	0	-0.129218	0.132053	0	0.01824	-0.0201188	0.0625779	0	0.79978	0	0	0	0	0	-0.881793	-0.0121676	0.0177152	0	0	0.0845268	0.0353549	0	0	0.135968	-0.0243298	0.218588
2017-12-28 00:00:00	-0.0854547	-0.063956	0.152659	0	-0.305489	-0.0146042	0.0463133	0	0.60554	0	0	0	0	0	-0.475593	-0.0121675	0.0177	0	0	0.0741088	0.0321894	0	0	0.137578	-0.0217673	0.0870568
2017-12-29 00:00:00	-2.48934	0.147235	0.177346	0	0.183973	-0.0229102	0.0879308	0	0.770912	0	0	0	0	0	0.708671	-0.0121712	0.0177159	0	0	0.0721923	0.032133	0	0	0.138155	-0.0206858	-0.208842
2017-12-30 00:00:00	-14.8777	-0.0147554	0.239483	0	1.15655	-0.101323	0.369146	0	4.22509	0	0	0	0	0	6.74481	-0.0122119	0.0178317	0	0	0.0974555	0.0405714	0	0	0.131178	-0.039628	-2.02346
2017-12-31 00:00:00	-6.84406	-0.0194106	0.280491	0	-0.431671	-0.0739326	0.260225	0	3.29443	0	0	0	0	0	2.05294	-0.012266	0.0179678	0	0	0.128823	0.050591	0	0	0.134862	-0.0363654	-1.19738
2018-01-01 00:00:00	-2.56933	-0.0174307	0.274948	0	-0.258465	-0.0420997	0.140603	0	1.83376	0	0	0	0	0	0.0971791	-0.012311	0.0179967	0	0	0.127912	0.0504653	0	0	0.139063	-0.0325464	-0.25025
2018-01-02 00:00:00	-5.60392	-0.0188618	0.262302	0	0.103954	-0.0558668	0.203014	0	2.16886	0	0	0	0	0	1.81068	-0.0123255	0.0180603	0	0	0.12929	0.0515079	0	0	0.140563	-0.0321271	-0.834868
2018-01-03 00:00:00	-13.0183	-0.0146276	0.28025	0	0.564574	-0.108729	0.410383	0	4.68394	0	0	0	0	0	5.12032	-0.0123647	0.0181996	0	0	0.161238	0.0621187	0	0	0.138293	-0.0402361	-1.75496
2018-01-04 00:00:00	-7.62024	-0.01768	0.264001	0	-0.269653	-0.0824962	0.328233	0	3.85778	0	0	0	0	0	2.18928	-0.0124126	0.0182886	0	0	0.189267	0.0699086	0	0	0.142135	-0.0381229	-0.981713
2018-01-05 00:00:00	-4.04647	-0.0139328	0.187209	0	-0.16575	-0.0585363	0.218315	0	2.65162	0	0	0	0	0	0.584342	-0.0124096	0.0183237	0	0	0.186665	0.068922	0	0	0.146396	-0.0340519	-0.26936
2018-01-06 00:00:00	-4.37655	-0.0151676	0.240917	0	0.0844181	-0.055391	0.218722	0	2.34065	0	0	0	0	0	0.859864	-0.012413	0.0183762	0	0	0.180884	0.0670311	0	0	0.149325	-0.0307539	-0.330088
2018-01-07 00:00:00	-1.88072	-0.0172426	0.166941	0	-0.289679	-0.0333379	0.132397	0	1.50437	0	0	0	0	0	-0.0594335	-0.0124239	0.018393	0	0	0.16775	0.0628146	0	0	0.151388	-0.027921	-0.116703
2018-01-08 00:00:00	-0.40094	-0.0200838	0.213216	0	-0.0910145	-0.0211594	0.0736908	0	0.823079	0	0	0	0	0	-0.607989	-0.0124282	0.0183899	0	0	0.146394	0.0559799	0	0	0.153179	-0.024333	0.305979
2018-01-09 00:00:00	0	-0.220902	0.231022	0	-0.323551	-0.0124561	0.04539	0	0.474465	0	0	0	0	0	-0.447438	-0.0124296	0.0183754	0	0	0.125272	0.0491945	0	0	0.154801	-0.0206154	0.0611266
2018-01-10 00:00:00	-0.286395	-0.118719	0.27362	0	-0.0587696	-0.0105781	0.0381587	0	0.33694	0	0	0	0	0	-0.261138	-0.0124313	0.0183632	0	0	0.108734	0.0439597	0	0	0.155573	-0.0181862	0.209131
2018-01-11 00:00:00	-0.0845553	-0.164204	0.264722	0	-0.181234	-0.00851705	0.0317684	0	0.285581	0	0	0	0	0	-0.204624	-0.0124317	0.0183501	0	0	0.0947975	0.0395475	0	0	0.155705	-0.0174611	0.217444
2018-01-12 00:00:00	0	-0.27169	0.297681	0	-0.0930889	-0.00431375	0.0170925	0	0.14775	0	0	0	0	0	-0.189189	-0.0124303	0.0183333	0	0	0.0813291	0.0353331	0	0	0.156089	-0.0154362	0.167461
2018-01-13 00:00:00	0	-0.254068	0.278414	0	-0.117388	-0.00439917	0.0181471	0	0.135852	0	0	0	0	0	-0.0791732	-0.012427	0.0183129	0	0	0.0698693	0.0317927	0	0	0.156022	-0.0144426	0.226511
2018-01-14 00:00:00	-1.67036	0.816118	0.284575	0	0.0996421	-0.00838276	0.0289228	0	0.192815	0	0	0	0	0	0.287238	-0.012429	0.0183056	0	0	0.0636223	0.0299511	0	0	0.155324	-0.0151122	0.270226
2018-01-15 00:00:00	-5.15402	0.104893	0.328962	0	0.778454	-0.026598	0.108758	0	0.988156	0	0	0	0	0	1.99126	-0.0124417	0.0183226	0	0	0.0650551	0.030095	0	0	0.15244	-0.0237397	-0.650406
2018-01-16 00:00:00	-0.804988	-0.0184154	0.251977	0	-0.360394	-0.0155872	0.0537016	0	0.756775	0	0	0	0	0	-0.0234506	-0.0124523	0.0183241	0	0	0.065802	0.0301428	0	0	0.152933	-0.0240688	0.0702988
2018-01-17 00:00:00	-1.0828	-0.0283072	0.271048	0	0.0343227	-0.0118747	0.0388913	0	0.403351	0	0	0	0	0	0.224105	-0.0124551	0.0183111	0	0	0.0597328	0.0283129	0	0	0.154774	-0.0194182	0.0779955
2018-01-18 00:00:00	-2.74548	-0.00317801	0.255652	0	0.166226	-0.0213837	0.0782672	0	0.868306	0	0	0	0	0	0.964406	-0.0124626	0.0183232	0	0	0.0612085	0.0287068	0	0	0.154072	-0.0205876	-0.207919
2018-01-19 00:00:00	-0.917734	-0.0157306	0.266976	0	-0.178225	-0.0135333	0.0459582	0	0.59446	0	0	0	0	0	0.0746751	-0.0124681	0.018318	0	0	0.0599991	0.0282673	0	0	0.154336	-0.0203845	0.0849146
2018-01-20 00:00:00	-0.0845553	-0.141691	0.228751	0	-0.216497	-0.00678735	0.0232326	0	0.262132	0	0	0	0	0	-0.131084	-0.0124659	0.0183035	0	0	0.0538668	0.0264985	0	0	0.155586	-0.016917	0.158373
2018-01-21 00:00:00	-8.42175	0.114882	0.4438	0	0.971573	-0.0552753	0.226186	0	2.07043	0	0	0	0	0	3.41573	-0.0124989	0.018373	0	0	0.0710092	0.0322746	0	0	0.152901	-0.0231067	-0.995477
2018-01-22 00:00:00	-22.7678	-0.0153027	0.249825	0	0.884393	-0.180278	0.715236	0	8.11343	0	0	0	0	0	9.40559	-0.0125755	0.0186102	0	0	0.145727	0.0560445	0	0	0.143345	-0.0461115	-3.28989
2018-01-23 00:00:00	-5.7513	-0.0109351	0.167595	0	-0.610353	-0.09169	0.347654	0	4.41826	0	0	0	0	0	0.854652	-0.01267	0.0187437	0	0	0.193678	0.0703635	0	0	0.148837	-0.0426125	-0.299778
2018-01-24 00:00:00	-11.3811	-0.0142087	0.327424	0	0.4293	-0.121956	0.475774	0	5.11496	0	0	0	0	0	3.56209	-0.012777	0.0188626	0	0	0.208438	0.0752371	0	0	0.149245	-0.0455649	-1.21426
2018-01-25 00:00:00	-0.37095	-0.159552	0.369009	0	-0.935117	-0.0477318	0.162316	0	2.27029	0	0	0	0	0	-1.36028	-0.0128294	0.0189018	0	0	0.19987	0.0722943	0	0	0.155543	-0.0355941	0.32617
2018-01-26 00:00:00	-0.20094	-0.243172	0.341104	0	-0.0341261	-0.0230507	0.075495	0	0.85666	0	0	0	0	0	-0.889775	-0.012834	0.0188951	0	0	0.168285	0.0623274	0	0	0.160592	-0.0261211	0.253337
2018-01-27 00:00:00	-2.40477	0.360153	0.454195	0	-0.0441734	-0.0287927	0.0966562	0	0.98929	0	0	0	0	0	0.0551624	-0.0128384	0.0189114	0	0	0.146345	0.0555789	0	0	0.160627	-0.0269168	-0.180573
2018-01-28 00:00:00	-9.71215	-0.0176187	0.503716	0	0.638541	-0.0855262	0.337116	0	3.22264	0	0	0	0	0	3.40499	-0.0128755	0.0190148	0	0	0.161561	0.0610961	0	0	0.156679	-0.0362251	-1.35904
2018-01-29 00:00:00	-4.84127	-0.00268354	0.431827	0	-0.0338137	-0.065865	0.246725	0	2.90452	0	0	0	0	0	0.969093	-0.0129129	0.0190818	0	0	0.170427	0.0635158	0	0	0.157399	-0.0365174	-0.030473
2018-01-30 00:00:00	-3.18536	-0.0118435	0.391083	0	-0.236399	-0.045293	0.166135	0	2.09082	0	0	0	0	0	0.393968	-0.0129444	0.0191173	0	0	0.15851	0.0591674	0	0	0.160157	-0.0335375	-0.0864237
2018-01-31 00:00:00	-8.10935	-0.0103331	0.383213	0	0.511678	-0.0756644	0.290332	0	3.4217	0	0	0	0	0	2.51584	-0.0129841	0.0191836	0	0	0.160017	0.0588361	0	0	0.158818	-0.0383705	-0.727089
2018-02-01 00:00:00	-2.22933	-0.0166511	0.413255	0	-0.619879	-0.0384929	0.139958	0	2.066	0	0	0	0	0	-0.137614	-0.0130258	0.0192146	0	0	0.156215	0.0566834	0	0	0.163235	-0.0319761	-0.0724071
2018-02-02 00:00:00	-0.173862	-0.220329	0.406057	0	-0.228185	-0.0183774	0.0669756	0	0.838205	0	0	0	0	0	-0.69654	-0.01303	0.0192124	0	0	0.13757	0.0510303	0	0	0.167773	-0.0240168	0.312484
2018-02-03 00:00:00	-4.48452	0.199059	0.296286	0	0.3823	-0.0349141	0.138895	0	1.52717	0	0	0	0	0	1.16828	-0.0130356	0.0192277	0	0	0.126117	0.0473833	0	0	0.166484	-0.0288178	-0.490088
2018-02-04 00:00:00	-0.776111	-0.0125357	0.395877	0	-0.419784	-0.0193829	0.0709372	0	0.999696	0	0	0	0	0	-0.356855	-0.0130331	0.0192312	0	0	0.115565	0.0440883	0	0	0.167828	-0.0264585	0.189063
2018-02-05 00:00:00	-0.0893068	-0.272724	0.371553	0	-0.240443	-0.0107083	0.0394401	0	0.446575	0	0	0	0	0	-0.361211	-0.0130312	0.0192263	0	0	0.1006	0.0398537	0	0	0.170555	-0.0206242	0.179755
2018-02-06 00:00:00	-1.87642	0.253184	0.350478	0	0.147729	-0.0150054	0.0576698	0	0.537678	0	0	0	0	0	0.288874	-0.0130316	0.0192209	0	0	0.088409	0.0363913	0	0	0.170215	-0.0219229	0.0234664
2018-02-07 00:00:00	-0.458417	-0.0349295	0.319921	0	-0.200081	-0.00829193	0.0292848	0	0.362691	0	0	0	0	0	-0.187046	-0.0130335	0.0192133	0	0	0.0776808	0.0333372	0	0	0.170446	-0.0205793	0.0901947
2018-02-08 00:00:00	-1.06157	0.011686	0.514083	0	-0.0681184	-0.0104037	0.0374482	0	0.366237	0	0	0	0	0	0.0943205	-0.0130338	0.0192075	0	0	0.0697804	0.0311447	0	0	0.171122	-0.0186599	0.143247
2018-02-09 00:00:00	-1.14522	-0.0161349	0.454999	0	-0.0122204	-0.00847838	0.0313474	0	0.305055	0	0	0	0	0	0.180519	-0.0130346	0.0192002	0	0	0.0627935	0.0291204	0	0	0.171087	-0.0179235	0.0411093
2018-02-10 00:00:00	-6.17087	-0.00786532	0.499945	0	0.881863	-0.0357641	0.159292	0	1.66183	0	0	0	0	0	2.12053	-0.0130448	0.0192308	0	0	0.0687494	0.0306368	0	0	0.167244	-0.0270006	-0.645224
2018-02-11 00:00:00	-3.68407	-0.0171723	0.444798	0	0.00504018	-0.0317389	0.133426	0	1.65479	0	0	0	0	0	0.927186	-0.0130604	0.0192609	0	0	0.0765502	0.032468	0	0	0.166263	-0.0305654	-0.316828
2018-02-12 00:00:00	-2.64778	-0.00562381	0.465151	0	-0.194659	-0.0298258	0.118968	0	1.56002	0	0	0	0	0	0.532892	-0.0130711	0.0192723	0	0	0.0758556	0.032181	0	0	0.16718	-0.0301381	0.0504229
2018-02-13 00:00:00	-5.38421	-0.0176474	0.483392	0	0.187569	-0.0426266	0.172054	0	2.14859	0	0	0	0	0	1.6652	-0.0130777	0.0193099	0	0	0.082717	0.033871	0	0	0.167659	-0.0300511	-0.527249
2018-02-14 00:00:00	-0.372963	-0.150043	0.506836	0	-0.596494	-0.0146639	0.0565277	0	0.918212	0	0	0	0	0	-0.47792	-0.0130756	0.0193164	0	0	0.0813851	0.0334244	0	0	0.170821	-0.024206	0.137159
2018-02-15 00:00:00	-2.62726	0.132551	0.528198	0	0.340443	-0.0208528	0.0838772	0	0.863325	0	0	0	0	0	0.482648	-0.0130785	0.0193185	0	0	0.0747308	0.0315876	0	0	0.1713	-0.0239179	0.0428749
2018-02-16 00:00:00	-0.408799	-0.328086	0.595268	0	-0.365944	-0.0113444	0.0418402	0	0.535224	0	0	0	0	0	-0.174956	-0.0130777	0.0193105	0	0	0.0657326	0.0291938	0	0	0.172061	-0.0227671	0.133656
2018-02-17 00:00:00	-0.925593	0.0334904	0.583595	0	-0.123414	-0.00915985	0.0330636	0	0.3486	0	0	0	0	0	-0.0547242	-0.0130775	0.0193075	0	0	0.059529	0.0276385	0	0	0.173146	-0.0198619	0.13254
2018-02-18 00:00:00	-3.16548	0.25595	0.531221	0	0.403693	-0.0182674	0.0790204	0	0.720278	0	0	0	0	0	0.842655	-0.01307	0.0193143	0	0	0.0555501	0.0264137	0	0	0.171356	-0.0239786	-0.11534
2018-02-19 00:00:00	-4.05138	-0.0114261	0.739467	0	0.304097	-0.0274756	0.11698	0	1.36415	0	0	0	0	0	1.10297	-0.0130738	0.0193327	0	0	0.0592755	0.0272937	0	0	0.169404	-0.0284132	-0.228804
2018-02-20 00:00:00	-0.259317	-0.362235	0.637335	0	-0.582429	-0.0117934	0.0455463	0	0.685154	0	0	0	0	0	-0.252766	-0.0130708	0.0193239	0	0	0.0559377	0.026395	0	0	0.172004	-0.0232262	0.136859
2018-02-21 00:00:00	-0.0893068	-0.432976	0.571885	0	-0.356179	-0.00510454	0.0184847	0	0.255115	0	0	0	0	0	-0.13387	-0.01307	0.019319	0	0	0.0506602	0.0251202	0	0	0.174329	-0.0177436	0.0666633
2018-02-22 00:00:00	-0.259317	-0.138708	0.542286	0	-0.159327	-0.00586769	0.022026	0	0.172443	0	0	0	0	0	-0.126886	-0.0130696	0.0193136	0	0	0.0459329	0.0240192	0	0	0.174288	-0.015905	0.281228
2018-02-23 00:00:00	-0.0893068	-0.0910321	0.548613	0	-0.301844	-0.00306932	0.00904328	0	0.0954873	0	0	0	0	0	-0.106947	-0.0130665	0.0192995	0	0	0.0397669	0.0227098	0	0	0.173961	-0.0147286	0.288886
2018-02-24 00:00:00	-0.0893068	-0.0997829	0.574454	0	-0.248182	-0.00211068	0.00539289	0	0.0600643	0	0	0	0	0	-0.136527	-0.0130614	0.0192828	0	0	0.034481	0.0216516	0	0	0.173284	-0.0138399	0.285799
2018-02-25 00:00:00	-0.260216	-0.00784313	0.603224	0	-0.181904	-0.00329131	0.00946706	0	0.0682928	0	0	0	0	0	0.0194336	-0.0130601	0.0192707	0	0	0.0314407	0.0209459	0	0	0.171657	-0.0135021	0.463915
2018-02-26 00:00:00	-0.173862	-0.0593579	0.533147	0	-0.102905	-0.00243339	0.00731602	0	0.0478452	0	0	0	0	0	-0.014047	-0.0130552	0.0192553	0	0	0.0282835	0.0199189	0	0	0.170138	-0.013041	0.447201
2018-02-27 00:00:00	-1.37926	0.675277	0.514077	0	0.0757954	-0.00336488	0.0102663	0	0.0716109	0	0	0	0	0	0.151703	-0.0130501	0.0192422	0	0	0.026337	0.0193004	0	0	0.168954	-0.013048	0.323842
2018-02-28 00:00:00	-0.0893068	-0.300322	0.408419	0	-0.0587911	-0.00378839	0.0122333	0	0.0825943	0	0	0	0	0	0.0886855	-0.0130451	0.0192299	0	0	0.0253019	0.0189807	0	0	0.16793	-0.01343	0.344691
2018-03-01 00:00:00	0	-0.323652	0.456282	0	-0.0819615	-0.00247527	0.00841044	0	0.0642136	0	0	0	0	0	0.0555478	-0.0130387	0.0192176	0	0	0.0242695	0.0185244	0	0	0.166922	-0.0127306	0.379529
2018-03-02 00:00:00	0	-0.198029	0.483558	0	-0.113439	-0.00203304	0.00636139	0	0.0489036	0	0	0	0	0	0.0228877	-0.0130323	0.0192045	0	0	0.02291	0.0179172	0	0	0.165624	-0.0122835	0.448549
2018-03-03 00:00:00	0	-0.0712218	0.321589	0	-0.0671463	-0.00221853	0.00734581	0	0.0401663	0	0	0	0	0	0.0434354	-0.0130256	0.0191911	0	0	0.0216963	0.0174502	0	0	0.164499	-0.0119796	0.469781
2018-03-04 00:00:00	-0.114545	-0.0722122	0.640176	0	-0.189269	-0.001978	0.00631597	0	0.0422111	0	0	0	0	0	0.00278288	-0.0130189	0.0191788	0	0	0.0207202	0.0170637	0	0	0.163144	-0.0118107	0.508759
2018-03-05 00:00:00	-6.21063	1.35159	0.690783	0	1.00259	-0.0168937	0.0651717	0	0.330211	0	0	0	0	0	1.71175	-0.0130249	0.0192013	0	0	0.0257804	0.0183141	0	0	0.161685	-0.0138668	-0.877334
2018-03-06 00:00:00	-16.7189	-0.00611234	0.742677	0	1.39245	-0.117628	0.453944	0	4.50957	0	0	0	0	0	6.41423	-0.0130875	0.0194229	0	0	0.0871639	0.0385066	0	0	0.159511	-0.0193848	-3.05763
2018-03-07 00:00:00	-7.20205	0.02175	0.724468	0	0.00622516	-0.0758184	0.297536	0	3.42593	0	0	0	0	0	1.52894	-0.0131384	0.0196196	0	0	0.148293	0.0574463	0	0	0.160272	-0.0279586	-0.928487
2018-03-08 00:00:00	-1.8532	-0.0417153	0.738957	0	-0.19519	-0.03153	0.127246	0	1.41529	0	0	0	0	0	-0.419764	-0.0131522	0.0196565	0	0	0.141124	0.0551217	0	0	0.162273	-0.0293466	0.0757732
2018-03-09 00:00:00	-5.32728	-0.314642	0.783846	0	0.261838	-0.0583647	0.239482	0	2.48538	0	0	0	0	0	1.32924	-0.0131573	0.0196581	0	0	0.122441	0.0492103	0	0	0.158943	-0.0407186	-0.304129
2018-03-10 00:00:00	-8.16612	0.0557106	0.84528	0	0.0296163	-0.0779257	0.290925	0	3.14498	0	0	0	0	0	2.4893	-0.0131803	0.0197646	0	0	0.137558	0.0539497	0	0	0.164416	-0.0314466	-1.05718
2018-03-11 00:00:00	-0.0446534	-0.649631	0.903246	0	-0.502051	-0.0259343	0.0985843	0	1.26715	0	0	0	0	0	-0.946185	-0.0131907	0.019823	0	0	0.145365	0.0560826	0	0	0.17028	-0.0224666	0.456421
2018-03-12 00:00:00	-0.130108	-0.19713	0.814649	0	-0.534817	-0.0114539	0.0412949	0	0.437748	0	0	0	0	0	-0.599304	-0.0131894	0.0198162	0	0	0.123054	0.0493045	0	0	0.172606	-0.0187594	0.153712
2018-03-13 00:00:00	-0.848269	0.124475	0.84403	0	-0.0714771	-0.00774612	0.0278319	0	0.207106	0	0	0	0	0	-0.359351	-0.0131866	0.0198048	0	0	0.102254	0.043124	0	0	0.173262	-0.0164971	0.225361
2018-03-14 00:00:00	-0.0446534	-0.272324	0.883732	0	-0.42417	-0.008005	0.0306808	0	0.258261	0	0	0	0	0	-0.2703	-0.0131858	0.0198034	0	0	0.0905284	0.039629	0	0	0.172957	-0.0157624	0.447192
2018-03-15 00:00:00	-8.43841	1.23508	0.954824	0	1.20172	-0.0423567	0.172273	0	1.37121	0	0	0	0	0	2.46882	-0.0132001	0.0198592	0	0	0.0973561	0.0410435	0	0	0.171428	-0.0187605	-0.779112
2018-03-16 00:00:00	-5.26206	-0.0177565	0.858871	0	0.0691919	-0.0493219	0.202039	0	1.99531	0	0	0	0	0	1.4013	-0.0132235	0.0199465	0	0	0.121101	0.0484294	0	0	0.169239	-0.0256946	-0.48263
2018-03-17 00:00:00	-0.329209	-0.393678	0.766368	0	-0.48112	-0.0183197	0.0758619	0	0.850067	0	0	0	0	0	-0.487656	-0.0132277	0.0199635	0	0	0.116979	0.0471518	0	0	0.171454	-0.0217516	0.302883
2018-03-18 00:00:00	-1.59732	0.293963	0.739148	0	-0.0419128	-0.0140751	0.0583374	0	0.477955	0	0	0	0	0	-0.0214439	-0.0132281	0.019964	0	0	0.102774	0.0427365	0	0	0.173154	-0.0177345	0.202319
2018-03-19 00:00:00	-2.16895	-0.244934	0.849244	0	-0.0745305	-0.0215498	0.0911004	0	0.674492	0	0	0	0	0	0.502737	-0.0132363	0.0199914	0	0	0.100668	0.0424641	0	0	0.173192	-0.0164753	-0.0857838
2018-03-20 00:00:00	-0.0446534	-0.596536	0.904422	0	-0.32878	-0.00853069	0.0369631	0	0.312275	0	0	0	0	0	-0.246545	-0.0132373	0.0199923	0	0	0.0914723	0.0397687	0	0	0.173295	-0.0149527	0.324952
2018-03-21 00:00:00	-0.329209	-0.174896	1.00049	0	-0.458293	-0.00436173	0.0189905	0	0.178876	0	0	0	0	0	-0.264686	-0.0132332	0.0199872	0	0	0.0776775	0.0357541	0	0	0.173075	-0.0141413	0.246034
2018-03-22 00:00:00	-0.0446534	-0.161571	1.0005	0	-0.413557	-0.00336796	0.0119718	0	0.0709943	0	0	0	0	0	-0.179426	-0.013229	0.019984	0	0	0.0678015	0.0332761	0	0	0.172375	-0.0133738	0.547722
2018-03-23 00:00:00	-3.15422	1.04779	1.20375	0	0.347978	-0.00550638	0.0193104	0	0.109053	0	0	0	0	0	0.35377	-0.0132256	0.019976	0	0	0.0583318	0.0306044	0	0	0.171555	-0.0134089	0.175761
2018-03-24 00:00:00	-0.0446534	-0.903329	1.04307	0	-0.100841	-0.00402881	0.0176923	0	0.120199	0	0	0	0	0	-0.0200373	-0.0132222	0.0199678	0	0	0.0521565	0.0283577	0	0	0.17079	-0.0138188	0.3523
2018-03-25 00:00:00	-0.244653	-0.139639	1.062	0	-0.323949	-0.00216816	0.00827583	0	0.0675916	0	0	0	0	0	-0.133348	-0.013215	0.0199546	0	0	0.0450769	0.0258707	0	0	0.170108	-0.0130285	0.528875
2018-03-26 00:00:00	-0.159199	-0.106004	0.998468	0	-0.382136	-0.00130401	0.00341431	0	0.0320899	0	0	0	0	0	-0.0843891	-0.0132074	0.0199388	0	0	0.0380791	0.0234773	0	0	0.169116	-0.0124023	0.525943
2018-03-27 00:00:00	-11.4867	1.33922	1.22862	0	1.89504	-0.0435463	0.180327	0	1.36747	0	0	0	0	0	3.62484	-0.0132346	0.0200213	0	0	0.0600224	0.0289665	0	0	0.167102	-0.0140925	-1.64594
2018-03-28 00:00:00	-0.130108	-0.836599	1.0643	0	-0.556916	-0.0163863	0.0690888	0	0.893424	0	0	0	0	0	-0.528762	-0.0132535	0.0200752	0	0	0.082032	0.0355574	0	0	0.167104	-0.0169693	0.232591
2018-03-29 00:00:00	-0.130108	-0.225401	0.992227	0	-0.273582	-0.0024532	0.0115321	0	0.147486	0	0	0	0	0	-0.317532	-0.013244	0.0200553	0	0	0.0656933	0.0313655	0	0	0.168067	-0.0142793	0.459826
2018-03-30 00:00:00	-4.06604	1.03466	1.14028	0	0.455453	-0.0141686	0.0541153	0	0.348885	0	0	0	0	0	0.648146	-0.0132485	0.0200521	0	0	0.0617824	0.030183	0	0	0.166556	-0.0162313	-0.14958
2018-03-31 00:00:00	-5.63068	0.0185996	1.04058	0	0.546574	-0.0302893	0.128314	0	1.35028	0	0	0	0	0	1.67008	-0.0132615	0.0200843	0	0	0.0681396	0.0307399	0	0	0.163339	-0.0245671	-0.662069
2018-04-01 00:00:00	-4.24445	0.012324	1.07581	0	0.122243	-0.0353901	0.14959	0	1.47128	0	0	0	0	0	0.94873	-0.013291	0.0201289	0	0	0.0799251	0.0342962	0	0	0.163716	-0.025704	-0.240794
2018-04-02 00:00:00	-7.45476	0.000772774	0.930236	0	0.349178	-0.0682478	0.248568	0	2.61427	0	0	0	0	0	2.30961	-0.0133191	0.0201958	0	0	0.0970985	0.0399709	0	0	0.162499	-0.0317685	-0.795694
2018-04-03 00:00:00	-15.9456	0.000608085	0.998989	0	0.691839	-0.145506	0.591663	0	6.28659	0	0	0	0	0	5.46485	-0.013381	0.0203492	0	0	0.145212	0.0543335	0	0	0.157044	-0.046743	-1.73974
2018-04-04 00:00:00	-10.8947	-0.00381744	1.08549	0	-0.183478	-0.124217	0.490219	0	5.703	0	0	0	0	0	2.72837	-0.013439	0.0205346	0	0	0.196311	0.0682892	0	0	0.16126	-0.0473416	-0.813494
2018-04-05 00:00:00	-12.0481	0.0067703	1.05689	0	0.244195	-0.140745	0.523984	0	6.10751	0	0	0	0	0	3.1368	-0.013512	0.0207234	0	0	0.232609	0.0781483	0	0	0.164905	-0.0481154	-0.677954
2018-04-06 00:00:00	-0.210811	-0.750389	1.03571	0	-0.636156	-0.0393032	0.138937	0	1.98964	0	0	0	0	0	-1.49747	-0.0135515	0.0207946	0	0	0.222728	0.0751375	0	0	0.17603	-0.0338997	0.477396
2018-04-07 00:00:00	-1.48231	0.43367	1.03552	0	-0.472066	-0.0271094	0.0961707	0	1.06933	0	0	0	0	0	-0.852286	-0.01357	0.0207911	0	0	0.187777	0.0652885	0	0	0.180642	-0.0272005	0.214655
2018-04-08 00:00:00	-0.288407	-0.629808	1.03267	0	-0.394062	-0.0156619	0.0579662	0	0.609325	0	0	0	0	0	-0.565657	-0.0135737	0.0207823	0	0	0.157946	0.0569535	0	0	0.18261	-0.0232525	0.187829
2018-04-09 00:00:00	-0.17001	-0.174288	0.990651	0	-0.428804	-0.00830678	0.0267144	0	0.284638	0	0	0	0	0	-0.517434	-0.0135755	0.0207765	0	0	0.133151	0.0504128	0	0	0.183814	-0.0195813	0.358158
2018-04-10 00:00:00	-1.71038	0.393152	1.01106	0	0.0589573	-0.00922888	0.0404436	0	0.296365	0	0	0	0	0	-0.105268	-0.0135742	0.0207715	0	0	0.113642	0.0452833	0	0	0.183708	-0.0189805	0.305951
2018-04-11 00:00:00	-0.210811	-0.396245	0.963713	0	-0.240181	-0.00502408	0.0239525	0	0.211268	0	0	0	0	0	-0.237077	-0.013572	0.0207625	0	0	0.0954481	0.0403128	0	0	0.183432	-0.018562	0.417417
2018-04-12 00:00:00	-3.66139	1.07895	0.987596	0	0.349253	-0.0123311	0.0543245	0	0.378678	0	0	0	0	0	0.56836	-0.0135737	0.0207624	0	0	0.0845352	0.0366355	0	0	0.182935	-0.0186118	0.0361196
2018-04-13 00:00:00	-2.94229	0.0526103	0.977663	0	0.210704	-0.0176239	0.0847152	0	0.717458	0	0	0	0	0	0.611935	-0.0135834	0.0207811	0	0	0.0842734	0.0356461	0	0	0.18123	-0.0221291	-0.018606
2018-04-14 00:00:00	0	-1.16411	2.31164	0	-0.927924	-0.00484495	0.0204571	0	0.28338	0	0	0	0	0	-0.438154	-0.0135864	0.0207789	0	0	0.075003	0.033573	0	0	0.182318	-0.0190414	0.359489
2018-04-15 00:00:00	-4.75327	1.07121	1.43139	0	0.669405	-0.0140388	0.0528762	0	0.307915	0	0	0	0	0	0.875798	-0.0135902	0.0207943	0	0	0.0703569	0.0321633	0	0	0.18291	-0.0156176	-0.0816981
2018-04-16 00:00:00	-0.0408013	-0.965897	1.57452	0	-0.591715	-0.00885963	0.0334274	0	0.35045	0	0	0	0	0	-0.245673	-0.013593	0.0208015	0	0	0.0696736	0.0321097	0	0	0.18179	-0.01695	0.379286
2018-04-17 00:00:00	-0.969151	-0.137633	1.80712	0	-0.328613	-0.00216454	0.00709659	0	0.0516797	0	0	0	0	0	-0.170235	-0.0135868	0.0207874	0	0	0.0571988	0.0293627	0	0	0.18166	-0.0142724	0.519246
2018-04-18 00:00:00	0	-0.248989	1.96885	0	-0.826547	-0.00116287	0.00239514	0	0.0346412	0	0	0	0	0	-0.481612	-0.0135758	0.0207686	0	0	0.044361	0.0256306	0	0	0.180871	-0.0134818	0.692152
2018-04-19 00:00:00	0	-0.202456	2.42887	0	-0.928622	-0.000646614	0.000318746	0	0.010319	0	0	0	0	0	-0.444829	-0.0135607	0.020737	0	0	0.0321461	0.0214309	0	0	0.179546	-0.0128748	1.09038
2018-04-20 00:00:00	0	-0.164178	2.37026	0	-0.134866	-0.00046401	0.000605538	0	0.0069596	0	0	0	0	0	-0.779045	-0.0135551	0.0207173	0	0	0.0258176	0.0191244	0	0	0.177438	-0.0122172	1.5166
2018-04-21 00:00:00	0	-0.00107047	2.81483	0	-0.387594	-1.49459E-05	1.2365E-06	0	0.00523374	0	0	0	0	0	-0.581161	-0.0135317	0.020672	0	0	0.0182227	0.0159136	0	0	0.175795	-0.0117896	2.0555
2018-04-22 00:00:00	-4.9064	1.02359	2.07838	0	0.347444	-7.47895E-05	0.000819601	0	0.00169171	0	0	0	0	0	0.54372	-0.0135372	0.0206776	0	0	0.0189922	0.0159388	0	0	0.173865	-0.0110302	-0.705926
2018-04-23 00:00:00	-2.28319	0.0895217	1.94315	0	0.289629	-0.000406996	0.00408576	0	0.00494758	0	0	0	0	0	0.254791	-0.0135336	0.020667	0	0	0.019523	0.0161391	0	0	0.171946	-0.0110009	0.506267
2018-04-24 00:00:00	-0.251613	-0.975435	1.91357	0	-0.0856729	-0.000398428	0.00161287	0	0.0184342	0	0	0	0	0	-0.0963779	-0.0135236	0.0206489	0	0	0.0194112	0.0162725	0	0	0.170384	-0.011103	0.726209
2018-04-25 00:00:00	-2.13359	0.428913	1.90655	0	0.112387	-0.000457291	0.00264424	0	0.0107716	0	0	0	0	0	0.0163594	-0.0135125	0.0206238	0	0	0.0184437	0.0161314	0	0	0.168484	-0.011029	0.542719
2018-04-26 00:00:00	-4.77719	0.796414	1.93245	0	0.43353	-0.00272344	0.0108611	0	0.0607423	0	0	0	0	0	0.889821	-0.0135152	0.0206203	0	0	0.0197048	0.0163419	0	0	0.166389	-0.0113262	-0.457875
2018-04-27 00:00:00	-1.37996	-0.346155	1.75699	0	-0.0141257	-0.00218202	0.00771833	0	0.0573081	0	0	0	0	0	0.0920672	-0.0135124	0.0206097	0	0	0.0216467	0.016727	0	0	0.165776	-0.0116602	0.371249
2018-04-28 00:00:00	-5.84314	0.605926	1.69248	0	0.923012	-0.00838776	0.0296618	0	0.16928	0	0	0	0	0	1.34536	-0.0135186	0.020622	0	0	0.0266234	0.0176558	0	0	0.16415	-0.012699	-0.882974
2018-04-29 00:00:00	-0.17001	-0.926303	1.64233	0	-0.316948	-0.0053633	0.0164328	0	0.208155	0	0	0	0	0	-0.210717	-0.0135183	0.0206229	0	0	0.0305181	0.0188966	0	0	0.163776	-0.0143969	0.443476
2018-04-30 00:00:00	0	-0.260878	1.62926	0	-0.422919	-0.000568389	0.00121933	0	0.0276087	0	0	0	0	0	-0.434559	-0.013502	0.0205931	0	0	0.0255143	0.0183263	0	0	0.164136	-0.0121591	0.742072
2018-05-01 00:00:00	0	-0.18052	1.83938	0	-0.432384	-0.000906757	0.00116439	0	0.0167305	0	0	0	0	0	-0.391872	-0.0134961	0.020581	0	0	0.0221885	0.0171443	0	0	0.161866	-0.0115803	1.0483
2018-05-02 00:00:00	-3.76391	0.845899	2.05918	0	0.402389	-0.000722653	0.00218727	0	0.0163194	0	0	0	0	0	0.430971	-0.0134835	0.0205689	0	0	0.0220888	0.0166815	0	0	0.160643	-0.0113441	0.18747
2018-05-03 00:00:00	-0.148583	-0.912182	2.00088	0	-0.351376	-0.0026674	0.0097308	0	0.061003	0	0	0	0	0	-0.185771	-0.0134793	0.0205545	0	0	0.0217395	0.0166822	0	0	0.158548	-0.0113304	0.663749
2018-05-04 00:00:00	-0.263128	-0.138277	2.18051	0	-0.255692	-0.000410514	0.000848351	0	0.00749918	0	0	0	0	0	-0.574147	-0.0134548	0.0205193	0	0	0.0174888	0.0152797	0	0	0.157548	-0.0110925	1.1435
2018-05-05 00:00:00	0	-0.0484166	2.04975	0	-0.443962	-0.000235707	8.36996E-05	0	0.00563097	0	0	0	0	0	-0.309092	-0.0134179	0.0204818	0	0	0.0143187	0.013902	0	0	0.155747	-0.0107321	1.43406
2018-05-06 00:00:00	-0.0854547	-0.00179382	2.99694	0	-0.245475	0	4.39752E-05	0	0.00124871	0	0	0	0	0	-0.940699	-0.0134051	0.0204456	0	0	0.0109023	0.0120666	0	0	0.15384	-0.0101178	1.89854
2018-05-07 00:00:00	0	0	2.67451	0	-0.063509	-9.89925E-06	0.000104231	0	0.000263368	0	0	0	0	0	-0.704455	-0.0133906	0.0203778	0	0	0.00847726	0.0107778	0	0	0.151635	-0.00980856	2.07497
2018-05-08 00:00:00	-1.89267	0.0575508	2.31686	0	0.10492	-8.51714E-05	0.000297597	0	0.000152191	0	0	0	0	0	0.0613875	-0.0133783	0.0203525	0	0	0.00874441	0.0110737	0	0	0.149452	-0.00960464	0.815051
2018-05-09 00:00:00	-1.7285	-0.0575508	2.15071	0	0.0780549	-7.78914E-05	0.000660937	0	0.000126645	0	0	0	0	0	-0.00671619	-0.0133703	0.0203257	0	0	0.00941941	0.0114147	0	0	0.147598	-0.00955351	0.602536
2018-05-10 00:00:00	-0.2	0	1.87067	0	0.0231181	-0.000134679	0.00146691	0	0	0	0	0	0	0	-0.418697	-0.0133571	0.0203132	0	0	0.00914405	0.0111957	0	0	0.145216	-0.00949703	1.43944
2018-05-11 00:00:00	-0.576774	0	2.02032	0	0.0164496	-6.62675E-05	0.00071381	0	0	0	0	0	0	0	-0.407522	-0.013338	0.0202648	0	0	0.00862647	0.0109717	0	0	0.144079	-0.00942773	1.2143
2018-05-12 00:00:00	-3.56481	0.727201	2.49879	0	0.0788112	-9.07294E-05	0.00163633	0	1.74999E-05	0	0	0	0	0	0.323642	-0.0133048	0.0202551	0	0	0.00912266	0.01129	0	0	0.141813	-0.00936651	0.225005
2018-05-13 00:00:00	-8.05406	0.857291	2.54478	0	0.422852	-0.000946493	0.0075846	0	0.0260062	0	0	0	0	0	1.76496	-0.0133148	0.020277	0	0	0.0147514	0.0131841	0	0	0.141099	-0.00953915	-2.26507
2018-05-14 00:00:00	0	-1.54263	4.86551	0	-0.438632	-0.00053065	0.0024576	0	0.0313465	0	0	0	0	0	-1.1134	-0.0133104	0.020277	0	0	0.0176715	0.0147888	0	0	0.140837	-0.00978827	1.9746
2018-05-15 00:00:00	-0.114545	-0.04149	2.90194	0	-0.147284	-1.99601E-05	0.000135211	0	2.69343E-05	0	0	0	0	0	-0.839415	-0.0132736	0.020224	0	0	0.0118882	0.0124026	0	0	0.140004	-0.00958584	1.921
2018-05-16 00:00:00	0	0	2.02348	0	-0.158731	-2.03069E-06	3.9493E-06	0	0	0	0	0	0	0	-0.377091	-0.0132248	0.0202013	0	0	0.00981327	0.011437	0	0	0.13814	-0.00937546	1.64465
2018-05-17 00:00:00	0	0	2.70437	0	-0.0246053	0	2.17889E-05	0	0	0	0	0	0	0	-0.943929	-0.013175	0.0201767	0	0	0.00770469	0.0101805	0	0	0.136531	-0.0092392	1.88804
2018-05-18 00:00:00	0	0	3.76316	0	-0.0361579	0	2.58899E-05	0	0	0	0	0	0	0	-1.15316	-0.0131263	0.0201512	0	0	0.00544231	0.00864533	0	0	0.134658	-0.00904608	2.72059
2018-05-19 00:00:00	0	0	2.9938	0	-0.0079847	0	7.4305E-05	0	0	0	0	0	0	0	-0.862142	-0.0131083	0.020107	0	0	0.00414897	0.00771883	0	0	0.132843	-0.00882197	2.26664
2018-05-20 00:00:00	0	0	2.4264	0	-9.56962E-05	0	0.000106449	0	0	0	0	0	0	0	-0.720009	-0.0130992	0.0200665	0	0	0.00356671	0.00727603	0	0	0.130897	-0.00866983	1.84644
2018-05-21 00:00:00	0	0	3.25086	0	-0.0115828	0	6.20865E-05	0	0	0	0	0	0	0	-1.00725	-0.013061	0.020035	0	0	0.00286534	0.00660286	0	0	0.129242	-0.00856885	2.3692
2018-05-22 00:00:00	0	0	2.04847	0	0.0037378	-2.63638E-05	0.000126415	0	0	0	0	0	0	0	-0.587284	-0.0130551	0.0199644	0	0	0.00270095	0.0064723	0	0	0.127594	-0.00844568	1.60025
2018-05-23 00:00:00	0	0	2.10886	0	0.000372628	-2.87498E-05	0.000121433	0	0	0	0	0	0	0	-0.636461	-0.0130304	0.0199261	0	0	0.00266392	0.00641759	0	0	0.12594	-0.00838176	1.6064
2018-05-24 00:00:00	0	0	2.51735	0	-0.00525265	-1.81096E-05	9.83242E-05	0	0	0	0	0	0	0	-0.816218	-0.0130137	0.0198651	0	0	0.00248843	0.00620371	0	0	0.124482	-0.00833161	1.82765
2018-05-25 00:00:00	-0.0854547	0	2.30043	0	-0.00182413	-2.41824E-05	0.000109729	0	0	0	0	0	0	0	-0.706568	-0.0129642	0.0198328	0	0	0.00237611	0.00608833	0	0	0.123144	-0.00826552	1.63688
2018-05-26 00:00:00	0	0	2.14765	0	-0.000919031	-2.71374E-05	0.000114931	0	0	0	0	0	0	0	-0.714352	-0.0129049	0.0198022	0	0	0.00234325	0.00604875	0	0	0.121714	-0.0082097	1.56126
2018-05-27 00:00:00	-0.2	0	2.62152	0	-0.00428512	-1.90009E-05	9.58577E-05	0	0	0	0	0	0	0	-0.828624	-0.0128647	0.0197754	0	0	0.00223891	0.0059123	0	0	0.120353	-0.00816316	1.71593
2018-05-28 00:00:00	-0.0854547	0	3.33047	0	-0.0135652	0	4.36037E-05	0	0	0	0	0	0	0	-1.22034	-0.0127932	0.0197344	0	0	0.00185827	0.00543876	0	0	0.118947	-0.00811024	2.13623
2018-05-29 00:00:00	0	0	2.0877	0	0.00216334	-2.03933E-05	0.000108423	0	0	0	0	0	0	0	-0.737377	-0.0127673	0.0197007	0	0	0.00183192	0.00541903	0	0	0.117441	-0.00802282	1.47618
2018-05-30 00:00:00	-0.0854547	0	2.25014	0	-0.00125128	-1.9012E-05	9.79048E-05	0	0	0	0	0	0	0	-0.812403	-0.0127545	0.0196392	0	0	0.00184045	0.00541847	0	0	0.116139	-0.00797259	1.47342
2018-05-31 00:00:00	-0.0854547	0	2.369	0	-0.00274753	-1.29591E-05	8.9951E-05	0	0	0	0	0	0	0	-0.886289	-0.0127101	0.0195955	0	0	0.00181084	0.00537042	0	0	0.114806	-0.00792791	1.51553
2018-06-01 00:00:00	-21.8501	2.14297	3.18393	0	0.367294	-0.000455379	0.00426535	0	3.20542E-05	0	0	0	0	0	6.85304	-0.0127522	0.0197116	0	0	0.00638018	0.00918869	0	0	0.114042	-0.00810102	-9.17052
2018-06-02 00:00:00	-12.2491	-0.0236461	3.10891	0	0.480611	-0.000269459	0.0276741	0	0.000379778	0	0	0	0	0	3.06386	-0.0128135	0.0198402	0	0	0.0178833	0.017169	0	0	0.115072	-0.00894217	-5.4434
2018-06-03 00:00:00	-3.16738	-0.154201	3.25331	0	-0.0153312	-0.000228499	0.00638846	0	0.000876696	0	0	0	0	0	-0.268302	-0.0128331	0.019865	0	0	0.0225084	0.019743	0	0	0.115508	-0.00931797	-0.189393
2018-06-04 00:00:00	0	-1.34828	2.80819	0	-0.18075	-0.000347692	0.00228265	0	0.00162352	0	0	0	0	0	-0.630277	-0.0128265	0.0198437	0	0	0.0211533	0.0190915	0	0	0.115467	-0.00922998	0.805935
2018-06-05 00:00:00	0	-0.331994	2.54493	0	-0.305075	0	5.97289E-05	0	0.000244605	0	0	0	0	0	-0.7271	-0.0128105	0.0198111	0	0	0.0175903	0.0171867	0	0	0.115161	-0.00904003	1.32896
2018-06-06 00:00:00	0	-0.21956	2.653	0	-0.0810014	-1.66614E-06	5.26458E-05	0	0	0	0	0	0	0	-0.877351	-0.0127872	0.0197637	0	0	0.0135589	0.0146407	0	0	0.114796	-0.00889775	1.61621
2018-06-07 00:00:00	0	-0.0652912	2.82514	0	-0.122743	-9.99821E-06	0.000111819	0	2.60267E-06	0	0	0	0	0	-1.04101	-0.0127746	0.0197418	0	0	0.0116263	0.0134088	0	0	0.113995	-0.00866524	1.73353
2018-06-08 00:00:00	0	0	2.86164	0	-0.102652	0	0	0	0	0	0	0	0	0	-0.917485	-0.0127441	0.0196911	0	0	0.0087115	0.0114743	0	0	0.113501	-0.00853802	1.9736
2018-06-09 00:00:00	-0.590411	0	2.77641	0	0.00107293	0	1.96929E-05	0	0	0	0	0	0	0	-0.865596	-0.0127217	0.0196778	0	0	0.00735102	0.0104892	0	0	0.112734	-0.00837812	1.45064
2018-06-10 00:00:00	0	0	2.69893	0	0.0174489	0	0.00020279	0	0	0	0	0	0	0	-1.05337	-0.0127067	0.0196493	0	0	0.00642989	0.00977282	0	0	0.111703	-0.00820278	1.78986
2018-06-11 00:00:00	-0.768084	0	2.54665	0	-0.0243544	0	2.91957E-07	0	0	0	0	0	0	0	-0.522132	-0.0126514	0.0195979	0	0	0.00560072	0.00916038	0	0	0.111211	-0.00810294	1.3569
2018-06-12 00:00:00	-0.420401	0	2.64483	0	-0.00151538	0	7.04233E-05	0	0	0	0	0	0	0	-1.05445	-0.0126441	0.019551	0	0	0.00492404	0.00857437	0	0	0.110312	-0.00803552	1.29122
2018-06-13 00:00:00	-1.38848	0	2.66559	0	0.016228	0	0.000134394	0	0	0	0	0	0	0	-0.48652	-0.0126384	0.0195105	0	0	0.00487347	0.00852986	0	0	0.109298	-0.00794183	0.928578
2018-06-14 00:00:00	0	0	2.62511	0	-0.01581	0	6.25231E-05	0	0	0	0	0	0	0	-1.16764	-0.0126084	0.0194796	0	0	0.00425918	0.00798843	0	0	0.108399	-0.00790488	1.56133
2018-06-15 00:00:00	-0.768084	0	2.60812	0	0.00289464	0	0.000108334	0	0	0	0	0	0	0	-0.773315	-0.0125694	0.019444	0	0	0.00396928	0.00775979	0	0	0.107463	-0.00782454	1.18797
2018-06-16 00:00:00	-13.658	2.27642	2.93025	0	0.273206	-0.000260802	0.00196811	0	0	0	0	0	0	0	3.7715	-0.012591	0.0194708	0	0	0.00740483	0.0097487	0	0	0.106728	-0.00787843	-4.28204
2018-06-17 00:00:00	-0.988485	-1.42612	2.90983	0	-0.0084087	-8.14225E-05	0.00107999	0	0.000180709	0	0	0	0	0	-0.324854	-0.0125956	0.0194807	0	0	0.011978	0.0127899	0	0	0.106833	-0.008264	0.29336
2018-06-18 00:00:00	-0.2	-0.394802	2.74478	0	-0.0892895	-8.03994E-06	9.80076E-05	0	0.000155968	0	0	0	0	0	-0.955456	-0.0125795	0.0194511	0	0	0.0109657	0.0126831	0	0	0.106373	-0.00826566	1.23411
2018-06-19 00:00:00	-11.3566	1.86149	3.01964	0	0.418218	-0.000187704	0.00453857	0	0.00401462	0	0	0	0	0	2.92388	-0.0125876	0.0194753	0	0	0.0142437	0.0140557	0	0	0.106037	-0.00825381	-2.99203
2018-06-20 00:00:00	-14.284	-0.259191	3.10234	0	0.456023	-0.0107458	0.0877295	0	0.313593	0	0	0	0	0	5.06508	-0.0126387	0.0196232	0	0	0.0316078	0.0230015	0	0	0.106122	-0.0091915	-5.37068
2018-06-21 00:00:00	-0.148583	-1.36295	2.8346	0	-0.283144	-0.00423635	0.0238697	0	0.138374	0	0	0	0	0	-1.01506	-0.0126583	0.0196771	0	0	0.044112	0.0289887	0	0	0.107228	-0.00971916	0.360505
2018-06-22 00:00:00	0	-0.454268	3.40037	0	-0.361736	-6.26144E-05	0.00039778	0	0.00993854	0	0	0	0	0	-1.40611	-0.0126373	0.0196319	0	0	0.0350136	0.0247613	0	0	0.107864	-0.00939346	1.35377
2018-06-23 00:00:00	0	-0.217169	2.73617	0	-0.242495	0	3.62014E-05	0	0.000136372	0	0	0	0	0	-0.989009	-0.0125967	0.0195965	0	0	0.0266515	0.0205447	0	0	0.107676	-0.0091481	1.44039
2018-06-24 00:00:00	0	-0.0195981	2.6781	0	-0.0425684	0	1.19371E-05	0	0	0	0	0	0	0	-1.30451	-0.0125613	0.019568	0	0	0.0216652	0.0180674	0	0	0.107274	-0.00888583	1.45657
2018-06-25 00:00:00	-0.320401	-0.00352162	2.75366	0	-0.0212117	0	6.55455E-05	0	0	0	0	0	0	0	-1.02616	-0.0125565	0.0195254	0	0	0.0175643	0.0159787	0	0	0.106576	-0.00860572	1.52092
2018-06-26 00:00:00	0	0	3.01644	0	-0.0455768	0	4.05602E-05	0	0	0	0	0	0	0	-1.29058	-0.012544	0.0194928	0	0	0.0136749	0.0138994	0	0	0.106047	-0.00838818	1.8125
2018-06-27 00:00:00	-0.2	0	3.26347	0	-0.0326959	0	3.83885E-05	0	0	0	0	0	0	0	-1.36884	-0.0124966	0.0194568	0	0	0.0104295	0.0120725	0	0	0.105315	-0.00818345	1.78857
2018-06-28 00:00:00	0	0	3.30348	0	-0.0285897	0	2.31846E-05	0	0	0	0	0	0	0	-1.4843	-0.0124602	0.0194089	0	0	0.00764841	0.0104667	0	0	0.104571	-0.00799657	1.91225
2018-06-29 00:00:00	0	0	2.79606	0	-0.0103859	0	4.68443E-05	0	0	0	0	0	0	0	-1.34826	-0.0124438	0.0193294	0	0	0.00591201	0.00934159	0	0	0.10376	-0.00779355	1.55557
2018-06-30 00:00:00	0	0	4.08645	0	-0.0279907	0	0	0	0	0	0	0	0	0	-2.07634	-0.0123607	0.0192725	0	0	0.0039353	0.00788824	0	0	0.103	-0.00763529	2.09622
2018-07-01 00:00:00	0	0	4.22628	0	-0.0178415	0	0	0	0	0	0	0	0	0	-2.1746	-0.0123225	0.0192249	0	0	0.00247047	0.00664308	0	0	0.102194	-0.00747211	2.14458
2018-07-02 00:00:00	-0.114545	0	2.69584	0	0.00154027	0	0	0	0	0	0	0	0	0	-1.4212	-0.0122915	0.0191851	0	0	0.00212667	0.00626838	0	0	0.101192	-0.00730255	1.27081
2018-07-03 00:00:00	0	0	3.45775	0	-0.00736499	0	0	0	0	0	0	0	0	0	-2.00594	-0.0122831	0.0191112	0	0	0.00171192	0.00574515	0	0	0.100369	-0.00723827	1.55186
2018-07-04 00:00:00	0	0	3.60089	0	-0.00700768	0	0	0	0	0	0	0	0	0	-2.063	-0.0122555	0.0190165	0	0	0.00137262	0.00523127	0	0	0.0995187	-0.00716685	1.63661
2018-07-05 00:00:00	0	0	3.83722	0	-0.0075732	0	0	0	0	0	0	0	0	0	-2.29434	-0.0121785	0.0189529	0	0	0.00107298	0.00472593	0	0	0.0986308	-0.00709564	1.63941
2018-07-06 00:00:00	0	0	3.29077	0	-0.00371769	0	0	0	0	0	0	0	0	0	-2.04724	-0.0121389	0.0189221	0	0	0.000950833	0.00443603	0	0	0.0976733	-0.00702383	1.34263
2018-07-07 00:00:00	0	0	2.9508	0	-0.00240224	0	0	0	0	0	0	0	0	0	-1.90777	-0.0120849	0.0188814	0	0	0.00091822	0.00429976	0	0	0.0968528	-0.00697502	1.14252
2018-07-08 00:00:00	0	0	2.99294	0	-0.00294591	0	0	0	0	0	0	0	0	0	-1.98202	-0.0120553	0.0188419	0	0	0.000884651	0.00418277	0	0	0.0958194	-0.00693161	1.10871
2018-07-09 00:00:00	-1.79912	0	3.09778	0	0.00930721	0	0.00011387	0	0	0	0	0	0	0	-0.913864	-0.0120395	0.0188047	0	0	0.00120064	0.00479836	0	0	0.095106	-0.00689916	0.495188
2018-07-10 00:00:00	0	0	2.80204	0	-0.00670641	0	1.00317E-05	0	0	0	0	0	0	0	-1.93466	-0.0120214	0.0187528	0	0	0.00116288	0.00478746	0	0	0.0943416	-0.00691114	0.960794
2018-07-11 00:00:00	0	0	2.92899	0	-0.00435175	0	7.64624E-06	0	0	0	0	0	0	0	-2.04562	-0.0119994	0.018698	0	0	0.00106594	0.00463079	0	0	0.0936485	-0.00688845	0.978182
2018-07-12 00:00:00	0	0	3.12462	0	-0.0046949	0	0	0	0	0	0	0	0	0	-2.26468	-0.0119805	0.0186137	0	0	0.00095523	0.00441469	0	0	0.0927926	-0.00685099	0.953187
2018-07-13 00:00:00	-2.20407	0	3.23825	0	0.00773705	0	0.000145916	0	0	0	0	0	0	0	-0.926409	-0.01197	0.018565	0	0	0.00123888	0.00498409	0	0	0.0920422	-0.00680921	0.213707
2018-07-14 00:00:00	-0.2	0	3.26471	0	-0.0084442	0	1.63216E-06	0	0	0	0	0	0	0	-2.38145	-0.0119486	0.0185258	0	0	0.00113166	0.00484656	0	0	0.0912964	-0.00681423	0.771853
2018-07-15 00:00:00	0	0	2.81477	0	-0.00366544	0	6.32028E-06	0	0	0	0	0	0	0	-2.1443	-0.0119189	0.0184898	0	0	0.00103687	0.00468404	0	0	0.0905163	-0.00677922	0.762842
2018-07-16 00:00:00	-1.14768	0	3.08181	0	0.000678562	0	6.2984E-05	0	0	0	0	0	0	0	-1.59418	-0.0118979	0.0184368	0	0	0.00109337	0.00481378	0	0	0.0897845	-0.00674311	0.436172
2018-07-17 00:00:00	-0.114545	0	2.52934	0	-0.00241916	0	3.55861E-05	0	0	0	0	0	0	0	-1.98696	-0.0118838	0.0183797	0	0	0.00109218	0.00483888	0	0	0.089121	-0.00672946	0.520275
2018-07-18 00:00:00	-0.604947	0	2.67458	0	-0.00180711	0	3.40994E-05	0	0	0	0	0	0	0	-1.67713	-0.0118595	0.0183565	0	0	0.00107784	0.00483728	0	0	0.0884437	-0.00670854	0.484884
2018-07-19 00:00:00	0	0	2.94211	0	-0.00480157	0	4.93646E-07	0	0	0	0	0	0	0	-2.39288	-0.0118324	0.01832	0	0	0.000974866	0.00465253	0	0	0.0878159	-0.00668668	0.637676
2018-07-20 00:00:00	-1.86628	0	2.88625	0	0.00365578	0	0.000105882	0	0	0	0	0	0	0	-0.898354	-0.0117943	0.0182859	0	0	0.00114202	0.00500166	0	0	0.087148	-0.00665212	0.218517
2018-07-21 00:00:00	0	0	2.78056	0	-0.00567128	0	5.06035E-06	0	0	0	0	0	0	0	-2.32693	-0.0117733	0.0182593	0	0	0.0010611	0.0048999	0	0	0.0866115	-0.00665566	0.540363
2018-07-22 00:00:00	0	0	2.77551	0	-0.00400747	0	4.81417E-06	0	0	0	0	0	0	0	-2.36644	-0.0117525	0.0182197	0	0	0.000974833	0.00472979	0	0	0.08602	-0.00662807	0.496632
2018-07-23 00:00:00	-3.07032	0.00337669	3.64337	0	0.00526432	0	0.000120378	0	0	0	0	0	0	0	-0.619174	-0.0117292	0.0182042	0	0	0.00116028	0.005143	0	0	0.0854138	-0.00658754	0.0542377
2018-07-24 00:00:00	-2.77902	-0.00269504	3.31266	0	0.00472686	0	0.000153403	0	0	0	0	0	0	0	-0.530544	-0.0117048	0.0181687	0	0	0.00143548	0.00576148	0	0	0.0849359	-0.00658966	0.0972845
2018-07-25 00:00:00	0	-0.00068165	3.72314	0	-0.0161724	0	0	0	0	0	0	0	0	0	-3.13103	-0.0116727	0.0181286	0	0	0.00114337	0.00530086	0	0	0.084422	-0.00661088	0.665975
2018-07-26 00:00:00	-2.69941	0	4.19376	0	0.00380827	0	2.84125E-05	0	0	0	0	0	0	0	-1.31865	-0.0116601	0.0180811	0	0	0.00116192	0.00536772	0	0	0.0839349	-0.00655788	0.269857
2018-07-27 00:00:00	-1.31859	0	3.95647	0	-0.00462298	0	6.03236E-07	0	0	0	0	0	0	0	-2.34519	-0.0116465	0.0180335	0	0	0.00105257	0.00517775	0	0	0.0833718	-0.00653158	0.37752
2018-07-28 00:00:00	-11.1188	2.5915	3.22577	0	0.0371964	0	0.000518591	0	0	0	0	0	0	0	3.75732	-0.0116414	0.0180326	0	0	0.00176199	0.00646603	0	0	0.0828952	-0.00652931	-1.41552
2018-07-29 00:00:00	-8.40694	0.421033	3.09009	0	0.0263017	0	0.000487243	0	0	0	0	0	0	0	3.43129	-0.0116432	0.0180311	0	0	0.00337135	0.0091891	0	0	0.0829424	-0.00675141	-1.3426
2018-07-30 00:00:00	-3.6471	-0.0623671	3.17322	0	0.0037865	0	0.000205893	0	0	0	0	0	0	0	0.226441	-0.011638	0.0180133	0	0	0.00448026	0.0106767	0	0	0.0828285	-0.00690633	-0.208355
2018-07-31 00:00:00	-0.519492	-1.96003	2.96668	0	0.00712071	0	0.000188126	0	0	0	0	0	0	0	-0.504172	-0.011627	0.0179936	0	0	0.00469673	0.0109101	0	0	0.0825036	-0.00693167	0.0878406
2018-08-01 00:00:00	-10.5299	2.04215	3.33788	0	0.0290439	0	0.000610189	0	0	0	0	0	0	0	3.75992	-0.0116223	0.0179846	0	0	0.00526046	0.0116066	0	0	0.0822526	-0.00694539	-1.26172
2018-08-02 00:00:00	-4.03159	-0.240064	3.5768	0	0.0207819	0	0.000801217	0	1.96657E-05	0	0	0	0	0	0.219731	-0.0116213	0.0179747	0	0	0.00636535	0.0128037	0	0	0.0822156	-0.00707856	-0.352862
2018-08-03 00:00:00	-0.466081	-1.87651	3.41741	0	-0.0196342	0	0.000366524	0	0	0	0	0	0	0	-0.937721	-0.0116128	0.0179507	0	0	0.00664257	0.0129521	0	0	0.0819373	-0.00710784	0.218593
2018-08-04 00:00:00	-0.0669801	-0.370913	2.9648	0	-0.0286423	0	2.99169E-05	0	0	0	0	0	0	0	-1.89258	-0.0116016	0.0179283	0	0	0.00570896	0.0121811	0	0	0.0815614	-0.00704772	0.704447
2018-08-05 00:00:00	-0.0669801	-0.352806	2.9505	0	-0.0466367	0	0	0	0	0	0	0	0	0	-1.65365	-0.0115748	0.0178908	0	0	0.00440734	0.0106509	0	0	0.0813163	-0.00696706	0.926149
2018-08-06 00:00:00	-1.52155	-0.13529	3.27573	0	0.00961384	0	0	0	0	0	0	0	0	0	-1.27432	-0.0115657	0.0178665	0	0	0.00396976	0.0100761	0	0	0.0810203	-0.00684576	0.448708
2018-08-07 00:00:00	-2.23337	0.00181753	2.99975	0	0.0163285	0	7.30158E-05	0	0	0	0	0	0	0	-0.517126	-0.0115495	0.0178393	0	0	0.00389799	0.00985937	0	0	0.0805293	-0.00677762	0.361269
2018-08-08 00:00:00	-1.12246	-0.0312537	2.63339	0	0.0394437	0	0.000238211	0	0	0	0	0	0	0	-1.34679	-0.0115392	0.0178146	0	0	0.00395344	0.00979724	0	0	0.0801206	-0.00674531	0.265961
2018-08-09 00:00:00	-0.181525	-0.0124281	2.69237	0	-0.0347394	0	3.11844E-05	0	0	0	0	0	0	0	-1.87369	-0.0115235	0.0177982	0	0	0.00363188	0.00940674	0	0	0.0795298	-0.00669761	0.682168
2018-08-10 00:00:00	-6.22708	2.3049	2.74522	0	0.0528146	0	0.000241642	0	0	0	0	0	0	0	0.785675	-0.0115085	0.0177648	0	0	0.00428412	0.00976982	0	0	0.0793113	-0.00665484	-0.245255
2018-08-11 00:00:00	-0.0669801	-2.24154	3.22148	0	-0.0113559	0	0.000189284	0	0	0	0	0	0	0	-0.809859	-0.0115021	0.0177431	0	0	0.00459923	0.0100624	0	0	0.0789593	-0.00672012	0.185077
2018-08-12 00:00:00	-12.099	2.98163	3.14748	0	0.0624969	0	0.00113207	0	0	0	0	0	0	0	4.40607	-0.0115052	0.0177275	0	0	0.00574315	0.0111607	0	0	0.0787901	-0.00677193	-1.40502
2018-08-13 00:00:00	-0.722445	-2.00628	2.90692	0	-0.00914633	0	0.000689105	0	0	0	0	0	0	0	-0.333689	-0.0115049	0.0177147	0	0	0.00749321	0.0126815	0	0	0.0787933	-0.00697274	-0.0657396
2018-08-14 00:00:00	-3.63158	0.437689	3.13936	0	0.00746487	0	0.000460839	0	0	0	0	0	0	0	-0.0514844	-0.0114959	0.0176893	0	0	0.0076658	0.0126707	0	0	0.0785196	-0.00697404	-1.14028E-05
2018-08-15 00:00:00	-1.607	-0.700983	3.16417	0	0.000208847	0	0.000445195	0	0	0	0	0	0	0	-0.775114	-0.0114831	0.0176691	0	0	0.00731537	0.0125346	0	0	0.078206	-0.00695209	0.179019
2018-08-16 00:00:00	-0.951535	-0.217425	2.82304	0	-0.0401915	0	4.018E-05	0	0	0	0	0	0	0	-1.29373	-0.011467	0.0176343	0	0	0.0064298	0.0119462	0	0	0.0779551	-0.00690199	0.415791
2018-08-17 00:00:00	-1.35064	-0.154622	2.7738	0	-0.0175517	0	7.11997E-06	0	0	0	0	0	0	0	-0.8198	-0.0114498	0.0176086	0	0	0.00581347	0.0113127	0	0	0.0776667	-0.00683928	0.525313
2018-08-18 00:00:00	-2.91885	0.2741	2.77238	0	0.0581554	0	0.000463804	0	0	0	0	0	0	0	-0.396033	-0.011435	0.0175935	0	0	0.00603862	0.0113308	0	0	0.0773034	-0.00678849	-0.115742
2018-08-19 00:00:00	-12.7262	2.52795	2.8896	0	0.180193	0	0.00180068	0	0.00014258	0	0	0	0	0	5.26372	-0.0114376	0.017588	0	0	0.00754328	0.0125167	0	0	0.0770014	-0.00685365	-1.76649
2018-08-20 00:00:00	-0.181525	-2.25556	2.74397	0	-0.031265	-8.70015E-06	0.000976388	0	9.68887E-05	0	0	0	0	0	-0.482407	-0.0114405	0.0175794	0	0	0.00960368	0.0142264	0	0	0.0771075	-0.00708141	-0.105725
2018-08-21 00:00:00	-0.437889	-0.355365	2.93431	0	-0.108139	0	0.000178779	0	0	0	0	0	0	0	-1.67717	-0.0114322	0.0175563	0	0	0.00863342	0.0136351	0	0	0.0768726	-0.00702693	0.454161
2018-08-22 00:00:00	-5.08524	1.96569	2.83028	0	0.0767639	0	0.000296294	0	0	0	0	0	0	0	0.212883	-0.0114189	0.0175101	0	0	0.00803331	0.0129174	0	0	0.0766647	-0.00694382	0.0974373
2018-08-23 00:00:00	-4.31523	0.541378	2.59042	0	0.0142004	-2.82225E-05	0.000924534	0	6.52125E-05	0	0	0	0	0	0.785439	-0.0114177	0.017495	0	0	0.00834555	0.0131257	0	0	0.0763814	-0.00693032	-0.285833
2018-08-24 00:00:00	-1.52155	-0.963738	2.50768	0	0.00178212	-2.91458E-05	0.000692537	0	4.79751E-05	0	0	0	0	0	-0.12746	-0.0114064	0.0174785	0	0	0.00886815	0.0134148	0	0	0.0761983	-0.00696722	-0.00498144
2018-08-25 00:00:00	-0.152435	-1.45686	2.62213	0	-0.0513034	-1.30029E-05	0.00045279	0	4.15828E-05	0	0	0	0	0	-0.863855	-0.0113955	0.0174577	0	0	0.00867661	0.0132577	0	0	0.0759061	-0.00695215	0.195104
2018-08-26 00:00:00	-3.45977	0.905671	2.46011	0	0.0632066	-3.73366E-06	0.000275528	0	5.29392E-05	0	0	0	0	0	0.062942	-0.0113802	0.0174258	0	0	0.00834728	0.0129884	0	0	0.0757085	-0.00690435	0.128673
2018-08-27 00:00:00	-4.17525	0.633744	2.62249	0	-0.00813618	-6.13804E-05	0.00142236	0	9.21789E-05	0	0	0	0	0	0.491785	-0.0113809	0.0174097	0	0	0.00878461	0.0132732	0	0	0.075385	-0.00689797	-0.337341
2018-08-28 00:00:00	-0.181525	-1.47302	2.57974	0	-0.0311826	-3.51026E-05	0.000858677	0	3.9495E-05	0	0	0	0	0	-0.824231	-0.0113746	0.0173914	0	0	0.00951292	0.0137254	0	0	0.0752276	-0.00695451	0.168171
2018-08-29 00:00:00	-0.0669801	-0.344098	2.40514	0	-0.065737	0	0.000126004	0	2.99472E-05	0	0	0	0	0	-1.56376	-0.0113616	0.0173672	0	0	0.00869667	0.0132877	0	0	0.0750516	-0.00692482	0.46084
2018-08-30 00:00:00	-0.866081	-0.148172	2.59423	0	-0.00573807	0	7.10539E-05	0	1.42577E-05	0	0	0	0	0	-1.30151	-0.0113338	0.0173303	0	0	0.00730671	0.0121939	0	0	0.0749002	-0.00684145	0.366371
2018-08-31 00:00:00	-0.26698	-0.142456	2.7652	0	-0.105454	0	6.40638E-06	0	1.554E-05	0	0	0	0	0	-1.73321	-0.0113212	0.0172982	0	0	0.00601741	0.0112123	0	0	0.0745839	-0.00675784	0.608157
2018-09-01 00:00:00	-0.0669801	-0.0876357	2.31964	0	-0.0181688	0	0	0	0	0	0	0	0	0	-2.00757	-0.0113112	0.0172796	0	0	0.00494963	0.0103881	0	0	0.0744491	-0.00665521	0.228387
2018-09-02 00:00:00	-0.351535	-0.00855689	2.37702	0	-0.00562612	0	0	0	0	0	0	0	0	0	-1.82036	-0.0112961	0.0172503	0	0	0.00426422	0.00980346	0	0	0.0740437	-0.0065468	0.278465
2018-09-03 00:00:00	-12.8523	3.40255	2.26944	0	0.316365	-6.80798E-06	0.00118361	0	7.07976E-05	0	0	0	0	0	5.17392	-0.0113011	0.0172514	0	0	0.00668505	0.0116531	0	0	0.0737489	-0.00651699	-1.59725
2018-09-04 00:00:00	-0.152435	-1.88337	2.17295	0	-0.0378205	-3.39316E-05	0.00100652	0	0.000199151	0	0	0	0	0	-0.222135	-0.0112974	0.0172369	0	0	0.00856875	0.0129696	0	0	0.0739129	-0.00680072	-0.0270449
2018-09-05 00:00:00	-0.26698	-0.837721	2.74748	0	-0.073917	-3.26542E-06	0.000393475	0	0.000180314	0	0	0	0	0	-1.35933	-0.011288	0.0172143	0	0	0.00825076	0.0128093	0	0	0.0738333	-0.00680235	0.304119
2018-09-06 00:00:00	-3.22888	1.18603	1.94069	0	0.0149426	-1.96198E-06	0.000383648	0	0.000440152	0	0	0	0	0	0.113416	-0.0112763	0.0171866	0	0	0.00782666	0.0124149	0	0	0.0736732	-0.00674282	0.120115
2018-09-07 00:00:00	-1.46336	-0.6535	2.14287	0	0.018488	-3.28898E-05	0.00093739	0	0.000598276	0	0	0	0	0	-0.113552	-0.0112648	0.0171697	0	0	0.00810111	0.0124335	0	0	0.0734131	-0.00674056	0.0255609
2018-09-08 00:00:00	-0.608808	-0.571071	2.07749	0	-0.0387048	-1.40889E-06	0.000285585	0	0.000496123	0	0	0	0	0	-0.786362	-0.0112534	0.0171509	0	0	0.00786325	0.0123323	0	0	0.0732137	-0.00672927	0.165898
2018-09-09 00:00:00	-4.96618	2.32305	2.31302	0	0.0241918	-1.65831E-05	0.000682262	0	0.000746589	0	0	0	0	0	0.210918	-0.0112456	0.0171257	0	0	0.00775616	0.0121853	0	0	0.0730952	-0.00670125	-0.00136325
2018-09-10 00:00:00	-11.3986	0.705286	2.10171	0	0.244931	-0.000142606	0.00419191	0	0.00507505	0	0	0	0	0	6.18994	-0.0112542	0.0171261	0	0	0.0105153	0.014208	0	0	0.0731566	-0.00696675	-2.05086
2018-09-11 00:00:00	-2.88614	0.00776858	2.2087	0	-0.0297013	-6.06599E-05	0.00170879	0	0.00374155	0	0	0	0	0	0.137353	-0.0112607	0.0171253	0	0	0.0135089	0.0163224	0	0	0.0736232	-0.00719803	-0.45451
2018-09-12 00:00:00	-1.54883	-0.488914	2.05697	0	-0.00925608	-2.5327E-05	0.00072687	0	0.00876215	0	0	0	0	0	-0.166307	-0.0112543	0.0171066	0	0	0.0132846	0.0160085	0	0	0.0737098	-0.00709927	-0.045113
2018-09-13 00:00:00	-1.54883	-0.481043	2.05837	0	0.0220813	-3.83054E-05	0.00112464	0	0.009089	0	0	0	0	0	-0.245939	-0.0112481	0.017093	0	0	0.0129189	0.0155709	0	0	0.0736212	-0.00704977	-0.0842801
2018-09-14 00:00:00	-7.04622	1.05727	1.89988	0	0.0712453	-7.5095E-05	0.00419642	0	0.0284295	0	0	0	0	0	2.91648	-0.011249	0.0170871	0	0	0.0136558	0.0162422	0	0	0.0735284	-0.00719281	-0.966725
2018-09-15 00:00:00	-1.17882	-0.581348	1.77613	0	-0.0460441	-3.40682E-05	0.00196291	0	0.0276006	0	0	0	0	0	-0.153766	-0.0112505	0.017075	0	0	0.0146529	0.0167851	0	0	0.0736253	-0.00724004	-0.0506704
2018-09-16 00:00:00	-1.77611	-0.310137	2.10009	0	0.00517263	-2.73065E-05	0.00146812	0	0.0159996	0	0	0	0	0	-0.212079	-0.011247	0.0170529	0	0	0.0141404	0.016229	0	0	0.073563	-0.00711612	-0.0730033
2018-09-17 00:00:00	-0.408808	-1.42249	1.99083	0	-0.0119974	-2.23142E-05	0.00182101	0	0.012522	0	0	0	0	0	-0.24401	-0.0112432	0.0170328	0	0	0.0136318	0.0156877	0	0	0.073414	-0.0070567	0.0193065
2018-09-18 00:00:00	-5.36618	2.2195	2.19944	0	0.0548862	-3.92619E-05	0.00357238	0	0.0193818	0	0	0	0	0	0.534482	-0.0112455	0.0170221	0	0	0.0133111	0.0154417	0	0	0.0732209	-0.00706876	-0.234268
2018-09-19 00:00:00	-11.7986	0.188491	1.94503	0	0.147788	-0.00323873	0.0308096	0	0.0876944	0	0	0	0	0	6.77278	-0.0112606	0.017038	0	0	0.0164891	0.0180402	0	0	0.0732286	-0.00751128	-2.52325
2018-09-20 00:00:00	-1.77611	-0.146807	1.82528	0	-0.0573488	-0.00166818	0.00691083	0	0.0489721	0	0	0	0	0	-0.457696	-0.0112664	0.0170446	0	0	0.0193951	0.0198872	0	0	0.0736504	-0.00762929	-0.447387
2018-09-21 00:00:00	-3.65615	0.136676	1.66956	0	0.0259673	-0.00170757	0.0111904	0	0.048003	0	0	0	0	0	1.09931	-0.0112725	0.0170618	0	0	0.0188478	0.019506	0	0	0.0736933	-0.00771245	-0.557029
2018-09-22 00:00:00	-0.408808	-1.09576	1.5812	0	-0.00902792	-0.00108762	0.0055027	0	0.036867	0	0	0	0	0	-0.367891	-0.0112687	0.0170536	0	0	0.0182622	0.0189539	0	0	0.0739349	-0.0076365	-0.149712
2018-09-23 00:00:00	-0.238798	-1.34725	1.72863	0	-0.0327391	-0.00111768	0.00487268	0	0.0276935	0	0	0	0	0	-0.180306	-0.0112584	0.0170322	0	0	0.0172347	0.0180815	0	0	0.0740404	-0.00743365	0.0686793
2018-09-24 00:00:00	-0.808808	-0.333756	1.57597	0	-0.0132897	-0.000885739	0.00413006	0	0.0220338	0	0	0	0	0	-0.467426	-0.0112526	0.0170141	0	0	0.0162133	0.0173213	0	0	0.0739431	-0.00732601	0.0838814
2018-09-25 00:00:00	-0.408808	-0.155375	1.52152	0	-0.0872092	-0.000336399	0.00156376	0	0.0131555	0	0	0	0	0	-0.719754	-0.0112456	0.0169888	0	0	0.0146467	0.016457	0	0	0.0738371	-0.00724009	0.268198
2018-09-26 00:00:00	-2.71613	0.735401	1.90752	0	0.0411578	-0.000697623	0.00335156	0	0.011109	0	0	0	0	0	-0.0215571	-0.0112357	0.0169647	0	0	0.0137326	0.0157531	0	0	0.0737496	-0.00712977	0.0619853
2018-09-27 00:00:00	-0.408808	-0.742519	1.68071	0	-0.046068	-0.000433338	0.00226576	0	0.0202921	0	0	0	0	0	-0.464186	-0.0112254	0.0169457	0	0	0.0131094	0.0153136	0	0	0.0735572	-0.00713117	0.141821
2018-09-28 00:00:00	-0.238798	-0.13361	1.50043	0	-0.100367	-6.86432E-05	0.000430668	0	0.0102584	0	0	0	0	0	-1.003	-0.011208	0.0169139	0	0	0.0116456	0.0143366	0	0	0.0734853	-0.00706119	0.13338
2018-09-29 00:00:00	-0.238798	-0.127301	1.44079	0	-0.102894	0	8.05496E-05	0	0.00141742	0	0	0	0	0	-0.481076	-0.0111939	0.0168929	0	0	0.0105468	0.0135521	0	0	0.0733046	-0.00694962	0.588375
2018-09-30 00:00:00	-0.608808	-0.0857627	1.47311	0	0.00103791	0	0.000152676	0	0.000621893	0	0	0	0	0	-0.743813	-0.0111879	0.0168754	0	0	0.00987938	0.0131141	0	0	0.0732801	-0.00685861	0.13164
2018-10-01 00:00:00	-1.67194	0.302629	1.3401	0	0.0980582	-0.000257047	0.00187175	0	0.00139036	0	0	0	0	0	-0.166981	-0.0111753	0.0168452	0	0	0.00998138	0.0130614	0	0	0.0729628	-0.00681719	-0.000267488
2018-10-02 00:00:00	-0.279599	-0.382762	1.51199	0	-0.0575755	-0.000519093	0.00203879	0	0.0194605	0	0	0	0	0	-0.571565	-0.011161	0.0168133	0	0	0.00972161	0.0129199	0	0	0.0727076	-0.00690374	0.335568
2018-10-03 00:00:00	-0.279599	-0.123283	1.41259	0	0.0101966	-1.6493E-06	0.000227958	0	0.00227189	0	0	0	0	0	-0.856872	-0.0111494	0.0167689	0	0	0.00883243	0.0123255	0	0	0.0726519	-0.00681134	0.25815
2018-10-04 00:00:00	-2.49922	0.904155	1.51175	0	0.0368058	-0.000309041	0.00180473	0	0.00653073	0	0	0	0	0	-0.0381829	-0.011127	0.0167331	0	0	0.00902486	0.0123487	0	0	0.0724679	-0.00674966	0.0160345
2018-10-05 00:00:00	-0.279599	-0.82034	1.21506	0	0.00101843	-0.000727529	0.0034773	0	0.0168268	0	0	0	0	0	-0.141243	-0.0111103	0.0167188	0	0	0.00931305	0.0124381	0	0	0.0722693	-0.00679432	0.087307
2018-10-06 00:00:00	-0.0795994	-0.152131	1.04564	0	-0.03741	-0.000204608	0.00107531	0	0.0109363	0	0	0	0	0	-0.661254	-0.0111048	0.0166959	0	0	0.00910977	0.0124071	0	0	0.0721372	-0.00680993	0.219491
2018-10-07 00:00:00	-2.09922	0.681454	1.34931	0	0.0657225	-0.000210939	0.00123935	0	0.00693021	0	0	0	0	0	-0.0146677	-0.011093	0.0166604	0	0	0.00925826	0.0123982	0	0	0.0720489	-0.00675953	0.083073
2018-10-08 00:00:00	-4.91118	2.30121	1.30607	0	0.011305	-0.00125984	0.00592483	0	0.0246817	0	0	0	0	0	0.846141	-0.0110923	0.016646	0	0	0.00965871	0.012686	0	0	0.0717654	-0.00681967	-0.324262
2018-10-09 00:00:00	-2.09922	0.128092	1.1072	0	0.00183108	-0.00113879	0.00527618	0	0.0330468	0	0	0	0	0	0.612875	-0.0110885	0.0166314	0	0	0.0110625	0.0136877	0	0	0.071786	-0.00695516	-0.116913
2018-10-10 00:00:00	-0.0795994	-1.28428	1.45773	0	0.00198992	-0.00085295	0.00422616	0	0.021628	0	0	0	0	0	-0.261768	-0.0110776	0.0166133	0	0	0.0115746	0.013915	0	0	0.071909	-0.00693545	-0.0449307
2018-10-11 00:00:00	-2.09922	0.690247	1.34741	0	0.00980404	-0.000814626	0.00386959	0	0.0200919	0	0	0	0	0	-0.0681897	-0.0110655	0.0165631	0	0	0.0116163	0.0138108	0	0	0.0718962	-0.00693603	-0.000911264
2018-10-12 00:00:00	-8.75312	0.978393	1.23609	0	0.309497	-0.0031989	0.0164653	0	0.085404	0	0	0	0	0	4.52414	-0.0110719	0.0165618	0	0	0.01451	0.0159104	0	0	0.0720747	-0.00745719	-1.5058
2018-10-13 00:00:00	-8.28967	0.0503175	1.01259	0	0.0578842	-0.00379543	0.0472999	0	0.113303	0	0	0	0	0	4.76222	-0.011097	0.0165678	0	0	0.018388	0.0183544	0	0	0.0725747	-0.00967513	-2.14473
2018-10-14 00:00:00	-0.0223267	-1.03646	1.13006	0	-0.0754398	-0.00170176	0.00762323	0	0.0597416	0	0	0	0	0	-0.580024	-0.0111067	0.0165536	0	0	0.0183625	0.0182069	0	0	0.0732431	-0.00927661	-0.412545
2018-10-15 00:00:00	-0.222327	-0.802213	1.0873	0	5.54367E-05	-0.00123937	0.00483871	0	0.034543	0	0	0	0	0	-0.304324	-0.0111033	0.0165327	0	0	0.0173618	0.0173963	0	0	0.0736296	-0.00782911	-0.0973771
2018-10-16 00:00:00	-0.506882	-0.541857	1.09067	0	0.00190978	-0.00123044	0.00482584	0	0.0349286	0	0	0	0	0	-0.192537	-0.0110978	0.0165101	0	0	0.0165538	0.0167534	0	0	0.0736015	-0.00773326	-0.00558602
2018-10-17 00:00:00	-0.136872	-0.425651	1.10599	0	-0.0467302	-0.000856331	0.00323102	0	0.0270005	0	0	0	0	0	-0.523795	-0.0110911	0.0164793	0	0	0.0155799	0.0161663	0	0	0.0735821	-0.00764035	0.105391
2018-10-18 00:00:00	-0.222327	-0.100371	0.889109	0	-0.0637933	-0.000338694	0.00100755	0	0.0133648	0	0	0	0	0	-0.34348	-0.0110781	0.016449	0	0	0.014096	0.0153315	0	0	0.0735824	-0.00750648	0.274046
2018-10-19 00:00:00	-0.222327	-0.0738926	0.894194	0	-0.00649161	-0.000983838	0.0034813	0	0.0176721	0	0	0	0	0	-0.640078	-0.0110705	0.0164351	0	0	0.013446	0.014912	0	0	0.0733959	-0.00740592	0.071287
2018-10-20 00:00:00	-0.222327	-0.0899524	1.08922	0	-0.102458	-0.000216702	0.000312908	0	0.00953693	0	0	0	0	0	-0.388723	-0.0110593	0.0164004	0	0	0.0121687	0.0140181	0	0	0.0733709	-0.00735184	0.392941
2018-10-21 00:00:00	-0.792337	-0.0136221	1.01347	0	0.0408356	-0.000853133	0.00313402	0	0.0151125	0	0	0	0	0	-0.342768	-0.0110571	0.0163883	0	0	0.0119073	0.0138347	0	0	0.0732207	-0.00721211	0.0200548
2018-10-22 00:00:00	-0.136872	-0.0809973	0.883193	0	-0.0166093	-0.000219471	0.00100712	0	0.0094172	0	0	0	0	0	-0.680502	-0.0110464	0.0163519	0	0	0.0113044	0.013364	0	0	0.0731577	-0.00723492	0.0743137
2018-10-23 00:00:00	-0.0223267	-0.0967627	0.931089	0	-0.0807694	-0.000576948	0.001765	0	0.0128039	0	0	0	0	0	-0.651315	-0.0110348	0.0163309	0	0	0.0106801	0.0129474	0	0	0.0729824	-0.00715345	0.18866
2018-10-24 00:00:00	-0.0223267	-0.0864346	0.828083	0	-0.0652113	-0.000208957	0.000192699	0	0.00586368	0	0	0	0	0	-0.305748	-0.0110235	0.0162969	0	0	0.0099854	0.0124854	0	0	0.0729001	-0.0071215	0.447733
2018-10-25 00:00:00	-2.78377	1.68022	0.958762	0	0.0896403	-0.000983011	0.00393997	0	0.0131549	0	0	0	0	0	-0.130374	-0.0110203	0.0162859	0	0	0.0100611	0.0124822	0	0	0.072761	-0.00701345	-0.0758556
2018-10-26 00:00:00	-0.136872	-0.545817	0.717364	0	0.0105157	-0.000693647	0.00281486	0	0.0250447	0	0	0	0	0	-0.196216	-0.0110102	0.0162507	0	0	0.0104216	0.0125841	0	0	0.0725635	-0.00723521	-0.030284
2018-10-27 00:00:00	-2.09922	1.28307	0.674376	0	0.00420164	-0.00107898	0.00403776	0	0.0249977	0	0	0	0	0	0.0658074	-0.0110005	0.0162281	0	0	0.0106636	0.0126476	0	0	0.0724354	-0.00712503	0.0500416
2018-10-28 00:00:00	-0.278691	-0.287017	0.571178	0	-0.0225299	-0.000674142	0.00239039	0	0.0249371	0	0	0	0	0	0.0884939	-0.0109885	0.0161961	0	0	0.010954	0.0127198	0	0	0.0723436	-0.00716177	0.19215
2018-10-29 00:00:00	-0.222327	-0.311327	0.551686	0	0.0371096	-0.0013147	0.0055537	0	0.0301702	0	0	0	0	0	-0.356805	-0.0109786	0.016176	0	0	0.0110969	0.0127489	0	0	0.0721662	-0.0071633	-0.173208
2018-10-30 00:00:00	-0.848701	0.176298	0.57074	0	-0.0393881	-0.000675115	0.00219337	0	0.0250235	0	0	0	0	0	0.255262	-0.0109405	0.0161388	0	0	0.011322	0.0128101	0	0	0.0720884	-0.00725689	0.234914
2018-10-31 00:00:00	-2.15558	0.788045	0.627099	0	0.0850968	-0.00131144	0.00560886	0	0.0270748	0	0	0	0	0	0.173012	-0.0109483	0.0161157	0	0	0.0114021	0.0129034	0	0	0.0719972	-0.00716261	-0.35665
2018-11-01 00:00:00	-9.7062	0.40261	0.582074	0	0.37649	-0.00600989	0.0366794	0	0.160767	0	0	0	0	0	5.867	-0.0109807	0.016119	0	0	0.0166078	0.0161795	0	0	0.0718873	-0.00880803	-2.18559
2018-11-02 00:00:00	-0.441742	-0.265365	0.59405	0	-0.110921	-0.0029578	0.0137827	0	0.111222	0	0	0	0	0	-0.358505	-0.0109933	0.0161151	0	0	0.0200052	0.0180949	0	0	0.0724501	-0.0101162	-0.354879
2018-11-03 00:00:00	-1.09721	-0.0244815	0.831376	0	0.000261171	-0.00195147	0.00823388	0	0.0587531	0	0	0	0	0	-0.000711828	-0.0109938	0.0160911	0	0	0.0189587	0.0174016	0	0	0.0729418	-0.00862977	-0.119957
2018-11-04 00:00:00	-0.356287	-0.418173	0.767487	0	-0.00375117	-0.00187046	0.00790287	0	0.0502189	0	0	0	0	0	-0.132266	-0.0109911	0.0160639	0	0	0.0179334	0.0167165	0	0	0.0730413	-0.00839531	0.0176291
2018-11-05 00:00:00	-1.29631	0.301821	0.697024	0	0.00575945	-0.00170947	0.00685511	0	0.0472179	0	0	0	0	0	0.0576088	-0.0109885	0.0160398	0	0	0.0170828	0.0161463	0	0	0.0730252	-0.00835647	-0.0787816
2018-11-06 00:00:00	-0.356287	-0.40677	0.745441	0	-0.00940314	-0.00168588	0.00666292	0	0.0485214	0	0	0	0	0	-0.133459	-0.0109874	0.0160046	0	0	0.0164127	0.0156915	0	0	0.0729703	-0.0083461	-0.00523322
2018-11-07 00:00:00	-2.00995	0.689976	0.695048	0	0.0224771	-0.00171588	0.00608474	0	0.0396859	0	0	0	0	0	0.310451	-0.0109891	0.0159861	0	0	0.0158067	0.0153533	0	0	0.0729666	-0.00822516	-0.147047
2018-11-08 00:00:00	-3.04217	0.0267656	0.578002	0	0.074481	-0.00285726	0.0206893	0	0.0725407	0	0	0	0	0	1.50237	-0.0109971	0.0159826	0	0	0.0163442	0.0158898	0	0	0.0728833	-0.00899068	-0.669065
2018-11-09 00:00:00	-8.13214	-0.0154102	0.546682	0	0.105079	-0.00841494	0.0698439	0	0.234249	0	0	0	0	0	4.96248	-0.0110112	0.0159967	0	0	0.0209717	0.0185782	0	0	0.0728996	-0.0113801	-2.13158
2018-11-10 00:00:00	-6.3612	-0.0179914	0.6178	0	0.0289185	-0.00867254	0.0601099	0	0.229511	0	0	0	0	0	3.27624	-0.011032	0.0160501	0	0	0.0267965	0.0217343	0	0	0.0735013	-0.0131038	-2.06134
2018-11-11 00:00:00	-1.09721	-0.0135311	0.584794	0	-0.0787118	-0.00510321	0.0195445	0	0.143272	0	0	0	0	0	-0.230956	-0.0110484	0.0160521	0	0	0.027113	0.0217989	0	0	0.0742872	-0.0122059	-0.561901
2018-11-12 00:00:00	-4.86858	-0.0164884	0.561818	0	0.101411	-0.00765067	0.0466047	0	0.194603	0	0	0	0	0	2.56732	-0.0110644	0.0160542	0	0	0.0287012	0.0225145	0	0	0.0747786	-0.0113457	-1.30133
2018-11-13 00:00:00	-1.61085	-0.00926883	0.598843	0	-0.0131158	-0.00528762	0.0223379	0	0.143378	0	0	0	0	0	0.235742	-0.0110725	0.0160517	0	0	0.0294079	0.0227478	0	0	0.0751047	-0.0116989	-0.517683
2018-11-14 00:00:00	-2.0158	-0.014145	0.621635	0	0.0123357	-0.0051966	0.0221248	0	0.12139	0	0	0	0	0	0.622333	-0.0110756	0.0160415	0	0	0.0279481	0.0218731	0	0	0.0754367	-0.0113243	-0.516423
2018-11-15 00:00:00	-0.498106	-0.357141	0.633781	0	-0.0584528	-0.00420038	0.0130413	0	0.103508	0	0	0	0	0	-0.105467	-0.0110752	0.0160275	0	0	0.0263158	0.0208566	0	0	0.0756414	-0.0112061	-0.156476
2018-11-16 00:00:00	-0.270832	-0.313955	0.57349	0	-0.0143605	-0.00276817	0.00889376	0	0.0583827	0	0	0	0	0	-0.167856	-0.011071	0.0159955	0	0	0.0241101	0.0195528	0	0	0.0759465	-0.00983274	-0.0143045
2018-11-17 00:00:00	-0.241742	-0.27656	0.426993	0	0.000693611	-0.00191794	0.00582332	0	0.0486858	0	0	0	0	0	-0.180655	-0.0110664	0.0159727	0	0	0.0222647	0.0184495	0	0	0.0760563	-0.00935211	-0.106354
2018-11-18 00:00:00	-0.356287	-0.136176	0.380996	0	-0.0230736	-0.00251161	0.00771492	0	0.0499951	0	0	0	0	0	-0.00324181	-0.011062	0.0159407	0	0	0.0210742	0.0177468	0	0	0.0760879	-0.00911608	0.0280881
2018-11-19 00:00:00	-1.58176	0.627197	0.44664	0	0.0187035	-0.00334098	0.00953796	0	0.0630402	0	0	0	0	0	0.214203	-0.0110623	0.015924	0	0	0.0200691	0.0171526	0	0	0.0760588	-0.0096114	-0.0972494
2018-11-20 00:00:00	-6.04354	0.366807	0.403869	0	0.16612	-0.00780127	0.048847	0	0.176284	0	0	0	0	0	3.34265	-0.0110754	0.0159264	0	0	0.0219736	0.0182897	0	0	0.0758381	-0.0116286	-1.43744
2018-11-21 00:00:00	-14.3922	-0.0127466	0.410566	0	0.284755	-0.0221368	0.143892	0	0.599423	0	0	0	0	0	8.69646	-0.0111298	0.0160074	0	0	0.0377188	0.0253047	0	0	0.0758031	-0.0160212	-4.16427
2018-11-22 00:00:00	-1.09721	-0.0220874	0.331934	0	-0.228485	-0.00986317	0.0353332	0	0.275411	0	0	0	0	0	-0.3752	-0.011158	0.0160366	0	0	0.0486421	0.0293784	0	0	0.0779597	-0.014555	-0.943859
2018-11-23 00:00:00	-0.697206	-0.0511771	0.41536	0	0.00780814	-0.00613722	0.0194162	0	0.13832	0	0	0	0	0	-0.261215	-0.0111514	0.0160132	0	0	0.0433089	0.0268998	0	0	0.0794219	-0.0121881	-0.292527
2018-11-24 00:00:00	-4.58896	0.0177465	0.386903	0	0.116752	-0.0113238	0.0522077	0	0.251149	0	0	0	0	0	2.43706	-0.0111724	0.0160193	0	0	0.0417744	0.0262454	0	0	0.0795185	-0.0138446	-1.19992
2018-11-25 00:00:00	-1.38266	-0.019101	0.362186	0	-0.0672307	-0.00764093	0.0259538	0	0.183906	0	0	0	0	0	0.202616	-0.0111753	0.0160169	0	0	0.0401679	0.0255254	0	0	0.080018	-0.0138324	-0.565251
2018-11-26 00:00:00	-0.726297	-0.01787	0.349641	0	-0.00702731	-0.00489977	0.0148442	0	0.108139	0	0	0	0	0	-0.0727051	-0.0111703	0.0160019	0	0	0.0364604	0.0237781	0	0	0.0806299	-0.0120306	-0.222506
2018-11-27 00:00:00	-7.78941	-0.0194673	0.36965	0	0.225546	-0.0154115	0.0797013	0	0.366953	0	0	0	0	0	4.58068	-0.0111875	0.0160303	0	0	0.0395598	0.0250317	0	0	0.0803608	-0.0153047	-2.06727
2018-11-28 00:00:00	-6.38628	-0.0187745	0.427616	0	0.0575748	-0.0161521	0.0768645	0	0.437118	0	0	0	0	0	3.28582	-0.011225	0.0160769	0	0	0.0472283	0.0280851	0	0	0.0810239	-0.0167429	-1.99176
2018-11-29 00:00:00	-12.9698	-0.0185466	0.40533	0	0.258704	-0.0279773	0.143024	0	0.77503	0	0	0	0	0	7.28953	-0.011286	0.0161602	0	0	0.0614781	0.0329952	0	0	0.0818562	-0.0205078	-3.98399
2018-11-30 00:00:00	-9.15943	-0.0174517	0.375417	0	0.0482858	-0.0264249	0.120477	0	0.808754	0	0	0	0	0	4.52095	-0.0113487	0.0162627	0	0	0.0766883	0.0382063	0	0	0.0840673	-0.0217351	-3.14728
2018-12-01 00:00:00	-0.676892	-0.0172358	0.346254	0	-0.19903	-0.0125814	0.039254	0	0.395193	0	0	0	0	0	-0.695294	-0.0113752	0.0163058	0	0	0.0758835	0.0377826	0	0	0.0875769	-0.0173318	-0.631491
2018-12-02 00:00:00	-8.82438	-0.0182072	0.361239	0	0.409688	-0.0232462	0.105548	0	0.708658	0	0	0	0	0	4.56808	-0.0113941	0.0163668	0	0	0.0750382	0.037464	0	0	0.0884674	-0.0199259	-2.52661
2018-12-03 00:00:00	-0.569111	-0.0169102	0.297414	0	-0.248153	-0.0120401	0.0370188	0	0.421988	0	0	0	0	0	-0.52999	-0.0114068	0.0163957	0	0	0.0730053	0.0366158	0	0	0.0908694	-0.0178538	-0.432157
2018-12-04 00:00:00	-0.285455	-0.0369031	0.251821	0	-0.0461588	-0.00750494	0.0220423	0	0.219479	0	0	0	0	0	-0.497646	-0.0114019	0.0163914	0	0	0.0642599	0.0330536	0	0	0.0931118	-0.0142724	-0.199182
2018-12-05 00:00:00	-6.84241	0.00260108	0.264024	0	0.45159	-0.019508	0.0863336	0	0.62184	0	0	0	0	0	3.56121	-0.0114099	0.0164225	0	0	0.062596	0.0324166	0	0	0.0928904	-0.019012	-1.70041
2018-12-06 00:00:00	-1.2469	-0.0213849	0.352923	0	-0.200442	-0.0112783	0.0383964	0	0.433893	0	0	0	0	0	0.0394358	-0.0114238	0.0164407	0	0	0.0612349	0.031861	0	0	0.0942883	-0.0182847	-0.441243
2018-12-07 00:00:00	-8.95447	-0.015035	0.35313	0	0.504737	-0.0284576	0.125881	0	0.990868	0	0	0	0	0	4.72897	-0.0114479	0.016494	0	0	0.0630368	0.0324954	0	0	0.0941724	-0.0236197	-2.12324
2018-12-08 00:00:00	-2.43654	-0.0166669	0.343879	0	-0.16544	-0.0171809	0.0632191	0	0.710558	0	0	0	0	0	0.591894	-0.0114706	0.0165462	0	0	0.0648578	0.0331163	0	0	0.096658	-0.0220588	-0.748628
2018-12-09 00:00:00	-0.0854547	-0.179178	0.266374	0	-0.173162	-0.00850536	0.027114	0	0.339018	0	0	0	0	0	-0.587029	-0.01147	0.016555	0	0	0.0591638	0.0308151	0	0	0.0995595	-0.0168271	-0.223027
2018-12-10 00:00:00	-0.2	-0.029414	0.230772	0	-0.00544554	-0.00508901	0.0159241	0	0.178574	0	0	0	0	0	-0.427966	-0.0114612	0.0165328	0	0	0.0517522	0.0278281	0	0	0.10086	-0.0140799	-0.0712126
2018-12-11 00:00:00	0	-0.284532	0.305777	0	-0.122994	-0.00559453	0.0190204	0	0.169357	0	0	0	0	0	-0.220499	-0.0114558	0.0165161	0	0	0.0463659	0.0256851	0	0	0.101307	-0.0133569	0.0255965
2018-12-12 00:00:00	0	-0.286554	0.311592	0	-0.0289946	-0.00405165	0.0139679	0	0.123994	0	0	0	0	0	-0.22848	-0.0114517	0.0165026	0	0	0.0420266	0.0239856	0	0	0.101672	-0.0125026	0.0617075
2018-12-13 00:00:00	0	-0.243362	0.264645	0	-0.0267932	-0.00244735	0.00914117	0	0.0880138	0	0	0	0	0	-0.136313	-0.0114429	0.0164824	0	0	0.0369712	0.0219611	0	0	0.101952	-0.0117433	0.107065
2018-12-14 00:00:00	-0.114545	-0.11757	0.245792	0	-0.0602987	-0.00352015	0.0123146	0	0.0908391	0	0	0	0	0	-0.155109	-0.0114414	0.0164693	0	0	0.0347063	0.0211027	0	0	0.101993	-0.0112728	0.0494589
2018-12-15 00:00:00	-2.69969	0.918351	0.212499	0	0.14535	-0.00596393	0.0275675	0	0.186045	0	0	0	0	0	0.879095	-0.0114397	0.0164646	0	0	0.0335729	0.0206742	0	0	0.101955	-0.0108296	-0.186345
2018-12-16 00:00:00	-6.85089	0.0558611	0.288933	0	0.531589	-0.0208477	0.0909553	0	0.770688	0	0	0	0	0	3.6476	-0.0114391	0.0164877	0	0	0.0350836	0.0207689	0	0	0.0993709	-0.0224766	-1.34832
2018-12-17 00:00:00	-0.387821	-0.0939494	0.277287	0	-0.3174	-0.0093248	0.0251574	0	0.444096	0	0	0	0	0	-0.196877	-0.0114367	0.0165177	0	0	0.0334262	0.0196762	0	0	0.100595	-0.0214487	-0.121503
2018-12-18 00:00:00	-3.49444	-0.107712	0.335003	0	0.255598	-0.0144013	0.0533782	0	0.53407	0	0	0	0	0	1.65739	-0.0114245	0.0165154	0	0	0.0318956	0.0187912	0	0	0.101637	-0.0211608	-0.644856
2018-12-19 00:00:00	-0.225475	-0.119971	0.300207	0	-0.206233	-0.00701605	0.0189379	0	0.3405	0	0	0	0	0	-0.290657	-0.0114344	0.0164993	0	0	0.0303256	0.0180262	0	0	0.103059	-0.0189031	-0.052134
2018-12-20 00:00:00	-1.91813	-0.0701595	0.272589	0	0.13012	-0.0091245	0.033316	0	0.325486	0	0	0	0	0	0.830148	-0.011431	0.0164808	0	0	0.0284646	0.017358	0	0	0.104318	-0.0178879	-0.268451
2018-12-21 00:00:00	-0.807881	-0.09473	0.288654	0	-0.0801763	-0.00712389	0.02162	0	0.306256	0	0	0	0	0	0.144215	-0.0114305	0.0164731	0	0	0.0271786	0.0168761	0	0	0.104949	-0.0182387	-0.0933594
2018-12-22 00:00:00	-1.21938	-0.0962074	0.298526	0	0.0483424	-0.00718101	0.0236985	0	0.278129	0	0	0	0	0	0.412744	-0.0114282	0.0164554	0	0	0.0259331	0.0164318	0	0	0.106502	-0.0170046	-0.124439
2018-12-23 00:00:00	-0.0854547	-0.159243	0.258356	0	-0.115832	-0.00428204	0.0118325	0	0.189839	0	0	0	0	0	-0.182319	-0.0114351	0.0164361	0	0	0.0246254	0.0160457	0	0	0.10758	-0.0152746	0.050875
2018-12-24 00:00:00	-0.14002	-0.00654062	0.191099	0	-0.114848	-0.00319617	0.00872798	0	0.113701	0	0	0	0	0	-0.109055	-0.0114289	0.0164186	0	0	0.0231288	0.0157067	0	0	0.108596	-0.0129157	0.0793736
2018-12-25 00:00:00	-0.14002	-0.0849973	0.300423	0	-0.0241005	-0.00267188	0.00756417	0	0.0816534	0	0	0	0	0	-0.170456	-0.0114225	0.0164001	0	0	0.021804	0.0154296	0	0	0.108791	-0.0118852	0.106511
2018-12-26 00:00:00	0	-0.207895	0.301191	0	-0.0605377	-0.0020019	0.00591724	0	0.0637796	0	0	0	0	0	-0.123483	-0.0114153	0.0163731	0	0	0.0204832	0.0151508	0	0	0.108808	-0.0112942	0.115076
2018-12-27 00:00:00	0	-0.212142	0.30837	0	-0.0710089	-0.0021029	0.00661097	0	0.0594119	0	0	0	0	0	-0.0396252	-0.0114081	0.0163516	0	0	0.019431	0.014927	0	0	0.108757	-0.0108095	0.186762
2018-12-28 00:00:00	-0.473276	0.226894	0.305148	0	-0.0259121	-0.00184381	0.00564053	0	0.0499432	0	0	0	0	0	-0.0799504	-0.0114015	0.0163331	0	0	0.0185639	0.0147036	0	0	0.108607	-0.0104925	0.142958
2018-12-29 00:00:00	-4.08992	0.240435	0.315158	0	0.525747	-0.0124289	0.0496653	0	0.369728	0	0	0	0	0	1.93788	-0.0113989	0.016315	0	0	0.0182245	0.0144015	0	0	0.106698	-0.0186684	-0.538167
2018-12-30 00:00:00	-0.722427	-0.0181835	0.345849	0	-0.200248	-0.00729768	0.0194718	0	0.342461	0	0	0	0	0	0.083739	-0.0113946	0.0162791	0	0	0.0182629	0.0141096	0	0	0.10695	-0.0199646	-0.0323922
2018-12-31 00:00:00	-0.387821	-0.0156141	0.28745	0	-0.0733208	-0.00449499	0.0120785	0	0.171684	0	0	0	0	0	-0.069487	-0.0113873	0.0162214	0	0	0.0176937	0.0138827	0	0	0.108877	-0.0153592	0.0504026
2019-01-01 00:00:00	-0.627764	-0.011689	0.323447	0	0.0100865	-0.00483285	0.011972	0	0.144332	0	0	0	0	0	0.0906442	-0.0113813	0.016215	0	0	0.0172843	0.0137591	0	0	0.109327	-0.0142994	0.0671003
2019-01-02 00:00:00	0	-0.126911	0.177696	0	-0.0820721	-0.0031663	0.0076358	0	0.107788	0	0	0	0	0	-0.105532	-0.0113762	0.0161843	0	0	0.0169333	0.013672	0	0	0.10961	-0.0130767	0.107385
2019-01-03 00:00:00	0	-0.160128	0.241518	0	-0.0491977	-0.00235652	0.0067128	0	0.0699043	0	0	0	0	0	-0.0816536	-0.0113635	0.0161513	0	0	0.0164913	0.0135594	0	0	0.109944	-0.0116361	0.157946
2019-01-04 00:00:00	0	-0.194099	0.293378	0	-0.0719632	-0.00199273	0.00577863	0	0.0590732	0	0	0	0	0	-0.108538	-0.0113519	0.0161221	0	0	0.0160455	0.0134274	0	0	0.10988	-0.0110739	0.114686
2019-01-05 00:00:00	0	-0.184306	0.27854	0	-0.0333503	-0.00212519	0.0067556	0	0.0542933	0	0	0	0	0	-0.074452	-0.011344	0.0160911	0	0	0.0156852	0.0133166	0	0	0.10968	-0.0107089	0.178075
2019-01-06 00:00:00	-1.28774	0.739795	0.339767	0	0.0377605	-0.00246676	0.00742881	0	0.0528532	0	0	0	0	0	0.100599	-0.0113352	0.0160564	0	0	0.0155135	0.0132978	0	0	0.109551	-0.0105183	0.120558
2019-01-07 00:00:00	-1.00319	0.13227	0.368133	0	0.0685604	-0.004325	0.0102624	0	0.0979281	0	0	0	0	0	0.254824	-0.0113434	0.0160224	0	0	0.0156922	0.0133464	0	0	0.109105	-0.0119789	0.0553083
2019-01-08 00:00:00	-0.20094	-0.213963	0.281806	0	-0.0408988	-0.0039531	0.00963324	0	0.101195	0	0	0	0	0	0.035867	-0.0113354	0.0159855	0	0	0.0157752	0.0133876	0	0	0.108805	-0.0125017	0.0988618
2019-01-09 00:00:00	-0.37095	-0.0527524	0.229241	0	-0.0105534	-0.00389308	0.00906196	0	0.0906225	0	0	0	0	0	0.107665	-0.0113294	0.0159738	0	0	0.0157494	0.0134229	0	0	0.108689	-0.0122543	0.128692
2019-01-10 00:00:00	-0.20094	-0.248151	0.342689	0	-0.0368593	-0.00397292	0.0096451	0	0.0934724	0	0	0	0	0	0.0756729	-0.0113271	0.0159568	0	0	0.0157193	0.0134464	0	0	0.108135	-0.0122984	0.161188
2019-01-11 00:00:00	-0.548624	0.0256858	0.325356	0	0.0162132	-0.00407069	0.00949345	0	0.0901201	0	0	0	0	0	0.0741801	-0.0113084	0.015954	0	0	0.0156923	0.0134631	0	0	0.107962	-0.012267	0.117851
2019-01-12 00:00:00	-2.31818	0.627913	0.364769	0	0.173051	-0.00658542	0.0174009	0	0.165917	0	0	0	0	0	0.7215	-0.0113076	0.0159174	0	0	0.0161008	0.0134866	0	0	0.107446	-0.0136037	-0.126179
2019-01-13 00:00:00	-1.99959	0.030841	0.377752	0	0.0854881	-0.00857446	0.0291674	0	0.304269	0	0	0	0	0	0.867652	-0.0113264	0.0159128	0	0	0.0183864	0.0137867	0	0	0.107011	-0.0148891	-0.184114
2019-01-14 00:00:00	-0.634078	-0.0271592	0.338799	0	-0.0732839	-0.00578723	0.0172342	0	0.208948	0	0	0	0	0	0.10193	-0.0113245	0.0158931	0	0	0.0196041	0.0142034	0	0	0.107484	-0.0141405	0.0583228
2019-01-15 00:00:00	-0.434078	-0.0982404	0.313472	0	-0.013099	-0.00531058	0.0138038	0	0.146714	0	0	0	0	0	0.028338	-0.0113142	0.0158725	0	0	0.0190004	0.0141055	0	0	0.107794	-0.0135815	0.0834754
2019-01-16 00:00:00	-2.06272	0.086135	0.345776	0	0.156957	-0.00783602	0.0261961	0	0.238361	0	0	0	0	0	0.87004	-0.0113179	0.0158653	0	0	0.0201539	0.0145775	0	0	0.107563	-0.0142677	-0.214516
2019-01-17 00:00:00	-0.0845553	-0.181222	0.274117	0	-0.132138	-0.00490736	0.0166375	0	0.196269	0	0	0	0	0	-0.104486	-0.0113054	0.0158487	0	0	0.0207926	0.014873	0	0	0.107743	-0.0136551	0.114011
2019-01-18 00:00:00	-0.286395	-0.116402	0.283467	0	-0.0102391	-0.00331253	0.0099187	0	0.10847	0	0	0	0	0	0.013437	-0.0112932	0.0158226	0	0	0.0199366	0.0146447	0	0	0.108296	-0.0120656	0.134285
2019-01-19 00:00:00	0	-0.270631	0.294408	0	-0.0713815	-0.00364285	0.0107317	0	0.101298	0	0	0	0	0	-0.102724	-0.0112822	0.0158101	0	0	0.0193866	0.0144982	0	0	0.108194	-0.0120485	0.0926166
2019-01-20 00:00:00	0	-0.270212	0.296351	0	-0.038839	-0.00203896	0.00695334	0	0.0676537	0	0	0	0	0	-0.105413	-0.0112682	0.015783	0	0	0.0185917	0.0142721	0	0	0.108374	-0.0110188	0.0891884
2019-01-21 00:00:00	-3.63992	0.766075	0.274351	0	0.360088	-0.0103552	0.0409204	0	0.262122	0	0	0	0	0	1.44485	-0.0112667	0.0157622	0	0	0.0196353	0.0145933	0	0	0.107558	-0.0137519	-0.369341
2019-01-22 00:00:00	-1.11773	-0.0203045	0.309825	0	-0.125174	-0.00825893	0.0277308	0	0.327037	0	0	0	0	0	0.389594	-0.0112671	0.0157613	0	0	0.0221635	0.0154639	0	0	0.106882	-0.0166458	-0.0849267
2019-01-23 00:00:00	-0.0845553	-0.163305	0.254174	0	-0.0253502	-0.00327415	0.0106609	0	0.147783	0	0	0	0	0	-0.13757	-0.0112718	0.0157259	0	0	0.0214325	0.015231	0	0	0.107992	-0.0136836	0.133989
2019-01-24 00:00:00	-0.946825	0.107767	0.336211	0	-0.0365012	-0.00584112	0.019311	0	0.15299	0	0	0	0	0	0.243392	-0.0112579	0.0156972	0	0	0.0213575	0.0152014	0	0	0.108459	-0.0124844	0.00747645
2019-01-25 00:00:00	-3.66812	0.0258478	0.453031	0	0.315185	-0.0139593	0.0568222	0	0.474571	0	0	0	0	0	1.77701	-0.0112549	0.015708	0	0	0.0244043	0.0162156	0	0	0.10749	-0.0163769	-0.443427
2019-01-26 00:00:00	-5.11025	-0.0156054	0.463077	0	0.178002	-0.0232863	0.0950766	0	0.951873	0	0	0	0	0	2.51856	-0.0112584	0.015736	0	0	0.0298416	0.0180092	0	0	0.106018	-0.0240143	-0.808222
2019-01-27 00:00:00	0	-0.356561	0.379894	0	-0.355008	-0.00871318	0.0284505	0	0.447156	0	0	0	0	0	-0.259475	-0.0112696	0.0157415	0	0	0.0312842	0.0184823	0	0	0.109188	-0.0197373	0.0194315
2019-01-28 00:00:00	-0.286395	-0.114466	0.314819	0	0.016494	-0.00636246	0.0209318	0	0.204782	0	0	0	0	0	-0.176943	-0.0112644	0.0157276	0	0	0.0291292	0.0177715	0	0	0.111942	-0.0148183	0.121348
2019-01-29 00:00:00	-3.58941	0.437119	0.362867	0	0.288422	-0.0150577	0.0554877	0	0.502125	0	0	0	0	0	1.47392	-0.0112644	0.0157209	0	0	0.028649	0.0175754	0	0	0.111189	-0.0193512	-0.342008
2019-01-30 00:00:00	-0.20094	-0.243733	0.325965	0	-0.277328	-0.00802569	0.0238992	0	0.377348	0	0	0	0	0	-0.0990953	-0.0112488	0.0157103	0	0	0.0287213	0.0175919	0	0	0.111853	-0.0189382	0.041778
2019-01-31 00:00:00	-0.37095	-0.0689819	0.25706	0	-0.0320296	-0.00706478	0.0194403	0	0.216053	0	0	0	0	0	-0.0435434	-0.011244	0.0156957	0	0	0.0269445	0.0170027	0	0	0.113248	-0.0155147	0.116116
2019-02-01 00:00:00	-0.0893068	-0.213751	0.299501	0	-0.0321599	-0.00415874	0.01222	0	0.118464	0	0	0	0	0	-0.160596	-0.0112374	0.0156726	0	0	0.0249612	0.0163419	0	0	0.113784	-0.0136175	0.076118
2019-02-02 00:00:00	-1.2938	0.463121	0.325256	0	0.0434503	-0.00545095	0.0147724	0	0.146707	0	0	0	0	0	0.192889	-0.0112298	0.0156522	0	0	0.0236766	0.0158849	0	0	0.113808	-0.0135961	0.0311354
2019-02-03 00:00:00	-2.94585	0.00580873	0.454384	0	0.285162	-0.0125348	0.0514368	0	0.442903	0	0	0	0	0	1.32241	-0.0112344	0.0156359	0	0	0.024253	0.0159564	0	0	0.112412	-0.0187907	-0.258042
2019-02-04 00:00:00	-1.18106	-0.0131357	0.454166	0	-0.108922	-0.00869569	0.0300313	0	0.394768	0	0	0	0	0	0.236335	-0.0112374	0.0156193	0	0	0.0245226	0.0159938	0	0	0.112709	-0.0196953	-0.058599
2019-02-05 00:00:00	-4.71856	-0.0154825	0.44719	0	0.31706	-0.019732	0.0839023	0	0.813442	0	0	0	0	0	2.28207	-0.0112582	0.0156333	0	0	0.0273828	0.016922	0	0	0.112243	-0.0230494	-0.672236
2019-02-06 00:00:00	-0.607899	-0.106947	0.522641	0	-0.347705	-0.0102563	0.0332162	0	0.526345	0	0	0	0	0	-0.0840122	-0.0112642	0.0156306	0	0	0.0283901	0.0172338	0	0	0.113639	-0.0210341	0.0679782
2019-02-07 00:00:00	-1.01105	0.0319233	0.47595	0	0.0264025	-0.00749809	0.0255351	0	0.26505	0	0	0	0	0	0.0683289	-0.0112517	0.0156146	0	0	0.0265762	0.0166313	0	0	0.11555	-0.0173137	0.0204512
2019-02-08 00:00:00	-4.81752	0.029721	0.586329	0	0.328167	-0.0199402	0.0856931	0	0.855806	0	0	0	0	0	2.19689	-0.0112494	0.0156059	0	0	0.0280376	0.0170256	0	0	0.113429	-0.0243553	-0.616363
2019-02-09 00:00:00	-3.47822	-0.00404713	0.576249	0	0.0420546	-0.0193109	0.077286	0	0.92083	0	0	0	0	0	1.36587	-0.0112638	0.0156485	0	0	0.0320297	0.0181776	0	0	0.113767	-0.0249573	-0.375892
2019-02-10 00:00:00	-0.173862	-0.330689	0.529185	0	-0.350842	-0.00894892	0.0307759	0	0.482772	0	0	0	0	0	-0.257772	-0.0112707	0.0156395	0	0	0.0318199	0.0180894	0	0	0.116639	-0.0199811	0.0715542
2019-02-11 00:00:00	-0.174761	-0.29268	0.491351	0	-0.0537121	-0.00514529	0.0183705	0	0.18783	0	0	0	0	0	-0.242134	-0.0112609	0.015622	0	0	0.0293852	0.0173295	0	0	0.118734	-0.0152043	0.0837241
2019-02-12 00:00:00	-0.543872	-0.134323	0.665868	0	-0.0364887	-0.00330754	0.0115982	0	0.125281	0	0	0	0	0	-0.21029	-0.0112417	0.0156036	0	0	0.0268953	0.0165491	0	0	0.119174	-0.0138309	0.0276157
2019-02-13 00:00:00	-0.607	-0.0419195	0.59671	0	-0.0558187	-0.00485655	0.0165662	0	0.134425	0	0	0	0	0	-0.0520283	-0.0112382	0.0155799	0	0	0.0252808	0.0160507	0	0	0.119261	-0.0133623	0.13765
2019-02-14 00:00:00	-0.0893068	-0.265955	0.654977	0	-0.19706	-0.00228922	0.00553486	0	0.0895848	0	0	0	0	0	-0.199279	-0.0112411	0.0155525	0	0	0.0235717	0.0156228	0	0	0.119246	-0.0127438	0.146214
2019-02-15 00:00:00	-0.173862	-0.124807	0.689081	0	-0.137723	-0.00194369	0.00458169	0	0.0448438	0	0	0	0	0	-0.217729	-0.0112403	0.0155282	0	0	0.0215197	0.0151779	0	0	0.119262	-0.0114291	0.23126
2019-02-16 00:00:00	-0.259317	-0.0737296	0.700458	0	-0.191828	-0.00142605	0.00264046	0	0.0421756	0	0	0	0	0	-0.136155	-0.0112321	0.0154981	0	0	0.0196011	0.0146863	0	0	0.11905	-0.011159	0.229262
2019-02-17 00:00:00	-0.522445	0.00594831	0.729339	0	-0.00973901	-0.00140201	0.0038777	0	0.0222694	0	0	0	0	0	-0.156524	-0.0112251	0.0154798	0	0	0.0181627	0.0141481	0	0	0.118729	-0.0104113	0.216209
2019-02-18 00:00:00	-4.301	1.13899	0.691651	0	0.565625	-0.00731189	0.0226813	0	0.159211	0	0	0	0	0	1.28117	-0.011222	0.0154697	0	0	0.0189703	0.0140004	0	0	0.117926	-0.0125945	-0.306433
2019-02-19 00:00:00	-2.71361	-0.0111739	0.719125	0	0.18659	-0.0110851	0.0429673	0	0.427342	0	0	0	0	0	0.939088	-0.0112099	0.0154725	0	0	0.0222834	0.0143903	0	0	0.1167	-0.0182089	-0.281329
2019-02-20 00:00:00	-1.96098	-0.0225292	0.7586	0	-0.00960194	-0.00927897	0.0353777	0	0.403785	0	0	0	0	0	0.544917	-0.0111937	0.0154639	0	0	0.0231524	0.0146791	0	0	0.116742	-0.0192513	-0.120117
2019-02-21 00:00:00	-0.0893068	-0.684135	0.837153	0	-0.136773	-0.00589697	0.0210077	0	0.239757	0	0	0	0	0	-0.177694	-0.0111864	0.0154229	0	0	0.0226002	0.0145858	0	0	0.117969	-0.0163213	0.147182
2019-02-22 00:00:00	-0.0893068	-0.406079	0.887468	0	-0.227726	-0.00222531	0.0066159	0	0.10388	0	0	0	0	0	-0.324647	-0.01118	0.0153939	0	0	0.0209937	0.0142899	0	0	0.118987	-0.0132644	0.0931982
2019-02-23 00:00:00	-0.259317	-0.122467	0.817901	0	-0.180588	-0.00218194	0.00441038	0	0.0526252	0	0	0	0	0	-0.224114	-0.0111545	0.0153883	0	0	0.0193881	0.0140653	0	0	0.119068	-0.0117039	0.231321
2019-02-24 00:00:00	-0.344771	-0.0742829	0.85605	0	-0.134078	-0.00135881	0.00259264	0	0.0374365	0	0	0	0	0	-0.23832	-0.0111484	0.0153609	0	0	0.0175484	0.0136871	0	0	0.118829	-0.0111598	0.246386
2019-02-25 00:00:00	-0.0893068	-0.169971	1.42286	0	-0.491976	-0.00122413	0.00172164	0	0.0280051	0	0	0	0	0	-0.496506	-0.0111417	0.0153422	0	0	0.0158603	0.0129617	0	0	0.118345	-0.0106417	0.344328
2019-02-26 00:00:00	-0.173862	-0.129851	1.48722	0	-0.371074	-0.000484531	0.000421997	0	0.00997339	0	0	0	0	0	-0.580004	-0.0111123	0.0153118	0	0	0.0136366	0.0120028	0	0	0.117982	-0.00995773	0.380205
2019-02-27 00:00:00	-0.0893068	-0.0720974	1.00445	0	-0.127617	-0.00062287	0.000626143	0	0.00914477	0	0	0	0	0	-0.393188	-0.0110943	0.0152691	0	0	0.0123722	0.0114399	0	0	0.117373	-0.00972689	0.467018
2019-02-28 00:00:00	-0.259317	-0.0228661	0.661091	0	-0.0597083	-0.000953496	0.00100432	0	0.0152462	0	0	0	0	0	-0.125251	-0.0110878	0.0152535	0	0	0.011872	0.0112222	0	0	0.116689	-0.00976143	0.343434
2019-03-01 00:00:00	-0.899219	0.078074	0.833367	0	0.102348	-0.00144671	0.00354513	0	0.0197071	0	0	0	0	0	0.0175857	-0.011075	0.015236	0	0	0.0119762	0.0112807	0	0	0.115673	-0.00954292	0.28751
2019-03-02 00:00:00	-2.55107	0.996349	0.941179	0	0.177999	-0.0021291	0.00548673	0	0.0416711	0	0	0	0	0	0.307241	-0.011061	0.0152138	0	0	0.0124181	0.01146	0	0	0.114877	-0.00981914	0.0498186
2019-03-03 00:00:00	-4.89156	0.494102	0.824679	0	0.796334	-0.00528305	0.0218058	0	0.117788	0	0	0	0	0	1.85285	-0.011066	0.0152124	0	0	0.01651	0.0122253	0	0	0.114506	-0.0108121	-0.652705
2019-03-04 00:00:00	-10.763	0.0496873	0.81778	0	1.20158	-0.0359304	0.14691	0	1.36004	0	0	0	0	0	5.19408	-0.0110935	0.0152659	0	0	0.0282765	0.0160154	0	0	0.111329	-0.0243858	-1.89345
2019-03-05 00:00:00	-2.57836	-0.00734035	0.804576	0	-0.343288	-0.0219622	0.0827562	0	1.11612	0	0	0	0	0	0.523763	-0.0111055	0.0153145	0	0	0.0376652	0.0189532	0	0	0.112717	-0.0259981	-0.276184
2019-03-06 00:00:00	-11.2176	-0.00654625	0.885944	0	0.573392	-0.0508852	0.231737	0	2.38481	0	0	0	0	0	5.31416	-0.0111425	0.015388	0	0	0.0501051	0.0222453	0	0	0.112534	-0.0322241	-1.72806
2019-03-07 00:00:00	-5.7452	-0.0020703	0.881983	0	-0.0896968	-0.0390185	0.164934	0	1.99503	0	0	0	0	0	1.97309	-0.0111903	0.0154556	0	0	0.0631659	0.0258054	0	0	0.116075	-0.0323169	-0.68395
2019-03-08 00:00:00	-4.9479	-0.0223588	0.772004	0	-0.0765279	-0.0317266	0.140602	0	1.61686	0	0	0	0	0	1.60935	-0.0112295	0.015501	0	0	0.0655354	0.0266946	0	0	0.119709	-0.0306642	-0.754155
2019-03-09 00:00:00	-1.35378	0.00716287	0.874578	0	-0.133167	-0.0180715	0.0674226	0	0.879541	0	0	0	0	0	-0.385495	-0.0112389	0.0155212	0	0	0.0616344	0.0255927	0	0	0.123635	-0.0249683	0.128362
2019-03-10 00:00:00	-5.26155	-0.0158851	0.805733	0	0.165769	-0.0294934	0.132778	0	1.41835	0	0	0	0	0	1.99359	-0.0112671	0.0155351	0	0	0.0604323	0.0253507	0	0	0.123973	-0.0280156	-0.604695
2019-03-11 00:00:00	-1.98106	-0.0164561	0.932065	0	-0.24139	-0.0183444	0.0742236	0	0.956237	0	0	0	0	0	0.0683294	-0.0112666	0.0155478	0	0	0.0580622	0.0246853	0	0	0.125941	-0.026353	-0.0397766
2019-03-12 00:00:00	-20.2684	0.00844337	0.971541	0	1.11011	-0.099936	0.464391	0	4.89942	0	0	0	0	0	9.91208	-0.0113531	0.0157003	0	0	0.0895892	0.0333207	0	0	0.120958	-0.0415708	-2.7957
2019-03-13 00:00:00	-4.26586	-0.00338826	1.07864	0	-0.538062	-0.0467048	0.191146	0	2.5221	0	0	0	0	0	0.469022	-0.0114327	0.0158091	0	0	0.120569	0.040422	0	0	0.127748	-0.0352059	-0.335193
2019-03-14 00:00:00	-12.9453	0.000677832	1.08631	0	0.755818	-0.0806015	0.353548	0	3.85559	0	0	0	0	0	5.31463	-0.0114712	0.0159297	0	0	0.132583	0.0442911	0	0	0.127737	-0.0399863	-1.3902
2019-03-15 00:00:00	-3.88641	-0.0337454	1.05475	0	-0.871369	-0.043673	0.170814	0	2.24538	0	0	0	0	0	0.314734	-0.0114987	0.0160165	0	0	0.141376	0.0466647	0	0	0.133349	-0.0316965	-0.755315
2019-03-16 00:00:00	-18.1827	0.00702194	0.910991	0	0.941691	-0.125069	0.539805	0	5.70835	0	0	0	0	0	7.76658	-0.0115291	0.0161649	0	0	0.16438	0.0547698	0	0	0.128423	-0.0467819	-2.12788
2019-03-17 00:00:00	-0.424593	-0.465768	0.947884	0	-0.913967	-0.0364718	0.13524	0	1.95115	0	0	0	0	0	-1.46417	-0.0115432	0.0162373	0	0	0.172496	0.0572637	0	0	0.137225	-0.0338627	0.0671171
2019-03-18 00:00:00	-0.304633	-0.431613	0.962057	0	-0.272413	-0.0213589	0.0769512	0	0.89364	0	0	0	0	0	-1.07799	-0.0115282	0.0162279	0	0	0.147235	0.0499147	0	0	0.142306	-0.0253994	0.143393
2019-03-19 00:00:00	-0.620978	-0.19797	1.20077	0	-0.151378	-0.0151193	0.0545219	0	0.499469	0	0	0	0	0	-0.80766	-0.0115219	0.016218	0	0	0.125001	0.043604	0	0	0.144495	-0.0211936	0.258259
2019-03-20 00:00:00	-0.415563	-0.161899	1.35602	0	-0.26768	-0.00712702	0.0222842	0	0.240388	0	0	0	0	0	-0.780801	-0.0115159	0.0162041	0	0	0.10665	0.0386625	0	0	0.145633	-0.0186196	0.262637
2019-03-21 00:00:00	-1.58286	0.339515	1.41291	0	-0.0340204	-0.00588809	0.0200635	0	0.170063	0	0	0	0	0	-0.371496	-0.0115096	0.016186	0	0	0.0890212	0.0336371	0	0	0.146459	-0.0167509	0.20533
2019-03-22 00:00:00	-1.95199	0.464712	1.31631	0	-0.0362459	-0.00754844	0.0281764	0	0.244023	0	0	0	0	0	-0.0898382	-0.0115064	0.0161767	0	0	0.0791369	0.0307482	0	0	0.146221	-0.0171795	0.211203
2019-03-23 00:00:00	0	-0.862079	1.16173	0	-0.203022	-0.00398627	0.0164522	0	0.162863	0	0	0	0	0	-0.268924	-0.0115022	0.0161613	0	0	0.0693342	0.0277759	0	0	0.146579	-0.0154032	0.235975
2019-03-24 00:00:00	-0.443754	-0.0729997	1.13822	0	-0.274365	-0.00239392	0.00681005	0	0.0645148	0	0	0	0	0	-0.294197	-0.0114984	0.0161442	0	0	0.0596304	0.0247923	0	0	0.146848	-0.0135244	0.344225
2019-03-25 00:00:00	0	-0.0992206	1.09643	0	-0.431518	-0.00146726	0.00321475	0	0.0369828	0	0	0	0	0	-0.408429	-0.0114938	0.0161228	0	0	0.0504313	0.0220319	0	0	0.146796	-0.0126112	0.407273
2019-03-26 00:00:00	-0.0545653	-0.0994276	1.23076	0	-0.400714	-0.000908222	0.00125082	0	0.01917	0	0	0	0	0	-0.462179	-0.0114866	0.0161012	0	0	0.0422877	0.0195966	0	0	0.146492	-0.0120072	0.434368
2019-03-27 00:00:00	0	-0.106567	1.26644	0	-0.464855	-0.000738589	0.000493354	0	0.0120232	0	0	0	0	0	-0.274564	-0.0114778	0.0160745	0	0	0.0349272	0.0174586	0	0	0.145982	-0.0116281	0.623569
2019-03-28 00:00:00	0	-0.0972426	1.29788	0	-0.0847155	-0.000593186	0.000912706	0	0.00708701	0	0	0	0	0	-0.58999	-0.0114748	0.0160682	0	0	0.0310594	0.0163824	0	0	0.1451	-0.0110464	0.719431
2019-03-29 00:00:00	0	-0.0541835	1.27807	0	-0.21451	-0.00104238	0.000940917	0	0.0135335	0	0	0	0	0	-0.4448	-0.0114671	0.0160459	0	0	0.0265956	0.0151231	0	0	0.144028	-0.011312	0.757021
2019-03-30 00:00:00	0	-1.09883E-05	1.16761	0	-0.0585145	-1.7029E-05	0.000222851	0	0.00453223	0	0	0	0	0	-0.461558	-0.0114549	0.0160085	0	0	0.0216181	0.0137171	0	0	0.143388	-0.0105582	0.824987
2019-03-31 00:00:00	0	0	1.10043	0	-0.211255	-9.74366E-06	0.000275565	0	0.00217924	0	0	0	0	0	-0.140874	-0.0114465	0.0159772	0	0	0.0188404	0.0129388	0	0	0.142398	-0.0100461	0.919404
2019-04-01 00:00:00	-0.210811	0	1.06928	0	0.105462	-3.10313E-05	0.000647442	0	0.00093842	0	0	0	0	0	-0.496503	-0.0114449	0.015965	0	0	0.0170597	0.0124121	0	0	0.141252	-0.00984262	0.634386
2019-04-02 00:00:00	-6.37076	1.48733	1.23871	0	0.57211	-0.00166888	0.00878557	0	0.0331717	0	0	0	0	0	1.75252	-0.011452	0.0159679	0	0	0.0195757	0.0126545	0	0	0.139907	-0.00984771	-1.113
2019-04-03 00:00:00	-14.6219	0.315419	1.22069	0	2.69513	-0.0337342	0.135745	0	1.25354	0	0	0	0	0	6.07422	-0.0114959	0.0160401	0	0	0.0363772	0.0171979	0	0	0.137341	-0.0209822	-2.78643
2019-04-04 00:00:00	-5.96395	0.00603057	1.3299	0	-0.0299157	-0.0419794	0.167184	0	2.0977	0	0	0	0	0	1.6661	-0.0115372	0.0160907	0	0	0.0521167	0.0216704	0	0	0.136258	-0.0334158	-0.587752
2019-04-05 00:00:00	0	-1.00887	1.43244	0	-0.744552	-0.0126928	0.0471073	0	0.776278	0	0	0	0	0	-0.676077	-0.0115434	0.0160857	0	0	0.0512142	0.0215952	0	0	0.142126	-0.0237793	0.00933693
2019-04-06 00:00:00	-1.45877	0.134015	1.31949	0	0.0550784	-0.00759728	0.0268335	0	0.283321	0	0	0	0	0	-0.31254	-0.0115376	0.0160727	0	0	0.044939	0.0202153	0	0	0.145212	-0.0176189	0.237118
2019-04-07 00:00:00	-0.451613	-0.175368	1.06971	0	-0.260018	-0.00426645	0.0181335	0	0.199508	0	0	0	0	0	-0.367414	-0.0115306	0.016057	0	0	0.039454	0.019029	0	0	0.145576	-0.0168531	0.220409
2019-04-08 00:00:00	0	-0.312886	1.45495	0	-0.54889	-0.00216741	0.00529744	0	0.0763974	0	0	0	0	0	-0.556966	-0.0115238	0.0160415	0	0	0.0339567	0.0175456	0	0	0.146208	-0.0143107	0.303651
2019-04-09 00:00:00	0	-0.121812	1.33102	0	-0.473955	-0.00185891	0.00265362	0	0.0370957	0	0	0	0	0	-0.497037	-0.0115165	0.0160253	0	0	0.0288048	0.0160069	0	0	0.145908	-0.0125032	0.458827
2019-04-10 00:00:00	-0.17001	-0.124552	1.65226	0	-0.506835	-0.000778595	0.000557711	0	0.0175009	0	0	0	0	0	-0.546856	-0.0115059	0.0160027	0	0	0.0234868	0.0143779	0	0	0.145286	-0.0116249	0.497308
2019-04-11 00:00:00	0	-0.161345	1.91544	0	-0.604353	-0.000623283	0.000292008	0	0.0101875	0	0	0	0	0	-0.581676	-0.0114932	0.015973	0	0	0.0184525	0.0127826	0	0	0.144493	-0.0111049	0.747027
2019-04-12 00:00:00	0	-0.034655	1.41384	0	-0.161905	-8.39295E-05	8.39877E-05	0	0.00594325	0	0	0	0	0	-0.655273	-0.0114857	0.0159556	0	0	0.0157224	0.0119143	0	0	0.143433	-0.0104894	0.732998
2019-04-13 00:00:00	0	-0.00340552	1.19586	0	-0.0718001	0	0.000140177	0	0.00282692	0	0	0	0	0	-0.405428	-0.011477	0.0159307	0	0	0.0138905	0.0113137	0	0	0.142302	-0.00995838	0.880196
2019-04-14 00:00:00	0	0	1.27326	0	0.0534764	-3.44574E-05	0.000675652	0	0.00146347	0	0	0	0	0	-0.50785	-0.0114698	0.0159087	0	0	0.0125256	0.0108122	0	0	0.140969	-0.00970394	0.980032
2019-04-15 00:00:00	0	0	1.36084	0	-0.120695	-5.80363E-06	0.000200424	0	0.00183544	0	0	0	0	0	-0.335517	-0.0114633	0.0158909	0	0	0.0115624	0.0104076	0	0	0.139071	-0.00952567	1.06261
2019-04-16 00:00:00	0	0	1.53714	0	-0.034447	-1.06383E-05	0.000239195	0	0.000821688	0	0	0	0	0	-0.60771	-0.0114506	0.0158601	0	0	0.0101648	0.00981618	0	0	0.137942	-0.00942459	1.04894
2019-04-17 00:00:00	0	0	1.61129	0	-0.14645	0	2.21272E-06	0	0.000491812	0	0	0	0	0	-0.316636	-0.0114365	0.0158316	0	0	0.009044	0.00933152	0	0	0.136544	-0.00928286	1.29873
2019-04-18 00:00:00	0	0	2.49621	0	-0.100248	0	0	0	0.000139499	0	0	0	0	0	-1.02269	-0.0114248	0.0158127	0	0	0.00738436	0.00844187	0	0	0.13506	-0.00917607	1.51951
2019-04-19 00:00:00	0	0	3.51834	0	-0.096902	0	0	0	0	0	0	0	0	0	-1.33442	-0.0114057	0.0157956	0	0	0.0054064	0.0072426	0	0	0.132912	-0.00900843	2.22796
2019-04-20 00:00:00	0	0	3.19365	0	-0.0269524	0	0	0	0	0	0	0	0	0	-1.12826	-0.0113874	0.0157604	0	0	0.00399583	0.00630857	0	0	0.130862	-0.0088176	2.17515
2019-04-21 00:00:00	0	0	2.05683	0	0.00107911	0	1.22197E-05	0	0	0	0	0	0	0	-0.625446	-0.011372	0.0157363	0	0	0.00346931	0.0059823	0	0	0.128945	-0.00865475	1.56658
2019-04-22 00:00:00	0	0	3.57106	0	-0.0218532	0	0	0	0	0	0	0	0	0	-1.29162	-0.0113505	0.0157006	0	0	0.00266686	0.00527149	0	0	0.127048	-0.00855268	2.38837
2019-04-23 00:00:00	0	0	1.69075	0	0.00616206	0	3.47202E-05	0	0	0	0	0	0	0	-0.474485	-0.0113356	0.0156732	0	0	0.00252428	0.00519747	0	0	0.12499	-0.00841026	1.3511
2019-04-24 00:00:00	0	0	1.55819	0	0.00446925	0	7.06156E-05	0	0	0	0	0	0	0	-0.499252	-0.0113158	0.015649	0	0	0.00264897	0.00528304	0	0	0.123383	-0.00832904	1.1908
2019-04-25 00:00:00	-3.31615	0.726782	2.0441	0	0.04868	0	0.000183082	0	0	0	0	0	0	0	0.352421	-0.0113038	0.0156294	0	0	0.00338659	0.00591121	0	0	0.121536	-0.00827737	-0.0171046
2019-04-26 00:00:00	-2.28686	0.164822	2.00606	0	0.0706902	0	0.000367915	0	0	0	0	0	0	0	0.145722	-0.0112825	0.0156176	0	0	0.00405327	0.00639695	0	0	0.120077	-0.00830039	0.227364
2019-04-27 00:00:00	-7.51029	0.656278	1.91963	0	0.192798	-0.000107178	0.00123477	0	0	0	0	0	0	0	2.33143	-0.0112972	0.0156613	0	0	0.00894042	0.00875684	0	0	0.119313	-0.00840563	-2.27607
2019-04-28 00:00:00	-1.14002	-0.892785	2.13534	0	0.0384382	-7.13479E-05	0.0010509	0	0.000113217	0	0	0	0	0	0.0150082	-0.0112993	0.0156653	0	0	0.0123143	0.010605	0	0	0.119004	-0.0087386	0.294627
2019-04-29 00:00:00	-0.05998	-0.465449	2.30077	0	-0.123752	-3.10675E-07	0.000119474	0	0.00024217	0	0	0	0	0	-0.667849	-0.0112885	0.0156421	0	0	0.0117397	0.0107507	0	0	0.118116	-0.00873691	1.12033
2019-04-30 00:00:00	0	-0.176472	2.20602	0	-0.0343123	0	6.8119E-05	0	0	0	0	0	0	0	-0.834815	-0.0112696	0.0156056	0	0	0.00955401	0.00972501	0	0	0.117363	-0.00866495	1.2928
2019-05-01 00:00:00	-0.759199	-0.00824093	1.84311	0	-0.0714544	0	1.291E-05	0	0	0	0	0	0	0	-0.138549	-0.0112569	0.0155787	0	0	0.00887522	0.00939201	0	0	0.116141	-0.00852897	0.995879
2019-05-02 00:00:00	-0.477596	-0.00502533	1.75998	0	0.0111112	0	5.47846E-05	0	0	0	0	0	0	0	-0.576596	-0.011245	0.0155608	0	0	0.00834722	0.00903976	0	0	0.115023	-0.00844499	0.840209
2019-05-03 00:00:00	-0.572963	0	1.59821	0	0.0196875	0	0.000111695	0	0	0	0	0	0	0	-0.355773	-0.0112308	0.0155388	0	0	0.00808156	0.0088733	0	0	0.113838	-0.00836687	0.816008
2019-05-04 00:00:00	-0.349051	0	1.62323	0	0.0586796	-1.7534E-05	0.000502989	0	0	0	0	0	0	0	-0.47709	-0.0112156	0.0154984	0	0	0.00794534	0.00878507	0	0	0.112438	-0.00830165	0.981406
2019-05-05 00:00:00	0	0	1.54463	0	-0.0169598	-5.44266E-07	0.000112023	0	0	0	0	0	0	0	-0.594993	-0.0111902	0.0154724	0	0	0.00751329	0.00854538	0	0	0.111767	-0.00826649	1.05663
2019-05-06 00:00:00	-0.456705	0	1.54941	0	-0.072525	0	2.5301E-05	0	0	0	0	0	0	0	-0.193065	-0.0111611	0.015462	0	0	0.00727873	0.00844141	0	0	0.110692	-0.00820774	0.94965
2019-05-07 00:00:00	-3.01421	0.793931	1.78279	0	0.146248	-6.48557E-05	0.000668731	0	0	0	0	0	0	0	0.096122	-0.0111621	0.0154528	0	0	0.00837734	0.00876179	0	0	0.109633	-0.00817329	-0.0716206
2019-05-08 00:00:00	-7.79366	0.757678	2.01796	0	0.165778	-0.00157443	0.00791361	0	0.00950184	0	0	0	0	0	2.49956	-0.0111757	0.0154759	0	0	0.0131215	0.010816	0	0	0.108827	-0.00834284	-2.20812
2019-05-09 00:00:00	-1.98893	-0.10445	1.93562	0	0.00362255	-0.00126775	0.00585642	0	0.0208264	0	0	0	0	0	0.0950537	-0.0111804	0.0154914	0	0	0.0170991	0.0127762	0	0	0.108982	-0.00863478	0.100871
2019-05-10 00:00:00	-17.0578	0.472594	2.11618	0	1.16607	-0.00718071	0.051713	0	0.190903	0	0	0	0	0	6.27774	-0.01122	0.0155642	0	0	0.0254696	0.016324	0	0	0.109392	-0.00940617	-6.64362
2019-05-11 00:00:00	-0.35988	-1.10734	2.13382	0	-0.305265	-0.00409947	0.0265643	0	0.158843	0	0	0	0	0	-0.507016	-0.0112446	0.015595	0	0	0.032936	0.0192894	0	0	0.111132	-0.0111507	0.192185
2019-05-12 00:00:00	0	-0.575154	3.96287	0	-0.853017	-0.000353711	0.00182601	0	0.0129596	0	0	0	0	0	-1.44812	-0.0112325	0.0155649	0	0	0.0278129	0.0175433	0	0	0.112315	-0.00926581	1.25375
2019-05-13 00:00:00	0	-0.237453	3.79371	0	-0.205884	0	4.19897E-07	0	0.000143399	0	0	0	0	0	-1.81925	-0.0112132	0.0155285	0	0	0.0193777	0.0138423	0	0	0.1122	-0.0089737	1.67203
2019-05-14 00:00:00	0	-7.58993E-05	4.47425	0	-0.248025	0	0	0	1.49549E-05	0	0	0	0	0	-1.74462	-0.0111916	0.0154933	0	0	0.0133739	0.0110733	0	0	0.111647	-0.00870249	2.61324
2019-05-15 00:00:00	0	0	4.05621	0	-0.0202224	0	0	0	0	0	0	0	0	0	-1.85475	-0.0111695	0.0154902	0	0	0.00906577	0.00900974	0	0	0.110909	-0.00840995	2.30614
2019-05-16 00:00:00	0	0	2.05825	0	0.0056381	0	0	0	0	0	0	0	0	0	-0.755216	-0.011158	0.0154453	0	0	0.00719902	0.00812414	0	0	0.109837	-0.00813552	1.42998
2019-05-17 00:00:00	-0.25998	0	2.07053	0	0.00728275	0	0	0	0	0	0	0	0	0	-0.683862	-0.011123	0.0154158	0	0	0.00638869	0.00769381	0	0	0.10888	-0.00799556	1.25323
2019-05-18 00:00:00	-3.99737	0.943985	2.40891	0	0.064777	0	1.53519E-05	0	0	0	0	0	0	0	0.40048	-0.0111207	0.0153959	0	0	0.00722473	0.00811183	0	0	0.107963	-0.00790855	-0.059538
2019-05-19 00:00:00	-0.2	-0.943985	2.32598	0	8.26145E-05	0	7.29065E-05	0	0	0	0	0	0	0	-0.431846	-0.0111221	0.01536	0	0	0.00748229	0.00823964	0	0	0.10747	-0.00792811	0.869807
2019-05-20 00:00:00	0	0	2.18392	0	-0.0211135	0	2.83227E-05	0	0	0	0	0	0	0	-0.946076	-0.0111018	0.0153251	0	0	0.00648031	0.00768255	0	0	0.106709	-0.00791059	1.33394
2019-05-21 00:00:00	0	0	2.15614	0	-0.0122997	0	3.29247E-05	0	0	0	0	0	0	0	-0.882885	-0.0110933	0.0152857	0	0	0.0055087	0.00713419	0	0	0.105769	-0.00782523	1.37576
2019-05-22 00:00:00	0	0	2.10867	0	-0.00879753	0	3.62186E-05	0	0	0	0	0	0	0	-0.892729	-0.0110795	0.0152535	0	0	0.00477977	0.00667145	0	0	0.104968	-0.00773332	1.32004
2019-05-23 00:00:00	0	0	1.99328	0	-0.00551234	0	4.23333E-05	0	0	0	0	0	0	0	-0.831911	-0.0110641	0.0152286	0	0	0.00426972	0.00633133	0	0	0.104071	-0.00765152	1.26708
2019-05-24 00:00:00	0	0	2.09575	0	-0.00663577	0	3.61302E-05	0	0	0	0	0	0	0	-0.903138	-0.0110534	0.0152037	0	0	0.00383379	0.00601073	0	0	0.103146	-0.00758843	1.29556
2019-05-25 00:00:00	-3.51103	0.775545	2.55554	0	0.0402346	0	0.000151706	0	0	0	0	0	0	0	0.178819	-0.0110504	0.0151852	0	0	0.00464713	0.00654871	0	0	0.10228	-0.00753001	0.149336
2019-05-26 00:00:00	-6.10592	0.644758	2.96104	0	0.0992635	0	0.000446129	0	0	0	0	0	0	0	1.22249	-0.0110523	0.0151914	0	0	0.00667674	0.00732325	0	0	0.101561	-0.00759389	-1.06583
2019-05-27 00:00:00	-4.98206	0.114989	2.62837	0	0.060822	0	0.000331928	0	0	0	0	0	0	0	0.979973	-0.0110522	0.0151774	0	0	0.00842525	0.00829829	0	0	0.101323	-0.00773112	-1.08313
2019-05-28 00:00:00	-3.60458	0.206243	2.3798	0	0.102412	-6.15487E-06	0.000579049	0	0	0	0	0	0	0	0.35835	-0.0110488	0.0151555	0	0	0.00976707	0.00907555	0	0	0.101168	-0.00777209	-0.440862
2019-05-29 00:00:00	-3.67921	0.145814	2.49264	0	0.0584681	-3.79798E-05	0.000797267	0	3.96546E-05	0	0	0	0	0	0.534184	-0.0110497	0.015138	0	0	0.0103908	0.00939304	0	0	0.100741	-0.0078445	-0.330532
2019-05-30 00:00:00	-15.6014	0.231715	3.04271	0	0.854352	-0.00170729	0.033163	0	0.0803553	0	0	0	0	0	5.43133	-0.0110825	0.0152029	0	0	0.0166476	0.0122679	0	0	0.100877	-0.0096749	-5.80522
2019-05-31 00:00:00	-5.36355	-0.023369	3.13483	0	0.0634139	-0.00242065	0.029246	0	0.157589	0	0	0	0	0	0.776072	-0.0111078	0.015247	0	0	0.0233604	0.0151655	0	0	0.101507	-0.0123302	-1.09634
2019-06-01 00:00:00	-0.05998	-1.44701	2.92406	0	-0.293702	-0.00057891	0.00532073	0	0.0580843	0	0	0	0	0	-0.809533	-0.0111064	0.0152313	0	0	0.0230738	0.0152809	0	0	0.102327	-0.0105575	0.510908
2019-06-02 00:00:00	-1.22342	-0.254419	3.02274	0	-0.394412	-7.19796E-05	0.000205156	0	0.00966222	0	0	0	0	0	-0.515901	-0.0110904	0.0151944	0	0	0.0184117	0.0134915	0	0	0.102659	-0.0088758	0.774174
2019-06-03 00:00:00	-3.93012	0.795233	2.92483	0	0.300293	-7.21392E-07	0.00102601	0	0.00575515	0	0	0	0	0	-0.150553	-0.0110888	0.0151894	0	0	0.0169558	0.0128422	0	0	0.102398	-0.00860517	0.0741495
2019-06-04 00:00:00	-7.05545	0.75238	2.97499	0	0.44141	-0.00264483	0.0220754	0	0.0961044	0	0	0	0	0	1.67973	-0.0110944	0.0152052	0	0	0.019474	0.0132793	0	0	0.101845	-0.0100974	-0.962791
2019-06-05 00:00:00	-11.4268	0.240087	2.93391	0	0.621818	-0.00630781	0.102612	0	0.513256	0	0	0	0	0	3.63403	-0.0111215	0.015238	0	0	0.0259511	0.0158194	0	0	0.100401	-0.0182509	-3.2594
2019-06-06 00:00:00	-0.05998	-1.47436	2.76069	0	-0.588466	-0.00237644	0.0185869	0	0.228693	0	0	0	0	0	-0.832199	-0.0111343	0.0152372	0	0	0.0280538	0.0166906	0	0	0.102608	-0.0163447	0.185699
2019-06-07 00:00:00	-5.24267	0.848435	4.2042	0	0.195696	-0.00156607	0.00777586	0	0.0566844	0	0	0	0	0	-0.0321849	-0.0111268	0.0152167	0	0	0.0250283	0.0158658	0	0	0.104833	-0.0109106	0.175283
2019-06-08 00:00:00	-8.54388	0.665223	2.92228	0	0.527553	-0.00735874	0.0735327	0	0.398453	0	0	0	0	0	2.31416	-0.0111356	0.015228	0	0	0.0273261	0.0162023	0	0	0.104127	-0.0165936	-1.51488
2019-06-09 00:00:00	-0.849491	-1.37902	2.80092	0	-0.37798	-0.00355398	0.0234971	0	0.240815	0	0	0	0	0	-0.449563	-0.0111485	0.0152166	0	0	0.0295232	0.0169743	0	0	0.105661	-0.0162319	0.145618
2019-06-10 00:00:00	0	-0.461688	3.14143	0	-0.914585	-0.000268411	0.000267618	0	0.0277475	0	0	0	0	0	-1.23491	-0.0111394	0.0151848	0	0	0.024274	0.0153756	0	0	0.108014	-0.0107407	0.698965
2019-06-11 00:00:00	0	-0.245733	2.46155	0	-0.514699	-0.000167403	6.41843E-06	0	0.0081682	0	0	0	0	0	-0.97694	-0.0111234	0.0151558	0	0	0.0182302	0.012925	0	0	0.108338	-0.00950218	0.866208
2019-06-12 00:00:00	-7.57256	1.69649	2.51079	0	1.02655	-0.000549875	0.00227612	0	0.00817842	0	0	0	0	0	1.46283	-0.0111347	0.0151835	0	0	0.0223453	0.0139483	0	0	0.108065	-0.00920459	-0.726797
2019-06-13 00:00:00	-11.7789	0.425931	2.73177	0	1.04219	-0.0147427	0.106017	0	0.572777	0	0	0	0	0	4.32633	-0.0111542	0.0152268	0	0	0.0313222	0.0172196	0	0	0.107209	-0.0138619	-2.44271
2019-06-14 00:00:00	0	-1.51151	2.68422	0	-0.671472	-0.0047608	0.0299668	0	0.333157	0	0	0	0	0	-0.835187	-0.0111692	0.0152373	0	0	0.0365074	0.0191977	0	0	0.108402	-0.0160349	0.176552
2019-06-15 00:00:00	-0.114545	-0.36939	2.81053	0	-0.629468	-0.000202404	0.000214735	0	0.0192612	0	0	0	0	0	-1.21692	-0.011155	0.0152046	0	0	0.0286546	0.0166165	0	0	0.110585	-0.0106296	0.648758
2019-06-16 00:00:00	-2.01293	-0.144869	3.25813	0	-0.172339	-0.000394767	0.000414583	0	0.0138811	0	0	0	0	0	-0.53714	-0.011146	0.0151886	0	0	0.0244196	0.0150537	0	0	0.110571	-0.0097156	0.549125
2019-06-17 00:00:00	-0.114545	-0.215499	2.77531	0	-0.3391	-0.000316403	0.000136102	0	0.00822609	0	0	0	0	0	-1.21118	-0.0111312	0.0151597	0	0	0.0190174	0.0129595	0	0	0.110382	-0.00942143	1.04
2019-06-18 00:00:00	-0.0854547	-0.0161277	2.6835	0	-0.358359	-1.28669E-05	4.06092E-05	0	0.00364465	0	0	0	0	0	-1.01334	-0.0111109	0.0151209	0	0	0.0147453	0.0112777	0	0	0.110112	-0.00895487	1.34507
2019-06-19 00:00:00	0	-5.40482E-05	2.9629	0	-0.110853	0	0	0	0.000774205	0	0	0	0	0	-1.51858	-0.0110951	0.0150963	0	0	0.0111776	0.00977372	0	0	0.109712	-0.00847135	1.46038
2019-06-20 00:00:00	-3.15869	0.240748	2.96948	0	0.112119	0	4.3987E-05	0	0.000508541	0	0	0	0	0	0.10235	-0.0110846	0.0150915	0	0	0.0107202	0.0096742	0	0	0.108919	-0.00822642	0.391651
2019-06-21 00:00:00	0	-0.240748	2.67732	0	-0.0797709	0	3.59253E-06	0	0.000266201	0	0	0	0	0	-1.1232	-0.0110721	0.0150536	0	0	0.00881568	0.00878783	0	0	0.108431	-0.0081686	1.35572
2019-06-22 00:00:00	0	0	3.70156	0	-0.0710282	0	0	0	0	0	0	0	0	0	-1.67936	-0.0110528	0.0150205	0	0	0.0061464	0.00748459	0	0	0.107711	-0.00802372	2.06846
2019-06-23 00:00:00	0	0	3.30457	0	-0.0259773	0	0	0	0	0	0	0	0	0	-1.46612	-0.0110174	0.014998	0	0	0.00438669	0.00644136	0	0	0.106563	-0.00784387	1.926
2019-06-24 00:00:00	-12.6161	1.83943	2.68864	0	0.848448	0	0.00209877	0	0.000549692	0	0	0	0	0	3.39894	-0.0110288	0.0149672	0	0	0.00467752	0.00610298	0	0	0.105553	-0.00768435	-3.72545
2019-06-25 00:00:00	0	-1.18748	2.94892	0	-0.285181	-2.98753E-06	0.00169508	0	0.0139891	0	0	0	0	0	-0.93036	-0.0110259	0.0149668	0	0	0.00499008	0.00580111	0	0	0.105905	-0.00821306	0.674003
2019-06-26 00:00:00	0	-0.537342	4.62375	0	-0.422234	0	0	0	0.000678879	0	0	0	0	0	-1.99941	-0.0110005	0.0149185	0	0	0.00312423	0.00485393	0	0	0.105588	-0.00766874	1.77525
2019-06-27 00:00:00	0	-0.114506	4.52191	0	-0.153357	0	0	0	0.000179992	0	0	0	0	0	-1.92305	-0.0109666	0.0148684	0	0	0.00185656	0.00409077	0	0	0.104617	-0.00754171	2.4381
2019-06-28 00:00:00	0	-4.80398E-05	4.81446	0	-0.0254697	0	0	0	0	0	0	0	0	0	-2.39186	-0.0109223	0.0148449	0	0	0.00107028	0.0032821	0	0	0.10378	-0.00744148	2.50169
2019-06-29 00:00:00	-3.79623	0.257515	3.73279	0	0.0283629	0	0	0	0	0	0	0	0	0	0.0541684	-0.0108875	0.0148326	0	0	0.00138427	0.00370945	0	0	0.102594	-0.00732642	0.380911
2019-06-30 00:00:00	-1.04026	-0.257515	3.16933	0	-0.00512662	0	0	0	0	0	0	0	0	0	-0.861145	-0.0108299	0.0148142	0	0	0.00164012	0.00409318	0	0	0.101931	-0.0073413	1.10959
2019-07-01 00:00:00	-1.15501	0	2.97696	0	-0.000372898	0	0	0	0	0	0	0	0	0	-0.851171	-0.010824	0.0147923	0	0	0.00168915	0.00416264	0	0	0.101148	-0.00734838	1.07403
2019-07-02 00:00:00	0	0	2.5964	0	0.0133703	0	0	0	0	0	0	0	0	0	-1.35598	-0.010784	0.0147786	0	0	0.00156557	0.00404038	0	0	0.100347	-0.00732779	1.35641
2019-07-03 00:00:00	0	0	3.27826	0	-0.0447235	0	0	0	0	0	0	0	0	0	-1.33682	-0.0107656	0.0147553	0	0	0.00136921	0.00389607	0	0	0.0994084	-0.00728388	1.99809
2019-07-04 00:00:00	-0.25998	0	2.74529	0	-0.00300543	0	0	0	0	0	0	0	0	0	-1.3271	-0.010735	0.0147501	0	0	0.0012333	0.0036813	0	0	0.0985745	-0.00724347	1.25547
2019-07-05 00:00:00	-1.28038	0	3.0768	0	0.00345782	0	0	0	0	0	0	0	0	0	-0.878129	-0.0107079	0.0146828	0	0	0.00132485	0.00381168	0	0	0.0976127	-0.0071908	1.02128
2019-07-06 00:00:00	-0.0854547	0	2.6919	0	-0.00580907	0	0	0	0	0	0	0	0	0	-1.32743	-0.010673	0.014667	0	0	0.00124595	0.00371739	0	0	0.0966768	-0.00716508	1.37168
2019-07-07 00:00:00	0	0	2.60163	0	-0.00501446	0	0	0	0	0	0	0	0	0	-1.32519	-0.0106446	0.0146355	0	0	0.00116271	0.0036088	0	0	0.0958514	-0.00712813	1.3689
2019-07-08 00:00:00	0	0	3.4144	0	-0.00966707	0	0	0	0	0	0	0	0	0	-1.781	-0.0105994	0.0145857	0	0	0.000967113	0.00333433	0	0	0.0950582	-0.00708942	1.71999
2019-07-09 00:00:00	-7.17497	1.6336	3.48551	0	0.0333145	0	4.85602E-06	0	0	0	0	0	0	0	1.1522	-0.0105888	0.01459	0	0	0.00199623	0.00440078	0	0	0.0941361	-0.00703004	-0.772834
2019-07-10 00:00:00	-13.5141	1.02303	3.79756	0	0.147096	0	0.000516229	0	0	0	0	0	0	0	4.50879	-0.0106048	0.014633	0	0	0.0042677	0.00662119	0	0	0.0937676	-0.00721206	-3.93568
2019-07-11 00:00:00	-7.06022	-0.215099	3.58423	0	0.144836	0	0.00185494	0	0.000615347	0	0	0	0	0	2.06996	-0.0106288	0.0146967	0	0	0.0102196	0.0113562	0	0	0.0940393	-0.00762652	-1.36176
2019-07-12 00:00:00	-0.805755	-1.62773	3.4446	0	-0.0523975	0	0.000235457	0	0.000464457	0	0	0	0	0	-0.46841	-0.0106282	0.0147021	0	0	0.0137046	0.0137316	0	0	0.0938083	-0.00794046	0.608382
2019-07-13 00:00:00	-3.89009	0.435344	3.48927	0	0.074988	-1.93681E-05	0.000413155	0	5.95905E-05	0	0	0	0	0	-0.0836211	-0.0106171	0.0146849	0	0	0.0132336	0.0132975	0	0	0.0934703	-0.00791922	0.142489
2019-07-14 00:00:00	-0.05998	-0.883292	3.0616	0	-0.10874	-1.26773E-05	0.000133898	0	6.60171E-05	0	0	0	0	0	-1.02526	-0.010606	0.0146658	0	0	0.012646	0.0130073	0	0	0.0928328	-0.00786767	1.0992
2019-07-15 00:00:00	0	-0.333832	3.59616	0	-0.189994	0	0	0	0	0	0	0	0	0	-1.4584	-0.0105856	0.0146353	0	0	0.00943302	0.0109762	0	0	0.0924205	-0.00781055	1.723
2019-07-16 00:00:00	-0.349051	-0.0281764	3.18005	0	-0.015381	0	0	0	0	0	0	0	0	0	-1.67173	-0.0105885	0.0145943	0	0	0.00770123	0.00982444	0	0	0.0917004	-0.00761651	1.22133
2019-07-17 00:00:00	-2.28434	-0.000536957	3.38304	0	0.0346075	0	0	0	0	0	0	0	0	0	-0.548708	-0.0105724	0.0145895	0	0	0.00755708	0.00965794	0	0	0.0907234	-0.00745668	0.688561
2019-07-18 00:00:00	-0.374525	-0.00272322	2.89337	0	-0.019257	0	0	0	0	0	0	0	0	0	-1.38954	-0.0105747	0.0145309	0	0	0.00649926	0.00886873	0	0	0.0899401	-0.00741329	1.20917
2019-07-19 00:00:00	-5.05209	1.2818	3.20437	0	0.0377247	0	0.000158662	0	0	0	0	0	0	0	0.225506	-0.010571	0.0145129	0	0	0.0053769	0.00790202	0	0	0.0892191	-0.00731988	-0.203413
2019-07-20 00:00:00	-3.00811	-0.381318	3.4772	0	0.0837955	0	0.000409498	0	0	0	0	0	0	0	-0.0869586	-0.0105627	0.0144897	0	0	0.00561563	0.0079868	0	0	0.0888824	-0.00722073	0.184204
2019-07-21 00:00:00	-6.03571	1.3349	3.40035	0	0.0322039	0	0.000523401	0	0	0	0	0	0	0	0.800959	-0.0105613	0.0144718	0	0	0.00613534	0.00818682	0	0	0.0883665	-0.00722365	-0.367404
2019-07-22 00:00:00	-0.875865	-1.95577	3.8379	0	-0.0374054	0	0.000187486	0	3.06811E-05	0	0	0	0	0	-0.548741	-0.0105534	0.0144519	0	0	0.00680307	0.00845982	0	0	0.088114	-0.00725712	0.52035
2019-07-23 00:00:00	0	-0.237786	3.32244	0	-0.0527825	0	1.84097E-05	0	0	0	0	0	0	0	-1.87178	-0.010516	0.0144122	0	0	0.00511142	0.00755017	0	0	0.0877481	-0.00723861	1.25717
2019-07-24 00:00:00	-8.74968	1.99333	3.95936	0	0.0697865	0	0.000146472	0	3.34946E-05	0	0	0	0	0	1.61414	-0.0105072	0.0143883	0	0	0.00705208	0.00851296	0	0	0.087139	-0.00711095	-1.01341
2019-07-25 00:00:00	-0.399101	-1.96649	4.90885	0	-0.0650586	0	0.000124419	0	1.80724E-05	0	0	0	0	0	-1.35997	-0.010486	0.0143658	0	0	0.00619788	0.00824754	0	0	0.0871856	-0.00722849	1.21666
2019-07-26 00:00:00	-0.5991	-0.0407877	3.24054	0	-0.0323724	0	7.05787E-06	0	0	0	0	0	0	0	-1.53783	-0.0104598	0.0143316	0	0	0.00493675	0.00750982	0	0	0.0864929	-0.00716671	1.1261
2019-07-27 00:00:00	-26.151	2.97718	3.10218	0	0.764725	-0.000230995	0.00740373	0	0.0126983	0	0	0	0	0	10.6978	-0.0105017	0.0144198	0	0	0.0139856	0.0124842	0	0	0.0863092	-0.00735172	-8.47985
2019-07-28 00:00:00	-0.2	-2.16038	3.69754	0	-0.262711	-0.000278487	0.00314254	0	0.0129292	0	0	0	0	0	-1.10487	-0.0105355	0.0144564	0	0	0.0233154	0.0171013	0	0	0.0876364	-0.0080876	0.109257
2019-07-29 00:00:00	-0.0854547	-0.379302	3.19004	0	-0.286163	0	4.3779E-06	0	0.000561786	0	0	0	0	0	-1.45054	-0.0105244	0.0144322	0	0	0.0187166	0.0149855	0	0	0.0879337	-0.00791747	1.10677
2019-07-30 00:00:00	-0.4	-0.362041	3.33821	0	-0.133719	0	8.02096E-06	0	0.000173059	0	0	0	0	0	-1.26679	-0.0105076	0.0144028	0	0	0.0139246	0.0125228	0	0	0.0877969	-0.00776144	1.28622
2019-07-31 00:00:00	-5.18024	1.40988	3.62554	0	0.219167	0	0.00022899	0	0.000402239	0	0	0	0	0	-0.0614215	-0.0105024	0.0143898	0	0	0.0132858	0.0120937	0	0	0.0874833	-0.00758888	0.122712
2019-08-01 00:00:00	-0.0446534	-1.48241	3.34088	0	-0.10739	-8.06739E-05	0.000555701	0	0.00870514	0	0	0	0	0	-0.943333	-0.0104941	0.0143706	0	0	0.0123324	0.0116084	0	0	0.0871107	-0.00754152	0.879665
2019-08-02 00:00:00	0	-0.0146107	2.90815	0	-0.161189	0	0	0	1.29633E-05	0	0	0	0	0	-1.43339	-0.0104721	0.014334	0	0	0.00893012	0.00985189	0	0	0.0869555	-0.00742848	1.40115
2019-08-03 00:00:00	-9.57437	2.41746	3.55868	0	0.262016	0	0.000108188	0	0.000109635	0	0	0	0	0	1.55888	-0.0104764	0.0143355	0	0	0.00994921	0.0101174	0	0	0.0865235	-0.00726522	-1.67393
2019-08-04 00:00:00	-2.8752	-0.528207	3.42557	0	0.103414	-0.000103104	0.0010267	0	0.0108578	0	0	0	0	0	0.10489	-0.0104642	0.014318	0	0	0.0103767	0.0102157	0	0	0.0864282	-0.00735484	0.34577
2019-08-05 00:00:00	-0.850627	-1.36787	3.32207	0	-0.0964288	-0.000173524	0.00050226	0	0.0107825	0	0	0	0	0	-0.642987	-0.0104519	0.014288	0	0	0.00983131	0.0101189	0	0	0.0862639	-0.00736818	0.477949
2019-08-06 00:00:00	-6.66799	2.1795	3.25344	0	0.171362	-4.51599E-07	0.000773595	0	0.00315282	0	0	0	0	0	0.590257	-0.0104421	0.0142493	0	0	0.00982594	0.0100439	0	0	0.0860566	-0.00732245	-0.367097
2019-08-07 00:00:00	-13.2854	0.464736	3.15059	0	0.388017	-0.00327154	0.0129013	0	0.120385	0	0	0	0	0	5.33762	-0.010468	0.0142773	0	0	0.0164713	0.0132631	0	0	0.085898	-0.00813743	-3.7031
2019-08-08 00:00:00	-0.159199	-2.21466	3.22893	0	-0.198743	-0.00146372	0.00650809	0	0.0738091	0	0	0	0	0	-0.659895	-0.010482	0.0142963	0	0	0.0219182	0.0157139	0	0	0.0866245	-0.00862659	0.194722
2019-08-09 00:00:00	-15.6781	2.25833	3.34497	0	0.517352	-0.00509018	0.0291761	0	0.197962	0	0	0	0	0	5.25631	-0.0104996	0.0143159	0	0	0.0255072	0.0172676	0	0	0.0870473	-0.00966858	-3.95516
2019-08-10 00:00:00	-10.0608	0.00485705	3.19584	0	0.179398	-0.0069982	0.0568628	0	0.319271	0	0	0	0	0	3.11216	-0.0105418	0.0143432	0	0	0.0348831	0.0211484	0	0	0.0878367	-0.0143406	-3.06604
2019-08-11 00:00:00	-30.222	0.0490989	3.02384	0	1.33057	-0.0364123	0.320823	0	1.75297	0	0	0	0	0	14.1828	-0.010629	0.0144534	0	0	0.0566918	0.0296589	0	0	0.0869955	-0.0267341	-9.44792
2019-08-12 00:00:00	-2.84611	-0.204127	2.72836	0	-0.599932	-0.014759	0.0691295	0	0.758233	0	0	0	0	0	-1.21411	-0.0106941	0.014521	0	0	0.0714688	0.0347139	0	0	0.0929653	-0.0235936	-1.14394
2019-08-13 00:00:00	-1.90519	-0.658502	2.59258	0	-0.0535333	-0.00870043	0.0388398	0	0.362787	0	0	0	0	0	-0.736429	-0.0107024	0.0144974	0	0	0.0623456	0.0308113	0	0	0.0982237	-0.0173421	-0.190322
2019-08-14 00:00:00	-0.936082	-1.13952	2.73015	0	-0.0981348	-0.0041256	0.0181495	0	0.199019	0	0	0	0	0	-0.876055	-0.0107098	0.0144734	0	0	0.0532209	0.0272752	0	0	0.100252	-0.0150402	0.0628666
2019-08-15 00:00:00	-0.993363	-0.438688	2.95814	0	-0.488353	-0.00175058	0.00479972	0	0.0773555	0	0	0	0	0	-1.0011	-0.0107097	0.0144489	0	0	0.0434518	0.0236945	0	0	0.101307	-0.013042	0.276187
2019-08-16 00:00:00	-1.56336	-0.142367	3.16227	0	-0.396912	-0.000825401	0.000425034	0	0.024596	0	0	0	0	0	-0.817639	-0.0106986	0.0144261	0	0	0.0339524	0.0199137	0	0	0.101846	-0.0110088	0.414626
2019-08-17 00:00:00	-2.33338	-0.0624131	3.00109	0	0.163764	-0.00228216	0.00432663	0	0.0398225	0	0	0	0	0	-0.490729	-0.0106968	0.0144207	0	0	0.0312045	0.0189051	0	0	0.101949	-0.0104983	0.465477
2019-08-18 00:00:00	-1.33608	-0.145632	2.8836	0	-0.287234	-0.000981983	0.00109884	0	0.035662	0	0	0	0	0	-0.7611	-0.0106863	0.0144003	0	0	0.0258476	0.0167113	0	0	0.101872	-0.0104394	0.527041
2019-08-19 00:00:00	-0.508808	-0.180412	2.81023	0	-0.366184	-0.000561703	0.000204679	0	0.0114385	0	0	0	0	0	-1.17599	-0.0106743	0.0143826	0	0	0.02058	0.0146033	0	0	0.101898	-0.0095315	0.721174
2019-08-20 00:00:00	-1.07972	-0.0832648	2.65057	0	-0.104342	-0.00045444	0.000166713	0	0.00802365	0	0	0	0	0	-0.761801	-0.0106651	0.0143629	0	0	0.0170325	0.0131685	0	0	0.101664	-0.00907796	0.755667
2019-08-21 00:00:00	-3.01792	0.542743	2.62216	0	0.0895765	-0.000669297	0.00044463	0	0.00909369	0	0	0	0	0	0.0360346	-0.0106598	0.0143521	0	0	0.0156716	0.0126056	0	0	0.101316	-0.00896136	0.405789
2019-08-22 00:00:00	-0.565172	-0.540909	2.84074	0	-0.108876	-0.000596262	0.00021102	0	0.00923684	0	0	0	0	0	-0.980402	-0.010651	0.0143353	0	0	0.0133101	0.0116265	0	0	0.101083	-0.00893058	0.775
2019-08-23 00:00:00	0	-0.148559	2.99846	0	-0.187	-0.000314578	9.53255E-05	0	0.00628324	0	0	0	0	0	-1.51388	-0.0106348	0.0143066	0	0	0.00918659	0.00987564	0	0	0.100924	-0.00865611	1.27009
2019-08-24 00:00:00	0	-0.0774971	3.31229	0	-0.201665	-0.000205924	2.97117E-05	0	0.00500773	0	0	0	0	0	-1.3841	-0.0106215	0.0142852	0	0	0.00641664	0.00861425	0	0	0.100359	-0.00826195	1.76464
2019-08-25 00:00:00	0	-0.000578808	3.04283	0	-0.0470521	0	0	0	0.00139966	0	0	0	0	0	-1.57447	-0.0106102	0.0142605	0	0	0.00467036	0.00768097	0	0	0.0999696	-0.00769823	1.53039
2019-08-26 00:00:00	0	-0.000106169	2.65453	0	-0.0189553	0	0	0	0.000388179	0	0	0	0	0	-1.21708	-0.0105955	0.0142355	0	0	0.00371012	0.0070641	0	0	0.0994723	-0.00744967	1.52522
2019-08-27 00:00:00	-0.594263	0	3.62927	0	-0.0126357	0	0	0	0.000135259	0	0	0	0	0	-1.42971	-0.0105789	0.0142002	0	0	0.00279934	0.00647223	0	0	0.0990212	-0.00734701	1.69737
2019-08-28 00:00:00	-0.0446534	0	2.47448	0	0.00772852	0	0	0	0	0	0	0	0	0	-1.09168	-0.0105678	0.0141901	0	0	0.00243727	0.00617447	0	0	0.0983156	-0.00724609	1.44917
2019-08-29 00:00:00	-4.96853	2.11028	2.49286	0	0.0726637	0	0.000121412	0	5.66508E-05	0	0	0	0	0	0.182546	-0.0105553	0.0141572	0	0	0.00307177	0.00651931	0	0	0.0979139	-0.0072131	-0.00610286
2019-08-30 00:00:00	-1.27398	-1.42227	2.80269	0	0.0211524	0	0.000124256	0	4.67659E-05	0	0	0	0	0	0.111359	-0.0105472	0.0141383	0	0	0.00370903	0.00685024	0	0	0.0973507	-0.007254	0.343369
2019-08-31 00:00:00	-1.86137	-0.260572	2.57111	0	0.0330735	0	0.000161714	0	0.000233142	0	0	0	0	0	-0.170577	-0.0105388	0.0141185	0	0	0.00442875	0.00729603	0	0	0.0968846	-0.00729002	0.416954
2019-09-01 00:00:00	-0.488562	-0.361834	2.32564	0	-0.0138181	0	6.42094E-05	0	0.000463379	0	0	0	0	0	-0.734822	-0.0105211	0.0140906	0	0	0.0043297	0.00743103	0	0	0.096388	-0.00731169	0.831536
2019-09-02 00:00:00	-3.64628	1.10382	2.4179	0	0.0585841	0	0.000138429	0	0.00105899	0	0	0	0	0	0.116711	-0.0104947	0.0140663	0	0	0.00487746	0.00768868	0	0	0.0959818	-0.00732637	0.156726
2019-09-03 00:00:00	-8.65019	2.06197	2.56351	0	0.130905	0	0.000694103	0	0.00242194	0	0	0	0	0	2.05812	-0.0105024	0.0140744	0	0	0.00605466	0.00840681	0	0	0.0954499	-0.0074297	-1.72651
2019-09-04 00:00:00	-4.50102	0.155296	2.27561	0	0.115417	-0.000431448	0.000900551	0	0.0148741	0	0	0	0	0	1.1006	-0.0105155	0.0140852	0	0	0.00903814	0.0101967	0	0	0.0953686	-0.00803801	-0.728611
2019-09-05 00:00:00	0	-2.01785	2.16935	0	-0.0231389	-0.000291824	0.000403804	0	0.0204011	0	0	0	0	0	-0.076105	-0.0105119	0.0140727	0	0	0.0104895	0.0108719	0	0	0.0951301	-0.00835654	0.18446
2019-09-06 00:00:00	-1.55083	-0.508931	2.35701	0	-0.0199889	-0.000217614	0.000308037	0	0.012817	0	0	0	0	0	-0.0638219	-0.0105026	0.0140361	0	0	0.0103575	0.010773	0	0	0.0947704	-0.00814094	0.337642
2019-09-07 00:00:00	0	-0.290844	2.03821	0	-0.0165226	-0.000433794	0.000678374	0	0.00812993	0	0	0	0	0	-1.01276	-0.0104977	0.0140296	0	0	0.00927208	0.0103949	0	0	0.0942873	-0.00807546	0.835871
2019-09-08 00:00:00	-0.614663	-0.195941	2.6093	0	-0.085621	-0.000225403	9.53294E-06	0	0.00798266	0	0	0	0	0	-0.922839	-0.010484	0.0140079	0	0	0.00754272	0.0094708	0	0	0.0937693	-0.00814136	0.904167
2019-09-09 00:00:00	-12.6805	3.27557	2.29003	0	0.422197	-0.00206065	0.00407908	0	0.0433175	0	0	0	0	0	3.89221	-0.0104946	0.0140255	0	0	0.0103758	0.0108705	0	0	0.0932397	-0.00831042	-2.64547
2019-09-10 00:00:00	-2.67824	-0.047296	2.25497	0	-0.0194752	-0.00266161	0.00339406	0	0.0725439	0	0	0	0	0	0.132745	-0.0105077	0.0140463	0	0	0.0151936	0.0131803	0	0	0.0930963	-0.010689	-0.169697
2019-09-11 00:00:00	-4.36877	0.0746256	2.3347	0	0.126885	-0.00463593	0.0065391	0	0.0810176	0	0	0	0	0	0.979851	-0.01051	0.0140459	0	0	0.0160046	0.0134829	0	0	0.0931391	-0.0105678	-0.654191
2019-09-12 00:00:00	-4.44268	0.0384966	2.07862	0	0.152289	-0.00534412	0.00948544	0	0.105778	0	0	0	0	0	1.1775	-0.0105165	0.0140474	0	0	0.0177176	0.0141462	0	0	0.0931715	-0.0118136	-0.769101
2019-09-13 00:00:00	-0.0446534	-1.74952	1.92667	0	-0.0171886	-0.00265807	0.00552966	0	0.0688733	0	0	0	0	0	-0.190612	-0.0105136	0.0140356	0	0	0.0183212	0.0142006	0	0	0.0935349	-0.0109593	0.115067
2019-09-14 00:00:00	-1.24489	-0.609788	2.03594	0	-0.0201536	-0.00226651	0.00556785	0	0.063352	0	0	0	0	0	-0.146182	-0.0105084	0.01402	0	0	0.0175114	0.0136869	0	0	0.0935648	-0.0101919	0.199665
2019-09-15 00:00:00	0	-0.454492	1.91628	0	-0.182743	-0.000691253	0.00074369	0	0.0210604	0	0	0	0	0	-0.846825	-0.0104949	0.0139933	0	0	0.014341	0.0124067	0	0	0.0936554	-0.00937232	0.56786
2019-09-16 00:00:00	-0.155347	-0.221284	2.08944	0	-0.30067	-0.000594487	0.000293142	0	0.0090739	0	0	0	0	0	-0.709853	-0.01048	0.0139695	0	0	0.0118921	0.0113069	0	0	0.0934763	-0.00880044	0.822424
2019-09-17 00:00:00	-0.0446534	-0.181778	1.7355	0	-0.0979048	-0.000248686	8.96051E-05	0	0.00541006	0	0	0	0	0	-0.936486	-0.0104739	0.0139474	0	0	0.0100612	0.0104733	0	0	0.0932407	-0.00831536	0.588862
2019-09-18 00:00:00	0	-0.198884	1.82077	0	-0.0580769	-0.000403405	0.00016455	0	0.00659129	0	0	0	0	0	-0.855258	-0.0104649	0.013928	0	0	0.00849069	0.0096953	0	0	0.0925834	-0.00826584	0.820868
2019-09-19 00:00:00	0	-0.21814	2.24686	0	-0.0501278	-0.000373738	0.000149141	0	0.00640459	0	0	0	0	0	-1.08303	-0.01045	0.013907	0	0	0.00686934	0.00888173	0	0	0.0921444	-0.00820409	1.0049
2019-09-20 00:00:00	0	-0.05307	2.25296	0	-0.0558549	-0.00011169	3.62788E-05	0	0.00492294	0	0	0	0	0	-1.19863	-0.0104384	0.0138771	0	0	0.00560059	0.00818919	0	0	0.0916884	-0.00796412	1.05121
2019-09-21 00:00:00	0	-0.00829707	2.0335	0	-0.0367299	0	3.76476E-05	0	0.00168424	0	0	0	0	0	-1.07466	-0.0104241	0.0138516	0	0	0.00478708	0.00769861	0	0	0.0912531	-0.00746055	1.01524
2019-09-22 00:00:00	-6.80182	2.99462	1.88274	0	0.199638	-1.98069E-09	0.000390286	0	0.00150814	0	0	0	0	0	0.903412	-0.0104215	0.0138211	0	0	0.00521291	0.00785249	0	0	0.0906889	-0.0072926	-0.719645
2019-09-23 00:00:00	-0.613764	-1.30984	2.0087	0	0.0197368	-0.000158938	0.000454167	0	0.00333435	0	0	0	0	0	-0.0127318	-0.0104168	0.0138049	0	0	0.00602967	0.00822459	0	0	0.0904894	-0.00749949	0.196366
2019-09-24 00:00:00	-11.7364	2.03907	2.05529	0	0.689142	-0.00303343	0.00506825	0	0.0465286	0	0	0	0	0	3.91782	-0.0104176	0.0138132	0	0	0.00966297	0.0102264	0	0	0.0903403	-0.00831704	-2.88126
2019-09-25 00:00:00	-5.67969	0.110214	1.82627	0	0.261163	-0.00917862	0.0160229	0	0.171932	0	0	0	0	0	1.75351	-0.0104397	0.0138341	0	0	0.0157618	0.0131242	0	0	0.0897955	-0.0139396	-1.44162
2019-09-26 00:00:00	-3.79596	-0.00324122	1.8534	0	0.0828047	-0.0072536	0.0139181	0	0.185457	0	0	0	0	0	0.810576	-0.0104474	0.0138275	0	0	0.0178441	0.0138685	0	0	0.0899632	-0.0147339	-0.749971
2019-09-27 00:00:00	-13.3832	0.024281	1.62675	0	0.657365	-0.0243022	0.0836736	0	0.743619	0	0	0	0	0	6.16418	-0.0104744	0.0138616	0	0	0.0250402	0.0166442	0	0	0.0885806	-0.0229064	-3.99692
2019-09-28 00:00:00	-0.2	-1.2418	1.53016	0	-0.342573	-0.0094373	0.023273	0	0.390279	0	0	0	0	0	-0.528896	-0.0104855	0.0138681	0	0	0.0303668	0.0184846	0	0	0.0916849	-0.0190901	-0.254167
2019-09-29 00:00:00	-2.2063	0.568153	1.57384	0	0.0570803	-0.00594806	0.0157762	0	0.172456	0	0	0	0	0	-0.255854	-0.010482	0.0138498	0	0	0.0279727	0.0173264	0	0	0.0942734	-0.0139539	0.0481904
2019-09-30 00:00:00	-0.733215	-0.674145	1.43492	0	-0.0484595	-0.00425688	0.011677	0	0.131298	0	0	0	0	0	-0.157031	-0.0104691	0.0138327	0	0	0.025513	0.0161504	0	0	0.0948063	-0.0130294	0.0875935
2019-10-01 00:00:00	-5.55608	1.35286	1.30719	0	0.237655	-0.00907406	0.0384311	0	0.250926	0	0	0	0	0	1.55712	-0.0104719	0.0138429	0	0	0.0263259	0.0168698	0	0	0.0950261	-0.0135633	-0.692948
2019-10-02 00:00:00	-0.114545	-1.27471	1.48386	0	-0.149659	-0.00560779	0.0184586	0	0.205855	0	0	0	0	0	-0.224792	-0.0104765	0.0138448	0	0	0.0281391	0.017586	0	0	0.0954558	-0.0141324	0.0692763
2019-10-03 00:00:00	-12.9316	1.27752	1.17008	0	0.734924	-0.0274842	0.140551	0	0.993284	0	0	0	0	0	5.83813	-0.0104948	0.0138978	0	0	0.0352845	0.0207747	0	0	0.0940763	-0.0216379	-2.67269
2019-10-04 00:00:00	-3.15319	-0.00682278	1.4422	0	-0.232619	-0.0152673	0.0753499	0	0.734405	0	0	0	0	0	0.372517	-0.0105132	0.013935	0	0	0.042474	0.023787	0	0	0.0958119	-0.0240773	-0.642014
2019-10-05 00:00:00	-2.76422	-0.018264	1.40997	0	-0.0717515	-0.0118909	0.0489438	0	0.461463	0	0	0	0	0	0.482988	-0.0105217	0.013939	0	0	0.0405409	0.0228996	0	0	0.0997342	-0.0193146	-0.315484
2019-10-06 00:00:00	-25.2491	0.0157743	1.22873	0	1.10568	-0.0859711	0.382719	0	3.58198	0	0	0	0	0	13.2172	-0.0105939	0.014107	0	0	0.0682668	0.033546	0	0	0.0968213	-0.0351517	-5.63608
2019-10-07 00:00:00	-0.159199	-1.19454	1.44249	0	-0.763977	-0.02812	0.100663	0	1.39976	0	0	0	0	0	-1.2976	-0.0106451	0.0142126	0	0	0.0888386	0.0399384	0	0	0.10416	-0.0280095	-0.292033
2019-10-08 00:00:00	-2.20402	0.741474	1.37282	0	-0.060284	-0.0151738	0.0563468	0	0.58079	0	0	0	0	0	-0.717258	-0.0106532	0.0141983	0	0	0.0767936	0.0352119	0	0	0.109118	-0.0202828	-0.0409233
2019-10-09 00:00:00	-5.25908	0.453952	1.14634	0	0.282078	-0.0252242	0.110279	0	0.909339	0	0	0	0	0	1.45549	-0.0106584	0.0142154	0	0	0.0699178	0.0328908	0	0	0.109067	-0.0241851	-0.735576
2019-10-10 00:00:00	-15.0444	-0.00233909	1.2896	0	0.529551	-0.0724529	0.294392	0	2.94563	0	0	0	0	0	7.0139	-0.0106982	0.0143383	0	0	0.0822508	0.0370862	0	0	0.106959	-0.0357414	-2.85196
2019-10-11 00:00:00	-0.823912	-0.456037	1.29078	0	-0.60506	-0.0250113	0.0855238	0	1.16724	0	0	0	0	0	-1.00918	-0.0107414	0.0143846	0	0	0.0860965	0.0377759	0	0	0.113559	-0.0270429	-0.16162
2019-10-12 00:00:00	-0.452512	-0.64101	1.12812	0	-0.0732878	-0.0131255	0.048507	0	0.487993	0	0	0	0	0	-0.650162	-0.0107616	0.0143689	0	0	0.0743415	0.0333319	0	0	0.117805	-0.0197704	0.0438331
2019-10-13 00:00:00	-7.54622	1.10683	1.06932	0	0.488214	-0.0337948	0.135695	0	1.22453	0	0	0	0	0	2.48923	-0.0107786	0.0144016	0	0	0.0707176	0.0320676	0	0	0.116682	-0.024658	-0.867765
2019-10-14 00:00:00	-0.0545653	-0.892985	1.00938	0	-0.460475	-0.014385	0.0536885	0	0.705833	0	0	0	0	0	-0.553885	-0.0107804	0.0144184	0	0	0.0678224	0.0307446	0	0	0.118625	-0.0224577	-0.00902105
2019-10-15 00:00:00	-0.145435	-0.829929	1.04156	0	-0.0550923	-0.00856509	0.0327757	0	0.295867	0	0	0	0	0	-0.409135	-0.010775	0.0144072	0	0	0.05957	0.027679	0	0	0.121355	-0.0168656	0.117413
2019-10-16 00:00:00	-0.434505	-0.570082	1.05713	0	-0.00708187	-0.00567468	0.0220516	0	0.179873	0	0	0	0	0	-0.29033	-0.0107689	0.0143916	0	0	0.0517966	0.0247775	0	0	0.122104	-0.0150029	0.138681
2019-10-17 00:00:00	-0.359199	-0.419931	1.04495	0	-0.199084	-0.00528505	0.0198342	0	0.176839	0	0	0	0	0	-0.272917	-0.0107651	0.0143826	0	0	0.0468963	0.0230047	0	0	0.122336	-0.0141042	0.166955
2019-10-18 00:00:00	-1.53617	0.479564	1.0137	0	-0.0196519	-0.00441892	0.0160327	0	0.110952	0	0	0	0	0	-0.0663831	-0.0107595	0.0143678	0	0	0.0416616	0.0210523	0	0	0.122531	-0.012631	0.169848
2019-10-19 00:00:00	-18.0377	2.24257	1.00953	0	1.3851	-0.0578678	0.317158	0	2.64465	0	0	0	0	0	7.81979	-0.0107785	0.0144585	0	0	0.0530908	0.0248268	0	0	0.117045	-0.0288791	-2.50699
2019-10-20 00:00:00	0	-0.899149	0.960358	0	-0.813542	-0.0200946	0.0856614	0	1.21722	0	0	0	0	0	-0.848065	-0.0107883	0.0145416	0	0	0.0653628	0.0281481	0	0	0.119915	-0.0264151	-0.126849
2019-10-21 00:00:00	0	-0.802008	0.867743	0	-0.131372	-0.00713237	0.0308088	0	0.343453	0	0	0	0	0	-0.538875	-0.0107777	0.0145439	0	0	0.0562169	0.0249928	0	0	0.124116	-0.0179069	-0.0461976
2019-10-22 00:00:00	0	-0.894472	0.967855	0	-0.142061	-0.00784672	0.0336878	0	0.303455	0	0	0	0	0	-0.258078	-0.0107742	0.0145352	0	0	0.051147	0.0233455	0	0	0.12494	-0.0164798	0.189255
2019-10-23 00:00:00	0	-0.264697	0.938696	0	-0.326429	-0.00379215	0.0137067	0	0.141927	0	0	0	0	0	-0.471179	-0.010769	0.0145227	0	0	0.0445323	0.0213904	0	0	0.125465	-0.014383	0.208991
2019-10-24 00:00:00	-1.61265	0.710913	0.903314	0	0.0785781	-0.00434321	0.0144197	0	0.0956383	0	0	0	0	0	-0.129529	-0.010764	0.0145103	0	0	0.0392631	0.0197243	0	0	0.125676	-0.0126448	0.232109
2019-10-25 00:00:00	-0.369111	-0.131942	0.661428	0	-0.155592	-0.00343287	0.0132425	0	0.104464	0	0	0	0	0	-0.0713156	-0.0107585	0.0144955	0	0	0.0353589	0.0183633	0	0	0.125513	-0.0123133	0.2184
2019-10-26 00:00:00	-0.413764	-0.153385	0.72986	0	-0.0597141	-0.00298999	0.0109915	0	0.0693445	0	0	0	0	0	-0.11492	-0.010753	0.0144802	0	0	0.032005	0.0172116	0	0	0.125421	-0.0111864	0.232602
2019-10-27 00:00:00	0	-0.450373	0.786671	0	-0.206619	-0.00243207	0.00936161	0	0.0668107	0	0	0	0	0	-0.0795419	-0.0107467	0.0144639	0	0	0.029147	0.0162538	0	0	0.125266	-0.0108997	0.287361
2019-10-28 00:00:00	-0.145435	-0.140011	0.668494	0	-0.130261	-0.00219611	0.00756742	0	0.0460818	0	0	0	0	0	-0.164902	-0.010741	0.0144512	0	0	0.0267838	0.0155661	0	0	0.125026	-0.0105525	0.299872
2019-10-29 00:00:00	-3.01582	2.16718	0.658094	0	0.0693391	-0.00244147	0.0076079	0	0.0442664	0	0	0	0	0	0.132706	-0.0107344	0.0144353	0	0	0.0244326	0.0148178	0	0	0.124726	-0.0104172	0.218196
2019-10-30 00:00:00	-0.0545653	-0.553535	0.640119	0	-0.0357232	-0.00225672	0.00833701	0	0.0551937	0	0	0	0	0	0.0205137	-0.0107286	0.0144192	0	0	0.0229305	0.0143142	0	0	0.12433	-0.0104473	0.232901
2019-10-31 00:00:00	-1.65071	0.74169	0.662432	0	0.0395468	-0.00250166	0.00861142	0	0.0537673	0	0	0	0	0	0.197557	-0.0107243	0.0144058	0	0	0.0218828	0.0139815	0	0	0.123726	-0.0103046	0.203357
2019-11-01 00:00:00	-9.16149	0.491953	0.749112	0	1.21708	-0.0279006	0.119502	0	0.928594	0	0	0	0	0	4.1033	-0.0107412	0.0144489	0	0	0.0291654	0.0165033	0	0	0.121548	-0.0174272	-1.42635
2019-11-02 00:00:00	-3.65054	-0.0328548	0.761252	0	-0.144078	-0.0236289	0.0993465	0	1.09754	0	0	0	0	0	1.18418	-0.0107406	0.0144955	0	0	0.0379293	0.0193014	0	0	0.119621	-0.0261569	-0.554334
2019-11-03 00:00:00	-11.2121	-0.00135964	0.694234	0	0.518423	-0.0572149	0.289335	0	2.62589	0	0	0	0	0	5.22549	-0.0107649	0.0145961	0	0	0.0527052	0.0241246	0	0	0.1182	-0.0326538	-1.75113
2019-11-04 00:00:00	-20.5062	-0.0151598	0.653261	0	0.542337	-0.109268	0.581584	0	5.68232	0	0	0	0	0	9.44858	-0.0108705	0.014807	0	0	0.0956505	0.0363614	0	0	0.115137	-0.0452838	-3.51674
2019-11-05 00:00:00	-5.36229	-0.0142087	0.615431	0	-0.50113	-0.0558785	0.262095	0	3.08491	0	0	0	0	0	1.01722	-0.010942	0.014922	0	0	0.118274	0.042386	0	0	0.122883	-0.0381338	-0.704456
2019-11-06 00:00:00	-1.50263	-0.0391591	0.549337	0	-0.0617758	-0.0275615	0.115669	0	1.29764	0	0	0	0	0	-0.575095	-0.0109895	0.014946	0	0	0.108847	0.0396454	0	0	0.129826	-0.0270796	0.0116133
2019-11-07 00:00:00	-6.16397	0.0100641	0.586307	0	0.128762	-0.0429987	0.189461	0	1.95622	0	0	0	0	0	2.18	-0.0110077	0.0149856	0	0	0.10666	0.0390142	0	0	0.130392	-0.0286541	-0.904769
2019-11-08 00:00:00	-0.532398	-0.138986	0.464945	0	-0.447511	-0.020073	0.076405	0	1.04271	0	0	0	0	0	-0.681427	-0.0110103	0.0149959	0	0	0.0988155	0.0364492	0	0	0.132688	-0.0251135	0.0104934
2019-11-09 00:00:00	-1.07154	0.0549253	0.43385	0	-0.0680614	-0.016946	0.0602161	0	0.673079	0	0	0	0	0	-0.238939	-0.0110077	0.0149853	0	0	0.0865569	0.0326866	0	0	0.13466	-0.0217951	0.0626733
2019-11-10 00:00:00	-1.56823	0.0403671	0.426472	0	0.00898001	-0.0162745	0.062058	0	0.60702	0	0	0	0	0	0.187924	-0.0110128	0.0149866	0	0	0.0783522	0.0303122	0	0	0.135686	-0.0201121	-0.023471
2019-11-11 00:00:00	-12.4616	-0.00655091	0.497572	0	0.992354	-0.0752772	0.314133	0	3.09845	0	0	0	0	0	5.90957	-0.011044	0.0150882	0	0	0.0933935	0.0356528	0	0	0.131147	-0.033189	-1.50032
2019-11-12 00:00:00	-2.74749	-0.0169662	0.468733	0	-0.491884	-0.0362158	0.142383	0	1.77645	0	0	0	0	0	0.375688	-0.0110807	0.0151476	0	0	0.102627	0.038674	0	0	0.134245	-0.0301976	-0.279889
2019-11-13 00:00:00	-0.0992187	-0.251038	0.357535	0	-0.378	-0.0160849	0.0597206	0	0.750005	0	0	0	0	0	-0.611176	-0.0110862	0.0151362	0	0	0.0904961	0.0347295	0	0	0.138395	-0.022643	0.056772
2019-11-14 00:00:00	-2.58717	0.222021	0.411382	0	0.180555	-0.0195134	0.0796656	0	0.718574	0	0	0	0	0	0.607527	-0.0110927	0.0151469	0	0	0.0832712	0.0325944	0	0	0.139733	-0.0200383	-0.147346
2019-11-15 00:00:00	-7.89692	-0.0166527	0.470978	0	0.373984	-0.0468974	0.232988	0	2.23819	0	0	0	0	0	3.50546	-0.0111212	0.0152083	0	0	0.0907913	0.0351818	0	0	0.137176	-0.0282629	-0.899891
2019-11-16 00:00:00	-4.2786	-0.0103314	0.385415	0	0.0237156	-0.0389389	0.15816	0	1.88703	0	0	0	0	0	1.34365	-0.0111641	0.015255	0	0	0.0967663	0.0371643	0	0	0.13801	-0.030754	-0.284626
2019-11-17 00:00:00	-0.582384	-0.0243694	0.39196	0	-0.552363	-0.0181977	0.0732009	0	0.88751	0	0	0	0	0	-0.443747	-0.0111869	0.0152559	0	0	0.0881887	0.0343786	0	0	0.141757	-0.024392	-0.0243876
2019-11-18 00:00:00	-0.0854547	-0.198456	0.289053	0	-0.0796305	-0.0102026	0.0408871	0	0.402404	0	0	0	0	0	-0.416177	-0.0111853	0.0152435	0	0	0.0773132	0.0309267	0	0	0.14436	-0.0188736	0.180208
2019-11-19 00:00:00	-0.685455	0.170252	0.33584	0	-0.120002	-0.00817454	0.0326366	0	0.288203	0	0	0	0	0	-0.161499	-0.0111822	0.0152287	0	0	0.0670379	0.0277166	0	0	0.145045	-0.0173393	0.0783086
2019-11-20 00:00:00	0	-0.394276	0.415646	0	-0.162011	-0.00639517	0.0257529	0	0.232335	0	0	0	0	0	-0.164112	-0.0111784	0.0152206	0	0	0.0596266	0.0255346	0	0	0.14526	-0.0163918	0.165012
2019-11-21 00:00:00	0	-0.384827	0.417759	0	-0.0991177	-0.00481663	0.019765	0	0.153193	0	0	0	0	0	-0.122775	-0.0111736	0.015208	0	0	0.0525927	0.0233849	0	0	0.145632	-0.0145306	0.190293
2019-11-22 00:00:00	-1.89677	0.729076	0.437714	0	0.100276	-0.0069647	0.0258351	0	0.167698	0	0	0	0	0	0.337791	-0.0111688	0.0151987	0	0	0.0469139	0.0217136	0	0	0.145541	-0.0139464	0.0989019
2019-11-23 00:00:00	-4.28434	-0.0113385	0.414628	0	0.520531	-0.0222271	0.103625	0	0.810735	0	0	0	0	0	1.80457	-0.0111769	0.0152269	0	0	0.0498248	0.0227631	0	0	0.143289	-0.0203489	-0.464237
2019-11-24 00:00:00	-1.56461	-0.0270624	0.410634	0	-0.227164	-0.014799	0.0656676	0	0.68812	0	0	0	0	0	0.418602	-0.0111814	0.0152406	0	0	0.0515396	0.0233632	0	0	0.143063	-0.0215187	-0.0501091
2019-11-25 00:00:00	-1.88545	-0.0123396	0.447948	0	0.0743857	-0.0144228	0.0656956	0	0.588081	0	0	0	0	0	0.50975	-0.0111764	0.015242	0	0	0.0495579	0.0227432	0	0	0.143588	-0.0205889	-0.0269912
2019-11-26 00:00:00	-6.20682	-0.0181926	0.450138	0	0.505493	-0.0363755	0.166835	0	1.61481	0	0	0	0	0	2.66698	-0.0112019	0.0152817	0	0	0.0544453	0.0242976	0	0	0.140738	-0.0282643	-0.661832
2019-11-27 00:00:00	-4.99157	-0.0163089	0.379191	0	0.0307024	-0.0359191	0.185394	0	1.9243	0	0	0	0	0	1.90672	-0.0112302	0.0153265	0	0	0.0624657	0.0267644	0	0	0.140114	-0.0311494	-0.415203
2019-11-28 00:00:00	-15.4135	-0.0183345	0.346411	0	0.719992	-0.0896902	0.495355	0	4.9277	0	0	0	0	0	6.83446	-0.0112893	0.015461	0	0	0.0910163	0.0351166	0	0	0.136543	-0.0413998	-1.97215
2019-11-29 00:00:00	-0.0992187	-0.162149	0.264488	0	-0.858122	-0.0287559	0.126487	0	1.8431	0	0	0	0	0	-1.01414	-0.0113244	0.0155166	0	0	0.101779	0.0381751	0	0	0.14394	-0.0307894	0.328987
2019-11-30 00:00:00	-0.0408013	-0.14646	0.194395	0	-0.331286	-0.014301	0.0615411	0	0.679553	0	0	0	0	0	-0.621067	-0.0113189	0.0155021	0	0	0.0877754	0.0337663	0	0	0.149097	-0.0219974	0.0343972
2019-12-01 00:00:00	-0.0854547	-0.108866	0.200342	0	-0.102044	-0.0101666	0.043686	0	0.409301	0	0	0	0	0	-0.415557	-0.011315	0.0154896	0	0	0.0763417	0.0302221	0	0	0.150512	-0.01913	0.173361
2019-12-02 00:00:00	-8.27912	0.344341	0.316361	0	0.813501	-0.0471336	0.224776	0	2.21211	0	0	0	0	0	3.30859	-0.01132	0.0155377	0	0	0.0777447	0.0304825	0	0	0.145747	-0.0312869	-0.879678
2019-12-03 00:00:00	0	-0.327386	0.343704	0	-0.620422	-0.0182241	0.0744205	0	1.08901	0	0	0	0	0	-0.557179	-0.0113302	0.0155473	0	0	0.0765999	0.0298977	0	0	0.148672	-0.0266026	0.216712
2019-12-04 00:00:00	-0.4	0.0525777	0.346579	0	-0.112835	-0.00743122	0.0297979	0	0.333648	0	0	0	0	0	-0.409203	-0.0113224	0.0155304	0	0	0.0659229	0.026667	0	0	0.152422	-0.0189187	0.0634343
2019-12-05 00:00:00	-6.75105	0.215311	0.378817	0	0.605704	-0.039909	0.185541	0	1.82548	0	0	0	0	0	2.69601	-0.0113396	0.0155632	0	0	0.0677123	0.0271646	0	0	0.148196	-0.0298412	-0.666647
2019-12-06 00:00:00	-3.19326	-0.00893946	0.393711	0	0.0352074	-0.0321419	0.131413	0	1.63255	0	0	0	0	0	0.845547	-0.011364	0.0155935	0	0	0.0697264	0.0274775	0	0	0.148024	-0.0312294	0.0223134
2019-12-07 00:00:00	-10.8747	-0.0215921	0.358669	0	0.476308	-0.0794121	0.341416	0	3.97514	0	0	0	0	0	4.44916	-0.0114156	0.0156616	0	0	0.0784088	0.0295504	0	0	0.144255	-0.0419516	-1.16046
2019-12-08 00:00:00	-13.9505	-0.0127317	0.323949	0	0.743445	-0.115995	0.438534	0	6.01948	0	0	0	0	0	5.34654	-0.0114664	0.0157848	0	0	0.1041	0.0337355	0	0	0.141903	-0.0502495	-0.973478
2019-12-09 00:00:00	-0.0545653	-0.218233	0.279632	0	-1.34847	-0.0372104	0.122361	0	2.22565	0	0	0	0	0	-1.34945	-0.0114625	0.0158165	0	0	0.10452	0.0330716	0	0	0.153247	-0.0341767	-0.119275
2019-12-10 00:00:00	-14.509	0.179739	0.324724	0	1.06908	-0.105746	0.460462	0	5.62554	0	0	0	0	0	5.42697	-0.01149	0.0159073	0	0	0.109972	0.0341056	0	0	0.148703	-0.0467437	-1.27775
2019-12-11 00:00:00	-6.86048	-0.0174787	0.27867	0	-0.230432	-0.0746234	0.320394	0	4.47867	0	0	0	0	0	1.46297	-0.0115398	0.015967	0	0	0.118922	0.0350127	0	0	0.151975	-0.0462652	-0.378247
2019-12-12 00:00:00	-2.04129	-0.0220837	0.264964	0	-0.690405	-0.0388945	0.139212	0	2.23926	0	0	0	0	0	-0.373838	-0.0115428	0.0160081	0	0	0.110037	0.0328263	0	0	0.160035	-0.0355766	-0.251287
2019-12-13 00:00:00	-2.55959	-0.0171033	0.279498	0	0.0423122	-0.0345042	0.142441	0	1.71743	0	0	0	0	0	0.112609	-0.0115644	0.0160186	0	0	0.100722	0.0310384	0	0	0.163151	-0.0320847	-0.0496265
2019-12-14 00:00:00	-12.9979	-0.0129149	0.260745	0	1.02297	-0.110831	0.438174	0	5.01952	0	0	0	0	0	5.02386	-0.0115906	0.0161338	0	0	0.116998	0.0366661	0	0	0.158072	-0.0437775	-1.08386
2019-12-15 00:00:00	-1.84471	-0.0333235	0.251201	0	-1.12106	-0.0411275	0.148953	0	2.21477	0	0	0	0	0	-0.333723	-0.0116088	0.0162043	0	0	0.127523	0.040691	0	0	0.166133	-0.0326875	-0.452763
2019-12-16 00:00:00	-2.53103	-0.00968149	0.276756	0	0.116115	-0.0387555	0.14551	0	1.58393	0	0	0	0	0	0.177001	-0.0116163	0.0162302	0	0	0.118144	0.0387954	0	0	0.169213	-0.0296708	0.0209474
2019-12-17 00:00:00	0	-0.253269	0.263905	0	-0.402663	-0.020152	0.0729874	0	0.904825	0	0	0	0	0	-0.640214	-0.0116104	0.0162515	0	0	0.104556	0.0353536	0	0	0.171373	-0.0258711	0.215472
2019-12-18 00:00:00	-4.1996	0.222173	0.244625	0	0.43107	-0.0372853	0.155264	0	1.3278	0	0	0	0	0	1.27045	-0.0116229	0.0162905	0	0	0.100189	0.0349721	0	0	0.171892	-0.0257576	-0.299534
2019-12-19 00:00:00	-7.01791	-0.0234057	0.301359	0	0.285283	-0.0613634	0.240669	0	2.67122	0	0	0	0	0	2.54693	-0.0116648	0.0163622	0	0	0.109361	0.0380906	0	0	0.168517	-0.0340299	-0.770573
2019-12-20 00:00:00	-1.49087	-0.0172465	0.298414	0	-0.452436	-0.0320532	0.122897	0	1.55528	0	0	0	0	0	-0.0924367	-0.0116806	0.0163879	0	0	0.106925	0.0375238	0	0	0.171327	-0.029886	0.182146
2019-12-21 00:00:00	-0.0992187	-0.176023	0.281623	0	-0.303226	-0.014895	0.0559336	0	0.62709	0	0	0	0	0	-0.469351	-0.0116795	0.0163862	0	0	0.0938373	0.033993	0	0	0.175004	-0.0225916	0.186882
2019-12-22 00:00:00	-0.499219	0.0871504	0.276373	0	-0.091615	-0.0102986	0.0372422	0	0.369562	0	0	0	0	0	-0.241678	-0.0116785	0.0163791	0	0	0.0819305	0.030671	0	0	0.176412	-0.0192845	0.201948
2019-12-23 00:00:00	-4.54543	0.0455305	0.304331	0	0.609302	-0.0331788	0.140502	0	1.29813	0	0	0	0	0	1.53867	-0.0116839	0.0163992	0	0	0.0784695	0.0297857	0	0	0.173654	-0.0263682	-0.38189
2019-12-24 00:00:00	-0.364613	-0.0450365	0.267769	0	-0.551361	-0.0145625	0.0552993	0	0.745356	0	0	0	0	0	-0.235755	-0.011685	0.0163985	0	0	0.0737825	0.0285933	0	0	0.174981	-0.0237935	0.115372
2019-12-25 00:00:00	-0.244653	-0.0653267	0.280941	0	-0.163911	-0.00781741	0.0286713	0	0.285003	0	0	0	0	0	-0.195037	-0.0116863	0.0163895	0	0	0.065832	0.0264747	0	0	0.177019	-0.0182788	0.17362
2019-12-26 00:00:00	-0.05998	-0.195401	0.271604	0	-0.176189	-0.00594195	0.0227779	0	0.2058	0	0	0	0	0	-0.117122	-0.0116848	0.0163756	0	0	0.0573637	0.0241704	0	0	0.177274	-0.0166446	0.192402
2019-12-27 00:00:00	-2.1592	0.241111	0.328747	0	0.281925	-0.0124169	0.0525133	0	0.361139	0	0	0	0	0	0.630868	-0.0116868	0.0163773	0	0	0.0536063	0.0232803	0	0	0.176148	-0.0175906	-0.0351778
2019-12-28 00:00:00	-0.114545	-0.198035	0.321693	0	-0.27454	-0.00657977	0.0262142	0	0.301978	0	0	0	0	0	-0.107863	-0.0116876	0.0163702	0	0	0.0498338	0.0222688	0	0	0.175194	-0.0180258	0.182275
2019-12-29 00:00:00	0	-0.278335	0.302553	0	-0.186098	-0.00470966	0.0187032	0	0.153693	0	0	0	0	0	-0.0303317	-0.0116827	0.0163547	0	0	0.0438829	0.020662	0	0	0.175688	-0.0153032	0.205077
2019-12-30 00:00:00	-1.20473	0.404989	0.300326	0	0.085911	-0.0050583	0.0189972	0	0.134265	0	0	0	0	0	0.199972	-0.011683	0.0163454	0	0	0.0399012	0.0195562	0	0	0.174833	-0.0146746	0.158947
2019-12-31 00:00:00	-0.2	-0.0112325	0.194353	0	-0.185465	-0.00498029	0.0179079	0	0.180004	0	0	0	0	0	0.0599779	-0.0116827	0.0163334	0	0	0.0364462	0.018568	0	0	0.173091	-0.015533	0.267788
2020-01-01 00:00:00	-0.0953666	-0.192051	0.291875	0	-0.0877535	-0.00411127	0.0157334	0	0.112886	0	0	0	0	0	0.0338312	-0.0116775	0.0163209	0	0	0.0334175	0.0177465	0	0	0.172244	-0.0139685	0.289126
2020-01-02 00:00:00	-4.23242	0.172528	0.347402	0	0.714718	-0.0170809	0.0917217	0	0.662147	0	0	0	0	0	1.52389	-0.0116831	0.0163309	0	0	0.0347922	0.0180652	0	0	0.169205	-0.0197884	-0.530169
2020-01-03 00:00:00	-0.812201	-0.0178773	0.300337	0	-0.263458	-0.0106696	0.0418068	0	0.561286	0	0	0	0	0	0.0708497	-0.0116887	0.0163313	0	0	0.0370106	0.0185686	0	0	0.169013	-0.0210565	0.0782506
2020-01-04 00:00:00	-1.18673	-0.0106699	0.282132	0	0.0639734	-0.0101342	0.0369535	0	0.387111	0	0	0	0	0	0.320266	-0.0116904	0.0163232	0	0	0.0360896	0.0182681	0	0	0.17017	-0.0176994	0.0943658
2020-01-05 00:00:00	-0.0854547	-0.245728	0.337334	0	-0.256901	-0.00572407	0.0212234	0	0.244	0	0	0	0	0	-0.0351782	-0.011688	0.0163084	0	0	0.0341194	0.0177338	0	0	0.170419	-0.016212	0.184253
2020-01-06 00:00:00	-5.12504	0.205619	0.335144	0	0.71876	-0.0249891	0.144448	0	1.06059	0	0	0	0	0	1.86769	-0.011697	0.0163279	0	0	0.0375794	0.0190295	0	0	0.167083	-0.0235955	-0.613053
2020-01-07 00:00:00	-6.98148	-0.00912527	0.363138	0	0.609711	-0.0528084	0.246152	0	2.50872	0	0	0	0	0	2.52908	-0.0117151	0.0163805	0	0	0.0498913	0.022995	0	0	0.162694	-0.0349566	-0.581328
2020-01-08 00:00:00	-4.54854	-0.0202959	0.309529	0	-0.187604	-0.0476162	0.209471	0	2.31308	0	0	0	0	0	1.29962	-0.0117478	0.0164236	0	0	0.0590551	0.0258624	0	0	0.165053	-0.0353615	-0.453079
2020-01-09 00:00:00	-12.1909	-0.0143675	0.270954	0	0.573344	-0.0971498	0.433768	0	4.73966	0	0	0	0	0	4.70872	-0.0117862	0.0165369	0	0	0.0823773	0.033316	0	0	0.164087	-0.0410364	-1.33249
2020-01-10 00:00:00	-4.33909	-0.0192261	0.279491	0	-0.514551	-0.0562295	0.245375	0	2.91546	0	0	0	0	0	0.860378	-0.0118135	0.0166354	0	0	0.103014	0.0401999	0	0	0.170774	-0.0356574	-0.345242
2020-01-11 00:00:00	-19.89	-0.0145769	0.38764	0	1.16873	-0.162135	0.781433	0	8.47018	0	0	0	0	0	7.35087	-0.0118766	0.0167794	0	0	0.139436	0.0523753	0	0	0.163155	-0.0539381	-1.60198
2020-01-12 00:00:00	-2.48863	-0.0200745	0.315597	0	-1.08386	-0.060729	0.238035	0	3.49708	0	0	0	0	0	-0.724377	-0.0119126	0.0168459	0	0	0.157747	0.0570787	0	0	0.175418	-0.0412956	0.0269231
2020-01-13 00:00:00	-6.58678	-0.0191488	0.330464	0	0.178419	-0.0710945	0.276399	0	3.27646	0	0	0	0	0	1.69465	-0.0119294	0.0169145	0	0	0.153657	0.0552497	0	0	0.179293	-0.0376183	-0.565057
2020-01-14 00:00:00	-3.55779	-0.00698236	0.29729	0	0.0875424	-0.056416	0.229876	0	2.77402	0	0	0	0	0	0.297125	-0.0119495	0.0169542	0	0	0.148715	0.0531813	0	0	0.181325	-0.0364848	0.416409
2020-01-15 00:00:00	0	-0.324074	0.342775	0	-0.629873	-0.0240461	0.0909427	0	1.20493	0	0	0	0	0	-0.878304	-0.011956	0.0169525	0	0	0.130667	0.0473531	0	0	0.18672	-0.0282755	0.123816
2020-01-16 00:00:00	-5.70054	0.287597	0.385048	0	0.623067	-0.0466207	0.200325	0	1.97431	0	0	0	0	0	1.53471	-0.011974	0.0169886	0	0	0.123548	0.0451372	0	0	0.185987	-0.030844	-0.413263
2020-01-17 00:00:00	-0.295367	-0.0835568	0.333995	0	-0.829709	-0.0223844	0.0877293	0	1.26463	0	0	0	0	0	-0.610885	-0.0119815	0.0169944	0	0	0.113294	0.0418321	0	0	0.18761	-0.0282016	0.164004
2020-01-18 00:00:00	-0.0992187	-0.1983	0.310234	0	-0.113594	-0.00993241	0.0387269	0	0.391906	0	0	0	0	0	-0.437566	-0.0119935	0.0170062	0	0	0.0981405	0.0372798	0	0	0.190991	-0.0205553	0.193125
2020-01-19 00:00:00	-0.0854547	-0.195758	0.296855	0	-0.2383	-0.00922759	0.0374949	0	0.357849	0	0	0	0	0	-0.225861	-0.0119939	0.0169991	0	0	0.0855536	0.0335347	0	0	0.191282	-0.0192124	0.233761
2020-01-20 00:00:00	0	-0.329961	0.362534	0	-0.228656	-0.00666607	0.0274659	0	0.244273	0	0	0	0	0	-0.120351	-0.0120024	0.0169824	0	0	0.0735166	0.0299645	0	0	0.191525	-0.0175775	0.231048
2020-01-21 00:00:00	-0.219179	-0.172226	0.415968	0	-0.115421	-0.005822	0.0239131	0	0.18542	0	0	0	0	0	-0.0742583	-0.0120052	0.0169737	0	0	0.0650881	0.0275343	0	0	0.191199	-0.0165095	0.310676
2020-01-22 00:00:00	-0.104633	-0.243543	0.377062	0	-0.141622	-0.00393363	0.0159345	0	0.130822	0	0	0	0	0	-0.0323513	-0.012006	0.0169583	0	0	0.0563341	0.0250053	0	0	0.190845	-0.0155652	0.259305
2020-01-23 00:00:00	-0.0408013	-0.243803	0.420897	0	-0.259552	-0.00248441	0.0094908	0	0.103254	0	0	0	0	0	0.0703406	-0.012001	0.0169404	0	0	0.047537	0.0224987	0	0	0.190438	-0.0147558	0.308
2020-01-24 00:00:00	-0.444653	0.0349305	0.418317	0	0.000128037	-0.00519957	0.0197657	0	0.107781	0	0	0	0	0	0.00991103	-0.0120019	0.0169384	0	0	0.045082	0.0218663	0	0	0.18895	-0.0143703	0.387445
2020-01-25 00:00:00	0	-0.0950412	0.332831	0	-0.150032	-0.0029981	0.0107168	0	0.0734307	0	0	0	0	0	0.00168213	-0.0119978	0.016925	0	0	0.0399823	0.0204343	0	0	0.187926	-0.0139574	0.409902
2020-01-26 00:00:00	-1.87851	1.18088	0.390154	0	0.0931213	-0.00368466	0.0125379	0	0.069171	0	0	0	0	0	0.202788	-0.0119953	0.0169127	0	0	0.0359499	0.0192959	0	0	0.186541	-0.0135402	0.299618
2020-01-27 00:00:00	-2.28819	0.199677	0.379547	0	0.276391	-0.0127316	0.0505593	0	0.290718	0	0	0	0	0	0.758872	-0.0120015	0.0169257	0	0	0.0378224	0.0198809	0	0	0.184591	-0.0152158	-0.113154
2020-01-28 00:00:00	-10.3262	-0.0131886	0.373099	0	1.43544	-0.0673032	0.271798	0	2.28528	0	0	0	0	0	4.13997	-0.0120489	0.0170227	0	0	0.0578445	0.026625	0	0	0.178949	-0.0285229	-1.66127
2020-01-29 00:00:00	-8.90656	-0.0203768	0.436906	0	0.262296	-0.0724192	0.371765	0	3.76726	0	0	0	0	0	2.82129	-0.0120926	0.0171391	0	0	0.0853434	0.0352855	0	0	0.175326	-0.0403241	-1.07917
2020-01-30 00:00:00	-0.578768	-0.17499	0.515319	0	-0.581922	-0.0264865	0.12024	0	1.51733	0	0	0	0	0	-0.720405	-0.0120975	0.0171586	0	0	0.0856665	0.0349982	0	0	0.183089	-0.0306052	0.348531
2020-01-31 00:00:00	-1.63128	0.15766	0.556042	0	-0.107117	-0.0201145	0.096786	0	0.953754	0	0	0	0	0	-0.126699	-0.0120933	0.0171546	0	0	0.0750408	0.031642	0	0	0.186119	-0.0268807	0.150014
2020-02-01 00:00:00	-3.88694	-0.0148258	0.488226	0	0.24253	-0.0306694	0.162231	0	1.46648	0	0	0	0	0	1.05871	-0.0121035	0.0171791	0	0	0.0725977	0.0308452	0	0	0.185149	-0.0287668	-0.249348
2020-02-02 00:00:00	-6.60321	-0.00965327	0.440154	0	0.568726	-0.0573765	0.236503	0	2.57046	0	0	0	0	0	2.14669	-0.0121243	0.0172355	0	0	0.08182	0.0335291	0	0	0.182361	-0.0348865	-0.439766
2020-02-03 00:00:00	-11.8429	-0.017981	0.463953	0	0.15671	-0.106487	0.446063	0	5.14757	0	0	0	0	0	4.22507	-0.0121617	0.0173514	0	0	0.109512	0.0416774	0	0	0.178782	-0.0431214	-1.23592
2020-02-04 00:00:00	-2.69168	-0.0112105	0.470073	0	-0.566701	-0.0557301	0.182996	0	2.66665	0	0	0	0	0	-0.0660593	-0.012203	0.0174079	0	0	0.121876	0.0448717	0	0	0.185332	-0.036252	0.249368
2020-02-05 00:00:00	0	-0.4336	0.467135	0	-0.460282	-0.0223061	0.0756316	0	1.00243	0	0	0	0	0	-0.694154	-0.0122101	0.0174137	0	0	0.107498	0.0404295	0	0	0.191206	-0.02676	0.252435
2020-02-06 00:00:00	0	-0.432779	0.476891	0	-0.244881	-0.0131235	0.0486929	0	0.504766	0	0	0	0	0	-0.432638	-0.0122137	0.0174131	0	0	0.0926312	0.0360197	0	0	0.193602	-0.0214938	0.212886
2020-02-07 00:00:00	-0.4	-0.0852173	0.498187	0	-0.116597	-0.00781452	0.0293833	0	0.273141	0	0	0	0	0	-0.303479	-0.0122181	0.0174169	0	0	0.0782031	0.0317798	0	0	0.19429	-0.0188042	0.178271
2020-02-08 00:00:00	-14.9913	0.903539	0.57572	0	1.51895	-0.103229	0.472567	0	4.53073	0	0	0	0	0	5.46602	-0.0122492	0.0175251	0	0	0.0977106	0.0381971	0	0	0.184201	-0.0384341	-1.34008
2020-02-09 00:00:00	-24.3458	-0.0106038	0.606746	0	0.75572	-0.227578	0.95081	0	11.4442	0	0	0	0	0	8.69952	-0.012335	0.017801	0	0	0.179446	0.0634565	0	0	0.17366	-0.0604119	-1.76535
2020-02-10 00:00:00	-17.8512	-0.00543544	0.467181	0	0.0671739	-0.20987	0.832529	0	10.2595	0	0	0	0	0	5.30495	-0.0124862	0.0181513	0	0	0.328616	0.108751	0	0	0.181323	-0.0565799	-0.567408
2020-02-11 00:00:00	-11.8659	-0.0137173	0.448337	0	-0.538958	-0.16241	0.627467	0	7.88911	0	0	0	0	0	2.42616	-0.0126185	0.0183873	0	0	0.403458	0.13287	0	0	0.187977	-0.0526368	-0.512462
2020-02-12 00:00:00	-3.98539	-0.0133941	0.474331	0	-0.428863	-0.0795895	0.287504	0	3.69591	0	0	0	0	0	-0.420001	-0.0126854	0.0185123	0	0	0.379102	0.12503	0	0	0.198207	-0.0388744	0.199795
2020-02-13 00:00:00	-13.4878	-0.0114011	0.539373	0	0.570639	-0.166381	0.629208	0	7.05012	0	0	0	0	0	3.62012	-0.0127439	0.0186954	0	0	0.370048	0.123296	0	0	0.192323	-0.0502858	-0.614794
2020-02-14 00:00:00	-12.4913	-0.0121038	0.59884	0	-0.275196	-0.204954	0.702774	0	6.28492	0	0	0	0	0	3.92554	-0.0128439	0.0191466	0	0	0.466722	0.164671	0	0	0.198358	-0.0438373	-0.679232
2020-02-15 00:00:00	-8.86131	-0.0177594	0.640692	0	0.0906173	-0.132914	0.49743	0	5.31379	0	0	0	0	0	1.54689	-0.0129263	0.019436	0	0	0.495019	0.176579	0	0	0.198719	-0.0460671	-0.0918033
2020-02-16 00:00:00	-1.10708	-0.0140769	0.646492	0	-0.920908	-0.0560191	0.201318	0	2.5652	0	0	0	0	0	-1.29303	-0.0129706	0.0196925	0	0	0.423662	0.151799	0	0	0.204355	-0.0379349	0.770497
2020-02-17 00:00:00	-7.32677	-0.0108455	0.649027	0	0.821945	-0.0762563	0.315797	0	3.71453	0	0	0	0	0	1.35329	-0.0130071	0.0197949	0	0	0.367612	0.130888	0	0	0.201745	-0.0424138	0.105334
2020-02-18 00:00:00	-2.88131	-0.00335948	0.613877	0	-0.388583	-0.0525633	0.211932	0	2.79967	0	0	0	0	0	-0.258116	-0.0130268	0.0198504	0	0	0.310092	0.109718	0	0	0.203648	-0.0399716	0.631854
2020-02-19 00:00:00	-2.8956	-0.0121938	0.673185	0	-0.0684604	-0.0416566	0.155395	0	1.89835	0	0	0	0	0	-0.0753675	-0.0130551	0.0199456	0	0	0.274866	0.0976682	0	0	0.207036	-0.0351386	0.184973
2020-02-20 00:00:00	-17.3527	-0.00589007	0.650021	0	1.3976	-0.173696	0.669356	0	7.91388	0	0	0	0	0	5.62426	-0.0131466	0.0202148	0	0	0.288447	0.100809	0	0	0.196481	-0.0521749	-0.736495
2020-02-21 00:00:00	-11.9539	-0.0143046	0.769488	0	-0.455243	-0.149004	0.599686	0	7.43351	0	0	0	0	0	2.70706	-0.0133179	0.0205364	0	0	0.319441	0.108036	0	0	0.197703	-0.0526728	-0.482966
2020-02-22 00:00:00	-13.4394	-0.0117633	0.648639	0	-0.0413036	-0.161965	0.632268	0	7.98612	0	0	0	0	0	3.27289	-0.013523	0.0208506	0	0	0.339853	0.11209	0	0	0.19836	-0.054503	-0.51138
2020-02-23 00:00:00	-8.84596	-0.00156668	0.667839	0	0.0210181	-0.132193	0.503246	0	6.30819	0	0	0	0	0	1.19142	-0.0136653	0.0211293	0	0	0.33773	0.111395	0	0	0.202236	-0.0510964	0.319718
2020-02-24 00:00:00	-7.11882	-0.00964328	0.574795	0	-0.501066	-0.117335	0.385412	0	5.01058	0	0	0	0	0	1.11535	-0.0137977	0.021427	0	0	0.329957	0.109754	0	0	0.207145	-0.0450262	-0.0512807
2020-02-25 00:00:00	-2.0382	-0.0156652	0.619733	0	-0.540152	-0.0607187	0.186753	0	2.50308	0	0	0	0	0	-0.830339	-0.013878	0.0216689	0	0	0.300117	0.100855	0	0	0.213659	-0.0360715	0.410836
2020-02-26 00:00:00	-0.43992	-0.302379	0.6766	0	-0.400153	-0.0289208	0.0955333	0	1.1323	0	0	0	0	0	-0.889458	-0.0139022	0.0218417	0	0	0.257024	0.0879117	0	0	0.217557	-0.0286655	0.385367
2020-02-27 00:00:00	-4.48442	0.295378	0.676302	0	0.396297	-0.0544703	0.182412	0	1.85372	0	0	0	0	0	0.680468	-0.0139175	0.022004	0	0	0.232111	0.0808063	0	0	0.216355	-0.0313135	0.0517291
2020-02-28 00:00:00	-13.0167	-0.00273689	0.755539	0	1.08408	-0.13406	0.521595	0	5.88214	0	0	0	0	0	3.89858	-0.0139955	0.02239	0	0	0.244846	0.0855858	0	0	0.207462	-0.0459194	-0.511144
2020-02-29 00:00:00	-17.265	-0.00485572	0.780005	0	0.567766	-0.206331	0.761686	0	9.38352	0	0	0	0	0	4.93307	-0.0141291	0.0229822	0	0	0.301377	0.106373	0	0	0.201878	-0.0560395	-0.487744
2020-03-01 00:00:00	-19.4169	-0.00277799	0.764138	0	0.568647	-0.250176	0.931829	0	11.6092	0	0	0	0	0	4.88362	-0.0143301	0.0236575	0	0	0.383954	0.139554	0	0	0.200122	-0.0625313	-0.241974
2020-03-02 00:00:00	-0.0893068	-0.618869	0.762761	0	-1.92995	-0.074191	0.247354	0	3.89802	0	0	0	0	0	-2.30399	-0.0144187	0.0238356	0	0	0.36396	0.132165	0	0	0.215029	-0.0432951	0.569104
2020-03-03 00:00:00	-0.644653	-0.110899	0.778304	0	-0.407715	-0.0341392	0.113137	0	1.31113	0	0	0	0	0	-1.12101	-0.0144661	0.0239324	0	0	0.29652	0.109147	0	0	0.2233	-0.0303966	0.492184
2020-03-04 00:00:00	-0.2	-0.298914	0.697043	0	-0.355736	-0.0205224	0.0650327	0	0.775292	0	0	0	0	0	-0.852289	-0.0144606	0.0240324	0	0	0.255631	0.095569	0	0	0.223993	-0.0270845	0.367587
