Time	Precip	Canopy Stor. Change	Evapotrans	Snow Stor.Change	OL Stor.Change	OL Bou.Inflow	OL Bou.Outflow	OL->Ext.Sinks	OL->River/MOUSE	OL Drain Stor. Change	OL Drain->River/MOUSE	OL Drain->OL IN	OL Drain->OL OUT	Irrigation	SubSurf.Stor.Change	SubSurf.Bou.Inflow	SubSurf.Bou.Outflow	SubSurf->Ext.Sinks	Pumping	SZ Drain->River	SZ Drain->Ext.River	SZ Drain Inflow	SZ Drain Outflow	Baseflow to river	Baseflow from river	Error
2011-03-22 00:00:00	0	0	0	0	0	0	0	0	0	0	0	0	0	0	0	0	0	0	0	0	0	0	0	0	0	0
2011-03-23 00:00:00	0	-0.967764	1.35798	0	-0.010266	0	0.000102341	0	0	0	0	0	0	0	-0.786401	-0.230192	0.0616524	0	0	1.70638	0	0	0	0.0926124	-0.0325761	1.19153
2011-03-24 00:00:00	0	-0.718397	1.56382	0	-0.0165311	0	0	0	0	0	0	0	0	0	-1.22108	-0.229741	0.0615613	0	0	1.52388	0	0	0	0.0921728	-0.0358679	1.01982
2011-03-25 00:00:00	0	-0.51309	1.14747	0	-0.0118734	0	0	0	0	0	0	0	0	0	-1.04127	-0.229146	0.0614437	0	0	1.32677	0	0	0	0.0922466	-0.0330008	0.799544
2011-03-26 00:00:00	0	-0.43947	1.22363	0	-0.0126357	0	0	0	0	0	0	0	0	0	-0.971492	-0.228744	0.0613685	0	0	1.20646	0	0	0	0.0921735	-0.0303958	0.900898
2011-03-27 00:00:00	0	0	1.18049	0	-0.00856426	0	0	0	0	0	0	0	0	0	-1.59681	-0.227992	0.0612318	0	0	1.03957	0	0	0	0.0921246	-0.0287187	0.511341
2011-03-28 00:00:00	0	0	1.25852	0	-0.00548874	0	0	0	0	0	0	0	0	0	-1.12487	-0.227754	0.0611896	0	0	0.968507	0	0	0	0.0921267	-0.026504	0.99573
2011-03-29 00:00:00	-1.58649	0.203142	1.26217	0	0.00104883	0	0	0	0	0	0	0	0	0	-0.204572	-0.227287	0.0611094	0	0	0.891083	0	0	0	0.0920719	-0.0244494	0.46783
2011-03-30 00:00:00	-3.5955	0.187546	1.40357	0	0.0125535	0	0	0	0	0	0	0	0	0	1.06072	-0.227179	0.0610985	0	0	0.898495	0	0	0	0.0920977	-0.0236114	-0.130209
2011-03-31 00:00:00	-6.03153	0.0788001	1.49118	0	0.0434247	-0.00619104	0.00861078	0	0	0	0	0	0	0	2.44366	-0.227511	0.061174	0	0	0.995299	0	0	0	0.0922645	-0.0254206	-1.07623
2011-04-01 00:00:00	-0.795496	-0.452519	1.68475	0	-0.00846342	-0.000124972	0.000601919	0	0	0	0	0	0	0	-0.800473	-0.227321	0.0611512	0	0	1.01361	0	0	0	0.0923814	-0.0267892	0.541306
2011-04-02 00:00:00	-2.58199	0.484433	1.6716	0	0.0052984	0	0.00170825	0	0	0	0	0	0	0	-0.122186	-0.226946	0.0610817	0	0	0.95747	0	0	0	0.0922782	-0.025868	0.316883
2011-04-03 00:00:00	0	-0.497199	1.37668	0	-0.0140888	0	0.000102478	0	0	0	0	0	0	0	-1.28028	-0.226325	0.0609684	0	0	0.887375	0	0	0	0.0922402	-0.0256988	0.373777
2011-04-04 00:00:00	-1.61801	0.123412	1.49491	0	-4.7207E-05	0	0.000203531	0	0	0	0	0	0	0	-0.0750606	-0.226073	0.060928	0	0	0.8445	0	0	0	0.0921543	-0.0230703	0.673844
2011-04-05 00:00:00	-11.8	0.612548	1.90663	0	0.0250378	-0.0183017	0.0564686	0	0	0	0	0	0	0	5.6251	-0.2269	0.0610991	0	0	1.00109	0	0	0	0.0924667	-0.0248855	-2.68965
2011-04-06 00:00:00	-11.6	0.0499178	2.01217	0	0.00527386	-0.024467	0.0700498	0	0	0	0	0	0	0	5.63098	-0.228486	0.0614076	0	0	1.35202	0	0	0	0.0932416	-0.0305343	-2.60843
2011-04-07 00:00:00	0	-0.759284	1.61686	0	-0.0187346	-0.00027603	0.00187203	0	0	0	0	0	0	0	-1.10459	-0.228609	0.0614257	0	0	1.41254	0	0	0	0.0936307	-0.0337086	1.04113
2011-04-08 00:00:00	0	-0.0134584	1.50631	0	-0.0219905	0	4.57816E-05	0	0	0	0	0	0	0	-1.72554	-0.228124	0.0613354	0	0	1.24675	0	0	0	0.0935802	-0.0308943	0.888013
2011-04-09 00:00:00	0	-0.0173395	2.29644	0	-0.0282145	0	0	0	0	0	0	0	0	0	-2.27012	-0.22746	0.0612129	0	0	1.04168	0	0	0	0.0935549	-0.0292872	0.920461
2011-04-10 00:00:00	0	0	1.93601	0	-0.00497637	0	0	0	0	0	0	0	0	0	-1.17439	-0.226828	0.0611078	0	0	0.881063	0	0	0	0.0933951	-0.026693	1.53869
2011-04-11 00:00:00	-0.804504	0	1.62335	0	-0.000965158	0	0	0	0	0	0	0	0	0	-1.22096	-0.22647	0.0610535	0	0	0.810941	0	0	0	0.0938496	-0.023521	0.312765
2011-04-12 00:00:00	-0.2	0	1.40166	0	-0.000136132	0	0	0	0	0	0	0	0	0	-1.31966	-0.226202	0.0610079	0	0	0.767664	0	0	0	0.0933687	-0.0216166	0.556092
2011-04-13 00:00:00	0	0	1.48705	0	-0.00105203	0	0	0	0	0	0	0	0	0	-1.41193	-0.22564	0.0609041	0	0	0.691468	0	0	0	0.0933634	-0.020554	0.673616
2011-04-14 00:00:00	-0.195496	0	1.6633	0	-7.63913E-05	0	0	0	0	0	0	0	0	0	-1.25581	-0.224991	0.0607872	0	0	0.621133	0	0	0	0.0932591	-0.019723	0.742378
2011-04-15 00:00:00	-0.413511	0	1.6031	0	-1.35433E-05	0	0	0	0	0	0	0	0	0	-1.30033	-0.224532	0.0607178	0	0	0.582514	0	0	0	0.0932773	-0.0188297	0.382391
2011-04-16 00:00:00	0	0	1.56698	0	0	0	0	0	0	0	0	0	0	0	-1.54689	-0.223869	0.0606176	0	0	0.543199	0	0	0	0.0929626	-0.0180688	0.474932
2011-04-17 00:00:00	0	0	1.71219	0	0	0	0	0	0	0	0	0	0	0	-1.60781	-0.223557	0.0604903	0	0	0.502823	0	0	0	0.0928287	-0.0171389	0.519823
2011-04-18 00:00:00	0	0	2.09508	0	0	0	0	0	0	0	0	0	0	0	-2.01115	-0.222925	0.0604043	0	0	0.458115	0	0	0	0.092705	-0.0161795	0.456053
2011-04-19 00:00:00	-0.2	0	2.06749	0	0	0	0	0	0	0	0	0	0	0	-1.76476	-0.222291	0.0603245	0	0	0.421842	0	0	0	0.0925823	-0.0152435	0.439938
2011-04-20 00:00:00	0	0	2.2324	0	0	0	0	0	0	0	0	0	0	0	-2.04809	-0.221718	0.0602513	0	0	0.383888	0	0	0	0.092443	-0.0145536	0.48462
2011-04-21 00:00:00	0	0	1.88868	0	0	0	0	0	0	0	0	0	0	0	-1.48348	-0.221243	0.0601527	0	0	0.356817	0	0	0	0.0923122	-0.0138022	0.679437
2011-04-22 00:00:00	-0.195496	0	1.86775	0	0	0	0	0	0	0	0	0	0	0	-1.47651	-0.220461	0.0601136	0	0	0.341405	0	0	0	0.0921831	-0.0131158	0.455864
2011-04-23 00:00:00	-6.19099	1.58246	2.24212	0	0.00192334	0	0	0	0	0	0	0	0	0	1.1896	-0.220571	0.0597987	0	0	0.401343	0	0	0	0.092062	-0.0130751	-0.855331
2011-04-24 00:00:00	-0.00450358	-1.39339	2.18352	0	-0.001246	0	0	0	0	0	0	0	0	0	-0.989807	-0.21968	0.0598844	0	0	0.448901	0	0	0	0.0921237	-0.0147902	0.161016
2011-04-25 00:00:00	0	-0.189066	1.7153	0	-0.000686179	0	0	0	0	0	0	0	0	0	-1.49005	-0.218909	0.0597965	0	0	0.434957	0	0	0	0.0920076	-0.014998	0.388354
2011-04-26 00:00:00	0	0	1.82934	0	0	0	0	0	0	0	0	0	0	0	-1.49052	-0.217655	0.0597242	0	0	0.406236	0	0	0	0.0917294	-0.014683	0.664168
2011-04-27 00:00:00	-0.00450358	0	2.25803	0	0	0	0	0	0	0	0	0	0	0	-2.18416	-0.217364	0.0596487	0	0	0.365923	0	0	0	0.0920549	-0.0142496	0.355382
2011-04-28 00:00:00	0	0	2.24404	0	0	0	0	0	0	0	0	0	0	0	-2.089	-0.216228	0.0594796	0	0	0.332608	0	0	0	0.0916134	-0.0132711	0.409246
2011-04-29 00:00:00	-0.204504	0	2.33328	0	0	0	0	0	0	0	0	0	0	0	-1.93673	-0.215756	0.0593831	0	0	0.306789	0	0	0	0.0914833	-0.0126124	0.421337
2011-04-30 00:00:00	0	0	1.76711	0	0	0	0	0	0	0	0	0	0	0	-1.69552	-0.215118	0.0591865	0	0	0.292937	0	0	0	0.0913376	-0.0121496	0.287785
2011-05-01 00:00:00	0	0	2.47236	0	0	0	0	0	0	0	0	0	0	0	-2.41882	-0.214732	0.0591344	0	0	0.268457	0	0	0	0.0911763	-0.0119158	0.24566
2011-05-02 00:00:00	0	0	2.01024	0	0	0	0	0	0	0	0	0	0	0	-1.90433	-0.214197	0.0589551	0	0	0.251957	0	0	0	0.0910264	-0.0114961	0.282154
2011-05-03 00:00:00	-0.00450358	0	1.96274	0	0	0	0	0	0	0	0	0	0	0	-1.5995	-0.213789	0.0588665	0	0	0.240719	0	0	0	0.0908671	-0.0112268	0.524173
2011-05-04 00:00:00	0	0	2.43039	0	0	0	0	0	0	0	0	0	0	0	-2.17812	-0.213238	0.0587694	0	0	0.221533	0	0	0	0.0907033	-0.011039	0.398997
2011-05-05 00:00:00	-1.60901	0	2.1353	0	1.18581E-08	0	0	0	0	0	0	0	0	0	-0.451089	-0.212759	0.0586341	0	0	0.238636	0	0	0	0.0905498	-0.0107168	0.239545
2011-05-06 00:00:00	-8.42252	1.68539	2.67378	0	9.14848E-07	0	0	0	0	0	0	0	0	0	2.41328	-0.213057	0.0586918	0	0	0.311139	0	0	0	0.090479	-0.0115323	-1.41436
2011-05-07 00:00:00	-13.1234	0.0298855	2.71398	0	0.00523781	0	9.05816E-05	0	0	0	0	0	0	0	6.5099	-0.214359	0.0589192	0	0	0.561522	0	0	0	0.0911496	-0.0157554	-3.38287
2011-05-08 00:00:00	-8.17298	0.00216995	2.65082	0	0.0427264	0	0.00529207	0	0	0	0	0	0	0	3.25198	-0.215391	0.0591305	0	0	0.814522	0	0	0	0.0917618	-0.0211913	-1.49116
2011-05-09 00:00:00	-4.93695	0.0236859	2.4537	0	0.0142906	0	0.00925882	0	0	0	0	0	0	0	1.18917	-0.21568	0.0591833	0	0	0.918435	0	0	0	0.0919687	-0.0238287	-0.416771
2011-05-10 00:00:00	-3.5955	-0.0184926	2.5838	0	0.00373092	-0.00155618	0.00606876	0	0	0	0	0	0	0	0.385724	-0.215572	0.0591465	0	0	0.929098	0	0	0	0.091976	-0.0246765	0.203751
2011-05-11 00:00:00	-2.5955	-0.0339804	2.5408	0	-0.000788011	-8.53048E-05	0.00161005	0	0	0	0	0	0	0	-0.282772	-0.215243	0.0590712	0	0	0.89721	0	0	0	0.0918994	-0.0239731	0.438249
2011-05-12 00:00:00	-3.03153	0.0656348	2.4834	0	0.00140904	0	0.00319099	0	0	0	0	0	0	0	-0.0325774	-0.21492	0.0590027	0	0	0.863734	0	0	0	0.091784	-0.0230529	0.266078
2011-05-13 00:00:00	-1.61351	-0.55259	2.28277	0	-0.00296473	0	0.000834916	0	0	0	0	0	0	0	-0.437415	-0.214537	0.058925	0	0	0.830546	0	0	0	0.0916679	-0.0224611	0.421268
2011-05-14 00:00:00	0	-1.13446	2.29202	0	-0.0213944	0	9.46275E-05	0	0	0	0	0	0	0	-1.11338	-0.214074	0.0588242	0	0	0.774352	0	0	0	0.0915406	-0.0217569	0.711764
2011-05-15 00:00:00	-0.413511	-0.0130078	2.16315	0	-0.0226172	0	0	0	0	0	0	0	0	0	-2.11321	-0.21361	0.0586931	0	0	0.682544	0	0	0	0.0915278	-0.020831	0.199134
2011-05-16 00:00:00	-3.07206	0.381721	2.63709	0	0.00013795	0	0	0	0	0	0	0	0	0	0.416343	-0.212962	0.0585973	0	0	0.654287	0	0	0	0.0911826	-0.0197185	0.934623
2011-05-17 00:00:00	0	-0.387622	2.38457	0	-0.0162205	0	0	0	0	0	0	0	0	0	-2.41201	-0.212635	0.0585303	0	0	0.601343	0	0	0	0.0916008	-0.0192953	0.0882604
2011-05-18 00:00:00	-1.04053	0.000328962	2.39524	0	-0.00186892	0	0	0	0	0	0	0	0	0	-1.03715	-0.212339	0.0584508	0	0	0.556633	0	0	0	0.0911525	-0.0180031	0.791919
2011-05-19 00:00:00	-0.209007	-0.0192705	2.10085	0	-0.00160838	0	0	0	0	0	0	0	0	0	-1.63638	-0.211729	0.0583226	0	0	0.496945	0	0	0	0.091128	-0.0171591	0.652091
2011-05-20 00:00:00	-0.422518	-0.00840418	2.07682	0	-5.34032E-05	0	0	0	0	0	0	0	0	0	-1.70553	-0.211347	0.0582295	0	0	0.455861	0	0	0	0.0911538	-0.0159937	0.318224
2011-05-21 00:00:00	-4.59099	1.29262	2.57394	0	0.00153492	0	0	0	0	0	0	0	0	0	0.08933	-0.211115	0.0581813	0	0	0.472271	0	0	0	0.0908649	-0.0152321	-0.238601
2011-05-22 00:00:00	-5.25404	0.414656	2.54993	0	0.00270447	0	0	0	0	0	0	0	0	0	1.36726	-0.211075	0.0581841	0	0	0.535237	0	0	0	0.0908888	-0.0162437	-0.462507
2011-05-23 00:00:00	-11.4946	0.045698	2.60452	0	0.0661043	-0.00319783	0.0207913	0	0	0	0	0	0	0	5.45099	-0.212017	0.0583865	0	0	0.735476	0	0	0	0.0912656	-0.0196051	-2.65616
2011-05-24 00:00:00	-4.29908	0.0075514	2.49809	0	-0.00263123	-0.00403052	0.0139034	0	0	0	0	0	0	0	0.780282	-0.21251	0.0584984	0	0	0.896718	0	0	0	0.0916219	-0.0233221	-0.194905
2011-05-25 00:00:00	0	-1.54307	2.3992	0	-0.0172111	-7.95345E-05	0.000822785	0	0	0	0	0	0	0	-1.13814	-0.212208	0.0584227	0	0	0.876402	0	0	0	0.0915499	-0.0234386	0.492253
2011-05-26 00:00:00	-0.6	-0.184459	2.47011	0	-0.0257962	0	0	0	0	0	0	0	0	0	-1.74095	-0.211577	0.0582702	0	0	0.765509	0	0	0	0.0914904	-0.0224355	0.600162
2011-05-27 00:00:00	-1.0045	-0.0133245	2.48727	0	-0.0166485	0	0	0	0	0	0	0	0	0	-0.905405	-0.211018	0.0580671	0	0	0.679216	0	0	0	0.0912355	-0.0210086	1.14388
2011-05-28 00:00:00	-5.64954	1.69864	2.71406	0	0.017471	0	0	0	0	0	0	0	0	0	0.0566794	-0.211005	0.0580645	0	0	0.690354	0	0	0	0.0915669	-0.0197417	-0.553449
2011-05-29 00:00:00	-1.21801	-1.13393	2.61126	0	-0.00465184	0	0.000211665	0	0	0	0	0	0	0	-0.47267	-0.210678	0.0580058	0	0	0.690421	0	0	0	0.0913761	-0.0198377	0.391493
2011-05-30 00:00:00	-0.404504	-0.565096	2.48073	0	-0.0149927	0	0	0	0	0	0	0	0	0	-1.51229	-0.210083	0.0578861	0	0	0.64179	0	0	0	0.0913029	-0.0195102	0.545228
2011-05-31 00:00:00	-0.00450358	-0.0232031	2.88292	0	-0.00444325	0	0	0	0	0	0	0	0	0	-2.74115	-0.209255	0.0577996	0	0	0.544948	0	0	0	0.091175	-0.0185493	0.575736
2011-06-01 00:00:00	-0.195496	-0.0170815	2.39302	0	-0.0014144	0	0	0	0	0	0	0	0	0	-1.52866	-0.208555	0.057655	0	0	0.460646	0	0	0	0.090969	-0.0167849	1.03431
2011-06-02 00:00:00	0	0	2.59178	0	-5.10838E-05	0	0	0	0	0	0	0	0	0	-2.47587	-0.208113	0.0575568	0	0	0.394635	0	0	0	0.0913265	-0.0152633	0.436
2011-06-03 00:00:00	-0.00450358	0	2.52074	0	0	0	0	0	0	0	0	0	0	0	-2.12769	-0.207634	0.0574506	0	0	0.340181	0	0	0	0.0909449	-0.0140516	0.655437
2011-06-04 00:00:00	0	0	2.06446	0	0	0	0	0	0	0	0	0	0	0	-1.89362	-0.206748	0.0569499	0	0	0.306668	0	0	0	0.0908591	-0.0127962	0.405775
2011-06-05 00:00:00	-0.195496	0	2.05095	0	0	0	0	0	0	0	0	0	0	0	-1.72125	-0.206288	0.0569588	0	0	0.286175	0	0	0	0.0907188	-0.0121991	0.349567
2011-06-06 00:00:00	-0.00450358	0	1.98349	0	0	0	0	0	0	0	0	0	0	0	-1.79411	-0.205641	0.0568708	0	0	0.267284	0	0	0	0.0904506	-0.011842	0.381997
2011-06-07 00:00:00	-2.67206	0.0338271	2.6985	0	3.96601E-09	0	0	0	0	0	0	0	0	0	-0.614212	-0.204866	0.0568155	0	0	0.289776	0	0	0	0.0902907	-0.0115221	-0.333452
2011-06-08 00:00:00	-3.7955	0.971544	2.70038	0	3.70943E-07	0	0	0	0	0	0	0	0	0	-0.315583	-0.204438	0.0567733	0	0	0.316933	0	0	0	0.0900504	-0.0121395	-0.191981
2011-06-09 00:00:00	-1.62702	-0.932345	2.69626	0	3.45699E-06	0	0	0	0	0	0	0	0	0	-0.40996	-0.20406	0.0566954	0	0	0.350624	0	0	0	0.0899033	-0.0127922	0.00730242
2011-06-10 00:00:00	-0.222518	-0.0727724	2.13396	0	0	0	0	0	0	0	0	0	0	0	-1.90834	-0.203542	0.0565695	0	0	0.348186	0	0	0	0.0896891	-0.013049	0.208183
2011-06-11 00:00:00	-6.8045	1.81077	2.50631	0	0.00238323	0	0	0	0	0	0	0	0	0	1.44248	-0.203359	0.0561365	0	0	0.377194	0	0	0	0.0896265	-0.0131	-0.736061
2011-06-12 00:00:00	-6.2	-0.0300725	2.7624	0	0.00278825	0	0.000470918	0	0	0	0	0	0	0	2.17232	-0.203659	0.0563314	0	0	0.500361	0	0	0	0.0897658	-0.0151945	-0.86448
2011-06-13 00:00:00	-0.2	-1.73095	2.84345	0	-0.00154595	0	5.58516E-05	0	0	0	0	0	0	0	-1.20419	-0.203447	0.0563001	0	0	0.548429	0	0	0	0.0897355	-0.0170373	0.180798
2011-06-14 00:00:00	0	-0.0500015	2.42157	0	-0.00303505	0	0	0	0	0	0	0	0	0	-2.35154	-0.202711	0.0561514	0	0	0.476482	0	0	0	0.0895794	-0.0168925	0.419603
2011-06-15 00:00:00	0	0	2.4547	0	-0.000602743	0	0	0	0	0	0	0	0	0	-1.66095	-0.201959	0.0560564	0	0	0.411781	0	0	0	0.0895197	-0.0155003	1.13305
2011-06-16 00:00:00	-2.6	0	2.78268	0	-1.33061E-10	0	0	0	0	0	0	0	0	0	-0.532836	-0.201222	0.0559963	0	0	0.409064	0	0	0	0.0897676	-0.0143198	-0.0108665
2011-06-17 00:00:00	-0.00450358	0	2.25436	0	0	0	0	0	0	0	0	0	0	0	-2.12772	-0.200593	0.055911	0	0	0.371596	0	0	0	0.0892875	-0.0142819	0.424052
2011-06-18 00:00:00	-6.15947	1.62558	2.9382	0	0.00168767	0	0	0	0	0	0	0	0	0	0.778402	-0.200578	0.0558945	0	0	0.420677	0	0	0	0.0891791	-0.0133909	-0.463818
2011-06-19 00:00:00	-11.0964	0.203835	3.17524	0	0.00610239	0	0.00372359	0	0	0	0	0	0	0	5.15556	-0.201363	0.0560212	0	0	0.563385	0	0	0	0.0894182	-0.0160449	-2.06054
2011-06-20 00:00:00	0	-1.82295	2.8537	0	-0.0019184	0	9.89294E-05	0	0	0	0	0	0	0	-1.22732	-0.20143	0.0560223	0	0	0.661725	0	0	0	0.0896574	-0.0193814	0.388206
2011-06-21 00:00:00	-10.3865	1.87716	3.19003	0	0.0422172	0	0.00362045	0	0	0	0	0	0	0	3.3679	-0.201636	0.0560564	0	0	0.707436	0	0	0	0.0897102	-0.0195917	-1.27359
2011-06-22 00:00:00	-2.60901	-0.424209	3.11299	0	-0.0019515	0	9.90471E-05	0	0	0	0	0	0	0	-0.435544	-0.20165	0.0560703	0	0	0.777664	0	0	0	0.0899078	-0.0213082	0.343062
2011-06-23 00:00:00	-2.81351	-0.113304	2.98058	0	-0.00170268	0	0	0	0	0	0	0	0	0	-0.356135	-0.201111	0.0559862	0	0	0.742196	0	0	0	0.0898176	-0.0209619	0.361857
2011-06-24 00:00:00	-0.2	-1.32992	2.8071	0	-0.0147083	0	0	0	0	0	0	0	0	0	-1.43472	-0.200662	0.0559235	0	0	0.700395	0	0	0	0.0896078	-0.0203463	0.452669
2011-06-25 00:00:00	-3.03603	0.0262453	3.16298	0	-0.000706176	0	0	0	0	0	0	0	0	0	-0.729162	-0.19999	0.0556971	0	0	0.643557	0	0	0	0.0895051	-0.0196787	-0.00758076
2011-06-26 00:00:00	-0.2	-0.0398625	3.10508	0	-0.0255579	0	0	0	0	0	0	0	0	0	-2.34593	-0.199757	0.0556054	0	0	0.583722	0	0	0	0.0895157	-0.0186863	1.00412
2011-06-27 00:00:00	-1.17748	-0.00256547	2.96603	0	-0.00330685	0	0	0	0	0	0	0	0	0	-1.3168	-0.199034	0.0554894	0	0	0.49042	0	0	0	0.0893614	-0.0172432	0.884867
2011-06-28 00:00:00	0	0	2.68743	0	-3.29253E-05	0	0	0	0	0	0	0	0	0	-2.57144	-0.198266	0.055498	0	0	0.419428	0	0	0	0.0895172	-0.0158477	0.466282
2011-06-29 00:00:00	0	0	2.63355	0	0	0	0	0	0	0	0	0	0	0	-2.42242	-0.197321	0.0554038	0	0	0.355354	0	0	0	0.0892069	-0.0144803	0.499298
2011-06-30 00:00:00	-0.795496	0	2.40352	0	0	0	0	0	0	0	0	0	0	0	-1.5933	-0.195468	0.0553561	0	0	0.326892	0	0	0	0.0891338	-0.0130808	0.27756
2011-07-01 00:00:00	0	0	2.5309	0	0	0	0	0	0	0	0	0	0	0	-2.36147	-0.195127	0.0552474	0	0	0.287895	0	0	0	0.0889956	-0.012546	0.393897
2011-07-02 00:00:00	0	0	3.60427	0	0	0	0	0	0	0	0	0	0	0	-3.16043	-0.19457	0.0549539	0	0	0.228639	0	0	0	0.0888668	-0.011854	0.609876
2011-07-03 00:00:00	0	0	2.76469	0	0	0	0	0	0	0	0	0	0	0	-2.61528	-0.193893	0.0548829	0	0	0.192965	0	0	0	0.0885753	-0.0108715	0.28107
2011-07-04 00:00:00	0	0	3.51032	0	0	0	0	0	0	0	0	0	0	0	-2.92179	-0.193067	0.0547371	0	0	0.156329	0	0	0	0.0884378	-0.0102846	0.684689
2011-07-05 00:00:00	-2.00901	0	3.04642	0	0	0	0	0	0	0	0	0	0	0	-1.07075	-0.192654	0.0546727	0	0	0.162159	0	0	0	0.0883028	-0.00962973	0.0695188
2011-07-06 00:00:00	-11.3144	2.00281	3.12343	0	-2.83554E-05	0	0	0	0	0	0	0	0	0	3.85067	-0.193325	0.0547472	0	0	0.292063	0	0	0	0.0881478	-0.00988733	-2.1058
2011-07-07 00:00:00	-3.35947	-0.102438	3.1173	0	4.84649E-06	0	0	0	0	0	0	0	0	0	0.239449	-0.192996	0.0547022	0	0	0.350869	0	0	0	0.0884793	-0.0125019	0.1834
2011-07-08 00:00:00	-18.6469	0.150011	3.33137	0	0.070862	-0.00110554	0.0255324	0	0	0	0	0	0	0	10.5084	-0.194285	0.0549523	0	0	0.60335	0	0	0	0.0887206	-0.0162401	-4.02529
2011-07-09 00:00:00	-15.0289	0.00106364	3.17012	0	0.000249181	-0.0313494	0.0862866	0	0	0	0	0	0	0	7.83075	-0.1961	0.0553249	0	0	1.01562	0	0	0	0.0896988	-0.0246925	-3.03189
2011-07-10 00:00:00	-0.218014	-1.92823	3.0797	0	-0.0227457	-0.000482789	0.00150141	0	0	0	0	0	0	0	-1.24815	-0.196396	0.0553957	0	0	1.12219	0	0	0	0.0901791	-0.0283225	0.706624
2011-07-11 00:00:00	-15.7351	1.97219	3.10677	0	0.0222491	-0.0233049	0.0652243	0	0	0	0	0	0	0	7.02404	-0.197019	0.0555261	0	0	1.18153	0	0	0	0.0905818	-0.0283937	-2.46571
2011-07-12 00:00:00	0	-1.98526	2.94213	0	-0.0223737	-0.000511235	0.00155066	0	0	0	0	0	0	0	-1.2048	-0.197366	0.0556206	0	0	1.25947	0	0	0	0.0911711	-0.0305776	0.909044
2011-07-13 00:00:00	0	-0.0652339	3.17832	0	-0.0428808	0	0	0	0	0	0	0	0	0	-3.10217	-0.196812	0.0555027	0	0	1.04195	0	0	0	0.0911591	-0.0287507	0.931082
2011-07-14 00:00:00	0	-0.0230254	2.83334	0	-0.00554977	0	0	0	0	0	0	0	0	0	-1.96982	-0.196196	0.0553759	0	0	0.842857	0	0	0	0.0909367	-0.0265339	1.60138
2011-07-15 00:00:00	-1.4	-0.0149836	3.07898	0	0	0	0	0	0	0	0	0	0	0	-1.84045	-0.195859	0.0553035	0	0	0.748397	0	0	0	0.0913686	-0.0226984	0.500051
2011-07-16 00:00:00	-41.9054	2.14855	3.43242	0	0.073822	-0.0743457	0.203293	0	0	0	0	0	0	0	24.1083	-0.199309	0.0560178	0	0	1.3614	0	0	0	0.092545	-0.0288918	-10.7317
2011-07-17 00:00:00	-9.98649	-0.0413097	3.39806	0	-0.00398219	-0.0179653	0.0497251	0	0	0	0	0	0	0	3.93062	-0.20191	0.0566092	0	0	2.05711	0	0	0	0.0947521	-0.0411718	-0.70596
2011-07-18 00:00:00	-1	-1.68644	3.17012	0	-0.0124802	-0.000332958	0.00184977	0	0	0	0	0	0	0	-0.89488	-0.201762	0.0565895	0	0	1.9256	0	0	0	0.0950179	-0.0404038	1.41288
2011-07-19 00:00:00	-24.9099	1.71443	3.09729	0	0.0173817	-0.0501161	0.139544	0	0	0	0	0	0	0	12.6138	-0.203691	0.0569671	0	0	2.23445	0	0	0	0.0958544	-0.0410837	-5.23511
2011-07-20 00:00:00	-3.4	0.0197623	2.93073	0	-0.00714652	-0.00177236	0.00693653	0	0	0	0	0	0	0	-0.0459239	-0.204609	0.0571715	0	0	2.62111	0	0	0	0.0968394	-0.0477027	2.02539
2011-07-21 00:00:00	-2.1955	-0.676522	2.93862	0	-0.00295224	-9.0569E-05	0.00116938	0	0	0	0	0	0	0	-0.553556	-0.204099	0.0570548	0	0	2.27219	0	0	0	0.0968359	-0.0444766	1.68867
2011-07-22 00:00:00	-0.395496	-1.37336	2.76724	0	-0.0179157	0	0.000401479	0	0	0	0	0	0	0	-1.36421	-0.203675	0.0569515	0	0	1.98058	0	0	0	0.0967774	-0.0412627	1.50603
2011-07-23 00:00:00	0	-0.0721161	3.21253	0	-0.0387785	0	0	0	0	0	0	0	0	0	-2.90133	-0.202959	0.0567836	0	0	1.5623	0	0	0	0.0966983	-0.0391872	1.67394
2011-07-24 00:00:00	0	-0.0259646	3.30629	0	-0.007699	0	0	0	0	0	0	0	0	0	-2.90448	-0.202744	0.0567303	0	0	1.38857	0	0	0	0.0968475	-0.0339919	1.67356
2011-07-25 00:00:00	0	-0.0139118	3.40142	0	-2.01851E-05	0	0	0	0	0	0	0	0	0	-2.59463	-0.202008	0.0565837	0	0	1.07472	0	0	0	0.0967465	-0.0307858	1.78811
2011-07-26 00:00:00	0	0	2.75329	0	0	0	0	0	0	0	0	0	0	0	-2.67187	-0.201727	0.0565041	0	0	0.917268	0	0	0	0.0969772	-0.0273777	0.923065
2011-07-27 00:00:00	0	0	2.93811	0	0	0	0	0	0	0	0	0	0	0	-2.60191	-0.201256	0.0564134	0	0	0.773436	0	0	0	0.0966721	-0.0245335	1.03694
2011-07-28 00:00:00	-8.19479	1.95857	3.03388	0	0.00258245	0	0	0	0	0	0	0	0	0	1.6927	-0.20157	0.0564844	0	0	0.822841	0	0	0	0.0966093	-0.0213709	-0.754076
2011-07-29 00:00:00	-0.000612729	-1.95165	2.95457	0	-0.00134672	0	0	0	0	0	0	0	0	0	-0.948982	-0.201196	0.0564161	0	0	0.800599	0	0	0	0.0968812	-0.0220318	0.782643
2011-07-30 00:00:00	0	-0.0069212	3.38434	0	-0.00123557	0	0	0	0	0	0	0	0	0	-3.09975	-0.200453	0.0562719	0	0	0.645064	0	0	0	0.0966612	-0.0214201	0.852554
2011-07-31 00:00:00	0	0	2.674	0	0	0	0	0	0	0	0	0	0	0	-1.6275	-0.199982	0.0561817	0	0	0.54979	0	0	0	0.0968575	-0.0192267	1.53012
2011-08-01 00:00:00	-1.4	0	3.16339	0	0	0	0	0	0	0	0	0	0	0	-2.0341	-0.199686	0.0561211	0	0	0.492291	0	0	0	0.0967779	-0.017329	0.15747
2011-08-02 00:00:00	-14.937	2.25332	3.11458	0	0.0185226	0	0.00209158	0	0	0	0	0	0	0	6.22331	-0.20098	0.05637	0	0	0.691155	0	0	0	0.0964426	-0.0169698	-2.69911
2011-08-03 00:00:00	0	-2.2201	3.21074	0	-0.00418241	0	0.000125537	0	0	0	0	0	0	0	-1.10683	-0.200855	0.0563503	0	0	0.776828	0	0	0	0.0970683	-0.0215209	0.587627
2011-08-04 00:00:00	-7.91894	2.16556	3.10325	0	0.0277076	0	0.00143044	0	0	0	0	0	0	0	1.56928	-0.200656	0.0563093	0	0	0.765588	0	0	0	0.0969693	-0.0211485	-0.354651
2011-08-05 00:00:00	0	-2.10048	2.92463	0	-0.016336	0	0.000289713	0	0	0	0	0	0	0	-1.00082	-0.200511	0.0562761	0	0	0.785779	0	0	0	0.0970168	-0.0218252	0.524023
2011-08-06 00:00:00	-14.0585	2.18829	2.62517	0	0.0452882	-0.0154323	0.0432405	0	0	0	0	0	0	0	5.86038	-0.201219	0.0564227	0	0	0.894805	0	0	0	0.0971751	-0.0227013	-2.48713
2011-08-07 00:00:00	-17.827	-2.80528E-05	2.82492	0	0.00115835	-0.0391414	0.106212	0	0	0	0	0	0	0	9.29179	-0.203395	0.0568772	0	0	1.31788	0	0	0	0.0982096	-0.0298559	-4.4024
2011-08-08 00:00:00	-0.595496	-1.84539	2.78697	0	-0.0126624	-0.000620927	0.00186552	0	0	0	0	0	0	0	-0.717083	-0.2039	0.0570178	0	0	1.47348	0	0	0	0.0987477	-0.0344933	1.00844
2011-08-09 00:00:00	0	-0.384628	2.52982	0	-0.0328009	0	0	0	0	0	0	0	0	0	-1.95824	-0.20338	0.0569044	0	0	1.27659	0	0	0	0.0986508	-0.0315925	1.35133
2011-08-10 00:00:00	-26.045	2.26893	2.84265	0	0.0467688	-0.0461891	0.128451	0	0	0	0	0	0	0	12.5613	-0.205605	0.0573559	0	0	1.56563	0	0	0	0.0995725	-0.0328487	-6.75898
2011-08-11 00:00:00	-27.782	0.022094	2.80883	0	0.00220433	-0.0655597	0.181734	0	0	0	0	0	0	0	14.4199	-0.209875	0.0583712	0	0	2.61136	0	0	0	0.101831	-0.0442916	-7.89535
2011-08-12 00:00:00	-0.995496	-1.72073	2.9788	0	-0.0147893	-0.000916271	0.00454208	0	0	0	0	0	0	0	-0.360165	-0.211242	0.0586116	0	0	2.92446	0	0	0	0.102983	-0.0505137	2.71555
2011-08-13 00:00:00	-4.95046	1.47232	3.01986	0	0.00586354	0	0.0016098	0	0	0	0	0	0	0	-0.266732	-0.210636	0.0584493	0	0	2.51238	0	0	0	0.103018	-0.046803	1.69887
2011-08-14 00:00:00	-0.204504	-1.82246	2.74132	0	-0.0132289	0	0.000963946	0	0	0	0	0	0	0	-1.00831	-0.210165	0.0583167	0	0	2.19355	0	0	0	0.103016	-0.0435279	1.79497
2011-08-15 00:00:00	-0.00450358	-0.235628	2.52499	0	-0.0323243	0	0	0	0	0	0	0	0	0	-2.12576	-0.209545	0.0581587	0	0	1.81139	0	0	0	0.103048	-0.0405827	1.84924
2011-08-16 00:00:00	-8.6	2.33434	2.5656	0	0.0451411	-0.000691855	0.00396747	0	0	0	0	0	0	0	1.64577	-0.209578	0.0581565	0	0	1.70429	0	0	0	0.103073	-0.0371042	-0.387048
2011-08-17 00:00:00	-0.2	-1.9844	2.51101	0	-0.00837164	-0.000316427	0.00132056	0	0	0	0	0	0	0	-0.478286	-0.209409	0.0581206	0	0	1.60256	0	0	0	0.10332	-0.036398	1.35915
2011-08-18 00:00:00	-13.937	1.98443	2.53971	0	0.0133004	-0.0231614	0.0636357	0	0	0	0	0	0	0	5.22948	-0.210076	0.0582487	0	0	1.64242	0	0	0	0.103593	-0.0355488	-2.57092
2011-08-19 00:00:00	-0.2	-2.02723	2.65022	0	-0.0131072	-0.000507873	0.00268406	0	0	0	0	0	0	0	-0.769763	-0.210327	0.058307	0	0	1.66804	0	0	0	0.104074	-0.0371907	1.2252
2011-08-20 00:00:00	-2.42702	-0.0110257	2.70025	0	-0.0041215	0	0	0	0	0	0	0	0	0	-0.234136	-0.209558	0.0581661	0	0	1.42893	0	0	0	0.103914	-0.0358046	1.36959
2011-08-21 00:00:00	-0.2	-0.276492	2.48862	0	-0.0288274	0	0.000595107	0	0	0	0	0	0	0	-2.28164	-0.20943	0.0581233	0	0	1.3152	0	0	0	0.103832	-0.0317418	0.938237
2011-08-22 00:00:00	-0.2	-0.015705	2.34328	0	-0.0179273	0	0	0	0	0	0	0	0	0	-1.94066	-0.20873	0.0579796	0	0	1.05426	0	0	0	0.103697	-0.029682	1.14651
2011-08-23 00:00:00	0	-0.0186355	2.56283	0	-0.00645779	0	0	0	0	0	0	0	0	0	-2.11197	-0.208447	0.0579209	0	0	0.924724	0	0	0	0.103667	-0.0265058	1.27712
2011-08-24 00:00:00	-2	-0.00503911	2.51374	0	0.00073963	0	0	0	0	0	0	0	0	0	-0.640577	-0.208009	0.0578393	0	0	0.828537	0	0	0	0.103541	-0.0235677	0.627201
2011-08-25 00:00:00	-0.818014	-0.00807773	2.412	0	-0.000824581	0	0	0	0	0	0	0	0	0	-1.31092	-0.207701	0.0577848	0	0	0.76655	0	0	0	0.103244	-0.0217129	0.972323
2011-08-26 00:00:00	-7.34145	2.40377	2.28429	0	0.00800089	0	0	0	0	0	0	0	0	0	1.24898	-0.207495	0.0577502	0	0	0.753635	0	0	0	0.103249	-0.0208562	-0.710125
2011-08-27 00:00:00	-12.4225	0.051621	2.27708	0	0.0615159	-0.0135749	0.03905	0	0	0	0	0	0	0	5.86408	-0.208686	0.0579833	0	0	1.00015	0	0	0	0.103576	-0.0247818	-3.2145
2011-08-28 00:00:00	-10.0676	0.0070632	2.26445	0	-0.000578987	-0.02039	0.0569525	0	0	0	0	0	0	0	4.48713	-0.209946	0.0582714	0	0	1.30504	0	0	0	0.104113	-0.0302428	-2.04569
2011-08-29 00:00:00	-0.2	-1.80203	2.27199	0	-0.00886535	-0.000414799	0.00259546	0	0	0	0	0	0	0	-0.735608	-0.209979	0.0583158	0	0	1.34246	0	0	0	0.104276	-0.0319982	0.790738
2011-08-30 00:00:00	0	-0.611877	2.31138	0	-0.0248223	0	8.15852E-05	0	0	0	0	0	0	0	-1.61159	-0.20951	0.0582165	0	0	1.18602	0	0	0	0.104063	-0.0300475	1.17191
2011-08-31 00:00:00	-0.00450358	-0.0142809	2.1635	0	-0.0244781	0	0	0	0	0	0	0	0	0	-2.13001	-0.20897	0.0581008	0	0	0.989087	0	0	0	0.104023	-0.0279063	0.904559
2011-09-01 00:00:00	0	-0.0160556	2.26264	0	-0.0107215	0	0	0	0	0	0	0	0	0	-1.46286	-0.2084	0.0579829	0	0	0.825054	0	0	0	0.10368	-0.0259991	1.52531
2011-09-02 00:00:00	-1.81351	-0.00273226	2.46505	0	0.00139673	0	0	0	0	0	0	0	0	0	-1.33546	-0.208178	0.0579392	0	0	0.775866	0	0	0	0.104016	-0.0223335	0.0220533
2011-09-03 00:00:00	-5.79099	2.46923	2.32687	0	0.00438877	0	0	0	0	0	0	0	0	0	0.556944	-0.207929	0.0578976	0	0	0.763738	0	0	0	0.103529	-0.0213007	0.262375
2011-09-04 00:00:00	-1.79099	-0.326584	2.12614	0	-2.87455E-05	0	0	0	0	0	0	0	0	0	-0.178431	-0.207569	0.0578347	0	0	0.76508	0	0	0	0.103495	-0.0213958	0.527549
2011-09-05 00:00:00	-0.204504	-1.67094	2.15071	0	-0.000192643	0	0.000193229	0	0	0	0	0	0	0	-0.504008	-0.207221	0.0577732	0	0	0.741373	0	0	0	0.10316	-0.0209665	0.445371
2011-09-06 00:00:00	-9.78649	2.04672	2.17588	0	0.0554095	-0.00285693	0.00904001	0	0	0	0	0	0	0	3.06052	-0.207387	0.0578149	0	0	0.808055	0	0	0	0.10312	-0.0214301	-1.7016
2011-09-07 00:00:00	-6.38199	0.0114185	2.14651	0	0.00675653	-0.0112737	0.0284111	0	0	0	0	0	0	0	2.33075	-0.208042	0.0579437	0	0	0.993625	0	0	0	0.103349	-0.0256018	-0.948142
2011-09-08 00:00:00	-5.55496	-0.00944631	2.11475	0	-5.51829E-05	-0.00925036	0.0262488	0	0	0	0	0	0	0	1.77428	-0.208348	0.0580076	0	0	1.09445	0	0	0	0.103443	-0.027445	-0.638329
2011-09-09 00:00:00	-3.5955	0.0397141	2.11284	0	-0.00121363	-0.0039816	0.0122281	0	0	0	0	0	0	0	0.502124	-0.208327	0.0580101	0	0	1.11636	0	0	0	0.10342	-0.0281428	0.107528
2011-09-10 00:00:00	-3.75947	-0.01586	2.41286	0	3.98826E-05	-0.00363793	0.0108205	0	0	0	0	0	0	0	0.506653	-0.208179	0.0579871	0	0	1.09719	0	0	0	0.103354	-0.0279181	0.173844
2011-09-11 00:00:00	-1.81351	-0.240249	1.97171	0	-0.000968244	-0.000320127	0.00210527	0	0	0	0	0	0	0	-0.322421	-0.207809	0.0579185	0	0	1.04281	0	0	0	0.103192	-0.0274421	0.565019
2011-09-12 00:00:00	-5.64954	0.251303	2.15091	0	0.00214334	-0.00819738	0.0229067	0	0	0	0	0	0	0	1.67805	-0.207883	0.0579534	0	0	1.05111	0	0	0	0.103083	-0.0269745	-0.575131
2011-09-13 00:00:00	-4.68106	0.0285611	1.81039	0	-0.000374499	-0.00732518	0.0212116	0	0	0	0	0	0	0	1.40797	-0.208105	0.0580425	0	0	1.11187	0	0	0	0.103153	-0.0277898	-0.383457
2011-09-14 00:00:00	-0.00450358	-1.57787	1.81049	0	-0.00638543	-0.000212127	0.0017473	0	0	0	0	0	0	0	-0.527069	-0.207833	0.0580153	0	0	1.07725	0	0	0	0.103114	-0.0278738	0.69887
2011-09-15 00:00:00	0	-0.968353	2.13951	0	-0.017114	0	0.000266233	0	0	0	0	0	0	0	-1.39793	-0.207214	0.0578937	0	0	0.944646	0	0	0	0.10293	-0.0270193	0.627618
2011-09-16 00:00:00	-12.0694	2.52911	1.88998	0	0.0274802	-0.0159285	0.0448926	0	0	0	0	0	0	0	4.67368	-0.207964	0.0580278	0	0	1.05797	0	0	0	0.102998	-0.026089	-1.93525
2011-09-17 00:00:00	-17.5883	0.0379996	1.77582	0	0.00147609	-0.0419588	0.116593	0	0	0	0	0	0	0	9.06902	-0.210221	0.0585074	0	0	1.54168	0	0	0	0.10406	-0.0329847	-5.16834
2011-09-18 00:00:00	-4.99099	-0.0116357	1.83955	0	-0.00191357	-0.00887538	0.0257838	0	0	0	0	0	0	0	1.56454	-0.211236	0.0587535	0	0	1.82399	0	0	0	0.10481	-0.0386473	0.15413
2011-09-19 00:00:00	-9.96397	0.0326045	1.6874	0	0.00405351	-0.0216153	0.0613425	0	0	0	0	0	0	0	4.60312	-0.212079	0.0589269	0	0	1.91054	0	0	0	0.105199	-0.0391204	-1.7736
2011-09-20 00:00:00	0	-1.57313	1.79946	0	-0.00883718	-0.000452337	0.00332793	0	0	0	0	0	0	0	-0.685033	-0.212139	0.0589553	0	0	1.86452	0	0	0	0.105561	-0.0395516	1.31267
2011-09-21 00:00:00	-9.68557	1.5499	1.72115	0	0.00952921	-0.0155336	0.0438747	0	0	0	0	0	0	0	3.33092	-0.212522	0.0590535	0	0	1.80517	0	0	0	0.105676	-0.0379755	-1.32633
2011-09-22 00:00:00	-0.0225179	-1.47671	1.71733	0	-0.00931996	-0.000416162	0.00334949	0	0	0	0	0	0	0	-0.54617	-0.212491	0.0590765	0	0	1.74432	0	0	0	0.10603	-0.0382502	1.32424
2011-09-23 00:00:00	0	-1.07935	1.80859	0	-0.0120871	0	0.00100479	0	0	0	0	0	0	0	-1.04481	-0.212081	0.0589937	0	0	1.54658	0	0	0	0.105895	-0.0360356	1.1367
2011-09-24 00:00:00	-1.60901	0.0424585	1.68091	0	-0.00250018	0	0.00135905	0	0	0	0	0	0	0	-0.443201	-0.211673	0.0589099	0	0	1.37507	0	0	0	0.105811	-0.0331994	0.964938
2011-09-25 00:00:00	-7.99099	2.54656	1.68945	0	0.02096	-0.00643188	0.0188612	0	0	0	0	0	0	0	1.85546	-0.211637	0.0589034	0	0	1.32269	0	0	0	0.105866	-0.0311006	-0.621412
2011-09-26 00:00:00	0	-1.38855	1.58335	0	-0.00711457	-0.000387754	0.00267256	0	0	0	0	0	0	0	-0.647429	-0.211619	0.0589082	0	0	1.31223	0	0	0	0.106037	-0.0313129	0.776784
2011-09-27 00:00:00	0	-1.1853	1.71307	0	-0.00895939	0	0.000373241	0	0	0	0	0	0	0	-0.762517	-0.210889	0.0587775	0	0	1.14045	0	0	0	0.105827	-0.030286	0.820551
2011-09-28 00:00:00	0	-0.0340599	1.98039	0	-0.0276051	0	0.000667021	0	0	0	0	0	0	0	-1.77295	-0.210773	0.0587357	0	0	1.04182	0	0	0	0.106332	-0.0277278	1.11483
2011-09-29 00:00:00	0	-0.0128012	1.83924	0	-0.0190232	0	0	0	0	0	0	0	0	0	-1.85745	-0.210255	0.0586305	0	0	0.878488	0	0	0	0.106219	-0.0257854	0.757264
2011-09-30 00:00:00	-0.00450358	-0.01171	1.82223	0	-0.00591726	0	0	0	0	0	0	0	0	0	-1.57693	-0.209737	0.0585292	0	0	0.759966	0	0	0	0.105945	-0.0232381	0.914636
2011-10-01 00:00:00	-5.59099	2.46034	1.76697	0	0.00811486	0	0	0	0	0	0	0	0	0	1.03358	-0.209609	0.0585097	0	0	0.776422	0	0	0	0.106067	-0.0212452	0.38816
2011-10-02 00:00:00	-22.9234	0.180314	1.54944	0	0.0651944	-0.0454353	0.125793	0	0	0	0	0	0	0	11.848	-0.212146	0.0590006	0	0	1.23073	0	0	0	0.106876	-0.0276716	-8.04336
2011-10-03 00:00:00	-0.204504	-1.13341	1.49032	0	-0.00950855	-0.000873817	0.00477475	0	0	0	0	0	0	0	-0.543255	-0.21322	0.0592207	0	0	1.58691	0	0	0	0.107654	-0.0361219	1.10799
2011-10-04 00:00:00	-0.00450358	-1.12585	1.3138	0	-0.00427067	0	0.00197713	0	0	0	0	0	0	0	-0.48102	-0.21256	0.0590917	0	0	1.38147	0	0	0	0.107428	-0.0350275	1.00054
2011-10-05 00:00:00	-2.84053	1.23159	1.42559	0	0.00263071	0	0.00203117	0	0	0	0	0	0	0	-0.161934	-0.212394	0.0590612	0	0	1.31206	0	0	0	0.107341	-0.0313998	0.894046
2011-10-06 00:00:00	-9.93961	1.02225	1.15932	0	0.00858989	-0.0188671	0.0530624	0	0	0	0	0	0	0	4.05935	-0.213056	0.0592412	0	0	1.39375	0	0	0	0.107498	-0.0311221	-2.33959
2011-10-07 00:00:00	-0.195496	-0.901978	1.21174	0	-0.00632718	-0.000497706	0.00336359	0	0	0	0	0	0	0	-0.443146	-0.213112	0.0592859	0	0	1.42476	0	0	0	0.107715	-0.0336255	1.01268
2011-10-08 00:00:00	-7.21351	0.876883	1.25579	0	0.00626022	-0.0126069	0.0362425	0	0	0	0	0	0	0	2.69734	-0.213424	0.0593537	0	0	1.42501	0	0	0	0.10776	-0.032148	-1.00705
2011-10-09 00:00:00	-3.02252	0.00675685	1.4104	0	-0.00236445	-0.00441506	0.0142599	0	0	0	0	0	0	0	0.567903	-0.213563	0.0593906	0	0	1.44696	0	0	0	0.107945	-0.0333772	0.337383
2011-10-10 00:00:00	-6.78199	-0.000473076	1.00635	0	0.00252325	-0.0150346	0.0434001	0	0	0	0	0	0	0	3.14668	-0.214105	0.0594963	0	0	1.50489	0	0	0	0.108048	-0.0335247	-1.17374
2011-10-11 00:00:00	-1.1955	-0.0677382	1.2066	0	-0.00355758	-0.000484015	0.0038402	0	0	0	0	0	0	0	-0.547296	-0.213969	0.0594645	0	0	1.46997	0	0	0	0.108173	-0.0344956	0.785009
2011-10-12 00:00:00	-7.77748	0.0803289	1.06756	0	0.00322192	-0.0171684	0.0492337	0	0	0	0	0	0	0	3.64571	-0.21458	0.0595735	0	0	1.522	0	0	0	0.108453	-0.0335575	-1.50671
2011-10-13 00:00:00	-0.195496	-0.838832	1.13935	0	-0.00584192	-0.000426177	0.00339206	0	0	0	0	0	0	0	-0.535373	-0.214464	0.0595456	0	0	1.49431	0	0	0	0.108962	-0.0350332	0.98009
2011-10-14 00:00:00	-1.2045	-0.0524959	1.26401	0	-0.000708427	0	0.00208717	0	0	0	0	0	0	0	-0.527837	-0.214111	0.0594705	0	0	1.36133	0	0	0	0.108795	-0.0322848	0.763745
2011-10-15 00:00:00	0	-1.0368	1.20507	0	-0.00437611	0	0.00168353	0	0	0	0	0	0	0	-0.558766	-0.213663	0.0593757	0	0	1.22697	0	0	0	0.108632	-0.0305067	0.757615
2011-10-16 00:00:00	-0.8	-0.254513	1.09432	0	-0.00157011	0	0.00184379	0	0	0	0	0	0	0	-0.415693	-0.213354	0.0593106	0	0	1.13696	0	0	0	0.108387	-0.0287819	0.686907
2011-10-17 00:00:00	-24.8946	2.19333	0.933099	0	0.0163027	-0.0551162	0.154899	0	0	0	0	0	0	0	12.4913	-0.215596	0.0597862	0	0	1.55716	0	0	0	0.109132	-0.0328272	-7.68312
2011-10-18 00:00:00	-2.43603	-0.00676847	0.89548	0	-0.00589005	-0.00478206	0.0167991	0	0	0	0	0	0	0	0.459881	-0.217123	0.0601753	0	0	2.02206	0	0	0	0.110157	-0.0408322	0.853134
2011-10-19 00:00:00	0	-0.690073	0.771421	0	-0.00324136	-0.000156387	0.00297868	0	0	0	0	0	0	0	-0.481558	-0.216772	0.060045	0	0	1.81855	0	0	0	0.110035	-0.0392297	1.332
2011-10-20 00:00:00	-3.2	0.693144	0.770074	0	0.00329439	-0.00408321	0.0135003	0	0	0	0	0	0	0	0.58387	-0.216631	0.0600026	0	0	1.66854	0	0	0	0.109996	-0.0370755	0.444628
2011-10-21 00:00:00	-2.8045	-0.000769221	0.999665	0	-0.000416692	-0.0047854	0.0155999	0	0	0	0	0	0	0	0.500564	-0.216677	0.0600032	0	0	1.60233	0	0	0	0.110065	-0.0359633	0.225111
2011-10-22 00:00:00	-0.2	-0.649185	0.915302	0	-0.0030094	-0.000178663	0.00231562	0	0	0	0	0	0	0	-0.658797	-0.216228	0.0599098	0	0	1.44894	0	0	0	0.11001	-0.0349991	0.774082
2011-10-23 00:00:00	-1.1955	0.191822	1.00146	0	-0.000530477	0	0.00256869	0	0	0	0	0	0	0	-0.273357	-0.215914	0.059838	0	0	1.32971	0	0	0	0.109763	-0.0323996	0.977466
2011-10-24 00:00:00	-0.604504	-0.361872	0.99356	0	-0.00124267	0	0.00234135	0	0	0	0	0	0	0	-0.354047	-0.215607	0.0597692	0	0	1.23024	0	0	0	0.109671	-0.0302613	0.828045
2011-10-25 00:00:00	-4.96397	0.787263	0.90464	0	0.00519928	-0.0079901	0.0238416	0	0	0	0	0	0	0	1.53049	-0.21568	0.0597731	0	0	1.21505	0	0	0	0.1096	-0.0292145	-0.581003
2011-10-26 00:00:00	-2.58649	-0.0264364	0.769131	0	-1.8538E-06	-0.00499475	0.0154009	0	0	0	0	0	0	0	0.726005	-0.215811	0.0597949	0	0	1.25047	0	0	0	0.10967	-0.0298847	0.0668554
2011-10-27 00:00:00	-0.786489	-0.0441877	0.802219	0	-0.00182631	-0.000198	0.00331566	0	0	0	0	0	0	0	-0.365992	-0.21554	0.059741	0	0	1.19448	0	0	0	0.10952	-0.0293806	0.725666
2011-10-28 00:00:00	-0.00450358	-0.67249	0.759648	0	-0.00245266	0	0.00183355	0	0	0	0	0	0	0	-0.438319	-0.215152	0.0596624	0	0	1.10139	0	0	0	0.109319	-0.0281409	0.670795
2011-10-29 00:00:00	0	-0.745912	0.867895	0	-0.00331076	0	0.00253842	0	0	0	0	0	0	0	-0.506786	-0.214814	0.0595951	0	0	1.02699	0	0	0	0.109083	-0.0269189	0.568363
2011-10-30 00:00:00	-0.00450358	-0.739465	0.8675	0	-0.00319114	0	0.00232208	0	0	0	0	0	0	0	-0.430309	-0.214434	0.0595209	0	0	0.958022	0	0	0	0.108868	-0.0258892	0.578441
2011-10-31 00:00:00	-5.36847	2.18528	0.888543	0	0.00923667	-0.00463522	0.0149894	0	0	0	0	0	0	0	1.16497	-0.214219	0.0594795	0	0	0.939134	0	0	0	0.108741	-0.025164	-0.242119
2011-11-01 00:00:00	-2.1955	-0.0112134	0.704363	0	-0.000248986	-0.0041041	0.0132696	0	0	0	0	0	0	0	0.475621	-0.214337	0.0594987	0	0	1.00082	0	0	0	0.108817	-0.0261565	-0.0891676
2011-11-02 00:00:00	-0.00450358	-0.658489	0.739506	0	-0.00306114	-0.000152636	0.00239461	0	0	0	0	0	0	0	-0.421523	-0.213974	0.0594343	0	0	0.969275	0	0	0	0.108604	-0.0261938	0.551316
2011-11-03 00:00:00	-2.56397	0.631987	0.822459	0	0.00263155	-0.0024732	0.00927836	0	0	0	0	0	0	0	0.404207	-0.213771	0.0593951	0	0	0.941357	0	0	0	0.108416	-0.0251927	0.174325
2011-11-04 00:00:00	-2.58199	0.00468446	0.688946	0	0.000741479	-0.00500994	0.0158873	0	0	0	0	0	0	0	0.768784	-0.213767	0.0593923	0	0	0.97002	0	0	0	0.108319	-0.0256658	-0.209655
2011-11-05 00:00:00	-0.204504	-0.276089	0.481928	0	-0.00178869	-0.000204714	0.00235332	0	0	0	0	0	0	0	-0.478259	-0.213311	0.0593117	0	0	0.943128	0	0	0	0.108236	-0.0259524	0.394848
2011-11-06 00:00:00	-0.395496	-0.0961746	0.506857	0	-0.00102952	0	0.0015467	0	0	0	0	0	0	0	-0.161094	-0.213048	0.059263	0	0	0.906774	0	0	0	0.107929	-0.0248129	0.690714
2011-11-07 00:00:00	-0.00450358	-0.512584	0.602339	0	-0.00253448	0	0.00296497	0	0	0	0	0	0	0	-0.428866	-0.21274	0.0592084	0	0	0.870969	0	0	0	0.107723	-0.0234744	0.458502
2011-11-08 00:00:00	-0.981986	0.360757	0.591223	0	-6.96584E-05	0	0.00215345	0	0	0	0	0	0	0	-0.281672	-0.212288	0.0591278	0	0	0.831893	0	0	0	0.107534	-0.0227204	0.453952
2011-11-09 00:00:00	-0.590993	-0.0305305	0.61786	0	-0.000663704	0	0.00183423	0	0	0	0	0	0	0	-0.291254	-0.211991	0.0590707	0	0	0.808983	0	0	0	0.107292	-0.0221141	0.447494
2011-11-10 00:00:00	-1.80901	0.498339	0.652761	0	0.00219426	-0.00107568	0.00558982	0	0	0	0	0	0	0	0.108395	-0.211718	0.0590211	0	0	0.79786	0	0	0	0.10702	-0.0217578	0.187623
2011-11-11 00:00:00	-3.6	0.00337209	0.510975	0	0.00210367	-0.00796763	0.0242548	0	0	0	0	0	0	0	1.53623	-0.211812	0.0590444	0	0	0.853329	0	0	0	0.106948	-0.0227012	-0.746222
2011-11-12 00:00:00	-1.19099	-0.0118276	0.540061	0	-0.000678394	-0.00190223	0.00720857	0	0	0	0	0	0	0	-0.000400782	-0.211723	0.0590404	0	0	0.900022	0	0	0	0.106884	-0.0239939	0.171697
2011-11-13 00:00:00	-0.195496	-0.31726	0.532237	0	-0.00168819	-7.90298E-05	0.00193167	0	0	0	0	0	0	0	-0.317378	-0.211345	0.0589718	0	0	0.873447	0	0	0	0.106699	-0.0236582	0.506383
2011-11-14 00:00:00	-0.00450358	-0.408776	0.481851	0	-0.00213729	0	0.00248159	0	0	0	0	0	0	0	-0.439769	-0.210997	0.0589062	0	0	0.839227	0	0	0	0.106457	-0.0227775	0.399962
2011-11-15 00:00:00	-0.195496	-0.275878	0.516715	0	-0.00183422	0	0.00200256	0	0	0	0	0	0	0	-0.332839	-0.210529	0.0588205	0	0	0.803525	0	0	0	0.1063	-0.0222509	0.448534
2011-11-16 00:00:00	0	-0.384383	0.448276	0	-0.00154008	0	0.00185358	0	0	0	0	0	0	0	-0.353077	-0.210247	0.0587648	0	0	0.781936	0	0	0	0.10598	-0.0216715	0.425891
2011-11-17 00:00:00	-0.409007	-0.0832503	0.508259	0	-0.000387102	0	0.00241809	0	0	0	0	0	0	0	-0.233118	-0.209866	0.0586934	0	0	0.760299	0	0	0	0.105748	-0.0212303	0.478559
2011-11-18 00:00:00	-0.613511	0.207492	0.406019	0	-5.79453E-05	0	0.0018654	0	0	0	0	0	0	0	-0.410485	-0.20953	0.0586322	0	0	0.744782	0	0	0	0.105517	-0.0208853	0.269839
2011-11-19 00:00:00	0	-0.441719	0.48409	0	-0.000987577	0	0.00178037	0	0	0	0	0	0	0	-0.31239	-0.208999	0.0585378	0	0	0.727304	0	0	0	0.105254	-0.0207404	0.392131
2011-11-20 00:00:00	-0.00450358	-0.373176	0.501757	0	-0.00236981	0	0.00213951	0	0	0	0	0	0	0	-0.249321	-0.208809	0.058502	0	0	0.717514	0	0	0	0.104912	-0.0203841	0.526262
2011-11-21 00:00:00	-0.395496	-0.0250567	0.488327	0	-0.00110853	0	0.00185076	0	0	0	0	0	0	0	-0.260135	-0.208451	0.0584382	0	0	0.70376	0	0	0	0.104729	-0.0201426	0.446714
2011-11-22 00:00:00	-4.97298	2.02874	0.417439	0	0.0112242	-0.00442198	0.0154396	0	0	0	0	0	0	0	1.23986	-0.208297	0.0584155	0	0	0.727024	0	0	0	0.104637	-0.0203012	-0.603229
2011-11-23 00:00:00	-4.17748	-0.0109986	0.472992	0	0.000259674	-0.00983038	0.0289984	0	0	0	0	0	0	0	1.82417	-0.208701	0.0585185	0	0	0.85816	0	0	0	0.104821	-0.0223374	-1.08143
2011-11-24 00:00:00	-6.85855	-0.00519762	0.475711	0	0.00426826	-0.0164977	0.0476069	0	0	0	0	0	0	0	3.50893	-0.20943	0.0586897	0	0	1.03376	0	0	0	0.105	-0.0259439	-1.88165
2011-11-25 00:00:00	-5.73961	-0.0116239	0.371151	0	0.00159524	-0.0137944	0.040472	0	0	0	0	0	0	0	2.90437	-0.210204	0.0588991	0	0	1.22233	0	0	0	0.105381	-0.0289517	-1.29999
2011-11-26 00:00:00	-3.24053	-0.0101605	0.444213	0	-0.000972849	-0.00735531	0.0230707	0	0	0	0	0	0	0	1.22805	-0.210537	0.0590169	0	0	1.30628	0	0	0	0.10561	-0.0305666	-0.333893
2011-11-27 00:00:00	-6.9306	-0.00319696	0.391626	0	0.00108891	-0.0166538	0.0493597	0	0	0	0	0	0	0	3.46354	-0.211239	0.0592	0	0	1.41469	0	0	0	0.10587	-0.0319237	-1.70824
2011-11-28 00:00:00	-1.81351	-0.015568	0.387143	0	-0.00160178	-0.00397492	0.0131641	0	0	0	0	0	0	0	0.408649	-0.211443	0.0592809	0	0	1.45576	0	0	0	0.106116	-0.0338069	0.350209
2011-11-29 00:00:00	-14.7531	-0.00146567	0.379818	0	0.004102	-0.0368595	0.106264	0	0	0	0	0	0	0	7.92899	-0.213179	0.0596735	0	0	1.72821	0	0	0	0.106663	-0.0356703	-4.72657
2011-11-30 00:00:00	-6.0045	-0.00876041	0.364252	0	-0.00242387	-0.0151208	0.0458629	0	0	0	0	0	0	0	2.87387	-0.214461	0.0600311	0	0	2.00709	0	0	0	0.107618	-0.0401847	-0.826736
2011-12-01 00:00:00	-10.445	-0.00687943	0.294716	0	0.0013096	-0.0264082	0.0772017	0	0	0	0	0	0	0	5.26157	-0.215781	0.0603397	0	0	2.19306	0	0	0	0.108276	-0.0418041	-2.73943
2011-12-02 00:00:00	-1.21351	-0.0061425	0.295945	0	-0.00336928	-0.00279829	0.0112976	0	0	0	0	0	0	0	0.0151234	-0.216101	0.0604292	0	0	2.17801	0	0	0	0.108828	-0.0430144	1.18469
2011-12-03 00:00:00	-2.66305	-0.0127302	0.3236	0	0.00069589	-0.00586876	0.0187014	0	0	0	0	0	0	0	0.845684	-0.216088	0.0604016	0	0	2.01796	0	0	0	0.10891	-0.0409335	0.437283
2011-12-04 00:00:00	-1.60901	-0.00341705	0.261676	0	-0.000610616	-0.00355082	0.0127801	0	0	0	0	0	0	0	0.2079	-0.216028	0.0603647	0	0	1.87577	0	0	0	0.109007	-0.0393686	0.655516
2011-12-05 00:00:00	-24.8874	-0.0103333	0.245427	0	0.00773892	-0.0643409	0.182868	0	0	0	0	0	0	0	13.5588	-0.219091	0.0609176	0	0	2.4325	0	0	0	0.110337	-0.0430699	-8.62566
2011-12-06 00:00:00	-3.41801	-0.00685827	0.261801	0	-0.00651634	-0.00894953	0.0303028	0	0	0	0	0	0	0	1.23232	-0.220796	0.0613017	0	0	2.87033	0	0	0	0.111769	-0.0500611	0.856628
2011-12-07 00:00:00	-7.23603	-0.00948359	0.266606	0	0.00135126	-0.0180552	0.0538741	0	0	0	0	0	0	0	3.49203	-0.221604	0.0614273	0	0	2.78475	0	0	0	0.112194	-0.0488973	-0.761837
2011-12-08 00:00:00	-14.9685	-0.00871306	0.297654	0	0.00252435	-0.0384245	0.111494	0	0	0	0	0	0	0	7.88238	-0.22364	0.0618338	0	0	3.07879	0	0	0	0.113179	-0.0510736	-3.74247
2011-12-09 00:00:00	-2	-0.013272	0.252745	0	-0.00423835	-0.00511776	0.0178923	0	0	0	0	0	0	0	0.445274	-0.224518	0.0619866	0	0	3.09552	0	0	0	0.114217	-0.052613	1.68787
2011-12-10 00:00:00	-5.39099	-0.000791648	0.249033	0	0.00104418	-0.0133264	0.0422171	0	0	0	0	0	0	0	1.95057	-0.224979	0.0620632	0	0	2.91344	0	0	0	0.114503	-0.0499943	-0.347216
2011-12-11 00:00:00	-1.81351	-0.00890124	0.291909	0	-0.00161975	-0.0041434	0.0151446	0	0	0	0	0	0	0	0.318163	-0.224982	0.0620586	0	0	2.62676	0	0	0	0.114775	-0.0499054	1.32574
2011-12-12 00:00:00	-4.75046	-0.00604168	0.276398	0	0.00127055	-0.0116982	0.0366056	0	0	0	0	0	0	0	1.73971	-0.225476	0.0621359	0	0	2.54757	0	0	0	0.115578	-0.0464527	-0.26086
2011-12-13 00:00:00	-6	-0.00940615	0.270176	0	0.000523788	-0.0150035	0.0455588	0	0	0	0	0	0	0	2.66387	-0.226233	0.062284	0	0	2.5161	0	0	0	0.11596	-0.0461906	-0.622359
2011-12-14 00:00:00	-4.25855	-0.0116408	0.267566	0	-0.00052215	-0.0104166	0.0326063	0	0	0	0	0	0	0	1.74382	-0.226911	0.0623955	0	0	2.46235	0	0	0	0.11692	-0.0459921	0.131635
2011-12-15 00:00:00	-0.395496	-0.00474779	0.216815	0	-0.00176512	-0.000728199	0.00627375	0	0	0	0	0	0	0	-0.683855	-0.227153	0.0623684	0	0	2.25641	0	0	0	0.117187	-0.0440341	1.30128
2011-12-16 00:00:00	-0.786489	-0.00733849	0.202703	0	-0.000288061	-0.00147851	0.00773437	0	0	0	0	0	0	0	-0.338099	-0.226932	0.0623089	0	0	2.02595	0	0	0	0.117136	-0.041686	1.01352
2011-12-17 00:00:00	-0.590993	-0.00681828	0.197483	0	-3.67801E-05	-0.00105452	0.0062262	0	0	0	0	0	0	0	-0.44794	-0.22666	0.0622546	0	0	1.82777	0	0	0	0.117094	-0.039512	0.897814
2011-12-18 00:00:00	0	-0.210892	0.213985	0	-0.000785062	-4.7306E-05	0.00294833	0	0	0	0	0	0	0	-0.684312	-0.226357	0.0621992	0	0	1.65962	0	0	0	0.117073	-0.0370552	0.896374
2011-12-19 00:00:00	-20.5865	0.192868	0.255653	0	0.00777273	-0.0520888	0.149523	0	0	0	0	0	0	0	10.997	-0.22882	0.0626801	0	0	2.09556	0	0	0	0.117805	-0.039418	-7.02793
2011-12-20 00:00:00	-1.5955	-0.0123637	0.250355	0	-0.00585604	-0.00425213	0.0162267	0	0	0	0	0	0	0	0.024365	-0.230099	0.0629539	0	0	2.41965	0	0	0	0.118838	-0.0452556	0.999062
2011-12-21 00:00:00	-5.45404	-0.00116588	0.295007	0	0.00143572	-0.0131756	0.0419644	0	0	0	0	0	0	0	2.15348	-0.230675	0.0630758	0	0	2.34655	0	0	0	0.119048	-0.0438976	-0.722399
2011-12-22 00:00:00	-2.43153	-0.0146188	0.289095	0	-0.00123178	-0.00569046	0.0191332	0	0	0	0	0	0	0	0.719336	-0.230918	0.0631647	0	0	2.24888	0	0	0	0.119755	-0.0438405	0.731544
2011-12-23 00:00:00	-4.24053	-0.0051456	0.26872	0	0.000839459	-0.0102005	0.0325519	0	0	0	0	0	0	0	1.59787	-0.231423	0.0632787	0	0	2.18108	0	0	0	0.120349	-0.0422428	-0.264849
2011-12-24 00:00:00	-2.3955	-0.00581055	0.282587	0	-0.00113352	-0.00563073	0.0200937	0	0	0	0	0	0	0	0.428443	-0.23201	0.0633556	0	0	2.09616	0	0	0	0.120513	-0.0419585	0.329114
2011-12-25 00:00:00	-1.0045	-0.0131755	0.359034	0	-0.000765563	-0.00176679	0.00807668	0	0	0	0	0	0	0	-0.318259	-0.2319	0.0633913	0	0	1.92698	0	0	0	0.120604	-0.0405451	0.867167
2011-12-26 00:00:00	-2.6045	-0.00153248	0.365409	0	0.000753376	-0.00568415	0.0201422	0	0	0	0	0	0	0	0.580882	-0.232025	0.0634422	0	0	1.82025	0	0	0	0.120689	-0.0385899	0.0892379
2011-12-27 00:00:00	-0.590993	-0.0111305	0.306982	0	-0.00122992	-0.000900021	0.00571198	0	0	0	0	0	0	0	-0.663729	-0.231905	0.063416	0	0	1.6864	0	0	0	0.120771	-0.0376564	0.645737
2011-12-28 00:00:00	-6.49007	-0.00782633	0.297338	0	0.00305661	-0.0156534	0.047144	0	0	0	0	0	0	0	3.00296	-0.233049	0.0635466	0	0	1.72962	0	0	0	0.121329	-0.0371553	-1.51876
2011-12-29 00:00:00	-3.27656	-0.00544481	0.258516	0	-0.00152343	-0.00784852	0.0260356	0	0	0	0	0	0	0	1.16653	-0.23364	0.0637055	0	0	1.79838	0	0	0	0.121689	-0.0382155	-0.128375
2011-12-30 00:00:00	-8.16397	-0.00716838	0.25254	0	0.00210234	-0.0206543	0.0616739	0	0	0	0	0	0	0	3.94621	-0.235311	0.0640088	0	0	1.96159	0	0	0	0.122207	-0.0387879	-2.05556
2011-12-31 00:00:00	-2.02252	-0.0129065	0.344842	0	-0.00235555	-0.00462438	0.0168286	0	0	0	0	0	0	0	0.350298	-0.235795	0.0641011	0	0	1.97721	0	0	0	0.122487	-0.0409716	0.556599
2012-01-01 00:00:00	-3.42702	-0.00624219	0.302954	0	0.000675474	-0.00800414	0.0263483	0	0	0	0	0	0	0	1.10182	-0.236195	0.0641782	0	0	1.91406	0	0	0	0.122683	-0.0395843	-0.184325
2012-01-02 00:00:00	-0.4	-0.00670133	0.252378	0	-0.00196012	-0.000580716	0.00544227	0	0	0	0	0	0	0	-0.665232	-0.236083	0.0641685	0	0	1.78706	0	0	0	0.1228	-0.0386999	0.882588
2012-01-03 00:00:00	-8.88557	-0.00843528	0.271164	0	0.00437734	-0.0219224	0.0649909	0	0	0	0	0	0	0	4.23993	-0.237021	0.0643822	0	0	1.88805	0	0	0	0.123044	-0.0389108	-2.53592
2012-01-04 00:00:00	-22.0495	-0.00615379	0.291439	0	0.00371737	-0.0567166	0.163772	0	0	0	0	0	0	0	11.7157	-0.240533	0.0651168	0	0	2.69844	0	0	0	0.124593	-0.0458575	-7.33598
2012-01-05 00:00:00	-5.7955	-0.0060809	0.276663	0	-0.00519456	-0.0150095	0.0484608	0	0	0	0	0	0	0	2.3379	-0.242829	0.065611	0	0	3.23962	0	0	0	0.126401	-0.0535989	-0.0235475
2012-01-06 00:00:00	-0.8	-0.00795557	0.281851	0	-0.00245243	-0.0016181	0.00898342	0	0	0	0	0	0	0	-0.610397	-0.243318	0.0657026	0	0	2.90535	0	0	0	0.126677	-0.0531272	1.6697
2012-01-07 00:00:00	-0.204504	-0.097282	0.297042	0	-0.000423152	-7.30994E-05	0.00417066	0	0	0	0	0	0	0	-1.04051	-0.243165	0.0656901	0	0	2.5933	0	0	0	0.126923	-0.048671	1.4525
2012-01-08 00:00:00	-0.4	0.0513902	0.347263	0	-0.000267914	0	0.00286164	0	0	0	0	0	0	0	-0.732868	-0.242869	0.0656524	0	0	2.26994	0	0	0	0.127182	-0.0453136	1.44298
2012-01-09 00:00:00	-1.4045	0.0229786	0.336641	0	0.000901716	-0.00234304	0.0112408	0	0	0	0	0	0	0	-0.224968	-0.242828	0.0656499	0	0	2.07125	0	0	0	0.127774	-0.041955	0.719836
2012-01-10 00:00:00	-4.2	-0.00871031	0.34696	0	0.00134395	-0.00989178	0.0314801	0	0	0	0	0	0	0	1.23792	-0.243247	0.0657533	0	0	1.99083	0	0	0	0.127981	-0.0408023	-0.700381
2012-01-11 00:00:00	-0.8	-0.0142925	0.367408	0	-0.00165969	-0.00132057	0.00679224	0	0	0	0	0	0	0	-0.489992	-0.243324	0.0658159	0	0	1.89125	0	0	0	0.128183	-0.0399611	0.868895
2012-01-12 00:00:00	-5.78199	0.00145166	0.331729	0	0.00236181	-0.0139835	0.0436588	0	0	0	0	0	0	0	2.24885	-0.243966	0.0659449	0	0	1.88963	0	0	0	0.12839	-0.038973	-1.36689
2012-01-13 00:00:00	-0.2	-0.0466501	0.240226	0	-0.00275147	-0.000387843	0.00470905	0	0	0	0	0	0	0	-0.810241	-0.244146	0.066031	0	0	1.82888	0	0	0	0.128581	-0.0396512	0.924601
2012-01-14 00:00:00	-3	0.0303751	0.252916	0	0.00163565	-0.00675209	0.0229836	0	0	0	0	0	0	0	0.857953	-0.244365	0.0661031	0	0	1.73819	0	0	0	0.128729	-0.0379093	-0.190144
2012-01-15 00:00:00	-5.27523	-0.00734756	0.211501	0	0.000954098	-0.0132237	0.0408263	0	0	0	0	0	0	0	2.21634	-0.245313	0.0663223	0	0	1.81021	0	0	0	0.129113	-0.0383015	-1.10415
2012-01-16 00:00:00	-0.2	-0.0219891	0.210807	0	-0.00227447	-0.000368341	0.0045446	0	0	0	0	0	0	0	-0.955795	-0.245301	0.0662059	0	0	1.7417	0	0	0	0.129393	-0.0386479	0.688275
2012-01-17 00:00:00	-0.204504	-0.12208	0.325112	0	-0.000189381	0	0.0037329	0	0	0	0	0	0	0	-0.632637	-0.2451	0.0661321	0	0	1.59212	0	0	0	0.129303	-0.0365501	0.875342
2012-01-18 00:00:00	-1.81801	0.117356	0.389153	0	0.000792048	-0.00297001	0.0122611	0	0	0	0	0	0	0	0.18711	-0.245136	0.066246	0	0	1.49235	0	0	0	0.129267	-0.0352087	0.293201
2012-01-19 00:00:00	-2.89007	-0.00389096	0.336843	0	0.000544749	-0.00631802	0.021727	0	0	0	0	0	0	0	0.750535	-0.245506	0.066561	0	0	1.48644	0	0	0	0.129415	-0.0343659	-0.388082
2012-01-20 00:00:00	-2.83603	-0.011483	0.344542	0	0.000209406	-0.00638306	0.0211018	0	0	0	0	0	0	0	0.551533	-0.245968	0.0667569	0	0	1.50622	0	0	0	0.129559	-0.0347738	-0.514715
2012-01-21 00:00:00	-1.23603	-0.00793548	0.394776	0	-0.00101431	-0.00215194	0.00968892	0	0	0	0	0	0	0	-0.221942	-0.246166	0.0668363	0	0	1.46584	0	0	0	0.129528	-0.0343281	0.317106
2012-01-22 00:00:00	-3.47656	-0.00850214	0.389823	0	0.00146445	-0.00767959	0.0248695	0	0	0	0	0	0	0	1.12966	-0.247021	0.0669586	0	0	1.47496	0	0	0	0.129675	-0.033512	-0.555873
2012-01-23 00:00:00	-0.2	-0.143923	0.343923	0	-0.00218876	-0.000253689	0.00458095	0	0	0	0	0	0	0	-0.75441	-0.247092	0.0669992	0	0	1.42508	0	0	0	0.129687	-0.0336607	0.588741
2012-01-24 00:00:00	-6.59099	0.137488	0.361283	0	0.00342124	-0.0154446	0.0473157	0	0	0	0	0	0	0	2.73085	-0.247901	0.0671673	0	0	1.50468	0	0	0	0.129811	-0.0337776	-1.9061
2012-01-25 00:00:00	-4.2	0.00014791	0.46482	0	-0.00143426	-0.0098193	0.0324811	0	0	0	0	0	0	0	1.3231	-0.248816	0.0673609	0	0	1.65277	0	0	0	0.130059	-0.0365298	-0.82586
2012-01-26 00:00:00	-3.47206	-0.00787406	0.358883	0	5.73643E-05	-0.00795791	0.0257441	0	0	0	0	0	0	0	0.936649	-0.249547	0.0675666	0	0	1.70058	0	0	0	0.130299	-0.0371119	-0.554764
2012-01-27 00:00:00	-2.74145	-0.00727249	0.344037	0	-0.000330945	-0.00640549	0.0222225	0	0	0	0	0	0	0	0.614345	-0.250035	0.067675	0	0	1.7012	0	0	0	0.130383	-0.037459	-0.163093
2012-01-28 00:00:00	-0.2	-0.104188	0.291348	0	-0.00163646	-0.000253618	0.00433064	0	0	0	0	0	0	0	-0.675759	-0.25008	0.0676769	0	0	1.58306	0	0	0	0.130366	-0.0372984	0.807562
2012-01-29 00:00:00	-0.00450358	-0.306276	0.359349	0	-0.0010186	0	0.00356088	0	0	0	0	0	0	0	-0.888211	-0.250082	0.0676751	0	0	1.46796	0	0	0	0.130432	-0.0348985	0.543989
2012-01-30 00:00:00	0	-0.320227	0.379237	0	-0.00149603	0	0.00291083	0	0	0	0	0	0	0	-0.704482	-0.249976	0.0676535	0	0	1.34403	0	0	0	0.130396	-0.0330294	0.615011
2012-01-31 00:00:00	-3.19099	0.717189	0.332588	0	0.00412854	-0.0046347	0.0180186	0	0	0	0	0	0	0	0.609644	-0.250232	0.067678	0	0	1.30699	0	0	0	0.130458	-0.0311951	-0.290364
2012-02-01 00:00:00	0	-0.315741	0.343685	0	-0.00203767	-0.000238251	0.00389905	0	0	0	0	0	0	0	-0.9127	-0.250417	0.0677031	0	0	1.28076	0	0	0	0.130518	-0.0310077	0.314429
2012-02-02 00:00:00	0	-0.233456	0.276612	0	-0.00128236	0	0.00268442	0	0	0	0	0	0	0	-0.576931	-0.250494	0.0676663	0	0	1.19554	0	0	0	0.130377	-0.0298729	0.580845
2012-02-03 00:00:00	0	-0.308579	0.365683	0	-0.00126413	0	0.00373817	0	0	0	0	0	0	0	-0.723601	-0.250868	0.0675981	0	0	1.13171	0	0	0	0.130295	-0.0283376	0.386371
2012-02-04 00:00:00	-1.62702	0.836556	0.403428	0	0.00345962	-1.09083E-05	0.00470601	0	0	0	0	0	0	0	-0.344123	-0.250841	0.0675887	0	0	1.07856	0	0	0	0.130171	-0.0277314	0.274739
2012-02-05 00:00:00	-0.2	-0.20747	0.418129	0	-0.000362468	-6.72157E-05	0.00297803	0	0	0	0	0	0	0	-0.654727	-0.250808	0.0675864	0	0	1.03886	0	0	0	0.130152	-0.0271531	0.317113
2012-02-06 00:00:00	0	-0.365507	0.433353	0	-0.00176145	0	0.00341606	0	0	0	0	0	0	0	-0.636572	-0.250748	0.067573	0	0	0.999811	0	0	0	0.1299	-0.0265299	0.352934
2012-02-07 00:00:00	-0.2	-0.134995	0.363748	0	-0.000982429	0	0.00242182	0	0	0	0	0	0	0	-0.445963	-0.250653	0.0675526	0	0	0.958962	0	0	0	0.129768	-0.0260544	0.463804
2012-02-08 00:00:00	-0.00900717	-0.345178	0.420075	0	-0.00145711	0	0.00345558	0	0	0	0	0	0	0	-0.650883	-0.250599	0.0675392	0	0	0.930474	0	0	0	0.129629	-0.0250099	0.269038
2012-02-09 00:00:00	-5.35496	1.02718	0.472114	0	0.00623552	-0.00863223	0.029651	0	0	0	0	0	0	0	1.61637	-0.25096	0.0675993	0	0	0.981101	0	0	0	0.129568	-0.0255419	-1.31028
2012-02-10 00:00:00	-4.80901	-0.00691323	0.405856	0	0.000125735	-0.0114813	0.0358147	0	0	0	0	0	0	0	1.93382	-0.251944	0.0677743	0	0	1.17202	0	0	0	0.129692	-0.0285437	-1.36278
2012-02-11 00:00:00	-3.59099	-0.00269205	0.515132	0	-0.000470947	-0.00803635	0.0266595	0	0	0	0	0	0	0	1.05198	-0.252753	0.0679146	0	0	1.30623	0	0	0	0.129769	-0.0306627	-0.787927
2012-02-12 00:00:00	-1	-0.0141287	0.568853	0	-0.00148517	-0.00118957	0.00671324	0	0	0	0	0	0	0	-0.420623	-0.252934	0.0679461	0	0	1.30339	0	0	0	0.129721	-0.0314902	0.354772
2012-02-13 00:00:00	-1.19099	-0.0110928	0.579761	0	0.000146878	-0.00145022	0.00747922	0	0	0	0	0	0	0	-0.165857	-0.252983	0.0679458	0	0	1.24977	0	0	0	0.12966	-0.0301343	0.382252
2012-02-14 00:00:00	-1.5	0.00469358	0.591628	0	0.000101184	-0.00215137	0.0104093	0	0	0	0	0	0	0	-0.0896166	-0.253065	0.0679511	0	0	1.21363	0	0	0	0.129562	-0.0296651	0.143481
2012-02-15 00:00:00	-9.95496	-0.00479603	0.662979	0	0.00341724	-0.0239596	0.0711297	0	0	0	0	0	0	0	4.55244	-0.254363	0.0681761	0	0	1.42059	0	0	0	0.129713	-0.0322651	-3.3619
2012-02-16 00:00:00	-1.19099	-0.0247387	0.689932	0	-0.00341137	-0.00165615	0.00805753	0	0	0	0	0	0	0	-0.371008	-0.25514	0.068319	0	0	1.5624	0	0	0	0.129887	-0.0358461	0.575801
2012-02-17 00:00:00	-1.21801	0.0167093	0.713644	0	-0.000245424	-0.00100879	0.00799332	0	0	0	0	0	0	0	-0.540703	-0.255105	0.0683312	0	0	1.46981	0	0	0	0.129784	-0.0344135	0.35678
2012-02-18 00:00:00	-5.45855	-0.00380083	0.605575	0	0.00205989	-0.0121312	0.0379657	0	0	0	0	0	0	0	2.27918	-0.255678	0.0684604	0	0	1.51408	0	0	0	0.129787	-0.0348918	-1.12794
2012-02-19 00:00:00	-0.195496	-0.327513	0.55415	0	-0.00339712	-0.000365422	0.00390173	0	0	0	0	0	0	0	-0.714796	-0.255865	0.0685012	0	0	1.50219	0	0	0	0.129969	-0.0352236	0.726052
2012-02-20 00:00:00	-3.04504	0.321907	0.701777	0	0.00226677	-0.00446988	0.0176979	0	0	0	0	0	0	0	0.609197	-0.25598	0.0685337	0	0	1.4431	0	0	0	0.12991	-0.0335918	-0.0446936
2012-02-21 00:00:00	-8.55046	-0.0115015	0.788689	0	0.00239077	-0.0200595	0.0599562	0	0	0	0	0	0	0	3.98996	-0.257456	0.0687581	0	0	1.64571	0	0	0	0.130155	-0.035196	-2.18905
2012-02-22 00:00:00	-3.21351	0.00214922	0.883128	0	-0.00217478	-0.00606528	0.0222343	0	0	0	0	0	0	0	0.694392	-0.257947	0.0689616	0	0	1.75012	0	0	0	0.130314	-0.038234	0.0333618
2012-02-23 00:00:00	-1.01801	-0.0578529	0.916389	0	-0.00143738	-0.000282204	0.00362904	0	0	0	0	0	0	0	-0.49537	-0.257916	0.0689184	0	0	1.64299	0	0	0	0.130413	-0.0373833	0.894077
2012-02-24 00:00:00	-0.604504	-0.198722	0.841223	0	-0.000974426	-5.01169E-06	0.00467314	0	0	0	0	0	0	0	-0.945835	-0.257754	0.0688805	0	0	1.51414	0	0	0	0.130282	-0.0352289	0.516177
2012-02-25 00:00:00	-1.83153	0.236023	0.782984	0	0.00162432	-0.00123629	0.00752094	0	0	0	0	0	0	0	-0.291932	-0.257536	0.0688362	0	0	1.39705	0	0	0	0.130198	-0.0343099	0.207698
2012-02-26 00:00:00	-1.1955	0.000775195	0.66209	0	-0.000315675	-0.00122816	0.00763059	0	0	0	0	0	0	0	-0.156099	-0.257627	0.0688667	0	0	1.35068	0	0	0	0.130137	-0.0317104	0.577707
2012-02-27 00:00:00	-0.990993	-0.0443942	0.954848	0	-0.000538744	-0.000177188	0.0039126	0	0	0	0	0	0	0	-0.524238	-0.257352	0.0688294	0	0	1.26557	0	0	0	0.130026	-0.0310458	0.574442
2012-02-28 00:00:00	-0.395496	-0.505608	1.00048	0	-0.00228512	0	0.0034466	0	0	0	0	0	0	0	-0.690252	-0.257196	0.0687954	0	0	1.18991	0	0	0	0.129888	-0.0292708	0.512418
2012-02-29 00:00:00	0	-0.606813	0.851074	0	-0.00457239	0	0.00264617	0	0	0	0	0	0	0	-0.634519	-0.256982	0.0687495	0	0	1.11069	0	0	0	0.129665	-0.0286339	0.631305
2012-03-01 00:00:00	-0.8	-0.078538	0.975853	0	-0.00177086	0	0.00306417	0	0	0	0	0	0	0	-0.639122	-0.256801	0.0687066	0	0	1.04618	0	0	0	0.129523	-0.0273202	0.419779
2012-03-02 00:00:00	-1.1955	0.274742	0.913629	0	4.7907E-05	0	0.0030784	0	0	0	0	0	0	0	-0.422713	-0.25696	0.0686573	0	0	1.00658	0	0	0	0.12923	-0.0268372	0.49396
2012-03-03 00:00:00	-2.02252	0.793947	0.888161	0	0.00520468	0	0.00395165	0	0	0	0	0	0	0	-0.306976	-0.257001	0.0686197	0	0	0.978677	0	0	0	0.128992	-0.0264617	0.254597
2012-03-04 00:00:00	-7.75046	0.152026	0.747584	0	0.00616689	-0.0150514	0.0510659	0	0	0	0	0	0	0	3.43768	-0.257749	0.068763	0	0	1.12746	0	0	0	0.129103	-0.0277115	-2.33112
2012-03-05 00:00:00	-0.2	-0.462236	0.730615	0	-0.00427773	-0.00043674	0.00318925	0	0	0	0	0	0	0	-0.58112	-0.258049	0.0688269	0	0	1.23738	0	0	0	0.129182	-0.0301012	0.632972
2012-03-06 00:00:00	-0.2	-0.504584	0.802063	0	-0.00210376	0	0.00438349	0	0	0	0	0	0	0	-0.917256	-0.257822	0.0687986	0	0	1.16869	0	0	0	0.128909	-0.0289861	0.262089
2012-03-07 00:00:00	-1.63603	0.644077	0.901992	0	0.0012055	0	0.00326567	0	0	0	0	0	0	0	-0.342484	-0.2575	0.068762	0	0	1.09816	0	0	0	0.128665	-0.0285401	0.581577
2012-03-08 00:00:00	-1.01801	0.0137286	0.986055	0	-0.000154238	0	0.00256529	0	0	0	0	0	0	0	-0.469083	-0.257314	0.0687485	0	0	1.05569	0	0	0	0.128528	-0.0272919	0.483454
2012-03-09 00:00:00	0	-0.885962	1.13946	0	-0.00533681	0	0.0026197	0	0	0	0	0	0	0	-0.630685	-0.25703	0.0687113	0	0	1.00482	0	0	0	0.128277	-0.02652	0.538354
2012-03-10 00:00:00	-0.195496	-0.303815	0.911578	0	-0.00664233	0	0.00250762	0	0	0	0	0	0	0	-1.02997	-0.256733	0.0686661	0	0	0.949315	0	0	0	0.128102	-0.0258523	0.241658
2012-03-11 00:00:00	0	-0.192822	0.981457	0	-0.0124985	0	0.00211599	0	0	0	0	0	0	0	-1.00686	-0.256435	0.0686202	0	0	0.89718	0	0	0	0.12788	-0.0251045	0.583535
2012-03-12 00:00:00	0	-0.00830159	0.93962	0	-0.0119125	0	0.00151835	0	0	0	0	0	0	0	-0.914221	-0.256139	0.0685788	0	0	0.838973	0	0	0	0.127614	-0.0235207	0.76221
2012-03-13 00:00:00	-0.395496	-0.00666925	0.965854	0	-0.00563149	0	0.00303029	0	0	0	0	0	0	0	-0.799398	-0.255853	0.0685375	0	0	0.796383	0	0	0	0.127433	-0.0220664	0.476123
2012-03-14 00:00:00	-1.9955	0.791483	1.11285	0	0.000114463	0	0.00271741	0	0	0	0	0	0	0	-0.540878	-0.255596	0.068478	0	0	0.781786	0	0	0	0.127213	-0.0216324	0.0710417
2012-03-15 00:00:00	-4.79324	0.858098	1.09963	0	0.0362993	0	0.00681741	0	0	0	0	0	0	0	1.43512	-0.255761	0.0685004	0	0	0.833048	0	0	0	0.127004	-0.0226844	-0.607173
2012-03-16 00:00:00	-12.9324	0.0162521	1.23092	0	0.0122658	-0.0252211	0.0830433	0	0	0	0	0	0	0	6.21416	-0.257328	0.0687948	0	0	1.18616	0	0	0	0.127264	-0.0277068	-4.30384
2012-03-17 00:00:00	-0.804504	-0.292177	1.13973	0	-0.00473381	-0.000624782	0.00524595	0	0	0	0	0	0	0	-0.933472	-0.257896	0.0689171	0	0	1.40161	0	0	0	0.127418	-0.0328323	0.416685
2012-03-18 00:00:00	-0.00450358	-0.789453	1.0487	0	-0.00590061	0	0.0026679	0	0	0	0	0	0	0	-0.614171	-0.257559	0.068868	0	0	1.29763	0	0	0	0.127157	-0.0317451	0.841684
2012-03-19 00:00:00	-0.804504	-0.159528	1.1469	0	-0.00345274	0	0.00249299	0	0	0	0	0	0	0	-0.809007	-0.257146	0.0688118	0	0	1.18872	0	0	0	0.127101	-0.0298615	0.47052
2012-03-20 00:00:00	-1.21801	-0.0795449	1.38522	0	-0.00193028	0	0.00314824	0	0	0	0	0	0	0	-0.357088	-0.257002	0.0687829	0	0	1.1284	0	0	0	0.126787	-0.0284996	0.770257
2012-03-21 00:00:00	0	-0.327068	1.15725	0	-0.0135605	0	0.00147962	0	0	0	0	0	0	0	-0.925696	-0.256702	0.0687381	0	0	1.05203	0	0	0	0.126587	-0.0274523	0.855606
2012-03-22 00:00:00	-0.00450358	-0.0151128	1.7991	0	-0.021033	0	0.00108168	0	0	0	0	0	0	0	-2.00238	-0.256446	0.0686735	0	0	0.925047	0	0	0	0.126521	-0.0262055	0.594733
2012-03-23 00:00:00	0	-0.0125162	1.39314	0	-0.0136873	0	3.44434E-05	0	0	0	0	0	0	0	-0.763126	-0.255613	0.0686009	0	0	0.821569	0	0	0	0.12621	-0.02436	1.34025
2012-03-24 00:00:00	-3.97748	1.29766	1.76555	0	0.00795237	0	0.00572907	0	0	0	0	0	0	0	-0.272007	-0.255845	0.0686132	0	0	0.827536	0	0	0	0.126482	-0.022191	-0.428003
2012-03-25 00:00:00	-0.2	-1.31375	2.75012	0	-0.00909889	0	0.00173135	0	0	0	0	0	0	0	-1.32408	-0.255616	0.0685749	0	0	0.818406	0	0	0	0.126071	-0.0222325	0.640128
2012-03-26 00:00:00	-0.2	-0.0217337	2.5735	0	-0.00117389	0	0.00012494	0	0	0	0	0	0	0	-1.98004	-0.255171	0.0685033	0	0	0.715615	0	0	0	0.125951	-0.0213862	1.00419
2012-03-27 00:00:00	0	-0.00360524	2.56251	0	-0.00481147	0	0	0	0	0	0	0	0	0	-2.08492	-0.25492	0.0684198	0	0	0.60267	0	0	0	0.125793	-0.0198369	0.991296
2012-03-28 00:00:00	-0.00450358	0	2.47105	0	-0.00148884	0	0	0	0	0	0	0	0	0	-2.13806	-0.254211	0.0683663	0	0	0.530931	0	0	0	0.125744	-0.0184039	0.779428
2012-03-29 00:00:00	0	0	1.32441	0	0.00219062	0	0.0011714	0	0	0	0	0	0	0	-1.25251	-0.253876	0.0683042	0	0	0.504119	0	0	0	0.125308	-0.0167505	0.502362
2012-03-30 00:00:00	0	0	1.30425	0	-1.32268E-05	0	0.0011939	0	0	0	0	0	0	0	-1.20703	-0.253411	0.0682195	0	0	0.493987	0	0	0	0.124859	-0.0160434	0.516014
2012-03-31 00:00:00	-0.4	0	1.14386	0	-5.30296E-05	0	0.00183574	0	0	0	0	0	0	0	-0.700095	-0.253241	0.0681806	0	0	0.491535	0	0	0	0.124634	-0.0158212	0.460836
2012-04-01 00:00:00	0	0	1.54635	0	0.000372275	0	0.000865297	0	0	0	0	0	0	0	-1.32703	-0.25276	0.0680742	0	0	0.484769	0	0	0	0.124352	-0.0158638	0.629128
2012-04-02 00:00:00	-1.19099	0	1.45483	0	-0.000388312	0	0.000447211	0	0	0	0	0	0	0	0.0167445	-0.252297	0.0680068	0	0	0.501831	0	0	0	0.124182	-0.015676	0.706685
2012-04-03 00:00:00	-4.22968	1.57388	1.19559	0	4.03253E-05	0	0.00609028	0	0	0	0	0	0	0	0.334243	-0.252508	0.0680642	0	0	0.543597	0	0	0	0.123859	-0.0164229	-0.653243
2012-04-04 00:00:00	-6.4	0.101388	1.20739	0	1.57415E-05	0	0.00805383	0	0	0	0	0	0	0	2.68328	-0.253019	0.0681755	0	0	0.692728	0	0	0	0.123644	-0.018962	-1.7873
2012-04-05 00:00:00	-0.4	-1.0042	1.6655	0	-6.61944E-05	0	0.00278731	0	0	0	0	0	0	0	-0.668333	-0.25307	0.0681786	0	0	0.798081	0	0	0	0.123487	-0.0213698	0.310993
2012-04-06 00:00:00	-5.2	0.995004	1.6374	0	0.00554904	0	0.00498701	0	0	0	0	0	0	0	1.28068	-0.25302	0.0681614	0	0	0.831237	0	0	0	0.123273	-0.0217012	-0.528433
2012-04-07 00:00:00	-0.6	-0.847877	1.59517	0	-7.43293E-05	0	0.00256044	0	0	0	0	0	0	0	-0.598101	-0.252926	0.0681394	0	0	0.87385	0	0	0	0.123114	-0.0229761	0.340877
2012-04-08 00:00:00	-1	-0.340546	1.67161	0	-0.00281741	0	0.00201547	0	0	0	0	0	0	0	-0.588144	-0.252566	0.0680686	0	0	0.845823	0	0	0	0.122815	-0.0226228	0.503637
2012-04-09 00:00:00	-1.2	-0.187624	1.59415	0	-3.90265E-06	0	0.00226536	0	0	0	0	0	0	0	-0.439593	-0.252223	0.0679994	0	0	0.818006	0	0	0	0.122522	-0.0221287	0.503372
2012-04-10 00:00:00	-21.8	1.39355	1.45957	0	0.0683533	-0.0285461	0.100785	0	0	0	0	0	0	0	10.2476	-0.254384	0.0684212	0	0	1.20282	0	0	0	0.122989	-0.0269696	-7.44578
2012-04-11 00:00:00	-1.8	-0.0080342	1.54858	0	-0.00485802	-0.00091277	0.00730295	0	0	0	0	0	0	0	-0.564303	-0.255777	0.0686926	0	0	1.58523	0	0	0	0.123462	-0.0354823	0.663901
2012-04-12 00:00:00	-4	0.00678852	1.53547	0	0.00203653	-0.00562583	0.0201702	0	0	0	0	0	0	0	0.897086	-0.255752	0.0686858	0	0	1.52945	0	0	0	0.123289	-0.0347506	-0.113154
2012-04-13 00:00:00	-0.2	-0.955352	1.36279	0	-0.00615536	-0.000147307	0.00274061	0	0	0	0	0	0	0	-0.723809	-0.255545	0.068642	0	0	1.44552	0	0	0	0.123251	-0.0340775	0.827857
2012-04-14 00:00:00	-0.8	-0.235746	1.32162	0	-0.00533217	0	0.00226225	0	0	0	0	0	0	0	-0.598528	-0.255189	0.0685685	0	0	1.32372	0	0	0	0.123085	-0.0315589	0.912901
2012-04-15 00:00:00	-0.2	-0.424538	1.32024	0	-0.0119404	0	0.00148645	0	0	0	0	0	0	0	-1.1841	-0.254633	0.068473	0	0	1.19308	0	0	0	0.123016	-0.0300525	0.601037
2012-04-16 00:00:00	-12.737	1.61993	1.54959	0	0.0263723	-0.0185161	0.0629202	0	0	0	0	0	0	0	5.3564	-0.25565	0.0686375	0	0	1.33419	0	0	0	0.123117	-0.0309246	-2.90088
2012-04-17 00:00:00	-4.2	0.00577836	1.66258	0	-0.00293974	-0.00636657	0.0233386	0	0	0	0	0	0	0	0.798048	-0.256604	0.0688035	0	0	1.56654	0	0	0	0.12339	-0.0355256	-0.252952
2012-04-18 00:00:00	-0.6	-0.859509	1.60253	0	-0.00504565	-0.000164582	0.0027299	0	0	0	0	0	0	0	-0.579316	-0.256398	0.0687589	0	0	1.48712	0	0	0	0.123291	-0.0350097	0.948991
2012-04-19 00:00:00	-6.8	0.827378	1.79635	0	0.00653058	-0.0087804	0.031071	0	0	0	0	0	0	0	1.95417	-0.256664	0.0688093	0	0	1.4797	0	0	0	0.123323	-0.0331862	-0.811296
2012-04-20 00:00:00	-1.4	-0.376263	1.83223	0	-0.00486594	-0.000276841	0.00459001	0	0	0	0	0	0	0	-0.75705	-0.256616	0.0687993	0	0	1.46269	0	0	0	0.123317	-0.0341094	0.662444
2012-04-21 00:00:00	-6.4	0.412073	1.78375	0	0.00410878	-0.00908122	0.0320762	0	0	0	0	0	0	0	2.03297	-0.256856	0.0688452	0	0	1.46121	0	0	0	0.123192	-0.0339248	-0.78164
2012-04-22 00:00:00	-1.8	-0.075777	1.75868	0	-0.00272677	-0.000449564	0.00424171	0	0	0	0	0	0	0	-0.530118	-0.256816	0.0688368	0	0	1.44693	0	0	0	0.123328	-0.03392	0.702211
2012-04-23 00:00:00	-1.4	-0.348394	1.79596	0	-0.00230338	0	0.00134782	0	0	0	0	0	0	0	-0.135163	-0.256285	0.0687981	0	0	1.2997	0	0	0	0.123166	-0.0322627	1.11456
2012-04-24 00:00:00	-3.4	0.414922	1.85257	0	0.00366834	-0.00056839	0.0111468	0	0	0	0	0	0	0	-0.133156	-0.25628	0.0687982	0	0	1.27805	0	0	0	0.123017	-0.0303246	-0.0681499
2012-04-25 00:00:00	-7	0.028251	1.89728	0	0.0013447	-0.0124297	0.0398832	0	0	0	0	0	0	0	2.52608	-0.256817	0.068892	0	0	1.36538	0	0	0	0.122935	-0.031331	-1.25054
2012-04-26 00:00:00	-13.4	-0.00110475	1.86595	0	0.00223068	-0.0293544	0.0874698	0	0	0	0	0	0	0	6.25157	-0.258581	0.0692585	0	0	1.72087	0	0	0	0.123332	-0.0357822	-3.60414
2012-04-27 00:00:00	-0.6	-0.949128	1.69896	0	-0.00802434	-0.000544713	0.00462431	0	0	0	0	0	0	0	-0.900696	-0.259069	0.0693374	0	0	1.8225	0	0	0	0.123649	-0.0390041	0.962608
2012-04-28 00:00:00	-0.2	-0.593078	1.56559	0	-0.0136309	0	0.00243329	0	0	0	0	0	0	0	-1.24804	-0.258661	0.0692601	0	0	1.63113	0	0	0	0.123405	-0.0368452	1.04156
2012-04-29 00:00:00	-5.8	1.54043	1.61348	0	0.0192589	-0.00172486	0.0139407	0	0	0	0	0	0	0	1.1521	-0.258629	0.069247	0	0	1.53063	0	0	0	0.123401	-0.0352531	-0.0331189
2012-04-30 00:00:00	-1	-0.883315	2.02557	0	-0.00571022	-0.000243432	0.00350188	0	0	0	0	0	0	0	-0.698395	-0.258483	0.0692138	0	0	1.47244	0	0	0	0.123444	-0.0347356	0.813288
2012-05-01 00:00:00	-0.4	-0.732954	1.99904	0	-0.0153103	0	0.00125417	0	0	0	0	0	0	0	-1.38301	-0.258073	0.069118	0	0	1.31339	0	0	0	0.123395	-0.0322623	0.684599
2012-05-02 00:00:00	-0.6	-0.0397296	1.87183	0	-0.0178764	0	0.00129399	0	0	0	0	0	0	0	-1.20294	-0.257766	0.0690624	0	0	1.19377	0	0	0	0.123143	-0.029753	1.11104
2012-05-03 00:00:00	0	-0.0172292	1.95797	0	-0.0212189	0	1.00447E-05	0	0	0	0	0	0	0	-1.43179	-0.257198	0.0689375	0	0	0.996137	0	0	0	0.123021	-0.0283119	1.39032
2012-05-04 00:00:00	-1.2	-0.00739911	1.83189	0	-0.00186669	0	0.00305378	0	0	0	0	0	0	0	-1.1079	-0.257052	0.0689045	0	0	0.941053	0	0	0	0.123011	-0.0257175	0.367975
2012-05-05 00:00:00	-0.2	-0.0134313	1.69366	0	-0.00157359	0	0.000968289	0	0	0	0	0	0	0	-1.49839	-0.256646	0.0688315	0	0	0.866009	0	0	0	0.122664	-0.0238314	0.758263
2012-05-06 00:00:00	0	-0.0136031	1.54998	0	-6.70217E-05	0	0.00100835	0	0	0	0	0	0	0	-1.2949	-0.256205	0.0687501	0	0	0.782191	0	0	0	0.122441	-0.0219566	0.937641
2012-05-07 00:00:00	-3.8	1.17667	2.03374	0	3.7876E-05	0	0.00296121	0	0	0	0	0	0	0	0.0665695	-0.255913	0.0686941	0	0	0.758918	0	0	0	0.122274	-0.0208949	0.153055
2012-05-08 00:00:00	-2.4	0.111529	2.07217	0	-2.14479E-05	0	0.00350337	0	0	0	0	0	0	0	-0.120881	-0.255686	0.0686498	0	0	0.774716	0	0	0	0.121945	-0.0210982	0.354824
2012-05-09 00:00:00	-0.2	-1.29273	2.09805	0	-0.00073443	0	0.00164245	0	0	0	0	0	0	0	-0.879254	-0.255305	0.068579	0	0	0.76837	0	0	0	0.121652	-0.0211498	0.409115
2012-05-10 00:00:00	-27.6	1.75444	1.93993	0	0.0700029	-0.0403997	0.128765	0	0	0	0	0	0	0	13.567	-0.258124	0.0690997	0	0	1.30601	0	0	0	0.122267	-0.0277537	-8.9688
2012-05-11 00:00:00	-12	-0.0150411	2.05751	0	-0.0029649	-0.0259634	0.0787158	0	0	0	0	0	0	0	5.06989	-0.261343	0.0697178	0	0	2.14391	0	0	0	0.123332	-0.0409088	-2.80314
2012-05-12 00:00:00	-0.2	-1.42468	2.39773	0	-0.0184411	-0.000392168	0.0042562	0	0	0	0	0	0	0	-1.38591	-0.261661	0.0697835	0	0	2.15132	0	0	0	0.123525	-0.042557	1.41297
2012-05-13 00:00:00	-6.8	1.46375	2.36373	0	0.0156614	-0.00355748	0.0188348	0	0	0	0	0	0	0	1.1337	-0.2616	0.069765	0	0	1.96782	0	0	0	0.123546	-0.0401803	0.0514738
2012-05-14 00:00:00	-1.8	-0.401076	2.26641	0	-0.00381372	-0.000330841	0.00393584	0	0	0	0	0	0	0	-0.851355	-0.261465	0.0697355	0	0	1.8495	0	0	0	0.123651	-0.0393646	0.955824
2012-05-15 00:00:00	-4.6	0.373452	2.06956	0	0.00355111	-0.00370323	0.0163342	0	0	0	0	0	0	0	0.599277	-0.261372	0.0697144	0	0	1.72345	0	0	0	0.123497	-0.0382622	0.0754943
2012-05-16 00:00:00	-0.8	-1.06338	2.06667	0	-0.00639534	-0.000106716	0.00155044	0	0	0	0	0	0	0	-0.0708256	-0.260888	0.0696201	0	0	1.56335	0	0	0	0.123395	-0.0371282	1.58587
2012-05-17 00:00:00	-7.6	1.08475	2.38371	0	0.00724671	-0.00845776	0.0326142	0	0	0	0	0	0	0	1.49755	-0.261303	0.0696909	0	0	1.59473	0	0	0	0.123492	-0.0353777	-1.11135
2012-05-18 00:00:00	-5.4	-0.0271967	2.14723	0	-0.000438664	-0.0080383	0.0268934	0	0	0	0	0	0	0	1.36958	-0.261854	0.0697919	0	0	1.67807	0	0	0	0.123594	-0.0363704	-0.318745
2012-05-19 00:00:00	-0.6	-1.12636	2.05476	0	-0.00857709	-0.000161909	0.00352632	0	0	0	0	0	0	0	-0.926891	-0.261642	0.0697591	0	0	1.59672	0	0	0	0.123519	-0.0361425	0.888503
2012-05-20 00:00:00	0	-0.563617	2.93655	0	-0.0353847	0	0.000107387	0	0	0	0	0	0	0	-2.38921	-0.261229	0.0696749	0	0	1.39293	0	0	0	0.123375	-0.0336737	1.23952
2012-05-21 00:00:00	0	-0.0223576	2.60158	0	-0.0193953	0	3.87067E-05	0	0	0	0	0	0	0	-2.52459	-0.260628	0.0695653	0	0	1.12431	0	0	0	0.123413	-0.030183	1.06176
2012-05-22 00:00:00	-0.2	-0.0218752	2.7088	0	-0.000412384	0	0.00027266	0	0	0	0	0	0	0	-1.92284	-0.260194	0.0694837	0	0	0.958039	0	0	0	0.123171	-0.0269182	1.42752
2012-05-23 00:00:00	0	-0.0107915	2.56153	0	-0.0018579	0	2.36815E-05	0	0	0	0	0	0	0	-2.33861	-0.259842	0.0694164	0	0	0.830157	0	0	0	0.123219	-0.0232941	0.949947
2012-05-24 00:00:00	-0.904504	0	3.13263	0	-0.00223983	0	2.41891E-06	0	0	0	0	0	0	0	-1.9865	-0.259074	0.0692873	0	0	0.689912	0	0	0	0.123051	-0.0214356	0.84113
2012-05-25 00:00:00	-2.71126	0	3.34302	0	-0.00149819	0	8.79615E-05	0	0	0	0	0	0	0	-0.0263819	-0.258672	0.0692138	0	0	0.664566	0	0	0	0.1232	-0.0198202	1.18245
2012-05-26 00:00:00	-12.9775	1.75038	3.72838	0	0.0196527	0	0.0118726	0	0	0	0	0	0	0	3.87302	-0.259696	0.0693905	0	0	0.823688	0	0	0	0.12298	-0.0207053	-2.85853
2012-05-27 00:00:00	-10.1797	-0.00480543	4.56815	0	0.0450553	-0.00245078	0.0196038	0	0	0	0	0	0	0	2.88435	-0.260598	0.0695686	0	0	1.11913	0	0	0	0.12303	-0.0269807	-1.64569
2012-05-28 00:00:00	-0.402252	-1.70223	3.76244	0	-0.0302415	-0.000170628	0.00188767	0	0	0	0	0	0	0	-2.01562	-0.260557	0.0695561	0	0	1.17343	0	0	0	0.122907	-0.0289853	0.690159
2012-05-29 00:00:00	0	-0.0221107	2.5911	0	-0.0295629	0	1.94162E-06	0	0	0	0	0	0	0	-2.32382	-0.259806	0.0694097	0	0	0.944954	0	0	0	0.122688	-0.0278683	1.06498
2012-05-30 00:00:00	-5	1.36862	3.01833	0	0.00673116	0	0.00276956	0	0	0	0	0	0	0	0.299246	-0.259663	0.0693737	0	0	0.917549	0	0	0	0.122829	-0.0249143	0.520872
2012-05-31 00:00:00	-19.6	0.421107	2.96478	0	0.0602939	-0.0299912	0.0921174	0	0	0	0	0	0	0	9.42794	-0.261847	0.0697693	0	0	1.32749	0	0	0	0.12303	-0.0287191	-5.43403
2012-06-01 00:00:00	0	-1.68928	2.70498	0	-0.0225112	-0.000574372	0.00416456	0	0	0	0	0	0	0	-1.63928	-0.262707	0.0699358	0	0	1.61488	0	0	0	0.123323	-0.036082	0.866848
2012-06-02 00:00:00	0	-0.0708539	2.33584	0	-0.030352	0	6.30539E-05	0	0	0	0	0	0	0	-1.96398	-0.262173	0.0698326	0	0	1.38057	0	0	0	0.123134	-0.0335395	1.54854
2012-06-03 00:00:00	-1.8	-0.00706504	2.34968	0	-0.00467545	0	0.00218192	0	0	0	0	0	0	0	-0.922252	-0.261737	0.0697492	0	0	1.21006	0	0	0	0.123093	-0.0300368	0.728994
2012-06-04 00:00:00	-0.2	-0.0230556	2.87666	0	-0.00946148	0	0.000126665	0	0	0	0	0	0	0	-2.30556	-0.261271	0.0696612	0	0	1.05164	0	0	0	0.122902	-0.0280022	1.29364
2012-06-05 00:00:00	-1.8	-0.0127002	3.01309	0	0.000609493	0	0.000527764	0	0	0	0	0	0	0	-1.37902	-0.260746	0.0695581	0	0	0.907645	0	0	0	0.122805	-0.0257442	0.636025
2012-06-06 00:00:00	-9.8	1.80247	3.04452	0	0.0315145	0	0.00802217	0	0	0	0	0	0	0	2.99798	-0.261072	0.0696126	0	0	0.962072	0	0	0	0.122705	-0.0247092	-1.04689
2012-06-07 00:00:00	-2.6	-0.251085	2.8851	0	-0.00115697	0	0.0030444	0	0	0	0	0	0	0	-0.638082	-0.261187	0.0696408	0	0	1.07183	0	0	0	0.12265	-0.0270826	0.373675
2012-06-08 00:00:00	-25.8	0.294798	2.87058	0	0.0399226	-0.0491626	0.148445	0	0	0	0	0	0	0	13.068	-0.264245	0.0701616	0	0	1.6328	0	0	0	0.123191	-0.0331153	-7.89868
2012-06-09 00:00:00	-3.8	-0.00164652	3.12723	0	-0.00790826	-0.00180005	0.0117719	0	0	0	0	0	0	0	-0.396998	-0.266095	0.0704789	0	0	2.11153	0	0	0	0.123786	-0.0416442	0.928707
2012-06-10 00:00:00	-7.4	-0.0545671	3.08445	0	0.00242112	-0.0104351	0.033541	0	0	0	0	0	0	0	1.93075	-0.266322	0.0705315	0	0	2.04376	0	0	0	0.123719	-0.0406763	-0.482832
2012-06-11 00:00:00	-1.8	-0.87698	2.85851	0	-0.00667189	-0.000208546	0.00471703	0	0	0	0	0	0	0	-1.04745	-0.266144	0.0704967	0	0	1.91655	0	0	0	0.123792	-0.0402619	0.936351
2012-06-12 00:00:00	0	-0.860544	2.55326	0	-0.0271719	0	0.000428197	0	0	0	0	0	0	0	-1.71914	-0.265679	0.070408	0	0	1.6807	0	0	0	0.123553	-0.0379739	1.51784
2012-06-13 00:00:00	0	-0.0209154	2.48213	0	-0.0269235	0	3.72839E-05	0	0	0	0	0	0	0	-2.42577	-0.265092	0.0703007	0	0	1.38	0	0	0	0.123555	-0.0350111	1.28231
2012-06-14 00:00:00	0	-0.0211667	2.50661	0	-0.00396332	0	3.04871E-05	0	0	0	0	0	0	0	-2.25135	-0.264527	0.0701991	0	0	1.14283	0	0	0	0.123408	-0.0311024	1.27097
2012-06-15 00:00:00	-9.17298	1.84508	2.61399	0	0.0366394	0	0.00736134	0	0	0	0	0	0	0	2.84508	-0.264958	0.070277	0	0	1.18931	0	0	0	0.123472	-0.0283845	-0.735122
2012-06-16 00:00:00	-21.8901	0.0558502	2.94238	0	0.0311592	-0.0421546	0.125392	0	0	0	0	0	0	0	10.7637	-0.267828	0.0707962	0	0	1.78154	0	0	0	0.124293	-0.0356066	-6.34058
2012-06-17 00:00:00	-3.17748	-0.059318	2.7201	0	-0.00553365	-0.00149702	0.00927035	0	0	0	0	0	0	0	-0.487988	-0.269225	0.071044	0	0	2.13418	0	0	0	0.124733	-0.0421385	1.01615
2012-06-18 00:00:00	-1.19099	-1.61249	3.61459	0	-0.0152548	-1.36535E-05	0.0024393	0	0	0	0	0	0	0	-1.28351	-0.268761	0.0709593	0	0	1.90155	0	0	0	0.124515	-0.0401962	1.30284
2012-06-19 00:00:00	-1.8	-0.194944	2.95794	0	-0.0146684	0	0.00150742	0	0	0	0	0	0	0	-1.54029	-0.268224	0.070855	0	0	1.62898	0	0	0	0.124443	-0.0378866	0.927711
2012-06-20 00:00:00	0	-0.0326623	3.89777	0	-0.035887	0	3.75627E-05	0	0	0	0	0	0	0	-2.53656	-0.268073	0.070739	0	0	1.28382	0	0	0	0.124101	-0.0358603	2.46743
2012-06-21 00:00:00	-7.59099	1.83148	3.11667	0	0.0247473	0	0.00415754	0	0	0	0	0	0	0	0.909152	-0.26822	0.0707694	0	0	1.26583	0	0	0	0.124542	-0.0299647	-0.541827
2012-06-22 00:00:00	-19.463	0.102538	3.19562	0	0.0459184	-0.0315756	0.0974969	0	0	0	0	0	0	0	9.00526	-0.270339	0.0712004	0	0	1.72596	0	0	0	0.124958	-0.0353495	-5.43137
2012-06-23 00:00:00	-7.47206	-0.0239217	3.16485	0	-0.00300716	-0.0109391	0.0359644	0	0	0	0	0	0	0	1.78894	-0.271944	0.0715564	0	0	2.15206	0	0	0	0.125437	-0.0417341	-0.484797
2012-06-24 00:00:00	-6.03153	0.0222435	3.20518	0	-0.000668099	-0.00666211	0.0238168	0	0	0	0	0	0	0	0.906953	-0.272246	0.0716498	0	0	2.1323	0	0	0	0.125487	-0.0418061	0.13472
2012-06-25 00:00:00	0	-1.8831	2.98097	0	-0.0206034	-6.00779E-05	0.00203274	0	0	0	0	0	0	0	-1.76041	-0.271698	0.071577	0	0	1.8632	0	0	0	0.12544	-0.0412252	1.06613
2012-06-26 00:00:00	-8.41351	1.91839	3.77266	0	0.0207441	-0.00201047	0.0135963	0	0	0	0	0	0	0	1.36764	-0.272002	0.0717777	0	0	1.80389	0	0	0	0.125427	-0.0381694	0.368437
2012-06-27 00:00:00	-7.29457	-0.0328237	3.44771	0	0.000270902	-0.00928888	0.0301775	0	0	0	0	0	0	0	1.67473	-0.272597	0.071986	0	0	1.84595	0	0	0	0.12558	-0.0382865	-0.451169
2012-06-28 00:00:00	-3.0045	-0.514939	3.48471	0	-0.004168	-0.000391785	0.00476722	0	0	0	0	0	0	0	-0.664682	-0.272409	0.071982	0	0	1.76123	0	0	0	0.125509	-0.0381614	0.948945
2012-06-29 00:00:00	-7.96397	0.536809	3.29013	0	0.0045519	-0.00918335	0.0311635	0	0	0	0	0	0	0	1.891	-0.272615	0.0720335	0	0	1.7342	0	0	0	0.12541	-0.037034	-0.597496
2012-06-30 00:00:00	-4.97298	0.0326803	3.15493	0	-0.00149645	-0.00430077	0.0167302	0	0	0	0	0	0	0	0.489827	-0.272762	0.0725646	0	0	1.74219	0	0	0	0.125496	-0.0375341	0.345345
2012-07-01 00:00:00	-0.990993	-1.60556	3.1499	0	-0.0114663	-0.000111291	0.00237558	0	0	0	0	0	0	0	-0.983352	-0.272469	0.0724968	0	0	1.6186	0	0	0	0.125329	-0.0365665	1.06818
2012-07-02 00:00:00	-4.97298	1.47495	3.28229	0	0.00431873	0	0.00319817	0	0	0	0	0	0	0	-0.575989	-0.272086	0.0724131	0	0	1.47137	0	0	0	0.125164	-0.0345579	0.57809
2012-07-03 00:00:00	-1.4045	-1.55618	3.50947	0	-0.0102101	0	0.0027642	0	0	0	0	0	0	0	-0.9837	-0.271724	0.0723366	0	0	1.36028	0	0	0	0.124998	-0.0320447	0.811492
2012-07-04 00:00:00	-10.9505	1.73331	3.58143	0	0.0189985	-0.00921849	0.0352056	0	0	0	0	0	0	0	2.96956	-0.272483	0.0723801	0	0	1.38515	0	0	0	0.125025	-0.031444	-1.34254
2012-07-05 00:00:00	-0.00450358	-1.99608	3.44346	0	-0.0275645	-0.00033291	0.00196647	0	0	0	0	0	0	0	-1.73996	-0.272531	0.0723854	0	0	1.4176	0	0	0	0.125043	-0.0338794	0.985593
2012-07-06 00:00:00	-5.2	1.6885	3.09441	0	0.00802737	0	0.00314396	0	0	0	0	0	0	0	-0.247989	-0.27217	0.0723111	0	0	1.29098	0	0	0	0.124869	-0.0309332	0.531156
2012-07-07 00:00:00	-32.7216	0.298322	3.04292	0	0.0273217	-0.0710493	0.206671	0	0	0	0	0	0	0	17.3297	-0.277147	0.0734344	0	0	2.14909	0	0	0	0.125839	-0.0382394	-9.8547
2012-07-08 00:00:00	-1.61351	-1.40254	3.25628	0	-0.0147892	-0.00101129	0.00891382	0	0	0	0	0	0	0	-1.40033	-0.280198	0.0741391	0	0	2.78789	0	0	0	0.126866	-0.0493448	1.49236
2012-07-09 00:00:00	-17.2	1.46089	3.18719	0	0.00932746	-0.030718	0.0919747	0	0	0	0	0	0	0	7.21679	-0.281716	0.0744932	0	0	2.88698	0	0	0	0.127584	-0.0485755	-2.50577
2012-07-10 00:00:00	-14.827	-0.0140543	3.0833	0	-0.00026526	-0.0304367	0.0906155	0	0	0	0	0	0	0	6.31512	-0.284719	0.0753402	0	0	3.41305	0	0	0	0.129064	-0.053645	-2.10364
2012-07-11 00:00:00	-13.0585	0.00491722	2.93051	0	-0.000395494	-0.0261475	0.0785879	0	0	0	0	0	0	0	5.19795	-0.287271	0.0758913	0	0	3.79663	0	0	0	0.12986	-0.0570229	-1.21504
2012-07-12 00:00:00	-0.4	-1.86027	3.03527	0	-0.0181094	-0.000453602	0.00410835	0	0	0	0	0	0	0	-1.46155	-0.288273	0.0762418	0	0	3.53359	0	0	0	0.130306	-0.057029	2.69382
2012-07-13 00:00:00	-0.00450358	-0.184014	2.7682	0	-0.0364397	0	0.000199234	0	0	0	0	0	0	0	-1.74946	-0.28848	0.0770291	0	0	2.76126	0	0	0	0.130254	-0.0538488	3.4202
2012-07-14 00:00:00	-5.6045	1.99448	2.91985	0	0.0123134	0	0.00463407	0	0	0	0	0	0	0	-1.06974	-0.288422	0.0770001	0	0	2.58984	0	0	0	0.130398	-0.0473995	0.718459
2012-07-15 00:00:00	-0.00450358	-1.98525	2.89982	0	-0.0135928	0	0.00172074	0	0	0	0	0	0	0	-1.33148	-0.288578	0.0768969	0	0	2.27538	0	0	0	0.130412	-0.044528	1.71629
2012-07-16 00:00:00	-0.595496	-0.0332209	2.76444	0	-0.00925919	0	0.000963553	0	0	0	0	0	0	0	-2.20458	-0.288153	0.0766862	0	0	1.93684	0	0	0	0.130312	-0.0408981	1.73764
2012-07-17 00:00:00	-2.1955	-0.00963164	3.03631	0	-0.000880691	0	0.000805898	0	0	0	0	0	0	0	-1.24173	-0.287674	0.0765311	0	0	1.64654	0	0	0	0.130264	-0.0376242	1.11743
2012-07-18 00:00:00	-23.836	2.11906	3.18534	0	0.0690101	-0.0314142	0.0954463	0	0	0	0	0	0	0	10.712	-0.289812	0.0769787	0	0	2.05807	0	0	0	0.130735	-0.0395425	-5.75021
2012-07-19 00:00:00	-0.2	-1.95069	2.98391	0	-0.0220183	-0.000733734	0.00506267	0	0	0	0	0	0	0	-1.78039	-0.291333	0.0773758	0	0	2.43724	0	0	0	0.131592	-0.0459509	1.34407
2012-07-20 00:00:00	0	-0.136401	2.80338	0	-0.0349563	0	0.000693307	0	0	0	0	0	0	0	-2.52945	-0.290916	0.0772428	0	0	2.05075	0	0	0	0.131371	-0.0426042	2.02911
2012-07-21 00:00:00	0	-0.02266	2.89862	0	-0.0121696	0	0.000154307	0	0	0	0	0	0	0	-2.90964	-0.290812	0.0770832	0	0	1.6227	0	0	0	0.131403	-0.0388475	1.45583
2012-07-22 00:00:00	-0.4	-0.0216944	3.1328	0	-0.00259294	0	8.01531E-05	0	0	0	0	0	0	0	-1.45058	-0.290184	0.0769362	0	0	1.29587	0	0	0	0.131098	-0.0355811	2.43615
2012-07-23 00:00:00	-25.618	2.1958	3.41187	0	0.0707404	-0.0311873	0.0961061	0	0	0	0	0	0	0	11.6424	-0.292953	0.0774323	0	0	1.81792	0	0	0	0.131969	-0.0360681	-6.534
2012-07-24 00:00:00	-2.96848	-0.382376	3.37725	0	-0.00724297	-0.000939422	0.00535331	0	0	0	0	0	0	0	-0.954424	-0.294485	0.0777947	0	0	2.28978	0	0	0	0.132475	-0.0443191	1.2304
2012-07-25 00:00:00	-0.4	-1.76248	3.5571	0	-0.0229699	0	0.00305814	0	0	0	0	0	0	0	-2.1093	-0.294382	0.077696	0	0	2.04043	0	0	0	0.13215	-0.0417862	1.17953
2012-07-26 00:00:00	-0.990993	-0.0174553	2.88823	0	-0.0233966	0	0.000897976	0	0	0	0	0	0	0	-1.87389	-0.293925	0.077558	0	0	1.69268	0	0	0	0.132046	-0.0387808	1.55298
2012-07-27 00:00:00	-0.0180143	-0.0161538	2.62245	0	-0.0142573	0	0.000129732	0	0	0	0	0	0	0	-2.36663	-0.29353	0.0774599	0	0	1.4383	0	0	0	0.131929	-0.0348518	1.52683
2012-07-28 00:00:00	-4.61801	1.39079	3.03797	0	0.000710464	0	0.00237299	0	0	0	0	0	0	0	-0.630257	-0.29294	0.0773497	0	0	1.26677	0	0	0	0.131881	-0.0313484	0.335286
2012-07-29 00:00:00	-3.93695	0.742235	2.97874	0	3.65299E-05	0	0.00401598	0	0	0	0	0	0	0	-0.158445	-0.292747	0.0773092	0	0	1.22651	0	0	0	0.131515	-0.0296781	0.742542
2012-07-30 00:00:00	-1.78649	-0.911917	2.84323	0	-6.16979E-05	0	0.00248952	0	0	0	0	0	0	0	-0.806425	-0.292307	0.0772255	0	0	1.16592	0	0	0	0.131293	-0.0288784	0.394074
2012-07-31 00:00:00	-5.97298	0.945565	3.43443	0	0.0122797	0	0.00430962	0	0	0	0	0	0	0	0.500267	-0.292075	0.0772598	0	0	1.16099	0	0	0	0.13098	-0.0283882	-0.0273558
2012-08-01 00:00:00	-6.20901	0.0132862	3.31889	0	0.033528	0	0.00554982	0	0	0	0	0	0	0	0.990822	-0.292417	0.0772969	0	0	1.24476	0	0	0	0.130836	-0.0293593	-0.715819
2012-08-02 00:00:00	-0.00450358	-2.11994	2.97414	0	-0.0155039	0	0.00196218	0	0	0	0	0	0	0	-1.20778	-0.292242	0.0772591	0	0	1.23057	0	0	0	0.130506	-0.0301246	0.744339
2012-08-03 00:00:00	-0.2	-0.080176	2.94886	0	-0.0237455	0	7.50939E-05	0	0	0	0	0	0	0	-2.67547	-0.291927	0.077139	0	0	1.0383	0	0	0	0.130304	-0.0287733	0.894589
2012-08-04 00:00:00	-7.86305	2.25406	2.9577	0	0.0276936	0	0.00529548	0	0	0	0	0	0	0	1.49731	-0.292007	0.0771561	0	0	1.03859	0	0	0	0.130025	-0.0266367	-0.19387
2012-08-05 00:00:00	-11.0901	0.0360547	3.06595	0	0.0294705	-0.0161112	0.0445844	0	0	0	0	0	0	0	4.3125	-0.293015	0.0773931	0	0	1.30947	0	0	0	0.130218	-0.029916	-2.42347
2012-08-06 00:00:00	-7.88106	-0.0118372	2.92774	0	-0.000268303	-0.0127963	0.0388011	0	0	0	0	0	0	0	2.24798	-0.29402	0.0780053	0	0	1.61816	0	0	0	0.130209	-0.0354322	-1.19453
2012-08-07 00:00:00	-0.00450358	-2.09095	2.83783	0	-0.0159153	-0.000250811	0.00356399	0	0	0	0	0	0	0	-1.49701	-0.294192	0.0781543	0	0	1.61662	0	0	0	0.130084	-0.0364333	0.726991
2012-08-08 00:00:00	0	-0.139189	2.96969	0	-0.0366781	0	0.000167631	0	0	0	0	0	0	0	-2.43916	-0.293826	0.0780215	0	0	1.37129	0	0	0	0.129855	-0.0337339	1.60644
2012-08-09 00:00:00	0	-0.0246404	3.27907	0	-0.0127765	0	9.29544E-05	0	0	0	0	0	0	0	-3.04701	-0.293533	0.0777984	0	0	1.08183	0	0	0	0.12989	-0.0299795	1.16074
2012-08-10 00:00:00	0	-0.0261737	3.65023	0	-0.00392232	0	5.29507E-05	0	0	0	0	0	0	0	-2.11056	-0.292813	0.0776109	0	0	0.84364	0	0	0	0.129542	-0.0270933	2.24051
2012-08-11 00:00:00	0	0	2.72805	0	-0.0010248	0	0	0	0	0	0	0	0	0	-2.7801	-0.292606	0.0775262	0	0	0.742851	0	0	0	0.129655	-0.0222907	0.582055
2012-08-12 00:00:00	0	0	2.77627	0	-0.00405877	0	0	0	0	0	0	0	0	0	-1.90511	-0.291796	0.0773301	0	0	0.620126	0	0	0	0.129344	-0.0205131	1.38159
2012-08-13 00:00:00	-0.990993	0	3.05668	0	0.000396244	0	0	0	0	0	0	0	0	0	-2.11067	-0.291331	0.077199	0	0	0.56254	0	0	0	0.129243	-0.0189446	0.414128
2012-08-14 00:00:00	-0.2	0	2.82134	0	-0.00033717	0	0	0	0	0	0	0	0	0	-2.19322	-0.290786	0.0770468	0	0	0.501188	0	0	0	0.128642	-0.0178657	0.826012
2012-08-15 00:00:00	-15.3234	2.33726	3.19694	0	0.023818	0	0.00850883	0	0	0	0	0	0	0	5.7695	-0.292445	0.0773702	0	0	0.839375	0	0	0	0.128335	-0.0171309	-3.25191
2012-08-16 00:00:00	-1.01801	-1.68219	2.95771	0	-0.00291821	0	0.00257444	0	0	0	0	0	0	0	-0.604291	-0.292188	0.0773306	0	0	0.929194	0	0	0	0.128569	-0.0250151	0.470761
2012-08-17 00:00:00	-4.44504	1.18943	3.05468	0	0.00176774	0	0.00292863	0	0	0	0	0	0	0	-0.387512	-0.291738	0.0772388	0	0	0.921694	0	0	0	0.128173	-0.0250913	0.226537
2012-08-18 00:00:00	-0.590993	-1.52723	2.97266	0	-0.00752757	0	0.00128492	0	0	0	0	0	0	0	-1.24902	-0.291265	0.0771367	0	0	0.896314	0	0	0	0.127896	-0.0247216	0.38453
2012-08-19 00:00:00	-6.16397	2.04119	2.70864	0	0.0155043	0	0.00425876	0	0	0	0	0	0	0	0.456355	-0.290942	0.0770579	0	0	0.892284	0	0	0	0.127516	-0.0239524	-0.156062
2012-08-20 00:00:00	-5.55046	0.00516278	2.70069	0	0.026019	0	0.00882402	0	0	0	0	0	0	0	1.27031	-0.29113	0.0770803	0	0	1.00279	0	0	0	0.127276	-0.0258695	-0.649309
2012-08-21 00:00:00	-3.77748	0.00334337	2.7918	0	0.00479818	-0.00221826	0.00704231	0	0	0	0	0	0	0	-2.5183E-05	-0.291043	0.0770565	0	0	1.0672	0	0	0	0.126986	-0.0273085	-0.0198443
2012-08-22 00:00:00	-3.4045	0.026937	2.7148	0	0.00269951	-0.00167112	0.00578816	0	0	0	0	0	0	0	-0.0779956	-0.290759	0.0769962	0	0	1.07491	0	0	0	0.126629	-0.0275046	0.226328
2012-08-23 00:00:00	-1.97748	-0.625038	2.67615	0	-0.00205943	-7.89734E-05	0.00291504	0	0	0	0	0	0	0	-0.525662	-0.290373	0.0769146	0	0	1.05212	0	0	0	0.126254	-0.027267	0.486396
2012-08-24 00:00:00	-0.2	-1.60708	2.61746	0	-0.013487	0	0.00134583	0	0	0	0	0	0	0	-1.33708	-0.289759	0.0767802	0	0	0.988734	0	0	0	0.125981	-0.0267788	0.336116
2012-08-25 00:00:00	-4.4	1.64041	2.52511	0	0.00494351	0	0.00311211	0	0	0	0	0	0	0	-0.0726954	-0.289456	0.0767059	0	0	0.957728	0	0	0	0.125525	-0.0259532	0.545426
2012-08-26 00:00:00	-1.19099	-1.07177	2.41053	0	-0.00335835	0	0.0023309	0	0	0	0	0	0	0	-0.448979	-0.289012	0.0766124	0	0	0.937996	0	0	0	0.125325	-0.0255924	0.523086
2012-08-27 00:00:00	-5.17748	1.65374	2.56797	0	0.00930627	0	0.00453124	0	0	0	0	0	0	0	0.120809	-0.288584	0.0765269	0	0	0.941733	0	0	0	0.125033	-0.0252885	0.00829275
2012-08-28 00:00:00	0	-2.10927	2.53184	0	-0.00891488	0	0.00231293	0	0	0	0	0	0	0	-0.697532	-0.288298	0.0764592	0	0	0.940777	0	0	0	0.124687	-0.025637	0.546425
2012-08-29 00:00:00	-6.70809	2.21159	2.30053	0	0.0173216	-0.00353813	0.00986267	0	0	0	0	0	0	0	0.982491	-0.28803	0.0764195	0	0	0.960979	0	0	0	0.124417	-0.0254826	-0.341524
2012-08-30 00:00:00	-8.61085	-0.0434544	2.02091	0	0.00415835	-0.0176963	0.0509733	0	0	0	0	0	0	0	3.3706	-0.288855	0.076598	0	0	1.18298	0	0	0	0.124494	-0.0280682	-2.15821
2012-08-31 00:00:00	-2.39099	-0.0520776	2.19609	0	-0.00173072	-0.00102937	0.00473791	0	0	0	0	0	0	0	-0.417898	-0.28897	0.0766179	0	0	1.29461	0	0	0	0.124423	-0.0308616	0.512916
2012-09-01 00:00:00	-0.0225179	-2.09716	2.52733	0	-0.00774132	-1.61631E-05	0.00302985	0	0	0	0	0	0	0	-1.0378	-0.288423	0.0765048	0	0	1.20819	0	0	0	0.124204	-0.0301662	0.45544
2012-09-02 00:00:00	-1.36847	-0.258981	2.48197	0	-0.0122081	0	0.00113545	0	0	0	0	0	0	0	-0.932582	-0.288037	0.0764141	0	0	1.126	0	0	0	0.123795	-0.0287636	0.920273
2012-09-03 00:00:00	-1.01351	-0.00758112	2.42702	0	-0.0179559	0	0.000827321	0	0	0	0	0	0	0	-1.53053	-0.287275	0.0762541	0	0	0.986932	0	0	0	0.123579	-0.0278345	0.72993
2012-09-04 00:00:00	-0.786489	-0.0138345	2.25983	0	-0.0149989	0	0.00152817	0	0	0	0	0	0	0	-1.26128	-0.287019	0.0761924	0	0	0.924284	0	0	0	0.123322	-0.0257506	0.995788
2012-09-05 00:00:00	0	-0.00824617	2.01594	0	-0.00694049	0	3.95548E-05	0	0	0	0	0	0	0	-1.78264	-0.286192	0.0760276	0	0	0.79721	0	0	0	0.123083	-0.0244444	0.90384
2012-09-06 00:00:00	-1.41351	-0.00103263	2.16175	0	-0.00167971	0	0.00141558	0	0	0	0	0	0	0	-0.713526	-0.285871	0.0759581	0	0	0.765876	0	0	0	0.123181	-0.021875	0.690691
2012-09-07 00:00:00	-3.0045	0.547036	2.3681	0	-1.83321E-05	0	0.000827896	0	0	0	0	0	0	0	0.358475	-0.285297	0.0758508	0	0	0.767822	0	0	0	0.122544	-0.0213171	0.929519
2012-09-08 00:00:00	-0.00450358	-0.5492	2.22659	0	-5.38194E-05	0	0.00172648	0	0	0	0	0	0	0	-1.97395	-0.285185	0.0757874	0	0	0.734583	0	0	0	0.122357	-0.0212558	0.326894
2012-09-09 00:00:00	-3.2	0.746739	2.35577	0	1.06785E-05	0	0.00313051	0	0	0	0	0	0	0	-0.0739989	-0.284707	0.0756895	0	0	0.71692	0	0	0	0.121874	-0.0204937	0.440937
2012-09-10 00:00:00	-11.7775	1.8191	2.05219	0	0.0639653	-0.0042745	0.0155868	0	0	0	0	0	0	0	4.2281	-0.285282	0.075827	0	0	0.900816	0	0	0	0.121849	-0.0225571	-2.81216
2012-09-11 00:00:00	-0.404504	-1.16523	1.72808	0	-0.00581139	-0.000505323	0.00389748	0	0	0	0	0	0	0	-0.763185	-0.285524	0.0758855	0	0	1.08485	0	0	0	0.121888	-0.0276405	0.362204
2012-09-12 00:00:00	-0.595496	-1.04135	1.80575	0	-0.00381553	0	0.00270994	0	0	0	0	0	0	0	-0.397041	-0.285077	0.0757932	0	0	1.04242	0	0	0	0.121512	-0.0271955	0.698203
2012-09-13 00:00:00	-1.02702	-0.250116	1.84816	0	-0.00877518	0	0.00115302	0	0	0	0	0	0	0	-0.711396	-0.284465	0.0756752	0	0	0.977847	0	0	0	0.121242	-0.0266291	0.715672
2012-09-14 00:00:00	-1	-0.0767674	1.96523	0	-0.0121162	0	0.00134216	0	0	0	0	0	0	0	-0.658823	-0.28416	0.075599	0	0	0.929075	0	0	0	0.120873	-0.0256355	1.03462
2012-09-15 00:00:00	0	-0.0131439	1.88231	0	-0.0211694	0	0.000389937	0	0	0	0	0	0	0	-1.62645	-0.283672	0.075482	0	0	0.844208	0	0	0	0.120694	-0.0238093	0.954847
2012-09-16 00:00:00	-0.4	-0.0100928	1.81253	0	-0.00737833	0	0.000233813	0	0	0	0	0	0	0	-1.17825	-0.282892	0.0753162	0	0	0.75152	0	0	0	0.120526	-0.0222693	0.859239
2012-09-17 00:00:00	-5.05855	2.58137	1.67889	0	0.00526384	0	0.00342345	0	0	0	0	0	0	0	0.362641	-0.282755	0.0752942	0	0	0.761395	0	0	0	0.120393	-0.0211153	0.22625
2012-09-18 00:00:00	-0.204504	-1.20229	1.57322	0	-0.00379149	0	0.00162036	0	0	0	0	0	0	0	-0.407723	-0.282312	0.0752215	0	0	0.787495	0	0	0	0.120167	-0.0215895	0.435514
2012-09-19 00:00:00	-1.01801	-0.396514	1.47988	0	-0.00126194	0	0.00134739	0	0	0	0	0	0	0	-0.133901	-0.281686	0.0751087	0	0	0.78558	0	0	0	0.119883	-0.0216225	0.608799
2012-09-20 00:00:00	-29.6135	1.67165	1.56453	0	0.0661124	-0.0583859	0.164219	0	0	0	0	0	0	0	13.7102	-0.284828	0.0757569	0	0	1.40766	0	0	0	0.120472	-0.0301597	-11.2063
2012-09-21 00:00:00	-0.790993	-0.532456	1.37583	0	-0.00922889	-0.00105567	0.00744668	0	0	0	0	0	0	0	-1.12394	-0.287022	0.0762822	0	0	2.04868	0	0	0	0.121411	-0.0411817	0.843768
2012-09-22 00:00:00	-0.00450358	-1.32449	1.54468	0	-0.00493105	0	0.00306756	0	0	0	0	0	0	0	-0.833652	-0.286496	0.0761847	0	0	1.84363	0	0	0	0.121177	-0.0392612	1.09541
2012-09-23 00:00:00	-0.00450358	-0.740329	1.4185	0	-0.0104536	0	0.0020778	0	0	0	0	0	0	0	-1.024	-0.285991	0.0760709	0	0	1.653	0	0	0	0.120956	-0.0371481	1.16818
2012-09-24 00:00:00	-17.1234	2.58654	1.33572	0	0.0231611	-0.0314781	0.0902943	0	0	0	0	0	0	0	7.23575	-0.287172	0.0762888	0	0	1.84067	0	0	0	0.1214	-0.0374524	-4.16971
2012-09-25 00:00:00	-25.8747	0.0148353	1.54556	0	0.000232645	-0.0631153	0.181795	0	0	0	0	0	0	0	12.855	-0.291648	0.0774157	0	0	2.8311	0	0	0	0.123137	-0.0475293	-8.64792
2012-09-26 00:00:00	-9.63685	0.00385175	1.55299	0	-0.00371911	-0.0206433	0.062981	0	0	0	0	0	0	0	3.44286	-0.294976	0.0785147	0	0	3.53041	0	0	0	0.124546	-0.0550997	-1.21514
2012-09-27 00:00:00	-7.25138	-0.0334151	1.5104	0	0.00297934	-0.0156334	0.0472082	0	0	0	0	0	0	0	2.31999	-0.296139	0.0789486	0	0	3.52679	0	0	0	0.125097	-0.055317	-0.0404761
2012-09-28 00:00:00	-1.64504	-0.00632316	1.49322	0	-0.006052	-0.000699133	0.00573667	0	0	0	0	0	0	0	-0.951178	-0.296131	0.0789543	0	0	3.21601	0	0	0	0.125338	-0.0536085	1.96023
2012-09-29 00:00:00	-0.795496	-0.620334	1.47487	0	-0.00191378	-2.43034E-05	0.00266807	0	0	0	0	0	0	0	-0.714165	-0.295694	0.0788188	0	0	2.80562	0	0	0	0.12523	-0.0500499	2.00953
2012-09-30 00:00:00	-3.61167	0.657375	1.57069	0	0.00272073	-0.00279151	0.0106981	0	0	0	0	0	0	0	-0.106829	-0.295478	0.0787727	0	0	2.53807	0	0	0	0.12517	-0.046538	0.920189
2012-10-01 00:00:00	-1.59099	-0.0492533	1.46259	0	-0.00067247	-0.000614108	0.00430979	0	0	0	0	0	0	0	-0.767413	-0.295159	0.0787146	0	0	2.29395	0	0	0	0.125142	-0.044254	1.21635
2012-10-02 00:00:00	-1.27206	-0.145023	1.34861	0	-0.000536165	-5.55721E-06	0.003191	0	0	0	0	0	0	0	-0.599368	-0.294715	0.0786076	0	0	2.06003	0	0	0	0.124914	-0.0416945	1.26196
2012-10-03 00:00:00	-0.912589	-0.31313	1.16925	0	-0.0011504	0	0.00260792	0	0	0	0	0	0	0	-0.57083	-0.294408	0.0785537	0	0	1.87525	0	0	0	0.124688	-0.0391952	1.11905
2012-10-04 00:00:00	-0.809007	-0.275957	1.12905	0	-0.00106377	0	0.00280926	0	0	0	0	0	0	0	-0.627902	-0.29393	0.0784448	0	0	1.69191	0	0	0	0.124434	-0.0373027	0.981479
2012-10-05 00:00:00	-0.649539	-0.450284	1.14094	0	-0.00160924	0	0.0035166	0	0	0	0	0	0	0	-0.625342	-0.29352	0.0783557	0	0	1.56169	0	0	0	0.124151	-0.0353888	0.852975
2012-10-06 00:00:00	-0.781986	-0.346712	1.18054	0	-0.000991707	0	0.00282152	0	0	0	0	0	0	0	-0.552798	-0.292991	0.0782459	0	0	1.43125	0	0	0	0.123909	-0.0336547	0.807632
2012-10-07 00:00:00	-13.2983	1.51549	1.24451	0	0.0101296	-0.0271008	0.0769055	0	0	0	0	0	0	0	5.61428	-0.293979	0.078778	0	0	1.65746	0	0	0	0.124012	-0.0345911	-3.33236
2012-10-08 00:00:00	-0.00450358	-1.0263	1.17883	0	-0.00810419	-0.00061825	0.00551864	0	0	0	0	0	0	0	-1.0323	-0.294381	0.0788818	0	0	1.82544	0	0	0	0.124358	-0.0387887	0.808028
2012-10-09 00:00:00	0	-0.869358	1.03317	0	-0.00338938	0	0.00262329	0	0	0	0	0	0	0	-0.619555	-0.293971	0.0787715	0	0	1.66385	0	0	0	0.124037	-0.0371584	1.07902
2012-10-10 00:00:00	-0.00450358	-0.65131	1.22792	0	-0.00881508	0	0.00298275	0	0	0	0	0	0	0	-1.02059	-0.293588	0.0786687	0	0	1.52558	0	0	0	0.123747	-0.0351602	0.944933
2012-10-11 00:00:00	-8.83869	2.60192	1.17414	0	0.0186134	-0.00978223	0.0303793	0	0	0	0	0	0	0	2.42427	-0.29362	0.0786944	0	0	1.49885	0	0	0	0.123768	-0.0339451	-1.2254
2012-10-12 00:00:00	-28.8694	0.00128546	0.999054	0	0.00681459	-0.073159	0.208176	0	0	0	0	0	0	0	15.5702	-0.298767	0.0797034	0	0	2.58328	0	0	0	0.124929	-0.0428257	-9.7107
2012-10-13 00:00:00	-0.618014	-0.372011	1.01422	0	-0.0106456	-0.00105648	0.00894904	0	0	0	0	0	0	0	-1.17595	-0.30122	0.0802776	0	0	3.13375	0	0	0	0.126064	-0.0528614	1.8315
2012-10-14 00:00:00	-2.07206	0.374509	0.972745	0	0.00119814	-0.00147842	0.00773565	0	0	0	0	0	0	0	-0.409277	-0.301035	0.0802067	0	0	2.77114	0	0	0	0.125873	-0.0498275	1.49973
2012-10-15 00:00:00	-1.56847	-0.00304468	0.768446	0	-0.00014486	-0.00220285	0.00953157	0	0	0	0	0	0	0	-0.503757	-0.300812	0.0801428	0	0	2.49544	0	0	0	0.125866	-0.0468445	1.05415
2012-10-16 00:00:00	-16.9415	0.0121484	0.819486	0	0.0050327	-0.0419484	0.120907	0	0	0	0	0	0	0	8.84981	-0.30333	0.0806265	0	0	2.8821	0	0	0	0.12636	-0.0481842	-4.43845
2012-10-17 00:00:00	-22.2495	-0.00487521	0.810723	0	0.00838225	-0.0572625	0.162331	0	0	0	0	0	0	0	11.8515	-0.310115	0.0818622	0	0	4.26826	0	0	0	0.127765	-0.0582016	-5.36912
2012-10-18 00:00:00	-5.2	-3.88564E-05	0.848343	0	-0.00499402	-0.0156115	0.0406107	0	0	0	0	0	0	0	1.47497	-0.313843	0.0824825	0	0	4.96597	0	0	0	0.128492	-0.0675924	1.93879
2012-10-19 00:00:00	-1.78649	-0.00579347	0.979225	0	-0.00780779	-0.00293725	0.011646	0	0	0	0	0	0	0	-0.467211	-0.315246	0.0824158	0	0	4.3748	0	0	0	0.128695	-0.0653288	2.92597
2012-10-20 00:00:00	-1.79099	0.0137005	0.870758	0	-0.000318538	-0.00241926	0.0107447	0	0	0	0	0	0	0	-0.480727	-0.315055	0.0823671	0	0	3.84641	0	0	0	0.128932	-0.0600906	2.3033
2012-10-21 00:00:00	0	-0.966948	1.09137	0	-0.00375139	-8.01708E-05	0.00368582	0	0	0	0	0	0	0	-0.848119	-0.314644	0.0822058	0	0	3.33228	0	0	0	0.12894	-0.0562622	2.44868
2012-10-22 00:00:00	-0.209007	-0.447605	0.730484	0	-0.00156149	0	0.00400351	0	0	0	0	0	0	0	-1.0895	-0.314673	0.0821086	0	0	2.95409	0	0	0	0.128997	-0.0512177	1.78612
2012-10-23 00:00:00	-0.213511	-0.520752	0.820855	0	-0.00210249	0	0.00364893	0	0	0	0	0	0	0	-0.763103	-0.314154	0.0818803	0	0	2.59633	0	0	0	0.128877	-0.0476566	1.77031
2012-10-24 00:00:00	-0.204504	-0.437023	0.773133	0	-0.00239672	0	0.00331294	0	0	0	0	0	0	0	-0.95813	-0.313596	0.0817899	0	0	2.30452	0	0	0	0.128803	-0.044336	1.33158
2012-10-25 00:00:00	-1.1955	0.418326	0.738711	0	0.000816652	0	0.00363302	0	0	0	0	0	0	0	-0.763744	-0.313048	0.0817034	0	0	2.0514	0	0	0	0.128621	-0.0416088	1.10932
2012-10-26 00:00:00	-0.222518	-0.328853	0.609021	0	-0.00117472	0	0.00357548	0	0	0	0	0	0	0	-0.690059	-0.312586	0.0816363	0	0	1.86884	0	0	0	0.128432	-0.0391089	1.09721
2012-10-27 00:00:00	-4.81801	2.22992	0.599814	0	0.0111061	-0.00318727	0.0123784	0	0	0	0	0	0	0	0.485123	-0.312269	0.0815895	0	0	1.74081	0	0	0	0.128317	-0.0373566	0.118232
2012-10-28 00:00:00	-4.22702	-0.0107403	0.766792	0	0.000119481	-0.00907841	0.0287201	0	0	0	0	0	0	0	1.19759	-0.312608	0.0816904	0	0	1.81422	0	0	0	0.128353	-0.0379259	-0.579896
2012-10-29 00:00:00	-0.395496	-0.234635	0.623738	0	-0.00210015	-0.000304962	0.00404902	0	0	0	0	0	0	0	-0.700071	-0.312544	0.0816742	0	0	1.74783	0	0	0	0.128226	-0.0381411	0.902222
2012-10-30 00:00:00	-1.2	0.213557	0.668741	0	0.00057449	-0.00069677	0.0055747	0	0	0	0	0	0	0	-0.532806	-0.312129	0.0816228	0	0	1.62486	0	0	0	0.127952	-0.0363208	0.640927
2012-10-31 00:00:00	-13.973	-0.00736141	0.658053	0	0.00505688	-0.0345308	0.100387	0	0	0	0	0	0	0	7.12058	-0.313761	0.0820008	0	0	1.99749	0	0	0	0.128204	-0.0388135	-4.27568
2012-11-01 00:00:00	-3.01801	-0.0146889	0.542522	0	-0.00340625	-0.00802145	0.0235098	0	0	0	0	0	0	0	0.338259	-0.314995	0.0823701	0	0	2.34618	0	0	0	0.128593	-0.0440925	0.0582188
2012-11-02 00:00:00	-4.16397	0.00285549	0.564133	0	-9.16529E-05	-0.0107738	0.0319581	0	0	0	0	0	0	0	1.37804	-0.315369	0.0827748	0	0	2.32993	0	0	0	0.128549	-0.0441752	-0.0161417
2012-11-03 00:00:00	-1.0045	-0.00984598	0.476466	0	-0.00132407	-0.00181288	0.00804169	0	0	0	0	0	0	0	-0.756274	-0.315291	0.0827519	0	0	2.20546	0	0	0	0.128615	-0.0436398	0.768646
2012-11-04 00:00:00	-0.395496	-0.111252	0.480421	0	-0.000250201	-0.000135372	0.00423934	0	0	0	0	0	0	0	-0.694114	-0.314843	0.0826453	0	0	1.97341	0	0	0	0.128437	-0.0414558	1.11161
2012-11-05 00:00:00	-0.00450358	-0.419848	0.479975	0	-0.00172719	0	0.00332597	0	0	0	0	0	0	0	-0.645355	-0.314874	0.0824412	0	0	1.80597	0	0	0	0.128167	-0.0395396	1.07403
2012-11-06 00:00:00	-3.38649	0.510266	0.609821	0	0.00282511	-0.0054623	0.0192833	0	0	0	0	0	0	0	0.641275	-0.314871	0.0824446	0	0	1.74039	0	0	0	0.128078	-0.037354	-0.009792
2012-11-07 00:00:00	-2.61801	-0.00509286	0.579685	0	1.1288E-05	-0.00535601	0.0186563	0	0	0	0	0	0	0	0.303578	-0.314962	0.0824873	0	0	1.75514	0	0	0	0.128039	-0.0374951	-0.113318
2012-11-08 00:00:00	-0.195496	-0.378791	0.598945	0	-0.00220542	-0.00018974	0.00356284	0	0	0	0	0	0	0	-0.616892	-0.314673	0.0824666	0	0	1.66125	0	0	0	0.127852	-0.0373502	0.928475
2012-11-09 00:00:00	-2.22702	0.363102	0.590116	0	0.00173925	-0.00294918	0.012558	0	0	0	0	0	0	0	0.0338807	-0.314559	0.0824576	0	0	1.58093	0	0	0	0.127657	-0.0355095	0.212399
2012-11-10 00:00:00	-0.790993	-0.0278789	0.483211	0	-0.000801199	-0.000980372	0.00481722	0	0	0	0	0	0	0	-0.368894	-0.315578	0.0823559	0	0	1.51516	0	0	0	0.127528	-0.035088	0.672864
2012-11-11 00:00:00	-0.0765609	-0.394025	0.44474	0	-0.00125371	-4.32533E-05	0.00472403	0	0	0	0	0	0	0	-0.758265	-0.31544	0.0823595	0	0	1.43547	0	0	0	0.127247	-0.0333353	0.515618
2012-11-12 00:00:00	-3.18199	0.395382	0.599278	0	0.00253715	-0.0053329	0.0184076	0	0	0	0	0	0	0	0.592329	-0.315477	0.0823819	0	0	1.41132	0	0	0	0.127125	-0.0321472	-0.306183
2012-11-13 00:00:00	-9.5955	-0.00718633	0.614437	0	0.00221718	-0.023349	0.0693287	0	0	0	0	0	0	0	4.6003	-0.316738	0.0826601	0	0	1.70818	0	0	0	0.127171	-0.0360034	-2.77448
2012-11-14 00:00:00	-17.3505	-0.0192657	0.556135	0	0.00559941	-0.0503809	0.127886	0	0	0	0	0	0	0	9.14935	-0.320709	0.0835489	0	0	2.62322	0	0	0	0.127868	-0.0432561	-5.11047
2012-11-15 00:00:00	-0.795496	-0.000699228	0.498979	0	-0.00819088	-0.00454963	0.0114587	0	0	0	0	0	0	0	-1.24181	-0.321791	0.0841863	0	0	2.82106	0	0	0	0.128474	-0.0500757	1.12155
2012-11-16 00:00:00	0	-0.446044	0.48889	0	-0.00227438	-0.000365532	0.00105766	0	0	0	0	0	0	0	0.141217	-0.321739	0.0839507	0	0	2.39832	0	0	0	0.128178	-0.049316	2.42188
2012-11-17 00:00:00	-2.63153	0.433109	0.436199	0	0.0025543	-0.00411358	0.0183007	0	0	0	0	0	0	0	-0.785142	-0.321857	0.0839955	0	0	2.3346	0	0	0	0.128348	-0.0444153	-0.349945
2012-11-18 00:00:00	-0.00900717	-0.365361	0.404301	0	-0.0013829	-0.000202943	0.00408072	0	0	0	0	0	0	0	-1.13257	-0.32152	0.0838949	0	0	2.06683	0	0	0	0.1283	-0.0434713	0.813892
2012-11-19 00:00:00	-3.18199	0.352221	0.47868	0	0.00144859	-0.0057809	0.0205289	0	0	0	0	0	0	0	0.936869	-0.321682	0.0839315	0	0	2.03721	0	0	0	0.128222	-0.0407887	0.488873
2012-11-20 00:00:00	-0.786489	-0.0170922	0.511888	0	-0.00119386	-0.000932557	0.0060806	0	0	0	0	0	0	0	-0.706251	-0.321491	0.0838925	0	0	1.91834	0	0	0	0.128234	-0.0401779	0.774812
2012-11-21 00:00:00	0	-0.381812	0.41358	0	-0.000962122	-3.61141E-05	0.0040569	0	0	0	0	0	0	0	-0.802961	-0.321191	0.0838359	0	0	1.77927	0	0	0	0.128021	-0.0380914	0.86371
2012-11-22 00:00:00	-22.2135	0.370544	0.439239	0	0.0102667	-0.0607781	0.159006	0	0	0	0	0	0	0	11.7829	-0.32428	0.0845158	0	0	2.45543	0	0	0	0.128649	-0.0426586	-7.21065
2012-11-23 00:00:00	-1.8	-0.00209657	0.398277	0	-0.00767574	-0.0082397	0.0193209	0	0	0	0	0	0	0	-0.609568	-0.326811	0.0853108	0	0	3.03369	0	0	0	0.129391	-0.0517075	0.859888
2012-11-24 00:00:00	-0.404504	-0.0129754	0.302294	0	-0.00186167	-0.00101061	0.00529996	0	0	0	0	0	0	0	-0.596852	-0.327495	0.0853018	0	0	2.71376	0	0	0	0.129181	-0.0502065	1.84093
2012-11-25 00:00:00	-11.3685	-0.00282126	0.356813	0	0.00446094	-0.0329999	0.0855086	0	0	0	0	0	0	0	5.34312	-0.328787	0.0856261	0	0	2.89513	0	0	0	0.129753	-0.0492249	-2.8819
2012-11-26 00:00:00	-10.2	-0.011761	0.251031	0	0.00122842	-0.0320523	0.0784581	0	0	0	0	0	0	0	5.2698	-0.333025	0.0866288	0	0	3.46547	0	0	0	0.130473	-0.0539779	-1.34772
2012-11-27 00:00:00	-0.2	-0.190578	0.390983	0	-0.00560628	-0.00263797	0.00693478	0	0	0	0	0	0	0	-1.10364	-0.334098	0.0869428	0	0	3.3451	0	0	0	0.130922	-0.0553062	2.06902
2012-11-28 00:00:00	-0.2	-0.159162	0.38654	0	-0.000117222	-0.000124496	0.00481457	0	0	0	0	0	0	0	-1.09319	-0.334628	0.0869136	0	0	2.92345	0	0	0	0.13092	-0.0515859	1.69383
2012-11-29 00:00:00	0	-0.324637	0.379262	0	-0.00201938	0	0.00323825	0	0	0	0	0	0	0	-0.797367	-0.335277	0.0867953	0	0	2.57056	0	0	0	0.130903	-0.0484601	1.663
2012-11-30 00:00:00	-0.195496	-0.062962	0.268981	0	0.000182344	0	0.00408321	0	0	0	0	0	0	0	-0.930819	-0.334872	0.0866906	0	0	2.27233	0	0	0	0.130935	-0.0449937	1.19405
2012-12-01 00:00:00	-1.18649	0.684958	0.206169	0	0.00250138	-0.000111725	0.00403483	0	0	0	0	0	0	0	-0.720748	-0.334804	0.0865425	0	0	2.07029	0	0	0	0.130896	-0.041969	0.901271
2012-12-02 00:00:00	-0.0315251	-0.156881	0.176388	0	-0.000533085	-0.000104526	0.00435775	0	0	0	0	0	0	0	-0.680678	-0.334634	0.0864164	0	0	1.89318	0	0	0	0.130778	-0.0396022	1.04716
2012-12-03 00:00:00	-9.44237	0.156847	0.301286	0	0.0038451	-0.0235051	0.069245	0	0	0	0	0	0	0	4.35338	-0.335584	0.0865323	0	0	2.08384	0	0	0	0.130972	-0.0404241	-2.65594
2012-12-04 00:00:00	-0.195496	-0.04941	0.237531	0	-0.00354537	-0.000928697	0.00504553	0	0	0	0	0	0	0	-1.29606	-0.336682	0.0864232	0	0	2.14729	0	0	0	0.131242	-0.0434111	0.681993
2012-12-05 00:00:00	-0.395496	0.0304908	0.181619	0	-0.000133401	-0.000373966	0.00579074	0	0	0	0	0	0	0	-0.392852	-0.336276	0.0863948	0	0	1.98881	0	0	0	0.130943	-0.041195	1.25772
2012-12-06 00:00:00	-6.2739	-0.00305808	0.234034	0	0.00250512	-0.0173532	0.0487152	0	0	0	0	0	0	0	2.69306	-0.337271	0.0864954	0	0	2.06838	0	0	0	0.13113	-0.0409262	-1.40818
2012-12-07 00:00:00	-3.54145	-0.0148933	0.261843	0	-0.000285439	-0.0107932	0.0283226	0	0	0	0	0	0	0	1.0296	-0.338327	0.086684	0	0	2.22613	0	0	0	0.131372	-0.0429719	-0.184772
2012-12-08 00:00:00	-0.809007	-0.00175575	0.297443	0	-0.00204987	-0.00204563	0.00945578	0	0	0	0	0	0	0	-0.630323	-0.338333	0.0867464	0	0	2.1354	0	0	0	0.131344	-0.0425891	0.834289
2012-12-09 00:00:00	-1.23153	-0.00840175	0.292488	0	0.000320181	-0.00232792	0.010127	0	0	0	0	0	0	0	-0.351006	-0.338156	0.0870355	0	0	1.98326	0	0	0	0.131346	-0.0409159	0.532241
2012-12-10 00:00:00	0	-0.213672	0.217217	0	-0.00013733	-0.000104849	0.00340969	0	0	0	0	0	0	0	-0.822519	-0.337707	0.0870868	0	0	1.79416	0	0	0	0.131239	-0.0400407	0.818927
2012-12-11 00:00:00	-0.2	0.0435428	0.156458	0	-0.000270656	0	0.00370019	0	0	0	0	0	0	0	-0.761597	-0.337472	0.0870429	0	0	1.67484	0	0	0	0.131033	-0.0376013	0.759682
2012-12-12 00:00:00	0	-0.182612	0.207296	0	-0.000970218	0	0.00367466	0	0	0	0	0	0	0	-0.681605	-0.337059	0.0869684	0	0	1.55084	0	0	0	0.131002	-0.0356142	0.741924
2012-12-13 00:00:00	0	-0.188749	0.220939	0	-0.000854892	0	0.00343306	0	0	0	0	0	0	0	-0.662278	-0.336636	0.0868913	0	0	1.44679	0	0	0	0.130846	-0.0339194	0.666464
2012-12-14 00:00:00	-25.8649	0.499137	0.254659	0	0.0113509	-0.0729157	0.187757	0	0	0	0	0	0	0	13.7852	-0.34027	0.0877195	0	0	2.32994	0	0	0	0.131711	-0.0407465	-9.03133
2012-12-15 00:00:00	-2.02702	-0.00541953	0.292407	0	-0.00754141	-0.0102578	0.022377	0	0	0	0	0	0	0	-0.663507	-0.343206	0.0883983	0	0	3.09568	0	0	0	0.133435	-0.0524125	0.522931
2012-12-16 00:00:00	-0.2	-0.0906344	0.285304	0	-0.00189435	-0.00129162	0.00530925	0	0	0	0	0	0	0	-0.941868	-0.342878	0.0884048	0	0	2.78732	0	0	0	0.133407	-0.0507343	1.67045
2012-12-17 00:00:00	-0.395496	0.0688091	0.267631	0	-0.000390115	-7.61694E-05	0.00375102	0	0	0	0	0	0	0	-0.727507	-0.342405	0.088447	0	0	2.45406	0	0	0	0.133432	-0.0476668	1.50259
2012-12-18 00:00:00	-2.5955	-0.00201743	0.276322	0	0.00142402	-0.005918	0.0205578	0	0	0	0	0	0	0	0.405714	-0.342394	0.0885045	0	0	2.32237	0	0	0	0.133494	-0.0444714	0.258091
2012-12-19 00:00:00	-6.94145	-0.00865653	0.219866	0	0.0017284	-0.0205859	0.0537858	0	0	0	0	0	0	0	3.30754	-0.343198	0.0889146	0	0	2.46772	0	0	0	0.133744	-0.0448165	-1.08541
2012-12-20 00:00:00	-33.9208	-0.0087692	0.211	0	0.0318435	-0.107126	0.256986	0	0	0	0	0	0	0	17.6639	-0.351599	0.0906393	0	0	4.41056	0	0	0	0.134988	-0.0573522	-11.6457
2012-12-21 00:00:00	-10.2289	-0.00587485	0.17938	0	-0.0295078	-0.0399142	0.0878478	0	0	0	0	0	0	0	4.04768	-0.358765	0.0923355	0	0	6.45059	0	0	0	0.136693	-0.0782239	0.253373
2012-12-22 00:00:00	-10.0991	-0.0101354	0.292696	0	0.00286772	-0.0343851	0.0790343	0	0	0	0	0	0	0	4.19497	-0.362678	0.0943843	0	0	6.61268	0	0	0	0.137629	-0.0798367	0.828146
2012-12-23 00:00:00	-10.1081	-0.00960532	0.316374	0	0.00652853	-0.0373263	0.0798896	0	0	0	0	0	0	0	3.49413	-0.368076	0.094874	0	0	6.60451	0	0	0	0.139285	-0.0797224	0.132767
2012-12-24 00:00:00	-4.40901	-0.0113704	0.287075	0	-0.0116857	-0.0188155	0.0374411	0	0	0	0	0	0	0	0.965254	-0.370873	0.0954747	0	0	6.20692	0	0	0	0.140309	-0.0781135	2.83261
2012-12-25 00:00:00	-4.30993	-0.00366098	0.260331	0	-0.000538661	-0.017048	0.0373779	0	0	0	0	0	0	0	0.733359	-0.371847	0.0959445	0	0	5.69013	0	0	0	0.141132	-0.0736814	2.18157
2012-12-26 00:00:00	-3.64954	-0.00470439	0.265297	0	-0.000396633	-0.0132502	0.0306557	0	0	0	0	0	0	0	0.519155	-0.373253	0.0963317	0	0	5.18638	0	0	0	0.141835	-0.0702565	2.12825
2012-12-27 00:00:00	-5.44954	-0.0102038	0.219529	0	0.000703588	-0.0193357	0.0433245	0	0	0	0	0	0	0	1.71535	-0.374759	0.0964525	0	0	4.86542	0	0	0	0.142548	-0.0685207	1.16097
2012-12-28 00:00:00	-13.3163	-0.0104228	0.308368	0	0.00435884	-0.04889	0.104106	0	0	0	0	0	0	0	5.43323	-0.379243	0.097113	0	0	5.2581	0	0	0	0.144126	-0.0680966	-2.47353
2012-12-29 00:00:00	-2.24053	-0.00528554	0.293223	0	-0.00544408	-0.0138185	0.0232135	0	0	0	0	0	0	0	-0.201102	-0.381789	0.0972885	0	0	5.09327	0	0	0	0.145017	-0.0702021	2.73384
2012-12-30 00:00:00	-5.4045	-0.00526524	0.265786	0	0.0010653	-0.0205691	0.0441421	0	0	0	0	0	0	0	1.14761	-0.382575	0.0978111	0	0	4.79893	0	0	0	0.146788	-0.0675429	0.62167
2012-12-31 00:00:00	-5.62252	-0.0112285	0.324198	0	8.40218E-05	-0.0212269	0.044528	0	0	0	0	0	0	0	1.73083	-0.385109	0.0978128	0	0	4.62302	0	0	0	0.147647	-0.0667941	0.861248
2013-01-01 00:00:00	-0.6	-0.0105671	0.302954	0	-0.0025925	-0.00395859	0.00788148	0	0	0	0	0	0	0	-1.04483	-0.385488	0.0980949	0	0	4.22437	0	0	0	0.148557	-0.0632978	2.67113
2013-01-02 00:00:00	-5.99099	-0.00668334	0.252383	0	0.00333013	-0.0201689	0.0467088	0	0	0	0	0	0	0	1.75898	-0.388218	0.0983097	0	0	4.01962	0	0	0	0.149009	-0.0605087	-0.138237
2013-01-03 00:00:00	-0.213511	-0.0705413	0.271182	0	-0.00377186	-0.00323289	0.00638434	0	0	0	0	0	0	0	-1.0214	-0.389002	0.0984109	0	0	3.67866	0	0	0	0.149733	-0.0592939	2.44362
2013-01-04 00:00:00	0	-0.262524	0.291463	0	-0.000427669	-0.000900035	0.00421721	0	0	0	0	0	0	0	-1.27461	-0.389775	0.0983436	0	0	3.21508	0	0	0	0.150565	-0.0545765	1.77686
2013-01-05 00:00:00	-1.99099	0.316082	0.276697	0	0.0016963	-0.00456681	0.0139951	0	0	0	0	0	0	0	-0.0103148	-0.390991	0.098317	0	0	2.89154	0	0	0	0.150646	-0.0516894	1.30042
2013-01-06 00:00:00	-0.395496	-0.0158949	0.281897	0	-0.000385405	-0.00126986	0.00485418	0	0	0	0	0	0	0	-0.961629	-0.390937	0.0981302	0	0	2.62605	0	0	0	0.150994	-0.0486725	1.34764
2013-01-07 00:00:00	-6.61351	-0.00360089	0.297107	0	0.00230672	-0.0199694	0.0500099	0	0	0	0	0	0	0	2.42086	-0.39159	0.0982934	0	0	2.68461	0	0	0	0.151128	-0.0478844	-1.37224
2013-01-08 00:00:00	-4.36397	-0.00736476	0.347355	0	-0.000304059	-0.0160616	0.0353914	0	0	0	0	0	0	0	0.92243	-0.393501	0.0984499	0	0	2.87419	0	0	0	0.151694	-0.0494272	-0.40112
2013-01-09 00:00:00	0	-0.313444	0.336746	0	-0.00331223	-0.00287932	0.005795	0	0	0	0	0	0	0	-0.842314	-0.395243	0.0982871	0	0	2.65442	0	0	0	0.153046	-0.0495063	1.6416
2013-01-10 00:00:00	-0.990993	0.296244	0.347088	0	0.00118095	-0.00150934	0.00594066	0	0	0	0	0	0	0	-0.900889	-0.395008	0.0981845	0	0	2.40481	0	0	0	0.153595	-0.0460918	0.972556
2013-01-11 00:00:00	-0.00450358	-0.334955	0.367565	0	-0.00109716	-0.000825965	0.00415166	0	0	0	0	0	0	0	-0.58831	-0.395912	0.0981111	0	0	2.14413	0	0	0	0.153606	-0.043712	1.39824
2013-01-12 00:00:00	-0.195496	-0.114157	0.331891	0	-0.000600497	-0.000702287	0.00389282	0	0	0	0	0	0	0	-0.800243	-0.397187	0.0980412	0	0	1.97632	0	0	0	0.153606	-0.0409024	1.01447
2013-01-13 00:00:00	-0.6	0.339693	0.240358	0	0.00043581	-0.000606015	0.00370838	0	0	0	0	0	0	0	-0.720548	-0.396877	0.0979089	0	0	1.80352	0	0	0	0.153537	-0.038794	0.882337
2013-01-14 00:00:00	-4.14596	0.0835536	0.253072	0	0.00268516	-0.0116896	0.0314224	0	0	0	0	0	0	0	1.36107	-0.396616	0.0979448	0	0	1.85187	0	0	0	0.153504	-0.038174	-0.757317
2013-01-15 00:00:00	-0.390993	-0.0145153	0.211641	0	-0.0018186	-0.00209492	0.00592195	0	0	0	0	0	0	0	-0.904693	-0.397191	0.0979066	0	0	1.85206	0	0	0	0.153453	-0.0392186	0.570454
2013-01-16 00:00:00	0	-0.206521	0.210959	0	-0.000708982	-0.000418583	0.00104895	0	0	0	0	0	0	0	0.18748	-0.396733	0.0978065	0	0	1.66495	0	0	0	0.153208	-0.0382375	1.67283
2013-01-17 00:00:00	0	-0.275461	0.325373	0	-0.00105781	-0.00109381	0.00643912	0	0	0	0	0	0	0	-1.30306	-0.396585	0.0977738	0	0	1.61605	0	0	0	0.153015	-0.0360113	0.185388
2013-01-18 00:00:00	0	-0.329646	0.389495	0	-0.000994832	-0.000540142	0.00393695	0	0	0	0	0	0	0	-0.77041	-0.395876	0.0976264	0	0	1.49794	0	0	0	0.152745	-0.0348943	0.609379
2013-01-19 00:00:00	-0.00450358	-0.28076	0.337159	0	-0.00132446	-0.00050518	0.0032856	0	0	0	0	0	0	0	-0.706555	-0.395417	0.0975135	0	0	1.42146	0	0	0	0.152475	-0.0333192	0.589509
2013-01-20 00:00:00	0	-0.287251	0.344197	0	-0.00149543	-0.000572337	0.00357356	0	0	0	0	0	0	0	-0.469644	-0.394767	0.0973798	0	0	1.35068	0	0	0	0.152119	-0.0317949	0.762423
2013-01-21 00:00:00	-0.00450358	-0.146329	0.366762	0	-0.00369514	-0.000488405	0.0031822	0	0	0	0	0	0	0	-0.763071	-0.394151	0.0972615	0	0	1.29277	0	0	0	0.151803	-0.0307227	0.568812
2013-01-22 00:00:00	-0.00450359	-0.144619	0.36217	0	-0.00380917	-0.000538663	0.00332083	0	0	0	0	0	0	0	-0.61073	-0.393372	0.0971422	0	0	1.24132	0	0	0	0.151364	-0.0298192	0.667924
2013-01-23 00:00:00	-0.00450358	-0.127592	0.319594	0	-0.00306041	-0.000394956	0.0031283	0	0	0	0	0	0	0	-0.716373	-0.392675	0.0969911	0	0	1.19004	0	0	0	0.151019	-0.0291664	0.487003
2013-01-24 00:00:00	0	-0.118071	0.333147	0	-0.00354677	-0.000465451	0.00314628	0	0	0	0	0	0	0	-0.704442	-0.392084	0.0968635	0	0	1.15441	0	0	0	0.150516	-0.0285889	0.490887
2013-01-25 00:00:00	-0.00450358	-0.00242513	0.411465	0	-0.00594432	-0.000447785	0.00280964	0	0	0	0	0	0	0	-0.738298	-0.391447	0.096728	0	0	1.11519	0	0	0	0.150025	-0.0280551	0.605095
2013-01-26 00:00:00	-7.47922	1.85458	0.359397	0	0.0282112	-0.00802331	0.0277833	0	0	0	0	0	0	0	2.46286	-0.391626	0.096766	0	0	1.21095	0	0	0	0.149796	-0.0287531	-1.71727
2013-01-27 00:00:00	-18.6712	-0.00908055	0.344553	0	0.00517807	-0.0589776	0.141475	0	0	0	0	0	0	0	8.42371	-0.394625	0.0974388	0	0	2.14617	0	0	0	0.150085	-0.0385821	-7.86389
2013-01-28 00:00:00	-2.83153	-0.00750282	0.291806	0	-0.00590411	-0.013107	0.0266722	0	0	0	0	0	0	0	-0.282039	-0.396248	0.0977851	0	0	2.7719	0	0	0	0.150409	-0.0485627	-0.246319
2013-01-29 00:00:00	-2.57748	-0.00921832	0.435834	0	-0.000347251	-0.00936737	0.0209626	0	0	0	0	0	0	0	0.120713	-0.396182	0.0977877	0	0	2.6798	0	0	0	0.150271	-0.0483233	0.464447
2013-01-30 00:00:00	-4.30624	0.00334502	0.438483	0	0.000342339	-0.0136228	0.031708	0	0	0	0	0	0	0	0.886217	-0.396372	0.0979074	0	0	2.66649	0	0	0	0.150227	-0.0475623	-0.489087
2013-01-31 00:00:00	-2.9828	-0.00326377	0.457681	0	-0.000783289	-0.00906473	0.020995	0	0	0	0	0	0	0	0.248362	-0.396477	0.0981071	0	0	2.66527	0	0	0	0.150114	-0.0478853	0.200251
2013-02-01 00:00:00	-1.02252	-0.00484523	0.44486	0	-0.00057538	-0.00289396	0.00835839	0	0	0	0	0	0	0	-0.790291	-0.396197	0.0981123	0	0	2.49974	0	0	0	0.149982	-0.0466869	0.937045
2013-02-02 00:00:00	-3.90993	-0.0123776	0.39898	0	0.00147885	-0.0119992	0.0302778	0	0	0	0	0	0	0	1.11112	-0.396275	0.0980575	0	0	2.43877	0	0	0	0.149696	-0.0457715	-0.147971
2013-02-03 00:00:00	-2.80901	-0.00276279	0.496977	0	-0.00067633	-0.00917278	0.0213308	0	0	0	0	0	0	0	0.281063	-0.396375	0.0980295	0	0	2.43207	0	0	0	0.149716	-0.0456429	0.215549
2013-02-04 00:00:00	-0.584647	-0.045857	0.434307	0	-0.00164719	-0.00183972	0.00548023	0	0	0	0	0	0	0	-0.802987	-0.396193	0.0979959	0	0	2.30744	0	0	0	0.149408	-0.0444597	1.117
2013-02-05 00:00:00	-1.97114	0.0321032	0.432865	0	0.0010546	-0.00416522	0.0123396	0	0	0	0	0	0	0	0.136763	-0.395763	0.098077	0	0	2.15104	0	0	0	0.149166	-0.0424317	0.599915
2013-02-06 00:00:00	-0.818014	0.00509962	0.457495	0	-0.000390292	-0.00188225	0.00729611	0	0	0	0	0	0	0	-0.769685	-0.395418	0.0980112	0	0	2.02942	0	0	0	0.148899	-0.040808	0.720026
2013-02-07 00:00:00	-3.12794	-0.0149741	0.432933	0	0.00119361	-0.00891084	0.0238624	0	0	0	0	0	0	0	0.726475	-0.39531	0.0979386	0	0	1.99563	0	0	0	0.148563	-0.0402028	-0.160747
2013-02-08 00:00:00	-0.622518	-0.00184048	0.489197	0	-0.0017912	-0.00158264	0.00507675	0	0	0	0	0	0	0	-0.66159	-0.394926	0.0978193	0	0	1.91522	0	0	0	0.148287	-0.0402458	0.931101
2013-02-09 00:00:00	-0.46305	-0.0950808	0.485087	0	-0.000140761	-0.000858625	0.00447784	0	0	0	0	0	0	0	-0.617993	-0.394491	0.0977203	0	0	1.79077	0	0	0	0.147845	-0.0381909	0.916098
2013-02-10 00:00:00	-0.436029	-0.0309725	0.443882	0	-0.000310953	-0.000537745	0.00330029	0	0	0	0	0	0	0	-0.639462	-0.393882	0.0975874	0	0	1.65536	0	0	0	0.147464	-0.0366052	0.809797
2013-02-11 00:00:00	-0.427022	-0.0703104	0.493769	0	-0.00024429	-0.000547905	0.00390489	0	0	0	0	0	0	0	-0.532877	-0.393257	0.097447	0	0	1.54492	0	0	0	0.147005	-0.0351481	0.827643
2013-02-12 00:00:00	-4.10542	0.171394	0.409591	0	0.0027345	-0.0103709	0.0281755	0	0	0	0	0	0	0	1.21256	-0.393234	0.0974213	0	0	1.59815	0	0	0	0.146619	-0.0351873	-0.877571
2013-02-13 00:00:00	-19.3748	0.00330982	0.500332	0	0.00489716	-0.0659222	0.147225	0	0	0	0	0	0	0	8.57957	-0.395776	0.0979334	0	0	2.46011	0	0	0	0.146768	-0.0437275	-7.9401
2013-02-14 00:00:00	-12.1343	-0.00395259	0.630508	0	-0.000716878	-0.0498273	0.0975811	0	0	0	0	0	0	0	3.75877	-0.39936	0.0986431	0	0	3.66296	0	0	0	0.147467	-0.0550143	-4.24723
2013-02-15 00:00:00	0	-0.524305	0.596331	0	-0.00751661	-0.00814854	0.00865556	0	0	0	0	0	0	0	-1.29699	-0.400201	0.0986312	0	0	3.6218	0	0	0	0.147675	-0.058783	2.17715
2013-02-16 00:00:00	-0.204504	-0.316946	0.585733	0	-0.00173445	-0.00195215	0.00515751	0	0	0	0	0	0	0	-0.981284	-0.399596	0.0985044	0	0	3.15508	0	0	0	0.147596	-0.05433	2.03172
2013-02-17 00:00:00	0	-0.392326	0.600356	0	-0.00375283	-0.000883045	0.00375139	0	0	0	0	0	0	0	-0.97647	-0.399011	0.0983727	0	0	2.78035	0	0	0	0.147429	-0.050389	1.80743
2013-02-18 00:00:00	-0.2	-0.144819	0.550174	0	-0.00273973	-0.000629134	0.00385115	0	0	0	0	0	0	0	-1.01962	-0.398425	0.0982356	0	0	2.46282	0	0	0	0.147226	-0.0467621	1.44931
2013-02-19 00:00:00	0	-0.233012	0.565493	0	-0.0059563	-0.00062047	0.00260068	0	0	0	0	0	0	0	-0.709875	-0.398203	0.0980797	0	0	2.17865	0	0	0	0.146893	-0.044158	1.59989
2013-02-20 00:00:00	0	-0.14885	0.584003	0	-0.00616383	-0.000581399	0.00361643	0	0	0	0	0	0	0	-1.03667	-0.397616	0.0979433	0	0	1.95808	0	0	0	0.146652	-0.0408155	1.1596
2013-02-21 00:00:00	0	-0.00426279	0.496583	0	-0.00662922	-0.000596645	0.00332253	0	0	0	0	0	0	0	-0.823005	-0.396982	0.0978092	0	0	1.76777	0	0	0	0.146243	-0.0386293	1.24162
2013-02-22 00:00:00	0	-0.0038681	0.450256	0	-0.00626909	-0.000476338	0.00273189	0	0	0	0	0	0	0	-0.710661	-0.39621	0.0976201	0	0	1.5716	0	0	0	0.145949	-0.036842	1.11383
2013-02-23 00:00:00	-0.195496	-0.00435305	0.553224	0	-0.00403925	-0.000524101	0.00337864	0	0	0	0	0	0	0	-0.7844	-0.395663	0.0975049	0	0	1.46655	0	0	0	0.14555	-0.0343899	0.847339
2013-02-24 00:00:00	-1.42252	0.717285	0.613533	0	0.00159006	-0.000523676	0.00371354	0	0	0	0	0	0	0	-0.35839	-0.395021	0.0973719	0	0	1.38515	0	0	0	0.145149	-0.0323109	0.755026
2013-02-25 00:00:00	-0.390993	-0.205776	0.619077	0	-0.000521079	-0.000433412	0.0031679	0	0	0	0	0	0	0	-0.550996	-0.394352	0.0972353	0	0	1.32693	0	0	0	0.144756	-0.0313312	0.616762
2013-02-26 00:00:00	-0.395496	-0.199747	0.640836	0	-0.000824736	-0.000491011	0.00367584	0	0	0	0	0	0	0	-0.344002	-0.393574	0.0970725	0	0	1.26999	0	0	0	0.144219	-0.0304624	0.791201
2013-02-27 00:00:00	-0.00450358	-0.316765	0.891606	0	-0.00457484	-0.000430279	0.00302459	0	0	0	0	0	0	0	-0.813223	-0.392996	0.0969516	0	0	1.21877	0	0	0	0.143758	-0.0296841	0.791934
2013-02-28 00:00:00	-0.195496	-0.00680463	0.834647	0	-0.00667164	-0.000344282	0.00158219	0	0	0	0	0	0	0	-0.623213	-0.392196	0.0967806	0	0	1.13931	0	0	0	0.143368	-0.0289221	0.962043
2013-03-01 00:00:00	0	-0.00545556	0.630884	0	-0.00497764	-0.00048454	0.00369016	0	0	0	0	0	0	0	-0.695286	-0.391528	0.0966336	0	0	1.08452	0	0	0	0.142801	-0.0275838	0.833215
2013-03-02 00:00:00	0	-0.0077168	0.890208	0	-0.00476007	-0.0003255	0.0013275	0	0	0	0	0	0	0	-0.654452	-0.390687	0.0964512	0	0	1.0227	0	0	0	0.142454	-0.0270559	1.06815
2013-03-03 00:00:00	0	-0.00680885	0.783271	0	-0.000450527	-0.000378212	0.00312831	0	0	0	0	0	0	0	-1.08031	-0.389865	0.0962665	0	0	0.968658	0	0	0	0.142017	-0.0260194	0.489507
2013-03-04 00:00:00	0	-0.00601215	0.690123	0	-0.000614171	-0.000515898	0.00353895	0	0	0	0	0	0	0	-0.482519	-0.389319	0.0961477	0	0	0.939773	0	0	0	0.141345	-0.0250956	0.966853
2013-03-05 00:00:00	0	-0.006022	0.689779	0	-0.000691941	-0.000256458	0.00144558	0	0	0	0	0	0	0	-0.605113	-0.388331	0.0959365	0	0	0.903308	0	0	0	0.141076	-0.0244858	0.806645
2013-03-06 00:00:00	-0.790993	0.0364816	0.769639	0	0.000523683	-0.000389646	0.00415472	0	0	0	0	0	0	0	-0.335992	-0.387669	0.0957923	0	0	0.900658	0	0	0	0.140434	-0.0240152	0.408624
2013-03-07 00:00:00	-1.18649	0.25882	0.921777	0	-0.000416058	-0.000267527	0.00201182	0	0	0	0	0	0	0	-0.185632	-0.386893	0.0956191	0	0	0.916831	0	0	0	0.139993	-0.0246608	0.550693
2013-03-08 00:00:00	-1.77298	0.727003	0.686071	0	0.000538657	-0.000389484	0.00496462	0	0	0	0	0	0	0	-0.0645633	-0.386325	0.0954852	0	0	0.935647	0	0	0	0.139391	-0.0246483	0.340196
2013-03-09 00:00:00	-2.77748	0.628335	0.729534	0	0.00211799	-0.000320062	0.00538042	0	0	0	0	0	0	0	0.408446	-0.385994	0.0953968	0	0	0.99246	0	0	0	0.13893	-0.0257077	-0.188903
2013-03-10 00:00:00	-0.986489	-0.0360076	0.752002	0	0.00157139	-0.000227188	0.00246446	0	0	0	0	0	0	0	-0.0545129	-0.385449	0.0952672	0	0	1.04655	0	0	0	0.138599	-0.0264732	0.547296
2013-03-11 00:00:00	-5.90542	0.0295797	0.548863	0	0.0551226	-0.000304162	0.0120299	0	0	0	0	0	0	0	2.30801	-0.385673	0.095294	0	0	1.22957	0	0	0	0.138212	-0.028029	-1.90274
2013-03-12 00:00:00	-3.55496	0.00978387	0.939458	0	0.00290119	-0.00516026	0.0213998	0	0	0	0	0	0	0	0.557636	-0.385826	0.0953222	0	0	1.44541	0	0	0	0.138001	-0.0318299	-0.767871
2013-03-13 00:00:00	-0.2	-0.488051	0.757478	0	-0.00320595	-0.000459571	0.00353462	0	0	0	0	0	0	0	-0.411115	-0.385298	0.0952106	0	0	1.44301	0	0	0	0.137581	-0.0337801	0.914904
2013-03-14 00:00:00	-0.6	-0.147983	0.787722	0	-0.000818336	-0.000241451	0.00364858	0	0	0	0	0	0	0	-0.435405	-0.384696	0.0950808	0	0	1.37536	0	0	0	0.137242	-0.0318938	0.798019
2013-03-15 00:00:00	-0.613511	-0.258206	0.933223	0	-0.00167968	-0.000217263	0.00291426	0	0	0	0	0	0	0	-0.430376	-0.383952	0.0949274	0	0	1.30775	0	0	0	0.136837	-0.0314153	0.756298
2013-03-16 00:00:00	-6.47656	0.911717	0.861035	0	0.00702659	-0.010237	0.0340588	0	0	0	0	0	0	0	2.07569	-0.384045	0.0949609	0	0	1.41026	0	0	0	0.13656	-0.0317994	-1.37134
2013-03-17 00:00:00	-4.5955	0.0250515	0.940136	0	-0.000273103	-0.0113697	0.0312969	0	0	0	0	0	0	0	1.02492	-0.384425	0.09506	0	0	1.64758	0	0	0	0.136442	-0.0354052	-1.12649
2013-03-18 00:00:00	-14.8559	-0.00466285	0.950468	0	0.00353248	-0.0443306	0.107965	0	0	0	0	0	0	0	5.89819	-0.386167	0.0954341	0	0	2.18601	0	0	0	0.136577	-0.0411347	-5.954
2013-03-19 00:00:00	-0.180143	-0.679915	0.805758	0	-0.00832202	-0.00410883	0.00776699	0	0	0	0	0	0	0	-1.16959	-0.386893	0.0956758	0	0	2.47964	0	0	0	0.136797	-0.0463523	1.05031
2013-03-20 00:00:00	-0.299079	-0.397664	0.874859	0	-0.00517326	-0.00104371	0.00352886	0	0	0	0	0	0	0	-0.636395	-0.386294	0.0956019	0	0	2.24038	0	0	0	0.136575	-0.0438304	1.58147
2013-03-21 00:00:00	-0.0315251	-0.319346	0.758451	0	-0.00757647	-0.000426471	0.00219882	0	0	0	0	0	0	0	-0.786381	-0.385565	0.0954503	0	0	1.99705	0	0	0	0.136383	-0.0413726	1.41734
2013-03-22 00:00:00	-0.2	-0.212542	0.687844	0	-0.00486334	-0.000348155	0.00297525	0	0	0	0	0	0	0	-0.582242	-0.384946	0.0952985	0	0	1.822	0	0	0	0.136159	-0.0386815	1.32065
2013-03-23 00:00:00	0	-0.0138946	0.55959	0	-0.00786288	-0.000288613	0.00279963	0	0	0	0	0	0	0	-0.943408	-0.384273	0.0951334	0	0	1.65733	0	0	0	0.135882	-0.0367167	1.0643
2013-03-24 00:00:00	-0.302252	-0.00399865	0.748923	0	-0.00630181	-0.000262425	0.00301351	0	0	0	0	0	0	0	-0.709651	-0.383585	0.0949665	0	0	1.51272	0	0	0	0.135605	-0.0349874	1.05419
2013-03-25 00:00:00	-0.502252	-0.00310816	0.812802	0	-0.00401902	-0.0002281	0.00264631	0	0	0	0	0	0	0	-0.519207	-0.382822	0.0947912	0	0	1.39381	0	0	0	0.135301	-0.0336533	0.994057
2013-03-26 00:00:00	-0.302252	-0.00506065	0.866632	0	-0.00566902	-0.000231977	0.0024689	0	0	0	0	0	0	0	-0.647301	-0.382277	0.0946624	0	0	1.30924	0	0	0	0.135062	-0.0310985	1.03417
2013-03-27 00:00:00	-0.604504	-0.00293134	0.931763	0	-0.00306289	-0.000233171	0.00332264	0	0	0	0	0	0	0	-0.531779	-0.381667	0.0945224	0	0	1.23214	0	0	0	0.134682	-0.0299878	0.842264
2013-03-28 00:00:00	-0.209007	-0.00476322	0.923504	0	-0.0068017	-0.000182665	0.00251927	0	0	0	0	0	0	0	-0.701956	-0.380933	0.0943588	0	0	1.1561	0	0	0	0.134386	-0.0289194	0.97831
2013-03-29 00:00:00	-0.781986	-0.00751887	1.03362	0	-0.0019198	-0.000181829	0.00282872	0	0	0	0	0	0	0	-0.555414	-0.380315	0.0942176	0	0	1.10289	0	0	0	0.134049	-0.0278218	0.612447
2013-03-30 00:00:00	-0.390993	-0.00696087	0.873209	0	-0.00383733	-0.000174811	0.00231491	0	0	0	0	0	0	0	-0.562632	-0.379665	0.0940688	0	0	1.06252	0	0	0	0.133662	-0.0273243	0.794192
2013-03-31 00:00:00	-0.390993	-0.00672816	0.847017	0	-0.00189611	-0.000157528	0.00269147	0	0	0	0	0	0	0	-0.697535	-0.379069	0.093929	0	0	1.02481	0	0	0	0.133289	-0.0264625	0.59889
2013-04-01 00:00:00	-10.5568	1.58075	1.08823	0	0.0649288	-0.00360861	0.0241316	0	0	0	0	0	0	0	3.82122	-0.379549	0.0939995	0	0	1.22648	0	0	0	0.133169	-0.0282491	-2.93529
2013-04-02 00:00:00	-11.5343	0.000868185	1.0754	0	0.000927733	-0.0321501	0.0831003	0	0	0	0	0	0	0	4.266	-0.38118	0.0943233	0	0	1.86715	0	0	0	0.133338	-0.0370627	-4.46357
2013-04-03 00:00:00	-0.00450358	-0.929822	1.13517	0	-0.00862515	-0.00274904	0.00586896	0	0	0	0	0	0	0	-0.99563	-0.381348	0.0943718	0	0	2.07189	0	0	0	0.133325	-0.0419648	1.07599
2013-04-04 00:00:00	-1.4045	0.174249	1.23285	0	-0.000133198	-0.00068852	0.00381763	0	0	0	0	0	0	0	-0.561513	-0.380611	0.0942133	0	0	1.87444	0	0	0	0.133159	-0.0396917	1.12559
2013-04-05 00:00:00	-0.590993	-0.354441	1.11639	0	-0.00349476	-0.000374506	0.0034179	0	0	0	0	0	0	0	-0.658541	-0.380064	0.0940973	0	0	1.73568	0	0	0	0.132809	-0.0384309	1.05606
2013-04-06 00:00:00	0	-0.499089	1.37218	0	-0.0146623	-0.00019603	0.00152659	0	0	0	0	0	0	0	-1.07208	-0.379402	0.0939522	0	0	1.57694	0	0	0	0.132607	-0.0365569	1.17522
2013-04-07 00:00:00	0	-0.00159119	1.06534	0	-0.0144739	-0.000132325	0.00165983	0	0	0	0	0	0	0	-1.14715	-0.378582	0.0937696	0	0	1.39544	0	0	0	0.132479	-0.0342041	1.11256
2013-04-08 00:00:00	0	-0.00173594	1.16059	0	-0.0118159	-0.000165744	0.00191886	0	0	0	0	0	0	0	-0.980324	-0.378129	0.0936482	0	0	1.28159	0	0	0	0.132227	-0.030906	1.26689
2013-04-09 00:00:00	-0.00450358	-0.00168023	1.12324	0	-0.0100462	-0.000130116	0.00201535	0	0	0	0	0	0	0	-1.02165	-0.377442	0.0934811	0	0	1.16177	0	0	0	0.13204	-0.0289071	1.06818
2013-04-10 00:00:00	-0.790993	-0.000886755	1.24514	0	-0.00209416	-0.000120145	0.00275753	0	0	0	0	0	0	0	-0.541698	-0.376797	0.0933329	0	0	1.08911	0	0	0	0.131733	-0.0274667	0.822025
2013-04-11 00:00:00	-0.195496	-0.00172551	1.31356	0	-0.000422746	-8.55227E-05	0.00206804	0	0	0	0	0	0	0	-1.14961	-0.375985	0.0931493	0	0	1.01838	0	0	0	0.131448	-0.0267037	0.80858
2013-04-12 00:00:00	-2.37298	0.750565	1.54084	0	-0.000379158	-9.27134E-05	0.0025277	0	0	0	0	0	0	0	0.000724524	-0.375421	0.0930126	0	0	0.988829	0	0	0	0.131072	-0.0260383	0.732657
2013-04-13 00:00:00	-0.590993	-0.741747	1.62754	0	2.50726E-05	-7.25442E-05	0.00327266	0	0	0	0	0	0	0	-0.52167	-0.374836	0.0928688	0	0	0.983584	0	0	0	0.130727	-0.0257574	0.58294
2013-04-14 00:00:00	-10.973	1.63656	1.9027	0	0.0623135	-6.62128E-05	0.0166819	0	0	0	0	0	0	0	3.3774	-0.375259	0.0929497	0	0	1.17534	0	0	0	0.130645	-0.027129	-2.98084
2013-04-15 00:00:00	-3.77298	-0.0187555	1.90719	0	0.000256654	-0.00358573	0.0165048	0	0	0	0	0	0	0	0.360981	-0.375552	0.093049	0	0	1.46248	0	0	0	0.130572	-0.0326101	-0.232445
2013-04-16 00:00:00	-2.4045	-0.00357034	1.91781	0	-0.000790297	-0.000698965	0.00682112	0	0	0	0	0	0	0	-0.201345	-0.375129	0.0929605	0	0	1.46969	0	0	0	0.130274	-0.0333507	0.598173
2013-04-17 00:00:00	-5.4045	0.011209	1.76424	0	0.00192171	-0.0086513	0.0282296	0	0	0	0	0	0	0	1.33315	-0.375096	0.0929559	0	0	1.54709	0	0	0	0.13008	-0.0336743	-0.913055
2013-04-18 00:00:00	-4.01801	0.0459976	1.88321	0	-0.000846446	-0.00561308	0.0194128	0	0	0	0	0	0	0	0.426346	-0.375042	0.0929731	0	0	1.64035	0	0	0	0.129909	-0.0355762	-0.196897
2013-04-19 00:00:00	-0.2	-1.12851	1.75419	0	-0.00991066	-0.000544339	0.00263597	0	0	0	0	0	0	0	-0.79836	-0.374569	0.0928783	0	0	1.58782	0	0	0	0.129616	-0.0363086	1.01893
2013-04-20 00:00:00	0	-0.49724	1.59771	0	-0.0174348	-0.000111083	0.00193051	0	0	0	0	0	0	0	-1.34896	-0.373785	0.0926841	0	0	1.42361	0	0	0	0.129575	-0.0341153	0.973861
2013-04-21 00:00:00	-1.00901	-0.0059541	1.71109	0	-0.0106712	-6.24722E-05	0.00240834	0	0	0	0	0	0	0	-0.728435	-0.373293	0.092543	0	0	1.31004	0	0	0	0.12933	-0.0313834	1.0866
2013-04-22 00:00:00	0	-0.0143094	1.59375	0	-0.0165691	-1.42655E-05	0.00125804	0	0	0	0	0	0	0	-1.32652	-0.372475	0.0923584	0	0	1.16861	0	0	0	0.129122	-0.029908	1.2253
2013-04-23 00:00:00	-0.813511	-0.00796949	1.88509	0	-0.00710238	0	0.00140325	0	0	0	0	0	0	0	-0.996483	-0.37166	0.0922131	0	0	1.05386	0	0	0	0.128961	-0.0281649	0.936637
2013-04-24 00:00:00	-4.20901	1.2624	2.07202	0	0.00516782	0	0.00445455	0	0	0	0	0	0	0	0.23801	-0.371358	0.0921088	0	0	1.04249	0	0	0	0.128669	-0.0264731	0.238483
2013-04-25 00:00:00	-2.37748	0.180819	1.8206	0	0.00410916	0	0.00353343	0	0	0	0	0	0	0	-0.136071	-0.370927	0.0920411	0	0	1.06955	0	0	0	0.128489	-0.0268792	0.38778
2013-04-26 00:00:00	-3.43153	0.189145	1.66814	0	0.0179617	0	0.00492595	0	0	0	0	0	0	0	0.437141	-0.370577	0.0919657	0	0	1.1105	0	0	0	0.128182	-0.0273489	-0.181498
2013-04-27 00:00:00	-0.590993	-0.977075	1.76	0	-0.0038544	0	0.0028212	0	0	0	0	0	0	0	-0.606276	-0.370011	0.0918498	0	0	1.13398	0	0	0	0.127872	-0.0281948	0.540121
2013-04-28 00:00:00	-2.64954	0.674488	1.89184	0	0.000628445	0	0.00291093	0	0	0	0	0	0	0	-0.321482	-0.369369	0.0917125	0	0	1.10568	0	0	0	0.127551	-0.0278445	0.526577
2013-04-29 00:00:00	-0.404504	-1.0416	1.90994	0	-0.00430727	0	0.00207094	0	0	0	0	0	0	0	-0.721685	-0.368794	0.0915712	0	0	1.08083	0	0	0	0.127234	-0.0273744	0.643392
2013-04-30 00:00:00	0	-0.292938	1.78932	0	-0.0154855	0	0.000660367	0	0	0	0	0	0	0	-1.49297	-0.367986	0.0912367	0	0	0.992553	0	0	0	0.127029	-0.0265784	0.804849
2013-05-01 00:00:00	-2.02252	0.124507	1.91537	0	0.000195873	0	0.00267452	0	0	0	0	0	0	0	-0.32992	-0.367226	0.0911204	0	0	0.954224	0	0	0	0.126547	-0.0255157	0.469456
2013-05-02 00:00:00	0	-0.138779	2.06398	0	-0.00627248	0	0.000907241	0	0	0	0	0	0	0	-1.53716	-0.366765	0.0910131	0	0	0.902348	0	0	0	0.126334	-0.0247145	1.11089
2013-05-03 00:00:00	-11.409	1.6889	2.24992	0	0.0616587	0	0.0168705	0	0	0	0	0	0	0	3.82967	-0.36708	0.0910767	0	0	1.05612	0	0	0	0.126402	-0.0248804	-2.68036
2013-05-04 00:00:00	-0.195496	-1.23395	1.95113	0	-0.0111483	0	0.00264431	0	0	0	0	0	0	0	-1.03133	-0.36704	0.0911024	0	0	1.2574	0	0	0	0.126378	-0.0297839	0.559906
2013-05-05 00:00:00	0	-0.434505	2.21131	0	-0.0254554	0	0.000596795	0	0	0	0	0	0	0	-1.53167	-0.365858	0.0908508	0	0	1.11054	0	0	0	0.126141	-0.0291579	1.15279
2013-05-06 00:00:00	0	-0.0178539	2.03468	0	-0.0215468	0	0.000520675	0	0	0	0	0	0	0	-1.4104	-0.365277	0.0907079	0	0	1.00066	0	0	0	0.125957	-0.0272805	1.41017
2013-05-07 00:00:00	0	-0.013066	2.10219	0	-0.00371735	0	0.000275249	0	0	0	0	0	0	0	-1.76552	-0.364247	0.0904861	0	0	0.863114	0	0	0	0.125758	-0.0252005	1.01007
2013-05-08 00:00:00	-2.77748	0.336557	2.45152	0	0.000879458	0	0.00228999	0	0	0	0	0	0	0	-0.0139644	-0.36341	0.0903913	0	0	0.841453	0	0	0	0.125538	-0.0224945	0.671276
2013-05-09 00:00:00	-2.38199	0.14105	2.28109	0	-8.26959E-05	0	0.00215099	0	0	0	0	0	0	0	-0.28883	-0.362714	0.0902877	0	0	0.852994	0	0	0	0.125262	-0.0225392	0.436687
2013-05-10 00:00:00	-5.16397	1.19772	2.25643	0	0.00676674	0	0.00583073	0	0	0	0	0	0	0	0.593007	-0.362278	0.0902298	0	0	0.906216	0	0	0	0.124944	-0.0233622	-0.368467
2013-05-11 00:00:00	-3.42252	-0.00262698	2.18441	0	0.0106436	0	0.00400693	0	0	0	0	0	0	0	0.468363	-0.361957	0.0901978	0	0	0.997673	0	0	0	0.124676	-0.0253904	0.0674761
2013-05-12 00:00:00	-1.64053	-0.547909	2.28775	0	-0.000439287	0	0.0019591	0	0	0	0	0	0	0	-0.398241	-0.361305	0.0900944	0	0	1.02222	0	0	0	0.124381	-0.0260964	0.551873
2013-05-13 00:00:00	-2.62968	0.415116	2.02771	0	-5.95249E-06	0	0.00360914	0	0	0	0	0	0	0	-0.291102	-0.360717	0.0900457	0	0	1.01556	0	0	0	0.123983	-0.0261061	0.368404
2013-05-14 00:00:00	-1.7216	-0.352038	2.06136	0	-2.17757E-05	0	0.00238742	0	0	0	0	0	0	0	-0.39707	-0.360027	0.0899833	0	0	1.01069	0	0	0	0.12366	-0.0259889	0.431336
2013-05-15 00:00:00	-3.56848	0.531342	2.0649	0	0.0100348	0	0.00345561	0	0	0	0	0	0	0	0.168786	-0.359409	0.0898954	0	0	1.02222	0	0	0	0.123398	-0.0258568	0.0602956
2013-05-16 00:00:00	-3.12794	-0.0365889	2.23778	0	0.0107313	0	0.00376487	0	0	0	0	0	0	0	0.0599568	-0.358964	0.0898157	0	0	1.07274	0	0	0	0.122756	-0.0265226	0.0475225
2013-05-17 00:00:00	0	-1.58321	2.63358	0	-0.0129715	0	0.00132398	0	0	0	0	0	0	0	-1.38052	-0.358283	0.0896893	0	0	1.05559	0	0	0	0.122443	-0.0268263	0.540822
2013-05-18 00:00:00	-4.46121	1.2621	2.43243	0	0.00542099	0	0.00335795	0	0	0	0	0	0	0	0.113081	-0.357598	0.0896429	0	0	1.02184	0	0	0	0.12216	-0.026318	0.204911
2013-05-19 00:00:00	-1.76397	-0.755687	2.66094	0	-0.000469448	0	0.00229189	0	0	0	0	0	0	0	-0.493148	-0.357029	0.0895989	0	0	1.02798	0	0	0	0.121922	-0.0266425	0.505787
2013-05-20 00:00:00	-2.19181	-0.508451	2.89454	0	-0.0047174	0	0.00207722	0	0	0	0	0	0	0	-0.617088	-0.356253	0.0895366	0	0	1.01185	0	0	0	0.121614	-0.0261438	0.41516
2013-05-21 00:00:00	-1.56848	-0.036404	2.53074	0	-0.00984859	0	0.000735358	0	0	0	0	0	0	0	-0.799974	-0.355296	0.0894461	0	0	0.964527	0	0	0	0.121345	-0.0256393	0.911157
2013-05-22 00:00:00	-0.595496	-0.0134299	2.23129	0	-0.0142107	0	0.000770653	0	0	0	0	0	0	0	-1.59836	-0.35426	0.0892926	0	0	0.874778	0	0	0	0.12122	-0.024086	0.717503
2013-05-23 00:00:00	-0.209007	-0.0111926	2.00777	0	-0.00416296	0	0.000240683	0	0	0	0	0	0	0	-1.73139	-0.353162	0.0891247	0	0	0.788317	0	0	0	0.120713	-0.0228498	0.674399
2013-05-24 00:00:00	-0.231525	-0.00593289	1.98651	0	-0.00341166	0	0	0	0	0	0	0	0	0	-0.994676	-0.352052	0.0887844	0	0	0.711593	0	0	0	0.120301	-0.0209204	1.29867
2013-05-25 00:00:00	-0.195496	-0.030421	4.43893	0	-0.00141961	0	0	0	0	0	0	0	0	0	-3.67346	-0.351451	0.0887052	0	0	0.595612	0	0	0	0.120249	-0.0192777	0.971975
2013-05-26 00:00:00	-0.195496	0	2.62983	0	-0.00146808	0	0	0	0	0	0	0	0	0	-1.43639	-0.349873	0.0884405	0	0	0.485284	0	0	0	0.120044	-0.0171212	1.32325
2013-05-27 00:00:00	-0.00900716	0	2.18399	0	-0.000129994	0	0	0	0	0	0	0	0	0	-1.822	-0.349094	0.0882945	0	0	0.442339	0	0	0	0.120062	-0.0155913	0.638859
2013-05-28 00:00:00	-0.218014	0	2.23681	0	-0.000108888	0	0	0	0	0	0	0	0	0	-1.75317	-0.347976	0.0882083	0	0	0.418201	0	0	0	0.119431	-0.0147701	0.52861
2013-05-29 00:00:00	0	0	2.28588	0	-0.000547317	0	0	0	0	0	0	0	0	0	-1.94473	-0.34676	0.0880256	0	0	0.390433	0	0	0	0.118679	-0.014316	0.576657
2013-05-30 00:00:00	0	0	2.35444	0	-3.28076E-05	0	0	0	0	0	0	0	0	0	-1.8614	-0.345886	0.0878409	0	0	0.363706	0	0	0	0.118041	-0.0138304	0.702882
2013-05-31 00:00:00	-0.195496	0	2.37663	0	-2.27369E-05	0	0	0	0	0	0	0	0	0	-1.84085	-0.345079	0.0876865	0	0	0.343508	0	0	0	0.117752	-0.0131735	0.530959
2013-06-01 00:00:00	0	0	2.14316	0	-2.07647E-05	0	0	0	0	0	0	0	0	0	-1.66721	-0.344299	0.087505	0	0	0.328995	0	0	0	0.11722	-0.0127553	0.652587
2013-06-02 00:00:00	-0.00450358	0	2.84786	0	-5.52283E-05	0	0	0	0	0	0	0	0	0	-2.16963	-0.343504	0.0872927	0	0	0.295357	0	0	0	0.116889	-0.0124792	0.81723
2013-06-03 00:00:00	0	0	3.19545	0	-4.81634E-05	0	0	0	0	0	0	0	0	0	-2.4319	-0.342734	0.0871817	0	0	0.254763	0	0	0	0.116581	-0.0119009	0.867402
2013-06-04 00:00:00	0	0	2.85806	0	0	0	0	0	0	0	0	0	0	0	-2.21078	-0.341652	0.0870153	0	0	0.227606	0	0	0	0.116276	-0.0112447	0.725278
2013-06-05 00:00:00	0	0	3.08654	0	0	0	0	0	0	0	0	0	0	0	-2.40577	-0.340849	0.0868094	0	0	0.201452	0	0	0	0.115952	-0.0107983	0.733336
2013-06-06 00:00:00	0	0	2.44321	0	0	0	0	0	0	0	0	0	0	0	-1.99532	-0.339969	0.0866357	0	0	0.191445	0	0	0	0.115617	-0.0103777	0.491242
2013-06-07 00:00:00	0	0	2.41938	0	0	0	0	0	0	0	0	0	0	0	-2.04146	-0.339104	0.0862275	0	0	0.187393	0	0	0	0.114993	-0.0102148	0.417217
2013-06-08 00:00:00	0	0	3.26673	0	0	0	0	0	0	0	0	0	0	0	-2.62765	-0.3378	0.0860243	0	0	0.165688	0	0	0	0.114628	-0.0101421	0.657481
2013-06-09 00:00:00	0	0	2.51117	0	0	0	0	0	0	0	0	0	0	0	-2.01593	-0.337132	0.0858427	0	0	0.158923	0	0	0	0.114283	-0.00977039	0.507385
2013-06-10 00:00:00	0	0	2.45052	0	0	0	0	0	0	0	0	0	0	0	-2.01373	-0.336691	0.085635	0	0	0.157048	0	0	0	0.113919	-0.00965297	0.447049
2013-06-11 00:00:00	-0.418014	0	2.33397	0	0	0	0	0	0	0	0	0	0	0	-1.62158	-0.335073	0.0855162	0	0	0.164328	0	0	0	0.113057	-0.0096109	0.312593
2013-06-12 00:00:00	-0.409007	0	2.45278	0	0	0	0	0	0	0	0	0	0	0	-1.72443	-0.334391	0.0854094	0	0	0.170872	0	0	0	0.112524	-0.00974305	0.34401
2013-06-13 00:00:00	0	0	2.11153	0	0	0	0	0	0	0	0	0	0	0	-1.71382	-0.333638	0.084853	0	0	0.174855	0	0	0	0.112141	-0.00985465	0.426061
2013-06-14 00:00:00	-0.0720573	0.0046844	2.2179	0	0	0	0	0	0	0	0	0	0	0	-1.9382	-0.332864	0.0847736	0	0	0.17429	0	0	0	0.111482	-0.00991205	0.240099
2013-06-15 00:00:00	-0.103582	0.0236745	2.19163	0	4.46835E-11	0	0	0	0	0	0	0	0	0	-1.726	-0.331385	0.0846513	0	0	0.178485	0	0	0	0.111205	-0.00997029	0.418711
2013-06-16 00:00:00	-0.0225179	-0.0283589	2.26266	0	0	0	0	0	0	0	0	0	0	0	-1.93677	-0.33027	0.0843933	0	0	0.180759	0	0	0	0.110912	-0.00995548	0.310854
2013-06-17 00:00:00	0	0	2.30695	0	0	0	0	0	0	0	0	0	0	0	-2.26391	-0.329784	0.0842748	0	0	0.173257	0	0	0	0.110728	-0.0100241	0.0714846
2013-06-18 00:00:00	0	0	2.43479	0	0	0	0	0	0	0	0	0	0	0	-2.29866	-0.328445	0.0841417	0	0	0.167782	0	0	0	0.11019	-0.00987994	0.159917
2013-06-19 00:00:00	0	0	2.25825	0	0	0	0	0	0	0	0	0	0	0	-2.04691	-0.327353	0.0839072	0	0	0.165462	0	0	0	0.109844	-0.00977829	0.233422
2013-06-20 00:00:00	-0.809007	0	2.53732	0	0	0	0	0	0	0	0	0	0	0	-1.6841	-0.326166	0.0839115	0	0	0.172728	0	0	0	0.109222	-0.00973507	0.0741713
2013-06-21 00:00:00	-0.8	0	2.64435	0	0	0	0	0	0	0	0	0	0	0	-1.78293	-0.325486	0.0832838	0	0	0.179568	0	0	0	0.108909	-0.00986942	0.0978206
2013-06-22 00:00:00	-7.97748	1.87718	3.16101	0	8.10251E-07	0	0	0	0	0	0	0	0	0	1.69817	-0.325478	0.0833802	0	0	0.238302	0	0	0	0.108192	-0.0102726	-1.14699
2013-06-23 00:00:00	-4.2045	-0.0376476	3.17721	0	9.30308E-05	0	0	0	0	0	0	0	0	0	0.585143	-0.325225	0.0833368	0	0	0.329284	0	0	0	0.108114	-0.0120735	-0.296268
2013-06-24 00:00:00	0	-1.8383	2.79846	0	-8.84592E-05	0	0	0	0	0	0	0	0	0	-1.33388	-0.324613	0.0831667	0	0	0.37652	0	0	0	0.107741	-0.0132754	-0.144263
2013-06-25 00:00:00	0	-0.00122521	2.66367	0	0	0	0	0	0	0	0	0	0	0	-2.44808	-0.323393	0.0829308	0	0	0.350596	0	0	0	0.107443	-0.0136187	0.418321
2013-06-26 00:00:00	-0.2	0	2.4126	0	0	0	0	0	0	0	0	0	0	0	-2.00299	-0.32204	0.0827716	0	0	0.321337	0	0	0	0.107091	-0.0128121	0.385956
2013-06-27 00:00:00	-3.4	0.262117	3.08589	0	1.58312E-10	0	0	0	0	0	0	0	0	0	-0.672099	-0.320918	0.0826473	0	0	0.343712	0	0	0	0.107234	-0.0123845	-0.523804
2013-06-28 00:00:00	-3.2	0.0159516	3.18012	0	1.338E-09	0	0	0	0	0	0	0	0	0	-0.485757	-0.320546	0.0824081	0	0	0.380431	0	0	0	0.105768	-0.0127837	-0.254411
2013-06-29 00:00:00	-0.2	-0.278068	2.52434	0	0	0	0	0	0	0	0	0	0	0	-2.2374	-0.319959	0.0819839	0	0	0.365955	0	0	0	0.10542	-0.013667	0.0286016
2013-06-30 00:00:00	-1.4	0	2.83891	0	0	0	0	0	0	0	0	0	0	0	-1.63983	-0.318747	0.0819143	0	0	0.35534	0	0	0	0.105128	-0.0132402	0.00947581
2013-07-01 00:00:00	-0.2	0	2.24661	0	0	0	0	0	0	0	0	0	0	0	-2.03111	-0.318163	0.08177	0	0	0.333462	0	0	0	0.10451	-0.0130062	0.204072
2013-07-02 00:00:00	-4.4	1.12601	3.07576	0	2.19636E-10	0	0	0	0	0	0	0	0	0	-0.244856	-0.317573	0.0816582	0	0	0.365614	0	0	0	0.104222	-0.0125723	-0.221733
2013-07-03 00:00:00	-0.8	-1.12601	3.02168	0	0	0	0	0	0	0	0	0	0	0	-1.43196	-0.317054	0.0814391	0	0	0.379284	0	0	0	0.103322	-0.0135136	-0.102815
2013-07-04 00:00:00	-15.2	2.01735	3.47193	0	0.00523691	0	0.00400835	0	0	0	0	0	0	0	6.50476	-0.317537	0.0815107	0	0	0.535493	0	0	0	0.103286	-0.0150864	-2.80906
2013-07-05 00:00:00	0	-1.97285	3.07838	0	-0.000981077	0	0.000646206	0	0	0	0	0	0	0	-1.3588	-0.317579	0.081505	0	0	0.685848	0	0	0	0.103458	-0.0194301	0.280198
2013-07-06 00:00:00	0	-0.0317363	3.54636	0	-0.00273832	0	0	0	0	0	0	0	0	0	-2.99583	-0.316838	0.081332	0	0	0.59935	0	0	0	0.103252	-0.0187932	0.964353
2013-07-07 00:00:00	0	-0.0127561	3.26886	0	-0.000615949	0	0	0	0	0	0	0	0	0	-2.96733	-0.315423	0.0810868	0	0	0.470529	0	0	0	0.103134	-0.0172055	0.610282
2013-07-08 00:00:00	0	0	3.17604	0	-0.000927897	0	0	0	0	0	0	0	0	0	-2.26899	-0.313474	0.0808641	0	0	0.394775	0	0	0	0.103229	-0.0153825	1.15613
2013-07-09 00:00:00	0	0	4.04811	0	0	0	0	0	0	0	0	0	0	0	-3.86306	-0.313036	0.0807452	0	0	0.30083	0	0	0	0.103223	-0.0139502	0.342863
2013-07-10 00:00:00	0	0	2.57981	0	0	0	0	0	0	0	0	0	0	0	-2.37802	-0.312193	0.0803711	0	0	0.25878	0	0	0	0.102674	-0.0120458	0.319378
2013-07-11 00:00:00	0	0	2.4711	0	0	0	0	0	0	0	0	0	0	0	-2.18187	-0.311441	0.0801534	0	0	0.23333	0	0	0	0.102434	-0.0113613	0.382345
2013-07-12 00:00:00	0	0	3.30286	0	0	0	0	0	0	0	0	0	0	0	-2.90857	-0.310542	0.0800431	0	0	0.194411	0	0	0	0.102173	-0.0109474	0.449429
2013-07-13 00:00:00	0	0	2.56838	0	0	0	0	0	0	0	0	0	0	0	-2.4137	-0.309497	0.080048	0	0	0.174524	0	0	0	0.101927	-0.0103005	0.191387
2013-07-14 00:00:00	0	0	2.27613	0	0	0	0	0	0	0	0	0	0	0	-2.06355	-0.308663	0.0797472	0	0	0.166026	0	0	0	0.101657	-0.0099578	0.241396
2013-07-15 00:00:00	0	0	2.19585	0	0	0	0	0	0	0	0	0	0	0	-2.05567	-0.3075	0.0796135	0	0	0.161106	0	0	0	0.101371	-0.00979729	0.164967
2013-07-16 00:00:00	0	0	2.36354	0	0	0	0	0	0	0	0	0	0	0	-2.23308	-0.306958	0.0793199	0	0	0.15363	0	0	0	0.101083	-0.00970537	0.147838
2013-07-17 00:00:00	0	0	2.79212	0	0	0	0	0	0	0	0	0	0	0	-2.67699	-0.30618	0.078965	0	0	0.138873	0	0	0	0.100632	-0.00955906	0.11786
2013-07-18 00:00:00	0	0	3.24295	0	0	0	0	0	0	0	0	0	0	0	-2.93498	-0.304981	0.0784421	0	0	0.117377	0	0	0	0.0999591	-0.00926608	0.289499
2013-07-19 00:00:00	0	0	3.41658	0	0	0	0	0	0	0	0	0	0	0	-2.92898	-0.303601	0.0780419	0	0	0.0930527	0	0	0	0.0997013	-0.0088215	0.445965
2013-07-20 00:00:00	0	0	3.17986	0	0	0	0	0	0	0	0	0	0	0	-2.83113	-0.302351	0.0778928	0	0	0.0782231	0	0	0	0.0994546	-0.0082869	0.29366
2013-07-21 00:00:00	0	0	2.80213	0	0	0	0	0	0	0	0	0	0	0	-2.51461	-0.301198	0.0777291	0	0	0.070258	0	0	0	0.0991931	-0.00791885	0.225578
2013-07-22 00:00:00	0	0	2.21556	0	0	0	0	0	0	0	0	0	0	0	-2.06	-0.299145	0.0775678	0	0	0.0716822	0	0	0	0.0985276	-0.00771831	0.0964806
2013-07-23 00:00:00	-17.4	2.17995	3.4647	0	-3.81364E-05	0	0	0	0	0	0	0	0	0	8.52688	-0.300038	0.077658	0	0	0.210887	0	0	0	0.0983237	-0.0080428	-3.14972
2013-07-24 00:00:00	-0.2	-2.12073	3.29109	0	0	0	0	0	0	0	0	0	0	0	-1.0486	-0.299534	0.0775527	0	0	0.274811	0	0	0	0.0986367	-0.0114333	0.0617937
2013-07-25 00:00:00	-10.2	2.13525	3.37843	0	0.00208578	0	0	0	0	0	0	0	0	0	3.34976	-0.299171	0.0774993	0	0	0.333108	0	0	0	0.0984488	-0.0123893	-1.13698
2013-07-26 00:00:00	-0.2	-2.12663	3.43188	0	-0.00208788	0	0	0	0	0	0	0	0	0	-1.50492	-0.298634	0.0774519	0	0	0.407596	0	0	0	0.0983869	-0.0143143	-0.13127
2013-07-27 00:00:00	-9	2.15254	4.17094	0	0.0111036	0	0	0	0	0	0	0	0	0	1.52232	-0.297903	0.0772497	0	0	0.466808	0	0	0	0.0982089	-0.0145604	-0.813291
2013-07-28 00:00:00	-22.6	0.0305645	3.16848	0	0.0601421	-0.0443452	0.101897	0	0	0	0	0	0	0	13.735	-0.299024	0.0774635	0	0	0.749188	0	0	0	0.0988148	-0.0199323	-4.94173
2013-07-29 00:00:00	-19.6	-0.0345506	3.07937	0	0.00135857	-0.0434236	0.11733	0	0	0	0	0	0	0	10.8641	-0.300729	0.0777137	0	0	1.30841	0	0	0	0.0999522	-0.0291197	-4.45957
2013-07-30 00:00:00	-5.6	0.0097743	2.9565	0	-0.0043045	-0.00722116	0.0202153	0	0	0	0	0	0	0	1.09609	-0.301039	0.077726	0	0	1.50187	0	0	0	0.100519	-0.0343359	-0.18421
2013-07-31 00:00:00	-8.4	0.00578551	3.0768	0	0.000976607	-0.0136161	0.0387321	0	0	0	0	0	0	0	3.03595	-0.30092	0.0776993	0	0	1.50911	0	0	0	0.100662	-0.0342845	-0.90311
2013-08-01 00:00:00	-3.2	-0.204669	3.40795	0	-0.00304786	-0.000363691	0.00279973	0	0	0	0	0	0	0	-0.651574	-0.300422	0.0776241	0	0	1.45329	0	0	0	0.100769	-0.0337787	0.648584
2013-08-02 00:00:00	-0.8	-1.77437	3.46434	0	-0.0162161	0	0.000994545	0	0	0	0	0	0	0	-1.29106	-0.299421	0.077446	0	0	1.31434	0	0	0	0.100671	-0.031151	0.745561
2013-08-03 00:00:00	-0.2	-0.205894	2.98724	0	-0.0341045	0	0	0	0	0	0	0	0	0	-2.59118	-0.298564	0.0773057	0	0	1.13364	0	0	0	0.100581	-0.028978	0.940055
2013-08-04 00:00:00	-1.2	-0.0144663	2.96969	0	-0.0112139	0	0	0	0	0	0	0	0	0	-1.16704	-0.297153	0.0771482	0	0	0.945631	0	0	0	0.100403	-0.0278553	1.37515
2013-08-05 00:00:00	-1	-0.0142728	2.76263	0	-0.00337174	0	0	0	0	0	0	0	0	0	-2.16217	-0.296614	0.077037	0	0	0.856424	0	0	0	0.100757	-0.0253216	0.295099
2013-08-06 00:00:00	0	-0.0182639	2.4823	0	-0.00112123	0	0	0	0	0	0	0	0	0	-2.41946	-0.295879	0.0767983	0	0	0.751767	0	0	0	0.10025	-0.0229531	0.653439
2013-08-07 00:00:00	-1.4	0	3.47639	0	-4.49838E-05	0	0	0	0	0	0	0	0	0	-2.13226	-0.294631	0.0766697	0	0	0.670798	0	0	0	0.100116	-0.020904	0.476134
2013-08-08 00:00:00	-0.2	0	2.64036	0	-6.08026E-05	0	0	0	0	0	0	0	0	0	-2.23871	-0.29373	0.0765304	0	0	0.59395	0	0	0	0.0999328	-0.0195276	0.658742
2013-08-09 00:00:00	-0.2	0	2.67989	0	-4.15952E-05	0	0	0	0	0	0	0	0	0	-2.25649	-0.291946	0.0763116	0	0	0.526226	0	0	0	0.0997433	-0.0182747	0.615427
2013-08-10 00:00:00	-0.8	0	2.66368	0	0	0	0	0	0	0	0	0	0	0	-1.94969	-0.291203	0.0759652	0	0	0.483951	0	0	0	0.0995586	-0.0167514	0.265506
2013-08-11 00:00:00	-5	1.90827	2.77779	0	3.33267E-05	0	0	0	0	0	0	0	0	0	-0.0521703	-0.290748	0.0758126	0	0	0.506598	0	0	0	0.0993408	-0.015883	0.00903798
2013-08-12 00:00:00	-0.2	-1.86457	2.66347	0	0.000507021	0	0	0	0	0	0	0	0	0	-1.20896	-0.290098	0.0757276	0	0	0.514846	0	0	0	0.0988359	-0.0164081	-0.226648
2013-08-13 00:00:00	0	-0.0436955	2.28662	0	-0.000529052	0	0	0	0	0	0	0	0	0	-2.30429	-0.288875	0.0755478	0	0	0.476554	0	0	0	0.0986829	-0.0164723	0.283548
2013-08-14 00:00:00	-2	0	2.73169	0	1.95217E-05	0	0	0	0	0	0	0	0	0	-0.372525	-0.287357	0.0754101	0	0	0.471498	0	0	0	0.0985292	-0.0155523	0.70171
2013-08-15 00:00:00	-10	2.31842	3.11635	0	0.00463691	0	0	0	0	0	0	0	0	0	2.09275	-0.287738	0.0752431	0	0	0.588904	0	0	0	0.0985764	-0.0157739	-2.00863
2013-08-16 00:00:00	-0.8	-1.68968	2.70911	0	0.000419103	0	4.04043E-05	0	0	0	0	0	0	0	-0.352886	-0.287231	0.0751434	0	0	0.632376	0	0	0	0.0981238	-0.018641	0.366772
2013-08-17 00:00:00	-3.2	0.309626	2.85152	0	3.82726E-05	0	0.00142257	0	0	0	0	0	0	0	-0.7413	-0.286457	0.0750065	0	0	0.637381	0	0	0	0.0980282	-0.0188036	-0.273537
2013-08-18 00:00:00	-2	-0.351487	2.53381	0	-4.80782E-05	0	0.000896748	0	0	0	0	0	0	0	-0.501789	-0.285954	0.0748131	0	0	0.637746	0	0	0	0.0976023	-0.0188349	0.186758
2013-08-19 00:00:00	0	-0.583654	2.40754	0	-0.000797387	0	0	0	0	0	0	0	0	0	-2.29017	-0.28521	0.0746849	0	0	0.601308	0	0	0	0.0975258	-0.0187292	0.00250426
2013-08-20 00:00:00	-1	-0.00323212	2.44268	0	-0.00139476	0	0	0	0	0	0	0	0	0	-1.1961	-0.284445	0.0742263	0	0	0.553464	0	0	0	0.0970791	-0.0181631	0.664112
2013-08-21 00:00:00	-2.8	0.0686662	2.84855	0	0.00130792	0	0	0	0	0	0	0	0	0	-0.851296	-0.283956	0.0739256	0	0	0.5567	0	0	0	0.0973771	-0.0172186	-0.305948
2013-08-22 00:00:00	-0.2	-0.0686662	2.3644	0	-0.00021109	0	0	0	0	0	0	0	0	0	-2.40987	-0.283111	0.0738552	0	0	0.520347	0	0	0	0.0967967	-0.0171383	0.0763973
2013-08-23 00:00:00	0	0	2.4271	0	-0.00177962	0	0	0	0	0	0	0	0	0	-2.08469	-0.281911	0.0737442	0	0	0.46839	0	0	0	0.0965352	-0.0160888	0.681293
2013-08-24 00:00:00	-0.8	0	2.46633	0	-0.0011858	0	0	0	0	0	0	0	0	0	-1.45842	-0.280515	0.0736817	0	0	0.428682	0	0	0	0.0964778	-0.0151387	0.509906
2013-08-25 00:00:00	0	0	2.17256	0	-0.000940698	0	0	0	0	0	0	0	0	0	-2.33914	-0.280199	0.0735456	0	0	0.391767	0	0	0	0.0964487	-0.0146394	0.0994017
2013-08-26 00:00:00	-0.2	0	2.39411	0	-6.58681E-05	0	0	0	0	0	0	0	0	0	-2.07019	-0.279136	0.0733259	0	0	0.359393	0	0	0	0.09605	-0.013984	0.359499
2013-08-27 00:00:00	0	0	2.11891	0	-6.19441E-05	0	0	0	0	0	0	0	0	0	-2.01254	-0.278046	0.0732499	0	0	0.333154	0	0	0	0.0958559	-0.0132908	0.317232
2013-08-28 00:00:00	0	0	2.00051	0	-6.68796E-06	0	0	0	0	0	0	0	0	0	-1.89749	-0.277371	0.0728375	0	0	0.313962	0	0	0	0.0956531	-0.0127153	0.295387
2013-08-29 00:00:00	-0.4	0	2.16749	0	0	0	0	0	0	0	0	0	0	0	-1.74226	-0.276308	0.0727837	0	0	0.303545	0	0	0	0.0951224	-0.0123574	0.20802
2013-08-30 00:00:00	-1	0	2.20448	0	0	0	0	0	0	0	0	0	0	0	-1.38334	-0.275457	0.0726416	0	0	0.309193	0	0	0	0.0948984	-0.0121741	0.0102405
2013-08-31 00:00:00	0	0	1.73558	0	0	0	0	0	0	0	0	0	0	0	-1.74856	-0.274283	0.0725421	0	0	0.30295	0	0	0	0.0946539	-0.0122671	0.17062
2013-09-01 00:00:00	-0.302252	0	1.89502	0	0	0	0	0	0	0	0	0	0	0	-1.69933	-0.273721	0.0723757	0	0	0.297681	0	0	0	0.0944279	-0.012148	0.0720498
2013-09-02 00:00:00	-1.10676	0	2.27071	0	0	0	0	0	0	0	0	0	0	0	-1.18126	-0.273079	0.0721525	0	0	0.303558	0	0	0	0.094201	-0.0120546	0.167478
2013-09-03 00:00:00	0	0	1.87181	0	0	0	0	0	0	0	0	0	0	0	-1.82999	-0.272188	0.0721154	0	0	0.291216	0	0	0	0.0937486	-0.0121505	0.214558
2013-09-04 00:00:00	0	0	1.70162	0	0	0	0	0	0	0	0	0	0	0	-1.59739	-0.271249	0.0717438	0	0	0.280814	0	0	0	0.0935408	-0.0119383	0.267149
2013-09-05 00:00:00	0	0	1.5782	0	0	0	0	0	0	0	0	0	0	0	-1.61291	-0.270558	0.0717629	0	0	0.275115	0	0	0	0.0933315	-0.0117628	0.123172
2013-09-06 00:00:00	-16.1878	2.53984	1.99181	0	0.00527254	0	0.00400547	0	0	0	0	0	0	0	8.32276	-0.269657	0.0719085	0	0	0.450722	0	0	0	0.0931926	-0.0134338	-2.99139
2013-09-07 00:00:00	-10.054	0.00895156	2.01821	0	0.0389325	0	0.00878857	0	0	0	0	0	0	0	5.25592	-0.270126	0.0718678	0	0	0.794728	0	0	0	0.093383	-0.0204407	-2.05384
2013-09-08 00:00:00	0	-1.67608	1.92264	0	-0.00631773	0	0.000394463	0	0	0	0	0	0	0	-0.823568	-0.26952	0.0718047	0	0	0.896233	0	0	0	0.0933484	-0.0236809	0.185251
2013-09-09 00:00:00	-3.11576	1.06477	1.90748	0	0.00287863	0	0	0	0	0	0	0	0	0	-0.401896	-0.268567	0.0716692	0	0	0.857164	0	0	0	0.0932136	-0.0228261	0.188123
2013-09-10 00:00:00	0	-1.54674	1.99027	0	-0.00936787	0	0	0	0	0	0	0	0	0	-0.750102	-0.267646	0.0715564	0	0	0.819204	0	0	0	0.0931242	-0.0221438	0.378161
2013-09-11 00:00:00	-2.61351	0.455733	2.11002	0	0.00143124	0	0	0	0	0	0	0	0	0	-0.684549	-0.266563	0.0714328	0	0	0.779948	0	0	0	0.0930507	-0.0215027	-0.0745056
2013-09-12 00:00:00	-1.60901	-0.305103	2.15462	0	-0.00335163	0	2.99085E-05	0	0	0	0	0	0	0	-0.709222	-0.265379	0.0713228	0	0	0.760684	0	0	0	0.092756	-0.020995	0.166359
2013-09-13 00:00:00	-2.31126	0.397185	1.87428	0	0.000770989	0	0.00104575	0	0	0	0	0	0	0	-0.686162	-0.264365	0.0712366	0	0	0.739175	0	0	0	0.0926872	-0.0205407	-0.105943
2013-09-14 00:00:00	0	-0.755284	1.6678	0	-0.00876798	0	0.000165809	0	0	0	0	0	0	0	-1.15668	-0.263667	0.0710846	0	0	0.711107	0	0	0	0.0925121	-0.0201999	0.338073
2013-09-15 00:00:00	-8.44503	2.44524	1.72404	0	0.0363503	-0.00253429	0.0107132	0	0	0	0	0	0	0	2.60757	-0.263311	0.0710119	0	0	0.766959	0	0	0	0.0924399	-0.0201574	-0.976717
2013-09-16 00:00:00	-1.80901	-0.0191156	1.63005	0	-0.00136586	-0.000900221	0.00279037	0	0	0	0	0	0	0	-0.313647	-0.262316	0.0710118	0	0	0.830245	0	0	0	0.092578	-0.0220749	0.198246
2013-09-17 00:00:00	-0.502252	-1.00448	1.64345	0	-0.00325625	-1.89018E-05	0.0015491	0	0	0	0	0	0	0	-0.70062	-0.261258	0.0709746	0	0	0.808729	0	0	0	0.0924062	-0.0217616	0.123463
2013-09-18 00:00:00	-0.2	-1.17086	1.56052	0	-0.00425703	0	0.000999158	0	0	0	0	0	0	0	-0.636891	-0.260083	0.0708645	0	0	0.777925	0	0	0	0.0922649	-0.0212786	0.209197
2013-09-19 00:00:00	-11.9653	2.2287	1.6809	0	0.0213246	-0.0194078	0.048504	0	0	0	0	0	0	0	5.30376	-0.259987	0.0708948	0	0	0.906927	0	0	0	0.0922121	-0.0223273	-1.9138
2013-09-20 00:00:00	-0.2	-1.27204	1.64767	0	-0.00738989	-0.000537263	0.00281761	0	0	0	0	0	0	0	-0.737122	-0.25979	0.0708429	0	0	1.0199	0	0	0	0.0923509	-0.0262468	0.330451
2013-09-21 00:00:00	0	-1.26074	1.74619	0	-0.00856416	0	0.000933852	0	0	0	0	0	0	0	-1.08117	-0.258933	0.0707235	0	0	0.938973	0	0	0	0.0922643	-0.0256945	0.213988
2013-09-22 00:00:00	-0.2	-0.0710482	1.82651	0	-0.0217673	0	0	0	0	0	0	0	0	0	-1.72118	-0.257562	0.0706901	0	0	0.87305	0	0	0	0.0921189	-0.0238265	0.566991
2013-09-23 00:00:00	0	-0.0127924	1.78656	0	-0.020743	0	0	0	0	0	0	0	0	0	-1.47041	-0.256696	0.0705124	0	0	0.754884	0	0	0	0.0920629	-0.0223116	0.921069
2013-09-24 00:00:00	0	-0.0122881	1.70243	0	-0.00790533	0	0	0	0	0	0	0	0	0	-2.36387	-0.255985	0.0704413	0	0	0.70071	0	0	0	0.0920466	-0.0203908	-0.0948095
2013-09-25 00:00:00	-1.30676	-0.00069749	1.51632	0	0.0011231	0	0	0	0	0	0	0	0	0	-0.736273	-0.25496	0.0701325	0	0	0.667535	0	0	0	0.0918692	-0.0194153	0.028881
2013-09-26 00:00:00	-0.302252	-0.00731229	1.35819	0	-0.000789776	0	0	0	0	0	0	0	0	0	-1.75265	-0.253816	0.0699859	0	0	0.63563	0	0	0	0.0916279	-0.0192431	-0.180632
2013-09-27 00:00:00	-0.302252	-0.00810818	1.46163	0	-0.00125498	0	0	0	0	0	0	0	0	0	-0.635819	-0.252021	0.0699517	0	0	0.600062	0	0	0	0.0914333	-0.0187516	1.00487
2013-09-28 00:00:00	-0.2	-0.00947996	1.47574	0	-0.000314793	0	0	0	0	0	0	0	0	0	-1.77227	-0.251709	0.069854	0	0	0.565755	0	0	0	0.0917436	-0.0181565	-0.0488435
2013-09-29 00:00:00	-0.2	-0.00824869	1.36837	0	-0.000165308	0	0	0	0	0	0	0	0	0	-1.36863	-0.25074	0.0695299	0	0	0.539502	0	0	0	0.0912503	-0.0172713	0.223597
2013-09-30 00:00:00	0	0	1.37044	0	0.000765821	0	0	0	0	0	0	0	0	0	-1.51403	-0.25059	0.0694344	0	0	0.515115	0	0	0	0.0910599	-0.0166821	0.265515
2013-10-01 00:00:00	0	0	1.30468	0	-0.000684074	0	0	0	0	0	0	0	0	0	-1.60538	-0.250121	0.0693736	0	0	0.494447	0	0	0	0.0908382	-0.0161049	0.087046
2013-10-02 00:00:00	-2.0045	0.441311	1.51798	0	0.00123895	0	0	0	0	0	0	0	0	0	-0.297753	-0.249659	0.0692462	0	0	0.498675	0	0	0	0.090757	-0.0158017	0.0514891
2013-10-03 00:00:00	-2.4045	0.622772	1.67717	0	0.00103426	0	0	0	0	0	0	0	0	0	-0.62672	-0.249221	0.0691534	0	0	0.524279	0	0	0	0.0905513	-0.0162951	-0.31178
2013-10-04 00:00:00	-2.2045	0.521629	1.5852	0	0.000320903	0	0.000129383	0	0	0	0	0	0	0	-0.287527	-0.248409	0.0689762	0	0	0.550256	0	0	0	0.0904565	-0.0166987	0.0598303
2013-10-05 00:00:00	-2.96848	0.908388	1.45382	0	2.88912E-05	0	0.0014391	0	0	0	0	0	0	0	-0.0531352	-0.247701	0.0688	0	0	0.580088	0	0	0	0.0902772	-0.0170985	-0.183565
2013-10-06 00:00:00	0	-1.34322	1.50824	0	7.77235E-05	0	0.00118928	0	0	0	0	0	0	0	-0.997049	-0.246752	0.0682829	0	0	0.598545	0	0	0	0.0901169	-0.0178532	-0.338426
2013-10-07 00:00:00	-3.99099	1.40206	1.43528	0	-6.53705E-05	0	0.00151026	0	0	0	0	0	0	0	0.401266	-0.246465	0.0682526	0	0	0.620872	0	0	0	0.089984	-0.0181704	-0.236465
2013-10-08 00:00:00	-1.30225	-0.163776	1.38351	0	0.000209726	0	0.00124603	0	0	0	0	0	0	0	-0.546069	-0.245827	0.0681887	0	0	0.657412	0	0	0	0.0899376	-0.0187836	-0.0761993
2013-10-09 00:00:00	-4.96847	0.196442	1.18401	0	0.0160937	0	0.00441129	0	0	0	0	0	0	0	1.99683	-0.245577	0.0679574	0	0	0.736069	0	0	0	0.0894996	-0.0197492	-0.942488
2013-10-10 00:00:00	0	-0.949728	1.07016	0	-0.00285743	0	0.00151429	0	0	0	0	0	0	0	-0.583858	-0.245315	0.0679606	0	0	0.778819	0	0	0	0.0894203	-0.0211794	0.204939
2013-10-11 00:00:00	0	-0.943074	1.08776	0	-0.00231325	0	0.000440338	0	0	0	0	0	0	0	-0.106291	-0.244583	0.0678315	0	0	0.747912	0	0	0	0.0892775	-0.0211075	0.675856
2013-10-12 00:00:00	-0.2	-0.573499	1.04818	0	-0.000222401	0	0.0017429	0	0	0	0	0	0	0	-1.34988	-0.244394	0.0677632	0	0	0.735004	0	0	0	0.0891061	-0.02055	-0.446748
2013-10-13 00:00:00	-2.4045	1.13012	1.11804	0	0.000933461	0	0.00119784	0	0	0	0	0	0	0	-0.444928	-0.243856	0.0676591	0	0	0.719101	0	0	0	0.0890187	-0.0205043	0.0122807
2013-10-14 00:00:00	-0.2	-0.738047	1.02059	0	-0.0011352	0	0.00101992	0	0	0	0	0	0	0	-0.765805	-0.24321	0.0675158	0	0	0.70906	0	0	0	0.0889536	-0.0203867	-0.0814437
2013-10-15 00:00:00	-2.4045	1.25362	0.963445	0	0.00337107	0	0.000365792	0	0	0	0	0	0	0	0.114543	-0.242338	0.0673851	0	0	0.70453	0	0	0	0.0886603	-0.0199602	0.529123
2013-10-16 00:00:00	-14.9865	0.900286	1.00058	0	0.052279	-0.0252271	0.0671395	0	0	0	0	0	0	0	8.39961	-0.243162	0.0675405	0	0	0.965141	0	0	0	0.0890987	-0.0229975	-3.73619
2013-10-17 00:00:00	-4.60901	-0.0046712	1.04094	0	-0.00296762	-0.00978594	0.0281015	0	0	0	0	0	0	0	1.84409	-0.243489	0.0676401	0	0	1.25768	0	0	0	0.0895067	-0.0293385	-0.571303
2013-10-18 00:00:00	-2.2045	-0.0128932	1.05105	0	-0.000908716	-0.00321269	0.00980438	0	0	0	0	0	0	0	0.367797	-0.24319	0.067619	0	0	1.25348	0	0	0	0.089586	-0.0298589	0.344766
2013-10-19 00:00:00	-6.98649	0.00506709	1.09985	0	0.0020868	-0.0152593	0.0427356	0	0	0	0	0	0	0	3.53912	-0.243247	0.0676771	0	0	1.31993	0	0	0	0.0897068	-0.0298799	-1.1087
2013-10-20 00:00:00	-4.94596	0.0187138	1.0188	0	-0.00128121	-0.0105257	0.0302166	0	0	0	0	0	0	0	1.99241	-0.243275	0.067733	0	0	1.40451	0	0	0	0.0900021	-0.0318497	-0.610502
2013-10-21 00:00:00	-8.47523	-0.0125391	1.02738	0	0.00122289	-0.0195378	0.0545484	0	0	0	0	0	0	0	4.67662	-0.243544	0.0678462	0	0	1.53292	0	0	0	0.0902329	-0.03477	-1.33485
2013-10-22 00:00:00	-7.31576	-0.0116925	1.07197	0	-0.00021156	-0.0164635	0.0462596	0	0	0	0	0	0	0	3.64932	-0.243888	0.0679923	0	0	1.68756	0	0	0	0.0906901	-0.0368068	-1.01104
2013-10-23 00:00:00	-2.6045	0.00271493	0.949156	0	-0.0018787	-0.00456063	0.0139251	0	0	0	0	0	0	0	0.421028	-0.243764	0.0680365	0	0	1.67793	0	0	0	0.0910051	-0.0368728	0.332216
2013-10-24 00:00:00	0	-0.719148	0.804183	0	-0.00284657	-0.000162506	0.00170356	0	0	0	0	0	0	0	-0.658684	-0.2433	0.0679801	0	0	1.54893	0	0	0	0.0910072	-0.0358633	0.853799
2013-10-25 00:00:00	-5.31126	0.697356	0.89323	0	0.00400563	-0.00910273	0.0260117	0	0	0	0	0	0	0	1.9521	-0.243163	0.0679794	0	0	1.48812	0	0	0	0.0911017	-0.0340586	-0.377684
2013-10-26 00:00:00	-1.1955	-0.0048769	0.892967	0	-0.00191557	-0.00110089	0.0042188	0	0	0	0	0	0	0	-0.49585	-0.24275	0.0679563	0	0	1.43742	0	0	0	0.0913113	-0.0338631	0.518023
2013-10-27 00:00:00	-6.18199	-0.0120267	0.853601	0	0.00234194	-0.0137233	0.0386151	0	0	0	0	0	0	0	3.08829	-0.242955	0.0680206	0	0	1.46006	0	0	0	0.091419	-0.032876	-0.881217
2013-10-28 00:00:00	-2.2045	-0.00596429	0.775866	0	-0.00150758	-0.00395135	0.0121684	0	0	0	0	0	0	0	0.325749	-0.242902	0.0680471	0	0	1.46777	0	0	0	0.0916265	-0.0342626	0.248136
2013-10-29 00:00:00	-0.2	-0.4731	0.719205	0	-0.00202773	-0.0001493	0.00153118	0	0	0	0	0	0	0	-0.437569	-0.242425	0.0679835	0	0	1.36841	0	0	0	0.0916548	-0.0324757	0.861038
2013-10-30 00:00:00	-1.7955	0.463222	0.683062	0	0.00180841	-0.00136995	0.00516775	0	0	0	0	0	0	0	-0.142748	-0.241834	0.0679168	0	0	1.26696	0	0	0	0.0917044	-0.030351	0.368043
2013-10-31 00:00:00	-3.49324	-0.0235281	0.724748	0	0.00114711	-0.00721439	0.0205966	0	0	0	0	0	0	0	1.31035	-0.241714	0.0679381	0	0	1.26942	0	0	0	0.0917488	-0.0298028	-0.309555
2013-11-01 00:00:00	0	-0.603368	0.67287	0	-0.0033441	-0.000239138	0.00222984	0	0	0	0	0	0	0	-0.692623	-0.241347	0.0678819	0	0	1.22022	0	0	0	0.0918182	-0.0295462	0.484554
2013-11-02 00:00:00	-14.9189	0.604302	0.5502	0	0.0059303	-0.0354577	0.0981644	0	0	0	0	0	0	0	8.55725	-0.242238	0.0681791	0	0	1.47884	0	0	0	0.0921428	-0.0320571	-3.77368
2013-11-03 00:00:00	-4.71576	-0.00655856	0.565755	0	-0.00267726	-0.0112504	0.0325203	0	0	0	0	0	0	0	1.98198	-0.243373	0.0684209	0	0	1.74898	0	0	0	0.0929112	-0.0371013	-0.526153
2013-11-04 00:00:00	-0.2	-0.268074	0.476525	0	-0.00196226	-0.000320389	0.00224991	0	0	0	0	0	0	0	-0.712955	-0.243063	0.0684044	0	0	1.65571	0	0	0	0.0931039	-0.0366255	0.832992
2013-11-05 00:00:00	-0.902252	0.242306	0.44147	0	0.000610854	-0.000383062	0.00214898	0	0	0	0	0	0	0	-0.240459	-0.242555	0.0683275	0	0	1.50904	0	0	0	0.0930617	-0.0347779	0.936541
2013-11-06 00:00:00	-3.81351	-0.00711228	0.564044	0	0.00146759	-0.00828909	0.0240108	0	0	0	0	0	0	0	1.60725	-0.242555	0.0683515	0	0	1.47251	0	0	0	0.0931351	-0.0334984	-0.274202
2013-11-07 00:00:00	-2.60901	-0.0020747	0.54469	0	-0.000693468	-0.00544313	0.0163135	0	0	0	0	0	0	0	0.683931	-0.242554	0.0683858	0	0	1.46164	0	0	0	0.0933701	-0.0329558	-0.0244018
2013-11-08 00:00:00	-1.0045	-0.00670024	0.504887	0	-0.000832644	-0.00140688	0.00519898	0	0	0	0	0	0	0	-0.213994	-0.242233	0.0683471	0	0	1.3899	0	0	0	0.0933928	-0.0326533	0.559404
2013-11-09 00:00:00	-3.51126	-0.00623051	0.422596	0	0.00115214	-0.00787966	0.0228453	0	0	0	0	0	0	0	1.53471	-0.24226	0.0683763	0	0	1.37352	0	0	0	0.093473	-0.0314563	-0.282412
2013-11-10 00:00:00	-0.2	-0.215304	0.41691	0	-0.00158611	-0.00026156	0.00184702	0	0	0	0	0	0	0	-0.418977	-0.241938	0.0683351	0	0	1.3212	0	0	0	0.0935868	-0.0311174	0.792696
2013-11-11 00:00:00	-2.40901	0.204094	0.567847	0	0.0011026	-0.00400901	0.0125955	0	0	0	0	0	0	0	0.509192	-0.241683	0.0683029	0	0	1.26497	0	0	0	0.0935839	-0.0297084	0.0372826
2013-11-12 00:00:00	-1.90676	-0.0226779	0.533477	0	-1.05681E-05	-0.00363217	0.0108957	0	0	0	0	0	0	0	0.419977	-0.241493	0.0682812	0	0	1.24415	0	0	0	0.0936254	-0.0298343	0.166003
2013-11-13 00:00:00	-0.302252	-0.207256	0.514174	0	-0.00121966	-0.000145655	0.00173034	0	0	0	0	0	0	0	-0.568597	-0.240809	0.0682655	0	0	1.18569	0	0	0	0.0935758	-0.0290607	0.514094
2013-11-14 00:00:00	0	-0.381335	0.444606	0	-0.00146212	0	0.00132971	0	0	0	0	0	0	0	-0.473908	-0.240127	0.0681845	0	0	1.1086	0	0	0	0.0934615	-0.0278716	0.591481
2013-11-15 00:00:00	-0.302252	-0.152237	0.480555	0	-0.000643905	0	0.00129954	0	0	0	0	0	0	0	-0.581706	-0.239399	0.0681049	0	0	1.04375	0	0	0	0.0934002	-0.0268531	0.38402
2013-11-16 00:00:00	-0.2	-0.295011	0.54435	0	-0.0011505	0	0.00125391	0	0	0	0	0	0	0	-0.660661	-0.238927	0.0680269	0	0	0.990111	0	0	0	0.0932867	-0.0261552	0.275124
2013-11-17 00:00:00	-2.80901	1.00977	0.387941	0	0.00464303	-0.00273275	0.00917667	0	0	0	0	0	0	0	0.308495	-0.238618	0.0679971	0	0	0.968791	0	0	0	0.0931726	-0.0257726	-0.226147
2013-11-18 00:00:00	-0.302252	-0.0833623	0.377058	0	-0.00127675	-0.000237703	0.00134794	0	0	0	0	0	0	0	-0.417247	-0.23829	0.0679262	0	0	0.962221	0	0	0	0.0932767	-0.0256671	0.433497
2013-11-19 00:00:00	-1.49324	0.0613451	0.314738	0	0.00098784	-0.00272353	0.00898484	0	0	0	0	0	0	0	0.232247	-0.238034	0.0678805	0	0	0.954963	0	0	0	0.093114	-0.0248993	-0.0246406
2013-11-20 00:00:00	-9.95496	-0.00361567	0.395816	0	0.00270477	-0.0248436	0.0694163	0	0	0	0	0	0	0	5.64461	-0.238977	0.0680856	0	0	1.15649	0	0	0	0.0934021	-0.0275964	-2.81947
2013-11-21 00:00:00	-0.302252	-0.01929	0.313292	0	-0.00364535	-0.000540817	0.00287977	0	0	0	0	0	0	0	-0.562286	-0.239234	0.0681668	0	0	1.28358	0	0	0	0.0937616	-0.0306383	0.60379
2013-11-22 00:00:00	0	-0.231238	0.240595	0	-0.000306538	0	0.00143903	0	0	0	0	0	0	0	-0.482493	-0.238738	0.0680794	0	0	1.1986	0	0	0	0.0936913	-0.028906	0.620719
2013-11-23 00:00:00	0	-0.254174	0.296699	0	-0.00099052	0	0.00135139	0	0	0	0	0	0	0	-0.578574	-0.238248	0.0679783	0	0	1.11899	0	0	0	0.0936165	-0.0277304	0.478921
2013-11-24 00:00:00	0	-0.241479	0.281918	0	-0.000957865	0	0.00124482	0	0	0	0	0	0	0	-0.691194	-0.237783	0.0677647	0	0	1.05159	0	0	0	0.0934959	-0.0270284	0.297569
2013-11-25 00:00:00	-0.2	-0.0650031	0.27644	0	-0.000329666	0	0.00111799	0	0	0	0	0	0	0	-0.594825	-0.237061	0.0676952	0	0	0.996454	0	0	0	0.0933867	-0.0262489	0.311627
2013-11-26 00:00:00	-1.90676	0.762637	0.38918	0	0.00355743	-0.0011751	0.00503654	0	0	0	0	0	0	0	-0.033315	-0.236152	0.0675631	0	0	0.961413	0	0	0	0.0933198	-0.0253727	0.0799368
2013-11-27 00:00:00	0	-0.34225	0.367626	0	-0.00154848	-0.000157055	0.00175171	0	0	0	0	0	0	0	-0.513057	-0.235837	0.0674729	0	0	0.943061	0	0	0	0.0932531	-0.0253743	0.35494
2013-11-28 00:00:00	0	-0.296492	0.346333	0	-0.0011788	0	0.000914181	0	0	0	0	0	0	0	-0.608089	-0.234989	0.0673245	0	0	0.902774	0	0	0	0.0932151	-0.0241018	0.245711
2013-11-29 00:00:00	-2.80901	0.61545	0.36087	0	0.00311748	-0.00416443	0.013128	0	0	0	0	0	0	0	0.516344	-0.234623	0.0672867	0	0	0.905982	0	0	0	0.0931591	-0.0234984	-0.495955
2013-11-30 00:00:00	-0.2	-0.100057	0.300058	0	-0.00137344	-0.000219923	0.00195997	0	0	0	0	0	0	0	-0.568795	-0.234009	0.067237	0	0	0.918192	0	0	0	0.093093	-0.0247611	0.251325
2013-12-01 00:00:00	0	-0.2857	0.319149	0	-0.000831625	0	0.00107421	0	0	0	0	0	0	0	-0.453718	-0.233375	0.0671495	0	0	0.885789	0	0	0	0.0930028	-0.0237977	0.368743
2013-12-02 00:00:00	-0.2	-0.0870224	0.302442	0	-0.00040676	0	0.00117153	0	0	0	0	0	0	0	-0.68932	-0.232562	0.0670364	0	0	0.854547	0	0	0	0.0928997	-0.0231279	0.0856581
2013-12-03 00:00:00	-5.15496	0.44436	0.367559	0	0.0031174	-0.010823	0.0313884	0	0	0	0	0	0	0	2.3341	-0.232556	0.0670713	0	0	0.925791	0	0	0	0.0929225	-0.0236582	-1.15569
2013-12-04 00:00:00	-0.502252	-0.0112286	0.306383	0	-0.00163545	-0.000804828	0.00352456	0	0	0	0	0	0	0	-0.34402	-0.23252	0.0670645	0	0	0.986976	0	0	0	0.0929847	-0.0261311	0.338342
2013-12-05 00:00:00	-24.6334	-0.00804578	0.278801	0	0.0116472	-0.0636023	0.174809	0	0	0	0	0	0	0	14.922	-0.235361	0.0678251	0	0	1.56417	0	0	0	0.093819	-0.0316835	-7.85903
2013-12-06 00:00:00	0	-0.233686	0.240933	0	-0.00698656	-0.000973937	0.00495027	0	0	0	0	0	0	0	-0.701199	-0.236606	0.068179	0	0	1.97393	0	0	0	0.0949669	-0.0401382	1.16337
2013-12-07 00:00:00	-4.95496	0.217092	0.291162	0	0.00296037	-0.0113532	0.0331662	0	0	0	0	0	0	0	2.11576	-0.236649	0.0682005	0	0	1.88331	0	0	0	0.095128	-0.0388268	-0.535016
2013-12-08 00:00:00	-11.9054	-0.00930887	0.365715	0	0.00269714	-0.0303366	0.0861964	0	0	0	0	0	0	0	6.46918	-0.238075	0.0684924	0	0	2.10435	0	0	0	0.0958995	-0.0404488	-3.03106
2013-12-09 00:00:00	-0.604504	-0.00629597	0.35729	0	-0.00496313	-0.00117464	0.00589587	0	0	0	0	0	0	0	-0.581313	-0.238378	0.0685871	0	0	2.14281	0	0	0	0.0965833	-0.0419885	1.19255
2013-12-10 00:00:00	0	-0.323915	0.346667	0	-0.00127217	-2.97856E-05	0.00134327	0	0	0	0	0	0	0	-0.545791	-0.237819	0.0684876	0	0	1.90011	0	0	0	0.0965714	-0.0398489	1.26451
2013-12-11 00:00:00	0	-0.295595	0.34591	0	-0.0018091	0	0.00134189	0	0	0	0	0	0	0	-1.03723	-0.237244	0.0683718	0	0	1.67966	0	0	0	0.0966545	-0.0374419	0.582625
2013-12-12 00:00:00	-2.38649	0.598146	0.371407	0	0.00281843	-0.00314514	0.0105266	0	0	0	0	0	0	0	0.471673	-0.237072	0.0683344	0	0	1.5877	0	0	0	0.0965843	-0.0352904	0.545197
2013-12-13 00:00:00	-1.59099	-0.0151281	0.357481	0	5.64262E-05	-0.00329561	0.0102367	0	0	0	0	0	0	0	0.377945	-0.236895	0.0683	0	0	1.51717	0	0	0	0.0967407	-0.0345784	0.547041
2013-12-14 00:00:00	-9.96848	-0.00452578	0.339408	0	0.0043102	-0.0249844	0.0709806	0	0	0	0	0	0	0	5.54853	-0.237839	0.0684936	0	0	1.66844	0	0	0	0.0971643	-0.0354482	-2.47394
2013-12-15 00:00:00	-12	-0.00868342	0.326799	0	0.00100993	-0.0306363	0.0875976	0	0	0	0	0	0	0	6.58752	-0.239627	0.0689069	0	0	2.05092	0	0	0	0.0981758	-0.0395485	-3.09757
2013-12-16 00:00:00	-6.95497	-0.00631268	0.254288	0	-0.00187332	-0.0179062	0.0527396	0	0	0	0	0	0	0	3.39007	-0.240778	0.0692022	0	0	2.29146	0	0	0	0.0991037	-0.0429598	-1.10794
2013-12-17 00:00:00	-0.2	-0.0858321	0.285833	0	-0.00358378	-0.000432166	0.00328642	0	0	0	0	0	0	0	-0.635644	-0.240683	0.0692089	0	0	2.18149	0	0	0	0.099503	-0.0426147	1.43053
2013-12-18 00:00:00	-7.9392	0.0715247	0.311872	0	0.00340636	-0.0194633	0.0563026	0	0	0	0	0	0	0	3.82351	-0.241259	0.0693228	0	0	2.1662	0	0	0	0.0998047	-0.0415976	-1.63958
2013-12-19 00:00:00	-1.50901	-0.00835255	0.314522	0	-0.00246378	-0.00341712	0.011679	0	0	0	0	0	0	0	-0.0261635	-0.241423	0.0693775	0	0	2.13791	0	0	0	0.10032	-0.0418676	0.801116
2013-12-20 00:00:00	-13.937	-0.0102122	0.315761	0	0.00496939	-0.0354583	0.100448	0	0	0	0	0	0	0	7.50656	-0.242845	0.0696775	0	0	2.35066	0	0	0	0.10098	-0.0428809	-3.81929
2013-12-21 00:00:00	-22.5658	-0.00428357	0.268525	0	0.00270369	-0.0590502	0.168407	0	0	0	0	0	0	0	12.2449	-0.246199	0.0705258	0	0	3.45021	0	0	0	0.102615	-0.0520113	-6.6195
2013-12-22 00:00:00	-2.38649	-0.0095699	0.247426	0	-0.00371292	-0.00635647	0.0214628	0	0	0	0	0	0	0	0.655414	-0.247373	0.0709296	0	0	3.83627	0	0	0	0.103941	-0.0576732	2.22427
2013-12-23 00:00:00	-20.4739	-0.00701402	0.270681	0	0.00709656	-0.0528365	0.150119	0	0	0	0	0	0	0	10.374	-0.249644	0.0713817	0	0	4.1622	0	0	0	0.105096	-0.0585246	-5.70136
2013-12-24 00:00:00	-6.73245	-0.00952463	0.263881	0	-9.02933E-05	-0.0176204	0.0529834	0	0	0	0	0	0	0	2.98426	-0.251355	0.0717321	0	0	4.47674	0	0	0	0.10656	-0.0624009	0.88272
2013-12-25 00:00:00	-1.49775	-0.00791635	0.273475	0	-0.0085213	-0.00347264	0.0129024	0	0	0	0	0	0	0	-0.0905235	-0.251396	0.0717251	0	0	4.03256	0	0	0	0.107139	-0.0596483	2.57858
2013-12-26 00:00:00	-1.1955	-0.0105252	0.256919	0	-0.00251969	-0.00246982	0.00898457	0	0	0	0	0	0	0	-0.22502	-0.251097	0.0716412	0	0	3.50472	0	0	0	0.107374	-0.0557044	2.20681
2013-12-27 00:00:00	-39.7883	-0.00180151	0.289618	0	0.0142206	-0.10333	0.291887	0	0	0	0	0	0	0	18.5644	-0.25592	0.0726281	0	0	4.81711	0	0	0	0.109247	-0.0611245	-16.0514
2013-12-28 00:00:00	-4.98199	-0.00780524	0.227512	0	0.0445578	-0.0134936	0.0437295	0	0	0	0	0	0	0	1.86189	-0.25862	0.0732972	0	0	6.25847	0	0	0	0.111341	-0.0751831	3.28371
2013-12-29 00:00:00	-1.1955	-0.0103835	0.282979	0	-0.058206	-0.00260734	0.0112135	0	0	0	0	0	0	0	-0.481976	-0.25857	0.0732589	0	0	5.43286	0	0	0	0.111875	-0.0705751	3.83437
2013-12-30 00:00:00	-23.946	-0.00705182	0.292836	0	0.00908994	-0.0615421	0.175561	0	0	0	0	0	0	0	10.8727	-0.262021	0.0738851	0	0	5.65639	0	0	0	0.113227	-0.0691831	-7.15208
2013-12-31 00:00:00	-0.502252	-0.00896344	0.292652	0	-0.0097136	-0.00142529	0.00966488	0	0	0	0	0	0	0	-0.441238	-0.263361	0.0742111	0	0	5.51958	0	0	0	0.114779	-0.0711588	4.71277
2014-01-01 00:00:00	-14.9144	-0.00434687	0.294602	0	0.00541455	-0.0379989	0.111065	0	0	0	0	0	0	0	6.33391	-0.264972	0.07456	0	0	5.31699	0	0	0	0.115673	-0.0675428	-3.03707
2014-01-02 00:00:00	-5.77298	-0.0144576	0.258451	0	-0.00206019	-0.017225	0.0459246	0	0	0	0	0	0	0	1.75041	-0.266364	0.0748036	0	0	5.13871	0	0	0	0.116911	-0.0678706	1.24425
2014-01-03 00:00:00	-6.78199	-0.00840892	0.302824	0	0.00288664	-0.0197413	0.053267	0	0	0	0	0	0	0	2.08455	-0.267248	0.0750209	0	0	4.8223	0	0	0	0.117664	-0.0653446	0.315781
2014-01-04 00:00:00	-1.6045	-0.0043531	0.280748	0	-0.00567683	-0.00431776	0.015611	0	0	0	0	0	0	0	-0.417023	-0.267413	0.0750298	0	0	4.32947	0	0	0	0.118338	-0.0621388	2.45377
2014-01-05 00:00:00	-4.17973	-0.0105244	0.271572	0	0.00157246	-0.0104534	0.0320557	0	0	0	0	0	0	0	0.848522	-0.267773	0.0750396	0	0	3.92726	0	0	0	0.118702	-0.0583889	0.747854
2014-01-06 00:00:00	-8.37298	-0.00306677	0.286462	0	0.00122043	-0.023851	0.0646233	0	0	0	0	0	0	0	3.0543	-0.268778	0.0752518	0	0	3.84542	0	0	0	0.119425	-0.0567774	-1.27875
2014-01-07 00:00:00	-4.19324	-0.00584676	0.288455	0	-0.00152543	-0.0122694	0.0343889	0	0	0	0	0	0	0	0.946426	-0.269582	0.0753617	0	0	3.69948	0	0	0	0.120494	-0.0565917	0.625546
2014-01-08 00:00:00	-3.17973	-0.0091175	0.296791	0	-0.000720018	-0.0082889	0.0258702	0	0	0	0	0	0	0	0.518506	-0.270097	0.0754479	0	0	3.4341	0	0	0	0.121055	-0.0549927	0.948818
2014-01-09 00:00:00	-0.2	-0.101852	0.299218	0	-0.00151774	-0.000286965	0.00439278	0	0	0	0	0	0	0	-1.0764	-0.269998	0.0753793	0	0	3.04	0	0	0	0.121388	-0.0520221	1.83829
2014-01-10 00:00:00	-5.77073	0.0884253	0.294712	0	0.00249005	-0.0137133	0.0425466	0	0	0	0	0	0	0	2.10167	-0.270866	0.075464	0	0	2.89561	0	0	0	0.121524	-0.0496508	-0.482515
2014-01-11 00:00:00	-0.502252	-0.0105919	0.272422	0	-0.0022788	-0.000895823	0.00632823	0	0	0	0	0	0	0	-0.77308	-0.270911	0.0754579	0	0	2.69918	0	0	0	0.121997	-0.0483104	1.56707
2014-01-12 00:00:00	-0.2	-0.0802723	0.266465	0	-0.000607581	-5.6579E-05	0.00324954	0	0	0	0	0	0	0	-0.61172	-0.270641	0.0753846	0	0	2.38256	0	0	0	0.121985	-0.04526	1.64108
2014-01-13 00:00:00	-1.40901	0.0671647	0.314725	0	0.00109894	-0.00238711	0.0113067	0	0	0	0	0	0	0	-0.348648	-0.27051	0.0753568	0	0	2.15611	0	0	0	0.122123	-0.0420337	0.675295
2014-01-14 00:00:00	-1.40901	-0.010066	0.274713	0	-0.000128439	-0.00288499	0.0116472	0	0	0	0	0	0	0	-0.0551445	-0.270439	0.0753659	0	0	2.00944	0	0	0	0.122199	-0.04023	0.70546
2014-01-15 00:00:00	-11.9842	-0.00918789	0.353406	0	0.00431849	-0.0302059	0.087575	0	0	0	0	0	0	0	5.26732	-0.271877	0.0756872	0	0	2.26189	0	0	0	0.122656	-0.0413789	-4.16404
2014-01-16 00:00:00	-0.302252	-0.0429603	0.338578	0	-0.00497659	-0.00105881	0.00576494	0	0	0	0	0	0	0	-0.827372	-0.272457	0.0757969	0	0	2.33872	0	0	0	0.123181	-0.0445966	1.38637
2014-01-17 00:00:00	-0.502252	0.0217665	0.345399	0	-0.000154222	-0.000121953	0.00452151	0	0	0	0	0	0	0	-0.723911	-0.272196	0.0757403	0	0	2.09471	0	0	0	0.123224	-0.0415734	1.12515
2014-01-18 00:00:00	-3.18874	-0.00214179	0.362887	0	0.00158375	-0.00712984	0.0243738	0	0	0	0	0	0	0	0.802263	-0.272452	0.0757694	0	0	1.9913	0	0	0	0.12327	-0.040095	-0.129112
2014-01-19 00:00:00	-3.60225	-0.00732991	0.358712	0	0.000201783	-0.00841772	0.0274219	0	0	0	0	0	0	0	0.920851	-0.272807	0.0758604	0	0	1.9861	0	0	0	0.123423	-0.0402328	-0.438465
2014-01-20 00:00:00	-0.2	-0.167543	0.36278	0	-0.00178508	-0.000279562	0.00409693	0	0	0	0	0	0	0	-0.756517	-0.272722	0.0758738	0	0	1.8717	0	0	0	0.123565	-0.0395169	0.999657
2014-01-21 00:00:00	-1.8	0.155824	0.296946	0	0.00114149	-0.00317938	0.0132566	0	0	0	0	0	0	0	0.0848256	-0.272641	0.0758658	0	0	1.74886	0	0	0	0.123597	-0.037209	0.387286
2014-01-22 00:00:00	-3.17523	-0.00401507	0.373441	0	0.000693399	-0.00725783	0.0241463	0	0	0	0	0	0	0	0.816713	-0.272831	0.0759175	0	0	1.73062	0	0	0	0.123639	-0.037018	-0.351181
2014-01-23 00:00:00	-4.18874	-0.01357	0.346467	0	0.000910727	-0.0100235	0.0311372	0	0	0	0	0	0	0	1.47531	-0.273266	0.0760183	0	0	1.79166	0	0	0	0.123995	-0.037653	-0.677752
2014-01-24 00:00:00	-7.95497	-0.000942765	0.349599	0	0.00145499	-0.0201636	0.0595991	0	0	0	0	0	0	0	3.29767	-0.274585	0.0762488	0	0	2.03242	0	0	0	0.124666	-0.0388171	-2.34782
2014-01-25 00:00:00	-17.9977	-0.00231062	0.409285	0	0.0026741	-0.0544673	0.135227	0	0	0	0	0	0	0	8.67891	-0.277748	0.0769014	0	0	2.72585	0	0	0	0.125481	-0.0458053	-6.22375
2014-01-26 00:00:00	-3.98874	-0.0124329	0.376095	0	-0.00403853	-0.0139638	0.0336478	0	0	0	0	0	0	0	1.04064	-0.279766	0.0773687	0	0	3.11279	0	0	0	0.126434	-0.0518444	0.416192
2014-01-27 00:00:00	-1.50225	-0.000554949	0.404138	0	-0.00188791	-0.00365436	0.0132928	0	0	0	0	0	0	0	-0.336838	-0.279904	0.0775133	0	0	2.85138	0	0	0	0.126757	-0.0500223	1.29797
2014-01-28 00:00:00	-1.40901	-0.00676658	0.400311	0	-0.00014037	-0.00256049	0.0110392	0	0	0	0	0	0	0	-0.249945	-0.279819	0.0774736	0	0	2.58093	0	0	0	0.126898	-0.0478179	1.2006
2014-01-29 00:00:00	-4.58874	-0.00375728	0.42311	0	0.00156954	-0.0108247	0.0340882	0	0	0	0	0	0	0	1.35716	-0.280228	0.0775474	0	0	2.48676	0	0	0	0.127239	-0.0457321	-0.421809
2014-01-30 00:00:00	0	-0.272364	0.292911	0	-0.00288827	-0.000427121	0.00441441	0	0	0	0	0	0	0	-0.921652	-0.280251	0.0775287	0	0	2.31168	0	0	0	0.127588	-0.0445577	1.29198
2014-01-31 00:00:00	-2.39324	0.268204	0.37742	0	0.00173571	-0.00414269	0.0165096	0	0	0	0	0	0	0	0.142345	-0.280245	0.0775165	0	0	2.12971	0	0	0	0.127715	-0.0419701	0.421556
2014-02-01 00:00:00	-20.3189	-0.00782315	0.442291	0	0.00606186	-0.059188	0.149983	0	0	0	0	0	0	0	10.041	-0.28345	0.0780705	0	0	2.74225	0	0	0	0.128551	-0.0458762	-7.12706
2014-02-02 00:00:00	-1.2045	-0.00323265	0.468375	0	-0.00613802	-0.00560157	0.0138549	0	0	0	0	0	0	0	-0.858962	-0.285185	0.0785522	0	0	3.07354	0	0	0	0.129473	-0.0518776	1.34829
2014-02-03 00:00:00	0	-0.428553	0.478392	0	-0.00227682	-0.000288397	0.00390912	0	0	0	0	0	0	0	-0.67391	-0.284732	0.0785016	0	0	2.66925	0	0	0	0.129521	-0.049723	1.92009
2014-02-04 00:00:00	-1.41801	0.416183	0.450596	0	0.00188609	-0.000837373	0.00700441	0	0	0	0	0	0	0	-0.674981	-0.284577	0.0784819	0	0	2.40548	0	0	0	0.12984	-0.0452032	1.06586
2014-02-05 00:00:00	-23.9279	-0.00387134	0.478548	0	0.00741272	-0.0697146	0.176259	0	0	0	0	0	0	0	12.0263	-0.288077	0.0794848	0	0	3.13931	0	0	0	0.130778	-0.0490943	-8.30062
2014-02-06 00:00:00	-0.302252	-0.178352	0.482246	0	-0.00801971	-0.00421516	0.00780036	0	0	0	0	0	0	0	-1.18026	-0.29026	0.0800371	0	0	3.52043	0	0	0	0.132271	-0.0565231	2.20291
2014-02-07 00:00:00	-0.302252	-0.110952	0.43974	0	-0.000767272	-0.00039144	0.00575317	0	0	0	0	0	0	0	-1.25661	-0.289855	0.0799086	0	0	3.08063	0	0	0	0.132503	-0.0522041	1.7255
2014-02-08 00:00:00	-24.9054	0.273962	0.507748	0	0.00887045	-0.0727771	0.181196	0	0	0	0	0	0	0	12.1054	-0.293269	0.0806058	0	0	3.75181	0	0	0	0.133745	-0.0549191	-8.28308
2014-02-09 00:00:00	-8.30993	-0.00459615	0.519976	0	-0.00415051	-0.0287546	0.067221	0	0	0	0	0	0	0	2.83364	-0.296968	0.0814268	0	0	4.5155	0	0	0	0.135392	-0.0634885	-0.554723
2014-02-10 00:00:00	-0.497748	-0.0564279	0.52367	0	-0.00374221	-0.00195596	0.00667526	0	0	0	0	0	0	0	-0.929654	-0.296849	0.0813637	0	0	4.00206	0	0	0	0.135893	-0.0635262	2.89976
2014-02-11 00:00:00	-3.15947	0.0403255	0.505867	0	0.00154085	-0.00727072	0.0224751	0	0	0	0	0	0	0	0.319871	-0.297044	0.0813695	0	0	3.67658	0	0	0	0.136795	-0.0580308	1.26301
2014-02-12 00:00:00	-17.9144	-0.00152669	0.517301	0	0.00494899	-0.0535344	0.133362	0	0	0	0	0	0	0	8.06462	-0.299685	0.0820604	0	0	4.08491	0	0	0	0.138771	-0.0589532	-5.30216
2014-02-13 00:00:00	-14.4964	-0.00357648	0.536743	0	-0.000778753	-0.0467202	0.111432	0	0	0	0	0	0	0	6.12306	-0.303421	0.0831114	0	0	5.03664	0	0	0	0.14038	-0.0651974	-2.88475
2014-02-14 00:00:00	-17.9415	-0.0115867	0.565795	0	0.0113347	-0.0569778	0.135545	0	0	0	0	0	0	0	7.6765	-0.309388	0.0838905	0	0	5.83066	0	0	0	0.143188	-0.0717496	-3.94424
2014-02-15 00:00:00	-9.74145	-0.00450171	0.594855	0	-0.00842335	-0.0326813	0.0768794	0	0	0	0	0	0	0	3.24268	-0.313387	0.0844524	0	0	6.23828	0	0	0	0.145363	-0.0754666	0.206601
2014-02-16 00:00:00	0	-0.492227	0.560165	0	-0.00961862	-0.00290647	0.00796972	0	0	0	0	0	0	0	-1.20808	-0.31478	0.0843506	0	0	5.54119	0	0	0	0.146731	-0.0729267	4.23987
2014-02-17 00:00:00	-2.38199	0.48071	0.651626	0	0.00198085	-0.00309107	0.0119791	0	0	0	0	0	0	0	-0.458026	-0.315065	0.0843048	0	0	4.73886	0	0	0	0.147597	-0.0679666	2.89092
2014-02-18 00:00:00	-3.17748	0.005769	0.669943	0	0.000865009	-0.0073509	0.0231431	0	0	0	0	0	0	0	-0.0622996	-0.315773	0.0844597	0	0	4.31549	0	0	0	0.149058	-0.0627559	1.62307
2014-02-19 00:00:00	-5.35947	-0.00683429	0.703448	0	0.000588062	-0.0141982	0.0388299	0	0	0	0	0	0	0	1.24026	-0.316861	0.0846849	0	0	4.01493	0	0	0	0.149799	-0.0602676	0.474915
2014-02-20 00:00:00	-6.15947	-0.012758	0.716955	0	0.000423743	-0.0173699	0.0445728	0	0	0	0	0	0	0	1.94747	-0.319875	0.0862837	0	0	3.90719	0	0	0	0.151065	-0.0592795	0.285207
2014-02-21 00:00:00	-1.20901	0.00545377	0.687642	0	-0.00237684	-0.00270803	0.00980027	0	0	0	0	0	0	0	-0.90503	-0.322093	0.086312	0	0	3.60322	0	0	0	0.152629	-0.056957	2.04689
2014-02-22 00:00:00	-2.51126	-0.0121693	0.772122	0	0.000556864	-0.00498598	0.0160728	0	0	0	0	0	0	0	-0.185133	-0.323168	0.0869692	0	0	3.24914	0	0	0	0.153297	-0.0535323	1.18791
2014-02-23 00:00:00	-8.57748	-0.00561165	0.858875	0	0.00264799	-0.0234507	0.0608355	0	0	0	0	0	0	0	2.96987	-0.324746	0.0876391	0	0	3.2712	0	0	0	0.154147	-0.0531174	-1.57919
2014-02-24 00:00:00	-17.9279	0.00112127	0.736738	0	0.00349227	-0.0547756	0.132428	0	0	0	0	0	0	0	8.09033	-0.331034	0.0888275	0	0	4.12973	0	0	0	0.156028	-0.0566449	-5.03169
2014-02-25 00:00:00	-2.12477	-0.00302064	0.794648	0	-0.0059102	-0.00867771	0.0184004	0	0	0	0	0	0	0	-0.756519	-0.333883	0.0898259	0	0	4.21897	0	0	0	0.157987	-0.0624199	1.98463
2014-02-26 00:00:00	-2.51126	-0.0143902	0.808725	0	-0.000106425	-0.0063717	0.0166606	0	0	0	0	0	0	0	-0.142921	-0.335987	0.0897699	0	0	3.75801	0	0	0	0.158385	-0.0591891	1.76132
2014-02-27 00:00:00	-1.41801	0.011882	0.751982	0	-0.000656349	-0.00286266	0.00998593	0	0	0	0	0	0	0	-0.968736	-0.337145	0.0896197	0	0	3.37388	0	0	0	0.158936	-0.0549826	1.61389
2014-02-28 00:00:00	-0.404504	-0.234831	0.660406	0	-0.00155974	-0.000769684	0.00395058	0	0	0	0	0	0	0	-0.818631	-0.337367	0.089573	0	0	2.92592	0	0	0	0.159142	-0.0526721	1.98866
2014-03-01 00:00:00	-2.21351	0.23156	0.711538	0	0.00202057	-0.00330228	0.0126203	0	0	0	0	0	0	0	-0.399592	-0.337716	0.0895639	0	0	2.66735	0	0	0	0.159749	-0.0480612	0.872216
2014-03-02 00:00:00	-4.22702	-0.0135733	0.802742	0	0.000895561	-0.0106512	0.0283598	0	0	0	0	0	0	0	1.14077	-0.338951	0.08957	0	0	2.5767	0	0	0	0.159913	-0.047131	0.161624
2014-03-03 00:00:00	-0.302252	-0.406111	0.772344	0	-0.00314334	-0.00139375	0.00539501	0	0	0	0	0	0	0	-1.04184	-0.339234	0.0896088	0	0	2.41053	0	0	0	0.160187	-0.0455438	1.29854
2014-03-04 00:00:00	-0.2	-0.511759	0.812281	0	-0.00251163	-0.000523004	0.00354074	0	0	0	0	0	0	0	-0.987877	-0.340243	0.0895044	0	0	2.15517	0	0	0	0.160288	-0.0427767	1.13509
2014-03-05 00:00:00	0	-0.425435	0.881571	0	-0.00851281	-0.000188172	0.00032556	0	0	0	0	0	0	0	-0.151428	-0.341838	0.0893703	0	0	1.84734	0	0	0	0.160159	-0.0411021	2.01026
2014-03-06 00:00:00	-2.51576	1.07765	1.07289	0	0.0062287	-0.000444558	0.00675445	0	0	0	0	0	0	0	-1.26566	-0.341969	0.0893642	0	0	1.77452	0	0	0	0.160263	-0.0377576	0.0260696
2014-03-07 00:00:00	-6.84504	0.240027	0.904473	0	0.00926877	-0.0136219	0.0409458	0	0	0	0	0	0	0	2.36249	-0.342796	0.0894997	0	0	1.86315	0	0	0	0.160315	-0.037776	-1.56906
2014-03-08 00:00:00	-0.2	-0.667583	0.97823	0	-0.00553913	-0.00183082	0.00604004	0	0	0	0	0	0	0	-1.18715	-0.343648	0.0895795	0	0	1.91085	0	0	0	0.160272	-0.039307	0.699917
2014-03-09 00:00:00	-3.92477	0.679164	1.05651	0	0.00378382	-0.00551336	0.0181399	0	0	0	0	0	0	0	0.610024	-0.346794	0.0896029	0	0	1.82326	0	0	0	0.160181	-0.0385495	0.125044
2014-03-10 00:00:00	-1.40901	-0.00259817	0.937257	0	-0.00109948	-0.0019358	0.00778104	0	0	0	0	0	0	0	-0.590732	-0.346868	0.0895998	0	0	1.78628	0	0	0	0.160357	-0.0378517	0.591183
2014-03-11 00:00:00	-0.2	-0.814746	1.14775	0	-0.0035933	-0.000413304	0.00346623	0	0	0	0	0	0	0	-0.931718	-0.346917	0.0896243	0	0	1.65525	0	0	0	0.16012	-0.0364858	0.722341
2014-03-12 00:00:00	0	-0.680465	1.40082	0	-0.0136964	-0.000140385	0.000293522	0	0	0	0	0	0	0	-0.353453	-0.346099	0.0896973	0	0	1.44526	0	0	0	0.159829	-0.0353052	1.66674
2014-03-13 00:00:00	-0.2	-0.178914	0.978167	0	-0.0086844	-0.000275357	0.00422922	0	0	0	0	0	0	0	-1.60151	-0.346836	0.0896814	0	0	1.3669	0	0	0	0.15964	-0.0321664	0.230239
2014-03-14 00:00:00	-0.2	-0.00780326	1.04701	0	-0.0120006	-0.000165458	0.00305736	0	0	0	0	0	0	0	-1.28883	-0.346475	0.0896463	0	0	1.24388	0	0	0	0.159358	-0.0300275	0.657656
2014-03-15 00:00:00	-0.302252	-0.00657101	1.04563	0	-0.00785712	-0.000129488	0.00302012	0	0	0	0	0	0	0	-1.05424	-0.346019	0.0895976	0	0	1.13315	0	0	0	0.158984	-0.0283596	0.684958
2014-03-16 00:00:00	-0.502252	-0.00592487	1.1355	0	-0.00606365	-0.000106172	0.00271206	0	0	0	0	0	0	0	-1.08203	-0.345564	0.0895105	0	0	1.06291	0	0	0	0.158571	-0.0271048	0.480155
2014-03-17 00:00:00	-0.502252	-0.00547331	1.0832	0	-0.00531113	-5.05226E-05	0.00217686	0	0	0	0	0	0	0	-1.16263	-0.34475	0.0895049	0	0	0.973028	0	0	0	0.158254	-0.0265107	0.259191
2014-03-18 00:00:00	-2.21351	0.85464	1.23803	0	-0.00047308	-8.07326E-05	0.00377526	0	0	0	0	0	0	0	-0.164282	-0.344645	0.089441	0	0	0.966982	0	0	0	0.157574	-0.0255658	0.561887
2014-03-19 00:00:00	0	-0.85846	1.32464	0	-0.00232035	-4.1433E-05	0.0028501	0	0	0	0	0	0	0	-0.943913	-0.344159	0.0894152	0	0	0.961557	0	0	0	0.157062	-0.0255181	0.361112
2014-03-20 00:00:00	-11.2721	1.6549	1.22698	0	0.0631175	-0.00654364	0.0296093	0	0	0	0	0	0	0	4.50871	-0.344763	0.0898649	0	0	1.15724	0	0	0	0.156786	-0.0270552	-2.76322
2014-03-21 00:00:00	-4.83153	-0.013519	1.14441	0	-0.00132046	-0.0107213	0.0308104	0	0	0	0	0	0	0	1.12011	-0.345962	0.0905209	0	0	1.54416	0	0	0	0.15654	-0.0333913	-1.14988
2014-03-22 00:00:00	-2.21351	2.7766E-05	1.0606	0	-0.00148564	-0.00392525	0.012607	0	0	0	0	0	0	0	-0.158502	-0.346355	0.0905227	0	0	1.60706	0	0	0	0.156108	-0.0352159	0.167931
2014-03-23 00:00:00	0	-0.888688	1.03061	0	-0.00441569	-0.000522074	0.00390448	0	0	0	0	0	0	0	-0.861572	-0.346025	0.0904226	0	0	1.52984	0	0	0	0.155632	-0.0347312	0.67446
2014-03-24 00:00:00	0	-0.566586	1.30849	0	-0.0128102	-0.000113361	0.00234429	0	0	0	0	0	0	0	-1.21461	-0.345708	0.0902583	0	0	1.39536	0	0	0	0.155241	-0.0334492	0.778422
2014-03-25 00:00:00	-0.302252	-0.157555	1.19743	0	-0.0118086	-4.34961E-05	0.00173248	0	0	0	0	0	0	0	-0.927204	-0.345475	0.0901587	0	0	1.30708	0	0	0	0.154674	-0.031048	0.97569
2014-03-26 00:00:00	-1.60901	0.440339	1.14166	0	0.00069944	0	0.0039218	0	0	0	0	0	0	0	-0.622082	-0.345898	0.0899496	0	0	1.22576	0	0	0	0.154166	-0.0293529	0.450159
2014-03-27 00:00:00	-2.51576	0.647528	1.27095	0	0.00820378	0	0.00369408	0	0	0	0	0	0	0	-0.204831	-0.345405	0.0898993	0	0	1.19531	0	0	0	0.153584	-0.0290381	0.274139
2014-03-28 00:00:00	-1.97748	0.240943	1.27553	0	0.00633336	0	0.00387891	0	0	0	0	0	0	0	-0.195201	-0.344947	0.0898138	0	0	1.18874	0	0	0	0.153067	-0.0287306	0.411947
2014-03-29 00:00:00	-2.99099	0.285028	1.38623	0	0.0104215	0	0.00841589	0	0	0	0	0	0	0	0.124949	-0.344652	0.0897396	0	0	1.20071	0	0	0	0.152583	-0.0285642	-0.106127
2014-03-30 00:00:00	0	-1.04726	1.37177	0	-0.00728158	0	0.00307673	0	0	0	0	0	0	0	-0.939254	-0.344267	0.08966	0	0	1.19943	0	0	0	0.151931	-0.029151	0.448651
2014-03-31 00:00:00	-0.195496	-0.465715	1.27391	0	-0.0104293	0	0.00200071	0	0	0	0	0	0	0	-1.03517	-0.343623	0.0894965	0	0	1.12189	0	0	0	0.151484	-0.028572	0.559782
2014-04-01 00:00:00	-15	1.51821	1.29918	0	0.0259498	-0.0266109	0.081414	0	0	0	0	0	0	0	6.61336	-0.344994	0.0897591	0	0	1.45273	0	0	0	0.151164	-0.0310465	-4.17089
2014-04-02 00:00:00	0	-1.04954	1.38676	0	-0.012061	-0.00262948	0.00631425	0	0	0	0	0	0	0	-1.62212	-0.345718	0.089921	0	0	1.76671	0	0	0	0.151099	-0.0373337	0.33141
2014-04-03 00:00:00	-1.6045	0.102337	1.52184	0	-0.00103332	-0.000540378	0.00388326	0	0	0	0	0	0	0	-0.486499	-0.345161	0.0898034	0	0	1.63293	0	0	0	0.15047	-0.0365326	1.02699
2014-04-04 00:00:00	-4.6045	0.951785	1.57468	0	0.00876419	-0.00236037	0.014431	0	0	0	0	0	0	0	0.595072	-0.344895	0.0897412	0	0	1.5775	0	0	0	0.15011	-0.0351253	-0.0247998
2014-04-05 00:00:00	-1.1955	-0.369877	1.63522	0	-0.00327591	-0.000349961	0.00356891	0	0	0	0	0	0	0	-0.973821	-0.344549	0.0896648	0	0	1.54376	0	0	0	0.149766	-0.0350078	0.499609
2014-04-06 00:00:00	-0.4	-0.868159	1.7209	0	-0.00877631	0	0.00286193	0	0	0	0	0	0	0	-0.818583	-0.344467	0.0895337	0	0	1.43165	0	0	0	0.149209	-0.0334798	0.920696
2014-04-07 00:00:00	-5.8	1.24594	1.43762	0	0.0126707	-0.00421894	0.0207773	0	0	0	0	0	0	0	1.28573	-0.344469	0.0895115	0	0	1.43536	0	0	0	0.148762	-0.032691	-0.505009
2014-04-08 00:00:00	-1.2	-0.351786	1.59431	0	-0.00380131	-0.00060753	0.0041814	0	0	0	0	0	0	0	-0.739935	-0.344245	0.0894767	0	0	1.46525	0	0	0	0.148362	-0.0336744	0.627536
2014-04-09 00:00:00	-5.01351	0.324916	1.81028	0	0.0036549	-0.00625979	0.0228226	0	0	0	0	0	0	0	1.11928	-0.344067	0.0894504	0	0	1.47433	0	0	0	0.147922	-0.0329379	-0.404112
2014-04-10 00:00:00	-0.795496	-0.710377	1.63602	0	-0.00461115	-0.000546876	0.00406824	0	0	0	0	0	0	0	-1.08388	-0.343659	0.0893839	0	0	1.4678	0	0	0	0.147562	-0.0338529	0.372423
2014-04-11 00:00:00	0	-0.734409	1.45963	0	-0.0144465	-4.67831E-05	0.000331836	0	0	0	0	0	0	0	-0.138625	-0.342682	0.0892045	0	0	1.32737	0	0	0	0.146911	-0.0338893	1.75934
2014-04-12 00:00:00	-0.404504	-0.164562	1.63006	0	-0.0151511	0	0.00314224	0	0	0	0	0	0	0	-1.79626	-0.342481	0.0891527	0	0	1.26105	0	0	0	0.14654	-0.0300609	0.376933
2014-04-13 00:00:00	-3.50676	1.16163	1.6656	0	0.0102729	0	0.00468217	0	0	0	0	0	0	0	-0.0688386	-0.34186	0.0890413	0	0	1.18352	0	0	0	0.146063	-0.0286479	0.314706
2014-04-14 00:00:00	0	-1.16562	1.71532	0	-0.0104697	0	0.00219121	0	0	0	0	0	0	0	-1.06034	-0.341328	0.0889459	0	0	1.15723	0	0	0	0.145622	-0.0283154	0.503241
2014-04-15 00:00:00	0	-0.0160537	1.78821	0	-0.0198325	0	0.00011931	0	0	0	0	0	0	0	-0.815863	-0.340229	0.0887215	0	0	1.01225	0	0	0	0.145121	-0.0277289	1.81472
2014-04-16 00:00:00	0	-0.0145443	1.61782	0	-0.00927451	0	0.00201307	0	0	0	0	0	0	0	-1.9162	-0.339878	0.0886416	0	0	0.938803	0	0	0	0.144709	-0.025407	0.486684
2014-04-17 00:00:00	-1.39099	-0.00725867	1.72314	0	3.51434E-05	0	0.00320107	0	0	0	0	0	0	0	-0.469524	-0.339132	0.0885076	0	0	0.883374	0	0	0	0.144132	-0.0236027	0.611876
2014-04-18 00:00:00	0	-0.0182694	2.63967	0	-0.000933635	0	0.000139193	0	0	0	0	0	0	0	-2.32868	-0.338203	0.0883122	0	0	0.782609	0	0	0	0.143758	-0.0226236	0.945784
2014-04-19 00:00:00	-0.2	0	2.32229	0	-0.00395178	0	0	0	0	0	0	0	0	0	-1.2261	-0.337176	0.0880808	0	0	0.651768	0	0	0	0.143264	-0.0207492	1.41742
2014-04-20 00:00:00	0	0	1.97461	0	-0.000819279	0	0	0	0	0	0	0	0	0	-1.76153	-0.336473	0.0879381	0	0	0.562864	0	0	0	0.143231	-0.0190883	0.65074
2014-04-21 00:00:00	0	0	1.72629	0	-0.000287263	0	0	0	0	0	0	0	0	0	-1.32678	-0.335682	0.0877806	0	0	0.524253	0	0	0	0.142434	-0.0177513	0.800257
2014-04-22 00:00:00	-1.98649	0.065421	1.98605	0	0.00189667	0	0.00155817	0	0	0	0	0	0	0	-0.07275	-0.335056	0.0876601	0	0	0.555274	0	0	0	0.141893	-0.0167585	0.428702
2014-04-23 00:00:00	-0.4	-0.065421	2.00382	0	-0.00121063	0	0.000744836	0	0	0	0	0	0	0	-1.26656	-0.334362	0.0875173	0	0	0.54787	0	0	0	0.141277	-0.0174846	0.696195
2014-04-24 00:00:00	-0.8	0	1.92533	0	-2.12389E-05	0	0.00126352	0	0	0	0	0	0	0	-0.906271	-0.333632	0.0873764	0	0	0.541888	0	0	0	0.140667	-0.0171927	0.639411
2014-04-25 00:00:00	-8.77298	1.64069	1.92446	0	0.00192205	0	0.0107267	0	0	0	0	0	0	0	2.76589	-0.333989	0.0874424	0	0	0.664965	0	0	0	0.14004	-0.0182316	-1.88906
2014-04-26 00:00:00	-6.97748	0.00446014	2.22984	0	0.0216664	0	0.0075032	0	0	0	0	0	0	0	2.12741	-0.334553	0.0875838	0	0	0.965411	0	0	0	0.139816	-0.023652	-1.75199
2014-04-27 00:00:00	-2.0045	-0.121925	2.17005	0	0.00100878	0	0.00314914	0	0	0	0	0	0	0	-0.667857	-0.334325	0.0875609	0	0	1.0811	0	0	0	0.139316	-0.0267738	0.326798
2014-04-28 00:00:00	-1	-0.909302	2.08897	0	0.000749667	0	0.00245532	0	0	0	0	0	0	0	-0.477218	-0.333694	0.0874451	0	0	1.05326	0	0	0	0.13876	-0.0265973	0.624834
2014-04-29 00:00:00	0	-0.595553	2.46572	0	-0.0172847	0	7.41623E-06	0	0	0	0	0	0	0	-1.62284	-0.332953	0.0872921	0	0	0.974315	0	0	0	0.138362	-0.026105	1.07097
2014-04-30 00:00:00	-6.3955	1.65191	2.11273	0	0.0238021	0	0.00599084	0	0	0	0	0	0	0	1.21288	-0.332777	0.0872463	0	0	0.978534	0	0	0	0.137979	-0.0250824	-0.542292
2014-05-01 00:00:00	-2.02702	-0.0572851	1.86919	0	0.00178374	0	0.00229842	0	0	0	0	0	0	0	-0.157427	-0.332445	0.0872056	0	0	1.0435	0	0	0	0.13771	-0.0262213	0.541286
2014-05-02 00:00:00	-0.781986	-0.997837	2.06114	0	-0.00198928	0	0.00309302	0	0	0	0	0	0	0	-0.537903	-0.331896	0.0871084	0	0	1.02487	0	0	0	0.137157	-0.0261239	0.635633
2014-05-03 00:00:00	0	-0.602722	1.93962	0	-0.0131793	0	0.00073701	0	0	0	0	0	0	0	-1.47144	-0.330936	0.0869135	0	0	0.94424	0	0	0	0.136758	-0.0258616	0.664128
2014-05-04 00:00:00	-1.2045	-0.0102089	2.26496	0	-0.0110567	0	0.0011226	0	0	0	0	0	0	0	-0.778743	-0.330478	0.0868332	0	0	0.890458	0	0	0	0.136185	-0.0245392	1.02003
2014-05-05 00:00:00	-0.195496	-0.00223266	2.21336	0	-0.00435641	0	9.20516E-05	0	0	0	0	0	0	0	-1.40349	-0.329572	0.0866585	0	0	0.78982	0	0	0	0.135786	-0.0231247	1.26745
2014-05-06 00:00:00	-1.00901	0	2.30807	0	6.88215E-05	0	0	0	0	0	0	0	0	0	-1.32461	-0.328985	0.0865856	0	0	0.73524	0	0	0	0.135701	-0.0213192	0.581741
2014-05-07 00:00:00	-9.65855	1.71855	2.27094	0	0.0356848	0	0.0105028	0	0	0	0	0	0	0	2.93986	-0.329408	0.0866783	0	0	0.859692	0	0	0	0.135034	-0.0216175	-1.95263
2014-05-08 00:00:00	-5.77748	-0.0201003	2.43675	0	0.0257404	0	0.0132817	0	0	0	0	0	0	0	1.37216	-0.329795	0.0867864	0	0	1.12456	0	0	0	0.13482	-0.0267791	-0.960046
2014-05-09 00:00:00	-1.4045	-0.817921	2.39342	0	-0.00491788	0	0.00292019	0	0	0	0	0	0	0	-0.587066	-0.329431	0.0867305	0	0	1.17802	0	0	0	0.134418	-0.0282511	0.62342
2014-05-10 00:00:00	-10.3955	0.853805	2.30842	0	0.0105987	-0.0133178	0.0499725	0	0	0	0	0	0	0	3.51315	-0.32988	0.0868348	0	0	1.34137	0	0	0	0.134206	-0.0293478	-2.46968
2014-05-11 00:00:00	-2.40901	-0.0292695	2.32326	0	-0.00373876	-0.000472921	0.00552766	0	0	0	0	0	0	0	-0.651191	-0.329875	0.0868589	0	0	1.46982	0	0	0	0.133968	-0.0333173	0.562565
2014-05-12 00:00:00	-2.41801	0.0233719	2.26205	0	-0.000587941	0	0.0035691	0	0	0	0	0	0	0	-0.324628	-0.329304	0.0867584	0	0	1.38978	0	0	0	0.133574	-0.0322927	0.794283
2014-05-13 00:00:00	0	-1.66391	3.27462	0	-0.0281734	0	0.000935176	0	0	0	0	0	0	0	-1.54193	-0.328719	0.0866408	0	0	1.27841	0	0	0	0.133306	-0.0304753	1.1807
2014-05-14 00:00:00	0	-0.0266739	3.08303	0	-0.0312511	0	0.000260485	0	0	0	0	0	0	0	-2.46221	-0.328052	0.0864837	0	0	1.08217	0	0	0	0.133013	-0.028052	1.50872
2014-05-15 00:00:00	-0.595496	-0.0178694	2.44071	0	-0.00385725	0	0.000107551	0	0	0	0	0	0	0	-1.01962	-0.326989	0.0862481	0	0	0.889716	0	0	0	0.132839	-0.0260078	1.55978
2014-05-16 00:00:00	0	-0.0199822	2.55332	0	-0.00118698	0	0.00014887	0	0	0	0	0	0	0	-2.15054	-0.326446	0.0861301	0	0	0.772749	0	0	0	0.132931	-0.023558	1.02357
2014-05-17 00:00:00	-0.2	0	2.51529	0	-0.00243402	0	0	0	0	0	0	0	0	0	-1.82525	-0.325663	0.0860088	0	0	0.67791	0	0	0	0.132352	-0.0210072	1.0372
2014-05-18 00:00:00	0	0	2.34091	0	-0.00221067	0	0	0	0	0	0	0	0	0	-1.84917	-0.324833	0.0858615	0	0	0.601523	0	0	0	0.132001	-0.0194183	0.964663
2014-05-19 00:00:00	0	0	2.85889	0	-0.00120816	0	0	0	0	0	0	0	0	0	-2.22017	-0.324131	0.0857329	0	0	0.5184	0	0	0	0.131631	-0.018193	1.03095
2014-05-20 00:00:00	-2.56622	0.0133455	2.66812	0	0.00245147	0	0	0	0	0	0	0	0	0	-0.192104	-0.323501	0.085668	0	0	0.534822	0	0	0	0.131063	-0.0164645	0.337175
2014-05-21 00:00:00	-0.590993	-0.0133455	2.56433	0	-0.000304193	0	0	0	0	0	0	0	0	0	-1.59757	-0.322866	0.0855535	0	0	0.511525	0	0	0	0.130624	-0.0168107	0.75015
2014-05-22 00:00:00	-3.80225	1.09249	2.46015	0	0.00217337	0	0.00182293	0	0	0	0	0	0	0	-0.0707584	-0.322456	0.0855146	0	0	0.53139	0	0	0	0.129977	-0.0165176	0.0915356
2014-05-23 00:00:00	-0.204504	-1.09249	2.17035	0	-7.69507E-05	0	0.00110298	0	0	0	0	0	0	0	-0.927847	-0.321726	0.0854141	0	0	0.571664	0	0	0	0.129555	-0.0175036	0.393937
2014-05-24 00:00:00	-0.0562948	0.00203076	2.10059	0	1.20557E-05	0	1.12287E-05	0	0	0	0	0	0	0	-1.79044	-0.320877	0.085237	0	0	0.537285	0	0	0	0.12923	-0.0175386	0.669247
2014-05-25 00:00:00	-8.64053	1.76099	2.71417	0	0.000102807	0	0.00671778	0	0	0	0	0	0	0	2.43698	-0.321106	0.085286	0	0	0.61034	0	0	0	0.128882	-0.0174899	-1.23567
2014-05-26 00:00:00	-1.90901	-0.751573	2.79824	0	-6.05931E-05	0	0.00187022	0	0	0	0	0	0	0	-0.480611	-0.32087	0.0852707	0	0	0.748105	0	0	0	0.128738	-0.0201132	0.279985
2014-05-27 00:00:00	-0.904504	-0.94658	2.69276	0	-2.8912E-05	0	0.000919978	0	0	0	0	0	0	0	-0.963764	-0.320223	0.0851784	0	0	0.749871	0	0	0	0.128168	-0.020531	0.501271
2014-05-28 00:00:00	-7.73603	1.73195	2.79725	0	0.000137036	0	0.00612017	0	0	0	0	0	0	0	1.63108	-0.320054	0.0851557	0	0	0.809567	0	0	0	0.12788	-0.0208632	-0.887813
2014-05-29 00:00:00	0	-1.66126	2.58108	0	-0.000203809	0	0.000892141	0	0	0	0	0	0	0	-1.15437	-0.319804	0.0851189	0	0	0.880917	0	0	0	0.127663	-0.0229981	0.517026
2014-05-30 00:00:00	0	-0.122036	2.44168	0	-8.75591E-05	0	0	0	0	0	0	0	0	0	-1.98633	-0.318809	0.0849043	0	0	0.767225	0	0	0	0.12732	-0.0226989	0.971168
2014-05-31 00:00:00	0	-0.0135052	3.34957	0	-0.00376047	0	0	0	0	0	0	0	0	0	-2.08799	-0.318046	0.0846455	0	0	0.637136	0	0	0	0.127304	-0.02093	1.75443
2014-06-01 00:00:00	-0.902252	0	2.76572	0	0.000209555	0	0	0	0	0	0	0	0	0	-1.8603	-0.317706	0.0845519	0	0	0.567968	0	0	0	0.127305	-0.0187269	0.446768
2014-06-02 00:00:00	-1.2	0	2.81982	0	0.000213937	0	0	0	0	0	0	0	0	0	-1.47403	-0.317095	0.0844155	0	0	0.531884	0	0	0	0.126332	-0.0174812	0.554064
2014-06-03 00:00:00	-3.48424	0.477796	2.94195	0	0.00197549	0	0	0	0	0	0	0	0	0	-0.202952	-0.316658	0.084322	0	0	0.560333	0	0	0	0.125939	-0.0166779	0.171789
2014-06-04 00:00:00	0	-0.477796	2.37203	0	-0.000534756	0	0	0	0	0	0	0	0	0	-1.73894	-0.315966	0.0842005	0	0	0.534564	0	0	0	0.125568	-0.0172661	0.565865
2014-06-05 00:00:00	-1.30225	0	2.63921	0	0.000294094	0	0	0	0	0	0	0	0	0	-1.17441	-0.315202	0.0841228	0	0	0.510315	0	0	0	0.125152	-0.0167052	0.550521
2014-06-06 00:00:00	0	0	2.51146	0	-0.00125488	0	0	0	0	0	0	0	0	0	-2.06729	-0.314543	0.0839896	0	0	0.457602	0	0	0	0.124743	-0.016274	0.778431
2014-06-07 00:00:00	-6.37298	1.76131	2.98194	0	0.0030854	0	0.00209772	0	0	0	0	0	0	0	0.780841	-0.314362	0.0839512	0	0	0.510469	0	0	0	0.124378	-0.0152014	-0.454469
2014-06-08 00:00:00	-0.2	-1.76131	2.92942	0	-0.000849843	0	0.000845566	0	0	0	0	0	0	0	-0.908039	-0.313949	0.0838713	0	0	0.555333	0	0	0	0.124017	-0.0168689	0.49247
2014-06-09 00:00:00	-5.37298	1.47568	3.09071	0	0.000931688	0	0.00256873	0	0	0	0	0	0	0	0.0598764	-0.313396	0.0837504	0	0	0.604855	0	0	0	0.123761	-0.0171832	-0.261424
2014-06-10 00:00:00	-3.19099	0.0597499	3.08445	0	-0.000129005	0	0.00189125	0	0	0	0	0	0	0	-0.0290878	-0.313128	0.0837021	0	0	0.627308	0	0	0	0.123325	-0.0183508	0.42874
2014-06-11 00:00:00	0	-1.53542	2.87589	0	-0.00057983	0	0.000858486	0	0	0	0	0	0	0	-1.49227	-0.312654	0.0836068	0	0	0.6377	0	0	0	0.122895	-0.0187504	0.361273
2014-06-12 00:00:00	0	0	2.5987	0	-0.00046877	0	0	0	0	0	0	0	0	0	-2.11222	-0.311715	0.0832985	0	0	0.548604	0	0	0	0.122575	-0.0184725	0.910298
2014-06-13 00:00:00	-2.2045	0	3.26031	0	-0.00109309	0	0	0	0	0	0	0	0	0	-0.65171	-0.311145	0.0831907	0	0	0.527891	0	0	0	0.121886	-0.0169835	0.807841
2014-06-14 00:00:00	-0.2	0	2.80171	0	-0.00144813	0	0	0	0	0	0	0	0	0	-2.54502	-0.310865	0.083093	0	0	0.463595	0	0	0	0.121813	-0.0166105	0.396266
2014-06-15 00:00:00	0	0	2.53347	0	-0.00113033	0	0	0	0	0	0	0	0	0	-2.20033	-0.310257	0.0829048	0	0	0.405857	0	0	0	0.121119	-0.015144	0.61649
2014-06-16 00:00:00	0	0	2.68984	0	-0.000315153	0	0	0	0	0	0	0	0	0	-2.1652	-0.30953	0.0827017	0	0	0.347739	0	0	0	0.120762	-0.014056	0.751936
2014-06-17 00:00:00	0	0	3.32054	0	-9.82814E-05	0	0	0	0	0	0	0	0	0	-2.68798	-0.308589	0.0825098	0	0	0.28	0	0	0	0.120423	-0.0128281	0.793976
2014-06-18 00:00:00	0	0	2.90771	0	-3.44847E-05	0	0	0	0	0	0	0	0	0	-2.32592	-0.307907	0.0823632	0	0	0.227596	0	0	0	0.120065	-0.0116568	0.692214
2014-06-19 00:00:00	0	0	2.49349	0	0	0	0	0	0	0	0	0	0	0	-2.16451	-0.306975	0.0822335	0	0	0.207125	0	0	0	0.119514	-0.0108621	0.420021
2014-06-20 00:00:00	0	0	2.82592	0	0	0	0	0	0	0	0	0	0	0	-2.36954	-0.30631	0.0820841	0	0	0.181782	0	0	0	0.118795	-0.0105336	0.52219
2014-06-21 00:00:00	0	0	2.46895	0	0	0	0	0	0	0	0	0	0	0	-2.05589	-0.305605	0.0819362	0	0	0.17069	0	0	0	0.118346	-0.0101165	0.468313
2014-06-22 00:00:00	0	0	2.42258	0	0	0	0	0	0	0	0	0	0	0	-2.11569	-0.304716	0.081843	0	0	0.16373	0	0	0	0.117354	-0.00992134	0.355181
2014-06-23 00:00:00	0	0	2.40371	0	0	0	0	0	0	0	0	0	0	0	-2.06469	-0.304096	0.0817065	0	0	0.159505	0	0	0	0.116663	-0.00979283	0.383008
2014-06-24 00:00:00	0	0	2.42772	0	0	0	0	0	0	0	0	0	0	0	-2.08435	-0.303435	0.0815679	0	0	0.15511	0	0	0	0.115973	-0.00970565	0.382879
2014-06-25 00:00:00	0	0	2.26164	0	0	0	0	0	0	0	0	0	0	0	-1.79846	-0.302811	0.0814134	0	0	0.154309	0	0	0	0.114991	-0.00961109	0.50147
2014-06-26 00:00:00	0	0	2.3608	0	0	0	0	0	0	0	0	0	0	0	-2.05217	-0.301911	0.0811478	0	0	0.152463	0	0	0	0.114535	-0.00958585	0.345277
2014-06-27 00:00:00	0	0	1.98332	0	0	0	0	0	0	0	0	0	0	0	-1.69524	-0.301225	0.0809308	0	0	0.156042	0	0	0	0.11386	-0.00953744	0.328152
2014-06-28 00:00:00	0	0	2.15418	0	0	0	0	0	0	0	0	0	0	0	-1.75005	-0.300615	0.0807842	0	0	0.157679	0	0	0	0.113384	-0.00959521	0.445768
2014-06-29 00:00:00	0	0	2.17841	0	0	0	0	0	0	0	0	0	0	0	-1.91581	-0.300075	0.0806354	0	0	0.157836	0	0	0	0.112918	-0.00961536	0.304299
2014-06-30 00:00:00	0	0	2.59607	0	0	0	0	0	0	0	0	0	0	0	-2.13282	-0.299433	0.0804022	0	0	0.151184	0	0	0	0.112446	-0.00961063	0.49824
2014-07-01 00:00:00	0	0	3.32361	0	0	0	0	0	0	0	0	0	0	0	-2.75457	-0.298616	0.080293	0	0	0.132217	0	0	0	0.111992	-0.00947765	0.585457
2014-07-02 00:00:00	0	0	2.24366	0	0	0	0	0	0	0	0	0	0	0	-1.97263	-0.297826	0.0801106	0	0	0.12791	0	0	0	0.111568	-0.0091039	0.28368
2014-07-03 00:00:00	0	0	2.25499	0	0	0	0	0	0	0	0	0	0	0	-1.89158	-0.29704	0.0800109	0	0	0.126741	0	0	0	0.11112	-0.0090266	0.375222
2014-07-04 00:00:00	0	0	2.2909	0	0	0	0	0	0	0	0	0	0	0	-1.96081	-0.296346	0.0797553	0	0	0.126703	0	0	0	0.110678	-0.0090053	0.341875
2014-07-05 00:00:00	0	0	2.11811	0	0	0	0	0	0	0	0	0	0	0	-1.83983	-0.295716	0.0796061	0	0	0.128286	0	0	0	0.110232	-0.00899441	0.291689
2014-07-06 00:00:00	-3.61126	0.458203	3.0542	0	-6.03925E-11	0	0	0	0	0	0	0	0	0	0.049737	-0.295022	0.0794613	0	0	0.161564	0	0	0	0.109787	-0.0090207	-0.00235218
2014-07-07 00:00:00	0	-0.458203	2.52017	0	0	0	0	0	0	0	0	0	0	0	-1.86813	-0.294515	0.0791693	0	0	0.168109	0	0	0	0.109373	-0.00966319	0.246308
2014-07-08 00:00:00	-7.42252	2.03445	2.96289	0	2.61446E-06	0	0	0	0	0	0	0	0	0	1.36729	-0.294375	0.0791266	0	0	0.202426	0	0	0	0.108715	-0.0100067	-0.971997
2014-07-09 00:00:00	0	-2.03445	4.12033	0	0	0	0	0	0	0	0	0	0	0	-1.79365	-0.293876	0.0791292	0	0	0.248318	0	0	0	0.108539	-0.0111141	0.423225
2014-07-10 00:00:00	0	0	4.2623	0	0	0	0	0	0	0	0	0	0	0	-3.712	-0.292821	0.0789255	0	0	0.196265	0	0	0	0.107548	-0.0110279	0.629196
2014-07-11 00:00:00	0	0	3.26727	0	0	0	0	0	0	0	0	0	0	0	-2.41935	-0.291455	0.0787364	0	0	0.160826	0	0	0	0.106941	-0.0101481	0.89282
2014-07-12 00:00:00	-3.71126	0.0941615	3.55929	0	4.53194E-09	0	0	0	0	0	0	0	0	0	-0.444794	-0.291182	0.0784874	0	0	0.179382	0	0	0	0.107082	-0.00966406	-0.438493
2014-07-13 00:00:00	-4.81351	1.25032	3.32112	0	1.24625E-10	0	0	0	0	0	0	0	0	0	0.125985	-0.290577	0.0783912	0	0	0.219821	0	0	0	0.106102	-0.00999382	-0.0123435
2014-07-14 00:00:00	-1.90676	-1.05227	3.10445	0	-3.83999E-12	0	0	0	0	0	0	0	0	0	-0.678801	-0.289838	0.0782762	0	0	0.25189	0	0	0	0.10577	-0.0106949	-0.397975
2014-07-15 00:00:00	0	-0.292205	2.34737	0	0	0	0	0	0	0	0	0	0	0	-1.67558	-0.28938	0.0781696	0	0	0.253705	0	0	0	0.105191	-0.0113103	0.515961
2014-07-16 00:00:00	-2.70676	0	3.27444	0	-4.85176E-10	0	0	0	0	0	0	0	0	0	-0.768785	-0.288591	0.0779931	0	0	0.262722	0	0	0	0.105011	-0.0111895	-0.0551491
2014-07-17 00:00:00	0	0	2.76188	0	0	0	0	0	0	0	0	0	0	0	-2.3443	-0.288114	0.0778232	0	0	0.24474	0	0	0	0.104469	-0.0112785	0.545217
2014-07-18 00:00:00	0	0	2.38403	0	0	0	0	0	0	0	0	0	0	0	-1.85887	-0.287304	0.0773811	0	0	0.213177	0	0	0	0.10423	-0.0109021	0.621742
2014-07-19 00:00:00	-2.80901	0	3.29343	0	4.81744E-11	0	0	0	0	0	0	0	0	0	-0.726336	-0.286825	0.0772957	0	0	0.225519	0	0	0	0.103897	-0.0105701	-0.132593
2014-07-20 00:00:00	0	0	2.31392	0	0	0	0	0	0	0	0	0	0	0	-2.15829	-0.285894	0.0771606	0	0	0.212003	0	0	0	0.102726	-0.0107697	0.250863
2014-07-21 00:00:00	0	0	2.60282	0	0	0	0	0	0	0	0	0	0	0	-2.28545	-0.284977	0.0769446	0	0	0.187326	0	0	0	0.102139	-0.0105288	0.388271
2014-07-22 00:00:00	0	0	2.6734	0	0	0	0	0	0	0	0	0	0	0	-2.38595	-0.284345	0.0768933	0	0	0.163639	0	0	0	0.101817	-0.0100987	0.335351
2014-07-23 00:00:00	0	0	3.00855	0	0	0	0	0	0	0	0	0	0	0	-2.71903	-0.283123	0.076713	0	0	0.138169	0	0	0	0.101502	-0.00967283	0.313104
2014-07-24 00:00:00	-0.2	0	2.69219	0	0	0	0	0	0	0	0	0	0	0	-2.22787	-0.28231	0.0765404	0	0	0.123587	0	0	0	0.101013	-0.00918177	0.273968
2014-07-25 00:00:00	0	0	2.84095	0	0	0	0	0	0	0	0	0	0	0	-2.44585	-0.281754	0.0763568	0	0	0.104861	0	0	0	0.100683	-0.0088925	0.386359
2014-07-26 00:00:00	-3.78199	0	4.4122	0	1.1293E-10	0	0	0	0	0	0	0	0	0	-0.629268	-0.281091	0.0762308	0	0	0.121998	0	0	0	0.0996486	-0.00850371	0.00922687
2014-07-27 00:00:00	-6.94145	2.01489	3.10552	0	-2.96726E-10	0	0	0	0	0	0	0	0	0	1.30876	-0.280772	0.076166	0	0	0.157167	0	0	0	0.0990506	-0.00910146	-0.469769
2014-07-28 00:00:00	0	-2.01489	3.77033	0	0	0	0	0	0	0	0	0	0	0	-1.81137	-0.280021	0.07601	0	0	0.195909	0	0	0	0.0990635	-0.00993344	0.0250923
2014-07-29 00:00:00	0	0	2.29662	0	0	0	0	0	0	0	0	0	0	0	-1.59936	-0.279177	0.0757403	0	0	0.186368	0	0	0	0.0985204	-0.0102384	0.768472
2014-07-30 00:00:00	-1.1955	0	2.61144	0	0	0	0	0	0	0	0	0	0	0	-1.57554	-0.278733	0.0756301	0	0	0.182916	0	0	0	0.0986622	-0.0101151	-0.0912288
2014-07-31 00:00:00	-11.0018	1.921	3.01248	0	-1.10727E-05	0	0	0	0	0	0	0	0	0	4.41844	-0.27852	0.0756419	0	0	0.30059	0	0	0	0.0980077	-0.0100414	-1.46425
2014-08-01 00:00:00	-0.4	-1.75863	2.80237	0	-2.83391E-06	0	0	0	0	0	0	0	0	0	-0.413354	-0.277927	0.0755154	0	0	0.329341	0	0	0	0.0981747	-0.0120048	0.443486
2014-08-02 00:00:00	-13.4874	2.07218	2.95067	0	0.00361583	0	0	0	0	0	0	0	0	0	6.12139	-0.278128	0.0755878	0	0	0.459406	0	0	0	0.0977486	-0.0132512	-1.99819
2014-08-03 00:00:00	-4.60901	-0.0798302	2.90765	0	0.00657501	0	0	0	0	0	0	0	0	0	1.00657	-0.277743	0.0755561	0	0	0.556635	0	0	0	0.0978215	-0.0168659	-0.332641
2014-08-04 00:00:00	-0.204504	-1.98452	2.88765	0	-0.00717423	0	0	0	0	0	0	0	0	0	-1.00122	-0.277228	0.0754516	0	0	0.56184	0	0	0	0.0975596	-0.0174744	0.130377
2014-08-05 00:00:00	-0.395496	-0.163171	3.95759	0	-0.00304123	0	0	0	0	0	0	0	0	0	-2.83669	-0.276286	0.0751761	0	0	0.47279	0	0	0	0.0973368	-0.0172188	0.910992
2014-08-06 00:00:00	-12.7955	2.24169	3.01845	0	0.0472242	-0.00287302	0.00369151	0	0	0	0	0	0	0	4.97638	-0.276595	0.0752711	0	0	0.581536	0	0	0	0.097453	-0.01591	-2.04918
2014-08-07 00:00:00	-0.195496	-2.02506	2.84099	0	-0.0133454	-0.000421077	0.000915948	0	0	0	0	0	0	0	-0.623413	-0.276172	0.075208	0	0	0.622418	0	0	0	0.0974816	-0.0186699	0.484437
2014-08-08 00:00:00	-8.29191	1.99664	2.99359	0	0.0327132	-0.00608227	0.00985641	0	0	0	0	0	0	0	1.9895	-0.275801	0.0751373	0	0	0.640583	0	0	0	0.0973692	-0.0186104	-0.757017
2014-08-09 00:00:00	0	-2.04992	2.73929	0	-0.0144453	-0.000264557	0.00153407	0	0	0	0	0	0	0	-0.897981	-0.275227	0.075062	0	0	0.664974	0	0	0	0.0973544	-0.0193577	0.321021
2014-08-10 00:00:00	-14.5865	2.1823	2.78508	0	0.0175706	-0.0224949	0.0632171	0	0	0	0	0	0	0	6.61996	-0.274919	0.0750898	0	0	0.761742	0	0	0	0.0974093	-0.0200697	-2.3016
2014-08-11 00:00:00	-2.79324	-0.193344	2.89965	0	-0.00296097	-0.000625111	0.00338448	0	0	0	0	0	0	0	-0.297047	-0.2749	0.0751362	0	0	0.862574	0	0	0	0.097727	-0.022914	0.353439
2014-08-12 00:00:00	-8.97748	0.188454	2.52028	0	0.00266209	-0.0160475	0.0454488	0	0	0	0	0	0	0	4.07769	-0.274816	0.0751341	0	0	0.914998	0	0	0	0.0976432	-0.0235567	-1.36959
2014-08-13 00:00:00	0	-2.16155	2.87685	0	-0.0156723	-0.000326369	0.00214362	0	0	0	0	0	0	0	-1.01769	-0.274196	0.0748452	0	0	0.936635	0	0	0	0.0976887	-0.0250473	0.493687
2014-08-14 00:00:00	-0.209007	-0.130478	2.61067	0	-0.0324398	0	0	0	0	0	0	0	0	0	-2.10024	-0.273496	0.0746705	0	0	0.81989	0	0	0	0.0976172	-0.0231937	0.833996
2014-08-15 00:00:00	-1.01801	-0.00839224	2.56404	0	-0.014541	0	0	0	0	0	0	0	0	0	-1.34411	-0.272605	0.074526	0	0	0.713519	0	0	0	0.0974705	-0.021319	0.770578
2014-08-16 00:00:00	-2.21351	-0.00212246	2.68193	0	0.00102218	0	0	0	0	0	0	0	0	0	-1.1558	-0.272212	0.0741998	0	0	0.681368	0	0	0	0.0973962	-0.0198778	-0.127613
2014-08-17 00:00:00	-1.6	-0.00831	2.55322	0	-0.00242201	0	0	0	0	0	0	0	0	0	-1.11773	-0.27171	0.073969	0	0	0.651466	0	0	0	0.0968702	-0.0191463	0.356204
2014-08-18 00:00:00	-2.96848	0.448513	2.49197	0	0.000707678	0	0.000349833	0	0	0	0	0	0	0	-0.360003	-0.270287	0.0739516	0	0	0.625689	0	0	0	0.0967106	-0.0186173	0.120507
2014-08-19 00:00:00	-1.78649	-0.415427	2.59667	0	-4.54531E-05	0	0.000576671	0	0	0	0	0	0	0	-0.854657	-0.269567	0.0738612	0	0	0.614897	0	0	0	0.0964525	-0.0184	0.0378765
2014-08-20 00:00:00	-0.00450358	-0.0638841	2.12656	0	-0.00140867	0	0	0	0	0	0	0	0	0	-2.25447	-0.268756	0.0736988	0	0	0.553845	0	0	0	0.0962354	-0.0182187	0.239097
2014-08-21 00:00:00	-14.045	2.42851	2.2757	0	0.0654113	-0.00592608	0.0207069	0	0	0	0	0	0	0	6.44023	-0.268867	0.0737714	0	0	0.678056	0	0	0	0.0962996	-0.0182174	-2.25936
2014-08-22 00:00:00	-2.41801	-0.0362953	2.23558	0	-0.00316278	-0.00105333	0.00402904	0	0	0	0	0	0	0	-0.29077	-0.268843	0.0737738	0	0	0.805738	0	0	0	0.096524	-0.0214816	0.176022
2014-08-23 00:00:00	-3	0.0469748	2.22006	0	0.000248431	-0.0017921	0.00644731	0	0	0	0	0	0	0	0.0448831	-0.268335	0.0736922	0	0	0.792294	0	0	0	0.0962963	-0.0212048	-0.0104378
2014-08-24 00:00:00	0	-2.01113	2.31334	0	-0.00705344	-5.32129E-05	0.00159919	0	0	0	0	0	0	0	-0.65855	-0.267796	0.0736091	0	0	0.76647	0	0	0	0.096089	-0.0208944	0.285636
2014-08-25 00:00:00	0	-0.379844	2.72053	0	-0.0346367	0	1.99395E-05	0	0	0	0	0	0	0	-2.22387	-0.26669	0.07311	0	0	0.697016	0	0	0	0.0959042	-0.0201071	0.661436
2014-08-26 00:00:00	0	-0.0178016	2.39509	0	-0.0199031	0	0	0	0	0	0	0	0	0	-2.51582	-0.265982	0.0730331	0	0	0.585943	0	0	0	0.095751	-0.0191219	0.311192
2014-08-27 00:00:00	-0.2	-0.0218704	3.03223	0	-0.00539913	0	0	0	0	0	0	0	0	0	-2.08193	-0.264219	0.0728248	0	0	0.507751	0	0	0	0.0950845	-0.0177243	1.11675
2014-08-28 00:00:00	-1.3955	-0.00925472	2.48163	0	4.34792E-06	0	0	0	0	0	0	0	0	0	-1.52972	-0.263925	0.072748	0	0	0.480788	0	0	0	0.0950779	-0.0161568	-0.0843065
2014-08-29 00:00:00	-15.0135	2.48882	2.48855	0	0.069916	-0.00682232	0.020341	0	0	0	0	0	0	0	6.91045	-0.264426	0.0728859	0	0	0.688919	0	0	0	0.0940605	-0.0162407	-2.46707
2014-08-30 00:00:00	-0.2	-1.9961	2.48297	0	-0.00991908	-0.000568521	0.00290332	0	0	0	0	0	0	0	-0.53903	-0.263948	0.0728487	0	0	0.763806	0	0	0	0.094476	-0.0206854	0.386752
2014-08-31 00:00:00	-1.5955	-0.302113	2.39205	0	-0.00758306	0	0.000617185	0	0	0	0	0	0	0	-1.03208	-0.263379	0.072709	0	0	0.73082	0	0	0	0.0942607	-0.0202927	0.0695189
2014-09-01 00:00:00	-0.795496	-0.148529	2.4077	0	-0.0207702	0	0	0	0	0	0	0	0	0	-1.49744	-0.262844	0.072561	0	0	0.679854	0	0	0	0.0940413	-0.0196646	0.509409
2014-09-02 00:00:00	0	-0.0161678	2.19799	0	-0.0226663	0	0	0	0	0	0	0	0	0	-2.29124	-0.262139	0.0723914	0	0	0.594126	0	0	0	0.0939434	-0.0188925	0.34735
2014-09-03 00:00:00	-0.00450358	-0.0149414	2.13194	0	-0.00642947	0	0	0	0	0	0	0	0	0	-2.1209	-0.261005	0.0721986	0	0	0.535601	0	0	0	0.0936561	-0.0175508	0.408067
2014-09-04 00:00:00	0	-0.0149138	2.10343	0	-0.00138137	0	0	0	0	0	0	0	0	0	-1.95277	-0.260628	0.0720772	0	0	0.484873	0	0	0	0.0934912	-0.0162024	0.507977
2014-09-05 00:00:00	-1.6	-0.00148326	2.08084	0	0.000155777	0	0	0	0	0	0	0	0	0	-0.474649	-0.259662	0.0716655	0	0	0.470718	0	0	0	0.093421	-0.0153062	0.365694
2014-09-06 00:00:00	-0.2	0	1.87193	0	-0.000793616	0	0	0	0	0	0	0	0	0	-1.93947	-0.259285	0.0716311	0	0	0.443788	0	0	0	0.093158	-0.0152627	0.065703
2014-09-07 00:00:00	0	0	1.99974	0	-0.000669984	0	0	0	0	0	0	0	0	0	-1.96882	-0.258156	0.0714445	0	0	0.408179	0	0	0	0.0927811	-0.0147032	0.329799
2014-09-08 00:00:00	-0.2	0	2.29541	0	-7.56127E-05	0	0	0	0	0	0	0	0	0	-1.91779	-0.257607	0.0714066	0	0	0.373022	0	0	0	0.0925803	-0.0140677	0.442874
2014-09-09 00:00:00	0	0	1.76346	0	-3.17496E-05	0	0	0	0	0	0	0	0	0	-1.82132	-0.25707	0.0712831	0	0	0.350651	0	0	0	0.0923743	-0.0134844	0.18586
2014-09-10 00:00:00	0	0	2.22095	0	0	0	0	0	0	0	0	0	0	0	-2.1589	-0.256168	0.0712	0	0	0.321423	0	0	0	0.0918752	-0.0128628	0.277516
2014-09-11 00:00:00	0	0	2.14301	0	0	0	0	0	0	0	0	0	0	0	-2.0417	-0.255507	0.0710073	0	0	0.296597	0	0	0	0.0916841	-0.0123106	0.292785
2014-09-12 00:00:00	-0.00450358	0	1.79953	0	0	0	0	0	0	0	0	0	0	0	-1.7881	-0.254358	0.0709245	0	0	0.283518	0	0	0	0.091484	-0.0118844	0.186608
2014-09-13 00:00:00	0	0	1.83496	0	0	0	0	0	0	0	0	0	0	0	-1.72659	-0.253923	0.0708156	0	0	0.272652	0	0	0	0.091269	-0.0116638	0.277526
2014-09-14 00:00:00	0	0	1.49149	0	0	0	0	0	0	0	0	0	0	0	-1.54611	-0.253078	0.0706835	0	0	0.270397	0	0	0	0.0910528	-0.0114802	0.112953
2014-09-15 00:00:00	-3.00901	1.0371	1.80876	0	-4.09569E-09	0	0	0	0	0	0	0	0	0	-0.267513	-0.252793	0.0705866	0	0	0.306686	0	0	0	0.09058	-0.0114339	-0.227034
2014-09-16 00:00:00	0	-1.0371	1.78838	0	0	0	0	0	0	0	0	0	0	0	-1.31826	-0.252184	0.0705162	0	0	0.327433	0	0	0	0.0903952	-0.012042	-0.342865
2014-09-17 00:00:00	0	0	1.4424	0	0	0	0	0	0	0	0	0	0	0	-1.36881	-0.251502	0.0702315	0	0	0.325458	0	0	0	0.0900709	-0.0123886	0.295459
2014-09-18 00:00:00	0	0	1.59675	0	0	0	0	0	0	0	0	0	0	0	-1.42489	-0.25088	0.0695507	0	0	0.313726	0	0	0	0.0899777	-0.0122757	0.381955
2014-09-19 00:00:00	0	0	1.43628	0	0	0	0	0	0	0	0	0	0	0	-1.61621	-0.250353	0.069682	0	0	0.30246	0	0	0	0.0899055	-0.0121167	0.0196487
2014-09-20 00:00:00	-3.2	1.13213	1.88546	0	2.29113E-09	0	0	0	0	0	0	0	0	0	-0.210062	-0.249479	0.069597	0	0	0.335183	0	0	0	0.0890461	-0.0119148	-0.160039
2014-09-21 00:00:00	-0.00450358	-1.13213	1.7426	0	0	0	0	0	0	0	0	0	0	0	-0.844635	-0.249089	0.0692325	0	0	0.353395	0	0	0	0.0888681	-0.0124442	0.0112886
2014-09-22 00:00:00	0	0	1.58356	0	0	0	0	0	0	0	0	0	0	0	-1.64004	-0.248706	0.0690049	0	0	0.33762	0	0	0	0.088628	-0.012811	0.177256
2014-09-23 00:00:00	-2.2045	0.376996	1.77179	0	7.2137E-09	0	0	0	0	0	0	0	0	0	-0.287134	-0.248222	0.068936	0	0	0.362112	0	0	0	0.0882196	-0.0125122	-0.0843176
2014-09-24 00:00:00	-0.4	-0.376996	1.35376	0	0	0	0	0	0	0	0	0	0	0	-0.959856	-0.247221	0.0688796	0	0	0.3764	0	0	0	0.0878973	-0.0131395	-0.110276
2014-09-25 00:00:00	-0.2	0	1.35397	0	0	0	0	0	0	0	0	0	0	0	-1.28211	-0.246878	0.0687971	0	0	0.374032	0	0	0	0.0877054	-0.0134568	0.142063
2014-09-26 00:00:00	-0.804504	0	1.37801	0	0	0	0	0	0	0	0	0	0	0	-0.945526	-0.245928	0.0686887	0	0	0.376701	0	0	0	0.0875086	-0.0132733	-0.0983253
2014-09-27 00:00:00	-0.00450358	0	1.09004	0	0	0	0	0	0	0	0	0	0	0	-0.8523	-0.245386	0.0685839	0	0	0.373292	0	0	0	0.0868966	-0.0134049	0.503223
2014-09-28 00:00:00	0	0	1.14866	0	0	0	0	0	0	0	0	0	0	0	-1.55364	-0.245062	0.0682951	0	0	0.358986	0	0	0	0.0871129	-0.0132185	-0.148866
2014-09-29 00:00:00	0	0	1.11309	0	0	0	0	0	0	0	0	0	0	0	-1.29292	-0.244606	0.068161	0	0	0.350001	0	0	0	0.08671	-0.0128821	0.0675553
2014-09-30 00:00:00	0	0	1.08099	0	0	0	0	0	0	0	0	0	0	0	-1.13043	-0.244155	0.0681272	0	0	0.343187	0	0	0	0.0865444	-0.0126993	0.191563
2014-10-01 00:00:00	-0.902252	0	1.57729	0	0	0	0	0	0	0	0	0	0	0	-0.898717	-0.243643	0.0680377	0	0	0.348392	0	0	0	0.0863743	-0.0125645	0.022918
2014-10-02 00:00:00	-0.2	0	1.10499	0	0	0	0	0	0	0	0	0	0	0	-1.12991	-0.243027	0.0679683	0	0	0.348591	0	0	0	0.0861905	-0.0126611	0.022139
2014-10-03 00:00:00	-31.9865	2.66729	1.4481	0	0.0756923	-0.0175267	0.0547554	0	0	0	0	0	0	0	20.7269	-0.243594	0.0681838	0	0	0.807015	0	0	0	0.0862407	-0.0190627	-6.33249
2014-10-04 00:00:00	-29.9324	0.0036884	1.15834	0	0.0260925	-0.0759963	0.206565	0	0	0	0	0	0	0	20.0843	-0.244797	0.0685466	0	0	1.97801	0	0	0	0.087392	-0.0360777	-6.67636
2014-10-05 00:00:00	-0.502252	-0.677286	1.25662	0	-0.0368411	-0.00107508	0.00345878	0	0	0	0	0	0	0	-0.754888	-0.244917	0.068597	0	0	2.33894	0	0	0	0.0882703	-0.0432574	1.49538
2014-10-06 00:00:00	-0.502252	-0.619388	1.22159	0	-0.00230866	0	0.00113789	0	0	0	0	0	0	0	-0.739332	-0.244308	0.0685116	0	0	2.05759	0	0	0	0.0882904	-0.0400405	1.28948
2014-10-07 00:00:00	-0.702252	-0.467459	1.24462	0	-0.00176479	0	0.00120296	0	0	0	0	0	0	0	-0.590728	-0.243784	0.0684356	0	0	1.81997	0	0	0	0.0882842	-0.0374008	1.17912
2014-10-08 00:00:00	-0.990993	-0.255237	1.28431	0	-0.000960534	0	0.00123142	0	0	0	0	0	0	0	-0.568923	-0.243313	0.0683813	0	0	1.62521	0	0	0	0.0882572	-0.0351016	0.972866
2014-10-09 00:00:00	-0.2	-0.407081	1.08284	0	-0.00730108	0	0.000537513	0	0	0	0	0	0	0	-0.934856	-0.242667	0.0683071	0	0	1.45769	0	0	0	0.0882183	-0.03294	0.872753
2014-10-10 00:00:00	-0.2	-0.181636	1.03794	0	-0.00928995	0	0.0002266	0	0	0	0	0	0	0	-1.03084	-0.242153	0.0682176	0	0	1.30354	0	0	0	0.088221	-0.0302907	0.803935
2014-10-11 00:00:00	0	-0.00731477	1.04978	0	-0.0139243	0	0	0	0	0	0	0	0	0	-1.24665	-0.241515	0.0681359	0	0	1.16403	0	0	0	0.0881813	-0.0284043	0.832322
2014-10-12 00:00:00	-14.955	2.61866	1.04964	0	0.0411969	-0.0220723	0.0628295	0	0	0	0	0	0	0	7.24132	-0.241882	0.0683053	0	0	1.28207	0	0	0	0.0885028	-0.0285539	-2.79495
2014-10-13 00:00:00	-5.7955	-0.0115253	0.94466	0	-0.00140911	-0.0131503	0.0373395	0	0	0	0	0	0	0	2.818	-0.242745	0.0684395	0	0	1.51926	0	0	0	0.089136	-0.0339125	-0.621396
2014-10-14 00:00:00	-0.2	-0.708331	0.992594	0	-0.00430162	-0.000347143	0.00243109	0	0	0	0	0	0	0	-0.634477	-0.242487	0.0683981	0	0	1.46078	0	0	0	0.0893195	-0.0331834	0.790391
2014-10-15 00:00:00	0	-0.862666	1.00267	0	-0.00317444	0	0.000899879	0	0	0	0	0	0	0	-0.441617	-0.241893	0.0683037	0	0	1.31432	0	0	0	0.0892866	-0.03125	0.894882
2014-10-16 00:00:00	-2.6045	1.2988	1.07665	0	0.00420905	0	0.00126787	0	0	0	0	0	0	0	-0.35247	-0.240895	0.0682556	0	0	1.21809	0	0	0	0.0892449	-0.0291058	0.529546
2014-10-17 00:00:00	-3.1955	0.277005	1.17504	0	0.00199434	-0.00426854	0.0125983	0	0	0	0	0	0	0	0.569463	-0.240626	0.068235	0	0	1.17854	0	0	0	0.0892369	-0.0280589	-0.0963425
2014-10-18 00:00:00	-11.955	0.00562835	1.18817	0	0.0021702	-0.0280776	0.0782905	0	0	0	0	0	0	0	6.7479	-0.241555	0.0684164	0	0	1.36041	0	0	0	0.0895811	-0.0299158	-2.71394
2014-10-19 00:00:00	-4.18199	-0.0108076	1.11035	0	-0.0016405	-0.0084927	0.0245036	0	0	0	0	0	0	0	1.46172	-0.242096	0.0685207	0	0	1.50409	0	0	0	0.0900829	-0.0338548	-0.219611
2014-10-20 00:00:00	-2.38649	-0.0134392	1.01903	0	-0.000614944	-0.00378374	0.0113786	0	0	0	0	0	0	0	0.513708	-0.241921	0.0685077	0	0	1.45161	0	0	0	0.0901697	-0.0333084	0.474847
2014-10-21 00:00:00	-1.5955	0.00349941	0.867682	0	-0.00044601	-0.0019528	0.00666527	0	0	0	0	0	0	0	-0.0383529	-0.241582	0.0684586	0	0	1.36454	0	0	0	0.0902543	-0.0314439	0.491831
2014-10-22 00:00:00	0	-0.805883	0.90695	0	-0.00286435	-9.04592E-05	0.00147294	0	0	0	0	0	0	0	-0.774193	-0.240991	0.0683622	0	0	1.24364	0	0	0	0.0902682	-0.030147	0.456521
2014-10-23 00:00:00	-2.2045	0.784867	1.0021	0	0.0031616	-0.00057687	0.00266376	0	0	0	0	0	0	0	-0.0317014	-0.240628	0.0682977	0	0	1.16877	0	0	0	0.0900865	-0.0286332	0.61391
2014-10-24 00:00:00	-0.702252	-0.217074	0.889696	0	-0.000883668	-0.000221834	0.00181866	0	0	0	0	0	0	0	-0.704096	-0.239824	0.0681791	0	0	1.07044	0	0	0	0.0900762	-0.0276798	0.228178
2014-10-25 00:00:00	-0.4	-0.437985	0.908821	0	-0.00181154	0	0.00114209	0	0	0	0	0	0	0	-0.365238	-0.239055	0.0681547	0	0	1.01406	0	0	0	0.0899762	-0.0263484	0.611716
2014-10-26 00:00:00	-8.57748	0.65176	0.936584	0	0.00445229	-0.0176622	0.0498496	0	0	0	0	0	0	0	4.03706	-0.239604	0.0682438	0	0	1.09798	0	0	0	0.0900728	-0.0265688	-1.92531
2014-10-27 00:00:00	-1.50225	-0.0178695	0.832587	0	-0.00200693	-0.00215607	0.00708801	0	0	0	0	0	0	0	-0.0604884	-0.239731	0.0682745	0	0	1.17712	0	0	0	0.0903928	-0.0284722	0.322491
2014-10-28 00:00:00	-13.9865	-0.008479	1.18783	0	0.00386678	-0.0331738	0.0923618	0	0	0	0	0	0	0	7.87003	-0.241039	0.0685381	0	0	1.39977	0	0	0	0.0907749	-0.0309078	-3.58692
2014-10-29 00:00:00	-0.2	-0.400463	0.635283	0	-0.0053267	-0.000648442	0.00355041	0	0	0	0	0	0	0	-0.61635	-0.241506	0.0686714	0	0	1.52954	0	0	0	0.0912782	-0.0345405	0.829486
2014-10-30 00:00:00	-0.2	-0.505592	0.788213	0	-0.00190783	0	0.00129724	0	0	0	0	0	0	0	-0.535262	-0.240972	0.0685938	0	0	1.3895	0	0	0	0.0912386	-0.0321978	0.822912
2014-10-31 00:00:00	-2.6045	0.887926	0.956319	0	0.00368246	-0.00132888	0.00492889	0	0	0	0	0	0	0	-0.0382046	-0.240547	0.0685278	0	0	1.28659	0	0	0	0.0911956	-0.0302848	0.384305
2014-11-01 00:00:00	-2.30676	-0.0106428	0.796489	0	-2.09475E-05	-0.00395864	0.0119962	0	0	0	0	0	0	0	0.604652	-0.240354	0.068507	0	0	1.24345	0	0	0	0.0912067	-0.0297197	0.224847
2014-11-02 00:00:00	-0.302252	-0.347858	0.676592	0	-0.00162717	-0.000156235	0.0017466	0	0	0	0	0	0	0	-0.520911	-0.239967	0.0684483	0	0	1.18207	0	0	0	0.091192	-0.0287238	0.578551
2014-11-03 00:00:00	-8.18649	0.335717	0.605208	0	0.00387346	-0.0184788	0.0519408	0	0	0	0	0	0	0	4.22023	-0.240388	0.0685618	0	0	1.25514	0	0	0	0.0913541	-0.0290878	-1.84241
2014-11-04 00:00:00	-4.21351	-0.00897378	0.610889	0	-0.00127111	-0.00961478	0.0278927	0	0	0	0	0	0	0	1.87002	-0.240979	0.0687084	0	0	1.38714	0	0	0	0.0917565	-0.031472	-0.449412
2014-11-05 00:00:00	-0.2	-0.268489	0.481436	0	-0.00225477	-0.000285156	0.00231688	0	0	0	0	0	0	0	-0.557789	-0.240739	0.0686925	0	0	1.34601	0	0	0	0.0918519	-0.0311235	0.689631
2014-11-06 00:00:00	-5.56397	0.254354	0.562516	0	0.00276085	-0.0121112	0.0345285	0	0	0	0	0	0	0	2.57379	-0.240875	0.0687358	0	0	1.34224	0	0	0	0.0919298	-0.0307679	-0.916873
2014-11-07 00:00:00	-6.21351	-0.00763998	0.589744	0	0.000160569	-0.0147259	0.0418919	0	0	0	0	0	0	0	3.04524	-0.241544	0.0688953	0	0	1.46899	0	0	0	0.0922789	-0.0325728	-1.20279
2014-11-08 00:00:00	-1.2045	-0.000618329	0.579346	0	-0.00213862	-0.00191368	0.00680711	0	0	0	0	0	0	0	-0.232836	-0.241498	0.0689244	0	0	1.46389	0	0	0	0.0925041	-0.0334481	0.494515
2014-11-09 00:00:00	0	-0.455176	0.497658	0	-0.00143927	-5.98403E-05	0.00123586	0	0	0	0	0	0	0	-0.461863	-0.241022	0.0688544	0	0	1.35012	0	0	0	0.0925041	-0.031426	0.81939
2014-11-10 00:00:00	-0.2	-0.231128	0.46948	0	-0.00092068	0	0.00148127	0	0	0	0	0	0	0	-0.497856	-0.240497	0.0687676	0	0	1.23733	0	0	0	0.092389	-0.0295729	0.669472
2014-11-11 00:00:00	-2.80901	0.654495	0.602743	0	0.00324423	-0.00344962	0.0108312	0	0	0	0	0	0	0	0.496561	-0.240234	0.0687321	0	0	1.18459	0	0	0	0.092328	-0.0287196	0.0321172
2014-11-12 00:00:00	-4.1955	-0.00465108	0.566647	0	0.000494526	-0.00944868	0.0273489	0	0	0	0	0	0	0	1.79982	-0.240441	0.0687951	0	0	1.23308	0	0	0	0.0925004	-0.0284837	-0.689842
2014-11-13 00:00:00	-2.80901	-0.00437563	0.569344	0	-0.000651506	-0.00591717	0.0178562	0	0	0	0	0	0	0	1.00361	-0.24051	0.0688303	0	0	1.26354	0	0	0	0.0926063	-0.0294863	-0.0741584
2014-11-14 00:00:00	-13.955	-0.00957559	0.591807	0	0.00313316	-0.0348284	0.0971514	0	0	0	0	0	0	0	7.9735	-0.241991	0.0691468	0	0	1.52897	0	0	0	0.0931094	-0.0330728	-3.91761
2014-11-15 00:00:00	-0.2	-0.275496	0.489443	0	-0.0046538	-0.00066788	0.0033333	0	0	0	0	0	0	0	-0.625671	-0.242485	0.0692971	0	0	1.67789	0	0	0	0.0936662	-0.0364138	0.948238
2014-11-16 00:00:00	-0.502252	0.0173449	0.484908	0	-8.78336E-05	0	0.00141412	0	0	0	0	0	0	0	-0.596523	-0.241927	0.0692118	0	0	1.51744	0	0	0	0.0936043	-0.0344005	0.808737
2014-11-17 00:00:00	-6.32252	0.235648	0.481415	0	0.00285255	-0.0141056	0.0404919	0	0	0	0	0	0	0	3.05964	-0.242235	0.0692976	0	0	1.52347	0	0	0	0.0937081	-0.0337018	-1.10604
2014-11-18 00:00:00	-0.195496	-0.280446	0.490028	0	-0.00272424	-0.000392213	0.00262401	0	0	0	0	0	0	0	-0.62192	-0.242132	0.0693133	0	0	1.5041	0	0	0	0.0939503	-0.0341568	0.78275
2014-11-19 00:00:00	-0.281065	-0.232856	0.493995	0	-0.00101593	0	0.00137882	0	0	0	0	0	0	0	-0.495343	-0.241613	0.0692377	0	0	1.36988	0	0	0	0.0938912	-0.0321383	0.744354
2014-11-20 00:00:00	-0.2	-0.182946	0.413771	0	-0.00076677	0	0.00133471	0	0	0	0	0	0	0	-0.495064	-0.241152	0.0691662	0	0	1.26299	0	0	0	0.0938493	-0.0300144	0.691165
2014-11-21 00:00:00	-4.78649	0.661412	0.415875	0	0.00442518	-0.00894053	0.0259485	0	0	0	0	0	0	0	1.97723	-0.241216	0.0691927	0	0	1.25801	0	0	0	0.0938747	-0.0292551	-0.559935
2014-11-22 00:00:00	-4.17298	-0.0130436	0.467504	0	-5.11732E-06	-0.0098422	0.0283926	0	0	0	0	0	0	0	1.94192	-0.241569	0.0692786	0	0	1.34063	0	0	0	0.0941636	-0.0299874	-0.525536
2014-11-23 00:00:00	0	-0.351719	0.379775	0	-0.00298872	-0.000292839	0.00239205	0	0	0	0	0	0	0	-0.5413	-0.24129	0.0692393	0	0	1.30448	0	0	0	0.0942793	-0.0303688	0.682202
2014-11-24 00:00:00	-0.2	-0.176122	0.40613	0	-0.000710151	0	0.00163798	0	0	0	0	0	0	0	-0.579174	-0.240673	0.0691509	0	0	1.19865	0	0	0	0.0942316	-0.0290754	0.544043
2014-11-25 00:00:00	0	-0.335738	0.392016	0	-0.00132854	0	0.00118755	0	0	0	0	0	0	0	-0.469631	-0.240237	0.06908	0	0	1.12355	0	0	0	0.0940399	-0.0280226	0.604916
2014-11-26 00:00:00	-0.2	-0.133279	0.356208	0	-0.000571978	0	0.00148278	0	0	0	0	0	0	0	-0.623977	-0.239781	0.0690074	0	0	1.05099	0	0	0	0.093993	-0.0266584	0.347415
2014-11-27 00:00:00	-1.1955	0.722074	0.387157	0	0.00173771	0	0.00137394	0	0	0	0	0	0	0	-0.493478	-0.239065	0.0689289	0	0	0.996039	0	0	0	0.0938487	-0.0261419	0.316978
2014-11-28 00:00:00	0	-0.351028	0.377837	0	-0.000661795	0	0.00146728	0	0	0	0	0	0	0	-0.488756	-0.238197	0.0688477	0	0	0.953875	0	0	0	0.0937605	-0.0252537	0.391891
2014-11-29 00:00:00	-0.195496	-0.183471	0.409733	0	-0.000563426	0	0.00129711	0	0	0	0	0	0	0	-0.548351	-0.237777	0.0687566	0	0	0.91236	0	0	0	0.0936456	-0.0242122	0.295921
2014-11-30 00:00:00	-1.18649	0.681427	0.332316	0	0.00209104	0	0.00131066	0	0	0	0	0	0	0	-0.42495	-0.237155	0.0685673	0	0	0.878243	0	0	0	0.0935636	-0.0233347	0.185589
2014-12-01 00:00:00	-1.2	0.0557336	0.335791	0	0.00132994	-0.00160113	0.00655173	0	0	0	0	0	0	0	-0.0150142	-0.236903	0.068413	0	0	0.874978	0	0	0	0.0935003	-0.0225405	-0.0397611
2014-12-02 00:00:00	-0.4	-0.00299941	0.26652	0	-0.000537411	-0.00040651	0.00257953	0	0	0	0	0	0	0	-0.401407	-0.236477	0.0683587	0	0	0.86435	0	0	0	0.0933687	-0.02305	0.230299
2014-12-03 00:00:00	-18.1505	-0.00273223	0.24986	0	0.0054535	-0.0464539	0.129192	0	0	0	0	0	0	0	10.7494	-0.238529	0.0687939	0	0	1.24978	0	0	0	0.093923	-0.0277694	-5.91957
2014-12-04 00:00:00	0	-0.275931	0.290007	0	-0.00591217	-0.000802372	0.00398785	0	0	0	0	0	0	0	-0.616565	-0.239416	0.0690759	0	0	1.53994	0	0	0	0.0946434	-0.0345985	0.824429
2014-12-05 00:00:00	-0.195496	-0.0508053	0.254954	0	-0.000209825	0	0.00166719	0	0	0	0	0	0	0	-0.76367	-0.238684	0.0689536	0	0	1.37187	0	0	0	0.0946173	-0.0333551	0.509841
2014-12-06 00:00:00	-8.18649	0.296707	0.336674	0	0.0045984	-0.0192221	0.0543707	0	0	0	0	0	0	0	4.49564	-0.239474	0.0692051	0	0	1.48847	0	0	0	0.0947984	-0.0326735	-1.63739
2014-12-07 00:00:00	-17.9595	-0.00288643	0.278292	0	0.00773871	-0.0463112	0.129739	0	0	0	0	0	0	0	10.4046	-0.241894	0.0698667	0	0	1.996	0	0	0	0.0959508	-0.0383865	-5.30675
2014-12-08 00:00:00	-2.58649	-0.00826472	0.24687	0	-0.00493083	-0.00674677	0.0217498	0	0	0	0	0	0	0	0.795842	-0.242941	0.0701833	0	0	2.29106	0	0	0	0.0969687	-0.0429143	0.630386
2014-12-09 00:00:00	-10.9955	-0.00956519	0.324855	0	0.00335462	-0.027719	0.0796401	0	0	0	0	0	0	0	5.84384	-0.244006	0.0704684	0	0	2.38502	0	0	0	0.0976312	-0.0428756	-2.51485
2014-12-10 00:00:00	-17.955	-0.00470956	0.253784	0	0.00110816	-0.0464828	0.133627	0	0	0	0	0	0	0	10.0574	-0.246465	0.0712722	0	0	3.01255	0	0	0	0.0991204	-0.0494301	-4.67321
2014-12-11 00:00:00	-4.98199	-0.00817642	0.219546	0	-0.00334016	-0.0130111	0.0398991	0	0	0	0	0	0	0	2.16786	-0.247783	0.0716248	0	0	3.3466	0	0	0	0.100302	-0.0531243	0.638416
2014-12-12 00:00:00	-4.99099	-0.00943835	0.237209	0	-5.86723E-05	-0.0125156	0.0375528	0	0	0	0	0	0	0	2.14599	-0.248163	0.0716755	0	0	3.1593	0	0	0	0.100901	-0.0514741	0.439993
2014-12-13 00:00:00	-5.76397	-0.00748983	0.212283	0	0.00029426	-0.0146461	0.0434855	0	0	0	0	0	0	0	2.50505	-0.248754	0.0717544	0	0	3.02398	0	0	0	0.101552	-0.0497003	-0.126163
2014-12-14 00:00:00	-21.1279	-0.00993521	0.293622	0	0.00544068	-0.0545339	0.155331	0	0	0	0	0	0	0	11.037	-0.251464	0.0722894	0	0	3.56012	0	0	0	0.103006	-0.052643	-6.26974
2014-12-15 00:00:00	-4.78199	-0.00723884	0.25664	0	-0.0056052	-0.0124762	0.0393503	0	0	0	0	0	0	0	1.85298	-0.252876	0.0726047	0	0	3.89602	0	0	0	0.104468	-0.0574541	1.10442
2014-12-16 00:00:00	-7.78649	-0.00805348	0.258818	0	0.00104641	-0.0196958	0.0582257	0	0	0	0	0	0	0	3.38877	-0.253635	0.0727634	0	0	3.72109	0	0	0	0.105188	-0.0558895	-0.517872
2014-12-17 00:00:00	-1.79099	-0.00899671	0.318549	0	-0.00270452	-0.00417024	0.0148568	0	0	0	0	0	0	0	0.0747193	-0.253827	0.0727917	0	0	3.44263	0	0	0	0.105814	-0.0541115	1.91456
2014-12-18 00:00:00	-10.146	-0.00563684	0.31681	0	0.00309128	-0.025585	0.0748018	0	0	0	0	0	0	0	4.64688	-0.254798	0.0729635	0	0	3.34621	0	0	0	0.106446	-0.0521696	-1.91694
2014-12-19 00:00:00	-9.72794	-0.00834156	0.262952	0	0.000185317	-0.0250945	0.0738881	0	0	0	0	0	0	0	4.49708	-0.256224	0.0732331	0	0	3.48627	0	0	0	0.107485	-0.0533055	-1.56981
2014-12-20 00:00:00	-2.37748	-0.0124304	0.268011	0	-0.00253573	-0.00592577	0.0198738	0	0	0	0	0	0	0	0.530626	-0.25654	0.0732864	0	0	3.30098	0	0	0	0.108141	-0.0533655	1.59264
2014-12-21 00:00:00	-14.0964	-0.00149982	0.316829	0	0.00325998	-0.0360224	0.105439	0	0	0	0	0	0	0	5.83373	-0.258317	0.0735952	0	0	3.42992	0	0	0	0.108966	-0.052442	-4.57296
2014-12-22 00:00:00	-25.5505	-0.00681787	0.319093	0	0.00414487	-0.0662344	0.190722	0	0	0	0	0	0	0	12.1434	-0.262484	0.0744076	0	0	4.60673	0	0	0	0.110765	-0.0609461	-8.49767
2014-12-23 00:00:00	-8.35722	-0.00888795	0.280432	0	-0.0049941	-0.0218487	0.0678663	0	0	0	0	0	0	0	3.24048	-0.265704	0.0750425	0	0	5.30083	0	0	0	0.112759	-0.0682218	0.350537
2014-12-24 00:00:00	-6.77748	-0.0143794	0.287797	0	0.00421428	-0.017189	0.0520148	0	0	0	0	0	0	0	2.49092	-0.266752	0.0753141	0	0	4.98362	0	0	0	0.11361	-0.0663656	0.865321
2014-12-25 00:00:00	-1.58424	-0.000387573	0.289414	0	-0.00696516	-0.00367055	0.0162246	0	0	0	0	0	0	0	-0.603447	-0.266771	0.0753752	0	0	4.4604	0	0	0	0.114319	-0.0625631	2.42769
2014-12-26 00:00:00	-0.2	-0.0967785	0.291331	0	-0.00142448	-0.000149178	0.0043438	0	0	0	0	0	0	0	-1.06059	-0.26632	0.0753203	0	0	3.86056	0	0	0	0.11449	-0.0587075	2.66207
2014-12-27 00:00:00	-0.786489	0.0722272	0.293735	0	0.000773555	-0.000937003	0.0065023	0	0	0	0	0	0	0	-0.940221	-0.265859	0.0752706	0	0	3.33203	0	0	0	0.114675	-0.0540674	1.84764
2014-12-28 00:00:00	-0.8	-0.00284069	0.299653	0	-0.000369454	-0.0012514	0.0068743	0	0	0	0	0	0	0	-0.804706	-0.26535	0.0752248	0	0	2.91805	0	0	0	0.114866	-0.0504785	1.48968
2014-12-29 00:00:00	-0.395496	-0.00791099	0.227789	0	-0.000340827	-0.000453531	0.00474199	0	0	0	0	0	0	0	-0.762924	-0.26498	0.0751494	0	0	2.58587	0	0	0	0.114999	-0.0467139	1.52973
2014-12-30 00:00:00	-0.00450358	-0.249592	0.266099	0	-0.000482261	-1.98279E-05	0.00397357	0	0	0	0	0	0	0	-0.853442	-0.264642	0.0750912	0	0	2.31926	0	0	0	0.115084	-0.0432276	1.3636
2014-12-31 00:00:00	-0.590993	0.228193	0.332427	0	0.000194471	0	0.00287977	0	0	0	0	0	0	0	-0.597331	-0.264172	0.0750031	0	0	2.03643	0	0	0	0.115068	-0.0412155	1.29648
2015-01-01 00:00:00	-17.955	-0.000700976	0.352443	0	0.00667585	-0.0455039	0.131763	0	0	0	0	0	0	0	8.43215	-0.26625	0.0753965	0	0	2.43111	0	0	0	0.116196	-0.0426054	-6.76429
2015-01-02 00:00:00	-6.04954	-0.00821344	0.279285	0	-0.00314228	-0.0154194	0.0481774	0	0	0	0	0	0	0	2.2192	-0.268521	0.0757087	0	0	2.88794	0	0	0	0.11768	-0.0482185	-0.765054
2015-01-03 00:00:00	-1.44504	-0.00527298	0.24562	0	-0.00225885	-0.0032419	0.013943	0	0	0	0	0	0	0	-0.16884	-0.268884	0.0758317	0	0	2.73408	0	0	0	0.118029	-0.0475778	1.24639
2015-01-04 00:00:00	0	-0.231414	0.239361	0	-0.00101782	-0.000128401	0.00397904	0	0	0	0	0	0	0	-0.796495	-0.268565	0.0757523	0	0	2.38867	0	0	0	0.118086	-0.046001	1.48223
2015-01-05 00:00:00	-0.395496	0.0552936	0.340204	0	-0.000251873	0	0.00280997	0	0	0	0	0	0	0	-0.856005	-0.268281	0.0756801	0	0	2.1058	0	0	0	0.118115	-0.043148	1.13472
2015-01-06 00:00:00	-4.24954	0.15249	0.296414	0	0.00228725	-0.00931565	0.0307962	0	0	0	0	0	0	0	1.49862	-0.268622	0.0757591	0	0	2.07494	0	0	0	0.118305	-0.0401176	-0.31799
2015-01-07 00:00:00	-4.82702	-0.00999167	0.328143	0	0.000378929	-0.0116861	0.0365123	0	0	0	0	0	0	0	1.6397	-0.269208	0.0758776	0	0	2.12253	0	0	0	0.118666	-0.0404629	-0.836557
2015-01-08 00:00:00	-7.97298	-0.0116549	0.300354	0	0.00213375	-0.0200853	0.0596328	0	0	0	0	0	0	0	3.28952	-0.270332	0.0760867	0	0	2.30268	0	0	0	0.119149	-0.0417956	-2.16728
2015-01-09 00:00:00	-8.02252	-0.00390322	0.337142	0	-0.000804933	-0.0200996	0.0615921	0	0	0	0	0	0	0	3.29081	-0.271975	0.0763884	0	0	2.55232	0	0	0	0.11982	-0.0444293	-1.92566
2015-01-10 00:00:00	-13.955	-0.00373816	0.295946	0	0.00204122	-0.0361072	0.105615	0	0	0	0	0	0	0	6.52641	-0.274273	0.0769027	0	0	3.04486	0	0	0	0.120942	-0.0482705	-4.14463
2015-01-11 00:00:00	-0.668373	-0.101963	0.297019	0	-0.00571427	-0.00135555	0.00691538	0	0	0	0	0	0	0	-0.869492	-0.274974	0.077265	0	0	3.08976	0	0	0	0.121854	-0.0510641	1.61988
2015-01-12 00:00:00	-5.53511	0.0817017	0.314931	0	0.00273859	-0.0127392	0.0397252	0	0	0	0	0	0	0	1.7552	-0.275585	0.0774861	0	0	2.89925	0	0	0	0.122175	-0.0484798	-0.578705
2015-01-13 00:00:00	-2.23153	-0.00378856	0.275474	0	-0.00108469	-0.00533057	0.0190045	0	0	0	0	0	0	0	0.00287279	-0.276153	0.0776035	0	0	2.74725	0	0	0	0.122822	-0.0476904	0.679454
2015-01-14 00:00:00	-9.1955	-0.011901	0.281323	0	0.0030387	-0.0253844	0.0687882	0	0	0	0	0	0	0	4.24757	-0.277701	0.0780179	0	0	2.84489	0	0	0	0.123398	-0.0475583	-1.91102
2015-01-15 00:00:00	-8.31443	-0.00966523	0.336181	0	-0.00015071	-0.0248613	0.0648732	0	0	0	0	0	0	0	3.42924	-0.279267	0.0783722	0	0	3.07813	0	0	0	0.124447	-0.0494529	-1.56659
2015-01-16 00:00:00	0	-0.269583	0.286286	0	-0.00489136	-0.00104676	0.00624071	0	0	0	0	0	0	0	-1.01924	-0.279505	0.078359	0	0	2.8903	0	0	0	0.124995	-0.0498568	1.76206
2015-01-17 00:00:00	-2.0045	0.259502	0.287285	0	0.0015601	-0.00340958	0.0145038	0	0	0	0	0	0	0	-0.18399	-0.279545	0.0783359	0	0	2.60202	0	0	0	0.125179	-0.0467814	0.850157
2015-01-18 00:00:00	-0.227022	-0.0559329	0.249333	0	-0.00113532	-0.000190382	0.0041553	0	0	0	0	0	0	0	-0.781856	-0.279333	0.0782875	0	0	2.29474	0	0	0	0.125294	-0.045404	1.36094
2015-01-19 00:00:00	0	-0.190574	0.205314	0	-0.000335034	0	0.00355012	0	0	0	0	0	0	0	-0.961196	-0.279221	0.0782911	0	0	2.09543	0	0	0	0.125515	-0.0416275	1.03515
2015-01-20 00:00:00	-0.00450358	-0.214969	0.259479	0	-0.00112007	0	0.00303276	0	0	0	0	0	0	0	-0.745506	-0.278994	0.0782429	0	0	1.868	0	0	0	0.125555	-0.0393792	1.04984
2015-01-21 00:00:00	-0.390993	0.138176	0.252816	0	-4.50629E-06	0	0.00353923	0	0	0	0	0	0	0	-0.766463	-0.278787	0.0781952	0	0	1.68423	0	0	0	0.12565	-0.0368755	0.809488
2015-01-22 00:00:00	-0.786489	0.276919	0.303947	0	0.00161083	0	0.00453586	0	0	0	0	0	0	0	-0.585737	-0.278616	0.0781702	0	0	1.56222	0	0	0	0.125651	-0.034983	0.667226
2015-01-23 00:00:00	-8.22702	0.00957207	0.379802	0	0.00298695	-0.0199577	0.0600546	0	0	0	0	0	0	0	3.3752	-0.279532	0.0783554	0	0	1.70825	0	0	0	0.126019	-0.035976	-2.82225
2015-01-24 00:00:00	-0.409007	-0.0176335	0.360474	0	-0.00301995	-0.000535137	0.00498365	0	0	0	0	0	0	0	-1.08617	-0.279914	0.0784766	0	0	1.78597	0	0	0	0.126552	-0.0378199	0.522356
2015-01-25 00:00:00	-3.02252	0.00742221	0.438736	0	0.0017676	-0.00636214	0.0220291	0	0	0	0	0	0	0	0.747724	-0.280084	0.0785341	0	0	1.73533	0	0	0	0.126537	-0.0364929	-0.187374
2015-01-26 00:00:00	-0.204504	-0.200639	0.407925	0	-0.00226084	-0.000221486	0.00367673	0	0	0	0	0	0	0	-0.71697	-0.279995	0.0785392	0	0	1.64593	0	0	0	0.126662	-0.0363188	0.821828
2015-01-27 00:00:00	-0.204504	-0.193528	0.437571	0	-0.000916319	0	0.00416387	0	0	0	0	0	0	0	-0.723345	-0.279786	0.0785066	0	0	1.51773	0	0	0	0.126659	-0.0344741	0.728079
2015-01-28 00:00:00	-6.28106	0.374995	0.36614	0	0.00409094	-0.0134345	0.0417366	0	0	0	0	0	0	0	2.22488	-0.28032	0.0786373	0	0	1.57387	0	0	0	0.126795	-0.0344672	-1.81814
2015-01-29 00:00:00	-2.57298	-0.00617236	0.310458	0	-0.00105409	-0.00612877	0.0205351	0	0	0	0	0	0	0	0.319326	-0.280905	0.0787878	0	0	1.69222	0	0	0	0.127087	-0.0357666	-0.354589
2015-01-30 00:00:00	-1.41801	-0.00617761	0.364023	0	-0.00102416	-0.00272209	0.0117863	0	0	0	0	0	0	0	0.0979219	-0.28101	0.0788153	0	0	1.6516	0	0	0	0.127042	-0.0358383	0.586397
2015-01-31 00:00:00	-3.02252	-0.00650181	0.33648	0	0.000993319	-0.0068076	0.0227169	0	0	0	0	0	0	0	0.833939	-0.281308	0.0788899	0	0	1.64486	0	0	0	0.12725	-0.0352979	-0.307301
2015-02-01 00:00:00	0	-0.327277	0.358798	0	-0.00258683	-0.00023348	0.00441495	0	0	0	0	0	0	0	-0.821841	-0.281244	0.0788891	0	0	1.57471	0	0	0	0.127344	-0.03509	0.675887
2015-02-02 00:00:00	0	-0.25882	0.306665	0	-0.000556969	0	0.00376714	0	0	0	0	0	0	0	-0.847645	-0.28103	0.0788482	0	0	1.45109	0	0	0	0.127352	-0.0333658	0.546304
2015-02-03 00:00:00	0	-0.243505	0.288567	0	-0.00142897	0	0.00285535	0	0	0	0	0	0	0	-0.860376	-0.280718	0.0787791	0	0	1.32732	0	0	0	0.127348	-0.0325984	0.406248
2015-02-04 00:00:00	-0.404504	0.0639087	0.340592	0	-7.35402E-05	0	0.00390727	0	0	0	0	0	0	0	-0.459398	-0.280669	0.0787633	0	0	1.27278	0	0	0	0.127308	-0.0297865	0.712828
2015-02-05 00:00:00	-0.809007	0.372291	0.403176	0	0.000383908	0	0.00264112	0	0	0	0	0	0	0	-0.529595	-0.280446	0.078714	0	0	1.19884	0	0	0	0.127291	-0.0291371	0.535151
2015-02-06 00:00:00	-0.204504	-0.206372	0.425806	0	-0.00041319	0	0.00348871	0	0	0	0	0	0	0	-0.576721	-0.280286	0.0786768	0	0	1.14653	0	0	0	0.12725	-0.0279997	0.485459
2015-02-07 00:00:00	-2.83378	0.571084	0.422969	0	0.00408557	-0.00328148	0.0149359	0	0	0	0	0	0	0	0.477998	-0.280314	0.0786851	0	0	1.13738	0	0	0	0.127189	-0.0279125	-0.310959
2015-02-08 00:00:00	-0.2	-0.226523	0.440837	0	-0.00125459	-0.000221281	0.00352539	0	0	0	0	0	0	0	-0.683086	-0.280314	0.0786893	0	0	1.14741	0	0	0	0.127246	-0.0280579	0.378252
2015-02-09 00:00:00	0	-0.467416	0.554461	0	-0.00221075	0	0.00323006	0	0	0	0	0	0	0	-0.666441	-0.280118	0.0786428	0	0	1.09798	0	0	0	0.127062	-0.0275213	0.417667
2015-02-10 00:00:00	0	-0.432955	0.51367	0	-0.00200495	0	0.00267805	0	0	0	0	0	0	0	-0.601056	-0.279916	0.0785946	0	0	1.0513	0	0	0	0.12697	-0.0269549	0.430323
2015-02-11 00:00:00	-0.195496	-0.139827	0.47134	0	-0.00234901	0	0.00303361	0	0	0	0	0	0	0	-0.608051	-0.279766	0.0785554	0	0	1.01653	0	0	0	0.126857	-0.0260371	0.444789
2015-02-12 00:00:00	-0.2	-0.125991	0.506696	0	-0.00322628	0	0.00276666	0	0	0	0	0	0	0	-0.617957	-0.279576	0.0785067	0	0	0.981777	0	0	0	0.12669	-0.0259393	0.443747
2015-02-13 00:00:00	-0.390993	-0.0651631	0.551227	0	-0.00159325	0	0.00299842	0	0	0	0	0	0	0	-0.663794	-0.279438	0.0784708	0	0	0.956944	0	0	0	0.126509	-0.0255562	0.289612
2015-02-14 00:00:00	-0.595496	-0.017	0.63559	0	-0.00043964	0	0.00253304	0	0	0	0	0	0	0	-0.635537	-0.279231	0.0784176	0	0	0.932794	0	0	0	0.126455	-0.0247518	0.223334
2015-02-15 00:00:00	0	-0.254768	0.620032	0	-0.00633576	0	0.00181507	0	0	0	0	0	0	0	-0.79312	-0.279039	0.0783674	0	0	0.908867	0	0	0	0.126303	-0.0241744	0.377948
2015-02-16 00:00:00	-1.4045	0.715342	0.60828	0	0.00165261	0	0.00322304	0	0	0	0	0	0	0	-0.407414	-0.278853	0.0783199	0	0	0.890969	0	0	0	0.126116	-0.0238321	0.309299
2015-02-17 00:00:00	-0.2	-0.370328	0.619218	0	-0.00106764	0	0.00277873	0	0	0	0	0	0	0	-0.640943	-0.278674	0.0782782	0	0	0.883886	0	0	0	0.126006	-0.0234321	0.195722
2015-02-18 00:00:00	-1.40901	0.605479	0.734148	0	0.00134419	0	0.00305033	0	0	0	0	0	0	0	-0.450598	-0.278464	0.0782332	0	0	0.876496	0	0	0	0.125818	-0.0230174	0.263481
2015-02-19 00:00:00	-1.21801	0.215429	0.717362	0	0.00385357	0	0.00318175	0	0	0	0	0	0	0	-0.255204	-0.278297	0.0781983	0	0	0.878874	0	0	0	0.12562	-0.0234809	0.247522
2015-02-20 00:00:00	-2.78649	0.490033	0.632751	0	0.0128327	0	0.00939046	0	0	0	0	0	0	0	0.527146	-0.278396	0.0782045	0	0	0.912755	0	0	0	0.125535	-0.0237507	-0.299987
2015-02-21 00:00:00	-0.395496	-0.199447	0.60635	0	-0.00131776	0	0.00303179	0	0	0	0	0	0	0	-0.406075	-0.278262	0.0781667	0	0	0.940218	0	0	0	0.125375	-0.0248294	0.447715
2015-02-22 00:00:00	-2.87656	0.202499	0.587341	0	0.00215249	-0.00431424	0.0168704	0	0	0	0	0	0	0	0.672643	-0.278372	0.0781936	0	0	0.974741	0	0	0	0.125197	-0.0251724	-0.524782
2015-02-23 00:00:00	-2.24504	-0.00485711	0.635893	0	-0.000164294	-0.00394608	0.0144748	0	0	0	0	0	0	0	0.374688	-0.278554	0.0782477	0	0	1.05067	0	0	0	0.125156	-0.0262004	-0.279625
2015-02-24 00:00:00	-1.21801	-0.0203337	0.6909	0	-0.000727282	-0.00125493	0.00630384	0	0	0	0	0	0	0	-0.184541	-0.278513	0.0782482	0	0	1.06719	0	0	0	0.125069	-0.0266312	0.237697
2015-02-25 00:00:00	-0.995496	-0.00211819	0.723412	0	-0.000256915	-0.000514044	0.00503246	0	0	0	0	0	0	0	-0.348007	-0.278359	0.0782133	0	0	1.05016	0	0	0	0.124856	-0.0263433	0.330576
2015-02-26 00:00:00	-10.418	0.00988226	0.748067	0	0.0037937	-0.0246159	0.0733012	0	0	0	0	0	0	0	4.97498	-0.279545	0.0784379	0	0	1.28931	0	0	0	0.125006	-0.0288192	-3.44822
2015-02-27 00:00:00	-4.18199	-0.0016897	0.757634	0	-0.00193104	-0.00907357	0.0298995	0	0	0	0	0	0	0	1.1629	-0.280534	0.078627	0	0	1.55955	0	0	0	0.125245	-0.0341864	-0.795541
2015-02-28 00:00:00	-6.18199	-0.0216749	0.851434	0	0.00127891	-0.0137552	0.0418469	0	0	0	0	0	0	0	2.51964	-0.281359	0.0787701	0	0	1.70266	0	0	0	0.125379	-0.0357016	-1.21347
2015-03-01 00:00:00	-13.937	0.0119468	0.778418	0	0.00180398	-0.0342197	0.101134	0	0	0	0	0	0	0	6.28515	-0.283437	0.0791508	0	0	2.10719	0	0	0	0.126026	-0.0396308	-4.80342
2015-03-02 00:00:00	-0.631525	-0.0965613	0.707029	0	-0.00513872	-0.000665074	0.00501845	0	0	0	0	0	0	0	-0.91119	-0.28422	0.0793093	0	0	2.22715	0	0	0	0.126731	-0.0432169	1.17272
2015-03-03 00:00:00	-4.95496	0.0881599	0.741528	0	0.00251922	-0.0101054	0.0339774	0	0	0	0	0	0	0	1.44193	-0.284601	0.0793733	0	0	2.15561	0	0	0	0.126847	-0.0410685	-0.62079
2015-03-04 00:00:00	-0.2	-0.551539	0.834468	0	-0.0041449	-0.000308811	0.0042731	0	0	0	0	0	0	0	-0.754509	-0.284446	0.0793304	0	0	1.97619	0	0	0	0.126912	-0.0418257	1.1844
2015-03-05 00:00:00	0	-0.637187	0.962354	0	-0.00628781	0	0.00211241	0	0	0	0	0	0	0	-1.00397	-0.284288	0.0792997	0	0	1.83333	0	0	0	0.126998	-0.0385551	1.03381
2015-03-06 00:00:00	-0.8	-0.0607512	0.92922	0	-0.00134844	0	0.00339419	0	0	0	0	0	0	0	-0.721341	-0.283964	0.0792322	0	0	1.65212	0	0	0	0.126902	-0.0363749	0.887092
2015-03-07 00:00:00	-5.83153	1.23358	1.04026	0	0.0116974	-0.00601785	0.024428	0	0	0	0	0	0	0	1.49367	-0.284111	0.0792605	0	0	1.61118	0	0	0	0.126946	-0.0353501	-0.535978
2015-03-08 00:00:00	-4.17298	-0.00878279	0.943972	0	-0.000413681	-0.00832864	0.0272125	0	0	0	0	0	0	0	1.11173	-0.284723	0.0793786	0	0	1.70783	0	0	0	0.127145	-0.0361037	-0.514061
2015-03-09 00:00:00	-0.440532	-0.44612	0.930429	0	-0.00345889	-0.000254381	0.00374794	0	0	0	0	0	0	0	-0.972343	-0.284548	0.0793555	0	0	1.61663	0	0	0	0.127239	-0.0360771	0.574071
2015-03-10 00:00:00	-0.00450358	-0.630734	0.861737	0	-0.0048095	0	0.00295687	0	0	0	0	0	0	0	-0.634336	-0.284352	0.0793247	0	0	1.51142	0	0	0	0.126986	-0.0343602	0.989325
2015-03-11 00:00:00	-1.78649	0.805882	0.881822	0	0.00196379	0	0.00302304	0	0	0	0	0	0	0	-0.48589	-0.28407	0.0792721	0	0	1.4013	0	0	0	0.126955	-0.0320154	0.711754
2015-03-12 00:00:00	-15.3685	0.266759	1.03888	0	0.00959539	-0.0342719	0.10378	0	0	0	0	0	0	0	7.19628	-0.285796	0.079585	0	0	1.73828	0	0	0	0.127331	-0.0349971	-5.16305
2015-03-13 00:00:00	-4	-0.0137082	0.967798	0	-0.00316057	-0.00810199	0.0274692	0	0	0	0	0	0	0	0.764871	-0.287296	0.0798754	0	0	2.09528	0	0	0	0.127783	-0.0404975	-0.289689
2015-03-14 00:00:00	0	-0.788029	0.913432	0	-0.00500357	-0.00020337	0.00431687	0	0	0	0	0	0	0	-0.82976	-0.287334	0.0798498	0	0	1.95053	0	0	0	0.127732	-0.0401003	1.12543
2015-03-15 00:00:00	0	-0.444646	0.854503	0	-0.00692424	0	0.00276702	0	0	0	0	0	0	0	-1.19613	-0.287007	0.0797846	0	0	1.76462	0	0	0	0.127696	-0.037559	0.857102
2015-03-16 00:00:00	-1.39099	0.315006	1.06286	0	6.39628E-05	0	0.00312517	0	0	0	0	0	0	0	-0.652268	-0.286752	0.0797038	0	0	1.59634	0	0	0	0.127577	-0.03587	0.818791
2015-03-17 00:00:00	-0.8	-0.130068	0.958726	0	-0.000871988	0	0.00307892	0	0	0	0	0	0	0	-0.596087	-0.286456	0.0796293	0	0	1.47061	0	0	0	0.127443	-0.0341496	0.791857
2015-03-18 00:00:00	-0.2	-0.510561	1.06461	0	-0.0065592	0	0.00246659	0	0	0	0	0	0	0	-0.855056	-0.286129	0.0795545	0	0	1.36024	0	0	0	0.127307	-0.032178	0.743694
2015-03-19 00:00:00	0	-0.0998227	1.16111	0	-0.0158521	0	0.00140046	0	0	0	0	0	0	0	-1.16795	-0.285745	0.0794681	0	0	1.23103	0	0	0	0.127193	-0.0302068	1.00062
2015-03-20 00:00:00	-0.395496	-0.0077515	1.08005	0	-0.00769783	0	0.00235924	0	0	0	0	0	0	0	-0.907389	-0.28542	0.0793983	0	0	1.12916	0	0	0	0.127068	-0.0278534	0.786426
2015-03-21 00:00:00	0	-0.00787883	0.880117	0	-0.00898221	0	0.00126336	0	0	0	0	0	0	0	-1.03539	-0.284973	0.07931	0	0	1.03085	0	0	0	0.126961	-0.0266857	0.75459
2015-03-22 00:00:00	0	-0.00867247	0.966965	0	-0.00940852	0	0.000203388	0	0	0	0	0	0	0	-0.676211	-0.284416	0.0792071	0	0	0.939548	0	0	0	0.126657	-0.0258063	1.10807
2015-03-23 00:00:00	0	-0.00932107	1.03646	0	-0.00240487	0	0.00411948	0	0	0	0	0	0	0	-1.50133	-0.28426	0.0791818	0	0	0.89442	0	0	0	0.126642	-0.0240282	0.31948
2015-03-24 00:00:00	-0.00450358	-0.00725092	0.919623	0	-1.46447E-06	0	0.00199437	0	0	0	0	0	0	0	-1.08821	-0.283914	0.0791226	0	0	0.845732	0	0	0	0.126282	-0.022365	0.566505
2015-03-25 00:00:00	-0.390993	-0.00799506	0.986796	0	0.000141568	0	0.00216341	0	0	0	0	0	0	0	-0.770957	-0.283409	0.0790298	0	0	0.801001	0	0	0	0.126106	-0.0216131	0.520271
2015-03-26 00:00:00	-6.31894	1.61175	1.17901	0	0.0189124	0	0.00691533	0	0	0	0	0	0	0	1.73712	-0.283625	0.0790553	0	0	0.864245	0	0	0	0.125945	-0.021689	-1.0013
2015-03-27 00:00:00	-0.0585466	-0.906287	1.11316	0	-0.00286932	0	0.00304489	0	0	0	0	0	0	0	-0.717223	-0.283595	0.0790385	0	0	0.946094	0	0	0	0.125822	-0.0242991	0.274341
2015-03-28 00:00:00	-12.4199	0.944255	1.30235	0	0.0487835	-0.0140507	0.0525606	0	0	0	0	0	0	0	5.35168	-0.284631	0.0792149	0	0	1.19127	0	0	0	0.125824	-0.0267929	-3.64939
2015-03-29 00:00:00	-3.35947	-0.00565068	1.27764	0	-0.00213106	-0.00548947	0.0199202	0	0	0	0	0	0	0	0.337871	-0.285453	0.0793126	0	0	1.46727	0	0	0	0.12602	-0.0324901	-0.382652
2015-03-30 00:00:00	-5.81801	0.0145752	1.23472	0	0.00112718	-0.0114117	0.0362676	0	0	0	0	0	0	0	2.14442	-0.285901	0.0793914	0	0	1.56216	0	0	0	0.125932	-0.0341214	-0.950856
2015-03-31 00:00:00	-0.930604	-0.358639	1.2608	0	-0.00409775	-0.000304034	0.0045524	0	0	0	0	0	0	0	-0.783891	-0.285906	0.0794132	0	0	1.56363	0	0	0	0.125915	-0.0346841	0.636184
2015-04-01 00:00:00	-0.645036	-0.509059	1.22703	0	-0.00272945	0	0.00289679	0	0	0	0	0	0	0	-0.678174	-0.285511	0.0793755	0	0	1.44137	0	0	0	0.125752	-0.0331595	0.722753
2015-04-02 00:00:00	-0.834186	-0.371004	1.39221	0	-0.00758958	0	0.00205028	0	0	0	0	0	0	0	-0.648728	-0.285127	0.0793714	0	0	1.32965	0	0	0	0.125579	-0.0316051	0.750616
2015-04-03 00:00:00	-5.69191	1.22712	1.42079	0	0.0146084	-0.00370042	0.0192522	0	0	0	0	0	0	0	1.38473	-0.285214	0.0794114	0	0	1.32411	0	0	0	0.12551	-0.0301758	-0.415473
2015-04-04 00:00:00	-0.00900716	-1.07964	1.5016	0	-0.0107786	-0.00016996	0.00390614	0	0	0	0	0	0	0	-1.02781	-0.285132	0.0793804	0	0	1.32698	0	0	0	0.125522	-0.0307053	0.594144
2015-04-05 00:00:00	0	-0.512303	1.78554	0	-0.0193091	0	0.000256218	0	0	0	0	0	0	0	-1.44257	-0.284425	0.0792429	0	0	1.15725	0	0	0	0.125248	-0.030379	0.858546
2015-04-06 00:00:00	-1.00901	-0.0101011	2.17304	0	-0.015848	0	0.00252779	0	0	0	0	0	0	0	-1.13896	-0.284241	0.0792241	0	0	1.08317	0	0	0	0.125357	-0.0274137	0.977751
2015-04-07 00:00:00	-0.102252	-0.0112307	1.38961	0	-0.0134795	0	0.000821931	0	0	0	0	0	0	0	-1.20967	-0.283812	0.0791509	0	0	0.980097	0	0	0	0.12506	-0.0259254	0.928372
2015-04-08 00:00:00	-0.906755	-0.0187404	2.98829	0	-0.00461284	0	0.00103903	0	0	0	0	0	0	0	-2.07879	-0.283147	0.0790254	0	0	0.848652	0	0	0	0.124987	-0.0244253	0.72552
2015-04-09 00:00:00	-0.00450358	-0.0202089	2.37861	0	-0.0026599	0	6.77854E-05	0	0	0	0	0	0	0	-1.32741	-0.282566	0.0789191	0	0	0.733345	0	0	0	0.124734	-0.0219496	1.65638
2015-04-10 00:00:00	-0.00450358	-0.00177947	2.44738	0	-0.00313875	0	0	0	0	0	0	0	0	0	-2.46479	-0.282273	0.0788594	0	0	0.635489	0	0	0	0.125155	-0.0200355	0.510372
2015-04-11 00:00:00	-2.37748	0.738589	1.56102	0	0.00339119	0	0.00237803	0	0	0	0	0	0	0	-0.394596	-0.281977	0.0787954	0	0	0.63902	0	0	0	0.124558	-0.0184825	0.0752141
2015-04-12 00:00:00	-7.73695	0.876882	1.47471	0	0.00830041	0	0.00885764	0	0	0	0	0	0	0	3.0806	-0.282465	0.0788627	0	0	0.772769	0	0	0	0.124374	-0.0196164	-1.61368
2015-04-13 00:00:00	-0.407165	-1.00131	1.61357	0	-0.00204465	0	0.00252735	0	0	0	0	0	0	0	-0.737673	-0.282496	0.0788778	0	0	0.896813	0	0	0	0.124402	-0.0228927	0.262607
2015-04-14 00:00:00	-0.00450358	-0.570335	1.73764	0	-0.00494313	0	0.00020413	0	0	0	0	0	0	0	-1.07798	-0.282073	0.0788136	0	0	0.861311	0	0	0	0.124056	-0.0226927	0.839493
2015-04-15 00:00:00	-3.14596	0.969465	1.74404	0	0.000613001	0	0.00363543	0	0	0	0	0	0	0	-0.0858627	-0.281747	0.078744	0	0	0.833745	0	0	0	0.123822	-0.0218282	0.218667
2015-04-16 00:00:00	-0.254043	-0.973787	2.22436	0	-0.000691387	0	0.00165838	0	0	0	0	0	0	0	-1.1956	-0.281359	0.078661	0	0	0.826088	0	0	0	0.123635	-0.0218077	0.527114
2015-04-17 00:00:00	-0.00450358	-0.0185138	1.65064	0	-0.00201758	0	3.94263E-05	0	0	0	0	0	0	0	-1.3634	-0.280876	0.0785709	0	0	0.753229	0	0	0	0.123373	-0.0209569	0.915575
2015-04-18 00:00:00	0	-0.016301	2.15778	0	-0.00350114	0	0	0	0	0	0	0	0	0	-1.60644	-0.280204	0.0784411	0	0	0.663347	0	0	0	0.123137	-0.0200326	1.09623
2015-04-19 00:00:00	-0.2	-0.00467502	1.40438	0	0.00106708	0	0	0	0	0	0	0	0	0	-1.40625	-0.279883	0.0783672	0	0	0.624458	0	0	0	0.123159	-0.0188419	0.32178
2015-04-20 00:00:00	0	0	1.7569	0	8.28906E-05	0	0.000207079	0	0	0	0	0	0	0	-1.55348	-0.279539	0.0782699	0	0	0.583622	0	0	0	0.122633	-0.0182284	0.690468
2015-04-21 00:00:00	0	0	3.52696	0	-0.0015883	0	0	0	0	0	0	0	0	0	-2.88772	-0.278948	0.0781485	0	0	0.491438	0	0	0	0.122349	-0.0174699	1.03317
2015-04-22 00:00:00	-0.00450358	0	3.25221	0	-0.00101289	0	0	0	0	0	0	0	0	0	-2.60532	-0.278415	0.0780322	0	0	0.407426	0	0	0	0.122177	-0.0153476	0.955245
2015-04-23 00:00:00	0	0	2.53831	0	-0.000223448	0	0	0	0	0	0	0	0	0	-1.88623	-0.27791	0.0779221	0	0	0.359456	0	0	0	0.121955	-0.013838	0.919441
2015-04-24 00:00:00	-1.56847	0	2.2002	0	0.00193556	0	0	0	0	0	0	0	0	0	-0.537264	-0.277506	0.0778276	0	0	0.374932	0	0	0	0.121697	-0.0128076	0.380539
2015-04-25 00:00:00	-3.64504	1.15728	1.81703	0	0.00106417	0	0.0039209	0	0	0	0	0	0	0	0.0455261	-0.277338	0.0777846	0	0	0.412743	0	0	0	0.121223	-0.013547	-0.299351
2015-04-26 00:00:00	-0.5261	-0.950338	1.60157	0	-0.000151109	0	0.00197412	0	0	0	0	0	0	0	-0.397557	-0.27705	0.0777264	0	0	0.471596	0	0	0	0.120926	-0.014717	0.107881
2015-04-27 00:00:00	-0.849539	-0.148116	1.56505	0	1.75767E-06	0	0.00140769	0	0	0	0	0	0	0	-0.781481	-0.276649	0.0776435	0	0	0.502382	0	0	0	0.120508	-0.0154065	0.1958
2015-04-28 00:00:00	-1.6045	-0.00391409	1.75073	0	0.00125228	0	0.00129202	0	0	0	0	0	0	0	-0.608799	-0.276018	0.0775013	0	0	0.536422	0	0	0	0.120203	-0.0156656	-0.0214983
2015-04-29 00:00:00	-2.42252	0.508142	1.85498	0	-0.00121766	0	0.00349684	0	0	0	0	0	0	0	-0.194278	-0.275921	0.0774634	0	0	0.553841	0	0	0	0.119757	-0.0165479	0.2072
2015-04-30 00:00:00	-1.5955	-0.179125	1.82807	0	-2.72125E-05	0	0.00160528	0	0	0	0	0	0	0	-0.35233	-0.275451	0.0773618	0	0	0.587335	0	0	0	0.119384	-0.0171052	0.194218
2015-05-01 00:00:00	-0.0630502	-0.323599	1.62001	0	-2.33925E-05	0	0.00147757	0	0	0	0	0	0	0	-1.20123	-0.275076	0.0772766	0	0	0.587299	0	0	0	0.118916	-0.0176048	0.524398
2015-05-02 00:00:00	-1.75947	0.0766021	1.70517	0	1.83214E-05	0	0.000756899	0	0	0	0	0	0	0	0.0661049	-0.274402	0.0771281	0	0	0.596528	0	0	0	0.118694	-0.0171885	0.589947
2015-05-03 00:00:00	-10.7523	1.50513	2.05987	0	0.000105949	0	0.0119256	0	0	0	0	0	0	0	3.72404	-0.275241	0.0772374	0	0	0.733005	0	0	0	0.118672	-0.0189673	-2.81653
2015-05-04 00:00:00	-1.56397	-0.552238	2.25701	0	7.91688E-06	0	0.00260502	0	0	0	0	0	0	0	-0.562199	-0.275409	0.0772329	0	0	0.890145	0	0	0	0.118707	-0.0226199	0.369267
2015-05-05 00:00:00	-9.01535	0.551542	2.18485	0	0.0304093	0	0.00890489	0	0	0	0	0	0	0	3.34164	-0.275809	0.0772779	0	0	1.0104	0	0	0	0.118586	-0.0243434	-1.9919
2015-05-06 00:00:00	-9.96847	0.030251	2.1666	0	0.0344972	-0.0050747	0.0398044	0	0	0	0	0	0	0	4.13344	-0.276901	0.0774753	0	0	1.29506	0	0	0	0.118925	-0.0286508	-2.38304
2015-05-07 00:00:00	-0.0135107	-1.29226	1.9189	0	-0.0148886	-0.000327094	0.00275457	0	0	0	0	0	0	0	-1.04587	-0.276966	0.0774979	0	0	1.37042	0	0	0	0.119003	-0.0310745	0.813679
2015-05-08 00:00:00	-3.15271	0.754594	2.35555	0	0.00128562	0	0.0027503	0	0	0	0	0	0	0	-0.53109	-0.276504	0.077411	0	0	1.2664	0	0	0	0.118792	-0.0295472	0.586925
2015-05-09 00:00:00	-4.61576	0.554793	2.19782	0	0.0114765	-0.000625333	0.0108355	0	0	0	0	0	0	0	0.708684	-0.276338	0.0773751	0	0	1.22925	0	0	0	0.118666	-0.0286519	-0.012477
2015-05-10 00:00:00	-4.6045	-0.0038829	2.4421	0	-3.86164E-05	-0.00487999	0.0177974	0	0	0	0	0	0	0	0.837793	-0.276366	0.0773883	0	0	1.25614	0	0	0	0.118616	-0.0289358	-0.168769
2015-05-11 00:00:00	-6.37523	-0.018596	2.64666	0	0.00100101	-0.00895363	0.0289177	0	0	0	0	0	0	0	1.71017	-0.276627	0.0774468	0	0	1.32819	0	0	0	0.118594	-0.0295982	-0.798032
2015-05-12 00:00:00	-0.0135107	-1.44448	2.31456	0	-0.0178451	-2.23542E-05	0.00187458	0	0	0	0	0	0	0	-1.16132	-0.276389	0.077401	0	0	1.29804	0	0	0	0.118542	-0.0302113	0.866636
2015-05-13 00:00:00	0	-0.196214	2.08152	0	-0.0267308	0	0.000192823	0	0	0	0	0	0	0	-1.89772	-0.275913	0.0773031	0	0	1.15532	0	0	0	0.118331	-0.0285007	1.00759
2015-05-14 00:00:00	0	-0.0162809	1.88235	0	-0.0177055	0	0	0	0	0	0	0	0	0	-1.19493	-0.275131	0.077148	0	0	0.969003	0	0	0	0.118202	-0.026976	1.51568
2015-05-15 00:00:00	-1.20225	-0.00487195	2.46687	0	-0.00153643	0	0.000522557	0	0	0	0	0	0	0	-1.60589	-0.274942	0.0770938	0	0	0.903868	0	0	0	0.118076	-0.0245408	0.452396
2015-05-16 00:00:00	-1.23378	0.00536114	2.26989	0	-7.91205E-05	0	7.17679E-06	0	0	0	0	0	0	0	-0.759853	-0.27422	0.0769538	0	0	0.820021	0	0	0	0.117874	-0.0228143	0.999368
2015-05-17 00:00:00	-4.87206	1.45263	2.43066	0	0.000134565	0	0.00489852	0	0	0	0	0	0	0	0.108951	-0.27417	0.0769432	0	0	0.824357	0	0	0	0.117676	-0.021542	-0.151527
2015-05-18 00:00:00	-3.25179	0.246628	2.38502	0	0.00149381	0	0.00322053	0	0	0	0	0	0	0	-0.0422764	-0.273951	0.0769047	0	0	0.854311	0	0	0	0.1175	-0.0218663	0.0951986
2015-05-19 00:00:00	-2.04504	-0.283012	2.33639	0	5.44649E-05	0	0.00220374	0	0	0	0	0	0	0	-0.213163	-0.273548	0.0768345	0	0	0.857854	0	0	0	0.117191	-0.0221681	0.553604
2015-05-20 00:00:00	0	-1.38091	2.36791	0	-0.0018346	0	0.00043215	0	0	0	0	0	0	0	-1.05588	-0.2731	0.0767433	0	0	0.831178	0	0	0	0.116883	-0.0217629	0.659664
2015-05-21 00:00:00	-2.00676	-0.021061	2.51575	0	0.000240106	0	0.00152341	0	0	0	0	0	0	0	-0.646295	-0.272529	0.0766144	0	0	0.782354	0	0	0	0.116654	-0.0211637	0.525328
2015-05-22 00:00:00	0	-0.0173711	2.40613	0	-0.00131491	0	3.41298E-06	0	0	0	0	0	0	0	-1.98784	-0.272055	0.0764984	0	0	0.712646	0	0	0	0.116387	-0.0204229	1.01266
2015-05-23 00:00:00	0	-0.00667998	4.38451	0	-0.00185988	0	0	0	0	0	0	0	0	0	-3.58526	-0.271153	0.0763741	0	0	0.568124	0	0	0	0.116196	-0.0188797	1.26137
2015-05-24 00:00:00	-0.820266	0	2.41329	0	0.000730362	0	0	0	0	0	0	0	0	0	-1.22091	-0.270537	0.0762189	0	0	0.49824	0	0	0	0.115903	-0.0165158	0.776152
2015-05-25 00:00:00	0	0	2.19713	0	-0.00238376	0	0	0	0	0	0	0	0	0	-1.22193	-0.269893	0.0761319	0	0	0.459228	0	0	0	0.115911	-0.015612	1.33859
2015-05-26 00:00:00	0	0	2.11538	0	-0.000211099	0	0	0	0	0	0	0	0	0	-2.14566	-0.26958	0.0760447	0	0	0.416826	0	0	0	0.115837	-0.0148	0.293844
2015-05-27 00:00:00	-5.61576	1.56593	2.52875	0	0.00386129	0	0	0	0	0	0	0	0	0	0.73454	-0.269555	0.076027	0	0	0.486588	0	0	0	0.115216	-0.0140361	-0.388449
2015-05-28 00:00:00	-4.51484	0.230964	2.51881	0	0.00122866	0	0.00329203	0	0	0	0	0	0	0	0.87431	-0.269487	0.0760283	0	0	0.54975	0	0	0	0.1151	-0.0159787	-0.430822
2015-05-29 00:00:00	-0.00450358	-1.56573	2.34095	0	-0.000319012	0	0.00058559	0	0	0	0	0	0	0	-0.910221	-0.26913	0.0759573	0	0	0.606488	0	0	0	0.114836	-0.017736	0.371178
2015-05-30 00:00:00	-1.21126	-0.203554	2.35626	0	0.000246282	0	0.000703363	0	0	0	0	0	0	0	-1.12105	-0.268531	0.0758188	0	0	0.592042	0	0	0	0.114539	-0.0178137	0.317406
2015-05-31 00:00:00	-11.7234	1.76999	2.45395	0	0.00655692	0	0.00971897	0	0	0	0	0	0	0	4.49971	-0.269271	0.0759319	0	0	0.73367	0	0	0	0.114431	-0.0188195	-2.34756
2015-06-01 00:00:00	-11.4018	0.00527105	2.38079	0	0.0587903	-0.00625393	0.0359981	0	0	0	0	0	0	0	4.748	-0.270712	0.0761468	0	0	1.09921	0	0	0	0.11501	-0.0253191	-3.18491
2015-06-02 00:00:00	-0.2	-1.54328	2.52413	0	-0.0179431	-0.000396015	0.0026899	0	0	0	0	0	0	0	-1.15606	-0.270864	0.0761377	0	0	1.22837	0	0	0	0.11515	-0.0288723	0.729068
2015-06-03 00:00:00	-0.00900716	-0.226225	2.4169	0	-0.0306467	0	0	0	0	0	0	0	0	0	-1.89279	-0.269994	0.0759684	0	0	1.0371	0	0	0	0.114917	-0.0282552	1.18797
2015-06-04 00:00:00	-0.00900716	-0.0204544	2.61978	0	-0.0197256	0	0	0	0	0	0	0	0	0	-1.66107	-0.269436	0.0758537	0	0	0.887935	0	0	0	0.114888	-0.0265088	1.69226
2015-06-05 00:00:00	0	-0.0113983	2.48076	0	-0.000685245	0	0	0	0	0	0	0	0	0	-2.48444	-0.269025	0.0757733	0	0	0.7717	0	0	0	0.115037	-0.0229861	0.654741
2015-06-06 00:00:00	-0.00450358	-0.00150119	2.31676	0	-0.000571393	0	0	0	0	0	0	0	0	0	-1.89204	-0.268507	0.0756596	0	0	0.675027	0	0	0	0.114541	-0.0207176	0.994147
2015-06-07 00:00:00	0	0	2.27414	0	-0.00062086	0	0	0	0	0	0	0	0	0	-1.81071	-0.267906	0.0755413	0	0	0.594299	0	0	0	0.114321	-0.0190997	0.959961
2015-06-08 00:00:00	0	0	2.31018	0	-0.000196924	0	0	0	0	0	0	0	0	0	-1.87971	-0.267453	0.0754251	0	0	0.525278	0	0	0	0.114071	-0.0178026	0.859789
2015-06-09 00:00:00	-0.00450358	0	3.39555	0	-9.36036E-05	0	0	0	0	0	0	0	0	0	-2.71785	-0.266807	0.0753143	0	0	0.435075	0	0	0	0.113826	-0.0162881	1.01423
2015-06-10 00:00:00	0	0	3.70743	0	-5.41129E-05	0	0	0	0	0	0	0	0	0	-2.88771	-0.266003	0.0751566	0	0	0.345842	0	0	0	0.113625	-0.0143904	1.0739
2015-06-11 00:00:00	0	0	3.11291	0	0	0	0	0	0	0	0	0	0	0	-2.37083	-0.265237	0.0750359	0	0	0.284476	0	0	0	0.113423	-0.0125771	0.937204
2015-06-12 00:00:00	-0.902252	0	3.68587	0	0	0	0	0	0	0	0	0	0	0	-2.25755	-0.26476	0.0749285	0	0	0.247243	0	0	0	0.113139	-0.0115485	0.685076
2015-06-13 00:00:00	-0.902252	0	2.41381	0	0	0	0	0	0	0	0	0	0	0	-1.15758	-0.264162	0.0748304	0	0	0.247032	0	0	0	0.112819	-0.0109621	0.513543
2015-06-14 00:00:00	-2.2045	0	2.48608	0	0	0	0	0	0	0	0	0	0	0	-0.257763	-0.263818	0.0747401	0	0	0.28351	0	0	0	0.112442	-0.0109623	0.219729
2015-06-15 00:00:00	-0.702252	0	2.63215	0	0	0	0	0	0	0	0	0	0	0	-1.60476	-0.263329	0.0746618	0	0	0.284966	0	0	0	0.11202	-0.0115329	0.521925
2015-06-16 00:00:00	-0.4	0	2.46842	0	0	0	0	0	0	0	0	0	0	0	-1.92821	-0.262866	0.074573	0	0	0.272717	0	0	0	0.111616	-0.0115192	0.324732
2015-06-17 00:00:00	-1.30225	0	2.67196	0	0	0	0	0	0	0	0	0	0	0	-0.963576	-0.262418	0.074501	0	0	0.275533	0	0	0	0.11115	-0.0113438	0.593556
2015-06-18 00:00:00	0	0	2.17793	0	0	0	0	0	0	0	0	0	0	0	-1.87861	-0.26184	0.0743617	0	0	0.271267	0	0	0	0.110873	-0.0113871	0.482587
2015-06-19 00:00:00	-0.00900716	0	2.24663	0	0	0	0	0	0	0	0	0	0	0	-1.50794	-0.261174	0.0741843	0	0	0.253489	0	0	0	0.110488	-0.011172	0.8955
2015-06-20 00:00:00	-0.0450358	0	2.32744	0	0	0	0	0	0	0	0	0	0	0	-1.93397	-0.26072	0.0741045	0	0	0.230852	0	0	0	0.110399	-0.0110247	0.492041
2015-06-21 00:00:00	-0.0720573	0.00427673	2.20114	0	0	0	0	0	0	0	0	0	0	0	-1.648	-0.260202	0.0739948	0	0	0.218407	0	0	0	0.109834	-0.010657	0.616731
2015-06-22 00:00:00	-0.0990788	0.0222578	2.18952	0	0	0	0	0	0	0	0	0	0	0	-1.62139	-0.259777	0.0738853	0	0	0.209645	0	0	0	0.109471	-0.0104626	0.614068
2015-06-23 00:00:00	0	-0.0265345	2.43069	0	0	0	0	0	0	0	0	0	0	0	-2.0383	-0.259016	0.0738136	0	0	0.196568	0	0	0	0.109098	-0.0103135	0.476001
2015-06-24 00:00:00	-0.0450358	0	2.43916	0	0	0	0	0	0	0	0	0	0	0	-2.07767	-0.258567	0.0736953	0	0	0.18451	0	0	0	0.108737	-0.0100995	0.414733
2015-06-25 00:00:00	-0.0720573	0	2.42161	0	0	0	0	0	0	0	0	0	0	0	-1.84972	-0.25811	0.0735795	0	0	0.175198	0	0	0	0.108371	-0.00990045	0.588972
2015-06-26 00:00:00	-0.0270215	0	2.43373	0	0	0	0	0	0	0	0	0	0	0	-2.06217	-0.257315	0.0734697	0	0	0.16688	0	0	0	0.108008	-0.00973807	0.425837
2015-06-27 00:00:00	0	0	2.36718	0	0	0	0	0	0	0	0	0	0	0	-1.92025	-0.256969	0.0733591	0	0	0.160652	0	0	0	0.107633	-0.00959097	0.52202
2015-06-28 00:00:00	-0.162129	0.040166	2.40649	0	0	0	0	0	0	0	0	0	0	0	-1.8679	-0.256405	0.0732886	0	0	0.155465	0	0	0	0.107264	-0.00947923	0.486758
2015-06-29 00:00:00	0	-0.040166	2.44238	0	0	0	0	0	0	0	0	0	0	0	-2.09919	-0.256132	0.0732182	0	0	0.150639	0	0	0	0.106708	-0.00931836	0.368141
2015-06-30 00:00:00	-0.00450358	0	2.68763	0	0	0	0	0	0	0	0	0	0	0	-2.32655	-0.255337	0.0730301	0	0	0.147079	0	0	0	0.106475	-0.00925477	0.418573
2015-07-01 00:00:00	0	0	3.15678	0	0	0	0	0	0	0	0	0	0	0	-2.26647	-0.254881	0.0729028	0	0	0.131039	0	0	0	0.106215	-0.00918259	0.936403
2015-07-02 00:00:00	-0.0360287	0	2.43958	0	0	0	0	0	0	0	0	0	0	0	-2.42054	-0.254607	0.072771	0	0	0.118213	0	0	0	0.106086	-0.00893442	0.0165483
2015-07-03 00:00:00	-0.00450358	0	3.34797	0	0	0	0	0	0	0	0	0	0	0	-2.72052	-0.254209	0.0726488	0	0	0.102776	0	0	0	0.105417	-0.00866285	0.640915
2015-07-04 00:00:00	-0.360287	0.0912978	2.25203	0	-8.76453E-07	0	0	0	0	0	0	0	0	0	-1.65248	-0.253863	0.0725904	0	0	0.101416	0	0	0	0.10502	-0.0083288	0.347396
2015-07-05 00:00:00	-0.0315251	-0.0418335	2.17595	0	6.76582E-06	0	0	0	0	0	0	0	0	0	-1.55501	-0.253545	0.0725167	0	0	0.104063	0	0	0	0.104516	-0.00831118	0.566835
2015-07-06 00:00:00	-0.162129	0.0479671	2.11975	0	5.06644E-07	0	0	0	0	0	0	0	0	0	-1.73544	-0.253079	0.0723918	0	0	0.107706	0	0	0	0.104227	-0.00838946	0.293011
2015-07-07 00:00:00	-0.0630501	-0.0240293	2.31829	0	3.21174E-07	0	0	0	0	0	0	0	0	0	-1.94552	-0.252578	0.0722107	0	0	0.109064	0	0	0	0.103859	-0.00842448	0.309823
2015-07-08 00:00:00	-0.117093	0.0258675	2.0148	0	-9.11327E-07	0	0	0	0	0	0	0	0	0	-1.58632	-0.252148	0.0720824	0	0	0.110209	0	0	0	0.103565	-0.00845085	0.362511
2015-07-09 00:00:00	0	-0.049896	2.07666	0	0	0	0	0	0	0	0	0	0	0	-1.70767	-0.251681	0.0719689	0	0	0.112693	0	0	0	0.103182	-0.00848443	0.346778
2015-07-10 00:00:00	-0.054043	-0.0073949	2.112	0	0	0	0	0	0	0	0	0	0	0	-1.98263	-0.251036	0.0718062	0	0	0.114981	0	0	0	0.10281	-0.00852363	0.097965
2015-07-11 00:00:00	-0.0450358	-0.0106738	2.21713	0	0	0	0	0	0	0	0	0	0	0	-1.86907	-0.250675	0.0716829	0	0	0.112163	0	0	0	0.102338	-0.00849044	0.319368
2015-07-12 00:00:00	-0.00450358	-0.0179752	2.00838	0	0	0	0	0	0	0	0	0	0	0	-1.7688	-0.249713	0.0715098	0	0	0.115323	0	0	0	0.102086	-0.00843315	0.247875
2015-07-13 00:00:00	-0.11259	0.0352218	1.95866	0	-1.62908E-12	0	0	0	0	0	0	0	0	0	-1.27287	-0.248959	0.0714089	0	0	0.117026	0	0	0	0.101739	-0.00848831	0.64114
2015-07-14 00:00:00	0	-0.046546	1.94134	0	0	0	0	0	0	0	0	0	0	0	-1.87788	-0.248639	0.071279	0	0	0.111755	0	0	0	0.101829	-0.00861918	0.0445145
2015-07-15 00:00:00	0	-0.00200535	1.84832	0	0	0	0	0	0	0	0	0	0	0	-1.57661	-0.248212	0.0711653	0	0	0.113525	0	0	0	0.10077	-0.00848864	0.298456
2015-07-16 00:00:00	0	0	2.33608	0	0	0	0	0	0	0	0	0	0	0	-1.96736	-0.247892	0.0706955	0	0	0.108092	0	0	0	0.100446	-0.00852892	0.391527
2015-07-17 00:00:00	-0.23869	0.0678826	2.02458	0	5.60061E-07	0	0	0	0	0	0	0	0	0	-1.78796	-0.247489	0.070682	0	0	0.106439	0	0	0	0.100099	-0.00841021	0.0871422
2015-07-18 00:00:00	-0.0585466	-0.0194353	1.95245	0	-1.36193E-06	0	0	0	0	0	0	0	0	0	-1.44296	-0.246973	0.070646	0	0	0.107273	0	0	0	0.0996482	-0.00837063	0.453727
2015-07-19 00:00:00	-0.0855681	0.0129569	1.83531	0	0	0	0	0	0	0	0	0	0	0	-1.47225	-0.246476	0.0705409	0	0	0.108861	0	0	0	0.0993985	-0.00841246	0.314365
2015-07-20 00:00:00	-0.0315251	-0.0407903	1.81486	0	0	0	0	0	0	0	0	0	0	0	-1.50257	-0.246082	0.070426	0	0	0.111111	0	0	0	0.0990814	-0.00845808	0.266054
2015-07-21 00:00:00	-0.0270215	-0.012748	1.85589	0	0	0	0	0	0	0	0	0	0	0	-1.49902	-0.245627	0.0703175	0	0	0.112607	0	0	0	0.0988088	-0.00849755	0.344707
2015-07-22 00:00:00	0	-0.00786595	1.69805	0	0	0	0	0	0	0	0	0	0	0	-1.63233	-0.244955	0.0701617	0	0	0.118435	0	0	0	0.0985485	-0.00848663	0.091556
2015-07-23 00:00:00	0	0	1.67814	0	0	0	0	0	0	0	0	0	0	0	-1.40957	-0.244524	0.0701196	0	0	0.11735	0	0	0	0.0982527	-0.0086404	0.301125
2015-07-24 00:00:00	-4.41351	1.23009	2.95514	0	2.02356E-10	0	0	0	0	0	0	0	0	0	0.387811	-0.243999	0.0698942	0	0	0.148718	0	0	0	0.0978059	-0.00857762	0.223369
2015-07-25 00:00:00	-4.11126	0.890227	2.79428	0	1.23008E-09	0	0	0	0	0	0	0	0	0	-0.184319	-0.243045	0.0696231	0	0	0.176207	0	0	0	0.0975524	-0.00927593	-0.520012
2015-07-26 00:00:00	-7.32027	0.0536126	2.7767	0	0.000235006	0	0	0	0	0	0	0	0	0	3.43038	-0.242875	0.0696675	0	0	0.233123	0	0	0	0.0970747	-0.0103474	-0.9127
2015-07-27 00:00:00	-9.62702	0.0437455	2.57398	0	0.00499184	0	0.00136246	0	0	0	0	0	0	0	5.28615	-0.24308	0.0697356	0	0	0.352897	0	0	0	0.0971302	-0.0121899	-1.4523
2015-07-28 00:00:00	-16.5473	0.00396077	2.85944	0	0.0662853	-0.0116903	0.02879	0	0	0	0	0	0	0	9.88828	-0.243704	0.0699082	0	0	0.558944	0	0	0	0.0973752	-0.0159826	-3.24568
2015-07-29 00:00:00	-3.20901	-0.0137795	2.84448	0	-0.00461032	-0.00140107	0.00530956	0	0	0	0	0	0	0	-0.0154344	-0.243675	0.0699493	0	0	0.675882	0	0	0	0.0976989	-0.0192763	0.18613
2015-07-30 00:00:00	-0.2	-1.93173	2.7745	0	-0.0122041	0	0.000936743	0	0	0	0	0	0	0	-0.946771	-0.243194	0.0698703	0	0	0.639593	0	0	0	0.0974684	-0.0189527	0.229512
2015-07-31 00:00:00	-4.11126	1.10423	2.8625	0	0.00282734	0	0.00116503	0	0	0	0	0	0	0	-0.163713	-0.242896	0.0698061	0	0	0.608759	0	0	0	0.0972361	-0.0183117	0.210337
2015-08-01 00:00:00	-3.20901	0.454707	2.66274	0	0.00159366	0	0.00048651	0	0	0	0	0	0	0	0.122264	-0.242267	0.0697022	0	0	0.582466	0	0	0	0.0970521	-0.0180248	0.521708
2015-08-02 00:00:00	-0.0180143	-1.7261	2.74091	0	-0.018646	0	0.0011253	0	0	0	0	0	0	0	-1.46955	-0.242158	0.0697061	0	0	0.563073	0	0	0	0.0969029	-0.0173085	-0.0200618
2015-08-03 00:00:00	0	-0.0629984	2.85243	0	-0.032311	0	0	0	0	0	0	0	0	0	-2.2692	-0.241511	0.0695612	0	0	0.48248	0	0	0	0.0966229	-0.0168481	0.878226
2015-08-04 00:00:00	-0.802252	-0.0159623	2.77869	0	-0.00596154	0	0	0	0	0	0	0	0	0	-2.12177	-0.241242	0.0695144	0	0	0.444967	0	0	0	0.0963302	-0.0151869	0.187124
2015-08-05 00:00:00	-1.90676	-0.008122	2.92254	0	0.000700836	0	0	0	0	0	0	0	0	0	-1.04937	-0.24072	0.0694201	0	0	0.418492	0	0	0	0.0959379	-0.0143749	0.287749
2015-08-06 00:00:00	-1.4045	-0.0113046	2.83521	0	-0.000592255	0	0	0	0	0	0	0	0	0	-1.42865	-0.240375	0.069339	0	0	0.399437	0	0	0	0.095666	-0.014014	0.300209
2015-08-07 00:00:00	0	-0.0105619	2.76998	0	-0.00129097	0	0	0	0	0	0	0	0	0	-2.52639	-0.239686	0.0691922	0	0	0.348474	0	0	0	0.0954427	-0.0137349	0.491422
2015-08-08 00:00:00	-0.2	0	2.46435	0	-0.000946782	0	0	0	0	0	0	0	0	0	-1.70105	-0.239254	0.069088	0	0	0.313978	0	0	0	0.0953545	-0.0127658	0.788753
2015-08-09 00:00:00	0	0	2.34656	0	-1.04709E-05	0	0	0	0	0	0	0	0	0	-2.35847	-0.239026	0.069021	0	0	0.280289	0	0	0	0.0953851	-0.0121046	0.181646
2015-08-10 00:00:00	-0.802252	0	2.49631	0	0	0	0	0	0	0	0	0	0	0	-1.54968	-0.238109	0.0689465	0	0	0.266336	0	0	0	0.094806	-0.0115342	0.324824
2015-08-11 00:00:00	-0.302252	0	2.11687	0	0	0	0	0	0	0	0	0	0	0	-1.69648	-0.237757	0.0688646	0	0	0.254282	0	0	0	0.094545	-0.011298	0.286776
2015-08-12 00:00:00	0	0	2.36896	0	0	0	0	0	0	0	0	0	0	0	-2.24525	-0.237206	0.0687092	0	0	0.23203	0	0	0	0.094283	-0.0110949	0.270429
2015-08-13 00:00:00	-0.2	0	2.28834	0	0	0	0	0	0	0	0	0	0	0	-1.97901	-0.236794	0.0686234	0	0	0.215479	0	0	0	0.0940388	-0.0107256	0.239952
2015-08-14 00:00:00	-10.3383	2.34876	2.70274	0	0.00414974	0	0	0	0	0	0	0	0	0	3.79046	-0.235684	0.0686388	0	0	0.292532	0	0	0	0.0938205	-0.0107321	-1.28359
2015-08-15 00:00:00	-0.902252	-1.57932	2.66083	0	5.08337E-05	0	0	0	0	0	0	0	0	0	-0.400694	-0.235605	0.0685857	0	0	0.357501	0	0	0	0.0938353	-0.0125837	0.0503461
2015-08-16 00:00:00	0	-0.750131	2.65051	0	-0.0029636	0	0	0	0	0	0	0	0	0	-2.07598	-0.235023	0.068462	0	0	0.347538	0	0	0	0.0936658	-0.0129327	0.0831478
2015-08-17 00:00:00	-0.2	-0.01932	2.80544	0	-0.00119631	0	0	0	0	0	0	0	0	0	-1.99229	-0.234439	0.0683473	0	0	0.303891	0	0	0	0.0932261	-0.0125979	0.811055
2015-08-18 00:00:00	-1.2045	0	2.25535	0	0	0	0	0	0	0	0	0	0	0	-1.38228	-0.234195	0.0682787	0	0	0.29426	0	0	0	0.093474	-0.0118974	-0.12152
2015-08-19 00:00:00	-1.50676	0	2.47649	0	0	0	0	0	0	0	0	0	0	0	-1.11383	-0.233672	0.0681552	0	0	0.295933	0	0	0	0.0929134	-0.0117315	0.0674951
2015-08-20 00:00:00	-0.502252	0	2.24219	0	0	0	0	0	0	0	0	0	0	0	-1.87344	-0.232947	0.0680517	0	0	0.282096	0	0	0	0.0926476	-0.0117492	0.0645902
2015-08-21 00:00:00	-0.302252	0	2.13964	0	0	0	0	0	0	0	0	0	0	0	-1.78554	-0.232447	0.0679549	0	0	0.26399	0	0	0	0.0924049	-0.0115149	0.23224
2015-08-22 00:00:00	-7.72927	2.36482	2.78872	0	0.00141428	0	0	0	0	0	0	0	0	0	1.60628	-0.232241	0.0678844	0	0	0.315957	0	0	0	0.091963	-0.0113192	-0.73579
2015-08-23 00:00:00	-0.902252	-1.77931	2.89025	0	-6.55358E-09	0	0	0	0	0	0	0	0	0	-0.546584	-0.231924	0.0678206	0	0	0.351006	0	0	0	0.0918137	-0.01248	-0.0716546
2015-08-24 00:00:00	-0.502252	-0.578974	2.3247	0	-0.00141401	0	0	0	0	0	0	0	0	0	-1.28982	-0.231489	0.0677368	0	0	0.354832	0	0	0	0.0915777	-0.0128001	0.222096
2015-08-25 00:00:00	-0.2	-0.00655742	2.02306	0	0	0	0	0	0	0	0	0	0	0	-1.81989	-0.230591	0.0676028	0	0	0.326997	0	0	0	0.0913778	-0.0126814	0.239318
2015-08-26 00:00:00	-0.0900716	0.0290668	1.86469	0	0	0	0	0	0	0	0	0	0	0	-1.20985	-0.229866	0.0673723	0	0	0.300775	0	0	0	0.0911402	-0.0122361	0.811018
2015-08-27 00:00:00	-0.0180143	-0.0290668	1.77915	0	0	0	0	0	0	0	0	0	0	0	-1.98423	-0.229605	0.0672985	0	0	0.274912	0	0	0	0.0912857	-0.011806	-0.0600785
2015-08-28 00:00:00	-0.411259	0	1.78186	0	0	0	0	0	0	0	0	0	0	0	-1.32393	-0.228766	0.0669278	0	0	0.264581	0	0	0	0.0905018	-0.0113755	0.228544
2015-08-29 00:00:00	0	0	1.67942	0	0	0	0	0	0	0	0	0	0	0	-1.61794	-0.228101	0.066927	0	0	0.248736	0	0	0	0.0902666	-0.0112033	0.228097
2015-08-30 00:00:00	0	0	1.57179	0	0	0	0	0	0	0	0	0	0	0	-1.61729	-0.227704	0.0668315	0	0	0.235011	0	0	0	0.0900395	-0.0109423	0.107736
2015-08-31 00:00:00	0	0	1.40117	0	0	0	0	0	0	0	0	0	0	0	-1.48652	-0.227327	0.0666128	0	0	0.226867	0	0	0	0.0894969	-0.0107146	0.0595891
2015-09-01 00:00:00	-4.94596	2.36669	2.1614	0	-9.56314E-07	0	0	0	0	0	0	0	0	0	-0.0484846	-0.226902	0.0662656	0	0	0.2529	0	0	0	0.0892395	-0.0106523	-0.295494
2015-09-02 00:00:00	-0.2	-1.57338	1.97546	0	0	0	0	0	0	0	0	0	0	0	-0.414411	-0.226508	0.0662791	0	0	0.279561	0	0	0	0.088992	-0.0112241	-0.0152394
2015-09-03 00:00:00	0	-0.793308	1.59665	0	0	0	0	0	0	0	0	0	0	0	-1.19634	-0.225856	0.066138	0	0	0.29656	0	0	0	0.0888493	-0.0115033	-0.178804
2015-09-04 00:00:00	-3.14145	0.868569	2.18309	0	9.5796E-10	0	0	0	0	0	0	0	0	0	-0.185987	-0.225491	0.0661276	0	0	0.310862	0	0	0	0.0886221	-0.0117714	-0.0474313
2015-09-05 00:00:00	-0.00450358	-0.868569	1.55751	0	0	0	0	0	0	0	0	0	0	0	-0.604727	-0.224874	0.0660181	0	0	0.325449	0	0	0	0.0883444	-0.0119792	0.322667
2015-09-06 00:00:00	0	0	1.6937	0	0	0	0	0	0	0	0	0	0	0	-1.80816	-0.224486	0.0659474	0	0	0.295677	0	0	0	0.0882953	-0.0121606	0.09882
2015-09-07 00:00:00	0	0	2.51593	0	0	0	0	0	0	0	0	0	0	0	-2.1492	-0.22417	0.0658601	0	0	0.241447	0	0	0	0.0879354	-0.0116617	0.526135
2015-09-08 00:00:00	-0.395496	0	1.56106	0	0	0	0	0	0	0	0	0	0	0	-1.13784	-0.222648	0.0657579	0	0	0.228739	0	0	0	0.0877653	-0.010803	0.17654
2015-09-09 00:00:00	0	0	1.14216	0	0	0	0	0	0	0	0	0	0	0	-1.21145	-0.222323	0.065623	0	0	0.225143	0	0	0	0.087553	-0.0105996	0.0761065
2015-09-10 00:00:00	0	0	1.23071	0	0	0	0	0	0	0	0	0	0	0	-1.25107	-0.221818	0.0656005	0	0	0.219299	0	0	0	0.0873284	-0.0105344	0.119522
2015-09-11 00:00:00	0	0	1.12581	0	0	0	0	0	0	0	0	0	0	0	-1.15147	-0.221176	0.0655007	0	0	0.215895	0	0	0	0.0871074	-0.0104332	0.11123
2015-09-12 00:00:00	-10.3009	2.38881	2.03498	0	0.00015403	0	0	0	0	0	0	0	0	0	4.43704	-0.220695	0.0654697	0	0	0.340426	0	0	0	0.086887	-0.0103707	-1.17822
2015-09-13 00:00:00	-1.39099	-0.383459	1.82181	0	-0.000160749	0	0	0	0	0	0	0	0	0	-0.407254	-0.220389	0.0654071	0	0	0.368716	0	0	0	0.0867856	-0.0127337	-0.0722713
2015-09-14 00:00:00	-4.2045	0.454306	1.71313	0	-8.11228E-07	0	0	0	0	0	0	0	0	0	1.25855	-0.219781	0.0652883	0	0	0.42935	0	0	0	0.0866285	-0.0132655	-0.430302
2015-09-15 00:00:00	0	-1.59925	1.82367	0	0	0	0	0	0	0	0	0	0	0	-0.650035	-0.218778	0.0650627	0	0	0.435622	0	0	0	0.0864649	-0.0143165	-0.0715696
2015-09-16 00:00:00	0	-0.847814	1.63989	0	0	0	0	0	0	0	0	0	0	0	-1.03729	-0.218382	0.064973	0	0	0.426235	0	0	0	0.0862451	-0.0143517	0.0995087
2015-09-17 00:00:00	-1.19099	-0.00620504	1.60853	0	0	0	0	0	0	0	0	0	0	0	-0.668486	-0.218035	0.0648537	0	0	0.418967	0	0	0	0.0857356	-0.0141064	0.08026
2015-09-18 00:00:00	-0.00450358	-0.00311187	1.42776	0	0	0	0	0	0	0	0	0	0	0	-1.10025	-0.216547	0.0647222	0	0	0.392977	0	0	0	0.085569	-0.0140514	0.632568
2015-09-19 00:00:00	-0.00450358	-0.00204955	1.39327	0	0	0	0	0	0	0	0	0	0	0	-1.75838	-0.216532	0.0646105	0	0	0.366169	0	0	0	0.08563	-0.0135737	-0.0853524
2015-09-20 00:00:00	-3.20901	1.1801	1.84078	0	5.32141E-09	0	0	0	0	0	0	0	0	0	-0.169637	-0.216033	0.064335	0	0	0.379335	0	0	0	0.0852721	-0.0129195	-0.0577778
2015-09-21 00:00:00	-6.75947	1.42578	1.72263	0	0.0020882	0	0	0	0	0	0	0	0	0	2.13838	-0.215861	0.0642692	0	0	0.437054	0	0	0	0.0850844	-0.013547	-1.1136
2015-09-22 00:00:00	-0.204504	-1.23056	1.58437	0	-4.40992E-05	0	0	0	0	0	0	0	0	0	-0.531422	-0.215499	0.0641459	0	0	0.47971	0	0	0	0.0850141	-0.0150397	0.0161713
2015-09-23 00:00:00	-1.61801	0.0877788	1.53023	0	-6.43442E-09	0	0	0	0	0	0	0	0	0	-0.371805	-0.215081	0.0640546	0	0	0.478233	0	0	0	0.0848026	-0.0150745	0.0251217
2015-09-24 00:00:00	-9.41802	1.18587	1.57969	0	0.0140507	0	0.00239822	0	0	0	0	0	0	0	4.93531	-0.214431	0.0639935	0	0	0.560267	0	0	0	0.0847003	-0.0161071	-1.22228
2015-09-25 00:00:00	-0.604504	-0.894306	1.61	0	-0.00293735	0	0	0	0	0	0	0	0	0	-0.594177	-0.21424	0.0639414	0	0	0.638396	0	0	0	0.0846814	-0.0183443	0.0685126
2015-09-26 00:00:00	-0.00450358	-1.34585	1.564	0	-0.00222047	0	0.000168215	0	0	0	0	0	0	0	-0.636532	-0.213655	0.0638787	0	0	0.61313	0	0	0	0.0844643	-0.0179686	0.104918
2015-09-27 00:00:00	0	-0.360846	1.73637	0	-0.00441026	0	4.22164E-05	0	0	0	0	0	0	0	-1.39198	-0.213249	0.0634912	0	0	0.572475	0	0	0	0.0842123	-0.0172215	0.468876
2015-09-28 00:00:00	-0.00450358	-0.0144924	1.86249	0	-0.00351637	0	0	0	0	0	0	0	0	0	-2.15593	-0.212069	0.063397	0	0	0.493478	0	0	0	0.0841064	-0.0165147	0.0964498
2015-09-29 00:00:00	0	-0.024441	2.69784	0	-0.00296632	0	0	0	0	0	0	0	0	0	-1.9707	-0.211391	0.0632731	0	0	0.416452	0	0	0	0.0836297	-0.0154057	1.03629
2015-09-30 00:00:00	-0.00900716	-0.0102666	2.01862	0	-8.57004E-05	0	0	0	0	0	0	0	0	0	-2.1778	-0.21107	0.0631972	0	0	0.364886	0	0	0	0.0838822	-0.0139317	0.108429
2015-10-01 00:00:00	-0.00450358	0	2.39588	0	0	0	0	0	0	0	0	0	0	0	-2.18287	-0.209941	0.063107	0	0	0.313265	0	0	0	0.0831847	-0.0128742	0.445246
2015-10-02 00:00:00	0	0	1.06426	0	0	0	0	0	0	0	0	0	0	0	-1.37736	-0.209225	0.0627293	0	0	0.300089	0	0	0	0.0830717	-0.0119295	-0.0883656
2015-10-03 00:00:00	0	0	0.944461	0	0	0	0	0	0	0	0	0	0	0	-1.0285	-0.208714	0.0626148	0	0	0.297682	0	0	0	0.0824119	-0.0116993	0.138252
2015-10-04 00:00:00	0	0	0.762675	0	0	0	0	0	0	0	0	0	0	0	-1.19474	-0.208027	0.0625349	0	0	0.300397	0	0	0	0.0822443	-0.0116435	-0.206562
2015-10-05 00:00:00	-3.55496	1.78476	1.49575	0	1.58604E-06	0	0	0	0	0	0	0	0	0	-0.275521	-0.207362	0.0624761	0	0	0.31878	0	0	0	0.081984	-0.0117932	-0.305885
2015-10-06 00:00:00	-4.25404	0.80015	1.48954	0	0.00117993	0	0	0	0	0	0	0	0	0	1.17834	-0.207008	0.062418	0	0	0.3706	0	0	0	0.0819347	-0.012431	-0.489318
2015-10-07 00:00:00	-4.34145	0.0262921	1.20266	0	0.00284056	0	0	0	0	0	0	0	0	0	2.21059	-0.206663	0.0623338	0	0	0.456534	0	0	0	0.0818234	-0.0140632	-0.519105
2015-10-08 00:00:00	-0.00450358	-1.09333	1.22701	0	-0.000529853	0	0	0	0	0	0	0	0	0	-0.496851	-0.206282	0.061989	0	0	0.496413	0	0	0	0.0817092	-0.0152875	0.0503389
2015-10-09 00:00:00	-0.804504	-0.380266	1.23832	0	0.000177987	0	0	0	0	0	0	0	0	0	-0.367654	-0.205761	0.0619642	0	0	0.493337	0	0	0	0.0815553	-0.0152638	0.101904
2015-10-10 00:00:00	0	-0.925148	1.14681	0	0.0005896	0	0	0	0	0	0	0	0	0	-0.549403	-0.205342	0.0619001	0	0	0.489501	0	0	0	0.0813726	-0.0151891	0.0850873
2015-10-11 00:00:00	0	-0.201774	0.92573	0	-0.000346588	0	0	0	0	0	0	0	0	0	-1.00735	-0.204878	0.0618337	0	0	0.475917	0	0	0	0.0812241	-0.01502	0.115341
2015-10-12 00:00:00	-2.82702	1.56724	1.03507	0	0.000820978	0	0	0	0	0	0	0	0	0	-0.182536	-0.204023	0.0617584	0	0	0.473967	0	0	0	0.0811087	-0.0148115	-0.0084291
2015-10-13 00:00:00	-0.804504	-0.186346	0.989163	0	0.000433114	0	0.000338517	0	0	0	0	0	0	0	-0.342357	-0.20339	0.0616953	0	0	0.481933	0	0	0	0.0809782	-0.0149874	0.0629581
2015-10-14 00:00:00	-0.00450358	-0.92282	1.05697	0	5.77859E-06	0	0.000894812	0	0	0	0	0	0	0	-0.556668	-0.20289	0.0616133	0	0	0.482379	0	0	0	0.0808111	-0.0150165	-0.0192279
2015-10-15 00:00:00	-0.2	-0.332858	0.79338	0	-9.34659E-06	0	0.000455049	0	0	0	0	0	0	0	-0.788563	-0.201799	0.0616155	0	0	0.478816	0	0	0	0.0806519	-0.0149792	-0.123289
2015-10-16 00:00:00	-1	0.131397	0.866569	0	0.000579763	0	0.000333003	0	0	0	0	0	0	0	-0.396377	-0.201382	0.0613976	0	0	0.47864	0	0	0	0.0805015	-0.0149478	0.0067115
2015-10-17 00:00:00	-0.195496	-0.255204	0.837088	0	-0.000602891	0	0.000619311	0	0	0	0	0	0	0	-0.879212	-0.200888	0.0612554	0	0	0.479384	0	0	0	0.0799559	-0.0149608	-0.0880613
2015-10-18 00:00:00	0	-0.0090946	0.820508	0	-0.000826445	0	0	0	0	0	0	0	0	0	-0.81593	-0.200289	0.0610516	0	0	0.457771	0	0	0	0.0797376	-0.014867	0.378062
2015-10-19 00:00:00	-0.00450358	-0.00300456	0.754381	0	-9.09331E-05	0	0	0	0	0	0	0	0	0	-1.13468	-0.199983	0.060986	0	0	0.440746	0	0	0	0.0792547	-0.0145059	-0.0213967
2015-10-20 00:00:00	-1.8	0.787368	0.912625	0	0.000940072	0	0.000694494	0	0	0	0	0	0	0	-0.426295	-0.199063	0.0609798	0	0	0.445216	0	0	0	0.0788153	-0.0142243	-0.152943
2015-10-21 00:00:00	-0.4	-0.61691	1.07007	0	-8.22634E-06	0	0.000628868	0	0	0	0	0	0	0	-0.502863	-0.198435	0.0609065	0	0	0.454375	0	0	0	0.0787604	-0.0143958	-0.0678673
2015-10-22 00:00:00	-0.4	-0.170455	0.875545	0	-0.00020945	0	2.85044E-05	0	0	0	0	0	0	0	-0.428215	-0.197964	0.0607983	0	0	0.454316	0	0	0	0.0786128	-0.014433	0.258023
2015-10-23 00:00:00	-0.00450358	0	0.727206	0	-0.000176947	0	0	0	0	0	0	0	0	0	-1.16109	-0.197643	0.0607275	0	0	0.440255	0	0	0	0.0786373	-0.0144332	-0.0710163
2015-10-24 00:00:00	-5.82252	2.57904	0.842404	0	0.000453616	0	0.00304181	0	0	0	0	0	0	0	1.50127	-0.197061	0.0607089	0	0	0.469584	0	0	0	0.0782591	-0.0143583	-0.499171
2015-10-25 00:00:00	-0.2	-0.574431	0.826215	0	5.09592E-05	0	0.00104262	0	0	0	0	0	0	0	-0.619369	-0.196436	0.0606053	0	0	0.514107	0	0	0	0.0783231	-0.015439	-0.125331
2015-10-26 00:00:00	0	-0.71944	0.819443	0	-3.56519E-05	0	0.00106201	0	0	0	0	0	0	0	-0.653801	-0.196136	0.0605635	0	0	0.510899	0	0	0	0.0781437	-0.0156357	-0.114937
2015-10-27 00:00:00	0	-0.697547	0.793357	0	3.24018E-05	0	0.000845904	0	0	0	0	0	0	0	-0.523276	-0.195472	0.0604778	0	0	0.503694	0	0	0	0.0780329	-0.0155424	0.00460328
2015-10-28 00:00:00	-12.1685	2.0021	0.873061	0	0.0480938	-0.00712846	0.0184631	0	0	0	0	0	0	0	6.85966	-0.195095	0.0604661	0	0	0.642478	0	0	0	0.0780862	-0.0168063	-1.80509
2015-10-29 00:00:00	-1.58649	-0.000388556	0.739477	0	0.00200855	-0.00266645	0.00592084	0	0	0	0	0	0	0	0.157454	-0.19489	0.0604353	0	0	0.791003	0	0	0	0.0782345	-0.0204521	0.0296462
2015-10-30 00:00:00	-3.77298	-0.00550547	0.710933	0	0.0131764	-0.00787342	0.0166619	0	0	0	0	0	0	0	1.94788	-0.19432	0.060284	0	0	0.816722	0	0	0	0.0782326	-0.0205978	-0.357384
2015-10-31 00:00:00	-0.990993	-0.0150114	0.852739	0	-0.00167856	-0.000615712	0.0027513	0	0	0	0	0	0	0	-0.428545	-0.194062	0.0601979	0	0	0.809101	0	0	0	0.0782649	-0.0208977	0.15125
2015-11-01 00:00:00	-0.2	-0.450393	0.693936	0	-0.00133757	-5.61273E-06	0.000886115	0	0	0	0	0	0	0	-0.305092	-0.193613	0.0601482	0	0	0.764715	0	0	0	0.0782077	-0.0202566	0.427195
2015-11-02 00:00:00	-0.00450358	-0.769093	0.900406	0	-0.00230884	0	0.000515781	0	0	0	0	0	0	0	-0.643744	-0.193029	0.0600374	0	0	0.708807	0	0	0	0.0781133	-0.019768	0.115434
2015-11-03 00:00:00	-0.204504	-0.636299	0.945864	0	-0.00300923	0	0.00129632	0	0	0	0	0	0	0	-0.668235	-0.192803	0.0599343	0	0	0.690066	0	0	0	0.0780724	-0.0190291	0.0513542
2015-11-04 00:00:00	-12.3324	1.84439	0.646943	0	0.0101269	-0.0243752	0.0684704	0	0	0	0	0	0	0	7.26061	-0.192793	0.0599386	0	0	0.813192	0	0	0	0.0782252	-0.0199444	-1.78766
2015-11-05 00:00:00	-2.78199	-0.012261	0.693806	0	-0.00240489	-0.00594453	0.0176057	0	0	0	0	0	0	0	1.08454	-0.192681	0.059928	0	0	0.964566	0	0	0	0.0786417	-0.0237478	-0.119941
2015-11-06 00:00:00	-0.390993	-0.266165	0.668171	0	-0.00155552	-0.000196831	0.00168963	0	0	0	0	0	0	0	-0.508515	-0.192291	0.0598709	0	0	0.926155	0	0	0	0.0786505	-0.0232545	0.351567
2015-11-07 00:00:00	-20.0784	0.250793	0.632515	0	0.00676018	-0.0499172	0.138473	0	0	0	0	0	0	0	14.3031	-0.192639	0.059737	0	0	1.25179	0	0	0	0.0791089	-0.0261885	-3.62491
2015-11-08 00:00:00	-10.1144	-0.00909421	0.620243	0	-0.0024773	-0.0255096	0.072047	0	0	0	0	0	0	0	6.52903	-0.193065	0.0599124	0	0	1.68268	0	0	0	0.0799765	-0.0342036	-1.3349
2015-11-09 00:00:00	-15.964	-0.00791208	0.629571	0	0.00169397	-0.0402646	0.11254	0	0	0	0	0	0	0	10.5808	-0.193903	0.0600981	0	0	2.03814	0	0	0	0.0807969	-0.0377595	-2.74013
2015-11-10 00:00:00	-7.98649	-0.00933733	0.725864	0	-0.00245802	-0.0194026	0.0552921	0	0	0	0	0	0	0	4.51876	-0.19476	0.0602859	0	0	2.22297	0	0	0	0.0816701	-0.0410384	-0.588643
2015-11-11 00:00:00	-2	-0.00597146	0.616792	0	-0.00229775	-0.00390864	0.0123164	0	0	0	0	0	0	0	0.426488	-0.194907	0.0603395	0	0	2.08876	0	0	0	0.0820626	-0.0402931	1.03938
2015-11-12 00:00:00	-6.34596	-0.00677666	0.556859	0	0.00173089	-0.0151058	0.0428767	0	0	0	0	0	0	0	3.43847	-0.195267	0.0604266	0	0	1.97997	0	0	0	0.0823626	-0.0387743	-0.439191
2015-11-13 00:00:00	-19.9324	-0.00174268	0.472089	0	0.00251382	-0.0509344	0.14205	0	0	0	0	0	0	0	12.4746	-0.197625	0.0608879	0	0	2.28647	0	0	0	0.0834458	-0.041336	-4.70199
2015-11-14 00:00:00	-14.5054	-0.0126328	0.470669	0	0.000231337	-0.0373498	0.104639	0	0	0	0	0	0	0	8.68112	-0.200494	0.0614769	0	0	2.71827	0	0	0	0.0850007	-0.0462087	-2.68071
2015-11-15 00:00:00	-27.8514	-0.00620374	0.538037	0	0.0351627	-0.0719403	0.200501	0	0	0	0	0	0	0	16.1622	-0.204719	0.0622844	0	0	3.49553	0	0	0	0.0869206	-0.0526952	-7.60629
2015-11-16 00:00:00	-15.2604	-0.00152513	0.458264	0	-0.0265488	-0.0396452	0.11196	0	0	0	0	0	0	0	8.69078	-0.208701	0.062953	0	0	4.35853	0	0	0	0.0889387	-0.0609079	-1.82629
2015-11-17 00:00:00	-14.5099	-0.0121387	0.424792	0	-0.00675577	-0.0373257	0.104929	0	0	0	0	0	0	0	8.02487	-0.211225	0.0634411	0	0	4.50094	0	0	0	0.0905271	-0.0616	-1.62947
2015-11-18 00:00:00	-20.2964	-0.00455183	0.478322	0	0.0602393	-0.0522645	0.146527	0	0	0	0	0	0	0	10.9528	-0.214126	0.06405	0	0	4.8685	0	0	0	0.0922914	-0.0643966	-3.96898
2015-11-19 00:00:00	-2.59099	-0.013417	0.433676	0	-0.0257702	-0.00633696	0.0194176	0	0	0	0	0	0	0	1.20824	-0.215018	0.0643219	0	0	4.71322	0	0	0	0.0935965	-0.0642163	3.61672
2015-11-20 00:00:00	-7.96397	-0.00275482	0.366386	0	-0.0380173	-0.0197929	0.0565737	0	0	0	0	0	0	0	3.93204	-0.215403	0.0644669	0	0	4.23652	0	0	0	0.0942398	-0.0597454	0.450539
2015-11-21 00:00:00	-1.79099	-0.0119672	0.331616	0	0.000466218	-0.00415734	0.0130393	0	0	0	0	0	0	0	0.358183	-0.215441	0.0645282	0	0	3.81893	0	0	0	0.0948224	-0.057288	2.60174
2015-11-22 00:00:00	-6.73695	-0.00704759	0.30519	0	0.00241304	-0.0168027	0.0479829	0	0	0	0	0	0	0	3.136	-0.21578	0.0646307	0	0	3.46974	0	0	0	0.0953166	-0.0533898	0.0912988
2015-11-23 00:00:00	-5.92344	-0.00877845	0.351599	0	-0.00390667	-0.01488	0.0429333	0	0	0	0	0	0	0	2.70255	-0.216306	0.0647707	0	0	3.26896	0	0	0	0.0960022	-0.051687	0.307811
2015-11-24 00:00:00	-0.809007	-0.00463593	0.394485	0	-0.00235092	-0.00135758	0.00594904	0	0	0	0	0	0	0	-0.333467	-0.216114	0.064766	0	0	2.94074	0	0	0	0.0963725	-0.0494899	2.0859
2015-11-25 00:00:00	0	-0.345395	0.370698	0	-0.00084832	-4.80728E-05	0.00190777	0	0	0	0	0	0	0	-0.623192	-0.215627	0.0646928	0	0	2.55146	0	0	0	0.0964189	-0.0461085	1.85396
2015-11-26 00:00:00	-0.8	0.312487	0.437608	0	0.00043968	0	0.00138678	0	0	0	0	0	0	0	-0.442423	-0.2152	0.0646251	0	0	2.24038	0	0	0	0.0964161	-0.0427464	1.65297
2015-11-27 00:00:00	-11.9324	0.00674764	0.369671	0	0.00429615	-0.0298697	0.0847407	0	0	0	0	0	0	0	5.79468	-0.216303	0.0648618	0	0	2.29171	0	0	0	0.0968755	-0.0418668	-3.5069
2015-11-28 00:00:00	-12.3099	-0.00905223	0.337077	0	0.000535812	-0.0317246	0.0896727	0	0	0	0	0	0	0	6.38338	-0.218041	0.0652516	0	0	2.5986	0	0	0	0.097982	-0.0450551	-3.0413
2015-11-29 00:00:00	-21.9009	-0.00755519	0.308856	0	0.00269543	-0.0568197	0.159105	0	0	0	0	0	0	0	11.4162	-0.221054	0.0660338	0	0	3.31905	0	0	0	0.0995826	-0.0506144	-6.86539
2015-11-30 00:00:00	-3.98649	-0.00773436	0.29156	0	-0.00546505	-0.0103414	0.0316253	0	0	0	0	0	0	0	1.6667	-0.222412	0.0666647	0	0	3.53047	0	0	0	0.101235	-0.0545579	1.40126
2015-12-01 00:00:00	-7.37298	-0.0111071	0.46052	0	0.00302095	-0.0180925	0.0523775	0	0	0	0	0	0	0	3.32831	-0.223065	0.0668232	0	0	3.3233	0	0	0	0.10183	-0.0525309	-0.341595
2015-12-02 00:00:00	-8.72794	-0.00712354	0.373353	0	0.00441134	-0.0220929	0.0635417	0	0	0	0	0	0	0	4.06176	-0.224278	0.0670692	0	0	3.27699	0	0	0	0.102678	-0.0513718	-1.08301
2015-12-03 00:00:00	-21.9973	-0.00488575	0.259742	0	0.00412799	-0.0573363	0.164548	0	0	0	0	0	0	0	10.7882	-0.227394	0.0677227	0	0	3.79586	0	0	0	0.104111	-0.05492	-7.15753
2015-12-04 00:00:00	-27.3189	-0.00450234	0.32935	0	0.00612279	-0.0711334	0.206703	0	0	0	0	0	0	0	14.2765	-0.23261	0.0688725	0	0	5.05299	0	0	0	0.106924	-0.0640666	-7.64375
2015-12-05 00:00:00	-35.9595	-0.012403	0.373288	0	0.68642	-0.0947083	0.302217	0	0	0	0	0	0	0	18.7046	-0.238702	0.0702828	0	0	6.83601	0	0	0	0.110348	-0.0764263	-9.29856
2015-12-06 00:00:00	-8.82702	-0.0084116	0.306174	0	-0.551799	-0.0230601	0.0734509	0	0	0	0	0	0	0	4.02365	-0.242582	0.0711803	0	0	7.46453	0	0	0	0.112887	-0.0817833	2.31721
2015-12-07 00:00:00	-2.98649	-0.0085375	0.335721	0	-0.103881	-0.00724337	0.0258139	0	0	0	0	0	0	0	0.398352	-0.243603	0.0713595	0	0	6.57602	0	0	0	0.113927	-0.0772012	4.09424
2015-12-08 00:00:00	-1.9955	-0.0124474	0.339318	0	-0.0356104	-0.00440826	0.0160906	0	0	0	0	0	0	0	-0.241061	-0.244247	0.0712647	0	0	5.60113	0	0	0	0.114531	-0.0707145	3.53835
2015-12-09 00:00:00	-6.12344	-0.00309985	0.329711	0	-0.00633066	-0.0151785	0.0472464	0	0	0	0	0	0	0	2.16807	-0.245051	0.0713546	0	0	5.02956	0	0	0	0.115169	-0.0657205	1.30229
2015-12-10 00:00:00	-0.595496	-0.0114673	0.293784	0	-0.00299604	-0.00112995	0.00667487	0	0	0	0	0	0	0	-0.767898	-0.245012	0.0713028	0	0	4.38721	0	0	0	0.115804	-0.0619408	3.18883
2015-12-11 00:00:00	-3.20901	-0.00365329	0.276883	0	0.00151	-0.00743747	0.0251267	0	0	0	0	0	0	0	0.728333	-0.245058	0.0712877	0	0	3.89602	0	0	0	0.11611	-0.0573219	1.59279
2015-12-12 00:00:00	-1.77748	-0.0102568	0.257212	0	-0.000661646	-0.00412005	0.0147958	0	0	0	0	0	0	0	0.00633669	-0.245173	0.0712545	0	0	3.45396	0	0	0	0.116519	-0.0540798	1.8283
2015-12-13 00:00:00	-0.990993	-0.00229736	0.201351	0	-0.000676339	-0.00211791	0.010221	0	0	0	0	0	0	0	-0.51946	-0.245042	0.0712022	0	0	3.05917	0	0	0	0.116805	-0.0506307	1.64753
2015-12-14 00:00:00	-0.2	-0.0863893	0.279864	0	-0.00135152	-0.000110712	0.00320232	0	0	0	0	0	0	0	-0.719901	-0.244708	0.071123	0	0	2.66863	0	0	0	0.116926	-0.047912	1.83937
2015-12-15 00:00:00	-1.96397	0.0682996	0.315853	0	0.00120704	-0.00395637	0.0148124	0	0	0	0	0	0	0	0.107666	-0.244668	0.0710999	0	0	2.41846	0	0	0	0.117288	-0.0440763	0.858015
2015-12-16 00:00:00	-0.00450358	-0.326258	0.354512	0	-0.00223388	-0.000168889	0.00342193	0	0	0	0	0	0	0	-0.779293	-0.244405	0.0710447	0	0	2.1528	0	0	0	0.117568	-0.0423488	1.30013
2015-12-17 00:00:00	-4.17748	0.310925	0.363606	0	0.00364989	-0.00875579	0.0282564	0	0	0	0	0	0	0	1.37773	-0.244616	0.0711042	0	0	2.03208	0	0	0	0.117816	-0.0396152	-0.165304
2015-12-18 00:00:00	-0.8	-0.0119443	0.345236	0	-0.00170533	-0.00139867	0.00668352	0	0	0	0	0	0	0	-0.561563	-0.244688	0.0711024	0	0	1.89888	0	0	0	0.118055	-0.0389712	0.779682
2015-12-19 00:00:00	-1.77748	-0.00548453	0.385589	0	0.000678854	-0.00357252	0.0137987	0	0	0	0	0	0	0	0.240178	-0.245004	0.0711575	0	0	1.75473	0	0	0	0.118066	-0.0367121	0.515943
2015-12-20 00:00:00	-23.9392	-0.0103691	0.313722	0	0.00880579	-0.0615454	0.175913	0	0	0	0	0	0	0	13.0118	-0.248305	0.0719792	0	0	2.37403	0	0	0	0.119627	-0.0407166	-8.22426
2015-12-21 00:00:00	-2.45855	-0.00680634	0.29808	0	-0.00773155	-0.00624164	0.0235177	0	0	0	0	0	0	0	0.425827	-0.250103	0.0723334	0	0	2.8068	0	0	0	0.120913	-0.0480204	0.970024
2015-12-22 00:00:00	-4.04504	-0.00817682	0.322644	0	0.000543011	-0.00954416	0.0308353	0	0	0	0	0	0	0	1.39032	-0.250897	0.0723853	0	0	2.63746	0	0	0	0.121232	-0.0463472	0.215413
2015-12-23 00:00:00	-3.0563	-0.00491118	0.293916	0	-0.000591394	-0.00712519	0.023967	0	0	0	0	0	0	0	0.857194	-0.251541	0.0724558	0	0	2.49339	0	0	0	0.121628	-0.0451507	0.496938
2015-12-24 00:00:00	-20.5369	-0.00916711	0.274723	0	0.00601056	-0.0528622	0.152545	0	0	0	0	0	0	0	11.147	-0.254552	0.0731409	0	0	3.03138	0	0	0	0.123166	-0.0480189	-6.09355
2015-12-25 00:00:00	-5.91218	-0.0064122	0.250794	0	-0.00464159	-0.0155711	0.0496597	0	0	0	0	0	0	0	2.31382	-0.257245	0.0735964	0	0	3.4581	0	0	0	0.125231	-0.053651	0.0214984
2015-12-26 00:00:00	-42.7189	-0.00560715	0.262459	0	0.0944012	-0.117968	0.31919	0	0	0	0	0	0	0	22.7423	-0.265016	0.0750679	0	0	5.23585	0	0	0	0.127578	-0.0647266	-14.3154
2015-12-27 00:00:00	-0.604504	-0.0101778	0.285888	0	-0.0962582	-0.00315751	0.0127843	0	0	0	0	0	0	0	-0.772262	-0.269826	0.0763488	0	0	6.04527	0	0	0	0.131283	-0.0739913	4.72139
2015-12-28 00:00:00	0	-0.318409	0.341202	0	-0.00120041	-3.61392E-05	0.00514775	0	0	0	0	0	0	0	-0.690499	-0.269762	0.0767042	0	0	5.06926	0	0	0	0.131625	-0.0687508	4.27528
2015-12-29 00:00:00	-4.35046	0.305141	0.329688	0	0.0025563	-0.00937505	0.030536	0	0	0	0	0	0	0	1.14682	-0.269777	0.0767841	0	0	4.49771	0	0	0	0.132651	-0.0625446	1.82973
2015-12-30 00:00:00	-15.982	-0.010803	0.315186	0	0.00370472	-0.040828	0.119072	0	0	0	0	0	0	0	7.60352	-0.272803	0.0772852	0	0	4.66348	0	0	0	0.133953	-0.0618134	-3.45203
2015-12-31 00:00:00	-4.8045	-0.00661964	0.260128	0	-0.00349189	-0.0123053	0.0401843	0	0	0	0	0	0	0	1.53674	-0.274828	0.07776	0	0	4.63427	0	0	0	0.136355	-0.0629246	1.52076
2016-01-01 00:00:00	-2.02702	-0.00746859	0.254868	0	-0.00129756	-0.00470197	0.0177995	0	0	0	0	0	0	0	0.186971	-0.277001	0.0778605	0	0	4.09239	0	0	0	0.137247	-0.0605191	2.38913
2016-01-02 00:00:00	-10.7775	-0.0087064	0.301642	0	0.00350354	-0.0271947	0.0806201	0	0	0	0	0	0	0	5.13637	-0.279502	0.0782717	0	0	4.12335	0	0	0	0.138346	-0.0577975	-1.28858
2016-01-03 00:00:00	-17.937	-0.00993864	0.269386	0	0.00433266	-0.0493974	0.136029	0	0	0	0	0	0	0	8.56947	-0.284241	0.0789098	0	0	4.7381	0	0	0	0.14043	-0.0614713	-4.40534
2016-01-04 00:00:00	-10.1775	-0.0052901	0.258696	0	-0.00439826	-0.0327455	0.0824221	0	0	0	0	0	0	0	4.35531	-0.289298	0.0797978	0	0	5.18398	0	0	0	0.143162	-0.0663266	-0.472172
2016-01-05 00:00:00	-23.9685	-0.00686751	0.269994	0	0.0094708	-0.0749804	0.184468	0	0	0	0	0	0	0	11.7683	-0.296322	0.0820237	0	0	6.21548	0	0	0	0.146654	-0.0717138	-5.74193
2016-01-06 00:00:00	-1.4045	-0.00938219	0.240495	0	-0.0112882	-0.00777841	0.0183287	0	0	0	0	0	0	0	-0.30174	-0.300182	0.0831195	0	0	6.25475	0	0	0	0.149672	-0.076466	4.63503
2016-01-07 00:00:00	-13.964	-0.00500511	0.295098	0	0.00267654	-0.0418132	0.106942	0	0	0	0	0	0	0	6.22171	-0.302982	0.0837494	0	0	6.06603	0	0	0	0.152204	-0.0730231	-1.45839
2016-01-08 00:00:00	-0.6	-0.0119521	0.238599	0	-0.00116624	-0.00320901	0.00936509	0	0	0	0	0	0	0	-0.6633	-0.306502	0.0850106	0	0	5.56344	0	0	0	0.155313	-0.0728851	4.39272
2016-01-09 00:00:00	-12.0676	-0.00437849	0.23876	0	0.000602749	-0.0350701	0.0919787	0	0	0	0	0	0	0	4.96419	-0.310782	0.0854471	0	0	5.41972	0	0	0	0.157037	-0.068952	-1.529
2016-01-10 00:00:00	-29.9595	-0.0101964	0.277274	0	0.0511978	-0.0937821	0.22972	0	0	0	0	0	0	0	14.1712	-0.322185	0.0887293	0	0	7.1445	0	0	0	0.161225	-0.0760184	-8.33785
2016-01-11 00:00:00	-4	-0.00545189	0.279165	0	-0.0520312	-0.017866	0.0399059	0	0	0	0	0	0	0	0.975688	-0.329462	0.0896411	0	0	7.4856	0	0	0	0.166032	-0.0844227	4.5468
2016-01-12 00:00:00	-15.7081	-0.00687992	0.256467	0	0.00229874	-0.048998	0.121134	0	0	0	0	0	0	0	6.47526	-0.336502	0.091479	0	0	7.40422	0	0	0	0.17116	-0.08169	-1.66013
2016-01-13 00:00:00	-1.79099	-0.0101806	0.270622	0	-0.00506217	-0.00818991	0.0192991	0	0	0	0	0	0	0	-0.00195834	-0.339849	0.092844	0	0	6.90424	0	0	0	0.175501	-0.0803607	5.22592
2016-01-14 00:00:00	-0.6	-0.00504337	0.222526	0	-0.000513176	-0.00178299	0.00812228	0	0	0	0	0	0	0	-0.689811	-0.34361	0.0927226	0	0	5.85247	0	0	0	0.176747	-0.0746912	4.63714
2016-01-15 00:00:00	-1.59099	-0.00746027	0.218093	0	0.000796367	-0.00387182	0.0140124	0	0	0	0	0	0	0	-0.327194	-0.34832	0.0944859	0	0	5.06695	0	0	0	0.177843	-0.0686352	3.22571
2016-01-16 00:00:00	0	-0.179479	0.179478	0	-0.000885451	-0.000197954	0.00430779	0	0	0	0	0	0	0	-0.96572	-0.348635	0.0953622	0	0	4.37952	0	0	0	0.178563	-0.0636073	3.2787
2016-01-17 00:00:00	-0.786489	0.151968	0.26012	0	-0.000256683	-0.000774922	0.00585259	0	0	0	0	0	0	0	-0.837321	-0.350042	0.0954499	0	0	3.79889	0	0	0	0.17919	-0.0585473	2.45804
2016-01-18 00:00:00	-5.6045	0.00381868	0.234398	0	0.00215536	-0.015043	0.0441676	0	0	0	0	0	0	0	1.38114	-0.352626	0.0954385	0	0	3.62642	0	0	0	0.1799	-0.0551906	-0.45992
2016-01-19 00:00:00	-7.10542	-0.00950428	0.245104	0	0.00129999	-0.0218397	0.0557934	0	0	0	0	0	0	0	2.91203	-0.359416	0.0960513	0	0	3.71683	0	0	0	0.181186	-0.0556023	-0.343494
2016-01-20 00:00:00	-5.8784	-0.00647885	0.265562	0	0.000649336	-0.0183537	0.0473654	0	0	0	0	0	0	0	2.2976	-0.367111	0.096743	0	0	3.77265	0	0	0	0.181961	-0.056227	0.335955
2016-01-21 00:00:00	-0.827022	-0.00430675	0.339932	0	-0.00398057	-0.00363791	0.0105517	0	0	0	0	0	0	0	-0.93762	-0.36918	0.0967323	0	0	3.58221	0	0	0	0.182924	-0.0559319	2.01067
2016-01-22 00:00:00	-3.18649	-0.0094317	0.43882	0	0.000976655	-0.00814112	0.0239179	0	0	0	0	0	0	0	0.48954	-0.371848	0.0968143	0	0	3.25682	0	0	0	0.183203	-0.0526641	0.861518
2016-01-23 00:00:00	-0.6	-0.00262695	0.439648	0	-0.00124545	-0.000829061	0.00579543	0	0	0	0	0	0	0	-1.07482	-0.372509	0.0970231	0	0	2.94705	0	0	0	0.183317	-0.0501091	1.5707
2016-01-24 00:00:00	-2.57748	-0.00401818	0.50682	0	0.00116597	-0.00561235	0.0188603	0	0	0	0	0	0	0	0.1949	-0.372664	0.097147	0	0	2.69737	0	0	0	0.183283	-0.047908	0.691859
2016-01-25 00:00:00	-2.01351	-0.00828161	0.469243	0	-0.000528248	-0.00451542	0.0151775	0	0	0	0	0	0	0	0.104661	-0.373704	0.0970105	0	0	2.51953	0	0	0	0.183327	-0.0466209	0.941784
2016-01-26 00:00:00	-11.973	-0.00869692	0.476135	0	0.00466779	-0.0349667	0.0889121	0	0	0	0	0	0	0	4.90136	-0.375754	0.0974536	0	0	2.89589	0	0	0	0.18363	-0.047272	-3.79162
2016-01-27 00:00:00	-17.4	3.41323E-05	0.408192	0	0.000785392	-0.0553846	0.133621	0	0	0	0	0	0	0	7.60145	-0.38283	0.0983396	0	0	3.98373	0	0	0	0.185389	-0.0554241	-5.4821
2016-01-28 00:00:00	-4.98199	-0.00259488	0.436349	0	-0.00295374	-0.0178152	0.0418871	0	0	0	0	0	0	0	0.963639	-0.387409	0.0988167	0	0	4.44421	0	0	0	0.187593	-0.0623872	0.71735
2016-01-29 00:00:00	-10.0495	-0.0122983	0.452351	0	0.00170618	-0.0311273	0.075854	0	0	0	0	0	0	0	3.61575	-0.391545	0.0995799	0	0	4.59578	0	0	0	0.188653	-0.0625926	-1.51743
2016-01-30 00:00:00	-1.01351	0.00226658	0.353727	0	-0.00395143	-0.00484554	0.0123151	0	0	0	0	0	0	0	-0.867725	-0.392908	0.10049	0	0	4.34201	0	0	0	0.18887	-0.0631779	2.65356
2016-01-31 00:00:00	-13.5775	-0.0134655	0.395458	0	0.00566873	-0.0408064	0.101071	0	0	0	0	0	0	0	5.78851	-0.396605	0.100872	0	0	4.63341	0	0	0	0.189077	-0.0618832	-2.87617
2016-02-01 00:00:00	-11.7171	-0.00560501	0.507233	0	-0.000981537	-0.0377004	0.0898343	0	0	0	0	0	0	0	3.97673	-0.401581	0.102013	0	0	5.34989	0	0	0	0.190051	-0.0667415	-2.01395
2016-02-02 00:00:00	-3.13511	-0.00796676	0.458315	0	-0.00372435	-0.011604	0.0260263	0	0	0	0	0	0	0	0.0579242	-0.404393	0.102651	0	0	5.18294	0	0	0	0.190591	-0.0687306	2.38693
2016-02-03 00:00:00	-0.609007	-0.00202605	0.453642	0	-0.00193389	-0.00258332	0.00696008	0	0	0	0	0	0	0	-1.04433	-0.403621	0.102737	0	0	4.53553	0	0	0	0.19073	-0.064299	3.1618
2016-02-04 00:00:00	-3.38199	-0.011355	0.524352	0	0.00202238	-0.00928136	0.0247406	0	0	0	0	0	0	0	0.264975	-0.403339	0.103085	0	0	4.09407	0	0	0	0.190628	-0.0597955	1.33811
2016-02-05 00:00:00	-5.45404	0.00943313	0.550339	0	0.000758081	-0.0162226	0.0416567	0	0	0	0	0	0	0	1.06853	-0.404012	0.103406	0	0	3.95811	0	0	0	0.190466	-0.0585236	-0.0101097
2016-02-06 00:00:00	-1.19099	-0.00565541	0.507618	0	-0.00217741	-0.00415961	0.0106564	0	0	0	0	0	0	0	-0.747075	-0.405615	0.104325	0	0	3.63807	0	0	0	0.191173	-0.0576293	2.03854
2016-02-07 00:00:00	-2.63603	-0.0141463	0.480198	0	0.000729402	-0.00718385	0.018967	0	0	0	0	0	0	0	0.160286	-0.40706	0.105142	0	0	3.3299	0	0	0	0.191824	-0.0539909	1.16863
2016-02-08 00:00:00	-1.42252	0.00408426	0.527342	0	-0.000492376	-0.00375938	0.011574	0	0	0	0	0	0	0	-0.645992	-0.406868	0.105068	0	0	3.06258	0	0	0	0.19139	-0.0510321	1.37138
2016-02-09 00:00:00	-5.08557	-0.0048853	0.516913	0	0.00126221	-0.0146237	0.0373301	0	0	0	0	0	0	0	1.47753	-0.407345	0.105127	0	0	2.98285	0	0	0	0.190796	-0.049976	-0.250584
2016-02-10 00:00:00	-0.195496	-0.261386	0.476743	0	-0.00234823	-0.00169075	0.00490848	0	0	0	0	0	0	0	-1.22581	-0.407721	0.105089	0	0	2.78904	0	0	0	0.190387	-0.0493211	1.42239
2016-02-11 00:00:00	-0.195496	-0.23514	0.477483	0	-0.00159077	-0.000995458	0.00398513	0	0	0	0	0	0	0	-0.547599	-0.407389	0.1048	0	0	2.44577	0	0	0	0.189507	-0.0468221	1.78652
2016-02-12 00:00:00	-0.195496	-0.202248	0.439293	0	-0.000721972	-0.000571221	0.00367682	0	0	0	0	0	0	0	-1.02073	-0.408471	0.104507	0	0	2.20726	0	0	0	0.188952	-0.0427153	1.07274
2016-02-13 00:00:00	-7.08557	0.676489	0.456742	0	0.00533556	-0.0172915	0.0460042	0	0	0	0	0	0	0	2.39169	-0.409436	0.104509	0	0	2.26195	0	0	0	0.188108	-0.0423048	-1.42377
2016-02-14 00:00:00	-1.01351	-0.00963952	0.482838	0	-0.00225675	-0.00332261	0.00868983	0	0	0	0	0	0	0	-1.02743	-0.410499	0.10437	0	0	2.33624	0	0	0	0.187682	-0.0435905	0.60957
2016-02-15 00:00:00	-0.102252	-0.304537	0.440633	0	-0.00163974	-0.000595327	0.00145759	0	0	0	0	0	0	0	0.0467251	-0.410001	0.103977	0	0	2.04406	0	0	0	0.186993	-0.0424137	1.96241
2016-02-16 00:00:00	-19.2352	0.300631	0.57241	0	0.00749904	-0.0611109	0.146185	0	0	0	0	0	0	0	7.53697	-0.413534	0.104613	0	0	2.88918	0	0	0	0.186452	-0.0458351	-8.01175
2016-02-17 00:00:00	-10.5775	-0.0169163	0.510075	0	-0.00010512	-0.0425766	0.0835196	0	0	0	0	0	0	0	3.36993	-0.418748	0.105454	0	0	4.09178	0	0	0	0.186504	-0.0579176	-2.76648
2016-02-18 00:00:00	-0.395496	-0.107976	0.507937	0	-0.00638467	-0.00684129	0.00844835	0	0	0	0	0	0	0	-1.24528	-0.420419	0.105671	0	0	4.00216	0	0	0	0.186313	-0.0597466	2.56839
2016-02-19 00:00:00	-2.03153	0.108633	0.646456	0	0.000912214	-0.00499177	0.0143741	0	0	0	0	0	0	0	-0.434462	-0.420985	0.105666	0	0	3.55237	0	0	0	0.185805	-0.0556228	1.66663
2016-02-20 00:00:00	-3.67656	-0.0157588	0.651168	0	0.00106255	-0.00976216	0.025288	0	0	0	0	0	0	0	0.522838	-0.421201	0.105677	0	0	3.3279	0	0	0	0.185316	-0.0533692	0.642599
2016-02-21 00:00:00	-3.65855	0.0114172	0.693011	0	0.000174765	-0.0106709	0.0267694	0	0	0	0	0	0	0	0.252582	-0.422508	0.105847	0	0	3.20841	0	0	0	0.18497	-0.0518338	0.339626
2016-02-22 00:00:00	-0.2	-0.384669	0.631814	0	-0.00343	-0.00186639	0.0044358	0	0	0	0	0	0	0	-0.85445	-0.42268	0.105714	0	0	2.91449	0	0	0	0.184381	-0.0506208	1.92312
2016-02-23 00:00:00	0	-0.440543	0.523806	0	-0.00159034	-0.000915942	0.00461961	0	0	0	0	0	0	0	-0.981001	-0.422282	0.105553	0	0	2.57109	0	0	0	0.183778	-0.0467216	1.49579
2016-02-24 00:00:00	-0.195496	-0.264725	0.527447	0	-0.000978923	-0.000674874	0.00347246	0	0	0	0	0	0	0	-0.771507	-0.42174	0.105449	0	0	2.27522	0	0	0	0.183069	-0.0440274	1.3955
2016-02-25 00:00:00	0	-0.225099	0.543967	0	-0.00630023	-0.000630516	0.00272338	0	0	0	0	0	0	0	-0.688419	-0.421524	0.10544	0	0	2.03315	0	0	0	0.182391	-0.0411186	1.48458
2016-02-26 00:00:00	0	-0.229883	0.555147	0	-0.00546319	-0.000659041	0.00362847	0	0	0	0	0	0	0	-0.955833	-0.421091	0.105293	0	0	1.82787	0	0	0	0.181666	-0.0381987	1.02248
2016-02-27 00:00:00	0	-0.185267	0.523092	0	-0.00550219	-0.00060632	0.00335097	0	0	0	0	0	0	0	-0.753701	-0.420453	0.105055	0	0	1.63199	0	0	0	0.180981	-0.0362276	1.04271
2016-02-28 00:00:00	-0.2	-0.00375059	0.600681	0	-0.00575853	-0.000535912	0.00269283	0	0	0	0	0	0	0	-0.90722	-0.419704	0.104943	0	0	1.49386	0	0	0	0.180188	-0.0342355	0.811158
2016-02-29 00:00:00	-5.15046	1.68744	0.694511	0	0.0286026	-0.00104406	0.0117339	0	0	0	0	0	0	0	1.02106	-0.419319	0.104874	0	0	1.46583	0	0	0	0.179512	-0.0328306	-0.410089
2016-03-01 00:00:00	-9.90358	0.00908355	0.859787	0	0.00228746	-0.0277567	0.0704	0	0	0	0	0	0	0	3.53879	-0.420367	0.105143	0	0	1.90272	0	0	0	0.179067	-0.0370925	-3.72153
2016-03-02 00:00:00	-1.0045	-0.0161212	0.759632	0	-0.00372262	-0.00314796	0.00717361	0	0	0	0	0	0	0	-1.04162	-0.420618	0.105468	0	0	2.14262	0	0	0	0.178507	-0.041233	0.662427
2016-03-03 00:00:00	-0.790993	-0.0112683	0.733244	0	-0.000413286	-0.00127054	0.00489403	0	0	0	0	0	0	0	-0.484859	-0.419716	0.105518	0	0	1.96614	0	0	0	0.177717	-0.0396678	1.23932
2016-03-04 00:00:00	-7.63152	0.0194643	0.761057	0	0.00323168	-0.0212384	0.0544384	0	0	0	0	0	0	0	2.64336	-0.420115	0.105626	0	0	2.12478	0	0	0	0.177136	-0.0400749	-2.22386
2016-03-05 00:00:00	-1.39099	-0.0134693	0.811884	0	-0.00262385	-0.00370313	0.00936211	0	0	0	0	0	0	0	-0.708319	-0.42018	0.105676	0	0	2.2444	0	0	0	0.176659	-0.0424871	0.76621
2016-03-06 00:00:00	-0.390993	-0.250598	0.677611	0	-0.00155359	-0.00116433	0.00397718	0	0	0	0	0	0	0	-0.647058	-0.419522	0.10554	0	0	2.05464	0	0	0	0.176001	-0.0407348	1.26614
2016-03-07 00:00:00	-2.0045	0.254998	0.975314	0	0.00171271	-0.00212197	0.00952823	0	0	0	0	0	0	0	-0.403206	-0.418844	0.105411	0	0	1.90694	0	0	0	0.175431	-0.0387341	0.561925
2016-03-08 00:00:00	-4.17748	-0.00190016	0.825944	0	0.000923342	-0.0108893	0.0290175	0	0	0	0	0	0	0	1.03578	-0.418789	0.1054	0	0	1.93943	0	0	0	0.174685	-0.0393003	-0.537181
2016-03-09 00:00:00	-3.18649	-0.00950706	0.833221	0	-0.000264336	-0.00834221	0.0217321	0	0	0	0	0	0	0	0.356938	-0.418807	0.105424	0	0	2.03124	0	0	0	0.174212	-0.0398302	-0.140475
2016-03-10 00:00:00	-0.395496	-0.383154	0.838814	0	-0.00262342	-0.00124764	0.00421255	0	0	0	0	0	0	0	-1.0413	-0.418193	0.105396	0	0	1.93714	0	0	0	0.173746	-0.0392924	0.778004
2016-03-11 00:00:00	-1.8	0.372364	0.893674	0	0.00182625	-0.00130672	0.0068495	0	0	0	0	0	0	0	-0.157888	-0.417524	0.105323	0	0	1.80133	0	0	0	0.173	-0.0374819	0.940164
2016-03-12 00:00:00	-0.395496	-0.601142	1.09634	0	-0.00246689	-0.000761374	0.00423275	0	0	0	0	0	0	0	-0.846554	-0.416926	0.105186	0	0	1.69775	0	0	0	0.172339	-0.0364003	0.776101
2016-03-13 00:00:00	-0.00450358	-0.600207	0.976368	0	-0.00723601	-0.0004309	0.00245598	0	0	0	0	0	0	0	-1.03509	-0.415787	0.104946	0	0	1.53379	0	0	0	0.171841	-0.0355873	0.690558
2016-03-14 00:00:00	0	-0.453102	1.24918	0	-0.0133093	-0.000642869	0.00277666	0	0	0	0	0	0	0	-0.837761	-0.415237	0.104817	0	0	1.43443	0	0	0	0.170679	-0.0331877	1.20864
2016-03-15 00:00:00	0	-0.00724842	0.81707	0	-0.0113571	-0.000522291	0.00245405	0	0	0	0	0	0	0	-1.01811	-0.414351	0.104616	0	0	1.29762	0	0	0	0.170227	-0.0306484	0.909752
2016-03-16 00:00:00	0	-0.00825995	0.928807	0	-0.011369	-0.000582295	0.00249373	0	0	0	0	0	0	0	-0.886703	-0.413398	0.104421	0	0	1.18081	0	0	0	0.169593	-0.0287173	1.0371
2016-03-17 00:00:00	-0.195496	-0.00766665	0.908943	0	-0.00702774	-0.000490918	0.00278413	0	0	0	0	0	0	0	-0.844	-0.412468	0.104223	0	0	1.08504	0	0	0	0.168792	-0.0272346	0.775403
2016-03-18 00:00:00	-0.195496	-0.00831794	0.980194	0	-0.00664416	-0.000473434	0.00215108	0	0	0	0	0	0	0	-0.8391	-0.411466	0.104023	0	0	1.01304	0	0	0	0.167797	-0.0262472	0.779458
2016-03-19 00:00:00	0	-0.00874467	0.976236	0	-0.00239214	-0.000455134	0.00250925	0	0	0	0	0	0	0	-1.04471	-0.410528	0.103838	0	0	0.950108	0	0	0	0.167029	-0.0252496	0.707641
2016-03-20 00:00:00	0	-0.00982383	1.09362	0	-0.000417225	-0.000459567	0.00171351	0	0	0	0	0	0	0	-0.966834	-0.409551	0.103588	0	0	0.880054	0	0	0	0.166347	-0.0239811	0.834254
2016-03-21 00:00:00	0	-0.00990011	1.10011	0	0.000788898	-0.000259872	0.00192202	0	0	0	0	0	0	0	-1.47106	-0.408019	0.103316	0	0	0.776633	0	0	0	0.165818	-0.0227556	0.236594
2016-03-22 00:00:00	0	-0.00653032	1.12876	0	-0.000747018	-0.000468968	0.00167879	0	0	0	0	0	0	0	-0.944893	-0.407207	0.103159	0	0	0.751255	0	0	0	0.165049	-0.0209991	0.769056
2016-03-23 00:00:00	-0.395496	0	1.14844	0	-0.000902337	-6.88152E-06	0.000192239	0	0	0	0	0	0	0	-0.217451	-0.406081	0.102857	0	0	0.726857	0	0	0	0.16416	-0.020471	1.1021
2016-03-24 00:00:00	-3.01351	1.11753	1.29519	0	0.000978258	-2.00246E-05	0.00629015	0	0	0	0	0	0	0	-0.248557	-0.405693	0.102783	0	0	0.750227	0	0	0	0.163402	-0.0204355	-0.251816
2016-03-25 00:00:00	0	-1.00161	1.25675	0	-0.000373062	-0.000170791	0.00230646	0	0	0	0	0	0	0	-0.382995	-0.404983	0.102631	0	0	0.801765	0	0	0	0.16242	-0.0212793	0.514465
2016-03-26 00:00:00	-4.78199	1.49897	1.43366	0	0.000273161	-0.000202102	0.00617985	0	0	0	0	0	0	0	0.896343	-0.404479	0.102524	0	0	0.862584	0	0	0	0.161432	-0.0221153	-0.246807
2016-03-27 00:00:00	-8.3306	0.0684492	1.28145	0	0.0591346	-0.000332029	0.0116396	0	0	0	0	0	0	0	3.08765	-0.404989	0.102669	0	0	1.14762	0	0	0	0.160645	-0.0266511	-2.84332
2016-03-28 00:00:00	-0.4	-0.65465	1.16341	0	-0.00349829	-0.0002792	0.00387878	0	0	0	0	0	0	0	-0.814513	-0.404907	0.102699	0	0	1.34504	0	0	0	0.159966	-0.0302998	0.466846
2016-03-29 00:00:00	-3.35046	0.61895	1.1861	0	0.00723902	-0.000643185	0.0103259	0	0	0	0	0	0	0	0.50172	-0.404295	0.102574	0	0	1.33538	0	0	0	0.159221	-0.0303652	0.135749
2016-03-30 00:00:00	-0.195496	-0.87575	1.22937	0	-0.00479627	-0.000382447	0.00408909	0	0	0	0	0	0	0	-0.616336	-0.403552	0.102421	0	0	1.32223	0	0	0	0.158744	-0.03043	0.69011
2016-03-31 00:00:00	-1.05855	-0.0690115	1.182	0	-0.00151364	-0.000293703	0.00327356	0	0	0	0	0	0	0	-0.496147	-0.402993	0.102315	0	0	1.27822	0	0	0	0.15783	-0.0297371	0.665396
2016-04-01 00:00:00	-0.6	-0.303738	1.26267	0	-0.00680899	-0.000270758	0.00246725	0	0	0	0	0	0	0	-0.6506	-0.402248	0.102165	0	0	1.22277	0	0	0	0.157088	-0.0290344	0.754454
2016-04-02 00:00:00	-2.1955	0.604606	1.5391	0	0.000743843	-0.000245123	0.00264343	0	0	0	0	0	0	0	-0.303329	-0.401509	0.102007	0	0	1.17885	0	0	0	0.156284	-0.02846	0.65519
2016-04-03 00:00:00	-0.6	-0.734354	1.46481	0	-0.00297653	-0.00023282	0.00347141	0	0	0	0	0	0	0	-0.395452	-0.400896	0.101858	0	0	1.14951	0	0	0	0.155379	-0.0277234	0.713388
2016-04-04 00:00:00	-8.55947	1.41576	1.57224	0	0.0167284	-0.00881014	0.0366454	0	0	0	0	0	0	0	2.51953	-0.401007	0.101878	0	0	1.285	0	0	0	0.154422	-0.0286453	-1.89572
2016-04-05 00:00:00	-4.8	-0.0150928	1.55907	0	-0.000776755	-0.00850104	0.027061	0	0	0	0	0	0	0	0.931204	-0.401349	0.101992	0	0	1.54209	0	0	0	0.153629	-0.0336243	-0.944299
2016-04-06 00:00:00	-2.84053	0.0271984	1.41916	0	-0.000899454	-0.00412672	0.014217	0	0	0	0	0	0	0	0.074102	-0.401163	0.101986	0	0	1.61257	0	0	0	0.153075	-0.0346411	0.120954
2016-04-07 00:00:00	-7.0045	-0.0125173	1.48589	0	0.00185484	-0.0166062	0.043776	0	0	0	0	0	0	0	2.21175	-0.401493	0.10209	0	0	1.76457	0	0	0	0.152571	-0.0360952	-1.70871
2016-04-08 00:00:00	-0.990993	-0.433298	1.49299	0	-0.00483827	-0.00168162	0.00434031	0	0	0	0	0	0	0	-0.771587	-0.401264	0.102084	0	0	1.80829	0	0	0	0.152121	-0.0376308	0.918536
2016-04-09 00:00:00	-3.4045	0.444037	1.47057	0	0.00319701	-0.00310944	0.013738	0	0	0	0	0	0	0	0.182861	-0.400904	0.102006	0	0	1.73221	0	0	0	0.151442	-0.0363337	0.255209
2016-04-10 00:00:00	-4.8	-0.0308401	1.41117	0	0.00105802	-0.0101401	0.0277528	0	0	0	0	0	0	0	1.1836	-0.400937	0.102032	0	0	1.80577	0	0	0	0.150968	-0.0369035	-0.596473
2016-04-11 00:00:00	0	-1.07063	1.46134	0	-0.0100713	-0.00120652	0.004094	0	0	0	0	0	0	0	-0.961768	-0.400552	0.101967	0	0	1.76537	0	0	0	0.150539	-0.0370794	1.002
2016-04-12 00:00:00	-4.2	1.09815	1.51014	0	0.00925662	-0.00195254	0.0114519	0	0	0	0	0	0	0	0.337841	-0.400103	0.101864	0	0	1.67076	0	0	0	0.150071	-0.0358046	0.251678
2016-04-13 00:00:00	-2.63153	0.00517456	1.30563	0	-0.000622025	-0.00384205	0.0133081	0	0	0	0	0	0	0	0.115317	-0.399946	0.101839	0	0	1.68179	0	0	0	0.149482	-0.0360374	0.300569
2016-04-14 00:00:00	-0.8	-0.721067	1.63754	0	-0.00377625	-0.000502262	0.003267	0	0	0	0	0	0	0	-0.698946	-0.399368	0.101724	0	0	1.60072	0	0	0	0.14899	-0.0353587	0.83323
2016-04-15 00:00:00	-2.83603	0.701854	1.43261	0	0.00373685	-0.000222851	0.00598551	0	0	0	0	0	0	0	-0.116373	-0.398702	0.101592	0	0	1.51295	0	0	0	0.148091	-0.0347313	0.520763
2016-04-16 00:00:00	-0.804504	-0.474548	1.36867	0	-0.00321414	-0.000252956	0.00334143	0	0	0	0	0	0	0	-0.343421	-0.398408	0.10153	0	0	1.46981	0	0	0	0.147462	-0.0333466	1.03312
2016-04-17 00:00:00	-0.195496	-0.80177	1.51915	0	-0.00961853	-0.000117306	0.00236515	0	0	0	0	0	0	0	-0.927354	-0.397584	0.101358	0	0	1.36194	0	0	0	0.147154	-0.0315694	0.768461
2016-04-18 00:00:00	-0.604504	-0.336454	1.66763	0	-0.0122461	-0.00015065	0.00193246	0	0	0	0	0	0	0	-0.727546	-0.397114	0.101259	0	0	1.28246	0	0	0	0.146373	-0.0299463	1.09169
2016-04-19 00:00:00	0	-0.0152186	1.69618	0	-0.0219732	-6.90796E-05	0.000156743	0	0	0	0	0	0	0	-0.966739	-0.395893	0.101004	0	0	1.11406	0	0	0	0.145982	-0.0289838	1.6285
2016-04-20 00:00:00	0	-0.0255766	2.84004	0	-0.0154479	-0.000136021	0.0010236	0	0	0	0	0	0	0	-2.48625	-0.395381	0.100895	0	0	0.994325	0	0	0	0.14514	-0.0262985	1.13233
2016-04-21 00:00:00	0	-0.0181273	2.00321	0	9.04519E-06	-9.30784E-05	0.000631031	0	0	0	0	0	0	0	-1.45953	-0.394537	0.100615	0	0	0.859144	0	0	0	0.144151	-0.0233131	1.21216
2016-04-22 00:00:00	0	-0.00643755	1.393	0	0.000269644	-2.12972E-05	0.00118647	0	0	0	0	0	0	0	-1.28266	-0.393244	0.100374	0	0	0.771408	0	0	0	0.143774	-0.0215629	0.706089
2016-04-23 00:00:00	-0.00450358	0	1.39463	0	-0.000648631	0	0.00116541	0	0	0	0	0	0	0	-1.07854	-0.392431	0.100257	0	0	0.732905	0	0	0	0.141784	-0.0207414	0.873878
2016-04-24 00:00:00	-1.59099	0	1.71828	0	0.000242071	0	0.00214806	0	0	0	0	0	0	0	-0.228881	-0.391787	0.100137	0	0	0.731488	0	0	0	0.141045	-0.0199003	0.461778
2016-04-25 00:00:00	-0.2	0	1.49691	0	-0.000793825	0	0.000901662	0	0	0	0	0	0	0	-1.11455	-0.391103	0.0999741	0	0	0.727174	0	0	0	0.140236	-0.020013	0.738734
2016-04-26 00:00:00	-2.41801	0.738901	1.59632	0	0.000968417	0	0.00294016	0	0	0	0	0	0	0	-0.132992	-0.390092	0.0997889	0	0	0.734454	0	0	0	0.139664	-0.0198316	0.352111
2016-04-27 00:00:00	-2.16847	0.218437	1.59367	0	-8.10498E-05	0	0.00319177	0	0	0	0	0	0	0	-0.130283	-0.389581	0.0996934	0	0	0.774444	0	0	0	0.138659	-0.0205189	0.119151
2016-04-28 00:00:00	-1.78649	0.109021	1.50317	0	0.000130599	0	0.0034149	0	0	0	0	0	0	0	-0.363994	-0.388988	0.0995732	0	0	0.819038	0	0	0	0.138067	-0.0212026	0.111744
2016-04-29 00:00:00	-0.454862	-0.971333	1.50375	0	-0.000413239	0	0.00247773	0	0	0	0	0	0	0	-0.444488	-0.388414	0.0995127	0	0	0.849291	0	0	0	0.137334	-0.0223476	0.31051
2016-04-30 00:00:00	-15.8442	1.60306	1.83482	0	0.0656765	-0.000680439	0.0257617	0	0	0	0	0	0	0	6.22867	-0.389344	0.0997426	0	0	1.19952	0	0	0	0.137276	-0.0258134	-5.06552
2016-05-01 00:00:00	-27.7695	-0.0363917	2.1982	0	0.00653235	-0.0745662	0.196159	0	0	0	0	0	0	0	11.4471	-0.393482	0.100563	0	0	2.53461	0	0	0	0.138006	-0.0407808	-11.6936
2016-05-02 00:00:00	-5.23153	0.0431992	2.2221	0	-0.00810237	-0.014102	0.031213	0	0	0	0	0	0	0	-0.0522093	-0.395451	0.100959	0	0	3.27023	0	0	0	0.138716	-0.0517942	0.0532336
2016-05-03 00:00:00	-3.47656	0.0170773	2.01776	0	-0.00106755	-0.00510031	0.014701	0	0	0	0	0	0	0	-0.375308	-0.395282	0.100973	0	0	3.05585	0	0	0	0.138568	-0.0506687	1.04093
2016-05-04 00:00:00	0	-1.3979	2.15427	0	-0.0150675	-0.00067693	0.00225569	0	0	0	0	0	0	0	-1.27759	-0.394704	0.100871	0	0	2.71066	0	0	0	0.13839	-0.0481791	1.97233
2016-05-05 00:00:00	0	-0.266695	2.00133	0	-0.0255892	-0.000196804	0.00101254	0	0	0	0	0	0	0	-1.84896	-0.393779	0.100666	0	0	2.27444	0	0	0	0.138308	-0.044743	1.9358
2016-05-06 00:00:00	0	-0.0174888	1.99936	0	-0.0188282	-0.000144652	0.000757784	0	0	0	0	0	0	0	-1.48983	-0.393141	0.100532	0	0	1.98575	0	0	0	0.137996	-0.0402872	2.26468
2016-05-07 00:00:00	-0.4	-0.0136163	1.88767	0	-0.00401335	-4.74023E-05	0.000156087	0	0	0	0	0	0	0	-0.740681	-0.391807	0.100266	0	0	1.62434	0	0	0	0.137845	-0.0377967	2.16231
2016-05-08 00:00:00	-0.195496	-0.0190254	2.22553	0	0.00103846	-4.36735E-05	0.00220846	0	0	0	0	0	0	0	-2.16202	-0.39147	0.100188	0	0	1.47564	0	0	0	0.137517	-0.0340616	1.14
2016-05-09 00:00:00	-0.2	-0.00725942	2.15418	0	-0.00110654	-1.50562E-05	0.000211569	0	0	0	0	0	0	0	-1.30571	-0.390567	0.0999988	0	0	1.27534	0	0	0	0.136661	-0.0301686	1.73156
2016-05-10 00:00:00	-0.00450358	0	2.58657	0	-0.00101216	0	0.00021202	0	0	0	0	0	0	0	-1.91918	-0.389195	0.0997015	0	0	1.04119	0	0	0	0.136501	-0.0282847	1.522
2016-05-11 00:00:00	0	0	2.13651	0	-0.00515161	0	0.000130102	0	0	0	0	0	0	0	-0.870698	-0.388229	0.0994818	0	0	0.909644	0	0	0	0.136243	-0.0258426	1.99209
2016-05-12 00:00:00	0	0	2.13343	0	-3.00662E-05	0	0	0	0	0	0	0	0	0	-1.92404	-0.387442	0.0992949	0	0	0.806562	0	0	0	0.135758	-0.0235387	0.839998
2016-05-13 00:00:00	0	0	1.81622	0	0.00039643	0	0	0	0	0	0	0	0	0	-1.22857	-0.386668	0.0990937	0	0	0.732656	0	0	0	0.134777	-0.0211988	1.14671
2016-05-14 00:00:00	0	0	3.96587	0	-0.00207108	0	0	0	0	0	0	0	0	0	-2.75474	-0.385946	0.0988469	0	0	0.58126	0	0	0	0.133315	-0.019942	1.61659
2016-05-15 00:00:00	0	0	2.48304	0	-2.36799E-05	0	0	0	0	0	0	0	0	0	-1.60539	-0.384796	0.0986158	0	0	0.490006	0	0	0	0.132968	-0.0175695	1.19685
2016-05-16 00:00:00	0	0	2.75449	0	-0.00057879	0	0	0	0	0	0	0	0	0	-2.05273	-0.38352	0.0984034	0	0	0.416993	0	0	0	0.132664	-0.0155572	0.950164
2016-05-17 00:00:00	-1.21351	0	2.82362	0	0.000697956	0	0	0	0	0	0	0	0	0	-1.19268	-0.38276	0.0981029	0	0	0.403505	0	0	0	0.132295	-0.0141521	0.655117
2016-05-18 00:00:00	-16.5144	1.73746	2.68811	0	0.00394844	0	0.0126789	0	0	0	0	0	0	0	6.68837	-0.384083	0.098386	0	0	0.69219	0	0	0	0.131799	-0.0166484	-4.86222
2016-05-19 00:00:00	-3.41801	-0.00324929	2.6108	0	0.00560209	0	0.00372375	0	0	0	0	0	0	0	-0.282691	-0.384288	0.0985059	0	0	1.03731	0	0	0	0.13174	-0.0253235	-0.225887
2016-05-20 00:00:00	-0.790993	-1.31237	2.67363	0	-0.00397153	0	0.00201688	0	0	0	0	0	0	0	-0.94117	-0.38356	0.0983527	0	0	1.04376	0	0	0	0.131263	-0.0260156	0.490944
2016-05-21 00:00:00	-5.19099	1.34382	2.79258	0	0.00885722	0	0.00361535	0	0	0	0	0	0	0	0.439835	-0.383022	0.0982193	0	0	1.03223	0	0	0	0.130887	-0.0256784	0.250351
2016-05-22 00:00:00	-3.95046	-0.0694605	2.60394	0	0.0132532	0	0.00336835	0	0	0	0	0	0	0	0.382887	-0.382616	0.098171	0	0	1.09512	0	0	0	0.130634	-0.0262599	-0.101424
2016-05-23 00:00:00	0	-1.61411	2.65357	0	-0.00934011	0	0.00107902	0	0	0	0	0	0	0	-1.18552	-0.382023	0.0980077	0	0	1.08443	0	0	0	0.130191	-0.0266875	0.749604
2016-05-24 00:00:00	0	-0.0701323	2.18501	0	-0.0168072	0	0	0	0	0	0	0	0	0	-1.19612	-0.380854	0.0976042	0	0	0.934945	0	0	0	0.129881	-0.0261906	1.65733
2016-05-25 00:00:00	0	-0.00805968	2.21369	0	-0.000147388	0	0	0	0	0	0	0	0	0	-2.11217	-0.380198	0.0974783	0	0	0.824083	0	0	0	0.128917	-0.0242335	0.739359
2016-05-26 00:00:00	-2.7955	1.11237	1.32169	0	0.00185678	0	0.000799119	0	0	0	0	0	0	0	0.0392002	-0.379544	0.0972159	0	0	0.829586	0	0	0	0.128815	-0.0216615	0.334833
2016-05-27 00:00:00	-0.2	-1.11419	2.4225	0	0.000540514	0	0.00287744	0	0	0	0	0	0	0	-1.24473	-0.379005	0.0971269	0	0	0.825355	0	0	0	0.128139	-0.021729	0.516882
2016-05-28 00:00:00	0	-0.00208732	2.3145	0	-0.000457084	0	0	0	0	0	0	0	0	0	-1.88771	-0.377638	0.0968809	0	0	0.727324	0	0	0	0.127856	-0.021139	0.977533
2016-05-29 00:00:00	-0.195496	0	2.52653	0	-0.00255469	0	0	0	0	0	0	0	0	0	-1.30215	-0.376705	0.0967091	0	0	0.638339	0	0	0	0.127433	-0.0196967	1.49241
2016-05-30 00:00:00	-0.00450358	0	2.20012	0	-0.000236657	0	0	0	0	0	0	0	0	0	-2.05952	-0.375914	0.0965082	0	0	0.570081	0	0	0	0.127654	-0.0184946	0.535692
2016-05-31 00:00:00	-0.195496	0	2.80591	0	-0.000787459	0	0	0	0	0	0	0	0	0	-1.9872	-0.37514	0.0962774	0	0	0.504297	0	0	0	0.126406	-0.0172957	0.956966
2016-06-01 00:00:00	0	0	2.29021	0	-0.000372956	0	0	0	0	0	0	0	0	0	-1.62283	-0.374013	0.0960935	0	0	0.457446	0	0	0	0.125903	-0.0159405	0.956504
2016-06-02 00:00:00	0	0	2.8464	0	-0.0011149	0	0	0	0	0	0	0	0	0	-2.30969	-0.373039	0.0958034	0	0	0.397966	0	0	0	0.125558	-0.014829	0.76705
2016-06-03 00:00:00	0	0	3.48663	0	-8.84368E-05	0	0	0	0	0	0	0	0	0	-2.86269	-0.371814	0.0954097	0	0	0.312549	0	0	0	0.124978	-0.0137329	0.771239
2016-06-04 00:00:00	-0.2	0	2.39198	0	-1.82819E-05	0	0	0	0	0	0	0	0	0	-1.77035	-0.370633	0.0952187	0	0	0.283659	0	0	0	0.124457	-0.0120472	0.54227
2016-06-05 00:00:00	0	0	2.88518	0	0.000199955	0	0	0	0	0	0	0	0	0	-2.50224	-0.369981	0.0949012	0	0	0.255924	0	0	0	0.12401	-0.0115517	0.476443
2016-06-06 00:00:00	-0.781986	0	4.10876	0	-0.000298407	0	0	0	0	0	0	0	0	0	-2.27498	-0.369007	0.0947427	0	0	0.23199	0	0	0	0.123495	-0.0109166	1.1218
2016-06-07 00:00:00	-1.17748	0	4.40015	0	0	0	0	0	0	0	0	0	0	0	-2.47489	-0.367179	0.0943892	0	0	0.173057	0	0	0	0.123197	-0.0105201	0.76072
2016-06-08 00:00:00	0	0	2.3246	0	0	0	0	0	0	0	0	0	0	0	-2.19333	-0.366221	0.0942214	0	0	0.159294	0	0	0	0.123036	-0.00986781	0.13173
2016-06-09 00:00:00	-0.2	0	2.99075	0	0	0	0	0	0	0	0	0	0	0	-2.2785	-0.36521	0.094061	0	0	0.151474	0	0	0	0.121576	-0.00962191	0.504535
2016-06-10 00:00:00	-0.2	0	2.38396	0	0	0	0	0	0	0	0	0	0	0	-2.02318	-0.364428	0.0938324	0	0	0.15408	0	0	0	0.121109	-0.00946167	0.155919
2016-06-11 00:00:00	-3.54145	0.436396	3.06651	0	-1.03429E-09	0	0	0	0	0	0	0	0	0	-0.0547204	-0.363401	0.0937379	0	0	0.196925	0	0	0	0.120621	-0.0095014	-0.0548891
2016-06-12 00:00:00	-6.6	1.32545	3.18559	0	0.00251481	0	0	0	0	0	0	0	0	0	1.01127	-0.363327	0.0936508	0	0	0.260062	0	0	0	0.120142	-0.0104675	-0.975111
2016-06-13 00:00:00	-1.23153	-1.39223	3.07327	0	-0.000433895	0	0	0	0	0	0	0	0	0	-0.526193	-0.362757	0.0935658	0	0	0.326493	0	0	0	0.119804	-0.0119599	0.0880328
2016-06-14 00:00:00	-3.02252	0.298574	2.71086	0	0.00130965	0	0	0	0	0	0	0	0	0	-0.141938	-0.361972	0.0934269	0	0	0.367057	0	0	0	0.119268	-0.0128819	0.0511869
2016-06-15 00:00:00	-1.81801	-0.610149	2.87494	0	0.000958373	0	0	0	0	0	0	0	0	0	-0.532826	-0.361197	0.0932922	0	0	0.403681	0	0	0	0.118697	-0.0137616	0.155618
2016-06-16 00:00:00	-1.84053	-0.0257055	2.49195	0	0.000489266	0	0	0	0	0	0	0	0	0	-0.733505	-0.359944	0.0931418	0	0	0.426294	0	0	0	0.118222	-0.0142565	0.15615
2016-06-17 00:00:00	-1.8	-0.0248508	2.56239	0	0.000289307	0	0.00049311	0	0	0	0	0	0	0	-0.9454	-0.358869	0.0929578	0	0	0.440091	0	0	0	0.117725	-0.0145388	0.0702877
2016-06-18 00:00:00	0	-0.00748264	2.32512	0	-0.0010743	0	0	0	0	0	0	0	0	0	-2.1242	-0.357765	0.0927825	0	0	0.423392	0	0	0	0.117275	-0.0144983	0.453551
2016-06-19 00:00:00	-11.3189	1.86206	3.05728	0	0.00116791	0	0.00748064	0	0	0	0	0	0	0	3.9743	-0.357963	0.0928115	0	0	0.542937	0	0	0	0.117032	-0.0148432	-2.03667
2016-06-20 00:00:00	-2.01801	-1.0147	3.2034	0	-1.69342E-05	0	0.00193544	0	0	0	0	0	0	0	-0.477738	-0.357671	0.0927591	0	0	0.646553	0	0	0	0.116903	-0.0183894	0.175018
2016-06-21 00:00:00	0	-0.845222	2.70389	0	-0.000441587	0	6.88946E-05	0	0	0	0	0	0	0	-2.14311	-0.35659	0.0925553	0	0	0.621121	0	0	0	0.116513	-0.0186272	0.170162
2016-06-22 00:00:00	-0.00450358	-0.00213617	2.65088	0	-0.0029612	0	0	0	0	0	0	0	0	0	-1.60864	-0.355242	0.0923828	0	0	0.542885	0	0	0	0.115345	-0.0181201	1.40989
2016-06-23 00:00:00	0	0	2.67274	0	-0.00125748	0	0	0	0	0	0	0	0	0	-2.67647	-0.354238	0.0921946	0	0	0.47163	0	0	0	0.115495	-0.0166585	0.303437
2016-06-24 00:00:00	-15.827	1.9202	3.04331	0	0.00473392	0	0.00891959	0	0	0	0	0	0	0	6.47224	-0.355354	0.0924294	0	0	0.728153	0	0	0	0.114152	-0.0160818	-3.81432
2016-06-25 00:00:00	-3.81801	0.0191917	3.1024	0	-6.26462E-05	0	0.00308207	0	0	0	0	0	0	0	0.246509	-0.355135	0.0923837	0	0	0.855571	0	0	0	0.114348	-0.0218586	0.238417
2016-06-26 00:00:00	-5.37298	0.0128226	3.23404	0	0.0118419	0	0.00406955	0	0	0	0	0	0	0	0.98596	-0.354682	0.0923105	0	0	0.899246	0	0	0	0.114053	-0.0228951	-0.396217
2016-06-27 00:00:00	0	-1.88623	2.97401	0	-0.0105376	0	0.00100804	0	0	0	0	0	0	0	-1.39895	-0.354046	0.0922124	0	0	0.902886	0	0	0	0.113766	-0.0236295	0.410486
2016-06-28 00:00:00	-2.78199	-0.00827839	2.91834	0	-0.000340658	0	0.000890808	0	0	0	0	0	0	0	-0.513262	-0.353259	0.0917997	0	0	0.852247	0	0	0	0.113501	-0.0224787	0.297179
2016-06-29 00:00:00	-6.36397	1.91707	3.07146	0	0.013038	0	0.00375161	0	0	0	0	0	0	0	0.391661	-0.351917	0.091373	0	0	0.853784	0	0	0	0.113239	-0.0221159	-0.282627
2016-06-30 00:00:00	-6	0.00495527	3.0249	0	0.0344088	0	0.004722	0	0	0	0	0	0	0	1.4201	-0.351784	0.0915648	0	0	0.936639	0	0	0	0.113153	-0.0236276	-0.744967
2016-07-01 00:00:00	-7.63153	0.0176951	2.88294	0	0.0153919	-0.00755834	0.0279705	0	0	0	0	0	0	0	2.45035	-0.351969	0.0916366	0	0	1.07425	0	0	0	0.113106	-0.0258706	-1.34358
2016-07-02 00:00:00	-3.24954	0.00611622	2.96796	0	-0.00216284	-0.000382181	0.00416864	0	0	0	0	0	0	0	-0.446633	-0.351272	0.0916134	0	0	1.13337	0	0	0	0.113012	-0.0272199	0.239031
2016-07-03 00:00:00	-0.618014	-1.73949	3.09844	0	-0.0142972	0	0.00127832	0	0	0	0	0	0	0	-1.08852	-0.350371	0.0915169	0	0	1.08161	0	0	0	0.112686	-0.0266619	0.548179
2016-07-04 00:00:00	-13.3955	1.80099	3.16116	0	0.0169323	-0.018128	0.0550929	0	0	0	0	0	0	0	4.56355	-0.350782	0.0916198	0	0	1.18968	0	0	0	0.112803	-0.0272432	-2.79982
2016-07-05 00:00:00	-0.204504	-1.91178	3.01978	0	-0.019503	-0.000435412	0.00223205	0	0	0	0	0	0	0	-1.2698	-0.350785	0.0916544	0	0	1.31572	0	0	0	0.113081	-0.0301689	0.755495
2016-07-06 00:00:00	-0.995496	-0.0991428	2.95683	0	-0.0265087	0	0	0	0	0	0	0	0	0	-1.84587	-0.349902	0.0914965	0	0	1.15951	0	0	0	0.112883	-0.0287745	0.975023
2016-07-07 00:00:00	-0.795496	-0.0206087	3.09369	0	-0.0189267	0	0	0	0	0	0	0	0	0	-1.58891	-0.348923	0.0912906	0	0	0.981399	0	0	0	0.112418	-0.0272393	1.47869
2016-07-08 00:00:00	-9.92794	2.02603	3.26846	0	0.0528971	0	0.00518992	0	0	0	0	0	0	0	2.01883	-0.349132	0.0913475	0	0	1.05202	0	0	0	0.112476	-0.0255547	-1.67539
2016-07-09 00:00:00	-2.21351	-1.04141	3.34639	0	-0.0030629	0	0.0016706	0	0	0	0	0	0	0	-0.567932	-0.348711	0.091298	0	0	1.12389	0	0	0	0.112579	-0.0272181	0.473981
2016-07-10 00:00:00	-1	-0.989209	3.33506	0	-0.0238227	0	0.000128823	0	0	0	0	0	0	0	-1.06948	-0.347592	0.0911123	0	0	1.02007	0	0	0	0.112289	-0.0269256	1.10164
2016-07-11 00:00:00	-0.804504	-0.0178556	3.02046	0	-0.0211212	0	0	0	0	0	0	0	0	0	-2.51921	-0.347098	0.0909912	0	0	0.936282	0	0	0	0.11173	-0.0252296	0.424443
2016-07-12 00:00:00	-0.586489	-0.0101879	2.84311	0	-0.00722523	0	0	0	0	0	0	0	0	0	-1.68398	-0.345945	0.0907565	0	0	0.788147	0	0	0	0.111566	-0.0235514	1.1762
2016-07-13 00:00:00	-2.18649	-0.000870758	2.85946	0	0.00113628	0	0	0	0	0	0	0	0	0	-1.18605	-0.345191	0.0907227	0	0	0.754129	0	0	0	0.110785	-0.0210483	0.0765815
2016-07-14 00:00:00	0	0	3.97283	0	-0.00312734	0	0	0	0	0	0	0	0	0	-3.3122	-0.344147	0.0898673	0	0	0.619995	0	0	0	0.109818	-0.0204614	1.11258
2016-07-15 00:00:00	-15.1234	2.08468	3.25287	0	0.0655029	-6.63141E-05	0.00877782	0	0	0	0	0	0	0	5.87261	-0.344573	0.0902455	0	0	0.85908	0	0	0	0.109815	-0.0196117	-3.1441
2016-07-16 00:00:00	-0.00450358	-2.05386	3.12295	0	-0.0219906	-0.0002379	0.00153399	0	0	0	0	0	0	0	-1.33635	-0.344343	0.0902284	0	0	1.01092	0	0	0	0.110087	-0.0256738	0.548757
2016-07-17 00:00:00	-0.195496	-0.0232379	2.92155	0	-0.0333477	0	0	0	0	0	0	0	0	0	-2.59021	-0.343243	0.0900164	0	0	0.857247	0	0	0	0.109899	-0.0252769	0.767901
2016-07-18 00:00:00	-0.2	-0.00754202	3.16515	0	-0.00982291	0	0	0	0	0	0	0	0	0	-2.01641	-0.34189	0.0898148	0	0	0.721319	0	0	0	0.109718	-0.0224384	1.4879
2016-07-19 00:00:00	-0.195496	-4.03133E-05	5.11458	0	-0.000541611	0	0	0	0	0	0	0	0	0	-4.36412	-0.340895	0.0896537	0	0	0.544515	0	0	0	0.109989	-0.0199421	0.937703
2016-07-20 00:00:00	-24.3415	2.18643	3.67901	0	0.0714281	-0.0215582	0.0630044	0	0	0	0	0	0	0	11.4374	-0.342879	0.0900782	0	0	0.990119	0	0	0	0.109831	-0.0202172	-6.09881
2016-07-21 00:00:00	-0.195496	-2.1185	3.37683	0	-0.0238218	-0.000751442	0.0029619	0	0	0	0	0	0	0	-1.70603	-0.343005	0.0901691	0	0	1.31967	0	0	0	0.110309	-0.0302081	0.482126
2016-07-22 00:00:00	-1	-0.0177196	3.16034	0	-0.0283628	0	0	0	0	0	0	0	0	0	-2.05868	-0.341728	0.0899244	0	0	1.11329	0	0	0	0.110058	-0.029573	0.997552
2016-07-23 00:00:00	0	-0.0222201	2.81456	0	-0.0167225	0	0	0	0	0	0	0	0	0	-2.34045	-0.341087	0.089835	0	0	1.00123	0	0	0	0.110062	-0.0263973	1.26881
2016-07-24 00:00:00	-4.98649	1.34966	3.42648	0	0.000680686	0	0	0	0	0	0	0	0	0	0.236458	-0.340109	0.0896438	0	0	0.917884	0	0	0	0.109794	-0.0248281	0.779176
2016-07-25 00:00:00	-3.84954	0.514634	3.27306	0	0.00187189	0	0.00069347	0	0	0	0	0	0	0	-0.937809	-0.339877	0.0894138	0	0	0.911869	0	0	0	0.109739	-0.0239688	-0.249911
2016-07-26 00:00:00	-11.9234	0.328415	3.20467	0	0.064211	-0.00817908	0.0251611	0	0	0	0	0	0	0	4.76537	-0.340154	0.0895693	0	0	1.11958	0	0	0	0.109643	-0.0257824	-2.59094
2016-07-27 00:00:00	-3.37748	-0.154206	3.14467	0	-0.00242034	-0.00125126	0.00547609	0	0	0	0	0	0	0	-0.453679	-0.339934	0.0895675	0	0	1.27544	0	0	0	0.109744	-0.0294269	0.266496
2016-07-28 00:00:00	-0.786489	-1.67677	2.95258	0	-0.00937553	0	0.001227	0	0	0	0	0	0	0	-0.89326	-0.338644	0.0894516	0	0	1.21231	0	0	0	0.109488	-0.0288335	0.63168
2016-07-29 00:00:00	0	-0.358884	2.80247	0	-0.0368787	0	0	0	0	0	0	0	0	0	-1.77735	-0.337524	0.0892918	0	0	1.02803	0	0	0	0.109264	-0.0280863	1.49033
2016-07-30 00:00:00	0	-0.0213524	2.73039	0	-0.0187679	0	0	0	0	0	0	0	0	0	-2.80203	-0.33703	0.0890638	0	0	0.880929	0	0	0	0.109414	-0.0259537	0.60467
2016-07-31 00:00:00	-1.1955	-0.00701954	2.75019	0	-0.000489152	0	0	0	0	0	0	0	0	0	-1.56881	-0.336221	0.0888342	0	0	0.796123	0	0	0	0.109052	-0.0231451	0.613026
2016-08-01 00:00:00	0	-0.00246346	2.67134	0	-0.0012446	0	0	0	0	0	0	0	0	0	-2.51933	-0.335298	0.0886443	0	0	0.69146	0	0	0	0.108869	-0.0212971	0.680689
2016-08-02 00:00:00	-2.98649	0	3.33183	0	0.00126193	0	0	0	0	0	0	0	0	0	-0.84799	-0.334414	0.0885175	0	0	0.679918	0	0	0	0.108688	-0.0194897	0.0218278
2016-08-03 00:00:00	-7.36847	2.16698	3.19313	0	0.0037866	0	0.000321051	0	0	0	0	0	0	0	0.706221	-0.333573	0.0880801	0	0	0.720521	0	0	0	0.108037	-0.0195447	-0.734509
2016-08-04 00:00:00	-3.82252	-0.0166589	3.20801	0	0.000422688	0	0.00162922	0	0	0	0	0	0	0	-0.0138835	-0.333169	0.0881394	0	0	0.809401	0	0	0	0.107942	-0.0211313	0.00818134
2016-08-05 00:00:00	-6.95947	0.103709	2.90472	0	0.0367347	0	0.00560246	0	0	0	0	0	0	0	1.88123	-0.333033	0.0881526	0	0	0.937632	0	0	0	0.107725	-0.0230279	-1.25002
2016-08-06 00:00:00	-0.395496	-2.24218	3.59884	0	-0.0180306	0	0.000693734	0	0	0	0	0	0	0	-1.28677	-0.332517	0.0880072	0	0	0.983998	0	0	0	0.107562	-0.0254345	0.478673
2016-08-07 00:00:00	-5.42702	2.03635	3.07018	0	0.00653585	0	0.00133183	0	0	0	0	0	0	0	-0.765908	-0.331512	0.0878006	0	0	0.941911	0	0	0	0.10729	-0.0249573	-0.298002
2016-08-08 00:00:00	-1.01801	-1.47509	2.70514	0	-0.00510352	0	0.00165729	0	0	0	0	0	0	0	-0.514945	-0.329821	0.0876729	0	0	0.927828	0	0	0	0.10661	-0.0245003	0.461432
2016-08-09 00:00:00	-6.84954	1.73386	2.58899	0	0.0274715	0	0.0058388	0	0	0	0	0	0	0	0.92756	-0.328839	0.087681	0	0	0.953203	0	0	0	0.106514	-0.024384	-0.771641
2016-08-10 00:00:00	-13.2045	0.012959	2.44398	0	0.0178248	-0.0252828	0.0697537	0	0	0	0	0	0	0	6.15754	-0.329555	0.0879177	0	0	1.2881	0	0	0	0.106747	-0.0281686	-3.40269
2016-08-11 00:00:00	-11.245	-0.00459375	3.01927	0	-0.000336784	-0.0214712	0.0610803	0	0	0	0	0	0	0	4.34121	-0.330587	0.0882338	0	0	1.6947	0	0	0	0.107161	-0.035096	-2.32547
2016-08-12 00:00:00	-8.43152	0.0133448	2.90002	0	0.00250595	-0.0144069	0.0414261	0	0	0	0	0	0	0	2.51569	-0.331127	0.0884368	0	0	1.92628	0	0	0	0.107581	-0.0379851	-1.21976
2016-08-13 00:00:00	-2.41351	-0.483838	2.94003	0	-0.00317521	-0.000427912	0.00281139	0	0	0	0	0	0	0	-0.724767	-0.33078	0.0884083	0	0	1.87682	0	0	0	0.10771	-0.0383572	1.02092
2016-08-14 00:00:00	-0.195496	-1.69647	2.83033	0	-0.0161382	0	0.00108352	0	0	0	0	0	0	0	-1.36624	-0.330166	0.0882987	0	0	1.69311	0	0	0	0.107573	-0.0364745	1.07941
2016-08-15 00:00:00	0	-0.0998288	2.8772	0	-0.0346735	0	3.38899E-06	0	0	0	0	0	0	0	-2.792	-0.32933	0.0881193	0	0	1.40903	0	0	0	0.107561	-0.0343045	1.19179
2016-08-16 00:00:00	-0.00450358	-0.0317529	4.39447	0	-0.0137981	0	1.96284E-05	0	0	0	0	0	0	0	-2.78144	-0.328073	0.0878797	0	0	1.08488	0	0	0	0.10737	-0.0310545	2.484
2016-08-17 00:00:00	0	-0.0167688	3.89534	0	-0.00256098	0	1.26501E-05	0	0	0	0	0	0	0	-3.56515	-0.327506	0.0877298	0	0	0.876333	0	0	0	0.107894	-0.0267957	1.02853
2016-08-18 00:00:00	-0.00450358	0	2.8567	0	-0.00266846	0	0	0	0	0	0	0	0	0	-2.47131	-0.325935	0.0875691	0	0	0.738787	0	0	0	0.107352	-0.0231112	0.962877
2016-08-19 00:00:00	-7.50993	2.10324	2.65448	0	0.00283077	0	0	0	0	0	0	0	0	0	1.12919	-0.325854	0.0873384	0	0	0.829567	0	0	0	0.107276	-0.0203503	-0.942214
2016-08-20 00:00:00	-11.3324	0.233929	2.78691	0	0.0656451	-0.000153466	0.00713344	0	0	0	0	0	0	0	4.76703	-0.326427	0.0874724	0	0	1.06739	0	0	0	0.107501	-0.0246105	-2.56063
2016-08-21 00:00:00	-0.204504	-2.07336	2.74717	0	-0.011223	-0.000278389	0.00212387	0	0	0	0	0	0	0	-1.11159	-0.326156	0.0874594	0	0	1.21954	0	0	0	0.107616	-0.0287297	0.408064
2016-08-22 00:00:00	-1.0045	-0.250791	2.99313	0	-0.0247722	0	0	0	0	0	0	0	0	0	-1.77341	-0.325292	0.0872803	0	0	1.09973	0	0	0	0.107428	-0.0277686	0.881026
2016-08-23 00:00:00	-0.6	-0.00748611	2.41595	0	-0.0199345	0	0	0	0	0	0	0	0	0	-2.05388	-0.324361	0.0870695	0	0	0.956815	0	0	0	0.107329	-0.0261933	0.535313
2016-08-24 00:00:00	-0.00450358	-0.00392696	3.15842	0	-0.00887161	0	0	0	0	0	0	0	0	0	-2.60121	-0.323327	0.0869851	0	0	0.834252	0	0	0	0.107159	-0.0235521	1.22142
2016-08-25 00:00:00	-0.00450358	-0.00160047	2.18858	0	-0.0029281	0	0	0	0	0	0	0	0	0	-1.6152	-0.321788	0.0866222	0	0	0.694993	0	0	0	0.107134	-0.0211595	1.11014
2016-08-26 00:00:00	-0.218014	0	2.19505	0	-0.000665209	0	0	0	0	0	0	0	0	0	-2.24294	-0.321162	0.0865649	0	0	0.628601	0	0	0	0.107245	-0.0196005	0.215076
2016-08-27 00:00:00	-0.195496	0	2.82005	0	-7.44046E-05	0	0	0	0	0	0	0	0	0	-2.50248	-0.31982	0.0862653	0	0	0.554122	0	0	0	0.106776	-0.0185217	0.530818
2016-08-28 00:00:00	-1.41801	0	2.29357	0	1.95336E-05	0	0	0	0	0	0	0	0	0	-1.15098	-0.319239	0.0860907	0	0	0.544314	0	0	0	0.106589	-0.0170315	0.125323
2016-08-29 00:00:00	0	0	2.3172	0	-6.0486E-05	0	0	0	0	0	0	0	0	0	-2.32398	-0.317418	0.0859275	0	0	0.501697	0	0	0	0.106306	-0.0168255	0.352843
2016-08-30 00:00:00	0	0	2.39947	0	-1.73881E-05	0	0	0	0	0	0	0	0	0	-2.25182	-0.31611	0.0857019	0	0	0.455699	0	0	0	0.106072	-0.0160135	0.462978
2016-08-31 00:00:00	-0.222518	0	2.26011	0	0	0	0	0	0	0	0	0	0	0	-1.99302	-0.315663	0.0854681	0	0	0.42556	0	0	0	0.105192	-0.0149533	0.330171
2016-09-01 00:00:00	-0.995496	0	2.22639	0	0	0	0	0	0	0	0	0	0	0	-1.35592	-0.314576	0.0853417	0	0	0.426248	0	0	0	0.104963	-0.0143615	0.162584
2016-09-02 00:00:00	-1.98199	0	2.24742	0	0	0	0	0	0	0	0	0	0	0	-0.801348	-0.313991	0.0851897	0	0	0.45336	0	0	0	0.104614	-0.0144959	-0.22124
2016-09-03 00:00:00	-5.3955	2.43498	2.14861	0	0.000486444	0	0	0	0	0	0	0	0	0	-0.0174921	-0.313265	0.0851122	0	0	0.504511	0	0	0	0.10428	-0.0155641	-0.463833
2016-09-04 00:00:00	-0.595496	-1.41455	2.16975	0	0.000931824	0	0	0	0	0	0	0	0	0	-0.873755	-0.312421	0.0848642	0	0	0.570903	0	0	0	0.104187	-0.0166165	-0.282207
2016-09-05 00:00:00	-0.790993	-0.930515	2.29686	0	0.000172039	0	0	0	0	0	0	0	0	0	-0.873002	-0.311307	0.0849915	0	0	0.583355	0	0	0	0.103759	-0.0174114	0.145912
2016-09-06 00:00:00	0	-0.0898974	2.41934	0	-0.00150981	0	0	0	0	0	0	0	0	0	-1.77707	-0.309683	0.084763	0	0	0.539853	0	0	0	0.103558	-0.017644	0.951706
2016-09-07 00:00:00	0	0	2.18392	0	-5.77427E-05	0	0	0	0	0	0	0	0	0	-2.36248	-0.308603	0.0846215	0	0	0.488655	0	0	0	0.10364	-0.0166487	0.173046
2016-09-08 00:00:00	-10.1775	2.51415	2.29638	0	0.00504922	0	1.0064E-06	0	0	0	0	0	0	0	2.87543	-0.308835	0.0845961	0	0	0.648968	0	0	0	0.103055	-0.0161241	-1.97482
2016-09-09 00:00:00	-5.68106	0.0345337	2.25945	0	4.33448E-05	0	0.00373749	0	0	0	0	0	0	0	1.97979	-0.308629	0.0846004	0	0	0.798905	0	0	0	0.103095	-0.0206491	-0.746185
2016-09-10 00:00:00	0	-1.79683	2.04503	0	-5.12752E-06	0	0.00167202	0	0	0	0	0	0	0	-0.917114	-0.307926	0.0845708	0	0	0.866862	0	0	0	0.102939	-0.0226559	0.0565393
2016-09-11 00:00:00	0	-0.699594	1.94329	0	-0.000637044	0	0.00016617	0	0	0	0	0	0	0	-1.33668	-0.307037	0.0843142	0	0	0.829615	0	0	0	0.10275	-0.022291	0.593899
2016-09-12 00:00:00	-2.38199	0.119338	2.31103	0	0.00107097	0	0.000583413	0	0	0	0	0	0	0	-0.84379	-0.305845	0.0841306	0	0	0.792974	0	0	0	0.102622	-0.0214747	-0.141345
2016-09-13 00:00:00	-0.195496	-0.138983	2.11226	0	-0.000836178	0	0.000308547	0	0	0	0	0	0	0	-2.46844	-0.303697	0.0836477	0	0	0.753847	0	0	0	0.102397	-0.0209318	-0.0759205
2016-09-14 00:00:00	-0.413511	-0.00726155	1.79969	0	-0.00154416	0	0	0	0	0	0	0	0	0	-0.976573	-0.302812	0.0835141	0	0	0.683755	0	0	0	0.10224	-0.0201825	0.947317
2016-09-15 00:00:00	-0.195496	-0.0188237	2.67364	0	-0.00147648	0	0	0	0	0	0	0	0	0	-2.88165	-0.302434	0.0831793	0	0	0.606091	0	0	0	0.102393	-0.0193426	0.0460827
2016-09-16 00:00:00	-3.03153	0.987677	1.89107	0	0.00175517	0	0	0	0	0	0	0	0	0	-0.464103	-0.3016	0.0830049	0	0	0.62067	0	0	0	0.101124	-0.0180868	-0.130016
2016-09-17 00:00:00	0	-0.980981	1.79296	0	0.000998015	0	0	0	0	0	0	0	0	0	-1.36124	-0.300901	0.0828822	0	0	0.625999	0	0	0	0.100821	-0.0183376	-0.0578075
2016-09-18 00:00:00	-0.395496	-0.013209	1.75631	0	-0.000534391	0	0	0	0	0	0	0	0	0	-1.41078	-0.29972	0.082747	0	0	0.596617	0	0	0	0.10071	-0.0181552	0.398486
2016-09-19 00:00:00	0	0	1.53735	0	-0.00116472	0	0	0	0	0	0	0	0	0	-1.3267	-0.298867	0.0824838	0	0	0.560062	0	0	0	0.100522	-0.0177808	0.635898
2016-09-20 00:00:00	0	0	1.63308	0	-0.000534766	0	0	0	0	0	0	0	0	0	-1.92043	-0.298142	0.0823385	0	0	0.526134	0	0	0	0.100545	-0.0170052	0.105991
2016-09-21 00:00:00	-3.05404	0.598443	2.36159	0	0.00155041	0	0	0	0	0	0	0	0	0	-0.471026	-0.297263	0.0821663	0	0	0.552613	0	0	0	0.100175	-0.0163416	-0.142133
2016-09-22 00:00:00	-8.2045	2.01344	1.65357	0	0.00139612	0	0.00426869	0	0	0	0	0	0	0	2.41981	-0.297017	0.0821641	0	0	0.647274	0	0	0	0.0999327	-0.0177439	-1.59741
2016-09-23 00:00:00	-0.195496	-1.25004	1.59721	0	2.39036E-06	0	0.0017537	0	0	0	0	0	0	0	-0.877059	-0.296459	0.0821044	0	0	0.77247	0	0	0	0.0999271	-0.0205869	-0.0861757
2016-09-24 00:00:00	-0.2	-1.24201	1.86957	0	7.65186E-05	0	0.000977162	0	0	0	0	0	0	0	-1.03941	-0.295752	0.0819806	0	0	0.766272	0	0	0	0.0996857	-0.0207338	0.0206532
2016-09-25 00:00:00	-4.01801	2.07405	1.60988	0	-0.000157493	0	0.00028571	0	0	0	0	0	0	0	0.319362	-0.294592	0.081666	0	0	0.770097	0	0	0	0.0995455	-0.0206033	0.621516
2016-09-26 00:00:00	-1.38649	0.0372171	1.33144	0	4.16164E-06	0	0.00219853	0	0	0	0	0	0	0	-1.16769	-0.294004	0.0814672	0	0	0.772003	0	0	0	0.099404	-0.0206541	-0.545099
2016-09-27 00:00:00	-0.2	-1.32575	1.69438	0	-6.01213E-06	0	0.000550402	0	0	0	0	0	0	0	-0.160662	-0.292997	0.0813519	0	0	0.767414	0	0	0	0.0992299	-0.020664	0.64285
2016-09-28 00:00:00	-6.66755	1.75312	1.73026	0	0.0102529	0	0.00464559	0	0	0	0	0	0	0	0.960823	-0.292848	0.0813549	0	0	0.831382	0	0	0	0.0990661	-0.0209521	-1.51045
2016-09-29 00:00:00	-4.90809	-0.0198457	1.5419	0	0.0218778	0	0.00553186	0	0	0	0	0	0	0	1.77845	-0.292675	0.08138	0	0	0.971649	0	0	0	0.0990118	-0.0244383	-0.74525
2016-09-30 00:00:00	-1.2	-0.13115	1.31296	0	-0.000395256	0	0.00200745	0	0	0	0	0	0	0	-0.763277	-0.291859	0.0813173	0	0	1.00887	0	0	0	0.098971	-0.0256611	0.0917833
2016-10-01 00:00:00	-0.0135107	-1.09872	1.27915	0	-0.00387084	0	0.00121414	0	0	0	0	0	0	0	-0.555177	-0.290066	0.0808803	0	0	0.97269	0	0	0	0.0987689	-0.0252388	0.446129
2016-10-02 00:00:00	-0.395496	-1.01314	1.56756	0	-0.00366196	0	0.00149441	0	0	0	0	0	0	0	-0.703422	-0.288734	0.0804737	0	0	0.933585	0	0	0	0.0985879	-0.0246686	0.252572
2016-10-03 00:00:00	-0.00450358	-0.332269	1.49164	0	-0.00835331	0	1.7098E-06	0	0	0	0	0	0	0	-1.74858	-0.287176	0.0804254	0	0	0.872266	0	0	0	0.098541	-0.0238255	0.138164
2016-10-04 00:00:00	0	-0.0097143	1.3614	0	-0.00683611	0	0	0	0	0	0	0	0	0	-0.833108	-0.286439	0.0802737	0	0	0.792158	0	0	0	0.098279	-0.02254	1.17347
2016-10-05 00:00:00	0	-0.00955859	1.32936	0	-0.00418831	0	0	0	0	0	0	0	0	0	-2.03049	-0.286168	0.0802279	0	0	0.747984	0	0	0	0.0978289	-0.020826	-0.0958256
2016-10-06 00:00:00	0	-0.00825629	1.13796	0	-0.00408466	0	0	0	0	0	0	0	0	0	-1.13259	-0.285092	0.0800539	0	0	0.693404	0	0	0	0.0969815	-0.0200653	0.558307
2016-10-07 00:00:00	-0.195496	-0.00881467	1.24856	0	-0.00219425	0	0	0	0	0	0	0	0	0	-1.52301	-0.284597	0.0799522	0	0	0.660884	0	0	0	0.0971094	-0.0193864	0.0530024
2016-10-08 00:00:00	0	-0.00801456	1.07915	0	0.000908417	0	0	0	0	0	0	0	0	0	-1.65624	-0.283935	0.079734	0	0	0.63681	0	0	0	0.0967144	-0.0187636	-0.0736389
2016-10-09 00:00:00	0	-0.00546304	0.855183	0	0.000299457	0	0	0	0	0	0	0	0	0	-1.02469	-0.283239	0.0796209	0	0	0.620635	0	0	0	0.0965128	-0.0182674	0.320592
2016-10-10 00:00:00	-0.409007	-0.00127949	0.901318	0	0.000266341	0	6.00127E-05	0	0	0	0	0	0	0	-1.03262	-0.281956	0.0794457	0	0	0.615836	0	0	0	0.0964331	-0.0181368	-0.0496411
2016-10-11 00:00:00	-2.38649	1.0993	1.13416	0	3.83795E-05	0	0.00127461	0	0	0	0	0	0	0	-0.660279	-0.281342	0.0793613	0	0	0.629875	0	0	0	0.096192	-0.0181794	-0.306089
2016-10-12 00:00:00	-2.36848	1.06654	1.11452	0	-3.70775E-05	0	0.000878139	0	0	0	0	0	0	0	-0.404295	-0.280754	0.0792231	0	0	0.657722	0	0	0	0.0961467	-0.01857	-0.0571021
2016-10-13 00:00:00	-3.56848	0.38449	1.09119	0	0.00340034	0	0.00289996	0	0	0	0	0	0	0	0.689856	-0.280122	0.0790813	0	0	0.73967	0	0	0	0.0960572	-0.0190489	-0.781003
2016-10-14 00:00:00	-4.36397	0.0567413	1.10648	0	0.0255818	0	0.00458498	0	0	0	0	0	0	0	1.54727	-0.279365	0.0789197	0	0	0.84671	0	0	0	0.0952783	-0.021143	-0.902918
2016-10-15 00:00:00	-5.13695	0.000743603	0.978309	0	0.0316435	-0.00575715	0.0149977	0	0	0	0	0	0	0	2.36334	-0.278656	0.0789317	0	0	0.987341	0	0	0	0.0952884	-0.0245666	-0.895339
2016-10-16 00:00:00	-1.8045	0.0112618	0.964908	0	0.00142056	-0.00236302	0.00645404	0	0	0	0	0	0	0	-0.0622315	-0.278247	0.0788652	0	0	1.05848	0	0	0	0.0952976	-0.0262415	0.0431
2016-10-17 00:00:00	-1.8	0.00278163	1.05258	0	-5.81858E-05	-0.00197525	0.00645647	0	0	0	0	0	0	0	0.0403863	-0.277688	0.0787621	0	0	1.04955	0	0	0	0.0952279	-0.0261695	0.219847
2016-10-18 00:00:00	-7.64053	0.0294742	0.889935	0	0.00252157	-0.0173419	0.0484663	0	0	0	0	0	0	0	4.00573	-0.277668	0.0788221	0	0	1.17617	0	0	0	0.0953599	-0.027297	-1.63636
2016-10-19 00:00:00	0	-0.797516	0.896248	0	-0.00525952	-0.000427205	0.0026598	0	0	0	0	0	0	0	-0.676965	-0.277373	0.0788024	0	0	1.24905	0	0	0	0.095532	-0.0291019	0.535647
2016-10-20 00:00:00	-0.204504	-0.540653	0.833127	0	-0.00202708	0	0.00130464	0	0	0	0	0	0	0	-0.750323	-0.276779	0.0785335	0	0	1.17122	0	0	0	0.0954532	-0.0280277	0.377325
2016-10-21 00:00:00	0	-0.738159	0.857845	0	-0.00266642	0	0.00131346	0	0	0	0	0	0	0	-0.765298	-0.276119	0.0784374	0	0	1.10067	0	0	0	0.0953823	-0.027015	0.32439
2016-10-22 00:00:00	-0.590993	-0.14121	0.753609	0	-0.000601359	0	0.00107101	0	0	0	0	0	0	0	-0.562542	-0.274582	0.0783306	0	0	1.04301	0	0	0	0.0952961	-0.0261816	0.375211
2016-10-23 00:00:00	-2.77748	1.77704	0.734145	0	0.00548675	0	0.00116095	0	0	0	0	0	0	0	-0.494995	-0.274075	0.0782876	0	0	1.00307	0	0	0	0.0949902	-0.0256165	0.122013
2016-10-24 00:00:00	-0.395496	-0.256385	0.661504	0	-0.000291368	0	0.00125643	0	0	0	0	0	0	0	-0.814016	-0.272998	0.0781685	0	0	0.971886	0	0	0	0.0947587	-0.0251304	0.0432572
2016-10-25 00:00:00	-0.00450358	-0.716962	0.843512	0	-0.00269384	0	0.00101833	0	0	0	0	0	0	0	-0.525168	-0.27253	0.0780147	0	0	0.938382	0	0	0	0.0946218	-0.0245331	0.409158
2016-10-26 00:00:00	0	-0.73305	0.900566	0	-0.00293121	0	0.00107354	0	0	0	0	0	0	0	-0.831218	-0.271651	0.0778155	0	0	0.894668	0	0	0	0.0945659	-0.0239051	0.105935
2016-10-27 00:00:00	-0.6	-0.0814136	0.906652	0	-0.00362724	0	0.00101477	0	0	0	0	0	0	0	-0.751637	-0.271019	0.0777761	0	0	0.876673	0	0	0	0.0943243	-0.0227575	0.225985
2016-10-28 00:00:00	0	-0.256224	0.750675	0	-0.0073286	0	0.000341576	0	0	0	0	0	0	0	-1.01759	-0.26971	0.0775236	0	0	0.834502	0	0	0	0.0941753	-0.0224221	0.183948
2016-10-29 00:00:00	-0.2	-0.123317	0.743109	0	-0.00614236	0	0.000504728	0	0	0	0	0	0	0	-0.815256	-0.268664	0.0774789	0	0	0.815734	0	0	0	0.0941159	-0.0216127	0.29595
2016-10-30 00:00:00	-0.00450358	-0.00382854	0.68669	0	-0.00904551	0	0.000511784	0	0	0	0	0	0	0	-1.1578	-0.26832	0.0772905	0	0	0.784111	0	0	0	0.094	-0.0210353	0.178072
2016-10-31 00:00:00	-3.81351	2.51442	0.769375	0	0.00961235	0	0.0012293	0	0	0	0	0	0	0	-0.328765	-0.267573	0.0771861	0	0	0.777939	0	0	0	0.0939637	-0.0206766	-0.186798
2016-11-01 00:00:00	-0.409007	-0.161767	0.558452	0	-3.41289E-05	0	0.00113762	0	0	0	0	0	0	0	-0.58232	-0.266637	0.077094	0	0	0.787997	0	0	0	0.0939912	-0.020791	0.0781162
2016-11-02 00:00:00	-0.2	-0.275286	0.515794	0	-0.000960455	0	0.00121165	0	0	0	0	0	0	0	-0.760322	-0.265969	0.0769704	0	0	0.782873	0	0	0	0.0938986	-0.0207642	-0.0525545
2016-11-03 00:00:00	-1.4045	0.414575	0.548527	0	0.00519106	0	0.00128022	0	0	0	0	0	0	0	-0.269092	-0.265331	0.0768643	0	0	0.785544	0	0	0	0.0937615	-0.0206821	-0.0338644
2016-11-04 00:00:00	-2.59099	0.00608503	0.51175	0	0.0188231	-0.000708223	0.00591511	0	0	0	0	0	0	0	0.913992	-0.264994	0.0768137	0	0	0.84611	0	0	0	0.0936686	-0.0212633	-0.404799
2016-11-05 00:00:00	0	-0.484265	0.532195	0	-0.00196281	-0.000187556	0.00155715	0	0	0	0	0	0	0	-0.707915	-0.263661	0.0766702	0	0	0.865206	0	0	0	0.0935325	-0.0223382	0.0888306
2016-11-06 00:00:00	-4.12794	0.470423	0.542199	0	0.00507657	-0.00783212	0.0216887	0	0	0	0	0	0	0	1.54261	-0.263484	0.0766197	0	0	0.929543	0	0	0	0.0935184	-0.0227636	-0.740344
2016-11-07 00:00:00	0	-0.457958	0.501033	0	-0.00265581	-0.000287573	0.00179728	0	0	0	0	0	0	0	-0.575126	-0.263138	0.0765525	0	0	0.954329	0	0	0	0.0935359	-0.0247462	0.303337
2016-11-08 00:00:00	-0.227021	-0.192152	0.448864	0	-0.00086309	0	0.000446856	0	0	0	0	0	0	0	-0.177601	-0.261976	0.0764	0	0	0.91176	0	0	0	0.093406	-0.0244676	0.646796
2016-11-09 00:00:00	-5.50993	0.632882	0.438583	0	0.00408789	-0.0111274	0.0327568	0	0	0	0	0	0	0	1.92104	-0.262234	0.0762214	0	0	0.991688	0	0	0	0.0933471	-0.0245779	-1.61727
2016-11-10 00:00:00	-2.22702	-0.00579097	0.422781	0	-0.00124211	-0.00483627	0.0146746	0	0	0	0	0	0	0	0.587308	-0.262103	0.0762846	0	0	1.09654	0	0	0	0.093491	-0.026573	-0.23649
2016-11-11 00:00:00	-17.8784	-0.0112678	0.438911	0	0.00483845	-0.0456205	0.126225	0	0	0	0	0	0	0	10.8484	-0.263451	0.0766741	0	0	1.51382	0	0	0	0.094088	-0.0309298	-5.12668
2016-11-12 00:00:00	-15.0514	-0.0101012	0.493927	0	0.00443318	-0.0387955	0.108178	0	0	0	0	0	0	0	8.31241	-0.265432	0.0772388	0	0	2.17247	0	0	0	0.0953387	-0.0397222	-4.14144
2016-11-13 00:00:00	-7.58649	-0.00598855	0.413614	0	-0.00134931	-0.0191535	0.0558196	0	0	0	0	0	0	0	3.61996	-0.266481	0.0775598	0	0	2.48188	0	0	0	0.0962769	-0.0439347	-1.17828
2016-11-14 00:00:00	-1.3955	-0.00833748	0.585368	0	-0.00290509	-0.00246601	0.00906373	0	0	0	0	0	0	0	-0.385521	-0.266416	0.0776271	0	0	2.37703	0	0	0	0.0966993	-0.0437133	1.04093
2016-11-15 00:00:00	-0.209007	-0.313216	0.542899	0	-0.00142044	-9.68706E-05	0.00153377	0	0	0	0	0	0	0	-0.571742	-0.265848	0.0775525	0	0	2.11783	0	0	0	0.0967536	-0.0413213	1.43392
2016-11-16 00:00:00	-8.28557	0.301105	0.451684	0	0.004127	-0.0189445	0.0545609	0	0	0	0	0	0	0	3.91719	-0.266318	0.0776988	0	0	2.12778	0	0	0	0.0970781	-0.0399378	-1.57955
2016-11-17 00:00:00	-8.81802	-0.00563417	0.391303	0	0.000215233	-0.0220873	0.0639297	0	0	0	0	0	0	0	4.39865	-0.267339	0.0779849	0	0	2.32426	0	0	0	0.0978231	-0.0419796	-1.80089
2016-11-18 00:00:00	-1.38199	-0.00891212	0.353466	0	-0.00267088	-0.003107	0.0107596	0	0	0	0	0	0	0	-0.215768	-0.267454	0.0780686	0	0	2.284	0	0	0	0.098296	-0.0428199	0.90187
2016-11-19 00:00:00	-0.195496	-0.124068	0.315281	0	-0.00108812	-0.000129436	0.00159249	0	0	0	0	0	0	0	-0.5446	-0.266922	0.0779847	0	0	2.05745	0	0	0	0.0983813	-0.0404359	1.37795
2016-11-20 00:00:00	-0.195496	-0.0657263	0.261224	0	-0.000292844	0	0.0016185	0	0	0	0	0	0	0	-0.73466	-0.266362	0.0778845	0	0	1.85481	0	0	0	0.0983521	-0.0380451	0.993304
2016-11-21 00:00:00	-14.7621	0.168101	0.244986	0	0.00528166	-0.0365459	0.103963	0	0	0	0	0	0	0	8.29782	-0.2678	0.0782143	0	0	2.07673	0	0	0	0.0989134	-0.0391188	-4.03159
2016-11-22 00:00:00	-32.0766	-0.00851103	0.33602	0	0.00516909	-0.0829298	0.235373	0	0	0	0	0	0	0	17.4581	-0.272739	0.0793486	0	0	3.28369	0	0	0	0.100887	-0.0491308	-10.9913
2016-11-23 00:00:00	-0.2	-0.0729633	0.27092	0	-0.00987615	-0.00114509	0.00740948	0	0	0	0	0	0	0	-0.809637	-0.274649	0.07997	0	0	3.8205	0	0	0	0.102345	-0.0564851	2.85638
2016-11-24 00:00:00	-0.195496	-0.0203174	0.215815	0	-0.000292743	0	0.00214302	0	0	0	0	0	0	0	-0.957505	-0.273959	0.0798525	0	0	3.28711	0	0	0	0.10251	-0.0520976	2.18777
2016-11-25 00:00:00	-0.195496	-0.0295412	0.225038	0	-0.000257778	0	0.00123339	0	0	0	0	0	0	0	-0.757267	-0.273374	0.0797156	0	0	2.86101	0	0	0	0.102615	-0.0486651	1.96501
2016-11-26 00:00:00	-0.2	-0.0481526	0.248151	0	-7.57938E-05	0	0.00170736	0	0	0	0	0	0	0	-0.815698	-0.272823	0.0795843	0	0	2.52904	0	0	0	0.102664	-0.0450929	1.57931
2016-11-27 00:00:00	-0.395496	0.0685444	0.313117	0	0.000130612	0	0.00127615	0	0	0	0	0	0	0	-0.729207	-0.272242	0.0794519	0	0	2.24575	0	0	0	0.102737	-0.0422864	1.37178
2016-11-28 00:00:00	-0.2	-0.0454471	0.245112	0	-0.000269879	0	0.00144405	0	0	0	0	0	0	0	-0.595645	-0.271658	0.0793227	0	0	2.01064	0	0	0	0.103403	-0.0399125	1.28699
2016-11-29 00:00:00	0	-0.271201	0.308055	0	-0.00105079	0	0.00116895	0	0	0	0	0	0	0	-0.545198	-0.271075	0.0791966	0	0	1.81231	0	0	0	0.103551	-0.0378172	1.17794
2016-11-30 00:00:00	0	-0.299941	0.350459	0	-0.00129084	0	0.00135868	0	0	0	0	0	0	0	-0.597408	-0.270593	0.0790922	0	0	1.66349	0	0	0	0.103506	-0.0353575	0.993311
2016-12-01 00:00:00	0	-0.330805	0.386573	0	-0.00140528	0	0.00150465	0	0	0	0	0	0	0	-0.650127	-0.270059	0.0789802	0	0	1.52247	0	0	0	0.103428	-0.0335647	0.80699
2016-12-02 00:00:00	-0.2	-0.0442685	0.252472	0	-0.000392343	0	0.00125826	0	0	0	0	0	0	0	-0.548705	-0.2694	0.0788445	0	0	1.38226	0	0	0	0.103399	-0.031586	0.723879
2016-12-03 00:00:00	-0.595496	0.334733	0.238148	0	0.000257968	0	0.00130582	0	0	0	0	0	0	0	-0.543557	-0.2689	0.0787396	0	0	1.28642	0	0	0	0.103334	-0.0297027	0.60528
2016-12-04 00:00:00	0	-0.205289	0.207594	0	-0.000257563	0	0.00151349	0	0	0	0	0	0	0	-0.535899	-0.268419	0.0786399	0	0	1.21291	0	0	0	0.103178	-0.0284106	0.565564
2016-12-05 00:00:00	-0.2	0.0354449	0.164556	0	-0.000267401	0	0.00114728	0	0	0	0	0	0	0	-0.41173	-0.267809	0.0785162	0	0	1.13664	0	0	0	0.10305	-0.0275208	0.612027
2016-12-06 00:00:00	-5.37298	0.81244	0.422479	0	0.00750724	-0.00949714	0.028855	0	0	0	0	0	0	0	2.06618	-0.267835	0.0785129	0	0	1.18434	0	0	0	0.103062	-0.0274335	-0.974372
2016-12-07 00:00:00	0	-0.364855	0.394644	0	-0.00331081	-0.000354368	0.00250893	0	0	0	0	0	0	0	-0.582948	-0.267653	0.0784799	0	0	1.23483	0	0	0	0.103144	-0.0287176	0.565768
2016-12-08 00:00:00	0	-0.300346	0.351322	0	-0.00130238	0	0.00150529	0	0	0	0	0	0	0	-0.561233	-0.26705	0.0783738	0	0	1.16509	0	0	0	0.102989	-0.027809	0.541538
2016-12-09 00:00:00	-0.8	0.400176	0.367682	0	0.0004433	0	0.00140533	0	0	0	0	0	0	0	-0.499552	-0.266442	0.07827	0	0	1.10401	0	0	0	0.102853	-0.0269159	0.46193
2016-12-10 00:00:00	-0.00900716	-0.313705	0.345455	0	-0.000680325	0	0.00144854	0	0	0	0	0	0	0	-0.500169	-0.265846	0.0781322	0	0	1.05046	0	0	0	0.102702	-0.0262898	0.462498
2016-12-11 00:00:00	-0.413511	0.101011	0.30391	0	-0.000331295	0	0.00123688	0	0	0	0	0	0	0	-0.408096	-0.265244	0.0779786	0	0	1.00712	0	0	0	0.102553	-0.0260038	0.480621
2016-12-12 00:00:00	-0.209007	-0.0695345	0.271322	0	-0.000176844	0	0.00143662	0	0	0	0	0	0	0	-0.556071	-0.264743	0.0778182	0	0	0.977901	0	0	0	0.102385	-0.0251497	0.30618
2016-12-13 00:00:00	-1.38649	0.494068	0.24709	0	0.00255112	-0.000872081	0.00452604	0	0	0	0	0	0	0	-0.00720221	-0.264221	0.0777197	0	0	0.962459	0	0	0	0.102233	-0.0249358	0.206926
2016-12-14 00:00:00	-0.790993	-0.0111543	0.316613	0	-0.000161383	-0.00130449	0.00490839	0	0	0	0	0	0	0	-0.17483	-0.263796	0.0776495	0	0	0.969086	0	0	0	0.10213	-0.0248516	0.203296
2016-12-15 00:00:00	0	-0.295859	0.314345	0	-0.00103638	-6.34973E-05	0.00168073	0	0	0	0	0	0	0	-0.582152	-0.263252	0.0774707	0	0	0.953492	0	0	0	0.101989	-0.024664	0.28195
2016-12-16 00:00:00	-2.17298	0.283802	0.279854	0	0.00226814	-0.00393535	0.0124657	0	0	0	0	0	0	0	0.47605	-0.262548	0.0774107	0	0	0.966448	0	0	0	0.10185	-0.0248015	-0.264115
2016-12-17 00:00:00	-0.4	-0.0128829	0.241444	0	-0.000900835	-0.000563289	0.00271424	0	0	0	0	0	0	0	-0.290468	-0.261642	0.0773248	0	0	0.98074	0	0	0	0.10178	-0.025277	0.412269
2016-12-18 00:00:00	-1	-0.00507652	0.179275	0	0.000747234	-0.00203743	0.00724259	0	0	0	0	0	0	0	-0.0714268	-0.261355	0.0772519	0	0	0.978428	0	0	0	0.101669	-0.0251578	-0.0204403
2016-12-19 00:00:00	0	-0.291772	0.309389	0	-0.00127074	-9.9581E-05	0.00180296	0	0	0	0	0	0	0	-0.69325	-0.260707	0.077175	0	0	0.967151	0	0	0	0.101553	-0.024999	0.184973
2016-12-20 00:00:00	-2.39324	0.274197	0.315609	0	0.00202159	-0.00437834	0.0136791	0	0	0	0	0	0	0	0.495078	-0.259242	0.0771104	0	0	0.983675	0	0	0	0.101385	-0.0252515	-0.419361
2016-12-21 00:00:00	-1.19324	-0.00372282	0.320363	0	-0.000746779	-0.00235435	0.00833109	0	0	0	0	0	0	0	-0.072309	-0.259211	0.0770662	0	0	1.01782	0	0	0	0.101453	-0.0254278	-0.031981
2016-12-22 00:00:00	-8.35722	-0.0113495	0.325013	0	0.00330141	-0.0208458	0.0597906	0	0	0	0	0	0	0	4.50971	-0.259375	0.0772145	0	0	1.22234	0	0	0	0.101562	-0.0276347	-2.37749
2016-12-23 00:00:00	-17.9415	-0.00794769	0.333048	0	0.0032571	-0.0461745	0.131574	0	0	0	0	0	0	0	9.68493	-0.262079	0.0777543	0	0	1.84158	0	0	0	0.102486	-0.0354252	-6.11845
2016-12-24 00:00:00	-9.5955	-0.00722948	0.28039	0	-0.00257024	-0.024763	0.0728797	0	0	0	0	0	0	0	4.6198	-0.264122	0.0782446	0	0	2.39969	0	0	0	0.103637	-0.0428353	-2.38237
2016-12-25 00:00:00	-8.7955	-0.00834651	0.316249	0	-0.000351216	-0.0223266	0.0655113	0	0	0	0	0	0	0	4.01806	-0.265399	0.0785689	0	0	2.64238	0	0	0	0.104428	-0.0456161	-1.91234
2016-12-26 00:00:00	-8.98649	-0.00662338	0.250551	0	6.6005E-05	-0.0229876	0.067179	0	0	0	0	0	0	0	4.10849	-0.266649	0.0788803	0	0	2.83667	0	0	0	0.10538	-0.0474618	-1.88299
2016-12-27 00:00:00	0	-0.259175	0.271791	0	-0.00444556	-0.00051048	0.00406568	0	0	0	0	0	0	0	-0.963996	-0.266674	0.0789301	0	0	2.70749	0	0	0	0.106091	-0.0471327	1.62643
2016-12-28 00:00:00	0	-0.205788	0.241648	0	-0.00105673	0	0.00179792	0	0	0	0	0	0	0	-0.680005	-0.266124	0.0788153	0	0	2.37136	0	0	0	0.106049	-0.0443708	1.60232
2016-12-29 00:00:00	0	-0.257079	0.301964	0	-0.000965117	0	0.00193092	0	0	0	0	0	0	0	-0.861996	-0.265668	0.0787084	0	0	2.1187	0	0	0	0.106101	-0.0410198	1.18068
2016-12-30 00:00:00	0	-0.28223	0.3316	0	-0.0012885	0	0.00142275	0	0	0	0	0	0	0	-0.585314	-0.265156	0.0785901	0	0	1.89369	0	0	0	0.10603	-0.0390395	1.23831
2016-12-31 00:00:00	-5.37748	0.969006	0.327839	0	0.00598598	-0.00961567	0.029564	0	0	0	0	0	0	0	1.66835	-0.265243	0.0785918	0	0	1.84004	0	0	0	0.106161	-0.0369537	-0.663755
2017-01-01 00:00:00	-1.20901	-0.0135249	0.230076	0	-0.0016655	-0.00275675	0.00950784	0	0	0	0	0	0	0	0.0448721	-0.265193	0.0785849	0	0	1.81262	0	0	0	0.106373	-0.0374863	0.752394
2017-01-02 00:00:00	-0.590993	-0.005391	0.200637	0	-0.000401582	-0.00105998	0.00497119	0	0	0	0	0	0	0	-0.684828	-0.264731	0.0784842	0	0	1.66561	0	0	0	0.106426	-0.0361029	0.472619
2017-01-03 00:00:00	0	-0.285537	0.303263	0	-0.000983192	-5.27594E-05	0.00207649	0	0	0	0	0	0	0	-0.36781	-0.264426	0.0784117	0	0	1.56406	0	0	0	0.106226	-0.0343353	1.10089
2017-01-04 00:00:00	0	-0.222649	0.261974	0	-0.000956016	0	0.00172537	0	0	0	0	0	0	0	-0.578024	-0.263961	0.0783053	0	0	1.43908	0	0	0	0.106171	-0.0323095	0.789359
2017-01-05 00:00:00	-0.00450358	-0.161672	0.195584	0	-0.00066744	0	0.00189594	0	0	0	0	0	0	0	-0.529226	-0.26352	0.0782029	0	0	1.33811	0	0	0	0.106054	-0.0305237	0.729731
2017-01-06 00:00:00	-0.786489	0.429892	0.319659	0	0.000655312	0	0.00157531	0	0	0	0	0	0	0	-0.523052	-0.263051	0.0780953	0	0	1.25104	0	0	0	0.10594	-0.029235	0.585031
2017-01-07 00:00:00	-1.38649	0.199099	0.302857	0	0.00217246	-0.00166528	0.00721013	0	0	0	0	0	0	0	0.0920929	-0.262674	0.0780036	0	0	1.20076	0	0	0	0.105842	-0.02846	0.308746
2017-01-08 00:00:00	-0.195496	-0.109358	0.300115	0	-0.000749305	-0.000133524	0.00203833	0	0	0	0	0	0	0	-0.537826	-0.262258	0.0779076	0	0	1.16008	0	0	0	0.105743	-0.0280185	0.512041
2017-01-09 00:00:00	-7.16663	0.0974328	0.303824	0	0.00314264	-0.0167968	0.0491116	0	0	0	0	0	0	0	3.58788	-0.262634	0.0780428	0	0	1.29197	0	0	0	0.105828	-0.0289676	-1.9578
2017-01-10 00:00:00	-0.209007	-0.130992	0.33322	0	-0.00290548	-0.000431568	0.00335785	0	0	0	0	0	0	0	-0.774094	-0.262622	0.0780814	0	0	1.38049	0	0	0	0.106012	-0.0311391	0.489973
2017-01-11 00:00:00	-2.06305	0.110545	0.291212	0	0.00115252	-0.00384435	0.0126627	0	0	0	0	0	0	0	0.669313	-0.262386	0.0780401	0	0	1.34071	0	0	0	0.105862	-0.0304346	0.249784
2017-01-12 00:00:00	-0.2	-0.0364823	0.236427	0	-0.00140268	-0.000171536	0.00233642	0	0	0	0	0	0	0	-0.533415	-0.262025	0.0779643	0	0	1.29286	0	0	0	0.105873	-0.0296348	0.652325
2017-01-13 00:00:00	-0.0360287	-0.202859	0.223327	0	-0.000368086	0	0.00206266	0	0	0	0	0	0	0	-0.638933	-0.261573	0.0777016	0	0	1.21723	0	0	0	0.105724	-0.0284957	0.457784
2017-01-14 00:00:00	-0.0450358	-0.206978	0.250811	0	-0.00098246	0	0.00164522	0	0	0	0	0	0	0	-0.413588	-0.261122	0.0774525	0	0	1.153	0	0	0	0.105537	-0.0278092	0.632931
2017-01-15 00:00:00	-23.4784	0.417712	0.310193	0	0.0103314	-0.0587526	0.166724	0	0	0	0	0	0	0	12.5527	-0.263804	0.0780261	0	0	1.76458	0	0	0	0.106322	-0.0335145	-8.42789
2017-01-16 00:00:00	-1.1955	-0.0134274	0.337671	0	-0.00788925	-0.00304342	0.0124446	0	0	0	0	0	0	0	-0.320129	-0.265061	0.0783136	0	0	2.23468	0	0	0	0.107852	-0.0418244	0.924095
2017-01-17 00:00:00	-1.18199	0.00125701	0.353208	0	0.000235609	-0.00214744	0.00886042	0	0	0	0	0	0	0	-0.472536	-0.264674	0.0782469	0	0	2.03801	0	0	0	0.107901	-0.0400289	0.626346
2017-01-18 00:00:00	-0.795496	-0.0122304	0.361802	0	-0.000878776	-0.00108395	0.00538203	0	0	0	0	0	0	0	-0.254678	-0.264305	0.07817	0	0	1.87153	0	0	0	0.107838	-0.0385748	1.05747
2017-01-19 00:00:00	-0.00450358	-0.337619	0.371955	0	-0.00109033	-5.60751E-05	0.00190094	0	0	0	0	0	0	0	-0.931169	-0.263767	0.0780566	0	0	1.68472	0	0	0	0.107843	-0.0365762	0.669692
2017-01-20 00:00:00	-0.195496	-0.0942788	0.309199	0	-0.00059764	0	0.00187632	0	0	0	0	0	0	0	-0.270863	-0.263475	0.0779925	0	0	1.57657	0	0	0	0.107652	-0.0344688	1.21411
2017-01-21 00:00:00	-0.2	-0.0271939	0.235264	0	-0.000232682	0	0.00198274	0	0	0	0	0	0	0	-0.62949	-0.263016	0.0778947	0	0	1.44929	0	0	0	0.10758	-0.0325433	0.719533
2017-01-22 00:00:00	-0.813511	0.437006	0.253461	0	0.00125255	0	0.0022029	0	0	0	0	0	0	0	-0.379712	-0.262558	0.0777994	0	0	1.3457	0	0	0	0.107478	-0.0307419	0.738374
2017-01-23 00:00:00	0	-0.290479	0.311166	0	-0.000689675	0	0.00188145	0	0	0	0	0	0	0	-0.553321	-0.262108	0.0777071	0	0	1.26296	0	0	0	0.107373	-0.0293529	0.625138
2017-01-24 00:00:00	0	-0.373687	0.442121	0	-0.00151015	0	0.00172513	0	0	0	0	0	0	0	-0.682352	-0.261639	0.0776069	0	0	1.18616	0	0	0	0.107239	-0.0281998	0.467462
2017-01-25 00:00:00	0	-0.376987	0.446097	0	-0.00160044	0	0.00149996	0	0	0	0	0	0	0	-0.511182	-0.260823	0.0775276	0	0	1.11913	0	0	0	0.107017	-0.0274979	0.573184
2017-01-26 00:00:00	0	-0.271005	0.33289	0	-0.00135083	0	0.00164352	0	0	0	0	0	0	0	-0.486959	-0.26035	0.0774395	0	0	1.07163	0	0	0	0.106842	-0.0266612	0.544124
2017-01-27 00:00:00	0	-0.120004	0.29658	0	-0.00303348	0	0.00173037	0	0	0	0	0	0	0	-0.769478	-0.259904	0.077361	0	0	1.02335	0	0	0	0.106676	-0.02573	0.32755
2017-01-28 00:00:00	-9.3955	1.40423	0.343971	0	0.0122758	-0.0174027	0.0530173	0	0	0	0	0	0	0	4.0735	-0.260258	0.077459	0	0	1.15723	0	0	0	0.106795	-0.027315	-2.47199
2017-01-29 00:00:00	-0.977482	-0.020474	0.318241	0	-0.00305488	-0.00214935	0.0083575	0	0	0	0	0	0	0	-0.25223	-0.260538	0.0775297	0	0	1.34244	0	0	0	0.107198	-0.0302066	0.30763
2017-01-30 00:00:00	-0.395496	-0.00692798	0.339914	0	-0.000715265	-0.00015283	0.00285133	0	0	0	0	0	0	0	-0.547977	-0.260122	0.0774451	0	0	1.27977	0	0	0	0.107022	-0.0294647	0.56615
2017-01-31 00:00:00	-1.1955	0.0100666	0.438856	0	0.000586874	-0.00176954	0.00735965	0	0	0	0	0	0	0	-0.0520081	-0.259693	0.0773521	0	0	1.22186	0	0	0	0.106913	-0.0286002	0.32543
2017-02-01 00:00:00	-0.390993	-0.0308969	0.399526	0	-0.000756656	-0.000109255	0.00193101	0	0	0	0	0	0	0	-0.419484	-0.259178	0.0772802	0	0	1.17624	0	0	0	0.106744	-0.0282651	0.632043
2017-02-02 00:00:00	-0.809007	0.0143402	0.562834	0	0.00020258	-0.000323644	0.00345529	0	0	0	0	0	0	0	-0.474037	-0.258832	0.0771842	0	0	1.12365	0	0	0	0.106641	-0.0271949	0.31891
2017-02-03 00:00:00	-6.84504	-0.0113232	0.531132	0	0.0038049	-0.0159897	0.0466334	0	0	0	0	0	0	0	3.22587	-0.259371	0.0772881	0	0	1.25973	0	0	0	0.106679	-0.0284978	-1.90908
2017-02-04 00:00:00	-5.57298	0.00376839	0.470745	0	-0.000952315	-0.0133984	0.0405092	0	0	0	0	0	0	0	2.25354	-0.260098	0.0774574	0	0	1.50455	0	0	0	0.107065	-0.0315153	-1.42131
2017-02-05 00:00:00	-0.2	-0.175739	0.383369	0	-0.00304419	-0.000361026	0.003233	0	0	0	0	0	0	0	-0.525109	-0.25986	0.077425	0	0	1.50103	0	0	0	0.107087	-0.0339678	0.874059
2017-02-06 00:00:00	-2.38199	0.165659	0.403998	0	0.00152674	-0.00434451	0.0149637	0	0	0	0	0	0	0	0.467536	-0.25967	0.0773829	0	0	1.44579	0	0	0	0.107112	-0.0322588	0.00571456
2017-02-07 00:00:00	-3.26305	-0.00460683	0.463377	0	0.000400173	-0.00702237	0.0221579	0	0	0	0	0	0	0	1.06487	-0.259735	0.0774112	0	0	1.47309	0	0	0	0.107125	-0.0332531	-0.35924
2017-02-08 00:00:00	0	-0.392131	0.437674	0	-0.00280011	-0.000236934	0.00246127	0	0	0	0	0	0	0	-0.524048	-0.259413	0.0773607	0	0	1.42664	0	0	0	0.107182	-0.032533	0.840154
2017-02-09 00:00:00	0	-0.368084	0.436632	0	-0.00159405	0	0.00193709	0	0	0	0	0	0	0	-0.571512	-0.258969	0.0772308	0	0	1.32443	0	0	0	0.107137	-0.0303179	0.716889
2017-02-10 00:00:00	-0.2	-0.194134	0.434094	0	-0.000885319	0	0.00218866	0	0	0	0	0	0	0	-0.77581	-0.258065	0.0771071	0	0	1.23881	0	0	0	0.107015	-0.0288711	0.401455
2017-02-11 00:00:00	-9.06571	0.937949	0.28192	0	0.00714597	-0.0184182	0.0548639	0	0	0	0	0	0	0	4.01818	-0.258519	0.0772894	0	0	1.3752	0	0	0	0.107119	-0.0302352	-2.51321
2017-02-12 00:00:00	-3.95496	-0.00520531	0.271938	0	-0.00133042	-0.00994201	0.0305026	0	0	0	0	0	0	0	1.35881	-0.259235	0.0775051	0	0	1.61245	0	0	0	0.107545	-0.0343199	-0.806249
2017-02-13 00:00:00	-1.75947	-0.0174216	0.317249	0	-0.00104391	-0.00395873	0.0133758	0	0	0	0	0	0	0	0.279684	-0.259182	0.0774959	0	0	1.61784	0	0	0	0.107699	-0.0348484	0.33742
2017-02-14 00:00:00	0	-0.288694	0.317325	0	-0.00196141	-0.000153816	0.00122484	0	0	0	0	0	0	0	-0.0524874	-0.258558	0.0773572	0	0	1.47038	0	0	0	0.107686	-0.0343092	1.33781
2017-02-15 00:00:00	-0.595496	0.276724	0.280661	0	0.000435932	0	0.00373833	0	0	0	0	0	0	0	-1.07366	-0.258399	0.0773207	0	0	1.41749	0	0	0	0.107539	-0.0323061	0.204048
2017-02-16 00:00:00	-1.00901	0.00947471	0.323434	0	0.000745053	-0.00137275	0.00642767	0	0	0	0	0	0	0	-0.170923	-0.257943	0.0772168	0	0	1.32371	0	0	0	0.107521	-0.0308505	0.378433
2017-02-17 00:00:00	-0.00450358	-0.312064	0.350263	0	-0.00136179	-8.03872E-05	0.00217266	0	0	0	0	0	0	0	-0.464186	-0.257622	0.0771297	0	0	1.26257	0	0	0	0.107404	-0.0297039	0.730016
2017-02-18 00:00:00	-1.84504	0.303423	0.358478	0	0.00182361	-0.00248234	0.00951365	0	0	0	0	0	0	0	0.115338	-0.257383	0.0770693	0	0	1.21839	0	0	0	0.107294	-0.0288516	0.0575735
2017-02-19 00:00:00	-1.20901	-0.0134573	0.484195	0	-0.000375829	-0.00179967	0.00709844	0	0	0	0	0	0	0	-0.193424	-0.256411	0.0770651	0	0	1.2029	0	0	0	0.107291	-0.0284206	0.175654
2017-02-20 00:00:00	-3.18199	0.00111564	0.532529	0	0.00101364	-0.00669146	0.0213348	0	0	0	0	0	0	0	0.974425	-0.256603	0.0770524	0	0	1.23891	0	0	0	0.107239	-0.0283324	-0.519996
2017-02-21 00:00:00	-5.16848	-0.00459802	0.634383	0	0.000672459	-0.0117197	0.0355739	0	0	0	0	0	0	0	2.18886	-0.256973	0.0771264	0	0	1.36146	0	0	0	0.107396	-0.0302545	-1.06655
2017-02-22 00:00:00	-0.8	-0.0176386	0.694711	0	-0.00180812	-0.000461466	0.00386291	0	0	0	0	0	0	0	-0.701267	-0.256806	0.0771018	0	0	1.38547	0	0	0	0.107539	-0.0314604	0.459246
2017-02-23 00:00:00	-27.8874	0.0106296	0.584913	0	0.00841543	-0.0708944	0.201442	0	0	0	0	0	0	0	14.8557	-0.260285	0.0777899	0	0	2.17514	0	0	0	0.10852	-0.0371648	-10.2332
2017-02-24 00:00:00	-12.1838	-0.0083656	0.628664	0	-0.003101	-0.0312388	0.0922835	0	0	0	0	0	0	0	5.49714	-0.263446	0.0784625	0	0	3.11481	0	0	0	0.110493	-0.0486883	-3.01682
2017-02-25 00:00:00	-11.809	0.00420145	0.7801	0	-0.000943759	-0.0287688	0.0857338	0	0	0	0	0	0	0	4.96455	-0.265645	0.0788116	0	0	3.46403	0	0	0	0.111628	-0.0520594	-2.66737
2017-02-26 00:00:00	-3.79099	-0.0186773	0.766019	0	-0.00252474	-0.00811455	0.026459	0	0	0	0	0	0	0	0.813576	-0.266267	0.0790178	0	0	3.39285	0	0	0	0.112469	-0.0532801	1.05054
2017-02-27 00:00:00	-1.81351	0.0091664	0.661312	0	-0.00109684	-0.00286615	0.012107	0	0	0	0	0	0	0	-0.467195	-0.266204	0.079018	0	0	3.06657	0	0	0	0.112807	-0.0504164	1.33969
2017-02-28 00:00:00	-15.245	-0.00134292	0.569098	0	0.00471587	-0.0412486	0.110244	0	0	0	0	0	0	0	7.22057	-0.268066	0.0794227	0	0	3.29798	0	0	0	0.113435	-0.0503446	-4.21057
2017-03-01 00:00:00	-3.22702	-0.0157168	0.566141	0	-0.00359679	-0.00969734	0.0247788	0	0	0	0	0	0	0	0.573857	-0.268781	0.0796865	0	0	3.34061	0	0	0	0.114511	-0.0526693	1.1221
2017-03-02 00:00:00	-1.24954	-0.00504702	0.640629	0	-0.00162407	-0.00165817	0.00832264	0	0	0	0	0	0	0	-0.538058	-0.268593	0.0796751	0	0	3.00891	0	0	0	0.114709	-0.0498288	1.73789
2017-03-03 00:00:00	-5.53245	0.0141632	0.685039	0	0.00219142	-0.0129076	0.039376	0	0	0	0	0	0	0	1.65	-0.269024	0.0797528	0	0	2.84453	0	0	0	0.114959	-0.0474938	-0.431852
2017-03-04 00:00:00	-7.75947	-0.0125976	0.787016	0	0.00100374	-0.0207579	0.0552103	0	0	0	0	0	0	0	2.85265	-0.269866	0.0799696	0	0	2.89326	0	0	0	0.115531	-0.0478301	-1.32587
2017-03-05 00:00:00	-1.5955	-0.0137302	0.70545	0	-0.00239548	-0.00324885	0.0116543	0	0	0	0	0	0	0	-0.520809	-0.269855	0.0800127	0	0	2.72843	0	0	0	0.115952	-0.0479026	1.18806
2017-03-06 00:00:00	-1.8045	-0.00211193	0.761031	0	-0.000589309	-0.00239714	0.0104351	0	0	0	0	0	0	0	-0.123681	-0.269717	0.0799884	0	0	2.49099	0	0	0	0.115974	-0.0455862	1.20983
2017-03-07 00:00:00	-2.8	-0.00450594	0.863956	0	0.000525159	-0.00472268	0.0173272	0	0	0	0	0	0	0	0.160138	-0.269761	0.0799972	0	0	2.3187	0	0	0	0.116143	-0.042942	0.434852
2017-03-08 00:00:00	-2.0045	-0.00969514	0.914809	0	-0.000360581	-0.00261317	0.011253	0	0	0	0	0	0	0	-0.188087	-0.269675	0.0799869	0	0	2.16119	0	0	0	0.116288	-0.0410474	0.76754
2017-03-09 00:00:00	-3.82702	0.0148779	0.954783	0	0.000669325	-0.006968	0.0243682	0	0	0	0	0	0	0	0.725028	-0.269785	0.080027	0	0	2.07606	0	0	0	0.116377	-0.0397913	-0.151379
2017-03-10 00:00:00	-0.2	-0.652391	0.956487	0	-0.00406337	-0.000218619	0.00363568	0	0	0	0	0	0	0	-0.822492	-0.269521	0.0799928	0	0	1.92588	0	0	0	0.116412	-0.0394766	1.09424
2017-03-11 00:00:00	-1.38199	0.248749	1.13096	0	0.000186952	0	0.00353695	0	0	0	0	0	0	0	-0.787329	-0.269214	0.0799249	0	0	1.75066	0	0	0	0.116335	-0.0373177	0.854516
2017-03-12 00:00:00	-0.204504	-0.691963	1.07058	0	-0.00351902	0	0.00244834	0	0	0	0	0	0	0	-0.912877	-0.268677	0.0798163	0	0	1.55526	0	0	0	0.116267	-0.0359664	0.706864
2017-03-13 00:00:00	0	-0.418102	0.986737	0	-0.0102287	0	0.00181604	0	0	0	0	0	0	0	-0.866466	-0.268539	0.0797772	0	0	1.45726	0	0	0	0.116184	-0.0333312	1.04511
2017-03-14 00:00:00	-0.995496	-0.0954826	1.1955	0	-0.00194375	0	0.00339185	0	0	0	0	0	0	0	-0.553147	-0.268103	0.0796868	0	0	1.32652	0	0	0	0.116133	-0.0311471	0.775912
2017-03-15 00:00:00	0	-0.0734155	1.03089	0	-0.0141879	0	0.00145479	0	0	0	0	0	0	0	-1.19253	-0.267867	0.0796327	0	0	1.23764	0	0	0	0.116035	-0.0293924	0.888261
2017-03-16 00:00:00	-1.20901	0.109957	1.10826	0	-9.82961E-05	0	0.00320915	0	0	0	0	0	0	0	-0.618222	-0.267466	0.0795511	0	0	1.14011	0	0	0	0.115991	-0.0276454	0.434645
2017-03-17 00:00:00	-9.71709	1.54161	1.11679	0	0.035737	-0.0082647	0.0374843	0	0	0	0	0	0	0	3.53387	-0.267984	0.0796761	0	0	1.25521	0	0	0	0.116086	-0.0288456	-2.30573
2017-03-18 00:00:00	-5.8	-0.0111919	1.19435	0	-0.000816867	-0.0118597	0.0374261	0	0	0	0	0	0	0	1.8119	-0.26885	0.0799328	0	0	1.56741	0	0	0	0.11652	-0.0326645	-1.31784
2017-03-19 00:00:00	-6.23153	0.00356173	1.23961	0	9.37373E-06	-0.0125472	0.0400928	0	0	0	0	0	0	0	2.08068	-0.269454	0.0801035	0	0	1.74064	0	0	0	0.116705	-0.0350768	-1.2472
2017-03-20 00:00:00	-3.48107	-0.0161531	1.13841	0	-0.00112021	-0.00569746	0.0203216	0	0	0	0	0	0	0	0.722112	-0.269648	0.0802017	0	0	1.79187	0	0	0	0.116869	-0.0368099	0.0592924
2017-03-21 00:00:00	-0.77564	-0.0642838	0.680464	0	-0.00203209	-0.000200801	0.00390217	0	0	0	0	0	0	0	-0.561311	-0.269432	0.0802271	0	0	1.69675	0	0	0	0.116953	-0.0358629	0.869533
2017-03-22 00:00:00	-15.8045	0.0764237	0.650549	0	0.00661439	-0.038631	0.112549	0	0	0	0	0	0	0	7.28911	-0.27131	0.0806578	0	0	2.09354	0	0	0	0.117447	-0.0374841	-5.72503
2017-03-23 00:00:00	-33.1361	-0.0059017	0.991002	0	0.0117133	-0.101985	0.247754	0	0	0	0	0	0	0	15.7604	-0.276921	0.0818502	0	0	3.70153	0	0	0	0.119517	-0.0503004	-12.6575
2017-03-24 00:00:00	0	-1.03452	1.34638	0	-0.0230306	-0.00665732	0.0120679	0	0	0	0	0	0	0	-1.34695	-0.279178	0.0823073	0	0	4.22427	0	0	0	0.121599	-0.0620305	3.03426
2017-03-25 00:00:00	0	-0.585752	1.57471	0	-0.0178465	-0.00060941	0.00297905	0	0	0	0	0	0	0	-1.62123	-0.278688	0.0821497	0	0	3.56436	0	0	0	0.121896	-0.0572679	2.7847
2017-03-26 00:00:00	0	-0.0153457	1.71235	0	-0.0224301	0	0.00147395	0	0	0	0	0	0	0	-1.96526	-0.278776	0.082012	0	0	3.02443	0	0	0	0.122256	-0.0517517	2.60895
2017-03-27 00:00:00	0	-0.0151672	1.69031	0	-0.0138667	0	0.00315503	0	0	0	0	0	0	0	-2.21952	-0.278367	0.0818809	0	0	2.55945	0	0	0	0.122518	-0.0466572	1.88373
2017-03-28 00:00:00	-1.2045	0.000376552	1.33872	0	-0.000643719	0	0.00392191	0	0	0	0	0	0	0	-0.697139	-0.278005	0.0817768	0	0	2.22934	0	0	0	0.12275	-0.0429778	1.55361
2017-03-29 00:00:00	-0.795496	-0.0105571	1.42986	0	-0.00158549	0	0.00240523	0	0	0	0	0	0	0	-1.25857	-0.277614	0.0816785	0	0	1.94723	0	0	0	0.122971	-0.0399831	1.20034
2017-03-30 00:00:00	-1.9955	0.546174	1.40617	0	-0.000141826	0	0.00362179	0	0	0	0	0	0	0	-0.45458	-0.277324	0.0816119	0	0	1.76126	0	0	0	0.122907	-0.0373079	1.15689
2017-03-31 00:00:00	-2.78199	0.568687	1.57392	0	0.00111975	0	0.00447762	0	0	0	0	0	0	0	-0.376892	-0.277065	0.0815678	0	0	1.62555	0	0	0	0.122972	-0.0355165	0.506838
2017-04-01 00:00:00	-0.2	-1.01925	1.51851	0	-0.000774388	0	0.00355235	0	0	0	0	0	0	0	-0.984905	-0.276726	0.0815197	0	0	1.499	0	0	0	0.122998	-0.0338546	0.710077
2017-04-02 00:00:00	0	-0.116646	1.26063	0	-0.00028878	0	0.00174966	0	0	0	0	0	0	0	-1.36877	-0.276312	0.0814472	0	0	1.33907	0	0	0	0.122951	-0.0321388	1.01169
2017-04-03 00:00:00	0	-0.00593625	1.27451	0	6.10551E-05	0	0.00160889	0	0	0	0	0	0	0	-1.65469	-0.275828	0.081364	0	0	1.17144	0	0	0	0.123044	-0.0291162	0.686455
2017-04-04 00:00:00	-0.409007	0	1.4314	0	-0.00166867	0	3.37996E-05	0	0	0	0	0	0	0	-0.439838	-0.275257	0.0812795	0	0	1.04477	0	0	0	0.122807	-0.0274183	1.5271
2017-04-05 00:00:00	0	0	1.34127	0	-0.0007489	0	0.00106176	0	0	0	0	0	0	0	-1.90719	-0.275176	0.0812371	0	0	0.95652	0	0	0	0.123234	-0.0258391	0.294375
2017-04-06 00:00:00	0	0	1.32096	0	2.7913E-05	0	0.00399381	0	0	0	0	0	0	0	-1.43286	-0.27482	0.0811993	0	0	0.902543	0	0	0	0.122701	-0.0237471	0.699999
2017-04-07 00:00:00	-0.4	0	1.45791	0	-0.000430541	0	0.0017046	0	0	0	0	0	0	0	-1.3007	-0.274204	0.0810296	0	0	0.822584	0	0	0	0.122713	-0.0223361	0.488269
2017-04-08 00:00:00	0	0	1.60802	0	-0.00370684	0	6.92588E-05	0	0	0	0	0	0	0	-0.791557	-0.273518	0.0809705	0	0	0.755748	0	0	0	0.122557	-0.0212786	1.4773
2017-04-09 00:00:00	-0.2	0	1.51748	0	0.00113818	0	0.000166434	0	0	0	0	0	0	0	-1.79502	-0.273335	0.080911	0	0	0.706879	0	0	0	0.122918	-0.0201716	0.140958
2017-04-10 00:00:00	-0.00900716	0	1.3925	0	-3.40988E-05	0	0.00105317	0	0	0	0	0	0	0	-1.3347	-0.272912	0.0808202	0	0	0.666624	0	0	0	0.122344	-0.0193753	0.627312
2017-04-11 00:00:00	-0.627021	0.00339263	1.58322	0	2.54398E-05	0	0.00361903	0	0	0	0	0	0	0	-1.26459	-0.272611	0.0807525	0	0	0.648491	0	0	0	0.122119	-0.0186593	0.258737
2017-04-12 00:00:00	-0.613511	-0.00339263	1.56085	0	1.048E-05	0	0.00253008	0	0	0	0	0	0	0	-0.894531	-0.272281	0.0806594	0	0	0.637379	0	0	0	0.12183	-0.0183076	0.601231
2017-04-13 00:00:00	-0.4	0	1.41991	0	-1.37697E-05	0	0.00124339	0	0	0	0	0	0	0	-1.1613	-0.271744	0.0805358	0	0	0.62358	0	0	0	0.121735	-0.0181458	0.395805
2017-04-14 00:00:00	-1.82702	0.126131	1.70199	0	-3.38973E-06	0	0.00087365	0	0	0	0	0	0	0	0.0883144	-0.271395	0.0804346	0	0	0.644216	0	0	0	0.121392	-0.0179316	0.647001
2017-04-15 00:00:00	-0.204504	-0.126131	1.44816	0	0.000115504	0	0.00363998	0	0	0	0	0	0	0	-1.66588	-0.271017	0.0804235	0	0	0.632842	0	0	0	0.121449	-0.0183114	0.000781253
2017-04-16 00:00:00	-4.60901	1.58693	1.60795	0	-7.26729E-05	0	0.00455813	0	0	0	0	0	0	0	0.617182	-0.270885	0.0803293	0	0	0.66346	0	0	0	0.121111	-0.0183353	-0.216777
2017-04-17 00:00:00	0	-1.11674	1.54557	0	5.22237E-05	0	0.00249308	0	0	0	0	0	0	0	-0.950021	-0.270648	0.0802497	0	0	0.712481	0	0	0	0.121051	-0.0191808	0.105308
2017-04-18 00:00:00	0	-0.470188	1.74919	0	-0.00150379	0	0	0	0	0	0	0	0	0	-0.723888	-0.269964	0.0801039	0	0	0.687807	0	0	0	0.120802	-0.019396	1.15297
2017-04-19 00:00:00	-0.00450358	0	1.5417	0	0.000858748	0	0	0	0	0	0	0	0	0	-1.82705	-0.269723	0.0800228	0	0	0.640569	0	0	0	0.121038	-0.019026	0.263892
2017-04-20 00:00:00	-0.2	0	1.81745	0	0.00054064	0	0.00201794	0	0	0	0	0	0	0	-1.47976	-0.269439	0.079958	0	0	0.609929	0	0	0	0.120353	-0.0180327	0.663016
2017-04-21 00:00:00	-1.0045	0	1.82188	0	0.000661531	0	0.00119679	0	0	0	0	0	0	0	-0.833861	-0.268742	0.0798092	0	0	0.592282	0	0	0	0.120253	-0.0175786	0.491394
2017-04-22 00:00:00	0	0	1.50561	0	-0.000623256	0	0.00140758	0	0	0	0	0	0	0	-1.27711	-0.268549	0.079771	0	0	0.573666	0	0	0	0.120088	-0.0172463	0.717016
2017-04-23 00:00:00	0	0	1.59756	0	0.000299062	0	0.000433516	0	0	0	0	0	0	0	-1.66165	-0.267858	0.0796177	0	0	0.542285	0	0	0	0.11983	-0.016766	0.393758
2017-04-24 00:00:00	-1.4045	0.000543813	1.65237	0	-0.000338949	0	0.000381492	0	0	0	0	0	0	0	0.219637	-0.267478	0.0795294	0	0	0.557477	0	0	0	0.119761	-0.0163508	0.941026
2017-04-25 00:00:00	-4.01801	1.44553	1.42764	0	4.90591E-05	0	0.00547206	0	0	0	0	0	0	0	-0.0746485	-0.267546	0.0795413	0	0	0.595074	0	0	0	0.119593	-0.0169413	-0.704246
2017-04-26 00:00:00	-0.00450358	-1.00928	1.27745	0	-5.53479E-05	0	0.00215321	0	0	0	0	0	0	0	-0.531152	-0.267228	0.0795178	0	0	0.640325	0	0	0	0.119277	-0.0180367	0.288475
2017-04-27 00:00:00	-0.413511	-0.436801	1.87712	0	7.43051E-05	0	0.00104512	0	0	0	0	0	0	0	-1.31347	-0.266652	0.0793884	0	0	0.639905	0	0	0	0.119096	-0.0182767	0.267912
2017-04-28 00:00:00	0	0	1.84945	0	-0.00162658	0	0	0	0	0	0	0	0	0	-1.17806	-0.266137	0.0792634	0	0	0.59382	0	0	0	0.118694	-0.0182269	1.17718
2017-04-29 00:00:00	-0.195496	0	1.8029	0	0.000573855	0	0	0	0	0	0	0	0	0	-1.7373	-0.265955	0.0791863	0	0	0.554003	0	0	0	0.118994	-0.0175209	0.339387
2017-04-30 00:00:00	0	0	1.87014	0	8.79204E-05	0	0	0	0	0	0	0	0	0	-1.75828	-0.265575	0.0790812	0	0	0.51699	0	0	0	0.118462	-0.0165515	0.544356
2017-05-01 00:00:00	0	0	1.86264	0	8.91115E-05	0	0	0	0	0	0	0	0	0	-1.4428	-0.265193	0.0789757	0	0	0.482765	0	0	0	0.118257	-0.0158645	0.818877
2017-05-02 00:00:00	0	0	1.80447	0	0.000134571	0	0	0	0	0	0	0	0	0	-1.5555	-0.264806	0.0788668	0	0	0.453917	0	0	0	0.118068	-0.0150288	0.62012
2017-05-03 00:00:00	-0.195496	0	1.78661	0	0.000364715	0	0	0	0	0	0	0	0	0	-1.48483	-0.264471	0.078757	0	0	0.437649	0	0	0	0.117844	-0.0144932	0.461938
2017-05-04 00:00:00	0	0	1.7906	0	4.91957E-05	0	0	0	0	0	0	0	0	0	-1.54287	-0.264087	0.0786439	0	0	0.419566	0	0	0	0.117595	-0.0142062	0.58529
2017-05-05 00:00:00	0	0	1.75244	0	0.000103163	0	0	0	0	0	0	0	0	0	-1.56119	-0.263837	0.0785295	0	0	0.403361	0	0	0	0.117345	-0.0138671	0.512885
2017-05-06 00:00:00	-0.00450358	0	1.75117	0	8.35202E-05	0	0	0	0	0	0	0	0	0	-1.54934	-0.263392	0.0784139	0	0	0.389296	0	0	0	0.117086	-0.0135892	0.505227
2017-05-07 00:00:00	0	0	1.82709	0	-3.22569E-05	0	0	0	0	0	0	0	0	0	-1.55302	-0.262813	0.0782964	0	0	0.374796	0	0	0	0.116821	-0.0133556	0.567783
2017-05-08 00:00:00	0	0	1.67975	0	7.39053E-05	0	5.93623E-05	0	0	0	0	0	0	0	-1.48761	-0.262464	0.0781761	0	0	0.364979	0	0	0	0.116573	-0.0129579	0.47658
2017-05-09 00:00:00	0	0	1.89749	0	-0.000176489	0	0	0	0	0	0	0	0	0	-1.68936	-0.261897	0.0780172	0	0	0.351058	0	0	0	0.116294	-0.0127321	0.478693
2017-05-10 00:00:00	0	0	2.05541	0	-0.000372659	0	0	0	0	0	0	0	0	0	-1.82136	-0.261465	0.0778936	0	0	0.332627	0	0	0	0.116017	-0.012456	0.486297
2017-05-11 00:00:00	0	0	4.03584	0	-0.00292914	0	0	0	0	0	0	0	0	0	-3.27667	-0.260968	0.0777504	0	0	0.265227	0	0	0	0.115741	-0.0121267	0.941873
2017-05-12 00:00:00	0	0	2.36454	0	-0.000391117	0	0	0	0	0	0	0	0	0	-1.95247	-0.260367	0.0776407	0	0	0.235884	0	0	0	0.115519	-0.0110295	0.569324
2017-05-13 00:00:00	-2.38649	0.00349168	2.46801	0	0.00234489	0	0	0	0	0	0	0	0	0	-0.159067	-0.260077	0.0775301	0	0	0.271286	0	0	0	0.115231	-0.0105977	0.121663
2017-05-14 00:00:00	0	-0.00349168	2.01309	0	-0.000817833	0	0	0	0	0	0	0	0	0	-1.74976	-0.259455	0.0774026	0	0	0.273943	0	0	0	0.114933	-0.0111562	0.454696
2017-05-15 00:00:00	-9.01351	1.69732	2.66962	0	0.00245139	0	0.00593557	0	0	0	0	0	0	0	2.653	-0.259922	0.0774645	0	0	0.368008	0	0	0	0.114685	-0.0117438	-1.69669
2017-05-16 00:00:00	-2.2045	-0.346126	2.6412	0	-3.03954E-05	0	0.00240457	0	0	0	0	0	0	0	-0.340095	-0.259756	0.0774289	0	0	0.476386	0	0	0	0.114753	-0.0145226	0.147135
2017-05-17 00:00:00	0	-1.34159	2.65793	0	-0.000456091	0	0.000153227	0	0	0	0	0	0	0	-1.41033	-0.259264	0.0773103	0	0	0.498052	0	0	0	0.114387	-0.0152241	0.320971
2017-05-18 00:00:00	0	-0.00959462	2.05479	0	-8.18668E-05	0	0	0	0	0	0	0	0	0	-1.94983	-0.258623	0.0767331	0	0	0.453945	0	0	0	0.114141	-0.0150928	0.466379
2017-05-19 00:00:00	-0.4	0	2.14445	0	-0.0019231	0	0	0	0	0	0	0	0	0	-1.14341	-0.258109	0.0766456	0	0	0.424679	0	0	0	0.113808	-0.0144479	0.941691
2017-05-20 00:00:00	-17	1.78634	2.4031	0	0.0025209	0	0.0137952	0	0	0	0	0	0	0	7.28362	-0.259985	0.0769804	0	0	0.667649	0	0	0	0.114144	-0.0160243	-4.92786
2017-05-21 00:00:00	-0.209007	-1.44025	2.3402	0	-0.000151258	0	0.00156563	0	0	0	0	0	0	0	-1.05531	-0.260153	0.0770342	0	0	0.874403	0	0	0	0.114609	-0.0220188	0.420919
2017-05-22 00:00:00	-2.8045	0.039971	2.81329	0	4.40038E-05	0	0.00202275	0	0	0	0	0	0	0	-0.3699	-0.259714	0.0769257	0	0	0.840494	0	0	0	0.114279	-0.0217052	0.431205
2017-05-23 00:00:00	-0.8	-0.337363	2.88797	0	-0.000734165	0	6.87035E-05	0	0	0	0	0	0	0	-1.62649	-0.259299	0.076814	0	0	0.787176	0	0	0	0.114036	-0.0210881	0.821091
2017-05-24 00:00:00	-0.2	-0.0210526	2.47588	0	-3.1103E-05	0	0	0	0	0	0	0	0	0	-2.16247	-0.258526	0.076643	0	0	0.670012	0	0	0	0.113872	-0.0201282	0.674202
2017-05-25 00:00:00	0	-0.0276522	3.88602	0	-0.00349143	0	0	0	0	0	0	0	0	0	-2.93346	-0.258207	0.0765569	0	0	0.567709	0	0	0	0.11374	-0.0182193	1.403
2017-05-26 00:00:00	0	0	2.53266	0	-0.000825901	0	0	0	0	0	0	0	0	0	-1.80466	-0.257378	0.0764017	0	0	0.454178	0	0	0	0.113521	-0.0161715	1.09772
2017-05-27 00:00:00	-11.9928	1.71718	3.0606	0	0.00516498	0	0.00446446	0	0	0	0	0	0	0	3.73674	-0.258702	0.0765903	0	0	0.66139	0	0	0	0.113527	-0.0147935	-2.89067
2017-05-28 00:00:00	0	-1.70976	2.74345	0	-0.000723541	0	0.000648781	0	0	0	0	0	0	0	-0.955848	-0.25827	0.0765059	0	0	0.700133	0	0	0	0.113782	-0.0191474	0.690764
2017-05-29 00:00:00	-0.395496	-0.00561144	2.34343	0	1.79353E-06	0	0	0	0	0	0	0	0	0	-1.85997	-0.257532	0.0763383	0	0	0.625996	0	0	0	0.113543	-0.0191029	0.621597
2017-05-30 00:00:00	-0.809007	-0.00181682	2.41704	0	-0.00176458	0	0	0	0	0	0	0	0	0	-0.810564	-0.257064	0.0762223	0	0	0.574571	0	0	0	0.113355	-0.0181071	1.28286
2017-05-31 00:00:00	0	0	3.09618	0	-0.00212068	0	0	0	0	0	0	0	0	0	-3.07441	-0.25617	0.0761313	0	0	0.483909	0	0	0	0.113365	-0.0170961	0.419791
2017-06-01 00:00:00	-0.00450358	0	2.41509	0	-0.000523898	0	0	0	0	0	0	0	0	0	-2.02295	-0.256008	0.0759107	0	0	0.418196	0	0	0	0.112884	-0.0151014	0.722992
2017-06-02 00:00:00	-0.795496	0	2.79536	0	-3.57799E-05	0	0	0	0	0	0	0	0	0	-1.7141	-0.255303	0.0757879	0	0	0.379173	0	0	0	0.112629	-0.0138998	0.584116
2017-06-03 00:00:00	0	0	3.3769	0	-0.000110202	0	0	0	0	0	0	0	0	0	-2.92273	-0.255036	0.0756345	0	0	0.311729	0	0	0	0.112329	-0.0132243	0.685489
2017-06-04 00:00:00	-1.01801	0	2.31974	0	1.12844E-05	0	0	0	0	0	0	0	0	0	-1.197	-0.254212	0.0754494	0	0	0.299519	0	0	0	0.11211	-0.0118055	0.325797
2017-06-05 00:00:00	-9.8	1.77858	2.76376	0	0.00519982	0	0.000611513	0	0	0	0	0	0	0	3.10704	-0.254911	0.0755503	0	0	0.429189	0	0	0	0.111814	-0.0120986	-1.79526
2017-06-06 00:00:00	-44.427	0.102639	2.59039	0	0.0691343	-0.0703072	0.221553	0	0	0	0	0	0	0	25.1089	-0.26017	0.0766181	0	0	1.37583	0	0	0	0.1135	-0.0256052	-15.1245
2017-06-07 00:00:00	-0.809007	-1.4322	2.76576	0	-0.0175245	-0.00126038	0.00586288	0	0	0	0	0	0	0	-1.17761	-0.262805	0.0772336	0	0	2.09376	0	0	0	0.115366	-0.0400594	1.31751
2017-06-08 00:00:00	-13.636	1.39839	3.02672	0	0.0142153	-0.020371	0.0624667	0	0	0	0	0	0	0	4.94781	-0.263306	0.0773413	0	0	2.06765	0	0	0	0.115638	-0.0390595	-2.24853
2017-06-09 00:00:00	-0.2	-1.76663	3.02675	0	-0.0233905	-0.000407032	0.00257633	0	0	0	0	0	0	0	-1.5497	-0.263604	0.0774258	0	0	2.04781	0	0	0	0.116089	-0.0396877	1.42723
2017-06-10 00:00:00	-3.0045	-0.0127579	3.13504	0	-0.00182295	0	0.00165383	0	0	0	0	0	0	0	-0.685633	-0.26307	0.0773161	0	0	1.79627	0	0	0	0.115954	-0.0372099	1.12124
2017-06-11 00:00:00	-3.18649	0.119067	3.10229	0	-0.000793813	0	0.0014829	0	0	0	0	0	0	0	-0.527663	-0.262596	0.077222	0	0	1.61745	0	0	0	0.115788	-0.0353225	1.02044
2017-06-12 00:00:00	-0.204504	-0.148211	2.7028	0	-0.0285463	0	4.23092E-05	0	0	0	0	0	0	0	-2.17893	-0.262112	0.0771206	0	0	1.42158	0	0	0	0.115624	-0.0328326	1.46203
2017-06-13 00:00:00	-2.34596	-0.0202556	2.9755	0	-0.00550989	0	0	0	0	0	0	0	0	0	-0.35952	-0.261366	0.0769608	0	0	1.20974	0	0	0	0.115585	-0.0300926	1.35508
2017-06-14 00:00:00	0	-0.0174748	2.92186	0	-0.00643146	0	0	0	0	0	0	0	0	0	-3.10241	-0.261168	0.0769038	0	0	1.09229	0	0	0	0.115452	-0.0274392	0.791579
2017-06-15 00:00:00	-8.43603	1.81955	3.16048	0	0.0188778	0	0.00456712	0	0	0	0	0	0	0	2.02196	-0.261088	0.0768845	0	0	1.04413	0	0	0	0.115364	-0.0255811	-0.460883
2017-06-16 00:00:00	-0.8	-1.59505	3.1514	0	-0.00882217	0	0.00130924	0	0	0	0	0	0	0	-1.22585	-0.260962	0.07686	0	0	1.06801	0	0	0	0.115394	-0.0262481	0.496041
2017-06-17 00:00:00	0	-0.225677	3.11064	0	-0.0126071	0	0	0	0	0	0	0	0	0	-1.91193	-0.260167	0.0766791	0	0	0.885561	0	0	0	0.115121	-0.0257595	1.75186
2017-06-18 00:00:00	0	0	3.21579	0	-0.00161271	0	0	0	0	0	0	0	0	0	-3.08592	-0.259935	0.0765618	0	0	0.742972	0	0	0	0.115357	-0.0226174	0.780594
2017-06-19 00:00:00	-0.00450358	0	3.20412	0	-0.000220871	0	0	0	0	0	0	0	0	0	-2.44956	-0.259378	0.0764275	0	0	0.615436	0	0	0	0.1149	-0.019944	1.27728
2017-06-20 00:00:00	0	0	3.53154	0	-0.000102926	0	0	0	0	0	0	0	0	0	-2.76004	-0.258823	0.0762964	0	0	0.496616	0	0	0	0.114685	-0.0178965	1.18228
2017-06-21 00:00:00	-0.990993	0	2.87734	0	-8.39845E-06	0	0	0	0	0	0	0	0	0	-1.47252	-0.258105	0.0761769	0	0	0.444987	0	0	0	0.114488	-0.0154166	0.775953
2017-06-22 00:00:00	0	0	2.6387	0	0	0	0	0	0	0	0	0	0	0	-1.98794	-0.257846	0.076092	0	0	0.406534	0	0	0	0.114038	-0.0141059	0.975474
2017-06-23 00:00:00	-2.02702	0	2.96951	0	5.74193E-05	0	0	0	0	0	0	0	0	0	-1.02385	-0.257214	0.0759376	0	0	0.389491	0	0	0	0.113899	-0.013475	0.22733
2017-06-24 00:00:00	0	0	2.38351	0	-5.74193E-05	0	0	0	0	0	0	0	0	0	-1.97441	-0.256827	0.0758025	0	0	0.367533	0	0	0	0.113359	-0.0132216	0.695689
2017-06-25 00:00:00	-0.2	0	2.38522	0	0	0	0	0	0	0	0	0	0	0	-1.74017	-0.255574	0.075631	0	0	0.332413	0	0	0	0.11313	-0.012614	0.698036
2017-06-26 00:00:00	0	0	2.30375	0	0	0	0	0	0	0	0	0	0	0	-1.82355	-0.255472	0.0755666	0	0	0.30721	0	0	0	0.112822	-0.0119848	0.708337
2017-06-27 00:00:00	-21.2739	1.94752	2.87502	0	0.0396202	0	0.0100289	0	0	0	0	0	0	0	9.90636	-0.257407	0.0759215	0	0	0.628618	0	0	0	0.112913	-0.014102	-5.94941
2017-06-28 00:00:00	-0.4	-1.7406	2.94787	0	-0.00899229	0	1.22915E-05	0	0	0	0	0	0	0	-1.18669	-0.25777	0.0760084	0	0	0.885051	0	0	0	0.113557	-0.0222445	0.406193
2017-06-29 00:00:00	-38.4721	1.81294	2.14681	0	0.0432768	-0.0762028	0.226488	0	0	0	0	0	0	0	20.6823	-0.2615	0.0767837	0	0	1.58381	0	0	0	0.114694	-0.0304755	-12.1531
2017-06-30 00:00:00	-5.64053	-0.024957	2.32224	0	-0.00535604	-0.00922185	0.0288073	0	0	0	0	0	0	0	1.23034	-0.264134	0.0774641	0	0	2.31907	0	0	0	0.116389	-0.0421442	0.107963
2017-07-01 00:00:00	-0.395496	-1.72529	2.86388	0	-0.0155231	-0.000184835	0.00219306	0	0	0	0	0	0	0	-1.2594	-0.263713	0.0774177	0	0	2.12282	0	0	0	0.11633	-0.0406221	1.48242
2017-07-02 00:00:00	-2.44053	-0.176105	3.01067	0	-0.00676397	0	0.00118389	0	0	0	0	0	0	0	-0.949028	-0.263183	0.0773027	0	0	1.85593	0	0	0	0.116186	-0.0380115	1.18765
2017-07-03 00:00:00	-0.204504	-0.0393573	2.72377	0	-0.0316895	0	0	0	0	0	0	0	0	0	-2.51209	-0.262389	0.0771362	0	0	1.52361	0	0	0	0.116033	-0.0363357	1.35418
2017-07-04 00:00:00	-12.782	2.00735	2.93532	0	0.0550355	-0.00849585	0.0295948	0	0	0	0	0	0	0	4.56958	-0.263163	0.0772743	0	0	1.60093	0	0	0	0.116249	-0.033857	-1.69617
2017-07-05 00:00:00	0	-1.99219	3.06165	0	-0.0223588	-0.000421269	0.00217752	0	0	0	0	0	0	0	-1.43732	-0.263322	0.0773148	0	0	1.63619	0	0	0	0.116593	-0.0352246	1.14308
2017-07-06 00:00:00	-1.3955	-0.0159945	3.0717	0	-0.0225972	0	0	0	0	0	0	0	0	0	-1.92518	-0.262565	0.0771483	0	0	1.37176	0	0	0	0.116438	-0.0336483	0.981565
2017-07-07 00:00:00	-0.595496	-0.0202774	2.90095	0	-0.0184817	0	0	0	0	0	0	0	0	0	-1.87323	-0.262263	0.0770685	0	0	1.23013	0	0	0	0.116268	-0.0294649	1.52521
2017-07-08 00:00:00	0	-0.023632	2.89701	0	-0.00502356	0	0	0	0	0	0	0	0	0	-2.02892	-0.261469	0.076885	0	0	0.981416	0	0	0	0.116133	-0.0275986	1.7248
2017-07-09 00:00:00	-2.59099	-0.00870637	3.18105	0	0.00139844	0	0	0	0	0	0	0	0	0	-0.951745	-0.261148	0.0767944	0	0	0.91264	0	0	0	0.116212	-0.0249562	0.450544
2017-07-10 00:00:00	-5.58199	1.97673	2.82024	0	0.00266165	0	0.000871	0	0	0	0	0	0	0	0.0201559	-0.260974	0.0767388	0	0	0.906662	0	0	0	0.115709	-0.0235251	0.0532864
2017-07-11 00:00:00	0	-1.86885	2.68238	0	-0.00050147	0	0.000994232	0	0	0	0	0	0	0	-0.763263	-0.260632	0.0766682	0	0	0.887433	0	0	0	0.115504	-0.0229932	0.846743
2017-07-12 00:00:00	-0.00450358	-0.108559	4.72097	0	-0.003411	0	0	0	0	0	0	0	0	0	-3.9014	-0.259974	0.0764939	0	0	0.717639	0	0	0	0.115352	-0.0215422	1.33106
2017-07-13 00:00:00	-2.43603	0.0177522	2.9523	0	0.000103464	0	0	0	0	0	0	0	0	0	0.04401	-0.2593	0.0763441	0	0	0.639116	0	0	0	0.115112	-0.0189531	1.13045
2017-07-14 00:00:00	-0.404504	-0.0177522	2.71596	0	-0.00109093	0	0	0	0	0	0	0	0	0	-2.24896	-0.258981	0.0762368	0	0	0.574896	0	0	0	0.115061	-0.0183793	0.53249
2017-07-15 00:00:00	-4.1955	0.763511	3.30394	0	0.00194297	0	0	0	0	0	0	0	0	0	-0.0845006	-0.258617	0.0761432	0	0	0.586246	0	0	0	0.114516	-0.0172289	0.290458
2017-07-16 00:00:00	-0.195496	-0.763511	2.76298	0	-0.000788451	0	0	0	0	0	0	0	0	0	-1.63355	-0.258105	0.0760239	0	0	0.553164	0	0	0	0.114269	-0.0175045	0.637479
2017-07-17 00:00:00	0	0	2.76745	0	-0.00130865	0	0	0	0	0	0	0	0	0	-2.17949	-0.257611	0.0758968	0	0	0.479708	0	0	0	0.113901	-0.0166993	0.981843
2017-07-18 00:00:00	0	0	2.81706	0	-7.88369E-05	0	0	0	0	0	0	0	0	0	-2.13628	-0.257326	0.0757706	0	0	0.414124	0	0	0	0.113621	-0.0151596	1.01174
2017-07-19 00:00:00	-1.81801	0	3.0951	0	3.71639E-06	0	0	0	0	0	0	0	0	0	-1.06606	-0.256629	0.0756565	0	0	0.400002	0	0	0	0.113312	-0.0139337	0.529432
2017-07-20 00:00:00	-2.40901	0	2.82204	0	0.000276366	0	0	0	0	0	0	0	0	0	-0.420834	-0.256079	0.0755713	0	0	0.421218	0	0	0	0.112919	-0.0137003	0.332404
2017-07-21 00:00:00	0	0	2.92455	0	-0.000313401	0	0	0	0	0	0	0	0	0	-2.43516	-0.255522	0.0752945	0	0	0.377458	0	0	0	0.112476	-0.0140591	0.784718
2017-07-22 00:00:00	-8.58199	2.13526	3.20903	0	0.00404867	0	0	0	0	0	0	0	0	0	1.76275	-0.255639	0.0753511	0	0	0.452526	0	0	0	0.11216	-0.0136141	-1.10011
2017-07-23 00:00:00	-4.27206	0.00208399	2.84445	0	0.00107278	0	0.00088441	0	0	0	0	0	0	0	0.574258	-0.255563	0.0751637	0	0	0.558559	0	0	0	0.112109	-0.0161655	-0.375209
2017-07-24 00:00:00	-0.195496	-1.99555	2.94066	0	-0.000130586	0	0.000887866	0	0	0	0	0	0	0	-0.896346	-0.255186	0.0751406	0	0	0.598024	0	0	0	0.11169	-0.0175786	0.366114
2017-07-25 00:00:00	0	-0.134785	2.57071	0	-0.0019748	0	0	0	0	0	0	0	0	0	-2.0224	-0.254666	0.0750042	0	0	0.544301	0	0	0	0.111437	-0.0172505	0.87038
2017-07-26 00:00:00	-15.0495	2.19009	2.8323	0	0.0123508	0	0.00923374	0	0	0	0	0	0	0	5.96981	-0.255614	0.0751954	0	0	0.736499	0	0	0	0.111376	-0.0175577	-3.38586
2017-07-27 00:00:00	-2.44954	-0.423872	2.90077	0	-0.000752249	0	0.00230237	0	0	0	0	0	0	0	-0.508548	-0.255656	0.0752258	0	0	0.896902	0	0	0	0.111646	-0.0227646	0.325716
2017-07-28 00:00:00	-1.57748	-1.14987	2.9804	0	-0.000596495	0	0.00173979	0	0	0	0	0	0	0	-0.446199	-0.255179	0.0751191	0	0	0.869747	0	0	0	0.111312	-0.0225198	0.586471
2017-07-29 00:00:00	-2.96397	0.0567342	3.02481	0	-0.000856656	0	0.00121676	0	0	0	0	0	0	0	-0.407149	-0.254697	0.0749996	0	0	0.834962	0	0	0	0.111046	-0.0218586	0.455233
2017-07-30 00:00:00	-0.804504	-0.63407	2.79939	0	-0.00397324	0	0.000196403	0	0	0	0	0	0	0	-1.37332	-0.254355	0.0746439	0	0	0.791087	0	0	0	0.110691	-0.0211971	0.684596
2017-07-31 00:00:00	-2.59099	-0.00575251	2.80506	0	0.00127157	0	0.00013166	0	0	0	0	0	0	0	-0.571519	-0.253766	0.0744617	0	0	0.745528	0	0	0	0.110423	-0.0205411	0.294305
2017-08-01 00:00:00	-3.58649	0.756789	2.73757	0	-0.000722482	0	0.00190884	0	0	0	0	0	0	0	-0.363034	-0.253554	0.0744254	0	0	0.743419	0	0	0	0.110172	-0.0200988	0.200383
2017-08-02 00:00:00	-2.76397	-0.0617917	2.84906	0	-3.46572E-05	0	0.00056219	0	0	0	0	0	0	0	-0.0294904	-0.252979	0.0742851	0	0	0.738905	0	0	0	0.109849	-0.0200525	0.644344
2017-08-03 00:00:00	-2.41351	-0.404115	3.01957	0	-3.35528E-05	0	0.00231868	0	0	0	0	0	0	0	-1.04802	-0.252337	0.07425	0	0	0.733278	0	0	0	0.109442	-0.0199151	-0.199073
2017-08-04 00:00:00	-0.609007	-0.319987	2.77881	0	-0.0059798	0	0	0	0	0	0	0	0	0	-1.39577	-0.251741	0.074093	0	0	0.668671	0	0	0	0.109194	-0.019788	1.0285
2017-08-05 00:00:00	-0.622518	-0.0093322	2.47214	0	0.000190247	0	0	0	0	0	0	0	0	0	-2.3128	-0.251542	0.0739635	0	0	0.613831	0	0	0	0.109038	-0.0186755	0.0542989
2017-08-06 00:00:00	-7.17298	2.21283	2.57341	0	0.00437504	0	0.00239005	0	0	0	0	0	0	0	1.39072	-0.251327	0.0739306	0	0	0.640271	0	0	0	0.108636	-0.0179737	-0.435715
2017-08-07 00:00:00	-0.995496	-1.49635	2.66933	0	3.96145E-05	0	0.00156811	0	0	0	0	0	0	0	-0.517846	-0.251072	0.0738772	0	0	0.698813	0	0	0	0.108595	-0.0191638	0.272293
2017-08-08 00:00:00	0	-0.718327	2.56539	0	-0.00534681	0	6.39508E-05	0	0	0	0	0	0	0	-1.49866	-0.250322	0.0736506	0	0	0.643476	0	0	0	0.108313	-0.0192513	0.898984
2017-08-09 00:00:00	0	0	2.47258	0	-0.000328333	0	0	0	0	0	0	0	0	0	-2.55788	-0.250096	0.0735868	0	0	0.577828	0	0	0	0.108057	-0.0181122	0.405636
2017-08-10 00:00:00	0	0	2.24648	0	-0.00188604	0	0	0	0	0	0	0	0	0	-1.78477	-0.249376	0.0734161	0	0	0.498718	0	0	0	0.107811	-0.0168202	0.873571
2017-08-11 00:00:00	-1.59099	0	2.70071	0	0.000398462	0	0	0	0	0	0	0	0	0	-1.38783	-0.249073	0.0733227	0	0	0.478544	0	0	0	0.107749	-0.0157228	0.117106
2017-08-12 00:00:00	-2.81351	0.142267	2.6515	0	0.00158561	0	0	0	0	0	0	0	0	0	-0.4119	-0.248479	0.0732547	0	0	0.501042	0	0	0	0.107274	-0.0151645	-0.0121278
2017-08-13 00:00:00	0	-0.142267	2.30126	0	-0.00158506	0	0	0	0	0	0	0	0	0	-2.27119	-0.248003	0.0731409	0	0	0.466281	0	0	0	0.106916	-0.0157412	0.268808
2017-08-14 00:00:00	-28.2649	2.37332	2.6299	0	0.0717348	-0.0299581	0.0918947	0	0	0	0	0	0	0	14.7645	-0.25009	0.0735904	0	0	0.90494	0	0	0	0.107289	-0.0201362	-7.54786
2017-08-15 00:00:00	-9.90809	0.00589654	2.52804	0	-0.0035261	-0.0195593	0.0558725	0	0	0	0	0	0	0	4.00366	-0.251732	0.0740548	0	0	1.52531	0	0	0	0.108258	-0.0324927	-1.91429
2017-08-16 00:00:00	-2.21351	-0.275167	2.49513	0	-0.00320607	-0.000484777	0.00319748	0	0	0	0	0	0	0	-0.571746	-0.251578	0.0740807	0	0	1.55292	0	0	0	0.108378	-0.0341075	0.8839
2017-08-17 00:00:00	-5.25855	0.2748	2.68571	0	0.00188995	-0.00532428	0.0161321	0	0	0	0	0	0	0	0.953715	-0.251353	0.0740491	0	0	1.47138	0	0	0	0.108259	-0.0327703	0.0379482
2017-08-18 00:00:00	-6.02252	0.000349463	2.61534	0	0.000423584	-0.00874551	0.0254645	0	0	0	0	0	0	0	1.69088	-0.251433	0.0740899	0	0	1.48034	0	0	0	0.108329	-0.0327039	-0.32018
2017-08-19 00:00:00	-0.613511	-1.7341	2.61528	0	-0.00761712	-0.000219717	0.00231674	0	0	0	0	0	0	0	-0.729092	-0.251156	0.074043	0	0	1.418	0	0	0	0.108342	-0.0320988	0.850184
2017-08-20 00:00:00	0	-0.58265	2.5615	0	-0.0290818	0	9.95203E-05	0	0	0	0	0	0	0	-1.9081	-0.250674	0.0739259	0	0	1.25379	0	0	0	0.108182	-0.0298078	1.19719
2017-08-21 00:00:00	-0.2	-0.0217045	3.15896	0	-0.0262715	0	0	0	0	0	0	0	0	0	-2.75374	-0.250047	0.0737723	0	0	1.02965	0	0	0	0.108119	-0.0275457	1.09119
2017-08-22 00:00:00	0	-0.0184256	2.52195	0	-0.0050699	0	0	0	0	0	0	0	0	0	-1.55928	-0.249373	0.0736203	0	0	0.853632	0	0	0	0.107845	-0.0253863	1.69952
2017-08-23 00:00:00	-9.2045	2.39809	2.63814	0	0.0356454	0	0.00164358	0	0	0	0	0	0	0	1.92358	-0.249751	0.0736887	0	0	0.925062	0	0	0	0.10814	-0.0225846	-1.37286
2017-08-24 00:00:00	-0.195496	-1.94043	2.42765	0	-0.00648385	0	0.00147013	0	0	0	0	0	0	0	-0.668302	-0.249489	0.0736417	0	0	0.962255	0	0	0	0.108074	-0.0248431	0.488048
2017-08-25 00:00:00	-4.82702	1.80541	2.54462	0	0.00740898	0	0.00159646	0	0	0	0	0	0	0	-0.0197411	-0.249055	0.0735618	0	0	0.92964	0	0	0	0.107832	-0.02414	0.350117
2017-08-26 00:00:00	-1.4045	-0.841287	2.33498	0	-0.0023504	0	0.00157668	0	0	0	0	0	0	0	-0.605414	-0.248597	0.0734742	0	0	0.906577	0	0	0	0.107695	-0.0237004	0.298452
2017-08-27 00:00:00	0	-1.36821	2.34845	0	-0.0152731	0	0.000180406	0	0	0	0	0	0	0	-1.08203	-0.248163	0.0733707	0	0	0.856697	0	0	0	0.107434	-0.0227066	0.649746
2017-08-28 00:00:00	-1.63153	-0.0273006	2.40938	0	-0.00556837	0	0.000331113	0	0	0	0	0	0	0	-1.14994	-0.247652	0.0732486	0	0	0.788968	0	0	0	0.107255	-0.0215753	0.295626
2017-08-29 00:00:00	-0.2	-0.0193618	1.93955	0	-0.00662394	0	0	0	0	0	0	0	0	0	-1.17374	-0.247025	0.0731103	0	0	0.710241	0	0	0	0.106874	-0.0208094	1.16221
2017-08-30 00:00:00	-0.195496	-0.0137276	1.98044	0	-0.0040597	0	0	0	0	0	0	0	0	0	-2.0027	-0.246525	0.0730129	0	0	0.646341	0	0	0	0.107031	-0.0195695	0.324753
2017-08-31 00:00:00	0	-0.0119098	1.97679	0	-0.000630998	0	0	0	0	0	0	0	0	0	-1.87192	-0.245958	0.0725235	0	0	0.585263	0	0	0	0.10653	-0.0185467	0.592139
2017-09-01 00:00:00	-0.4	-0.00358151	2.16064	0	-0.000395874	0	0	0	0	0	0	0	0	0	-1.79637	-0.245271	0.0725295	0	0	0.539496	0	0	0	0.106283	-0.0175777	0.415752
2017-09-02 00:00:00	-0.00450358	0	2.19087	0	-0.000944666	0	0	0	0	0	0	0	0	0	-2.10565	-0.244028	0.072496	0	0	0.490019	0	0	0	0.10603	-0.0164846	0.487796
2017-09-03 00:00:00	-3.58649	1.24768	2.13553	0	0.00173875	0	0	0	0	0	0	0	0	0	-0.247546	-0.243741	0.07239	0	0	0.512799	0	0	0	0.105786	-0.0154804	-0.0173362
2017-09-04 00:00:00	-7.56848	1.23143	2.29233	0	0.0057185	0	0.00342748	0	0	0	0	0	0	0	2.26768	-0.243831	0.0723887	0	0	0.602016	0	0	0	0.105563	-0.0167541	-1.24851
2017-09-05 00:00:00	-3.19099	0.015897	2.09539	0	0.00749424	0	0.00253507	0	0	0	0	0	0	0	0.242011	-0.243679	0.0723665	0	0	0.716743	0	0	0	0.105584	-0.0193571	-0.196014
2017-09-06 00:00:00	-1.00901	-0.971976	2.08523	0	-0.0027532	0	0.00144215	0	0	0	0	0	0	0	-0.529009	-0.242799	0.0723302	0	0	0.735078	0	0	0	0.105319	-0.0199279	0.223927
2017-09-07 00:00:00	-8.98199	1.00456	1.9781	0	0.0560955	-0.00384153	0.0149041	0	0	0	0	0	0	0	3.55013	-0.24299	0.0723931	0	0	0.844821	0	0	0	0.105233	-0.0209768	-1.62356
2017-09-08 00:00:00	-3.81801	0.0305568	1.95503	0	-0.00170336	-0.00506818	0.0152629	0	0	0	0	0	0	0	0.612427	-0.243085	0.0724351	0	0	0.987184	0	0	0	0.105332	-0.0248438	-0.314492
2017-09-09 00:00:00	-1.8	-0.150165	1.86315	0	-0.00102938	-0.000296738	0.00222297	0	0	0	0	0	0	0	-0.342001	-0.242706	0.0723631	0	0	0.980273	0	0	0	0.105159	-0.0251821	0.461787
2017-09-10 00:00:00	-2.07206	-0.0139354	1.93891	0	-3.74489E-05	-9.69822E-05	0.00221892	0	0	0	0	0	0	0	-0.415388	-0.242049	0.0722705	0	0	0.939297	0	0	0	0.104946	-0.0246452	0.289433
2017-09-11 00:00:00	-2.1955	0.0533856	1.93245	0	0.000128916	-0.000464791	0.00222308	0	0	0	0	0	0	0	-0.293512	-0.241282	0.0721563	0	0	0.912861	0	0	0	0.104667	-0.023904	0.323217
2017-09-12 00:00:00	-4.98199	0.168771	1.86449	0	0.00124463	-0.00792771	0.0220254	0	0	0	0	0	0	0	1.33809	-0.241251	0.0721319	0	0	0.956586	0	0	0	0.104538	-0.0239875	-0.727278
2017-09-13 00:00:00	-10.027	-0.0142442	1.71042	0	0.00220473	-0.0216388	0.060378	0	0	0	0	0	0	0	5.05676	-0.241931	0.0723382	0	0	1.1594	0	0	0	0.10478	-0.0267062	-2.16525
2017-09-14 00:00:00	-1.8045	-0.0264663	1.71239	0	-0.00360131	-0.000788739	0.00378849	0	0	0	0	0	0	0	-0.624162	-0.241916	0.072371	0	0	1.25381	0	0	0	0.105025	-0.0291147	0.416833
2017-09-15 00:00:00	-4.17748	0.0269552	1.6691	0	0.0016318	-0.00641015	0.0183456	0	0	0	0	0	0	0	1.26861	-0.241768	0.0723428	0	0	1.23398	0	0	0	0.104868	-0.0285444	-0.0583745
2017-09-16 00:00:00	-4.02252	0.0347782	1.53314	0	-0.000227096	-0.00643178	0.0191323	0	0	0	0	0	0	0	0.99465	-0.241771	0.0723518	0	0	1.25634	0	0	0	0.104946	-0.028788	-0.284399
2017-09-17 00:00:00	-0.8	-0.783222	1.67091	0	-0.00349654	-0.00024015	0.0020444	0	0	0	0	0	0	0	-0.503733	-0.241322	0.0722804	0	0	1.20859	0	0	0	0.10487	-0.0286974	0.697988
2017-09-18 00:00:00	-0.2	-1.13655	1.52093	0	-0.0040845	0	0.00173083	0	0	0	0	0	0	0	-0.764171	-0.240739	0.0721941	0	0	1.12841	0	0	0	0.104683	-0.0273768	0.455025
2017-09-19 00:00:00	0	-0.654287	2.0038	0	-0.0192386	0	8.05271E-05	0	0	0	0	0	0	0	-1.64801	-0.240108	0.0720323	0	0	0.989826	0	0	0	0.104496	-0.0267167	0.581875
2017-09-20 00:00:00	-0.995496	-0.00666934	1.73977	0	-0.00968994	0	0.000235547	0	0	0	0	0	0	0	-0.985394	-0.239731	0.0719579	0	0	0.933781	0	0	0	0.104403	-0.0248432	0.588321
2017-09-21 00:00:00	-9.22252	2.59444	1.54862	0	0.038597	-0.00618428	0.0190306	0	0	0	0	0	0	0	2.84262	-0.239792	0.0718849	0	0	0.975332	0	0	0	0.104391	-0.0242752	-1.29785
2017-09-22 00:00:00	-0.2	-1.12726	1.48142	0	-0.00677639	-0.000448586	0.00306168	0	0	0	0	0	0	0	-0.72728	-0.239773	0.0719326	0	0	1.05866	0	0	0	0.104606	-0.026184	0.391949
2017-09-23 00:00:00	-0.00450358	-1.351	1.78454	0	-0.0078878	0	0.000883023	0	0	0	0	0	0	0	-0.869867	-0.239172	0.071796	0	0	0.983243	0	0	0	0.104409	-0.0257062	0.446734
2017-09-24 00:00:00	-5.77298	2.48998	1.72556	0	0.0129501	-0.0021151	0.00715171	0	0	0	0	0	0	0	0.525011	-0.238635	0.0717585	0	0	0.965665	0	0	0	0.104226	-0.0247535	-0.136184
2017-09-25 00:00:00	-17.764	0.000971416	1.41142	0	0.00344889	-0.0427435	0.118401	0	0	0	0	0	0	0	9.90174	-0.240495	0.0719062	0	0	1.35852	0	0	0	0.104947	-0.0285963	-5.10445
2017-09-26 00:00:00	0	-1.29647	1.47641	0	-0.00906132	-0.000727476	0.00382832	0	0	0	0	0	0	0	-0.760422	-0.240938	0.072142	0	0	1.58354	0	0	0	0.105628	-0.0346166	0.899309
2017-09-27 00:00:00	-3.76397	1.26962	1.58627	0	0.00512305	-0.00168624	0.00607067	0	0	0	0	0	0	0	-0.0752717	-0.240534	0.0720658	0	0	1.46011	0	0	0	0.105531	-0.0329204	0.390414
2017-09-28 00:00:00	-1.76847	-0.0630254	1.62412	0	-0.00113949	-0.000725938	0.00299586	0	0	0	0	0	0	0	-0.314238	-0.240171	0.0719896	0	0	1.36676	0	0	0	0.105512	-0.0313274	0.75227
2017-09-29 00:00:00	-0.395496	-0.992702	1.54124	0	-0.00321005	-2.22343E-05	0.00157407	0	0	0	0	0	0	0	-0.650597	-0.239785	0.0719004	0	0	1.26533	0	0	0	0.105387	-0.0295256	0.674093
2017-09-30 00:00:00	-0.413511	-0.731327	1.27273	0	-0.00268822	0	0.00176493	0	0	0	0	0	0	0	-0.540581	-0.239375	0.0718025	0	0	1.17008	0	0	0	0.105172	-0.0280812	0.66598
2017-10-01 00:00:00	-2.80901	1.15616	1.4935	0	0.00328973	0	0.00143844	0	0	0	0	0	0	0	-0.305727	-0.238816	0.0716906	0	0	1.08638	0	0	0	0.105045	-0.0271056	0.536854
2017-10-02 00:00:00	-1.61351	0.138873	1.40866	0	0.000753242	0	0.00158436	0	0	0	0	0	0	0	-0.513114	-0.238557	0.0716079	0	0	1.04025	0	0	0	0.104864	-0.0261122	0.375297
2017-10-03 00:00:00	-0.2	-0.980967	1.31044	0	-0.00294797	0	0.00150362	0	0	0	0	0	0	0	-0.607686	-0.238073	0.0715246	0	0	0.988404	0	0	0	0.10466	-0.0253229	0.421536
2017-10-04 00:00:00	-15.8405	1.50834	1.15892	0	0.00881152	-0.0333116	0.0912216	0	0	0	0	0	0	0	7.87077	-0.239319	0.0718194	0	0	1.24343	0	0	0	0.104991	-0.0271743	-4.08203
2017-10-05 00:00:00	-2.42252	-0.0239246	1.18403	0	-0.00319135	-0.00384545	0.0118145	0	0	0	0	0	0	0	0.191838	-0.239953	0.0720122	0	0	1.48436	0	0	0	0.105616	-0.0331566	0.323085
2017-10-06 00:00:00	-1.5955	0.00216778	1.10051	0	-0.000508749	-0.00138486	0.00516833	0	0	0	0	0	0	0	-0.205283	-0.239595	0.07195	0	0	1.40116	0	0	0	0.105543	-0.0319375	0.612287
2017-10-07 00:00:00	-0.404504	-0.815787	1.32435	0	-0.00279485	-6.6506E-05	0.00172579	0	0	0	0	0	0	0	-0.563946	-0.239189	0.0718631	0	0	1.29772	0	0	0	0.105447	-0.0300833	0.744739
2017-10-08 00:00:00	0	-1.10833	1.2882	0	-0.00397928	0	0.00145534	0	0	0	0	0	0	0	-0.852873	-0.238655	0.0717478	0	0	1.18108	0	0	0	0.105346	-0.0287108	0.415288
2017-10-09 00:00:00	0	-0.65666	1.24904	0	-0.00925014	0	0.000578608	0	0	0	0	0	0	0	-0.60618	-0.238345	0.0716797	0	0	1.10754	0	0	0	0.10504	-0.0272378	0.996201
2017-10-10 00:00:00	-4.18199	2.52606	1.21662	0	0.00879344	0	0.00170493	0	0	0	0	0	0	0	-0.235	-0.237817	0.0715899	0	0	1.03971	0	0	0	0.104976	-0.0260833	0.288569
2017-10-11 00:00:00	-13.009	0.0676526	1.19468	0	0.0110343	-0.0289374	0.0806058	0	0	0	0	0	0	0	6.9052	-0.239056	0.0718594	0	0	1.28599	0	0	0	0.105443	-0.0280712	-3.58261
2017-10-12 00:00:00	-4.81351	0.0107645	1.14881	0	-0.00268305	-0.0099338	0.0290348	0	0	0	0	0	0	0	1.6082	-0.239895	0.072085	0	0	1.5381	0	0	0	0.106017	-0.0335092	-0.58652
2017-10-13 00:00:00	-2.8045	-0.0057423	1.29167	0	-0.000714059	-0.00412797	0.012656	0	0	0	0	0	0	0	0.404925	-0.239845	0.0720981	0	0	1.52491	0	0	0	0.106132	-0.033891	0.323561
2017-10-14 00:00:00	-0.981986	-0.212999	1.15594	0	-0.000856696	-0.000258916	0.00229612	0	0	0	0	0	0	0	-0.476412	-0.239487	0.0720273	0	0	1.42574	0	0	0	0.106079	-0.0325567	0.817522
2017-10-15 00:00:00	0	-1.0474	1.21616	0	-0.00377446	0	0.00132387	0	0	0	0	0	0	0	-0.562831	-0.239024	0.071927	0	0	1.30271	0	0	0	0.105916	-0.0307139	0.814292
2017-10-16 00:00:00	-4.8	1.26549	1.08504	0	0.0053837	-0.0056812	0.0166895	0	0	0	0	0	0	0	1.08056	-0.238888	0.0718945	0	0	1.26024	0	0	0	0.105897	-0.0290431	-0.182409
2017-10-17 00:00:00	-2.62702	-0.0029564	1.04604	0	-0.000735972	-0.00424386	0.0129517	0	0	0	0	0	0	0	0.464861	-0.238918	0.0719105	0	0	1.27958	0	0	0	0.105975	-0.0294009	0.0780363
2017-10-18 00:00:00	-1.56848	-0.031897	0.923164	0	-0.000336202	-0.00189458	0.0062478	0	0	0	0	0	0	0	-0.0112841	-0.238637	0.0718573	0	0	1.23693	0	0	0	0.105888	-0.029001	0.462561
2017-10-19 00:00:00	-4.8	0.0197634	0.980098	0	0.00153406	-0.00984917	0.0283463	0	0	0	0	0	0	0	1.89239	-0.238844	0.0719003	0	0	1.27413	0	0	0	0.1059	-0.0286528	-0.703286
2017-10-20 00:00:00	-2.99099	-0.00460671	0.967875	0	-0.00068331	-0.00547412	0.0163517	0	0	0	0	0	0	0	0.790603	-0.238897	0.071923	0	0	1.31182	0	0	0	0.106026	-0.0295992	-0.00565342
2017-10-21 00:00:00	-3.55947	-0.00100665	0.943225	0	0.000196067	-0.00694607	0.0206239	0	0	0	0	0	0	0	1.11003	-0.238956	0.0719381	0	0	1.33015	0	0	0	0.106071	-0.0297914	-0.253936
2017-10-22 00:00:00	-1.4045	0.000967802	0.846659	0	-0.00112019	-0.0015997	0.00601368	0	0	0	0	0	0	0	-0.23678	-0.238693	0.0718907	0	0	1.29336	0	0	0	0.106093	-0.0298742	0.412414
2017-10-23 00:00:00	-0.8	-0.101265	0.848927	0	-0.000464774	-0.000150913	0.00183996	0	0	0	0	0	0	0	-0.643008	-0.238153	0.0717923	0	0	1.20255	0	0	0	0.105922	-0.0294069	0.418582
2017-10-24 00:00:00	-1.40901	0.0785481	0.898768	0	0.000431432	-0.00106174	0.00421846	0	0	0	0	0	0	0	-0.0617501	-0.237906	0.0717384	0	0	1.15138	0	0	0	0.105668	-0.0276635	0.573358
2017-10-25 00:00:00	-0.00450358	-0.770834	0.871472	0	-0.00255548	-6.67783E-05	0.00163005	0	0	0	0	0	0	0	-0.669093	-0.237379	0.0716368	0	0	1.07838	0	0	0	0.105625	-0.0269169	0.417391
2017-10-26 00:00:00	0	-0.745689	0.867308	0	-0.00272581	0	0.00166731	0	0	0	0	0	0	0	-0.526933	-0.23695	0.0715605	0	0	1.02313	0	0	0	0.105275	-0.0259554	0.530691
2017-10-27 00:00:00	-0.2	-0.400522	0.665684	0	-0.00141326	0	0.00171339	0	0	0	0	0	0	0	-0.600047	-0.236404	0.0715025	0	0	0.97353	0	0	0	0.105133	-0.0250854	0.354091
2017-10-28 00:00:00	-0.4	-0.36934	0.829319	0	-0.00143687	0	0.00144997	0	0	0	0	0	0	0	-0.570488	-0.235598	0.0713881	0	0	0.925507	0	0	0	0.104939	-0.0246298	0.331111
2017-10-29 00:00:00	0	-0.234744	0.658291	0	-0.00638113	0	0.000720423	0	0	0	0	0	0	0	-0.826819	-0.235284	0.0712851	0	0	0.884872	0	0	0	0.104725	-0.0235959	0.393071
2017-10-30 00:00:00	0	-0.0433062	0.583565	0	-0.00724696	0	0.000912051	0	0	0	0	0	0	0	-0.939022	-0.234865	0.0711643	0	0	0.841886	0	0	0	0.104569	-0.0219902	0.355667
2017-10-31 00:00:00	-4.79099	2.51835	0.728893	0	0.0206105	-2.27002E-06	0.00339495	0	0	0	0	0	0	0	0.434414	-0.234236	0.0710723	0	0	0.832475	0	0	0	0.104491	-0.0213837	-0.332909
2017-11-01 00:00:00	-4.2	-0.00274597	0.577873	0	0.0022662	-0.00926893	0.0265365	0	0	0	0	0	0	0	1.8342	-0.234521	0.0711288	0	0	0.938483	0	0	0	0.104539	-0.0239774	-0.915492
2017-11-02 00:00:00	-0.00450358	-0.502307	0.557589	0	-0.00272981	-0.000287824	0.00228426	0	0	0	0	0	0	0	-0.517647	-0.234321	0.0710973	0	0	0.98121	0	0	0	0.104539	-0.0250944	0.429829
2017-11-03 00:00:00	0	-0.516023	0.600792	0	-0.00191371	0	0.00128322	0	0	0	0	0	0	0	-0.680386	-0.233741	0.0709758	0	0	0.928323	0	0	0	0.104335	-0.0248485	0.248797
2017-11-04 00:00:00	-1.02252	0.386398	0.598857	0	0.000550008	0	0.00165916	0	0	0	0	0	0	0	-0.374905	-0.233254	0.0708348	0	0	0.900208	0	0	0	0.104105	-0.0233581	0.408577
2017-11-05 00:00:00	-0.2	-0.24574	0.454456	0	-0.000267967	0	0.00152193	0	0	0	0	0	0	0	-0.373183	-0.232137	0.0707657	0	0	0.870907	0	0	0	0.103957	-0.0225926	0.427687
2017-11-06 00:00:00	0	-0.528409	0.615448	0	-0.00195159	0	0.00136427	0	0	0	0	0	0	0	-0.909998	-0.231305	0.0706466	0	0	0.840583	0	0	0	0.103812	-0.0220138	-0.0618235
2017-11-07 00:00:00	-4.6	1.36002	0.564583	0	0.00642282	-0.00577552	0.0178864	0	0	0	0	0	0	0	1.31257	-0.230604	0.0705583	0	0	0.870113	0	0	0	0.103621	-0.0218364	-0.55244
2017-11-08 00:00:00	-1.1955	-0.010273	0.460404	0	-0.0010904	-0.00215191	0.00739985	0	0	0	0	0	0	0	-0.241649	-0.230735	0.0705607	0	0	0.931423	0	0	0	0.103635	-0.0239216	-0.131895
2017-11-09 00:00:00	-0.413511	-0.180829	0.576553	0	-0.000566482	-0.00011409	0.00183736	0	0	0	0	0	0	0	-0.455152	-0.230361	0.0704791	0	0	0.914194	0	0	0	0.103442	-0.0239668	0.362005
2017-11-10 00:00:00	-1.6045	0.166372	0.504891	0	0.000752625	-0.00222272	0.00774796	0	0	0	0	0	0	0	0.0666106	-0.230044	0.0704115	0	0	0.902124	0	0	0	0.103297	-0.0230493	-0.0376135
2017-11-11 00:00:00	-0.395496	-0.0290336	0.394961	0	-0.000664577	-0.000165729	0.00194057	0	0	0	0	0	0	0	-0.512925	-0.229629	0.0703361	0	0	0.890697	0	0	0	0.103164	-0.0233543	0.26983
2017-11-12 00:00:00	-0.00450358	-0.385375	0.425087	0	-0.000907989	0	0.000273604	0	0	0	0	0	0	0	-0.136227	-0.228639	0.0701527	0	0	0.851908	0	0	0	0.102908	-0.0234632	0.671214
2017-11-13 00:00:00	-0.395496	-0.0317202	0.432166	0	-0.000149605	0	0.00281795	0	0	0	0	0	0	0	-1.15224	-0.227922	0.0700732	0	0	0.841362	0	0	0	0.10281	-0.0217641	-0.380062
2017-11-14 00:00:00	-1.21351	0.411387	0.500917	0	0.00152322	-0.000408834	0.00260367	0	0	0	0	0	0	0	-0.222654	-0.227231	0.0698168	0	0	0.823316	0	0	0	0.102606	-0.0214849	0.226881
2017-11-15 00:00:00	-0.00450358	-0.334751	0.363889	0	-0.00112346	-8.74632E-05	0.00155617	0	0	0	0	0	0	0	-0.49547	-0.226836	0.0697503	0	0	0.813018	0	0	0	0.102453	-0.0211542	0.266741
2017-11-16 00:00:00	-3.44053	0.323348	0.428851	0	0.00206657	-0.00653791	0.0198109	0	0	0	0	0	0	0	1.24037	-0.22682	0.0697008	0	0	0.852074	0	0	0	0.102305	-0.0216256	-0.656986
2017-11-17 00:00:00	-1.20901	-0.0145884	0.41292	0	-0.000832277	-0.00222048	0.00739911	0	0	0	0	0	0	0	0.154414	-0.226699	0.06969	0	0	0.903543	0	0	0	0.102253	-0.0232474	0.173624
2017-11-18 00:00:00	-0.2	-0.190237	0.390846	0	-0.000719235	-9.65996E-05	0.00179375	0	0	0	0	0	0	0	-0.751814	-0.226113	0.0695907	0	0	0.882332	0	0	0	0.102231	-0.0228988	0.0549138
2017-11-19 00:00:00	-3.2	0.178907	0.305082	0	0.00177609	-0.00681088	0.0203126	0	0	0	0	0	0	0	1.31219	-0.226275	0.0692019	0	0	0.925099	0	0	0	0.102009	-0.0228927	-0.541397
2017-11-20 00:00:00	-10.8045	-0.00396374	0.402881	0	0.00162956	-0.0270257	0.0760951	0	0	0	0	0	0	0	6.14881	-0.227578	0.0696256	0	0	1.20491	0	0	0	0.102384	-0.026309	-3.08304
2017-11-21 00:00:00	-5.02252	-0.0105324	0.418991	0	-0.00116685	-0.012277	0.0355459	0	0	0	0	0	0	0	2.30628	-0.228453	0.0698503	0	0	1.44743	0	0	0	0.102995	-0.0316229	-0.925476
2017-11-22 00:00:00	-23.2	-0.00800298	0.393685	0	0.0109764	-0.0594475	0.16524	0	0	0	0	0	0	0	13.1548	-0.231462	0.0705375	0	0	2.08191	0	0	0	0.104089	-0.0378658	-7.55557
2017-11-23 00:00:00	-2.3955	-0.00820738	0.29047	0	-0.00626967	-0.00626327	0.0206187	0	0	0	0	0	0	0	0.497464	-0.232779	0.0708655	0	0	2.44705	0	0	0	0.105562	-0.0439303	0.739084
2017-11-24 00:00:00	-1.03153	-0.00363872	0.282121	0	-0.001114	-0.00197102	0.00787527	0	0	0	0	0	0	0	-0.239101	-0.232516	0.0708298	0	0	2.22455	0	0	0	0.105708	-0.0417491	1.13947
2017-11-25 00:00:00	-1.96397	-0.0151291	0.296473	0	0.000735496	-0.00438825	0.0136502	0	0	0	0	0	0	0	0.596195	-0.232366	0.0707949	0	0	2.03645	0	0	0	0.10577	-0.0397544	0.864455
2017-11-26 00:00:00	-3.84504	-0.00143921	0.320497	0	0.000572362	-0.00901232	0.027404	0	0	0	0	0	0	0	1.37852	-0.232587	0.0708429	0	0	1.96543	0	0	0	0.106021	-0.0381597	-0.256946
2017-11-27 00:00:00	-0.609007	-0.00921358	0.336177	0	-0.00178063	-0.000915119	0.00449322	0	0	0	0	0	0	0	-0.417865	-0.232377	0.0708086	0	0	1.83794	0	0	0	0.106143	-0.0376187	1.04678
2017-11-28 00:00:00	-0.2	-0.0941604	0.289421	0	-0.000874023	-4.28156E-05	0.0019163	0	0	0	0	0	0	0	-0.529494	-0.231978	0.0707235	0	0	1.66044	0	0	0	0.106056	-0.0357043	1.03631
2017-11-29 00:00:00	0	-0.23862	0.262577	0	-0.00127318	0	0.00173865	0	0	0	0	0	0	0	-0.562011	-0.231578	0.0706362	0	0	1.50709	0	0	0	0.105942	-0.0338077	0.880696
2017-11-30 00:00:00	-0.195496	-0.0414295	0.243821	0	-0.000987246	0	0.00154591	0	0	0	0	0	0	0	-0.502345	-0.231149	0.0705431	0	0	1.37212	0	0	0	0.10585	-0.0318657	0.790606
2017-12-01 00:00:00	0	-0.225782	0.263846	0	-0.00135478	0	0.0017484	0	0	0	0	0	0	0	-0.478121	-0.23078	0.0704627	0	0	1.26942	0	0	0	0.105741	-0.0297032	0.745473
2017-12-02 00:00:00	-0.2	-0.119112	0.339946	0	-0.00149135	0	0.00187456	0	0	0	0	0	0	0	-0.461551	-0.230412	0.0703389	0	0	1.18283	0	0	0	0.105622	-0.0281522	0.659896
2017-12-03 00:00:00	0	-0.257466	0.300954	0	-0.00178441	0	0.00172144	0	0	0	0	0	0	0	-0.446202	-0.230003	0.0702538	0	0	1.10469	0	0	0	0.105425	-0.0271276	0.620463
2017-12-04 00:00:00	-0.595496	0.261428	0.32394	0	-0.000352244	0	0.00160687	0	0	0	0	0	0	0	-0.407302	-0.229607	0.0701715	0	0	1.04216	0	0	0	0.105253	-0.0261748	0.545632
2017-12-05 00:00:00	-0.409007	0.089413	0.307665	0	4.57436E-05	0	0.00184281	0	0	0	0	0	0	0	-0.400497	-0.229237	0.0700932	0	0	0.993641	0	0	0	0.105081	-0.0253455	0.503695
2017-12-06 00:00:00	-0.604504	0.219303	0.351637	0	0.000688041	0	0.00169456	0	0	0	0	0	0	0	-0.367471	-0.228855	0.0700118	0	0	0.951888	0	0	0	0.104898	-0.0245594	0.474731
2017-12-07 00:00:00	-3.88557	0.328479	0.291491	0	0.0040094	-0.00727311	0.0226711	0	0	0	0	0	0	0	1.68472	-0.228909	0.0700418	0	0	0.988538	0	0	0	0.104817	-0.024744	-0.65173
2017-12-08 00:00:00	0	-0.223021	0.227856	0	-0.00204002	-0.000270945	0.00255259	0	0	0	0	0	0	0	-0.467952	-0.228732	0.0700253	0	0	1.01837	0	0	0	0.104842	-0.025555	0.476079
2017-12-09 00:00:00	0	-0.167575	0.196044	0	-0.000666819	0	0.00169311	0	0	0	0	0	0	0	-0.488839	-0.228254	0.0699251	0	0	0.965263	0	0	0	0.104634	-0.0252145	0.427009
2017-12-10 00:00:00	0	-0.108319	0.126739	0	-0.000482898	0	0.00156062	0	0	0	0	0	0	0	-0.412133	-0.227918	0.0698513	0	0	0.928673	0	0	0	0.104455	-0.0242012	0.458225
2017-12-11 00:00:00	-1.56848	0.45314	0.165064	0	0.00221264	-0.00204367	0.00783559	0	0	0	0	0	0	0	0.235268	-0.227645	0.0697899	0	0	0.912187	0	0	0	0.104317	-0.0232614	0.128389
2017-12-12 00:00:00	-1.6045	0.00535353	0.19659	0	-0.000135943	-0.00366541	0.0121408	0	0	0	0	0	0	0	0.495673	-0.227544	0.0697693	0	0	0.940408	0	0	0	0.104254	-0.0237074	-0.0353672
2017-12-13 00:00:00	-2.84504	-0.00964454	0.250969	0	0.00120542	-0.00660671	0.019903	0	0	0	0	0	0	0	1.20542	-0.227598	0.0697975	0	0	0.993872	0	0	0	0.104181	-0.0249487	-0.468488
2017-12-14 00:00:00	-0.108086	-0.20443	0.212269	0	-0.00206103	-0.000227633	0.00241341	0	0	0	0	0	0	0	-0.517697	-0.227349	0.0697751	0	0	1.00446	0	0	0	0.104128	-0.0254543	0.307738
2017-12-15 00:00:00	-3.25404	0.184848	0.209545	0	0.0032034	-0.00700976	0.0207296	0	0	0	0	0	0	0	1.47057	-0.227361	0.0698016	0	0	1.03255	0	0	0	0.104029	-0.0253284	-0.418469
2017-12-16 00:00:00	0	-0.175939	0.175939	0	-0.00240888	-0.000253852	0.00273713	0	0	0	0	0	0	0	-0.696766	-0.22709	0.0697521	0	0	1.03282	0	0	0	0.104103	-0.025701	0.257197
2017-12-17 00:00:00	-10.4334	0.161949	0.228029	0	0.00917228	-0.0262195	0.0740414	0	0	0	0	0	0	0	5.80181	-0.228219	0.0699339	0	0	1.23911	0	0	0	0.104274	-0.0275202	-3.027
2017-12-18 00:00:00	-0.395496	-0.00963745	0.206191	0	-0.00447862	-0.00102887	0.00513129	0	0	0	0	0	0	0	-0.438801	-0.228435	0.0699767	0	0	1.37096	0	0	0	0.104765	-0.0305959	0.64855
2017-12-19 00:00:00	-0.2	-0.0940464	0.288974	0	-0.00086701	-3.61825E-05	0.00197065	0	0	0	0	0	0	0	-0.734542	-0.227925	0.0698743	0	0	1.2553	0	0	0	0.104684	-0.0295929	0.433792
2017-12-20 00:00:00	-0.4	0.0751287	0.300054	0	-0.000655432	0	0.00193304	0	0	0	0	0	0	0	-0.223355	-0.22761	0.069808	0	0	1.18169	0	0	0	0.104401	-0.0280783	0.853316
2017-12-21 00:00:00	0	-0.221747	0.230216	0	-0.00105146	0	0.00171018	0	0	0	0	0	0	0	-0.43881	-0.227215	0.0697275	0	0	1.1073	0	0	0	0.104325	-0.0269154	0.597537
2017-12-22 00:00:00	-0.2	-0.0257984	0.231583	0	-0.000910965	0	0.00205705	0	0	0	0	0	0	0	-0.584044	-0.22677	0.0696308	0	0	1.0454	0	0	0	0.104165	-0.02592	0.389391
2017-12-23 00:00:00	-3.03153	0.232248	0.326115	0	0.00245331	-0.00592203	0.018425	0	0	0	0	0	0	0	1.05925	-0.226674	0.0696255	0	0	1.04787	0	0	0	0.104037	-0.026098	-0.430194
2017-12-24 00:00:00	-0.813511	-0.00972818	0.272202	0	-0.00128312	-0.00150476	0.00614651	0	0	0	0	0	0	0	-0.0676865	-0.226483	0.0696057	0	0	1.06329	0	0	0	0.104085	-0.0262975	0.368831
2017-12-25 00:00:00	-15.9621	-0.00908582	0.255714	0	0.00832868	-0.0402396	0.11369	0	0	0	0	0	0	0	9.28794	-0.228295	0.0700046	0	0	1.41454	0	0	0	0.104613	-0.0296047	-5.01452
2017-12-26 00:00:00	-3.15947	-0.00565203	0.191228	0	-0.00428905	-0.00836353	0.0268012	0	0	0	0	0	0	0	1.03088	-0.229437	0.0702825	0	0	1.74035	0	0	0	0.105429	-0.035762	-0.278002
2017-12-27 00:00:00	0	-0.128191	0.12819	0	-0.00208993	-0.000254737	0.00279173	0	0	0	0	0	0	0	-0.556832	-0.229178	0.0702309	0	0	1.6432	0	0	0	0.105461	-0.0355647	0.99776
2017-12-28 00:00:00	0	-0.135312	0.148255	0	-0.000714665	0	0.00188336	0	0	0	0	0	0	0	-0.554965	-0.228718	0.0701279	0	0	1.47903	0	0	0	0.105393	-0.0333335	0.851647
2017-12-29 00:00:00	-4.74145	0.240667	0.172296	0	0.00311394	-0.0110178	0.0327982	0	0	0	0	0	0	0	2.15744	-0.228979	0.070162	0	0	1.47776	0	0	0	0.105462	-0.0324449	-0.754198
2017-12-30 00:00:00	-15.382	-0.0125738	0.23292	0	0.00535085	-0.0395353	0.112209	0	0	0	0	0	0	0	8.52634	-0.23117	0.0706071	0	0	1.91472	0	0	0	0.106228	-0.0355621	-4.73245
2017-12-31 00:00:00	-10.1324	-0.00556131	0.272997	0	-0.00276794	-0.0262601	0.0773895	0	0	0	0	0	0	0	5.15672	-0.233019	0.0709999	0	0	2.35506	0	0	0	0.107702	-0.0408935	-2.40009
2018-01-01 00:00:00	-1.4045	-0.00864767	0.267953	0	-0.00370665	-0.00335913	0.0126326	0	0	0	0	0	0	0	-0.12545	-0.233174	0.0710477	0	0	2.31097	0	0	0	0.108355	-0.0428637	0.949259
2018-01-02 00:00:00	-8.90092	-0.00429166	0.255784	0	0.00241291	-0.0225886	0.0662269	0	0	0	0	0	0	0	4.50577	-0.234138	0.0712042	0	0	2.35022	0	0	0	0.108723	-0.0422406	-1.84383
2018-01-03 00:00:00	-15.964	-0.0108916	0.273568	0	0.0031898	-0.041149	0.117723	0	0	0	0	0	0	0	8.31409	-0.236545	0.0716968	0	0	2.81114	0	0	0	0.109953	-0.0451539	-4.59636
2018-01-04 00:00:00	-10.737	-0.0102575	0.258	0	-0.000841047	-0.0278862	0.0815052	0	0	0	0	0	0	0	5.39017	-0.23827	0.0720588	0	0	3.15765	0	0	0	0.111368	-0.0500776	-1.99353
2018-01-05 00:00:00	-4.6	-0.00649238	0.183156	0	-0.00259947	-0.0118351	0.0367303	0	0	0	0	0	0	0	1.7314	-0.238911	0.0721918	0	0	3.12185	0	0	0	0.11233	-0.0504936	0.34733
2018-01-06 00:00:00	-6.75947	-0.0115492	0.235864	0	0.00144721	-0.0171527	0.0507902	0	0	0	0	0	0	0	2.8027	-0.239763	0.0723176	0	0	3.04137	0	0	0	0.112854	-0.0494807	-0.760072
2018-01-07 00:00:00	-2.38199	-0.00343974	0.163644	0	-0.00281333	-0.00605538	0.0204707	0	0	0	0	0	0	0	0.370656	-0.240131	0.0723354	0	0	2.86971	0	0	0	0.113408	-0.0484385	0.927361
2018-01-08 00:00:00	-0.2	-0.015806	0.209167	0	-0.0019393	-0.000211485	0.00361154	0	0	0	0	0	0	0	-0.774145	-0.239838	0.0722498	0	0	2.55228	0	0	0	0.11351	-0.0458703	1.67301
2018-01-09 00:00:00	0	-0.216732	0.22712	0	-0.000604336	0	0.00262928	0	0	0	0	0	0	0	-0.826639	-0.239471	0.072163	0	0	2.24932	0	0	0	0.113447	-0.0430681	1.33816
2018-01-10 00:00:00	0	-0.228303	0.269102	0	-0.00131719	0	0.00267116	0	0	0	0	0	0	0	-0.805634	-0.239056	0.0720692	0	0	1.97879	0	0	0	0.113395	-0.0403804	1.12133
2018-01-11 00:00:00	-0.102252	-0.133059	0.260791	0	-0.0010556	0	0.00254312	0	0	0	0	0	0	0	-0.595985	-0.238778	0.0720069	0	0	1.79888	0	0	0	0.113234	-0.0378142	1.13851
2018-01-12 00:00:00	0	-0.249	0.293673	0	-0.00135917	0	0.00245838	0	0	0	0	0	0	0	-0.778842	-0.238427	0.0719381	0	0	1.62388	0	0	0	0.113175	-0.0352469	0.802253
2018-01-13 00:00:00	0	-0.233097	0.274999	0	-0.00149596	0	0.00190419	0	0	0	0	0	0	0	-0.524795	-0.238055	0.071865	0	0	1.47524	0	0	0	0.11296	-0.0335529	0.905976
2018-01-14 00:00:00	-1.00901	0.656386	0.28089	0	0.00101619	0	0.00303988	0	0	0	0	0	0	0	-0.580477	-0.237761	0.0718097	0	0	1.36814	0	0	0	0.112854	-0.0309692	0.63592
2018-01-15 00:00:00	-4.93828	0.35825	0.325037	0	0.00634046	-0.00973324	0.0305612	0	0	0	0	0	0	0	1.91721	-0.237928	0.0718571	0	0	1.37303	0	0	0	0.112885	-0.0307073	-1.02148
2018-01-16 00:00:00	-0.302252	-0.00527865	0.249208	0	-0.0021706	-0.000402427	0.00393722	0	0	0	0	0	0	0	-0.561764	-0.23784	0.0718566	0	0	1.37901	0	0	0	0.112946	-0.0311854	0.676067
2018-01-17 00:00:00	-1.20901	-0.0109429	0.26844	0	0.000855999	-0.00227828	0.00850904	0	0	0	0	0	0	0	-0.0546784	-0.237594	0.0718157	0	0	1.30268	0	0	0	0.112846	-0.0297701	0.220874
2018-01-18 00:00:00	-3.02252	-0.00536148	0.253399	0	0.00138674	-0.00702956	0.0223815	0	0	0	0	0	0	0	1.10782	-0.237711	0.0718482	0	0	1.31449	0	0	0	0.112754	-0.0292335	-0.417768
2018-01-19 00:00:00	-0.706755	-0.0068105	0.264891	0	-0.00132354	-0.00125621	0.00635744	0	0	0	0	0	0	0	-0.282898	-0.237507	0.071821	0	0	1.29092	0	0	0	0.112693	-0.0300712	0.480065
2018-01-20 00:00:00	-0.102252	-0.127536	0.227425	0	-0.00071683	-5.99756E-05	0.00210233	0	0	0	0	0	0	0	-0.446237	-0.237184	0.0717628	0	0	1.21241	0	0	0	0.112553	-0.0287408	0.683528
2018-01-21 00:00:00	-12.537	0.115091	0.441242	0	0.00499928	-0.030879	0.0898441	0	0	0	0	0	0	0	6.24532	-0.238543	0.0720311	0	0	1.48349	0	0	0	0.112834	-0.0302222	-4.27174
2018-01-22 00:00:00	-28.4527	-0.00510067	0.248496	0	0.00379509	-0.0739128	0.211186	0	0	0	0	0	0	0	14.8628	-0.242647	0.0729064	0	0	2.5117	0	0	0	0.114542	-0.0414748	-10.7905
2018-01-23 00:00:00	-5.77298	-0.00606942	0.166795	0	-0.00504348	-0.0154727	0.0484246	0	0	0	0	0	0	0	2.14589	-0.245024	0.0734489	0	0	3.10434	0	0	0	0.116257	-0.0499214	-0.439361
2018-01-24 00:00:00	-13.8829	-0.00622316	0.326119	0	0.00219849	-0.035642	0.104236	0	0	0	0	0	0	0	6.52327	-0.247009	0.0738224	0	0	3.31745	0	0	0	0.117082	-0.0509087	-3.75851
2018-01-25 00:00:00	-0.102252	-0.249614	0.367774	0	-0.00558451	-0.00067749	0.00616138	0	0	0	0	0	0	0	-1.04092	-0.247445	0.0739251	0	0	3.19123	0	0	0	0.117874	-0.052196	2.05827
2018-01-26 00:00:00	0	-0.287591	0.340368	0	0.000259326	0	0.00173029	0	0	0	0	0	0	0	-0.761182	-0.246866	0.0738104	0	0	2.62902	0	0	0	0.117782	-0.0500918	1.81724
2018-01-27 00:00:00	-2.77748	0.521119	0.453138	0	0.00126723	-0.00401321	0.0167136	0	0	0	0	0	0	0	0.00739291	-0.247051	0.073841	0	0	2.51032	0	0	0	0.118134	-0.0447663	0.628611
2018-01-28 00:00:00	-14.0694	-0.00681689	0.502946	0	0.0043091	-0.0354839	0.102866	0	0	0	0	0	0	0	6.26635	-0.248882	0.0742337	0	0	2.7316	0	0	0	0.11872	-0.0449893	-4.60455
2018-01-29 00:00:00	-4.33378	-0.0102668	0.431452	0	-0.00307119	-0.0104646	0.033457	0	0	0	0	0	0	0	1.36516	-0.24993	0.0745043	0	0	2.85445	0	0	0	0.11953	-0.0476521	0.223384
2018-01-30 00:00:00	-2.72027	-0.00194469	0.390935	0	-0.00092204	-0.00605325	0.0213591	0	0	0	0	0	0	0	0.353177	-0.250373	0.0745901	0	0	2.6784	0	0	0	0.119857	-0.0463428	0.61242
2018-01-31 00:00:00	-7.45855	-0.00160043	0.38328	0	0.00188017	-0.018133	0.0549566	0	0	0	0	0	0	0	2.80061	-0.251534	0.0748115	0	0	2.67678	0	0	0	0.120268	-0.0452508	-1.66249
2018-02-01 00:00:00	-2.32927	-0.000623319	0.413534	0	-0.00193107	-0.00512619	0.0188353	0	0	0	0	0	0	0	0.163191	-0.251921	0.0749037	0	0	2.57623	0	0	0	0.120843	-0.0458441	0.73282
2018-02-02 00:00:00	-0.102252	-0.283191	0.40671	0	-0.00225326	-0.000164692	0.00369745	0	0	0	0	0	0	0	-0.765813	-0.251733	0.0748724	0	0	2.31504	0	0	0	0.121236	-0.0435273	1.47262
2018-02-03 00:00:00	-3.54278	0.266732	0.296955	0	0.0026722	-0.00715665	0.0239493	0	0	0	0	0	0	0	0.786063	-0.251913	0.0749199	0	0	2.17101	0	0	0	0.121384	-0.0405976	-0.0987615
2018-02-04 00:00:00	-0.609007	-0.00619869	0.396926	0	-0.00185823	-0.000668851	0.00567147	0	0	0	0	0	0	0	-0.730666	-0.251843	0.07492	0	0	2.01163	0	0	0	0.12153	-0.0394839	0.970953
2018-02-05 00:00:00	0	-0.33814	0.372992	0	-0.001069	-2.07705E-05	0.00382058	0	0	0	0	0	0	0	-0.828401	-0.251615	0.0748802	0	0	1.82146	0	0	0	0.12149	-0.037238	0.938154
2018-02-06 00:00:00	-1.21351	0.333672	0.351836	0	0.00139106	-0.00089881	0.00638266	0	0	0	0	0	0	0	-0.34844	-0.251379	0.0748411	0	0	1.6511	0	0	0	0.12137	-0.0359291	0.690434
2018-02-07 00:00:00	-0.404504	-0.0053944	0.321321	0	-0.000650213	-0.00021929	0.0039905	0	0	0	0	0	0	0	-0.764133	-0.251209	0.0748159	0	0	1.53103	0	0	0	0.12139	-0.0341625	0.592279
2018-02-08 00:00:00	-0.809007	-0.00606232	0.516773	0	5.62101E-05	-0.000557517	0.00505634	0	0	0	0	0	0	0	-0.354094	-0.250983	0.0747791	0	0	1.41587	0	0	0	0.121308	-0.0324927	0.680648
2018-02-09 00:00:00	-1.01351	-0.00633899	0.457549	0	0.000341724	-0.00125849	0.00693131	0	0	0	0	0	0	0	-0.296424	-0.250892	0.0747666	0	0	1.34604	0	0	0	0.121321	-0.0301418	0.408386
2018-02-10 00:00:00	-5.3653	-0.00266576	0.503171	0	0.00213262	-0.0121995	0.0378626	0	0	0	0	0	0	0	1.66544	-0.251346	0.0748816	0	0	1.40361	0	0	0	0.121384	-0.0305314	-1.85356
2018-02-11 00:00:00	-2.63153	-0.00944022	0.44787	0	-0.000901916	-0.00568893	0.019301	0	0	0	0	0	0	0	0.473452	-0.251738	0.0750073	0	0	1.4916	0	0	0	0.121477	-0.0328493	-0.303438
2018-02-12 00:00:00	-1.92477	-0.00269028	0.468614	0	-0.000439861	-0.00367226	0.0142812	0	0	0	0	0	0	0	0.103634	-0.251822	0.0750526	0	0	1.47502	0	0	0	0.121496	-0.0326885	0.0420133
2018-02-13 00:00:00	-5.26305	-0.00300556	0.487345	0	0.00137152	-0.0120653	0.0376618	0	0	0	0	0	0	0	1.91839	-0.252358	0.0751952	0	0	1.54368	0	0	0	0.121597	-0.0330957	-1.37832
2018-02-14 00:00:00	-0.404504	-0.129431	0.511394	0	-0.00182781	-0.000405997	0.00402292	0	0	0	0	0	0	0	-0.731231	-0.252134	0.0751992	0	0	1.48148	0	0	0	0.121696	-0.0347569	0.639505
2018-02-15 00:00:00	-1.72027	0.120926	0.533195	0	0.000315557	-0.00225967	0.0111765	0	0	0	0	0	0	0	-0.0338761	-0.252287	0.0752293	0	0	1.45208	0	0	0	0.121702	-0.0322199	0.273716
2018-02-16 00:00:00	0	-0.528367	0.601376	0	-0.00249457	-0.000120847	0.00303012	0	0	0	0	0	0	0	-0.75363	-0.252142	0.0751992	0	0	1.35803	0	0	0	0.121722	-0.0311741	0.591433
2018-02-17 00:00:00	-0.506755	-0.0604159	0.58981	0	-0.00069003	0	0.003088	0	0	0	0	0	0	0	-0.490036	-0.25197	0.0751453	0	0	1.26237	0	0	0	0.121551	-0.0292135	0.712885
2018-02-18 00:00:00	-2.32927	0.568251	0.537204	0	0.00339763	-0.00205644	0.0105599	0	0	0	0	0	0	0	0.0915042	-0.251912	0.0751394	0	0	1.21294	0	0	0	0.121556	-0.0280843	0.00923096
2018-02-19 00:00:00	-3.24053	-0.0207272	0.748416	0	0.000806046	-0.00622033	0.0205094	0	0	0	0	0	0	0	0.749113	-0.252164	0.0752081	0	0	1.25607	0	0	0	0.121598	-0.02826	-0.576184
2018-02-20 00:00:00	-0.102252	-0.472856	0.645643	0	-0.00341596	-0.000213067	0.00387837	0	0	0	0	0	0	0	-0.688972	-0.252062	0.0751987	0	0	1.23244	0	0	0	0.121557	-0.0285293	0.530421
2018-02-21 00:00:00	0	-0.487898	0.579921	0	-0.00217787	0	0.00326461	0	0	0	0	0	0	0	-0.65064	-0.251832	0.0751513	0	0	1.15427	0	0	0	0.12147	-0.0275221	0.514004
2018-02-22 00:00:00	-0.102252	-0.231088	0.534448	0	-0.00380037	0	0.00289733	0	0	0	0	0	0	0	-0.720612	-0.251637	0.0751082	0	0	1.09196	0	0	0	0.12151	-0.0265079	0.490025
2018-02-23 00:00:00	0	-0.221804	0.536675	0	-0.00560036	0	0.00250043	0	0	0	0	0	0	0	-0.739428	-0.251376	0.0750504	0	0	1.02449	0	0	0	0.121396	-0.025741	0.516159
2018-02-24 00:00:00	0	-0.233369	0.564261	0	-0.00590119	0	0.00253988	0	0	0	0	0	0	0	-0.662997	-0.251157	0.0749996	0	0	0.972909	0	0	0	0.121231	-0.0250637	0.557453
2018-02-25 00:00:00	0	-0.0694918	0.572231	0	-0.00763908	0	0.00225926	0	0	0	0	0	0	0	-0.914599	-0.250996	0.0749581	0	0	0.93013	0	0	0	0.121062	-0.0243673	0.433547
2018-02-26 00:00:00	-0.102252	-0.00317181	0.510853	0	-0.00596828	0	0.00258664	0	0	0	0	0	0	0	-0.950421	-0.250746	0.0749008	0	0	0.881474	0	0	0	0.121035	-0.0230269	0.255264
2018-02-27 00:00:00	-1.01351	0.45114	0.522903	0	0.000511647	0	0.00285635	0	0	0	0	0	0	0	-0.386072	-0.250569	0.0748593	0	0	0.860098	0	0	0	0.120777	-0.0225162	0.360477
2018-02-28 00:00:00	0	-0.368034	0.416099	0	-0.00115464	0	0.00330376	0	0	0	0	0	0	0	-0.495847	-0.250415	0.0748233	0	0	0.849871	0	0	0	0.120569	-0.0224958	0.32672
2018-03-01 00:00:00	0	-0.0801053	0.431424	0	-0.00553132	0	0.0019584	0	0	0	0	0	0	0	-0.854615	-0.250162	0.074768	0	0	0.82843	0	0	0	0.120515	-0.0217265	0.244955
2018-03-02 00:00:00	0	-0.00852878	0.456492	0	-0.00522052	0	0.00240593	0	0	0	0	0	0	0	-0.711285	-0.24999	0.0747268	0	0	0.804363	0	0	0	0.120269	-0.0210017	0.46223
2018-03-03 00:00:00	0	-0.00266847	0.307611	0	-0.00337195	0	0.00293388	0	0	0	0	0	0	0	-0.705092	-0.249772	0.0746767	0	0	0.783093	0	0	0	0.120099	-0.0206837	0.306826
2018-03-04 00:00:00	-0.2	-0.0040546	0.631993	0	-0.00461221	0	0.00204804	0	0	0	0	0	0	0	-0.872988	-0.249548	0.0746252	0	0	0.765276	0	0	0	0.119948	-0.0205112	0.242176
2018-03-05 00:00:00	-7.93695	1.69387	0.705343	0	0.0515389	-0.00234898	0.0176401	0	0	0	0	0	0	0	2.82951	-0.250066	0.0747069	0	0	0.862642	0	0	0	0.119921	-0.0215891	-1.85579
2018-03-06 00:00:00	-29.937	0.00727153	0.75897	0	0.00881215	-0.0761168	0.216485	0	0	0	0	0	0	0	15.0716	-0.254479	0.0756095	0	0	1.79303	0	0	0	0.121272	-0.0322808	-12.2468
2018-03-07 00:00:00	-8.13695	-0.0132033	0.740636	0	-0.00442244	-0.020036	0.0620581	0	0	0	0	0	0	0	3.03235	-0.257824	0.0763568	0	0	2.6012	0	0	0	0.122831	-0.0449751	-1.84197
2018-03-08 00:00:00	-0.990993	-0.00877769	0.755882	0	-0.00354973	-0.000817124	0.00713901	0	0	0	0	0	0	0	-0.917251	-0.258245	0.0764579	0	0	2.484	0	0	0	0.123286	-0.0446851	1.22245
2018-03-09 00:00:00	-0.2	-0.516444	0.798027	0	-0.00229221	-1.55917E-05	0.00414049	0	0	0	0	0	0	0	-0.900887	-0.25809	0.0764234	0	0	2.22066	0	0	0	0.12331	-0.0416305	1.30321
2018-03-10 00:00:00	-15.7234	0.524834	0.866577	0	0.00737792	-0.0363336	0.106685	0	0	0	0	0	0	0	7.24881	-0.260095	0.0768855	0	0	2.45927	0	0	0	0.123914	-0.0417597	-4.64728
2018-03-11 00:00:00	0	-0.797708	0.923212	0	-0.00816786	-0.000670456	0.00549078	0	0	0	0	0	0	0	-1.17415	-0.260856	0.0770738	0	0	2.50503	0	0	0	0.124719	-0.0451782	1.3488
2018-03-12 00:00:00	0	-0.432507	0.804909	0	-0.00692642	0	0.00373713	0	0	0	0	0	0	0	-1.12177	-0.260661	0.0770182	0	0	2.20065	0	0	0	0.124723	-0.0422959	1.34687
2018-03-13 00:00:00	-1.1955	0.310187	0.870536	0	0.000261802	0	0.00342093	0	0	0	0	0	0	0	-0.903946	-0.260509	0.076973	0	0	1.9679	0	0	0	0.124808	-0.0393984	0.954738
2018-03-14 00:00:00	0	-0.562896	0.889502	0	-0.00591288	0	0.00251652	0	0	0	0	0	0	0	-1.03535	-0.260269	0.0769098	0	0	1.73279	0	0	0	0.124763	-0.0378042	0.924254
2018-03-15 00:00:00	-11.9369	1.45944	0.981164	0	0.0195589	-0.0202062	0.0655098	0	0	0	0	0	0	0	4.74382	-0.261494	0.0771242	0	0	1.86989	0	0	0	0.125117	-0.0368507	-2.91388
2018-03-16 00:00:00	-7.94145	-0.01478	0.88308	0	-0.000198196	-0.0185862	0.0563839	0	0	0	0	0	0	0	2.9414	-0.263155	0.0774451	0	0	2.19439	0	0	0	0.125891	-0.0406834	-2.00027
2018-03-17 00:00:00	-0.302252	-0.41388	0.782797	0	-0.00562294	-0.000424415	0.00543007	0	0	0	0	0	0	0	-0.96602	-0.263495	0.0775061	0	0	2.13182	0	0	0	0.126209	-0.0408965	1.13117
2018-03-18 00:00:00	-2.38649	0.423268	0.760998	0	0.00251183	-0.00218942	0.0116999	0	0	0	0	0	0	0	-0.0716067	-0.263579	0.0774856	0	0	1.9307	0	0	0	0.126195	-0.039082	0.569913
2018-03-19 00:00:00	-4.84371	-0.0122574	0.878539	0	0.00136436	-0.0101321	0.0322727	0	0	0	0	0	0	0	1.36647	-0.264158	0.0775966	0	0	1.93084	0	0	0	0.126434	-0.0381342	-0.754877
2018-03-20 00:00:00	0	-0.802438	0.928107	0	-0.00533946	-0.000248422	0.00441648	0	0	0	0	0	0	0	-0.919378	-0.264221	0.0776202	0	0	1.82346	0	0	0	0.126552	-0.0375441	0.930983
2018-03-21 00:00:00	-0.302252	-0.3664	1.00559	0	-0.00625003	0	0.00249583	0	0	0	0	0	0	0	-1.15697	-0.264048	0.0775816	0	0	1.61833	0	0	0	0.126565	-0.0358105	0.698828
2018-03-22 00:00:00	0	-0.425035	0.989672	0	-0.0100875	0	0.00270392	0	0	0	0	0	0	0	-0.941943	-0.264036	0.0775572	0	0	1.49942	0	0	0	0.126422	-0.0336213	1.02105
2018-03-23 00:00:00	-2.31576	0.875625	1.24236	0	0.00317942	0	0.00351629	0	0	0	0	0	0	0	-0.445219	-0.263889	0.0775155	0	0	1.36261	0	0	0	0.126456	-0.0311876	0.635205
2018-03-24 00:00:00	0	-0.909568	1.06181	0	-0.00371977	0	0.00295638	0	0	0	0	0	0	0	-0.744289	-0.263798	0.0774889	0	0	1.27438	0	0	0	0.126444	-0.0296512	0.592046
2018-03-25 00:00:00	-0.2	-0.00770271	1.0232	0	-0.0118605	0	0.00206894	0	0	0	0	0	0	0	-1.15989	-0.263652	0.0774504	0	0	1.1733	0	0	0	0.126284	-0.0282096	0.73099
2018-03-26 00:00:00	-0.2	-0.00725006	0.971977	0	-0.00885057	0	0.00201415	0	0	0	0	0	0	0	-1.33507	-0.263345	0.0773804	0	0	1.04753	0	0	0	0.126245	-0.0267798	0.383854
2018-03-27 00:00:00	-16.4602	1.64182	1.26811	0	0.0454579	-0.0238748	0.0811713	0	0	0	0	0	0	0	7.16424	-0.265077	0.0777096	0	0	1.3539	0	0	0	0.126573	-0.0285568	-5.01867
2018-03-28 00:00:00	-0.00159044	-0.925641	1.0825	0	-0.00823454	-0.00063539	0.00607308	0	0	0	0	0	0	0	-1.09554	-0.266055	0.07791	0	0	1.63684	0	0	0	0.127028	-0.0349254	0.597733
2018-03-29 00:00:00	0	-0.417653	0.971896	0	-0.0101561	0	0.0020891	0	0	0	0	0	0	0	-0.942116	-0.265809	0.0778581	0	0	1.47846	0	0	0	0.126805	-0.0338321	0.987539
2018-03-30 00:00:00	-2.81801	1.0921	1.17761	0	0.00817807	0	0.00438515	0	0	0	0	0	0	0	-0.193835	-0.265705	0.0778333	0	0	1.37486	0	0	0	0.12687	-0.0308481	0.553432
2018-03-31 00:00:00	-5.73828	0.250228	1.0745	0	0.00745869	-0.00850098	0.0318814	0	0	0	0	0	0	0	1.83449	-0.266227	0.0779406	0	0	1.42209	0	0	0	0.126993	-0.030935	-1.21835
2018-04-01 00:00:00	-5.55496	0.000332015	1.11057	0	0.00034058	-0.0113854	0.036378	0	0	0	0	0	0	0	1.73471	-0.26703	0.0780984	0	0	1.57572	0	0	0	0.127161	-0.0333644	-1.20344
2018-04-02 00:00:00	-9.35496	-0.0142785	0.960441	0	0.00192338	-0.0217133	0.0650763	0	0	0	0	0	0	0	4.22183	-0.268321	0.0783429	0	0	1.82122	0	0	0	0.127414	-0.0363481	-2.41938
2018-04-03 00:00:00	-17.9099	0.0112551	1.03137	0	0.00172611	-0.0439688	0.129113	0	0	0	0	0	0	0	8.56782	-0.271374	0.0789212	0	0	2.4699	0	0	0	0.128327	-0.04158	-5.84842
2018-04-04 00:00:00	-12.146	-0.00962043	1.12062	0	-0.000952331	-0.0289446	0.0872184	0	0	0	0	0	0	0	5.21622	-0.274653	0.079483	0	0	3.11997	0	0	0	0.129269	-0.049114	-2.75646
2018-04-05 00:00:00	-14.1324	0.0122168	1.09132	0	-6.25351E-05	-0.0339856	0.102332	0	0	0	0	0	0	0	6.12998	-0.278087	0.0799788	0	0	3.61721	0	0	0	0.130226	-0.052975	-3.3343
2018-04-06 00:00:00	-0.102252	-0.821686	1.05385	0	-0.00796685	-0.000591486	0.00553986	0	0	0	0	0	0	0	-1.35203	-0.27903	0.0801809	0	0	3.4711	0	0	0	0.131524	-0.0542517	2.12438
2018-04-07 00:00:00	-1.5955	0.48672	1.06932	0	0.00072668	0	0.00549826	0	0	0	0	0	0	0	-1.1905	-0.278964	0.0801065	0	0	3.03407	0	0	0	0.131625	-0.0500592	1.69305
2018-04-08 00:00:00	-0.302252	-0.647804	1.05547	0	-0.00263831	0	0.00398422	0	0	0	0	0	0	0	-1.02915	-0.278569	0.0800413	0	0	2.64338	0	0	0	0.131716	-0.0469243	1.60725
2018-04-09 00:00:00	-0.102252	-0.39158	0.974498	0	-0.00872562	0	0.00244435	0	0	0	0	0	0	0	-1.18711	-0.27855	0.0799848	0	0	2.30393	0	0	0	0.131776	-0.0438326	1.48058
2018-04-10 00:00:00	-1.00901	-0.00641446	1.04087	0	-0.000478425	0	0.00393351	0	0	0	0	0	0	0	-0.910733	-0.278415	0.0799564	0	0	2.05943	0	0	0	0.131861	-0.0401189	1.07088
2018-04-11 00:00:00	-0.102252	-0.249492	0.928309	0	-0.00940801	0	0.00269712	0	0	0	0	0	0	0	-1.19732	-0.278249	0.079912	0	0	1.82962	0	0	0	0.131759	-0.038107	1.09746
2018-04-12 00:00:00	-4.18649	1.62387	1.01972	0	0.0197448	0	0.00694148	0	0	0	0	0	0	0	0.239013	-0.278323	0.079909	0	0	1.67802	0	0	0	0.131796	-0.0361667	0.298023
2018-04-13 00:00:00	-3.19099	-0.00446515	1.00934	0	0.00499446	-0.00205504	0.015932	0	0	0	0	0	0	0	0.269814	-0.27867	0.0799677	0	0	1.66106	0	0	0	0.132041	-0.0350576	-0.338094
2018-04-14 00:00:00	0	-1.44873	2.31158	0	-0.0174646	-9.65454E-05	0.002469	0	0	0	0	0	0	0	-1.30799	-0.278627	0.0799574	0	0	1.55539	0	0	0	0.1319	-0.0342328	0.994153
2018-04-15 00:00:00	-6.36397	1.46056	1.47874	0	0.0182554	-0.00443529	0.0220178	0	0	0	0	0	0	0	1.22237	-0.278858	0.0799901	0	0	1.49228	0	0	0	0.132001	-0.0328875	-0.773931
2018-04-16 00:00:00	0	-1.14522	1.58829	0	-0.0107091	-0.000241343	0.0032403	0	0	0	0	0	0	0	-1.1978	-0.278975	0.0800177	0	0	1.47457	0	0	0	0.132127	-0.0331734	0.612135
2018-04-17 00:00:00	-0.906755	-0.409329	1.82668	0	-0.0095192	0	0.00014112	0	0	0	0	0	0	0	-0.332899	-0.278554	0.0799656	0	0	1.29702	0	0	0	0.131915	-0.0314588	1.3672
2018-04-18 00:00:00	0	-0.0906087	1.88532	0	-0.0243764	0	0.0038238	0	0	0	0	0	0	0	-2.47777	-0.278536	0.0799637	0	0	1.2048	0	0	0	0.131873	-0.0285453	0.405934
2018-04-19 00:00:00	0	-0.0212973	2.37087	0	-0.0183462	0	0.000760223	0	0	0	0	0	0	0	-2.2555	-0.278079	0.0798621	0	0	0.985278	0	0	0	0.131788	-0.0268642	0.968473
2018-04-20 00:00:00	0	-0.0214335	2.37783	0	-0.0028737	0	0.000106984	0	0	0	0	0	0	0	-1.44567	-0.277642	0.0797901	0	0	0.847363	0	0	0	0.13158	-0.024712	1.66434
2018-04-21 00:00:00	0	-0.00888034	2.88822	0	-0.00230507	0	4.07487E-05	0	0	0	0	0	0	0	-2.91623	-0.277431	0.0797718	0	0	0.727502	0	0	0	0.132111	-0.0216359	0.60117
2018-04-22 00:00:00	-3.83152	0.993042	2.13766	0	0.00319732	0	0.00164725	0	0	0	0	0	0	0	0.140728	-0.277531	0.0797641	0	0	0.739089	0	0	0	0.131577	-0.0195157	0.0981316
2018-04-23 00:00:00	-1.81351	-0.129475	1.99664	0	0.00119561	0	0.005209	0	0	0	0	0	0	0	-0.645261	-0.277305	0.0797351	0	0	0.748267	0	0	0	0.13134	-0.0197092	0.0771295
2018-04-24 00:00:00	-0.102252	-0.863569	1.91463	0	-0.0019619	0	0.00125959	0	0	0	0	0	0	0	-1.18765	-0.277033	0.0796907	0	0	0.745353	0	0	0	0.131067	-0.0198777	0.419665
2018-04-25 00:00:00	-2.01801	0.0813934	1.98875	0	0.00106932	0	0.0025208	0	0	0	0	0	0	0	-0.727129	-0.276596	0.0796151	0	0	0.732639	0	0	0	0.130818	-0.019584	-0.0245159
2018-04-26 00:00:00	-3.72927	1.03207	1.99	0	-0.000296736	0	0.00416642	0	0	0	0	0	0	0	0.237018	-0.276638	0.0796279	0	0	0.749559	0	0	0	0.130551	-0.019728	0.197048
2018-04-27 00:00:00	-1.20901	-0.493349	1.80111	0	0.000280095	0	0.0022781	0	0	0	0	0	0	0	-0.483961	-0.276474	0.0795987	0	0	0.775099	0	0	0	0.130268	-0.0201657	0.305675
2018-04-28 00:00:00	-5.64504	1.05054	1.74328	0	0.00111817	0	0.00716378	0	0	0	0	0	0	0	1.21113	-0.276633	0.0796289	0	0	0.832129	0	0	0	0.130047	-0.0207583	-0.887394
2018-04-29 00:00:00	-0.102252	-1.15773	1.68225	0	-0.000299924	0	0.00206761	0	0	0	0	0	0	0	-1.0104	-0.276635	0.0796284	0	0	0.895418	0	0	0	0.129871	-0.0224297	0.219475
2018-04-30 00:00:00	0	-0.496683	1.63596	0	0.000685315	0	0.000247327	0	0	0	0	0	0	0	-1.50921	-0.276139	0.0795249	0	0	0.832394	0	0	0	0.129577	-0.0222588	0.3741
2018-05-01 00:00:00	0	-0.0133627	1.80472	0	-0.00347739	0	0.00101301	0	0	0	0	0	0	0	-1.49578	-0.275987	0.07949	0	0	0.771691	0	0	0	0.129598	-0.0209725	0.976931
2018-05-02 00:00:00	-4.12027	1.254	2.1164	0	0.00113192	0	0.00425996	0	0	0	0	0	0	0	0.14733	-0.275805	0.0794589	0	0	0.760932	0	0	0	0.129181	-0.0199285	0.0766976
2018-05-03 00:00:00	0	-1.2559	2.04613	0	-0.00122559	0	0.000988858	0	0	0	0	0	0	0	-0.958746	-0.275605	0.0794243	0	0	0.767103	0	0	0	0.128955	-0.0201914	0.510932
2018-05-04 00:00:00	-0.2	-0.00097819	2.17806	0	-0.00153781	0	0.00118647	0	0	0	0	0	0	0	-2.06232	-0.275107	0.0793301	0	0	0.691382	0	0	0	0.128761	-0.0199388	0.518841
2018-05-05 00:00:00	0	0	2.08388	0	-0.00249711	0	1.36553E-05	0	0	0	0	0	0	0	-1.13337	-0.274607	0.0792399	0	0	0.622731	0	0	0	0.128356	-0.0188709	1.48487
2018-05-06 00:00:00	0	0	3.07456	0	-0.00065191	0	0	0	0	0	0	0	0	0	-2.86196	-0.27433	0.0791771	0	0	0.534472	0	0	0	0.128608	-0.0178602	0.662018
2018-05-07 00:00:00	0	0	2.77893	0	-0.000306269	0	0	0	0	0	0	0	0	0	-2.12543	-0.273965	0.0790911	0	0	0.465493	0	0	0	0.128016	-0.0161031	1.03573
2018-05-08 00:00:00	-2.11126	0.00490021	2.4195	0	0.00245774	0	0	0	0	0	0	0	0	0	-0.319284	-0.27366	0.0790252	0	0	0.47634	0	0	0	0.127777	-0.0146258	0.391176
2018-05-09 00:00:00	-1.50676	-0.00490021	2.16548	0	0.000277142	0	0.00120173	0	0	0	0	0	0	0	-0.783364	-0.273421	0.0789625	0	0	0.494356	0	0	0	0.127436	-0.0148491	0.284419
2018-05-10 00:00:00	-0.2	0	1.94117	0	1.09309E-05	0	0.00274493	0	0	0	0	0	0	0	-1.64879	-0.273129	0.0789216	0	0	0.484861	0	0	0	0.12686	-0.0150892	0.497562
2018-05-11 00:00:00	-0.702252	0	2.11433	0	-0.000224509	0	1.58911E-05	0	0	0	0	0	0	0	-1.15904	-0.272658	0.0788297	0	0	0.469911	0	0	0	0.126691	-0.0148246	0.640788
2018-05-12 00:00:00	-3.81801	0.908898	2.5464	0	0.00155054	0	0.00227848	0	0	0	0	0	0	0	-0.280099	-0.272291	0.0787642	0	0	0.509759	0	0	0	0.126454	-0.0146673	-0.21097
2018-05-13 00:00:00	-7.83603	0.803727	2.59195	0	-0.00127193	0	0.00885242	0	0	0	0	0	0	0	2.5602	-0.272784	0.0788498	0	0	0.607972	0	0	0	0.126295	-0.0167154	-1.34895
2018-05-14 00:00:00	0	-1.70862	4.99986	0	-0.0025292	0	0.000377114	0	0	0	0	0	0	0	-3.03631	-0.272794	0.0788298	0	0	0.672793	0	0	0	0.12615	-0.0189803	0.838771
2018-05-15 00:00:00	-0.2	-0.00400156	2.98096	0	0.000758693	0	0	0	0	0	0	0	0	0	-2.45926	-0.272106	0.0786842	0	0	0.541124	0	0	0	0.126007	-0.0178933	0.774274
2018-05-16 00:00:00	0	0	2.06608	0	-0.00204137	0	0	0	0	0	0	0	0	0	-0.99108	-0.271566	0.0786114	0	0	0.489038	0	0	0	0.12566	-0.0161197	1.47858
2018-05-17 00:00:00	0	0	2.73512	0	-0.000739394	0	0	0	0	0	0	0	0	0	-2.69916	-0.271119	0.0785521	0	0	0.426585	0	0	0	0.125891	-0.0151044	0.380021
2018-05-18 00:00:00	0	0	3.72924	0	-0.000541344	0	0	0	0	0	0	0	0	0	-2.95095	-0.270575	0.0784456	0	0	0.347751	0	0	0	0.125248	-0.0139616	1.04466
2018-05-19 00:00:00	0	0	2.92085	0	-4.6778E-05	0	0	0	0	0	0	0	0	0	-2.12798	-0.269905	0.0783691	0	0	0.295507	0	0	0	0.125022	-0.0123619	1.00945
2018-05-20 00:00:00	0	0	2.34929	0	-1.70694E-05	0	0	0	0	0	0	0	0	0	-1.80914	-0.269378	0.0782886	0	0	0.270441	0	0	0	0.12471	-0.011493	0.732702
2018-05-21 00:00:00	0	0	3.10968	0	-5.62668E-05	0	0	0	0	0	0	0	0	0	-2.30214	-0.268966	0.0781762	0	0	0.237445	0	0	0	0.124346	-0.0111029	0.967381
2018-05-22 00:00:00	0	0	1.95497	0	5.20086E-06	0	0	0	0	0	0	0	0	0	-1.53908	-0.268523	0.0780711	0	0	0.229147	0	0	0	0.123991	-0.0105841	0.568001
2018-05-23 00:00:00	0	0	2.00613	0	1.02953E-06	0	0	0	0	0	0	0	0	0	-1.57496	-0.26813	0.0779326	0	0	0.227284	0	0	0	0.123597	-0.0104613	0.581394
2018-05-24 00:00:00	0	0	2.37757	0	-1.96206E-05	0	0	0	0	0	0	0	0	0	-1.7606	-0.267593	0.0778503	0	0	0.217759	0	0	0	0.123188	-0.0104272	0.757728
2018-05-25 00:00:00	0	0	2.14433	0	-7.49193E-06	0	0	0	0	0	0	0	0	0	-1.67433	-0.267127	0.0777854	0	0	0.211693	0	0	0	0.122784	-0.010271	0.604862
2018-05-26 00:00:00	0	0	2.01188	0	-1.31407E-06	0	0	0	0	0	0	0	0	0	-1.6454	-0.26672	0.0776859	0	0	0.209802	0	0	0	0.122378	-0.0101745	0.49945
2018-05-27 00:00:00	-0.2	0	2.45903	0	-1.03204E-05	0	0	0	0	0	0	0	0	0	-1.78067	-0.266201	0.0775834	0	0	0.203562	0	0	0	0.121958	-0.0101399	0.605107
2018-05-28 00:00:00	0	0	3.05508	0	0	0	0	0	0	0	0	0	0	0	-2.47946	-0.265571	0.0774748	0	0	0.180923	0	0	0	0.121547	-0.0100365	0.679962
2018-05-29 00:00:00	0	0	1.92707	0	0	0	0	0	0	0	0	0	0	0	-1.54598	-0.265148	0.0773671	0	0	0.178032	0	0	0	0.121145	-0.00966237	0.482823
2018-05-30 00:00:00	0	0	2.05305	0	0	0	0	0	0	0	0	0	0	0	-1.66651	-0.264714	0.0772149	0	0	0.178633	0	0	0	0.120719	-0.00962498	0.488766
2018-05-31 00:00:00	0	0	2.15603	0	0	0	0	0	0	0	0	0	0	0	-1.83851	-0.264169	0.0771145	0	0	0.176666	0	0	0	0.120282	-0.00962731	0.417793
2018-06-01 00:00:00	-21.4495	1.84909	3.1966	0	0.00529149	0	0.00995589	0	0	0	0	0	0	0	10.0718	-0.266275	0.0774859	0	0	0.401603	0	0	0	0.120406	-0.0116984	-5.99527
2018-06-02 00:00:00	-11.227	-0.0317017	3.12517	0	0.0648254	-0.00577951	0.018244	0	0	0	0	0	0	0	4.73486	-0.268466	0.077846	0	0	0.824639	0	0	0	0.121208	-0.0198115	-2.586
2018-06-03 00:00:00	-2.90676	-0.276815	3.26927	0	-0.00534397	-0.000456041	0.00369546	0	0	0	0	0	0	0	-0.587077	-0.268722	0.0778498	0	0	0.944291	0	0	0	0.121034	-0.0235384	0.347434
2018-06-04 00:00:00	0	-1.47658	2.84061	0	-0.0234991	0	0.000762375	0	0	0	0	0	0	0	-1.63657	-0.268297	0.0777465	0	0	0.892032	0	0	0	0.120656	-0.0227515	0.504112
2018-06-05 00:00:00	0	-0.0215852	2.48247	0	-0.030402	0	0	0	0	0	0	0	0	0	-2.10185	-0.267693	0.0776123	0	0	0.769323	0	0	0	0.120461	-0.0212373	1.00711
2018-06-06 00:00:00	0	-0.0229233	2.57135	0	-0.00907938	0	0	0	0	0	0	0	0	0	-1.72751	-0.267102	0.0774678	0	0	0.649438	0	0	0	0.120156	-0.019766	1.37203
2018-06-07 00:00:00	0	-0.019496	2.68104	0	-0.000931172	0	0	0	0	0	0	0	0	0	-2.19461	-0.266634	0.0773718	0	0	0.56302	0	0	0	0.120129	-0.0182554	0.941643
2018-06-08 00:00:00	0	0	2.65095	0	-0.000697443	0	0	0	0	0	0	0	0	0	-2.18785	-0.266191	0.0772598	0	0	0.487159	0	0	0	0.119607	-0.0166729	0.863562
2018-06-09 00:00:00	-0.502252	0	2.5651	0	-2.46251E-05	0	0	0	0	0	0	0	0	0	-1.70674	-0.265614	0.0771501	0	0	0.437342	0	0	0	0.119305	-0.0150482	0.709226
2018-06-10 00:00:00	0	0	2.435	0	1.53604E-05	0	0	0	0	0	0	0	0	0	-1.95705	-0.265243	0.0770776	0	0	0.401333	0	0	0	0.118764	-0.0138142	0.796077
2018-06-11 00:00:00	-0.702252	0	2.35476	0	-7.09362E-05	0	0	0	0	0	0	0	0	0	-1.06047	-0.264571	0.0769153	0	0	0.367297	0	0	0	0.118579	-0.0132458	0.876937
2018-06-12 00:00:00	-0.4	0	2.40952	0	-2.48969E-05	0	0	0	0	0	0	0	0	0	-1.87528	-0.264102	0.0768218	0	0	0.337927	0	0	0	0.118391	-0.0127786	0.390468
2018-06-13 00:00:00	-1.30225	0	2.51268	0	1.99342E-05	0	0	0	0	0	0	0	0	0	-0.955412	-0.263699	0.0767165	0	0	0.335041	0	0	0	0.1178	-0.0121821	0.508711
2018-06-14 00:00:00	0	0	2.3511	0	-4.4913E-05	0	0	0	0	0	0	0	0	0	-1.91726	-0.263158	0.0766078	0	0	0.308432	0	0	0	0.117352	-0.0121342	0.660894
2018-06-15 00:00:00	-0.702252	0	2.39845	0	-8.34453E-06	0	0	0	0	0	0	0	0	0	-1.43428	-0.262731	0.0764985	0	0	0.294898	0	0	0	0.116949	-0.0116715	0.475858
2018-06-16 00:00:00	-12.5293	1.89334	2.91411	0	0.00522784	0	0.003364	0	0	0	0	0	0	0	4.65121	-0.263522	0.0766437	0	0	0.428227	0	0	0	0.116653	-0.0125377	-2.71656
2018-06-17 00:00:00	-0.902252	-1.494	2.88692	0	-0.000100418	0	0.00092568	0	0	0	0	0	0	0	-0.590636	-0.263626	0.0766535	0	0	0.574894	0	0	0	0.11668	-0.0165484	0.388906
2018-06-18 00:00:00	-0.2	-0.375625	2.63556	0	-0.00155016	0	0	0	0	0	0	0	0	0	-1.7874	-0.263117	0.076526	0	0	0.545359	0	0	0	0.116262	-0.0167765	0.72924
2018-06-19 00:00:00	-11.1248	1.88371	3.00283	0	0.00342504	0	0.00721483	0	0	0	0	0	0	0	3.65791	-0.263705	0.0766176	0	0	0.64677	0	0	0	0.116114	-0.0166878	-2.01058
2018-06-20 00:00:00	-22.1518	0.0330725	3.08786	0	0.0646408	-0.027806	0.100502	0	0	0	0	0	0	0	11.1911	-0.266337	0.0771062	0	0	1.10553	0	0	0	0.116871	-0.0239069	-6.69311
2018-06-21 00:00:00	0	-1.85421	2.88255	0	-0.0234726	-0.000700722	0.00327592	0	0	0	0	0	0	0	-1.44132	-0.267485	0.0772954	0	0	1.37612	0	0	0	0.117382	-0.0303225	0.839106
2018-06-22 00:00:00	0	-0.0443296	3.32928	0	-0.0409899	0	0	0	0	0	0	0	0	0	-2.88881	-0.266804	0.0771319	0	0	1.15033	0	0	0	0.117163	-0.0285963	1.40438
2018-06-23 00:00:00	0	-0.0229257	2.67581	0	-0.00622394	0	0	0	0	0	0	0	0	0	-1.79889	-0.26608	0.0769678	0	0	0.937567	0	0	0	0.116919	-0.0263826	1.68677
2018-06-24 00:00:00	0	-0.0190262	2.59534	0	-0.00077053	0	0	0	0	0	0	0	0	0	-2.32098	-0.265655	0.0768628	0	0	0.811108	0	0	0	0.116997	-0.0236911	0.970181
2018-06-25 00:00:00	-0.3	0	2.63677	0	-4.12241E-05	0	0	0	0	0	0	0	0	0	-1.92088	-0.26509	0.0767434	0	0	0.705009	0	0	0	0.116593	-0.0209068	1.02819
2018-06-26 00:00:00	0	0	2.80945	0	-6.63817E-05	0	0	0	0	0	0	0	0	0	-2.16672	-0.264591	0.0766214	0	0	0.599739	0	0	0	0.116305	-0.0191638	1.15157
2018-06-27 00:00:00	-0.2	0	2.99864	0	-6.51607E-05	0	0	0	0	0	0	0	0	0	-2.20357	-0.263996	0.0765021	0	0	0.506514	0	0	0	0.116016	-0.0175309	1.01251
2018-06-28 00:00:00	0	0	2.98726	0	-6.75459E-06	0	0	0	0	0	0	0	0	0	-2.30355	-0.263423	0.0763815	0	0	0.423266	0	0	0	0.115741	-0.0155326	1.02014
2018-06-29 00:00:00	0	0	2.52295	0	0	0	0	0	0	0	0	0	0	0	-1.94095	-0.262761	0.0762626	0	0	0.366208	0	0	0	0.115445	-0.0139272	0.863221
2018-06-30 00:00:00	0	0	3.6664	0	0	0	0	0	0	0	0	0	0	0	-2.90601	-0.262234	0.0761335	0	0	0.292846	0	0	0	0.115121	-0.0127947	0.969455
2018-07-01 00:00:00	0	0	3.78474	0	0	0	0	0	0	0	0	0	0	0	-2.8472	-0.261654	0.0759974	0	0	0.226463	0	0	0	0.114816	-0.0114579	1.08171
2018-07-02 00:00:00	-0.2	0	2.45933	0	0	0	0	0	0	0	0	0	0	0	-1.84506	-0.26107	0.0758834	0	0	0.205497	0	0	0	0.114468	-0.0104291	0.538619
2018-07-03 00:00:00	0	0	3.09639	0	0	0	0	0	0	0	0	0	0	0	-2.41414	-0.260716	0.075754	0	0	0.180608	0	0	0	0.114055	-0.0101096	0.781849
2018-07-04 00:00:00	0	0	3.21726	0	0	0	0	0	0	0	0	0	0	0	-2.54473	-0.260071	0.0756144	0	0	0.15625	0	0	0	0.113647	-0.00970038	0.748269
2018-07-05 00:00:00	0	0	3.41088	0	0	0	0	0	0	0	0	0	0	0	-2.708	-0.25952	0.0754307	0	0	0.134026	0	0	0	0.113236	-0.00928927	0.756765
2018-07-06 00:00:00	0	0	2.91191	0	0	0	0	0	0	0	0	0	0	0	-2.19046	-0.258685	0.075298	0	0	0.12143	0	0	0	0.112829	-0.00888277	0.76344
2018-07-07 00:00:00	0	0	2.57458	0	0	0	0	0	0	0	0	0	0	0	-2.01029	-0.258443	0.0751453	0	0	0.116167	0	0	0	0.112401	-0.00864165	0.600924
2018-07-08 00:00:00	0	0	2.56879	0	0	0	0	0	0	0	0	0	0	0	-2.05458	-0.258115	0.0748511	0	0	0.112127	0	0	0	0.111957	-0.00853067	0.546498
2018-07-09 00:00:00	-2.70676	0	3.17902	0	-1.1193E-09	0	0	0	0	0	0	0	0	0	-0.43999	-0.257362	0.0748417	0	0	0.136756	0	0	0	0.111508	-0.00844088	0.0895825
2018-07-10 00:00:00	0	0	2.40867	0	0	0	0	0	0	0	0	0	0	0	-1.95117	-0.256949	0.0747206	0	0	0.138746	0	0	0	0.111033	-0.00892012	0.51613
2018-07-11 00:00:00	0	0	2.46206	0	0	0	0	0	0	0	0	0	0	0	-2.02209	-0.256435	0.0746023	0	0	0.13245	0	0	0	0.110576	-0.00893961	0.492228
2018-07-12 00:00:00	0	0	2.58101	0	0	0	0	0	0	0	0	0	0	0	-2.0378	-0.255693	0.0744182	0	0	0.123606	0	0	0	0.110133	-0.00881818	0.586863
2018-07-13 00:00:00	-2.70676	0	3.19441	0	-1.08177E-09	0	0	0	0	0	0	0	0	0	-0.448056	-0.25531	0.0743111	0	0	0.145549	0	0	0	0.109695	-0.00864456	0.105196
2018-07-14 00:00:00	-0.2	0	2.72067	0	0	0	0	0	0	0	0	0	0	0	-2.24994	-0.254857	0.0741747	0	0	0.141845	0	0	0	0.109235	-0.00906864	0.332057
2018-07-15 00:00:00	0	0	2.27671	0	0	0	0	0	0	0	0	0	0	0	-1.86744	-0.254097	0.0740769	0	0	0.134802	0	0	0	0.108794	-0.00898346	0.463868
2018-07-16 00:00:00	-1.10225	0	2.68453	0	0	0	0	0	0	0	0	0	0	0	-1.32159	-0.253666	0.0739597	0	0	0.139382	0	0	0	0.108364	-0.00885031	0.319872
2018-07-17 00:00:00	-0.2	0	2.08254	0	0	0	0	0	0	0	0	0	0	0	-1.49442	-0.253268	0.0738471	0	0	0.14103	0	0	0	0.107911	-0.00893992	0.448709
2018-07-18 00:00:00	-0.2	0	2.07932	0	0	0	0	0	0	0	0	0	0	0	-1.60641	-0.252913	0.0737365	0	0	0.141046	0	0	0	0.107474	-0.00896519	0.333289
2018-07-19 00:00:00	0	0	2.28309	0	0	0	0	0	0	0	0	0	0	0	-1.83248	-0.25244	0.0736229	0	0	0.133507	0	0	0	0.107058	-0.00896079	0.503393
2018-07-20 00:00:00	-1.6045	0	2.55142	0	0	0	0	0	0	0	0	0	0	0	-0.829938	-0.25204	0.0735156	0	0	0.146708	0	0	0	0.106664	-0.00881525	0.183015
2018-07-21 00:00:00	0	0	2.14184	0	0	0	0	0	0	0	0	0	0	0	-1.77233	-0.251334	0.073359	0	0	0.143524	0	0	0	0.106244	-0.00906697	0.43223
2018-07-22 00:00:00	0	0	2.11762	0	0	0	0	0	0	0	0	0	0	0	-1.60543	-0.251045	0.0732606	0	0	0.136141	0	0	0	0.105452	-0.00899773	0.566997
2018-07-23 00:00:00	-2.50676	0	3.2578	0	-6.76652E-11	0	0	0	0	0	0	0	0	0	-0.70895	-0.2508	0.0730399	0	0	0.151874	0	0	0	0.105153	-0.0088609	0.112499
2018-07-24 00:00:00	-2.80901	0	3.13248	0	1.85017E-11	0	0	0	0	0	0	0	0	0	-0.320242	-0.250401	0.0729616	0	0	0.177988	0	0	0	0.104539	-0.00915644	0.099167
2018-07-25 00:00:00	0	0	2.75487	0	0	0	0	0	0	0	0	0	0	0	-2.35302	-0.250019	0.0728604	0	0	0.159687	0	0	0	0.104144	-0.00962001	0.478899
2018-07-26 00:00:00	-2.30676	0	3.65686	0	0	0	0	0	0	0	0	0	0	0	-1.22591	-0.249687	0.0725525	0	0	0.15988	0	0	0	0.103789	-0.00928942	0.201436
2018-07-27 00:00:00	-1.10225	0	3.15597	0	0	0	0	0	0	0	0	0	0	0	-1.67672	-0.249262	0.072481	0	0	0.151931	0	0	0	0.103412	-0.00930578	0.446253
2018-07-28 00:00:00	-11.7338	2.21923	3.09764	0	-1.44481E-05	0	0	0	0	0	0	0	0	0	4.90702	-0.249195	0.0725095	0	0	0.217171	0	0	0	0.102778	-0.00961161	-1.37625
2018-07-29 00:00:00	-7.82252	0.0398468	2.96814	0	0.00204103	0	0	0	0	0	0	0	0	0	3.449	-0.249123	0.0725251	0	0	0.346923	0	0	0	0.102824	-0.0119318	-1.10227
2018-07-30 00:00:00	-3.20901	-0.104217	3.05151	0	-0.000101952	0	0	0	0	0	0	0	0	0	0.00532794	-0.248779	0.0724659	0	0	0.413887	0	0	0	0.102587	-0.0136611	0.0700132
2018-07-31 00:00:00	-0.2	-1.92541	2.80909	0	-0.000506209	0	0	0	0	0	0	0	0	0	-0.739173	-0.248405	0.0723886	0	0	0.421383	0	0	0	0.102163	-0.0139576	0.277566
2018-08-01 00:00:00	-8.93378	2.02397	3.204	0	0.00376378	0	0.000421143	0	0	0	0	0	0	0	2.58408	-0.248185	0.0723515	0	0	0.461349	0	0	0	0.101943	-0.0141868	-0.744277
2018-08-02 00:00:00	-4.51576	-0.0507146	3.43242	0	0.00113397	0	0.00179736	0	0	0	0	0	0	0	0.62689	-0.247976	0.0723125	0	0	0.527286	0	0	0	0.101851	-0.0157587	-0.066525
2018-08-03 00:00:00	-0.502252	-2.02994	3.30622	0	-0.00155845	0	0.000883962	0	0	0	0	0	0	0	-0.894885	-0.247593	0.0722389	0	0	0.531391	0	0	0	0.101506	-0.0161789	0.319829
2018-08-04 00:00:00	0	-0.123077	2.66035	0	-0.0015578	0	0	0	0	0	0	0	0	0	-2.11535	-0.2472	0.0721543	0	0	0.48209	0	0	0	0.101203	-0.0156133	0.813003
2018-08-05 00:00:00	0	-0.0218759	2.57986	0	-0.0027259	0	0	0	0	0	0	0	0	0	-1.94108	-0.246598	0.0720109	0	0	0.405547	0	0	0	0.101008	-0.0146795	0.93147
2018-08-06 00:00:00	-1.4045	-0.0135301	3.01833	0	-0.000207103	0	0	0	0	0	0	0	0	0	-1.69601	-0.246326	0.0719441	0	0	0.376254	0	0	0	0.101023	-0.0136881	0.193284
2018-08-07 00:00:00	-1.70676	-0.00861527	2.74709	0	0.000261493	0	0	0	0	0	0	0	0	0	-1.118	-0.245914	0.0718583	0	0	0.367637	0	0	0	0.100208	-0.0132039	0.194557
2018-08-08 00:00:00	-1.70676	-0.00561488	2.52006	0	0.00158463	0	0	0	0	0	0	0	0	0	-0.942485	-0.245449	0.071778	0	0	0.367436	0	0	0	0.0998688	-0.0129757	0.147449
2018-08-09 00:00:00	-0.2	0	2.29275	0	-0.00174217	0	0	0	0	0	0	0	0	0	-1.78854	-0.245129	0.0716771	0	0	0.348769	0	0	0	0.0994387	-0.0127131	0.564501
2018-08-10 00:00:00	-6.42252	2.26086	2.63022	0	0.00290797	0	0	0	0	0	0	0	0	0	0.916694	-0.244629	0.0715944	0	0	0.385472	0	0	0	0.0993177	-0.0123066	-0.312391
2018-08-11 00:00:00	0	-2.23938	2.97183	0	-0.000282508	0	0	0	0	0	0	0	0	0	-0.712641	-0.244401	0.0715459	0	0	0.396487	0	0	0	0.0989779	-0.0133837	0.328755
2018-08-12 00:00:00	-10.5383	2.28272	3.00547	0	0.0021755	0	0.00377723	0	0	0	0	0	0	0	3.81512	-0.244211	0.0715238	0	0	0.472105	0	0	0	0.0988261	-0.0138946	-1.04467
2018-08-13 00:00:00	-0.502252	-1.92311	2.73944	0	-0.000110917	0	0.00161934	0	0	0	0	0	0	0	-0.526332	-0.243978	0.071484	0	0	0.540138	0	0	0	0.0986754	-0.0160782	0.239503
2018-08-14 00:00:00	-3.31126	0.291866	2.99711	0	6.02179E-05	0	0.00146802	0	0	0	0	0	0	0	-0.333751	-0.243567	0.0714001	0	0	0.537283	0	0	0	0.0983711	-0.0160904	0.0928897
2018-08-15 00:00:00	-1.4045	-0.624827	2.95993	0	-0.000157742	0	5.17747E-05	0	0	0	0	0	0	0	-1.00454	-0.243187	0.0713153	0	0	0.526154	0	0	0	0.0980847	-0.0160015	0.362316
2018-08-16 00:00:00	-0.902252	-0.0297503	2.56019	0	-0.000988146	0	0	0	0	0	0	0	0	0	-1.69079	-0.242699	0.0712027	0	0	0.488214	0	0	0	0.0976552	-0.0156353	0.335141
2018-08-17 00:00:00	-1.4045	-0.00774948	2.55451	0	-0.00096718	0	0	0	0	0	0	0	0	0	-0.741702	-0.242104	0.0710991	0	0	0.456395	0	0	0	0.0971034	-0.0149021	0.767177
2018-08-18 00:00:00	-3.11126	0.398603	2.65831	0	0.00215631	0	0.00033491	0	0	0	0	0	0	0	-0.70186	-0.241768	0.0710417	0	0	0.463272	0	0	0	0.0971462	-0.014486	-0.37851
2018-08-19 00:00:00	-10.7383	1.96149	2.74558	0	0.0188829	0	0.00657565	0	0	0	0	0	0	0	4.42802	-0.241674	0.0710588	0	0	0.541712	0	0	0	0.0965264	-0.0154777	-1.12559
2018-08-20 00:00:00	-0.2	-2.02999	2.5824	0	-0.00724842	0	0.00172574	0	0	0	0	0	0	0	-0.579753	-0.241376	0.0710258	0	0	0.635264	0	0	0	0.0964741	-0.0179111	0.310609
2018-08-21 00:00:00	-0.2	-0.306634	2.56533	0	-0.0108503	0	0	0	0	0	0	0	0	0	-1.92776	-0.24089	0.0709312	0	0	0.586268	0	0	0	0.0962522	-0.0175045	0.615147
2018-08-22 00:00:00	-4.81801	1.82085	2.69134	0	0.00435561	0	0	0	0	0	0	0	0	0	0.290852	-0.240459	0.0708072	0	0	0.56009	0	0	0	0.0960749	-0.0165343	0.45936
2018-08-23 00:00:00	-4.11576	0.55251	2.45827	0	0.00878227	0	0.00222134	0	0	0	0	0	0	0	0.241111	-0.240275	0.0707854	0	0	0.574347	0	0	0	0.0959423	-0.0165713	-0.368642
2018-08-24 00:00:00	-1.4045	-0.860464	2.37215	0	-0.00263855	0	0.00118181	0	0	0	0	0	0	0	-0.317214	-0.23989	0.0707058	0	0	0.587717	0	0	0	0.0956654	-0.0169912	0.285714
2018-08-25 00:00:00	0	-1.5097	2.41008	0	-0.00609362	0	0.000643219	0	0	0	0	0	0	0	-1.16835	-0.239534	0.070624	0	0	0.57116	0	0	0	0.0953677	-0.0168106	0.207383
2018-08-26 00:00:00	-3.41351	0.928011	2.34026	0	0.00238946	0	0.000651826	0	0	0	0	0	0	0	-0.160304	-0.238918	0.0704966	0	0	0.556551	0	0	0	0.0951551	-0.0164946	0.164286
2018-08-27 00:00:00	-5.72027	1.48047	2.49502	0	0.0136542	0	0.00304417	0	0	0	0	0	0	0	1.09406	-0.238819	0.0704922	0	0	0.578543	0	0	0	0.0949864	-0.0165656	-0.145389
2018-08-28 00:00:00	-0.2	-1.99694	2.46879	0	-0.00666603	0	0.00155203	0	0	0	0	0	0	0	-0.556879	-0.238526	0.0704276	0	0	0.601404	0	0	0	0.0947702	-0.0174561	0.220472
2018-08-29 00:00:00	0	-0.412455	2.14694	0	-0.00860443	0	0	0	0	0	0	0	0	0	-1.69446	-0.238104	0.0703301	0	0	0.563506	0	0	0	0.0945522	-0.0170544	0.504652
2018-08-30 00:00:00	-0.902252	-0.00925685	2.34596	0	-0.00449773	0	0	0	0	0	0	0	0	0	-1.45228	-0.23749	0.0701947	0	0	0.505392	0	0	0	0.0943335	-0.0162736	0.393836
2018-08-31 00:00:00	-0.2	-0.014667	2.34914	0	-0.00518747	0	0	0	0	0	0	0	0	0	-1.53011	-0.236955	0.0701255	0	0	0.452488	0	0	0	0.0937894	-0.0155299	0.963096
2018-09-01 00:00:00	0	-0.0124658	1.91592	0	-0.000877241	0	0	0	0	0	0	0	0	0	-2.05299	-0.236808	0.0699971	0	0	0.407408	0	0	0	0.0939519	-0.0143946	0.169738
2018-09-02 00:00:00	-0.302252	0	1.97932	0	-0.000494984	0	0	0	0	0	0	0	0	0	-1.51483	-0.236492	0.0699331	0	0	0.376419	0	0	0	0.0934111	-0.0136107	0.451397
2018-09-03 00:00:00	-10.5563	2.48076	2.15003	0	0.0205387	0	0.00185217	0	0	0	0	0	0	0	4.19752	-0.236341	0.0699437	0	0	0.493093	0	0	0	0.0932043	-0.0134895	-1.29919
2018-09-04 00:00:00	0	-1.79112	2.02637	0	-0.00600602	0	0.0012023	0	0	0	0	0	0	0	-0.268651	-0.236048	0.0698844	0	0	0.55822	0	0	0	0.0930881	-0.0163252	0.430619
2018-09-05 00:00:00	-0.2	-0.657521	2.38297	0	-0.00539622	0	0.00011159	0	0	0	0	0	0	0	-1.65811	-0.235464	0.0697572	0	0	0.525816	0	0	0	0.0929677	-0.0163938	0.298733
2018-09-06 00:00:00	-3.21801	1.21168	1.83386	0	0.000607903	0	0.000337933	0	0	0	0	0	0	0	0.0203552	-0.235069	0.069696	0	0	0.519791	0	0	0	0.092669	-0.0158305	0.280081
2018-09-07 00:00:00	-1.0045	-0.897	2.0064	0	-2.84902E-05	0	0.00141963	0	0	0	0	0	0	0	-0.280948	-0.234842	0.0696351	0	0	0.525331	0	0	0	0.0924346	-0.0158496	0.262053
2018-09-08 00:00:00	-0.602252	-0.319103	1.85987	0	-0.00180955	0	2.85825E-05	0	0	0	0	0	0	0	-1.00235	-0.234447	0.0695462	0	0	0.514627	0	0	0	0.0922528	-0.0158091	0.36056
2018-09-09 00:00:00	-4.32477	1.86631	2.18021	0	0.00182204	0	0.00121916	0	0	0	0	0	0	0	-0.0528818	-0.234096	0.0694678	0	0	0.512796	0	0	0	0.0920415	-0.0155549	0.0965625
2018-09-10 00:00:00	-9.85404	0.702168	1.97829	0	0.0583564	-0.00762705	0.0177304	0	0	0	0	0	0	0	5.17053	-0.233994	0.0694642	0	0	0.625957	0	0	0	0.091982	-0.0171056	-1.3983
2018-09-11 00:00:00	-2.51576	-0.0130196	2.07838	0	-0.00115439	-0.00154808	0.00479082	0	0	0	0	0	0	0	0.0388824	-0.233814	0.0694195	0	0	0.734706	0	0	0	0.0919329	-0.0195246	0.233286
2018-09-12 00:00:00	-1.40676	-0.480571	1.93633	0	-0.00157013	-5.41142E-05	0.0014141	0	0	0	0	0	0	0	-0.408513	-0.233451	0.0693388	0	0	0.719562	0	0	0	0.0917197	-0.0193663	0.268082
2018-09-13 00:00:00	-1.40676	-0.456621	1.93646	0	-0.00174785	0	0.00102458	0	0	0	0	0	0	0	-0.30569	-0.233055	0.0692575	0	0	0.693556	0	0	0	0.0915216	-0.018973	0.368976
2018-09-14 00:00:00	-6.13378	0.967209	1.7872	0	0.00503492	-0.00809404	0.0224827	0	0	0	0	0	0	0	2.15076	-0.232838	0.0692049	0	0	0.721687	0	0	0	0.0914244	-0.019032	-0.578741
2018-09-15 00:00:00	-1.1045	-0.512314	1.67027	0	-0.00332006	-0.000320558	0.00221202	0	0	0	0	0	0	0	-0.440392	-0.232543	0.0691391	0	0	0.750892	0	0	0	0.0913846	-0.0199058	0.270601
2018-09-16 00:00:00	-1.60901	-0.314508	1.97364	0	-0.00125062	0	0.0010356	0	0	0	0	0	0	0	-0.255379	-0.232168	0.0690639	0	0	0.723176	0	0	0	0.091176	-0.0194945	0.42628
2018-09-17 00:00:00	-0.402252	-1.2671	1.87393	0	-0.0045972	0	0.00121718	0	0	0	0	0	0	0	-0.491543	-0.231908	0.0689847	0	0	0.695831	0	0	0	0.090979	-0.0190356	0.314508
2018-09-18 00:00:00	-4.72477	1.9042	2.06598	0	0.00750531	-0.000233198	0.00264138	0	0	0	0	0	0	0	0.106235	-0.23145	0.0690332	0	0	0.684541	0	0	0	0.0907433	-0.018706	-0.0442754
2018-09-19 00:00:00	-10.254	0.230072	1.82432	0	0.0030004	-0.0217483	0.0583809	0	0	0	0	0	0	0	5.63124	-0.23168	0.0690427	0	0	0.813231	0	0	0	0.0907208	-0.020224	-1.80769
2018-09-20 00:00:00	-1.60901	-0.140861	1.71182	0	-0.00345091	-0.000495479	0.00304058	0	0	0	0	0	0	0	-0.402484	-0.231526	0.0690073	0	0	0.897014	0	0	0	0.0908773	-0.0228307	0.361109
2018-09-21 00:00:00	-3.21801	0.152046	1.56556	0	0.00103831	-0.00384568	0.0109957	0	0	0	0	0	0	0	0.76063	-0.23123	0.0689475	0	0	0.875396	0	0	0	0.0907537	-0.0221419	0.0501313
2018-09-22 00:00:00	-0.402252	-0.959654	1.48659	0	-0.00370795	-0.000163287	0.00164961	0	0	0	0	0	0	0	-0.46565	-0.230876	0.0688695	0	0	0.84791	0	0	0	0.0906842	-0.02184	0.411562
2018-09-23 00:00:00	-0.3	-1.14189	1.62658	0	-0.00415796	0	0.00102813	0	0	0	0	0	0	0	-0.500841	-0.230503	0.0687917	0	0	0.800851	0	0	0	0.0905286	-0.020957	0.389426
2018-09-24 00:00:00	-0.802252	-0.343248	1.47436	0	-0.00520934	0	0.000901776	0	0	0	0	0	0	0	-0.611233	-0.230141	0.0687152	0	0	0.759516	0	0	0	0.0903485	-0.0202012	0.381559
2018-09-25 00:00:00	-0.402252	-0.154936	1.3942	0	-0.0121921	0	6.48798E-05	0	0	0	0	0	0	0	-0.926439	-0.229748	0.0686328	0	0	0.71346	0	0	0	0.0902024	-0.0195335	0.521455
2018-09-26 00:00:00	-2.41351	0.555885	1.79162	0	0.00152403	0	0.000908693	0	0	0	0	0	0	0	-0.354954	-0.229187	0.0684705	0	0	0.680156	0	0	0	0.0900861	-0.0189261	0.172067
2018-09-27 00:00:00	-0.402252	-0.557661	1.56094	0	-0.00935492	0	0.000427684	0	0	0	0	0	0	0	-0.745222	-0.22889	0.068339	0	0	0.661078	0	0	0	0.0898301	-0.0185872	0.418645
2018-09-28 00:00:00	-0.3	-0.00766005	1.34993	0	-0.0120104	0	5.19865E-06	0	0	0	0	0	0	0	-1.32688	-0.228226	0.068222	0	0	0.609041	0	0	0	0.0897331	-0.0182382	0.223916
2018-09-29 00:00:00	-0.3	-0.00738743	1.30697	0	-0.0103489	0	8.36993E-05	0	0	0	0	0	0	0	-1.30433	-0.227893	0.0681867	0	0	0.585107	0	0	0	0.0896141	-0.0173778	0.182625
2018-09-30 00:00:00	-0.602252	-0.00520869	1.34817	0	-0.00257489	0	0	0	0	0	0	0	0	0	-0.614306	-0.227334	0.0680626	0	0	0.552571	0	0	0	0.0893767	-0.0167832	0.589718
2018-10-01 00:00:00	-1.60225	0.306115	1.25962	0	0.000767773	0	0.000333395	0	0	0	0	0	0	0	-0.492429	-0.22687	0.067968	0	0	0.554028	0	0	0	0.0894551	-0.0163563	-0.0596231
2018-10-02 00:00:00	-0.3	-0.312032	1.39334	0	-0.00184513	0	0.000176184	0	0	0	0	0	0	0	-0.9688	-0.226446	0.0677841	0	0	0.539653	0	0	0	0.0887365	-0.0163629	0.264209
2018-10-03 00:00:00	-0.3	-0.00726407	1.27656	0	-0.0028873	0	0	0	0	0	0	0	0	0	-1.19093	-0.225951	0.0676775	0	0	0.517074	0	0	0	0.0885454	-0.0161065	0.206725
2018-10-04 00:00:00	-2.4045	0.869317	1.42106	0	0.000312185	0	0.00181688	0	0	0	0	0	0	0	-0.2517	-0.225651	0.0676276	0	0	0.521885	0	0	0	0.0877389	-0.0157334	0.0721648
2018-10-05 00:00:00	-0.3	-0.713146	1.14174	0	-5.79333E-05	0	0.000903742	0	0	0	0	0	0	0	-0.420928	-0.225207	0.0675487	0	0	0.5301	0	0	0	0.0872835	-0.0159047	0.152336
2018-10-06 00:00:00	-0.1	-0.16186	0.956917	0	-0.000320938	0	4.38923E-05	0	0	0	0	0	0	0	-1.09025	-0.22461	0.0674264	0	0	0.520694	0	0	0	0.0871301	-0.0159086	0.0392597
2018-10-07 00:00:00	-2.0045	0.654183	1.2691	0	-0.000424313	0	0.00128093	0	0	0	0	0	0	0	-0.412498	-0.224374	0.0668594	0	0	0.524069	0	0	0	0.0870073	-0.0158078	-0.0551086
2018-10-08 00:00:00	-4.61126	1.9516	1.2253	0	0.00801536	0	0.00216698	0	0	0	0	0	0	0	0.696504	-0.223759	0.0669236	0	0	0.55002	0	0	0	0.0868419	-0.0160414	-0.26369
2018-10-09 00:00:00	-2.0045	-0.0250601	1.03841	0	0.00613224	0	0.00170067	0	0	0	0	0	0	0	0.443647	-0.223247	0.0668864	0	0	0.601662	0	0	0	0.086865	-0.0170317	-0.0245371
2018-10-10 00:00:00	-0.1	-1.11785	1.36847	0	-0.00343115	0	0.00139284	0	0	0	0	0	0	0	-0.574772	-0.222929	0.0662795	0	0	0.609767	0	0	0	0.0867134	-0.0175636	0.0960797
2018-10-11 00:00:00	-2.0045	0.659007	1.26413	0	0.00165683	0	0.00118777	0	0	0	0	0	0	0	-0.382221	-0.222521	0.0663873	0	0	0.603647	0	0	0	0.0865496	-0.0174872	0.0558311
2018-10-12 00:00:00	-8.31576	0.527275	1.15943	0	0.0515682	-0.00922991	0.0218497	0	0	0	0	0	0	0	4.50224	-0.222544	0.066436	0	0	0.711124	0	0	0	0.0866201	-0.0185119	-1.4395
2018-10-13 00:00:00	-2.90676	-0.00773529	0.949435	0	-0.0012774	-0.00541324	0.0159647	0	0	0	0	0	0	0	1.01917	-0.222532	0.0664385	0	0	0.830099	0	0	0	0.0868616	-0.0210234	-0.196773
2018-10-14 00:00:00	0	-0.941267	1.06242	0	-0.00388422	-0.000186595	0.0015375	0	0	0	0	0	0	0	-0.533088	-0.222177	0.0663778	0	0	0.821098	0	0	0	0.0868203	-0.0212548	0.316398
2018-10-15 00:00:00	-0.2	-0.707907	1.0216	0	-0.00259668	0	0.00096746	0	0	0	0	0	0	0	-0.460613	-0.221707	0.0663102	0	0	0.777811	0	0	0	0.0866931	-0.0205485	0.340009
2018-10-16 00:00:00	-0.502252	-0.450138	1.02431	0	-0.001674	0	0.00144171	0	0	0	0	0	0	0	-0.629285	-0.221302	0.066254	0	0	0.747309	0	0	0	0.0865278	-0.019895	0.101299
2018-10-17 00:00:00	-0.2	-0.42378	1.03374	0	-0.00600164	0	0.000198009	0	0	0	0	0	0	0	-0.864994	-0.220663	0.066122	0	0	0.701972	0	0	0	0.0863977	-0.0196389	0.153349
2018-10-18 00:00:00	-0.2	-0.0764187	0.811836	0	-0.00803131	0	0.000664481	0	0	0	0	0	0	0	-0.679574	-0.220426	0.0660907	0	0	0.680438	0	0	0	0.0863398	-0.0189122	0.442007
2018-10-19 00:00:00	-0.2	-0.00441688	0.806625	0	-0.00847685	0	0	0	0	0	0	0	0	0	-0.487107	-0.219445	0.0659997	0	0	0.637608	0	0	0	0.0861249	-0.0185142	0.658397
2018-10-20 00:00:00	-0.2	-0.00565865	0.978908	0	-0.00967769	0	0.000718172	0	0	0	0	0	0	0	-1.57641	-0.218262	0.0657281	0	0	0.615982	0	0	0	0.0855078	-0.0178697	-0.281032
2018-10-21 00:00:00	-0.702252	-0.00155867	0.939578	0	-0.00260136	0	0.000478567	0	0	0	0	0	0	0	-0.512167	-0.218039	0.0657096	0	0	0.595806	0	0	0	0.0850988	-0.0174555	0.232598
2018-10-22 00:00:00	-0.2	-0.00437134	0.795181	0	-0.00631827	0	0	0	0	0	0	0	0	0	-0.713829	-0.217351	0.0656001	0	0	0.57549	0	0	0	0.0849253	-0.0171412	0.362186
2018-10-23 00:00:00	0	-0.00595392	0.826279	0	-0.0077874	0	0.000786836	0	0	0	0	0	0	0	-1.39985	-0.217132	0.0655639	0	0	0.558282	0	0	0	0.0848539	-0.0165867	-0.111547
2018-10-24 00:00:00	0	-0.00535325	0.735968	0	-0.00229047	0	3.47284E-05	0	0	0	0	0	0	0	-0.857605	-0.216549	0.0654593	0	0	0.538749	0	0	0	0.0846675	-0.0162007	0.326881
2018-10-25 00:00:00	-2.70676	1.57808	0.900882	0	7.54205E-05	0	0.00129726	0	0	0	0	0	0	0	-0.364169	-0.216019	0.0653848	0	0	0.540564	0	0	0	0.0846242	-0.0159591	-0.131996
2018-10-26 00:00:00	-0.2	-0.437326	0.674651	0	-4.49674E-05	0	0.000665807	0	0	0	0	0	0	0	-0.288304	-0.215486	0.0653159	0	0	0.549281	0	0	0	0.0845431	-0.016138	0.217158
2018-10-27 00:00:00	-2.0045	1.19889	0.63405	0	0.00329569	0	0.0011661	0	0	0	0	0	0	0	-0.406277	-0.215083	0.0652335	0	0	0.561939	0	0	0	0.0844237	-0.0161683	-0.0930365
2018-10-28 00:00:00	0	-0.486841	0.536052	0	-0.00147406	0	0.00118477	0	0	0	0	0	0	0	-0.570201	-0.214731	0.0652005	0	0	0.563824	0	0	0	0.0843267	-0.0164081	-0.0390673
2018-10-29 00:00:00	-0.2	-0.27539	0.518467	0	-0.00103052	0	0.000426705	0	0	0	0	0	0	0	-0.132274	-0.214291	0.0651009	0	0	0.564603	0	0	0	0.0841409	-0.0164466	0.393308
2018-10-30 00:00:00	-0.502252	-0.0300427	0.537032	0	-0.000150994	0	0.0017243	0	0	0	0	0	0	0	-1.00135	-0.213786	0.065082	0	0	0.565558	0	0	0	0.0839498	-0.0164326	-0.510667
2018-10-31 00:00:00	-1.8045	0.86556	0.590502	0	0.00460663	0	0.000424619	0	0	0	0	0	0	0	0.140012	-0.213144	0.0649906	0	0	0.578369	0	0	0	0.0838493	-0.0164534	0.294213
2018-11-01 00:00:00	-8.92927	0.129711	0.548398	0	0.0558543	-0.011004	0.0310596	0	0	0	0	0	0	0	5.29627	-0.213409	0.0651309	0	0	0.727345	0	0	0	0.0838242	-0.0183929	-2.23449
2018-11-02 00:00:00	-0.2	-0.33714	0.559904	0	-0.00345738	-0.000493609	0.00267164	0	0	0	0	0	0	0	-0.624627	-0.213281	0.0651326	0	0	0.835258	0	0	0	0.0840235	-0.0212659	0.146725
2018-11-03 00:00:00	-0.702252	-0.0699344	0.783811	0	-0.000419912	0	0.000995387	0	0	0	0	0	0	0	-0.359816	-0.212854	0.0650688	0	0	0.799733	0	0	0	0.0839246	-0.0206957	0.367561
2018-11-04 00:00:00	-0.2	-0.450736	0.724296	0	-0.00170427	0	0.00116073	0	0	0	0	0	0	0	-0.491584	-0.212392	0.0649668	0	0	0.764189	0	0	0	0.0837867	-0.0201263	0.261856
2018-11-05 00:00:00	-1.0045	0.324683	0.657721	0	0.000404248	0	0.00105543	0	0	0	0	0	0	0	-0.574219	-0.211762	0.0648661	0	0	0.728891	0	0	0	0.083725	-0.019735	0.0511262
2018-11-06 00:00:00	-0.2	-0.459378	0.704314	0	-0.00109038	0	0.00118234	0	0	0	0	0	0	0	-0.545323	-0.211574	0.0648299	0	0	0.713651	0	0	0	0.0835729	-0.0192223	0.130964
2018-11-07 00:00:00	-1.90676	0.874988	0.656373	0	0.00407047	-7.17121E-05	0.00104095	0	0	0	0	0	0	0	-0.231059	-0.210561	0.0647671	0	0	0.695714	0	0	0	0.0834538	-0.0190053	0.0129558
2018-11-08 00:00:00	-2.10676	0.0458015	0.545931	0	0.000546275	-0.00391598	0.0116943	0	0	0	0	0	0	0	0.660387	-0.210453	0.0647687	0	0	0.716884	0	0	0	0.0835527	-0.0189642	-0.210524
2018-11-09 00:00:00	-7.72477	0.0073572	0.516659	0	0.0016392	-0.0185617	0.052736	0	0	0	0	0	0	0	4.76548	-0.21075	0.0648721	0	0	0.844234	0	0	0	0.0836872	-0.0207604	-1.63817
2018-11-10 00:00:00	-4.51576	-0.00854895	0.58404	0	-0.00103599	-0.0104326	0.0300856	0	0	0	0	0	0	0	2.29251	-0.211009	0.0649877	0	0	1.00205	0	0	0	0.0839808	-0.0243235	-0.713456
2018-11-11 00:00:00	-0.702252	-0.016322	0.553034	0	-0.0015879	-0.000668276	0.00289421	0	0	0	0	0	0	0	-0.279709	-0.21075	0.0649752	0	0	1.00226	0	0	0	0.0840745	-0.0250636	0.470885
2018-11-12 00:00:00	-5.21801	0.00474922	0.531552	0	0.00155693	-0.0119045	0.0343028	0	0	0	0	0	0	0	2.92429	-0.210787	0.0650223	0	0	1.03621	0	0	0	0.0841336	-0.0249041	-0.783791
2018-11-13 00:00:00	-1.4045	-0.0210586	0.566693	0	-0.00117372	-0.00243638	0.00766801	0	0	0	0	0	0	0	0.188063	-0.210502	0.0650278	0	0	1.04997	0	0	0	0.0843522	-0.0256375	0.29646
2018-11-14 00:00:00	-1.4045	0.00435101	0.588506	0	-0.000178847	-0.00208001	0.00713732	0	0	0	0	0	0	0	0.0173638	-0.210136	0.0649651	0	0	1.00852	0	0	0	0.0843224	-0.0251123	0.133158
2018-11-15 00:00:00	0	-0.543018	0.600944	0	-0.00187342	-8.98743E-05	0.00116348	0	0	0	0	0	0	0	-0.408053	-0.209644	0.064905	0	0	0.955013	0	0	0	0.0842863	-0.0244107	0.519222
2018-11-16 00:00:00	-0.2	-0.294898	0.544216	0	-0.00115252	0	0.00123122	0	0	0	0	0	0	0	-0.489562	-0.209131	0.0648364	0	0	0.894384	0	0	0	0.0842271	-0.0230027	0.371148
2018-11-17 00:00:00	0	-0.347591	0.405421	0	-0.00134606	0	0.000737343	0	0	0	0	0	0	0	-0.367302	-0.20844	0.0647785	0	0	0.842924	0	0	0	0.0842128	-0.0217648	0.45163
2018-11-18 00:00:00	-0.2	-0.138284	0.361661	0	-0.000518132	0	0.00132053	0	0	0	0	0	0	0	-0.822259	-0.207896	0.0646829	0	0	0.795755	0	0	0	0.084116	-0.0210207	-0.0824426
2018-11-19 00:00:00	-1.2045	0.697271	0.423811	0	0.00159916	0	0.000725855	0	0	0	0	0	0	0	-0.110566	-0.207142	0.0646671	0	0	0.772849	0	0	0	0.0837142	-0.0203148	0.502111
2018-11-20 00:00:00	-5.92027	0.579552	0.383219	0	0.00518667	-0.0118888	0.0347367	0	0	0	0	0	0	0	3.02388	-0.207372	0.064696	0	0	0.840087	0	0	0	0.0838191	-0.0206	-1.14495
2018-11-21 00:00:00	-16.054	-0.00445008	0.389855	0	0.00158626	-0.0407185	0.113854	0	0	0	0	0	0	0	10.4858	-0.208833	0.0650612	0	0	1.1879	0	0	0	0.0845782	-0.0263756	-4.00577
2018-11-22 00:00:00	-0.702252	-0.0127196	0.31537	0	-0.00354615	-0.00167751	0.00608244	0	0	0	0	0	0	0	-0.335697	-0.209417	0.0652621	0	0	1.40083	0	0	0	0.0852244	-0.0309627	0.576499
2018-11-23 00:00:00	-0.302252	-0.096702	0.394791	0	-0.000512756	-6.10169E-05	0.00128942	0	0	0	0	0	0	0	-0.397477	-0.208961	0.0652001	0	0	1.28089	0	0	0	0.0851991	-0.0291347	0.792269
2018-11-24 00:00:00	-3.71126	0.0840559	0.367946	0	0.00160815	-0.0081641	0.0240833	0	0	0	0	0	0	0	1.76291	-0.208939	0.0652204	0	0	1.24471	0	0	0	0.0852488	-0.0280444	-0.320624
2018-11-25 00:00:00	-0.902252	-0.0104931	0.344586	0	-0.00111292	-0.00163548	0.00568972	0	0	0	0	0	0	0	-0.110983	-0.208754	0.0652063	0	0	1.20708	0	0	0	0.0853945	-0.0280955	0.444633
2018-11-26 00:00:00	-0.502252	-0.00988931	0.332789	0	-0.00032432	-0.000480765	0.00252388	0	0	0	0	0	0	0	-0.393424	-0.208323	0.0651373	0	0	1.11723	0	0	0	0.0853855	-0.0268824	0.461493
2018-11-27 00:00:00	-7.02252	-0.00320192	0.35201	0	0.0022889	-0.017034	0.0483278	0	0	0	0	0	0	0	4.23705	-0.208785	0.0652535	0	0	1.18239	0	0	0	0.0855598	-0.026947	-1.3056
2018-11-28 00:00:00	-6.62252	-0.0116124	0.407449	0	0.000289812	-0.0163003	0.0462448	0	0	0	0	0	0	0	3.74219	-0.209558	0.0654645	0	0	1.33617	0	0	0	0.0860776	-0.0291133	-1.20521
2018-11-29 00:00:00	-12.2405	-0.0055974	0.386393	0	0.00110987	-0.0308629	0.0867271	0	0	0	0	0	0	0	7.38432	-0.211003	0.0658019	0	0	1.59278	0	0	0	0.0867656	-0.0327893	-2.91689
2018-11-30 00:00:00	-9.12927	-0.0113804	0.358051	0	3.23667E-06	-0.0231046	0.0652008	0	0	0	0	0	0	0	5.24041	-0.212473	0.0661467	0	0	1.86624	0	0	0	0.0876821	-0.0364481	-1.72895
2018-12-01 00:00:00	-0.604504	-0.0070175	0.330348	0	-0.00350348	-0.00114595	0.00489978	0	0	0	0	0	0	0	-0.34405	-0.212625	0.0661976	0	0	1.83153	0	0	0	0.0881133	-0.0370037	1.11124
2018-12-02 00:00:00	-7.94729	-0.00825685	0.344936	0	0.00298564	-0.0194315	0.0549332	0	0	0	0	0	0	0	4.41804	-0.213217	0.0663264	0	0	1.8091	0	0	0	0.0884172	-0.0362002	-1.43966
2018-12-03 00:00:00	-0.604504	-0.00701935	0.284015	0	-0.00295613	-0.00121741	0.00492398	0	0	0	0	0	0	0	-0.29745	-0.213354	0.0663615	0	0	1.76032	0	0	0	0.0888228	-0.0362721	1.04167
2018-12-04 00:00:00	-0.2	-0.0406634	0.240664	0	-0.000403714	-4.24094E-05	0.00138108	0	0	0	0	0	0	0	-0.507714	-0.21291	0.0662722	0	0	1.58339	0	0	0	0.0887939	-0.0342972	0.984467
2018-12-05 00:00:00	-5.83603	0.0249705	0.25247	0	0.00273813	-0.0140542	0.0400941	0	0	0	0	0	0	0	3.0245	-0.213229	0.0663378	0	0	1.54777	0	0	0	0.0889832	-0.0334293	-1.04888
2018-12-06 00:00:00	-1.10676	-0.00997727	0.337542	0	-0.00209328	-0.0022607	0.00765161	0	0	0	0	0	0	0	-0.00906572	-0.213294	0.0663583	0	0	1.51567	0	0	0	0.089292	-0.0330799	0.639991
2018-12-07 00:00:00	-7.14278	-0.00535323	0.337954	0	0.00212732	-0.017423	0.0495391	0	0	0	0	0	0	0	3.98567	-0.213867	0.0664804	0	0	1.54244	0	0	0	0.0895157	-0.0329851	-1.33869
2018-12-08 00:00:00	-2.51576	-0.00629481	0.329237	0	-0.00158082	-0.00590241	0.0178753	0	0	0	0	0	0	0	0.895362	-0.2142	0.0665574	0	0	1.56903	0	0	0	0.0899194	-0.0338911	0.190346
2018-12-09 00:00:00	0	-0.246237	0.255334	0	-0.0013768	-0.000202061	0.00179344	0	0	0	0	0	0	0	-0.547816	-0.213866	0.066494	0	0	1.45438	0	0	0	0.0899992	-0.0324456	0.826063
2018-12-10 00:00:00	-0.2	-0.0173493	0.221257	0	-0.0001687	0	0.00123553	0	0	0	0	0	0	0	-0.422166	-0.213424	0.0664059	0	0	1.32444	0	0	0	0.0899064	-0.0304873	0.81965
2018-12-11 00:00:00	0	-0.251217	0.293978	0	-0.000985231	0	0.00103157	0	0	0	0	0	0	0	-0.650979	-0.212845	0.0662838	0	0	1.18466	0	0	0	0.0898876	-0.0290839	0.490727
2018-12-12 00:00:00	0	-0.256089	0.299722	0	-0.000949117	0	0.00126835	0	0	0	0	0	0	0	-0.346344	-0.212487	0.0662214	0	0	1.11173	0	0	0	0.0897504	-0.0269742	0.725844
2018-12-13 00:00:00	0	-0.217619	0.254737	0	-0.00093329	0	0.00118835	0	0	0	0	0	0	0	-0.448209	-0.212084	0.0661454	0	0	1.03831	0	0	0	0.0897173	-0.0260148	0.545241
2018-12-14 00:00:00	-0.2	-0.0302779	0.236517	0	-0.000226459	0	0.00129397	0	0	0	0	0	0	0	-0.297467	-0.211704	0.0660738	0	0	0.978276	0	0	0	0.0895424	-0.0249614	0.607067
2018-12-15 00:00:00	-3.52027	0.963525	0.204248	0	0.00498003	-0.00499653	0.0158372	0	0	0	0	0	0	0	1.15507	-0.211547	0.0660505	0	0	0.963261	0	0	0	0.0895755	-0.0241983	-0.298464
2018-12-16 00:00:00	-0.344115	-0.0790633	0.277769	0	-0.00151007	-0.000277931	0.00192873	0	0	0	0	0	0	0	-0.283783	-0.21141	0.0660553	0	0	0.968946	0	0	0	0.0895907	-0.0244506	0.459681
2018-12-17 00:00:00	-0.00900716	-0.237102	0.266759	0	-0.000590007	0	0.00102054	0	0	0	0	0	0	0	-0.373367	-0.210982	0.0659998	0	0	0.917613	0	0	0	0.0895151	-0.0231417	0.486717
2018-12-18 00:00:00	-0.108086	-0.267733	0.322427	0	-0.00108088	0	0.00138516	0	0	0	0	0	0	0	-0.407965	-0.210604	0.0659454	0	0	0.873395	0	0	0	0.0893974	-0.021934	0.335148
2018-12-19 00:00:00	-0.00450358	-0.242361	0.289198	0	-0.000999435	0	0.000955381	0	0	0	0	0	0	0	-0.355898	-0.210191	0.0658793	0	0	0.833822	0	0	0	0.0892793	-0.0213033	0.443879
2018-12-20 00:00:00	-0.054043	-0.216107	0.262679	0	-0.000901154	0	0.00124976	0	0	0	0	0	0	0	-0.379754	-0.209799	0.0658096	0	0	0.801292	0	0	0	0.0891425	-0.0205692	0.338999
2018-12-21 00:00:00	-0.0225179	-0.231257	0.278395	0	-0.000952187	0	0.000996583	0	0	0	0	0	0	0	-0.44156	-0.209377	0.0657351	0	0	0.772613	0	0	0	0.0890294	-0.0201129	0.280992
2018-12-22 00:00:00	-0.0405322	-0.239098	0.28813	0	-0.000982785	0	0.00133977	0	0	0	0	0	0	0	-0.386913	-0.20898	0.0656629	0	0	0.750468	0	0	0	0.0888488	-0.0197047	0.298239
2018-12-23 00:00:00	0	-0.193914	0.248152	0	-0.00113883	0	0.000937636	0	0	0	0	0	0	0	-0.380153	-0.208539	0.0655842	0	0	0.729356	0	0	0	0.0887286	-0.0195103	0.329504
2018-12-24 00:00:00	-0.00450358	-0.0661074	0.177469	0	-0.00185805	0	0.00116345	0	0	0	0	0	0	0	-0.477797	-0.208134	0.065505	0	0	0.711144	0	0	0	0.0885524	-0.0191441	0.26629
2018-12-25 00:00:00	-0.00450358	-0.1069	0.279356	0	-0.00290982	0	0.000727641	0	0	0	0	0	0	0	-0.466762	-0.207694	0.0653811	0	0	0.692312	0	0	0	0.0884069	-0.0190932	0.318321
2018-12-26 00:00:00	0	-0.112184	0.280677	0	-0.00291016	0	0.000911849	0	0	0	0	0	0	0	-0.487582	-0.207296	0.0653116	0	0	0.677597	0	0	0	0.0882718	-0.0186268	0.28417
2018-12-27 00:00:00	0	-0.115192	0.287553	0	-0.00285679	0	0.000829863	0	0	0	0	0	0	0	-0.576899	-0.206799	0.0652143	0	0	0.663067	0	0	0	0.0881259	-0.0185873	0.184456
2018-12-28 00:00:00	-0.00900717	-0.0281981	0.275537	0	-0.00362155	0	0.000839606	0	0	0	0	0	0	0	-0.56518	-0.206178	0.0651255	0	0	0.650168	0	0	0	0.0879856	-0.0183959	0.249075
2018-12-29 00:00:00	-0.0900716	0.0188665	0.281309	0	-0.00407382	0	0.000856751	0	0	0	0	0	0	0	-0.572843	-0.205781	0.0650675	0	0	0.638719	0	0	0	0.0878163	-0.0182846	0.20158
2018-12-30 00:00:00	-0.0225179	-0.000648506	0.308855	0	-0.00428681	0	0.000746837	0	0	0	0	0	0	0	-0.692521	-0.205343	0.0650412	0	0	0.627701	0	0	0	0.0876915	-0.0179611	0.146758
2018-12-31 00:00:00	-0.00900717	-0.000748382	0.256848	0	-0.00371226	0	0.00063836	0	0	0	0	0	0	0	-0.507079	-0.204316	0.0649363	0	0	0.617124	0	0	0	0.0875535	-0.0177957	0.284441
2019-01-01 00:00:00	-0.213511	-0.000343885	0.305916	0	-0.0015223	0	0.0011766	0	0	0	0	0	0	0	-0.591436	-0.204047	0.0648656	0	0	0.612155	0	0	0	0.0873919	-0.0176656	0.0429805
2019-01-02 00:00:00	0	-0.00443594	0.159216	0	-0.00226571	0	0.000903125	0	0	0	0	0	0	0	-0.601993	-0.203544	0.0647796	0	0	0.608867	0	0	0	0.0872641	-0.0175893	0.0912013
2019-01-03 00:00:00	0	-0.00603693	0.216615	0	-0.00286142	0	0.000855229	0	0	0	0	0	0	0	-0.527365	-0.202646	0.0647029	0	0	0.604227	0	0	0	0.0871218	-0.0175203	0.217092
2019-01-04 00:00:00	0	-0.00733882	0.263098	0	-0.00278744	0	0.000803786	0	0	0	0	0	0	0	-0.749326	-0.201602	0.06466	0	0	0.598471	0	0	0	0.0869833	-0.0173727	0.0355897
2019-01-05 00:00:00	0	-0.00697126	0.249932	0	-0.00259136	0	0.000818792	0	0	0	0	0	0	0	-0.583873	-0.201243	0.0645923	0	0	0.592773	0	0	0	0.0868521	-0.0172646	0.183025
2019-01-06 00:00:00	-1.00901	0.610216	0.332655	0	5.44553E-05	0	0.000960464	0	0	0	0	0	0	0	-0.358254	-0.200781	0.0644385	0	0	0.593508	0	0	0	0.08673	-0.0171815	0.103338
2019-01-07 00:00:00	-0.706755	0.287982	0.360851	0	0.000998191	0	0.00119682	0	0	0	0	0	0	0	-0.495598	-0.199999	0.0639932	0	0	0.599397	0	0	0	0.0865676	-0.0174251	-0.0187917
2019-01-08 00:00:00	0	-0.26229	0.276752	0	-0.000420844	0	0.00110351	0	0	0	0	0	0	0	-0.437996	-0.199386	0.0640425	0	0	0.602956	0	0	0	0.0865067	-0.0174046	0.113863
2019-01-09 00:00:00	-0.102252	-0.102985	0.225197	0	-0.000572642	0	0.00101424	0	0	0	0	0	0	0	-0.449072	-0.198422	0.0639596	0	0	0.603626	0	0	0	0.0863358	-0.0175491	0.10928
2019-01-10 00:00:00	0	-0.28618	0.337037	0	-0.000323103	0	0.00104153	0	0	0	0	0	0	0	-0.534091	-0.198167	0.0638866	0	0	0.603245	0	0	0	0.0861578	-0.0176693	0.0549384
2019-01-11 00:00:00	-0.302252	-0.0117484	0.320214	0	-1.81466E-05	0	0.00113619	0	0	0	0	0	0	0	-0.449118	-0.197818	0.0638128	0	0	0.602917	0	0	0	0.0861015	-0.0174565	0.0957714
2019-01-12 00:00:00	-2.21801	1.37215	0.359361	0	0.00688159	0	0.00145095	0	0	0	0	0	0	0	-0.100791	-0.197416	0.0637375	0	0	0.610767	0	0	0	0.0859414	-0.0175608	-0.0334947
2019-01-13 00:00:00	-2.11576	0.300102	0.372537	0	0.0180513	0	0.00274639	0	0	0	0	0	0	0	0.535376	-0.19732	0.0636689	0	0	0.645415	0	0	0	0.0860144	-0.0177802	-0.306951
2019-01-14 00:00:00	-0.302252	-0.0387832	0.33452	0	2.58797E-05	0	0.00124747	0	0	0	0	0	0	0	-0.433845	-0.197067	0.0634949	0	0	0.66485	0	0	0	0.0859999	-0.0183013	0.159891
2019-01-15 00:00:00	-0.102252	-0.192336	0.309873	0	-0.000317057	0	0.00113533	0	0	0	0	0	0	0	-0.508457	-0.196634	0.0634618	0	0	0.655676	0	0	0	0.0858407	-0.018492	0.0975004
2019-01-16 00:00:00	-2.11576	0.199111	0.3421	0	0.0183613	0	0.00204708	0	0	0	0	0	0	0	0.754876	-0.196608	0.0634449	0	0	0.682052	0	0	0	0.085857	-0.0182695	-0.18279
2019-01-17 00:00:00	-0.102252	-0.167624	0.271886	0	-0.000291339	0	0.00155781	0	0	0	0	0	0	0	-0.407306	-0.195952	0.0634114	0	0	0.691217	0	0	0	0.0857554	-0.0188171	0.221584
2019-01-18 00:00:00	0	-0.238075	0.2813	0	-0.00090679	0	0.00128143	0	0	0	0	0	0	0	-0.635235	-0.195068	0.0633119	0	0	0.67632	0	0	0	0.0856877	-0.018508	0.0201073
2019-01-19 00:00:00	0	-0.247813	0.292895	0	-0.00112086	0	0.000914201	0	0	0	0	0	0	0	-0.762488	-0.194761	0.063144	0	0	0.662662	0	0	0	0.0855133	-0.018654	-0.119708
2019-01-20 00:00:00	0	-0.249673	0.295185	0	-0.00102191	0	0.00123036	0	0	0	0	0	0	0	-0.534073	-0.194048	0.0630808	0	0	0.652677	0	0	0	0.0853472	-0.0184295	0.100275
2019-01-21 00:00:00	-3.12477	0.884556	0.272795	0	0.00695713	-0.00224851	0.011773	0	0	0	0	0	0	0	0.881368	-0.193716	0.0630682	0	0	0.671057	0	0	0	0.0853652	-0.0185489	-0.462344
2019-01-22 00:00:00	-0.906755	-0.0215744	0.308172	0	-0.000737777	-0.00169075	0.00539609	0	0	0	0	0	0	0	0.154177	-0.193706	0.0630502	0	0	0.715461	0	0	0	0.0855237	-0.0190648	0.18825
2019-01-23 00:00:00	-0.102252	-0.151126	0.253489	0	-0.000732054	-7.46981E-05	0.00157645	0	0	0	0	0	0	0	-0.602012	-0.193406	0.0629729	0	0	0.708216	0	0	0	0.0853717	-0.0189638	0.0430603
2019-01-24 00:00:00	-0.906755	0.131442	0.334874	0	0.000807679	-0.000874871	0.00323581	0	0	0	0	0	0	0	0.184084	-0.192933	0.0628732	0	0	0.698847	0	0	0	0.085279	-0.0188033	0.382076
2019-01-25 00:00:00	-3.42702	0.0161028	0.451477	0	0.000858781	-0.00740356	0.0226758	0	0	0	0	0	0	0	1.28605	-0.193189	0.062927	0	0	0.744931	0	0	0	0.0853206	-0.0196792	-0.976947
2019-01-26 00:00:00	-4.03153	-0.000391981	0.461752	0	-4.94399E-05	-0.00914897	0.0268824	0	0	0	0	0	0	0	1.99409	-0.193567	0.0630189	0	0	0.841698	0	0	0	0.085523	-0.0209435	-0.782662
2019-01-27 00:00:00	0	-0.347456	0.379865	0	-0.00227291	-0.000280092	0.00188345	0	0	0	0	0	0	0	-0.513362	-0.193426	0.0630003	0	0	0.861926	0	0	0	0.0856297	-0.0219967	0.31351
2019-01-28 00:00:00	0	-0.265725	0.31459	0	-0.00114785	0	0.000686917	0	0	0	0	0	0	0	-0.247484	-0.192935	0.0629132	0	0	0.817181	0	0	0	0.0855671	-0.0213438	0.552303
2019-01-29 00:00:00	-2.82252	0.598799	0.362495	0	0.00307035	-0.00401952	0.0135203	0	0	0	0	0	0	0	0.714489	-0.192838	0.0628861	0	0	0.816387	0	0	0	0.0855213	-0.0207785	-0.382985
2019-01-30 00:00:00	0	-0.301357	0.326153	0	-0.00178176	-0.000216095	0.00140008	0	0	0	0	0	0	0	-0.36451	-0.192604	0.0628407	0	0	0.817715	0	0	0	0.085603	-0.0209876	0.412255
2019-01-31 00:00:00	-0.102252	-0.129024	0.257212	0	-0.000618038	0	0.0012208	0	0	0	0	0	0	0	-0.512292	-0.192168	0.0627459	0	0	0.783695	0	0	0	0.0854697	-0.0204508	0.23354
2019-02-01 00:00:00	0	-0.253295	0.30007	0	-0.00106127	0	0.000999091	0	0	0	0	0	0	0	-0.665267	-0.191625	0.0626456	0	0	0.748872	0	0	0	0.0854116	-0.0202868	0.066463
2019-02-02 00:00:00	-1.01351	0.609273	0.325671	0	0.00139529	0	0.00128425	0	0	0	0	0	0	0	-0.325384	-0.19118	0.0625389	0	0	0.733041	0	0	0	0.0852333	-0.0197812	0.268582
2019-02-03 00:00:00	-1.82252	0.0440577	0.4554	0	0.00175247	-0.0025711	0.00950286	0	0	0	0	0	0	0	0.502337	-0.190845	0.0624716	0	0	0.738003	0	0	0	0.0852804	-0.0194142	-0.136543
2019-02-04 00:00:00	-0.609007	-0.011445	0.455278	0	-0.000724364	-0.000401462	0.00234052	0	0	0	0	0	0	0	-0.194263	-0.190513	0.0624223	0	0	0.740297	0	0	0	0.0852315	-0.0196656	0.31955
2019-02-05 00:00:00	-3.54278	-0.00532717	0.448617	0	0.00186712	-0.00765572	0.0225036	0	0	0	0	0	0	0	1.68861	-0.190651	0.0624254	0	0	0.785379	0	0	0	0.0852698	-0.0196874	-0.671434
2019-02-06 00:00:00	-0.302252	-0.20511	0.524675	0	-0.00242138	-0.000255084	0.00189318	0	0	0	0	0	0	0	-0.393715	-0.190436	0.0623987	0	0	0.80129	0	0	0	0.0853472	-0.0206825	0.360732
2019-02-07 00:00:00	-0.506755	0.0285941	0.478128	0	-0.000148484	0	0.00112169	0	0	0	0	0	0	0	-0.485999	-0.190036	0.0620906	0	0	0.770464	0	0	0	0.085251	-0.0202113	0.2225
2019-02-08 00:00:00	-3.13828	0.158011	0.589321	0	0.00225557	-0.00537632	0.0171007	0	0	0	0	0	0	0	1.23218	-0.19002	0.0622035	0	0	0.791296	0	0	0	0.0852299	-0.0201186	-0.416202
2019-02-09 00:00:00	-2.93378	-0.00517036	0.57959	0	-0.00010852	-0.00594903	0.0179743	0	0	0	0	0	0	0	1.22044	-0.190164	0.0622534	0	0	0.847868	0	0	0	0.0853703	-0.021078	-0.342755
2019-02-10 00:00:00	-0.102252	-0.382201	0.533147	0	-0.00270194	-0.00021014	0.00179211	0	0	0	0	0	0	0	-0.458978	-0.189948	0.0622138	0	0	0.843576	0	0	0	0.0854262	-0.0215111	0.368353
2019-02-11 00:00:00	0	-0.41732	0.495201	0	-0.00174613	0	0.00114303	0	0	0	0	0	0	0	-0.579672	-0.189246	0.0621682	0	0	0.802283	0	0	0	0.0853448	-0.0208028	0.237354
2019-02-12 00:00:00	-0.404504	-0.217516	0.671171	0	-0.00110955	0	0.00101043	0	0	0	0	0	0	0	-0.644502	-0.188793	0.0620319	0	0	0.761554	0	0	0	0.0852863	-0.0205484	0.104081
2019-02-13 00:00:00	-0.404504	-0.145914	0.600299	0	-0.00107787	0	0.00111397	0	0	0	0	0	0	0	-0.409348	-0.188174	0.061891	0	0	0.737384	0	0	0	0.0850643	-0.0199626	0.316773
2019-02-14 00:00:00	0	-0.270169	0.638771	0	-0.00645418	0	0.0004956	0	0	0	0	0	0	0	-0.827809	-0.187764	0.0618069	0	0	0.710484	0	0	0	0.0850338	-0.0194872	0.184908
2019-02-15 00:00:00	-0.102252	-0.240349	0.685251	0	-0.00597062	0	0.000307993	0	0	0	0	0	0	0	-0.593403	-0.187235	0.0617298	0	0	0.681871	0	0	0	0.0849542	-0.0189488	0.365956
2019-02-16 00:00:00	-0.102252	-0.0971046	0.679032	0	-0.00727554	0	0.000420105	0	0	0	0	0	0	0	-0.792303	-0.186876	0.0616471	0	0	0.653678	0	0	0	0.0848637	-0.0184702	0.27536
2019-02-17 00:00:00	-0.302252	-0.00339151	0.706737	0	-0.00576122	0	0.000705341	0	0	0	0	0	0	0	-0.893542	-0.186175	0.0615516	0	0	0.626445	0	0	0	0.084799	-0.0178606	0.0712563
2019-02-18 00:00:00	-3.84504	1.73431	0.699577	0	0.0202464	0	0.00277064	0	0	0	0	0	0	0	0.64601	-0.186003	0.0615173	0	0	0.633959	0	0	0	0.0847698	-0.0179519	-0.165831
2019-02-19 00:00:00	-1.61801	0.00147284	0.727808	0	0.00809095	0	0.00322385	0	0	0	0	0	0	0	0.125919	-0.185966	0.0615102	0	0	0.672883	0	0	0	0.0848898	-0.0185276	-0.136711
2019-02-20 00:00:00	-1.31576	-0.0211697	0.768096	0	0.00158729	0	0.0038765	0	0	0	0	0	0	0	-0.0519114	-0.185474	0.0612015	0	0	0.686266	0	0	0	0.0848766	-0.0185403	0.0130466
2019-02-21 00:00:00	0	-0.732477	0.849673	0	-0.00286316	0	0.00132489	0	0	0	0	0	0	0	-0.601303	-0.184537	0.0612128	0	0	0.676597	0	0	0	0.0847594	-0.01844	0.133947
2019-02-22 00:00:00	0	-0.533209	0.893166	0	-0.00649064	0	0.000431757	0	0	0	0	0	0	0	-0.858167	-0.184066	0.0610903	0	0	0.651939	0	0	0	0.084492	-0.0185488	0.0906374
2019-02-23 00:00:00	-0.102252	-0.295925	0.815449	0	-0.00720883	0	0.000415483	0	0	0	0	0	0	0	-0.821675	-0.183803	0.0609704	0	0	0.632216	0	0	0	0.0839259	-0.0180013	0.164113
2019-02-24 00:00:00	-0.102252	-0.152214	0.835678	0	-0.00895671	0	0.000184277	0	0	0	0	0	0	0	-0.994686	-0.183343	0.0609052	0	0	0.60692	0	0	0	0.0838355	-0.0177433	0.128328
2019-02-25 00:00:00	0	-0.0118752	1.37493	0	-0.0177374	0	0	0	0	0	0	0	0	0	-1.39437	-0.182767	0.060849	0	0	0.570099	0	0	0	0.0837605	-0.0170064	0.465881
2019-02-26 00:00:00	-0.102252	-0.0113315	1.45096	0	-0.0137815	0	0	0	0	0	0	0	0	0	-1.48407	-0.182126	0.0606845	0	0	0.525428	0	0	0	0.0837296	-0.0160449	0.311203
2019-02-27 00:00:00	0	-0.0085737	0.986616	0	-0.00421436	0	0	0	0	0	0	0	0	0	-1.21122	-0.181722	0.0606166	0	0	0.499189	0	0	0	0.0835866	-0.0154893	0.208791
2019-02-28 00:00:00	-0.102252	-0.00440113	0.647845	0	-0.000103788	0	0	0	0	0	0	0	0	0	-0.932064	-0.181393	0.0605447	0	0	0.487953	0	0	0	0.0834816	-0.0148225	0.0447875
2019-03-01 00:00:00	-0.804504	0.00287707	0.846539	0	0.000359624	0	0.000156499	0	0	0	0	0	0	0	-0.330256	-0.180954	0.0604612	0	0	0.492971	0	0	0	0.0833885	-0.0149624	0.156077
2019-03-02 00:00:00	-1.91126	0.845402	0.959149	0	2.52395E-05	0	0.00127769	0	0	0	0	0	0	0	-0.313951	-0.180671	0.060402	0	0	0.50411	0	0	0	0.0832057	-0.0152732	0.0324174
2019-03-03 00:00:00	-5.03153	0.850407	0.841067	0	0.0287678	0	0.00473316	0	0	0	0	0	0	0	1.86984	-0.180827	0.060427	0	0	0.568012	0	0	0	0.0833142	-0.0160551	-0.921843
2019-03-04 00:00:00	-9.3608	0.0261957	0.834262	0	0.0358366	-0.0131738	0.0439155	0	0	0	0	0	0	0	5.33963	-0.181923	0.0606574	0	0	0.770494	0	0	0	0.083861	-0.0192826	-2.38032
2019-03-05 00:00:00	-2.31576	-0.00962099	0.821315	0	-0.00208386	-0.00396115	0.0129481	0	0	0	0	0	0	0	0.573944	-0.182478	0.060789	0	0	0.913502	0	0	0	0.084276	-0.0225667	-0.0697003
2019-03-06 00:00:00	-10.5698	-0.00254126	0.905153	0	0.0027831	-0.024548	0.0697349	0	0	0	0	0	0	0	6.09123	-0.183617	0.0610324	0	0	1.07456	0	0	0	0.0846629	-0.024815	-2.51617
2019-03-07 00:00:00	-5.13378	0.00892149	0.901613	0	-0.00211236	-0.0109341	0.032576	0	0	0	0	0	0	0	2.30526	-0.184591	0.0612559	0	0	1.24298	0	0	0	0.0853387	-0.0278857	-0.721353
2019-03-08 00:00:00	-4.02702	-0.0137654	0.789571	0	5.05093E-05	-0.00822356	0.0246238	0	0	0	0	0	0	0	1.69267	-0.184992	0.0613464	0	0	1.2774	0	0	0	0.0856839	-0.0284597	-0.331114
2019-03-09 00:00:00	-1.20901	-0.0188549	0.895244	0	-0.00138576	-0.000751316	0.00391581	0	0	0	0	0	0	0	-0.213591	-0.184875	0.0613208	0	0	1.22309	0	0	0	0.0858353	-0.0282213	0.61272
2019-03-10 00:00:00	-4.52927	0.00321354	0.825173	0	0.00183248	-0.00908493	0.0270801	0	0	0	0	0	0	0	2.03787	-0.185144	0.0613645	0	0	1.21085	0	0	0	0.0859257	-0.0273039	-0.497491
2019-03-11 00:00:00	-1.40901	-0.0100559	0.955262	0	-0.00172186	-0.00107237	0.0050313	0	0	0	0	0	0	0	-0.0779467	-0.185054	0.0613442	0	0	1.17524	0	0	0	0.0861085	-0.0275335	0.570599
2019-03-12 00:00:00	-24.1595	0.00636683	0.996313	0	0.00749708	-0.0598158	0.167099	0	0	0	0	0	0	0	14.5638	-0.188136	0.0619566	0	0	1.61264	0	0	0	0.0870382	-0.030908	-6.93565
2019-03-13 00:00:00	-5.17748	-0.00318042	1.10706	0	-0.00581243	-0.0109922	0.0335557	0	0	0	0	0	0	0	2.09069	-0.189777	0.0623089	0	0	1.92499	0	0	0	0.0886401	-0.0382411	-0.118238
2019-03-14 00:00:00	-15.155	0.00652925	1.11526	0	0.00224789	-0.0362621	0.102804	0	0	0	0	0	0	0	8.39131	-0.191633	0.0626803	0	0	2.14657	0	0	0	0.0894992	-0.0387962	-3.50476
2019-03-15 00:00:00	-5.78649	-0.0164833	1.08385	0	-0.00188352	-0.0123928	0.0368595	0	0	0	0	0	0	0	2.47761	-0.192634	0.0628988	0	0	2.2613	0	0	0	0.0906267	-0.0417905	-0.0385159
2019-03-16 00:00:00	-20.2964	0.00423046	0.936589	0	0.00692199	-0.0503734	0.141494	0	0	0	0	0	0	0	11.4702	-0.195074	0.0634063	0	0	2.66336	0	0	0	0.0917858	-0.0442375	-5.20815
2019-03-17 00:00:00	-0.786489	-0.159134	0.97407	0	-0.0100971	-0.000840217	0.00405003	0	0	0	0	0	0	0	-0.352392	-0.195672	0.0635631	0	0	2.73458	0	0	0	0.0930666	-0.0470077	2.31769
2019-03-18 00:00:00	-0.395496	-0.492746	0.989753	0	-0.00236472	0	0.00159488	0	0	0	0	0	0	0	-0.63103	-0.195218	0.0634441	0	0	2.37892	0	0	0	0.0930868	-0.0432702	1.76668
2019-03-19 00:00:00	-0.590993	-0.450996	1.23318	0	-0.00375396	0	0.00119001	0	0	0	0	0	0	0	-0.741194	-0.194838	0.0633373	0	0	2.07995	0	0	0	0.0931537	-0.0400074	1.44903
2019-03-20 00:00:00	-0.2	-0.494601	1.3485	0	-0.0115783	0	0.000438898	0	0	0	0	0	0	0	-1.13751	-0.194486	0.0632393	0	0	1.8264	0	0	0	0.0931688	-0.0371179	1.25645
2019-03-21 00:00:00	-0.804504	-0.0558859	1.39944	0	-0.00816554	0	0.000640786	0	0	0	0	0	0	0	-0.898838	-0.19408	0.0631347	0	0	1.58614	0	0	0	0.0931209	-0.0352138	1.14579
2019-03-22 00:00:00	-2.01351	0.598692	1.35884	0	0.00099993	0	0.00138607	0	0	0	0	0	0	0	-0.431145	-0.193804	0.0630702	0	0	1.44251	0	0	0	0.0931365	-0.0320371	0.888143
2019-03-23 00:00:00	0	-0.603436	1.14315	0	-0.00790661	0	0.000800126	0	0	0	0	0	0	0	-0.821288	-0.193401	0.0629835	0	0	1.28753	0	0	0	0.0931154	-0.0300317	0.93152
2019-03-24 00:00:00	-0.502252	-0.00593263	1.12731	0	-0.00622381	0	0.000775704	0	0	0	0	0	0	0	-0.922788	-0.193094	0.0629153	0	0	1.16125	0	0	0	0.0931059	-0.0274015	0.787669
2019-03-25 00:00:00	0	-0.00945852	1.05411	0	-0.0109161	0	1.09463E-06	0	0	0	0	0	0	0	-1.23013	-0.192704	0.0628267	0	0	1.02658	0	0	0	0.0930885	-0.0258719	0.767526
2019-03-26 00:00:00	-0.00450358	-0.0096297	1.1869	0	-0.00997803	0	0.000315329	0	0	0	0	0	0	0	-1.6004	-0.192263	0.0627261	0	0	0.898836	0	0	0	0.0929648	-0.024605	0.400369
2019-03-27 00:00:00	0	-0.0111313	1.23616	0	-0.00090465	0	0.000297461	0	0	0	0	0	0	0	-1.13664	-0.192073	0.0626825	0	0	0.836022	0	0	0	0.0929156	-0.022043	0.865286
2019-03-28 00:00:00	0	-0.0115451	1.28101	0	-0.000195661	0	1.49886E-05	0	0	0	0	0	0	0	-1.36953	-0.191725	0.0626085	0	0	0.754116	0	0	0	0.0928826	-0.0202897	0.597343
2019-03-29 00:00:00	0	-0.00372794	1.28141	0	-6.9212E-05	0	0	0	0	0	0	0	0	0	-1.3518	-0.19134	0.0625243	0	0	0.680722	0	0	0	0.0927413	-0.0190745	0.551395
2019-03-30 00:00:00	0	0	1.18507	0	-0.00075751	0	0	0	0	0	0	0	0	0	-0.811525	-0.190851	0.0624232	0	0	0.620126	0	0	0	0.0925286	-0.0183082	0.938709
2019-03-31 00:00:00	0	0	1.12281	0	0.00100344	0	0.000194406	0	0	0	0	0	0	0	-1.67759	-0.190661	0.0623771	0	0	0.587696	0	0	0	0.0926694	-0.0174283	-0.0189299
2019-04-01 00:00:00	-0.102252	0	1.0795	0	-4.37178E-05	0	1.58029E-05	0	0	0	0	0	0	0	-0.852726	-0.190332	0.0623069	0	0	0.559753	0	0	0	0.0922818	-0.0165557	0.631947
2019-04-02 00:00:00	-5.34278	1.62531	1.28045	0	9.79824E-05	0	0.00474023	0	0	0	0	0	0	0	1.33309	-0.190371	0.0623093	0	0	0.587723	0	0	0	0.0922959	-0.0164316	-0.563566
2019-04-03 00:00:00	-11.7968	0.0555132	1.26056	0	0.0652943	-0.000434326	0.0211767	0	0	0	0	0	0	0	6.43906	-0.19165	0.0625748	0	0	0.830884	0	0	0	0.0928551	-0.0196147	-3.18061
2019-04-04 00:00:00	-4.84053	0.0134428	1.37306	0	-0.00228891	-0.00869627	0.0275278	0	0	0	0	0	0	0	1.80638	-0.192426	0.0627544	0	0	1.05016	0	0	0	0.0933567	-0.0247871	-0.64206
2019-04-05 00:00:00	0	-1.08228	1.44901	0	-0.00892666	-0.000185521	0.00154684	0	0	0	0	0	0	0	-0.667828	-0.192223	0.0627183	0	0	1.0353	0	0	0	0.0934157	-0.025475	0.66508
2019-04-06 00:00:00	-0.906755	-0.198477	1.33593	0	-0.00439481	0	0.00121116	0	0	0	0	0	0	0	-0.526981	-0.191888	0.0626364	0	0	0.955116	0	0	0	0.0932633	-0.0241692	0.595487
2019-04-07 00:00:00	-0.302252	-0.333751	1.0677	0	-0.00776924	0	0.000700351	0	0	0	0	0	0	0	-0.930706	-0.191467	0.0625356	0	0	0.876859	0	0	0	0.0932531	-0.0228907	0.312213
2019-04-08 00:00:00	0	-0.0219338	1.38142	0	-0.0193974	0	0	0	0	0	0	0	0	0	-1.32399	-0.191188	0.0624638	0	0	0.803677	0	0	0	0.0930488	-0.0213139	0.762783
2019-04-09 00:00:00	0	-0.0114628	1.27534	0	-0.0128796	0	0.000110447	0	0	0	0	0	0	0	-1.39682	-0.190785	0.0623738	0	0	0.723323	0	0	0	0.0929692	-0.0199656	0.522202
2019-04-10 00:00:00	-0.102252	-0.0131449	1.59854	0	-0.00982774	0	0	0	0	0	0	0	0	0	-1.30956	-0.190499	0.062318	0	0	0.66838	0	0	0	0.0928236	-0.0186382	0.778139
2019-04-11 00:00:00	0	-0.0169836	1.87886	0	-0.000290776	0	0	0	0	0	0	0	0	0	-1.88633	-0.190079	0.0621997	0	0	0.583403	0	0	0	0.092744	-0.0179299	0.505592
2019-04-12 00:00:00	0	-0.0128477	1.41909	0	-0.000465081	0	0	0	0	0	0	0	0	0	-1.22691	-0.189886	0.0621627	0	0	0.54959	0	0	0	0.0927304	-0.0163811	0.677083
2019-04-13 00:00:00	0	-0.00338436	1.21335	0	-0.000842505	0	0	0	0	0	0	0	0	0	-0.837923	-0.189378	0.0620495	0	0	0.508618	0	0	0	0.092491	-0.0157893	0.829197
2019-04-14 00:00:00	0	0	1.29941	0	-4.39297E-05	0	0	0	0	0	0	0	0	0	-1.58637	-0.189094	0.0619871	0	0	0.482216	0	0	0	0.0926235	-0.0151048	0.145625
2019-04-15 00:00:00	0	0	1.3947	0	-0.000150738	0	0	0	0	0	0	0	0	0	-1.31235	-0.188803	0.0619125	0	0	0.458586	0	0	0	0.0922216	-0.0145775	0.491542
2019-04-16 00:00:00	0	0	1.58691	0	-0.000348031	0	0	0	0	0	0	0	0	0	-1.51342	-0.188269	0.0618368	0	0	0.433334	0	0	0	0.092057	-0.0141499	0.457949
2019-04-17 00:00:00	0	0	1.67582	0	-0.000409523	0	0	0	0	0	0	0	0	0	-1.56125	-0.187947	0.0617625	0	0	0.40953	0	0	0	0.0918957	-0.0136961	0.47571
2019-04-18 00:00:00	0	0	2.6124	0	-0.00142312	0	0	0	0	0	0	0	0	0	-2.29647	-0.187551	0.0616924	0	0	0.368234	0	0	0	0.0917328	-0.0132939	0.635316
2019-04-19 00:00:00	0	0	3.66756	0	-0.00096455	0	0	0	0	0	0	0	0	0	-3.20056	-0.187215	0.0616236	0	0	0.306572	0	0	0	0.091622	-0.0123395	0.726298
2019-04-20 00:00:00	0	0	3.30835	0	-7.55981E-05	0	0	0	0	0	0	0	0	0	-2.79392	-0.186826	0.0615516	0	0	0.257613	0	0	0	0.0915126	-0.0112881	0.726918
2019-04-21 00:00:00	0	0	2.12507	0	0	0	0	0	0	0	0	0	0	0	-1.70441	-0.186421	0.0614747	0	0	0.238358	0	0	0	0.0913773	-0.0105281	0.61492
2019-04-22 00:00:00	0	0	3.6454	0	0	0	0	0	0	0	0	0	0	0	-3.14186	-0.186064	0.0614032	0	0	0.202302	0	0	0	0.0912036	-0.0102391	0.662146
2019-04-23 00:00:00	0	0	1.72432	0	0	0	0	0	0	0	0	0	0	0	-1.5222	-0.185638	0.0613217	0	0	0.195407	0	0	0	0.0910479	-0.00966381	0.354595
2019-04-24 00:00:00	0	0	1.59067	0	0	0	0	0	0	0	0	0	0	0	-1.41732	-0.185197	0.0612432	0	0	0.200937	0	0	0	0.0908585	-0.00956773	0.331617
2019-04-25 00:00:00	-2.43603	0.291778	2.08841	0	-8.19779E-11	0	0	0	0	0	0	0	0	0	-0.161098	-0.184994	0.0611727	0	0	0.235062	0	0	0	0.0906498	-0.00964796	-0.0246915
2019-04-26 00:00:00	-2.59099	0.426056	2.07223	0	0.000118355	0	0	0	0	0	0	0	0	0	-0.141227	-0.184784	0.061128	0	0	0.262074	0	0	0	0.0903779	-0.0103672	-0.0153829
2019-04-27 00:00:00	-10.3099	0.925992	1.98508	0	0.00502813	0	0.00223151	0	0	0	0	0	0	0	4.86432	-0.185528	0.0612485	0	0	0.394439	0	0	0	0.0905789	-0.0117576	-2.17829
2019-04-28 00:00:00	-1.0045	-0.994247	2.18324	0	5.96352E-05	0	0.000162771	0	0	0	0	0	0	0	-0.485509	-0.185625	0.061262	0	0	0.50496	0	0	0	0.0909561	-0.0145253	0.156231
2019-04-29 00:00:00	-0.195496	-0.646661	2.4547	0	-0.00130075	0	0	0	0	0	0	0	0	0	-1.63271	-0.185293	0.0611872	0	0	0.491746	0	0	0	0.0907459	-0.0148019	0.422118
2019-04-30 00:00:00	0	-0.00291015	2.29045	0	-0.000592631	0	0	0	0	0	0	0	0	0	-2.33285	-0.184816	0.0610763	0	0	0.431451	0	0	0	0.0905999	-0.0144324	0.337972
2019-05-01 00:00:00	-0.8	0	1.9148	0	-0.000187747	0	0	0	0	0	0	0	0	0	-0.948809	-0.183987	0.0610351	0	0	0.413847	0	0	0	0.0905555	-0.0134821	0.533776
2019-05-02 00:00:00	-0.6	0	1.84799	0	-0.000948504	0	0	0	0	0	0	0	0	0	-0.921263	-0.183606	0.060923	0	0	0.397233	0	0	0	0.09031	-0.0132441	0.677397
2019-05-03 00:00:00	-0.604504	0	1.65442	0	0.000126894	0	0	0	0	0	0	0	0	0	-1.40258	-0.183514	0.0608609	0	0	0.385997	0	0	0	0.0903949	-0.0129754	-0.0117741
2019-05-04 00:00:00	-0.790993	0	1.75266	0	0.000206607	0	0	0	0	0	0	0	0	0	-1.09845	-0.182954	0.0607993	0	0	0.381325	0	0	0	0.0899788	-0.0126764	0.1999
2019-05-05 00:00:00	0	0	1.57539	0	0.000284058	0	0	0	0	0	0	0	0	0	-1.58749	-0.182523	0.0607333	0	0	0.371012	0	0	0	0.0897047	-0.0124636	0.314642
2019-05-06 00:00:00	-0.586489	0	1.59566	0	0.000231908	0	0	0	0	0	0	0	0	0	-1.11805	-0.181759	0.0606311	0	0	0.359396	0	0	0	0.0896269	-0.0122193	0.207029
2019-05-07 00:00:00	-4.17298	1.33224	1.81935	0	0.00171308	0	0	0	0	0	0	0	0	0	0.580896	-0.181666	0.0605104	0	0	0.402472	0	0	0	0.0892809	-0.0121183	-0.080299
2019-05-08 00:00:00	-9.34596	0.334273	2.05892	0	0.000597248	0	0.00807726	0	0	0	0	0	0	0	4.31857	-0.182523	0.0606602	0	0	0.51511	0	0	0	0.0897695	-0.0141972	-2.1567
2019-05-09 00:00:00	-1.61126	-0.29154	1.97425	0	-8.07938E-05	0	0.00157624	0	0	0	0	0	0	0	-0.374037	-0.182631	0.0606808	0	0	0.608821	0	0	0	0.0899766	-0.0170952	0.258664
2019-05-10 00:00:00	-14.8653	0.365741	2.15822	0	0.0639431	0	0.0304173	0	0	0	0	0	0	0	8.05381	-0.183968	0.0609457	0	0	0.791654	0	0	0	0.090348	-0.0190582	-3.45324
2019-05-11 00:00:00	-1.17298	-0.875646	2.2378	0	-0.00701438	0	0.0029393	0	0	0	0	0	0	0	-0.563394	-0.184504	0.0610677	0	0	0.931575	0	0	0	0.0909197	-0.0231319	0.497629
2019-05-12 00:00:00	0	-0.823128	4.01108	0	-0.0465338	0	7.16772E-05	0	0	0	0	0	0	0	-2.9606	-0.184099	0.0609746	0	0	0.822041	0	0	0	0.0908259	-0.0216787	0.948954
2019-05-13 00:00:00	0	-0.0340006	3.7909	0	-0.0143724	0	0	0	0	0	0	0	0	0	-3.64261	-0.183488	0.060844	0	0	0.63197	0	0	0	0.0908276	-0.0198103	0.680259
2019-05-14 00:00:00	0	-0.00793847	4.37352	0	-0.00117954	0	0	0	0	0	0	0	0	0	-3.02144	-0.183082	0.0607528	0	0	0.489441	0	0	0	0.0906725	-0.0176823	1.78307
2019-05-15 00:00:00	0	0	3.86221	0	0	0	0	0	0	0	0	0	0	0	-3.57162	-0.18279	0.0606901	0	0	0.380423	0	0	0	0.0910295	-0.0146954	0.625248
2019-05-16 00:00:00	0	0	1.95775	0	0	0	0	0	0	0	0	0	0	0	-1.63417	-0.182438	0.0606065	0	0	0.331609	0	0	0	0.0906497	-0.0126173	0.61139
2019-05-17 00:00:00	-0.395496	0	2.01854	0	0	0	0	0	0	0	0	0	0	0	-1.48455	-0.182087	0.0605276	0	0	0.310454	0	0	0	0.09049	-0.0117445	0.406141
2019-05-18 00:00:00	-3.8045	0.967305	2.41845	0	0.000266549	0	0	0	0	0	0	0	0	0	0.110636	-0.181715	0.0604682	0	0	0.338268	0	0	0	0.0902904	-0.0113982	-0.0119366
2019-05-19 00:00:00	-0.2	-0.967305	2.28781	0	-0.000266549	0	0	0	0	0	0	0	0	0	-1.18731	-0.181293	0.060392	0	0	0.34264	0	0	0	0.090236	-0.011826	0.233076
2019-05-20 00:00:00	0	0	2.08138	0	0	0	0	0	0	0	0	0	0	0	-2.08205	-0.181049	0.0600857	0	0	0.314434	0	0	0	0.0899699	-0.0119077	0.270865
2019-05-21 00:00:00	0	0	2.0337	0	0	0	0	0	0	0	0	0	0	0	-1.96514	-0.180644	0.059924	0	0	0.2874	0	0	0	0.0897873	-0.0114396	0.31358
2019-05-22 00:00:00	0	0	1.97635	0	0	0	0	0	0	0	0	0	0	0	-1.85387	-0.180286	0.0598614	0	0	0.265354	0	0	0	0.0895856	-0.0110106	0.345988
2019-05-23 00:00:00	0	0	1.86044	0	0	0	0	0	0	0	0	0	0	0	-1.76799	-0.179949	0.0598034	0	0	0.24905	0	0	0	0.0893842	-0.0106603	0.300076
2019-05-24 00:00:00	0	0	1.94473	0	0	0	0	0	0	0	0	0	0	0	-1.8489	-0.179431	0.0596139	0	0	0.232934	0	0	0	0.0891743	-0.010403	0.287714
2019-05-25 00:00:00	-3.98649	1.08276	2.55555	0	5.41257E-08	0	0	0	0	0	0	0	0	0	-0.304832	-0.179063	0.059596	0	0	0.261098	0	0	0	0.0889574	-0.010178	-0.432602
2019-05-26 00:00:00	-5.82252	0.535385	3.00408	0	0.00231247	0	0	0	0	0	0	0	0	0	1.5534	-0.179343	0.0595995	0	0	0.315961	0	0	0	0.0888652	-0.0109014	-0.453152
2019-05-27 00:00:00	-2.01801	-0.506863	2.63415	0	-1.9789E-06	0	0	0	0	0	0	0	0	0	-0.424168	-0.179175	0.0595496	0	0	0.365068	0	0	0	0.0888613	-0.0119889	0.00742055
2019-05-28 00:00:00	-3.39099	0.641932	2.40955	0	0.000354498	0	0	0	0	0	0	0	0	0	-0.160004	-0.178871	0.05949	0	0	0.38818	0	0	0	0.0885794	-0.0125005	-0.154285
2019-05-29 00:00:00	-3.00901	-0.0264999	2.51293	0	0.000552753	0	0	0	0	0	0	0	0	0	0.161279	-0.178658	0.0594414	0	0	0.421231	0	0	0	0.0883964	-0.013169	0.0164942
2019-05-30 00:00:00	-12.4585	0.0931949	3.06584	0	0.00249542	0	0.00597499	0	0	0	0	0	0	0	6.18806	-0.179648	0.0596332	0	0	0.569099	0	0	0	0.0885674	-0.0152366	-2.58057
2019-05-31 00:00:00	-5.58649	-0.0118778	3.15505	0	0.0184133	0	0.00353934	0	0	0	0	0	0	0	1.32292	-0.180255	0.059763	0	0	0.719244	0	0	0	0.0890428	-0.0186964	-0.429346
2019-06-01 00:00:00	-0.195496	-1.7268	2.96393	0	-0.0099385	0	0.000305836	0	0	0	0	0	0	0	-1.36089	-0.180019	0.0597141	0	0	0.710745	0	0	0	0.0890319	-0.0191215	0.331463
2019-06-02 00:00:00	-0.8	-0.0348188	2.90764	0	-0.0110675	0	0	0	0	0	0	0	0	0	-1.84018	-0.17965	0.0596276	0	0	0.626805	0	0	0	0.0888595	-0.0182823	0.798931
2019-06-03 00:00:00	-1.85855	0.0237058	2.8154	0	0.000509327	0	0	0	0	0	0	0	0	0	-1.11264	-0.179308	0.0595517	0	0	0.568008	0	0	0	0.0887279	-0.017029	0.388388
2019-06-04 00:00:00	-9.34145	1.78341	2.9862	0	0.0280169	0	0.00474853	0	0	0	0	0	0	0	3.008	-0.179643	0.0596019	0	0	0.615446	0	0	0	0.088675	-0.0166953	-0.963685
2019-06-05 00:00:00	-8.06305	0.0125173	2.94437	0	0.0340999	0	0.0189204	0	0	0	0	0	0	0	3.19596	-0.180325	0.0597352	0	0	0.746805	0	0	0	0.0891877	-0.0190476	-1.16084
2019-06-06 00:00:00	-0.195496	-1.68314	2.77513	0	-0.0184067	0	0.0011758	0	0	0	0	0	0	0	-1.1333	-0.180341	0.0597398	0	0	0.779411	0	0	0	0.0892839	-0.0201508	0.473909
2019-06-07 00:00:00	-4.81801	0.581427	4.22084	0	0.000683391	0	0.000664797	0	0	0	0	0	0	0	-0.24075	-0.179931	0.0596619	0	0	0.722609	0	0	0	0.0891123	-0.019394	0.416912
2019-06-08 00:00:00	-8.57748	1.11811	2.92801	0	0.0207037	-0.00345324	0.0241385	0	0	0	0	0	0	0	2.74165	-0.180171	0.0597096	0	0	0.759428	0	0	0	0.0891871	-0.0193218	-1.03949
2019-06-09 00:00:00	-1	-1.37671	2.81496	0	-0.0107742	-0.000308813	0.00181098	0	0	0	0	0	0	0	-0.688969	-0.180203	0.059715	0	0	0.793289	0	0	0	0.0893508	-0.0203474	0.481812
2019-06-10 00:00:00	0	-0.454457	3.01537	0	-0.0384724	0	0	0	0	0	0	0	0	0	-2.68012	-0.17977	0.0596008	0	0	0.679056	0	0	0	0.0892358	-0.0197562	0.470684
2019-06-11 00:00:00	0	-0.020564	2.32494	0	-0.0185372	0	0	0	0	0	0	0	0	0	-1.47621	-0.178865	0.0595412	0	0	0.576469	0	0	0	0.0889487	-0.0183734	1.33734
2019-06-12 00:00:00	-8.21801	1.85054	2.514	0	0.0410195	0	0.00205785	0	0	0	0	0	0	0	2.02675	-0.179326	0.0596185	0	0	0.627224	0	0	0	0.0892425	-0.016841	-1.20373
2019-06-13 00:00:00	-12.3293	0.00862278	2.72761	0	0.0282492	-0.0184134	0.0560661	0	0	0	0	0	0	0	6.26286	-0.180506	0.0598484	0	0	0.821763	0	0	0	0.0896476	-0.0197329	-2.49325
2019-06-14 00:00:00	0	-1.73808	2.66996	0	-0.0210029	-0.00041146	0.00216426	0	0	0	0	0	0	0	-1.13626	-0.180826	0.0599127	0	0	0.911182	0	0	0	0.0899692	-0.0226703	0.633936
2019-06-15 00:00:00	-0.2	-0.101868	2.68439	0	-0.0331317	0	0	0	0	0	0	0	0	0	-2.35317	-0.180392	0.0598083	0	0	0.77976	0	0	0	0.0899019	-0.0212048	0.724098
2019-06-16 00:00:00	-1.6045	-0.0142149	3.14524	0	-0.0109856	0	0	0	0	0	0	0	0	0	-1.5558	-0.179969	0.0597185	0	0	0.679013	0	0	0	0.0897326	-0.019404	0.588826
2019-06-17 00:00:00	-0.2	-0.0217936	2.64037	0	-0.00312998	0	0	0	0	0	0	0	0	0	-2.29501	-0.179329	0.0596122	0	0	0.577588	0	0	0	0.0894795	-0.0182692	0.649515
2019-06-18 00:00:00	0	-0.0139292	2.49383	0	-0.00196771	0	0	0	0	0	0	0	0	0	-1.63654	-0.179351	0.0595214	0	0	0.49495	0	0	0	0.0896087	-0.0166401	1.28949
2019-06-19 00:00:00	0	0	2.69903	0	-8.27575E-05	0	0	0	0	0	0	0	0	0	-2.74121	-0.178999	0.0594585	0	0	0.419846	0	0	0	0.0897013	-0.0148227	0.332924
2019-06-20 00:00:00	-2.70676	0.00111668	2.90155	0	4.23177E-05	0	0	0	0	0	0	0	0	0	-0.326509	-0.178653	0.0593838	0	0	0.412335	0	0	0	0.0892618	-0.0134885	0.238287
2019-06-21 00:00:00	0	-0.00111668	2.3827	0	-4.23175E-05	0	0	0	0	0	0	0	0	0	-2.26232	-0.178341	0.0593069	0	0	0.370833	0	0	0	0.0890494	-0.0133742	0.446696
2019-06-22 00:00:00	0	0	3.30638	0	0	0	0	0	0	0	0	0	0	0	-2.89203	-0.177882	0.0592372	0	0	0.304897	0	0	0	0.0888877	-0.0124115	0.677087
2019-06-23 00:00:00	0	0	2.94155	0	0	0	0	0	0	0	0	0	0	0	-2.53057	-0.176701	0.0591517	0	0	0.253609	0	0	0	0.0887366	-0.0112835	0.624488
2019-06-24 00:00:00	-0.746776	0.0906882	2.17434	0	5.88079E-07	0	0	0	0	0	0	0	0	0	-1.6152	-0.176799	0.0591225	0	0	0.237927	0	0	0	0.0884814	-0.010386	0.101396
2019-06-25 00:00:00	0	-0.0467567	2.34351	0	0	0	0	0	0	0	0	0	0	0	-2.00674	-0.176447	0.0590539	0	0	0.224598	0	0	0	0.0882727	-0.0100757	0.475409
2019-06-26 00:00:00	0	-0.0326246	3.81458	0	0	0	0	0	0	0	0	0	0	0	-3.30769	-0.176082	0.0589038	0	0	0.179208	0	0	0	0.0881373	-0.00982647	0.614602
2019-06-27 00:00:00	0	-0.011307	3.80713	0	0	0	0	0	0	0	0	0	0	0	-3.10512	-0.175405	0.0587299	0	0	0.139481	0	0	0	0.0878323	-0.00913839	0.792196
2019-06-28 00:00:00	0	0	4.09151	0	0	0	0	0	0	0	0	0	0	0	-3.75831	-0.175256	0.0586741	0	0	0.100924	0	0	0	0.0880162	-0.00856974	0.396986
2019-06-29 00:00:00	-3.77748	0.0782562	3.64516	0	9.07051E-11	0	0	0	0	0	0	0	0	0	-0.00490317	-0.174806	0.0585814	0	0	0.120211	0	0	0	0.0872465	-0.00780958	0.024458
2019-06-30 00:00:00	-1.96847	-0.0782562	3.12744	0	0	0	0	0	0	0	0	0	0	0	-1.19791	-0.174296	0.0584719	0	0	0.138887	0	0	0	0.0870668	-0.00820693	-0.0152816
2019-07-01 00:00:00	-0.813511	0	2.6534	0	0	0	0	0	0	0	0	0	0	0	-1.77083	-0.174286	0.0584109	0	0	0.143553	0	0	0	0.086801	-0.00855968	0.174975
2019-07-02 00:00:00	0	0	2.26685	0	0	0	0	0	0	0	0	0	0	0	-2.56304	-0.173768	0.0583141	0	0	0.138786	0	0	0	0.0865516	-0.00863191	-0.194934
2019-07-03 00:00:00	0	0	2.84764	0	0	0	0	0	0	0	0	0	0	0	-2.21957	-0.173165	0.0580548	0	0	0.130593	0	0	0	0.0862079	-0.00850495	0.721253
2019-07-04 00:00:00	-0.395496	0	2.46076	0	0	0	0	0	0	0	0	0	0	0	-2.19893	-0.172817	0.0580062	0	0	0.121301	0	0	0	0.0863833	-0.00839939	-0.0491966
2019-07-05 00:00:00	-1.3955	0	2.86722	0	0	0	0	0	0	0	0	0	0	0	-1.45814	-0.172224	0.0579099	0	0	0.127206	0	0	0	0.085921	-0.00820958	0.104184
2019-07-06 00:00:00	0	0	2.32308	0	0	0	0	0	0	0	0	0	0	0	-2.21036	-0.172095	0.0577751	0	0	0.123894	0	0	0	0.0856901	-0.00832376	0.199661
2019-07-07 00:00:00	0	0	2.25207	0	0	0	0	0	0	0	0	0	0	0	-2.3204	-0.171672	0.057686	0	0	0.119081	0	0	0	0.0854742	-0.00825144	0.0139889
2019-07-08 00:00:00	0	0	2.89542	0	0	0	0	0	0	0	0	0	0	0	-2.73811	-0.170642	0.0576185	0	0	0.106297	0	0	0	0.0852602	-0.00815483	0.227687
2019-07-09 00:00:00	-8.56397	1.7669	3.37173	0	-8.29786E-09	0	0	0	0	0	0	0	0	0	2.24055	-0.170852	0.0576473	0	0	0.166088	0	0	0	0.0848381	-0.00788869	-1.05495
2019-07-10 00:00:00	-13.564	0.288093	3.70022	0	-2.31698E-05	0	0	0	0	0	0	0	0	0	7.25833	-0.171615	0.0577804	0	0	0.28024	0	0	0	0.0852368	-0.00998814	-2.0757
2019-07-11 00:00:00	-14.5793	0.0395433	3.49302	0	0.0699639	-0.00771599	0.0114172	0	0	0	0	0	0	0	7.77591	-0.172816	0.0580096	0	0	0.507757	0	0	0	0.085931	-0.0139268	-2.73223
2019-07-12 00:00:00	-1.37748	-1.6455	3.46965	0	-0.0121156	-0.000536906	0.00153543	0	0	0	0	0	0	0	-0.581841	-0.17296	0.0580322	0	0	0.605421	0	0	0	0.0863695	-0.0173329	0.413241
2019-07-13 00:00:00	-5.35496	1.41562	3.42547	0	0.00696451	0	0.000450214	0	0	0	0	0	0	0	-0.271922	-0.172708	0.0579599	0	0	0.584262	0	0	0	0.0862306	-0.0170792	-0.239717
2019-07-14 00:00:00	-0.195496	-1.83574	3.17117	0	-0.0222013	0	6.85196E-05	0	0	0	0	0	0	0	-0.996833	-0.172444	0.0579112	0	0	0.561898	0	0	0	0.086191	-0.0165763	0.637954
2019-07-15 00:00:00	0	-0.0232891	3.45526	0	-0.0392165	0	0	0	0	0	0	0	0	0	-2.78331	-0.171934	0.0577992	0	0	0.460085	0	0	0	0.0860277	-0.0160637	1.02537
2019-07-16 00:00:00	-0.790993	-0.00340321	3.14461	0	-0.00329155	0	0	0	0	0	0	0	0	0	-2.34878	-0.171703	0.0576996	0	0	0.403401	0	0	0	0.0861019	-0.0142645	0.35937
2019-07-17 00:00:00	-3.17748	-0.000830285	3.43655	0	2.64409E-05	0	0	0	0	0	0	0	0	0	-0.398926	-0.171335	0.0576363	0	0	0.395928	0	0	0	0.0857541	-0.0132811	0.214041
2019-07-18 00:00:00	-0.595496	-0.00138147	2.80019	0	-2.64409E-05	0	0	0	0	0	0	0	0	0	-2.1608	-0.171153	0.057581	0	0	0.36123	0	0	0	0.0855943	-0.0131548	0.362576
2019-07-19 00:00:00	-0.225179	0.0616111	2.59156	0	-1.27301E-10	0	0	0	0	0	0	0	0	0	-2.28571	-0.170891	0.0574952	0	0	0.317755	0	0	0	0.0854246	-0.0122905	0.419769
2019-07-20 00:00:00	-3.20901	0.0107581	3.32424	0	-9.25418E-07	0	0	0	0	0	0	0	0	0	-0.49778	-0.17053	0.0574783	0	0	0.318531	0	0	0	0.085193	-0.0115183	-0.0926352
2019-07-21 00:00:00	-5.71576	1.93093	3.27952	0	0.000305887	0	0	0	0	0	0	0	0	0	0.14631	-0.169992	0.0574492	0	0	0.337472	0	0	0	0.0849988	-0.0117341	-0.0604975
2019-07-22 00:00:00	-0.702252	-1.97751	3.58838	0	-0.000305069	0	0	0	0	0	0	0	0	0	-1.05897	-0.169788	0.0573187	0	0	0.353146	0	0	0	0.0848849	-0.0120881	0.162812
2019-07-23 00:00:00	0	-0.0218838	2.89406	0	0	0	0	0	0	0	0	0	0	0	-2.97939	-0.169399	0.0571938	0	0	0.303318	0	0	0	0.0847489	-0.0119997	0.156648
2019-07-24 00:00:00	-8.52477	1.86742	3.77698	0	0.00255404	0	0	0	0	0	0	0	0	0	2.252	-0.168582	0.0572108	0	0	0.361714	0	0	0	0.0844467	-0.0112064	-0.302224
2019-07-25 00:00:00	-0.502252	-1.86758	4.51263	0	-0.00255484	0	0	0	0	0	0	0	0	0	-2.13621	-0.168169	0.0571346	0	0	0.337211	0	0	0	0.0849949	-0.0122058	0.303003
2019-07-26 00:00:00	-0.702252	-0.00377735	2.96435	0	0	0	0	0	0	0	0	0	0	0	-2.1458	-0.168024	0.0570435	0	0	0.297601	0	0	0	0.0844876	-0.0118313	0.371801
2019-07-27 00:00:00	-25.8766	2.21712	2.97937	0	0.072993	-0.0231246	0.0627511	0	0	0	0	0	0	0	15.4425	-0.16933	0.0573488	0	0	0.553018	0	0	0	0.0845965	-0.0138202	-4.61317
2019-07-28 00:00:00	-0.2	-2.14957	3.55274	0	-0.0286294	-0.000767223	0.00220078	0	0	0	0	0	0	0	-1.45141	-0.169728	0.0574793	0	0	0.770098	0	0	0	0.0854036	-0.0199495	0.447867
2019-07-29 00:00:00	0	-0.0231304	2.93358	0	-0.038112	0	0	0	0	0	0	0	0	0	-2.69397	-0.169362	0.0574023	0	0	0.662607	0	0	0	0.0852597	-0.0188759	0.795403
2019-07-30 00:00:00	-0.4	-0.0219561	3.08964	0	-0.00589987	0	0	0	0	0	0	0	0	0	-2.71641	-0.169204	0.0572875	0	0	0.534289	0	0	0	0.0851638	-0.017678	0.435225
2019-07-31 00:00:00	-5.01351	1.34078	3.49352	0	0.000660686	0	0	0	0	0	0	0	0	0	0.151852	-0.168593	0.0573377	0	0	0.519911	0	0	0	0.0850682	-0.0156714	0.451354
2019-08-01 00:00:00	0	-1.35497	3.1041	0	-0.00112886	0	0	0	0	0	0	0	0	0	-1.86629	-0.168208	0.0572281	0	0	0.485651	0	0	0	0.0849267	-0.0152522	0.326054
2019-08-02 00:00:00	0	-0.00827284	2.59396	0	-0.000261039	0	0	0	0	0	0	0	0	0	-1.9672	-0.167596	0.0571321	0	0	0.40929	0	0	0	0.0846229	-0.0145168	0.987159
2019-08-03 00:00:00	-6.92477	2.20612	3.40841	0	0.00117587	0	0	0	0	0	0	0	0	0	0.335549	-0.167673	0.0571093	0	0	0.426231	0	0	0	0.0847849	-0.0133883	-0.586449
2019-08-04 00:00:00	-2.40901	-0.795731	3.27377	0	0.000399552	0	0	0	0	0	0	0	0	0	-0.241772	-0.167407	0.057062	0	0	0.440084	0	0	0	0.0845224	-0.0137701	0.22815
2019-08-05 00:00:00	-0.502252	-1.40978	3.06006	0	-0.000787075	0	0	0	0	0	0	0	0	0	-1.41563	-0.166845	0.0569938	0	0	0.429962	0	0	0	0.0843425	-0.0137778	0.12229
2019-08-06 00:00:00	-6.22252	2.10674	3.1067	0	0.00176062	0	0	0	0	0	0	0	0	0	0.39005	-0.166448	0.0569155	0	0	0.439831	0	0	0	0.0841518	-0.0135231	-0.216346
2019-08-07 00:00:00	-14.3518	0.211035	3.00918	0	0.0677727	-0.0123024	0.0286985	0	0	0	0	0	0	0	8.01735	-0.167071	0.0566066	0	0	0.590028	0	0	0	0.0844236	-0.0158109	-2.48188
2019-08-08 00:00:00	-0.2	-2.13838	3.07746	0	-0.0174	-0.000496257	0.00226789	0	0	0	0	0	0	0	-1.11337	-0.167128	0.0567769	0	0	0.699832	0	0	0	0.084662	-0.018924	0.265307
2019-08-09 00:00:00	-15.1563	2.15995	3.19534	0	0.0175569	-0.0223871	0.0636137	0	0	0	0	0	0	0	7.15213	-0.16743	0.0568617	0	0	0.771793	0	0	0	0.0848615	-0.0195157	-1.86352
2019-08-10 00:00:00	-8.83152	-0.0299266	3.04927	0	-0.000786606	-0.0152704	0.0433134	0	0	0	0	0	0	0	3.84083	-0.168006	0.0570229	0	0	0.958102	0	0	0	0.0854308	-0.0233861	-1.03493
2019-08-11 00:00:00	-29.4058	0.0518497	2.88357	0	0.00285623	-0.068643	0.191116	0	0	0	0	0	0	0	18.7442	-0.169783	0.057445	0	0	1.36956	0	0	0	0.0867957	-0.0292856	-6.28616
2019-08-12 00:00:00	-2.20901	-0.377479	2.60053	0	-0.0066559	-0.0010803	0.00476562	0	0	0	0	0	0	0	-0.517109	-0.170624	0.0576825	0	0	1.62785	0	0	0	0.0880463	-0.0344593	1.06246
2019-08-13 00:00:00	-1.50676	-0.820259	2.47063	0	-0.00325011	0	0.00142493	0	0	0	0	0	0	0	-0.587809	-0.17026	0.0576221	0	0	1.44146	0	0	0	0.0879251	-0.0318542	0.938871
2019-08-14 00:00:00	-0.502252	-1.05314	2.58019	0	-0.017535	0	0.000280756	0	0	0	0	0	0	0	-1.27345	-0.169921	0.0575551	0	0	1.26034	0	0	0	0.0878552	-0.029129	0.940802
2019-08-15 00:00:00	-1.0045	-0.0546846	2.74657	0	-0.0227058	0	0	0	0	0	0	0	0	0	-1.73624	-0.169576	0.0574799	0	0	1.08183	0	0	0	0.0877441	-0.027004	0.95892
2019-08-16 00:00:00	-0.702252	-0.0162662	2.90279	0	-0.0155553	0	0	0	0	0	0	0	0	0	-2.14733	-0.169293	0.0574173	0	0	0.942598	0	0	0	0.0875717	-0.0245848	0.915094
2019-08-17 00:00:00	-2.20901	-0.00418586	2.83475	0	-0.00172612	0	0	0	0	0	0	0	0	0	-0.418126	-0.168788	0.0573177	0	0	0.806634	0	0	0	0.0875266	-0.0223988	0.961999
2019-08-18 00:00:00	-0.902252	-0.0131529	2.66661	0	-0.00271491	0	0	0	0	0	0	0	0	0	-2.17295	-0.168676	0.0572903	0	0	0.752381	0	0	0	0.0873476	-0.0201207	0.283762
2019-08-19 00:00:00	-0.502252	-0.0152213	2.61668	0	-0.00101099	0	0	0	0	0	0	0	0	0	-2.18484	-0.168331	0.0571901	0	0	0.63232	0	0	0	0.0871992	-0.018991	0.502743
2019-08-20 00:00:00	-0.902252	-0.00745635	2.4776	0	-0.00115292	0	0	0	0	0	0	0	0	0	-0.971317	-0.167897	0.0571088	0	0	0.560521	0	0	0	0.0869021	-0.0177267	1.11433
2019-08-21 00:00:00	-2.10676	0	2.47947	0	0.000905124	0	0	0	0	0	0	0	0	0	-0.918467	-0.167774	0.0570806	0	0	0.542374	0	0	0	0.0868584	-0.0162526	-0.0425609
2019-08-22 00:00:00	-0.302252	0	2.59064	0	-0.000968403	0	0	0	0	0	0	0	0	0	-2.19309	-0.167475	0.0570158	0	0	0.497222	0	0	0	0.0865422	-0.0154661	0.552175
2019-08-23 00:00:00	0	0	2.72336	0	-1.87508E-05	0	0	0	0	0	0	0	0	0	-2.58084	-0.167105	0.0569301	0	0	0.423517	0	0	0	0.0864173	-0.014308	0.527956
2019-08-24 00:00:00	0	0	2.95424	0	0	0	0	0	0	0	0	0	0	0	-2.27843	-0.166538	0.0568237	0	0	0.350597	0	0	0	0.086164	-0.0133624	0.989493
2019-08-25 00:00:00	0	0	2.68355	0	0	0	0	0	0	0	0	0	0	0	-2.64685	-0.166416	0.0567661	0	0	0.30279	0	0	0	0.0862682	-0.0121127	0.303994
2019-08-26 00:00:00	0	0	2.33075	0	0	0	0	0	0	0	0	0	0	0	-2.06652	-0.165901	0.0566976	0	0	0.272524	0	0	0	0.0858881	-0.0113198	0.502118
2019-08-27 00:00:00	-0.502252	0	3.19585	0	0	0	0	0	0	0	0	0	0	0	-2.48139	-0.165487	0.0565596	0	0	0.242169	0	0	0	0.0856631	-0.0108364	0.420279
2019-08-28 00:00:00	0	0	2.14912	0	0	0	0	0	0	0	0	0	0	0	-1.99734	-0.165188	0.0565342	0	0	0.227043	0	0	0	0.0853027	-0.0102586	0.345214
2019-08-29 00:00:00	-4.51576	1.8726	2.37031	0	3.41962E-09	0	0	0	0	0	0	0	0	0	-0.390403	-0.164801	0.0564539	0	0	0.253787	0	0	0	0.0852564	-0.0101186	-0.442682
2019-08-30 00:00:00	-1.0045	-1.45336	2.61478	0	6.76481E-08	0	0	0	0	0	0	0	0	0	-0.366133	-0.164579	0.056411	0	0	0.272614	0	0	0	0.0849821	-0.0106589	0.0295544
2019-08-31 00:00:00	-1.90676	-0.18144	2.43873	0	0	0	0	0	0	0	0	0	0	0	-0.532354	-0.164275	0.056345	0	0	0.291727	0	0	0	0.084736	-0.0109937	0.0757171
2019-09-01 00:00:00	-0.302252	-0.237794	2.08645	0	0	0	0	0	0	0	0	0	0	0	-1.63761	-0.163989	0.056041	0	0	0.29467	0	0	0	0.0844725	-0.0111941	0.168794
2019-09-02 00:00:00	-3.11576	0.709342	2.29492	0	6.24091E-09	0	0	0	0	0	0	0	0	0	-0.171391	-0.163536	0.0559899	0	0	0.313584	0	0	0	0.0842776	-0.0110897	-0.00366806
2019-09-03 00:00:00	-7.44053	1.76716	2.4227	0	0.000153047	0	0	0	0	0	0	0	0	0	1.99242	-0.163636	0.0559928	0	0	0.357564	0	0	0	0.0842492	-0.011779	-0.935709
2019-09-04 00:00:00	-4.52477	0.0352434	2.14776	0	0.00200778	0	0	0	0	0	0	0	0	0	1.45715	-0.163775	0.0560413	0	0	0.447628	0	0	0	0.0842462	-0.0136357	-0.472102
2019-09-05 00:00:00	0	-1.79106	2.032	0	-6.43442E-09	0	0	0	0	0	0	0	0	0	-0.512714	-0.163547	0.0560065	0	0	0.476757	0	0	0	0.0841571	-0.0144572	0.16714
2019-09-06 00:00:00	-1.30676	-0.518299	2.21755	0	-0.000600134	0	0	0	0	0	0	0	0	0	-0.786296	-0.163124	0.0559183	0	0	0.463807	0	0	0	0.0839669	-0.0144342	0.0317319
2019-09-07 00:00:00	0	-0.171088	1.85384	0	-0.00154244	0	0	0	0	0	0	0	0	0	-1.75807	-0.16283	0.055888	0	0	0.440591	0	0	0	0.0837767	-0.0141047	0.326459
2019-09-08 00:00:00	-0.502252	-0.0130322	2.35487	0	0	0	0	0	0	0	0	0	0	0	-1.88363	-0.161985	0.0557679	0	0	0.39164	0	0	0	0.0835422	-0.0136031	0.311319
2019-09-09 00:00:00	-12.2676	2.54353	2.15952	0	0.00822163	0	0.00115266	0	0	0	0	0	0	0	5.28752	-0.162533	0.055846	0	0	0.487361	0	0	0	0.0830553	-0.013697	-1.81758
2019-09-10 00:00:00	-2.61351	0.0119961	2.1246	0	0.00201854	0	0	0	0	0	0	0	0	0	-0.0635956	-0.162622	0.0558976	0	0	0.585707	0	0	0	0.0834159	-0.0166003	0.007307
2019-09-11 00:00:00	-3.52027	0.0279169	2.19711	0	0.00524117	0	0.00141091	0	0	0	0	0	0	0	0.68178	-0.162461	0.0558797	0	0	0.59791	0	0	0	0.0832497	-0.0169816	-0.0492129
2019-09-12 00:00:00	-4.32477	0.0089945	1.95546	0	0.020247	0	0.00403941	0	0	0	0	0	0	0	1.42371	-0.162445	0.0558871	0	0	0.629587	0	0	0	0.0832129	-0.0175473	-0.323629
2019-09-13 00:00:00	0	-1.58911	1.81441	0	-0.00545756	0	0.000856168	0	0	0	0	0	0	0	-0.457971	-0.162191	0.0558461	0	0	0.626879	0	0	0	0.0832006	-0.0178839	0.348577
2019-09-14 00:00:00	-0.804504	-0.779891	1.91223	0	-0.00491118	0	0.000889902	0	0	0	0	0	0	0	-0.750677	-0.161855	0.0557874	0	0	0.594305	0	0	0	0.0830066	-0.0174788	0.126898
2019-09-15 00:00:00	0	-0.182667	1.7539	0	-0.00957311	0	0	0	0	0	0	0	0	0	-1.50278	-0.161455	0.0557328	0	0	0.549205	0	0	0	0.0827567	-0.0166709	0.56844
2019-09-16 00:00:00	-0.2	-0.0122315	1.90244	0	-0.00623238	0	0	0	0	0	0	0	0	0	-1.46926	-0.161118	0.0556445	0	0	0.483662	0	0	0	0.0827013	-0.0158529	0.659756
2019-09-17 00:00:00	0	-0.0112249	1.56441	0	-0.0045715	0	0	0	0	0	0	0	0	0	-1.81751	-0.160971	0.055611	0	0	0.45095	0	0	0	0.0824658	-0.0144675	0.144691
2019-09-18 00:00:00	0	-0.0118217	1.62839	0	-0.0035127	0	0	0	0	0	0	0	0	0	-1.49981	-0.160396	0.0555138	0	0	0.406606	0	0	0	0.0822311	-0.0138806	0.483315
2019-09-19 00:00:00	0	-0.0145855	1.96507	0	-0.00117599	0	0	0	0	0	0	0	0	0	-2.02537	-0.160154	0.0554496	0	0	0.368467	0	0	0	0.0822309	-0.0132818	0.256647
2019-09-20 00:00:00	0	-0.00918896	1.93336	0	-0.000177521	0	0	0	0	0	0	0	0	0	-2.044	-0.159776	0.0552748	0	0	0.335432	0	0	0	0.0819473	-0.0123902	0.180488
2019-09-21 00:00:00	0	0	1.72909	0	-5.20943E-05	0	0	0	0	0	0	0	0	0	-1.78755	-0.159446	0.0551548	0	0	0.311066	0	0	0	0.0817827	-0.0117919	0.21826
2019-09-22 00:00:00	-4.82702	2.54665	1.76999	0	0.000474102	0	0	0	0	0	0	0	0	0	-0.241841	-0.159184	0.0551135	0	0	0.335134	0	0	0	0.0816018	-0.0114153	-0.450505
2019-09-23 00:00:00	-0.604504	-1.14503	1.85812	0	0.000594084	0	0	0	0	0	0	0	0	0	-0.255431	-0.158717	0.0550868	0	0	0.351599	0	0	0	0.081415	-0.0119126	0.171216
2019-09-24 00:00:00	-10.054	1.25627	1.92822	0	0.0249217	0	0.00200301	0	0	0	0	0	0	0	4.78432	-0.158884	0.0551493	0	0	0.446914	0	0	0	0.0814214	-0.0131008	-1.6468
2019-09-25 00:00:00	-4.52477	0.000224363	1.7133	0	0.0281357	0	0.00565065	0	0	0	0	0	0	0	1.67686	-0.159086	0.0552291	0	0	0.583461	0	0	0	0.0815678	-0.0162193	-0.555648
2019-09-26 00:00:00	-2.71576	-0.00113063	1.73929	0	0.00524694	-0.00158445	0.00454546	0	0	0	0	0	0	0	0.421011	-0.158937	0.0552252	0	0	0.617304	0	0	0	0.081499	-0.0174258	0.0292814
2019-09-27 00:00:00	-11.6631	0.00415175	1.52551	0	0.0110298	-0.0260201	0.0685536	0	0	0	0	0	0	0	7.24276	-0.159521	0.0553958	0	0	0.753594	0	0	0	0.0816599	-0.0189346	-2.12488
2019-09-28 00:00:00	-0.2	-1.09147	1.43791	0	-0.00691682	-0.000540935	0.00295475	0	0	0	0	0	0	0	-0.581225	-0.159625	0.0554718	0	0	0.838381	0	0	0	0.0819728	-0.021311	0.355598
2019-09-29 00:00:00	-1.80901	0.308887	1.47607	0	0.000384804	0	0.00102608	0	0	0	0	0	0	0	-0.364593	-0.15927	0.0554195	0	0	0.777175	0	0	0	0.0818625	-0.0204719	0.347481
2019-09-30 00:00:00	-0.502252	-0.751574	1.3472	0	-0.00218927	0	0.000880244	0	0	0	0	0	0	0	-0.364571	-0.159003	0.0553649	0	0	0.732482	0	0	0	0.0816949	-0.0195765	0.418456
2019-10-01 00:00:00	-8.13695	1.53089	1.22637	0	0.00816332	-0.0131757	0.0363234	0	0	0	0	0	0	0	3.57613	-0.159152	0.0551712	0	0	0.76534	0	0	0	0.0817335	-0.0194561	-1.04861
2019-10-02 00:00:00	-0.2	-1.05387	1.39497	0	-0.00626964	-0.000426273	0.00231872	0	0	0	0	0	0	0	-0.463322	-0.15912	0.0552365	0	0	0.802922	0	0	0	0.0819516	-0.0206666	0.433732
2019-10-03 00:00:00	-15.1099	1.06622	1.09736	0	0.007408	-0.0332067	0.092424	0	0	0	0	0	0	0	8.97688	-0.159955	0.055436	0	0	0.958782	0	0	0	0.0822704	-0.0222659	-2.98858
2019-10-04 00:00:00	-2.38649	-0.00485834	1.3525	0	-0.00358362	-0.00334942	0.0104026	0	0	0	0	0	0	0	0.295017	-0.160364	0.0555463	0	0	1.09944	0	0	0	0.0828536	-0.0261124	0.310994
2019-10-05 00:00:00	-3.58649	9.26731E-05	1.32262	0	0.000522899	-0.00591255	0.0171692	0	0	0	0	0	0	0	1.24866	-0.160306	0.0555547	0	0	1.05798	0	0	0	0.0828469	-0.0255423	0.00719092
2019-10-06 00:00:00	-32.2739	-0.00469208	1.15229	0	0.00994654	-0.0813985	0.225121	0	0	0	0	0	0	0	21.2571	-0.163269	0.056186	0	0	1.59148	0	0	0	0.0840682	-0.0304205	-8.17746
2019-10-07 00:00:00	-0.2	-1.02004	1.35521	0	-0.0141645	-0.00110988	0.00555226	0	0	0	0	0	0	0	-0.319593	-0.164591	0.0564627	0	0	1.90082	0	0	0	0.085597	-0.0374575	1.64669
2019-10-08 00:00:00	-2.47973	0.913456	1.28739	0	0.00330488	-3.56624E-05	0.00181952	0	0	0	0	0	0	0	-0.310671	-0.164225	0.0564145	0	0	1.67339	0	0	0	0.0855114	-0.0349587	1.03166
2019-10-09 00:00:00	-5.17298	0.105642	1.07524	0	0.00181945	-0.010618	0.0294137	0	0	0	0	0	0	0	2.23879	-0.164395	0.0564543	0	0	1.56254	0	0	0	0.0856484	-0.0333546	-0.225793
2019-10-10 00:00:00	-18.1234	-0.00144328	1.20926	0	0.00400181	-0.0443003	0.12306	0	0	0	0	0	0	0	10.794	-0.166567	0.0568482	0	0	1.78897	0	0	0	0.0865675	-0.0348058	-4.30788
2019-10-11 00:00:00	-0.413511	-0.710128	1.2107	0	-0.00809692	-0.000773081	0.00396208	0	0	0	0	0	0	0	-0.392891	-0.167299	0.0569657	0	0	1.83271	0	0	0	0.0874976	-0.0368135	1.46232
2019-10-12 00:00:00	-0.2	-0.739506	1.05915	0	-0.00270725	0	0.00145357	0	0	0	0	0	0	0	-0.552285	-0.16693	0.0569058	0	0	1.6137	0	0	0	0.0873509	-0.0343954	1.12273
2019-10-13 00:00:00	-8.97748	1.44547	1.0028	0	0.00862913	-0.0160723	0.0446866	0	0	0	0	0	0	0	3.89305	-0.167472	0.0570159	0	0	1.55183	0	0	0	0.0874947	-0.0329678	-1.10302
2019-10-14 00:00:00	-0.00450358	-0.836409	0.948448	0	-0.00635759	-0.000473772	0.00269826	0	0	0	0	0	0	0	-0.447854	-0.16753	0.0570208	0	0	1.486	0	0	0	0.0879269	-0.0327013	1.08627
2019-10-15 00:00:00	-0.195496	-0.674554	0.978421	0	-0.00246078	0	0.00134025	0	0	0	0	0	0	0	-0.549377	-0.167201	0.0569678	0	0	1.32486	0	0	0	0.087837	-0.0298896	0.83045
2019-10-16 00:00:00	-0.790993	-0.176325	0.992972	0	-0.000648989	0	0.00112576	0	0	0	0	0	0	0	-0.605673	-0.1668	0.0569028	0	0	1.17309	0	0	0	0.0877526	-0.0280862	0.543316
2019-10-17 00:00:00	-0.4	-0.496085	0.98127	0	-0.00185203	0	0.00129241	0	0	0	0	0	0	0	-0.338872	-0.166538	0.0568588	0	0	1.07732	0	0	0	0.0874777	-0.0264461	0.77443
2019-10-18 00:00:00	-1.4045	0.416066	0.950591	0	0.000742312	0	0.00122686	0	0	0	0	0	0	0	-0.367748	-0.166277	0.0568174	0	0	0.99426	0	0	0	0.0873536	-0.0249784	0.54355
2019-10-19 00:00:00	-18.6135	1.78663	0.946628	0	0.0112823	-0.0400551	0.11066	0	0	0	0	0	0	0	10.1676	-0.16801	0.0571545	0	0	1.20213	0	0	0	0.0879375	-0.0261457	-4.47775
2019-10-20 00:00:00	0	-0.803771	0.902143	0	-0.00686372	-0.000792106	0.00371942	0	0	0	0	0	0	0	-0.423544	-0.168806	0.0573065	0	0	1.36305	0	0	0	0.0888143	-0.0301011	0.981159
2019-10-21 00:00:00	0	-0.701702	0.815635	0	-0.00258326	0	0.00130874	0	0	0	0	0	0	0	-0.418925	-0.168375	0.0572333	0	0	1.21367	0	0	0	0.0886286	-0.0283306	0.856561
2019-10-22 00:00:00	0	-0.782718	0.90992	0	-0.00280869	0	0.00131976	0	0	0	0	0	0	0	-0.514235	-0.168098	0.0571858	0	0	1.10377	0	0	0	0.0884666	-0.0265481	0.666251
2019-10-23 00:00:00	0	-0.316733	0.877687	0	-0.00829234	0	0.000314523	0	0	0	0	0	0	0	-0.813222	-0.167758	0.0571229	0	0	0.988411	0	0	0	0.0883134	-0.0251785	0.680665
2019-10-24 00:00:00	-2.58199	1.51113	0.848461	0	0.0045863	0	0.00106822	0	0	0	0	0	0	0	-0.161505	-0.167528	0.0570825	0	0	0.918944	0	0	0	0.088199	-0.0231932	0.495263
2019-10-25 00:00:00	-0.404504	-0.213013	0.622117	0	-0.000177234	0	0.00117637	0	0	0	0	0	0	0	-0.374855	-0.167231	0.0570333	0	0	0.858796	0	0	0	0.0881239	-0.0216592	0.445807
2019-10-26 00:00:00	-0.404504	-0.242254	0.686522	0	-0.000801106	0	0.0012117	0	0	0	0	0	0	0	-0.392658	-0.166935	0.0569834	0	0	0.802705	0	0	0	0.0879221	-0.020607	0.407586
2019-10-27 00:00:00	0	-0.634907	0.741402	0	-0.0025075	0	0.00109607	0	0	0	0	0	0	0	-0.384683	-0.166573	0.0569227	0	0	0.74566	0	0	0	0.087764	-0.0200697	0.424105
2019-10-28 00:00:00	-0.195496	-0.259298	0.629991	0	-0.00277456	0	0.000894571	0	0	0	0	0	0	0	-0.405364	-0.166301	0.0568732	0	0	0.707619	0	0	0	0.087542	-0.0191416	0.434544
2019-10-29 00:00:00	-3.20901	2.21614	0.619154	0	0.00732968	0	0.00124649	0	0	0	0	0	0	0	-0.12553	-0.166062	0.0568339	0	0	0.685048	0	0	0	0.0873646	-0.0185534	0.153966
2019-10-30 00:00:00	-0.00450358	-0.54237	0.603651	0	-0.00137812	0	0.00104298	0	0	0	0	0	0	0	-0.301746	-0.165716	0.0567794	0	0	0.663274	0	0	0	0.0872974	-0.0183301	0.378
2019-10-31 00:00:00	-1.6045	0.673586	0.623731	0	0.00299283	0	0.00161794	0	0	0	0	0	0	0	-0.085639	-0.165455	0.0567399	0	0	0.644613	0	0	0	0.0870726	-0.0179803	0.216776
2019-11-01 00:00:00	-9.00901	0.00116379	0.705836	0	0.0116781	-0.0194861	0.0550601	0	0	0	0	0	0	0	5.30033	-0.166322	0.0569055	0	0	0.769699	0	0	0	0.0872683	-0.0193478	-2.22622
2019-11-02 00:00:00	-3	-0.0131911	0.717229	0	-0.00167772	-0.00629134	0.0186257	0	0	0	0	0	0	0	1.25322	-0.166914	0.0570155	0	0	0.906225	0	0	0	0.087612	-0.0221217	-0.170271
2019-11-03 00:00:00	-14.1279	-0.00133681	0.654577	0	0.00288941	-0.0351794	0.0984084	0	0	0	0	0	0	0	8.47954	-0.168588	0.0573172	0	0	1.14243	0	0	0	0.0881075	-0.0251722	-3.83495
2019-11-04 00:00:00	-23.8964	-0.00334501	0.616058	0	0.000898565	-0.0612918	0.170991	0	0	0	0	0	0	0	14.2182	-0.172111	0.0579635	0	0	1.73617	0	0	0	0.0898799	-0.0337588	-7.27672
2019-11-05 00:00:00	-4.82252	-0.0210578	0.580725	0	-0.00085781	-0.011751	0.0340453	0	0	0	0	0	0	0	2.45179	-0.173833	0.0583348	0	0	2.03016	0	0	0	0.091423	-0.038819	0.177642
2019-11-06 00:00:00	-3.15496	0.00286435	0.518563	0	-0.00293083	-0.00709608	0.0215434	0	0	0	0	0	0	0	1.17485	-0.173936	0.0583878	0	0	1.90593	0	0	0	0.0917104	-0.037455	0.397467
2019-11-07 00:00:00	-7.22702	-0.0209946	0.553564	0	0.00244733	-0.017325	0.0487812	0	0	0	0	0	0	0	3.83451	-0.17466	0.0585536	0	0	1.86993	0	0	0	0.0920243	-0.0368087	-1.017
2019-11-08 00:00:00	-0.209007	-0.2251	0.439303	0	-0.0040287	-0.000427539	0.00294399	0	0	0	0	0	0	0	-0.460522	-0.174544	0.0585635	0	0	1.74643	0	0	0	0.0924196	-0.0360971	1.22993
2019-11-09 00:00:00	-1.1955	0.217853	0.409958	0	0.000869301	-0.00128073	0.00499445	0	0	0	0	0	0	0	-0.124691	-0.174256	0.0585208	0	0	1.56004	0	0	0	0.0922793	-0.0339023	0.814891
2019-11-10 00:00:00	-2.18649	-0.0117295	0.403133	0	0.000683187	-0.00463747	0.0140221	0	0	0	0	0	0	0	0.757815	-0.17423	0.0585203	0	0	1.44842	0	0	0	0.0922886	-0.0317226	0.366072
2019-11-11 00:00:00	-17.2784	-0.00228871	0.470504	0	0.00458246	-0.0439562	0.122866	0	0	0	0	0	0	0	10.0171	-0.176363	0.0589403	0	0	1.70289	0	0	0	0.092963	-0.0330953	-5.06429
2019-11-12 00:00:00	-3	-0.0135653	0.443554	0	-0.00404487	-0.0072695	0.0218015	0	0	0	0	0	0	0	1.36288	-0.17715	0.0591423	0	0	1.83585	0	0	0	0.0940545	-0.0368915	0.578367
2019-11-13 00:00:00	-0.00450358	-0.312359	0.338595	0	-0.00231823	-0.000227053	0.00250317	0	0	0	0	0	0	0	-0.528602	-0.176838	0.059101	0	0	1.66191	0	0	0	0.0940625	-0.0353114	1.09601
2019-11-14 00:00:00	-3.77748	0.300552	0.389466	0	0.00257543	-0.00774028	0.0230391	0	0	0	0	0	0	0	1.45296	-0.176957	0.0591296	0	0	1.54944	0	0	0	0.0940408	-0.0334387	-0.124422
2019-11-15 00:00:00	-10.7595	-0.00296044	0.446016	0	0.00161336	-0.0269395	0.0764337	0	0	0	0	0	0	0	5.99403	-0.178173	0.0593822	0	0	1.6659	0	0	0	0.0945662	-0.0342626	-2.66387
2019-11-16 00:00:00	-4.58199	-0.00817145	0.365218	0	-0.00169786	-0.0113775	0.0334563	0	0	0	0	0	0	0	2.29826	-0.178953	0.0595599	0	0	1.75273	0	0	0	0.0952526	-0.036001	-0.213706
2019-11-17 00:00:00	-0.595496	-0.00936364	0.371612	0	-0.00182215	-0.000868568	0.00422479	0	0	0	0	0	0	0	-0.281842	-0.178783	0.0595383	0	0	1.61572	0	0	0	0.0954068	-0.035076	1.04325
2019-11-18 00:00:00	0	-0.262458	0.274227	0	-0.00053096	-2.95076E-05	0.001899	0	0	0	0	0	0	0	-0.495456	-0.178459	0.0594776	0	0	1.44688	0	0	0	0.0952894	-0.03276	0.908083
2019-11-19 00:00:00	-0.6	0.247861	0.318694	0	0.00029297	0	0.00180748	0	0	0	0	0	0	0	-0.39344	-0.178158	0.0594183	0	0	1.30233	0	0	0	0.095201	-0.0298392	0.824164
2019-11-20 00:00:00	0	-0.366166	0.395012	0	-0.000716518	0	0.00187221	0	0	0	0	0	0	0	-0.461919	-0.177828	0.0593529	0	0	1.17187	0	0	0	0.0950575	-0.028208	0.688327
2019-11-21 00:00:00	0	-0.34046	0.397311	0	-0.00126797	0	0.00179658	0	0	0	0	0	0	0	-0.417226	-0.177598	0.0593101	0	0	1.08463	0	0	0	0.0948063	-0.0266068	0.674692
2019-11-22 00:00:00	-2.1955	0.687042	0.415806	0	0.00297596	-0.00223367	0.00826352	0	0	0	0	0	0	0	0.336879	-0.177413	0.0592751	0	0	1.01446	0	0	0	0.0946743	-0.0254156	0.218822
2019-11-23 00:00:00	-5.17748	-0.0122245	0.394077	0	0.00130115	-0.0124633	0.0361318	0	0	0	0	0	0	0	2.63569	-0.177893	0.0593711	0	0	1.06494	0	0	0	0.0947683	-0.0254542	-1.11924
2019-11-24 00:00:00	-1.79099	-0.00969974	0.390421	0	-0.00134113	-0.00388161	0.0125979	0	0	0	0	0	0	0	0.519373	-0.178053	0.0594104	0	0	1.09417	0	0	0	0.0949375	-0.0260986	0.16084
2019-11-25 00:00:00	-1.8	-0.00683938	0.426179	0	6.57939E-05	-0.00358292	0.0118627	0	0	0	0	0	0	0	0.44126	-0.178005	0.0594069	0	0	1.06067	0	0	0	0.0948738	-0.0257065	0.0801817
2019-11-26 00:00:00	-6.78199	-0.0103396	0.428381	0	0.00218379	-0.0164828	0.0472411	0	0	0	0	0	0	0	3.52527	-0.178637	0.0595386	0	0	1.13348	0	0	0	0.0950327	-0.0261456	-1.72246
2019-11-27 00:00:00	-5.38199	-0.0163911	0.361093	0	0.000452663	-0.0133204	0.0382678	0	0	0	0	0	0	0	2.65362	-0.179401	0.0597046	0	0	1.26221	0	0	0	0.0954289	-0.027763	-1.14809
2019-11-28 00:00:00	-17.9505	0.00742735	0.330068	0	0.000812946	-0.0460316	0.129974	0	0	0	0	0	0	0	9.53509	-0.181766	0.0601894	0	0	1.64942	0	0	0	0.0963068	-0.0319503	-6.40092
2019-11-29 00:00:00	-0.00450358	-0.239553	0.252169	0	-0.00471114	-0.000793966	0.00462989	0	0	0	0	0	0	0	-0.27442	-0.182401	0.0603609	0	0	1.79333	0	0	0	0.0972563	-0.0365028	1.46486
2019-11-30 00:00:00	0	-0.158865	0.185621	0	-0.000667237	0	0.00172657	0	0	0	0	0	0	0	-0.472235	-0.181888	0.0602632	0	0	1.55337	0	0	0	0.097098	-0.0351698	1.04926
2019-12-01 00:00:00	0	-0.163674	0.191267	0	-0.000679329	0	0.0022842	0	0	0	0	0	0	0	-0.317732	-0.181676	0.0602202	0	0	1.43138	0	0	0	0.0969025	-0.0320837	1.0862
2019-12-02 00:00:00	-7.63152	0.525708	0.301974	0	0.00490573	-0.016968	0.0490331	0	0	0	0	0	0	0	3.5571	-0.182282	0.0603498	0	0	1.43318	0	0	0	0.0971609	-0.0305895	-1.83195
2019-12-03 00:00:00	0	-0.308603	0.328638	0	-0.00384193	-0.000454538	0.00326973	0	0	0	0	0	0	0	-0.433076	-0.182415	0.0603855	0	0	1.41135	0	0	0	0.0974733	-0.0312305	0.9415
2019-12-04 00:00:00	-0.4	0.068828	0.331175	0	0.000201873	0	0.00235328	0	0	0	0	0	0	0	-0.459402	-0.182084	0.0603203	0	0	1.27451	0	0	0	0.0973318	-0.0290522	0.764178
2019-12-05 00:00:00	-5.63153	0.219056	0.362165	0	0.00240253	-0.0126126	0.0372606	0	0	0	0	0	0	0	2.69518	-0.182494	0.0604093	0	0	1.27323	0	0	0	0.0973503	-0.028392	-1.10797
2019-12-06 00:00:00	-2.42252	-0.0133303	0.376633	0	-0.000680269	-0.0054762	0.017006	0	0	0	0	0	0	0	0.926944	-0.182758	0.0604837	0	0	1.29157	0	0	0	0.0975748	-0.0291005	0.116352
2019-12-07 00:00:00	-8.45855	-0.00499896	0.343325	0	0.00196685	-0.020883	0.059944	0	0	0	0	0	0	0	4.65193	-0.183802	0.0607182	0	0	1.41745	0	0	0	0.0978936	-0.0292763	-2.06428
2019-12-08 00:00:00	-8.59365	-0.00952146	0.31018	0	0.000430217	-0.0212743	0.0609759	0	0	0	0	0	0	0	4.5998	-0.185086	0.0610438	0	0	1.63428	0	0	0	0.0984749	-0.033265	-2.07761
2019-12-09 00:00:00	-0.00450358	-0.252048	0.26809	0	-0.0039928	-0.000485523	0.0038374	0	0	0	0	0	0	0	-0.418357	-0.185098	0.0610856	0	0	1.59227	0	0	0	0.0988867	-0.0341194	1.12556
2019-12-10 00:00:00	-9.76663	0.238541	0.31128	0	0.00378764	-0.0231425	0.0671251	0	0	0	0	0	0	0	5.0803	-0.186046	0.0613065	0	0	1.64717	0	0	0	0.0991379	-0.033889	-2.50105
2019-12-11 00:00:00	-2.3216	-0.00590937	0.267212	0	-0.00251617	-0.00539364	0.0178494	0	0	0	0	0	0	0	0.729063	-0.186571	0.0614747	0	0	1.69572	0	0	0	0.099704	-0.0349253	0.314107
2019-12-12 00:00:00	-2.01351	-0.0132869	0.254242	0	0.000274129	-0.0045895	0.0147929	0	0	0	0	0	0	0	0.752945	-0.186563	0.0614891	0	0	1.58907	0	0	0	0.0997107	-0.03404	0.520538
2019-12-13 00:00:00	-2.0045	-0.00802986	0.268361	0	-3.91576E-05	-0.00452538	0.0152156	0	0	0	0	0	0	0	0.527047	-0.186641	0.0614874	0	0	1.49864	0	0	0	0.0997933	-0.032693	0.234113
2019-12-14 00:00:00	-15.7189	-0.00291708	0.250441	0	0.00318995	-0.0403475	0.114626	0	0	0	0	0	0	0	8.62464	-0.188656	0.0618921	0	0	1.7844	0	0	0	0.10045	-0.0335764	-5.0448
2019-12-15 00:00:00	-3.56397	-0.0130803	0.241414	0	-0.00241316	-0.00928552	0.0280959	0	0	0	0	0	0	0	1.58523	-0.189517	0.0620895	0	0	1.95024	0	0	0	0.101482	-0.0380045	0.152285
2019-12-16 00:00:00	-2.77748	-0.00451199	0.266029	0	-0.000822615	-0.00667433	0.0219538	0	0	0	0	0	0	0	1.07968	-0.190109	0.0621052	0	0	1.84408	0	0	0	0.10168	-0.0368476	0.359083
2019-12-17 00:00:00	0	-0.244637	0.25396	0	-0.00147893	-0.000226331	0.00361539	0	0	0	0	0	0	0	-0.507091	-0.189707	0.0620726	0	0	1.64789	0	0	0	0.101702	-0.0362604	1.08984
2019-12-18 00:00:00	-6.90993	0.228569	0.235398	0	0.00298768	-0.0166362	0.0486517	0	0	0	0	0	0	0	3.35502	-0.190522	0.0621897	0	0	1.67973	0	0	0	0.101912	-0.0342945	-1.43692
2019-12-19 00:00:00	-8.37298	-0.0059281	0.290202	0	-0.000187694	-0.0212612	0.0621403	0	0	0	0	0	0	0	4.40248	-0.191753	0.0624278	0	0	1.8505	0	0	0	0.102448	-0.035908	-1.85782
2019-12-20 00:00:00	-1.59099	-0.0134617	0.287516	0	-0.00170498	-0.00377391	0.0130373	0	0	0	0	0	0	0	0.254502	-0.192056	0.0624722	0	0	1.81192	0	0	0	0.102985	-0.0368167	0.693624
2019-12-21 00:00:00	-0.00450358	-0.254574	0.271634	0	-0.00120152	-0.000142152	0.00385631	0	0	0	0	0	0	0	-0.617997	-0.191802	0.0624198	0	0	1.64035	0	0	0	0.102976	-0.0346808	0.976333
2019-12-22 00:00:00	-0.404504	0.132157	0.266716	0	-0.000139692	0	0.00259355	0	0	0	0	0	0	0	-0.538549	-0.191452	0.062346	0	0	1.45365	0	0	0	0.102913	-0.032902	0.852825
2019-12-23 00:00:00	-4.5955	0.101651	0.293934	0	0.00246126	-0.0105101	0.0322947	0	0	0	0	0	0	0	2.05298	-0.191774	0.0624107	0	0	1.43051	0	0	0	0.10303	-0.0315334	-0.750043
2019-12-24 00:00:00	-0.590993	-0.0110618	0.258878	0	-0.00146819	-0.00113866	0.00575032	0	0	0	0	0	0	0	-0.271549	-0.191758	0.0624155	0	0	1.376	0	0	0	0.103242	-0.0304544	0.707869
2019-12-25 00:00:00	-0.2	-0.0726478	0.271933	0	-0.00052258	-4.66145E-05	0.00348633	0	0	0	0	0	0	0	-0.532555	-0.191474	0.062359	0	0	1.25642	0	0	0	0.103122	-0.0286466	0.671423
2019-12-26 00:00:00	-0.195496	-0.067824	0.263318	0	5.91223E-05	0	0.00260418	0	0	0	0	0	0	0	-0.449477	-0.191	0.0622807	0	0	1.12878	0	0	0	0.102978	-0.0277294	0.62849
2019-12-27 00:00:00	-2.2	0.123928	0.318771	0	0.000934848	-0.00425463	0.0152155	0	0	0	0	0	0	0	0.654206	-0.191102	0.0622878	0	0	1.09781	0	0	0	0.102808	-0.0263586	-0.0457541
2019-12-28 00:00:00	-0.2	-0.114728	0.312352	0	-0.00109857	-0.000187908	0.003122	0	0	0	0	0	0	0	-0.448798	-0.190916	0.0622542	0	0	1.04816	0	0	0	0.102815	-0.0257045	0.547273
2019-12-29 00:00:00	0	-0.26031	0.2943	0	-0.000830306	0	0.00246545	0	0	0	0	0	0	0	-0.337547	-0.190582	0.0621882	0	0	0.967883	0	0	0	0.102577	-0.0249234	0.615221
2019-12-30 00:00:00	-0.618014	0.297192	0.291988	0	0.000248232	0	0.00311838	0	0	0	0	0	0	0	-0.385272	-0.190366	0.0621447	0	0	0.914489	0	0	0	0.102464	-0.0230686	0.454922
2019-12-31 00:00:00	-0.2	0.00961448	0.18919	0	-3.99007E-05	0	0.00273868	0	0	0	0	0	0	0	-0.385376	-0.190093	0.0620928	0	0	0.864917	0	0	0	0.102301	-0.0219817	0.433364
2020-01-01 00:00:00	-0.00450358	-0.265062	0.284668	0	-0.000282458	0	0.00232927	0	0	0	0	0	0	0	-0.513259	-0.189699	0.0619987	0	0	0.807052	0	0	0	0.102112	-0.0218234	0.26353
2020-01-02 00:00:00	-3.42702	0.285207	0.338753	0	0.0023666	-0.00646851	0.021966	0	0	0	0	0	0	0	1.59778	-0.18986	0.0620541	0	0	0.837275	0	0	0	0.102034	-0.0209377	-0.396852
2020-01-03 00:00:00	-0.613511	-0.0138491	0.293162	0	-0.000856788	-0.000983466	0.00491347	0	0	0	0	0	0	0	-0.14709	-0.189825	0.0620629	0	0	0.861028	0	0	0	0.102038	-0.021651	0.335438
2020-01-04 00:00:00	-1.20901	-0.000666764	0.275738	0	8.70255E-05	-0.00229197	0.00991527	0	0	0	0	0	0	0	0.0824517	-0.18972	0.0620464	0	0	0.84822	0	0	0	0.101896	-0.0212694	-0.0426004
2020-01-05 00:00:00	0	-0.308636	0.330182	0	-0.000886022	-0.00010468	0.00287993	0	0	0	0	0	0	0	-0.393677	-0.189491	0.0620028	0	0	0.824036	0	0	0	0.101786	-0.0210665	0.407025
2020-01-06 00:00:00	-5.36847	0.291642	0.328205	0	0.00235413	-0.011983	0.0362497	0	0	0	0	0	0	0	2.64696	-0.189883	0.062076	0	0	0.884151	0	0	0	0.101757	-0.0217598	-1.23871
2020-01-07 00:00:00	-6.77298	-0.00791838	0.355976	0	0.000390515	-0.0168385	0.0494727	0	0	0	0	0	0	0	3.40286	-0.190803	0.0622663	0	0	1.06834	0	0	0	0.102089	-0.0250069	-1.97215
2020-01-08 00:00:00	-4.17298	-0.00721222	0.303712	0	-0.000691224	-0.0103117	0.0315925	0	0	0	0	0	0	0	1.84857	-0.19138	0.0623932	0	0	1.1976	0	0	0	0.102512	-0.0272148	-0.863407
2020-01-09 00:00:00	-15.5324	-0.00714646	0.266159	0	0.00257319	-0.0399003	0.113329	0	0	0	0	0	0	0	8.84297	-0.193383	0.0628085	0	0	1.54369	0	0	0	0.103215	-0.0311001	-4.86923
2020-01-10 00:00:00	-5.94145	-0.010888	0.274812	0	-0.00149964	-0.0153637	0.0454879	0	0	0	0	0	0	0	3.02196	-0.194751	0.063161	0	0	1.83701	0	0	0	0.104478	-0.0363212	-0.853367
2020-01-11 00:00:00	-20.1099	-0.00814936	0.381462	0	0.0036538	-0.0516521	0.146159	0	0	0	0	0	0	0	11.5027	-0.197442	0.0638075	0	0	2.3395	0	0	0	0.105557	-0.0406421	-5.86497
2020-01-12 00:00:00	-1.62702	-0.00796421	0.310884	0	-0.0055661	-0.00403664	0.0153411	0	0	0	0	0	0	0	0.147499	-0.198619	0.0641872	0	0	2.56977	0	0	0	0.106708	-0.0450313	1.32615
2020-01-13 00:00:00	-8.37298	-0.0110513	0.325806	0	0.00323864	-0.0208529	0.0609861	0	0	0	0	0	0	0	4.60381	-0.199625	0.064442	0	0	2.50448	0	0	0	0.10713	-0.0434048	-0.97802
2020-01-14 00:00:00	-3.20901	-0.0053442	0.293418	0	-0.00233793	-0.00781298	0.0258328	0	0	0	0	0	0	0	1.33351	-0.200273	0.0645926	0	0	2.4175	0	0	0	0.107996	-0.043054	0.775019
2020-01-15 00:00:00	0	-0.314361	0.338854	0	-0.00171106	-0.0002482	0.00460982	0	0	0	0	0	0	0	-0.785861	-0.200015	0.0647487	0	0	2.16375	0	0	0	0.10841	-0.0411268	1.33705
2020-01-16 00:00:00	-6.19099	0.302317	0.380934	0	0.00227052	-0.0138377	0.0425839	0	0	0	0	0	0	0	2.84461	-0.200723	0.0648452	0	0	2.06548	0	0	0	0.108614	-0.0395866	-0.633492
2020-01-17 00:00:00	-0.204504	-0.131467	0.330764	0	-0.00226557	-0.0004009	0.00398136	0	0	0	0	0	0	0	-0.604719	-0.201086	0.0648685	0	0	1.93021	0	0	0	0.10897	-0.0386888	1.25567
2020-01-18 00:00:00	-0.00450358	-0.26079	0.307658	0	-0.000979126	0	0.00319147	0	0	0	0	0	0	0	-0.75075	-0.200871	0.0647946	0	0	1.71815	0	0	0	0.109002	-0.0358455	0.949059
2020-01-19 00:00:00	0	-0.249351	0.294713	0	-0.00103267	0	0.00391586	0	0	0	0	0	0	0	-0.638562	-0.200617	0.0647251	0	0	1.53833	0	0	0	0.108935	-0.0336874	0.887364
2020-01-20 00:00:00	0	-0.304937	0.360523	0	-0.00122122	0	0.00342342	0	0	0	0	0	0	0	-0.668105	-0.200333	0.0646537	0	0	1.37848	0	0	0	0.108941	-0.0315489	0.709881
2020-01-21 00:00:00	-0.395496	-0.0109798	0.413869	0	-0.000266789	0	0.00269502	0	0	0	0	0	0	0	-0.487024	-0.200054	0.0645856	0	0	1.24828	0	0	0	0.108941	-0.0293071	0.715246
2020-01-22 00:00:00	-0.195496	-0.150316	0.375594	0	-0.00067681	0	0.00356474	0	0	0	0	0	0	0	-0.625556	-0.199835	0.0645299	0	0	1.15206	0	0	0	0.108926	-0.0272155	0.505576
2020-01-23 00:00:00	0	-0.304965	0.417762	0	-0.00221876	0	0.00297137	0	0	0	0	0	0	0	-0.537719	-0.19958	0.0644707	0	0	1.06413	0	0	0	0.108764	-0.0264717	0.587141
2020-01-24 00:00:00	-0.4	-0.0048525	0.416441	0	-0.000259226	0	0.00281862	0	0	0	0	0	0	0	-0.639223	-0.199313	0.0644084	0	0	0.985375	0	0	0	0.108795	-0.0249008	0.30929
2020-01-25 00:00:00	0	-0.130206	0.322374	0	-0.00322698	0	0.00313438	0	0	0	0	0	0	0	-0.591117	-0.199074	0.0643537	0	0	0.925604	0	0	0	0.108671	-0.0237368	0.476777
2020-01-26 00:00:00	-2.37748	1.46667	0.389064	0	0.00855747	0	0.00360648	0	0	0	0	0	0	0	-0.215046	-0.198867	0.0643051	0	0	0.884129	0	0	0	0.108656	-0.0227228	0.11087
2020-01-27 00:00:00	-3.17748	0.0152875	0.378668	0	0.00269719	-0.00573712	0.0220988	0	0	0	0	0	0	0	1.08623	-0.199107	0.0643399	0	0	0.921235	0	0	0	0.108751	-0.0231399	-0.80616
2020-01-28 00:00:00	-14.0829	-0.00703819	0.372519	0	0.00333078	-0.0358866	0.102213	0	0	0	0	0	0	0	8.18335	-0.20087	0.0647013	0	0	1.23174	0	0	0	0.109479	-0.0273032	-4.28667
2020-01-29 00:00:00	-7.97748	-0.00512497	0.436458	0	-0.00173087	-0.0200195	0.0591977	0	0	0	0	0	0	0	4.20535	-0.202744	0.0651224	0	0	1.63102	0	0	0	0.110612	-0.0336114	-1.73295
2020-01-30 00:00:00	-0.2	-0.290864	0.515298	0	-0.00351607	-0.000469416	0.00405901	0	0	0	0	0	0	0	-0.625803	-0.20299	0.0651949	0	0	1.61936	0	0	0	0.111573	-0.0348867	0.956952
2020-01-31 00:00:00	-1	0.271327	0.556043	0	0.000736625	-1.48612E-05	0.00420335	0	0	0	0	0	0	0	-0.52427	-0.202785	0.0651423	0	0	1.46082	0	0	0	0.111804	-0.0325799	0.710428
2020-02-01 00:00:00	-4.18649	0.003167	0.488604	0	0.00149705	-0.00935681	0.0298868	0	0	0	0	0	0	0	1.58509	-0.203142	0.0652077	0	0	1.43214	0	0	0	0.111998	-0.0308051	-0.712211
2020-02-02 00:00:00	-6.78649	-0.00239807	0.440701	0	0.000623982	-0.0164932	0.0491638	0	0	0	0	0	0	0	3.58851	-0.204291	0.0655037	0	0	1.56645	0	0	0	0.112237	-0.0327992	-1.21928
2020-02-03 00:00:00	-14.9234	-0.0126671	0.464918	0	0.0049736	-0.0378868	0.107586	0	0	0	0	0	0	0	8.1809	-0.206566	0.0661142	0	0	1.97499	0	0	0	0.113118	-0.0360351	-4.30399
2020-02-04 00:00:00	-2.21351	-0.0192428	0.47125	0	-0.00429647	-0.00499084	0.0169959	0	0	0	0	0	0	0	0.545347	-0.207447	0.0662849	0	0	2.08451	0	0	0	0.114044	-0.0396236	0.809322
2020-02-05 00:00:00	0	-0.416454	0.468959	0	-0.00417472	-0.000171761	0.00563549	0	0	0	0	0	0	0	-0.861339	-0.207396	0.0662602	0	0	1.89849	0	0	0	0.114066	-0.0382179	1.02566
2020-02-06 00:00:00	0	-0.403987	0.478983	0	-0.00171631	0	0.00300874	0	0	0	0	0	0	0	-0.783223	-0.207223	0.0662946	0	0	1.66896	0	0	0	0.114182	-0.0359772	0.899305
2020-02-07 00:00:00	-0.4	-0.0785357	0.500465	0	-0.000543499	0	0.00309545	0	0	0	0	0	0	0	-0.596596	-0.207037	0.0664713	0	0	1.49991	0	0	0	0.114369	-0.0338051	0.867797
2020-02-08 00:00:00	-17.8919	0.896946	0.578608	0	0.0147727	-0.0415943	0.120239	0	0	0	0	0	0	0	9.2642	-0.209056	0.0668769	0	0	1.78457	0	0	0	0.11519	-0.0349273	-5.33609
2020-02-09 00:00:00	-25.9144	-0.00725563	0.610325	0	0.0064817	-0.0664939	0.191786	0	0	0	0	0	0	0	14.64	-0.213965	0.0678927	0	0	2.97418	0	0	0	0.117154	-0.0446037	-7.63893
2020-02-10 00:00:00	-24.4604	0.00184804	0.470103	0	0.0313351	-0.06344	0.186202	0	0	0	0	0	0	0	13.8217	-0.219461	0.0691824	0	0	5.13785	0	0	0	0.119227	-0.0621188	-4.96794
2020-02-11 00:00:00	-15.1189	-0.011339	0.451498	0	0.00548769	-0.0391036	0.116148	0	0	0	0	0	0	0	8.45517	-0.224698	0.0704941	0	0	6.44375	0	0	0	0.120842	-0.0722553	0.197055
2020-02-12 00:00:00	-6.18649	-0.00987334	0.477893	0	0.0741109	-0.0152627	0.0481634	0	0	0	0	0	0	0	2.76053	-0.226768	0.0709419	0	0	6.08642	0	0	0	0.122283	-0.0721809	3.12977
2020-02-13 00:00:00	-17.2424	0.00564006	0.543877	0	-0.110834	-0.0438171	0.129446	0	0	0	0	0	0	0	8.74873	-0.230439	0.0715085	0	0	6.01351	0	0	0	0.124139	-0.069821	-2.06043
2020-02-14 00:00:00	-33.6704	-0.00836347	0.604076	0	0.663893	-0.109497	0.272901	0	0	0	0	0	0	0	17.507	-0.238116	0.0729694	0	0	7.60562	0	0	0	0.126918	-0.0783286	-7.2513
2020-02-15 00:00:00	-9.58199	-0.000685761	0.646826	0	-0.662274	-0.028651	0.0786226	0	0	0	0	0	0	0	4.44966	-0.242603	0.074007	0	0	8.31087	0	0	0	0.132145	-0.0853471	3.09059
2020-02-16 00:00:00	-0.804504	-0.0167534	0.653103	0	-0.0139264	-0.000726554	0.00766776	0	0	0	0	0	0	0	-0.321665	-0.24647	0.0742455	0	0	7.17815	0	0	0	0.134881	-0.0813426	6.56266
2020-02-17 00:00:00	-3.3306	-0.00185882	0.65592	0	0.00914408	-0.00625383	0.0219546	0	0	0	0	0	0	0	0.928505	-0.248026	0.0745024	0	0	6.22371	0	0	0	0.136673	-0.0735731	4.39009
2020-02-18 00:00:00	-1.43152	-0.00792544	0.620918	0	-0.00866043	-0.0020009	0.00993162	0	0	0	0	0	0	0	-0.486091	-0.25287	0.0746607	0	0	5.26864	0	0	0	0.138565	-0.0675027	3.85614
2020-02-19 00:00:00	-2.40901	0.00418769	0.681333	0	9.47344E-05	-0.00420032	0.0162354	0	0	0	0	0	0	0	0.0399407	-0.254652	0.0757974	0	0	4.59471	0	0	0	0.139702	-0.0627371	2.8214
2020-02-20 00:00:00	-18.1865	-0.0131816	0.658173	0	0.0067565	-0.0453959	0.131254	0	0	0	0	0	0	0	9.02465	-0.259716	0.0764599	0	0	4.7668	0	0	0	0.141803	-0.0606044	-3.75949
2020-02-21 00:00:00	-12.764	0.00769533	0.779853	0	-0.0023548	-0.0315455	0.0954195	0	0	0	0	0	0	0	6.14665	-0.265725	0.077401	0	0	5.1213	0	0	0	0.144845	-0.0636742	-0.754104
2020-02-22 00:00:00	-13.009	-0.005557	0.657641	0	-0.000316613	-0.0322865	0.0966796	0	0	0	0	0	0	0	6.06365	-0.270474	0.0789296	0	0	5.297	0	0	0	0.148553	-0.0655392	-1.04072
2020-02-23 00:00:00	-8.58199	-0.0120136	0.677638	0	-0.000748615	-0.0208249	0.0635537	0	0	0	0	0	0	0	3.82804	-0.274533	0.079851	0	0	5.25548	0	0	0	0.15084	-0.0660278	1.09926
2020-02-24 00:00:00	-10.137	-0.00725455	0.583515	0	0.00137641	-0.0250824	0.0752973	0	0	0	0	0	0	0	4.5614	-0.279946	0.0814246	0	0	5.16947	0	0	0	0.154601	-0.0646273	0.113229
2020-02-25 00:00:00	-2.59099	0.000501283	0.629568	0	-0.00408261	-0.00532109	0.0209036	0	0	0	0	0	0	0	0.227018	-0.288493	0.0825097	0	0	4.74912	0	0	0	0.156448	-0.0631958	2.91399
2020-02-26 00:00:00	-0.981986	-0.0139707	0.687775	0	-0.000961758	-0.000751651	0.00741309	0	0	0	0	0	0	0	-0.775935	-0.290468	0.0828159	0	0	4.13225	0	0	0	0.157506	-0.0588401	2.94485
2020-02-27 00:00:00	-5.18199	0.0177647	0.687843	0	0.00168118	-0.0113159	0.0362881	0	0	0	0	0	0	0	1.61764	-0.294737	0.0839314	0	0	3.77946	0	0	0	0.160108	-0.0556634	0.841009
2020-02-28 00:00:00	-13.782	-0.0133031	0.769033	0	0.00356949	-0.0337624	0.099172	0	0	0	0	0	0	0	6.40423	-0.302392	0.084591	0	0	4.0087	0	0	0	0.162313	-0.0555123	-2.65535
2020-02-29 00:00:00	-19.1415	0.00312981	0.794282	0	0.000704924	-0.0480293	0.141522	0	0	0	0	0	0	0	9.71646	-0.314212	0.0861442	0	0	4.88296	0	0	0	0.164675	-0.060548	-3.77436
2020-03-01 00:00:00	-19.9415	-0.00141184	0.778683	0	0.00665896	-0.0503308	0.148634	0	0	0	0	0	0	0	9.98707	-0.326366	0.0894884	0	0	6.22901	0	0	0	0.169873	-0.069666	-2.97981
2020-03-02 00:00:00	0	-0.671471	0.777034	0	-0.0146626	-0.000814407	0.00845386	0	0	0	0	0	0	0	-1.06661	-0.329766	0.0910494	0	0	5.8607	0	0	0	0.173592	-0.0736787	4.75382
2020-03-03 00:00:00	-0.6	-0.151715	0.793533	0	-0.00169881	0	0.00414308	0	0	0	0	0	0	0	-0.596288	-0.33492	0.0920515	0	0	4.86178	0	0	0	0.175016	-0.0680794	4.17382
2020-03-04 00:00:00	-0.2	-0.319909	0.698618	0	-0.00336982	0	0.00367636	0	0	0	0	0	0	0	-1.29687	-0.336354	0.0918953	0	0	4.29783	0	0	0	0.176054	-0.060389	3.05118
2020-03-05 00:00:00	0	-0.30583	0.730698	0	-0.00738886	0	0.00333284	0	0	0	0	0	0	0	-1.25226	-0.336692	0.0920678	0	0	3.68896	0	0	0	0.176447	-0.0552883	2.73405
